Ans,timenow,HMD_rotation_x,HMD_rotation_y,HMD_rotation_z,heydegree,hey_position_x,hey_position_y,hey_position_z
0,0.03441334,0,0,0,270,0,0,0
0,0.04231691,0,0,0,270,0,0,0
0,0.6026511,16.78495,0.08915265,331.9622,270,0,0,0
0,0.6132579,16.74973,359.9871,331.8975,270,0,0,0
0,0.62467,16.74275,-0.0002986756,331.9011,270,0,0,0
0,0.6300063,16.75709,359.9792,331.9066,270,0,0,0
0,0.6413856,16.76635,359.9742,331.9182,270,0,0,0
0,0.651732,16.76727,359.9751,331.921,270,0,0,0
0,0.6622782,16.78003,-0.004240242,331.919,270,0,0,0
0,0.673883,16.7819,0.02674366,331.9026,270,0,0,0
0,0.6848073,16.80249,0.04138583,331.8825,270,0,0,0
0,0.695529,16.79917,0.03729203,331.8749,270,0,0,0
0,0.7067494,16.81462,0.03802777,331.8881,270,0,0,0
0,0.7178612,16.83206,0.02617719,331.8875,270,0,0,0
0,0.7291069,16.84605,0.04753358,331.8963,270,0,0,0
0,0.7404923,16.86364,0.04923484,331.9087,270,0,0,0
0,0.751399,16.89062,0.07348651,331.9338,270,0,0,0
0,0.7621241,16.89243,0.08228281,331.9623,270,0,0,0
0,0.7733421,16.90535,0.08448091,331.9807,270,0,0,0
0,0.7843776,16.89708,0.08402079,331.9946,270,0,0,0
0,0.7960424,16.90479,0.08719067,331.989,270,0,0,0
0,0.8067727,16.87495,0.1056578,331.9823,270,0,0,0
0,0.8180537,16.86202,0.1400529,331.9792,270,0,0,0
0,0.8295236,16.83209,0.1487478,331.9703,270,0,0,0
0,0.840014,16.80839,0.1512487,331.9791,270,0,0,0
0,0.8515716,16.78275,0.1531951,331.9912,270,0,0,0
0,0.8626213,16.77701,0.1559067,331.9805,270,0,0,0
0,0.8736162,16.77314,0.1562914,331.9667,270,0,0,0
0,0.8844972,16.7693,0.1591087,331.9545,270,0,0,0
0,0.895504,16.80518,0.1549322,331.9379,270,0,0,0
0,0.9066577,16.82455,0.1555568,331.9443,270,0,0,0
0,0.9177899,16.85404,0.1816811,331.955,270,0,0,0
0,0.928884,16.89304,0.2211472,331.961,270,0,0,0
0,0.9399333,16.92051,0.2630359,331.9843,270,0,0,0
0,0.950964,16.93451,0.2937306,331.9901,270,0,0,0
0,0.9621539,16.94787,0.2982035,331.9815,270,0,0,0
0,0.9731765,16.93265,0.2816404,331.9772,270,0,0,0
0,0.9852099,16.94245,0.2755641,331.9476,270,0,0,0
0,0.9957237,16.93001,0.2757105,331.9669,270,0,0,0
0,1.006647,16.91983,0.2737403,331.9628,270,0,0,0
0,1.017823,16.89476,0.2700375,331.9546,270,0,0,0
0,1.028754,16.8994,0.2763171,331.9424,270,0,0,0
0,1.040071,16.89688,0.281562,331.9463,270,0,0,0
0,1.051536,16.88969,0.2944981,331.9549,270,0,0,0
0,1.062676,16.89284,0.3053631,331.9684,270,0,0,0
0,1.073293,16.886,0.3259462,331.995,270,0,0,0
0,1.084411,16.86603,0.3533096,332.0238,270,0,0,0
0,1.095817,16.85156,0.3980276,332.0938,270,0,0,0
0,1.107493,16.82429,0.4385797,332.1767,270,0,0,0
0,1.1182,16.72157,0.4916995,332.3524,270,0,0,0
0,1.130764,16.65005,0.5459756,332.5471,270,0,0,0
0,1.142205,16.5643,0.5803932,332.759,270,0,0,0
0,1.152138,16.49411,0.6526185,333.0133,270,0,0,0
0,1.162842,16.44789,0.7638451,333.284,270,0,0,0
0,1.174807,16.36777,0.9057167,333.6298,270,0,0,0
0,1.185873,16.29486,1.071154,334.0438,270,0,0,0
0,1.196363,16.17602,1.240306,334.5486,270,0,0,0
0,1.207051,16.05395,1.416828,335.1079,270,0,0,0
0,1.217566,15.93613,1.622427,335.8471,270,0,0,0
0,1.228585,15.73285,1.877495,336.6266,270,0,0,0
0,1.24011,15.45544,2.198779,337.557,270,0,0,0
0,1.251097,15.11122,2.518776,338.4773,270,0,0,0
0,1.262249,14.77273,2.823215,339.4189,270,0,0,0
0,1.273723,14.43846,3.076026,340.303,270,0,0,0
0,1.28715,14.11868,3.251718,341.1235,270,0,0,0
0,1.300204,13.84764,3.36572,341.9004,270,0,0,0
0,1.311159,13.58681,3.469919,342.6115,270,0,0,0
0,1.322565,13.32445,3.559942,343.3345,270,0,0,0
0,1.333883,13.0635,3.624034,344.0066,270,0,0,0
0,1.34489,12.82738,3.644558,344.6996,270,0,0,0
0,1.355931,12.58619,3.657696,345.3849,270,0,0,0
0,1.366935,12.36532,3.649753,346.0572,270,0,0,0
0,1.378209,12.15229,3.645435,346.7381,270,0,0,0
0,1.389194,11.9958,3.626252,347.4243,270,0,0,0
0,1.400282,11.82774,3.622742,348.1194,270,0,0,0
0,1.411541,11.69259,3.613551,348.8117,270,0,0,0
0,1.422488,11.57668,3.616274,349.4762,270,0,0,0
0,1.433793,11.47596,3.651884,350.0773,270,0,0,0
0,1.444767,11.41644,3.714072,350.6474,270,0,0,0
0,1.456269,11.39394,3.815085,351.1793,270,0,0,0
0,1.466941,11.40095,3.870745,351.6669,270,0,0,0
0,1.478121,11.4589,3.897958,352.131,270,0,0,0
0,1.489216,11.55506,3.918406,352.5722,270,0,0,0
0,1.500375,11.65113,3.94821,353.0065,270,0,0,0
0,1.511631,11.7304,4.016531,353.441,270,0,0,0
0,1.522845,11.7098,4.126471,353.858,270,0,0,0
0,1.533809,11.64877,4.329311,354.2427,270,0,0,0
0,1.545594,11.62561,4.514787,354.6064,270,0,0,0
0,1.559831,11.65834,4.664991,354.9337,270,0,0,0
0,1.568973,11.65898,4.763267,355.3541,270,0,0,0
0,1.584456,11.61451,4.851292,355.8099,270,0,0,0
0,1.58792,11.56943,4.911589,356.3351,270,0,0,0
0,1.598673,11.51506,5.010399,356.9421,270,0,0,0
0,1.610093,11.53244,5.105982,357.6289,270,0,0,0
0,1.620635,11.26725,5.270588,358.3246,270,0,0,0
0,1.634853,11.06545,5.518436,359.1891,270,0,0,0
0,1.642056,10.83503,5.756302,0.09363729,270,0,0,0
0,1.653325,10.50339,5.962497,1.079883,270,0,0,0
0,1.664729,10.0526,6.195913,2.055963,270,0,0,0
0,1.675496,9.52675,6.377577,3.044065,270,0,0,0
0,1.68665,9.034228,6.532364,3.884087,270,0,0,0
0,1.697728,8.633656,6.654175,4.599117,270,0,0,0
0,1.708845,8.303457,6.71293,5.15974,270,0,0,0
0,1.720023,7.89579,6.776528,5.572009,270,0,0,0
0,1.731621,7.421415,6.832035,5.883815,270,0,0,0
0,1.74214,6.879488,6.901083,6.108967,270,0,0,0
0,1.753462,6.381096,6.91187,6.204505,270,0,0,0
0,1.764577,5.944674,6.83333,6.284999,270,0,0,0
0,1.775565,5.476003,6.621096,6.244776,270,0,0,0
0,1.786574,5.020943,6.247951,6.061435,270,0,0,0
0,1.797884,4.615401,5.911622,5.840386,270,0,0,0
0,1.808899,4.228138,5.520756,5.47891,270,0,0,0
0,1.820082,3.752503,5.208111,5.10704,270,0,0,0
0,1.831226,3.247956,4.93834,4.692684,270,0,0,0
0,1.842386,2.661721,4.689393,4.333794,270,0,0,0
0,1.853273,2.075434,4.442856,4.005756,270,0,0,0
0,1.86443,1.611494,4.247124,3.675815,270,0,0,0
0,1.875504,1.204404,3.98168,3.412685,270,0,0,0
0,1.886792,0.8243512,3.692089,3.169586,270,0,0,0
0,1.897865,0.4154491,3.466427,2.953733,270,0,0,0
0,1.909243,359.9856,3.340612,2.723699,270,0,0,0
0,1.920136,359.5361,3.344799,2.530064,270,0,0,0
0,1.930961,359.0967,3.431168,2.390197,270,0,0,0
0,1.942166,358.7104,3.426056,2.305993,270,0,0,0
0,1.954104,358.2909,3.309264,2.259737,270,0,0,0
0,1.965064,357.8882,3.075808,2.2018,270,0,0,0
0,1.976083,357.4259,2.855603,2.005658,270,0,0,0
0,1.98738,356.9799,2.749096,1.700379,270,0,0,0
0,1.998816,356.5378,2.619572,1.393078,270,0,0,0
0,2.009955,356.0963,2.4231,0.9876145,270,0,0,0
0,2.021255,355.6798,2.173795,0.5899281,270,0,0,0
0,2.032404,355.3193,1.842476,0.1160746,270,0,0,0
0,2.043916,354.9907,1.613408,359.5778,270,0,0,0
0,2.055333,354.6765,1.416208,359.0169,270,0,0,0
0,2.066244,354.3344,1.2529,358.3878,270,0,0,0
0,2.077909,354.023,1.119585,357.798,270,0,0,0
0,2.088639,353.789,0.9403039,357.2164,270,0,0,0
0,2.100306,353.6194,0.7685972,356.7137,270,0,0,0
0,2.112171,353.4705,0.6300687,356.2952,270,0,0,0
0,2.122449,353.3779,0.5182573,355.9458,270,0,0,0
0,2.13353,353.2606,0.4050026,355.8012,270,0,0,0
0,2.144549,353.2248,0.2553912,355.6447,270,0,0,0
0,2.156318,353.1786,0.1188278,355.525,270,0,0,0
0,2.166708,353.1416,0.01051989,355.3922,270,0,0,0
0,2.177826,353.0714,359.9871,355.3163,270,0,0,0
0,2.189065,353.0497,359.9925,355.2465,270,0,0,0
0,2.200253,353.0596,359.9478,355.2079,270,0,0,0
0,2.211469,353.0791,359.8453,355.2099,270,0,0,0
0,2.222484,353.0988,359.7253,355.1997,270,0,0,0
0,2.233232,353.1048,359.6918,355.1462,270,0,0,0
0,2.24437,353.0786,359.7732,355.0475,270,0,0,0
0,2.255633,353.0458,359.9365,354.9668,270,0,0,0
0,2.267142,353.0506,0.0410664,354.9321,270,0,0,0
0,2.278094,353.0283,0.09111544,354.9522,270,0,0,0
0,2.288849,352.9726,0.09546673,355.0219,270,0,0,0
0,2.299926,352.9116,0.1150689,355.0956,270,0,0,0
0,2.312034,352.8391,0.1784845,355.0716,270,0,0,0
0,2.322234,352.748,0.2657692,355.009,270,0,0,0
0,2.333377,352.6866,0.3247332,354.9269,270,0,0,0
0,2.344347,352.6523,0.3823277,354.7957,270,0,0,0
0,2.355538,352.622,0.4471847,354.6382,270,0,0,0
0,2.366648,352.6101,0.5849719,354.4385,270,0,0,0
0,2.377765,352.5819,0.7432868,354.2506,270,0,0,0
0,2.388884,352.5312,0.9816013,354.0237,270,0,0,0
0,2.399882,352.4705,1.161383,353.8985,270,0,0,0
0,2.411126,352.4415,1.229079,353.8122,270,0,0,0
0,2.422467,352.4066,1.220587,353.747,270,0,0,0
0,2.433474,352.3853,1.211444,353.6615,270,0,0,0
0,2.444253,352.321,1.266026,353.5036,270,0,0,0
0,2.455377,352.2404,1.421607,353.2834,270,0,0,0
0,2.466544,352.1314,1.585074,353.0458,270,0,0,0
0,2.477559,351.9995,1.7354,352.8327,270,0,0,0
0,2.488586,351.9129,1.78477,352.7005,270,0,0,0
0,2.499763,351.8482,1.735942,352.591,270,0,0,0
0,2.511192,351.7775,1.706578,352.4522,270,0,0,0
0,2.52206,351.7225,1.691412,352.3013,270,0,0,0
0,2.533155,351.6488,1.767936,352.0479,270,0,0,0
0,2.544407,351.5784,1.905951,351.7703,270,0,0,0
0,2.555363,351.4876,2.095474,351.4947,270,0,0,0
0,2.566409,351.4399,2.2006,351.2349,270,0,0,0
0,2.577869,351.4072,2.192408,351.0427,270,0,0,0
0,2.588654,351.3523,2.082346,350.8752,270,0,0,0
0,2.599672,351.3021,2.004225,350.7095,270,0,0,0
0,2.611466,351.2504,1.991628,350.4515,270,0,0,0
0,2.622167,351.2055,2.041804,350.126,270,0,0,0
0,2.633428,351.147,2.080577,349.8122,270,0,0,0
0,2.644485,351.1013,2.097212,349.4787,270,0,0,0
0,2.655434,351.0829,2.107029,349.1462,270,0,0,0
0,2.666604,351.1267,2.071889,348.7688,270,0,0,0
0,2.677541,351.2141,2.098853,348.3153,270,0,0,0
0,2.688988,351.3108,2.193765,347.8566,270,0,0,0
0,2.700486,351.3843,2.348843,347.4308,270,0,0,0
0,2.711073,351.4638,2.603493,347.0411,270,0,0,0
0,2.722192,351.5415,2.810261,346.7771,270,0,0,0
0,2.733232,351.616,2.979495,346.528,270,0,0,0
0,2.744325,351.752,3.160922,346.3739,270,0,0,0
0,2.755367,351.9521,3.33171,346.188,270,0,0,0
0,2.766812,352.1985,3.51391,346.0416,270,0,0,0
0,2.777761,352.4729,3.717846,345.8948,270,0,0,0
0,2.789887,352.7569,3.872108,345.7324,270,0,0,0
0,2.801043,353.053,4.079172,345.5684,270,0,0,0
0,2.812286,353.3587,4.361159,345.3701,270,0,0,0
0,2.822918,353.6995,4.678108,345.1365,270,0,0,0
0,2.834062,354.0454,5.042749,344.9218,270,0,0,0
0,2.845521,354.4183,5.374836,344.7473,270,0,0,0
0,2.856339,354.8467,5.627751,344.4989,270,0,0,0
0,2.867215,355.2471,5.871079,344.2495,270,0,0,0
0,2.87954,355.7186,6.083649,343.886,270,0,0,0
0,2.889802,356.2382,6.354307,343.4121,270,0,0,0
0,2.901474,356.7057,6.662767,342.9145,270,0,0,0
0,2.912222,357.2047,7.021791,342.3501,270,0,0,0
0,2.923262,357.6492,7.390705,341.7929,270,0,0,0
0,2.933925,357.9791,7.895797,341.4409,270,0,0,0
0,2.945288,358.4155,8.236873,340.9452,270,0,0,0
0,2.955974,358.8078,8.660916,340.6016,270,0,0,0
0,2.967258,359.114,9.18278,340.4473,270,0,0,0
0,2.978222,359.5437,9.584885,340.0557,270,0,0,0
0,2.989354,359.94,10.10591,339.8322,270,0,0,0
0,3.000569,0.3119337,10.32676,339.8969,270,0,0,0
0,3.011966,0.7633808,10.25308,339.989,270,0,0,0
0,3.022957,1.251263,10.1321,340.1984,270,0,0,0
0,3.034061,1.750764,9.80517,340.4959,270,0,0,0
0,3.045173,2.213588,9.624326,340.698,270,0,0,0
0,3.056664,2.546795,9.662488,340.781,270,0,0,0
0,3.067909,2.819273,9.809766,340.6161,270,0,0,0
0,3.078501,3.069888,9.953506,340.3534,270,0,0,0
0,3.089722,3.196444,10.04842,339.7906,270,0,0,0
0,3.101079,3.23544,10.13599,339.2032,270,0,0,0
0,3.111977,3.085477,10.23388,338.3961,270,0,0,0
0,3.122822,2.872363,10.39339,337.5313,270,0,0,0
0,3.133918,2.385725,10.77752,336.3372,270,0,0,0
0,3.145543,1.929763,11.16219,335.2463,270,0,0,0
0,3.156276,1.192959,11.95484,334.7222,270,0,0,0
0,3.167183,0.6320077,12.67761,335.3507,270,0,0,0
0,3.178281,359.679,13.68799,337.3768,270,0,0,0
0,3.189338,0.3410545,14.8158,338.7592,270,0,0,0
0,3.20008,0.1323374,15.64631,339.5702,270,0,0,0
0,3.211913,359.3046,16.04773,341.2066,270,0,0,0
0,3.222786,357.759,16.1415,342.1924,270,0,0,0
0,3.23388,356.0591,15.62569,343.1268,270,0,0,0
0,3.245063,355.1396,15.30672,344.7321,270,0,0,0
0,3.255867,354.1706,15.16779,346.3635,270,0,0,0
0,3.266472,353.5147,14.77532,347.7051,270,0,0,0
0,3.277854,352.8928,14.46636,348.7903,270,0,0,0
0,3.289324,352.0074,14.35425,349.7989,270,0,0,0
0,3.300377,350.955,14.26799,350.1508,270,0,0,0
0,3.311576,350.7299,14.22598,349.8238,270,0,0,0
0,3.323584,350.6561,14.15691,349.7578,270,0,0,0
0,3.333502,350.6579,14.22272,349.0458,270,0,0,0
0,3.34638,350.4666,14.22053,348.6774,270,0,0,0
0,3.355295,350.2577,14.10648,347.7494,270,0,0,0
0,3.366271,350.2084,13.95948,347.3229,270,0,0,0
0,3.378095,350.0476,13.74095,347.0008,270,0,0,0
0,3.388165,349.4576,13.55278,346.7692,270,0,0,0
0,3.399786,348.7638,13.36416,346.7588,270,0,0,0
0,3.410655,348.2595,13.34063,346.8369,270,0,0,0
0,3.422114,347.7026,13.36116,347.2537,270,0,0,0
0,3.433055,346.5017,13.3942,347.841,270,0,0,0
0,3.443684,345.6167,13.40166,348.2981,270,0,0,0
0,3.454988,344.7436,13.40277,349.0255,270,0,0,0
0,3.466138,343.6478,13.31758,349.7309,270,0,0,0
0,3.477458,342.3042,13.10269,350.3916,270,0,0,0
0,3.488145,340.9355,12.79821,351.0221,270,0,0,0
0,3.499362,339.6219,12.45939,351.6541,270,0,0,0
0,3.510593,338.2938,11.99767,352.2168,270,0,0,0
0,3.521743,336.9518,11.5507,352.6196,270,0,0,0
0,3.533175,335.6104,11.13411,352.8739,270,0,0,0
0,3.543684,334.3559,10.6818,353.1016,270,0,0,0
0,3.554989,333.2397,10.1954,353.197,270,0,0,0
0,3.566215,332.051,9.490179,353.3068,270,0,0,0
0,3.577157,330.9021,8.775003,353.2903,270,0,0,0
0,3.58818,329.8861,8.109543,353.2821,270,0,0,0
0,3.599775,329.0764,7.23901,353.437,270,0,0,0
0,3.610175,328.316,6.371432,353.5905,270,0,0,0
0,3.621489,327.676,5.362756,353.8608,270,0,0,0
0,3.632648,327.196,4.247805,354.1892,270,0,0,0
0,3.6439,326.7331,3.14623,354.5593,270,0,0,0
0,3.654845,326.4045,2.069248,354.9691,270,0,0,0
0,3.666585,326.0176,1.016707,355.4266,270,0,0,0
0,3.67704,325.6904,0.08324111,355.8143,270,0,0,0
0,3.688854,325.8128,359.0412,356.4439,270,0,0,0
0,3.699142,325.552,358.2115,356.9639,270,0,0,0
0,3.710543,325.3453,356.9805,357.9155,270,0,0,0
0,3.722097,325.0771,356.2777,358.3882,270,0,0,0
0,3.732886,324.7921,355.7347,358.8068,270,0,0,0
0,3.743438,324.4962,355.2567,359.3675,270,0,0,0
0,3.754894,324.1501,354.7298,359.8551,270,0,0,0
0,3.766054,323.8896,354.2053,0.4322692,270,0,0,0
0,3.777129,323.6283,353.5849,1.022553,270,0,0,0
0,3.788254,323.4093,352.9385,1.621214,270,0,0,0
0,3.799229,323.1803,352.2983,2.172993,270,0,0,0
0,3.810338,322.9976,351.6754,2.798231,270,0,0,0
0,3.821473,322.8009,351.1065,3.395481,270,0,0,0
0,3.832555,322.5913,350.6428,3.935933,270,0,0,0
0,3.843721,322.3011,350.2766,4.349292,270,0,0,0
0,3.85524,322.043,349.8635,4.838433,270,0,0,0
0,3.865855,321.7736,349.5302,5.284096,270,0,0,0
0,3.877916,321.4704,349.0995,5.838856,270,0,0,0
0,3.888132,321.1153,348.5043,6.48526,270,0,0,0
0,3.899503,320.7841,348.1359,7.203115,270,0,0,0
0,3.910402,320.4788,347.7904,7.90571,270,0,0,0
0,3.921984,320.2852,347.1703,8.653204,270,0,0,0
0,3.932382,319.8272,346.8347,9.371571,270,0,0,0
0,3.943714,319.4652,346.3325,10.15695,270,0,0,0
0,3.95594,319.0354,345.8044,10.94615,270,0,0,0
0,3.966797,318.5508,345.2899,11.6838,270,0,0,0
0,3.976863,318.1158,344.6618,12.56334,270,0,0,0
0,3.98823,317.6389,344.0445,13.39747,270,0,0,0
0,3.99923,317.1283,343.4689,14.14364,270,0,0,0
0,4.010487,316.5576,342.9711,14.75041,270,0,0,0
0,4.021552,315.9839,342.5739,15.21967,270,0,0,0
0,4.032583,315.4843,342.1674,15.56413,270,0,0,0
0,4.043634,315.1999,341.7284,15.97963,270,0,0,0
0,4.054846,314.9831,341.1403,16.48404,270,0,0,0
0,4.066072,314.7231,340.6505,16.87207,270,0,0,0
0,4.077016,314.7173,340.061,17.3608,270,0,0,0
0,4.08834,314.6463,339.3793,17.903,270,0,0,0
0,4.099412,314.6588,338.8308,18.33868,270,0,0,0
0,4.110914,314.7285,338.3821,18.669,270,0,0,0
0,4.121608,314.7562,337.9471,19.00459,270,0,0,0
0,4.132569,314.5644,337.8764,18.97957,270,0,0,0
0,4.143709,314.2218,338.1641,18.65287,270,0,0,0
0,4.155459,313.6566,338.6843,18.09108,270,0,0,0
0,4.166549,312.9918,339.4539,17.20228,270,0,0,0
0,4.176785,312.6088,340.1006,16.51401,270,0,0,0
0,4.188287,312.0959,340.579,15.9869,270,0,0,0
0,4.199141,311.8347,341.154,15.50239,270,0,0,0
0,4.210221,311.8023,341.3114,15.4979,270,0,0,0
0,4.222049,311.785,341.648,15.29577,270,0,0,0
0,4.232243,311.5945,341.91,15.36733,270,0,0,0
0,4.243533,311.5589,342.1013,15.57695,270,0,0,0
0,4.255023,311.2167,342.7441,15.52531,270,0,0,0
0,4.265697,311.1214,342.828,15.54332,270,0,0,0
0,4.277252,310.8049,342.7215,15.71296,270,0,0,0
0,4.288318,310.4601,342.4825,15.90934,270,0,0,0
0,4.299232,310.1256,342.2678,16.03189,270,0,0,0
0,4.310584,309.9316,342.4042,15.68123,270,0,0,0
0,4.321414,309.6747,342.3214,15.74497,270,0,0,0
0,4.332647,309.4586,342.0843,15.78593,270,0,0,0
0,4.344203,309.3436,341.7135,16.01307,270,0,0,0
0,4.354552,309.3057,341.297,16.28146,270,0,0,0
0,4.365784,309.3495,340.8594,16.57409,270,0,0,0
0,4.37763,309.4834,340.5124,16.83019,270,0,0,0
0,4.387864,309.579,340.1627,17.00459,270,0,0,0
0,4.399083,309.6707,339.9293,17.05784,270,0,0,0
0,4.410207,309.7926,339.8724,16.94438,270,0,0,0
0,4.42151,309.9379,339.9681,16.7034,270,0,0,0
0,4.432623,310.2377,340.1403,16.40333,270,0,0,0
0,4.443467,310.5807,340.193,16.17261,270,0,0,0
0,4.455074,310.9642,340.3115,15.85106,270,0,0,0
0,4.465795,311.3831,340.6177,15.3583,270,0,0,0
0,4.476693,311.7527,340.945,14.9282,270,0,0,0
0,4.488221,312.0772,341.3614,14.47034,270,0,0,0
0,4.49894,312.3498,341.8965,14.03712,270,0,0,0
0,4.510148,312.5821,342.3438,13.75088,270,0,0,0
0,4.521212,312.7732,342.7853,13.57794,270,0,0,0
0,4.532744,312.9435,343.0964,13.47718,270,0,0,0
0,4.543568,313.1351,343.466,13.35005,270,0,0,0
0,4.554486,313.2433,343.7582,13.25359,270,0,0,0
0,4.565658,313.3847,344.0266,13.21958,270,0,0,0
0,4.576788,313.5413,344.1692,13.26744,270,0,0,0
0,4.587788,313.7092,344.2057,13.41117,270,0,0,0
0,4.598921,313.9127,344.0301,13.69105,270,0,0,0
0,4.610288,314.0927,343.6674,14.04826,270,0,0,0
0,4.62125,314.2373,343.3361,14.27781,270,0,0,0
0,4.632045,314.5188,343.1311,14.60542,270,0,0,0
0,4.643414,314.7631,342.8412,14.87182,270,0,0,0
0,4.654424,315.215,342.5068,15.1914,270,0,0,0
0,4.665581,315.6387,342.0166,15.60765,270,0,0,0
0,4.676738,316.1869,341.4098,16.02074,270,0,0,0
0,4.688177,316.6889,340.9932,16.38559,270,0,0,0
0,4.698961,317.3242,340.739,16.62162,270,0,0,0
0,4.709904,317.865,340.5732,16.68917,270,0,0,0
0,4.721087,318.416,340.396,16.76908,270,0,0,0
0,4.73262,318.9634,340.3636,16.6279,270,0,0,0
0,4.743321,319.4876,340.7098,16.1081,270,0,0,0
0,4.754825,319.7562,341.1219,15.57978,270,0,0,0
0,4.765552,319.871,341.6053,15.07516,270,0,0,0
0,4.776759,319.9919,342.0499,14.72969,270,0,0,0
0,4.788121,319.8437,342.3399,14.69771,270,0,0,0
0,4.79951,319.6238,342.7114,14.61252,270,0,0,0
0,4.81056,319.3339,342.8957,14.75491,270,0,0,0
0,4.821207,319.0141,342.9096,14.93852,270,0,0,0
0,4.832326,318.8394,342.944,15.08775,270,0,0,0
0,4.843436,318.6507,342.8,15.33175,270,0,0,0
0,4.854403,318.5751,342.6599,15.62195,270,0,0,0
0,4.865463,318.7332,342.5551,15.83664,270,0,0,0
0,4.876745,318.8149,342.2699,16.04806,270,0,0,0
0,4.887942,318.9334,342.0023,16.17346,270,0,0,0
0,4.898854,318.9608,341.7465,16.31339,270,0,0,0
0,4.910105,318.986,341.5287,16.47379,270,0,0,0
0,4.921494,319.0205,341.361,16.64617,270,0,0,0
0,4.932088,319.0463,341.1714,16.8269,270,0,0,0
0,4.943354,319.0495,341.0345,16.97581,270,0,0,0
0,4.954445,318.9932,340.9576,17.08499,270,0,0,0
0,4.965607,318.9619,340.928,17.19264,270,0,0,0
0,4.976507,319.0152,340.915,17.26874,270,0,0,0
0,4.987713,319.0748,340.8896,17.31587,270,0,0,0
0,4.9994,319.1026,341.1339,17.20049,270,0,0,0
0,5.010039,319.187,341.3619,16.92856,270,0,0,0
0,5.02102,319.1866,341.5051,16.78256,270,0,0,0
0,5.032355,319.1138,341.5565,16.72857,270,0,0,0
0,5.043349,319.0567,341.5578,16.74077,270,0,0,0
0,5.054356,319.1666,341.6218,16.69122,270,0,0,0
0,5.065617,319.3073,341.6466,16.63168,270,0,0,0
0,5.076936,319.4295,341.6442,16.58098,270,0,0,0
0,5.087703,319.5228,341.7195,16.51694,270,0,0,0
0,5.09918,319.6076,341.7467,16.58454,270,0,0,0
0,5.109916,319.6634,341.8015,16.45784,270,0,0,0
0,5.121299,319.6515,341.8478,16.39752,270,0,0,0
0,5.132103,319.5761,341.7541,16.36354,270,0,0,0
0,5.143106,319.4591,341.6264,16.27337,270,0,0,0
0,5.154368,319.3858,341.4747,16.28786,270,0,0,0
0,5.165485,319.4481,341.304,16.2194,270,0,0,0
0,5.176509,319.6773,341.1743,16.10832,270,0,0,0
0,5.18821,319.7929,341.1835,15.91498,270,0,0,0
0,5.198932,319.6535,341.3328,15.73509,270,0,0,0
0,5.210052,319.649,341.2889,15.70485,270,0,0,0
0,5.221286,319.8515,341.2507,15.65526,270,0,0,0
0,5.232108,320.1679,341.1656,15.70097,270,0,0,0
0,5.243387,320.4933,341.1444,15.67758,270,0,0,0
0,5.254432,320.6101,341.1679,15.58623,270,0,0,0
0,5.265711,320.5975,341.22,15.48945,270,0,0,0
0,5.276529,320.5354,341.2903,15.49536,270,0,0,0
0,5.287612,320.5994,341.273,15.47248,270,0,0,0
0,5.298611,320.7014,341.3504,15.32905,270,0,0,0
0,5.309868,320.888,341.3246,15.30357,270,0,0,0
0,5.321201,321.1774,341.2846,15.20731,270,0,0,0
0,5.33204,321.4363,341.249,15.09074,270,0,0,0
0,5.343473,321.6079,341.2277,14.91725,270,0,0,0
0,5.354266,321.8511,341.1385,14.82422,270,0,0,0
0,5.365302,322.0969,341.0415,14.75547,270,0,0,0
0,5.376394,322.2352,340.9793,14.71895,270,0,0,0
0,5.387624,322.4242,340.9173,14.67203,270,0,0,0
0,5.398643,322.4958,340.9225,14.60136,270,0,0,0
0,5.409719,322.4298,340.8714,14.66503,270,0,0,0
0,5.421503,322.4447,340.7613,14.69676,270,0,0,0
0,5.432316,322.5416,340.6356,14.71621,270,0,0,0
0,5.443034,322.7074,340.5354,14.8098,270,0,0,0
0,5.454179,322.7717,340.455,14.85396,270,0,0,0
0,5.465371,322.8013,340.3491,14.93164,270,0,0,0
0,5.476486,322.999,340.3084,14.84745,270,0,0,0
0,5.487337,323.1247,340.3165,14.7423,270,0,0,0
0,5.498467,323.2477,340.3706,14.53046,270,0,0,0
0,5.509681,323.3174,340.5253,14.35884,270,0,0,0
0,5.520796,323.2859,340.6719,14.20411,270,0,0,0
0,5.532042,323.3752,340.8606,14.13557,270,0,0,0
0,5.543004,323.4709,340.9647,14.13822,270,0,0,0
0,5.554127,323.6633,341.1068,14.1043,270,0,0,0
0,5.56539,323.854,341.3376,14.03885,270,0,0,0
0,5.576728,324.0366,341.6172,13.81775,270,0,0,0
0,5.587366,324.3503,341.8228,13.76077,270,0,0,0
0,5.598769,324.6686,341.9619,13.74193,270,0,0,0
0,5.609771,324.7137,342.4171,13.62663,270,0,0,0
0,5.620819,324.8809,342.7108,13.52794,270,0,0,0
0,5.632326,325.019,342.9058,13.52824,270,0,0,0
0,5.643084,325.1778,343.1617,13.55661,270,0,0,0
0,5.654454,325.2217,343.5091,13.50674,270,0,0,0
0,5.665652,325.3365,343.8985,13.28569,270,0,0,0
0,5.676384,325.6267,344.1371,13.13584,270,0,0,0
0,5.688097,326.0825,344.1962,13.08062,270,0,0,0
0,5.698652,326.3472,344.1616,13.16933,270,0,0,0
0,5.709695,326.4879,344.2697,13.12782,270,0,0,0
0,5.721824,326.6656,344.3652,13.11655,270,0,0,0
0,5.732244,327.0575,344.8083,12.8709,270,0,0,0
0,5.743119,327.4508,344.9223,12.7203,270,0,0,0
0,5.754546,328.0601,345.1275,12.57246,270,0,0,0
0,5.765544,328.7661,345.3645,12.33822,270,0,0,0
0,5.776353,329.4401,345.5354,12.09831,270,0,0,0
0,5.787695,330.3374,345.6774,11.88587,270,0,0,0
0,5.798523,331.0534,345.7599,11.72371,270,0,0,0
0,5.809483,331.8805,345.8589,11.62585,270,0,0,0
0,5.820672,332.7111,345.9981,11.4353,270,0,0,0
0,5.831946,333.4214,346.1717,11.28791,270,0,0,0
0,5.8431,334.0601,346.3321,11.07298,270,0,0,0
0,5.854144,334.5898,346.4989,10.74858,270,0,0,0
0,5.865565,335.0346,346.6026,10.48353,270,0,0,0
0,5.876542,335.2952,346.5988,10.24132,270,0,0,0
0,5.887458,335.202,346.3318,10.28892,270,0,0,0
0,5.898373,335.0096,345.9493,10.6698,270,0,0,0
0,5.909911,334.6548,345.8555,10.78105,270,0,0,0
0,5.921141,334.0994,345.7956,10.80704,270,0,0,0
0,5.932003,333.8134,345.7605,10.78593,270,0,0,0
0,5.943165,333.745,345.7585,10.66119,270,0,0,0
0,5.954144,333.7414,345.7823,10.52603,270,0,0,0
0,5.965184,333.7664,345.8101,10.42655,270,0,0,0
0,5.976223,333.7129,345.802,10.41354,270,0,0,0
0,5.987284,333.6712,345.7977,10.41923,270,0,0,0
0,5.998337,333.6773,345.8454,10.41656,270,0,0,0
0,6.009565,333.6895,345.8575,10.39494,270,0,0,0
0,6.020573,333.6942,345.8331,10.34474,270,0,0,0
0,6.032037,333.7028,345.7313,10.29887,270,0,0,0
0,6.04283,333.7763,345.632,10.29214,270,0,0,0
0,6.05412,333.8458,345.4669,10.33076,270,0,0,0
0,6.06509,333.9408,345.2493,10.39625,270,0,0,0
0,6.076193,334.0598,345.0655,10.44749,270,0,0,0
0,6.087218,334.1771,344.8287,10.51013,270,0,0,0
0,6.098422,334.2763,344.5526,10.5699,270,0,0,0
0,6.109506,334.3476,344.2794,10.65523,270,0,0,0
0,6.120526,334.3201,343.9672,10.76238,270,0,0,0
0,6.131628,334.4604,343.5743,10.77471,270,0,0,0
0,6.142776,334.6425,343.2914,10.89733,270,0,0,0
0,6.154477,334.7393,342.9254,10.85168,270,0,0,0
0,6.165131,334.828,342.5161,10.71792,270,0,0,0
0,6.176203,334.9538,342.1326,10.4713,270,0,0,0
0,6.187128,335.1208,341.7182,10.16168,270,0,0,0
0,6.198255,335.4718,341.4014,9.667443,270,0,0,0
0,6.209615,336.0575,340.936,9.48705,270,0,0,0
0,6.221082,336.4063,340.4783,9.413666,270,0,0,0
0,6.231617,336.7679,340.1321,9.467454,270,0,0,0
0,6.242644,336.8817,339.8384,9.470754,270,0,0,0
0,6.254601,336.8453,339.6266,9.43021,270,0,0,0
0,6.264987,336.9163,339.4972,9.334029,270,0,0,0
0,6.276343,337.0051,339.4457,9.223448,270,0,0,0
0,6.287193,337.1563,339.394,9.161402,270,0,0,0
0,6.298326,337.3188,339.3496,9.225543,270,0,0,0
0,6.309487,337.4168,339.3161,9.456515,270,0,0,0
0,6.32059,337.4012,339.2625,9.715873,270,0,0,0
0,6.331539,337.3204,339.1976,10.08825,270,0,0,0
0,6.342625,337.2045,339.1306,10.43867,270,0,0,0
0,6.353907,337.0469,339.0929,10.76869,270,0,0,0
0,6.365253,336.9337,339.0595,11.01716,270,0,0,0
0,6.376396,336.7865,339.0956,11.16575,270,0,0,0
0,6.387197,336.6235,339.135,11.25548,270,0,0,0
0,6.398137,336.4661,339.1971,11.31099,270,0,0,0
0,6.409445,336.3626,339.2323,11.36203,270,0,0,0
0,6.420635,336.303,339.281,11.37531,270,0,0,0
0,6.43159,336.1852,339.3321,11.37315,270,0,0,0
0,6.442536,336.006,339.3902,11.44102,270,0,0,0
0,6.453704,335.7612,339.4576,11.56519,270,0,0,0
0,6.464786,335.5139,339.5524,11.74518,270,0,0,0
0,6.475869,335.2233,339.6707,12.02511,270,0,0,0
0,6.487068,334.9616,339.7724,12.32295,270,0,0,0
0,6.498124,334.7145,339.8587,12.70999,270,0,0,0
0,6.509148,334.455,339.9789,13.05435,270,0,0,0
0,6.520284,334.5851,340.5485,13.03379,270,0,0,0
0,6.531627,334.2842,341.0804,13.34052,270,0,0,0
0,6.542601,334.0019,341.6823,13.33654,270,0,0,0
0,6.553653,334.0459,342.2386,13.02227,270,0,0,0
0,6.565054,333.9987,342.6833,12.83557,270,0,0,0
0,6.575871,334.0034,343.0575,12.64574,270,0,0,0
0,6.587008,334.2433,343.5709,12.17778,270,0,0,0
0,6.598186,334.3082,343.8401,12.07811,270,0,0,0
0,6.609064,334.4327,344.1112,11.9189,270,0,0,0
0,6.620191,334.7019,344.293,11.75435,270,0,0,0
0,6.631346,334.8965,344.4953,11.48522,270,0,0,0
0,6.642403,335.0946,344.6515,11.25746,270,0,0,0
0,6.653487,335.4872,344.8301,11.02147,270,0,0,0
0,6.664729,335.9832,345.0008,10.75366,270,0,0,0
0,6.675692,336.2798,345.0473,10.62042,270,0,0,0
0,6.687704,337.8897,344.9605,10.53013,270,0,0,0
0,6.698003,339.6248,344.9518,10.29972,270,0,0,0
0,6.709156,341.0377,345.1583,9.979811,270,0,0,0
0,6.720096,342.2812,345.4698,9.692668,270,0,0,0
0,6.731424,343.3412,345.6899,9.473958,270,0,0,0
0,6.742377,344.6652,346.0838,9.218657,270,0,0,0
0,6.753707,346.2068,346.63,9.120402,270,0,0,0
0,6.764932,347.7992,347.0854,8.906353,270,0,0,0
0,6.775846,348.3082,346.8282,9.02097,270,0,0,0
0,6.78755,348.0585,346.7817,8.964293,270,0,0,0
0,6.798423,348.0474,346.9575,8.86077,270,0,0,0
0,6.809409,348.0874,347.174,8.867177,270,0,0,0
0,6.820138,347.8998,347.4958,9.176026,270,0,0,0
0,6.831523,347.6536,347.8118,9.331119,270,0,0,0
0,6.842371,347.2497,348.036,9.322238,270,0,0,0
0,6.853511,346.8729,348.1425,9.275087,270,0,0,0
0,6.864634,346.8632,348.3714,9.17759,270,0,0,0
0,6.875982,346.8599,348.6616,9.221244,270,0,0,0
0,6.887044,346.8439,348.7809,9.342701,270,0,0,0
0,6.89801,346.7004,349.2428,9.411751,270,0,0,0
0,6.90915,346.6832,349.5008,9.548034,270,0,0,0
0,6.920853,346.8233,349.6208,9.738961,270,0,0,0
0,6.931346,347.0747,349.7447,9.905091,270,0,0,0
0,6.942976,347.3284,349.8111,9.994445,270,0,0,0
0,6.954125,347.6328,349.8705,10.08216,270,0,0,0
0,6.964752,348.0076,349.9083,10.24503,270,0,0,0
0,6.978782,348.5434,350.0078,10.33002,270,0,0,0
0,6.986536,348.9989,350.1538,10.41324,270,0,0,0
0,6.997972,349.2756,350.1346,10.48957,270,0,0,0
0,7.009222,349.6919,350.1048,10.62751,270,0,0,0
0,7.020168,350.2851,350.0285,10.84736,270,0,0,0
0,7.031662,350.8554,349.9566,11.07263,270,0,0,0
0,7.042428,351.2898,349.7859,11.33943,270,0,0,0
0,7.053565,351.6301,349.6315,11.53541,270,0,0,0
0,7.064898,351.9079,349.3381,11.70333,270,0,0,0
0,7.075803,352.3576,349.1294,11.82277,270,0,0,0
0,7.086732,352.8167,348.9343,11.99013,270,0,0,0
0,7.09796,353.4354,348.7543,12.12268,270,0,0,0
0,7.109667,354.0331,348.6408,12.23522,270,0,0,0
0,7.120115,354.3828,348.5421,12.25314,270,0,0,0
0,7.131129,354.3823,348.4104,12.25865,270,0,0,0
0,7.142347,354.3523,348.2633,12.22909,270,0,0,0
0,7.153428,354.3679,348.1459,12.14756,270,0,0,0
0,7.164588,354.3588,348.0505,12.06943,270,0,0,0
0,7.175649,354.309,347.9538,12.03952,270,0,0,0
0,7.186728,354.2811,347.8684,12.08713,270,0,0,0
0,7.197757,354.2148,347.864,12.1989,270,0,0,0
0,7.208978,354.1102,347.8033,12.30568,270,0,0,0
0,7.220179,354.0017,347.7398,12.38387,270,0,0,0
0,7.231736,353.8706,347.6237,12.40819,270,0,0,0
0,7.24299,353.7483,347.4639,12.37687,270,0,0,0
0,7.253783,353.6535,347.2725,12.29128,270,0,0,0
0,7.264754,353.6092,347.1423,12.17629,270,0,0,0
0,7.275533,353.5571,347.0416,12.0408,270,0,0,0
0,7.286725,353.517,346.9516,11.92397,270,0,0,0
0,7.298279,353.5071,346.8933,11.85665,270,0,0,0
0,7.308845,353.5022,346.7793,11.8141,270,0,0,0
0,7.32007,353.5476,346.6545,11.81272,270,0,0,0
0,7.331262,353.5658,346.4917,11.81199,270,0,0,0
0,7.342167,353.565,346.3145,11.80142,270,0,0,0
0,7.353343,353.5305,346.123,11.75699,270,0,0,0
0,7.36452,353.4471,345.9946,11.69646,270,0,0,0
0,7.375771,353.3384,345.8972,11.62737,270,0,0,0
0,7.386683,353.2193,345.7917,11.536,270,0,0,0
0,7.397679,353.1109,345.6654,11.48446,270,0,0,0
0,7.408918,352.9926,345.4986,11.49678,270,0,0,0
0,7.420691,352.8958,345.3423,11.52275,270,0,0,0
0,7.431487,352.8085,345.1856,11.55928,270,0,0,0
0,7.442448,352.6651,345.0295,11.6291,270,0,0,0
0,7.453299,352.5395,344.9086,11.64923,270,0,0,0
0,7.464334,352.434,344.8297,11.62952,270,0,0,0
0,7.475496,352.32,344.7596,11.57287,270,0,0,0
0,7.486747,352.222,344.6619,11.51954,270,0,0,0
0,7.497578,352.097,344.5603,11.48199,270,0,0,0
0,7.508689,351.9503,344.414,11.45868,270,0,0,0
0,7.520002,351.7744,344.256,11.49976,270,0,0,0
0,7.531534,351.5908,344.0625,11.50122,270,0,0,0
0,7.542297,351.3945,343.9035,11.52659,270,0,0,0
0,7.553345,351.1563,343.7199,11.54114,270,0,0,0
0,7.564575,350.8761,343.5326,11.55933,270,0,0,0
0,7.575535,350.5792,343.3697,11.55138,270,0,0,0
0,7.58646,350.2763,343.2027,11.53453,270,0,0,0
0,7.597881,349.9227,343.0398,11.51093,270,0,0,0
0,7.608649,349.5357,342.8945,11.491,270,0,0,0
0,7.61975,349.1391,342.7954,11.44957,270,0,0,0
0,7.63096,348.747,342.7032,11.3803,270,0,0,0
0,7.642119,348.4322,342.642,11.29569,270,0,0,0
0,7.653609,348.1387,342.5346,11.25228,270,0,0,0
0,7.664799,347.8353,342.3578,11.27289,270,0,0,0
0,7.675426,347.5311,342.1599,11.27525,270,0,0,0
0,7.686464,347.2041,341.9576,11.26109,270,0,0,0
0,7.697499,346.8534,341.7534,11.22068,270,0,0,0
0,7.708699,346.4689,341.5568,11.12527,270,0,0,0
0,7.720062,346.1299,341.3704,11.03115,270,0,0,0
0,7.731,345.8577,341.2161,10.966,270,0,0,0
0,7.742085,345.6034,341.0538,10.90657,270,0,0,0
0,7.75315,345.5024,340.9007,10.87183,270,0,0,0
0,7.76468,345.3908,340.7344,10.84565,270,0,0,0
0,7.7757,345.355,340.5647,10.83979,270,0,0,0
0,7.786475,345.358,340.4188,10.81878,270,0,0,0
0,7.797824,345.4297,340.319,10.77672,270,0,0,0
0,7.808627,345.4021,340.2399,10.69372,270,0,0,0
0,7.819734,345.3959,340.1878,10.50827,270,0,0,0
0,7.831617,345.3685,340.1085,10.31032,270,0,0,0
0,7.841991,345.33,340.1066,10.07333,270,0,0,0
0,7.853135,345.351,340.0794,9.893283,270,0,0,0
0,7.864323,345.3839,340.0607,9.761064,270,0,0,0
0,7.875348,345.4078,340.037,9.71572,270,0,0,0
0,7.886461,345.4289,339.9782,9.697182,270,0,0,0
0,7.897851,345.4247,339.9479,9.717089,270,0,0,0
0,7.908675,345.4248,339.8745,9.731576,270,0,0,0
0,7.919825,345.3893,339.8123,9.780596,270,0,0,0
0,7.930989,345.3351,339.7342,9.827399,270,0,0,0
0,7.942428,345.303,339.6623,9.87698,270,0,0,0
0,7.953647,345.246,339.6059,9.934573,270,0,0,0
0,7.96482,345.1998,339.5579,9.994103,270,0,0,0
0,7.97547,345.1517,339.508,10.0464,270,0,0,0
0,7.986533,345.1237,339.4885,10.08952,270,0,0,0
0,7.997759,345.1165,339.4591,10.14506,270,0,0,0
0,8.008857,345.1307,339.3916,10.2206,270,0,0,0
0,8.019737,345.1627,339.2811,10.33678,270,0,0,0
0,8.031407,345.2417,339.1561,10.44612,270,0,0,0
0,8.04209,345.278,339.0466,10.5406,270,0,0,0
0,8.053336,345.274,338.8923,10.62649,270,0,0,0
0,8.064693,345.2703,338.7689,10.66178,270,0,0,0
0,8.075268,345.2938,338.6449,10.64913,270,0,0,0
0,8.086535,345.3265,338.4911,10.62585,270,0,0,0
0,8.098078,345.355,338.3485,10.59827,270,0,0,0
0,8.108644,345.4071,338.207,10.60319,270,0,0,0
0,8.119711,345.454,338.0427,10.64143,270,0,0,0
0,8.131128,345.4838,337.9109,10.73084,270,0,0,0
0,8.14181,345.6187,337.7992,10.83399,270,0,0,0
0,8.153034,345.8476,337.7067,10.95445,270,0,0,0
0,8.164418,346.1728,337.6518,11.05616,270,0,0,0
0,8.17518,346.5279,337.5975,11.1647,270,0,0,0
0,8.187096,346.8782,337.5126,11.24473,270,0,0,0
0,8.197596,347.1942,337.431,11.31582,270,0,0,0
0,8.208568,347.3943,337.3595,11.38991,270,0,0,0
0,8.220119,347.3623,337.2425,11.54247,270,0,0,0
0,8.230667,347.6178,337.2554,11.48746,270,0,0,0
0,8.242011,348.0188,337.2881,11.37686,270,0,0,0
0,8.253376,348.3332,337.2551,11.3407,270,0,0,0
0,8.264752,348.6375,337.2104,11.34066,270,0,0,0
0,8.275563,348.8984,337.1968,11.35916,270,0,0,0
0,8.286649,349.2321,337.1411,11.35171,270,0,0,0
0,8.297829,349.5461,337.0771,11.34596,270,0,0,0
0,8.308996,349.8361,337.0498,11.32226,270,0,0,0
0,8.31968,350.0684,337.065,11.29627,270,0,0,0
0,8.331183,350.2939,337.111,11.23451,270,0,0,0
0,8.342049,350.447,337.2393,11.19914,270,0,0,0
0,8.353072,350.6049,337.3518,11.15336,270,0,0,0
0,8.364563,350.7285,337.5065,11.12716,270,0,0,0
0,8.375616,350.841,337.701,11.07709,270,0,0,0
0,8.386512,350.9408,337.9008,11.0434,270,0,0,0
0,8.397455,351.0418,338.1272,11.04284,270,0,0,0
0,8.408411,351.0959,338.4455,11.0093,270,0,0,0
0,8.419453,351.1175,338.7691,10.95657,270,0,0,0
0,8.430526,351.0923,339.1909,10.89892,270,0,0,0
0,8.441951,351.0378,339.6873,10.81415,270,0,0,0
0,8.452844,350.9905,340.2062,10.74055,270,0,0,0
0,8.46397,350.9065,340.8368,10.63011,270,0,0,0
0,8.47489,350.843,341.4345,10.51546,270,0,0,0
0,8.486018,350.618,342.1072,10.41552,270,0,0,0
0,8.497185,350.4337,342.8032,10.24377,270,0,0,0
0,8.508266,350.4312,343.4458,10.11201,270,0,0,0
0,8.519577,350.4846,344.1201,9.976489,270,0,0,0
0,8.530491,350.4778,344.7632,9.884232,270,0,0,0
0,8.541759,350.4757,345.4327,9.809571,270,0,0,0
0,8.552768,350.4909,346.0975,9.720175,270,0,0,0
0,8.564188,350.5411,346.763,9.667796,270,0,0,0
0,8.574838,350.6127,347.3853,9.627657,270,0,0,0
0,8.586195,350.6994,347.9733,9.621496,270,0,0,0
0,8.597171,350.7769,348.5363,9.63753,270,0,0,0
0,8.608288,350.8542,349.0495,9.673754,270,0,0,0
0,8.619723,350.935,349.501,9.727494,270,0,0,0
0,8.630322,351.0139,349.9415,9.757701,270,0,0,0
0,8.641707,351.0891,350.3311,9.78326,270,0,0,0
0,8.653057,351.1425,350.692,9.782501,270,0,0,0
0,8.663782,351.2056,351.0519,9.767871,270,0,0,0
0,8.674863,351.2488,351.3575,9.766133,270,0,0,0
0,8.685966,351.3072,351.6616,9.803302,270,0,0,0
0,8.697065,351.4167,351.9372,9.842563,270,0,0,0
0,8.70823,351.4984,352.1615,9.888785,270,0,0,0
0,8.719433,351.5612,352.3961,9.936174,270,0,0,0
0,8.730498,351.6063,352.6189,9.947299,270,0,0,0
0,8.741478,351.6376,352.8199,9.9586,270,0,0,0
0,8.753299,351.6519,353.0243,9.939426,270,0,0,0
0,8.763946,351.6607,353.239,9.95597,270,0,0,0
0,8.774838,351.6606,353.4371,9.954969,270,0,0,0
0,8.78605,351.6438,353.6154,9.925021,270,0,0,0
0,8.797683,351.6057,353.7823,9.903318,270,0,0,0
0,8.808207,351.5655,353.9462,9.875074,270,0,0,0
0,8.81936,351.5286,354.0997,9.855568,270,0,0,0
0,8.830447,351.4849,354.2322,9.834712,270,0,0,0
0,8.841634,351.4343,354.3783,9.853313,270,0,0,0
0,8.852719,351.3753,354.4813,9.861068,270,0,0,0
0,8.863912,351.3159,354.5552,9.85817,270,0,0,0
0,8.87557,351.2569,354.625,9.834136,270,0,0,0
0,8.885889,351.1954,354.6248,9.800156,270,0,0,0
0,8.897215,351.1355,354.6097,9.805928,270,0,0,0
0,8.908169,351.1093,354.5778,9.809045,270,0,0,0
0,8.919174,351.0818,354.5407,9.826636,270,0,0,0
0,8.930436,351.0656,354.5003,9.856203,270,0,0,0
0,8.947732,351.0442,354.453,9.884315,270,0,0,0
0,8.954578,351.0228,354.3869,9.900585,270,0,0,0
0,8.963731,351.0298,354.3367,9.904815,270,0,0,0
0,8.975337,351.0332,354.2774,9.907993,270,0,0,0
0,8.986194,351.0427,354.2276,9.911016,270,0,0,0
0,8.997085,351.046,354.1953,9.93119,270,0,0,0
0,9.008264,351.055,354.1588,9.959505,270,0,0,0
0,9.019131,351.0476,354.1279,9.985635,270,0,0,0
0,9.030834,351.0643,354.1137,10.03416,270,0,0,0
0,9.04134,351.0511,354.084,10.06987,270,0,0,0
0,9.052447,351.0419,354.051,10.10709,270,0,0,0
0,9.063982,351.0294,354.0168,10.16345,270,0,0,0
0,9.074859,351.022,353.9797,10.18101,270,0,0,0
0,9.085817,351.004,353.908,10.21202,270,0,0,0
0,9.098072,350.984,353.8515,10.23752,270,0,0,0
0,9.108597,350.9521,353.8058,10.259,270,0,0,0
0,9.119239,350.9405,353.7495,10.26062,270,0,0,0
0,9.13052,350.9406,353.689,10.27649,270,0,0,0
0,9.141445,350.9485,353.6367,10.27836,270,0,0,0
0,9.152565,350.9356,353.5778,10.28898,270,0,0,0
0,9.163604,350.9211,353.5035,10.29275,270,0,0,0
0,9.17477,350.8982,353.4367,10.26454,270,0,0,0
0,9.186378,350.8795,353.3667,10.24295,270,0,0,0
0,9.197233,350.8526,353.3163,10.20388,270,0,0,0
0,9.208439,350.8247,353.2841,10.17739,270,0,0,0
0,9.219129,350.82,353.2476,10.14769,270,0,0,0
0,9.230446,350.7931,353.2387,10.1451,270,0,0,0
0,9.24138,350.7787,353.2273,10.12418,270,0,0,0
0,9.25261,350.7344,353.2337,10.12195,270,0,0,0
0,9.263902,350.7029,353.252,10.09923,270,0,0,0
0,9.274781,350.6625,353.266,10.06385,270,0,0,0
0,9.286459,350.6325,353.2917,10.04297,270,0,0,0
0,9.29748,350.5933,353.3174,10.00595,270,0,0,0
0,9.308221,350.5864,353.3246,9.97128,270,0,0,0
0,9.319238,350.5898,353.3343,9.951065,270,0,0,0
0,9.330791,350.6,353.3375,9.946938,270,0,0,0
0,9.341584,350.6256,353.338,9.942657,270,0,0,0
0,9.352488,350.6396,353.3225,9.951092,270,0,0,0
0,9.363822,350.6466,353.2946,9.94549,270,0,0,0
0,9.374694,350.6554,353.2894,9.92413,270,0,0,0
0,9.38576,350.648,353.2628,9.891776,270,0,0,0
0,9.396857,350.6469,353.2603,9.8397,270,0,0,0
0,9.407977,350.6375,353.2125,9.815533,270,0,0,0
0,9.419208,350.6302,353.2006,9.79447,270,0,0,0
0,9.430577,350.6212,353.1809,9.789829,270,0,0,0
0,9.441672,350.5975,353.185,9.772235,270,0,0,0
0,9.452389,350.5523,353.1719,9.775316,270,0,0,0
0,9.463396,350.5032,353.1651,9.779421,270,0,0,0
0,9.4745,350.4539,353.1473,9.757371,270,0,0,0
0,9.4856,350.4018,353.1261,9.731443,270,0,0,0
0,9.496972,350.3554,353.1084,9.70606,270,0,0,0
0,9.507867,350.313,353.1069,9.673351,270,0,0,0
0,9.519069,350.2775,353.1313,9.625635,270,0,0,0
0,9.530211,350.25,353.1297,9.578753,270,0,0,0
0,9.541298,350.2008,353.1418,9.552894,270,0,0,0
0,9.552676,350.1631,353.1158,9.545573,270,0,0,0
0,9.563527,350.1081,353.0656,9.530422,270,0,0,0
0,9.574524,350.0586,353.0158,9.517837,270,0,0,0
0,9.585709,349.9886,352.9712,9.50316,270,0,0,0
0,9.597034,349.9381,352.9301,9.466052,270,0,0,0
0,9.607795,349.8624,352.9095,9.417595,270,0,0,0
0,9.619009,349.8219,352.8915,9.364783,270,0,0,0
0,9.63022,349.7198,352.8396,9.321204,270,0,0,0
0,9.641317,349.6177,352.8109,9.243875,270,0,0,0
0,9.652568,349.5998,352.7868,9.160262,270,0,0,0
0,9.663328,349.215,352.7654,9.136237,270,0,0,0
0,9.674339,348.786,352.6576,9.074746,270,0,0,0
0,9.685412,348.6068,352.535,9.079266,270,0,0,0
0,9.696663,348.367,352.3811,8.943478,270,0,0,0
0,9.707721,348.2568,352.2299,8.72473,270,0,0,0
0,9.718775,348.0277,352.1601,8.408089,270,0,0,0
0,9.730081,348.0007,352.0129,8.061162,270,0,0,0
0,9.741333,348.2482,351.9735,7.183937,270,0,0,0
0,9.752436,348.1331,351.9257,6.989904,270,0,0,0
0,9.763608,348.0448,351.7131,6.699472,270,0,0,0
0,9.774482,347.9699,351.4674,6.448404,270,0,0,0
0,9.785511,347.8963,351.2072,6.295694,270,0,0,0
0,9.796875,347.8336,351.0116,6.328408,270,0,0,0
0,9.807673,347.8387,351.0313,6.177171,270,0,0,0
0,9.818776,347.8093,351.0356,6.15354,270,0,0,0
0,9.830344,347.7689,351.1059,6.021241,270,0,0,0
0,9.841369,347.7436,351.2264,5.878545,270,0,0,0
0,9.852104,347.7206,351.3245,5.771343,270,0,0,0
0,9.863586,347.6424,351.4919,5.680512,270,0,0,0
0,9.874634,347.5595,351.6757,5.617988,270,0,0,0
0,9.885509,347.4617,351.8572,5.547638,270,0,0,0
0,9.896756,347.3364,352.0811,5.498243,270,0,0,0
0,9.907808,347.2098,352.2905,5.457674,270,0,0,0
0,9.918802,347.0697,352.4749,5.438994,270,0,0,0
0,9.929983,346.9116,352.6357,5.423488,270,0,0,0
0,9.941248,346.7609,352.7971,5.410506,270,0,0,0
0,9.95242,346.5963,352.9288,5.410183,270,0,0,0
0,9.963706,346.4284,353.052,5.44706,270,0,0,0
0,9.974491,346.2795,353.17,5.494912,270,0,0,0
0,9.985496,346.1469,353.2598,5.56813,270,0,0,0
0,9.997197,345.9951,353.3143,5.662362,270,0,0,0
0,10.00776,345.8871,353.3264,5.76576,270,0,0,0
0,10.01913,345.801,353.3309,5.863929,270,0,0,0
0,10.03024,345.7104,353.315,5.943314,270,0,0,0
0,10.04139,345.6543,353.1418,6.018471,270,0,0,0
0,10.05234,345.6193,353.018,6.065705,270,0,0,0
0,10.06394,345.6042,352.9344,6.058937,270,0,0,0
0,10.07438,345.6462,352.7256,6.043287,270,0,0,0
0,10.08545,345.6721,352.5213,6.144814,270,0,0,0
0,10.0968,345.7045,352.2927,6.204915,270,0,0,0
0,10.10796,345.8047,352.1913,6.280355,270,0,0,0
0,10.11957,345.8477,351.6384,6.640606,270,0,0,0
0,10.13042,345.8523,351.6219,6.608197,270,0,0,0
0,10.14147,345.8855,351.5001,6.666105,270,0,0,0
0,10.15229,346.0143,351.2589,6.803071,270,0,0,0
0,10.16332,346.0411,351.2296,6.925175,270,0,0,0
0,10.17442,346.0612,351.175,7.028824,270,0,0,0
0,10.1854,346.039,351.225,7.081509,270,0,0,0
0,10.19677,346.0026,351.2549,7.140947,270,0,0,0
0,10.20797,345.9822,351.2863,7.188365,270,0,0,0
0,10.21945,345.9549,351.3195,7.262503,270,0,0,0
0,10.23002,345.9247,351.3304,7.395031,270,0,0,0
0,10.24098,345.9146,351.3256,7.562976,270,0,0,0
0,10.25239,345.8947,351.3436,7.693334,270,0,0,0
0,10.26324,345.8751,351.3826,7.770995,270,0,0,0
0,10.27447,345.8229,351.4516,7.785387,270,0,0,0
0,10.28576,345.7781,351.5284,7.736231,270,0,0,0
0,10.29706,345.7334,351.6379,7.647495,270,0,0,0
0,10.30759,345.6845,351.7605,7.577552,270,0,0,0
0,10.31888,345.6002,351.8601,7.535976,270,0,0,0
0,10.32973,345.6246,351.9582,7.560938,270,0,0,0
0,10.3413,345.447,352.106,7.774379,270,0,0,0
0,10.35217,345.2547,352.246,7.729623,270,0,0,0
0,10.36321,345.2205,352.4826,7.736283,270,0,0,0
0,10.37417,344.9613,352.6888,7.714551,270,0,0,0
0,10.3853,344.7689,352.8354,7.583756,270,0,0,0
0,10.39633,344.7792,353.004,7.573008,270,0,0,0
0,10.40746,344.5641,353.041,7.608046,270,0,0,0
0,10.41872,344.5694,353.0568,7.707035,270,0,0,0
0,10.42973,344.5361,353.1188,7.831297,270,0,0,0
0,10.44116,344.3718,353.2013,7.960118,270,0,0,0
0,10.45198,344.3547,353.4215,7.991443,270,0,0,0
0,10.46312,344.2969,353.8153,7.808155,270,0,0,0
0,10.47432,344.579,353.8726,7.962096,270,0,0,0
0,10.48538,344.3238,353.8997,8.101998,270,0,0,0
0,10.49623,344.3672,353.8854,8.25762,270,0,0,0
0,10.50727,344.2973,353.6601,8.558408,270,0,0,0
0,10.51868,344.3481,353.7816,8.536081,270,0,0,0
0,10.52964,344.3161,353.9638,8.603982,270,0,0,0
0,10.54126,344.2242,354.1258,8.666586,270,0,0,0
0,10.55185,344.1936,354.202,8.746096,270,0,0,0
0,10.56345,344.1985,354.1283,8.942212,270,0,0,0
0,10.57421,344.1428,354.0621,9.121941,270,0,0,0
0,10.58517,344.1169,353.8715,9.420296,270,0,0,0
0,10.59629,344.0953,353.6701,9.748953,270,0,0,0
0,10.60764,343.9648,353.3488,10.13795,270,0,0,0
0,10.61839,343.8646,353.0858,10.35379,270,0,0,0
0,10.62943,343.8813,352.8696,10.41956,270,0,0,0
0,10.64064,343.927,352.6693,10.45503,270,0,0,0
0,10.65172,343.9883,352.459,10.60479,270,0,0,0
0,10.66282,344.0955,352.2033,10.75126,270,0,0,0
0,10.67418,344.1876,352.0444,10.92339,270,0,0,0
0,10.68524,344.2915,351.8658,11.09231,270,0,0,0
0,10.69624,344.4024,351.6663,11.31313,270,0,0,0
0,10.70716,344.5056,351.442,11.53923,270,0,0,0
0,10.71827,344.3754,351.5633,11.48237,270,0,0,0
0,10.7294,344.964,351.1257,11.77203,270,0,0,0
0,10.74059,345.0168,350.9194,12.10324,270,0,0,0
0,10.75167,345.0872,350.7102,12.5592,270,0,0,0
0,10.76333,345.2054,350.3693,13.03889,270,0,0,0
0,10.774,345.0501,350.1922,13.14077,270,0,0,0
0,10.78549,345.1397,350.2086,13.06582,270,0,0,0
0,10.79626,345.2526,350.1707,12.91393,270,0,0,0
0,10.80729,345.274,350.2991,12.80976,270,0,0,0
0,10.8184,345.3302,350.3004,12.97131,270,0,0,0
0,10.82946,345.2899,350.1795,13.12709,270,0,0,0
0,10.84079,345.2368,350.018,13.20846,270,0,0,0
0,10.85171,345.2387,349.8934,13.11709,270,0,0,0
0,10.86313,345.3341,349.7653,13.03842,270,0,0,0
0,10.87453,345.4862,349.568,13.09596,270,0,0,0
0,10.88528,345.5321,349.3926,13.23206,270,0,0,0
0,10.89623,345.545,349.2782,13.28949,270,0,0,0
0,10.90768,345.7189,349.0787,13.38031,270,0,0,0
0,10.91829,345.8326,348.9106,13.59654,270,0,0,0
0,10.92936,346.0207,348.6651,13.92028,270,0,0,0
0,10.94069,346.1415,348.4089,14.14365,270,0,0,0
0,10.95171,346.288,348.157,14.2981,270,0,0,0
0,10.9628,346.4263,347.8226,14.52041,270,0,0,0
0,10.97399,346.5296,347.5428,14.64824,270,0,0,0
0,10.98526,346.6189,347.3069,14.74229,270,0,0,0
0,10.99621,346.6125,347.1894,14.71955,270,0,0,0
0,11.00736,346.6536,347.0482,14.6855,270,0,0,0
0,11.01889,346.6116,346.9919,14.64076,270,0,0,0
0,11.02963,346.5911,346.9827,14.57949,270,0,0,0
0,11.04062,346.6499,346.8654,14.51802,270,0,0,0
0,11.05161,346.6199,346.7515,14.5408,270,0,0,0
0,11.06316,346.5502,346.6569,14.54541,270,0,0,0
0,11.0739,346.5307,346.6656,14.3173,270,0,0,0
0,11.08505,346.4069,346.5338,14.34759,270,0,0,0
0,11.09655,346.3257,346.4639,14.33336,270,0,0,0
0,11.10727,346.3078,346.3962,14.39118,270,0,0,0
0,11.11835,346.2855,346.3116,14.51688,270,0,0,0
0,11.12957,346.0826,346.1102,14.69181,270,0,0,0
0,11.14117,346.0796,346.0677,14.66285,270,0,0,0
0,11.15184,345.9599,345.9857,14.66886,270,0,0,0
0,11.16285,345.8002,345.9055,14.7103,270,0,0,0
0,11.17383,345.7467,345.905,14.63698,270,0,0,0
0,11.185,345.6266,345.9781,14.61125,270,0,0,0
0,11.19625,345.4854,345.9886,14.62603,270,0,0,0
0,11.20716,345.3834,345.9893,14.63792,270,0,0,0
0,11.21865,345.2657,346.0089,14.64266,270,0,0,0
0,11.22968,345.1508,346.0376,14.63842,270,0,0,0
0,11.24054,345.0899,346.0095,14.6485,270,0,0,0
0,11.25173,345.0464,345.9114,14.71778,270,0,0,0
0,11.26262,344.9384,345.9005,14.69241,270,0,0,0
0,11.27419,344.8314,345.8008,14.71414,270,0,0,0
0,11.28551,344.8618,345.8188,14.64697,270,0,0,0
0,11.29625,344.816,345.8616,14.56578,270,0,0,0
0,11.30727,344.7852,345.8999,14.54129,270,0,0,0
0,11.31873,344.7619,345.9793,14.46814,270,0,0,0
0,11.32989,344.7621,346.0382,14.43016,270,0,0,0
0,11.34048,344.7801,346.0678,14.4166,270,0,0,0
0,11.3515,344.7975,346.0869,14.42963,270,0,0,0
0,11.36306,344.7866,346.1139,14.43645,270,0,0,0
0,11.37383,344.7516,346.1513,14.44464,270,0,0,0
0,11.38523,344.7261,346.2073,14.43288,270,0,0,0
0,11.39597,344.7065,346.2329,14.4337,270,0,0,0
0,11.4076,344.6678,346.2791,14.43934,270,0,0,0
0,11.41812,344.6263,346.3141,14.40811,270,0,0,0
0,11.42924,344.6324,346.3214,14.39229,270,0,0,0
0,11.44051,344.6534,346.3259,14.39023,270,0,0,0
0,11.45175,344.665,346.3022,14.43573,270,0,0,0
0,11.46278,344.6618,346.2741,14.48421,270,0,0,0
0,11.47361,344.6469,346.2307,14.53212,270,0,0,0
0,11.48489,344.653,346.208,14.53273,270,0,0,0
0,11.49606,344.6625,346.193,14.516,270,0,0,0
0,11.50698,344.6939,346.1733,14.49527,270,0,0,0
0,11.51811,344.7108,346.1581,14.49307,270,0,0,0
0,11.52939,344.7191,346.144,14.51076,270,0,0,0
0,11.54033,344.714,346.1277,14.52542,270,0,0,0
0,11.55142,344.6803,346.1212,14.54652,270,0,0,0
0,11.56275,344.6608,346.1008,14.56118,270,0,0,0
0,11.57451,344.6343,346.0947,14.56051,270,0,0,0
0,11.58471,344.6273,346.0853,14.54887,270,0,0,0
0,11.59574,344.6197,346.0641,14.55149,270,0,0,0
0,11.6069,344.6265,346.0577,14.54102,270,0,0,0
0,11.61811,344.6275,346.0532,14.53325,270,0,0,0
0,11.62926,344.6111,346.0841,14.51449,270,0,0,0
0,11.64017,344.5943,346.1292,14.48233,270,0,0,0
0,11.65146,344.5698,346.1744,14.44515,270,0,0,0
0,11.66263,344.5452,346.2286,14.41596,270,0,0,0
0,11.67345,344.5114,346.2677,14.38169,270,0,0,0
0,11.68456,344.4955,346.2941,14.35379,270,0,0,0
0,11.69619,344.485,346.3161,14.32995,270,0,0,0
0,11.70681,344.4698,346.3285,14.30969,270,0,0,0
0,11.71795,344.4767,346.3408,14.24208,270,0,0,0
0,11.72927,344.4834,346.3358,14.25799,270,0,0,0
0,11.74064,344.4619,346.331,14.25242,270,0,0,0
0,11.75121,344.4695,346.318,14.27196,270,0,0,0
0,11.7626,344.4766,346.2886,14.2832,270,0,0,0
0,11.77357,344.4904,346.2497,14.31311,270,0,0,0
0,11.78462,344.5045,346.2359,14.29876,270,0,0,0
0,11.79636,344.5167,346.2222,14.28634,270,0,0,0
0,11.80702,344.503,346.2164,14.27634,270,0,0,0
0,11.81795,344.5029,346.2111,14.26343,270,0,0,0
0,11.82929,344.4774,346.2007,14.25276,270,0,0,0
0,11.84016,344.4339,346.1935,14.25254,270,0,0,0
0,11.85143,344.3936,346.1982,14.24475,270,0,0,0
0,11.86248,344.376,346.1918,14.24387,270,0,0,0
0,11.87423,344.3739,346.2126,14.22577,270,0,0,0
0,11.88456,344.3711,346.2437,14.18401,270,0,0,0
0,11.89583,344.3885,346.2912,14.13406,270,0,0,0
0,11.90693,344.3878,346.3327,14.0726,270,0,0,0
0,11.91811,344.3914,346.3618,14.01898,270,0,0,0
0,11.9294,344.3783,346.3838,13.99308,270,0,0,0
0,11.94073,344.363,346.3958,13.9704,270,0,0,0
0,11.9513,344.3563,346.4196,13.95281,270,0,0,0
0,11.96252,344.3474,346.4251,13.95494,270,0,0,0
0,11.97363,344.3408,346.4295,13.94225,270,0,0,0
0,11.98462,344.3413,346.4498,13.9103,270,0,0,0
0,11.99593,344.3382,346.4609,13.87981,270,0,0,0
0,12.00716,344.344,346.4681,13.84863,270,0,0,0
0,12.01795,344.3385,346.4745,13.81841,270,0,0,0
0,12.02936,344.335,346.4857,13.8039,270,0,0,0
0,12.04059,344.3044,346.5006,13.80592,270,0,0,0
0,12.05133,344.2881,346.5109,13.79514,270,0,0,0
0,12.06266,344.269,346.5179,13.78677,270,0,0,0
0,12.07371,344.2587,346.5542,13.76786,270,0,0,0
0,12.0847,344.2567,346.5918,13.72505,270,0,0,0
0,12.09587,344.2677,346.6315,13.67893,270,0,0,0
0,12.10693,344.2435,346.6625,13.65265,270,0,0,0
0,12.11799,344.2068,346.6996,13.62993,270,0,0,0
0,12.1295,344.1604,346.7346,13.59808,270,0,0,0
0,12.14032,344.1384,346.7637,13.60438,270,0,0,0
0,12.15136,344.0899,346.8009,13.58575,270,0,0,0
0,12.1624,344.0704,346.8356,13.54463,270,0,0,0
0,12.17344,344.0586,346.8802,13.52005,270,0,0,0
0,12.18462,344.0266,346.9261,13.44264,270,0,0,0
0,12.19604,344.0318,346.9871,13.38254,270,0,0,0
0,12.20699,343.9952,347.0332,13.29646,270,0,0,0
0,12.21784,343.9714,347.0904,13.21853,270,0,0,0
0,12.22907,343.9818,347.1384,13.11964,270,0,0,0
0,12.24021,344.0613,347.1405,12.9874,270,0,0,0
0,12.25163,344.198,347.1384,12.85815,270,0,0,0
0,12.26274,344.3344,347.1238,12.71012,270,0,0,0
0,12.2735,344.5156,347.0539,12.53475,270,0,0,0
0,12.28526,344.6814,347.0554,12.28687,270,0,0,0
0,12.29552,344.9057,347.0317,12.04357,270,0,0,0
0,12.3068,345.1928,347.0043,11.81145,270,0,0,0
0,12.31792,345.5876,346.9628,11.53506,270,0,0,0
0,12.3294,346.0156,346.8708,11.18287,270,0,0,0
0,12.34051,346.455,346.6716,10.85685,270,0,0,0
0,12.3517,346.7975,346.3864,10.37011,270,0,0,0
0,12.3623,347.3923,346.0415,10.03173,270,0,0,0
0,12.37332,347.8501,345.4837,9.803749,270,0,0,0
0,12.38468,348.3179,344.8237,9.535927,270,0,0,0
0,12.39589,348.9605,343.8704,9.178097,270,0,0,0
0,12.4069,349.6225,342.7133,8.845721,270,0,0,0
0,12.4177,350.3697,341.3199,8.604363,270,0,0,0
0,12.42892,350.9326,339.9783,8.244007,270,0,0,0
0,12.44021,351.4587,338.5612,7.805087,270,0,0,0
0,12.45111,351.9889,337.2228,7.316988,270,0,0,0
0,12.46224,352.5536,335.738,6.795331,270,0,0,0
0,12.47351,353.0362,334.2676,6.347409,270,0,0,0
0,12.48447,353.4642,332.7788,5.818966,270,0,0,0
0,12.49555,353.9517,331.1539,5.307142,270,0,0,0
0,12.50661,354.2483,329.4298,4.88226,270,0,0,0
0,12.51765,354.5105,327.7351,4.444252,270,0,0,0
0,12.5287,354.7481,325.9966,4.031631,270,0,0,0
0,12.53993,354.9361,324.2311,3.662483,270,0,0,0
0,12.55116,355.2086,322.4215,3.362046,270,0,0,0
0,12.56228,355.5127,320.5029,3.120478,270,0,0,0
0,12.57316,355.7848,318.5245,2.919363,270,0,0,0
0,12.58424,355.9904,316.5393,2.770485,270,0,0,0
0,12.59534,356.1021,314.6194,2.541468,270,0,0,0
0,12.6065,356.1576,312.7718,2.259732,270,0,0,0
0,12.61757,356.1635,311.029,1.957532,270,0,0,0
0,12.62929,356.188,309.433,1.663073,270,0,0,0
0,12.64274,356.1838,307.9216,1.409088,270,0,0,0
0,12.65427,356.2047,306.047,1.145282,270,0,0,0
0,12.66047,356.2172,305.37,1.075189,270,0,0,0
0,12.67159,356.1885,304.1941,0.9520425,270,0,0,0
0,12.68257,356.1459,303.231,0.898019,270,0,0,0
0,12.69426,356.1193,302.3269,0.8633044,270,0,0,0
0,12.70502,356.1414,301.5997,0.8558121,270,0,0,0
0,12.71656,356.1974,301.0202,0.8907601,270,0,0,0
0,12.72723,356.3038,300.4874,0.9403992,270,0,0,0
0,12.73818,356.4715,300.1546,1.02493,270,0,0,0
0,12.74952,356.6628,299.8533,1.108298,270,0,0,0
0,12.76034,356.8064,299.705,1.301594,270,0,0,0
0,12.77151,356.9363,299.5833,1.47257,270,0,0,0
0,12.7835,357.0456,299.6007,1.715735,270,0,0,0
0,12.79372,357.1336,299.6575,1.955928,270,0,0,0
0,12.80486,357.2615,299.8615,2.146417,270,0,0,0
0,12.81647,357.4041,300.0923,2.315705,270,0,0,0
0,12.82738,357.5927,300.4357,2.443178,270,0,0,0
0,12.83812,357.7399,300.8154,2.53118,270,0,0,0
0,12.84939,357.8736,301.2055,2.597834,270,0,0,0
0,12.86076,357.995,301.6921,2.638801,270,0,0,0
0,12.87168,358.102,302.2619,2.6868,270,0,0,0
0,12.88326,358.2632,302.9152,2.718432,270,0,0,0
0,12.89383,358.4545,303.7119,2.80656,270,0,0,0
0,12.90499,358.7158,304.5846,2.896675,270,0,0,0
0,12.91596,358.9757,305.5332,3.029327,270,0,0,0
0,12.92708,359.2614,306.6655,3.168604,270,0,0,0
0,12.93824,359.5319,307.8409,3.316092,270,0,0,0
0,12.9496,359.8459,309.2084,3.455867,270,0,0,0
0,12.96053,0.1670612,310.6553,3.619844,270,0,0,0
0,12.97162,0.5286123,312.2409,3.783213,270,0,0,0
0,12.98284,0.9529521,313.9103,3.989522,270,0,0,0
0,12.99415,1.35789,315.5498,4.251851,270,0,0,0
0,13.00542,1.785907,317.2573,4.577101,270,0,0,0
0,13.01655,2.17928,318.9462,4.937114,270,0,0,0
0,13.02782,2.569663,320.7238,5.336309,270,0,0,0
0,13.0393,2.902858,322.5311,5.740206,270,0,0,0
0,13.04991,3.226187,324.3451,6.129586,270,0,0,0
0,13.06102,3.554219,326.1318,6.534677,270,0,0,0
0,13.07265,3.854587,327.9676,6.959835,270,0,0,0
0,13.08357,4.0759,329.7465,7.359408,270,0,0,0
0,13.09512,4.24809,331.5081,7.797296,270,0,0,0
0,13.10625,4.466618,333.3213,8.248051,270,0,0,0
0,13.11742,4.579743,335.1288,8.775642,270,0,0,0
0,13.12915,4.743968,336.9678,9.309825,270,0,0,0
0,13.13996,4.823855,338.7819,9.767783,270,0,0,0
0,13.15082,4.890574,340.6573,10.30751,270,0,0,0
0,13.16185,4.902368,342.5152,10.77417,270,0,0,0
0,13.17305,4.877421,344.3928,11.28951,270,0,0,0
0,13.18435,4.834331,346.2833,11.82022,270,0,0,0
0,13.19543,4.727288,348.1074,12.34199,270,0,0,0
0,13.20614,4.602705,349.9004,12.92052,270,0,0,0
0,13.21728,4.478283,351.7017,13.59177,270,0,0,0
0,13.22858,4.354769,353.5872,14.27122,270,0,0,0
0,13.23966,4.223861,355.4901,15.00603,270,0,0,0
0,13.25135,4.037322,357.2326,15.57048,270,0,0,0
0,13.26181,3.80242,358.8847,16.02365,270,0,0,0
0,13.27294,3.642667,0.3807493,16.18046,270,0,0,0
0,13.28469,3.410247,1.81796,16.31057,270,0,0,0
0,13.29514,3.147276,3.253192,16.51741,270,0,0,0
0,13.30635,3.03165,4.710889,16.63911,270,0,0,0
0,13.31776,2.961514,6.068851,16.75683,270,0,0,0
0,13.32856,2.903826,7.394718,16.90036,270,0,0,0
0,13.3398,2.836869,8.663199,16.99939,270,0,0,0
0,13.35071,2.809722,9.824013,17.04829,270,0,0,0
0,13.36245,2.692398,10.82338,16.89861,270,0,0,0
0,13.37365,2.580151,11.60256,16.90976,270,0,0,0
0,13.3841,2.487636,12.55587,17.00842,270,0,0,0
0,13.39504,2.409315,13.53503,17.09431,270,0,0,0
0,13.40691,2.318376,14.3384,17.31802,270,0,0,0
0,13.41725,2.275881,15.19161,17.54321,270,0,0,0
0,13.4284,2.084218,15.93492,17.53392,270,0,0,0
0,13.43968,1.915544,16.62354,17.46511,270,0,0,0
0,13.45067,1.675758,17.08957,17.27766,270,0,0,0
0,13.46166,1.456381,17.59407,17.09784,270,0,0,0
0,13.47286,1.278229,17.98845,16.95613,270,0,0,0
0,13.48437,1.105223,18.33035,16.86321,270,0,0,0
0,13.49522,0.9476039,18.63103,16.77274,270,0,0,0
0,13.50652,0.7643354,18.8733,16.72628,270,0,0,0
0,13.51721,0.5935408,19.10196,16.63724,270,0,0,0
0,13.52835,0.4176721,19.26822,16.56948,270,0,0,0
0,13.53935,0.2614375,19.39452,16.48215,270,0,0,0
0,13.55061,0.1406367,19.46267,16.41553,270,0,0,0
0,13.56191,0.001752157,19.51607,16.36252,270,0,0,0
0,13.57315,359.8662,19.52954,16.36678,270,0,0,0
0,13.58401,359.714,19.53752,16.36838,270,0,0,0
0,13.59502,359.5394,19.51174,16.38972,270,0,0,0
0,13.60617,359.3263,19.49376,16.37928,270,0,0,0
0,13.61739,359.1347,19.46521,16.3754,270,0,0,0
0,13.62854,358.9327,19.40578,16.32196,270,0,0,0
0,13.6395,358.7457,19.30767,16.2401,270,0,0,0
0,13.65074,358.5486,19.19394,16.16771,270,0,0,0
0,13.66165,358.3441,19.02654,16.03216,270,0,0,0
0,13.67273,358.1395,18.81983,15.87473,270,0,0,0
0,13.68385,357.9622,18.57085,15.68691,270,0,0,0
0,13.69497,357.7857,18.31101,15.47941,270,0,0,0
0,13.70618,357.6581,17.99391,15.25452,270,0,0,0
0,13.71725,357.5618,17.6533,15.04722,270,0,0,0
0,13.72834,357.4931,17.26926,14.83816,270,0,0,0
0,13.73932,357.4197,16.78641,14.63142,270,0,0,0
0,13.75107,357.4311,16.25436,14.43141,270,0,0,0
0,13.76157,357.4407,15.69511,14.15433,270,0,0,0
0,13.77271,357.5642,15.13194,13.86317,270,0,0,0
0,13.7843,357.7038,14.58606,13.52019,270,0,0,0
0,13.79517,357.8669,14.05097,13.24998,270,0,0,0
0,13.80619,358.0675,13.55312,13.04784,270,0,0,0
0,13.81761,358.3501,13.06605,12.93643,270,0,0,0
0,13.82816,358.5892,12.55042,12.82814,270,0,0,0
0,13.83945,358.9328,12.03222,12.68698,270,0,0,0
0,13.85063,359.6291,11.55696,12.53672,270,0,0,0
0,13.86183,359.9697,10.95072,12.42385,270,0,0,0
0,13.87283,0.1257057,10.3687,12.37077,270,0,0,0
0,13.88407,0.2825575,9.884794,12.30233,270,0,0,0
0,13.89524,0.575876,9.462142,12.27479,270,0,0,0
0,13.90697,0.948392,9.078626,12.22884,270,0,0,0
0,13.91752,1.334722,8.711921,12.13364,270,0,0,0
0,13.92817,1.728407,8.334151,11.97203,270,0,0,0
0,13.93946,2.193784,7.961911,11.80959,270,0,0,0
0,13.95051,2.641389,7.576133,11.60619,270,0,0,0
0,13.96214,3.543277,7.108306,11.51364,270,0,0,0
0,13.97303,4.81145,6.686814,11.50898,270,0,0,0
0,13.98382,5.81491,6.287304,11.37402,270,0,0,0
0,13.99502,6.474213,5.850875,11.09745,270,0,0,0
0,14.00632,6.933312,5.375124,10.80885,270,0,0,0
0,14.0173,7.472301,4.858969,10.57642,270,0,0,0
0,14.02825,8.103073,4.359894,10.40443,270,0,0,0
0,14.03951,8.602396,3.864413,10.25126,270,0,0,0
0,14.05046,9.161286,3.399416,10.0905,270,0,0,0
0,14.06158,9.811991,2.927557,9.926786,270,0,0,0
0,14.07283,10.59265,2.451416,9.815489,270,0,0,0
0,14.08367,11.50414,1.973551,9.716046,270,0,0,0
0,14.09489,12.27633,1.494202,9.589112,270,0,0,0
0,14.10592,12.79613,1.036878,9.431974,270,0,0,0
0,14.11736,13.03525,0.5546989,9.190394,270,0,0,0
0,14.12844,13.06741,0.103668,8.843528,270,0,0,0
0,14.13923,13.1701,359.6537,8.544136,270,0,0,0
0,14.15054,13.37087,359.2575,8.272527,270,0,0,0
0,14.16128,13.45091,358.9312,8.02142,270,0,0,0
0,14.17251,13.45763,358.6277,7.768036,270,0,0,0
0,14.1838,13.38583,358.3875,7.522506,270,0,0,0
0,14.19513,13.35753,358.146,7.288079,270,0,0,0
0,14.20611,13.17429,357.9139,7.057482,270,0,0,0
0,14.21708,12.99512,357.6625,6.80558,270,0,0,0
0,14.22808,12.84503,357.3725,6.571392,270,0,0,0
0,14.23911,12.73994,357.1154,6.397691,270,0,0,0
0,14.25061,12.66805,356.9206,6.306179,270,0,0,0
0,14.26131,12.58678,356.7231,6.248366,270,0,0,0
0,14.27264,12.50072,356.5704,6.215315,270,0,0,0
0,14.2842,12.41337,356.4673,6.133722,270,0,0,0
0,14.29498,12.30647,356.3603,6.035262,270,0,0,0
0,14.30658,12.20333,356.2692,5.925967,270,0,0,0
0,14.31738,12.1118,356.1768,5.80329,270,0,0,0
0,14.32849,12.03197,356.0606,5.661657,270,0,0,0
0,14.33917,11.96475,355.9342,5.557765,270,0,0,0
0,14.35023,11.93631,355.8232,5.48442,270,0,0,0
0,14.36134,11.93957,355.734,5.491366,270,0,0,0
0,14.37243,11.91858,355.6548,5.494415,270,0,0,0
0,14.38455,11.88719,355.596,5.514777,270,0,0,0
0,14.39511,11.84403,355.5465,5.492025,270,0,0,0
0,14.40599,11.79474,355.5145,5.446383,270,0,0,0
0,14.41685,11.75281,355.507,5.382774,270,0,0,0
0,14.42869,11.71989,355.505,5.313262,270,0,0,0
0,14.43953,11.71836,355.4899,5.253594,270,0,0,0
0,14.45105,11.70098,355.4637,5.230085,270,0,0,0
0,14.46175,11.69428,355.4584,5.232635,270,0,0,0
0,14.4734,11.67816,355.4694,5.239495,270,0,0,0
0,14.48425,11.6481,355.4762,5.219072,270,0,0,0
0,14.49541,11.62682,355.4895,5.171408,270,0,0,0
0,14.50722,11.60013,355.4973,5.122738,270,0,0,0
0,14.51966,11.57852,355.4843,5.076503,270,0,0,0
0,14.52982,11.56435,355.4408,5.038278,270,0,0,0
0,14.53946,11.54416,355.3846,5.007797,270,0,0,0
0,14.55076,11.52286,355.3416,4.980884,270,0,0,0
0,14.56499,11.49364,355.2964,4.952078,270,0,0,0
0,14.57256,11.44688,355.2938,4.888751,270,0,0,0
0,14.58391,11.41239,355.2983,4.832347,270,0,0,0
0,14.59563,11.4029,355.3271,4.779645,270,0,0,0
0,14.60638,11.36126,355.3466,4.724554,270,0,0,0
0,14.6173,11.32486,355.3643,4.688942,270,0,0,0
0,14.63019,11.29235,355.3587,4.657162,270,0,0,0
0,14.63941,11.24256,355.3568,4.627115,270,0,0,0
0,14.65115,11.19543,355.355,4.602121,270,0,0,0
0,14.66273,11.12892,355.3432,4.559911,270,0,0,0
0,14.67262,11.07061,355.345,4.512897,270,0,0,0
0,14.68343,11.034,355.3392,4.460102,270,0,0,0
0,14.69442,10.99268,355.3271,4.435121,270,0,0,0
0,14.70562,10.95102,355.2909,4.436212,270,0,0,0
0,14.71686,10.89197,355.2743,4.446938,270,0,0,0
0,14.72776,10.85103,355.2686,4.447329,270,0,0,0
0,14.73889,10.81631,355.2599,4.420293,270,0,0,0
0,14.74996,10.77584,355.2567,4.381916,270,0,0,0
0,14.76108,10.72693,355.2346,4.327092,270,0,0,0
0,14.77218,10.66856,355.2196,4.304409,270,0,0,0
0,14.78336,10.6228,355.1827,4.285028,270,0,0,0
0,14.79437,10.57905,355.1436,4.268536,270,0,0,0
0,14.80555,10.54797,355.1172,4.257595,270,0,0,0
0,14.81663,10.50615,355.1082,4.252806,270,0,0,0
0,14.82775,10.47812,355.0959,4.251797,270,0,0,0
0,14.83894,10.44679,355.0942,4.231699,270,0,0,0
0,14.85034,10.42545,355.0851,4.205116,270,0,0,0
0,14.86113,10.38873,355.0831,4.187257,270,0,0,0
0,14.87229,10.33693,355.0629,4.172761,270,0,0,0
0,14.88346,10.28131,355.0402,4.194178,270,0,0,0
0,14.89494,10.21383,355.0416,4.211617,270,0,0,0
0,14.90557,10.12899,355.0235,4.206227,270,0,0,0
0,14.91667,10.0344,355.0147,4.214042,270,0,0,0
0,14.93185,9.940501,355.0037,4.191333,270,0,0,0
0,14.93915,9.835187,355.0085,4.173309,270,0,0,0
0,14.95002,9.709035,354.9848,4.160156,270,0,0,0
0,14.96122,9.615363,354.9799,4.144419,270,0,0,0
0,14.9725,9.490624,354.9622,4.140621,270,0,0,0
0,14.98326,9.373935,354.9424,4.142637,270,0,0,0
0,14.99446,9.273499,354.9108,4.132099,270,0,0,0
0,15.00587,9.170459,354.8869,4.127892,270,0,0,0
0,15.01676,9.083427,354.8766,4.129771,270,0,0,0
0,15.0278,8.984748,354.8611,4.12724,270,0,0,0
0,15.03879,8.894635,354.8455,4.106578,270,0,0,0
0,15.05026,8.781309,354.8362,4.107876,270,0,0,0
0,15.06114,8.683844,354.8374,4.088428,270,0,0,0
0,15.07217,8.568709,354.8436,4.075745,270,0,0,0
0,15.08389,8.459824,354.848,4.063933,270,0,0,0
0,15.09426,8.34685,354.8531,4.066097,270,0,0,0
0,15.1055,8.225702,354.8332,4.080458,270,0,0,0
0,15.11671,8.094377,354.8274,4.087013,270,0,0,0
0,15.12781,7.983953,354.8329,4.088828,270,0,0,0
0,15.13935,7.892451,354.8519,4.072059,270,0,0,0
0,15.15399,7.79721,354.8592,4.074919,270,0,0,0
0,15.16104,7.722136,354.8647,4.070621,270,0,0,0
0,15.17272,7.647368,354.8685,4.078029,270,0,0,0
0,15.18334,7.574209,354.8631,4.085846,270,0,0,0
0,15.19426,7.533407,354.8689,4.106554,270,0,0,0
0,15.20544,7.480095,354.8399,4.151907,270,0,0,0
0,15.21667,7.410095,354.8263,4.17174,270,0,0,0
0,15.22762,7.347108,354.8091,4.193768,270,0,0,0
0,15.23892,7.291762,354.8075,4.225809,270,0,0,0
0,15.24989,7.256885,354.7907,4.245086,270,0,0,0
0,15.26097,7.228372,354.794,4.275556,270,0,0,0
0,15.27206,7.189342,354.7928,4.300352,270,0,0,0
0,15.28339,7.132689,354.7749,4.34302,270,0,0,0
0,15.29431,7.06616,354.7602,4.382039,270,0,0,0
0,15.30533,6.993393,354.7333,4.425248,270,0,0,0
0,15.31677,6.913175,354.7095,4.45618,270,0,0,0
0,15.3276,6.77526,354.6801,4.490016,270,0,0,0
0,15.33875,6.62317,354.6282,4.497453,270,0,0,0
0,15.34984,6.433386,354.5726,4.512944,270,0,0,0
0,15.36091,6.173891,354.5065,4.518804,270,0,0,0
0,15.37199,5.851855,354.4245,4.518102,270,0,0,0
0,15.38328,5.510611,354.3323,4.519035,270,0,0,0
0,15.39454,5.157734,354.2497,4.483988,270,0,0,0
0,15.40581,4.828417,354.1924,4.447536,270,0,0,0
0,15.41738,4.468237,354.1674,4.436126,270,0,0,0
0,15.42764,4.10704,354.156,4.436851,270,0,0,0
0,15.43872,3.722028,354.1052,4.438764,270,0,0,0
0,15.45026,3.294933,354.0359,4.461086,270,0,0,0
0,15.46079,2.864275,353.9492,4.475872,270,0,0,0
0,15.47194,2.417334,353.8506,4.491599,270,0,0,0
0,15.48303,1.95876,353.7633,4.507661,270,0,0,0
0,15.49427,1.48643,353.6566,4.514525,270,0,0,0
0,15.50523,0.9996939,353.57,4.516496,270,0,0,0
0,15.51658,0.4424642,353.4434,4.535686,270,0,0,0
0,15.5274,359.6822,353.228,4.642638,270,0,0,0
0,15.53865,359.0536,353.0336,4.689924,270,0,0,0
0,15.5506,358.5617,352.8465,4.685811,270,0,0,0
0,15.56094,358.1768,352.6577,4.719289,270,0,0,0
0,15.57194,357.7665,352.4648,4.78938,270,0,0,0
0,15.58297,357.245,352.2893,4.90235,270,0,0,0
0,15.59432,356.6137,352.0999,5.026524,270,0,0,0
0,15.60537,355.9791,351.8585,5.19922,270,0,0,0
0,15.61619,355.2274,351.6396,5.286587,270,0,0,0
0,15.62756,354.7548,351.4286,5.375352,270,0,0,0
0,15.63853,354.2797,351.2752,5.429933,270,0,0,0
0,15.64968,353.6335,351.1308,5.515472,270,0,0,0
0,15.66068,352.8573,350.9709,5.683114,270,0,0,0
0,15.67177,352.2741,350.8198,5.86046,270,0,0,0
0,15.68291,351.8585,350.6248,6.069126,270,0,0,0
0,15.69411,351.5048,350.4592,6.318186,270,0,0,0
0,15.7051,351.0644,350.3113,6.557975,270,0,0,0
0,15.71659,350.747,350.0834,6.765841,270,0,0,0
0,15.72724,350.3203,350.0323,6.807466,270,0,0,0
0,15.73841,349.9771,349.8792,6.831605,270,0,0,0
0,15.74963,349.6276,349.6803,6.827005,270,0,0,0
0,15.76074,349.3586,349.5174,6.859771,270,0,0,0
0,15.77175,349.1704,349.3586,6.898266,270,0,0,0
0,15.78309,349.0476,349.2331,6.983542,270,0,0,0
0,15.79409,348.9872,349.0844,7.140214,270,0,0,0
0,15.80513,348.8331,348.9175,7.310698,270,0,0,0
0,15.81624,348.6568,348.7345,7.479914,270,0,0,0
0,15.82767,348.4288,348.5724,7.604266,270,0,0,0
0,15.83837,348.1962,348.373,7.732015,270,0,0,0
0,15.84955,347.8929,348.1749,7.803846,270,0,0,0
0,15.86111,347.5284,347.9969,7.847338,270,0,0,0
0,15.87169,347.1567,347.8386,7.835559,270,0,0,0
0,15.88287,346.8174,347.6822,7.804927,270,0,0,0
0,15.89401,346.6151,347.5976,7.74725,270,0,0,0
0,15.90555,346.4623,347.5343,7.714125,270,0,0,0
0,15.91613,346.3786,347.477,7.69633,270,0,0,0
0,15.92742,346.2915,347.4045,7.723382,270,0,0,0
0,15.93856,346.2771,347.3244,7.759936,270,0,0,0
0,15.94985,346.2822,347.2113,7.82697,270,0,0,0
0,15.96075,346.2968,347.12,7.887424,270,0,0,0
0,15.97225,346.3181,347.0945,7.918118,270,0,0,0
0,15.983,346.3318,347.0878,7.947227,270,0,0,0
0,15.99401,346.3495,347.1206,7.973762,270,0,0,0
0,16.00535,346.3465,347.1711,8.004646,270,0,0,0
0,16.01645,346.3564,347.231,8.004243,270,0,0,0
0,16.02736,346.3432,347.2756,8.031579,270,0,0,0
0,16.03841,346.3445,347.3284,8.049553,270,0,0,0
0,16.0494,346.3638,347.3739,8.08645,270,0,0,0
0,16.06064,346.3793,347.4115,8.142298,270,0,0,0
0,16.07172,346.4073,347.4344,8.200497,270,0,0,0
0,16.08279,346.4171,347.4487,8.249207,270,0,0,0
0,16.09444,346.4267,347.4438,8.277158,270,0,0,0
0,16.10512,346.4267,347.4424,8.287173,270,0,0,0
0,16.11629,346.4242,347.4594,8.272026,270,0,0,0
0,16.12727,346.417,347.4674,8.261586,270,0,0,0
0,16.13854,346.4157,347.4607,8.266043,270,0,0,0
0,16.14974,346.4056,347.4593,8.269743,270,0,0,0
0,16.16055,346.402,347.4304,8.268204,270,0,0,0
0,16.17174,346.3842,347.4038,8.28007,270,0,0,0
0,16.18292,346.3664,347.3764,8.287124,270,0,0,0
0,16.19419,346.3379,347.35,8.283198,270,0,0,0
0,16.20519,346.3093,347.3709,8.263801,270,0,0,0
0,16.21622,346.2564,347.419,8.22904,270,0,0,0
0,16.22754,346.2088,347.4633,8.200176,270,0,0,0
0,16.2387,346.1559,347.5266,8.179431,270,0,0,0
0,16.2495,346.1362,347.5853,8.160286,270,0,0,0
0,16.26057,346.1165,347.6381,8.155296,270,0,0,0
0,16.27253,346.1137,347.701,8.16215,270,0,0,0
0,16.28353,346.0884,347.7536,8.166481,270,0,0,0
0,16.29401,346.083,347.791,8.157077,270,0,0,0
0,16.305,346.0538,347.8256,8.159527,270,0,0,0
0,16.31619,346.0502,347.8625,8.141527,270,0,0,0
0,16.3275,346.0511,347.8896,8.146189,270,0,0,0
0,16.33835,346.0793,347.8858,8.157395,270,0,0,0
0,16.34934,346.1148,347.8965,8.186099,270,0,0,0
0,16.36068,346.1451,347.8888,8.203627,270,0,0,0
0,16.37159,346.1386,347.9059,8.18455,270,0,0,0
0,16.38271,346.1304,347.9361,8.173939,270,0,0,0
0,16.39446,346.106,347.996,8.145887,270,0,0,0
0,16.40534,346.0623,348.0464,8.142778,270,0,0,0
0,16.41602,346.0321,348.0992,8.169408,270,0,0,0
0,16.42715,346.0236,348.1267,8.19935,270,0,0,0
0,16.43875,346.0294,348.1614,8.250842,270,0,0,0
0,16.4494,346.0249,348.1857,8.291896,270,0,0,0
0,16.46037,346.0263,348.1956,8.334266,270,0,0,0
0,16.47186,345.9953,348.1964,8.343191,270,0,0,0
0,16.48258,345.9659,348.184,8.368005,270,0,0,0
0,16.49389,345.9092,348.1762,8.396512,270,0,0,0
0,16.50485,345.8387,348.1862,8.430256,270,0,0,0
0,16.51596,345.7791,348.1702,8.438112,270,0,0,0
0,16.52714,345.7007,348.1717,8.426843,270,0,0,0
0,16.53811,345.6329,348.1503,8.415133,270,0,0,0
0,16.54938,345.5527,348.1349,8.398962,270,0,0,0
0,16.56051,345.4973,348.1153,8.377075,270,0,0,0
0,16.57153,345.4398,348.0965,8.344136,270,0,0,0
0,16.58255,345.3839,348.0985,8.33195,270,0,0,0
0,16.59349,345.328,348.0982,8.303025,270,0,0,0
0,16.60472,345.2733,348.1207,8.272645,270,0,0,0
0,16.61646,345.2117,348.1351,8.244777,270,0,0,0
0,16.62691,345.166,348.1605,8.228065,270,0,0,0
0,16.63811,345.1178,348.172,8.228672,270,0,0,0
0,16.64918,345.0973,348.1969,8.215965,270,0,0,0
0,16.66051,345.0526,348.2194,8.214115,270,0,0,0
0,16.67125,345.0262,348.2509,8.207331,270,0,0,0
0,16.68243,344.9913,348.293,8.218804,270,0,0,0
0,16.6934,344.9728,348.3313,8.21551,270,0,0,0
0,16.70483,344.9688,348.3862,8.208825,270,0,0,0
0,16.71596,344.9523,348.4294,8.20019,270,0,0,0
0,16.72685,344.9506,348.4599,8.208169,270,0,0,0
0,16.73811,344.9579,348.4728,8.235793,270,0,0,0
0,16.7491,344.9763,348.4877,8.258606,270,0,0,0
0,16.76014,345.0093,348.5142,8.269156,270,0,0,0
0,16.77135,345.0438,348.581,8.2544,270,0,0,0
0,16.78268,345.0905,348.7113,8.22441,270,0,0,0
0,16.79354,345.1309,348.8993,8.190248,270,0,0,0
0,16.80475,345.1539,349.1281,8.141373,270,0,0,0
0,16.81603,345.1723,349.3804,8.107125,270,0,0,0
0,16.82687,345.2178,349.6348,8.106063,270,0,0,0
0,16.83815,345.279,349.9194,8.119304,270,0,0,0
0,16.84911,345.3914,350.2755,8.158485,270,0,0,0
0,16.8603,345.4841,350.6841,8.197927,270,0,0,0
0,16.87127,345.5592,351.1998,8.262864,270,0,0,0
0,16.88225,345.6013,351.7809,8.344413,270,0,0,0
0,16.89351,345.5911,352.3751,8.392046,270,0,0,0
0,16.90467,345.5301,352.9429,8.430384,270,0,0,0
0,16.91585,345.0634,353.6108,8.402328,270,0,0,0
0,16.92744,345.1137,354.2032,8.310433,270,0,0,0
0,16.93799,345.2443,354.7894,8.345854,270,0,0,0
0,16.94918,345.3183,355.3987,8.365313,270,0,0,0
0,16.96009,345.4448,356.0371,8.410909,270,0,0,0
0,16.97144,345.5855,356.6372,8.46246,270,0,0,0
0,16.98239,345.7056,357.2234,8.525436,270,0,0,0
0,16.9934,345.807,357.7956,8.60608,270,0,0,0
0,17.00454,345.9373,358.39,8.673847,270,0,0,0
0,17.01634,346.0512,359.0025,8.74716,270,0,0,0
0,17.02683,346.1544,359.6451,8.812761,270,0,0,0
0,17.03795,346.2831,0.3573384,8.843693,270,0,0,0
0,17.04981,346.4058,1.031591,8.893112,270,0,0,0
0,17.06014,346.4901,1.732104,8.949148,270,0,0,0
0,17.07123,346.606,2.458982,9.015363,270,0,0,0
0,17.0826,346.7498,3.237691,9.10129,270,0,0,0
0,17.09354,346.9216,4.093199,9.211278,270,0,0,0
0,17.1047,347.1185,5.011888,9.296352,270,0,0,0
0,17.1158,347.2793,6.031196,9.382496,270,0,0,0
0,17.12696,347.3758,7.054256,9.495214,270,0,0,0
0,17.13799,347.4682,8.089525,9.617937,270,0,0,0
0,17.1491,347.5746,9.112041,9.710582,270,0,0,0
0,17.1601,347.6859,10.12096,9.839661,270,0,0,0
0,17.17115,347.7805,11.24018,9.949619,270,0,0,0
0,17.18238,347.8882,12.37993,10.02881,270,0,0,0
0,17.19346,347.8037,13.66593,10.01271,270,0,0,0
0,17.20483,347.7202,14.95739,9.962779,270,0,0,0
0,17.21565,347.8856,16.22897,9.978323,270,0,0,0
0,17.22701,348.0213,17.5069,10.05001,270,0,0,0
0,17.23789,348.1918,18.91097,10.11032,270,0,0,0
0,17.24944,348.1308,20.1798,10.24017,270,0,0,0
0,17.26014,348.0087,21.46633,10.442,270,0,0,0
0,17.27117,348.0593,22.7045,10.49334,270,0,0,0
0,17.28265,348.2318,23.89897,10.51725,270,0,0,0
0,17.29342,348.064,24.95844,10.45011,270,0,0,0
0,17.30457,348.0742,25.97303,10.25392,270,0,0,0
0,17.316,347.9619,26.85852,9.951997,270,0,0,0
0,17.32666,347.7771,27.71843,9.650927,270,0,0,0
0,17.33856,347.599,28.48834,9.43532,270,0,0,0
0,17.34919,347.4614,29.18676,9.335972,270,0,0,0
0,17.36046,347.4468,29.72435,9.371865,270,0,0,0
0,17.37152,347.5774,30.14601,9.343515,270,0,0,0
0,17.38259,347.582,30.57791,9.227382,270,0,0,0
0,17.3934,347.5411,30.87655,9.076509,270,0,0,0
0,17.40454,347.5252,31.22457,8.902241,270,0,0,0
0,17.4156,347.469,31.50354,8.683115,270,0,0,0
0,17.42692,347.376,31.75079,8.447872,270,0,0,0
0,17.43826,347.2904,31.91351,8.244067,270,0,0,0
0,17.44892,347.2024,31.98099,8.12732,270,0,0,0
0,17.45996,347.1342,32.03823,8.060543,270,0,0,0
0,17.47179,347.1104,32.04004,8.052808,270,0,0,0
0,17.48224,347.0635,32.04253,8.025206,270,0,0,0
0,17.49324,346.9924,32.01726,8.004478,270,0,0,0
0,17.50461,346.9293,31.9936,8.007305,270,0,0,0
0,17.51573,346.8913,31.98106,8.02539,270,0,0,0
0,17.52765,346.8337,31.94872,8.072739,270,0,0,0
0,17.53796,346.775,31.88935,8.149369,270,0,0,0
0,17.54973,346.7207,31.79533,8.264757,270,0,0,0
0,17.55995,346.6949,31.71684,8.350812,270,0,0,0
0,17.57146,346.6482,31.62879,8.447985,270,0,0,0
0,17.58197,346.6116,31.51196,8.538568,270,0,0,0
0,17.59352,346.5666,31.35625,8.630733,270,0,0,0
0,17.60438,346.5188,31.17025,8.732738,270,0,0,0
0,17.61544,346.4683,30.8898,8.816732,270,0,0,0
0,17.62654,346.4203,30.55886,8.885504,270,0,0,0
0,17.63752,346.3774,30.18878,8.925256,270,0,0,0
0,17.64866,346.3492,29.78131,8.920142,270,0,0,0
0,17.65974,346.3532,29.32311,8.848408,270,0,0,0
0,17.67121,346.4058,28.85762,8.801216,270,0,0,0
0,17.68194,346.4843,28.38704,8.683213,270,0,0,0
0,17.69324,346.5541,27.85761,8.54842,270,0,0,0
0,17.70424,346.6052,27.30617,8.399426,270,0,0,0
0,17.71526,346.668,26.67463,8.221078,270,0,0,0
0,17.7265,346.7427,25.99459,8.068591,270,0,0,0
0,17.73753,346.8656,25.2454,7.922948,270,0,0,0
0,17.74953,346.866,24.46857,7.779439,270,0,0,0
0,17.75999,346.9784,23.68453,7.696264,270,0,0,0
0,17.77112,347.0375,22.92048,7.595274,270,0,0,0
0,17.78249,347.1114,22.24947,7.509873,270,0,0,0
0,17.79319,347.302,21.59636,7.460054,270,0,0,0
0,17.8043,347.524,20.98114,7.372512,270,0,0,0
0,17.81567,347.6963,20.34657,7.291793,270,0,0,0
0,17.82655,347.8492,19.64771,7.243658,270,0,0,0
0,17.8376,347.9935,18.88143,7.223192,270,0,0,0
0,17.84866,348.2134,18.08779,7.160728,270,0,0,0
0,17.86008,348.4142,17.32954,7.036945,270,0,0,0
0,17.87107,348.6972,16.61601,6.919643,270,0,0,0
0,17.88219,349.0292,15.92959,6.770318,270,0,0,0
0,17.89357,349.3885,15.23766,6.655536,270,0,0,0
0,17.90435,349.752,14.54253,6.53903,270,0,0,0
0,17.91542,350.0907,13.8603,6.432076,270,0,0,0
0,17.92645,350.6555,13.24526,6.343055,270,0,0,0
0,17.93793,351.3507,12.6435,6.236505,270,0,0,0
0,17.949,351.8224,11.98118,6.147624,270,0,0,0
0,17.96026,352.2445,11.31652,6.055555,270,0,0,0
0,17.97142,352.6313,10.68902,5.940285,270,0,0,0
0,17.98206,353.0222,10.02004,5.859511,270,0,0,0
0,17.9933,353.3882,9.329413,5.818411,270,0,0,0
0,18.00425,353.7463,8.588983,5.82758,270,0,0,0
0,18.01537,354.1512,7.890131,5.888391,270,0,0,0
0,18.02645,354.6665,7.231472,5.92605,270,0,0,0
0,18.03783,355.2402,6.585753,6.028543,270,0,0,0
0,18.04909,356.0672,5.851326,6.25347,270,0,0,0
0,18.06009,357.5046,5.159634,6.575113,270,0,0,0
0,18.07106,358.8375,4.516952,6.746585,270,0,0,0
0,18.08232,359.8323,3.854835,6.801144,270,0,0,0
0,18.09332,0.5906746,3.185448,6.786786,270,0,0,0
0,18.1047,1.278082,2.548145,6.720312,270,0,0,0
0,18.11556,1.955657,1.984512,6.572968,270,0,0,0
0,18.12679,2.520695,1.453966,6.424015,270,0,0,0
0,18.13754,2.692471,0.9344013,6.261519,270,0,0,0
0,18.14878,2.695362,0.4393973,6.124858,270,0,0,0
0,18.15992,2.846422,359.9424,6.018453,270,0,0,0
0,18.17152,3.170531,359.4698,5.943957,270,0,0,0
0,18.18196,3.766659,358.9893,5.935139,270,0,0,0
0,18.1934,4.317277,358.4885,5.913907,270,0,0,0
0,18.20436,4.641349,358.0106,5.839628,270,0,0,0
0,18.21538,4.771279,357.5869,5.678973,270,0,0,0
0,18.22644,4.990723,357.1144,5.539888,270,0,0,0
0,18.23756,5.207092,356.6397,5.418252,270,0,0,0
0,18.2485,5.30004,356.214,5.272789,270,0,0,0
0,18.25968,5.223949,355.827,5.089554,270,0,0,0
0,18.27074,4.885393,355.4859,4.903398,270,0,0,0
0,18.28224,4.587667,355.1682,4.728587,270,0,0,0
0,18.29298,4.465322,354.943,4.535954,270,0,0,0
0,18.30404,4.374065,354.69,4.378851,270,0,0,0
0,18.31555,4.187871,354.4421,4.245575,270,0,0,0
0,18.3264,4.024596,354.2006,4.125959,270,0,0,0
0,18.33743,3.976845,354.0206,3.953804,270,0,0,0
0,18.34853,3.943667,353.803,3.811553,270,0,0,0
0,18.36024,3.939809,353.5423,3.706511,270,0,0,0
0,18.3708,4.123406,353.254,3.623446,270,0,0,0
0,18.3821,4.294676,352.9875,3.519397,270,0,0,0
0,18.39315,4.23262,352.7454,3.41727,270,0,0,0
0,18.40408,4.127388,352.4753,3.300028,270,0,0,0
0,18.41533,4.093461,352.1971,3.186991,270,0,0,0
0,18.42632,4.066863,351.9258,3.095484,270,0,0,0
0,18.43737,4.030129,351.6829,2.988308,270,0,0,0
0,18.44857,3.975165,351.4682,2.863715,270,0,0,0
0,18.45952,3.90094,351.2526,2.776059,270,0,0,0
0,18.47084,3.849838,351.0563,2.711366,270,0,0,0
0,18.48188,3.836164,350.8622,2.646267,270,0,0,0
0,18.49329,3.823029,350.6675,2.619339,270,0,0,0
0,18.50432,3.817985,350.4556,2.616099,270,0,0,0
0,18.5156,3.882307,350.255,2.648719,270,0,0,0
0,18.52676,3.963971,350.072,2.679307,270,0,0,0
0,18.53807,4.010428,349.9325,2.688459,270,0,0,0
0,18.54892,3.962747,349.8246,2.684683,270,0,0,0
0,18.56012,3.82375,349.7348,2.649515,270,0,0,0
0,18.57146,3.649824,349.6805,2.610931,270,0,0,0
0,18.58308,3.522532,349.6639,2.568987,270,0,0,0
0,18.59321,3.376313,349.6458,2.567456,270,0,0,0
0,18.60487,3.22795,349.6292,2.58211,270,0,0,0
0,18.61724,3.068259,349.6144,2.612432,270,0,0,0
0,18.62742,2.925775,349.6252,2.648161,270,0,0,0
0,18.63749,2.798378,349.6411,2.679087,270,0,0,0
0,18.64887,2.642132,349.6868,2.706459,270,0,0,0
0,18.6621,2.473292,349.7267,2.736826,270,0,0,0
0,18.67057,2.289221,349.7932,2.723839,270,0,0,0
0,18.68167,2.155324,349.8812,2.713681,270,0,0,0
0,18.69383,2.064162,349.9808,2.726557,270,0,0,0
0,18.70388,1.960546,350.0798,2.745911,270,0,0,0
0,18.7151,1.829317,350.1964,2.765833,270,0,0,0
0,18.72603,1.741086,350.3377,2.77953,270,0,0,0
0,18.73734,1.691541,350.4721,2.78728,270,0,0,0
0,18.74817,1.65249,350.6127,2.821031,270,0,0,0
0,18.75954,1.665102,350.752,2.875906,270,0,0,0
0,18.77077,1.692027,350.8726,2.957779,270,0,0,0
0,18.7818,1.723497,350.9985,3.068281,270,0,0,0
0,18.79275,1.731608,351.1006,3.182965,270,0,0,0
0,18.80382,1.766379,351.1945,3.249247,270,0,0,0
0,18.815,1.777369,351.258,3.315994,270,0,0,0
0,18.826,1.780951,351.307,3.357456,270,0,0,0
0,18.83705,1.809841,351.3619,3.400731,270,0,0,0
0,18.84806,1.854281,351.4074,3.426878,270,0,0,0
0,18.85935,1.914398,351.4641,3.446745,270,0,0,0
0,18.87325,1.9706,351.5074,3.476333,270,0,0,0
0,18.88249,1.997889,351.5347,3.500675,270,0,0,0
0,18.89412,1.998487,351.5548,3.521268,270,0,0,0
0,18.90475,1.995425,351.5818,3.513754,270,0,0,0
0,18.9168,1.973056,351.5934,3.497158,270,0,0,0
0,18.9266,1.950241,351.6098,3.494317,270,0,0,0
0,18.9396,1.937652,351.6455,3.483437,270,0,0,0
0,18.94881,1.935075,351.6935,3.47485,270,0,0,0
0,18.95967,1.913,351.7212,3.482527,270,0,0,0
0,18.97135,1.89931,351.763,3.469429,270,0,0,0
0,18.98268,1.878606,351.8123,3.464358,270,0,0,0
0,18.99331,1.834596,351.8441,3.450698,270,0,0,0
0,19.00525,1.775582,351.8638,3.448802,270,0,0,0
0,19.01491,1.70205,351.9032,3.451251,270,0,0,0
0,19.02655,1.646888,351.9604,3.445952,270,0,0,0
0,19.03712,1.600156,351.9983,3.424399,270,0,0,0
0,19.04823,1.593796,352.0222,3.405823,270,0,0,0
0,19.06014,1.618437,352.0377,3.381263,270,0,0,0
0,19.07035,1.638767,352.0448,3.35957,270,0,0,0
0,19.0815,1.654346,352.0412,3.327539,270,0,0,0
0,19.09273,1.668059,352.0179,3.310451,270,0,0,0
0,19.10397,1.680074,351.9659,3.285898,270,0,0,0
0,19.1149,1.693121,351.9003,3.285432,270,0,0,0
0,19.12652,1.694972,351.8417,3.278543,270,0,0,0
0,19.13727,1.699559,351.7878,3.2448,270,0,0,0
0,19.1482,1.683774,351.7421,3.20095,270,0,0,0
0,19.15926,1.701911,351.687,3.138197,270,0,0,0
0,19.17052,1.757693,351.6509,3.063639,270,0,0,0
0,19.18166,1.833141,351.6051,3.023749,270,0,0,0
0,19.19255,1.854423,351.5511,2.99582,270,0,0,0
0,19.20362,1.886927,351.4781,2.957442,270,0,0,0
0,19.2151,1.945752,351.4246,2.911883,270,0,0,0
0,19.22596,2.110758,351.394,2.811599,270,0,0,0
0,19.23722,2.422223,351.3411,2.760676,270,0,0,0
0,19.24814,2.500219,351.2641,2.731264,270,0,0,0
0,19.25943,2.441154,351.1959,2.68291,270,0,0,0
0,19.27034,2.400159,351.145,2.643841,270,0,0,0
0,19.28181,2.41897,351.1316,2.598227,270,0,0,0
0,19.29259,2.45466,351.1095,2.548886,270,0,0,0
0,19.30372,2.462338,351.0878,2.535191,270,0,0,0
0,19.31479,2.46492,351.0463,2.509346,270,0,0,0
0,19.32584,2.458406,350.9932,2.482192,270,0,0,0
0,19.33701,2.428761,350.9434,2.451922,270,0,0,0
0,19.34853,2.411562,350.8858,2.418745,270,0,0,0
0,19.35934,2.36305,350.8173,2.411056,270,0,0,0
0,19.37066,2.308721,350.7625,2.405685,270,0,0,0
0,19.38178,2.260491,350.694,2.386621,270,0,0,0
0,19.39286,2.214167,350.6405,2.375346,270,0,0,0
0,19.4038,2.172296,350.5939,2.351944,270,0,0,0
0,19.41486,2.136152,350.548,2.34006,270,0,0,0
0,19.42697,2.120759,350.5137,2.341848,270,0,0,0
0,19.43883,2.096603,350.4641,2.353955,270,0,0,0
0,19.44952,2.059736,350.4415,2.341568,270,0,0,0
0,19.46054,2.011068,350.3943,2.337265,270,0,0,0
0,19.47164,1.977054,350.3528,2.327771,270,0,0,0
0,19.48162,1.917119,350.3143,2.317572,270,0,0,0
0,19.49295,1.87448,350.2686,2.278369,270,0,0,0
0,19.50406,1.84497,350.2207,2.25029,270,0,0,0
0,19.51704,1.815656,350.1891,2.236819,270,0,0,0
0,19.52728,1.80759,350.1557,2.247351,270,0,0,0
0,19.53707,1.802731,350.1206,2.249309,270,0,0,0
0,19.54903,1.790429,350.1064,2.256927,270,0,0,0
0,19.5593,1.777622,350.1018,2.262001,270,0,0,0
0,19.57014,1.763047,350.094,2.259693,270,0,0,0
0,19.5812,1.734343,350.0735,2.261733,270,0,0,0
0,19.59234,1.704005,350.044,2.252168,270,0,0,0
0,19.60367,1.686065,350.0029,2.248213,270,0,0,0
0,19.61461,1.66185,349.9598,2.2289,270,0,0,0
0,19.62579,1.64458,349.904,2.237126,270,0,0,0
0,19.63659,1.62676,349.8567,2.240883,270,0,0,0
0,19.64786,1.620199,349.7905,2.255577,270,0,0,0
0,19.65958,1.605057,349.7188,2.251347,270,0,0,0
0,19.66995,1.59728,349.6711,2.24723,270,0,0,0
0,19.68108,1.599165,349.6168,2.231876,270,0,0,0
0,19.69218,1.57973,349.5508,2.221043,270,0,0,0
0,19.70322,1.560451,349.4799,2.200665,270,0,0,0
0,19.71447,1.523507,349.4044,2.16434,270,0,0,0
0,19.72577,1.49043,349.3647,2.111968,270,0,0,0
0,19.73652,1.469261,349.3252,2.06721,270,0,0,0
0,19.7477,1.469414,349.2939,2.028613,270,0,0,0
0,19.75903,1.457971,349.269,1.998018,270,0,0,0
0,19.77099,1.45443,349.2344,1.962153,270,0,0,0
0,19.78399,1.439211,349.2397,1.943016,270,0,0,0
0,19.79257,1.462494,349.2419,1.862691,270,0,0,0
0,19.80392,1.446222,349.2829,1.872447,270,0,0,0
0,19.81584,1.419334,349.2523,1.879803,270,0,0,0
0,19.82598,1.439126,349.2496,1.858116,270,0,0,0
0,19.83737,1.453213,349.2608,1.855731,270,0,0,0
0,19.84888,1.463746,349.2704,1.864817,270,0,0,0
0,19.8603,1.490989,349.2755,1.905329,270,0,0,0
0,19.86992,1.532717,349.2552,1.968475,270,0,0,0
0,19.88114,1.573852,349.2401,2.019707,270,0,0,0
0,19.89218,1.613514,349.2156,2.05788,270,0,0,0
0,19.90344,1.648439,349.2036,2.085744,270,0,0,0
0,19.9143,1.694281,349.1829,2.105667,270,0,0,0
0,19.92547,1.742849,349.169,2.111836,270,0,0,0
0,19.93665,1.757715,349.1194,2.116991,270,0,0,0
0,19.94806,1.778379,349.0883,2.121038,270,0,0,0
0,19.95899,1.786716,349.0395,2.105787,270,0,0,0
0,19.97042,1.801451,349.0104,2.115051,270,0,0,0
0,19.98116,1.813412,348.9768,2.113145,270,0,0,0
0,19.99214,1.82137,348.9687,2.121994,270,0,0,0
0,20.00377,1.803296,348.9781,2.121737,270,0,0,0
0,20.01489,1.808963,348.9699,2.123495,270,0,0,0
0,20.02548,1.794458,348.9857,2.109584,270,0,0,0
0,20.0367,1.767586,348.9975,2.088909,270,0,0,0
0,20.04796,1.737376,349.0168,2.066281,270,0,0,0
0,20.05889,1.732561,349.0381,2.043798,270,0,0,0
0,20.06993,1.746763,349.0526,2.053833,270,0,0,0
0,20.08118,1.759883,349.0625,2.064423,270,0,0,0
0,20.09237,1.776937,349.0848,2.059627,270,0,0,0
0,20.10319,1.779911,349.11,2.062286,270,0,0,0
0,20.11453,1.798979,349.1437,2.078448,270,0,0,0
0,20.12576,1.822429,349.1668,2.094922,270,0,0,0
0,20.13652,1.833734,349.183,2.11115,270,0,0,0
0,20.14782,1.849627,349.2014,2.132374,270,0,0,0
0,20.15937,1.876405,349.2211,2.154247,270,0,0,0
0,20.16989,1.885964,349.2327,2.180126,270,0,0,0
0,20.18101,1.928749,349.2518,2.195763,270,0,0,0
0,20.19219,1.941666,349.2778,2.200209,270,0,0,0
0,20.20358,1.975648,349.3048,2.188952,270,0,0,0
0,20.21427,2.015344,349.3336,2.172373,270,0,0,0
0,20.2254,2.053658,349.3737,2.170017,270,0,0,0
0,20.23649,2.092082,349.3936,2.172269,270,0,0,0
0,20.24767,2.131696,349.4128,2.185749,270,0,0,0
0,20.25895,2.20032,349.4303,2.201149,270,0,0,0
0,20.26991,2.259487,349.4474,2.217351,270,0,0,0
0,20.28248,2.285282,349.4591,2.260322,270,0,0,0
0,20.29253,2.292363,349.4539,2.28814,270,0,0,0
0,20.30398,2.32383,349.4581,2.285377,270,0,0,0
0,20.31837,2.38442,349.4457,2.296572,270,0,0,0
0,20.32655,2.414586,349.4381,2.295632,270,0,0,0
0,20.33726,2.435996,349.4157,2.301586,270,0,0,0
0,20.34822,2.446174,349.3906,2.303266,270,0,0,0
0,20.36006,2.468697,349.3553,2.308479,270,0,0,0
0,20.37106,2.482365,349.3396,2.294417,270,0,0,0
0,20.38161,2.493348,349.3236,2.296621,270,0,0,0
0,20.39372,2.477852,349.297,2.29096,270,0,0,0
0,20.40382,2.468949,349.2856,2.287601,270,0,0,0
0,20.41536,2.460182,349.2597,2.267648,270,0,0,0
0,20.42647,2.43231,349.2708,2.252185,270,0,0,0
0,20.43693,2.412799,349.2723,2.224934,270,0,0,0
0,20.44802,2.389403,349.2969,2.214817,270,0,0,0
0,20.45871,2.36104,349.3084,2.224655,270,0,0,0
0,20.47021,2.333337,349.3386,2.219678,270,0,0,0
0,20.48083,2.30938,349.364,2.21734,270,0,0,0
0,20.4919,2.295385,349.4089,2.220907,270,0,0,0
0,20.5031,2.287393,349.4472,2.218816,270,0,0,0
0,20.5142,2.275895,349.4617,2.218886,270,0,0,0
0,20.52656,2.273515,349.5011,2.225382,270,0,0,0
0,20.53782,2.293777,349.5185,2.230191,270,0,0,0
0,20.54872,2.309922,349.537,2.250261,270,0,0,0
0,20.55942,2.333072,349.5501,2.243139,270,0,0,0
0,20.572,2.375135,349.5664,2.256351,270,0,0,0
0,20.58279,2.403263,349.5705,2.271984,270,0,0,0
0,20.59241,2.429954,349.5663,2.273218,270,0,0,0
0,20.60394,2.47608,349.5789,2.275191,270,0,0,0
0,20.61481,2.534264,349.5799,2.28098,270,0,0,0
0,20.62879,2.581076,349.576,2.285714,270,0,0,0
0,20.63671,2.659947,349.5772,2.298712,270,0,0,0
0,20.64746,2.706733,349.5808,2.32252,270,0,0,0
0,20.65847,2.753361,349.6003,2.331472,270,0,0,0
0,20.66961,2.803983,349.6148,2.346449,270,0,0,0
0,20.68089,2.843235,349.6448,2.343513,270,0,0,0
0,20.69194,2.889981,349.6782,2.341539,270,0,0,0
0,20.7033,2.936695,349.7446,2.356675,270,0,0,0
0,20.71409,2.98447,349.8007,2.372623,270,0,0,0
0,20.72522,3.017209,349.8767,2.40106,270,0,0,0
0,20.7363,3.046058,349.9692,2.418235,270,0,0,0
0,20.74742,3.079466,350.046,2.439819,270,0,0,0
0,20.75843,3.091659,350.1079,2.457682,270,0,0,0
0,20.76966,3.10778,350.1851,2.477437,270,0,0,0
0,20.78146,3.122942,350.2712,2.482677,270,0,0,0
0,20.79195,3.159512,350.3875,2.489685,270,0,0,0
0,20.80306,3.204265,350.52,2.519245,270,0,0,0
0,20.81408,3.244761,350.6908,2.56344,270,0,0,0
0,20.82507,3.274997,350.8452,2.618617,270,0,0,0
0,20.83619,3.314401,351.0292,2.672392,270,0,0,0
0,20.84735,3.345286,351.2216,2.722492,270,0,0,0
0,20.85853,3.386334,351.4478,2.794809,270,0,0,0
0,20.86955,3.395074,351.6902,2.86511,270,0,0,0
0,20.88098,3.421217,351.9474,2.935662,270,0,0,0
0,20.89226,3.440315,352.1971,3.011075,270,0,0,0
0,20.90313,3.44481,352.4236,3.084162,270,0,0,0
0,20.91422,3.474338,352.638,3.158352,270,0,0,0
0,20.92544,3.502023,352.8496,3.240655,270,0,0,0
0,20.93715,3.535187,353.0572,3.332644,270,0,0,0
0,20.94838,3.558183,353.2376,3.434817,270,0,0,0
0,20.95921,3.547201,353.4227,3.56264,270,0,0,0
0,20.97115,3.555069,353.5922,3.671669,270,0,0,0
0,20.98149,3.563837,353.7593,3.786112,270,0,0,0
0,20.99298,3.569368,353.9382,3.890488,270,0,0,0
0,21.0058,3.578345,354.1257,3.962101,270,0,0,0
0,21.01536,3.561255,354.296,4.025784,270,0,0,0
0,21.02571,3.563145,354.4409,4.062536,270,0,0,0
0,21.03716,3.562686,354.607,4.122853,270,0,0,0
0,21.04778,3.58393,354.7595,4.152894,270,0,0,0
0,21.05889,3.594583,354.9045,4.183311,270,0,0,0
0,21.07044,3.598652,355.0502,4.219073,270,0,0,0
0,21.0805,3.593224,355.1956,4.243129,270,0,0,0
0,21.09188,3.585503,355.3565,4.285372,270,0,0,0
0,21.10308,3.59867,355.5183,4.30956,270,0,0,0
0,21.11399,3.582891,355.6827,4.330418,270,0,0,0
0,21.12511,3.546776,355.8274,4.369253,270,0,0,0
0,21.13664,3.499414,355.9816,4.412392,270,0,0,0
0,21.14748,3.426582,356.1104,4.479153,270,0,0,0
0,21.15841,3.365456,356.2282,4.538767,270,0,0,0
0,21.16962,3.275947,356.364,4.610649,270,0,0,0
0,21.1808,3.148885,356.5008,4.682899,270,0,0,0
0,21.19181,3.030073,356.647,4.721664,270,0,0,0
0,21.20271,2.904425,356.7777,4.765605,270,0,0,0
0,21.21413,2.771067,356.9098,4.805785,270,0,0,0
0,21.22523,2.617418,357.0302,4.853478,270,0,0,0
0,21.23602,2.467422,357.1534,4.88791,270,0,0,0
0,21.24729,2.324243,357.2613,4.925789,270,0,0,0
0,21.25862,2.192817,357.3661,4.938387,270,0,0,0
0,21.26948,2.055997,357.4599,4.96217,270,0,0,0
0,21.28116,1.904379,357.5491,4.970008,270,0,0,0
0,21.29156,1.76054,357.6523,4.962726,270,0,0,0
0,21.30339,1.615451,357.739,4.930594,270,0,0,0
0,21.31532,1.482419,357.8328,4.897943,270,0,0,0
0,21.32567,1.381138,357.916,4.873546,270,0,0,0
0,21.33755,1.277022,357.9953,4.868907,270,0,0,0
0,21.34767,1.171895,358.0492,4.885391,270,0,0,0
0,21.35932,1.0575,358.0901,4.888484,270,0,0,0
0,21.36996,0.9489742,358.1237,4.901021,270,0,0,0
0,21.38132,0.8344207,358.168,4.898273,270,0,0,0
0,21.39259,0.721422,358.2048,4.880517,270,0,0,0
0,21.40384,0.6224811,358.2421,4.854692,270,0,0,0
0,21.41554,0.5182825,358.2915,4.818044,270,0,0,0
0,21.42587,0.4114939,358.3389,4.764882,270,0,0,0
0,21.43745,0.3152451,358.3816,4.703274,270,0,0,0
0,21.44764,0.2291369,358.4193,4.65816,270,0,0,0
0,21.45874,0.1326152,358.4943,4.615861,270,0,0,0
0,21.47561,0.05318226,358.5782,4.585319,270,0,0,0
0,21.48086,359.969,358.672,4.551591,270,0,0,0
0,21.49243,359.8938,358.7475,4.521129,270,0,0,0
0,21.50423,359.8386,358.8208,4.491441,270,0,0,0
0,21.51585,359.7969,358.8936,4.478708,270,0,0,0
0,21.52526,359.7579,358.9777,4.465449,270,0,0,0
0,21.53686,359.6855,359.0438,4.469388,270,0,0,0
0,21.5484,359.6512,359.1042,4.476477,270,0,0,0
0,21.5594,359.6054,359.1669,4.482228,270,0,0,0
0,21.56972,359.5548,359.2272,4.471245,270,0,0,0
0,21.5812,359.5112,359.2951,4.45595,270,0,0,0
0,21.59186,359.4859,359.3345,4.434428,270,0,0,0
0,21.60342,359.4895,359.3524,4.391082,270,0,0,0
0,21.61471,359.4963,359.3554,4.354264,270,0,0,0
0,21.62636,359.4928,359.3292,4.299674,270,0,0,0
0,21.63669,359.5029,359.3221,4.245295,270,0,0,0
0,21.64702,359.5155,359.2813,4.185392,270,0,0,0
0,21.65846,359.5175,359.2334,4.129731,270,0,0,0
0,21.66961,359.5276,359.1666,4.060616,270,0,0,0
0,21.68031,359.5462,359.1039,3.990708,270,0,0,0
0,21.69163,359.567,359.0441,3.913025,270,0,0,0
0,21.70264,359.5599,358.9838,3.807606,270,0,0,0
0,21.71366,359.5444,358.9387,3.712068,270,0,0,0
0,21.72478,359.5419,358.874,3.626598,270,0,0,0
0,21.73596,359.5558,358.8221,3.540274,270,0,0,0
0,21.74697,359.5729,358.752,3.466538,270,0,0,0
0,21.75808,359.5682,358.6703,3.375087,270,0,0,0
0,21.76914,359.5778,358.5986,3.27171,270,0,0,0
0,21.78073,359.5801,358.5349,3.176902,270,0,0,0
0,21.7912,359.572,358.4748,3.063668,270,0,0,0
0,21.8024,359.5694,358.4183,2.950592,270,0,0,0
0,21.81375,359.5462,358.3508,2.851013,270,0,0,0
0,21.82459,359.5322,358.284,2.776291,270,0,0,0
0,21.83582,359.514,358.2458,2.696909,270,0,0,0
0,21.8468,359.496,358.2023,2.626586,270,0,0,0
0,21.85828,359.4797,358.1617,2.539391,270,0,0,0
0,21.86928,359.4578,358.1319,2.448455,270,0,0,0
0,21.88041,359.4294,358.1135,2.352568,270,0,0,0
0,21.89149,359.3685,358.0867,2.268593,270,0,0,0
0,21.90253,359.2977,358.0676,2.214383,270,0,0,0
0,21.91378,359.2147,358.0423,2.172758,270,0,0,0
0,21.92471,359.1342,357.986,2.118448,270,0,0,0
0,21.93576,359.0575,357.9408,2.078422,270,0,0,0
0,21.94686,358.9804,357.8759,2.034248,270,0,0,0
0,21.95815,358.8885,357.8156,1.979235,270,0,0,0
0,21.9693,358.8101,357.7388,1.922825,270,0,0,0
0,21.9803,358.7371,357.6644,1.86194,270,0,0,0
0,21.99139,358.6642,357.5834,1.818406,270,0,0,0
0,22.00275,358.5755,357.4861,1.77199,270,0,0,0
0,22.01355,358.5132,357.407,1.73102,270,0,0,0
0,22.0247,358.4707,357.3198,1.702101,270,0,0,0
0,22.03588,358.4432,357.2358,1.699909,270,0,0,0
0,22.04705,358.4097,357.1676,1.688311,270,0,0,0
0,22.05782,358.3656,357.0973,1.678973,270,0,0,0
0,22.06905,358.3333,357.0189,1.665363,270,0,0,0
0,22.08011,358.3022,356.9486,1.642846,270,0,0,0
0,22.09119,358.2629,356.8881,1.626738,270,0,0,0
0,22.10255,358.2442,356.8173,1.620216,270,0,0,0
0,22.1134,358.2023,356.7378,1.639897,270,0,0,0
0,22.12467,358.1799,356.6416,1.654512,270,0,0,0
0,22.13571,358.1555,356.5538,1.662183,270,0,0,0
0,22.14675,358.1288,356.4679,1.65624,270,0,0,0
0,22.15788,358.1098,356.4044,1.629628,270,0,0,0
0,22.16978,358.073,356.3354,1.600401,270,0,0,0
0,22.18071,358.0432,356.27,1.563135,270,0,0,0
0,22.19312,358.0062,356.1998,1.512457,270,0,0,0
0,22.20347,357.9614,356.1335,1.450512,270,0,0,0
0,22.21452,357.9067,356.0617,1.408928,270,0,0,0
0,22.2251,357.8538,355.9876,1.363119,270,0,0,0
0,22.23691,357.8091,355.9087,1.313458,270,0,0,0
0,22.24741,357.7724,355.8432,1.261928,270,0,0,0
0,22.25834,357.7269,355.7934,1.218352,270,0,0,0
0,22.26971,357.6956,355.7369,1.210234,270,0,0,0
0,22.28294,357.6647,355.6704,1.211495,270,0,0,0
0,22.2912,357.6303,355.6035,1.261906,270,0,0,0
0,22.30241,357.5931,355.5414,1.315217,270,0,0,0
0,22.31346,357.5528,355.5084,1.368229,270,0,0,0
0,22.32477,357.4725,355.4862,1.4169,270,0,0,0
0,22.33569,357.3913,355.4773,1.423497,270,0,0,0
0,22.34668,357.3057,355.4738,1.426279,270,0,0,0
0,22.35791,357.2431,355.4464,1.427885,270,0,0,0
0,22.3691,357.1754,355.4167,1.457679,270,0,0,0
0,22.38009,357.1457,355.3854,1.524843,270,0,0,0
0,22.39129,357.1167,355.3486,1.588494,270,0,0,0
0,22.40231,357.0898,355.2978,1.664312,270,0,0,0
0,22.41366,357.0465,355.259,1.736941,270,0,0,0
0,22.42473,356.9718,355.2176,1.799128,270,0,0,0
0,22.43553,356.8847,355.2034,1.830483,270,0,0,0
0,22.44708,356.7682,355.1602,1.864521,270,0,0,0
0,22.4578,356.6574,355.1394,1.866819,270,0,0,0
0,22.46874,356.5586,355.1035,1.872835,270,0,0,0
0,22.47993,356.4768,355.0564,1.859963,270,0,0,0
0,22.49125,356.4122,355.0204,1.844998,270,0,0,0
0,22.50223,356.3739,354.952,1.843146,270,0,0,0
0,22.51333,356.3581,354.8926,1.863186,270,0,0,0
0,22.52474,356.3425,354.8427,1.890615,270,0,0,0
0,22.53637,356.3551,354.7801,1.908723,270,0,0,0
0,22.54706,356.3755,354.7354,1.911498,270,0,0,0
0,22.55869,356.4005,354.6891,1.92505,270,0,0,0
0,22.56995,356.4375,354.6266,1.931751,270,0,0,0
0,22.5815,356.4825,354.5796,1.949366,270,0,0,0
0,22.59225,356.5371,354.5305,1.966695,270,0,0,0
0,22.60268,356.631,354.4775,2.01045,270,0,0,0
0,22.61409,356.7171,354.4294,2.054739,270,0,0,0
0,22.62576,356.7927,354.3781,2.125451,270,0,0,0
0,22.63687,356.8615,354.3436,2.199147,270,0,0,0
0,22.64791,356.9196,354.3011,2.244649,270,0,0,0
0,22.65789,356.9545,354.2696,2.297448,270,0,0,0
0,22.66898,357.0021,354.2363,2.332063,270,0,0,0
0,22.67988,357.0352,354.1903,2.370786,270,0,0,0
0,22.69171,357.0716,354.1311,2.409012,270,0,0,0
0,22.70214,357.126,354.0765,2.446279,270,0,0,0
0,22.7131,357.159,354.0121,2.492857,270,0,0,0
0,22.72421,357.2039,353.9467,2.525109,270,0,0,0
0,22.73549,357.2433,353.8897,2.556559,270,0,0,0
0,22.74648,357.2936,353.7987,2.595465,270,0,0,0
0,22.75766,357.3237,353.7061,2.615589,270,0,0,0
0,22.76902,357.3522,353.6004,2.612606,270,0,0,0
0,22.78044,357.3652,353.4854,2.610172,270,0,0,0
0,22.79145,357.388,353.3659,2.582107,270,0,0,0
0,22.80221,357.4092,353.2354,2.558664,270,0,0,0
0,22.81395,357.4164,353.0968,2.542335,270,0,0,0
0,22.8242,357.4281,352.9666,2.526035,270,0,0,0
0,22.83551,357.4414,352.8495,2.503957,270,0,0,0
0,22.84689,357.4635,352.7154,2.502633,270,0,0,0
0,22.85772,357.4731,352.5674,2.492257,270,0,0,0
0,22.86878,357.5087,352.4239,2.471987,270,0,0,0
0,22.8829,357.5488,352.2716,2.455676,270,0,0,0
0,22.89231,357.5848,352.1382,2.423625,270,0,0,0
0,22.9028,357.6248,352.0177,2.387579,270,0,0,0
0,22.91385,357.6786,351.9093,2.375909,270,0,0,0
0,22.92517,357.7189,351.8105,2.359688,270,0,0,0
0,22.93739,357.7712,351.715,2.353989,270,0,0,0
0,22.94708,357.8167,351.6275,2.345637,270,0,0,0
0,22.95824,357.8856,351.566,2.358099,270,0,0,0
0,22.96894,357.9312,351.5009,2.382153,270,0,0,0
0,22.98046,358.0062,351.4305,2.386122,270,0,0,0
0,22.99115,358.0708,351.3746,2.393303,270,0,0,0
0,23.00483,358.1325,351.33,2.404047,270,0,0,0
0,23.01329,358.1928,351.2688,2.4314,270,0,0,0
0,23.02448,358.2332,351.229,2.452089,270,0,0,0
0,23.03567,358.2926,351.1818,2.481336,270,0,0,0
0,23.04663,358.3326,351.1412,2.508871,270,0,0,0
0,23.05756,358.3992,351.1004,2.518207,270,0,0,0
0,23.0692,358.4574,351.0555,2.526526,270,0,0,0
0,23.07994,358.5258,350.9892,2.527301,270,0,0,0
0,23.09204,358.5813,350.9212,2.525344,270,0,0,0
0,23.10245,358.638,350.8498,2.533252,270,0,0,0
0,23.11396,358.674,350.7874,2.539683,270,0,0,0
0,23.12437,358.7051,350.7416,2.568023,270,0,0,0
0,23.13544,358.7349,350.7004,2.563618,270,0,0,0
0,23.14655,358.7621,350.6547,2.582495,270,0,0,0
0,23.15765,358.7947,350.6072,2.592694,270,0,0,0
0,23.16869,358.8113,350.5479,2.588568,270,0,0,0
0,23.18,358.8456,350.4977,2.567119,270,0,0,0
0,23.19123,358.8836,350.4445,2.54968,270,0,0,0
0,23.20216,358.9245,350.4057,2.569883,270,0,0,0
0,23.21368,358.9596,350.3651,2.588503,270,0,0,0
0,23.22545,358.9878,350.3304,2.610122,270,0,0,0
0,23.23659,359.0042,350.3063,2.644398,270,0,0,0
0,23.24781,359.0157,350.2756,2.66689,270,0,0,0
0,23.25878,359.033,350.2647,2.688649,270,0,0,0
0,23.27003,359.0511,350.2475,2.698614,270,0,0,0
0,23.2806,359.067,350.2331,2.704752,270,0,0,0
0,23.29187,359.0922,350.2036,2.695024,270,0,0,0
0,23.30219,359.1335,350.1776,2.703986,270,0,0,0
0,23.31648,359.1733,350.1505,2.735228,270,0,0,0
0,23.32422,359.2115,350.1149,2.764956,270,0,0,0
0,23.33524,359.2433,350.0988,2.80112,270,0,0,0
0,23.34638,359.2849,350.0893,2.845374,270,0,0,0
0,23.35772,359.3234,350.0677,2.868613,270,0,0,0
0,23.3684,359.3466,350.045,2.871225,270,0,0,0
0,23.38062,359.3702,350.0201,2.865488,270,0,0,0
0,23.39079,359.4039,349.9972,2.860797,270,0,0,0
0,23.40181,359.437,349.984,2.86534,270,0,0,0
0,23.41361,359.4674,349.9561,2.889257,270,0,0,0
0,23.42452,359.5036,349.942,2.913337,270,0,0,0
0,23.43607,359.5427,349.9404,2.946666,270,0,0,0
0,23.44678,359.5822,349.9531,2.967808,270,0,0,0
0,23.45812,359.6068,349.9832,2.993345,270,0,0,0
0,23.46883,359.6134,350.0206,3.012969,270,0,0,0
0,23.48004,359.6152,350.0677,3.030984,270,0,0,0
0,23.4906,359.623,350.1095,3.056503,270,0,0,0
0,23.5021,359.6231,350.1565,3.061729,270,0,0,0
0,23.51363,359.6403,350.1862,3.100868,270,0,0,0
0,23.52399,359.6383,350.2173,3.123116,270,0,0,0
0,23.53533,359.6656,350.2494,3.152621,270,0,0,0
0,23.5463,359.6638,350.2762,3.210527,270,0,0,0
0,23.55772,359.6599,350.3115,3.274582,270,0,0,0
0,23.56853,359.6393,350.3525,3.329926,270,0,0,0
0,23.57972,359.6322,350.3973,3.373337,270,0,0,0
0,23.59074,359.6151,350.4323,3.385669,270,0,0,0
0,23.60241,359.5948,350.4784,3.407072,270,0,0,0
0,23.61281,359.5627,350.4938,3.422596,270,0,0,0
0,23.62391,359.5479,350.5002,3.442613,270,0,0,0
0,23.63517,359.5345,350.5378,3.473158,270,0,0,0
0,23.64615,359.5459,350.5605,3.503722,270,0,0,0
0,23.65735,359.5349,350.6097,3.54912,270,0,0,0
0,23.66844,359.5124,350.652,3.592143,270,0,0,0
0,23.67938,359.4946,350.7055,3.6258,270,0,0,0
0,23.69047,359.4794,350.7488,3.637651,270,0,0,0
0,23.70166,359.4644,350.7866,3.635342,270,0,0,0
0,23.71283,359.4605,350.8373,3.648942,270,0,0,0
0,23.72887,359.4615,350.8773,3.652232,270,0,0,0
0,23.73525,359.4524,350.9195,3.67687,270,0,0,0
0,23.74628,359.452,350.9636,3.707357,270,0,0,0
0,23.75713,359.4576,350.9997,3.738311,270,0,0,0
0,23.76847,359.4671,351.0261,3.766353,270,0,0,0
0,23.77939,359.4477,351.0394,3.807985,270,0,0,0
0,23.79049,359.4255,351.0672,3.823907,270,0,0,0
0,23.8016,359.4102,351.0998,3.844872,270,0,0,0
0,23.8129,359.3859,351.1436,3.866606,270,0,0,0
0,23.8238,359.3552,351.1952,3.894129,270,0,0,0
0,23.83496,359.3219,351.2364,3.930345,270,0,0,0
0,23.84654,359.287,351.2591,3.948192,270,0,0,0
0,23.85718,359.2508,351.2942,3.948593,270,0,0,0
0,23.86863,359.2137,351.3201,3.959251,270,0,0,0
0,23.87925,359.1823,351.3505,3.950412,270,0,0,0
0,23.89049,359.15,351.3848,3.953241,270,0,0,0
0,23.90185,359.1346,351.4143,3.95956,270,0,0,0
0,23.91297,359.1131,351.4311,3.987244,270,0,0,0
0,23.92378,359.0941,351.4763,4.028008,270,0,0,0
0,23.93496,359.0579,351.5057,4.052165,270,0,0,0
0,23.9562,359.0692,351.5121,4.053487,270,0,0,0
