Ans,timenow,HMD_rotation_x,HMD_rotation_y,HMD_rotation_z,heydegree,hey_position_x,hey_position_y,hey_position_z
0,0.03045082,0,0,0,270,0,0,0
0,0.03478789,0,0,0,270,0,0,0
0,0.9151134,0,0,0,270,0,0,0
0,0.9556892,0,0,0,270,0,0,0
0,0.9750893,0,0,0,270,0,0,0
0,0.9810047,0,0,0,270,0,0,0
0,0.9870384,0,0,0,270,0,0,0
0,1.01272,0,0,0,270,0,0,0
0,1.019703,0,0,0,270,0,0,0
0,1.026422,0,0,0,270,0,0,0
0,1.03315,0,0,0,270,0,0,0
0,1.044752,0,0,0,270,0,0,0
0,1.056874,0,0,0,270,0,0,0
0,1.065569,0,0,0,270,0,0,0
0,1.077568,0,0,0,270,0,0,0
0,1.088033,0,0,0,270,0,0,0
0,1.098768,0,0,0,270,0,0,0
0,1.109792,0,0,0,270,0,0,0
0,1.123796,0,0,0,270,0,0,0
0,1.138463,0,0,0,270,0,0,0
0,1.157981,0,0,0,270,0,0,0
0,1.166175,0,0,0,270,0,0,0
0,1.171845,0,0,0,270,0,0,0
0,1.178008,0,0,0,270,0,0,0
0,1.187134,0,0,0,270,0,0,0
0,1.19862,0,0,0,270,0,0,0
0,1.209008,0,0,0,270,0,0,0
0,1.220065,0,0,0,270,0,0,0
0,1.231568,0,0,0,270,0,0,0
0,1.244472,0,0,0,270,0,0,0
0,1.254405,0,0,0,270,0,0,0
0,1.266063,0,0,0,270,0,0,0
0,1.2773,0,0,0,270,0,0,0
0,1.287019,0,0,0,270,0,0,0
0,1.30024,0,0,0,270,0,0,0
0,1.323914,0,0,0,270,0,0,0
0,1.329531,0,0,0,270,0,0,0
0,1.335441,0,0,0,270,0,0,0
0,1.34283,0,0,0,270,0,0,0
0,1.354783,0,0,0,270,0,0,0
0,1.364715,0,0,0,270,0,0,0
0,1.376911,0,0,0,270,0,0,0
0,1.387308,0,0,0,270,0,0,0
0,1.39781,0,0,0,270,0,0,0
0,1.409016,0,0,0,270,0,0,0
0,1.421283,0,0,0,270,0,0,0
0,1.431981,0,0,0,270,0,0,0
0,1.442906,0,0,0,270,0,0,0
0,1.454207,0,0,0,270,0,0,0
0,1.480559,0,0,0,270,0,0,0
0,1.488449,0,0,0,270,0,0,0
0,1.494674,0,0,0,270,0,0,0
0,1.503437,0,0,0,270,0,0,0
0,1.513246,0,0,0,270,0,0,0
0,1.524546,0,0,0,270,0,0,0
0,1.532559,0,0,0,270,0,0,0
0,1.545024,0,0,0,270,0,0,0
0,1.556154,0,0,0,270,0,0,0
0,1.564985,0,0,0,270,0,0,0
0,1.577266,0,0,0,270,0,0,0
0,1.586686,0,0,0,270,0,0,0
0,1.599209,0,0,0,270,0,0,0
0,1.609195,0,0,0,270,0,0,0
0,1.632179,0,0,0,270,0,0,0
0,1.637914,0,0,0,270,0,0,0
0,1.642529,0,0,0,270,0,0,0
0,1.653139,0,0,0,270,0,0,0
0,1.664828,0,0,0,270,0,0,0
0,1.675169,0,0,0,270,0,0,0
0,1.686034,0,0,0,270,0,0,0
0,1.698774,0,0,0,270,0,0,0
0,1.708733,0,0,0,270,0,0,0
0,1.720061,0,0,0,270,0,0,0
0,1.73118,0,0,0,270,0,0,0
0,1.74314,0,0,0,270,0,0,0
0,1.753028,0,0,0,270,0,0,0
0,1.764885,0,0,0,270,0,0,0
0,1.788479,0,0,0,270,0,0,0
0,1.792404,0,0,0,270,0,0,0
0,1.797733,0,0,0,270,0,0,0
0,1.808086,0,0,0,270,0,0,0
0,1.819667,0,0,0,270,0,0,0
0,1.830377,0,0,0,270,0,0,0
0,1.842437,0,0,0,270,0,0,0
0,1.853228,0,0,0,270,0,0,0
0,1.864518,0,0,0,270,0,0,0
0,1.876609,0,0,0,270,0,0,0
0,1.886699,0,0,0,270,0,0,0
0,1.898868,0,0,0,270,0,0,0
0,1.909227,0,0,0,270,0,0,0
0,1.920439,0,0,0,270,0,0,0
0,1.944842,0,0,0,270,0,0,0
0,1.949852,0,0,0,270,0,0,0
0,1.954806,0,0,0,270,0,0,0
0,1.964212,0,0,0,270,0,0,0
0,1.975017,0,0,0,270,0,0,0
0,1.98584,0,0,0,270,0,0,0
0,1.997363,0,0,0,270,0,0,0
0,2.008162,0,0,0,270,0,0,0
0,2.019645,0,0,0,270,0,0,0
0,2.030257,0,0,0,270,0,0,0
0,2.041588,0,0,0,270,0,0,0
0,2.052552,0,0,0,270,0,0,0
0,2.063954,0,0,0,270,0,0,0
0,2.075366,0,0,0,270,0,0,0
0,2.096986,0,0,0,270,0,0,0
0,2.100808,0,0,0,270,0,0,0
0,2.108075,0,0,0,270,0,0,0
0,2.120057,0,0,0,270,0,0,0
0,2.130781,0,0,0,270,0,0,0
0,2.141492,0,0,0,270,0,0,0
0,2.152668,0,0,0,270,0,0,0
0,2.164071,0,0,0,270,0,0,0
0,2.174828,0,0,0,270,0,0,0
0,2.185966,0,0,0,270,0,0,0
0,2.197421,0,0,0,270,0,0,0
0,2.208294,0,0,0,270,0,0,0
0,2.219527,0,0,0,270,0,0,0
0,2.230287,0,0,0,270,0,0,0
0,2.250099,0,0,0,270,0,0,0
0,2.253928,0,0,0,270,0,0,0
0,2.263844,0,0,0,270,0,0,0
0,2.275317,0,0,0,270,0,0,0
0,2.286008,0,0,0,270,0,0,0
0,2.297655,0,0,0,270,0,0,0
0,2.312172,0,0,0,270,0,0,0
0,2.319515,0,0,0,270,0,0,0
0,2.330105,0,0,0,270,0,0,0
0,2.34201,0,0,0,270,0,0,0
0,2.353131,0,0,0,270,0,0,0
0,2.364492,0,0,0,270,0,0,0
0,2.375975,0,0,0,270,0,0,0
0,2.387397,0,0,0,270,0,0,0
0,2.409803,0,0,0,270,0,0,0
0,2.414394,0,0,0,270,0,0,0
0,2.421036,0,0,0,270,0,0,0
0,2.432697,0,0,0,270,0,0,0
0,2.443947,0,0,0,270,0,0,0
0,2.455481,0,0,0,270,0,0,0
0,2.466503,0,0,0,270,0,0,0
0,2.478274,0,0,0,270,0,0,0
0,2.48884,0,0,0,270,0,0,0
0,2.500158,0,0,0,270,0,0,0
0,2.511873,0,0,0,270,0,0,0
0,2.523011,0,0,0,270,0,0,0
0,2.533513,0,0,0,270,0,0,0
0,2.544747,0,0,0,270,0,0,0
0,2.563863,0,0,0,270,0,0,0
0,2.566463,0,0,0,270,0,0,0
0,2.577707,0,0,0,270,0,0,0
0,2.589025,0,0,0,270,0,0,0
0,2.600149,0,0,0,270,0,0,0
0,2.610882,0,0,0,270,0,0,0
0,2.622639,0,0,0,270,0,0,0
0,2.634458,0,0,0,270,0,0,0
0,2.644399,0,0,0,270,0,0,0
0,2.656065,0,0,0,270,0,0,0
0,2.666672,0,0,0,270,0,0,0
0,2.678266,0,0,0,270,0,0,0
0,2.688834,0,0,0,270,0,0,0
0,2.700263,0,0,0,270,0,0,0
0,2.718945,0,0,0,270,0,0,0
0,2.721826,0,0,0,270,0,0,0
0,2.734205,0,0,0,270,0,0,0
0,2.745252,0,0,0,270,0,0,0
0,2.75579,0,0,0,270,0,0,0
0,2.766734,0,0,0,270,0,0,0
0,2.778342,0,0,0,270,0,0,0
0,2.789562,0,0,0,270,0,0,0
0,2.800555,0,0,0,270,0,0,0
0,2.811691,0,0,0,270,0,0,0
0,2.822932,0,0,0,270,0,0,0
0,2.834541,0,0,0,270,0,0,0
0,2.845136,0,0,0,270,0,0,0
0,2.85727,0,0,0,270,0,0,0
0,2.878028,0,0,0,270,0,0,0
0,2.881594,0,0,0,270,0,0,0
0,2.890394,0,0,0,270,0,0,0
0,2.902267,0,0,0,270,0,0,0
0,2.91293,0,0,0,270,0,0,0
0,2.924073,0,0,0,270,0,0,0
0,2.935331,0,0,0,270,0,0,0
0,2.946079,0,0,0,270,0,0,0
0,2.957475,0,0,0,270,0,0,0
0,2.967975,0,0,0,270,0,0,0
0,2.979697,0,0,0,270,0,0,0
0,2.99037,0,0,0,270,0,0,0
0,3.001816,0,0,0,270,0,0,0
0,3.014442,0,0,0,270,0,0,0
0,3.034222,0,0,0,270,0,0,0
0,3.039139,0,0,0,270,0,0,0
0,3.046299,0,0,0,270,0,0,0
0,3.056716,0,0,0,270,0,0,0
0,3.06698,0,0,0,270,0,0,0
0,3.078556,0,0,0,270,0,0,0
0,3.089238,0,0,0,270,0,0,0
0,3.101633,0,0,0,270,0,0,0
0,3.11179,0,0,0,270,0,0,0
0,3.122947,0,0,0,270,0,0,0
0,3.134113,0,0,0,270,0,0,0
0,3.144503,0,0,0,270,0,0,0
0,3.155944,0,0,0,270,0,0,0
0,3.167207,0,0,0,270,0,0,0
0,3.186085,0,0,0,270,0,0,0
0,3.188778,0,0,0,270,0,0,0
0,3.200302,0,0,0,270,0,0,0
0,3.211635,0,0,0,270,0,0,0
0,3.222672,0,0,0,270,0,0,0
0,3.233354,0,0,0,270,0,0,0
0,3.245179,0,0,0,270,0,0,0
0,3.256261,0,0,0,270,0,0,0
0,3.266727,0,0,0,270,0,0,0
0,3.27821,0,0,0,270,0,0,0
0,3.288939,0,0,0,270,0,0,0
0,3.300301,0,0,0,270,0,0,0
0,3.311229,0,0,0,270,0,0,0
0,3.323097,0,0,0,270,0,0,0
0,3.343884,0,0,0,270,0,0,0
0,3.347532,0,0,0,270,0,0,0
0,3.355882,0,0,0,270,0,0,0
0,3.367368,0,0,0,270,0,0,0
0,3.37811,0,0,0,270,0,0,0
0,3.389145,0,0,0,270,0,0,0
0,3.400656,0,0,0,270,0,0,0
0,3.411151,0,0,0,270,0,0,0
0,3.422937,0,0,0,270,0,0,0
0,3.434021,0,0,0,270,0,0,0
0,3.445012,0,0,0,270,0,0,0
0,3.456063,0,0,0,270,0,0,0
0,3.467107,0,0,0,270,0,0,0
0,3.479234,0,0,0,270,0,0,0
0,3.498238,0,0,0,270,0,0,0
0,3.50158,0,0,0,270,0,0,0
0,3.511981,0,0,0,270,0,0,0
0,3.522985,0,0,0,270,0,0,0
0,3.534014,0,0,0,270,0,0,0
0,3.54524,0,0,0,270,0,0,0
0,3.55657,0,0,0,270,0,0,0
0,3.566952,0,0,0,270,0,0,0
0,3.578455,0,0,0,270,0,0,0
0,3.589585,0,0,0,270,0,0,0
0,3.600878,0,0,0,270,0,0,0
0,3.611529,0,0,0,270,0,0,0
0,3.622846,0,0,0,270,0,0,0
0,3.634392,0,0,0,270,0,0,0
0,3.65408,0,0,0,270,0,0,0
0,3.657565,0,0,0,270,0,0,0
0,3.667434,0,0,0,270,0,0,0
0,3.678742,0,0,0,270,0,0,0
0,3.689575,0,0,0,270,0,0,0
0,3.701044,0,0,0,270,0,0,0
0,3.71196,0,0,0,270,0,0,0
0,3.723115,0,0,0,270,0,0,0
0,3.734384,0,0,0,270,0,0,0
0,3.745537,0,0,0,270,0,0,0
0,3.756991,0,0,0,270,0,0,0
0,3.767676,0,0,0,270,0,0,0
0,3.77932,0,0,0,270,0,0,0
0,3.79008,0,0,0,270,0,0,0
0,3.808917,0,0,0,270,0,0,0
0,3.812185,0,0,0,270,0,0,0
0,3.823889,0,0,0,270,0,0,0
0,3.834899,0,0,0,270,0,0,0
0,3.845494,0,0,0,270,0,0,0
0,3.856996,0,0,0,270,0,0,0
0,3.868096,0,0,0,270,0,0,0
0,3.879133,0,0,0,270,0,0,0
0,3.889959,0,0,0,270,0,0,0
0,3.902293,0,0,0,270,0,0,0
0,3.912444,0,0,0,270,0,0,0
0,3.92348,0,0,0,270,0,0,0
0,3.934863,0,0,0,270,0,0,0
0,3.946318,0,0,0,270,0,0,0
0,3.967287,0,0,0,270,0,0,0
0,3.971294,0,0,0,270,0,0,0
0,3.9795,0,0,0,270,0,0,0
0,3.988657,0,0,0,270,0,0,0
0,4.000218,0,0,0,270,0,0,0
0,4.011151,0,0,0,270,0,0,0
0,4.022277,0,0,0,270,0,0,0
0,4.033235,0,0,0,270,0,0,0
0,4.044495,0,0,0,270,0,0,0
0,4.056074,0,0,0,270,0,0,0
0,4.066646,0,0,0,270,0,0,0
0,4.077922,0,0,0,270,0,0,0
0,4.088673,0,0,0,270,0,0,0
0,4.100651,0,0,0,270,0,0,0
0,4.119784,0,0,0,270,0,0,0
0,4.123197,0,0,0,270,0,0,0
0,4.133898,0,0,0,270,0,0,0
0,4.144173,0,0,0,270,0,0,0
0,4.155933,0,0,0,270,0,0,0
0,4.167077,0,0,0,270,0,0,0
0,4.177804,0,0,0,270,0,0,0
0,4.188704,0,0,0,270,0,0,0
0,4.20071,0,0,0,270,0,0,0
0,4.211449,0,0,0,270,0,0,0
0,4.222465,0,0,0,270,0,0,0
0,4.233826,0,0,0,270,0,0,0
0,4.244473,0,0,0,270,0,0,0
0,4.255829,0,0,0,270,0,0,0
0,4.274796,0,0,0,270,0,0,0
0,4.278127,0,0,0,270,0,0,0
0,4.288628,0,0,0,270,0,0,0
0,4.304858,0,0,0,270,0,0,0
0,4.310678,0,0,0,270,0,0,0
0,4.322914,0,0,0,270,0,0,0
0,4.333295,0,0,0,270,0,0,0
0,4.344905,0,0,0,270,0,0,0
0,4.355925,0,0,0,270,0,0,0
0,4.366862,0,0,0,270,0,0,0
0,4.37838,0,0,0,270,0,0,0
0,4.389624,0,0,0,270,0,0,0
0,4.401548,0,0,0,270,0,0,0
0,4.411845,0,0,0,270,0,0,0
0,4.433222,0,0,0,270,0,0,0
0,4.437175,0,0,0,270,0,0,0
0,4.445351,0,0,0,270,0,0,0
0,4.456111,0,0,0,270,0,0,0
0,4.466977,0,0,0,270,0,0,0
0,4.478955,0,0,0,270,0,0,0
0,4.489283,0,0,0,270,0,0,0
0,4.501158,0,0,0,270,0,0,0
0,4.512071,0,0,0,270,0,0,0
0,4.523072,0,0,0,270,0,0,0
0,4.533408,0,0,0,270,0,0,0
0,4.545186,0,0,0,270,0,0,0
0,4.556518,0,0,0,270,0,0,0
0,4.567116,0,0,0,270,0,0,0
0,4.587139,0,0,0,270,0,0,0
0,4.590711,0,0,0,270,0,0,0
0,4.601051,0,0,0,270,0,0,0
0,4.611481,0,0,0,270,0,0,0
0,4.623066,0,0,0,270,0,0,0
0,4.634647,0,0,0,270,0,0,0
0,4.644831,0,0,0,270,0,0,0
0,4.65612,0,0,0,270,0,0,0
0,4.667353,0,0,0,270,0,0,0
0,4.678777,0,0,0,270,0,0,0
0,4.689327,0,0,0,270,0,0,0
0,4.701097,0,0,0,270,0,0,0
0,4.711808,0,0,0,270,0,0,0
0,4.722898,0,0,0,270,0,0,0
0,4.74107,0,0,0,270,0,0,0
0,4.744465,0,0,0,270,0,0,0
0,4.756083,0,0,0,270,0,0,0
0,4.766806,0,0,0,270,0,0,0
0,4.778269,0,0,0,270,0,0,0
0,4.789054,0,0,0,270,0,0,0
0,4.80054,0,0,0,270,0,0,0
0,4.81187,0,0,0,270,0,0,0
0,4.823554,0,0,0,270,0,0,0
0,4.834403,0,0,0,270,0,0,0
0,4.845178,0,0,0,270,0,0,0
0,4.857206,0,0,0,270,0,0,0
0,4.868032,0,0,0,270,0,0,0
0,4.879036,0,0,0,270,0,0,0
0,4.89763,0,0,0,270,0,0,0
0,4.901699,0,0,0,270,0,0,0
0,4.911718,0,0,0,270,0,0,0
0,4.923083,0,0,0,270,0,0,0
0,4.93451,0,0,0,270,0,0,0
0,4.945695,0,0,0,270,0,0,0
0,4.956419,0,0,0,270,0,0,0
0,4.967674,0,0,0,270,0,0,0
0,4.979515,0,0,0,270,0,0,0
0,4.989635,0,0,0,270,0,0,0
0,5.001522,0,0,0,270,0,0,0
0,5.011713,0,0,0,270,0,0,0
0,5.023176,0,0,0,270,0,0,0
0,5.034272,0,0,0,270,0,0,0
0,5.05254,0,0,0,270,0,0,0
0,5.057175,0,0,0,270,0,0,0
0,5.067319,0,0,0,270,0,0,0
0,5.079022,0,0,0,270,0,0,0
0,5.089642,0,0,0,270,0,0,0
0,5.10117,0,0,0,270,0,0,0
0,5.111775,0,0,0,270,0,0,0
0,5.123626,0,0,0,270,0,0,0
0,5.134738,0,0,0,270,0,0,0
0,5.145282,0,0,0,270,0,0,0
0,5.156578,0,0,0,270,0,0,0
0,5.167552,0,0,0,270,0,0,0
0,5.178522,0,0,0,270,0,0,0
0,5.189502,0,0,0,270,0,0,0
0,5.209033,0,0,0,270,0,0,0
0,5.212337,0,0,0,270,0,0,0
0,5.223091,0,0,0,270,0,0,0
0,5.234603,0,0,0,270,0,0,0
0,5.245515,0,0,0,270,0,0,0
0,5.256267,0,0,0,270,0,0,0
0,5.267058,0,0,0,270,0,0,0
0,5.278926,0,0,0,270,0,0,0
0,5.289731,0,0,0,270,0,0,0
0,5.301366,0,0,0,270,0,0,0
0,5.311841,0,0,0,270,0,0,0
0,5.323391,0,0,0,270,0,0,0
0,5.333973,0,0,0,270,0,0,0
0,5.344896,0,0,0,270,0,0,0
0,5.369082,0,0,0,270,0,0,0
0,5.372472,0,0,0,270,0,0,0
0,5.37854,0,0,0,270,0,0,0
0,5.386376,0,0,0,270,0,0,0
0,5.398138,0,0,0,270,0,0,0
0,5.408586,0,0,0,270,0,0,0
0,5.420083,0,0,0,270,0,0,0
0,5.430509,0,0,0,270,0,0,0
0,5.442022,0,0,0,270,0,0,0
0,5.452675,0,0,0,270,0,0,0
0,5.464456,0,0,0,270,0,0,0
0,5.475466,0,0,0,270,0,0,0
0,5.486212,0,0,0,270,0,0,0
0,5.497757,0,0,0,270,0,0,0
0,5.519681,0,0,0,270,0,0,0
0,5.524554,0,0,0,270,0,0,0
0,5.53148,0,0,0,270,0,0,0
0,5.542421,0,0,0,270,0,0,0
0,5.553369,0,0,0,270,0,0,0
0,5.564407,0,0,0,270,0,0,0
0,5.575212,0,0,0,270,0,0,0
0,5.586366,0,0,0,270,0,0,0
0,5.597595,0,0,0,270,0,0,0
0,5.608368,0,0,0,270,0,0,0
0,5.619892,0,0,0,270,0,0,0
0,5.631057,0,0,0,270,0,0,0
0,5.642067,0,0,0,270,0,0,0
0,5.652915,0,0,0,270,0,0,0
0,5.671711,0,0,0,270,0,0,0
0,5.675486,0,0,0,270,0,0,0
0,5.685925,0,0,0,270,0,0,0
0,5.697754,0,0,0,270,0,0,0
0,5.708059,0,0,0,270,0,0,0
0,5.719888,0,0,0,270,0,0,0
0,5.730698,0,0,0,270,0,0,0
0,5.742914,0,0,0,270,0,0,0
0,5.753159,0,0,0,270,0,0,0
0,5.764773,0,0,0,270,0,0,0
0,5.776042,0,0,0,270,0,0,0
0,5.786989,0,0,0,270,0,0,0
0,5.799042,0,0,0,270,0,0,0
0,5.809545,0,0,0,270,0,0,0
0,5.82897,0,0,0,270,0,0,0
0,5.831879,0,0,0,270,0,0,0
0,5.843343,0,0,0,270,0,0,0
0,5.854302,0,0,0,270,0,0,0
0,5.864843,0,0,0,270,0,0,0
0,5.876279,0,0,0,270,0,0,0
0,5.887282,0,0,0,270,0,0,0
0,5.899202,0,0,0,270,0,0,0
0,5.909724,0,0,0,270,0,0,0
0,5.921546,0,0,0,270,0,0,0
0,5.932774,0,0,0,270,0,0,0
0,5.944216,0,0,0,270,0,0,0
0,5.955324,0,0,0,270,0,0,0
0,5.966155,0,0,0,270,0,0,0
0,5.986694,0,0,0,270,0,0,0
0,5.990653,0,0,0,270,0,0,0
0,6.000364,0,0,0,270,0,0,0
0,6.01196,0,0,0,270,0,0,0
0,6.023975,0,0,0,270,0,0,0
0,6.034193,0,0,0,270,0,0,0
0,6.044679,0,0,0,270,0,0,0
0,6.056253,0,0,0,270,0,0,0
0,6.066852,0,0,0,270,0,0,0
0,6.078148,0,0,0,270,0,0,0
0,6.089037,0,0,0,270,0,0,0
0,6.100342,0,0,0,270,0,0,0
0,6.111341,0,0,0,270,0,0,0
0,6.123273,0,0,0,270,0,0,0
0,6.14209,0,0,0,270,0,0,0
0,6.145217,0,0,0,270,0,0,0
0,6.156264,0,0,0,270,0,0,0
0,6.166962,0,0,0,270,0,0,0
0,6.178738,0,0,0,270,0,0,0
0,6.188836,0,0,0,270,0,0,0
0,6.200299,0,0,0,270,0,0,0
0,6.211705,0,0,0,270,0,0,0
0,6.222481,0,0,0,270,0,0,0
0,6.233408,0,0,0,270,0,0,0
0,6.245032,0,0,0,270,0,0,0
0,6.256277,0,0,0,270,0,0,0
0,6.267268,0,0,0,270,0,0,0
0,6.278327,0,0,0,270,0,0,0
0,6.296724,0,0,0,270,0,0,0
0,6.303585,0,0,0,270,0,0,0
0,6.311123,0,0,0,270,0,0,0
0,6.321441,0,0,0,270,0,0,0
0,6.331972,0,0,0,270,0,0,0
0,6.343578,0,0,0,270,0,0,0
0,6.354495,0,0,0,270,0,0,0
0,6.365942,0,0,0,270,0,0,0
0,6.376771,0,0,0,270,0,0,0
0,6.387478,0,0,0,270,0,0,0
0,6.399505,0,0,0,270,0,0,0
0,6.409644,0,0,0,270,0,0,0
0,6.421222,0,0,0,270,0,0,0
0,6.432426,0,0,0,270,0,0,0
0,6.456066,0,0,0,270,0,0,0
0,6.459777,0,0,0,270,0,0,0
0,6.465218,0,0,0,270,0,0,0
0,6.48525,0,0,0,270,0,0,0
0,6.495281,0,0,0,270,0,0,0
0,6.506688,0,0,0,270,0,0,0
0,6.517646,0,0,0,270,0,0,0
0,6.528571,0,0,0,270,0,0,0
0,6.541035,0,0,0,270,0,0,0
0,6.551704,0,0,0,270,0,0,0
0,6.561764,0,0,0,270,0,0,0
0,6.572883,0,0,0,270,0,0,0
0,6.584458,0,0,0,270,0,0,0
0,6.602265,0,0,0,270,0,0,0
0,6.605981,0,0,0,270,0,0,0
0,6.618047,0,0,0,270,0,0,0
0,6.628275,0,0,0,270,0,0,0
0,6.639947,0,0,0,270,0,0,0
0,6.65052,0,0,0,270,0,0,0
0,6.661841,0,0,0,270,0,0,0
0,6.672581,0,0,0,270,0,0,0
0,6.685088,0,0,0,270,0,0,0
0,6.695089,0,0,0,270,0,0,0
0,6.70606,0,0,0,270,0,0,0
0,6.7175,0,0,0,270,0,0,0
0,6.728288,0,0,0,270,0,0,0
0,6.739663,0,0,0,270,0,0,0
0,6.758743,0,0,0,270,0,0,0
0,6.762578,0,0,0,270,0,0,0
0,6.772823,0,0,0,270,0,0,0
0,6.784158,0,0,0,270,0,0,0
0,6.795149,0,0,0,270,0,0,0
0,6.805955,0,0,0,270,0,0,0
0,6.817269,0,0,0,270,0,0,0
0,6.828155,0,0,0,270,0,0,0
0,6.839918,0,0,0,270,0,0,0
0,6.850861,0,0,0,270,0,0,0
0,6.861895,0,0,0,270,0,0,0
0,6.872571,0,0,0,270,0,0,0
0,6.884272,0,0,0,270,0,0,0
0,6.895118,0,0,0,270,0,0,0
0,6.915419,0,0,0,270,0,0,0
0,6.919074,0,0,0,270,0,0,0
0,6.928083,0,0,0,270,0,0,0
0,6.939519,0,0,0,270,0,0,0
0,6.950187,0,0,0,270,0,0,0
0,6.962165,0,0,0,270,0,0,0
0,6.972564,0,0,0,270,0,0,0
0,6.983794,0,0,0,270,0,0,0
0,6.995108,0,0,0,270,0,0,0
0,7.005871,0,0,0,270,0,0,0
0,7.017583,0,0,0,270,0,0,0
0,7.028803,0,0,0,270,0,0,0
0,7.041539,0,0,0,270,0,0,0
0,7.053036,0,0,0,270,0,0,0
0,7.071779,0,0,0,270,0,0,0
0,7.07569,0,0,0,270,0,0,0
0,7.087219,0,0,0,270,0,0,0
0,7.098551,0,0,0,270,0,0,0
0,7.109856,0,0,0,270,0,0,0
0,7.122087,0,0,0,270,0,0,0
0,7.132887,0,0,0,270,0,0,0
0,7.144629,0,0,0,270,0,0,0
0,7.155886,0,0,0,270,0,0,0
0,7.166496,0,0,0,270,0,0,0
0,7.178539,0,0,0,270,0,0,0
0,7.188508,0,0,0,270,0,0,0
0,7.199907,0,0,0,270,0,0,0
0,7.211164,0,0,0,270,0,0,0
0,7.230727,0,0,0,270,0,0,0
0,7.234191,0,0,0,270,0,0,0
0,7.244123,0,0,0,270,0,0,0
0,7.255369,0,0,0,270,0,0,0
0,7.266581,0,0,0,270,0,0,0
0,7.27828,0,0,0,270,0,0,0
0,7.288762,0,0,0,270,0,0,0
0,7.29987,0,0,0,270,0,0,0
0,7.310617,0,0,0,270,0,0,0
0,7.322639,0,0,0,270,0,0,0
0,7.332914,0,0,0,270,0,0,0
0,7.344579,0,0,0,270,0,0,0
0,7.355565,0,0,0,270,0,0,0
0,7.366835,0,0,0,270,0,0,0
0,7.387201,0,0,0,270,0,0,0
0,7.391495,0,0,0,270,0,0,0
0,7.40033,0,0,0,270,0,0,0
0,7.409893,0,0,0,270,0,0,0
0,7.421656,0,0,0,270,0,0,0
0,7.432081,0,0,0,270,0,0,0
0,7.444208,0,0,0,270,0,0,0
0,7.455013,0,0,0,270,0,0,0
0,7.465407,0,0,0,270,0,0,0
0,7.477881,0,0,0,270,0,0,0
0,7.487709,0,0,0,270,0,0,0
0,7.499309,0,0,0,270,0,0,0
0,7.510153,0,0,0,270,0,0,0
0,7.521188,0,0,0,270,0,0,0
0,7.540412,0,0,0,270,0,0,0
0,7.543459,0,0,0,270,0,0,0
0,7.554914,0,0,0,270,0,0,0
0,7.565786,0,0,0,270,0,0,0
0,7.577536,0,0,0,270,0,0,0
0,7.588862,0,0,0,270,0,0,0
0,7.599175,0,0,0,270,0,0,0
0,7.60989,0,0,0,270,0,0,0
0,7.621239,0,0,0,270,0,0,0
0,7.632361,0,0,0,270,0,0,0
0,7.643663,0,0,0,270,0,0,0
0,7.654587,0,0,0,270,0,0,0
0,7.665491,0,0,0,270,0,0,0
0,7.67703,0,0,0,270,0,0,0
0,7.697091,0,0,0,270,0,0,0
0,7.700013,0,0,0,270,0,0,0
0,7.709826,0,0,0,270,0,0,0
0,7.721547,0,0,0,270,0,0,0
0,7.732384,0,0,0,270,0,0,0
0,7.743804,0,0,0,270,0,0,0
0,7.754763,0,0,0,270,0,0,0
0,7.765445,0,0,0,270,0,0,0
0,7.777104,0,0,0,270,0,0,0
0,7.788004,0,0,0,270,0,0,0
0,7.79977,0,0,0,270,0,0,0
0,7.810593,0,0,0,270,0,0,0
0,7.822196,0,0,0,270,0,0,0
0,7.832992,0,0,0,270,0,0,0
0,7.851707,0,0,0,270,0,0,0
0,7.855228,0,0,0,270,0,0,0
0,7.866063,0,0,0,270,0,0,0
0,7.877628,0,0,0,270,0,0,0
0,7.888206,0,0,0,270,0,0,0
0,7.900007,0,0,0,270,0,0,0
0,7.910753,0,0,0,270,0,0,0
0,7.922249,0,0,0,270,0,0,0
0,7.932843,0,0,0,270,0,0,0
0,7.944377,0,0,0,270,0,0,0
0,7.95557,0,0,0,270,0,0,0
0,7.966032,0,0,0,270,0,0,0
0,7.977742,0,0,0,270,0,0,0
0,7.988358,0,0,0,270,0,0,0
0,8.007198,0,0,0,270,0,0,0
0,8.010656,0,0,0,270,0,0,0
0,8.021836,0,0,0,270,0,0,0
0,8.032414,0,0,0,270,0,0,0
0,8.044153,0,0,0,270,0,0,0
0,8.055847,0,0,0,270,0,0,0
0,8.065928,0,0,0,270,0,0,0
0,8.077965,0,0,0,270,0,0,0
0,8.088834,0,0,0,270,0,0,0
0,8.100779,0,0,0,270,0,0,0
0,8.110627,0,0,0,270,0,0,0
0,8.121949,0,0,0,270,0,0,0
0,8.132865,0,0,0,270,0,0,0
0,8.144382,0,0,0,270,0,0,0
0,8.164535,0,0,0,270,0,0,0
0,8.168064,0,0,0,270,0,0,0
0,8.177634,0,0,0,270,0,0,0
0,8.188812,0,0,0,270,0,0,0
0,8.199587,0,0,0,270,0,0,0
0,8.210824,0,0,0,270,0,0,0
0,8.22202,0,0,0,270,0,0,0
0,8.232515,0,0,0,270,0,0,0
0,8.244196,0,0,0,270,0,0,0
0,8.255098,0,0,0,270,0,0,0
0,8.26603,0,0,0,270,0,0,0
0,8.277519,0,0,0,270,0,0,0
0,8.288462,0,0,0,270,0,0,0
0,8.299832,0,0,0,270,0,0,0
0,8.318026,0,0,0,270,0,0,0
0,8.3213,0,0,0,270,0,0,0
0,8.332556,0,0,0,270,0,0,0
0,8.344406,0,0,0,270,0,0,0
0,8.35503,0,0,0,270,0,0,0
0,8.366359,0,0,0,270,0,0,0
0,8.377357,0,0,0,270,0,0,0
0,8.38809,0,0,0,270,0,0,0
0,8.399874,0,0,0,270,0,0,0
0,8.410674,0,0,0,270,0,0,0
0,8.422134,0,0,0,270,0,0,0
0,8.432763,0,0,0,270,0,0,0
0,8.444258,0,0,0,270,0,0,0
0,8.455873,0,0,0,270,0,0,0
0,8.474494,0,0,0,270,0,0,0
0,8.47762,0,0,0,270,0,0,0
0,8.488147,0,0,0,270,0,0,0
0,8.499587,0,0,0,270,0,0,0
0,8.510645,0,0,0,270,0,0,0
0,8.521659,0,0,0,270,0,0,0
0,8.532345,0,0,0,270,0,0,0
0,8.54413,0,0,0,270,0,0,0
0,8.555354,0,0,0,270,0,0,0
0,8.56586,0,0,0,270,0,0,0
0,8.577468,0,0,0,270,0,0,0
0,8.588201,0,0,0,270,0,0,0
0,8.599751,0,0,0,270,0,0,0
0,8.610466,0,0,0,270,0,0,0
0,8.630713,0,0,0,270,0,0,0
0,8.634817,0,0,0,270,0,0,0
0,8.64355,0,0,0,270,0,0,0
0,8.655042,0,0,0,270,0,0,0
0,8.665677,0,0,0,270,0,0,0
0,8.677301,0,0,0,270,0,0,0
0,8.688176,0,0,0,270,0,0,0
0,8.700089,0,0,0,270,0,0,0
0,8.710497,0,0,0,270,0,0,0
0,8.721512,0,0,0,270,0,0,0
0,8.732789,0,0,0,270,0,0,0
0,8.74385,0,0,0,270,0,0,0
0,8.755031,0,0,0,270,0,0,0
0,8.766101,0,0,0,270,0,0,0
0,8.786551,0,0,0,270,0,0,0
0,8.789744,0,0,0,270,0,0,0
0,8.799615,0,0,0,270,0,0,0
0,8.810161,0,0,0,270,0,0,0
0,8.821619,0,0,0,270,0,0,0
0,8.832428,0,0,0,270,0,0,0
0,8.844092,0,0,0,270,0,0,0
0,8.855023,0,0,0,270,0,0,0
0,8.866307,0,0,0,270,0,0,0
0,8.87731,0,0,0,270,0,0,0
0,8.888083,0,0,0,270,0,0,0
0,8.899793,0,0,0,270,0,0,0
0,8.910077,0,0,0,270,0,0,0
0,8.922076,0,0,0,270,0,0,0
0,8.943239,0,0,0,270,0,0,0
0,8.948006,0,0,0,270,0,0,0
0,8.955167,0,0,0,270,0,0,0
0,8.963823,0,0,0,270,0,0,0
0,8.975085,0,0,0,270,0,0,0
0,8.985871,0,0,0,270,0,0,0
0,8.997822,0,0,0,270,0,0,0
0,9.008403,0,0,0,270,0,0,0
0,9.01958,0,0,0,270,0,0,0
0,9.03045,0,0,0,270,0,0,0
0,9.041892,0,0,0,270,0,0,0
0,9.052485,0,0,0,270,0,0,0
0,9.064159,0,0,0,270,0,0,0
0,9.075152,0,0,0,270,0,0,0
0,9.097285,0,0,0,270,0,0,0
0,9.101283,0,0,0,270,0,0,0
0,9.109146,0,0,0,270,0,0,0
0,9.11972,0,0,0,270,0,0,0
0,9.130113,0,0,0,270,0,0,0
0,9.141665,0,0,0,270,0,0,0
0,9.152656,0,0,0,270,0,0,0
0,9.164095,0,0,0,270,0,0,0
0,9.174962,0,0,0,270,0,0,0
0,9.185514,0,0,0,270,0,0,0
0,9.196947,0,0,0,270,0,0,0
0,9.207753,0,0,0,270,0,0,0
0,9.219492,0,0,0,270,0,0,0
0,9.230097,0,0,0,270,0,0,0
0,9.250162,0,0,0,270,0,0,0
0,9.254704,0,0,0,270,0,0,0
0,9.263701,0,0,0,270,0,0,0
0,9.275079,0,0,0,270,0,0,0
0,9.285438,0,0,0,270,0,0,0
0,9.296884,0,0,0,270,0,0,0
0,9.307763,0,0,0,270,0,0,0
0,9.319768,0,0,0,270,0,0,0
0,9.32988,0,0,0,270,0,0,0
0,9.341488,0,0,0,270,0,0,0
0,9.352085,0,0,0,270,0,0,0
0,9.363946,0,0,0,270,0,0,0
0,9.374543,0,0,0,270,0,0,0
0,9.385609,0,0,0,270,0,0,0
0,9.404269,0,0,0,270,0,0,0
0,9.407447,0,0,0,270,0,0,0
0,9.41933,0,0,0,270,0,0,0
0,9.430009,0,0,0,270,0,0,0
0,9.441232,0,0,0,270,0,0,0
0,9.45206,0,0,0,270,0,0,0
0,9.464314,0,0,0,270,0,0,0
0,9.474842,0,0,0,270,0,0,0
0,9.485761,0,0,0,270,0,0,0
0,9.497322,0,0,0,270,0,0,0
0,9.50825,0,0,0,270,0,0,0
0,9.520082,0,0,0,270,0,0,0
0,9.530825,0,0,0,270,0,0,0
0,9.542782,0,0,0,270,0,0,0
0,9.560808,0,0,0,270,0,0,0
0,9.56449,0,0,0,270,0,0,0
0,9.57608,0,0,0,270,0,0,0
0,9.587735,0,0,0,270,0,0,0
0,9.598755,0,0,0,270,0,0,0
0,9.609571,0,0,0,270,0,0,0
0,9.621807,0,0,0,270,0,0,0
0,9.632411,0,0,0,270,0,0,0
0,9.643677,0,0,0,270,0,0,0
0,9.654494,0,0,0,270,0,0,0
0,9.665457,0,0,0,270,0,0,0
0,9.677009,0,0,0,270,0,0,0
0,9.68749,0,0,0,270,0,0,0
0,9.699217,0,0,0,270,0,0,0
0,9.717381,0,0,0,270,0,0,0
0,9.720597,0,0,0,270,0,0,0
0,9.731747,0,0,0,270,0,0,0
0,9.743701,0,0,0,270,0,0,0
0,9.754663,0,0,0,270,0,0,0
0,9.76557,0,0,0,270,0,0,0
0,9.777539,0,0,0,270,0,0,0
0,9.787659,0,0,0,270,0,0,0
0,9.798946,0,0,0,270,0,0,0
0,9.809791,0,0,0,270,0,0,0
0,9.8218,0,0,0,270,0,0,0
0,9.831798,0,0,0,270,0,0,0
0,9.843559,0,0,0,270,0,0,0
0,9.854862,0,0,0,270,0,0,0
0,9.874205,0,0,0,270,0,0,0
0,9.877748,0,0,0,270,0,0,0
0,9.887806,0,0,0,270,0,0,0
0,9.899368,0,0,0,270,0,0,0
0,9.909811,0,0,0,270,0,0,0
0,9.921159,0,0,0,270,0,0,0
0,9.93208,0,0,0,270,0,0,0
0,9.943878,0,0,0,270,0,0,0
0,9.954607,0,0,0,270,0,0,0
0,9.96532,0,0,0,270,0,0,0
0,9.976858,0,0,0,270,0,0,0
0,9.987635,0,0,0,270,0,0,0
0,9.999075,0,0,0,270,0,0,0
0,10.01071,0,0,0,270,0,0,0
0,10.03178,0,0,0,270,0,0,0
0,10.03564,0,0,0,270,0,0,0
0,10.04334,0,0,0,270,0,0,0
0,10.05321,0,0,0,270,0,0,0
0,10.06412,0,0,0,270,0,0,0
0,10.07515,0,0,0,270,0,0,0
0,10.08636,0,0,0,270,0,0,0
0,10.09762,0,0,0,270,0,0,0
0,10.10816,0,0,0,270,0,0,0
0,10.11945,0,0,0,270,0,0,0
0,10.13034,0,0,0,270,0,0,0
0,10.14222,0,0,0,270,0,0,0
0,10.15295,0,0,0,270,0,0,0
0,10.16518,0,0,0,270,0,0,0
0,10.18434,0,0,0,270,0,0,0
0,10.18816,0,0,0,270,0,0,0
0,10.19793,0,0,0,270,0,0,0
0,10.20817,0,0,0,270,0,0,0
0,10.22058,0,0,0,270,0,0,0
0,10.23068,0,0,0,270,0,0,0
0,10.24264,0,0,0,270,0,0,0
0,10.25255,0,0,0,270,0,0,0
0,10.2642,0,0,0,270,0,0,0
0,10.27571,0,0,0,270,0,0,0
0,10.28605,0,0,0,270,0,0,0
0,10.29731,0,0,0,270,0,0,0
0,10.308,0,0,0,270,0,0,0
0,10.32018,0,0,0,270,0,0,0
0,10.33926,0,0,0,270,0,0,0
0,10.34255,0,0,0,270,0,0,0
0,10.3529,0,0,0,270,0,0,0
0,10.36432,0,0,0,270,0,0,0
0,10.37507,0,0,0,270,0,0,0
0,10.38581,0,0,0,270,0,0,0
0,10.3976,0,0,0,270,0,0,0
0,10.40832,0,0,0,270,0,0,0
0,10.42004,0,0,0,270,0,0,0
0,10.43145,0,0,0,270,0,0,0
0,10.44268,0,0,0,270,0,0,0
0,10.4532,0,0,0,270,0,0,0
0,10.46523,0,0,0,270,0,0,0
0,10.47632,0,0,0,270,0,0,0
0,10.4973,0,0,0,270,0,0,0
0,10.50071,0,0,0,270,0,0,0
0,10.50963,0,0,0,270,0,0,0
0,10.52043,0,0,0,270,0,0,0
0,10.53134,0,0,0,270,0,0,0
0,10.54251,0,0,0,270,0,0,0
0,10.55401,0,0,0,270,0,0,0
0,10.56429,0,0,0,270,0,0,0
0,10.57578,0,0,0,270,0,0,0
0,10.58672,0,0,0,270,0,0,0
0,10.59807,0,0,0,270,0,0,0
0,10.60878,0,0,0,270,0,0,0
0,10.62073,0,0,0,270,0,0,0
0,10.63152,0,0,0,270,0,0,0
0,10.65048,0,0,0,270,0,0,0
0,10.65466,0,0,0,270,0,0,0
0,10.66448,0,0,0,270,0,0,0
0,10.67576,0,0,0,270,0,0,0
0,10.68654,0,0,0,270,0,0,0
0,10.69785,0,0,0,270,0,0,0
0,10.70978,0,0,0,270,0,0,0
0,10.72004,0,0,0,270,0,0,0
0,10.73106,0,0,0,270,0,0,0
0,10.74304,0,0,0,270,0,0,0
0,10.75325,0,0,0,270,0,0,0
0,10.76483,0,0,0,270,0,0,0
0,10.7758,0,0,0,270,0,0,0
0,10.78709,0,0,0,270,0,0,0
0,10.806,0,0,0,270,0,0,0
0,10.80872,0,0,0,270,0,0,0
0,10.82004,0,0,0,270,0,0,0
0,10.83073,0,0,0,270,0,0,0
0,10.84287,0,0,0,270,0,0,0
0,10.85322,0,0,0,270,0,0,0
0,10.86477,0,0,0,270,0,0,0
0,10.87581,0,0,0,270,0,0,0
0,10.88663,0,0,0,270,0,0,0
0,10.89886,0,0,0,270,0,0,0
0,10.90908,0,0,0,270,0,0,0
0,10.92047,0,0,0,270,0,0,0
0,10.93123,0,0,0,270,0,0,0
0,10.94291,0,0,0,270,0,0,0
0,10.96172,0,0,0,270,0,0,0
0,10.96527,0,0,0,270,0,0,0
0,10.97632,0,0,0,270,0,0,0
0,10.98676,0,0,0,270,0,0,0
0,10.99808,0,0,0,270,0,0,0
0,11.00944,0,0,0,270,0,0,0
0,11.02035,0,0,0,270,0,0,0
0,11.03139,0,0,0,270,0,0,0
0,11.04307,0,0,0,270,0,0,0
0,11.05414,0,0,0,270,0,0,0
0,11.0645,0,0,0,270,0,0,0
0,11.0761,0,0,0,270,0,0,0
0,11.08674,0,0,0,270,0,0,0
0,11.09814,0,0,0,270,0,0,0
0,11.11621,0,0,0,270,0,0,0
0,11.11972,0,0,0,270,0,0,0
0,11.13129,0,0,0,270,0,0,0
0,11.1433,0,0,0,270,0,0,0
0,11.15377,0,0,0,270,0,0,0
0,11.16511,0,0,0,270,0,0,0
0,11.1763,0,0,0,270,0,0,0
0,11.18703,0,0,0,270,0,0,0
0,11.19955,0,0,0,270,0,0,0
0,11.20921,0,0,0,270,0,0,0
0,11.22055,0,0,0,270,0,0,0
0,11.23189,0,0,0,270,0,0,0
0,11.24348,0,0,0,270,0,0,0
0,11.2539,0,0,0,270,0,0,0
0,11.27319,0,0,0,270,0,0,0
0,11.2772,0,0,0,270,0,0,0
0,11.28665,0,0,0,270,0,0,0
0,11.29802,0,0,0,270,0,0,0
0,11.3089,0,0,0,270,0,0,0
0,11.32076,0,0,0,270,0,0,0
0,11.33129,0,0,0,270,0,0,0
0,11.34305,0,0,0,270,0,0,0
0,11.3548,0,0,0,270,0,0,0
0,11.36455,0,0,0,270,0,0,0
0,11.37605,0,0,0,270,0,0,0
0,11.38668,0,0,0,270,0,0,0
0,11.39839,0,0,0,270,0,0,0
0,11.40889,0,0,0,270,0,0,0
0,11.42836,0,0,0,270,0,0,0
0,11.43211,0,0,0,270,0,0,0
0,11.44283,0,0,0,270,0,0,0
0,11.45395,0,0,0,270,0,0,0
0,11.4647,0,0,0,270,0,0,0
0,11.47588,0,0,0,270,0,0,0
0,11.48679,0,0,0,270,0,0,0
0,11.49818,0,0,0,270,0,0,0
0,11.51007,0,0,0,270,0,0,0
0,11.52092,0,0,0,270,0,0,0
0,11.53137,0,0,0,270,0,0,0
0,11.54296,0,0,0,270,0,0,0
0,11.55354,0,0,0,270,0,0,0
0,11.56484,0,0,0,270,0,0,0
0,11.58378,0,0,0,270,0,0,0
0,11.58703,0,0,0,270,0,0,0
0,11.59804,0,0,0,270,0,0,0
0,11.60891,0,0,0,270,0,0,0
0,11.62019,0,0,0,270,0,0,0
0,11.63166,0,0,0,270,0,0,0
0,11.6426,0,0,0,270,0,0,0
0,11.65388,0,0,0,270,0,0,0
0,11.66476,0,0,0,270,0,0,0
0,11.67588,0,0,0,270,0,0,0
0,11.68666,0,0,0,270,0,0,0
0,11.69844,0,0,0,270,0,0,0
0,11.7086,0,0,0,270,0,0,0
0,11.72044,0,0,0,270,0,0,0
0,11.73827,0,0,0,270,0,0,0
0,11.74222,0,0,0,270,0,0,0
0,11.75315,0,0,0,270,0,0,0
0,11.76448,0,0,0,270,0,0,0
0,11.77646,0,0,0,270,0,0,0
0,11.78638,0,0,0,270,0,0,0
0,11.79798,0,0,0,270,0,0,0
0,11.80872,0,0,0,270,0,0,0
0,11.82017,0,0,0,270,0,0,0
0,11.83067,0,0,0,270,0,0,0
0,11.84226,0,0,0,270,0,0,0
0,11.85316,0,0,0,270,0,0,0
0,11.86456,0,0,0,270,0,0,0
0,11.8756,0,0,0,270,0,0,0
0,11.89393,0,0,0,270,0,0,0
0,11.89754,0,0,0,270,0,0,0
0,11.90863,0,0,0,270,0,0,0
0,11.92029,0,0,0,270,0,0,0
0,11.93107,0,0,0,270,0,0,0
0,11.94224,0,0,0,270,0,0,0
0,11.95309,0,0,0,270,0,0,0
0,11.96461,0,0,0,270,0,0,0
0,11.97569,0,0,0,270,0,0,0
0,11.98647,0,0,0,270,0,0,0
0,11.99852,0,0,0,270,0,0,0
0,12.00932,0,0,0,270,0,0,0
0,12.02001,0,0,0,270,0,0,0
0,12.03113,0,0,0,270,0,0,0
0,12.051,0,0,0,270,0,0,0
0,12.05434,0,0,0,270,0,0,0
0,12.06413,0,0,0,270,0,0,0
0,12.07598,0,0,0,270,0,0,0
0,12.08694,0,0,0,270,0,0,0
0,12.09801,0,0,0,270,0,0,0
0,12.10892,0,0,0,270,0,0,0
0,12.12059,0,0,0,270,0,0,0
0,12.1307,0,0,0,270,0,0,0
0,12.142,0,0,0,270,0,0,0
0,12.1528,0,0,0,270,0,0,0
0,12.1645,0,0,0,270,0,0,0
0,12.17536,0,0,0,270,0,0,0
0,12.18652,0,0,0,270,0,0,0
0,12.20885,0,0,0,270,0,0,0
0,12.21275,0,0,0,270,0,0,0
0,12.22048,0,0,0,270,0,0,0
0,12.22975,0,0,0,270,0,0,0
0,12.24106,0,0,0,270,0,0,0
0,12.25153,0,0,0,270,0,0,0
0,12.26281,0,0,0,270,0,0,0
0,12.27441,0,0,0,270,0,0,0
0,12.28454,0,0,0,270,0,0,0
0,12.29632,0,0,0,270,0,0,0
0,12.30721,0,0,0,270,0,0,0
0,12.31856,0,0,0,270,0,0,0
0,12.32905,0,0,0,270,0,0,0
0,12.34052,0,0,0,270,0,0,0
0,12.35878,0,0,0,270,0,0,0
0,12.3621,0,0,0,270,0,0,0
0,12.37429,0,0,0,270,0,0,0
0,12.38477,0,0,0,270,0,0,0
0,12.39638,0,0,0,270,0,0,0
0,12.40679,0,0,0,270,0,0,0
0,12.41827,0,0,0,270,0,0,0
0,12.42929,0,0,0,270,0,0,0
0,12.44095,0,0,0,270,0,0,0
0,12.45138,0,0,0,270,0,0,0
0,12.46303,0,0,0,270,0,0,0
0,12.47343,0,0,0,270,0,0,0
0,12.48525,0,0,0,270,0,0,0
0,12.49628,0,0,0,270,0,0,0
0,12.51573,0,0,0,270,0,0,0
0,12.5186,0,0,0,270,0,0,0
0,12.52917,0,0,0,270,0,0,0
0,12.54052,0,0,0,270,0,0,0
0,12.55163,0,0,0,270,0,0,0
0,12.5631,0,0,0,270,0,0,0
0,12.57405,0,0,0,270,0,0,0
0,12.58486,0,0,0,270,0,0,0
0,12.59636,0,0,0,270,0,0,0
0,12.60743,0,0,0,270,0,0,0
0,12.61902,0,0,0,270,0,0,0
0,12.62969,0,0,0,270,0,0,0
0,12.64134,0,0,0,270,0,0,0
0,12.65228,0,0,0,270,0,0,0
0,12.67305,0,0,0,270,0,0,0
0,12.67731,0,0,0,270,0,0,0
0,12.68637,0,0,0,270,0,0,0
0,12.69762,0,0,0,270,0,0,0
0,12.70898,0,0,0,270,0,0,0
0,12.71982,0,0,0,270,0,0,0
0,12.73058,0,0,0,270,0,0,0
0,12.74189,0,0,0,270,0,0,0
0,12.75292,0,0,0,270,0,0,0
0,12.76415,0,0,0,270,0,0,0
0,12.77525,0,0,0,270,0,0,0
0,12.78603,0,0,0,270,0,0,0
0,12.7976,0,0,0,270,0,0,0
0,12.80816,0,0,0,270,0,0,0
0,12.82682,0,0,0,270,0,0,0
0,12.83035,0,0,0,270,0,0,0
0,12.8423,0,0,0,270,0,0,0
0,12.85273,0,0,0,270,0,0,0
0,12.86422,0,0,0,270,0,0,0
0,12.8751,0,0,0,270,0,0,0
0,12.88623,0,0,0,270,0,0,0
0,12.8981,0,0,0,270,0,0,0
0,12.90823,0,0,0,270,0,0,0
0,12.92004,0,0,0,270,0,0,0
0,12.93047,0,0,0,270,0,0,0
0,12.94198,0,0,0,270,0,0,0
0,12.95318,0,0,0,270,0,0,0
0,12.9643,0,0,0,270,0,0,0
0,12.98447,0,0,0,270,0,0,0
0,12.98908,0,0,0,270,0,0,0
0,12.99776,0,0,0,270,0,0,0
0,13.0085,0,0,0,270,0,0,0
0,13.01902,0,0,0,270,0,0,0
0,13.0297,0,0,0,270,0,0,0
0,13.04114,0,0,0,270,0,0,0
0,13.05232,0,0,0,270,0,0,0
0,13.06314,0,0,0,270,0,0,0
0,13.07444,0,0,0,270,0,0,0
0,13.08562,0,0,0,270,0,0,0
0,13.09689,0,0,0,270,0,0,0
0,13.10737,0,0,0,270,0,0,0
0,13.11951,0,0,0,270,0,0,0
0,13.13715,0,0,0,270,0,0,0
0,13.14072,0,0,0,270,0,0,0
0,13.15246,0,0,0,270,0,0,0
0,13.16348,0,0,0,270,0,0,0
0,13.17437,0,0,0,270,0,0,0
0,13.18549,0,0,0,270,0,0,0
0,13.19721,0,0,0,270,0,0,0
0,13.2074,0,0,0,270,0,0,0
0,13.21928,0,0,0,270,0,0,0
0,13.23016,0,0,0,270,0,0,0
0,13.24221,0,0,0,270,0,0,0
0,13.25242,0,0,0,270,0,0,0
0,13.26488,0,0,0,270,0,0,0
0,13.27575,0,0,0,270,0,0,0
0,13.29565,0,0,0,270,0,0,0
0,13.29957,0,0,0,270,0,0,0
0,13.30762,0,0,0,270,0,0,0
0,13.31877,0,0,0,270,0,0,0
0,13.32957,0,0,0,270,0,0,0
0,13.34102,0,0,0,270,0,0,0
0,13.35164,0,0,0,270,0,0,0
0,13.36307,0,0,0,270,0,0,0
0,13.37418,0,0,0,270,0,0,0
0,13.3851,0,0,0,270,0,0,0
0,13.39664,0,0,0,270,0,0,0
0,13.40716,0,0,0,270,0,0,0
0,13.41927,0,0,0,270,0,0,0
0,13.42948,0,0,0,270,0,0,0
0,13.44799,0,0,0,270,0,0,0
0,13.45143,0,0,0,270,0,0,0
0,13.4633,0,0,0,270,0,0,0
0,13.47431,0,0,0,270,0,0,0
0,13.48477,0,0,0,270,0,0,0
0,13.49678,0,0,0,270,0,0,0
0,13.50777,0,0,0,270,0,0,0
0,13.51851,0,0,0,270,0,0,0
0,13.52941,0,0,0,270,0,0,0
0,13.54101,0,0,0,270,0,0,0
0,13.55184,0,0,0,270,0,0,0
0,13.56319,0,0,0,270,0,0,0
0,13.57408,0,0,0,270,0,0,0
0,13.58489,0,0,0,270,0,0,0
0,13.60508,0,0,0,270,0,0,0
0,13.60848,0,0,0,270,0,0,0
0,13.61877,0,0,0,270,0,0,0
0,13.62912,0,0,0,270,0,0,0
0,13.64086,0,0,0,270,0,0,0
0,13.65159,0,0,0,270,0,0,0
0,13.6636,0,0,0,270,0,0,0
0,13.67463,0,0,0,270,0,0,0
0,13.68558,0,0,0,270,0,0,0
0,13.6971,0,0,0,270,0,0,0
0,13.70743,0,0,0,270,0,0,0
0,13.71942,0,0,0,270,0,0,0
0,13.72984,0,0,0,270,0,0,0
0,13.74198,0,0,0,270,0,0,0
0,13.76071,0,0,0,270,0,0,0
0,13.76438,0,0,0,270,0,0,0
0,13.77522,0,0,0,270,0,0,0
0,13.78571,0,0,0,270,0,0,0
0,13.79716,0,0,0,270,0,0,0
0,13.80794,0,0,0,270,0,0,0
0,13.82002,0,0,0,270,0,0,0
0,13.83029,0,0,0,270,0,0,0
0,13.8421,0,0,0,270,0,0,0
0,13.85285,0,0,0,270,0,0,0
0,13.86412,0,0,0,270,0,0,0
0,13.87523,0,0,0,270,0,0,0
0,13.8855,0,0,0,270,0,0,0
0,13.89774,0,0,0,270,0,0,0
0,13.91563,0,0,0,270,0,0,0
0,13.91854,0,0,0,270,0,0,0
0,13.92992,0,0,0,270,0,0,0
0,13.94153,0,0,0,270,0,0,0
0,13.95211,0,0,0,270,0,0,0
0,13.96408,0,0,0,270,0,0,0
0,13.97445,0,0,0,270,0,0,0
0,13.98546,0,0,0,270,0,0,0
0,13.99694,0,0,0,270,0,0,0
0,14.00818,0,0,0,270,0,0,0
0,14.01914,0,0,0,270,0,0,0
0,14.02981,0,0,0,270,0,0,0
0,14.04156,0,0,0,270,0,0,0
0,14.0523,0,0,0,270,0,0,0
0,14.07076,0,0,0,270,0,0,0
0,14.07442,0,0,0,270,0,0,0
0,14.08567,0,0,0,270,0,0,0
0,14.09689,0,0,0,270,0,0,0
0,14.10753,0,0,0,270,0,0,0
0,14.11945,0,0,0,270,0,0,0
0,14.12982,0,0,0,270,0,0,0
0,14.14102,0,0,0,270,0,0,0
0,14.15246,0,0,0,270,0,0,0
0,14.16408,0,0,0,270,0,0,0
0,14.17482,0,0,0,270,0,0,0
0,14.18542,0,0,0,270,0,0,0
0,14.19687,0,0,0,270,0,0,0
0,14.20752,0,0,0,270,0,0,0
0,14.22661,0,0,0,270,0,0,0
0,14.22989,0,0,0,270,0,0,0
0,14.24144,0,0,0,270,0,0,0
0,14.25247,0,0,0,270,0,0,0
0,14.26878,0,0,0,270,0,0,0
0,14.28166,0,0,0,270,0,0,0
0,14.29756,0,0,0,270,0,0,0
0,14.30803,0,0,0,270,0,0,0
0,14.31896,0,0,0,270,0,0,0
0,14.32997,0,0,0,270,0,0,0
0,14.34114,0,0,0,270,0,0,0
0,14.35237,0,0,0,270,0,0,0
0,14.36376,0,0,0,270,0,0,0
0,14.38315,0,0,0,270,0,0,0
0,14.38675,0,0,0,270,0,0,0
0,14.39831,0,0,0,270,0,0,0
0,14.4079,0,0,0,270,0,0,0
0,14.41917,0,0,0,270,0,0,0
0,14.43043,0,0,0,270,0,0,0
0,14.44106,0,0,0,270,0,0,0
0,14.45192,0,0,0,270,0,0,0
0,14.46373,0,0,0,270,0,0,0
0,14.47511,0,0,0,270,0,0,0
0,14.48526,0,0,0,270,0,0,0
0,14.49691,0,0,0,270,0,0,0
0,14.50862,0,0,0,270,0,0,0
0,14.51997,0,0,0,270,0,0,0
0,14.53861,0,0,0,270,0,0,0
0,14.54179,0,0,0,270,0,0,0
0,14.55192,0,0,0,270,0,0,0
0,14.56666,0,0,0,270,0,0,0
0,14.57473,0,0,0,270,0,0,0
0,14.5858,0,0,0,270,0,0,0
0,14.59709,0,0,0,270,0,0,0
0,14.60779,0,0,0,270,0,0,0
0,14.61928,0,0,0,270,0,0,0
0,14.63001,0,0,0,270,0,0,0
0,14.64095,0,0,0,270,0,0,0
0,14.65223,0,0,0,270,0,0,0
0,14.66389,0,0,0,270,0,0,0
0,14.67473,0,0,0,270,0,0,0
0,14.69342,0,0,0,270,0,0,0
0,14.6971,0,0,0,270,0,0,0
0,14.70743,0,0,0,270,0,0,0
0,14.71917,0,0,0,270,0,0,0
0,14.72984,0,0,0,270,0,0,0
0,14.74102,0,0,0,270,0,0,0
0,14.75172,0,0,0,270,0,0,0
0,14.76315,0,0,0,270,0,0,0
0,14.77417,0,0,0,270,0,0,0
0,14.78524,0,0,0,270,0,0,0
0,14.79663,0,0,0,270,0,0,0
0,14.80751,0,0,0,270,0,0,0
0,14.81908,0,0,0,270,0,0,0
0,14.82962,0,0,0,270,0,0,0
0,14.84873,0,0,0,270,0,0,0
0,14.85148,0,0,0,270,0,0,0
0,14.8634,0,0,0,270,0,0,0
0,14.87417,0,0,0,270,0,0,0
0,14.88524,0,0,0,270,0,0,0
0,14.89682,0,0,0,270,0,0,0
0,14.90732,0,0,0,270,0,0,0
0,14.91916,0,0,0,270,0,0,0
0,14.93008,0,0,0,270,0,0,0
0,14.94099,0,0,0,270,0,0,0
0,14.95184,0,0,0,270,0,0,0
0,14.96376,0,0,0,270,0,0,0
0,14.97505,0,0,0,270,0,0,0
0,14.98522,0,0,0,270,0,0,0
0,15.0041,0,0,0,270,0,0,0
0,15.00812,0,0,0,270,0,0,0
0,15.01895,0,0,0,270,0,0,0
0,15.02945,0,0,0,270,0,0,0
0,15.04112,0,0,0,270,0,0,0
0,15.05185,0,0,0,270,0,0,0
0,15.06321,0,0,0,270,0,0,0
0,15.07497,0,0,0,270,0,0,0
0,15.08529,0,0,0,270,0,0,0
0,15.09657,0,0,0,270,0,0,0
0,15.10707,0,0,0,270,0,0,0
0,15.11873,0,0,0,270,0,0,0
0,15.12938,0,0,0,270,0,0,0
0,15.14121,0,0,0,270,0,0,0
0,15.16136,0,0,0,270,0,0,0
0,15.16613,0,0,0,270,0,0,0
0,15.17442,0,0,0,270,0,0,0
0,15.1844,0,0,0,270,0,0,0
0,15.19575,0,0,0,270,0,0,0
0,15.20653,0,0,0,270,0,0,0
0,15.218,0,0,0,270,0,0,0
0,15.22886,0,0,0,270,0,0,0
0,15.24025,0,0,0,270,0,0,0
0,15.25114,0,0,0,270,0,0,0
0,15.26262,0,0,0,270,0,0,0
0,15.27561,0,0,0,270,0,0,0
0,15.28467,0,0,0,270,0,0,0
0,15.2963,0,0,0,270,0,0,0
0,15.31592,0,0,0,270,0,0,0
0,15.31979,0,0,0,270,0,0,0
0,15.33,0,0,0,270,0,0,0
0,15.34081,0,0,0,270,0,0,0
0,15.35153,0,0,0,270,0,0,0
0,15.36292,0,0,0,270,0,0,0
0,15.37396,0,0,0,270,0,0,0
0,15.38452,0,0,0,270,0,0,0
0,15.39649,0,0,0,270,0,0,0
0,15.40662,0,0,0,270,0,0,0
0,15.41878,0,0,0,270,0,0,0
0,15.42935,0,0,0,270,0,0,0
0,15.44063,0,0,0,270,0,0,0
0,15.45125,0,0,0,270,0,0,0
0,15.47076,0,0,0,270,0,0,0
0,15.4742,0,0,0,270,0,0,0
0,15.48482,0,0,0,270,0,0,0
0,15.49596,0,0,0,270,0,0,0
0,15.50736,0,0,0,270,0,0,0
0,15.5181,0,0,0,270,0,0,0
0,15.52921,0,0,0,270,0,0,0
0,15.5406,0,0,0,270,0,0,0
0,15.55122,0,0,0,270,0,0,0
0,15.5631,0,0,0,270,0,0,0
0,15.57427,0,0,0,270,0,0,0
0,15.5852,0,0,0,270,0,0,0
0,15.59639,0,0,0,270,0,0,0
0,15.60731,0,0,0,270,0,0,0
0,15.62692,0,0,0,270,0,0,0
0,15.62991,0,0,0,270,0,0,0
0,15.64108,0,0,0,270,0,0,0
0,15.65203,0,0,0,270,0,0,0
0,15.66308,0,0,0,270,0,0,0
0,15.67401,0,0,0,270,0,0,0
0,15.68479,0,0,0,270,0,0,0
0,15.69635,0,0,0,270,0,0,0
0,15.70718,0,0,0,270,0,0,0
0,15.71859,0,0,0,270,0,0,0
0,15.72925,0,0,0,270,0,0,0
0,15.74087,0,0,0,270,0,0,0
0,15.75149,0,0,0,270,0,0,0
0,15.76286,0,0,0,270,0,0,0
0,15.78096,0,0,0,270,0,0,0
0,15.78448,0,0,0,270,0,0,0
0,15.79607,0,0,0,270,0,0,0
0,15.80694,0,0,0,270,0,0,0
0,15.819,0,0,0,270,0,0,0
0,15.82922,0,0,0,270,0,0,0
0,15.84117,0,0,0,270,0,0,0
0,15.85175,0,0,0,270,0,0,0
0,15.8633,0,0,0,270,0,0,0
0,15.87391,0,0,0,270,0,0,0
0,15.88464,0,0,0,270,0,0,0
0,15.89602,0,0,0,270,0,0,0
0,15.90669,0,0,0,270,0,0,0
0,15.91824,0,0,0,270,0,0,0
0,15.937,0,0,0,270,0,0,0
0,15.93989,0,0,0,270,0,0,0
0,15.95159,0,0,0,270,0,0,0
0,15.96331,0,0,0,270,0,0,0
0,15.97397,0,0,0,270,0,0,0
0,15.98486,0,0,0,270,0,0,0
0,15.99588,0,0,0,270,0,0,0
0,16.00735,0,0,0,270,0,0,0
0,16.01852,0,0,0,270,0,0,0
0,16.02889,0,0,0,270,0,0,0
0,16.04051,0,0,0,270,0,0,0
0,16.05157,0,0,0,270,0,0,0
0,16.06303,0,0,0,270,0,0,0
0,16.07389,0,0,0,270,0,0,0
0,16.09282,0,0,0,270,0,0,0
0,16.0962,0,0,0,270,0,0,0
0,16.10675,0,0,0,270,0,0,0
0,16.11874,0,0,0,270,0,0,0
0,16.12887,0,0,0,270,0,0,0
0,16.14024,0,0,0,270,0,0,0
0,16.15121,0,0,0,270,0,0,0
0,16.16244,0,0,0,270,0,0,0
0,16.17407,0,0,0,270,0,0,0
0,16.18451,0,0,0,270,0,0,0
0,16.1968,0,0,0,270,0,0,0
0,16.2068,0,0,0,270,0,0,0
0,16.21811,0,0,0,270,0,0,0
0,16.22924,0,0,0,270,0,0,0
0,16.24677,0,0,0,270,0,0,0
0,16.25096,0,0,0,270,0,0,0
0,16.26266,0,0,0,270,0,0,0
0,16.27452,0,0,0,270,0,0,0
0,16.28443,0,0,0,270,0,0,0
0,16.29609,0,0,0,270,0,0,0
0,16.30701,0,0,0,270,0,0,0
0,16.31851,0,0,0,270,0,0,0
0,16.329,0,0,0,270,0,0,0
0,16.34131,0,0,0,270,0,0,0
0,16.3515,0,0,0,270,0,0,0
0,16.36295,0,0,0,270,0,0,0
0,16.37401,0,0,0,270,0,0,0
0,16.38547,0,0,0,270,0,0,0
0,16.40395,0,0,0,270,0,0,0
0,16.40726,0,0,0,270,0,0,0
0,16.41844,0,0,0,270,0,0,0
0,16.42964,0,0,0,270,0,0,0
0,16.44054,0,0,0,270,0,0,0
0,16.45122,0,0,0,270,0,0,0
0,16.46274,0,0,0,270,0,0,0
0,16.47411,0,0,0,270,0,0,0
0,16.48455,0,0,0,270,0,0,0
0,16.49589,0,0,0,270,0,0,0
0,16.50676,0,0,0,270,0,0,0
0,16.51817,0,0,0,270,0,0,0
0,16.52885,0,0,0,270,0,0,0
0,16.54076,0,0,0,270,0,0,0
0,16.55964,0,0,0,270,0,0,0
0,16.56266,0,0,0,270,0,0,0
0,16.57403,0,0,0,270,0,0,0
0,16.58453,0,0,0,270,0,0,0
0,16.59621,0,0,0,270,0,0,0
0,16.60674,0,0,0,270,0,0,0
0,16.61889,0,0,0,270,0,0,0
0,16.62887,0,0,0,270,0,0,0
0,16.64029,0,0,0,270,0,0,0
0,16.65116,0,0,0,270,0,0,0
0,16.66246,0,0,0,270,0,0,0
0,16.6734,0,0,0,270,0,0,0
0,16.68517,0,0,0,270,0,0,0
0,16.69677,0,0,0,270,0,0,0
0,16.71912,0,0,0,270,0,0,0
0,16.72244,0,0,0,270,0,0,0
0,16.72899,0,0,0,270,0,0,0
0,16.73807,0,0,0,270,0,0,0
0,16.7487,0,0,0,270,0,0,0
0,16.76046,0,0,0,270,0,0,0
0,16.77086,0,0,0,270,0,0,0
0,16.78207,0,0,0,270,0,0,0
0,16.79316,0,0,0,270,0,0,0
0,16.80462,0,0,0,270,0,0,0
0,16.81538,0,0,0,270,0,0,0
0,16.82634,0,0,0,270,0,0,0
0,16.83804,0,0,0,270,0,0,0
0,16.84874,0,0,0,270,0,0,0
0,16.86869,0,0,0,270,0,0,0
0,16.87212,0,0,0,270,0,0,0
0,16.88226,0,0,0,270,0,0,0
0,16.89301,0,0,0,270,0,0,0
0,16.90439,0,0,0,270,0,0,0
0,16.91571,0,0,0,270,0,0,0
0,16.92619,0,0,0,270,0,0,0
0,16.93762,0,0,0,270,0,0,0
0,16.94851,0,0,0,270,0,0,0
0,16.95993,0,0,0,270,0,0,0
0,16.97082,0,0,0,270,0,0,0
0,16.98249,0,0,0,270,0,0,0
0,16.99325,0,0,0,270,0,0,0
0,17.00453,0,0,0,270,0,0,0
0,17.02267,0,0,0,270,0,0,0
0,17.02633,0,0,0,270,0,0,0
0,17.03763,0,0,0,270,0,0,0
0,17.04849,0,0,0,270,0,0,0
0,17.06041,0,0,0,270,0,0,0
0,17.07099,0,0,0,270,0,0,0
0,17.08265,0,0,0,270,0,0,0
0,17.09343,0,0,0,270,0,0,0
0,17.10491,0,0,0,270,0,0,0
0,17.11602,0,0,0,270,0,0,0
0,17.12691,0,0,0,270,0,0,0
0,17.13873,0,0,0,270,0,0,0
0,17.14973,0,0,0,270,0,0,0
0,17.16103,0,0,0,270,0,0,0
0,17.17975,0,0,0,270,0,0,0
0,17.18317,0,0,0,270,0,0,0
0,17.19532,0,0,0,270,0,0,0
0,17.20594,0,0,0,270,0,0,0
0,17.2177,0,0,0,270,0,0,0
0,17.22826,0,0,0,270,0,0,0
0,17.24001,0,0,0,270,0,0,0
0,17.25058,0,0,0,270,0,0,0
0,17.2624,0,0,0,270,0,0,0
0,17.27317,0,0,0,270,0,0,0
0,17.28439,0,0,0,270,0,0,0
0,17.29548,0,0,0,270,0,0,0
0,17.30621,0,0,0,270,0,0,0
0,17.318,0,0,0,270,0,0,0
0,17.33635,0,0,0,270,0,0,0
0,17.33988,0,0,0,270,0,0,0
0,17.35089,0,0,0,270,0,0,0
0,17.36212,0,0,0,270,0,0,0
0,17.37527,0,0,0,270,0,0,0
0,17.38528,0,0,0,270,0,0,0
0,17.39622,0,0,0,270,0,0,0
0,17.40659,0,0,0,270,0,0,0
0,17.41808,0,0,0,270,0,0,0
0,17.42871,0,0,0,270,0,0,0
0,17.44012,0,0,0,270,0,0,0
0,17.4507,0,0,0,270,0,0,0
0,17.46242,0,0,0,270,0,0,0
0,17.47301,0,0,0,270,0,0,0
0,17.49246,0,0,0,270,0,0,0
0,17.49586,0,0,0,270,0,0,0
0,17.50628,0,0,0,270,0,0,0
0,17.51804,0,0,0,270,0,0,0
0,17.52901,0,0,0,270,0,0,0
0,17.54061,0,0,0,270,0,0,0
0,17.55096,0,0,0,270,0,0,0
0,17.5624,0,0,0,270,0,0,0
0,17.57328,0,0,0,270,0,0,0
0,17.58504,0,0,0,270,0,0,0
0,17.5955,0,0,0,270,0,0,0
0,17.60613,0,0,0,270,0,0,0
0,17.61815,0,0,0,270,0,0,0
0,17.62882,0,0,0,270,0,0,0
0,17.65037,0,0,0,270,0,0,0
0,17.65472,0,0,0,270,0,0,0
0,17.66184,0,0,0,270,0,0,0
0,17.67172,0,0,0,270,0,0,0
0,17.68315,0,0,0,270,0,0,0
0,17.69393,0,0,0,270,0,0,0
0,17.70483,0,0,0,270,0,0,0
0,17.7163,0,0,0,270,0,0,0
0,17.72743,0,0,0,270,0,0,0
0,17.73881,0,0,0,270,0,0,0
0,17.74943,0,0,0,270,0,0,0
0,17.76081,0,0,0,270,0,0,0
0,17.77141,0,0,0,270,0,0,0
0,17.7828,0,0,0,270,0,0,0
0,17.80048,0,0,0,270,0,0,0
0,17.80464,0,0,0,270,0,0,0
0,17.81606,0,0,0,270,0,0,0
0,17.82678,0,0,0,270,0,0,0
0,17.83815,0,0,0,270,0,0,0
0,17.84886,0,0,0,270,0,0,0
0,17.86056,0,0,0,270,0,0,0
0,17.87576,0,0,0,270,0,0,0
0,17.89023,0,0,0,270,0,0,0
0,17.90131,0,0,0,270,0,0,0
0,17.91622,0,0,0,270,0,0,0
0,17.92682,0,0,0,270,0,0,0
0,17.93848,0,0,0,270,0,0,0
0,17.95693,0,0,0,270,0,0,0
0,17.96042,0,0,0,270,0,0,0
0,17.97138,0,0,0,270,0,0,0
0,17.98283,0,0,0,270,0,0,0
0,17.99402,0,0,0,270,0,0,0
0,18.00459,0,0,0,270,0,0,0
0,18.01647,0,0,0,270,0,0,0
0,18.02747,0,0,0,270,0,0,0
0,18.03928,0,0,0,270,0,0,0
0,18.0497,0,0,0,270,0,0,0
0,18.06173,0,0,0,270,0,0,0
0,18.07182,0,0,0,270,0,0,0
0,18.08351,0,0,0,270,0,0,0
0,18.09459,0,0,0,270,0,0,0
0,18.11463,0,0,0,270,0,0,0
0,18.11803,0,0,0,270,0,0,0
0,18.12787,0,0,0,270,0,0,0
0,18.14011,0,0,0,270,0,0,0
0,18.15049,0,0,0,270,0,0,0
0,18.16216,0,0,0,270,0,0,0
0,18.17246,0,0,0,270,0,0,0
0,18.18427,0,0,0,270,0,0,0
0,18.19547,0,0,0,270,0,0,0
0,18.2061,0,0,0,270,0,0,0
0,18.21724,0,0,0,270,0,0,0
0,18.22822,0,0,0,270,0,0,0
0,18.24087,0,0,0,270,0,0,0
0,18.25077,0,0,0,270,0,0,0
0,18.27013,0,0,0,270,0,0,0
0,18.27407,0,0,0,270,0,0,0
15,18.3417,0,0,0,270,0,0,0
15,18.36238,0,0,0,270,0,0,0
15,18.36877,0,0,0,45,-1.41,0,1.41
15,18.37251,0,0,0,45,-1.41,0,1.41
15,18.37881,0,0,0,45,-1.41,0,1.41
15,18.38968,0,0,0,45,-1.41,0,1.41
15,18.40215,0,0,0,45,-1.41,0,1.41
15,18.42761,0,0,0,45,-1.41,0,1.41
15,18.44461,0,0,0,45,-1.41,0,1.41
15,18.46076,0,0,0,45,-1.41,0,1.41
15,18.47454,0,0,0,45,-1.41,0,1.41
15,18.47901,0,0,0,45,-1.41,0,1.41
15,18.4897,0,0,0,45,-1.41,0,1.41
15,18.50114,0,0,0,45,-1.41,0,1.41
15,18.51197,0,0,0,45,-1.41,0,1.41
15,18.52358,0,0,0,45,-1.41,0,1.41
15,18.53452,0,0,0,45,-1.41,0,1.41
15,18.54539,0,0,0,45,-1.41,0,1.41
15,18.55762,0,0,0,45,-1.41,0,1.41
15,18.57558,0,0,0,45,-1.41,0,1.41
15,18.57899,0,0,0,45,-1.41,0,1.41
15,18.58986,0,0,0,45,-1.41,0,1.41
15,18.60128,0,0,0,45,-1.41,0,1.41
15,18.61167,0,0,0,45,-1.41,0,1.41
15,18.62357,0,0,0,45,-1.41,0,1.41
15,18.63552,0,0,0,45,-1.41,0,1.41
15,18.64519,0,0,0,45,-1.41,0,1.41
15,18.65657,0,0,0,45,-1.41,0,1.41
15,18.66753,0,0,0,45,-1.41,0,1.41
15,18.67892,0,0,0,45,-1.41,0,1.41
15,18.68938,0,0,0,45,-1.41,0,1.41
15,18.70091,0,0,0,45,-1.41,0,1.41
15,18.71201,0,0,0,45,-1.41,0,1.41
15,18.73212,0,0,0,45,-1.41,0,1.41
15,18.73567,0,0,0,45,-1.41,0,1.41
15,18.74518,0,0,0,45,-1.41,0,1.41
15,18.75693,0,0,0,45,-1.41,0,1.41
15,18.76772,0,0,0,45,-1.41,0,1.41
15,18.77897,0,0,0,45,-1.41,0,1.41
15,18.79249,0,0,0,45,-1.41,0,1.41
15,18.8009,0,0,0,45,-1.41,0,1.41
15,18.81198,0,0,0,45,-1.41,0,1.41
15,18.82325,0,0,0,45,-1.41,0,1.41
15,18.83405,0,0,0,45,-1.41,0,1.41
15,18.84494,0,0,0,45,-1.41,0,1.41
15,18.85653,0,0,0,45,-1.41,0,1.41
15,18.86763,0,0,0,45,-1.41,0,1.41
15,18.8859,0,0,0,45,-1.41,0,1.41
15,18.88923,0,0,0,45,-1.41,0,1.41
15,18.90059,0,0,0,45,-1.41,0,1.41
15,18.91223,0,0,0,45,-1.41,0,1.41
15,18.92306,0,0,0,45,-1.41,0,1.41
15,18.93395,0,0,0,45,-1.41,0,1.41
15,18.945,0,0,0,45,-1.41,0,1.41
15,18.95636,0,0,0,45,-1.41,0,1.41
15,18.96766,0,0,0,45,-1.41,0,1.41
15,18.98,0,0,0,45,-1.41,0,1.41
15,18.99176,0,0,0,45,-1.41,0,1.41
15,19.00352,0,0,0,45,-1.41,0,1.41
15,19.01558,0,0,0,45,-1.41,0,1.41
15,19.02676,0,0,0,45,-1.41,0,1.41
15,19.04591,0,0,0,45,-1.41,0,1.41
15,19.0491,0,0,0,45,-1.41,0,1.41
15,19.06103,0,0,0,45,-1.41,0,1.41
15,19.07208,0,0,0,45,-1.41,0,1.41
15,19.08356,0,0,0,45,-1.41,0,1.41
15,19.09485,0,0,0,45,-1.41,0,1.41
15,19.10543,0,0,0,45,-1.41,0,1.41
15,19.11687,0,0,0,45,-1.41,0,1.41
15,19.12779,0,0,0,45,-1.41,0,1.41
15,19.13904,0,0,0,45,-1.41,0,1.41
15,19.15017,0,0,0,45,-1.41,0,1.41
15,19.16126,0,0,0,45,-1.41,0,1.41
15,19.172,0,0,0,45,-1.41,0,1.41
15,19.18394,0,0,0,45,-1.41,0,1.41
15,19.20384,0,0,0,45,-1.41,0,1.41
15,19.20709,0,0,0,45,-1.41,0,1.41
15,19.21696,0,0,0,45,-1.41,0,1.41
15,19.22774,0,0,0,45,-1.41,0,1.41
15,19.23914,0,0,0,45,-1.41,0,1.41
15,19.25027,0,0,0,45,-1.41,0,1.41
15,19.26141,0,0,0,45,-1.41,0,1.41
15,19.27201,0,0,0,45,-1.41,0,1.41
15,19.28344,0,0,0,45,-1.41,0,1.41
15,19.2949,0,0,0,45,-1.41,0,1.41
15,19.30572,0,0,0,45,-1.41,0,1.41
15,19.31672,0,0,0,45,-1.41,0,1.41
15,19.32776,0,0,0,45,-1.41,0,1.41
15,19.33935,0,0,0,45,-1.41,0,1.41
15,19.35802,0,0,0,45,-1.41,0,1.41
15,19.36117,0,0,0,45,-1.41,0,1.41
15,19.37214,0,0,0,45,-1.41,0,1.41
15,19.38379,0,0,0,45,-1.41,0,1.41
15,19.39481,0,0,0,45,-1.41,0,1.41
15,19.40592,0,0,0,45,-1.41,0,1.41
15,19.4166,0,0,0,45,-1.41,0,1.41
15,19.42783,0,0,0,45,-1.41,0,1.41
15,19.43968,0,0,0,45,-1.41,0,1.41
15,19.45023,0,0,0,45,-1.41,0,1.41
15,19.462,0,0,0,45,-1.41,0,1.41
15,19.47238,0,0,0,45,-1.41,0,1.41
15,19.48384,0,0,0,45,-1.41,0,1.41
15,19.49496,0,0,0,45,-1.41,0,1.41
15,19.51389,0,0,0,45,-1.41,0,1.41
15,19.51686,0,0,0,45,-1.41,0,1.41
15,19.52792,0,0,0,45,-1.41,0,1.41
15,19.53963,0,0,0,45,-1.41,0,1.41
15,19.55039,0,0,0,45,-1.41,0,1.41
15,19.56163,0,0,0,45,-1.41,0,1.41
15,19.57233,0,0,0,45,-1.41,0,1.41
15,19.5836,0,0,0,45,-1.41,0,1.41
15,19.59452,0,0,0,45,-1.41,0,1.41
15,19.60594,0,0,0,45,-1.41,0,1.41
15,19.61691,0,0,0,45,-1.41,0,1.41
15,19.62767,0,0,0,45,-1.41,0,1.41
15,19.63928,0,0,0,45,-1.41,0,1.41
15,19.65032,0,0,0,45,-1.41,0,1.41
15,19.67068,0,0,0,45,-1.41,0,1.41
15,19.67522,0,0,0,45,-1.41,0,1.41
15,19.68321,0,0,0,45,-1.41,0,1.41
15,19.69462,0,0,0,45,-1.41,0,1.41
15,19.70475,0,0,0,45,-1.41,0,1.41
15,19.71633,0,0,0,45,-1.41,0,1.41
15,19.72743,0,0,0,45,-1.41,0,1.41
15,19.73846,0,0,0,45,-1.41,0,1.41
15,19.74914,0,0,0,45,-1.41,0,1.41
15,19.76056,0,0,0,45,-1.41,0,1.41
15,19.77194,0,0,0,45,-1.41,0,1.41
15,19.78324,0,0,0,45,-1.41,0,1.41
15,19.79383,0,0,0,45,-1.41,0,1.41
15,19.80516,0,0,0,45,-1.41,0,1.41
15,19.8251,0,0,0,45,-1.41,0,1.41
15,19.82836,0,0,0,45,-1.41,0,1.41
15,19.83884,0,0,0,45,-1.41,0,1.41
15,19.84899,0,0,0,45,-1.41,0,1.41
15,19.86057,0,0,0,45,-1.41,0,1.41
15,19.87132,0,0,0,45,-1.41,0,1.41
15,19.88279,0,0,0,45,-1.41,0,1.41
15,19.89397,0,0,0,45,-1.41,0,1.41
15,19.90475,0,0,0,45,-1.41,0,1.41
15,19.91624,0,0,0,45,-1.41,0,1.41
15,19.92707,0,0,0,45,-1.41,0,1.41
15,19.93821,0,0,0,45,-1.41,0,1.41
15,19.94934,0,0,0,45,-1.41,0,1.41
15,19.96058,0,0,0,45,-1.41,0,1.41
15,19.97888,0,0,0,45,-1.41,0,1.41
15,19.98205,0,0,0,45,-1.41,0,1.41
15,19.99413,0,0,0,45,-1.41,0,1.41
15,20.00442,0,0,0,45,-1.41,0,1.41
15,20.01591,0,0,0,45,-1.41,0,1.41
15,20.0273,0,0,0,45,-1.41,0,1.41
15,20.03834,0,0,0,45,-1.41,0,1.41
15,20.04967,0,0,0,45,-1.41,0,1.41
15,20.06103,0,0,0,45,-1.41,0,1.41
15,20.07153,0,0,0,45,-1.41,0,1.41
15,20.08319,0,0,0,45,-1.41,0,1.41
15,20.09429,0,0,0,45,-1.41,0,1.41
15,20.10495,0,0,0,45,-1.41,0,1.41
15,20.11682,0,0,0,45,-1.41,0,1.41
15,20.13449,0,0,0,45,-1.41,0,1.41
15,20.13799,0,0,0,45,-1.41,0,1.41
15,20.14962,0,0,0,45,-1.41,0,1.41
15,20.16104,0,0,0,45,-1.41,0,1.41
15,20.17152,0,0,0,45,-1.41,0,1.41
15,20.18292,0,0,0,45,-1.41,0,1.41
15,20.19421,0,0,0,45,-1.41,0,1.41
15,20.205,0,0,0,45,-1.41,0,1.41
15,20.21658,0,0,0,45,-1.41,0,1.41
15,20.2272,0,0,0,45,-1.41,0,1.41
15,20.23871,0,0,0,45,-1.41,0,1.41
15,20.2495,0,0,0,45,-1.41,0,1.41
15,20.26101,0,0,0,45,-1.41,0,1.41
15,20.27239,0,0,0,45,-1.41,0,1.41
15,20.29055,0,0,0,45,-1.41,0,1.41
15,20.29385,0,0,0,45,-1.41,0,1.41
15,20.30516,0,0,0,45,-1.41,0,1.41
15,20.31676,0,0,0,45,-1.41,0,1.41
15,20.32714,0,0,0,45,-1.41,0,1.41
15,20.33853,0,0,0,45,-1.41,0,1.41
15,20.34942,0,0,0,45,-1.41,0,1.41
15,20.36097,0,0,0,45,-1.41,0,1.41
15,20.37186,0,0,0,45,-1.41,0,1.41
15,20.38364,0,0,0,45,-1.41,0,1.41
15,20.39429,0,0,0,45,-1.41,0,1.41
15,20.40484,0,0,0,45,-1.41,0,1.41
15,20.41626,0,0,0,45,-1.41,0,1.41
15,20.42808,0,0,0,45,-1.41,0,1.41
15,20.4489,0,0,0,45,-1.41,0,1.41
15,20.45303,0,0,0,45,-1.41,0,1.41
15,20.46157,0,0,0,45,-1.41,0,1.41
15,20.47088,0,0,0,45,-1.41,0,1.41
15,20.48228,0,0,0,45,-1.41,0,1.41
15,20.49273,0,0,0,45,-1.41,0,1.41
15,20.50395,0,0,0,45,-1.41,0,1.41
15,20.51565,0,0,0,45,-1.41,0,1.41
15,20.52604,0,0,0,45,-1.41,0,1.41
15,20.53783,0,0,0,45,-1.41,0,1.41
15,20.54824,0,0,0,45,-1.41,0,1.41
15,20.55935,0,0,0,45,-1.41,0,1.41
15,20.57053,0,0,0,45,-1.41,0,1.41
15,20.58215,0,0,0,45,-1.41,0,1.41
15,20.601,0,0,0,45,-1.41,0,1.41
15,20.60445,0,0,0,45,-1.41,0,1.41
15,20.61494,0,0,0,45,-1.41,0,1.41
15,20.62564,0,0,0,45,-1.41,0,1.41
15,20.63743,0,0,0,45,-1.41,0,1.41
15,20.64824,0,0,0,45,-1.41,0,1.41
15,20.65939,0,0,0,45,-1.41,0,1.41
15,20.6704,0,0,0,45,-1.41,0,1.41
15,20.682,0,0,0,45,-1.41,0,1.41
15,20.69262,0,0,0,45,-1.41,0,1.41
15,20.70399,0,0,0,45,-1.41,0,1.41
15,20.71493,0,0,0,45,-1.41,0,1.41
15,20.72765,0,0,0,45,-1.41,0,1.41
15,20.73736,0,0,0,45,-1.41,0,1.41
15,20.75644,0,0,0,45,-1.41,0,1.41
15,20.7598,0,0,0,45,-1.41,0,1.41
15,20.77016,0,0,0,45,-1.41,0,1.41
15,20.78194,0,0,0,45,-1.41,0,1.41
15,20.79254,0,0,0,45,-1.41,0,1.41
15,20.80394,0,0,0,45,-1.41,0,1.41
15,20.81499,0,0,0,45,-1.41,0,1.41
15,20.82602,0,0,0,45,-1.41,0,1.41
15,20.83816,0,0,0,45,-1.41,0,1.41
15,20.84839,0,0,0,45,-1.41,0,1.41
15,20.86009,0,0,0,45,-1.41,0,1.41
15,20.87098,0,0,0,45,-1.41,0,1.41
15,20.88265,0,0,0,45,-1.41,0,1.41
15,20.89387,0,0,0,45,-1.41,0,1.41
15,20.91221,0,0,0,45,-1.41,0,1.41
15,20.9165,0,0,0,45,-1.41,0,1.41
15,20.92682,0,0,0,45,-1.41,0,1.41
15,20.93854,0,0,0,45,-1.41,0,1.41
15,20.94914,0,0,0,45,-1.41,0,1.41
15,20.96086,0,0,0,45,-1.41,0,1.41
15,20.97189,0,0,0,45,-1.41,0,1.41
15,20.98314,0,0,0,45,-1.41,0,1.41
15,20.99507,0,0,0,45,-1.41,0,1.41
15,21.00498,0,0,0,45,-1.41,0,1.41
15,21.01628,0,0,0,45,-1.41,0,1.41
15,21.02718,0,0,0,45,-1.41,0,1.41
15,21.03912,0,0,0,45,-1.41,0,1.41
15,21.04925,0,0,0,45,-1.41,0,1.41
15,21.06869,0,0,0,45,-1.41,0,1.41
15,21.07187,0,0,0,45,-1.41,0,1.41
15,21.08281,0,0,0,45,-1.41,0,1.41
15,21.09425,0,0,0,45,-1.41,0,1.41
15,21.10483,0,0,0,45,-1.41,0,1.41
15,21.11676,0,0,0,45,-1.41,0,1.41
15,21.12684,0,0,0,45,-1.41,0,1.41
15,21.1382,0,0,0,45,-1.41,0,1.41
15,21.14898,0,0,0,45,-1.41,0,1.41
15,21.16051,0,0,0,45,-1.41,0,1.41
15,21.17108,0,0,0,45,-1.41,0,1.41
15,21.1827,0,0,0,45,-1.41,0,1.41
15,21.19445,0,0,0,45,-1.41,0,1.41
15,21.20451,0,0,0,45,-1.41,0,1.41
15,21.22355,0,0,0,45,-1.41,0,1.41
15,21.22676,0,0,0,45,-1.41,0,1.41
15,21.23824,0,0,0,45,-1.41,0,1.41
15,21.24889,0,0,0,45,-1.41,0,1.41
15,21.26091,0,0,0,45,-1.41,0,1.41
15,21.27167,0,0,0,45,-1.41,0,1.41
15,21.28254,0,0,0,45,-1.41,0,1.41
15,21.29374,0,0,0,45,-1.41,0,1.41
15,21.30514,0,0,0,45,-1.41,0,1.41
15,21.31599,0,0,0,45,-1.41,0,1.41
15,21.32688,0,0,0,45,-1.41,0,1.41
15,21.33904,0,0,0,45,-1.41,0,1.41
15,21.34946,0,0,0,45,-1.41,0,1.41
15,21.36067,0,0,0,45,-1.41,0,1.41
15,21.37944,0,0,0,45,-1.41,0,1.41
15,21.38334,0,0,0,45,-1.41,0,1.41
15,21.39384,0,0,0,45,-1.41,0,1.41
15,21.40456,0,0,0,45,-1.41,0,1.41
15,21.41621,0,0,0,45,-1.41,0,1.41
15,21.42662,0,0,0,45,-1.41,0,1.41
15,21.43801,0,0,0,45,-1.41,0,1.41
15,21.44978,0,0,0,45,-1.41,0,1.41
15,21.4605,0,0,0,45,-1.41,0,1.41
15,21.47159,0,0,0,45,-1.41,0,1.41
15,21.48261,0,0,0,45,-1.41,0,1.41
15,21.49397,0,0,0,45,-1.41,0,1.41
15,21.50443,0,0,0,45,-1.41,0,1.41
15,21.51661,0,0,0,45,-1.41,0,1.41
15,21.54223,0,0,0,45,-1.41,0,1.41
15,21.54681,0,0,0,45,-1.41,0,1.41
15,21.55053,0,0,0,45,-1.41,0,1.41
15,21.55569,0,0,0,45,-1.41,0,1.41
15,21.56661,0,0,0,45,-1.41,0,1.41
15,21.57776,0,0,0,45,-1.41,0,1.41
15,21.58856,0,0,0,45,-1.41,0,1.41
15,21.5995,0,0,0,45,-1.41,0,1.41
15,21.61049,0,0,0,45,-1.41,0,1.41
15,21.62186,0,0,0,45,-1.41,0,1.41
15,21.63317,0,0,0,45,-1.41,0,1.41
15,21.64444,0,0,0,45,-1.41,0,1.41
15,21.65558,0,0,0,45,-1.41,0,1.41
15,21.6664,0,0,0,45,-1.41,0,1.41
15,21.68706,0,0,0,45,-1.41,0,1.41
15,21.69103,0,0,0,45,-1.41,0,1.41
15,21.69999,0,0,0,45,-1.41,0,1.41
15,21.71083,0,0,0,45,-1.41,0,1.41
15,21.72228,0,0,0,45,-1.41,0,1.41
15,21.73258,0,0,0,45,-1.41,0,1.41
15,21.74451,0,0,0,45,-1.41,0,1.41
15,21.75515,0,0,0,45,-1.41,0,1.41
15,21.76615,0,0,0,45,-1.41,0,1.41
15,21.77781,0,0,0,45,-1.41,0,1.41
15,21.78906,0,0,0,45,-1.41,0,1.41
15,21.79992,0,0,0,45,-1.41,0,1.41
15,21.81138,0,0,0,45,-1.41,0,1.41
15,21.82239,0,0,0,45,-1.41,0,1.41
15,21.84167,0,0,0,45,-1.41,0,1.41
15,21.84511,0,0,0,45,-1.41,0,1.41
15,21.8552,0,0,0,45,-1.41,0,1.41
15,21.86612,0,0,0,45,-1.41,0,1.41
15,21.87706,0,0,0,45,-1.41,0,1.41
15,21.88807,0,0,0,45,-1.41,0,1.41
15,21.89933,0,0,0,45,-1.41,0,1.41
15,21.91005,0,0,0,45,-1.41,0,1.41
15,21.92186,0,0,0,45,-1.41,0,1.41
15,21.93271,0,0,0,45,-1.41,0,1.41
15,21.9438,0,0,0,45,-1.41,0,1.41
15,21.95502,0,0,0,45,-1.41,0,1.41
15,21.96633,0,0,0,45,-1.41,0,1.41
15,21.97871,0,0,0,45,-1.41,0,1.41
15,21.9982,0,0,0,45,-1.41,0,1.41
15,22.00113,0,0,0,45,-1.41,0,1.41
15,22.01217,0,0,0,45,-1.41,0,1.41
15,22.02375,0,0,0,45,-1.41,0,1.41
15,22.03487,0,0,0,45,-1.41,0,1.41
15,22.04578,0,0,0,45,-1.41,0,1.41
15,22.05823,0,0,0,45,-1.41,0,1.41
15,22.06879,0,0,0,45,-1.41,0,1.41
15,22.08065,0,0,0,45,-1.41,0,1.41
15,22.09148,0,0,0,45,-1.41,0,1.41
15,22.10337,0,0,0,45,-1.41,0,1.41
15,22.11471,0,0,0,45,-1.41,0,1.41
15,22.12567,0,0,0,45,-1.41,0,1.41
15,22.13771,0,0,0,45,-1.41,0,1.41
15,22.15757,0,0,0,45,-1.41,0,1.41
15,22.16044,0,0,0,45,-1.41,0,1.41
15,22.17068,0,0,0,45,-1.41,0,1.41
15,22.18217,0,0,0,45,-1.41,0,1.41
15,22.19291,0,0,0,45,-1.41,0,1.41
15,22.20422,0,0,0,45,-1.41,0,1.41
15,22.21552,0,0,0,45,-1.41,0,1.41
15,22.22661,0,0,0,45,-1.41,0,1.41
15,22.23777,0,0,0,45,-1.41,0,1.41
15,22.24837,0,0,0,45,-1.41,0,1.41
15,22.26032,0,0,0,45,-1.41,0,1.41
15,22.27068,0,0,0,45,-1.41,0,1.41
15,22.28193,0,0,0,45,-1.41,0,1.41
15,22.29318,0,0,0,45,-1.41,0,1.41
15,22.31267,0,0,0,45,-1.41,0,1.41
15,22.31582,0,0,0,45,-1.41,0,1.41
15,22.3262,0,0,0,45,-1.41,0,1.41
15,22.33847,0,0,0,45,-1.41,0,1.41
15,22.34852,0,0,0,45,-1.41,0,1.41
15,22.35992,0,0,0,45,-1.41,0,1.41
15,22.3706,0,0,0,45,-1.41,0,1.41
15,22.38242,0,0,0,45,-1.41,0,1.41
15,22.39281,0,0,0,45,-1.41,0,1.41
15,22.40493,0,0,0,45,-1.41,0,1.41
15,22.41595,0,0,0,45,-1.41,0,1.41
15,22.42635,0,0,0,45,-1.41,0,1.41
15,22.43779,0,0,0,45,-1.41,0,1.41
15,22.44849,0,0,0,45,-1.41,0,1.41
15,22.46729,0,0,0,45,-1.41,0,1.41
15,22.47043,0,0,0,45,-1.41,0,1.41
15,22.48218,0,0,0,45,-1.41,0,1.41
15,22.49301,0,0,0,45,-1.41,0,1.41
15,22.5045,0,0,0,45,-1.41,0,1.41
15,22.51542,0,0,0,45,-1.41,0,1.41
15,22.52674,0,0,0,45,-1.41,0,1.41
15,22.53849,0,0,0,45,-1.41,0,1.41
15,22.5493,0,0,0,45,-1.41,0,1.41
15,22.56039,0,0,0,45,-1.41,0,1.41
15,22.571,0,0,0,45,-1.41,0,1.41
15,22.58226,0,0,0,45,-1.41,0,1.41
15,22.59292,0,0,0,45,-1.41,0,1.41
15,22.60481,0,0,0,45,-1.41,0,1.41
15,22.62633,0,0,0,45,-1.41,0,1.41
15,22.62952,0,0,0,45,-1.41,0,1.41
15,22.63794,0,0,0,45,-1.41,0,1.41
15,22.6472,0,0,0,45,-1.41,0,1.41
15,22.65869,0,0,0,45,-1.41,0,1.41
15,22.66928,0,0,0,45,-1.41,0,1.41
15,22.68092,0,0,0,45,-1.41,0,1.41
15,22.69142,0,0,0,45,-1.41,0,1.41
15,22.70354,0,0,0,45,-1.41,0,1.41
15,22.71475,0,0,0,45,-1.41,0,1.41
15,22.72582,0,0,0,45,-1.41,0,1.41
15,22.73661,0,0,0,45,-1.41,0,1.41
15,22.74711,0,0,0,45,-1.41,0,1.41
15,22.75915,0,0,0,45,-1.41,0,1.41
15,22.77896,0,0,0,45,-1.41,0,1.41
15,22.78235,0,0,0,45,-1.41,0,1.41
15,22.79177,0,0,0,45,-1.41,0,1.41
15,22.80353,0,0,0,45,-1.41,0,1.41
15,22.81422,0,0,0,45,-1.41,0,1.41
15,22.82528,0,0,0,45,-1.41,0,1.41
15,22.83692,0,0,0,45,-1.41,0,1.41
15,22.84719,0,0,0,45,-1.41,0,1.41
15,22.85868,0,0,0,45,-1.41,0,1.41
15,22.86911,0,0,0,45,-1.41,0,1.41
15,22.88082,0,0,0,45,-1.41,0,1.41
15,22.89168,0,0,0,45,-1.41,0,1.41
15,22.90303,0,0,0,45,-1.41,0,1.41
15,22.91389,0,0,0,45,-1.41,0,1.41
15,22.93221,0,0,0,45,-1.41,0,1.41
15,22.93592,0,0,0,45,-1.41,0,1.41
15,22.94721,0,0,0,45,-1.41,0,1.41
15,22.95892,0,0,0,45,-1.41,0,1.41
15,22.96898,0,0,0,45,-1.41,0,1.41
15,22.98082,0,0,0,45,-1.41,0,1.41
15,22.99219,0,0,0,45,-1.41,0,1.41
15,23.00311,0,0,0,45,-1.41,0,1.41
15,23.01436,0,0,0,45,-1.41,0,1.41
15,23.02635,0,0,0,45,-1.41,0,1.41
15,23.03742,0,0,0,45,-1.41,0,1.41
15,23.04767,0,0,0,45,-1.41,0,1.41
15,23.05908,0,0,0,45,-1.41,0,1.41
15,23.07163,0,0,0,45,-1.41,0,1.41
15,23.09251,0,0,0,45,-1.41,0,1.41
15,23.09679,0,0,0,45,-1.41,0,1.41
15,23.10413,0,0,0,45,-1.41,0,1.41
15,23.11416,0,0,0,45,-1.41,0,1.41
15,23.12893,0,0,0,45,-1.41,0,1.41
15,23.13605,0,0,0,45,-1.41,0,1.41
15,23.14643,0,0,0,45,-1.41,0,1.41
15,23.15822,0,0,0,45,-1.41,0,1.41
15,23.1689,0,0,0,45,-1.41,0,1.41
15,23.18075,0,0,0,45,-1.41,0,1.41
15,23.19148,0,0,0,45,-1.41,0,1.41
15,23.20271,0,0,0,45,-1.41,0,1.41
15,23.21426,0,0,0,45,-1.41,0,1.41
15,23.22541,0,0,0,45,-1.41,0,1.41
15,23.24557,0,0,0,45,-1.41,0,1.41
15,23.24863,0,0,0,45,-1.41,0,1.41
15,23.25888,0,0,0,45,-1.41,0,1.41
15,23.26883,0,0,0,45,-1.41,0,1.41
15,23.28015,0,0,0,45,-1.41,0,1.41
15,23.2912,0,0,0,45,-1.41,0,1.41
15,23.30235,0,0,0,45,-1.41,0,1.41
15,23.3138,0,0,0,45,-1.41,0,1.41
15,23.32444,0,0,0,45,-1.41,0,1.41
15,23.3361,0,0,0,45,-1.41,0,1.41
15,23.34643,0,0,0,45,-1.41,0,1.41
15,23.35826,0,0,0,45,-1.41,0,1.41
15,23.36923,0,0,0,45,-1.41,0,1.41
15,23.38053,0,0,0,45,-1.41,0,1.41
15,23.39874,0,0,0,45,-1.41,0,1.41
15,23.40204,0,0,0,45,-1.41,0,1.41
15,23.41344,0,0,0,45,-1.41,0,1.41
15,23.42504,0,0,0,45,-1.41,0,1.41
15,23.43572,0,0,0,45,-1.41,0,1.41
15,23.4465,0,0,0,45,-1.41,0,1.41
15,23.45802,0,0,0,45,-1.41,0,1.41
15,23.46918,0,0,0,45,-1.41,0,1.41
15,23.48054,0,0,0,45,-1.41,0,1.41
15,23.49162,0,0,0,45,-1.41,0,1.41
15,23.50301,0,0,0,45,-1.41,0,1.41
15,23.51458,0,0,0,45,-1.41,0,1.41
15,23.52643,0,0,0,45,-1.41,0,1.41
15,23.53697,0,0,0,45,-1.41,0,1.41
15,23.55663,0,0,0,45,-1.41,0,1.41
15,23.56028,0,0,0,45,-1.41,0,1.41
15,23.57026,0,0,0,45,-1.41,0,1.41
15,23.58204,0,0,0,45,-1.41,0,1.41
15,23.59272,0,0,0,45,-1.41,0,1.41
15,23.60457,0,0,0,45,-1.41,0,1.41
15,23.61514,0,0,0,45,-1.41,0,1.41
15,23.62573,0,0,0,45,-1.41,0,1.41
15,23.63753,0,0,0,45,-1.41,0,1.41
15,23.6481,0,0,0,45,-1.41,0,1.41
15,23.6599,0,0,0,45,-1.41,0,1.41
15,23.67024,0,0,0,45,-1.41,0,1.41
15,23.68251,0,0,0,45,-1.41,0,1.41
15,23.69252,0,0,0,45,-1.41,0,1.41
15,23.71122,0,0,0,45,-1.41,0,1.41
15,23.71506,0,0,0,45,-1.41,0,1.41
15,23.7258,0,0,0,45,-1.41,0,1.41
15,23.73728,0,0,0,45,-1.41,0,1.41
15,23.74823,0,0,0,45,-1.41,0,1.41
15,23.75929,0,0,0,45,-1.41,0,1.41
15,23.77009,0,0,0,45,-1.41,0,1.41
15,23.78151,0,0,0,45,-1.41,0,1.41
15,23.79252,0,0,0,45,-1.41,0,1.41
15,23.80377,0,0,0,45,-1.41,0,1.41
15,23.81473,0,0,0,45,-1.41,0,1.41
15,23.82588,0,0,0,45,-1.41,0,1.41
15,23.8374,0,0,0,45,-1.41,0,1.41
15,23.848,0,0,0,45,-1.41,0,1.41
15,23.86904,0,0,0,45,-1.41,0,1.41
15,23.87274,0,0,0,45,-1.41,0,1.41
15,23.88213,0,0,0,45,-1.41,0,1.41
15,23.89184,0,0,0,45,-1.41,0,1.41
15,23.90327,0,0,0,45,-1.41,0,1.41
15,23.91469,0,0,0,45,-1.41,0,1.41
15,23.9251,0,0,0,45,-1.41,0,1.41
15,23.93634,0,0,0,45,-1.41,0,1.41
15,23.9475,0,0,0,45,-1.41,0,1.41
15,23.95878,0,0,0,45,-1.41,0,1.41
15,23.96941,0,0,0,45,-1.41,0,1.41
15,23.98096,0,0,0,45,-1.41,0,1.41
15,23.99169,0,0,0,45,-1.41,0,1.41
15,24.00346,0,0,0,45,-1.41,0,1.41
15,24.02642,0,0,0,45,-1.41,0,1.41
15,24.03106,0,0,0,45,-1.41,0,1.41
15,24.03667,0,0,0,45,-1.41,0,1.41
15,24.04482,0,0,0,45,-1.41,0,1.41
15,24.05637,0,0,0,45,-1.41,0,1.41
15,24.06678,0,0,0,45,-1.41,0,1.41
15,24.07859,0,0,0,45,-1.41,0,1.41
15,24.08909,0,0,0,45,-1.41,0,1.41
15,24.10019,0,0,0,45,-1.41,0,1.41
2,24.11307,0,0,0,45,-1.41,0,1.41
2,24.12373,0,0,0,45,-1.41,0,1.41
2,24.13342,0,0,0,270,8,0,0
2,24.14486,0,0,0,270,8,0,0
2,24.15625,0,0,0,270,8,0,0
2,24.17489,0,0,0,270,8,0,0
2,24.18577,0,0,0,270,8,0,0
2,24.19948,0,0,0,270,8,0,0
2,24.21068,0,0,0,270,8,0,0
2,24.21497,0,0,0,270,8,0,0
2,24.22207,0,0,0,270,8,0,0
2,24.23449,0,0,0,270,8,0,0
2,24.24458,0,0,0,270,8,0,0
2,24.25591,0,0,0,270,8,0,0
2,24.26665,0,0,0,270,8,0,0
2,24.27851,0,0,0,270,8,0,0
2,24.28914,0,0,0,270,8,0,0
2,24.301,0,0,0,270,8,0,0
2,24.31114,0,0,0,270,8,0,0
2,24.33138,0,0,0,270,8,0,0
2,24.33511,0,0,0,270,8,0,0
2,24.34449,0,0,0,270,8,0,0
2,24.35571,0,0,0,270,8,0,0
2,24.3672,0,0,0,270,8,0,0
2,24.37784,0,0,0,270,8,0,0
2,24.38882,0,0,0,270,8,0,0
2,24.4016,0,0,0,270,8,0,0
2,24.41152,0,0,0,270,8,0,0
2,24.42321,0,0,0,270,8,0,0
2,24.43476,0,0,0,270,8,0,0
2,24.44581,0,0,0,270,8,0,0
2,24.45791,0,0,0,270,8,0,0
2,24.46819,0,0,0,270,8,0,0
2,24.48775,0,0,0,270,8,0,0
2,24.49058,0,0,0,270,8,0,0
2,24.50247,0,0,0,270,8,0,0
2,24.5134,0,0,0,270,8,0,0
2,24.52506,0,0,0,270,8,0,0
2,24.53616,0,0,0,270,8,0,0
2,24.54674,0,0,0,270,8,0,0
2,24.55803,0,0,0,270,8,0,0
2,24.56885,0,0,0,270,8,0,0
2,24.5804,0,0,0,270,8,0,0
2,24.59153,0,0,0,270,8,0,0
2,24.60315,0,0,0,270,8,0,0
2,24.61458,0,0,0,270,8,0,0
2,24.62513,0,0,0,270,8,0,0
2,24.64701,0,0,0,270,8,0,0
2,24.65129,0,0,0,270,8,0,0
2,24.6593,0,0,0,270,8,0,0
2,24.66848,0,0,0,270,8,0,0
2,24.67982,0,0,0,270,8,0,0
2,24.69058,0,0,0,270,8,0,0
2,24.70246,0,0,0,270,8,0,0
2,24.71284,0,0,0,270,8,0,0
2,24.72507,0,0,0,270,8,0,0
2,24.73537,0,0,0,270,8,0,0
2,24.74604,0,0,0,270,8,0,0
2,24.75799,0,0,0,270,8,0,0
2,24.76822,0,0,0,270,8,0,0
2,24.78032,0,0,0,270,8,0,0
2,24.79999,0,0,0,270,8,0,0
2,24.80379,0,0,0,270,8,0,0
2,24.81269,0,0,0,270,8,0,0
2,24.82426,0,0,0,270,8,0,0
2,24.83608,0,0,0,270,8,0,0
2,24.84588,0,0,0,270,8,0,0
2,24.85785,0,0,0,270,8,0,0
2,24.86868,0,0,0,270,8,0,0
2,24.88014,0,0,0,270,8,0,0
2,24.89084,0,0,0,270,8,0,0
2,24.90215,0,0,0,270,8,0,0
2,24.91266,0,0,0,270,8,0,0
2,24.9241,0,0,0,270,8,0,0
2,24.93554,0,0,0,270,8,0,0
2,24.95465,0,0,0,270,8,0,0
2,24.9585,0,0,0,270,8,0,0
2,24.96817,0,0,0,270,8,0,0
2,24.97977,0,0,0,270,8,0,0
2,24.99059,0,0,0,270,8,0,0
2,25.00181,0,0,0,270,8,0,0
2,25.01297,0,0,0,270,8,0,0
2,25.02471,0,0,0,270,8,0,0
2,25.03553,0,0,0,270,8,0,0
2,25.0465,0,0,0,270,8,0,0
2,25.05792,0,0,0,270,8,0,0
2,25.06953,0,0,0,270,8,0,0
2,25.08047,0,0,0,270,8,0,0
2,25.09184,0,0,0,270,8,0,0
2,25.11043,0,0,0,270,8,0,0
2,25.11396,0,0,0,270,8,0,0
2,25.12494,0,0,0,270,8,0,0
2,25.13654,0,0,0,270,8,0,0
2,25.14756,0,0,0,270,8,0,0
2,25.15897,0,0,0,270,8,0,0
2,25.16979,0,0,0,270,8,0,0
2,25.18081,0,0,0,270,8,0,0
2,25.19164,0,0,0,270,8,0,0
2,25.20298,0,0,0,270,8,0,0
2,25.21423,0,0,0,270,8,0,0
2,25.22858,0,0,0,270,8,0,0
2,25.23904,0,0,0,270,8,0,0
2,25.24726,0,0,0,270,8,0,0
2,25.26815,0,0,0,270,8,0,0
2,25.27143,0,0,0,270,8,0,0
2,25.2808,0,0,0,270,8,0,0
2,25.29205,0,0,0,270,8,0,0
2,25.30314,0,0,0,270,8,0,0
2,25.31401,0,0,0,270,8,0,0
2,25.32492,0,0,0,270,8,0,0
2,25.3365,0,0,0,270,8,0,0
2,25.34722,0,0,0,270,8,0,0
2,25.35865,0,0,0,270,8,0,0
2,25.36953,0,0,0,270,8,0,0
2,25.38146,0,0,0,270,8,0,0
2,25.39175,0,0,0,270,8,0,0
2,25.40327,0,0,0,270,8,0,0
2,25.42154,0,0,0,270,8,0,0
2,25.42472,0,0,0,270,8,0,0
2,25.43647,0,0,0,270,8,0,0
2,25.44779,0,0,0,270,8,0,0
2,25.45862,0,0,0,270,8,0,0
2,25.46975,0,0,0,270,8,0,0
2,25.48141,0,0,0,270,8,0,0
2,25.49166,0,0,0,270,8,0,0
2,25.50308,0,0,0,270,8,0,0
2,25.51466,0,0,0,270,8,0,0
2,25.525,0,0,0,270,8,0,0
2,25.53615,0,0,0,270,8,0,0
2,25.54727,0,0,0,270,8,0,0
2,25.55894,0,0,0,270,8,0,0
2,25.5778,0,0,0,270,8,0,0
2,25.58109,0,0,0,270,8,0,0
2,25.59172,0,0,0,270,8,0,0
2,25.60341,0,0,0,270,8,0,0
2,25.61418,0,0,0,270,8,0,0
2,25.62509,0,0,0,270,8,0,0
2,25.63708,0,0,0,270,8,0,0
2,25.64767,0,0,0,270,8,0,0
2,25.65886,0,0,0,270,8,0,0
2,25.6701,0,0,0,270,8,0,0
2,25.68088,0,0,0,270,8,0,0
2,25.69209,0,0,0,270,8,0,0
2,25.7032,0,0,0,270,8,0,0
2,25.71468,0,0,0,270,8,0,0
2,25.73497,0,0,0,270,8,0,0
2,25.73848,0,0,0,270,8,0,0
2,25.74712,0,0,0,270,8,0,0
2,25.75833,0,0,0,270,8,0,0
2,25.76903,0,0,0,270,8,0,0
2,25.78038,0,0,0,270,8,0,0
2,25.79189,0,0,0,270,8,0,0
2,25.80275,0,0,0,270,8,0,0
2,25.81391,0,0,0,270,8,0,0
2,25.82522,0,0,0,270,8,0,0
2,25.83664,0,0,0,270,8,0,0
2,25.84679,0,0,0,270,8,0,0
2,25.85838,0,0,0,270,8,0,0
2,25.86914,0,0,0,270,8,0,0
2,25.88998,0,0,0,270,8,0,0
2,25.89454,0,0,0,270,8,0,0
2,25.9026,0,0,0,270,8,0,0
2,25.91402,0,0,0,270,8,0,0
2,25.92484,0,0,0,270,8,0,0
2,25.93637,0,0,0,270,8,0,0
2,25.94731,0,0,0,270,8,0,0
2,25.95788,0,0,0,270,8,0,0
2,25.96875,0,0,0,270,8,0,0
2,25.98056,0,0,0,270,8,0,0
2,25.99091,0,0,0,270,8,0,0
2,26.00232,0,0,0,270,8,0,0
2,26.01328,0,0,0,270,8,0,0
2,26.02461,0,0,0,270,8,0,0
2,26.04357,0,0,0,270,8,0,0
2,26.04694,0,0,0,270,8,0,0
2,26.05799,0,0,0,270,8,0,0
2,26.06886,0,0,0,270,8,0,0
2,26.08033,0,0,0,270,8,0,0
2,26.09096,0,0,0,270,8,0,0
2,26.10219,0,0,0,270,8,0,0
2,26.11299,0,0,0,270,8,0,0
2,26.12429,0,0,0,270,8,0,0
2,26.13548,0,0,0,270,8,0,0
2,26.14619,0,0,0,270,8,0,0
2,26.15868,0,0,0,270,8,0,0
2,26.16901,0,0,0,270,8,0,0
2,26.17996,0,0,0,270,8,0,0
2,26.20113,0,0,0,270,8,0,0
2,26.20436,0,0,0,270,8,0,0
2,26.21517,0,0,0,270,8,0,0
2,26.22406,0,0,0,270,8,0,0
2,26.23572,0,0,0,270,8,0,0
2,26.24634,0,0,0,270,8,0,0
2,26.25875,0,0,0,270,8,0,0
2,26.26874,0,0,0,270,8,0,0
2,26.28002,0,0,0,270,8,0,0
2,26.29167,0,0,0,270,8,0,0
2,26.30252,0,0,0,270,8,0,0
2,26.31306,0,0,0,270,8,0,0
2,26.3249,0,0,0,270,8,0,0
2,26.33575,0,0,0,270,8,0,0
2,26.35313,0,0,0,270,8,0,0
2,26.35768,0,0,0,270,8,0,0
2,26.36869,0,0,0,270,8,0,0
2,26.37985,0,0,0,270,8,0,0
2,26.39091,0,0,0,270,8,0,0
2,26.40233,0,0,0,270,8,0,0
2,26.41411,0,0,0,270,8,0,0
2,26.42461,0,0,0,270,8,0,0
2,26.4359,0,0,0,270,8,0,0
2,26.44712,0,0,0,270,8,0,0
2,26.45802,0,0,0,270,8,0,0
2,26.46852,0,0,0,270,8,0,0
2,26.48077,0,0,0,270,8,0,0
2,26.49141,0,0,0,270,8,0,0
2,26.50984,0,0,0,270,8,0,0
2,26.51311,0,0,0,270,8,0,0
2,26.52453,0,0,0,270,8,0,0
2,26.53526,0,0,0,270,8,0,0
2,26.54642,0,0,0,270,8,0,0
2,26.55765,0,0,0,270,8,0,0
2,26.56857,0,0,0,270,8,0,0
2,26.57997,0,0,0,270,8,0,0
2,26.5908,0,0,0,270,8,0,0
2,26.60321,0,0,0,270,8,0,0
2,26.61377,0,0,0,270,8,0,0
2,26.62444,0,0,0,270,8,0,0
2,26.63603,0,0,0,270,8,0,0
2,26.64697,0,0,0,270,8,0,0
2,26.66938,0,0,0,270,8,0,0
2,26.67464,0,0,0,270,8,0,0
2,26.68054,0,0,0,270,8,0,0
2,26.68864,0,0,0,270,8,0,0
2,26.70066,0,0,0,270,8,0,0
2,26.71065,0,0,0,270,8,0,0
2,26.72202,0,0,0,270,8,0,0
2,26.73323,0,0,0,270,8,0,0
2,26.74449,0,0,0,270,8,0,0
2,26.75518,0,0,0,270,8,0,0
2,26.76615,0,0,0,270,8,0,0
2,26.77749,0,0,0,270,8,0,0
2,26.78874,0,0,0,270,8,0,0
2,26.79996,0,0,0,270,8,0,0
2,26.8212,0,0,0,270,8,0,0
2,26.82458,0,0,0,270,8,0,0
2,26.8331,0,0,0,270,8,0,0
2,26.84406,0,0,0,270,8,0,0
2,26.8556,0,0,0,270,8,0,0
2,26.86644,0,0,0,270,8,0,0
2,26.87735,0,0,0,270,8,0,0
2,26.88877,0,0,0,270,8,0,0
2,26.89979,0,0,0,270,8,0,0
2,26.91077,0,0,0,270,8,0,0
2,26.92234,0,0,0,270,8,0,0
2,26.93261,0,0,0,270,8,0,0
2,26.94432,0,0,0,270,8,0,0
2,26.95555,0,0,0,270,8,0,0
2,26.97593,0,0,0,270,8,0,0
2,26.98013,0,0,0,270,8,0,0
2,26.98854,0,0,0,270,8,0,0
2,26.99996,0,0,0,270,8,0,0
2,27.01119,0,0,0,270,8,0,0
2,27.0217,0,0,0,270,8,0,0
2,27.03299,0,0,0,270,8,0,0
2,27.0451,0,0,0,270,8,0,0
2,27.05578,0,0,0,270,8,0,0
2,27.06685,0,0,0,270,8,0,0
2,27.07825,0,0,0,270,8,0,0
2,27.08904,0,0,0,270,8,0,0
2,27.10079,0,0,0,270,8,0,0
2,27.1119,0,0,0,270,8,0,0
2,27.13204,0,0,0,270,8,0,0
2,27.13713,0,0,0,270,8,0,0
2,27.14526,0,0,0,270,8,0,0
2,27.15689,0,0,0,270,8,0,0
2,27.16817,0,0,0,270,8,0,0
2,27.17949,0,0,0,270,8,0,0
2,27.19002,0,0,0,270,8,0,0
2,27.20167,0,0,0,270,8,0,0
2,27.21304,0,0,0,270,8,0,0
2,27.22387,0,0,0,270,8,0,0
2,27.23501,0,0,0,270,8,0,0
2,27.24591,0,0,0,270,8,0,0
2,27.25773,0,0,0,270,8,0,0
2,27.26845,0,0,0,270,8,0,0
2,27.28781,0,0,0,270,8,0,0
2,27.2908,0,0,0,270,8,0,0
2,27.30158,0,0,0,270,8,0,0
2,27.31251,0,0,0,270,8,0,0
2,27.32389,0,0,0,270,8,0,0
2,27.33536,0,0,0,270,8,0,0
2,27.34555,0,0,0,270,8,0,0
2,27.35739,0,0,0,270,8,0,0
2,27.36866,0,0,0,270,8,0,0
2,27.37954,0,0,0,270,8,0,0
2,27.39034,0,0,0,270,8,0,0
2,27.40182,0,0,0,270,8,0,0
2,27.41258,0,0,0,270,8,0,0
2,27.42403,0,0,0,270,8,0,0
2,27.44271,0,0,0,270,8,0,0
2,27.45028,0,0,0,270,8,0,0
2,27.4572,0,0,0,270,8,0,0
2,27.46631,0,0,0,270,8,0,0
2,27.47805,0,0,0,270,8,0,0
2,27.48878,0,0,0,270,8,0,0
2,27.50072,0,0,0,270,8,0,0
2,27.51104,0,0,0,270,8,0,0
2,27.52236,0,0,0,270,8,0,0
2,27.53299,0,0,0,270,8,0,0
2,27.54492,0,0,0,270,8,0,0
2,27.55647,0,0,0,270,8,0,0
2,27.56642,0,0,0,270,8,0,0
2,27.57818,0,0,0,270,8,0,0
2,27.59873,0,0,0,270,8,0,0
2,27.60176,0,0,0,270,8,0,0
2,27.611,0,0,0,270,8,0,0
2,27.62325,0,0,0,270,8,0,0
2,27.63327,0,0,0,270,8,0,0
2,27.64447,0,0,0,270,8,0,0
2,27.65568,0,0,0,270,8,0,0
2,27.66636,0,0,0,270,8,0,0
2,27.6785,0,0,0,270,8,0,0
2,27.68905,0,0,0,270,8,0,0
2,27.70055,0,0,0,270,8,0,0
2,27.71181,0,0,0,270,8,0,0
2,27.72266,0,0,0,270,8,0,0
2,27.73327,0,0,0,270,8,0,0
2,27.75626,0,0,0,270,8,0,0
2,27.75989,0,0,0,270,8,0,0
2,27.76649,0,0,0,270,8,0,0
2,27.77752,0,0,0,270,8,0,0
2,27.78805,0,0,0,270,8,0,0
2,27.79969,0,0,0,270,8,0,0
2,27.81125,0,0,0,270,8,0,0
2,27.82169,0,0,0,270,8,0,0
2,27.8325,0,0,0,270,8,0,0
2,27.84435,0,0,0,270,8,0,0
2,27.85511,0,0,0,270,8,0,0
2,27.86595,0,0,0,270,8,0,0
2,27.87749,0,0,0,270,8,0,0
2,27.88851,0,0,0,270,8,0,0
2,27.91053,0,0,0,270,8,0,0
2,27.91523,0,0,0,270,8,0,0
2,27.92158,0,0,0,270,8,0,0
2,27.93331,0,0,0,270,8,0,0
2,27.94419,0,0,0,270,8,0,0
2,27.95522,0,0,0,270,8,0,0
2,27.96611,0,0,0,270,8,0,0
2,27.97717,0,0,0,270,8,0,0
2,27.9882,0,0,0,270,8,0,0
2,28.00014,0,0,0,270,8,0,0
2,28.01062,0,0,0,270,8,0,0
2,28.02172,0,0,0,270,8,0,0
2,28.03255,0,0,0,270,8,0,0
2,28.04381,0,0,0,270,8,0,0
2,28.0641,0,0,0,270,8,0,0
2,28.06711,0,0,0,270,8,0,0
2,28.07801,0,0,0,270,8,0,0
2,28.08802,0,0,0,270,8,0,0
2,28.09948,0,0,0,270,8,0,0
2,28.10999,0,0,0,270,8,0,0
2,28.1217,0,0,0,270,8,0,0
2,28.1331,0,0,0,270,8,0,0
2,28.14448,0,0,0,270,8,0,0
2,28.15607,0,0,0,270,8,0,0
2,28.16621,0,0,0,270,8,0,0
2,28.17808,0,0,0,270,8,0,0
2,28.18837,0,0,0,270,8,0,0
2,28.20001,0,0,0,270,8,0,0
2,28.22055,0,0,0,270,8,0,0
2,28.22392,0,0,0,270,8,0,0
2,28.23284,0,0,0,270,8,0,0
2,28.24438,0,0,0,270,8,0,0
2,28.25519,0,0,0,270,8,0,0
2,28.26629,0,0,0,270,8,0,0
2,28.27772,0,0,0,270,8,0,0
2,28.2884,0,0,0,270,8,0,0
2,28.30013,0,0,0,270,8,0,0
2,28.31125,0,0,0,270,8,0,0
2,28.32272,0,0,0,270,8,0,0
2,28.33419,0,0,0,270,8,0,0
2,28.34482,0,0,0,270,8,0,0
2,28.35647,0,0,0,270,8,0,0
2,28.37527,0,0,0,270,8,0,0
2,28.37837,0,0,0,270,8,0,0
2,28.39022,0,0,0,270,8,0,0
2,28.40189,0,0,0,270,8,0,0
2,28.41274,0,0,0,270,8,0,0
2,28.42405,0,0,0,270,8,0,0
2,28.4359,0,0,0,270,8,0,0
2,28.44569,0,0,0,270,8,0,0
2,28.45696,0,0,0,270,8,0,0
2,28.46802,0,0,0,270,8,0,0
2,28.47916,0,0,0,270,8,0,0
2,28.49013,0,0,0,270,8,0,0
2,28.50241,0,0,0,270,8,0,0
2,28.51302,0,0,0,270,8,0,0
2,28.53215,0,0,0,270,8,0,0
2,28.53563,0,0,0,270,8,0,0
2,28.54551,0,0,0,270,8,0,0
2,28.55718,0,0,0,270,8,0,0
2,28.56779,0,0,0,270,8,0,0
2,28.57933,0,0,0,270,8,0,0
2,28.59016,0,0,0,270,8,0,0
2,28.6015,0,0,0,270,8,0,0
2,28.61236,0,0,0,270,8,0,0
2,28.62414,0,0,0,270,8,0,0
2,28.63562,0,0,0,270,8,0,0
2,28.64636,0,0,0,270,8,0,0
2,28.65723,0,0,0,270,8,0,0
2,28.66792,0,0,0,270,8,0,0
2,28.68667,0,0,0,270,8,0,0
2,28.68993,0,0,0,270,8,0,0
2,28.70218,0,0,0,270,8,0,0
2,28.71259,0,0,0,270,8,0,0
2,28.72379,0,0,0,270,8,0,0
2,28.7356,0,0,0,270,8,0,0
2,28.74622,0,0,0,270,8,0,0
2,28.75751,0,0,0,270,8,0,0
2,28.76816,0,0,0,270,8,0,0
2,28.77962,0,0,0,270,8,0,0
2,28.79023,0,0,0,270,8,0,0
2,28.80202,0,0,0,270,8,0,0
2,28.81277,0,0,0,270,8,0,0
2,28.82399,0,0,0,270,8,0,0
2,28.84403,0,0,0,270,8,0,0
2,28.84744,0,0,0,270,8,0,0
2,28.85746,0,0,0,270,8,0,0
2,28.86837,0,0,0,270,8,0,0
2,28.8794,0,0,0,270,8,0,0
2,28.89,0,0,0,270,8,0,0
2,28.90187,0,0,0,270,8,0,0
2,28.91256,0,0,0,270,8,0,0
2,28.92442,0,0,0,270,8,0,0
2,28.93571,0,0,0,270,8,0,0
2,28.94571,0,0,0,270,8,0,0
2,28.95753,0,0,0,270,8,0,0
2,28.96806,0,0,0,270,8,0,0
2,28.97956,0,0,0,270,8,0,0
2,28.99984,0,0,0,270,8,0,0
2,29.00417,0,0,0,270,8,0,0
2,29.01234,0,0,0,270,8,0,0
2,29.02371,0,0,0,270,8,0,0
2,29.03403,0,0,0,270,8,0,0
2,29.04465,0,0,0,270,8,0,0
2,29.05686,0,0,0,270,8,0,0
2,29.06705,0,0,0,270,8,0,0
2,29.0785,0,0,0,270,8,0,0
2,29.08955,0,0,0,270,8,0,0
2,29.10101,0,0,0,270,8,0,0
2,29.11143,0,0,0,270,8,0,0
2,29.12273,0,0,0,270,8,0,0
2,29.1339,0,0,0,270,8,0,0
2,29.15407,0,0,0,270,8,0,0
2,29.15771,0,0,0,270,8,0,0
2,29.16696,0,0,0,270,8,0,0
2,29.17864,0,0,0,270,8,0,0
2,29.18911,0,0,0,270,8,0,0
2,29.20086,0,0,0,270,8,0,0
2,29.21166,0,0,0,270,8,0,0
2,29.22292,0,0,0,270,8,0,0
2,29.23392,0,0,0,270,8,0,0
2,29.24499,0,0,0,270,8,0,0
2,29.25591,0,0,0,270,8,0,0
2,29.26688,0,0,0,270,8,0,0
2,29.27852,0,0,0,270,8,0,0
2,29.28923,0,0,0,270,8,0,0
2,29.30833,0,0,0,270,8,0,0
2,29.31156,0,0,0,270,8,0,0
2,29.32278,0,0,0,270,8,0,0
2,29.33416,0,0,0,270,8,0,0
2,29.34504,0,0,0,270,8,0,0
2,29.35588,0,0,0,270,8,0,0
2,29.36692,0,0,0,270,8,0,0
2,29.37844,0,0,0,270,8,0,0
2,29.38929,0,0,0,270,8,0,0
2,29.4013,0,0,0,270,8,0,0
2,29.41175,0,0,0,270,8,0,0
2,29.42337,0,0,0,270,8,0,0
2,29.43469,0,0,0,270,8,0,0
2,29.44615,0,0,0,270,8,0,0
2,29.46392,0,0,0,270,8,0,0
2,29.46732,0,0,0,270,8,0,0
2,29.47929,0,0,0,270,8,0,0
2,29.4897,0,0,0,270,8,0,0
2,29.50114,0,0,0,270,8,0,0
2,29.51243,0,0,0,270,8,0,0
2,29.52362,0,0,0,270,8,0,0
2,29.53485,0,0,0,270,8,0,0
2,29.5454,0,0,0,270,8,0,0
2,29.55741,0,0,0,270,8,0,0
2,29.56765,0,0,0,270,8,0,0
2,29.57919,0,0,0,270,8,0,0
2,29.59012,0,0,0,270,8,0,0
2,29.6013,0,0,0,270,8,0,0
2,29.61977,0,0,0,270,8,0,0
2,29.62291,0,0,0,270,8,0,0
2,29.63517,0,0,0,270,8,0,0
2,29.64554,0,0,0,270,8,0,0
2,29.65728,0,0,0,270,8,0,0
2,29.66745,0,0,0,270,8,0,0
2,29.67891,0,0,0,270,8,0,0
2,29.68964,0,0,0,270,8,0,0
2,29.70129,0,0,0,270,8,0,0
2,29.71243,0,0,0,270,8,0,0
2,29.72315,0,0,0,270,8,0,0
2,29.73433,0,0,0,270,8,0,0
2,29.74561,0,0,0,270,8,0,0
2,29.75784,0,0,0,270,8,0,0
2,29.77991,0,0,0,270,8,0,0
2,29.78504,0,0,0,270,8,0,0
2,29.79053,0,0,0,270,8,0,0
2,29.79796,0,0,0,270,8,0,0
2,29.80876,0,0,0,270,8,0,0
2,29.82002,0,0,0,270,8,0,0
2,29.83078,0,0,0,270,8,0,0
2,29.84211,0,0,0,270,8,0,0
2,29.85293,0,0,0,270,8,0,0
2,29.86429,0,0,0,270,8,0,0
2,29.87574,0,0,0,270,8,0,0
2,29.88634,0,0,0,270,8,0,0
2,29.89735,0,0,0,270,8,0,0
2,29.9085,0,0,0,270,8,0,0
2,29.92797,0,0,0,270,8,0,0
2,29.93134,0,0,0,270,8,0,0
2,29.94219,0,0,0,270,8,0,0
2,29.95313,0,0,0,270,8,0,0
2,29.96456,0,0,0,270,8,0,0
2,29.97551,0,0,0,270,8,0,0
2,29.98642,0,0,0,270,8,0,0
2,29.99797,0,0,0,270,8,0,0
2,30.00858,0,0,0,270,8,0,0
2,30.01983,0,0,0,270,8,0,0
2,30.03042,0,0,0,270,8,0,0
2,30.04206,0,0,0,270,8,0,0
2,30.05279,0,0,0,270,8,0,0
2,30.06413,0,0,0,270,8,0,0
2,30.08395,0,0,0,270,8,0,0
2,30.08832,0,0,0,270,8,0,0
2,30.09816,0,0,0,270,8,0,0
2,30.10822,0,0,0,270,8,0,0
2,30.12032,0,0,0,270,8,0,0
2,30.13034,0,0,0,270,8,0,0
2,30.142,0,0,0,270,8,0,0
2,30.15313,0,0,0,270,8,0,0
2,30.16439,0,0,0,270,8,0,0
2,30.17593,0,0,0,270,8,0,0
2,30.18698,0,0,0,270,8,0,0
2,30.19852,0,0,0,270,8,0,0
2,30.20981,0,0,0,270,8,0,0
2,30.22149,0,0,0,270,8,0,0
2,30.24115,0,0,0,270,8,0,0
2,30.2448,0,0,0,270,8,0,0
2,30.25483,0,0,0,270,8,0,0
2,30.26591,0,0,0,270,8,0,0
2,30.27808,0,0,0,270,8,0,0
2,30.28854,0,0,0,270,8,0,0
2,30.3,0,0,0,270,8,0,0
2,30.31132,0,0,0,270,8,0,0
2,30.32292,0,0,0,270,8,0,0
2,30.33389,0,0,0,270,8,0,0
2,30.3449,0,0,0,270,8,0,0
2,30.35654,0,0,0,270,8,0,0
2,30.36745,0,0,0,270,8,0,0
2,30.37896,0,0,0,270,8,0,0
2,30.39787,0,0,0,270,8,0,0
2,30.40078,0,0,0,270,8,0,0
2,30.41148,0,0,0,270,8,0,0
2,30.42295,0,0,0,270,8,0,0
2,30.43435,0,0,0,270,8,0,0
2,30.44508,0,0,0,270,8,0,0
2,30.4564,0,0,0,270,8,0,0
2,30.46717,0,0,0,270,8,0,0
2,30.47836,0,0,0,270,8,0,0
2,30.48938,0,0,0,270,8,0,0
2,30.50082,0,0,0,270,8,0,0
2,30.51167,0,0,0,270,8,0,0
2,30.52333,0,0,0,270,8,0,0
2,30.53482,0,0,0,270,8,0,0
2,30.55321,0,0,0,270,8,0,0
2,30.55674,0,0,0,270,8,0,0
2,30.56712,0,0,0,270,8,0,0
2,30.57855,0,0,0,270,8,0,0
2,30.58958,0,0,0,270,8,0,0
2,30.60099,0,0,0,270,8,0,0
2,30.61152,0,0,0,270,8,0,0
2,30.6235,0,0,0,270,8,0,0
2,30.63453,0,0,0,270,8,0,0
2,30.64544,0,0,0,270,8,0,0
2,30.6568,0,0,0,270,8,0,0
2,30.667,0,0,0,270,8,0,0
2,30.67856,0,0,0,270,8,0,0
2,30.68953,0,0,0,270,8,0,0
2,30.70878,0,0,0,270,8,0,0
2,30.71178,0,0,0,270,8,0,0
2,30.72306,0,0,0,270,8,0,0
2,30.73395,0,0,0,270,8,0,0
2,30.74511,0,0,0,270,8,0,0
2,30.75632,0,0,0,270,8,0,0
2,30.76705,0,0,0,270,8,0,0
2,30.77867,0,0,0,270,8,0,0
2,30.78947,0,0,0,270,8,0,0
2,30.80153,0,0,0,270,8,0,0
2,30.81221,0,0,0,270,8,0,0
2,30.82304,0,0,0,270,8,0,0
2,30.83456,0,0,0,270,8,0,0
2,30.84526,0,0,0,270,8,0,0
2,30.86678,0,0,0,270,8,0,0
2,30.87074,0,0,0,270,8,0,0
2,30.87877,0,0,0,270,8,0,0
2,30.88766,0,0,0,270,8,0,0
2,30.89972,0,0,0,270,8,0,0
2,30.90997,0,0,0,270,8,0,0
2,30.92182,0,0,0,270,8,0,0
2,30.93236,0,0,0,270,8,0,0
2,30.94376,0,0,0,270,8,0,0
2,30.95475,0,0,0,270,8,0,0
2,30.96578,0,0,0,270,8,0,0
2,30.97742,0,0,0,270,8,0,0
2,30.98785,0,0,0,270,8,0,0
2,30.99996,0,0,0,270,8,0,0
2,31.02051,0,0,0,270,8,0,0
2,31.02477,0,0,0,270,8,0,0
2,31.0325,0,0,0,270,8,0,0
2,31.04375,0,0,0,270,8,0,0
2,31.05486,0,0,0,270,8,0,0
2,31.06551,0,0,0,270,8,0,0
2,31.0769,0,0,0,270,8,0,0
2,31.08779,0,0,0,270,8,0,0
2,31.09911,0,0,0,270,8,0,0
2,31.11033,0,0,0,270,8,0,0
2,31.12225,0,0,0,270,8,0,0
2,31.13264,0,0,0,270,8,0,0
2,31.14404,0,0,0,270,8,0,0
2,31.15485,0,0,0,270,8,0,0
2,31.17557,0,0,0,270,8,0,0
2,31.17881,0,0,0,270,8,0,0
2,31.18761,0,0,0,270,8,0,0
2,31.19893,0,0,0,270,8,0,0
2,31.20962,0,0,0,270,8,0,0
2,31.22135,0,0,0,270,8,0,0
2,31.23202,0,0,0,270,8,0,0
2,31.24401,0,0,0,270,8,0,0
2,31.25508,0,0,0,270,8,0,0
2,31.26564,0,0,0,270,8,0,0
2,31.27758,0,0,0,270,8,0,0
2,31.28804,0,0,0,270,8,0,0
2,31.29965,0,0,0,270,8,0,0
2,31.31048,0,0,0,270,8,0,0
2,31.32986,0,0,0,270,8,0,0
2,31.3331,0,0,0,270,8,0,0
2,31.34374,0,0,0,270,8,0,0
2,31.35488,0,0,0,270,8,0,0
2,31.36595,0,0,0,270,8,0,0
2,31.37716,0,0,0,270,8,0,0
2,31.38797,0,0,0,270,8,0,0
2,31.39962,0,0,0,270,8,0,0
2,31.41082,0,0,0,270,8,0,0
2,31.42204,0,0,0,270,8,0,0
2,31.43423,0,0,0,270,8,0,0
2,31.44453,0,0,0,270,8,0,0
2,31.45601,0,0,0,270,8,0,0
2,31.4665,0,0,0,270,8,0,0
2,31.48512,0,0,0,270,8,0,0
2,31.48852,0,0,0,270,8,0,0
2,31.50032,0,0,0,270,8,0,0
2,31.51114,0,0,0,270,8,0,0
2,31.52319,0,0,0,270,8,0,0
2,31.53312,0,0,0,270,8,0,0
2,31.54474,0,0,0,270,8,0,0
2,31.55708,0,0,0,270,8,0,0
2,31.56717,0,0,0,270,8,0,0
2,31.57796,0,0,0,270,8,0,0
2,31.58908,0,0,0,270,8,0,0
2,31.60089,0,0,0,270,8,0,0
2,31.61118,0,0,0,270,8,0,0
2,31.62365,0,0,0,270,8,0,0
2,31.6427,0,0,0,270,8,0,0
2,31.64572,0,0,0,270,8,0,0
2,31.65584,0,0,0,270,8,0,0
2,31.66647,0,0,0,270,8,0,0
2,31.67805,0,0,0,270,8,0,0
2,31.68886,0,0,0,270,8,0,0
2,31.70033,0,0,0,270,8,0,0
2,31.71167,0,0,0,270,8,0,0
2,31.72287,0,0,0,270,8,0,0
2,31.73326,0,0,0,270,8,0,0
2,31.74556,0,0,0,270,8,0,0
2,31.75578,0,0,0,270,8,0,0
2,31.76662,0,0,0,270,8,0,0
2,31.77859,0,0,0,270,8,0,0
2,31.79766,0,0,0,270,8,0,0
2,31.80064,0,0,0,270,8,0,0
2,31.81112,0,0,0,270,8,0,0
2,31.82383,0,0,0,270,8,0,0
2,31.83415,0,0,0,270,8,0,0
2,31.84517,0,0,0,270,8,0,0
2,31.85619,0,0,0,270,8,0,0
2,31.86684,0,0,0,270,8,0,0
2,31.87814,0,0,0,270,8,0,0
2,31.88882,0,0,0,270,8,0,0
2,31.9006,0,0,0,270,8,0,0
2,31.91121,0,0,0,270,8,0,0
2,31.923,0,0,0,270,8,0,0
2,31.934,0,0,0,270,8,0,0
2,31.95402,0,0,0,270,8,0,0
2,31.95741,0,0,0,270,8,0,0
2,31.96683,0,0,0,270,8,0,0
2,31.97846,0,0,0,270,8,0,0
2,31.9887,0,0,0,270,8,0,0
2,32.00386,0,0,0,270,8,0,0
2,32.01493,0,0,0,270,8,0,0
2,32.02579,0,0,0,270,8,0,0
2,32.03799,0,0,0,270,8,0,0
2,32.04439,0,0,0,270,8,0,0
2,32.05648,0,0,0,270,8,0,0
2,32.0666,0,0,0,270,8,0,0
2,32.07776,0,0,0,270,8,0,0
2,32.08881,0,0,0,270,8,0,0
2,32.10856,0,0,0,270,8,0,0
2,32.11137,0,0,0,270,8,0,0
2,32.12256,0,0,0,270,8,0,0
2,32.13346,0,0,0,270,8,0,0
2,32.14495,0,0,0,270,8,0,0
2,32.15607,0,0,0,270,8,0,0
2,32.1668,0,0,0,270,8,0,0
2,32.17781,0,0,0,270,8,0,0
2,32.18867,0,0,0,270,8,0,0
2,32.20017,0,0,0,270,8,0,0
2,32.21106,0,0,0,270,8,0,0
2,32.22232,0,0,0,270,8,0,0
2,32.23326,0,0,0,270,8,0,0
2,32.24547,0,0,0,270,8,0,0
2,32.26516,0,0,0,270,8,0,0
2,32.26883,0,0,0,270,8,0,0
2,32.27794,0,0,0,270,8,0,0
2,32.2895,0,0,0,270,8,0,0
2,32.30017,0,0,0,270,8,0,0
2,32.31079,0,0,0,270,8,0,0
2,32.32214,0,0,0,270,8,0,0
2,32.33285,0,0,0,270,8,0,0
2,32.34442,0,0,0,270,8,0,0
2,32.35546,0,0,0,270,8,0,0
2,32.36657,0,0,0,270,8,0,0
2,32.37775,0,0,0,270,8,0,0
2,32.3885,0,0,0,270,8,0,0
2,32.40054,0,0,0,270,8,0,0
2,32.41874,0,0,0,270,8,0,0
2,32.42159,0,0,0,270,8,0,0
2,32.43318,0,0,0,270,8,0,0
2,32.44453,0,0,0,270,8,0,0
2,32.45538,0,0,0,270,8,0,0
2,32.46622,0,0,0,270,8,0,0
2,32.47732,0,0,0,270,8,0,0
2,32.4884,0,0,0,270,8,0,0
2,32.49986,0,0,0,270,8,0,0
2,32.51056,0,0,0,270,8,0,0
2,32.52184,0,0,0,270,8,0,0
2,32.53286,0,0,0,270,8,0,0
2,32.54413,0,0,0,270,8,0,0
2,32.55573,0,0,0,270,8,0,0
2,32.57653,0,0,0,270,8,0,0
2,32.57976,0,0,0,270,8,0,0
2,32.58853,0,0,0,270,8,0,0
2,32.60002,0,0,0,270,8,0,0
2,32.61049,0,0,0,270,8,0,0
2,32.62175,0,0,0,270,8,0,0
2,32.63347,0,0,0,270,8,0,0
2,32.64355,0,0,0,270,8,0,0
2,32.65467,0,0,0,270,8,0,0
2,32.66543,0,0,0,270,8,0,0
2,32.67734,0,0,0,270,8,0,0
2,32.68785,0,0,0,270,8,0,0
2,32.69937,0,0,0,270,8,0,0
2,32.71103,0,0,0,270,8,0,0
2,32.73111,0,0,0,270,8,0,0
2,32.73487,0,0,0,270,8,0,0
2,32.74366,0,0,0,270,8,0,0
2,32.75517,0,0,0,270,8,0,0
2,32.76538,0,0,0,270,8,0,0
2,32.77689,0,0,0,270,8,0,0
2,32.78769,0,0,0,270,8,0,0
2,32.79917,0,0,0,270,8,0,0
2,32.80999,0,0,0,270,8,0,0
2,32.82173,0,0,0,270,8,0,0
2,32.83245,0,0,0,270,8,0,0
2,32.84386,0,0,0,270,8,0,0
2,32.85485,0,0,0,270,8,0,0
2,32.86597,0,0,0,270,8,0,0
2,32.88786,0,0,0,270,8,0,0
2,32.8924,0,0,0,270,8,0,0
2,32.90019,0,0,0,270,8,0,0
2,32.90848,0,0,0,270,8,0,0
2,32.92033,0,0,0,270,8,0,0
2,32.93102,0,0,0,270,8,0,0
2,32.9421,0,0,0,270,8,0,0
2,32.95285,0,0,0,270,8,0,0
2,32.96495,0,0,0,270,8,0,0
2,32.97559,0,0,0,270,8,0,0
2,32.98642,0,0,0,270,8,0,0
2,32.99862,0,0,0,270,8,0,0
2,33.00898,0,0,0,270,8,0,0
2,33.0205,0,0,0,270,8,0,0
2,33.0437,0,0,0,270,8,0,0
2,33.04755,0,0,0,270,8,0,0
2,33.05273,0,0,0,270,8,0,0
2,33.06349,0,0,0,270,8,0,0
2,33.074,0,0,0,270,8,0,0
2,33.08486,0,0,0,270,8,0,0
2,33.09623,0,0,0,270,8,0,0
2,33.10718,0,0,0,270,8,0,0
2,33.11894,0,0,0,270,8,0,0
2,33.12906,0,0,0,270,8,0,0
2,33.14061,0,0,0,270,8,0,0
2,33.15222,0,0,0,270,8,0,0
2,33.16293,0,0,0,270,8,0,0
2,33.1745,0,0,0,270,8,0,0
2,33.196,0,0,0,270,8,0,0
2,33.2001,0,0,0,270,8,0,0
2,33.207,0,0,0,270,8,0,0
2,33.21848,0,0,0,270,8,0,0
2,33.22893,0,0,0,270,8,0,0
2,33.24032,0,0,0,270,8,0,0
2,33.2514,0,0,0,270,8,0,0
2,33.26268,0,0,0,270,8,0,0
2,33.27433,0,0,0,270,8,0,0
2,33.28464,0,0,0,270,8,0,0
2,33.29602,0,0,0,270,8,0,0
2,33.30735,0,0,0,270,8,0,0
2,33.31858,0,0,0,270,8,0,0
2,33.32927,0,0,0,270,8,0,0
2,33.3499,0,0,0,270,8,0,0
2,33.35406,0,0,0,270,8,0,0
2,33.36253,0,0,0,270,8,0,0
2,33.37339,0,0,0,270,8,0,0
2,33.38498,0,0,0,270,8,0,0
2,33.39589,0,0,0,270,8,0,0
2,33.407,0,0,0,270,8,0,0
2,33.4185,0,0,0,270,8,0,0
2,33.42951,0,0,0,270,8,0,0
2,33.44148,0,0,0,270,8,0,0
2,33.45227,0,0,0,270,8,0,0
2,33.46433,0,0,0,270,8,0,0
2,33.47578,0,0,0,270,8,0,0
2,33.48607,0,0,0,270,8,0,0
2,33.50746,0,0,0,270,8,0,0
2,33.51135,0,0,0,270,8,0,0
2,33.51957,0,0,0,270,8,0,0
2,33.53041,0,0,0,270,8,0,0
2,33.54204,0,0,0,270,8,0,0
2,33.55289,0,0,0,270,8,0,0
2,33.5645,0,0,0,270,8,0,0
2,33.57599,0,0,0,270,8,0,0
2,33.58685,0,0,0,270,8,0,0
2,33.59847,0,0,0,270,8,0,0
2,33.60904,0,0,0,270,8,0,0
2,33.62087,0,0,0,270,8,0,0
2,33.63262,0,0,0,270,8,0,0
2,33.64331,0,0,0,270,8,0,0
2,33.66465,0,0,0,270,8,0,0
2,33.66824,0,0,0,270,8,0,0
2,33.67649,0,0,0,270,8,0,0
2,33.68683,0,0,0,270,8,0,0
2,33.69873,0,0,0,270,8,0,0
2,33.70931,0,0,0,270,8,0,0
2,33.72083,0,0,0,270,8,0,0
2,33.73154,0,0,0,270,8,0,0
2,33.74268,0,0,0,270,8,0,0
2,33.75378,0,0,0,270,8,0,0
2,33.76456,0,0,0,270,8,0,0
2,33.77594,0,0,0,270,8,0,0
2,33.78685,0,0,0,270,8,0,0
2,33.79872,0,0,0,270,8,0,0
2,33.81892,0,0,0,270,8,0,0
2,33.82228,0,0,0,270,8,0,0
2,33.83143,0,0,0,270,8,0,0
2,33.84257,0,0,0,270,8,0,0
2,33.85437,0,0,0,270,8,0,0
2,33.86462,0,0,0,270,8,0,0
2,33.87576,0,0,0,270,8,0,0
2,33.88797,0,0,0,270,8,0,0
2,33.89866,0,0,0,270,8,0,0
2,33.90945,0,0,0,270,8,0,0
2,33.92082,0,0,0,270,8,0,0
2,33.93225,0,0,0,270,8,0,0
2,33.94301,0,0,0,270,8,0,0
2,33.95471,0,0,0,270,8,0,0
2,33.97236,0,0,0,270,8,0,0
2,33.97562,0,0,0,270,8,0,0
2,33.98668,0,0,0,270,8,0,0
2,33.99874,0,0,0,270,8,0,0
2,34.00898,0,0,0,270,8,0,0
2,34.02069,0,0,0,270,8,0,0
2,34.03152,0,0,0,270,8,0,0
2,34.0432,0,0,0,270,8,0,0
2,34.05451,0,0,0,270,8,0,0
2,34.06504,0,0,0,270,8,0,0
2,34.07635,0,0,0,270,8,0,0
2,34.08766,0,0,0,270,8,0,0
2,34.09914,0,0,0,270,8,0,0
2,34.1099,0,0,0,270,8,0,0
2,34.12961,0,0,0,270,8,0,0
2,34.13272,0,0,0,270,8,0,0
2,34.1436,0,0,0,270,8,0,0
2,34.15501,0,0,0,270,8,0,0
2,34.16542,0,0,0,270,8,0,0
2,34.17715,0,0,0,270,8,0,0
2,34.18855,0,0,0,270,8,0,0
2,34.19968,0,0,0,270,8,0,0
2,34.21032,0,0,0,270,8,0,0
2,34.22144,0,0,0,270,8,0,0
2,34.23238,0,0,0,270,8,0,0
2,34.24414,0,0,0,270,8,0,0
2,34.255,0,0,0,270,8,0,0
2,34.26549,0,0,0,270,8,0,0
2,34.2847,0,0,0,270,8,0,0
2,34.28758,0,0,0,270,8,0,0
2,34.29923,0,0,0,270,8,0,0
2,34.30993,0,0,0,270,8,0,0
2,34.32147,0,0,0,270,8,0,0
2,34.33214,0,0,0,270,8,0,0
2,34.34365,0,0,0,270,8,0,0
2,34.35485,0,0,0,270,8,0,0
2,34.36541,0,0,0,270,8,0,0
2,34.37682,0,0,0,270,8,0,0
2,34.38747,0,0,0,270,8,0,0
2,34.39944,0,0,0,270,8,0,0
2,34.40984,0,0,0,270,8,0,0
2,34.42124,0,0,0,270,8,0,0
2,34.43992,0,0,0,270,8,0,0
2,34.44296,0,0,0,270,8,0,0
2,34.45462,0,0,0,270,8,0,0
2,34.46576,0,0,0,270,8,0,0
2,34.47693,0,0,0,270,8,0,0
2,34.48736,0,0,0,270,8,0,0
2,34.49902,0,0,0,270,8,0,0
2,34.50975,0,0,0,270,8,0,0
2,34.52156,0,0,0,270,8,0,0
2,34.53242,0,0,0,270,8,0,0
2,34.54358,0,0,0,270,8,0,0
2,34.55487,0,0,0,270,8,0,0
2,34.56539,0,0,0,270,8,0,0
2,34.57698,0,0,0,270,8,0,0
2,34.59759,0,0,0,270,8,0,0
2,34.60075,0,0,0,270,8,0,0
2,34.61014,0,0,0,270,8,0,0
2,34.6221,0,0,0,270,8,0,0
2,34.63277,0,0,0,270,8,0,0
2,34.64353,0,0,0,270,8,0,0
2,34.65489,0,0,0,270,8,0,0
2,34.66527,0,0,0,270,8,0,0
2,34.67676,0,0,0,270,8,0,0
2,34.6874,0,0,0,270,8,0,0
2,34.69904,0,0,0,270,8,0,0
2,34.71012,0,0,0,270,8,0,0
2,34.72134,0,0,0,270,8,0,0
2,34.73196,0,0,0,270,8,0,0
2,34.75342,0,0,0,270,8,0,0
2,34.75669,0,0,0,270,8,0,0
2,34.76532,0,0,0,270,8,0,0
2,34.77681,0,0,0,270,8,0,0
2,34.7873,0,0,0,270,8,0,0
2,34.79888,0,0,0,270,8,0,0
2,34.80959,0,0,0,270,8,0,0
2,34.82091,0,0,0,270,8,0,0
2,34.83171,0,0,0,270,8,0,0
2,34.84319,0,0,0,270,8,0,0
2,34.8546,0,0,0,270,8,0,0
2,34.86554,0,0,0,270,8,0,0
2,34.87672,0,0,0,270,8,0,0
2,34.88756,0,0,0,270,8,0,0
2,34.90853,0,0,0,270,8,0,0
2,34.91202,0,0,0,270,8,0,0
2,34.9215,0,0,0,270,8,0,0
2,34.93238,0,0,0,270,8,0,0
2,34.944,0,0,0,270,8,0,0
2,34.95452,0,0,0,270,8,0,0
2,34.96549,0,0,0,270,8,0,0
2,34.97688,0,0,0,270,8,0,0
2,34.98737,0,0,0,270,8,0,0
2,34.9992,0,0,0,270,8,0,0
2,35.00964,0,0,0,270,8,0,0
2,35.02178,0,0,0,270,8,0,0
2,35.03246,0,0,0,270,8,0,0
2,35.04348,0,0,0,270,8,0,0
2,35.06481,0,0,0,270,8,0,0
2,35.06878,0,0,0,270,8,0,0
2,35.07643,0,0,0,270,8,0,0
2,35.08552,0,0,0,270,8,0,0
2,35.09755,0,0,0,270,8,0,0
2,35.10797,0,0,0,270,8,0,0
2,35.11975,0,0,0,270,8,0,0
2,35.13034,0,0,0,270,8,0,0
2,35.14169,0,0,0,270,8,0,0
2,35.15245,0,0,0,270,8,0,0
2,35.16393,0,0,0,270,8,0,0
2,35.17496,0,0,0,270,8,0,0
2,35.18603,0,0,0,270,8,0,0
2,35.19739,0,0,0,270,8,0,0
2,35.21753,0,0,0,270,8,0,0
2,35.22147,0,0,0,270,8,0,0
2,35.23009,0,0,0,270,8,0,0
2,35.24179,0,0,0,270,8,0,0
2,35.25228,0,0,0,270,8,0,0
2,35.26386,0,0,0,270,8,0,0
2,35.27508,0,0,0,270,8,0,0
2,35.28572,0,0,0,270,8,0,0
2,35.29729,0,0,0,270,8,0,0
2,35.30782,0,0,0,270,8,0,0
2,35.32008,0,0,0,270,8,0,0
2,35.32996,0,0,0,270,8,0,0
2,35.34165,0,0,0,270,8,0,0
2,35.35238,0,0,0,270,8,0,0
2,35.37219,0,0,0,270,8,0,0
2,35.37558,0,0,0,270,8,0,0
2,35.38562,0,0,0,270,8,0,0
2,35.3969,0,0,0,270,8,0,0
2,35.40785,0,0,0,270,8,0,0
2,35.41961,0,0,0,270,8,0,0
2,35.43068,0,0,0,270,8,0,0
2,35.44176,0,0,0,270,8,0,0
2,35.45298,0,0,0,270,8,0,0
2,35.46429,0,0,0,270,8,0,0
2,35.47555,0,0,0,270,8,0,0
2,35.48633,0,0,0,270,8,0,0
2,35.49868,0,0,0,270,8,0,0
2,35.51008,0,0,0,270,8,0,0
2,35.52907,0,0,0,270,8,0,0
2,35.53233,0,0,0,270,8,0,0
2,35.54346,0,0,0,270,8,0,0
2,35.55441,0,0,0,270,8,0,0
2,35.56549,0,0,0,270,8,0,0
2,35.57742,0,0,0,270,8,0,0
2,35.58839,0,0,0,270,8,0,0
2,35.59872,0,0,0,270,8,0,0
2,35.60934,0,0,0,270,8,0,0
2,35.62109,0,0,0,270,8,0,0
2,35.63166,0,0,0,270,8,0,0
2,35.64279,0,0,0,270,8,0,0
2,35.65398,0,0,0,270,8,0,0
2,35.6649,0,0,0,270,8,0,0
2,35.68393,0,0,0,270,8,0,0
2,35.68769,0,0,0,270,8,0,0
2,35.69885,0,0,0,270,8,0,0
2,35.70935,0,0,0,270,8,0,0
2,35.72087,0,0,0,270,8,0,0
2,35.73169,0,0,0,270,8,0,0
2,35.74312,0,0,0,270,8,0,0
2,35.75439,0,0,0,270,8,0,0
2,35.76468,0,0,0,270,8,0,0
2,35.77635,0,0,0,270,8,0,0
2,35.78681,0,0,0,270,8,0,0
2,35.79847,0,0,0,270,8,0,0
2,35.81057,0,0,0,270,8,0,0
2,35.82133,0,0,0,270,8,0,0
2,35.83903,0,0,0,270,8,0,0
2,35.84233,0,0,0,270,8,0,0
2,35.85386,0,0,0,270,8,0,0
2,35.86867,0,0,0,270,8,0,0
2,35.88515,0,0,0,270,8,0,0
2,35.89896,0,0,0,270,8,0,0
2,35.90904,0,0,0,270,8,0,0
2,35.92072,0,0,0,270,8,0,0
2,35.93192,0,0,0,270,8,0,0
2,35.94299,0,0,0,270,8,0,0
2,35.95417,0,0,0,270,8,0,0
2,35.96548,0,0,0,270,8,0,0
2,35.9776,0,0,0,270,8,0,0
2,35.99873,0,0,0,270,8,0,0
2,36.00301,0,0,0,270,8,0,0
2,36.00969,0,0,0,270,8,0,0
2,36.01817,0,0,0,270,8,0,0
2,36.02969,0,0,0,270,8,0,0
2,36.04083,0,0,0,270,8,0,0
2,36.05105,0,0,0,270,8,0,0
2,36.06334,0,0,0,270,8,0,0
2,36.07338,0,0,0,270,8,0,0
2,36.08532,0,0,0,270,8,0,0
2,36.09592,0,0,0,270,8,0,0
2,36.10666,0,0,0,270,8,0,0
2,36.11806,0,0,0,270,8,0,0
2,36.1287,0,0,0,270,8,0,0
2,36.15083,0,0,0,270,8,0,0
2,36.15516,0,0,0,270,8,0,0
2,36.16202,0,0,0,270,8,0,0
2,36.17324,0,0,0,270,8,0,0
2,36.18489,0,0,0,270,8,0,0
2,36.1961,0,0,0,270,8,0,0
2,36.20657,0,0,0,270,8,0,0
2,36.21804,0,0,0,270,8,0,0
2,36.22864,0,0,0,270,8,0,0
2,36.24048,0,0,0,270,8,0,0
2,36.25075,0,0,0,270,8,0,0
2,36.26224,0,0,0,270,8,0,0
2,36.274,0,0,0,270,8,0,0
2,36.28459,0,0,0,270,8,0,0
2,36.30371,0,0,0,270,8,0,0
2,36.30658,0,0,0,270,8,0,0
2,36.31792,0,0,0,270,8,0,0
2,36.32885,0,0,0,270,8,0,0
2,36.34008,0,0,0,270,8,0,0
2,36.35107,0,0,0,270,8,0,0
2,36.36218,0,0,0,270,8,0,0
2,36.37324,0,0,0,270,8,0,0
2,36.38484,0,0,0,270,8,0,0
2,36.39616,0,0,0,270,8,0,0
2,36.40708,0,0,0,270,8,0,0
2,36.41868,0,0,0,270,8,0,0
2,36.42928,0,0,0,270,8,0,0
2,36.4407,0,0,0,270,8,0,0
2,36.4593,0,0,0,270,8,0,0
2,36.46299,0,0,0,270,8,0,0
2,36.47428,0,0,0,270,8,0,0
2,36.48495,0,0,0,270,8,0,0
2,36.49657,0,0,0,270,8,0,0
2,36.50741,0,0,0,270,8,0,0
2,36.51878,0,0,0,270,8,0,0
2,36.52953,0,0,0,270,8,0,0
2,36.54112,0,0,0,270,8,0,0
2,36.55273,0,0,0,270,8,0,0
2,36.56352,0,0,0,270,8,0,0
2,36.57498,0,0,0,270,8,0,0
2,36.58617,0,0,0,270,8,0,0
2,36.59759,0,0,0,270,8,0,0
2,36.6158,0,0,0,270,8,0,0
2,36.61969,0,0,0,270,8,0,0
2,36.63096,0,0,0,270,8,0,0
2,36.64224,0,0,0,270,8,0,0
2,36.65395,0,0,0,270,8,0,0
2,36.66435,0,0,0,270,8,0,0
2,36.676,0,0,0,270,8,0,0
2,36.68674,0,0,0,270,8,0,0
2,36.69817,0,0,0,270,8,0,0
2,36.70921,0,0,0,270,8,0,0
2,36.72098,0,0,0,270,8,0,0
2,36.73104,0,0,0,270,8,0,0
2,36.74268,0,0,0,270,8,0,0
2,36.75386,0,0,0,270,8,0,0
2,36.77346,0,0,0,270,8,0,0
2,36.77744,0,0,0,270,8,0,0
2,36.78655,0,0,0,270,8,0,0
2,36.79858,0,0,0,270,8,0,0
2,36.80904,0,0,0,270,8,0,0
2,36.82038,0,0,0,270,8,0,0
2,36.83101,0,0,0,270,8,0,0
2,36.84268,0,0,0,270,8,0,0
2,36.85384,0,0,0,270,8,0,0
2,36.86486,0,0,0,270,8,0,0
2,36.87566,0,0,0,270,8,0,0
2,36.88639,0,0,0,270,8,0,0
2,36.89809,0,0,0,270,8,0,0
2,36.90884,0,0,0,270,8,0,0
2,36.92786,0,0,0,270,8,0,0
2,36.93101,0,0,0,270,8,0,0
2,36.94233,0,0,0,270,8,0,0
2,36.95313,0,0,0,270,8,0,0
2,36.96476,0,0,0,270,8,0,0
2,36.9761,0,0,0,270,8,0,0
2,36.98689,0,0,0,270,8,0,0
2,36.99921,0,0,0,270,8,0,0
2,37.00984,0,0,0,270,8,0,0
2,37.0205,0,0,0,270,8,0,0
2,37.03121,0,0,0,270,8,0,0
2,37.04238,0,0,0,270,8,0,0
2,37.05433,0,0,0,270,8,0,0
2,37.06464,0,0,0,270,8,0,0
2,37.08767,0,0,0,270,8,0,0
2,37.09159,0,0,0,270,8,0,0
2,37.09872,0,0,0,270,8,0,0
2,37.10604,0,0,0,270,8,0,0
2,37.11809,0,0,0,270,8,0,0
2,37.1284,0,0,0,270,8,0,0
2,37.13991,0,0,0,270,8,0,0
2,37.15043,0,0,0,270,8,0,0
2,37.1618,0,0,0,270,8,0,0
2,37.1727,0,0,0,270,8,0,0
2,37.18448,0,0,0,270,8,0,0
2,37.1958,0,0,0,270,8,0,0
2,37.20607,0,0,0,270,8,0,0
2,37.21836,0,0,0,270,8,0,0
2,37.23745,0,0,0,270,8,0,0
2,37.24077,0,0,0,270,8,0,0
2,37.25064,0,0,0,270,8,0,0
2,37.26215,0,0,0,270,8,0,0
2,37.2728,0,0,0,270,8,0,0
2,37.28421,0,0,0,270,8,0,0
2,37.29536,0,0,0,270,8,0,0
2,37.30623,0,0,0,270,8,0,0
2,37.31736,0,0,0,270,8,0,0
2,37.3285,0,0,0,270,8,0,0
2,37.33997,0,0,0,270,8,0,0
2,37.35052,0,0,0,270,8,0,0
2,37.36234,0,0,0,270,8,0,0
2,37.37281,0,0,0,270,8,0,0
2,37.39238,0,0,0,270,8,0,0
2,37.39529,0,0,0,270,8,0,0
2,37.40597,0,0,0,270,8,0,0
2,37.41732,0,0,0,270,8,0,0
2,37.4284,0,0,0,270,8,0,0
2,37.43959,0,0,0,270,8,0,0
2,37.45049,0,0,0,270,8,0,0
2,37.46259,0,0,0,270,8,0,0
2,37.47308,0,0,0,270,8,0,0
2,37.48469,0,0,0,270,8,0,0
2,37.49625,0,0,0,270,8,0,0
2,37.50711,0,0,0,270,8,0,0
2,37.51876,0,0,0,270,8,0,0
2,37.52942,0,0,0,270,8,0,0
2,37.54939,0,0,0,270,8,0,0
2,37.55219,0,0,0,270,8,0,0
2,37.56385,0,0,0,270,8,0,0
2,37.57476,0,0,0,270,8,0,0
2,37.58595,0,0,0,270,8,0,0
2,37.5979,0,0,0,270,8,0,0
2,37.60843,0,0,0,270,8,0,0
2,37.62032,0,0,0,270,8,0,0
2,37.63065,0,0,0,270,8,0,0
2,37.64314,0,0,0,270,8,0,0
2,37.65424,0,0,0,270,8,0,0
2,37.66454,0,0,0,270,8,0,0
2,37.67597,0,0,0,270,8,0,0
2,37.68713,0,0,0,270,8,0,0
2,37.70698,0,0,0,270,8,0,0
2,37.7101,0,0,0,270,8,0,0
2,37.72103,0,0,0,270,8,0,0
2,37.73117,0,0,0,270,8,0,0
2,37.74422,0,0,0,270,8,0,0
2,37.75401,0,0,0,270,8,0,0
2,37.76497,0,0,0,270,8,0,0
2,37.77675,0,0,0,270,8,0,0
2,37.78647,0,0,0,270,8,0,0
2,37.79809,0,0,0,270,8,0,0
2,37.80889,0,0,0,270,8,0,0
2,37.82158,0,0,0,270,8,0,0
2,37.83114,0,0,0,270,8,0,0
2,37.84283,0,0,0,270,8,0,0
2,37.86176,0,0,0,270,8,0,0
2,37.86477,0,0,0,270,8,0,0
2,37.87589,0,0,0,270,8,0,0
2,37.88634,0,0,0,270,8,0,0
2,37.90038,0,0,0,270,8,0,0
2,37.90877,0,0,0,270,8,0,0
2,37.92013,0,0,0,270,8,0,0
2,37.93111,0,0,0,270,8,0,0
2,37.94273,0,0,0,270,8,0,0
2,37.953,0,0,0,270,8,0,0
2,37.96439,0,0,0,270,8,0,0
2,37.97542,0,0,0,270,8,0,0
2,37.98597,0,0,0,270,8,0,0
2,37.99744,0,0,0,270,8,0,0
2,38.01767,0,0,0,270,8,0,0
2,38.02128,0,0,0,270,8,0,0
2,38.03117,0,0,0,270,8,0,0
2,38.04264,0,0,0,270,8,0,0
2,38.0543,0,0,0,270,8,0,0
2,38.06414,0,0,0,270,8,0,0
2,38.0755,0,0,0,270,8,0,0
2,38.08691,0,0,0,270,8,0,0
2,38.09801,0,0,0,270,8,0,0
2,38.10855,0,0,0,270,8,0,0
2,38.12015,0,0,0,270,8,0,0
2,38.13117,0,0,0,270,8,0,0
2,38.14214,0,0,0,270,8,0,0
2,38.15321,0,0,0,270,8,0,0
2,38.17297,0,0,0,270,8,0,0
2,38.17662,0,0,0,270,8,0,0
2,38.18607,0,0,0,270,8,0,0
2,38.19752,0,0,0,270,8,0,0
2,38.20817,0,0,0,270,8,0,0
2,38.22036,0,0,0,270,8,0,0
2,38.23092,0,0,0,270,8,0,0
2,38.24263,0,0,0,270,8,0,0
2,38.25305,0,0,0,270,8,0,0
2,38.26492,0,0,0,270,8,0,0
2,38.27567,0,0,0,270,8,0,0
2,38.28614,0,0,0,270,8,0,0
2,38.29736,0,0,0,270,8,0,0
2,38.30899,0,0,0,270,8,0,0
2,38.32881,0,0,0,270,8,0,0
2,38.33237,0,0,0,270,8,0,0
2,38.34191,0,0,0,270,8,0,0
2,38.35262,0,0,0,270,8,0,0
2,38.36423,0,0,0,270,8,0,0
2,38.37511,0,0,0,270,8,0,0
2,38.38574,0,0,0,270,8,0,0
2,38.39796,0,0,0,270,8,0,0
2,38.40808,0,0,0,270,8,0,0
2,38.41984,0,0,0,270,8,0,0
2,38.43121,0,0,0,270,8,0,0
2,38.44183,0,0,0,270,8,0,0
2,38.45292,0,0,0,270,8,0,0
2,38.46439,0,0,0,270,8,0,0
2,38.48262,0,0,0,270,8,0,0
2,38.486,0,0,0,270,8,0,0
2,38.49768,0,0,0,270,8,0,0
2,38.50895,0,0,0,270,8,0,0
2,38.52067,0,0,0,270,8,0,0
6,38.5325,0,0,0,270,8,0,0
6,38.54208,0,0,0,270,8,0,0
6,38.55268,0,0,0,90.00001,-8,0,0
6,38.56421,0,0,0,90.00001,-8,0,0
6,38.57565,0,0,0,90.00001,-8,0,0
6,38.58683,0,0,0,90.00001,-8,0,0
6,38.59774,0,0,0,90.00001,-8,0,0
6,38.6082,0,0,0,90.00001,-8,0,0
6,38.62024,0,0,0,90.00001,-8,0,0
6,38.63947,0,0,0,90.00001,-8,0,0
6,38.65216,0,0,0,90.00001,-8,0,0
6,38.66691,0,0,0,90.00001,-8,0,0
6,38.68193,0,0,0,90.00001,-8,0,0
6,38.68788,0,0,0,90.00001,-8,0,0
6,38.69473,0,0,0,90.00001,-8,0,0
6,38.70356,0,0,0,90.00001,-8,0,0
6,38.71462,0,0,0,90.00001,-8,0,0
6,38.72552,0,0,0,90.00001,-8,0,0
6,38.73679,0,0,0,90.00001,-8,0,0
6,38.74724,0,0,0,90.00001,-8,0,0
6,38.75896,0,0,0,90.00001,-8,0,0
6,38.76953,0,0,0,90.00001,-8,0,0
6,38.78127,0,0,0,90.00001,-8,0,0
6,38.80102,0,0,0,90.00001,-8,0,0
6,38.80487,0,0,0,90.00001,-8,0,0
6,38.81482,0,0,0,90.00001,-8,0,0
6,38.82533,0,0,0,90.00001,-8,0,0
6,38.83705,0,0,0,90.00001,-8,0,0
6,38.84743,0,0,0,90.00001,-8,0,0
6,38.85852,0,0,0,90.00001,-8,0,0
6,38.86946,0,0,0,90.00001,-8,0,0
6,38.88113,0,0,0,90.00001,-8,0,0
6,38.89166,0,0,0,90.00001,-8,0,0
6,38.90337,0,0,0,90.00001,-8,0,0
6,38.91417,0,0,0,90.00001,-8,0,0
6,38.92499,0,0,0,90.00001,-8,0,0
6,38.93718,0,0,0,90.00001,-8,0,0
6,38.9558,0,0,0,90.00001,-8,0,0
6,38.95907,0,0,0,90.00001,-8,0,0
6,38.96974,0,0,0,90.00001,-8,0,0
6,38.98092,0,0,0,90.00001,-8,0,0
6,38.99172,0,0,0,90.00001,-8,0,0
6,39.00349,0,0,0,90.00001,-8,0,0
6,39.01442,0,0,0,90.00001,-8,0,0
6,39.02595,0,0,0,90.00001,-8,0,0
6,39.03782,0,0,0,90.00001,-8,0,0
6,39.04895,0,0,0,90.00001,-8,0,0
6,39.06028,0,0,0,90.00001,-8,0,0
6,39.07076,0,0,0,90.00001,-8,0,0
6,39.0826,0,0,0,90.00001,-8,0,0
6,39.0934,0,0,0,90.00001,-8,0,0
6,39.11755,0,0,0,90.00001,-8,0,0
6,39.12393,0,0,0,90.00001,-8,0,0
6,39.12878,0,0,0,90.00001,-8,0,0
6,39.13757,0,0,0,90.00001,-8,0,0
6,39.14848,0,0,0,90.00001,-8,0,0
6,39.15939,0,0,0,90.00001,-8,0,0
6,39.16995,0,0,0,90.00001,-8,0,0
6,39.18182,0,0,0,90.00001,-8,0,0
6,39.19227,0,0,0,90.00001,-8,0,0
6,39.20366,0,0,0,90.00001,-8,0,0
6,39.21483,0,0,0,90.00001,-8,0,0
6,39.22541,0,0,0,90.00001,-8,0,0
6,39.23711,0,0,0,90.00001,-8,0,0
6,39.24799,0,0,0,90.00001,-8,0,0
6,39.26836,0,0,0,90.00001,-8,0,0
6,39.27299,0,0,0,90.00001,-8,0,0
6,39.28147,0,0,0,90.00001,-8,0,0
6,39.29213,0,0,0,90.00001,-8,0,0
6,39.30407,0,0,0,90.00001,-8,0,0
6,39.31466,0,0,0,90.00001,-8,0,0
6,39.32534,0,0,0,90.00001,-8,0,0
6,39.33706,0,0,0,90.00001,-8,0,0
6,39.34764,0,0,0,90.00001,-8,0,0
6,39.35928,0,0,0,90.00001,-8,0,0
6,39.37004,0,0,0,90.00001,-8,0,0
6,39.38144,0,0,0,90.00001,-8,0,0
6,39.39238,0,0,0,90.00001,-8,0,0
6,39.404,0,0,0,90.00001,-8,0,0
6,39.42445,0,0,0,90.00001,-8,0,0
6,39.42757,0,0,0,90.00001,-8,0,0
6,39.43704,0,0,0,90.00001,-8,0,0
6,39.44789,0,0,0,90.00001,-8,0,0
6,39.45946,0,0,0,90.00001,-8,0,0
6,39.47006,0,0,0,90.00001,-8,0,0
6,39.48163,0,0,0,90.00001,-8,0,0
6,39.49311,0,0,0,90.00001,-8,0,0
6,39.50438,0,0,0,90.00001,-8,0,0
6,39.5158,0,0,0,90.00001,-8,0,0
6,39.52687,0,0,0,90.00001,-8,0,0
6,39.53828,0,0,0,90.00001,-8,0,0
6,39.54938,0,0,0,90.00001,-8,0,0
6,39.56136,0,0,0,90.00001,-8,0,0
6,39.58013,0,0,0,90.00001,-8,0,0
6,39.58298,0,0,0,90.00001,-8,0,0
6,39.5947,0,0,0,90.00001,-8,0,0
6,39.60572,0,0,0,90.00001,-8,0,0
6,39.61748,0,0,0,90.00001,-8,0,0
6,39.62832,0,0,0,90.00001,-8,0,0
6,39.64071,0,0,0,90.00001,-8,0,0
6,39.65111,0,0,0,90.00001,-8,0,0
6,39.66305,0,0,0,90.00001,-8,0,0
6,39.67445,0,0,0,90.00001,-8,0,0
6,39.68542,0,0,0,90.00001,-8,0,0
6,39.69756,0,0,0,90.00001,-8,0,0
6,39.70749,0,0,0,90.00001,-8,0,0
6,39.71899,0,0,0,90.00001,-8,0,0
6,39.73775,0,0,0,90.00001,-8,0,0
6,39.74103,0,0,0,90.00001,-8,0,0
6,39.75316,0,0,0,90.00001,-8,0,0
6,39.76604,0,0,0,90.00001,-8,0,0
6,39.7751,0,0,0,90.00001,-8,0,0
6,39.78537,0,0,0,90.00001,-8,0,0
6,39.7966,0,0,0,90.00001,-8,0,0
6,39.80784,0,0,0,90.00001,-8,0,0
6,39.81988,0,0,0,90.00001,-8,0,0
6,39.82987,0,0,0,90.00001,-8,0,0
6,39.8412,0,0,0,90.00001,-8,0,0
6,39.85297,0,0,0,90.00001,-8,0,0
6,39.86351,0,0,0,90.00001,-8,0,0
6,39.875,0,0,0,90.00001,-8,0,0
6,39.89328,0,0,0,90.00001,-8,0,0
6,39.89645,0,0,0,90.00001,-8,0,0
6,39.90747,0,0,0,90.00001,-8,0,0
6,39.91882,0,0,0,90.00001,-8,0,0
6,39.93007,0,0,0,90.00001,-8,0,0
6,39.94122,0,0,0,90.00001,-8,0,0
6,39.95211,0,0,0,90.00001,-8,0,0
6,39.96416,0,0,0,90.00001,-8,0,0
6,39.9748,0,0,0,90.00001,-8,0,0
6,39.98555,0,0,0,90.00001,-8,0,0
6,39.9971,0,0,0,90.00001,-8,0,0
6,40.00773,0,0,0,90.00001,-8,0,0
6,40.01898,0,0,0,90.00001,-8,0,0
6,40.03,0,0,0,90.00001,-8,0,0
6,40.04909,0,0,0,90.00001,-8,0,0
6,40.05255,0,0,0,90.00001,-8,0,0
6,40.06355,0,0,0,90.00001,-8,0,0
6,40.0746,0,0,0,90.00001,-8,0,0
6,40.08571,0,0,0,90.00001,-8,0,0
6,40.09773,0,0,0,90.00001,-8,0,0
6,40.10795,0,0,0,90.00001,-8,0,0
6,40.11952,0,0,0,90.00001,-8,0,0
6,40.1302,0,0,0,90.00001,-8,0,0
6,40.14174,0,0,0,90.00001,-8,0,0
6,40.15262,0,0,0,90.00001,-8,0,0
6,40.16357,0,0,0,90.00001,-8,0,0
6,40.17436,0,0,0,90.00001,-8,0,0
6,40.18533,0,0,0,90.00001,-8,0,0
6,40.20673,0,0,0,90.00001,-8,0,0
6,40.20997,0,0,0,90.00001,-8,0,0
6,40.21908,0,0,0,90.00001,-8,0,0
6,40.22905,0,0,0,90.00001,-8,0,0
6,40.24076,0,0,0,90.00001,-8,0,0
6,40.2511,0,0,0,90.00001,-8,0,0
6,40.263,0,0,0,90.00001,-8,0,0
6,40.27437,0,0,0,90.00001,-8,0,0
6,40.2845,0,0,0,90.00001,-8,0,0
6,40.29601,0,0,0,90.00001,-8,0,0
6,40.30693,0,0,0,90.00001,-8,0,0
6,40.31891,0,0,0,90.00001,-8,0,0
6,40.32884,0,0,0,90.00001,-8,0,0
6,40.34052,0,0,0,90.00001,-8,0,0
6,40.36118,0,0,0,90.00001,-8,0,0
6,40.36496,0,0,0,90.00001,-8,0,0
6,40.3734,0,0,0,90.00001,-8,0,0
6,40.38528,0,0,0,90.00001,-8,0,0
6,40.39607,0,0,0,90.00001,-8,0,0
6,40.40652,0,0,0,90.00001,-8,0,0
6,40.41825,0,0,0,90.00001,-8,0,0
6,40.42902,0,0,0,90.00001,-8,0,0
6,40.44038,0,0,0,90.00001,-8,0,0
6,40.45137,0,0,0,90.00001,-8,0,0
6,40.46299,0,0,0,90.00001,-8,0,0
6,40.4733,0,0,0,90.00001,-8,0,0
6,40.48484,0,0,0,90.00001,-8,0,0
6,40.49651,0,0,0,90.00001,-8,0,0
6,40.51571,0,0,0,90.00001,-8,0,0
6,40.51872,0,0,0,90.00001,-8,0,0
6,40.52879,0,0,0,90.00001,-8,0,0
6,40.54005,0,0,0,90.00001,-8,0,0
6,40.55104,0,0,0,90.00001,-8,0,0
6,40.56277,0,0,0,90.00001,-8,0,0
6,40.57329,0,0,0,90.00001,-8,0,0
6,40.58478,0,0,0,90.00001,-8,0,0
6,40.596,0,0,0,90.00001,-8,0,0
6,40.60654,0,0,0,90.00001,-8,0,0
6,40.61829,0,0,0,90.00001,-8,0,0
6,40.6287,0,0,0,90.00001,-8,0,0
6,40.64021,0,0,0,90.00001,-8,0,0
6,40.65132,0,0,0,90.00001,-8,0,0
6,40.67105,0,0,0,90.00001,-8,0,0
6,40.67472,0,0,0,90.00001,-8,0,0
6,40.68475,0,0,0,90.00001,-8,0,0
6,40.6956,0,0,0,90.00001,-8,0,0
6,40.70679,0,0,0,90.00001,-8,0,0
6,40.71812,0,0,0,90.00001,-8,0,0
6,40.72891,0,0,0,90.00001,-8,0,0
6,40.74056,0,0,0,90.00001,-8,0,0
6,40.75155,0,0,0,90.00001,-8,0,0
6,40.76263,0,0,0,90.00001,-8,0,0
6,40.77403,0,0,0,90.00001,-8,0,0
6,40.7849,0,0,0,90.00001,-8,0,0
6,40.79658,0,0,0,90.00001,-8,0,0
6,40.80729,0,0,0,90.00001,-8,0,0
6,40.82576,0,0,0,90.00001,-8,0,0
6,40.82944,0,0,0,90.00001,-8,0,0
6,40.8408,0,0,0,90.00001,-8,0,0
6,40.85132,0,0,0,90.00001,-8,0,0
6,40.86275,0,0,0,90.00001,-8,0,0
6,40.87442,0,0,0,90.00001,-8,0,0
6,40.88463,0,0,0,90.00001,-8,0,0
6,40.89655,0,0,0,90.00001,-8,0,0
6,40.90829,0,0,0,90.00001,-8,0,0
6,40.91833,0,0,0,90.00001,-8,0,0
6,40.92953,0,0,0,90.00001,-8,0,0
6,40.94063,0,0,0,90.00001,-8,0,0
6,40.95139,0,0,0,90.00001,-8,0,0
6,40.96352,0,0,0,90.00001,-8,0,0
6,40.98391,0,0,0,90.00001,-8,0,0
6,40.98704,0,0,0,90.00001,-8,0,0
6,40.99658,0,0,0,90.00001,-8,0,0
6,41.00759,0,0,0,90.00001,-8,0,0
6,41.01856,0,0,0,90.00001,-8,0,0
6,41.02905,0,0,0,90.00001,-8,0,0
6,41.04027,0,0,0,90.00001,-8,0,0
6,41.05165,0,0,0,90.00001,-8,0,0
6,41.06277,0,0,0,90.00001,-8,0,0
6,41.07333,0,0,0,90.00001,-8,0,0
6,41.08479,0,0,0,90.00001,-8,0,0
6,41.09585,0,0,0,90.00001,-8,0,0
6,41.10659,0,0,0,90.00001,-8,0,0
6,41.1188,0,0,0,90.00001,-8,0,0
6,41.14238,0,0,0,90.00001,-8,0,0
6,41.1474,0,0,0,90.00001,-8,0,0
6,41.15183,0,0,0,90.00001,-8,0,0
6,41.15865,0,0,0,90.00001,-8,0,0
6,41.16935,0,0,0,90.00001,-8,0,0
6,41.18099,0,0,0,90.00001,-8,0,0
6,41.19137,0,0,0,90.00001,-8,0,0
6,41.20255,0,0,0,90.00001,-8,0,0
6,41.21396,0,0,0,90.00001,-8,0,0
6,41.22455,0,0,0,90.00001,-8,0,0
6,41.23586,0,0,0,90.00001,-8,0,0
6,41.2471,0,0,0,90.00001,-8,0,0
6,41.25785,0,0,0,90.00001,-8,0,0
6,41.26912,0,0,0,90.00001,-8,0,0
6,41.29055,0,0,0,90.00001,-8,0,0
6,41.29449,0,0,0,90.00001,-8,0,0
6,41.30233,0,0,0,90.00001,-8,0,0
6,41.31324,0,0,0,90.00001,-8,0,0
6,41.32493,0,0,0,90.00001,-8,0,0
6,41.33627,0,0,0,90.00001,-8,0,0
6,41.34659,0,0,0,90.00001,-8,0,0
6,41.35802,0,0,0,90.00001,-8,0,0
6,41.36933,0,0,0,90.00001,-8,0,0
6,41.38037,0,0,0,90.00001,-8,0,0
6,41.39097,0,0,0,90.00001,-8,0,0
6,41.40291,0,0,0,90.00001,-8,0,0
6,41.41388,0,0,0,90.00001,-8,0,0
6,41.42443,0,0,0,90.00001,-8,0,0
6,41.44771,0,0,0,90.00001,-8,0,0
6,41.45129,0,0,0,90.00001,-8,0,0
6,41.45776,0,0,0,90.00001,-8,0,0
6,41.46869,0,0,0,90.00001,-8,0,0
6,41.48007,0,0,0,90.00001,-8,0,0
6,41.49099,0,0,0,90.00001,-8,0,0
6,41.50262,0,0,0,90.00001,-8,0,0
6,41.51415,0,0,0,90.00001,-8,0,0
6,41.52486,0,0,0,90.00001,-8,0,0
6,41.53658,0,0,0,90.00001,-8,0,0
6,41.54787,0,0,0,90.00001,-8,0,0
6,41.55957,0,0,0,90.00001,-8,0,0
6,41.57084,0,0,0,90.00001,-8,0,0
6,41.58224,0,0,0,90.00001,-8,0,0
6,41.60192,0,0,0,90.00001,-8,0,0
6,41.60494,0,0,0,90.00001,-8,0,0
6,41.61573,0,0,0,90.00001,-8,0,0
6,41.62637,0,0,0,90.00001,-8,0,0
6,41.63774,0,0,0,90.00001,-8,0,0
6,41.64889,0,0,0,90.00001,-8,0,0
6,41.65999,0,0,0,90.00001,-8,0,0
6,41.67071,0,0,0,90.00001,-8,0,0
6,41.68227,0,0,0,90.00001,-8,0,0
6,41.69271,0,0,0,90.00001,-8,0,0
6,41.70426,0,0,0,90.00001,-8,0,0
6,41.71542,0,0,0,90.00001,-8,0,0
6,41.72648,0,0,0,90.00001,-8,0,0
6,41.73809,0,0,0,90.00001,-8,0,0
6,41.75763,0,0,0,90.00001,-8,0,0
6,41.76062,0,0,0,90.00001,-8,0,0
6,41.77065,0,0,0,90.00001,-8,0,0
6,41.78255,0,0,0,90.00001,-8,0,0
6,41.79299,0,0,0,90.00001,-8,0,0
6,41.8047,0,0,0,90.00001,-8,0,0
6,41.81586,0,0,0,90.00001,-8,0,0
6,41.8265,0,0,0,90.00001,-8,0,0
6,41.83905,0,0,0,90.00001,-8,0,0
6,41.84939,0,0,0,90.00001,-8,0,0
6,41.86082,0,0,0,90.00001,-8,0,0
6,41.87211,0,0,0,90.00001,-8,0,0
6,41.88314,0,0,0,90.00001,-8,0,0
6,41.89478,0,0,0,90.00001,-8,0,0
6,41.91497,0,0,0,90.00001,-8,0,0
6,41.91789,0,0,0,90.00001,-8,0,0
6,41.92797,0,0,0,90.00001,-8,0,0
6,41.93987,0,0,0,90.00001,-8,0,0
6,41.95044,0,0,0,90.00001,-8,0,0
6,41.96231,0,0,0,90.00001,-8,0,0
6,41.97295,0,0,0,90.00001,-8,0,0
6,41.98476,0,0,0,90.00001,-8,0,0
6,41.99613,0,0,0,90.00001,-8,0,0
6,42.00677,0,0,0,90.00001,-8,0,0
6,42.01837,0,0,0,90.00001,-8,0,0
6,42.02932,0,0,0,90.00001,-8,0,0
6,42.04082,0,0,0,90.00001,-8,0,0
6,42.05131,0,0,0,90.00001,-8,0,0
6,42.07315,0,0,0,90.00001,-8,0,0
6,42.0768,0,0,0,90.00001,-8,0,0
6,42.08448,0,0,0,90.00001,-8,0,0
6,42.09473,0,0,0,90.00001,-8,0,0
6,42.10588,0,0,0,90.00001,-8,0,0
6,42.11663,0,0,0,90.00001,-8,0,0
6,42.12779,0,0,0,90.00001,-8,0,0
6,42.13903,0,0,0,90.00001,-8,0,0
6,42.15035,0,0,0,90.00001,-8,0,0
6,42.16212,0,0,0,90.00001,-8,0,0
6,42.17276,0,0,0,90.00001,-8,0,0
6,42.18476,0,0,0,90.00001,-8,0,0
6,42.19505,0,0,0,90.00001,-8,0,0
6,42.20589,0,0,0,90.00001,-8,0,0
6,42.22593,0,0,0,90.00001,-8,0,0
6,42.22915,0,0,0,90.00001,-8,0,0
6,42.23885,0,0,0,90.00001,-8,0,0
6,42.25015,0,0,0,90.00001,-8,0,0
6,42.26125,0,0,0,90.00001,-8,0,0
6,42.272,0,0,0,90.00001,-8,0,0
6,42.2837,0,0,0,90.00001,-8,0,0
6,42.29446,0,0,0,90.00001,-8,0,0
6,42.30589,0,0,0,90.00001,-8,0,0
6,42.31684,0,0,0,90.00001,-8,0,0
6,42.32755,0,0,0,90.00001,-8,0,0
6,42.33881,0,0,0,90.00001,-8,0,0
6,42.34969,0,0,0,90.00001,-8,0,0
6,42.36125,0,0,0,90.00001,-8,0,0
6,42.38115,0,0,0,90.00001,-8,0,0
6,42.38443,0,0,0,90.00001,-8,0,0
6,42.39474,0,0,0,90.00001,-8,0,0
6,42.4053,0,0,0,90.00001,-8,0,0
6,42.41695,0,0,0,90.00001,-8,0,0
6,42.4278,0,0,0,90.00001,-8,0,0
6,42.43885,0,0,0,90.00001,-8,0,0
6,42.44986,0,0,0,90.00001,-8,0,0
6,42.46181,0,0,0,90.00001,-8,0,0
6,42.47249,0,0,0,90.00001,-8,0,0
6,42.48428,0,0,0,90.00001,-8,0,0
6,42.49492,0,0,0,90.00001,-8,0,0
6,42.50603,0,0,0,90.00001,-8,0,0
6,42.51754,0,0,0,90.00001,-8,0,0
6,42.5363,0,0,0,90.00001,-8,0,0
6,42.53928,0,0,0,90.00001,-8,0,0
6,42.55097,0,0,0,90.00001,-8,0,0
6,42.56221,0,0,0,90.00001,-8,0,0
6,42.57298,0,0,0,90.00001,-8,0,0
6,42.58447,0,0,0,90.00001,-8,0,0
6,42.59582,0,0,0,90.00001,-8,0,0
6,42.60643,0,0,0,90.00001,-8,0,0
6,42.61769,0,0,0,90.00001,-8,0,0
6,42.62842,0,0,0,90.00001,-8,0,0
6,42.6397,0,0,0,90.00001,-8,0,0
6,42.65084,0,0,0,90.00001,-8,0,0
6,42.662,0,0,0,90.00001,-8,0,0
6,42.67315,0,0,0,90.00001,-8,0,0
6,42.69255,0,0,0,90.00001,-8,0,0
6,42.69585,0,0,0,90.00001,-8,0,0
6,42.70608,0,0,0,90.00001,-8,0,0
6,42.71791,0,0,0,90.00001,-8,0,0
6,42.72822,0,0,0,90.00001,-8,0,0
6,42.74108,0,0,0,90.00001,-8,0,0
6,42.75105,0,0,0,90.00001,-8,0,0
6,42.76215,0,0,0,90.00001,-8,0,0
6,42.77327,0,0,0,90.00001,-8,0,0
6,42.78448,0,0,0,90.00001,-8,0,0
6,42.79518,0,0,0,90.00001,-8,0,0
6,42.80724,0,0,0,90.00001,-8,0,0
6,42.81787,0,0,0,90.00001,-8,0,0
6,42.82862,0,0,0,90.00001,-8,0,0
6,42.84909,0,0,0,90.00001,-8,0,0
6,42.85272,0,0,0,90.00001,-8,0,0
6,42.86216,0,0,0,90.00001,-8,0,0
6,42.87306,0,0,0,90.00001,-8,0,0
6,42.88442,0,0,0,90.00001,-8,0,0
6,42.89536,0,0,0,90.00001,-8,0,0
6,42.90599,0,0,0,90.00001,-8,0,0
6,42.91761,0,0,0,90.00001,-8,0,0
6,42.92815,0,0,0,90.00001,-8,0,0
6,42.93973,0,0,0,90.00001,-8,0,0
6,42.9506,0,0,0,90.00001,-8,0,0
6,42.96195,0,0,0,90.00001,-8,0,0
6,42.97271,0,0,0,90.00001,-8,0,0
6,42.98455,0,0,0,90.00001,-8,0,0
6,43.00281,0,0,0,90.00001,-8,0,0
6,43.00644,0,0,0,90.00001,-8,0,0
6,43.01742,0,0,0,90.00001,-8,0,0
6,43.02849,0,0,0,90.00001,-8,0,0
6,43.04061,0,0,0,90.00001,-8,0,0
6,43.05069,0,0,0,90.00001,-8,0,0
6,43.06267,0,0,0,90.00001,-8,0,0
6,43.07292,0,0,0,90.00001,-8,0,0
6,43.08424,0,0,0,90.00001,-8,0,0
6,43.0953,0,0,0,90.00001,-8,0,0
6,43.10596,0,0,0,90.00001,-8,0,0
6,43.11789,0,0,0,90.00001,-8,0,0
6,43.12833,0,0,0,90.00001,-8,0,0
6,43.13979,0,0,0,90.00001,-8,0,0
6,43.15982,0,0,0,90.00001,-8,0,0
6,43.16372,0,0,0,90.00001,-8,0,0
6,43.1728,0,0,0,90.00001,-8,0,0
6,43.18446,0,0,0,90.00001,-8,0,0
6,43.19589,0,0,0,90.00001,-8,0,0
6,43.20642,0,0,0,90.00001,-8,0,0
6,43.21861,0,0,0,90.00001,-8,0,0
6,43.22857,0,0,0,90.00001,-8,0,0
6,43.24001,0,0,0,90.00001,-8,0,0
6,43.25042,0,0,0,90.00001,-8,0,0
6,43.26225,0,0,0,90.00001,-8,0,0
6,43.27327,0,0,0,90.00001,-8,0,0
6,43.28498,0,0,0,90.00001,-8,0,0
6,43.29571,0,0,0,90.00001,-8,0,0
6,43.31746,0,0,0,90.00001,-8,0,0
6,43.32158,0,0,0,90.00001,-8,0,0
6,43.32831,0,0,0,90.00001,-8,0,0
6,43.33779,0,0,0,90.00001,-8,0,0
6,43.34797,0,0,0,90.00001,-8,0,0
6,43.35933,0,0,0,90.00001,-8,0,0
6,43.3704,0,0,0,90.00001,-8,0,0
6,43.38274,0,0,0,90.00001,-8,0,0
6,43.39249,0,0,0,90.00001,-8,0,0
6,43.40407,0,0,0,90.00001,-8,0,0
6,43.41521,0,0,0,90.00001,-8,0,0
6,43.42614,0,0,0,90.00001,-8,0,0
6,43.43755,0,0,0,90.00001,-8,0,0
6,43.44802,0,0,0,90.00001,-8,0,0
6,43.4681,0,0,0,90.00001,-8,0,0
6,43.47121,0,0,0,90.00001,-8,0,0
6,43.4819,0,0,0,90.00001,-8,0,0
6,43.49321,0,0,0,90.00001,-8,0,0
6,43.50383,0,0,0,90.00001,-8,0,0
6,43.51498,0,0,0,90.00001,-8,0,0
6,43.52633,0,0,0,90.00001,-8,0,0
6,43.53746,0,0,0,90.00001,-8,0,0
6,43.54795,0,0,0,90.00001,-8,0,0
6,43.55927,0,0,0,90.00001,-8,0,0
6,43.57029,0,0,0,90.00001,-8,0,0
6,43.58162,0,0,0,90.00001,-8,0,0
6,43.59228,0,0,0,90.00001,-8,0,0
6,43.60429,0,0,0,90.00001,-8,0,0
6,43.62446,0,0,0,90.00001,-8,0,0
6,43.62752,0,0,0,90.00001,-8,0,0
6,43.63749,0,0,0,90.00001,-8,0,0
6,43.6494,0,0,0,90.00001,-8,0,0
6,43.65959,0,0,0,90.00001,-8,0,0
6,43.67015,0,0,0,90.00001,-8,0,0
6,43.68207,0,0,0,90.00001,-8,0,0
6,43.69247,0,0,0,90.00001,-8,0,0
6,43.7042,0,0,0,90.00001,-8,0,0
6,43.71535,0,0,0,90.00001,-8,0,0
6,43.72657,0,0,0,90.00001,-8,0,0
6,43.73817,0,0,0,90.00001,-8,0,0
6,43.74885,0,0,0,90.00001,-8,0,0
6,43.76099,0,0,0,90.00001,-8,0,0
6,43.78253,0,0,0,90.00001,-8,0,0
6,43.78609,0,0,0,90.00001,-8,0,0
6,43.79447,0,0,0,90.00001,-8,0,0
6,43.80767,0,0,0,90.00001,-8,0,0
6,43.82027,0,0,0,90.00001,-8,0,0
6,43.8266,0,0,0,90.00001,-8,0,0
6,43.83838,0,0,0,90.00001,-8,0,0
6,43.84895,0,0,0,90.00001,-8,0,0
6,43.86043,0,0,0,90.00001,-8,0,0
6,43.87116,0,0,0,90.00001,-8,0,0
6,43.88266,0,0,0,90.00001,-8,0,0
6,43.89418,0,0,0,90.00001,-8,0,0
6,43.90504,0,0,0,90.00001,-8,0,0
6,43.91663,0,0,0,90.00001,-8,0,0
6,43.93592,0,0,0,90.00001,-8,0,0
6,43.93865,0,0,0,90.00001,-8,0,0
6,43.94902,0,0,0,90.00001,-8,0,0
6,43.96048,0,0,0,90.00001,-8,0,0
6,43.97096,0,0,0,90.00001,-8,0,0
6,43.9828,0,0,0,90.00001,-8,0,0
6,43.99339,0,0,0,90.00001,-8,0,0
6,44.00483,0,0,0,90.00001,-8,0,0
6,44.0159,0,0,0,90.00001,-8,0,0
6,44.02721,0,0,0,90.00001,-8,0,0
6,44.03855,0,0,0,90.00001,-8,0,0
6,44.04914,0,0,0,90.00001,-8,0,0
6,44.06059,0,0,0,90.00001,-8,0,0
6,44.07097,0,0,0,90.00001,-8,0,0
6,44.09009,0,0,0,90.00001,-8,0,0
6,44.09324,0,0,0,90.00001,-8,0,0
6,44.10487,0,0,0,90.00001,-8,0,0
6,44.11568,0,0,0,90.00001,-8,0,0
6,44.12651,0,0,0,90.00001,-8,0,0
6,44.13834,0,0,0,90.00001,-8,0,0
6,44.14915,0,0,0,90.00001,-8,0,0
6,44.16034,0,0,0,90.00001,-8,0,0
6,44.17118,0,0,0,90.00001,-8,0,0
6,44.18372,0,0,0,90.00001,-8,0,0
6,44.19402,0,0,0,90.00001,-8,0,0
6,44.20544,0,0,0,90.00001,-8,0,0
6,44.21675,0,0,0,90.00001,-8,0,0
6,44.22784,0,0,0,90.00001,-8,0,0
6,44.25056,0,0,0,90.00001,-8,0,0
6,44.2551,0,0,0,90.00001,-8,0,0
6,44.26136,0,0,0,90.00001,-8,0,0
6,44.26971,0,0,0,90.00001,-8,0,0
6,44.28102,0,0,0,90.00001,-8,0,0
6,44.29193,0,0,0,90.00001,-8,0,0
6,44.30327,0,0,0,90.00001,-8,0,0
6,44.31457,0,0,0,90.00001,-8,0,0
6,44.32515,0,0,0,90.00001,-8,0,0
6,44.33716,0,0,0,90.00001,-8,0,0
6,44.34786,0,0,0,90.00001,-8,0,0
6,44.35887,0,0,0,90.00001,-8,0,0
6,44.37011,0,0,0,90.00001,-8,0,0
6,44.38123,0,0,0,90.00001,-8,0,0
6,44.40039,0,0,0,90.00001,-8,0,0
6,44.40355,0,0,0,90.00001,-8,0,0
6,44.41474,0,0,0,90.00001,-8,0,0
6,44.42508,0,0,0,90.00001,-8,0,0
6,44.43658,0,0,0,90.00001,-8,0,0
6,44.44751,0,0,0,90.00001,-8,0,0
6,44.4586,0,0,0,90.00001,-8,0,0
6,44.46952,0,0,0,90.00001,-8,0,0
6,44.48148,0,0,0,90.00001,-8,0,0
6,44.49203,0,0,0,90.00001,-8,0,0
6,44.50331,0,0,0,90.00001,-8,0,0
6,44.51448,0,0,0,90.00001,-8,0,0
6,44.52503,0,0,0,90.00001,-8,0,0
6,44.53683,0,0,0,90.00001,-8,0,0
6,44.556,0,0,0,90.00001,-8,0,0
6,44.55955,0,0,0,90.00001,-8,0,0
6,44.56996,0,0,0,90.00001,-8,0,0
6,44.58107,0,0,0,90.00001,-8,0,0
6,44.59193,0,0,0,90.00001,-8,0,0
6,44.60301,0,0,0,90.00001,-8,0,0
6,44.61411,0,0,0,90.00001,-8,0,0
6,44.62529,0,0,0,90.00001,-8,0,0
6,44.63681,0,0,0,90.00001,-8,0,0
6,44.64859,0,0,0,90.00001,-8,0,0
6,44.65947,0,0,0,90.00001,-8,0,0
6,44.67023,0,0,0,90.00001,-8,0,0
6,44.6824,0,0,0,90.00001,-8,0,0
6,44.69294,0,0,0,90.00001,-8,0,0
6,44.7126,0,0,0,90.00001,-8,0,0
6,44.71575,0,0,0,90.00001,-8,0,0
6,44.72657,0,0,0,90.00001,-8,0,0
6,44.73822,0,0,0,90.00001,-8,0,0
6,44.74926,0,0,0,90.00001,-8,0,0
6,44.76064,0,0,0,90.00001,-8,0,0
6,44.7724,0,0,0,90.00001,-8,0,0
6,44.78383,0,0,0,90.00001,-8,0,0
6,44.79462,0,0,0,90.00001,-8,0,0
6,44.806,0,0,0,90.00001,-8,0,0
6,44.8166,0,0,0,90.00001,-8,0,0
6,44.82745,0,0,0,90.00001,-8,0,0
6,44.83898,0,0,0,90.00001,-8,0,0
6,44.84971,0,0,0,90.00001,-8,0,0
6,44.86881,0,0,0,90.00001,-8,0,0
6,44.87246,0,0,0,90.00001,-8,0,0
6,44.88326,0,0,0,90.00001,-8,0,0
6,44.89429,0,0,0,90.00001,-8,0,0
6,44.9058,0,0,0,90.00001,-8,0,0
6,44.91663,0,0,0,90.00001,-8,0,0
6,44.92743,0,0,0,90.00001,-8,0,0
6,44.93893,0,0,0,90.00001,-8,0,0
6,44.94954,0,0,0,90.00001,-8,0,0
6,44.96144,0,0,0,90.00001,-8,0,0
6,44.97179,0,0,0,90.00001,-8,0,0
6,44.9833,0,0,0,90.00001,-8,0,0
6,44.99461,0,0,0,90.00001,-8,0,0
6,45.00535,0,0,0,90.00001,-8,0,0
6,45.02572,0,0,0,90.00001,-8,0,0
6,45.02898,0,0,0,90.00001,-8,0,0
6,45.03929,0,0,0,90.00001,-8,0,0
6,45.04986,0,0,0,90.00001,-8,0,0
6,45.06097,0,0,0,90.00001,-8,0,0
6,45.07203,0,0,0,90.00001,-8,0,0
6,45.08378,0,0,0,90.00001,-8,0,0
6,45.09493,0,0,0,90.00001,-8,0,0
6,45.10531,0,0,0,90.00001,-8,0,0
6,45.1168,0,0,0,90.00001,-8,0,0
6,45.12752,0,0,0,90.00001,-8,0,0
6,45.13897,0,0,0,90.00001,-8,0,0
6,45.15032,0,0,0,90.00001,-8,0,0
6,45.16131,0,0,0,90.00001,-8,0,0
6,45.18242,0,0,0,90.00001,-8,0,0
6,45.18637,0,0,0,90.00001,-8,0,0
6,45.19422,0,0,0,90.00001,-8,0,0
6,45.20403,0,0,0,90.00001,-8,0,0
6,45.21606,0,0,0,90.00001,-8,0,0
6,45.22627,0,0,0,90.00001,-8,0,0
6,45.23779,0,0,0,90.00001,-8,0,0
6,45.24886,0,0,0,90.00001,-8,0,0
6,45.26082,0,0,0,90.00001,-8,0,0
6,45.27105,0,0,0,90.00001,-8,0,0
6,45.28301,0,0,0,90.00001,-8,0,0
6,45.29388,0,0,0,90.00001,-8,0,0
6,45.30418,0,0,0,90.00001,-8,0,0
6,45.31552,0,0,0,90.00001,-8,0,0
6,45.33506,0,0,0,90.00001,-8,0,0
6,45.33824,0,0,0,90.00001,-8,0,0
6,45.34841,0,0,0,90.00001,-8,0,0
6,45.35988,0,0,0,90.00001,-8,0,0
6,45.37114,0,0,0,90.00001,-8,0,0
6,45.38237,0,0,0,90.00001,-8,0,0
6,45.39277,0,0,0,90.00001,-8,0,0
6,45.40435,0,0,0,90.00001,-8,0,0
6,45.41576,0,0,0,90.00001,-8,0,0
6,45.42657,0,0,0,90.00001,-8,0,0
6,45.43803,0,0,0,90.00001,-8,0,0
6,45.44882,0,0,0,90.00001,-8,0,0
6,45.45979,0,0,0,90.00001,-8,0,0
6,45.47087,0,0,0,90.00001,-8,0,0
6,45.491,0,0,0,90.00001,-8,0,0
6,45.49502,0,0,0,90.00001,-8,0,0
6,45.50381,0,0,0,90.00001,-8,0,0
6,45.51543,0,0,0,90.00001,-8,0,0
6,45.5262,0,0,0,90.00001,-8,0,0
6,45.53861,0,0,0,90.00001,-8,0,0
6,45.54844,0,0,0,90.00001,-8,0,0
6,45.56084,0,0,0,90.00001,-8,0,0
6,45.5708,0,0,0,90.00001,-8,0,0
6,45.58265,0,0,0,90.00001,-8,0,0
6,45.59335,0,0,0,90.00001,-8,0,0
6,45.60529,0,0,0,90.00001,-8,0,0
6,45.61663,0,0,0,90.00001,-8,0,0
6,45.62708,0,0,0,90.00001,-8,0,0
6,45.64713,0,0,0,90.00001,-8,0,0
6,45.65034,0,0,0,90.00001,-8,0,0
6,45.66053,0,0,0,90.00001,-8,0,0
6,45.67136,0,0,0,90.00001,-8,0,0
6,45.683,0,0,0,90.00001,-8,0,0
6,45.6939,0,0,0,90.00001,-8,0,0
6,45.70491,0,0,0,90.00001,-8,0,0
6,45.71625,0,0,0,90.00001,-8,0,0
6,45.72707,0,0,0,90.00001,-8,0,0
6,45.73862,0,0,0,90.00001,-8,0,0
6,45.7494,0,0,0,90.00001,-8,0,0
6,45.76083,0,0,0,90.00001,-8,0,0
6,45.77177,0,0,0,90.00001,-8,0,0
6,45.78284,0,0,0,90.00001,-8,0,0
6,45.80242,0,0,0,90.00001,-8,0,0
6,45.80597,0,0,0,90.00001,-8,0,0
6,45.81631,0,0,0,90.00001,-8,0,0
6,45.82751,0,0,0,90.00001,-8,0,0
6,45.83941,0,0,0,90.00001,-8,0,0
6,45.85004,0,0,0,90.00001,-8,0,0
6,45.86063,0,0,0,90.00001,-8,0,0
6,45.87152,0,0,0,90.00001,-8,0,0
6,45.88311,0,0,0,90.00001,-8,0,0
6,45.89384,0,0,0,90.00001,-8,0,0
6,45.90498,0,0,0,90.00001,-8,0,0
6,45.91627,0,0,0,90.00001,-8,0,0
6,45.92715,0,0,0,90.00001,-8,0,0
6,45.93899,0,0,0,90.00001,-8,0,0
6,45.95675,0,0,0,90.00001,-8,0,0
6,45.96025,0,0,0,90.00001,-8,0,0
6,45.9713,0,0,0,90.00001,-8,0,0
6,45.98288,0,0,0,90.00001,-8,0,0
6,45.99453,0,0,0,90.00001,-8,0,0
6,46.00464,0,0,0,90.00001,-8,0,0
6,46.01625,0,0,0,90.00001,-8,0,0
6,46.02694,0,0,0,90.00001,-8,0,0
6,46.03883,0,0,0,90.00001,-8,0,0
6,46.04939,0,0,0,90.00001,-8,0,0
6,46.0615,0,0,0,90.00001,-8,0,0
6,46.07144,0,0,0,90.00001,-8,0,0
6,46.08275,0,0,0,90.00001,-8,0,0
6,46.09406,0,0,0,90.00001,-8,0,0
6,46.11238,0,0,0,90.00001,-8,0,0
6,46.11636,0,0,0,90.00001,-8,0,0
6,46.12693,0,0,0,90.00001,-8,0,0
6,46.13874,0,0,0,90.00001,-8,0,0
6,46.14935,0,0,0,90.00001,-8,0,0
6,46.16063,0,0,0,90.00001,-8,0,0
6,46.17142,0,0,0,90.00001,-8,0,0
6,46.1827,0,0,0,90.00001,-8,0,0
6,46.19424,0,0,0,90.00001,-8,0,0
6,46.20464,0,0,0,90.00001,-8,0,0
6,46.2166,0,0,0,90.00001,-8,0,0
6,46.22718,0,0,0,90.00001,-8,0,0
6,46.23879,0,0,0,90.00001,-8,0,0
6,46.25006,0,0,0,90.00001,-8,0,0
6,46.27344,0,0,0,90.00001,-8,0,0
6,46.27743,0,0,0,90.00001,-8,0,0
6,46.28257,0,0,0,90.00001,-8,0,0
6,46.29003,0,0,0,90.00001,-8,0,0
6,46.30183,0,0,0,90.00001,-8,0,0
6,46.31258,0,0,0,90.00001,-8,0,0
6,46.32435,0,0,0,90.00001,-8,0,0
6,46.33475,0,0,0,90.00001,-8,0,0
6,46.34548,0,0,0,90.00001,-8,0,0
6,46.3571,0,0,0,90.00001,-8,0,0
6,46.36787,0,0,0,90.00001,-8,0,0
6,46.37969,0,0,0,90.00001,-8,0,0
6,46.39016,0,0,0,90.00001,-8,0,0
6,46.40218,0,0,0,90.00001,-8,0,0
6,46.42217,0,0,0,90.00001,-8,0,0
6,46.42551,0,0,0,90.00001,-8,0,0
6,46.43556,0,0,0,90.00001,-8,0,0
6,46.44616,0,0,0,90.00001,-8,0,0
6,46.45704,0,0,0,90.00001,-8,0,0
6,46.46822,0,0,0,90.00001,-8,0,0
6,46.47926,0,0,0,90.00001,-8,0,0
6,46.49002,0,0,0,90.00001,-8,0,0
6,46.50191,0,0,0,90.00001,-8,0,0
6,46.51223,0,0,0,90.00001,-8,0,0
6,46.52369,0,0,0,90.00001,-8,0,0
6,46.5349,0,0,0,90.00001,-8,0,0
6,46.54557,0,0,0,90.00001,-8,0,0
6,46.55703,0,0,0,90.00001,-8,0,0
6,46.57571,0,0,0,90.00001,-8,0,0
6,46.57875,0,0,0,90.00001,-8,0,0
6,46.59004,0,0,0,90.00001,-8,0,0
6,46.60153,0,0,0,90.00001,-8,0,0
6,46.61215,0,0,0,90.00001,-8,0,0
6,46.62399,0,0,0,90.00001,-8,0,0
6,46.63537,0,0,0,90.00001,-8,0,0
6,46.64581,0,0,0,90.00001,-8,0,0
6,46.6581,0,0,0,90.00001,-8,0,0
6,46.66824,0,0,0,90.00001,-8,0,0
6,46.68037,0,0,0,90.00001,-8,0,0
6,46.69126,0,0,0,90.00001,-8,0,0
6,46.70294,0,0,0,90.00001,-8,0,0
6,46.71415,0,0,0,90.00001,-8,0,0
6,46.73229,0,0,0,90.00001,-8,0,0
6,46.73653,0,0,0,90.00001,-8,0,0
6,46.7476,0,0,0,90.00001,-8,0,0
6,46.75921,0,0,0,90.00001,-8,0,0
6,46.77008,0,0,0,90.00001,-8,0,0
6,46.78157,0,0,0,90.00001,-8,0,0
6,46.79268,0,0,0,90.00001,-8,0,0
6,46.805,0,0,0,90.00001,-8,0,0
6,46.81574,0,0,0,90.00001,-8,0,0
6,46.8266,0,0,0,90.00001,-8,0,0
6,46.8382,0,0,0,90.00001,-8,0,0
6,46.84862,0,0,0,90.00001,-8,0,0
6,46.86034,0,0,0,90.00001,-8,0,0
6,46.87156,0,0,0,90.00001,-8,0,0
6,46.89109,0,0,0,90.00001,-8,0,0
6,46.89421,0,0,0,90.00001,-8,0,0
6,46.90415,0,0,0,90.00001,-8,0,0
6,46.9158,0,0,0,90.00001,-8,0,0
6,46.92648,0,0,0,90.00001,-8,0,0
6,46.938,0,0,0,90.00001,-8,0,0
6,46.94897,0,0,0,90.00001,-8,0,0
6,46.9607,0,0,0,90.00001,-8,0,0
6,46.97088,0,0,0,90.00001,-8,0,0
6,46.9822,0,0,0,90.00001,-8,0,0
6,46.99303,0,0,0,90.00001,-8,0,0
6,47.0046,0,0,0,90.00001,-8,0,0
6,47.01587,0,0,0,90.00001,-8,0,0
6,47.02647,0,0,0,90.00001,-8,0,0
6,47.04787,0,0,0,90.00001,-8,0,0
6,47.05148,0,0,0,90.00001,-8,0,0
6,47.06018,0,0,0,90.00001,-8,0,0
6,47.07062,0,0,0,90.00001,-8,0,0
6,47.08188,0,0,0,90.00001,-8,0,0
6,47.09238,0,0,0,90.00001,-8,0,0
6,47.10383,0,0,0,90.00001,-8,0,0
6,47.11485,0,0,0,90.00001,-8,0,0
6,47.12578,0,0,0,90.00001,-8,0,0
6,47.13726,0,0,0,90.00001,-8,0,0
6,47.14807,0,0,0,90.00001,-8,0,0
6,47.15982,0,0,0,90.00001,-8,0,0
6,47.17043,0,0,0,90.00001,-8,0,0
6,47.18225,0,0,0,90.00001,-8,0,0
6,47.20204,0,0,0,90.00001,-8,0,0
6,47.20541,0,0,0,90.00001,-8,0,0
6,47.2149,0,0,0,90.00001,-8,0,0
6,47.22549,0,0,0,90.00001,-8,0,0
6,47.23735,0,0,0,90.00001,-8,0,0
6,47.2479,0,0,0,90.00001,-8,0,0
6,47.2595,0,0,0,90.00001,-8,0,0
6,47.2705,0,0,0,90.00001,-8,0,0
6,47.28178,0,0,0,90.00001,-8,0,0
6,47.29227,0,0,0,90.00001,-8,0,0
6,47.30436,0,0,0,90.00001,-8,0,0
6,47.31483,0,0,0,90.00001,-8,0,0
6,47.32588,0,0,0,90.00001,-8,0,0
6,47.33781,0,0,0,90.00001,-8,0,0
6,47.35802,0,0,0,90.00001,-8,0,0
6,47.36143,0,0,0,90.00001,-8,0,0
6,47.37061,0,0,0,90.00001,-8,0,0
6,47.38194,0,0,0,90.00001,-8,0,0
6,47.39237,0,0,0,90.00001,-8,0,0
6,47.40378,0,0,0,90.00001,-8,0,0
6,47.41517,0,0,0,90.00001,-8,0,0
6,47.42593,0,0,0,90.00001,-8,0,0
6,47.43773,0,0,0,90.00001,-8,0,0
6,47.44834,0,0,0,90.00001,-8,0,0
6,47.4606,0,0,0,90.00001,-8,0,0
6,47.47058,0,0,0,90.00001,-8,0,0
6,47.48218,0,0,0,90.00001,-8,0,0
6,47.4931,0,0,0,90.00001,-8,0,0
6,47.51532,0,0,0,90.00001,-8,0,0
6,47.51919,0,0,0,90.00001,-8,0,0
6,47.52657,0,0,0,90.00001,-8,0,0
6,47.53595,0,0,0,90.00001,-8,0,0
6,47.54657,0,0,0,90.00001,-8,0,0
6,47.55806,0,0,0,90.00001,-8,0,0
6,47.56891,0,0,0,90.00001,-8,0,0
6,47.58053,0,0,0,90.00001,-8,0,0
6,47.59122,0,0,0,90.00001,-8,0,0
6,47.60298,0,0,0,90.00001,-8,0,0
6,47.61337,0,0,0,90.00001,-8,0,0
6,47.62482,0,0,0,90.00001,-8,0,0
6,47.63595,0,0,0,90.00001,-8,0,0
6,47.64668,0,0,0,90.00001,-8,0,0
6,47.666,0,0,0,90.00001,-8,0,0
6,47.66882,0,0,0,90.00001,-8,0,0
6,47.68045,0,0,0,90.00001,-8,0,0
6,47.69089,0,0,0,90.00001,-8,0,0
6,47.70222,0,0,0,90.00001,-8,0,0
6,47.71387,0,0,0,90.00001,-8,0,0
6,47.72437,0,0,0,90.00001,-8,0,0
6,47.73555,0,0,0,90.00001,-8,0,0
6,47.7469,0,0,0,90.00001,-8,0,0
6,47.7581,0,0,0,90.00001,-8,0,0
6,47.76848,0,0,0,90.00001,-8,0,0
6,47.77992,0,0,0,90.00001,-8,0,0
6,47.79116,0,0,0,90.00001,-8,0,0
6,47.80251,0,0,0,90.00001,-8,0,0
6,47.82115,0,0,0,90.00001,-8,0,0
6,47.82447,0,0,0,90.00001,-8,0,0
6,47.83641,0,0,0,90.00001,-8,0,0
6,47.84635,0,0,0,90.00001,-8,0,0
6,47.85801,0,0,0,90.00001,-8,0,0
6,47.86905,0,0,0,90.00001,-8,0,0
6,47.88052,0,0,0,90.00001,-8,0,0
6,47.89103,0,0,0,90.00001,-8,0,0
6,47.90249,0,0,0,90.00001,-8,0,0
6,47.91425,0,0,0,90.00001,-8,0,0
6,47.92506,0,0,0,90.00001,-8,0,0
6,47.93645,0,0,0,90.00001,-8,0,0
6,47.94736,0,0,0,90.00001,-8,0,0
6,47.95955,0,0,0,90.00001,-8,0,0
6,47.98795,0,0,0,90.00001,-8,0,0
6,47.99172,0,0,0,90.00001,-8,0,0
6,47.99625,0,0,0,90.00001,-8,0,0
6,47.99972,0,0,0,90.00001,-8,0,0
6,48.01009,0,0,0,90.00001,-8,0,0
6,48.02164,0,0,0,90.00001,-8,0,0
6,48.03215,0,0,0,90.00001,-8,0,0
6,48.04369,0,0,0,90.00001,-8,0,0
6,48.05474,0,0,0,90.00001,-8,0,0
6,48.06561,0,0,0,90.00001,-8,0,0
6,48.07706,0,0,0,90.00001,-8,0,0
6,48.08778,0,0,0,90.00001,-8,0,0
6,48.0999,0,0,0,90.00001,-8,0,0
6,48.11012,0,0,0,90.00001,-8,0,0
6,48.13105,0,0,0,90.00001,-8,0,0
6,48.13561,0,0,0,90.00001,-8,0,0
6,48.14359,0,0,0,90.00001,-8,0,0
6,48.15459,0,0,0,90.00001,-8,0,0
6,48.16555,0,0,0,90.00001,-8,0,0
6,48.17667,0,0,0,90.00001,-8,0,0
6,48.18747,0,0,0,90.00001,-8,0,0
6,48.19896,0,0,0,90.00001,-8,0,0
6,48.21038,0,0,0,90.00001,-8,0,0
6,48.22121,0,0,0,90.00001,-8,0,0
6,48.23201,0,0,0,90.00001,-8,0,0
6,48.24449,0,0,0,90.00001,-8,0,0
6,48.25463,0,0,0,90.00001,-8,0,0
6,48.26625,0,0,0,90.00001,-8,0,0
6,48.28524,0,0,0,90.00001,-8,0,0
6,48.28923,0,0,0,90.00001,-8,0,0
6,48.29903,0,0,0,90.00001,-8,0,0
6,48.30978,0,0,0,90.00001,-8,0,0
6,48.32149,0,0,0,90.00001,-8,0,0
6,48.33262,0,0,0,90.00001,-8,0,0
6,48.3437,0,0,0,90.00001,-8,0,0
6,48.35497,0,0,0,90.00001,-8,0,0
6,48.36653,0,0,0,90.00001,-8,0,0
6,48.377,0,0,0,90.00001,-8,0,0
6,48.38763,0,0,0,90.00001,-8,0,0
6,48.39957,0,0,0,90.00001,-8,0,0
6,48.40965,0,0,0,90.00001,-8,0,0
6,48.42195,0,0,0,90.00001,-8,0,0
6,48.44479,0,0,0,90.00001,-8,0,0
6,48.44791,0,0,0,90.00001,-8,0,0
6,48.45498,0,0,0,90.00001,-8,0,0
6,48.46653,0,0,0,90.00001,-8,0,0
6,48.47832,0,0,0,90.00001,-8,0,0
6,48.48917,0,0,0,90.00001,-8,0,0
6,48.50091,0,0,0,90.00001,-8,0,0
6,48.51247,0,0,0,90.00001,-8,0,0
6,48.52449,0,0,0,90.00001,-8,0,0
6,48.53531,0,0,0,90.00001,-8,0,0
6,48.54601,0,0,0,90.00001,-8,0,0
6,48.5575,0,0,0,90.00001,-8,0,0
6,48.568,0,0,0,90.00001,-8,0,0
6,48.57951,0,0,0,90.00001,-8,0,0
6,48.59793,0,0,0,90.00001,-8,0,0
6,48.60236,0,0,0,90.00001,-8,0,0
6,48.61248,0,0,0,90.00001,-8,0,0
6,48.62386,0,0,0,90.00001,-8,0,0
6,48.63584,0,0,0,90.00001,-8,0,0
6,48.64597,0,0,0,90.00001,-8,0,0
6,48.65744,0,0,0,90.00001,-8,0,0
6,48.66837,0,0,0,90.00001,-8,0,0
6,48.6799,0,0,0,90.00001,-8,0,0
6,48.69035,0,0,0,90.00001,-8,0,0
6,48.70199,0,0,0,90.00001,-8,0,0
6,48.71286,0,0,0,90.00001,-8,0,0
6,48.724,0,0,0,90.00001,-8,0,0
6,48.735,0,0,0,90.00001,-8,0,0
6,48.75437,0,0,0,90.00001,-8,0,0
6,48.75794,0,0,0,90.00001,-8,0,0
6,48.76814,0,0,0,90.00001,-8,0,0
6,48.77951,0,0,0,90.00001,-8,0,0
6,48.79027,0,0,0,90.00001,-8,0,0
6,48.80167,0,0,0,90.00001,-8,0,0
6,48.81246,0,0,0,90.00001,-8,0,0
6,48.82431,0,0,0,90.00001,-8,0,0
6,48.83618,0,0,0,90.00001,-8,0,0
6,48.8462,0,0,0,90.00001,-8,0,0
6,48.85817,0,0,0,90.00001,-8,0,0
6,48.86902,0,0,0,90.00001,-8,0,0
6,48.88067,0,0,0,90.00001,-8,0,0
6,48.89141,0,0,0,90.00001,-8,0,0
6,48.91177,0,0,0,90.00001,-8,0,0
6,48.91529,0,0,0,90.00001,-8,0,0
6,48.92543,0,0,0,90.00001,-8,0,0
6,48.93704,0,0,0,90.00001,-8,0,0
6,48.94791,0,0,0,90.00001,-8,0,0
6,48.96032,0,0,0,90.00001,-8,0,0
6,48.97019,0,0,0,90.00001,-8,0,0
6,48.98211,0,0,0,90.00001,-8,0,0
6,48.99245,0,0,0,90.00001,-8,0,0
6,49.00389,0,0,0,90.00001,-8,0,0
6,49.01497,0,0,0,90.00001,-8,0,0
6,49.0259,0,0,0,90.00001,-8,0,0
6,49.0376,0,0,0,90.00001,-8,0,0
6,49.0483,0,0,0,90.00001,-8,0,0
6,49.06947,0,0,0,90.00001,-8,0,0
6,49.07265,0,0,0,90.00001,-8,0,0
6,49.08149,0,0,0,90.00001,-8,0,0
6,49.0926,0,0,0,90.00001,-8,0,0
6,49.10351,0,0,0,90.00001,-8,0,0
6,49.11427,0,0,0,90.00001,-8,0,0
6,49.12508,0,0,0,90.00001,-8,0,0
6,49.13646,0,0,0,90.00001,-8,0,0
6,49.14816,0,0,0,90.00001,-8,0,0
6,49.15867,0,0,0,90.00001,-8,0,0
6,49.16942,0,0,0,90.00001,-8,0,0
6,49.18102,0,0,0,90.00001,-8,0,0
6,49.19162,0,0,0,90.00001,-8,0,0
6,49.20333,0,0,0,90.00001,-8,0,0
6,49.22295,0,0,0,90.00001,-8,0,0
6,49.2261,0,0,0,90.00001,-8,0,0
6,49.23633,0,0,0,90.00001,-8,0,0
6,49.24715,0,0,0,90.00001,-8,0,0
6,49.25857,0,0,0,90.00001,-8,0,0
6,49.26924,0,0,0,90.00001,-8,0,0
6,49.28087,0,0,0,90.00001,-8,0,0
6,49.29167,0,0,0,90.00001,-8,0,0
6,49.30381,0,0,0,90.00001,-8,0,0
6,49.31429,0,0,0,90.00001,-8,0,0
6,49.32482,0,0,0,90.00001,-8,0,0
6,49.33653,0,0,0,90.00001,-8,0,0
6,49.34726,0,0,0,90.00001,-8,0,0
6,49.35878,0,0,0,90.00001,-8,0,0
6,49.38068,0,0,0,90.00001,-8,0,0
6,49.38434,0,0,0,90.00001,-8,0,0
6,49.39201,0,0,0,90.00001,-8,0,0
6,49.40316,0,0,0,90.00001,-8,0,0
6,49.41398,0,0,0,90.00001,-8,0,0
6,49.42424,0,0,0,90.00001,-8,0,0
6,49.43587,0,0,0,90.00001,-8,0,0
6,49.44635,0,0,0,90.00001,-8,0,0
6,49.4579,0,0,0,90.00001,-8,0,0
6,49.46847,0,0,0,90.00001,-8,0,0
6,49.48,0,0,0,90.00001,-8,0,0
6,49.49144,0,0,0,90.00001,-8,0,0
6,49.50245,0,0,0,90.00001,-8,0,0
6,49.51394,0,0,0,90.00001,-8,0,0
6,49.53343,0,0,0,90.00001,-8,0,0
6,49.5375,0,0,0,90.00001,-8,0,0
6,49.54622,0,0,0,90.00001,-8,0,0
6,49.55811,0,0,0,90.00001,-8,0,0
6,49.56836,0,0,0,90.00001,-8,0,0
6,49.57995,0,0,0,90.00001,-8,0,0
6,49.59093,0,0,0,90.00001,-8,0,0
6,49.60266,0,0,0,90.00001,-8,0,0
6,49.61285,0,0,0,90.00001,-8,0,0
6,49.62467,0,0,0,90.00001,-8,0,0
6,49.63571,0,0,0,90.00001,-8,0,0
6,49.64614,0,0,0,90.00001,-8,0,0
6,49.65777,0,0,0,90.00001,-8,0,0
6,49.6684,0,0,0,90.00001,-8,0,0
6,49.69118,0,0,0,90.00001,-8,0,0
6,49.6965,0,0,0,90.00001,-8,0,0
6,49.70153,0,0,0,90.00001,-8,0,0
6,49.71246,0,0,0,90.00001,-8,0,0
6,49.72324,0,0,0,90.00001,-8,0,0
6,49.73438,0,0,0,90.00001,-8,0,0
6,49.74555,0,0,0,90.00001,-8,0,0
6,49.75676,0,0,0,90.00001,-8,0,0
6,49.76735,0,0,0,90.00001,-8,0,0
6,49.7791,0,0,0,90.00001,-8,0,0
6,49.7905,0,0,0,90.00001,-8,0,0
6,49.80143,0,0,0,90.00001,-8,0,0
6,49.81206,0,0,0,90.00001,-8,0,0
6,49.82348,0,0,0,90.00001,-8,0,0
6,49.84229,0,0,0,90.00001,-8,0,0
6,49.84515,0,0,0,90.00001,-8,0,0
6,49.85662,0,0,0,90.00001,-8,0,0
6,49.86793,0,0,0,90.00001,-8,0,0
6,49.87912,0,0,0,90.00001,-8,0,0
6,49.88963,0,0,0,90.00001,-8,0,0
6,49.90117,0,0,0,90.00001,-8,0,0
6,49.91187,0,0,0,90.00001,-8,0,0
6,49.92347,0,0,0,90.00001,-8,0,0
6,49.93452,0,0,0,90.00001,-8,0,0
6,49.94531,0,0,0,90.00001,-8,0,0
6,49.95663,0,0,0,90.00001,-8,0,0
6,49.96734,0,0,0,90.00001,-8,0,0
6,49.97928,0,0,0,90.00001,-8,0,0
6,50.00152,0,0,0,90.00001,-8,0,0
6,50.00534,0,0,0,90.00001,-8,0,0
6,50.01243,0,0,0,90.00001,-8,0,0
6,50.02351,0,0,0,90.00001,-8,0,0
6,50.03426,0,0,0,90.00001,-8,0,0
6,50.04678,0,0,0,90.00001,-8,0,0
6,50.05906,0,0,0,90.00001,-8,0,0
6,50.0675,0,0,0,90.00001,-8,0,0
6,50.07914,0,0,0,90.00001,-8,0,0
6,50.09193,0,0,0,90.00001,-8,0,0
6,50.10096,0,0,0,90.00001,-8,0,0
6,50.11175,0,0,0,90.00001,-8,0,0
6,50.12594,0,0,0,90.00001,-8,0,0
6,50.13472,0,0,0,90.00001,-8,0,0
6,50.15464,0,0,0,90.00001,-8,0,0
6,50.1578,0,0,0,90.00001,-8,0,0
6,50.16742,0,0,0,90.00001,-8,0,0
6,50.18034,0,0,0,90.00001,-8,0,0
6,50.18922,0,0,0,90.00001,-8,0,0
6,50.20038,0,0,0,90.00001,-8,0,0
6,50.21255,0,0,0,90.00001,-8,0,0
6,50.2226,0,0,0,90.00001,-8,0,0
6,50.23381,0,0,0,90.00001,-8,0,0
6,50.24496,0,0,0,90.00001,-8,0,0
6,50.25628,0,0,0,90.00001,-8,0,0
6,50.26698,0,0,0,90.00001,-8,0,0
6,50.27874,0,0,0,90.00001,-8,0,0
6,50.29057,0,0,0,90.00001,-8,0,0
6,50.31197,0,0,0,90.00001,-8,0,0
6,50.3169,0,0,0,90.00001,-8,0,0
6,50.32293,0,0,0,90.00001,-8,0,0
6,50.3349,0,0,0,90.00001,-8,0,0
6,50.34565,0,0,0,90.00001,-8,0,0
6,50.35657,0,0,0,90.00001,-8,0,0
6,50.36874,0,0,0,90.00001,-8,0,0
6,50.37913,0,0,0,90.00001,-8,0,0
6,50.38939,0,0,0,90.00001,-8,0,0
6,50.40191,0,0,0,90.00001,-8,0,0
6,50.41329,0,0,0,90.00001,-8,0,0
6,50.42428,0,0,0,90.00001,-8,0,0
6,50.43682,0,0,0,90.00001,-8,0,0
6,50.44768,0,0,0,90.00001,-8,0,0
6,50.46911,0,0,0,90.00001,-8,0,0
6,50.47644,0,0,0,90.00001,-8,0,0
6,50.48169,0,0,0,90.00001,-8,0,0
6,50.48774,0,0,0,90.00001,-8,0,0
6,50.50093,0,0,0,90.00001,-8,0,0
6,50.51067,0,0,0,90.00001,-8,0,0
6,50.52084,0,0,0,90.00001,-8,0,0
6,50.53162,0,0,0,90.00001,-8,0,0
6,50.54328,0,0,0,90.00001,-8,0,0
6,50.55534,0,0,0,90.00001,-8,0,0
6,50.56553,0,0,0,90.00001,-8,0,0
6,50.57698,0,0,0,90.00001,-8,0,0
6,50.58891,0,0,0,90.00001,-8,0,0
6,50.60133,0,0,0,90.00001,-8,0,0
6,50.62293,0,0,0,90.00001,-8,0,0
6,50.62686,0,0,0,90.00001,-8,0,0
6,50.6339,0,0,0,90.00001,-8,0,0
6,50.6438,0,0,0,90.00001,-8,0,0
6,50.65554,0,0,0,90.00001,-8,0,0
6,50.6654,0,0,0,90.00001,-8,0,0
6,50.67652,0,0,0,90.00001,-8,0,0
6,50.68699,0,0,0,90.00001,-8,0,0
6,50.69894,0,0,0,90.00001,-8,0,0
6,50.71003,0,0,0,90.00001,-8,0,0
6,50.7208,0,0,0,90.00001,-8,0,0
6,50.73206,0,0,0,90.00001,-8,0,0
6,50.7438,0,0,0,90.00001,-8,0,0
6,50.75466,0,0,0,90.00001,-8,0,0
6,50.77565,0,0,0,90.00001,-8,0,0
6,50.77925,0,0,0,90.00001,-8,0,0
6,50.78712,0,0,0,90.00001,-8,0,0
6,50.79851,0,0,0,90.00001,-8,0,0
6,50.80973,0,0,0,90.00001,-8,0,0
6,50.82094,0,0,0,90.00001,-8,0,0
6,50.83193,0,0,0,90.00001,-8,0,0
6,50.84367,0,0,0,90.00001,-8,0,0
6,50.85418,0,0,0,90.00001,-8,0,0
6,50.86589,0,0,0,90.00001,-8,0,0
6,50.87684,0,0,0,90.00001,-8,0,0
6,50.88794,0,0,0,90.00001,-8,0,0
6,50.89927,0,0,0,90.00001,-8,0,0
6,50.90987,0,0,0,90.00001,-8,0,0
6,50.93091,0,0,0,90.00001,-8,0,0
6,50.93501,0,0,0,90.00001,-8,0,0
6,50.94337,0,0,0,90.00001,-8,0,0
6,50.95469,0,0,0,90.00001,-8,0,0
6,50.96531,0,0,0,90.00001,-8,0,0
6,50.9766,0,0,0,90.00001,-8,0,0
6,50.98763,0,0,0,90.00001,-8,0,0
6,50.99958,0,0,0,90.00001,-8,0,0
6,51.01022,0,0,0,90.00001,-8,0,0
6,51.02249,0,0,0,90.00001,-8,0,0
6,51.03305,0,0,0,90.00001,-8,0,0
6,51.04467,0,0,0,90.00001,-8,0,0
6,51.0561,0,0,0,90.00001,-8,0,0
6,51.06692,0,0,0,90.00001,-8,0,0
6,51.08855,0,0,0,90.00001,-8,0,0
6,51.09225,0,0,0,90.00001,-8,0,0
6,51.10187,0,0,0,90.00001,-8,0,0
6,51.11235,0,0,0,90.00001,-8,0,0
6,51.12366,0,0,0,90.00001,-8,0,0
6,51.13541,0,0,0,90.00001,-8,0,0
6,51.15236,0,0,0,90.00001,-8,0,0
6,51.15736,0,0,0,90.00001,-8,0,0
6,51.16839,0,0,0,90.00001,-8,0,0
6,51.17993,0,0,0,90.00001,-8,0,0
6,51.19081,0,0,0,90.00001,-8,0,0
6,51.20227,0,0,0,90.00001,-8,0,0
6,51.21341,0,0,0,90.00001,-8,0,0
6,51.22475,0,0,0,90.00001,-8,0,0
6,51.24496,0,0,0,90.00001,-8,0,0
6,51.24823,0,0,0,90.00001,-8,0,0
6,51.25766,0,0,0,90.00001,-8,0,0
6,51.26859,0,0,0,90.00001,-8,0,0
6,51.28009,0,0,0,90.00001,-8,0,0
6,51.29053,0,0,0,90.00001,-8,0,0
6,51.30202,0,0,0,90.00001,-8,0,0
6,51.31318,0,0,0,90.00001,-8,0,0
6,51.32473,0,0,0,90.00001,-8,0,0
6,51.33558,0,0,0,90.00001,-8,0,0
6,51.34666,0,0,0,90.00001,-8,0,0
6,51.35783,0,0,0,90.00001,-8,0,0
6,51.36865,0,0,0,90.00001,-8,0,0
6,51.39214,0,0,0,90.00001,-8,0,0
