Ans,timenow,HMD_rotation_x,HMD_rotation_y,HMD_rotation_z,heydegree,hey_position_x,hey_position_y,hey_position_z
0,0.02089882,0,0,0,270,0,0,0
0,0.02527905,0,0,0,270,0,0,0
0,0.6315632,0,0,0,270,0,0,0
0,0.6614652,0,0,0,270,0,0,0
0,0.6809368,0,0,0,270,0,0,0
0,0.6854734,0,0,0,270,0,0,0
0,0.6912947,0,0,0,270,0,0,0
0,0.6997948,0,0,0,270,0,0,0
0,0.7107372,0,0,0,270,0,0,0
0,0.7227445,0,0,0,270,0,0,0
0,0.7335215,0,0,0,270,0,0,0
0,0.7441359,0,0,0,270,0,0,0
0,0.755857,0,0,0,270,0,0,0
0,0.7668881,0,0,0,270,0,0,0
0,0.7779598,0,0,0,270,0,0,0
0,0.7880821,0,0,0,270,0,0,0
0,0.8002377,0,0,0,270,0,0,0
0,0.8111353,0,0,0,270,0,0,0
0,0.8211646,0,0,0,270,0,0,0
0,0.8330779,0,0,0,270,0,0,0
0,0.8461938,0,0,0,270,0,0,0
0,0.8559856,0,0,0,270,0,0,0
0,0.8666992,0,0,0,270,0,0,0
0,0.8772521,0,0,0,270,0,0,0
0,0.8885508,0,0,0,270,0,0,0
0,0.8993897,0,0,0,270,0,0,0
0,0.9102969,0,0,0,270,0,0,0
0,0.9210863,0,0,0,270,0,0,0
0,0.9328666,0,0,0,270,0,0,0
0,0.9435472,0,0,0,270,0,0,0
0,0.9549809,0,0,0,270,0,0,0
0,0.9655423,0,0,0,270,0,0,0
0,0.9768381,0,0,0,270,0,0,0
0,0.987679,0,0,0,270,0,0,0
0,0.9998846,0,0,0,270,0,0,0
0,1.010366,0,0,0,270,0,0,0
0,1.021409,0,0,0,270,0,0,0
0,1.033962,0,0,0,270,0,0,0
0,1.043448,0,0,0,270,0,0,0
0,1.055019,0,0,0,270,0,0,0
0,1.065823,0,0,0,270,0,0,0
0,1.076899,0,0,0,270,0,0,0
0,1.087898,0,0,0,270,0,0,0
0,1.099264,0,0,0,270,0,0,0
0,1.11035,0,0,0,270,0,0,0
0,1.120866,0,0,0,270,0,0,0
0,1.132358,0,0,0,270,0,0,0
0,1.143177,0,0,0,270,0,0,0
0,1.154608,0,0,0,270,0,0,0
0,1.165636,0,0,0,270,0,0,0
0,1.176826,0,0,0,270,0,0,0
0,1.188172,0,0,0,270,0,0,0
0,1.198987,0,0,0,270,0,0,0
0,1.21037,0,0,0,270,0,0,0
0,1.221007,0,0,0,270,0,0,0
0,1.232133,0,0,0,270,0,0,0
0,1.243096,0,0,0,270,0,0,0
0,1.254863,0,0,0,270,0,0,0
0,1.265654,0,0,0,270,0,0,0
0,1.276617,0,0,0,270,0,0,0
0,1.287701,0,0,0,270,0,0,0
0,1.299412,0,0,0,270,0,0,0
0,1.310761,0,0,0,270,0,0,0
0,1.322887,0,0,0,270,0,0,0
0,1.335799,0,0,0,270,0,0,0
0,1.348313,0,0,0,270,0,0,0
0,1.359699,0,0,0,270,0,0,0
0,1.370783,0,0,0,270,0,0,0
0,1.381437,0,0,0,270,0,0,0
0,1.392901,0,0,0,270,0,0,0
0,1.403704,0,0,0,270,0,0,0
0,1.414884,0,0,0,270,0,0,0
0,1.426146,0,0,0,270,0,0,0
0,1.437441,0,0,0,270,0,0,0
0,1.447906,0,0,0,270,0,0,0
0,1.45961,0,0,0,270,0,0,0
0,1.470645,0,0,0,270,0,0,0
0,1.481438,0,0,0,270,0,0,0
0,1.493035,0,0,0,270,0,0,0
0,1.503792,0,0,0,270,0,0,0
0,1.514937,0,0,0,270,0,0,0
0,1.525724,0,0,0,270,0,0,0
0,1.537301,0,0,0,270,0,0,0
0,1.548315,0,0,0,270,0,0,0
0,1.559393,0,0,0,270,0,0,0
0,1.570758,0,0,0,270,0,0,0
0,1.581463,0,0,0,270,0,0,0
0,1.593293,0,0,0,270,0,0,0
0,1.603667,0,0,0,270,0,0,0
0,1.615111,0,0,0,270,0,0,0
0,1.626091,0,0,0,270,0,0,0
0,1.637419,0,0,0,270,0,0,0
0,1.64782,0,0,0,270,0,0,0
0,1.659314,0,0,0,270,0,0,0
0,1.6709,0,0,0,270,0,0,0
0,1.681314,0,0,0,270,0,0,0
0,1.692761,0,0,0,270,0,0,0
0,1.703741,0,0,0,270,0,0,0
0,1.715254,0,0,0,270,0,0,0
0,1.725676,0,0,0,270,0,0,0
0,1.737453,0,0,0,270,0,0,0
0,1.7478,0,0,0,270,0,0,0
0,1.759209,0,0,0,270,0,0,0
0,1.770439,0,0,0,270,0,0,0
0,1.781344,0,0,0,270,0,0,0
0,1.792551,0,0,0,270,0,0,0
0,1.803307,0,0,0,270,0,0,0
0,1.815274,0,0,0,270,0,0,0
0,1.826062,0,0,0,270,0,0,0
0,1.837093,0,0,0,270,0,0,0
0,1.847695,0,0,0,270,0,0,0
0,1.859375,0,0,0,270,0,0,0
0,1.870733,0,0,0,270,0,0,0
0,1.88178,0,0,0,270,0,0,0
0,1.893308,0,0,0,270,0,0,0
0,1.903558,0,0,0,270,0,0,0
0,1.915031,0,0,0,270,0,0,0
0,1.925625,0,0,0,270,0,0,0
0,1.937044,0,0,0,270,0,0,0
0,1.947997,0,0,0,270,0,0,0
0,1.959725,0,0,0,270,0,0,0
0,1.970688,0,0,0,270,0,0,0
0,1.981075,0,0,0,270,0,0,0
0,1.992661,0,0,0,270,0,0,0
0,2.003867,0,0,0,270,0,0,0
0,2.015102,0,0,0,270,0,0,0
0,2.025736,0,0,0,270,0,0,0
0,2.036969,0,0,0,270,0,0,0
0,2.048031,0,0,0,270,0,0,0
0,2.059421,0,0,0,270,0,0,0
0,2.070434,0,0,0,270,0,0,0
0,2.081553,0,0,0,270,0,0,0
0,2.093453,0,0,0,270,0,0,0
0,2.103664,0,0,0,270,0,0,0
0,2.115033,0,0,0,270,0,0,0
0,2.125971,0,0,0,270,0,0,0
0,2.136886,0,0,0,270,0,0,0
0,2.147743,0,0,0,270,0,0,0
0,2.162668,0,0,0,270,0,0,0
0,2.170317,0,0,0,270,0,0,0
0,2.181144,0,0,0,270,0,0,0
0,2.192726,0,0,0,270,0,0,0
0,2.203426,0,0,0,270,0,0,0
0,2.214835,0,0,0,270,0,0,0
0,2.225689,0,0,0,270,0,0,0
0,2.236844,0,0,0,270,0,0,0
0,2.24771,0,0,0,270,0,0,0
0,2.259232,0,0,0,270,0,0,0
0,2.270466,0,0,0,270,0,0,0
0,2.281536,0,0,0,270,0,0,0
0,2.29248,0,0,0,270,0,0,0
0,2.303449,0,0,0,270,0,0,0
0,2.314681,0,0,0,270,0,0,0
0,2.325267,0,0,0,270,0,0,0
0,2.337494,0,0,0,270,0,0,0
0,2.347527,0,0,0,270,0,0,0
0,2.359239,0,0,0,270,0,0,0
0,2.369767,0,0,0,270,0,0,0
0,2.381579,0,0,0,270,0,0,0
0,2.392859,0,0,0,270,0,0,0
0,2.403097,0,0,0,270,0,0,0
0,2.414585,0,0,0,270,0,0,0
0,2.425412,0,0,0,270,0,0,0
0,2.437708,0,0,0,270,0,0,0
0,2.447921,0,0,0,270,0,0,0
0,2.459392,0,0,0,270,0,0,0
0,2.47037,0,0,0,270,0,0,0
0,2.481224,0,0,0,270,0,0,0
0,2.492508,0,0,0,270,0,0,0
0,2.503625,0,0,0,270,0,0,0
0,2.514738,0,0,0,270,0,0,0
0,2.52594,0,0,0,270,0,0,0
0,2.536912,0,0,0,270,0,0,0
0,2.548501,0,0,0,270,0,0,0
0,2.559001,0,0,0,270,0,0,0
0,2.569787,0,0,0,270,0,0,0
0,2.581787,0,0,0,270,0,0,0
0,2.614998,0,0,0,270,0,0,0
0,2.618618,0,0,0,270,0,0,0
0,2.628183,0,0,0,270,0,0,0
0,2.635604,0,0,0,270,0,0,0
0,2.647113,0,0,0,270,0,0,0
0,2.660383,0,0,0,270,0,0,0
0,2.671416,0,0,0,270,0,0,0
0,2.67983,0,0,0,270,0,0,0
0,2.691442,0,0,0,270,0,0,0
0,2.701654,0,0,0,270,0,0,0
0,2.713365,0,0,0,270,0,0,0
0,2.723944,0,0,0,270,0,0,0
0,2.737349,0,0,0,270,0,0,0
0,2.746124,0,0,0,270,0,0,0
0,2.758316,0,0,0,270,0,0,0
0,2.772812,0,0,0,270,0,0,0
0,2.780104,0,0,0,270,0,0,0
0,2.791418,0,0,0,270,0,0,0
0,2.801863,0,0,0,270,0,0,0
0,2.813265,0,0,0,270,0,0,0
0,2.823895,0,0,0,270,0,0,0
0,2.835305,0,0,0,270,0,0,0
0,2.845843,0,0,0,270,0,0,0
0,2.859348,0,0,0,270,0,0,0
0,2.868361,0,0,0,270,0,0,0
0,2.879523,0,0,0,270,0,0,0
0,2.89267,0,0,0,270,0,0,0
0,2.901854,0,0,0,270,0,0,0
0,2.913406,0,0,0,270,0,0,0
0,2.926124,0,0,0,270,0,0,0
0,2.935441,0,0,0,270,0,0,0
0,2.946011,0,0,0,270,0,0,0
0,2.957494,0,0,0,270,0,0,0
0,2.968636,0,0,0,270,0,0,0
0,2.980088,0,0,0,270,0,0,0
0,2.991131,0,0,0,270,0,0,0
0,3.002197,0,0,0,270,0,0,0
0,3.013555,0,0,0,270,0,0,0
0,3.024492,0,0,0,270,0,0,0
0,3.036201,0,0,0,270,0,0,0
0,3.051148,0,0,0,270,0,0,0
0,3.064809,0,0,0,270,0,0,0
0,3.081154,0,0,0,270,0,0,0
0,3.092154,0,0,0,270,0,0,0
0,3.103534,0,0,0,270,0,0,0
0,3.115242,0,0,0,270,0,0,0
0,3.133742,0,0,0,270,0,0,0
0,3.137409,0,0,0,270,0,0,0
0,3.147267,0,0,0,270,0,0,0
0,3.160177,0,0,0,270,0,0,0
0,3.169774,0,0,0,270,0,0,0
0,3.181038,0,0,0,270,0,0,0
0,3.192225,0,0,0,270,0,0,0
0,3.20315,0,0,0,270,0,0,0
0,3.214331,0,0,0,270,0,0,0
0,3.224996,0,0,0,270,0,0,0
0,3.237432,0,0,0,270,0,0,0
0,3.247473,0,0,0,270,0,0,0
0,3.259156,0,0,0,270,0,0,0
0,3.270577,0,0,0,270,0,0,0
0,3.28083,0,0,0,270,0,0,0
0,3.292207,0,0,0,270,0,0,0
0,3.303023,0,0,0,270,0,0,0
0,3.314735,0,0,0,270,0,0,0
0,3.324908,0,0,0,270,0,0,0
0,3.33647,0,0,0,270,0,0,0
0,3.350394,0,0,0,270,0,0,0
0,3.358576,0,0,0,270,0,0,0
0,3.369563,0,0,0,270,0,0,0
0,3.381221,0,0,0,270,0,0,0
0,3.392216,0,0,0,270,0,0,0
0,3.402704,0,0,0,270,0,0,0
0,3.414217,0,0,0,270,0,0,0
0,3.424855,0,0,0,270,0,0,0
0,3.436561,0,0,0,270,0,0,0
0,3.44697,0,0,0,270,0,0,0
0,3.459297,0,0,0,270,0,0,0
0,3.469458,0,0,0,270,0,0,0
0,3.480887,0,0,0,270,0,0,0
0,3.49189,0,0,0,270,0,0,0
0,3.502697,0,0,0,270,0,0,0
0,3.51448,0,0,0,270,0,0,0
0,3.52505,0,0,0,270,0,0,0
0,3.536522,0,0,0,270,0,0,0
0,3.547598,0,0,0,270,0,0,0
0,3.558681,0,0,0,270,0,0,0
0,3.569362,0,0,0,270,0,0,0
0,3.580848,0,0,0,270,0,0,0
0,3.592256,0,0,0,270,0,0,0
0,3.60272,0,0,0,270,0,0,0
0,3.614117,0,0,0,270,0,0,0
0,3.624932,0,0,0,270,0,0,0
0,3.636623,0,0,0,270,0,0,0
0,3.647271,0,0,0,270,0,0,0
0,3.659237,0,0,0,270,0,0,0
0,3.670257,0,0,0,270,0,0,0
0,3.680493,0,0,0,270,0,0,0
0,3.69231,0,0,0,270,0,0,0
0,3.702702,0,0,0,270,0,0,0
0,3.713989,0,0,0,270,0,0,0
0,3.724775,0,0,0,270,0,0,0
0,3.736402,0,0,0,270,0,0,0
0,3.746848,0,0,0,270,0,0,0
0,3.758586,0,0,0,270,0,0,0
0,3.769423,0,0,0,270,0,0,0
0,3.781298,0,0,0,270,0,0,0
0,3.791921,0,0,0,270,0,0,0
0,3.802567,0,0,0,270,0,0,0
0,3.813903,0,0,0,270,0,0,0
0,3.824539,0,0,0,270,0,0,0
0,3.835984,0,0,0,270,0,0,0
0,3.846985,0,0,0,270,0,0,0
0,3.858513,0,0,0,270,0,0,0
0,3.869174,0,0,0,270,0,0,0
0,3.880834,0,0,0,270,0,0,0
0,3.892426,0,0,0,270,0,0,0
0,3.902579,0,0,0,270,0,0,0
0,3.914002,0,0,0,270,0,0,0
0,3.92468,0,0,0,270,0,0,0
0,3.93684,0,0,0,270,0,0,0
0,3.947448,0,0,0,270,0,0,0
0,3.959045,0,0,0,270,0,0,0
0,3.971442,0,0,0,270,0,0,0
0,3.980389,0,0,0,270,0,0,0
0,3.992054,0,0,0,270,0,0,0
0,4.002503,0,0,0,270,0,0,0
0,4.01468,0,0,0,270,0,0,0
0,4.024788,0,0,0,270,0,0,0
0,4.036235,0,0,0,270,0,0,0
0,4.047084,0,0,0,270,0,0,0
0,4.058305,0,0,0,270,0,0,0
0,4.069205,0,0,0,270,0,0,0
0,4.081757,0,0,0,270,0,0,0
0,4.09207,0,0,0,270,0,0,0
0,4.102694,0,0,0,270,0,0,0
0,4.114369,0,0,0,270,0,0,0
0,4.1251,0,0,0,270,0,0,0
0,4.136571,0,0,0,270,0,0,0
0,4.147017,0,0,0,270,0,0,0
0,4.15834,0,0,0,270,0,0,0
0,4.169287,0,0,0,270,0,0,0
0,4.180508,0,0,0,270,0,0,0
0,4.191988,0,0,0,270,0,0,0
0,4.202376,0,0,0,270,0,0,0
0,4.213864,0,0,0,270,0,0,0
0,4.224598,0,0,0,270,0,0,0
0,4.236262,0,0,0,270,0,0,0
0,4.247071,0,0,0,270,0,0,0
0,4.25821,0,0,0,270,0,0,0
0,4.269411,0,0,0,270,0,0,0
0,4.280928,0,0,0,270,0,0,0
0,4.291998,0,0,0,270,0,0,0
0,4.302499,0,0,0,270,0,0,0
0,4.313912,0,0,0,270,0,0,0
0,4.324677,0,0,0,270,0,0,0
0,4.336012,0,0,0,270,0,0,0
0,4.346821,0,0,0,270,0,0,0
0,4.358092,0,0,0,270,0,0,0
0,4.368925,0,0,0,270,0,0,0
0,4.380608,0,0,0,270,0,0,0
0,4.391708,0,0,0,270,0,0,0
0,4.402638,0,0,0,270,0,0,0
0,4.413901,0,0,0,270,0,0,0
0,4.424655,0,0,0,270,0,0,0
0,4.435918,0,0,0,270,0,0,0
0,4.446607,0,0,0,270,0,0,0
0,4.458045,0,0,0,270,0,0,0
0,4.469285,0,0,0,270,0,0,0
0,4.481053,0,0,0,270,0,0,0
0,4.491988,0,0,0,270,0,0,0
0,4.502382,0,0,0,270,0,0,0
0,4.513759,0,0,0,270,0,0,0
0,4.524403,0,0,0,270,0,0,0
0,4.536266,0,0,0,270,0,0,0
0,4.546865,0,0,0,270,0,0,0
0,4.558152,0,0,0,270,0,0,0
0,4.56905,0,0,0,270,0,0,0
0,4.580533,0,0,0,270,0,0,0
0,4.591422,0,0,0,270,0,0,0
0,4.602485,0,0,0,270,0,0,0
0,4.614098,0,0,0,270,0,0,0
0,4.625205,0,0,0,270,0,0,0
0,4.636692,0,0,0,270,0,0,0
0,4.647031,0,0,0,270,0,0,0
0,4.658408,0,0,0,270,0,0,0
0,4.669291,0,0,0,270,0,0,0
0,4.680718,0,0,0,270,0,0,0
0,4.691759,0,0,0,270,0,0,0
0,4.702498,0,0,0,270,0,0,0
0,4.714264,0,0,0,270,0,0,0
0,4.724816,0,0,0,270,0,0,0
0,4.736275,0,0,0,270,0,0,0
0,4.74677,0,0,0,270,0,0,0
0,4.758101,0,0,0,270,0,0,0
0,4.768948,0,0,0,270,0,0,0
0,4.780334,0,0,0,270,0,0,0
0,4.791779,0,0,0,270,0,0,0
0,4.802219,0,0,0,270,0,0,0
0,4.813688,0,0,0,270,0,0,0
0,4.824428,0,0,0,270,0,0,0
0,4.836087,0,0,0,270,0,0,0
0,4.846555,0,0,0,270,0,0,0
0,4.858382,0,0,0,270,0,0,0
0,4.869143,0,0,0,270,0,0,0
0,4.880477,0,0,0,270,0,0,0
0,4.891891,0,0,0,270,0,0,0
0,4.902057,0,0,0,270,0,0,0
0,4.913539,0,0,0,270,0,0,0
0,4.924706,0,0,0,270,0,0,0
0,4.935883,0,0,0,270,0,0,0
0,4.946707,0,0,0,270,0,0,0
0,4.958176,0,0,0,270,0,0,0
0,4.968877,0,0,0,270,0,0,0
0,4.980758,0,0,0,270,0,0,0
0,4.991555,0,0,0,270,0,0,0
0,5.002391,0,0,0,270,0,0,0
0,5.013638,0,0,0,270,0,0,0
0,5.024317,0,0,0,270,0,0,0
0,5.035774,0,0,0,270,0,0,0
0,5.046508,0,0,0,270,0,0,0
0,5.057977,0,0,0,270,0,0,0
0,5.068668,0,0,0,270,0,0,0
0,5.080631,0,0,0,270,0,0,0
0,5.091322,0,0,0,270,0,0,0
0,5.101965,0,0,0,270,0,0,0
0,5.113747,0,0,0,270,0,0,0
0,5.12436,0,0,0,270,0,0,0
0,5.136021,0,0,0,270,0,0,0
0,5.146513,0,0,0,270,0,0,0
0,5.158317,0,0,0,270,0,0,0
0,5.168709,0,0,0,270,0,0,0
0,5.180037,0,0,0,270,0,0,0
0,5.191342,0,0,0,270,0,0,0
0,5.202234,0,0,0,270,0,0,0
0,5.214257,0,0,0,270,0,0,0
0,5.224277,0,0,0,270,0,0,0
0,5.23608,0,0,0,270,0,0,0
0,5.24654,0,0,0,270,0,0,0
0,5.257998,0,0,0,270,0,0,0
0,5.268617,0,0,0,270,0,0,0
0,5.280211,0,0,0,270,0,0,0
0,5.291277,0,0,0,270,0,0,0
0,5.302007,0,0,0,270,0,0,0
0,5.314299,0,0,0,270,0,0,0
0,5.324085,0,0,0,270,0,0,0
0,5.335742,0,0,0,270,0,0,0
0,5.346128,0,0,0,270,0,0,0
0,5.35833,0,0,0,270,0,0,0
0,5.368448,0,0,0,270,0,0,0
0,5.379922,0,0,0,270,0,0,0
0,5.391275,0,0,0,270,0,0,0
0,5.40192,0,0,0,270,0,0,0
0,5.413652,0,0,0,270,0,0,0
0,5.424151,0,0,0,270,0,0,0
0,5.43566,0,0,0,270,0,0,0
0,5.446275,0,0,0,270,0,0,0
0,5.457726,0,0,0,270,0,0,0
0,5.468828,0,0,0,270,0,0,0
0,5.47985,0,0,0,270,0,0,0
0,5.491559,0,0,0,270,0,0,0
0,5.502152,0,0,0,270,0,0,0
0,5.513182,0,0,0,270,0,0,0
0,5.523971,0,0,0,270,0,0,0
0,5.535373,0,0,0,270,0,0,0
0,5.546763,0,0,0,270,0,0,0
0,5.557803,0,0,0,270,0,0,0
0,5.568529,0,0,0,270,0,0,0
0,5.57983,0,0,0,270,0,0,0
0,5.591056,0,0,0,270,0,0,0
0,5.60175,0,0,0,270,0,0,0
0,5.613077,0,0,0,270,0,0,0
0,5.624898,0,0,0,270,0,0,0
0,5.635495,0,0,0,270,0,0,0
0,5.646316,0,0,0,270,0,0,0
0,5.658351,0,0,0,270,0,0,0
0,5.668488,0,0,0,270,0,0,0
0,5.679688,0,0,0,270,0,0,0
0,5.696933,0,0,0,270,0,0,0
0,5.709067,0,0,0,270,0,0,0
0,5.720643,0,0,0,270,0,0,0
0,5.731955,0,0,0,270,0,0,0
0,5.742395,0,0,0,270,0,0,0
0,5.754377,0,0,0,270,0,0,0
0,5.765175,0,0,0,270,0,0,0
0,5.776007,0,0,0,270,0,0,0
0,5.786735,0,0,0,270,0,0,0
0,5.798106,0,0,0,270,0,0,0
0,5.80887,0,0,0,270,0,0,0
0,5.820172,0,0,0,270,0,0,0
0,5.83175,0,0,0,270,0,0,0
0,5.842138,0,0,0,270,0,0,0
0,5.853691,0,0,0,270,0,0,0
0,5.864566,0,0,0,270,0,0,0
0,5.876061,0,0,0,270,0,0,0
0,5.886722,0,0,0,270,0,0,0
0,5.898062,0,0,0,270,0,0,0
0,5.908813,0,0,0,270,0,0,0
0,5.920543,0,0,0,270,0,0,0
0,5.931238,0,0,0,270,0,0,0
0,5.942044,0,0,0,270,0,0,0
0,5.953769,0,0,0,270,0,0,0
0,5.964582,0,0,0,270,0,0,0
0,5.975957,0,0,0,270,0,0,0
0,5.98666,0,0,0,270,0,0,0
0,5.999042,0,0,0,270,0,0,0
0,6.009015,0,0,0,270,0,0,0
0,6.020568,0,0,0,270,0,0,0
0,6.031599,0,0,0,270,0,0,0
0,6.042196,0,0,0,270,0,0,0
0,6.05386,0,0,0,270,0,0,0
0,6.064688,0,0,0,270,0,0,0
0,6.076324,0,0,0,270,0,0,0
0,6.087482,0,0,0,270,0,0,0
0,6.099327,0,0,0,270,0,0,0
0,6.110905,0,0,0,270,0,0,0
0,6.121464,0,0,0,270,0,0,0
0,6.132927,0,0,0,270,0,0,0
0,6.143932,0,0,0,270,0,0,0
0,6.156159,0,0,0,270,0,0,0
0,6.166606,0,0,0,270,0,0,0
0,6.17884,0,0,0,270,0,0,0
0,6.189573,0,0,0,270,0,0,0
0,6.201086,0,0,0,270,0,0,0
0,6.211965,0,0,0,270,0,0,0
0,6.222901,0,0,0,270,0,0,0
0,6.235152,0,0,0,270,0,0,0
0,6.245795,0,0,0,270,0,0,0
0,6.257242,0,0,0,270,0,0,0
0,6.268511,0,0,0,270,0,0,0
0,6.280848,0,0,0,270,0,0,0
0,6.291142,0,0,0,270,0,0,0
0,6.301773,0,0,0,270,0,0,0
0,6.313073,0,0,0,270,0,0,0
0,6.323637,0,0,0,270,0,0,0
0,6.335568,0,0,0,270,0,0,0
0,6.345972,0,0,0,270,0,0,0
0,6.357764,0,0,0,270,0,0,0
0,6.368223,0,0,0,270,0,0,0
0,6.37965,0,0,0,270,0,0,0
0,6.391567,0,0,0,270,0,0,0
0,6.401481,0,0,0,270,0,0,0
0,6.412809,0,0,0,270,0,0,0
0,6.424267,0,0,0,270,0,0,0
0,6.43539,0,0,0,270,0,0,0
0,6.44594,0,0,0,270,0,0,0
0,6.457559,0,0,0,270,0,0,0
0,6.468325,0,0,0,270,0,0,0
0,6.47934,0,0,0,270,0,0,0
0,6.490428,0,0,0,270,0,0,0
0,6.502265,0,0,0,270,0,0,0
0,6.51279,0,0,0,270,0,0,0
0,6.523651,0,0,0,270,0,0,0
0,6.53486,0,0,0,270,0,0,0
0,6.546035,0,0,0,270,0,0,0
0,6.557019,0,0,0,270,0,0,0
0,6.56789,0,0,0,270,0,0,0
0,6.579638,0,0,0,270,0,0,0
0,6.590624,0,0,0,270,0,0,0
0,6.601586,0,0,0,270,0,0,0
0,6.613067,0,0,0,270,0,0,0
0,6.624111,0,0,0,270,0,0,0
0,6.635169,0,0,0,270,0,0,0
0,6.645908,0,0,0,270,0,0,0
0,6.657413,0,0,0,270,0,0,0
0,6.668001,0,0,0,270,0,0,0
0,6.679461,0,0,0,270,0,0,0
0,6.690693,0,0,0,270,0,0,0
0,6.701557,0,0,0,270,0,0,0
0,6.712571,0,0,0,270,0,0,0
0,6.723549,0,0,0,270,0,0,0
0,6.734824,0,0,0,270,0,0,0
0,6.745502,0,0,0,270,0,0,0
0,6.757146,0,0,0,270,0,0,0
0,6.767983,0,0,0,270,0,0,0
0,6.77912,0,0,0,270,0,0,0
0,6.790387,0,0,0,270,0,0,0
0,6.801176,0,0,0,270,0,0,0
0,6.813509,0,0,0,270,0,0,0
0,6.823359,0,0,0,270,0,0,0
0,6.835092,0,0,0,270,0,0,0
0,6.845693,0,0,0,270,0,0,0
0,6.857087,0,0,0,270,0,0,0
0,6.867867,0,0,0,270,0,0,0
0,6.879095,0,0,0,270,0,0,0
0,6.890305,0,0,0,270,0,0,0
0,6.901452,0,0,0,270,0,0,0
0,6.912708,0,0,0,270,0,0,0
0,6.923717,0,0,0,270,0,0,0
0,6.93503,0,0,0,270,0,0,0
0,6.945519,0,0,0,270,0,0,0
0,6.957062,0,0,0,270,0,0,0
0,6.967713,0,0,0,270,0,0,0
0,6.979243,0,0,0,270,0,0,0
0,6.990365,0,0,0,270,0,0,0
0,7.001536,0,0,0,270,0,0,0
0,7.012673,0,0,0,270,0,0,0
0,7.023474,0,0,0,270,0,0,0
0,7.03516,0,0,0,270,0,0,0
0,7.045833,0,0,0,270,0,0,0
0,7.057365,0,0,0,270,0,0,0
0,7.067886,0,0,0,270,0,0,0
0,7.079374,0,0,0,270,0,0,0
0,7.090414,0,0,0,270,0,0,0
0,7.101298,0,0,0,270,0,0,0
0,7.112699,0,0,0,270,0,0,0
0,7.124051,0,0,0,270,0,0,0
0,7.134869,0,0,0,270,0,0,0
0,7.145734,0,0,0,270,0,0,0
0,7.157072,0,0,0,270,0,0,0
0,7.167604,0,0,0,270,0,0,0
0,7.179875,0,0,0,270,0,0,0
0,7.191072,0,0,0,270,0,0,0
0,7.201296,0,0,0,270,0,0,0
0,7.212625,0,0,0,270,0,0,0
0,7.223291,0,0,0,270,0,0,0
0,7.234626,0,0,0,270,0,0,0
0,7.245846,0,0,0,270,0,0,0
0,7.257425,0,0,0,270,0,0,0
0,7.267977,0,0,0,270,0,0,0
0,7.280104,0,0,0,270,0,0,0
0,7.29061,0,0,0,270,0,0,0
0,7.301451,0,0,0,270,0,0,0
0,7.312931,0,0,0,270,0,0,0
0,7.323423,0,0,0,270,0,0,0
0,7.335027,0,0,0,270,0,0,0
0,7.345552,0,0,0,270,0,0,0
0,7.357734,0,0,0,270,0,0,0
0,7.367838,0,0,0,270,0,0,0
0,7.379044,0,0,0,270,0,0,0
0,7.390262,0,0,0,270,0,0,0
0,7.401205,0,0,0,270,0,0,0
0,7.412435,0,0,0,270,0,0,0
0,7.423152,0,0,0,270,0,0,0
0,7.434627,0,0,0,270,0,0,0
0,7.445727,0,0,0,270,0,0,0
0,7.456727,0,0,0,270,0,0,0
0,7.467693,0,0,0,270,0,0,0
0,7.478893,0,0,0,270,0,0,0
0,7.489744,0,0,0,270,0,0,0
0,7.500959,0,0,0,270,0,0,0
0,7.512221,0,0,0,270,0,0,0
0,7.523476,0,0,0,270,0,0,0
0,7.53479,0,0,0,270,0,0,0
0,7.54541,0,0,0,270,0,0,0
0,7.558022,0,0,0,270,0,0,0
0,7.567369,0,0,0,270,0,0,0
0,7.578946,0,0,0,270,0,0,0
0,7.589646,0,0,0,270,0,0,0
0,7.600892,0,0,0,270,0,0,0
0,7.612388,0,0,0,270,0,0,0
0,7.62281,0,0,0,270,0,0,0
0,7.634311,0,0,0,270,0,0,0
0,7.645312,0,0,0,270,0,0,0
0,7.656656,0,0,0,270,0,0,0
0,7.667546,0,0,0,270,0,0,0
0,7.679039,0,0,0,270,0,0,0
0,7.689575,0,0,0,270,0,0,0
0,7.701234,0,0,0,270,0,0,0
0,7.712133,0,0,0,270,0,0,0
0,7.722703,0,0,0,270,0,0,0
0,7.734477,0,0,0,270,0,0,0
0,7.74572,0,0,0,270,0,0,0
0,7.756793,0,0,0,270,0,0,0
0,7.76767,0,0,0,270,0,0,0
0,7.779211,0,0,0,270,0,0,0
0,7.789642,0,0,0,270,0,0,0
0,7.800966,0,0,0,270,0,0,0
0,7.812487,0,0,0,270,0,0,0
0,7.822961,0,0,0,270,0,0,0
0,7.83464,0,0,0,270,0,0,0
0,7.845537,0,0,0,270,0,0,0
0,7.856852,0,0,0,270,0,0,0
0,7.867696,0,0,0,270,0,0,0
0,7.878946,0,0,0,270,0,0,0
0,7.892163,0,0,0,270,0,0,0
0,7.901012,0,0,0,270,0,0,0
0,7.911915,0,0,0,270,0,0,0
0,7.922945,0,0,0,270,0,0,0
0,7.934425,0,0,0,270,0,0,0
0,7.945084,0,0,0,270,0,0,0
0,7.9567,0,0,0,270,0,0,0
0,7.967519,0,0,0,270,0,0,0
0,7.978936,0,0,0,270,0,0,0
0,7.9896,0,0,0,270,0,0,0
0,8.001124,0,0,0,270,0,0,0
0,8.012038,0,0,0,270,0,0,0
0,8.023159,0,0,0,270,0,0,0
0,8.03476,0,0,0,270,0,0,0
0,8.045279,0,0,0,270,0,0,0
0,8.057341,0,0,0,270,0,0,0
0,8.067737,0,0,0,270,0,0,0
0,8.080065,0,0,0,270,0,0,0
0,8.090248,0,0,0,270,0,0,0
0,8.100783,0,0,0,270,0,0,0
0,8.112108,0,0,0,270,0,0,0
0,8.122869,0,0,0,270,0,0,0
0,8.134421,0,0,0,270,0,0,0
0,8.145194,0,0,0,270,0,0,0
0,8.156949,0,0,0,270,0,0,0
0,8.167647,0,0,0,270,0,0,0
0,8.178911,0,0,0,270,0,0,0
0,8.190397,0,0,0,270,0,0,0
0,8.20093,0,0,0,270,0,0,0
0,8.212389,0,0,0,270,0,0,0
0,8.223327,0,0,0,270,0,0,0
0,8.234698,0,0,0,270,0,0,0
0,8.245169,0,0,0,270,0,0,0
0,8.256989,0,0,0,270,0,0,0
0,8.267596,0,0,0,270,0,0,0
0,8.278879,0,0,0,270,0,0,0
0,8.289472,0,0,0,270,0,0,0
0,8.301194,0,0,0,270,0,0,0
0,8.312488,0,0,0,270,0,0,0
0,8.32279,0,0,0,270,0,0,0
0,8.334235,0,0,0,270,0,0,0
0,8.344871,0,0,0,270,0,0,0
0,8.356544,0,0,0,270,0,0,0
0,8.367471,0,0,0,270,0,0,0
0,8.379259,0,0,0,270,0,0,0
0,8.390461,0,0,0,270,0,0,0
0,8.400574,0,0,0,270,0,0,0
0,8.412037,0,0,0,270,0,0,0
0,8.422664,0,0,0,270,0,0,0
0,8.434148,0,0,0,270,0,0,0
0,8.444777,0,0,0,270,0,0,0
0,8.456414,0,0,0,270,0,0,0
0,8.4675,0,0,0,270,0,0,0
0,8.478802,0,0,0,270,0,0,0
0,8.489717,0,0,0,270,0,0,0
0,8.501215,0,0,0,270,0,0,0
0,8.512068,0,0,0,270,0,0,0
0,8.522957,0,0,0,270,0,0,0
0,8.534435,0,0,0,270,0,0,0
0,8.545538,0,0,0,270,0,0,0
0,8.557346,0,0,0,270,0,0,0
0,8.567078,0,0,0,270,0,0,0
0,8.578818,0,0,0,270,0,0,0
0,8.589233,0,0,0,270,0,0,0
0,8.600923,0,0,0,270,0,0,0
0,8.61187,0,0,0,270,0,0,0
0,8.622869,0,0,0,270,0,0,0
0,8.634188,0,0,0,270,0,0,0
0,8.64491,0,0,0,270,0,0,0
0,8.657082,0,0,0,270,0,0,0
0,8.666917,0,0,0,270,0,0,0
0,8.678679,0,0,0,270,0,0,0
0,8.689263,0,0,0,270,0,0,0
0,8.701083,0,0,0,270,0,0,0
0,8.711864,0,0,0,270,0,0,0
0,8.722463,0,0,0,270,0,0,0
0,8.733982,0,0,0,270,0,0,0
0,8.744812,0,0,0,270,0,0,0
0,8.75616,0,0,0,270,0,0,0
0,8.767286,0,0,0,270,0,0,0
0,8.778554,0,0,0,270,0,0,0
0,8.789343,0,0,0,270,0,0,0
0,8.800829,0,0,0,270,0,0,0
0,8.812819,0,0,0,270,0,0,0
0,8.822617,0,0,0,270,0,0,0
0,8.834363,0,0,0,270,0,0,0
0,8.844582,0,0,0,270,0,0,0
0,8.856334,0,0,0,270,0,0,0
0,8.866858,0,0,0,270,0,0,0
0,8.878427,0,0,0,270,0,0,0
0,8.889235,0,0,0,270,0,0,0
0,8.900662,0,0,0,270,0,0,0
0,8.911943,0,0,0,270,0,0,0
0,8.923546,0,0,0,270,0,0,0
0,8.933828,0,0,0,270,0,0,0
0,8.944625,0,0,0,270,0,0,0
0,8.956189,0,0,0,270,0,0,0
0,8.966816,0,0,0,270,0,0,0
0,8.978271,0,0,0,270,0,0,0
0,8.989532,0,0,0,270,0,0,0
0,9.001431,0,0,0,270,0,0,0
0,9.011673,0,0,0,270,0,0,0
0,9.022541,0,0,0,270,0,0,0
0,9.034581,0,0,0,270,0,0,0
0,9.044885,0,0,0,270,0,0,0
0,9.056141,0,0,0,270,0,0,0
0,9.066911,0,0,0,270,0,0,0
0,9.07839,0,0,0,270,0,0,0
0,9.089277,0,0,0,270,0,0,0
0,9.10135,0,0,0,270,0,0,0
0,9.112331,0,0,0,270,0,0,0
0,9.122652,0,0,0,270,0,0,0
0,9.133845,0,0,0,270,0,0,0
0,9.14556,0,0,0,270,0,0,0
0,9.156361,0,0,0,270,0,0,0
0,9.166735,0,0,0,270,0,0,0
0,9.17847,0,0,0,270,0,0,0
0,9.189123,0,0,0,270,0,0,0
0,9.200668,0,0,0,270,0,0,0
0,9.211843,0,0,0,270,0,0,0
0,9.222704,0,0,0,270,0,0,0
0,9.23453,0,0,0,270,0,0,0
0,9.244756,0,0,0,270,0,0,0
0,9.256267,0,0,0,270,0,0,0
0,9.267116,0,0,0,270,0,0,0
0,9.278497,0,0,0,270,0,0,0
0,9.289088,0,0,0,270,0,0,0
0,9.301146,0,0,0,270,0,0,0
0,9.312964,0,0,0,270,0,0,0
0,9.322354,0,0,0,270,0,0,0
0,9.333951,0,0,0,270,0,0,0
0,9.345,0,0,0,270,0,0,0
0,9.356299,0,0,0,270,0,0,0
0,9.367214,0,0,0,270,0,0,0
0,9.378541,0,0,0,270,0,0,0
0,9.390332,0,0,0,270,0,0,0
0,9.400752,0,0,0,270,0,0,0
0,9.412315,0,0,0,270,0,0,0
0,9.422636,0,0,0,270,0,0,0
0,9.43402,0,0,0,270,0,0,0
0,9.44475,0,0,0,270,0,0,0
0,9.456135,0,0,0,270,0,0,0
0,9.466596,0,0,0,270,0,0,0
0,9.478737,0,0,0,270,0,0,0
0,9.488959,0,0,0,270,0,0,0
0,9.500854,0,0,0,270,0,0,0
0,9.511934,0,0,0,270,0,0,0
0,9.522605,0,0,0,270,0,0,0
0,9.533833,0,0,0,270,0,0,0
0,9.54514,0,0,0,270,0,0,0
0,9.555842,0,0,0,270,0,0,0
0,9.566818,0,0,0,270,0,0,0
0,9.578449,0,0,0,270,0,0,0
0,9.588781,0,0,0,270,0,0,0
0,9.600074,0,0,0,270,0,0,0
0,9.612066,0,0,0,270,0,0,0
0,9.62232,0,0,0,270,0,0,0
0,9.633657,0,0,0,270,0,0,0
0,9.644795,0,0,0,270,0,0,0
0,9.656572,0,0,0,270,0,0,0
0,9.666843,0,0,0,270,0,0,0
0,9.678444,0,0,0,270,0,0,0
0,9.689809,0,0,0,270,0,0,0
0,9.700974,0,0,0,270,0,0,0
0,9.711306,0,0,0,270,0,0,0
0,9.722708,0,0,0,270,0,0,0
0,9.734014,0,0,0,270,0,0,0
0,9.744423,0,0,0,270,0,0,0
0,9.756177,0,0,0,270,0,0,0
0,9.767351,0,0,0,270,0,0,0
0,9.778314,0,0,0,270,0,0,0
0,9.789284,0,0,0,270,0,0,0
0,9.800909,0,0,0,270,0,0,0
0,9.811599,0,0,0,270,0,0,0
0,9.822718,0,0,0,270,0,0,0
0,9.834107,0,0,0,270,0,0,0
0,9.844911,0,0,0,270,0,0,0
0,9.856413,0,0,0,270,0,0,0
0,9.866799,0,0,0,270,0,0,0
0,9.87812,0,0,0,270,0,0,0
0,9.888881,0,0,0,270,0,0,0
0,9.900188,0,0,0,270,0,0,0
0,9.911777,0,0,0,270,0,0,0
0,9.922245,0,0,0,270,0,0,0
0,9.933605,0,0,0,270,0,0,0
0,9.944492,0,0,0,270,0,0,0
0,9.955793,0,0,0,270,0,0,0
0,9.966608,0,0,0,270,0,0,0
0,9.977962,0,0,0,270,0,0,0
0,9.989235,0,0,0,270,0,0,0
0,10.00064,0,0,0,270,0,0,0
0,10.0113,0,0,0,270,0,0,0
0,10.02204,0,0,0,270,0,0,0
0,10.03337,0,0,0,270,0,0,0
0,10.0444,0,0,0,270,0,0,0
0,10.05564,0,0,0,270,0,0,0
0,10.06657,0,0,0,270,0,0,0
0,10.07796,0,0,0,270,0,0,0
0,10.08869,0,0,0,270,0,0,0
0,10.10006,0,0,0,270,0,0,0
0,10.11118,0,0,0,270,0,0,0
0,10.12213,0,0,0,270,0,0,0
0,10.13415,0,0,0,270,0,0,0
0,10.14457,0,0,0,270,0,0,0
0,10.15605,0,0,0,270,0,0,0
0,10.16665,0,0,0,270,0,0,0
0,10.17802,0,0,0,270,0,0,0
0,10.18895,0,0,0,270,0,0,0
0,10.20008,0,0,0,270,0,0,0
0,10.21152,0,0,0,270,0,0,0
0,10.22218,0,0,0,270,0,0,0
0,10.23415,0,0,0,270,0,0,0
0,10.24469,0,0,0,270,0,0,0
0,10.25576,0,0,0,270,0,0,0
0,10.26697,0,0,0,270,0,0,0
0,10.27798,0,0,0,270,0,0,0
0,10.2887,0,0,0,270,0,0,0
0,10.30003,0,0,0,270,0,0,0
0,10.3112,0,0,0,270,0,0,0
0,10.32231,0,0,0,270,0,0,0
0,10.33343,0,0,0,270,0,0,0
0,10.3444,0,0,0,270,0,0,0
0,10.35599,0,0,0,270,0,0,0
0,10.36697,0,0,0,270,0,0,0
0,10.37847,0,0,0,270,0,0,0
0,10.389,0,0,0,270,0,0,0
0,10.40003,0,0,0,270,0,0,0
0,10.4112,0,0,0,270,0,0,0
0,10.42254,0,0,0,270,0,0,0
0,10.43336,0,0,0,270,0,0,0
0,10.44402,0,0,0,270,0,0,0
0,10.45564,0,0,0,270,0,0,0
0,10.46655,0,0,0,270,0,0,0
0,10.47794,0,0,0,270,0,0,0
0,10.48879,0,0,0,270,0,0,0
0,10.50093,0,0,0,270,0,0,0
0,10.51155,0,0,0,270,0,0,0
0,10.52207,0,0,0,270,0,0,0
0,10.53382,0,0,0,270,0,0,0
0,10.54416,0,0,0,270,0,0,0
0,10.55553,0,0,0,270,0,0,0
0,10.56612,0,0,0,270,0,0,0
0,10.57763,0,0,0,270,0,0,0
0,10.58878,0,0,0,270,0,0,0
0,10.6001,0,0,0,270,0,0,0
0,10.61099,0,0,0,270,0,0,0
0,10.6216,0,0,0,270,0,0,0
0,10.63315,0,0,0,270,0,0,0
0,10.64471,0,0,0,270,0,0,0
0,10.65536,0,0,0,270,0,0,0
0,10.66632,0,0,0,270,0,0,0
0,10.67774,0,0,0,270,0,0,0
0,10.68913,0,0,0,270,0,0,0
0,10.69994,0,0,0,270,0,0,0
0,10.71085,0,0,0,270,0,0,0
0,10.72194,0,0,0,270,0,0,0
0,10.73321,0,0,0,270,0,0,0
0,10.74405,0,0,0,270,0,0,0
0,10.75591,0,0,0,270,0,0,0
0,10.76648,0,0,0,270,0,0,0
0,10.77765,0,0,0,270,0,0,0
0,10.78864,0,0,0,270,0,0,0
0,10.80001,0,0,0,270,0,0,0
0,10.81139,0,0,0,270,0,0,0
0,10.82159,0,0,0,270,0,0,0
0,10.83318,0,0,0,270,0,0,0
0,10.84408,0,0,0,270,0,0,0
0,10.85543,0,0,0,270,0,0,0
0,10.866,0,0,0,270,0,0,0
0,10.87758,0,0,0,270,0,0,0
0,10.88906,0,0,0,270,0,0,0
0,10.89996,0,0,0,270,0,0,0
0,10.91116,0,0,0,270,0,0,0
0,10.92173,0,0,0,270,0,0,0
0,10.93308,0,0,0,270,0,0,0
0,10.94388,0,0,0,270,0,0,0
0,10.95523,0,0,0,270,0,0,0
0,10.96646,0,0,0,270,0,0,0
0,10.97785,0,0,0,270,0,0,0
0,10.98844,0,0,0,270,0,0,0
0,11,0,0,0,270,0,0,0
0,11.01125,0,0,0,270,0,0,0
0,11.02165,0,0,0,270,0,0,0
0,11.03291,0,0,0,270,0,0,0
0,11.0438,0,0,0,270,0,0,0
0,11.05523,0,0,0,270,0,0,0
0,11.06593,0,0,0,270,0,0,0
0,11.07978,0,0,0,270,0,0,0
0,11.09519,0,0,0,270,0,0,0
0,11.10542,0,0,0,270,0,0,0
0,11.12185,0,0,0,270,0,0,0
0,11.13293,0,0,0,270,0,0,0
0,11.14397,0,0,0,270,0,0,0
0,11.15641,0,0,0,270,0,0,0
0,11.1664,0,0,0,270,0,0,0
0,11.17813,0,0,0,270,0,0,0
0,11.18869,0,0,0,270,0,0,0
0,11.1999,0,0,0,270,0,0,0
0,11.21114,0,0,0,270,0,0,0
0,11.22153,0,0,0,270,0,0,0
0,11.23359,0,0,0,270,0,0,0
0,11.24367,0,0,0,270,0,0,0
0,11.25522,0,0,0,270,0,0,0
0,11.26667,0,0,0,270,0,0,0
0,11.2779,0,0,0,270,0,0,0
0,11.28865,0,0,0,270,0,0,0
0,11.30001,0,0,0,270,0,0,0
0,11.31112,0,0,0,270,0,0,0
0,11.32173,0,0,0,270,0,0,0
0,11.33328,0,0,0,270,0,0,0
0,11.34465,0,0,0,270,0,0,0
0,11.35535,0,0,0,270,0,0,0
0,11.36602,0,0,0,270,0,0,0
0,11.37787,0,0,0,270,0,0,0
0,11.38843,0,0,0,270,0,0,0
0,11.3995,0,0,0,270,0,0,0
0,11.41105,0,0,0,270,0,0,0
0,11.42187,0,0,0,270,0,0,0
0,11.43297,0,0,0,270,0,0,0
0,11.44403,0,0,0,270,0,0,0
0,11.45603,0,0,0,270,0,0,0
0,11.46623,0,0,0,270,0,0,0
0,11.47748,0,0,0,270,0,0,0
0,11.48832,0,0,0,270,0,0,0
0,11.49967,0,0,0,270,0,0,0
0,11.51075,0,0,0,270,0,0,0
0,11.52169,0,0,0,270,0,0,0
0,11.5333,0,0,0,270,0,0,0
0,11.54367,0,0,0,270,0,0,0
0,11.55514,0,0,0,270,0,0,0
0,11.56568,0,0,0,270,0,0,0
0,11.57714,0,0,0,270,0,0,0
0,11.58801,0,0,0,270,0,0,0
0,11.5994,0,0,0,270,0,0,0
0,11.6109,0,0,0,270,0,0,0
0,11.62184,0,0,0,270,0,0,0
0,11.63275,0,0,0,270,0,0,0
0,11.64342,0,0,0,270,0,0,0
0,11.65503,0,0,0,270,0,0,0
0,11.66595,0,0,0,270,0,0,0
0,11.67705,0,0,0,270,0,0,0
0,11.68831,0,0,0,270,0,0,0
0,11.69932,0,0,0,270,0,0,0
0,11.71071,0,0,0,270,0,0,0
0,11.72136,0,0,0,270,0,0,0
0,11.73343,0,0,0,270,0,0,0
0,11.74359,0,0,0,270,0,0,0
0,11.75492,0,0,0,270,0,0,0
0,11.76569,0,0,0,270,0,0,0
0,11.7771,0,0,0,270,0,0,0
0,11.78857,0,0,0,270,0,0,0
0,11.79954,0,0,0,270,0,0,0
0,11.81019,0,0,0,270,0,0,0
0,11.82124,0,0,0,270,0,0,0
0,11.83319,0,0,0,270,0,0,0
0,11.84397,0,0,0,270,0,0,0
0,11.85491,0,0,0,270,0,0,0
0,11.8656,0,0,0,270,0,0,0
0,11.87754,0,0,0,270,0,0,0
0,11.88816,0,0,0,270,0,0,0
0,11.89925,0,0,0,270,0,0,0
0,11.91032,0,0,0,270,0,0,0
0,11.92149,0,0,0,270,0,0,0
0,11.93279,0,0,0,270,0,0,0
0,11.94358,0,0,0,270,0,0,0
0,11.95485,0,0,0,270,0,0,0
0,11.96555,0,0,0,270,0,0,0
0,11.97692,0,0,0,270,0,0,0
0,11.98799,0,0,0,270,0,0,0
0,11.99986,0,0,0,270,0,0,0
0,12.01027,0,0,0,270,0,0,0
0,12.02124,0,0,0,270,0,0,0
0,12.03257,0,0,0,270,0,0,0
0,12.04326,0,0,0,270,0,0,0
0,12.05485,0,0,0,270,0,0,0
0,12.06601,0,0,0,270,0,0,0
0,12.07726,0,0,0,270,0,0,0
0,12.08773,0,0,0,270,0,0,0
0,12.09929,0,0,0,270,0,0,0
0,12.11086,0,0,0,270,0,0,0
0,12.12144,0,0,0,270,0,0,0
0,12.13242,0,0,0,270,0,0,0
0,12.14386,0,0,0,270,0,0,0
0,12.15487,0,0,0,270,0,0,0
0,12.16564,0,0,0,270,0,0,0
0,12.17727,0,0,0,270,0,0,0
0,12.18844,0,0,0,270,0,0,0
0,12.19954,0,0,0,270,0,0,0
0,12.21081,0,0,0,270,0,0,0
0,12.22151,0,0,0,270,0,0,0
0,12.23307,0,0,0,270,0,0,0
0,12.24342,0,0,0,270,0,0,0
0,12.25543,0,0,0,270,0,0,0
0,12.2659,0,0,0,270,0,0,0
0,12.27706,0,0,0,270,0,0,0
0,12.2882,0,0,0,270,0,0,0
0,12.29989,0,0,0,270,0,0,0
0,12.31128,0,0,0,270,0,0,0
0,12.32115,0,0,0,270,0,0,0
0,12.3334,0,0,0,270,0,0,0
0,12.34372,0,0,0,270,0,0,0
0,12.35509,0,0,0,270,0,0,0
0,12.36571,0,0,0,270,0,0,0
0,12.37752,0,0,0,270,0,0,0
0,12.38804,0,0,0,270,0,0,0
0,12.39923,0,0,0,270,0,0,0
0,12.4107,0,0,0,270,0,0,0
0,12.4211,0,0,0,270,0,0,0
0,12.43261,0,0,0,270,0,0,0
0,12.44334,0,0,0,270,0,0,0
0,12.45524,0,0,0,270,0,0,0
0,12.46565,0,0,0,270,0,0,0
0,12.47709,0,0,0,270,0,0,0
0,12.48779,0,0,0,270,0,0,0
0,12.4991,0,0,0,270,0,0,0
0,12.51025,0,0,0,270,0,0,0
0,12.52137,0,0,0,270,0,0,0
0,12.53276,0,0,0,270,0,0,0
0,12.54372,0,0,0,270,0,0,0
0,12.55465,0,0,0,270,0,0,0
0,12.56539,0,0,0,270,0,0,0
0,12.57707,0,0,0,270,0,0,0
0,12.5877,0,0,0,270,0,0,0
0,12.59931,0,0,0,270,0,0,0
0,12.61039,0,0,0,270,0,0,0
0,12.6208,0,0,0,270,0,0,0
0,12.63281,0,0,0,270,0,0,0
0,12.64331,0,0,0,270,0,0,0
0,12.65462,0,0,0,270,0,0,0
0,12.66549,0,0,0,270,0,0,0
0,12.67677,0,0,0,270,0,0,0
0,12.68767,0,0,0,270,0,0,0
0,12.69915,0,0,0,270,0,0,0
0,12.70979,0,0,0,270,0,0,0
0,12.72102,0,0,0,270,0,0,0
0,12.73227,0,0,0,270,0,0,0
0,12.74296,0,0,0,270,0,0,0
0,12.75462,0,0,0,270,0,0,0
0,12.76604,0,0,0,270,0,0,0
0,12.77651,0,0,0,270,0,0,0
0,12.78739,0,0,0,270,0,0,0
0,12.79901,0,0,0,270,0,0,0
0,12.80943,0,0,0,270,0,0,0
0,12.82127,0,0,0,270,0,0,0
0,12.83238,0,0,0,270,0,0,0
0,12.84282,0,0,0,270,0,0,0
0,12.85475,0,0,0,270,0,0,0
0,12.86507,0,0,0,270,0,0,0
0,12.8768,0,0,0,270,0,0,0
0,12.88765,0,0,0,270,0,0,0
0,12.899,0,0,0,270,0,0,0
0,12.90981,0,0,0,270,0,0,0
0,12.92138,0,0,0,270,0,0,0
0,12.93219,0,0,0,270,0,0,0
0,12.94307,0,0,0,270,0,0,0
0,12.95465,0,0,0,270,0,0,0
0,12.96525,0,0,0,270,0,0,0
0,12.97676,0,0,0,270,0,0,0
0,12.98773,0,0,0,270,0,0,0
0,12.99939,0,0,0,270,0,0,0
0,13.00946,0,0,0,270,0,0,0
0,13.02101,0,0,0,270,0,0,0
0,13.03225,0,0,0,270,0,0,0
0,13.04287,0,0,0,270,0,0,0
0,13.05454,0,0,0,270,0,0,0
0,13.06544,0,0,0,270,0,0,0
0,13.07688,0,0,0,270,0,0,0
0,13.08746,0,0,0,270,0,0,0
0,13.09894,0,0,0,270,0,0,0
0,13.10972,0,0,0,270,0,0,0
0,13.12109,0,0,0,270,0,0,0
0,13.13225,0,0,0,270,0,0,0
0,13.14277,0,0,0,270,0,0,0
0,13.15485,0,0,0,270,0,0,0
0,13.16492,0,0,0,270,0,0,0
0,13.17652,0,0,0,270,0,0,0
0,13.18772,0,0,0,270,0,0,0
0,13.19873,0,0,0,270,0,0,0
0,13.20951,0,0,0,270,0,0,0
0,13.22227,0,0,0,270,0,0,0
0,13.23222,0,0,0,270,0,0,0
0,13.24421,0,0,0,270,0,0,0
0,13.25451,0,0,0,270,0,0,0
0,13.26551,0,0,0,270,0,0,0
0,13.27685,0,0,0,270,0,0,0
0,13.28747,0,0,0,270,0,0,0
0,13.29906,0,0,0,270,0,0,0
0,13.30956,0,0,0,270,0,0,0
0,13.32124,0,0,0,270,0,0,0
0,13.33329,0,0,0,270,0,0,0
0,13.34361,0,0,0,270,0,0,0
0,13.35445,0,0,0,270,0,0,0
0,13.36501,0,0,0,270,0,0,0
0,13.37729,0,0,0,270,0,0,0
0,13.38715,0,0,0,270,0,0,0
0,13.39894,0,0,0,270,0,0,0
0,13.40961,0,0,0,270,0,0,0
0,13.42105,0,0,0,270,0,0,0
0,13.43248,0,0,0,270,0,0,0
0,13.44301,0,0,0,270,0,0,0
0,13.45444,0,0,0,270,0,0,0
0,13.46498,0,0,0,270,0,0,0
0,13.47714,0,0,0,270,0,0,0
0,13.48808,0,0,0,270,0,0,0
0,13.49912,0,0,0,270,0,0,0
0,13.50953,0,0,0,270,0,0,0
0,13.5212,0,0,0,270,0,0,0
0,13.53317,0,0,0,270,0,0,0
0,13.54281,0,0,0,270,0,0,0
0,13.55457,0,0,0,270,0,0,0
0,13.56511,0,0,0,270,0,0,0
0,13.57652,0,0,0,270,0,0,0
0,13.58722,0,0,0,270,0,0,0
0,13.59859,0,0,0,270,0,0,0
0,13.60928,0,0,0,270,0,0,0
0,13.62069,0,0,0,270,0,0,0
0,13.63177,0,0,0,270,0,0,0
0,13.64318,0,0,0,270,0,0,0
0,13.65472,0,0,0,270,0,0,0
0,13.66484,0,0,0,270,0,0,0
0,13.67621,0,0,0,270,0,0,0
0,13.68733,0,0,0,270,0,0,0
0,13.69855,0,0,0,270,0,0,0
0,13.70939,0,0,0,270,0,0,0
0,13.72112,0,0,0,270,0,0,0
0,13.73186,0,0,0,270,0,0,0
0,13.74259,0,0,0,270,0,0,0
0,13.75424,0,0,0,270,0,0,0
0,13.76562,0,0,0,270,0,0,0
0,13.77631,0,0,0,270,0,0,0
0,13.78691,0,0,0,270,0,0,0
0,13.79916,0,0,0,270,0,0,0
0,13.80926,0,0,0,270,0,0,0
0,13.82105,0,0,0,270,0,0,0
0,13.83214,0,0,0,270,0,0,0
0,13.84301,0,0,0,270,0,0,0
0,13.854,0,0,0,270,0,0,0
0,13.86484,0,0,0,270,0,0,0
0,13.87729,0,0,0,270,0,0,0
0,13.88705,0,0,0,270,0,0,0
0,13.89911,0,0,0,270,0,0,0
0,13.90934,0,0,0,270,0,0,0
0,13.92109,0,0,0,270,0,0,0
0,13.93195,0,0,0,270,0,0,0
0,13.94263,0,0,0,270,0,0,0
0,13.95462,0,0,0,270,0,0,0
0,13.96527,0,0,0,270,0,0,0
0,13.97663,0,0,0,270,0,0,0
0,13.98713,0,0,0,270,0,0,0
0,13.999,0,0,0,270,0,0,0
0,14.00928,0,0,0,270,0,0,0
0,14.02171,0,0,0,270,0,0,0
0,14.03213,0,0,0,270,0,0,0
0,14.04271,0,0,0,270,0,0,0
0,14.05411,0,0,0,270,0,0,0
0,14.06459,0,0,0,270,0,0,0
0,14.07679,0,0,0,270,0,0,0
0,14.08682,0,0,0,270,0,0,0
0,14.0986,0,0,0,270,0,0,0
0,14.10926,0,0,0,270,0,0,0
0,14.12062,0,0,0,270,0,0,0
0,14.13155,0,0,0,270,0,0,0
0,14.14288,0,0,0,270,0,0,0
0,14.15468,0,0,0,270,0,0,0
0,14.16474,0,0,0,270,0,0,0
0,14.17642,0,0,0,270,0,0,0
0,14.18682,0,0,0,270,0,0,0
0,14.19839,0,0,0,270,0,0,0
0,14.20906,0,0,0,270,0,0,0
0,14.2209,0,0,0,270,0,0,0
0,14.23159,0,0,0,270,0,0,0
0,14.24253,0,0,0,270,0,0,0
0,14.25435,0,0,0,270,0,0,0
0,14.26472,0,0,0,270,0,0,0
0,14.27952,0,0,0,270,0,0,0
0,14.28708,0,0,0,270,0,0,0
0,14.2994,0,0,0,270,0,0,0
0,14.30913,0,0,0,270,0,0,0
0,14.32122,0,0,0,270,0,0,0
0,14.33229,0,0,0,270,0,0,0
0,14.34328,0,0,0,270,0,0,0
0,14.35421,0,0,0,270,0,0,0
0,14.36454,0,0,0,270,0,0,0
0,14.37633,0,0,0,270,0,0,0
0,14.38674,0,0,0,270,0,0,0
0,14.3983,0,0,0,270,0,0,0
0,14.40927,0,0,0,270,0,0,0
0,14.42042,0,0,0,270,0,0,0
0,14.43178,0,0,0,270,0,0,0
0,14.44271,0,0,0,270,0,0,0
0,14.45393,0,0,0,270,0,0,0
0,14.46461,0,0,0,270,0,0,0
0,14.47613,0,0,0,270,0,0,0
0,14.4867,0,0,0,270,0,0,0
0,14.49855,0,0,0,270,0,0,0
0,14.50971,0,0,0,270,0,0,0
0,14.52149,0,0,0,270,0,0,0
0,14.53197,0,0,0,270,0,0,0
0,14.5428,0,0,0,270,0,0,0
0,14.55394,0,0,0,270,0,0,0
0,14.56483,0,0,0,270,0,0,0
0,14.57667,0,0,0,270,0,0,0
0,14.58678,0,0,0,270,0,0,0
0,14.59822,0,0,0,270,0,0,0
0,14.60923,0,0,0,270,0,0,0
0,14.62022,0,0,0,270,0,0,0
0,14.6317,0,0,0,270,0,0,0
0,14.64257,0,0,0,270,0,0,0
0,14.65384,0,0,0,270,0,0,0
0,14.66452,0,0,0,270,0,0,0
0,14.67614,0,0,0,270,0,0,0
0,14.68708,0,0,0,270,0,0,0
0,14.6982,0,0,0,270,0,0,0
0,14.70923,0,0,0,270,0,0,0
0,14.72053,0,0,0,270,0,0,0
0,14.73185,0,0,0,270,0,0,0
0,14.7429,0,0,0,270,0,0,0
0,14.7542,0,0,0,270,0,0,0
0,14.76458,0,0,0,270,0,0,0
0,14.77612,0,0,0,270,0,0,0
0,14.78668,0,0,0,270,0,0,0
0,14.79813,0,0,0,270,0,0,0
0,14.80884,0,0,0,270,0,0,0
0,14.82049,0,0,0,270,0,0,0
0,14.83198,0,0,0,270,0,0,0
0,14.84237,0,0,0,270,0,0,0
0,14.85361,0,0,0,270,0,0,0
0,14.86468,0,0,0,270,0,0,0
0,14.87628,0,0,0,270,0,0,0
0,14.88653,0,0,0,270,0,0,0
0,14.89851,0,0,0,270,0,0,0
0,14.9092,0,0,0,270,0,0,0
0,14.92024,0,0,0,270,0,0,0
0,14.9319,0,0,0,270,0,0,0
0,14.94224,0,0,0,270,0,0,0
0,14.95428,0,0,0,270,0,0,0
0,14.96455,0,0,0,270,0,0,0
0,14.97611,0,0,0,270,0,0,0
0,14.98668,0,0,0,270,0,0,0
0,14.99865,0,0,0,270,0,0,0
0,15.00907,0,0,0,270,0,0,0
0,15.02029,0,0,0,270,0,0,0
0,15.03164,0,0,0,270,0,0,0
0,15.04203,0,0,0,270,0,0,0
0,15.05393,0,0,0,270,0,0,0
0,15.06449,0,0,0,270,0,0,0
0,15.07578,0,0,0,270,0,0,0
0,15.08637,0,0,0,270,0,0,0
0,15.09798,0,0,0,270,0,0,0
0,15.10855,0,0,0,270,0,0,0
0,15.11998,0,0,0,270,0,0,0
0,15.13127,0,0,0,270,0,0,0
0,15.1423,0,0,0,270,0,0,0
0,15.15337,0,0,0,270,0,0,0
0,15.16436,0,0,0,270,0,0,0
0,15.17591,0,0,0,270,0,0,0
0,15.18626,0,0,0,270,0,0,0
0,15.19787,0,0,0,270,0,0,0
0,15.20868,0,0,0,270,0,0,0
0,15.22009,0,0,0,270,0,0,0
0,15.23114,0,0,0,270,0,0,0
0,15.24184,0,0,0,270,0,0,0
0,15.25333,0,0,0,270,0,0,0
0,15.26436,0,0,0,270,0,0,0
0,15.27592,0,0,0,270,0,0,0
0,15.2868,0,0,0,270,0,0,0
0,15.29884,0,0,0,270,0,0,0
0,15.30888,0,0,0,270,0,0,0
0,15.32019,0,0,0,270,0,0,0
0,15.33155,0,0,0,270,0,0,0
0,15.3423,0,0,0,270,0,0,0
0,15.35369,0,0,0,270,0,0,0
0,15.36447,0,0,0,270,0,0,0
0,15.37661,0,0,0,270,0,0,0
0,15.38653,0,0,0,270,0,0,0
0,15.39801,0,0,0,270,0,0,0
0,15.40871,0,0,0,270,0,0,0
0,15.42066,0,0,0,270,0,0,0
0,15.43137,0,0,0,270,0,0,0
0,15.44224,0,0,0,270,0,0,0
0,15.45391,0,0,0,270,0,0,0
0,15.4643,0,0,0,270,0,0,0
0,15.47633,0,0,0,270,0,0,0
0,15.48692,0,0,0,270,0,0,0
0,15.49829,0,0,0,270,0,0,0
0,15.50867,0,0,0,270,0,0,0
0,15.52058,0,0,0,270,0,0,0
0,15.53221,0,0,0,270,0,0,0
0,15.54197,0,0,0,270,0,0,0
0,15.55331,0,0,0,270,0,0,0
0,15.56419,0,0,0,270,0,0,0
0,15.57575,0,0,0,270,0,0,0
0,15.58648,0,0,0,270,0,0,0
0,15.59806,0,0,0,270,0,0,0
0,15.60874,0,0,0,270,0,0,0
0,15.62021,0,0,0,270,0,0,0
0,15.63097,0,0,0,270,0,0,0
0,15.64216,0,0,0,270,0,0,0
0,15.65328,0,0,0,270,0,0,0
0,15.66389,0,0,0,270,0,0,0
0,15.67566,0,0,0,270,0,0,0
0,15.68672,0,0,0,270,0,0,0
0,15.69789,0,0,0,270,0,0,0
0,15.70852,0,0,0,270,0,0,0
0,15.71979,0,0,0,270,0,0,0
0,15.73107,0,0,0,270,0,0,0
0,15.74183,0,0,0,270,0,0,0
0,15.75343,0,0,0,270,0,0,0
0,15.76377,0,0,0,270,0,0,0
0,15.77521,0,0,0,270,0,0,0
0,15.78609,0,0,0,270,0,0,0
0,15.79753,0,0,0,270,0,0,0
0,15.80867,0,0,0,270,0,0,0
0,15.8202,0,0,0,270,0,0,0
0,15.83114,0,0,0,270,0,0,0
0,15.84157,0,0,0,270,0,0,0
0,15.85334,0,0,0,270,0,0,0
0,15.86394,0,0,0,270,0,0,0
0,15.8758,0,0,0,270,0,0,0
0,15.88607,0,0,0,270,0,0,0
0,15.89752,0,0,0,270,0,0,0
0,15.90832,0,0,0,270,0,0,0
0,15.91997,0,0,0,270,0,0,0
0,15.93107,0,0,0,270,0,0,0
0,15.94172,0,0,0,270,0,0,0
0,15.95344,0,0,0,270,0,0,0
0,15.96402,0,0,0,270,0,0,0
0,15.9753,0,0,0,270,0,0,0
0,15.98617,0,0,0,270,0,0,0
0,15.99842,0,0,0,270,0,0,0
0,16.00846,0,0,0,270,0,0,0
0,16.01982,0,0,0,270,0,0,0
0,16.03193,0,0,0,270,0,0,0
0,16.04177,0,0,0,270,0,0,0
0,16.05318,0,0,0,270,0,0,0
0,16.06372,0,0,0,270,0,0,0
0,16.07518,0,0,0,270,0,0,0
0,16.08608,0,0,0,270,0,0,0
0,16.09754,0,0,0,270,0,0,0
0,16.10842,0,0,0,270,0,0,0
0,16.11951,0,0,0,270,0,0,0
0,16.13082,0,0,0,270,0,0,0
0,16.14179,0,0,0,270,0,0,0
0,16.15304,0,0,0,270,0,0,0
0,16.16393,0,0,0,270,0,0,0
0,16.17603,0,0,0,270,0,0,0
0,16.18582,0,0,0,270,0,0,0
0,16.19749,0,0,0,270,0,0,0
0,16.20884,0,0,0,270,0,0,0
0,16.21971,0,0,0,270,0,0,0
0,16.23084,0,0,0,270,0,0,0
0,16.24156,0,0,0,270,0,0,0
0,16.25308,0,0,0,270,0,0,0
0,16.26402,0,0,0,270,0,0,0
0,16.27522,0,0,0,270,0,0,0
0,16.28593,0,0,0,270,0,0,0
0,16.29807,0,0,0,270,0,0,0
0,16.30866,0,0,0,270,0,0,0
0,16.32042,0,0,0,270,0,0,0
0,16.33155,0,0,0,270,0,0,0
0,16.34185,0,0,0,270,0,0,0
0,16.35304,0,0,0,270,0,0,0
0,16.36408,0,0,0,270,0,0,0
0,16.37589,0,0,0,270,0,0,0
0,16.38615,0,0,0,270,0,0,0
0,16.39735,0,0,0,270,0,0,0
0,16.4088,0,0,0,270,0,0,0
0,16.41958,0,0,0,270,0,0,0
0,16.43081,0,0,0,270,0,0,0
0,16.4414,0,0,0,270,0,0,0
0,16.4535,0,0,0,270,0,0,0
0,16.46364,0,0,0,270,0,0,0
0,16.47499,0,0,0,270,0,0,0
0,16.48622,0,0,0,270,0,0,0
0,16.49797,0,0,0,270,0,0,0
0,16.50801,0,0,0,270,0,0,0
0,16.52019,0,0,0,270,0,0,0
0,16.53153,0,0,0,270,0,0,0
0,16.54165,0,0,0,270,0,0,0
0,16.55358,0,0,0,270,0,0,0
0,16.56391,0,0,0,270,0,0,0
0,16.57584,0,0,0,270,0,0,0
0,16.58616,0,0,0,270,0,0,0
0,16.59767,0,0,0,270,0,0,0
0,16.60855,0,0,0,270,0,0,0
0,16.61974,0,0,0,270,0,0,0
0,16.63084,0,0,0,270,0,0,0
0,16.6416,0,0,0,270,0,0,0
0,16.65274,0,0,0,270,0,0,0
0,16.6637,0,0,0,270,0,0,0
0,16.6755,0,0,0,270,0,0,0
0,16.68569,0,0,0,270,0,0,0
0,16.69734,0,0,0,270,0,0,0
0,16.70846,0,0,0,270,0,0,0
0,16.71964,0,0,0,270,0,0,0
0,16.73123,0,0,0,270,0,0,0
0,16.7416,0,0,0,270,0,0,0
0,16.75316,0,0,0,270,0,0,0
0,16.76367,0,0,0,270,0,0,0
0,16.77497,0,0,0,270,0,0,0
0,16.7858,0,0,0,270,0,0,0
0,16.79752,0,0,0,270,0,0,0
0,16.80787,0,0,0,270,0,0,0
0,16.81931,0,0,0,270,0,0,0
0,16.83072,0,0,0,270,0,0,0
0,16.84196,0,0,0,270,0,0,0
0,16.85288,0,0,0,270,0,0,0
0,16.86339,0,0,0,270,0,0,0
0,16.8753,0,0,0,270,0,0,0
0,16.88579,0,0,0,270,0,0,0
0,16.89728,0,0,0,270,0,0,0
0,16.90793,0,0,0,270,0,0,0
0,16.92004,0,0,0,270,0,0,0
0,16.93036,0,0,0,270,0,0,0
0,16.94174,0,0,0,270,0,0,0
0,16.95333,0,0,0,270,0,0,0
0,16.96358,0,0,0,270,0,0,0
0,16.97517,0,0,0,270,0,0,0
0,16.98579,0,0,0,270,0,0,0
0,16.99734,0,0,0,270,0,0,0
0,17.00772,0,0,0,270,0,0,0
0,17.01981,0,0,0,270,0,0,0
0,17.03116,0,0,0,270,0,0,0
0,17.0414,0,0,0,270,0,0,0
0,17.05294,0,0,0,270,0,0,0
0,17.06345,0,0,0,270,0,0,0
0,17.07504,0,0,0,270,0,0,0
0,17.08564,0,0,0,270,0,0,0
0,17.09702,0,0,0,270,0,0,0
0,17.10771,0,0,0,270,0,0,0
0,17.11915,0,0,0,270,0,0,0
0,17.13112,0,0,0,270,0,0,0
0,17.14183,0,0,0,270,0,0,0
0,17.15265,0,0,0,270,0,0,0
0,17.16326,0,0,0,270,0,0,0
0,17.1756,0,0,0,270,0,0,0
0,17.18552,0,0,0,270,0,0,0
0,17.19696,0,0,0,270,0,0,0
0,17.20771,0,0,0,270,0,0,0
0,17.21942,0,0,0,270,0,0,0
0,17.23051,0,0,0,270,0,0,0
0,17.2411,0,0,0,270,0,0,0
0,17.25266,0,0,0,270,0,0,0
0,17.26323,0,0,0,270,0,0,0
0,17.27471,0,0,0,270,0,0,0
0,17.2857,0,0,0,270,0,0,0
0,17.29695,0,0,0,270,0,0,0
0,17.30772,0,0,0,270,0,0,0
0,17.31934,0,0,0,270,0,0,0
0,17.33057,0,0,0,270,0,0,0
0,17.34158,0,0,0,270,0,0,0
0,17.35313,0,0,0,270,0,0,0
0,17.3636,0,0,0,270,0,0,0
0,17.37601,0,0,0,270,0,0,0
0,17.38574,0,0,0,270,0,0,0
0,17.39792,0,0,0,270,0,0,0
0,17.41196,0,0,0,270,0,0,0
0,17.42246,0,0,0,270,0,0,0
0,17.43071,0,0,0,270,0,0,0
0,17.44152,0,0,0,270,0,0,0
0,17.45299,0,0,0,270,0,0,0
0,17.4634,0,0,0,270,0,0,0
0,17.47503,0,0,0,270,0,0,0
0,17.48547,0,0,0,270,0,0,0
0,17.49698,0,0,0,270,0,0,0
0,17.50783,0,0,0,270,0,0,0
0,17.5197,0,0,0,270,0,0,0
0,17.53049,0,0,0,270,0,0,0
0,17.54135,0,0,0,270,0,0,0
0,17.55271,0,0,0,270,0,0,0
0,17.5647,0,0,0,270,0,0,0
0,17.57581,0,0,0,270,0,0,0
0,17.58583,0,0,0,270,0,0,0
0,17.59725,0,0,0,270,0,0,0
0,17.60813,0,0,0,270,0,0,0
0,17.61954,0,0,0,270,0,0,0
0,17.63061,0,0,0,270,0,0,0
0,17.64138,0,0,0,270,0,0,0
0,17.65257,0,0,0,270,0,0,0
0,17.66335,0,0,0,270,0,0,0
0,17.67509,0,0,0,270,0,0,0
0,17.68592,0,0,0,270,0,0,0
0,17.69701,0,0,0,270,0,0,0
0,17.70778,0,0,0,270,0,0,0
0,17.71944,0,0,0,270,0,0,0
0,17.73037,0,0,0,270,0,0,0
0,17.74098,0,0,0,270,0,0,0
0,17.75227,0,0,0,270,0,0,0
0,17.7633,0,0,0,270,0,0,0
0,17.77429,0,0,0,270,0,0,0
0,17.78529,0,0,0,270,0,0,0
0,17.79669,0,0,0,270,0,0,0
0,17.80742,0,0,0,270,0,0,0
0,17.81925,0,0,0,270,0,0,0
0,17.83052,0,0,0,270,0,0,0
0,17.84088,0,0,0,270,0,0,0
0,17.85237,0,0,0,270,0,0,0
0,17.86338,0,0,0,270,0,0,0
0,17.87462,0,0,0,270,0,0,0
0,17.88533,0,0,0,270,0,0,0
0,17.89704,0,0,0,270,0,0,0
0,17.90774,0,0,0,270,0,0,0
0,17.91906,0,0,0,270,0,0,0
0,17.92986,0,0,0,270,0,0,0
0,17.94119,0,0,0,270,0,0,0
0,17.95214,0,0,0,270,0,0,0
0,17.96322,0,0,0,270,0,0,0
0,17.97457,0,0,0,270,0,0,0
0,17.98528,0,0,0,270,0,0,0
0,17.99682,0,0,0,270,0,0,0
0,18.00796,0,0,0,270,0,0,0
0,18.0196,0,0,0,270,0,0,0
0,18.02974,0,0,0,270,0,0,0
0,18.04114,0,0,0,270,0,0,0
0,18.05231,0,0,0,270,0,0,0
0,18.06297,0,0,0,270,0,0,0
0,18.07445,0,0,0,270,0,0,0
0,18.08528,0,0,0,270,0,0,0
0,18.09654,0,0,0,270,0,0,0
0,18.10748,0,0,0,270,0,0,0
0,18.1227,0,0,0,270,0,0,0
0,18.13583,0,0,0,270,0,0,0
0,18.15217,0,0,0,270,0,0,0
0,18.16301,0,0,0,270,0,0,0
0,18.17434,0,0,0,270,0,0,0
0,18.18526,0,0,0,270,0,0,0
0,18.19644,0,0,0,270,0,0,0
0,18.20761,0,0,0,270,0,0,0
0,18.21947,0,0,0,270,0,0,0
0,18.22966,0,0,0,270,0,0,0
0,18.241,0,0,0,270,0,0,0
0,18.25216,0,0,0,270,0,0,0
0,18.26278,0,0,0,270,0,0,0
0,18.27436,0,0,0,270,0,0,0
0,18.28503,0,0,0,270,0,0,0
0,18.29649,0,0,0,270,0,0,0
0,18.30752,0,0,0,270,0,0,0
0,18.31901,0,0,0,270,0,0,0
0,18.32951,0,0,0,270,0,0,0
0,18.34128,0,0,0,270,0,0,0
0,18.35229,0,0,0,270,0,0,0
0,18.3631,0,0,0,270,0,0,0
0,18.37531,0,0,0,270,0,0,0
0,18.38567,0,0,0,270,0,0,0
0,18.39735,0,0,0,270,0,0,0
0,18.40809,0,0,0,270,0,0,0
0,18.41935,0,0,0,270,0,0,0
0,18.42973,0,0,0,270,0,0,0
0,18.44129,0,0,0,270,0,0,0
0,18.45201,0,0,0,270,0,0,0
0,18.46289,0,0,0,270,0,0,0
0,18.4745,0,0,0,270,0,0,0
0,18.48558,0,0,0,270,0,0,0
0,18.49676,0,0,0,270,0,0,0
0,18.50739,0,0,0,270,0,0,0
0,18.51921,0,0,0,270,0,0,0
0,18.5298,0,0,0,270,0,0,0
0,18.54102,0,0,0,270,0,0,0
0,18.552,0,0,0,270,0,0,0
0,18.56312,0,0,0,270,0,0,0
0,18.57429,0,0,0,270,0,0,0
0,18.58487,0,0,0,270,0,0,0
0,18.59745,0,0,0,270,0,0,0
0,18.60751,0,0,0,270,0,0,0
0,18.61884,0,0,0,270,0,0,0
0,18.62965,0,0,0,270,0,0,0
0,18.64143,0,0,0,270,0,0,0
0,18.65215,0,0,0,270,0,0,0
0,18.66273,0,0,0,270,0,0,0
0,18.67426,0,0,0,270,0,0,0
0,18.68492,0,0,0,270,0,0,0
0,18.69657,0,0,0,270,0,0,0
0,18.7078,0,0,0,270,0,0,0
0,18.71865,0,0,0,270,0,0,0
0,18.72957,0,0,0,270,0,0,0
0,18.74135,0,0,0,270,0,0,0
0,18.75213,0,0,0,270,0,0,0
0,18.76264,0,0,0,270,0,0,0
0,18.77411,0,0,0,270,0,0,0
0,18.78487,0,0,0,270,0,0,0
0,18.79625,0,0,0,270,0,0,0
0,18.80709,0,0,0,270,0,0,0
0,18.81844,0,0,0,270,0,0,0
0,18.82966,0,0,0,270,0,0,0
0,18.84074,0,0,0,270,0,0,0
0,18.85177,0,0,0,270,0,0,0
0,18.86252,0,0,0,270,0,0,0
0,18.87405,0,0,0,270,0,0,0
0,18.8847,0,0,0,270,0,0,0
0,18.89621,0,0,0,270,0,0,0
0,18.90689,0,0,0,270,0,0,0
0,18.91837,0,0,0,270,0,0,0
0,18.92918,0,0,0,270,0,0,0
0,18.94132,0,0,0,270,0,0,0
0,18.95179,0,0,0,270,0,0,0
0,18.96254,0,0,0,270,0,0,0
0,18.97393,0,0,0,270,0,0,0
0,18.98535,0,0,0,270,0,0,0
0,18.99644,0,0,0,270,0,0,0
0,19.00694,0,0,0,270,0,0,0
0,19.01911,0,0,0,270,0,0,0
0,19.02931,0,0,0,270,0,0,0
0,19.04078,0,0,0,270,0,0,0
0,19.05184,0,0,0,270,0,0,0
0,19.06304,0,0,0,270,0,0,0
0,19.07416,0,0,0,270,0,0,0
0,19.08486,0,0,0,270,0,0,0
0,19.09651,0,0,0,270,0,0,0
0,19.10719,0,0,0,270,0,0,0
0,19.11851,0,0,0,270,0,0,0
0,19.1292,0,0,0,270,0,0,0
0,19.14052,0,0,0,270,0,0,0
0,19.15166,0,0,0,270,0,0,0
0,19.16254,0,0,0,270,0,0,0
0,19.17378,0,0,0,270,0,0,0
0,19.1847,0,0,0,270,0,0,0
0,19.19621,0,0,0,270,0,0,0
0,19.20681,0,0,0,270,0,0,0
0,19.2189,0,0,0,270,0,0,0
0,19.22911,0,0,0,270,0,0,0
0,19.24079,0,0,0,270,0,0,0
0,19.25218,0,0,0,270,0,0,0
0,19.26243,0,0,0,270,0,0,0
0,19.2741,0,0,0,270,0,0,0
0,19.28472,0,0,0,270,0,0,0
0,19.29609,0,0,0,270,0,0,0
0,19.30686,0,0,0,270,0,0,0
0,19.31842,0,0,0,270,0,0,0
0,19.32947,0,0,0,270,0,0,0
0,19.34049,0,0,0,270,0,0,0
0,19.35169,0,0,0,270,0,0,0
0,19.36226,0,0,0,270,0,0,0
0,19.37397,0,0,0,270,0,0,0
0,19.38461,0,0,0,270,0,0,0
0,19.39642,0,0,0,270,0,0,0
0,19.40729,0,0,0,270,0,0,0
0,19.41836,0,0,0,270,0,0,0
0,19.42976,0,0,0,270,0,0,0
0,19.44157,0,0,0,270,0,0,0
0,19.452,0,0,0,270,0,0,0
0,19.46248,0,0,0,270,0,0,0
0,19.47406,0,0,0,270,0,0,0
0,19.4846,0,0,0,270,0,0,0
0,19.49621,0,0,0,270,0,0,0
0,19.50699,0,0,0,270,0,0,0
0,19.51914,0,0,0,270,0,0,0
0,19.5294,0,0,0,270,0,0,0
0,19.54067,0,0,0,270,0,0,0
0,19.55206,0,0,0,270,0,0,0
0,19.56298,0,0,0,270,0,0,0
0,19.57396,0,0,0,270,0,0,0
0,19.58477,0,0,0,270,0,0,0
0,19.59617,0,0,0,270,0,0,0
0,19.60729,0,0,0,270,0,0,0
0,19.61895,0,0,0,270,0,0,0
0,19.62911,0,0,0,270,0,0,0
0,19.6404,0,0,0,270,0,0,0
0,19.65203,0,0,0,270,0,0,0
0,19.66223,0,0,0,270,0,0,0
0,19.67484,0,0,0,270,0,0,0
0,19.6846,0,0,0,270,0,0,0
0,19.69669,0,0,0,270,0,0,0
0,19.70769,0,0,0,270,0,0,0
0,19.71848,0,0,0,270,0,0,0
0,19.72889,0,0,0,270,0,0,0
0,19.74034,0,0,0,270,0,0,0
0,19.75196,0,0,0,270,0,0,0
0,19.76277,0,0,0,270,0,0,0
0,19.77418,0,0,0,270,0,0,0
0,19.78505,0,0,0,270,0,0,0
0,19.79664,0,0,0,270,0,0,0
0,19.80669,0,0,0,270,0,0,0
0,19.81832,0,0,0,270,0,0,0
0,19.82896,0,0,0,270,0,0,0
0,19.84034,0,0,0,270,0,0,0
0,19.8514,0,0,0,270,0,0,0
0,19.86238,0,0,0,270,0,0,0
0,19.87413,0,0,0,270,0,0,0
0,19.8845,0,0,0,270,0,0,0
0,19.8962,0,0,0,270,0,0,0
0,19.90719,0,0,0,270,0,0,0
0,19.91845,0,0,0,270,0,0,0
0,19.92881,0,0,0,270,0,0,0
0,19.94054,0,0,0,270,0,0,0
0,19.9524,0,0,0,270,0,0,0
0,19.96232,0,0,0,270,0,0,0
0,19.97394,0,0,0,270,0,0,0
0,19.98466,0,0,0,270,0,0,0
0,19.99632,0,0,0,270,0,0,0
0,20.00697,0,0,0,270,0,0,0
0,20.01898,0,0,0,270,0,0,0
0,20.02875,0,0,0,270,0,0,0
0,20.04027,0,0,0,270,0,0,0
0,20.05149,0,0,0,270,0,0,0
0,20.06215,0,0,0,270,0,0,0
0,20.074,0,0,0,270,0,0,0
0,20.08445,0,0,0,270,0,0,0
0,20.09589,0,0,0,270,0,0,0
0,20.1065,0,0,0,270,0,0,0
0,20.11815,0,0,0,270,0,0,0
0,20.12888,0,0,0,270,0,0,0
0,20.14014,0,0,0,270,0,0,0
0,20.15134,0,0,0,270,0,0,0
0,20.16192,0,0,0,270,0,0,0
0,20.17363,0,0,0,270,0,0,0
0,20.18405,0,0,0,270,0,0,0
0,20.1957,0,0,0,270,0,0,0
0,20.20642,0,0,0,270,0,0,0
0,20.21785,0,0,0,270,0,0,0
0,20.22853,0,0,0,270,0,0,0
0,20.24028,0,0,0,270,0,0,0
0,20.25181,0,0,0,270,0,0,0
0,20.26182,0,0,0,270,0,0,0
0,20.27327,0,0,0,270,0,0,0
0,20.28432,0,0,0,270,0,0,0
0,20.29613,0,0,0,270,0,0,0
0,20.30655,0,0,0,270,0,0,0
0,20.31791,0,0,0,270,0,0,0
0,20.32867,0,0,0,270,0,0,0
0,20.34018,0,0,0,270,0,0,0
0,20.35108,0,0,0,270,0,0,0
0,20.36184,0,0,0,270,0,0,0
0,20.3736,0,0,0,270,0,0,0
0,20.38419,0,0,0,270,0,0,0
0,20.39569,0,0,0,270,0,0,0
0,20.40688,0,0,0,270,0,0,0
0,20.41775,0,0,0,270,0,0,0
0,20.42883,0,0,0,270,0,0,0
0,20.44084,0,0,0,270,0,0,0
0,20.45165,0,0,0,270,0,0,0
0,20.46224,0,0,0,270,0,0,0
0,20.47451,0,0,0,270,0,0,0
0,20.48443,0,0,0,270,0,0,0
0,20.49582,0,0,0,270,0,0,0
0,20.50642,0,0,0,270,0,0,0
0,20.5181,0,0,0,270,0,0,0
0,20.52857,0,0,0,270,0,0,0
0,20.54023,0,0,0,270,0,0,0
0,20.55128,0,0,0,270,0,0,0
0,20.56204,0,0,0,270,0,0,0
0,20.57335,0,0,0,270,0,0,0
0,20.58412,0,0,0,270,0,0,0
0,20.59612,0,0,0,270,0,0,0
0,20.60656,0,0,0,270,0,0,0
0,20.61769,0,0,0,270,0,0,0
0,20.62876,0,0,0,270,0,0,0
0,20.64077,0,0,0,270,0,0,0
0,20.65132,0,0,0,270,0,0,0
0,20.66226,0,0,0,270,0,0,0
0,20.67434,0,0,0,270,0,0,0
0,20.68428,0,0,0,270,0,0,0
0,20.69617,0,0,0,270,0,0,0
0,20.70646,0,0,0,270,0,0,0
0,20.71836,0,0,0,270,0,0,0
0,20.72856,0,0,0,270,0,0,0
0,20.74025,0,0,0,270,0,0,0
0,20.75149,0,0,0,270,0,0,0
0,20.76182,0,0,0,270,0,0,0
0,20.77431,0,0,0,270,0,0,0
0,20.78419,0,0,0,270,0,0,0
0,20.79551,0,0,0,270,0,0,0
0,20.80661,0,0,0,270,0,0,0
0,20.81759,0,0,0,270,0,0,0
0,20.82877,0,0,0,270,0,0,0
0,20.83988,0,0,0,270,0,0,0
0,20.85098,0,0,0,270,0,0,0
0,20.86197,0,0,0,270,0,0,0
0,20.87303,0,0,0,270,0,0,0
0,20.88384,0,0,0,270,0,0,0
0,20.89529,0,0,0,270,0,0,0
0,20.90622,0,0,0,270,0,0,0
0,20.91769,0,0,0,270,0,0,0
0,20.92846,0,0,0,270,0,0,0
0,20.94002,0,0,0,270,0,0,0
0,20.95158,0,0,0,270,0,0,0
0,20.96206,0,0,0,270,0,0,0
0,20.97374,0,0,0,270,0,0,0
0,20.98387,0,0,0,270,0,0,0
0,20.99538,0,0,0,270,0,0,0
0,21.00625,0,0,0,270,0,0,0
0,21.01838,0,0,0,270,0,0,0
0,21.02922,0,0,0,270,0,0,0
0,21.04003,0,0,0,270,0,0,0
0,21.0514,0,0,0,270,0,0,0
0,21.06153,0,0,0,270,0,0,0
0,21.07311,0,0,0,270,0,0,0
0,21.09042,0,0,0,270,0,0,0
0,21.10113,0,0,0,270,0,0,0
0,21.11282,0,0,0,270,0,0,0
0,21.12341,0,0,0,270,0,0,0
0,21.13467,0,0,0,270,0,0,0
0,21.14552,0,0,0,270,0,0,0
0,21.15683,0,0,0,270,0,0,0
0,21.16755,0,0,0,270,0,0,0
0,21.17909,0,0,0,270,0,0,0
0,21.19041,0,0,0,270,0,0,0
0,21.20083,0,0,0,270,0,0,0
0,21.21237,0,0,0,270,0,0,0
0,21.22342,0,0,0,270,0,0,0
0,21.23589,0,0,0,270,0,0,0
0,21.24534,0,0,0,270,0,0,0
0,21.2568,0,0,0,270,0,0,0
0,21.26764,0,0,0,270,0,0,0
0,21.27951,0,0,0,270,0,0,0
0,21.28979,0,0,0,270,0,0,0
0,21.30159,0,0,0,270,0,0,0
0,21.31284,0,0,0,270,0,0,0
0,21.32352,0,0,0,270,0,0,0
0,21.3352,0,0,0,270,0,0,0
0,21.34579,0,0,0,270,0,0,0
0,21.35695,0,0,0,270,0,0,0
0,21.36757,0,0,0,270,0,0,0
0,21.37895,0,0,0,270,0,0,0
0,21.38984,0,0,0,270,0,0,0
0,21.40132,0,0,0,270,0,0,0
0,21.4125,0,0,0,270,0,0,0
0,21.42345,0,0,0,270,0,0,0
0,21.43463,0,0,0,270,0,0,0
0,21.44559,0,0,0,270,0,0,0
0,21.45694,0,0,0,270,0,0,0
0,21.46814,0,0,0,270,0,0,0
0,21.47949,0,0,0,270,0,0,0
0,21.4904,0,0,0,270,0,0,0
0,21.50595,0,0,0,270,0,0,0
0,21.51844,0,0,0,270,0,0,0
0,21.52375,0,0,0,270,0,0,0
0,21.53603,0,0,0,270,0,0,0
0,21.54675,0,0,0,270,0,0,0
0,21.55803,0,0,0,270,0,0,0
0,21.56923,0,0,0,270,0,0,0
0,21.58115,0,0,0,270,0,0,0
0,21.59281,0,0,0,270,0,0,0
0,21.60335,0,0,0,270,0,0,0
0,21.61507,0,0,0,270,0,0,0
0,21.62639,0,0,0,270,0,0,0
0,21.63795,0,0,0,270,0,0,0
0,21.64931,0,0,0,270,0,0,0
0,21.66083,0,0,0,270,0,0,0
0,21.67285,0,0,0,270,0,0,0
0,21.68317,0,0,0,270,0,0,0
0,21.69504,0,0,0,270,0,0,0
0,21.70625,0,0,0,270,0,0,0
0,21.7174,0,0,0,270,0,0,0
0,21.72814,0,0,0,270,0,0,0
0,21.73963,0,0,0,270,0,0,0
0,21.75105,0,0,0,270,0,0,0
0,21.76148,0,0,0,270,0,0,0
0,21.77293,0,0,0,270,0,0,0
0,21.78424,0,0,0,270,0,0,0
0,21.79515,0,0,0,270,0,0,0
0,21.80579,0,0,0,270,0,0,0
0,21.81761,0,0,0,270,0,0,0
0,21.82829,0,0,0,270,0,0,0
0,21.83954,0,0,0,270,0,0,0
0,21.85057,0,0,0,270,0,0,0
0,21.8616,0,0,0,270,0,0,0
0,21.87283,0,0,0,270,0,0,0
0,21.88358,0,0,0,270,0,0,0
0,21.89532,0,0,0,270,0,0,0
0,21.90579,0,0,0,270,0,0,0
0,21.9173,0,0,0,270,0,0,0
0,21.92775,0,0,0,270,0,0,0
0,21.93924,0,0,0,270,0,0,0
0,21.95033,0,0,0,270,0,0,0
0,21.96157,0,0,0,270,0,0,0
0,21.97288,0,0,0,270,0,0,0
0,21.98354,0,0,0,270,0,0,0
0,21.99499,0,0,0,270,0,0,0
0,22.0055,0,0,0,270,0,0,0
0,22.0175,0,0,0,270,0,0,0
0,22.02793,0,0,0,270,0,0,0
0,22.03951,0,0,0,270,0,0,0
0,22.05098,0,0,0,270,0,0,0
0,22.06119,0,0,0,270,0,0,0
0,22.07268,0,0,0,270,0,0,0
0,22.08384,0,0,0,270,0,0,0
0,22.09502,0,0,0,270,0,0,0
0,22.10546,0,0,0,270,0,0,0
0,22.11721,0,0,0,270,0,0,0
0,22.12822,0,0,0,270,0,0,0
0,22.14037,0,0,0,270,0,0,0
0,22.15035,0,0,0,270,0,0,0
0,22.16126,0,0,0,270,0,0,0
0,22.17321,0,0,0,270,0,0,0
0,22.18355,0,0,0,270,0,0,0
0,22.19514,0,0,0,270,0,0,0
0,22.20563,0,0,0,270,0,0,0
0,22.21721,0,0,0,270,0,0,0
0,22.22762,0,0,0,270,0,0,0
0,22.23921,0,0,0,270,0,0,0
0,22.25075,0,0,0,270,0,0,0
0,22.26105,0,0,0,270,0,0,0
0,22.27306,0,0,0,270,0,0,0
0,22.28366,0,0,0,270,0,0,0
0,22.29511,0,0,0,270,0,0,0
0,22.30549,0,0,0,270,0,0,0
0,22.31706,0,0,0,270,0,0,0
0,22.32807,0,0,0,270,0,0,0
0,22.33917,0,0,0,270,0,0,0
0,22.35025,0,0,0,270,0,0,0
0,22.36105,0,0,0,270,0,0,0
0,22.3725,0,0,0,270,0,0,0
0,22.38321,0,0,0,270,0,0,0
0,22.39501,0,0,0,270,0,0,0
0,22.40551,0,0,0,270,0,0,0
0,22.41684,0,0,0,270,0,0,0
0,22.42791,0,0,0,270,0,0,0
0,22.4394,0,0,0,270,0,0,0
0,22.45066,0,0,0,270,0,0,0
0,22.461,0,0,0,270,0,0,0
0,22.47277,0,0,0,270,0,0,0
0,22.48392,0,0,0,270,0,0,0
0,22.49545,0,0,0,270,0,0,0
0,22.50554,0,0,0,270,0,0,0
0,22.51841,0,0,0,270,0,0,0
0,22.52804,0,0,0,270,0,0,0
0,22.53971,0,0,0,270,0,0,0
0,22.55072,0,0,0,270,0,0,0
0,22.56178,0,0,0,270,0,0,0
0,22.57246,0,0,0,270,0,0,0
0,22.58323,0,0,0,270,0,0,0
0,22.59499,0,0,0,270,0,0,0
0,22.60544,0,0,0,270,0,0,0
0,22.61688,0,0,0,270,0,0,0
0,22.62778,0,0,0,270,0,0,0
0,22.63968,0,0,0,270,0,0,0
0,22.65049,0,0,0,270,0,0,0
0,22.66136,0,0,0,270,0,0,0
0,22.67251,0,0,0,270,0,0,0
0,22.68364,0,0,0,270,0,0,0
0,22.69504,0,0,0,270,0,0,0
0,22.70565,0,0,0,270,0,0,0
0,22.71717,0,0,0,270,0,0,0
0,22.72755,0,0,0,270,0,0,0
0,22.73915,0,0,0,270,0,0,0
0,22.75028,0,0,0,270,0,0,0
0,22.76119,0,0,0,270,0,0,0
0,22.7724,0,0,0,270,0,0,0
0,22.78348,0,0,0,270,0,0,0
0,22.79524,0,0,0,270,0,0,0
0,22.80588,0,0,0,270,0,0,0
0,22.81808,0,0,0,270,0,0,0
0,22.82767,0,0,0,270,0,0,0
0,22.83898,0,0,0,270,0,0,0
0,22.84979,0,0,0,270,0,0,0
0,22.86154,0,0,0,270,0,0,0
0,22.87237,0,0,0,270,0,0,0
0,22.88304,0,0,0,270,0,0,0
0,22.89533,0,0,0,270,0,0,0
0,22.90516,0,0,0,270,0,0,0
0,22.9171,0,0,0,270,0,0,0
0,22.92768,0,0,0,270,0,0,0
0,22.93896,0,0,0,270,0,0,0
0,22.94958,0,0,0,270,0,0,0
0,22.96106,0,0,0,270,0,0,0
0,22.97216,0,0,0,270,0,0,0
0,22.98321,0,0,0,270,0,0,0
0,22.99432,0,0,0,270,0,0,0
0,23.00529,0,0,0,270,0,0,0
0,23.01719,0,0,0,270,0,0,0
0,23.02744,0,0,0,270,0,0,0
0,23.03893,0,0,0,270,0,0,0
0,23.05035,0,0,0,270,0,0,0
0,23.06164,0,0,0,270,0,0,0
0,23.0722,0,0,0,270,0,0,0
0,23.08287,0,0,0,270,0,0,0
0,23.09477,0,0,0,270,0,0,0
0,23.10585,0,0,0,270,0,0,0
0,23.11698,0,0,0,270,0,0,0
0,23.12742,0,0,0,270,0,0,0
0,23.13931,0,0,0,270,0,0,0
0,23.14948,0,0,0,270,0,0,0
0,23.1609,0,0,0,270,0,0,0
0,23.17228,0,0,0,270,0,0,0
0,23.18308,0,0,0,270,0,0,0
0,23.19436,0,0,0,270,0,0,0
0,23.20498,0,0,0,270,0,0,0
0,23.21759,0,0,0,270,0,0,0
0,23.22754,0,0,0,270,0,0,0
0,23.23899,0,0,0,270,0,0,0
0,23.25021,0,0,0,270,0,0,0
0,23.26071,0,0,0,270,0,0,0
0,23.27222,0,0,0,270,0,0,0
0,23.28173,0,0,0,270,0,0,0
0,23.29311,0,0,0,270,0,0,0
0,23.30349,0,0,0,270,0,0,0
0,23.31507,0,0,0,270,0,0,0
0,23.32559,0,0,0,270,0,0,0
0,23.33721,0,0,0,270,0,0,0
0,23.34797,0,0,0,270,0,0,0
0,23.35936,0,0,0,270,0,0,0
0,23.37074,0,0,0,270,0,0,0
0,23.3814,0,0,0,270,0,0,0
0,23.39289,0,0,0,270,0,0,0
0,23.40362,0,0,0,270,0,0,0
0,23.41484,0,0,0,270,0,0,0
0,23.42565,0,0,0,270,0,0,0
0,23.43802,0,0,0,270,0,0,0
0,23.44788,0,0,0,270,0,0,0
0,23.45938,0,0,0,270,0,0,0
0,23.47059,0,0,0,270,0,0,0
0,23.48135,0,0,0,270,0,0,0
0,23.49316,0,0,0,270,0,0,0
0,23.50345,0,0,0,270,0,0,0
0,23.51557,0,0,0,270,0,0,0
0,23.52601,0,0,0,270,0,0,0
0,23.53749,0,0,0,270,0,0,0
0,23.54833,0,0,0,270,0,0,0
0,23.55999,0,0,0,270,0,0,0
0,23.57071,0,0,0,270,0,0,0
0,23.58174,0,0,0,270,0,0,0
0,23.59402,0,0,0,270,0,0,0
0,23.60341,0,0,0,270,0,0,0
0,23.61562,0,0,0,270,0,0,0
0,23.62591,0,0,0,270,0,0,0
0,23.63734,0,0,0,270,0,0,0
0,23.64821,0,0,0,270,0,0,0
0,23.66045,0,0,0,270,0,0,0
0,23.67112,0,0,0,270,0,0,0
0,23.68215,0,0,0,270,0,0,0
0,23.69363,0,0,0,270,0,0,0
0,23.7047,0,0,0,270,0,0,0
0,23.71604,0,0,0,270,0,0,0
0,23.72695,0,0,0,270,0,0,0
0,23.73883,0,0,0,270,0,0,0
0,23.74915,0,0,0,270,0,0,0
0,23.7611,0,0,0,270,0,0,0
0,23.77235,0,0,0,270,0,0,0
0,23.78309,0,0,0,270,0,0,0
0,23.79404,0,0,0,270,0,0,0
0,23.80487,0,0,0,270,0,0,0
0,23.81684,0,0,0,270,0,0,0
0,23.82738,0,0,0,270,0,0,0
0,23.83908,0,0,0,270,0,0,0
0,23.84939,0,0,0,270,0,0,0
0,23.86095,0,0,0,270,0,0,0
0,23.87214,0,0,0,270,0,0,0
0,23.88331,0,0,0,270,0,0,0
0,23.89454,0,0,0,270,0,0,0
0,23.90469,0,0,0,270,0,0,0
0,23.91647,0,0,0,270,0,0,0
0,23.92723,0,0,0,270,0,0,0
0,23.93869,0,0,0,270,0,0,0
0,23.94932,0,0,0,270,0,0,0
0,23.96067,0,0,0,270,0,0,0
0,23.97196,0,0,0,270,0,0,0
0,23.9834,0,0,0,270,0,0,0
0,23.9939,0,0,0,270,0,0,0
0,24.00471,0,0,0,270,0,0,0
0,24.01652,0,0,0,270,0,0,0
0,24.02678,0,0,0,270,0,0,0
0,24.03849,0,0,0,270,0,0,0
0,24.04963,0,0,0,270,0,0,0
0,24.06068,0,0,0,270,0,0,0
0,24.0719,0,0,0,270,0,0,0
0,24.08261,0,0,0,270,0,0,0
0,24.09487,0,0,0,270,0,0,0
0,24.10476,0,0,0,270,0,0,0
0,24.11632,0,0,0,270,0,0,0
0,24.12725,0,0,0,270,0,0,0
0,24.13847,0,0,0,270,0,0,0
0,24.14926,0,0,0,270,0,0,0
0,24.16057,0,0,0,270,0,0,0
0,24.17168,0,0,0,270,0,0,0
0,24.18246,0,0,0,270,0,0,0
0,24.19394,0,0,0,270,0,0,0
0,24.20482,0,0,0,270,0,0,0
0,24.21621,0,0,0,270,0,0,0
0,24.22693,0,0,0,270,0,0,0
0,24.23838,0,0,0,270,0,0,0
0,24.24988,0,0,0,270,0,0,0
0,24.26047,0,0,0,270,0,0,0
0,24.27183,0,0,0,270,0,0,0
0,24.28257,0,0,0,270,0,0,0
0,24.29387,0,0,0,270,0,0,0
0,24.30463,0,0,0,270,0,0,0
0,24.31597,0,0,0,270,0,0,0
0,24.32687,0,0,0,270,0,0,0
0,24.33869,0,0,0,270,0,0,0
0,24.3494,0,0,0,270,0,0,0
0,24.36075,0,0,0,270,0,0,0
0,24.37192,0,0,0,270,0,0,0
0,24.38269,0,0,0,270,0,0,0
0,24.3939,0,0,0,270,0,0,0
0,24.40493,0,0,0,270,0,0,0
0,24.41623,0,0,0,270,0,0,0
0,24.42717,0,0,0,270,0,0,0
0,24.43909,0,0,0,270,0,0,0
0,24.44909,0,0,0,270,0,0,0
0,24.46072,0,0,0,270,0,0,0
0,24.47156,0,0,0,270,0,0,0
0,24.4824,0,0,0,270,0,0,0
0,24.4938,0,0,0,270,0,0,0
0,24.50458,0,0,0,270,0,0,0
0,24.51645,0,0,0,270,0,0,0
0,24.52692,0,0,0,270,0,0,0
0,24.53837,0,0,0,270,0,0,0
0,24.54893,0,0,0,270,0,0,0
0,24.56094,0,0,0,270,0,0,0
0,24.57196,0,0,0,270,0,0,0
0,24.5829,0,0,0,270,0,0,0
0,24.5941,0,0,0,270,0,0,0
0,24.60459,0,0,0,270,0,0,0
0,24.61595,0,0,0,270,0,0,0
0,24.62677,0,0,0,270,0,0,0
0,24.6392,0,0,0,270,0,0,0
0,24.64893,0,0,0,270,0,0,0
0,24.66048,0,0,0,270,0,0,0
0,24.67169,0,0,0,270,0,0,0
0,24.6823,0,0,0,270,0,0,0
0,24.69416,0,0,0,270,0,0,0
0,24.7048,0,0,0,270,0,0,0
0,24.71619,0,0,0,270,0,0,0
0,24.72746,0,0,0,270,0,0,0
0,24.73824,0,0,0,270,0,0,0
0,24.74955,0,0,0,270,0,0,0
0,24.76089,0,0,0,270,0,0,0
0,24.77202,0,0,0,270,0,0,0
0,24.7826,0,0,0,270,0,0,0
0,24.79397,0,0,0,270,0,0,0
0,24.80471,0,0,0,270,0,0,0
0,24.81752,0,0,0,270,0,0,0
0,24.82757,0,0,0,270,0,0,0
0,24.83832,0,0,0,270,0,0,0
0,24.84971,0,0,0,270,0,0,0
0,24.86122,0,0,0,270,0,0,0
0,24.87171,0,0,0,270,0,0,0
0,24.88248,0,0,0,270,0,0,0
0,24.89391,0,0,0,270,0,0,0
0,24.90516,0,0,0,270,0,0,0
0,24.91584,0,0,0,270,0,0,0
0,24.9268,0,0,0,270,0,0,0
0,24.93848,0,0,0,270,0,0,0
0,24.94889,0,0,0,270,0,0,0
0,24.96068,0,0,0,270,0,0,0
0,24.97228,0,0,0,270,0,0,0
0,24.98279,0,0,0,270,0,0,0
0,24.99419,0,0,0,270,0,0,0
0,25.00455,0,0,0,270,0,0,0
0,25.01729,0,0,0,270,0,0,0
0,25.02725,0,0,0,270,0,0,0
0,25.03824,0,0,0,270,0,0,0
0,25.04924,0,0,0,270,0,0,0
0,25.06103,0,0,0,270,0,0,0
0,25.07158,0,0,0,270,0,0,0
0,25.08267,0,0,0,270,0,0,0
0,25.09459,0,0,0,270,0,0,0
0,25.1046,0,0,0,270,0,0,0
0,25.11597,0,0,0,270,0,0,0
0,25.12701,0,0,0,270,0,0,0
0,25.13808,0,0,0,270,0,0,0
0,25.14902,0,0,0,270,0,0,0
0,25.16065,0,0,0,270,0,0,0
0,25.17171,0,0,0,270,0,0,0
0,25.18235,0,0,0,270,0,0,0
0,25.19376,0,0,0,270,0,0,0
0,25.2046,0,0,0,270,0,0,0
0,25.21596,0,0,0,270,0,0,0
0,25.22693,0,0,0,270,0,0,0
0,25.2383,0,0,0,270,0,0,0
0,25.2491,0,0,0,270,0,0,0
0,25.26031,0,0,0,270,0,0,0
0,25.27123,0,0,0,270,0,0,0
0,25.28207,0,0,0,270,0,0,0
0,25.29387,0,0,0,270,0,0,0
0,25.30437,0,0,0,270,0,0,0
0,25.31608,0,0,0,270,0,0,0
0,25.32712,0,0,0,270,0,0,0
0,25.33775,0,0,0,270,0,0,0
0,25.34856,0,0,0,270,0,0,0
0,25.36064,0,0,0,270,0,0,0
0,25.37129,0,0,0,270,0,0,0
0,25.38204,0,0,0,270,0,0,0
0,25.39374,0,0,0,270,0,0,0
0,25.40423,0,0,0,270,0,0,0
0,25.41586,0,0,0,270,0,0,0
0,25.42657,0,0,0,270,0,0,0
0,25.43817,0,0,0,270,0,0,0
0,25.44857,0,0,0,270,0,0,0
0,25.46016,0,0,0,270,0,0,0
0,25.47325,0,0,0,270,0,0,0
0,25.48191,0,0,0,270,0,0,0
0,25.49318,0,0,0,270,0,0,0
0,25.50426,0,0,0,270,0,0,0
0,25.5169,0,0,0,270,0,0,0
0,25.52646,0,0,0,270,0,0,0
0,25.53794,0,0,0,270,0,0,0
0,25.54908,0,0,0,270,0,0,0
0,25.55993,0,0,0,270,0,0,0
0,25.57105,0,0,0,270,0,0,0
0,25.58169,0,0,0,270,0,0,0
0,25.5937,0,0,0,270,0,0,0
0,25.60432,0,0,0,270,0,0,0
0,25.61617,0,0,0,270,0,0,0
0,25.62724,0,0,0,270,0,0,0
0,25.63793,0,0,0,270,0,0,0
0,25.64878,0,0,0,270,0,0,0
0,25.66042,0,0,0,270,0,0,0
0,25.67156,0,0,0,270,0,0,0
0,25.68209,0,0,0,270,0,0,0
0,25.69332,0,0,0,270,0,0,0
0,25.70481,0,0,0,270,0,0,0
0,25.71659,0,0,0,270,0,0,0
0,25.72646,0,0,0,270,0,0,0
0,25.7383,0,0,0,270,0,0,0
0,25.74888,0,0,0,270,0,0,0
0,25.76009,0,0,0,270,0,0,0
0,25.77131,0,0,0,270,0,0,0
0,25.78228,0,0,0,270,0,0,0
0,25.79318,0,0,0,270,0,0,0
0,25.804,0,0,0,270,0,0,0
0,25.81576,0,0,0,270,0,0,0
0,25.82662,0,0,0,270,0,0,0
0,25.83785,0,0,0,270,0,0,0
0,25.84847,0,0,0,270,0,0,0
0,25.86051,0,0,0,270,0,0,0
0,25.87138,0,0,0,270,0,0,0
0,25.8819,0,0,0,270,0,0,0
0,25.89363,0,0,0,270,0,0,0
0,25.90418,0,0,0,270,0,0,0
0,25.91603,0,0,0,270,0,0,0
0,25.92659,0,0,0,270,0,0,0
0,25.93824,0,0,0,270,0,0,0
0,25.9487,0,0,0,270,0,0,0
0,25.95999,0,0,0,270,0,0,0
0,25.97102,0,0,0,270,0,0,0
0,25.98172,0,0,0,270,0,0,0
0,25.99318,0,0,0,270,0,0,0
0,26.00378,0,0,0,270,0,0,0
0,26.01548,0,0,0,270,0,0,0
0,26.02617,0,0,0,270,0,0,0
0,26.03789,0,0,0,270,0,0,0
0,26.04867,0,0,0,270,0,0,0
0,26.0598,0,0,0,270,0,0,0
0,26.07089,0,0,0,270,0,0,0
0,26.08197,0,0,0,270,0,0,0
0,26.09399,0,0,0,270,0,0,0
0,26.10385,0,0,0,270,0,0,0
0,26.11557,0,0,0,270,0,0,0
0,26.1282,0,0,0,270,0,0,0
0,26.13782,0,0,0,270,0,0,0
0,26.14834,0,0,0,270,0,0,0
0,26.15995,0,0,0,270,0,0,0
0,26.17199,0,0,0,270,0,0,0
0,26.18162,0,0,0,270,0,0,0
0,26.19334,0,0,0,270,0,0,0
0,26.20434,0,0,0,270,0,0,0
0,26.21531,0,0,0,270,0,0,0
0,26.22591,0,0,0,270,0,0,0
0,26.23743,0,0,0,270,0,0,0
0,26.2487,0,0,0,270,0,0,0
0,26.25965,0,0,0,270,0,0,0
0,26.27087,0,0,0,270,0,0,0
0,26.28178,0,0,0,270,0,0,0
0,26.29295,0,0,0,270,0,0,0
0,26.30365,0,0,0,270,0,0,0
0,26.31537,0,0,0,270,0,0,0
0,26.32685,0,0,0,270,0,0,0
0,26.33732,0,0,0,270,0,0,0
0,26.34808,0,0,0,270,0,0,0
0,26.35986,0,0,0,270,0,0,0
0,26.37079,0,0,0,270,0,0,0
0,26.38139,0,0,0,270,0,0,0
0,26.393,0,0,0,270,0,0,0
0,26.40382,0,0,0,270,0,0,0
0,26.41509,0,0,0,270,0,0,0
0,26.42593,0,0,0,270,0,0,0
0,26.43766,0,0,0,270,0,0,0
0,26.44815,0,0,0,270,0,0,0
0,26.45971,0,0,0,270,0,0,0
0,26.47084,0,0,0,270,0,0,0
0,26.48197,0,0,0,270,0,0,0
0,26.49287,0,0,0,270,0,0,0
0,26.50364,0,0,0,270,0,0,0
0,26.51539,0,0,0,270,0,0,0
0,26.52597,0,0,0,270,0,0,0
0,26.53769,0,0,0,270,0,0,0
0,26.54831,0,0,0,270,0,0,0
0,26.56071,0,0,0,270,0,0,0
0,26.57071,0,0,0,270,0,0,0
0,26.5815,0,0,0,270,0,0,0
0,26.59309,0,0,0,270,0,0,0
0,26.60365,0,0,0,270,0,0,0
0,26.61506,0,0,0,270,0,0,0
0,26.62585,0,0,0,270,0,0,0
0,26.63824,0,0,0,270,0,0,0
0,26.64875,0,0,0,270,0,0,0
0,26.66064,0,0,0,270,0,0,0
0,26.67136,0,0,0,270,0,0,0
0,26.68145,0,0,0,270,0,0,0
0,26.69306,0,0,0,270,0,0,0
0,26.70383,0,0,0,270,0,0,0
0,26.71538,0,0,0,270,0,0,0
0,26.72634,0,0,0,270,0,0,0
0,26.7377,0,0,0,270,0,0,0
0,26.74908,0,0,0,270,0,0,0
0,26.76005,0,0,0,270,0,0,0
0,26.77105,0,0,0,270,0,0,0
0,26.78234,0,0,0,270,0,0,0
0,26.79336,0,0,0,270,0,0,0
0,26.80363,0,0,0,270,0,0,0
0,26.81524,0,0,0,270,0,0,0
0,26.82685,0,0,0,270,0,0,0
0,26.83722,0,0,0,270,0,0,0
0,26.84803,0,0,0,270,0,0,0
0,26.86016,0,0,0,270,0,0,0
0,26.87104,0,0,0,270,0,0,0
0,26.88186,0,0,0,270,0,0,0
0,26.89338,0,0,0,270,0,0,0
0,26.90378,0,0,0,270,0,0,0
0,26.91535,0,0,0,270,0,0,0
0,26.92595,0,0,0,270,0,0,0
0,26.93851,0,0,0,270,0,0,0
0,26.9482,0,0,0,270,0,0,0
0,26.95974,0,0,0,270,0,0,0
0,26.97084,0,0,0,270,0,0,0
0,26.98156,0,0,0,270,0,0,0
0,26.99333,0,0,0,270,0,0,0
0,27.00349,0,0,0,270,0,0,0
0,27.01506,0,0,0,270,0,0,0
0,27.02588,0,0,0,270,0,0,0
0,27.03716,0,0,0,270,0,0,0
0,27.04874,0,0,0,270,0,0,0
0,27.05927,0,0,0,270,0,0,0
0,27.07056,0,0,0,270,0,0,0
0,27.08121,0,0,0,270,0,0,0
0,27.0928,0,0,0,270,0,0,0
0,27.10339,0,0,0,270,0,0,0
0,27.11495,0,0,0,270,0,0,0
0,27.12609,0,0,0,270,0,0,0
0,27.13702,0,0,0,270,0,0,0
0,27.14785,0,0,0,270,0,0,0
0,27.15995,0,0,0,270,0,0,0
0,27.17132,0,0,0,270,0,0,0
0,27.18147,0,0,0,270,0,0,0
0,27.19275,0,0,0,270,0,0,0
0,27.2034,0,0,0,270,0,0,0
0,27.21494,0,0,0,270,0,0,0
0,27.22547,0,0,0,270,0,0,0
0,27.23682,0,0,0,270,0,0,0
0,27.24766,0,0,0,270,0,0,0
0,27.2591,0,0,0,270,0,0,0
0,27.27026,0,0,0,270,0,0,0
0,27.28124,0,0,0,270,0,0,0
0,27.29242,0,0,0,270,0,0,0
0,27.30343,0,0,0,270,0,0,0
0,27.31497,0,0,0,270,0,0,0
0,27.326,0,0,0,270,0,0,0
0,27.33727,0,0,0,270,0,0,0
0,27.34789,0,0,0,270,0,0,0
0,27.35928,0,0,0,270,0,0,0
0,27.37062,0,0,0,270,0,0,0
0,27.38117,0,0,0,270,0,0,0
0,27.39308,0,0,0,270,0,0,0
0,27.4039,0,0,0,270,0,0,0
0,27.41478,0,0,0,270,0,0,0
0,27.4258,0,0,0,270,0,0,0
0,27.43732,0,0,0,270,0,0,0
0,27.44762,0,0,0,270,0,0,0
0,27.45921,0,0,0,270,0,0,0
0,27.47038,0,0,0,270,0,0,0
0,27.48095,0,0,0,270,0,0,0
0,27.49262,0,0,0,270,0,0,0
0,27.50354,0,0,0,270,0,0,0
0,27.51482,0,0,0,270,0,0,0
0,27.52552,0,0,0,270,0,0,0
0,27.53726,0,0,0,270,0,0,0
0,27.54816,0,0,0,270,0,0,0
0,27.5592,0,0,0,270,0,0,0
0,27.57052,0,0,0,270,0,0,0
0,27.58078,0,0,0,270,0,0,0
0,27.593,0,0,0,270,0,0,0
0,27.60329,0,0,0,270,0,0,0
0,27.61473,0,0,0,270,0,0,0
0,27.62592,0,0,0,270,0,0,0
0,27.63698,0,0,0,270,0,0,0
0,27.64754,0,0,0,270,0,0,0
0,27.65952,0,0,0,270,0,0,0
0,27.67061,0,0,0,270,0,0,0
0,27.68147,0,0,0,270,0,0,0
0,27.6933,0,0,0,270,0,0,0
0,27.70399,0,0,0,270,0,0,0
0,27.71506,0,0,0,270,0,0,0
0,27.72546,0,0,0,270,0,0,0
0,27.73786,0,0,0,270,0,0,0
0,27.74773,0,0,0,270,0,0,0
0,27.75939,0,0,0,270,0,0,0
0,27.77092,0,0,0,270,0,0,0
0,27.7817,0,0,0,270,0,0,0
0,27.79245,0,0,0,270,0,0,0
0,27.80354,0,0,0,270,0,0,0
0,27.8153,0,0,0,270,0,0,0
0,27.8256,0,0,0,270,0,0,0
0,27.83698,0,0,0,270,0,0,0
0,27.84765,0,0,0,270,0,0,0
0,27.85948,0,0,0,270,0,0,0
0,27.86985,0,0,0,270,0,0,0
0,27.88132,0,0,0,270,0,0,0
0,27.89357,0,0,0,270,0,0,0
0,27.90326,0,0,0,270,0,0,0
0,27.91462,0,0,0,270,0,0,0
0,27.9255,0,0,0,270,0,0,0
0,27.93726,0,0,0,270,0,0,0
0,27.94748,0,0,0,270,0,0,0
0,27.95898,0,0,0,270,0,0,0
0,27.97015,0,0,0,270,0,0,0
0,27.98089,0,0,0,270,0,0,0
0,27.99227,0,0,0,270,0,0,0
0,28.00347,0,0,0,270,0,0,0
0,28.01522,0,0,0,270,0,0,0
0,28.02557,0,0,0,270,0,0,0
0,28.03685,0,0,0,270,0,0,0
0,28.04736,0,0,0,270,0,0,0
0,28.05881,0,0,0,270,0,0,0
0,28.06953,0,0,0,270,0,0,0
0,28.08099,0,0,0,270,0,0,0
0,28.09274,0,0,0,270,0,0,0
0,28.10287,0,0,0,270,0,0,0
0,28.11454,0,0,0,270,0,0,0
0,28.12556,0,0,0,270,0,0,0
0,28.13656,0,0,0,270,0,0,0
0,28.14747,0,0,0,270,0,0,0
0,28.1589,0,0,0,270,0,0,0
0,28.1704,0,0,0,270,0,0,0
0,28.18071,0,0,0,270,0,0,0
0,28.19211,0,0,0,270,0,0,0
0,28.20299,0,0,0,270,0,0,0
0,28.21417,0,0,0,270,0,0,0
0,28.22519,0,0,0,270,0,0,0
0,28.23658,0,0,0,270,0,0,0
0,28.24722,0,0,0,270,0,0,0
0,28.25894,0,0,0,270,0,0,0
0,28.26952,0,0,0,270,0,0,0
0,28.28129,0,0,0,270,0,0,0
0,28.29232,0,0,0,270,0,0,0
0,28.30284,0,0,0,270,0,0,0
0,28.31592,0,0,0,270,0,0,0
0,28.32503,0,0,0,270,0,0,0
0,28.33659,0,0,0,270,0,0,0
0,28.34729,0,0,0,270,0,0,0
0,28.36032,0,0,0,270,0,0,0
0,28.36948,0,0,0,270,0,0,0
0,28.38092,0,0,0,270,0,0,0
0,28.39234,0,0,0,270,0,0,0
0,28.40271,0,0,0,270,0,0,0
0,28.41414,0,0,0,270,0,0,0
0,28.42521,0,0,0,270,0,0,0
0,28.4367,0,0,0,270,0,0,0
0,28.44728,0,0,0,270,0,0,0
0,28.45892,0,0,0,270,0,0,0
0,28.46981,0,0,0,270,0,0,0
0,28.48093,0,0,0,270,0,0,0
0,28.49199,0,0,0,270,0,0,0
0,28.50271,0,0,0,270,0,0,0
0,28.51424,0,0,0,270,0,0,0
0,28.52519,0,0,0,270,0,0,0
0,28.53669,0,0,0,270,0,0,0
0,28.54748,0,0,0,270,0,0,0
0,28.55896,0,0,0,270,0,0,0
0,28.56953,0,0,0,270,0,0,0
0,28.58159,0,0,0,270,0,0,0
0,28.59209,0,0,0,270,0,0,0
0,28.60286,0,0,0,270,0,0,0
0,28.61436,0,0,0,270,0,0,0
0,28.62527,0,0,0,270,0,0,0
0,28.63636,0,0,0,270,0,0,0
0,28.64717,0,0,0,270,0,0,0
0,28.65881,0,0,0,270,0,0,0
0,28.6692,0,0,0,270,0,0,0
0,28.6809,0,0,0,270,0,0,0
0,28.69221,0,0,0,270,0,0,0
0,28.70369,0,0,0,270,0,0,0
0,28.71472,0,0,0,270,0,0,0
0,28.72507,0,0,0,270,0,0,0
0,28.73709,0,0,0,270,0,0,0
0,28.74756,0,0,0,270,0,0,0
0,28.75903,0,0,0,270,0,0,0
0,28.76951,0,0,0,270,0,0,0
0,28.78208,0,0,0,270,0,0,0
0,28.79221,0,0,0,270,0,0,0
0,28.80275,0,0,0,270,0,0,0
0,28.81482,0,0,0,270,0,0,0
0,28.82496,0,0,0,270,0,0,0
0,28.83652,0,0,0,270,0,0,0
0,28.84711,0,0,0,270,0,0,0
0,28.85901,0,0,0,270,0,0,0
0,28.86951,0,0,0,270,0,0,0
0,28.88139,0,0,0,270,0,0,0
0,28.89235,0,0,0,270,0,0,0
0,28.90271,0,0,0,270,0,0,0
0,28.91452,0,0,0,270,0,0,0
0,28.92529,0,0,0,270,0,0,0
0,28.93652,0,0,0,270,0,0,0
0,28.94714,0,0,0,270,0,0,0
0,28.95875,0,0,0,270,0,0,0
0,28.96954,0,0,0,270,0,0,0
0,28.98074,0,0,0,270,0,0,0
0,28.99194,0,0,0,270,0,0,0
0,29.00284,0,0,0,270,0,0,0
0,29.01467,0,0,0,270,0,0,0
0,29.02561,0,0,0,270,0,0,0
0,29.03692,0,0,0,270,0,0,0
0,29.04739,0,0,0,270,0,0,0
0,29.05888,0,0,0,270,0,0,0
0,29.06948,0,0,0,270,0,0,0
0,29.08098,0,0,0,270,0,0,0
0,29.09232,0,0,0,270,0,0,0
0,29.10242,0,0,0,270,0,0,0
0,29.11421,0,0,0,270,0,0,0
0,29.12541,0,0,0,270,0,0,0
0,29.13622,0,0,0,270,0,0,0
0,29.14698,0,0,0,270,0,0,0
0,29.15861,0,0,0,270,0,0,0
0,29.1695,0,0,0,270,0,0,0
0,29.18092,0,0,0,270,0,0,0
0,29.19199,0,0,0,270,0,0,0
0,29.20314,0,0,0,270,0,0,0
0,29.21401,0,0,0,270,0,0,0
0,29.22468,0,0,0,270,0,0,0
0,29.23727,0,0,0,270,0,0,0
0,29.24705,0,0,0,270,0,0,0
0,29.25902,0,0,0,270,0,0,0
0,29.269,0,0,0,270,0,0,0
0,29.28075,0,0,0,270,0,0,0
0,29.29176,0,0,0,270,0,0,0
0,29.30231,0,0,0,270,0,0,0
0,29.31401,0,0,0,270,0,0,0
0,29.32457,0,0,0,270,0,0,0
0,29.33593,0,0,0,270,0,0,0
0,29.34681,0,0,0,270,0,0,0
0,29.35879,0,0,0,270,0,0,0
0,29.36912,0,0,0,270,0,0,0
0,29.38057,0,0,0,270,0,0,0
0,29.39248,0,0,0,270,0,0,0
0,29.40237,0,0,0,270,0,0,0
0,29.41388,0,0,0,270,0,0,0
0,29.42454,0,0,0,270,0,0,0
0,29.43624,0,0,0,270,0,0,0
0,29.44693,0,0,0,270,0,0,0
0,29.45812,0,0,0,270,0,0,0
0,29.46904,0,0,0,270,0,0,0
0,29.48043,0,0,0,270,0,0,0
0,29.49153,0,0,0,270,0,0,0
0,29.50265,0,0,0,270,0,0,0
0,29.51443,0,0,0,270,0,0,0
0,29.52457,0,0,0,270,0,0,0
0,29.5361,0,0,0,270,0,0,0
0,29.54707,0,0,0,270,0,0,0
0,29.55836,0,0,0,270,0,0,0
0,29.56912,0,0,0,270,0,0,0
0,29.58088,0,0,0,270,0,0,0
0,29.59166,0,0,0,270,0,0,0
0,29.6022,0,0,0,270,0,0,0
0,29.61375,0,0,0,270,0,0,0
0,29.62514,0,0,0,270,0,0,0
0,29.63602,0,0,0,270,0,0,0
0,29.64682,0,0,0,270,0,0,0
0,29.6582,0,0,0,270,0,0,0
0,29.67039,0,0,0,270,0,0,0
0,29.68003,0,0,0,270,0,0,0
0,29.69207,0,0,0,270,0,0,0
0,29.70223,0,0,0,270,0,0,0
0,29.71378,0,0,0,270,0,0,0
0,29.72453,0,0,0,270,0,0,0
0,29.73619,0,0,0,270,0,0,0
0,29.74743,0,0,0,270,0,0,0
0,29.75899,0,0,0,270,0,0,0
0,29.76939,0,0,0,270,0,0,0
0,29.78188,0,0,0,270,0,0,0
0,29.79303,0,0,0,270,0,0,0
0,29.80372,0,0,0,270,0,0,0
0,29.81456,0,0,0,270,0,0,0
0,29.82476,0,0,0,270,0,0,0
0,29.83596,0,0,0,270,0,0,0
0,29.84681,0,0,0,270,0,0,0
0,29.85881,0,0,0,270,0,0,0
0,29.86888,0,0,0,270,0,0,0
0,29.88116,0,0,0,270,0,0,0
0,29.89249,0,0,0,270,0,0,0
0,29.90324,0,0,0,270,0,0,0
0,29.9139,0,0,0,270,0,0,0
0,29.92501,0,0,0,270,0,0,0
0,29.93665,0,0,0,270,0,0,0
0,29.94685,0,0,0,270,0,0,0
0,29.95823,0,0,0,270,0,0,0
0,29.9689,0,0,0,270,0,0,0
0,29.98132,0,0,0,270,0,0,0
0,29.99153,0,0,0,270,0,0,0
0,30.00268,0,0,0,270,0,0,0
0,30.01411,0,0,0,270,0,0,0
0,30.02442,0,0,0,270,0,0,0
0,30.03601,0,0,0,270,0,0,0
0,30.04725,0,0,0,270,0,0,0
0,30.05822,0,0,0,270,0,0,0
0,30.06887,0,0,0,270,0,0,0
0,30.08044,0,0,0,270,0,0,0
0,30.09178,0,0,0,270,0,0,0
0,30.10244,0,0,0,270,0,0,0
0,30.11398,0,0,0,270,0,0,0
0,30.1248,0,0,0,270,0,0,0
0,30.13625,0,0,0,270,0,0,0
0,30.14682,0,0,0,270,0,0,0
0,30.15895,0,0,0,270,0,0,0
0,30.16887,0,0,0,270,0,0,0
0,30.18057,0,0,0,270,0,0,0
0,30.19155,0,0,0,270,0,0,0
0,30.20285,0,0,0,270,0,0,0
0,30.2141,0,0,0,270,0,0,0
0,30.2244,0,0,0,270,0,0,0
0,30.23581,0,0,0,270,0,0,0
0,30.24649,0,0,0,270,0,0,0
0,30.25813,0,0,0,270,0,0,0
0,30.2691,0,0,0,270,0,0,0
0,30.28045,0,0,0,270,0,0,0
0,30.29156,0,0,0,270,0,0,0
0,30.30213,0,0,0,270,0,0,0
0,30.31386,0,0,0,270,0,0,0
0,30.32477,0,0,0,270,0,0,0
0,30.33596,0,0,0,270,0,0,0
0,30.3467,0,0,0,270,0,0,0
0,30.35859,0,0,0,270,0,0,0
0,30.36883,0,0,0,270,0,0,0
0,30.38062,0,0,0,270,0,0,0
0,30.39168,0,0,0,270,0,0,0
0,30.40222,0,0,0,270,0,0,0
0,30.41383,0,0,0,270,0,0,0
0,30.42463,0,0,0,270,0,0,0
0,30.43664,0,0,0,270,0,0,0
0,30.44668,0,0,0,270,0,0,0
0,30.45811,0,0,0,270,0,0,0
0,30.46924,0,0,0,270,0,0,0
0,30.48034,0,0,0,270,0,0,0
0,30.49128,0,0,0,270,0,0,0
0,30.50289,0,0,0,270,0,0,0
0,30.51374,0,0,0,270,0,0,0
0,30.52407,0,0,0,270,0,0,0
0,30.53547,0,0,0,270,0,0,0
0,30.54661,0,0,0,270,0,0,0
0,30.55795,0,0,0,270,0,0,0
0,30.56879,0,0,0,270,0,0,0
0,30.58064,0,0,0,270,0,0,0
0,30.59103,0,0,0,270,0,0,0
0,30.60228,0,0,0,270,0,0,0
0,30.61338,0,0,0,270,0,0,0
0,30.62456,0,0,0,270,0,0,0
0,30.636,0,0,0,270,0,0,0
0,30.64676,0,0,0,270,0,0,0
0,30.65807,0,0,0,270,0,0,0
0,30.66853,0,0,0,270,0,0,0
0,30.68021,0,0,0,270,0,0,0
0,30.69111,0,0,0,270,0,0,0
0,30.70194,0,0,0,270,0,0,0
0,30.71341,0,0,0,270,0,0,0
0,30.7239,0,0,0,270,0,0,0
0,30.7358,0,0,0,270,0,0,0
0,30.74619,0,0,0,270,0,0,0
0,30.75788,0,0,0,270,0,0,0
0,30.76946,0,0,0,270,0,0,0
0,30.78074,0,0,0,270,0,0,0
0,30.79238,0,0,0,270,0,0,0
0,30.8028,0,0,0,270,0,0,0
0,30.81429,0,0,0,270,0,0,0
0,30.82437,0,0,0,270,0,0,0
0,30.83624,0,0,0,270,0,0,0
0,30.84703,0,0,0,270,0,0,0
0,30.85806,0,0,0,270,0,0,0
0,30.86863,0,0,0,270,0,0,0
0,30.8801,0,0,0,270,0,0,0
0,30.89281,0,0,0,270,0,0,0
0,30.90201,0,0,0,270,0,0,0
0,30.91348,0,0,0,270,0,0,0
0,30.92456,0,0,0,270,0,0,0
0,30.93543,0,0,0,270,0,0,0
0,30.94674,0,0,0,270,0,0,0
0,30.95852,0,0,0,270,0,0,0
0,30.96916,0,0,0,270,0,0,0
0,30.97999,0,0,0,270,0,0,0
0,30.99184,0,0,0,270,0,0,0
0,31.00239,0,0,0,270,0,0,0
0,31.01329,0,0,0,270,0,0,0
0,31.02436,0,0,0,270,0,0,0
0,31.03563,0,0,0,270,0,0,0
0,31.04645,0,0,0,270,0,0,0
0,31.05793,0,0,0,270,0,0,0
0,31.06874,0,0,0,270,0,0,0
0,31.08016,0,0,0,270,0,0,0
0,31.09092,0,0,0,270,0,0,0
0,31.10166,0,0,0,270,0,0,0
0,31.11404,0,0,0,270,0,0,0
0,31.12419,0,0,0,270,0,0,0
0,31.13546,0,0,0,270,0,0,0
0,31.14627,0,0,0,270,0,0,0
0,31.15798,0,0,0,270,0,0,0
0,31.16812,0,0,0,270,0,0,0
0,31.17967,0,0,0,270,0,0,0
0,31.19101,0,0,0,270,0,0,0
0,31.20164,0,0,0,270,0,0,0
0,31.21319,0,0,0,270,0,0,0
0,31.22388,0,0,0,270,0,0,0
0,31.23513,0,0,0,270,0,0,0
0,31.2461,0,0,0,270,0,0,0
0,31.25738,0,0,0,270,0,0,0
0,31.26842,0,0,0,270,0,0,0
0,31.27974,0,0,0,270,0,0,0
0,31.2911,0,0,0,270,0,0,0
0,31.30201,0,0,0,270,0,0,0
0,31.31354,0,0,0,270,0,0,0
0,31.32377,0,0,0,270,0,0,0
0,31.33524,0,0,0,270,0,0,0
0,31.34606,0,0,0,270,0,0,0
0,31.35774,0,0,0,270,0,0,0
0,31.36811,0,0,0,270,0,0,0
0,31.38028,0,0,0,270,0,0,0
0,31.39071,0,0,0,270,0,0,0
0,31.40143,0,0,0,270,0,0,0
0,31.41291,0,0,0,270,0,0,0
0,31.42363,0,0,0,270,0,0,0
0,31.43585,0,0,0,270,0,0,0
0,31.44584,0,0,0,270,0,0,0
0,31.45761,0,0,0,270,0,0,0
0,31.46848,0,0,0,270,0,0,0
0,31.4799,0,0,0,270,0,0,0
0,31.491,0,0,0,270,0,0,0
0,31.50181,0,0,0,270,0,0,0
0,31.51297,0,0,0,270,0,0,0
0,31.52358,0,0,0,270,0,0,0
0,31.53517,0,0,0,270,0,0,0
0,31.54589,0,0,0,270,0,0,0
0,31.55733,0,0,0,270,0,0,0
0,31.56818,0,0,0,270,0,0,0
0,31.58018,0,0,0,270,0,0,0
0,31.59082,0,0,0,270,0,0,0
0,31.60164,0,0,0,270,0,0,0
0,31.61333,0,0,0,270,0,0,0
0,31.62384,0,0,0,270,0,0,0
0,31.63513,0,0,0,270,0,0,0
0,31.64614,0,0,0,270,0,0,0
0,31.65784,0,0,0,270,0,0,0
0,31.66822,0,0,0,270,0,0,0
0,31.67957,0,0,0,270,0,0,0
0,31.69064,0,0,0,270,0,0,0
0,31.7019,0,0,0,270,0,0,0
0,31.71287,0,0,0,270,0,0,0
0,31.72355,0,0,0,270,0,0,0
0,31.73512,0,0,0,270,0,0,0
0,31.74565,0,0,0,270,0,0,0
0,31.75735,0,0,0,270,0,0,0
0,31.76796,0,0,0,270,0,0,0
0,31.77983,0,0,0,270,0,0,0
0,31.79086,0,0,0,270,0,0,0
0,31.80222,0,0,0,270,0,0,0
0,31.81427,0,0,0,270,0,0,0
0,31.82394,0,0,0,270,0,0,0
0,31.83574,0,0,0,270,0,0,0
0,31.84658,0,0,0,270,0,0,0
0,31.85733,0,0,0,270,0,0,0
0,31.86845,0,0,0,270,0,0,0
0,31.87992,0,0,0,270,0,0,0
0,31.89119,0,0,0,270,0,0,0
0,31.9014,0,0,0,270,0,0,0
0,31.91301,0,0,0,270,0,0,0
0,31.92373,0,0,0,270,0,0,0
0,31.93556,0,0,0,270,0,0,0
0,31.94567,0,0,0,270,0,0,0
0,31.95753,0,0,0,270,0,0,0
0,31.96885,0,0,0,270,0,0,0
0,31.97934,0,0,0,270,0,0,0
0,31.99063,0,0,0,270,0,0,0
0,32.00207,0,0,0,270,0,0,0
0,32.01272,0,0,0,270,0,0,0
0,32.02381,0,0,0,270,0,0,0
0,32.03492,0,0,0,270,0,0,0
0,32.04577,0,0,0,270,0,0,0
0,32.05753,0,0,0,270,0,0,0
0,32.06786,0,0,0,270,0,0,0
0,32.0797,0,0,0,270,0,0,0
0,32.09074,0,0,0,270,0,0,0
0,32.10149,0,0,0,270,0,0,0
0,32.11303,0,0,0,270,0,0,0
0,32.1236,0,0,0,270,0,0,0
0,32.13549,0,0,0,270,0,0,0
0,32.14618,0,0,0,270,0,0,0
0,32.1576,0,0,0,270,0,0,0
0,32.1678,0,0,0,270,0,0,0
0,32.17958,0,0,0,270,0,0,0
0,32.19064,0,0,0,270,0,0,0
0,32.20145,0,0,0,270,0,0,0
0,32.21334,0,0,0,270,0,0,0
0,32.22336,0,0,0,270,0,0,0
0,32.23523,0,0,0,270,0,0,0
0,32.24548,0,0,0,270,0,0,0
0,32.25705,0,0,0,270,0,0,0
0,32.26771,0,0,0,270,0,0,0
0,32.27915,0,0,0,270,0,0,0
0,32.29071,0,0,0,270,0,0,0
0,32.3012,0,0,0,270,0,0,0
0,32.31264,0,0,0,270,0,0,0
0,32.32325,0,0,0,270,0,0,0
0,32.33496,0,0,0,270,0,0,0
0,32.34538,0,0,0,270,0,0,0
0,32.35738,0,0,0,270,0,0,0
0,32.36789,0,0,0,270,0,0,0
0,32.37921,0,0,0,270,0,0,0
0,32.39042,0,0,0,270,0,0,0
0,32.40118,0,0,0,270,0,0,0
0,32.41249,0,0,0,270,0,0,0
0,32.4235,0,0,0,270,0,0,0
0,32.43489,0,0,0,270,0,0,0
0,32.44571,0,0,0,270,0,0,0
0,32.45703,0,0,0,270,0,0,0
0,32.46782,0,0,0,270,0,0,0
0,32.47917,0,0,0,270,0,0,0
0,32.49411,0,0,0,270,0,0,0
0,32.50745,0,0,0,270,0,0,0
0,32.52417,0,0,0,270,0,0,0
0,32.53494,0,0,0,270,0,0,0
0,32.54568,0,0,0,270,0,0,0
0,32.55714,0,0,0,270,0,0,0
0,32.56762,0,0,0,270,0,0,0
0,32.57901,0,0,0,270,0,0,0
0,32.58975,0,0,0,270,0,0,0
0,32.60122,0,0,0,270,0,0,0
0,32.61306,0,0,0,270,0,0,0
0,32.62345,0,0,0,270,0,0,0
0,32.63493,0,0,0,270,0,0,0
0,32.64565,0,0,0,270,0,0,0
0,32.65731,0,0,0,270,0,0,0
0,32.66757,0,0,0,270,0,0,0
0,32.67912,0,0,0,270,0,0,0
0,32.69041,0,0,0,270,0,0,0
0,32.70088,0,0,0,270,0,0,0
0,32.7126,0,0,0,270,0,0,0
0,32.7233,0,0,0,270,0,0,0
0,32.73479,0,0,0,270,0,0,0
0,32.7454,0,0,0,270,0,0,0
0,32.75676,0,0,0,270,0,0,0
0,32.76743,0,0,0,270,0,0,0
0,32.77906,0,0,0,270,0,0,0
0,32.7902,0,0,0,270,0,0,0
0,32.80084,0,0,0,270,0,0,0
0,32.81245,0,0,0,270,0,0,0
0,32.82347,0,0,0,270,0,0,0
0,32.83497,0,0,0,270,0,0,0
0,32.84591,0,0,0,270,0,0,0
0,32.85756,0,0,0,270,0,0,0
0,32.8683,0,0,0,270,0,0,0
0,32.87923,0,0,0,270,0,0,0
0,32.89141,0,0,0,270,0,0,0
0,32.90137,0,0,0,270,0,0,0
0,32.91228,0,0,0,270,0,0,0
0,32.9233,0,0,0,270,0,0,0
0,32.93501,0,0,0,270,0,0,0
0,32.94542,0,0,0,270,0,0,0
0,32.9568,0,0,0,270,0,0,0
0,32.96749,0,0,0,270,0,0,0
0,32.97915,0,0,0,270,0,0,0
0,32.99075,0,0,0,270,0,0,0
0,33.00129,0,0,0,270,0,0,0
0,33.01254,0,0,0,270,0,0,0
0,33.02311,0,0,0,270,0,0,0
0,33.03478,0,0,0,270,0,0,0
0,33.04543,0,0,0,270,0,0,0
0,33.05696,0,0,0,270,0,0,0
0,33.06778,0,0,0,270,0,0,0
0,33.0792,0,0,0,270,0,0,0
0,33.09032,0,0,0,270,0,0,0
0,33.10075,0,0,0,270,0,0,0
0,33.11317,0,0,0,270,0,0,0
0,33.12311,0,0,0,270,0,0,0
0,33.13441,0,0,0,270,0,0,0
0,33.14557,0,0,0,270,0,0,0
0,33.15747,0,0,0,270,0,0,0
0,33.16771,0,0,0,270,0,0,0
0,33.17877,0,0,0,270,0,0,0
0,33.18962,0,0,0,270,0,0,0
0,33.20144,0,0,0,270,0,0,0
0,33.21254,0,0,0,270,0,0,0
0,33.22315,0,0,0,270,0,0,0
0,33.23487,0,0,0,270,0,0,0
0,33.24527,0,0,0,270,0,0,0
0,33.25684,0,0,0,270,0,0,0
0,33.26796,0,0,0,270,0,0,0
0,33.27944,0,0,0,270,0,0,0
0,33.28965,0,0,0,270,0,0,0
0,33.30099,0,0,0,270,0,0,0
0,33.31297,0,0,0,270,0,0,0
0,33.32299,0,0,0,270,0,0,0
0,33.335,0,0,0,270,0,0,0
0,33.34563,0,0,0,270,0,0,0
0,33.35726,0,0,0,270,0,0,0
0,33.36758,0,0,0,270,0,0,0
0,33.37915,0,0,0,270,0,0,0
0,33.39033,0,0,0,270,0,0,0
0,33.40066,0,0,0,270,0,0,0
0,33.41214,0,0,0,270,0,0,0
0,33.42334,0,0,0,270,0,0,0
0,33.43427,0,0,0,270,0,0,0
0,33.44542,0,0,0,270,0,0,0
0,33.45654,0,0,0,270,0,0,0
0,33.46764,0,0,0,270,0,0,0
0,33.47918,0,0,0,270,0,0,0
0,33.48942,0,0,0,270,0,0,0
0,33.50125,0,0,0,270,0,0,0
0,33.51204,0,0,0,270,0,0,0
0,33.5229,0,0,0,270,0,0,0
0,33.5345,0,0,0,270,0,0,0
0,33.54535,0,0,0,270,0,0,0
0,33.55677,0,0,0,270,0,0,0
0,33.56767,0,0,0,270,0,0,0
0,33.57932,0,0,0,270,0,0,0
0,33.5896,0,0,0,270,0,0,0
0,33.60137,0,0,0,270,0,0,0
0,33.61205,0,0,0,270,0,0,0
0,33.6228,0,0,0,270,0,0,0
0,33.63428,0,0,0,270,0,0,0
0,33.64545,0,0,0,270,0,0,0
0,33.65657,0,0,0,270,0,0,0
0,33.66706,0,0,0,270,0,0,0
0,33.67875,0,0,0,270,0,0,0
0,33.68956,0,0,0,270,0,0,0
0,33.70108,0,0,0,270,0,0,0
0,33.71192,0,0,0,270,0,0,0
0,33.72259,0,0,0,270,0,0,0
0,33.73442,0,0,0,270,0,0,0
0,33.74508,0,0,0,270,0,0,0
0,33.75675,0,0,0,270,0,0,0
0,33.76768,0,0,0,270,0,0,0
0,33.77906,0,0,0,270,0,0,0
0,33.7893,0,0,0,270,0,0,0
0,33.80087,0,0,0,270,0,0,0
0,33.81189,0,0,0,270,0,0,0
0,33.82282,0,0,0,270,0,0,0
0,33.83415,0,0,0,270,0,0,0
0,33.84571,0,0,0,270,0,0,0
0,33.85625,0,0,0,270,0,0,0
0,33.86767,0,0,0,270,0,0,0
0,33.87927,0,0,0,270,0,0,0
0,33.8904,0,0,0,270,0,0,0
0,33.90191,0,0,0,270,0,0,0
0,33.91197,0,0,0,270,0,0,0
0,33.92304,0,0,0,270,0,0,0
0,33.93411,0,0,0,270,0,0,0
0,33.94475,0,0,0,270,0,0,0
0,33.9564,0,0,0,270,0,0,0
0,33.96778,0,0,0,270,0,0,0
0,33.9787,0,0,0,270,0,0,0
0,33.98935,0,0,0,270,0,0,0
0,34.00106,0,0,0,270,0,0,0
0,34.01215,0,0,0,270,0,0,0
0,34.02307,0,0,0,270,0,0,0
0,34.03417,0,0,0,270,0,0,0
0,34.04466,0,0,0,270,0,0,0
0,34.05659,0,0,0,270,0,0,0
0,34.06784,0,0,0,270,0,0,0
0,34.07858,0,0,0,270,0,0,0
0,34.08948,0,0,0,270,0,0,0
0,34.10094,0,0,0,270,0,0,0
0,34.11237,0,0,0,270,0,0,0
0,34.12281,0,0,0,270,0,0,0
0,34.1343,0,0,0,270,0,0,0
0,34.14524,0,0,0,270,0,0,0
0,34.15681,0,0,0,270,0,0,0
0,34.16716,0,0,0,270,0,0,0
0,34.17902,0,0,0,270,0,0,0
0,34.18966,0,0,0,270,0,0,0
0,34.20166,0,0,0,270,0,0,0
0,34.21198,0,0,0,270,0,0,0
0,34.22272,0,0,0,270,0,0,0
0,34.23419,0,0,0,270,0,0,0
0,34.24493,0,0,0,270,0,0,0
0,34.25651,0,0,0,270,0,0,0
0,34.26726,0,0,0,270,0,0,0
0,34.27887,0,0,0,270,0,0,0
0,34.28939,0,0,0,270,0,0,0
0,34.30096,0,0,0,270,0,0,0
0,34.31197,0,0,0,270,0,0,0
0,34.32255,0,0,0,270,0,0,0
0,34.33408,0,0,0,270,0,0,0
0,34.34452,0,0,0,270,0,0,0
0,34.35611,0,0,0,270,0,0,0
0,34.36676,0,0,0,270,0,0,0
0,34.3783,0,0,0,270,0,0,0
0,34.38958,0,0,0,270,0,0,0
0,34.40068,0,0,0,270,0,0,0
0,34.4118,0,0,0,270,0,0,0
0,34.42238,0,0,0,270,0,0,0
0,34.43395,0,0,0,270,0,0,0
0,34.44463,0,0,0,270,0,0,0
0,34.45597,0,0,0,270,0,0,0
0,34.46671,0,0,0,270,0,0,0
0,34.47844,0,0,0,270,0,0,0
0,34.48913,0,0,0,270,0,0,0
0,34.50127,0,0,0,270,0,0,0
0,34.5115,0,0,0,270,0,0,0
0,34.52254,0,0,0,270,0,0,0
0,34.53369,0,0,0,270,0,0,0
0,34.54439,0,0,0,270,0,0,0
0,34.55623,0,0,0,270,0,0,0
0,34.56665,0,0,0,270,0,0,0
0,34.57826,0,0,0,270,0,0,0
0,34.58924,0,0,0,270,0,0,0
0,34.60042,0,0,0,270,0,0,0
0,34.61215,0,0,0,270,0,0,0
0,34.62254,0,0,0,270,0,0,0
0,34.634,0,0,0,270,0,0,0
0,34.64462,0,0,0,270,0,0,0
0,34.65622,0,0,0,270,0,0,0
0,34.66702,0,0,0,270,0,0,0
0,34.67842,0,0,0,270,0,0,0
0,34.68956,0,0,0,270,0,0,0
0,34.70059,0,0,0,270,0,0,0
0,34.71195,0,0,0,270,0,0,0
0,34.72227,0,0,0,270,0,0,0
0,34.7339,0,0,0,270,0,0,0
0,34.74452,0,0,0,270,0,0,0
0,34.7562,0,0,0,270,0,0,0
0,34.76752,0,0,0,270,0,0,0
0,34.77816,0,0,0,270,0,0,0
0,34.78897,0,0,0,270,0,0,0
0,34.80091,0,0,0,270,0,0,0
0,34.81217,0,0,0,270,0,0,0
0,34.82238,0,0,0,270,0,0,0
0,34.83419,0,0,0,270,0,0,0
0,34.84497,0,0,0,270,0,0,0
0,34.85592,0,0,0,270,0,0,0
0,34.86671,0,0,0,270,0,0,0
0,34.87807,0,0,0,270,0,0,0
0,34.89138,0,0,0,270,0,0,0
0,34.90077,0,0,0,270,0,0,0
0,34.91282,0,0,0,270,0,0,0
0,34.92322,0,0,0,270,0,0,0
0,34.93428,0,0,0,270,0,0,0
0,34.94576,0,0,0,270,0,0,0
0,34.95657,0,0,0,270,0,0,0
0,34.96749,0,0,0,270,0,0,0
0,34.97834,0,0,0,270,0,0,0
0,34.98928,0,0,0,270,0,0,0
0,35.00035,0,0,0,270,0,0,0
0,35.01174,0,0,0,270,0,0,0
0,35.02244,0,0,0,270,0,0,0
0,35.03393,0,0,0,270,0,0,0
0,35.0445,0,0,0,270,0,0,0
0,35.05587,0,0,0,270,0,0,0
0,35.06664,0,0,0,270,0,0,0
0,35.07803,0,0,0,270,0,0,0
0,35.08875,0,0,0,270,0,0,0
0,35.10048,0,0,0,270,0,0,0
0,35.112,0,0,0,270,0,0,0
0,35.12239,0,0,0,270,0,0,0
0,35.13418,0,0,0,270,0,0,0
0,35.14467,0,0,0,270,0,0,0
0,35.15605,0,0,0,270,0,0,0
0,35.16651,0,0,0,270,0,0,0
0,35.1784,0,0,0,270,0,0,0
0,35.18888,0,0,0,270,0,0,0
0,35.20029,0,0,0,270,0,0,0
0,35.21159,0,0,0,270,0,0,0
0,35.2222,0,0,0,270,0,0,0
0,35.23394,0,0,0,270,0,0,0
0,35.24456,0,0,0,270,0,0,0
0,35.25618,0,0,0,270,0,0,0
0,35.26978,0,0,0,270,0,0,0
0,35.27825,0,0,0,270,0,0,0
0,35.28899,0,0,0,270,0,0,0
0,35.30056,0,0,0,270,0,0,0
0,35.31178,0,0,0,270,0,0,0
0,35.32201,0,0,0,270,0,0,0
0,35.33356,0,0,0,270,0,0,0
0,35.34452,0,0,0,270,0,0,0
0,35.35585,0,0,0,270,0,0,0
0,35.3666,0,0,0,270,0,0,0
0,35.37813,0,0,0,270,0,0,0
0,35.38921,0,0,0,270,0,0,0
0,35.40024,0,0,0,270,0,0,0
0,35.41148,0,0,0,270,0,0,0
0,35.42247,0,0,0,270,0,0,0
0,35.43383,0,0,0,270,0,0,0
0,35.44462,0,0,0,270,0,0,0
0,35.45619,0,0,0,270,0,0,0
0,35.46678,0,0,0,270,0,0,0
0,35.47797,0,0,0,270,0,0,0
0,35.48864,0,0,0,270,0,0,0
0,35.49992,0,0,0,270,0,0,0
0,35.51128,0,0,0,270,0,0,0
0,35.52226,0,0,0,270,0,0,0
0,35.534,0,0,0,270,0,0,0
0,35.54468,0,0,0,270,0,0,0
0,35.55608,0,0,0,270,0,0,0
0,35.56665,0,0,0,270,0,0,0
0,35.57803,0,0,0,270,0,0,0
0,35.5891,0,0,0,270,0,0,0
0,35.60035,0,0,0,270,0,0,0
0,35.61118,0,0,0,270,0,0,0
0,35.62203,0,0,0,270,0,0,0
0,35.63337,0,0,0,270,0,0,0
0,35.64427,0,0,0,270,0,0,0
0,35.65631,0,0,0,270,0,0,0
0,35.6664,0,0,0,270,0,0,0
0,35.67774,0,0,0,270,0,0,0
0,35.68838,0,0,0,270,0,0,0
0,35.70005,0,0,0,270,0,0,0
0,35.71104,0,0,0,270,0,0,0
0,35.72168,0,0,0,270,0,0,0
0,35.73345,0,0,0,270,0,0,0
0,35.74419,0,0,0,270,0,0,0
0,35.75599,0,0,0,270,0,0,0
0,35.76621,0,0,0,270,0,0,0
0,35.77773,0,0,0,270,0,0,0
0,35.78839,0,0,0,270,0,0,0
0,35.80008,0,0,0,270,0,0,0
0,35.81118,0,0,0,270,0,0,0
0,35.82183,0,0,0,270,0,0,0
0,35.83319,0,0,0,270,0,0,0
0,35.84399,0,0,0,270,0,0,0
0,35.85534,0,0,0,270,0,0,0
0,35.86654,0,0,0,270,0,0,0
0,35.8778,0,0,0,270,0,0,0
0,35.88886,0,0,0,270,0,0,0
0,35.9007,0,0,0,270,0,0,0
0,35.91114,0,0,0,270,0,0,0
0,35.92269,0,0,0,270,0,0,0
0,35.93414,0,0,0,270,0,0,0
0,35.9446,0,0,0,270,0,0,0
0,35.95611,0,0,0,270,0,0,0
0,35.96671,0,0,0,270,0,0,0
0,35.97783,0,0,0,270,0,0,0
0,35.98841,0,0,0,270,0,0,0
0,36.00044,0,0,0,270,0,0,0
0,36.01098,0,0,0,270,0,0,0
0,36.02187,0,0,0,270,0,0,0
0,36.03356,0,0,0,270,0,0,0
0,36.04414,0,0,0,270,0,0,0
0,36.05581,0,0,0,270,0,0,0
0,36.0663,0,0,0,270,0,0,0
0,36.07818,0,0,0,270,0,0,0
0,36.08841,0,0,0,270,0,0,0
0,36.10003,0,0,0,270,0,0,0
0,36.11168,0,0,0,270,0,0,0
0,36.12201,0,0,0,270,0,0,0
0,36.13403,0,0,0,270,0,0,0
0,36.14499,0,0,0,270,0,0,0
0,36.15591,0,0,0,270,0,0,0
0,36.16611,0,0,0,270,0,0,0
0,36.17775,0,0,0,270,0,0,0
0,36.18894,0,0,0,270,0,0,0
0,36.19979,0,0,0,270,0,0,0
0,36.21086,0,0,0,270,0,0,0
0,36.22166,0,0,0,270,0,0,0
0,36.23384,0,0,0,270,0,0,0
0,36.24379,0,0,0,270,0,0,0
0,36.25589,0,0,0,270,0,0,0
0,36.2662,0,0,0,270,0,0,0
0,36.27769,0,0,0,270,0,0,0
0,36.28841,0,0,0,270,0,0,0
0,36.30033,0,0,0,270,0,0,0
0,36.31071,0,0,0,270,0,0,0
0,36.32165,0,0,0,270,0,0,0
0,36.33327,0,0,0,270,0,0,0
0,36.3438,0,0,0,270,0,0,0
0,36.3553,0,0,0,270,0,0,0
0,36.36597,0,0,0,270,0,0,0
0,36.37766,0,0,0,270,0,0,0
0,36.38914,0,0,0,270,0,0,0
0,36.39998,0,0,0,270,0,0,0
0,36.41081,0,0,0,270,0,0,0
0,36.42207,0,0,0,270,0,0,0
0,36.4329,0,0,0,270,0,0,0
0,36.44387,0,0,0,270,0,0,0
0,36.45603,0,0,0,270,0,0,0
0,36.46598,0,0,0,270,0,0,0
0,36.47759,0,0,0,270,0,0,0
0,36.48857,0,0,0,270,0,0,0
0,36.49971,0,0,0,270,0,0,0
0,36.51088,0,0,0,270,0,0,0
0,36.52168,0,0,0,270,0,0,0
0,36.53306,0,0,0,270,0,0,0
0,36.54365,0,0,0,270,0,0,0
0,36.55492,0,0,0,270,0,0,0
0,36.56627,0,0,0,270,0,0,0
0,36.57764,0,0,0,270,0,0,0
0,36.58812,0,0,0,270,0,0,0
0,36.59947,0,0,0,270,0,0,0
0,36.61107,0,0,0,270,0,0,0
0,36.62133,0,0,0,270,0,0,0
0,36.63269,0,0,0,270,0,0,0
0,36.6439,0,0,0,270,0,0,0
0,36.65492,0,0,0,270,0,0,0
0,36.66593,0,0,0,270,0,0,0
0,36.67782,0,0,0,270,0,0,0
0,36.6887,0,0,0,270,0,0,0
0,36.69957,0,0,0,270,0,0,0
0,36.71082,0,0,0,270,0,0,0
0,36.72151,0,0,0,270,0,0,0
0,36.7337,0,0,0,270,0,0,0
0,36.74402,0,0,0,270,0,0,0
0,36.7551,0,0,0,270,0,0,0
0,36.766,0,0,0,270,0,0,0
0,36.7772,0,0,0,270,0,0,0
0,36.78812,0,0,0,270,0,0,0
0,36.7998,0,0,0,270,0,0,0
0,36.81071,0,0,0,270,0,0,0
0,36.82165,0,0,0,270,0,0,0
0,36.83282,0,0,0,270,0,0,0
0,36.84361,0,0,0,270,0,0,0
0,36.85503,0,0,0,270,0,0,0
0,36.86599,0,0,0,270,0,0,0
0,36.87761,0,0,0,270,0,0,0
0,36.88877,0,0,0,270,0,0,0
0,36.89964,0,0,0,270,0,0,0
0,36.91061,0,0,0,270,0,0,0
0,36.92152,0,0,0,270,0,0,0
0,36.93293,0,0,0,270,0,0,0
0,36.94363,0,0,0,270,0,0,0
0,36.95524,0,0,0,270,0,0,0
0,36.96575,0,0,0,270,0,0,0
0,36.97775,0,0,0,270,0,0,0
0,36.98845,0,0,0,270,0,0,0
0,37.00012,0,0,0,270,0,0,0
0,37.01112,0,0,0,270,0,0,0
0,37.02234,0,0,0,270,0,0,0
0,37.03299,0,0,0,270,0,0,0
0,37.044,0,0,0,270,0,0,0
0,37.05564,0,0,0,270,0,0,0
0,37.06662,0,0,0,270,0,0,0
0,37.07756,0,0,0,270,0,0,0
0,37.08817,0,0,0,270,0,0,0
0,37.09971,0,0,0,270,0,0,0
0,37.11106,0,0,0,270,0,0,0
0,37.12116,0,0,0,270,0,0,0
0,37.13298,0,0,0,270,0,0,0
0,37.1441,0,0,0,270,0,0,0
0,37.15501,0,0,0,270,0,0,0
0,37.16592,0,0,0,270,0,0,0
0,37.17742,0,0,0,270,0,0,0
0,37.18795,0,0,0,270,0,0,0
0,37.19942,0,0,0,270,0,0,0
0,37.21048,0,0,0,270,0,0,0
0,37.22145,0,0,0,270,0,0,0
0,37.23285,0,0,0,270,0,0,0
0,37.24351,0,0,0,270,0,0,0
0,37.2551,0,0,0,270,0,0,0
0,37.2658,0,0,0,270,0,0,0
0,37.27742,0,0,0,270,0,0,0
0,37.28797,0,0,0,270,0,0,0
0,37.29968,0,0,0,270,0,0,0
0,37.31052,0,0,0,270,0,0,0
0,37.32116,0,0,0,270,0,0,0
0,37.33308,0,0,0,270,0,0,0
0,37.34379,0,0,0,270,0,0,0
0,37.35476,0,0,0,270,0,0,0
0,37.36585,0,0,0,270,0,0,0
0,37.37691,0,0,0,270,0,0,0
0,37.38827,0,0,0,270,0,0,0
0,37.39909,0,0,0,270,0,0,0
0,37.41027,0,0,0,270,0,0,0
0,37.42134,0,0,0,270,0,0,0
0,37.4326,0,0,0,270,0,0,0
0,37.44375,0,0,0,270,0,0,0
0,37.4546,0,0,0,270,0,0,0
0,37.46538,0,0,0,270,0,0,0
0,37.4771,0,0,0,270,0,0,0
0,37.48792,0,0,0,270,0,0,0
0,37.49952,0,0,0,270,0,0,0
0,37.5103,0,0,0,270,0,0,0
0,37.52136,0,0,0,270,0,0,0
0,37.5324,0,0,0,270,0,0,0
0,37.5432,0,0,0,270,0,0,0
0,37.55473,0,0,0,270,0,0,0
0,37.56541,0,0,0,270,0,0,0
0,37.57753,0,0,0,270,0,0,0
0,37.58773,0,0,0,270,0,0,0
0,37.5992,0,0,0,270,0,0,0
0,37.61046,0,0,0,270,0,0,0
0,37.621,0,0,0,270,0,0,0
0,37.63248,0,0,0,270,0,0,0
0,37.64341,0,0,0,270,0,0,0
0,37.65486,0,0,0,270,0,0,0
0,37.66546,0,0,0,270,0,0,0
0,37.67685,0,0,0,270,0,0,0
0,37.68842,0,0,0,270,0,0,0
0,37.69902,0,0,0,270,0,0,0
0,37.71067,0,0,0,270,0,0,0
0,37.7211,0,0,0,270,0,0,0
0,37.73241,0,0,0,270,0,0,0
0,37.74347,0,0,0,270,0,0,0
0,37.75496,0,0,0,270,0,0,0
0,37.76571,0,0,0,270,0,0,0
0,37.77668,0,0,0,270,0,0,0
0,37.78741,0,0,0,270,0,0,0
0,37.79896,0,0,0,270,0,0,0
0,37.8102,0,0,0,270,0,0,0
0,37.82129,0,0,0,270,0,0,0
0,37.83238,0,0,0,270,0,0,0
0,37.84311,0,0,0,270,0,0,0
0,37.85447,0,0,0,270,0,0,0
0,37.86535,0,0,0,270,0,0,0
0,37.87659,0,0,0,270,0,0,0
0,37.88747,0,0,0,270,0,0,0
0,37.89905,0,0,0,270,0,0,0
0,37.9114,0,0,0,270,0,0,0
0,37.92186,0,0,0,270,0,0,0
0,37.93312,0,0,0,270,0,0,0
0,37.94326,0,0,0,270,0,0,0
0,37.9554,0,0,0,270,0,0,0
0,37.96528,0,0,0,270,0,0,0
0,37.97709,0,0,0,270,0,0,0
0,37.98807,0,0,0,270,0,0,0
0,37.9991,0,0,0,270,0,0,0
0,38.01029,0,0,0,270,0,0,0
0,38.02103,0,0,0,270,0,0,0
0,38.03311,0,0,0,270,0,0,0
0,38.04299,0,0,0,270,0,0,0
0,38.05493,0,0,0,270,0,0,0
0,38.06557,0,0,0,270,0,0,0
0,38.07749,0,0,0,270,0,0,0
0,38.08764,0,0,0,270,0,0,0
0,38.09894,0,0,0,270,0,0,0
0,38.11096,0,0,0,270,0,0,0
0,38.12098,0,0,0,270,0,0,0
0,38.13273,0,0,0,270,0,0,0
0,38.14356,0,0,0,270,0,0,0
0,38.15497,0,0,0,270,0,0,0
0,38.16534,0,0,0,270,0,0,0
0,38.17822,0,0,0,270,0,0,0
0,38.18784,0,0,0,270,0,0,0
0,38.19901,0,0,0,270,0,0,0
0,38.20959,0,0,0,270,0,0,0
0,38.22141,0,0,0,270,0,0,0
0,38.23216,0,0,0,270,0,0,0
0,38.24337,0,0,0,270,0,0,0
0,38.25522,0,0,0,270,0,0,0
0,38.26552,0,0,0,270,0,0,0
0,38.27677,0,0,0,270,0,0,0
0,38.28735,0,0,0,270,0,0,0
0,38.29898,0,0,0,270,0,0,0
0,38.3103,0,0,0,270,0,0,0
0,38.3208,0,0,0,270,0,0,0
0,38.33216,0,0,0,270,0,0,0
0,38.3433,0,0,0,270,0,0,0
0,38.35522,0,0,0,270,0,0,0
0,38.3655,0,0,0,270,0,0,0
0,38.37723,0,0,0,270,0,0,0
0,38.38731,0,0,0,270,0,0,0
0,38.39887,0,0,0,270,0,0,0
0,38.40949,0,0,0,270,0,0,0
0,38.42109,0,0,0,270,0,0,0
0,38.43193,0,0,0,270,0,0,0
0,38.44263,0,0,0,270,0,0,0
0,38.45436,0,0,0,270,0,0,0
0,38.46485,0,0,0,270,0,0,0
0,38.4763,0,0,0,270,0,0,0
0,38.48747,0,0,0,270,0,0,0
0,38.49899,0,0,0,270,0,0,0
0,38.50935,0,0,0,270,0,0,0
0,38.52111,0,0,0,270,0,0,0
0,38.53233,0,0,0,270,0,0,0
0,38.54281,0,0,0,270,0,0,0
0,38.55433,0,0,0,270,0,0,0
0,38.5652,0,0,0,270,0,0,0
0,38.57665,0,0,0,270,0,0,0
0,38.58715,0,0,0,270,0,0,0
0,38.59873,0,0,0,270,0,0,0
0,38.60964,0,0,0,270,0,0,0
0,38.62091,0,0,0,270,0,0,0
0,38.63224,0,0,0,270,0,0,0
0,38.64299,0,0,0,270,0,0,0
0,38.65412,0,0,0,270,0,0,0
0,38.66476,0,0,0,270,0,0,0
0,38.67666,0,0,0,270,0,0,0
0,38.68769,0,0,0,270,0,0,0
0,38.69889,0,0,0,270,0,0,0
0,38.70964,0,0,0,270,0,0,0
0,38.72125,0,0,0,270,0,0,0
0,38.73205,0,0,0,270,0,0,0
0,38.74282,0,0,0,270,0,0,0
0,38.75487,0,0,0,270,0,0,0
0,38.7651,0,0,0,270,0,0,0
0,38.7771,0,0,0,270,0,0,0
0,38.78766,0,0,0,270,0,0,0
0,38.79935,0,0,0,270,0,0,0
0,38.80944,0,0,0,270,0,0,0
0,38.82085,0,0,0,270,0,0,0
0,38.83206,0,0,0,270,0,0,0
0,38.84349,0,0,0,270,0,0,0
0,38.85531,0,0,0,270,0,0,0
0,38.86528,0,0,0,270,0,0,0
0,38.87637,0,0,0,270,0,0,0
0,38.88721,0,0,0,270,0,0,0
0,38.89879,0,0,0,270,0,0,0
0,38.90951,0,0,0,270,0,0,0
0,38.92116,0,0,0,270,0,0,0
0,38.93251,0,0,0,270,0,0,0
0,38.94298,0,0,0,270,0,0,0
0,38.95404,0,0,0,270,0,0,0
0,38.96488,0,0,0,270,0,0,0
0,38.9762,0,0,0,270,0,0,0
0,38.98751,0,0,0,270,0,0,0
0,39.00029,0,0,0,270,0,0,0
0,39.00942,0,0,0,270,0,0,0
0,39.02165,0,0,0,270,0,0,0
0,39.03249,0,0,0,270,0,0,0
0,39.04284,0,0,0,270,0,0,0
0,39.05408,0,0,0,270,0,0,0
0,39.06533,0,0,0,270,0,0,0
0,39.07724,0,0,0,270,0,0,0
0,39.08706,0,0,0,270,0,0,0
0,39.09897,0,0,0,270,0,0,0
0,39.11042,0,0,0,270,0,0,0
0,39.12039,0,0,0,270,0,0,0
0,39.1321,0,0,0,270,0,0,0
0,39.14304,0,0,0,270,0,0,0
0,39.15469,0,0,0,270,0,0,0
0,39.16504,0,0,0,270,0,0,0
0,39.17636,0,0,0,270,0,0,0
0,39.18723,0,0,0,270,0,0,0
0,39.19862,0,0,0,270,0,0,0
0,39.20953,0,0,0,270,0,0,0
0,39.22137,0,0,0,270,0,0,0
0,39.23207,0,0,0,270,0,0,0
0,39.24258,0,0,0,270,0,0,0
0,39.25412,0,0,0,270,0,0,0
0,39.26522,0,0,0,270,0,0,0
0,39.27635,0,0,0,270,0,0,0
0,39.28715,0,0,0,270,0,0,0
0,39.29903,0,0,0,270,0,0,0
0,39.30927,0,0,0,270,0,0,0
0,39.32087,0,0,0,270,0,0,0
0,39.33189,0,0,0,270,0,0,0
0,39.34307,0,0,0,270,0,0,0
0,39.35412,0,0,0,270,0,0,0
0,39.36489,0,0,0,270,0,0,0
0,39.3763,0,0,0,270,0,0,0
0,39.38708,0,0,0,270,0,0,0
0,39.39898,0,0,0,270,0,0,0
0,39.40937,0,0,0,270,0,0,0
0,39.42144,0,0,0,270,0,0,0
0,39.43182,0,0,0,270,0,0,0
0,39.44272,0,0,0,270,0,0,0
0,39.45419,0,0,0,270,0,0,0
0,39.46479,0,0,0,270,0,0,0
0,39.47659,0,0,0,270,0,0,0
0,39.48712,0,0,0,270,0,0,0
0,39.49841,0,0,0,270,0,0,0
0,39.50926,0,0,0,270,0,0,0
0,39.52089,0,0,0,270,0,0,0
0,39.53165,0,0,0,270,0,0,0
0,39.54259,0,0,0,270,0,0,0
0,39.55369,0,0,0,270,0,0,0
0,39.56462,0,0,0,270,0,0,0
0,39.5768,0,0,0,270,0,0,0
0,39.58678,0,0,0,270,0,0,0
0,39.59822,0,0,0,270,0,0,0
0,39.60951,0,0,0,270,0,0,0
0,39.621,0,0,0,270,0,0,0
0,39.63175,0,0,0,270,0,0,0
0,39.64278,0,0,0,270,0,0,0
0,39.65364,0,0,0,270,0,0,0
0,39.66446,0,0,0,270,0,0,0
0,39.67593,0,0,0,270,0,0,0
0,39.68713,0,0,0,270,0,0,0
0,39.69809,0,0,0,270,0,0,0
0,39.70878,0,0,0,270,0,0,0
0,39.72108,0,0,0,270,0,0,0
0,39.73161,0,0,0,270,0,0,0
0,39.74261,0,0,0,270,0,0,0
0,39.75406,0,0,0,270,0,0,0
0,39.76426,0,0,0,270,0,0,0
0,39.7759,0,0,0,270,0,0,0
0,39.78665,0,0,0,270,0,0,0
0,39.79821,0,0,0,270,0,0,0
0,39.80888,0,0,0,270,0,0,0
0,39.82024,0,0,0,270,0,0,0
0,39.8316,0,0,0,270,0,0,0
0,39.84265,0,0,0,270,0,0,0
0,39.85367,0,0,0,270,0,0,0
0,39.86445,0,0,0,270,0,0,0
0,39.87627,0,0,0,270,0,0,0
0,39.88667,0,0,0,270,0,0,0
0,39.89814,0,0,0,270,0,0,0
0,39.90888,0,0,0,270,0,0,0
0,39.92035,0,0,0,270,0,0,0
0,39.9314,0,0,0,270,0,0,0
0,39.94248,0,0,0,270,0,0,0
0,39.95404,0,0,0,270,0,0,0
0,39.96433,0,0,0,270,0,0,0
0,39.97568,0,0,0,270,0,0,0
0,39.98736,0,0,0,270,0,0,0
0,39.99939,0,0,0,270,0,0,0
0,40.00948,0,0,0,270,0,0,0
0,40.02153,0,0,0,270,0,0,0
0,40.03387,0,0,0,270,0,0,0
0,40.04264,0,0,0,270,0,0,0
0,40.05429,0,0,0,270,0,0,0
0,40.06485,0,0,0,270,0,0,0
0,40.0762,0,0,0,270,0,0,0
0,40.08675,0,0,0,270,0,0,0
0,40.09837,0,0,0,270,0,0,0
0,40.10942,0,0,0,270,0,0,0
0,40.12061,0,0,0,270,0,0,0
0,40.13152,0,0,0,270,0,0,0
0,40.14269,0,0,0,270,0,0,0
0,40.15376,0,0,0,270,0,0,0
0,40.16433,0,0,0,270,0,0,0
0,40.17606,0,0,0,270,0,0,0
0,40.18699,0,0,0,270,0,0,0
0,40.19826,0,0,0,270,0,0,0
0,40.2089,0,0,0,270,0,0,0
0,40.22044,0,0,0,270,0,0,0
0,40.23135,0,0,0,270,0,0,0
0,40.24236,0,0,0,270,0,0,0
0,40.25353,0,0,0,270,0,0,0
0,40.26439,0,0,0,270,0,0,0
0,40.27602,0,0,0,270,0,0,0
0,40.28687,0,0,0,270,0,0,0
0,40.29855,0,0,0,270,0,0,0
0,40.3097,0,0,0,270,0,0,0
0,40.32024,0,0,0,270,0,0,0
0,40.33197,0,0,0,270,0,0,0
0,40.34258,0,0,0,270,0,0,0
0,40.3535,0,0,0,270,0,0,0
0,40.36437,0,0,0,270,0,0,0
0,40.37612,0,0,0,270,0,0,0
0,40.38646,0,0,0,270,0,0,0
0,40.3984,0,0,0,270,0,0,0
0,40.40924,0,0,0,270,0,0,0
0,40.42101,0,0,0,270,0,0,0
0,40.43132,0,0,0,270,0,0,0
0,40.44219,0,0,0,270,0,0,0
0,40.45406,0,0,0,270,0,0,0
0,40.46444,0,0,0,270,0,0,0
0,40.47595,0,0,0,270,0,0,0
0,40.48648,0,0,0,270,0,0,0
0,40.49797,0,0,0,270,0,0,0
0,40.50866,0,0,0,270,0,0,0
0,40.5209,0,0,0,270,0,0,0
0,40.53194,0,0,0,270,0,0,0
0,40.54214,0,0,0,270,0,0,0
0,40.55392,0,0,0,270,0,0,0
0,40.56437,0,0,0,270,0,0,0
0,40.57646,0,0,0,270,0,0,0
0,40.58646,0,0,0,270,0,0,0
0,40.59775,0,0,0,270,0,0,0
0,40.60899,0,0,0,270,0,0,0
0,40.62003,0,0,0,270,0,0,0
0,40.63107,0,0,0,270,0,0,0
0,40.64262,0,0,0,270,0,0,0
0,40.65329,0,0,0,270,0,0,0
0,40.66429,0,0,0,270,0,0,0
0,40.6759,0,0,0,270,0,0,0
0,40.68671,0,0,0,270,0,0,0
0,40.6978,0,0,0,270,0,0,0
0,40.70884,0,0,0,270,0,0,0
0,40.72017,0,0,0,270,0,0,0
0,40.731,0,0,0,270,0,0,0
0,40.74196,0,0,0,270,0,0,0
0,40.7544,0,0,0,270,0,0,0
0,40.76484,0,0,0,270,0,0,0
0,40.77537,0,0,0,270,0,0,0
0,40.78632,0,0,0,270,0,0,0
0,40.79783,0,0,0,270,0,0,0
0,40.80849,0,0,0,270,0,0,0
0,40.82,0,0,0,270,0,0,0
0,40.83124,0,0,0,270,0,0,0
0,40.84229,0,0,0,270,0,0,0
0,40.85319,0,0,0,270,0,0,0
0,40.86443,0,0,0,270,0,0,0
0,40.8758,0,0,0,270,0,0,0
0,40.88622,0,0,0,270,0,0,0
0,40.89789,0,0,0,270,0,0,0
0,40.90879,0,0,0,270,0,0,0
0,40.92009,0,0,0,270,0,0,0
0,40.93124,0,0,0,270,0,0,0
0,40.94178,0,0,0,270,0,0,0
0,40.95329,0,0,0,270,0,0,0
0,40.96419,0,0,0,270,0,0,0
0,40.97583,0,0,0,270,0,0,0
0,40.98637,0,0,0,270,0,0,0
0,40.99757,0,0,0,270,0,0,0
0,41.00841,0,0,0,270,0,0,0
0,41.0202,0,0,0,270,0,0,0
0,41.03173,0,0,0,270,0,0,0
0,41.04175,0,0,0,270,0,0,0
0,41.05312,0,0,0,270,0,0,0
0,41.06418,0,0,0,270,0,0,0
0,41.07564,0,0,0,270,0,0,0
0,41.08654,0,0,0,270,0,0,0
0,41.09814,0,0,0,270,0,0,0
0,41.10925,0,0,0,270,0,0,0
0,41.11997,0,0,0,270,0,0,0
0,41.13144,0,0,0,270,0,0,0
0,41.14207,0,0,0,270,0,0,0
0,41.15363,0,0,0,270,0,0,0
0,41.16412,0,0,0,270,0,0,0
0,41.1755,0,0,0,270,0,0,0
0,41.18679,0,0,0,270,0,0,0
0,41.19772,0,0,0,270,0,0,0
0,41.20855,0,0,0,270,0,0,0
0,41.21991,0,0,0,270,0,0,0
0,41.23146,0,0,0,270,0,0,0
0,41.24177,0,0,0,270,0,0,0
0,41.2534,0,0,0,270,0,0,0
0,41.26419,0,0,0,270,0,0,0
0,41.27525,0,0,0,270,0,0,0
0,41.28607,0,0,0,270,0,0,0
0,41.2975,0,0,0,270,0,0,0
0,41.30849,0,0,0,270,0,0,0
0,41.31981,0,0,0,270,0,0,0
0,41.33111,0,0,0,270,0,0,0
0,41.34219,0,0,0,270,0,0,0
0,41.35302,0,0,0,270,0,0,0
0,41.36409,0,0,0,270,0,0,0
0,41.3752,0,0,0,270,0,0,0
0,41.3863,0,0,0,270,0,0,0
0,41.39784,0,0,0,270,0,0,0
0,41.40882,0,0,0,270,0,0,0
0,41.42084,0,0,0,270,0,0,0
0,41.43092,0,0,0,270,0,0,0
0,41.44152,0,0,0,270,0,0,0
0,41.4531,0,0,0,270,0,0,0
0,41.46386,0,0,0,270,0,0,0
0,41.47517,0,0,0,270,0,0,0
0,41.48594,0,0,0,270,0,0,0
0,41.49789,0,0,0,270,0,0,0
0,41.50824,0,0,0,270,0,0,0
0,41.52055,0,0,0,270,0,0,0
0,41.53132,0,0,0,270,0,0,0
0,41.54146,0,0,0,270,0,0,0
0,41.55293,0,0,0,270,0,0,0
0,41.56365,0,0,0,270,0,0,0
0,41.57497,0,0,0,270,0,0,0
0,41.58586,0,0,0,270,0,0,0
0,41.59724,0,0,0,270,0,0,0
0,41.60826,0,0,0,270,0,0,0
0,41.61983,0,0,0,270,0,0,0
0,41.6308,0,0,0,270,0,0,0
0,41.64176,0,0,0,270,0,0,0
0,41.65313,0,0,0,270,0,0,0
0,41.66359,0,0,0,270,0,0,0
0,41.67552,0,0,0,270,0,0,0
0,41.68608,0,0,0,270,0,0,0
0,41.69728,0,0,0,270,0,0,0
0,41.70804,0,0,0,270,0,0,0
0,41.71961,0,0,0,270,0,0,0
0,41.73068,0,0,0,270,0,0,0
0,41.74149,0,0,0,270,0,0,0
0,41.75288,0,0,0,270,0,0,0
0,41.76413,0,0,0,270,0,0,0
0,41.77552,0,0,0,270,0,0,0
0,41.7858,0,0,0,270,0,0,0
0,41.79776,0,0,0,270,0,0,0
0,41.80812,0,0,0,270,0,0,0
0,41.8195,0,0,0,270,0,0,0
0,41.83074,0,0,0,270,0,0,0
0,41.84135,0,0,0,270,0,0,0
0,41.85264,0,0,0,270,0,0,0
0,41.86353,0,0,0,270,0,0,0
0,41.87526,0,0,0,270,0,0,0
0,41.88561,0,0,0,270,0,0,0
0,41.89732,0,0,0,270,0,0,0
0,41.90782,0,0,0,270,0,0,0
0,41.91932,0,0,0,270,0,0,0
0,41.93068,0,0,0,270,0,0,0
0,41.94138,0,0,0,270,0,0,0
0,41.95358,0,0,0,270,0,0,0
0,41.96334,0,0,0,270,0,0,0
0,41.97518,0,0,0,270,0,0,0
0,41.98648,0,0,0,270,0,0,0
0,41.9973,0,0,0,270,0,0,0
0,42.00818,0,0,0,270,0,0,0
0,42.01988,0,0,0,270,0,0,0
0,42.03096,0,0,0,270,0,0,0
0,42.04143,0,0,0,270,0,0,0
0,42.05276,0,0,0,270,0,0,0
0,42.06416,0,0,0,270,0,0,0
0,42.07499,0,0,0,270,0,0,0
0,42.08557,0,0,0,270,0,0,0
0,42.09722,0,0,0,270,0,0,0
0,42.10884,0,0,0,270,0,0,0
0,42.1204,0,0,0,270,0,0,0
0,42.13118,0,0,0,270,0,0,0
0,42.14162,0,0,0,270,0,0,0
0,42.15286,0,0,0,270,0,0,0
0,42.16365,0,0,0,270,0,0,0
0,42.17515,0,0,0,270,0,0,0
0,42.1857,0,0,0,270,0,0,0
0,42.1973,0,0,0,270,0,0,0
0,42.20788,0,0,0,270,0,0,0
0,42.22019,0,0,0,270,0,0,0
0,42.23061,0,0,0,270,0,0,0
0,42.24136,0,0,0,270,0,0,0
0,42.25348,0,0,0,270,0,0,0
0,42.26376,0,0,0,270,0,0,0
0,42.27509,0,0,0,270,0,0,0
0,42.28598,0,0,0,270,0,0,0
0,42.29761,0,0,0,270,0,0,0
0,42.30807,0,0,0,270,0,0,0
0,42.32017,0,0,0,270,0,0,0
0,42.33084,0,0,0,270,0,0,0
0,42.34193,0,0,0,270,0,0,0
0,42.35274,0,0,0,270,0,0,0
0,42.36399,0,0,0,270,0,0,0
0,42.3753,0,0,0,270,0,0,0
0,42.38613,0,0,0,270,0,0,0
0,42.39784,0,0,0,270,0,0,0
0,42.40857,0,0,0,270,0,0,0
0,42.41999,0,0,0,270,0,0,0
0,42.43105,0,0,0,270,0,0,0
0,42.44176,0,0,0,270,0,0,0
0,42.45346,0,0,0,270,0,0,0
0,42.46355,0,0,0,270,0,0,0
0,42.4751,0,0,0,270,0,0,0
0,42.48572,0,0,0,270,0,0,0
0,42.49706,0,0,0,270,0,0,0
0,42.50786,0,0,0,270,0,0,0
0,42.52021,0,0,0,270,0,0,0
0,42.5313,0,0,0,270,0,0,0
0,42.54135,0,0,0,270,0,0,0
0,42.55244,0,0,0,270,0,0,0
0,42.56328,0,0,0,270,0,0,0
0,42.57494,0,0,0,270,0,0,0
0,42.5853,0,0,0,270,0,0,0
0,42.5971,0,0,0,270,0,0,0
0,42.60764,0,0,0,270,0,0,0
0,42.6191,0,0,0,270,0,0,0
0,42.63066,0,0,0,270,0,0,0
0,42.64112,0,0,0,270,0,0,0
0,42.65266,0,0,0,270,0,0,0
0,42.66339,0,0,0,270,0,0,0
0,42.67468,0,0,0,270,0,0,0
0,42.68533,0,0,0,270,0,0,0
0,42.69692,0,0,0,270,0,0,0
0,42.70755,0,0,0,270,0,0,0
0,42.71937,0,0,0,270,0,0,0
0,42.73035,0,0,0,270,0,0,0
0,42.74105,0,0,0,270,0,0,0
0,42.75275,0,0,0,270,0,0,0
0,42.76329,0,0,0,270,0,0,0
0,42.77492,0,0,0,270,0,0,0
0,42.78605,0,0,0,270,0,0,0
0,42.79751,0,0,0,270,0,0,0
0,42.80768,0,0,0,270,0,0,0
0,42.81919,0,0,0,270,0,0,0
0,42.83109,0,0,0,270,0,0,0
0,42.84103,0,0,0,270,0,0,0
0,42.85247,0,0,0,270,0,0,0
0,42.86349,0,0,0,270,0,0,0
0,42.87524,0,0,0,270,0,0,0
0,42.8876,0,0,0,270,0,0,0
0,42.89729,0,0,0,270,0,0,0
0,42.90766,0,0,0,270,0,0,0
0,42.91909,0,0,0,270,0,0,0
0,42.92982,0,0,0,270,0,0,0
0,42.94118,0,0,0,270,0,0,0
0,42.95234,0,0,0,270,0,0,0
0,42.96303,0,0,0,270,0,0,0
0,42.97459,0,0,0,270,0,0,0
0,42.98569,0,0,0,270,0,0,0
0,42.99762,0,0,0,270,0,0,0
0,43.00768,0,0,0,270,0,0,0
0,43.01908,0,0,0,270,0,0,0
0,43.0298,0,0,0,270,0,0,0
0,43.04144,0,0,0,270,0,0,0
0,43.05246,0,0,0,270,0,0,0
0,43.06366,0,0,0,270,0,0,0
0,43.07486,0,0,0,270,0,0,0
0,43.08536,0,0,0,270,0,0,0
0,43.09682,0,0,0,270,0,0,0
0,43.10744,0,0,0,270,0,0,0
0,43.11934,0,0,0,270,0,0,0
0,43.12963,0,0,0,270,0,0,0
0,43.14123,0,0,0,270,0,0,0
0,43.15314,0,0,0,270,0,0,0
0,43.16363,0,0,0,270,0,0,0
0,43.17596,0,0,0,270,0,0,0
0,43.18595,0,0,0,270,0,0,0
0,43.19712,0,0,0,270,0,0,0
0,43.20771,0,0,0,270,0,0,0
0,43.21964,0,0,0,270,0,0,0
0,43.22982,0,0,0,270,0,0,0
0,43.24119,0,0,0,270,0,0,0
0,43.25249,0,0,0,270,0,0,0
0,43.26318,0,0,0,270,0,0,0
0,43.27485,0,0,0,270,0,0,0
0,43.28558,0,0,0,270,0,0,0
0,43.29683,0,0,0,270,0,0,0
0,43.30745,0,0,0,270,0,0,0
0,43.31939,0,0,0,270,0,0,0
0,43.33037,0,0,0,270,0,0,0
0,43.34092,0,0,0,270,0,0,0
0,43.35252,0,0,0,270,0,0,0
0,43.36347,0,0,0,270,0,0,0
0,43.37457,0,0,0,270,0,0,0
0,43.3858,0,0,0,270,0,0,0
0,43.39721,0,0,0,270,0,0,0
0,43.40783,0,0,0,270,0,0,0
0,43.41945,0,0,0,270,0,0,0
0,43.43039,0,0,0,270,0,0,0
0,43.44067,0,0,0,270,0,0,0
0,43.45258,0,0,0,270,0,0,0
0,43.46298,0,0,0,270,0,0,0
0,43.4748,0,0,0,270,0,0,0
0,43.48549,0,0,0,270,0,0,0
0,43.49695,0,0,0,270,0,0,0
0,43.50725,0,0,0,270,0,0,0
0,43.5193,0,0,0,270,0,0,0
0,43.52942,0,0,0,270,0,0,0
0,43.54096,0,0,0,270,0,0,0
0,43.55262,0,0,0,270,0,0,0
0,43.56307,0,0,0,270,0,0,0
0,43.57471,0,0,0,270,0,0,0
0,43.58511,0,0,0,270,0,0,0
0,43.59637,0,0,0,270,0,0,0
0,43.6077,0,0,0,270,0,0,0
0,43.61882,0,0,0,270,0,0,0
0,43.62943,0,0,0,270,0,0,0
0,43.64114,0,0,0,270,0,0,0
0,43.65208,0,0,0,270,0,0,0
0,43.66278,0,0,0,270,0,0,0
0,43.67449,0,0,0,270,0,0,0
0,43.68518,0,0,0,270,0,0,0
0,43.69718,0,0,0,270,0,0,0
0,43.70736,0,0,0,270,0,0,0
0,43.71872,0,0,0,270,0,0,0
0,43.72941,0,0,0,270,0,0,0
0,43.74097,0,0,0,270,0,0,0
0,43.75204,0,0,0,270,0,0,0
0,43.76261,0,0,0,270,0,0,0
0,43.77428,0,0,0,270,0,0,0
0,43.78484,0,0,0,270,0,0,0
0,43.79684,0,0,0,270,0,0,0
0,43.80775,0,0,0,270,0,0,0
0,43.81954,0,0,0,270,0,0,0
0,43.83054,0,0,0,270,0,0,0
0,43.84076,0,0,0,270,0,0,0
0,43.85229,0,0,0,270,0,0,0
0,43.86316,0,0,0,270,0,0,0
0,43.87405,0,0,0,270,0,0,0
0,43.88482,0,0,0,270,0,0,0
0,43.89648,0,0,0,270,0,0,0
0,43.90739,0,0,0,270,0,0,0
0,43.9185,0,0,0,270,0,0,0
0,43.92943,0,0,0,270,0,0,0
0,43.94104,0,0,0,270,0,0,0
0,43.95203,0,0,0,270,0,0,0
0,43.96242,0,0,0,270,0,0,0
0,43.97425,0,0,0,270,0,0,0
0,43.98485,0,0,0,270,0,0,0
0,43.99659,0,0,0,270,0,0,0
0,44.00717,0,0,0,270,0,0,0
0,44.01967,0,0,0,270,0,0,0
0,44.03045,0,0,0,270,0,0,0
0,44.04067,0,0,0,270,0,0,0
0,44.05171,0,0,0,270,0,0,0
0,44.0626,0,0,0,270,0,0,0
0,44.0741,0,0,0,270,0,0,0
0,44.08496,0,0,0,270,0,0,0
0,44.09706,0,0,0,270,0,0,0
0,44.10757,0,0,0,270,0,0,0
0,44.11871,0,0,0,270,0,0,0
0,44.12944,0,0,0,270,0,0,0
0,44.14091,0,0,0,270,0,0,0
0,44.15194,0,0,0,270,0,0,0
0,44.16244,0,0,0,270,0,0,0
0,44.1747,0,0,0,270,0,0,0
0,44.18565,0,0,0,270,0,0,0
0,44.19723,0,0,0,270,0,0,0
0,44.20729,0,0,0,270,0,0,0
0,44.21896,0,0,0,270,0,0,0
0,44.22946,0,0,0,270,0,0,0
0,44.24084,0,0,0,270,0,0,0
0,44.2528,0,0,0,270,0,0,0
0,44.26266,0,0,0,270,0,0,0
0,44.2742,0,0,0,270,0,0,0
0,44.28487,0,0,0,270,0,0,0
0,44.2972,0,0,0,270,0,0,0
0,44.30703,0,0,0,270,0,0,0
0,44.31859,0,0,0,270,0,0,0
0,44.32959,0,0,0,270,0,0,0
0,44.34066,0,0,0,270,0,0,0
0,44.35246,0,0,0,270,0,0,0
0,44.36331,0,0,0,270,0,0,0
0,44.37511,0,0,0,270,0,0,0
0,44.3847,0,0,0,270,0,0,0
0,44.39643,0,0,0,270,0,0,0
0,44.40718,0,0,0,270,0,0,0
0,44.41881,0,0,0,270,0,0,0
0,44.42976,0,0,0,270,0,0,0
0,44.44067,0,0,0,270,0,0,0
0,44.45187,0,0,0,270,0,0,0
0,44.46272,0,0,0,270,0,0,0
0,44.4742,0,0,0,270,0,0,0
0,44.4851,0,0,0,270,0,0,0
0,44.49642,0,0,0,270,0,0,0
0,44.50691,0,0,0,270,0,0,0
0,44.51902,0,0,0,270,0,0,0
0,44.52958,0,0,0,270,0,0,0
0,44.54076,0,0,0,270,0,0,0
0,44.55175,0,0,0,270,0,0,0
0,44.5632,0,0,0,270,0,0,0
0,44.57406,0,0,0,270,0,0,0
0,44.58461,0,0,0,270,0,0,0
0,44.5963,0,0,0,270,0,0,0
0,44.60688,0,0,0,270,0,0,0
0,44.61832,0,0,0,270,0,0,0
0,44.62901,0,0,0,270,0,0,0
0,44.6406,0,0,0,270,0,0,0
0,44.65168,0,0,0,270,0,0,0
0,44.6624,0,0,0,270,0,0,0
0,44.67372,0,0,0,270,0,0,0
0,44.68445,0,0,0,270,0,0,0
0,44.69586,0,0,0,270,0,0,0
0,44.70673,0,0,0,270,0,0,0
0,44.71822,0,0,0,270,0,0,0
0,44.72902,0,0,0,270,0,0,0
0,44.74025,0,0,0,270,0,0,0
0,44.75171,0,0,0,270,0,0,0
0,44.76224,0,0,0,270,0,0,0
0,44.77362,0,0,0,270,0,0,0
0,44.78448,0,0,0,270,0,0,0
0,44.79661,0,0,0,270,0,0,0
0,44.80687,0,0,0,270,0,0,0
0,44.81847,0,0,0,270,0,0,0
0,44.82938,0,0,0,270,0,0,0
0,44.8405,0,0,0,270,0,0,0
0,44.85163,0,0,0,270,0,0,0
0,44.86235,0,0,0,270,0,0,0
0,44.87381,0,0,0,270,0,0,0
0,44.88433,0,0,0,270,0,0,0
0,44.89603,0,0,0,270,0,0,0
0,44.907,0,0,0,270,0,0,0
0,44.91854,0,0,0,270,0,0,0
0,44.92899,0,0,0,270,0,0,0
0,44.94073,0,0,0,270,0,0,0
0,44.95243,0,0,0,270,0,0,0
0,44.96227,0,0,0,270,0,0,0
0,44.9736,0,0,0,270,0,0,0
0,44.98439,0,0,0,270,0,0,0
0,44.99582,0,0,0,270,0,0,0
0,45.00671,0,0,0,270,0,0,0
0,45.01831,0,0,0,270,0,0,0
0,45.02951,0,0,0,270,0,0,0
0,45.0412,0,0,0,270,0,0,0
0,45.05287,0,0,0,270,0,0,0
0,45.06334,0,0,0,270,0,0,0
0,45.07433,0,0,0,270,0,0,0
0,45.08484,0,0,0,270,0,0,0
0,45.0961,0,0,0,270,0,0,0
0,45.1067,0,0,0,270,0,0,0
0,45.11805,0,0,0,270,0,0,0
0,45.12936,0,0,0,270,0,0,0
0,45.14091,0,0,0,270,0,0,0
0,45.15155,0,0,0,270,0,0,0
0,45.16239,0,0,0,270,0,0,0
0,45.17422,0,0,0,270,0,0,0
0,45.18473,0,0,0,270,0,0,0
0,45.19608,0,0,0,270,0,0,0
0,45.20731,0,0,0,270,0,0,0
0,45.21822,0,0,0,270,0,0,0
0,45.22914,0,0,0,270,0,0,0
0,45.24084,0,0,0,270,0,0,0
0,45.25256,0,0,0,270,0,0,0
0,45.26246,0,0,0,270,0,0,0
0,45.27375,0,0,0,270,0,0,0
0,45.28432,0,0,0,270,0,0,0
0,45.29644,0,0,0,270,0,0,0
0,45.30662,0,0,0,270,0,0,0
0,45.31813,0,0,0,270,0,0,0
0,45.32882,0,0,0,270,0,0,0
0,45.34029,0,0,0,270,0,0,0
0,45.35182,0,0,0,270,0,0,0
0,45.36264,0,0,0,270,0,0,0
0,45.37458,0,0,0,270,0,0,0
0,45.38446,0,0,0,270,0,0,0
0,45.39639,0,0,0,270,0,0,0
0,45.40718,0,0,0,270,0,0,0
0,45.41862,0,0,0,270,0,0,0
0,45.42884,0,0,0,270,0,0,0
0,45.44106,0,0,0,270,0,0,0
0,45.45205,0,0,0,270,0,0,0
0,45.46235,0,0,0,270,0,0,0
0,45.47427,0,0,0,270,0,0,0
0,45.48504,0,0,0,270,0,0,0
0,45.49577,0,0,0,270,0,0,0
0,45.50655,0,0,0,270,0,0,0
0,45.51892,0,0,0,270,0,0,0
0,45.52905,0,0,0,270,0,0,0
0,45.54057,0,0,0,270,0,0,0
0,45.55189,0,0,0,270,0,0,0
0,45.56256,0,0,0,270,0,0,0
0,45.57424,0,0,0,270,0,0,0
0,45.58434,0,0,0,270,0,0,0
0,45.59582,0,0,0,270,0,0,0
0,45.60638,0,0,0,270,0,0,0
0,45.61793,0,0,0,270,0,0,0
0,45.62862,0,0,0,270,0,0,0
0,45.64014,0,0,0,270,0,0,0
0,45.65132,0,0,0,270,0,0,0
0,45.6624,0,0,0,270,0,0,0
0,45.67389,0,0,0,270,0,0,0
0,45.6842,0,0,0,270,0,0,0
0,45.69577,0,0,0,270,0,0,0
0,45.70702,0,0,0,270,0,0,0
0,45.71811,0,0,0,270,0,0,0
0,45.72865,0,0,0,270,0,0,0
0,45.74031,0,0,0,270,0,0,0
0,45.75151,0,0,0,270,0,0,0
0,45.76251,0,0,0,270,0,0,0
0,45.77332,0,0,0,270,0,0,0
0,45.78462,0,0,0,270,0,0,0
0,45.79578,0,0,0,270,0,0,0
0,45.80644,0,0,0,270,0,0,0
0,45.81768,0,0,0,270,0,0,0
0,45.82847,0,0,0,270,0,0,0
0,45.84072,0,0,0,270,0,0,0
0,45.85106,0,0,0,270,0,0,0
0,45.86187,0,0,0,270,0,0,0
0,45.87304,0,0,0,270,0,0,0
0,45.88394,0,0,0,270,0,0,0
0,45.8954,0,0,0,270,0,0,0
0,45.90629,0,0,0,270,0,0,0
0,45.9178,0,0,0,270,0,0,0
0,45.92844,0,0,0,270,0,0,0
0,45.94042,0,0,0,270,0,0,0
0,45.9509,0,0,0,270,0,0,0
0,45.9619,0,0,0,270,0,0,0
0,45.97326,0,0,0,270,0,0,0
0,45.98381,0,0,0,270,0,0,0
0,45.99579,0,0,0,270,0,0,0
0,46.00609,0,0,0,270,0,0,0
0,46.01818,0,0,0,270,0,0,0
0,46.02845,0,0,0,270,0,0,0
0,46.04155,0,0,0,270,0,0,0
0,46.05151,0,0,0,270,0,0,0
0,46.0618,0,0,0,270,0,0,0
0,46.07355,0,0,0,270,0,0,0
0,46.08406,0,0,0,270,0,0,0
0,46.09527,0,0,0,270,0,0,0
0,46.10617,0,0,0,270,0,0,0
0,46.11776,0,0,0,270,0,0,0
0,46.12879,0,0,0,270,0,0,0
0,46.13998,0,0,0,270,0,0,0
0,46.151,0,0,0,270,0,0,0
0,46.16169,0,0,0,270,0,0,0
0,46.17363,0,0,0,270,0,0,0
0,46.18386,0,0,0,270,0,0,0
0,46.19596,0,0,0,270,0,0,0
0,46.20718,0,0,0,270,0,0,0
0,46.21841,0,0,0,270,0,0,0
0,46.22824,0,0,0,270,0,0,0
0,46.24015,0,0,0,270,0,0,0
0,46.25133,0,0,0,270,0,0,0
0,46.26171,0,0,0,270,0,0,0
0,46.27369,0,0,0,270,0,0,0
0,46.28473,0,0,0,270,0,0,0
0,46.29562,0,0,0,270,0,0,0
0,46.30656,0,0,0,270,0,0,0
0,46.31847,0,0,0,270,0,0,0
0,46.32851,0,0,0,270,0,0,0
0,46.33998,0,0,0,270,0,0,0
0,46.35114,0,0,0,270,0,0,0
0,46.36182,0,0,0,270,0,0,0
0,46.37318,0,0,0,270,0,0,0
0,46.3839,0,0,0,270,0,0,0
0,46.39528,0,0,0,270,0,0,0
0,46.40624,0,0,0,270,0,0,0
0,46.41762,0,0,0,270,0,0,0
0,46.42856,0,0,0,270,0,0,0
0,46.44013,0,0,0,270,0,0,0
0,46.45119,0,0,0,270,0,0,0
0,46.46199,0,0,0,270,0,0,0
0,46.47337,0,0,0,270,0,0,0
0,46.48378,0,0,0,270,0,0,0
0,46.49541,0,0,0,270,0,0,0
0,46.50603,0,0,0,270,0,0,0
0,46.51807,0,0,0,270,0,0,0
0,46.52837,0,0,0,270,0,0,0
0,46.53975,0,0,0,270,0,0,0
0,46.55102,0,0,0,270,0,0,0
0,46.56216,0,0,0,270,0,0,0
0,46.57288,0,0,0,270,0,0,0
0,46.58372,0,0,0,270,0,0,0
0,46.59554,0,0,0,270,0,0,0
0,46.60622,0,0,0,270,0,0,0
0,46.61749,0,0,0,270,0,0,0
0,46.62839,0,0,0,270,0,0,0
0,46.64025,0,0,0,270,0,0,0
0,46.65059,0,0,0,270,0,0,0
0,46.66124,0,0,0,270,0,0,0
0,46.67281,0,0,0,270,0,0,0
0,46.68357,0,0,0,270,0,0,0
0,46.69517,0,0,0,270,0,0,0
0,46.70613,0,0,0,270,0,0,0
0,46.71726,0,0,0,270,0,0,0
0,46.72813,0,0,0,270,0,0,0
0,46.73985,0,0,0,270,0,0,0
0,46.75103,0,0,0,270,0,0,0
0,46.7614,0,0,0,270,0,0,0
0,46.77288,0,0,0,270,0,0,0
0,46.78371,0,0,0,270,0,0,0
0,46.79509,0,0,0,270,0,0,0
0,46.8057,0,0,0,270,0,0,0
0,46.81753,0,0,0,270,0,0,0
0,46.82801,0,0,0,270,0,0,0
0,46.8395,0,0,0,270,0,0,0
0,46.85135,0,0,0,270,0,0,0
0,46.86209,0,0,0,270,0,0,0
0,46.87339,0,0,0,270,0,0,0
0,46.88361,0,0,0,270,0,0,0
0,46.89532,0,0,0,270,0,0,0
0,46.90598,0,0,0,270,0,0,0
0,46.91731,0,0,0,270,0,0,0
0,46.92812,0,0,0,270,0,0,0
0,46.94011,0,0,0,270,0,0,0
0,46.95124,0,0,0,270,0,0,0
0,46.96141,0,0,0,270,0,0,0
0,46.97281,0,0,0,270,0,0,0
0,46.98344,0,0,0,270,0,0,0
0,46.99494,0,0,0,270,0,0,0
0,47.00568,0,0,0,270,0,0,0
0,47.01747,0,0,0,270,0,0,0
0,47.0281,0,0,0,270,0,0,0
0,47.03936,0,0,0,270,0,0,0
0,47.05083,0,0,0,270,0,0,0
0,47.06183,0,0,0,270,0,0,0
0,47.07307,0,0,0,270,0,0,0
0,47.08367,0,0,0,270,0,0,0
0,47.09597,0,0,0,270,0,0,0
0,47.10571,0,0,0,270,0,0,0
0,47.11752,0,0,0,270,0,0,0
0,47.12798,0,0,0,270,0,0,0
0,47.14008,0,0,0,270,0,0,0
0,47.15063,0,0,0,270,0,0,0
0,47.16134,0,0,0,270,0,0,0
0,47.17272,0,0,0,270,0,0,0
0,47.18335,0,0,0,270,0,0,0
0,47.19514,0,0,0,270,0,0,0
0,47.20605,0,0,0,270,0,0,0
0,47.21771,0,0,0,270,0,0,0
0,47.22825,0,0,0,270,0,0,0
0,47.23965,0,0,0,270,0,0,0
0,47.25039,0,0,0,270,0,0,0
0,47.26114,0,0,0,270,0,0,0
0,47.27258,0,0,0,270,0,0,0
0,47.28376,0,0,0,270,0,0,0
0,47.29519,0,0,0,270,0,0,0
0,47.30596,0,0,0,270,0,0,0
0,47.3175,0,0,0,270,0,0,0
0,47.32814,0,0,0,270,0,0,0
0,47.33955,0,0,0,270,0,0,0
0,47.35068,0,0,0,270,0,0,0
0,47.36145,0,0,0,270,0,0,0
0,47.37271,0,0,0,270,0,0,0
0,47.38356,0,0,0,270,0,0,0
0,47.39478,0,0,0,270,0,0,0
0,47.4057,0,0,0,270,0,0,0
0,47.41729,0,0,0,270,0,0,0
0,47.42789,0,0,0,270,0,0,0
0,47.43968,0,0,0,270,0,0,0
0,47.45118,0,0,0,270,0,0,0
0,47.46122,0,0,0,270,0,0,0
0,47.47271,0,0,0,270,0,0,0
0,47.48396,0,0,0,270,0,0,0
0,47.49507,0,0,0,270,0,0,0
0,47.50552,0,0,0,270,0,0,0
0,47.51762,0,0,0,270,0,0,0
0,47.52782,0,0,0,270,0,0,0
0,47.53951,0,0,0,270,0,0,0
0,47.55079,0,0,0,270,0,0,0
0,47.5612,0,0,0,270,0,0,0
0,47.57282,0,0,0,270,0,0,0
0,47.5833,0,0,0,270,0,0,0
0,47.59484,0,0,0,270,0,0,0
0,47.60552,0,0,0,270,0,0,0
0,47.61726,0,0,0,270,0,0,0
0,47.62804,0,0,0,270,0,0,0
0,47.63921,0,0,0,270,0,0,0
0,47.64978,0,0,0,270,0,0,0
0,47.6611,0,0,0,270,0,0,0
0,47.67302,0,0,0,270,0,0,0
0,47.6895,0,0,0,270,0,0,0
0,47.7057,0,0,0,270,0,0,0
0,47.71709,0,0,0,270,0,0,0
0,47.72757,0,0,0,270,0,0,0
0,47.73907,0,0,0,270,0,0,0
0,47.75078,0,0,0,270,0,0,0
0,47.76096,0,0,0,270,0,0,0
0,47.77222,0,0,0,270,0,0,0
0,47.78334,0,0,0,270,0,0,0
0,47.79491,0,0,0,270,0,0,0
0,47.80537,0,0,0,270,0,0,0
0,47.8169,0,0,0,270,0,0,0
0,47.82783,0,0,0,270,0,0,0
0,47.83886,0,0,0,270,0,0,0
0,47.84968,0,0,0,270,0,0,0
0,47.86145,0,0,0,270,0,0,0
0,47.87371,0,0,0,270,0,0,0
0,47.8834,0,0,0,270,0,0,0
0,47.89479,0,0,0,270,0,0,0
0,47.90593,0,0,0,270,0,0,0
0,47.91687,0,0,0,270,0,0,0
0,47.92757,0,0,0,270,0,0,0
0,47.93935,0,0,0,270,0,0,0
0,47.94971,0,0,0,270,0,0,0
0,47.96102,0,0,0,270,0,0,0
0,47.97229,0,0,0,270,0,0,0
0,47.98304,0,0,0,270,0,0,0
0,47.99454,0,0,0,270,0,0,0
0,48.00533,0,0,0,270,0,0,0
0,48.01728,0,0,0,270,0,0,0
0,48.02795,0,0,0,270,0,0,0
0,48.03899,0,0,0,270,0,0,0
0,48.0503,0,0,0,270,0,0,0
0,48.06098,0,0,0,270,0,0,0
0,48.07513,0,0,0,270,0,0,0
0,48.0834,0,0,0,270,0,0,0
0,48.09513,0,0,0,270,0,0,0
0,48.10573,0,0,0,270,0,0,0
0,48.11674,0,0,0,270,0,0,0
0,48.12744,0,0,0,270,0,0,0
0,48.13986,0,0,0,270,0,0,0
0,48.14959,0,0,0,270,0,0,0
0,48.16126,0,0,0,270,0,0,0
0,48.1723,0,0,0,270,0,0,0
0,48.18284,0,0,0,270,0,0,0
0,48.19466,0,0,0,270,0,0,0
0,48.20518,0,0,0,270,0,0,0
0,48.21665,0,0,0,270,0,0,0
0,48.22753,0,0,0,270,0,0,0
0,48.23946,0,0,0,270,0,0,0
0,48.25033,0,0,0,270,0,0,0
0,48.26082,0,0,0,270,0,0,0
0,48.27201,0,0,0,270,0,0,0
0,48.28298,0,0,0,270,0,0,0
0,48.29457,0,0,0,270,0,0,0
0,48.30553,0,0,0,270,0,0,0
0,48.31709,0,0,0,270,0,0,0
0,48.32795,0,0,0,270,0,0,0
0,48.33974,0,0,0,270,0,0,0
0,48.35033,0,0,0,270,0,0,0
0,48.36127,0,0,0,270,0,0,0
0,48.37307,0,0,0,270,0,0,0
0,48.38354,0,0,0,270,0,0,0
0,48.39486,0,0,0,270,0,0,0
0,48.40624,0,0,0,270,0,0,0
0,48.41708,0,0,0,270,0,0,0
0,48.42739,0,0,0,270,0,0,0
0,48.43927,0,0,0,270,0,0,0
0,48.45031,0,0,0,270,0,0,0
0,48.46072,0,0,0,270,0,0,0
0,48.47234,0,0,0,270,0,0,0
0,48.48422,0,0,0,270,0,0,0
0,48.49497,0,0,0,270,0,0,0
0,48.50547,0,0,0,270,0,0,0
0,48.51824,0,0,0,270,0,0,0
0,48.52774,0,0,0,270,0,0,0
0,48.53939,0,0,0,270,0,0,0
0,48.5498,0,0,0,270,0,0,0
0,48.56158,0,0,0,270,0,0,0
0,48.57222,0,0,0,270,0,0,0
0,48.58393,0,0,0,270,0,0,0
0,48.59426,0,0,0,270,0,0,0
0,48.60498,0,0,0,270,0,0,0
0,48.6168,0,0,0,270,0,0,0
0,48.62742,0,0,0,270,0,0,0
0,48.63901,0,0,0,270,0,0,0
0,48.64938,0,0,0,270,0,0,0
0,48.66095,0,0,0,270,0,0,0
0,48.67207,0,0,0,270,0,0,0
0,48.68271,0,0,0,270,0,0,0
0,48.69405,0,0,0,270,0,0,0
0,48.70501,0,0,0,270,0,0,0
0,48.71765,0,0,0,270,0,0,0
0,48.7272,0,0,0,270,0,0,0
0,48.73858,0,0,0,270,0,0,0
0,48.74956,0,0,0,270,0,0,0
0,48.76071,0,0,0,270,0,0,0
0,48.77185,0,0,0,270,0,0,0
0,48.78317,0,0,0,270,0,0,0
0,48.79451,0,0,0,270,0,0,0
0,48.80492,0,0,0,270,0,0,0
0,48.81659,0,0,0,270,0,0,0
0,48.82723,0,0,0,270,0,0,0
0,48.83857,0,0,0,270,0,0,0
0,48.84925,0,0,0,270,0,0,0
0,48.86102,0,0,0,270,0,0,0
0,48.87196,0,0,0,270,0,0,0
0,48.88267,0,0,0,270,0,0,0
0,48.89458,0,0,0,270,0,0,0
0,48.90488,0,0,0,270,0,0,0
0,48.91645,0,0,0,270,0,0,0
0,48.92707,0,0,0,270,0,0,0
0,48.93876,0,0,0,270,0,0,0
0,48.94968,0,0,0,270,0,0,0
0,48.96063,0,0,0,270,0,0,0
0,48.97193,0,0,0,270,0,0,0
0,48.98298,0,0,0,270,0,0,0
0,48.99425,0,0,0,270,0,0,0
0,49.00502,0,0,0,270,0,0,0
0,49.01677,0,0,0,270,0,0,0
0,49.02738,0,0,0,270,0,0,0
0,49.03876,0,0,0,270,0,0,0
0,49.04954,0,0,0,270,0,0,0
0,49.06078,0,0,0,270,0,0,0
0,49.07193,0,0,0,270,0,0,0
0,49.08262,0,0,0,270,0,0,0
0,49.09429,0,0,0,270,0,0,0
0,49.10534,0,0,0,270,0,0,0
0,49.11684,0,0,0,270,0,0,0
0,49.12743,0,0,0,270,0,0,0
0,49.13858,0,0,0,270,0,0,0
0,49.14947,0,0,0,270,0,0,0
0,49.16097,0,0,0,270,0,0,0
0,49.17217,0,0,0,270,0,0,0
0,49.18242,0,0,0,270,0,0,0
0,49.1941,0,0,0,270,0,0,0
0,49.20475,0,0,0,270,0,0,0
0,49.2162,0,0,0,270,0,0,0
0,49.22684,0,0,0,270,0,0,0
0,49.23882,0,0,0,270,0,0,0
0,49.24979,0,0,0,270,0,0,0
0,49.26117,0,0,0,270,0,0,0
0,49.27206,0,0,0,270,0,0,0
0,49.28245,0,0,0,270,0,0,0
0,49.29396,0,0,0,270,0,0,0
0,49.30463,0,0,0,270,0,0,0
0,49.31661,0,0,0,270,0,0,0
0,49.32719,0,0,0,270,0,0,0
0,49.33921,0,0,0,270,0,0,0
0,49.34953,0,0,0,270,0,0,0
0,49.36109,0,0,0,270,0,0,0
0,49.37212,0,0,0,270,0,0,0
0,49.38269,0,0,0,270,0,0,0
0,49.39445,0,0,0,270,0,0,0
0,49.40551,0,0,0,270,0,0,0
0,49.41663,0,0,0,270,0,0,0
0,49.42715,0,0,0,270,0,0,0
0,49.43964,0,0,0,270,0,0,0
0,49.4493,0,0,0,270,0,0,0
0,49.46098,0,0,0,270,0,0,0
0,49.47198,0,0,0,270,0,0,0
0,49.48313,0,0,0,270,0,0,0
0,49.49405,0,0,0,270,0,0,0
0,49.50463,0,0,0,270,0,0,0
0,49.51671,0,0,0,270,0,0,0
0,49.52708,0,0,0,270,0,0,0
0,49.53854,0,0,0,270,0,0,0
0,49.54969,0,0,0,270,0,0,0
0,49.56126,0,0,0,270,0,0,0
0,49.57189,0,0,0,270,0,0,0
0,49.58292,0,0,0,270,0,0,0
0,49.59468,0,0,0,270,0,0,0
0,49.60464,0,0,0,270,0,0,0
0,49.61612,0,0,0,270,0,0,0
0,49.62739,0,0,0,270,0,0,0
0,49.63841,0,0,0,270,0,0,0
0,49.64938,0,0,0,270,0,0,0
0,49.66077,0,0,0,270,0,0,0
0,49.67187,0,0,0,270,0,0,0
0,49.68233,0,0,0,270,0,0,0
0,49.69385,0,0,0,270,0,0,0
0,49.70469,0,0,0,270,0,0,0
0,49.71611,0,0,0,270,0,0,0
0,49.72679,0,0,0,270,0,0,0
0,49.73814,0,0,0,270,0,0,0
0,49.74884,0,0,0,270,0,0,0
0,49.76044,0,0,0,270,0,0,0
0,49.7714,0,0,0,270,0,0,0
0,49.78278,0,0,0,270,0,0,0
0,49.79401,0,0,0,270,0,0,0
0,49.80455,0,0,0,270,0,0,0
0,49.81605,0,0,0,270,0,0,0
0,49.82665,0,0,0,270,0,0,0
0,49.83823,0,0,0,270,0,0,0
0,49.84896,0,0,0,270,0,0,0
0,49.86114,0,0,0,270,0,0,0
0,49.87163,0,0,0,270,0,0,0
0,49.88232,0,0,0,270,0,0,0
0,49.89382,0,0,0,270,0,0,0
0,49.90449,0,0,0,270,0,0,0
0,49.91655,0,0,0,270,0,0,0
0,49.92675,0,0,0,270,0,0,0
0,49.93813,0,0,0,270,0,0,0
0,49.94924,0,0,0,270,0,0,0
0,49.96037,0,0,0,270,0,0,0
0,49.97185,0,0,0,270,0,0,0
0,49.98227,0,0,0,270,0,0,0
0,49.99362,0,0,0,270,0,0,0
0,50.00434,0,0,0,270,0,0,0
0,50.01598,0,0,0,270,0,0,0
0,50.02644,0,0,0,270,0,0,0
0,50.03797,0,0,0,270,0,0,0
0,50.04875,0,0,0,270,0,0,0
0,50.06028,0,0,0,270,0,0,0
0,50.07169,0,0,0,270,0,0,0
0,50.08226,0,0,0,270,0,0,0
0,50.0937,0,0,0,270,0,0,0
0,50.10439,0,0,0,270,0,0,0
0,50.11653,0,0,0,270,0,0,0
0,50.12762,0,0,0,270,0,0,0
0,50.1393,0,0,0,270,0,0,0
0,50.14941,0,0,0,270,0,0,0
0,50.16103,0,0,0,270,0,0,0
0,50.17201,0,0,0,270,0,0,0
0,50.18223,0,0,0,270,0,0,0
0,50.19365,0,0,0,270,0,0,0
0,50.20468,0,0,0,270,0,0,0
0,50.21615,0,0,0,270,0,0,0
0,50.22667,0,0,0,270,0,0,0
0,50.23858,0,0,0,270,0,0,0
0,50.24893,0,0,0,270,0,0,0
0,50.26067,0,0,0,270,0,0,0
0,50.27193,0,0,0,270,0,0,0
0,50.28296,0,0,0,270,0,0,0
0,50.29358,0,0,0,270,0,0,0
0,50.30446,0,0,0,270,0,0,0
0,50.3161,0,0,0,270,0,0,0
0,50.32653,0,0,0,270,0,0,0
0,50.33794,0,0,0,270,0,0,0
0,50.34889,0,0,0,270,0,0,0
0,50.36039,0,0,0,270,0,0,0
0,50.37128,0,0,0,270,0,0,0
0,50.38286,0,0,0,270,0,0,0
0,50.39457,0,0,0,270,0,0,0
0,50.40523,0,0,0,270,0,0,0
0,50.41662,0,0,0,270,0,0,0
0,50.42688,0,0,0,270,0,0,0
0,50.4382,0,0,0,270,0,0,0
0,50.44894,0,0,0,270,0,0,0
0,50.46041,0,0,0,270,0,0,0
0,50.47112,0,0,0,270,0,0,0
0,50.48265,0,0,0,270,0,0,0
0,50.49369,0,0,0,270,0,0,0
0,50.5044,0,0,0,270,0,0,0
0,50.51602,0,0,0,270,0,0,0
0,50.52668,0,0,0,270,0,0,0
0,50.53812,0,0,0,270,0,0,0
0,50.54896,0,0,0,270,0,0,0
0,50.56045,0,0,0,270,0,0,0
0,50.57146,0,0,0,270,0,0,0
0,50.58238,0,0,0,270,0,0,0
0,50.59405,0,0,0,270,0,0,0
0,50.60424,0,0,0,270,0,0,0
0,50.61613,0,0,0,270,0,0,0
0,50.62649,0,0,0,270,0,0,0
0,50.63796,0,0,0,270,0,0,0
0,50.6487,0,0,0,270,0,0,0
0,50.6602,0,0,0,270,0,0,0
0,50.6713,0,0,0,270,0,0,0
0,50.68203,0,0,0,270,0,0,0
0,50.69353,0,0,0,270,0,0,0
0,50.70422,0,0,0,270,0,0,0
0,50.71576,0,0,0,270,0,0,0
0,50.72643,0,0,0,270,0,0,0
0,50.73814,0,0,0,270,0,0,0
0,50.74902,0,0,0,270,0,0,0
0,50.76012,0,0,0,270,0,0,0
0,50.77178,0,0,0,270,0,0,0
0,50.78244,0,0,0,270,0,0,0
0,50.79352,0,0,0,270,0,0,0
0,50.80436,0,0,0,270,0,0,0
0,50.81583,0,0,0,270,0,0,0
0,50.82639,0,0,0,270,0,0,0
0,50.83767,0,0,0,270,0,0,0
0,50.84831,0,0,0,270,0,0,0
0,50.85991,0,0,0,270,0,0,0
0,50.87148,0,0,0,270,0,0,0
0,50.882,0,0,0,270,0,0,0
0,50.89417,0,0,0,270,0,0,0
0,50.90444,0,0,0,270,0,0,0
0,50.91547,0,0,0,270,0,0,0
0,50.92656,0,0,0,270,0,0,0
0,50.93794,0,0,0,270,0,0,0
0,50.94848,0,0,0,270,0,0,0
0,50.96023,0,0,0,270,0,0,0
0,50.97112,0,0,0,270,0,0,0
0,50.98175,0,0,0,270,0,0,0
0,50.99328,0,0,0,270,0,0,0
0,51.00428,0,0,0,270,0,0,0
0,51.0158,0,0,0,270,0,0,0
0,51.02644,0,0,0,270,0,0,0
0,51.03804,0,0,0,270,0,0,0
0,51.04841,0,0,0,270,0,0,0
0,51.05979,0,0,0,270,0,0,0
0,51.07088,0,0,0,270,0,0,0
0,51.08168,0,0,0,270,0,0,0
0,51.09314,0,0,0,270,0,0,0
0,51.10393,0,0,0,270,0,0,0
0,51.11545,0,0,0,270,0,0,0
0,51.12685,0,0,0,270,0,0,0
0,51.13827,0,0,0,270,0,0,0
0,51.14882,0,0,0,270,0,0,0
0,51.16007,0,0,0,270,0,0,0
0,51.17079,0,0,0,270,0,0,0
0,51.18163,0,0,0,270,0,0,0
0,51.19296,0,0,0,270,0,0,0
0,51.20396,0,0,0,270,0,0,0
0,51.21532,0,0,0,270,0,0,0
0,51.22598,0,0,0,270,0,0,0
0,51.23751,0,0,0,270,0,0,0
0,51.24815,0,0,0,270,0,0,0
0,51.25955,0,0,0,270,0,0,0
0,51.27099,0,0,0,270,0,0,0
0,51.28227,0,0,0,270,0,0,0
0,51.29378,0,0,0,270,0,0,0
0,51.30402,0,0,0,270,0,0,0
0,51.31588,0,0,0,270,0,0,0
0,51.3264,0,0,0,270,0,0,0
0,51.33749,0,0,0,270,0,0,0
0,51.34821,0,0,0,270,0,0,0
0,51.36036,0,0,0,270,0,0,0
0,51.37096,0,0,0,270,0,0,0
0,51.38175,0,0,0,270,0,0,0
0,51.39309,0,0,0,270,0,0,0
0,51.40404,0,0,0,270,0,0,0
0,51.41588,0,0,0,270,0,0,0
0,51.42644,0,0,0,270,0,0,0
0,51.43837,0,0,0,270,0,0,0
0,51.44858,0,0,0,270,0,0,0
0,51.46041,0,0,0,270,0,0,0
0,51.47127,0,0,0,270,0,0,0
0,51.48198,0,0,0,270,0,0,0
0,51.49306,0,0,0,270,0,0,0
0,51.50394,0,0,0,270,0,0,0
0,51.5156,0,0,0,270,0,0,0
0,51.52641,0,0,0,270,0,0,0
0,51.53782,0,0,0,270,0,0,0
0,51.54897,0,0,0,270,0,0,0
0,51.56011,0,0,0,270,0,0,0
0,51.57081,0,0,0,270,0,0,0
0,51.58175,0,0,0,270,0,0,0
0,51.59404,0,0,0,270,0,0,0
0,51.60388,0,0,0,270,0,0,0
0,51.61537,0,0,0,270,0,0,0
0,51.62635,0,0,0,270,0,0,0
0,51.63766,0,0,0,270,0,0,0
0,51.64848,0,0,0,270,0,0,0
0,51.65966,0,0,0,270,0,0,0
0,51.67079,0,0,0,270,0,0,0
0,51.6817,0,0,0,270,0,0,0
0,51.69335,0,0,0,270,0,0,0
0,51.70404,0,0,0,270,0,0,0
0,51.71556,0,0,0,270,0,0,0
0,51.72593,0,0,0,270,0,0,0
0,51.73744,0,0,0,270,0,0,0
0,51.74817,0,0,0,270,0,0,0
0,51.75976,0,0,0,270,0,0,0
0,51.77074,0,0,0,270,0,0,0
0,51.78135,0,0,0,270,0,0,0
0,51.79264,0,0,0,270,0,0,0
0,51.80374,0,0,0,270,0,0,0
0,51.81515,0,0,0,270,0,0,0
0,51.82587,0,0,0,270,0,0,0
0,51.83741,0,0,0,270,0,0,0
0,51.84816,0,0,0,270,0,0,0
0,51.8597,0,0,0,270,0,0,0
0,51.8706,0,0,0,270,0,0,0
0,51.88157,0,0,0,270,0,0,0
0,51.89336,0,0,0,270,0,0,0
0,51.9045,0,0,0,270,0,0,0
0,51.91538,0,0,0,270,0,0,0
0,51.92573,0,0,0,270,0,0,0
0,51.93742,0,0,0,270,0,0,0
0,51.94843,0,0,0,270,0,0,0
0,51.95977,0,0,0,270,0,0,0
0,51.97116,0,0,0,270,0,0,0
0,51.98138,0,0,0,270,0,0,0
0,51.99283,0,0,0,270,0,0,0
0,52.00352,0,0,0,270,0,0,0
0,52.01509,0,0,0,270,0,0,0
0,52.0257,0,0,0,270,0,0,0
0,52.03729,0,0,0,270,0,0,0
0,52.04794,0,0,0,270,0,0,0
0,52.05976,0,0,0,270,0,0,0
0,52.07069,0,0,0,270,0,0,0
0,52.08136,0,0,0,270,0,0,0
0,52.09308,0,0,0,270,0,0,0
0,52.1034,0,0,0,270,0,0,0
0,52.11503,0,0,0,270,0,0,0
0,52.12579,0,0,0,270,0,0,0
0,52.13717,0,0,0,270,0,0,0
0,52.14837,0,0,0,270,0,0,0
0,52.1599,0,0,0,270,0,0,0
0,52.17084,0,0,0,270,0,0,0
0,52.18133,0,0,0,270,0,0,0
0,52.19305,0,0,0,270,0,0,0
0,52.20347,0,0,0,270,0,0,0
0,52.21489,0,0,0,270,0,0,0
0,52.22567,0,0,0,270,0,0,0
0,52.23736,0,0,0,270,0,0,0
0,52.24783,0,0,0,270,0,0,0
0,52.25972,0,0,0,270,0,0,0
0,52.27093,0,0,0,270,0,0,0
0,52.28138,0,0,0,270,0,0,0
0,52.29282,0,0,0,270,0,0,0
0,52.30431,0,0,0,270,0,0,0
0,52.31511,0,0,0,270,0,0,0
0,52.3256,0,0,0,270,0,0,0
0,52.33727,0,0,0,270,0,0,0
0,52.34771,0,0,0,270,0,0,0
0,52.35941,0,0,0,270,0,0,0
0,52.37027,0,0,0,270,0,0,0
0,52.38101,0,0,0,270,0,0,0
0,52.39289,0,0,0,270,0,0,0
0,52.40327,0,0,0,270,0,0,0
0,52.41492,0,0,0,270,0,0,0
0,52.42559,0,0,0,270,0,0,0
0,52.43775,0,0,0,270,0,0,0
0,52.44851,0,0,0,270,0,0,0
0,52.46045,0,0,0,270,0,0,0
0,52.47152,0,0,0,270,0,0,0
0,52.4814,0,0,0,270,0,0,0
0,52.49296,0,0,0,270,0,0,0
0,52.5036,0,0,0,270,0,0,0
0,52.51546,0,0,0,270,0,0,0
0,52.52576,0,0,0,270,0,0,0
0,52.53769,0,0,0,270,0,0,0
0,52.54795,0,0,0,270,0,0,0
0,52.55986,0,0,0,270,0,0,0
0,52.57074,0,0,0,270,0,0,0
0,52.58171,0,0,0,270,0,0,0
0,52.59309,0,0,0,270,0,0,0
0,52.60357,0,0,0,270,0,0,0
0,52.61506,0,0,0,270,0,0,0
0,52.62587,0,0,0,270,0,0,0
0,52.63749,0,0,0,270,0,0,0
0,52.64811,0,0,0,270,0,0,0
0,52.65936,0,0,0,270,0,0,0
0,52.67037,0,0,0,270,0,0,0
0,52.68121,0,0,0,270,0,0,0
0,52.69258,0,0,0,270,0,0,0
0,52.70326,0,0,0,270,0,0,0
0,52.71456,0,0,0,270,0,0,0
0,52.72593,0,0,0,270,0,0,0
0,52.73713,0,0,0,270,0,0,0
0,52.74774,0,0,0,270,0,0,0
0,52.75946,0,0,0,270,0,0,0
0,52.77097,0,0,0,270,0,0,0
0,52.78157,0,0,0,270,0,0,0
0,52.79285,0,0,0,270,0,0,0
0,52.80335,0,0,0,270,0,0,0
0,52.81529,0,0,0,270,0,0,0
0,52.82534,0,0,0,270,0,0,0
0,52.83689,0,0,0,270,0,0,0
0,52.84761,0,0,0,270,0,0,0
0,52.85904,0,0,0,270,0,0,0
0,52.86966,0,0,0,270,0,0,0
0,52.88143,0,0,0,270,0,0,0
0,52.89318,0,0,0,270,0,0,0
0,52.90312,0,0,0,270,0,0,0
0,52.9146,0,0,0,270,0,0,0
0,52.92526,0,0,0,270,0,0,0
0,52.93721,0,0,0,270,0,0,0
0,52.94743,0,0,0,270,0,0,0
0,52.95915,0,0,0,270,0,0,0
0,52.96986,0,0,0,270,0,0,0
0,52.98155,0,0,0,270,0,0,0
0,52.99246,0,0,0,270,0,0,0
0,53.00356,0,0,0,270,0,0,0
0,53.01477,0,0,0,270,0,0,0
0,53.02537,0,0,0,270,0,0,0
0,53.03666,0,0,0,270,0,0,0
0,53.04764,0,0,0,270,0,0,0
0,53.05897,0,0,0,270,0,0,0
0,53.0704,0,0,0,270,0,0,0
0,53.08118,0,0,0,270,0,0,0
0,53.09263,0,0,0,270,0,0,0
0,53.10294,0,0,0,270,0,0,0
0,53.11467,0,0,0,270,0,0,0
0,53.12551,0,0,0,270,0,0,0
0,53.13674,0,0,0,270,0,0,0
0,53.14748,0,0,0,270,0,0,0
0,53.15919,0,0,0,270,0,0,0
0,53.16967,0,0,0,270,0,0,0
0,53.18174,0,0,0,270,0,0,0
0,53.1936,0,0,0,270,0,0,0
0,53.20313,0,0,0,270,0,0,0
0,53.21472,0,0,0,270,0,0,0
0,53.22523,0,0,0,270,0,0,0
0,53.23709,0,0,0,270,0,0,0
0,53.24733,0,0,0,270,0,0,0
0,53.25894,0,0,0,270,0,0,0
0,53.27043,0,0,0,270,0,0,0
0,53.28112,0,0,0,270,0,0,0
0,53.29293,0,0,0,270,0,0,0
0,53.30304,0,0,0,270,0,0,0
0,53.31473,0,0,0,270,0,0,0
0,53.326,0,0,0,270,0,0,0
0,53.3372,0,0,0,270,0,0,0
0,53.34739,0,0,0,270,0,0,0
0,53.35896,0,0,0,270,0,0,0
0,53.36963,0,0,0,270,0,0,0
0,53.38119,0,0,0,270,0,0,0
0,53.39264,0,0,0,270,0,0,0
0,53.40297,0,0,0,270,0,0,0
0,53.41476,0,0,0,270,0,0,0
0,53.4254,0,0,0,270,0,0,0
0,53.43686,0,0,0,270,0,0,0
0,53.44719,0,0,0,270,0,0,0
0,53.4589,0,0,0,270,0,0,0
0,53.46987,0,0,0,270,0,0,0
0,53.48156,0,0,0,270,0,0,0
0,53.49322,0,0,0,270,0,0,0
0,53.50342,0,0,0,270,0,0,0
0,53.51517,0,0,0,270,0,0,0
0,53.52532,0,0,0,270,0,0,0
0,53.53671,0,0,0,270,0,0,0
0,53.54771,0,0,0,270,0,0,0
0,53.55914,0,0,0,270,0,0,0
0,53.56959,0,0,0,270,0,0,0
0,53.58148,0,0,0,270,0,0,0
0,53.59218,0,0,0,270,0,0,0
0,53.60289,0,0,0,270,0,0,0
0,53.61542,0,0,0,270,0,0,0
0,53.62572,0,0,0,270,0,0,0
0,53.63677,0,0,0,270,0,0,0
0,53.64731,0,0,0,270,0,0,0
0,53.65886,0,0,0,270,0,0,0
0,53.6702,0,0,0,270,0,0,0
0,53.68074,0,0,0,270,0,0,0
0,53.69244,0,0,0,270,0,0,0
0,53.70295,0,0,0,270,0,0,0
0,53.71497,0,0,0,270,0,0,0
0,53.72519,0,0,0,270,0,0,0
0,53.73695,0,0,0,270,0,0,0
0,53.74717,0,0,0,270,0,0,0
0,53.75867,0,0,0,270,0,0,0
0,53.76961,0,0,0,270,0,0,0
0,53.78176,0,0,0,270,0,0,0
0,53.79222,0,0,0,270,0,0,0
0,53.80292,0,0,0,270,0,0,0
0,53.81466,0,0,0,270,0,0,0
0,53.82489,0,0,0,270,0,0,0
0,53.83622,0,0,0,270,0,0,0
0,53.84709,0,0,0,270,0,0,0
0,53.85927,0,0,0,270,0,0,0
0,53.86928,0,0,0,270,0,0,0
0,53.88141,0,0,0,270,0,0,0
0,53.89267,0,0,0,270,0,0,0
0,53.90248,0,0,0,270,0,0,0
0,53.91407,0,0,0,270,0,0,0
0,53.92517,0,0,0,270,0,0,0
0,53.93665,0,0,0,270,0,0,0
0,53.94713,0,0,0,270,0,0,0
0,53.9586,0,0,0,270,0,0,0
0,53.96952,0,0,0,270,0,0,0
0,53.98087,0,0,0,270,0,0,0
0,53.99234,0,0,0,270,0,0,0
0,54.00252,0,0,0,270,0,0,0
0,54.01458,0,0,0,270,0,0,0
0,54.02472,0,0,0,270,0,0,0
0,54.03635,0,0,0,270,0,0,0
0,54.04707,0,0,0,270,0,0,0
0,54.05848,0,0,0,270,0,0,0
0,54.06921,0,0,0,270,0,0,0
0,54.08085,0,0,0,270,0,0,0
0,54.09308,0,0,0,270,0,0,0
0,54.10255,0,0,0,270,0,0,0
0,54.11418,0,0,0,270,0,0,0
0,54.12484,0,0,0,270,0,0,0
0,54.13602,0,0,0,270,0,0,0
0,54.14705,0,0,0,270,0,0,0
0,54.15848,0,0,0,270,0,0,0
0,54.16965,0,0,0,270,0,0,0
0,54.18056,0,0,0,270,0,0,0
0,54.19217,0,0,0,270,0,0,0
0,54.20345,0,0,0,270,0,0,0
0,54.2143,0,0,0,270,0,0,0
0,54.22507,0,0,0,270,0,0,0
0,54.23683,0,0,0,270,0,0,0
0,54.2471,0,0,0,270,0,0,0
0,54.25853,0,0,0,270,0,0,0
0,54.26921,0,0,0,270,0,0,0
0,54.28094,0,0,0,270,0,0,0
0,54.2917,0,0,0,270,0,0,0
0,54.3027,0,0,0,270,0,0,0
0,54.31444,0,0,0,270,0,0,0
0,54.32478,0,0,0,270,0,0,0
0,54.33661,0,0,0,270,0,0,0
0,54.34716,0,0,0,270,0,0,0
0,54.35888,0,0,0,270,0,0,0
0,54.36916,0,0,0,270,0,0,0
0,54.38073,0,0,0,270,0,0,0
0,54.39208,0,0,0,270,0,0,0
0,54.40252,0,0,0,270,0,0,0
0,54.41436,0,0,0,270,0,0,0
0,54.4251,0,0,0,270,0,0,0
0,54.43679,0,0,0,270,0,0,0
0,54.44692,0,0,0,270,0,0,0
0,54.45881,0,0,0,270,0,0,0
0,54.46975,0,0,0,270,0,0,0
0,54.48092,0,0,0,270,0,0,0
0,54.49201,0,0,0,270,0,0,0
0,54.50314,0,0,0,270,0,0,0
0,54.51435,0,0,0,270,0,0,0
0,54.52615,0,0,0,270,0,0,0
0,54.53689,0,0,0,270,0,0,0
0,54.54762,0,0,0,270,0,0,0
0,54.55857,0,0,0,270,0,0,0
0,54.56933,0,0,0,270,0,0,0
0,54.58102,0,0,0,270,0,0,0
0,54.59182,0,0,0,270,0,0,0
0,54.60253,0,0,0,270,0,0,0
0,54.61424,0,0,0,270,0,0,0
0,54.62526,0,0,0,270,0,0,0
0,54.63612,0,0,0,270,0,0,0
0,54.64681,0,0,0,270,0,0,0
0,54.6586,0,0,0,270,0,0,0
0,54.66979,0,0,0,270,0,0,0
0,54.68061,0,0,0,270,0,0,0
0,54.69179,0,0,0,270,0,0,0
0,54.70285,0,0,0,270,0,0,0
0,54.71405,0,0,0,270,0,0,0
0,54.72469,0,0,0,270,0,0,0
0,54.73626,0,0,0,270,0,0,0
0,54.74688,0,0,0,270,0,0,0
0,54.75828,0,0,0,270,0,0,0
0,54.76902,0,0,0,270,0,0,0
0,54.78085,0,0,0,270,0,0,0
0,54.79149,0,0,0,270,0,0,0
0,54.80235,0,0,0,270,0,0,0
0,54.81413,0,0,0,270,0,0,0
0,54.82471,0,0,0,270,0,0,0
0,54.83623,0,0,0,270,0,0,0
0,54.84661,0,0,0,270,0,0,0
0,54.85955,0,0,0,270,0,0,0
0,54.86881,0,0,0,270,0,0,0
0,54.88038,0,0,0,270,0,0,0
0,54.89218,0,0,0,270,0,0,0
0,54.9025,0,0,0,270,0,0,0
0,54.91399,0,0,0,270,0,0,0
0,54.92448,0,0,0,270,0,0,0
0,54.93644,0,0,0,270,0,0,0
0,54.94653,0,0,0,270,0,0,0
0,54.95842,0,0,0,270,0,0,0
0,54.96912,0,0,0,270,0,0,0
0,54.9805,0,0,0,270,0,0,0
0,54.99158,0,0,0,270,0,0,0
0,55.00295,0,0,0,270,0,0,0
0,55.01486,0,0,0,270,0,0,0
0,55.02453,0,0,0,270,0,0,0
0,55.03593,0,0,0,270,0,0,0
0,55.04715,0,0,0,270,0,0,0
0,55.05832,0,0,0,270,0,0,0
0,55.06888,0,0,0,270,0,0,0
0,55.08057,0,0,0,270,0,0,0
0,55.09168,0,0,0,270,0,0,0
0,55.10222,0,0,0,270,0,0,0
0,55.11359,0,0,0,270,0,0,0
0,55.12464,0,0,0,270,0,0,0
0,55.13605,0,0,0,270,0,0,0
0,55.14653,0,0,0,270,0,0,0
0,55.15846,0,0,0,270,0,0,0
0,55.17034,0,0,0,270,0,0,0
0,55.18047,0,0,0,270,0,0,0
0,55.19196,0,0,0,270,0,0,0
0,55.20255,0,0,0,270,0,0,0
0,55.21387,0,0,0,270,0,0,0
0,55.22504,0,0,0,270,0,0,0
0,55.23636,0,0,0,270,0,0,0
0,55.24673,0,0,0,270,0,0,0
0,55.25834,0,0,0,270,0,0,0
0,55.26896,0,0,0,270,0,0,0
0,55.28071,0,0,0,270,0,0,0
0,55.29177,0,0,0,270,0,0,0
0,55.30263,0,0,0,270,0,0,0
0,55.31403,0,0,0,270,0,0,0
0,55.32437,0,0,0,270,0,0,0
0,55.33603,0,0,0,270,0,0,0
0,55.34676,0,0,0,270,0,0,0
0,55.35834,0,0,0,270,0,0,0
0,55.36915,0,0,0,270,0,0,0
0,55.3807,0,0,0,270,0,0,0
0,55.39185,0,0,0,270,0,0,0
0,55.40239,0,0,0,270,0,0,0
0,55.41366,0,0,0,270,0,0,0
0,55.42452,0,0,0,270,0,0,0
0,55.43681,0,0,0,270,0,0,0
0,55.44664,0,0,0,270,0,0,0
0,55.45821,0,0,0,270,0,0,0
0,55.469,0,0,0,270,0,0,0
0,55.48011,0,0,0,270,0,0,0
0,55.49133,0,0,0,270,0,0,0
0,55.50246,0,0,0,270,0,0,0
0,55.515,0,0,0,270,0,0,0
0,55.52473,0,0,0,270,0,0,0
0,55.53646,0,0,0,270,0,0,0
0,55.54691,0,0,0,270,0,0,0
0,55.5581,0,0,0,270,0,0,0
0,55.56904,0,0,0,270,0,0,0
0,55.58089,0,0,0,270,0,0,0
0,55.59125,0,0,0,270,0,0,0
0,55.60205,0,0,0,270,0,0,0
0,55.61378,0,0,0,270,0,0,0
0,55.62513,0,0,0,270,0,0,0
0,55.63612,0,0,0,270,0,0,0
0,55.64662,0,0,0,270,0,0,0
0,55.65808,0,0,0,270,0,0,0
0,55.66887,0,0,0,270,0,0,0
0,55.68028,0,0,0,270,0,0,0
0,55.69139,0,0,0,270,0,0,0
0,55.70229,0,0,0,270,0,0,0
0,55.71358,0,0,0,270,0,0,0
0,55.72422,0,0,0,270,0,0,0
0,55.73636,0,0,0,270,0,0,0
0,55.74644,0,0,0,270,0,0,0
0,55.75786,0,0,0,270,0,0,0
0,55.76879,0,0,0,270,0,0,0
0,55.78063,0,0,0,270,0,0,0
0,55.79154,0,0,0,270,0,0,0
0,55.80209,0,0,0,270,0,0,0
0,55.81349,0,0,0,270,0,0,0
0,55.82411,0,0,0,270,0,0,0
0,55.83562,0,0,0,270,0,0,0
0,55.84621,0,0,0,270,0,0,0
0,55.85827,0,0,0,270,0,0,0
0,55.86839,0,0,0,270,0,0,0
0,55.87991,0,0,0,270,0,0,0
0,55.89153,0,0,0,270,0,0,0
0,55.90187,0,0,0,270,0,0,0
0,55.91341,0,0,0,270,0,0,0
0,55.92419,0,0,0,270,0,0,0
0,55.93627,0,0,0,270,0,0,0
0,55.94645,0,0,0,270,0,0,0
0,55.95758,0,0,0,270,0,0,0
0,55.96886,0,0,0,270,0,0,0
0,55.98006,0,0,0,270,0,0,0
0,55.99092,0,0,0,270,0,0,0
0,56.00181,0,0,0,270,0,0,0
0,56.01345,0,0,0,270,0,0,0
0,56.02443,0,0,0,270,0,0,0
0,56.03569,0,0,0,270,0,0,0
0,56.04662,0,0,0,270,0,0,0
0,56.0576,0,0,0,270,0,0,0
0,56.0683,0,0,0,270,0,0,0
0,56.07982,0,0,0,270,0,0,0
0,56.09096,0,0,0,270,0,0,0
0,56.10154,0,0,0,270,0,0,0
0,56.11392,0,0,0,270,0,0,0
0,56.12373,0,0,0,270,0,0,0
0,56.13531,0,0,0,270,0,0,0
0,56.14613,0,0,0,270,0,0,0
0,56.15784,0,0,0,270,0,0,0
0,56.1683,0,0,0,270,0,0,0
0,56.17973,0,0,0,270,0,0,0
0,56.19101,0,0,0,270,0,0,0
0,56.20181,0,0,0,270,0,0,0
0,56.21306,0,0,0,270,0,0,0
0,56.22403,0,0,0,270,0,0,0
0,56.2358,0,0,0,270,0,0,0
0,56.24627,0,0,0,270,0,0,0
0,56.25787,0,0,0,270,0,0,0
0,56.26861,0,0,0,270,0,0,0
0,56.27971,0,0,0,270,0,0,0
0,56.29124,0,0,0,270,0,0,0
0,56.30177,0,0,0,270,0,0,0
0,56.31369,0,0,0,270,0,0,0
0,56.32395,0,0,0,270,0,0,0
0,56.33525,0,0,0,270,0,0,0
0,56.34614,0,0,0,270,0,0,0
0,56.35773,0,0,0,270,0,0,0
0,56.36871,0,0,0,270,0,0,0
0,56.37973,0,0,0,270,0,0,0
0,56.39187,0,0,0,270,0,0,0
0,56.40154,0,0,0,270,0,0,0
0,56.41325,0,0,0,270,0,0,0
0,56.42379,0,0,0,270,0,0,0
0,56.43521,0,0,0,270,0,0,0
0,56.44605,0,0,0,270,0,0,0
0,56.45754,0,0,0,270,0,0,0
0,56.46858,0,0,0,270,0,0,0
0,56.47982,0,0,0,270,0,0,0
0,56.4907,0,0,0,270,0,0,0
0,56.5018,0,0,0,270,0,0,0
0,56.51316,0,0,0,270,0,0,0
0,56.52396,0,0,0,270,0,0,0
0,56.53553,0,0,0,270,0,0,0
0,56.54605,0,0,0,270,0,0,0
0,56.55783,0,0,0,270,0,0,0
0,56.56863,0,0,0,270,0,0,0
0,56.58036,0,0,0,270,0,0,0
0,56.59089,0,0,0,270,0,0,0
0,56.6017,0,0,0,270,0,0,0
0,56.61361,0,0,0,270,0,0,0
0,56.62425,0,0,0,270,0,0,0
0,56.63522,0,0,0,270,0,0,0
0,56.64619,0,0,0,270,0,0,0
0,56.65795,0,0,0,270,0,0,0
0,56.66825,0,0,0,270,0,0,0
0,56.67978,0,0,0,270,0,0,0
0,56.69143,0,0,0,270,0,0,0
0,56.70186,0,0,0,270,0,0,0
0,56.7128,0,0,0,270,0,0,0
0,56.72369,0,0,0,270,0,0,0
0,56.73521,0,0,0,270,0,0,0
0,56.74582,0,0,0,270,0,0,0
0,56.7574,0,0,0,270,0,0,0
0,56.7682,0,0,0,270,0,0,0
0,56.78016,0,0,0,270,0,0,0
0,56.79083,0,0,0,270,0,0,0
0,56.80181,0,0,0,270,0,0,0
0,56.81301,0,0,0,270,0,0,0
0,56.82395,0,0,0,270,0,0,0
0,56.83553,0,0,0,270,0,0,0
0,56.84645,0,0,0,270,0,0,0
0,56.8574,0,0,0,270,0,0,0
0,56.8683,0,0,0,270,0,0,0
0,56.88051,0,0,0,270,0,0,0
0,56.89135,0,0,0,270,0,0,0
0,56.90156,0,0,0,270,0,0,0
0,56.91296,0,0,0,270,0,0,0
0,56.92382,0,0,0,270,0,0,0
0,56.93534,0,0,0,270,0,0,0
0,56.94577,0,0,0,270,0,0,0
0,56.95712,0,0,0,270,0,0,0
0,56.96843,0,0,0,270,0,0,0
0,56.97952,0,0,0,270,0,0,0
0,56.99084,0,0,0,270,0,0,0
0,57.00198,0,0,0,270,0,0,0
0,57.01291,0,0,0,270,0,0,0
0,57.02404,0,0,0,270,0,0,0
0,57.03523,0,0,0,270,0,0,0
0,57.04595,0,0,0,270,0,0,0
0,57.05732,0,0,0,270,0,0,0
0,57.06814,0,0,0,270,0,0,0
0,57.07971,0,0,0,270,0,0,0
0,57.09056,0,0,0,270,0,0,0
0,57.1013,0,0,0,270,0,0,0
0,57.11301,0,0,0,270,0,0,0
0,57.12349,0,0,0,270,0,0,0
0,57.13486,0,0,0,270,0,0,0
0,57.14554,0,0,0,270,0,0,0
0,57.15722,0,0,0,270,0,0,0
0,57.16792,0,0,0,270,0,0,0
0,57.1795,0,0,0,270,0,0,0
0,57.19084,0,0,0,270,0,0,0
0,57.20129,0,0,0,270,0,0,0
0,57.21294,0,0,0,270,0,0,0
0,57.22348,0,0,0,270,0,0,0
0,57.23509,0,0,0,270,0,0,0
0,57.24589,0,0,0,270,0,0,0
0,57.25705,0,0,0,270,0,0,0
0,57.26801,0,0,0,270,0,0,0
0,57.2798,0,0,0,270,0,0,0
0,57.29071,0,0,0,270,0,0,0
0,57.3013,0,0,0,270,0,0,0
0,57.31308,0,0,0,270,0,0,0
0,57.32358,0,0,0,270,0,0,0
0,57.33496,0,0,0,270,0,0,0
0,57.34565,0,0,0,270,0,0,0
0,57.35707,0,0,0,270,0,0,0
0,57.36766,0,0,0,270,0,0,0
0,57.37914,0,0,0,270,0,0,0
0,57.39091,0,0,0,270,0,0,0
0,57.40153,0,0,0,270,0,0,0
0,57.41269,0,0,0,270,0,0,0
0,57.42413,0,0,0,270,0,0,0
0,57.4357,0,0,0,270,0,0,0
0,57.44552,0,0,0,270,0,0,0
0,57.4572,0,0,0,270,0,0,0
0,57.46846,0,0,0,270,0,0,0
0,57.47938,0,0,0,270,0,0,0
0,57.49086,0,0,0,270,0,0,0
0,57.50153,0,0,0,270,0,0,0
0,57.51266,0,0,0,270,0,0,0
0,57.52361,0,0,0,270,0,0,0
0,57.535,0,0,0,270,0,0,0
0,57.54552,0,0,0,270,0,0,0
0,57.55751,0,0,0,270,0,0,0
0,57.56786,0,0,0,270,0,0,0
0,57.57967,0,0,0,270,0,0,0
0,57.59076,0,0,0,270,0,0,0
0,57.60159,0,0,0,270,0,0,0
0,57.61322,0,0,0,270,0,0,0
0,57.62403,0,0,0,270,0,0,0
0,57.63526,0,0,0,270,0,0,0
0,57.6458,0,0,0,270,0,0,0
0,57.65794,0,0,0,270,0,0,0
0,57.66768,0,0,0,270,0,0,0
0,57.67962,0,0,0,270,0,0,0
0,57.6911,0,0,0,270,0,0,0
0,57.70178,0,0,0,270,0,0,0
0,57.71256,0,0,0,270,0,0,0
0,57.72365,0,0,0,270,0,0,0
0,57.735,0,0,0,270,0,0,0
0,57.74551,0,0,0,270,0,0,0
0,57.75732,0,0,0,270,0,0,0
0,57.76794,0,0,0,270,0,0,0
0,57.77948,0,0,0,270,0,0,0
0,57.7903,0,0,0,270,0,0,0
0,57.80127,0,0,0,270,0,0,0
0,57.81348,0,0,0,270,0,0,0
0,57.82361,0,0,0,270,0,0,0
0,57.83514,0,0,0,270,0,0,0
0,57.84568,0,0,0,270,0,0,0
0,57.85724,0,0,0,270,0,0,0
0,57.86784,0,0,0,270,0,0,0
0,57.87968,0,0,0,270,0,0,0
0,57.89081,0,0,0,270,0,0,0
0,57.90117,0,0,0,270,0,0,0
0,57.91273,0,0,0,270,0,0,0
0,57.92322,0,0,0,270,0,0,0
0,57.93459,0,0,0,270,0,0,0
0,57.94581,0,0,0,270,0,0,0
0,57.95695,0,0,0,270,0,0,0
0,57.9676,0,0,0,270,0,0,0
0,57.97919,0,0,0,270,0,0,0
0,57.99045,0,0,0,270,0,0,0
0,58.0013,0,0,0,270,0,0,0
0,58.01276,0,0,0,270,0,0,0
0,58.02329,0,0,0,270,0,0,0
0,58.03479,0,0,0,270,0,0,0
0,58.0459,0,0,0,270,0,0,0
0,58.05702,0,0,0,270,0,0,0
0,58.06757,0,0,0,270,0,0,0
0,58.07924,0,0,0,270,0,0,0
0,58.08974,0,0,0,270,0,0,0
0,58.10133,0,0,0,270,0,0,0
0,58.11243,0,0,0,270,0,0,0
0,58.12307,0,0,0,270,0,0,0
0,58.13467,0,0,0,270,0,0,0
0,58.14517,0,0,0,270,0,0,0
0,58.15678,0,0,0,270,0,0,0
0,58.16732,0,0,0,270,0,0,0
0,58.17883,0,0,0,270,0,0,0
0,58.18967,0,0,0,270,0,0,0
0,58.2011,0,0,0,270,0,0,0
0,58.2124,0,0,0,270,0,0,0
0,58.22308,0,0,0,270,0,0,0
0,58.23504,0,0,0,270,0,0,0
0,58.24646,0,0,0,270,0,0,0
0,58.25676,0,0,0,270,0,0,0
0,58.26792,0,0,0,270,0,0,0
0,58.27936,0,0,0,270,0,0,0
0,58.29034,0,0,0,270,0,0,0
0,58.30124,0,0,0,270,0,0,0
0,58.31243,0,0,0,270,0,0,0
0,58.32333,0,0,0,270,0,0,0
0,58.33464,0,0,0,270,0,0,0
0,58.34534,0,0,0,270,0,0,0
0,58.3567,0,0,0,270,0,0,0
0,58.36749,0,0,0,270,0,0,0
0,58.37922,0,0,0,270,0,0,0
0,58.38972,0,0,0,270,0,0,0
0,58.40124,0,0,0,270,0,0,0
0,58.41235,0,0,0,270,0,0,0
0,58.42337,0,0,0,270,0,0,0
0,58.43511,0,0,0,270,0,0,0
0,58.44514,0,0,0,270,0,0,0
0,58.45672,0,0,0,270,0,0,0
0,58.46775,0,0,0,270,0,0,0
0,58.47889,0,0,0,270,0,0,0
0,58.48967,0,0,0,270,0,0,0
0,58.50124,0,0,0,270,0,0,0
0,58.51249,0,0,0,270,0,0,0
0,58.52326,0,0,0,270,0,0,0
0,58.53493,0,0,0,270,0,0,0
0,58.54508,0,0,0,270,0,0,0
0,58.55673,0,0,0,270,0,0,0
0,58.56734,0,0,0,270,0,0,0
0,58.57873,0,0,0,270,0,0,0
0,58.58963,0,0,0,270,0,0,0
0,58.60091,0,0,0,270,0,0,0
0,58.61201,0,0,0,270,0,0,0
0,58.62345,0,0,0,270,0,0,0
0,58.6349,0,0,0,270,0,0,0
0,58.64577,0,0,0,270,0,0,0
0,58.65778,0,0,0,270,0,0,0
0,58.66737,0,0,0,270,0,0,0
0,58.67893,0,0,0,270,0,0,0
0,58.68979,0,0,0,270,0,0,0
0,58.70108,0,0,0,270,0,0,0
0,58.71236,0,0,0,270,0,0,0
0,58.72319,0,0,0,270,0,0,0
0,58.73441,0,0,0,270,0,0,0
0,58.74544,0,0,0,270,0,0,0
0,58.75709,0,0,0,270,0,0,0
0,58.76728,0,0,0,270,0,0,0
0,58.77872,0,0,0,270,0,0,0
0,58.7895,0,0,0,270,0,0,0
0,58.80109,0,0,0,270,0,0,0
0,58.81223,0,0,0,270,0,0,0
0,58.82302,0,0,0,270,0,0,0
0,58.83421,0,0,0,270,0,0,0
0,58.84542,0,0,0,270,0,0,0
0,58.85677,0,0,0,270,0,0,0
0,58.86731,0,0,0,270,0,0,0
0,58.87915,0,0,0,270,0,0,0
0,58.88979,0,0,0,270,0,0,0
0,58.90096,0,0,0,270,0,0,0
0,58.91225,0,0,0,270,0,0,0
0,58.92359,0,0,0,270,0,0,0
0,58.93448,0,0,0,270,0,0,0
0,58.94553,0,0,0,270,0,0,0
0,58.95691,0,0,0,270,0,0,0
0,58.96756,0,0,0,270,0,0,0
0,58.97856,0,0,0,270,0,0,0
0,58.98936,0,0,0,270,0,0,0
0,59.001,0,0,0,270,0,0,0
0,59.01221,0,0,0,270,0,0,0
0,59.0228,0,0,0,270,0,0,0
0,59.03427,0,0,0,270,0,0,0
0,59.04507,0,0,0,270,0,0,0
0,59.05699,0,0,0,270,0,0,0
0,59.06737,0,0,0,270,0,0,0
0,59.07893,0,0,0,270,0,0,0
0,59.08954,0,0,0,270,0,0,0
0,59.10092,0,0,0,270,0,0,0
0,59.11173,0,0,0,270,0,0,0
0,59.12269,0,0,0,270,0,0,0
0,59.13403,0,0,0,270,0,0,0
0,59.14507,0,0,0,270,0,0,0
0,59.15764,0,0,0,270,0,0,0
0,59.16769,0,0,0,270,0,0,0
0,59.1785,0,0,0,270,0,0,0
0,59.18975,0,0,0,270,0,0,0
0,59.20096,0,0,0,270,0,0,0
0,59.21198,0,0,0,270,0,0,0
0,59.22266,0,0,0,270,0,0,0
0,59.23453,0,0,0,270,0,0,0
0,59.24568,0,0,0,270,0,0,0
0,59.2565,0,0,0,270,0,0,0
0,59.26731,0,0,0,270,0,0,0
0,59.27893,0,0,0,270,0,0,0
0,59.28964,0,0,0,270,0,0,0
0,59.30136,0,0,0,270,0,0,0
0,59.31219,0,0,0,270,0,0,0
0,59.32275,0,0,0,270,0,0,0
0,59.33395,0,0,0,270,0,0,0
0,59.3447,0,0,0,270,0,0,0
0,59.35606,0,0,0,270,0,0,0
0,59.36697,0,0,0,270,0,0,0
0,59.37847,0,0,0,270,0,0,0
0,59.38938,0,0,0,270,0,0,0
0,59.40087,0,0,0,270,0,0,0
0,59.41176,0,0,0,270,0,0,0
0,59.42326,0,0,0,270,0,0,0
0,59.43398,0,0,0,270,0,0,0
0,59.44518,0,0,0,270,0,0,0
0,59.45611,0,0,0,270,0,0,0
0,59.46686,0,0,0,270,0,0,0
0,59.47881,0,0,0,270,0,0,0
0,59.48913,0,0,0,270,0,0,0
0,59.50095,0,0,0,270,0,0,0
0,59.51191,0,0,0,270,0,0,0
0,59.52334,0,0,0,270,0,0,0
0,59.53455,0,0,0,270,0,0,0
0,59.54523,0,0,0,270,0,0,0
0,59.55617,0,0,0,270,0,0,0
0,59.56711,0,0,0,270,0,0,0
0,59.57884,0,0,0,270,0,0,0
0,59.58929,0,0,0,270,0,0,0
0,59.6006,0,0,0,270,0,0,0
0,59.61179,0,0,0,270,0,0,0
0,59.62224,0,0,0,270,0,0,0
0,59.63374,0,0,0,270,0,0,0
0,59.64547,0,0,0,270,0,0,0
0,59.65706,0,0,0,270,0,0,0
0,59.66751,0,0,0,270,0,0,0
0,59.6796,0,0,0,270,0,0,0
0,59.6897,0,0,0,270,0,0,0
0,59.7009,0,0,0,270,0,0,0
0,59.71222,0,0,0,270,0,0,0
0,59.72287,0,0,0,270,0,0,0
0,59.73518,0,0,0,270,0,0,0
0,59.7448,0,0,0,270,0,0,0
0,59.75656,0,0,0,270,0,0,0
0,59.76741,0,0,0,270,0,0,0
0,59.77959,0,0,0,270,0,0,0
0,59.78938,0,0,0,270,0,0,0
0,59.80083,0,0,0,270,0,0,0
0,59.81251,0,0,0,270,0,0,0
0,59.82242,0,0,0,270,0,0,0
0,59.83405,0,0,0,270,0,0,0
0,59.84459,0,0,0,270,0,0,0
0,59.85634,0,0,0,270,0,0,0
0,59.86681,0,0,0,270,0,0,0
0,59.87891,0,0,0,270,0,0,0
0,59.88986,0,0,0,270,0,0,0
0,59.90073,0,0,0,270,0,0,0
0,59.91169,0,0,0,270,0,0,0
0,59.92244,0,0,0,270,0,0,0
0,59.93372,0,0,0,270,0,0,0
0,59.94459,0,0,0,270,0,0,0
0,59.95622,0,0,0,270,0,0,0
0,59.96777,0,0,0,270,0,0,0
0,59.97835,0,0,0,270,0,0,0
0,59.98911,0,0,0,270,0,0,0
0,60.0602,0,0,0,270,0,0,0
0,60.06526,0,0,0,270,0,0,0
0,60.06858,0,0,0,270,0,0,0
0,60.07349,0,0,0,270,0,0,0
0,60.08388,0,0,0,270,0,0,0
0,60.09647,0,0,0,270,0,0,0
0,60.10664,0,0,0,270,0,0,0
0,60.11794,0,0,0,270,0,0,0
0,60.12836,0,0,0,270,0,0,0
0,60.1399,0,0,0,270,0,0,0
0,60.15096,0,0,0,270,0,0,0
0,60.16145,0,0,0,270,0,0,0
0,60.1728,0,0,0,270,0,0,0
0,60.18375,0,0,0,270,0,0,0
0,60.19501,0,0,0,270,0,0,0
0,60.20627,0,0,0,270,0,0,0
0,60.21819,0,0,0,270,0,0,0
0,60.22859,0,0,0,270,0,0,0
0,60.2401,0,0,0,270,0,0,0
0,60.251,0,0,0,270,0,0,0
0,60.26154,0,0,0,270,0,0,0
0,60.27303,0,0,0,270,0,0,0
0,60.28413,0,0,0,270,0,0,0
0,60.29696,0,0,0,270,0,0,0
0,60.30643,0,0,0,270,0,0,0
0,60.31827,0,0,0,270,0,0,0
0,60.3284,0,0,0,270,0,0,0
0,60.34009,0,0,0,270,0,0,0
0,60.35114,0,0,0,270,0,0,0
0,60.36164,0,0,0,270,0,0,0
0,60.37301,0,0,0,270,0,0,0
0,60.38351,0,0,0,270,0,0,0
0,60.39528,0,0,0,270,0,0,0
0,60.40639,0,0,0,270,0,0,0
0,60.41759,0,0,0,270,0,0,0
0,60.42839,0,0,0,270,0,0,0
0,60.44024,0,0,0,270,0,0,0
0,60.45274,0,0,0,270,0,0,0
0,60.46191,0,0,0,270,0,0,0
0,60.4735,0,0,0,270,0,0,0
0,60.48457,0,0,0,270,0,0,0
0,60.49656,0,0,0,270,0,0,0
0,60.50764,0,0,0,270,0,0,0
0,60.51977,0,0,0,270,0,0,0
0,60.53046,0,0,0,270,0,0,0
0,60.54137,0,0,0,270,0,0,0
0,60.55335,0,0,0,270,0,0,0
0,60.56458,0,0,0,270,0,0,0
0,60.57617,0,0,0,270,0,0,0
0,60.58676,0,0,0,270,0,0,0
0,60.59849,0,0,0,270,0,0,0
0,60.60958,0,0,0,270,0,0,0
0,60.6217,0,0,0,270,0,0,0
0,60.63293,0,0,0,270,0,0,0
0,60.64371,0,0,0,270,0,0,0
0,60.65533,0,0,0,270,0,0,0
0,60.66626,0,0,0,270,0,0,0
0,60.67829,0,0,0,270,0,0,0
0,60.6894,0,0,0,270,0,0,0
0,60.70081,0,0,0,270,0,0,0
0,60.71218,0,0,0,270,0,0,0
0,60.72249,0,0,0,270,0,0,0
0,60.73389,0,0,0,270,0,0,0
0,60.74424,0,0,0,270,0,0,0
0,60.75597,0,0,0,270,0,0,0
0,60.76697,0,0,0,270,0,0,0
0,60.77831,0,0,0,270,0,0,0
0,60.7886,0,0,0,270,0,0,0
0,60.79994,0,0,0,270,0,0,0
0,60.81169,0,0,0,270,0,0,0
0,60.82253,0,0,0,270,0,0,0
0,60.83379,0,0,0,270,0,0,0
0,60.84472,0,0,0,270,0,0,0
0,60.8559,0,0,0,270,0,0,0
0,60.86649,0,0,0,270,0,0,0
0,60.87853,0,0,0,270,0,0,0
0,60.88903,0,0,0,270,0,0,0
0,60.89993,0,0,0,270,0,0,0
0,60.91112,0,0,0,270,0,0,0
0,60.92176,0,0,0,270,0,0,0
0,60.93337,0,0,0,270,0,0,0
0,60.94423,0,0,0,270,0,0,0
0,60.95619,0,0,0,270,0,0,0
0,60.96684,0,0,0,270,0,0,0
0,60.97777,0,0,0,270,0,0,0
0,60.98846,0,0,0,270,0,0,0
0,61.00038,0,0,0,270,0,0,0
0,61.01111,0,0,0,270,0,0,0
0,61.0223,0,0,0,270,0,0,0
0,61.03362,0,0,0,270,0,0,0
0,61.04407,0,0,0,270,0,0,0
0,61.05584,0,0,0,270,0,0,0
0,61.06631,0,0,0,270,0,0,0
0,61.07803,0,0,0,270,0,0,0
0,61.08839,0,0,0,270,0,0,0
0,61.10001,0,0,0,270,0,0,0
0,61.11186,0,0,0,270,0,0,0
0,61.12251,0,0,0,270,0,0,0
0,61.13329,0,0,0,270,0,0,0
0,61.14425,0,0,0,270,0,0,0
0,61.1563,0,0,0,270,0,0,0
0,61.16617,0,0,0,270,0,0,0
0,61.17787,0,0,0,270,0,0,0
0,61.18883,0,0,0,270,0,0,0
0,61.19988,0,0,0,270,0,0,0
0,61.21079,0,0,0,270,0,0,0
0,61.22214,0,0,0,270,0,0,0
0,61.23327,0,0,0,270,0,0,0
0,61.24406,0,0,0,270,0,0,0
0,61.25557,0,0,0,270,0,0,0
0,61.26628,0,0,0,270,0,0,0
0,61.2776,0,0,0,270,0,0,0
0,61.2883,0,0,0,270,0,0,0
0,61.29971,0,0,0,270,0,0,0
0,61.31096,0,0,0,270,0,0,0
0,61.32227,0,0,0,270,0,0,0
0,61.33399,0,0,0,270,0,0,0
0,61.34487,0,0,0,270,0,0,0
0,61.35568,0,0,0,270,0,0,0
0,61.36617,0,0,0,270,0,0,0
0,61.37795,0,0,0,270,0,0,0
0,61.38902,0,0,0,270,0,0,0
0,61.39971,0,0,0,270,0,0,0
0,61.41067,0,0,0,270,0,0,0
0,61.42133,0,0,0,270,0,0,0
0,61.43304,0,0,0,270,0,0,0
0,61.44382,0,0,0,270,0,0,0
0,61.45624,0,0,0,270,0,0,0
0,61.46674,0,0,0,270,0,0,0
0,61.4779,0,0,0,270,0,0,0
0,61.48819,0,0,0,270,0,0,0
0,61.49996,0,0,0,270,0,0,0
0,61.51077,0,0,0,270,0,0,0
0,61.52203,0,0,0,270,0,0,0
0,61.53405,0,0,0,270,0,0,0
0,61.54451,0,0,0,270,0,0,0
0,61.55511,0,0,0,270,0,0,0
0,61.56629,0,0,0,270,0,0,0
0,61.57755,0,0,0,270,0,0,0
0,61.58815,0,0,0,270,0,0,0
0,61.59978,0,0,0,270,0,0,0
0,61.61068,0,0,0,270,0,0,0
0,61.62138,0,0,0,270,0,0,0
0,61.63299,0,0,0,270,0,0,0
0,61.64453,0,0,0,270,0,0,0
0,61.655,0,0,0,270,0,0,0
0,61.66579,0,0,0,270,0,0,0
0,61.67796,0,0,0,270,0,0,0
0,61.68828,0,0,0,270,0,0,0
0,61.69977,0,0,0,270,0,0,0
0,61.71167,0,0,0,270,0,0,0
0,61.72253,0,0,0,270,0,0,0
0,61.73402,0,0,0,270,0,0,0
0,61.74425,0,0,0,270,0,0,0
0,61.7564,0,0,0,270,0,0,0
0,61.76616,0,0,0,270,0,0,0
0,61.77789,0,0,0,270,0,0,0
0,61.78841,0,0,0,270,0,0,0
0,61.79964,0,0,0,270,0,0,0
0,61.81104,0,0,0,270,0,0,0
0,61.82147,0,0,0,270,0,0,0
0,61.8329,0,0,0,270,0,0,0
0,61.8439,0,0,0,270,0,0,0
0,61.85528,0,0,0,270,0,0,0
0,61.866,0,0,0,270,0,0,0
0,61.87827,0,0,0,270,0,0,0
0,61.88827,0,0,0,270,0,0,0
0,61.9,0,0,0,270,0,0,0
0,61.91165,0,0,0,270,0,0,0
0,61.92143,0,0,0,270,0,0,0
0,61.93291,0,0,0,270,0,0,0
0,61.94377,0,0,0,270,0,0,0
0,61.95554,0,0,0,270,0,0,0
0,61.96613,0,0,0,270,0,0,0
0,61.97749,0,0,0,270,0,0,0
0,61.9884,0,0,0,270,0,0,0
0,61.9998,0,0,0,270,0,0,0
0,62.01089,0,0,0,270,0,0,0
0,62.02158,0,0,0,270,0,0,0
0,62.03326,0,0,0,270,0,0,0
0,62.04365,0,0,0,270,0,0,0
0,62.05516,0,0,0,270,0,0,0
0,62.06628,0,0,0,270,0,0,0
0,62.07764,0,0,0,270,0,0,0
0,62.08794,0,0,0,270,0,0,0
0,62.09965,0,0,0,270,0,0,0
0,62.11086,0,0,0,270,0,0,0
0,62.12131,0,0,0,270,0,0,0
0,62.13354,0,0,0,270,0,0,0
0,62.14347,0,0,0,270,0,0,0
0,62.15501,0,0,0,270,0,0,0
0,62.16574,0,0,0,270,0,0,0
0,62.17699,0,0,0,270,0,0,0
0,62.18816,0,0,0,270,0,0,0
0,62.19967,0,0,0,270,0,0,0
0,62.2107,0,0,0,270,0,0,0
0,62.22129,0,0,0,270,0,0,0
0,62.23285,0,0,0,270,0,0,0
0,62.24339,0,0,0,270,0,0,0
0,62.25522,0,0,0,270,0,0,0
0,62.26562,0,0,0,270,0,0,0
0,62.27691,0,0,0,270,0,0,0
0,62.2878,0,0,0,270,0,0,0
0,62.29947,0,0,0,270,0,0,0
0,62.311,0,0,0,270,0,0,0
0,62.32139,0,0,0,270,0,0,0
0,62.33282,0,0,0,270,0,0,0
0,62.34375,0,0,0,270,0,0,0
0,62.35532,0,0,0,270,0,0,0
0,62.3658,0,0,0,270,0,0,0
0,62.3774,0,0,0,270,0,0,0
0,62.3885,0,0,0,270,0,0,0
0,62.39923,0,0,0,270,0,0,0
0,62.411,0,0,0,270,0,0,0
0,62.42142,0,0,0,270,0,0,0
0,62.43263,0,0,0,270,0,0,0
0,62.44331,0,0,0,270,0,0,0
0,62.45498,0,0,0,270,0,0,0
0,62.46549,0,0,0,270,0,0,0
0,62.4772,0,0,0,270,0,0,0
0,62.4879,0,0,0,270,0,0,0
0,62.4995,0,0,0,270,0,0,0
0,62.51054,0,0,0,270,0,0,0
0,62.52142,0,0,0,270,0,0,0
0,62.53258,0,0,0,270,0,0,0
0,62.54332,0,0,0,270,0,0,0
0,62.5551,0,0,0,270,0,0,0
0,62.56569,0,0,0,270,0,0,0
0,62.57735,0,0,0,270,0,0,0
0,62.58812,0,0,0,270,0,0,0
0,62.59928,0,0,0,270,0,0,0
0,62.61018,0,0,0,270,0,0,0
0,62.62123,0,0,0,270,0,0,0
0,62.63262,0,0,0,270,0,0,0
0,62.64313,0,0,0,270,0,0,0
0,62.65495,0,0,0,270,0,0,0
0,62.66553,0,0,0,270,0,0,0
0,62.67699,0,0,0,270,0,0,0
0,62.68802,0,0,0,270,0,0,0
0,62.6991,0,0,0,270,0,0,0
0,62.71058,0,0,0,270,0,0,0
0,62.72162,0,0,0,270,0,0,0
0,62.73259,0,0,0,270,0,0,0
0,62.74326,0,0,0,270,0,0,0
0,62.75558,0,0,0,270,0,0,0
0,62.76611,0,0,0,270,0,0,0
0,62.77753,0,0,0,270,0,0,0
0,62.78822,0,0,0,270,0,0,0
0,62.79955,0,0,0,270,0,0,0
0,62.81045,0,0,0,270,0,0,0
0,62.82129,0,0,0,270,0,0,0
0,62.83256,0,0,0,270,0,0,0
0,62.84372,0,0,0,270,0,0,0
0,62.85503,0,0,0,270,0,0,0
0,62.86549,0,0,0,270,0,0,0
0,62.87771,0,0,0,270,0,0,0
0,62.88788,0,0,0,270,0,0,0
0,62.89926,0,0,0,270,0,0,0
0,62.91089,0,0,0,270,0,0,0
0,62.92107,0,0,0,270,0,0,0
0,62.93259,0,0,0,270,0,0,0
0,62.94404,0,0,0,270,0,0,0
0,62.95483,0,0,0,270,0,0,0
0,62.96545,0,0,0,270,0,0,0
0,62.97727,0,0,0,270,0,0,0
0,62.98772,0,0,0,270,0,0,0
0,62.99932,0,0,0,270,0,0,0
0,63.01073,0,0,0,270,0,0,0
0,63.02107,0,0,0,270,0,0,0
0,63.03251,0,0,0,270,0,0,0
0,63.04329,0,0,0,270,0,0,0
0,63.05444,0,0,0,270,0,0,0
0,63.06547,0,0,0,270,0,0,0
0,63.07702,0,0,0,270,0,0,0
0,63.0876,0,0,0,270,0,0,0
0,63.09919,0,0,0,270,0,0,0
0,63.10976,0,0,0,270,0,0,0
0,63.12138,0,0,0,270,0,0,0
0,63.13237,0,0,0,270,0,0,0
0,63.14325,0,0,0,270,0,0,0
0,63.15472,0,0,0,270,0,0,0
0,63.16551,0,0,0,270,0,0,0
0,63.1768,0,0,0,270,0,0,0
0,63.18747,0,0,0,270,0,0,0
0,63.19901,0,0,0,270,0,0,0
0,63.21049,0,0,0,270,0,0,0
0,63.22105,0,0,0,270,0,0,0
0,63.23262,0,0,0,270,0,0,0
0,63.24341,0,0,0,270,0,0,0
0,63.25456,0,0,0,270,0,0,0
0,63.26521,0,0,0,270,0,0,0
0,63.27691,0,0,0,270,0,0,0
0,63.28797,0,0,0,270,0,0,0
0,63.29916,0,0,0,270,0,0,0
0,63.30955,0,0,0,270,0,0,0
0,63.32108,0,0,0,270,0,0,0
0,63.33222,0,0,0,270,0,0,0
0,63.34352,0,0,0,270,0,0,0
0,63.35482,0,0,0,270,0,0,0
0,63.36532,0,0,0,270,0,0,0
0,63.37758,0,0,0,270,0,0,0
0,63.38744,0,0,0,270,0,0,0
0,63.39897,0,0,0,270,0,0,0
0,63.41046,0,0,0,270,0,0,0
0,63.4212,0,0,0,270,0,0,0
0,63.43215,0,0,0,270,0,0,0
0,63.44295,0,0,0,270,0,0,0
0,63.45443,0,0,0,270,0,0,0
0,63.46513,0,0,0,270,0,0,0
0,63.47658,0,0,0,270,0,0,0
0,63.48752,0,0,0,270,0,0,0
0,63.49998,0,0,0,270,0,0,0
0,63.50985,0,0,0,270,0,0,0
0,63.52169,0,0,0,270,0,0,0
0,63.53282,0,0,0,270,0,0,0
0,63.54283,0,0,0,270,0,0,0
0,63.55444,0,0,0,270,0,0,0
0,63.56529,0,0,0,270,0,0,0
0,63.57674,0,0,0,270,0,0,0
0,63.58727,0,0,0,270,0,0,0
0,63.59917,0,0,0,270,0,0,0
0,63.6103,0,0,0,270,0,0,0
0,63.62055,0,0,0,270,0,0,0
0,63.63203,0,0,0,270,0,0,0
0,63.64278,0,0,0,270,0,0,0
0,63.65439,0,0,0,270,0,0,0
0,63.66527,0,0,0,270,0,0,0
0,63.67669,0,0,0,270,0,0,0
0,63.68719,0,0,0,270,0,0,0
0,63.69889,0,0,0,270,0,0,0
0,63.70927,0,0,0,270,0,0,0
0,63.72112,0,0,0,270,0,0,0
0,63.7329,0,0,0,270,0,0,0
0,63.74279,0,0,0,270,0,0,0
0,63.75443,0,0,0,270,0,0,0
0,63.76485,0,0,0,270,0,0,0
0,63.77666,0,0,0,270,0,0,0
0,63.78772,0,0,0,270,0,0,0
0,63.79985,0,0,0,270,0,0,0
0,63.80957,0,0,0,270,0,0,0
0,63.82108,0,0,0,270,0,0,0
0,63.83202,0,0,0,270,0,0,0
0,63.84288,0,0,0,270,0,0,0
0,63.85465,0,0,0,270,0,0,0
0,63.86486,0,0,0,270,0,0,0
0,63.87683,0,0,0,270,0,0,0
0,63.88715,0,0,0,270,0,0,0
0,63.89873,0,0,0,270,0,0,0
0,63.90986,0,0,0,270,0,0,0
0,63.92107,0,0,0,270,0,0,0
0,63.93241,0,0,0,270,0,0,0
0,63.9427,0,0,0,270,0,0,0
0,63.95451,0,0,0,270,0,0,0
0,63.96472,0,0,0,270,0,0,0
0,63.97666,0,0,0,270,0,0,0
0,63.98712,0,0,0,270,0,0,0
0,63.99863,0,0,0,270,0,0,0
0,64.00961,0,0,0,270,0,0,0
0,64.02191,0,0,0,270,0,0,0
0,64.03227,0,0,0,270,0,0,0
0,64.04288,0,0,0,270,0,0,0
0,64.05451,0,0,0,270,0,0,0
0,64.06535,0,0,0,270,0,0,0
0,64.07659,0,0,0,270,0,0,0
0,64.0872,0,0,0,270,0,0,0
0,64.09854,0,0,0,270,0,0,0
0,64.10948,0,0,0,270,0,0,0
0,64.1208,0,0,0,270,0,0,0
0,64.13206,0,0,0,270,0,0,0
0,64.14305,0,0,0,270,0,0,0
0,64.15469,0,0,0,270,0,0,0
0,64.16514,0,0,0,270,0,0,0
0,64.17684,0,0,0,270,0,0,0
0,64.18697,0,0,0,270,0,0,0
0,64.19849,0,0,0,270,0,0,0
0,64.20933,0,0,0,270,0,0,0
0,64.22093,0,0,0,270,0,0,0
0,64.2317,0,0,0,270,0,0,0
0,64.24236,0,0,0,270,0,0,0
0,64.25407,0,0,0,270,0,0,0
0,64.26521,0,0,0,270,0,0,0
0,64.27628,0,0,0,270,0,0,0
0,64.28697,0,0,0,270,0,0,0
0,64.29854,0,0,0,270,0,0,0
0,64.30912,0,0,0,270,0,0,0
0,64.32065,0,0,0,270,0,0,0
0,64.3317,0,0,0,270,0,0,0
0,64.34261,0,0,0,270,0,0,0
0,64.35404,0,0,0,270,0,0,0
0,64.36501,0,0,0,270,0,0,0
0,64.37686,0,0,0,270,0,0,0
0,64.38905,0,0,0,270,0,0,0
0,64.3987,0,0,0,270,0,0,0
0,64.40934,0,0,0,270,0,0,0
0,64.42078,0,0,0,270,0,0,0
0,64.43185,0,0,0,270,0,0,0
0,64.44246,0,0,0,270,0,0,0
0,64.45444,0,0,0,270,0,0,0
0,64.46459,0,0,0,270,0,0,0
0,64.47601,0,0,0,270,0,0,0
0,64.48674,0,0,0,270,0,0,0
0,64.49838,0,0,0,270,0,0,0
0,64.50917,0,0,0,270,0,0,0
0,64.52184,0,0,0,270,0,0,0
0,64.53185,0,0,0,270,0,0,0
0,64.54229,0,0,0,270,0,0,0
0,64.55385,0,0,0,270,0,0,0
0,64.56471,0,0,0,270,0,0,0
0,64.57623,0,0,0,270,0,0,0
0,64.58672,0,0,0,270,0,0,0
0,64.59865,0,0,0,270,0,0,0
0,64.60936,0,0,0,270,0,0,0
0,64.62061,0,0,0,270,0,0,0
0,64.6319,0,0,0,270,0,0,0
0,64.64278,0,0,0,270,0,0,0
0,64.65401,0,0,0,270,0,0,0
0,64.6646,0,0,0,270,0,0,0
0,64.67634,0,0,0,270,0,0,0
0,64.68695,0,0,0,270,0,0,0
0,64.69871,0,0,0,270,0,0,0
0,64.7092,0,0,0,270,0,0,0
0,64.72076,0,0,0,270,0,0,0
0,64.73153,0,0,0,270,0,0,0
0,64.7423,0,0,0,270,0,0,0
0,64.75423,0,0,0,270,0,0,0
0,64.76536,0,0,0,270,0,0,0
0,64.77622,0,0,0,270,0,0,0
0,64.78677,0,0,0,270,0,0,0
0,64.79841,0,0,0,270,0,0,0
0,64.80919,0,0,0,270,0,0,0
0,64.8211,0,0,0,270,0,0,0
0,64.83233,0,0,0,270,0,0,0
0,64.84286,0,0,0,270,0,0,0
0,64.85416,0,0,0,270,0,0,0
0,64.86472,0,0,0,270,0,0,0
0,64.87603,0,0,0,270,0,0,0
0,64.88663,0,0,0,270,0,0,0
0,64.89845,0,0,0,270,0,0,0
0,64.9093,0,0,0,270,0,0,0
0,64.92103,0,0,0,270,0,0,0
0,64.9317,0,0,0,270,0,0,0
0,64.94261,0,0,0,270,0,0,0
0,64.95411,0,0,0,270,0,0,0
0,64.96455,0,0,0,270,0,0,0
0,64.97608,0,0,0,270,0,0,0
0,64.98668,0,0,0,270,0,0,0
0,64.99809,0,0,0,270,0,0,0
0,65.00894,0,0,0,270,0,0,0
0,65.02099,0,0,0,270,0,0,0
0,65.03173,0,0,0,270,0,0,0
0,65.0424,0,0,0,270,0,0,0
0,65.05363,0,0,0,270,0,0,0
0,65.06495,0,0,0,270,0,0,0
0,65.07641,0,0,0,270,0,0,0
0,65.08692,0,0,0,270,0,0,0
0,65.0986,0,0,0,270,0,0,0
0,65.1093,0,0,0,270,0,0,0
0,65.12065,0,0,0,270,0,0,0
0,65.13163,0,0,0,270,0,0,0
0,65.14248,0,0,0,270,0,0,0
0,65.15382,0,0,0,270,0,0,0
0,65.16458,0,0,0,270,0,0,0
0,65.17611,0,0,0,270,0,0,0
0,65.18658,0,0,0,270,0,0,0
0,65.19832,0,0,0,270,0,0,0
0,65.20895,0,0,0,270,0,0,0
0,65.22145,0,0,0,270,0,0,0
0,65.23166,0,0,0,270,0,0,0
0,65.24209,0,0,0,270,0,0,0
0,65.25391,0,0,0,270,0,0,0
0,65.26455,0,0,0,270,0,0,0
0,65.27634,0,0,0,270,0,0,0
0,65.28754,0,0,0,270,0,0,0
0,65.29947,0,0,0,270,0,0,0
0,65.30907,0,0,0,270,0,0,0
0,65.3204,0,0,0,270,0,0,0
0,65.33169,0,0,0,270,0,0,0
0,65.3426,0,0,0,270,0,0,0
0,65.35368,0,0,0,270,0,0,0
0,65.3646,0,0,0,270,0,0,0
0,65.37653,0,0,0,270,0,0,0
0,65.38657,0,0,0,270,0,0,0
0,65.39927,0,0,0,270,0,0,0
0,65.40973,0,0,0,270,0,0,0
0,65.42089,0,0,0,270,0,0,0
0,65.43223,0,0,0,270,0,0,0
0,65.44337,0,0,0,270,0,0,0
0,65.45457,0,0,0,270,0,0,0
0,65.46465,0,0,0,270,0,0,0
0,65.47615,0,0,0,270,0,0,0
0,65.48654,0,0,0,270,0,0,0
0,65.4982,0,0,0,270,0,0,0
0,65.50858,0,0,0,270,0,0,0
0,65.52041,0,0,0,270,0,0,0
0,65.53178,0,0,0,270,0,0,0
0,65.54263,0,0,0,270,0,0,0
0,65.55376,0,0,0,270,0,0,0
0,65.56508,0,0,0,270,0,0,0
0,65.57566,0,0,0,270,0,0,0
0,65.58649,0,0,0,270,0,0,0
0,65.59828,0,0,0,270,0,0,0
0,65.6086,0,0,0,270,0,0,0
0,65.62043,0,0,0,270,0,0,0
0,65.63134,0,0,0,270,0,0,0
0,65.64228,0,0,0,270,0,0,0
0,65.65372,0,0,0,270,0,0,0
0,65.66421,0,0,0,270,0,0,0
0,65.67569,0,0,0,270,0,0,0
0,65.68649,0,0,0,270,0,0,0
0,65.69798,0,0,0,270,0,0,0
0,65.70863,0,0,0,270,0,0,0
0,65.71992,0,0,0,270,0,0,0
0,65.73136,0,0,0,270,0,0,0
0,65.74187,0,0,0,270,0,0,0
0,65.75389,0,0,0,270,0,0,0
0,65.76426,0,0,0,270,0,0,0
0,65.77596,0,0,0,270,0,0,0
0,65.78687,0,0,0,270,0,0,0
0,65.79781,0,0,0,270,0,0,0
0,65.80876,0,0,0,270,0,0,0
0,65.81996,0,0,0,270,0,0,0
0,65.83157,0,0,0,270,0,0,0
0,65.84231,0,0,0,270,0,0,0
0,65.8539,0,0,0,270,0,0,0
0,65.86456,0,0,0,270,0,0,0
0,65.87617,0,0,0,270,0,0,0
0,65.88639,0,0,0,270,0,0,0
0,65.89833,0,0,0,270,0,0,0
0,65.90898,0,0,0,270,0,0,0
0,65.92012,0,0,0,270,0,0,0
0,65.93143,0,0,0,270,0,0,0
0,65.94254,0,0,0,270,0,0,0
0,65.95354,0,0,0,270,0,0,0
0,65.96429,0,0,0,270,0,0,0
0,65.97606,0,0,0,270,0,0,0
0,65.9865,0,0,0,270,0,0,0
0,65.99826,0,0,0,270,0,0,0
0,66.00866,0,0,0,270,0,0,0
0,66.02106,0,0,0,270,0,0,0
0,66.03221,0,0,0,270,0,0,0
0,66.04218,0,0,0,270,0,0,0
0,66.05352,0,0,0,270,0,0,0
0,66.06438,0,0,0,270,0,0,0
0,66.0757,0,0,0,270,0,0,0
0,66.08624,0,0,0,270,0,0,0
0,66.09801,0,0,0,270,0,0,0
0,66.10864,0,0,0,270,0,0,0
0,66.12041,0,0,0,270,0,0,0
0,66.13214,0,0,0,270,0,0,0
0,66.14272,0,0,0,270,0,0,0
0,66.15347,0,0,0,270,0,0,0
0,66.16399,0,0,0,270,0,0,0
0,66.17558,0,0,0,270,0,0,0
0,66.18642,0,0,0,270,0,0,0
0,66.19763,0,0,0,270,0,0,0
0,66.20892,0,0,0,270,0,0,0
0,66.22024,0,0,0,270,0,0,0
0,66.23116,0,0,0,270,0,0,0
0,66.24168,0,0,0,270,0,0,0
0,66.25316,0,0,0,270,0,0,0
0,66.26383,0,0,0,270,0,0,0
0,66.27547,0,0,0,270,0,0,0
0,66.28645,0,0,0,270,0,0,0
0,66.29778,0,0,0,270,0,0,0
0,66.30832,0,0,0,270,0,0,0
0,66.32025,0,0,0,270,0,0,0
0,66.33176,0,0,0,270,0,0,0
0,66.34169,0,0,0,270,0,0,0
0,66.35339,0,0,0,270,0,0,0
0,66.36385,0,0,0,270,0,0,0
0,66.37558,0,0,0,270,0,0,0
0,66.38625,0,0,0,270,0,0,0
0,66.39761,0,0,0,270,0,0,0
0,66.40836,0,0,0,270,0,0,0
0,66.42036,0,0,0,270,0,0,0
0,66.43446,0,0,0,270,0,0,0
0,66.44256,0,0,0,270,0,0,0
0,66.45403,0,0,0,270,0,0,0
0,66.46413,0,0,0,270,0,0,0
0,66.47638,0,0,0,270,0,0,0
0,66.48663,0,0,0,270,0,0,0
0,66.49757,0,0,0,270,0,0,0
0,66.50848,0,0,0,270,0,0,0
0,66.52032,0,0,0,270,0,0,0
0,66.53082,0,0,0,270,0,0,0
0,66.5421,0,0,0,270,0,0,0
0,66.55304,0,0,0,270,0,0,0
0,66.56449,0,0,0,270,0,0,0
0,66.57531,0,0,0,270,0,0,0
0,66.58622,0,0,0,270,0,0,0
0,66.59762,0,0,0,270,0,0,0
0,66.60822,0,0,0,270,0,0,0
0,66.61992,0,0,0,270,0,0,0
0,66.63074,0,0,0,270,0,0,0
0,66.64213,0,0,0,270,0,0,0
0,66.65343,0,0,0,270,0,0,0
0,66.66363,0,0,0,270,0,0,0
0,66.67561,0,0,0,270,0,0,0
0,66.68618,0,0,0,270,0,0,0
0,66.69772,0,0,0,270,0,0,0
0,66.70833,0,0,0,270,0,0,0
0,66.72009,0,0,0,270,0,0,0
0,66.73087,0,0,0,270,0,0,0
0,66.74145,0,0,0,270,0,0,0
0,66.75293,0,0,0,270,0,0,0
0,66.76345,0,0,0,270,0,0,0
0,66.77502,0,0,0,270,0,0,0
0,66.7858,0,0,0,270,0,0,0
0,66.79771,0,0,0,270,0,0,0
0,66.80806,0,0,0,270,0,0,0
0,66.81959,0,0,0,270,0,0,0
0,66.83076,0,0,0,270,0,0,0
0,66.84146,0,0,0,270,0,0,0
0,66.85301,0,0,0,270,0,0,0
0,66.8635,0,0,0,270,0,0,0
0,66.87567,0,0,0,270,0,0,0
0,66.8864,0,0,0,270,0,0,0
0,66.89791,0,0,0,270,0,0,0
0,66.90908,0,0,0,270,0,0,0
0,66.91986,0,0,0,270,0,0,0
0,66.93154,0,0,0,270,0,0,0
0,66.94176,0,0,0,270,0,0,0
0,66.9536,0,0,0,270,0,0,0
0,66.96359,0,0,0,270,0,0,0
0,66.97662,0,0,0,270,0,0,0
0,66.98653,0,0,0,270,0,0,0
0,66.99816,0,0,0,270,0,0,0
0,67.0082,0,0,0,270,0,0,0
0,67.02025,0,0,0,270,0,0,0
0,67.03163,0,0,0,270,0,0,0
0,67.04182,0,0,0,270,0,0,0
0,67.05284,0,0,0,270,0,0,0
0,67.06354,0,0,0,270,0,0,0
0,67.07528,0,0,0,270,0,0,0
0,67.08588,0,0,0,270,0,0,0
0,67.09779,0,0,0,270,0,0,0
0,67.10802,0,0,0,270,0,0,0
0,67.11967,0,0,0,270,0,0,0
0,67.13061,0,0,0,270,0,0,0
0,67.14161,0,0,0,270,0,0,0
0,67.15328,0,0,0,270,0,0,0
0,67.16351,0,0,0,270,0,0,0
0,67.17526,0,0,0,270,0,0,0
0,67.18573,0,0,0,270,0,0,0
0,67.19746,0,0,0,270,0,0,0
0,67.20812,0,0,0,270,0,0,0
0,67.21961,0,0,0,270,0,0,0
0,67.23097,0,0,0,270,0,0,0
0,67.24176,0,0,0,270,0,0,0
0,67.2529,0,0,0,270,0,0,0
0,67.26335,0,0,0,270,0,0,0
0,67.2748,0,0,0,270,0,0,0
0,67.28565,0,0,0,270,0,0,0
0,67.2979,0,0,0,270,0,0,0
0,67.30804,0,0,0,270,0,0,0
0,67.31969,0,0,0,270,0,0,0
0,67.33067,0,0,0,270,0,0,0
0,67.34153,0,0,0,270,0,0,0
0,67.3525,0,0,0,270,0,0,0
0,67.36335,0,0,0,270,0,0,0
0,67.37473,0,0,0,270,0,0,0
0,67.38555,0,0,0,270,0,0,0
0,67.397,0,0,0,270,0,0,0
0,67.4079,0,0,0,270,0,0,0
0,67.41972,0,0,0,270,0,0,0
0,67.43074,0,0,0,270,0,0,0
0,67.44145,0,0,0,270,0,0,0
0,67.45296,0,0,0,270,0,0,0
0,67.46363,0,0,0,270,0,0,0
0,67.47784,0,0,0,270,0,0,0
0,67.48566,0,0,0,270,0,0,0
0,67.49709,0,0,0,270,0,0,0
0,67.50771,0,0,0,270,0,0,0
0,67.52,0,0,0,270,0,0,0
0,67.5307,0,0,0,270,0,0,0
0,67.54112,0,0,0,270,0,0,0
0,67.55267,0,0,0,270,0,0,0
0,67.56387,0,0,0,270,0,0,0
0,67.57518,0,0,0,270,0,0,0
0,67.58578,0,0,0,270,0,0,0
0,67.59754,0,0,0,270,0,0,0
0,67.6078,0,0,0,270,0,0,0
0,67.61947,0,0,0,270,0,0,0
0,67.63042,0,0,0,270,0,0,0
0,67.64104,0,0,0,270,0,0,0
0,67.65263,0,0,0,270,0,0,0
0,67.66354,0,0,0,270,0,0,0
0,67.67494,0,0,0,270,0,0,0
0,67.68553,0,0,0,270,0,0,0
0,67.69678,0,0,0,270,0,0,0
0,67.70777,0,0,0,270,0,0,0
0,67.71903,0,0,0,270,0,0,0
0,67.73056,0,0,0,270,0,0,0
0,67.741,0,0,0,270,0,0,0
0,67.75262,0,0,0,270,0,0,0
0,67.76318,0,0,0,270,0,0,0
0,67.77458,0,0,0,270,0,0,0
0,67.78558,0,0,0,270,0,0,0
0,67.79692,0,0,0,270,0,0,0
0,67.80791,0,0,0,270,0,0,0
0,67.81937,0,0,0,270,0,0,0
0,67.83087,0,0,0,270,0,0,0
0,67.84116,0,0,0,270,0,0,0
0,67.85263,0,0,0,270,0,0,0
0,67.8633,0,0,0,270,0,0,0
0,67.87501,0,0,0,270,0,0,0
0,67.88531,0,0,0,270,0,0,0
0,67.89668,0,0,0,270,0,0,0
0,67.90807,0,0,0,270,0,0,0
0,67.92026,0,0,0,270,0,0,0
0,67.93121,0,0,0,270,0,0,0
0,67.94144,0,0,0,270,0,0,0
0,67.95382,0,0,0,270,0,0,0
0,67.96325,0,0,0,270,0,0,0
0,67.97472,0,0,0,270,0,0,0
0,67.98551,0,0,0,270,0,0,0
0,67.99697,0,0,0,270,0,0,0
0,68.00799,0,0,0,270,0,0,0
0,68.01928,0,0,0,270,0,0,0
0,68.03124,0,0,0,270,0,0,0
0,68.04099,0,0,0,270,0,0,0
0,68.0527,0,0,0,270,0,0,0
0,68.06343,0,0,0,270,0,0,0
0,68.07492,0,0,0,270,0,0,0
0,68.08569,0,0,0,270,0,0,0
0,68.09699,0,0,0,270,0,0,0
0,68.10825,0,0,0,270,0,0,0
0,68.1191,0,0,0,270,0,0,0
0,68.13038,0,0,0,270,0,0,0
0,68.14141,0,0,0,270,0,0,0
0,68.15246,0,0,0,270,0,0,0
0,68.16315,0,0,0,270,0,0,0
0,68.17525,0,0,0,270,0,0,0
0,68.18567,0,0,0,270,0,0,0
0,68.19677,0,0,0,270,0,0,0
0,68.20747,0,0,0,270,0,0,0
0,68.21972,0,0,0,270,0,0,0
0,68.23049,0,0,0,270,0,0,0
0,68.241,0,0,0,270,0,0,0
0,68.25385,0,0,0,270,0,0,0
0,68.26324,0,0,0,270,0,0,0
0,68.27449,0,0,0,270,0,0,0
0,68.28522,0,0,0,270,0,0,0
0,68.29688,0,0,0,270,0,0,0
0,68.30732,0,0,0,270,0,0,0
0,68.31898,0,0,0,270,0,0,0
0,68.32954,0,0,0,270,0,0,0
0,68.34151,0,0,0,270,0,0,0
0,68.35255,0,0,0,270,0,0,0
0,68.36323,0,0,0,270,0,0,0
0,68.37463,0,0,0,270,0,0,0
0,68.38528,0,0,0,270,0,0,0
0,68.39647,0,0,0,270,0,0,0
0,68.40749,0,0,0,270,0,0,0
0,68.41884,0,0,0,270,0,0,0
0,68.42955,0,0,0,270,0,0,0
0,68.44131,0,0,0,270,0,0,0
0,68.4528,0,0,0,270,0,0,0
0,68.46333,0,0,0,270,0,0,0
0,68.47478,0,0,0,270,0,0,0
0,68.48577,0,0,0,270,0,0,0
0,68.49684,0,0,0,270,0,0,0
0,68.50742,0,0,0,270,0,0,0
0,68.51924,0,0,0,270,0,0,0
0,68.52981,0,0,0,270,0,0,0
0,68.54104,0,0,0,270,0,0,0
0,68.552,0,0,0,270,0,0,0
0,68.56351,0,0,0,270,0,0,0
0,68.57462,0,0,0,270,0,0,0
0,68.58511,0,0,0,270,0,0,0
0,68.59702,0,0,0,270,0,0,0
0,68.60744,0,0,0,270,0,0,0
0,68.61873,0,0,0,270,0,0,0
0,68.63096,0,0,0,270,0,0,0
0,68.64096,0,0,0,270,0,0,0
0,68.65196,0,0,0,270,0,0,0
0,68.66302,0,0,0,270,0,0,0
0,68.67449,0,0,0,270,0,0,0
0,68.68523,0,0,0,270,0,0,0
0,68.69671,0,0,0,270,0,0,0
0,68.70727,0,0,0,270,0,0,0
0,68.71946,0,0,0,270,0,0,0
0,68.72942,0,0,0,270,0,0,0
0,68.74126,0,0,0,270,0,0,0
0,68.75223,0,0,0,270,0,0,0
0,68.76354,0,0,0,270,0,0,0
0,68.77419,0,0,0,270,0,0,0
0,68.7851,0,0,0,270,0,0,0
0,68.79675,0,0,0,270,0,0,0
0,68.80722,0,0,0,270,0,0,0
0,68.8186,0,0,0,270,0,0,0
0,68.82955,0,0,0,270,0,0,0
0,68.84169,0,0,0,270,0,0,0
0,68.85213,0,0,0,270,0,0,0
0,68.86311,0,0,0,270,0,0,0
0,68.87466,0,0,0,270,0,0,0
0,68.8852,0,0,0,270,0,0,0
0,68.89684,0,0,0,270,0,0,0
0,68.90714,0,0,0,270,0,0,0
0,68.9185,0,0,0,270,0,0,0
0,68.92923,0,0,0,270,0,0,0
0,68.94106,0,0,0,270,0,0,0
0,68.95277,0,0,0,270,0,0,0
0,68.96315,0,0,0,270,0,0,0
0,68.97474,0,0,0,270,0,0,0
0,68.98569,0,0,0,270,0,0,0
0,68.99672,0,0,0,270,0,0,0
0,69.00758,0,0,0,270,0,0,0
0,69.01899,0,0,0,270,0,0,0
0,69.03044,0,0,0,270,0,0,0
0,69.0405,0,0,0,270,0,0,0
0,69.05249,0,0,0,270,0,0,0
0,69.06357,0,0,0,270,0,0,0
0,69.0746,0,0,0,270,0,0,0
0,69.0853,0,0,0,270,0,0,0
0,69.09704,0,0,0,270,0,0,0
0,69.1071,0,0,0,270,0,0,0
0,69.11871,0,0,0,270,0,0,0
0,69.12941,0,0,0,270,0,0,0
0,69.14164,0,0,0,270,0,0,0
0,69.15196,0,0,0,270,0,0,0
0,69.16331,0,0,0,270,0,0,0
0,69.17425,0,0,0,270,0,0,0
0,69.18509,0,0,0,270,0,0,0
0,69.1967,0,0,0,270,0,0,0
0,69.20719,0,0,0,270,0,0,0
0,69.21865,0,0,0,270,0,0,0
0,69.22931,0,0,0,270,0,0,0
0,69.24084,0,0,0,270,0,0,0
0,69.25195,0,0,0,270,0,0,0
0,69.26274,0,0,0,270,0,0,0
0,69.27472,0,0,0,270,0,0,0
0,69.28535,0,0,0,270,0,0,0
0,69.29644,0,0,0,270,0,0,0
0,69.3071,0,0,0,270,0,0,0
0,69.31898,0,0,0,270,0,0,0
0,69.32956,0,0,0,270,0,0,0
0,69.34077,0,0,0,270,0,0,0
0,69.35188,0,0,0,270,0,0,0
0,69.36266,0,0,0,270,0,0,0
0,69.37453,0,0,0,270,0,0,0
0,69.38478,0,0,0,270,0,0,0
0,69.39643,0,0,0,270,0,0,0
0,69.40723,0,0,0,270,0,0,0
0,69.41872,0,0,0,270,0,0,0
0,69.42928,0,0,0,270,0,0,0
0,69.441,0,0,0,270,0,0,0
0,69.45233,0,0,0,270,0,0,0
0,69.46249,0,0,0,270,0,0,0
0,69.47431,0,0,0,270,0,0,0
0,69.48577,0,0,0,270,0,0,0
0,69.4971,0,0,0,270,0,0,0
0,69.50715,0,0,0,270,0,0,0
0,69.51888,0,0,0,270,0,0,0
0,69.52922,0,0,0,270,0,0,0
0,69.54083,0,0,0,270,0,0,0
0,69.55194,0,0,0,270,0,0,0
0,69.56268,0,0,0,270,0,0,0
0,69.57395,0,0,0,270,0,0,0
0,69.58452,0,0,0,270,0,0,0
0,69.5963,0,0,0,270,0,0,0
0,69.60698,0,0,0,270,0,0,0
0,69.61842,0,0,0,270,0,0,0
0,69.62946,0,0,0,270,0,0,0
0,69.64055,0,0,0,270,0,0,0
0,69.65165,0,0,0,270,0,0,0
0,69.66247,0,0,0,270,0,0,0
0,69.67415,0,0,0,270,0,0,0
0,69.68461,0,0,0,270,0,0,0
0,69.69587,0,0,0,270,0,0,0
0,69.70695,0,0,0,270,0,0,0
0,69.71858,0,0,0,270,0,0,0
0,69.72915,0,0,0,270,0,0,0
0,69.74055,0,0,0,270,0,0,0
0,69.75199,0,0,0,270,0,0,0
0,69.76221,0,0,0,270,0,0,0
0,69.77377,0,0,0,270,0,0,0
0,69.78493,0,0,0,270,0,0,0
0,69.79643,0,0,0,270,0,0,0
0,69.80677,0,0,0,270,0,0,0
0,69.81891,0,0,0,270,0,0,0
0,69.82944,0,0,0,270,0,0,0
0,69.84079,0,0,0,270,0,0,0
0,69.85157,0,0,0,270,0,0,0
0,69.86237,0,0,0,270,0,0,0
0,69.87423,0,0,0,270,0,0,0
0,69.88454,0,0,0,270,0,0,0
0,69.8961,0,0,0,270,0,0,0
0,69.90671,0,0,0,270,0,0,0
0,69.91833,0,0,0,270,0,0,0
0,69.9291,0,0,0,270,0,0,0
0,69.9409,0,0,0,270,0,0,0
0,69.95155,0,0,0,270,0,0,0
0,69.9625,0,0,0,270,0,0,0
0,69.9743,0,0,0,270,0,0,0
0,69.98589,0,0,0,270,0,0,0
0,69.99663,0,0,0,270,0,0,0
0,70.00704,0,0,0,270,0,0,0
0,70.0191,0,0,0,270,0,0,0
0,70.02946,0,0,0,270,0,0,0
0,70.0407,0,0,0,270,0,0,0
0,70.05222,0,0,0,270,0,0,0
0,70.06261,0,0,0,270,0,0,0
0,70.07419,0,0,0,270,0,0,0
0,70.08501,0,0,0,270,0,0,0
0,70.09676,0,0,0,270,0,0,0
0,70.10692,0,0,0,270,0,0,0
0,70.11897,0,0,0,270,0,0,0
0,70.12923,0,0,0,270,0,0,0
0,70.14148,0,0,0,270,0,0,0
0,70.15208,0,0,0,270,0,0,0
0,70.16238,0,0,0,270,0,0,0
0,70.17442,0,0,0,270,0,0,0
0,70.1851,0,0,0,270,0,0,0
0,70.19608,0,0,0,270,0,0,0
0,70.20698,0,0,0,270,0,0,0
0,70.21858,0,0,0,270,0,0,0
0,70.22945,0,0,0,270,0,0,0
0,70.24106,0,0,0,270,0,0,0
0,70.25239,0,0,0,270,0,0,0
0,70.2626,0,0,0,270,0,0,0
0,70.27404,0,0,0,270,0,0,0
0,70.2851,0,0,0,270,0,0,0
0,70.29678,0,0,0,270,0,0,0
0,70.30774,0,0,0,270,0,0,0
0,70.31914,0,0,0,270,0,0,0
0,70.3296,0,0,0,270,0,0,0
0,70.34092,0,0,0,270,0,0,0
0,70.35182,0,0,0,270,0,0,0
0,70.36333,0,0,0,270,0,0,0
0,70.37431,0,0,0,270,0,0,0
0,70.38432,0,0,0,270,0,0,0
0,70.39602,0,0,0,270,0,0,0
0,70.40781,0,0,0,270,0,0,0
0,70.41849,0,0,0,270,0,0,0
0,70.42911,0,0,0,270,0,0,0
0,70.44093,0,0,0,270,0,0,0
0,70.45213,0,0,0,270,0,0,0
0,70.46243,0,0,0,270,0,0,0
0,70.47414,0,0,0,270,0,0,0
0,70.48476,0,0,0,270,0,0,0
0,70.49672,0,0,0,270,0,0,0
0,70.50754,0,0,0,270,0,0,0
0,70.51883,0,0,0,270,0,0,0
0,70.52924,0,0,0,270,0,0,0
0,70.5408,0,0,0,270,0,0,0
0,70.55178,0,0,0,270,0,0,0
0,70.56274,0,0,0,270,0,0,0
0,70.5747,0,0,0,270,0,0,0
0,70.58434,0,0,0,270,0,0,0
0,70.59615,0,0,0,270,0,0,0
0,70.60677,0,0,0,270,0,0,0
0,70.61803,0,0,0,270,0,0,0
0,70.62881,0,0,0,270,0,0,0
0,70.64086,0,0,0,270,0,0,0
0,70.65147,0,0,0,270,0,0,0
0,70.66208,0,0,0,270,0,0,0
0,70.67446,0,0,0,270,0,0,0
0,70.68425,0,0,0,270,0,0,0
0,70.69579,0,0,0,270,0,0,0
0,70.70654,0,0,0,270,0,0,0
0,70.71873,0,0,0,270,0,0,0
0,70.72867,0,0,0,270,0,0,0
0,70.74059,0,0,0,270,0,0,0
0,70.75127,0,0,0,270,0,0,0
0,70.76199,0,0,0,270,0,0,0
0,70.77425,0,0,0,270,0,0,0
0,70.78424,0,0,0,270,0,0,0
0,70.79607,0,0,0,270,0,0,0
0,70.80657,0,0,0,270,0,0,0
0,70.81781,0,0,0,270,0,0,0
0,70.82896,0,0,0,270,0,0,0
0,70.84002,0,0,0,270,0,0,0
0,70.85161,0,0,0,270,0,0,0
0,70.8624,0,0,0,270,0,0,0
0,70.87376,0,0,0,270,0,0,0
0,70.88428,0,0,0,270,0,0,0
0,70.89576,0,0,0,270,0,0,0
0,70.90648,0,0,0,270,0,0,0
0,70.91792,0,0,0,270,0,0,0
0,70.92857,0,0,0,270,0,0,0
0,70.9405,0,0,0,270,0,0,0
0,70.95124,0,0,0,270,0,0,0
0,70.96224,0,0,0,270,0,0,0
0,70.97344,0,0,0,270,0,0,0
0,70.98418,0,0,0,270,0,0,0
0,70.99561,0,0,0,270,0,0,0
0,71.00683,0,0,0,270,0,0,0
0,71.01846,0,0,0,270,0,0,0
0,71.02894,0,0,0,270,0,0,0
0,71.04023,0,0,0,270,0,0,0
0,71.05109,0,0,0,270,0,0,0
0,71.06264,0,0,0,270,0,0,0
0,71.07387,0,0,0,270,0,0,0
0,71.08417,0,0,0,270,0,0,0
0,71.09673,0,0,0,270,0,0,0
0,71.10632,0,0,0,270,0,0,0
0,71.11774,0,0,0,270,0,0,0
0,71.12846,0,0,0,270,0,0,0
0,71.14004,0,0,0,270,0,0,0
0,71.15099,0,0,0,270,0,0,0
0,71.1618,0,0,0,270,0,0,0
0,71.17403,0,0,0,270,0,0,0
0,71.18413,0,0,0,270,0,0,0
0,71.19559,0,0,0,270,0,0,0
0,71.20634,0,0,0,270,0,0,0
0,71.21841,0,0,0,270,0,0,0
0,71.22839,0,0,0,270,0,0,0
0,71.24026,0,0,0,270,0,0,0
0,71.25158,0,0,0,270,0,0,0
0,71.26221,0,0,0,270,0,0,0
0,71.27343,0,0,0,270,0,0,0
0,71.28429,0,0,0,270,0,0,0
0,71.29584,0,0,0,270,0,0,0
0,71.30641,0,0,0,270,0,0,0
0,71.31794,0,0,0,270,0,0,0
0,71.32912,0,0,0,270,0,0,0
0,71.3401,0,0,0,270,0,0,0
0,71.35177,0,0,0,270,0,0,0
0,71.36204,0,0,0,270,0,0,0
0,71.37355,0,0,0,270,0,0,0
0,71.38396,0,0,0,270,0,0,0
0,71.39573,0,0,0,270,0,0,0
0,71.40632,0,0,0,270,0,0,0
0,71.4175,0,0,0,270,0,0,0
0,71.42823,0,0,0,270,0,0,0
0,71.44003,0,0,0,270,0,0,0
0,71.45081,0,0,0,270,0,0,0
0,71.46216,0,0,0,270,0,0,0
0,71.47349,0,0,0,270,0,0,0
0,71.48431,0,0,0,270,0,0,0
0,71.49577,0,0,0,270,0,0,0
0,71.50639,0,0,0,270,0,0,0
0,71.5182,0,0,0,270,0,0,0
0,71.52897,0,0,0,270,0,0,0
0,71.54049,0,0,0,270,0,0,0
0,71.551,0,0,0,270,0,0,0
0,71.56213,0,0,0,270,0,0,0
0,71.57314,0,0,0,270,0,0,0
0,71.58383,0,0,0,270,0,0,0
0,71.59556,0,0,0,270,0,0,0
0,71.60587,0,0,0,270,0,0,0
0,71.61748,0,0,0,270,0,0,0
0,71.62858,0,0,0,270,0,0,0
0,71.63972,0,0,0,270,0,0,0
0,71.65095,0,0,0,270,0,0,0
0,71.66167,0,0,0,270,0,0,0
0,71.67339,0,0,0,270,0,0,0
0,71.68385,0,0,0,270,0,0,0
0,71.69578,0,0,0,270,0,0,0
0,71.70599,0,0,0,270,0,0,0
0,71.71767,0,0,0,270,0,0,0
0,71.72833,0,0,0,270,0,0,0
0,71.74003,0,0,0,270,0,0,0
0,71.75058,0,0,0,270,0,0,0
0,71.76143,0,0,0,270,0,0,0
0,71.77308,0,0,0,270,0,0,0
0,71.78374,0,0,0,270,0,0,0
0,71.79501,0,0,0,270,0,0,0
0,71.80588,0,0,0,270,0,0,0
0,71.8178,0,0,0,270,0,0,0
0,71.82842,0,0,0,270,0,0,0
0,71.83967,0,0,0,270,0,0,0
0,71.85115,0,0,0,270,0,0,0
0,71.86205,0,0,0,270,0,0,0
0,71.87325,0,0,0,270,0,0,0
0,71.88403,0,0,0,270,0,0,0
0,71.89529,0,0,0,270,0,0,0
0,71.90646,0,0,0,270,0,0,0
0,71.9175,0,0,0,270,0,0,0
0,71.92807,0,0,0,270,0,0,0
0,71.93977,0,0,0,270,0,0,0
0,71.95079,0,0,0,270,0,0,0
0,71.96145,0,0,0,270,0,0,0
0,71.97302,0,0,0,270,0,0,0
0,71.98378,0,0,0,270,0,0,0
0,71.99522,0,0,0,270,0,0,0
0,72.00584,0,0,0,270,0,0,0
0,72.01835,0,0,0,270,0,0,0
0,72.02832,0,0,0,270,0,0,0
0,72.03979,0,0,0,270,0,0,0
0,72.051,0,0,0,270,0,0,0
0,72.06237,0,0,0,270,0,0,0
0,72.07331,0,0,0,270,0,0,0
0,72.08392,0,0,0,270,0,0,0
0,72.09527,0,0,0,270,0,0,0
0,72.10596,0,0,0,270,0,0,0
0,72.11756,0,0,0,270,0,0,0
0,72.12854,0,0,0,270,0,0,0
0,72.14017,0,0,0,270,0,0,0
0,72.1508,0,0,0,270,0,0,0
0,72.16145,0,0,0,270,0,0,0
0,72.17352,0,0,0,270,0,0,0
0,72.18379,0,0,0,270,0,0,0
0,72.19571,0,0,0,270,0,0,0
0,72.20605,0,0,0,270,0,0,0
0,72.21746,0,0,0,270,0,0,0
0,72.22822,0,0,0,270,0,0,0
0,72.23965,0,0,0,270,0,0,0
0,72.25131,0,0,0,270,0,0,0
0,72.26144,0,0,0,270,0,0,0
0,72.27285,0,0,0,270,0,0,0
0,72.28362,0,0,0,270,0,0,0
0,72.29517,0,0,0,270,0,0,0
0,72.30637,0,0,0,270,0,0,0
0,72.31741,0,0,0,270,0,0,0
0,72.32847,0,0,0,270,0,0,0
0,72.34024,0,0,0,270,0,0,0
0,72.35078,0,0,0,270,0,0,0
0,72.36158,0,0,0,270,0,0,0
0,72.37293,0,0,0,270,0,0,0
0,72.38349,0,0,0,270,0,0,0
0,72.39511,0,0,0,270,0,0,0
0,72.40594,0,0,0,270,0,0,0
0,72.41701,0,0,0,270,0,0,0
0,72.42802,0,0,0,270,0,0,0
0,72.43997,0,0,0,270,0,0,0
0,72.45061,0,0,0,270,0,0,0
0,72.46117,0,0,0,270,0,0,0
0,72.4727,0,0,0,270,0,0,0
0,72.48409,0,0,0,270,0,0,0
0,72.49477,0,0,0,270,0,0,0
0,72.5057,0,0,0,270,0,0,0
0,72.5179,0,0,0,270,0,0,0
0,72.52795,0,0,0,270,0,0,0
0,72.53993,0,0,0,270,0,0,0
0,72.55167,0,0,0,270,0,0,0
0,72.56192,0,0,0,270,0,0,0
0,72.57272,0,0,0,270,0,0,0
0,72.5835,0,0,0,270,0,0,0
0,72.59518,0,0,0,270,0,0,0
0,72.60564,0,0,0,270,0,0,0
0,72.61691,0,0,0,270,0,0,0
0,72.62784,0,0,0,270,0,0,0
0,72.63954,0,0,0,270,0,0,0
0,72.65051,0,0,0,270,0,0,0
0,72.66105,0,0,0,270,0,0,0
0,72.6731,0,0,0,270,0,0,0
0,72.68359,0,0,0,270,0,0,0
0,72.69479,0,0,0,270,0,0,0
0,72.70589,0,0,0,270,0,0,0
0,72.71686,0,0,0,270,0,0,0
0,72.72803,0,0,0,270,0,0,0
0,72.73928,0,0,0,270,0,0,0
0,72.75076,0,0,0,270,0,0,0
0,72.76127,0,0,0,270,0,0,0
0,72.77247,0,0,0,270,0,0,0
0,72.78358,0,0,0,270,0,0,0
0,72.79468,0,0,0,270,0,0,0
0,72.8054,0,0,0,270,0,0,0
0,72.81682,0,0,0,270,0,0,0
0,72.82767,0,0,0,270,0,0,0
0,72.83942,0,0,0,270,0,0,0
0,72.8506,0,0,0,270,0,0,0
0,72.8615,0,0,0,270,0,0,0
0,72.87256,0,0,0,270,0,0,0
0,72.88316,0,0,0,270,0,0,0
0,72.89481,0,0,0,270,0,0,0
0,72.90584,0,0,0,270,0,0,0
0,72.91685,0,0,0,270,0,0,0
0,72.92764,0,0,0,270,0,0,0
0,72.93944,0,0,0,270,0,0,0
0,72.94978,0,0,0,270,0,0,0
0,72.96133,0,0,0,270,0,0,0
0,72.97265,0,0,0,270,0,0,0
0,72.98315,0,0,0,270,0,0,0
0,72.99451,0,0,0,270,0,0,0
0,73.00539,0,0,0,270,0,0,0
0,73.01691,0,0,0,270,0,0,0
0,73.02767,0,0,0,270,0,0,0
0,73.03892,0,0,0,270,0,0,0
0,73.05077,0,0,0,270,0,0,0
0,73.06219,0,0,0,270,0,0,0
0,73.07277,0,0,0,270,0,0,0
0,73.08323,0,0,0,270,0,0,0
0,73.09483,0,0,0,270,0,0,0
0,73.1053,0,0,0,270,0,0,0
0,73.11691,0,0,0,270,0,0,0
0,73.12768,0,0,0,270,0,0,0
0,73.13888,0,0,0,270,0,0,0
0,73.15047,0,0,0,270,0,0,0
0,73.16134,0,0,0,270,0,0,0
0,73.17271,0,0,0,270,0,0,0
0,73.18303,0,0,0,270,0,0,0
0,73.19472,0,0,0,270,0,0,0
0,73.20534,0,0,0,270,0,0,0
0,73.21718,0,0,0,270,0,0,0
0,73.22794,0,0,0,270,0,0,0
0,73.23933,0,0,0,270,0,0,0
0,73.24969,0,0,0,270,0,0,0
0,73.26127,0,0,0,270,0,0,0
0,73.27241,0,0,0,270,0,0,0
0,73.28327,0,0,0,270,0,0,0
0,73.29463,0,0,0,270,0,0,0
0,73.30527,0,0,0,270,0,0,0
0,73.31682,0,0,0,270,0,0,0
0,73.32814,0,0,0,270,0,0,0
0,73.33894,0,0,0,270,0,0,0
0,73.35049,0,0,0,270,0,0,0
0,73.36124,0,0,0,270,0,0,0
0,73.37266,0,0,0,270,0,0,0
0,73.38306,0,0,0,270,0,0,0
0,73.3947,0,0,0,270,0,0,0
0,73.40564,0,0,0,270,0,0,0
0,73.41648,0,0,0,270,0,0,0
0,73.42746,0,0,0,270,0,0,0
0,73.43898,0,0,0,270,0,0,0
0,73.45032,0,0,0,270,0,0,0
0,73.46103,0,0,0,270,0,0,0
0,73.47243,0,0,0,270,0,0,0
0,73.4836,0,0,0,270,0,0,0
0,73.49471,0,0,0,270,0,0,0
0,73.50517,0,0,0,270,0,0,0
0,73.51717,0,0,0,270,0,0,0
0,73.52724,0,0,0,270,0,0,0
0,73.5386,0,0,0,270,0,0,0
0,73.55074,0,0,0,270,0,0,0
0,73.56134,0,0,0,270,0,0,0
0,73.57281,0,0,0,270,0,0,0
0,73.58296,0,0,0,270,0,0,0
0,73.59469,0,0,0,270,0,0,0
0,73.60512,0,0,0,270,0,0,0
0,73.61671,0,0,0,270,0,0,0
0,73.62726,0,0,0,270,0,0,0
0,73.63876,0,0,0,270,0,0,0
0,73.64931,0,0,0,270,0,0,0
0,73.66107,0,0,0,270,0,0,0
0,73.67277,0,0,0,270,0,0,0
0,73.68274,0,0,0,270,0,0,0
0,73.69476,0,0,0,270,0,0,0
0,73.7055,0,0,0,270,0,0,0
0,73.71658,0,0,0,270,0,0,0
0,73.72713,0,0,0,270,0,0,0
0,73.7393,0,0,0,270,0,0,0
0,73.74957,0,0,0,270,0,0,0
0,73.7609,0,0,0,270,0,0,0
0,73.77198,0,0,0,270,0,0,0
0,73.78275,0,0,0,270,0,0,0
0,73.79436,0,0,0,270,0,0,0
0,73.80517,0,0,0,270,0,0,0
0,73.81647,0,0,0,270,0,0,0
0,73.82736,0,0,0,270,0,0,0
0,73.83902,0,0,0,270,0,0,0
0,73.84933,0,0,0,270,0,0,0
0,73.86118,0,0,0,270,0,0,0
0,73.87196,0,0,0,270,0,0,0
0,73.88275,0,0,0,270,0,0,0
0,73.89452,0,0,0,270,0,0,0
0,73.90552,0,0,0,270,0,0,0
0,73.91635,0,0,0,270,0,0,0
0,73.92736,0,0,0,270,0,0,0
0,73.93885,0,0,0,270,0,0,0
0,73.94937,0,0,0,270,0,0,0
0,73.96082,0,0,0,270,0,0,0
0,73.97215,0,0,0,270,0,0,0
0,73.98341,0,0,0,270,0,0,0
0,73.9941,0,0,0,270,0,0,0
0,74.00512,0,0,0,270,0,0,0
0,74.01665,0,0,0,270,0,0,0
0,74.02706,0,0,0,270,0,0,0
0,74.03854,0,0,0,270,0,0,0
0,74.04922,0,0,0,270,0,0,0
0,74.06092,0,0,0,270,0,0,0
0,74.07207,0,0,0,270,0,0,0
0,74.08298,0,0,0,270,0,0,0
0,74.09457,0,0,0,270,0,0,0
0,74.1054,0,0,0,270,0,0,0
0,74.11685,0,0,0,270,0,0,0
0,74.12734,0,0,0,270,0,0,0
0,74.13911,0,0,0,270,0,0,0
0,74.14935,0,0,0,270,0,0,0
0,74.16146,0,0,0,270,0,0,0
0,74.17214,0,0,0,270,0,0,0
0,74.18275,0,0,0,270,0,0,0
0,74.19463,0,0,0,270,0,0,0
0,74.20495,0,0,0,270,0,0,0
0,74.21702,0,0,0,270,0,0,0
0,74.22746,0,0,0,270,0,0,0
0,74.23888,0,0,0,270,0,0,0
0,74.24973,0,0,0,270,0,0,0
0,74.26095,0,0,0,270,0,0,0
0,74.27184,0,0,0,270,0,0,0
0,74.28287,0,0,0,270,0,0,0
0,74.29431,0,0,0,270,0,0,0
0,74.30511,0,0,0,270,0,0,0
0,74.31651,0,0,0,270,0,0,0
0,74.32732,0,0,0,270,0,0,0
0,74.33865,0,0,0,270,0,0,0
0,74.3494,0,0,0,270,0,0,0
0,74.36098,0,0,0,270,0,0,0
0,74.37198,0,0,0,270,0,0,0
0,74.38333,0,0,0,270,0,0,0
0,74.3947,0,0,0,270,0,0,0
0,74.40489,0,0,0,270,0,0,0
0,74.41673,0,0,0,270,0,0,0
0,74.4273,0,0,0,270,0,0,0
0,74.43874,0,0,0,270,0,0,0
0,74.44925,0,0,0,270,0,0,0
0,74.46061,0,0,0,270,0,0,0
0,74.47179,0,0,0,270,0,0,0
0,74.4828,0,0,0,270,0,0,0
0,74.49419,0,0,0,270,0,0,0
0,74.50521,0,0,0,270,0,0,0
0,74.51612,0,0,0,270,0,0,0
0,74.52714,0,0,0,270,0,0,0
0,74.53835,0,0,0,270,0,0,0
0,74.54948,0,0,0,270,0,0,0
0,74.56064,0,0,0,270,0,0,0
0,74.57169,0,0,0,270,0,0,0
0,74.58244,0,0,0,270,0,0,0
0,74.59517,0,0,0,270,0,0,0
0,74.6048,0,0,0,270,0,0,0
0,74.61675,0,0,0,270,0,0,0
0,74.62721,0,0,0,270,0,0,0
0,74.63831,0,0,0,270,0,0,0
0,74.64901,0,0,0,270,0,0,0
0,74.66066,0,0,0,270,0,0,0
0,74.67216,0,0,0,270,0,0,0
0,74.68239,0,0,0,270,0,0,0
0,74.69394,0,0,0,270,0,0,0
0,74.70477,0,0,0,270,0,0,0
0,74.71648,0,0,0,270,0,0,0
0,74.72684,0,0,0,270,0,0,0
0,74.7383,0,0,0,270,0,0,0
0,74.74901,0,0,0,270,0,0,0
0,74.76083,0,0,0,270,0,0,0
0,74.77164,0,0,0,270,0,0,0
0,74.78246,0,0,0,270,0,0,0
0,74.79393,0,0,0,270,0,0,0
0,74.80469,0,0,0,270,0,0,0
0,74.81638,0,0,0,270,0,0,0
0,74.82748,0,0,0,270,0,0,0
0,74.83837,0,0,0,270,0,0,0
0,74.8489,0,0,0,270,0,0,0
0,74.86086,0,0,0,270,0,0,0
0,74.87137,0,0,0,270,0,0,0
0,74.88226,0,0,0,270,0,0,0
0,74.89394,0,0,0,270,0,0,0
0,74.90453,0,0,0,270,0,0,0
0,74.91607,0,0,0,270,0,0,0
0,74.92686,0,0,0,270,0,0,0
0,74.93873,0,0,0,270,0,0,0
0,74.94939,0,0,0,270,0,0,0
0,74.96043,0,0,0,270,0,0,0
0,74.97177,0,0,0,270,0,0,0
0,74.98257,0,0,0,270,0,0,0
0,74.99393,0,0,0,270,0,0,0
0,75.00475,0,0,0,270,0,0,0
0,75.01633,0,0,0,270,0,0,0
0,75.02657,0,0,0,270,0,0,0
0,75.03842,0,0,0,270,0,0,0
0,75.04884,0,0,0,270,0,0,0
0,75.06023,0,0,0,270,0,0,0
0,75.07137,0,0,0,270,0,0,0
0,75.08253,0,0,0,270,0,0,0
0,75.09406,0,0,0,270,0,0,0
0,75.10438,0,0,0,270,0,0,0
0,75.11665,0,0,0,270,0,0,0
0,75.12769,0,0,0,270,0,0,0
0,75.13873,0,0,0,270,0,0,0
0,75.14912,0,0,0,270,0,0,0
0,75.16163,0,0,0,270,0,0,0
0,75.17152,0,0,0,270,0,0,0
0,75.18243,0,0,0,270,0,0,0
0,75.19385,0,0,0,270,0,0,0
0,75.20501,0,0,0,270,0,0,0
0,75.21581,0,0,0,270,0,0,0
0,75.2267,0,0,0,270,0,0,0
0,75.23858,0,0,0,270,0,0,0
0,75.24939,0,0,0,270,0,0,0
0,75.26069,0,0,0,270,0,0,0
0,75.27181,0,0,0,270,0,0,0
0,75.28272,0,0,0,270,0,0,0
0,75.29388,0,0,0,270,0,0,0
0,75.30447,0,0,0,270,0,0,0
0,75.31616,0,0,0,270,0,0,0
0,75.3268,0,0,0,270,0,0,0
0,75.33829,0,0,0,270,0,0,0
0,75.34897,0,0,0,270,0,0,0
0,75.36095,0,0,0,270,0,0,0
0,75.37167,0,0,0,270,0,0,0
0,75.38255,0,0,0,270,0,0,0
0,75.39405,0,0,0,270,0,0,0
0,75.40561,0,0,0,270,0,0,0
0,75.41621,0,0,0,270,0,0,0
0,75.42685,0,0,0,270,0,0,0
0,75.43838,0,0,0,270,0,0,0
0,75.4492,0,0,0,270,0,0,0
0,75.46053,0,0,0,270,0,0,0
0,75.47205,0,0,0,270,0,0,0
0,75.48215,0,0,0,270,0,0,0
0,75.49365,0,0,0,270,0,0,0
0,75.50465,0,0,0,270,0,0,0
0,75.51649,0,0,0,270,0,0,0
0,75.52681,0,0,0,270,0,0,0
0,75.53866,0,0,0,270,0,0,0
0,75.54912,0,0,0,270,0,0,0
0,75.56055,0,0,0,270,0,0,0
0,75.57191,0,0,0,270,0,0,0
0,75.58262,0,0,0,270,0,0,0
0,75.59425,0,0,0,270,0,0,0
0,75.60514,0,0,0,270,0,0,0
0,75.61634,0,0,0,270,0,0,0
0,75.62656,0,0,0,270,0,0,0
0,75.63929,0,0,0,270,0,0,0
0,75.64858,0,0,0,270,0,0,0
0,75.66072,0,0,0,270,0,0,0
0,75.67193,0,0,0,270,0,0,0
0,75.68252,0,0,0,270,0,0,0
0,75.69364,0,0,0,270,0,0,0
0,75.70428,0,0,0,270,0,0,0
0,75.71571,0,0,0,270,0,0,0
0,75.72678,0,0,0,270,0,0,0
0,75.73875,0,0,0,270,0,0,0
0,75.74861,0,0,0,270,0,0,0
0,75.76037,0,0,0,270,0,0,0
0,75.77161,0,0,0,270,0,0,0
0,75.78215,0,0,0,270,0,0,0
0,75.7936,0,0,0,270,0,0,0
0,75.80478,0,0,0,270,0,0,0
0,75.8164,0,0,0,270,0,0,0
0,75.82641,0,0,0,270,0,0,0
0,75.83812,0,0,0,270,0,0,0
0,75.84885,0,0,0,270,0,0,0
0,75.86068,0,0,0,270,0,0,0
0,75.87151,0,0,0,270,0,0,0
0,75.88219,0,0,0,270,0,0,0
0,75.89349,0,0,0,270,0,0,0
0,75.90419,0,0,0,270,0,0,0
0,75.91553,0,0,0,270,0,0,0
0,75.9264,0,0,0,270,0,0,0
0,75.93796,0,0,0,270,0,0,0
0,75.94844,0,0,0,270,0,0,0
0,75.96069,0,0,0,270,0,0,0
0,75.9724,0,0,0,270,0,0,0
0,75.98206,0,0,0,270,0,0,0
0,75.99337,0,0,0,270,0,0,0
0,76.00415,0,0,0,270,0,0,0
0,76.0154,0,0,0,270,0,0,0
0,76.02616,0,0,0,270,0,0,0
0,76.0378,0,0,0,270,0,0,0
0,76.04851,0,0,0,270,0,0,0
0,76.06006,0,0,0,270,0,0,0
0,76.07186,0,0,0,270,0,0,0
0,76.08211,0,0,0,270,0,0,0
0,76.09319,0,0,0,270,0,0,0
0,76.10394,0,0,0,270,0,0,0
0,76.11555,0,0,0,270,0,0,0
0,76.12616,0,0,0,270,0,0,0
0,76.13776,0,0,0,270,0,0,0
0,76.14863,0,0,0,270,0,0,0
0,76.16086,0,0,0,270,0,0,0
0,76.1713,0,0,0,270,0,0,0
0,76.18192,0,0,0,270,0,0,0
0,76.19456,0,0,0,270,0,0,0
0,76.20434,0,0,0,270,0,0,0
0,76.21571,0,0,0,270,0,0,0
0,76.22631,0,0,0,270,0,0,0
0,76.2383,0,0,0,270,0,0,0
0,76.24845,0,0,0,270,0,0,0
0,76.26015,0,0,0,270,0,0,0
0,76.27101,0,0,0,270,0,0,0
0,76.28208,0,0,0,270,0,0,0
0,76.29369,0,0,0,270,0,0,0
0,76.30412,0,0,0,270,0,0,0
0,76.31631,0,0,0,270,0,0,0
0,76.32616,0,0,0,270,0,0,0
0,76.33771,0,0,0,270,0,0,0
0,76.34854,0,0,0,270,0,0,0
0,76.36053,0,0,0,270,0,0,0
0,76.37126,0,0,0,270,0,0,0
0,76.38176,0,0,0,270,0,0,0
0,76.39317,0,0,0,270,0,0,0
0,76.40438,0,0,0,270,0,0,0
0,76.41582,0,0,0,270,0,0,0
0,76.42643,0,0,0,270,0,0,0
0,76.43795,0,0,0,270,0,0,0
0,76.44853,0,0,0,270,0,0,0
0,76.45972,0,0,0,270,0,0,0
0,76.47118,0,0,0,270,0,0,0
0,76.48169,0,0,0,270,0,0,0
0,76.49339,0,0,0,270,0,0,0
0,76.50388,0,0,0,270,0,0,0
0,76.5155,0,0,0,270,0,0,0
0,76.52618,0,0,0,270,0,0,0
0,76.5375,0,0,0,270,0,0,0
0,76.54871,0,0,0,270,0,0,0
0,76.55972,0,0,0,270,0,0,0
0,76.571,0,0,0,270,0,0,0
0,76.58153,0,0,0,270,0,0,0
0,76.59282,0,0,0,270,0,0,0
0,76.60369,0,0,0,270,0,0,0
0,76.61559,0,0,0,270,0,0,0
0,76.62663,0,0,0,270,0,0,0
0,76.63765,0,0,0,270,0,0,0
0,76.64857,0,0,0,270,0,0,0
0,76.65966,0,0,0,270,0,0,0
0,76.67118,0,0,0,270,0,0,0
0,76.68149,0,0,0,270,0,0,0
0,76.69375,0,0,0,270,0,0,0
0,76.70433,0,0,0,270,0,0,0
0,76.71555,0,0,0,270,0,0,0
0,76.72599,0,0,0,270,0,0,0
0,76.73766,0,0,0,270,0,0,0
0,76.74847,0,0,0,270,0,0,0
0,76.7598,0,0,0,270,0,0,0
0,76.77094,0,0,0,270,0,0,0
0,76.78181,0,0,0,270,0,0,0
0,76.79292,0,0,0,270,0,0,0
0,76.80389,0,0,0,270,0,0,0
0,76.81539,0,0,0,270,0,0,0
0,76.82617,0,0,0,270,0,0,0
0,76.83766,0,0,0,270,0,0,0
0,76.84818,0,0,0,270,0,0,0
0,76.86013,0,0,0,270,0,0,0
0,76.87052,0,0,0,270,0,0,0
0,76.88137,0,0,0,270,0,0,0
0,76.89356,0,0,0,270,0,0,0
0,76.90368,0,0,0,270,0,0,0
0,76.91541,0,0,0,270,0,0,0
0,76.92615,0,0,0,270,0,0,0
0,76.93775,0,0,0,270,0,0,0
0,76.94836,0,0,0,270,0,0,0
0,76.95953,0,0,0,270,0,0,0
0,76.97066,0,0,0,270,0,0,0
0,76.98132,0,0,0,270,0,0,0
0,76.99315,0,0,0,270,0,0,0
0,77.00379,0,0,0,270,0,0,0
0,77.01566,0,0,0,270,0,0,0
0,77.02621,0,0,0,270,0,0,0
0,77.03752,0,0,0,270,0,0,0
0,77.04849,0,0,0,270,0,0,0
0,77.05942,0,0,0,270,0,0,0
0,77.07036,0,0,0,270,0,0,0
0,77.08136,0,0,0,270,0,0,0
0,77.09267,0,0,0,270,0,0,0
0,77.10347,0,0,0,270,0,0,0
0,77.11526,0,0,0,270,0,0,0
0,77.12589,0,0,0,270,0,0,0
0,77.1375,0,0,0,270,0,0,0
0,77.14801,0,0,0,270,0,0,0
0,77.15957,0,0,0,270,0,0,0
0,77.17066,0,0,0,270,0,0,0
0,77.18144,0,0,0,270,0,0,0
0,77.19346,0,0,0,270,0,0,0
0,77.20477,0,0,0,270,0,0,0
0,77.21533,0,0,0,270,0,0,0
0,77.22607,0,0,0,270,0,0,0
0,77.23727,0,0,0,270,0,0,0
0,77.24802,0,0,0,270,0,0,0
0,77.25972,0,0,0,270,0,0,0
0,77.27058,0,0,0,270,0,0,0
0,77.2815,0,0,0,270,0,0,0
0,77.29288,0,0,0,270,0,0,0
0,77.30367,0,0,0,270,0,0,0
0,77.31541,0,0,0,270,0,0,0
0,77.32587,0,0,0,270,0,0,0
0,77.33723,0,0,0,270,0,0,0
0,77.34813,0,0,0,270,0,0,0
0,77.3597,0,0,0,270,0,0,0
0,77.3706,0,0,0,270,0,0,0
0,77.38145,0,0,0,270,0,0,0
0,77.39264,0,0,0,270,0,0,0
0,77.40372,0,0,0,270,0,0,0
0,77.41511,0,0,0,270,0,0,0
0,77.42579,0,0,0,270,0,0,0
0,77.43826,0,0,0,270,0,0,0
0,77.44806,0,0,0,270,0,0,0
0,77.45938,0,0,0,270,0,0,0
0,77.47066,0,0,0,270,0,0,0
0,77.4823,0,0,0,270,0,0,0
0,77.49288,0,0,0,270,0,0,0
0,77.50369,0,0,0,270,0,0,0
0,77.51529,0,0,0,270,0,0,0
0,77.5256,0,0,0,270,0,0,0
0,77.53748,0,0,0,270,0,0,0
0,77.54816,0,0,0,270,0,0,0
0,77.55919,0,0,0,270,0,0,0
0,77.57037,0,0,0,270,0,0,0
0,77.58133,0,0,0,270,0,0,0
0,77.59294,0,0,0,270,0,0,0
0,77.60323,0,0,0,270,0,0,0
0,77.61549,0,0,0,270,0,0,0
0,77.6257,0,0,0,270,0,0,0
0,77.63763,0,0,0,270,0,0,0
0,77.64804,0,0,0,270,0,0,0
0,77.65942,0,0,0,270,0,0,0
0,77.67033,0,0,0,270,0,0,0
0,77.68111,0,0,0,270,0,0,0
0,77.69254,0,0,0,270,0,0,0
0,77.70315,0,0,0,270,0,0,0
0,77.71488,0,0,0,270,0,0,0
0,77.72542,0,0,0,270,0,0,0
0,77.73679,0,0,0,270,0,0,0
0,77.7477,0,0,0,270,0,0,0
0,77.75965,0,0,0,270,0,0,0
0,77.77055,0,0,0,270,0,0,0
0,77.78124,0,0,0,270,0,0,0
0,77.79244,0,0,0,270,0,0,0
0,77.80326,0,0,0,270,0,0,0
0,77.81499,0,0,0,270,0,0,0
0,77.8253,0,0,0,270,0,0,0
0,77.8371,0,0,0,270,0,0,0
0,77.84754,0,0,0,270,0,0,0
0,77.85899,0,0,0,270,0,0,0
0,77.87033,0,0,0,270,0,0,0
0,77.88127,0,0,0,270,0,0,0
0,77.89316,0,0,0,270,0,0,0
0,77.90319,0,0,0,270,0,0,0
0,77.91457,0,0,0,270,0,0,0
0,77.92551,0,0,0,270,0,0,0
0,77.93746,0,0,0,270,0,0,0
0,77.94763,0,0,0,270,0,0,0
0,77.95911,0,0,0,270,0,0,0
0,77.9706,0,0,0,270,0,0,0
0,77.98149,0,0,0,270,0,0,0
0,77.9927,0,0,0,270,0,0,0
0,78.00346,0,0,0,270,0,0,0
0,78.01456,0,0,0,270,0,0,0
0,78.02558,0,0,0,270,0,0,0
0,78.037,0,0,0,270,0,0,0
0,78.04771,0,0,0,270,0,0,0
0,78.05902,0,0,0,270,0,0,0
0,78.07037,0,0,0,270,0,0,0
0,78.0809,0,0,0,270,0,0,0
0,78.09294,0,0,0,270,0,0,0
0,78.10306,0,0,0,270,0,0,0
0,78.11475,0,0,0,270,0,0,0
0,78.12607,0,0,0,270,0,0,0
0,78.13682,0,0,0,270,0,0,0
0,78.14757,0,0,0,270,0,0,0
0,78.15979,0,0,0,270,0,0,0
0,78.17046,0,0,0,270,0,0,0
0,78.18091,0,0,0,270,0,0,0
0,78.19289,0,0,0,270,0,0,0
0,78.20321,0,0,0,270,0,0,0
0,78.21494,0,0,0,270,0,0,0
0,78.22611,0,0,0,270,0,0,0
0,78.23783,0,0,0,270,0,0,0
0,78.24754,0,0,0,270,0,0,0
0,78.25923,0,0,0,270,0,0,0
0,78.26978,0,0,0,270,0,0,0
0,78.28176,0,0,0,270,0,0,0
0,78.29227,0,0,0,270,0,0,0
0,78.30309,0,0,0,270,0,0,0
0,78.31483,0,0,0,270,0,0,0
0,78.32558,0,0,0,270,0,0,0
0,78.33727,0,0,0,270,0,0,0
0,78.34761,0,0,0,270,0,0,0
0,78.35907,0,0,0,270,0,0,0
0,78.36958,0,0,0,270,0,0,0
0,78.38138,0,0,0,270,0,0,0
0,78.39277,0,0,0,270,0,0,0
0,78.40317,0,0,0,270,0,0,0
0,78.41465,0,0,0,270,0,0,0
0,78.42551,0,0,0,270,0,0,0
0,78.43703,0,0,0,270,0,0,0
0,78.44778,0,0,0,270,0,0,0
0,78.45978,0,0,0,270,0,0,0
0,78.47083,0,0,0,270,0,0,0
0,78.48136,0,0,0,270,0,0,0
0,78.49268,0,0,0,270,0,0,0
0,78.50339,0,0,0,270,0,0,0
0,78.51466,0,0,0,270,0,0,0
0,78.52554,0,0,0,270,0,0,0
0,78.53691,0,0,0,270,0,0,0
0,78.54829,0,0,0,270,0,0,0
0,78.55956,0,0,0,270,0,0,0
0,78.57046,0,0,0,270,0,0,0
0,78.5811,0,0,0,270,0,0,0
0,78.59247,0,0,0,270,0,0,0
0,78.60299,0,0,0,270,0,0,0
0,78.61446,0,0,0,270,0,0,0
0,78.62504,0,0,0,270,0,0,0
0,78.63677,0,0,0,270,0,0,0
0,78.64758,0,0,0,270,0,0,0
0,78.6595,0,0,0,270,0,0,0
0,78.66954,0,0,0,270,0,0,0
0,78.68405,0,0,0,270,0,0,0
0,78.6923,0,0,0,270,0,0,0
0,78.70299,0,0,0,270,0,0,0
0,78.71449,0,0,0,270,0,0,0
0,78.72498,0,0,0,270,0,0,0
0,78.73654,0,0,0,270,0,0,0
0,78.7477,0,0,0,270,0,0,0
0,78.75884,0,0,0,270,0,0,0
0,78.76952,0,0,0,270,0,0,0
0,78.78188,0,0,0,270,0,0,0
0,78.79239,0,0,0,270,0,0,0
0,78.80286,0,0,0,270,0,0,0
0,78.8148,0,0,0,270,0,0,0
0,78.82495,0,0,0,270,0,0,0
0,78.83642,0,0,0,270,0,0,0
0,78.84722,0,0,0,270,0,0,0
0,78.85907,0,0,0,270,0,0,0
0,78.86944,0,0,0,270,0,0,0
0,78.88084,0,0,0,270,0,0,0
0,78.89302,0,0,0,270,0,0,0
0,78.90295,0,0,0,270,0,0,0
0,78.91437,0,0,0,270,0,0,0
0,78.92519,0,0,0,270,0,0,0
0,78.93693,0,0,0,270,0,0,0
0,78.94734,0,0,0,270,0,0,0
0,78.95876,0,0,0,270,0,0,0
0,78.96928,0,0,0,270,0,0,0
0,78.98064,0,0,0,270,0,0,0
0,78.99193,0,0,0,270,0,0,0
0,79.00309,0,0,0,270,0,0,0
0,79.01531,0,0,0,270,0,0,0
0,79.02536,0,0,0,270,0,0,0
0,79.03644,0,0,0,270,0,0,0
0,79.04767,0,0,0,270,0,0,0
0,79.05857,0,0,0,270,0,0,0
0,79.06952,0,0,0,270,0,0,0
0,79.08103,0,0,0,270,0,0,0
0,79.0921,0,0,0,270,0,0,0
0,79.10298,0,0,0,270,0,0,0
0,79.11428,0,0,0,270,0,0,0
0,79.12487,0,0,0,270,0,0,0
0,79.13656,0,0,0,270,0,0,0
0,79.14717,0,0,0,270,0,0,0
0,79.15846,0,0,0,270,0,0,0
0,79.16925,0,0,0,270,0,0,0
0,79.18071,0,0,0,270,0,0,0
0,79.19183,0,0,0,270,0,0,0
0,79.20256,0,0,0,270,0,0,0
0,79.21413,0,0,0,270,0,0,0
0,79.22491,0,0,0,270,0,0,0
0,79.23748,0,0,0,270,0,0,0
0,79.24736,0,0,0,270,0,0,0
0,79.25888,0,0,0,270,0,0,0
0,79.26951,0,0,0,270,0,0,0
0,79.28116,0,0,0,270,0,0,0
0,79.2923,0,0,0,270,0,0,0
0,79.30251,0,0,0,270,0,0,0
0,79.31441,0,0,0,270,0,0,0
0,79.32499,0,0,0,270,0,0,0
0,79.33669,0,0,0,270,0,0,0
0,79.34749,0,0,0,270,0,0,0
0,79.35838,0,0,0,270,0,0,0
0,79.36941,0,0,0,270,0,0,0
0,79.38098,0,0,0,270,0,0,0
0,79.39236,0,0,0,270,0,0,0
0,79.40257,0,0,0,270,0,0,0
0,79.41402,0,0,0,270,0,0,0
0,79.42506,0,0,0,270,0,0,0
0,79.4361,0,0,0,270,0,0,0
0,79.44711,0,0,0,270,0,0,0
0,79.45875,0,0,0,270,0,0,0
0,79.47047,0,0,0,270,0,0,0
0,79.48066,0,0,0,270,0,0,0
0,79.4921,0,0,0,270,0,0,0
0,79.50264,0,0,0,270,0,0,0
0,79.51405,0,0,0,270,0,0,0
0,79.52493,0,0,0,270,0,0,0
0,79.53712,0,0,0,270,0,0,0
0,79.5474,0,0,0,270,0,0,0
0,79.55852,0,0,0,270,0,0,0
0,79.5691,0,0,0,270,0,0,0
0,79.5807,0,0,0,270,0,0,0
0,79.5921,0,0,0,270,0,0,0
0,79.60242,0,0,0,270,0,0,0
0,79.61401,0,0,0,270,0,0,0
0,79.62482,0,0,0,270,0,0,0
0,79.63616,0,0,0,270,0,0,0
0,79.64684,0,0,0,270,0,0,0
0,79.65913,0,0,0,270,0,0,0
0,79.66905,0,0,0,270,0,0,0
0,79.68109,0,0,0,270,0,0,0
0,79.69201,0,0,0,270,0,0,0
0,79.70243,0,0,0,270,0,0,0
0,79.7142,0,0,0,270,0,0,0
0,79.72479,0,0,0,270,0,0,0
0,79.73666,0,0,0,270,0,0,0
0,79.74696,0,0,0,270,0,0,0
0,79.75838,0,0,0,270,0,0,0
0,79.76984,0,0,0,270,0,0,0
0,79.78146,0,0,0,270,0,0,0
0,79.79179,0,0,0,270,0,0,0
0,79.80278,0,0,0,270,0,0,0
0,79.81441,0,0,0,270,0,0,0
0,79.82446,0,0,0,270,0,0,0
0,79.83597,0,0,0,270,0,0,0
0,79.84714,0,0,0,270,0,0,0
0,79.85828,0,0,0,270,0,0,0
0,79.86913,0,0,0,270,0,0,0
0,79.88048,0,0,0,270,0,0,0
0,79.8919,0,0,0,270,0,0,0
0,79.9024,0,0,0,270,0,0,0
0,79.91411,0,0,0,270,0,0,0
0,79.92464,0,0,0,270,0,0,0
0,79.93619,0,0,0,270,0,0,0
0,79.94699,0,0,0,270,0,0,0
0,79.95825,0,0,0,270,0,0,0
0,79.96906,0,0,0,270,0,0,0
0,79.9805,0,0,0,270,0,0,0
0,79.99172,0,0,0,270,0,0,0
0,80.00236,0,0,0,270,0,0,0
0,80.01367,0,0,0,270,0,0,0
0,80.02448,0,0,0,270,0,0,0
0,80.03645,0,0,0,270,0,0,0
0,80.04697,0,0,0,270,0,0,0
0,80.05836,0,0,0,270,0,0,0
0,80.06926,0,0,0,270,0,0,0
0,80.08048,0,0,0,270,0,0,0
0,80.09154,0,0,0,270,0,0,0
0,80.10235,0,0,0,270,0,0,0
0,80.11383,0,0,0,270,0,0,0
0,80.12482,0,0,0,270,0,0,0
0,80.13574,0,0,0,270,0,0,0
0,80.14653,0,0,0,270,0,0,0
0,80.1582,0,0,0,270,0,0,0
0,80.16908,0,0,0,270,0,0,0
0,80.18081,0,0,0,270,0,0,0
0,80.1918,0,0,0,270,0,0,0
0,80.20296,0,0,0,270,0,0,0
0,80.21399,0,0,0,270,0,0,0
0,80.22443,0,0,0,270,0,0,0
0,80.23676,0,0,0,270,0,0,0
0,80.24651,0,0,0,270,0,0,0
0,80.2583,0,0,0,270,0,0,0
0,80.26962,0,0,0,270,0,0,0
0,80.28121,0,0,0,270,0,0,0
0,80.29171,0,0,0,270,0,0,0
0,80.30231,0,0,0,270,0,0,0
0,80.31368,0,0,0,270,0,0,0
0,80.32427,0,0,0,270,0,0,0
0,80.33618,0,0,0,270,0,0,0
0,80.34705,0,0,0,270,0,0,0
0,80.35828,0,0,0,270,0,0,0
0,80.36895,0,0,0,270,0,0,0
0,80.38063,0,0,0,270,0,0,0
0,80.39195,0,0,0,270,0,0,0
0,80.40217,0,0,0,270,0,0,0
0,80.41494,0,0,0,270,0,0,0
0,80.42493,0,0,0,270,0,0,0
0,80.43639,0,0,0,270,0,0,0
0,80.44717,0,0,0,270,0,0,0
0,80.45844,0,0,0,270,0,0,0
0,80.46933,0,0,0,270,0,0,0
0,80.48077,0,0,0,270,0,0,0
0,80.49158,0,0,0,270,0,0,0
0,80.50256,0,0,0,270,0,0,0
0,80.51382,0,0,0,270,0,0,0
0,80.52473,0,0,0,270,0,0,0
0,80.53614,0,0,0,270,0,0,0
0,80.54673,0,0,0,270,0,0,0
0,80.55821,0,0,0,270,0,0,0
0,80.56898,0,0,0,270,0,0,0
0,80.581,0,0,0,270,0,0,0
0,80.59216,0,0,0,270,0,0,0
0,80.6021,0,0,0,270,0,0,0
0,80.61369,0,0,0,270,0,0,0
0,80.62473,0,0,0,270,0,0,0
0,80.63598,0,0,0,270,0,0,0
0,80.64642,0,0,0,270,0,0,0
0,80.65804,0,0,0,270,0,0,0
0,80.66874,0,0,0,270,0,0,0
0,80.68032,0,0,0,270,0,0,0
0,80.6916,0,0,0,270,0,0,0
0,80.70315,0,0,0,270,0,0,0
0,80.71358,0,0,0,270,0,0,0
0,80.72443,0,0,0,270,0,0,0
0,80.7363,0,0,0,270,0,0,0
0,80.74654,0,0,0,270,0,0,0
0,80.75872,0,0,0,270,0,0,0
0,80.76875,0,0,0,270,0,0,0
0,80.78036,0,0,0,270,0,0,0
0,80.79168,0,0,0,270,0,0,0
0,80.80212,0,0,0,270,0,0,0
0,80.81367,0,0,0,270,0,0,0
0,80.82488,0,0,0,270,0,0,0
0,80.83566,0,0,0,270,0,0,0
0,80.84647,0,0,0,270,0,0,0
0,80.85808,0,0,0,270,0,0,0
0,80.87093,0,0,0,270,0,0,0
0,80.87983,0,0,0,270,0,0,0
0,80.8916,0,0,0,270,0,0,0
0,80.90208,0,0,0,270,0,0,0
0,80.91404,0,0,0,270,0,0,0
0,80.92443,0,0,0,270,0,0,0
0,80.93571,0,0,0,270,0,0,0
0,80.94648,0,0,0,270,0,0,0
0,80.95781,0,0,0,270,0,0,0
0,80.96903,0,0,0,270,0,0,0
0,80.98029,0,0,0,270,0,0,0
0,80.99123,0,0,0,270,0,0,0
0,81.00201,0,0,0,270,0,0,0
0,81.01334,0,0,0,270,0,0,0
0,81.02424,0,0,0,270,0,0,0
0,81.03542,0,0,0,270,0,0,0
0,81.0465,0,0,0,270,0,0,0
0,81.05824,0,0,0,270,0,0,0
0,81.06835,0,0,0,270,0,0,0
0,81.0801,0,0,0,270,0,0,0
0,81.0914,0,0,0,270,0,0,0
0,81.10178,0,0,0,270,0,0,0
0,81.11346,0,0,0,270,0,0,0
0,81.12396,0,0,0,270,0,0,0
0,81.13548,0,0,0,270,0,0,0
0,81.14633,0,0,0,270,0,0,0
0,81.1576,0,0,0,270,0,0,0
0,81.16842,0,0,0,270,0,0,0
0,81.17985,0,0,0,270,0,0,0
0,81.19116,0,0,0,270,0,0,0
0,81.20152,0,0,0,270,0,0,0
0,81.21335,0,0,0,270,0,0,0
0,81.22401,0,0,0,270,0,0,0
0,81.23586,0,0,0,270,0,0,0
0,81.24611,0,0,0,270,0,0,0
0,81.25738,0,0,0,270,0,0,0
0,81.26846,0,0,0,270,0,0,0
0,81.27995,0,0,0,270,0,0,0
0,81.29133,0,0,0,270,0,0,0
0,81.30228,0,0,0,270,0,0,0
0,81.31432,0,0,0,270,0,0,0
0,81.32417,0,0,0,270,0,0,0
0,81.33637,0,0,0,270,0,0,0
0,81.34703,0,0,0,270,0,0,0
0,81.35896,0,0,0,270,0,0,0
0,81.36834,0,0,0,270,0,0,0
0,81.38064,0,0,0,270,0,0,0
0,81.39088,0,0,0,270,0,0,0
0,81.40176,0,0,0,270,0,0,0
0,81.41365,0,0,0,270,0,0,0
0,81.42419,0,0,0,270,0,0,0
0,81.43617,0,0,0,270,0,0,0
0,81.44643,0,0,0,270,0,0,0
0,81.45747,0,0,0,270,0,0,0
0,81.46834,0,0,0,270,0,0,0
0,81.47996,0,0,0,270,0,0,0
0,81.49091,0,0,0,270,0,0,0
0,81.50182,0,0,0,270,0,0,0
0,81.51382,0,0,0,270,0,0,0
0,81.5246,0,0,0,270,0,0,0
0,81.53595,0,0,0,270,0,0,0
0,81.5463,0,0,0,270,0,0,0
0,81.55814,0,0,0,270,0,0,0
0,81.56879,0,0,0,270,0,0,0
0,81.57989,0,0,0,270,0,0,0
0,81.5919,0,0,0,270,0,0,0
0,81.6021,0,0,0,270,0,0,0
0,81.61367,0,0,0,270,0,0,0
0,81.62405,0,0,0,270,0,0,0
0,81.63571,0,0,0,270,0,0,0
0,81.64616,0,0,0,270,0,0,0
0,81.65791,0,0,0,270,0,0,0
0,81.66843,0,0,0,270,0,0,0
0,81.67985,0,0,0,270,0,0,0
0,81.69081,0,0,0,270,0,0,0
0,81.70197,0,0,0,270,0,0,0
0,81.71329,0,0,0,270,0,0,0
0,81.72431,0,0,0,270,0,0,0
0,81.73546,0,0,0,270,0,0,0
0,81.74603,0,0,0,270,0,0,0
0,81.75774,0,0,0,270,0,0,0
0,81.76811,0,0,0,270,0,0,0
0,81.77986,0,0,0,270,0,0,0
0,81.79085,0,0,0,270,0,0,0
0,81.80171,0,0,0,270,0,0,0
0,81.8129,0,0,0,270,0,0,0
0,81.82375,0,0,0,270,0,0,0
0,81.83551,0,0,0,270,0,0,0
0,81.84666,0,0,0,270,0,0,0
0,81.85852,0,0,0,270,0,0,0
0,81.86812,0,0,0,270,0,0,0
0,81.8799,0,0,0,270,0,0,0
0,81.89119,0,0,0,270,0,0,0
0,81.90131,0,0,0,270,0,0,0
0,81.9129,0,0,0,270,0,0,0
0,81.92382,0,0,0,270,0,0,0
0,81.93499,0,0,0,270,0,0,0
0,81.94593,0,0,0,270,0,0,0
0,81.95758,0,0,0,270,0,0,0
0,81.96906,0,0,0,270,0,0,0
0,81.97951,0,0,0,270,0,0,0
0,81.99057,0,0,0,270,0,0,0
0,82.00179,0,0,0,270,0,0,0
0,82.01289,0,0,0,270,0,0,0
0,82.02388,0,0,0,270,0,0,0
0,82.035,0,0,0,270,0,0,0
0,82.04606,0,0,0,270,0,0,0
0,82.05731,0,0,0,270,0,0,0
0,82.068,0,0,0,270,0,0,0
0,82.08062,0,0,0,270,0,0,0
0,82.09077,0,0,0,270,0,0,0
0,82.10143,0,0,0,270,0,0,0
0,82.11374,0,0,0,270,0,0,0
0,82.12449,0,0,0,270,0,0,0
0,82.13543,0,0,0,270,0,0,0
0,82.1459,0,0,0,270,0,0,0
0,82.15803,0,0,0,270,0,0,0
0,82.16822,0,0,0,270,0,0,0
0,82.17963,0,0,0,270,0,0,0
0,82.19085,0,0,0,270,0,0,0
0,82.20159,0,0,0,270,0,0,0
0,82.21276,0,0,0,270,0,0,0
0,82.22363,0,0,0,270,0,0,0
0,82.23524,0,0,0,270,0,0,0
0,82.24577,0,0,0,270,0,0,0
0,82.25731,0,0,0,270,0,0,0
0,82.26788,0,0,0,270,0,0,0
0,82.27963,0,0,0,270,0,0,0
0,82.29042,0,0,0,270,0,0,0
0,82.30112,0,0,0,270,0,0,0
0,82.31291,0,0,0,270,0,0,0
0,82.32346,0,0,0,270,0,0,0
0,82.33498,0,0,0,270,0,0,0
0,82.34634,0,0,0,270,0,0,0
0,82.35777,0,0,0,270,0,0,0
0,82.36845,0,0,0,270,0,0,0
0,82.37975,0,0,0,270,0,0,0
0,82.39118,0,0,0,270,0,0,0
0,82.40114,0,0,0,270,0,0,0
0,82.41266,0,0,0,270,0,0,0
0,82.42373,0,0,0,270,0,0,0
0,82.43501,0,0,0,270,0,0,0
0,82.44595,0,0,0,270,0,0,0
0,82.45733,0,0,0,270,0,0,0
0,82.46834,0,0,0,270,0,0,0
0,82.47977,0,0,0,270,0,0,0
0,82.49065,0,0,0,270,0,0,0
0,82.50177,0,0,0,270,0,0,0
0,82.5127,0,0,0,270,0,0,0
0,82.52402,0,0,0,270,0,0,0
0,82.53544,0,0,0,270,0,0,0
0,82.54647,0,0,0,270,0,0,0
0,82.55721,0,0,0,270,0,0,0
0,82.56869,0,0,0,270,0,0,0
0,82.58005,0,0,0,270,0,0,0
0,82.59058,0,0,0,270,0,0,0
0,82.60114,0,0,0,270,0,0,0
0,82.61322,0,0,0,270,0,0,0
0,82.62371,0,0,0,270,0,0,0
0,82.63486,0,0,0,270,0,0,0
0,82.64613,0,0,0,270,0,0,0
0,82.65784,0,0,0,270,0,0,0
0,82.668,0,0,0,270,0,0,0
0,82.67963,0,0,0,270,0,0,0
0,82.69064,0,0,0,270,0,0,0
0,82.70161,0,0,0,270,0,0,0
0,82.71237,0,0,0,270,0,0,0
0,82.72378,0,0,0,270,0,0,0
0,82.73476,0,0,0,270,0,0,0
0,82.74615,0,0,0,270,0,0,0
0,82.7569,0,0,0,270,0,0,0
0,82.76763,0,0,0,270,0,0,0
0,82.77992,0,0,0,270,0,0,0
0,82.78979,0,0,0,270,0,0,0
0,82.80145,0,0,0,270,0,0,0
0,82.81233,0,0,0,270,0,0,0
0,82.8231,0,0,0,270,0,0,0
0,82.83462,0,0,0,270,0,0,0
0,82.84571,0,0,0,270,0,0,0
0,82.85691,0,0,0,270,0,0,0
0,82.86818,0,0,0,270,0,0,0
0,82.87959,0,0,0,270,0,0,0
0,82.89101,0,0,0,270,0,0,0
0,82.9013,0,0,0,270,0,0,0
0,82.9124,0,0,0,270,0,0,0
0,82.92342,0,0,0,270,0,0,0
0,82.93458,0,0,0,270,0,0,0
0,82.94553,0,0,0,270,0,0,0
0,82.95839,0,0,0,270,0,0,0
0,82.968,0,0,0,270,0,0,0
0,82.98238,0,0,0,270,0,0,0
0,82.99046,0,0,0,270,0,0,0
0,83.00135,0,0,0,270,0,0,0
0,83.01237,0,0,0,270,0,0,0
0,83.02326,0,0,0,270,0,0,0
0,83.03529,0,0,0,270,0,0,0
0,83.04576,0,0,0,270,0,0,0
0,83.05688,0,0,0,270,0,0,0
0,83.06825,0,0,0,270,0,0,0
0,83.07918,0,0,0,270,0,0,0
0,83.09035,0,0,0,270,0,0,0
0,83.10149,0,0,0,270,0,0,0
0,83.11329,0,0,0,270,0,0,0
0,83.12315,0,0,0,270,0,0,0
0,83.13487,0,0,0,270,0,0,0
0,83.14557,0,0,0,270,0,0,0
0,83.15732,0,0,0,270,0,0,0
0,83.16763,0,0,0,270,0,0,0
0,83.17908,0,0,0,270,0,0,0
0,83.18963,0,0,0,270,0,0,0
0,83.20196,0,0,0,270,0,0,0
0,83.21254,0,0,0,270,0,0,0
0,83.22306,0,0,0,270,0,0,0
0,83.23468,0,0,0,270,0,0,0
0,83.24516,0,0,0,270,0,0,0
0,83.25705,0,0,0,270,0,0,0
0,83.26759,0,0,0,270,0,0,0
0,83.27914,0,0,0,270,0,0,0
0,83.29058,0,0,0,270,0,0,0
0,83.30082,0,0,0,270,0,0,0
0,83.3129,0,0,0,270,0,0,0
0,83.32327,0,0,0,270,0,0,0
0,83.33444,0,0,0,270,0,0,0
0,83.34554,0,0,0,270,0,0,0
0,83.35677,0,0,0,270,0,0,0
0,83.3682,0,0,0,270,0,0,0
0,83.38015,0,0,0,270,0,0,0
0,83.39101,0,0,0,270,0,0,0
0,83.40095,0,0,0,270,0,0,0
0,83.41273,0,0,0,270,0,0,0
0,83.42314,0,0,0,270,0,0,0
0,83.43462,0,0,0,270,0,0,0
0,83.44537,0,0,0,270,0,0,0
0,83.45691,0,0,0,270,0,0,0
0,83.46742,0,0,0,270,0,0,0
0,83.47913,0,0,0,270,0,0,0
0,83.4898,0,0,0,270,0,0,0
0,83.50124,0,0,0,270,0,0,0
0,83.51271,0,0,0,270,0,0,0
0,83.52295,0,0,0,270,0,0,0
0,83.53485,0,0,0,270,0,0,0
0,83.54537,0,0,0,270,0,0,0
0,83.55688,0,0,0,270,0,0,0
0,83.56769,0,0,0,270,0,0,0
0,83.57967,0,0,0,270,0,0,0
0,83.58966,0,0,0,270,0,0,0
0,83.60119,0,0,0,270,0,0,0
0,83.61269,0,0,0,270,0,0,0
0,83.62332,0,0,0,270,0,0,0
0,83.63477,0,0,0,270,0,0,0
0,83.64523,0,0,0,270,0,0,0
0,83.65714,0,0,0,270,0,0,0
0,83.66753,0,0,0,270,0,0,0
0,83.67914,0,0,0,270,0,0,0
0,83.69025,0,0,0,270,0,0,0
0,83.70128,0,0,0,270,0,0,0
0,83.71228,0,0,0,270,0,0,0
0,83.72297,0,0,0,270,0,0,0
0,83.73444,0,0,0,270,0,0,0
0,83.74519,0,0,0,270,0,0,0
0,83.75636,0,0,0,270,0,0,0
0,83.76774,0,0,0,270,0,0,0
0,83.77903,0,0,0,270,0,0,0
0,83.78952,0,0,0,270,0,0,0
0,83.80089,0,0,0,270,0,0,0
0,83.81239,0,0,0,270,0,0,0
0,83.82287,0,0,0,270,0,0,0
0,83.83456,0,0,0,270,0,0,0
0,83.84503,0,0,0,270,0,0,0
0,83.85651,0,0,0,270,0,0,0
0,83.86714,0,0,0,270,0,0,0
0,83.87883,0,0,0,270,0,0,0
0,83.89096,0,0,0,270,0,0,0
0,83.90054,0,0,0,270,0,0,0
0,83.91197,0,0,0,270,0,0,0
0,83.92284,0,0,0,270,0,0,0
0,83.93423,0,0,0,270,0,0,0
0,83.94501,0,0,0,270,0,0,0
0,83.95659,0,0,0,270,0,0,0
0,83.96764,0,0,0,270,0,0,0
0,83.97878,0,0,0,270,0,0,0
0,83.98947,0,0,0,270,0,0,0
0,84.00134,0,0,0,270,0,0,0
0,84.012,0,0,0,270,0,0,0
0,84.02292,0,0,0,270,0,0,0
0,84.03454,0,0,0,270,0,0,0
0,84.04483,0,0,0,270,0,0,0
0,84.05654,0,0,0,270,0,0,0
0,84.06729,0,0,0,270,0,0,0
0,84.07869,0,0,0,270,0,0,0
0,84.08936,0,0,0,270,0,0,0
0,84.10109,0,0,0,270,0,0,0
0,84.11197,0,0,0,270,0,0,0
0,84.1235,0,0,0,270,0,0,0
0,84.13469,0,0,0,270,0,0,0
0,84.14507,0,0,0,270,0,0,0
0,84.15704,0,0,0,270,0,0,0
0,84.16822,0,0,0,270,0,0,0
0,84.17855,0,0,0,270,0,0,0
0,84.1894,0,0,0,270,0,0,0
0,84.20106,0,0,0,270,0,0,0
0,84.2118,0,0,0,270,0,0,0
0,84.22274,0,0,0,270,0,0,0
0,84.23388,0,0,0,270,0,0,0
0,84.24495,0,0,0,270,0,0,0
0,84.25642,0,0,0,270,0,0,0
0,84.26698,0,0,0,270,0,0,0
0,84.27863,0,0,0,270,0,0,0
0,84.28919,0,0,0,270,0,0,0
0,84.30176,0,0,0,270,0,0,0
0,84.31219,0,0,0,270,0,0,0
0,84.32294,0,0,0,270,0,0,0
0,84.3343,0,0,0,270,0,0,0
0,84.34478,0,0,0,270,0,0,0
0,84.35645,0,0,0,270,0,0,0
0,84.36716,0,0,0,270,0,0,0
0,84.37848,0,0,0,270,0,0,0
0,84.39043,0,0,0,270,0,0,0
0,84.40075,0,0,0,270,0,0,0
0,84.41206,0,0,0,270,0,0,0
0,84.42283,0,0,0,270,0,0,0
0,84.43427,0,0,0,270,0,0,0
0,84.44483,0,0,0,270,0,0,0
0,84.4565,0,0,0,270,0,0,0
0,84.46766,0,0,0,270,0,0,0
0,84.47869,0,0,0,270,0,0,0
0,84.48963,0,0,0,270,0,0,0
0,84.50191,0,0,0,270,0,0,0
0,84.51228,0,0,0,270,0,0,0
0,84.52287,0,0,0,270,0,0,0
0,84.53479,0,0,0,270,0,0,0
0,84.54533,0,0,0,270,0,0,0
0,84.55676,0,0,0,270,0,0,0
0,84.56738,0,0,0,270,0,0,0
0,84.57912,0,0,0,270,0,0,0
0,84.58958,0,0,0,270,0,0,0
0,84.60081,0,0,0,270,0,0,0
0,84.61248,0,0,0,270,0,0,0
0,84.62244,0,0,0,270,0,0,0
0,84.63432,0,0,0,270,0,0,0
0,84.64476,0,0,0,270,0,0,0
0,84.65662,0,0,0,270,0,0,0
0,84.66708,0,0,0,270,0,0,0
0,84.67843,0,0,0,270,0,0,0
0,84.68919,0,0,0,270,0,0,0
0,84.70099,0,0,0,270,0,0,0
0,84.71195,0,0,0,270,0,0,0
0,84.72242,0,0,0,270,0,0,0
0,84.73434,0,0,0,270,0,0,0
0,84.74487,0,0,0,270,0,0,0
0,84.75625,0,0,0,270,0,0,0
0,84.76723,0,0,0,270,0,0,0
0,84.77843,0,0,0,270,0,0,0
0,84.78954,0,0,0,270,0,0,0
0,84.80054,0,0,0,270,0,0,0
0,84.81225,0,0,0,270,0,0,0
0,84.82238,0,0,0,270,0,0,0
0,84.83383,0,0,0,270,0,0,0
0,84.84455,0,0,0,270,0,0,0
0,84.8559,0,0,0,270,0,0,0
0,84.86719,0,0,0,270,0,0,0
0,84.87766,0,0,0,270,0,0,0
0,84.88722,0,0,0,270,0,0,0
0,84.89853,0,0,0,270,0,0,0
0,84.91033,0,0,0,270,0,0,0
0,84.9212,0,0,0,270,0,0,0
0,84.93209,0,0,0,270,0,0,0
0,84.94308,0,0,0,270,0,0,0
0,84.95634,0,0,0,270,0,0,0
0,84.965,0,0,0,270,0,0,0
0,84.97664,0,0,0,270,0,0,0
0,84.98785,0,0,0,270,0,0,0
0,84.99891,0,0,0,270,0,0,0
0,85.00942,0,0,0,270,0,0,0
0,85.02142,0,0,0,270,0,0,0
0,85.03199,0,0,0,270,0,0,0
0,85.04261,0,0,0,270,0,0,0
0,85.05415,0,0,0,270,0,0,0
0,85.06516,0,0,0,270,0,0,0
0,85.07643,0,0,0,270,0,0,0
0,85.0873,0,0,0,270,0,0,0
0,85.09866,0,0,0,270,0,0,0
0,85.10939,0,0,0,270,0,0,0
0,85.12072,0,0,0,270,0,0,0
0,85.13181,0,0,0,270,0,0,0
0,85.14294,0,0,0,270,0,0,0
0,85.15541,0,0,0,270,0,0,0
0,85.16494,0,0,0,270,0,0,0
0,85.17665,0,0,0,270,0,0,0
0,85.18717,0,0,0,270,0,0,0
0,85.19865,0,0,0,270,0,0,0
0,85.20915,0,0,0,270,0,0,0
0,85.22106,0,0,0,270,0,0,0
0,85.2326,0,0,0,270,0,0,0
0,85.24283,0,0,0,270,0,0,0
0,85.25448,0,0,0,270,0,0,0
0,85.26557,0,0,0,270,0,0,0
0,85.27699,0,0,0,270,0,0,0
0,85.28788,0,0,0,270,0,0,0
0,85.29949,0,0,0,270,0,0,0
0,85.31046,0,0,0,270,0,0,0
0,85.32138,0,0,0,270,0,0,0
0,85.33313,0,0,0,270,0,0,0
0,85.34432,0,0,0,270,0,0,0
0,85.35553,0,0,0,270,0,0,0
0,85.36637,0,0,0,270,0,0,0
0,85.37846,0,0,0,270,0,0,0
0,85.38936,0,0,0,270,0,0,0
0,85.40018,0,0,0,270,0,0,0
0,85.41175,0,0,0,270,0,0,0
0,85.4224,0,0,0,270,0,0,0
0,85.43398,0,0,0,270,0,0,0
0,85.44477,0,0,0,270,0,0,0
0,85.45635,0,0,0,270,0,0,0
0,85.46716,0,0,0,270,0,0,0
0,85.47807,0,0,0,270,0,0,0
0,85.48923,0,0,0,270,0,0,0
0,85.50133,0,0,0,270,0,0,0
0,85.51161,0,0,0,270,0,0,0
0,85.52223,0,0,0,270,0,0,0
0,85.5342,0,0,0,270,0,0,0
0,85.54431,0,0,0,270,0,0,0
0,85.55578,0,0,0,270,0,0,0
0,85.56655,0,0,0,270,0,0,0
0,85.57838,0,0,0,270,0,0,0
0,85.58868,0,0,0,270,0,0,0
0,85.60102,0,0,0,270,0,0,0
0,85.61153,0,0,0,270,0,0,0
0,85.6226,0,0,0,270,0,0,0
0,85.63372,0,0,0,270,0,0,0
0,85.64455,0,0,0,270,0,0,0
0,85.65619,0,0,0,270,0,0,0
0,85.66692,0,0,0,270,0,0,0
0,85.67833,0,0,0,270,0,0,0
0,85.68914,0,0,0,270,0,0,0
0,85.70026,0,0,0,270,0,0,0
0,85.71116,0,0,0,270,0,0,0
0,85.72205,0,0,0,270,0,0,0
0,85.73363,0,0,0,270,0,0,0
0,85.74416,0,0,0,270,0,0,0
0,85.75564,0,0,0,270,0,0,0
0,85.76653,0,0,0,270,0,0,0
0,85.77809,0,0,0,270,0,0,0
0,85.7887,0,0,0,270,0,0,0
0,85.80106,0,0,0,270,0,0,0
0,85.81283,0,0,0,270,0,0,0
0,85.8222,0,0,0,270,0,0,0
0,85.83367,0,0,0,270,0,0,0
0,85.8447,0,0,0,270,0,0,0
0,85.85574,0,0,0,270,0,0,0
0,85.86633,0,0,0,270,0,0,0
0,85.87787,0,0,0,270,0,0,0
0,85.88927,0,0,0,270,0,0,0
0,85.90018,0,0,0,270,0,0,0
0,85.91141,0,0,0,270,0,0,0
0,85.92316,0,0,0,270,0,0,0
0,85.93384,0,0,0,270,0,0,0
0,85.94439,0,0,0,270,0,0,0
0,85.95567,0,0,0,270,0,0,0
0,85.96682,0,0,0,270,0,0,0
0,85.97775,0,0,0,270,0,0,0
0,85.98874,0,0,0,270,0,0,0
0,86.00035,0,0,0,270,0,0,0
0,86.01152,0,0,0,270,0,0,0
0,86.02207,0,0,0,270,0,0,0
0,86.03364,0,0,0,270,0,0,0
0,86.04429,0,0,0,270,0,0,0
0,86.05576,0,0,0,270,0,0,0
0,86.06672,0,0,0,270,0,0,0
0,86.07827,0,0,0,270,0,0,0
0,86.08888,0,0,0,270,0,0,0
0,86.10072,0,0,0,270,0,0,0
0,86.11194,0,0,0,270,0,0,0
0,86.12259,0,0,0,270,0,0,0
0,86.13329,0,0,0,270,0,0,0
0,86.14404,0,0,0,270,0,0,0
0,86.15662,0,0,0,270,0,0,0
0,86.16614,0,0,0,270,0,0,0
0,86.17776,0,0,0,270,0,0,0
0,86.18848,0,0,0,270,0,0,0
0,86.19992,0,0,0,270,0,0,0
0,86.21107,0,0,0,270,0,0,0
0,86.22173,0,0,0,270,0,0,0
0,86.23338,0,0,0,270,0,0,0
0,86.24435,0,0,0,270,0,0,0
0,86.25551,0,0,0,270,0,0,0
0,86.26612,0,0,0,270,0,0,0
0,86.27763,0,0,0,270,0,0,0
0,86.28851,0,0,0,270,0,0,0
0,86.29971,0,0,0,270,0,0,0
0,86.31165,0,0,0,270,0,0,0
0,86.32215,0,0,0,270,0,0,0
0,86.33307,0,0,0,270,0,0,0
0,86.34425,0,0,0,270,0,0,0
0,86.35542,0,0,0,270,0,0,0
0,86.36606,0,0,0,270,0,0,0
0,86.37765,0,0,0,270,0,0,0
0,86.38811,0,0,0,270,0,0,0
0,86.39937,0,0,0,270,0,0,0
0,86.41096,0,0,0,270,0,0,0
0,86.42194,0,0,0,270,0,0,0
0,86.43288,0,0,0,270,0,0,0
0,86.44411,0,0,0,270,0,0,0
0,86.45544,0,0,0,270,0,0,0
0,86.46675,0,0,0,270,0,0,0
0,86.47778,0,0,0,270,0,0,0
0,86.48955,0,0,0,270,0,0,0
0,86.50041,0,0,0,270,0,0,0
0,86.51112,0,0,0,270,0,0,0
0,86.52206,0,0,0,270,0,0,0
0,86.53346,0,0,0,270,0,0,0
0,86.54406,0,0,0,270,0,0,0
0,86.55566,0,0,0,270,0,0,0
0,86.56615,0,0,0,270,0,0,0
0,86.57836,0,0,0,270,0,0,0
0,86.58833,0,0,0,270,0,0,0
0,86.60023,0,0,0,270,0,0,0
0,86.61162,0,0,0,270,0,0,0
0,86.62207,0,0,0,270,0,0,0
0,86.63314,0,0,0,270,0,0,0
0,86.64441,0,0,0,270,0,0,0
0,86.65591,0,0,0,270,0,0,0
0,86.66602,0,0,0,270,0,0,0
0,86.67747,0,0,0,270,0,0,0
0,86.68863,0,0,0,270,0,0,0
0,86.69962,0,0,0,270,0,0,0
0,86.71062,0,0,0,270,0,0,0
0,86.72205,0,0,0,270,0,0,0
0,86.73322,0,0,0,270,0,0,0
0,86.74419,0,0,0,270,0,0,0
0,86.7552,0,0,0,270,0,0,0
0,86.76595,0,0,0,270,0,0,0
0,86.77773,0,0,0,270,0,0,0
0,86.78812,0,0,0,270,0,0,0
0,86.79974,0,0,0,270,0,0,0
0,86.81084,0,0,0,270,0,0,0
0,86.82212,0,0,0,270,0,0,0
0,86.83331,0,0,0,270,0,0,0
0,86.84421,0,0,0,270,0,0,0
0,86.85519,0,0,0,270,0,0,0
0,86.86584,0,0,0,270,0,0,0
0,86.87793,0,0,0,270,0,0,0
0,86.88808,0,0,0,270,0,0,0
0,86.89956,0,0,0,270,0,0,0
0,86.91099,0,0,0,270,0,0,0
0,86.92185,0,0,0,270,0,0,0
0,86.93286,0,0,0,270,0,0,0
0,86.94439,0,0,0,270,0,0,0
0,86.95544,0,0,0,270,0,0,0
0,86.96642,0,0,0,270,0,0,0
0,86.97772,0,0,0,270,0,0,0
0,86.98805,0,0,0,270,0,0,0
0,86.99972,0,0,0,270,0,0,0
0,87.01063,0,0,0,270,0,0,0
0,87.02158,0,0,0,270,0,0,0
0,87.03298,0,0,0,270,0,0,0
0,87.04414,0,0,0,270,0,0,0
0,87.05495,0,0,0,270,0,0,0
0,87.06599,0,0,0,270,0,0,0
0,87.07761,0,0,0,270,0,0,0
0,87.08797,0,0,0,270,0,0,0
0,87.09954,0,0,0,270,0,0,0
0,87.11066,0,0,0,270,0,0,0
0,87.12128,0,0,0,270,0,0,0
0,87.13268,0,0,0,270,0,0,0
0,87.14342,0,0,0,270,0,0,0
0,87.15561,0,0,0,270,0,0,0
0,87.1662,0,0,0,270,0,0,0
0,87.17745,0,0,0,270,0,0,0
0,87.18796,0,0,0,270,0,0,0
0,87.19956,0,0,0,270,0,0,0
0,87.21147,0,0,0,270,0,0,0
0,87.2212,0,0,0,270,0,0,0
0,87.23283,0,0,0,270,0,0,0
0,87.24345,0,0,0,270,0,0,0
0,87.25511,0,0,0,270,0,0,0
0,87.26619,0,0,0,270,0,0,0
0,87.27714,0,0,0,270,0,0,0
0,87.28797,0,0,0,270,0,0,0
0,87.29938,0,0,0,270,0,0,0
0,87.31044,0,0,0,270,0,0,0
0,87.32137,0,0,0,270,0,0,0
0,87.33292,0,0,0,270,0,0,0
0,87.34347,0,0,0,270,0,0,0
0,87.35514,0,0,0,270,0,0,0
0,87.36606,0,0,0,270,0,0,0
0,87.3774,0,0,0,270,0,0,0
0,87.38895,0,0,0,270,0,0,0
0,87.39948,0,0,0,270,0,0,0
0,87.41068,0,0,0,270,0,0,0
0,87.42133,0,0,0,270,0,0,0
0,87.43265,0,0,0,270,0,0,0
0,87.44341,0,0,0,270,0,0,0
0,87.4548,0,0,0,270,0,0,0
0,87.46554,0,0,0,270,0,0,0
0,87.47698,0,0,0,270,0,0,0
0,87.48801,0,0,0,270,0,0,0
0,87.5007,0,0,0,270,0,0,0
0,87.51105,0,0,0,270,0,0,0
0,87.52158,0,0,0,270,0,0,0
0,87.53387,0,0,0,270,0,0,0
0,87.54445,0,0,0,270,0,0,0
0,87.55503,0,0,0,270,0,0,0
0,87.5661,0,0,0,270,0,0,0
0,87.57774,0,0,0,270,0,0,0
0,87.58813,0,0,0,270,0,0,0
0,87.59966,0,0,0,270,0,0,0
0,87.61121,0,0,0,270,0,0,0
0,87.62129,0,0,0,270,0,0,0
0,87.63322,0,0,0,270,0,0,0
0,87.64378,0,0,0,270,0,0,0
0,87.65581,0,0,0,270,0,0,0
0,87.66615,0,0,0,270,0,0,0
0,87.67735,0,0,0,270,0,0,0
0,87.68869,0,0,0,270,0,0,0
0,87.69942,0,0,0,270,0,0,0
0,87.71054,0,0,0,270,0,0,0
0,87.72166,0,0,0,270,0,0,0
0,87.73328,0,0,0,270,0,0,0
0,87.74342,0,0,0,270,0,0,0
0,87.75484,0,0,0,270,0,0,0
0,87.76556,0,0,0,270,0,0,0
0,87.77726,0,0,0,270,0,0,0
0,87.78819,0,0,0,270,0,0,0
0,87.79982,0,0,0,270,0,0,0
0,87.81053,0,0,0,270,0,0,0
0,87.82121,0,0,0,270,0,0,0
0,87.83348,0,0,0,270,0,0,0
0,87.84396,0,0,0,270,0,0,0
0,87.85491,0,0,0,270,0,0,0
0,87.86584,0,0,0,270,0,0,0
0,87.87698,0,0,0,270,0,0,0
0,87.8881,0,0,0,270,0,0,0
0,87.8992,0,0,0,270,0,0,0
0,87.91062,0,0,0,270,0,0,0
0,87.92168,0,0,0,270,0,0,0
0,87.93234,0,0,0,270,0,0,0
0,87.94318,0,0,0,270,0,0,0
0,87.95517,0,0,0,270,0,0,0
0,87.96537,0,0,0,270,0,0,0
0,87.97686,0,0,0,270,0,0,0
0,87.98769,0,0,0,270,0,0,0
0,87.99975,0,0,0,270,0,0,0
0,88.01024,0,0,0,270,0,0,0
0,88.0211,0,0,0,270,0,0,0
0,88.03223,0,0,0,270,0,0,0
0,88.04298,0,0,0,270,0,0,0
0,88.05434,0,0,0,270,0,0,0
0,88.06583,0,0,0,270,0,0,0
0,88.07749,0,0,0,270,0,0,0
0,88.08744,0,0,0,270,0,0,0
0,88.0991,0,0,0,270,0,0,0
0,88.11102,0,0,0,270,0,0,0
0,88.12099,0,0,0,270,0,0,0
0,88.13272,0,0,0,270,0,0,0
0,88.14333,0,0,0,270,0,0,0
0,88.15439,0,0,0,270,0,0,0
0,88.16525,0,0,0,270,0,0,0
0,88.17666,0,0,0,270,0,0,0
0,88.18842,0,0,0,270,0,0,0
0,88.19895,0,0,0,270,0,0,0
0,88.20968,0,0,0,270,0,0,0
0,88.22205,0,0,0,270,0,0,0
0,88.23221,0,0,0,270,0,0,0
0,88.24308,0,0,0,270,0,0,0
0,88.25455,0,0,0,270,0,0,0
0,88.26576,0,0,0,270,0,0,0
0,88.27682,0,0,0,270,0,0,0
0,88.2875,0,0,0,270,0,0,0
0,88.2988,0,0,0,270,0,0,0
0,88.30951,0,0,0,270,0,0,0
0,88.32088,0,0,0,270,0,0,0
0,88.33207,0,0,0,270,0,0,0
0,88.34312,0,0,0,270,0,0,0
0,88.35451,0,0,0,270,0,0,0
0,88.3652,0,0,0,270,0,0,0
0,88.37745,0,0,0,270,0,0,0
0,88.38731,0,0,0,270,0,0,0
0,88.39876,0,0,0,270,0,0,0
0,88.41036,0,0,0,270,0,0,0
0,88.42098,0,0,0,270,0,0,0
0,88.4323,0,0,0,270,0,0,0
0,88.44312,0,0,0,270,0,0,0
0,88.45469,0,0,0,270,0,0,0
0,88.4655,0,0,0,270,0,0,0
0,88.47662,0,0,0,270,0,0,0
0,88.48734,0,0,0,270,0,0,0
0,88.49944,0,0,0,270,0,0,0
0,88.50949,0,0,0,270,0,0,0
0,88.52126,0,0,0,270,0,0,0
0,88.53313,0,0,0,270,0,0,0
0,88.54301,0,0,0,270,0,0,0
0,88.55456,0,0,0,270,0,0,0
0,88.56557,0,0,0,270,0,0,0
0,88.5775,0,0,0,270,0,0,0
0,88.58748,0,0,0,270,0,0,0
0,88.59916,0,0,0,270,0,0,0
0,88.60966,0,0,0,270,0,0,0
0,88.62132,0,0,0,270,0,0,0
0,88.63259,0,0,0,270,0,0,0
0,88.6433,0,0,0,270,0,0,0
0,88.6554,0,0,0,270,0,0,0
0,88.66525,0,0,0,270,0,0,0
0,88.67667,0,0,0,270,0,0,0
0,88.68737,0,0,0,270,0,0,0
0,88.69901,0,0,0,270,0,0,0
0,88.7096,0,0,0,270,0,0,0
0,88.7214,0,0,0,270,0,0,0
0,88.73264,0,0,0,270,0,0,0
0,88.74309,0,0,0,270,0,0,0
0,88.75451,0,0,0,270,0,0,0
0,88.76545,0,0,0,270,0,0,0
0,88.77674,0,0,0,270,0,0,0
0,88.78761,0,0,0,270,0,0,0
0,88.79943,0,0,0,270,0,0,0
0,88.8098,0,0,0,270,0,0,0
0,88.8216,0,0,0,270,0,0,0
0,88.83228,0,0,0,270,0,0,0
0,88.84364,0,0,0,270,0,0,0
0,88.85514,0,0,0,270,0,0,0
0,88.86811,0,0,0,270,0,0,0
0,88.87685,0,0,0,270,0,0,0
0,88.88746,0,0,0,270,0,0,0
0,88.89973,0,0,0,270,0,0,0
0,88.91056,0,0,0,270,0,0,0
0,88.92078,0,0,0,270,0,0,0
0,88.93244,0,0,0,270,0,0,0
0,88.94288,0,0,0,270,0,0,0
0,88.95419,0,0,0,270,0,0,0
0,88.96492,0,0,0,270,0,0,0
0,88.97643,0,0,0,270,0,0,0
0,88.98743,0,0,0,270,0,0,0
0,88.99851,0,0,0,270,0,0,0
0,89.00937,0,0,0,270,0,0,0
0,89.02076,0,0,0,270,0,0,0
0,89.03181,0,0,0,270,0,0,0
0,89.0426,0,0,0,270,0,0,0
0,89.05428,0,0,0,270,0,0,0
0,89.06536,0,0,0,270,0,0,0
0,89.07719,0,0,0,270,0,0,0
0,89.08696,0,0,0,270,0,0,0
0,89.09856,0,0,0,270,0,0,0
0,89.10932,0,0,0,270,0,0,0
0,89.1209,0,0,0,270,0,0,0
0,89.13234,0,0,0,270,0,0,0
0,89.14269,0,0,0,270,0,0,0
0,89.15434,0,0,0,270,0,0,0
0,89.16495,0,0,0,270,0,0,0
0,89.17633,0,0,0,270,0,0,0
0,89.18716,0,0,0,270,0,0,0
0,89.19845,0,0,0,270,0,0,0
0,89.2093,0,0,0,270,0,0,0
0,89.22108,0,0,0,270,0,0,0
0,89.23172,0,0,0,270,0,0,0
0,89.2434,0,0,0,270,0,0,0
0,89.2541,0,0,0,270,0,0,0
0,89.26482,0,0,0,270,0,0,0
0,89.27672,0,0,0,270,0,0,0
0,89.28718,0,0,0,270,0,0,0
0,89.29837,0,0,0,270,0,0,0
0,89.31026,0,0,0,270,0,0,0
0,89.32047,0,0,0,270,0,0,0
0,89.33172,0,0,0,270,0,0,0
0,89.34277,0,0,0,270,0,0,0
0,89.35392,0,0,0,270,0,0,0
0,89.36488,0,0,0,270,0,0,0
0,89.3763,0,0,0,270,0,0,0
0,89.3869,0,0,0,270,0,0,0
0,89.39835,0,0,0,270,0,0,0
0,89.40923,0,0,0,270,0,0,0
0,89.42065,0,0,0,270,0,0,0
0,89.43177,0,0,0,270,0,0,0
0,89.44267,0,0,0,270,0,0,0
0,89.45467,0,0,0,270,0,0,0
0,89.46481,0,0,0,270,0,0,0
0,89.47632,0,0,0,270,0,0,0
0,89.48685,0,0,0,270,0,0,0
0,89.49842,0,0,0,270,0,0,0
0,89.50907,0,0,0,270,0,0,0
0,89.52116,0,0,0,270,0,0,0
0,89.53182,0,0,0,270,0,0,0
0,89.5424,0,0,0,270,0,0,0
0,89.55392,0,0,0,270,0,0,0
0,89.5653,0,0,0,270,0,0,0
0,89.57704,0,0,0,270,0,0,0
0,89.58713,0,0,0,270,0,0,0
0,89.59895,0,0,0,270,0,0,0
0,89.61073,0,0,0,270,0,0,0
0,89.6202,0,0,0,270,0,0,0
0,89.63203,0,0,0,270,0,0,0
0,89.64243,0,0,0,270,0,0,0
0,89.65459,0,0,0,270,0,0,0
0,89.6651,0,0,0,270,0,0,0
0,89.67665,0,0,0,270,0,0,0
0,89.68745,0,0,0,270,0,0,0
0,89.69841,0,0,0,270,0,0,0
0,89.70907,0,0,0,270,0,0,0
0,89.7207,0,0,0,270,0,0,0
0,89.73199,0,0,0,270,0,0,0
0,89.74254,0,0,0,270,0,0,0
0,89.7542,0,0,0,270,0,0,0
0,89.76469,0,0,0,270,0,0,0
0,89.77631,0,0,0,270,0,0,0
0,89.78696,0,0,0,270,0,0,0
0,89.79823,0,0,0,270,0,0,0
0,89.80907,0,0,0,270,0,0,0
0,89.82082,0,0,0,270,0,0,0
0,89.83207,0,0,0,270,0,0,0
0,89.84285,0,0,0,270,0,0,0
0,89.85453,0,0,0,270,0,0,0
0,89.865,0,0,0,270,0,0,0
0,89.87674,0,0,0,270,0,0,0
0,89.88726,0,0,0,270,0,0,0
0,89.89846,0,0,0,270,0,0,0
0,89.90965,0,0,0,270,0,0,0
0,89.92111,0,0,0,270,0,0,0
0,89.93179,0,0,0,270,0,0,0
0,89.94317,0,0,0,270,0,0,0
0,89.95429,0,0,0,270,0,0,0
0,89.96442,0,0,0,270,0,0,0
0,89.97623,0,0,0,270,0,0,0
0,89.98713,0,0,0,270,0,0,0
0,89.99881,0,0,0,270,0,0,0
0,90.00915,0,0,0,270,0,0,0
0,90.02046,0,0,0,270,0,0,0
0,90.03132,0,0,0,270,0,0,0
0,90.0422,0,0,0,270,0,0,0
0,90.05405,0,0,0,270,0,0,0
0,90.06473,0,0,0,270,0,0,0
0,90.07623,0,0,0,270,0,0,0
0,90.08659,0,0,0,270,0,0,0
0,90.09834,0,0,0,270,0,0,0
0,90.10925,0,0,0,270,0,0,0
0,90.12057,0,0,0,270,0,0,0
0,90.13142,0,0,0,270,0,0,0
0,90.14217,0,0,0,270,0,0,0
0,90.15362,0,0,0,270,0,0,0
0,90.16456,0,0,0,270,0,0,0
0,90.17596,0,0,0,270,0,0,0
0,90.1871,0,0,0,270,0,0,0
0,90.19801,0,0,0,270,0,0,0
0,90.20885,0,0,0,270,0,0,0
0,90.22063,0,0,0,270,0,0,0
0,90.23148,0,0,0,270,0,0,0
0,90.24223,0,0,0,270,0,0,0
0,90.25391,0,0,0,270,0,0,0
0,90.26509,0,0,0,270,0,0,0
0,90.27599,0,0,0,270,0,0,0
0,90.28646,0,0,0,270,0,0,0
0,90.29813,0,0,0,270,0,0,0
0,90.3092,0,0,0,270,0,0,0
0,90.32036,0,0,0,270,0,0,0
0,90.33178,0,0,0,270,0,0,0
0,90.34222,0,0,0,270,0,0,0
0,90.35373,0,0,0,270,0,0,0
0,90.36426,0,0,0,270,0,0,0
0,90.37587,0,0,0,270,0,0,0
0,90.3865,0,0,0,270,0,0,0
0,90.39806,0,0,0,270,0,0,0
0,90.40919,0,0,0,270,0,0,0
0,90.42012,0,0,0,270,0,0,0
0,90.43128,0,0,0,270,0,0,0
0,90.44205,0,0,0,270,0,0,0
0,90.45349,0,0,0,270,0,0,0
0,90.46449,0,0,0,270,0,0,0
0,90.47587,0,0,0,270,0,0,0
0,90.48649,0,0,0,270,0,0,0
0,90.49814,0,0,0,270,0,0,0
0,90.50909,0,0,0,270,0,0,0
0,90.52082,0,0,0,270,0,0,0
0,90.53202,0,0,0,270,0,0,0
0,90.54243,0,0,0,270,0,0,0
0,90.55736,0,0,0,270,0,0,0
0,90.56554,0,0,0,270,0,0,0
0,90.57657,0,0,0,270,0,0,0
0,90.58712,0,0,0,270,0,0,0
0,90.59874,0,0,0,270,0,0,0
0,90.60966,0,0,0,270,0,0,0
0,90.62089,0,0,0,270,0,0,0
0,90.63184,0,0,0,270,0,0,0
0,90.64208,0,0,0,270,0,0,0
0,90.65366,0,0,0,270,0,0,0
0,90.66431,0,0,0,270,0,0,0
0,90.6762,0,0,0,270,0,0,0
0,90.68716,0,0,0,270,0,0,0
0,90.69859,0,0,0,270,0,0,0
0,90.7086,0,0,0,270,0,0,0
0,90.72009,0,0,0,270,0,0,0
0,90.73143,0,0,0,270,0,0,0
0,90.74203,0,0,0,270,0,0,0
0,90.75341,0,0,0,270,0,0,0
0,90.76474,0,0,0,270,0,0,0
0,90.77568,0,0,0,270,0,0,0
0,90.78632,0,0,0,270,0,0,0
0,90.79853,0,0,0,270,0,0,0
0,90.80876,0,0,0,270,0,0,0
0,90.82008,0,0,0,270,0,0,0
0,90.83179,0,0,0,270,0,0,0
0,90.842,0,0,0,270,0,0,0
0,90.85372,0,0,0,270,0,0,0
0,90.86452,0,0,0,270,0,0,0
0,90.87649,0,0,0,270,0,0,0
0,90.88657,0,0,0,270,0,0,0
0,90.8988,0,0,0,270,0,0,0
0,90.9091,0,0,0,270,0,0,0
0,90.92068,0,0,0,270,0,0,0
0,90.93155,0,0,0,270,0,0,0
0,90.94216,0,0,0,270,0,0,0
0,90.95383,0,0,0,270,0,0,0
0,90.96416,0,0,0,270,0,0,0
0,90.97568,0,0,0,270,0,0,0
0,90.98634,0,0,0,270,0,0,0
0,90.99821,0,0,0,270,0,0,0
0,91.00854,0,0,0,270,0,0,0
0,91.02153,0,0,0,270,0,0,0
0,91.03147,0,0,0,270,0,0,0
0,91.04196,0,0,0,270,0,0,0
0,91.05344,0,0,0,270,0,0,0
0,91.0648,0,0,0,270,0,0,0
0,91.0759,0,0,0,270,0,0,0
0,91.08656,0,0,0,270,0,0,0
0,91.09801,0,0,0,270,0,0,0
0,91.1092,0,0,0,270,0,0,0
0,91.12039,0,0,0,270,0,0,0
0,91.13149,0,0,0,270,0,0,0
0,91.14198,0,0,0,270,0,0,0
0,91.15336,0,0,0,270,0,0,0
0,91.16404,0,0,0,270,0,0,0
0,91.17554,0,0,0,270,0,0,0
0,91.18617,0,0,0,270,0,0,0
0,91.19817,0,0,0,270,0,0,0
0,91.20893,0,0,0,270,0,0,0
0,91.22069,0,0,0,270,0,0,0
0,91.23151,0,0,0,270,0,0,0
0,91.24187,0,0,0,270,0,0,0
0,91.25377,0,0,0,270,0,0,0
0,91.26453,0,0,0,270,0,0,0
0,91.27589,0,0,0,270,0,0,0
0,91.2863,0,0,0,270,0,0,0
0,91.29779,0,0,0,270,0,0,0
0,91.30825,0,0,0,270,0,0,0
0,91.32004,0,0,0,270,0,0,0
0,91.3309,0,0,0,270,0,0,0
0,91.34175,0,0,0,270,0,0,0
0,91.35342,0,0,0,270,0,0,0
0,91.36371,0,0,0,270,0,0,0
0,91.37517,0,0,0,270,0,0,0
0,91.38622,0,0,0,270,0,0,0
0,91.39759,0,0,0,270,0,0,0
0,91.4084,0,0,0,270,0,0,0
0,91.42021,0,0,0,270,0,0,0
0,91.43075,0,0,0,270,0,0,0
0,91.4417,0,0,0,270,0,0,0
0,91.45429,0,0,0,270,0,0,0
0,91.46376,0,0,0,270,0,0,0
0,91.47546,0,0,0,270,0,0,0
0,91.48617,0,0,0,270,0,0,0
0,91.49735,0,0,0,270,0,0,0
0,91.50826,0,0,0,270,0,0,0
0,91.52016,0,0,0,270,0,0,0
0,91.53119,0,0,0,270,0,0,0
0,91.54189,0,0,0,270,0,0,0
0,91.55339,0,0,0,270,0,0,0
0,91.56434,0,0,0,270,0,0,0
0,91.57545,0,0,0,270,0,0,0
0,91.5872,0,0,0,270,0,0,0
0,91.59759,0,0,0,270,0,0,0
0,91.60854,0,0,0,270,0,0,0
0,91.62127,0,0,0,270,0,0,0
0,91.63199,0,0,0,270,0,0,0
0,91.64579,0,0,0,270,0,0,0
0,91.65423,0,0,0,270,0,0,0
0,91.66593,0,0,0,270,0,0,0
0,91.67588,0,0,0,270,0,0,0
0,91.68877,0,0,0,270,0,0,0
0,91.70072,0,0,0,270,0,0,0
0,91.71112,0,0,0,270,0,0,0
0,91.72173,0,0,0,270,0,0,0
0,91.73106,0,0,0,270,0,0,0
0,91.74413,0,0,0,270,0,0,0
0,91.755,0,0,0,270,0,0,0
0,91.76429,0,0,0,270,0,0,0
0,91.77572,0,0,0,270,0,0,0
0,91.78651,0,0,0,270,0,0,0
0,91.79852,0,0,0,270,0,0,0
0,91.80861,0,0,0,270,0,0,0
0,91.82034,0,0,0,270,0,0,0
0,91.83129,0,0,0,270,0,0,0
0,91.84159,0,0,0,270,0,0,0
0,91.85345,0,0,0,270,0,0,0
0,91.86415,0,0,0,270,0,0,0
0,91.8779,0,0,0,270,0,0,0
0,91.88654,0,0,0,270,0,0,0
0,91.89887,0,0,0,270,0,0,0
0,91.91087,0,0,0,270,0,0,0
0,91.92124,0,0,0,270,0,0,0
0,91.93253,0,0,0,270,0,0,0
0,91.94214,0,0,0,270,0,0,0
0,91.95589,0,0,0,270,0,0,0
0,91.96445,0,0,0,270,0,0,0
0,91.97588,0,0,0,270,0,0,0
0,91.98677,0,0,0,270,0,0,0
0,91.99836,0,0,0,270,0,0,0
0,92.00944,0,0,0,270,0,0,0
0,92.02088,0,0,0,270,0,0,0
0,92.03223,0,0,0,270,0,0,0
0,92.04247,0,0,0,270,0,0,0
0,92.05299,0,0,0,270,0,0,0
0,92.0638,0,0,0,270,0,0,0
0,92.07546,0,0,0,270,0,0,0
0,92.08594,0,0,0,270,0,0,0
0,92.0974,0,0,0,270,0,0,0
0,92.10796,0,0,0,270,0,0,0
0,92.11954,0,0,0,270,0,0,0
0,92.13088,0,0,0,270,0,0,0
0,92.1424,0,0,0,270,0,0,0
0,92.15381,0,0,0,270,0,0,0
0,92.16416,0,0,0,270,0,0,0
0,92.17554,0,0,0,270,0,0,0
0,92.18939,0,0,0,270,0,0,0
0,92.19762,0,0,0,270,0,0,0
0,92.20816,0,0,0,270,0,0,0
0,92.22148,0,0,0,270,0,0,0
0,92.23186,0,0,0,270,0,0,0
0,92.24155,0,0,0,270,0,0,0
0,92.25544,0,0,0,270,0,0,0
0,92.26363,0,0,0,270,0,0,0
0,92.27567,0,0,0,270,0,0,0
0,92.28693,0,0,0,270,0,0,0
0,92.29788,0,0,0,270,0,0,0
0,92.30798,0,0,0,270,0,0,0
0,92.31937,0,0,0,270,0,0,0
0,92.33077,0,0,0,270,0,0,0
0,92.34109,0,0,0,270,0,0,0
0,92.35296,0,0,0,270,0,0,0
0,92.36356,0,0,0,270,0,0,0
0,92.3749,0,0,0,270,0,0,0
0,92.38562,0,0,0,270,0,0,0
0,92.39716,0,0,0,270,0,0,0
0,92.408,0,0,0,270,0,0,0
0,92.41925,0,0,0,270,0,0,0
0,92.43033,0,0,0,270,0,0,0
0,92.44151,0,0,0,270,0,0,0
0,92.45287,0,0,0,270,0,0,0
0,92.46519,0,0,0,270,0,0,0
0,92.47577,0,0,0,270,0,0,0
0,92.48861,0,0,0,270,0,0,0
0,92.4996,0,0,0,270,0,0,0
0,92.50843,0,0,0,270,0,0,0
0,92.51987,0,0,0,270,0,0,0
0,92.53212,0,0,0,270,0,0,0
0,92.54275,0,0,0,270,0,0,0
0,92.55328,0,0,0,270,0,0,0
0,92.56397,0,0,0,270,0,0,0
0,92.57551,0,0,0,270,0,0,0
0,92.58588,0,0,0,270,0,0,0
0,92.59782,0,0,0,270,0,0,0
0,92.60802,0,0,0,270,0,0,0
0,92.61937,0,0,0,270,0,0,0
0,92.63086,0,0,0,270,0,0,0
0,92.64474,0,0,0,270,0,0,0
0,92.65325,0,0,0,270,0,0,0
0,92.66565,0,0,0,270,0,0,0
0,92.67699,0,0,0,270,0,0,0
0,92.69083,0,0,0,270,0,0,0
0,92.69754,0,0,0,270,0,0,0
0,92.70837,0,0,0,270,0,0,0
0,92.72073,0,0,0,270,0,0,0
0,92.73209,0,0,0,270,0,0,0
0,92.74159,0,0,0,270,0,0,0
0,92.75472,0,0,0,270,0,0,0
0,92.76363,0,0,0,270,0,0,0
0,92.77558,0,0,0,270,0,0,0
0,92.78764,0,0,0,270,0,0,0
0,92.80106,0,0,0,270,0,0,0
0,92.80844,0,0,0,270,0,0,0
0,92.81956,0,0,0,270,0,0,0
0,92.83324,0,0,0,270,0,0,0
0,92.8436,0,0,0,270,0,0,0
0,92.85311,0,0,0,270,0,0,0
0,92.86393,0,0,0,270,0,0,0
0,92.87597,0,0,0,270,0,0,0
0,92.88579,0,0,0,270,0,0,0
0,92.89812,0,0,0,270,0,0,0
0,92.91033,0,0,0,270,0,0,0
0,92.91948,0,0,0,270,0,0,0
0,92.93038,0,0,0,270,0,0,0
0,92.94115,0,0,0,270,0,0,0
0,92.95338,0,0,0,270,0,0,0
0,92.96455,0,0,0,270,0,0,0
0,92.97517,0,0,0,270,0,0,0
0,92.9856,0,0,0,270,0,0,0
0,92.99716,0,0,0,270,0,0,0
0,93.00773,0,0,0,270,0,0,0
0,93.01937,0,0,0,270,0,0,0
0,93.03096,0,0,0,270,0,0,0
0,93.04115,0,0,0,270,0,0,0
0,93.05242,0,0,0,270,0,0,0
0,93.06348,0,0,0,270,0,0,0
0,93.07477,0,0,0,270,0,0,0
0,93.08536,0,0,0,270,0,0,0
0,93.09698,0,0,0,270,0,0,0
0,93.10802,0,0,0,270,0,0,0
0,93.11929,0,0,0,270,0,0,0
0,93.13036,0,0,0,270,0,0,0
0,93.14137,0,0,0,270,0,0,0
0,93.15232,0,0,0,270,0,0,0
0,93.16319,0,0,0,270,0,0,0
0,93.17554,0,0,0,270,0,0,0
0,93.18529,0,0,0,270,0,0,0
0,93.19667,0,0,0,270,0,0,0
0,93.20747,0,0,0,270,0,0,0
0,93.21944,0,0,0,270,0,0,0
0,93.23031,0,0,0,270,0,0,0
0,93.24643,0,0,0,270,0,0,0
0,93.25343,0,0,0,270,0,0,0
0,93.26303,0,0,0,270,0,0,0
0,93.27454,0,0,0,270,0,0,0
0,93.28555,0,0,0,270,0,0,0
0,93.2967,0,0,0,270,0,0,0
0,93.3076,0,0,0,270,0,0,0
0,93.31885,0,0,0,270,0,0,0
0,93.32967,0,0,0,270,0,0,0
0,93.34088,0,0,0,270,0,0,0
0,93.35235,0,0,0,270,0,0,0
0,93.36306,0,0,0,270,0,0,0
0,93.37476,0,0,0,270,0,0,0
0,93.38529,0,0,0,270,0,0,0
0,93.39656,0,0,0,270,0,0,0
0,93.40748,0,0,0,270,0,0,0
0,93.41889,0,0,0,270,0,0,0
0,93.42947,0,0,0,270,0,0,0
0,93.4411,0,0,0,270,0,0,0
0,93.46457,0,0,0,270,0,0,0
