Ans,timenow,HMD_rotation_x,HMD_rotation_y,HMD_rotation_z,heydegree,hey_position_x,hey_position_y,hey_position_z
0,0.01762986,0,0,0,270,0,0,0
0,0.02098346,0,0,0,270,0,0,0
0,0.653028,0,0,0,270,0,0,0
0,0.6724672,0,0,0,270,0,0,0
0,0.6860418,0,0,0,270,0,0,0
0,0.6904485,0,0,0,270,0,0,0
0,0.7021945,0,0,0,270,0,0,0
0,0.7131426,0,0,0,270,0,0,0
0,0.7290792,0,0,0,270,0,0,0
0,0.7379305,0,0,0,270,0,0,0
0,0.7464089,0,0,0,270,0,0,0
0,0.7575424,0,0,0,270,0,0,0
0,0.7685838,0,0,0,270,0,0,0
0,0.7829754,0,0,0,270,0,0,0
0,0.7915208,0,0,0,270,0,0,0
0,0.8021233,0,0,0,270,0,0,0
0,0.8126853,0,0,0,270,0,0,0
0,0.8244908,0,0,0,270,0,0,0
0,0.8351979,0,0,0,270,0,0,0
0,0.8477263,0,0,0,270,0,0,0
0,0.8574519,0,0,0,270,0,0,0
0,0.8685648,0,0,0,270,0,0,0
0,0.8799763,0,0,0,270,0,0,0
0,0.8906131,0,0,0,270,0,0,0
0,0.904222,0,0,0,270,0,0,0
0,0.912571,0,0,0,270,0,0,0
0,0.9240913,0,0,0,270,0,0,0
0,0.9369967,0,0,0,270,0,0,0
0,0.9460449,0,0,0,270,0,0,0
0,0.9603035,0,0,0,270,0,0,0
0,0.9681928,0,0,0,270,0,0,0
0,0.9795401,0,0,0,270,0,0,0
0,0.9904678,0,0,0,270,0,0,0
0,1.001882,0,0,0,270,0,0,0
0,1.012607,0,0,0,270,0,0,0
0,1.027335,0,0,0,270,0,0,0
0,1.035151,0,0,0,270,0,0,0
0,1.046583,0,0,0,270,0,0,0
0,1.060005,0,0,0,270,0,0,0
0,1.069056,0,0,0,270,0,0,0
0,1.095,0,0,0,270,0,0,0
0,1.098542,0,0,0,270,0,0,0
0,1.103014,0,0,0,270,0,0,0
0,1.116686,0,0,0,270,0,0,0
0,1.124055,0,0,0,270,0,0,0
0,1.138752,0,0,0,270,0,0,0
0,1.146491,0,0,0,270,0,0,0
0,1.15832,0,0,0,270,0,0,0
0,1.169482,0,0,0,270,0,0,0
0,1.17991,0,0,0,270,0,0,0
0,1.191731,0,0,0,270,0,0,0
0,1.20477,0,0,0,270,0,0,0
0,1.213211,0,0,0,270,0,0,0
0,1.224167,0,0,0,270,0,0,0
0,1.235004,0,0,0,270,0,0,0
0,1.246468,0,0,0,270,0,0,0
0,1.266029,0,0,0,270,0,0,0
0,1.269264,0,0,0,270,0,0,0
0,1.279577,0,0,0,270,0,0,0
0,1.291421,0,0,0,270,0,0,0
0,1.302229,0,0,0,270,0,0,0
0,1.313267,0,0,0,270,0,0,0
0,1.331237,0,0,0,270,0,0,0
0,1.335129,0,0,0,270,0,0,0
0,1.34601,0,0,0,270,0,0,0
0,1.357544,0,0,0,270,0,0,0
0,1.368195,0,0,0,270,0,0,0
0,1.383553,0,0,0,270,0,0,0
0,1.390448,0,0,0,270,0,0,0
0,1.401726,0,0,0,270,0,0,0
0,1.41729,0,0,0,270,0,0,0
0,1.423884,0,0,0,270,0,0,0
0,1.442128,0,0,0,270,0,0,0
0,1.446159,0,0,0,270,0,0,0
0,1.457608,0,0,0,270,0,0,0
0,1.468578,0,0,0,270,0,0,0
0,1.479992,0,0,0,270,0,0,0
0,1.490403,0,0,0,270,0,0,0
0,1.505584,0,0,0,270,0,0,0
0,1.51284,0,0,0,270,0,0,0
0,1.524041,0,0,0,270,0,0,0
0,1.535058,0,0,0,270,0,0,0
0,1.546132,0,0,0,270,0,0,0
0,1.559392,0,0,0,270,0,0,0
0,1.569282,0,0,0,270,0,0,0
0,1.579942,0,0,0,270,0,0,0
0,1.591333,0,0,0,270,0,0,0
0,1.602427,0,0,0,270,0,0,0
0,1.613145,0,0,0,270,0,0,0
0,1.628504,0,0,0,270,0,0,0
0,1.635938,0,0,0,270,0,0,0
0,1.64641,0,0,0,270,0,0,0
0,1.65753,0,0,0,270,0,0,0
0,1.668528,0,0,0,270,0,0,0
0,1.681741,0,0,0,270,0,0,0
0,1.690807,0,0,0,270,0,0,0
0,1.70282,0,0,0,270,0,0,0
0,1.713839,0,0,0,270,0,0,0
0,1.731214,0,0,0,270,0,0,0
0,1.736245,0,0,0,270,0,0,0
0,1.749541,0,0,0,270,0,0,0
0,1.758359,0,0,0,270,0,0,0
0,1.769499,0,0,0,270,0,0,0
0,1.780714,0,0,0,270,0,0,0
0,1.791444,0,0,0,270,0,0,0
0,1.807857,0,0,0,270,0,0,0
0,1.813598,0,0,0,270,0,0,0
0,1.825095,0,0,0,270,0,0,0
0,1.836036,0,0,0,270,0,0,0
0,1.847109,0,0,0,270,0,0,0
0,1.86079,0,0,0,270,0,0,0
0,1.869332,0,0,0,270,0,0,0
0,1.885656,0,0,0,270,0,0,0
0,1.891454,0,0,0,270,0,0,0
0,1.902861,0,0,0,270,0,0,0
0,1.913649,0,0,0,270,0,0,0
0,1.927798,0,0,0,270,0,0,0
0,1.936621,0,0,0,270,0,0,0
0,1.948638,0,0,0,270,0,0,0
0,1.958589,0,0,0,270,0,0,0
0,1.969608,0,0,0,270,0,0,0
0,1.983155,0,0,0,270,0,0,0
0,1.991646,0,0,0,270,0,0,0
0,2.003185,0,0,0,270,0,0,0
0,2.01485,0,0,0,270,0,0,0
0,2.025119,0,0,0,270,0,0,0
0,2.040452,0,0,0,270,0,0,0
0,2.047744,0,0,0,270,0,0,0
0,2.058952,0,0,0,270,0,0,0
0,2.069868,0,0,0,270,0,0,0
0,2.081381,0,0,0,270,0,0,0
0,2.09201,0,0,0,270,0,0,0
0,2.110034,0,0,0,270,0,0,0
0,2.114404,0,0,0,270,0,0,0
0,2.126542,0,0,0,270,0,0,0
0,2.137132,0,0,0,270,0,0,0
0,2.148388,0,0,0,270,0,0,0
0,2.161084,0,0,0,270,0,0,0
0,2.170337,0,0,0,270,0,0,0
0,2.182352,0,0,0,270,0,0,0
0,2.196335,0,0,0,270,0,0,0
0,2.203076,0,0,0,270,0,0,0
0,2.217825,0,0,0,270,0,0,0
0,2.22523,0,0,0,270,0,0,0
0,2.236858,0,0,0,270,0,0,0
0,2.247481,0,0,0,270,0,0,0
0,2.259001,0,0,0,270,0,0,0
0,2.269675,0,0,0,270,0,0,0
0,2.283885,0,0,0,270,0,0,0
0,2.291939,0,0,0,270,0,0,0
0,2.303573,0,0,0,270,0,0,0
0,2.314181,0,0,0,270,0,0,0
0,2.325927,0,0,0,270,0,0,0
0,2.337179,0,0,0,270,0,0,0
0,2.351934,0,0,0,270,0,0,0
0,2.358788,0,0,0,270,0,0,0
0,2.369697,0,0,0,270,0,0,0
0,2.38148,0,0,0,270,0,0,0
0,2.391965,0,0,0,270,0,0,0
0,2.405586,0,0,0,270,0,0,0
0,2.414302,0,0,0,270,0,0,0
0,2.426323,0,0,0,270,0,0,0
0,2.436777,0,0,0,270,0,0,0
0,2.447786,0,0,0,270,0,0,0
0,2.463911,0,0,0,270,0,0,0
0,2.470047,0,0,0,270,0,0,0
0,2.482354,0,0,0,270,0,0,0
0,2.493041,0,0,0,270,0,0,0
0,2.509885,0,0,0,270,0,0,0
0,2.514722,0,0,0,270,0,0,0
0,2.528303,0,0,0,270,0,0,0
0,2.538117,0,0,0,270,0,0,0
0,2.547941,0,0,0,270,0,0,0
0,2.559185,0,0,0,270,0,0,0
0,2.572321,0,0,0,270,0,0,0
0,2.589717,0,0,0,270,0,0,0
0,2.592302,0,0,0,270,0,0,0
0,2.602459,0,0,0,270,0,0,0
0,2.61241,0,0,0,270,0,0,0
0,2.623727,0,0,0,270,0,0,0
0,2.635212,0,0,0,270,0,0,0
0,2.649125,0,0,0,270,0,0,0
0,2.661343,0,0,0,270,0,0,0
0,2.667762,0,0,0,270,0,0,0
0,2.68074,0,0,0,270,0,0,0
0,2.689863,0,0,0,270,0,0,0
0,2.704091,0,0,0,270,0,0,0
0,2.711854,0,0,0,270,0,0,0
0,2.723752,0,0,0,270,0,0,0
0,2.734693,0,0,0,270,0,0,0
0,2.74518,0,0,0,270,0,0,0
0,2.759215,0,0,0,270,0,0,0
0,2.767369,0,0,0,270,0,0,0
0,2.778661,0,0,0,270,0,0,0
0,2.790028,0,0,0,270,0,0,0
0,2.801029,0,0,0,270,0,0,0
0,2.815401,0,0,0,270,0,0,0
0,2.830215,0,0,0,270,0,0,0
0,2.833792,0,0,0,270,0,0,0
0,2.845461,0,0,0,270,0,0,0
0,2.856512,0,0,0,270,0,0,0
0,2.867522,0,0,0,270,0,0,0
0,2.880717,0,0,0,270,0,0,0
0,2.889554,0,0,0,270,0,0,0
0,2.900969,0,0,0,270,0,0,0
0,2.911652,0,0,0,270,0,0,0
0,2.923054,0,0,0,270,0,0,0
0,2.933882,0,0,0,270,0,0,0
0,2.947063,0,0,0,270,0,0,0
0,2.956532,0,0,0,270,0,0,0
0,2.970207,0,0,0,270,0,0,0
0,2.978823,0,0,0,270,0,0,0
0,2.990119,0,0,0,270,0,0,0
0,3.004693,0,0,0,270,0,0,0
0,3.012038,0,0,0,270,0,0,0
0,3.023441,0,0,0,270,0,0,0
0,3.034165,0,0,0,270,0,0,0
0,3.045719,0,0,0,270,0,0,0
0,3.056728,0,0,0,270,0,0,0
0,3.070637,0,0,0,270,0,0,0
0,3.078894,0,0,0,270,0,0,0
0,3.089717,0,0,0,270,0,0,0
0,3.101376,0,0,0,270,0,0,0
0,3.112067,0,0,0,270,0,0,0
0,3.124629,0,0,0,270,0,0,0
0,3.134849,0,0,0,270,0,0,0
0,3.145412,0,0,0,270,0,0,0
0,3.156839,0,0,0,270,0,0,0
0,3.167526,0,0,0,270,0,0,0
0,3.180733,0,0,0,270,0,0,0
0,3.19005,0,0,0,270,0,0,0
0,3.201563,0,0,0,270,0,0,0
0,3.212737,0,0,0,270,0,0,0
0,3.224875,0,0,0,270,0,0,0
0,3.235787,0,0,0,270,0,0,0
0,3.250702,0,0,0,270,0,0,0
0,3.258211,0,0,0,270,0,0,0
0,3.269505,0,0,0,270,0,0,0
0,3.285273,0,0,0,270,0,0,0
0,3.291913,0,0,0,270,0,0,0
0,3.305961,0,0,0,270,0,0,0
0,3.314877,0,0,0,270,0,0,0
0,3.326257,0,0,0,270,0,0,0
0,3.337868,0,0,0,270,0,0,0
0,3.348621,0,0,0,270,0,0,0
0,3.366454,0,0,0,270,0,0,0
0,3.370409,0,0,0,270,0,0,0
0,3.382105,0,0,0,270,0,0,0
0,3.392931,0,0,0,270,0,0,0
0,3.404367,0,0,0,270,0,0,0
0,3.415745,0,0,0,270,0,0,0
0,3.430557,0,0,0,270,0,0,0
0,3.445813,0,0,0,270,0,0,0
0,3.448989,0,0,0,270,0,0,0
0,3.458362,0,0,0,270,0,0,0
0,3.469664,0,0,0,270,0,0,0
0,3.49096,0,0,0,270,0,0,0
0,3.495068,0,0,0,270,0,0,0
0,3.500609,0,0,0,270,0,0,0
0,3.51148,0,0,0,270,0,0,0
0,3.522807,0,0,0,270,0,0,0
0,3.533608,0,0,0,270,0,0,0
0,3.546217,0,0,0,270,0,0,0
0,3.556361,0,0,0,270,0,0,0
0,3.567197,0,0,0,270,0,0,0
0,3.578849,0,0,0,270,0,0,0
0,3.589293,0,0,0,270,0,0,0
0,3.603644,0,0,0,270,0,0,0
0,3.611482,0,0,0,270,0,0,0
0,3.627002,0,0,0,270,0,0,0
0,3.635129,0,0,0,270,0,0,0
0,3.644691,0,0,0,270,0,0,0
0,3.657756,0,0,0,270,0,0,0
0,3.666965,0,0,0,270,0,0,0
0,3.678265,0,0,0,270,0,0,0
0,3.6891,0,0,0,270,0,0,0
0,3.700684,0,0,0,270,0,0,0
0,3.711391,0,0,0,270,0,0,0
0,3.725886,0,0,0,270,0,0,0
0,3.733619,0,0,0,270,0,0,0
0,3.744916,0,0,0,270,0,0,0
0,3.759059,0,0,0,270,0,0,0
0,3.766779,0,0,0,270,0,0,0
0,3.779869,0,0,0,270,0,0,0
0,3.78923,0,0,0,270,0,0,0
0,3.800512,0,0,0,270,0,0,0
0,3.81134,0,0,0,270,0,0,0
0,3.822984,0,0,0,270,0,0,0
0,3.837779,0,0,0,270,0,0,0
0,3.850279,0,0,0,270,0,0,0
0,3.855836,0,0,0,270,0,0,0
0,3.867226,0,0,0,270,0,0,0
0,3.878785,0,0,0,270,0,0,0
0,3.88993,0,0,0,270,0,0,0
0,3.902822,0,0,0,270,0,0,0
0,3.913239,0,0,0,270,0,0,0
0,3.924552,0,0,0,270,0,0,0
0,3.935796,0,0,0,270,0,0,0
0,3.946666,0,0,0,270,0,0,0
0,3.959101,0,0,0,270,0,0,0
0,3.969031,0,0,0,270,0,0,0
0,3.980455,0,0,0,270,0,0,0
0,3.991484,0,0,0,270,0,0,0
0,4.002468,0,0,0,270,0,0,0
0,4.013367,0,0,0,270,0,0,0
0,4.026036,0,0,0,270,0,0,0
0,4.036589,0,0,0,270,0,0,0
0,4.046753,0,0,0,270,0,0,0
0,4.058304,0,0,0,270,0,0,0
0,4.072742,0,0,0,270,0,0,0
0,4.085505,0,0,0,270,0,0,0
0,4.091104,0,0,0,270,0,0,0
0,4.102528,0,0,0,270,0,0,0
0,4.113741,0,0,0,270,0,0,0
0,4.124779,0,0,0,270,0,0,0
0,4.135703,0,0,0,270,0,0,0
0,4.149639,0,0,0,270,0,0,0
0,4.158157,0,0,0,270,0,0,0
0,4.168766,0,0,0,270,0,0,0
0,4.180293,0,0,0,270,0,0,0
0,4.191796,0,0,0,270,0,0,0
0,4.204593,0,0,0,270,0,0,0
0,4.213496,0,0,0,270,0,0,0
0,4.226697,0,0,0,270,0,0,0
0,4.235809,0,0,0,270,0,0,0
0,4.247271,0,0,0,270,0,0,0
0,4.264009,0,0,0,270,0,0,0
0,4.271554,0,0,0,270,0,0,0
0,4.280709,0,0,0,270,0,0,0
0,4.291537,0,0,0,270,0,0,0
0,4.303934,0,0,0,270,0,0,0
0,4.313562,0,0,0,270,0,0,0
0,4.329064,0,0,0,270,0,0,0
0,4.336314,0,0,0,270,0,0,0
0,4.347037,0,0,0,270,0,0,0
0,4.35886,0,0,0,270,0,0,0
0,4.369699,0,0,0,270,0,0,0
0,4.385543,0,0,0,270,0,0,0
0,4.391621,0,0,0,270,0,0,0
0,4.402997,0,0,0,270,0,0,0
0,4.414041,0,0,0,270,0,0,0
0,4.425076,0,0,0,270,0,0,0
0,4.436603,0,0,0,270,0,0,0
0,4.451465,0,0,0,270,0,0,0
0,4.462918,0,0,0,270,0,0,0
0,4.469568,0,0,0,270,0,0,0
0,4.480974,0,0,0,270,0,0,0
0,4.491887,0,0,0,270,0,0,0
0,4.506967,0,0,0,270,0,0,0
0,4.513787,0,0,0,270,0,0,0
0,4.525212,0,0,0,270,0,0,0
0,4.542048,0,0,0,270,0,0,0
0,4.546949,0,0,0,270,0,0,0
0,4.560724,0,0,0,270,0,0,0
0,4.569665,0,0,0,270,0,0,0
0,4.581073,0,0,0,270,0,0,0
0,4.59166,0,0,0,270,0,0,0
0,4.602947,0,0,0,270,0,0,0
0,4.615681,0,0,0,270,0,0,0
0,4.629707,0,0,0,270,0,0,0
0,4.635901,0,0,0,270,0,0,0
0,4.647189,0,0,0,270,0,0,0
0,4.658467,0,0,0,270,0,0,0
0,4.669394,0,0,0,270,0,0,0
0,4.681652,0,0,0,270,0,0,0
0,4.691779,0,0,0,270,0,0,0
0,4.70306,0,0,0,270,0,0,0
0,4.713894,0,0,0,270,0,0,0
0,4.725155,0,0,0,270,0,0,0
0,4.736426,0,0,0,270,0,0,0
0,4.748774,0,0,0,270,0,0,0
0,4.758716,0,0,0,270,0,0,0
0,4.772698,0,0,0,270,0,0,0
0,4.781835,0,0,0,270,0,0,0
0,4.791902,0,0,0,270,0,0,0
0,4.806596,0,0,0,270,0,0,0
0,4.813955,0,0,0,270,0,0,0
0,4.825434,0,0,0,270,0,0,0
0,4.836758,0,0,0,270,0,0,0
0,4.850398,0,0,0,270,0,0,0
0,4.863169,0,0,0,270,0,0,0
0,4.869473,0,0,0,270,0,0,0
0,4.881,0,0,0,270,0,0,0
0,4.891527,0,0,0,270,0,0,0
0,4.902995,0,0,0,270,0,0,0
0,4.913964,0,0,0,270,0,0,0
0,4.928249,0,0,0,270,0,0,0
0,4.936554,0,0,0,270,0,0,0
0,4.947181,0,0,0,270,0,0,0
0,4.958786,0,0,0,270,0,0,0
0,4.969584,0,0,0,270,0,0,0
0,4.983877,0,0,0,270,0,0,0
0,4.99224,0,0,0,270,0,0,0
0,5.007406,0,0,0,270,0,0,0
0,5.013779,0,0,0,270,0,0,0
0,5.025191,0,0,0,270,0,0,0
0,5.036922,0,0,0,270,0,0,0
0,5.050622,0,0,0,270,0,0,0
0,5.058787,0,0,0,270,0,0,0
0,5.069947,0,0,0,270,0,0,0
0,5.080748,0,0,0,270,0,0,0
0,5.091484,0,0,0,270,0,0,0
0,5.104894,0,0,0,270,0,0,0
0,5.113779,0,0,0,270,0,0,0
0,5.125209,0,0,0,270,0,0,0
0,5.136393,0,0,0,270,0,0,0
0,5.147542,0,0,0,270,0,0,0
0,5.159919,0,0,0,270,0,0,0
0,5.16948,0,0,0,270,0,0,0
0,5.180785,0,0,0,270,0,0,0
0,5.191439,0,0,0,270,0,0,0
0,5.202887,0,0,0,270,0,0,0
0,5.213652,0,0,0,270,0,0,0
0,5.227452,0,0,0,270,0,0,0
0,5.236403,0,0,0,270,0,0,0
0,5.247462,0,0,0,270,0,0,0
0,5.259048,0,0,0,270,0,0,0
0,5.269913,0,0,0,270,0,0,0
0,5.282743,0,0,0,270,0,0,0
0,5.292252,0,0,0,270,0,0,0
0,5.303552,0,0,0,270,0,0,0
0,5.316995,0,0,0,270,0,0,0
0,5.325549,0,0,0,270,0,0,0
0,5.339175,0,0,0,270,0,0,0
0,5.347682,0,0,0,270,0,0,0
0,5.359485,0,0,0,270,0,0,0
0,5.370402,0,0,0,270,0,0,0
0,5.382799,0,0,0,270,0,0,0
0,5.392659,0,0,0,270,0,0,0
0,5.406775,0,0,0,270,0,0,0
0,5.415529,0,0,0,270,0,0,0
0,5.426693,0,0,0,270,0,0,0
0,5.437661,0,0,0,270,0,0,0
0,5.449264,0,0,0,270,0,0,0
0,5.469763,0,0,0,270,0,0,0
0,5.472957,0,0,0,270,0,0,0
0,5.479596,0,0,0,270,0,0,0
0,5.490218,0,0,0,270,0,0,0
0,5.501862,0,0,0,270,0,0,0
0,5.512816,0,0,0,270,0,0,0
0,5.525835,0,0,0,270,0,0,0
0,5.534926,0,0,0,270,0,0,0
0,5.545856,0,0,0,270,0,0,0
0,5.55729,0,0,0,270,0,0,0
0,5.568027,0,0,0,270,0,0,0
0,5.581489,0,0,0,270,0,0,0
0,5.590108,0,0,0,270,0,0,0
0,5.601642,0,0,0,270,0,0,0
0,5.612489,0,0,0,270,0,0,0
0,5.623791,0,0,0,270,0,0,0
0,5.639034,0,0,0,270,0,0,0
0,5.653888,0,0,0,270,0,0,0
0,5.656891,0,0,0,270,0,0,0
0,5.666186,0,0,0,270,0,0,0
0,5.677478,0,0,0,270,0,0,0
0,5.688351,0,0,0,270,0,0,0
0,5.700735,0,0,0,270,0,0,0
0,5.710732,0,0,0,270,0,0,0
0,5.721891,0,0,0,270,0,0,0
0,5.73281,0,0,0,270,0,0,0
0,5.744023,0,0,0,270,0,0,0
0,5.755476,0,0,0,270,0,0,0
0,5.769401,0,0,0,270,0,0,0
0,5.777679,0,0,0,270,0,0,0
0,5.791719,0,0,0,270,0,0,0
0,5.799608,0,0,0,270,0,0,0
0,5.810536,0,0,0,270,0,0,0
0,5.824304,0,0,0,270,0,0,0
0,5.833427,0,0,0,270,0,0,0
0,5.844075,0,0,0,270,0,0,0
0,5.85516,0,0,0,270,0,0,0
0,5.866121,0,0,0,270,0,0,0
0,5.879474,0,0,0,270,0,0,0
0,5.888488,0,0,0,270,0,0,0
0,5.901937,0,0,0,270,0,0,0
0,5.910863,0,0,0,270,0,0,0
0,5.921701,0,0,0,270,0,0,0
0,5.932762,0,0,0,270,0,0,0
0,5.947316,0,0,0,270,0,0,0
0,5.955504,0,0,0,270,0,0,0
0,5.969468,0,0,0,270,0,0,0
0,5.977525,0,0,0,270,0,0,0
0,5.988121,0,0,0,270,0,0,0
0,5.999645,0,0,0,270,0,0,0
0,6.010481,0,0,0,270,0,0,0
0,6.023554,0,0,0,270,0,0,0
0,6.03263,0,0,0,270,0,0,0
0,6.044341,0,0,0,270,0,0,0
0,6.055681,0,0,0,270,0,0,0
0,6.067023,0,0,0,270,0,0,0
0,6.083918,0,0,0,270,0,0,0
0,6.089972,0,0,0,270,0,0,0
0,6.101704,0,0,0,270,0,0,0
0,6.112535,0,0,0,270,0,0,0
0,6.12399,0,0,0,270,0,0,0
0,6.135503,0,0,0,270,0,0,0
0,6.148458,0,0,0,270,0,0,0
0,6.15767,0,0,0,270,0,0,0
0,6.16838,0,0,0,270,0,0,0
0,6.179672,0,0,0,270,0,0,0
0,6.19053,0,0,0,270,0,0,0
0,6.204248,0,0,0,270,0,0,0
0,6.212738,0,0,0,270,0,0,0
0,6.224064,0,0,0,270,0,0,0
0,6.235439,0,0,0,270,0,0,0
0,6.249311,0,0,0,270,0,0,0
0,6.262838,0,0,0,270,0,0,0
0,6.268215,0,0,0,270,0,0,0
0,6.279448,0,0,0,270,0,0,0
0,6.290918,0,0,0,270,0,0,0
0,6.301704,0,0,0,270,0,0,0
0,6.312481,0,0,0,270,0,0,0
0,6.325127,0,0,0,270,0,0,0
0,6.335044,0,0,0,270,0,0,0
0,6.345776,0,0,0,270,0,0,0
0,6.357275,0,0,0,270,0,0,0
0,6.368055,0,0,0,270,0,0,0
0,6.381975,0,0,0,270,0,0,0
0,6.39057,0,0,0,270,0,0,0
0,6.40458,0,0,0,270,0,0,0
0,6.412828,0,0,0,270,0,0,0
0,6.423766,0,0,0,270,0,0,0
0,6.437933,0,0,0,270,0,0,0
0,6.452463,0,0,0,270,0,0,0
0,6.457095,0,0,0,270,0,0,0
0,6.466752,0,0,0,270,0,0,0
0,6.478355,0,0,0,270,0,0,0
0,6.488827,0,0,0,270,0,0,0
0,6.502009,0,0,0,270,0,0,0
0,6.511208,0,0,0,270,0,0,0
0,6.522572,0,0,0,270,0,0,0
0,6.533568,0,0,0,270,0,0,0
0,6.545166,0,0,0,270,0,0,0
0,6.562254,0,0,0,270,0,0,0
0,6.5768,0,0,0,270,0,0,0
0,6.579711,0,0,0,270,0,0,0
0,6.58787,0,0,0,270,0,0,0
0,6.599443,0,0,0,270,0,0,0
0,6.610268,0,0,0,270,0,0,0
0,6.623779,0,0,0,270,0,0,0
0,6.632668,0,0,0,270,0,0,0
0,6.643749,0,0,0,270,0,0,0
0,6.654853,0,0,0,270,0,0,0
0,6.665795,0,0,0,270,0,0,0
0,6.678109,0,0,0,270,0,0,0
0,6.687981,0,0,0,270,0,0,0
0,6.699503,0,0,0,270,0,0,0
0,6.712116,0,0,0,270,0,0,0
0,6.721303,0,0,0,270,0,0,0
0,6.73224,0,0,0,270,0,0,0
0,6.74474,0,0,0,270,0,0,0
0,6.755035,0,0,0,270,0,0,0
0,6.765608,0,0,0,270,0,0,0
0,6.77683,0,0,0,270,0,0,0
0,6.788393,0,0,0,270,0,0,0
0,6.802596,0,0,0,270,0,0,0
0,6.809901,0,0,0,270,0,0,0
0,6.821429,0,0,0,270,0,0,0
0,6.832167,0,0,0,270,0,0,0
0,6.843567,0,0,0,270,0,0,0
0,6.855247,0,0,0,270,0,0,0
0,6.868553,0,0,0,270,0,0,0
0,6.876809,0,0,0,270,0,0,0
0,6.887801,0,0,0,270,0,0,0
0,6.899391,0,0,0,270,0,0,0
0,6.910061,0,0,0,270,0,0,0
0,6.923965,0,0,0,270,0,0,0
0,6.932206,0,0,0,270,0,0,0
0,6.943658,0,0,0,270,0,0,0
0,6.954456,0,0,0,270,0,0,0
0,6.966003,0,0,0,270,0,0,0
0,6.977084,0,0,0,270,0,0,0
0,6.990439,0,0,0,270,0,0,0
0,6.999516,0,0,0,270,0,0,0
0,7.010416,0,0,0,270,0,0,0
0,7.02333,0,0,0,270,0,0,0
0,7.033009,0,0,0,270,0,0,0
0,7.04577,0,0,0,270,0,0,0
0,7.056207,0,0,0,270,0,0,0
0,7.067863,0,0,0,270,0,0,0
0,7.078956,0,0,0,270,0,0,0
0,7.090646,0,0,0,270,0,0,0
0,7.106055,0,0,0,270,0,0,0
0,7.112571,0,0,0,270,0,0,0
0,7.124602,0,0,0,270,0,0,0
0,7.1359,0,0,0,270,0,0,0
0,7.146587,0,0,0,270,0,0,0
0,7.160135,0,0,0,270,0,0,0
0,7.168659,0,0,0,270,0,0,0
0,7.186724,0,0,0,270,0,0,0
0,7.190776,0,0,0,270,0,0,0
0,7.200372,0,0,0,270,0,0,0
0,7.210923,0,0,0,270,0,0,0
0,7.228307,0,0,0,270,0,0,0
0,7.233079,0,0,0,270,0,0,0
0,7.244764,0,0,0,270,0,0,0
0,7.255927,0,0,0,270,0,0,0
0,7.266315,0,0,0,270,0,0,0
0,7.281049,0,0,0,270,0,0,0
0,7.28896,0,0,0,270,0,0,0
0,7.300258,0,0,0,270,0,0,0
0,7.310719,0,0,0,270,0,0,0
0,7.322381,0,0,0,270,0,0,0
0,7.336609,0,0,0,270,0,0,0
0,7.353225,0,0,0,270,0,0,0
0,7.35647,0,0,0,270,0,0,0
0,7.365654,0,0,0,270,0,0,0
0,7.376803,0,0,0,270,0,0,0
0,7.388218,0,0,0,270,0,0,0
0,7.41253,0,0,0,270,0,0,0
0,7.418148,0,0,0,270,0,0,0
0,7.421837,0,0,0,270,0,0,0
0,7.432262,0,0,0,270,0,0,0
0,7.443509,0,0,0,270,0,0,0
0,7.454515,0,0,0,270,0,0,0
0,7.470745,0,0,0,270,0,0,0
0,7.477244,0,0,0,270,0,0,0
0,7.49391,0,0,0,270,0,0,0
0,7.499177,0,0,0,270,0,0,0
0,7.512855,0,0,0,270,0,0,0
0,7.529647,0,0,0,270,0,0,0
0,7.543591,0,0,0,270,0,0,0
0,7.555057,0,0,0,270,0,0,0
0,7.565348,0,0,0,270,0,0,0
0,7.580729,0,0,0,270,0,0,0
0,7.58763,0,0,0,270,0,0,0
0,7.599265,0,0,0,270,0,0,0
0,7.609616,0,0,0,270,0,0,0
0,7.621113,0,0,0,270,0,0,0
0,7.632294,0,0,0,270,0,0,0
0,7.645606,0,0,0,270,0,0,0
0,7.654207,0,0,0,270,0,0,0
0,7.666131,0,0,0,270,0,0,0
0,7.677175,0,0,0,270,0,0,0
0,7.687791,0,0,0,270,0,0,0
0,7.701604,0,0,0,270,0,0,0
0,7.709631,0,0,0,270,0,0,0
0,7.721311,0,0,0,270,0,0,0
0,7.731887,0,0,0,270,0,0,0
0,7.743356,0,0,0,270,0,0,0
0,7.754168,0,0,0,270,0,0,0
0,7.76917,0,0,0,270,0,0,0
0,7.776782,0,0,0,270,0,0,0
0,7.787523,0,0,0,270,0,0,0
0,7.8005,0,0,0,270,0,0,0
0,7.809665,0,0,0,270,0,0,0
0,7.823497,0,0,0,270,0,0,0
0,7.831886,0,0,0,270,0,0,0
0,7.843989,0,0,0,270,0,0,0
0,7.854965,0,0,0,270,0,0,0
0,7.86576,0,0,0,270,0,0,0
0,7.877773,0,0,0,270,0,0,0
0,7.887904,0,0,0,270,0,0,0
0,7.899432,0,0,0,270,0,0,0
0,7.910568,0,0,0,270,0,0,0
0,7.922165,0,0,0,270,0,0,0
0,7.933168,0,0,0,270,0,0,0
0,7.946119,0,0,0,270,0,0,0
0,7.956144,0,0,0,270,0,0,0
0,7.967344,0,0,0,270,0,0,0
0,7.979056,0,0,0,270,0,0,0
0,7.989945,0,0,0,270,0,0,0
0,8.002738,0,0,0,270,0,0,0
0,8.012516,0,0,0,270,0,0,0
0,8.024022,0,0,0,270,0,0,0
0,8.035674,0,0,0,270,0,0,0
0,8.04673,0,0,0,270,0,0,0
0,8.063516,0,0,0,270,0,0,0
0,8.069304,0,0,0,270,0,0,0
0,8.078646,0,0,0,270,0,0,0
0,8.089232,0,0,0,270,0,0,0
0,8.101259,0,0,0,270,0,0,0
0,8.115882,0,0,0,270,0,0,0
0,8.128415,0,0,0,270,0,0,0
0,8.133608,0,0,0,270,0,0,0
0,8.144751,0,0,0,270,0,0,0
0,8.155746,0,0,0,270,0,0,0
0,8.166602,0,0,0,270,0,0,0
0,8.182493,0,0,0,270,0,0,0
0,8.188664,0,0,0,270,0,0,0
0,8.200388,0,0,0,270,0,0,0
0,8.211003,0,0,0,270,0,0,0
0,8.222411,0,0,0,270,0,0,0
0,8.233126,0,0,0,270,0,0,0
0,8.245622,0,0,0,270,0,0,0
0,8.255856,0,0,0,270,0,0,0
0,8.269143,0,0,0,270,0,0,0
0,8.277788,0,0,0,270,0,0,0
0,8.289054,0,0,0,270,0,0,0
0,8.301441,0,0,0,270,0,0,0
0,8.310788,0,0,0,270,0,0,0
0,8.322282,0,0,0,270,0,0,0
0,8.333153,0,0,0,270,0,0,0
0,8.344455,0,0,0,270,0,0,0
0,8.355557,0,0,0,270,0,0,0
0,8.368911,0,0,0,270,0,0,0
0,8.377653,0,0,0,270,0,0,0
0,8.388683,0,0,0,270,0,0,0
0,8.40071,0,0,0,270,0,0,0
0,8.410937,0,0,0,270,0,0,0
0,8.426467,0,0,0,270,0,0,0
0,8.433212,0,0,0,270,0,0,0
0,8.444519,0,0,0,270,0,0,0
0,8.455597,0,0,0,270,0,0,0
0,8.466391,0,0,0,270,0,0,0
0,8.488536,0,0,0,270,0,0,0
0,8.491626,0,0,0,270,0,0,0
0,8.499299,0,0,0,270,0,0,0
0,8.510389,0,0,0,270,0,0,0
0,8.52541,0,0,0,270,0,0,0
0,8.53242,0,0,0,270,0,0,0
0,8.543858,0,0,0,270,0,0,0
0,8.554804,0,0,0,270,0,0,0
0,8.567465,0,0,0,270,0,0,0
0,8.581203,0,0,0,270,0,0,0
0,8.587821,0,0,0,270,0,0,0
0,8.600875,0,0,0,270,0,0,0
0,8.610141,0,0,0,270,0,0,0
0,8.621536,0,0,0,270,0,0,0
0,8.632266,0,0,0,270,0,0,0
0,8.645372,0,0,0,270,0,0,0
0,8.654823,0,0,0,270,0,0,0
0,8.665841,0,0,0,270,0,0,0
0,8.676973,0,0,0,270,0,0,0
0,8.687903,0,0,0,270,0,0,0
0,8.702984,0,0,0,270,0,0,0
0,8.710658,0,0,0,270,0,0,0
0,8.721777,0,0,0,270,0,0,0
0,8.735671,0,0,0,270,0,0,0
0,8.743451,0,0,0,270,0,0,0
0,8.757637,0,0,0,270,0,0,0
0,8.76557,0,0,0,270,0,0,0
0,8.777153,0,0,0,270,0,0,0
0,8.788442,0,0,0,270,0,0,0
0,8.799098,0,0,0,270,0,0,0
0,8.810026,0,0,0,270,0,0,0
0,8.822515,0,0,0,270,0,0,0
0,8.832278,0,0,0,270,0,0,0
0,8.843947,0,0,0,270,0,0,0
0,8.855136,0,0,0,270,0,0,0
0,8.866207,0,0,0,270,0,0,0
0,8.879544,0,0,0,270,0,0,0
0,8.888991,0,0,0,270,0,0,0
0,8.900642,0,0,0,270,0,0,0
0,8.9117,0,0,0,270,0,0,0
0,8.923051,0,0,0,270,0,0,0
0,8.934143,0,0,0,270,0,0,0
0,8.946856,0,0,0,270,0,0,0
0,8.956938,0,0,0,270,0,0,0
0,8.968136,0,0,0,270,0,0,0
0,8.979638,0,0,0,270,0,0,0
0,8.990687,0,0,0,270,0,0,0
0,9.004188,0,0,0,270,0,0,0
0,9.013227,0,0,0,270,0,0,0
0,9.02466,0,0,0,270,0,0,0
0,9.035723,0,0,0,270,0,0,0
0,9.048788,0,0,0,270,0,0,0
0,9.062246,0,0,0,270,0,0,0
0,9.069385,0,0,0,270,0,0,0
0,9.079737,0,0,0,270,0,0,0
0,9.090566,0,0,0,270,0,0,0
0,9.102162,0,0,0,270,0,0,0
0,9.11256,0,0,0,270,0,0,0
0,9.125808,0,0,0,270,0,0,0
0,9.135252,0,0,0,270,0,0,0
0,9.146024,0,0,0,270,0,0,0
0,9.157414,0,0,0,270,0,0,0
0,9.168177,0,0,0,270,0,0,0
0,9.18246,0,0,0,270,0,0,0
0,9.190533,0,0,0,270,0,0,0
0,9.203776,0,0,0,270,0,0,0
0,9.212538,0,0,0,270,0,0,0
0,9.224172,0,0,0,270,0,0,0
0,9.235216,0,0,0,270,0,0,0
0,9.25129,0,0,0,270,0,0,0
0,9.257607,0,0,0,270,0,0,0
0,9.266694,0,0,0,270,0,0,0
0,9.2798,0,0,0,270,0,0,0
0,9.289153,0,0,0,270,0,0,0
0,9.301669,0,0,0,270,0,0,0
0,9.310903,0,0,0,270,0,0,0
0,9.32255,0,0,0,270,0,0,0
0,9.333203,0,0,0,270,0,0,0
0,9.344684,0,0,0,270,0,0,0
0,9.357312,0,0,0,270,0,0,0
0,9.371765,0,0,0,270,0,0,0
0,9.378288,0,0,0,270,0,0,0
0,9.38873,0,0,0,270,0,0,0
0,9.400213,0,0,0,270,0,0,0
0,9.411365,0,0,0,270,0,0,0
0,9.426985,0,0,0,270,0,0,0
0,9.433163,0,0,0,270,0,0,0
0,9.444839,0,0,0,270,0,0,0
0,9.455963,0,0,0,270,0,0,0
0,9.466543,0,0,0,270,0,0,0
0,9.479836,0,0,0,270,0,0,0
0,9.488639,0,0,0,270,0,0,0
0,9.500304,0,0,0,270,0,0,0
0,9.517885,0,0,0,270,0,0,0
0,9.530196,0,0,0,270,0,0,0
0,9.532542,0,0,0,270,0,0,0
0,9.542778,0,0,0,270,0,0,0
0,9.5533,0,0,0,270,0,0,0
0,9.564834,0,0,0,270,0,0,0
0,9.57618,0,0,0,270,0,0,0
0,9.590523,0,0,0,270,0,0,0
0,9.598874,0,0,0,270,0,0,0
0,9.608856,0,0,0,270,0,0,0
0,9.620173,0,0,0,270,0,0,0
0,9.631542,0,0,0,270,0,0,0
0,9.644686,0,0,0,270,0,0,0
0,9.653301,0,0,0,270,0,0,0
0,9.667998,0,0,0,270,0,0,0
0,9.675591,0,0,0,270,0,0,0
0,9.686625,0,0,0,270,0,0,0
0,9.69959,0,0,0,270,0,0,0
0,9.708673,0,0,0,270,0,0,0
0,9.720079,0,0,0,270,0,0,0
0,9.73091,0,0,0,270,0,0,0
0,9.745234,0,0,0,270,0,0,0
0,9.753282,0,0,0,270,0,0,0
0,9.765108,0,0,0,270,0,0,0
0,9.775901,0,0,0,270,0,0,0
0,9.786755,0,0,0,270,0,0,0
0,9.799515,0,0,0,270,0,0,0
0,9.808831,0,0,0,270,0,0,0
0,9.824545,0,0,0,270,0,0,0
0,9.830719,0,0,0,270,0,0,0
0,9.842319,0,0,0,270,0,0,0
0,9.853109,0,0,0,270,0,0,0
0,9.866282,0,0,0,270,0,0,0
0,9.875747,0,0,0,270,0,0,0
0,9.886665,0,0,0,270,0,0,0
0,9.897931,0,0,0,270,0,0,0
0,9.908777,0,0,0,270,0,0,0
0,9.921382,0,0,0,270,0,0,0
0,9.931459,0,0,0,270,0,0,0
0,9.943399,0,0,0,270,0,0,0
0,9.954286,0,0,0,270,0,0,0
0,9.96612,0,0,0,270,0,0,0
0,9.980417,0,0,0,270,0,0,0
0,9.994419,0,0,0,270,0,0,0
0,9.999715,0,0,0,270,0,0,0
0,10.00976,0,0,0,270,0,0,0
0,10.0211,0,0,0,270,0,0,0
0,10.03179,0,0,0,270,0,0,0
0,10.04682,0,0,0,270,0,0,0
0,10.05411,0,0,0,270,0,0,0
0,10.06567,0,0,0,270,0,0,0
0,10.07674,0,0,0,270,0,0,0
0,10.08745,0,0,0,270,0,0,0
0,10.10069,0,0,0,270,0,0,0
0,10.10952,0,0,0,270,0,0,0
0,10.12095,0,0,0,270,0,0,0
0,10.13364,0,0,0,270,0,0,0
0,10.14349,0,0,0,270,0,0,0
0,10.15491,0,0,0,270,0,0,0
0,10.16909,0,0,0,270,0,0,0
0,10.17634,0,0,0,270,0,0,0
0,10.18761,0,0,0,270,0,0,0
0,10.19891,0,0,0,270,0,0,0
0,10.20972,0,0,0,270,0,0,0
0,10.22452,0,0,0,270,0,0,0
0,10.23173,0,0,0,270,0,0,0
0,10.24346,0,0,0,270,0,0,0
0,10.25406,0,0,0,270,0,0,0
0,10.26538,0,0,0,270,0,0,0
0,10.27664,0,0,0,270,0,0,0
0,10.29138,0,0,0,270,0,0,0
0,10.29882,0,0,0,270,0,0,0
0,10.30948,0,0,0,270,0,0,0
0,10.32089,0,0,0,270,0,0,0
0,10.33217,0,0,0,270,0,0,0
0,10.34408,0,0,0,270,0,0,0
0,10.35412,0,0,0,270,0,0,0
0,10.36563,0,0,0,270,0,0,0
0,10.37697,0,0,0,270,0,0,0
0,10.38845,0,0,0,270,0,0,0
0,10.40716,0,0,0,270,0,0,0
0,10.41134,0,0,0,270,0,0,0
0,10.42024,0,0,0,270,0,0,0
0,10.43132,0,0,0,270,0,0,0
0,10.44738,0,0,0,270,0,0,0
0,10.45323,0,0,0,270,0,0,0
0,10.46912,0,0,0,270,0,0,0
0,10.47616,0,0,0,270,0,0,0
0,10.48655,0,0,0,270,0,0,0
0,10.49803,0,0,0,270,0,0,0
0,10.50896,0,0,0,270,0,0,0
0,10.52297,0,0,0,270,0,0,0
0,10.53081,0,0,0,270,0,0,0
0,10.54556,0,0,0,270,0,0,0
0,10.55719,0,0,0,270,0,0,0
0,10.56449,0,0,0,270,0,0,0
0,10.57974,0,0,0,270,0,0,0
0,10.58668,0,0,0,270,0,0,0
0,10.60314,0,0,0,270,0,0,0
0,10.60852,0,0,0,270,0,0,0
0,10.62027,0,0,0,270,0,0,0
0,10.63101,0,0,0,270,0,0,0
0,10.64536,0,0,0,270,0,0,0
0,10.65307,0,0,0,270,0,0,0
0,10.66453,0,0,0,270,0,0,0
0,10.67594,0,0,0,270,0,0,0
0,10.68664,0,0,0,270,0,0,0
0,10.70051,0,0,0,270,0,0,0
0,10.70896,0,0,0,270,0,0,0
0,10.71992,0,0,0,270,0,0,0
0,10.73084,0,0,0,270,0,0,0
0,10.74217,0,0,0,270,0,0,0
0,10.7558,0,0,0,270,0,0,0
0,10.76909,0,0,0,270,0,0,0
0,10.77576,0,0,0,270,0,0,0
0,10.78706,0,0,0,270,0,0,0
0,10.79871,0,0,0,270,0,0,0
0,10.80966,0,0,0,270,0,0,0
0,10.82269,0,0,0,270,0,0,0
0,10.83253,0,0,0,270,0,0,0
0,10.84388,0,0,0,270,0,0,0
0,10.85531,0,0,0,270,0,0,0
0,10.8665,0,0,0,270,0,0,0
0,10.88101,0,0,0,270,0,0,0
0,10.88866,0,0,0,270,0,0,0
0,10.90044,0,0,0,270,0,0,0
0,10.91327,0,0,0,270,0,0,0
0,10.92249,0,0,0,270,0,0,0
0,10.93315,0,0,0,270,0,0,0
0,10.94631,0,0,0,270,0,0,0
0,10.95565,0,0,0,270,0,0,0
0,10.96675,0,0,0,270,0,0,0
0,10.97806,0,0,0,270,0,0,0
0,10.98879,0,0,0,270,0,0,0
0,11.00216,0,0,0,270,0,0,0
0,11.01117,0,0,0,270,0,0,0
0,11.02258,0,0,0,270,0,0,0
0,11.03318,0,0,0,270,0,0,0
0,11.04466,0,0,0,270,0,0,0
0,11.05592,0,0,0,270,0,0,0
0,11.07241,0,0,0,270,0,0,0
0,11.07782,0,0,0,270,0,0,0
0,11.08844,0,0,0,270,0,0,0
0,11.10013,0,0,0,270,0,0,0
0,11.11045,0,0,0,270,0,0,0
0,11.12377,0,0,0,270,0,0,0
0,11.13253,0,0,0,270,0,0,0
0,11.1441,0,0,0,270,0,0,0
0,11.15506,0,0,0,270,0,0,0
0,11.16619,0,0,0,270,0,0,0
0,11.18344,0,0,0,270,0,0,0
0,11.188,0,0,0,270,0,0,0
0,11.19875,0,0,0,270,0,0,0
0,11.20948,0,0,0,270,0,0,0
0,11.22208,0,0,0,270,0,0,0
0,11.23163,0,0,0,270,0,0,0
0,11.24474,0,0,0,270,0,0,0
0,11.25379,0,0,0,270,0,0,0
0,11.26541,0,0,0,270,0,0,0
0,11.27639,0,0,0,270,0,0,0
0,11.28779,0,0,0,270,0,0,0
0,11.30092,0,0,0,270,0,0,0
0,11.30947,0,0,0,270,0,0,0
0,11.3207,0,0,0,270,0,0,0
0,11.33162,0,0,0,270,0,0,0
0,11.34304,0,0,0,270,0,0,0
0,11.35373,0,0,0,270,0,0,0
0,11.3661,0,0,0,270,0,0,0
0,11.37636,0,0,0,270,0,0,0
0,11.38713,0,0,0,270,0,0,0
0,11.3985,0,0,0,270,0,0,0
0,11.40938,0,0,0,270,0,0,0
0,11.42285,0,0,0,270,0,0,0
0,11.43156,0,0,0,270,0,0,0
0,11.44281,0,0,0,270,0,0,0
0,11.45375,0,0,0,270,0,0,0
0,11.46514,0,0,0,270,0,0,0
0,11.4763,0,0,0,270,0,0,0
0,11.49055,0,0,0,270,0,0,0
0,11.49887,0,0,0,270,0,0,0
0,11.50937,0,0,0,270,0,0,0
0,11.52077,0,0,0,270,0,0,0
0,11.53439,0,0,0,270,0,0,0
0,11.55046,0,0,0,270,0,0,0
0,11.55386,0,0,0,270,0,0,0
0,11.5637,0,0,0,270,0,0,0
0,11.57494,0,0,0,270,0,0,0
0,11.58564,0,0,0,270,0,0,0
0,11.59972,0,0,0,270,0,0,0
0,11.60813,0,0,0,270,0,0,0
0,11.61917,0,0,0,270,0,0,0
0,11.63045,0,0,0,270,0,0,0
0,11.64136,0,0,0,270,0,0,0
0,11.65224,0,0,0,270,0,0,0
0,11.66534,0,0,0,270,0,0,0
0,11.67484,0,0,0,270,0,0,0
0,11.6939,0,0,0,270,0,0,0
0,11.70008,0,0,0,270,0,0,0
0,11.71174,0,0,0,270,0,0,0
0,11.72545,0,0,0,270,0,0,0
0,11.73012,0,0,0,270,0,0,0
0,11.7415,0,0,0,270,0,0,0
0,11.75224,0,0,0,270,0,0,0
0,11.76348,0,0,0,270,0,0,0
0,11.77442,0,0,0,270,0,0,0
0,11.78712,0,0,0,270,0,0,0
0,11.79695,0,0,0,270,0,0,0
0,11.80768,0,0,0,270,0,0,0
0,11.81916,0,0,0,270,0,0,0
0,11.83004,0,0,0,270,0,0,0
0,11.84338,0,0,0,270,0,0,0
0,11.85259,0,0,0,270,0,0,0
0,11.86347,0,0,0,270,0,0,0
0,11.87444,0,0,0,270,0,0,0
0,11.88574,0,0,0,270,0,0,0
0,11.89713,0,0,0,270,0,0,0
0,11.9128,0,0,0,270,0,0,0
0,11.91938,0,0,0,270,0,0,0
0,11.93072,0,0,0,270,0,0,0
0,11.94206,0,0,0,270,0,0,0
0,11.95346,0,0,0,270,0,0,0
0,11.96612,0,0,0,270,0,0,0
0,11.97708,0,0,0,270,0,0,0
0,11.98717,0,0,0,270,0,0,0
0,12.00214,0,0,0,270,0,0,0
0,12.00932,0,0,0,270,0,0,0
0,12.02236,0,0,0,270,0,0,0
0,12.03143,0,0,0,270,0,0,0
0,12.04268,0,0,0,270,0,0,0
0,12.05387,0,0,0,270,0,0,0
0,12.06491,0,0,0,270,0,0,0
0,12.07641,0,0,0,270,0,0,0
0,12.09256,0,0,0,270,0,0,0
0,12.09852,0,0,0,270,0,0,0
0,12.10992,0,0,0,270,0,0,0
0,12.12192,0,0,0,270,0,0,0
0,12.13229,0,0,0,270,0,0,0
0,12.14739,0,0,0,270,0,0,0
0,12.1548,0,0,0,270,0,0,0
0,12.16543,0,0,0,270,0,0,0
0,12.17653,0,0,0,270,0,0,0
0,12.18771,0,0,0,270,0,0,0
0,12.20125,0,0,0,270,0,0,0
0,12.21015,0,0,0,270,0,0,0
0,12.2212,0,0,0,270,0,0,0
0,12.23232,0,0,0,270,0,0,0
0,12.24362,0,0,0,270,0,0,0
0,12.25517,0,0,0,270,0,0,0
0,12.26908,0,0,0,270,0,0,0
0,12.27665,0,0,0,270,0,0,0
0,12.2878,0,0,0,270,0,0,0
0,12.29887,0,0,0,270,0,0,0
0,12.31142,0,0,0,270,0,0,0
0,12.32418,0,0,0,270,0,0,0
0,12.33201,0,0,0,270,0,0,0
0,12.34316,0,0,0,270,0,0,0
0,12.35431,0,0,0,270,0,0,0
0,12.3655,0,0,0,270,0,0,0
0,12.37665,0,0,0,270,0,0,0
0,12.38867,0,0,0,270,0,0,0
0,12.3987,0,0,0,270,0,0,0
0,12.4098,0,0,0,270,0,0,0
0,12.42096,0,0,0,270,0,0,0
0,12.43228,0,0,0,270,0,0,0
0,12.4487,0,0,0,270,0,0,0
0,12.45428,0,0,0,270,0,0,0
0,12.46842,0,0,0,270,0,0,0
0,12.47716,0,0,0,270,0,0,0
0,12.48737,0,0,0,270,0,0,0
0,12.50095,0,0,0,270,0,0,0
0,12.50992,0,0,0,270,0,0,0
0,12.52101,0,0,0,270,0,0,0
0,12.53182,0,0,0,270,0,0,0
0,12.54294,0,0,0,270,0,0,0
0,12.55402,0,0,0,270,0,0,0
0,12.57512,0,0,0,270,0,0,0
0,12.57794,0,0,0,270,0,0,0
0,12.58651,0,0,0,270,0,0,0
0,12.59818,0,0,0,270,0,0,0
0,12.60899,0,0,0,270,0,0,0
0,12.62251,0,0,0,270,0,0,0
0,12.63116,0,0,0,270,0,0,0
0,12.64206,0,0,0,270,0,0,0
0,12.65328,0,0,0,270,0,0,0
0,12.66454,0,0,0,270,0,0,0
0,12.67602,0,0,0,270,0,0,0
0,12.68837,0,0,0,270,0,0,0
0,12.69771,0,0,0,270,0,0,0
0,12.70873,0,0,0,270,0,0,0
0,12.71982,0,0,0,270,0,0,0
0,12.731,0,0,0,270,0,0,0
0,12.74421,0,0,0,270,0,0,0
0,12.75352,0,0,0,270,0,0,0
0,12.76446,0,0,0,270,0,0,0
0,12.77777,0,0,0,270,0,0,0
0,12.78698,0,0,0,270,0,0,0
0,12.80171,0,0,0,270,0,0,0
0,12.80867,0,0,0,270,0,0,0
0,12.81976,0,0,0,270,0,0,0
0,12.83102,0,0,0,270,0,0,0
0,12.84217,0,0,0,270,0,0,0
0,12.85307,0,0,0,270,0,0,0
0,12.86585,0,0,0,270,0,0,0
0,12.87561,0,0,0,270,0,0,0
0,12.88638,0,0,0,270,0,0,0
0,12.89755,0,0,0,270,0,0,0
0,12.90856,0,0,0,270,0,0,0
0,12.92099,0,0,0,270,0,0,0
0,12.93106,0,0,0,270,0,0,0
0,12.94304,0,0,0,270,0,0,0
0,12.95359,0,0,0,270,0,0,0
0,12.96496,0,0,0,270,0,0,0
0,12.97719,0,0,0,270,0,0,0
0,12.99132,0,0,0,270,0,0,0
0,12.9987,0,0,0,270,0,0,0
0,13.01048,0,0,0,270,0,0,0
0,13.02159,0,0,0,270,0,0,0
0,13.0328,0,0,0,270,0,0,0
0,13.04591,0,0,0,270,0,0,0
0,13.0554,0,0,0,270,0,0,0
0,13.0668,0,0,0,270,0,0,0
0,13.07781,0,0,0,270,0,0,0
0,13.091,0,0,0,270,0,0,0
0,13.10686,0,0,0,270,0,0,0
0,13.11085,0,0,0,270,0,0,0
0,13.12054,0,0,0,270,0,0,0
0,13.13008,0,0,0,270,0,0,0
0,13.14135,0,0,0,270,0,0,0
0,13.15239,0,0,0,270,0,0,0
0,13.16612,0,0,0,270,0,0,0
0,13.17485,0,0,0,270,0,0,0
0,13.18564,0,0,0,270,0,0,0
0,13.19715,0,0,0,270,0,0,0
0,13.20787,0,0,0,270,0,0,0
0,13.2227,0,0,0,270,0,0,0
0,13.2303,0,0,0,270,0,0,0
0,13.24385,0,0,0,270,0,0,0
0,13.25237,0,0,0,270,0,0,0
0,13.26363,0,0,0,270,0,0,0
0,13.27487,0,0,0,270,0,0,0
0,13.29047,0,0,0,270,0,0,0
0,13.29699,0,0,0,270,0,0,0
0,13.30788,0,0,0,270,0,0,0
0,13.31909,0,0,0,270,0,0,0
0,13.33056,0,0,0,270,0,0,0
0,13.34522,0,0,0,270,0,0,0
0,13.35251,0,0,0,270,0,0,0
0,13.36384,0,0,0,270,0,0,0
0,13.37452,0,0,0,270,0,0,0
0,13.38573,0,0,0,270,0,0,0
0,13.39898,0,0,0,270,0,0,0
0,13.41154,0,0,0,270,0,0,0
0,13.41891,0,0,0,270,0,0,0
0,13.43009,0,0,0,270,0,0,0
0,13.44154,0,0,0,270,0,0,0
0,13.45253,0,0,0,270,0,0,0
0,13.46641,0,0,0,270,0,0,0
0,13.48976,0,0,0,270,0,0,0
0,13.50954,0,0,0,270,0,0,0
0,13.51846,0,0,0,270,0,0,0
0,13.52946,0,0,0,270,0,0,0
0,13.54482,0,0,0,270,0,0,0
0,13.55153,0,0,0,270,0,0,0
0,13.56281,0,0,0,270,0,0,0
0,13.57369,0,0,0,270,0,0,0
0,13.58661,0,0,0,270,0,0,0
0,13.5963,0,0,0,270,0,0,0
0,13.60737,0,0,0,270,0,0,0
0,13.61864,0,0,0,270,0,0,0
0,13.6327,0,0,0,270,0,0,0
0,13.64072,0,0,0,270,0,0,0
0,13.65144,0,0,0,270,0,0,0
0,13.66266,0,0,0,270,0,0,0
0,13.67367,0,0,0,270,0,0,0
0,13.68626,0,0,0,270,0,0,0
0,13.69633,0,0,0,270,0,0,0
0,13.70929,0,0,0,270,0,0,0
0,13.71839,0,0,0,270,0,0,0
0,13.72919,0,0,0,270,0,0,0
0,13.7419,0,0,0,270,0,0,0
0,13.75152,0,0,0,270,0,0,0
0,13.76483,0,0,0,270,0,0,0
0,13.7735,0,0,0,270,0,0,0
0,13.78501,0,0,0,270,0,0,0
0,13.79599,0,0,0,270,0,0,0
0,13.80937,0,0,0,270,0,0,0
0,13.81843,0,0,0,270,0,0,0
0,13.82923,0,0,0,270,0,0,0
0,13.84063,0,0,0,270,0,0,0
0,13.8516,0,0,0,270,0,0,0
0,13.86417,0,0,0,270,0,0,0
0,13.87557,0,0,0,270,0,0,0
0,13.88486,0,0,0,270,0,0,0
0,13.89597,0,0,0,270,0,0,0
0,13.90709,0,0,0,270,0,0,0
0,13.92014,0,0,0,270,0,0,0
0,13.92919,0,0,0,270,0,0,0
0,13.94038,0,0,0,270,0,0,0
0,13.9516,0,0,0,270,0,0,0
0,13.96327,0,0,0,270,0,0,0
0,13.97501,0,0,0,270,0,0,0
0,13.98729,0,0,0,270,0,0,0
0,13.9977,0,0,0,270,0,0,0
0,14.00902,0,0,0,270,0,0,0
0,14.02367,0,0,0,270,0,0,0
0,14.03138,0,0,0,270,0,0,0
0,14.04449,0,0,0,270,0,0,0
0,14.05439,0,0,0,270,0,0,0
0,14.0667,0,0,0,270,0,0,0
0,14.07806,0,0,0,270,0,0,0
0,14.08897,0,0,0,270,0,0,0
0,14.10592,0,0,0,270,0,0,0
0,14.11115,0,0,0,270,0,0,0
0,14.12101,0,0,0,270,0,0,0
0,14.13139,0,0,0,270,0,0,0
0,14.14235,0,0,0,270,0,0,0
0,14.15321,0,0,0,270,0,0,0
0,14.16762,0,0,0,270,0,0,0
0,14.17557,0,0,0,270,0,0,0
0,14.1865,0,0,0,270,0,0,0
0,14.19816,0,0,0,270,0,0,0
0,14.20878,0,0,0,270,0,0,0
0,14.2259,0,0,0,270,0,0,0
0,14.23085,0,0,0,270,0,0,0
0,14.24218,0,0,0,270,0,0,0
0,14.25301,0,0,0,270,0,0,0
0,14.26449,0,0,0,270,0,0,0
0,14.27557,0,0,0,270,0,0,0
0,14.28964,0,0,0,270,0,0,0
0,14.29767,0,0,0,270,0,0,0
0,14.30847,0,0,0,270,0,0,0
0,14.32044,0,0,0,270,0,0,0
0,14.3327,0,0,0,270,0,0,0
0,14.34602,0,0,0,270,0,0,0
0,14.35308,0,0,0,270,0,0,0
0,14.36426,0,0,0,270,0,0,0
0,14.37555,0,0,0,270,0,0,0
0,14.38714,0,0,0,270,0,0,0
0,14.41039,0,0,0,270,0,0,0
0,14.4142,0,0,0,270,0,0,0
0,14.41787,0,0,0,270,0,0,0
0,14.42876,0,0,0,270,0,0,0
0,14.44025,0,0,0,270,0,0,0
0,14.45107,0,0,0,270,0,0,0
0,14.46438,0,0,0,270,0,0,0
0,14.47374,0,0,0,270,0,0,0
0,14.48712,0,0,0,270,0,0,0
0,14.49563,0,0,0,270,0,0,0
0,14.50673,0,0,0,270,0,0,0
0,14.52073,0,0,0,270,0,0,0
0,14.52908,0,0,0,270,0,0,0
0,14.54046,0,0,0,270,0,0,0
0,14.5511,0,0,0,270,0,0,0
0,14.56233,0,0,0,270,0,0,0
0,14.57358,0,0,0,270,0,0,0
0,14.58629,0,0,0,270,0,0,0
0,14.59579,0,0,0,270,0,0,0
0,14.60665,0,0,0,270,0,0,0
0,14.61786,0,0,0,270,0,0,0
0,14.62878,0,0,0,270,0,0,0
0,14.64178,0,0,0,270,0,0,0
0,14.65084,0,0,0,270,0,0,0
0,14.6626,0,0,0,270,0,0,0
0,14.67346,0,0,0,270,0,0,0
0,14.68478,0,0,0,270,0,0,0
0,14.69575,0,0,0,270,0,0,0
0,14.71075,0,0,0,270,0,0,0
0,14.71783,0,0,0,270,0,0,0
0,14.72862,0,0,0,270,0,0,0
0,14.74032,0,0,0,270,0,0,0
0,14.75099,0,0,0,270,0,0,0
0,14.76452,0,0,0,270,0,0,0
0,14.77372,0,0,0,270,0,0,0
0,14.78462,0,0,0,270,0,0,0
0,14.79836,0,0,0,270,0,0,0
0,14.80711,0,0,0,270,0,0,0
0,14.82101,0,0,0,270,0,0,0
0,14.82973,0,0,0,270,0,0,0
0,14.84146,0,0,0,270,0,0,0
0,14.85318,0,0,0,270,0,0,0
0,14.86432,0,0,0,270,0,0,0
0,14.87573,0,0,0,270,0,0,0
0,14.89009,0,0,0,270,0,0,0
0,14.89813,0,0,0,270,0,0,0
0,14.90954,0,0,0,270,0,0,0
0,14.92138,0,0,0,270,0,0,0
0,14.93215,0,0,0,270,0,0,0
0,14.94443,0,0,0,270,0,0,0
0,14.95474,0,0,0,270,0,0,0
0,14.96568,0,0,0,270,0,0,0
0,14.97712,0,0,0,270,0,0,0
0,14.98822,0,0,0,270,0,0,0
0,15.00179,0,0,0,270,0,0,0
0,15.01008,0,0,0,270,0,0,0
0,15.02154,0,0,0,270,0,0,0
0,15.03234,0,0,0,270,0,0,0
0,15.04385,0,0,0,270,0,0,0
0,15.05443,0,0,0,270,0,0,0
0,15.0683,0,0,0,270,0,0,0
0,15.07698,0,0,0,270,0,0,0
0,15.08828,0,0,0,270,0,0,0
0,15.10052,0,0,0,270,0,0,0
0,15.11748,0,0,0,270,0,0,0
0,15.13166,0,0,0,270,0,0,0
0,15.14076,0,0,0,270,0,0,0
0,15.15148,0,0,0,270,0,0,0
0,15.16382,0,0,0,270,0,0,0
0,15.1739,0,0,0,270,0,0,0
0,15.18646,0,0,0,270,0,0,0
0,15.19625,0,0,0,270,0,0,0
0,15.20771,0,0,0,270,0,0,0
0,15.21843,0,0,0,270,0,0,0
0,15.22936,0,0,0,270,0,0,0
0,15.24366,0,0,0,270,0,0,0
0,15.25165,0,0,0,270,0,0,0
0,15.26538,0,0,0,270,0,0,0
0,15.27366,0,0,0,270,0,0,0
0,15.28514,0,0,0,270,0,0,0
0,15.2964,0,0,0,270,0,0,0
0,15.30939,0,0,0,270,0,0,0
0,15.31846,0,0,0,270,0,0,0
0,15.32944,0,0,0,270,0,0,0
0,15.34068,0,0,0,270,0,0,0
0,15.35389,0,0,0,270,0,0,0
0,15.36293,0,0,0,270,0,0,0
0,15.37366,0,0,0,270,0,0,0
0,15.38539,0,0,0,270,0,0,0
0,15.40009,0,0,0,270,0,0,0
0,15.40728,0,0,0,270,0,0,0
0,15.42147,0,0,0,270,0,0,0
0,15.42976,0,0,0,270,0,0,0
0,15.44633,0,0,0,270,0,0,0
0,15.45212,0,0,0,270,0,0,0
0,15.463,0,0,0,270,0,0,0
0,15.4737,0,0,0,270,0,0,0
0,15.49114,0,0,0,270,0,0,0
0,15.49644,0,0,0,270,0,0,0
0,15.50776,0,0,0,270,0,0,0
0,15.52242,0,0,0,270,0,0,0
0,15.53042,0,0,0,270,0,0,0
0,15.54199,0,0,0,270,0,0,0
0,15.55824,0,0,0,270,0,0,0
0,15.57509,0,0,0,270,0,0,0
0,15.57805,0,0,0,270,0,0,0
0,15.59367,0,0,0,270,0,0,0
0,15.59693,0,0,0,270,0,0,0
0,15.61166,0,0,0,270,0,0,0
0,15.61765,0,0,0,270,0,0,0
0,15.63357,0,0,0,270,0,0,0
0,15.6399,0,0,0,270,0,0,0
0,15.65512,0,0,0,270,0,0,0
0,15.66222,0,0,0,270,0,0,0
0,15.67902,0,0,0,270,0,0,0
0,15.68411,0,0,0,270,0,0,0
0,15.70056,0,0,0,270,0,0,0
0,15.70635,0,0,0,270,0,0,0
0,15.72245,0,0,0,270,0,0,0
0,15.72882,0,0,0,270,0,0,0
0,15.74246,0,0,0,270,0,0,0
0,15.75049,0,0,0,270,0,0,0
0,15.76449,0,0,0,270,0,0,0
0,15.77282,0,0,0,270,0,0,0
0,15.78786,0,0,0,270,0,0,0
0,15.79565,0,0,0,270,0,0,0
0,15.80904,0,0,0,270,0,0,0
0,15.8173,0,0,0,270,0,0,0
0,15.82958,0,0,0,270,0,0,0
0,15.83973,0,0,0,270,0,0,0
0,15.85248,0,0,0,270,0,0,0
0,15.86183,0,0,0,270,0,0,0
0,15.87522,0,0,0,270,0,0,0
0,15.88857,0,0,0,270,0,0,0
0,15.90293,0,0,0,270,0,0,0
0,15.90595,0,0,0,270,0,0,0
0,15.92004,0,0,0,270,0,0,0
0,15.92849,0,0,0,270,0,0,0
0,15.95,0,0,0,270,0,0,0
0,15.95304,0,0,0,270,0,0,0
0,15.96675,0,0,0,270,0,0,0
0,15.97244,0,0,0,270,0,0,0
0,15.98488,0,0,0,270,0,0,0
0,15.99505,0,0,0,270,0,0,0
0,16.00836,0,0,0,270,0,0,0
0,16.01725,0,0,0,270,0,0,0
0,16.02993,0,0,0,270,0,0,0
0,16.04337,0,0,0,270,0,0,0
0,16.05783,0,0,0,270,0,0,0
0,16.06169,0,0,0,270,0,0,0
0,16.07642,0,0,0,270,0,0,0
0,16.08414,0,0,0,270,0,0,0
0,16.09843,0,0,0,270,0,0,0
0,16.10616,0,0,0,270,0,0,0
0,16.11956,0,0,0,270,0,0,0
0,16.12872,0,0,0,270,0,0,0
0,16.14159,0,0,0,270,0,0,0
0,16.15068,0,0,0,270,0,0,0
0,16.16484,0,0,0,270,0,0,0
0,16.17293,0,0,0,270,0,0,0
0,16.18583,0,0,0,270,0,0,0
0,16.19563,0,0,0,270,0,0,0
0,16.2128,0,0,0,270,0,0,0
0,16.21754,0,0,0,270,0,0,0
0,16.23008,0,0,0,270,0,0,0
0,16.23986,0,0,0,270,0,0,0
0,16.25622,0,0,0,270,0,0,0
0,16.26167,0,0,0,270,0,0,0
0,16.27571,0,0,0,270,0,0,0
0,16.28432,0,0,0,270,0,0,0
0,16.29569,0,0,0,270,0,0,0
0,16.30911,0,0,0,270,0,0,0
0,16.31805,0,0,0,270,0,0,0
0,16.33137,0,0,0,270,0,0,0
0,16.34012,0,0,0,270,0,0,0
0,16.35693,0,0,0,270,0,0,0
0,16.36184,0,0,0,270,0,0,0
0,16.37494,0,0,0,270,0,0,0
0,16.38435,0,0,0,270,0,0,0
0,16.39941,0,0,0,270,0,0,0
0,16.40635,0,0,0,270,0,0,0
0,16.42098,0,0,0,270,0,0,0
0,16.42906,0,0,0,270,0,0,0
0,16.44199,0,0,0,270,0,0,0
0,16.45123,0,0,0,270,0,0,0
0,16.46527,0,0,0,270,0,0,0
0,16.47334,0,0,0,270,0,0,0
0,16.48637,0,0,0,270,0,0,0
0,16.49957,0,0,0,270,0,0,0
0,16.51653,0,0,0,270,0,0,0
0,16.51909,0,0,0,270,0,0,0
0,16.53206,0,0,0,270,0,0,0
0,16.53948,0,0,0,270,0,0,0
0,16.55542,0,0,0,270,0,0,0
0,16.56145,0,0,0,270,0,0,0
0,16.57734,0,0,0,270,0,0,0
0,16.58351,0,0,0,270,0,0,0
0,16.5976,0,0,0,270,0,0,0
0,16.60582,0,0,0,270,0,0,0
0,16.6207,0,0,0,270,0,0,0
0,16.62783,0,0,0,270,0,0,0
0,16.64103,0,0,0,270,0,0,0
0,16.65014,0,0,0,270,0,0,0
0,16.66312,0,0,0,270,0,0,0
0,16.67242,0,0,0,270,0,0,0
0,16.6858,0,0,0,270,0,0,0
0,16.69515,0,0,0,270,0,0,0
0,16.71026,0,0,0,270,0,0,0
0,16.71694,0,0,0,270,0,0,0
0,16.73022,0,0,0,270,0,0,0
0,16.73943,0,0,0,270,0,0,0
0,16.75229,0,0,0,270,0,0,0
0,16.76146,0,0,0,270,0,0,0
0,16.77568,0,0,0,270,0,0,0
0,16.78329,0,0,0,270,0,0,0
0,16.79725,0,0,0,270,0,0,0
0,16.80604,0,0,0,270,0,0,0
0,16.81924,0,0,0,270,0,0,0
0,16.82771,0,0,0,270,0,0,0
0,16.84102,0,0,0,270,0,0,0
0,16.85018,0,0,0,270,0,0,0
0,16.86313,0,0,0,270,0,0,0
0,16.87231,0,0,0,270,0,0,0
0,16.88524,0,0,0,270,0,0,0
0,16.89477,0,0,0,270,0,0,0
0,16.90814,0,0,0,270,0,0,0
0,16.91703,0,0,0,270,0,0,0
0,16.92937,0,0,0,270,0,0,0
0,16.93943,0,0,0,270,0,0,0
0,16.95424,0,0,0,270,0,0,0
0,16.96211,0,0,0,270,0,0,0
0,16.97516,0,0,0,270,0,0,0
0,16.98457,0,0,0,270,0,0,0
0,16.99863,0,0,0,270,0,0,0
0,17.00775,0,0,0,270,0,0,0
0,17.02064,0,0,0,270,0,0,0
0,17.03035,0,0,0,270,0,0,0
0,17.04535,0,0,0,270,0,0,0
0,17.05265,0,0,0,270,0,0,0
0,17.07302,0,0,0,270,0,0,0
0,17.076,0,0,0,270,0,0,0
0,17.08889,0,0,0,270,0,0,0
0,17.09447,0,0,0,270,0,0,0
0,17.10741,0,0,0,270,0,0,0
0,17.11686,0,0,0,270,0,0,0
0,17.13121,0,0,0,270,0,0,0
0,17.13934,0,0,0,270,0,0,0
0,17.15301,0,0,0,270,0,0,0
0,17.16122,0,0,0,270,0,0,0
0,17.17615,0,0,0,270,0,0,0
0,17.18344,0,0,0,270,0,0,0
0,17.19757,0,0,0,270,0,0,0
0,17.20532,0,0,0,270,0,0,0
0,17.22052,0,0,0,270,0,0,0
0,17.22758,0,0,0,270,0,0,0
0,17.2407,0,0,0,270,0,0,0
0,17.24976,0,0,0,270,0,0,0
0,17.2628,0,0,0,270,0,0,0
0,17.27217,0,0,0,270,0,0,0
0,17.28602,0,0,0,270,0,0,0
0,17.29448,0,0,0,270,0,0,0
0,17.30803,0,0,0,270,0,0,0
0,17.31688,0,0,0,270,0,0,0
0,17.33137,0,0,0,270,0,0,0
0,17.33914,0,0,0,270,0,0,0
0,17.35568,0,0,0,270,0,0,0
0,17.36146,0,0,0,270,0,0,0
0,17.37213,0,0,0,270,0,0,0
0,17.38649,0,0,0,270,0,0,0
0,17.3943,0,0,0,270,0,0,0
0,17.40554,0,0,0,270,0,0,0
0,17.41835,0,0,0,270,0,0,0
0,17.42758,0,0,0,270,0,0,0
0,17.44076,0,0,0,270,0,0,0
0,17.45432,0,0,0,270,0,0,0
0,17.46134,0,0,0,270,0,0,0
0,17.47247,0,0,0,270,0,0,0
0,17.48415,0,0,0,270,0,0,0
0,17.49762,0,0,0,270,0,0,0
0,17.50651,0,0,0,270,0,0,0
0,17.51826,0,0,0,270,0,0,0
0,17.52968,0,0,0,270,0,0,0
0,17.54339,0,0,0,270,0,0,0
0,17.5517,0,0,0,270,0,0,0
0,17.56322,0,0,0,270,0,0,0
0,17.57396,0,0,0,270,0,0,0
0,17.58546,0,0,0,270,0,0,0
0,17.59999,0,0,0,270,0,0,0
0,17.61678,0,0,0,270,0,0,0
0,17.61975,0,0,0,270,0,0,0
0,17.62747,0,0,0,270,0,0,0
0,17.63896,0,0,0,270,0,0,0
0,17.64965,0,0,0,270,0,0,0
0,17.6636,0,0,0,270,0,0,0
0,17.67179,0,0,0,270,0,0,0
0,17.68328,0,0,0,270,0,0,0
0,17.6942,0,0,0,270,0,0,0
0,17.7055,0,0,0,270,0,0,0
0,17.7168,0,0,0,270,0,0,0
0,17.73134,0,0,0,270,0,0,0
0,17.73882,0,0,0,270,0,0,0
0,17.75245,0,0,0,270,0,0,0
0,17.76115,0,0,0,270,0,0,0
0,17.77207,0,0,0,270,0,0,0
0,17.78494,0,0,0,270,0,0,0
0,17.79409,0,0,0,270,0,0,0
0,17.80532,0,0,0,270,0,0,0
0,17.8167,0,0,0,270,0,0,0
0,17.82738,0,0,0,270,0,0,0
0,17.84754,0,0,0,270,0,0,0
0,17.85098,0,0,0,270,0,0,0
0,17.86089,0,0,0,270,0,0,0
0,17.87178,0,0,0,270,0,0,0
0,17.88318,0,0,0,270,0,0,0
0,17.89433,0,0,0,270,0,0,0
0,17.90848,0,0,0,270,0,0,0
0,17.91686,0,0,0,270,0,0,0
0,17.92748,0,0,0,270,0,0,0
0,17.93864,0,0,0,270,0,0,0
0,17.94946,0,0,0,270,0,0,0
0,17.9621,0,0,0,270,0,0,0
0,17.97164,0,0,0,270,0,0,0
0,17.9833,0,0,0,270,0,0,0
0,17.99408,0,0,0,270,0,0,0
0,18.00534,0,0,0,270,0,0,0
0,18.01642,0,0,0,270,0,0,0
0,18.02859,0,0,0,270,0,0,0
0,18.03903,0,0,0,270,0,0,0
0,18.0503,0,0,0,270,0,0,0
0,18.06275,0,0,0,270,0,0,0
0,18.07313,0,0,0,270,0,0,0
0,18.08635,0,0,0,270,0,0,0
0,18.09613,0,0,0,270,0,0,0
0,18.10723,0,0,0,270,0,0,0
0,18.11868,0,0,0,270,0,0,0
0,18.13202,0,0,0,270,0,0,0
0,18.14088,0,0,0,270,0,0,0
0,18.15148,0,0,0,270,0,0,0
0,18.16329,0,0,0,270,0,0,0
0,18.17677,0,0,0,270,0,0,0
0,18.18499,0,0,0,270,0,0,0
0,18.19656,0,0,0,270,0,0,0
0,18.20765,0,0,0,270,0,0,0
0,18.22143,0,0,0,270,0,0,0
0,18.22968,0,0,0,270,0,0,0
0,18.24142,0,0,0,270,0,0,0
0,18.2524,0,0,0,270,0,0,0
0,18.26396,0,0,0,270,0,0,0
0,18.27704,0,0,0,270,0,0,0
0,18.28627,0,0,0,270,0,0,0
0,18.29796,0,0,0,270,0,0,0
0,18.3091,0,0,0,270,0,0,0
0,18.32342,0,0,0,270,0,0,0
0,18.33132,0,0,0,270,0,0,0
0,18.343,0,0,0,270,0,0,0
0,18.3541,0,0,0,270,0,0,0
0,18.36552,0,0,0,270,0,0,0
0,18.38028,0,0,0,270,0,0,0
0,18.38724,0,0,0,270,0,0,0
0,18.39809,0,0,0,270,0,0,0
0,18.40934,0,0,0,270,0,0,0
0,18.42259,0,0,0,270,0,0,0
0,18.43145,0,0,0,270,0,0,0
0,18.44263,0,0,0,270,0,0,0
0,18.45335,0,0,0,270,0,0,0
0,18.46596,0,0,0,270,0,0,0
0,18.47606,0,0,0,270,0,0,0
0,18.48679,0,0,0,270,0,0,0
0,18.50097,0,0,0,270,0,0,0
0,18.50889,0,0,0,270,0,0,0
0,18.52081,0,0,0,270,0,0,0
0,18.53348,0,0,0,270,0,0,0
0,18.54261,0,0,0,270,0,0,0
0,18.55338,0,0,0,270,0,0,0
0,18.56723,0,0,0,270,0,0,0
0,18.57575,0,0,0,270,0,0,0
0,18.58688,0,0,0,270,0,0,0
0,18.60036,0,0,0,270,0,0,0
0,18.60896,0,0,0,270,0,0,0
0,18.62151,0,0,0,270,0,0,0
0,18.63677,0,0,0,270,0,0,0
0,18.6421,0,0,0,270,0,0,0
0,18.65136,0,0,0,270,0,0,0
0,18.66436,0,0,0,270,0,0,0
0,18.67363,0,0,0,270,0,0,0
0,18.6872,0,0,0,270,0,0,0
0,18.69621,0,0,0,270,0,0,0
0,18.71154,0,0,0,270,0,0,0
0,18.71837,0,0,0,270,0,0,0
0,18.73349,0,0,0,270,0,0,0
0,18.74114,0,0,0,270,0,0,0
0,18.7585,0,0,0,270,0,0,0
0,18.76247,0,0,0,270,0,0,0
0,18.77845,0,0,0,270,0,0,0
0,18.78321,0,0,0,270,0,0,0
0,18.80365,0,0,0,270,0,0,0
0,18.80644,0,0,0,270,0,0,0
0,18.81908,0,0,0,270,0,0,0
0,18.82777,0,0,0,270,0,0,0
0,18.84059,0,0,0,270,0,0,0
0,18.85015,0,0,0,270,0,0,0
0,18.86369,0,0,0,270,0,0,0
0,18.87212,0,0,0,270,0,0,0
0,18.88736,0,0,0,270,0,0,0
0,18.89492,0,0,0,270,0,0,0
0,18.90935,0,0,0,270,0,0,0
0,18.91699,0,0,0,270,0,0,0
0,18.93032,0,0,0,270,0,0,0
0,18.93888,0,0,0,270,0,0,0
0,18.95172,0,0,0,270,0,0,0
0,18.96111,0,0,0,270,0,0,0
0,18.97554,0,0,0,270,0,0,0
0,18.98316,0,0,0,270,0,0,0
0,18.99661,0,0,0,270,0,0,0
0,19.00543,0,0,0,270,0,0,0
0,19.01896,0,0,0,270,0,0,0
0,19.02748,0,0,0,270,0,0,0
0,19.04107,0,0,0,270,0,0,0
0,19.04969,0,0,0,270,0,0,0
0,19.06311,0,0,0,270,0,0,0
0,19.0721,0,0,0,270,0,0,0
0,19.08545,0,0,0,270,0,0,0
0,19.09408,0,0,0,270,0,0,0
0,19.10677,0,0,0,270,0,0,0
0,19.11683,0,0,0,270,0,0,0
0,19.13125,0,0,0,270,0,0,0
0,19.13966,0,0,0,270,0,0,0
0,19.15228,0,0,0,270,0,0,0
0,19.16239,0,0,0,270,0,0,0
0,19.17531,0,0,0,270,0,0,0
0,19.18454,0,0,0,270,0,0,0
0,19.19779,0,0,0,270,0,0,0
0,19.20739,0,0,0,270,0,0,0
0,19.22145,0,0,0,270,0,0,0
0,19.22968,0,0,0,270,0,0,0
0,19.24304,0,0,0,270,0,0,0
0,19.25283,0,0,0,270,0,0,0
0,19.26935,0,0,0,270,0,0,0
0,19.27519,0,0,0,270,0,0,0
0,19.29059,0,0,0,270,0,0,0
0,19.30758,0,0,0,270,0,0,0
0,19.32293,0,0,0,270,0,0,0
0,19.32803,0,0,0,270,0,0,0
0,19.34089,0,0,0,270,0,0,0
0,19.3507,0,0,0,270,0,0,0
0,19.36527,0,0,0,270,0,0,0
0,19.37254,0,0,0,270,0,0,0
0,19.38775,0,0,0,270,0,0,0
0,19.39512,0,0,0,270,0,0,0
0,19.41071,0,0,0,270,0,0,0
0,19.41736,0,0,0,270,0,0,0
0,19.43752,0,0,0,270,0,0,0
0,19.44075,0,0,0,270,0,0,0
0,19.45578,0,0,0,270,0,0,0
0,19.46133,0,0,0,270,0,0,0
0,19.47442,0,0,0,270,0,0,0
0,19.48379,0,0,0,270,0,0,0
0,19.49491,0,0,0,270,0,0,0
0,19.508,0,0,0,270,0,0,0
0,19.51731,0,0,0,270,0,0,0
0,19.52799,0,0,0,270,0,0,0
0,19.54117,0,0,0,270,0,0,0
0,19.55064,0,0,0,270,0,0,0
0,19.56166,0,0,0,270,0,0,0
0,19.57689,0,0,0,270,0,0,0
0,19.58348,0,0,0,270,0,0,0
0,19.5949,0,0,0,270,0,0,0
0,19.60805,0,0,0,270,0,0,0
0,19.61726,0,0,0,270,0,0,0
0,19.62805,0,0,0,270,0,0,0
0,19.64351,0,0,0,270,0,0,0
0,19.65049,0,0,0,270,0,0,0
0,19.66487,0,0,0,270,0,0,0
0,19.67277,0,0,0,270,0,0,0
0,19.6867,0,0,0,270,0,0,0
0,19.69583,0,0,0,270,0,0,0
0,19.71018,0,0,0,270,0,0,0
0,19.71803,0,0,0,270,0,0,0
0,19.73273,0,0,0,270,0,0,0
0,19.74022,0,0,0,270,0,0,0
0,19.75396,0,0,0,270,0,0,0
0,19.76919,0,0,0,270,0,0,0
0,19.783,0,0,0,270,0,0,0
0,19.78608,0,0,0,270,0,0,0
0,19.80072,0,0,0,270,0,0,0
0,19.80411,0,0,0,270,0,0,0
0,19.82,0,0,0,270,0,0,0
0,19.82644,0,0,0,270,0,0,0
0,19.84215,0,0,0,270,0,0,0
0,19.84864,0,0,0,270,0,0,0
0,19.86087,0,0,0,270,0,0,0
0,19.87085,0,0,0,270,0,0,0
0,19.88231,0,0,0,270,0,0,0
0,19.89695,0,0,0,270,0,0,0
0,19.90422,0,0,0,270,0,0,0
0,19.91834,0,0,0,270,0,0,0
0,19.93156,0,0,0,270,0,0,0
0,19.93775,0,0,0,270,0,0,0
0,19.94873,0,0,0,270,0,0,0
0,19.96192,0,0,0,270,0,0,0
0,19.97113,0,0,0,270,0,0,0
0,19.98248,0,0,0,270,0,0,0
0,19.9977,0,0,0,270,0,0,0
0,20.00458,0,0,0,270,0,0,0
0,20.01581,0,0,0,270,0,0,0
0,20.0265,0,0,0,270,0,0,0
0,20.04033,0,0,0,270,0,0,0
0,20.0486,0,0,0,270,0,0,0
0,20.06024,0,0,0,270,0,0,0
0,20.07611,0,0,0,270,0,0,0
0,20.08173,0,0,0,270,0,0,0
0,20.09561,0,0,0,270,0,0,0
0,20.10413,0,0,0,270,0,0,0
0,20.11566,0,0,0,270,0,0,0
0,20.12657,0,0,0,270,0,0,0
0,20.13774,0,0,0,270,0,0,0
0,20.14846,0,0,0,270,0,0,0
0,20.1613,0,0,0,270,0,0,0
0,20.17073,0,0,0,270,0,0,0
0,20.18203,0,0,0,270,0,0,0
0,20.19296,0,0,0,270,0,0,0
0,20.20461,0,0,0,270,0,0,0
0,20.21596,0,0,0,270,0,0,0
0,20.23654,0,0,0,270,0,0,0
0,20.24004,0,0,0,270,0,0,0
0,20.25003,0,0,0,270,0,0,0
0,20.2616,0,0,0,270,0,0,0
0,20.27272,0,0,0,270,0,0,0
0,20.2868,0,0,0,270,0,0,0
0,20.29564,0,0,0,270,0,0,0
0,20.30652,0,0,0,270,0,0,0
0,20.31805,0,0,0,270,0,0,0
0,20.3291,0,0,0,270,0,0,0
0,20.34426,0,0,0,270,0,0,0
0,20.35103,0,0,0,270,0,0,0
0,20.36232,0,0,0,270,0,0,0
0,20.37328,0,0,0,270,0,0,0
0,20.38998,0,0,0,270,0,0,0
0,20.39637,0,0,0,270,0,0,0
0,20.41087,0,0,0,270,0,0,0
0,20.41768,0,0,0,270,0,0,0
0,20.42846,0,0,0,270,0,0,0
0,20.43974,0,0,0,270,0,0,0
0,20.4523,0,0,0,270,0,0,0
0,20.46189,0,0,0,270,0,0,0
0,20.47277,0,0,0,270,0,0,0
0,20.48452,0,0,0,270,0,0,0
0,20.49991,0,0,0,270,0,0,0
0,20.50748,0,0,0,270,0,0,0
0,20.51771,0,0,0,270,0,0,0
0,20.53198,0,0,0,270,0,0,0
0,20.54782,0,0,0,270,0,0,0
0,20.55097,0,0,0,270,0,0,0
0,20.56583,0,0,0,270,0,0,0
0,20.57122,0,0,0,270,0,0,0
0,20.58237,0,0,0,270,0,0,0
0,20.59857,0,0,0,270,0,0,0
0,20.60401,0,0,0,270,0,0,0
0,20.61539,0,0,0,270,0,0,0
0,20.62917,0,0,0,270,0,0,0
0,20.63799,0,0,0,270,0,0,0
0,20.64841,0,0,0,270,0,0,0
0,20.66047,0,0,0,270,0,0,0
0,20.67067,0,0,0,270,0,0,0
0,20.68682,0,0,0,270,0,0,0
0,20.69312,0,0,0,270,0,0,0
0,20.70441,0,0,0,270,0,0,0
0,20.71539,0,0,0,270,0,0,0
0,20.72657,0,0,0,270,0,0,0
0,20.74132,0,0,0,270,0,0,0
0,20.74843,0,0,0,270,0,0,0
0,20.75996,0,0,0,270,0,0,0
0,20.77328,0,0,0,270,0,0,0
0,20.78202,0,0,0,270,0,0,0
0,20.79296,0,0,0,270,0,0,0
0,20.80975,0,0,0,270,0,0,0
0,20.8156,0,0,0,270,0,0,0
0,20.83249,0,0,0,270,0,0,0
0,20.83762,0,0,0,270,0,0,0
0,20.85163,0,0,0,270,0,0,0
0,20.85981,0,0,0,270,0,0,0
0,20.87306,0,0,0,270,0,0,0
0,20.88214,0,0,0,270,0,0,0
0,20.89502,0,0,0,270,0,0,0
0,20.90397,0,0,0,270,0,0,0
0,20.91767,0,0,0,270,0,0,0
0,20.92665,0,0,0,270,0,0,0
0,20.94337,0,0,0,270,0,0,0
0,20.94887,0,0,0,270,0,0,0
0,20.96159,0,0,0,270,0,0,0
0,20.97186,0,0,0,270,0,0,0
0,20.98447,0,0,0,270,0,0,0
0,20.99417,0,0,0,270,0,0,0
0,21.00798,0,0,0,270,0,0,0
0,21.01639,0,0,0,270,0,0,0
0,21.02942,0,0,0,270,0,0,0
0,21.03912,0,0,0,270,0,0,0
0,21.05274,0,0,0,270,0,0,0
0,21.06086,0,0,0,270,0,0,0
0,21.0741,0,0,0,270,0,0,0
0,21.08305,0,0,0,270,0,0,0
0,21.09624,0,0,0,270,0,0,0
0,21.10504,0,0,0,270,0,0,0
0,21.12539,0,0,0,270,0,0,0
0,21.12843,0,0,0,270,0,0,0
0,21.14212,0,0,0,270,0,0,0
0,21.14948,0,0,0,270,0,0,0
0,21.16414,0,0,0,270,0,0,0
0,21.17161,0,0,0,270,0,0,0
0,21.18462,0,0,0,270,0,0,0
0,21.19408,0,0,0,270,0,0,0
0,21.20728,0,0,0,270,0,0,0
0,21.21699,0,0,0,270,0,0,0
0,21.22972,0,0,0,270,0,0,0
0,21.2397,0,0,0,270,0,0,0
0,21.25321,0,0,0,270,0,0,0
0,21.2617,0,0,0,270,0,0,0
0,21.27531,0,0,0,270,0,0,0
0,21.28384,0,0,0,270,0,0,0
0,21.29867,0,0,0,270,0,0,0
0,21.30601,0,0,0,270,0,0,0
0,21.32013,0,0,0,270,0,0,0
0,21.32815,0,0,0,270,0,0,0
0,21.34226,0,0,0,270,0,0,0
0,21.35045,0,0,0,270,0,0,0
0,21.36515,0,0,0,270,0,0,0
0,21.37251,0,0,0,270,0,0,0
0,21.38687,0,0,0,270,0,0,0
0,21.3953,0,0,0,270,0,0,0
0,21.41157,0,0,0,270,0,0,0
0,21.41746,0,0,0,270,0,0,0
0,21.43269,0,0,0,270,0,0,0
0,21.43931,0,0,0,270,0,0,0
0,21.45259,0,0,0,270,0,0,0
0,21.46173,0,0,0,270,0,0,0
0,21.47799,0,0,0,270,0,0,0
0,21.48341,0,0,0,270,0,0,0
0,21.49495,0,0,0,270,0,0,0
0,21.50815,0,0,0,270,0,0,0
0,21.517,0,0,0,270,0,0,0
0,21.5297,0,0,0,270,0,0,0
0,21.53947,0,0,0,270,0,0,0
0,21.55268,0,0,0,270,0,0,0
0,21.56144,0,0,0,270,0,0,0
0,21.57439,0,0,0,270,0,0,0
0,21.58383,0,0,0,270,0,0,0
0,21.59734,0,0,0,270,0,0,0
0,21.60577,0,0,0,270,0,0,0
0,21.621,0,0,0,270,0,0,0
0,21.6278,0,0,0,270,0,0,0
0,21.64252,0,0,0,270,0,0,0
0,21.65044,0,0,0,270,0,0,0
0,21.66613,0,0,0,270,0,0,0
0,21.67216,0,0,0,270,0,0,0
0,21.68889,0,0,0,270,0,0,0
0,21.69492,0,0,0,270,0,0,0
0,21.70557,0,0,0,270,0,0,0
0,21.71835,0,0,0,270,0,0,0
0,21.72777,0,0,0,270,0,0,0
0,21.73918,0,0,0,270,0,0,0
0,21.75181,0,0,0,270,0,0,0
0,21.76154,0,0,0,270,0,0,0
0,21.77267,0,0,0,270,0,0,0
0,21.78587,0,0,0,270,0,0,0
0,21.80136,0,0,0,270,0,0,0
0,21.80597,0,0,0,270,0,0,0
0,21.81611,0,0,0,270,0,0,0
0,21.827,0,0,0,270,0,0,0
0,21.84154,0,0,0,270,0,0,0
0,21.84955,0,0,0,270,0,0,0
0,21.86062,0,0,0,270,0,0,0
0,21.87131,0,0,0,270,0,0,0
0,21.8828,0,0,0,270,0,0,0
0,21.89366,0,0,0,270,0,0,0
0,21.91727,0,0,0,270,0,0,0
0,21.9206,0,0,0,270,0,0,0
0,21.92632,0,0,0,270,0,0,0
0,21.93982,0,0,0,270,0,0,0
0,21.94794,0,0,0,270,0,0,0
0,21.96133,0,0,0,270,0,0,0
0,21.97011,0,0,0,270,0,0,0
0,21.98172,0,0,0,270,0,0,0
0,21.99256,0,0,0,270,0,0,0
0,22.00434,0,0,0,270,0,0,0
0,22.01543,0,0,0,270,0,0,0
0,22.02884,0,0,0,270,0,0,0
0,22.03712,0,0,0,270,0,0,0
0,22.04791,0,0,0,270,0,0,0
0,22.05928,0,0,0,270,0,0,0
0,22.07305,0,0,0,270,0,0,0
0,22.0817,0,0,0,270,0,0,0
0,22.09387,0,0,0,270,0,0,0
0,22.10727,0,0,0,270,0,0,0
0,22.11474,0,0,0,270,0,0,0
0,22.12566,0,0,0,270,0,0,0
0,22.13853,0,0,0,270,0,0,0
0,22.148,0,0,0,270,0,0,0
0,22.15934,0,0,0,270,0,0,0
0,22.17298,0,0,0,270,0,0,0
0,22.18147,0,0,0,270,0,0,0
0,22.19235,0,0,0,270,0,0,0
0,22.2036,0,0,0,270,0,0,0
0,22.21681,0,0,0,270,0,0,0
0,22.2258,0,0,0,270,0,0,0
0,22.23709,0,0,0,270,0,0,0
0,22.25016,0,0,0,270,0,0,0
0,22.26625,0,0,0,270,0,0,0
0,22.27035,0,0,0,270,0,0,0
0,22.28194,0,0,0,270,0,0,0
0,22.29252,0,0,0,270,0,0,0
0,22.30405,0,0,0,270,0,0,0
0,22.31513,0,0,0,270,0,0,0
0,22.32874,0,0,0,270,0,0,0
0,22.33729,0,0,0,270,0,0,0
0,22.34873,0,0,0,270,0,0,0
0,22.35966,0,0,0,270,0,0,0
0,22.37039,0,0,0,270,0,0,0
0,22.38462,0,0,0,270,0,0,0
0,22.39252,0,0,0,270,0,0,0
0,22.40553,0,0,0,270,0,0,0
0,22.4156,0,0,0,270,0,0,0
0,22.42582,0,0,0,270,0,0,0
0,22.43967,0,0,0,270,0,0,0
0,22.44809,0,0,0,270,0,0,0
0,22.45973,0,0,0,270,0,0,0
0,22.47039,0,0,0,270,0,0,0
0,22.48164,0,0,0,270,0,0,0
0,22.49238,0,0,0,270,0,0,0
0,22.5046,0,0,0,270,0,0,0
0,22.51509,0,0,0,270,0,0,0
0,22.52584,0,0,0,270,0,0,0
0,22.53745,0,0,0,270,0,0,0
0,22.54831,0,0,0,270,0,0,0
0,22.56405,0,0,0,270,0,0,0
0,22.57043,0,0,0,270,0,0,0
0,22.58157,0,0,0,270,0,0,0
0,22.59234,0,0,0,270,0,0,0
0,22.60387,0,0,0,270,0,0,0
0,22.61489,0,0,0,270,0,0,0
0,22.62872,0,0,0,270,0,0,0
0,22.63833,0,0,0,270,0,0,0
0,22.64866,0,0,0,270,0,0,0
0,22.66073,0,0,0,270,0,0,0
0,22.67151,0,0,0,270,0,0,0
0,22.68498,0,0,0,270,0,0,0
0,22.69417,0,0,0,270,0,0,0
0,22.70572,0,0,0,270,0,0,0
0,22.71987,0,0,0,270,0,0,0
0,22.728,0,0,0,270,0,0,0
0,22.74156,0,0,0,270,0,0,0
0,22.7501,0,0,0,270,0,0,0
0,22.76161,0,0,0,270,0,0,0
0,22.7724,0,0,0,270,0,0,0
0,22.78367,0,0,0,270,0,0,0
0,22.79486,0,0,0,270,0,0,0
0,22.80869,0,0,0,270,0,0,0
0,22.81724,0,0,0,270,0,0,0
0,22.82877,0,0,0,270,0,0,0
0,22.83936,0,0,0,270,0,0,0
0,22.85066,0,0,0,270,0,0,0
0,22.86615,0,0,0,270,0,0,0
0,22.87237,0,0,0,270,0,0,0
0,22.88358,0,0,0,270,0,0,0
0,22.89539,0,0,0,270,0,0,0
0,22.90568,0,0,0,270,0,0,0
0,22.91936,0,0,0,270,0,0,0
0,22.92813,0,0,0,270,0,0,0
0,22.93945,0,0,0,270,0,0,0
0,22.95028,0,0,0,270,0,0,0
0,22.96159,0,0,0,270,0,0,0
0,22.97243,0,0,0,270,0,0,0
0,22.986,0,0,0,270,0,0,0
0,22.99494,0,0,0,270,0,0,0
0,23.00577,0,0,0,270,0,0,0
0,23.01726,0,0,0,270,0,0,0
0,23.03096,0,0,0,270,0,0,0
0,23.04582,0,0,0,270,0,0,0
0,23.05008,0,0,0,270,0,0,0
0,23.05973,0,0,0,270,0,0,0
0,23.07066,0,0,0,270,0,0,0
0,23.08186,0,0,0,270,0,0,0
0,23.0928,0,0,0,270,0,0,0
0,23.1123,0,0,0,270,0,0,0
0,23.11831,0,0,0,270,0,0,0
0,23.12917,0,0,0,270,0,0,0
0,23.14121,0,0,0,270,0,0,0
0,23.14888,0,0,0,270,0,0,0
0,23.1627,0,0,0,270,0,0,0
0,23.17054,0,0,0,270,0,0,0
0,23.18464,0,0,0,270,0,0,0
0,23.19303,0,0,0,270,0,0,0
0,23.20409,0,0,0,270,0,0,0
0,23.21528,0,0,0,270,0,0,0
0,23.22838,0,0,0,270,0,0,0
0,23.23754,0,0,0,270,0,0,0
0,23.24838,0,0,0,270,0,0,0
0,23.2596,0,0,0,270,0,0,0
0,23.27052,0,0,0,270,0,0,0
0,23.28367,0,0,0,270,0,0,0
0,23.29267,0,0,0,270,0,0,0
0,23.304,0,0,0,270,0,0,0
0,23.31508,0,0,0,270,0,0,0
0,23.32604,0,0,0,270,0,0,0
0,23.33958,0,0,0,270,0,0,0
0,23.34837,0,0,0,270,0,0,0
0,23.35963,0,0,0,270,0,0,0
0,23.37039,0,0,0,270,0,0,0
0,23.38224,0,0,0,270,0,0,0
0,23.39263,0,0,0,270,0,0,0
0,23.40573,0,0,0,270,0,0,0
0,23.41568,0,0,0,270,0,0,0
0,23.42676,0,0,0,270,0,0,0
0,23.43835,0,0,0,270,0,0,0
0,23.44939,0,0,0,270,0,0,0
0,23.46572,0,0,0,270,0,0,0
0,23.47156,0,0,0,270,0,0,0
0,23.48348,0,0,0,270,0,0,0
0,23.49628,0,0,0,270,0,0,0
0,23.50571,0,0,0,270,0,0,0
0,23.51912,0,0,0,270,0,0,0
0,23.52763,0,0,0,270,0,0,0
0,23.53894,0,0,0,270,0,0,0
0,23.54992,0,0,0,270,0,0,0
0,23.56121,0,0,0,270,0,0,0
0,23.57224,0,0,0,270,0,0,0
0,23.58646,0,0,0,270,0,0,0
0,23.59429,0,0,0,270,0,0,0
0,23.60559,0,0,0,270,0,0,0
0,23.61703,0,0,0,270,0,0,0
0,23.6277,0,0,0,270,0,0,0
0,23.64118,0,0,0,270,0,0,0
0,23.64991,0,0,0,270,0,0,0
0,23.66131,0,0,0,270,0,0,0
0,23.67203,0,0,0,270,0,0,0
0,23.68336,0,0,0,270,0,0,0
0,23.6944,0,0,0,270,0,0,0
0,23.70865,0,0,0,270,0,0,0
0,23.71689,0,0,0,270,0,0,0
0,23.72844,0,0,0,270,0,0,0
0,23.73932,0,0,0,270,0,0,0
0,23.74983,0,0,0,270,0,0,0
0,23.76296,0,0,0,270,0,0,0
0,23.77192,0,0,0,270,0,0,0
0,23.78324,0,0,0,270,0,0,0
0,23.79442,0,0,0,270,0,0,0
0,23.80898,0,0,0,270,0,0,0
0,23.81682,0,0,0,270,0,0,0
0,23.83047,0,0,0,270,0,0,0
0,23.83908,0,0,0,270,0,0,0
0,23.85061,0,0,0,270,0,0,0
0,23.8619,0,0,0,270,0,0,0
0,23.87275,0,0,0,270,0,0,0
0,23.88766,0,0,0,270,0,0,0
0,23.8953,0,0,0,270,0,0,0
0,23.90655,0,0,0,270,0,0,0
0,23.91801,0,0,0,270,0,0,0
0,23.92889,0,0,0,270,0,0,0
0,23.94332,0,0,0,270,0,0,0
0,23.95115,0,0,0,270,0,0,0
0,23.97179,0,0,0,270,0,0,0
0,23.97529,0,0,0,270,0,0,0
0,23.98169,0,0,0,270,0,0,0
0,23.99582,0,0,0,270,0,0,0
0,24.00395,0,0,0,270,0,0,0
0,24.01556,0,0,0,270,0,0,0
0,24.02627,0,0,0,270,0,0,0
0,24.03779,0,0,0,270,0,0,0
0,24.04846,0,0,0,270,0,0,0
0,24.06245,0,0,0,270,0,0,0
0,24.07096,0,0,0,270,0,0,0
0,24.08209,0,0,0,270,0,0,0
0,24.09302,0,0,0,270,0,0,0
0,24.10439,0,0,0,270,0,0,0
0,24.11754,0,0,0,270,0,0,0
0,24.1309,0,0,0,270,0,0,0
0,24.13772,0,0,0,270,0,0,0
0,24.14834,0,0,0,270,0,0,0
0,24.15998,0,0,0,270,0,0,0
0,24.17064,0,0,0,270,0,0,0
0,24.18329,0,0,0,270,0,0,0
0,24.19296,0,0,0,270,0,0,0
0,24.20422,0,0,0,270,0,0,0
0,24.21531,0,0,0,270,0,0,0
0,24.22665,0,0,0,270,0,0,0
0,24.24199,0,0,0,270,0,0,0
0,24.24841,0,0,0,270,0,0,0
0,24.26002,0,0,0,270,0,0,0
0,24.27307,0,0,0,270,0,0,0
0,24.28185,0,0,0,270,0,0,0
0,24.29283,0,0,0,270,0,0,0
0,24.3061,0,0,0,270,0,0,0
0,24.31525,0,0,0,270,0,0,0
0,24.32646,0,0,0,270,0,0,0
0,24.33773,0,0,0,270,0,0,0
0,24.34878,0,0,0,270,0,0,0
0,24.36137,0,0,0,270,0,0,0
0,24.37144,0,0,0,270,0,0,0
0,24.38339,0,0,0,270,0,0,0
0,24.39412,0,0,0,270,0,0,0
0,24.4055,0,0,0,270,0,0,0
0,24.4168,0,0,0,270,0,0,0
0,24.43088,0,0,0,270,0,0,0
0,24.43877,0,0,0,270,0,0,0
0,24.44964,0,0,0,270,0,0,0
0,24.46114,0,0,0,270,0,0,0
0,24.47202,0,0,0,270,0,0,0
0,24.4862,0,0,0,270,0,0,0
0,24.49409,0,0,0,270,0,0,0
0,24.50539,0,0,0,270,0,0,0
0,24.51663,0,0,0,270,0,0,0
0,24.52732,0,0,0,270,0,0,0
0,24.53976,0,0,0,270,0,0,0
0,24.54956,0,0,0,270,0,0,0
0,24.56086,0,0,0,270,0,0,0
0,24.57235,0,0,0,270,0,0,0
0,24.58817,0,0,0,270,0,0,0
0,24.59411,0,0,0,270,0,0,0
0,24.60839,0,0,0,270,0,0,0
0,24.6163,0,0,0,270,0,0,0
0,24.62738,0,0,0,270,0,0,0
0,24.63843,0,0,0,270,0,0,0
0,24.64927,0,0,0,270,0,0,0
0,24.66208,0,0,0,270,0,0,0
0,24.67141,0,0,0,270,0,0,0
0,24.68295,0,0,0,270,0,0,0
0,24.69374,0,0,0,270,0,0,0
0,24.70525,0,0,0,270,0,0,0
0,24.71624,0,0,0,270,0,0,0
0,24.72951,0,0,0,270,0,0,0
0,24.74395,0,0,0,270,0,0,0
0,24.74933,0,0,0,270,0,0,0
0,24.76008,0,0,0,270,0,0,0
0,24.77101,0,0,0,270,0,0,0
0,24.78674,0,0,0,270,0,0,0
0,24.79306,0,0,0,270,0,0,0
0,24.80436,0,0,0,270,0,0,0
0,24.81567,0,0,0,270,0,0,0
0,24.82624,0,0,0,270,0,0,0
0,24.83908,0,0,0,270,0,0,0
0,24.8485,0,0,0,270,0,0,0
0,24.86101,0,0,0,270,0,0,0
0,24.87066,0,0,0,270,0,0,0
0,24.88261,0,0,0,270,0,0,0
0,24.89626,0,0,0,270,0,0,0
0,24.91171,0,0,0,270,0,0,0
0,24.91527,0,0,0,270,0,0,0
0,24.92439,0,0,0,270,0,0,0
0,24.93597,0,0,0,270,0,0,0
0,24.94637,0,0,0,270,0,0,0
0,24.95947,0,0,0,270,0,0,0
0,24.96861,0,0,0,270,0,0,0
0,24.97991,0,0,0,270,0,0,0
0,24.99077,0,0,0,270,0,0,0
0,25.00238,0,0,0,270,0,0,0
0,25.01303,0,0,0,270,0,0,0
0,25.02629,0,0,0,270,0,0,0
0,25.03574,0,0,0,270,0,0,0
0,25.04881,0,0,0,270,0,0,0
0,25.05784,0,0,0,270,0,0,0
0,25.06887,0,0,0,270,0,0,0
0,25.08258,0,0,0,270,0,0,0
0,25.09091,0,0,0,270,0,0,0
0,25.10215,0,0,0,270,0,0,0
0,25.11351,0,0,0,270,0,0,0
0,25.12429,0,0,0,270,0,0,0
0,25.13539,0,0,0,270,0,0,0
0,25.14842,0,0,0,270,0,0,0
0,25.15781,0,0,0,270,0,0,0
0,25.16855,0,0,0,270,0,0,0
0,25.17981,0,0,0,270,0,0,0
0,25.19079,0,0,0,270,0,0,0
0,25.20364,0,0,0,270,0,0,0
0,25.21297,0,0,0,270,0,0,0
0,25.22461,0,0,0,270,0,0,0
0,25.23563,0,0,0,270,0,0,0
0,25.24627,0,0,0,270,0,0,0
0,25.26037,0,0,0,270,0,0,0
0,25.26877,0,0,0,270,0,0,0
0,25.28065,0,0,0,270,0,0,0
0,25.29162,0,0,0,270,0,0,0
0,25.30373,0,0,0,270,0,0,0
0,25.31401,0,0,0,270,0,0,0
0,25.32688,0,0,0,270,0,0,0
0,25.3372,0,0,0,270,0,0,0
0,25.34831,0,0,0,270,0,0,0
0,25.36217,0,0,0,270,0,0,0
0,25.37082,0,0,0,270,0,0,0
0,25.38422,0,0,0,270,0,0,0
0,25.39352,0,0,0,270,0,0,0
0,25.4052,0,0,0,270,0,0,0
0,25.41668,0,0,0,270,0,0,0
0,25.4278,0,0,0,270,0,0,0
0,25.44286,0,0,0,270,0,0,0
0,25.45004,0,0,0,270,0,0,0
0,25.46209,0,0,0,270,0,0,0
0,25.47336,0,0,0,270,0,0,0
0,25.48458,0,0,0,270,0,0,0
0,25.49605,0,0,0,270,0,0,0
0,25.51163,0,0,0,270,0,0,0
0,25.52613,0,0,0,270,0,0,0
0,25.53018,0,0,0,270,0,0,0
0,25.53605,0,0,0,270,0,0,0
0,25.54651,0,0,0,270,0,0,0
0,25.56334,0,0,0,270,0,0,0
0,25.56917,0,0,0,270,0,0,0
0,25.57997,0,0,0,270,0,0,0
0,25.59058,0,0,0,270,0,0,0
0,25.60219,0,0,0,270,0,0,0
0,25.61302,0,0,0,270,0,0,0
0,25.62694,0,0,0,270,0,0,0
0,25.6358,0,0,0,270,0,0,0
0,25.64616,0,0,0,270,0,0,0
0,25.65781,0,0,0,270,0,0,0
0,25.66851,0,0,0,270,0,0,0
0,25.68432,0,0,0,270,0,0,0
0,25.69053,0,0,0,270,0,0,0
0,25.7019,0,0,0,270,0,0,0
0,25.71302,0,0,0,270,0,0,0
0,25.72451,0,0,0,270,0,0,0
0,25.73577,0,0,0,270,0,0,0
0,25.75031,0,0,0,270,0,0,0
0,25.75805,0,0,0,270,0,0,0
0,25.76845,0,0,0,270,0,0,0
0,25.77994,0,0,0,270,0,0,0
0,25.79117,0,0,0,270,0,0,0
0,25.81355,0,0,0,270,0,0,0
0,25.81736,0,0,0,270,0,0,0
0,25.82463,0,0,0,270,0,0,0
0,25.83846,0,0,0,270,0,0,0
0,25.84664,0,0,0,270,0,0,0
0,25.86223,0,0,0,270,0,0,0
0,25.86946,0,0,0,270,0,0,0
0,25.88017,0,0,0,270,0,0,0
0,25.89084,0,0,0,270,0,0,0
0,25.90189,0,0,0,270,0,0,0
0,25.91345,0,0,0,270,0,0,0
0,25.93092,0,0,0,270,0,0,0
0,25.93573,0,0,0,270,0,0,0
0,25.94838,0,0,0,270,0,0,0
0,25.96079,0,0,0,270,0,0,0
0,25.96849,0,0,0,270,0,0,0
0,25.98354,0,0,0,270,0,0,0
0,25.99142,0,0,0,270,0,0,0
0,26.00197,0,0,0,270,0,0,0
0,26.01284,0,0,0,270,0,0,0
0,26.02416,0,0,0,270,0,0,0
0,26.03604,0,0,0,270,0,0,0
0,26.04953,0,0,0,270,0,0,0
0,26.05778,0,0,0,270,0,0,0
0,26.07121,0,0,0,270,0,0,0
0,26.08014,0,0,0,270,0,0,0
0,26.09079,0,0,0,270,0,0,0
0,26.10658,0,0,0,270,0,0,0
0,26.1134,0,0,0,270,0,0,0
0,26.12516,0,0,0,270,0,0,0
0,26.13581,0,0,0,270,0,0,0
0,26.14999,0,0,0,270,0,0,0
0,26.16598,0,0,0,270,0,0,0
0,26.16938,0,0,0,270,0,0,0
0,26.17966,0,0,0,270,0,0,0
0,26.19044,0,0,0,270,0,0,0
0,26.2018,0,0,0,270,0,0,0
0,26.21351,0,0,0,270,0,0,0
0,26.22755,0,0,0,270,0,0,0
0,26.23487,0,0,0,270,0,0,0
0,26.24597,0,0,0,270,0,0,0
0,26.25756,0,0,0,270,0,0,0
0,26.26802,0,0,0,270,0,0,0
0,26.2806,0,0,0,270,0,0,0
0,26.2908,0,0,0,270,0,0,0
0,26.30434,0,0,0,270,0,0,0
0,26.31242,0,0,0,270,0,0,0
0,26.32394,0,0,0,270,0,0,0
0,26.33526,0,0,0,270,0,0,0
0,26.34748,0,0,0,270,0,0,0
0,26.3573,0,0,0,270,0,0,0
0,26.36826,0,0,0,270,0,0,0
0,26.3813,0,0,0,270,0,0,0
0,26.3906,0,0,0,270,0,0,0
0,26.40463,0,0,0,270,0,0,0
0,26.41284,0,0,0,270,0,0,0
0,26.4244,0,0,0,270,0,0,0
0,26.43537,0,0,0,270,0,0,0
0,26.44735,0,0,0,270,0,0,0
0,26.46088,0,0,0,270,0,0,0
0,26.46821,0,0,0,270,0,0,0
0,26.4803,0,0,0,270,0,0,0
0,26.49089,0,0,0,270,0,0,0
0,26.50193,0,0,0,270,0,0,0
0,26.51334,0,0,0,270,0,0,0
0,26.52784,0,0,0,270,0,0,0
0,26.53502,0,0,0,270,0,0,0
0,26.54649,0,0,0,270,0,0,0
0,26.55807,0,0,0,270,0,0,0
0,26.57045,0,0,0,270,0,0,0
0,26.58468,0,0,0,270,0,0,0
0,26.59172,0,0,0,270,0,0,0
0,26.60378,0,0,0,270,0,0,0
0,26.61764,0,0,0,270,0,0,0
0,26.62589,0,0,0,270,0,0,0
0,26.64114,0,0,0,270,0,0,0
0,26.64889,0,0,0,270,0,0,0
0,26.66025,0,0,0,270,0,0,0
0,26.67185,0,0,0,270,0,0,0
0,26.68378,0,0,0,270,0,0,0
0,26.69514,0,0,0,270,0,0,0
0,26.71088,0,0,0,270,0,0,0
0,26.71636,0,0,0,270,0,0,0
0,26.72539,0,0,0,270,0,0,0
0,26.73707,0,0,0,270,0,0,0
0,26.74908,0,0,0,270,0,0,0
0,26.77261,0,0,0,270,0,0,0
0,26.77674,0,0,0,270,0,0,0
0,26.78055,0,0,0,270,0,0,0
0,26.79044,0,0,0,270,0,0,0
0,26.80159,0,0,0,270,0,0,0
0,26.8123,0,0,0,270,0,0,0
0,26.82425,0,0,0,270,0,0,0
0,26.83479,0,0,0,270,0,0,0
0,26.84564,0,0,0,270,0,0,0
0,26.85711,0,0,0,270,0,0,0
0,26.8679,0,0,0,270,0,0,0
0,26.8818,0,0,0,270,0,0,0
0,26.89007,0,0,0,270,0,0,0
0,26.90129,0,0,0,270,0,0,0
0,26.91402,0,0,0,270,0,0,0
0,26.92361,0,0,0,270,0,0,0
0,26.94162,0,0,0,270,0,0,0
0,26.95654,0,0,0,270,0,0,0
0,26.95936,0,0,0,270,0,0,0
0,26.96791,0,0,0,270,0,0,0
0,26.97951,0,0,0,270,0,0,0
0,26.99096,0,0,0,270,0,0,0
0,27.00594,0,0,0,270,0,0,0
0,27.01216,0,0,0,270,0,0,0
0,27.02361,0,0,0,270,0,0,0
0,27.03435,0,0,0,270,0,0,0
0,27.04571,0,0,0,270,0,0,0
0,27.05683,0,0,0,270,0,0,0
0,27.07037,0,0,0,270,0,0,0
0,27.07924,0,0,0,270,0,0,0
0,27.09347,0,0,0,270,0,0,0
0,27.1013,0,0,0,270,0,0,0
0,27.1121,0,0,0,270,0,0,0
0,27.12543,0,0,0,270,0,0,0
0,27.13441,0,0,0,270,0,0,0
0,27.14581,0,0,0,270,0,0,0
0,27.15689,0,0,0,270,0,0,0
0,27.16798,0,0,0,270,0,0,0
0,27.18163,0,0,0,270,0,0,0
0,27.18991,0,0,0,270,0,0,0
0,27.2014,0,0,0,270,0,0,0
0,27.21203,0,0,0,270,0,0,0
0,27.22347,0,0,0,270,0,0,0
0,27.23428,0,0,0,270,0,0,0
0,27.24949,0,0,0,270,0,0,0
0,27.25674,0,0,0,270,0,0,0
0,27.27119,0,0,0,270,0,0,0
0,27.28906,0,0,0,270,0,0,0
0,27.29166,0,0,0,270,0,0,0
0,27.30532,0,0,0,270,0,0,0
0,27.31203,0,0,0,270,0,0,0
0,27.32354,0,0,0,270,0,0,0
0,27.33422,0,0,0,270,0,0,0
0,27.34588,0,0,0,270,0,0,0
0,27.35665,0,0,0,270,0,0,0
0,27.36868,0,0,0,270,0,0,0
0,27.37895,0,0,0,270,0,0,0
0,27.38984,0,0,0,270,0,0,0
0,27.40315,0,0,0,270,0,0,0
0,27.4125,0,0,0,270,0,0,0
0,27.42752,0,0,0,270,0,0,0
0,27.43571,0,0,0,270,0,0,0
0,27.44699,0,0,0,270,0,0,0
0,27.45846,0,0,0,270,0,0,0
0,27.46964,0,0,0,270,0,0,0
0,27.48499,0,0,0,270,0,0,0
0,27.49246,0,0,0,270,0,0,0
0,27.50495,0,0,0,270,0,0,0
0,27.51564,0,0,0,270,0,0,0
0,27.5266,0,0,0,270,0,0,0
0,27.54288,0,0,0,270,0,0,0
0,27.54854,0,0,0,270,0,0,0
0,27.55918,0,0,0,270,0,0,0
0,27.57032,0,0,0,270,0,0,0
0,27.5814,0,0,0,270,0,0,0
0,27.59233,0,0,0,270,0,0,0
0,27.60582,0,0,0,270,0,0,0
0,27.6144,0,0,0,270,0,0,0
0,27.62573,0,0,0,270,0,0,0
0,27.63693,0,0,0,270,0,0,0
0,27.64768,0,0,0,270,0,0,0
0,27.66055,0,0,0,270,0,0,0
0,27.67007,0,0,0,270,0,0,0
0,27.68151,0,0,0,270,0,0,0
0,27.69221,0,0,0,270,0,0,0
0,27.70362,0,0,0,270,0,0,0
0,27.71784,0,0,0,270,0,0,0
0,27.73232,0,0,0,270,0,0,0
0,27.73678,0,0,0,270,0,0,0
0,27.74574,0,0,0,270,0,0,0
0,27.75762,0,0,0,270,0,0,0
0,27.76797,0,0,0,270,0,0,0
0,27.78591,0,0,0,270,0,0,0
0,27.79057,0,0,0,270,0,0,0
0,27.80167,0,0,0,270,0,0,0
0,27.81259,0,0,0,270,0,0,0
0,27.82392,0,0,0,270,0,0,0
0,27.8348,0,0,0,270,0,0,0
0,27.84698,0,0,0,270,0,0,0
0,27.85728,0,0,0,270,0,0,0
0,27.87176,0,0,0,270,0,0,0
0,27.87967,0,0,0,270,0,0,0
0,27.89021,0,0,0,270,0,0,0
0,27.9036,0,0,0,270,0,0,0
0,27.9124,0,0,0,270,0,0,0
0,27.92383,0,0,0,270,0,0,0
0,27.93497,0,0,0,270,0,0,0
0,27.94624,0,0,0,270,0,0,0
0,27.96231,0,0,0,270,0,0,0
0,27.96787,0,0,0,270,0,0,0
0,27.97964,0,0,0,270,0,0,0
0,27.99056,0,0,0,270,0,0,0
0,28.0014,0,0,0,270,0,0,0
0,28.01237,0,0,0,270,0,0,0
0,28.0248,0,0,0,270,0,0,0
0,28.03476,0,0,0,270,0,0,0
0,28.04574,0,0,0,270,0,0,0
0,28.05714,0,0,0,270,0,0,0
0,28.06841,0,0,0,270,0,0,0
0,28.08148,0,0,0,270,0,0,0
0,28.09019,0,0,0,270,0,0,0
0,28.10171,0,0,0,270,0,0,0
0,28.11271,0,0,0,270,0,0,0
0,28.12392,0,0,0,270,0,0,0
0,28.13563,0,0,0,270,0,0,0
0,28.14862,0,0,0,270,0,0,0
0,28.15777,0,0,0,270,0,0,0
0,28.16896,0,0,0,270,0,0,0
0,28.18195,0,0,0,270,0,0,0
0,28.19149,0,0,0,270,0,0,0
0,28.20794,0,0,0,270,0,0,0
0,28.21387,0,0,0,270,0,0,0
0,28.22563,0,0,0,270,0,0,0
0,28.23675,0,0,0,270,0,0,0
0,28.24731,0,0,0,270,0,0,0
0,28.26093,0,0,0,270,0,0,0
0,28.2699,0,0,0,270,0,0,0
0,28.28086,0,0,0,270,0,0,0
0,28.29172,0,0,0,270,0,0,0
0,28.30322,0,0,0,270,0,0,0
0,28.31404,0,0,0,270,0,0,0
0,28.32809,0,0,0,270,0,0,0
0,28.33671,0,0,0,270,0,0,0
0,28.3481,0,0,0,270,0,0,0
0,28.3592,0,0,0,270,0,0,0
0,28.36992,0,0,0,270,0,0,0
0,28.38491,0,0,0,270,0,0,0
0,28.39212,0,0,0,270,0,0,0
0,28.40363,0,0,0,270,0,0,0
0,28.41439,0,0,0,270,0,0,0
0,28.42542,0,0,0,270,0,0,0
0,28.43676,0,0,0,270,0,0,0
0,28.44993,0,0,0,270,0,0,0
0,28.45931,0,0,0,270,0,0,0
0,28.46996,0,0,0,270,0,0,0
0,28.48166,0,0,0,270,0,0,0
0,28.49592,0,0,0,270,0,0,0
0,28.51113,0,0,0,270,0,0,0
0,28.51401,0,0,0,270,0,0,0
0,28.52352,0,0,0,270,0,0,0
0,28.53375,0,0,0,270,0,0,0
0,28.54514,0,0,0,270,0,0,0
0,28.55634,0,0,0,270,0,0,0
0,28.56925,0,0,0,270,0,0,0
0,28.57854,0,0,0,270,0,0,0
0,28.5892,0,0,0,270,0,0,0
0,28.60113,0,0,0,270,0,0,0
0,28.61184,0,0,0,270,0,0,0
0,28.6255,0,0,0,270,0,0,0
0,28.63372,0,0,0,270,0,0,0
0,28.64761,0,0,0,270,0,0,0
0,28.656,0,0,0,270,0,0,0
0,28.6671,0,0,0,270,0,0,0
0,28.68057,0,0,0,270,0,0,0
0,28.68919,0,0,0,270,0,0,0
0,28.70056,0,0,0,270,0,0,0
0,28.71156,0,0,0,270,0,0,0
0,28.72343,0,0,0,270,0,0,0
0,28.73379,0,0,0,270,0,0,0
0,28.74839,0,0,0,270,0,0,0
0,28.75626,0,0,0,270,0,0,0
0,28.76687,0,0,0,270,0,0,0
0,28.77859,0,0,0,270,0,0,0
0,28.78925,0,0,0,270,0,0,0
0,28.8105,0,0,0,270,0,0,0
0,28.81454,0,0,0,270,0,0,0
0,28.82289,0,0,0,270,0,0,0
0,28.83373,0,0,0,270,0,0,0
0,28.84488,0,0,0,270,0,0,0
0,28.85606,0,0,0,270,0,0,0
0,28.86817,0,0,0,270,0,0,0
0,28.87842,0,0,0,270,0,0,0
0,28.8894,0,0,0,270,0,0,0
0,28.90115,0,0,0,270,0,0,0
0,28.91264,0,0,0,270,0,0,0
0,28.92771,0,0,0,270,0,0,0
0,28.93529,0,0,0,270,0,0,0
0,28.94639,0,0,0,270,0,0,0
0,28.96088,0,0,0,270,0,0,0
0,28.96935,0,0,0,270,0,0,0
0,28.98358,0,0,0,270,0,0,0
0,28.99131,0,0,0,270,0,0,0
0,29.00264,0,0,0,270,0,0,0
0,29.01353,0,0,0,270,0,0,0
0,29.02478,0,0,0,270,0,0,0
0,29.03691,0,0,0,270,0,0,0
0,29.05095,0,0,0,270,0,0,0
0,29.05831,0,0,0,270,0,0,0
0,29.06962,0,0,0,270,0,0,0
0,29.08155,0,0,0,270,0,0,0
0,29.0912,0,0,0,270,0,0,0
0,29.10605,0,0,0,270,0,0,0
0,29.11362,0,0,0,270,0,0,0
0,29.12525,0,0,0,270,0,0,0
0,29.13604,0,0,0,270,0,0,0
0,29.14705,0,0,0,270,0,0,0
0,29.16203,0,0,0,270,0,0,0
0,29.16914,0,0,0,270,0,0,0
0,29.181,0,0,0,270,0,0,0
0,29.19193,0,0,0,270,0,0,0
0,29.20364,0,0,0,270,0,0,0
0,29.21447,0,0,0,270,0,0,0
0,29.22993,0,0,0,270,0,0,0
0,29.23716,0,0,0,270,0,0,0
0,29.2484,0,0,0,270,0,0,0
0,29.25985,0,0,0,270,0,0,0
0,29.27285,0,0,0,270,0,0,0
0,29.28708,0,0,0,270,0,0,0
0,29.29257,0,0,0,270,0,0,0
0,29.30314,0,0,0,270,0,0,0
0,29.31342,0,0,0,270,0,0,0
0,29.32495,0,0,0,270,0,0,0
0,29.33625,0,0,0,270,0,0,0
0,29.34974,0,0,0,270,0,0,0
0,29.35838,0,0,0,270,0,0,0
0,29.3708,0,0,0,270,0,0,0
0,29.38179,0,0,0,270,0,0,0
0,29.3914,0,0,0,270,0,0,0
0,29.40673,0,0,0,270,0,0,0
0,29.41511,0,0,0,270,0,0,0
0,29.42945,0,0,0,270,0,0,0
0,29.436,0,0,0,270,0,0,0
0,29.44757,0,0,0,270,0,0,0
0,29.46261,0,0,0,270,0,0,0
0,29.46937,0,0,0,270,0,0,0
0,29.48082,0,0,0,270,0,0,0
0,29.49155,0,0,0,270,0,0,0
0,29.50284,0,0,0,270,0,0,0
0,29.51445,0,0,0,270,0,0,0
0,29.53086,0,0,0,270,0,0,0
0,29.53701,0,0,0,270,0,0,0
0,29.54739,0,0,0,270,0,0,0
0,29.55863,0,0,0,270,0,0,0
0,29.57018,0,0,0,270,0,0,0
0,29.584,0,0,0,270,0,0,0
0,29.59098,0,0,0,270,0,0,0
0,29.60258,0,0,0,270,0,0,0
0,29.61341,0,0,0,270,0,0,0
0,29.62477,0,0,0,270,0,0,0
0,29.63569,0,0,0,270,0,0,0
0,29.64801,0,0,0,270,0,0,0
0,29.6584,0,0,0,270,0,0,0
0,29.66939,0,0,0,270,0,0,0
0,29.68082,0,0,0,270,0,0,0
0,29.69165,0,0,0,270,0,0,0
0,29.7056,0,0,0,270,0,0,0
0,29.71398,0,0,0,270,0,0,0
0,29.72564,0,0,0,270,0,0,0
0,29.73924,0,0,0,270,0,0,0
0,29.74746,0,0,0,270,0,0,0
0,29.76278,0,0,0,270,0,0,0
0,29.76951,0,0,0,270,0,0,0
0,29.78096,0,0,0,270,0,0,0
0,29.79216,0,0,0,270,0,0,0
0,29.8035,0,0,0,270,0,0,0
0,29.81409,0,0,0,270,0,0,0
0,29.83098,0,0,0,270,0,0,0
0,29.83646,0,0,0,270,0,0,0
0,29.84632,0,0,0,270,0,0,0
0,29.85744,0,0,0,270,0,0,0
0,29.86833,0,0,0,270,0,0,0
0,29.89054,0,0,0,270,0,0,0
0,29.89352,0,0,0,270,0,0,0
0,29.9016,0,0,0,270,0,0,0
0,29.91259,0,0,0,270,0,0,0
0,29.92378,0,0,0,270,0,0,0
0,29.93568,0,0,0,270,0,0,0
0,29.95208,0,0,0,270,0,0,0
0,29.95727,0,0,0,270,0,0,0
0,29.96773,0,0,0,270,0,0,0
0,29.97914,0,0,0,270,0,0,0
0,29.99005,0,0,0,270,0,0,0
0,30.00458,0,0,0,270,0,0,0
0,30.01208,0,0,0,270,0,0,0
0,30.02355,0,0,0,270,0,0,0
0,30.03424,0,0,0,270,0,0,0
0,30.04581,0,0,0,270,0,0,0
0,30.05927,0,0,0,270,0,0,0
0,30.07236,0,0,0,270,0,0,0
0,30.07893,0,0,0,270,0,0,0
0,30.0901,0,0,0,270,0,0,0
0,30.10157,0,0,0,270,0,0,0
0,30.11242,0,0,0,270,0,0,0
0,30.12744,0,0,0,270,0,0,0
0,30.13436,0,0,0,270,0,0,0
0,30.14545,0,0,0,270,0,0,0
0,30.15656,0,0,0,270,0,0,0
0,30.16749,0,0,0,270,0,0,0
0,30.1806,0,0,0,270,0,0,0
0,30.18969,0,0,0,270,0,0,0
0,30.20136,0,0,0,270,0,0,0
0,30.2141,0,0,0,270,0,0,0
0,30.22341,0,0,0,270,0,0,0
0,30.23421,0,0,0,270,0,0,0
0,30.24743,0,0,0,270,0,0,0
0,30.25667,0,0,0,270,0,0,0
0,30.26748,0,0,0,270,0,0,0
0,30.279,0,0,0,270,0,0,0
0,30.28988,0,0,0,270,0,0,0
0,30.30294,0,0,0,270,0,0,0
0,30.31206,0,0,0,270,0,0,0
0,30.32365,0,0,0,270,0,0,0
0,30.33517,0,0,0,270,0,0,0
0,30.34607,0,0,0,270,0,0,0
0,30.36008,0,0,0,270,0,0,0
0,30.36872,0,0,0,270,0,0,0
0,30.38018,0,0,0,270,0,0,0
0,30.39107,0,0,0,270,0,0,0
0,30.40248,0,0,0,270,0,0,0
0,30.41335,0,0,0,270,0,0,0
0,30.42701,0,0,0,270,0,0,0
0,30.43597,0,0,0,270,0,0,0
0,30.44722,0,0,0,270,0,0,0
0,30.4585,0,0,0,270,0,0,0
0,30.46954,0,0,0,270,0,0,0
0,30.48498,0,0,0,270,0,0,0
0,30.49194,0,0,0,270,0,0,0
0,30.50362,0,0,0,270,0,0,0
0,30.51486,0,0,0,270,0,0,0
0,30.52895,0,0,0,270,0,0,0
0,30.54475,0,0,0,270,0,0,0
0,30.54789,0,0,0,270,0,0,0
0,30.55568,0,0,0,270,0,0,0
0,30.56659,0,0,0,270,0,0,0
0,30.57843,0,0,0,270,0,0,0
0,30.58863,0,0,0,270,0,0,0
0,30.60725,0,0,0,270,0,0,0
0,30.61121,0,0,0,270,0,0,0
0,30.62284,0,0,0,270,0,0,0
0,30.63338,0,0,0,270,0,0,0
0,30.64526,0,0,0,270,0,0,0
0,30.65555,0,0,0,270,0,0,0
0,30.66989,0,0,0,270,0,0,0
0,30.68578,0,0,0,270,0,0,0
0,30.68948,0,0,0,270,0,0,0
0,30.69999,0,0,0,270,0,0,0
0,30.71069,0,0,0,270,0,0,0
0,30.72453,0,0,0,270,0,0,0
0,30.73272,0,0,0,270,0,0,0
0,30.74496,0,0,0,270,0,0,0
0,30.75684,0,0,0,270,0,0,0
0,30.76713,0,0,0,270,0,0,0
0,30.78279,0,0,0,270,0,0,0
0,30.78952,0,0,0,270,0,0,0
0,30.80003,0,0,0,270,0,0,0
0,30.81147,0,0,0,270,0,0,0
0,30.82324,0,0,0,270,0,0,0
0,30.8419,0,0,0,270,0,0,0
0,30.85881,0,0,0,270,0,0,0
0,30.8666,0,0,0,270,0,0,0
0,30.87756,0,0,0,270,0,0,0
0,30.88834,0,0,0,270,0,0,0
0,30.90261,0,0,0,270,0,0,0
0,30.91063,0,0,0,270,0,0,0
0,30.92189,0,0,0,270,0,0,0
0,30.93276,0,0,0,270,0,0,0
0,30.94449,0,0,0,270,0,0,0
0,30.95532,0,0,0,270,0,0,0
0,30.9754,0,0,0,270,0,0,0
0,30.97856,0,0,0,270,0,0,0
0,30.9926,0,0,0,270,0,0,0
0,30.99957,0,0,0,270,0,0,0
0,31.01053,0,0,0,270,0,0,0
0,31.02357,0,0,0,270,0,0,0
0,31.03257,0,0,0,270,0,0,0
0,31.04433,0,0,0,270,0,0,0
0,31.05516,0,0,0,270,0,0,0
0,31.06646,0,0,0,270,0,0,0
0,31.30627,0,0,0,270,0,0,0
0,31.32391,0,0,0,270,0,0,0
0,31.33699,0,0,0,270,0,0,0
0,31.34365,0,0,0,270,0,0,0
0,31.35507,0,0,0,270,0,0,0
0,31.36613,0,0,0,270,0,0,0
0,31.38149,0,0,0,270,0,0,0
0,31.38803,0,0,0,270,0,0,0
0,31.40011,0,0,0,270,0,0,0
0,31.41191,0,0,0,270,0,0,0
0,31.42207,0,0,0,270,0,0,0
0,31.43276,0,0,0,270,0,0,0
0,31.44767,0,0,0,270,0,0,0
0,31.4558,0,0,0,270,0,0,0
0,31.47246,0,0,0,270,0,0,0
0,31.47847,0,0,0,270,0,0,0
0,31.4907,0,0,0,270,0,0,0
0,31.50734,0,0,0,270,0,0,0
0,31.51141,0,0,0,270,0,0,0
0,31.52387,0,0,0,270,0,0,0
0,31.5365,0,0,0,270,0,0,0
0,31.54578,0,0,0,270,0,0,0
0,31.56383,0,0,0,270,0,0,0
0,31.56791,0,0,0,270,0,0,0
0,31.57805,0,0,0,270,0,0,0
0,31.58908,0,0,0,270,0,0,0
0,31.60023,0,0,0,270,0,0,0
0,31.61115,0,0,0,270,0,0,0
0,31.62485,0,0,0,270,0,0,0
0,31.6335,0,0,0,270,0,0,0
0,31.64491,0,0,0,270,0,0,0
0,31.65581,0,0,0,270,0,0,0
0,31.66671,0,0,0,270,0,0,0
0,31.68024,0,0,0,270,0,0,0
0,31.6889,0,0,0,270,0,0,0
0,31.7009,0,0,0,270,0,0,0
0,31.71106,0,0,0,270,0,0,0
0,31.72241,0,0,0,270,0,0,0
0,31.73321,0,0,0,270,0,0,0
0,31.74589,0,0,0,270,0,0,0
0,31.75578,0,0,0,270,0,0,0
0,31.76665,0,0,0,270,0,0,0
0,31.78069,0,0,0,270,0,0,0
0,31.78878,0,0,0,270,0,0,0
0,31.80167,0,0,0,270,0,0,0
0,31.81098,0,0,0,270,0,0,0
0,31.82265,0,0,0,270,0,0,0
0,31.83339,0,0,0,270,0,0,0
0,31.84449,0,0,0,270,0,0,0
0,31.85563,0,0,0,270,0,0,0
0,31.8701,0,0,0,270,0,0,0
0,31.87788,0,0,0,270,0,0,0
0,31.88891,0,0,0,270,0,0,0
0,31.89998,0,0,0,270,0,0,0
0,31.91167,0,0,0,270,0,0,0
0,31.92525,0,0,0,270,0,0,0
0,31.93362,0,0,0,270,0,0,0
0,31.94556,0,0,0,270,0,0,0
0,31.95671,0,0,0,270,0,0,0
0,31.96771,0,0,0,270,0,0,0
0,31.9817,0,0,0,270,0,0,0
0,31.99045,0,0,0,270,0,0,0
0,32.00211,0,0,0,270,0,0,0
0,32.01297,0,0,0,270,0,0,0
0,32.02465,0,0,0,270,0,0,0
0,32.03598,0,0,0,270,0,0,0
0,32.04922,0,0,0,270,0,0,0
0,32.0584,0,0,0,270,0,0,0
0,32.06961,0,0,0,270,0,0,0
0,32.08072,0,0,0,270,0,0,0
0,32.09394,0,0,0,270,0,0,0
0,32.10831,0,0,0,270,0,0,0
0,32.11376,0,0,0,270,0,0,0
0,32.12337,0,0,0,270,0,0,0
0,32.13432,0,0,0,270,0,0,0
0,32.14566,0,0,0,270,0,0,0
0,32.15663,0,0,0,270,0,0,0
0,32.16973,0,0,0,270,0,0,0
0,32.17877,0,0,0,270,0,0,0
0,32.18979,0,0,0,270,0,0,0
0,32.20094,0,0,0,270,0,0,0
0,32.21191,0,0,0,270,0,0,0
0,32.22445,0,0,0,270,0,0,0
0,32.23417,0,0,0,270,0,0,0
0,32.25445,0,0,0,270,0,0,0
0,32.25759,0,0,0,270,0,0,0
0,32.26743,0,0,0,270,0,0,0
0,32.28071,0,0,0,270,0,0,0
0,32.2896,0,0,0,270,0,0,0
0,32.30102,0,0,0,270,0,0,0
0,32.31205,0,0,0,270,0,0,0
0,32.32333,0,0,0,270,0,0,0
0,32.33426,0,0,0,270,0,0,0
0,32.34853,0,0,0,270,0,0,0
0,32.35658,0,0,0,270,0,0,0
0,32.36741,0,0,0,270,0,0,0
0,32.37949,0,0,0,270,0,0,0
0,32.38977,0,0,0,270,0,0,0
0,32.40288,0,0,0,270,0,0,0
0,32.41202,0,0,0,270,0,0,0
0,32.42311,0,0,0,270,0,0,0
0,32.43396,0,0,0,270,0,0,0
0,32.44539,0,0,0,270,0,0,0
0,32.45679,0,0,0,270,0,0,0
0,32.47236,0,0,0,270,0,0,0
0,32.47905,0,0,0,270,0,0,0
0,32.49008,0,0,0,270,0,0,0
0,32.50151,0,0,0,270,0,0,0
0,32.51248,0,0,0,270,0,0,0
0,32.5261,0,0,0,270,0,0,0
0,32.53487,0,0,0,270,0,0,0
0,32.54563,0,0,0,270,0,0,0
0,32.55859,0,0,0,270,0,0,0
0,32.56784,0,0,0,270,0,0,0
0,32.58354,0,0,0,270,0,0,0
0,32.58997,0,0,0,270,0,0,0
0,32.60165,0,0,0,270,0,0,0
0,32.61242,0,0,0,270,0,0,0
0,32.62386,0,0,0,270,0,0,0
0,32.63512,0,0,0,270,0,0,0
0,32.64884,0,0,0,270,0,0,0
0,32.65728,0,0,0,270,0,0,0
0,32.66805,0,0,0,270,0,0,0
0,32.6796,0,0,0,270,0,0,0
0,32.69071,0,0,0,270,0,0,0
0,32.70576,0,0,0,270,0,0,0
0,32.71265,0,0,0,270,0,0,0
0,32.72404,0,0,0,270,0,0,0
0,32.73502,0,0,0,270,0,0,0
0,32.74576,0,0,0,270,0,0,0
0,32.76104,0,0,0,270,0,0,0
0,32.76825,0,0,0,270,0,0,0
0,32.77955,0,0,0,270,0,0,0
0,32.79039,0,0,0,270,0,0,0
0,32.80176,0,0,0,270,0,0,0
0,32.81246,0,0,0,270,0,0,0
0,32.82585,0,0,0,270,0,0,0
0,32.83487,0,0,0,270,0,0,0
0,32.84634,0,0,0,270,0,0,0
0,32.85758,0,0,0,270,0,0,0
0,32.87133,0,0,0,270,0,0,0
0,32.88725,0,0,0,270,0,0,0
0,32.89046,0,0,0,270,0,0,0
0,32.89894,0,0,0,270,0,0,0
0,32.90956,0,0,0,270,0,0,0
0,32.9209,0,0,0,270,0,0,0
0,32.93184,0,0,0,270,0,0,0
0,32.94597,0,0,0,270,0,0,0
0,32.95403,0,0,0,270,0,0,0
0,32.96582,0,0,0,270,0,0,0
0,32.97664,0,0,0,270,0,0,0
0,32.98737,0,0,0,270,0,0,0
0,33.00119,0,0,0,270,0,0,0
0,33.00998,0,0,0,270,0,0,0
0,33.02375,0,0,0,270,0,0,0
0,33.032,0,0,0,270,0,0,0
0,33.0432,0,0,0,270,0,0,0
0,33.05503,0,0,0,270,0,0,0
0,33.07057,0,0,0,270,0,0,0
0,33.07656,0,0,0,270,0,0,0
0,33.08812,0,0,0,270,0,0,0
0,33.09941,0,0,0,270,0,0,0
0,33.10949,0,0,0,270,0,0,0
0,33.12299,0,0,0,270,0,0,0
0,33.13203,0,0,0,270,0,0,0
0,33.14307,0,0,0,270,0,0,0
0,33.15398,0,0,0,270,0,0,0
0,33.16562,0,0,0,270,0,0,0
0,33.17852,0,0,0,270,0,0,0
0,33.19306,0,0,0,270,0,0,0
0,33.19861,0,0,0,270,0,0,0
0,33.20958,0,0,0,270,0,0,0
0,33.22081,0,0,0,270,0,0,0
0,33.23207,0,0,0,270,0,0,0
0,33.24718,0,0,0,270,0,0,0
0,33.2543,0,0,0,270,0,0,0
0,33.26607,0,0,0,270,0,0,0
0,33.27727,0,0,0,270,0,0,0
0,33.28866,0,0,0,270,0,0,0
0,33.30165,0,0,0,270,0,0,0
0,33.31109,0,0,0,270,0,0,0
0,33.3227,0,0,0,270,0,0,0
0,33.33529,0,0,0,270,0,0,0
0,33.34454,0,0,0,270,0,0,0
0,33.36475,0,0,0,270,0,0,0
0,33.36786,0,0,0,270,0,0,0
0,33.3782,0,0,0,270,0,0,0
0,33.38903,0,0,0,270,0,0,0
0,33.40046,0,0,0,270,0,0,0
0,33.41128,0,0,0,270,0,0,0
0,33.42452,0,0,0,270,0,0,0
0,33.43352,0,0,0,270,0,0,0
0,33.44506,0,0,0,270,0,0,0
0,33.45584,0,0,0,270,0,0,0
0,33.46673,0,0,0,270,0,0,0
0,33.48037,0,0,0,270,0,0,0
0,33.48902,0,0,0,270,0,0,0
0,33.50053,0,0,0,270,0,0,0
0,33.51128,0,0,0,270,0,0,0
0,33.52354,0,0,0,270,0,0,0
0,33.53341,0,0,0,270,0,0,0
0,33.54776,0,0,0,270,0,0,0
0,33.55613,0,0,0,270,0,0,0
0,33.56716,0,0,0,270,0,0,0
0,33.57867,0,0,0,270,0,0,0
0,33.58955,0,0,0,270,0,0,0
0,33.6032,0,0,0,270,0,0,0
0,33.61177,0,0,0,270,0,0,0
0,33.62316,0,0,0,270,0,0,0
0,33.63412,0,0,0,270,0,0,0
0,33.6478,0,0,0,270,0,0,0
0,33.65616,0,0,0,270,0,0,0
0,33.6692,0,0,0,270,0,0,0
0,33.67846,0,0,0,270,0,0,0
0,33.68925,0,0,0,270,0,0,0
0,33.70059,0,0,0,270,0,0,0
0,33.71154,0,0,0,270,0,0,0
0,33.72521,0,0,0,270,0,0,0
0,33.73404,0,0,0,270,0,0,0
0,33.74557,0,0,0,270,0,0,0
0,33.75696,0,0,0,270,0,0,0
0,33.76786,0,0,0,270,0,0,0
0,33.78045,0,0,0,270,0,0,0
0,33.79068,0,0,0,270,0,0,0
0,33.80449,0,0,0,270,0,0,0
0,33.81297,0,0,0,270,0,0,0
0,33.82464,0,0,0,270,0,0,0
0,33.83597,0,0,0,270,0,0,0
0,33.84966,0,0,0,270,0,0,0
0,33.85862,0,0,0,270,0,0,0
0,33.86932,0,0,0,270,0,0,0
0,33.88062,0,0,0,270,0,0,0
0,33.89153,0,0,0,270,0,0,0
0,33.90685,0,0,0,270,0,0,0
0,33.91369,0,0,0,270,0,0,0
0,33.92443,0,0,0,270,0,0,0
0,33.93564,0,0,0,270,0,0,0
0,33.94627,0,0,0,270,0,0,0
0,33.96193,0,0,0,270,0,0,0
0,33.96886,0,0,0,270,0,0,0
0,33.97938,0,0,0,270,0,0,0
0,33.99017,0,0,0,270,0,0,0
0,34.00163,0,0,0,270,0,0,0
0,34.01248,0,0,0,270,0,0,0
0,34.0259,0,0,0,270,0,0,0
0,34.03444,0,0,0,270,0,0,0
0,34.04611,0,0,0,270,0,0,0
0,34.05691,0,0,0,270,0,0,0
0,34.06804,0,0,0,270,0,0,0
0,34.08188,0,0,0,270,0,0,0
0,34.09008,0,0,0,270,0,0,0
0,34.1017,0,0,0,270,0,0,0
0,34.11646,0,0,0,270,0,0,0
0,34.12329,0,0,0,270,0,0,0
0,34.13678,0,0,0,270,0,0,0
0,34.14554,0,0,0,270,0,0,0
0,34.15688,0,0,0,270,0,0,0
0,34.16768,0,0,0,270,0,0,0
0,34.17932,0,0,0,270,0,0,0
0,34.18995,0,0,0,270,0,0,0
0,34.203,0,0,0,270,0,0,0
0,34.21232,0,0,0,270,0,0,0
0,34.2235,0,0,0,270,0,0,0
0,34.23438,0,0,0,270,0,0,0
0,34.24594,0,0,0,270,0,0,0
0,34.25695,0,0,0,270,0,0,0
0,34.26975,0,0,0,270,0,0,0
0,34.27902,0,0,0,270,0,0,0
0,34.29025,0,0,0,270,0,0,0
0,34.30125,0,0,0,270,0,0,0
0,34.31207,0,0,0,270,0,0,0
0,34.32552,0,0,0,270,0,0,0
0,34.33501,0,0,0,270,0,0,0
0,34.34585,0,0,0,270,0,0,0
0,34.35753,0,0,0,270,0,0,0
0,34.36835,0,0,0,270,0,0,0
0,34.38099,0,0,0,270,0,0,0
0,34.39066,0,0,0,270,0,0,0
0,34.40193,0,0,0,270,0,0,0
0,34.41295,0,0,0,270,0,0,0
0,34.42635,0,0,0,270,0,0,0
0,34.43517,0,0,0,270,0,0,0
0,34.44851,0,0,0,270,0,0,0
0,34.45742,0,0,0,270,0,0,0
0,34.46828,0,0,0,270,0,0,0
0,34.47989,0,0,0,270,0,0,0
0,34.49087,0,0,0,270,0,0,0
0,34.50522,0,0,0,270,0,0,0
0,34.51344,0,0,0,270,0,0,0
0,34.52479,0,0,0,270,0,0,0
0,34.53596,0,0,0,270,0,0,0
0,34.54722,0,0,0,270,0,0,0
0,34.56134,0,0,0,270,0,0,0
0,34.5724,0,0,0,270,0,0,0
0,34.59183,0,0,0,270,0,0,0
0,34.59575,0,0,0,270,0,0,0
0,34.5991,0,0,0,270,0,0,0
0,34.61579,0,0,0,270,0,0,0
0,34.62077,0,0,0,270,0,0,0
0,34.63201,0,0,0,270,0,0,0
0,34.64334,0,0,0,270,0,0,0
0,34.65407,0,0,0,270,0,0,0
0,34.66591,0,0,0,270,0,0,0
0,34.67656,0,0,0,270,0,0,0
0,34.68924,0,0,0,270,0,0,0
0,34.69912,0,0,0,270,0,0,0
0,34.71002,0,0,0,270,0,0,0
0,34.72118,0,0,0,270,0,0,0
0,34.73423,0,0,0,270,0,0,0
0,34.74716,0,0,0,270,0,0,0
0,34.75415,0,0,0,270,0,0,0
0,34.76539,0,0,0,270,0,0,0
0,34.77648,0,0,0,270,0,0,0
0,34.78768,0,0,0,270,0,0,0
0,34.80061,0,0,0,270,0,0,0
0,34.80951,0,0,0,270,0,0,0
0,34.8214,0,0,0,270,0,0,0
0,34.83176,0,0,0,270,0,0,0
0,34.84308,0,0,0,270,0,0,0
0,34.854,0,0,0,270,0,0,0
0,34.86757,0,0,0,270,0,0,0
0,34.87657,0,0,0,270,0,0,0
0,34.89004,0,0,0,270,0,0,0
0,34.89889,0,0,0,270,0,0,0
0,34.90958,0,0,0,270,0,0,0
0,34.92587,0,0,0,270,0,0,0
0,34.93204,0,0,0,270,0,0,0
0,34.94365,0,0,0,270,0,0,0
0,34.95441,0,0,0,270,0,0,0
0,34.96616,0,0,0,270,0,0,0
0,34.97733,0,0,0,270,0,0,0
0,34.99302,0,0,0,270,0,0,0
0,35.00009,0,0,0,270,0,0,0
0,35.01134,0,0,0,270,0,0,0
0,35.02276,0,0,0,270,0,0,0
0,35.03362,0,0,0,270,0,0,0
0,35.04679,0,0,0,270,0,0,0
0,35.06131,0,0,0,270,0,0,0
0,35.07549,0,0,0,270,0,0,0
0,35.08941,0,0,0,270,0,0,0
0,35.10525,0,0,0,270,0,0,0
0,35.11132,0,0,0,270,0,0,0
0,35.12282,0,0,0,270,0,0,0
0,35.13374,0,0,0,270,0,0,0
0,35.145,0,0,0,270,0,0,0
0,35.15615,0,0,0,270,0,0,0
0,35.16998,0,0,0,270,0,0,0
0,35.17841,0,0,0,270,0,0,0
0,35.18906,0,0,0,270,0,0,0
0,35.2027,0,0,0,270,0,0,0
0,35.21126,0,0,0,270,0,0,0
0,35.22459,0,0,0,270,0,0,0
0,35.2335,0,0,0,270,0,0,0
0,35.24492,0,0,0,270,0,0,0
0,35.25618,0,0,0,270,0,0,0
0,35.26675,0,0,0,270,0,0,0
0,35.27886,0,0,0,270,0,0,0
0,35.28907,0,0,0,270,0,0,0
0,35.30078,0,0,0,270,0,0,0
0,35.3113,0,0,0,270,0,0,0
0,35.32263,0,0,0,270,0,0,0
0,35.33344,0,0,0,270,0,0,0
0,35.34678,0,0,0,270,0,0,0
0,35.35603,0,0,0,270,0,0,0
0,35.36674,0,0,0,270,0,0,0
0,35.37825,0,0,0,270,0,0,0
0,35.3891,0,0,0,270,0,0,0
0,35.40198,0,0,0,270,0,0,0
0,35.41131,0,0,0,270,0,0,0
0,35.42273,0,0,0,270,0,0,0
0,35.43341,0,0,0,270,0,0,0
0,35.44479,0,0,0,270,0,0,0
0,35.4559,0,0,0,270,0,0,0
0,35.46927,0,0,0,270,0,0,0
0,35.4783,0,0,0,270,0,0,0
0,35.4894,0,0,0,270,0,0,0
0,35.5011,0,0,0,270,0,0,0
0,35.51537,0,0,0,270,0,0,0
0,35.52936,0,0,0,270,0,0,0
0,35.5345,0,0,0,270,0,0,0
0,35.54362,0,0,0,270,0,0,0
0,35.55406,0,0,0,270,0,0,0
0,35.56569,0,0,0,270,0,0,0
0,35.57657,0,0,0,270,0,0,0
0,35.58997,0,0,0,270,0,0,0
0,35.59871,0,0,0,270,0,0,0
0,35.60962,0,0,0,270,0,0,0
0,35.62207,0,0,0,270,0,0,0
0,35.63248,0,0,0,270,0,0,0
0,35.65056,0,0,0,270,0,0,0
0,35.65491,0,0,0,270,0,0,0
0,35.67315,0,0,0,270,0,0,0
0,35.67668,0,0,0,270,0,0,0
0,35.68651,0,0,0,270,0,0,0
0,35.70535,0,0,0,270,0,0,0
0,35.71989,0,0,0,270,0,0,0
0,35.73066,0,0,0,270,0,0,0
0,35.74231,0,0,0,270,0,0,0
0,35.75305,0,0,0,270,0,0,0
0,35.77092,0,0,0,270,0,0,0
0,35.77506,0,0,0,270,0,0,0
0,35.78692,0,0,0,270,0,0,0
0,35.79766,0,0,0,270,0,0,0
0,35.81311,0,0,0,270,0,0,0
0,35.82871,0,0,0,270,0,0,0
0,35.83148,0,0,0,270,0,0,0
0,35.84217,0,0,0,270,0,0,0
0,35.85335,0,0,0,270,0,0,0
0,35.86447,0,0,0,270,0,0,0
0,35.87532,0,0,0,270,0,0,0
0,35.89294,0,0,0,270,0,0,0
0,35.89822,0,0,0,270,0,0,0
0,35.9084,0,0,0,270,0,0,0
0,35.92113,0,0,0,270,0,0,0
0,35.93104,0,0,0,270,0,0,0
0,35.94827,0,0,0,270,0,0,0
0,35.95287,0,0,0,270,0,0,0
0,35.96462,0,0,0,270,0,0,0
0,35.97977,0,0,0,270,0,0,0
0,35.98595,0,0,0,270,0,0,0
0,36,0,0,0,270,0,0,0
0,36.00861,0,0,0,270,0,0,0
0,36.0196,0,0,0,270,0,0,0
0,36.03064,0,0,0,270,0,0,0
0,36.04202,0,0,0,270,0,0,0
0,36.05273,0,0,0,270,0,0,0
0,36.06682,0,0,0,270,0,0,0
0,36.07567,0,0,0,270,0,0,0
0,36.08598,0,0,0,270,0,0,0
0,36.0978,0,0,0,270,0,0,0
0,36.10833,0,0,0,270,0,0,0
0,36.12256,0,0,0,270,0,0,0
0,36.13021,0,0,0,270,0,0,0
0,36.14165,0,0,0,270,0,0,0
0,36.15261,0,0,0,270,0,0,0
0,36.164,0,0,0,270,0,0,0
0,36.17511,0,0,0,270,0,0,0
0,36.18844,0,0,0,270,0,0,0
0,36.19735,0,0,0,270,0,0,0
0,36.20821,0,0,0,270,0,0,0
0,36.21971,0,0,0,270,0,0,0
0,36.23045,0,0,0,270,0,0,0
0,36.24352,0,0,0,270,0,0,0
0,36.25325,0,0,0,270,0,0,0
0,36.26486,0,0,0,270,0,0,0
0,36.27632,0,0,0,270,0,0,0
0,36.28945,0,0,0,270,0,0,0
0,36.30225,0,0,0,270,0,0,0
0,36.30962,0,0,0,270,0,0,0
0,36.32186,0,0,0,270,0,0,0
0,36.33245,0,0,0,270,0,0,0
0,36.34399,0,0,0,270,0,0,0
0,36.35526,0,0,0,270,0,0,0
0,36.36805,0,0,0,270,0,0,0
0,36.3777,0,0,0,270,0,0,0
0,36.38898,0,0,0,270,0,0,0
0,36.40046,0,0,0,270,0,0,0
0,36.41151,0,0,0,270,0,0,0
0,36.42472,0,0,0,270,0,0,0
0,36.43398,0,0,0,270,0,0,0
0,36.44775,0,0,0,270,0,0,0
0,36.45679,0,0,0,270,0,0,0
0,36.46759,0,0,0,270,0,0,0
0,36.48196,0,0,0,270,0,0,0
0,36.48969,0,0,0,270,0,0,0
0,36.50121,0,0,0,270,0,0,0
0,36.51229,0,0,0,270,0,0,0
0,36.52341,0,0,0,270,0,0,0
0,36.53427,0,0,0,270,0,0,0
0,36.54867,0,0,0,270,0,0,0
0,36.55689,0,0,0,270,0,0,0
0,36.56747,0,0,0,270,0,0,0
0,36.57914,0,0,0,270,0,0,0
0,36.59018,0,0,0,270,0,0,0
0,36.60556,0,0,0,270,0,0,0
0,36.61199,0,0,0,270,0,0,0
0,36.62282,0,0,0,270,0,0,0
0,36.63408,0,0,0,270,0,0,0
0,36.64518,0,0,0,270,0,0,0
0,36.65629,0,0,0,270,0,0,0
0,36.67139,0,0,0,270,0,0,0
0,36.6783,0,0,0,270,0,0,0
0,36.68864,0,0,0,270,0,0,0
0,36.70027,0,0,0,270,0,0,0
0,36.71086,0,0,0,270,0,0,0
0,36.72465,0,0,0,270,0,0,0
0,36.733,0,0,0,270,0,0,0
0,36.74457,0,0,0,270,0,0,0
0,36.75845,0,0,0,270,0,0,0
0,36.76628,0,0,0,270,0,0,0
0,36.77951,0,0,0,270,0,0,0
0,36.78873,0,0,0,270,0,0,0
0,36.80022,0,0,0,270,0,0,0
0,36.81085,0,0,0,270,0,0,0
0,36.82227,0,0,0,270,0,0,0
0,36.83297,0,0,0,270,0,0,0
0,36.84613,0,0,0,270,0,0,0
0,36.85574,0,0,0,270,0,0,0
0,36.86639,0,0,0,270,0,0,0
0,36.87776,0,0,0,270,0,0,0
0,36.88853,0,0,0,270,0,0,0
0,36.90285,0,0,0,270,0,0,0
0,36.91084,0,0,0,270,0,0,0
0,36.9222,0,0,0,270,0,0,0
0,36.93321,0,0,0,270,0,0,0
0,36.94476,0,0,0,270,0,0,0
0,36.95559,0,0,0,270,0,0,0
0,36.97009,0,0,0,270,0,0,0
0,36.97794,0,0,0,270,0,0,0
0,36.98841,0,0,0,270,0,0,0
0,37.00017,0,0,0,270,0,0,0
0,37.0107,0,0,0,270,0,0,0
0,37.02565,0,0,0,270,0,0,0
0,37.03292,0,0,0,270,0,0,0
0,37.0447,0,0,0,270,0,0,0
0,37.05585,0,0,0,270,0,0,0
0,37.07771,0,0,0,270,0,0,0
0,37.09251,0,0,0,270,0,0,0
0,37.09792,0,0,0,270,0,0,0
0,37.10896,0,0,0,270,0,0,0
0,37.12029,0,0,0,270,0,0,0
0,37.13129,0,0,0,270,0,0,0
0,37.14578,0,0,0,270,0,0,0
0,37.15326,0,0,0,270,0,0,0
0,37.1648,0,0,0,270,0,0,0
0,37.17562,0,0,0,270,0,0,0
0,37.1866,0,0,0,270,0,0,0
0,37.19925,0,0,0,270,0,0,0
0,37.20907,0,0,0,270,0,0,0
0,37.22234,0,0,0,270,0,0,0
0,37.23127,0,0,0,270,0,0,0
0,37.24371,0,0,0,270,0,0,0
0,37.25354,0,0,0,270,0,0,0
0,37.26738,0,0,0,270,0,0,0
0,37.27568,0,0,0,270,0,0,0
0,37.28679,0,0,0,270,0,0,0
0,37.2983,0,0,0,270,0,0,0
0,37.30888,0,0,0,270,0,0,0
0,37.32359,0,0,0,270,0,0,0
0,37.33097,0,0,0,270,0,0,0
0,37.34233,0,0,0,270,0,0,0
0,37.35323,0,0,0,270,0,0,0
0,37.36482,0,0,0,270,0,0,0
0,37.37839,0,0,0,270,0,0,0
0,37.39304,0,0,0,270,0,0,0
0,37.39775,0,0,0,270,0,0,0
0,37.40856,0,0,0,270,0,0,0
0,37.41988,0,0,0,270,0,0,0
0,37.43083,0,0,0,270,0,0,0
0,37.44595,0,0,0,270,0,0,0
0,37.45295,0,0,0,270,0,0,0
0,37.46452,0,0,0,270,0,0,0
0,37.47587,0,0,0,270,0,0,0
0,37.48639,0,0,0,270,0,0,0
0,37.49954,0,0,0,270,0,0,0
0,37.50872,0,0,0,270,0,0,0
0,37.52008,0,0,0,270,0,0,0
0,37.53357,0,0,0,270,0,0,0
0,37.5422,0,0,0,270,0,0,0
0,37.55302,0,0,0,270,0,0,0
0,37.56551,0,0,0,270,0,0,0
0,37.57576,0,0,0,270,0,0,0
0,37.58651,0,0,0,270,0,0,0
0,37.59795,0,0,0,270,0,0,0
0,37.60854,0,0,0,270,0,0,0
0,37.62251,0,0,0,270,0,0,0
0,37.63076,0,0,0,270,0,0,0
0,37.64208,0,0,0,270,0,0,0
0,37.65296,0,0,0,270,0,0,0
0,37.66431,0,0,0,270,0,0,0
0,37.67603,0,0,0,270,0,0,0
0,37.69012,0,0,0,270,0,0,0
0,37.69759,0,0,0,270,0,0,0
0,37.70849,0,0,0,270,0,0,0
0,37.71973,0,0,0,270,0,0,0
0,37.73063,0,0,0,270,0,0,0
0,37.74498,0,0,0,270,0,0,0
0,37.75281,0,0,0,270,0,0,0
0,37.7648,0,0,0,270,0,0,0
0,37.77591,0,0,0,270,0,0,0
0,37.7874,0,0,0,270,0,0,0
0,37.80145,0,0,0,270,0,0,0
0,37.80946,0,0,0,270,0,0,0
0,37.82135,0,0,0,270,0,0,0
0,37.83242,0,0,0,270,0,0,0
0,37.84579,0,0,0,270,0,0,0
0,37.85503,0,0,0,270,0,0,0
0,37.86909,0,0,0,270,0,0,0
0,37.87746,0,0,0,270,0,0,0
0,37.88882,0,0,0,270,0,0,0
0,37.90009,0,0,0,270,0,0,0
0,37.91099,0,0,0,270,0,0,0
0,37.92662,0,0,0,270,0,0,0
0,37.93323,0,0,0,270,0,0,0
0,37.94395,0,0,0,270,0,0,0
0,37.95529,0,0,0,270,0,0,0
0,37.96619,0,0,0,270,0,0,0
0,37.98055,0,0,0,270,0,0,0
0,37.98818,0,0,0,270,0,0,0
0,38.00106,0,0,0,270,0,0,0
0,38.01067,0,0,0,270,0,0,0
0,38.0216,0,0,0,270,0,0,0
0,38.03283,0,0,0,270,0,0,0
0,38.04821,0,0,0,270,0,0,0
0,38.05505,0,0,0,270,0,0,0
0,38.06728,0,0,0,270,0,0,0
0,38.07735,0,0,0,270,0,0,0
0,38.08832,0,0,0,270,0,0,0
0,38.10225,0,0,0,270,0,0,0
0,38.11058,0,0,0,270,0,0,0
0,38.1218,0,0,0,270,0,0,0
0,38.13271,0,0,0,270,0,0,0
0,38.1439,0,0,0,270,0,0,0
0,38.15726,0,0,0,270,0,0,0
0,38.17023,0,0,0,270,0,0,0
0,38.17716,0,0,0,270,0,0,0
0,38.18824,0,0,0,270,0,0,0
0,38.19935,0,0,0,270,0,0,0
0,38.21043,0,0,0,270,0,0,0
0,38.22371,0,0,0,270,0,0,0
0,38.23264,0,0,0,270,0,0,0
0,38.24384,0,0,0,270,0,0,0
0,38.25513,0,0,0,270,0,0,0
0,38.26592,0,0,0,270,0,0,0
0,38.27917,0,0,0,270,0,0,0
0,38.29276,0,0,0,270,0,0,0
0,38.29956,0,0,0,270,0,0,0
0,38.31292,0,0,0,270,0,0,0
0,38.32147,0,0,0,270,0,0,0
0,38.33253,0,0,0,270,0,0,0
0,38.34561,0,0,0,270,0,0,0
0,38.35509,0,0,0,270,0,0,0
0,38.36604,0,0,0,270,0,0,0
0,38.37712,0,0,0,270,0,0,0
0,38.38827,0,0,0,270,0,0,0
0,38.40332,0,0,0,270,0,0,0
0,38.41028,0,0,0,270,0,0,0
0,38.4214,0,0,0,270,0,0,0
0,38.43251,0,0,0,270,0,0,0
0,38.44405,0,0,0,270,0,0,0
0,38.45491,0,0,0,270,0,0,0
0,38.46731,0,0,0,270,0,0,0
0,38.47725,0,0,0,270,0,0,0
0,38.48804,0,0,0,270,0,0,0
0,38.49916,0,0,0,270,0,0,0
0,38.51032,0,0,0,270,0,0,0
0,38.5232,0,0,0,270,0,0,0
0,38.53244,0,0,0,270,0,0,0
0,38.54394,0,0,0,270,0,0,0
0,38.5555,0,0,0,270,0,0,0
0,38.56638,0,0,0,270,0,0,0
0,38.57917,0,0,0,270,0,0,0
0,38.58855,0,0,0,270,0,0,0
0,38.60007,0,0,0,270,0,0,0
0,38.61095,0,0,0,270,0,0,0
0,38.62562,0,0,0,270,0,0,0
0,38.63345,0,0,0,270,0,0,0
0,38.64718,0,0,0,270,0,0,0
0,38.65541,0,0,0,270,0,0,0
0,38.66678,0,0,0,270,0,0,0
0,38.67805,0,0,0,270,0,0,0
0,38.68866,0,0,0,270,0,0,0
0,38.70247,0,0,0,270,0,0,0
0,38.71085,0,0,0,270,0,0,0
0,38.72221,0,0,0,270,0,0,0
0,38.73294,0,0,0,270,0,0,0
0,38.74416,0,0,0,270,0,0,0
0,38.75541,0,0,0,270,0,0,0
0,38.76811,0,0,0,270,0,0,0
0,38.78057,0,0,0,270,0,0,0
0,38.78919,0,0,0,270,0,0,0
0,38.80006,0,0,0,270,0,0,0
0,38.81098,0,0,0,270,0,0,0
0,38.82399,0,0,0,270,0,0,0
0,38.83342,0,0,0,270,0,0,0
0,38.84436,0,0,0,270,0,0,0
0,38.85575,0,0,0,270,0,0,0
0,38.86665,0,0,0,270,0,0,0
0,38.88193,0,0,0,270,0,0,0
0,38.88895,0,0,0,270,0,0,0
0,38.89967,0,0,0,270,0,0,0
0,38.91111,0,0,0,270,0,0,0
0,38.92196,0,0,0,270,0,0,0
0,38.93768,0,0,0,270,0,0,0
0,38.95211,0,0,0,270,0,0,0
0,38.95533,0,0,0,270,0,0,0
0,38.96286,0,0,0,270,0,0,0
0,38.97385,0,0,0,270,0,0,0
0,38.98492,0,0,0,270,0,0,0
0,38.99657,0,0,0,270,0,0,0
0,39.00993,0,0,0,270,0,0,0
0,39.01796,0,0,0,270,0,0,0
0,39.02904,0,0,0,270,0,0,0
0,39.0403,0,0,0,270,0,0,0
0,39.05162,0,0,0,270,0,0,0
0,39.0666,0,0,0,270,0,0,0
0,39.07378,0,0,0,270,0,0,0
0,39.08782,0,0,0,270,0,0,0
0,39.09605,0,0,0,270,0,0,0
0,39.10696,0,0,0,270,0,0,0
0,39.12173,0,0,0,270,0,0,0
0,39.12923,0,0,0,270,0,0,0
0,39.14033,0,0,0,270,0,0,0
0,39.15127,0,0,0,270,0,0,0
0,39.16246,0,0,0,270,0,0,0
0,39.17355,0,0,0,270,0,0,0
0,39.18623,0,0,0,270,0,0,0
0,39.19613,0,0,0,270,0,0,0
0,39.20675,0,0,0,270,0,0,0
0,39.21805,0,0,0,270,0,0,0
0,39.22905,0,0,0,270,0,0,0
0,39.24174,0,0,0,270,0,0,0
0,39.25121,0,0,0,270,0,0,0
0,39.26228,0,0,0,270,0,0,0
0,39.27348,0,0,0,270,0,0,0
0,39.28448,0,0,0,270,0,0,0
0,39.29576,0,0,0,270,0,0,0
0,39.30925,0,0,0,270,0,0,0
0,39.31797,0,0,0,270,0,0,0
0,39.32927,0,0,0,270,0,0,0
0,39.34066,0,0,0,270,0,0,0
0,39.3521,0,0,0,270,0,0,0
0,39.36579,0,0,0,270,0,0,0
0,39.375,0,0,0,270,0,0,0
0,39.38653,0,0,0,270,0,0,0
0,39.39986,0,0,0,270,0,0,0
0,39.4088,0,0,0,270,0,0,0
0,39.42319,0,0,0,270,0,0,0
0,39.43123,0,0,0,270,0,0,0
0,39.44318,0,0,0,270,0,0,0
0,39.45424,0,0,0,270,0,0,0
0,39.46571,0,0,0,270,0,0,0
0,39.47765,0,0,0,270,0,0,0
0,39.49062,0,0,0,270,0,0,0
0,39.49964,0,0,0,270,0,0,0
0,39.5113,0,0,0,270,0,0,0
0,39.52259,0,0,0,270,0,0,0
0,39.53352,0,0,0,270,0,0,0
0,39.54625,0,0,0,270,0,0,0
0,39.556,0,0,0,270,0,0,0
0,39.56684,0,0,0,270,0,0,0
0,39.57821,0,0,0,270,0,0,0
0,39.58948,0,0,0,270,0,0,0
0,39.61039,0,0,0,270,0,0,0
0,39.61674,0,0,0,270,0,0,0
0,39.62271,0,0,0,270,0,0,0
0,39.63407,0,0,0,270,0,0,0
0,39.64084,0,0,0,270,0,0,0
0,39.65181,0,0,0,270,0,0,0
0,39.66549,0,0,0,270,0,0,0
0,39.67393,0,0,0,270,0,0,0
0,39.68516,0,0,0,270,0,0,0
0,39.69668,0,0,0,270,0,0,0
0,39.71144,0,0,0,270,0,0,0
0,39.72792,0,0,0,270,0,0,0
0,39.73255,0,0,0,270,0,0,0
0,39.74071,0,0,0,270,0,0,0
0,39.75152,0,0,0,270,0,0,0
0,39.7639,0,0,0,270,0,0,0
0,39.77364,0,0,0,270,0,0,0
0,39.78921,0,0,0,270,0,0,0
0,39.79558,0,0,0,270,0,0,0
0,39.80668,0,0,0,270,0,0,0
0,39.8177,0,0,0,270,0,0,0
0,39.82869,0,0,0,270,0,0,0
0,39.84475,0,0,0,270,0,0,0
0,39.85098,0,0,0,270,0,0,0
0,39.86427,0,0,0,270,0,0,0
0,39.87315,0,0,0,270,0,0,0
0,39.88474,0,0,0,270,0,0,0
0,39.89565,0,0,0,270,0,0,0
0,39.90924,0,0,0,270,0,0,0
0,39.91765,0,0,0,270,0,0,0
0,39.9287,0,0,0,270,0,0,0
0,39.93988,0,0,0,270,0,0,0
0,39.95107,0,0,0,270,0,0,0
0,39.96537,0,0,0,270,0,0,0
0,39.9731,0,0,0,270,0,0,0
0,39.98452,0,0,0,270,0,0,0
0,39.99586,0,0,0,270,0,0,0
0,40.00665,0,0,0,270,0,0,0
0,40.02055,0,0,0,270,0,0,0
0,40.02879,0,0,0,270,0,0,0
0,40.03996,0,0,0,270,0,0,0
0,40.05099,0,0,0,270,0,0,0
0,40.06242,0,0,0,270,0,0,0
0,40.07395,0,0,0,270,0,0,0
0,40.09005,0,0,0,270,0,0,0
0,40.09561,0,0,0,270,0,0,0
0,40.10669,0,0,0,270,0,0,0
0,40.11772,0,0,0,270,0,0,0
0,40.12892,0,0,0,270,0,0,0
0,40.14402,0,0,0,270,0,0,0
0,40.15134,0,0,0,270,0,0,0
0,40.16338,0,0,0,270,0,0,0
0,40.17781,0,0,0,270,0,0,0
0,40.18544,0,0,0,270,0,0,0
0,40.19852,0,0,0,270,0,0,0
0,40.20857,0,0,0,270,0,0,0
0,40.21952,0,0,0,270,0,0,0
0,40.23061,0,0,0,270,0,0,0
0,40.2418,0,0,0,270,0,0,0
0,40.25286,0,0,0,270,0,0,0
0,40.26588,0,0,0,270,0,0,0
0,40.27549,0,0,0,270,0,0,0
0,40.28654,0,0,0,270,0,0,0
0,40.29733,0,0,0,270,0,0,0
0,40.30848,0,0,0,270,0,0,0
0,40.32359,0,0,0,270,0,0,0
0,40.33058,0,0,0,270,0,0,0
0,40.34194,0,0,0,270,0,0,0
0,40.3531,0,0,0,270,0,0,0
0,40.36395,0,0,0,270,0,0,0
0,40.37531,0,0,0,270,0,0,0
0,40.38906,0,0,0,270,0,0,0
0,40.39738,0,0,0,270,0,0,0
0,40.40835,0,0,0,270,0,0,0
0,40.41952,0,0,0,270,0,0,0
0,40.43075,0,0,0,270,0,0,0
0,40.4446,0,0,0,270,0,0,0
0,40.45307,0,0,0,270,0,0,0
0,40.47656,0,0,0,270,0,0,0
0,40.48064,0,0,0,270,0,0,0
0,40.49597,0,0,0,270,0,0,0
0,40.50643,0,0,0,270,0,0,0
0,40.51785,0,0,0,270,0,0,0
0,40.52865,0,0,0,270,0,0,0
0,40.54004,0,0,0,270,0,0,0
0,40.5509,0,0,0,270,0,0,0
0,40.56378,0,0,0,270,0,0,0
0,40.57383,0,0,0,270,0,0,0
0,40.58482,0,0,0,270,0,0,0
0,40.59551,0,0,0,270,0,0,0
0,40.60644,0,0,0,270,0,0,0
0,40.62199,0,0,0,270,0,0,0
0,40.62861,0,0,0,270,0,0,0
0,40.64064,0,0,0,270,0,0,0
0,40.65666,0,0,0,270,0,0,0
0,40.66203,0,0,0,270,0,0,0
0,40.6794,0,0,0,270,0,0,0
0,40.68457,0,0,0,270,0,0,0
0,40.69639,0,0,0,270,0,0,0
0,40.70681,0,0,0,270,0,0,0
0,40.7185,0,0,0,270,0,0,0
0,40.72897,0,0,0,270,0,0,0
0,40.74353,0,0,0,270,0,0,0
0,40.75093,0,0,0,270,0,0,0
0,40.76228,0,0,0,270,0,0,0
0,40.77345,0,0,0,270,0,0,0
0,40.78455,0,0,0,270,0,0,0
0,40.79558,0,0,0,270,0,0,0
0,40.8104,0,0,0,270,0,0,0
0,40.81799,0,0,0,270,0,0,0
0,40.82866,0,0,0,270,0,0,0
0,40.84046,0,0,0,270,0,0,0
0,40.85305,0,0,0,270,0,0,0
0,40.86879,0,0,0,270,0,0,0
0,40.87362,0,0,0,270,0,0,0
0,40.88587,0,0,0,270,0,0,0
0,40.89735,0,0,0,270,0,0,0
0,40.9081,0,0,0,270,0,0,0
0,40.92404,0,0,0,270,0,0,0
0,40.93028,0,0,0,270,0,0,0
0,40.94162,0,0,0,270,0,0,0
0,40.95255,0,0,0,270,0,0,0
0,40.96837,0,0,0,270,0,0,0
0,40.97522,0,0,0,270,0,0,0
0,40.98978,0,0,0,270,0,0,0
0,40.99739,0,0,0,270,0,0,0
0,41.00815,0,0,0,270,0,0,0
0,41.0194,0,0,0,270,0,0,0
0,41.03024,0,0,0,270,0,0,0
0,41.04529,0,0,0,270,0,0,0
0,41.0524,0,0,0,270,0,0,0
0,41.06432,0,0,0,270,0,0,0
0,41.07555,0,0,0,270,0,0,0
0,41.08695,0,0,0,270,0,0,0
0,41.10363,0,0,0,270,0,0,0
0,41.10884,0,0,0,270,0,0,0
0,41.1208,0,0,0,270,0,0,0
0,41.13032,0,0,0,270,0,0,0
0,41.14169,0,0,0,270,0,0,0
0,41.15265,0,0,0,270,0,0,0
0,41.16718,0,0,0,270,0,0,0
0,41.17506,0,0,0,270,0,0,0
0,41.18591,0,0,0,270,0,0,0
0,41.19738,0,0,0,270,0,0,0
0,41.20873,0,0,0,270,0,0,0
0,41.22187,0,0,0,270,0,0,0
0,41.23032,0,0,0,270,0,0,0
0,41.24202,0,0,0,270,0,0,0
0,41.25245,0,0,0,270,0,0,0
0,41.26393,0,0,0,270,0,0,0
0,41.27773,0,0,0,270,0,0,0
0,41.29179,0,0,0,270,0,0,0
0,41.29715,0,0,0,270,0,0,0
0,41.30796,0,0,0,270,0,0,0
0,41.31984,0,0,0,270,0,0,0
0,41.33012,0,0,0,270,0,0,0
0,41.34304,0,0,0,270,0,0,0
0,41.35275,0,0,0,270,0,0,0
0,41.36387,0,0,0,270,0,0,0
0,41.37447,0,0,0,270,0,0,0
0,41.38616,0,0,0,270,0,0,0
0,41.39715,0,0,0,270,0,0,0
0,41.41965,0,0,0,270,0,0,0
0,41.4338,0,0,0,270,0,0,0
0,41.43917,0,0,0,270,0,0,0
0,41.45026,0,0,0,270,0,0,0
0,41.46347,0,0,0,270,0,0,0
0,41.47234,0,0,0,270,0,0,0
0,41.48379,0,0,0,270,0,0,0
0,41.49492,0,0,0,270,0,0,0
0,41.50631,0,0,0,270,0,0,0
0,41.52051,0,0,0,270,0,0,0
0,41.52819,0,0,0,270,0,0,0
0,41.53944,0,0,0,270,0,0,0
0,41.55014,0,0,0,270,0,0,0
0,41.56159,0,0,0,270,0,0,0
0,41.57259,0,0,0,270,0,0,0
0,41.5859,0,0,0,270,0,0,0
0,41.59491,0,0,0,270,0,0,0
0,41.60566,0,0,0,270,0,0,0
0,41.61728,0,0,0,270,0,0,0
0,41.62796,0,0,0,270,0,0,0
0,41.64281,0,0,0,270,0,0,0
0,41.65022,0,0,0,270,0,0,0
0,41.66155,0,0,0,270,0,0,0
0,41.67244,0,0,0,270,0,0,0
0,41.68365,0,0,0,270,0,0,0
0,41.69547,0,0,0,270,0,0,0
0,41.7136,0,0,0,270,0,0,0
0,41.71699,0,0,0,270,0,0,0
0,41.72822,0,0,0,270,0,0,0
0,41.74223,0,0,0,270,0,0,0
0,41.75018,0,0,0,270,0,0,0
0,41.7645,0,0,0,270,0,0,0
0,41.77259,0,0,0,270,0,0,0
0,41.78366,0,0,0,270,0,0,0
0,41.79444,0,0,0,270,0,0,0
0,41.80583,0,0,0,270,0,0,0
0,41.81738,0,0,0,270,0,0,0
0,41.83128,0,0,0,270,0,0,0
0,41.83915,0,0,0,270,0,0,0
0,41.85015,0,0,0,270,0,0,0
0,41.86147,0,0,0,270,0,0,0
0,41.87222,0,0,0,270,0,0,0
0,41.88516,0,0,0,270,0,0,0
0,41.89439,0,0,0,270,0,0,0
0,41.90577,0,0,0,270,0,0,0
0,41.9173,0,0,0,270,0,0,0
0,41.92803,0,0,0,270,0,0,0
0,41.9445,0,0,0,270,0,0,0
0,41.95028,0,0,0,270,0,0,0
0,41.9615,0,0,0,270,0,0,0
0,41.97265,0,0,0,270,0,0,0
0,41.98397,0,0,0,270,0,0,0
0,41.99447,0,0,0,270,0,0,0
0,42.00877,0,0,0,270,0,0,0
0,42.01726,0,0,0,270,0,0,0
0,42.02802,0,0,0,270,0,0,0
0,42.0396,0,0,0,270,0,0,0
0,42.05537,0,0,0,270,0,0,0
0,42.06977,0,0,0,270,0,0,0
0,42.07355,0,0,0,270,0,0,0
0,42.08352,0,0,0,270,0,0,0
0,42.09446,0,0,0,270,0,0,0
0,42.10637,0,0,0,270,0,0,0
0,42.11755,0,0,0,270,0,0,0
0,42.13062,0,0,0,270,0,0,0
0,42.13925,0,0,0,270,0,0,0
0,42.15008,0,0,0,270,0,0,0
0,42.16127,0,0,0,270,0,0,0
0,42.17256,0,0,0,270,0,0,0
0,42.18604,0,0,0,270,0,0,0
0,42.19497,0,0,0,270,0,0,0
0,42.20931,0,0,0,270,0,0,0
0,42.21681,0,0,0,270,0,0,0
0,42.22787,0,0,0,270,0,0,0
0,42.24113,0,0,0,270,0,0,0
0,42.25,0,0,0,270,0,0,0
0,42.26178,0,0,0,270,0,0,0
0,42.27259,0,0,0,270,0,0,0
0,42.28351,0,0,0,270,0,0,0
0,42.29439,0,0,0,270,0,0,0
0,42.30728,0,0,0,270,0,0,0
0,42.3168,0,0,0,270,0,0,0
0,42.32758,0,0,0,270,0,0,0
0,42.3389,0,0,0,270,0,0,0
0,42.35001,0,0,0,270,0,0,0
0,42.37104,0,0,0,270,0,0,0
0,42.37497,0,0,0,270,0,0,0
0,42.38355,0,0,0,270,0,0,0
0,42.3945,0,0,0,270,0,0,0
0,42.40559,0,0,0,270,0,0,0
0,42.41722,0,0,0,270,0,0,0
0,42.43063,0,0,0,270,0,0,0
0,42.43903,0,0,0,270,0,0,0
0,42.44984,0,0,0,270,0,0,0
0,42.46156,0,0,0,270,0,0,0
0,42.47242,0,0,0,270,0,0,0
0,42.48536,0,0,0,270,0,0,0
0,42.49542,0,0,0,270,0,0,0
0,42.50685,0,0,0,270,0,0,0
0,42.52,0,0,0,270,0,0,0
0,42.52893,0,0,0,270,0,0,0
0,42.54214,0,0,0,270,0,0,0
0,42.55125,0,0,0,270,0,0,0
0,42.56271,0,0,0,270,0,0,0
0,42.57373,0,0,0,270,0,0,0
0,42.58473,0,0,0,270,0,0,0
0,42.59599,0,0,0,270,0,0,0
0,42.61057,0,0,0,270,0,0,0
0,42.61813,0,0,0,270,0,0,0
0,42.62906,0,0,0,270,0,0,0
0,42.64036,0,0,0,270,0,0,0
0,42.65115,0,0,0,270,0,0,0
0,42.66526,0,0,0,270,0,0,0
0,42.67361,0,0,0,270,0,0,0
0,42.68483,0,0,0,270,0,0,0
0,42.69625,0,0,0,270,0,0,0
0,42.70686,0,0,0,270,0,0,0
0,42.72127,0,0,0,270,0,0,0
0,42.72926,0,0,0,270,0,0,0
0,42.74115,0,0,0,270,0,0,0
0,42.75193,0,0,0,270,0,0,0
0,42.76676,0,0,0,270,0,0,0
0,42.77424,0,0,0,270,0,0,0
0,42.78944,0,0,0,270,0,0,0
0,42.79718,0,0,0,270,0,0,0
0,42.81139,0,0,0,270,0,0,0
0,42.82531,0,0,0,270,0,0,0
0,42.83059,0,0,0,270,0,0,0
0,42.84326,0,0,0,270,0,0,0
0,42.85157,0,0,0,270,0,0,0
0,42.86504,0,0,0,270,0,0,0
0,42.87382,0,0,0,270,0,0,0
0,42.88956,0,0,0,270,0,0,0
0,42.89629,0,0,0,270,0,0,0
0,42.91131,0,0,0,270,0,0,0
0,42.92603,0,0,0,270,0,0,0
0,42.92961,0,0,0,270,0,0,0
0,42.94441,0,0,0,270,0,0,0
0,42.95021,0,0,0,270,0,0,0
0,42.96848,0,0,0,270,0,0,0
0,42.97189,0,0,0,270,0,0,0
0,42.98629,0,0,0,270,0,0,0
0,42.99445,0,0,0,270,0,0,0
0,43.01109,0,0,0,270,0,0,0
0,43.01649,0,0,0,270,0,0,0
0,43.03229,0,0,0,270,0,0,0
0,43.04958,0,0,0,270,0,0,0
0,43.05273,0,0,0,270,0,0,0
0,43.0752,0,0,0,270,0,0,0
0,43.07838,0,0,0,270,0,0,0
0,43.09133,0,0,0,270,0,0,0
0,43.09379,0,0,0,270,0,0,0
0,43.10547,0,0,0,270,0,0,0
0,43.11679,0,0,0,270,0,0,0
0,43.13063,0,0,0,270,0,0,0
0,43.14583,0,0,0,270,0,0,0
0,43.14959,0,0,0,270,0,0,0
0,43.16503,0,0,0,270,0,0,0
0,43.17247,0,0,0,270,0,0,0
0,43.18708,0,0,0,270,0,0,0
0,43.19421,0,0,0,270,0,0,0
0,43.21078,0,0,0,270,0,0,0
0,43.21647,0,0,0,270,0,0,0
0,43.22958,0,0,0,270,0,0,0
0,43.24422,0,0,0,270,0,0,0
0,43.24935,0,0,0,270,0,0,0
0,43.26224,0,0,0,270,0,0,0
0,43.2717,0,0,0,270,0,0,0
0,43.28537,0,0,0,270,0,0,0
0,43.29384,0,0,0,270,0,0,0
0,43.3067,0,0,0,270,0,0,0
0,43.3165,0,0,0,270,0,0,0
0,43.33083,0,0,0,270,0,0,0
0,43.34496,0,0,0,270,0,0,0
0,43.34958,0,0,0,270,0,0,0
0,43.36363,0,0,0,270,0,0,0
0,43.37157,0,0,0,270,0,0,0
0,43.38587,0,0,0,270,0,0,0
0,43.39381,0,0,0,270,0,0,0
0,43.40646,0,0,0,270,0,0,0
0,43.41647,0,0,0,270,0,0,0
0,43.42981,0,0,0,270,0,0,0
0,43.44402,0,0,0,270,0,0,0
0,43.44928,0,0,0,270,0,0,0
0,43.46361,0,0,0,270,0,0,0
0,43.47148,0,0,0,270,0,0,0
0,43.48479,0,0,0,270,0,0,0
0,43.49381,0,0,0,270,0,0,0
0,43.50673,0,0,0,270,0,0,0
0,43.51619,0,0,0,270,0,0,0
0,43.52932,0,0,0,270,0,0,0
0,43.5426,0,0,0,270,0,0,0
0,43.55024,0,0,0,270,0,0,0
0,43.56392,0,0,0,270,0,0,0
0,43.57254,0,0,0,270,0,0,0
0,43.5927,0,0,0,270,0,0,0
0,43.59605,0,0,0,270,0,0,0
0,43.6102,0,0,0,270,0,0,0
0,43.62447,0,0,0,270,0,0,0
0,43.628,0,0,0,270,0,0,0
0,43.64141,0,0,0,270,0,0,0
0,43.64974,0,0,0,270,0,0,0
0,43.66352,0,0,0,270,0,0,0
0,43.67188,0,0,0,270,0,0,0
0,43.68673,0,0,0,270,0,0,0
0,43.6944,0,0,0,270,0,0,0
0,43.71274,0,0,0,270,0,0,0
0,43.71672,0,0,0,270,0,0,0
0,43.73024,0,0,0,270,0,0,0
0,43.74418,0,0,0,270,0,0,0
0,43.74963,0,0,0,270,0,0,0
0,43.76468,0,0,0,270,0,0,0
0,43.77195,0,0,0,270,0,0,0
0,43.78653,0,0,0,270,0,0,0
0,43.79396,0,0,0,270,0,0,0
0,43.80741,0,0,0,270,0,0,0
0,43.81689,0,0,0,270,0,0,0
0,43.83043,0,0,0,270,0,0,0
0,43.84372,0,0,0,270,0,0,0
0,43.84985,0,0,0,270,0,0,0
0,43.86287,0,0,0,270,0,0,0
0,43.87188,0,0,0,270,0,0,0
0,43.88512,0,0,0,270,0,0,0
0,43.89431,0,0,0,270,0,0,0
0,43.90855,0,0,0,270,0,0,0
0,43.91678,0,0,0,270,0,0,0
0,43.93255,0,0,0,270,0,0,0
0,43.94673,0,0,0,270,0,0,0
0,43.94938,0,0,0,270,0,0,0
0,43.96299,0,0,0,270,0,0,0
0,43.97129,0,0,0,270,0,0,0
0,43.98464,0,0,0,270,0,0,0
0,43.99347,0,0,0,270,0,0,0
0,44.00743,0,0,0,270,0,0,0
0,44.01602,0,0,0,270,0,0,0
0,44.02857,0,0,0,270,0,0,0
0,44.04359,0,0,0,270,0,0,0
0,44.04927,0,0,0,270,0,0,0
0,44.06324,0,0,0,270,0,0,0
0,44.07134,0,0,0,270,0,0,0
0,44.08475,0,0,0,270,0,0,0
0,44.09358,0,0,0,270,0,0,0
0,44.11578,0,0,0,270,0,0,0
0,44.11979,0,0,0,270,0,0,0
0,44.1335,0,0,0,270,0,0,0
0,44.13814,0,0,0,270,0,0,0
0,44.14903,0,0,0,270,0,0,0
0,44.16302,0,0,0,270,0,0,0
0,44.17129,0,0,0,270,0,0,0
0,44.18496,0,0,0,270,0,0,0
0,44.19366,0,0,0,270,0,0,0
0,44.20861,0,0,0,270,0,0,0
0,44.21587,0,0,0,270,0,0,0
0,44.2288,0,0,0,270,0,0,0
0,44.24194,0,0,0,270,0,0,0
0,44.24905,0,0,0,270,0,0,0
0,44.26248,0,0,0,270,0,0,0
0,44.27115,0,0,0,270,0,0,0
0,44.2838,0,0,0,270,0,0,0
0,44.2934,0,0,0,270,0,0,0
0,44.30627,0,0,0,270,0,0,0
0,44.31593,0,0,0,270,0,0,0
0,44.32856,0,0,0,270,0,0,0
0,44.34186,0,0,0,270,0,0,0
0,44.34973,0,0,0,270,0,0,0
0,44.36316,0,0,0,270,0,0,0
0,44.3722,0,0,0,270,0,0,0
0,44.38654,0,0,0,270,0,0,0
0,44.39424,0,0,0,270,0,0,0
0,44.40797,0,0,0,270,0,0,0
0,44.41671,0,0,0,270,0,0,0
0,44.43072,0,0,0,270,0,0,0
0,44.44527,0,0,0,270,0,0,0
0,44.44959,0,0,0,270,0,0,0
0,44.46347,0,0,0,270,0,0,0
0,44.47189,0,0,0,270,0,0,0
0,44.48545,0,0,0,270,0,0,0
0,44.49437,0,0,0,270,0,0,0
0,44.50809,0,0,0,270,0,0,0
0,44.51674,0,0,0,270,0,0,0
0,44.53188,0,0,0,270,0,0,0
0,44.54937,0,0,0,270,0,0,0
0,44.55311,0,0,0,270,0,0,0
0,44.57006,0,0,0,270,0,0,0
0,44.57299,0,0,0,270,0,0,0
0,44.5877,0,0,0,270,0,0,0
0,44.59335,0,0,0,270,0,0,0
0,44.60772,0,0,0,270,0,0,0
0,44.61597,0,0,0,270,0,0,0
0,44.62821,0,0,0,270,0,0,0
0,44.6416,0,0,0,270,0,0,0
0,44.64879,0,0,0,270,0,0,0
0,44.66905,0,0,0,270,0,0,0
0,44.67192,0,0,0,270,0,0,0
0,44.68649,0,0,0,270,0,0,0
0,44.69344,0,0,0,270,0,0,0
0,44.71193,0,0,0,270,0,0,0
0,44.71953,0,0,0,270,0,0,0
0,44.7381,0,0,0,270,0,0,0
0,44.75161,0,0,0,270,0,0,0
0,44.76542,0,0,0,270,0,0,0
0,44.77121,0,0,0,270,0,0,0
0,44.78738,0,0,0,270,0,0,0
0,44.79343,0,0,0,270,0,0,0
0,44.80845,0,0,0,270,0,0,0
0,44.81552,0,0,0,270,0,0,0
0,44.82859,0,0,0,270,0,0,0
0,44.84107,0,0,0,270,0,0,0
0,44.84894,0,0,0,270,0,0,0
0,44.86152,0,0,0,270,0,0,0
0,44.87088,0,0,0,270,0,0,0
0,44.88486,0,0,0,270,0,0,0
0,44.8933,0,0,0,270,0,0,0
0,44.90623,0,0,0,270,0,0,0
0,44.92142,0,0,0,270,0,0,0
0,44.93779,0,0,0,270,0,0,0
0,44.95175,0,0,0,270,0,0,0
0,44.96503,0,0,0,270,0,0,0
0,44.97085,0,0,0,270,0,0,0
0,44.98581,0,0,0,270,0,0,0
0,44.99335,0,0,0,270,0,0,0
0,45.00741,0,0,0,270,0,0,0
0,45.0156,0,0,0,270,0,0,0
0,45.03158,0,0,0,270,0,0,0
0,45.0464,0,0,0,270,0,0,0
0,45.04913,0,0,0,270,0,0,0
0,45.06653,0,0,0,270,0,0,0
0,45.07109,0,0,0,270,0,0,0
0,45.0858,0,0,0,270,0,0,0
0,45.09321,0,0,0,270,0,0,0
0,45.10835,0,0,0,270,0,0,0
0,45.11542,0,0,0,270,0,0,0
0,45.13011,0,0,0,270,0,0,0
0,45.14542,0,0,0,270,0,0,0
0,45.14915,0,0,0,270,0,0,0
0,45.16442,0,0,0,270,0,0,0
0,45.17074,0,0,0,270,0,0,0
0,45.18501,0,0,0,270,0,0,0
0,45.19296,0,0,0,270,0,0,0
0,45.217,0,0,0,270,0,0,0
0,45.22054,0,0,0,270,0,0,0
0,45.23387,0,0,0,270,0,0,0
0,45.23759,0,0,0,270,0,0,0
0,45.24863,0,0,0,270,0,0,0
0,45.26198,0,0,0,270,0,0,0
0,45.27127,0,0,0,270,0,0,0
0,45.28548,0,0,0,270,0,0,0
0,45.29286,0,0,0,270,0,0,0
0,45.30719,0,0,0,270,0,0,0
0,45.31545,0,0,0,270,0,0,0
0,45.32909,0,0,0,270,0,0,0
0,45.34267,0,0,0,270,0,0,0
0,45.34874,0,0,0,270,0,0,0
0,45.36123,0,0,0,270,0,0,0
0,45.3706,0,0,0,270,0,0,0
0,45.38368,0,0,0,270,0,0,0
0,45.39283,0,0,0,270,0,0,0
0,45.40547,0,0,0,270,0,0,0
0,45.41537,0,0,0,270,0,0,0
0,45.42848,0,0,0,270,0,0,0
0,45.44114,0,0,0,270,0,0,0
0,45.44839,0,0,0,270,0,0,0
0,45.4614,0,0,0,270,0,0,0
0,45.47058,0,0,0,270,0,0,0
0,45.48344,0,0,0,270,0,0,0
0,45.49296,0,0,0,270,0,0,0
0,45.50709,0,0,0,270,0,0,0
0,45.51546,0,0,0,270,0,0,0
0,45.52869,0,0,0,270,0,0,0
0,45.54302,0,0,0,270,0,0,0
0,45.54832,0,0,0,270,0,0,0
0,45.56285,0,0,0,270,0,0,0
0,45.57066,0,0,0,270,0,0,0
0,45.58484,0,0,0,270,0,0,0
0,45.59303,0,0,0,270,0,0,0
0,45.60611,0,0,0,270,0,0,0
0,45.61605,0,0,0,270,0,0,0
0,45.63092,0,0,0,270,0,0,0
0,45.64711,0,0,0,270,0,0,0
0,45.65022,0,0,0,270,0,0,0
0,45.66494,0,0,0,270,0,0,0
0,45.67084,0,0,0,270,0,0,0
0,45.68541,0,0,0,270,0,0,0
0,45.69435,0,0,0,270,0,0,0
0,45.71188,0,0,0,270,0,0,0
0,45.71751,0,0,0,270,0,0,0
0,45.73703,0,0,0,270,0,0,0
0,45.75813,0,0,0,270,0,0,0
0,45.77338,0,0,0,270,0,0,0
0,45.80275,0,0,0,270,0,0,0
0,45.80814,0,0,0,270,0,0,0
0,45.82634,0,0,0,270,0,0,0
0,45.82955,0,0,0,270,0,0,0
0,45.84467,0,0,0,270,0,0,0
0,45.8484,0,0,0,270,0,0,0
0,45.86274,0,0,0,270,0,0,0
0,45.87051,0,0,0,270,0,0,0
0,45.88586,0,0,0,270,0,0,0
0,45.8929,0,0,0,270,0,0,0
0,45.90818,0,0,0,270,0,0,0
0,45.91524,0,0,0,270,0,0,0
0,45.92887,0,0,0,270,0,0,0
0,45.94223,0,0,0,270,0,0,0
0,45.94828,0,0,0,270,0,0,0
0,45.96189,0,0,0,270,0,0,0
0,45.97046,0,0,0,270,0,0,0
0,45.98554,0,0,0,270,0,0,0
0,45.99298,0,0,0,270,0,0,0
0,46.00876,0,0,0,270,0,0,0
0,46.01516,0,0,0,270,0,0,0
0,46.02984,0,0,0,270,0,0,0
0,46.04828,0,0,0,270,0,0,0
0,46.0517,0,0,0,270,0,0,0
0,46.06749,0,0,0,270,0,0,0
0,46.07168,0,0,0,270,0,0,0
0,46.08978,0,0,0,270,0,0,0
0,46.09349,0,0,0,270,0,0,0
0,46.10805,0,0,0,270,0,0,0
0,46.11519,0,0,0,270,0,0,0
0,46.12925,0,0,0,270,0,0,0
0,46.14261,0,0,0,270,0,0,0
0,46.14811,0,0,0,270,0,0,0
0,46.16156,0,0,0,270,0,0,0
0,46.17032,0,0,0,270,0,0,0
0,46.18325,0,0,0,270,0,0,0
0,46.19263,0,0,0,270,0,0,0
0,46.2056,0,0,0,270,0,0,0
0,46.215,0,0,0,270,0,0,0
0,46.23202,0,0,0,270,0,0,0
0,46.24693,0,0,0,270,0,0,0
0,46.24997,0,0,0,270,0,0,0
0,46.26438,0,0,0,270,0,0,0
0,46.27043,0,0,0,270,0,0,0
0,46.28343,0,0,0,270,0,0,0
0,46.29265,0,0,0,270,0,0,0
0,46.30655,0,0,0,270,0,0,0
0,46.31551,0,0,0,270,0,0,0
0,46.33046,0,0,0,270,0,0,0
0,46.34793,0,0,0,270,0,0,0
0,46.3514,0,0,0,270,0,0,0
0,46.36801,0,0,0,270,0,0,0
0,46.37128,0,0,0,270,0,0,0
0,46.39628,0,0,0,270,0,0,0
0,46.39954,0,0,0,270,0,0,0
0,46.41422,0,0,0,270,0,0,0
0,46.41693,0,0,0,270,0,0,0
0,46.42595,0,0,0,270,0,0,0
0,46.43929,0,0,0,270,0,0,0
0,46.44809,0,0,0,270,0,0,0
0,46.4623,0,0,0,270,0,0,0
0,46.47026,0,0,0,270,0,0,0
0,46.48441,0,0,0,270,0,0,0
0,46.49246,0,0,0,270,0,0,0
0,46.50705,0,0,0,270,0,0,0
0,46.51502,0,0,0,270,0,0,0
0,46.53005,0,0,0,270,0,0,0
0,46.54428,0,0,0,270,0,0,0
0,46.54795,0,0,0,270,0,0,0
0,46.56207,0,0,0,270,0,0,0
0,46.5705,0,0,0,270,0,0,0
0,46.5844,0,0,0,270,0,0,0
0,46.59229,0,0,0,270,0,0,0
0,46.60585,0,0,0,270,0,0,0
0,46.61518,0,0,0,270,0,0,0
0,46.6306,0,0,0,270,0,0,0
0,46.64416,0,0,0,270,0,0,0
0,46.64786,0,0,0,270,0,0,0
0,46.66099,0,0,0,270,0,0,0
0,46.67022,0,0,0,270,0,0,0
0,46.6832,0,0,0,270,0,0,0
0,46.69289,0,0,0,270,0,0,0
0,46.70585,0,0,0,270,0,0,0
0,46.71495,0,0,0,270,0,0,0
0,46.73084,0,0,0,270,0,0,0
0,46.74647,0,0,0,270,0,0,0
0,46.74943,0,0,0,270,0,0,0
0,46.76432,0,0,0,270,0,0,0
0,46.77035,0,0,0,270,0,0,0
0,46.78342,0,0,0,270,0,0,0
0,46.79256,0,0,0,270,0,0,0
0,46.80592,0,0,0,270,0,0,0
0,46.81484,0,0,0,270,0,0,0
0,46.82815,0,0,0,270,0,0,0
0,46.84243,0,0,0,270,0,0,0
0,46.84798,0,0,0,270,0,0,0
0,46.86741,0,0,0,270,0,0,0
0,46.87056,0,0,0,270,0,0,0
0,46.8866,0,0,0,270,0,0,0
0,46.89247,0,0,0,270,0,0,0
0,46.90757,0,0,0,270,0,0,0
0,46.9151,0,0,0,270,0,0,0
0,46.93254,0,0,0,270,0,0,0
0,46.94931,0,0,0,270,0,0,0
0,46.95969,0,0,0,270,0,0,0
0,46.97624,0,0,0,270,0,0,0
0,46.99197,0,0,0,270,0,0,0
0,47.01714,0,0,0,270,0,0,0
0,47.02094,0,0,0,270,0,0,0
0,47.03777,0,0,0,270,0,0,0
0,47.04855,0,0,0,270,0,0,0
0,47.06813,0,0,0,270,0,0,0
0,47.07264,0,0,0,270,0,0,0
0,47.09313,0,0,0,270,0,0,0
0,47.10402,0,0,0,270,0,0,0
0,47.1209,0,0,0,270,0,0,0
0,47.13808,0,0,0,270,0,0,0
0,47.15332,0,0,0,270,0,0,0
0,47.17027,0,0,0,270,0,0,0
0,47.17392,0,0,0,270,0,0,0
0,47.1901,0,0,0,270,0,0,0
0,47.19287,0,0,0,270,0,0,0
0,47.20586,0,0,0,270,0,0,0
0,47.21435,0,0,0,270,0,0,0
0,47.22775,0,0,0,270,0,0,0
0,47.23671,0,0,0,270,0,0,0
0,47.25087,0,0,0,270,0,0,0
0,47.2645,0,0,0,270,0,0,0
0,47.26984,0,0,0,270,0,0,0
0,47.28282,0,0,0,270,0,0,0
0,47.29211,0,0,0,270,0,0,0
0,47.30504,0,0,0,270,0,0,0
0,47.31419,0,0,0,270,0,0,0
0,47.32793,0,0,0,270,0,0,0
0,47.3367,0,0,0,270,0,0,0
0,47.35208,0,0,0,270,0,0,0
0,47.36658,0,0,0,270,0,0,0
0,47.36985,0,0,0,270,0,0,0
0,47.38421,0,0,0,270,0,0,0
0,47.39216,0,0,0,270,0,0,0
0,47.40623,0,0,0,270,0,0,0
0,47.41444,0,0,0,270,0,0,0
0,47.42812,0,0,0,270,0,0,0
0,47.43668,0,0,0,270,0,0,0
0,47.45079,0,0,0,270,0,0,0
0,47.46638,0,0,0,270,0,0,0
0,47.46968,0,0,0,270,0,0,0
0,47.48286,0,0,0,270,0,0,0
0,47.49227,0,0,0,270,0,0,0
0,47.50534,0,0,0,270,0,0,0
0,47.51419,0,0,0,270,0,0,0
0,47.52747,0,0,0,270,0,0,0
0,47.53693,0,0,0,270,0,0,0
0,47.55031,0,0,0,270,0,0,0
0,47.56454,0,0,0,270,0,0,0
0,47.5698,0,0,0,270,0,0,0
0,47.58392,0,0,0,270,0,0,0
0,47.5919,0,0,0,270,0,0,0
0,47.60597,0,0,0,270,0,0,0
0,47.61423,0,0,0,270,0,0,0
0,47.62781,0,0,0,270,0,0,0
0,47.63657,0,0,0,270,0,0,0
0,47.65653,0,0,0,270,0,0,0
0,47.67034,0,0,0,270,0,0,0
0,47.68343,0,0,0,270,0,0,0
0,47.69199,0,0,0,270,0,0,0
0,47.70589,0,0,0,270,0,0,0
0,47.7142,0,0,0,270,0,0,0
0,47.72861,0,0,0,270,0,0,0
0,47.73652,0,0,0,270,0,0,0
0,47.75024,0,0,0,270,0,0,0
0,47.76484,0,0,0,270,0,0,0
0,47.7711,0,0,0,270,0,0,0
0,47.78541,0,0,0,270,0,0,0
0,47.79187,0,0,0,270,0,0,0
0,47.80552,0,0,0,270,0,0,0
0,47.8149,0,0,0,270,0,0,0
0,47.82876,0,0,0,270,0,0,0
0,47.84311,0,0,0,270,0,0,0
0,47.84765,0,0,0,270,0,0,0
0,47.86144,0,0,0,270,0,0,0
0,47.87094,0,0,0,270,0,0,0
0,47.88571,0,0,0,270,0,0,0
0,47.89308,0,0,0,270,0,0,0
0,47.90614,0,0,0,270,0,0,0
0,47.91557,0,0,0,270,0,0,0
0,47.92891,0,0,0,270,0,0,0
0,47.9449,0,0,0,270,0,0,0
0,47.94866,0,0,0,270,0,0,0
0,47.96244,0,0,0,270,0,0,0
0,47.97065,0,0,0,270,0,0,0
0,47.98741,0,0,0,270,0,0,0
0,47.99246,0,0,0,270,0,0,0
0,48.00618,0,0,0,270,0,0,0
0,48.01501,0,0,0,270,0,0,0
0,48.02844,0,0,0,270,0,0,0
0,48.0422,0,0,0,270,0,0,0
0,48.04813,0,0,0,270,0,0,0
0,48.06325,0,0,0,270,0,0,0
0,48.07049,0,0,0,270,0,0,0
0,48.08511,0,0,0,270,0,0,0
0,48.09249,0,0,0,270,0,0,0
0,48.10814,0,0,0,270,0,0,0
0,48.11539,0,0,0,270,0,0,0
0,48.13015,0,0,0,270,0,0,0
0,48.14455,0,0,0,270,0,0,0
0,48.1479,0,0,0,270,0,0,0
0,48.16139,0,0,0,270,0,0,0
0,48.16985,0,0,0,270,0,0,0
0,48.18327,0,0,0,270,0,0,0
0,48.19218,0,0,0,270,0,0,0
0,48.20609,0,0,0,270,0,0,0
0,48.21419,0,0,0,270,0,0,0
0,48.22857,0,0,0,270,0,0,0
0,48.23661,0,0,0,270,0,0,0
0,48.24914,0,0,0,270,0,0,0
0,48.2638,0,0,0,270,0,0,0
0,48.26981,0,0,0,270,0,0,0
0,48.2928,0,0,0,270,0,0,0
0,48.29612,0,0,0,270,0,0,0
0,48.31036,0,0,0,270,0,0,0
0,48.32401,0,0,0,270,0,0,0
0,48.32664,0,0,0,270,0,0,0
0,48.34089,0,0,0,270,0,0,0
0,48.34714,0,0,0,270,0,0,0
0,48.36007,0,0,0,270,0,0,0
0,48.36935,0,0,0,270,0,0,0
0,48.38296,0,0,0,270,0,0,0
0,48.39159,0,0,0,270,0,0,0
0,48.40438,0,0,0,270,0,0,0
0,48.41401,0,0,0,270,0,0,0
0,48.42776,0,0,0,270,0,0,0
0,48.4365,0,0,0,270,0,0,0
0,48.4495,0,0,0,270,0,0,0
0,48.46242,0,0,0,270,0,0,0
0,48.46926,0,0,0,270,0,0,0
0,48.48243,0,0,0,270,0,0,0
0,48.49155,0,0,0,270,0,0,0
0,48.50509,0,0,0,270,0,0,0
0,48.51375,0,0,0,270,0,0,0
0,48.52861,0,0,0,270,0,0,0
0,48.53674,0,0,0,270,0,0,0
0,48.55001,0,0,0,270,0,0,0
0,48.56304,0,0,0,270,0,0,0
0,48.56922,0,0,0,270,0,0,0
0,48.58239,0,0,0,270,0,0,0
0,48.59143,0,0,0,270,0,0,0
0,48.60469,0,0,0,270,0,0,0
0,48.61373,0,0,0,270,0,0,0
0,48.62687,0,0,0,270,0,0,0
0,48.6364,0,0,0,270,0,0,0
0,48.6499,0,0,0,270,0,0,0
0,48.66373,0,0,0,270,0,0,0
0,48.66923,0,0,0,270,0,0,0
0,48.68227,0,0,0,270,0,0,0
0,48.69183,0,0,0,270,0,0,0
0,48.70516,0,0,0,270,0,0,0
0,48.71373,0,0,0,270,0,0,0
0,48.72687,0,0,0,270,0,0,0
0,48.73647,0,0,0,270,0,0,0
0,48.75031,0,0,0,270,0,0,0
0,48.76419,0,0,0,270,0,0,0
0,48.7701,0,0,0,270,0,0,0
0,48.78403,0,0,0,270,0,0,0
0,48.79328,0,0,0,270,0,0,0
0,48.80653,0,0,0,270,0,0,0
0,48.81611,0,0,0,270,0,0,0
0,48.82978,0,0,0,270,0,0,0
0,48.84517,0,0,0,270,0,0,0
0,48.84909,0,0,0,270,0,0,0
0,48.8669,0,0,0,270,0,0,0
0,48.86971,0,0,0,270,0,0,0
0,48.8844,0,0,0,270,0,0,0
0,48.89129,0,0,0,270,0,0,0
0,48.9038,0,0,0,270,0,0,0
0,48.91372,0,0,0,270,0,0,0
0,48.92656,0,0,0,270,0,0,0
0,48.9361,0,0,0,270,0,0,0
0,48.95609,0,0,0,270,0,0,0
0,48.97381,0,0,0,270,0,0,0
0,48.99137,0,0,0,270,0,0,0
0,48.99384,0,0,0,270,0,0,0
0,49.00709,0,0,0,270,0,0,0
0,49.01353,0,0,0,270,0,0,0
0,49.0268,0,0,0,270,0,0,0
0,49.03627,0,0,0,270,0,0,0
0,49.04956,0,0,0,270,0,0,0
0,49.06212,0,0,0,270,0,0,0
0,49.06929,0,0,0,270,0,0,0
0,49.08221,0,0,0,270,0,0,0
0,49.0913,0,0,0,270,0,0,0
0,49.10812,0,0,0,270,0,0,0
0,49.11375,0,0,0,270,0,0,0
0,49.12717,0,0,0,270,0,0,0
0,49.1368,0,0,0,270,0,0,0
0,49.15113,0,0,0,270,0,0,0
0,49.16461,0,0,0,270,0,0,0
0,49.16904,0,0,0,270,0,0,0
0,49.18219,0,0,0,270,0,0,0
0,49.19142,0,0,0,270,0,0,0
0,49.20438,0,0,0,270,0,0,0
0,49.21362,0,0,0,270,0,0,0
0,49.22813,0,0,0,270,0,0,0
0,49.23596,0,0,0,270,0,0,0
0,49.24896,0,0,0,270,0,0,0
0,49.26267,0,0,0,270,0,0,0
0,49.26894,0,0,0,270,0,0,0
0,49.28355,0,0,0,270,0,0,0
0,49.29126,0,0,0,270,0,0,0
0,49.30508,0,0,0,270,0,0,0
0,49.31335,0,0,0,270,0,0,0
0,49.32884,0,0,0,270,0,0,0
0,49.33598,0,0,0,270,0,0,0
0,49.35042,0,0,0,270,0,0,0
0,49.36594,0,0,0,270,0,0,0
0,49.36895,0,0,0,270,0,0,0
0,49.38319,0,0,0,270,0,0,0
0,49.39107,0,0,0,270,0,0,0
0,49.40869,0,0,0,270,0,0,0
0,49.41327,0,0,0,270,0,0,0
0,49.42681,0,0,0,270,0,0,0
0,49.43578,0,0,0,270,0,0,0
0,49.44859,0,0,0,270,0,0,0
0,49.46263,0,0,0,270,0,0,0
0,49.46889,0,0,0,270,0,0,0
0,49.48288,0,0,0,270,0,0,0
0,49.49126,0,0,0,270,0,0,0
0,49.50378,0,0,0,270,0,0,0
0,49.51328,0,0,0,270,0,0,0
0,49.52594,0,0,0,270,0,0,0
0,49.53563,0,0,0,270,0,0,0
0,49.54791,0,0,0,270,0,0,0
0,49.56108,0,0,0,270,0,0,0
0,49.56912,0,0,0,270,0,0,0
0,49.5823,0,0,0,270,0,0,0
0,49.59114,0,0,0,270,0,0,0
0,49.60519,0,0,0,270,0,0,0
0,49.61349,0,0,0,270,0,0,0
0,49.62753,0,0,0,270,0,0,0
0,49.6358,0,0,0,270,0,0,0
0,49.64875,0,0,0,270,0,0,0
0,49.66342,0,0,0,270,0,0,0
0,49.66871,0,0,0,270,0,0,0
0,49.68189,0,0,0,270,0,0,0
0,49.6913,0,0,0,270,0,0,0
0,49.70652,0,0,0,270,0,0,0
0,49.71341,0,0,0,270,0,0,0
0,49.7272,0,0,0,270,0,0,0
0,49.73619,0,0,0,270,0,0,0
0,49.74992,0,0,0,270,0,0,0
0,49.76516,0,0,0,270,0,0,0
0,49.7697,0,0,0,270,0,0,0
0,49.78432,0,0,0,270,0,0,0
0,49.79226,0,0,0,270,0,0,0
0,49.80571,0,0,0,270,0,0,0
0,49.81443,0,0,0,270,0,0,0
0,49.82767,0,0,0,270,0,0,0
0,49.83667,0,0,0,270,0,0,0
0,49.85117,0,0,0,270,0,0,0
0,49.87194,0,0,0,270,0,0,0
0,49.87579,0,0,0,270,0,0,0
0,49.89133,0,0,0,270,0,0,0
0,49.90535,0,0,0,270,0,0,0
0,49.91341,0,0,0,270,0,0,0
0,49.92552,0,0,0,270,0,0,0
0,49.93561,0,0,0,270,0,0,0
0,49.94949,0,0,0,270,0,0,0
0,49.96249,0,0,0,270,0,0,0
0,49.96879,0,0,0,270,0,0,0
0,49.98275,0,0,0,270,0,0,0
0,49.99109,0,0,0,270,0,0,0
0,50.00411,0,0,0,270,0,0,0
0,50.01311,0,0,0,270,0,0,0
0,50.02632,0,0,0,270,0,0,0
0,50.0357,0,0,0,270,0,0,0
0,50.0505,0,0,0,270,0,0,0
0,50.06436,0,0,0,270,0,0,0
0,50.06899,0,0,0,270,0,0,0
0,50.08274,0,0,0,270,0,0,0
0,50.09087,0,0,0,270,0,0,0
0,50.10489,0,0,0,270,0,0,0
0,50.11376,0,0,0,270,0,0,0
0,50.1289,0,0,0,270,0,0,0
0,50.13559,0,0,0,270,0,0,0
0,50.14996,0,0,0,270,0,0,0
0,50.16394,0,0,0,270,0,0,0
0,50.16845,0,0,0,270,0,0,0
0,50.18192,0,0,0,270,0,0,0
0,50.19081,0,0,0,270,0,0,0
0,50.20364,0,0,0,270,0,0,0
0,50.21294,0,0,0,270,0,0,0
0,50.22695,0,0,0,270,0,0,0
0,50.2354,0,0,0,270,0,0,0
0,50.24833,0,0,0,270,0,0,0
0,50.26538,0,0,0,270,0,0,0
0,50.26842,0,0,0,270,0,0,0
0,50.28225,0,0,0,270,0,0,0
0,50.29086,0,0,0,270,0,0,0
0,50.30462,0,0,0,270,0,0,0
0,50.31329,0,0,0,270,0,0,0
0,50.32696,0,0,0,270,0,0,0
0,50.33546,0,0,0,270,0,0,0
0,50.35675,0,0,0,270,0,0,0
0,50.37018,0,0,0,270,0,0,0
0,50.38343,0,0,0,270,0,0,0
0,50.39077,0,0,0,270,0,0,0
0,50.40334,0,0,0,270,0,0,0
0,50.41303,0,0,0,270,0,0,0
0,50.42588,0,0,0,270,0,0,0
0,50.43542,0,0,0,270,0,0,0
0,50.449,0,0,0,270,0,0,0
0,50.46394,0,0,0,270,0,0,0
0,50.46839,0,0,0,270,0,0,0
0,50.48143,0,0,0,270,0,0,0
0,50.49058,0,0,0,270,0,0,0
0,50.50326,0,0,0,270,0,0,0
0,50.51281,0,0,0,270,0,0,0
0,50.5257,0,0,0,270,0,0,0
0,50.53596,0,0,0,270,0,0,0
0,50.54883,0,0,0,270,0,0,0
0,50.56184,0,0,0,270,0,0,0
0,50.56857,0,0,0,270,0,0,0
0,50.58132,0,0,0,270,0,0,0
0,50.59055,0,0,0,270,0,0,0
0,50.60389,0,0,0,270,0,0,0
0,50.6128,0,0,0,270,0,0,0
0,50.62528,0,0,0,270,0,0,0
0,50.63538,0,0,0,270,0,0,0
0,50.64906,0,0,0,270,0,0,0
0,50.66241,0,0,0,270,0,0,0
0,50.66916,0,0,0,270,0,0,0
0,50.68221,0,0,0,270,0,0,0
0,50.69138,0,0,0,270,0,0,0
0,50.70485,0,0,0,270,0,0,0
0,50.71349,0,0,0,270,0,0,0
0,50.72942,0,0,0,270,0,0,0
0,50.74163,0,0,0,270,0,0,0
0,50.7576,0,0,0,270,0,0,0
0,50.77154,0,0,0,270,0,0,0
0,50.7873,0,0,0,270,0,0,0
0,50.79202,0,0,0,270,0,0,0
0,50.81073,0,0,0,270,0,0,0
0,50.81424,0,0,0,270,0,0,0
0,50.82981,0,0,0,270,0,0,0
0,50.8356,0,0,0,270,0,0,0
0,50.85986,0,0,0,270,0,0,0
0,50.87591,0,0,0,270,0,0,0
0,50.89023,0,0,0,270,0,0,0
0,50.90505,0,0,0,270,0,0,0
0,50.91305,0,0,0,270,0,0,0
0,50.92844,0,0,0,270,0,0,0
0,50.93552,0,0,0,270,0,0,0
0,50.95302,0,0,0,270,0,0,0
0,50.96777,0,0,0,270,0,0,0
0,50.97059,0,0,0,270,0,0,0
0,50.9851,0,0,0,270,0,0,0
0,50.99075,0,0,0,270,0,0,0
0,51.00593,0,0,0,270,0,0,0
0,51.01276,0,0,0,270,0,0,0
0,51.0276,0,0,0,270,0,0,0
0,51.03577,0,0,0,270,0,0,0
0,51.05103,0,0,0,270,0,0,0
0,51.06892,0,0,0,270,0,0,0
0,51.07311,0,0,0,270,0,0,0
0,51.0888,0,0,0,270,0,0,0
0,51.09186,0,0,0,270,0,0,0
0,51.10691,0,0,0,270,0,0,0
0,51.11296,0,0,0,270,0,0,0
0,51.12838,0,0,0,270,0,0,0
0,51.13586,0,0,0,270,0,0,0
0,51.15031,0,0,0,270,0,0,0
0,51.16579,0,0,0,270,0,0,0
0,51.1688,0,0,0,270,0,0,0
0,51.18548,0,0,0,270,0,0,0
0,51.19025,0,0,0,270,0,0,0
0,51.20366,0,0,0,270,0,0,0
0,51.21259,0,0,0,270,0,0,0
0,51.22579,0,0,0,270,0,0,0
0,51.2354,0,0,0,270,0,0,0
0,51.25149,0,0,0,270,0,0,0
0,51.26577,0,0,0,270,0,0,0
0,51.26878,0,0,0,270,0,0,0
0,51.28229,0,0,0,270,0,0,0
0,51.29026,0,0,0,270,0,0,0
0,51.30428,0,0,0,270,0,0,0
0,51.31264,0,0,0,270,0,0,0
0,51.32595,0,0,0,270,0,0,0
0,51.33521,0,0,0,270,0,0,0
0,51.35,0,0,0,270,0,0,0
0,51.37082,0,0,0,270,0,0,0
0,51.37361,0,0,0,270,0,0,0
0,51.38838,0,0,0,270,0,0,0
0,51.39085,0,0,0,270,0,0,0
0,51.40422,0,0,0,270,0,0,0
0,51.4125,0,0,0,270,0,0,0
0,51.42566,0,0,0,270,0,0,0
0,51.43494,0,0,0,270,0,0,0
0,51.44796,0,0,0,270,0,0,0
0,51.46088,0,0,0,270,0,0,0
0,51.46792,0,0,0,270,0,0,0
0,51.48099,0,0,0,270,0,0,0
0,51.4902,0,0,0,270,0,0,0
0,51.50361,0,0,0,270,0,0,0
0,51.51247,0,0,0,270,0,0,0
0,51.52557,0,0,0,270,0,0,0
0,51.53521,0,0,0,270,0,0,0
0,51.54759,0,0,0,270,0,0,0
0,51.56135,0,0,0,270,0,0,0
0,51.56818,0,0,0,270,0,0,0
0,51.58113,0,0,0,270,0,0,0
0,51.59016,0,0,0,270,0,0,0
0,51.6034,0,0,0,270,0,0,0
0,51.61245,0,0,0,270,0,0,0
0,51.62611,0,0,0,270,0,0,0
0,51.63495,0,0,0,270,0,0,0
0,51.65204,0,0,0,270,0,0,0
0,51.66638,0,0,0,270,0,0,0
0,51.66941,0,0,0,270,0,0,0
0,51.6834,0,0,0,270,0,0,0
0,51.69017,0,0,0,270,0,0,0
0,51.70447,0,0,0,270,0,0,0
0,51.71259,0,0,0,270,0,0,0
0,51.72631,0,0,0,270,0,0,0
0,51.73482,0,0,0,270,0,0,0
0,51.74781,0,0,0,270,0,0,0
0,51.76467,0,0,0,270,0,0,0
0,51.76781,0,0,0,270,0,0,0
0,51.7811,0,0,0,270,0,0,0
0,51.79005,0,0,0,270,0,0,0
0,51.80287,0,0,0,270,0,0,0
0,51.81244,0,0,0,270,0,0,0
0,51.82749,0,0,0,270,0,0,0
0,51.83484,0,0,0,270,0,0,0
0,51.84827,0,0,0,270,0,0,0
0,51.8618,0,0,0,270,0,0,0
0,51.86783,0,0,0,270,0,0,0
0,51.88845,0,0,0,270,0,0,0
0,51.89202,0,0,0,270,0,0,0
0,51.90625,0,0,0,270,0,0,0
0,51.91243,0,0,0,270,0,0,0
0,51.9261,0,0,0,270,0,0,0
0,51.93439,0,0,0,270,0,0,0
0,51.94753,0,0,0,270,0,0,0
0,51.95707,0,0,0,270,0,0,0
0,51.97086,0,0,0,270,0,0,0
0,51.98381,0,0,0,270,0,0,0
0,51.99005,0,0,0,270,0,0,0
0,52.0024,0,0,0,270,0,0,0
0,52.01217,0,0,0,270,0,0,0
0,52.02444,0,0,0,270,0,0,0
0,52.03486,0,0,0,270,0,0,0
0,52.05313,0,0,0,270,0,0,0
0,52.06773,0,0,0,270,0,0,0
0,52.07035,0,0,0,270,0,0,0
0,52.08509,0,0,0,270,0,0,0
0,52.09008,0,0,0,270,0,0,0
0,52.10395,0,0,0,270,0,0,0
0,52.11223,0,0,0,270,0,0,0
0,52.12499,0,0,0,270,0,0,0
0,52.13442,0,0,0,270,0,0,0
0,52.14844,0,0,0,270,0,0,0
0,52.1569,0,0,0,270,0,0,0
0,52.1724,0,0,0,270,0,0,0
0,52.18863,0,0,0,270,0,0,0
0,52.19161,0,0,0,270,0,0,0
0,52.20502,0,0,0,270,0,0,0
0,52.21226,0,0,0,270,0,0,0
0,52.22733,0,0,0,270,0,0,0
0,52.23425,0,0,0,270,0,0,0
0,52.25027,0,0,0,270,0,0,0
0,52.25728,0,0,0,270,0,0,0
0,52.27073,0,0,0,270,0,0,0
0,52.28382,0,0,0,270,0,0,0
0,52.28989,0,0,0,270,0,0,0
0,52.30245,0,0,0,270,0,0,0
0,52.31248,0,0,0,270,0,0,0
0,52.32727,0,0,0,270,0,0,0
0,52.33481,0,0,0,270,0,0,0
0,52.34778,0,0,0,270,0,0,0
0,52.36325,0,0,0,270,0,0,0
0,52.36755,0,0,0,270,0,0,0
0,52.38184,0,0,0,270,0,0,0
0,52.38997,0,0,0,270,0,0,0
0,52.40349,0,0,0,270,0,0,0
0,52.41211,0,0,0,270,0,0,0
0,52.43344,0,0,0,270,0,0,0
0,52.43667,0,0,0,270,0,0,0
0,52.45042,0,0,0,270,0,0,0
0,52.46533,0,0,0,270,0,0,0
0,52.46817,0,0,0,270,0,0,0
0,52.48397,0,0,0,270,0,0,0
0,52.48965,0,0,0,270,0,0,0
0,52.50247,0,0,0,270,0,0,0
0,52.51228,0,0,0,270,0,0,0
0,52.52508,0,0,0,270,0,0,0
0,52.53424,0,0,0,270,0,0,0
0,52.54765,0,0,0,270,0,0,0
0,52.55676,0,0,0,270,0,0,0
0,52.56985,0,0,0,270,0,0,0
0,52.58268,0,0,0,270,0,0,0
0,52.58967,0,0,0,270,0,0,0
0,52.60567,0,0,0,270,0,0,0
0,52.61223,0,0,0,270,0,0,0
0,52.62621,0,0,0,270,0,0,0
0,52.63414,0,0,0,270,0,0,0
0,52.64716,0,0,0,270,0,0,0
0,52.6567,0,0,0,270,0,0,0
0,52.67079,0,0,0,270,0,0,0
0,52.68448,0,0,0,270,0,0,0
0,52.68959,0,0,0,270,0,0,0
0,52.70347,0,0,0,270,0,0,0
0,52.7121,0,0,0,270,0,0,0
0,52.72554,0,0,0,270,0,0,0
0,52.73415,0,0,0,270,0,0,0
0,52.74688,0,0,0,270,0,0,0
0,52.75704,0,0,0,270,0,0,0
0,52.77115,0,0,0,270,0,0,0
0,52.78446,0,0,0,270,0,0,0
0,52.78951,0,0,0,270,0,0,0
0,52.80344,0,0,0,270,0,0,0
0,52.81211,0,0,0,270,0,0,0
0,52.82584,0,0,0,270,0,0,0
0,52.83441,0,0,0,270,0,0,0
0,52.84944,0,0,0,270,0,0,0
0,52.85672,0,0,0,270,0,0,0
0,52.87197,0,0,0,270,0,0,0
0,52.88731,0,0,0,270,0,0,0
0,52.89015,0,0,0,270,0,0,0
0,52.90524,0,0,0,270,0,0,0
0,52.91225,0,0,0,270,0,0,0
0,52.92645,0,0,0,270,0,0,0
0,52.93424,0,0,0,270,0,0,0
0,52.94845,0,0,0,270,0,0,0
0,52.95637,0,0,0,270,0,0,0
0,52.97103,0,0,0,270,0,0,0
0,52.9915,0,0,0,270,0,0,0
0,52.99425,0,0,0,270,0,0,0
0,53.00731,0,0,0,270,0,0,0
0,53.01167,0,0,0,270,0,0,0
0,53.0257,0,0,0,270,0,0,0
0,53.03405,0,0,0,270,0,0,0
0,53.0468,0,0,0,270,0,0,0
0,53.05636,0,0,0,270,0,0,0
0,53.06902,0,0,0,270,0,0,0
0,53.08681,0,0,0,270,0,0,0
0,53.08994,0,0,0,270,0,0,0
0,53.10556,0,0,0,270,0,0,0
0,53.11179,0,0,0,270,0,0,0
0,53.12526,0,0,0,270,0,0,0
0,53.13423,0,0,0,270,0,0,0
0,53.14731,0,0,0,270,0,0,0
0,53.15635,0,0,0,270,0,0,0
0,53.16989,0,0,0,270,0,0,0
0,53.18313,0,0,0,270,0,0,0
0,53.18972,0,0,0,270,0,0,0
0,53.20691,0,0,0,270,0,0,0
0,53.21179,0,0,0,270,0,0,0
0,53.22742,0,0,0,270,0,0,0
0,53.23389,0,0,0,270,0,0,0
0,53.24747,0,0,0,270,0,0,0
0,53.25637,0,0,0,270,0,0,0
0,53.26963,0,0,0,270,0,0,0
0,53.2857,0,0,0,270,0,0,0
0,53.2895,0,0,0,270,0,0,0
0,53.3031,0,0,0,270,0,0,0
0,53.31186,0,0,0,270,0,0,0
0,53.32505,0,0,0,270,0,0,0
0,53.33418,0,0,0,270,0,0,0
0,53.3499,0,0,0,270,0,0,0
0,53.35653,0,0,0,270,0,0,0
0,53.37085,0,0,0,270,0,0,0
0,53.38421,0,0,0,270,0,0,0
0,53.38922,0,0,0,270,0,0,0
0,53.40208,0,0,0,270,0,0,0
0,53.41193,0,0,0,270,0,0,0
0,53.42445,0,0,0,270,0,0,0
0,53.43382,0,0,0,270,0,0,0
0,53.44868,0,0,0,270,0,0,0
0,53.45635,0,0,0,270,0,0,0
0,53.47036,0,0,0,270,0,0,0
0,53.4857,0,0,0,270,0,0,0
0,53.48961,0,0,0,270,0,0,0
0,53.50318,0,0,0,270,0,0,0
0,53.51196,0,0,0,270,0,0,0
0,53.52475,0,0,0,270,0,0,0
0,53.53432,0,0,0,270,0,0,0
0,53.54836,0,0,0,270,0,0,0
0,53.55656,0,0,0,270,0,0,0
0,53.57743,0,0,0,270,0,0,0
0,53.59171,0,0,0,270,0,0,0
0,53.60611,0,0,0,270,0,0,0
0,53.6119,0,0,0,270,0,0,0
0,53.62475,0,0,0,270,0,0,0
0,53.63423,0,0,0,270,0,0,0
0,53.64944,0,0,0,270,0,0,0
0,53.65726,0,0,0,270,0,0,0
0,53.67125,0,0,0,270,0,0,0
0,53.68512,0,0,0,270,0,0,0
0,53.69905,0,0,0,270,0,0,0
0,53.71238,0,0,0,270,0,0,0
0,53.72663,0,0,0,270,0,0,0
0,53.73367,0,0,0,270,0,0,0
0,53.74673,0,0,0,270,0,0,0
0,53.75632,0,0,0,270,0,0,0
0,53.7707,0,0,0,270,0,0,0
0,53.78632,0,0,0,270,0,0,0
0,53.78957,0,0,0,270,0,0,0
0,53.8046,0,0,0,270,0,0,0
0,53.81156,0,0,0,270,0,0,0
0,53.82609,0,0,0,270,0,0,0
0,53.83377,0,0,0,270,0,0,0
0,53.84798,0,0,0,270,0,0,0
0,53.85638,0,0,0,270,0,0,0
0,53.87041,0,0,0,270,0,0,0
0,53.88445,0,0,0,270,0,0,0
0,53.88923,0,0,0,270,0,0,0
0,53.90594,0,0,0,270,0,0,0
0,53.91251,0,0,0,270,0,0,0
0,53.92691,0,0,0,270,0,0,0
0,53.93366,0,0,0,270,0,0,0
0,53.94734,0,0,0,270,0,0,0
0,53.95635,0,0,0,270,0,0,0
0,53.97027,0,0,0,270,0,0,0
0,53.98438,0,0,0,270,0,0,0
0,53.98909,0,0,0,270,0,0,0
0,54.00537,0,0,0,270,0,0,0
0,54.0113,0,0,0,270,0,0,0
0,54.02536,0,0,0,270,0,0,0
0,54.03344,0,0,0,270,0,0,0
0,54.04657,0,0,0,270,0,0,0
0,54.05638,0,0,0,270,0,0,0
0,54.06995,0,0,0,270,0,0,0
0,54.0846,0,0,0,270,0,0,0
0,54.08916,0,0,0,270,0,0,0
0,54.10392,0,0,0,270,0,0,0
0,54.11127,0,0,0,270,0,0,0
0,54.12688,0,0,0,270,0,0,0
0,54.13403,0,0,0,270,0,0,0
0,54.15548,0,0,0,270,0,0,0
0,54.15852,0,0,0,270,0,0,0
0,54.17191,0,0,0,270,0,0,0
0,54.17931,0,0,0,270,0,0,0
0,54.19006,0,0,0,270,0,0,0
0,54.20472,0,0,0,270,0,0,0
0,54.21239,0,0,0,270,0,0,0
0,54.22982,0,0,0,270,0,0,0
0,54.23426,0,0,0,270,0,0,0
0,54.25039,0,0,0,270,0,0,0
0,54.25689,0,0,0,270,0,0,0
0,54.27016,0,0,0,270,0,0,0
0,54.28419,0,0,0,270,0,0,0
0,54.29032,0,0,0,270,0,0,0
0,54.30632,0,0,0,270,0,0,0
0,54.31228,0,0,0,270,0,0,0
0,54.33395,0,0,0,270,0,0,0
0,54.33746,0,0,0,270,0,0,0
0,54.35273,0,0,0,270,0,0,0
0,54.36752,0,0,0,270,0,0,0
0,54.37823,0,0,0,270,0,0,0
0,54.39138,0,0,0,270,0,0,0
0,54.40616,0,0,0,270,0,0,0
0,54.41117,0,0,0,270,0,0,0
0,54.4249,0,0,0,270,0,0,0
0,54.4335,0,0,0,270,0,0,0
0,54.44677,0,0,0,270,0,0,0
0,54.45567,0,0,0,270,0,0,0
0,54.46821,0,0,0,270,0,0,0
0,54.48135,0,0,0,270,0,0,0
0,54.48897,0,0,0,270,0,0,0
0,54.50171,0,0,0,270,0,0,0
0,54.51115,0,0,0,270,0,0,0
0,54.52484,0,0,0,270,0,0,0
0,54.53327,0,0,0,270,0,0,0
0,54.54655,0,0,0,270,0,0,0
0,54.55774,0,0,0,270,0,0,0
0,54.57181,0,0,0,270,0,0,0
0,54.58659,0,0,0,270,0,0,0
0,54.58939,0,0,0,270,0,0,0
0,54.60312,0,0,0,270,0,0,0
0,54.61104,0,0,0,270,0,0,0
0,54.62376,0,0,0,270,0,0,0
0,54.63361,0,0,0,270,0,0,0
0,54.64753,0,0,0,270,0,0,0
0,54.65562,0,0,0,270,0,0,0
0,54.6697,0,0,0,270,0,0,0
0,54.68515,0,0,0,270,0,0,0
0,54.68871,0,0,0,270,0,0,0
0,54.70324,0,0,0,270,0,0,0
0,54.71133,0,0,0,270,0,0,0
0,54.72546,0,0,0,270,0,0,0
0,54.73329,0,0,0,270,0,0,0
0,54.74651,0,0,0,270,0,0,0
0,54.75589,0,0,0,270,0,0,0
0,54.76876,0,0,0,270,0,0,0
0,54.78939,0,0,0,270,0,0,0
0,54.7926,0,0,0,270,0,0,0
0,54.80674,0,0,0,270,0,0,0
0,54.81099,0,0,0,270,0,0,0
0,54.82615,0,0,0,270,0,0,0
0,54.83365,0,0,0,270,0,0,0
0,54.84699,0,0,0,270,0,0,0
0,54.85558,0,0,0,270,0,0,0
0,54.86873,0,0,0,270,0,0,0
0,54.8831,0,0,0,270,0,0,0
0,54.88879,0,0,0,270,0,0,0
0,54.9059,0,0,0,270,0,0,0
0,54.91112,0,0,0,270,0,0,0
0,54.92545,0,0,0,270,0,0,0
0,54.93346,0,0,0,270,0,0,0
0,54.94765,0,0,0,270,0,0,0
0,54.95573,0,0,0,270,0,0,0
0,54.97233,0,0,0,270,0,0,0
0,54.98558,0,0,0,270,0,0,0
0,54.98843,0,0,0,270,0,0,0
0,55.00206,0,0,0,270,0,0,0
0,55.01095,0,0,0,270,0,0,0
0,55.02542,0,0,0,270,0,0,0
0,55.0331,0,0,0,270,0,0,0
0,55.04583,0,0,0,270,0,0,0
0,55.05545,0,0,0,270,0,0,0
0,55.0682,0,0,0,270,0,0,0
0,55.0826,0,0,0,270,0,0,0
0,55.08886,0,0,0,270,0,0,0
0,55.10437,0,0,0,270,0,0,0
0,55.11082,0,0,0,270,0,0,0
0,55.12437,0,0,0,270,0,0,0
0,55.13399,0,0,0,270,0,0,0
0,55.15428,0,0,0,270,0,0,0
0,55.15752,0,0,0,270,0,0,0
0,55.17127,0,0,0,270,0,0,0
0,55.18419,0,0,0,270,0,0,0
0,55.18846,0,0,0,270,0,0,0
0,55.20228,0,0,0,270,0,0,0
0,55.21091,0,0,0,270,0,0,0
0,55.22713,0,0,0,270,0,0,0
0,55.23367,0,0,0,270,0,0,0
0,55.25054,0,0,0,270,0,0,0
0,55.25562,0,0,0,270,0,0,0
0,55.27045,0,0,0,270,0,0,0
0,55.28449,0,0,0,270,0,0,0
0,55.28912,0,0,0,270,0,0,0
0,55.30342,0,0,0,270,0,0,0
0,55.31091,0,0,0,270,0,0,0
0,55.32541,0,0,0,270,0,0,0
0,55.33281,0,0,0,270,0,0,0
0,55.34757,0,0,0,270,0,0,0
0,55.35584,0,0,0,270,0,0,0
0,55.36963,0,0,0,270,0,0,0
0,55.38518,0,0,0,270,0,0,0
0,55.38843,0,0,0,270,0,0,0
0,55.40249,0,0,0,270,0,0,0
0,55.41071,0,0,0,270,0,0,0
0,55.43478,0,0,0,270,0,0,0
0,55.43824,0,0,0,270,0,0,0
0,55.45163,0,0,0,270,0,0,0
0,55.46516,0,0,0,270,0,0,0
0,55.46792,0,0,0,270,0,0,0
0,55.48145,0,0,0,270,0,0,0
0,55.48872,0,0,0,270,0,0,0
0,55.50248,0,0,0,270,0,0,0
0,55.51075,0,0,0,270,0,0,0
0,55.524,0,0,0,270,0,0,0
0,55.53294,0,0,0,270,0,0,0
0,55.54616,0,0,0,270,0,0,0
0,55.55563,0,0,0,270,0,0,0
0,55.56976,0,0,0,270,0,0,0
0,55.58337,0,0,0,270,0,0,0
0,55.58832,0,0,0,270,0,0,0
0,55.60232,0,0,0,270,0,0,0
0,55.61058,0,0,0,270,0,0,0
0,55.62412,0,0,0,270,0,0,0
0,55.63334,0,0,0,270,0,0,0
0,55.64855,0,0,0,270,0,0,0
0,55.65554,0,0,0,270,0,0,0
0,55.66949,0,0,0,270,0,0,0
0,55.68297,0,0,0,270,0,0,0
0,55.68844,0,0,0,270,0,0,0
0,55.70211,0,0,0,270,0,0,0
0,55.71072,0,0,0,270,0,0,0
0,55.72428,0,0,0,270,0,0,0
0,55.73276,0,0,0,270,0,0,0
0,55.7463,0,0,0,270,0,0,0
0,55.75545,0,0,0,270,0,0,0
0,55.76917,0,0,0,270,0,0,0
0,55.78262,0,0,0,270,0,0,0
0,55.78871,0,0,0,270,0,0,0
0,55.80185,0,0,0,270,0,0,0
0,55.81081,0,0,0,270,0,0,0
0,55.82763,0,0,0,270,0,0,0
0,55.8331,0,0,0,270,0,0,0
0,55.84945,0,0,0,270,0,0,0
0,55.85594,0,0,0,270,0,0,0
0,55.87133,0,0,0,270,0,0,0
0,55.88738,0,0,0,270,0,0,0
0,55.89036,0,0,0,270,0,0,0
0,55.90701,0,0,0,270,0,0,0
0,55.91058,0,0,0,270,0,0,0
0,55.9258,0,0,0,270,0,0,0
0,55.93366,0,0,0,270,0,0,0
0,55.94938,0,0,0,270,0,0,0
0,55.95535,0,0,0,270,0,0,0
0,55.97024,0,0,0,270,0,0,0
0,55.98598,0,0,0,270,0,0,0
0,55.98896,0,0,0,270,0,0,0
0,56.00523,0,0,0,270,0,0,0
0,56.01077,0,0,0,270,0,0,0
0,56.02569,0,0,0,270,0,0,0
0,56.03271,0,0,0,270,0,0,0
0,56.04652,0,0,0,270,0,0,0
0,56.0551,0,0,0,270,0,0,0
0,56.06996,0,0,0,270,0,0,0
0,56.09384,0,0,0,270,0,0,0
0,56.10987,0,0,0,270,0,0,0
0,56.12464,0,0,0,270,0,0,0
0,56.14021,0,0,0,270,0,0,0
0,56.15689,0,0,0,270,0,0,0
0,56.17336,0,0,0,270,0,0,0
0,56.18744,0,0,0,270,0,0,0
0,56.19017,0,0,0,270,0,0,0
0,56.20455,0,0,0,270,0,0,0
0,56.21034,0,0,0,270,0,0,0
0,56.22543,0,0,0,270,0,0,0
0,56.2325,0,0,0,270,0,0,0
0,56.24602,0,0,0,270,0,0,0
0,56.25532,0,0,0,270,0,0,0
0,56.26963,0,0,0,270,0,0,0
0,56.28357,0,0,0,270,0,0,0
0,56.2883,0,0,0,270,0,0,0
0,56.30211,0,0,0,270,0,0,0
0,56.31033,0,0,0,270,0,0,0
0,56.32489,0,0,0,270,0,0,0
0,56.33269,0,0,0,270,0,0,0
0,56.34703,0,0,0,270,0,0,0
0,56.35524,0,0,0,270,0,0,0
0,56.37284,0,0,0,270,0,0,0
0,56.38824,0,0,0,270,0,0,0
0,56.39112,0,0,0,270,0,0,0
0,56.40526,0,0,0,270,0,0,0
0,56.41022,0,0,0,270,0,0,0
0,56.42396,0,0,0,270,0,0,0
0,56.43246,0,0,0,270,0,0,0
0,56.44575,0,0,0,270,0,0,0
0,56.4551,0,0,0,270,0,0,0
0,56.46955,0,0,0,270,0,0,0
0,56.48343,0,0,0,270,0,0,0
0,56.48792,0,0,0,270,0,0,0
0,56.50111,0,0,0,270,0,0,0
0,56.51038,0,0,0,270,0,0,0
0,56.52595,0,0,0,270,0,0,0
0,56.53236,0,0,0,270,0,0,0
0,56.54637,0,0,0,270,0,0,0
0,56.55495,0,0,0,270,0,0,0
0,56.56791,0,0,0,270,0,0,0
0,56.58133,0,0,0,270,0,0,0
0,56.58803,0,0,0,270,0,0,0
0,56.6032,0,0,0,270,0,0,0
0,56.61014,0,0,0,270,0,0,0
0,56.62415,0,0,0,270,0,0,0
0,56.6325,0,0,0,270,0,0,0
0,56.64608,0,0,0,270,0,0,0
0,56.65497,0,0,0,270,0,0,0
0,56.66893,0,0,0,270,0,0,0
0,56.68341,0,0,0,270,0,0,0
0,56.68811,0,0,0,270,0,0,0
0,56.70229,0,0,0,270,0,0,0
0,56.71038,0,0,0,270,0,0,0
0,56.72439,0,0,0,270,0,0,0
0,56.73232,0,0,0,270,0,0,0
0,56.75378,0,0,0,270,0,0,0
0,56.76101,0,0,0,270,0,0,0
0,56.78472,0,0,0,270,0,0,0
0,56.80012,0,0,0,270,0,0,0
0,56.81403,0,0,0,270,0,0,0
0,56.83012,0,0,0,270,0,0,0
0,56.83285,0,0,0,270,0,0,0
0,56.8473,0,0,0,270,0,0,0
0,56.85556,0,0,0,270,0,0,0
0,56.86947,0,0,0,270,0,0,0
0,56.88487,0,0,0,270,0,0,0
0,56.88839,0,0,0,270,0,0,0
0,56.90382,0,0,0,270,0,0,0
0,56.9102,0,0,0,270,0,0,0
0,56.92453,0,0,0,270,0,0,0
0,56.93225,0,0,0,270,0,0,0
0,56.94641,0,0,0,270,0,0,0
0,56.95483,0,0,0,270,0,0,0
0,56.96913,0,0,0,270,0,0,0
0,56.98341,0,0,0,270,0,0,0
0,56.98782,0,0,0,270,0,0,0
0,57.00245,0,0,0,270,0,0,0
0,57.01009,0,0,0,270,0,0,0
0,57.02644,0,0,0,270,0,0,0
0,57.03214,0,0,0,270,0,0,0
0,57.04599,0,0,0,270,0,0,0
0,57.05516,0,0,0,270,0,0,0
0,57.06881,0,0,0,270,0,0,0
0,57.08238,0,0,0,270,0,0,0
0,57.08796,0,0,0,270,0,0,0
0,57.10505,0,0,0,270,0,0,0
0,57.10998,0,0,0,270,0,0,0
0,57.12503,0,0,0,270,0,0,0
0,57.13225,0,0,0,270,0,0,0
0,57.14705,0,0,0,270,0,0,0
0,57.15434,0,0,0,270,0,0,0
0,57.16852,0,0,0,270,0,0,0
0,57.17701,0,0,0,270,0,0,0
0,57.1907,0,0,0,270,0,0,0
0,57.2137,0,0,0,270,0,0,0
0,57.21768,0,0,0,270,0,0,0
0,57.23246,0,0,0,270,0,0,0
0,57.24686,0,0,0,270,0,0,0
0,57.25486,0,0,0,270,0,0,0
0,57.26992,0,0,0,270,0,0,0
0,57.28489,0,0,0,270,0,0,0
0,57.28764,0,0,0,270,0,0,0
0,57.30208,0,0,0,270,0,0,0
0,57.31054,0,0,0,270,0,0,0
0,57.32703,0,0,0,270,0,0,0
0,57.33226,0,0,0,270,0,0,0
0,57.34663,0,0,0,270,0,0,0
0,57.35443,0,0,0,270,0,0,0
0,57.36865,0,0,0,270,0,0,0
0,57.37695,0,0,0,270,0,0,0
0,57.39092,0,0,0,270,0,0,0
0,57.40613,0,0,0,270,0,0,0
0,57.41002,0,0,0,270,0,0,0
0,57.42778,0,0,0,270,0,0,0
0,57.43196,0,0,0,270,0,0,0
0,57.44514,0,0,0,270,0,0,0
0,57.45428,0,0,0,270,0,0,0
0,57.4678,0,0,0,270,0,0,0
0,57.47685,0,0,0,270,0,0,0
0,57.49016,0,0,0,270,0,0,0
0,57.5039,0,0,0,270,0,0,0
0,57.50983,0,0,0,270,0,0,0
0,57.52448,0,0,0,270,0,0,0
0,57.53223,0,0,0,270,0,0,0
0,57.54834,0,0,0,270,0,0,0
0,57.55423,0,0,0,270,0,0,0
0,57.5682,0,0,0,270,0,0,0
0,57.57664,0,0,0,270,0,0,0
0,57.59076,0,0,0,270,0,0,0
0,57.60513,0,0,0,270,0,0,0
0,57.60973,0,0,0,270,0,0,0
0,57.62397,0,0,0,270,0,0,0
0,57.63218,0,0,0,270,0,0,0
0,57.64552,0,0,0,270,0,0,0
0,57.65415,0,0,0,270,0,0,0
0,57.67464,0,0,0,270,0,0,0
0,57.67813,0,0,0,270,0,0,0
0,57.69218,0,0,0,270,0,0,0
0,57.70698,0,0,0,270,0,0,0
0,57.71036,0,0,0,270,0,0,0
0,57.72649,0,0,0,270,0,0,0
0,57.7327,0,0,0,270,0,0,0
0,57.7464,0,0,0,270,0,0,0
0,57.75514,0,0,0,270,0,0,0
0,57.76809,0,0,0,270,0,0,0
0,57.78151,0,0,0,270,0,0,0
0,57.78861,0,0,0,270,0,0,0
0,57.80238,0,0,0,270,0,0,0
0,57.81059,0,0,0,270,0,0,0
0,57.82619,0,0,0,270,0,0,0
0,57.83271,0,0,0,270,0,0,0
0,57.84681,0,0,0,270,0,0,0
0,57.85539,0,0,0,270,0,0,0
0,57.86853,0,0,0,270,0,0,0
0,57.88243,0,0,0,270,0,0,0
0,57.88818,0,0,0,270,0,0,0
0,57.90146,0,0,0,270,0,0,0
0,57.91039,0,0,0,270,0,0,0
0,57.92482,0,0,0,270,0,0,0
0,57.9328,0,0,0,270,0,0,0
0,57.94723,0,0,0,270,0,0,0
0,57.95516,0,0,0,270,0,0,0
0,57.96962,0,0,0,270,0,0,0
0,57.98476,0,0,0,270,0,0,0
0,57.98853,0,0,0,270,0,0,0
0,58.00331,0,0,0,270,0,0,0
0,58.00969,0,0,0,270,0,0,0
0,58.02514,0,0,0,270,0,0,0
0,58.03199,0,0,0,270,0,0,0
0,58.04837,0,0,0,270,0,0,0
0,58.05399,0,0,0,270,0,0,0
0,58.06934,0,0,0,270,0,0,0
0,58.07696,0,0,0,270,0,0,0
0,58.0919,0,0,0,270,0,0,0
0,58.10735,0,0,0,270,0,0,0
0,58.11026,0,0,0,270,0,0,0
0,58.12409,0,0,0,270,0,0,0
0,58.1321,0,0,0,270,0,0,0
0,58.15282,0,0,0,270,0,0,0
0,58.15658,0,0,0,270,0,0,0
0,58.17041,0,0,0,270,0,0,0
0,58.18541,0,0,0,270,0,0,0
0,58.18847,0,0,0,270,0,0,0
0,58.2025,0,0,0,270,0,0,0
0,58.20963,0,0,0,270,0,0,0
0,58.2248,0,0,0,270,0,0,0
0,58.2317,0,0,0,270,0,0,0
0,58.24545,0,0,0,270,0,0,0
0,58.25439,0,0,0,270,0,0,0
0,58.26948,0,0,0,270,0,0,0
0,58.27653,0,0,0,270,0,0,0
0,58.29387,0,0,0,270,0,0,0
0,58.3089,0,0,0,270,0,0,0
0,58.31188,0,0,0,270,0,0,0
0,58.32544,0,0,0,270,0,0,0
0,58.33152,0,0,0,270,0,0,0
0,58.34452,0,0,0,270,0,0,0
0,58.3542,0,0,0,270,0,0,0
0,58.36933,0,0,0,270,0,0,0
0,58.37635,0,0,0,270,0,0,0
0,58.39051,0,0,0,270,0,0,0
0,58.40517,0,0,0,270,0,0,0
0,58.40923,0,0,0,270,0,0,0
0,58.42465,0,0,0,270,0,0,0
0,58.43167,0,0,0,270,0,0,0
0,58.44688,0,0,0,270,0,0,0
0,58.45404,0,0,0,270,0,0,0
0,58.46816,0,0,0,270,0,0,0
0,58.4771,0,0,0,270,0,0,0
0,58.49091,0,0,0,270,0,0,0
0,58.50536,0,0,0,270,0,0,0
0,58.50943,0,0,0,270,0,0,0
0,58.5242,0,0,0,270,0,0,0
0,58.53162,0,0,0,270,0,0,0
0,58.54543,0,0,0,270,0,0,0
0,58.55383,0,0,0,270,0,0,0
0,58.56861,0,0,0,270,0,0,0
0,58.57637,0,0,0,270,0,0,0
0,58.58966,0,0,0,270,0,0,0
0,58.60357,0,0,0,270,0,0,0
0,58.60938,0,0,0,270,0,0,0
0,58.62337,0,0,0,270,0,0,0
0,58.63162,0,0,0,270,0,0,0
0,58.65294,0,0,0,270,0,0,0
0,58.65634,0,0,0,270,0,0,0
0,58.67054,0,0,0,270,0,0,0
0,58.68445,0,0,0,270,0,0,0
0,58.68711,0,0,0,270,0,0,0
0,58.70089,0,0,0,270,0,0,0
0,58.70919,0,0,0,270,0,0,0
0,58.723,0,0,0,270,0,0,0
0,58.73174,0,0,0,270,0,0,0
0,58.74493,0,0,0,270,0,0,0
0,58.75365,0,0,0,270,0,0,0
0,58.76804,0,0,0,270,0,0,0
0,58.77613,0,0,0,270,0,0,0
0,58.79062,0,0,0,270,0,0,0
0,58.8051,0,0,0,270,0,0,0
0,58.80905,0,0,0,270,0,0,0
0,58.82344,0,0,0,270,0,0,0
0,58.83152,0,0,0,270,0,0,0
0,58.84544,0,0,0,270,0,0,0
0,58.85369,0,0,0,270,0,0,0
0,58.86752,0,0,0,270,0,0,0
0,58.87618,0,0,0,270,0,0,0
0,58.89129,0,0,0,270,0,0,0
0,58.9054,0,0,0,270,0,0,0
0,58.90904,0,0,0,270,0,0,0
0,58.92346,0,0,0,270,0,0,0
0,58.93133,0,0,0,270,0,0,0
0,58.94572,0,0,0,270,0,0,0
0,58.95389,0,0,0,270,0,0,0
0,58.96899,0,0,0,270,0,0,0
0,58.9764,0,0,0,270,0,0,0
0,58.99131,0,0,0,270,0,0,0
0,59.00808,0,0,0,270,0,0,0
0,59.01116,0,0,0,270,0,0,0
0,59.02547,0,0,0,270,0,0,0
0,59.03133,0,0,0,270,0,0,0
0,59.04604,0,0,0,270,0,0,0
0,59.05375,0,0,0,270,0,0,0
0,59.06697,0,0,0,270,0,0,0
0,59.07607,0,0,0,270,0,0,0
0,59.09283,0,0,0,270,0,0,0
0,59.1071,0,0,0,270,0,0,0
0,59.10962,0,0,0,270,0,0,0
0,59.12386,0,0,0,270,0,0,0
0,59.13153,0,0,0,270,0,0,0
0,59.14441,0,0,0,270,0,0,0
0,59.15358,0,0,0,270,0,0,0
0,59.17448,0,0,0,270,0,0,0
0,59.17798,0,0,0,270,0,0,0
0,59.19382,0,0,0,270,0,0,0
0,59.20903,0,0,0,270,0,0,0
0,59.21223,0,0,0,270,0,0,0
0,59.22774,0,0,0,270,0,0,0
0,59.23117,0,0,0,270,0,0,0
0,59.24538,0,0,0,270,0,0,0
0,59.25356,0,0,0,270,0,0,0
0,59.26828,0,0,0,270,0,0,0
0,59.27692,0,0,0,270,0,0,0
0,59.29251,0,0,0,270,0,0,0
0,59.3099,0,0,0,270,0,0,0
0,59.31291,0,0,0,270,0,0,0
0,59.33154,0,0,0,270,0,0,0
0,59.33525,0,0,0,270,0,0,0
0,59.35268,0,0,0,270,0,0,0
0,59.36728,0,0,0,270,0,0,0
0,59.37618,0,0,0,270,0,0,0
0,59.39531,0,0,0,270,0,0,0
0,59.41354,0,0,0,270,0,0,0
0,59.42783,0,0,0,270,0,0,0
0,59.43113,0,0,0,270,0,0,0
0,59.44635,0,0,0,270,0,0,0
0,59.45346,0,0,0,270,0,0,0
0,59.46808,0,0,0,270,0,0,0
0,59.47615,0,0,0,270,0,0,0
0,59.49262,0,0,0,270,0,0,0
0,59.5121,0,0,0,270,0,0,0
0,59.52057,0,0,0,270,0,0,0
0,59.53402,0,0,0,270,0,0,0
0,59.54744,0,0,0,270,0,0,0
0,59.55341,0,0,0,270,0,0,0
0,59.56689,0,0,0,270,0,0,0
0,59.57585,0,0,0,270,0,0,0
0,59.58811,0,0,0,270,0,0,0
0,59.60125,0,0,0,270,0,0,0
0,59.60884,0,0,0,270,0,0,0
0,59.62214,0,0,0,270,0,0,0
0,59.63112,0,0,0,270,0,0,0
0,59.64429,0,0,0,270,0,0,0
0,59.65338,0,0,0,270,0,0,0
0,59.66745,0,0,0,270,0,0,0
0,59.6758,0,0,0,270,0,0,0
0,59.69217,0,0,0,270,0,0,0
0,59.71284,0,0,0,270,0,0,0
0,59.71674,0,0,0,270,0,0,0
0,59.73064,0,0,0,270,0,0,0
0,59.74385,0,0,0,270,0,0,0
0,59.75317,0,0,0,270,0,0,0
0,59.76557,0,0,0,270,0,0,0
0,59.77568,0,0,0,270,0,0,0
0,59.78994,0,0,0,270,0,0,0
0,59.8047,0,0,0,270,0,0,0
0,59.80878,0,0,0,270,0,0,0
0,59.82255,0,0,0,270,0,0,0
0,59.83127,0,0,0,270,0,0,0
0,59.84501,0,0,0,270,0,0,0
0,59.85324,0,0,0,270,0,0,0
0,59.8665,0,0,0,270,0,0,0
0,59.87548,0,0,0,270,0,0,0
0,59.88855,0,0,0,270,0,0,0
0,59.90181,0,0,0,270,0,0,0
0,59.90865,0,0,0,270,0,0,0
0,59.92236,0,0,0,270,0,0,0
0,59.93122,0,0,0,270,0,0,0
0,59.94718,0,0,0,270,0,0,0
0,59.95311,0,0,0,270,0,0,0
0,59.96749,0,0,0,270,0,0,0
0,59.97596,0,0,0,270,0,0,0
0,59.99052,0,0,0,270,0,0,0
0,60.00663,0,0,0,270,0,0,0
0,60.01023,0,0,0,270,0,0,0
0,60.02518,0,0,0,270,0,0,0
0,60.03093,0,0,0,270,0,0,0
0,60.04645,0,0,0,270,0,0,0
0,60.05372,0,0,0,270,0,0,0
0,60.06888,0,0,0,270,0,0,0
0,60.07546,0,0,0,270,0,0,0
0,60.08837,0,0,0,270,0,0,0
0,60.10259,0,0,0,270,0,0,0
0,60.10867,0,0,0,270,0,0,0
0,60.12495,0,0,0,270,0,0,0
0,60.13087,0,0,0,270,0,0,0
0,60.14434,0,0,0,270,0,0,0
0,60.15305,0,0,0,270,0,0,0
0,60.16705,0,0,0,270,0,0,0
0,60.17548,0,0,0,270,0,0,0
0,60.18851,0,0,0,270,0,0,0
0,60.2016,0,0,0,270,0,0,0
0,60.20846,0,0,0,270,0,0,0
0,60.22234,0,0,0,270,0,0,0
0,60.23095,0,0,0,270,0,0,0
0,60.25321,0,0,0,270,0,0,0
0,60.25685,0,0,0,270,0,0,0
0,60.27184,0,0,0,270,0,0,0
0,60.28737,0,0,0,270,0,0,0
0,60.29104,0,0,0,270,0,0,0
0,60.30841,0,0,0,270,0,0,0
0,60.31104,0,0,0,270,0,0,0
0,60.32574,0,0,0,270,0,0,0
0,60.3308,0,0,0,270,0,0,0
0,60.34602,0,0,0,270,0,0,0
0,60.3531,0,0,0,270,0,0,0
0,60.36682,0,0,0,270,0,0,0
0,60.3754,0,0,0,270,0,0,0
0,60.38843,0,0,0,270,0,0,0
0,60.40712,0,0,0,270,0,0,0
0,60.4098,0,0,0,270,0,0,0
0,60.42414,0,0,0,270,0,0,0
0,60.43066,0,0,0,270,0,0,0
0,60.44483,0,0,0,270,0,0,0
0,60.45314,0,0,0,270,0,0,0
0,60.46731,0,0,0,270,0,0,0
0,60.47565,0,0,0,270,0,0,0
0,60.49005,0,0,0,270,0,0,0
0,60.50611,0,0,0,270,0,0,0
0,60.50893,0,0,0,270,0,0,0
0,60.52283,0,0,0,270,0,0,0
0,60.53067,0,0,0,270,0,0,0
0,60.54506,0,0,0,270,0,0,0
0,60.55283,0,0,0,270,0,0,0
0,60.5658,0,0,0,270,0,0,0
0,60.57539,0,0,0,270,0,0,0
0,60.58818,0,0,0,270,0,0,0
0,60.60153,0,0,0,270,0,0,0
0,60.60841,0,0,0,270,0,0,0
0,60.62169,0,0,0,270,0,0,0
0,60.63063,0,0,0,270,0,0,0
0,60.64435,0,0,0,270,0,0,0
0,60.65285,0,0,0,270,0,0,0
0,60.66629,0,0,0,270,0,0,0
0,60.67551,0,0,0,270,0,0,0
0,60.68947,0,0,0,270,0,0,0
0,60.70331,0,0,0,270,0,0,0
0,60.70869,0,0,0,270,0,0,0
0,60.72297,0,0,0,270,0,0,0
0,60.73057,0,0,0,270,0,0,0
0,60.74365,0,0,0,270,0,0,0
0,60.75286,0,0,0,270,0,0,0
0,60.76719,0,0,0,270,0,0,0
0,60.77552,0,0,0,270,0,0,0
0,60.79044,0,0,0,270,0,0,0
0,60.81327,0,0,0,270,0,0,0
0,60.82028,0,0,0,270,0,0,0
0,60.83436,0,0,0,270,0,0,0
0,60.84958,0,0,0,270,0,0,0
0,60.85258,0,0,0,270,0,0,0
0,60.86769,0,0,0,270,0,0,0
0,60.87562,0,0,0,270,0,0,0
0,60.89157,0,0,0,270,0,0,0
0,60.90795,0,0,0,270,0,0,0
0,60.91143,0,0,0,270,0,0,0
0,60.92828,0,0,0,270,0,0,0
0,60.93172,0,0,0,270,0,0,0
0,60.94645,0,0,0,270,0,0,0
0,60.95308,0,0,0,270,0,0,0
0,60.96771,0,0,0,270,0,0,0
0,60.97511,0,0,0,270,0,0,0
0,60.99096,0,0,0,270,0,0,0
0,61.01026,0,0,0,270,0,0,0
0,61.0198,0,0,0,270,0,0,0
0,61.03595,0,0,0,270,0,0,0
0,61.05116,0,0,0,270,0,0,0
0,61.06729,0,0,0,270,0,0,0
0,61.07539,0,0,0,270,0,0,0
0,61.09159,0,0,0,270,0,0,0
0,61.10942,0,0,0,270,0,0,0
0,61.11319,0,0,0,270,0,0,0
0,61.12929,0,0,0,270,0,0,0
0,61.13238,0,0,0,270,0,0,0
0,61.14856,0,0,0,270,0,0,0
0,61.15256,0,0,0,270,0,0,0
0,61.16687,0,0,0,270,0,0,0
0,61.17517,0,0,0,270,0,0,0
0,61.18964,0,0,0,270,0,0,0
0,61.20457,0,0,0,270,0,0,0
0,61.20821,0,0,0,270,0,0,0
0,61.22413,0,0,0,270,0,0,0
0,61.23069,0,0,0,270,0,0,0
0,61.24627,0,0,0,270,0,0,0
0,61.25257,0,0,0,270,0,0,0
0,61.26654,0,0,0,270,0,0,0
0,61.27515,0,0,0,270,0,0,0
0,61.28956,0,0,0,270,0,0,0
0,61.30391,0,0,0,270,0,0,0
0,61.30816,0,0,0,270,0,0,0
0,61.32325,0,0,0,270,0,0,0
0,61.33037,0,0,0,270,0,0,0
0,61.34491,0,0,0,270,0,0,0
0,61.35321,0,0,0,270,0,0,0
0,61.36803,0,0,0,270,0,0,0
0,61.37496,0,0,0,270,0,0,0
0,61.39604,0,0,0,270,0,0,0
0,61.41045,0,0,0,270,0,0,0
0,61.42739,0,0,0,270,0,0,0
0,61.43061,0,0,0,270,0,0,0
0,61.44535,0,0,0,270,0,0,0
0,61.4525,0,0,0,270,0,0,0
0,61.46603,0,0,0,270,0,0,0
0,61.47523,0,0,0,270,0,0,0
0,61.49009,0,0,0,270,0,0,0
0,61.50347,0,0,0,270,0,0,0
0,61.50795,0,0,0,270,0,0,0
0,61.52269,0,0,0,270,0,0,0
0,61.53032,0,0,0,270,0,0,0
0,61.54425,0,0,0,270,0,0,0
0,61.55243,0,0,0,270,0,0,0
0,61.56585,0,0,0,270,0,0,0
0,61.57479,0,0,0,270,0,0,0
0,61.58745,0,0,0,270,0,0,0
0,61.60002,0,0,0,270,0,0,0
0,61.60822,0,0,0,270,0,0,0
0,61.62149,0,0,0,270,0,0,0
0,61.63047,0,0,0,270,0,0,0
0,61.64393,0,0,0,270,0,0,0
0,61.65281,0,0,0,270,0,0,0
0,61.66676,0,0,0,270,0,0,0
0,61.67518,0,0,0,270,0,0,0
0,61.68787,0,0,0,270,0,0,0
0,61.7014,0,0,0,270,0,0,0
0,61.70814,0,0,0,270,0,0,0
0,61.72167,0,0,0,270,0,0,0
0,61.73055,0,0,0,270,0,0,0
0,61.74399,0,0,0,270,0,0,0
0,61.75261,0,0,0,270,0,0,0
0,61.76603,0,0,0,270,0,0,0
0,61.77524,0,0,0,270,0,0,0
0,61.79076,0,0,0,270,0,0,0
0,61.80562,0,0,0,270,0,0,0
0,61.80886,0,0,0,270,0,0,0
0,61.82465,0,0,0,270,0,0,0
0,61.83014,0,0,0,270,0,0,0
0,61.84386,0,0,0,270,0,0,0
0,61.85235,0,0,0,270,0,0,0
0,61.86738,0,0,0,270,0,0,0
0,61.87433,0,0,0,270,0,0,0
0,61.8866,0,0,0,270,0,0,0
0,61.89713,0,0,0,270,0,0,0
0,61.911,0,0,0,270,0,0,0
0,61.92656,0,0,0,270,0,0,0
0,61.92987,0,0,0,270,0,0,0
0,61.94433,0,0,0,270,0,0,0
0,61.95225,0,0,0,270,0,0,0
0,61.96639,0,0,0,270,0,0,0
0,61.97442,0,0,0,270,0,0,0
0,61.99435,0,0,0,270,0,0,0
0,61.99819,0,0,0,270,0,0,0
0,62.01376,0,0,0,270,0,0,0
0,62.02908,0,0,0,270,0,0,0
0,62.0318,0,0,0,270,0,0,0
0,62.04631,0,0,0,270,0,0,0
0,62.05214,0,0,0,270,0,0,0
0,62.06772,0,0,0,270,0,0,0
0,62.07454,0,0,0,270,0,0,0
0,62.0886,0,0,0,270,0,0,0
0,62.09709,0,0,0,270,0,0,0
0,62.11168,0,0,0,270,0,0,0
0,62.12682,0,0,0,270,0,0,0
0,62.13047,0,0,0,270,0,0,0
0,62.14491,0,0,0,270,0,0,0
0,62.1521,0,0,0,270,0,0,0
0,62.16513,0,0,0,270,0,0,0
0,62.17429,0,0,0,270,0,0,0
0,62.18707,0,0,0,270,0,0,0
0,62.19679,0,0,0,270,0,0,0
0,62.20989,0,0,0,270,0,0,0
0,62.22406,0,0,0,270,0,0,0
0,62.23019,0,0,0,270,0,0,0
0,62.2441,0,0,0,270,0,0,0
0,62.25213,0,0,0,270,0,0,0
0,62.26547,0,0,0,270,0,0,0
0,62.27421,0,0,0,270,0,0,0
0,62.28752,0,0,0,270,0,0,0
0,62.29695,0,0,0,270,0,0,0
0,62.30956,0,0,0,270,0,0,0
0,62.3246,0,0,0,270,0,0,0
0,62.32979,0,0,0,270,0,0,0
0,62.34278,0,0,0,270,0,0,0
0,62.3526,0,0,0,270,0,0,0
0,62.36809,0,0,0,270,0,0,0
0,62.37419,0,0,0,270,0,0,0
0,62.38799,0,0,0,270,0,0,0
0,62.3973,0,0,0,270,0,0,0
0,62.40983,0,0,0,270,0,0,0
0,62.42296,0,0,0,270,0,0,0
0,62.43027,0,0,0,270,0,0,0
0,62.44458,0,0,0,270,0,0,0
0,62.45199,0,0,0,270,0,0,0
0,62.46557,0,0,0,270,0,0,0
0,62.47416,0,0,0,270,0,0,0
0,62.48767,0,0,0,270,0,0,0
0,62.49743,0,0,0,270,0,0,0
0,62.51092,0,0,0,270,0,0,0
0,62.52401,0,0,0,270,0,0,0
0,62.53072,0,0,0,270,0,0,0
0,62.54413,0,0,0,270,0,0,0
0,62.55365,0,0,0,270,0,0,0
0,62.56916,0,0,0,270,0,0,0
0,62.57666,0,0,0,270,0,0,0
0,62.59114,0,0,0,270,0,0,0
0,62.61145,0,0,0,270,0,0,0
0,62.61513,0,0,0,270,0,0,0
0,62.63008,0,0,0,270,0,0,0
0,62.64376,0,0,0,270,0,0,0
0,62.65181,0,0,0,270,0,0,0
0,62.66571,0,0,0,270,0,0,0
0,62.67426,0,0,0,270,0,0,0
0,62.68847,0,0,0,270,0,0,0
0,62.69672,0,0,0,270,0,0,0
0,62.7111,0,0,0,270,0,0,0
0,62.7248,0,0,0,270,0,0,0
0,62.72968,0,0,0,270,0,0,0
0,62.74447,0,0,0,270,0,0,0
0,62.75171,0,0,0,270,0,0,0
0,62.76447,0,0,0,270,0,0,0
0,62.77416,0,0,0,270,0,0,0
0,62.78936,0,0,0,270,0,0,0
0,62.79657,0,0,0,270,0,0,0
0,62.81001,0,0,0,270,0,0,0
0,62.82328,0,0,0,270,0,0,0
0,62.82945,0,0,0,270,0,0,0
0,62.84301,0,0,0,270,0,0,0
0,62.85209,0,0,0,270,0,0,0
0,62.86541,0,0,0,270,0,0,0
0,62.87422,0,0,0,270,0,0,0
0,62.88916,0,0,0,270,0,0,0
0,62.8967,0,0,0,270,0,0,0
0,62.91079,0,0,0,270,0,0,0
0,62.92597,0,0,0,270,0,0,0
0,62.92936,0,0,0,270,0,0,0
0,62.94394,0,0,0,270,0,0,0
0,62.95203,0,0,0,270,0,0,0
0,62.96715,0,0,0,270,0,0,0
0,62.9749,0,0,0,270,0,0,0
0,62.98824,0,0,0,270,0,0,0
0,63.00211,0,0,0,270,0,0,0
0,63.00749,0,0,0,270,0,0,0
0,63.02268,0,0,0,270,0,0,0
0,63.02972,0,0,0,270,0,0,0
0,63.04435,0,0,0,270,0,0,0
0,63.0522,0,0,0,270,0,0,0
0,63.06637,0,0,0,270,0,0,0
0,63.07441,0,0,0,270,0,0,0
0,63.08785,0,0,0,270,0,0,0
0,63.09726,0,0,0,270,0,0,0
0,63.11314,0,0,0,270,0,0,0
0,63.12636,0,0,0,270,0,0,0
0,63.12992,0,0,0,270,0,0,0
0,63.14333,0,0,0,270,0,0,0
0,63.15182,0,0,0,270,0,0,0
0,63.16583,0,0,0,270,0,0,0
0,63.17402,0,0,0,270,0,0,0
0,63.18757,0,0,0,270,0,0,0
0,63.1967,0,0,0,270,0,0,0
0,63.2136,0,0,0,270,0,0,0
0,63.22715,0,0,0,270,0,0,0
0,63.22993,0,0,0,270,0,0,0
0,63.25048,0,0,0,270,0,0,0
0,63.25437,0,0,0,270,0,0,0
0,63.26846,0,0,0,270,0,0,0
0,63.27427,0,0,0,270,0,0,0
0,63.28775,0,0,0,270,0,0,0
0,63.29639,0,0,0,270,0,0,0
0,63.31018,0,0,0,270,0,0,0
0,63.32383,0,0,0,270,0,0,0
0,63.32931,0,0,0,270,0,0,0
0,63.34253,0,0,0,270,0,0,0
0,63.35178,0,0,0,270,0,0,0
0,63.36573,0,0,0,270,0,0,0
0,63.37431,0,0,0,270,0,0,0
0,63.38907,0,0,0,270,0,0,0
0,63.39637,0,0,0,270,0,0,0
0,63.41088,0,0,0,270,0,0,0
0,63.42449,0,0,0,270,0,0,0
0,63.42949,0,0,0,270,0,0,0
0,63.44457,0,0,0,270,0,0,0
0,63.45169,0,0,0,270,0,0,0
0,63.46642,0,0,0,270,0,0,0
0,63.47376,0,0,0,270,0,0,0
0,63.48846,0,0,0,270,0,0,0
0,63.49643,0,0,0,270,0,0,0
0,63.51226,0,0,0,270,0,0,0
0,63.52683,0,0,0,270,0,0,0
0,63.52948,0,0,0,270,0,0,0
0,63.54345,0,0,0,270,0,0,0
0,63.55147,0,0,0,270,0,0,0
0,63.56466,0,0,0,270,0,0,0
0,63.57374,0,0,0,270,0,0,0
0,63.58828,0,0,0,270,0,0,0
0,63.59632,0,0,0,270,0,0,0
0,63.60952,0,0,0,270,0,0,0
0,63.62342,0,0,0,270,0,0,0
0,63.62926,0,0,0,270,0,0,0
0,63.64365,0,0,0,270,0,0,0
0,63.65163,0,0,0,270,0,0,0
0,63.66526,0,0,0,270,0,0,0
0,63.67374,0,0,0,270,0,0,0
0,63.68795,0,0,0,270,0,0,0
0,63.69635,0,0,0,270,0,0,0
0,63.70993,0,0,0,270,0,0,0
0,63.72374,0,0,0,270,0,0,0
0,63.72941,0,0,0,270,0,0,0
0,63.74356,0,0,0,270,0,0,0
0,63.75138,0,0,0,270,0,0,0
0,63.76534,0,0,0,270,0,0,0
0,63.77365,0,0,0,270,0,0,0
0,63.78848,0,0,0,270,0,0,0
0,63.79602,0,0,0,270,0,0,0
0,63.80974,0,0,0,270,0,0,0
0,63.82399,0,0,0,270,0,0,0
0,63.8291,0,0,0,270,0,0,0
0,63.84195,0,0,0,270,0,0,0
0,63.85151,0,0,0,270,0,0,0
0,63.86572,0,0,0,270,0,0,0
0,63.87365,0,0,0,270,0,0,0
0,63.88713,0,0,0,270,0,0,0
0,63.89597,0,0,0,270,0,0,0
0,63.91898,0,0,0,270,0,0,0
0,63.93268,0,0,0,270,0,0,0
0,63.9488,0,0,0,270,0,0,0
0,63.95182,0,0,0,270,0,0,0
0,63.9665,0,0,0,270,0,0,0
0,63.97388,0,0,0,270,0,0,0
0,63.9893,0,0,0,270,0,0,0
0,63.99604,0,0,0,270,0,0,0
0,64.00835,0,0,0,270,0,0,0
0,64.02264,0,0,0,270,0,0,0
0,64.02936,0,0,0,270,0,0,0
0,64.04649,0,0,0,270,0,0,0
0,64.05152,0,0,0,270,0,0,0
0,64.06535,0,0,0,270,0,0,0
0,64.07402,0,0,0,270,0,0,0
0,64.0881,0,0,0,270,0,0,0
0,64.09647,0,0,0,270,0,0,0
0,64.11153,0,0,0,270,0,0,0
0,64.12712,0,0,0,270,0,0,0
0,64.13033,0,0,0,270,0,0,0
0,64.14532,0,0,0,270,0,0,0
0,64.15115,0,0,0,270,0,0,0
0,64.16457,0,0,0,270,0,0,0
0,64.17342,0,0,0,270,0,0,0
0,64.18652,0,0,0,270,0,0,0
0,64.19606,0,0,0,270,0,0,0
0,64.21104,0,0,0,270,0,0,0
0,64.22484,0,0,0,270,0,0,0
0,64.22914,0,0,0,270,0,0,0
0,64.24243,0,0,0,270,0,0,0
0,64.25123,0,0,0,270,0,0,0
0,64.26595,0,0,0,270,0,0,0
0,64.27375,0,0,0,270,0,0,0
0,64.28811,0,0,0,270,0,0,0
0,64.29596,0,0,0,270,0,0,0
0,64.31013,0,0,0,270,0,0,0
0,64.32624,0,0,0,270,0,0,0
0,64.3291,0,0,0,270,0,0,0
0,64.3442,0,0,0,270,0,0,0
0,64.35152,0,0,0,270,0,0,0
0,64.36739,0,0,0,270,0,0,0
0,64.37339,0,0,0,270,0,0,0
0,64.38783,0,0,0,270,0,0,0
0,64.39612,0,0,0,270,0,0,0
0,64.41216,0,0,0,270,0,0,0
0,64.42855,0,0,0,270,0,0,0
0,64.43136,0,0,0,270,0,0,0
0,64.44516,0,0,0,270,0,0,0
0,64.451,0,0,0,270,0,0,0
0,64.46438,0,0,0,270,0,0,0
0,64.47373,0,0,0,270,0,0,0
0,64.4879,0,0,0,270,0,0,0
0,64.49589,0,0,0,270,0,0,0
0,64.50874,0,0,0,270,0,0,0
0,64.5229,0,0,0,270,0,0,0
0,64.52911,0,0,0,270,0,0,0
0,64.54381,0,0,0,270,0,0,0
0,64.55112,0,0,0,270,0,0,0
0,64.56707,0,0,0,270,0,0,0
0,64.57333,0,0,0,270,0,0,0
0,64.59383,0,0,0,270,0,0,0
0,64.59996,0,0,0,270,0,0,0
0,64.62138,0,0,0,270,0,0,0
0,64.63654,0,0,0,270,0,0,0
0,64.6517,0,0,0,270,0,0,0
0,64.66644,0,0,0,270,0,0,0
0,64.67326,0,0,0,270,0,0,0
0,64.68768,0,0,0,270,0,0,0
0,64.69581,0,0,0,270,0,0,0
0,64.70876,0,0,0,270,0,0,0
0,64.72176,0,0,0,270,0,0,0
0,64.72878,0,0,0,270,0,0,0
0,64.74326,0,0,0,270,0,0,0
0,64.75098,0,0,0,270,0,0,0
0,64.76404,0,0,0,270,0,0,0
0,64.77331,0,0,0,270,0,0,0
0,64.78696,0,0,0,270,0,0,0
0,64.79571,0,0,0,270,0,0,0
0,64.80864,0,0,0,270,0,0,0
0,64.82244,0,0,0,270,0,0,0
0,64.82883,0,0,0,270,0,0,0
0,64.84278,0,0,0,270,0,0,0
0,64.85124,0,0,0,270,0,0,0
0,64.86512,0,0,0,270,0,0,0
0,64.87321,0,0,0,270,0,0,0
0,64.88659,0,0,0,270,0,0,0
0,64.89583,0,0,0,270,0,0,0
0,64.91305,0,0,0,270,0,0,0
0,64.9272,0,0,0,270,0,0,0
0,64.9299,0,0,0,270,0,0,0
0,64.94643,0,0,0,270,0,0,0
0,64.95081,0,0,0,270,0,0,0
0,64.96397,0,0,0,270,0,0,0
0,64.97392,0,0,0,270,0,0,0
0,64.98765,0,0,0,270,0,0,0
0,64.99571,0,0,0,270,0,0,0
0,65.00916,0,0,0,270,0,0,0
0,65.02307,0,0,0,270,0,0,0
0,65.03246,0,0,0,270,0,0,0
0,65.05061,0,0,0,270,0,0,0
0,65.05373,0,0,0,270,0,0,0
0,65.0708,0,0,0,270,0,0,0
0,65.07434,0,0,0,270,0,0,0
0,65.08807,0,0,0,270,0,0,0
0,65.09542,0,0,0,270,0,0,0
0,65.1095,0,0,0,270,0,0,0
0,65.1239,0,0,0,270,0,0,0
0,65.12849,0,0,0,270,0,0,0
0,65.14241,0,0,0,270,0,0,0
0,65.15089,0,0,0,270,0,0,0
0,65.16512,0,0,0,270,0,0,0
0,65.17304,0,0,0,270,0,0,0
0,65.18886,0,0,0,270,0,0,0
0,65.19556,0,0,0,270,0,0,0
0,65.20944,0,0,0,270,0,0,0
0,65.2228,0,0,0,270,0,0,0
0,65.22854,0,0,0,270,0,0,0
0,65.24203,0,0,0,270,0,0,0
0,65.25091,0,0,0,270,0,0,0
0,65.26497,0,0,0,270,0,0,0
0,65.27319,0,0,0,270,0,0,0
0,65.2874,0,0,0,270,0,0,0
0,65.29551,0,0,0,270,0,0,0
0,65.30875,0,0,0,270,0,0,0
0,65.32201,0,0,0,270,0,0,0
0,65.32852,0,0,0,270,0,0,0
0,65.34267,0,0,0,270,0,0,0
0,65.35081,0,0,0,270,0,0,0
0,65.36632,0,0,0,270,0,0,0
0,65.37339,0,0,0,270,0,0,0
0,65.3901,0,0,0,270,0,0,0
0,65.3959,0,0,0,270,0,0,0
0,65.41566,0,0,0,270,0,0,0
0,65.43178,0,0,0,270,0,0,0
0,65.44587,0,0,0,270,0,0,0
0,65.45049,0,0,0,270,0,0,0
0,65.46302,0,0,0,270,0,0,0
0,65.47332,0,0,0,270,0,0,0
0,65.4876,0,0,0,270,0,0,0
0,65.49858,0,0,0,270,0,0,0
0,65.51248,0,0,0,270,0,0,0
0,65.52627,0,0,0,270,0,0,0
0,65.52903,0,0,0,270,0,0,0
0,65.54366,0,0,0,270,0,0,0
0,65.55077,0,0,0,270,0,0,0
0,65.56423,0,0,0,270,0,0,0
0,65.57301,0,0,0,270,0,0,0
0,65.58569,0,0,0,270,0,0,0
0,65.59523,0,0,0,270,0,0,0
0,65.60782,0,0,0,270,0,0,0
0,65.62072,0,0,0,270,0,0,0
0,65.62834,0,0,0,270,0,0,0
0,65.64182,0,0,0,270,0,0,0
0,65.65065,0,0,0,270,0,0,0
0,65.66456,0,0,0,270,0,0,0
0,65.67313,0,0,0,270,0,0,0
0,65.68761,0,0,0,270,0,0,0
0,65.69542,0,0,0,270,0,0,0
0,65.70778,0,0,0,270,0,0,0
0,65.7213,0,0,0,270,0,0,0
0,65.72836,0,0,0,270,0,0,0
0,65.7417,0,0,0,270,0,0,0
0,65.75064,0,0,0,270,0,0,0
0,65.76466,0,0,0,270,0,0,0
0,65.77276,0,0,0,270,0,0,0
0,65.78573,0,0,0,270,0,0,0
0,65.7953,0,0,0,270,0,0,0
0,65.80819,0,0,0,270,0,0,0
0,65.82173,0,0,0,270,0,0,0
0,65.82831,0,0,0,270,0,0,0
0,65.84226,0,0,0,270,0,0,0
0,65.85088,0,0,0,270,0,0,0
0,65.86414,0,0,0,270,0,0,0
0,65.87275,0,0,0,270,0,0,0
0,65.88576,0,0,0,270,0,0,0
0,65.89541,0,0,0,270,0,0,0
0,65.91192,0,0,0,270,0,0,0
0,65.93252,0,0,0,270,0,0,0
0,65.9406,0,0,0,270,0,0,0
0,65.95594,0,0,0,270,0,0,0
0,65.98415,0,0,0,270,0,0,0
0,66.00148,0,0,0,270,0,0,0
0,66.01518,0,0,0,270,0,0,0
0,66.02873,0,0,0,270,0,0,0
0,66.0428,0,0,0,270,0,0,0
0,66.05048,0,0,0,270,0,0,0
0,66.06523,0,0,0,270,0,0,0
0,66.07301,0,0,0,270,0,0,0
0,66.08979,0,0,0,270,0,0,0
0,66.09524,0,0,0,270,0,0,0
0,66.11682,0,0,0,270,0,0,0
0,66.13542,0,0,0,270,0,0,0
0,66.15146,0,0,0,270,0,0,0
0,66.16687,0,0,0,270,0,0,0
0,66.17278,0,0,0,270,0,0,0
0,66.18879,0,0,0,270,0,0,0
0,66.19545,0,0,0,270,0,0,0
0,66.20934,0,0,0,270,0,0,0
0,66.22627,0,0,0,270,0,0,0
0,66.2292,0,0,0,270,0,0,0
0,66.24416,0,0,0,270,0,0,0
0,66.25034,0,0,0,270,0,0,0
0,66.26402,0,0,0,270,0,0,0
0,66.27283,0,0,0,270,0,0,0
0,66.28806,0,0,0,270,0,0,0
0,66.29543,0,0,0,270,0,0,0
0,66.31021,0,0,0,270,0,0,0
0,66.3265,0,0,0,270,0,0,0
0,66.32942,0,0,0,270,0,0,0
0,66.34418,0,0,0,270,0,0,0
0,66.35062,0,0,0,270,0,0,0
0,66.36511,0,0,0,270,0,0,0
0,66.3724,0,0,0,270,0,0,0
0,66.38578,0,0,0,270,0,0,0
0,66.39525,0,0,0,270,0,0,0
0,66.40865,0,0,0,270,0,0,0
0,66.42564,0,0,0,270,0,0,0
0,66.42822,0,0,0,270,0,0,0
0,66.44211,0,0,0,270,0,0,0
0,66.45019,0,0,0,270,0,0,0
0,66.46795,0,0,0,270,0,0,0
0,66.47224,0,0,0,270,0,0,0
0,66.48598,0,0,0,270,0,0,0
0,66.49513,0,0,0,270,0,0,0
0,66.51108,0,0,0,270,0,0,0
0,66.5258,0,0,0,270,0,0,0
0,66.52829,0,0,0,270,0,0,0
0,66.54123,0,0,0,270,0,0,0
0,66.55022,0,0,0,270,0,0,0
0,66.56397,0,0,0,270,0,0,0
0,66.57241,0,0,0,270,0,0,0
0,66.58519,0,0,0,270,0,0,0
0,66.59499,0,0,0,270,0,0,0
0,66.60909,0,0,0,270,0,0,0
0,66.62341,0,0,0,270,0,0,0
0,66.62784,0,0,0,270,0,0,0
0,66.6413,0,0,0,270,0,0,0
0,66.65015,0,0,0,270,0,0,0
0,66.66407,0,0,0,270,0,0,0
0,66.67237,0,0,0,270,0,0,0
0,66.68666,0,0,0,270,0,0,0
0,66.69521,0,0,0,270,0,0,0
0,66.70917,0,0,0,270,0,0,0
0,66.72404,0,0,0,270,0,0,0
0,66.72845,0,0,0,270,0,0,0
0,66.74294,0,0,0,270,0,0,0
0,66.75011,0,0,0,270,0,0,0
0,66.76371,0,0,0,270,0,0,0
0,66.77237,0,0,0,270,0,0,0
0,66.78561,0,0,0,270,0,0,0
0,66.79482,0,0,0,270,0,0,0
0,66.80775,0,0,0,270,0,0,0
0,66.82101,0,0,0,270,0,0,0
0,66.82782,0,0,0,270,0,0,0
0,66.84127,0,0,0,270,0,0,0
0,66.85033,0,0,0,270,0,0,0
0,66.86442,0,0,0,270,0,0,0
0,66.8722,0,0,0,270,0,0,0
0,66.8856,0,0,0,270,0,0,0
0,66.89487,0,0,0,270,0,0,0
0,66.9079,0,0,0,270,0,0,0
0,66.92168,0,0,0,270,0,0,0
0,66.92803,0,0,0,270,0,0,0
0,66.9416,0,0,0,270,0,0,0
0,66.95058,0,0,0,270,0,0,0
0,66.97022,0,0,0,270,0,0,0
0,66.97333,0,0,0,270,0,0,0
0,66.98666,0,0,0,270,0,0,0
0,66.99536,0,0,0,270,0,0,0
0,67.00889,0,0,0,270,0,0,0
0,67.02381,0,0,0,270,0,0,0
0,67.02827,0,0,0,270,0,0,0
0,67.04285,0,0,0,270,0,0,0
0,67.05138,0,0,0,270,0,0,0
0,67.06802,0,0,0,270,0,0,0
0,67.07297,0,0,0,270,0,0,0
0,67.08744,0,0,0,270,0,0,0
0,67.0956,0,0,0,270,0,0,0
0,67.10989,0,0,0,270,0,0,0
0,67.12493,0,0,0,270,0,0,0
0,67.12975,0,0,0,270,0,0,0
0,67.14492,0,0,0,270,0,0,0
0,67.15087,0,0,0,270,0,0,0
0,67.1683,0,0,0,270,0,0,0
0,67.17295,0,0,0,270,0,0,0
0,67.18748,0,0,0,270,0,0,0
0,67.19547,0,0,0,270,0,0,0
0,67.20879,0,0,0,270,0,0,0
0,67.22418,0,0,0,270,0,0,0
0,67.22875,0,0,0,270,0,0,0
0,67.24567,0,0,0,270,0,0,0
0,67.25061,0,0,0,270,0,0,0
0,67.26488,0,0,0,270,0,0,0
0,67.27283,0,0,0,270,0,0,0
0,67.28812,0,0,0,270,0,0,0
0,67.29528,0,0,0,270,0,0,0
0,67.30807,0,0,0,270,0,0,0
0,67.32152,0,0,0,270,0,0,0
0,67.32838,0,0,0,270,0,0,0
0,67.34219,0,0,0,270,0,0,0
0,67.35068,0,0,0,270,0,0,0
0,67.36395,0,0,0,270,0,0,0
0,67.37275,0,0,0,270,0,0,0
0,67.3865,0,0,0,270,0,0,0
0,67.39566,0,0,0,270,0,0,0
0,67.41351,0,0,0,270,0,0,0
0,67.42953,0,0,0,270,0,0,0
0,67.43975,0,0,0,270,0,0,0
0,67.45615,0,0,0,270,0,0,0
0,67.47023,0,0,0,270,0,0,0
0,67.49264,0,0,0,270,0,0,0
0,67.49583,0,0,0,270,0,0,0
0,67.5098,0,0,0,270,0,0,0
0,67.52428,0,0,0,270,0,0,0
0,67.52731,0,0,0,270,0,0,0
0,67.54111,0,0,0,270,0,0,0
0,67.54991,0,0,0,270,0,0,0
0,67.56376,0,0,0,270,0,0,0
0,67.57209,0,0,0,270,0,0,0
0,67.58628,0,0,0,270,0,0,0
0,67.59416,0,0,0,270,0,0,0
0,67.60849,0,0,0,270,0,0,0
0,67.617,0,0,0,270,0,0,0
0,67.632,0,0,0,270,0,0,0
0,67.64615,0,0,0,270,0,0,0
0,67.64967,0,0,0,270,0,0,0
0,67.66405,0,0,0,270,0,0,0
0,67.6721,0,0,0,270,0,0,0
0,67.68594,0,0,0,270,0,0,0
0,67.69429,0,0,0,270,0,0,0
0,67.70989,0,0,0,270,0,0,0
0,67.71673,0,0,0,270,0,0,0
0,67.73653,0,0,0,270,0,0,0
0,67.75268,0,0,0,270,0,0,0
0,67.76688,0,0,0,270,0,0,0
0,67.77183,0,0,0,270,0,0,0
0,67.78831,0,0,0,270,0,0,0
0,67.79417,0,0,0,270,0,0,0
0,67.80925,0,0,0,270,0,0,0
0,67.8169,0,0,0,270,0,0,0
0,67.83139,0,0,0,270,0,0,0
0,67.84538,0,0,0,270,0,0,0
0,67.84986,0,0,0,270,0,0,0
0,67.86436,0,0,0,270,0,0,0
0,67.87219,0,0,0,270,0,0,0
0,67.88761,0,0,0,270,0,0,0
0,67.89449,0,0,0,270,0,0,0
0,67.90997,0,0,0,270,0,0,0
0,67.91699,0,0,0,270,0,0,0
0,67.93434,0,0,0,270,0,0,0
0,67.95327,0,0,0,270,0,0,0
0,67.96139,0,0,0,270,0,0,0
0,67.97798,0,0,0,270,0,0,0
0,67.99359,0,0,0,270,0,0,0
0,68.00873,0,0,0,270,0,0,0
0,68.01665,0,0,0,270,0,0,0
0,68.0431,0,0,0,270,0,0,0
0,68.05916,0,0,0,270,0,0,0
0,68.07509,0,0,0,270,0,0,0
0,68.09128,0,0,0,270,0,0,0
0,68.10884,0,0,0,270,0,0,0
0,68.11665,0,0,0,270,0,0,0
0,68.13091,0,0,0,270,0,0,0
0,68.14636,0,0,0,270,0,0,0
0,68.14994,0,0,0,270,0,0,0
0,68.16663,0,0,0,270,0,0,0
0,68.17182,0,0,0,270,0,0,0
0,68.18756,0,0,0,270,0,0,0
0,68.19406,0,0,0,270,0,0,0
0,68.21233,0,0,0,270,0,0,0
0,68.21651,0,0,0,270,0,0,0
0,68.23193,0,0,0,270,0,0,0
0,68.24742,0,0,0,270,0,0,0
0,68.25022,0,0,0,270,0,0,0
0,68.26363,0,0,0,270,0,0,0
0,68.2719,0,0,0,270,0,0,0
0,68.28555,0,0,0,270,0,0,0
0,68.29383,0,0,0,270,0,0,0
0,68.30714,0,0,0,270,0,0,0
0,68.3164,0,0,0,270,0,0,0
0,68.32936,0,0,0,270,0,0,0
0,68.3436,0,0,0,270,0,0,0
0,68.34952,0,0,0,270,0,0,0
0,68.36446,0,0,0,270,0,0,0
0,68.3716,0,0,0,270,0,0,0
0,68.38534,0,0,0,270,0,0,0
0,68.39404,0,0,0,270,0,0,0
0,68.4066,0,0,0,270,0,0,0
0,68.41651,0,0,0,270,0,0,0
0,68.42987,0,0,0,270,0,0,0
0,68.44666,0,0,0,270,0,0,0
0,68.45001,0,0,0,270,0,0,0
0,68.46785,0,0,0,270,0,0,0
0,68.47188,0,0,0,270,0,0,0
0,68.48589,0,0,0,270,0,0,0
0,68.49371,0,0,0,270,0,0,0
0,68.50693,0,0,0,270,0,0,0
0,68.51625,0,0,0,270,0,0,0
0,68.53061,0,0,0,270,0,0,0
0,68.54438,0,0,0,270,0,0,0
0,68.54932,0,0,0,270,0,0,0
0,68.56246,0,0,0,270,0,0,0
0,68.57177,0,0,0,270,0,0,0
0,68.59324,0,0,0,270,0,0,0
0,68.59701,0,0,0,270,0,0,0
0,68.61228,0,0,0,270,0,0,0
0,68.62598,0,0,0,270,0,0,0
0,68.62881,0,0,0,270,0,0,0
0,68.6445,0,0,0,270,0,0,0
0,68.64932,0,0,0,270,0,0,0
0,68.66368,0,0,0,270,0,0,0
0,68.67142,0,0,0,270,0,0,0
0,68.68525,0,0,0,270,0,0,0
0,68.69365,0,0,0,270,0,0,0
0,68.70683,0,0,0,270,0,0,0
0,68.71623,0,0,0,270,0,0,0
0,68.72946,0,0,0,270,0,0,0
0,68.74274,0,0,0,270,0,0,0
0,68.74921,0,0,0,270,0,0,0
0,68.76603,0,0,0,270,0,0,0
0,68.77142,0,0,0,270,0,0,0
0,68.78522,0,0,0,270,0,0,0
0,68.79362,0,0,0,270,0,0,0
0,68.80677,0,0,0,270,0,0,0
0,68.81625,0,0,0,270,0,0,0
0,68.82973,0,0,0,270,0,0,0
0,68.84265,0,0,0,270,0,0,0
0,68.8493,0,0,0,270,0,0,0
0,68.86345,0,0,0,270,0,0,0
0,68.87144,0,0,0,270,0,0,0
0,68.8858,0,0,0,270,0,0,0
0,68.89371,0,0,0,270,0,0,0
0,68.90666,0,0,0,270,0,0,0
0,68.91607,0,0,0,270,0,0,0
0,68.92857,0,0,0,270,0,0,0
0,68.94189,0,0,0,270,0,0,0
0,68.94918,0,0,0,270,0,0,0
0,68.96574,0,0,0,270,0,0,0
0,68.97153,0,0,0,270,0,0,0
0,68.98773,0,0,0,270,0,0,0
0,68.99358,0,0,0,270,0,0,0
0,69.00763,0,0,0,270,0,0,0
0,69.01588,0,0,0,270,0,0,0
0,69.0284,0,0,0,270,0,0,0
0,69.04215,0,0,0,270,0,0,0
0,69.04928,0,0,0,270,0,0,0
0,69.06307,0,0,0,270,0,0,0
0,69.07201,0,0,0,270,0,0,0
0,69.08681,0,0,0,270,0,0,0
0,69.09505,0,0,0,270,0,0,0
0,69.11085,0,0,0,270,0,0,0
0,69.12687,0,0,0,270,0,0,0
0,69.12975,0,0,0,270,0,0,0
0,69.14555,0,0,0,270,0,0,0
0,69.14942,0,0,0,270,0,0,0
0,69.17221,0,0,0,270,0,0,0
0,69.17562,0,0,0,270,0,0,0
0,69.1891,0,0,0,270,0,0,0
0,69.20306,0,0,0,270,0,0,0
0,69.20585,0,0,0,270,0,0,0
0,69.21929,0,0,0,270,0,0,0
0,69.22685,0,0,0,270,0,0,0
0,69.24165,0,0,0,270,0,0,0
0,69.24931,0,0,0,270,0,0,0
0,69.26298,0,0,0,270,0,0,0
0,69.2714,0,0,0,270,0,0,0
0,69.28564,0,0,0,270,0,0,0
0,69.29353,0,0,0,270,0,0,0
0,69.30704,0,0,0,270,0,0,0
0,69.31608,0,0,0,270,0,0,0
0,69.3305,0,0,0,270,0,0,0
0,69.34443,0,0,0,270,0,0,0
0,69.34982,0,0,0,270,0,0,0
0,69.36474,0,0,0,270,0,0,0
0,69.37102,0,0,0,270,0,0,0
0,69.3849,0,0,0,270,0,0,0
0,69.39334,0,0,0,270,0,0,0
0,69.40591,0,0,0,270,0,0,0
0,69.41594,0,0,0,270,0,0,0
0,69.43014,0,0,0,270,0,0,0
0,69.44614,0,0,0,270,0,0,0
0,69.44917,0,0,0,270,0,0,0
0,69.46387,0,0,0,270,0,0,0
0,69.4712,0,0,0,270,0,0,0
0,69.48521,0,0,0,270,0,0,0
0,69.49355,0,0,0,270,0,0,0
0,69.50747,0,0,0,270,0,0,0
0,69.51593,0,0,0,270,0,0,0
0,69.53178,0,0,0,270,0,0,0
0,69.54656,0,0,0,270,0,0,0
0,69.54942,0,0,0,270,0,0,0
0,69.56332,0,0,0,270,0,0,0
0,69.57114,0,0,0,270,0,0,0
0,69.58614,0,0,0,270,0,0,0
0,69.59332,0,0,0,270,0,0,0
0,69.60739,0,0,0,270,0,0,0
0,69.61572,0,0,0,270,0,0,0
0,69.62846,0,0,0,270,0,0,0
0,69.64171,0,0,0,270,0,0,0
0,69.64914,0,0,0,270,0,0,0
0,69.66286,0,0,0,270,0,0,0
0,69.67109,0,0,0,270,0,0,0
0,69.68443,0,0,0,270,0,0,0
0,69.69344,0,0,0,270,0,0,0
0,69.70667,0,0,0,270,0,0,0
0,69.71577,0,0,0,270,0,0,0
0,69.72978,0,0,0,270,0,0,0
0,69.74303,0,0,0,270,0,0,0
0,69.74878,0,0,0,270,0,0,0
0,69.77087,0,0,0,270,0,0,0
0,69.7743,0,0,0,270,0,0,0
0,69.78893,0,0,0,270,0,0,0
0,69.79342,0,0,0,270,0,0,0
0,69.80875,0,0,0,270,0,0,0
0,69.81572,0,0,0,270,0,0,0
0,69.82915,0,0,0,270,0,0,0
0,69.84293,0,0,0,270,0,0,0
0,69.84896,0,0,0,270,0,0,0
0,69.86242,0,0,0,270,0,0,0
0,69.87103,0,0,0,270,0,0,0
0,69.884,0,0,0,270,0,0,0
0,69.89325,0,0,0,270,0,0,0
0,69.90653,0,0,0,270,0,0,0
0,69.91562,0,0,0,270,0,0,0
0,69.92914,0,0,0,270,0,0,0
0,69.94242,0,0,0,270,0,0,0
0,69.94916,0,0,0,270,0,0,0
0,69.9626,0,0,0,270,0,0,0
0,69.972,0,0,0,270,0,0,0
0,69.98533,0,0,0,270,0,0,0
0,69.99419,0,0,0,270,0,0,0
0,70.00797,0,0,0,270,0,0,0
0,70.01666,0,0,0,270,0,0,0
0,70.03035,0,0,0,270,0,0,0
0,70.04535,0,0,0,270,0,0,0
0,70.05004,0,0,0,270,0,0,0
0,70.06418,0,0,0,270,0,0,0
0,70.07205,0,0,0,270,0,0,0
0,70.08689,0,0,0,270,0,0,0
0,70.09402,0,0,0,270,0,0,0
0,70.10752,0,0,0,270,0,0,0
0,70.11677,0,0,0,270,0,0,0
0,70.13078,0,0,0,270,0,0,0
0,70.14631,0,0,0,270,0,0,0
0,70.14983,0,0,0,270,0,0,0
0,70.16413,0,0,0,270,0,0,0
0,70.17107,0,0,0,270,0,0,0
0,70.18485,0,0,0,270,0,0,0
0,70.19344,0,0,0,270,0,0,0
0,70.20712,0,0,0,270,0,0,0
0,70.21569,0,0,0,270,0,0,0
0,70.22952,0,0,0,270,0,0,0
0,70.24335,0,0,0,270,0,0,0
0,70.24857,0,0,0,270,0,0,0
0,70.26262,0,0,0,270,0,0,0
0,70.27129,0,0,0,270,0,0,0
0,70.28766,0,0,0,270,0,0,0
0,70.29341,0,0,0,270,0,0,0
0,70.31,0,0,0,270,0,0,0
0,70.31557,0,0,0,270,0,0,0
0,70.32957,0,0,0,270,0,0,0
0,70.34328,0,0,0,270,0,0,0
0,70.34856,0,0,0,270,0,0,0
0,70.3617,0,0,0,270,0,0,0
0,70.37097,0,0,0,270,0,0,0
0,70.39207,0,0,0,270,0,0,0
0,70.39602,0,0,0,270,0,0,0
0,70.4109,0,0,0,270,0,0,0
0,70.42554,0,0,0,270,0,0,0
0,70.42823,0,0,0,270,0,0,0
0,70.44257,0,0,0,270,0,0,0
0,70.44885,0,0,0,270,0,0,0
0,70.46337,0,0,0,270,0,0,0
0,70.47074,0,0,0,270,0,0,0
0,70.48595,0,0,0,270,0,0,0
0,70.49315,0,0,0,270,0,0,0
0,70.50761,0,0,0,270,0,0,0
0,70.51548,0,0,0,270,0,0,0
0,70.53044,0,0,0,270,0,0,0
0,70.54434,0,0,0,270,0,0,0
0,70.54849,0,0,0,270,0,0,0
0,70.5648,0,0,0,270,0,0,0
0,70.57072,0,0,0,270,0,0,0
0,70.58469,0,0,0,270,0,0,0
0,70.59287,0,0,0,270,0,0,0
0,70.60621,0,0,0,270,0,0,0
0,70.61559,0,0,0,270,0,0,0
0,70.63168,0,0,0,270,0,0,0
0,70.64495,0,0,0,270,0,0,0
0,70.64888,0,0,0,270,0,0,0
0,70.66541,0,0,0,270,0,0,0
0,70.67074,0,0,0,270,0,0,0
0,70.68456,0,0,0,270,0,0,0
0,70.69279,0,0,0,270,0,0,0
0,70.70608,0,0,0,270,0,0,0
0,70.71523,0,0,0,270,0,0,0
0,70.72803,0,0,0,270,0,0,0
0,70.74198,0,0,0,270,0,0,0
0,70.74825,0,0,0,270,0,0,0
0,70.76163,0,0,0,270,0,0,0
0,70.77061,0,0,0,270,0,0,0
0,70.78604,0,0,0,270,0,0,0
0,70.79272,0,0,0,270,0,0,0
0,70.80598,0,0,0,270,0,0,0
0,70.81524,0,0,0,270,0,0,0
0,70.82817,0,0,0,270,0,0,0
0,70.84098,0,0,0,270,0,0,0
0,70.84821,0,0,0,270,0,0,0
0,70.86193,0,0,0,270,0,0,0
0,70.87115,0,0,0,270,0,0,0
0,70.88509,0,0,0,270,0,0,0
0,70.89305,0,0,0,270,0,0,0
0,70.90618,0,0,0,270,0,0,0
0,70.91524,0,0,0,270,0,0,0
0,70.92914,0,0,0,270,0,0,0
0,70.94254,0,0,0,270,0,0,0
0,70.94852,0,0,0,270,0,0,0
0,70.96581,0,0,0,270,0,0,0
0,70.97085,0,0,0,270,0,0,0
0,70.98846,0,0,0,270,0,0,0
0,70.99306,0,0,0,270,0,0,0
0,71.00913,0,0,0,270,0,0,0
0,71.01582,0,0,0,270,0,0,0
0,71.04058,0,0,0,270,0,0,0
0,71.05715,0,0,0,270,0,0,0
0,71.07381,0,0,0,270,0,0,0
0,71.09047,0,0,0,270,0,0,0
0,71.09309,0,0,0,270,0,0,0
0,71.10842,0,0,0,270,0,0,0
0,71.11567,0,0,0,270,0,0,0
0,71.13548,0,0,0,270,0,0,0
0,71.15231,0,0,0,270,0,0,0
0,71.16824,0,0,0,270,0,0,0
0,71.17122,0,0,0,270,0,0,0
0,71.1865,0,0,0,270,0,0,0
0,71.19652,0,0,0,270,0,0,0
0,71.21205,0,0,0,270,0,0,0
0,71.22817,0,0,0,270,0,0,0
0,71.23757,0,0,0,270,0,0,0
0,71.25558,0,0,0,270,0,0,0
0,71.27328,0,0,0,270,0,0,0
0,71.28844,0,0,0,270,0,0,0
0,71.29286,0,0,0,270,0,0,0
0,71.30846,0,0,0,270,0,0,0
0,71.31505,0,0,0,270,0,0,0
0,71.32881,0,0,0,270,0,0,0
0,71.34232,0,0,0,270,0,0,0
0,71.34812,0,0,0,270,0,0,0
0,71.36056,0,0,0,270,0,0,0
0,71.37022,0,0,0,270,0,0,0
0,71.38403,0,0,0,270,0,0,0
0,71.39273,0,0,0,270,0,0,0
0,71.40654,0,0,0,270,0,0,0
0,71.41585,0,0,0,270,0,0,0
0,71.43268,0,0,0,270,0,0,0
0,71.44904,0,0,0,270,0,0,0
0,71.45989,0,0,0,270,0,0,0
0,71.47827,0,0,0,270,0,0,0
0,71.49252,0,0,0,270,0,0,0
0,71.50702,0,0,0,270,0,0,0
0,71.51504,0,0,0,270,0,0,0
0,71.52863,0,0,0,270,0,0,0
0,71.54233,0,0,0,270,0,0,0
0,71.54787,0,0,0,270,0,0,0
0,71.56144,0,0,0,270,0,0,0
0,71.57053,0,0,0,270,0,0,0
0,71.585,0,0,0,270,0,0,0
0,71.59232,0,0,0,270,0,0,0
0,71.60571,0,0,0,270,0,0,0
0,71.61481,0,0,0,270,0,0,0
0,71.62888,0,0,0,270,0,0,0
0,71.64425,0,0,0,270,0,0,0
0,71.64799,0,0,0,270,0,0,0
0,71.66161,0,0,0,270,0,0,0
0,71.67026,0,0,0,270,0,0,0
0,71.6928,0,0,0,270,0,0,0
0,71.69638,0,0,0,270,0,0,0
0,71.71009,0,0,0,270,0,0,0
0,71.72351,0,0,0,270,0,0,0
0,71.72614,0,0,0,270,0,0,0
0,71.74152,0,0,0,270,0,0,0
0,71.7478,0,0,0,270,0,0,0
0,71.76121,0,0,0,270,0,0,0
0,71.77006,0,0,0,270,0,0,0
0,71.78267,0,0,0,270,0,0,0
0,71.79259,0,0,0,270,0,0,0
0,71.80688,0,0,0,270,0,0,0
0,71.81444,0,0,0,270,0,0,0
0,71.82773,0,0,0,270,0,0,0
0,71.83698,0,0,0,270,0,0,0
0,71.85237,0,0,0,270,0,0,0
0,71.86709,0,0,0,270,0,0,0
0,71.87002,0,0,0,270,0,0,0
0,71.88504,0,0,0,270,0,0,0
0,71.89242,0,0,0,270,0,0,0
0,71.90578,0,0,0,270,0,0,0
0,71.91441,0,0,0,270,0,0,0
0,71.92713,0,0,0,270,0,0,0
0,71.93698,0,0,0,270,0,0,0
0,71.95202,0,0,0,270,0,0,0
0,71.96564,0,0,0,270,0,0,0
0,71.97,0,0,0,270,0,0,0
0,71.98364,0,0,0,270,0,0,0
0,71.99229,0,0,0,270,0,0,0
0,72.00582,0,0,0,270,0,0,0
0,72.01439,0,0,0,270,0,0,0
0,72.02904,0,0,0,270,0,0,0
0,72.03706,0,0,0,270,0,0,0
0,72.05193,0,0,0,270,0,0,0
0,72.06627,0,0,0,270,0,0,0
0,72.07031,0,0,0,270,0,0,0
0,72.08521,0,0,0,270,0,0,0
0,72.09237,0,0,0,270,0,0,0
0,72.106,0,0,0,270,0,0,0
0,72.11446,0,0,0,270,0,0,0
0,72.12794,0,0,0,270,0,0,0
0,72.13686,0,0,0,270,0,0,0
0,72.15116,0,0,0,270,0,0,0
0,72.16615,0,0,0,270,0,0,0
0,72.17004,0,0,0,270,0,0,0
0,72.18405,0,0,0,270,0,0,0
0,72.19279,0,0,0,270,0,0,0
0,72.20911,0,0,0,270,0,0,0
0,72.2143,0,0,0,270,0,0,0
0,72.22781,0,0,0,270,0,0,0
0,72.23733,0,0,0,270,0,0,0
0,72.25159,0,0,0,270,0,0,0
0,72.26587,0,0,0,270,0,0,0
0,72.27085,0,0,0,270,0,0,0
0,72.2916,0,0,0,270,0,0,0
0,72.29485,0,0,0,270,0,0,0
0,72.30819,0,0,0,270,0,0,0
0,72.32168,0,0,0,270,0,0,0
0,72.32542,0,0,0,270,0,0,0
0,72.33926,0,0,0,270,0,0,0
0,72.3479,0,0,0,270,0,0,0
0,72.36945,0,0,0,270,0,0,0
0,72.3759,0,0,0,270,0,0,0
0,72.39653,0,0,0,270,0,0,0
0,72.41312,0,0,0,270,0,0,0
0,72.42729,0,0,0,270,0,0,0
0,72.43659,0,0,0,270,0,0,0
0,72.44984,0,0,0,270,0,0,0
0,72.46394,0,0,0,270,0,0,0
0,72.46968,0,0,0,270,0,0,0
0,72.48426,0,0,0,270,0,0,0
0,72.49216,0,0,0,270,0,0,0
0,72.507,0,0,0,270,0,0,0
0,72.51445,0,0,0,270,0,0,0
0,72.53024,0,0,0,270,0,0,0
0,72.53711,0,0,0,270,0,0,0
0,72.551,0,0,0,270,0,0,0
0,72.5658,0,0,0,270,0,0,0
0,72.56969,0,0,0,270,0,0,0
0,72.58434,0,0,0,270,0,0,0
0,72.5921,0,0,0,270,0,0,0
0,72.60781,0,0,0,270,0,0,0
0,72.61417,0,0,0,270,0,0,0
0,72.62731,0,0,0,270,0,0,0
0,72.63672,0,0,0,270,0,0,0
0,72.65106,0,0,0,270,0,0,0
0,72.66633,0,0,0,270,0,0,0
0,72.66973,0,0,0,270,0,0,0
0,72.68324,0,0,0,270,0,0,0
0,72.69248,0,0,0,270,0,0,0
0,72.70626,0,0,0,270,0,0,0
0,72.71424,0,0,0,270,0,0,0
0,72.72818,0,0,0,270,0,0,0
0,72.73651,0,0,0,270,0,0,0
0,72.75124,0,0,0,270,0,0,0
0,72.76808,0,0,0,270,0,0,0
0,72.77156,0,0,0,270,0,0,0
0,72.78635,0,0,0,270,0,0,0
0,72.79189,0,0,0,270,0,0,0
0,72.80602,0,0,0,270,0,0,0
0,72.81399,0,0,0,270,0,0,0
0,72.83429,0,0,0,270,0,0,0
0,72.83752,0,0,0,270,0,0,0
0,72.85084,0,0,0,270,0,0,0
0,72.86537,0,0,0,270,0,0,0
0,72.8695,0,0,0,270,0,0,0
0,72.88354,0,0,0,270,0,0,0
0,72.89207,0,0,0,270,0,0,0
0,72.90578,0,0,0,270,0,0,0
0,72.91402,0,0,0,270,0,0,0
0,72.92718,0,0,0,270,0,0,0
0,72.93656,0,0,0,270,0,0,0
0,72.9492,0,0,0,270,0,0,0
0,72.96266,0,0,0,270,0,0,0
0,72.96949,0,0,0,270,0,0,0
0,72.98348,0,0,0,270,0,0,0
0,72.992,0,0,0,270,0,0,0
0,73.00659,0,0,0,270,0,0,0
0,73.01411,0,0,0,270,0,0,0
0,73.03,0,0,0,270,0,0,0
0,73.03669,0,0,0,270,0,0,0
0,73.05372,0,0,0,270,0,0,0
0,73.06773,0,0,0,270,0,0,0
0,73.07051,0,0,0,270,0,0,0
0,73.08463,0,0,0,270,0,0,0
0,73.09174,0,0,0,270,0,0,0
0,73.10526,0,0,0,270,0,0,0
0,73.11402,0,0,0,270,0,0,0
0,73.12764,0,0,0,270,0,0,0
0,73.13656,0,0,0,270,0,0,0
0,73.14977,0,0,0,270,0,0,0
0,73.16361,0,0,0,270,0,0,0
0,73.16945,0,0,0,270,0,0,0
0,73.18392,0,0,0,270,0,0,0
0,73.19247,0,0,0,270,0,0,0
0,73.20695,0,0,0,270,0,0,0
0,73.21407,0,0,0,270,0,0,0
0,73.23132,0,0,0,270,0,0,0
0,73.23652,0,0,0,270,0,0,0
0,73.25133,0,0,0,270,0,0,0
0,73.26706,0,0,0,270,0,0,0
0,73.27033,0,0,0,270,0,0,0
0,73.28684,0,0,0,270,0,0,0
0,73.29531,0,0,0,270,0,0,0
0,73.30975,0,0,0,270,0,0,0
0,73.32339,0,0,0,270,0,0,0
0,73.326,0,0,0,270,0,0,0
0,73.33893,0,0,0,270,0,0,0
0,73.34785,0,0,0,270,0,0,0
0,73.36131,0,0,0,270,0,0,0
0,73.36946,0,0,0,270,0,0,0
0,73.38301,0,0,0,270,0,0,0
0,73.39174,0,0,0,270,0,0,0
0,73.40688,0,0,0,270,0,0,0
0,73.41412,0,0,0,270,0,0,0
0,73.42848,0,0,0,270,0,0,0
0,73.43628,0,0,0,270,0,0,0
0,73.45021,0,0,0,270,0,0,0
0,73.4663,0,0,0,270,0,0,0
0,73.46942,0,0,0,270,0,0,0
0,73.48505,0,0,0,270,0,0,0
0,73.49198,0,0,0,270,0,0,0
0,73.50867,0,0,0,270,0,0,0
0,73.51368,0,0,0,270,0,0,0
0,73.52927,0,0,0,270,0,0,0
0,73.53673,0,0,0,270,0,0,0
0,73.5518,0,0,0,270,0,0,0
0,73.56582,0,0,0,270,0,0,0
0,73.56932,0,0,0,270,0,0,0
0,73.58276,0,0,0,270,0,0,0
0,73.59171,0,0,0,270,0,0,0
0,73.60854,0,0,0,270,0,0,0
0,73.61395,0,0,0,270,0,0,0
0,73.62972,0,0,0,270,0,0,0
0,73.63619,0,0,0,270,0,0,0
0,73.64899,0,0,0,270,0,0,0
0,73.66205,0,0,0,270,0,0,0
0,73.66949,0,0,0,270,0,0,0
0,73.68333,0,0,0,270,0,0,0
0,73.69186,0,0,0,270,0,0,0
0,73.70634,0,0,0,270,0,0,0
0,73.71405,0,0,0,270,0,0,0
0,73.72942,0,0,0,270,0,0,0
0,73.73599,0,0,0,270,0,0,0
0,73.74857,0,0,0,270,0,0,0
0,73.76736,0,0,0,270,0,0,0
0,73.77055,0,0,0,270,0,0,0
0,73.78355,0,0,0,270,0,0,0
0,73.79153,0,0,0,270,0,0,0
0,73.80473,0,0,0,270,0,0,0
0,73.81367,0,0,0,270,0,0,0
0,73.82721,0,0,0,270,0,0,0
0,73.83637,0,0,0,270,0,0,0
0,73.84897,0,0,0,270,0,0,0
0,73.86303,0,0,0,270,0,0,0
0,73.86914,0,0,0,270,0,0,0
0,73.88252,0,0,0,270,0,0,0
0,73.89137,0,0,0,270,0,0,0
0,73.90476,0,0,0,270,0,0,0
0,73.91366,0,0,0,270,0,0,0
0,73.92738,0,0,0,270,0,0,0
0,73.93604,0,0,0,270,0,0,0
0,73.94907,0,0,0,270,0,0,0
0,73.96238,0,0,0,270,0,0,0
0,73.96909,0,0,0,270,0,0,0
0,73.98415,0,0,0,270,0,0,0
0,73.99162,0,0,0,270,0,0,0
0,74.00557,0,0,0,270,0,0,0
0,74.01375,0,0,0,270,0,0,0
0,74.02741,0,0,0,270,0,0,0
0,74.03594,0,0,0,270,0,0,0
0,74.04917,0,0,0,270,0,0,0
0,74.06226,0,0,0,270,0,0,0
0,74.06918,0,0,0,270,0,0,0
0,74.08266,0,0,0,270,0,0,0
0,74.09138,0,0,0,270,0,0,0
0,74.10524,0,0,0,270,0,0,0
0,74.11379,0,0,0,270,0,0,0
0,74.12939,0,0,0,270,0,0,0
0,74.136,0,0,0,270,0,0,0
0,74.14877,0,0,0,270,0,0,0
0,74.16338,0,0,0,270,0,0,0
0,74.16904,0,0,0,270,0,0,0
0,74.18301,0,0,0,270,0,0,0
0,74.19205,0,0,0,270,0,0,0
0,74.20567,0,0,0,270,0,0,0
0,74.21526,0,0,0,270,0,0,0
0,74.2292,0,0,0,270,0,0,0
0,74.24513,0,0,0,270,0,0,0
0,74.24856,0,0,0,270,0,0,0
0,74.27187,0,0,0,270,0,0,0
0,74.27554,0,0,0,270,0,0,0
0,74.29077,0,0,0,270,0,0,0
0,74.30511,0,0,0,270,0,0,0
0,74.31338,0,0,0,270,0,0,0
0,74.32734,0,0,0,270,0,0,0
0,74.3359,0,0,0,270,0,0,0
0,74.34872,0,0,0,270,0,0,0
0,74.36205,0,0,0,270,0,0,0
0,74.369,0,0,0,270,0,0,0
0,74.38313,0,0,0,270,0,0,0
0,74.39127,0,0,0,270,0,0,0
0,74.40536,0,0,0,270,0,0,0
0,74.41347,0,0,0,270,0,0,0
0,74.42739,0,0,0,270,0,0,0
0,74.43611,0,0,0,270,0,0,0
0,74.45147,0,0,0,270,0,0,0
0,74.46462,0,0,0,270,0,0,0
0,74.46877,0,0,0,270,0,0,0
0,74.48206,0,0,0,270,0,0,0
0,74.49126,0,0,0,270,0,0,0
0,74.5042,0,0,0,270,0,0,0
0,74.5136,0,0,0,270,0,0,0
0,74.52823,0,0,0,270,0,0,0
0,74.53583,0,0,0,270,0,0,0
0,74.54979,0,0,0,270,0,0,0
0,74.5644,0,0,0,270,0,0,0
0,74.56924,0,0,0,270,0,0,0
0,74.58337,0,0,0,270,0,0,0
0,74.5911,0,0,0,270,0,0,0
0,74.6043,0,0,0,270,0,0,0
0,74.61352,0,0,0,270,0,0,0
0,74.63139,0,0,0,270,0,0,0
0,74.6361,0,0,0,270,0,0,0
0,74.65188,0,0,0,270,0,0,0
0,74.66628,0,0,0,270,0,0,0
0,74.66888,0,0,0,270,0,0,0
0,74.68303,0,0,0,270,0,0,0
0,74.6919,0,0,0,270,0,0,0
0,74.70821,0,0,0,270,0,0,0
0,74.71349,0,0,0,270,0,0,0
0,74.72911,0,0,0,270,0,0,0
0,74.73559,0,0,0,270,0,0,0
0,74.74857,0,0,0,270,0,0,0
0,74.76317,0,0,0,270,0,0,0
0,74.76865,0,0,0,270,0,0,0
0,74.78754,0,0,0,270,0,0,0
0,74.7911,0,0,0,270,0,0,0
0,74.8058,0,0,0,270,0,0,0
0,74.81383,0,0,0,270,0,0,0
0,74.82864,0,0,0,270,0,0,0
0,74.83561,0,0,0,270,0,0,0
0,74.84846,0,0,0,270,0,0,0
0,74.86164,0,0,0,270,0,0,0
0,74.86864,0,0,0,270,0,0,0
0,74.88178,0,0,0,270,0,0,0
0,74.89099,0,0,0,270,0,0,0
0,74.904,0,0,0,270,0,0,0
0,74.9134,0,0,0,270,0,0,0
0,74.9262,0,0,0,270,0,0,0
0,74.9357,0,0,0,270,0,0,0
0,74.95252,0,0,0,270,0,0,0
0,74.96945,0,0,0,270,0,0,0
0,74.98008,0,0,0,270,0,0,0
0,74.99324,0,0,0,270,0,0,0
0,75.00549,0,0,0,270,0,0,0
0,75.01305,0,0,0,270,0,0,0
0,75.02602,0,0,0,270,0,0,0
0,75.03564,0,0,0,270,0,0,0
0,75.04874,0,0,0,270,0,0,0
0,75.06298,0,0,0,270,0,0,0
0,75.06881,0,0,0,270,0,0,0
0,75.08268,0,0,0,270,0,0,0
0,75.09105,0,0,0,270,0,0,0
0,75.10493,0,0,0,270,0,0,0
0,75.11322,0,0,0,270,0,0,0
0,75.1264,0,0,0,270,0,0,0
0,75.13558,0,0,0,270,0,0,0
0,75.14878,0,0,0,270,0,0,0
0,75.16164,0,0,0,270,0,0,0
0,75.1692,0,0,0,270,0,0,0
0,75.1827,0,0,0,270,0,0,0
0,75.19211,0,0,0,270,0,0,0
0,75.20753,0,0,0,270,0,0,0
0,75.21501,0,0,0,270,0,0,0
0,75.22917,0,0,0,270,0,0,0
0,75.24371,0,0,0,270,0,0,0
0,75.24821,0,0,0,270,0,0,0
0,75.26201,0,0,0,270,0,0,0
0,75.27033,0,0,0,270,0,0,0
0,75.28673,0,0,0,270,0,0,0
0,75.29207,0,0,0,270,0,0,0
0,75.31348,0,0,0,270,0,0,0
0,75.31721,0,0,0,270,0,0,0
0,75.33073,0,0,0,270,0,0,0
0,75.34478,0,0,0,270,0,0,0
0,75.34892,0,0,0,270,0,0,0
0,75.36373,0,0,0,270,0,0,0
0,75.36845,0,0,0,270,0,0,0
0,75.38174,0,0,0,270,0,0,0
0,75.39072,0,0,0,270,0,0,0
0,75.40358,0,0,0,270,0,0,0
0,75.41306,0,0,0,270,0,0,0
0,75.42697,0,0,0,270,0,0,0
0,75.43529,0,0,0,270,0,0,0
0,75.44968,0,0,0,270,0,0,0
0,75.46401,0,0,0,270,0,0,0
0,75.46838,0,0,0,270,0,0,0
0,75.48278,0,0,0,270,0,0,0
0,75.49068,0,0,0,270,0,0,0
0,75.50381,0,0,0,270,0,0,0
0,75.51302,0,0,0,270,0,0,0
0,75.5269,0,0,0,270,0,0,0
0,75.53601,0,0,0,270,0,0,0
0,75.55093,0,0,0,270,0,0,0
0,75.56483,0,0,0,270,0,0,0
0,75.56885,0,0,0,270,0,0,0
0,75.58578,0,0,0,270,0,0,0
0,75.59083,0,0,0,270,0,0,0
0,75.6047,0,0,0,270,0,0,0
0,75.61282,0,0,0,270,0,0,0
0,75.62685,0,0,0,270,0,0,0
0,75.63528,0,0,0,270,0,0,0
0,75.65008,0,0,0,270,0,0,0
0,75.66582,0,0,0,270,0,0,0
0,75.66875,0,0,0,270,0,0,0
0,75.68335,0,0,0,270,0,0,0
0,75.69073,0,0,0,270,0,0,0
0,75.70492,0,0,0,270,0,0,0
0,75.71294,0,0,0,270,0,0,0
0,75.72705,0,0,0,270,0,0,0
0,75.73527,0,0,0,270,0,0,0
0,75.74821,0,0,0,270,0,0,0
0,75.76205,0,0,0,270,0,0,0
0,75.76831,0,0,0,270,0,0,0
0,75.78242,0,0,0,270,0,0,0
0,75.79076,0,0,0,270,0,0,0
0,75.80443,0,0,0,270,0,0,0
0,75.81286,0,0,0,270,0,0,0
0,75.82649,0,0,0,270,0,0,0
0,75.83553,0,0,0,270,0,0,0
0,75.85728,0,0,0,270,0,0,0
0,75.87167,0,0,0,270,0,0,0
0,75.88725,0,0,0,270,0,0,0
0,75.89037,0,0,0,270,0,0,0
0,75.90426,0,0,0,270,0,0,0
0,75.91277,0,0,0,270,0,0,0
0,75.9275,0,0,0,270,0,0,0
0,75.9353,0,0,0,270,0,0,0
0,75.94995,0,0,0,270,0,0,0
0,75.96355,0,0,0,270,0,0,0
0,75.9681,0,0,0,270,0,0,0
0,75.98097,0,0,0,270,0,0,0
0,75.99053,0,0,0,270,0,0,0
0,76.00734,0,0,0,270,0,0,0
0,76.01324,0,0,0,270,0,0,0
0,76.03013,0,0,0,270,0,0,0
0,76.03551,0,0,0,270,0,0,0
0,76.05146,0,0,0,270,0,0,0
0,76.06866,0,0,0,270,0,0,0
0,76.07174,0,0,0,270,0,0,0
0,76.08705,0,0,0,270,0,0,0
0,76.09049,0,0,0,270,0,0,0
0,76.10605,0,0,0,270,0,0,0
0,76.11281,0,0,0,270,0,0,0
0,76.12818,0,0,0,270,0,0,0
0,76.13531,0,0,0,270,0,0,0
0,76.14964,0,0,0,270,0,0,0
0,76.16557,0,0,0,270,0,0,0
0,76.16839,0,0,0,270,0,0,0
0,76.18334,0,0,0,270,0,0,0
0,76.19051,0,0,0,270,0,0,0
0,76.2064,0,0,0,270,0,0,0
0,76.21317,0,0,0,270,0,0,0
0,76.22916,0,0,0,270,0,0,0
0,76.2352,0,0,0,270,0,0,0
0,76.25133,0,0,0,270,0,0,0
0,76.26832,0,0,0,270,0,0,0
0,76.27112,0,0,0,270,0,0,0
0,76.28696,0,0,0,270,0,0,0
0,76.29089,0,0,0,270,0,0,0
0,76.3077,0,0,0,270,0,0,0
0,76.3129,0,0,0,270,0,0,0
0,76.32967,0,0,0,270,0,0,0
0,76.33508,0,0,0,270,0,0,0
0,76.35024,0,0,0,270,0,0,0
0,76.36462,0,0,0,270,0,0,0
0,76.36796,0,0,0,270,0,0,0
0,76.38103,0,0,0,270,0,0,0
0,76.3902,0,0,0,270,0,0,0
0,76.41245,0,0,0,270,0,0,0
0,76.41663,0,0,0,270,0,0,0
0,76.4337,0,0,0,270,0,0,0
0,76.44732,0,0,0,270,0,0,0
0,76.45783,0,0,0,270,0,0,0
0,76.47265,0,0,0,270,0,0,0
0,76.487,0,0,0,270,0,0,0
0,76.49039,0,0,0,270,0,0,0
0,76.50385,0,0,0,270,0,0,0
0,76.51281,0,0,0,270,0,0,0
0,76.52734,0,0,0,270,0,0,0
0,76.53493,0,0,0,270,0,0,0
0,76.54855,0,0,0,270,0,0,0
0,76.56121,0,0,0,270,0,0,0
0,76.56834,0,0,0,270,0,0,0
0,76.58178,0,0,0,270,0,0,0
0,76.59049,0,0,0,270,0,0,0
0,76.60519,0,0,0,270,0,0,0
0,76.61261,0,0,0,270,0,0,0
0,76.63137,0,0,0,270,0,0,0
0,76.63444,0,0,0,270,0,0,0
0,76.6473,0,0,0,270,0,0,0
0,76.65714,0,0,0,270,0,0,0
0,76.67181,0,0,0,270,0,0,0
0,76.68652,0,0,0,270,0,0,0
0,76.69023,0,0,0,270,0,0,0
0,76.70554,0,0,0,270,0,0,0
0,76.71249,0,0,0,270,0,0,0
0,76.72697,0,0,0,270,0,0,0
0,76.73512,0,0,0,270,0,0,0
0,76.74941,0,0,0,270,0,0,0
0,76.76266,0,0,0,270,0,0,0
0,76.76798,0,0,0,270,0,0,0
0,76.7812,0,0,0,270,0,0,0
0,76.79025,0,0,0,270,0,0,0
0,76.80423,0,0,0,270,0,0,0
0,76.8124,0,0,0,270,0,0,0
0,76.82711,0,0,0,270,0,0,0
0,76.83488,0,0,0,270,0,0,0
0,76.84847,0,0,0,270,0,0,0
0,76.86161,0,0,0,270,0,0,0
0,76.8679,0,0,0,270,0,0,0
0,76.88275,0,0,0,270,0,0,0
0,76.89034,0,0,0,270,0,0,0
0,76.90468,0,0,0,270,0,0,0
0,76.91264,0,0,0,270,0,0,0
0,76.92545,0,0,0,270,0,0,0
0,76.935,0,0,0,270,0,0,0
0,76.94859,0,0,0,270,0,0,0
0,76.96269,0,0,0,270,0,0,0
0,76.96809,0,0,0,270,0,0,0
0,76.98862,0,0,0,270,0,0,0
0,76.99172,0,0,0,270,0,0,0
0,77.0061,0,0,0,270,0,0,0
0,77.01274,0,0,0,270,0,0,0
0,77.0263,0,0,0,270,0,0,0
0,77.03535,0,0,0,270,0,0,0
0,77.04859,0,0,0,270,0,0,0
0,77.06181,0,0,0,270,0,0,0
0,77.06884,0,0,0,270,0,0,0
0,77.08311,0,0,0,270,0,0,0
0,77.09163,0,0,0,270,0,0,0
0,77.10532,0,0,0,270,0,0,0
0,77.11405,0,0,0,270,0,0,0
0,77.12774,0,0,0,270,0,0,0
0,77.13688,0,0,0,270,0,0,0
0,77.14946,0,0,0,270,0,0,0
0,77.16354,0,0,0,270,0,0,0
0,77.17007,0,0,0,270,0,0,0
0,77.18318,0,0,0,270,0,0,0
0,77.19207,0,0,0,270,0,0,0
0,77.20534,0,0,0,270,0,0,0
0,77.21452,0,0,0,270,0,0,0
0,77.23186,0,0,0,270,0,0,0
0,77.23661,0,0,0,270,0,0,0
0,77.25008,0,0,0,270,0,0,0
0,77.26499,0,0,0,270,0,0,0
0,77.2691,0,0,0,270,0,0,0
0,77.28352,0,0,0,270,0,0,0
0,77.2908,0,0,0,270,0,0,0
0,77.30649,0,0,0,270,0,0,0
0,77.31302,0,0,0,270,0,0,0
0,77.3275,0,0,0,270,0,0,0
0,77.33538,0,0,0,270,0,0,0
0,77.35023,0,0,0,270,0,0,0
0,77.36503,0,0,0,270,0,0,0
0,77.36838,0,0,0,270,0,0,0
0,77.382,0,0,0,270,0,0,0
0,77.39002,0,0,0,270,0,0,0
0,77.40411,0,0,0,270,0,0,0
0,77.41235,0,0,0,270,0,0,0
0,77.42554,0,0,0,270,0,0,0
0,77.4348,0,0,0,270,0,0,0
0,77.44999,0,0,0,270,0,0,0
0,77.46609,0,0,0,270,0,0,0
0,77.46893,0,0,0,270,0,0,0
0,77.48297,0,0,0,270,0,0,0
0,77.48997,0,0,0,270,0,0,0
0,77.5033,0,0,0,270,0,0,0
0,77.51206,0,0,0,270,0,0,0
0,77.52497,0,0,0,270,0,0,0
0,77.53417,0,0,0,270,0,0,0
0,77.54828,0,0,0,270,0,0,0
0,77.557,0,0,0,270,0,0,0
0,77.57209,0,0,0,270,0,0,0
0,77.59331,0,0,0,270,0,0,0
0,77.59684,0,0,0,270,0,0,0
0,77.61205,0,0,0,270,0,0,0
0,77.62733,0,0,0,270,0,0,0
0,77.63429,0,0,0,270,0,0,0
0,77.64831,0,0,0,270,0,0,0
0,77.65666,0,0,0,270,0,0,0
0,77.67177,0,0,0,270,0,0,0
0,77.68777,0,0,0,270,0,0,0
0,77.6912,0,0,0,270,0,0,0
0,77.70608,0,0,0,270,0,0,0
0,77.71202,0,0,0,270,0,0,0
0,77.72758,0,0,0,270,0,0,0
0,77.73411,0,0,0,270,0,0,0
0,77.7487,0,0,0,270,0,0,0
0,77.75672,0,0,0,270,0,0,0
0,77.77082,0,0,0,270,0,0,0
0,77.78465,0,0,0,270,0,0,0
0,77.78978,0,0,0,270,0,0,0
0,77.80592,0,0,0,270,0,0,0
0,77.81213,0,0,0,270,0,0,0
0,77.82752,0,0,0,270,0,0,0
0,77.8351,0,0,0,270,0,0,0
0,77.8481,0,0,0,270,0,0,0
0,77.86137,0,0,0,270,0,0,0
0,77.86741,0,0,0,270,0,0,0
0,77.88136,0,0,0,270,0,0,0
0,77.8897,0,0,0,270,0,0,0
0,77.90667,0,0,0,270,0,0,0
0,77.91238,0,0,0,270,0,0,0
0,77.92687,0,0,0,270,0,0,0
0,77.93413,0,0,0,270,0,0,0
0,77.94962,0,0,0,270,0,0,0
0,77.95673,0,0,0,270,0,0,0
0,77.9697,0,0,0,270,0,0,0
0,77.98418,0,0,0,270,0,0,0
0,77.98954,0,0,0,270,0,0,0
0,78.00356,0,0,0,270,0,0,0
0,78.01175,0,0,0,270,0,0,0
0,78.02512,0,0,0,270,0,0,0
0,78.03407,0,0,0,270,0,0,0
0,78.04836,0,0,0,270,0,0,0
0,78.05677,0,0,0,270,0,0,0
0,78.07108,0,0,0,270,0,0,0
0,78.08607,0,0,0,270,0,0,0
0,78.08965,0,0,0,270,0,0,0
0,78.105,0,0,0,270,0,0,0
0,78.11239,0,0,0,270,0,0,0
0,78.12728,0,0,0,270,0,0,0
0,78.13447,0,0,0,270,0,0,0
0,78.14756,0,0,0,270,0,0,0
0,78.15701,0,0,0,270,0,0,0
0,78.16983,0,0,0,270,0,0,0
0,78.18497,0,0,0,270,0,0,0
0,78.19012,0,0,0,270,0,0,0
0,78.21593,0,0,0,270,0,0,0
0,78.21986,0,0,0,270,0,0,0
0,78.23653,0,0,0,270,0,0,0
0,78.24516,0,0,0,270,0,0,0
0,78.25906,0,0,0,270,0,0,0
0,78.26723,0,0,0,270,0,0,0
0,78.28163,0,0,0,270,0,0,0
0,78.28957,0,0,0,270,0,0,0
0,78.30232,0,0,0,270,0,0,0
0,78.31174,0,0,0,270,0,0,0
0,78.32633,0,0,0,270,0,0,0
0,78.33405,0,0,0,270,0,0,0
0,78.35131,0,0,0,270,0,0,0
0,78.35633,0,0,0,270,0,0,0
0,78.36968,0,0,0,270,0,0,0
0,78.38302,0,0,0,270,0,0,0
0,78.38929,0,0,0,270,0,0,0
0,78.40249,0,0,0,270,0,0,0
0,78.41183,0,0,0,270,0,0,0
0,78.42641,0,0,0,270,0,0,0
0,78.43408,0,0,0,270,0,0,0
0,78.44907,0,0,0,270,0,0,0
0,78.45629,0,0,0,270,0,0,0
0,78.47092,0,0,0,270,0,0,0
0,78.48721,0,0,0,270,0,0,0
0,78.49054,0,0,0,270,0,0,0
0,78.50664,0,0,0,270,0,0,0
0,78.51155,0,0,0,270,0,0,0
0,78.52462,0,0,0,270,0,0,0
0,78.53368,0,0,0,270,0,0,0
0,78.5469,0,0,0,270,0,0,0
0,78.55639,0,0,0,270,0,0,0
0,78.56947,0,0,0,270,0,0,0
0,78.58494,0,0,0,270,0,0,0
0,78.58928,0,0,0,270,0,0,0
0,78.60341,0,0,0,270,0,0,0
0,78.6115,0,0,0,270,0,0,0
0,78.62558,0,0,0,270,0,0,0
0,78.63377,0,0,0,270,0,0,0
0,78.6485,0,0,0,270,0,0,0
0,78.65627,0,0,0,270,0,0,0
0,78.66952,0,0,0,270,0,0,0
0,78.68233,0,0,0,270,0,0,0
0,78.68913,0,0,0,270,0,0,0
0,78.70441,0,0,0,270,0,0,0
0,78.7115,0,0,0,270,0,0,0
0,78.72728,0,0,0,270,0,0,0
0,78.73369,0,0,0,270,0,0,0
0,78.74669,0,0,0,270,0,0,0
0,78.75674,0,0,0,270,0,0,0
0,78.77158,0,0,0,270,0,0,0
0,78.78562,0,0,0,270,0,0,0
0,78.78909,0,0,0,270,0,0,0
0,78.80307,0,0,0,270,0,0,0
0,78.81149,0,0,0,270,0,0,0
0,78.82576,0,0,0,270,0,0,0
0,78.83439,0,0,0,270,0,0,0
0,78.84906,0,0,0,270,0,0,0
0,78.85623,0,0,0,270,0,0,0
0,78.87954,0,0,0,270,0,0,0
0,78.89421,0,0,0,270,0,0,0
0,78.90939,0,0,0,270,0,0,0
0,78.91258,0,0,0,270,0,0,0
0,78.92671,0,0,0,270,0,0,0
0,78.9336,0,0,0,270,0,0,0
0,78.94672,0,0,0,270,0,0,0
0,78.95591,0,0,0,270,0,0,0
0,78.96893,0,0,0,270,0,0,0
0,78.98255,0,0,0,270,0,0,0
0,78.98968,0,0,0,270,0,0,0
0,79.00502,0,0,0,270,0,0,0
0,79.01138,0,0,0,270,0,0,0
0,79.02541,0,0,0,270,0,0,0
0,79.03345,0,0,0,270,0,0,0
0,79.0464,0,0,0,270,0,0,0
0,79.05615,0,0,0,270,0,0,0
0,79.06949,0,0,0,270,0,0,0
0,79.08375,0,0,0,270,0,0,0
0,79.08929,0,0,0,270,0,0,0
0,79.10368,0,0,0,270,0,0,0
0,79.1114,0,0,0,270,0,0,0
0,79.12541,0,0,0,270,0,0,0
0,79.13361,0,0,0,270,0,0,0
0,79.14827,0,0,0,270,0,0,0
0,79.15604,0,0,0,270,0,0,0
0,79.17076,0,0,0,270,0,0,0
0,79.18527,0,0,0,270,0,0,0
0,79.18907,0,0,0,270,0,0,0
0,79.20299,0,0,0,270,0,0,0
0,79.21128,0,0,0,270,0,0,0
0,79.22439,0,0,0,270,0,0,0
0,79.2334,0,0,0,270,0,0,0
0,79.24628,0,0,0,270,0,0,0
0,79.25597,0,0,0,270,0,0,0
0,79.26865,0,0,0,270,0,0,0
0,79.28184,0,0,0,270,0,0,0
0,79.2891,0,0,0,270,0,0,0
0,79.3043,0,0,0,270,0,0,0
0,79.31168,0,0,0,270,0,0,0
0,79.326,0,0,0,270,0,0,0
0,79.33404,0,0,0,270,0,0,0
0,79.34954,0,0,0,270,0,0,0
0,79.35635,0,0,0,270,0,0,0
0,79.37035,0,0,0,270,0,0,0
0,79.38341,0,0,0,270,0,0,0
0,79.38927,0,0,0,270,0,0,0
0,79.40302,0,0,0,270,0,0,0
0,79.41187,0,0,0,270,0,0,0
0,79.42671,0,0,0,270,0,0,0
0,79.43379,0,0,0,270,0,0,0
0,79.44809,0,0,0,270,0,0,0
0,79.45625,0,0,0,270,0,0,0
0,79.46954,0,0,0,270,0,0,0
0,79.48325,0,0,0,270,0,0,0
0,79.48919,0,0,0,270,0,0,0
0,79.50262,0,0,0,270,0,0,0
0,79.51173,0,0,0,270,0,0,0
0,79.5331,0,0,0,270,0,0,0
0,79.53661,0,0,0,270,0,0,0
0,79.55041,0,0,0,270,0,0,0
0,79.56538,0,0,0,270,0,0,0
0,79.56822,0,0,0,270,0,0,0
0,79.58198,0,0,0,270,0,0,0
0,79.58914,0,0,0,270,0,0,0
0,79.60464,0,0,0,270,0,0,0
0,79.61119,0,0,0,270,0,0,0
0,79.62602,0,0,0,270,0,0,0
0,79.63344,0,0,0,270,0,0,0
0,79.64932,0,0,0,270,0,0,0
0,79.65604,0,0,0,270,0,0,0
0,79.67062,0,0,0,270,0,0,0
0,79.68612,0,0,0,270,0,0,0
0,79.6891,0,0,0,270,0,0,0
0,79.70403,0,0,0,270,0,0,0
0,79.71134,0,0,0,270,0,0,0
0,79.72727,0,0,0,270,0,0,0
0,79.73311,0,0,0,270,0,0,0
0,79.7462,0,0,0,270,0,0,0
0,79.75566,0,0,0,270,0,0,0
0,79.76871,0,0,0,270,0,0,0
0,79.78226,0,0,0,270,0,0,0
0,79.78878,0,0,0,270,0,0,0
0,79.80222,0,0,0,270,0,0,0
0,79.81123,0,0,0,270,0,0,0
0,79.82668,0,0,0,270,0,0,0
0,79.83344,0,0,0,270,0,0,0
0,79.85026,0,0,0,270,0,0,0
0,79.85574,0,0,0,270,0,0,0
0,79.86975,0,0,0,270,0,0,0
0,79.88411,0,0,0,270,0,0,0
0,79.88874,0,0,0,270,0,0,0
0,79.90167,0,0,0,270,0,0,0
0,79.91087,0,0,0,270,0,0,0
0,79.92386,0,0,0,270,0,0,0
0,79.93312,0,0,0,270,0,0,0
0,79.94744,0,0,0,270,0,0,0
0,79.95593,0,0,0,270,0,0,0
0,79.97058,0,0,0,270,0,0,0
0,79.98495,0,0,0,270,0,0,0
0,79.98872,0,0,0,270,0,0,0
0,80.00196,0,0,0,270,0,0,0
0,80.01095,0,0,0,270,0,0,0
0,80.02634,0,0,0,270,0,0,0
0,80.03329,0,0,0,270,0,0,0
0,80.04599,0,0,0,270,0,0,0
0,80.05573,0,0,0,270,0,0,0
0,80.06909,0,0,0,270,0,0,0
0,80.08351,0,0,0,270,0,0,0
0,80.08915,0,0,0,270,0,0,0
0,80.10399,0,0,0,270,0,0,0
0,80.1113,0,0,0,270,0,0,0
0,80.12595,0,0,0,270,0,0,0
0,80.13363,0,0,0,270,0,0,0
0,80.14845,0,0,0,270,0,0,0
0,80.15588,0,0,0,270,0,0,0
0,80.17113,0,0,0,270,0,0,0
0,80.18466,0,0,0,270,0,0,0
0,80.1889,0,0,0,270,0,0,0
0,80.20976,0,0,0,270,0,0,0
0,80.21659,0,0,0,270,0,0,0
0,80.23853,0,0,0,270,0,0,0
0,80.25276,0,0,0,270,0,0,0
0,80.2694,0,0,0,270,0,0,0
0,80.27774,0,0,0,270,0,0,0
0,80.29324,0,0,0,270,0,0,0
0,80.31107,0,0,0,270,0,0,0
0,80.32221,0,0,0,270,0,0,0
0,80.33625,0,0,0,270,0,0,0
0,80.3513,0,0,0,270,0,0,0
0,80.36679,0,0,0,270,0,0,0
0,80.37047,0,0,0,270,0,0,0
0,80.38446,0,0,0,270,0,0,0
0,80.3885,0,0,0,270,0,0,0
0,80.40344,0,0,0,270,0,0,0
0,80.41106,0,0,0,270,0,0,0
0,80.4239,0,0,0,270,0,0,0
0,80.43292,0,0,0,270,0,0,0
0,80.44606,0,0,0,270,0,0,0
0,80.45547,0,0,0,270,0,0,0
0,80.46871,0,0,0,270,0,0,0
0,80.48262,0,0,0,270,0,0,0
0,80.4884,0,0,0,270,0,0,0
0,80.50152,0,0,0,270,0,0,0
0,80.51072,0,0,0,270,0,0,0
0,80.52646,0,0,0,270,0,0,0
0,80.533,0,0,0,270,0,0,0
0,80.54623,0,0,0,270,0,0,0
0,80.55533,0,0,0,270,0,0,0
0,80.57113,0,0,0,270,0,0,0
0,80.5848,0,0,0,270,0,0,0
0,80.58829,0,0,0,270,0,0,0
0,80.60203,0,0,0,270,0,0,0
0,80.61063,0,0,0,270,0,0,0
0,80.62458,0,0,0,270,0,0,0
0,80.63284,0,0,0,270,0,0,0
0,80.64662,0,0,0,270,0,0,0
0,80.6553,0,0,0,270,0,0,0
0,80.67961,0,0,0,270,0,0,0
0,80.69478,0,0,0,270,0,0,0
0,80.70864,0,0,0,270,0,0,0
0,80.72266,0,0,0,270,0,0,0
0,80.73285,0,0,0,270,0,0,0
0,80.747,0,0,0,270,0,0,0
0,80.75547,0,0,0,270,0,0,0
0,80.77,0,0,0,270,0,0,0
0,80.78368,0,0,0,270,0,0,0
0,80.78859,0,0,0,270,0,0,0
0,80.80228,0,0,0,270,0,0,0
0,80.81059,0,0,0,270,0,0,0
0,80.82407,0,0,0,270,0,0,0
0,80.83298,0,0,0,270,0,0,0
0,80.847,0,0,0,270,0,0,0
0,80.85523,0,0,0,270,0,0,0
0,80.86827,0,0,0,270,0,0,0
0,80.88154,0,0,0,270,0,0,0
0,80.88828,0,0,0,270,0,0,0
0,80.90159,0,0,0,270,0,0,0
0,80.91064,0,0,0,270,0,0,0
0,80.92494,0,0,0,270,0,0,0
0,80.93269,0,0,0,270,0,0,0
0,80.94589,0,0,0,270,0,0,0
0,80.95529,0,0,0,270,0,0,0
0,80.96938,0,0,0,270,0,0,0
0,80.9836,0,0,0,270,0,0,0
0,80.98863,0,0,0,270,0,0,0
0,81.00177,0,0,0,270,0,0,0
0,81.01051,0,0,0,270,0,0,0
0,81.02496,0,0,0,270,0,0,0
0,81.03269,0,0,0,270,0,0,0
0,81.04993,0,0,0,270,0,0,0
0,81.05548,0,0,0,270,0,0,0
0,81.07215,0,0,0,270,0,0,0
0,81.08771,0,0,0,270,0,0,0
0,81.0906,0,0,0,270,0,0,0
0,81.10529,0,0,0,270,0,0,0
0,81.11053,0,0,0,270,0,0,0
0,81.12569,0,0,0,270,0,0,0
0,81.13301,0,0,0,270,0,0,0
0,81.15607,0,0,0,270,0,0,0
0,81.15999,0,0,0,270,0,0,0
0,81.17767,0,0,0,270,0,0,0
0,81.18049,0,0,0,270,0,0,0
0,81.1954,0,0,0,270,0,0,0
0,81.1993,0,0,0,270,0,0,0
0,81.21488,0,0,0,270,0,0,0
0,81.22159,0,0,0,270,0,0,0
0,81.23631,0,0,0,270,0,0,0
0,81.24397,0,0,0,270,0,0,0
0,81.25938,0,0,0,270,0,0,0
0,81.26598,0,0,0,270,0,0,0
0,81.28128,0,0,0,270,0,0,0
0,81.2886,0,0,0,270,0,0,0
0,81.30546,0,0,0,270,0,0,0
0,81.311,0,0,0,270,0,0,0
0,81.32854,0,0,0,270,0,0,0
0,81.33289,0,0,0,270,0,0,0
0,81.35256,0,0,0,270,0,0,0
0,81.35642,0,0,0,270,0,0,0
0,81.37225,0,0,0,270,0,0,0
0,81.38996,0,0,0,270,0,0,0
0,81.40031,0,0,0,270,0,0,0
0,81.41482,0,0,0,270,0,0,0
0,81.42857,0,0,0,270,0,0,0
0,81.44244,0,0,0,270,0,0,0
0,81.44534,0,0,0,270,0,0,0
0,81.45857,0,0,0,270,0,0,0
0,81.46586,0,0,0,270,0,0,0
0,81.47929,0,0,0,270,0,0,0
0,81.4879,0,0,0,270,0,0,0
0,81.5006,0,0,0,270,0,0,0
0,81.51031,0,0,0,270,0,0,0
0,81.52427,0,0,0,270,0,0,0
0,81.53241,0,0,0,270,0,0,0
0,81.54826,0,0,0,270,0,0,0
0,81.55524,0,0,0,270,0,0,0
0,81.56942,0,0,0,270,0,0,0
0,81.58421,0,0,0,270,0,0,0
0,81.58792,0,0,0,270,0,0,0
0,81.60224,0,0,0,270,0,0,0
0,81.61015,0,0,0,270,0,0,0
0,81.62338,0,0,0,270,0,0,0
0,81.63271,0,0,0,270,0,0,0
0,81.65327,0,0,0,270,0,0,0
0,81.65726,0,0,0,270,0,0,0
0,81.67038,0,0,0,270,0,0,0
0,81.68679,0,0,0,270,0,0,0
0,81.68994,0,0,0,270,0,0,0
0,81.7037,0,0,0,270,0,0,0
0,81.71043,0,0,0,270,0,0,0
0,81.72476,0,0,0,270,0,0,0
0,81.73236,0,0,0,270,0,0,0
0,81.7456,0,0,0,270,0,0,0
0,81.75494,0,0,0,270,0,0,0
0,81.77145,0,0,0,270,0,0,0
0,81.78596,0,0,0,270,0,0,0
0,81.789,0,0,0,270,0,0,0
0,81.80326,0,0,0,270,0,0,0
0,81.8101,0,0,0,270,0,0,0
0,81.82451,0,0,0,270,0,0,0
0,81.83234,0,0,0,270,0,0,0
0,81.84638,0,0,0,270,0,0,0
0,81.85493,0,0,0,270,0,0,0
0,81.86795,0,0,0,270,0,0,0
0,81.88151,0,0,0,270,0,0,0
0,81.88796,0,0,0,270,0,0,0
0,81.90076,0,0,0,270,0,0,0
0,81.9101,0,0,0,270,0,0,0
0,81.92323,0,0,0,270,0,0,0
0,81.93233,0,0,0,270,0,0,0
0,81.94841,0,0,0,270,0,0,0
0,81.95502,0,0,0,270,0,0,0
0,81.96844,0,0,0,270,0,0,0
0,81.98179,0,0,0,270,0,0,0
0,81.98773,0,0,0,270,0,0,0
0,82.00237,0,0,0,270,0,0,0
0,82.01004,0,0,0,270,0,0,0
0,82.02388,0,0,0,270,0,0,0
0,82.0322,0,0,0,270,0,0,0
0,82.0468,0,0,0,270,0,0,0
0,82.05442,0,0,0,270,0,0,0
0,82.069,0,0,0,270,0,0,0
0,82.077,0,0,0,270,0,0,0
0,82.0909,0,0,0,270,0,0,0
0,82.10478,0,0,0,270,0,0,0
0,82.1099,0,0,0,270,0,0,0
0,82.12295,0,0,0,270,0,0,0
0,82.13224,0,0,0,270,0,0,0
0,82.15354,0,0,0,270,0,0,0
0,82.15747,0,0,0,270,0,0,0
0,82.17135,0,0,0,270,0,0,0
0,82.18474,0,0,0,270,0,0,0
0,82.18773,0,0,0,270,0,0,0
0,82.20168,0,0,0,270,0,0,0
0,82.20992,0,0,0,270,0,0,0
0,82.22417,0,0,0,270,0,0,0
0,82.23214,0,0,0,270,0,0,0
0,82.24564,0,0,0,270,0,0,0
0,82.2543,0,0,0,270,0,0,0
0,82.26761,0,0,0,270,0,0,0
0,82.27691,0,0,0,270,0,0,0
0,82.28976,0,0,0,270,0,0,0
0,82.30595,0,0,0,270,0,0,0
0,82.31004,0,0,0,270,0,0,0
0,82.32418,0,0,0,270,0,0,0
0,82.33222,0,0,0,270,0,0,0
0,82.34726,0,0,0,270,0,0,0
0,82.35435,0,0,0,270,0,0,0
0,82.36913,0,0,0,270,0,0,0
0,82.3767,0,0,0,270,0,0,0
0,82.3905,0,0,0,270,0,0,0
0,82.40659,0,0,0,270,0,0,0
0,82.40978,0,0,0,270,0,0,0
0,82.42419,0,0,0,270,0,0,0
0,82.43217,0,0,0,270,0,0,0
0,82.44737,0,0,0,270,0,0,0
0,82.45422,0,0,0,270,0,0,0
0,82.46815,0,0,0,270,0,0,0
0,82.47721,0,0,0,270,0,0,0
0,82.49189,0,0,0,270,0,0,0
0,82.50525,0,0,0,270,0,0,0
0,82.51025,0,0,0,270,0,0,0
0,82.52441,0,0,0,270,0,0,0
0,82.53206,0,0,0,270,0,0,0
0,82.54555,0,0,0,270,0,0,0
0,82.5544,0,0,0,270,0,0,0
0,82.56857,0,0,0,270,0,0,0
0,82.577,0,0,0,270,0,0,0
0,82.59105,0,0,0,270,0,0,0
0,82.60605,0,0,0,270,0,0,0
0,82.61002,0,0,0,270,0,0,0
0,82.62353,0,0,0,270,0,0,0
0,82.63247,0,0,0,270,0,0,0
0,82.64768,0,0,0,270,0,0,0
0,82.6545,0,0,0,270,0,0,0
0,82.67615,0,0,0,270,0,0,0
0,82.67945,0,0,0,270,0,0,0
0,82.6993,0,0,0,270,0,0,0
0,82.70223,0,0,0,270,0,0,0
0,82.71779,0,0,0,270,0,0,0
0,82.72089,0,0,0,270,0,0,0
0,82.7349,0,0,0,270,0,0,0
0,82.74305,0,0,0,270,0,0,0
0,82.75665,0,0,0,270,0,0,0
0,82.76526,0,0,0,270,0,0,0
0,82.77851,0,0,0,270,0,0,0
0,82.78749,0,0,0,270,0,0,0
0,82.80112,0,0,0,270,0,0,0
0,82.80972,0,0,0,270,0,0,0
0,82.82353,0,0,0,270,0,0,0
0,82.83196,0,0,0,270,0,0,0
0,82.84714,0,0,0,270,0,0,0
0,82.85422,0,0,0,270,0,0,0
0,82.86996,0,0,0,270,0,0,0
0,82.87657,0,0,0,270,0,0,0
0,82.88931,0,0,0,270,0,0,0
0,82.90208,0,0,0,270,0,0,0
0,82.90966,0,0,0,270,0,0,0
0,82.92291,0,0,0,270,0,0,0
0,82.932,0,0,0,270,0,0,0
0,82.94594,0,0,0,270,0,0,0
0,82.95406,0,0,0,270,0,0,0
0,82.96751,0,0,0,270,0,0,0
0,82.97666,0,0,0,270,0,0,0
0,82.9917,0,0,0,270,0,0,0
0,83.00769,0,0,0,270,0,0,0
0,83.01038,0,0,0,270,0,0,0
0,83.02374,0,0,0,270,0,0,0
0,83.03207,0,0,0,270,0,0,0
0,83.04494,0,0,0,270,0,0,0
0,83.05396,0,0,0,270,0,0,0
0,83.06966,0,0,0,270,0,0,0
0,83.07649,0,0,0,270,0,0,0
0,83.09078,0,0,0,270,0,0,0
0,83.10478,0,0,0,270,0,0,0
0,83.10964,0,0,0,270,0,0,0
0,83.12289,0,0,0,270,0,0,0
0,83.13177,0,0,0,270,0,0,0
0,83.14594,0,0,0,270,0,0,0
0,83.15402,0,0,0,270,0,0,0
0,83.16927,0,0,0,270,0,0,0
0,83.17657,0,0,0,270,0,0,0
0,83.19016,0,0,0,270,0,0,0
0,83.21075,0,0,0,270,0,0,0
0,83.21377,0,0,0,270,0,0,0
0,83.22723,0,0,0,270,0,0,0
0,83.23161,0,0,0,270,0,0,0
0,83.24652,0,0,0,270,0,0,0
0,83.25393,0,0,0,270,0,0,0
0,83.26931,0,0,0,270,0,0,0
0,83.27634,0,0,0,270,0,0,0
0,83.291,0,0,0,270,0,0,0
0,83.3057,0,0,0,270,0,0,0
0,83.30934,0,0,0,270,0,0,0
0,83.32316,0,0,0,270,0,0,0
0,83.33188,0,0,0,270,0,0,0
0,83.3467,0,0,0,270,0,0,0
0,83.35405,0,0,0,270,0,0,0
0,83.3683,0,0,0,270,0,0,0
0,83.37659,0,0,0,270,0,0,0
0,83.39056,0,0,0,270,0,0,0
0,83.40475,0,0,0,270,0,0,0
0,83.40996,0,0,0,270,0,0,0
0,83.42622,0,0,0,270,0,0,0
0,83.43171,0,0,0,270,0,0,0
0,83.44538,0,0,0,270,0,0,0
0,83.45395,0,0,0,270,0,0,0
0,83.46654,0,0,0,270,0,0,0
0,83.47629,0,0,0,270,0,0,0
0,83.49039,0,0,0,270,0,0,0
0,83.50414,0,0,0,270,0,0,0
0,83.50944,0,0,0,270,0,0,0
0,83.52381,0,0,0,270,0,0,0
0,83.53174,0,0,0,270,0,0,0
0,83.54478,0,0,0,270,0,0,0
0,83.55431,0,0,0,270,0,0,0
0,83.56792,0,0,0,270,0,0,0
0,83.57628,0,0,0,270,0,0,0
0,83.59087,0,0,0,270,0,0,0
0,83.60419,0,0,0,270,0,0,0
0,83.60959,0,0,0,270,0,0,0
0,83.62257,0,0,0,270,0,0,0
0,83.63217,0,0,0,270,0,0,0
0,83.64544,0,0,0,270,0,0,0
0,83.65428,0,0,0,270,0,0,0
0,83.6686,0,0,0,270,0,0,0
0,83.67729,0,0,0,270,0,0,0
0,83.69097,0,0,0,270,0,0,0
0,83.70474,0,0,0,270,0,0,0
0,83.71066,0,0,0,270,0,0,0
0,83.72607,0,0,0,270,0,0,0
0,83.73299,0,0,0,270,0,0,0
0,83.75611,0,0,0,270,0,0,0
0,83.76022,0,0,0,270,0,0,0
0,83.77572,0,0,0,270,0,0,0
0,83.77903,0,0,0,270,0,0,0
0,83.79359,0,0,0,270,0,0,0
0,83.79833,0,0,0,270,0,0,0
0,83.80938,0,0,0,270,0,0,0
0,83.82495,0,0,0,270,0,0,0
0,83.83154,0,0,0,270,0,0,0
0,83.84459,0,0,0,270,0,0,0
0,83.85373,0,0,0,270,0,0,0
0,83.87141,0,0,0,270,0,0,0
0,83.8765,0,0,0,270,0,0,0
0,83.8922,0,0,0,270,0,0,0
0,83.90806,0,0,0,270,0,0,0
0,83.91111,0,0,0,270,0,0,0
0,83.92489,0,0,0,270,0,0,0
0,83.93143,0,0,0,270,0,0,0
0,83.9445,0,0,0,270,0,0,0
0,83.95351,0,0,0,270,0,0,0
0,83.96666,0,0,0,270,0,0,0
0,83.9762,0,0,0,270,0,0,0
0,83.99039,0,0,0,270,0,0,0
0,84.00495,0,0,0,270,0,0,0
0,84.00919,0,0,0,270,0,0,0
0,84.02287,0,0,0,270,0,0,0
0,84.03126,0,0,0,270,0,0,0
0,84.04462,0,0,0,270,0,0,0
0,84.05347,0,0,0,270,0,0,0
0,84.06748,0,0,0,270,0,0,0
0,84.07612,0,0,0,270,0,0,0
0,84.09165,0,0,0,270,0,0,0
0,84.1062,0,0,0,270,0,0,0
0,84.10899,0,0,0,270,0,0,0
0,84.12249,0,0,0,270,0,0,0
0,84.13139,0,0,0,270,0,0,0
0,84.14666,0,0,0,270,0,0,0
0,84.15341,0,0,0,270,0,0,0
0,84.16742,0,0,0,270,0,0,0
0,84.1767,0,0,0,270,0,0,0
0,84.18939,0,0,0,270,0,0,0
0,84.20271,0,0,0,270,0,0,0
0,84.20919,0,0,0,270,0,0,0
0,84.22508,0,0,0,270,0,0,0
0,84.23123,0,0,0,270,0,0,0
0,84.24648,0,0,0,270,0,0,0
0,84.25423,0,0,0,270,0,0,0
0,84.26791,0,0,0,270,0,0,0
0,84.27606,0,0,0,270,0,0,0
0,84.29099,0,0,0,270,0,0,0
0,84.30654,0,0,0,270,0,0,0
0,84.30969,0,0,0,270,0,0,0
0,84.33453,0,0,0,270,0,0,0
0,84.33822,0,0,0,270,0,0,0
0,84.35177,0,0,0,270,0,0,0
0,84.36486,0,0,0,270,0,0,0
0,84.36797,0,0,0,270,0,0,0
0,84.38264,0,0,0,270,0,0,0
0,84.38668,0,0,0,270,0,0,0
0,84.40164,0,0,0,270,0,0,0
0,84.40897,0,0,0,270,0,0,0
0,84.42262,0,0,0,270,0,0,0
0,84.43193,0,0,0,270,0,0,0
0,84.44617,0,0,0,270,0,0,0
0,84.45354,0,0,0,270,0,0,0
0,84.46839,0,0,0,270,0,0,0
0,84.47601,0,0,0,270,0,0,0
0,84.49023,0,0,0,270,0,0,0
0,84.5036,0,0,0,270,0,0,0
0,84.50916,0,0,0,270,0,0,0
0,84.52248,0,0,0,270,0,0,0
0,84.53115,0,0,0,270,0,0,0
0,84.54473,0,0,0,270,0,0,0
0,84.55432,0,0,0,270,0,0,0
0,84.56985,0,0,0,270,0,0,0
0,84.57594,0,0,0,270,0,0,0
0,84.59019,0,0,0,270,0,0,0
0,84.60575,0,0,0,270,0,0,0
0,84.60899,0,0,0,270,0,0,0
0,84.6253,0,0,0,270,0,0,0
0,84.6311,0,0,0,270,0,0,0
0,84.64367,0,0,0,270,0,0,0
0,84.65326,0,0,0,270,0,0,0
0,84.66653,0,0,0,270,0,0,0
0,84.67592,0,0,0,270,0,0,0
0,84.69009,0,0,0,270,0,0,0
0,84.7046,0,0,0,270,0,0,0
0,84.70906,0,0,0,270,0,0,0
0,84.72243,0,0,0,270,0,0,0
0,84.73106,0,0,0,270,0,0,0
0,84.74717,0,0,0,270,0,0,0
0,84.75404,0,0,0,270,0,0,0
0,84.77172,0,0,0,270,0,0,0
0,84.77601,0,0,0,270,0,0,0
0,84.78991,0,0,0,270,0,0,0
0,84.80388,0,0,0,270,0,0,0
0,84.80872,0,0,0,270,0,0,0
0,84.82422,0,0,0,270,0,0,0
0,84.83154,0,0,0,270,0,0,0
0,84.84846,0,0,0,270,0,0,0
0,84.85316,0,0,0,270,0,0,0
0,84.8676,0,0,0,270,0,0,0
0,84.8756,0,0,0,270,0,0,0
0,84.89105,0,0,0,270,0,0,0
0,84.91193,0,0,0,270,0,0,0
0,84.91522,0,0,0,270,0,0,0
0,84.92952,0,0,0,270,0,0,0
0,84.9441,0,0,0,270,0,0,0
0,84.95309,0,0,0,270,0,0,0
0,84.96687,0,0,0,270,0,0,0
0,84.9756,0,0,0,270,0,0,0
0,84.9913,0,0,0,270,0,0,0
0,85.00565,0,0,0,270,0,0,0
0,85.0089,0,0,0,270,0,0,0
0,85.02237,0,0,0,270,0,0,0
0,85.03094,0,0,0,270,0,0,0
0,85.04434,0,0,0,270,0,0,0
0,85.05333,0,0,0,270,0,0,0
0,85.06758,0,0,0,270,0,0,0
0,85.07551,0,0,0,270,0,0,0
0,85.08901,0,0,0,270,0,0,0
0,85.10313,0,0,0,270,0,0,0
0,85.10864,0,0,0,270,0,0,0
0,85.12186,0,0,0,270,0,0,0
0,85.13091,0,0,0,270,0,0,0
0,85.14447,0,0,0,270,0,0,0
0,85.15318,0,0,0,270,0,0,0
0,85.16833,0,0,0,270,0,0,0
0,85.17566,0,0,0,270,0,0,0
0,85.19128,0,0,0,270,0,0,0
0,85.20602,0,0,0,270,0,0,0
0,85.20979,0,0,0,270,0,0,0
0,85.22523,0,0,0,270,0,0,0
0,85.23074,0,0,0,270,0,0,0
0,85.24389,0,0,0,270,0,0,0
0,85.25408,0,0,0,270,0,0,0
0,85.26844,0,0,0,270,0,0,0
0,85.27544,0,0,0,270,0,0,0
0,85.28836,0,0,0,270,0,0,0
0,85.30207,0,0,0,270,0,0,0
0,85.30873,0,0,0,270,0,0,0
0,85.32444,0,0,0,270,0,0,0
0,85.33073,0,0,0,270,0,0,0
0,85.34514,0,0,0,270,0,0,0
0,85.35296,0,0,0,270,0,0,0
0,85.36676,0,0,0,270,0,0,0
0,85.37557,0,0,0,270,0,0,0
0,85.39403,0,0,0,270,0,0,0
0,85.4105,0,0,0,270,0,0,0
0,85.41988,0,0,0,270,0,0,0
0,85.43423,0,0,0,270,0,0,0
0,85.45177,0,0,0,270,0,0,0
0,85.45495,0,0,0,270,0,0,0
0,85.47135,0,0,0,270,0,0,0
0,85.48634,0,0,0,270,0,0,0
0,85.48956,0,0,0,270,0,0,0
0,85.51089,0,0,0,270,0,0,0
0,85.51405,0,0,0,270,0,0,0
0,85.52841,0,0,0,270,0,0,0
0,85.53163,0,0,0,270,0,0,0
0,85.54647,0,0,0,270,0,0,0
0,85.5529,0,0,0,270,0,0,0
0,85.56553,0,0,0,270,0,0,0
0,85.57528,0,0,0,270,0,0,0
0,85.58788,0,0,0,270,0,0,0
0,85.60093,0,0,0,270,0,0,0
0,85.60831,0,0,0,270,0,0,0
0,85.62241,0,0,0,270,0,0,0
0,85.63119,0,0,0,270,0,0,0
0,85.64451,0,0,0,270,0,0,0
0,85.65285,0,0,0,270,0,0,0
0,85.66595,0,0,0,270,0,0,0
0,85.67518,0,0,0,270,0,0,0
0,85.68844,0,0,0,270,0,0,0
0,85.70328,0,0,0,270,0,0,0
0,85.70853,0,0,0,270,0,0,0
0,85.72325,0,0,0,270,0,0,0
0,85.73078,0,0,0,270,0,0,0
0,85.74834,0,0,0,270,0,0,0
0,85.75268,0,0,0,270,0,0,0
0,85.7691,0,0,0,270,0,0,0
0,85.77519,0,0,0,270,0,0,0
0,85.78814,0,0,0,270,0,0,0
0,85.80089,0,0,0,270,0,0,0
0,85.80831,0,0,0,270,0,0,0
0,85.82238,0,0,0,270,0,0,0
0,85.83066,0,0,0,270,0,0,0
0,85.84602,0,0,0,270,0,0,0
0,85.85301,0,0,0,270,0,0,0
0,85.86671,0,0,0,270,0,0,0
0,85.87525,0,0,0,270,0,0,0
0,85.88844,0,0,0,270,0,0,0
0,85.90478,0,0,0,270,0,0,0
0,85.90853,0,0,0,270,0,0,0
0,85.92464,0,0,0,270,0,0,0
0,85.93067,0,0,0,270,0,0,0
0,85.94469,0,0,0,270,0,0,0
0,85.95303,0,0,0,270,0,0,0
0,85.96643,0,0,0,270,0,0,0
0,85.97552,0,0,0,270,0,0,0
0,85.98866,0,0,0,270,0,0,0
0,86.0028,0,0,0,270,0,0,0
0,86.00877,0,0,0,270,0,0,0
0,86.02235,0,0,0,270,0,0,0
0,86.03098,0,0,0,270,0,0,0
0,86.04382,0,0,0,270,0,0,0
0,86.05308,0,0,0,270,0,0,0
0,86.06776,0,0,0,270,0,0,0
0,86.07554,0,0,0,270,0,0,0
0,86.08974,0,0,0,270,0,0,0
0,86.10835,0,0,0,270,0,0,0
0,86.11176,0,0,0,270,0,0,0
0,86.13923,0,0,0,270,0,0,0
0,86.14275,0,0,0,270,0,0,0
0,86.15736,0,0,0,270,0,0,0
0,86.16399,0,0,0,270,0,0,0
0,86.17921,0,0,0,270,0,0,0
0,86.18604,0,0,0,270,0,0,0
0,86.20158,0,0,0,270,0,0,0
0,86.2095,0,0,0,270,0,0,0
0,86.22707,0,0,0,270,0,0,0
0,86.23275,0,0,0,270,0,0,0
0,86.24944,0,0,0,270,0,0,0
0,86.2527,0,0,0,270,0,0,0
0,86.26773,0,0,0,270,0,0,0
0,86.27532,0,0,0,270,0,0,0
0,86.28982,0,0,0,270,0,0,0
0,86.30637,0,0,0,270,0,0,0
0,86.3101,0,0,0,270,0,0,0
0,86.32753,0,0,0,270,0,0,0
0,86.33104,0,0,0,270,0,0,0
0,86.3466,0,0,0,270,0,0,0
0,86.35258,0,0,0,270,0,0,0
0,86.36817,0,0,0,270,0,0,0
0,86.37491,0,0,0,270,0,0,0
0,86.38813,0,0,0,270,0,0,0
0,86.40379,0,0,0,270,0,0,0
0,86.40842,0,0,0,270,0,0,0
0,86.42544,0,0,0,270,0,0,0
0,86.43079,0,0,0,270,0,0,0
0,86.44634,0,0,0,270,0,0,0
0,86.4526,0,0,0,270,0,0,0
0,86.46726,0,0,0,270,0,0,0
0,86.4749,0,0,0,270,0,0,0
0,86.48987,0,0,0,270,0,0,0
0,86.50659,0,0,0,270,0,0,0
0,86.50912,0,0,0,270,0,0,0
0,86.52225,0,0,0,270,0,0,0
0,86.53017,0,0,0,270,0,0,0
0,86.54324,0,0,0,270,0,0,0
0,86.55235,0,0,0,270,0,0,0
0,86.56519,0,0,0,270,0,0,0
0,86.57489,0,0,0,270,0,0,0
0,86.58865,0,0,0,270,0,0,0
0,86.60155,0,0,0,270,0,0,0
0,86.60788,0,0,0,270,0,0,0
0,86.62123,0,0,0,270,0,0,0
0,86.63036,0,0,0,270,0,0,0
0,86.64417,0,0,0,270,0,0,0
0,86.65245,0,0,0,270,0,0,0
0,86.66616,0,0,0,270,0,0,0
0,86.67488,0,0,0,270,0,0,0
0,86.68847,0,0,0,270,0,0,0
0,86.70293,0,0,0,270,0,0,0
0,86.7088,0,0,0,270,0,0,0
0,86.72493,0,0,0,270,0,0,0
0,86.73032,0,0,0,270,0,0,0
0,86.74453,0,0,0,270,0,0,0
0,86.75251,0,0,0,270,0,0,0
0,86.76762,0,0,0,270,0,0,0
0,86.77531,0,0,0,270,0,0,0
0,86.79735,0,0,0,270,0,0,0
0,86.8129,0,0,0,270,0,0,0
0,86.82784,0,0,0,270,0,0,0
0,86.83033,0,0,0,270,0,0,0
0,86.84319,0,0,0,270,0,0,0
0,86.85269,0,0,0,270,0,0,0
0,86.86731,0,0,0,270,0,0,0
0,86.87439,0,0,0,270,0,0,0
0,86.88781,0,0,0,270,0,0,0
0,86.89713,0,0,0,270,0,0,0
0,86.91197,0,0,0,270,0,0,0
0,86.92848,0,0,0,270,0,0,0
0,86.93209,0,0,0,270,0,0,0
0,86.94696,0,0,0,270,0,0,0
0,86.95228,0,0,0,270,0,0,0
0,86.96604,0,0,0,270,0,0,0
0,86.97475,0,0,0,270,0,0,0
0,86.98767,0,0,0,270,0,0,0
0,87.00082,0,0,0,270,0,0,0
0,87.0079,0,0,0,270,0,0,0
0,87.02288,0,0,0,270,0,0,0
0,87.03004,0,0,0,270,0,0,0
0,87.04444,0,0,0,270,0,0,0
0,87.05234,0,0,0,270,0,0,0
0,87.06826,0,0,0,270,0,0,0
0,87.07487,0,0,0,270,0,0,0
0,87.08797,0,0,0,270,0,0,0
0,87.10129,0,0,0,270,0,0,0
0,87.1077,0,0,0,270,0,0,0
0,87.1207,0,0,0,270,0,0,0
0,87.13033,0,0,0,270,0,0,0
0,87.14325,0,0,0,270,0,0,0
0,87.15224,0,0,0,270,0,0,0
0,87.16557,0,0,0,270,0,0,0
0,87.1744,0,0,0,270,0,0,0
0,87.18737,0,0,0,270,0,0,0
0,87.19688,0,0,0,270,0,0,0
0,87.20982,0,0,0,270,0,0,0
0,87.22396,0,0,0,270,0,0,0
0,87.2299,0,0,0,270,0,0,0
0,87.24355,0,0,0,270,0,0,0
0,87.25227,0,0,0,270,0,0,0
0,87.26553,0,0,0,270,0,0,0
0,87.27438,0,0,0,270,0,0,0
0,87.28719,0,0,0,270,0,0,0
0,87.29684,0,0,0,270,0,0,0
0,87.30934,0,0,0,270,0,0,0
0,87.32305,0,0,0,270,0,0,0
0,87.3328,0,0,0,270,0,0,0
0,87.34761,0,0,0,270,0,0,0
0,87.35302,0,0,0,270,0,0,0
0,87.36948,0,0,0,270,0,0,0
0,87.37637,0,0,0,270,0,0,0
0,87.39064,0,0,0,270,0,0,0
0,87.40451,0,0,0,270,0,0,0
0,87.41045,0,0,0,270,0,0,0
0,87.42499,0,0,0,270,0,0,0
0,87.4322,0,0,0,270,0,0,0
0,87.45689,0,0,0,270,0,0,0
0,87.46045,0,0,0,270,0,0,0
0,87.47736,0,0,0,270,0,0,0
0,87.48557,0,0,0,270,0,0,0
0,87.50172,0,0,0,270,0,0,0
0,87.50776,0,0,0,270,0,0,0
0,87.52203,0,0,0,270,0,0,0
0,87.53,0,0,0,270,0,0,0
0,87.54391,0,0,0,270,0,0,0
0,87.55234,0,0,0,270,0,0,0
0,87.56822,0,0,0,270,0,0,0
0,87.57417,0,0,0,270,0,0,0
0,87.58923,0,0,0,270,0,0,0
0,87.59664,0,0,0,270,0,0,0
0,87.60946,0,0,0,270,0,0,0
0,87.62605,0,0,0,270,0,0,0
0,87.62987,0,0,0,270,0,0,0
0,87.64287,0,0,0,270,0,0,0
0,87.65194,0,0,0,270,0,0,0
0,87.66476,0,0,0,270,0,0,0
0,87.67426,0,0,0,270,0,0,0
0,87.68885,0,0,0,270,0,0,0
0,87.69656,0,0,0,270,0,0,0
0,87.71155,0,0,0,270,0,0,0
0,87.72629,0,0,0,270,0,0,0
0,87.72965,0,0,0,270,0,0,0
0,87.74393,0,0,0,270,0,0,0
0,87.75285,0,0,0,270,0,0,0
0,87.76662,0,0,0,270,0,0,0
0,87.77439,0,0,0,270,0,0,0
0,87.78895,0,0,0,270,0,0,0
0,87.79662,0,0,0,270,0,0,0
0,87.80972,0,0,0,270,0,0,0
0,87.82391,0,0,0,270,0,0,0
0,87.82965,0,0,0,270,0,0,0
0,87.84253,0,0,0,270,0,0,0
0,87.85204,0,0,0,270,0,0,0
0,87.86874,0,0,0,270,0,0,0
0,87.87439,0,0,0,270,0,0,0
0,87.8896,0,0,0,270,0,0,0
0,87.89702,0,0,0,270,0,0,0
0,87.91069,0,0,0,270,0,0,0
0,87.92551,0,0,0,270,0,0,0
0,87.93045,0,0,0,270,0,0,0
0,87.94424,0,0,0,270,0,0,0
0,87.95228,0,0,0,270,0,0,0
0,87.96719,0,0,0,270,0,0,0
0,87.97476,0,0,0,270,0,0,0
0,87.98839,0,0,0,270,0,0,0
0,88.00162,0,0,0,270,0,0,0
0,88.01647,0,0,0,270,0,0,0
0,88.03096,0,0,0,270,0,0,0
0,88.04492,0,0,0,270,0,0,0
0,88.05911,0,0,0,270,0,0,0
0,88.07281,0,0,0,270,0,0,0
0,88.08739,0,0,0,270,0,0,0
0,88.11203,0,0,0,270,0,0,0
0,88.13255,0,0,0,270,0,0,0
0,88.15292,0,0,0,270,0,0,0
0,88.16627,0,0,0,270,0,0,0
0,88.17972,0,0,0,270,0,0,0
0,88.19295,0,0,0,270,0,0,0
0,88.20609,0,0,0,270,0,0,0
0,88.209,0,0,0,270,0,0,0
0,88.22281,0,0,0,270,0,0,0
0,88.2296,0,0,0,270,0,0,0
0,88.24351,0,0,0,270,0,0,0
0,88.25219,0,0,0,270,0,0,0
0,88.26676,0,0,0,270,0,0,0
0,88.27392,0,0,0,270,0,0,0
0,88.28726,0,0,0,270,0,0,0
0,88.29675,0,0,0,270,0,0,0
0,88.30938,0,0,0,270,0,0,0
0,88.32441,0,0,0,270,0,0,0
0,88.32944,0,0,0,270,0,0,0
0,88.34328,0,0,0,270,0,0,0
0,88.35164,0,0,0,270,0,0,0
0,88.36475,0,0,0,270,0,0,0
0,88.37413,0,0,0,270,0,0,0
0,88.38817,0,0,0,270,0,0,0
0,88.39645,0,0,0,270,0,0,0
0,88.40958,0,0,0,270,0,0,0
0,88.424,0,0,0,270,0,0,0
0,88.42965,0,0,0,270,0,0,0
0,88.44458,0,0,0,270,0,0,0
0,88.4517,0,0,0,270,0,0,0
0,88.46806,0,0,0,270,0,0,0
0,88.47393,0,0,0,270,0,0,0
0,88.48818,0,0,0,270,0,0,0
0,88.49661,0,0,0,270,0,0,0
0,88.51308,0,0,0,270,0,0,0
0,88.52932,0,0,0,270,0,0,0
0,88.53195,0,0,0,270,0,0,0
0,88.55419,0,0,0,270,0,0,0
0,88.55793,0,0,0,270,0,0,0
0,88.57284,0,0,0,270,0,0,0
0,88.58799,0,0,0,270,0,0,0
0,88.59621,0,0,0,270,0,0,0
0,88.60958,0,0,0,270,0,0,0
0,88.62298,0,0,0,270,0,0,0
0,88.62918,0,0,0,270,0,0,0
0,88.64194,0,0,0,270,0,0,0
0,88.65182,0,0,0,270,0,0,0
0,88.66578,0,0,0,270,0,0,0
0,88.67362,0,0,0,270,0,0,0
0,88.68811,0,0,0,270,0,0,0
0,88.69645,0,0,0,270,0,0,0
0,88.71109,0,0,0,270,0,0,0
0,88.72591,0,0,0,270,0,0,0
0,88.72925,0,0,0,270,0,0,0
0,88.74447,0,0,0,270,0,0,0
0,88.75162,0,0,0,270,0,0,0
0,88.76715,0,0,0,270,0,0,0
0,88.77404,0,0,0,270,0,0,0
0,88.78715,0,0,0,270,0,0,0
0,88.79647,0,0,0,270,0,0,0
0,88.8132,0,0,0,270,0,0,0
0,88.82918,0,0,0,270,0,0,0
0,88.83263,0,0,0,270,0,0,0
0,88.848,0,0,0,270,0,0,0
0,88.8513,0,0,0,270,0,0,0
0,88.86416,0,0,0,270,0,0,0
0,88.87358,0,0,0,270,0,0,0
0,88.88853,0,0,0,270,0,0,0
0,88.89629,0,0,0,270,0,0,0
0,88.90939,0,0,0,270,0,0,0
0,88.92335,0,0,0,270,0,0,0
0,88.92929,0,0,0,270,0,0,0
0,88.94312,0,0,0,270,0,0,0
0,88.95134,0,0,0,270,0,0,0
0,88.9669,0,0,0,270,0,0,0
0,88.97368,0,0,0,270,0,0,0
0,88.98951,0,0,0,270,0,0,0
0,88.99634,0,0,0,270,0,0,0
0,89.01273,0,0,0,270,0,0,0
0,89.03355,0,0,0,270,0,0,0
0,89.03713,0,0,0,270,0,0,0
0,89.05288,0,0,0,270,0,0,0
0,89.06879,0,0,0,270,0,0,0
0,89.07365,0,0,0,270,0,0,0
0,89.08934,0,0,0,270,0,0,0
0,89.09669,0,0,0,270,0,0,0
0,89.11056,0,0,0,270,0,0,0
0,89.12388,0,0,0,270,0,0,0
0,89.12922,0,0,0,270,0,0,0
0,89.14449,0,0,0,270,0,0,0
0,89.15157,0,0,0,270,0,0,0
0,89.16541,0,0,0,270,0,0,0
0,89.17359,0,0,0,270,0,0,0
0,89.18649,0,0,0,270,0,0,0
0,89.19621,0,0,0,270,0,0,0
0,89.21143,0,0,0,270,0,0,0
0,89.22624,0,0,0,270,0,0,0
0,89.22908,0,0,0,270,0,0,0
0,89.24294,0,0,0,270,0,0,0
0,89.25134,0,0,0,270,0,0,0
0,89.26551,0,0,0,270,0,0,0
0,89.27387,0,0,0,270,0,0,0
0,89.28809,0,0,0,270,0,0,0
0,89.29591,0,0,0,270,0,0,0
0,89.30976,0,0,0,270,0,0,0
0,89.32438,0,0,0,270,0,0,0
0,89.32899,0,0,0,270,0,0,0
0,89.34256,0,0,0,270,0,0,0
0,89.3512,0,0,0,270,0,0,0
0,89.36504,0,0,0,270,0,0,0
0,89.37335,0,0,0,270,0,0,0
0,89.38755,0,0,0,270,0,0,0
0,89.39645,0,0,0,270,0,0,0
0,89.41066,0,0,0,270,0,0,0
0,89.42494,0,0,0,270,0,0,0
0,89.4292,0,0,0,270,0,0,0
0,89.44379,0,0,0,270,0,0,0
0,89.45137,0,0,0,270,0,0,0
0,89.46548,0,0,0,270,0,0,0
0,89.47369,0,0,0,270,0,0,0
0,89.49123,0,0,0,270,0,0,0
0,89.49578,0,0,0,270,0,0,0
0,89.5153,0,0,0,270,0,0,0
0,89.53174,0,0,0,270,0,0,0
0,89.54707,0,0,0,270,0,0,0
0,89.55152,0,0,0,270,0,0,0
0,89.56519,0,0,0,270,0,0,0
0,89.57325,0,0,0,270,0,0,0
0,89.58732,0,0,0,270,0,0,0
0,89.59595,0,0,0,270,0,0,0
0,89.60999,0,0,0,270,0,0,0
0,89.62392,0,0,0,270,0,0,0
0,89.63852,0,0,0,270,0,0,0
0,89.65395,0,0,0,270,0,0,0
0,89.66824,0,0,0,270,0,0,0
0,89.67323,0,0,0,270,0,0,0
0,89.6869,0,0,0,270,0,0,0
0,89.69582,0,0,0,270,0,0,0
0,89.70927,0,0,0,270,0,0,0
0,89.72285,0,0,0,270,0,0,0
0,89.72899,0,0,0,270,0,0,0
0,89.74297,0,0,0,270,0,0,0
0,89.75105,0,0,0,270,0,0,0
0,89.7658,0,0,0,270,0,0,0
0,89.77334,0,0,0,270,0,0,0
0,89.78722,0,0,0,270,0,0,0
0,89.79585,0,0,0,270,0,0,0
0,89.80954,0,0,0,270,0,0,0
0,89.82355,0,0,0,270,0,0,0
0,89.8293,0,0,0,270,0,0,0
0,89.84427,0,0,0,270,0,0,0
0,89.85105,0,0,0,270,0,0,0
0,89.86616,0,0,0,270,0,0,0
0,89.87314,0,0,0,270,0,0,0
0,89.88667,0,0,0,270,0,0,0
0,89.89578,0,0,0,270,0,0,0
0,89.91191,0,0,0,270,0,0,0
0,89.92637,0,0,0,270,0,0,0
0,89.9296,0,0,0,270,0,0,0
0,89.94311,0,0,0,270,0,0,0
0,89.95102,0,0,0,270,0,0,0
0,89.96473,0,0,0,270,0,0,0
0,89.97324,0,0,0,270,0,0,0
0,89.99471,0,0,0,270,0,0,0
0,89.9982,0,0,0,270,0,0,0
0,90.01167,0,0,0,270,0,0,0
0,90.0252,0,0,0,270,0,0,0
0,90.02865,0,0,0,270,0,0,0
0,90.04209,0,0,0,270,0,0,0
0,90.05113,0,0,0,270,0,0,0
0,90.06478,0,0,0,270,0,0,0
0,90.07306,0,0,0,270,0,0,0
0,90.08708,0,0,0,270,0,0,0
0,90.09624,0,0,0,270,0,0,0
0,90.11579,0,0,0,270,0,0,0
0,90.13026,0,0,0,270,0,0,0
0,90.14359,0,0,0,270,0,0,0
0,90.15125,0,0,0,270,0,0,0
0,90.16672,0,0,0,270,0,0,0
0,90.17325,0,0,0,270,0,0,0
0,90.18668,0,0,0,270,0,0,0
0,90.19561,0,0,0,270,0,0,0
0,90.20955,0,0,0,270,0,0,0
0,90.22407,0,0,0,270,0,0,0
0,90.22864,0,0,0,270,0,0,0
0,90.24256,0,0,0,270,0,0,0
0,90.25079,0,0,0,270,0,0,0
0,90.26348,0,0,0,270,0,0,0
0,90.27319,0,0,0,270,0,0,0
0,90.28832,0,0,0,270,0,0,0
0,90.29848,0,0,0,270,0,0,0
0,90.31788,0,0,0,270,0,0,0
0,90.33125,0,0,0,270,0,0,0
0,90.34493,0,0,0,270,0,0,0
0,90.35072,0,0,0,270,0,0,0
0,90.36388,0,0,0,270,0,0,0
0,90.37293,0,0,0,270,0,0,0
0,90.38625,0,0,0,270,0,0,0
0,90.39603,0,0,0,270,0,0,0
0,90.41075,0,0,0,270,0,0,0
0,90.42802,0,0,0,270,0,0,0
0,90.43079,0,0,0,270,0,0,0
0,90.44408,0,0,0,270,0,0,0
0,90.45097,0,0,0,270,0,0,0
0,90.46832,0,0,0,270,0,0,0
0,90.47314,0,0,0,270,0,0,0
0,90.4907,0,0,0,270,0,0,0
0,90.49532,0,0,0,270,0,0,0
0,90.51677,0,0,0,270,0,0,0
0,90.53199,0,0,0,270,0,0,0
0,90.548,0,0,0,270,0,0,0
0,90.55119,0,0,0,270,0,0,0
0,90.5663,0,0,0,270,0,0,0
0,90.57281,0,0,0,270,0,0,0
0,90.58659,0,0,0,270,0,0,0
0,90.59527,0,0,0,270,0,0,0
0,90.6087,0,0,0,270,0,0,0
0,90.62303,0,0,0,270,0,0,0
0,90.62841,0,0,0,270,0,0,0
0,90.64262,0,0,0,270,0,0,0
0,90.65081,0,0,0,270,0,0,0
0,90.66637,0,0,0,270,0,0,0
0,90.67287,0,0,0,270,0,0,0
0,90.68633,0,0,0,270,0,0,0
0,90.69543,0,0,0,270,0,0,0
0,90.70921,0,0,0,270,0,0,0
0,90.72334,0,0,0,270,0,0,0
0,90.72838,0,0,0,270,0,0,0
0,90.74447,0,0,0,270,0,0,0
0,90.75059,0,0,0,270,0,0,0
0,90.76427,0,0,0,270,0,0,0
0,90.77308,0,0,0,270,0,0,0
0,90.78725,0,0,0,270,0,0,0
0,90.79533,0,0,0,270,0,0,0
0,90.81011,0,0,0,270,0,0,0
0,90.82418,0,0,0,270,0,0,0
0,90.82821,0,0,0,270,0,0,0
0,90.84248,0,0,0,270,0,0,0
0,90.85079,0,0,0,270,0,0,0
0,90.86466,0,0,0,270,0,0,0
0,90.87282,0,0,0,270,0,0,0
0,90.88605,0,0,0,270,0,0,0
0,90.89547,0,0,0,270,0,0,0
0,90.90862,0,0,0,270,0,0,0
0,90.92197,0,0,0,270,0,0,0
0,90.92883,0,0,0,270,0,0,0
0,90.94489,0,0,0,270,0,0,0
0,90.95117,0,0,0,270,0,0,0
0,90.96536,0,0,0,270,0,0,0
0,90.97376,0,0,0,270,0,0,0
0,90.98991,0,0,0,270,0,0,0
0,90.99625,0,0,0,270,0,0,0
0,91.00957,0,0,0,270,0,0,0
0,91.02452,0,0,0,270,0,0,0
0,91.02901,0,0,0,270,0,0,0
0,91.04904,0,0,0,270,0,0,0
0,91.05231,0,0,0,270,0,0,0
0,91.06647,0,0,0,270,0,0,0
0,91.07341,0,0,0,270,0,0,0
0,91.08952,0,0,0,270,0,0,0
0,91.09593,0,0,0,270,0,0,0
0,91.10932,0,0,0,270,0,0,0
0,91.12415,0,0,0,270,0,0,0
0,91.12905,0,0,0,270,0,0,0
0,91.1448,0,0,0,270,0,0,0
0,91.15195,0,0,0,270,0,0,0
0,91.16917,0,0,0,270,0,0,0
0,91.17374,0,0,0,270,0,0,0
0,91.19019,0,0,0,270,0,0,0
0,91.19653,0,0,0,270,0,0,0
0,91.212,0,0,0,270,0,0,0
0,91.22725,0,0,0,270,0,0,0
0,91.23023,0,0,0,270,0,0,0
0,91.2474,0,0,0,270,0,0,0
0,91.25112,0,0,0,270,0,0,0
0,91.26749,0,0,0,270,0,0,0
0,91.27294,0,0,0,270,0,0,0
0,91.28796,0,0,0,270,0,0,0
0,91.29525,0,0,0,270,0,0,0
0,91.31063,0,0,0,270,0,0,0
0,91.32533,0,0,0,270,0,0,0
0,91.3291,0,0,0,270,0,0,0
0,91.34326,0,0,0,270,0,0,0
0,91.35065,0,0,0,270,0,0,0
0,91.36733,0,0,0,270,0,0,0
0,91.37269,0,0,0,270,0,0,0
0,91.38959,0,0,0,270,0,0,0
0,91.40448,0,0,0,270,0,0,0
0,91.41942,0,0,0,270,0,0,0
0,91.43634,0,0,0,270,0,0,0
0,91.4565,0,0,0,270,0,0,0
0,91.4734,0,0,0,270,0,0,0
0,91.48884,0,0,0,270,0,0,0
0,91.49522,0,0,0,270,0,0,0
0,91.51112,0,0,0,270,0,0,0
0,91.52733,0,0,0,270,0,0,0
0,91.53025,0,0,0,270,0,0,0
0,91.54412,0,0,0,270,0,0,0
0,91.55026,0,0,0,270,0,0,0
0,91.56535,0,0,0,270,0,0,0
0,91.57277,0,0,0,270,0,0,0
0,91.5977,0,0,0,270,0,0,0
0,91.6018,0,0,0,270,0,0,0
0,91.61765,0,0,0,270,0,0,0
0,91.62825,0,0,0,270,0,0,0
0,91.64188,0,0,0,270,0,0,0
0,91.65032,0,0,0,270,0,0,0
0,91.66341,0,0,0,270,0,0,0
0,91.67253,0,0,0,270,0,0,0
0,91.69134,0,0,0,270,0,0,0
0,91.69482,0,0,0,270,0,0,0
0,91.70953,0,0,0,270,0,0,0
0,91.72544,0,0,0,270,0,0,0
0,91.72835,0,0,0,270,0,0,0
0,91.74387,0,0,0,270,0,0,0
0,91.75026,0,0,0,270,0,0,0
0,91.76597,0,0,0,270,0,0,0
0,91.77258,0,0,0,270,0,0,0
0,91.78939,0,0,0,270,0,0,0
0,91.7948,0,0,0,270,0,0,0
0,91.80833,0,0,0,270,0,0,0
0,91.82214,0,0,0,270,0,0,0
0,91.82779,0,0,0,270,0,0,0
0,91.84303,0,0,0,270,0,0,0
0,91.85017,0,0,0,270,0,0,0
0,91.86323,0,0,0,270,0,0,0
0,91.87273,0,0,0,270,0,0,0
0,91.88831,0,0,0,270,0,0,0
0,91.89482,0,0,0,270,0,0,0
0,91.90823,0,0,0,270,0,0,0
0,91.92199,0,0,0,270,0,0,0
0,91.92793,0,0,0,270,0,0,0
0,91.94273,0,0,0,270,0,0,0
0,91.95053,0,0,0,270,0,0,0
0,91.96806,0,0,0,270,0,0,0
0,91.97222,0,0,0,270,0,0,0
0,91.98558,0,0,0,270,0,0,0
0,91.99484,0,0,0,270,0,0,0
0,92.0081,0,0,0,270,0,0,0
0,92.02319,0,0,0,270,0,0,0
0,92.02776,0,0,0,270,0,0,0
0,92.04211,0,0,0,270,0,0,0
0,92.0499,0,0,0,270,0,0,0
0,92.06315,0,0,0,270,0,0,0
0,92.07223,0,0,0,270,0,0,0
0,92.08646,0,0,0,270,0,0,0
0,92.09447,0,0,0,270,0,0,0
0,92.10917,0,0,0,270,0,0,0
0,92.11757,0,0,0,270,0,0,0
0,92.13142,0,0,0,270,0,0,0
0,92.145,0,0,0,270,0,0,0
0,92.15088,0,0,0,270,0,0,0
0,92.17186,0,0,0,270,0,0,0
0,92.17529,0,0,0,270,0,0,0
0,92.18946,0,0,0,270,0,0,0
0,92.20528,0,0,0,270,0,0,0
0,92.20885,0,0,0,270,0,0,0
0,92.22298,0,0,0,270,0,0,0
0,92.22762,0,0,0,270,0,0,0
0,92.24178,0,0,0,270,0,0,0
0,92.2499,0,0,0,270,0,0,0
0,92.26368,0,0,0,270,0,0,0
0,92.27232,0,0,0,270,0,0,0
0,92.28558,0,0,0,270,0,0,0
0,92.29438,0,0,0,270,0,0,0
0,92.30822,0,0,0,270,0,0,0
0,92.31682,0,0,0,270,0,0,0
0,92.33004,0,0,0,270,0,0,0
0,92.34431,0,0,0,270,0,0,0
0,92.34991,0,0,0,270,0,0,0
0,92.36455,0,0,0,270,0,0,0
0,92.37689,0,0,0,270,0,0,0
0,92.3906,0,0,0,270,0,0,0
0,92.40566,0,0,0,270,0,0,0
0,92.41705,0,0,0,270,0,0,0
0,92.43288,0,0,0,270,0,0,0
0,92.44669,0,0,0,270,0,0,0
0,92.44987,0,0,0,270,0,0,0
0,92.46439,0,0,0,270,0,0,0
0,92.47235,0,0,0,270,0,0,0
0,92.48677,0,0,0,270,0,0,0
0,92.49421,0,0,0,270,0,0,0
0,92.50711,0,0,0,270,0,0,0
0,92.51687,0,0,0,270,0,0,0
0,92.5306,0,0,0,270,0,0,0
0,92.54454,0,0,0,270,0,0,0
0,92.55005,0,0,0,270,0,0,0
0,92.56565,0,0,0,270,0,0,0
0,92.57216,0,0,0,270,0,0,0
0,92.58621,0,0,0,270,0,0,0
0,92.59447,0,0,0,270,0,0,0
0,92.60884,0,0,0,270,0,0,0
0,92.61697,0,0,0,270,0,0,0
0,92.63347,0,0,0,270,0,0,0
0,92.64683,0,0,0,270,0,0,0
0,92.64972,0,0,0,270,0,0,0
0,92.66423,0,0,0,270,0,0,0
0,92.672,0,0,0,270,0,0,0
0,92.68682,0,0,0,270,0,0,0
0,92.69419,0,0,0,270,0,0,0
0,92.70986,0,0,0,270,0,0,0
0,92.71681,0,0,0,270,0,0,0
0,92.73112,0,0,0,270,0,0,0
0,92.75751,0,0,0,270,0,0,0
0,92.76101,0,0,0,270,0,0,0
0,92.77475,0,0,0,270,0,0,0
0,92.78309,0,0,0,270,0,0,0
0,92.79649,0,0,0,270,0,0,0
0,92.80533,0,0,0,270,0,0,0
0,92.81921,0,0,0,270,0,0,0
0,92.82743,0,0,0,270,0,0,0
0,92.84155,0,0,0,270,0,0,0
0,92.84974,0,0,0,270,0,0,0
0,92.86507,0,0,0,270,0,0,0
0,92.87186,0,0,0,270,0,0,0
0,92.88558,0,0,0,270,0,0,0
0,92.89483,0,0,0,270,0,0,0
0,92.90887,0,0,0,270,0,0,0
0,92.92319,0,0,0,270,0,0,0
0,92.92746,0,0,0,270,0,0,0
0,92.94154,0,0,0,270,0,0,0
0,92.94993,0,0,0,270,0,0,0
0,92.96333,0,0,0,270,0,0,0
0,92.97215,0,0,0,270,0,0,0
0,92.98637,0,0,0,270,0,0,0
0,92.99407,0,0,0,270,0,0,0
0,93.00781,0,0,0,270,0,0,0
0,93.01672,0,0,0,270,0,0,0
0,93.03436,0,0,0,270,0,0,0
0,93.04884,0,0,0,270,0,0,0
0,93.05163,0,0,0,270,0,0,0
0,93.06681,0,0,0,270,0,0,0
0,93.07187,0,0,0,270,0,0,0
0,93.08649,0,0,0,270,0,0,0
0,93.09399,0,0,0,270,0,0,0
0,93.10859,0,0,0,270,0,0,0
0,93.11655,0,0,0,270,0,0,0
0,93.13075,0,0,0,270,0,0,0
0,93.1461,0,0,0,270,0,0,0
0,93.14957,0,0,0,270,0,0,0
0,93.16387,0,0,0,270,0,0,0
0,93.17186,0,0,0,270,0,0,0
0,93.1856,0,0,0,270,0,0,0
0,93.19389,0,0,0,270,0,0,0
0,93.20728,0,0,0,270,0,0,0
0,93.21677,0,0,0,270,0,0,0
0,93.23067,0,0,0,270,0,0,0
0,93.24445,0,0,0,270,0,0,0
0,93.24937,0,0,0,270,0,0,0
0,93.26207,0,0,0,270,0,0,0
0,93.27201,0,0,0,270,0,0,0
0,93.28583,0,0,0,270,0,0,0
0,93.29391,0,0,0,270,0,0,0
0,93.30779,0,0,0,270,0,0,0
0,93.3166,0,0,0,270,0,0,0
0,93.33099,0,0,0,270,0,0,0
0,93.34837,0,0,0,270,0,0,0
0,93.35146,0,0,0,270,0,0,0
0,93.37186,0,0,0,270,0,0,0
0,93.37513,0,0,0,270,0,0,0
0,93.39113,0,0,0,270,0,0,0
0,93.40452,0,0,0,270,0,0,0
0,93.4072,0,0,0,270,0,0,0
0,93.42148,0,0,0,270,0,0,0
0,93.42751,0,0,0,270,0,0,0
0,93.44264,0,0,0,270,0,0,0
0,93.44959,0,0,0,270,0,0,0
0,93.46313,0,0,0,270,0,0,0
0,93.47164,0,0,0,270,0,0,0
0,93.48549,0,0,0,270,0,0,0
0,93.49387,0,0,0,270,0,0,0
0,93.50846,0,0,0,270,0,0,0
0,93.5164,0,0,0,270,0,0,0
0,93.52998,0,0,0,270,0,0,0
0,93.54322,0,0,0,270,0,0,0
0,93.54929,0,0,0,270,0,0,0
0,93.56496,0,0,0,270,0,0,0
0,93.57201,0,0,0,270,0,0,0
0,93.58751,0,0,0,270,0,0,0
0,93.59374,0,0,0,270,0,0,0
0,93.60858,0,0,0,270,0,0,0
0,93.61737,0,0,0,270,0,0,0
0,93.63113,0,0,0,270,0,0,0
0,93.64422,0,0,0,270,0,0,0
0,93.64934,0,0,0,270,0,0,0
0,93.66351,0,0,0,270,0,0,0
0,93.67173,0,0,0,270,0,0,0
0,93.68481,0,0,0,270,0,0,0
0,93.69386,0,0,0,270,0,0,0
0,93.70791,0,0,0,270,0,0,0
0,93.71644,0,0,0,270,0,0,0
0,93.73168,0,0,0,270,0,0,0
0,93.74604,0,0,0,270,0,0,0
0,93.74928,0,0,0,270,0,0,0
0,93.76241,0,0,0,270,0,0,0
0,93.77169,0,0,0,270,0,0,0
0,93.7855,0,0,0,270,0,0,0
0,93.79372,0,0,0,270,0,0,0
0,93.8075,0,0,0,270,0,0,0
0,93.81626,0,0,0,270,0,0,0
0,93.83064,0,0,0,270,0,0,0
0,93.84474,0,0,0,270,0,0,0
0,93.84914,0,0,0,270,0,0,0
0,93.86214,0,0,0,270,0,0,0
0,93.87167,0,0,0,270,0,0,0
0,93.88518,0,0,0,270,0,0,0
0,93.89366,0,0,0,270,0,0,0
0,93.90977,0,0,0,270,0,0,0
0,93.91624,0,0,0,270,0,0,0
0,93.92961,0,0,0,270,0,0,0
0,93.9455,0,0,0,270,0,0,0
0,93.9493,0,0,0,270,0,0,0
0,93.96737,0,0,0,270,0,0,0
0,93.97137,0,0,0,270,0,0,0
0,93.99394,0,0,0,270,0,0,0
0,93.9975,0,0,0,270,0,0,0
0,94.01127,0,0,0,270,0,0,0
0,94.02584,0,0,0,270,0,0,0
0,94.02904,0,0,0,270,0,0,0
0,94.04427,0,0,0,270,0,0,0
0,94.04908,0,0,0,270,0,0,0
0,94.0639,0,0,0,270,0,0,0
0,94.07148,0,0,0,270,0,0,0
0,94.08491,0,0,0,270,0,0,0
0,94.09361,0,0,0,270,0,0,0
0,94.10789,0,0,0,270,0,0,0
0,94.11603,0,0,0,270,0,0,0
0,94.12899,0,0,0,270,0,0,0
0,94.14263,0,0,0,270,0,0,0
0,94.14923,0,0,0,270,0,0,0
0,94.16238,0,0,0,270,0,0,0
0,94.1713,0,0,0,270,0,0,0
0,94.18422,0,0,0,270,0,0,0
0,94.19355,0,0,0,270,0,0,0
0,94.20683,0,0,0,270,0,0,0
0,94.21615,0,0,0,270,0,0,0
0,94.23127,0,0,0,270,0,0,0
0,94.24511,0,0,0,270,0,0,0
0,94.24889,0,0,0,270,0,0,0
0,94.26217,0,0,0,270,0,0,0
0,94.27117,0,0,0,270,0,0,0
0,94.28395,0,0,0,270,0,0,0
0,94.29359,0,0,0,270,0,0,0
0,94.30999,0,0,0,270,0,0,0
0,94.31637,0,0,0,270,0,0,0
0,94.33311,0,0,0,270,0,0,0
0,94.34748,0,0,0,270,0,0,0
0,94.35023,0,0,0,270,0,0,0
0,94.36607,0,0,0,270,0,0,0
0,94.37166,0,0,0,270,0,0,0
0,94.38717,0,0,0,270,0,0,0
0,94.39354,0,0,0,270,0,0,0
0,94.40767,0,0,0,270,0,0,0
0,94.41612,0,0,0,270,0,0,0
0,94.42966,0,0,0,270,0,0,0
0,94.4433,0,0,0,270,0,0,0
0,94.44917,0,0,0,270,0,0,0
0,94.46498,0,0,0,270,0,0,0
0,94.47108,0,0,0,270,0,0,0
0,94.48505,0,0,0,270,0,0,0
0,94.49378,0,0,0,270,0,0,0
0,94.50859,0,0,0,270,0,0,0
0,94.51583,0,0,0,270,0,0,0
0,94.52979,0,0,0,270,0,0,0
0,94.54414,0,0,0,270,0,0,0
0,94.54877,0,0,0,270,0,0,0
0,94.56314,0,0,0,270,0,0,0
0,94.57097,0,0,0,270,0,0,0
0,94.58466,0,0,0,270,0,0,0
0,94.59345,0,0,0,270,0,0,0
0,94.60768,0,0,0,270,0,0,0
0,94.61579,0,0,0,270,0,0,0
0,94.64042,0,0,0,270,0,0,0
0,94.6556,0,0,0,270,0,0,0
0,94.67007,0,0,0,270,0,0,0
0,94.68446,0,0,0,270,0,0,0
0,94.69328,0,0,0,270,0,0,0
0,94.70697,0,0,0,270,0,0,0
0,94.71625,0,0,0,270,0,0,0
0,94.72958,0,0,0,270,0,0,0
0,94.74303,0,0,0,270,0,0,0
0,94.74883,0,0,0,270,0,0,0
0,94.76227,0,0,0,270,0,0,0
0,94.7711,0,0,0,270,0,0,0
0,94.78482,0,0,0,270,0,0,0
0,94.7933,0,0,0,270,0,0,0
0,94.8085,0,0,0,270,0,0,0
0,94.81591,0,0,0,270,0,0,0
0,94.83385,0,0,0,270,0,0,0
0,94.84837,0,0,0,270,0,0,0
0,94.85101,0,0,0,270,0,0,0
0,94.86477,0,0,0,270,0,0,0
0,94.87091,0,0,0,270,0,0,0
0,94.88373,0,0,0,270,0,0,0
0,94.89307,0,0,0,270,0,0,0
0,94.90653,0,0,0,270,0,0,0
0,94.91611,0,0,0,270,0,0,0
0,94.93244,0,0,0,270,0,0,0
0,94.94729,0,0,0,270,0,0,0
0,94.95004,0,0,0,270,0,0,0
0,94.96445,0,0,0,270,0,0,0
0,94.97095,0,0,0,270,0,0,0
0,94.9862,0,0,0,270,0,0,0
0,94.99321,0,0,0,270,0,0,0
0,95.00769,0,0,0,270,0,0,0
0,95.01581,0,0,0,270,0,0,0
0,95.02829,0,0,0,270,0,0,0
0,95.04242,0,0,0,270,0,0,0
0,95.04928,0,0,0,270,0,0,0
0,95.06448,0,0,0,270,0,0,0
0,95.07116,0,0,0,270,0,0,0
0,95.08703,0,0,0,270,0,0,0
0,95.09312,0,0,0,270,0,0,0
0,95.10799,0,0,0,270,0,0,0
0,95.11569,0,0,0,270,0,0,0
0,95.12982,0,0,0,270,0,0,0
0,95.14447,0,0,0,270,0,0,0
0,95.14893,0,0,0,270,0,0,0
0,95.16278,0,0,0,270,0,0,0
0,95.17091,0,0,0,270,0,0,0
0,95.18506,0,0,0,270,0,0,0
0,95.193,0,0,0,270,0,0,0
0,95.20744,0,0,0,270,0,0,0
0,95.21563,0,0,0,270,0,0,0
0,95.22977,0,0,0,270,0,0,0
0,95.24491,0,0,0,270,0,0,0
0,95.24862,0,0,0,270,0,0,0
0,95.26324,0,0,0,270,0,0,0
0,95.27123,0,0,0,270,0,0,0
0,95.29202,0,0,0,270,0,0,0
0,95.29532,0,0,0,270,0,0,0
0,95.30919,0,0,0,270,0,0,0
0,95.32284,0,0,0,270,0,0,0
0,95.32616,0,0,0,270,0,0,0
0,95.33946,0,0,0,270,0,0,0
0,95.34852,0,0,0,270,0,0,0
0,95.3622,0,0,0,270,0,0,0
0,95.37095,0,0,0,270,0,0,0
0,95.38459,0,0,0,270,0,0,0
0,95.39314,0,0,0,270,0,0,0
0,95.40685,0,0,0,270,0,0,0
0,95.41592,0,0,0,270,0,0,0
0,95.42989,0,0,0,270,0,0,0
0,95.4437,0,0,0,270,0,0,0
0,95.44889,0,0,0,270,0,0,0
0,95.46267,0,0,0,270,0,0,0
0,95.47124,0,0,0,270,0,0,0
0,95.48431,0,0,0,270,0,0,0
0,95.49326,0,0,0,270,0,0,0
0,95.50678,0,0,0,270,0,0,0
0,95.51581,0,0,0,270,0,0,0
0,95.52916,0,0,0,270,0,0,0
0,95.54324,0,0,0,270,0,0,0
0,95.54862,0,0,0,270,0,0,0
0,95.5638,0,0,0,270,0,0,0
0,95.57126,0,0,0,270,0,0,0
0,95.58534,0,0,0,270,0,0,0
0,95.59311,0,0,0,270,0,0,0
0,95.60857,0,0,0,270,0,0,0
0,95.61572,0,0,0,270,0,0,0
0,95.62998,0,0,0,270,0,0,0
0,95.64478,0,0,0,270,0,0,0
0,95.6487,0,0,0,270,0,0,0
0,95.66376,0,0,0,270,0,0,0
0,95.67093,0,0,0,270,0,0,0
0,95.68517,0,0,0,270,0,0,0
0,95.69388,0,0,0,270,0,0,0
0,95.70731,0,0,0,270,0,0,0
0,95.71581,0,0,0,270,0,0,0
0,95.7302,0,0,0,270,0,0,0
0,95.74417,0,0,0,270,0,0,0
0,95.74884,0,0,0,270,0,0,0
0,95.76431,0,0,0,270,0,0,0
0,95.77153,0,0,0,270,0,0,0
0,95.78739,0,0,0,270,0,0,0
0,95.79337,0,0,0,270,0,0,0
0,95.80703,0,0,0,270,0,0,0
0,95.81577,0,0,0,270,0,0,0
0,95.82864,0,0,0,270,0,0,0
0,95.84322,0,0,0,270,0,0,0
0,95.8488,0,0,0,270,0,0,0
0,95.86398,0,0,0,270,0,0,0
0,95.87114,0,0,0,270,0,0,0
0,95.88583,0,0,0,270,0,0,0
0,95.89334,0,0,0,270,0,0,0
0,95.90796,0,0,0,270,0,0,0
0,95.91871,0,0,0,270,0,0,0
0,95.93542,0,0,0,270,0,0,0
0,95.95348,0,0,0,270,0,0,0
0,95.97676,0,0,0,270,0,0,0
0,95.98548,0,0,0,270,0,0,0
0,96.00696,0,0,0,270,0,0,0
0,96.01077,0,0,0,270,0,0,0
0,96.02757,0,0,0,270,0,0,0
0,96.03801,0,0,0,270,0,0,0
0,96.05369,0,0,0,270,0,0,0
0,96.07053,0,0,0,270,0,0,0
0,96.07333,0,0,0,270,0,0,0
0,96.09026,0,0,0,270,0,0,0
0,96.09354,0,0,0,270,0,0,0
0,96.10857,0,0,0,270,0,0,0
0,96.1155,0,0,0,270,0,0,0
0,96.13149,0,0,0,270,0,0,0
0,96.1483,0,0,0,270,0,0,0
0,96.15084,0,0,0,270,0,0,0
0,96.16512,0,0,0,270,0,0,0
0,96.17113,0,0,0,270,0,0,0
0,96.18555,0,0,0,270,0,0,0
0,96.19288,0,0,0,270,0,0,0
0,96.21272,0,0,0,270,0,0,0
0,96.21703,0,0,0,270,0,0,0
0,96.23562,0,0,0,270,0,0,0
0,96.25137,0,0,0,270,0,0,0
0,96.26792,0,0,0,270,0,0,0
0,96.27129,0,0,0,270,0,0,0
0,96.28949,0,0,0,270,0,0,0
0,96.29313,0,0,0,270,0,0,0
0,96.31059,0,0,0,270,0,0,0
0,96.31532,0,0,0,270,0,0,0
0,96.33099,0,0,0,270,0,0,0
0,96.34567,0,0,0,270,0,0,0
0,96.34856,0,0,0,270,0,0,0
0,96.36252,0,0,0,270,0,0,0
0,96.3706,0,0,0,270,0,0,0
0,96.38936,0,0,0,270,0,0,0
0,96.39327,0,0,0,270,0,0,0
0,96.41273,0,0,0,270,0,0,0
0,96.41638,0,0,0,270,0,0,0
0,96.43151,0,0,0,270,0,0,0
0,96.45509,0,0,0,270,0,0,0
0,96.46101,0,0,0,270,0,0,0
0,96.47736,0,0,0,270,0,0,0
0,96.48222,0,0,0,270,0,0,0
0,96.4976,0,0,0,270,0,0,0
0,96.50408,0,0,0,270,0,0,0
0,96.52103,0,0,0,270,0,0,0
0,96.52636,0,0,0,270,0,0,0
0,96.54311,0,0,0,270,0,0,0
0,96.54845,0,0,0,270,0,0,0
0,96.57051,0,0,0,270,0,0,0
0,96.574,0,0,0,270,0,0,0
0,96.58866,0,0,0,270,0,0,0
0,96.59262,0,0,0,270,0,0,0
0,96.60731,0,0,0,270,0,0,0
0,96.61723,0,0,0,270,0,0,0
0,96.63225,0,0,0,270,0,0,0
0,96.64751,0,0,0,270,0,0,0
0,96.65086,0,0,0,270,0,0,0
0,96.66714,0,0,0,270,0,0,0
0,96.67015,0,0,0,270,0,0,0
0,96.68486,0,0,0,270,0,0,0
0,96.69348,0,0,0,270,0,0,0
0,96.70799,0,0,0,270,0,0,0
0,96.71535,0,0,0,270,0,0,0
0,96.73042,0,0,0,270,0,0,0
0,96.74527,0,0,0,270,0,0,0
0,96.74785,0,0,0,270,0,0,0
0,96.7613,0,0,0,270,0,0,0
0,96.77151,0,0,0,270,0,0,0
0,96.78546,0,0,0,270,0,0,0
0,96.79306,0,0,0,270,0,0,0
0,96.8092,0,0,0,270,0,0,0
0,96.8149,0,0,0,270,0,0,0
0,96.82936,0,0,0,270,0,0,0
0,96.84372,0,0,0,270,0,0,0
0,96.84793,0,0,0,270,0,0,0
0,96.86404,0,0,0,270,0,0,0
0,96.87031,0,0,0,270,0,0,0
0,96.88753,0,0,0,270,0,0,0
0,96.89252,0,0,0,270,0,0,0
0,96.90896,0,0,0,270,0,0,0
0,96.91489,0,0,0,270,0,0,0
0,96.93597,0,0,0,270,0,0,0
0,96.95182,0,0,0,270,0,0,0
0,96.96958,0,0,0,270,0,0,0
0,96.97238,0,0,0,270,0,0,0
0,96.98655,0,0,0,270,0,0,0
0,96.99361,0,0,0,270,0,0,0
0,97.00861,0,0,0,270,0,0,0
0,97.0153,0,0,0,270,0,0,0
0,97.03082,0,0,0,270,0,0,0
0,97.04636,0,0,0,270,0,0,0
0,97.04965,0,0,0,270,0,0,0
0,97.06429,0,0,0,270,0,0,0
0,97.07024,0,0,0,270,0,0,0
0,97.0864,0,0,0,270,0,0,0
0,97.09232,0,0,0,270,0,0,0
0,97.10796,0,0,0,270,0,0,0
0,97.11579,0,0,0,270,0,0,0
0,97.13187,0,0,0,270,0,0,0
0,97.14545,0,0,0,270,0,0,0
0,97.14838,0,0,0,270,0,0,0
0,97.16261,0,0,0,270,0,0,0
0,97.17075,0,0,0,270,0,0,0
0,97.18513,0,0,0,270,0,0,0
0,97.19278,0,0,0,270,0,0,0
0,97.20936,0,0,0,270,0,0,0
0,97.21516,0,0,0,270,0,0,0
0,97.23096,0,0,0,270,0,0,0
0,97.24648,0,0,0,270,0,0,0
0,97.2501,0,0,0,270,0,0,0
0,97.26443,0,0,0,270,0,0,0
0,97.27013,0,0,0,270,0,0,0
0,97.28436,0,0,0,270,0,0,0
0,97.29211,0,0,0,270,0,0,0
0,97.30756,0,0,0,270,0,0,0
0,97.31478,0,0,0,270,0,0,0
0,97.32727,0,0,0,270,0,0,0
0,97.34116,0,0,0,270,0,0,0
0,97.34792,0,0,0,270,0,0,0
0,97.36326,0,0,0,270,0,0,0
0,97.37003,0,0,0,270,0,0,0
0,97.38436,0,0,0,270,0,0,0
0,97.39204,0,0,0,270,0,0,0
0,97.41273,0,0,0,270,0,0,0
0,97.41662,0,0,0,270,0,0,0
0,97.43211,0,0,0,270,0,0,0
0,97.44598,0,0,0,270,0,0,0
0,97.44934,0,0,0,270,0,0,0
0,97.46651,0,0,0,270,0,0,0
0,97.47034,0,0,0,270,0,0,0
0,97.48611,0,0,0,270,0,0,0
0,97.49381,0,0,0,270,0,0,0
0,97.50942,0,0,0,270,0,0,0
0,97.51446,0,0,0,270,0,0,0
0,97.5286,0,0,0,270,0,0,0
0,97.53731,0,0,0,270,0,0,0
0,97.55348,0,0,0,270,0,0,0
0,97.56927,0,0,0,270,0,0,0
0,97.57199,0,0,0,270,0,0,0
0,97.58585,0,0,0,270,0,0,0
0,97.59243,0,0,0,270,0,0,0
0,97.6069,0,0,0,270,0,0,0
0,97.61501,0,0,0,270,0,0,0
0,97.62933,0,0,0,270,0,0,0
0,97.64326,0,0,0,270,0,0,0
0,97.64771,0,0,0,270,0,0,0
0,97.6632,0,0,0,270,0,0,0
0,97.67094,0,0,0,270,0,0,0
0,97.68909,0,0,0,270,0,0,0
0,97.69183,0,0,0,270,0,0,0
0,97.70582,0,0,0,270,0,0,0
0,97.71487,0,0,0,270,0,0,0
0,97.72972,0,0,0,270,0,0,0
0,97.74397,0,0,0,270,0,0,0
0,97.74745,0,0,0,270,0,0,0
0,97.76126,0,0,0,270,0,0,0
0,97.76965,0,0,0,270,0,0,0
0,97.78403,0,0,0,270,0,0,0
0,97.79195,0,0,0,270,0,0,0
0,97.80566,0,0,0,270,0,0,0
0,97.81454,0,0,0,270,0,0,0
0,97.83013,0,0,0,270,0,0,0
0,97.8427,0,0,0,270,0,0,0
0,97.85766,0,0,0,270,0,0,0
0,97.87019,0,0,0,270,0,0,0
0,97.88497,0,0,0,270,0,0,0
0,97.89191,0,0,0,270,0,0,0
0,97.91231,0,0,0,270,0,0,0
0,97.91567,0,0,0,270,0,0,0
0,97.92908,0,0,0,270,0,0,0
0,97.94298,0,0,0,270,0,0,0
0,97.94735,0,0,0,270,0,0,0
0,97.96178,0,0,0,270,0,0,0
0,97.97003,0,0,0,270,0,0,0
0,97.98721,0,0,0,270,0,0,0
0,97.99218,0,0,0,270,0,0,0
0,98.00588,0,0,0,270,0,0,0
0,98.01401,0,0,0,270,0,0,0
0,98.02759,0,0,0,270,0,0,0
0,98.03654,0,0,0,270,0,0,0
0,98.05023,0,0,0,270,0,0,0
0,98.07389,0,0,0,270,0,0,0
