Ans,timenow,HMD_rotation_x,HMD_rotation_y,HMD_rotation_z,heydegree,hey_position_x,hey_position_y,hey_position_z
0,0.02126479,0,0,0,270,0,0,0
0,0.02702761,0,0,0,270,0,0,0
0,0.8994069,359.4863,344.2265,2.613081,270,0,0,0
0,0.9530985,359.254,344.3608,2.966557,270,0,0,0
0,0.9587433,359.4081,344.3477,2.927961,270,0,0,0
0,0.9657862,359.4516,344.3471,2.916873,270,0,0,0
0,0.9767714,359.5178,344.3562,2.917709,270,0,0,0
0,0.9886703,359.558,344.3535,2.914652,270,0,0,0
0,0.9997196,359.6145,344.3656,2.90754,270,0,0,0
0,1.011425,359.6707,344.3604,2.895481,270,0,0,0
0,1.030558,359.7307,344.3784,2.88684,270,0,0,0
0,1.034357,359.8208,344.3858,2.876506,270,0,0,0
0,1.044018,359.9182,344.3986,2.85701,270,0,0,0
0,1.056417,0.07654592,344.4187,2.831211,270,0,0,0
0,1.065795,0.07751801,344.4118,2.883121,270,0,0,0
0,1.07851,0.1133594,344.4039,2.915439,270,0,0,0
0,1.08846,0.1215725,344.4377,2.934881,270,0,0,0
0,1.099883,0.1485304,344.4639,2.966402,270,0,0,0
0,1.110107,0.1923803,344.4917,2.958894,270,0,0,0
0,1.121436,0.2287156,344.4934,2.954669,270,0,0,0
0,1.132396,0.2433111,344.5137,2.960563,270,0,0,0
0,1.143265,0.2712235,344.5139,2.956096,270,0,0,0
0,1.154456,0.2949515,344.5278,2.962309,270,0,0,0
0,1.166253,0.3360362,344.5337,2.980898,270,0,0,0
0,1.183912,0.3298212,344.5219,3.013044,270,0,0,0
0,1.187202,0.3474926,344.538,3.029328,270,0,0,0
0,1.198626,0.3401317,344.5512,3.045632,270,0,0,0
0,1.209752,0.3217142,344.5677,3.039999,270,0,0,0
0,1.220901,0.3011085,344.5802,3.047833,270,0,0,0
0,1.232415,0.2972338,344.588,3.050557,270,0,0,0
0,1.243369,0.2823102,344.5862,3.077834,270,0,0,0
0,1.25437,0.2709548,344.595,3.100849,270,0,0,0
0,1.265449,0.2498031,344.5986,3.1287,270,0,0,0
0,1.276773,0.2017328,344.6046,3.150272,270,0,0,0
0,1.287709,0.1655964,344.5964,3.156667,270,0,0,0
0,1.298799,0.1248128,344.5663,3.154972,270,0,0,0
0,1.309875,0.09412344,344.5384,3.164063,270,0,0,0
0,1.321574,0.05961113,344.5153,3.182515,270,0,0,0
0,1.339186,0.02316296,344.4933,3.194581,270,0,0,0
0,1.342669,-0.003105335,344.4836,3.206203,270,0,0,0
0,1.35462,359.9866,344.4709,3.228011,270,0,0,0
0,1.365646,359.9543,344.453,3.235215,270,0,0,0
0,1.376493,359.9391,344.4319,3.221138,270,0,0,0
0,1.388131,359.9312,344.4213,3.217007,270,0,0,0
0,1.398894,359.9248,344.4022,3.192944,270,0,0,0
0,1.410718,359.927,344.3796,3.174166,270,0,0,0
0,1.421104,359.9344,344.3448,3.170889,270,0,0,0
0,1.432431,359.935,344.3291,3.166224,270,0,0,0
0,1.443387,359.9575,344.2787,3.149935,270,0,0,0
0,1.454468,359.9668,344.2286,3.139909,270,0,0,0
0,1.465603,359.9602,344.189,3.1525,270,0,0,0
0,1.476577,359.9409,344.1598,3.138941,270,0,0,0
0,1.498703,359.9135,344.1266,3.136904,270,0,0,0
0,1.502201,359.8953,344.101,3.119109,270,0,0,0
0,1.509844,359.8882,344.0825,3.105464,270,0,0,0
0,1.521009,359.888,344.0635,3.110723,270,0,0,0
0,1.532443,359.8716,344.044,3.104977,270,0,0,0
0,1.543951,359.8586,344.0178,3.106689,270,0,0,0
0,1.554628,359.8274,344.0002,3.115774,270,0,0,0
0,1.565822,359.7919,343.9911,3.139054,270,0,0,0
0,1.57682,359.7357,343.9991,3.141239,270,0,0,0
0,1.587868,359.6861,344.0156,3.141188,270,0,0,0
0,1.599905,359.6331,344.0459,3.148308,270,0,0,0
0,1.616401,359.5764,344.07,3.158835,270,0,0,0
0,1.624512,359.5164,344.0809,3.161696,270,0,0,0
0,1.6366,359.4712,344.0916,3.168687,270,0,0,0
0,1.654989,359.4227,344.0968,3.18359,270,0,0,0
0,1.65822,359.364,344.0872,3.185425,270,0,0,0
0,1.669221,359.3165,344.0722,3.187515,270,0,0,0
0,1.680424,359.2563,344.0547,3.19253,270,0,0,0
0,1.691874,359.1927,344.0494,3.199588,270,0,0,0
0,1.702791,359.1513,344.0342,3.200058,270,0,0,0
0,1.71426,359.1082,344.0258,3.194386,270,0,0,0
0,1.725193,359.0769,344.0186,3.206484,270,0,0,0
0,1.735897,359.0403,344.0217,3.206805,270,0,0,0
0,1.747334,359.0039,344.0203,3.210344,270,0,0,0
0,1.757972,358.9608,344.0232,3.19026,270,0,0,0
0,1.769198,358.922,344.0364,3.180994,270,0,0,0
0,1.780233,358.9091,344.0457,3.154191,270,0,0,0
0,1.792132,358.888,344.0307,3.162225,270,0,0,0
0,1.811256,358.8956,344.0205,3.169667,270,0,0,0
0,1.814424,358.8861,344.0016,3.177238,270,0,0,0
0,1.82479,358.8831,343.9777,3.19665,270,0,0,0
0,1.840423,358.8715,343.9644,3.202435,270,0,0,0
0,1.84664,358.8576,343.955,3.197764,270,0,0,0
0,1.857923,358.8411,343.9291,3.18917,270,0,0,0
0,1.869191,358.8256,343.9188,3.183033,270,0,0,0
0,1.880648,358.8164,343.904,3.179652,270,0,0,0
0,1.89179,358.8004,343.8742,3.170362,270,0,0,0
0,1.90295,358.7869,343.8576,3.165455,270,0,0,0
0,1.914413,358.7666,343.8501,3.1501,270,0,0,0
0,1.925893,358.7476,343.8372,3.14143,270,0,0,0
0,1.936596,358.7419,343.8168,3.131623,270,0,0,0
0,1.947801,358.7164,343.8124,3.124667,270,0,0,0
0,1.965754,358.6741,343.8048,3.114301,270,0,0,0
0,1.969717,358.6413,343.8034,3.109146,270,0,0,0
0,1.981428,358.6159,343.805,3.08678,270,0,0,0
0,1.992341,358.6003,343.816,3.078233,270,0,0,0
0,2.003393,358.5727,343.8254,3.066466,270,0,0,0
0,2.014632,358.563,343.8254,3.081097,270,0,0,0
0,2.025823,358.5499,343.8282,3.087252,270,0,0,0
0,2.036809,358.5357,343.8355,3.094092,270,0,0,0
0,2.047961,358.5278,343.839,3.096959,270,0,0,0
0,2.058973,358.5168,343.8284,3.104267,270,0,0,0
0,2.070383,358.5059,343.8241,3.116039,270,0,0,0
0,2.081297,358.5049,343.8123,3.126677,270,0,0,0
0,2.092566,358.5034,343.8115,3.135309,270,0,0,0
0,2.103836,358.4904,343.8152,3.135851,270,0,0,0
0,2.121334,358.4872,343.8091,3.136697,270,0,0,0
0,2.125545,358.4788,343.8141,3.126283,270,0,0,0
0,2.136858,358.4805,343.8031,3.124096,270,0,0,0
0,2.148474,358.4786,343.7919,3.113194,270,0,0,0
0,2.158986,358.4892,343.7704,3.10791,270,0,0,0
0,2.170197,358.5033,343.7488,3.098996,270,0,0,0
0,2.181514,358.5045,343.7307,3.078553,270,0,0,0
0,2.192401,358.5222,343.7128,3.059174,270,0,0,0
0,2.203516,358.5124,343.6893,3.020625,270,0,0,0
0,2.214991,358.4994,343.6844,3.003463,270,0,0,0
0,2.225757,358.4708,343.6839,2.977907,270,0,0,0
0,2.236958,358.4433,343.664,2.955908,270,0,0,0
0,2.248039,358.4137,343.6595,2.941755,270,0,0,0
0,2.259033,358.3987,343.6519,2.916365,270,0,0,0
0,2.278425,358.3744,343.6541,2.903853,270,0,0,0
0,2.281157,358.3518,343.6572,2.908364,270,0,0,0
0,2.292719,358.3095,343.6766,2.909511,270,0,0,0
0,2.30367,358.2586,343.7166,2.898401,270,0,0,0
0,2.314555,358.2015,343.7626,2.893516,270,0,0,0
0,2.325586,358.1223,343.7888,2.887255,270,0,0,0
0,2.336727,358.0499,343.8392,2.886611,270,0,0,0
0,2.348504,357.9915,343.8717,2.891331,270,0,0,0
0,2.359448,357.9378,343.9161,2.887008,270,0,0,0
0,2.370378,357.8523,343.9476,2.90881,270,0,0,0
0,2.381338,357.7729,343.9662,2.923986,270,0,0,0
0,2.392354,357.6982,343.986,2.943429,270,0,0,0
0,2.403733,357.6187,343.9694,2.961294,270,0,0,0
0,2.414604,357.5478,343.946,2.979414,270,0,0,0
0,2.435706,357.4741,343.9087,2.984106,270,0,0,0
0,2.438763,357.397,343.882,2.9796,270,0,0,0
0,2.447663,357.3242,343.8731,2.957808,270,0,0,0
0,2.458941,357.2606,343.8588,2.915461,270,0,0,0
0,2.470635,357.2386,343.8441,2.866547,270,0,0,0
0,2.482184,357.2143,343.8232,2.834269,270,0,0,0
0,2.492421,357.2077,343.8003,2.814698,270,0,0,0
0,2.503442,357.2158,343.7971,2.797667,270,0,0,0
0,2.514576,357.2338,343.7971,2.803017,270,0,0,0
0,2.526399,357.2654,343.7983,2.797675,270,0,0,0
0,2.536646,357.2803,343.8159,2.805235,270,0,0,0
0,2.54806,357.3014,343.8131,2.814499,270,0,0,0
0,2.559731,357.3461,343.8225,2.808094,270,0,0,0
0,2.570361,357.3835,343.8327,2.819256,270,0,0,0
0,2.590104,357.423,343.8322,2.835061,270,0,0,0
0,2.593311,357.4726,343.8265,2.837385,270,0,0,0
0,2.604221,357.5093,343.8114,2.848102,270,0,0,0
0,2.614304,357.5422,343.8004,2.841255,270,0,0,0
0,2.625381,357.5615,343.7951,2.833702,270,0,0,0
0,2.63691,357.5711,343.7954,2.807575,270,0,0,0
0,2.647619,357.5949,343.79,2.776059,270,0,0,0
0,2.658917,357.6193,343.7802,2.741122,270,0,0,0
0,2.669977,357.6484,343.7677,2.712006,270,0,0,0
0,2.681686,357.6901,343.7411,2.701427,270,0,0,0
0,2.692183,357.721,343.6975,2.68919,270,0,0,0
0,2.703357,357.733,343.6465,2.679846,270,0,0,0
0,2.714355,357.7313,343.5982,2.65203,270,0,0,0
0,2.725542,357.7293,343.553,2.617523,270,0,0,0
0,2.745175,357.6991,343.5203,2.565425,270,0,0,0
0,2.748693,357.6581,343.4887,2.521571,270,0,0,0
0,2.759085,357.5909,343.4483,2.468362,270,0,0,0
0,2.770067,357.533,343.397,2.4131,270,0,0,0
0,2.781106,357.4844,343.3345,2.355165,270,0,0,0
0,2.792485,357.4384,343.2712,2.320572,270,0,0,0
0,2.803223,357.4113,343.1964,2.283532,270,0,0,0
0,2.814302,357.3882,343.1243,2.255932,270,0,0,0
0,2.825733,357.3432,343.0547,2.221404,270,0,0,0
0,2.836564,357.3322,342.9998,2.176731,270,0,0,0
0,2.847597,357.2937,342.9355,2.144877,270,0,0,0
0,2.859005,357.2715,342.8968,2.115998,270,0,0,0
0,2.870105,357.2474,342.8484,2.10747,270,0,0,0
0,2.881011,357.2386,342.817,2.099685,270,0,0,0
0,2.899108,357.2217,342.7904,2.101498,270,0,0,0
0,2.902759,357.2193,342.7723,2.099856,270,0,0,0
0,2.91481,357.2114,342.7614,2.112896,270,0,0,0
0,2.925599,357.2217,342.7464,2.121415,270,0,0,0
0,2.936465,357.2247,342.7422,2.140593,270,0,0,0
0,2.947581,357.2448,342.7375,2.155808,270,0,0,0
0,2.958643,357.2513,342.7255,2.180839,270,0,0,0
0,2.969884,357.279,342.7063,2.204054,270,0,0,0
0,2.981311,357.2914,342.7183,2.209904,270,0,0,0
0,2.992103,357.3117,342.7031,2.228247,270,0,0,0
0,3.002849,357.3263,342.6874,2.240186,270,0,0,0
0,3.014225,357.331,342.6625,2.261851,270,0,0,0
0,3.026187,357.3488,342.6479,2.267892,270,0,0,0
0,3.03653,357.3515,342.6375,2.293598,270,0,0,0
0,3.054865,357.3651,342.6238,2.2959,270,0,0,0
0,3.058943,357.38,342.6026,2.305299,270,0,0,0
0,3.06995,357.3936,342.5755,2.302598,270,0,0,0
0,3.080883,357.3993,342.559,2.322391,270,0,0,0
0,3.092518,357.4134,342.5354,2.332702,270,0,0,0
0,3.103043,357.4075,342.5291,2.335386,270,0,0,0
0,3.114232,357.3931,342.5297,2.34912,270,0,0,0
0,3.125101,357.3815,342.5421,2.351322,270,0,0,0
0,3.14427,357.3514,342.5696,2.350144,270,0,0,0
0,3.149285,357.3175,342.5944,2.354536,270,0,0,0
0,3.158392,357.3082,342.6229,2.362817,270,0,0,0
0,3.170115,357.3211,342.6493,2.370177,270,0,0,0
0,3.180783,357.332,342.6498,2.391442,270,0,0,0
0,3.19201,357.3708,342.6464,2.411247,270,0,0,0
0,3.212548,357.4109,342.6189,2.434701,270,0,0,0
0,3.217043,357.4638,342.5724,2.450462,270,0,0,0
0,3.225082,357.4973,342.5293,2.473677,270,0,0,0
0,3.23615,357.5169,342.486,2.483031,270,0,0,0
0,3.247276,357.489,342.4559,2.479148,270,0,0,0
0,3.2608,357.4677,342.4477,2.480689,270,0,0,0
0,3.269593,357.4402,342.456,2.463666,270,0,0,0
0,3.280563,357.433,342.4636,2.460584,270,0,0,0
0,3.291727,357.4325,342.4755,2.467567,270,0,0,0
0,3.302688,357.4354,342.4683,2.489094,270,0,0,0
0,3.313966,357.4221,342.4674,2.511133,270,0,0,0
0,3.325182,357.4218,342.4628,2.515269,270,0,0,0
0,3.336218,357.4073,342.4632,2.523457,270,0,0,0
0,3.347273,357.4022,342.4422,2.531687,270,0,0,0
0,3.365967,357.3924,342.4269,2.550103,270,0,0,0
0,3.370425,357.382,342.4128,2.549396,270,0,0,0
0,3.380693,357.3673,342.3958,2.557128,270,0,0,0
0,3.391706,357.3514,342.3736,2.549077,270,0,0,0
0,3.402851,357.354,342.363,2.529031,270,0,0,0
0,3.414285,357.352,342.3489,2.538955,270,0,0,0
0,3.425213,357.3504,342.3423,2.529843,270,0,0,0
0,3.437066,357.3465,342.3293,2.530993,270,0,0,0
0,3.447682,357.3366,342.327,2.526019,270,0,0,0
0,3.458538,357.3298,342.3432,2.520826,270,0,0,0
0,3.469474,357.3262,342.3469,2.518546,270,0,0,0
0,3.480932,357.3162,342.3708,2.514659,270,0,0,0
0,3.491674,357.3162,342.3971,2.510199,270,0,0,0
0,3.503072,357.2927,342.4256,2.515718,270,0,0,0
0,3.522663,357.293,342.4612,2.510096,270,0,0,0
0,3.526568,357.2944,342.4762,2.510117,270,0,0,0
0,3.536212,357.3148,342.4949,2.518263,270,0,0,0
0,3.547184,357.3305,342.5057,2.524979,270,0,0,0
0,3.558382,357.3538,342.5258,2.529295,270,0,0,0
0,3.569393,357.3826,342.519,2.539108,270,0,0,0
0,3.58071,357.4201,342.5234,2.562272,270,0,0,0
0,3.591785,357.4447,342.5144,2.577685,270,0,0,0
0,3.602964,357.4757,342.5148,2.581168,270,0,0,0
0,3.614381,357.4922,342.5066,2.602448,270,0,0,0
0,3.625393,357.5189,342.5051,2.604223,270,0,0,0
0,3.636236,357.5349,342.504,2.614558,270,0,0,0
0,3.647267,357.5369,342.5016,2.617436,270,0,0,0
0,3.658554,357.5367,342.5048,2.613619,270,0,0,0
0,3.677588,357.5332,342.4979,2.60486,270,0,0,0
0,3.680736,357.5224,342.5015,2.605531,270,0,0,0
0,3.691765,357.5277,342.4998,2.611439,270,0,0,0
0,3.702863,357.5365,342.4899,2.615989,270,0,0,0
0,3.714053,357.5415,342.4989,2.637136,270,0,0,0
0,3.725216,357.5473,342.5056,2.631127,270,0,0,0
0,3.736562,357.5508,342.5004,2.632321,270,0,0,0
0,3.74766,357.5478,342.5087,2.628513,270,0,0,0
0,3.758341,357.5505,342.5086,2.625949,270,0,0,0
0,3.769833,357.5596,342.5128,2.624469,270,0,0,0
0,3.780802,357.5735,342.5126,2.621434,270,0,0,0
0,3.79234,357.5851,342.5113,2.615587,270,0,0,0
0,3.802902,357.607,342.506,2.630866,270,0,0,0
0,3.814017,357.6116,342.5009,2.620778,270,0,0,0
0,3.832717,357.6225,342.5004,2.614751,270,0,0,0
0,3.835812,357.6206,342.5062,2.588589,270,0,0,0
0,3.847304,357.6192,342.5088,2.5775,270,0,0,0
0,3.858315,357.6191,342.5114,2.559446,270,0,0,0
0,3.869842,357.6173,342.5211,2.554187,270,0,0,0
0,3.880465,357.6203,342.5142,2.5488,270,0,0,0
0,3.891631,357.6303,342.5193,2.552115,270,0,0,0
0,3.902889,357.6396,342.5174,2.555322,270,0,0,0
0,3.913864,357.6347,342.5215,2.543191,270,0,0,0
0,3.925168,357.6495,342.5287,2.533266,270,0,0,0
0,3.936449,357.6444,342.524,2.538982,270,0,0,0
0,3.947276,357.6341,342.5211,2.51529,270,0,0,0
0,3.958164,357.6398,342.5273,2.525553,270,0,0,0
0,3.969574,357.6465,342.5229,2.53271,270,0,0,0
0,3.988059,357.6583,342.5282,2.546527,270,0,0,0
0,3.991137,357.6531,342.5249,2.553187,270,0,0,0
0,4.002756,357.6538,342.5349,2.55471,270,0,0,0
0,4.013809,357.6559,342.5583,2.553487,270,0,0,0
0,4.024994,357.6622,342.5484,2.552324,270,0,0,0
0,4.036095,357.6614,342.5636,2.549303,270,0,0,0
0,4.047012,357.6693,342.5611,2.543808,270,0,0,0
0,4.058567,357.6749,342.5477,2.54203,270,0,0,0
0,4.069265,357.6737,342.5506,2.53853,270,0,0,0
0,4.080393,357.6763,342.5476,2.545122,270,0,0,0
0,4.091514,357.6895,342.5344,2.554897,270,0,0,0
0,4.102647,357.7006,342.5206,2.557051,270,0,0,0
0,4.113992,357.7042,342.5225,2.566742,270,0,0,0
0,4.124947,357.7049,342.5164,2.575411,270,0,0,0
0,4.144282,357.6989,342.5183,2.568591,270,0,0,0
0,4.147207,357.69,342.5147,2.562782,270,0,0,0
0,4.158168,357.679,342.5334,2.545661,270,0,0,0
0,4.169175,357.6679,342.5375,2.530549,270,0,0,0
0,4.180464,357.6661,342.5378,2.518234,270,0,0,0
0,4.191545,357.6696,342.5497,2.506186,270,0,0,0
0,4.202626,357.6734,342.5496,2.493165,270,0,0,0
0,4.213662,357.6708,342.5529,2.48729,270,0,0,0
0,4.224829,357.6685,342.5636,2.496574,270,0,0,0
0,4.236081,357.6731,342.5635,2.488843,270,0,0,0
0,4.24729,357.6813,342.5645,2.490986,270,0,0,0
0,4.258157,357.6771,342.5743,2.49329,270,0,0,0
0,4.269272,357.6772,342.5803,2.494837,270,0,0,0
0,4.2808,357.6773,342.5968,2.489295,270,0,0,0
0,4.298616,357.6831,342.6068,2.476023,270,0,0,0
0,4.302041,357.6781,342.6195,2.476542,270,0,0,0
0,4.313535,357.673,342.6309,2.460696,270,0,0,0
0,4.325165,357.678,342.6364,2.453223,270,0,0,0
0,4.335951,357.6913,342.6487,2.461909,270,0,0,0
0,4.346933,357.7031,342.6434,2.470478,270,0,0,0
0,4.35817,357.716,342.652,2.478468,270,0,0,0
0,4.370256,357.7347,342.6487,2.483278,270,0,0,0
0,4.380236,357.7585,342.6466,2.474408,270,0,0,0
0,4.391305,357.7601,342.6396,2.469409,270,0,0,0
0,4.403115,357.7693,342.6294,2.46988,270,0,0,0
0,4.413597,357.7754,342.6214,2.479823,270,0,0,0
0,4.4249,357.7801,342.6077,2.490483,270,0,0,0
0,4.436615,357.7846,342.6024,2.49129,270,0,0,0
0,4.453993,357.7873,342.6016,2.496023,270,0,0,0
0,4.457647,357.7903,342.6021,2.49491,270,0,0,0
0,4.469513,357.7955,342.5966,2.503496,270,0,0,0
0,4.480925,357.8121,342.5877,2.514934,270,0,0,0
0,4.491404,357.8108,342.5823,2.53082,270,0,0,0
0,4.502565,357.8022,342.5632,2.535135,270,0,0,0
0,4.513597,357.8026,342.5602,2.532881,270,0,0,0
0,4.525092,357.7787,342.5507,2.531435,270,0,0,0
0,4.535891,357.7649,342.5341,2.534596,270,0,0,0
0,4.547632,357.7389,342.527,2.546163,270,0,0,0
0,4.558043,357.7258,342.5375,2.538209,270,0,0,0
0,4.569112,357.7075,342.5481,2.533081,270,0,0,0
0,4.580388,357.6911,342.567,2.530178,270,0,0,0
0,4.591781,357.6676,342.5916,2.526867,270,0,0,0
0,4.611274,357.6326,342.629,2.519774,270,0,0,0
0,4.616139,357.603,342.6802,2.503789,270,0,0,0
0,4.624733,357.581,342.7195,2.498505,270,0,0,0
0,4.636113,357.5798,342.7579,2.502304,270,0,0,0
0,4.646627,357.5911,342.7802,2.503681,270,0,0,0
0,4.658041,357.6281,342.7629,2.5265,270,0,0,0
0,4.668904,357.6732,342.7429,2.557011,270,0,0,0
0,4.679939,357.6961,342.7003,2.569654,270,0,0,0
0,4.691299,357.7046,342.6873,2.566165,270,0,0,0
0,4.703636,357.6831,342.6631,2.552516,270,0,0,0
0,4.714284,357.6787,342.6522,2.54718,270,0,0,0
0,4.724409,357.6794,342.6636,2.557697,270,0,0,0
0,4.735616,357.6918,342.6589,2.556508,270,0,0,0
0,4.746936,357.7084,342.6528,2.553339,270,0,0,0
0,4.765313,357.7296,342.6526,2.551333,270,0,0,0
0,4.76844,357.732,342.6502,2.558243,270,0,0,0
0,4.779986,357.7447,342.6544,2.557045,270,0,0,0
0,4.790973,357.7479,342.6719,2.55221,270,0,0,0
0,4.802229,357.7546,342.6791,2.540057,270,0,0,0
0,4.813338,357.7412,342.6842,2.546859,270,0,0,0
0,4.824752,357.7501,342.6932,2.552593,270,0,0,0
0,4.835726,357.7371,342.6882,2.562226,270,0,0,0
0,4.846539,357.7466,342.6678,2.57219,270,0,0,0
0,4.857741,357.7391,342.6658,2.569798,270,0,0,0
0,4.868741,357.7487,342.6438,2.571466,270,0,0,0
0,4.879896,357.7471,342.627,2.570501,270,0,0,0
0,4.891015,357.7534,342.5995,2.572388,270,0,0,0
0,4.902847,357.7368,342.577,2.568986,270,0,0,0
0,4.920424,357.7253,342.5753,2.557437,270,0,0,0
0,4.923926,357.7095,342.5847,2.54321,270,0,0,0
0,4.935962,357.6983,342.6112,2.527465,270,0,0,0
0,4.94647,357.683,342.6378,2.510453,270,0,0,0
0,4.95762,357.6782,342.6555,2.503808,270,0,0,0
0,4.968847,357.6673,342.6895,2.509778,270,0,0,0
0,4.980307,357.6664,342.719,2.505138,270,0,0,0
0,4.991596,357.6697,342.7398,2.508008,270,0,0,0
0,5.00217,357.6749,342.7505,2.536904,270,0,0,0
0,5.013663,357.675,342.7527,2.549636,270,0,0,0
0,5.024404,357.6874,342.7521,2.565154,270,0,0,0
0,5.035489,357.6876,342.7506,2.559431,270,0,0,0
0,5.04685,357.6949,342.7542,2.557951,270,0,0,0
0,5.057826,357.7082,342.7471,2.557122,270,0,0,0
0,5.076646,357.7133,342.7563,2.548786,270,0,0,0
0,5.07999,357.7304,342.7473,2.561306,270,0,0,0
0,5.092499,357.7436,342.7405,2.561248,270,0,0,0
0,5.10218,357.7581,342.7408,2.559609,270,0,0,0
0,5.116468,357.77,342.7454,2.565416,270,0,0,0
0,5.124203,357.7803,342.7407,2.568425,270,0,0,0
0,5.135456,357.7769,342.7421,2.565903,270,0,0,0
0,5.146616,357.765,342.736,2.563073,270,0,0,0
0,5.157699,357.7614,342.7363,2.552129,270,0,0,0
0,5.16908,357.7666,342.7374,2.556421,270,0,0,0
0,5.179944,357.7646,342.7281,2.539577,270,0,0,0
0,5.190935,357.7596,342.7312,2.548559,270,0,0,0
0,5.202673,357.7602,342.7261,2.541203,270,0,0,0
0,5.213832,357.7736,342.7253,2.54916,270,0,0,0
0,5.232803,357.7641,342.7214,2.551301,270,0,0,0
0,5.23571,357.7653,342.6991,2.557191,270,0,0,0
0,5.246857,357.7727,342.6839,2.558807,270,0,0,0
0,5.257536,357.7627,342.6718,2.566679,270,0,0,0
0,5.268868,357.7567,342.6564,2.56568,270,0,0,0
0,5.279817,357.7401,342.6435,2.566359,270,0,0,0
0,5.290942,357.7435,342.6377,2.559065,270,0,0,0
0,5.301888,357.7349,342.633,2.550089,270,0,0,0
0,5.313148,357.7289,342.6219,2.533873,270,0,0,0
0,5.324738,357.7216,342.6252,2.521899,270,0,0,0
0,5.337028,357.7098,342.6471,2.510285,270,0,0,0
0,5.346839,357.7046,342.6665,2.492348,270,0,0,0
0,5.357613,357.6889,342.7022,2.467215,270,0,0,0
0,5.369986,357.6762,342.7432,2.469437,270,0,0,0
0,5.38715,357.6872,342.765,2.470424,270,0,0,0
0,5.390649,357.7094,342.7725,2.478366,270,0,0,0
0,5.402331,357.749,342.757,2.498351,270,0,0,0
0,5.413776,357.7701,342.7311,2.506552,270,0,0,0
0,5.424791,357.7717,342.712,2.51416,270,0,0,0
0,5.43563,357.7512,342.7303,2.506968,270,0,0,0
0,5.446754,357.7501,342.756,2.484915,270,0,0,0
0,5.458398,357.7273,342.7784,2.477506,270,0,0,0
0,5.469045,357.7077,342.8234,2.483821,270,0,0,0
0,5.480574,357.6915,342.8501,2.497041,270,0,0,0
0,5.491559,357.7065,342.8626,2.517489,270,0,0,0
0,5.502116,357.7164,342.8821,2.53152,270,0,0,0
0,5.513114,357.7367,342.8928,2.553475,270,0,0,0
0,5.52441,357.7479,342.8773,2.568502,270,0,0,0
0,5.543541,357.7421,342.8577,2.561128,270,0,0,0
0,5.546438,357.7424,342.8241,2.553776,270,0,0,0
0,5.557972,357.7431,342.7724,2.553914,270,0,0,0
0,5.568766,357.7493,342.7457,2.544593,270,0,0,0
0,5.579809,357.756,342.704,2.533614,270,0,0,0
0,5.590914,357.7447,342.6747,2.522201,270,0,0,0
0,5.602172,357.747,342.6393,2.527629,270,0,0,0
0,5.613194,357.7348,342.6159,2.537816,270,0,0,0
0,5.624158,357.738,342.5861,2.534914,270,0,0,0
0,5.636149,357.7419,342.5645,2.546633,270,0,0,0
0,5.64636,357.7351,342.556,2.541896,270,0,0,0
0,5.657477,357.7114,342.5318,2.532529,270,0,0,0
0,5.668706,357.7047,342.5286,2.522593,270,0,0,0
0,5.679773,357.6941,342.5403,2.494782,270,0,0,0
0,5.698018,357.6722,342.5556,2.476391,270,0,0,0
0,5.701689,357.6527,342.5617,2.465375,270,0,0,0
0,5.713634,357.6391,342.5913,2.452069,270,0,0,0
0,5.724186,357.6278,342.6117,2.448367,270,0,0,0
0,5.735314,357.6054,342.6336,2.44482,270,0,0,0
0,5.746765,357.5803,342.6501,2.453129,270,0,0,0
0,5.757438,357.5825,342.6703,2.460206,270,0,0,0
0,5.768819,357.5846,342.682,2.471473,270,0,0,0
0,5.779827,357.5886,342.7071,2.480941,270,0,0,0
0,5.791013,357.6001,342.7378,2.497573,270,0,0,0
0,5.802025,357.5938,342.762,2.505172,270,0,0,0
0,5.812975,357.6143,342.7811,2.510554,270,0,0,0
0,5.823995,357.6198,342.8013,2.487571,270,0,0,0
0,5.835446,357.6379,342.8029,2.492846,270,0,0,0
0,5.853508,357.651,342.7946,2.483953,270,0,0,0
0,5.85724,357.6746,342.782,2.491139,270,0,0,0
0,5.868679,357.689,342.7743,2.495388,270,0,0,0
0,5.879856,357.7119,342.7531,2.498157,270,0,0,0
0,5.890754,357.7172,342.7352,2.516849,270,0,0,0
0,5.902078,357.7241,342.7244,2.519737,270,0,0,0
0,5.913105,357.6825,342.7237,2.525794,270,0,0,0
0,5.924318,357.6751,342.718,2.530597,270,0,0,0
0,5.935796,357.646,342.7219,2.518642,270,0,0,0
0,5.946542,357.6276,342.7138,2.509216,270,0,0,0
0,5.957418,357.6103,342.7218,2.51037,270,0,0,0
0,5.968561,357.6029,342.7262,2.514476,270,0,0,0
0,5.979669,357.5788,342.7198,2.516577,270,0,0,0
0,5.990979,357.5638,342.7214,2.51915,270,0,0,0
0,6.014685,357.5577,342.7242,2.511454,270,0,0,0
0,6.02054,357.5411,342.7185,2.500683,270,0,0,0
0,6.023841,357.5298,342.7291,2.489932,270,0,0,0
0,6.02994,357.5282,342.7444,2.488952,270,0,0,0
0,6.04122,357.5386,342.7514,2.5123,270,0,0,0
0,6.05236,357.5578,342.7469,2.523422,270,0,0,0
0,6.063638,357.6034,342.7074,2.550451,270,0,0,0
0,6.074645,357.6512,342.6616,2.579982,270,0,0,0
0,6.085771,357.6917,342.613,2.590442,270,0,0,0
0,6.096973,357.6906,342.5829,2.570385,270,0,0,0
0,6.107758,357.6631,342.5707,2.567695,270,0,0,0
0,6.118884,357.6217,342.5862,2.537854,270,0,0,0
0,6.130555,357.6135,342.6064,2.502234,270,0,0,0
0,6.141063,357.597,342.627,2.507107,270,0,0,0
0,6.159142,357.6061,342.6458,2.519614,270,0,0,0
0,6.163116,357.6209,342.6578,2.56172,270,0,0,0
0,6.174236,357.6376,342.6559,2.585469,270,0,0,0
0,6.185453,357.6449,342.6317,2.606797,270,0,0,0
0,6.196595,357.6524,342.6216,2.604959,270,0,0,0
0,6.20772,357.6555,342.6005,2.589906,270,0,0,0
0,6.218913,357.6542,342.5536,2.592806,270,0,0,0
0,6.229956,357.6667,342.5302,2.601693,270,0,0,0
0,6.241144,357.6689,342.4892,2.601946,270,0,0,0
0,6.25219,357.6602,342.4486,2.592235,270,0,0,0
0,6.263257,357.6562,342.4275,2.584294,270,0,0,0
0,6.274335,357.6474,342.4171,2.568508,270,0,0,0
0,6.285338,357.6479,342.3824,2.551571,270,0,0,0
0,6.296662,357.6512,342.3746,2.557107,270,0,0,0
0,6.317286,357.6605,342.3671,2.56047,270,0,0,0
0,6.320123,357.6695,342.3544,2.580378,270,0,0,0
0,6.32981,357.6747,342.3724,2.579425,270,0,0,0
0,6.34116,357.6682,342.3791,2.587319,270,0,0,0
0,6.352515,357.6506,342.4051,2.581136,270,0,0,0
0,6.363327,357.6371,342.4225,2.583507,270,0,0,0
0,6.374502,357.598,342.4643,2.596956,270,0,0,0
0,6.385792,357.5798,342.4834,2.602806,270,0,0,0
0,6.397312,357.5697,342.5084,2.619958,270,0,0,0
0,6.408545,357.5503,342.5336,2.640472,270,0,0,0
0,6.419937,357.5566,342.5324,2.672582,270,0,0,0
0,6.432029,357.5655,342.5453,2.691182,270,0,0,0
0,6.443485,357.5638,342.553,2.698649,270,0,0,0
0,6.454614,357.5669,342.5453,2.696544,270,0,0,0
0,6.474785,357.5724,342.5615,2.690501,270,0,0,0
0,6.478755,357.5735,342.5732,2.686142,270,0,0,0
0,6.488114,357.5951,342.584,2.681465,270,0,0,0
0,6.49961,357.6008,342.585,2.689939,270,0,0,0
0,6.511025,357.6057,342.5842,2.692684,270,0,0,0
0,6.522346,357.6091,342.5815,2.684981,270,0,0,0
0,6.533484,357.6101,342.5935,2.676604,270,0,0,0
0,6.545222,357.6176,342.5934,2.675599,270,0,0,0
0,6.556583,357.627,342.5922,2.678483,270,0,0,0
0,6.567908,357.6154,342.5926,2.678766,270,0,0,0
0,6.578924,357.61,342.5911,2.675617,270,0,0,0
0,6.590597,357.6102,342.596,2.660449,270,0,0,0
0,6.601357,357.6052,342.585,2.648128,270,0,0,0
0,6.61281,357.6016,342.5886,2.639611,270,0,0,0
0,6.632025,357.6175,342.5896,2.625292,270,0,0,0
0,6.635345,357.6321,342.589,2.618983,270,0,0,0
0,6.646144,357.6361,342.593,2.613009,270,0,0,0
0,6.65746,357.6414,342.5835,2.618496,270,0,0,0
0,6.668209,357.6339,342.5723,2.621555,270,0,0,0
0,6.67929,357.6335,342.5845,2.613098,270,0,0,0
0,6.690681,357.6252,342.5919,2.621047,270,0,0,0
0,6.702289,357.6251,342.5915,2.629189,270,0,0,0
0,6.712675,357.6312,342.5908,2.628639,270,0,0,0
0,6.72388,357.6214,342.6086,2.615511,270,0,0,0
0,6.734941,357.6235,342.6318,2.607809,270,0,0,0
0,6.746644,357.6183,342.6465,2.594681,270,0,0,0
0,6.75744,357.6264,342.6639,2.594379,270,0,0,0
0,6.768597,357.6329,342.6824,2.591037,270,0,0,0
0,6.786383,357.6251,342.6932,2.59925,270,0,0,0
0,6.790131,357.6238,342.7068,2.594996,270,0,0,0
0,6.801588,357.6213,342.7189,2.585057,270,0,0,0
0,6.812675,357.618,342.725,2.586179,270,0,0,0
0,6.824389,357.6277,342.7299,2.593193,270,0,0,0
0,6.834992,357.6247,342.744,2.598409,270,0,0,0
0,6.846002,357.6416,342.7454,2.600052,270,0,0,0
0,6.857023,357.6493,342.7543,2.604389,270,0,0,0
0,6.868375,357.6559,342.7512,2.593299,270,0,0,0
0,6.879366,357.6703,342.7353,2.584195,270,0,0,0
0,6.890485,357.6753,342.7213,2.591383,270,0,0,0
0,6.90165,357.6871,342.7077,2.576089,270,0,0,0
0,6.912714,357.6948,342.6717,2.563238,270,0,0,0
0,6.924424,357.7008,342.6551,2.553405,270,0,0,0
0,6.943466,357.6802,342.637,2.551648,270,0,0,0
0,6.946607,357.6762,342.6232,2.539085,270,0,0,0
0,6.956918,357.6631,342.6216,2.531142,270,0,0,0
0,6.968153,357.6628,342.6108,2.53128,270,0,0,0
0,6.9792,357.6535,342.6063,2.510353,270,0,0,0
0,6.99003,357.644,342.6031,2.491902,270,0,0,0
0,7.001183,357.6399,342.5969,2.485501,270,0,0,0
0,7.012595,357.624,342.6003,2.479773,270,0,0,0
0,7.023372,357.6018,342.6049,2.461691,270,0,0,0
0,7.034597,357.5901,342.6023,2.453992,270,0,0,0
0,7.045782,357.5794,342.6092,2.445364,270,0,0,0
0,7.057018,357.5781,342.6046,2.430259,270,0,0,0
0,7.068127,357.5842,342.6021,2.430321,270,0,0,0
0,7.079033,357.5915,342.593,2.420389,270,0,0,0
0,7.097194,357.5957,342.5952,2.413814,270,0,0,0
0,7.100882,357.6132,342.6042,2.404878,270,0,0,0
0,7.112361,357.6115,342.6066,2.412908,270,0,0,0
0,7.123962,357.6199,342.6051,2.417787,270,0,0,0
0,7.134568,357.6213,342.61,2.415952,270,0,0,0
0,7.145581,357.6333,342.6015,2.42375,270,0,0,0
0,7.157158,357.6374,342.6037,2.413935,270,0,0,0
0,7.167865,357.6469,342.5975,2.415003,270,0,0,0
0,7.178921,357.6506,342.5796,2.432586,270,0,0,0
0,7.190061,357.6482,342.5773,2.441441,270,0,0,0
0,7.201195,357.6428,342.5576,2.438186,270,0,0,0
0,7.21284,357.6373,342.5522,2.442678,270,0,0,0
0,7.223618,357.6166,342.5574,2.43366,270,0,0,0
0,7.235524,357.6033,342.5573,2.431808,270,0,0,0
0,7.25223,357.5961,342.5655,2.429098,270,0,0,0
0,7.25633,357.5891,342.5619,2.417944,270,0,0,0
0,7.268089,357.5799,342.5683,2.412984,270,0,0,0
0,7.278934,357.5834,342.5808,2.402792,270,0,0,0
0,7.29049,357.5887,342.5877,2.406529,270,0,0,0
0,7.301105,357.5929,342.5966,2.394355,270,0,0,0
0,7.312302,357.591,342.6026,2.406846,270,0,0,0
0,7.323484,357.593,342.6115,2.408504,270,0,0,0
0,7.33457,357.6104,342.6115,2.400654,270,0,0,0
0,7.346091,357.6284,342.5888,2.395526,270,0,0,0
0,7.357134,357.6337,342.5742,2.400269,270,0,0,0
0,7.368464,357.6474,342.5584,2.403384,270,0,0,0
0,7.379356,357.658,342.5437,2.40749,270,0,0,0
0,7.390485,357.6531,342.5276,2.422693,270,0,0,0
0,7.409246,357.6488,342.5315,2.412114,270,0,0,0
0,7.413213,357.6403,342.5351,2.397099,270,0,0,0
0,7.423447,357.6382,342.5247,2.385537,270,0,0,0
0,7.435407,357.6516,342.5222,2.390415,270,0,0,0
0,7.445642,357.6676,342.5135,2.388528,270,0,0,0
0,7.457254,357.6835,342.4844,2.392015,270,0,0,0
0,7.468448,357.6866,342.4608,2.394513,270,0,0,0
0,7.479137,357.6872,342.4537,2.38361,270,0,0,0
0,7.489992,357.6854,342.4431,2.37188,270,0,0,0
0,7.501167,357.6805,342.4354,2.368891,270,0,0,0
0,7.512355,357.6931,342.4294,2.36055,270,0,0,0
0,7.523444,357.6859,342.4346,2.363197,270,0,0,0
0,7.534765,357.7008,342.4171,2.356822,270,0,0,0
0,7.545794,357.6906,342.4212,2.365327,270,0,0,0
0,7.565757,357.6952,342.4233,2.373596,270,0,0,0
0,7.572058,357.6957,342.4429,2.373484,270,0,0,0
0,7.578714,357.6889,342.4428,2.370859,270,0,0,0
0,7.589911,357.6844,342.4514,2.375885,270,0,0,0
0,7.601022,357.6755,342.4621,2.362487,270,0,0,0
0,7.612283,357.6794,342.4785,2.363631,270,0,0,0
0,7.623391,357.6812,342.4813,2.368496,270,0,0,0
0,7.634385,357.6984,342.4947,2.37464,270,0,0,0
0,7.645867,357.7072,342.5013,2.379585,270,0,0,0
0,7.656624,357.7221,342.4987,2.381655,270,0,0,0
0,7.667617,357.7377,342.4992,2.396567,270,0,0,0
0,7.678884,357.7531,342.5045,2.384245,270,0,0,0
0,7.689922,357.7662,342.5066,2.375341,270,0,0,0
0,7.701333,357.7759,342.5163,2.36604,270,0,0,0
0,7.720225,357.7858,342.5121,2.366843,270,0,0,0
0,7.722947,357.8024,342.5188,2.366818,270,0,0,0
0,7.734425,357.8165,342.5204,2.368058,270,0,0,0
0,7.745704,357.8376,342.5218,2.369947,270,0,0,0
0,7.75665,357.8428,342.5238,2.376802,270,0,0,0
0,7.767902,357.8455,342.5326,2.378925,270,0,0,0
0,7.778834,357.8427,342.5388,2.370008,270,0,0,0
0,7.790115,357.8413,342.5499,2.359528,270,0,0,0
0,7.801187,357.8378,342.5672,2.346841,270,0,0,0
0,7.812392,357.8484,342.5631,2.348386,270,0,0,0
0,7.823152,357.8587,342.5533,2.359303,270,0,0,0
0,7.834299,357.8615,342.5472,2.349909,270,0,0,0
0,7.845366,357.8745,342.5366,2.340182,270,0,0,0
0,7.856645,357.868,342.5217,2.358094,270,0,0,0
0,7.875802,357.8782,342.5085,2.36749,270,0,0,0
0,7.878818,357.8972,342.5065,2.367659,270,0,0,0
0,7.890329,357.8972,342.497,2.374012,270,0,0,0
0,7.901172,357.9032,342.4949,2.353639,270,0,0,0
0,7.912029,357.9194,342.4666,2.345383,270,0,0,0
0,7.923194,357.9358,342.4525,2.343444,270,0,0,0
0,7.935011,357.95,342.4292,2.356992,270,0,0,0
0,7.945293,357.954,342.42,2.370846,270,0,0,0
0,7.956463,357.9659,342.4274,2.370889,270,0,0,0
0,7.967705,357.9641,342.421,2.367964,270,0,0,0
0,7.978758,357.9531,342.4206,2.36677,270,0,0,0
0,7.989786,357.949,342.4021,2.36275,270,0,0,0
0,8.001227,357.9527,342.3687,2.368541,270,0,0,0
0,8.012094,357.9648,342.3565,2.373576,270,0,0,0
0,8.02964,357.9749,342.3369,2.359512,270,0,0,0
0,8.033845,357.98,342.3356,2.355646,270,0,0,0
0,8.045217,357.9791,342.3321,2.354189,270,0,0,0
0,8.056812,357.9906,342.3333,2.345282,270,0,0,0
0,8.067425,357.9892,342.3347,2.352631,270,0,0,0
0,8.078571,357.9818,342.3315,2.35343,270,0,0,0
0,8.089914,357.9936,342.3362,2.360176,270,0,0,0
0,8.100926,358.0163,342.3342,2.377338,270,0,0,0
0,8.111952,358.0324,342.3256,2.397641,270,0,0,0
0,8.12295,358.058,342.3191,2.413127,270,0,0,0
0,8.135056,358.0715,342.3105,2.425844,270,0,0,0
0,8.145143,358.0766,342.2993,2.452866,270,0,0,0
0,8.156288,358.071,342.2927,2.444228,270,0,0,0
0,8.167576,358.0647,342.2945,2.446129,270,0,0,0
0,8.18604,358.0595,342.299,2.453931,270,0,0,0
0,8.189217,358.0441,342.2802,2.457257,270,0,0,0
0,8.20091,358.059,342.2848,2.470139,270,0,0,0
0,8.211938,358.0896,342.2706,2.512791,270,0,0,0
0,8.222908,358.0914,342.2743,2.539119,270,0,0,0
0,8.23448,358.1214,342.2664,2.539275,270,0,0,0
0,8.245215,358.1245,342.2617,2.542452,270,0,0,0
0,8.256517,358.1334,342.2555,2.561383,270,0,0,0
0,8.267619,358.1262,342.2517,2.568158,270,0,0,0
0,8.278826,358.127,342.2518,2.574896,270,0,0,0
0,8.289581,358.1179,342.2464,2.590074,270,0,0,0
0,8.301299,358.1099,342.2272,2.58675,270,0,0,0
0,8.311798,358.1052,342.227,2.608575,270,0,0,0
0,8.323064,358.1087,342.2213,2.617298,270,0,0,0
0,8.341289,358.1069,342.2121,2.625633,270,0,0,0
0,8.344769,358.1038,342.2058,2.643827,270,0,0,0
0,8.356524,358.1108,342.1985,2.648604,270,0,0,0
0,8.36799,358.1267,342.1777,2.676657,270,0,0,0
0,8.378704,358.1245,342.1664,2.689585,270,0,0,0
0,8.389843,358.1397,342.1455,2.698271,270,0,0,0
0,8.401684,358.146,342.1299,2.700071,270,0,0,0
0,8.41208,358.1451,342.1104,2.690975,270,0,0,0
0,8.42323,358.1463,342.0959,2.684008,270,0,0,0
0,8.434241,358.1459,342.0883,2.680334,270,0,0,0
0,8.44539,358.1468,342.077,2.687185,270,0,0,0
0,8.456346,358.1489,342.049,2.688878,270,0,0,0
0,8.467481,358.1594,342.0329,2.703294,270,0,0,0
0,8.479417,358.1685,342.0004,2.724438,270,0,0,0
0,8.498842,358.1714,341.974,2.737194,270,0,0,0
0,8.502237,358.1704,341.959,2.745757,270,0,0,0
0,8.512085,358.1679,341.9441,2.746536,270,0,0,0
0,8.523083,358.1516,341.9348,2.7427,270,0,0,0
0,8.534404,358.1569,341.9325,2.739023,270,0,0,0
0,8.545765,358.1636,341.9168,2.729202,270,0,0,0
0,8.556726,358.1647,341.9007,2.746069,270,0,0,0
0,8.567832,358.17,341.8786,2.743896,270,0,0,0
0,8.579023,358.1819,341.8513,2.750694,270,0,0,0
0,8.590406,358.191,341.838,2.759142,270,0,0,0
0,8.600975,358.1863,341.8313,2.762731,270,0,0,0
0,8.611914,358.1727,341.8242,2.756478,270,0,0,0
0,8.623185,358.1624,341.8234,2.756036,270,0,0,0
0,8.634218,358.1557,341.8014,2.745797,270,0,0,0
0,8.653436,358.1463,341.789,2.751483,270,0,0,0
0,8.656727,358.1371,341.7676,2.75816,270,0,0,0
0,8.667274,358.1283,341.7708,2.765023,270,0,0,0
0,8.678503,358.1353,341.7479,2.766779,270,0,0,0
0,8.689711,358.1357,341.7304,2.762366,270,0,0,0
0,8.700676,358.1389,341.7261,2.773673,270,0,0,0
0,8.712042,358.1423,341.6992,2.788915,270,0,0,0
0,8.722965,358.14,341.6768,2.807981,270,0,0,0
0,8.734273,358.1246,341.674,2.826617,270,0,0,0
0,8.745652,358.1181,341.6588,2.844141,270,0,0,0
0,8.756523,358.11,341.6459,2.855361,270,0,0,0
0,8.767356,358.0934,341.6262,2.861879,270,0,0,0
0,8.778463,358.0913,341.6115,2.86492,270,0,0,0
0,8.790132,358.0671,341.5946,2.862283,270,0,0,0
0,8.810191,358.0536,341.5793,2.861062,270,0,0,0
0,8.813862,358.039,341.5585,2.85638,270,0,0,0
0,8.822913,358.0152,341.5522,2.863564,270,0,0,0
0,8.834341,358.0078,341.5575,2.864436,270,0,0,0
0,8.845309,357.9947,341.5481,2.863793,270,0,0,0
0,8.858085,357.9812,341.5622,2.857476,270,0,0,0
0,8.867529,357.9613,341.5721,2.845681,270,0,0,0
0,8.878515,357.9317,341.6057,2.844959,270,0,0,0
0,8.889533,357.9296,341.6435,2.852036,270,0,0,0
0,8.900738,357.9361,341.6605,2.85622,270,0,0,0
0,8.91163,357.9957,341.6569,2.890462,270,0,0,0
0,8.922635,358.0372,341.6393,2.915255,270,0,0,0
0,8.933932,358.0781,341.6116,2.924864,270,0,0,0
0,8.944922,358.0785,341.603,2.924045,270,0,0,0
0,8.966415,358.0544,341.6049,2.899577,270,0,0,0
0,8.970325,358.0201,341.6483,2.86667,270,0,0,0
0,8.978563,357.9856,341.6845,2.837077,270,0,0,0
0,8.989152,357.9637,341.7278,2.831671,270,0,0,0
0,8.999895,357.9808,341.766,2.849935,270,0,0,0
0,9.011225,358.0196,341.7802,2.884443,270,0,0,0
0,9.022409,358.0717,341.764,2.929732,270,0,0,0
0,9.033117,358.1334,341.7417,2.957721,270,0,0,0
0,9.044333,358.1729,341.7066,2.955946,270,0,0,0
0,9.055577,358.2084,341.6525,2.960124,270,0,0,0
0,9.066447,358.2219,341.6152,2.956803,270,0,0,0
0,9.0776,358.2185,341.5747,2.932379,270,0,0,0
0,9.088764,358.2001,341.5524,2.929798,270,0,0,0
0,9.100029,358.1773,341.5399,2.892081,270,0,0,0
0,9.118586,358.1524,341.5451,2.87494,270,0,0,0
0,9.121753,358.1363,341.5392,2.873879,270,0,0,0
0,9.133251,358.1262,341.5369,2.877788,270,0,0,0
0,9.14423,358.1323,341.535,2.887809,270,0,0,0
0,9.155554,358.1423,341.5191,2.904128,270,0,0,0
0,9.166394,358.1315,341.5371,2.905117,270,0,0,0
0,9.177448,358.1313,341.5289,2.909018,270,0,0,0
0,9.188594,358.1334,341.5322,2.915313,270,0,0,0
0,9.199785,358.1227,341.5159,2.904446,270,0,0,0
0,9.210852,358.1138,341.4982,2.900412,270,0,0,0
0,9.221944,358.0994,341.4929,2.901909,270,0,0,0
0,9.233174,358.0904,341.4678,2.887442,270,0,0,0
0,9.244411,358.0839,341.4485,2.881486,270,0,0,0
0,9.2554,358.0685,341.4453,2.870788,270,0,0,0
0,9.275036,358.0656,341.4288,2.866034,270,0,0,0
0,9.277984,358.0505,341.4304,2.867993,270,0,0,0
0,9.288557,358.0492,341.4284,2.866786,270,0,0,0
0,9.300071,358.0349,341.4518,2.879905,270,0,0,0
0,9.310701,358.0174,341.4658,2.887253,270,0,0,0
0,9.321803,357.9908,341.493,2.886245,270,0,0,0
0,9.333305,357.9766,341.5286,2.875378,270,0,0,0
0,9.344582,357.9683,341.553,2.865268,270,0,0,0
0,9.355765,357.9821,341.5456,2.858159,270,0,0,0
0,9.366994,357.992,341.5417,2.861449,270,0,0,0
0,9.377906,358.0065,341.5115,2.865495,270,0,0,0
0,9.389582,358.0248,341.494,2.859701,270,0,0,0
0,9.40025,358.031,341.4722,2.84522,270,0,0,0
0,9.411762,358.0205,341.4648,2.828236,270,0,0,0
0,9.429262,358.0055,341.4492,2.819331,270,0,0,0
0,9.434251,358.0022,341.4415,2.810055,270,0,0,0
0,9.444591,357.98,341.4268,2.808404,270,0,0,0
0,9.45577,357.9471,341.4261,2.798007,270,0,0,0
0,9.467251,357.9222,341.4411,2.785649,270,0,0,0
0,9.478111,357.8792,341.4357,2.762957,270,0,0,0
0,9.489317,357.8318,341.4434,2.728858,270,0,0,0
0,9.500544,357.7821,341.445,2.700331,270,0,0,0
0,9.512061,357.7598,341.4309,2.688154,270,0,0,0
0,9.522579,357.7397,341.409,2.69555,270,0,0,0
0,9.533614,357.7241,341.3831,2.717752,270,0,0,0
0,9.544979,357.7075,341.3582,2.722018,270,0,0,0
0,9.556043,357.718,341.349,2.751792,270,0,0,0
0,9.56694,357.7157,341.3497,2.743407,270,0,0,0
0,9.584571,357.7061,341.3542,2.746346,270,0,0,0
0,9.589287,357.6959,341.356,2.746104,270,0,0,0
0,9.600229,357.69,341.3692,2.746813,270,0,0,0
0,9.611365,357.6754,341.391,2.73254,270,0,0,0
0,9.622783,357.6572,341.4133,2.725169,270,0,0,0
0,9.633479,357.633,341.4388,2.728125,270,0,0,0
0,9.644935,357.6283,341.4621,2.720482,270,0,0,0
0,9.65577,357.6056,341.4837,2.722953,270,0,0,0
0,9.667863,357.5883,341.5114,2.72505,270,0,0,0
0,9.678592,357.5799,341.5293,2.740817,270,0,0,0
0,9.690079,357.5614,341.5643,2.743089,270,0,0,0
0,9.70089,357.5481,341.5887,2.742318,270,0,0,0
0,9.712298,357.5351,341.6244,2.744453,270,0,0,0
0,9.723041,357.5313,341.6563,2.731824,270,0,0,0
0,9.741434,357.5225,341.6829,2.714698,270,0,0,0
0,9.746305,357.5216,341.7039,2.69749,270,0,0,0
0,9.75673,357.5173,341.7257,2.69279,270,0,0,0
0,9.76775,357.5276,341.7488,2.678023,270,0,0,0
0,9.77894,357.5343,341.7648,2.670669,270,0,0,0
0,9.789785,357.5481,341.7721,2.656785,270,0,0,0
0,9.8009,357.5541,341.7725,2.648672,270,0,0,0
0,9.812103,357.5604,341.7762,2.648175,270,0,0,0
0,9.822858,357.5764,341.7748,2.640276,270,0,0,0
0,9.834227,357.5812,341.7502,2.635603,270,0,0,0
0,9.845286,357.5913,341.7403,2.635706,270,0,0,0
0,9.856622,357.6008,341.7174,2.612571,270,0,0,0
0,9.867379,357.6096,341.6887,2.601175,270,0,0,0
0,9.878534,357.6165,341.6474,2.590446,270,0,0,0
0,9.897182,357.6097,341.6194,2.583684,270,0,0,0
0,9.901818,357.5971,341.5775,2.57558,270,0,0,0
0,9.912015,357.5767,341.5518,2.560252,270,0,0,0
0,9.923129,357.5414,341.5277,2.548037,270,0,0,0
0,9.935508,357.5204,341.5034,2.5355,270,0,0,0
0,9.945115,357.4809,341.4778,2.52997,270,0,0,0
0,9.956257,357.4421,341.4697,2.527704,270,0,0,0
0,9.967543,357.4188,341.4653,2.535097,270,0,0,0
0,9.97821,357.4164,341.4512,2.522629,270,0,0,0
0,9.989302,357.3936,341.4499,2.525634,270,0,0,0
0,10.00076,357.3887,341.4517,2.54012,270,0,0,0
0,10.01245,357.3804,341.4534,2.552351,270,0,0,0
0,10.02935,357.3883,341.4639,2.565482,270,0,0,0
0,10.04163,357.3842,341.4665,2.56466,270,0,0,0
0,10.05211,357.3853,341.4761,2.558579,270,0,0,0
0,10.056,357.3764,341.4731,2.56083,270,0,0,0
0,10.06749,357.376,341.4802,2.567659,270,0,0,0
0,10.07853,357.3759,341.4918,2.574417,270,0,0,0
0,10.09316,357.3862,341.5041,2.575974,270,0,0,0
0,10.10004,357.3997,341.5196,2.599169,270,0,0,0
0,10.11107,357.4048,341.5234,2.595546,270,0,0,0
0,10.12241,357.4046,341.5438,2.618232,270,0,0,0
0,10.13345,357.4072,341.5579,2.612294,270,0,0,0
0,10.14437,357.4006,341.5574,2.609381,270,0,0,0
0,10.1555,357.4111,341.5667,2.610417,270,0,0,0
0,10.16653,357.4124,341.5613,2.615948,270,0,0,0
0,10.17769,357.4131,341.546,2.629438,270,0,0,0
0,10.18897,357.4264,341.5292,2.629332,270,0,0,0
0,10.20721,357.4379,341.5144,2.614266,270,0,0,0
0,10.21069,357.4263,341.4883,2.614364,270,0,0,0
0,10.22212,357.4167,341.4828,2.59994,270,0,0,0
0,10.23318,357.3952,341.4898,2.583708,270,0,0,0
0,10.24437,357.3616,341.5022,2.56253,270,0,0,0
0,10.25549,357.3381,341.4986,2.550791,270,0,0,0
0,10.2667,357.3164,341.523,2.535624,270,0,0,0
0,10.27804,357.3132,341.536,2.549152,270,0,0,0
0,10.28884,357.3065,341.5433,2.573915,270,0,0,0
0,10.29984,357.2953,341.5519,2.575961,270,0,0,0
0,10.31096,357.3046,341.5575,2.594833,270,0,0,0
0,10.32209,357.2975,341.5618,2.594239,270,0,0,0
0,10.33317,357.3076,341.5598,2.599867,270,0,0,0
0,10.34529,357.3119,341.5446,2.608187,270,0,0,0
0,10.36342,357.3138,341.5163,2.617271,270,0,0,0
0,10.37308,357.3083,341.4873,2.616906,270,0,0,0
0,10.38077,357.3117,341.4741,2.591779,270,0,0,0
0,10.39254,357.3184,341.4604,2.573824,270,0,0,0
0,10.40816,357.3142,341.4388,2.554345,270,0,0,0
0,10.41144,357.3352,341.4298,2.550666,270,0,0,0
0,10.42659,357.338,341.4228,2.537906,270,0,0,0
0,10.43964,357.3589,341.4115,2.535079,270,0,0,0
0,10.44719,357.3691,341.4043,2.546132,270,0,0,0
0,10.45931,357.378,341.4058,2.548134,270,0,0,0
0,10.47111,357.3885,341.4073,2.553592,270,0,0,0
0,10.48218,357.3897,341.4084,2.547435,270,0,0,0
0,10.49355,357.3795,341.3996,2.550267,270,0,0,0
0,10.50398,357.3772,341.3983,2.55625,270,0,0,0
0,10.5338,357.3808,341.3868,2.541218,270,0,0,0
0,10.53669,357.3763,341.3823,2.533816,270,0,0,0
0,10.54479,357.3858,341.3893,2.5239,270,0,0,0
0,10.55847,357.4019,341.3918,2.531725,270,0,0,0
0,10.56492,357.4142,341.3931,2.534801,270,0,0,0
0,10.57607,357.4214,341.3837,2.55601,270,0,0,0
0,10.58725,357.4414,341.3766,2.568516,270,0,0,0
0,10.59854,357.4517,341.3608,2.580025,270,0,0,0
0,10.60933,357.463,341.3524,2.59032,270,0,0,0
0,10.62078,357.4653,341.3374,2.592792,270,0,0,0
0,10.63153,357.4783,341.3363,2.595817,270,0,0,0
0,10.64265,357.4645,341.3221,2.59763,270,0,0,0
0,10.654,357.4491,341.3109,2.595179,270,0,0,0
0,10.67253,357.4583,341.3165,2.582223,270,0,0,0
0,10.67575,357.4552,341.3284,2.589823,270,0,0,0
0,10.68711,357.4285,341.3452,2.589923,270,0,0,0
0,10.69838,357.4194,341.358,2.591407,270,0,0,0
0,10.70941,357.4122,341.3882,2.579041,270,0,0,0
0,10.72045,357.4024,341.4245,2.593415,270,0,0,0
0,10.73164,357.4013,341.4278,2.59863,270,0,0,0
0,10.74282,357.4099,341.443,2.604196,270,0,0,0
0,10.75449,357.4102,341.4644,2.624418,270,0,0,0
0,10.76856,357.4118,341.4653,2.636253,270,0,0,0
0,10.78048,357.4143,341.4772,2.640829,270,0,0,0
0,10.79035,357.4246,341.4685,2.65675,270,0,0,0
0,10.8053,357.4266,341.4843,2.655777,270,0,0,0
0,10.81738,357.4188,341.4867,2.654351,270,0,0,0
0,10.82378,357.4405,341.4857,2.643112,270,0,0,0
0,10.83978,357.4566,341.4688,2.642525,270,0,0,0
0,10.85034,357.4731,341.4494,2.627089,270,0,0,0
0,10.85421,357.489,341.4248,2.618134,270,0,0,0
0,10.86508,357.5041,341.4003,2.608711,270,0,0,0
0,10.87631,357.5104,341.378,2.595244,270,0,0,0
0,10.88718,357.5136,341.3693,2.569814,270,0,0,0
0,10.89818,357.5107,341.3585,2.560888,270,0,0,0
0,10.90968,357.4865,341.3521,2.540101,270,0,0,0
0,10.92085,357.4912,341.3331,2.527953,270,0,0,0
0,10.93214,357.4726,341.3364,2.511668,270,0,0,0
0,10.94324,357.4548,341.3386,2.483897,270,0,0,0
0,10.95455,357.4444,341.3281,2.46388,270,0,0,0
0,10.9661,357.4462,341.3288,2.454803,270,0,0,0
0,10.98567,357.446,341.3087,2.455368,270,0,0,0
0,10.98867,357.4478,341.301,2.460646,270,0,0,0
0,10.99925,357.4594,341.2987,2.45883,270,0,0,0
0,11.01072,357.4697,341.3116,2.47237,270,0,0,0
0,11.02177,357.4802,341.3188,2.485937,270,0,0,0
0,11.03305,357.5175,341.3224,2.482145,270,0,0,0
0,11.04431,357.5338,341.3226,2.488797,270,0,0,0
0,11.0554,357.5434,341.3103,2.504453,270,0,0,0
0,11.06626,357.5447,341.2949,2.515091,270,0,0,0
0,11.07752,357.569,341.2819,2.513935,270,0,0,0
0,11.08858,357.6056,341.2454,2.51898,270,0,0,0
0,11.0997,357.6135,341.2224,2.528041,270,0,0,0
0,11.11073,357.6202,341.195,2.541967,270,0,0,0
0,11.12202,357.6299,341.172,2.550372,270,0,0,0
0,11.14102,357.6526,341.1809,2.537524,270,0,0,0
0,11.14389,357.6603,341.1754,2.540941,270,0,0,0
0,11.15565,357.6634,341.1758,2.528885,270,0,0,0
0,11.1675,357.6519,341.1789,2.539922,270,0,0,0
0,11.17841,357.658,341.1917,2.528951,270,0,0,0
0,11.18893,357.6516,341.2059,2.520847,270,0,0,0
0,11.20054,357.651,341.2172,2.526762,270,0,0,0
0,11.21214,357.655,341.2138,2.535827,270,0,0,0
0,11.2222,357.6696,341.2181,2.548593,270,0,0,0
0,11.23346,357.682,341.2258,2.549598,270,0,0,0
0,11.24599,357.6971,341.2247,2.540395,270,0,0,0
0,11.25662,357.7191,341.2205,2.54429,270,0,0,0
0,11.27913,357.7263,341.2047,2.553809,270,0,0,0
0,11.29408,357.7492,341.1865,2.563337,270,0,0,0
0,11.29781,357.7884,341.1616,2.565432,270,0,0,0
0,11.30901,357.7972,341.1497,2.564615,270,0,0,0
0,11.31988,357.8182,341.1219,2.572414,270,0,0,0
0,11.33028,357.8388,341.1099,2.559434,270,0,0,0
0,11.34136,357.8583,341.0881,2.554948,270,0,0,0
0,11.35472,357.8748,341.0721,2.557507,270,0,0,0
0,11.36395,357.8831,341.0633,2.556435,270,0,0,0
0,11.37528,357.8899,341.0367,2.545518,270,0,0,0
0,11.38643,357.8921,341.0208,2.536406,270,0,0,0
0,11.39739,357.9126,341.0184,2.542464,270,0,0,0
0,11.40882,357.923,341.0132,2.54394,270,0,0,0
0,11.41954,357.9168,341.0182,2.547918,270,0,0,0
0,11.43103,357.9247,341.0009,2.554003,270,0,0,0
0,11.45139,357.9347,340.9849,2.539315,270,0,0,0
0,11.4545,357.9457,340.9735,2.558304,270,0,0,0
0,11.46484,357.9642,340.9616,2.564218,270,0,0,0
0,11.47483,357.9975,340.957,2.573137,270,0,0,0
0,11.48748,358.012,340.9603,2.580321,270,0,0,0
0,11.49883,358.0304,340.9411,2.593979,270,0,0,0
0,11.51177,358.0389,340.9177,2.620004,270,0,0,0
0,11.51998,358.0464,340.9093,2.642168,270,0,0,0
0,11.53137,358.0467,340.9041,2.652648,270,0,0,0
0,11.54336,358.0503,340.8838,2.657993,270,0,0,0
0,11.55375,358.0558,340.8726,2.660688,270,0,0,0
0,11.56452,358.0411,340.865,2.66975,270,0,0,0
0,11.57587,358.0552,340.8629,2.675962,270,0,0,0
0,11.58677,358.0501,340.8607,2.695448,270,0,0,0
0,11.60653,358.0402,340.8768,2.692259,270,0,0,0
0,11.61032,358.0516,340.886,2.688682,270,0,0,0
0,11.62024,358.0414,340.9042,2.701754,270,0,0,0
0,11.63049,358.0528,340.8936,2.71061,270,0,0,0
0,11.64143,358.06,340.9019,2.717984,270,0,0,0
0,11.65266,358.0704,340.9059,2.726424,270,0,0,0
0,11.66363,358.067,340.912,2.729725,270,0,0,0
0,11.67499,358.0767,340.9167,2.742234,270,0,0,0
0,11.68658,358.0873,340.9108,2.747884,270,0,0,0
0,11.69724,358.0928,340.9122,2.755977,270,0,0,0
0,11.70886,358.0943,340.9086,2.750751,270,0,0,0
0,11.71997,358.108,340.9294,2.746614,270,0,0,0
0,11.73117,358.1192,340.9267,2.744212,270,0,0,0
0,11.74269,358.1387,340.9318,2.742532,270,0,0,0
0,11.76353,358.1436,340.942,2.74736,270,0,0,0
0,11.76673,358.1582,340.9535,2.743551,270,0,0,0
0,11.77695,358.1687,340.9604,2.757119,270,0,0,0
0,11.78768,358.2031,340.9712,2.763011,270,0,0,0
0,11.79923,358.2217,340.9614,2.774504,270,0,0,0
0,11.81028,358.2406,340.9625,2.778625,270,0,0,0
0,11.82272,358.2645,340.9572,2.789036,270,0,0,0
0,11.83257,358.2775,340.9427,2.804047,270,0,0,0
0,11.8438,358.2918,340.9329,2.808226,270,0,0,0
0,11.85497,358.3014,340.9207,2.813763,270,0,0,0
0,11.86603,358.3052,340.9191,2.813688,270,0,0,0
0,11.87728,358.3089,340.8961,2.818181,270,0,0,0
0,11.88876,358.3286,340.8805,2.82282,270,0,0,0
0,11.89964,358.3209,340.8651,2.833675,270,0,0,0
0,11.91869,358.3276,340.8554,2.842852,270,0,0,0
0,11.92222,358.3367,340.8662,2.852866,270,0,0,0
0,11.93332,358.3275,340.8787,2.858152,270,0,0,0
0,11.94374,358.3196,340.9027,2.840124,270,0,0,0
0,11.95505,358.3139,340.9234,2.833754,270,0,0,0
0,11.966,358.3148,340.9408,2.831891,270,0,0,0
0,11.97701,358.3132,340.9441,2.838973,270,0,0,0
0,11.98843,358.3116,340.9524,2.87801,270,0,0,0
0,11.99927,358.3293,340.9615,2.889917,270,0,0,0
0,12.01021,358.3275,340.976,2.913641,270,0,0,0
0,12.02149,358.3214,340.9816,2.921159,270,0,0,0
0,12.03235,358.3126,341.001,2.91695,270,0,0,0
0,12.04496,358.301,341.0201,2.921081,270,0,0,0
0,12.05486,358.2927,341.0349,2.924937,270,0,0,0
0,12.07357,358.3054,341.0552,2.923438,270,0,0,0
0,12.07729,358.3002,341.083,2.934761,270,0,0,0
0,12.08796,358.2839,341.1409,2.948101,270,0,0,0
0,12.09922,358.2906,341.1932,2.968787,270,0,0,0
0,12.11028,358.2948,341.2407,2.98297,270,0,0,0
0,12.12165,358.2993,341.2948,3.017624,270,0,0,0
0,12.13248,358.3005,341.3669,3.053041,270,0,0,0
0,12.14372,358.3091,341.4342,3.076203,270,0,0,0
0,12.15463,358.3052,341.5031,3.113278,270,0,0,0
0,12.16634,358.3023,341.5739,3.123773,270,0,0,0
0,12.17682,358.2773,341.6392,3.136194,270,0,0,0
0,12.188,358.2592,341.7073,3.147194,270,0,0,0
0,12.19945,358.2494,341.7676,3.154895,270,0,0,0
0,12.21026,358.2295,341.8047,3.153488,270,0,0,0
0,12.22878,358.2338,341.8612,3.162296,270,0,0,0
0,12.23193,358.2374,341.8997,3.168345,270,0,0,0
0,12.24349,358.2504,341.9302,3.176392,270,0,0,0
0,12.25496,358.2762,341.9631,3.178198,270,0,0,0
0,12.26557,358.2974,341.9915,3.185508,270,0,0,0
0,12.27698,358.3217,341.9968,3.186455,270,0,0,0
0,12.288,358.329,342.0042,3.190099,270,0,0,0
0,12.2991,358.3399,342.0168,3.181763,270,0,0,0
0,12.31017,358.346,342.0189,3.181694,270,0,0,0
0,12.32122,358.3626,342.0203,3.164488,270,0,0,0
0,12.33229,358.3595,342.0199,3.16819,270,0,0,0
0,12.3434,358.3497,342.0191,3.165148,270,0,0,0
0,12.35458,358.362,342.0141,3.158966,270,0,0,0
0,12.36591,358.36,342.019,3.141298,270,0,0,0
0,12.38497,358.3598,342.0227,3.137298,270,0,0,0
0,12.38783,358.3644,342.0246,3.130585,270,0,0,0
0,12.39885,358.3697,342.0398,3.115837,270,0,0,0
0,12.41019,358.3532,342.0495,3.116743,270,0,0,0
0,12.42138,358.3684,342.0557,3.125775,270,0,0,0
0,12.43232,358.3518,342.0724,3.133819,270,0,0,0
0,12.44367,358.3377,342.0761,3.132034,270,0,0,0
0,12.4546,358.3251,342.0786,3.141243,270,0,0,0
0,12.46567,358.3017,342.0888,3.132622,270,0,0,0
0,12.47704,358.2841,342.093,3.132831,270,0,0,0
0,12.48829,358.2691,342.0748,3.127857,270,0,0,0
0,12.499,358.261,342.0538,3.120232,270,0,0,0
0,12.5103,358.2553,342.0227,3.118724,270,0,0,0
0,12.5216,358.2617,341.9807,3.103606,270,0,0,0
0,12.53926,358.2848,341.955,3.08806,270,0,0,0
0,12.54302,358.2957,341.9166,3.099217,270,0,0,0
0,12.55438,358.2861,341.874,3.100112,270,0,0,0
0,12.56593,358.2872,341.8325,3.100913,270,0,0,0
0,12.57749,358.2851,341.8039,3.088298,270,0,0,0
0,12.58793,358.2868,341.7618,3.076729,270,0,0,0
0,12.59904,358.2888,341.7266,3.059576,270,0,0,0
0,12.61008,358.2888,341.6866,3.047808,270,0,0,0
0,12.62154,358.2825,341.6631,3.019991,270,0,0,0
0,12.63222,358.2582,341.6226,3.00043,270,0,0,0
0,12.64334,358.2383,341.594,2.972865,270,0,0,0
0,12.65442,358.2237,341.5569,2.951029,270,0,0,0
0,12.6658,358.1797,341.5427,2.913189,270,0,0,0
0,12.67703,358.1586,341.5258,2.881634,270,0,0,0
0,12.69635,358.1204,341.5067,2.843915,270,0,0,0
0,12.6992,358.1064,341.5009,2.825651,270,0,0,0
0,12.70994,358.1004,341.4849,2.816355,270,0,0,0
0,12.72124,358.0975,341.4707,2.801279,270,0,0,0
0,12.7324,358.0976,341.451,2.782065,270,0,0,0
0,12.74329,358.0924,341.4601,2.782469,270,0,0,0
0,12.75445,358.0929,341.4684,2.765592,270,0,0,0
0,12.7655,358.0877,341.5063,2.733754,270,0,0,0
0,12.77693,358.0788,341.5309,2.7302,270,0,0,0
0,12.78795,358.0734,341.5571,2.694059,270,0,0,0
0,12.79968,358.0506,341.5964,2.693369,270,0,0,0
0,12.8107,358.0313,341.6621,2.670136,270,0,0,0
0,12.82102,358.054,341.7293,2.659072,270,0,0,0
0,12.8324,358.0674,341.7895,2.667321,270,0,0,0
0,12.85062,358.1165,341.8252,2.698603,270,0,0,0
0,12.85404,358.1851,341.834,2.726836,270,0,0,0
0,12.86558,358.2523,341.8232,2.756325,270,0,0,0
0,12.8767,358.29,341.7979,2.773713,270,0,0,0
0,12.88762,358.3052,341.7817,2.775577,270,0,0,0
0,12.89884,358.321,341.7585,2.742189,270,0,0,0
0,12.9107,358.3114,341.7464,2.721055,270,0,0,0
0,12.9212,358.3018,341.7526,2.701787,270,0,0,0
0,12.93219,358.3086,341.7518,2.703629,270,0,0,0
0,12.94314,358.3317,341.7363,2.706814,270,0,0,0
0,12.95422,358.3607,341.7131,2.717877,270,0,0,0
0,12.96592,358.3827,341.6928,2.717619,270,0,0,0
0,12.97635,358.3864,341.6705,2.717449,270,0,0,0
0,12.98763,358.3896,341.6566,2.710126,270,0,0,0
0,13.00577,358.3861,341.6466,2.68877,270,0,0,0
0,13.00942,358.3779,341.6494,2.670885,270,0,0,0
0,13.0211,358.3449,341.6487,2.677504,270,0,0,0
0,13.03233,358.3118,341.6514,2.674699,270,0,0,0
0,13.04345,358.3092,341.6556,2.665766,270,0,0,0
0,13.05427,358.2903,341.6497,2.666602,270,0,0,0
0,13.06526,358.3032,341.6575,2.662635,270,0,0,0
0,13.07658,358.3287,341.635,2.66056,270,0,0,0
0,13.08804,358.3541,341.5969,2.673828,270,0,0,0
0,13.09865,358.3752,341.5699,2.668741,270,0,0,0
0,13.10973,358.3775,341.5356,2.668523,270,0,0,0
0,13.121,358.3656,341.517,2.661107,270,0,0,0
0,13.13202,358.3622,341.504,2.655898,270,0,0,0
0,13.14338,358.3451,341.48,2.653135,270,0,0,0
0,13.16089,358.3266,341.4612,2.642715,270,0,0,0
0,13.16508,358.3067,341.4711,2.635819,270,0,0,0
0,13.1763,358.2977,341.4736,2.624287,270,0,0,0
0,13.18745,358.2955,341.4731,2.613315,270,0,0,0
0,13.19869,358.2661,341.481,2.597742,270,0,0,0
0,13.20963,358.2545,341.4966,2.602921,270,0,0,0
0,13.22095,358.2295,341.5178,2.608353,270,0,0,0
0,13.23223,358.249,341.5351,2.629177,270,0,0,0
0,13.243,358.2468,341.5404,2.653853,270,0,0,0
0,13.25419,358.2524,341.5394,2.677603,270,0,0,0
0,13.26535,358.2515,341.5382,2.702538,270,0,0,0
0,13.27672,358.244,341.5383,2.71057,270,0,0,0
0,13.2873,358.2413,341.5492,2.701937,270,0,0,0
0,13.29873,358.2453,341.5679,2.689707,270,0,0,0
0,13.31676,358.2411,341.5625,2.685321,270,0,0,0
0,13.32069,358.2467,341.5806,2.67245,270,0,0,0
0,13.33185,358.2733,341.5705,2.674858,270,0,0,0
0,13.34319,358.2923,341.5803,2.667572,270,0,0,0
0,13.3541,358.3265,341.5932,2.673333,270,0,0,0
0,13.36546,358.359,341.5765,2.657573,270,0,0,0
0,13.37641,358.3978,341.5963,2.615023,270,0,0,0
0,13.38755,358.4484,341.5901,2.574555,270,0,0,0
0,13.39873,358.5051,341.5932,2.520968,270,0,0,0
0,13.40976,358.5843,341.5905,2.467058,270,0,0,0
0,13.42086,358.6949,341.5799,2.383541,270,0,0,0
0,13.43178,358.8827,341.5589,2.290224,270,0,0,0
0,13.44288,359.4479,341.5245,2.138413,270,0,0,0
0,13.45457,0.03532142,341.4025,2.030404,270,0,0,0
0,13.47389,0.1330125,341.3116,2.053443,270,0,0,0
0,13.47689,0.04694907,341.3026,2.086878,270,0,0,0
0,13.48739,0.1506968,341.3326,2.037287,270,0,0,0
0,13.49845,0.469563,341.3134,1.962736,270,0,0,0
0,13.50969,0.7924791,341.323,1.884478,270,0,0,0
0,13.52075,0.9506993,341.3146,1.847467,270,0,0,0
0,13.53177,0.9763791,341.3398,1.874366,270,0,0,0
0,13.54304,1.096677,341.3802,1.886413,270,0,0,0
0,13.55403,1.256101,341.431,1.897376,270,0,0,0
0,13.56557,1.443149,341.4656,1.908705,270,0,0,0
0,13.57654,1.6077,341.5063,1.952915,270,0,0,0
0,13.58746,1.801805,341.5557,1.97458,270,0,0,0
0,13.59882,1.988588,341.6043,1.995496,270,0,0,0
0,13.60983,2.203145,341.6677,2.012851,270,0,0,0
0,13.6319,2.422921,341.7185,2.01523,270,0,0,0
0,13.63535,2.591518,341.774,2.028075,270,0,0,0
0,13.64294,2.682012,341.7874,2.047046,270,0,0,0
0,13.65284,2.837832,341.8055,2.036407,270,0,0,0
0,13.66386,3.008965,341.7985,2.017013,270,0,0,0
0,13.67488,3.11502,341.7812,2.013886,270,0,0,0
0,13.68673,3.176927,341.7644,2.010567,270,0,0,0
0,13.69739,3.181757,341.7511,1.98558,270,0,0,0
0,13.70827,3.212149,341.7554,1.963463,270,0,0,0
0,13.71939,3.247895,341.772,1.932278,270,0,0,0
0,13.73044,3.356475,341.7529,1.901906,270,0,0,0
0,13.74168,3.398441,341.7448,1.903023,270,0,0,0
0,13.75291,3.372486,341.7288,1.924914,270,0,0,0
0,13.76415,3.386703,341.7141,1.959942,270,0,0,0
0,13.78482,3.394088,341.6884,1.989515,270,0,0,0
0,13.78776,3.360728,341.6863,2.028089,270,0,0,0
0,13.79711,3.324931,341.6853,2.044901,270,0,0,0
0,13.80848,3.250596,341.6871,2.066753,270,0,0,0
0,13.81938,3.152784,341.6933,2.083498,270,0,0,0
0,13.83061,3.022193,341.689,2.111133,270,0,0,0
0,13.8416,2.909748,341.6876,2.123843,270,0,0,0
0,13.85263,2.8185,341.6933,2.122727,270,0,0,0
0,13.86396,2.751529,341.6986,2.108386,270,0,0,0
0,13.87487,2.679198,341.7018,2.111173,270,0,0,0
0,13.88625,2.597749,341.7328,2.147931,270,0,0,0
0,13.89738,2.547832,341.7721,2.165009,270,0,0,0
0,13.90822,2.512604,341.7893,2.173741,270,0,0,0
0,13.91954,2.454141,341.8211,2.181913,270,0,0,0
0,13.93735,2.416798,341.8482,2.153182,270,0,0,0
0,13.94153,2.392688,341.8803,2.138932,270,0,0,0
0,13.95258,2.360852,341.9128,2.126369,270,0,0,0
0,13.9639,2.311074,341.9507,2.128333,270,0,0,0
0,13.97496,2.268465,341.9809,2.143005,270,0,0,0
0,13.98594,2.220644,342.0168,2.149977,270,0,0,0
0,13.9974,2.165068,342.0571,2.149263,270,0,0,0
0,14.00843,2.142032,342.101,2.142533,270,0,0,0
0,14.02013,2.082114,342.1441,2.137595,270,0,0,0
0,14.0309,2.046507,342.2001,2.118058,270,0,0,0
0,14.04218,2.016675,342.2487,2.110877,270,0,0,0
0,14.05362,1.980969,342.3055,2.100323,270,0,0,0
0,14.06442,1.977447,342.3511,2.09422,270,0,0,0
0,14.07607,1.959619,342.3949,2.122369,270,0,0,0
0,14.09491,1.946057,342.436,2.145177,270,0,0,0
0,14.0978,1.953702,342.485,2.17453,270,0,0,0
0,14.10927,1.946974,342.5118,2.189681,270,0,0,0
0,14.12046,1.953485,342.5449,2.194195,270,0,0,0
0,14.13147,1.962299,342.5564,2.18206,270,0,0,0
0,14.14253,1.980917,342.5671,2.161994,270,0,0,0
0,14.15409,1.978979,342.5593,2.135647,270,0,0,0
0,14.16501,2.01381,342.5502,2.107086,270,0,0,0
0,14.17638,2.032353,342.5461,2.08577,270,0,0,0
0,14.18717,2.066642,342.5439,2.067507,270,0,0,0
0,14.19816,2.086677,342.5331,2.057842,270,0,0,0
0,14.20924,2.106061,342.5285,2.021022,270,0,0,0
0,14.22034,2.109224,342.5172,1.985761,270,0,0,0
0,14.23152,2.127737,342.4782,1.969414,270,0,0,0
0,14.24946,2.148503,342.4567,1.946994,270,0,0,0
0,14.25329,2.158055,342.427,1.946798,270,0,0,0
0,14.26483,2.141608,342.4005,1.940434,270,0,0,0
0,14.27649,2.149921,342.3801,1.916305,270,0,0,0
0,14.28704,2.154841,342.3509,1.904982,270,0,0,0
0,14.29811,2.169216,342.3209,1.876581,270,0,0,0
0,14.30926,2.179467,342.28,1.868977,270,0,0,0
0,14.32053,2.191636,342.218,1.859098,270,0,0,0
0,14.33138,2.222669,342.1423,1.850195,270,0,0,0
0,14.34261,2.23048,342.0645,1.837373,270,0,0,0
0,14.35369,2.23784,341.9796,1.830441,270,0,0,0
0,14.3649,2.245017,341.8898,1.809382,270,0,0,0
0,14.37583,2.250559,341.7882,1.776312,270,0,0,0
0,14.38712,2.236604,341.6877,1.768412,270,0,0,0
0,14.405,2.231424,341.5916,1.743216,270,0,0,0
0,14.40906,2.235437,341.4803,1.723284,270,0,0,0
0,14.42044,2.231747,341.3575,1.700362,270,0,0,0
0,14.4313,2.242349,341.2238,1.694541,270,0,0,0
0,14.44237,2.242027,341.1016,1.635899,270,0,0,0
0,14.45361,2.242527,340.9872,1.607237,270,0,0,0
0,14.46486,2.234034,340.8891,1.545104,270,0,0,0
0,14.47582,2.239443,340.7863,1.485422,270,0,0,0
0,14.48721,2.237755,340.6958,1.441404,270,0,0,0
0,14.49845,2.248179,340.6039,1.390927,270,0,0,0
0,14.51107,2.248225,340.5281,1.350019,270,0,0,0
0,14.52038,2.238874,340.4951,1.334475,270,0,0,0
0,14.53137,2.234468,340.4884,1.312091,270,0,0,0
0,14.54257,2.245311,340.4861,1.306185,270,0,0,0
0,14.56105,2.272822,340.483,1.308624,270,0,0,0
0,14.56449,2.298714,340.4601,1.314612,270,0,0,0
0,14.57581,2.345263,340.4482,1.305982,270,0,0,0
0,14.58689,2.338879,340.4252,1.28758,270,0,0,0
0,14.59842,2.325967,340.4134,1.283561,270,0,0,0
0,14.60923,2.301372,340.4345,1.283324,270,0,0,0
0,14.62376,2.302011,340.4439,1.272317,270,0,0,0
0,14.63167,2.311239,340.472,1.27984,270,0,0,0
0,14.64249,2.320078,340.4955,1.278001,270,0,0,0
0,14.6535,2.360584,340.507,1.2988,270,0,0,0
0,14.6649,2.366566,340.5291,1.32681,270,0,0,0
0,14.67608,2.376897,340.5694,1.337856,270,0,0,0
0,14.68723,2.387439,340.6036,1.347163,270,0,0,0
0,14.69863,2.398454,340.6323,1.368425,270,0,0,0
0,14.71648,2.414986,340.6649,1.400385,270,0,0,0
0,14.7199,2.414494,340.7018,1.416807,270,0,0,0
0,14.73138,2.424514,340.716,1.436976,270,0,0,0
0,14.74263,2.406937,340.7221,1.441731,270,0,0,0
0,14.75386,2.391875,340.7367,1.442139,270,0,0,0
0,14.76459,2.385918,340.7326,1.41632,270,0,0,0
0,14.77635,2.383032,340.7244,1.415099,270,0,0,0
0,14.7873,2.38987,340.6967,1.397614,270,0,0,0
0,14.79796,2.405051,340.67,1.395825,270,0,0,0
0,14.80901,2.422105,340.6378,1.370941,270,0,0,0
0,14.82013,2.444977,340.6078,1.357768,270,0,0,0
0,14.83144,2.461629,340.5822,1.343925,270,0,0,0
0,14.84247,2.471528,340.5649,1.33989,270,0,0,0
0,14.85342,2.462061,340.5554,1.334869,270,0,0,0
0,14.87246,2.474542,340.5371,1.331602,270,0,0,0
0,14.87538,2.482578,340.5497,1.331918,270,0,0,0
0,14.88694,2.495351,340.5639,1.346299,270,0,0,0
0,14.89805,2.47938,340.5723,1.344943,270,0,0,0
0,14.909,2.486841,340.5905,1.34862,270,0,0,0
0,14.92057,2.47168,340.6088,1.32792,270,0,0,0
0,14.93117,2.481489,340.616,1.319309,270,0,0,0
0,14.94246,2.485344,340.6246,1.317364,270,0,0,0
0,14.95332,2.486866,340.6188,1.315887,270,0,0,0
0,14.96449,2.489491,340.6111,1.322318,270,0,0,0
0,14.97574,2.510614,340.5977,1.315,270,0,0,0
0,14.98671,2.523539,340.5826,1.307728,270,0,0,0
0,14.99845,2.547477,340.5603,1.303384,270,0,0,0
0,15.00922,2.565024,340.5337,1.291534,270,0,0,0
0,15.02773,2.600158,340.5207,1.295031,270,0,0,0
0,15.03063,2.617045,340.4931,1.284441,270,0,0,0
0,15.04226,2.608815,340.4932,1.276633,270,0,0,0
0,15.05322,2.586925,340.4979,1.273136,270,0,0,0
0,15.06455,2.582669,340.5172,1.252501,270,0,0,0
0,15.07558,2.594295,340.5269,1.224433,270,0,0,0
0,15.08707,2.603244,340.5223,1.223792,270,0,0,0
0,15.09788,2.617308,340.5175,1.235334,270,0,0,0
0,15.10896,2.62591,340.5073,1.243486,270,0,0,0
0,15.12041,2.62988,340.5079,1.229185,270,0,0,0
0,15.13121,2.634942,340.5048,1.230122,270,0,0,0
0,15.14219,2.641923,340.4961,1.212526,270,0,0,0
0,15.15359,2.642794,340.4821,1.212905,270,0,0,0
0,15.16451,2.655786,340.4745,1.210556,270,0,0,0
0,15.18606,2.64952,340.4739,1.205085,270,0,0,0
0,15.19084,2.630412,340.4737,1.200428,270,0,0,0
0,15.19934,2.631493,340.4737,1.18435,270,0,0,0
0,15.20704,2.61966,340.4637,1.171698,270,0,0,0
0,15.21812,2.617699,340.4659,1.176996,270,0,0,0
0,15.22905,2.635587,340.4384,1.195407,270,0,0,0
0,15.2404,2.678345,340.4196,1.221156,270,0,0,0
0,15.25114,2.732254,340.375,1.227452,270,0,0,0
0,15.26302,2.744746,340.3497,1.24184,270,0,0,0
0,15.27347,2.73276,340.3232,1.217014,270,0,0,0
0,15.28459,2.675744,340.3218,1.191369,270,0,0,0
0,15.29652,2.631117,340.3401,1.167691,270,0,0,0
0,15.30825,2.602418,340.3661,1.153498,270,0,0,0
0,15.31785,2.582206,340.3849,1.15117,270,0,0,0
0,15.3397,2.587995,340.3915,1.162597,270,0,0,0
0,15.34298,2.595742,340.4066,1.17945,270,0,0,0
0,15.35125,2.607924,340.4088,1.200269,270,0,0,0
0,15.36226,2.624624,340.4348,1.21997,270,0,0,0
0,15.37339,2.639727,340.4384,1.239624,270,0,0,0
0,15.38457,2.618226,340.4649,1.246892,270,0,0,0
0,15.39597,2.597033,340.484,1.252731,270,0,0,0
0,15.40693,2.582513,340.4993,1.26335,270,0,0,0
0,15.4179,2.544799,340.5122,1.291768,270,0,0,0
0,15.42891,2.536282,340.5239,1.29233,270,0,0,0
0,15.44054,2.535621,340.5297,1.303522,270,0,0,0
0,15.45166,2.537974,340.5251,1.322497,270,0,0,0
0,15.46229,2.551508,340.5204,1.348337,270,0,0,0
0,15.47359,2.548983,340.4966,1.358624,270,0,0,0
0,15.49614,2.545892,340.4781,1.375514,270,0,0,0
0,15.50071,2.549316,340.4574,1.381149,270,0,0,0
0,15.50683,2.543142,340.4537,1.376361,270,0,0,0
0,15.51718,2.519034,340.4413,1.377481,270,0,0,0
0,15.52809,2.515498,340.4246,1.375615,270,0,0,0
0,15.5393,2.507015,340.4151,1.375745,270,0,0,0
0,15.55028,2.493048,340.3955,1.375867,270,0,0,0
0,15.56115,2.483107,340.3988,1.374495,270,0,0,0
0,15.573,2.46371,340.4039,1.383482,270,0,0,0
0,15.5835,2.434008,340.4189,1.387508,270,0,0,0
0,15.59457,2.384449,340.4422,1.406133,270,0,0,0
0,15.60573,2.351705,340.4618,1.410855,270,0,0,0
0,15.6169,2.29376,340.5015,1.416303,270,0,0,0
0,15.62801,2.259858,340.5248,1.418345,270,0,0,0
0,15.64784,2.244933,340.5453,1.4272,270,0,0,0
0,15.6522,2.240127,340.5684,1.425039,270,0,0,0
0,15.66126,2.221551,340.5934,1.446226,270,0,0,0
0,15.67235,2.219283,340.6268,1.451692,270,0,0,0
0,15.6835,2.19446,340.6512,1.450166,270,0,0,0
0,15.69464,2.176928,340.6773,1.44104,270,0,0,0
0,15.70565,2.160431,340.7037,1.446213,270,0,0,0
0,15.71693,2.137874,340.7373,1.458988,270,0,0,0
0,15.72787,2.119208,340.7741,1.479628,270,0,0,0
0,15.73934,2.109958,340.7945,1.477589,270,0,0,0
0,15.75026,2.111821,340.8236,1.470513,270,0,0,0
0,15.76146,2.119856,340.848,1.454633,270,0,0,0
0,15.77233,2.127703,340.8649,1.444532,270,0,0,0
0,15.78373,2.145888,340.8455,1.453531,270,0,0,0
0,15.80225,2.150758,340.852,1.469748,270,0,0,0
0,15.80546,2.171057,340.8408,1.484409,270,0,0,0
0,15.81694,2.189154,340.8303,1.480636,270,0,0,0
0,15.82781,2.193802,340.8151,1.476441,270,0,0,0
0,15.83899,2.193316,340.7983,1.462909,270,0,0,0
0,15.85022,2.204503,340.7716,1.441278,270,0,0,0
0,15.86147,2.206691,340.7505,1.422803,270,0,0,0
0,15.87626,2.207277,340.7287,1.407152,270,0,0,0
0,15.88432,2.189649,340.7136,1.374856,270,0,0,0
0,15.89511,2.169107,340.7128,1.357371,270,0,0,0
0,15.90643,2.154124,340.7202,1.344359,270,0,0,0
0,15.91799,2.147154,340.7209,1.346102,270,0,0,0
0,15.92907,2.178044,340.7046,1.369405,270,0,0,0
0,15.94053,2.21551,340.6575,1.401565,270,0,0,0
0,15.95927,2.239938,340.6034,1.433857,270,0,0,0
0,15.96295,2.254811,340.5529,1.426256,270,0,0,0
0,15.97414,2.237376,340.5068,1.417248,270,0,0,0
0,15.98619,2.223548,340.4711,1.388651,270,0,0,0
0,15.99687,2.178841,340.4599,1.360183,270,0,0,0
0,16.00798,2.171177,340.451,1.353258,270,0,0,0
0,16.01926,2.15876,340.4282,1.35378,270,0,0,0
0,16.03054,2.144083,340.4113,1.359862,270,0,0,0
0,16.04176,2.149355,340.389,1.360901,270,0,0,0
0,16.05298,2.147938,340.3987,1.367827,270,0,0,0
0,16.06405,2.135028,340.4041,1.364468,270,0,0,0
0,16.07547,2.137536,340.4297,1.366399,270,0,0,0
0,16.08642,2.118267,340.4602,1.371964,270,0,0,0
0,16.0975,2.114969,340.5054,1.395354,270,0,0,0
0,16.11506,2.10306,340.5388,1.395705,270,0,0,0
0,16.11924,2.077814,340.5773,1.419973,270,0,0,0
0,16.13056,2.08122,340.6214,1.430224,270,0,0,0
0,16.14181,2.085015,340.6436,1.448271,270,0,0,0
0,16.153,2.079291,340.6432,1.462604,270,0,0,0
0,16.16388,2.096981,340.6407,1.474067,270,0,0,0
0,16.17511,2.097012,340.6306,1.489975,270,0,0,0
0,16.18665,2.108336,340.6257,1.501203,270,0,0,0
0,16.19724,2.119637,340.6189,1.512418,270,0,0,0
0,16.20832,2.119435,340.6084,1.525842,270,0,0,0
0,16.21958,2.127783,340.6104,1.539824,270,0,0,0
0,16.23086,2.122064,340.6212,1.546314,270,0,0,0
0,16.24165,2.094449,340.6303,1.557987,270,0,0,0
0,16.25283,2.057331,340.647,1.562137,270,0,0,0
0,16.27053,2.021381,340.6779,1.560251,270,0,0,0
0,16.2748,1.978099,340.7092,1.555412,270,0,0,0
0,16.28608,1.935122,340.737,1.562315,270,0,0,0
0,16.29772,1.898017,340.7724,1.58188,270,0,0,0
0,16.30836,1.862651,340.794,1.599258,270,0,0,0
0,16.31937,1.838988,340.8185,1.616575,270,0,0,0
0,16.33038,1.820024,340.8344,1.621559,270,0,0,0
0,16.34187,1.789375,340.8482,1.654615,270,0,0,0
0,16.35273,1.757661,340.8552,1.671915,270,0,0,0
0,16.36464,1.718739,340.8701,1.679657,270,0,0,0
0,16.3751,1.666425,340.8938,1.694043,270,0,0,0
0,16.38643,1.616111,340.9131,1.687047,270,0,0,0
0,16.39721,1.571848,340.9497,1.673455,270,0,0,0
0,16.40835,1.532942,340.9626,1.664385,270,0,0,0
0,16.42666,1.499831,340.9791,1.658872,270,0,0,0
0,16.43035,1.474481,341.007,1.652573,270,0,0,0
0,16.44206,1.462639,341.0192,1.657149,270,0,0,0
0,16.45317,1.45669,341.0465,1.651317,270,0,0,0
0,16.46426,1.438392,341.0596,1.657693,270,0,0,0
0,16.47488,1.438495,341.0661,1.650817,270,0,0,0
0,16.48649,1.405229,341.0787,1.657375,270,0,0,0
0,16.49769,1.365219,341.0835,1.657408,270,0,0,0
0,16.50826,1.350694,341.0831,1.662355,270,0,0,0
0,16.51946,1.340524,341.0822,1.677242,270,0,0,0
0,16.53165,1.309471,341.0889,1.695679,270,0,0,0
0,16.54242,1.292776,341.0798,1.70544,270,0,0,0
0,16.55301,1.280593,341.0598,1.698181,270,0,0,0
0,16.56432,1.289007,341.0346,1.692522,270,0,0,0
0,16.58526,1.300437,341.0107,1.691602,270,0,0,0
0,16.58863,1.29987,340.9912,1.68089,270,0,0,0
0,16.59754,1.293794,340.959,1.675284,270,0,0,0
0,16.60804,1.289628,340.9486,1.665779,270,0,0,0
0,16.61967,1.28698,340.9551,1.668672,270,0,0,0
0,16.62999,1.262167,340.965,1.677539,270,0,0,0
0,16.64132,1.242326,340.9928,1.681648,270,0,0,0
0,16.6525,1.22391,341.011,1.695897,270,0,0,0
0,16.66352,1.203674,341.0416,1.724179,270,0,0,0
0,16.67523,1.185517,341.0567,1.74803,270,0,0,0
0,16.68609,1.190817,341.079,1.773548,270,0,0,0
0,16.69722,1.183243,341.1041,1.789589,270,0,0,0
0,16.70802,1.190328,341.1387,1.817008,270,0,0,0
0,16.71955,1.183758,341.1563,1.834062,270,0,0,0
0,16.73866,1.18938,341.1794,1.844383,270,0,0,0
0,16.74185,1.225418,341.1972,1.842196,270,0,0,0
0,16.75267,1.229219,341.206,1.848601,270,0,0,0
0,16.76335,1.248697,341.1991,1.867842,270,0,0,0
0,16.77469,1.26287,341.2124,1.878166,270,0,0,0
0,16.78573,1.258896,341.2195,1.884513,270,0,0,0
0,16.79705,1.271641,341.2249,1.884038,270,0,0,0
0,16.80832,1.273118,341.2415,1.892127,270,0,0,0
0,16.81947,1.278434,341.2611,1.901958,270,0,0,0
0,16.82995,1.280967,341.2856,1.903195,270,0,0,0
0,16.84163,1.274562,341.2989,1.907756,270,0,0,0
0,16.853,1.278565,341.3106,1.899142,270,0,0,0
0,16.86338,1.290533,341.3119,1.891506,270,0,0,0
0,16.87481,1.294375,341.2941,1.886831,270,0,0,0
0,16.89494,1.300186,341.2915,1.882941,270,0,0,0
0,16.89782,1.297005,341.2903,1.879286,270,0,0,0
0,16.90802,1.299072,341.2817,1.880603,270,0,0,0
0,16.919,1.285709,341.2758,1.859762,270,0,0,0
0,16.93021,1.287993,341.2766,1.843258,270,0,0,0
0,16.94131,1.283939,341.267,1.823785,270,0,0,0
0,16.95227,1.288203,341.2546,1.820507,270,0,0,0
0,16.96364,1.300633,341.2392,1.814299,270,0,0,0
0,16.97458,1.306905,341.2166,1.814342,270,0,0,0
0,16.98598,1.302256,341.206,1.806967,270,0,0,0
0,16.99751,1.301189,341.201,1.798653,270,0,0,0
0,17.00833,1.300988,341.1891,1.790869,270,0,0,0
0,17.01917,1.297374,341.1792,1.779613,270,0,0,0
0,17.03032,1.300709,341.1719,1.779046,270,0,0,0
0,17.04853,1.303662,341.1526,1.791299,270,0,0,0
0,17.05226,1.30675,341.1313,1.783173,270,0,0,0
0,17.06358,1.320397,341.108,1.800682,270,0,0,0
0,17.07468,1.310418,341.0702,1.804441,270,0,0,0
0,17.08575,1.304941,341.0499,1.805521,270,0,0,0
0,17.0969,1.302088,341.0361,1.799732,270,0,0,0
0,17.10826,1.305853,341.0352,1.794418,270,0,0,0
0,17.11918,1.298569,341.0316,1.782293,270,0,0,0
0,17.13017,1.29246,341.0356,1.788589,270,0,0,0
0,17.14139,1.283325,341.0329,1.778101,270,0,0,0
0,17.1525,1.283801,341.021,1.774055,270,0,0,0
0,17.1636,1.292943,341.0199,1.773071,270,0,0,0
0,17.17466,1.293689,341.0161,1.774092,270,0,0,0
0,17.18617,1.303844,341.0122,1.773766,270,0,0,0
0,17.20335,1.311028,341.005,1.769422,270,0,0,0
0,17.20788,1.315518,341.0096,1.767382,270,0,0,0
0,17.21918,1.321986,341.0098,1.762882,270,0,0,0
0,17.23011,1.31977,341.0027,1.765896,270,0,0,0
0,17.24131,1.320684,341.0083,1.771708,270,0,0,0
0,17.25237,1.331879,341.0112,1.774445,270,0,0,0
0,17.26353,1.351412,341.0027,1.781973,270,0,0,0
0,17.27483,1.368279,340.996,1.780031,270,0,0,0
0,17.28572,1.374661,340.9796,1.786783,270,0,0,0
0,17.29687,1.387711,340.9644,1.765335,270,0,0,0
0,17.30831,1.383226,340.9545,1.766635,270,0,0,0
0,17.31888,1.394936,340.9257,1.759491,270,0,0,0
0,17.33009,1.400996,340.9206,1.758816,270,0,0,0
0,17.34158,1.399051,340.9169,1.768047,270,0,0,0
0,17.35944,1.407176,340.9142,1.777343,270,0,0,0
0,17.36327,1.400054,340.9101,1.777752,270,0,0,0
0,17.37541,1.399964,340.9097,1.784973,270,0,0,0
0,17.38649,1.394463,340.9147,1.783261,270,0,0,0
0,17.39692,1.391889,340.9195,1.796296,270,0,0,0
0,17.40813,1.378762,340.916,1.797086,270,0,0,0
0,17.41897,1.345176,340.922,1.788126,270,0,0,0
0,17.43015,1.341015,340.9222,1.786358,270,0,0,0
0,17.44129,1.324885,340.936,1.787701,270,0,0,0
0,17.45248,1.339787,340.9352,1.802048,270,0,0,0
0,17.46354,1.347774,340.9253,1.816858,270,0,0,0
0,17.47468,1.3481,340.9178,1.830191,270,0,0,0
0,17.4863,1.348145,340.9118,1.837293,270,0,0,0
0,17.49728,1.349751,340.9045,1.838701,270,0,0,0
0,17.51499,1.359783,340.9002,1.826771,270,0,0,0
0,17.51919,1.379789,340.8874,1.827128,270,0,0,0
0,17.5302,1.394058,340.8908,1.833527,270,0,0,0
0,17.54138,1.390567,340.869,1.84047,270,0,0,0
0,17.55294,1.385971,340.8698,1.846656,270,0,0,0
0,17.56353,1.384896,340.8636,1.82692,270,0,0,0
0,17.57484,1.38583,340.8745,1.82579,270,0,0,0
0,17.5856,1.375787,340.8605,1.823471,270,0,0,0
0,17.59683,1.376741,340.8749,1.816054,270,0,0,0
0,17.60805,1.382649,340.8737,1.811513,270,0,0,0
0,17.61888,1.388707,340.8807,1.810691,270,0,0,0
0,17.63018,1.393327,340.8835,1.802977,270,0,0,0
0,17.6412,1.40587,340.8793,1.821664,270,0,0,0
0,17.6526,1.422122,340.8734,1.824504,270,0,0,0
0,17.67069,1.418799,340.8744,1.836057,270,0,0,0
0,17.68087,1.411424,340.8895,1.835068,270,0,0,0
0,17.68806,1.398888,340.8839,1.832905,270,0,0,0
0,17.69619,1.389316,340.8898,1.83196,270,0,0,0
0,17.70718,1.385579,340.8914,1.837429,270,0,0,0
0,17.718,1.386633,340.8858,1.83454,270,0,0,0
0,17.72888,1.394165,340.8896,1.840589,270,0,0,0
0,17.74023,1.403859,340.8888,1.849835,270,0,0,0
0,17.75113,1.411137,340.8712,1.850224,270,0,0,0
0,17.76223,1.423999,340.8633,1.851368,270,0,0,0
0,17.77337,1.429543,340.8495,1.84955,270,0,0,0
0,17.78454,1.411851,340.8422,1.844522,270,0,0,0
0,17.79553,1.404625,340.8468,1.839434,270,0,0,0
0,17.80729,1.405343,340.8285,1.852074,270,0,0,0
0,17.82617,1.39483,340.8209,1.860611,270,0,0,0
0,17.82931,1.380395,340.8182,1.868245,270,0,0,0
0,17.84019,1.370139,340.8061,1.875036,270,0,0,0
0,17.85119,1.360674,340.7874,1.892562,270,0,0,0
0,17.86217,1.34637,340.7867,1.879154,270,0,0,0
0,17.87384,1.343162,340.7943,1.879599,270,0,0,0
0,17.88449,1.332411,340.8024,1.879553,270,0,0,0
0,17.89548,1.339641,340.785,1.86615,270,0,0,0
0,17.90658,1.351266,340.7671,1.859143,270,0,0,0
0,17.91778,1.38026,340.7647,1.858735,270,0,0,0
0,17.92884,1.398615,340.7586,1.85274,270,0,0,0
0,17.9403,1.405149,340.7462,1.84018,270,0,0,0
0,17.95106,1.417538,340.7542,1.836207,270,0,0,0
0,17.96238,1.414069,340.7629,1.828353,270,0,0,0
0,17.98309,1.418125,340.7786,1.811351,270,0,0,0
0,17.98881,1.40189,340.8065,1.778064,270,0,0,0
0,17.99584,1.369732,340.8563,1.758896,270,0,0,0
0,18.00538,1.350403,340.9074,1.733623,270,0,0,0
0,18.01666,1.344032,340.9645,1.737334,270,0,0,0
0,18.02757,1.352184,341.0245,1.755354,270,0,0,0
0,18.03873,1.398597,341.0376,1.786425,270,0,0,0
0,18.0499,1.436859,341.0354,1.821702,270,0,0,0
0,18.06085,1.475488,341.032,1.846236,270,0,0,0
0,18.07196,1.483057,341.0484,1.865932,270,0,0,0
0,18.08334,1.484992,341.0598,1.8782,270,0,0,0
0,18.09514,1.482092,341.0785,1.887695,270,0,0,0
0,18.10548,1.497571,341.0904,1.888975,270,0,0,0
0,18.11664,1.520655,341.0802,1.9132,270,0,0,0
0,18.13577,1.551281,341.0448,1.927106,270,0,0,0
0,18.13871,1.599856,341.0096,1.943808,270,0,0,0
0,18.14972,1.636892,340.9624,1.951285,270,0,0,0
0,18.16111,1.679441,340.9193,1.952376,270,0,0,0
0,18.17202,1.686235,340.8755,1.950802,270,0,0,0
0,18.18337,1.693549,340.8511,1.94762,270,0,0,0
0,18.19415,1.673008,340.8326,1.937436,270,0,0,0
0,18.20541,1.644904,340.8206,1.930618,270,0,0,0
0,18.2165,1.606179,340.823,1.914037,270,0,0,0
0,18.22749,1.574273,340.8237,1.901909,270,0,0,0
0,18.23851,1.549478,340.8187,1.90875,270,0,0,0
0,18.2497,1.550743,340.8039,1.908651,270,0,0,0
0,18.26083,1.55635,340.7893,1.912532,270,0,0,0
0,18.27193,1.582247,340.7639,1.914674,270,0,0,0
0,18.28994,1.606077,340.7366,1.911717,270,0,0,0
0,18.29436,1.6142,340.7016,1.922098,270,0,0,0
0,18.30519,1.612108,340.6706,1.898277,270,0,0,0
0,18.31628,1.625454,340.644,1.907058,270,0,0,0
0,18.32746,1.601976,340.6198,1.901657,270,0,0,0
0,18.33855,1.598644,340.6122,1.890026,270,0,0,0
0,18.34982,1.575416,340.6141,1.881856,270,0,0,0
0,18.36114,1.559224,340.6165,1.869869,270,0,0,0
0,18.3726,1.545913,340.6423,1.861497,270,0,0,0
0,18.38371,1.539979,340.6689,1.859573,270,0,0,0
0,18.39574,1.549414,340.6839,1.871815,270,0,0,0
0,18.4063,1.53913,340.705,1.894805,270,0,0,0
0,18.41761,1.547154,340.7213,1.916248,270,0,0,0
0,18.42908,1.537866,340.754,1.91238,270,0,0,0
0,18.44847,1.521728,340.7715,1.915816,270,0,0,0
0,18.45214,1.528813,340.7928,1.906608,270,0,0,0
0,18.46221,1.52844,340.8051,1.902864,270,0,0,0
0,18.47364,1.546042,340.8165,1.891326,270,0,0,0
0,18.48529,1.575984,340.819,1.899688,270,0,0,0
0,18.49644,1.592819,340.8273,1.896179,270,0,0,0
0,18.50734,1.570886,340.8452,1.897413,270,0,0,0
0,18.51852,1.579648,340.8466,1.90058,270,0,0,0
0,18.5297,1.58195,340.8553,1.903842,270,0,0,0
0,18.54093,1.558114,340.8643,1.922291,270,0,0,0
0,18.55179,1.552893,340.8621,1.925166,270,0,0,0
0,18.56355,1.552912,340.8638,1.930903,270,0,0,0
0,18.57433,1.547317,340.8589,1.936692,270,0,0,0
0,18.58538,1.540426,340.8443,1.926162,270,0,0,0
0,18.60423,1.526294,340.847,1.939062,270,0,0,0
0,18.60721,1.517602,340.8389,1.94746,270,0,0,0
0,18.61875,1.50636,340.847,1.943438,270,0,0,0
0,18.62956,1.487708,340.8454,1.9298,270,0,0,0
0,18.6407,1.489969,340.8502,1.910775,270,0,0,0
0,18.65181,1.482609,340.8523,1.90825,270,0,0,0
0,18.66319,1.46531,340.8557,1.932168,270,0,0,0
0,18.67434,1.46514,340.8606,1.925422,270,0,0,0
0,18.68527,1.464373,340.8703,1.929798,270,0,0,0
0,18.69667,1.448033,340.868,1.94381,270,0,0,0
0,18.7073,1.451093,340.8609,1.940656,270,0,0,0
0,18.71901,1.452923,340.8365,1.953745,270,0,0,0
0,18.72972,1.452853,340.8438,1.961267,270,0,0,0
0,18.74078,1.443756,340.8452,1.956434,270,0,0,0
0,18.7583,1.436603,340.8474,1.95818,270,0,0,0
0,18.76267,1.433646,340.854,1.939774,270,0,0,0
0,18.77426,1.420123,340.863,1.933034,270,0,0,0
0,18.78522,1.421403,340.8586,1.923095,270,0,0,0
0,18.79618,1.432558,340.8546,1.923298,270,0,0,0
0,18.80774,1.434068,340.8484,1.926197,270,0,0,0
0,18.81847,1.446575,340.8387,1.934434,270,0,0,0
0,18.82948,1.460241,340.8145,1.92331,270,0,0,0
0,18.8406,1.463089,340.8195,1.921921,270,0,0,0
0,18.85219,1.459307,340.8185,1.908485,270,0,0,0
0,18.86295,1.439422,340.8054,1.903469,270,0,0,0
0,18.8741,1.437338,340.8072,1.890773,270,0,0,0
0,18.88498,1.432979,340.7965,1.888091,270,0,0,0
0,18.89647,1.448054,340.7884,1.887296,270,0,0,0
0,18.91419,1.446127,340.7927,1.897861,270,0,0,0
0,18.91824,1.462137,340.7838,1.901693,270,0,0,0
0,18.9296,1.466826,340.786,1.904059,270,0,0,0
0,18.94056,1.462049,340.7959,1.904151,270,0,0,0
0,18.9516,1.454308,340.7935,1.900256,270,0,0,0
0,18.96284,1.436372,340.8051,1.88133,270,0,0,0
0,18.97385,1.452512,340.7944,1.879817,270,0,0,0
0,18.98516,1.446163,340.7854,1.884508,270,0,0,0
0,18.99625,1.465874,340.7759,1.885536,270,0,0,0
0,19.00732,1.466756,340.7552,1.881493,270,0,0,0
0,19.01859,1.458244,340.7539,1.905931,270,0,0,0
0,19.02925,1.455495,340.7386,1.903126,270,0,0,0
0,19.04046,1.477971,340.7339,1.886955,270,0,0,0
0,19.05197,1.474038,340.717,1.888437,270,0,0,0
0,19.06967,1.478435,340.7026,1.883095,270,0,0,0
0,19.07356,1.507206,340.6917,1.878353,270,0,0,0
0,19.08556,1.504101,340.6674,1.871848,270,0,0,0
0,19.09597,1.521437,340.6577,1.870745,270,0,0,0
0,19.1073,1.51857,340.653,1.862448,270,0,0,0
0,19.11835,1.521691,340.6477,1.861877,270,0,0,0
0,19.12965,1.514068,340.6479,1.83149,270,0,0,0
0,19.14165,1.49584,340.6649,1.808496,270,0,0,0
0,19.15206,1.467226,340.7088,1.782205,270,0,0,0
0,19.16303,1.426789,340.7667,1.774472,270,0,0,0
0,19.1736,1.400769,340.8256,1.766918,270,0,0,0
0,19.18516,1.393953,340.8883,1.792314,270,0,0,0
0,19.19608,1.39648,340.9271,1.796487,270,0,0,0
0,19.20705,1.412815,340.9433,1.815634,270,0,0,0
0,19.2256,1.40878,340.9571,1.819351,270,0,0,0
0,19.22911,1.411613,340.9901,1.807482,270,0,0,0
0,19.24031,1.400418,341.0076,1.802376,270,0,0,0
0,19.25156,1.380771,341.0331,1.807054,270,0,0,0
0,19.26308,1.382867,341.0505,1.816384,270,0,0,0
0,19.27394,1.411181,341.0633,1.835103,270,0,0,0
0,19.28477,1.437813,341.0659,1.853999,270,0,0,0
0,19.29598,1.461786,341.0628,1.870566,270,0,0,0
0,19.30718,1.481969,341.0279,1.896004,270,0,0,0
0,19.31806,1.504436,341.0034,1.908565,270,0,0,0
0,19.32912,1.509308,340.9608,1.910622,270,0,0,0
0,19.34063,1.520637,340.9303,1.886066,270,0,0,0
0,19.3516,1.517384,340.9088,1.876869,270,0,0,0
0,19.36276,1.502467,340.8921,1.839152,270,0,0,0
0,19.38114,1.480597,340.8725,1.800321,270,0,0,0
0,19.38457,1.466889,340.8816,1.783362,270,0,0,0
0,19.39593,1.440616,340.8838,1.773966,270,0,0,0
0,19.40689,1.424294,340.8719,1.775286,270,0,0,0
0,19.41838,1.423245,340.8591,1.772544,270,0,0,0
0,19.42933,1.431988,340.847,1.768168,270,0,0,0
0,19.44073,1.442959,340.818,1.764881,270,0,0,0
0,19.45162,1.458969,340.8025,1.748206,270,0,0,0
0,19.46276,1.475806,340.7867,1.741179,270,0,0,0
0,19.47391,1.491437,340.7763,1.737021,270,0,0,0
0,19.48507,1.48932,340.7761,1.726123,270,0,0,0
0,19.49625,1.484936,340.7837,1.724559,270,0,0,0
0,19.50709,1.465425,340.807,1.727494,270,0,0,0
0,19.51838,1.448821,340.8384,1.724262,270,0,0,0
0,19.53695,1.450618,340.862,1.71325,270,0,0,0
0,19.54046,1.450309,340.8838,1.730343,270,0,0,0
0,19.55156,1.459231,340.8968,1.730553,270,0,0,0
0,19.56266,1.456935,340.9048,1.744641,270,0,0,0
0,19.57379,1.452533,340.9131,1.74933,270,0,0,0
0,19.58508,1.469208,340.9139,1.762358,270,0,0,0
0,19.59589,1.471264,340.926,1.76841,270,0,0,0
0,19.60693,1.457573,340.9311,1.772569,270,0,0,0
0,19.6179,1.469055,340.9326,1.760103,270,0,0,0
0,19.62941,1.470644,340.9393,1.739156,270,0,0,0
0,19.64038,1.476793,340.9414,1.723298,270,0,0,0
0,19.65176,1.489926,340.9409,1.724799,270,0,0,0
0,19.66243,1.50334,340.9341,1.724409,270,0,0,0
0,19.67419,1.519381,340.9244,1.736219,270,0,0,0
0,19.69255,1.528787,340.9021,1.728088,270,0,0,0
0,19.69558,1.534272,340.8867,1.730455,270,0,0,0
0,19.707,1.530608,340.8874,1.738045,270,0,0,0
0,19.71796,1.525446,340.8886,1.750068,270,0,0,0
0,19.72939,1.523409,340.8968,1.755161,270,0,0,0
0,19.74102,1.515525,340.9021,1.750901,270,0,0,0
0,19.7517,1.500773,340.9121,1.75197,270,0,0,0
0,19.76264,1.501208,340.9131,1.742937,270,0,0,0
0,19.77364,1.496206,340.9017,1.740171,270,0,0,0
0,19.78482,1.500628,340.902,1.735243,270,0,0,0
0,19.79585,1.492901,340.8939,1.743424,270,0,0,0
0,19.80755,1.491278,340.8848,1.755546,270,0,0,0
0,19.81797,1.483196,340.8811,1.760214,270,0,0,0
0,19.829,1.481196,340.8816,1.758079,270,0,0,0
0,19.84876,1.483319,340.8887,1.764683,270,0,0,0
0,19.85159,1.47596,340.8854,1.760186,270,0,0,0
0,19.8624,1.463006,340.9012,1.763908,270,0,0,0
0,19.8737,1.46822,340.8932,1.763897,270,0,0,0
0,19.88455,1.460707,340.8848,1.764316,270,0,0,0
0,19.89564,1.459819,340.8846,1.775242,270,0,0,0
0,19.90686,1.463281,340.8835,1.764157,270,0,0,0
0,19.91795,1.469481,340.8811,1.776144,270,0,0,0
0,19.92897,1.454912,340.8877,1.778585,270,0,0,0
0,19.94007,1.440634,340.8978,1.781688,270,0,0,0
0,19.95117,1.426546,340.9085,1.788293,270,0,0,0
0,19.9622,1.401749,340.911,1.779227,270,0,0,0
0,19.97361,1.394314,340.9272,1.790803,270,0,0,0
0,19.98471,1.381658,340.9327,1.798533,270,0,0,0
0,20.0033,1.388786,340.9357,1.786159,270,0,0,0
0,20.00641,1.385324,340.9419,1.795009,270,0,0,0
0,20.01789,1.391008,340.9525,1.811904,270,0,0,0
0,20.0288,1.389003,340.9589,1.830654,270,0,0,0
0,20.04033,1.38521,340.9615,1.858938,270,0,0,0
0,20.05104,1.380501,340.9793,1.870231,270,0,0,0
0,20.06214,1.371579,340.9863,1.871485,270,0,0,0
0,20.07329,1.361829,340.9933,1.869634,270,0,0,0
0,20.08438,1.358453,340.9945,1.862861,270,0,0,0
0,20.09563,1.375955,340.9755,1.856741,270,0,0,0
0,20.10681,1.38958,340.985,1.862431,270,0,0,0
0,20.11783,1.405412,340.991,1.870008,270,0,0,0
0,20.12901,1.406526,340.9957,1.864718,270,0,0,0
0,20.13993,1.404229,341.0095,1.858514,270,0,0,0
0,20.158,1.378297,341.0328,1.867253,270,0,0,0
0,20.16209,1.364715,341.0604,1.883095,270,0,0,0
0,20.17336,1.356628,341.0692,1.897696,270,0,0,0
0,20.18455,1.360969,341.0828,1.916171,270,0,0,0
0,20.19554,1.36343,341.092,1.922863,270,0,0,0
0,20.20686,1.373463,341.1053,1.942081,270,0,0,0
0,20.21782,1.354739,341.1279,1.948054,270,0,0,0
0,20.22892,1.349984,341.1424,1.958264,270,0,0,0
0,20.2403,1.365253,341.1487,1.952469,270,0,0,0
0,20.25129,1.353772,341.1663,1.958672,270,0,0,0
0,20.26223,1.350562,341.1814,1.961816,270,0,0,0
0,20.27333,1.347834,341.19,1.97901,270,0,0,0
0,20.28438,1.353134,341.194,1.968255,270,0,0,0
0,20.29585,1.34361,341.192,1.982165,270,0,0,0
0,20.31638,1.356826,341.1892,1.986261,270,0,0,0
0,20.31946,1.360737,341.1742,1.999217,270,0,0,0
0,20.32925,1.366787,341.1683,1.990635,270,0,0,0
0,20.34015,1.360537,341.1588,1.98782,270,0,0,0
0,20.35108,1.359969,341.1396,1.982986,270,0,0,0
0,20.3624,1.3546,341.1393,1.972569,270,0,0,0
0,20.37397,1.351188,341.1215,1.961612,270,0,0,0
0,20.38439,1.336771,341.1017,1.959359,270,0,0,0
0,20.39555,1.342452,341.0876,1.959722,270,0,0,0
0,20.40648,1.341682,341.0649,1.959793,270,0,0,0
0,20.41758,1.346709,341.0514,1.95736,270,0,0,0
0,20.42906,1.353159,341.0337,1.973139,270,0,0,0
0,20.43992,1.352958,341.0304,1.97264,270,0,0,0
0,20.45154,1.353493,341.0359,1.985157,270,0,0,0
0,20.47013,1.366085,341.0237,1.99296,270,0,0,0
0,20.47348,1.354473,341.0175,2.004313,270,0,0,0
0,20.48518,1.362025,341.0259,2.006817,270,0,0,0
0,20.49598,1.367673,341.0369,2.003328,270,0,0,0
0,20.50694,1.379903,341.0371,2.008959,270,0,0,0
0,20.51789,1.369179,341.0494,2.013545,270,0,0,0
0,20.52889,1.367885,341.0342,2.00454,270,0,0,0
0,20.53983,1.363467,341.0445,2.016639,270,0,0,0
0,20.55098,1.34415,341.0565,2.024317,270,0,0,0
0,20.56223,1.337607,341.0496,2.028208,270,0,0,0
0,20.57307,1.335723,341.0571,2.037446,270,0,0,0
0,20.58434,1.311995,341.0602,2.047048,270,0,0,0
0,20.59546,1.29996,341.0707,2.050663,270,0,0,0
0,20.60717,1.284566,341.0664,2.050834,270,0,0,0
0,20.62459,1.276983,341.0779,2.065601,270,0,0,0
0,20.62848,1.261038,341.0861,2.067403,270,0,0,0
0,20.63996,1.251035,341.0941,2.059535,270,0,0,0
0,20.65113,1.2354,341.1043,2.061464,270,0,0,0
0,20.66215,1.22768,341.1179,2.077694,270,0,0,0
0,20.67316,1.217601,341.1047,2.087124,270,0,0,0
0,20.68411,1.196556,341.1169,2.105163,270,0,0,0
0,20.69515,1.174726,341.1157,2.127584,270,0,0,0
0,20.70641,1.155722,341.1365,2.134031,270,0,0,0
0,20.71751,1.140369,341.1568,2.122998,270,0,0,0
0,20.72876,1.114723,341.1737,2.117567,270,0,0,0
0,20.74004,1.106668,341.187,2.126995,270,0,0,0
0,20.7509,1.092202,341.196,2.117758,270,0,0,0
0,20.7626,1.092762,341.2061,2.143905,270,0,0,0
0,20.7835,1.079429,341.2048,2.158588,270,0,0,0
0,20.78666,1.063454,341.216,2.163402,270,0,0,0
0,20.79554,1.035484,341.2229,2.179693,270,0,0,0
0,20.80666,1.013305,341.2292,2.204043,270,0,0,0
0,20.81727,0.9994228,341.2285,2.219598,270,0,0,0
0,20.82816,0.9880205,341.2241,2.238154,270,0,0,0
0,20.83965,0.9824294,341.2108,2.242597,270,0,0,0
0,20.85084,0.9594846,341.2026,2.248312,270,0,0,0
0,20.86152,0.9442788,341.196,2.240629,270,0,0,0
0,20.87289,0.9304368,341.1798,2.241456,270,0,0,0
0,20.88398,0.9138664,341.1746,2.245402,270,0,0,0
0,20.89506,0.8675317,341.1615,2.234894,270,0,0,0
0,20.90618,0.8394805,341.1426,2.231919,270,0,0,0
0,20.91747,0.788533,341.1318,2.236264,270,0,0,0
0,20.93677,0.7662435,341.1247,2.237119,270,0,0,0
0,20.94011,0.7225651,341.1158,2.252835,270,0,0,0
0,20.95056,0.6895176,341.1252,2.278935,270,0,0,0
0,20.96141,0.6438355,341.1514,2.289124,270,0,0,0
0,20.97254,0.6268814,341.1316,2.296314,270,0,0,0
0,20.98396,0.5836709,341.1405,2.296291,270,0,0,0
0,20.99483,0.5349779,341.1432,2.306435,270,0,0,0
0,21.00632,0.5135185,341.1355,2.289577,270,0,0,0
0,21.01723,0.5225126,341.1426,2.278393,270,0,0,0
0,21.02842,0.5159475,341.1485,2.268281,270,0,0,0
0,21.03922,0.5148228,341.1567,2.261209,270,0,0,0
0,21.05031,0.5199423,341.1488,2.243238,270,0,0,0
0,21.06154,0.5593292,341.1512,2.250001,270,0,0,0
0,21.07292,0.5910606,341.1286,2.23703,270,0,0,0
0,21.09061,0.633585,341.1082,2.228366,270,0,0,0
0,21.09457,0.6807007,341.0908,2.208805,270,0,0,0
0,21.106,0.7044439,341.0887,2.188194,270,0,0,0
0,21.1171,0.7241744,341.0915,2.158329,270,0,0,0
0,21.1281,0.7372949,341.09,2.12507,270,0,0,0
0,21.13921,0.7692215,341.0902,2.090321,270,0,0,0
0,21.15057,0.8009242,341.0728,2.046205,270,0,0,0
0,21.16156,0.8383582,341.0597,2.006469,270,0,0,0
0,21.17302,0.8979793,341.0674,1.965687,270,0,0,0
0,21.18439,0.9445844,341.0699,1.937672,270,0,0,0
0,21.19514,0.9959668,341.0723,1.91047,270,0,0,0
0,21.20617,1.055986,341.0689,1.884335,270,0,0,0
0,21.21749,1.102815,341.0742,1.863157,270,0,0,0
0,21.22857,1.148916,341.0858,1.830129,270,0,0,0
0,21.24656,1.196061,341.1065,1.798698,270,0,0,0
0,21.25035,1.23634,341.1198,1.746293,270,0,0,0
0,21.26204,1.27698,341.145,1.713594,270,0,0,0
0,21.27287,1.300253,341.1703,1.694171,270,0,0,0
0,21.28389,1.328479,341.1824,1.686767,270,0,0,0
0,21.29509,1.34226,341.1904,1.69411,270,0,0,0
0,21.30631,1.350412,341.1932,1.69608,270,0,0,0
0,21.31716,1.333192,341.1967,1.694131,270,0,0,0
0,21.32823,1.326427,341.1802,1.660086,270,0,0,0
0,21.34003,1.328376,341.1561,1.600568,270,0,0,0
0,21.35046,1.316844,341.1121,1.531164,270,0,0,0
0,21.36188,1.327443,341.0521,1.481403,270,0,0,0
0,21.37307,1.34053,340.9771,1.433829,270,0,0,0
0,21.38443,1.354351,340.8981,1.395267,270,0,0,0
0,21.40232,1.362278,340.8042,1.357016,270,0,0,0
0,21.40611,1.363603,340.7126,1.29864,270,0,0,0
0,21.41739,1.364969,340.6317,1.258862,270,0,0,0
0,21.42841,1.369702,340.5535,1.21805,270,0,0,0
0,21.43957,1.385577,340.4875,1.193591,270,0,0,0
0,21.45152,1.391498,340.4193,1.186144,270,0,0,0
0,21.46197,1.39996,340.3617,1.183759,270,0,0,0
0,21.47299,1.422109,340.2969,1.198594,270,0,0,0
0,21.48436,1.432565,340.2129,1.190718,270,0,0,0
0,21.495,1.441494,340.138,1.190191,270,0,0,0
0,21.50639,1.470429,340.062,1.187317,270,0,0,0
0,21.51751,1.485734,340.0014,1.192716,270,0,0,0
0,21.52827,1.495649,339.9276,1.213331,270,0,0,0
0,21.53947,1.515323,339.8562,1.224748,270,0,0,0
0,21.55789,1.528983,339.8051,1.255777,270,0,0,0
0,21.56152,1.538783,339.7544,1.287302,270,0,0,0
0,21.57301,1.535627,339.7034,1.321431,270,0,0,0
0,21.584,1.526778,339.6583,1.343436,270,0,0,0
0,21.59534,1.52665,339.6167,1.365048,270,0,0,0
0,21.60652,1.501577,339.5775,1.377435,270,0,0,0
0,21.61769,1.491112,339.5301,1.385533,270,0,0,0
0,21.62854,1.474066,339.4932,1.38999,270,0,0,0
0,21.63971,1.449073,339.4572,1.396287,270,0,0,0
0,21.65066,1.42278,339.4111,1.398561,270,0,0,0
0,21.6617,1.405907,339.377,1.381916,270,0,0,0
0,21.67286,1.378882,339.3613,1.359287,270,0,0,0
0,21.68424,1.365886,339.3436,1.318249,270,0,0,0
0,21.6955,1.356905,339.324,1.294576,270,0,0,0
0,21.7138,1.376523,339.2986,1.271777,270,0,0,0
0,21.71735,1.399916,339.2814,1.27979,270,0,0,0
0,21.72842,1.423555,339.2639,1.298637,270,0,0,0
0,21.73976,1.431846,339.2491,1.314277,270,0,0,0
0,21.7505,1.436679,339.2448,1.314428,270,0,0,0
0,21.76213,1.437582,339.2568,1.320214,270,0,0,0
0,21.77259,1.435573,339.2748,1.324338,270,0,0,0
0,21.78453,1.444688,339.3152,1.345688,270,0,0,0
0,21.79584,1.446737,339.3594,1.370366,270,0,0,0
0,21.80652,1.448819,339.4059,1.400052,270,0,0,0
0,21.81719,1.444012,339.452,1.42181,270,0,0,0
0,21.82832,1.433549,339.4852,1.433116,270,0,0,0
0,21.84002,1.433255,339.5138,1.44688,270,0,0,0
0,21.85094,1.438584,339.5374,1.446864,270,0,0,0
0,21.8702,1.461631,339.5481,1.444296,270,0,0,0
0,21.87502,1.484372,339.5546,1.442921,270,0,0,0
0,21.88401,1.515718,339.5417,1.434402,270,0,0,0
0,21.89572,1.550064,339.5042,1.425478,270,0,0,0
0,21.90635,1.585238,339.483,1.414237,270,0,0,0
0,21.9175,1.60164,339.4565,1.405899,270,0,0,0
0,21.92822,1.60609,339.4508,1.391264,270,0,0,0
0,21.93909,1.593581,339.4468,1.371847,270,0,0,0
0,21.95168,1.595057,339.4395,1.352878,270,0,0,0
0,21.96165,1.60091,339.4374,1.333919,270,0,0,0
0,21.97266,1.626099,339.4107,1.349718,270,0,0,0
0,21.98384,1.641765,339.381,1.371158,270,0,0,0
0,21.99482,1.645315,339.3364,1.386503,270,0,0,0
0,22.00595,1.643863,339.2885,1.379646,270,0,0,0
0,22.02461,1.626998,339.2524,1.36544,270,0,0,0
0,22.02834,1.606661,339.2234,1.348994,270,0,0,0
0,22.03918,1.593963,339.1946,1.325118,270,0,0,0
0,22.05066,1.59288,339.1581,1.307596,270,0,0,0
0,22.06201,1.571064,339.1211,1.305523,270,0,0,0
0,22.07251,1.554578,339.0977,1.28926,270,0,0,0
0,22.08353,1.537346,339.0789,1.287335,270,0,0,0
0,22.09463,1.511406,339.0637,1.258257,270,0,0,0
0,22.10587,1.48381,339.0556,1.245046,270,0,0,0
0,22.11686,1.440648,339.047,1.239472,270,0,0,0
0,22.12798,1.417425,339.0474,1.222484,270,0,0,0
9,22.15424,1.402845,339.049,1.193147,270,0,0,0
9,22.17039,1.368518,339.0576,1.165412,270,0,0,0
9,22.1854,1.313012,339.0957,1.096033,315,1.41,0,1.41
9,22.19662,1.359735,339.0854,1.108285,315,1.41,0,1.41
9,22.20942,1.446336,339.0353,1.156234,315,1.41,0,1.41
9,22.22062,1.519891,338.973,1.195285,315,1.41,0,1.41
9,22.22349,1.579574,338.8976,1.236889,315,1.41,0,1.41
9,22.23402,1.59932,338.851,1.254364,315,1.41,0,1.41
9,22.24551,1.589282,338.8123,1.245057,315,1.41,0,1.41
9,22.25626,1.54664,338.8098,1.208043,315,1.41,0,1.41
9,22.26823,1.507344,338.8305,1.142658,315,1.41,0,1.41
9,22.2805,1.460006,338.8651,1.086248,315,1.41,0,1.41
9,22.28956,1.425047,338.8886,1.060724,315,1.41,0,1.41
9,22.30072,1.411945,338.9184,1.047114,315,1.41,0,1.41
9,22.31221,1.423033,338.9335,1.05696,315,1.41,0,1.41
9,22.32305,1.444653,338.9546,1.065045,315,1.41,0,1.41
9,22.34319,1.456832,338.9768,1.102558,315,1.41,0,1.41
9,22.34745,1.477081,338.9765,1.133312,315,1.41,0,1.41
9,22.35642,1.459262,338.9911,1.160465,315,1.41,0,1.41
9,22.3676,1.461925,339.0175,1.176134,315,1.41,0,1.41
9,22.37872,1.451923,339.0335,1.193684,315,1.41,0,1.41
9,22.38966,1.444958,339.0697,1.181111,315,1.41,0,1.41
9,22.40073,1.447227,339.0872,1.178636,315,1.41,0,1.41
9,22.41203,1.457409,339.102,1.184141,315,1.41,0,1.41
9,22.42305,1.496881,339.0881,1.188854,315,1.41,0,1.41
9,22.43439,1.521708,339.0748,1.201633,315,1.41,0,1.41
9,22.44525,1.550399,339.0714,1.212151,315,1.41,0,1.41
9,22.45635,1.569407,339.0767,1.208431,315,1.41,0,1.41
9,22.46835,1.564385,339.0952,1.199988,315,1.41,0,1.41
9,22.47891,1.571558,339.1199,1.175018,315,1.41,0,1.41
9,22.49945,1.549929,339.1587,1.163894,315,1.41,0,1.41
9,22.5034,1.56036,339.1799,1.14751,315,1.41,0,1.41
9,22.51229,1.566412,339.201,1.178077,315,1.41,0,1.41
9,22.52311,1.547888,339.2103,1.215599,315,1.41,0,1.41
9,22.53396,1.53652,339.2222,1.259701,315,1.41,0,1.41
9,22.54506,1.49921,339.2302,1.316716,315,1.41,0,1.41
9,22.55642,1.447611,339.2485,1.351786,315,1.41,0,1.41
9,22.5671,1.384154,339.2572,1.397137,315,1.41,0,1.41
9,22.57841,1.324693,339.287,1.424583,315,1.41,0,1.41
9,22.59007,1.228146,339.3021,1.482937,315,1.41,0,1.41
9,22.60049,1.131364,339.3122,1.528812,315,1.41,0,1.41
9,22.61159,1.003869,339.3226,1.597373,315,1.41,0,1.41
9,22.62309,0.8649298,339.3405,1.651398,315,1.41,0,1.41
9,22.63411,0.7122506,339.3713,1.702922,315,1.41,0,1.41
9,22.65258,0.5443558,339.3936,1.763743,315,1.41,0,1.41
9,22.6557,0.4361289,339.4109,1.852049,315,1.41,0,1.41
9,22.66743,0.2616113,339.4555,1.940317,315,1.41,0,1.41
9,22.67822,0.06458455,339.5156,2.04513,315,1.41,0,1.41
9,22.68947,359.8684,339.5867,2.151826,315,1.41,0,1.41
9,22.70049,359.6205,339.6436,2.275496,315,1.41,0,1.41
9,22.71159,359.3345,339.7065,2.416988,315,1.41,0,1.41
9,22.72271,358.8924,339.7377,2.643352,315,1.41,0,1.41
9,22.73405,358.4852,339.8157,2.835432,315,1.41,0,1.41
9,22.74575,358.1197,339.9119,2.944242,315,1.41,0,1.41
9,22.75658,357.9309,340.0779,2.929157,315,1.41,0,1.41
9,22.76839,357.805,340.2012,2.907427,315,1.41,0,1.41
9,22.78011,357.6632,340.3134,2.963408,315,1.41,0,1.41
9,22.79181,357.4767,340.3792,3.12589,315,1.41,0,1.41
9,22.81403,357.2813,340.4045,3.322387,315,1.41,0,1.41
9,22.8187,357.122,340.4241,3.489623,315,1.41,0,1.41
9,22.82701,357.0949,340.4133,3.555086,315,1.41,0,1.41
9,22.8382,357.1291,340.4763,3.533664,315,1.41,0,1.41
9,22.84924,357.1542,340.5226,3.522164,315,1.41,0,1.41
9,22.86005,357.1486,340.5871,3.516073,315,1.41,0,1.41
9,22.87173,357.1731,340.6851,3.456314,315,1.41,0,1.41
9,22.88229,357.2006,340.7454,3.398278,315,1.41,0,1.41
9,22.89363,357.2554,340.7793,3.31912,315,1.41,0,1.41
9,22.90465,357.3247,340.7993,3.234382,315,1.41,0,1.41
9,22.9163,357.437,340.8288,3.120353,315,1.41,0,1.41
9,22.92673,357.5804,340.8513,3.028834,315,1.41,0,1.41
9,22.93781,357.7359,340.8813,2.941373,315,1.41,0,1.41
9,22.94896,357.9246,340.8906,2.865729,315,1.41,0,1.41
9,22.96674,358.0885,340.8701,2.798254,315,1.41,0,1.41
9,22.971,358.2163,340.8516,2.732572,315,1.41,0,1.41
9,22.98268,358.3316,340.8341,2.675071,315,1.41,0,1.41
9,22.99327,358.4351,340.8154,2.601231,315,1.41,0,1.41
9,23.00446,358.5439,340.7946,2.523152,315,1.41,0,1.41
9,23.01563,358.672,340.7823,2.456728,315,1.41,0,1.41
9,23.02722,358.8228,340.7661,2.36851,315,1.41,0,1.41
9,23.0378,358.9941,340.754,2.280854,315,1.41,0,1.41
9,23.04905,359.1679,340.76,2.197271,315,1.41,0,1.41
9,23.06059,359.3088,340.7606,2.109772,315,1.41,0,1.41
9,23.07109,359.4474,340.7805,1.990348,315,1.41,0,1.41
9,23.08242,359.576,340.8057,1.862542,315,1.41,0,1.41
9,23.09367,359.7025,340.8459,1.737131,315,1.41,0,1.41
9,23.105,359.8463,340.8868,1.629116,315,1.41,0,1.41
9,23.12321,0.01503079,340.9485,1.537059,315,1.41,0,1.41
9,23.12637,0.1747804,340.959,1.512808,315,1.41,0,1.41
9,23.13804,0.2995606,340.9863,1.490523,315,1.41,0,1.41
9,23.1489,0.4083927,341.0005,1.521375,315,1.41,0,1.41
9,23.16012,0.4613789,341.0238,1.515341,315,1.41,0,1.41
9,23.17115,0.5236604,341.0421,1.480278,315,1.41,0,1.41
9,23.18246,0.5374233,341.064,1.43117,315,1.41,0,1.41
9,23.19361,0.5204333,341.1075,1.375722,315,1.41,0,1.41
9,23.20517,0.5485337,341.1224,1.318422,315,1.41,0,1.41
9,23.21626,0.5874743,341.1189,1.285545,315,1.41,0,1.41
9,23.2272,0.5979381,341.0986,1.279491,315,1.41,0,1.41
9,23.23849,0.6203986,341.0919,1.27879,315,1.41,0,1.41
9,23.25021,0.6490984,341.0845,1.271705,315,1.41,0,1.41
9,23.26099,0.6887575,341.101,1.245286,315,1.41,0,1.41
9,23.28015,0.7464572,341.1297,1.226455,315,1.41,0,1.41
9,23.28342,0.7990825,341.1655,1.184229,315,1.41,0,1.41
9,23.29497,0.839584,341.201,1.153391,315,1.41,0,1.41
9,23.30516,0.8835965,341.2413,1.147312,315,1.41,0,1.41
9,23.31634,0.9107291,341.2798,1.138424,315,1.41,0,1.41
9,23.32741,0.9343938,341.329,1.131372,315,1.41,0,1.41
9,23.33853,0.962382,341.3877,1.124059,315,1.41,0,1.41
9,23.34958,1.017548,341.4208,1.121819,315,1.41,0,1.41
9,23.36086,1.108829,341.4598,1.087146,315,1.41,0,1.41
9,23.37227,1.191575,341.4948,1.075294,315,1.41,0,1.41
9,23.38305,1.257356,341.5069,1.082218,315,1.41,0,1.41
9,23.39449,1.315407,341.5104,1.088856,315,1.41,0,1.41
9,23.40524,1.360044,341.5042,1.105526,315,1.41,0,1.41
9,23.41664,1.402066,341.4903,1.113809,315,1.41,0,1.41
9,23.43422,1.474224,341.4793,1.110866,315,1.41,0,1.41
9,23.43849,1.528882,341.4726,1.099677,315,1.41,0,1.41
9,23.44992,1.605687,341.4763,1.096912,315,1.41,0,1.41
9,23.46091,1.682756,341.5041,1.083572,315,1.41,0,1.41
9,23.47198,1.739597,341.5143,1.082045,315,1.41,0,1.41
9,23.48364,1.822743,341.5508,1.100836,315,1.41,0,1.41
9,23.49501,1.896801,341.5769,1.129439,315,1.41,0,1.41
9,23.50525,1.946889,341.5898,1.150046,315,1.41,0,1.41
9,23.51678,1.990612,341.6181,1.159945,315,1.41,0,1.41
9,23.52779,2.050152,341.6618,1.159458,315,1.41,0,1.41
9,23.53854,2.10127,341.6882,1.159047,315,1.41,0,1.41
9,23.54976,2.127839,341.7018,1.169258,315,1.41,0,1.41
9,23.5608,2.164522,341.7135,1.179929,315,1.41,0,1.41
9,23.57232,2.197762,341.722,1.186226,315,1.41,0,1.41
9,23.59036,2.246213,341.7085,1.198853,315,1.41,0,1.41
9,23.59449,2.282519,341.7026,1.211448,315,1.41,0,1.41
9,23.60546,2.324661,341.7068,1.216571,315,1.41,0,1.41
9,23.6164,2.36904,341.717,1.210145,315,1.41,0,1.41
9,23.62759,2.425187,341.7286,1.226162,315,1.41,0,1.41
9,23.63847,2.487706,341.7513,1.230515,315,1.41,0,1.41
9,23.65029,2.602042,341.7607,1.247315,315,1.41,0,1.41
9,23.66093,2.67236,341.7566,1.271468,315,1.41,0,1.41
9,23.67208,2.730445,341.7658,1.300999,315,1.41,0,1.41
9,23.68336,2.787813,341.7763,1.303045,315,1.41,0,1.41
9,23.6942,2.823632,341.7757,1.295918,315,1.41,0,1.41
9,23.70562,2.854621,341.7877,1.263448,315,1.41,0,1.41
9,23.71689,2.891323,341.8022,1.232739,315,1.41,0,1.41
9,23.73387,2.942448,341.8094,1.20189,315,1.41,0,1.41
9,23.76106,3.043889,341.806,1.175494,315,1.41,0,1.41
9,23.76413,3.103627,341.7965,1.169082,315,1.41,0,1.41
9,23.77197,3.153713,341.7932,1.187513,315,1.41,0,1.41
9,23.78115,3.185764,341.783,1.196417,315,1.41,0,1.41
9,23.79261,3.216069,341.7919,1.219912,315,1.41,0,1.41
9,23.80402,3.235761,341.7991,1.245259,315,1.41,0,1.41
9,23.81487,3.255225,341.8157,1.256746,315,1.41,0,1.41
9,23.8265,3.24517,341.8324,1.263755,315,1.41,0,1.41
9,23.83761,3.253777,341.8367,1.255867,315,1.41,0,1.41
9,23.84816,3.24376,341.8398,1.246432,315,1.41,0,1.41
9,23.85917,3.246187,341.8433,1.251878,315,1.41,0,1.41
9,23.87108,3.233414,341.8557,1.269545,315,1.41,0,1.41
9,23.88147,3.239796,341.8579,1.289191,315,1.41,0,1.41
9,23.89285,3.237285,341.8722,1.300538,315,1.41,0,1.41
9,23.91141,3.256587,341.8697,1.317455,315,1.41,0,1.41
9,23.91431,3.28019,341.8538,1.328222,315,1.41,0,1.41
9,23.92585,3.290144,341.8371,1.32465,315,1.41,0,1.41
9,23.93695,3.298378,341.8336,1.325679,315,1.41,0,1.41
9,23.94797,3.319148,341.8272,1.303718,315,1.41,0,1.41
9,23.95926,3.316959,341.8278,1.300836,315,1.41,0,1.41
9,23.97013,3.312484,341.8121,1.290378,315,1.41,0,1.41
9,23.98124,3.290278,341.7958,1.284903,315,1.41,0,1.41
9,23.99238,3.280385,341.8024,1.275188,315,1.41,0,1.41
9,24.0035,3.271693,341.8064,1.275219,315,1.41,0,1.41
9,24.01482,3.279538,341.8109,1.283592,315,1.41,0,1.41
9,24.02588,3.266595,341.8023,1.274146,315,1.41,0,1.41
9,24.03678,3.262549,341.8066,1.265931,315,1.41,0,1.41
9,24.04818,3.287045,341.8064,1.251907,315,1.41,0,1.41
9,24.06625,3.273331,341.8135,1.229936,315,1.41,0,1.41
9,24.06996,3.284145,341.8232,1.224655,315,1.41,0,1.41
9,24.08115,3.282614,341.8336,1.209379,315,1.41,0,1.41
9,24.09225,3.286542,341.8421,1.200739,315,1.41,0,1.41
9,24.1037,3.280809,341.8561,1.205875,315,1.41,0,1.41
9,24.11462,3.30756,341.8575,1.193569,315,1.41,0,1.41
9,24.12625,3.330162,341.8551,1.188439,315,1.41,0,1.41
9,24.13708,3.348367,341.853,1.193484,315,1.41,0,1.41
9,24.1483,3.365396,341.8555,1.195758,315,1.41,0,1.41
9,24.15941,3.372981,341.8484,1.191924,315,1.41,0,1.41
9,24.17093,3.383335,341.8489,1.179638,315,1.41,0,1.41
9,24.18304,3.384517,341.8534,1.18475,315,1.41,0,1.41
9,24.193,3.403225,341.86,1.184115,315,1.41,0,1.41
9,24.20475,3.418482,341.8682,1.200819,315,1.41,0,1.41
9,24.22517,3.422614,341.8859,1.202368,315,1.41,0,1.41
9,24.2287,3.442103,341.8996,1.194051,315,1.41,0,1.41
9,24.23833,3.462046,341.917,1.185462,315,1.41,0,1.41
9,24.24975,3.48084,341.9225,1.180564,315,1.41,0,1.41
9,24.26076,3.501851,341.9291,1.173237,315,1.41,0,1.41
9,24.2714,3.528222,341.9344,1.167655,315,1.41,0,1.41
9,24.28257,3.536549,341.9299,1.168832,315,1.41,0,1.41
9,24.29393,3.556461,341.9172,1.171832,315,1.41,0,1.41
9,24.30471,3.565121,341.9128,1.178451,315,1.41,0,1.41
9,24.31597,3.559976,341.9095,1.180744,315,1.41,0,1.41
9,24.32692,3.545098,341.9153,1.188423,315,1.41,0,1.41
9,24.33863,3.556376,341.9242,1.186337,315,1.41,0,1.41
9,24.34935,3.560341,341.9384,1.18917,315,1.41,0,1.41
9,24.36054,3.575193,341.9717,1.175377,315,1.41,0,1.41
9,24.37819,3.58935,341.9947,1.168331,315,1.41,0,1.41
9,24.38282,3.61618,342.0069,1.156041,315,1.41,0,1.41
9,24.3937,3.641905,342.0127,1.158825,315,1.41,0,1.41
9,24.40498,3.661663,342.0142,1.161386,315,1.41,0,1.41
9,24.41639,3.6735,342.0234,1.149227,315,1.41,0,1.41
9,24.42739,3.67453,342.0315,1.152778,315,1.41,0,1.41
9,24.43834,3.696889,342.0458,1.140597,315,1.41,0,1.41
9,24.44958,3.708168,342.0551,1.126552,315,1.41,0,1.41
9,24.46072,3.712162,342.0572,1.115946,315,1.41,0,1.41
9,24.47155,3.733311,342.0525,1.115198,315,1.41,0,1.41
9,24.4829,3.730391,342.0452,1.106438,315,1.41,0,1.41
9,24.49389,3.744344,342.0555,1.081812,315,1.41,0,1.41
9,24.50489,3.765459,342.0575,1.055351,315,1.41,0,1.41
9,24.51664,3.79486,342.0604,1.046762,315,1.41,0,1.41
9,24.53457,3.822583,342.0757,1.028353,315,1.41,0,1.41
9,24.53812,3.857301,342.092,1.026911,315,1.41,0,1.41
9,24.54925,3.891153,342.0957,1.021546,315,1.41,0,1.41
9,24.56041,3.908407,342.0872,1.016896,315,1.41,0,1.41
9,24.57167,3.942225,342.0802,1.020999,315,1.41,0,1.41
9,24.58274,3.956596,342.0775,1.024009,315,1.41,0,1.41
9,24.5937,3.978683,342.0709,1.017004,315,1.41,0,1.41
9,24.60479,3.997405,342.0642,1.012083,315,1.41,0,1.41
9,24.61594,4.010047,342.0639,1.016204,315,1.41,0,1.41
9,24.62694,4.018275,342.0528,1.014517,315,1.41,0,1.41
9,24.63786,4.022057,342.0544,1.0072,315,1.41,0,1.41
9,24.64939,4.009261,342.0435,0.9984161,315,1.41,0,1.41
9,24.66037,4.008267,342.0268,0.9927366,315,1.41,0,1.41
9,24.67201,3.98002,342.0153,0.9918405,315,1.41,0,1.41
9,24.69162,3.997961,342.012,0.9885501,315,1.41,0,1.41
9,24.69493,4.0285,341.9975,1.009639,315,1.41,0,1.41
9,24.70447,4.024861,341.9976,1.035486,315,1.41,0,1.41
9,24.71605,4.033897,341.9951,1.036487,315,1.41,0,1.41
9,24.72694,4.040255,341.9985,1.028801,315,1.41,0,1.41
9,24.73778,4.040079,341.9825,1.029608,315,1.41,0,1.41
9,24.74936,4.020912,341.9569,1.04445,315,1.41,0,1.41
9,24.76036,3.996831,341.9399,1.035582,315,1.41,0,1.41
9,24.77119,3.987768,341.9223,1.027091,315,1.41,0,1.41
9,24.78257,3.998019,341.9168,1.026529,315,1.41,0,1.41
9,24.79398,4.011205,341.9099,1.014516,315,1.41,0,1.41
9,24.80499,4.040989,341.8934,1.023752,315,1.41,0,1.41
9,24.81587,4.071203,341.8572,1.034655,315,1.41,0,1.41
9,24.82707,4.097875,341.8426,1.051574,315,1.41,0,1.41
9,24.84527,4.119667,341.8278,1.065937,315,1.41,0,1.41
9,24.8488,4.129134,341.8375,1.078603,315,1.41,0,1.41
9,24.86118,4.134872,341.8602,1.091578,315,1.41,0,1.41
9,24.87168,4.129776,341.8905,1.092849,315,1.41,0,1.41
9,24.88222,4.117107,341.9187,1.088832,315,1.41,0,1.41
9,24.89353,4.111045,341.9464,1.093337,315,1.41,0,1.41
9,24.90532,4.106237,341.9698,1.089883,315,1.41,0,1.41
9,24.91557,4.118872,341.981,1.096064,315,1.41,0,1.41
9,24.92728,4.138863,341.9944,1.076565,315,1.41,0,1.41
9,24.93781,4.161961,341.9918,1.088221,315,1.41,0,1.41
9,24.94943,4.188084,341.9938,1.110895,315,1.41,0,1.41
9,24.95993,4.203774,341.9779,1.11315,315,1.41,0,1.41
9,24.97141,4.223254,341.9845,1.123003,315,1.41,0,1.41
9,24.98281,4.233856,341.9793,1.127374,315,1.41,0,1.41
9,25.00087,4.24362,341.9834,1.132762,315,1.41,0,1.41
9,25.00416,4.253946,341.981,1.133337,315,1.41,0,1.41
9,25.01578,4.252526,341.9805,1.1464,315,1.41,0,1.41
9,25.0274,4.253191,341.9848,1.165341,315,1.41,0,1.41
9,25.0378,4.231138,341.998,1.159757,315,1.41,0,1.41
9,25.04898,4.223577,342.0105,1.160677,315,1.41,0,1.41
9,25.06013,4.212577,342.0235,1.156918,315,1.41,0,1.41
9,25.07155,4.216861,342.0093,1.175023,315,1.41,0,1.41
9,25.08213,4.2194,342.0103,1.178363,315,1.41,0,1.41
9,25.09352,4.224182,342.0231,1.204556,315,1.41,0,1.41
9,25.10461,4.226247,342.0273,1.20155,315,1.41,0,1.41
9,25.11616,4.223296,342.0352,1.20965,315,1.41,0,1.41
9,25.12662,4.198916,342.0334,1.207894,315,1.41,0,1.41
9,25.13809,4.176854,342.0352,1.22114,315,1.41,0,1.41
9,25.15677,4.159472,342.0176,1.221649,315,1.41,0,1.41
9,25.15958,4.151653,341.9955,1.232194,315,1.41,0,1.41
9,25.17133,4.150035,341.9692,1.242304,315,1.41,0,1.41
9,25.183,4.134193,341.9559,1.261988,315,1.41,0,1.41
9,25.19375,4.150794,341.9421,1.262788,315,1.41,0,1.41
9,25.20426,4.144629,341.9433,1.270048,315,1.41,0,1.41
9,25.21638,4.15372,341.9652,1.254651,315,1.41,0,1.41
9,25.22655,4.169766,341.9597,1.240176,315,1.41,0,1.41
9,25.23806,4.178701,341.9579,1.234692,315,1.41,0,1.41
9,25.24902,4.189909,341.9522,1.24571,315,1.41,0,1.41
9,25.26062,4.199786,341.968,1.249005,315,1.41,0,1.41
9,25.27165,4.197353,341.9508,1.261337,315,1.41,0,1.41
9,25.28205,4.183836,341.9548,1.261858,315,1.41,0,1.41
9,25.29352,4.179255,341.944,1.25812,315,1.41,0,1.41
9,25.31209,4.170385,341.9297,1.250565,315,1.41,0,1.41
9,25.3158,4.165663,341.9339,1.245069,315,1.41,0,1.41
9,25.32638,4.166208,341.9269,1.235713,315,1.41,0,1.41
9,25.33796,4.174767,341.917,1.226242,315,1.41,0,1.41
9,25.34911,4.171125,341.9066,1.2185,315,1.41,0,1.41
9,25.36013,4.171561,341.9052,1.200473,315,1.41,0,1.41
9,25.37162,4.163449,341.9076,1.19868,315,1.41,0,1.41
9,25.38194,4.158385,341.9051,1.181284,315,1.41,0,1.41
9,25.39322,4.167953,341.9051,1.183998,315,1.41,0,1.41
9,25.40469,4.166363,341.9012,1.180884,315,1.41,0,1.41
9,25.41557,4.157958,341.9024,1.195806,315,1.41,0,1.41
9,25.42724,4.149961,341.9194,1.209686,315,1.41,0,1.41
9,25.43743,4.14407,341.9391,1.22127,315,1.41,0,1.41
9,25.4492,4.125105,341.9565,1.229724,315,1.41,0,1.41
9,25.46693,4.09937,341.9849,1.228025,315,1.41,0,1.41
9,25.47075,4.064352,341.9884,1.228248,315,1.41,0,1.41
9,25.48227,4.040009,341.9941,1.222729,315,1.41,0,1.41
9,25.49318,4.027733,341.9996,1.211577,315,1.41,0,1.41
9,25.50436,4.020965,342.0033,1.211161,315,1.41,0,1.41
9,25.51553,4.012131,341.9965,1.216959,315,1.41,0,1.41
9,25.52745,4.016044,342.0013,1.218156,315,1.41,0,1.41
9,25.53747,4.005958,342.0135,1.209257,315,1.41,0,1.41
9,25.54869,3.996169,342.0265,1.205492,315,1.41,0,1.41
9,25.56025,4.005554,342.0429,1.190031,315,1.41,0,1.41
9,25.57106,4.003872,342.0487,1.191205,315,1.41,0,1.41
9,25.58218,4.003152,342.0644,1.185531,315,1.41,0,1.41
9,25.5935,4.000461,342.08,1.187002,315,1.41,0,1.41
9,25.60443,3.994473,342.0855,1.179597,315,1.41,0,1.41
9,25.6237,3.981056,342.0903,1.187162,315,1.41,0,1.41
9,25.62702,3.975079,342.0989,1.188297,315,1.41,0,1.41
9,25.63763,3.963447,342.1147,1.193963,315,1.41,0,1.41
9,25.64862,3.955253,342.1265,1.194358,315,1.41,0,1.41
9,25.66054,3.934456,342.1505,1.18704,315,1.41,0,1.41
9,25.67076,3.944802,342.16,1.186074,315,1.41,0,1.41
9,25.68296,3.941929,342.1728,1.177825,315,1.41,0,1.41
9,25.69319,3.936449,342.182,1.179684,315,1.41,0,1.41
9,25.70436,3.946269,342.1824,1.18951,315,1.41,0,1.41
9,25.71541,3.951932,342.2011,1.18612,315,1.41,0,1.41
9,25.72646,3.944354,342.2107,1.18117,315,1.41,0,1.41
9,25.73762,3.953647,342.2238,1.175398,315,1.41,0,1.41
9,25.74921,3.942246,342.233,1.174127,315,1.41,0,1.41
9,25.76015,3.925143,342.2397,1.168467,315,1.41,0,1.41
6,25.78051,3.923363,342.2437,1.148421,315,1.41,0,1.41
6,25.78515,3.924864,342.2599,1.133483,315,1.41,0,1.41
6,25.79332,3.916206,342.2704,1.122238,90.00001,-8,0,0
6,25.80386,3.9269,342.2849,1.114909,90.00001,-8,0,0
6,25.81491,3.932351,342.2813,1.126575,90.00001,-8,0,0
6,25.82615,3.937102,342.2852,1.123654,90.00001,-8,0,0
6,25.83707,3.957118,342.2721,1.148194,90.00001,-8,0,0
6,25.84831,3.990281,342.2479,1.170845,90.00001,-8,0,0
6,25.86094,4.022428,342.1982,1.177185,90.00001,-8,0,0
6,25.87018,4.030892,342.1624,1.15575,90.00001,-8,0,0
6,25.88214,4.033626,342.15,1.120193,90.00001,-8,0,0
6,25.89466,4.02422,342.1389,1.052145,90.00001,-8,0,0
6,25.9037,3.994225,342.1388,0.9850694,90.00001,-8,0,0
6,25.91507,3.964835,342.152,0.92835,90.00001,-8,0,0
6,25.93461,3.926356,342.1712,0.9100832,90.00001,-8,0,0
6,25.94639,3.916606,342.1877,0.9179012,90.00001,-8,0,0
6,25.95927,3.933072,342.1972,0.9544094,90.00001,-8,0,0
6,25.97007,3.9409,342.195,0.9962352,90.00001,-8,0,0
6,25.97362,3.954186,342.1984,1.027267,90.00001,-8,0,0
6,25.9807,3.968346,342.213,1.037712,90.00001,-8,0,0
6,25.99207,3.979533,342.2432,1.028643,90.00001,-8,0,0
6,26.00296,3.959444,342.2767,1.019522,90.00001,-8,0,0
6,26.01421,3.951209,342.3239,1.014862,90.00001,-8,0,0
6,26.0253,3.945059,342.3438,1.013865,90.00001,-8,0,0
6,26.03634,3.95463,342.3506,1.009785,90.00001,-8,0,0
6,26.04741,3.973946,342.3495,1.027957,90.00001,-8,0,0
6,26.05865,3.995626,342.3469,1.052914,90.00001,-8,0,0
6,26.06977,4.021191,342.3266,1.075089,90.00001,-8,0,0
6,26.09221,4.045755,342.3171,1.075711,90.00001,-8,0,0
6,26.0952,4.063496,342.3168,1.057773,90.00001,-8,0,0
6,26.10268,4.072338,342.3133,1.046249,90.00001,-8,0,0
6,26.11383,4.077756,342.2976,1.018462,90.00001,-8,0,0
6,26.12493,4.07739,342.2682,0.9949042,90.00001,-8,0,0
6,26.13583,4.078504,342.2416,0.9706898,90.00001,-8,0,0
6,26.14719,4.104763,342.2133,0.9351107,90.00001,-8,0,0
6,26.1581,4.110884,342.1802,0.9147449,90.00001,-8,0,0
6,26.16916,4.144553,342.1285,0.8987212,90.00001,-8,0,0
6,26.18023,4.174757,342.0717,0.8890487,90.00001,-8,0,0
6,26.19128,4.206502,342.0218,0.8724213,90.00001,-8,0,0
6,26.20258,4.235067,341.9954,0.8615891,90.00001,-8,0,0
6,26.21424,4.254961,341.9576,0.8661812,90.00001,-8,0,0
6,26.22478,4.282648,341.926,0.8648762,90.00001,-8,0,0
6,26.24329,4.302272,341.8972,0.8833696,90.00001,-8,0,0
6,26.24686,4.295951,341.8589,0.8989086,90.00001,-8,0,0
6,26.25804,4.303818,341.8307,0.8911161,90.00001,-8,0,0
6,26.26909,4.313087,341.8439,0.8721434,90.00001,-8,0,0
6,26.28045,4.324057,341.8481,0.8576822,90.00001,-8,0,0
6,26.2916,4.306667,341.863,0.8521721,90.00001,-8,0,0
6,26.30242,4.317326,341.8896,0.849445,90.00001,-8,0,0
6,26.31376,4.330122,341.9269,0.8571022,90.00001,-8,0,0
6,26.32475,4.349709,341.968,0.8622827,90.00001,-8,0,0
6,26.33577,4.362945,342.0011,0.8834555,90.00001,-8,0,0
6,26.347,4.379086,342.0384,0.9018281,90.00001,-8,0,0
6,26.35838,4.405717,342.0773,0.9199557,90.00001,-8,0,0
6,26.36979,4.457018,342.1185,0.9449874,90.00001,-8,0,0
6,26.38042,4.509273,342.1597,0.9749304,90.00001,-8,0,0
6,26.39925,4.567248,342.1971,0.9845796,90.00001,-8,0,0
6,26.40303,4.622432,342.2392,1.00584,90.00001,-8,0,0
6,26.41361,4.685304,342.2788,1.030854,90.00001,-8,0,0
6,26.42487,4.756999,342.314,1.071437,90.00001,-8,0,0
6,26.43596,4.809049,342.3572,1.113847,90.00001,-8,0,0
6,26.44748,4.877571,342.4022,1.170084,90.00001,-8,0,0
6,26.45826,4.964791,342.4673,1.208811,90.00001,-8,0,0
6,26.46941,5.028478,342.5119,1.268263,90.00001,-8,0,0
6,26.48095,5.101443,342.5654,1.314442,90.00001,-8,0,0
6,26.49184,5.166199,342.6299,1.357607,90.00001,-8,0,0
6,26.50321,5.233576,342.7078,1.396584,90.00001,-8,0,0
6,26.5144,5.300811,342.7854,1.427242,90.00001,-8,0,0
6,26.52618,5.359313,342.8638,1.474613,90.00001,-8,0,0
6,26.53703,5.419942,342.9553,1.52594,90.00001,-8,0,0
6,26.55651,5.485981,343.0243,1.547313,90.00001,-8,0,0
6,26.5601,5.531175,343.0969,1.568867,90.00001,-8,0,0
6,26.57078,5.564549,343.1748,1.579177,90.00001,-8,0,0
6,26.58188,5.600987,343.2473,1.582908,90.00001,-8,0,0
6,26.59303,5.62971,343.3076,1.583993,90.00001,-8,0,0
6,26.60392,5.66032,343.3647,1.590453,90.00001,-8,0,0
6,26.61548,5.702447,343.4238,1.591641,90.00001,-8,0,0
6,26.62635,5.720415,343.4789,1.581556,90.00001,-8,0,0
6,26.63792,5.746456,343.5385,1.572432,90.00001,-8,0,0
6,26.64888,5.773547,343.5989,1.553018,90.00001,-8,0,0
6,26.65974,5.770097,343.6608,1.527622,90.00001,-8,0,0
6,26.6711,5.770544,343.7222,1.507103,90.00001,-8,0,0
6,26.68177,5.763507,343.7679,1.482408,90.00001,-8,0,0
6,26.69347,5.773216,343.827,1.481283,90.00001,-8,0,0
6,26.71213,5.811727,343.8633,1.492983,90.00001,-8,0,0
6,26.71867,5.88226,343.8933,1.479433,90.00001,-8,0,0
6,26.72823,5.932722,343.9179,1.453567,90.00001,-8,0,0
6,26.73766,5.970179,343.9301,1.414023,90.00001,-8,0,0
6,26.74994,6.004901,343.9491,1.355689,90.00001,-8,0,0
6,26.76061,6.045292,343.9411,1.281203,90.00001,-8,0,0
6,26.77172,6.091614,343.923,1.212056,90.00001,-8,0,0
6,26.78288,6.124665,343.9103,1.162095,90.00001,-8,0,0
6,26.79469,6.158593,343.9052,1.098518,90.00001,-8,0,0
6,26.80511,6.188076,343.8804,1.03736,90.00001,-8,0,0
6,26.81609,6.197484,343.8712,0.9574398,90.00001,-8,0,0
6,26.82737,6.210823,343.8865,0.888707,90.00001,-8,0,0
6,26.83773,6.204263,343.8842,0.8341067,90.00001,-8,0,0
6,26.84998,6.201624,343.9016,0.7823706,90.00001,-8,0,0
6,26.87255,6.188606,343.9175,0.7345935,90.00001,-8,0,0
6,26.8787,6.176631,343.9442,0.6975706,90.00001,-8,0,0
6,26.88209,6.156321,343.9656,0.6555293,90.00001,-8,0,0
6,26.8892,6.148186,343.9864,0.6207049,90.00001,-8,0,0
6,26.90265,6.125506,344.0107,0.6142381,90.00001,-8,0,0
6,26.91236,6.142447,344.0336,0.589083,90.00001,-8,0,0
6,26.92253,6.150167,344.0468,0.5816143,90.00001,-8,0,0
6,26.93549,6.172611,344.0585,0.5652903,90.00001,-8,0,0
6,26.94425,6.198302,344.0677,0.5745581,90.00001,-8,0,0
6,26.95615,6.21719,344.0615,0.5717614,90.00001,-8,0,0
6,26.96714,6.225319,344.0577,0.5795642,90.00001,-8,0,0
6,26.97789,6.24095,344.0562,0.5826559,90.00001,-8,0,0
6,26.98907,6.243458,344.0319,0.5904227,90.00001,-8,0,0
6,27.00013,6.243058,344.0281,0.6014349,90.00001,-8,0,0
6,27.01979,6.249726,344.0182,0.6118398,90.00001,-8,0,0
6,27.02402,6.262174,344.022,0.6304899,90.00001,-8,0,0
6,27.03332,6.25418,344.0563,0.6283724,90.00001,-8,0,0
6,27.04632,6.256326,344.0796,0.6322825,90.00001,-8,0,0
6,27.05542,6.268974,344.1026,0.6189771,90.00001,-8,0,0
6,27.06683,6.276087,344.1083,0.6126481,90.00001,-8,0,0
6,27.0802,6.283873,344.1539,0.6249467,90.00001,-8,0,0
6,27.09013,6.288423,344.1783,0.6325583,90.00001,-8,0,0
6,27.09989,6.290274,344.1842,0.6625517,90.00001,-8,0,0
6,27.11149,6.306362,344.2074,0.6772435,90.00001,-8,0,0
6,27.12291,6.308683,344.2211,0.7057338,90.00001,-8,0,0
6,27.13363,6.300328,344.2417,0.7236159,90.00001,-8,0,0
6,27.14466,6.309883,344.2582,0.7274694,90.00001,-8,0,0
6,27.15747,6.314313,344.2753,0.734577,90.00001,-8,0,0
6,27.17972,6.317333,344.296,0.7313119,90.00001,-8,0,0
6,27.18358,6.327615,344.3064,0.7332829,90.00001,-8,0,0
6,27.18753,6.347435,344.3253,0.7611582,90.00001,-8,0,0
6,27.19935,6.378772,344.3238,0.7632695,90.00001,-8,0,0
6,27.21026,6.408938,344.3421,0.771031,90.00001,-8,0,0
6,27.22145,6.436417,344.3593,0.7830862,90.00001,-8,0,0
6,27.23246,6.479162,344.3781,0.8058959,90.00001,-8,0,0
6,27.24397,6.517119,344.3779,0.827372,90.00001,-8,0,0
6,27.2554,6.553094,344.3719,0.8538795,90.00001,-8,0,0
6,27.26674,6.581065,344.367,0.884279,90.00001,-8,0,0
6,27.27755,6.580776,344.3669,0.8984503,90.00001,-8,0,0
6,27.28864,6.599839,344.3728,0.8986582,90.00001,-8,0,0
6,27.29968,6.623433,344.362,0.9035755,90.00001,-8,0,0
6,27.31158,6.63904,344.3533,0.9246702,90.00001,-8,0,0
6,27.33347,6.671068,344.3569,0.9237912,90.00001,-8,0,0
6,27.33745,6.673007,344.3662,0.9457518,90.00001,-8,0,0
6,27.34529,6.692515,344.3676,0.9746405,90.00001,-8,0,0
6,27.35695,6.673801,344.3752,0.9807262,90.00001,-8,0,0
6,27.36585,6.679676,344.3765,1.005027,90.00001,-8,0,0
6,27.37823,6.702243,344.3769,1.041153,90.00001,-8,0,0
6,27.3884,6.688558,344.3765,1.091341,90.00001,-8,0,0
6,27.40084,6.692297,344.3677,1.127581,90.00001,-8,0,0
6,27.40998,6.709751,344.3659,1.139963,90.00001,-8,0,0
6,27.42192,6.730737,344.3794,1.141868,90.00001,-8,0,0
6,27.43287,6.742696,344.4011,1.156437,90.00001,-8,0,0
6,27.44339,6.735871,344.4174,1.184678,90.00001,-8,0,0
6,27.45449,6.748819,344.4232,1.222503,90.00001,-8,0,0
6,27.46658,6.768328,344.4455,1.267501,90.00001,-8,0,0
6,27.48907,6.785627,344.4543,1.31328,90.00001,-8,0,0
6,27.49313,6.788442,344.4774,1.346024,90.00001,-8,0,0
6,27.49897,6.808353,344.473,1.378761,90.00001,-8,0,0
6,27.51041,6.828356,344.4833,1.414931,90.00001,-8,0,0
6,27.52118,6.839047,344.4854,1.432505,90.00001,-8,0,0
6,27.53249,6.856487,344.4973,1.46263,90.00001,-8,0,0
6,27.54399,6.867352,344.5066,1.491298,90.00001,-8,0,0
6,27.555,6.895196,344.525,1.535781,90.00001,-8,0,0
6,27.56683,6.931316,344.5521,1.593975,90.00001,-8,0,0
6,27.57758,6.966097,344.569,1.646226,90.00001,-8,0,0
6,27.58974,6.977027,344.601,1.694775,90.00001,-8,0,0
6,27.60068,7.000754,344.6265,1.71665,90.00001,-8,0,0
6,27.61183,7.000469,344.6542,1.750493,90.00001,-8,0,0
6,27.62284,7.018172,344.674,1.78117,90.00001,-8,0,0
6,27.64164,7.045902,344.6867,1.831482,90.00001,-8,0,0
6,27.64511,7.076623,344.6962,1.887186,90.00001,-8,0,0
6,27.6561,7.130372,344.688,1.956895,90.00001,-8,0,0
6,27.66695,7.183221,344.7086,2.023276,90.00001,-8,0,0
6,27.67804,7.259297,344.7128,2.109475,90.00001,-8,0,0
6,27.6893,7.340316,344.6966,2.198725,90.00001,-8,0,0
6,27.70035,7.389416,344.72,2.274493,90.00001,-8,0,0
6,27.71876,7.420542,344.732,2.358671,90.00001,-8,0,0
6,27.72364,7.466221,344.7195,2.421422,90.00001,-8,0,0
6,27.73358,7.476358,344.7155,2.466765,90.00001,-8,0,0
6,27.74474,7.484546,344.7305,2.521354,90.00001,-8,0,0
6,27.75587,7.477113,344.7425,2.56762,90.00001,-8,0,0
6,27.76698,7.478746,344.7448,2.631322,90.00001,-8,0,0
6,27.7781,7.489454,344.733,2.68208,90.00001,-8,0,0
6,27.79752,7.507738,344.7187,2.730365,90.00001,-8,0,0
6,27.80074,7.516417,344.7039,2.770391,90.00001,-8,0,0
6,27.81141,7.508167,344.695,2.816468,90.00001,-8,0,0
6,27.82276,7.482161,344.6764,2.842059,90.00001,-8,0,0
6,27.83353,7.460983,344.6673,2.877742,90.00001,-8,0,0
6,27.84464,7.428245,344.6513,2.884494,90.00001,-8,0,0
6,27.8569,7.411118,344.6334,2.908154,90.00001,-8,0,0
6,27.86776,7.39622,344.6113,2.930843,90.00001,-8,0,0
6,27.8785,7.413972,344.6073,2.975818,90.00001,-8,0,0
6,27.88988,7.416651,344.5987,3.032323,90.00001,-8,0,0
6,27.90116,7.419769,344.5755,3.088067,90.00001,-8,0,0
6,27.91222,7.415987,344.5755,3.146217,90.00001,-8,0,0
6,27.92444,7.401942,344.5814,3.191739,90.00001,-8,0,0
6,27.94444,7.408942,344.5919,3.170193,90.00001,-8,0,0
