count,time
0,0
0,0.02
0,0.3265819
0,0.3382643
0,0.3415906
0,0.3438013
0,0.3457641
0,0.3481168
0,0.3500997
0,0.3519145
0,0.3536878
0,0.3554143
0,0.3571423
0,0.3588769
0,0.360618
0,0.3624543
0,0.3641411
0,0.3657804
0,0.3686164
0,0.3704499
0,0.3721365
0,0.3738182
0,0.3754977
0,0.3772248
0,0.3788812
0,0.3805771
0,0.3824192
0,0.3841618
0,0.3858521
0,0.3875385
0,0.3891728
0,0.3908421
0,0.3925362
0,0.3942005
0,0.3959518
0,0.3977087
0,0.3993968
0,0.4010599
0,0.402876
0,0.4045957
0,0.4064141
0,0.4082864
0,0.4099352
0,0.4115905
0,0.4133459
0,0.4150026
0,0.4166795
0,0.418452
0,0.420201
0,0.4221206
0,0.4240899
0,0.4259056
0,0.4275651
0,0.4345864
0,0.4365921
0,0.4384046
0,0.4403894
0,0.4428232
0,0.4447568
0,0.4465514
0,0.4483385
0,0.4500638
0,0.4518985
0,0.4538175
0,0.4556357
0,0.4573193
0,0.458964
0,0.4607417
0,0.4626881
0,0.4644819
0,0.4661926
0,0.4679551
0,0.4696393
0,0.4713602
0,0.4730701
0,0.4747518
0,0.4764534
0,0.478131
0,0.4798044
0,0.4814789
0,0.4833569
0,0.4849506
0,0.4866936
0,0.488302
0,0.490066
0,0.4917449
0,0.4934255
0,0.4950395
0,0.4967666
0,0.4983844
0,0.5000945
0,0.501889
0,0.5035482
0,0.5052775
0,0.5069745
0,0.5087146
0,0.5104935
0,0.5125311
0,0.5142683
0,0.5160385
0,0.5177975
0,0.519464
0,0.5211623
0,0.5229948
0,0.5247471
0,0.5264639
0,0.5283388
0,0.5303728
0,0.5324536
0,0.5343445
0,0.5361103
0,0.5378119
0,0.5395769
0,0.5413555
0,0.5432748
0,0.5449124
0,0.5466387
0,0.5483297
0,0.5501382
0,0.5520101
0,0.5536984
0,0.5553894
0,0.5570461
0,0.5589202
0,0.5606305
0,0.5624369
0,0.5641137
0,0.5659697
0,0.5679616
0,0.5704156
0,0.5725709
0,0.5745894
0,0.5764066
0,0.5782941
0,0.5802257
0,0.5824329
0,0.5844449
0,0.586434
0,0.5883607
0,0.5902582
0,0.592233
0,0.5941189
0,0.5959171
0,0.5979687
0,0.600169
0,0.602622
0,0.6048784
0,0.6069089
0,0.6087426
0,0.6106366
0,0.6124105
0,0.6143931
0,0.6162352
0,0.6180869
0,0.6199691
0,0.6217887
0,0.6238748
0,0.6258328
0,0.6276698
0,0.6294973
0,0.6318749
0,0.634018
0,0.6360358
0,0.6378063
0,0.6396161
0,0.6416473
0,0.6445078
0,0.6465924
0,0.648596
0,0.6506569
0,0.6528816
0,0.6549067
0,0.6578598
0,0.6605525
0,0.6632539
0,0.665592
0,0.6681254
0,0.6701431
0,0.6722217
0,0.6745782
0,0.6768579
0,0.6793214
0,0.6817508
0,0.6845479
0,0.6864869
0,0.6882694
0,0.6903023
0,0.6922497
0,0.6941215
0,0.6959767
0,0.6979042
0,0.6997527
0,0.701574
0,0.7037775
0,0.7057669
0,0.7085432
0,0.7107189
0,0.7128594
0,0.7148443
0,0.7168394
0,0.7189425
0,0.7209493
0,0.7232764
0,0.7253182
0,0.7271511
0,0.7289976
0,0.7315019
0,0.7337753
0,0.735918
0,0.7380587
0,0.7400759
0,0.7421709
0,0.7440515
0,0.7459529
0,0.7478924
0,0.7498034
0,0.7517213
0,0.7539142
0,0.7560084
0,0.7578923
0,0.7598234
0,0.7617647
0,0.7638747
0,0.7657172
0,0.7677341
0,0.7696951
0,0.7719722
0,0.7739653
0,0.7759084
0,0.777645
0,0.77947
0,0.7814053
0,0.7835856
0,0.7856557
0,0.7878284
0,0.7898251
0,0.7916479
0,0.7934337
0,0.7951939
0,0.7973062
0,0.7989733
0,0.800912
0,0.8030391
0,0.8049215
0,0.8068616
0,0.8087445
0,0.8107068
0,0.8125263
0,0.8142958
0,0.8161441
0,0.8178795
0,0.8196359
0,0.8213524
0,0.8233497
0,0.8249926
0,0.8268352
0,0.8286885
0,0.8305173
0,0.832297
0,0.8342239
0,0.8359893
0,0.8378569
0,0.8397335
0,0.8415285
0,0.843487
0,0.8452597
0,0.8470027
0,0.8488651
0,0.8506651
0,0.8524071
0,0.8541264
0,0.855859
0,0.8574996
0,0.8591286
0,0.8607678
0,0.8625919
0,0.8642031
0,0.86582
0,0.8674325
0,0.8690409
0,0.8707288
0,0.8724188
0,0.8740137
0,0.8756178
0,0.8772973
0,0.8789062
0,0.8806265
0,0.8824988
0,0.8841962
0,0.8859748
0,0.8877307
0,0.8895235
0,0.8911173
0,0.8929735
0,0.894867
0,0.8964632
0,0.898028
0,0.8996525
0,0.9012807
0,0.903084
0,0.9047131
0,0.9064327
0,0.907992
0,0.9098697
0,0.9117866
0,0.9140357
0,0.9158454
0,0.9175512
0,0.9192057
0,0.9208777
0,0.9227176
0,0.9243547
0,0.9263178
0,0.9281507
0,0.9299727
0,0.9317223
0,0.9336289
0,0.9353621
0,0.9372781
0,0.9391915
0,0.9410048
0,0.9429568
0,0.944588
0,0.9462774
0,0.9480655
0,0.9499947
0,0.9518231
0,0.9537648
0,0.9558744
0,0.9581016
0,0.9604985
0,0.9627439
0,0.9646174
0,0.9665453
0,0.9681706
0,0.9698057
0,0.9717139
0,0.9736183
0,0.9754373
0,0.9771806
0,0.9788412
0,0.980598
0,0.9824564
0,0.9844761
0,0.9862366
0,0.9878884
0,0.9895917
0,0.9912759
0,0.992946
0,0.9946332
0,0.9963041
0,0.9979255
0,0.9996092
0,1.009402
0,1.011686
0,1.013442
0,1.015262
0,1.01753
0,1.020001
0,1.022186
0,1.023978
0,1.025737
0,1.027474
0,1.029492
0,1.031324
0,1.033044
0,1.034692
0,1.036532
0,1.038283
0,1.040123
0,1.042077
0,1.043835
0,1.045636
0,1.047361
0,1.04899
0,1.050659
0,1.052387
0,1.054039
0,1.055683
0,1.057392
0,1.059034
0,1.060681
0,1.062594
0,1.064288
0,1.065902
0,1.067496
0,1.069097
0,1.070697
0,1.072431
0,1.074141
0,1.075847
0,1.077533
0,1.079218
0,1.080875
0,1.082715
0,1.084391
0,1.086119
0,1.087741
0,1.08945
0,1.091063
0,1.092834
0,1.094808
0,1.096684
0,1.098424
0,1.10017
0,1.102063
0,1.10374
0,1.105379
0,1.107059
0,1.108662
0,1.110315
0,1.112056
0,1.113795
0,1.115399
0,1.116995
0,1.118773
0,1.120442
0,1.122209
0,1.123862
0,1.12557
0,1.127267
0,1.128935
0,1.130669
0,1.132319
0,1.133972
0,1.135702
0,1.137775
0,1.1401
0,1.142672
0,1.144519
0,1.146516
0,1.148415
0,1.150683
0,1.152726
0,1.154657
0,1.156788
0,1.158796
0,1.160666
0,1.162578
0,1.164278
0,1.165992
0,1.167761
0,1.169843
0,1.171817
0,1.173707
0,1.175524
0,1.177236
0,1.179005
0,1.180799
0,1.182798
0,1.18458
0,1.186539
0,1.188204
0,1.189902
0,1.191517
0,1.193157
0,1.194756
0,1.196392
0,1.198106
0,1.199877
0,1.201737
0,1.203625
0,1.20527
0,1.206895
0,1.20854
0,1.210244
0,1.211883
0,1.213457
0,1.215066
0,1.216758
0,1.218363
0,1.22009
0,1.222171
0,1.223863
0,1.225713
0,1.22737
0,1.228941
0,1.230705
0,1.232512
0,1.234141
0,1.235757
0,1.237322
0,1.239302
0,1.241042
0,1.24301
0,1.244692
0,1.246461
0,1.248247
0,1.250031
0,1.251712
0,1.253417
0,1.255037
0,1.25668
0,1.258315
0,1.259987
0,1.262043
0,1.263954
0,1.265554
0,1.267209
0,1.268785
0,1.270373
0,1.27199
0,1.273642
0,1.275223
0,1.277083
0,1.278958
0,1.280699
0,1.282621
0,1.284446
0,1.286171
0,1.287873
0,1.289691
0,1.291426
0,1.293378
0,1.295126
0,1.296819
0,1.298429
0,1.300118
0,1.302544
0,1.304139
0,1.305832
0,1.308046
0,1.312181
0,1.315039
0,1.316964
0,1.318726
0,1.320412
0,1.322429
0,1.324107
0,1.325703
0,1.327324
0,1.328961
0,1.330571
0,1.33213
0,1.333746
0,1.335359
0,1.336937
0,1.338619
0,1.340467
0,1.342631
0,1.344448
0,1.346156
0,1.347882
0,1.349609
0,1.35121
0,1.352838
0,1.355024
0.0232839,1.362785
0.0403113,1.368461
0.0533643,1.372812
0.0592278,1.374766
0.0648066,1.376626
0.0700509,1.378374
0.07541879,1.380163
0.08200499,1.382359
0.08726219,1.384111
0.09397079,1.386347
0.1002603,1.388444
0.1059558,1.390342
0.1110666,1.392046
0.1162419,1.393771
0.1214622,1.395511
0.1265427,1.397205
0.131685,1.398919
0.1371552,1.400742
0.1430823,1.402718
0.1481538,1.404408
0.15342,1.406164
0.1584552,1.407842
0.1636923,1.409588
0.1690581,1.411376
0.1743513,1.413141
0.1793637,1.414811
0.1856148,1.416895
0.1915473,1.418873
0.1968756,1.420649
0.2036145,1.422895
0.2086935,1.424588
0.213816,1.426296
0.2189025,1.427991
0.2241015,1.429724
0.2297871,1.431619
0.2354397,1.433504
0.2407554,1.435275
0.2458638,1.436978
0.2510643,1.438712
0.2567337,1.440601
0.2630805,1.442717
0.2684475,1.444506
0.2740158,1.446362
0.2795661,1.448212
0.2850507,1.45004
0.2903352,1.451802
0.2954826,1.453518
0.3008364,1.455302
0.3066207,1.45723
0.3118452,1.458972
0.3173862,1.460819
0.3231759,1.462749
0.3283551,1.464475
0.3335025,1.466191
0.3394482,1.468173
0.3457005,1.470257
0.3509139,1.471995
0.3560955,1.473722
0.3615417,1.475538
0.3669435,1.477338
0.372846,1.479306
0.3783723,1.481148
0.3844725,1.483181
0.3900372,1.485036
0.3969531,1.487341
0.4019547,1.489009
0.4085841,1.491218
0.4143237,1.493132
0.4196085,1.494893
0.4249155,1.496662
0.4300299,1.498367
0.4352541,1.500108
0.4412484,1.502106
0.4468542,1.503975
0.4541331,1.506401
0.4403805,1.510985
0.4306538,1.514228
0.4207928,1.517515
0.4119588,1.520459
0.405345,1.522664
0.397341,1.525332
0.3921669,1.527057
0.3869717,1.528788
0.3818312,1.530502
0.3765734,1.532254
0.3710744,1.534088
0.3653456,1.535997
0.3602696,1.537689
0.3547916,1.539515
0.3487833,1.541518
0.3424404,1.543632
0.3364485,1.54563
0.3311022,1.547412
0.3258623,1.549158
0.3205377,1.550933
0.3153255,1.55267
0.3102066,1.554377
0.3046404,1.556232
0.2994263,1.55797
0.2941647,1.559724
0.2890373,1.561433
0.2832702,1.563356
0.2776277,1.565236
0.271706,1.56721
0.2659881,1.569116
0.2603363,1.571
0.2543933,1.572981
0.2490656,1.574757
0.2436206,1.576572
0.2383886,1.578316
0.2331281,1.58007
0.2272505,1.582029
0.2221136,1.583741
0.2166242,1.585571
0.2106188,1.587573
0.2039117,1.589808
0.1984229,1.591638
0.1930382,1.593433
0.1878803,1.595152
0.1826951,1.596881
0.1774679,1.598623
0.1721762,1.600387
0.1660106,1.602442
0.1599596,1.604459
0.1538708,1.606489
0.1482773,1.608353
0.1427618,1.610192
0.1374521,1.611962
0.1322213,1.613705
0.1268948,1.615481
0.1214549,1.617294
0.1145705,1.619589
0.1073435,1.621998
0.1005872,1.62425
0.09454944,1.626263
0.08839224,1.628315
0.08251014,1.630276
0.07651794,1.632273
0.07073514,1.634201
0.06540594,1.635977
0.06008214,1.637752
0.05407014,1.639756
0.04855374,1.641594
0.04163724,1.6439
0.03537534,1.645987
0.02962674,1.647903
0.02404614,1.649764
0.01862844,1.651569
0.01323324,1.653368
0.007768441,1.65519
0.00229164,1.657015
0,1.658751
0,1.660554
0,1.662481
0,1.664472
0,1.666371
0,1.668328
0,1.670448
0,1.672377
0,1.674407
0,1.676633
0,1.67867
0,1.680863
0,1.683398
0,1.685258
0,1.686983
0,1.688691
0,1.690423
0,1.692154
0,1.693972
0,1.695739
0,1.697455
0,1.699325
0,1.701172
0,1.703173
0,1.704968
0,1.706736
0,1.708574
0,1.710532
0,1.71227
0,1.713946
0,1.715785
0,1.717565
0,1.719387
0,1.721185
0,1.723187
0,1.725431
0,1.727411
0,1.730227
0,1.732668
0,1.734579
0,1.736403
0,1.738414
0,1.740301
0,1.742353
0,1.744331
0,1.746263
0,1.748156
0,1.750042
0,1.751827
0,1.753679
0,1.75563
0,1.757455
0,1.759277
0,1.761009
0,1.763034
0,1.764791
0,1.76657
0,1.768281
0,1.770042
0,1.771814
0,1.773541
0,1.775281
0,1.777001
0,1.77885
0,1.78062
0,1.782539
0,1.784384
0,1.786695
0,1.78861
0,1.790511
0,1.792432
0,1.794133
0,1.795936
0,1.797611
0,1.799336
0,1.80132
0,1.803804
0,1.805835
0,1.807663
0,1.809429
0,1.811135
0,1.812945
0,1.814778
0,1.816662
0,1.818603
0,1.820448
0,1.82249
0,1.824198
0,1.825989
0,1.82767
0,1.829492
0,1.831349
0,1.833179
0,1.834884
0,1.836888
0,1.838969
0,1.840793
0,1.842859
0,1.844803
0,1.84681
0,1.848891
0,1.850722
0,1.852557
0,1.854379
0,1.856207
0,1.858133
0,1.860029
0,1.862408
0,1.864429
0,1.866358
0,1.868105
0,1.86989
0,1.871652
0,1.87346
0,1.875277
0,1.877088
0,1.878885
0,1.880682
0,1.882791
0,1.884508
0,1.886306
0,1.888051
0,1.889788
0,1.891628
0,1.893463
0,1.895361
0,1.897123
0,1.898846
0,1.900649
0,1.902761
0,1.904498
0,1.906273
0,1.90803
0,1.909785
0,1.911535
0,1.913289
0,1.915
0,1.916744
0,1.918476
0,1.920334
0,1.922293
0,1.924085
0,1.925988
0,1.928548
0,1.930532
0,1.932331
0,1.934486
0,1.936482
0,1.938293
0,1.940103
0,1.942192
0,1.94401
0,1.945826
0,1.947654
0,1.94974
0,1.951684
0,1.953514
0,1.955418
0,1.957326
0,1.959118
0,1.961038
0,1.963176
0,1.964998
0,1.967037
0,1.968966
0,1.970774
0,1.972711
0,1.974978
0,1.977642
0,1.979507
0,1.981363
0,1.98339
0,1.985156
0,1.986889
0,1.988792
0,1.998793
0,2.001057
0,2.003198
0,2.005121
0,2.006938
0,2.008849
0,2.010722
0,2.012757
0,2.014729
0,2.016672
0,2.018685
0,2.02073
0,2.022907
0,2.024628
0,2.026404
0,2.028517
0,2.030278
0,2.032083
0,2.033927
0,2.035846
0,2.03785
0,2.040113
0,2.042179
0,2.043975
0,2.045689
0,2.047904
0,2.050357
0,2.05253
0,2.055019
0,2.056888
0,2.058686
0,2.060459
0,2.062442
0,2.064247
0,2.066141
0,2.068135
0,2.07009
0,2.071948
0,2.073781
0,2.075735
0,2.077587
0,2.079439
0,2.081266
0,2.083396
0,2.085198
0,2.087004
0,2.088763
0,2.090491
0,2.092255
0,2.093919
0,2.095637
0,2.097372
0,2.099278
0,2.101213
0,2.103456
0,2.105307
0,2.107082
0,2.108824
0,2.110523
0,2.112358
0,2.114269
0,2.116269
0,2.118069
0,2.119904
0,2.121747
0,2.123807
0,2.125894
0,2.12781
0,2.129724
0,2.131535
0,2.133224
0,2.134907
0,2.136879
0,2.138981
0,2.140919
0,2.142978
0,2.144895
0,2.146597
0,2.148721
0,2.150956
0,2.152811
0,2.154583
0,2.156333
0,2.158006
0,2.159874
0,2.16175
0,2.163724
0,2.165471
0,2.167204
0,2.168899
0,2.170601
0,2.172454
0,2.17516
0,2.177043
0,2.178809
0,2.180519
0,2.182408
0,2.184105
0,2.18588
0,2.187959
0,2.189891
0,2.19216
0,2.194071
0,2.195891
0,2.197615
0,2.199413
0,2.2012
0,2.203175
0,2.20496
0,2.206857
0,2.2087
0,2.210418
0,2.212151
0,2.213885
0,2.215712
0,2.217416
0,2.219124
0,2.220876
0,2.22354
0,2.225273
0,2.227039
0,2.229169
0,2.230894
0,2.23267
0,2.23443
0,2.236176
0,2.237975
0,2.239763
0,2.241477
0,2.243389
0,2.245098
0,2.246875
0,2.24917
0,2.251153
0,2.252985
0,2.254844
0,2.256593
0,2.258347
0,2.260135
0,2.262094
0,2.263848
0,2.26561
0,2.267397
0,2.269214
0,2.27098
0,2.272745
0,2.274485
0,2.276232
0,2.278021
0,2.27976
0,2.281492
0,2.283395
0,2.285223
0,2.287247
0,2.289309
0,2.2911
0,2.292827
0,2.294527
0,2.296241
0,2.29797
0,2.29976
0,2.301611
0,2.30351
0,2.30524
0,2.306909
0,2.30891
0,2.310843
0,2.312619
0,2.314364
0,2.316551
0,2.319026
0,2.32151
0,2.323737
0,2.325558
0,2.327709
0,2.329512
0,2.331354
0,2.33322
0,2.335011
0,2.336751
0,2.338559
0,2.340301
0,2.342458
0,2.344267
0,2.346174
0,2.347982
0,2.349934
0,2.351783
0,2.353608
0,2.35536
0,2.357233
0,2.359113
0,2.361003
0,2.363259
0,2.365245
0,2.367214
0,2.36916
0,2.37117
0,2.37319
0,2.375224
0,2.377295
0,2.37935
0,2.381201
0,2.383275
0,2.384982
0,2.386782
0,2.388731
0,2.390572
0,2.392345
0,2.394188
0,2.396011
0,2.397686
0,2.399496
0,2.401433
0,2.403405
0,2.405212
0,2.406888
0,2.408652
0,2.410487
0,2.412429
0,2.414245
0,2.416375
0,2.418273
0,2.420119
0,2.422442
0,2.42421
0,2.426066
0,2.427802
0,2.429497
0,2.43121
0,2.433009
0,2.434794
0,2.436548
0,2.438302
0,2.440008
0,2.44195
0,2.443666
0,2.445481
0,2.447169
0,2.449103
0,2.451005
0,2.452762
0,2.45471
0,2.456793
0,2.458712
0,2.460526
0,2.462539
0,2.464371
0,2.466207
0,2.467952
0,2.469747
0,2.471577
0,2.473411
0,2.475274
0,2.477243
0,2.479169
0,2.480989
0,2.48304
0,2.48494
0,2.486714
0,2.48852
0,2.490478
0,2.492342
0,2.494184
0,2.496032
0,2.497821
0,2.49967
0,2.501454
0,2.503412
0,2.505285
0,2.507193
0,2.509037
0,2.511178
0,2.51313
0,2.51496
0,2.5167
0,2.518477
0,2.520183
0,2.522271
0,2.524146
0,2.526034
0,2.527821
0,2.529554
0,2.531217
0,2.532849
0,2.534457
0,2.536097
0,2.537739
0,2.539377
0,2.541005
0,2.542808
0,2.544435
0,2.546053
0,2.547682
0,2.549439
0,2.551264
0,2.553382
0,2.555435
0,2.55738
0,2.559295
0,2.562141
0,2.563986
0,2.56569
0,2.567354
0,2.569095
0,2.570748
0,2.572421
0,2.574129
0,2.575789
0,2.577452
0,2.579388
0,2.581261
0,2.583314
0,2.585482
0,2.587504
0,2.589514
0,2.59132
0,2.593112
0,2.595252
0,2.597029
0,2.598769
0,2.600454
0,2.602449
0,2.604208
0,2.605958
0,2.607612
0,2.609431
0,2.611161
0,2.6128
0,2.614422
0,2.616343
0,2.618148
0,2.619968
0,2.622193
0,2.624235
0,2.626001
0,2.627756
0,2.629526
0,2.631382
0,2.633404
0,2.635557
0,2.63765
0,2.639564
0,2.642003
0,2.644683
0,2.646933
0,2.649157
0,2.651596
0,2.653901
0,2.656445
0,2.658676
0,2.660769
0,2.663265
0,2.665473
0,2.667788
0,2.670113
0,2.672924
0,2.675296
0,2.67882
0,2.681235
0,2.683978
0,2.686256
0,2.688894
0,2.690967
0,2.693192
0,2.69556
0,2.697793
0,2.699927
0,2.701916
0,2.704254
0,2.706295
0,2.708348
0,2.710486
0,2.712976
0,2.715032
0,2.717127
0,2.719195
0,2.721175
0,2.723346
0,2.725338
0,2.727285
0,2.729461
0,2.732969
0,2.735103
0,2.737157
0,2.739513
0,2.742373
0,2.745263
0,2.747725
0,2.749928
0,2.75245
0,2.754728
0,2.757168
0,2.75923
0,2.761571
0,2.763879
0,2.765815
0,2.76784
0,2.769918
0,2.771855
0,2.773682
0,2.775578
0,2.777474
0,2.779444
0,2.781323
0,2.783383
0,2.78533
0,2.787173
0,2.788983
0,2.790824
0,2.792742
0,2.794493
0,2.796248
0,2.79795
0,2.79974
0,2.80158
0,2.803765
0,2.805612
0,2.807419
0,2.809272
0,2.811046
0,2.812843
0,2.814637
0,2.817652
0,2.819748
0,2.82177
0,2.82388
0,2.825693
0,2.827512
0,2.829282
0,2.831173
0,2.833147
0,2.835117
0,2.836984
0,2.838772
0,2.84052
0,2.842507
0,2.844277
0,2.84599
0,2.847654
0,2.849439
0,2.851243
0,2.853132
0,2.855087
0,2.85695
0,2.858683
0,2.860662
0,2.862903
0,2.864703
0,2.86649
0,2.868339
0,2.870103
0,2.871966
0,2.874069
0,2.875938
0,2.877823
0,2.879705
0,2.88147
0,2.883328
0,2.885121
0,2.887108
0,2.889087
0,2.891157
0,2.892973
0,2.89465
0,2.896377
0,2.898219
0,2.899962
0,2.901731
0,2.903722
0,2.905555
0,2.907429
0,2.909477
0,2.911369
0,2.913178
0,2.915022
0,2.916779
0,2.918525
0,2.920413
0,2.922487
0,2.924277
0,2.926075
0,2.927769
0,2.929446
0,2.931164
0,2.932925
0,2.934635
0,2.936343
0,2.93822
0,2.940155
0,2.942577
0,2.944526
0,2.946366
0,2.948187
0,2.949996
0,2.951852
0,2.953938
0,2.956081
0,2.957953
0,2.959816
0,2.961658
0,2.963784
0,2.965553
0,2.967362
0,2.969347
0,2.971209
0,2.973047
0,2.974885
0,2.976645
0,2.978309
0,2.980034
0,2.98214
0,2.983989
0,2.98583
0,2.988248
0,2.990254
0,2.99206
0,2.993876
0,2.995817
0,2.99755
0,2.999281
0,3.001201
0,3.003156
0,3.013148
0,3.015446
0,3.017411
0,3.019245
0,3.021169
0,3.023129
0,3.024826
0,3.026505
0,3.028433
0,3.030164
0,3.032151
0,3.034044
0,3.036102
0,3.037997
0,3.040171
0,3.042348
0,3.044154
0,3.045969
0,3.04778
0,3.049735
0,3.051648
0,3.053443
0,3.055339
0,3.05723
0,3.059256
0,3.061146
0,3.063559
0,3.065556
0,3.067327
0,3.069137
0,3.070842
0,3.072628
0,3.074312
0,3.07605
0,3.077828
0,3.079631
0,3.081358
0,3.083266
0,3.084982
0,3.086751
0,3.088571
0,3.090309
0,3.092072
0,3.093895
0,3.095733
0,3.097577
0,3.099302
0,3.100994
0,3.102869
0,3.104535
0,3.106233
0,3.107981
0,3.109778
0,3.111696
0,3.113529
0,3.115324
0,3.117091
0,3.118786
0,3.12053
0,3.122414
0,3.12406
0,3.125803
0,3.127482
0,3.129248
0,3.130926
0,3.132589
0,3.134243
0,3.135918
0,3.138189
0,3.139927
0,3.141835
0,3.143931
0,3.145839
0,3.147794
0,3.149592
0,3.151382
0,3.153135
0,3.154915
0,3.156795
0,3.158853
0,3.160701
0,3.162662
0,3.164443
0,3.16625
0,3.168035
0,3.169836
0,3.171769
0,3.173636
0,3.175572
0,3.177275
0,3.179068
0,3.180849
0,3.182799
0,3.18453
0,3.186279
0,3.188514
0,3.190599
0,3.192591
0,3.194677
0,3.196632
0,3.198451
0,3.200217
0,3.202184
0,3.203983
0,3.205957
0,3.207752
0,3.209501
0,3.211449
0,3.213244
0,3.21508
0,3.216839
0,3.218584
0,3.220893
0,3.222823
0,3.224601
0,3.226349
0,3.228075
0,3.229801
0,3.231727
0,3.233428
0,3.235287
0,3.237141
0,3.23879
0,3.240408
0,3.242189
0,3.243828
0,3.245545
0,3.247212
0,3.248888
0,3.250616
0,3.252407
0,3.254053
0,3.255684
0,3.257442
0,3.259394
0,3.26111
0,3.263324
0,3.265137
0,3.266901
0,3.268762
0,3.270617
0,3.272399
0,3.274084
0,3.275778
0,3.277441
0,3.279176
0,3.280791
0,3.282558
0,3.284268
0,3.286171
0,3.288323
0,3.290082
0,3.291802
0,3.293484
0,3.29524
0,3.296854
0,3.298545
0,3.300345
0,3.302191
0,3.303842
0,3.305515
0,3.307186
0,3.308869
0,3.310477
0,3.312188
0,3.313869
0,3.315612
0,3.317262
0,3.318949
0,3.320603
0,3.322399
0,3.324008
0,3.32566
0,3.327325
0,3.328987
0,3.331544
0,3.334407
0,3.337146
0,3.339
0,3.340827
0,3.342832
0,3.344572
0,3.346401
0,3.348142
0,3.34982
0,3.351439
0,3.353079
0,3.354884
0,3.35662
0,3.35863
0,3.360474
0,3.362584
0,3.36444
0,3.366174
0,3.367814
0,3.369548
0,3.371292
0,3.372925
0,3.374647
0,3.376359
0,3.378014
0,3.379633
0,3.381296
0,3.383116
0,3.384799
0,3.386442
0,3.388186
0,3.389927
0,3.391623
0,3.393246
0,3.394976
0,3.396694
0,3.398379
0,3.400039
0,3.40192
0,3.40361
0,3.405245
0,3.406954
0,3.408936
0,3.410635
0,3.412422
0,3.414086
0,3.415723
0,3.417434
0,3.418995
0,3.42065
0,3.422482
0,3.424224
0,3.425879
0,3.427503
0,3.429152
0,3.430747
0,3.432366
0,3.434071
0,3.435755
0,3.437443
0,3.439162
0,3.440924
0,3.442813
0,3.444496
0,3.446231
0,3.448025
0,3.449767
0,3.451496
0,3.453242
0,3.45497
0,3.456625
0,3.458229
0,3.459931
0,3.461828
0,3.463669
0,3.465454
0,3.467302
0,3.469057
0,3.470766
0,3.472605
0,3.475721
0,3.478513
0,3.480453
0,3.482321
0,3.483886
0,3.485457
0,3.487236
0,3.488985
0,3.490774
0,3.492621
0,3.494363
0,3.496069
0,3.497689
0,3.499329
0,3.501251
0,3.503334
0,3.505109
0,3.506724
0,3.508387
0,3.509953
0,3.51154
0,3.513228
0,3.515203
0,3.517004
0,3.518774
0,3.520566
0,3.522393
0,3.523949
0,3.525592
0,3.527432
0,3.529335
0,3.531153
0,3.532762
0,3.534502
0,3.536192
0,3.537845
0,3.539518
0,3.541452
0,3.543388
0,3.545442
0,3.547247
0,3.548957
0,3.550891
0,3.552716
0,3.5545
0,3.556287
0,3.558101
0,3.560176
0,3.562382
0,3.564057
0,3.565794
0,3.567488
0,3.569196
0,3.570817
0,3.572496
0,3.574164
0,3.57584
0,3.577441
0,3.579007
0,3.580654
0,3.582518
0,3.58423
0,3.585917
0,3.587635
0,3.589281
0,3.590925
0,3.592479
0,3.594122
0,3.595935
0,3.597718
0,3.599507
0,3.601326
0,3.603127
0,3.604779
0,3.606396
0,3.608093
0,3.609713
0,3.611394
0,3.61314
0,3.615006
0,3.616851
0,3.618526
0,3.620168
0,3.622109
0,3.62392
0,3.625628
0,3.62729
0,3.629059
0,3.630838
0,3.632568
0,3.634329
0,3.63605
0,3.637758
0,3.639582
0,3.641443
0,3.643576
0,3.645583
0,3.647616
0,3.649553
0,3.651324
0,3.653022
0,3.6548
0,3.656485
0,3.658077
0,3.659788
0,3.66164
0,3.663692
0,3.665437
0,3.667226
0,3.66889
0,3.670802
0,3.672481
0,3.674251
0,3.67647
0,3.678622
0,3.68036
0,3.682192
0,3.683822
0,3.685441
0,3.687003
0,3.688556
0,3.690254
0,3.692057
0,3.693753
0,3.695432
0,3.69709
0,3.698729
0,3.700321
0,3.702079
0,3.703677
0,3.705505
0,3.707297
0,3.709063
0,3.710811
0,3.712488
0,3.714084
0,3.715647
0,3.717342
0,3.718958
0,3.720654
0,3.722549
0,3.724275
0,3.725908
0,3.727511
0,3.729119
0,3.731762
0,3.733592
0,3.735412
0,3.737241
0,3.739105
0,3.740876
0,3.742854
0,3.744682
0,3.746576
0,3.748484
0,3.750157
0,3.751915
0,3.75371
0,3.755564
0,3.757366
0,3.759204
0,3.761024
0,3.763087
0,3.764944
0,3.766716
0,3.768457
0,3.77023
0,3.771902
0,3.773548
0,3.775347
0,3.776972
0,3.778601
0,3.780243
0,3.78202
0,3.783575
0,3.785179
0,3.786868
0,3.788518
0,3.790143
0,3.791796
0,3.793378
0,3.795013
0,3.796565
0,3.798278
0,3.799923
0,3.801678
0,3.803521
0,3.805205
0,3.806853
0,3.808432
0,3.810062
0,3.811877
0,3.813603
0,3.815489
0,3.817239
0,3.819072
0,3.820799
0,3.822606
0,3.824309
0,3.825993
0,3.827698
0,3.829383
0,3.831204
0,3.83304
0,3.834979
0,3.836809
0,3.838553
0,3.840359
0,3.842165
0,3.843811
0,3.845444
0,3.847066
0,3.84874
0,3.850582
0,3.852344
0,3.854076
0,3.855765
0,3.857546
0,3.85932
0,3.860906
0,3.862924
0,3.86484
0,3.866579
0,3.868633
0,3.870471
0,3.872212
0,3.873781
0,3.875377
0,3.877073
0,3.878771
0,3.880427
0,3.882242
0,3.883917
0,3.885503
0,3.887127
0,3.888712
0,3.890429
0,3.892098
0,3.893971
0,3.895741
0,3.897362
0,3.898928
0,3.900523
0,3.902391
0,3.904107
0,3.905735
0,3.907454
0,3.909217
0,3.910975
0,3.912666
0,3.91434
0,3.916024
0,3.917813
0,3.919515
0,3.921162
0,3.92295
0,3.924659
0,3.92631
0,3.927957
0,3.929619
0,3.931303
0,3.932924
0,3.934617
0,3.936274
0,3.937886
0,3.939479
0,3.941146
0,3.942961
0,3.944678
0,3.946327
0,3.947989
0,3.949627
0,3.951283
0,3.952885
0,3.95458
0,3.964601
0,3.966834
0,3.96858
0,3.970455
0,3.972359
0,3.974037
0,3.975817
0,3.977552
0,3.979166
0,3.980776
0,3.982607
0,3.984334
0,3.985963
0,3.9877
0,3.989337
0,3.990943
0,3.992489
0,3.994077
0,3.995729
0,3.99742
0,3.999005
0,4.000742
0,4.002559
0,4.00443
0,4.006419
0,4.008532
0,4.010416
0,4.012182
0,4.013914
0,4.015644
0,4.017288
0,4.018913
0,4.020617
0,4.022641
0,4.024452
0,4.026204
0,4.027922
0,4.029561
0,4.031233
0,4.03278
0,4.034446
0,4.036103
0,4.037891
0,4.039622
0,4.04133
0,4.043146
0,4.044762
0,4.046341
0,4.048161
0,4.050237
0,4.052212
0,4.054097
0,4.055963
0,4.057588
0,4.059175
0,4.060758
0,4.062723
0,4.064594
0,4.066993
0,4.069558
0,4.071469
0,4.073326
0,4.075114
0,4.076983
0,4.078719
0,4.080395
0,4.082257
0,4.083921
0,4.085562
0,4.087177
0,4.088785
0,4.090442
0,4.092072
0,4.093749
0,4.095434
0,4.0971
0,4.098782
0,4.100363
0,4.102184
0,4.103967
0,4.105611
0,4.107382
0,4.109098
0,4.110716
0,4.112498
0,4.114431
0,4.116179
0,4.11806
0,4.11997
0,4.121888
0,4.123924
0,4.125654
0,4.127466
0,4.12934
0,4.131341
0,4.13315
0,4.13489
0,4.136621
0,4.138419
0,4.140155
0,4.14216
0,4.14391
0,4.145634
0,4.147334
0,4.149253
0,4.152051
0,4.155874
0,4.157817
0,4.159753
0,4.161658
0,4.163661
0,4.165553
0,4.167399
0,4.169156
0,4.170979
0,4.172717
0,4.174549
0,4.176294
0,4.178041
0,4.17967
0,4.181285
0,4.183134
0,4.184862
0,4.18656
0,4.188282
0,4.190161
0,4.192385
0,4.194276
0,4.196694
0,4.198829
0,4.200742
0,4.202734
0,4.204565
0,4.206253
0,4.207884
0,4.20953
0,4.211247
0,4.212867
0,4.214577
0,4.216249
0,4.217922
0,4.219619
0,4.221267
0,4.223118
0,4.224838
0,4.22653
0,4.228324
0,4.230003
0,4.231737
0,4.233408
0,4.235118
0,4.236869
0,4.238632
0,4.240315
0,4.242218
0,4.243857
0,4.24545
0,4.247015
0,4.248576
0,4.250196
0,4.25251
0,4.254277
0,4.255886
0,4.25752
0,4.259091
0,4.260634
0,4.262434
0,4.264479
0,4.266169
0,4.268104
0,4.269999
0,4.271739
0,4.273316
0,4.274929
0,4.276578
0,4.278238
0,4.279841
0,4.281548
0,4.283458
0,4.285117
0,4.286646
0,4.288235
0,4.28992
0,4.291666
0,4.293403
0,4.295347
0,4.297128
0,4.298832
0,4.300691
0,4.302608
0,4.304963
0,4.307887
0,4.310977
0,4.312897
0,4.314902
0,4.316842
0,4.318764
0,4.320659
0,4.322814
0,4.324703
0,4.326522
0,4.328368
0,4.330433
0,4.332479
0,4.334339
0,4.336092
0,4.337866
0,4.339573
0,4.341281
0,4.343172
0,4.344858
0,4.347077
0,4.349453
0,4.352114
0,4.35413
0,4.355876
0,4.357619
0,4.35921
0,4.361006
0,4.36304
0,4.364744
0,4.366467
0,4.368198
0,4.37011
0,4.371904
0,4.373607
0,4.375476
0,4.377352
0,4.379092
0,4.380788
0,4.382761
0,4.384425
0,4.386026
0,4.387638
0,4.389245
0,4.390903
0,4.392733
0,4.394379
0,4.395992
0,4.397782
0,4.399342
0,4.400938
0,4.402678
0,4.404338
0,4.405934
0,4.407733
0,4.409374
0,4.411066
0,4.412648
0,4.414254
0,4.415859
0,4.417511
0,4.419192
0,4.42086
0,4.422802
0,4.424469
0,4.426096
0,4.427717
0,4.429364
0,4.431043
0,4.432687
0,4.434387
0,4.436079
0,4.437764
0,4.439384
0,4.44125
0,4.443148
0,4.444796
0,4.446409
0,4.448094
0,4.449713
0,4.451321
0,4.453247
0,4.454951
0,4.45663
0,4.458299
0,4.459945
0,4.461699
0,4.463527
0,4.465193
0,4.466792
0,4.468601
0,4.470502
0,4.472263
0,4.47413
0,4.475836
0,4.477558
0,4.479282
0,4.480978
0,4.482838
0,4.484675
0,4.486402
0,4.488169
0,4.489903
0,4.491586
0,4.493372
0,4.495068
0,4.496752
0,4.498662
0,4.500473
0,4.502386
0,4.504356
0,4.505987
0,4.507605
0,4.509234
0,4.511139
0,4.512906
0,4.51475
0,4.516767
0,4.518466
0,4.520139
0,4.521883
0,4.523577
0,4.525335
0,4.527001
0,4.528633
0,4.530422
0,4.532196
0,4.533786
0,4.535372
0,4.537095
0,4.538736
0,4.540445
0,4.542264
0,4.543921
0,4.545635
0,4.547237
0,4.548804
0,4.550471
0,4.552099
0,4.553728
0,4.55534
0,4.556961
0,4.558551
0,4.560134
0,4.561906
0,4.563644
0,4.565422
0,4.567151
0,4.568862
0,4.570798
0,4.572559
0,4.574328
0,4.576116
0,4.57786
0,4.57952
0,4.581256
0,4.583229
0,4.584875
0,4.586472
0,4.58806
0,4.589702
0,4.591372
0,4.592998
0,4.59466
0,4.596308
0,4.597911
0,4.599495
0,4.601073
0,4.602852
0,4.604535
0,4.606196
0,4.607866
0,4.609799
0,4.611497
0,4.613183
0,4.615075
0,4.616823
0,4.618543
0,4.620377
0,4.622357
0,4.624104
0,4.625899
0,4.627808
0,4.629688
0,4.631501
0,4.633254
0,4.635027
0,4.636736
0,4.638383
0,4.640337
0,4.643011
0,4.645233
0,4.647312
0,4.649455
0,4.651407
0,4.653227
0,4.655442
0,4.657606
0,4.659663
0,4.661517
0,4.663444
0,4.665205
0,4.666943
0,4.668649
0,4.670634
0,4.672906
0,4.675541
0,4.677514
0,4.679709
0,4.681831
0,4.683923
0,4.685818
0,4.687581
0,4.689354
0,4.691094
0,4.692787
0,4.694518
0,4.696167
0,4.69775
0,4.69932
0,4.701028
0,4.703054
0,4.705042
0,4.706734
0,4.708435
0,4.710075
0,4.711703
0,4.713337
0,4.71508
0,4.717005
0,4.718894
0,4.720751
0,4.72264
0,4.724295
0,4.725911
0,4.727542
0,4.729795
0,4.732566
0,4.734363
0,4.736043
0,4.737814
0,4.739575
0,4.741257
0,4.743185
0,4.744953
0,4.746837
0,4.748571
0,4.750411
0,4.752206
0,4.753815
0,4.755342
0,4.756995
0,4.758692
0,4.760387
0,4.762887
0,4.764718
0,4.766483
0,4.768091
0,4.769693
0,4.771353
0,4.77324
0,4.775099
0,4.777078
0,4.778831
0,4.780545
0,4.782268
0,4.783872
0,4.785524
0,4.787222
0,4.788824
0,4.790563
0,4.792165
0,4.793822
0,4.795376
0,4.796978
0,4.798671
0,4.800341
0,4.80216
0,4.803864
0,4.805477
0,4.807046
0,4.808671
0,4.810488
0,4.812135
0,4.813831
0,4.815523
0,4.817254
0,4.818865
0,4.820467
0,4.8222
0,4.823943
0,4.82567
0,4.827548
0,4.829397
0,4.831177
0,4.832852
0,4.834425
0,4.836009
0,4.837687
0,4.83939
0,4.841215
0,4.843408
0,4.845363
0,4.847211
0,4.848867
0,4.850677
0,4.852442
0,4.854186
0,4.855855
0,4.857631
0,4.859359
0,4.861124
0,4.86311
0,4.864896
0,4.866682
0,4.868392
0,4.870117
0,4.871768
0,4.873399
0,4.875219
0,4.877193
0,4.878941
0,4.880639
0,4.882431
0,4.884168
0,4.885722
0,4.887371
0,4.888991
0,4.890793
0,4.892493
0,4.894157
0,4.895777
0,4.897505
0,4.899065
0,4.900727
0,4.902565
0,4.904198
0,4.905843
0,4.90755
0,4.909152
0,4.910766
0,4.912304
0,4.916925
0,4.923975
0,4.926236
0,4.928061
0,4.929863
0,4.931563
0,4.933279
0,4.934982
0,4.936856
0,4.938515
0,4.940193
0,4.942095
0,4.943717
0,4.94529
0,4.946901
0,4.948502
0,4.950101
0,4.951723
0,4.953549
0,4.955375
0,4.95716
0,4.958825
0,4.960598
0,4.962483
0,4.964193
0,4.96584
0,4.967772
0,4.969851
0,4.97179
0,4.973629
0,4.975412
0,4.977346
0,4.979098
0,4.980728
0,4.982709
0,4.98463
0,4.98633
0,4.988117
0,4.989838
0,4.991466
0,4.993026
0,4.994586
0,4.996409
0,4.998059
0,4.999765
0,5.001415
0,5.003254
0,5.004905
0,5.00654
0,5.008089
0,5.00971
0,5.011455
0,5.013307
0,5.015325
0,5.017574
0,5.019592
0,5.021302
0,5.023172
0,5.02492
0,5.026611
0,5.02833
0,5.030095
0,5.03192
0,5.033726
0,5.035424
0,5.037112
0,5.038849
0,5.040526
0,5.042344
0,5.044122
0,5.046005
0,5.047705
0,5.049405
0,5.051177
0,5.052838
0,5.054504
0,5.056153
0,5.05781
0,5.059399
0,5.061053
0,5.062829
0,5.064478
0,5.06617
0,5.067828
0,5.069486
0,5.071153
0,5.072831
0,5.074452
0,5.076126
0,5.07837
0,5.08085
0,5.0832
0,5.084992
0,5.08672
0,5.088418
0,5.090312
0,5.092043
0,5.093785
0,5.095445
0,5.097146
0,5.098827
0,5.100461
0,5.102209
0,5.103994
0,5.105745
0,5.1075
0,5.109321
0,5.111062
0,5.112707
0,5.114333
0,5.115927
0,5.117595
0,5.11923
0,5.120915
0,5.12269
0,5.124424
0,5.126029
0,5.127606
0,5.129184
0,5.13141
0,5.133389
0,5.135156
0,5.136879
0,5.138649
0,5.140833
0,5.142931
0,5.1448
0,5.146673
0,5.148373
0,5.150042
0,5.15173
0,5.153403
0,5.154973
0,5.156665
0,5.15835
0,5.160086
0,5.161958
0,5.163735
0,5.165362
0,5.167065
0,5.168655
0,5.170273
0,5.172121
0,5.173947
0,5.175657
0,5.177315
0,5.179212
0,5.181047
0,5.182936
0,5.184659
0,5.186552
0,5.188816
0,5.190801
0,5.192787
0,5.194784
0,5.196553
0,5.198488
0,5.200199
0,5.202122
0,5.203949
0,5.205679
0,5.207456
0,5.209144
0,5.210914
0,5.21261
0,5.214387
0,5.216252
0,5.217988
0,5.219706
0,5.221431
0,5.223324
0,5.224956
0,5.226642
0,5.228277
0,5.230029
0,5.231709
0,5.23355
0,5.235677
0,5.237429
0,5.238982
0,5.240655
0,5.24246
0,5.244125
0,5.245714
0,5.247408
0,5.249103
0,5.250844
0,5.252467
0,5.254151
0,5.256126
0,5.257798
0,5.259487
0,5.261227
0,5.263008
0,5.264738
0,5.266428
0,5.268104
0,5.269775
0,5.271378
0,5.272991
0,5.274628
0,5.276177
0,5.27775
0,5.279548
0,5.281468
0,5.283664
0,5.28547
0,5.287209
0,5.288903
0,5.290517
0,5.292074
0,5.293683
0,5.295413
0,5.297215
0,5.298922
0,5.300619
0,5.302423
0,5.303978
0,5.305523
0,5.30718
0,5.30899
0,5.310834
0,5.312592
0,5.314392
0,5.316026
0,5.317602
0,5.319209
0,5.321511
0,5.323486
0,5.325294
0,5.327029
0,5.328695
0,5.330281
0,5.331923
0,5.33359
0,5.335281
0,5.336937
0,5.338634
0,5.340295
0,5.342301
0,5.343942
0,5.345589
0,5.347327
0,5.34907
0,5.350762
0,5.352415
0,5.354139
0,5.355795
0,5.357927
0,5.360353
0,5.363496
0,5.365743
0,5.367602
0,5.369337
0,5.371031
0,5.372895
0,5.374609
0,5.376376
0,5.378091
0,5.380044
0,5.382004
0,5.383798
0,5.385509
0,5.387196
0,5.388897
0,5.390632
0,5.392215
0,5.393871
0,5.39549
0,5.3971
0,5.39865
0,5.400238
0,5.402082
0,5.403885
0,5.405577
0,5.407375
0,5.409058
0,5.410688
0,5.412268
0,5.41398
0,5.41572
0,5.417473
0,5.419357
0,5.421171
0,5.423025
0,5.424595
0,5.426164
0,5.427806
0,5.429495
0,5.431164
0,5.432926
0,5.434782
0,5.436631
0,5.438251
0,5.439851
0,5.441487
0,5.44346
0,5.445352
0,5.447278
0,5.449076
0,5.45096
0,5.452677
0,5.454364
0,5.456099
0,5.457876
0,5.459559
0,5.461267
0,5.463113
0,5.464812
0,5.466476
0,5.468231
0,5.469937
0,5.471768
0,5.473457
0,5.475082
0,5.476802
0,5.478423
0,5.48
0,5.481809
0,5.483996
0,5.485782
0,5.488079
0,5.489847
0,5.491578
0,5.493302
0,5.494971
0,5.496583
0,5.498306
0,5.500089
0,5.501866
0,5.503528
0,5.505111
0,5.506788
0,5.508384
0,5.510056
0,5.511703
0,5.513448
0,5.515152
0,5.516858
0,5.518555
0,5.520231
0,5.522014
0,5.523718
0,5.525363
0,5.527011
0,5.528882
0,5.531094
0,5.532801
0,5.534441
0,5.536072
0,5.537735
0,5.539402
0,5.541044
0,5.542853
0,5.544501
0,5.546261
0,5.547817
0,5.549364
0,5.55113
0,5.552858
0,5.554788
0,5.556587
0,5.558191
0,5.559789
0,5.561428
0,5.56317
0,5.564847
0,5.566474
0,5.568123
0,5.569768
0,5.571392
0,5.572977
0,5.574539
0,5.576297
0,5.577936
0,5.579628
0,5.581264
0,5.583263
0,5.585083
0,5.586849
0,5.588553
0,5.590437
0,5.592584
0,5.594598
0,5.596426
0,5.598176
0,5.599802
0,5.601388
0,5.603271
0,5.605
0,5.606991
0,5.608834
0,5.61067
0,5.612384
0,5.614112
0,5.615777
0,5.617602
0,5.619362
0,5.621123
0,5.623047
0,5.624722
0,5.626312
0,5.627855
0,5.629403
0,5.631032
0,5.632655
0,5.634301
0,5.636035
0,5.637895
0,5.640025
0,5.642049
0,5.64395
0,5.64575
0,5.647545
0,5.6492
0,5.650908
0,5.652516
0,5.654261
0,5.65608
0,5.657911
0,5.65968
0,5.661374
0,5.663283
0,5.664916
0,5.666517
0,5.668053
0,5.670501
0,5.672603
0,5.674603
0,5.67681
0,5.678735
0,5.680569
0,5.682382
0,5.684342
0,5.686829
0,5.688588
0,5.690366
0,5.692025
0,5.693734
0,5.695378
0,5.697063
0,5.698647
0,5.700443
0,5.702381
0,5.704048
0,5.705714
0,5.70741
0,5.708961
0,5.710609
0,5.712227
0,5.713949
0,5.715765
0,5.717463
0,5.719083
0,5.720792
0,5.722503
0,5.724101
0,5.725736
0,5.727407
0,5.729667
0,5.732353
0,5.734311
0,5.736087
0,5.737823
0,5.739423
0,5.741093
0,5.742949
0,5.744627
0,5.746334
0,5.748162
0,5.749802
0,5.75142
0,5.752995
0,5.754718
0,5.756393
0,5.758079
0,5.75974
0,5.761477
0,5.763634
0,5.765338
0,5.767125
0,5.768938
0,5.770628
0,5.772266
0,5.773923
0,5.775525
0,5.777095
0,5.778759
0,5.780775
0,5.783091
0,5.785028
0,5.78694
0,5.788852
0,5.790619
0,5.792294
0,5.794055
0,5.796019
0,5.797669
0,5.799416
0,5.80109
0,5.802898
0,5.804473
0,5.806092
0,5.807776
0,5.809454
0,5.811171
0,5.812879
0,5.81459
0,5.816319
0,5.817999
0,5.819685
0,5.821475
0,5.823443
0,5.825163
0,5.82706
0,5.828735
0,5.830459
0,5.83215
0,5.83385
0,5.835642
0,5.837375
0,5.839074
0,5.841004
0,5.843079
0,5.844837
0,5.846573
0,5.848279
0,5.850035
0,5.851741
0,5.853465
0,5.855155
0,5.856983
0,5.858907
0,5.861032
0,5.863098
0,5.864832
0,5.866539
0,5.868374
0,5.870083
0,5.87191
0,5.881555
0,5.883913
0,5.885795
0,5.887662
0,5.889448
0,5.891156
0,5.89304
0,5.894688
0,5.896291
0,5.897853
0,5.899416
0,5.901041
0,5.902947
0,5.904602
0,5.906278
0,5.907947
0,5.909547
0,5.911113
0,5.912673
0,5.914284
0,5.915889
0,5.917525
0,5.919373
0,5.921134
0,5.923001
0,5.924738
0,5.926486
0,5.928224
0,5.930014
0,5.931719
0,5.933426
0,5.935127
0,5.936772
0,5.938316
0,5.940043
0,5.941963
0,5.943668
0,5.94526
0,5.946972
0,5.948814
0,5.950593
0,5.952436
0,5.954347
0,5.956205
0,5.958037
0,5.959843
0,5.961653
0,5.963597
0,5.965293
0,5.967174
0,5.968905
0,5.970663
0,5.972339
0,5.974066
0,5.975666
0,5.977266
0,5.97889
0,5.980634
0,5.982471
0,5.984328
0,5.986675
0,5.988578
0,5.990281
0,5.991999
0,5.993738
0,5.995455
0,5.997133
0,5.998813
0,6.000568
0,6.00236
0,6.00405
0,6.006074
0,6.007807
0,6.009568
0,6.011211
0,6.012871
0,6.014548
0,6.016245
0,6.017825
0,6.019433
0,6.021077
0,6.022875
0,6.024488
0,6.026197
0,6.02788
0,6.029514
0,6.031383
0,6.033954
0,6.036098
0,6.037932
0,6.039836
0,6.041615
0,6.043608
0,6.045463
0,6.047513
0,6.049686
0,6.051672
0,6.053504
0,6.055259
0,6.056942
0,6.058501
0,6.06008
0,6.061872
0,6.063635
0,6.06527
0,6.066961
0,6.068673
0,6.070378
0,6.072006
0,6.073625
0,6.075217
0,6.076945
0,6.078749
0,6.080582
0,6.082375
0,6.084071
0,6.0857
0,6.087452
0,6.089301
0,6.09107
0,6.092881
0,6.094526
0,6.096306
0,6.098206
0,6.099992
0,6.101759
0,6.103677
0,6.105407
0,6.107104
0,6.108799
0,6.110468
0,6.112177
0,6.113953
0,6.11583
0,6.117561
0,6.119267
0,6.121061
0,6.123053
0,6.124649
0,6.126217
0,6.127934
0,6.129655
0,6.131278
0,6.13299
0,6.134644
0,6.136273
0,6.137923
0,6.139631
0,6.141402
0,6.143546
0,6.145409
0,6.147218
0,6.14888
0,6.150505
0,6.152113
0,6.153826
0,6.155984
0,6.157617
0,6.159345
0,6.16114
0,6.163068
0,6.16474
0,6.166449
0,6.168212
0,6.169995
0,6.171671
0,6.173419
0,6.175191
0,6.176999
0,6.178727
0,6.180393
0,6.182227
0,6.184078
0,6.185739
0,6.187389
0,6.189287
0,6.191298
0,6.193309
0,6.195242
0,6.197493
0,6.1993
0,6.201041
0,6.202986
0,6.20467
0,6.206464
0,6.208185
0,6.20986
0,6.211559
0,6.213195
0,6.214911
0,6.216543
0,6.21813
0,6.219776
0,6.221475
0,6.223401
0,6.225102
0,6.226871
0,6.228515
0,6.230135
0,6.231915
0,6.233609
0,6.235226
0,6.237017
0,6.238816
0,6.240621
0,6.24259
0,6.244405
0,6.246216
0,6.248098
0,6.249968
0,6.251785
0,6.253636
0,6.255373
0,6.257005
0,6.25857
0,6.26019
0,6.262012
0,6.263653
0,6.265301
0,6.266982
0,6.268722
0,6.270313
0,6.271937
0,6.273647
0,6.275345
0,6.277057
0,6.278787
0,6.280504
0,6.282245
0,6.283858
0,6.285463
0,6.287114
0,6.288746
0,6.290473
0,6.292326
0,6.29414
0,6.295907
0,6.297524
0,6.299284
0,6.300995
0,6.302816
0,6.304439
0,6.306066
0,6.307698
0,6.309294
0,6.310862
0,6.312552
0,6.314252
0,6.316031
0,6.31775
0,6.319483
0,6.321181
0,6.323105
0,6.324647
0,6.326304
0,6.327936
0,6.329551
0,6.331217
0,6.332969
0,6.33458
0,6.336152
0,6.337742
0,6.339413
0,6.341069
0,6.343023
0,6.344716
0,6.346391
0,6.348009
0,6.349658
0,6.351398
0,6.353127
0,6.35484
0,6.356546
0,6.358212
0,6.359949
0,6.361617
0,6.363597
0,6.365523
0,6.367373
0,6.369255
0,6.370987
0,6.372689
0,6.374347
0,6.37597
0,6.377675
0,6.379588
0,6.381679
0,6.384407
0,6.386557
0,6.38832
0,6.390129
0,6.391931
0,6.393791
0,6.395863
0,6.397605
0,6.399265
0,6.400939
0,6.402753
0,6.40435
0,6.405962
0,6.407516
0,6.409188
0,6.410877
0,6.412546
0,6.414238
0,6.415973
0,6.417833
0,6.419484
0,6.421075
0,6.423102
0,6.425117
0,6.426835
0,6.428484
0,6.430136
0,6.431745
0,6.433319
0,6.434907
0,6.436648
0,6.43836
0,6.440601
0,6.4425
0,6.444123
0,6.445677
0,6.447227
0,6.44887
0,6.450521
0,6.452141
0,6.453781
0,6.455591
0,6.457408
0,6.459071
0,6.460828
0,6.462752
0,6.464395
0,6.46607
0,6.467822
0,6.469666
0,6.471398
0,6.473088
0,6.47505
0.0072333,6.477462
0.0180351,6.481062
0.0240279,6.48306
0.0293628,6.484838
0.0346239,6.486592
0.0397203,6.488291
0.044796,6.489983
0.0503184,6.491823
0.0573339,6.494162
0.0685347,6.497896
0.0795996,6.501584
0.0859038,6.503685
0.0909417,6.505364
0.096276,6.507143
0.1014462,6.508866
0.1068243,6.510659
0.1121145,6.512422
0.1173213,6.514158
0.1223769,6.515843
0.1274709,6.517541
0.1329801,6.519377
0.1386021,6.521251
0.1452921,6.523481
0.1558473,6.526999
0.1612557,6.528802
0.1664979,6.53055
0.1717551,6.532302
0.1774428,6.534198
0.1828923,6.536015
0.1881993,6.537784
0.1937826,6.539645
0.1992975,6.541483
0.2053581,6.543503
0.2107017,6.545284
0.2167683,6.547307
0.2225088,6.54922
0.2281152,6.551089
0.2337552,6.552969
0.2390418,6.554731
0.2444475,6.556533
0.2494065,6.558186
0.254724,6.559958
0.2600097,6.56172
0.2665929,6.563915
0.2721909,6.565781
0.2778126,6.567655
0.2833329,6.569495
0.2887488,6.5713
0.2942742,6.573142
0.2997631,6.574972
0.3052756,6.576809
0.3108295,6.57866
0.3162757,6.580476
0.3221256,6.582426
0.3271248,6.584092
0.3325089,6.585887
0.338121,6.587758
0.3433908,6.589514
0.3486375,6.591263
0.354408,6.593186
0.3600723,6.595075
0.3654999,6.596884
0.3705522,6.598568
0.3759969,6.600383
0.382101,6.602417
0.3874368,6.604196
0.3929505,6.606034
0.3983679,6.60784
0.4038303,6.609661
0.4091319,6.611428
0.414654,6.613268
0.4200018,6.615051
0.4269471,6.617366
0.432714,6.619288
0.4384162,6.621189
0.444517,6.623223
0.4498332,6.624995
0.455601,6.626917
0.4614024,6.628851
0.468141,6.631098
0.4601412,6.633764
0.4500453,6.637129
0.4437855,6.639216
0.437112,6.64144
0.4296768,6.643919
0.4233444,6.64603
0.4175634,6.647957
0.4119234,6.649837
0.4065802,6.651618
0.4011193,6.653438
0.3954823,6.655317
0.38944,6.657331
0.3833866,6.659349
0.3776407,6.661264
0.3713119,6.663374
0.365851,6.665195
0.3605806,6.666951
0.3549655,6.668823
0.3477355,6.671233
0.3404656,6.673656
0.3325303,6.676301
0.3263095,6.678375
0.3206206,6.680271
0.3145543,6.682293
0.3087247,6.684237
0.3030616,6.686124
0.2970667,6.688122
0.2902445,6.690396
0.2841578,6.692425
0.2775362,6.694633
0.2715662,6.696622
0.2660002,6.698478
0.2604226,6.700337
0.2540866,6.702449
0.2486803,6.704251
0.2431837,6.706083
0.2381128,6.707774
0.2331631,6.709424
0.2281456,6.711096
0.2228782,6.712852
0.217768,6.714555
0.2124475,6.716329
0.2069866,6.718149
0.2015455,6.719963
0.1964032,6.721677
0.1908076,6.723542
0.1852231,6.725404
0.1792408,6.727398
0.1718284,6.729868
0.165079,6.732118
0.1591846,6.734083
0.1535014,6.735978
0.148303,6.73771
0.1432363,6.739399
0.1377205,6.741238
0.1303246,6.743703
0.1248508,6.745528
0.1193134,6.747374
0.1138019,6.749211
0.1082093,6.751075
0.1028159,6.752872
0.09716445,6.754756
0.09152056,6.756638
0.08630595,6.758376
0.08084955,6.760195
0.07512975,6.762101
0.06941564,6.764006
0.06412365,6.76577
0.05871554,6.767573
0.05320064,6.769411
0.04792904,6.771168
0.04266614,6.772923
0.03733185,6.774701
0.03221295,6.776407
0.02721525,6.778073
0.02149965,6.779978
0.01600965,6.781808
0.01002165,6.783804
0.004321047,6.785704
0,6.787535
0,6.789358
0,6.791169
0,6.792959
0,6.79522
0,6.797463
0,6.799496
0,6.801399
0,6.803451
0,6.805198
0,6.806981
0,6.808749
0,6.810686
0,6.812498
0,6.814305
0,6.816267
0,6.818149
0,6.820035
0,6.822069
0,6.823979
0,6.826193
0,6.828209
0,6.830209
0,6.832183
0,6.833888
0,6.835577
0,6.837376
0,6.839103
0,6.840934
0,6.842946
0,6.844703
0,6.846643
0,6.84829
0,6.850183
0,6.85204
0,6.853955
0,6.856164
0,6.858115
0,6.860078
0,6.869884
0,6.872203
0,6.874181
0,6.876092
0,6.877871
0,6.879718
0,6.881449
0,6.883495
0,6.885281
0,6.887155
0,6.889057
0,6.891057
0,6.893017
0,6.895075
0,6.897159
0,6.899134
0,6.901092
0,6.903847
0,6.906503
0,6.908953
0,6.911366
0,6.91362
0,6.915614
0,6.917633
0,6.919657
0,6.921925
0,6.924253
0,6.926157
0,6.928021
0,6.929892
0,6.931816
0,6.933651
0,6.935293
0,6.937078
0,6.938985
0,6.940832
0,6.942876
0,6.944716
0,6.946666
0,6.948738
0,6.950811
0,6.953042
0,6.955017
0,6.956991
0,6.958841
0,6.960766
0,6.962734
0,6.964448
0,6.966366
0,6.968544
0,6.970407
0,6.972144
0,6.973875
0,6.975567
0,6.977217
0,6.979026
0,6.98087
0,6.982854
0,6.984565
0,6.986355
0,6.988132
0,6.989851
0,6.991566
0,6.993365
0,6.995256
0,6.997302
0,6.99982
0,7.001806
0,7.003954
0,7.005761
0,7.007883
0,7.010002
0,7.011816
0,7.013584
0,7.015346
0,7.017106
0,7.018907
0,7.020795
0,7.022867
0,7.024778
0,7.026715
0,7.0285
0,7.030206
0,7.031964
0,7.033699
0,7.035405
0,7.037167
0,7.038909
0,7.040697
0,7.043086
0,7.045153
0,7.047091
0,7.048883
0,7.050626
0,7.052358
0,7.05413
0,7.055851
0,7.057598
0,7.059661
0,7.061816
0,7.064108
0,7.065994
0,7.067795
0,7.06956
0,7.07121
0,7.072957
0,7.07473
0,7.076548
0,7.078314
0,7.080064
0,7.082002
0,7.083687
0,7.085328
0,7.087034
0,7.089006
0,7.090935
0,7.092751
0,7.094589
0,7.096333
0,7.098022
0,7.099978
0,7.102192
0,7.104305
0,7.106329
0,7.108391
0,7.110337
0,7.112092
0,7.113772
0,7.115647
0,7.11752
0,7.119547
0,7.121599
0,7.123594
0,7.125259
0,7.126948
0,7.128763
0,7.130504
0,7.132212
0,7.133911
0,7.135828
0,7.137838
0,7.139993
0,7.142011
0,7.144198
0,7.146027
0,7.147843
0,7.149679
0,7.151515
0,7.153279
0,7.154924
0,7.156788
0,7.158612
0,7.160328
0,7.162241
0,7.164091
0,7.165922
0,7.167933
0,7.16992
0,7.171871
0,7.173762
0,7.175565
0,7.177319
0,7.179235
0,7.181284
0,7.183283
0,7.185288
0,7.187535
0,7.189522
0,7.191513
0,7.193388
0,7.195137
0,7.196825
0,7.198756
0,7.200802
0,7.203869
0,7.20572
0,7.207484
0,7.209313
0,7.211009
0,7.212704
0,7.214449
0,7.216656
0,7.218376
0,7.220221
0,7.222254
0,7.224088
0,7.225879
0,7.22765
0,7.229581
0,7.231602
0,7.233721
0,7.23563
0,7.237371
0,7.239067
0,7.240745
0,7.242902
0,7.24516
0,7.247028
0,7.248866
0,7.250672
0,7.252325
0,7.253987
0,7.255731
0,7.257428
0,7.259148
0,7.260954
0,7.262934
0,7.264603
0,7.266269
0,7.268034
0,7.270185
0,7.271951
0,7.273736
0,7.275576
0,7.277514
0,7.279472
0,7.281446
0,7.283719
0,7.285677
0,7.28752
0,7.289451
0,7.291313
0,7.293176
0,7.294944
0,7.296813
0,7.298718
0,7.300556
0,7.302731
0,7.304685
0,7.306503
0,7.308423
0,7.310384
0,7.312635
0,7.314391
0,7.316123
0,7.317846
0,7.319592
0,7.321299
0,7.323181
0,7.325151
0,7.326952
0,7.328694
0,7.330483
0,7.332304
0,7.33398
0,7.335627
0,7.337259
0,7.33917
0,7.341233
0,7.343344
0,7.345108
0,7.346869
0,7.348576
0,7.350196
0,7.351912
0,7.35383
0,7.35574
0,7.357512
0,7.359345
0,7.361297
0,7.363375
0,7.365108
0,7.366887
0,7.368692
0,7.370459
0,7.37228
0,7.374208
0,7.376154
0,7.377976
0,7.379782
0,7.381576
0,7.38362
0,7.385404
0,7.387251
0,7.389188
0,7.391418
0,7.394093
0,7.396432
0,7.39838
0,7.40026
0,7.402497
0,7.404469
0,7.406408
0,7.408186
0,7.40997
0,7.411794
0,7.413556
0,7.41538
0,7.417153
0,7.41905
0,7.420746
0,7.422692
0,7.424409
0,7.42623
0,7.428206
0,7.430134
0,7.431896
0,7.433681
0,7.43549
0,7.437181
0,7.439012
0,7.440768
0,7.442745
0,7.444547
0,7.446387
0,7.448274
0,7.450065
0,7.451936
0,7.453788
0,7.455614
0,7.457413
0,7.459248
0,7.461067
0,7.463084
0,7.464852
0,7.466693
0,7.468572
0,7.470452
0,7.472509
0,7.474333
0,7.476189
0,7.478065
0,7.479995
0,7.481926
0,7.484294
0,7.486179
0,7.488007
0,7.48984
0,7.49159
0,7.49331
0,7.495077
0,7.496882
0,7.498692
0,7.500627
0,7.502759
0,7.504742
0,7.506824
0,7.508731
0,7.510449
0,7.512275
0,7.514003
0,7.516403
0,7.518421
0,7.520226
0,7.522165
0,7.523808
0,7.525462
0,7.527197
0,7.529014
0,7.530807
0,7.532805
0,7.534956
0,7.536951
0,7.539037
0,7.540945
0,7.543108
0,7.544929
0,7.546986
0,7.549114
0,7.551079
0,7.553047
0,7.554839
0,7.556571
0,7.558224
0,7.559926
0,7.561778
0,7.563807
0,7.565643
0,7.56756
0,7.569433
0,7.571215
0,7.572918
0,7.574851
0,7.576743
0,7.578549
0,7.580382
0,7.582485
0,7.58426
0,7.586009
0,7.587674
0,7.589495
0,7.591331
0,7.593381
0,7.595214
0,7.596969
0,7.598838
0,7.600755
0,7.603053
0,7.60507
0,7.607317
0,7.609447
0,7.611366
0,7.61317
0,7.61485
0,7.616694
0,7.618521
0,7.620316
0,7.622291
0,7.624053
0,7.625798
0,7.627506
0,7.629267
0,7.631152
0,7.633014
0,7.634817
0,7.636662
0,7.638496
0,7.640352
0,7.642389
0,7.644296
0,7.646353
0,7.648246
0,7.650137
0,7.652065
0,7.653942
0,7.655704
0,7.657432
0,7.659337
0,7.661459
0,7.663505
0,7.665353
0,7.667093
0,7.669477
0,7.672084
0,7.67448
0,7.676809
0,7.678971
0,7.680916
0,7.683042
0,7.685111
0,7.687102
0,7.689656
0,7.69161
0,7.693499
0,7.695374
0,7.697227
0,7.699104
0,7.701061
0,7.703818
0,7.706793
0,7.709058
0,7.711102
0,7.713039
0,7.714893
0,7.716846
0,7.71874
0,7.720611
0,7.722735
0,7.724538
0,7.726477
0,7.72832
0,7.730999
0,7.733201
0,7.735364
0,7.737697
0,7.739488
0,7.741354
0,7.743362
0,7.745115
0,7.746933
0,7.748737
0,7.750509
0,7.752254
0,7.754039
0,7.755828
0,7.75759
0,7.759322
0,7.761061
0,7.763165
0,7.765121
0,7.767058
0,7.768968
0,7.770745
0,7.772484
0,7.774175
0,7.776027
0,7.777896
0,7.779696
0,7.781465
0,7.783504
0,7.785363
0,7.787129
0,7.789036
0,7.791082
0,7.792989
0,7.794926
0,7.796752
0,7.798523
0,7.800214
0,7.802209
0,7.803999
0,7.805861
0,7.808039
0,7.810224
0,7.812255
0,7.814312
0,7.816304
0,7.818103
0,7.819964
0,7.821764
0,7.823783
0,7.825801
0,7.827688
0,7.829456
0,7.831326
0,7.833146
0,7.834945
0,7.83682
0,7.838685
0,7.840497
0,7.842698
0,7.844471
0,7.846366
0,7.84823
0,7.85008
0,7.851904
0,7.853622
0,7.855338
0,7.857026
0,7.858834
0,7.860579
0,7.862562
0,7.864322
0,7.866075
0,7.867746
0,7.86944
0,7.871177
0,7.87307
0,7.874997
0,7.876959
0,7.878891
0,7.880693
0,7.8826
0,7.884356
0,7.88648
0,7.888282
0,7.890246
0,7.892397
0,7.894347
0,7.896136
0,7.897997
0,7.899973
0,7.901822
0,7.912058
0,7.914706
0,7.916585
0,7.918476
0,7.920429
0,7.922646
0,7.924354
0,7.926091
0,7.927901
0,7.92978
0,7.93155
0,7.933393
0,7.935146
0,7.936878
0,7.938522
0,7.94022
0,7.942829
0,7.944589
0,7.946324
0,7.948049
0,7.949862
0,7.951705
0,7.953498
0,7.955392
0,7.95742
0,7.959435
0,7.961568
0,7.963698
0,7.965495
0,7.967403
0,7.969221
0,7.971087
0,7.972921
0,7.974782
0,7.976632
0,7.978422
0,7.980222
0,7.982312
0,7.984206
0,7.986057
0,7.987848
0,7.989699
0,7.991628
0,7.99332
0,7.994992
0,7.996817
0,7.998703
0,8.00104
0,8.003189
0,8.00514
0,8.006926
0,8.008596
0,8.010751
0,8.013
0,8.015182
0,8.017342
0,8.01997
0,8.021735
0,8.023605
0,8.025401
0,8.027226
0,8.029098
0,8.030986
0,8.032832
0,8.034523
0,8.036201
0,8.03792
0,8.039873
0,8.041848
0,8.04423
0,8.046215
0,8.047922
0,8.049637
0,8.051315
0,8.053183
0,8.054952
0,8.05682
0,8.05872
0,8.06047
0,8.062663
0,8.064782
0,8.066832
0,8.068707
0,8.070456
0,8.072266
0,8.074191
0,8.076115
0,8.078063
0,8.080098
0,8.082367
0,8.084309
0,8.086165
0,8.087993
0,8.0898
0,8.091537
0,8.09335
0,8.095153
0,8.097139
0,8.098966
0,8.100789
0,8.102944
0,8.104841
0,8.106879
0,8.10897
0,8.111373
0,8.113516
0,8.115616
0,8.117661
0,8.119595
0,8.121306
0,8.123337
0,8.125339
0,8.127695
0,8.129838
0,8.131853
0,8.133661
0,8.135448
0,8.137142
0,8.139137
0,8.141119
0,8.143487
0,8.145468
0,8.147369
0,8.14922
0,8.150984
0,8.152804
0,8.154655
0,8.156494
0,8.158378
0,8.160223
0,8.162227
0,8.163918
0,8.165719
0,8.167544
0,8.169365
0,8.17122
0,8.173167
0,8.175218
0,8.177257
0,8.179306
0,8.181168
0,8.183153
0,8.184928
0,8.186715
0,8.188439
0,8.190522
0,8.192553
0,8.194589
0,8.196779
0,8.19893
0,8.201123
0,8.203262
0,8.20515
0,8.206944
0,8.208771
0,8.210607
0,8.212693
0,8.214757
0,8.21671
0,8.2185
0,8.220232
0,8.22229
0,8.224184
0,8.226007
0,8.227805
0,8.229612
0,8.231343
0,8.232999
0,8.234648
0,8.236434
0,8.238366
0,8.240099
0,8.24206
0,8.243786
0,8.245482
0,8.247188
0,8.248968
0,8.250867
0,8.252722
0,8.254599
0,8.25655
0,8.258389
0,8.260209
0,8.26238
0,8.264441
0,8.266479
0,8.268472
0,8.270425
0,8.272251
0,8.27399
0,8.275693
0,8.277444
0,8.279289
0,8.281089
0,8.283062
0,8.28479
0,8.28647
0,8.288145
0,8.289917
0,8.29193
0,8.294018
0,8.295779
0,8.297544
0,8.299331
0,8.301221
0,8.303321
0,8.30512
0,8.30725
0,8.309352
0,8.31116
0,8.313234
0,8.315273
0,8.317143
0,8.318922
0,8.320779
0,8.323197
0,8.325073
0,8.326865
0,8.328746
0,8.330453
0,8.332126
0,8.333823
0,8.335608
0,8.337371
0,8.339233
0,8.341022
0,8.342955
0,8.34468
0,8.346418
0,8.348211
0,8.350235
0,8.35208
0,8.354003
0,8.355819
0,8.357554
0,8.359263
0,8.361022
0,8.362987
0,8.365005
0,8.366814
0,8.368699
0,8.370517
0,8.372323
0,8.374022
0,8.375906
0,8.377826
0,8.379628
0,8.381383
0,8.383322
0,8.385031
0,8.386727
0,8.388398
0,8.390186
0,8.391994
0,8.393807
0,8.39578
0,8.397683
0,8.399445
0,8.401153
0,8.403072
0,8.40482
0,8.406511
0,8.40831
0,8.410679
0,8.413306
0,8.416364
0,8.418558
0,8.421043
0,8.423147
0,8.425057
0,8.426905
0,8.428732
0,8.430655
0,8.432522
0,8.434444
0,8.436345
0,8.43828
0,8.440259
0,8.442428
0,8.4442
0,8.44598
0,8.447824
0,8.449736
0,8.451643
0,8.453514
0,8.455411
0,8.457202
0,8.458994
0,8.460821
0,8.46293
0,8.464718
0,8.466466
0,8.468265
0,8.470048
0,8.471851
0,8.473544
0,8.475225
0,8.477028
0,8.479033
0,8.480776
0,8.482894
0,8.48458
0,8.486181
0,8.48783
0,8.48949
0,8.491609
0,8.493298
0,8.495076
0,8.496832
0,8.498581
0,8.500371
0,8.502894
0,8.504782
0,8.506629
0,8.508451
0,8.510197
0,8.51203
0,8.513705
0,8.515323
0,8.517054
0,8.518927
0,8.520653
0,8.522719
0,8.524547
0,8.526291
0,8.528071
0,8.529795
0,8.531476
0,8.533111
0,8.534865
0,8.536708
0,8.538504
0,8.540265
0,8.542087
0,8.543674
0,8.545421
0,8.547082
0,8.548772
0,8.550657
0,8.552541
0,8.55422
0,8.555903
0,8.557511
0,8.559199
0,8.560895
0,8.562751
0,8.564424
0,8.566251
0,8.567885
0,8.569474
0,8.571103
0,8.572796
0,8.574497
0,8.576159
0,8.577989
0,8.57968
0,8.581421
0,8.583233
0,8.584955
0,8.586696
0,8.588418
0,8.590145
0,8.591923
0,8.59364
0,8.59534
0,8.597171
0,8.598927
0,8.60079
0,8.602848
0,8.604668
0,8.606473
0,8.608197
0,8.609899
0,8.611887
0,8.615108
0,8.618588
0,8.620567
0,8.622499
0,8.624177
0,8.625882
0,8.62787
0,8.62957
0,8.631221
0,8.632871
0,8.634491
0,8.636092
0,8.637882
0,8.639543
0,8.641354
0,8.643473
0,8.645283
0,8.646973
0,8.64868
0,8.650303
0,8.651943
0,8.653527
0,8.655181
0,8.656999
0,8.658748
0,8.660452
0,8.662315
0,8.663912
0,8.665547
0,8.667182
0,8.668878
0,8.670588
0,8.672772
0,8.674758
0,8.676869
0,8.678726
0,8.680429
0,8.682379
0,8.684104
0,8.685901
0,8.687725
0,8.689847
0,8.69197
0,8.693979
0,8.695881
0,8.697662
0,8.69941
0,8.701148
0,8.70304
0,8.704867
0,8.706729
0,8.708573
0,8.710297
0,8.712027
0,8.713789
0,8.715538
0,8.717196
0,8.718986
0,8.721268
0,8.723474
0,8.725331
0,8.727109
0,8.729077
0,8.731619
0,8.733442
0,8.73524
0,8.736991
0,8.738712
0,8.740365
0,8.742173
0,8.743792
0,8.745445
0,8.747123
0,8.748833
0,8.750638
0,8.752295
0,8.753882
0,8.755435
0,8.757092
0,8.758779
0,8.760569
0,8.762568
0,8.764294
0,8.765969
0,8.767571
0,8.769151
0,8.770808
0,8.772484
0,8.774154
0,8.775832
0,8.777466
0,8.779051
0,8.781307
0,8.783232
0,8.785018
0,8.78691
0,8.788713
0,8.790442
0,8.792148
0,8.793746
0,8.795359
0,8.797012
0,8.798739
0,8.800396
0,8.8023
0,8.803959
0,8.805641
0,8.807187
0,8.808728
0,8.810348
0,8.812161
0,8.813789
0,8.815473
0,8.817122
0,8.818992
0,8.820745
0,8.822579
0,8.824223
0,8.825922
0,8.827722
0,8.829556
0,8.831359
0,8.833041
0,8.834806
0,8.836421
0,8.838149
0,8.83986
0,8.841591
0,8.843532
0,8.845366
0,8.847143
0,8.848898
0,8.850762
0,8.852585
0,8.854359
0,8.856128
0,8.858104
0,8.859835
0,8.861469
0,8.863228
0,8.864895
0,8.866616
0,8.868302
0,8.869943
0,8.871599
0,8.87321
0,8.874875
0,8.876424
0,8.878105
0,8.879753
0,8.881393
0,8.883202
0,8.884935
0,8.886571
0,8.888181
0,8.88977
0,8.891504
0,8.893317
0,8.895186
0,8.897026
0,8.898791
0,8.900419
0,8.902142
0,8.903709
0,8.905397
0,8.90719
0,8.909168
0,8.911198
0,8.913103
0,8.914801
0,8.916404
0,8.918015
0,8.919781
0,8.929868
0,8.932389
0,8.934248
0,8.936007
0,8.937865
0,8.939659
0,8.941321
0,8.943042
0,8.944615
0,8.946294
0,8.948013
0,8.949659
0,8.951347
0,8.953105
0,8.954983
0,8.956807
0,8.958478
0,8.96027
0,8.962165
0,8.963822
0,8.965556
0,8.967216
0,8.968822
0,8.970565
0,8.972157
0,8.97377
0,8.975433
0,8.977028
0,8.978696
0,8.980314
0,8.98214
0,8.98372
0,8.985318
0,8.986999
0,8.988759
0,8.990456
0,8.992224
0,8.993968
0,8.995762
0,8.997581
0,8.999485
0,9.001482
0,9.003459
0,9.005275
0,9.007037
0,9.008819
0,9.010459
0,9.012079
0,9.013748
0,9.015472
0,9.01724
0,9.018986
0,9.020864
0,9.022996
0,9.024809
0,9.026643
0,9.028471
0,9.030252
0,9.032153
0,9.034186
0,9.036149
0,9.037883
0,9.039485
0,9.04111
0,9.042981
0,9.0447
0,9.046376
0,9.048061
0,9.049754
0,9.051364
0,9.052922
0,9.054577
0,9.056236
0,9.057879
0,9.059473
0,9.061126
0,9.063021
0,9.064942
0,9.066669
0,9.06846
0,9.070289
0,9.072051
0,9.073856
0,9.075578
0,9.077196
0,9.079214
0,9.081466
0,9.08371
0,9.085514
0,9.087204
0,9.088897
0,9.090588
0,9.09226
0,9.094079
0,9.09627
0,9.098188
0,9.099926
0,9.101696
0,9.103587
0,9.105212
0,9.106883
0,9.108581
0,9.110265
0,9.111964
0,9.113602
0,9.115276
0,9.116982
0,9.118704
0,9.120322
0,9.122338
0,9.124229
0,9.12609
0,9.127973
0,9.129586
0,9.131291
0,9.132906
0,9.134575
0,9.136138
0,9.137985
0,9.139913
0,9.14209
0,9.144334
0,9.146091
0,9.147718
0,9.149362
0,9.151065
0,9.152809
0,9.154461
0,9.156265
0,9.157961
0,9.15962
0,9.161227
0,9.163003
0,9.164685
0,9.166372
0,9.168077
0,9.169798
0,9.171844
0,9.173576
0,9.175241
0,9.176887
0,9.178565
0,9.18025
0,9.182126
0,9.183922
0,9.185609
0,9.187472
0,9.18951
0,9.191803
0,9.193911
0,9.196005
0,9.197834
0,9.199553
0,9.20122
0,9.203072
0,9.204776
0,9.206583
0,9.208346
0,9.210081
0,9.21187
0,9.2136
0,9.215345
0,9.217046
0,9.218794
0,9.220563
0,9.222465
0,9.224396
0,9.226453
0,9.228263
0,9.230099
0,9.231812
0,9.233527
0,9.235291
0,9.236981
0,9.238656
0,9.240387
0,9.242235
0,9.243823
0,9.245444
0,9.247156
0,9.248954
0,9.2506
0,9.252298
0,9.253942
0,9.255567
0,9.257097
0,9.258665
0,9.260388
0,9.262274
0,9.263892
0,9.265766
0,9.267448
0,9.269138
0,9.27078
0,9.272337
0,9.273975
0,9.275642
0,9.277273
0,9.278894
0,9.280522
0,9.282459
0,9.284036
0,9.285645
0,9.287523
0,9.289266
0,9.290962
0,9.292726
0,9.294419
0,9.296052
0,9.297782
0,9.299411
0,9.301172
0,9.303062
0,9.304763
0,9.306438
0,9.308125
0,9.309782
0,9.311426
0,9.313139
0,9.314922
0,9.316602
0,9.318264
0,9.319916
0,9.321592
0,9.323337
0,9.325127
0,9.327025
0,9.328956
0,9.331232
0,9.333951
0,9.337451
0,9.339452
0,9.341491
0,9.343596
0,9.345452
0,9.347188
0,9.348849
0,9.350553
0,9.352159
0,9.353906
0,9.35557
0,9.357201
0,9.358982
0,9.360672
0,9.362512
0,9.364127
0,9.365884
0,9.367598
0,9.369304
0,9.371079
0,9.372748
0,9.374461
0,9.376183
0,9.377827
0,9.379418
0,9.381051
0,9.382954
0,9.38464
0,9.386277
0,9.388018
0,9.38973
0,9.391371
0,9.392984
0,9.394735
0,9.396404
0,9.39811
0,9.3998
0,9.401569
0,9.403345
0,9.404985
0,9.406784
0,9.408707
0,9.410574
0,9.412309
0,9.414016
0,9.415734
0,9.417389
0,9.419014
0,9.420646
0,9.422853
0,9.425519
0,9.428338
0,9.430644
0,9.432456
0,9.434134
0,9.435935
0,9.43804
0,9.439971
0,9.441899
0,9.444036
0,9.445987
0,9.44788
0,9.449861
0,9.451865
0,9.453859
0,9.455729
0,9.457438
0,9.45916
0,9.460898
0,9.462656
0,9.464262
0,9.466042
0,9.467837
0,9.469634
0,9.471388
0,9.473047
0,9.4748
0,9.476355
0,9.478036
0,9.479739
0,9.481472
0,9.483307
0,9.485043
0,9.486689
0,9.488314
0,9.489884
0,9.491839
0,9.494395
0,9.497466
0,9.499232
0,9.501037
0,9.50288
0,9.504547
0,9.506162
0,9.507827
0,9.509435
0,9.5112
0,9.512938
0,9.514679
0,9.516396
0,9.518197
0,9.520008
0,9.521968
0,9.523789
0,9.525604
0,9.527472
0,9.529293
0,9.531189
0,9.533013
0,9.534857
0,9.536639
0,9.538422
0,9.540119
0,9.541998
0,9.543662
0,9.545264
0,9.546925
0,9.548612
0,9.550513
0,9.552353
0,9.554289
0,9.556067
0,9.557827
0,9.559583
0,9.56155
0,9.563788
0,9.565845
0,9.567749
0,9.569738
0,9.571771
0,9.57367
0,9.575592
0,9.577469
0,9.579294
0,9.581149
0,9.583131
0,9.584892
0,9.586628
0,9.588339
0,9.590033
0,9.591756
0,9.593481
0,9.595205
0,9.59689
0,9.598636
0,9.600208
0,9.602025
0,9.603743
0,9.605425
0,9.60715
0,9.608894
0,9.610739
0,9.612472
0,9.614139
0,9.615857
0,9.617716
0,9.619456
0,9.621172
0,9.62304
0,9.625175
0,9.627134
0,9.628871
0,9.630844
0,9.632584
0,9.634302
0,9.636067
0,9.637735
0,9.639389
0,9.641101
0,9.642999
0,9.64481
0,9.646789
0,9.648759
0,9.65058
0,9.652351
0,9.65399
0,9.655625
0,9.657379
0,9.659144
0,9.660994
0,9.662847
0,9.664637
0,9.66631
0,9.668055
0,9.669908
0,9.672113
0,9.67434
0,9.676344
0,9.678695
0,9.680654
0,9.682649
0,9.684343
0,9.685995
0,9.687815
0,9.689517
0,9.691482
0,9.693274
0,9.694993
0,9.69661
0,9.698242
0,9.699919
0,9.701613
0,9.703526
0,9.705339
0,9.707115
0,9.708864
0,9.710559
0,9.712179
0,9.71385
0,9.71556
0,9.717257
0,9.719065
0,9.721055
0,9.723212
0,9.725085
0,9.726758
0,9.728607
0,9.731798
0,9.733739
0,9.735779
0,9.737886
0,9.739848
0,9.741549
0,9.743317
0,9.744882
0,9.746568
0,9.748294
0,9.749963
0,9.751756
0,9.753445
0,9.755151
0,9.756742
0,9.758368
0,9.760066
0,9.762008
0,9.763678
0,9.765321
0,9.767087
0,9.768787
0,9.770352
0,9.771983
0,9.773643
0,9.775327
0,9.776969
0,9.778709
0,9.780302
0,9.782191
0,9.783734
0,9.785431
0,9.787108
0,9.788775
0,9.790391
0,9.79202
0,9.793715
0,9.795293
0,9.797126
0,9.798945
0,9.800777
0,9.802637
0,9.804306
0,9.805987
0,9.80763
0,9.809256
0,9.810987
0,9.813024
0,9.814765
0,9.816456
0,9.818239
0,9.819905
0,9.82156
0,9.823353
0,9.825043
0,9.826808
0,9.828709
0,9.83062
0,9.832414
0,9.834155
0,9.835898
0,9.837569
0,9.839247
0,9.841031
0,9.842961
0,9.844842
0,9.846713
0,9.848481
0,9.85013
0,9.851729
0,9.853323
0,9.855052
0,9.856727
0,9.858396
0,9.860087
0,9.861959
0,9.863583
0,9.86519
0,9.866779
0,9.868485
0,9.870203
0,9.871908
0,9.873589
0,9.875563
0,9.877152
0,9.878709
0,9.88029
0,9.882096
0,9.883782
0,9.885486
0,9.887256
0,9.88895
0,9.890754
0,9.892493
0,9.89416
0,9.895843
0,9.897512
0,9.899168
0,9.900902
0,9.902699
0,9.90432
0,9.905961
0,9.907766
0,9.913401
0,9.920114
0,9.922379
0,9.924343
0,9.92638
0,9.928535
0,9.930456
0,9.932248
0,9.933931
0,9.935575
0,9.9373
0,9.939102
0,9.940989
0,9.943024
0,9.944843
0,9.946507
0,9.948132
0,9.949844
0,9.951722
0,9.953491
0,9.955374
0,9.957197
0,9.958939
0,9.9607
0,9.962564
0,9.964263
0,9.966101
0,9.967921
0,9.969705
0,9.971513
0,9.97331
0,9.975009
0,9.976641
0,9.9783
0,9.980046
0,9.981951
0,9.98369
0,9.985359
0,9.987154
0,9.988866
0,9.990507
0,9.9922
0,9.9939
0,9.995578
0,9.997218
0,9.998849
0,10.00053
0,10.0023
0,10.00399
0,10.00567
0,10.00737
0,10.00899
0,10.01069
0,10.01238
0,10.01402
0,10.0156
0,10.01721
0,10.01886
0,10.02064
0,10.02248
0,10.02424
0,10.0259
0,10.02758
0,10.02915
0,10.03095
0,10.03297
0,10.03478
0,10.03655
0,10.03837
0,10.04009
0,10.04196
0,10.04361
0,10.04533
0,10.04702
0,10.04865
0,10.05064
0,10.05262
0,10.0545
0,10.05624
0,10.05785
0,10.05952
0,10.06126
0,10.06306
0,10.0648
0,10.06648
0,10.06812
0,10.06968
0,10.0713
0,10.07289
0,10.07456
0,10.07619
0,10.07823
0,10.07986
0,10.0815
0,10.08325
0,10.08485
0,10.08649
0,10.08819
0,10.08989
0,10.09174
0,10.0935
0,10.09507
0,10.09682
0,10.09882
0,10.10096
0,10.10304
0,10.10477
0,10.10644
0,10.10811
0,10.10981
0,10.11144
0,10.11326
0,10.11512
0,10.11695
0,10.11878
0,10.12059
0,10.12244
0,10.12404
0,10.12564
0,10.12729
0,10.12904
0,10.13087
0,10.13276
0,10.13456
0,10.13633
0,10.13817
0,10.14003
0,10.14207
0,10.14391
0,10.14583
0,10.14788
0,10.14981
0,10.15163
0,10.15325
0,10.15494
0,10.15673
0,10.15848
0,10.1603
0,10.16227
0,10.16394
0,10.16555
0,10.16716
0,10.16881
0,10.17066
0,10.17235
0,10.17411
0,10.17581
0,10.17809
0,10.18036
0,10.1831
0,10.18529
0,10.1873
0,10.18915
0,10.19112
0,10.19306
0,10.19498
0,10.1968
0,10.19859
0,10.20033
0,10.20225
0,10.20391
0,10.20566
0,10.20729
0,10.20897
0,10.21063
0,10.21229
0,10.214
0,10.21564
0,10.21732
0,10.21898
0,10.22068
0,10.22244
0,10.2242
0,10.22605
0,10.22784
0,10.22959
0,10.23134
0,10.23331
0,10.2352
0,10.23692
0,10.23858
0,10.24028
0,10.24224
0,10.24412
0,10.24598
0,10.24778
0,10.24946
0,10.25112
0,10.25275
0,10.25452
0,10.25625
0,10.25799
0,10.25973
0,10.26143
0,10.2632
0,10.26482
0,10.26649
0,10.26818
0,10.26982
0,10.27158
0,10.27334
0,10.27499
0,10.27665
0,10.27828
0,10.27993
0,10.28173
0,10.28363
0,10.28528
0,10.28711
0,10.28882
0,10.29046
0,10.29214
0,10.2938
0,10.2955
0,10.29722
0,10.29886
0,10.30058
0,10.30235
0,10.30399
0,10.30565
0,10.30737
0,10.30903
0,10.31071
0,10.31244
0,10.31423
0,10.31594
0,10.31764
0,10.31923
0,10.32124
0,10.32315
0,10.32494
0,10.32666
0,10.32837
0,10.33002
0,10.33164
0,10.33351
0,10.33536
0,10.33722
0,10.33891
0,10.34072
0,10.34258
0,10.34431
0,10.34595
0,10.34756
0,10.34923
0,10.35097
0,10.35278
0,10.35456
0,10.35629
0,10.35799
0,10.35963
0,10.36124
0,10.36309
0,10.36485
0,10.3665
0,10.36821
0,10.36994
0,10.37166
0,10.3733
0,10.37493
0,10.37659
0,10.37836
0,10.38006
0,10.38204
0,10.38384
0,10.38562
0,10.38738
0,10.38921
0,10.39115
0,10.39295
0,10.39472
0,10.39647
0,10.39814
0,10.39989
0,10.4016
0,10.4035
0,10.40534
0,10.40711
0,10.40886
0,10.41064
0,10.41232
0,10.41391
0,10.41562
0,10.41741
0,10.41927
0,10.42113
0,10.42307
0,10.42471
0,10.42636
0,10.42793
0,10.42951
0,10.43147
0,10.43421
0,10.43699
0,10.43903
0,10.44086
0,10.44281
0,10.44448
0,10.44609
0,10.4478
0,10.44963
0,10.45141
0,10.45308
0,10.45477
0,10.45652
0,10.45815
0,10.45981
0,10.46145
0,10.46349
0,10.46524
0,10.46696
0,10.4687
0,10.47048
0,10.47213
0,10.47381
0,10.47551
0,10.47729
0,10.4791
0,10.48094
0,10.48283
0,10.48455
0,10.4862
0,10.48788
0,10.48948
0,10.49117
0,10.49291
0,10.49461
0,10.49627
0,10.49789
0,10.49962
0,10.50126
0,10.50299
0,10.50452
0,10.50609
0,10.50779
0,10.50943
0,10.51115
0,10.51286
0,10.5149
0,10.51667
0,10.51866
0,10.52062
0,10.52279
0,10.52473
0,10.52657
0,10.52835
0,10.53015
0,10.53185
0,10.53349
0,10.53533
0,10.53725
0,10.53904
0,10.5409
0,10.54294
0,10.54473
0,10.54647
0,10.54826
0,10.55018
0,10.55202
0,10.55382
0,10.55564
0,10.55755
0,10.55929
0,10.56098
0,10.56285
0,10.56456
0,10.56626
0,10.56797
0,10.56965
0,10.57131
0,10.57328
0,10.57501
0,10.57667
0,10.5783
0,10.5799
0,10.58149
0,10.58331
0,10.58498
0,10.58659
0,10.58815
0,10.58981
0,10.59161
0,10.59359
0,10.59534
0,10.59703
0,10.59869
0,10.60033
0,10.60202
0,10.60364
0,10.60531
0,10.607
0,10.60863
0,10.61028
0,10.61198
0,10.61355
0,10.61508
0,10.61664
0,10.61824
0,10.61986
0,10.6215
0,10.62332
0,10.62498
0,10.62662
0,10.62825
0,10.62993
0,10.63161
0,10.63326
0,10.63501
0,10.63696
0,10.63968
0,10.64196
0,10.64401
0,10.64584
0,10.64767
0,10.64943
0,10.65125
0,10.65307
0,10.65478
0,10.65644
0,10.65815
0,10.65996
0,10.66171
0,10.66365
0,10.66535
0,10.66707
0,10.66917
0,10.67126
0,10.67356
0,10.6755
0,10.6776
0,10.67944
0,10.68122
0,10.683
0,10.68531
0,10.68743
0,10.68913
0,10.69082
0,10.69249
0,10.69417
0,10.69581
0,10.69777
0,10.69965
0,10.70133
0,10.70313
0,10.70476
0,10.70639
0,10.70797
0,10.70952
0,10.71113
0,10.71281
0,10.71445
0,10.71663
0,10.71848
0,10.72028
0,10.72201
0,10.72375
0,10.72539
0,10.72705
0,10.72894
0,10.7316
0,10.73349
0,10.73532
0,10.73702
0,10.73857
0,10.74045
0,10.74251
0,10.74452
0,10.74627
0,10.74821
0,10.75022
0,10.75204
0,10.75374
0,10.7554
0,10.75708
0,10.75882
0,10.76054
0,10.76243
0,10.76419
0,10.76593
0,10.7677
0,10.76941
0,10.77115
0,10.77296
0,10.77469
0,10.77646
0,10.77825
0,10.78046
0,10.78235
0,10.7842
0,10.78602
0,10.78782
0,10.78964
0,10.79138
0,10.79316
0,10.79497
0,10.79682
0,10.7986
0,10.80032
0,10.80219
0,10.80387
0,10.8055
0,10.80712
0,10.8088
0,10.81061
0,10.81244
0,10.81425
0,10.81602
0,10.81773
0,10.81938
0,10.82101
0,10.82305
0,10.82484
0,10.82655
0,10.82815
0,10.82982
0,10.83149
0,10.83306
0,10.83471
0,10.83629
0,10.83797
0,10.84025
0,10.84266
0,10.84441
0,10.8461
0,10.8478
0,10.8494
0,10.85103
0,10.85277
0,10.85449
0,10.85631
0,10.85812
0,10.85988
0,10.86153
0,10.86324
0,10.86481
0,10.86639
0,10.86804
0,10.86969
0,10.87142
0,10.87309
0,10.8748
0,10.87642
0,10.87799
0,10.87958
0,10.8812
0,10.88307
0,10.88478
0,10.8865
0,10.88828
0,10.88996
0,10.89156
0,10.89322
0,10.89493
0,10.89659
0,10.89824
0,10.89996
0,10.90181
0,10.90674
0,10.91324
0,10.91564
0.0080838,10.91833
0.0193986,10.9221
0.0259056,10.92427
0.0312696,10.92606
0.0366717,10.92786
0.0421167,10.92967
0.0472353,10.93138
0.0533652,10.93342
0.0599688,10.93563
0.066114,10.93767
0.0723126,10.93974
0.0784662,10.94179
0.0904167,10.94577
0.0971064,10.948
0.1044435,10.95045
0.1107621,10.95256
0.1166325,10.95451
0.1222941,10.9564
0.1277046,10.9582
0.1329366,10.95995
0.1378722,10.96159
0.1437951,10.96357
0.1490715,10.96533
0.1546794,10.96719
0.1603176,10.96907
0.1660872,10.971
0.1717302,10.97288
0.177582,10.97483
0.1835208,10.97681
0.191682,10.97953
0.1978281,10.98158
0.2038641,10.98359
0.2093181,10.98541
0.2146083,10.98717
0.2196489,10.98885
0.2249487,10.99062
0.2305203,10.99248
0.2362818,10.9944
0.241596,10.99617
0.2469939,10.99797
0.2521932,10.9997
0.257229,11.00138
0.2626842,11.0032
0.2678994,11.00494
0.2730996,11.00667
0.2781822,11.00836
0.2836974,11.0102
0.2889435,11.01195
0.2946453,11.01385
0.29973,11.01554
0.3048957,11.01727
0.3104643,11.01912
0.3158535,11.02092
0.321792,11.0229
0.327156,11.02469
0.3331332,11.02668
0.3423531,11.02975
0.3506946,11.03253
0.3565494,11.03448
0.3618783,11.03626
0.3674649,11.03812
0.3733167,11.04007
0.3812664,11.04272
0.3878043,11.0449
0.394689,11.0472
0.4007526,11.04922
0.406896,11.05127
0.4127505,11.05322
0.4188918,11.05527
0.4249563,11.05729
0.4314912,11.05947
0.4380423,11.06165
0.4483974,11.0651
0.4399434,11.06792
0.4306863,11.071
0.4239963,11.07323
0.4184265,11.07509
0.4125597,11.07705
0.4066698,11.07901
0.4010835,11.08087
0.3949821,11.08291
0.3894729,11.08474
0.3840612,11.08655
0.3777672,11.08864
0.3722241,11.09049
0.3664848,11.09241
0.3608103,11.0943
0.3553812,11.09611
0.3498849,11.09794
0.3446121,11.0997
0.3394674,11.10141
0.3329646,11.10358
0.3265836,11.10571
0.3202029,11.10783
0.3143637,11.10978
0.3087288,11.11166
0.3033426,11.11345
0.2979879,11.11524
0.2924223,11.11709
0.2868195,11.11896
0.2809598,11.12091
0.27452,11.12306
0.2691695,11.12484
0.2636721,11.12668
0.2583219,11.12846
0.2531742,11.13018
0.2480361,11.13189
0.2416686,11.13401
0.235671,11.13601
0.2293773,11.13811
0.2232606,11.14015
0.2155422,11.14272
0.2088048,11.14497
0.2030946,11.14687
0.1971804,11.14884
0.1911291,11.15086
0.184935,11.15292
0.1791531,11.15485
0.1731431,11.15685
0.1675397,11.15872
0.1616294,11.16069
0.1549268,11.16292
0.1486988,11.165
0.1422617,11.16715
0.1362908,11.16914
0.1301861,11.17117
0.1245797,11.17304
0.1188443,11.17495
0.1126571,11.17701
0.1063379,11.17912
0.09948144,11.18141
0.09134754,11.18412
0.08363574,11.18669
0.07758924,11.1887
0.07189284,11.1906
0.06642834,11.19242
0.06065334,11.19435
0.05496984,11.19624
0.04968534,11.198
0.04333044,11.20012
0.03736704,11.20211
0.03202404,11.20389
0.02692404,11.20559
0.02152914,11.20739
0.01606494,11.20921
0.01005204,11.21122
0.004133637,11.21319
0,11.21513
0,11.21699
0,11.21872
0,11.22049
0,11.22248
0,11.22424
0,11.22602
0,11.22777
0,11.22951
0,11.23119
0,11.23288
0,11.23465
0,11.23641
0,11.23814
0,11.23987
0,11.24181
0,11.24392
0,11.24589
0,11.24767
0,11.24955
0,11.25146
0,11.25333
0,11.25528
0,11.25739
0,11.2594
0,11.26141
0,11.26397
0,11.26596
0,11.26805
0,11.27005
0,11.27201
0,11.27395
0,11.27586
0,11.27777
0,11.27968
0,11.28158
0,11.28359
0,11.28541
0,11.28714
0,11.28881
0,11.2905
0,11.29262
0,11.29446
0,11.29655
0,11.29845
0,11.30026
0,11.30216
0,11.30385
0,11.30574
0,11.30767
0,11.30961
0,11.31141
0,11.31317
0,11.31489
0,11.31657
0,11.31825
0,11.31991
0,11.32175
0,11.32413
0,11.32595
0,11.32794
0,11.32984
0,11.33171
0,11.33386
0,11.33605
0,11.33803
0,11.33997
0,11.34185
0,11.34408
0,11.34608
0,11.34808
0,11.35007
0,11.35206
0,11.35408
0,11.35598
0,11.35787
0,11.35977
0,11.36154
0,11.36344
0,11.36544
0,11.36726
0,11.36919
0,11.37108
0,11.37296
0,11.37497
0,11.37688
0,11.37891
0,11.38103
0,11.38322
0,11.38508
0,11.38697
0,11.38896
0,11.3908
0,11.39261
0,11.39441
0,11.39641
0,11.39822
0,11.40021
0,11.40213
0,11.40384
0,11.40549
0,11.40715
0,11.40918
0,11.41116
0,11.41296
0,11.41469
0,11.4164
0,11.41807
0,11.41988
0,11.42156
0,11.42352
0,11.42523
0,11.42718
0,11.42915
0,11.43105
0,11.43276
0,11.43442
0,11.43631
0,11.43815
0,11.43993
0,11.4417
0,11.44426
0,11.44737
0,11.44957
0,11.45144
0,11.4533
0,11.45565
0,11.4575
0,11.4593
0,11.46103
0,11.46288
0,11.46457
0,11.46631
0,11.46828
0,11.47007
0,11.47207
0,11.47394
0,11.47582
0,11.47757
0,11.47942
0,11.48131
0,11.48341
0,11.48518
0,11.48701
0,11.48885
0,11.49068
0,11.49238
0,11.49419
0,11.49598
0,11.49782
0,11.49963
0,11.50137
0,11.50345
0,11.50516
0,11.50697
0,11.50881
0,11.51069
0,11.5126
0,11.51449
0,11.5163
0,11.51822
0,11.51998
0,11.52177
0,11.52381
0,11.52566
0,11.52742
0,11.5292
0,11.53105
0,11.53279
0,11.53461
0,11.53631
0,11.53848
0,11.54038
0,11.5425
0,11.54473
0,11.54692
0,11.54882
0,11.55067
0,11.55256
0,11.55441
0,11.55625
0,11.55805
0,11.55992
0,11.56168
0,11.56375
0,11.56594
0,11.56785
0,11.56962
0,11.57144
0,11.5733
0,11.57514
0,11.57714
0,11.57918
0,11.58128
0,11.5835
0,11.58547
0,11.58747
0,11.58941
0,11.59125
0,11.59296
0,11.59482
0,11.59731
0,11.59925
0,11.60131
0,11.60348
0,11.60539
0,11.60732
0,11.6093
0,11.61147
0,11.61342
0,11.61532
0,11.61727
0,11.6192
0,11.62096
0,11.62298
0,11.62483
0,11.62686
0,11.62875
0,11.63066
0,11.63241
0,11.63416
0,11.63583
0,11.63747
0,11.63926
0,11.64131
0,11.64353
0,11.64559
0,11.64761
0,11.64947
0,11.65125
0,11.65305
0,11.65485
0,11.65673
0,11.65854
0,11.66048
0,11.66254
0,11.66442
0,11.66644
0,11.66842
0,11.67045
0,11.67283
0,11.67494
0,11.67701
0,11.67905
0,11.68095
0,11.68326
0,11.68518
0,11.68731
0,11.68948
0,11.69145
0,11.69334
0,11.69519
0,11.69717
0,11.69898
0,11.70082
0,11.70302
0,11.70479
0,11.70657
0,11.70819
0,11.70988
0,11.71167
0,11.71342
0,11.71511
0,11.71711
0,11.71896
0,11.7207
0,11.72261
0,11.72424
0,11.72608
0,11.72781
0,11.73033
0,11.73228
0,11.73433
0,11.73632
0,11.73818
0,11.73996
0,11.74175
0,11.74379
0,11.74578
0,11.74798
0,11.75011
0,11.75207
0,11.7539
0,11.75571
0,11.7577
0,11.75945
0,11.76127
0,11.76361
0,11.76567
0,11.76764
0,11.7695
0,11.77134
0,11.77322
0,11.77508
0,11.77705
0,11.7789
0,11.78077
0,11.78278
0,11.78458
0,11.78638
0,11.78808
0,11.78985
0,11.79161
0,11.79341
0,11.79515
0,11.79697
0,11.79888
0,11.80068
0,11.80264
0,11.8044
0,11.80619
0,11.80791
0,11.80964
0,11.81134
0,11.81311
0,11.81487
0,11.81663
0,11.81832
0,11.82006
0,11.822
0,11.8238
0,11.82576
0,11.82774
0,11.82974
0,11.8318
0,11.83375
0,11.83581
0,11.83782
0,11.84008
0,11.84225
0,11.84415
0,11.8462
0,11.84806
0,11.8499
0,11.85172
0,11.85354
0,11.85532
0,11.85719
0,11.85893
0,11.86078
0,11.86277
0,11.86448
0,11.86615
0,11.86779
0,11.87003
0,11.87198
0,11.87392
0,11.8758
0,11.87767
0,11.87933
0,11.88105
0,11.88295
0,11.88512
0,11.88697
0,11.88872
0,11.89048
0,11.89217
0,11.89383
0,11.89553
0,11.89741
0,11.89919
0,11.90096
0,11.90298
0,11.90476
0,11.90648
0,11.90823
0,11.90995
0,11.91169
0,11.91348
0,11.91531
0,11.91708
0,11.91886
0,11.9207
0,11.9227
0,11.92439
0,11.92616
0,11.92798
0,11.92971
0,11.93161
0,11.93357
0,11.93547
0,11.93732
0,11.93912
0,11.94092
0,11.94298
0,11.94477
0,11.94721
0,11.94962
0,11.95196
0,11.9545
0,11.95659
0,11.95875
0,11.96078
0,11.96303
0,11.96515
0,11.96733
0,11.96924
0,11.97112
0,11.97301
0,11.9749
0,11.97677
0,11.97869
0,11.98057
0,11.98255
0,11.98427
0,11.98608
0,11.9878
0,11.99264
0,11.99981
0,12.00207
0,12.00413
0,12.00596
0,12.00777
0,12.00989
0,12.01165
0,12.01359
0,12.01545
0,12.0173
0,12.01909
0,12.02096
0,12.02287
0,12.02456
0,12.02637
0,12.02814
0,12.02995
0,12.03196
0,12.03382
0,12.0357
0,12.03759
0,12.03954
0,12.04163
0,12.04388
0,12.04576
0,12.04775
0,12.04977
0,12.05163
0,12.05327
0,12.05513
0,12.05712
0,12.05896
0,12.06077
0,12.06284
0,12.06459
0,12.06629
0,12.068
0,12.06986
0,12.07191
0,12.07407
0,12.07619
0,12.07815
0,12.08004
0,12.08202
0,12.08373
0,12.08546
0,12.08727
0,12.08943
0,12.09121
0,12.09301
0,12.09466
0,12.09639
0,12.09807
0,12.09991
0,12.10161
0,12.10361
0,12.10543
0,12.10721
0,12.1089
0,12.11069
0,12.11256
0,12.11432
0,12.11617
0,12.11796
0,12.12004
0,12.12246
0,12.12447
0,12.12638
0,12.12818
0,12.13005
0,12.13184
0,12.13367
0,12.13548
0,12.13732
0,12.13928
0,12.14123
0,12.14336
0,12.14515
0,12.14692
0,12.14879
0,12.15091
0,12.15292
0,12.15489
0,12.15684
0,12.15868
0,12.1606
0,12.16276
0,12.16472
0,12.16661
0,12.1684
0,12.17027
0,12.17207
0,12.17388
0,12.17567
0,12.17742
0,12.17922
0,12.18145
0,12.18394
0,12.1864
0,12.18856
0,12.19058
0,12.19241
0,12.19425
0,12.19636
0,12.19836
0,12.20022
0,12.20233
0,12.2042
0,12.20607
0,12.20785
0,12.20978
0,12.21169
0,12.2134
0,12.21509
0,12.21685
0,12.21886
0,12.22072
0,12.22285
0,12.22484
0,12.22699
0,12.22908
0,12.23111
0,12.2332
0,12.2351
0,12.23701
0,12.23896
0,12.24097
0,12.24304
0,12.24484
0,12.24669
0,12.24864
0,12.25066
0,12.25253
0,12.25423
0,12.25615
0,12.25804
0,12.26002
0,12.26202
0,12.26379
0,12.26551
0,12.26726
0,12.26896
0,12.27078
0,12.27264
0,12.2744
0,12.27617
0,12.27796
0,12.2798
0,12.28172
0,12.28369
0,12.28548
0,12.28724
0,12.28902
0,12.29129
0,12.29309
0,12.29484
0,12.29663
0,12.2983
0,12.30005
0,12.30231
0,12.30425
0,12.30619
0,12.30799
0,12.30991
0,12.31171
0,12.31352
0,12.31541
0,12.31738
0,12.31923
0,12.32103
0,12.32308
0,12.32493
0,12.32672
0,12.32845
0,12.33022
0,12.33206
0,12.33391
0,12.33584
0,12.33779
0,12.33967
0,12.3416
0,12.34385
0,12.34595
0,12.34801
0,12.35011
0,12.35218
0,12.3541
0,12.35603
0,12.35792
0,12.35981
0,12.36168
0,12.36382
0,12.36579
0,12.3677
0,12.36947
0,12.37124
0,12.37305
0,12.37489
0,12.37678
0,12.37861
0,12.38042
0,12.38231
0,12.38406
0,12.38594
0,12.38805
0,12.38996
0,12.39169
0,12.39342
0,12.39517
0,12.39688
0,12.39849
0,12.40019
0,12.40213
0,12.40388
0,12.40562
0,12.40735
0,12.40912
0,12.41089
0,12.41263
0,12.41429
0,12.41616
0,12.41803
0,12.41991
0,12.42173
0,12.42366
0,12.42533
0,12.4272
0,12.42909
0,12.43086
0,12.43294
0,12.43476
0,12.43662
0,12.43842
0,12.44029
0,12.44239
0,12.44441
0,12.44642
0,12.44833
0,12.45059
0,12.45264
0,12.45449
0,12.45641
0,12.45876
0,12.46163
0,12.46432
0,12.46643
0,12.46834
0,12.47026
0,12.47209
0,12.47395
0,12.47564
0,12.47738
0,12.47919
0,12.481
0,12.48305
0,12.48489
0,12.48671
0,12.48842
0,12.49025
0,12.49201
0,12.49382
0,12.49578
0,12.49751
0,12.49928
0,12.501
0,12.5029
0,12.50469
0,12.50656
0,12.50853
0,12.51039
0,12.51214
0,12.51389
0,12.51559
0,12.51729
0,12.51906
0,12.5209
0,12.5229
0,12.5248
0,12.52673
0,12.5285
0,12.53032
0,12.53215
0,12.53398
0,12.53582
0,12.53763
0,12.53949
0,12.5413
0,12.54327
0,12.545
0,12.54694
0,12.54872
0,12.55073
0,12.55281
0,12.55473
0,12.55667
0,12.55849
0,12.56028
0,12.56251
0,12.56439
0,12.56635
0,12.56826
0,12.57034
0,12.5722
0,12.57405
0,12.57594
0,12.57786
0,12.5797
0,12.58156
0,12.58362
0,12.58542
0,12.58716
0,12.58891
0,12.59077
0,12.59257
0,12.5945
0,12.59648
0,12.59835
0,12.6003
0,12.60255
0,12.60453
0,12.60641
0,12.60823
0,12.61008
0,12.61183
0,12.61351
0,12.61519
0,12.61697
0,12.61882
0,12.62058
0,12.62255
0,12.62439
0,12.62621
0,12.62789
0,12.62962
0,12.63142
0,12.63332
0,12.63509
0,12.63689
0,12.63875
0,12.6406
0,12.64271
0,12.6446
0,12.64649
0,12.64823
0,12.65
0,12.65194
0,12.65392
0,12.65574
0,12.65743
0,12.65922
0,12.66107
0,12.6633
0,12.66514
0,12.66699
0,12.66907
0,12.67116
0,12.67317
0,12.67578
0,12.67793
0,12.67995
0,12.68182
0,12.68396
0,12.68573
0,12.6875
0,12.68935
0,12.69123
0,12.69311
0,12.69492
0,12.69671
0,12.69839
0,12.70014
0,12.7021
0,12.70389
0,12.70569
0,12.70743
0,12.70924
0,12.71107
0,12.71286
0,12.71495
0,12.71693
0,12.71881
0,12.72077
0,12.72298
0,12.72498
0,12.72679
0,12.7286
0,12.73171
0,12.73364
0,12.7354
0,12.73719
0,12.7391
0,12.741
0,12.74313
0,12.74496
0,12.7468
0,12.74856
0,12.75047
0,12.75242
0,12.75448
0,12.75688
0,12.759
0,12.76128
0,12.7635
0,12.76546
0,12.76754
0,12.7696
0,12.77173
0,12.77407
0,12.77644
0,12.77857
0,12.78059
0,12.78281
0,12.78479
0,12.78667
0,12.78866
0,12.79044
0,12.79232
0,12.79411
0,12.79596
0,12.79772
0,12.79951
0,12.80135
0,12.80342
0,12.80527
0,12.80706
0,12.80887
0,12.81069
0,12.81241
0,12.8141
0,12.81578
0,12.81746
0,12.81937
0,12.82115
0,12.82329
0,12.82506
0,12.82694
0,12.8287
0,12.83038
0,12.83206
0,12.83391
0,12.83591
0,12.83784
0,12.83969
0,12.8415
0,12.84349
0,12.8452
0,12.84691
0,12.84874
0,12.8506
0,12.85238
0,12.85491
0,12.85683
0,12.85859
0,12.86031
0,12.86238
0,12.86416
0,12.8661
0,12.8679
0,12.86977
0,12.87152
0,12.87331
0,12.87506
0,12.87673
0,12.87838
0,12.88008
0,12.8822
0,12.8842
0,12.88632
0,12.88841
0,12.89025
0,12.89203
0,12.89383
0,12.89569
0,12.89761
0,12.8995
0,12.90134
0,12.90341
0,12.9052
0,12.90698
0,12.90867
0,12.91043
0,12.9122
0,12.91401
0,12.91582
0,12.91774
0,12.91961
0,12.92133
0,12.9234
0,12.92511
0,12.92683
0,12.9285
0,12.93025
0,12.93193
0,12.93363
0,12.93526
0,12.93688
0,12.93848
0,12.94019
0,12.94203
0,12.9437
0,12.94573
0,12.94761
0,12.94963
0,12.95159
0,12.95357
0,12.95564
0,12.95776
0,12.95975
0,12.96183
0,12.9643
0,12.9665
0,12.96836
0,12.9702
0,12.97202
0,12.97399
0,12.9759
0,12.97794
0,12.97986
0,12.98197
0,12.98387
0,12.98546
0,12.98706
0,12.98908
0,12.99221
0,12.9951
0,12.99699
0,12.99869
0,13.0003
0,13.00221
0,13.00399
0,13.00597
0,13.00773
0,13.00957
0,13.01122
0,13.01285
0,13.01446
0,13.01614
0,13.01784
0,13.0196
0,13.02125
0,13.02312
0,13.02485
0,13.02654
0,13.02812
0,13.02979
0,13.03139
0,13.03304
0,13.03476
0,13.03649
0,13.03813
0,13.03978
0,13.04143
0,13.04322
0,13.04499
0,13.04671
0,13.04836
0,13.04999
0,13.05169
0,13.05331
0,13.05517
0,13.05693
0,13.05862
0,13.0604
0,13.06242
0,13.06715
0,13.07409
0,13.07618
0,13.0779
0,13.07962
0,13.08136
0,13.08323
0,13.08488
0,13.08662
0,13.08853
0,13.09074
0,13.0929
0,13.09473
0,13.09649
0,13.0982
0,13.09987
0,13.10145
0,13.10349
0,13.10517
0,13.10684
0,13.10853
0,13.11026
0,13.11207
0,13.11371
0,13.1153
0,13.11701
0,13.11879
0,13.12048
0,13.12237
0,13.12405
0,13.12588
0,13.12763
0,13.12941
0,13.13102
0,13.13275
0,13.13461
0,13.13683
0,13.13899
0,13.14104
0,13.14339
0,13.14533
0,13.14726
0,13.14917
0,13.15119
0,13.15316
0,13.15527
0,13.1572
0,13.15921
0,13.16107
0,13.16307
0,13.16491
0,13.16689
0,13.16888
0,13.17095
0,13.17274
0,13.17451
0,13.17628
0,13.17804
0,13.18039
0,13.1825
0,13.18491
0,13.18692
0,13.18868
0,13.19038
0,13.19205
0,13.19374
0,13.19562
0,13.19762
0,13.19958
0,13.20131
0,13.20321
0,13.20487
0,13.20654
0,13.20822
0,13.20982
0,13.21149
0,13.21313
0,13.21483
0,13.21649
0,13.21818
0,13.21989
0,13.2216
0,13.22334
0,13.22521
0,13.22694
0,13.22873
0,13.23043
0,13.23222
0,13.23391
0,13.23562
0,13.23728
0,13.23901
0,13.24074
0,13.24288
0,13.2448
0,13.24661
0,13.24854
0,13.25018
0,13.25182
0,13.25347
0,13.25507
0,13.25667
0,13.25849
0,13.26021
0,13.26215
0,13.26378
0,13.2655
0,13.26717
0,13.2688
0,13.27036
0,13.272
0,13.2736
0,13.27526
0,13.27696
0,13.27865
0,13.28031
0,13.28229
0,13.28395
0,13.28568
0,13.28741
0,13.28921
0,13.29107
0,13.29283
0,13.29451
0,13.29634
0,13.29802
0,13.29971
0,13.30131
0,13.30324
0,13.30495
0,13.30665
0,13.30831
0,13.31003
0,13.31176
0,13.31337
0,13.31495
0,13.31657
0,13.31825
0,13.32011
0,13.32214
0,13.32395
0,13.32577
0,13.32748
0,13.32914
0,13.33075
0,13.33237
0,13.33416
0,13.336
0,13.33784
0,13.33977
0,13.34155
0,13.34345
0,13.3452
0,13.34686
0,13.34861
0,13.35037
0,13.35201
0,13.35367
0,13.35542
0,13.35738
0,13.35914
0,13.36086
0,13.36272
0,13.36456
0,13.3663
0,13.36796
0,13.36967
0,13.37138
0,13.37304
0,13.3747
0,13.37628
0,13.37788
0,13.37967
0,13.38143
0,13.38324
0,13.38493
0,13.38657
0,13.38819
0,13.38977
0,13.39131
0,13.39295
0,13.39472
0,13.39645
0,13.39814
0,13.3999
0,13.40161
0,13.40341
0,13.40505
0,13.40669
0,13.40838
0,13.41009
0,13.41182
0,13.41357
0,13.41532
0,13.41704
0,13.41881
0,13.42047
0,13.42235
0,13.42401
0,13.42585
0,13.42761
0,13.42932
0,13.43103
0,13.43282
0,13.43446
0,13.4361
0,13.4377
0,13.43931
0,13.44116
0,13.44315
0,13.44481
0,13.44649
0,13.44816
0,13.44984
0,13.45144
0,13.45305
0,13.45471
0,13.45652
0,13.45841
0,13.46037
0,13.46232
0,13.46401
0,13.46579
0,13.46747
0,13.46914
0,13.47091
0,13.47306
0,13.47579
0,13.47826
0,13.48013
0,13.48211
0,13.48394
0,13.48577
0,13.48771
0,13.48961
0,13.49144
0,13.49324
0,13.49504
0,13.49676
0,13.49847
0,13.50012
0,13.50201
0,13.50377
0,13.50567
0,13.50745
0,13.50922
0,13.51097
0,13.51285
0,13.51462
0,13.51639
0,13.51814
0,13.52002
0,13.52196
0,13.52372
0,13.52622
0,13.52909
0,13.53278
0,13.53518
0,13.5372
0,13.53924
0,13.54109
0,13.54313
0,13.54493
0,13.5467
0,13.54841
0,13.55019
0,13.55201
0,13.55375
0,13.55553
0,13.55721
0,13.55896
0,13.56076
0,13.56265
0,13.56431
0,13.56623
0,13.56791
0,13.56963
0,13.57131
0,13.57298
0,13.57461
0,13.57623
0,13.57787
0,13.57957
0,13.58137
0,13.58321
0,13.5849
0,13.58659
0,13.58822
0,13.58983
0,13.59151
0,13.5932
0,13.59489
0,13.59661
0,13.59836
0,13.6001
0,13.60204
0,13.60368
0,13.60532
0,13.60695
0,13.60865
0,13.61027
0,13.61199
0,13.61381
0,13.61559
0,13.6172
0,13.61886
0,13.62064
0,13.62276
0,13.62455
0,13.6263
0,13.62805
0,13.62977
0,13.63139
0,13.63304
0,13.63464
0,13.63641
0,13.63819
0,13.63998
0,13.6418
0,13.64389
0,13.64594
0,13.6477
0,13.64946
0,13.6512
0,13.65297
0,13.6547
0,13.6565
0,13.65821
0,13.66018
0,13.66219
0,13.66386
0,13.66558
0,13.66727
0,13.66923
0,13.67139
0,13.67333
0,13.67556
0,13.67813
0,13.68013
0,13.68219
0,13.68401
0,13.68586
0,13.6876
0,13.68944
0,13.69124
0,13.69308
0,13.69471
0,13.69638
0,13.69803
0,13.69976
0,13.70207
0,13.70482
0,13.70763
0,13.70927
0,13.7109
0,13.71268
0,13.71452
0,13.71621
0,13.71791
0,13.71956
0,13.72117
0,13.72308
0,13.72483
0,13.72671
0,13.72858
0,13.73159
0,13.73343
0,13.73531
0,13.73704
0,13.73872
0,13.74049
0,13.74243
0,13.74418
0,13.74596
0,13.74767
0,13.74935
0,13.75105
0,13.75279
0,13.75443
0,13.75617
0,13.75804
0,13.75988
0,13.76205
0,13.76413
0,13.76592
0,13.76759
0,13.76922
0,13.77098
0,13.77275
0,13.77457
0,13.77637
0,13.77812
0,13.77982
0,13.78153
0,13.78334
0,13.78513
0,13.78703
0,13.78894
0,13.79136
0,13.79315
0,13.79494
0,13.79673
0,13.79856
0,13.80031
0,13.80241
0,13.80415
0,13.80586
0,13.8076
0,13.80928
0,13.81101
0,13.81275
0,13.81438
0,13.81605
0,13.81773
0,13.81941
0,13.82112
0,13.82298
0,13.82469
0,13.82639
0,13.82812
0,13.82974
0,13.83133
0,13.83299
0,13.83478
0,13.83649
0,13.83826
0,13.83992
0,13.84166
0,13.84352
0,13.84518
0,13.84683
0,13.84853
0,13.85062
0,13.85269
0,13.85473
0,13.85653
0,13.8583
0,13.85998
0,13.86161
0,13.86351
0,13.86554
0,13.86724
0,13.86894
0,13.87081
0,13.87259
0,13.87426
0,13.8761
0,13.87795
0,13.87982
0,13.88175
0,13.8837
0,13.88547
0,13.88723
0,13.88905
0,13.89077
0,13.89248
0,13.8941
0,13.89573
0,13.89742
0,13.8992
0,13.90096
0,13.90291
0,13.90469
0,13.9064
0,13.90803
0,13.90962
0,13.91124
0,13.91301
0,13.91478
0,13.91648
0,13.91832
0,13.92001
0,13.92179
0,13.9234
0,13.92514
0,13.92687
0,13.92857
0,13.93027
0,13.93201
0,13.93374
0,13.93548
0,13.93702
0,13.93871
0,13.94041
0,13.94234
0,13.94404
0,13.94585
0,13.94761
0,13.9493
0,13.95099
0,13.95275
0,13.95449
0,13.95629
0,13.95804
0,13.95977
0,13.96156
0,13.96377
0,13.96584
0,13.96755
0,13.96921
0,13.97092
0,13.97267
0,13.97431
0,13.97598
0,13.97796
0,13.97991
0,13.98178
0,13.98373
0,13.98553
0,13.98724
0,13.98902
0,13.99074
0,13.99256
0,13.99445
0,13.9963
0,13.998
0,13.99971
0,14.00143
0,14.00325
0,14.00495
0,14.00657
0,14.00832
0,14.00998
0,14.01163
0,14.01321
0,14.0149
0,14.01657
0,14.01828
0,14.01997
0,14.02173
0,14.02359
0,14.02529
0,14.02693
0,14.02865
0,14.03036
0,14.03209
0,14.03373
0,14.03543
0,14.03705
0,14.03889
0,14.04061
0,14.04236
0,14.04407
0,14.04573
0,14.04737
0,14.04905
0,14.05084
0,14.05256
0,14.05432
0,14.05601
0,14.05758
0,14.05916
0,14.06083
0,14.06266
0,14.06431
0,14.0661
0,14.06792
0,14.06966
0,14.0715
0,14.07333
0,14.07522
0,14.07699
0,14.07877
0,14.08045
0,14.08235
0,14.08408
0,14.08583
0,14.08763
0,14.08927
0,14.09856
0,14.10065
0,14.10244
0,14.10421
0,14.10621
0,14.10805
0,14.10975
0,14.11139
0,14.11306
0,14.11476
0,14.11636
0,14.11792
0,14.11955
0,14.12133
0,14.12315
0,14.12485
0,14.1265
0,14.12815
0,14.12974
0,14.13139
0,14.13294
0,14.13532
0,14.13734
0,14.13943
0,14.14143
0,14.14341
0,14.14515
0,14.14686
0,14.14859
0,14.1503
0,14.15241
0,14.15448
0,14.15642
0,14.15823
0,14.15987
0,14.16151
0,14.16328
0,14.16506
0,14.16719
0,14.16919
0,14.17097
0,14.17273
0,14.17442
0,14.17607
0,14.17767
0,14.17931
0,14.18099
0,14.18331
0,14.18553
0,14.1878
0,14.19023
0,14.19205
0,14.19376
0,14.19551
0,14.19773
0,14.19961
0,14.20133
0,14.20319
0,14.20488
0,14.20654
0,14.20812
0,14.20972
0,14.21141
0,14.2131
0,14.21507
0,14.21707
0,14.21895
0,14.22066
0,14.2225
0,14.22413
0,14.22577
0,14.22744
0,14.22922
0,14.23092
0,14.23262
0,14.23428
0,14.23595
0,14.23751
0,14.23912
0,14.24081
0,14.24273
0,14.24445
0,14.24633
0,14.2482
0,14.24998
0,14.25166
0,14.25336
0,14.25507
0,14.25677
0,14.25853
0,14.26028
0,14.2624
0,14.26413
0,14.26582
0,14.2677
0,14.2696
0,14.27141
0,14.27317
0,14.27499
0,14.2769
0,14.27869
0,14.28042
0,14.28233
0,14.28411
0,14.28603
0,14.28775
0,14.28942
0,14.29118
0,14.293
0,14.29476
0,14.29646
0,14.29818
0,14.29991
0,14.30172
0,14.30361
0,14.30538
0,14.30712
0,14.30885
0,14.31047
0,14.31217
0,14.31386
0,14.31552
0,14.31721
0,14.31887
0,14.32055
0,14.3225
0,14.32449
0,14.32614
0,14.32776
0,14.32945
0,14.33109
0,14.33275
0,14.33446
0,14.33615
0,14.33781
0,14.33947
0,14.3411
0,14.34293
0,14.3446
0,14.34631
0,14.34798
0,14.34961
0,14.3512
0,14.35278
0,14.35443
0,14.35618
0,14.35788
0,14.35958
0,14.36128
0,14.36319
0,14.36489
0,14.36653
0,14.36839
0,14.37045
0,14.37239
0,14.3742
0,14.37604
0,14.37781
0,14.37953
0,14.38122
0,14.3831
0,14.38495
0,14.38721
0,14.38896
0,14.39074
0,14.3925
0,14.39423
0,14.39592
0,14.39759
0,14.39918
0,14.40095
0,14.40287
0,14.40466
0,14.40646
0,14.4082
0,14.40996
0,14.41167
0,14.41327
0,14.41485
0,14.41648
0,14.4185
0,14.42023
0,14.42217
0,14.42393
0,14.42567
0,14.42734
0,14.42898
0,14.4306
0,14.43224
0,14.43407
0,14.43579
0,14.43751
0,14.43927
0,14.44109
0,14.44301
0,14.44487
0,14.4467
0,14.44875
0,14.45067
0,14.45248
0,14.45421
0,14.45597
0,14.4577
0,14.45927
0,14.46094
0,14.46277
0,14.46463
0,14.46647
0,14.46842
0,14.47044
0,14.47241
0,14.47412
0,14.47585
0,14.47771
0,14.47991
0,14.48242
0,14.48477
0,14.48669
0,14.48855
0,14.49024
0,14.49194
0,14.49372
0,14.49563
0,14.49759
0,14.50019
0.008292601,14.50295
0.0189675,14.50651
0.0244812,14.50835
0.0300465,14.5102
0.0355158,14.51202
0.0414543,14.514
0.0469386,14.51583
0.0524208,14.51766
0.0577359,14.51943
0.0628977,14.52115
0.068391,14.52298
0.0740751,14.52488
0.07949819,14.52668
0.08474849,14.52843
0.09004289,14.5302
0.09551219,14.53202
0.1008393,14.5338
0.1058847,14.53548
0.1108272,14.53713
0.1160259,14.53886
0.1214301,14.54066
0.1274406,14.54267
0.1328487,14.54447
0.1384107,14.54632
0.144024,14.54819
0.1492722,14.54994
0.1547358,14.55176
0.1602303,14.5536
0.1660536,14.55554
0.1715121,14.55736
0.1769721,14.55918
0.1873326,14.56263
0.1931541,14.56457
0.198321,14.56629
0.2047992,14.56845
0.2111925,14.57058
0.2176347,14.57273
0.224328,14.57496
0.2296782,14.57675
0.2351088,14.57856
0.2401293,14.58023
0.2459451,14.58217
0.2512026,14.58392
0.2569572,14.58584
0.2621754,14.58758
0.2673345,14.5893
0.2727327,14.5911
0.2778303,14.5928
0.2828502,14.59447
0.2880105,14.59619
0.2935488,14.59803
0.2988741,14.59981
0.3046698,14.60174
0.3107457,14.60377
0.3160956,14.60555
0.3213501,14.6073
0.3265944,14.60905
0.3316701,14.61074
0.3374385,14.61267
0.3435687,14.61471
0.3491538,14.61657
0.3545412,14.61837
0.3602598,14.62027
0.3662547,14.62227
0.3711834,14.62391
0.3762093,14.62559
0.3813966,14.62732
0.3867372,14.6291
0.3920232,14.63086
0.3974787,14.63268
0.4028367,14.63446
0.4084782,14.63634
0.4139373,14.63816
0.4193394,14.63997
0.4251186,14.64189
0.4313115,14.64396
0.4372506,14.64594
0.4475661,14.64937
0.4572213,14.65259
0.4626588,14.6544
0.4689048,14.65649
0.4609086,14.65915
0.4523475,14.66201
0.4459005,14.66416
0.4407906,14.66586
0.4357406,14.66754
0.4296282,14.66958
0.4225755,14.67193
0.4165095,14.67395
0.409038,14.67644
0.402474,14.67863
0.3965856,14.68059
0.3899874,14.68279
0.3838542,14.68484
0.3774597,14.68697
0.3714264,14.68898
0.3656298,14.69091
0.3596682,14.6929
0.353289,14.69503
0.3474282,14.69698
0.3417609,14.69887
0.3359967,14.70079
0.3294621,14.70297
0.3238512,14.70484
0.3184302,14.70665
0.3128909,14.70849
0.3069924,14.71046
0.30174,14.71221
0.2967353,14.71388
0.2916518,14.71557
0.2860937,14.71742
0.280613,14.71925
0.2751641,14.72107
0.2687372,14.72321
0.2617226,14.72555
0.2561093,14.72742
0.2499929,14.72946
0.241481,14.7323
0.2336813,14.73489
0.2280587,14.73677
0.2225528,14.7386
0.2170811,14.74043
0.2110607,14.74243
0.205913,14.74415
0.2007875,14.74586
0.1955699,14.7476
0.1901582,14.7494
0.1847,14.75122
0.1794215,14.75298
0.1741463,14.75474
0.1687865,14.75653
0.1635701,14.75826
0.1585043,14.75995
0.1528592,14.76184
0.1463693,14.764
0.1408835,14.76583
0.1352954,14.76769
0.1298177,14.76952
0.124157,14.7714
0.1174721,14.77363
0.1117622,14.77553
0.1061081,14.77742
0.1005734,14.77926
0.09527753,14.78103
0.08943082,14.78298
0.08398432,14.78479
0.07869172,14.78656
0.07287652,14.7885
0.06704212,14.79044
0.06143032,14.79231
0.05593912,14.79414
0.05034982,14.79601
0.04460002,14.79792
0.03870502,14.79989
0.03262942,14.80191
0.02497582,14.80446
0.01838692,14.80666
0.01224082,14.80871
0.006164621,14.81073
0.000305621,14.81269
0,14.81455
0,14.81641
0,14.81848
0,14.82034
0,14.82241
0,14.82414
0,14.82593
0,14.82778
0,14.82962
0,14.83148
0,14.8333
0,14.8352
0,14.8369
0,14.83862
0,14.84057
0,14.84254
0,14.84428
0,14.8461
0,14.84794
0,14.84973
0,14.85168
0,14.85353
0,14.85549
0,14.85733
0,14.85913
0,14.86092
0,14.86293
0,14.86465
0,14.86644
0,14.86832
0,14.87029
0,14.87239
0,14.87443
0,14.87625
0,14.87813
0,14.87987
0,14.88185
0,14.88399
0,14.88595
0,14.88776
0,14.88955
0,14.89135
0,14.89309
0,14.89479
0,14.89654
0,14.89837
0,14.90019
0,14.90221
0,14.90398
0,14.90579
0,14.90755
0,14.90927
0,14.91103
0,14.91283
0,14.9149
0,14.9169
0,14.91893
0,14.9209
0,14.92311
0,14.92506
0,14.92713
0,14.9292
0,14.93122
0,14.93304
0,14.93488
0,14.93671
0,14.93849
0,14.94016
0,14.94209
0,14.94383
0,14.94567
0,14.94755
0,14.94936
0,14.95132
0,14.95305
0,14.95483
0,14.95673
0,14.95857
0,14.96049
0,14.9626
0,14.96459
0,14.96661
0,14.96859
0,14.97047
0,14.97249
0,14.97463
0,14.97666
0,14.97873
0,14.98073
0,14.98277
0,14.98461
0,14.98638
0,14.9883
0,14.99018
0,14.99225
0,14.99444
0,14.99658
0,14.99858
0,15.00046
0,15.00252
0,15.00449
0,15.00635
0,15.00835
0,15.01063
0,15.01284
0,15.01472
0,15.01649
0,15.01828
0,15.02011
0,15.02221
0,15.02408
0,15.02593
0,15.02774
0,15.02941
0,15.03107
0,15.0328
0,15.03456
0,15.03633
0,15.03808
0,15.03994
0,15.04181
0,15.04378
0,15.04547
0,15.04716
0,15.04898
0,15.05088
0,15.05272
0,15.0547
0,15.05668
0,15.05848
0,15.06023
0,15.0621
0,15.06378
0,15.06557
0,15.06731
0,15.06905
0,15.0708
0,15.07271
0,15.07467
0,15.07655
0,15.07841
0,15.08037
0,15.08264
0,15.0846
0,15.0866
0,15.08858
0,15.09042
0,15.09228
0,15.09401
0,15.09584
0,15.09777
0,15.09961
0,15.10161
0,15.10385
0,15.10583
0,15.10781
0,15.10972
0,15.11166
0,15.11353
0,15.11537
0,15.11721
0,15.11926
0,15.12139
0,15.12354
0,15.12539
0,15.12725
0,15.12911
0,15.13103
0,15.13291
0,15.13495
0,15.13684
0,15.13879
0,15.14086
0,15.14326
0,15.14539
0,15.14741
0,15.14933
0,15.15118
0,15.15289
0,15.15465
0,15.15643
0,15.15827
0,15.16021
0,15.17051
0,15.17282
0,15.17473
0,15.17667
0,15.17853
0,15.18073
0,15.18303
0,15.18526
0,15.18764
0,15.18971
0,15.19164
0,15.19344
0,15.19536
0,15.19743
0,15.19963
0,15.20156
0,15.20361
0,15.20547
0,15.20724
0,15.20899
0,15.21082
0,15.21262
0,15.21439
0,15.21623
0,15.21789
0,15.21964
0,15.22154
0,15.22357
0,15.22537
0,15.22719
0,15.22908
0,15.23122
0,15.23306
0,15.23498
0,15.23675
0,15.23859
0,15.24042
0,15.24254
0,15.2445
0,15.24634
0,15.24829
0,15.25011
0,15.25207
0,15.25386
0,15.25568
0,15.25752
0,15.25932
0,15.26117
0,15.26332
0,15.26532
0,15.2672
0,15.26902
0,15.27095
0,15.27279
0,15.27485
0,15.2768
0,15.27872
0,15.28106
0,15.28338
0,15.28536
0,15.28725
0,15.28926
0,15.29107
0,15.29278
0,15.29451
0,15.29656
0,15.29851
0,15.30031
0,15.30227
0,15.30404
0,15.30576
0,15.30751
0,15.30924
0,15.31102
0,15.31293
0,15.31474
0,15.3165
0,15.31828
0,15.32001
0,15.32199
0,15.32378
0,15.32556
0,15.3273
0,15.32901
0,15.33084
0,15.3326
0,15.33435
0,15.33609
0,15.33787
0,15.33961
0,15.34142
0,15.34342
0,15.34524
0,15.34712
0,15.34884
0,15.35058
0,15.35256
0,15.3546
0,15.35652
0,15.35858
0,15.36054
0,15.36271
0,15.36471
0,15.36676
0,15.3689
0,15.37091
0,15.37287
0,15.37496
0,15.37699
0,15.37884
0,15.38046
0,15.38255
0,15.38462
0,15.38657
0,15.38839
0,15.39009
0,15.39185
0,15.39364
0,15.39542
0,15.39716
0,15.39881
0,15.40071
0,15.40292
0,15.40501
0,15.40688
0,15.40876
0,15.41058
0,15.41227
0,15.41391
0,15.41562
0,15.41784
0,15.4198
0,15.42168
0,15.42361
0,15.42535
0,15.42707
0,15.42876
0,15.43047
0,15.43227
0,15.43433
0,15.43603
0,15.4378
0,15.43962
0,15.44143
0,15.4433
0,15.44499
0,15.44689
0,15.44879
0,15.4508
0,15.45284
0,15.45477
0,15.45671
0,15.45853
0,15.4603
0,15.46241
0,15.46436
0,15.46621
0,15.46813
0,15.46994
0,15.47174
0,15.47341
0,15.4753
0,15.47794
0,15.47999
0,15.48197
0,15.48414
0,15.48593
0,15.4878
0,15.48979
0,15.49177
0,15.49397
0,15.49644
0,15.49933
0,15.50175
0,15.50383
0,15.50561
0,15.50747
0,15.50936
0,15.51149
0,15.5135
0,15.5154
0,15.51733
0,15.51911
0,15.52094
0,15.52295
0,15.52481
0,15.52664
0,15.52842
0,15.53019
0,15.53195
0,15.53366
0,15.53532
0,15.53698
0,15.5388
0,15.54058
0,15.54259
0,15.54438
0,15.5461
0,15.54784
0,15.54954
0,15.55127
0,15.55323
0,15.55513
0,15.55692
0,15.55882
0,15.56075
0,15.5628
0,15.56463
0,15.56651
0,15.56842
0,15.57032
0,15.57212
0,15.57401
0,15.57586
0,15.5777
0,15.57955
0,15.58139
0,15.58351
0,15.5854
0,15.58724
0,15.58919
0,15.59111
0,15.59292
0,15.59468
0,15.59641
0,15.59831
0,15.60004
0,15.60214
0,15.60392
0,15.60569
0,15.60749
0,15.60923
0,15.61109
0,15.61292
0,15.61471
0,15.61649
0,15.6183
0,15.62003
0,15.62195
0,15.62366
0,15.62545
0,15.62731
0,15.62911
0,15.63089
0,15.63269
0,15.6344
0,15.63618
0,15.63806
0,15.64002
0,15.64217
0,15.64409
0,15.64594
0,15.64782
0,15.64957
0,15.65138
0,15.65308
0,15.65494
0,15.65681
0,15.65863
0,15.66036
0,15.66242
0,15.66419
0,15.66597
0,15.66768
0,15.66975
0,15.67191
0,15.67391
0,15.67602
0,15.67832
0,15.68038
0,15.68253
0,15.68447
0,15.68658
0,15.68853
0,15.69038
0,15.6922
0,15.69411
0,15.69593
0,15.69767
0,15.69933
0,15.70158
0,15.7037
0,15.70551
0,15.70747
0,15.70928
0,15.71107
0,15.71278
0,15.71453
0,15.71642
0,15.71836
0,15.72016
0,15.7222
0,15.72408
0,15.72589
0,15.72776
0,15.73034
0,15.73339
0,15.73532
0,15.7372
0,15.7394
0,15.74142
0,15.74356
0,15.74549
0,15.7475
0,15.74943
0,15.7513
0,15.75322
0,15.75506
0,15.7569
0,15.75871
0,15.76054
0,15.76266
0,15.76466
0,15.76652
0,15.7684
0,15.77029
0,15.7721
0,15.77383
0,15.77551
0,15.77786
0,15.7801
0,15.78242
0,15.78434
0,15.78618
0,15.78798
0,15.78981
0,15.79166
0,15.79361
0,15.79564
0,15.79768
0,15.79967
0,15.8015
0,15.80349
0,15.80522
0,15.80688
0,15.80864
0,15.81062
0,15.81269
0,15.81468
0,15.8166
0,15.81843
0,15.82016
0,15.82201
0,15.82371
0,15.82557
0,15.82737
0,15.82913
0,15.83102
0,15.8328
0,15.83462
0,15.83627
0,15.83796
0,15.83976
0,15.8417
0,15.84366
0,15.84554
0,15.84735
0,15.84981
0,15.85157
0,15.85339
0,15.85528
0,15.85728
0,15.85938
0,15.8613
0,15.86325
0,15.86501
0,15.86668
0,15.86843
0,15.87035
0,15.87221
0,15.874
0,15.87581
0,15.87764
0,15.87954
0,15.88136
0,15.88337
0,15.88524
0,15.88734
0,15.88951
0,15.8916
0,15.89354
0,15.89529
0,15.89701
0,15.89867
0,15.90039
0,15.90245
0,15.90426
0,15.90603
0,15.90784
0,15.9096
0,15.91129
0,15.91302
0,15.91478
0,15.91659
0,15.91864
0,15.92062
0,15.92278
0,15.92465
0,15.92637
0,15.92808
0,15.92985
0,15.93172
0,15.93358
0,15.93551
0,15.93756
0,15.93952
0,15.94138
0,15.94362
0,15.94555
0,15.94743
0,15.94959
0,15.95171
0,15.95372
0,15.95557
0,15.95743
0,15.95924
0,15.96114
0,15.96318
0,15.96502
0,15.96693
0,15.96868
0,15.9704
0,15.97208
0,15.97377
0,15.97565
0,15.97747
0,15.97923
0,15.98147
0,15.98392
0,15.98605
0,15.98813
0,15.98997
0,15.99181
0,15.99367
0,15.99549
0,15.99753
0,15.99971
0,16.00186
0,16.00418
0,16.00644
0,16.0084
0,16.01031
0,16.01217
0,16.01419
0,16.01621
0,16.01816
0,16.02002
0,16.02215
0,16.02407
0,16.0259
0,16.02776
0,16.02972
0,16.03155
0,16.03331
0,16.03498
0,16.03679
0,16.03865
0,16.04066
0,16.04262
0,16.04454
0,16.04632
0,16.04805
0,16.04983
0,16.05168
0,16.05345
0,16.05523
0,16.05696
0,16.05878
0,16.06067
0,16.06271
0,16.06449
0,16.06627
0,16.06815
0,16.07002
0,16.07189
0,16.07394
0,16.07592
0,16.07766
0,16.07932
0,16.08107
0,16.08326
0,16.08521
0,16.08714
0,16.08892
0,16.09078
0,16.09253
0,16.09432
0,16.09612
0,16.09801
0,16.09983
0,16.10166
0,16.10365
0,16.1055
0,16.10723
0,16.10893
0,16.11078
0,16.11265
0,16.11445
0,16.11626
0,16.11809
0,16.11995
0,16.12171
0,16.1237
0,16.12541
0,16.1272
0,16.12889
0,16.13068
0,16.13241
0,16.13423
0,16.13593
0,16.13811
0,16.14088
0,16.14321
0,16.14516
0,16.14721
0,16.14939
0,16.15149
0,16.15342
0,16.15523
0,16.15721
0,16.15905
0,16.16097
0,16.16292
0,16.16463
0,16.16631
0,16.168
0,16.16977
0,16.17164
0,16.17369
0,16.1755
0,16.17729
0,16.1791
0,16.18084
0,16.1826
0,16.18543
0,16.18807
0,16.19034
0,16.19253
0,16.19457
0,16.19642
0,16.19841
0,16.20023
0,16.20215
0,16.20398
0,16.20569
0,16.20744
0,16.20918
0,16.21094
0,16.21262
0,16.21437
0,16.21626
0,16.21827
0,16.22015
0,16.22218
0,16.22403
0,16.22584
0,16.22759
0,16.22951
0,16.23127
0,16.23299
0,16.23477
0,16.2365
0,16.23823
0,16.23997
0,16.24168
0,16.24347
0,16.24552
0,16.24791
0,16.25002
0,16.25184
0,16.25365
0,16.25537
0,16.25713
0,16.2588
0,16.26059
0,16.27015
0,16.27244
0,16.27432
0,16.27651
0,16.27861
0,16.28071
0,16.28278
0,16.28486
0,16.28683
0,16.28864
0,16.29036
0,16.29229
0,16.29428
0,16.296
0,16.29769
0,16.2994
0,16.30113
0,16.30299
0,16.3046
0,16.30627
0,16.30812
0,16.30989
0,16.31161
0,16.31333
0,16.31508
0,16.31683
0,16.31849
0,16.32015
0,16.32202
0,16.32386
0,16.32561
0,16.32736
0,16.32914
0,16.33144
0,16.33307
0,16.33472
0,16.33639
0,16.33829
0,16.34007
0,16.34195
0,16.34368
0,16.34536
0,16.34705
0,16.34868
0,16.35033
0,16.35207
0,16.35379
0,16.35558
0,16.3574
0,16.3592
0,16.36097
0,16.36279
0,16.36443
0,16.36615
0,16.36787
0,16.36957
0,16.37148
0,16.37472
0,16.37638
0,16.37798
0,16.37965
0,16.38136
0,16.38319
0,16.38521
0,16.38771
0,16.38946
0,16.39119
0,16.39323
0,16.39612
0,16.39953
0,16.40155
0,16.40362
0,16.40541
0,16.40718
0,16.40892
0,16.41069
0,16.41247
0,16.41422
0,16.41599
0,16.41775
0,16.41939
0,16.42106
0,16.42295
0,16.42468
0,16.42637
0,16.42807
0,16.42976
0,16.4316
0,16.43339
0,16.43511
0,16.43688
0,16.43866
0,16.44047
0,16.44243
0,16.44427
0,16.44597
0,16.44771
0,16.44938
0,16.45106
0,16.45276
0,16.45447
0,16.45624
0,16.45797
0,16.45975
0,16.4614
0,16.46334
0,16.46498
0,16.46677
0,16.46841
0,16.47011
0,16.4719
0,16.47364
0,16.4753
0,16.47702
0,16.47877
0,16.48057
0,16.48256
0,16.4844
0,16.48627
0,16.48824
0,16.49001
0,16.4917
0,16.49347
0,16.49552
0,16.49764
0,16.49955
0,16.50145
0,16.50357
0,16.50533
0,16.50704
0,16.50871
0,16.51101
0,16.51356
0,16.51623
0,16.51824
0,16.52009
0,16.52207
0,16.52394
0,16.52598
0,16.52801
0,16.53012
0,16.53203
0,16.53388
0,16.53567
0,16.53749
0,16.53923
0,16.54112
0,16.54323
0,16.54501
0,16.54686
0,16.54859
0,16.55041
0,16.5521
0,16.55374
0,16.55534
0,16.55706
0,16.55879
0,16.56048
0,16.56238
0,16.56416
0,16.56583
0,16.56754
0,16.56917
0,16.57103
0,16.57291
0,16.57474
0,16.57656
0,16.57876
0,16.58143
0,16.58464
0,16.58708
0,16.58931
0,16.59128
0,16.59307
0,16.59495
0,16.59668
0,16.59838
0,16.60021
0,16.60222
0,16.604
0,16.60577
0,16.60754
0,16.6096
0,16.61285
0,16.61586
0,16.61778
0,16.6196
0,16.6214
0,16.62346
0,16.62526
0,16.62708
0,16.62894
0,16.63145
0,16.63336
0,16.6352
0,16.63707
0,16.63884
0,16.64072
0,16.64268
0,16.64438
0,16.64614
0,16.64821
0,16.65029
0,16.65212
0,16.65392
0,16.6557
0,16.65744
0,16.65903
0,16.66069
0,16.66254
0,16.66429
0,16.66595
0,16.66769
0,16.66936
0,16.67106
0,16.67294
0,16.67484
0,16.67674
0,16.67882
0,16.68096
0,16.68303
0,16.6848
0,16.68686
0,16.68857
0,16.6903
0,16.69191
0,16.69366
0,16.69585
0,16.69762
0,16.69938
0,16.70106
0,16.70289
0,16.70459
0,16.70622
0,16.70789
0,16.70964
0,16.7114
0,16.71324
0,16.71495
0,16.71658
0,16.71824
0,16.71988
0,16.72159
0,16.72361
0,16.72542
0,16.72733
0,16.72923
0,16.73219
0,16.73407
0,16.73583
0,16.73756
0,16.7393
0,16.7411
0,16.74305
0,16.74476
0,16.74649
0,16.74817
0,16.74987
0,16.75161
0,16.75339
0,16.75527
0,16.75712
0,16.75893
0,16.76078
0,16.76267
0,16.76441
0,16.76609
0,16.76775
0,16.76939
0,16.7711
0,16.77276
0,16.77449
0,16.77622
0,16.77787
0,16.77956
0,16.78134
0,16.78331
0,16.78502
0,16.788
0,16.79017
0,16.79211
0,16.79387
0,16.79565
0,16.79741
0,16.79917
0,16.80116
0,16.80327
0,16.80519
0,16.80701
0,16.80866
0,16.81042
0,16.81212
0,16.81388
0,16.81569
0,16.81771
0,16.81974
0,16.8216
0,16.82343
0,16.82502
0,16.8267
0,16.82838
0,16.83009
0,16.83182
0,16.83352
0,16.83519
0,16.83686
0,16.83845
0,16.8401
0,16.84199
0,16.84378
0,16.84562
0,16.84751
0,16.84924
0,16.85094
0,16.85263
0,16.85427
0,16.85602
0,16.85785
0,16.85957
0,16.86133
0,16.86336
0,16.86502
0,16.86676
0,16.86835
0,16.8701
0,16.8718
0,16.87353
0,16.87514
0,16.87691
0,16.87877
0,16.88047
0,16.88235
0,16.88404
0,16.88572
0,16.88757
0,16.88959
0,16.89153
0,16.89336
0,16.89517
0,16.89705
0,16.89884
0,16.90073
0,16.90267
0,16.90439
0,16.9062
0,16.90799
0,16.90979
0,16.91148
0,16.91324
0,16.91498
0,16.91674
0,16.91841
0,16.92009
0,16.92211
0,16.92378
0,16.92549
0,16.9271
0,16.92873
0,16.93043
0,16.93208
0,16.93417
0,16.9358
0,16.93745
0,16.939
0,16.94069
0,16.9429
0,16.94492
0,16.94681
0,16.94854
0,16.95039
0,16.95224
0,16.95405
0,16.95591
0,16.95774
0,16.9597
0,16.96148
0,16.96346
0,16.96522
0,16.96704
0,16.96872
0,16.97043
0,16.97231
0,16.97416
0,16.97589
0,16.97771
0,16.97951
0,16.98128
0,16.98323
0,16.98483
0,16.9865
0,16.98827
0,16.99039
0,16.99228
0,16.99419
0,16.99595
0,16.99773
0,16.99942
0,17.00113
0,17.00325
0,17.00525
0,17.00742
0,17.00939
0,17.01132
0,17.01313
0,17.01479
0,17.01642
0,17.01808
0,17.01988
0,17.02175
0,17.02388
0,17.02573
0,17.02752
0,17.02923
0,17.03088
0,17.03258
0,17.03443
0,17.03628
0,17.03792
0,17.03967
0,17.04136
0,17.04332
0,17.04494
0,17.04656
0,17.04826
0,17.05002
0,17.05172
0,17.05337
0,17.05497
0,17.05678
0,17.05847
0,17.06006
0,17.06179
0,17.0635
0,17.06527
0,17.06697
0,17.06861
0,17.07037
0,17.07207
0,17.07372
0,17.07532
0,17.077
0,17.07863
0,17.08034
0,17.08222
0,17.08406
0,17.08573
0,17.08736
0,17.08911
0,17.09095
0,17.09272
0,17.09448
0,17.09615
0,17.09794
0,17.09976
0,17.10147
0,17.10334
0,17.10495
0,17.1069
0,17.10862
0,17.11028
0,17.11197
0,17.114
0,17.11592
0,17.11775
0,17.11972
0,17.12178
0,17.12365
0,17.12541
0,17.12716
0,17.12919
0,17.13101
0,17.13273
0,17.13441
0,17.13665
0,17.13837
0,17.14041
0,17.14287
0,17.14462
0,17.14652
0,17.14857
0,17.15105
0,17.1528
0,17.15446
0,17.15654
0,17.15835
0,17.16008
0,17.1621
0,17.16413
0,17.16578
0,17.16738
0,17.169
0,17.17113
0,17.17299
0,17.17468
0,17.17641
0,17.17824
0,17.18029
0,17.18237
0,17.18455
0,17.18649
0,17.18823
0,17.19029
0,17.19225
0,17.1944
0,17.19648
0,17.19891
0,17.20124
0,17.20328
0,17.20499
0,17.20723
0,17.20898
0,17.21081
0,17.21259
0,17.21466
0,17.21644
0,17.2181
0,17.21995
0,17.22218
0,17.22436
0,17.22646
0,17.2288
0,17.23057
0,17.23227
0,17.23409
0,17.23624
0,17.23811
0,17.23998
0,17.24223
0,17.24413
0,17.24577
0,17.24752
0,17.24973
0,17.25154
0,17.2533
0,17.25511
0,17.25772
0,17.25965
0,17.26143
0,17.26384
0,17.26567
0,17.2674
0,17.26917
0,17.28148
0,17.28566
0,17.28756
0,17.28935
0,17.29204
0,17.29406
0,17.29578
0,17.29745
0,17.29954
0,17.30139
0,17.3032
0,17.3047
0,17.30659
0,17.30889
0,17.3113
0,17.31409
0,17.31585
0,17.31749
0,17.31906
0,17.32257
0,17.32529
0,17.32743
0,17.32914
0,17.33094
0,17.33276
0,17.33496
0,17.33666
0,17.3383
0,17.34006
0,17.34295
0,17.34477
0,17.34686
0,17.34927
0,17.35092
0,17.35256
0,17.35424
0,17.36453
0,17.36714
0,17.36899
0,17.37104
0,17.37271
0,17.37435
0,17.37596
0,17.37807
0,17.37965
0,17.38117
0,17.38397
0,17.38591
0,17.38756
0,17.38936
0,17.39174
0,17.39356
0,17.39513
0,17.39684
0,17.39922
0,17.40111
0,17.40292
0,17.40491
0,17.40656
0,17.40816
0,17.40975
0,17.41133
0,17.41339
0,17.41498
0,17.41662
0,17.41847
0,17.42074
0,17.42265
0,17.42424
0,17.42636
0,17.42811
0,17.42986
0,17.43156
0,17.43417
0,17.43587
0,17.43741
0,17.43924
0,17.4416
0,17.44366
0,17.44536
0,17.44759
0,17.4495
0,17.45118
0,17.45273
0,17.45474
0,17.45657
0,17.45831
0,17.46017
0,17.4625
0,17.46426
0,17.46596
0,17.4677
0,17.47022
0,17.47211
0,17.47383
0,17.47597
0,17.47772
0,17.47948
0,17.48116
0,17.48328
0,17.48495
0,17.48673
0,17.48838
0,17.49052
0,17.49246
0,17.4943
0,17.49603
0,17.49838
0,17.50025
0,17.50235
0,17.50456
0,17.50647
0,17.50826
0,17.51001
0,17.51226
0,17.51421
0,17.51622
0,17.51879
0,17.52057
0,17.52246
0,17.52414
0,17.52622
0,17.52775
0,17.52933
0,17.53125
0,17.53411
0,17.53661
0,17.53856
0,17.54076
0,17.54263
0,17.5442
0,17.54601
0,17.54818
0,17.54997
0,17.55176
0,17.55407
0,17.55588
0,17.55756
0,17.55932
0,17.56171
0,17.56373
0,17.56545
0,17.56719
0,17.56932
0,17.57108
0,17.57278
0,17.57481
0,17.57714
0,17.57891
0,17.5806
0,17.58295
0,17.58466
0,17.5863
0,17.588
0,17.59003
0,17.59179
0,17.59372
0,17.59549
0,17.59764
0,17.59929
0,17.60089
0,17.60269
0,17.60475
0,17.60656
0,17.60826
0,17.60997
0,17.61168
0,17.61339
0,17.61499
0,17.61658
0,17.61819
0,17.61986
0,17.6215
0,17.62365
0,17.62579
0,17.62752
0,17.62916
0,17.63079
0,17.63298
0,17.63474
0,17.63658
0,17.63876
0,17.64144
0,17.644
0,17.64641
0,17.64808
0,17.64984
0,17.65153
0,17.65378
0,17.65553
0,17.65727
0,17.65893
0,17.66093
0,17.66271
0,17.66434
0,17.66609
0,17.66862
0,17.67094
0,17.67291
0,17.6754
0,17.67727
0,17.67901
0,17.68071
0,17.68302
0,17.68471
0,17.68651
0,17.68815
0,17.68982
0,17.69143
0,17.69303
0,17.69466
0,17.69694
0,17.6986
0,17.70061
0,17.70292
0,17.70477
0,17.70643
0,17.70807
0,17.70973
0,17.71137
0,17.71309
0,17.71475
0,17.71672
0,17.71847
0,17.72023
0,17.72213
0,17.72383
0,17.72551
0,17.72725
0,17.72898
0,17.73269
0,17.73465
0,17.73645
0,17.73816
0,17.73987
0,17.74147
0,17.74334
0,17.74582
0,17.74834
0,17.75004
0,17.75178
0,17.75346
0,17.75498
0,17.75651
0,17.75835
0,17.76153
0,17.76355
0,17.76528
0,17.76693
0,17.76848
0,17.76998
0,17.77147
0,17.77315
0,17.77482
0,17.77667
0,17.77883
0,17.78142
0,17.78325
0,17.78476
0,17.78633
0,17.78872
0,17.79188
0,17.79418
0,17.79637
0,17.7983
0,17.80043
0,17.80306
0,17.80492
0,17.80683
0,17.80877
0,17.81064
0,17.81231
0,17.81389
0,17.81543
0,17.81747
0,17.8193
0,17.82119
0,17.82324
0,17.82517
0,17.82693
0,17.82855
0,17.83019
0,17.83217
0,17.83386
0,17.83556
0,17.83752
0,17.83919
0,17.84081
0,17.84257
0,17.8441
0,17.84598
0,17.84755
0,17.84924
0,17.85092
0,17.85266
0,17.85424
0,17.85585
0,17.85757
0,17.85915
0,17.86068
0,17.86243
0,17.86399
0,17.86567
0,17.86732
0,17.8691
0,17.87085
0,17.87264
0,17.87427
0,17.87597
0,17.87771
0,17.8795
0,17.88123
0,17.8832
0,17.88492
0,17.88669
0,17.88877
0,17.8905
0,17.89221
0,17.89395
0,17.89576
0,17.89755
0,17.89963
0,17.90201
0,17.90418
0,17.90592
0,17.90762
0,17.90934
0,17.91099
0,17.91269
0,17.91448
0,17.9166
0,17.9182
0,17.91975
0,17.92165
0,17.92371
0,17.92545
0,17.92726
0,17.92896
0,17.93072
0,17.93235
0,17.93394
0,17.93555
0,17.93724
0,17.93897
0,17.94059
0,17.9424
0,17.94403
0,17.94631
0,17.94819
0,17.94995
0,17.95173
0,17.95344
0,17.95511
0,17.95692
0,17.95862
0,17.96046
0,17.96244
0,17.96427
0,17.96602
0,17.96759
0,17.96931
0,17.97093
0,17.97263
0,17.97418
0,17.97595
0,17.97769
0,17.97943
0,17.98108
0,17.98282
0,17.98442
0,17.98636
0,17.98836
0,17.99002
0,17.99177
0,17.99351
0,17.99518
0,17.99698
0,17.99874
0,18.00058
0,18.00257
0,18.0043
0,18.00599
0,18.00772
0,18.0095
0,18.01128
0,18.01308
0,18.01487
0,18.01669
0,18.01832
0,18.01995
0,18.02153
0,18.02343
0,18.02526
0,18.02714
0,18.02888
0,18.0306
0,18.03224
0,18.03387
0,18.03554
0,18.0372
0,18.03883
0,18.04062
0,18.04251
0,18.04416
0,18.04584
0,18.04747
0,18.04913
0,18.05075
0,18.05247
0,18.05403
0,18.0557
0,18.05725
0,18.05882
0,18.06044
0,18.06228
0,18.06387
0,18.06549
0,18.06709
0,18.06874
0,18.07027
0,18.07193
0,18.07357
0,18.07526
0,18.07689
0,18.07853
0,18.08019
0,18.08197
0,18.08364
0,18.08525
0,18.08684
0,18.0885
0,18.09018
0,18.0918
0,18.09339
0,18.09499
0,18.09683
0,18.09851
0,18.10015
0,18.10199
0,18.10378
0,18.10554
0,18.10722
0,18.10888
0,18.11061
0,18.11229
0,18.11388
0,18.11547
0,18.11709
0,18.11879
0,18.12053
0,18.12239
0,18.12409
0,18.12574
0,18.12735
0,18.1289
0,18.13045
0,18.13206
0,18.13366
0,18.13551
0,18.13731
0,18.13927
0,18.14099
0,18.1429
0,18.14445
0,18.14601
0,18.14762
0,18.14925
0,18.15082
0,18.15267
0,18.15479
0,18.15668
0,18.15837
0,18.15997
0,18.16152
0,18.16327
0,18.16493
0,18.16661
0,18.16849
0,18.1702
0,18.17192
0,18.17354
0,18.17509
0,18.17725
0,18.179
0,18.18072
0,18.18256
0,18.18455
0,18.18651
0,18.18825
0,18.19007
0,18.19179
0,18.19344
0,18.19502
0,18.19688
0,18.19881
0,18.20111
0,18.20349
0,18.20554
0,18.20722
0,18.20905
0,18.21086
0,18.21262
0,18.21461
0,18.21652
0,18.21837
0,18.22016
0,18.22212
0,18.22394
0,18.22595
0,18.23402
0,18.23866
0,18.24149
0,18.24397
0,18.24619
0,18.2482
0,18.25017
0,18.25213
0,18.25386
0,18.25585
0,18.25772
0,18.25968
0,18.26172
0,18.26377
0,18.26554
0,18.26727
0,18.2689
0,18.27049
0,18.27211
0,18.2737
0,18.27534
0,18.27701
0,18.27859
0,18.28009
0,18.28173
0,18.28327
0,18.28485
0,18.28647
0,18.28806
0,18.2897
0,18.29163
0,18.29349
0,18.29521
0,18.29699
0,18.29882
0,18.30065
0,18.30288
0,18.30456
0,18.30624
0,18.30808
0,18.30987
0,18.31147
0,18.31301
0,18.31461
0,18.31622
0,18.31777
0,18.31935
0,18.32109
0,18.32301
0,18.32476
0,18.32627
0,18.32778
0,18.32941
0,18.33113
0,18.3328
0,18.33441
0,18.33614
0,18.33773
0,18.33971
0,18.34138
0,18.34335
0,18.34509
0,18.34695
0,18.34866
0,18.35032
0,18.35202
0,18.35369
0,18.35562
0,18.35734
0,18.35903
0,18.36077
0,18.36267
0,18.36427
0,18.36594
0,18.36759
0,18.36957
0,18.37131
0,18.37297
0,18.37473
0,18.37652
0,18.37821
0,18.37989
0,18.38151
0,18.38336
0,18.38502
0,18.38672
0,18.38836
0,18.39006
0,18.39176
0,18.39339
0,18.39503
0,18.39672
0,18.3985