Ans,timenow,HMD_rotation_x,HMD_rotation_y,HMD_rotation_z,balldeg,ball_position_x,ball_position_y,ball_position_z
0,0.02922273,0,0,0,270,0,0,0
0,0.0436306,0,0,0,270,0,0,0
0,0.6375666,0,0,0,270,0,0,0
0,0.6597633,0,0,0,270,0,0,0
0,0.6798577,0,0,0,270,0,0,0
0,0.6875768,0,0,0,270,0,0,0
0,0.6955061,0,0,0,270,0,0,0
0,0.7030892,0,0,0,270,0,0,0
0,0.7096424,0,0,0,270,0,0,0
0,0.716217,0,0,0,270,0,0,0
0,0.7236729,0,0,0,270,0,0,0
0,0.7310019,0,0,0,270,0,0,0
0,0.7387948,0,0,0,270,0,0,0
0,0.7461667,0,0,0,270,0,0,0
0,0.7536464,0,0,0,270,0,0,0
0,0.7607141,0,0,0,270,0,0,0
0,0.767478,0,0,0,270,0,0,0
0,0.7749634,0,0,0,270,0,0,0
0,0.7834439,0,0,0,270,0,0,0
0,0.7926044,0,0,0,270,0,0,0
0,0.8017087,0,0,0,270,0,0,0
0,0.8119998,0,0,0,270,0,0,0
0,0.8229694,0,0,0,270,0,0,0
0,0.831409,0,0,0,270,0,0,0
0,0.8403897,0,0,0,270,0,0,0
0,0.849196,0,0,0,270,0,0,0
0,0.8573995,0,0,0,270,0,0,0
0,0.865725,0,0,0,270,0,0,0
0,0.8741469,0,0,0,270,0,0,0
0,0.88412,0,0,0,270,0,0,0
0,0.893518,0,0,0,270,0,0,0
0,0.901463,0,0,0,270,0,0,0
0,0.9094362,0,0,0,270,0,0,0
0,0.916451,0,0,0,270,0,0,0
0,0.9246793,0,0,0,270,0,0,0
0,0.9320879,0,0,0,270,0,0,0
0,0.938798,0,0,0,270,0,0,0
0,0.9463468,0,0,0,270,0,0,0
0,0.9544935,0,0,0,270,0,0,0
0,0.9631844,0,0,0,270,0,0,0
0,0.9701972,0,0,0,270,0,0,0
0,0.978682,0,0,0,270,0,0,0
0,0.9860616,0,0,0,270,0,0,0
0,0.9952626,0,0,0,270,0,0,0
0,1.002907,0,0,0,270,0,0,0
0,1.011314,0,0,0,270,0,0,0
0,1.018313,0,0,0,270,0,0,0
0,1.026863,0,0,0,270,0,0,0
0,1.035686,0,0,0,270,0,0,0
0,1.044215,0,0,0,270,0,0,0
0,1.051452,0,0,0,270,0,0,0
0,1.060097,0,0,0,270,0,0,0
0,1.069107,0,0,0,270,0,0,0
0,1.077353,0,0,0,270,0,0,0
0,1.084979,0,0,0,270,0,0,0
0,1.092978,0,0,0,270,0,0,0
0,1.099993,0,0,0,270,0,0,0
0,1.107577,0,0,0,270,0,0,0
0,1.114987,0,0,0,270,0,0,0
0,1.123356,0,0,0,270,0,0,0
0,1.132683,0,0,0,270,0,0,0
0,1.141026,0,0,0,270,0,0,0
0,1.148749,0,0,0,270,0,0,0
0,1.157304,0,0,0,270,0,0,0
0,1.166316,0,0,0,270,0,0,0
0,1.175607,0,0,0,270,0,0,0
0,1.18371,0,0,0,270,0,0,0
0,1.191236,0,0,0,270,0,0,0
0,1.199769,0,0,0,270,0,0,0
0,1.207176,0,0,0,270,0,0,0
0,1.215499,0,0,0,270,0,0,0
0,1.222836,0,0,0,270,0,0,0
0,1.229875,0,0,0,270,0,0,0
0,1.236963,0,0,0,270,0,0,0
0,1.252122,0,0,0,270,0,0,0
0,1.265048,0,0,0,270,0,0,0
0,1.271423,0,0,0,270,0,0,0
0,1.279551,0,0,0,270,0,0,0
0,1.288299,0,0,0,270,0,0,0
0,1.296947,0,0,0,270,0,0,0
0,1.30605,0,0,0,270,0,0,0
0,1.314824,0,0,0,270,0,0,0
0,1.323129,0,0,0,270,0,0,0
0,1.331409,0,0,0,270,0,0,0
0,1.341156,0,0,0,270,0,0,0
0,1.34915,0,0,0,270,0,0,0
0,1.355997,0,0,0,270,0,0,0
0,1.365332,0,0,0,270,0,0,0
0,1.373174,0,0,0,270,0,0,0
0,1.382838,0,0,0,270,0,0,0
0,1.390682,0,0,0,270,0,0,0
0,1.398278,0,0,0,270,0,0,0
0,1.405737,0,0,0,270,0,0,0
0,1.414083,0,0,0,270,0,0,0
0,1.421193,0,0,0,270,0,0,0
0,1.428226,0,0,0,270,0,0,0
0,1.436332,0,0,0,270,0,0,0
0,1.444774,0,0,0,270,0,0,0
0,1.452016,0,0,0,270,0,0,0
0,1.459541,0,0,0,270,0,0,0
0,1.468089,0,0,0,270,0,0,0
0,1.477095,0,0,0,270,0,0,0
0,1.485199,0,0,0,270,0,0,0
0,1.494408,0,0,0,270,0,0,0
0,1.501814,0,0,0,270,0,0,0
0,1.509693,0,0,0,270,0,0,0
0,1.516157,0,0,0,270,0,0,0
0,1.523205,0,0,0,270,0,0,0
0,1.530499,0,0,0,270,0,0,0
0,1.537993,0,0,0,270,0,0,0
0,1.545737,0,0,0,270,0,0,0
0,1.552495,0,0,0,270,0,0,0
0,1.560039,0,0,0,270,0,0,0
0,1.566774,0,0,0,270,0,0,0
0,1.573294,0,0,0,270,0,0,0
0,1.5808,0,0,0,270,0,0,0
0,1.588535,0,0,0,270,0,0,0
0,1.596428,0,0,0,270,0,0,0
0,1.604534,0,0,0,270,0,0,0
0,1.612294,0,0,0,270,0,0,0
0,1.620044,0,0,0,270,0,0,0
0,1.626947,0,0,0,270,0,0,0
0,1.634633,0,0,0,270,0,0,0
0,1.640864,0,0,0,270,0,0,0
0,1.647941,0,0,0,270,0,0,0
0,1.655407,0,0,0,270,0,0,0
0,1.66305,0,0,0,270,0,0,0
0,1.669998,0,0,0,270,0,0,0
0,1.677468,0,0,0,270,0,0,0
0,1.685397,0,0,0,270,0,0,0
0,1.694039,0,0,0,270,0,0,0
0,1.701738,0,0,0,270,0,0,0
0,1.709378,0,0,0,270,0,0,0
0,1.716407,0,0,0,270,0,0,0
0,1.722943,0,0,0,270,0,0,0
0,1.729539,0,0,0,270,0,0,0
0,1.736765,0,0,0,270,0,0,0
0,1.745569,0,0,0,270,0,0,0
0,1.752616,0,0,0,270,0,0,0
0,1.75941,0,0,0,270,0,0,0
0,1.76612,0,0,0,270,0,0,0
0,1.773099,0,0,0,270,0,0,0
0,1.779972,0,0,0,270,0,0,0
0,1.785914,0,0,0,270,0,0,0
0,1.792633,0,0,0,270,0,0,0
0,1.799886,0,0,0,270,0,0,0
0,1.807743,0,0,0,270,0,0,0
0,1.814914,0,0,0,270,0,0,0
0,1.822561,0,0,0,270,0,0,0
0,1.829738,0,0,0,270,0,0,0
0,1.837293,0,0,0,270,0,0,0
0,1.843977,0,0,0,270,0,0,0
0,1.851365,0,0,0,270,0,0,0
0,1.857778,0,0,0,270,0,0,0
0,1.864859,0,0,0,270,0,0,0
0,1.872195,0,0,0,270,0,0,0
0,1.880739,0,0,0,270,0,0,0
0,1.888106,0,0,0,270,0,0,0
0,1.899286,0,0,0,270,0,0,0
0,1.907501,0,0,0,270,0,0,0
0,1.916911,0,0,0,270,0,0,0
0,1.925296,0,0,0,270,0,0,0
0,1.933994,0,0,0,270,0,0,0
0,1.940767,0,0,0,270,0,0,0
0,1.948677,0,0,0,270,0,0,0
0,1.955349,0,0,0,270,0,0,0
0,1.963103,0,0,0,270,0,0,0
0,1.970896,0,0,0,270,0,0,0
0,1.978605,0,0,0,270,0,0,0
0,1.985658,0,0,0,270,0,0,0
0,1.994531,0,0,0,270,0,0,0
0,2.001599,0,0,0,270,0,0,0
0,2.008332,0,0,0,270,0,0,0
0,2.016085,0,0,0,270,0,0,0
0,2.024186,0,0,0,270,0,0,0
0,2.031252,0,0,0,270,0,0,0
0,2.037954,0,0,0,270,0,0,0
0,2.045129,0,0,0,270,0,0,0
0,2.052767,0,0,0,270,0,0,0
0,2.060225,0,0,0,270,0,0,0
0,2.067725,0,0,0,270,0,0,0
0,2.074812,0,0,0,270,0,0,0
0,2.082623,0,0,0,270,0,0,0
0,2.089926,0,0,0,270,0,0,0
0,2.097175,0,0,0,270,0,0,0
0,2.104675,0,0,0,270,0,0,0
0,2.111729,0,0,0,270,0,0,0
0,2.1187,0,0,0,270,0,0,0
0,2.125623,0,0,0,270,0,0,0
0,2.132935,0,0,0,270,0,0,0
0,2.139785,0,0,0,270,0,0,0
0,2.14866,0,0,0,270,0,0,0
0,2.156188,0,0,0,270,0,0,0
0,2.163651,0,0,0,270,0,0,0
0,2.171975,0,0,0,270,0,0,0
0,2.180535,0,0,0,270,0,0,0
0,2.188898,0,0,0,270,0,0,0
0,2.195986,0,0,0,270,0,0,0
0,2.203402,0,0,0,270,0,0,0
0,2.21044,0,0,0,270,0,0,0
0,2.217264,0,0,0,270,0,0,0
0,2.224694,0,0,0,270,0,0,0
0,2.231434,0,0,0,270,0,0,0
0,2.237945,0,0,0,270,0,0,0
0,2.245667,0,0,0,270,0,0,0
0,2.25405,0,0,0,270,0,0,0
0,2.261379,0,0,0,270,0,0,0
0,2.268738,0,0,0,270,0,0,0
0,2.276517,0,0,0,270,0,0,0
0,2.284251,0,0,0,270,0,0,0
0,2.291083,0,0,0,270,0,0,0
0,2.297929,0,0,0,270,0,0,0
0,2.305447,0,0,0,270,0,0,0
0,2.313125,0,0,0,270,0,0,0
0,2.321084,0,0,0,270,0,0,0
0,2.327754,0,0,0,270,0,0,0
0,2.335248,0,0,0,270,0,0,0
0,2.343022,0,0,0,270,0,0,0
0,2.350702,0,0,0,270,0,0,0
0,2.358286,0,0,0,270,0,0,0
0,2.365578,0,0,0,270,0,0,0
0,2.371995,0,0,0,270,0,0,0
0,2.378873,0,0,0,270,0,0,0
0,2.385561,0,0,0,270,0,0,0
0,2.392046,0,0,0,270,0,0,0
0,2.399386,0,0,0,270,0,0,0
0,2.405968,0,0,0,270,0,0,0
0,2.413145,0,0,0,270,0,0,0
0,2.420161,0,0,0,270,0,0,0
0,2.42676,0,0,0,270,0,0,0
0,2.436022,0,0,0,270,0,0,0
0,2.44335,0,0,0,270,0,0,0
0,2.450715,0,0,0,270,0,0,0
0,2.458299,0,0,0,270,0,0,0
0,2.46671,0,0,0,270,0,0,0
0,2.475151,0,0,0,270,0,0,0
0,2.483342,0,0,0,270,0,0,0
0,2.49214,0,0,0,270,0,0,0
0,2.501627,0,0,0,270,0,0,0
0,2.511037,0,0,0,270,0,0,0
0,2.518919,0,0,0,270,0,0,0
0,2.52694,0,0,0,270,0,0,0
0,2.534614,0,0,0,270,0,0,0
0,2.543765,0,0,0,270,0,0,0
0,2.552698,0,0,0,270,0,0,0
0,2.561688,0,0,0,270,0,0,0
0,2.571293,0,0,0,270,0,0,0
0,2.580341,0,0,0,270,0,0,0
0,2.589672,0,0,0,270,0,0,0
0,2.610647,0,0,0,270,0,0,0
0,2.620652,0,0,0,270,0,0,0
0,2.628562,0,0,0,270,0,0,0
0,2.639312,0,0,0,270,0,0,0
0,2.648396,0,0,0,270,0,0,0
0,2.657763,0,0,0,270,0,0,0
0,2.666988,0,0,0,270,0,0,0
0,2.67623,0,0,0,270,0,0,0
0,2.687675,0,0,0,270,0,0,0
0,2.698472,0,0,0,270,0,0,0
0,2.708989,0,0,0,270,0,0,0
0,2.718218,0,0,0,270,0,0,0
0,2.727117,0,0,0,270,0,0,0
0,2.73536,0,0,0,270,0,0,0
0,2.745725,0,0,0,270,0,0,0
0,2.757828,0,0,0,270,0,0,0
0,2.769095,0,0,0,270,0,0,0
0,2.780472,0,0,0,270,0,0,0
0,2.816604,0,0,0,270,0,0,0
0,2.830689,0,0,0,270,0,0,0
0,2.84358,0,0,0,270,0,0,0
0,2.8541,0,0,0,270,0,0,0
0,2.862251,0,0,0,270,0,0,0
0,2.871943,0,0,0,270,0,0,0
0,2.88528,0,0,0,270,0,0,0
0,2.900112,0,0,0,270,0,0,0
0,2.911191,0,0,0,270,0,0,0
0,2.92276,0,0,0,270,0,0,0
0,2.933975,0,0,0,270,0,0,0
0,2.945069,0,0,0,270,0,0,0
0,2.954481,0,0,0,270,0,0,0
0,2.967604,0,0,0,270,0,0,0
0,2.976991,0,0,0,270,0,0,0
0,2.987678,0,0,0,270,0,0,0
0,2.998452,0,0,0,270,0,0,0
0,3.005535,0,0,0,270,0,0,0
0,3.013245,0,0,0,270,0,0,0
0,3.021665,0,0,0,270,0,0,0
0,3.028379,0,0,0,270,0,0,0
0,3.037062,0,0,0,270,0,0,0
0,3.044164,0,0,0,270,0,0,0
0,3.050724,0,0,0,270,0,0,0
0,3.058502,0,0,0,270,0,0,0
0,3.066863,0,0,0,270,0,0,0
0,3.074354,0,0,0,270,0,0,0
0,3.081653,0,0,0,270,0,0,0
0,3.089476,0,0,0,270,0,0,0
0,3.096374,0,0,0,270,0,0,0
0,3.103615,0,0,0,270,0,0,0
0,3.110212,0,0,0,270,0,0,0
0,3.117153,0,0,0,270,0,0,0
0,3.12533,0,0,0,270,0,0,0
0,3.133061,0,0,0,270,0,0,0
0,3.140491,0,0,0,270,0,0,0
0,3.147079,0,0,0,270,0,0,0
0,3.154361,0,0,0,270,0,0,0
0,3.162443,0,0,0,270,0,0,0
0,3.169729,0,0,0,270,0,0,0
0,3.177151,0,0,0,270,0,0,0
0,3.18565,0,0,0,270,0,0,0
0,3.195214,0,0,0,270,0,0,0
0,3.203557,0,0,0,270,0,0,0
0,3.210657,0,0,0,270,0,0,0
0,3.218288,0,0,0,270,0,0,0
0,3.225386,0,0,0,270,0,0,0
0,3.23264,0,0,0,270,0,0,0
0,3.240863,0,0,0,270,0,0,0
0,3.248545,0,0,0,270,0,0,0
0,3.255889,0,0,0,270,0,0,0
0,3.262162,0,0,0,270,0,0,0
0,3.268762,0,0,0,270,0,0,0
0,3.276571,0,0,0,270,0,0,0
0,3.283109,0,0,0,270,0,0,0
0,3.290306,0,0,0,270,0,0,0
0,3.296709,0,0,0,270,0,0,0
0,3.304952,0,0,0,270,0,0,0
0,3.311868,0,0,0,270,0,0,0
0,3.318662,0,0,0,270,0,0,0
0,3.325902,0,0,0,270,0,0,0
0,3.333606,0,0,0,270,0,0,0
0,3.341619,0,0,0,270,0,0,0
0,3.348768,0,0,0,270,0,0,0
0,3.356442,0,0,0,270,0,0,0
0,3.365675,0,0,0,270,0,0,0
0,3.372935,0,0,0,270,0,0,0
0,3.38001,0,0,0,270,0,0,0
0,3.38714,0,0,0,270,0,0,0
0,3.393527,0,0,0,270,0,0,0
0,3.401121,0,0,0,270,0,0,0
0,3.407587,0,0,0,270,0,0,0
0,3.415178,0,0,0,270,0,0,0
0,3.421722,0,0,0,270,0,0,0
0,3.428679,0,0,0,270,0,0,0
0,3.44158,0,0,0,270,0,0,0
0,3.448472,0,0,0,270,0,0,0
0,3.455675,0,0,0,270,0,0,0
0,3.462586,0,0,0,270,0,0,0
0,3.470747,0,0,0,270,0,0,0
0,3.478715,0,0,0,270,0,0,0
0,3.485911,0,0,0,270,0,0,0
0,3.494325,0,0,0,270,0,0,0
0,3.501488,0,0,0,270,0,0,0
0,3.509096,0,0,0,270,0,0,0
0,3.516759,0,0,0,270,0,0,0
0,3.524139,0,0,0,270,0,0,0
0,3.532197,0,0,0,270,0,0,0
0,3.538795,0,0,0,270,0,0,0
0,3.545489,0,0,0,270,0,0,0
0,3.551947,0,0,0,270,0,0,0
0,3.560134,0,0,0,270,0,0,0
0,3.567709,0,0,0,270,0,0,0
0,3.574573,0,0,0,270,0,0,0
0,3.581792,0,0,0,270,0,0,0
0,3.590222,0,0,0,270,0,0,0
0,3.598867,0,0,0,270,0,0,0
0,3.607138,0,0,0,270,0,0,0
0,3.61543,0,0,0,270,0,0,0
0,3.62574,0,0,0,270,0,0,0
0,3.635752,0,0,0,270,0,0,0
0,3.644145,0,0,0,270,0,0,0
0,3.653851,0,0,0,270,0,0,0
0,3.661041,0,0,0,270,0,0,0
0,3.673289,0,0,0,270,0,0,0
0,3.682611,0,0,0,270,0,0,0
0,3.692158,0,0,0,270,0,0,0
0,3.701858,0,0,0,270,0,0,0
0,3.712402,0,0,0,270,0,0,0
0,3.722312,0,0,0,270,0,0,0
0,3.731486,0,0,0,270,0,0,0
0,3.739329,0,0,0,270,0,0,0
0,3.749209,0,0,0,270,0,0,0
0,3.759243,0,0,0,270,0,0,0
0,3.768626,0,0,0,270,0,0,0
0,3.778649,0,0,0,270,0,0,0
0,3.788916,0,0,0,270,0,0,0
0,3.798777,0,0,0,270,0,0,0
0,3.809106,0,0,0,270,0,0,0
0,3.817964,0,0,0,270,0,0,0
0,3.827826,0,0,0,270,0,0,0
0,3.836599,0,0,0,270,0,0,0
0,3.845589,0,0,0,270,0,0,0
0,3.856164,0,0,0,270,0,0,0
0,3.865325,0,0,0,270,0,0,0
0,3.873861,0,0,0,270,0,0,0
0,3.883132,0,0,0,270,0,0,0
0,3.893057,0,0,0,270,0,0,0
0,3.903746,0,0,0,270,0,0,0
0,3.91382,0,0,0,270,0,0,0
0,3.923465,0,0,0,270,0,0,0
0,3.934784,0,0,0,270,0,0,0
0,3.946037,0,0,0,270,0,0,0
0,3.955323,0,0,0,270,0,0,0
0,3.964797,0,0,0,270,0,0,0
0,3.972374,0,0,0,270,0,0,0
0,3.980841,0,0,0,270,0,0,0
0,3.988867,0,0,0,270,0,0,0
0,3.998147,0,0,0,270,0,0,0
0,4.00646,0,0,0,270,0,0,0
0,4.016232,0,0,0,270,0,0,0
0,4.025832,0,0,0,270,0,0,0
0,4.034852,0,0,0,270,0,0,0
0,4.044158,0,0,0,270,0,0,0
0,4.054222,0,0,0,270,0,0,0
0,4.0627,0,0,0,270,0,0,0
0,4.071724,0,0,0,270,0,0,0
0,4.080939,0,0,0,270,0,0,0
0,4.090757,0,0,0,270,0,0,0
0,4.099594,0,0,0,270,0,0,0
0,4.10754,0,0,0,270,0,0,0
0,4.116674,0,0,0,270,0,0,0
0,4.124916,0,0,0,270,0,0,0
0,4.13313,0,0,0,270,0,0,0
0,4.140125,0,0,0,270,0,0,0
0,4.158422,0,0,0,270,0,0,0
0,4.165757,0,0,0,270,0,0,0
0,4.17407,0,0,0,270,0,0,0
0,4.18316,0,0,0,270,0,0,0
0,4.191426,0,0,0,270,0,0,0
0,4.200188,0,0,0,270,0,0,0
0,4.20901,0,0,0,270,0,0,0
0,4.216724,0,0,0,270,0,0,0
0,4.225869,0,0,0,270,0,0,0
0,4.233346,0,0,0,270,0,0,0
0,4.239928,0,0,0,270,0,0,0
0,4.248392,0,0,0,270,0,0,0
0,4.256028,0,0,0,270,0,0,0
0,4.263126,0,0,0,270,0,0,0
0,4.270649,0,0,0,270,0,0,0
0,4.277458,0,0,0,270,0,0,0
0,4.283964,0,0,0,270,0,0,0
0,4.291185,0,0,0,270,0,0,0
0,4.298237,0,0,0,270,0,0,0
0,4.304878,0,0,0,270,0,0,0
0,4.312327,0,0,0,270,0,0,0
0,4.3194,0,0,0,270,0,0,0
0,4.326217,0,0,0,270,0,0,0
0,4.333198,0,0,0,270,0,0,0
0,4.340108,0,0,0,270,0,0,0
0,4.346653,0,0,0,270,0,0,0
0,4.353909,0,0,0,270,0,0,0
0,4.36049,0,0,0,270,0,0,0
0,4.369011,0,0,0,270,0,0,0
0,4.37707,0,0,0,270,0,0,0
0,4.38457,0,0,0,270,0,0,0
0,4.393072,0,0,0,270,0,0,0
0,4.401228,0,0,0,270,0,0,0
0,4.407832,0,0,0,270,0,0,0
0,4.415152,0,0,0,270,0,0,0
0,4.422447,0,0,0,270,0,0,0
0,4.43009,0,0,0,270,0,0,0
0,4.438008,0,0,0,270,0,0,0
0,4.445515,0,0,0,270,0,0,0
0,4.451828,0,0,0,270,0,0,0
0,4.459203,0,0,0,270,0,0,0
0,4.466371,0,0,0,270,0,0,0
0,4.473312,0,0,0,270,0,0,0
0,4.481204,0,0,0,270,0,0,0
0,4.490081,0,0,0,270,0,0,0
0,4.496669,0,0,0,270,0,0,0
0,4.503501,0,0,0,270,0,0,0
0,4.510417,0,0,0,270,0,0,0
0,4.516915,0,0,0,270,0,0,0
0,4.523959,0,0,0,270,0,0,0
0,4.533114,0,0,0,270,0,0,0
0,4.540195,0,0,0,270,0,0,0
0,4.547175,0,0,0,270,0,0,0
0,4.554201,0,0,0,270,0,0,0
0,4.561558,0,0,0,270,0,0,0
0,4.568566,0,0,0,270,0,0,0
0,4.575833,0,0,0,270,0,0,0
0,4.58245,0,0,0,270,0,0,0
0,4.590288,0,0,0,270,0,0,0
0,4.596281,0,0,0,270,0,0,0
0,4.603105,0,0,0,270,0,0,0
0,4.610016,0,0,0,270,0,0,0
0,4.616407,0,0,0,270,0,0,0
0,4.623611,0,0,0,270,0,0,0
0,4.629933,0,0,0,270,0,0,0
0,4.637891,0,0,0,270,0,0,0
0,4.645213,0,0,0,270,0,0,0
0,4.652344,0,0,0,270,0,0,0
0,4.659344,0,0,0,270,0,0,0
0,4.668444,0,0,0,270,0,0,0
0,4.67591,0,0,0,270,0,0,0
0,4.682608,0,0,0,270,0,0,0
0,4.689164,0,0,0,270,0,0,0
0,4.696307,0,0,0,270,0,0,0
0,4.703849,0,0,0,270,0,0,0
0,4.710726,0,0,0,270,0,0,0
0,4.718399,0,0,0,270,0,0,0
0,4.727115,0,0,0,270,0,0,0
0,4.737672,0,0,0,270,0,0,0
0,4.747189,0,0,0,270,0,0,0
0,4.756956,0,0,0,270,0,0,0
0,4.76478,0,0,0,270,0,0,0
0,4.772923,0,0,0,270,0,0,0
0,4.780992,0,0,0,270,0,0,0
0,4.789461,0,0,0,270,0,0,0
0,4.799296,0,0,0,270,0,0,0
0,4.809766,0,0,0,270,0,0,0
0,4.820251,0,0,0,270,0,0,0
0,4.830277,0,0,0,270,0,0,0
0,4.84073,0,0,0,270,0,0,0
0,4.850109,0,0,0,270,0,0,0
0,4.859908,0,0,0,270,0,0,0
0,4.869496,0,0,0,270,0,0,0
0,4.878665,0,0,0,270,0,0,0
0,4.888826,0,0,0,270,0,0,0
0,4.898194,0,0,0,270,0,0,0
0,4.908072,0,0,0,270,0,0,0
0,4.919229,0,0,0,270,0,0,0
0,4.930043,0,0,0,270,0,0,0
0,4.941065,0,0,0,270,0,0,0
0,4.952345,0,0,0,270,0,0,0
0,4.964196,0,0,0,270,0,0,0
0,4.974386,0,0,0,270,0,0,0
0,4.98331,0,0,0,270,0,0,0
0,4.992185,0,0,0,270,0,0,0
0,5.001412,0,0,0,270,0,0,0
0,5.011186,0,0,0,270,0,0,0
0,5.020201,0,0,0,270,0,0,0
0,5.031446,0,0,0,270,0,0,0
0,5.040567,0,0,0,270,0,0,0
0,5.050049,0,0,0,270,0,0,0
0,5.060908,0,0,0,270,0,0,0
0,5.072829,0,0,0,270,0,0,0
0,5.081068,0,0,0,270,0,0,0
0,5.091171,0,0,0,270,0,0,0
0,5.099965,0,0,0,270,0,0,0
0,5.107106,0,0,0,270,0,0,0
0,5.115177,0,0,0,270,0,0,0
0,5.125278,0,0,0,270,0,0,0
0,5.134421,0,0,0,270,0,0,0
0,5.143736,0,0,0,270,0,0,0
0,5.152337,0,0,0,270,0,0,0
0,5.160229,0,0,0,270,0,0,0
0,5.168065,0,0,0,270,0,0,0
0,5.175869,0,0,0,270,0,0,0
0,5.184595,0,0,0,270,0,0,0
0,5.193985,0,0,0,270,0,0,0
0,5.203156,0,0,0,270,0,0,0
0,5.21304,0,0,0,270,0,0,0
0,5.225459,0,0,0,270,0,0,0
0,5.23539,0,0,0,270,0,0,0
0,5.246177,0,0,0,270,0,0,0
0,5.256155,0,0,0,270,0,0,0
0,5.263864,0,0,0,270,0,0,0
0,5.272693,0,0,0,270,0,0,0
0,5.281765,0,0,0,270,0,0,0
0,5.290307,0,0,0,270,0,0,0
0,5.298397,0,0,0,270,0,0,0
0,5.306719,0,0,0,270,0,0,0
0,5.313897,0,0,0,270,0,0,0
0,5.321123,0,0,0,270,0,0,0
0,5.327802,0,0,0,270,0,0,0
0,5.33648,0,0,0,270,0,0,0
0,5.344042,0,0,0,270,0,0,0
0,5.350976,0,0,0,270,0,0,0
0,5.358557,0,0,0,270,0,0,0
0,5.366528,0,0,0,270,0,0,0
0,5.373497,0,0,0,270,0,0,0
0,5.380831,0,0,0,270,0,0,0
0,5.388228,0,0,0,270,0,0,0
0,5.396507,0,0,0,270,0,0,0
0,5.404759,0,0,0,270,0,0,0
0,5.412094,0,0,0,270,0,0,0
0,5.4185,0,0,0,270,0,0,0
0,5.425878,0,0,0,270,0,0,0
0,5.434134,0,0,0,270,0,0,0
0,5.440776,0,0,0,270,0,0,0
0,5.447949,0,0,0,270,0,0,0
0,5.454963,0,0,0,270,0,0,0
0,5.462092,0,0,0,270,0,0,0
0,5.470111,0,0,0,270,0,0,0
0,5.476889,0,0,0,270,0,0,0
0,5.483713,0,0,0,270,0,0,0
0,5.491164,0,0,0,270,0,0,0
0,5.49898,0,0,0,270,0,0,0
0,5.507357,0,0,0,270,0,0,0
0,5.514517,0,0,0,270,0,0,0
0,5.52119,0,0,0,270,0,0,0
0,5.528774,0,0,0,270,0,0,0
0,5.535919,0,0,0,270,0,0,0
0,5.543107,0,0,0,270,0,0,0
0,5.549902,0,0,0,270,0,0,0
0,5.558105,0,0,0,270,0,0,0
0,5.565097,0,0,0,270,0,0,0
0,5.571901,0,0,0,270,0,0,0
0,5.58813,0,0,0,270,0,0,0
0,5.595684,0,0,0,270,0,0,0
0,5.603306,0,0,0,270,0,0,0
0,5.609955,0,0,0,270,0,0,0
0,5.616283,0,0,0,270,0,0,0
0,5.623753,0,0,0,270,0,0,0
0,5.630586,0,0,0,270,0,0,0
0,5.637581,0,0,0,270,0,0,0
0,5.645063,0,0,0,270,0,0,0
0,5.653775,0,0,0,270,0,0,0
0,5.661253,0,0,0,270,0,0,0
0,5.669406,0,0,0,270,0,0,0
0,5.677148,0,0,0,270,0,0,0
0,5.684587,0,0,0,270,0,0,0
0,5.691728,0,0,0,270,0,0,0
0,5.699095,0,0,0,270,0,0,0
0,5.705404,0,0,0,270,0,0,0
0,5.712838,0,0,0,270,0,0,0
0,5.720625,0,0,0,270,0,0,0
0,5.72796,0,0,0,270,0,0,0
0,5.735649,0,0,0,270,0,0,0
0,5.742972,0,0,0,270,0,0,0
0,5.751393,0,0,0,270,0,0,0
0,5.759414,0,0,0,270,0,0,0
0,5.765947,0,0,0,270,0,0,0
0,5.773181,0,0,0,270,0,0,0
0,5.780847,0,0,0,270,0,0,0
0,5.788006,0,0,0,270,0,0,0
0,5.795018,0,0,0,270,0,0,0
0,5.803244,0,0,0,270,0,0,0
0,5.812311,0,0,0,270,0,0,0
0,5.819908,0,0,0,270,0,0,0
0,5.828872,0,0,0,270,0,0,0
0,5.837139,0,0,0,270,0,0,0
0,5.846411,0,0,0,270,0,0,0
0,5.854309,0,0,0,270,0,0,0
0,5.863884,0,0,0,270,0,0,0
0,5.874963,0,0,0,270,0,0,0
0,5.884653,0,0,0,270,0,0,0
0,5.89524,0,0,0,270,0,0,0
0,5.90639,0,0,0,270,0,0,0
0,5.919192,0,0,0,270,0,0,0
0,5.928869,0,0,0,270,0,0,0
0,5.939963,0,0,0,270,0,0,0
0,5.950875,0,0,0,270,0,0,0
0,5.961745,0,0,0,270,0,0,0
0,5.973173,0,0,0,270,0,0,0
0,5.983304,0,0,0,270,0,0,0
0,5.99413,0,0,0,270,0,0,0
0,6.004902,0,0,0,270,0,0,0
0,6.015328,0,0,0,270,0,0,0
0,6.026108,0,0,0,270,0,0,0
0,6.03629,0,0,0,270,0,0,0
0,6.047208,0,0,0,270,0,0,0
0,6.057088,0,0,0,270,0,0,0
0,6.066598,0,0,0,270,0,0,0
0,6.077921,0,0,0,270,0,0,0
0,6.089272,0,0,0,270,0,0,0
0,6.100306,0,0,0,270,0,0,0
0,6.111035,0,0,0,270,0,0,0
0,6.12192,0,0,0,270,0,0,0
0,6.132663,0,0,0,270,0,0,0
0,6.14323,0,0,0,270,0,0,0
0,6.153966,0,0,0,270,0,0,0
0,6.163463,0,0,0,270,0,0,0
0,6.173103,0,0,0,270,0,0,0
0,6.183927,0,0,0,270,0,0,0
0,6.193874,0,0,0,270,0,0,0
0,6.205151,0,0,0,270,0,0,0
0,6.217436,0,0,0,270,0,0,0
0,6.228368,0,0,0,270,0,0,0
0,6.239163,0,0,0,270,0,0,0
0,6.251533,0,0,0,270,0,0,0
0,6.263522,0,0,0,270,0,0,0
0,6.274373,0,0,0,270,0,0,0
0,6.285764,0,0,0,270,0,0,0
0,6.295609,0,0,0,270,0,0,0
0,6.305858,0,0,0,270,0,0,0
0,6.31526,0,0,0,270,0,0,0
0,6.323756,0,0,0,270,0,0,0
0,6.3324,0,0,0,270,0,0,0
0,6.341108,0,0,0,270,0,0,0
0,6.350615,0,0,0,270,0,0,0
0,6.360536,0,0,0,270,0,0,0
0,6.37054,0,0,0,270,0,0,0
0,6.380541,0,0,0,270,0,0,0
0,6.389859,0,0,0,270,0,0,0
0,6.400183,0,0,0,270,0,0,0
0,6.40943,0,0,0,270,0,0,0
0,6.421432,0,0,0,270,0,0,0
0,6.432967,0,0,0,270,0,0,0
0,6.443782,0,0,0,270,0,0,0
0,6.45236,0,0,0,270,0,0,0
0,6.461788,0,0,0,270,0,0,0
0,6.471109,0,0,0,270,0,0,0
0,6.479561,0,0,0,270,0,0,0
0,6.487551,0,0,0,270,0,0,0
0,6.496089,0,0,0,270,0,0,0
0,6.504018,0,0,0,270,0,0,0
0,6.513146,0,0,0,270,0,0,0
0,6.521436,0,0,0,270,0,0,0
0,6.529862,0,0,0,270,0,0,0
0,6.538354,0,0,0,270,0,0,0
0,6.546059,0,0,0,270,0,0,0
0,6.553432,0,0,0,270,0,0,0
0,6.56165,0,0,0,270,0,0,0
0,6.570257,0,0,0,270,0,0,0
0,6.578144,0,0,0,270,0,0,0
0,6.585045,0,0,0,270,0,0,0
0,6.592896,0,0,0,270,0,0,0
0,6.601626,0,0,0,270,0,0,0
0,6.608217,0,0,0,270,0,0,0
0,6.615502,0,0,0,270,0,0,0
0,6.623566,0,0,0,270,0,0,0
0,6.632133,0,0,0,270,0,0,0
0,6.639233,0,0,0,270,0,0,0
0,6.647714,0,0,0,270,0,0,0
0,6.656114,0,0,0,270,0,0,0
0,6.663663,0,0,0,270,0,0,0
0,6.672451,0,0,0,270,0,0,0
0,6.68205,0,0,0,270,0,0,0
0,6.691592,0,0,0,270,0,0,0
0,6.699977,0,0,0,270,0,0,0
0,6.70778,0,0,0,270,0,0,0
0,6.71567,0,0,0,270,0,0,0
0,6.723373,0,0,0,270,0,0,0
0,6.73179,0,0,0,270,0,0,0
0,6.739736,0,0,0,270,0,0,0
0,6.747169,0,0,0,270,0,0,0
0,6.755367,0,0,0,270,0,0,0
0,6.763381,0,0,0,270,0,0,0
0,6.771486,0,0,0,270,0,0,0
0,6.779381,0,0,0,270,0,0,0
0,6.787137,0,0,0,270,0,0,0
0,6.794136,0,0,0,270,0,0,0
0,6.80126,0,0,0,270,0,0,0
0,6.809025,0,0,0,270,0,0,0
0,6.815716,0,0,0,270,0,0,0
0,6.823246,0,0,0,270,0,0,0
0,6.829509,0,0,0,270,0,0,0
0,6.838339,0,0,0,270,0,0,0
0,6.845857,0,0,0,270,0,0,0
0,6.854263,0,0,0,270,0,0,0
0,6.860732,0,0,0,270,0,0,0
0,6.868908,0,0,0,270,0,0,0
0,6.875873,0,0,0,270,0,0,0
0,6.883,0,0,0,270,0,0,0
0,6.889762,0,0,0,270,0,0,0
0,6.896339,0,0,0,270,0,0,0
0,6.903385,0,0,0,270,0,0,0
0,6.91045,0,0,0,270,0,0,0
0,6.91862,0,0,0,270,0,0,0
0,6.926029,0,0,0,270,0,0,0
0,6.933809,0,0,0,270,0,0,0
0,6.942502,0,0,0,270,0,0,0
0,6.950145,0,0,0,270,0,0,0
0,6.956988,0,0,0,270,0,0,0
0,6.965102,0,0,0,270,0,0,0
0,6.972833,0,0,0,270,0,0,0
0,6.981878,0,0,0,270,0,0,0
0,6.991653,0,0,0,270,0,0,0
0,7.000901,0,0,0,270,0,0,0
0,7.010799,0,0,0,270,0,0,0
0,7.01916,0,0,0,270,0,0,0
0,7.029534,0,0,0,270,0,0,0
0,7.038995,0,0,0,270,0,0,0
0,7.048829,0,0,0,270,0,0,0
0,7.059313,0,0,0,270,0,0,0
0,7.06854,0,0,0,270,0,0,0
0,7.076972,0,0,0,270,0,0,0
0,7.087275,0,0,0,270,0,0,0
0,7.097358,0,0,0,270,0,0,0
0,7.10755,0,0,0,270,0,0,0
0,7.117153,0,0,0,270,0,0,0
0,7.127381,0,0,0,270,0,0,0
0,7.149747,0,0,0,270,0,0,0
0,7.158817,0,0,0,270,0,0,0
0,7.168651,0,0,0,270,0,0,0
0,7.178281,0,0,0,270,0,0,0
0,7.188282,0,0,0,270,0,0,0
0,7.199868,0,0,0,270,0,0,0
0,7.21074,0,0,0,270,0,0,0
0,7.222134,0,0,0,270,0,0,0
0,7.233243,0,0,0,270,0,0,0
0,7.244557,0,0,0,270,0,0,0
0,7.255126,0,0,0,270,0,0,0
0,7.266329,0,0,0,270,0,0,0
0,7.276629,0,0,0,270,0,0,0
0,7.28727,0,0,0,270,0,0,0
0,7.295644,0,0,0,270,0,0,0
0,7.305761,0,0,0,270,0,0,0
0,7.316388,0,0,0,270,0,0,0
0,7.326347,0,0,0,270,0,0,0
0,7.335515,0,0,0,270,0,0,0
0,7.344978,0,0,0,270,0,0,0
0,7.354387,0,0,0,270,0,0,0
0,7.363942,0,0,0,270,0,0,0
0,7.37386,0,0,0,270,0,0,0
0,7.385138,0,0,0,270,0,0,0
0,7.394151,0,0,0,270,0,0,0
0,7.403565,0,0,0,270,0,0,0
0,7.411458,0,0,0,270,0,0,0
0,7.419457,0,0,0,270,0,0,0
0,7.428373,0,0,0,270,0,0,0
0,7.439506,0,0,0,270,0,0,0
0,7.448366,0,0,0,270,0,0,0
0,7.458134,0,0,0,270,0,0,0
0,7.466652,0,0,0,270,0,0,0
0,7.475718,0,0,0,270,0,0,0
0,7.484007,0,0,0,270,0,0,0
0,7.492772,0,0,0,270,0,0,0
0,7.50103,0,0,0,270,0,0,0
0,7.509342,0,0,0,270,0,0,0
0,7.516926,0,0,0,270,0,0,0
0,7.526177,0,0,0,270,0,0,0
0,7.533885,0,0,0,270,0,0,0
0,7.543137,0,0,0,270,0,0,0
0,7.55058,0,0,0,270,0,0,0
0,7.5594,0,0,0,270,0,0,0
0,7.567293,0,0,0,270,0,0,0
0,7.574586,0,0,0,270,0,0,0
0,7.581666,0,0,0,270,0,0,0
0,7.591053,0,0,0,270,0,0,0
0,7.599442,0,0,0,270,0,0,0
0,7.606674,0,0,0,270,0,0,0
0,7.614416,0,0,0,270,0,0,0
0,7.623277,0,0,0,270,0,0,0
0,7.631346,0,0,0,270,0,0,0
0,7.637823,0,0,0,270,0,0,0
0,7.645086,0,0,0,270,0,0,0
0,7.65207,0,0,0,270,0,0,0
0,7.658904,0,0,0,270,0,0,0
0,7.666908,0,0,0,270,0,0,0
0,7.675774,0,0,0,270,0,0,0
0,7.684467,0,0,0,270,0,0,0
0,7.692001,0,0,0,270,0,0,0
0,7.699935,0,0,0,270,0,0,0
0,7.707215,0,0,0,270,0,0,0
0,7.715325,0,0,0,270,0,0,0
0,7.721862,0,0,0,270,0,0,0
0,7.729003,0,0,0,270,0,0,0
0,7.735624,0,0,0,270,0,0,0
0,7.743624,0,0,0,270,0,0,0
0,7.75105,0,0,0,270,0,0,0
0,7.75926,0,0,0,270,0,0,0
0,7.766347,0,0,0,270,0,0,0
0,7.773427,0,0,0,270,0,0,0
0,7.781589,0,0,0,270,0,0,0
0,7.789148,0,0,0,270,0,0,0
0,7.79569,0,0,0,270,0,0,0
0,7.802855,0,0,0,270,0,0,0
0,7.8097,0,0,0,270,0,0,0
0,7.815743,0,0,0,270,0,0,0
0,7.822156,0,0,0,270,0,0,0
0,7.828729,0,0,0,270,0,0,0
0,7.836079,0,0,0,270,0,0,0
0,7.843458,0,0,0,270,0,0,0
0,7.849739,0,0,0,270,0,0,0
0,7.857323,0,0,0,270,0,0,0
0,7.864377,0,0,0,270,0,0,0
0,7.872056,0,0,0,270,0,0,0
0,7.879217,0,0,0,270,0,0,0
0,7.887107,0,0,0,270,0,0,0
0,7.893606,0,0,0,270,0,0,0
0,7.901785,0,0,0,270,0,0,0
0,7.908933,0,0,0,270,0,0,0
0,7.91584,0,0,0,270,0,0,0
0,7.922786,0,0,0,270,0,0,0
0,7.929788,0,0,0,270,0,0,0
0,7.936812,0,0,0,270,0,0,0
0,7.944431,0,0,0,270,0,0,0
0,7.951582,0,0,0,270,0,0,0
0,7.958657,0,0,0,270,0,0,0
0,7.966818,0,0,0,270,0,0,0
0,7.973998,0,0,0,270,0,0,0
0,7.981108,0,0,0,270,0,0,0
0,7.9897,0,0,0,270,0,0,0
0,7.9985,0,0,0,270,0,0,0
0,8.005941,0,0,0,270,0,0,0
0,8.014534,0,0,0,270,0,0,0
0,8.022146,0,0,0,270,0,0,0
0,8.030535,0,0,0,270,0,0,0
0,8.037855,0,0,0,270,0,0,0
0,8.045809,0,0,0,270,0,0,0
0,8.053698,0,0,0,270,0,0,0
0,8.060537,0,0,0,270,0,0,0
0,8.067547,0,0,0,270,0,0,0
0,8.074444,0,0,0,270,0,0,0
0,8.082058,0,0,0,270,0,0,0
0,8.089825,0,0,0,270,0,0,0
0,8.096527,0,0,0,270,0,0,0
0,8.10384,0,0,0,270,0,0,0
0,8.111752,0,0,0,270,0,0,0
0,8.118975,0,0,0,270,0,0,0
0,8.127352,0,0,0,270,0,0,0
0,8.137524,0,0,0,270,0,0,0
0,8.147152,0,0,0,270,0,0,0
0,8.156008,0,0,0,270,0,0,0
0,8.164959,0,0,0,270,0,0,0
0,8.172213,0,0,0,270,0,0,0
0,8.180822,0,0,0,270,0,0,0
0,8.190407,0,0,0,270,0,0,0
0,8.19923,0,0,0,270,0,0,0
0,8.206991,0,0,0,270,0,0,0
0,8.216375,0,0,0,270,0,0,0
0,8.225237,0,0,0,270,0,0,0
0,8.235857,0,0,0,270,0,0,0
0,8.248322,0,0,0,270,0,0,0
0,8.259581,0,0,0,270,0,0,0
0,8.268988,0,0,0,270,0,0,0
0,8.279863,0,0,0,270,0,0,0
0,8.290813,0,0,0,270,0,0,0
0,8.300903,0,0,0,270,0,0,0
0,8.311449,0,0,0,270,0,0,0
0,8.321672,0,0,0,270,0,0,0
0,8.330849,0,0,0,270,0,0,0
0,8.340889,0,0,0,270,0,0,0
0,8.350704,0,0,0,270,0,0,0
0,8.360867,0,0,0,270,0,0,0
0,8.369862,0,0,0,270,0,0,0
0,8.378273,0,0,0,270,0,0,0
0,8.387659,0,0,0,270,0,0,0
0,8.396778,0,0,0,270,0,0,0
0,8.405758,0,0,0,270,0,0,0
0,8.415133,0,0,0,270,0,0,0
0,8.42465,0,0,0,270,0,0,0
0,8.435696,0,0,0,270,0,0,0
0,8.44632,0,0,0,270,0,0,0
0,8.458639,0,0,0,270,0,0,0
0,8.469528,0,0,0,270,0,0,0
0,8.480797,0,0,0,270,0,0,0
0,8.491318,0,0,0,270,0,0,0
0,8.501087,0,0,0,270,0,0,0
0,8.510904,0,0,0,270,0,0,0
0,8.518457,0,0,0,270,0,0,0
0,8.527184,0,0,0,270,0,0,0
0,8.535793,0,0,0,270,0,0,0
0,8.545036,0,0,0,270,0,0,0
0,8.553221,0,0,0,270,0,0,0
0,8.562588,0,0,0,270,0,0,0
0,8.571827,0,0,0,270,0,0,0
0,8.58131,0,0,0,270,0,0,0
0,8.590092,0,0,0,270,0,0,0
0,8.598595,0,0,0,270,0,0,0
0,8.609585,0,0,0,270,0,0,0
0,8.619005,0,0,0,270,0,0,0
0,8.62851,0,0,0,270,0,0,0
0,8.638655,0,0,0,270,0,0,0
0,8.648603,0,0,0,270,0,0,0
0,8.65699,0,0,0,270,0,0,0
0,8.667568,0,0,0,270,0,0,0
0,8.689339,0,0,0,270,0,0,0
0,8.697886,0,0,0,270,0,0,0
0,8.705284,0,0,0,270,0,0,0
0,8.713436,0,0,0,270,0,0,0
0,8.722046,0,0,0,270,0,0,0
0,8.731876,0,0,0,270,0,0,0
0,8.739677,0,0,0,270,0,0,0
0,8.748234,0,0,0,270,0,0,0
0,8.756111,0,0,0,270,0,0,0
0,8.765158,0,0,0,270,0,0,0
0,8.772549,0,0,0,270,0,0,0
0,8.779474,0,0,0,270,0,0,0
0,8.785946,0,0,0,270,0,0,0
0,8.794891,0,0,0,270,0,0,0
0,8.803295,0,0,0,270,0,0,0
0,8.811806,0,0,0,270,0,0,0
0,8.819492,0,0,0,270,0,0,0
0,8.826998,0,0,0,270,0,0,0
0,8.834852,0,0,0,270,0,0,0
0,8.841434,0,0,0,270,0,0,0
0,8.849331,0,0,0,270,0,0,0
0,8.857738,0,0,0,270,0,0,0
0,8.865444,0,0,0,270,0,0,0
0,8.872938,0,0,0,270,0,0,0
0,8.880795,0,0,0,270,0,0,0
0,8.890194,0,0,0,270,0,0,0
0,8.896936,0,0,0,270,0,0,0
0,8.904331,0,0,0,270,0,0,0
0,8.911095,0,0,0,270,0,0,0
0,8.918816,0,0,0,270,0,0,0
0,8.925962,0,0,0,270,0,0,0
0,8.934752,0,0,0,270,0,0,0
0,8.942253,0,0,0,270,0,0,0
0,8.949179,0,0,0,270,0,0,0
0,8.955801,0,0,0,270,0,0,0
0,8.962614,0,0,0,270,0,0,0
0,8.969709,0,0,0,270,0,0,0
0,8.976629,0,0,0,270,0,0,0
0,8.98576,0,0,0,270,0,0,0
0,8.995607,0,0,0,270,0,0,0
0,9.003996,0,0,0,270,0,0,0
0,9.014292,0,0,0,270,0,0,0
0,9.023066,0,0,0,270,0,0,0
0,9.031954,0,0,0,270,0,0,0
0,9.040466,0,0,0,270,0,0,0
0,9.048288,0,0,0,270,0,0,0
0,9.056286,0,0,0,270,0,0,0
0,9.063726,0,0,0,270,0,0,0
0,9.071392,0,0,0,270,0,0,0
0,9.078417,0,0,0,270,0,0,0
0,9.085739,0,0,0,270,0,0,0
0,9.094664,0,0,0,270,0,0,0
0,9.103413,0,0,0,270,0,0,0
0,9.110868,0,0,0,270,0,0,0
0,9.118658,0,0,0,270,0,0,0
0,9.127224,0,0,0,270,0,0,0
0,9.136118,0,0,0,270,0,0,0
0,9.142988,0,0,0,270,0,0,0
0,9.150978,0,0,0,270,0,0,0
0,9.159222,0,0,0,270,0,0,0
0,9.167164,0,0,0,270,0,0,0
0,9.174156,0,0,0,270,0,0,0
0,9.182323,0,0,0,270,0,0,0
0,9.189875,0,0,0,270,0,0,0
0,9.197203,0,0,0,270,0,0,0
0,9.204973,0,0,0,270,0,0,0
0,9.212278,0,0,0,270,0,0,0
0,9.219234,0,0,0,270,0,0,0
0,9.226198,0,0,0,270,0,0,0
0,9.23476,0,0,0,270,0,0,0
0,9.243294,0,0,0,270,0,0,0
0,9.251272,0,0,0,270,0,0,0
0,9.261343,0,0,0,270,0,0,0
0,9.271084,0,0,0,270,0,0,0
0,9.280056,0,0,0,270,0,0,0
0,9.28837,0,0,0,270,0,0,0
0,9.30015,0,0,0,270,0,0,0
0,9.308016,0,0,0,270,0,0,0
0,9.316059,0,0,0,270,0,0,0
0,9.326704,0,0,0,270,0,0,0
0,9.336849,0,0,0,270,0,0,0
0,9.346609,0,0,0,270,0,0,0
0,9.356663,0,0,0,270,0,0,0
0,9.367996,0,0,0,270,0,0,0
0,9.37698,0,0,0,270,0,0,0
0,9.386274,0,0,0,270,0,0,0
0,9.394787,0,0,0,270,0,0,0
0,9.405403,0,0,0,270,0,0,0
0,9.414278,0,0,0,270,0,0,0
0,9.423182,0,0,0,270,0,0,0
0,9.432978,0,0,0,270,0,0,0
0,9.44228,0,0,0,270,0,0,0
0,9.451799,0,0,0,270,0,0,0
0,9.461819,0,0,0,270,0,0,0
0,9.472754,0,0,0,270,0,0,0
0,9.482035,0,0,0,270,0,0,0
0,9.491356,0,0,0,270,0,0,0
0,9.501005,0,0,0,270,0,0,0
0,9.511076,0,0,0,270,0,0,0
0,9.520109,0,0,0,270,0,0,0
0,9.529135,0,0,0,270,0,0,0
0,9.538061,0,0,0,270,0,0,0
0,9.547361,0,0,0,270,0,0,0
0,9.556753,0,0,0,270,0,0,0
0,9.566174,0,0,0,270,0,0,0
0,9.576689,0,0,0,270,0,0,0
0,9.586813,0,0,0,270,0,0,0
0,9.595261,0,0,0,270,0,0,0
0,9.604187,0,0,0,270,0,0,0
0,9.613737,0,0,0,270,0,0,0
0,9.626268,0,0,0,270,0,0,0
0,9.638483,0,0,0,270,0,0,0
0,9.648634,0,0,0,270,0,0,0
0,9.658735,0,0,0,270,0,0,0
0,9.667835,0,0,0,270,0,0,0
0,9.677383,0,0,0,270,0,0,0
0,9.685791,0,0,0,270,0,0,0
0,9.694149,0,0,0,270,0,0,0
0,9.702255,0,0,0,270,0,0,0
0,9.710382,0,0,0,270,0,0,0
0,9.719019,0,0,0,270,0,0,0
0,9.728451,0,0,0,270,0,0,0
0,9.737347,0,0,0,270,0,0,0
0,9.747656,0,0,0,270,0,0,0
0,9.756767,0,0,0,270,0,0,0
0,9.766281,0,0,0,270,0,0,0
0,9.776997,0,0,0,270,0,0,0
0,9.786009,0,0,0,270,0,0,0
0,9.79491,0,0,0,270,0,0,0
0,9.804247,0,0,0,270,0,0,0
0,9.814344,0,0,0,270,0,0,0
0,9.823597,0,0,0,270,0,0,0
0,9.831831,0,0,0,270,0,0,0
0,9.839674,0,0,0,270,0,0,0
0,9.848055,0,0,0,270,0,0,0
0,9.856483,0,0,0,270,0,0,0
0,9.864706,0,0,0,270,0,0,0
0,9.87289,0,0,0,270,0,0,0
0,9.88081,0,0,0,270,0,0,0
0,9.890448,0,0,0,270,0,0,0
0,9.900549,0,0,0,270,0,0,0
0,9.909657,0,0,0,270,0,0,0
0,9.916908,0,0,0,270,0,0,0
0,9.923847,0,0,0,270,0,0,0
0,9.930529,0,0,0,270,0,0,0
0,9.937941,0,0,0,270,0,0,0
0,9.946724,0,0,0,270,0,0,0
0,9.954704,0,0,0,270,0,0,0
0,9.962358,0,0,0,270,0,0,0
0,9.969814,0,0,0,270,0,0,0
0,9.976736,0,0,0,270,0,0,0
0,9.983072,0,0,0,270,0,0,0
0,9.990005,0,0,0,270,0,0,0
0,9.998356,0,0,0,270,0,0,0
0,10.0055,0,0,0,270,0,0,0
0,10.01398,0,0,0,270,0,0,0
0,10.02288,0,0,0,270,0,0,0
0,10.03211,0,0,0,270,0,0,0
0,10.0408,0,0,0,270,0,0,0
0,10.05003,0,0,0,270,0,0,0
0,10.05843,0,0,0,270,0,0,0
0,10.06629,0,0,0,270,0,0,0
0,10.0742,0,0,0,270,0,0,0
0,10.08169,0,0,0,270,0,0,0
0,10.08936,0,0,0,270,0,0,0
0,10.09574,0,0,0,270,0,0,0
0,10.10418,0,0,0,270,0,0,0
0,10.11143,0,0,0,270,0,0,0
0,10.11811,0,0,0,270,0,0,0
0,10.12594,0,0,0,270,0,0,0
0,10.13544,0,0,0,270,0,0,0
0,10.14461,0,0,0,270,0,0,0
0,10.15272,0,0,0,270,0,0,0
0,10.16,0,0,0,270,0,0,0
0,10.16788,0,0,0,270,0,0,0
0,10.17482,0,0,0,270,0,0,0
0,10.18221,0,0,0,270,0,0,0
0,10.19857,0,0,0,270,0,0,0
0,10.20472,0,0,0,270,0,0,0
0,10.21253,0,0,0,270,0,0,0
0,10.22059,0,0,0,270,0,0,0
0,10.22745,0,0,0,270,0,0,0
0,10.23497,0,0,0,270,0,0,0
0,10.2428,0,0,0,270,0,0,0
0,10.25108,0,0,0,270,0,0,0
0,10.25902,0,0,0,270,0,0,0
0,10.26681,0,0,0,270,0,0,0
0,10.27489,0,0,0,270,0,0,0
0,10.28217,0,0,0,270,0,0,0
0,10.2901,0,0,0,270,0,0,0
0,10.29667,0,0,0,270,0,0,0
0,10.3037,0,0,0,270,0,0,0
0,10.31201,0,0,0,270,0,0,0
0,10.31887,0,0,0,270,0,0,0
0,10.32777,0,0,0,270,0,0,0
0,10.33527,0,0,0,270,0,0,0
0,10.34251,0,0,0,270,0,0,0
0,10.35032,0,0,0,270,0,0,0
0,10.35782,0,0,0,270,0,0,0
0,10.36551,0,0,0,270,0,0,0
0,10.37253,0,0,0,270,0,0,0
0,10.37927,0,0,0,270,0,0,0
0,10.3868,0,0,0,270,0,0,0
0,10.39389,0,0,0,270,0,0,0
0,10.40118,0,0,0,270,0,0,0
0,10.40787,0,0,0,270,0,0,0
0,10.41511,0,0,0,270,0,0,0
0,10.424,0,0,0,270,0,0,0
0,10.43428,0,0,0,270,0,0,0
0,10.44464,0,0,0,270,0,0,0
0,10.45425,0,0,0,270,0,0,0
0,10.46376,0,0,0,270,0,0,0
0,10.47277,0,0,0,270,0,0,0
0,10.4821,0,0,0,270,0,0,0
0,10.49168,0,0,0,270,0,0,0
0,10.49977,0,0,0,270,0,0,0
0,10.50924,0,0,0,270,0,0,0
0,10.51903,0,0,0,270,0,0,0
0,10.52963,0,0,0,270,0,0,0
0,10.53976,0,0,0,270,0,0,0
0,10.54868,0,0,0,270,0,0,0
0,10.5583,0,0,0,270,0,0,0
0,10.56826,0,0,0,270,0,0,0
0,10.57853,0,0,0,270,0,0,0
0,10.58986,0,0,0,270,0,0,0
0,10.6006,0,0,0,270,0,0,0
0,10.60913,0,0,0,270,0,0,0
0,10.61953,0,0,0,270,0,0,0
0,10.63096,0,0,0,270,0,0,0
0,10.64123,0,0,0,270,0,0,0
0,10.65314,0,0,0,270,0,0,0
0,10.66404,0,0,0,270,0,0,0
0,10.67458,0,0,0,270,0,0,0
0,10.6854,0,0,0,270,0,0,0
0,10.69523,0,0,0,270,0,0,0
0,10.70491,0,0,0,270,0,0,0
0,10.71513,0,0,0,270,0,0,0
0,10.72497,0,0,0,270,0,0,0
0,10.73494,0,0,0,270,0,0,0
0,10.74594,0,0,0,270,0,0,0
0,10.75618,0,0,0,270,0,0,0
0,10.76791,0,0,0,270,0,0,0
0,10.77875,0,0,0,270,0,0,0
0,10.78893,0,0,0,270,0,0,0
0,10.79866,0,0,0,270,0,0,0
0,10.8084,0,0,0,270,0,0,0
0,10.81946,0,0,0,270,0,0,0
0,10.83131,0,0,0,270,0,0,0
0,10.8441,0,0,0,270,0,0,0
0,10.85458,0,0,0,270,0,0,0
0,10.86348,0,0,0,270,0,0,0
0,10.87344,0,0,0,270,0,0,0
0,10.8826,0,0,0,270,0,0,0
0,10.8912,0,0,0,270,0,0,0
0,10.90105,0,0,0,270,0,0,0
0,10.9102,0,0,0,270,0,0,0
0,10.92114,0,0,0,270,0,0,0
0,10.93437,0,0,0,270,0,0,0
0,10.94586,0,0,0,270,0,0,0
0,10.95745,0,0,0,270,0,0,0
0,10.96857,0,0,0,270,0,0,0
0,10.98006,0,0,0,270,0,0,0
0,10.99219,0,0,0,270,0,0,0
0,11.0042,0,0,0,270,0,0,0
0,11.01567,0,0,0,270,0,0,0
0,11.02644,0,0,0,270,0,0,0
0,11.03684,0,0,0,270,0,0,0
0,11.04759,0,0,0,270,0,0,0
0,11.05863,0,0,0,270,0,0,0
0,11.06942,0,0,0,270,0,0,0
0,11.0788,0,0,0,270,0,0,0
0,11.08855,0,0,0,270,0,0,0
0,11.097,0,0,0,270,0,0,0
0,11.10566,0,0,0,270,0,0,0
0,11.11301,0,0,0,270,0,0,0
0,11.12243,0,0,0,270,0,0,0
0,11.13292,0,0,0,270,0,0,0
0,11.14234,0,0,0,270,0,0,0
0,11.1528,0,0,0,270,0,0,0
0,11.16099,0,0,0,270,0,0,0
0,11.16955,0,0,0,270,0,0,0
0,11.17787,0,0,0,270,0,0,0
0,11.18583,0,0,0,270,0,0,0
0,11.19423,0,0,0,270,0,0,0
0,11.20299,0,0,0,270,0,0,0
0,11.21123,0,0,0,270,0,0,0
0,11.21805,0,0,0,270,0,0,0
0,11.22552,0,0,0,270,0,0,0
0,11.23432,0,0,0,270,0,0,0
0,11.24393,0,0,0,270,0,0,0
0,11.25228,0,0,0,270,0,0,0
0,11.2618,0,0,0,270,0,0,0
0,11.26998,0,0,0,270,0,0,0
0,11.27832,0,0,0,270,0,0,0
0,11.28754,0,0,0,270,0,0,0
0,11.29568,0,0,0,270,0,0,0
0,11.30445,0,0,0,270,0,0,0
0,11.31305,0,0,0,270,0,0,0
0,11.32299,0,0,0,270,0,0,0
0,11.33264,0,0,0,270,0,0,0
0,11.34059,0,0,0,270,0,0,0
0,11.35009,0,0,0,270,0,0,0
0,11.35828,0,0,0,270,0,0,0
0,11.36656,0,0,0,270,0,0,0
0,11.37451,0,0,0,270,0,0,0
0,11.38403,0,0,0,270,0,0,0
0,11.39257,0,0,0,270,0,0,0
0,11.40267,0,0,0,270,0,0,0
0,11.41031,0,0,0,270,0,0,0
0,11.41762,0,0,0,270,0,0,0
0,11.42473,0,0,0,270,0,0,0
0,11.43336,0,0,0,270,0,0,0
0,11.44013,0,0,0,270,0,0,0
0,11.4483,0,0,0,270,0,0,0
0,11.45541,0,0,0,270,0,0,0
0,11.46487,0,0,0,270,0,0,0
0,11.47248,0,0,0,270,0,0,0
0,11.48077,0,0,0,270,0,0,0
0,11.48873,0,0,0,270,0,0,0
0,11.49683,0,0,0,270,0,0,0
0,11.5046,0,0,0,270,0,0,0
0,11.51449,0,0,0,270,0,0,0
0,11.52288,0,0,0,270,0,0,0
0,11.53114,0,0,0,270,0,0,0
0,11.53818,0,0,0,270,0,0,0
0,11.54582,0,0,0,270,0,0,0
0,11.55373,0,0,0,270,0,0,0
0,11.56095,0,0,0,270,0,0,0
0,11.56907,0,0,0,270,0,0,0
0,11.57771,0,0,0,270,0,0,0
0,11.58578,0,0,0,270,0,0,0
0,11.59401,0,0,0,270,0,0,0
0,11.60503,0,0,0,270,0,0,0
0,11.61408,0,0,0,270,0,0,0
0,11.62434,0,0,0,270,0,0,0
0,11.6352,0,0,0,270,0,0,0
0,11.64399,0,0,0,270,0,0,0
0,11.65445,0,0,0,270,0,0,0
0,11.66587,0,0,0,270,0,0,0
0,11.6769,0,0,0,270,0,0,0
0,11.68863,0,0,0,270,0,0,0
0,11.69928,0,0,0,270,0,0,0
0,11.70979,0,0,0,270,0,0,0
0,11.72148,0,0,0,270,0,0,0
0,11.73226,0,0,0,270,0,0,0
0,11.74348,0,0,0,270,0,0,0
0,11.75431,0,0,0,270,0,0,0
0,11.76479,0,0,0,270,0,0,0
0,11.77526,0,0,0,270,0,0,0
0,11.78576,0,0,0,270,0,0,0
0,11.79528,0,0,0,270,0,0,0
0,11.80595,0,0,0,270,0,0,0
0,11.81538,0,0,0,270,0,0,0
0,11.82584,0,0,0,270,0,0,0
0,11.84745,0,0,0,270,0,0,0
0,11.85575,0,0,0,270,0,0,0
0,11.86396,0,0,0,270,0,0,0
0,11.87324,0,0,0,270,0,0,0
0,11.88323,0,0,0,270,0,0,0
0,11.89231,0,0,0,270,0,0,0
0,11.90305,0,0,0,270,0,0,0
0,11.91245,0,0,0,270,0,0,0
0,11.9228,0,0,0,270,0,0,0
0,11.93266,0,0,0,270,0,0,0
0,11.94135,0,0,0,270,0,0,0
0,11.95247,0,0,0,270,0,0,0
0,11.96289,0,0,0,270,0,0,0
0,11.97378,0,0,0,270,0,0,0
0,11.98358,0,0,0,270,0,0,0
0,11.99345,0,0,0,270,0,0,0
0,12.00271,0,0,0,270,0,0,0
0,12.01204,0,0,0,270,0,0,0
0,12.02172,0,0,0,270,0,0,0
0,12.0299,0,0,0,270,0,0,0
0,12.03941,0,0,0,270,0,0,0
0,12.04888,0,0,0,270,0,0,0
0,12.05887,0,0,0,270,0,0,0
0,12.06742,0,0,0,270,0,0,0
0,12.07683,0,0,0,270,0,0,0
0,12.08607,0,0,0,270,0,0,0
0,12.09658,0,0,0,270,0,0,0
0,12.10602,0,0,0,270,0,0,0
0,12.11604,0,0,0,270,0,0,0
0,12.12534,0,0,0,270,0,0,0
0,12.13531,0,0,0,270,0,0,0
0,12.14419,0,0,0,270,0,0,0
0,12.15544,0,0,0,270,0,0,0
0,12.16467,0,0,0,270,0,0,0
0,12.17319,0,0,0,270,0,0,0
0,12.18195,0,0,0,270,0,0,0
0,12.19015,0,0,0,270,0,0,0
0,12.20049,0,0,0,270,0,0,0
0,12.20901,0,0,0,270,0,0,0
0,12.21779,0,0,0,270,0,0,0
0,12.22667,0,0,0,270,0,0,0
0,12.23486,0,0,0,270,0,0,0
0,12.24528,0,0,0,270,0,0,0
0,12.25375,0,0,0,270,0,0,0
0,12.26221,0,0,0,270,0,0,0
0,12.27129,0,0,0,270,0,0,0
0,12.27909,0,0,0,270,0,0,0
0,12.28584,0,0,0,270,0,0,0
0,12.29504,0,0,0,270,0,0,0
0,12.30408,0,0,0,270,0,0,0
0,12.31254,0,0,0,270,0,0,0
0,12.32145,0,0,0,270,0,0,0
0,12.32888,0,0,0,270,0,0,0
0,12.33779,0,0,0,270,0,0,0
0,12.34688,0,0,0,270,0,0,0
0,12.35455,0,0,0,270,0,0,0
0,12.36106,0,0,0,270,0,0,0
0,12.36933,0,0,0,270,0,0,0
0,12.37659,0,0,0,270,0,0,0
0,12.38738,0,0,0,270,0,0,0
0,12.39504,0,0,0,270,0,0,0
0,12.40256,0,0,0,270,0,0,0
0,12.41085,0,0,0,270,0,0,0
0,12.41872,0,0,0,270,0,0,0
0,12.42655,0,0,0,270,0,0,0
0,12.43499,0,0,0,270,0,0,0
0,12.44313,0,0,0,270,0,0,0
0,12.4515,0,0,0,270,0,0,0
0,12.45997,0,0,0,270,0,0,0
0,12.46697,0,0,0,270,0,0,0
0,12.47412,0,0,0,270,0,0,0
0,12.48302,0,0,0,270,0,0,0
0,12.49018,0,0,0,270,0,0,0
0,12.49674,0,0,0,270,0,0,0
0,12.50358,0,0,0,270,0,0,0
0,12.51236,0,0,0,270,0,0,0
0,12.52013,0,0,0,270,0,0,0
0,12.52806,0,0,0,270,0,0,0
0,12.53623,0,0,0,270,0,0,0
0,12.54452,0,0,0,270,0,0,0
0,12.55135,0,0,0,270,0,0,0
0,12.55884,0,0,0,270,0,0,0
0,12.56656,0,0,0,270,0,0,0
0,12.5756,0,0,0,270,0,0,0
0,12.58326,0,0,0,270,0,0,0
0,12.59102,0,0,0,270,0,0,0
0,12.59794,0,0,0,270,0,0,0
0,12.60685,0,0,0,270,0,0,0
0,12.6152,0,0,0,270,0,0,0
0,12.62401,0,0,0,270,0,0,0
0,12.63304,0,0,0,270,0,0,0
0,12.64169,0,0,0,270,0,0,0
0,12.64954,0,0,0,270,0,0,0
0,12.65749,0,0,0,270,0,0,0
0,12.66575,0,0,0,270,0,0,0
0,12.6744,0,0,0,270,0,0,0
0,12.68183,0,0,0,270,0,0,0
0,12.69009,0,0,0,270,0,0,0
0,12.69805,0,0,0,270,0,0,0
0,12.70582,0,0,0,270,0,0,0
0,12.71363,0,0,0,270,0,0,0
0,12.72102,0,0,0,270,0,0,0
0,12.7281,0,0,0,270,0,0,0
0,12.73541,0,0,0,270,0,0,0
0,12.7423,0,0,0,270,0,0,0
0,12.74893,0,0,0,270,0,0,0
0,12.75725,0,0,0,270,0,0,0
0,12.76664,0,0,0,270,0,0,0
0,12.77555,0,0,0,270,0,0,0
0,12.78485,0,0,0,270,0,0,0
0,12.79579,0,0,0,270,0,0,0
0,12.80542,0,0,0,270,0,0,0
0,12.81403,0,0,0,270,0,0,0
0,12.8229,0,0,0,270,0,0,0
0,12.83232,0,0,0,270,0,0,0
0,12.84163,0,0,0,270,0,0,0
0,12.85049,0,0,0,270,0,0,0
0,12.86176,0,0,0,270,0,0,0
0,12.87277,0,0,0,270,0,0,0
0,12.88306,0,0,0,270,0,0,0
0,12.89384,0,0,0,270,0,0,0
0,12.90469,0,0,0,270,0,0,0
0,12.91491,0,0,0,270,0,0,0
0,12.92391,0,0,0,270,0,0,0
0,12.93326,0,0,0,270,0,0,0
0,12.94385,0,0,0,270,0,0,0
0,12.95469,0,0,0,270,0,0,0
0,12.96474,0,0,0,270,0,0,0
0,12.97571,0,0,0,270,0,0,0
0,12.98482,0,0,0,270,0,0,0
0,12.99453,0,0,0,270,0,0,0
0,13.00343,0,0,0,270,0,0,0
0,13.01293,0,0,0,270,0,0,0
0,13.0224,0,0,0,270,0,0,0
0,13.0316,0,0,0,270,0,0,0
0,13.04073,0,0,0,270,0,0,0
0,13.05131,0,0,0,270,0,0,0
0,13.06231,0,0,0,270,0,0,0
0,13.07445,0,0,0,270,0,0,0
0,13.08566,0,0,0,270,0,0,0
0,13.0964,0,0,0,270,0,0,0
0,13.10677,0,0,0,270,0,0,0
0,13.11731,0,0,0,270,0,0,0
0,13.12759,0,0,0,270,0,0,0
0,13.13842,0,0,0,270,0,0,0
0,13.14886,0,0,0,270,0,0,0
0,13.16069,0,0,0,270,0,0,0
0,13.17212,0,0,0,270,0,0,0
0,13.18166,0,0,0,270,0,0,0
0,13.19162,0,0,0,270,0,0,0
0,13.20039,0,0,0,270,0,0,0
0,13.20837,0,0,0,270,0,0,0
0,13.21893,0,0,0,270,0,0,0
0,13.22817,0,0,0,270,0,0,0
0,13.23701,0,0,0,270,0,0,0
0,13.24868,0,0,0,270,0,0,0
0,13.2596,0,0,0,270,0,0,0
0,13.26882,0,0,0,270,0,0,0
0,13.27941,0,0,0,270,0,0,0
0,13.28876,0,0,0,270,0,0,0
0,13.29681,0,0,0,270,0,0,0
0,13.30551,0,0,0,270,0,0,0
0,13.31621,0,0,0,270,0,0,0
0,13.32689,0,0,0,270,0,0,0
0,13.33645,0,0,0,270,0,0,0
0,13.34501,0,0,0,270,0,0,0
0,13.35409,0,0,0,270,0,0,0
0,13.36263,0,0,0,270,0,0,0
0,13.3706,0,0,0,270,0,0,0
0,13.37921,0,0,0,270,0,0,0
0,13.38899,0,0,0,270,0,0,0
0,13.39696,0,0,0,270,0,0,0
0,13.40564,0,0,0,270,0,0,0
0,13.41503,0,0,0,270,0,0,0
0,13.42586,0,0,0,270,0,0,0
0,13.43432,0,0,0,270,0,0,0
0,13.44309,0,0,0,270,0,0,0
0,13.45211,0,0,0,270,0,0,0
0,13.47069,0,0,0,270,0,0,0
0,13.47858,0,0,0,270,0,0,0
0,13.48573,0,0,0,270,0,0,0
0,13.49403,0,0,0,270,0,0,0
0,13.50123,0,0,0,270,0,0,0
0,13.5098,0,0,0,270,0,0,0
0,13.51692,0,0,0,270,0,0,0
0,13.52551,0,0,0,270,0,0,0
0,13.53473,0,0,0,270,0,0,0
0,13.54503,0,0,0,270,0,0,0
0,13.5541,0,0,0,270,0,0,0
0,13.56215,0,0,0,270,0,0,0
0,13.56878,0,0,0,270,0,0,0
0,13.57636,0,0,0,270,0,0,0
0,13.58322,0,0,0,270,0,0,0
0,13.59108,0,0,0,270,0,0,0
0,13.59785,0,0,0,270,0,0,0
0,13.6058,0,0,0,270,0,0,0
0,13.61298,0,0,0,270,0,0,0
0,13.62024,0,0,0,270,0,0,0
0,13.62738,0,0,0,270,0,0,0
0,13.63499,0,0,0,270,0,0,0
0,13.64382,0,0,0,270,0,0,0
0,13.65188,0,0,0,270,0,0,0
0,13.65888,0,0,0,270,0,0,0
0,13.66737,0,0,0,270,0,0,0
0,13.67408,0,0,0,270,0,0,0
0,13.68101,0,0,0,270,0,0,0
0,13.68777,0,0,0,270,0,0,0
0,13.69495,0,0,0,270,0,0,0
0,13.70312,0,0,0,270,0,0,0
0,13.71192,0,0,0,270,0,0,0
0,13.71889,0,0,0,270,0,0,0
0,13.72657,0,0,0,270,0,0,0
0,13.73472,0,0,0,270,0,0,0
0,13.74277,0,0,0,270,0,0,0
0,13.75019,0,0,0,270,0,0,0
0,13.75769,0,0,0,270,0,0,0
0,13.76557,0,0,0,270,0,0,0
0,13.77292,0,0,0,270,0,0,0
0,13.78055,0,0,0,270,0,0,0
0,13.78904,0,0,0,270,0,0,0
0,13.79641,0,0,0,270,0,0,0
0,13.80284,0,0,0,270,0,0,0
0,13.80998,0,0,0,270,0,0,0
0,13.81726,0,0,0,270,0,0,0
0,13.82524,0,0,0,270,0,0,0
0,13.83159,0,0,0,270,0,0,0
0,13.83805,0,0,0,270,0,0,0
0,13.84509,0,0,0,270,0,0,0
0,13.85245,0,0,0,270,0,0,0
0,13.86003,0,0,0,270,0,0,0
0,13.86745,0,0,0,270,0,0,0
0,13.87564,0,0,0,270,0,0,0
0,13.88393,0,0,0,270,0,0,0
0,13.8925,0,0,0,270,0,0,0
0,13.90151,0,0,0,270,0,0,0
0,13.90985,0,0,0,270,0,0,0
0,13.91754,0,0,0,270,0,0,0
0,13.9257,0,0,0,270,0,0,0
0,13.93427,0,0,0,270,0,0,0
0,13.94175,0,0,0,270,0,0,0
0,13.95005,0,0,0,270,0,0,0
0,13.95874,0,0,0,270,0,0,0
0,13.96827,0,0,0,270,0,0,0
0,13.97751,0,0,0,270,0,0,0
0,13.98736,0,0,0,270,0,0,0
0,13.99704,0,0,0,270,0,0,0
0,14.00703,0,0,0,270,0,0,0
0,14.01646,0,0,0,270,0,0,0
0,14.02624,0,0,0,270,0,0,0
0,14.03534,0,0,0,270,0,0,0
0,14.04519,0,0,0,270,0,0,0
0,14.0542,0,0,0,270,0,0,0
0,14.06329,0,0,0,270,0,0,0
0,14.07431,0,0,0,270,0,0,0
0,14.08562,0,0,0,270,0,0,0
0,14.09554,0,0,0,270,0,0,0
0,14.10567,0,0,0,270,0,0,0
0,14.11736,0,0,0,270,0,0,0
0,14.12822,0,0,0,270,0,0,0
0,14.13904,0,0,0,270,0,0,0
0,14.14895,0,0,0,270,0,0,0
0,14.15854,0,0,0,270,0,0,0
0,14.16877,0,0,0,270,0,0,0
0,14.17882,0,0,0,270,0,0,0
0,14.18891,0,0,0,270,0,0,0
0,14.20051,0,0,0,270,0,0,0
0,14.21147,0,0,0,270,0,0,0
0,14.22073,0,0,0,270,0,0,0
0,14.22989,0,0,0,270,0,0,0
0,14.24135,0,0,0,270,0,0,0
0,14.25263,0,0,0,270,0,0,0
0,14.26357,0,0,0,270,0,0,0
0,14.27344,0,0,0,270,0,0,0
0,14.28344,0,0,0,270,0,0,0
0,14.29182,0,0,0,270,0,0,0
0,14.3014,0,0,0,270,0,0,0
0,14.31122,0,0,0,270,0,0,0
0,14.31948,0,0,0,270,0,0,0
0,14.33039,0,0,0,270,0,0,0
0,14.34006,0,0,0,270,0,0,0
0,14.35001,0,0,0,270,0,0,0
0,14.35897,0,0,0,270,0,0,0
0,14.36777,0,0,0,270,0,0,0
0,14.37711,0,0,0,270,0,0,0
0,14.38836,0,0,0,270,0,0,0
0,14.39861,0,0,0,270,0,0,0
0,14.40782,0,0,0,270,0,0,0
0,14.41698,0,0,0,270,0,0,0
0,14.42558,0,0,0,270,0,0,0
0,14.43598,0,0,0,270,0,0,0
0,14.44994,0,0,0,270,0,0,0
0,14.45954,0,0,0,270,0,0,0
0,14.46809,0,0,0,270,0,0,0
0,14.47634,0,0,0,270,0,0,0
0,14.48352,0,0,0,270,0,0,0
0,14.49229,0,0,0,270,0,0,0
0,14.50007,0,0,0,270,0,0,0
0,14.50832,0,0,0,270,0,0,0
0,14.51588,0,0,0,270,0,0,0
0,14.52385,0,0,0,270,0,0,0
0,14.53199,0,0,0,270,0,0,0
0,14.53906,0,0,0,270,0,0,0
0,14.54716,0,0,0,270,0,0,0
0,14.55561,0,0,0,270,0,0,0
0,14.56242,0,0,0,270,0,0,0
0,14.57146,0,0,0,270,0,0,0
0,14.57901,0,0,0,270,0,0,0
0,14.58682,0,0,0,270,0,0,0
0,14.59525,0,0,0,270,0,0,0
0,14.60427,0,0,0,270,0,0,0
0,14.61185,0,0,0,270,0,0,0
0,14.61913,0,0,0,270,0,0,0
0,14.62617,0,0,0,270,0,0,0
0,14.63324,0,0,0,270,0,0,0
0,14.6402,0,0,0,270,0,0,0
0,14.64701,0,0,0,270,0,0,0
0,14.65478,0,0,0,270,0,0,0
0,14.66244,0,0,0,270,0,0,0
0,14.67111,0,0,0,270,0,0,0
0,14.67885,0,0,0,270,0,0,0
0,14.6859,0,0,0,270,0,0,0
0,14.69322,0,0,0,270,0,0,0
0,14.70033,0,0,0,270,0,0,0
0,14.70696,0,0,0,270,0,0,0
0,14.71418,0,0,0,270,0,0,0
0,14.72182,0,0,0,270,0,0,0
0,14.72948,0,0,0,270,0,0,0
0,14.7367,0,0,0,270,0,0,0
0,14.74376,0,0,0,270,0,0,0
0,14.75077,0,0,0,270,0,0,0
0,14.75786,0,0,0,270,0,0,0
0,14.76521,0,0,0,270,0,0,0
0,14.77353,0,0,0,270,0,0,0
0,14.78161,0,0,0,270,0,0,0
0,14.78929,0,0,0,270,0,0,0
0,14.79704,0,0,0,270,0,0,0
0,14.8049,0,0,0,270,0,0,0
0,14.81176,0,0,0,270,0,0,0
0,14.8206,0,0,0,270,0,0,0
0,14.8272,0,0,0,270,0,0,0
0,14.8355,0,0,0,270,0,0,0
0,14.84388,0,0,0,270,0,0,0
0,14.85209,0,0,0,270,0,0,0
0,14.85967,0,0,0,270,0,0,0
0,14.86762,0,0,0,270,0,0,0
0,14.87473,0,0,0,270,0,0,0
0,14.88209,0,0,0,270,0,0,0
0,14.89017,0,0,0,270,0,0,0
0,14.8995,0,0,0,270,0,0,0
0,14.90781,0,0,0,270,0,0,0
0,14.91585,0,0,0,270,0,0,0
0,14.92396,0,0,0,270,0,0,0
0,14.93112,0,0,0,270,0,0,0
0,14.93797,0,0,0,270,0,0,0
0,14.94562,0,0,0,270,0,0,0
0,14.95177,0,0,0,270,0,0,0
0,14.95901,0,0,0,270,0,0,0
0,14.97622,0,0,0,270,0,0,0
0,14.98252,0,0,0,270,0,0,0
0,14.99002,0,0,0,270,0,0,0
0,14.99833,0,0,0,270,0,0,0
0,15.00675,0,0,0,270,0,0,0
0,15.01415,0,0,0,270,0,0,0
0,15.02234,0,0,0,270,0,0,0
0,15.03189,0,0,0,270,0,0,0
0,15.04058,0,0,0,270,0,0,0
0,15.05004,0,0,0,270,0,0,0
0,15.05944,0,0,0,270,0,0,0
0,15.06779,0,0,0,270,0,0,0
0,15.07635,0,0,0,270,0,0,0
0,15.08357,0,0,0,270,0,0,0
0,15.0922,0,0,0,270,0,0,0
0,15.1016,0,0,0,270,0,0,0
0,15.11238,0,0,0,270,0,0,0
0,15.12329,0,0,0,270,0,0,0
0,15.13256,0,0,0,270,0,0,0
0,15.14338,0,0,0,270,0,0,0
0,15.15373,0,0,0,270,0,0,0
0,15.16303,0,0,0,270,0,0,0
0,15.17352,0,0,0,270,0,0,0
0,15.18239,0,0,0,270,0,0,0
0,15.19277,0,0,0,270,0,0,0
0,15.2031,0,0,0,270,0,0,0
0,15.21298,0,0,0,270,0,0,0
0,15.22732,0,0,0,270,0,0,0
0,15.23681,0,0,0,270,0,0,0
0,15.24832,0,0,0,270,0,0,0
0,15.25968,0,0,0,270,0,0,0
0,15.26902,0,0,0,270,0,0,0
0,15.27822,0,0,0,270,0,0,0
0,15.28761,0,0,0,270,0,0,0
0,15.29616,0,0,0,270,0,0,0
0,15.30513,0,0,0,270,0,0,0
0,15.31434,0,0,0,270,0,0,0
0,15.32435,0,0,0,270,0,0,0
0,15.33372,0,0,0,270,0,0,0
0,15.34496,0,0,0,270,0,0,0
0,15.35519,0,0,0,270,0,0,0
0,15.36581,0,0,0,270,0,0,0
0,15.37485,0,0,0,270,0,0,0
0,15.384,0,0,0,270,0,0,0
0,15.39574,0,0,0,270,0,0,0
0,15.40838,0,0,0,270,0,0,0
0,15.41817,0,0,0,270,0,0,0
0,15.42695,0,0,0,270,0,0,0
0,15.43577,0,0,0,270,0,0,0
0,15.4441,0,0,0,270,0,0,0
0,15.45403,0,0,0,270,0,0,0
0,15.46297,0,0,0,270,0,0,0
0,15.47284,0,0,0,270,0,0,0
0,15.48234,0,0,0,270,0,0,0
0,15.49238,0,0,0,270,0,0,0
0,15.50089,0,0,0,270,0,0,0
0,15.50924,0,0,0,270,0,0,0
0,15.51791,0,0,0,270,0,0,0
0,15.52726,0,0,0,270,0,0,0
0,15.5376,0,0,0,270,0,0,0
0,15.54887,0,0,0,270,0,0,0
0,15.55829,0,0,0,270,0,0,0
0,15.56867,0,0,0,270,0,0,0
0,15.5781,0,0,0,270,0,0,0
0,15.58705,0,0,0,270,0,0,0
0,15.59554,0,0,0,270,0,0,0
0,15.60502,0,0,0,270,0,0,0
0,15.61314,0,0,0,270,0,0,0
0,15.62169,0,0,0,270,0,0,0
0,15.62921,0,0,0,270,0,0,0
0,15.63848,0,0,0,270,0,0,0
0,15.64662,0,0,0,270,0,0,0
0,15.65429,0,0,0,270,0,0,0
0,15.66192,0,0,0,270,0,0,0
0,15.67069,0,0,0,270,0,0,0
0,15.67924,0,0,0,270,0,0,0
0,15.68698,0,0,0,270,0,0,0
0,15.69434,0,0,0,270,0,0,0
0,15.70169,0,0,0,270,0,0,0
0,15.70912,0,0,0,270,0,0,0
0,15.71546,0,0,0,270,0,0,0
0,15.72274,0,0,0,270,0,0,0
0,15.72978,0,0,0,270,0,0,0
0,15.73792,0,0,0,270,0,0,0
0,15.74617,0,0,0,270,0,0,0
0,15.75282,0,0,0,270,0,0,0
0,15.7617,0,0,0,270,0,0,0
0,15.76865,0,0,0,270,0,0,0
0,15.77595,0,0,0,270,0,0,0
0,15.78269,0,0,0,270,0,0,0
0,15.79107,0,0,0,270,0,0,0
0,15.7982,0,0,0,270,0,0,0
0,15.80488,0,0,0,270,0,0,0
0,15.8122,0,0,0,270,0,0,0
0,15.81892,0,0,0,270,0,0,0
0,15.82736,0,0,0,270,0,0,0
0,15.8348,0,0,0,270,0,0,0
0,15.8416,0,0,0,270,0,0,0
0,15.85012,0,0,0,270,0,0,0
0,15.85869,0,0,0,270,0,0,0
0,15.8655,0,0,0,270,0,0,0
0,15.87169,0,0,0,270,0,0,0
0,15.87878,0,0,0,270,0,0,0
0,15.8868,0,0,0,270,0,0,0
0,15.89585,0,0,0,270,0,0,0
0,15.90406,0,0,0,270,0,0,0
0,15.91294,0,0,0,270,0,0,0
0,15.92138,0,0,0,270,0,0,0
0,15.92901,0,0,0,270,0,0,0
0,15.9356,0,0,0,270,0,0,0
0,15.94302,0,0,0,270,0,0,0
0,15.95011,0,0,0,270,0,0,0
0,15.95754,0,0,0,270,0,0,0
0,15.96472,0,0,0,270,0,0,0
0,15.97174,0,0,0,270,0,0,0
0,15.97994,0,0,0,270,0,0,0
0,15.98755,0,0,0,270,0,0,0
0,15.99471,0,0,0,270,0,0,0
0,16.00289,0,0,0,270,0,0,0
0,16.01242,0,0,0,270,0,0,0
0,16.0239,0,0,0,270,0,0,0
0,16.03514,0,0,0,270,0,0,0
0,16.04511,0,0,0,270,0,0,0
0,16.05386,0,0,0,270,0,0,0
0,16.06302,0,0,0,270,0,0,0
0,16.07257,0,0,0,270,0,0,0
0,16.08102,0,0,0,270,0,0,0
0,16.08894,0,0,0,270,0,0,0
0,16.09859,0,0,0,270,0,0,0
0,16.10727,0,0,0,270,0,0,0
0,16.11793,0,0,0,270,0,0,0
0,16.12682,0,0,0,270,0,0,0
0,16.13618,0,0,0,270,0,0,0
0,16.1444,0,0,0,270,0,0,0
0,16.15239,0,0,0,270,0,0,0
0,16.16126,0,0,0,270,0,0,0
0,16.17102,0,0,0,270,0,0,0
0,16.18037,0,0,0,270,0,0,0
0,16.19043,0,0,0,270,0,0,0
0,16.20003,0,0,0,270,0,0,0
0,16.2093,0,0,0,270,0,0,0
0,16.21774,0,0,0,270,0,0,0
0,16.22813,0,0,0,270,0,0,0
0,16.23951,0,0,0,270,0,0,0
0,16.24892,0,0,0,270,0,0,0
0,16.25924,0,0,0,270,0,0,0
0,16.27235,0,0,0,270,0,0,0
0,16.28241,0,0,0,270,0,0,0
0,16.29265,0,0,0,270,0,0,0
0,16.30312,0,0,0,270,0,0,0
0,16.31374,0,0,0,270,0,0,0
0,16.32394,0,0,0,270,0,0,0
0,16.3357,0,0,0,270,0,0,0
0,16.34623,0,0,0,270,0,0,0
0,16.35771,0,0,0,270,0,0,0
0,16.37013,0,0,0,270,0,0,0
0,16.38094,0,0,0,270,0,0,0
0,16.39205,0,0,0,270,0,0,0
0,16.40277,0,0,0,270,0,0,0
0,16.41325,0,0,0,270,0,0,0
0,16.42413,0,0,0,270,0,0,0
0,16.43713,0,0,0,270,0,0,0
0,16.44779,0,0,0,270,0,0,0
0,16.45905,0,0,0,270,0,0,0
0,16.47165,0,0,0,270,0,0,0
0,16.48348,0,0,0,270,0,0,0
0,16.49429,0,0,0,270,0,0,0
0,16.50637,0,0,0,270,0,0,0
0,16.51799,0,0,0,270,0,0,0
0,16.52924,0,0,0,270,0,0,0
0,16.54014,0,0,0,270,0,0,0
0,16.5516,0,0,0,270,0,0,0
0,16.56228,0,0,0,270,0,0,0
0,16.57269,0,0,0,270,0,0,0
0,16.58413,0,0,0,270,0,0,0
0,16.59589,0,0,0,270,0,0,0
0,16.60973,0,0,0,270,0,0,0
0,16.61931,0,0,0,270,0,0,0
0,16.6284,0,0,0,270,0,0,0
0,16.65105,0,0,0,270,0,0,0
0,16.65985,0,0,0,270,0,0,0
0,16.67061,0,0,0,270,0,0,0
0,16.68177,0,0,0,270,0,0,0
0,16.69211,0,0,0,270,0,0,0
0,16.70265,0,0,0,270,0,0,0
0,16.71277,0,0,0,270,0,0,0
0,16.72228,0,0,0,270,0,0,0
0,16.73264,0,0,0,270,0,0,0
0,16.74156,0,0,0,270,0,0,0
0,16.75212,0,0,0,270,0,0,0
0,16.7617,0,0,0,270,0,0,0
0,16.76986,0,0,0,270,0,0,0
0,16.77822,0,0,0,270,0,0,0
0,16.78568,0,0,0,270,0,0,0
0,16.79395,0,0,0,270,0,0,0
0,16.80236,0,0,0,270,0,0,0
0,16.8118,0,0,0,270,0,0,0
0,16.82128,0,0,0,270,0,0,0
0,16.82907,0,0,0,270,0,0,0
0,16.83826,0,0,0,270,0,0,0
0,16.8462,0,0,0,270,0,0,0
0,16.85407,0,0,0,270,0,0,0
0,16.86223,0,0,0,270,0,0,0
0,16.87257,0,0,0,270,0,0,0
0,16.88131,0,0,0,270,0,0,0
0,16.89009,0,0,0,270,0,0,0
0,16.89854,0,0,0,270,0,0,0
0,16.90746,0,0,0,270,0,0,0
0,16.91622,0,0,0,270,0,0,0
0,16.92469,0,0,0,270,0,0,0
0,16.93408,0,0,0,270,0,0,0
0,16.94137,0,0,0,270,0,0,0
0,16.94986,0,0,0,270,0,0,0
0,16.95778,0,0,0,270,0,0,0
0,16.96674,0,0,0,270,0,0,0
0,16.97381,0,0,0,270,0,0,0
0,16.98271,0,0,0,270,0,0,0
0,16.99084,0,0,0,270,0,0,0
0,16.99907,0,0,0,270,0,0,0
0,17.00645,0,0,0,270,0,0,0
0,17.01502,0,0,0,270,0,0,0
0,17.02326,0,0,0,270,0,0,0
0,17.03174,0,0,0,270,0,0,0
0,17.03896,0,0,0,270,0,0,0
0,17.04681,0,0,0,270,0,0,0
0,17.05524,0,0,0,270,0,0,0
0,17.06229,0,0,0,270,0,0,0
0,17.06973,0,0,0,270,0,0,0
0,17.07746,0,0,0,270,0,0,0
0,17.08431,0,0,0,270,0,0,0
0,17.09196,0,0,0,270,0,0,0
0,17.09928,0,0,0,270,0,0,0
0,17.10611,0,0,0,270,0,0,0
0,17.11301,0,0,0,270,0,0,0
0,17.12037,0,0,0,270,0,0,0
0,17.12845,0,0,0,270,0,0,0
0,17.13715,0,0,0,270,0,0,0
0,17.14561,0,0,0,270,0,0,0
0,17.15459,0,0,0,270,0,0,0
0,17.16189,0,0,0,270,0,0,0
0,17.17061,0,0,0,270,0,0,0
0,17.17896,0,0,0,270,0,0,0
0,17.18613,0,0,0,270,0,0,0
0,17.1934,0,0,0,270,0,0,0
0,17.20141,0,0,0,270,0,0,0
0,17.20813,0,0,0,270,0,0,0
0,17.2159,0,0,0,270,0,0,0
0,17.22452,0,0,0,270,0,0,0
0,17.23184,0,0,0,270,0,0,0
0,17.2393,0,0,0,270,0,0,0
0,17.24887,0,0,0,270,0,0,0
0,17.25765,0,0,0,270,0,0,0
0,17.26538,0,0,0,270,0,0,0
0,17.27191,0,0,0,270,0,0,0
0,17.27896,0,0,0,270,0,0,0
0,17.28656,0,0,0,270,0,0,0
0,17.29393,0,0,0,270,0,0,0
0,17.30126,0,0,0,270,0,0,0
0,17.31006,0,0,0,270,0,0,0
0,17.3207,0,0,0,270,0,0,0
0,17.3307,0,0,0,270,0,0,0
0,17.34107,0,0,0,270,0,0,0
0,17.35043,0,0,0,270,0,0,0
0,17.36036,0,0,0,270,0,0,0
0,17.36969,0,0,0,270,0,0,0
0,17.37889,0,0,0,270,0,0,0
0,17.38943,0,0,0,270,0,0,0
0,17.40153,0,0,0,270,0,0,0
0,17.41237,0,0,0,270,0,0,0
0,17.42373,0,0,0,270,0,0,0
0,17.43558,0,0,0,270,0,0,0
0,17.44724,0,0,0,270,0,0,0
0,17.45819,0,0,0,270,0,0,0
0,17.46962,0,0,0,270,0,0,0
0,17.48022,0,0,0,270,0,0,0
0,17.49203,0,0,0,270,0,0,0
0,17.50435,0,0,0,270,0,0,0
0,17.51465,0,0,0,270,0,0,0
0,17.52699,0,0,0,270,0,0,0
0,17.53912,0,0,0,270,0,0,0
0,17.54857,0,0,0,270,0,0,0
0,17.55886,0,0,0,270,0,0,0
0,17.56905,0,0,0,270,0,0,0
0,17.57764,0,0,0,270,0,0,0
0,17.58773,0,0,0,270,0,0,0
0,17.5983,0,0,0,270,0,0,0
0,17.6082,0,0,0,270,0,0,0
0,17.6188,0,0,0,270,0,0,0
0,17.62944,0,0,0,270,0,0,0
0,17.64024,0,0,0,270,0,0,0
0,17.65068,0,0,0,270,0,0,0
0,17.66082,0,0,0,270,0,0,0
0,17.67157,0,0,0,270,0,0,0
0,17.6831,0,0,0,270,0,0,0
0,17.6951,0,0,0,270,0,0,0
0,17.70409,0,0,0,270,0,0,0
0,17.71478,0,0,0,270,0,0,0
0,17.72551,0,0,0,270,0,0,0
0,17.73462,0,0,0,270,0,0,0
0,17.74434,0,0,0,270,0,0,0
0,17.75257,0,0,0,270,0,0,0
0,17.76202,0,0,0,270,0,0,0
0,17.77194,0,0,0,270,0,0,0
0,17.78122,0,0,0,270,0,0,0
0,17.79043,0,0,0,270,0,0,0
0,17.79917,0,0,0,270,0,0,0
0,17.80819,0,0,0,270,0,0,0
0,17.81855,0,0,0,270,0,0,0
0,17.82728,0,0,0,270,0,0,0
0,17.83685,0,0,0,270,0,0,0
0,17.84577,0,0,0,270,0,0,0
0,17.85641,0,0,0,270,0,0,0
0,17.86577,0,0,0,270,0,0,0
0,17.87492,0,0,0,270,0,0,0
0,17.88468,0,0,0,270,0,0,0
0,17.89379,0,0,0,270,0,0,0
0,17.90231,0,0,0,270,0,0,0
0,17.90984,0,0,0,270,0,0,0
0,17.91801,0,0,0,270,0,0,0
0,17.9278,0,0,0,270,0,0,0
0,17.93599,0,0,0,270,0,0,0
0,17.94415,0,0,0,270,0,0,0
0,17.95219,0,0,0,270,0,0,0
0,17.96066,0,0,0,270,0,0,0
0,17.96746,0,0,0,270,0,0,0
0,17.97471,0,0,0,270,0,0,0
0,17.98137,0,0,0,270,0,0,0
0,17.98802,0,0,0,270,0,0,0
0,17.99585,0,0,0,270,0,0,0
0,18.00325,0,0,0,270,0,0,0
0,18.01125,0,0,0,270,0,0,0
0,18.01771,0,0,0,270,0,0,0
0,18.02606,0,0,0,270,0,0,0
0,18.03329,0,0,0,270,0,0,0
0,18.04029,0,0,0,270,0,0,0
0,18.04682,0,0,0,270,0,0,0
0,18.05419,0,0,0,270,0,0,0
0,18.0623,0,0,0,270,0,0,0
0,18.07027,0,0,0,270,0,0,0
0,18.07802,0,0,0,270,0,0,0
0,18.08494,0,0,0,270,0,0,0
0,18.09193,0,0,0,270,0,0,0
0,18.09886,0,0,0,270,0,0,0
0,18.10607,0,0,0,270,0,0,0
0,18.11303,0,0,0,270,0,0,0
0,18.12072,0,0,0,270,0,0,0
0,18.12746,0,0,0,270,0,0,0
0,18.13493,0,0,0,270,0,0,0
0,18.14257,0,0,0,270,0,0,0
0,18.15091,0,0,0,270,0,0,0
0,18.15878,0,0,0,270,0,0,0
0,18.16861,0,0,0,270,0,0,0
0,18.17645,0,0,0,270,0,0,0
0,18.18501,0,0,0,270,0,0,0
0,18.19241,0,0,0,270,0,0,0
0,18.20125,0,0,0,270,0,0,0
0,18.21029,0,0,0,270,0,0,0
0,18.21795,0,0,0,270,0,0,0
0,18.22539,0,0,0,270,0,0,0
0,18.24146,0,0,0,270,0,0,0
0,18.24954,0,0,0,270,0,0,0
0,18.25704,0,0,0,270,0,0,0
0,18.26471,0,0,0,270,0,0,0
0,18.27223,0,0,0,270,0,0,0
0,18.28178,0,0,0,270,0,0,0
0,18.29037,0,0,0,270,0,0,0
0,18.29865,0,0,0,270,0,0,0
0,18.30781,0,0,0,270,0,0,0
0,18.31585,0,0,0,270,0,0,0
0,18.32335,0,0,0,270,0,0,0
0,18.32999,0,0,0,270,0,0,0
0,18.33824,0,0,0,270,0,0,0
0,18.3452,0,0,0,270,0,0,0
0,18.35236,0,0,0,270,0,0,0
0,18.35921,0,0,0,270,0,0,0
0,18.36698,0,0,0,270,0,0,0
0,18.37344,0,0,0,270,0,0,0
0,18.38073,0,0,0,270,0,0,0
0,18.38856,0,0,0,270,0,0,0
0,18.39638,0,0,0,270,0,0,0
0,18.40535,0,0,0,270,0,0,0
0,18.41284,0,0,0,270,0,0,0
0,18.42031,0,0,0,270,0,0,0
0,18.42849,0,0,0,270,0,0,0
0,18.43784,0,0,0,270,0,0,0
0,18.44709,0,0,0,270,0,0,0
0,18.45762,0,0,0,270,0,0,0
0,18.46749,0,0,0,270,0,0,0
0,18.47688,0,0,0,270,0,0,0
0,18.48446,0,0,0,270,0,0,0
0,18.49289,0,0,0,270,0,0,0
0,18.50196,0,0,0,270,0,0,0
0,18.51094,0,0,0,270,0,0,0
0,18.51785,0,0,0,270,0,0,0
0,18.52765,0,0,0,270,0,0,0
0,18.53775,0,0,0,270,0,0,0
0,18.54685,0,0,0,270,0,0,0
0,18.55709,0,0,0,270,0,0,0
0,18.56823,0,0,0,270,0,0,0
0,18.5782,0,0,0,270,0,0,0
0,18.58904,0,0,0,270,0,0,0
0,18.59685,0,0,0,270,0,0,0
0,18.60539,0,0,0,270,0,0,0
0,18.61592,0,0,0,270,0,0,0
0,18.62639,0,0,0,270,0,0,0
0,18.63623,0,0,0,270,0,0,0
0,18.64613,0,0,0,270,0,0,0
0,18.65711,0,0,0,270,0,0,0
0,18.66744,0,0,0,270,0,0,0
0,18.67807,0,0,0,270,0,0,0
0,18.68818,0,0,0,270,0,0,0
0,18.69705,0,0,0,270,0,0,0
0,18.70584,0,0,0,270,0,0,0
0,18.71514,0,0,0,270,0,0,0
0,18.72512,0,0,0,270,0,0,0
0,18.73471,0,0,0,270,0,0,0
0,18.74409,0,0,0,270,0,0,0
0,18.75409,0,0,0,270,0,0,0
0,18.76269,0,0,0,270,0,0,0
0,18.77204,0,0,0,270,0,0,0
0,18.78295,0,0,0,270,0,0,0
0,18.79415,0,0,0,270,0,0,0
0,18.80375,0,0,0,270,0,0,0
0,18.8148,0,0,0,270,0,0,0
0,18.82597,0,0,0,270,0,0,0
0,18.83473,0,0,0,270,0,0,0
0,18.84332,0,0,0,270,0,0,0
0,18.85115,0,0,0,270,0,0,0
0,18.86039,0,0,0,270,0,0,0
0,18.86945,0,0,0,270,0,0,0
0,18.87816,0,0,0,270,0,0,0
0,18.8869,0,0,0,270,0,0,0
0,18.89439,0,0,0,270,0,0,0
0,18.90498,0,0,0,270,0,0,0
0,18.91493,0,0,0,270,0,0,0
0,18.9228,0,0,0,270,0,0,0
0,18.93331,0,0,0,270,0,0,0
0,18.94055,0,0,0,270,0,0,0
0,18.94872,0,0,0,270,0,0,0
0,18.95879,0,0,0,270,0,0,0
0,18.96934,0,0,0,270,0,0,0
0,18.97916,0,0,0,270,0,0,0
0,18.98598,0,0,0,270,0,0,0
0,18.99412,0,0,0,270,0,0,0
0,19.00137,0,0,0,270,0,0,0
0,19.00962,0,0,0,270,0,0,0
0,19.01726,0,0,0,270,0,0,0
0,19.02622,0,0,0,270,0,0,0
0,19.03428,0,0,0,270,0,0,0
0,19.04411,0,0,0,270,0,0,0
0,19.05203,0,0,0,270,0,0,0
0,19.05969,0,0,0,270,0,0,0
0,19.06778,0,0,0,270,0,0,0
0,19.07639,0,0,0,270,0,0,0
0,19.08458,0,0,0,270,0,0,0
0,19.09385,0,0,0,270,0,0,0
0,19.10263,0,0,0,270,0,0,0
0,19.11004,0,0,0,270,0,0,0
0,19.11791,0,0,0,270,0,0,0
0,19.12493,0,0,0,270,0,0,0
0,19.13323,0,0,0,270,0,0,0
0,19.141,0,0,0,270,0,0,0
0,19.14841,0,0,0,270,0,0,0
0,19.15579,0,0,0,270,0,0,0
0,19.16557,0,0,0,270,0,0,0
0,19.1729,0,0,0,270,0,0,0
0,19.18256,0,0,0,270,0,0,0
0,19.19146,0,0,0,270,0,0,0
0,19.19946,0,0,0,270,0,0,0
0,19.20634,0,0,0,270,0,0,0
0,19.21559,0,0,0,270,0,0,0
0,19.22275,0,0,0,270,0,0,0
0,19.22975,0,0,0,270,0,0,0
0,19.23704,0,0,0,270,0,0,0
0,19.24632,0,0,0,270,0,0,0
0,19.25382,0,0,0,270,0,0,0
0,19.26143,0,0,0,270,0,0,0
0,19.26913,0,0,0,270,0,0,0
0,19.27633,0,0,0,270,0,0,0
0,19.28275,0,0,0,270,0,0,0
0,19.29175,0,0,0,270,0,0,0
0,19.29974,0,0,0,270,0,0,0
0,19.30753,0,0,0,270,0,0,0
0,19.31423,0,0,0,270,0,0,0
0,19.32296,0,0,0,270,0,0,0
0,19.32965,0,0,0,270,0,0,0
0,19.33756,0,0,0,270,0,0,0
0,19.34563,0,0,0,270,0,0,0
0,19.35264,0,0,0,270,0,0,0
0,19.35991,0,0,0,270,0,0,0
0,19.36792,0,0,0,270,0,0,0
0,19.3746,0,0,0,270,0,0,0
0,19.38178,0,0,0,270,0,0,0
0,19.38868,0,0,0,270,0,0,0
0,19.39522,0,0,0,270,0,0,0
0,19.40261,0,0,0,270,0,0,0
0,19.41088,0,0,0,270,0,0,0
0,19.41884,0,0,0,270,0,0,0
0,19.42704,0,0,0,270,0,0,0
0,19.43583,0,0,0,270,0,0,0
0,19.44414,0,0,0,270,0,0,0
0,19.4514,0,0,0,270,0,0,0
0,19.45925,0,0,0,270,0,0,0
0,19.46731,0,0,0,270,0,0,0
0,19.47473,0,0,0,270,0,0,0
0,19.48295,0,0,0,270,0,0,0
0,19.49054,0,0,0,270,0,0,0
0,19.49826,0,0,0,270,0,0,0
0,19.50579,0,0,0,270,0,0,0
0,19.51279,0,0,0,270,0,0,0
0,19.51944,0,0,0,270,0,0,0
0,19.52762,0,0,0,270,0,0,0
0,19.53666,0,0,0,270,0,0,0
0,19.54425,0,0,0,270,0,0,0
0,19.55227,0,0,0,270,0,0,0
0,19.56115,0,0,0,270,0,0,0
0,19.5696,0,0,0,270,0,0,0
0,19.57808,0,0,0,270,0,0,0
0,19.58584,0,0,0,270,0,0,0
0,19.59374,0,0,0,270,0,0,0
0,19.60297,0,0,0,270,0,0,0
0,19.61032,0,0,0,270,0,0,0
0,19.62022,0,0,0,270,0,0,0
0,19.62884,0,0,0,270,0,0,0
0,19.63761,0,0,0,270,0,0,0
0,19.64639,0,0,0,270,0,0,0
0,19.65528,0,0,0,270,0,0,0
0,19.66549,0,0,0,270,0,0,0
0,19.68064,0,0,0,270,0,0,0
0,19.6915,0,0,0,270,0,0,0
0,19.70297,0,0,0,270,0,0,0
0,19.71358,0,0,0,270,0,0,0
0,19.72325,0,0,0,270,0,0,0
0,19.73354,0,0,0,270,0,0,0
0,19.74514,0,0,0,270,0,0,0
0,19.75614,0,0,0,270,0,0,0
0,19.76722,0,0,0,270,0,0,0
0,19.77842,0,0,0,270,0,0,0
0,19.78898,0,0,0,270,0,0,0
0,19.80403,0,0,0,270,0,0,0
0,19.81721,0,0,0,270,0,0,0
0,19.83346,0,0,0,270,0,0,0
0,19.84381,0,0,0,270,0,0,0
0,19.85361,0,0,0,270,0,0,0
0,19.86298,0,0,0,270,0,0,0
0,19.87314,0,0,0,270,0,0,0
0,19.88286,0,0,0,270,0,0,0
0,19.89189,0,0,0,270,0,0,0
0,19.90191,0,0,0,270,0,0,0
0,19.9103,0,0,0,270,0,0,0
0,19.92113,0,0,0,270,0,0,0
0,19.92994,0,0,0,270,0,0,0
0,19.93915,0,0,0,270,0,0,0
0,19.94949,0,0,0,270,0,0,0
0,19.96018,0,0,0,270,0,0,0
0,19.9705,0,0,0,270,0,0,0
0,19.98014,0,0,0,270,0,0,0
0,19.98902,0,0,0,270,0,0,0
0,19.99728,0,0,0,270,0,0,0
0,20.00608,0,0,0,270,0,0,0
0,20.01458,0,0,0,270,0,0,0
0,20.02305,0,0,0,270,0,0,0
0,20.03029,0,0,0,270,0,0,0
7,20.06361,0,0,0,270,0,0,0
7,20.07755,0,0,0,270,0,0,0
7,20.09246,0,0,0,90.00001,-3,0,0
7,20.10389,0,0,0,90.00001,-3,0,0
7,20.11335,0,0,0,90.00001,-3,0,0
7,20.12317,0,0,0,90.00001,-3,0,0
7,20.13335,0,0,0,90.00001,-3,0,0
7,20.14824,0,0,0,90.00001,-3,0,0
7,20.15816,0,0,0,90.00001,-3,0,0
7,20.16653,0,0,0,90.00001,-3,0,0
7,20.17496,0,0,0,90.00001,-3,0,0
7,20.18448,0,0,0,90.00001,-3,0,0
7,20.1942,0,0,0,90.00001,-3,0,0
7,20.20474,0,0,0,90.00001,-3,0,0
7,20.21325,0,0,0,90.00001,-3,0,0
7,20.2215,0,0,0,90.00001,-3,0,0
7,20.23048,0,0,0,90.00001,-3,0,0
7,20.23984,0,0,0,90.00001,-3,0,0
7,20.24813,0,0,0,90.00001,-3,0,0
7,20.25586,0,0,0,90.00001,-3,0,0
7,20.26352,0,0,0,90.00001,-3,0,0
7,20.27096,0,0,0,90.00001,-3,0,0
7,20.2789,0,0,0,90.00001,-3,0,0
7,20.28583,0,0,0,90.00001,-3,0,0
7,20.29382,0,0,0,90.00001,-3,0,0
7,20.30103,0,0,0,90.00001,-3,0,0
7,20.31042,0,0,0,90.00001,-3,0,0
7,20.32103,0,0,0,90.00001,-3,0,0
7,20.33003,0,0,0,90.00001,-3,0,0
7,20.34011,0,0,0,90.00001,-3,0,0
7,20.34859,0,0,0,90.00001,-3,0,0
7,20.35698,0,0,0,90.00001,-3,0,0
7,20.36466,0,0,0,90.00001,-3,0,0
7,20.37196,0,0,0,90.00001,-3,0,0
7,20.37916,0,0,0,90.00001,-3,0,0
7,20.38667,0,0,0,90.00001,-3,0,0
7,20.39347,0,0,0,90.00001,-3,0,0
7,20.40146,0,0,0,90.00001,-3,0,0
7,20.40895,0,0,0,90.00001,-3,0,0
7,20.41681,0,0,0,90.00001,-3,0,0
7,20.42562,0,0,0,90.00001,-3,0,0
7,20.43549,0,0,0,90.00001,-3,0,0
7,20.44422,0,0,0,90.00001,-3,0,0
7,20.45271,0,0,0,90.00001,-3,0,0
7,20.46046,0,0,0,90.00001,-3,0,0
7,20.46767,0,0,0,90.00001,-3,0,0
7,20.475,0,0,0,90.00001,-3,0,0
7,20.4841,0,0,0,90.00001,-3,0,0
7,20.49207,0,0,0,90.00001,-3,0,0
7,20.49891,0,0,0,90.00001,-3,0,0
7,20.50643,0,0,0,90.00001,-3,0,0
7,20.51476,0,0,0,90.00001,-3,0,0
7,20.5225,0,0,0,90.00001,-3,0,0
7,20.53056,0,0,0,90.00001,-3,0,0
7,20.539,0,0,0,90.00001,-3,0,0
7,20.54624,0,0,0,90.00001,-3,0,0
7,20.55409,0,0,0,90.00001,-3,0,0
7,20.56112,0,0,0,90.00001,-3,0,0
7,20.56782,0,0,0,90.00001,-3,0,0
7,20.57631,0,0,0,90.00001,-3,0,0
7,20.58379,0,0,0,90.00001,-3,0,0
7,20.59249,0,0,0,90.00001,-3,0,0
7,20.60072,0,0,0,90.00001,-3,0,0
7,20.60897,0,0,0,90.00001,-3,0,0
7,20.61702,0,0,0,90.00001,-3,0,0
7,20.62459,0,0,0,90.00001,-3,0,0
7,20.63276,0,0,0,90.00001,-3,0,0
7,20.64061,0,0,0,90.00001,-3,0,0
7,20.64826,0,0,0,90.00001,-3,0,0
7,20.65714,0,0,0,90.00001,-3,0,0
7,20.66499,0,0,0,90.00001,-3,0,0
7,20.67354,0,0,0,90.00001,-3,0,0
7,20.68213,0,0,0,90.00001,-3,0,0
7,20.69024,0,0,0,90.00001,-3,0,0
7,20.6985,0,0,0,90.00001,-3,0,0
7,20.70556,0,0,0,90.00001,-3,0,0
7,20.71413,0,0,0,90.00001,-3,0,0
7,20.72124,0,0,0,90.00001,-3,0,0
7,20.72897,0,0,0,90.00001,-3,0,0
7,20.73699,0,0,0,90.00001,-3,0,0
7,20.74595,0,0,0,90.00001,-3,0,0
7,20.75402,0,0,0,90.00001,-3,0,0
7,20.76466,0,0,0,90.00001,-3,0,0
7,20.77409,0,0,0,90.00001,-3,0,0
7,20.78266,0,0,0,90.00001,-3,0,0
7,20.7917,0,0,0,90.00001,-3,0,0
7,20.80032,0,0,0,90.00001,-3,0,0
7,20.81123,0,0,0,90.00001,-3,0,0
7,20.8216,0,0,0,90.00001,-3,0,0
7,20.83307,0,0,0,90.00001,-3,0,0
7,20.84385,0,0,0,90.00001,-3,0,0
7,20.85304,0,0,0,90.00001,-3,0,0
7,20.86236,0,0,0,90.00001,-3,0,0
7,20.87335,0,0,0,90.00001,-3,0,0
7,20.88376,0,0,0,90.00001,-3,0,0
7,20.89421,0,0,0,90.00001,-3,0,0
7,20.90593,0,0,0,90.00001,-3,0,0
7,20.91765,0,0,0,90.00001,-3,0,0
7,20.92891,0,0,0,90.00001,-3,0,0
7,20.94132,0,0,0,90.00001,-3,0,0
7,20.95421,0,0,0,90.00001,-3,0,0
7,20.96491,0,0,0,90.00001,-3,0,0
7,20.97384,0,0,0,90.00001,-3,0,0
7,20.98407,0,0,0,90.00001,-3,0,0
7,20.99219,0,0,0,90.00001,-3,0,0
7,21.0034,0,0,0,90.00001,-3,0,0
7,21.0142,0,0,0,90.00001,-3,0,0
7,21.02371,0,0,0,90.00001,-3,0,0
7,21.03336,0,0,0,90.00001,-3,0,0
7,21.04298,0,0,0,90.00001,-3,0,0
7,21.05191,0,0,0,90.00001,-3,0,0
7,21.06268,0,0,0,90.00001,-3,0,0
7,21.07176,0,0,0,90.00001,-3,0,0
7,21.08407,0,0,0,90.00001,-3,0,0
7,21.09646,0,0,0,90.00001,-3,0,0
7,21.10813,0,0,0,90.00001,-3,0,0
7,21.1203,0,0,0,90.00001,-3,0,0
7,21.13493,0,0,0,90.00001,-3,0,0
7,21.14598,0,0,0,90.00001,-3,0,0
7,21.15712,0,0,0,90.00001,-3,0,0
7,21.16821,0,0,0,90.00001,-3,0,0
7,21.17754,0,0,0,90.00001,-3,0,0
7,21.18779,0,0,0,90.00001,-3,0,0
7,21.19729,0,0,0,90.00001,-3,0,0
7,21.20788,0,0,0,90.00001,-3,0,0
7,21.21957,0,0,0,90.00001,-3,0,0
7,21.23113,0,0,0,90.00001,-3,0,0
7,21.24212,0,0,0,90.00001,-3,0,0
7,21.25337,0,0,0,90.00001,-3,0,0
7,21.26612,0,0,0,90.00001,-3,0,0
7,21.27603,0,0,0,90.00001,-3,0,0
7,21.28479,0,0,0,90.00001,-3,0,0
7,21.29408,0,0,0,90.00001,-3,0,0
7,21.3063,0,0,0,90.00001,-3,0,0
7,21.31496,0,0,0,90.00001,-3,0,0
7,21.32415,0,0,0,90.00001,-3,0,0
7,21.33403,0,0,0,90.00001,-3,0,0
7,21.34325,0,0,0,90.00001,-3,0,0
7,21.35209,0,0,0,90.00001,-3,0,0
7,21.36116,0,0,0,90.00001,-3,0,0
7,21.37135,0,0,0,90.00001,-3,0,0
7,21.38011,0,0,0,90.00001,-3,0,0
7,21.38919,0,0,0,90.00001,-3,0,0
7,21.39684,0,0,0,90.00001,-3,0,0
7,21.40491,0,0,0,90.00001,-3,0,0
7,21.41339,0,0,0,90.00001,-3,0,0
7,21.4217,0,0,0,90.00001,-3,0,0
7,21.43008,0,0,0,90.00001,-3,0,0
7,21.4384,0,0,0,90.00001,-3,0,0
7,21.44797,0,0,0,90.00001,-3,0,0
7,21.45659,0,0,0,90.00001,-3,0,0
7,21.46581,0,0,0,90.00001,-3,0,0
7,21.47395,0,0,0,90.00001,-3,0,0
7,21.4824,0,0,0,90.00001,-3,0,0
7,21.49088,0,0,0,90.00001,-3,0,0
7,21.50024,0,0,0,90.00001,-3,0,0
7,21.51019,0,0,0,90.00001,-3,0,0
7,21.5233,0,0,0,90.00001,-3,0,0
7,21.53758,0,0,0,90.00001,-3,0,0
7,21.54515,0,0,0,90.00001,-3,0,0
7,21.5522,0,0,0,90.00001,-3,0,0
7,21.56034,0,0,0,90.00001,-3,0,0
7,21.56871,0,0,0,90.00001,-3,0,0
7,21.57699,0,0,0,90.00001,-3,0,0
7,21.58443,0,0,0,90.00001,-3,0,0
7,21.5938,0,0,0,90.00001,-3,0,0
7,21.60306,0,0,0,90.00001,-3,0,0
7,21.61355,0,0,0,90.00001,-3,0,0
7,21.62301,0,0,0,90.00001,-3,0,0
7,21.63227,0,0,0,90.00001,-3,0,0
7,21.63946,0,0,0,90.00001,-3,0,0
7,21.64709,0,0,0,90.00001,-3,0,0
7,21.65483,0,0,0,90.00001,-3,0,0
7,21.66203,0,0,0,90.00001,-3,0,0
7,21.67009,0,0,0,90.00001,-3,0,0
7,21.67908,0,0,0,90.00001,-3,0,0
7,21.68705,0,0,0,90.00001,-3,0,0
7,21.69587,0,0,0,90.00001,-3,0,0
7,21.70479,0,0,0,90.00001,-3,0,0
7,21.71495,0,0,0,90.00001,-3,0,0
7,21.72357,0,0,0,90.00001,-3,0,0
7,21.73187,0,0,0,90.00001,-3,0,0
7,21.74069,0,0,0,90.00001,-3,0,0
7,21.74944,0,0,0,90.00001,-3,0,0
7,21.7596,0,0,0,90.00001,-3,0,0
7,21.76818,0,0,0,90.00001,-3,0,0
7,21.77737,0,0,0,90.00001,-3,0,0
7,21.7856,0,0,0,90.00001,-3,0,0
7,21.79434,0,0,0,90.00001,-3,0,0
7,21.80271,0,0,0,90.00001,-3,0,0
7,21.81172,0,0,0,90.00001,-3,0,0
7,21.81893,0,0,0,90.00001,-3,0,0
7,21.8267,0,0,0,90.00001,-3,0,0
7,21.83497,0,0,0,90.00001,-3,0,0
7,21.84451,0,0,0,90.00001,-3,0,0
7,21.85436,0,0,0,90.00001,-3,0,0
7,21.86263,0,0,0,90.00001,-3,0,0
7,21.87208,0,0,0,90.00001,-3,0,0
7,21.88203,0,0,0,90.00001,-3,0,0
7,21.89155,0,0,0,90.00001,-3,0,0
7,21.90145,0,0,0,90.00001,-3,0,0
7,21.90994,0,0,0,90.00001,-3,0,0
7,21.918,0,0,0,90.00001,-3,0,0
7,21.92689,0,0,0,90.00001,-3,0,0
7,21.93715,0,0,0,90.00001,-3,0,0
7,21.94677,0,0,0,90.00001,-3,0,0
7,21.95755,0,0,0,90.00001,-3,0,0
7,21.96915,0,0,0,90.00001,-3,0,0
7,21.97822,0,0,0,90.00001,-3,0,0
7,21.98795,0,0,0,90.00001,-3,0,0
7,21.99885,0,0,0,90.00001,-3,0,0
7,22.00793,0,0,0,90.00001,-3,0,0
7,22.01746,0,0,0,90.00001,-3,0,0
7,22.02903,0,0,0,90.00001,-3,0,0
7,22.04056,0,0,0,90.00001,-3,0,0
7,22.051,0,0,0,90.00001,-3,0,0
7,22.06147,0,0,0,90.00001,-3,0,0
7,22.07287,0,0,0,90.00001,-3,0,0
7,22.08373,0,0,0,90.00001,-3,0,0
7,22.0946,0,0,0,90.00001,-3,0,0
7,22.10496,0,0,0,90.00001,-3,0,0
7,22.11421,0,0,0,90.00001,-3,0,0
7,22.12385,0,0,0,90.00001,-3,0,0
7,22.13447,0,0,0,90.00001,-3,0,0
7,22.14466,0,0,0,90.00001,-3,0,0
7,22.1559,0,0,0,90.00001,-3,0,0
7,22.16699,0,0,0,90.00001,-3,0,0
7,22.17569,0,0,0,90.00001,-3,0,0
7,22.18482,0,0,0,90.00001,-3,0,0
7,22.1932,0,0,0,90.00001,-3,0,0
7,22.20246,0,0,0,90.00001,-3,0,0
7,22.21192,0,0,0,90.00001,-3,0,0
7,22.22157,0,0,0,90.00001,-3,0,0
7,22.2327,0,0,0,90.00001,-3,0,0
7,22.24681,0,0,0,90.00001,-3,0,0
7,22.25936,0,0,0,90.00001,-3,0,0
7,22.27079,0,0,0,90.00001,-3,0,0
7,22.2835,0,0,0,90.00001,-3,0,0
7,22.29307,0,0,0,90.00001,-3,0,0
7,22.3012,0,0,0,90.00001,-3,0,0
7,22.31031,0,0,0,90.00001,-3,0,0
7,22.32055,0,0,0,90.00001,-3,0,0
7,22.32952,0,0,0,90.00001,-3,0,0
7,22.33886,0,0,0,90.00001,-3,0,0
7,22.34761,0,0,0,90.00001,-3,0,0
7,22.35738,0,0,0,90.00001,-3,0,0
7,22.36538,0,0,0,90.00001,-3,0,0
7,22.37621,0,0,0,90.00001,-3,0,0
7,22.38713,0,0,0,90.00001,-3,0,0
7,22.39696,0,0,0,90.00001,-3,0,0
7,22.40572,0,0,0,90.00001,-3,0,0
7,22.41465,0,0,0,90.00001,-3,0,0
7,22.42278,0,0,0,90.00001,-3,0,0
7,22.43129,0,0,0,90.00001,-3,0,0
7,22.44028,0,0,0,90.00001,-3,0,0
7,22.44906,0,0,0,90.00001,-3,0,0
7,22.45694,0,0,0,90.00001,-3,0,0
7,22.46486,0,0,0,90.00001,-3,0,0
7,22.47352,0,0,0,90.00001,-3,0,0
7,22.48225,0,0,0,90.00001,-3,0,0
7,22.49193,0,0,0,90.00001,-3,0,0
7,22.49979,0,0,0,90.00001,-3,0,0
7,22.50721,0,0,0,90.00001,-3,0,0
7,22.51619,0,0,0,90.00001,-3,0,0
7,22.52569,0,0,0,90.00001,-3,0,0
7,22.53345,0,0,0,90.00001,-3,0,0
7,22.54126,0,0,0,90.00001,-3,0,0
7,22.54966,0,0,0,90.00001,-3,0,0
7,22.55814,0,0,0,90.00001,-3,0,0
7,22.56565,0,0,0,90.00001,-3,0,0
7,22.57382,0,0,0,90.00001,-3,0,0
7,22.58142,0,0,0,90.00001,-3,0,0
7,22.58885,0,0,0,90.00001,-3,0,0
7,22.59569,0,0,0,90.00001,-3,0,0
7,22.60302,0,0,0,90.00001,-3,0,0
7,22.61161,0,0,0,90.00001,-3,0,0
7,22.62028,0,0,0,90.00001,-3,0,0
7,22.62815,0,0,0,90.00001,-3,0,0
7,22.63621,0,0,0,90.00001,-3,0,0
7,22.64374,0,0,0,90.00001,-3,0,0
7,22.65136,0,0,0,90.00001,-3,0,0
7,22.65848,0,0,0,90.00001,-3,0,0
7,22.66623,0,0,0,90.00001,-3,0,0
7,22.67331,0,0,0,90.00001,-3,0,0
7,22.68069,0,0,0,90.00001,-3,0,0
7,22.68866,0,0,0,90.00001,-3,0,0
7,22.69808,0,0,0,90.00001,-3,0,0
7,22.70609,0,0,0,90.00001,-3,0,0
7,22.71463,0,0,0,90.00001,-3,0,0
7,22.72296,0,0,0,90.00001,-3,0,0
7,22.73037,0,0,0,90.00001,-3,0,0
7,22.73784,0,0,0,90.00001,-3,0,0
7,22.74543,0,0,0,90.00001,-3,0,0
7,22.75257,0,0,0,90.00001,-3,0,0
7,22.75959,0,0,0,90.00001,-3,0,0
7,22.76696,0,0,0,90.00001,-3,0,0
7,22.77477,0,0,0,90.00001,-3,0,0
7,22.78251,0,0,0,90.00001,-3,0,0
7,22.78948,0,0,0,90.00001,-3,0,0
7,22.79841,0,0,0,90.00001,-3,0,0
7,22.80656,0,0,0,90.00001,-3,0,0
7,22.81455,0,0,0,90.00001,-3,0,0
7,22.82265,0,0,0,90.00001,-3,0,0
7,22.83072,0,0,0,90.00001,-3,0,0
7,22.83864,0,0,0,90.00001,-3,0,0
7,22.84622,0,0,0,90.00001,-3,0,0
7,22.85473,0,0,0,90.00001,-3,0,0
7,22.86159,0,0,0,90.00001,-3,0,0
7,22.86955,0,0,0,90.00001,-3,0,0
7,22.87779,0,0,0,90.00001,-3,0,0
7,22.88546,0,0,0,90.00001,-3,0,0
7,22.89282,0,0,0,90.00001,-3,0,0
7,22.90013,0,0,0,90.00001,-3,0,0
7,22.90723,0,0,0,90.00001,-3,0,0
7,22.91483,0,0,0,90.00001,-3,0,0
7,22.92201,0,0,0,90.00001,-3,0,0
7,22.92881,0,0,0,90.00001,-3,0,0
7,22.93611,0,0,0,90.00001,-3,0,0
7,22.94334,0,0,0,90.00001,-3,0,0
7,22.95097,0,0,0,90.00001,-3,0,0
7,22.95861,0,0,0,90.00001,-3,0,0
7,22.96674,0,0,0,90.00001,-3,0,0
7,22.97371,0,0,0,90.00001,-3,0,0
7,22.9819,0,0,0,90.00001,-3,0,0
7,22.98924,0,0,0,90.00001,-3,0,0
7,22.9964,0,0,0,90.00001,-3,0,0
7,23.0037,0,0,0,90.00001,-3,0,0
7,23.01266,0,0,0,90.00001,-3,0,0
7,23.02165,0,0,0,90.00001,-3,0,0
7,23.03001,0,0,0,90.00001,-3,0,0
7,23.03861,0,0,0,90.00001,-3,0,0
7,23.0501,0,0,0,90.00001,-3,0,0
7,23.05939,0,0,0,90.00001,-3,0,0
7,23.0711,0,0,0,90.00001,-3,0,0
7,23.0812,0,0,0,90.00001,-3,0,0
7,23.08957,0,0,0,90.00001,-3,0,0
7,23.09737,0,0,0,90.00001,-3,0,0
7,23.10709,0,0,0,90.00001,-3,0,0
7,23.11615,0,0,0,90.00001,-3,0,0
7,23.13863,0,0,0,90.00001,-3,0,0
7,23.14818,0,0,0,90.00001,-3,0,0
7,23.15823,0,0,0,90.00001,-3,0,0
7,23.16891,0,0,0,90.00001,-3,0,0
7,23.18229,0,0,0,90.00001,-3,0,0
7,23.19411,0,0,0,90.00001,-3,0,0
7,23.20361,0,0,0,90.00001,-3,0,0
7,23.21407,0,0,0,90.00001,-3,0,0
7,23.22332,0,0,0,90.00001,-3,0,0
7,23.23367,0,0,0,90.00001,-3,0,0
7,23.24408,0,0,0,90.00001,-3,0,0
7,23.25453,0,0,0,90.00001,-3,0,0
7,23.26658,0,0,0,90.00001,-3,0,0
7,23.27717,0,0,0,90.00001,-3,0,0
7,23.28704,0,0,0,90.00001,-3,0,0
7,23.29728,0,0,0,90.00001,-3,0,0
7,23.30818,0,0,0,90.00001,-3,0,0
7,23.31883,0,0,0,90.00001,-3,0,0
7,23.32938,0,0,0,90.00001,-3,0,0
7,23.34104,0,0,0,90.00001,-3,0,0
7,23.35099,0,0,0,90.00001,-3,0,0
7,23.35989,0,0,0,90.00001,-3,0,0
7,23.36933,0,0,0,90.00001,-3,0,0
7,23.38139,0,0,0,90.00001,-3,0,0
7,23.3925,0,0,0,90.00001,-3,0,0
7,23.40303,0,0,0,90.00001,-3,0,0
7,23.41256,0,0,0,90.00001,-3,0,0
7,23.42212,0,0,0,90.00001,-3,0,0
7,23.43145,0,0,0,90.00001,-3,0,0
7,23.43877,0,0,0,90.00001,-3,0,0
7,23.44801,0,0,0,90.00001,-3,0,0
7,23.4561,0,0,0,90.00001,-3,0,0
7,23.46576,0,0,0,90.00001,-3,0,0
7,23.47605,0,0,0,90.00001,-3,0,0
7,23.48497,0,0,0,90.00001,-3,0,0
7,23.49507,0,0,0,90.00001,-3,0,0
7,23.50457,0,0,0,90.00001,-3,0,0
7,23.51511,0,0,0,90.00001,-3,0,0
7,23.52527,0,0,0,90.00001,-3,0,0
7,23.53726,0,0,0,90.00001,-3,0,0
7,23.5468,0,0,0,90.00001,-3,0,0
7,23.55558,0,0,0,90.00001,-3,0,0
7,23.56367,0,0,0,90.00001,-3,0,0
7,23.57275,0,0,0,90.00001,-3,0,0
7,23.58135,0,0,0,90.00001,-3,0,0
7,23.59059,0,0,0,90.00001,-3,0,0
7,23.59879,0,0,0,90.00001,-3,0,0
7,23.60654,0,0,0,90.00001,-3,0,0
7,23.61408,0,0,0,90.00001,-3,0,0
7,23.62253,0,0,0,90.00001,-3,0,0
7,23.63115,0,0,0,90.00001,-3,0,0
7,23.64075,0,0,0,90.00001,-3,0,0
7,23.64874,0,0,0,90.00001,-3,0,0
7,23.65622,0,0,0,90.00001,-3,0,0
7,23.66372,0,0,0,90.00001,-3,0,0
7,23.67111,0,0,0,90.00001,-3,0,0
7,23.67924,0,0,0,90.00001,-3,0,0
7,23.68644,0,0,0,90.00001,-3,0,0
7,23.69441,0,0,0,90.00001,-3,0,0
7,23.70211,0,0,0,90.00001,-3,0,0
7,23.70967,0,0,0,90.00001,-3,0,0
7,23.71754,0,0,0,90.00001,-3,0,0
7,23.72509,0,0,0,90.00001,-3,0,0
7,23.73305,0,0,0,90.00001,-3,0,0
7,23.74123,0,0,0,90.00001,-3,0,0
7,23.74917,0,0,0,90.00001,-3,0,0
7,23.75662,0,0,0,90.00001,-3,0,0
7,23.76365,0,0,0,90.00001,-3,0,0
7,23.77091,0,0,0,90.00001,-3,0,0
7,23.77905,0,0,0,90.00001,-3,0,0
7,23.78629,0,0,0,90.00001,-3,0,0
7,23.79445,0,0,0,90.00001,-3,0,0
7,23.80145,0,0,0,90.00001,-3,0,0
7,23.80982,0,0,0,90.00001,-3,0,0
7,23.81822,0,0,0,90.00001,-3,0,0
7,23.82618,0,0,0,90.00001,-3,0,0
7,23.83394,0,0,0,90.00001,-3,0,0
7,23.84137,0,0,0,90.00001,-3,0,0
7,23.84851,0,0,0,90.00001,-3,0,0
7,23.85547,0,0,0,90.00001,-3,0,0
7,23.86207,0,0,0,90.00001,-3,0,0
7,23.86945,0,0,0,90.00001,-3,0,0
7,23.8764,0,0,0,90.00001,-3,0,0
7,23.88421,0,0,0,90.00001,-3,0,0
7,23.89244,0,0,0,90.00001,-3,0,0
7,23.90122,0,0,0,90.00001,-3,0,0
7,23.90804,0,0,0,90.00001,-3,0,0
7,23.91535,0,0,0,90.00001,-3,0,0
7,23.92265,0,0,0,90.00001,-3,0,0
7,23.93013,0,0,0,90.00001,-3,0,0
7,23.93695,0,0,0,90.00001,-3,0,0
7,23.94381,0,0,0,90.00001,-3,0,0
7,23.95003,0,0,0,90.00001,-3,0,0
7,23.95677,0,0,0,90.00001,-3,0,0
7,23.96475,0,0,0,90.00001,-3,0,0
7,23.97201,0,0,0,90.00001,-3,0,0
7,23.9799,0,0,0,90.00001,-3,0,0
7,23.98702,0,0,0,90.00001,-3,0,0
7,23.99419,0,0,0,90.00001,-3,0,0
7,24.00218,0,0,0,90.00001,-3,0,0
7,24.00982,0,0,0,90.00001,-3,0,0
7,24.01653,0,0,0,90.00001,-3,0,0
7,24.02458,0,0,0,90.00001,-3,0,0
7,24.0317,0,0,0,90.00001,-3,0,0
7,24.03824,0,0,0,90.00001,-3,0,0
7,24.04573,0,0,0,90.00001,-3,0,0
7,24.05332,0,0,0,90.00001,-3,0,0
7,24.06047,0,0,0,90.00001,-3,0,0
7,24.06992,0,0,0,90.00001,-3,0,0
7,24.0778,0,0,0,90.00001,-3,0,0
7,24.08454,0,0,0,90.00001,-3,0,0
7,24.09255,0,0,0,90.00001,-3,0,0
7,24.09955,0,0,0,90.00001,-3,0,0
7,24.10645,0,0,0,90.00001,-3,0,0
7,24.11426,0,0,0,90.00001,-3,0,0
7,24.12154,0,0,0,90.00001,-3,0,0
7,24.12837,0,0,0,90.00001,-3,0,0
7,24.13608,0,0,0,90.00001,-3,0,0
7,24.14445,0,0,0,90.00001,-3,0,0
7,24.15462,0,0,0,90.00001,-3,0,0
7,24.16272,0,0,0,90.00001,-3,0,0
7,24.17114,0,0,0,90.00001,-3,0,0
7,24.18052,0,0,0,90.00001,-3,0,0
7,24.1897,0,0,0,90.00001,-3,0,0
7,24.19879,0,0,0,90.00001,-3,0,0
7,24.20634,0,0,0,90.00001,-3,0,0
7,24.21525,0,0,0,90.00001,-3,0,0
7,24.22397,0,0,0,90.00001,-3,0,0
7,24.23315,0,0,0,90.00001,-3,0,0
7,24.24438,0,0,0,90.00001,-3,0,0
7,24.25517,0,0,0,90.00001,-3,0,0
7,24.26592,0,0,0,90.00001,-3,0,0
7,24.27807,0,0,0,90.00001,-3,0,0
7,24.28999,0,0,0,90.00001,-3,0,0
7,24.30256,0,0,0,90.00001,-3,0,0
7,24.31453,0,0,0,90.00001,-3,0,0
7,24.32605,0,0,0,90.00001,-3,0,0
7,24.33479,0,0,0,90.00001,-3,0,0
7,24.34422,0,0,0,90.00001,-3,0,0
7,24.35508,0,0,0,90.00001,-3,0,0
7,24.3653,0,0,0,90.00001,-3,0,0
7,24.37585,0,0,0,90.00001,-3,0,0
7,24.38523,0,0,0,90.00001,-3,0,0
7,24.39431,0,0,0,90.00001,-3,0,0
7,24.40391,0,0,0,90.00001,-3,0,0
7,24.4138,0,0,0,90.00001,-3,0,0
7,24.42371,0,0,0,90.00001,-3,0,0
7,24.43544,0,0,0,90.00001,-3,0,0
7,24.45181,0,0,0,90.00001,-3,0,0
7,24.46156,0,0,0,90.00001,-3,0,0
7,24.47194,0,0,0,90.00001,-3,0,0
7,24.48134,0,0,0,90.00001,-3,0,0
7,24.49023,0,0,0,90.00001,-3,0,0
7,24.50008,0,0,0,90.00001,-3,0,0
7,24.50912,0,0,0,90.00001,-3,0,0
7,24.51873,0,0,0,90.00001,-3,0,0
7,24.53053,0,0,0,90.00001,-3,0,0
7,24.54197,0,0,0,90.00001,-3,0,0
7,24.55296,0,0,0,90.00001,-3,0,0
7,24.56356,0,0,0,90.00001,-3,0,0
7,24.57353,0,0,0,90.00001,-3,0,0
7,24.58321,0,0,0,90.00001,-3,0,0
7,24.59273,0,0,0,90.00001,-3,0,0
7,24.60275,0,0,0,90.00001,-3,0,0
7,24.61211,0,0,0,90.00001,-3,0,0
7,24.62168,0,0,0,90.00001,-3,0,0
7,24.62968,0,0,0,90.00001,-3,0,0
7,24.63934,0,0,0,90.00001,-3,0,0
7,24.64891,0,0,0,90.00001,-3,0,0
7,24.65915,0,0,0,90.00001,-3,0,0
7,24.66928,0,0,0,90.00001,-3,0,0
7,24.67875,0,0,0,90.00001,-3,0,0
7,24.68657,0,0,0,90.00001,-3,0,0
7,24.696,0,0,0,90.00001,-3,0,0
7,24.70412,0,0,0,90.00001,-3,0,0
7,24.71183,0,0,0,90.00001,-3,0,0
7,24.71891,0,0,0,90.00001,-3,0,0
7,24.72722,0,0,0,90.00001,-3,0,0
7,24.73488,0,0,0,90.00001,-3,0,0
7,24.7417,0,0,0,90.00001,-3,0,0
7,24.74932,0,0,0,90.00001,-3,0,0
7,24.75886,0,0,0,90.00001,-3,0,0
7,24.77538,0,0,0,90.00001,-3,0,0
7,24.7819,0,0,0,90.00001,-3,0,0
7,24.78943,0,0,0,90.00001,-3,0,0
7,24.79634,0,0,0,90.00001,-3,0,0
7,24.80296,0,0,0,90.00001,-3,0,0
7,24.81013,0,0,0,90.00001,-3,0,0
7,24.81663,0,0,0,90.00001,-3,0,0
7,24.82407,0,0,0,90.00001,-3,0,0
7,24.832,0,0,0,90.00001,-3,0,0
7,24.83988,0,0,0,90.00001,-3,0,0
7,24.84756,0,0,0,90.00001,-3,0,0
7,24.85652,0,0,0,90.00001,-3,0,0
7,24.86343,0,0,0,90.00001,-3,0,0
7,24.87078,0,0,0,90.00001,-3,0,0
7,24.87837,0,0,0,90.00001,-3,0,0
7,24.88561,0,0,0,90.00001,-3,0,0
7,24.89308,0,0,0,90.00001,-3,0,0
7,24.90022,0,0,0,90.00001,-3,0,0
7,24.90716,0,0,0,90.00001,-3,0,0
7,24.91536,0,0,0,90.00001,-3,0,0
7,24.92272,0,0,0,90.00001,-3,0,0
7,24.92956,0,0,0,90.00001,-3,0,0
7,24.93682,0,0,0,90.00001,-3,0,0
7,24.94381,0,0,0,90.00001,-3,0,0
7,24.95178,0,0,0,90.00001,-3,0,0
7,24.95885,0,0,0,90.00001,-3,0,0
7,24.96688,0,0,0,90.00001,-3,0,0
7,24.97384,0,0,0,90.00001,-3,0,0
7,24.98268,0,0,0,90.00001,-3,0,0
7,24.99064,0,0,0,90.00001,-3,0,0
7,24.99834,0,0,0,90.00001,-3,0,0
7,25.00599,0,0,0,90.00001,-3,0,0
7,25.01424,0,0,0,90.00001,-3,0,0
7,25.02193,0,0,0,90.00001,-3,0,0
7,25.02901,0,0,0,90.00001,-3,0,0
7,25.03713,0,0,0,90.00001,-3,0,0
7,25.0459,0,0,0,90.00001,-3,0,0
7,25.05331,0,0,0,90.00001,-3,0,0
7,25.05996,0,0,0,90.00001,-3,0,0
7,25.06746,0,0,0,90.00001,-3,0,0
7,25.0748,0,0,0,90.00001,-3,0,0
7,25.0846,0,0,0,90.00001,-3,0,0
7,25.0933,0,0,0,90.00001,-3,0,0
7,25.10035,0,0,0,90.00001,-3,0,0
7,25.10935,0,0,0,90.00001,-3,0,0
7,25.11623,0,0,0,90.00001,-3,0,0
7,25.12339,0,0,0,90.00001,-3,0,0
7,25.13043,0,0,0,90.00001,-3,0,0
7,25.13748,0,0,0,90.00001,-3,0,0
7,25.14488,0,0,0,90.00001,-3,0,0
7,25.15153,0,0,0,90.00001,-3,0,0
7,25.16012,0,0,0,90.00001,-3,0,0
7,25.16887,0,0,0,90.00001,-3,0,0
7,25.17654,0,0,0,90.00001,-3,0,0
7,25.18368,0,0,0,90.00001,-3,0,0
7,25.19113,0,0,0,90.00001,-3,0,0
7,25.19991,0,0,0,90.00001,-3,0,0
7,25.20871,0,0,0,90.00001,-3,0,0
7,25.21852,0,0,0,90.00001,-3,0,0
7,25.2267,0,0,0,90.00001,-3,0,0
7,25.23576,0,0,0,90.00001,-3,0,0
7,25.24486,0,0,0,90.00001,-3,0,0
7,25.25259,0,0,0,90.00001,-3,0,0
7,25.26206,0,0,0,90.00001,-3,0,0
7,25.27036,0,0,0,90.00001,-3,0,0
7,25.27988,0,0,0,90.00001,-3,0,0
7,25.29036,0,0,0,90.00001,-3,0,0
7,25.30256,0,0,0,90.00001,-3,0,0
7,25.31427,0,0,0,90.00001,-3,0,0
7,25.32572,0,0,0,90.00001,-3,0,0
7,25.33645,0,0,0,90.00001,-3,0,0
7,25.34642,0,0,0,90.00001,-3,0,0
7,25.35522,0,0,0,90.00001,-3,0,0
7,25.36613,0,0,0,90.00001,-3,0,0
7,25.37666,0,0,0,90.00001,-3,0,0
7,25.38643,0,0,0,90.00001,-3,0,0
7,25.39769,0,0,0,90.00001,-3,0,0
7,25.40782,0,0,0,90.00001,-3,0,0
7,25.42021,0,0,0,90.00001,-3,0,0
7,25.43115,0,0,0,90.00001,-3,0,0
7,25.44112,0,0,0,90.00001,-3,0,0
7,25.45307,0,0,0,90.00001,-3,0,0
7,25.46406,0,0,0,90.00001,-3,0,0
7,25.47341,0,0,0,90.00001,-3,0,0
7,25.48454,0,0,0,90.00001,-3,0,0
7,25.49607,0,0,0,90.00001,-3,0,0
7,25.50583,0,0,0,90.00001,-3,0,0
7,25.51649,0,0,0,90.00001,-3,0,0
7,25.52844,0,0,0,90.00001,-3,0,0
7,25.539,0,0,0,90.00001,-3,0,0
7,25.54988,0,0,0,90.00001,-3,0,0
7,25.56062,0,0,0,90.00001,-3,0,0
7,25.573,0,0,0,90.00001,-3,0,0
7,25.58321,0,0,0,90.00001,-3,0,0
7,25.59378,0,0,0,90.00001,-3,0,0
7,25.60363,0,0,0,90.00001,-3,0,0
7,25.61395,0,0,0,90.00001,-3,0,0
7,25.62513,0,0,0,90.00001,-3,0,0
7,25.63623,0,0,0,90.00001,-3,0,0
7,25.64676,0,0,0,90.00001,-3,0,0
7,25.65748,0,0,0,90.00001,-3,0,0
7,25.66936,0,0,0,90.00001,-3,0,0
7,25.68381,0,0,0,90.00001,-3,0,0
7,25.69588,0,0,0,90.00001,-3,0,0
7,25.70698,0,0,0,90.00001,-3,0,0
7,25.71776,0,0,0,90.00001,-3,0,0
7,25.72665,0,0,0,90.00001,-3,0,0
7,25.73547,0,0,0,90.00001,-3,0,0
7,25.74539,0,0,0,90.00001,-3,0,0
7,25.75467,0,0,0,90.00001,-3,0,0
7,25.76313,0,0,0,90.00001,-3,0,0
7,25.77457,0,0,0,90.00001,-3,0,0
7,25.78504,0,0,0,90.00001,-3,0,0
7,25.79446,0,0,0,90.00001,-3,0,0
7,25.80401,0,0,0,90.00001,-3,0,0
7,25.81441,0,0,0,90.00001,-3,0,0
7,25.82398,0,0,0,90.00001,-3,0,0
7,25.8327,0,0,0,90.00001,-3,0,0
7,25.84106,0,0,0,90.00001,-3,0,0
7,25.85088,0,0,0,90.00001,-3,0,0
7,25.85871,0,0,0,90.00001,-3,0,0
7,25.86831,0,0,0,90.00001,-3,0,0
7,25.87766,0,0,0,90.00001,-3,0,0
7,25.88794,0,0,0,90.00001,-3,0,0
7,25.89662,0,0,0,90.00001,-3,0,0
7,25.90639,0,0,0,90.00001,-3,0,0
7,25.91554,0,0,0,90.00001,-3,0,0
7,25.92864,0,0,0,90.00001,-3,0,0
7,25.94219,0,0,0,90.00001,-3,0,0
7,25.9545,0,0,0,90.00001,-3,0,0
7,25.96355,0,0,0,90.00001,-3,0,0
7,25.97243,0,0,0,90.00001,-3,0,0
7,25.98062,0,0,0,90.00001,-3,0,0
7,25.9884,0,0,0,90.00001,-3,0,0
7,25.99587,0,0,0,90.00001,-3,0,0
7,26.00364,0,0,0,90.00001,-3,0,0
7,26.01119,0,0,0,90.00001,-3,0,0
7,26.01879,0,0,0,90.00001,-3,0,0
7,26.02716,0,0,0,90.00001,-3,0,0
7,26.03645,0,0,0,90.00001,-3,0,0
7,26.04436,0,0,0,90.00001,-3,0,0
7,26.0523,0,0,0,90.00001,-3,0,0
7,26.06031,0,0,0,90.00001,-3,0,0
7,26.06796,0,0,0,90.00001,-3,0,0
7,26.07606,0,0,0,90.00001,-3,0,0
7,26.08307,0,0,0,90.00001,-3,0,0
7,26.09287,0,0,0,90.00001,-3,0,0
7,26.10272,0,0,0,90.00001,-3,0,0
7,26.11082,0,0,0,90.00001,-3,0,0
7,26.11871,0,0,0,90.00001,-3,0,0
7,26.12644,0,0,0,90.00001,-3,0,0
7,26.1346,0,0,0,90.00001,-3,0,0
7,26.1423,0,0,0,90.00001,-3,0,0
7,26.1506,0,0,0,90.00001,-3,0,0
7,26.15953,0,0,0,90.00001,-3,0,0
7,26.17042,0,0,0,90.00001,-3,0,0
7,26.18173,0,0,0,90.00001,-3,0,0
7,26.19228,0,0,0,90.00001,-3,0,0
7,26.20238,0,0,0,90.00001,-3,0,0
7,26.21222,0,0,0,90.00001,-3,0,0
7,26.22158,0,0,0,90.00001,-3,0,0
7,26.23036,0,0,0,90.00001,-3,0,0
7,26.23989,0,0,0,90.00001,-3,0,0
7,26.24978,0,0,0,90.00001,-3,0,0
7,26.25944,0,0,0,90.00001,-3,0,0
7,26.26878,0,0,0,90.00001,-3,0,0
7,26.27801,0,0,0,90.00001,-3,0,0
7,26.286,0,0,0,90.00001,-3,0,0
7,26.29419,0,0,0,90.00001,-3,0,0
7,26.30327,0,0,0,90.00001,-3,0,0
7,26.31251,0,0,0,90.00001,-3,0,0
7,26.32327,0,0,0,90.00001,-3,0,0
7,26.33343,0,0,0,90.00001,-3,0,0
7,26.34472,0,0,0,90.00001,-3,0,0
7,26.35472,0,0,0,90.00001,-3,0,0
7,26.36306,0,0,0,90.00001,-3,0,0
7,26.37213,0,0,0,90.00001,-3,0,0
7,26.37962,0,0,0,90.00001,-3,0,0
7,26.38769,0,0,0,90.00001,-3,0,0
7,26.39531,0,0,0,90.00001,-3,0,0
7,26.40478,0,0,0,90.00001,-3,0,0
7,26.41491,0,0,0,90.00001,-3,0,0
7,26.42513,0,0,0,90.00001,-3,0,0
7,26.448,0,0,0,90.00001,-3,0,0
7,26.45929,0,0,0,90.00001,-3,0,0
7,26.47032,0,0,0,90.00001,-3,0,0
7,26.48049,0,0,0,90.00001,-3,0,0
7,26.49065,0,0,0,90.00001,-3,0,0
7,26.49988,0,0,0,90.00001,-3,0,0
7,26.51042,0,0,0,90.00001,-3,0,0
7,26.52133,0,0,0,90.00001,-3,0,0
7,26.53189,0,0,0,90.00001,-3,0,0
7,26.54074,0,0,0,90.00001,-3,0,0
7,26.55081,0,0,0,90.00001,-3,0,0
7,26.56189,0,0,0,90.00001,-3,0,0
7,26.57379,0,0,0,90.00001,-3,0,0
7,26.58696,0,0,0,90.00001,-3,0,0
7,26.59865,0,0,0,90.00001,-3,0,0
7,26.60802,0,0,0,90.00001,-3,0,0
7,26.61817,0,0,0,90.00001,-3,0,0
7,26.62965,0,0,0,90.00001,-3,0,0
7,26.64116,0,0,0,90.00001,-3,0,0
7,26.65094,0,0,0,90.00001,-3,0,0
7,26.66094,0,0,0,90.00001,-3,0,0
7,26.67109,0,0,0,90.00001,-3,0,0
7,26.68141,0,0,0,90.00001,-3,0,0
7,26.6918,0,0,0,90.00001,-3,0,0
7,26.70317,0,0,0,90.00001,-3,0,0
7,26.71442,0,0,0,90.00001,-3,0,0
7,26.72451,0,0,0,90.00001,-3,0,0
7,26.73578,0,0,0,90.00001,-3,0,0
7,26.74559,0,0,0,90.00001,-3,0,0
7,26.7554,0,0,0,90.00001,-3,0,0
7,26.76568,0,0,0,90.00001,-3,0,0
7,26.77628,0,0,0,90.00001,-3,0,0
7,26.78814,0,0,0,90.00001,-3,0,0
7,26.80098,0,0,0,90.00001,-3,0,0
7,26.81213,0,0,0,90.00001,-3,0,0
7,26.82154,0,0,0,90.00001,-3,0,0
7,26.83047,0,0,0,90.00001,-3,0,0
7,26.84039,0,0,0,90.00001,-3,0,0
7,26.85012,0,0,0,90.00001,-3,0,0
7,26.86099,0,0,0,90.00001,-3,0,0
7,26.8716,0,0,0,90.00001,-3,0,0
7,26.88182,0,0,0,90.00001,-3,0,0
7,26.89133,0,0,0,90.00001,-3,0,0
7,26.90123,0,0,0,90.00001,-3,0,0
7,26.91262,0,0,0,90.00001,-3,0,0
7,26.92286,0,0,0,90.00001,-3,0,0
7,26.93262,0,0,0,90.00001,-3,0,0
7,26.94277,0,0,0,90.00001,-3,0,0
7,26.95314,0,0,0,90.00001,-3,0,0
7,26.96583,0,0,0,90.00001,-3,0,0
7,26.97738,0,0,0,90.00001,-3,0,0
7,26.98734,0,0,0,90.00001,-3,0,0
7,26.99687,0,0,0,90.00001,-3,0,0
7,27.00627,0,0,0,90.00001,-3,0,0
7,27.015,0,0,0,90.00001,-3,0,0
7,27.0244,0,0,0,90.00001,-3,0,0
7,27.0319,0,0,0,90.00001,-3,0,0
7,27.0406,0,0,0,90.00001,-3,0,0
7,27.04933,0,0,0,90.00001,-3,0,0
7,27.05759,0,0,0,90.00001,-3,0,0
7,27.06486,0,0,0,90.00001,-3,0,0
7,27.07238,0,0,0,90.00001,-3,0,0
7,27.08,0,0,0,90.00001,-3,0,0
7,27.08778,0,0,0,90.00001,-3,0,0
7,27.09478,0,0,0,90.00001,-3,0,0
7,27.10211,0,0,0,90.00001,-3,0,0
7,27.10984,0,0,0,90.00001,-3,0,0
7,27.11896,0,0,0,90.00001,-3,0,0
7,27.12662,0,0,0,90.00001,-3,0,0
7,27.13406,0,0,0,90.00001,-3,0,0
7,27.14122,0,0,0,90.00001,-3,0,0
7,27.14972,0,0,0,90.00001,-3,0,0
7,27.15676,0,0,0,90.00001,-3,0,0
7,27.16499,0,0,0,90.00001,-3,0,0
7,27.17162,0,0,0,90.00001,-3,0,0
7,27.17889,0,0,0,90.00001,-3,0,0
7,27.18668,0,0,0,90.00001,-3,0,0
7,27.19443,0,0,0,90.00001,-3,0,0
7,27.20283,0,0,0,90.00001,-3,0,0
7,27.21017,0,0,0,90.00001,-3,0,0
7,27.2173,0,0,0,90.00001,-3,0,0
7,27.22415,0,0,0,90.00001,-3,0,0
7,27.23168,0,0,0,90.00001,-3,0,0
7,27.23896,0,0,0,90.00001,-3,0,0
7,27.2484,0,0,0,90.00001,-3,0,0
7,27.25615,0,0,0,90.00001,-3,0,0
7,27.2626,0,0,0,90.00001,-3,0,0
7,27.26953,0,0,0,90.00001,-3,0,0
7,27.27726,0,0,0,90.00001,-3,0,0
7,27.28454,0,0,0,90.00001,-3,0,0
7,27.29228,0,0,0,90.00001,-3,0,0
7,27.29984,0,0,0,90.00001,-3,0,0
7,27.30788,0,0,0,90.00001,-3,0,0
7,27.31488,0,0,0,90.00001,-3,0,0
7,27.32377,0,0,0,90.00001,-3,0,0
7,27.33109,0,0,0,90.00001,-3,0,0
7,27.33964,0,0,0,90.00001,-3,0,0
7,27.34711,0,0,0,90.00001,-3,0,0
7,27.35546,0,0,0,90.00001,-3,0,0
7,27.36246,0,0,0,90.00001,-3,0,0
7,27.37239,0,0,0,90.00001,-3,0,0
7,27.38062,0,0,0,90.00001,-3,0,0
7,27.38886,0,0,0,90.00001,-3,0,0
7,27.39602,0,0,0,90.00001,-3,0,0
7,27.40264,0,0,0,90.00001,-3,0,0
7,27.41003,0,0,0,90.00001,-3,0,0
7,27.41817,0,0,0,90.00001,-3,0,0
7,27.42723,0,0,0,90.00001,-3,0,0
7,27.43432,0,0,0,90.00001,-3,0,0
7,27.44138,0,0,0,90.00001,-3,0,0
7,27.45031,0,0,0,90.00001,-3,0,0
7,27.45868,0,0,0,90.00001,-3,0,0
7,27.46592,0,0,0,90.00001,-3,0,0
7,27.47288,0,0,0,90.00001,-3,0,0
7,27.48203,0,0,0,90.00001,-3,0,0
7,27.49079,0,0,0,90.00001,-3,0,0
7,27.4986,0,0,0,90.00001,-3,0,0
7,27.50549,0,0,0,90.00001,-3,0,0
7,27.51268,0,0,0,90.00001,-3,0,0
7,27.52017,0,0,0,90.00001,-3,0,0
7,27.52805,0,0,0,90.00001,-3,0,0
7,27.53553,0,0,0,90.00001,-3,0,0
7,27.54293,0,0,0,90.00001,-3,0,0
7,27.55068,0,0,0,90.00001,-3,0,0
7,27.55952,0,0,0,90.00001,-3,0,0
7,27.5673,0,0,0,90.00001,-3,0,0
7,27.57794,0,0,0,90.00001,-3,0,0
7,27.58784,0,0,0,90.00001,-3,0,0
7,27.59734,0,0,0,90.00001,-3,0,0
7,27.60754,0,0,0,90.00001,-3,0,0
7,27.61698,0,0,0,90.00001,-3,0,0
7,27.62583,0,0,0,90.00001,-3,0,0
7,27.63596,0,0,0,90.00001,-3,0,0
7,27.64506,0,0,0,90.00001,-3,0,0
7,27.65506,0,0,0,90.00001,-3,0,0
7,27.66483,0,0,0,90.00001,-3,0,0
7,27.6743,0,0,0,90.00001,-3,0,0
7,27.68564,0,0,0,90.00001,-3,0,0
7,27.69538,0,0,0,90.00001,-3,0,0
7,27.70521,0,0,0,90.00001,-3,0,0
7,27.71597,0,0,0,90.00001,-3,0,0
7,27.72684,0,0,0,90.00001,-3,0,0
7,27.73621,0,0,0,90.00001,-3,0,0
7,27.74595,0,0,0,90.00001,-3,0,0
7,27.75607,0,0,0,90.00001,-3,0,0
7,27.76695,0,0,0,90.00001,-3,0,0
7,27.77695,0,0,0,90.00001,-3,0,0
7,27.78537,0,0,0,90.00001,-3,0,0
7,27.7948,0,0,0,90.00001,-3,0,0
7,27.80481,0,0,0,90.00001,-3,0,0
7,27.81446,0,0,0,90.00001,-3,0,0
7,27.82356,0,0,0,90.00001,-3,0,0
7,27.83339,0,0,0,90.00001,-3,0,0
7,27.84172,0,0,0,90.00001,-3,0,0
7,27.85082,0,0,0,90.00001,-3,0,0
7,27.86,0,0,0,90.00001,-3,0,0
7,27.86971,0,0,0,90.00001,-3,0,0
7,27.8809,0,0,0,90.00001,-3,0,0
7,27.89274,0,0,0,90.00001,-3,0,0
7,27.90221,0,0,0,90.00001,-3,0,0
7,27.91034,0,0,0,90.00001,-3,0,0
7,27.91889,0,0,0,90.00001,-3,0,0
7,27.92718,0,0,0,90.00001,-3,0,0
7,27.93521,0,0,0,90.00001,-3,0,0
7,27.94413,0,0,0,90.00001,-3,0,0
7,27.95408,0,0,0,90.00001,-3,0,0
7,27.96198,0,0,0,90.00001,-3,0,0
7,27.97036,0,0,0,90.00001,-3,0,0
7,27.98098,0,0,0,90.00001,-3,0,0
7,27.98981,0,0,0,90.00001,-3,0,0
7,27.99806,0,0,0,90.00001,-3,0,0
7,28.0072,0,0,0,90.00001,-3,0,0
7,28.0161,0,0,0,90.00001,-3,0,0
7,28.02507,0,0,0,90.00001,-3,0,0
7,28.03373,0,0,0,90.00001,-3,0,0
7,28.04421,0,0,0,90.00001,-3,0,0
7,28.05303,0,0,0,90.00001,-3,0,0
7,28.06189,0,0,0,90.00001,-3,0,0
7,28.07266,0,0,0,90.00001,-3,0,0
7,28.08124,0,0,0,90.00001,-3,0,0
7,28.08928,0,0,0,90.00001,-3,0,0
7,28.09652,0,0,0,90.00001,-3,0,0
7,28.10548,0,0,0,90.00001,-3,0,0
7,28.1162,0,0,0,90.00001,-3,0,0
7,28.1328,0,0,0,90.00001,-3,0,0
7,28.14092,0,0,0,90.00001,-3,0,0
7,28.14963,0,0,0,90.00001,-3,0,0
7,28.15708,0,0,0,90.00001,-3,0,0
7,28.16483,0,0,0,90.00001,-3,0,0
7,28.17269,0,0,0,90.00001,-3,0,0
7,28.18038,0,0,0,90.00001,-3,0,0
7,28.18836,0,0,0,90.00001,-3,0,0
7,28.19561,0,0,0,90.00001,-3,0,0
7,28.20347,0,0,0,90.00001,-3,0,0
7,28.21124,0,0,0,90.00001,-3,0,0
7,28.21829,0,0,0,90.00001,-3,0,0
7,28.22703,0,0,0,90.00001,-3,0,0
7,28.23516,0,0,0,90.00001,-3,0,0
7,28.24267,0,0,0,90.00001,-3,0,0
7,28.25,0,0,0,90.00001,-3,0,0
7,28.2587,0,0,0,90.00001,-3,0,0
7,28.26658,0,0,0,90.00001,-3,0,0
7,28.27441,0,0,0,90.00001,-3,0,0
7,28.28108,0,0,0,90.00001,-3,0,0
7,28.28921,0,0,0,90.00001,-3,0,0
7,28.29675,0,0,0,90.00001,-3,0,0
7,28.30427,0,0,0,90.00001,-3,0,0
7,28.31111,0,0,0,90.00001,-3,0,0
7,28.31822,0,0,0,90.00001,-3,0,0
7,28.32513,0,0,0,90.00001,-3,0,0
7,28.33301,0,0,0,90.00001,-3,0,0
7,28.34051,0,0,0,90.00001,-3,0,0
7,28.34823,0,0,0,90.00001,-3,0,0
7,28.35633,0,0,0,90.00001,-3,0,0
7,28.36466,0,0,0,90.00001,-3,0,0
7,28.3726,0,0,0,90.00001,-3,0,0
7,28.38087,0,0,0,90.00001,-3,0,0
7,28.39053,0,0,0,90.00001,-3,0,0
7,28.39956,0,0,0,90.00001,-3,0,0
7,28.40625,0,0,0,90.00001,-3,0,0
7,28.41388,0,0,0,90.00001,-3,0,0
7,28.42185,0,0,0,90.00001,-3,0,0
7,28.42919,0,0,0,90.00001,-3,0,0
7,28.43778,0,0,0,90.00001,-3,0,0
7,28.44643,0,0,0,90.00001,-3,0,0
7,28.45517,0,0,0,90.00001,-3,0,0
7,28.46215,0,0,0,90.00001,-3,0,0
7,28.47014,0,0,0,90.00001,-3,0,0
7,28.47898,0,0,0,90.00001,-3,0,0
7,28.48557,0,0,0,90.00001,-3,0,0
7,28.49306,0,0,0,90.00001,-3,0,0
7,28.50007,0,0,0,90.00001,-3,0,0
7,28.50779,0,0,0,90.00001,-3,0,0
7,28.51517,0,0,0,90.00001,-3,0,0
7,28.52248,0,0,0,90.00001,-3,0,0
7,28.52975,0,0,0,90.00001,-3,0,0
7,28.53737,0,0,0,90.00001,-3,0,0
7,28.54478,0,0,0,90.00001,-3,0,0
7,28.55185,0,0,0,90.00001,-3,0,0
7,28.55887,0,0,0,90.00001,-3,0,0
7,28.56607,0,0,0,90.00001,-3,0,0
7,28.57333,0,0,0,90.00001,-3,0,0
7,28.58119,0,0,0,90.00001,-3,0,0
7,28.59159,0,0,0,90.00001,-3,0,0
7,28.60056,0,0,0,90.00001,-3,0,0
7,28.60882,0,0,0,90.00001,-3,0,0
7,28.61676,0,0,0,90.00001,-3,0,0
7,28.62406,0,0,0,90.00001,-3,0,0
7,28.63196,0,0,0,90.00001,-3,0,0
7,28.63873,0,0,0,90.00001,-3,0,0
7,28.64595,0,0,0,90.00001,-3,0,0
7,28.65265,0,0,0,90.00001,-3,0,0
7,28.65951,0,0,0,90.00001,-3,0,0
7,28.66757,0,0,0,90.00001,-3,0,0
7,28.67613,0,0,0,90.00001,-3,0,0
7,28.68474,0,0,0,90.00001,-3,0,0
7,28.69365,0,0,0,90.00001,-3,0,0
7,28.70367,0,0,0,90.00001,-3,0,0
7,28.71339,0,0,0,90.00001,-3,0,0
7,28.72211,0,0,0,90.00001,-3,0,0
7,28.73052,0,0,0,90.00001,-3,0,0
7,28.74002,0,0,0,90.00001,-3,0,0
7,28.7488,0,0,0,90.00001,-3,0,0
7,28.75904,0,0,0,90.00001,-3,0,0
7,28.77054,0,0,0,90.00001,-3,0,0
7,28.77989,0,0,0,90.00001,-3,0,0
7,28.78941,0,0,0,90.00001,-3,0,0
7,28.79848,0,0,0,90.00001,-3,0,0
7,28.80728,0,0,0,90.00001,-3,0,0
7,28.81824,0,0,0,90.00001,-3,0,0
7,28.8293,0,0,0,90.00001,-3,0,0
7,28.83924,0,0,0,90.00001,-3,0,0
7,28.84867,0,0,0,90.00001,-3,0,0
7,28.85856,0,0,0,90.00001,-3,0,0
7,28.86916,0,0,0,90.00001,-3,0,0
7,28.87888,0,0,0,90.00001,-3,0,0
7,28.88825,0,0,0,90.00001,-3,0,0
7,28.89726,0,0,0,90.00001,-3,0,0
7,28.90703,0,0,0,90.00001,-3,0,0
7,28.91917,0,0,0,90.00001,-3,0,0
7,28.92909,0,0,0,90.00001,-3,0,0
7,28.93952,0,0,0,90.00001,-3,0,0
7,28.95003,0,0,0,90.00001,-3,0,0
7,28.95893,0,0,0,90.00001,-3,0,0
7,28.96858,0,0,0,90.00001,-3,0,0
7,28.97898,0,0,0,90.00001,-3,0,0
7,28.98953,0,0,0,90.00001,-3,0,0
7,29.00038,0,0,0,90.00001,-3,0,0
7,29.0101,0,0,0,90.00001,-3,0,0
7,29.01969,0,0,0,90.00001,-3,0,0
7,29.02957,0,0,0,90.00001,-3,0,0
7,29.03927,0,0,0,90.00001,-3,0,0
7,29.04839,0,0,0,90.00001,-3,0,0
7,29.05982,0,0,0,90.00001,-3,0,0
7,29.07069,0,0,0,90.00001,-3,0,0
7,29.07923,0,0,0,90.00001,-3,0,0
7,29.08846,0,0,0,90.00001,-3,0,0
7,29.09706,0,0,0,90.00001,-3,0,0
7,29.1072,0,0,0,90.00001,-3,0,0
7,29.11611,0,0,0,90.00001,-3,0,0
7,29.12454,0,0,0,90.00001,-3,0,0
7,29.13419,0,0,0,90.00001,-3,0,0
7,29.14324,0,0,0,90.00001,-3,0,0
7,29.15394,0,0,0,90.00001,-3,0,0
7,29.16287,0,0,0,90.00001,-3,0,0
7,29.17241,0,0,0,90.00001,-3,0,0
7,29.18279,0,0,0,90.00001,-3,0,0
7,29.19124,0,0,0,90.00001,-3,0,0
7,29.20077,0,0,0,90.00001,-3,0,0
7,29.20967,0,0,0,90.00001,-3,0,0
7,29.21795,0,0,0,90.00001,-3,0,0
7,29.22877,0,0,0,90.00001,-3,0,0
7,29.2372,0,0,0,90.00001,-3,0,0
7,29.24623,0,0,0,90.00001,-3,0,0
7,29.25447,0,0,0,90.00001,-3,0,0
7,29.26209,0,0,0,90.00001,-3,0,0
7,29.27146,0,0,0,90.00001,-3,0,0
7,29.28031,0,0,0,90.00001,-3,0,0
7,29.28912,0,0,0,90.00001,-3,0,0
7,29.29668,0,0,0,90.00001,-3,0,0
7,29.30575,0,0,0,90.00001,-3,0,0
7,29.31341,0,0,0,90.00001,-3,0,0
7,29.32245,0,0,0,90.00001,-3,0,0
7,29.32963,0,0,0,90.00001,-3,0,0
7,29.33755,0,0,0,90.00001,-3,0,0
7,29.34627,0,0,0,90.00001,-3,0,0
7,29.35598,0,0,0,90.00001,-3,0,0
7,29.363,0,0,0,90.00001,-3,0,0
7,29.37124,0,0,0,90.00001,-3,0,0
7,29.37877,0,0,0,90.00001,-3,0,0
7,29.38737,0,0,0,90.00001,-3,0,0
7,29.39566,0,0,0,90.00001,-3,0,0
7,29.40446,0,0,0,90.00001,-3,0,0
7,29.41258,0,0,0,90.00001,-3,0,0
7,29.41993,0,0,0,90.00001,-3,0,0
7,29.42678,0,0,0,90.00001,-3,0,0
7,29.43425,0,0,0,90.00001,-3,0,0
7,29.44036,0,0,0,90.00001,-3,0,0
7,29.4475,0,0,0,90.00001,-3,0,0
7,29.45407,0,0,0,90.00001,-3,0,0
7,29.46063,0,0,0,90.00001,-3,0,0
7,29.46902,0,0,0,90.00001,-3,0,0
7,29.47577,0,0,0,90.00001,-3,0,0
7,29.48338,0,0,0,90.00001,-3,0,0
7,29.49185,0,0,0,90.00001,-3,0,0
7,29.50034,0,0,0,90.00001,-3,0,0
7,29.50773,0,0,0,90.00001,-3,0,0
7,29.51545,0,0,0,90.00001,-3,0,0
7,29.52485,0,0,0,90.00001,-3,0,0
7,29.5326,0,0,0,90.00001,-3,0,0
7,29.53943,0,0,0,90.00001,-3,0,0
7,29.5461,0,0,0,90.00001,-3,0,0
7,29.55416,0,0,0,90.00001,-3,0,0
7,29.56123,0,0,0,90.00001,-3,0,0
7,29.56934,0,0,0,90.00001,-3,0,0
7,29.57636,0,0,0,90.00001,-3,0,0
7,29.58375,0,0,0,90.00001,-3,0,0
7,29.5916,0,0,0,90.00001,-3,0,0
7,29.59967,0,0,0,90.00001,-3,0,0
7,29.60685,0,0,0,90.00001,-3,0,0
7,29.61461,0,0,0,90.00001,-3,0,0
7,29.62304,0,0,0,90.00001,-3,0,0
7,29.63223,0,0,0,90.00001,-3,0,0
7,29.64034,0,0,0,90.00001,-3,0,0
7,29.64895,0,0,0,90.00001,-3,0,0
7,29.65596,0,0,0,90.00001,-3,0,0
7,29.66328,0,0,0,90.00001,-3,0,0
7,29.67106,0,0,0,90.00001,-3,0,0
7,29.68809,0,0,0,90.00001,-3,0,0
7,29.69603,0,0,0,90.00001,-3,0,0
7,29.70336,0,0,0,90.00001,-3,0,0
7,29.71276,0,0,0,90.00001,-3,0,0
7,29.72121,0,0,0,90.00001,-3,0,0
7,29.72843,0,0,0,90.00001,-3,0,0
7,29.73545,0,0,0,90.00001,-3,0,0
7,29.74225,0,0,0,90.00001,-3,0,0
7,29.7488,0,0,0,90.00001,-3,0,0
7,29.75572,0,0,0,90.00001,-3,0,0
7,29.76308,0,0,0,90.00001,-3,0,0
7,29.77057,0,0,0,90.00001,-3,0,0
7,29.77833,0,0,0,90.00001,-3,0,0
7,29.78512,0,0,0,90.00001,-3,0,0
7,29.79304,0,0,0,90.00001,-3,0,0
7,29.80027,0,0,0,90.00001,-3,0,0
7,29.8097,0,0,0,90.00001,-3,0,0
7,29.81903,0,0,0,90.00001,-3,0,0
7,29.82885,0,0,0,90.00001,-3,0,0
7,29.83967,0,0,0,90.00001,-3,0,0
7,29.85002,0,0,0,90.00001,-3,0,0
7,29.85906,0,0,0,90.00001,-3,0,0
7,29.86765,0,0,0,90.00001,-3,0,0
7,29.87669,0,0,0,90.00001,-3,0,0
7,29.88512,0,0,0,90.00001,-3,0,0
7,29.89292,0,0,0,90.00001,-3,0,0
7,29.90388,0,0,0,90.00001,-3,0,0
7,29.91381,0,0,0,90.00001,-3,0,0
7,29.92242,0,0,0,90.00001,-3,0,0
7,29.93372,0,0,0,90.00001,-3,0,0
7,29.94407,0,0,0,90.00001,-3,0,0
7,29.95276,0,0,0,90.00001,-3,0,0
7,29.96317,0,0,0,90.00001,-3,0,0
7,29.97347,0,0,0,90.00001,-3,0,0
7,29.9835,0,0,0,90.00001,-3,0,0
7,29.99341,0,0,0,90.00001,-3,0,0
7,30.00442,0,0,0,90.00001,-3,0,0
7,30.01554,0,0,0,90.00001,-3,0,0
7,30.02476,0,0,0,90.00001,-3,0,0
7,30.0356,0,0,0,90.00001,-3,0,0
7,30.04575,0,0,0,90.00001,-3,0,0
7,30.0561,0,0,0,90.00001,-3,0,0
7,30.06583,0,0,0,90.00001,-3,0,0
7,30.07445,0,0,0,90.00001,-3,0,0
7,30.08331,0,0,0,90.00001,-3,0,0
7,30.09387,0,0,0,90.00001,-3,0,0
7,30.10585,0,0,0,90.00001,-3,0,0
7,30.1154,0,0,0,90.00001,-3,0,0
7,30.12528,0,0,0,90.00001,-3,0,0
7,30.13524,0,0,0,90.00001,-3,0,0
7,30.14557,0,0,0,90.00001,-3,0,0
7,30.156,0,0,0,90.00001,-3,0,0
7,30.16673,0,0,0,90.00001,-3,0,0
7,30.17901,0,0,0,90.00001,-3,0,0
7,30.18916,0,0,0,90.00001,-3,0,0
7,30.19999,0,0,0,90.00001,-3,0,0
7,30.20752,0,0,0,90.00001,-3,0,0
7,30.21794,0,0,0,90.00001,-3,0,0
7,30.22648,0,0,0,90.00001,-3,0,0
7,30.23509,0,0,0,90.00001,-3,0,0
7,30.2451,0,0,0,90.00001,-3,0,0
7,30.2557,0,0,0,90.00001,-3,0,0
7,30.26562,0,0,0,90.00001,-3,0,0
7,30.27418,0,0,0,90.00001,-3,0,0
7,30.28206,0,0,0,90.00001,-3,0,0
7,30.2922,0,0,0,90.00001,-3,0,0
7,30.30311,0,0,0,90.00001,-3,0,0
7,30.31268,0,0,0,90.00001,-3,0,0
7,30.32189,0,0,0,90.00001,-3,0,0
7,30.33008,0,0,0,90.00001,-3,0,0
7,30.3393,0,0,0,90.00001,-3,0,0
7,30.34909,0,0,0,90.00001,-3,0,0
7,30.35781,0,0,0,90.00001,-3,0,0
7,30.36688,0,0,0,90.00001,-3,0,0
7,30.37686,0,0,0,90.00001,-3,0,0
7,30.3858,0,0,0,90.00001,-3,0,0
7,30.39399,0,0,0,90.00001,-3,0,0
7,30.40405,0,0,0,90.00001,-3,0,0
7,30.41293,0,0,0,90.00001,-3,0,0
7,30.42203,0,0,0,90.00001,-3,0,0
7,30.43204,0,0,0,90.00001,-3,0,0
7,30.44322,0,0,0,90.00001,-3,0,0
7,30.45107,0,0,0,90.00001,-3,0,0
7,30.45997,0,0,0,90.00001,-3,0,0
7,30.46851,0,0,0,90.00001,-3,0,0
7,30.4769,0,0,0,90.00001,-3,0,0
7,30.48473,0,0,0,90.00001,-3,0,0
7,30.49274,0,0,0,90.00001,-3,0,0
7,30.50026,0,0,0,90.00001,-3,0,0
7,30.5096,0,0,0,90.00001,-3,0,0
7,30.51724,0,0,0,90.00001,-3,0,0
7,30.52572,0,0,0,90.00001,-3,0,0
7,30.53319,0,0,0,90.00001,-3,0,0
7,30.54047,0,0,0,90.00001,-3,0,0
7,30.54801,0,0,0,90.00001,-3,0,0
7,30.5554,0,0,0,90.00001,-3,0,0
7,30.56194,0,0,0,90.00001,-3,0,0
7,30.56921,0,0,0,90.00001,-3,0,0
7,30.57635,0,0,0,90.00001,-3,0,0
7,30.58338,0,0,0,90.00001,-3,0,0
7,30.5917,0,0,0,90.00001,-3,0,0
7,30.59963,0,0,0,90.00001,-3,0,0
7,30.60674,0,0,0,90.00001,-3,0,0
7,30.61431,0,0,0,90.00001,-3,0,0
7,30.6237,0,0,0,90.00001,-3,0,0
7,30.6317,0,0,0,90.00001,-3,0,0
7,30.63923,0,0,0,90.00001,-3,0,0
7,30.64623,0,0,0,90.00001,-3,0,0
7,30.65614,0,0,0,90.00001,-3,0,0
7,30.66385,0,0,0,90.00001,-3,0,0
7,30.67219,0,0,0,90.00001,-3,0,0
7,30.68104,0,0,0,90.00001,-3,0,0
7,30.68851,0,0,0,90.00001,-3,0,0
7,30.696,0,0,0,90.00001,-3,0,0
7,30.70393,0,0,0,90.00001,-3,0,0
7,30.71224,0,0,0,90.00001,-3,0,0
7,30.7191,0,0,0,90.00001,-3,0,0
7,30.72743,0,0,0,90.00001,-3,0,0
7,30.73468,0,0,0,90.00001,-3,0,0
7,30.74151,0,0,0,90.00001,-3,0,0
7,30.74901,0,0,0,90.00001,-3,0,0
7,30.75637,0,0,0,90.00001,-3,0,0
7,30.76317,0,0,0,90.00001,-3,0,0
7,30.77008,0,0,0,90.00001,-3,0,0
7,30.77781,0,0,0,90.00001,-3,0,0
7,30.78544,0,0,0,90.00001,-3,0,0
7,30.79385,0,0,0,90.00001,-3,0,0
7,30.80147,0,0,0,90.00001,-3,0,0
7,30.81142,0,0,0,90.00001,-3,0,0
7,30.8178,0,0,0,90.00001,-3,0,0
7,30.82501,0,0,0,90.00001,-3,0,0
7,30.83184,0,0,0,90.00001,-3,0,0
7,30.83936,0,0,0,90.00001,-3,0,0
7,30.84739,0,0,0,90.00001,-3,0,0
7,30.85458,0,0,0,90.00001,-3,0,0
7,30.86245,0,0,0,90.00001,-3,0,0
7,30.87025,0,0,0,90.00001,-3,0,0
7,30.87778,0,0,0,90.00001,-3,0,0
7,30.88482,0,0,0,90.00001,-3,0,0
7,30.89219,0,0,0,90.00001,-3,0,0
7,30.90046,0,0,0,90.00001,-3,0,0
7,30.90845,0,0,0,90.00001,-3,0,0
7,30.91625,0,0,0,90.00001,-3,0,0
7,30.92316,0,0,0,90.00001,-3,0,0
7,30.93237,0,0,0,90.00001,-3,0,0
7,30.93932,0,0,0,90.00001,-3,0,0
7,30.94667,0,0,0,90.00001,-3,0,0
7,30.95628,0,0,0,90.00001,-3,0,0
7,30.9661,0,0,0,90.00001,-3,0,0
7,30.97509,0,0,0,90.00001,-3,0,0
7,30.98343,0,0,0,90.00001,-3,0,0
7,30.9928,0,0,0,90.00001,-3,0,0
7,31.0022,0,0,0,90.00001,-3,0,0
7,31.01024,0,0,0,90.00001,-3,0,0
7,31.01855,0,0,0,90.00001,-3,0,0
7,31.03007,0,0,0,90.00001,-3,0,0
7,31.04258,0,0,0,90.00001,-3,0,0
7,31.05277,0,0,0,90.00001,-3,0,0
7,31.06307,0,0,0,90.00001,-3,0,0
7,31.07354,0,0,0,90.00001,-3,0,0
7,31.08371,0,0,0,90.00001,-3,0,0
7,31.09451,0,0,0,90.00001,-3,0,0
7,31.10538,0,0,0,90.00001,-3,0,0
7,31.11701,0,0,0,90.00001,-3,0,0
7,31.12886,0,0,0,90.00001,-3,0,0
7,31.13836,0,0,0,90.00001,-3,0,0
7,31.14847,0,0,0,90.00001,-3,0,0
7,31.15893,0,0,0,90.00001,-3,0,0
7,31.16944,0,0,0,90.00001,-3,0,0
7,31.17964,0,0,0,90.00001,-3,0,0
7,31.19112,0,0,0,90.00001,-3,0,0
7,31.20136,0,0,0,90.00001,-3,0,0
7,31.21202,0,0,0,90.00001,-3,0,0
7,31.22415,0,0,0,90.00001,-3,0,0
7,31.23661,0,0,0,90.00001,-3,0,0
7,31.24837,0,0,0,90.00001,-3,0,0
7,31.26111,0,0,0,90.00001,-3,0,0
7,31.27426,0,0,0,90.00001,-3,0,0
7,31.28532,0,0,0,90.00001,-3,0,0
7,31.29602,0,0,0,90.00001,-3,0,0
7,31.30663,0,0,0,90.00001,-3,0,0
7,31.31759,0,0,0,90.00001,-3,0,0
7,31.32737,0,0,0,90.00001,-3,0,0
7,31.33749,0,0,0,90.00001,-3,0,0
7,31.34793,0,0,0,90.00001,-3,0,0
7,31.36739,0,0,0,90.00001,-3,0,0
7,31.3834,0,0,0,90.00001,-3,0,0
7,31.39949,0,0,0,90.00001,-3,0,0
7,31.41514,0,0,0,90.00001,-3,0,0
7,31.43007,0,0,0,90.00001,-3,0,0
7,31.44534,0,0,0,90.00001,-3,0,0
7,31.45918,0,0,0,90.00001,-3,0,0
7,31.47433,0,0,0,90.00001,-3,0,0
7,31.49513,0,0,0,90.00001,-3,0,0
7,31.50617,0,0,0,90.00001,-3,0,0
7,31.5155,0,0,0,90.00001,-3,0,0
7,31.52615,0,0,0,90.00001,-3,0,0
7,31.53731,0,0,0,90.00001,-3,0,0
7,31.54904,0,0,0,90.00001,-3,0,0
7,31.5604,0,0,0,90.00001,-3,0,0
7,31.57105,0,0,0,90.00001,-3,0,0
7,31.58038,0,0,0,90.00001,-3,0,0
7,31.58945,0,0,0,90.00001,-3,0,0
7,31.59833,0,0,0,90.00001,-3,0,0
7,31.60748,0,0,0,90.00001,-3,0,0
7,31.61553,0,0,0,90.00001,-3,0,0
7,31.62446,0,0,0,90.00001,-3,0,0
7,31.63342,0,0,0,90.00001,-3,0,0
7,31.6415,0,0,0,90.00001,-3,0,0
7,31.65101,0,0,0,90.00001,-3,0,0
7,31.65938,0,0,0,90.00001,-3,0,0
7,31.66956,0,0,0,90.00001,-3,0,0
7,31.67825,0,0,0,90.00001,-3,0,0
7,31.68712,0,0,0,90.00001,-3,0,0
7,31.69495,0,0,0,90.00001,-3,0,0
7,31.7023,0,0,0,90.00001,-3,0,0
7,31.71016,0,0,0,90.00001,-3,0,0
7,31.71742,0,0,0,90.00001,-3,0,0
7,31.72595,0,0,0,90.00001,-3,0,0
7,31.73499,0,0,0,90.00001,-3,0,0
7,31.74344,0,0,0,90.00001,-3,0,0
7,31.75086,0,0,0,90.00001,-3,0,0
7,31.75902,0,0,0,90.00001,-3,0,0
7,31.76647,0,0,0,90.00001,-3,0,0
7,31.7746,0,0,0,90.00001,-3,0,0
7,31.78311,0,0,0,90.00001,-3,0,0
7,31.79164,0,0,0,90.00001,-3,0,0
7,31.79926,0,0,0,90.00001,-3,0,0
7,31.80703,0,0,0,90.00001,-3,0,0
7,31.81509,0,0,0,90.00001,-3,0,0
7,31.82319,0,0,0,90.00001,-3,0,0
7,31.83156,0,0,0,90.00001,-3,0,0
7,31.84128,0,0,0,90.00001,-3,0,0
7,31.85045,0,0,0,90.00001,-3,0,0
7,31.85894,0,0,0,90.00001,-3,0,0
7,31.86839,0,0,0,90.00001,-3,0,0
7,31.8774,0,0,0,90.00001,-3,0,0
7,31.88537,0,0,0,90.00001,-3,0,0
7,31.89332,0,0,0,90.00001,-3,0,0
7,31.90237,0,0,0,90.00001,-3,0,0
7,31.91072,0,0,0,90.00001,-3,0,0
7,31.91868,0,0,0,90.00001,-3,0,0
7,31.92701,0,0,0,90.00001,-3,0,0
7,31.93586,0,0,0,90.00001,-3,0,0
7,31.94499,0,0,0,90.00001,-3,0,0
7,31.95312,0,0,0,90.00001,-3,0,0
7,31.96148,0,0,0,90.00001,-3,0,0
7,31.97074,0,0,0,90.00001,-3,0,0
7,31.98067,0,0,0,90.00001,-3,0,0
7,31.98872,0,0,0,90.00001,-3,0,0
7,31.99711,0,0,0,90.00001,-3,0,0
7,32.00476,0,0,0,90.00001,-3,0,0
7,32.01264,0,0,0,90.00001,-3,0,0
7,32.01947,0,0,0,90.00001,-3,0,0
7,32.02776,0,0,0,90.00001,-3,0,0
7,32.03523,0,0,0,90.00001,-3,0,0
7,32.04403,0,0,0,90.00001,-3,0,0
7,32.05129,0,0,0,90.00001,-3,0,0
7,32.06155,0,0,0,90.00001,-3,0,0
7,32.07038,0,0,0,90.00001,-3,0,0
7,32.07721,0,0,0,90.00001,-3,0,0
7,32.08474,0,0,0,90.00001,-3,0,0
7,32.09272,0,0,0,90.00001,-3,0,0
7,32.10205,0,0,0,90.00001,-3,0,0
7,32.11131,0,0,0,90.00001,-3,0,0
7,32.12193,0,0,0,90.00001,-3,0,0
7,32.13311,0,0,0,90.00001,-3,0,0
7,32.14248,0,0,0,90.00001,-3,0,0
7,32.15384,0,0,0,90.00001,-3,0,0
7,32.16476,0,0,0,90.00001,-3,0,0
7,32.17308,0,0,0,90.00001,-3,0,0
7,32.18393,0,0,0,90.00001,-3,0,0
7,32.19433,0,0,0,90.00001,-3,0,0
7,32.20374,0,0,0,90.00001,-3,0,0
7,32.21595,0,0,0,90.00001,-3,0,0
7,32.22735,0,0,0,90.00001,-3,0,0
7,32.2374,0,0,0,90.00001,-3,0,0
7,32.25042,0,0,0,90.00001,-3,0,0
7,32.26154,0,0,0,90.00001,-3,0,0
7,32.27237,0,0,0,90.00001,-3,0,0
7,32.28403,0,0,0,90.00001,-3,0,0
7,32.2966,0,0,0,90.00001,-3,0,0
7,32.30864,0,0,0,90.00001,-3,0,0
7,32.31944,0,0,0,90.00001,-3,0,0
7,32.32893,0,0,0,90.00001,-3,0,0
7,32.34015,0,0,0,90.00001,-3,0,0
7,32.35214,0,0,0,90.00001,-3,0,0
7,32.36048,0,0,0,90.00001,-3,0,0
7,32.37192,0,0,0,90.00001,-3,0,0
7,32.3819,0,0,0,90.00001,-3,0,0
7,32.39079,0,0,0,90.00001,-3,0,0
7,32.40111,0,0,0,90.00001,-3,0,0
7,32.41079,0,0,0,90.00001,-3,0,0
7,32.42232,0,0,0,90.00001,-3,0,0
7,32.43423,0,0,0,90.00001,-3,0,0
7,32.44558,0,0,0,90.00001,-3,0,0
7,32.45787,0,0,0,90.00001,-3,0,0
7,32.46835,0,0,0,90.00001,-3,0,0
7,32.47955,0,0,0,90.00001,-3,0,0
7,32.49083,0,0,0,90.00001,-3,0,0
7,32.50263,0,0,0,90.00001,-3,0,0
7,32.51321,0,0,0,90.00001,-3,0,0
7,32.52325,0,0,0,90.00001,-3,0,0
7,32.53257,0,0,0,90.00001,-3,0,0
7,32.54284,0,0,0,90.00001,-3,0,0
7,32.55258,0,0,0,90.00001,-3,0,0
7,32.56124,0,0,0,90.00001,-3,0,0
7,32.57038,0,0,0,90.00001,-3,0,0
7,32.57956,0,0,0,90.00001,-3,0,0
7,32.58913,0,0,0,90.00001,-3,0,0
7,32.5985,0,0,0,90.00001,-3,0,0
7,32.60756,0,0,0,90.00001,-3,0,0
7,32.61643,0,0,0,90.00001,-3,0,0
7,32.62538,0,0,0,90.00001,-3,0,0
7,32.63575,0,0,0,90.00001,-3,0,0
7,32.64402,0,0,0,90.00001,-3,0,0
7,32.65283,0,0,0,90.00001,-3,0,0
7,32.66296,0,0,0,90.00001,-3,0,0
7,32.67326,0,0,0,90.00001,-3,0,0
7,32.68385,0,0,0,90.00001,-3,0,0
7,32.69227,0,0,0,90.00001,-3,0,0
7,32.70025,0,0,0,90.00001,-3,0,0
7,32.70813,0,0,0,90.00001,-3,0,0
7,32.71685,0,0,0,90.00001,-3,0,0
7,32.72482,0,0,0,90.00001,-3,0,0
7,32.7323,0,0,0,90.00001,-3,0,0
7,32.74053,0,0,0,90.00001,-3,0,0
7,32.74846,0,0,0,90.00001,-3,0,0
7,32.75642,0,0,0,90.00001,-3,0,0
7,32.7636,0,0,0,90.00001,-3,0,0
7,32.77153,0,0,0,90.00001,-3,0,0
7,32.7803,0,0,0,90.00001,-3,0,0
7,32.78859,0,0,0,90.00001,-3,0,0
7,32.7957,0,0,0,90.00001,-3,0,0
7,32.80403,0,0,0,90.00001,-3,0,0
7,32.81274,0,0,0,90.00001,-3,0,0
7,32.82137,0,0,0,90.00001,-3,0,0
7,32.82966,0,0,0,90.00001,-3,0,0
7,32.83842,0,0,0,90.00001,-3,0,0
7,32.84682,0,0,0,90.00001,-3,0,0
7,32.85627,0,0,0,90.00001,-3,0,0
7,32.86366,0,0,0,90.00001,-3,0,0
7,32.87183,0,0,0,90.00001,-3,0,0
7,32.87851,0,0,0,90.00001,-3,0,0
7,32.88589,0,0,0,90.00001,-3,0,0
7,32.89369,0,0,0,90.00001,-3,0,0
7,32.90369,0,0,0,90.00001,-3,0,0
7,32.91095,0,0,0,90.00001,-3,0,0
7,32.91848,0,0,0,90.00001,-3,0,0
7,32.92577,0,0,0,90.00001,-3,0,0
7,32.93489,0,0,0,90.00001,-3,0,0
7,32.94365,0,0,0,90.00001,-3,0,0
7,32.95181,0,0,0,90.00001,-3,0,0
7,32.95998,0,0,0,90.00001,-3,0,0
7,32.96806,0,0,0,90.00001,-3,0,0
7,32.97615,0,0,0,90.00001,-3,0,0
7,32.98505,0,0,0,90.00001,-3,0,0
7,32.99333,0,0,0,90.00001,-3,0,0
7,33.00068,0,0,0,90.00001,-3,0,0
7,33.00809,0,0,0,90.00001,-3,0,0
7,33.01554,0,0,0,90.00001,-3,0,0
7,33.0237,0,0,0,90.00001,-3,0,0
7,33.03109,0,0,0,90.00001,-3,0,0
7,33.03894,0,0,0,90.00001,-3,0,0
7,33.04653,0,0,0,90.00001,-3,0,0
7,33.06151,0,0,0,90.00001,-3,0,0
7,33.07423,0,0,0,90.00001,-3,0,0
7,33.08133,0,0,0,90.00001,-3,0,0
7,33.08993,0,0,0,90.00001,-3,0,0
7,33.09663,0,0,0,90.00001,-3,0,0
7,33.10518,0,0,0,90.00001,-3,0,0
7,33.11216,0,0,0,90.00001,-3,0,0
7,33.12008,0,0,0,90.00001,-3,0,0
7,33.12667,0,0,0,90.00001,-3,0,0
7,33.13455,0,0,0,90.00001,-3,0,0
7,33.14178,0,0,0,90.00001,-3,0,0
7,33.15025,0,0,0,90.00001,-3,0,0
7,33.15852,0,0,0,90.00001,-3,0,0
7,33.16795,0,0,0,90.00001,-3,0,0
7,33.17639,0,0,0,90.00001,-3,0,0
7,33.18423,0,0,0,90.00001,-3,0,0
7,33.19238,0,0,0,90.00001,-3,0,0
7,33.20026,0,0,0,90.00001,-3,0,0
7,33.20701,0,0,0,90.00001,-3,0,0
7,33.21513,0,0,0,90.00001,-3,0,0
7,33.22228,0,0,0,90.00001,-3,0,0
7,33.23191,0,0,0,90.00001,-3,0,0
7,33.24334,0,0,0,90.00001,-3,0,0
7,33.25297,0,0,0,90.00001,-3,0,0
7,33.26158,0,0,0,90.00001,-3,0,0
7,33.27026,0,0,0,90.00001,-3,0,0
7,33.2785,0,0,0,90.00001,-3,0,0
7,33.28719,0,0,0,90.00001,-3,0,0
7,33.29715,0,0,0,90.00001,-3,0,0
7,33.30695,0,0,0,90.00001,-3,0,0
7,33.31511,0,0,0,90.00001,-3,0,0
7,33.32408,0,0,0,90.00001,-3,0,0
7,33.33266,0,0,0,90.00001,-3,0,0
7,33.34186,0,0,0,90.00001,-3,0,0
7,33.35305,0,0,0,90.00001,-3,0,0
7,33.36324,0,0,0,90.00001,-3,0,0
7,33.37436,0,0,0,90.00001,-3,0,0
7,33.3847,0,0,0,90.00001,-3,0,0
7,33.39469,0,0,0,90.00001,-3,0,0
7,33.40623,0,0,0,90.00001,-3,0,0
7,33.41732,0,0,0,90.00001,-3,0,0
7,33.42673,0,0,0,90.00001,-3,0,0
7,33.43776,0,0,0,90.00001,-3,0,0
7,33.44812,0,0,0,90.00001,-3,0,0
7,33.45744,0,0,0,90.00001,-3,0,0
7,33.46956,0,0,0,90.00001,-3,0,0
7,33.48005,0,0,0,90.00001,-3,0,0
7,33.48887,0,0,0,90.00001,-3,0,0
7,33.5007,0,0,0,90.00001,-3,0,0
7,33.51155,0,0,0,90.00001,-3,0,0
7,33.52254,0,0,0,90.00001,-3,0,0
7,33.53356,0,0,0,90.00001,-3,0,0
7,33.5435,0,0,0,90.00001,-3,0,0
7,33.55396,0,0,0,90.00001,-3,0,0
7,33.56495,0,0,0,90.00001,-3,0,0
7,33.57379,0,0,0,90.00001,-3,0,0
7,33.58525,0,0,0,90.00001,-3,0,0
7,33.59618,0,0,0,90.00001,-3,0,0
7,33.60607,0,0,0,90.00001,-3,0,0
7,33.6168,0,0,0,90.00001,-3,0,0
7,33.62762,0,0,0,90.00001,-3,0,0
7,33.63861,0,0,0,90.00001,-3,0,0
7,33.64927,0,0,0,90.00001,-3,0,0
7,33.65873,0,0,0,90.00001,-3,0,0
7,33.67018,0,0,0,90.00001,-3,0,0
7,33.68175,0,0,0,90.00001,-3,0,0
7,33.69147,0,0,0,90.00001,-3,0,0
7,33.70183,0,0,0,90.00001,-3,0,0
7,33.71091,0,0,0,90.00001,-3,0,0
7,33.72063,0,0,0,90.00001,-3,0,0
7,33.73064,0,0,0,90.00001,-3,0,0
7,33.74088,0,0,0,90.00001,-3,0,0
7,33.75125,0,0,0,90.00001,-3,0,0
7,33.76163,0,0,0,90.00001,-3,0,0
7,33.77195,0,0,0,90.00001,-3,0,0
7,33.78154,0,0,0,90.00001,-3,0,0
7,33.79097,0,0,0,90.00001,-3,0,0
7,33.79908,0,0,0,90.00001,-3,0,0
7,33.80653,0,0,0,90.00001,-3,0,0
7,33.81493,0,0,0,90.00001,-3,0,0
7,33.82399,0,0,0,90.00001,-3,0,0
7,33.83326,0,0,0,90.00001,-3,0,0
7,33.84119,0,0,0,90.00001,-3,0,0
7,33.84987,0,0,0,90.00001,-3,0,0
7,33.85918,0,0,0,90.00001,-3,0,0
7,33.86884,0,0,0,90.00001,-3,0,0
7,33.87638,0,0,0,90.00001,-3,0,0
7,33.88575,0,0,0,90.00001,-3,0,0
7,33.89318,0,0,0,90.00001,-3,0,0
7,33.90316,0,0,0,90.00001,-3,0,0
7,33.91168,0,0,0,90.00001,-3,0,0
7,33.92089,0,0,0,90.00001,-3,0,0
7,33.92827,0,0,0,90.00001,-3,0,0
7,33.9361,0,0,0,90.00001,-3,0,0
7,33.94377,0,0,0,90.00001,-3,0,0
7,33.95073,0,0,0,90.00001,-3,0,0
7,33.95826,0,0,0,90.00001,-3,0,0
7,33.96611,0,0,0,90.00001,-3,0,0
7,33.97387,0,0,0,90.00001,-3,0,0
7,33.98172,0,0,0,90.00001,-3,0,0
7,33.98994,0,0,0,90.00001,-3,0,0
7,33.99887,0,0,0,90.00001,-3,0,0
7,34.00655,0,0,0,90.00001,-3,0,0
7,34.014,0,0,0,90.00001,-3,0,0
7,34.02217,0,0,0,90.00001,-3,0,0
7,34.03001,0,0,0,90.00001,-3,0,0
7,34.03777,0,0,0,90.00001,-3,0,0
7,34.04495,0,0,0,90.00001,-3,0,0
7,34.05222,0,0,0,90.00001,-3,0,0
7,34.05994,0,0,0,90.00001,-3,0,0
7,34.06855,0,0,0,90.00001,-3,0,0
7,34.0771,0,0,0,90.00001,-3,0,0
7,34.08502,0,0,0,90.00001,-3,0,0
7,34.09256,0,0,0,90.00001,-3,0,0
7,34.10091,0,0,0,90.00001,-3,0,0
7,34.10761,0,0,0,90.00001,-3,0,0
7,34.11511,0,0,0,90.00001,-3,0,0
7,34.12396,0,0,0,90.00001,-3,0,0
7,34.13338,0,0,0,90.00001,-3,0,0
7,34.14075,0,0,0,90.00001,-3,0,0
7,34.14932,0,0,0,90.00001,-3,0,0
7,34.15696,0,0,0,90.00001,-3,0,0
7,34.16475,0,0,0,90.00001,-3,0,0
7,34.17241,0,0,0,90.00001,-3,0,0
7,34.18158,0,0,0,90.00001,-3,0,0
7,34.18937,0,0,0,90.00001,-3,0,0
7,34.19678,0,0,0,90.00001,-3,0,0
7,34.20529,0,0,0,90.00001,-3,0,0
7,34.21343,0,0,0,90.00001,-3,0,0
7,34.22107,0,0,0,90.00001,-3,0,0
7,34.22921,0,0,0,90.00001,-3,0,0
7,34.23716,0,0,0,90.00001,-3,0,0
7,34.24835,0,0,0,90.00001,-3,0,0
7,34.25628,0,0,0,90.00001,-3,0,0
7,34.26317,0,0,0,90.00001,-3,0,0
7,34.27031,0,0,0,90.00001,-3,0,0
7,34.27823,0,0,0,90.00001,-3,0,0
7,34.28506,0,0,0,90.00001,-3,0,0
7,34.29303,0,0,0,90.00001,-3,0,0
7,34.30191,0,0,0,90.00001,-3,0,0
7,34.30983,0,0,0,90.00001,-3,0,0
7,34.3165,0,0,0,90.00001,-3,0,0
7,34.32506,0,0,0,90.00001,-3,0,0
7,34.33235,0,0,0,90.00001,-3,0,0
7,34.33972,0,0,0,90.00001,-3,0,0
7,34.34705,0,0,0,90.00001,-3,0,0
7,34.35498,0,0,0,90.00001,-3,0,0
7,34.36185,0,0,0,90.00001,-3,0,0
7,34.3704,0,0,0,90.00001,-3,0,0
7,34.37772,0,0,0,90.00001,-3,0,0
7,34.38744,0,0,0,90.00001,-3,0,0
7,34.39594,0,0,0,90.00001,-3,0,0
7,34.40605,0,0,0,90.00001,-3,0,0
7,34.41583,0,0,0,90.00001,-3,0,0
7,34.42668,0,0,0,90.00001,-3,0,0
7,34.4399,0,0,0,90.00001,-3,0,0
7,34.45229,0,0,0,90.00001,-3,0,0
7,34.46142,0,0,0,90.00001,-3,0,0
7,34.4714,0,0,0,90.00001,-3,0,0
7,34.48111,0,0,0,90.00001,-3,0,0
7,34.4904,0,0,0,90.00001,-3,0,0
7,34.50172,0,0,0,90.00001,-3,0,0
7,34.51186,0,0,0,90.00001,-3,0,0
7,34.5229,0,0,0,90.00001,-3,0,0
7,34.5341,0,0,0,90.00001,-3,0,0
7,34.54713,0,0,0,90.00001,-3,0,0
7,34.55672,0,0,0,90.00001,-3,0,0
7,34.56691,0,0,0,90.00001,-3,0,0
7,34.57774,0,0,0,90.00001,-3,0,0
7,34.58831,0,0,0,90.00001,-3,0,0
7,34.599,0,0,0,90.00001,-3,0,0
7,34.61064,0,0,0,90.00001,-3,0,0
7,34.6208,0,0,0,90.00001,-3,0,0
7,34.62999,0,0,0,90.00001,-3,0,0
7,34.65002,0,0,0,90.00001,-3,0,0
7,34.66007,0,0,0,90.00001,-3,0,0
7,34.67125,0,0,0,90.00001,-3,0,0
7,34.68274,0,0,0,90.00001,-3,0,0
7,34.69421,0,0,0,90.00001,-3,0,0
7,34.70475,0,0,0,90.00001,-3,0,0
7,34.71613,0,0,0,90.00001,-3,0,0
7,34.72666,0,0,0,90.00001,-3,0,0
7,34.73706,0,0,0,90.00001,-3,0,0
7,34.74733,0,0,0,90.00001,-3,0,0
7,34.756,0,0,0,90.00001,-3,0,0
7,34.76525,0,0,0,90.00001,-3,0,0
7,34.77396,0,0,0,90.00001,-3,0,0
7,34.7845,0,0,0,90.00001,-3,0,0
7,34.79591,0,0,0,90.00001,-3,0,0
7,34.80753,0,0,0,90.00001,-3,0,0
7,34.81739,0,0,0,90.00001,-3,0,0
7,34.8269,0,0,0,90.00001,-3,0,0
7,34.83472,0,0,0,90.00001,-3,0,0
7,34.84377,0,0,0,90.00001,-3,0,0
7,34.8523,0,0,0,90.00001,-3,0,0
7,34.86299,0,0,0,90.00001,-3,0,0
7,34.87267,0,0,0,90.00001,-3,0,0
7,34.88208,0,0,0,90.00001,-3,0,0
7,34.89221,0,0,0,90.00001,-3,0,0
7,34.90237,0,0,0,90.00001,-3,0,0
7,34.91248,0,0,0,90.00001,-3,0,0
7,34.92259,0,0,0,90.00001,-3,0,0
7,34.93365,0,0,0,90.00001,-3,0,0
7,34.94435,0,0,0,90.00001,-3,0,0
7,34.95277,0,0,0,90.00001,-3,0,0
7,34.96234,0,0,0,90.00001,-3,0,0
7,34.97073,0,0,0,90.00001,-3,0,0
7,34.98111,0,0,0,90.00001,-3,0,0
7,34.98976,0,0,0,90.00001,-3,0,0
7,34.99676,0,0,0,90.00001,-3,0,0
7,35.00424,0,0,0,90.00001,-3,0,0
7,35.01399,0,0,0,90.00001,-3,0,0
7,35.02283,0,0,0,90.00001,-3,0,0
7,35.03107,0,0,0,90.00001,-3,0,0
7,35.03832,0,0,0,90.00001,-3,0,0
7,35.04716,0,0,0,90.00001,-3,0,0
7,35.05598,0,0,0,90.00001,-3,0,0
7,35.06311,0,0,0,90.00001,-3,0,0
7,35.07178,0,0,0,90.00001,-3,0,0
7,35.0794,0,0,0,90.00001,-3,0,0
7,35.088,0,0,0,90.00001,-3,0,0
7,35.09563,0,0,0,90.00001,-3,0,0
7,35.10353,0,0,0,90.00001,-3,0,0
7,35.11142,0,0,0,90.00001,-3,0,0
7,35.11919,0,0,0,90.00001,-3,0,0
7,35.12682,0,0,0,90.00001,-3,0,0
7,35.13482,0,0,0,90.00001,-3,0,0
7,35.14276,0,0,0,90.00001,-3,0,0
7,35.15039,0,0,0,90.00001,-3,0,0
7,35.15852,0,0,0,90.00001,-3,0,0
7,35.16752,0,0,0,90.00001,-3,0,0
7,35.1745,0,0,0,90.00001,-3,0,0
7,35.18194,0,0,0,90.00001,-3,0,0
7,35.18884,0,0,0,90.00001,-3,0,0
7,35.19696,0,0,0,90.00001,-3,0,0
7,35.20493,0,0,0,90.00001,-3,0,0
7,35.21303,0,0,0,90.00001,-3,0,0
7,35.22102,0,0,0,90.00001,-3,0,0
7,35.22879,0,0,0,90.00001,-3,0,0
7,35.23608,0,0,0,90.00001,-3,0,0
7,35.24459,0,0,0,90.00001,-3,0,0
7,35.25139,0,0,0,90.00001,-3,0,0
7,35.26115,0,0,0,90.00001,-3,0,0
7,35.26893,0,0,0,90.00001,-3,0,0
7,35.27624,0,0,0,90.00001,-3,0,0
7,35.28285,0,0,0,90.00001,-3,0,0
7,35.29016,0,0,0,90.00001,-3,0,0
7,35.2965,0,0,0,90.00001,-3,0,0
7,35.30371,0,0,0,90.00001,-3,0,0
7,35.31059,0,0,0,90.00001,-3,0,0
7,35.3176,0,0,0,90.00001,-3,0,0
7,35.32547,0,0,0,90.00001,-3,0,0
7,35.33298,0,0,0,90.00001,-3,0,0
7,35.34256,0,0,0,90.00001,-3,0,0
7,35.34974,0,0,0,90.00001,-3,0,0
7,35.35827,0,0,0,90.00001,-3,0,0
7,35.36703,0,0,0,90.00001,-3,0,0
7,35.37354,0,0,0,90.00001,-3,0,0
7,35.38134,0,0,0,90.00001,-3,0,0
7,35.38937,0,0,0,90.00001,-3,0,0
7,35.39962,0,0,0,90.00001,-3,0,0
7,35.40787,0,0,0,90.00001,-3,0,0
7,35.41624,0,0,0,90.00001,-3,0,0
7,35.42418,0,0,0,90.00001,-3,0,0
7,35.43231,0,0,0,90.00001,-3,0,0
7,35.43943,0,0,0,90.00001,-3,0,0
7,35.44711,0,0,0,90.00001,-3,0,0
7,35.45447,0,0,0,90.00001,-3,0,0
7,35.46311,0,0,0,90.00001,-3,0,0
7,35.47172,0,0,0,90.00001,-3,0,0
7,35.481,0,0,0,90.00001,-3,0,0
7,35.48825,0,0,0,90.00001,-3,0,0
7,35.49635,0,0,0,90.00001,-3,0,0
7,35.50415,0,0,0,90.00001,-3,0,0
7,35.51316,0,0,0,90.00001,-3,0,0
7,35.5222,0,0,0,90.00001,-3,0,0
7,35.53255,0,0,0,90.00001,-3,0,0
7,35.54415,0,0,0,90.00001,-3,0,0
7,35.55637,0,0,0,90.00001,-3,0,0
7,35.5677,0,0,0,90.00001,-3,0,0
7,35.578,0,0,0,90.00001,-3,0,0
7,35.58965,0,0,0,90.00001,-3,0,0
7,35.59906,0,0,0,90.00001,-3,0,0
7,35.60995,0,0,0,90.00001,-3,0,0
7,35.6204,0,0,0,90.00001,-3,0,0
7,35.63018,0,0,0,90.00001,-3,0,0
7,35.64124,0,0,0,90.00001,-3,0,0
7,35.65118,0,0,0,90.00001,-3,0,0
7,35.66114,0,0,0,90.00001,-3,0,0
7,35.67248,0,0,0,90.00001,-3,0,0
7,35.68309,0,0,0,90.00001,-3,0,0
7,35.69336,0,0,0,90.00001,-3,0,0
7,35.70372,0,0,0,90.00001,-3,0,0
7,35.71634,0,0,0,90.00001,-3,0,0
7,35.72823,0,0,0,90.00001,-3,0,0
7,35.74046,0,0,0,90.00001,-3,0,0
7,35.75074,0,0,0,90.00001,-3,0,0
7,35.76041,0,0,0,90.00001,-3,0,0
7,35.77067,0,0,0,90.00001,-3,0,0
7,35.7795,0,0,0,90.00001,-3,0,0
7,35.78867,0,0,0,90.00001,-3,0,0
7,35.79823,0,0,0,90.00001,-3,0,0
7,35.80754,0,0,0,90.00001,-3,0,0
7,35.81659,0,0,0,90.00001,-3,0,0
7,35.82644,0,0,0,90.00001,-3,0,0
7,35.83535,0,0,0,90.00001,-3,0,0
7,35.84428,0,0,0,90.00001,-3,0,0
7,35.85576,0,0,0,90.00001,-3,0,0
7,35.86628,0,0,0,90.00001,-3,0,0
7,35.87489,0,0,0,90.00001,-3,0,0
7,35.88617,0,0,0,90.00001,-3,0,0
7,35.89558,0,0,0,90.00001,-3,0,0
7,35.90637,0,0,0,90.00001,-3,0,0
7,35.91774,0,0,0,90.00001,-3,0,0
7,35.92917,0,0,0,90.00001,-3,0,0
7,35.94365,0,0,0,90.00001,-3,0,0
7,35.95477,0,0,0,90.00001,-3,0,0
7,35.96475,0,0,0,90.00001,-3,0,0
7,35.97359,0,0,0,90.00001,-3,0,0
7,35.98329,0,0,0,90.00001,-3,0,0
7,35.99263,0,0,0,90.00001,-3,0,0
7,36.00101,0,0,0,90.00001,-3,0,0
7,36.0103,0,0,0,90.00001,-3,0,0
7,36.01812,0,0,0,90.00001,-3,0,0
7,36.02767,0,0,0,90.00001,-3,0,0
7,36.03835,0,0,0,90.00001,-3,0,0
7,36.04764,0,0,0,90.00001,-3,0,0
7,36.0584,0,0,0,90.00001,-3,0,0
7,36.06931,0,0,0,90.00001,-3,0,0
7,36.0795,0,0,0,90.00001,-3,0,0
7,36.08928,0,0,0,90.00001,-3,0,0
7,36.09814,0,0,0,90.00001,-3,0,0
7,36.10738,0,0,0,90.00001,-3,0,0
7,36.11674,0,0,0,90.00001,-3,0,0
7,36.12488,0,0,0,90.00001,-3,0,0
7,36.13448,0,0,0,90.00001,-3,0,0
7,36.14345,0,0,0,90.00001,-3,0,0
7,36.1515,0,0,0,90.00001,-3,0,0
7,36.1599,0,0,0,90.00001,-3,0,0
7,36.16918,0,0,0,90.00001,-3,0,0
7,36.17945,0,0,0,90.00001,-3,0,0
7,36.18846,0,0,0,90.00001,-3,0,0
7,36.19664,0,0,0,90.00001,-3,0,0
7,36.20356,0,0,0,90.00001,-3,0,0
7,36.21191,0,0,0,90.00001,-3,0,0
7,36.21947,0,0,0,90.00001,-3,0,0
7,36.22791,0,0,0,90.00001,-3,0,0
7,36.23552,0,0,0,90.00001,-3,0,0
7,36.25391,0,0,0,90.00001,-3,0,0
7,36.26135,0,0,0,90.00001,-3,0,0
7,36.26805,0,0,0,90.00001,-3,0,0
7,36.27694,0,0,0,90.00001,-3,0,0
7,36.28455,0,0,0,90.00001,-3,0,0
7,36.29423,0,0,0,90.00001,-3,0,0
7,36.30424,0,0,0,90.00001,-3,0,0
7,36.31282,0,0,0,90.00001,-3,0,0
7,36.32272,0,0,0,90.00001,-3,0,0
7,36.33189,0,0,0,90.00001,-3,0,0
7,36.34145,0,0,0,90.00001,-3,0,0
7,36.35006,0,0,0,90.00001,-3,0,0
7,36.35957,0,0,0,90.00001,-3,0,0
7,36.36796,0,0,0,90.00001,-3,0,0
7,36.37569,0,0,0,90.00001,-3,0,0
7,36.38312,0,0,0,90.00001,-3,0,0
7,36.39202,0,0,0,90.00001,-3,0,0
7,36.40167,0,0,0,90.00001,-3,0,0
7,36.41,0,0,0,90.00001,-3,0,0
7,36.41892,0,0,0,90.00001,-3,0,0
7,36.42865,0,0,0,90.00001,-3,0,0
7,36.43931,0,0,0,90.00001,-3,0,0
7,36.44899,0,0,0,90.00001,-3,0,0
7,36.45882,0,0,0,90.00001,-3,0,0
7,36.4674,0,0,0,90.00001,-3,0,0
7,36.47721,0,0,0,90.00001,-3,0,0
7,36.48584,0,0,0,90.00001,-3,0,0
7,36.49626,0,0,0,90.00001,-3,0,0
7,36.5047,0,0,0,90.00001,-3,0,0
7,36.51384,0,0,0,90.00001,-3,0,0
7,36.52236,0,0,0,90.00001,-3,0,0
7,36.53037,0,0,0,90.00001,-3,0,0
7,36.53891,0,0,0,90.00001,-3,0,0
7,36.5469,0,0,0,90.00001,-3,0,0
7,36.55532,0,0,0,90.00001,-3,0,0
7,36.56266,0,0,0,90.00001,-3,0,0
7,36.57164,0,0,0,90.00001,-3,0,0
7,36.58009,0,0,0,90.00001,-3,0,0
7,36.58828,0,0,0,90.00001,-3,0,0
7,36.59569,0,0,0,90.00001,-3,0,0
7,36.60478,0,0,0,90.00001,-3,0,0
7,36.61363,0,0,0,90.00001,-3,0,0
7,36.62299,0,0,0,90.00001,-3,0,0
7,36.63133,0,0,0,90.00001,-3,0,0
7,36.64042,0,0,0,90.00001,-3,0,0
7,36.64943,0,0,0,90.00001,-3,0,0
7,36.65801,0,0,0,90.00001,-3,0,0
7,36.6673,0,0,0,90.00001,-3,0,0
7,36.6781,0,0,0,90.00001,-3,0,0
7,36.68872,0,0,0,90.00001,-3,0,0
7,36.69889,0,0,0,90.00001,-3,0,0
7,36.70843,0,0,0,90.00001,-3,0,0
7,36.71795,0,0,0,90.00001,-3,0,0
7,36.7282,0,0,0,90.00001,-3,0,0
7,36.73887,0,0,0,90.00001,-3,0,0
7,36.74856,0,0,0,90.00001,-3,0,0
7,36.76032,0,0,0,90.00001,-3,0,0
7,36.77076,0,0,0,90.00001,-3,0,0
7,36.78099,0,0,0,90.00001,-3,0,0
7,36.79264,0,0,0,90.00001,-3,0,0
7,36.80312,0,0,0,90.00001,-3,0,0
7,36.81386,0,0,0,90.00001,-3,0,0
7,36.826,0,0,0,90.00001,-3,0,0
7,36.83803,0,0,0,90.00001,-3,0,0
7,36.8471,0,0,0,90.00001,-3,0,0
7,36.85753,0,0,0,90.00001,-3,0,0
7,36.86868,0,0,0,90.00001,-3,0,0
7,36.87965,0,0,0,90.00001,-3,0,0
7,36.89117,0,0,0,90.00001,-3,0,0
7,36.90184,0,0,0,90.00001,-3,0,0
7,36.91286,0,0,0,90.00001,-3,0,0
7,36.92435,0,0,0,90.00001,-3,0,0
7,36.93571,0,0,0,90.00001,-3,0,0
7,36.94765,0,0,0,90.00001,-3,0,0
7,36.95966,0,0,0,90.00001,-3,0,0
7,36.97064,0,0,0,90.00001,-3,0,0
7,36.98116,0,0,0,90.00001,-3,0,0
7,36.99121,0,0,0,90.00001,-3,0,0
7,37.00143,0,0,0,90.00001,-3,0,0
7,37.01167,0,0,0,90.00001,-3,0,0
7,37.02261,0,0,0,90.00001,-3,0,0
7,37.03246,0,0,0,90.00001,-3,0,0
7,37.04598,0,0,0,90.00001,-3,0,0
7,37.0569,0,0,0,90.00001,-3,0,0
7,37.06826,0,0,0,90.00001,-3,0,0
7,37.07957,0,0,0,90.00001,-3,0,0
7,37.09091,0,0,0,90.00001,-3,0,0
7,37.10255,0,0,0,90.00001,-3,0,0
7,37.11427,0,0,0,90.00001,-3,0,0
7,37.12488,0,0,0,90.00001,-3,0,0
7,37.13582,0,0,0,90.00001,-3,0,0
7,37.1455,0,0,0,90.00001,-3,0,0
7,37.15513,0,0,0,90.00001,-3,0,0
7,37.16508,0,0,0,90.00001,-3,0,0
7,37.17362,0,0,0,90.00001,-3,0,0
7,37.18359,0,0,0,90.00001,-3,0,0
7,37.19294,0,0,0,90.00001,-3,0,0
7,37.20354,0,0,0,90.00001,-3,0,0
7,37.21399,0,0,0,90.00001,-3,0,0
7,37.22256,0,0,0,90.00001,-3,0,0
7,37.23225,0,0,0,90.00001,-3,0,0
7,37.24119,0,0,0,90.00001,-3,0,0
7,37.25092,0,0,0,90.00001,-3,0,0
7,37.26098,0,0,0,90.00001,-3,0,0
7,37.26872,0,0,0,90.00001,-3,0,0
7,37.27852,0,0,0,90.00001,-3,0,0
7,37.28803,0,0,0,90.00001,-3,0,0
7,37.29866,0,0,0,90.00001,-3,0,0
7,37.30632,0,0,0,90.00001,-3,0,0
7,37.3142,0,0,0,90.00001,-3,0,0
7,37.32204,0,0,0,90.00001,-3,0,0
7,37.32944,0,0,0,90.00001,-3,0,0
7,37.33648,0,0,0,90.00001,-3,0,0
7,37.34341,0,0,0,90.00001,-3,0,0
7,37.34971,0,0,0,90.00001,-3,0,0
7,37.35817,0,0,0,90.00001,-3,0,0
7,37.36606,0,0,0,90.00001,-3,0,0
7,37.37301,0,0,0,90.00001,-3,0,0
7,37.38066,0,0,0,90.00001,-3,0,0
7,37.38825,0,0,0,90.00001,-3,0,0
7,37.39499,0,0,0,90.00001,-3,0,0
7,37.40364,0,0,0,90.00001,-3,0,0
7,37.41142,0,0,0,90.00001,-3,0,0
7,37.41879,0,0,0,90.00001,-3,0,0
7,37.42656,0,0,0,90.00001,-3,0,0
7,37.43447,0,0,0,90.00001,-3,0,0
7,37.44107,0,0,0,90.00001,-3,0,0
7,37.4492,0,0,0,90.00001,-3,0,0
7,37.45626,0,0,0,90.00001,-3,0,0
7,37.46349,0,0,0,90.00001,-3,0,0
7,37.4705,0,0,0,90.00001,-3,0,0
7,37.47832,0,0,0,90.00001,-3,0,0
7,37.48471,0,0,0,90.00001,-3,0,0
7,37.49342,0,0,0,90.00001,-3,0,0
7,37.5014,0,0,0,90.00001,-3,0,0
7,37.50979,0,0,0,90.00001,-3,0,0
7,37.51672,0,0,0,90.00001,-3,0,0
7,37.52543,0,0,0,90.00001,-3,0,0
7,37.53276,0,0,0,90.00001,-3,0,0
7,37.54172,0,0,0,90.00001,-3,0,0
7,37.54965,0,0,0,90.00001,-3,0,0
7,37.55713,0,0,0,90.00001,-3,0,0
7,37.56404,0,0,0,90.00001,-3,0,0
7,37.57369,0,0,0,90.00001,-3,0,0
7,37.581,0,0,0,90.00001,-3,0,0
7,37.58965,0,0,0,90.00001,-3,0,0
7,37.59681,0,0,0,90.00001,-3,0,0
7,37.60498,0,0,0,90.00001,-3,0,0
7,37.61192,0,0,0,90.00001,-3,0,0
7,37.62092,0,0,0,90.00001,-3,0,0
7,37.62876,0,0,0,90.00001,-3,0,0
7,37.63677,0,0,0,90.00001,-3,0,0
7,37.64507,0,0,0,90.00001,-3,0,0
7,37.65355,0,0,0,90.00001,-3,0,0
7,37.66205,0,0,0,90.00001,-3,0,0
7,37.67002,0,0,0,90.00001,-3,0,0
7,37.67763,0,0,0,90.00001,-3,0,0
7,37.68396,0,0,0,90.00001,-3,0,0
7,37.69058,0,0,0,90.00001,-3,0,0
7,37.69817,0,0,0,90.00001,-3,0,0
7,37.70451,0,0,0,90.00001,-3,0,0
7,37.71305,0,0,0,90.00001,-3,0,0
7,37.71944,0,0,0,90.00001,-3,0,0
7,37.72747,0,0,0,90.00001,-3,0,0
7,37.73444,0,0,0,90.00001,-3,0,0
7,37.74362,0,0,0,90.00001,-3,0,0
7,37.75088,0,0,0,90.00001,-3,0,0
7,37.75948,0,0,0,90.00001,-3,0,0
7,37.76853,0,0,0,90.00001,-3,0,0
7,37.77626,0,0,0,90.00001,-3,0,0
7,37.7827,0,0,0,90.00001,-3,0,0
7,37.78992,0,0,0,90.00001,-3,0,0
7,37.79704,0,0,0,90.00001,-3,0,0
7,37.80444,0,0,0,90.00001,-3,0,0
7,37.82215,0,0,0,90.00001,-3,0,0
7,37.83045,0,0,0,90.00001,-3,0,0
7,37.83976,0,0,0,90.00001,-3,0,0
7,37.84802,0,0,0,90.00001,-3,0,0
7,37.85751,0,0,0,90.00001,-3,0,0
7,37.86589,0,0,0,90.00001,-3,0,0
7,37.87394,0,0,0,90.00001,-3,0,0
7,37.88376,0,0,0,90.00001,-3,0,0
7,37.89394,0,0,0,90.00001,-3,0,0
7,37.90395,0,0,0,90.00001,-3,0,0
7,37.91345,0,0,0,90.00001,-3,0,0
7,37.92231,0,0,0,90.00001,-3,0,0
7,37.93279,0,0,0,90.00001,-3,0,0
7,37.94275,0,0,0,90.00001,-3,0,0
7,37.95174,0,0,0,90.00001,-3,0,0
7,37.96323,0,0,0,90.00001,-3,0,0
7,37.97313,0,0,0,90.00001,-3,0,0
7,37.98361,0,0,0,90.00001,-3,0,0
7,37.99458,0,0,0,90.00001,-3,0,0
7,38.00465,0,0,0,90.00001,-3,0,0
7,38.01459,0,0,0,90.00001,-3,0,0
7,38.02511,0,0,0,90.00001,-3,0,0
7,38.03478,0,0,0,90.00001,-3,0,0
7,38.04536,0,0,0,90.00001,-3,0,0
7,38.05708,0,0,0,90.00001,-3,0,0
7,38.06818,0,0,0,90.00001,-3,0,0
7,38.07813,0,0,0,90.00001,-3,0,0
7,38.08889,0,0,0,90.00001,-3,0,0
7,38.09708,0,0,0,90.00001,-3,0,0
7,38.10638,0,0,0,90.00001,-3,0,0
7,38.1156,0,0,0,90.00001,-3,0,0
7,38.12468,0,0,0,90.00001,-3,0,0
7,38.13556,0,0,0,90.00001,-3,0,0
7,38.14627,0,0,0,90.00001,-3,0,0
7,38.15554,0,0,0,90.00001,-3,0,0
7,38.16629,0,0,0,90.00001,-3,0,0
7,38.17682,0,0,0,90.00001,-3,0,0
7,38.18859,0,0,0,90.00001,-3,0,0
7,38.20056,0,0,0,90.00001,-3,0,0
7,38.20946,0,0,0,90.00001,-3,0,0
7,38.21739,0,0,0,90.00001,-3,0,0
7,38.22649,0,0,0,90.00001,-3,0,0
7,38.2368,0,0,0,90.00001,-3,0,0
7,38.24784,0,0,0,90.00001,-3,0,0
7,38.25716,0,0,0,90.00001,-3,0,0
7,38.26767,0,0,0,90.00001,-3,0,0
7,38.28122,0,0,0,90.00001,-3,0,0
7,38.2906,0,0,0,90.00001,-3,0,0
7,38.30044,0,0,0,90.00001,-3,0,0
7,38.31203,0,0,0,90.00001,-3,0,0
7,38.32159,0,0,0,90.00001,-3,0,0
7,38.33137,0,0,0,90.00001,-3,0,0
7,38.3404,0,0,0,90.00001,-3,0,0
7,38.3497,0,0,0,90.00001,-3,0,0
7,38.35958,0,0,0,90.00001,-3,0,0
7,38.37029,0,0,0,90.00001,-3,0,0
7,38.3816,0,0,0,90.00001,-3,0,0
7,38.39169,0,0,0,90.00001,-3,0,0
7,38.40149,0,0,0,90.00001,-3,0,0
7,38.41036,0,0,0,90.00001,-3,0,0
7,38.41829,0,0,0,90.00001,-3,0,0
7,38.42704,0,0,0,90.00001,-3,0,0
7,38.43783,0,0,0,90.00001,-3,0,0
7,38.4482,0,0,0,90.00001,-3,0,0
7,38.45702,0,0,0,90.00001,-3,0,0
7,38.46624,0,0,0,90.00001,-3,0,0
7,38.47527,0,0,0,90.00001,-3,0,0
7,38.48308,0,0,0,90.00001,-3,0,0
7,38.49092,0,0,0,90.00001,-3,0,0
7,38.49933,0,0,0,90.00001,-3,0,0
7,38.50783,0,0,0,90.00001,-3,0,0
7,38.51602,0,0,0,90.00001,-3,0,0
7,38.52556,0,0,0,90.00001,-3,0,0
7,38.534,0,0,0,90.00001,-3,0,0
7,38.54335,0,0,0,90.00001,-3,0,0
7,38.55161,0,0,0,90.00001,-3,0,0
7,38.56078,0,0,0,90.00001,-3,0,0
7,38.56825,0,0,0,90.00001,-3,0,0
7,38.57583,0,0,0,90.00001,-3,0,0
7,38.58324,0,0,0,90.00001,-3,0,0
7,38.59185,0,0,0,90.00001,-3,0,0
7,38.59982,0,0,0,90.00001,-3,0,0
7,38.6076,0,0,0,90.00001,-3,0,0
7,38.61593,0,0,0,90.00001,-3,0,0
7,38.6242,0,0,0,90.00001,-3,0,0
7,38.63399,0,0,0,90.00001,-3,0,0
7,38.64251,0,0,0,90.00001,-3,0,0
7,38.65075,0,0,0,90.00001,-3,0,0
7,38.65822,0,0,0,90.00001,-3,0,0
7,38.66748,0,0,0,90.00001,-3,0,0
7,38.67579,0,0,0,90.00001,-3,0,0
7,38.68442,0,0,0,90.00001,-3,0,0
7,38.69222,0,0,0,90.00001,-3,0,0
7,38.70065,0,0,0,90.00001,-3,0,0
7,38.70843,0,0,0,90.00001,-3,0,0
7,38.71671,0,0,0,90.00001,-3,0,0
7,38.7243,0,0,0,90.00001,-3,0,0
7,38.73221,0,0,0,90.00001,-3,0,0
7,38.73891,0,0,0,90.00001,-3,0,0
7,38.74648,0,0,0,90.00001,-3,0,0
7,38.75401,0,0,0,90.00001,-3,0,0
7,38.76184,0,0,0,90.00001,-3,0,0
7,38.76939,0,0,0,90.00001,-3,0,0
7,38.77818,0,0,0,90.00001,-3,0,0
7,38.78607,0,0,0,90.00001,-3,0,0
7,38.7946,0,0,0,90.00001,-3,0,0
7,38.80231,0,0,0,90.00001,-3,0,0
7,38.81028,0,0,0,90.00001,-3,0,0
7,38.81808,0,0,0,90.00001,-3,0,0
7,38.82626,0,0,0,90.00001,-3,0,0
7,38.83336,0,0,0,90.00001,-3,0,0
7,38.84003,0,0,0,90.00001,-3,0,0
7,38.84757,0,0,0,90.00001,-3,0,0
7,38.85523,0,0,0,90.00001,-3,0,0
7,38.86179,0,0,0,90.00001,-3,0,0
7,38.86905,0,0,0,90.00001,-3,0,0
7,38.87597,0,0,0,90.00001,-3,0,0
7,38.88379,0,0,0,90.00001,-3,0,0
7,38.89111,0,0,0,90.00001,-3,0,0
7,38.89949,0,0,0,90.00001,-3,0,0
7,38.90701,0,0,0,90.00001,-3,0,0
7,38.91503,0,0,0,90.00001,-3,0,0
7,38.92268,0,0,0,90.00001,-3,0,0
7,38.93166,0,0,0,90.00001,-3,0,0
7,38.93871,0,0,0,90.00001,-3,0,0
7,38.9476,0,0,0,90.00001,-3,0,0
7,38.95516,0,0,0,90.00001,-3,0,0
7,38.96215,0,0,0,90.00001,-3,0,0
7,38.97079,0,0,0,90.00001,-3,0,0
7,38.98247,0,0,0,90.00001,-3,0,0
7,38.99177,0,0,0,90.00001,-3,0,0
7,39.00129,0,0,0,90.00001,-3,0,0
7,39.01088,0,0,0,90.00001,-3,0,0
7,39.0202,0,0,0,90.00001,-3,0,0
7,39.02903,0,0,0,90.00001,-3,0,0
7,39.03929,0,0,0,90.00001,-3,0,0
7,39.04749,0,0,0,90.00001,-3,0,0
7,39.05767,0,0,0,90.00001,-3,0,0
7,39.06744,0,0,0,90.00001,-3,0,0
7,39.07914,0,0,0,90.00001,-3,0,0
7,39.0896,0,0,0,90.00001,-3,0,0
7,39.09947,0,0,0,90.00001,-3,0,0
7,39.1097,0,0,0,90.00001,-3,0,0
7,39.11817,0,0,0,90.00001,-3,0,0
7,39.12733,0,0,0,90.00001,-3,0,0
7,39.13834,0,0,0,90.00001,-3,0,0
7,39.14894,0,0,0,90.00001,-3,0,0
7,39.16006,0,0,0,90.00001,-3,0,0
7,39.17123,0,0,0,90.00001,-3,0,0
7,39.18164,0,0,0,90.00001,-3,0,0
7,39.19071,0,0,0,90.00001,-3,0,0
7,39.20044,0,0,0,90.00001,-3,0,0
7,39.21006,0,0,0,90.00001,-3,0,0
7,39.22071,0,0,0,90.00001,-3,0,0
7,39.2317,0,0,0,90.00001,-3,0,0
7,39.24177,0,0,0,90.00001,-3,0,0
7,39.2526,0,0,0,90.00001,-3,0,0
7,39.26379,0,0,0,90.00001,-3,0,0
7,39.27407,0,0,0,90.00001,-3,0,0
7,39.2831,0,0,0,90.00001,-3,0,0
7,39.2943,0,0,0,90.00001,-3,0,0
7,39.30422,0,0,0,90.00001,-3,0,0
7,39.31228,0,0,0,90.00001,-3,0,0
7,39.32275,0,0,0,90.00001,-3,0,0
7,39.3325,0,0,0,90.00001,-3,0,0
7,39.3418,0,0,0,90.00001,-3,0,0
7,39.35271,0,0,0,90.00001,-3,0,0
7,39.3635,0,0,0,90.00001,-3,0,0
7,39.37304,0,0,0,90.00001,-3,0,0
7,39.38258,0,0,0,90.00001,-3,0,0
7,39.39124,0,0,0,90.00001,-3,0,0
7,39.40074,0,0,0,90.00001,-3,0,0
7,39.4098,0,0,0,90.00001,-3,0,0
7,39.41937,0,0,0,90.00001,-3,0,0
7,39.42808,0,0,0,90.00001,-3,0,0
7,39.44789,0,0,0,90.00001,-3,0,0
7,39.4562,0,0,0,90.00001,-3,0,0
7,39.46494,0,0,0,90.00001,-3,0,0
7,39.47364,0,0,0,90.00001,-3,0,0
7,39.48298,0,0,0,90.00001,-3,0,0
7,39.49337,0,0,0,90.00001,-3,0,0
7,39.50201,0,0,0,90.00001,-3,0,0
7,39.51227,0,0,0,90.00001,-3,0,0
7,39.52252,0,0,0,90.00001,-3,0,0
7,39.53278,0,0,0,90.00001,-3,0,0
7,39.54311,0,0,0,90.00001,-3,0,0
7,39.55109,0,0,0,90.00001,-3,0,0
7,39.56021,0,0,0,90.00001,-3,0,0
7,39.56958,0,0,0,90.00001,-3,0,0
7,39.57761,0,0,0,90.00001,-3,0,0
7,39.58566,0,0,0,90.00001,-3,0,0
7,39.59386,0,0,0,90.00001,-3,0,0
7,39.60332,0,0,0,90.00001,-3,0,0
7,39.61153,0,0,0,90.00001,-3,0,0
7,39.62142,0,0,0,90.00001,-3,0,0
7,39.62947,0,0,0,90.00001,-3,0,0
7,39.63746,0,0,0,90.00001,-3,0,0
7,39.64542,0,0,0,90.00001,-3,0,0
7,39.65535,0,0,0,90.00001,-3,0,0
7,39.66223,0,0,0,90.00001,-3,0,0
7,39.66997,0,0,0,90.00001,-3,0,0
7,39.67755,0,0,0,90.00001,-3,0,0
7,39.68516,0,0,0,90.00001,-3,0,0
7,39.69222,0,0,0,90.00001,-3,0,0
7,39.70023,0,0,0,90.00001,-3,0,0
7,39.70763,0,0,0,90.00001,-3,0,0
7,39.71563,0,0,0,90.00001,-3,0,0
7,39.72298,0,0,0,90.00001,-3,0,0
7,39.72985,0,0,0,90.00001,-3,0,0
7,39.73721,0,0,0,90.00001,-3,0,0
7,39.74479,0,0,0,90.00001,-3,0,0
7,39.75164,0,0,0,90.00001,-3,0,0
7,39.75975,0,0,0,90.00001,-3,0,0
7,39.76709,0,0,0,90.00001,-3,0,0
7,39.77596,0,0,0,90.00001,-3,0,0
7,39.78282,0,0,0,90.00001,-3,0,0
7,39.79099,0,0,0,90.00001,-3,0,0
7,39.79814,0,0,0,90.00001,-3,0,0
7,39.8068,0,0,0,90.00001,-3,0,0
7,39.81469,0,0,0,90.00001,-3,0,0
7,39.82278,0,0,0,90.00001,-3,0,0
7,39.82955,0,0,0,90.00001,-3,0,0
7,39.83739,0,0,0,90.00001,-3,0,0
7,39.8444,0,0,0,90.00001,-3,0,0
7,39.85089,0,0,0,90.00001,-3,0,0
7,39.85885,0,0,0,90.00001,-3,0,0
7,39.8663,0,0,0,90.00001,-3,0,0
7,39.87298,0,0,0,90.00001,-3,0,0
7,39.88141,0,0,0,90.00001,-3,0,0
7,39.8891,0,0,0,90.00001,-3,0,0
7,39.89663,0,0,0,90.00001,-3,0,0
7,39.90382,0,0,0,90.00001,-3,0,0
7,39.91214,0,0,0,90.00001,-3,0,0
7,39.92002,0,0,0,90.00001,-3,0,0
7,39.92741,0,0,0,90.00001,-3,0,0
7,39.93404,0,0,0,90.00001,-3,0,0
7,39.94044,0,0,0,90.00001,-3,0,0
7,39.94787,0,0,0,90.00001,-3,0,0
7,39.95481,0,0,0,90.00001,-3,0,0
7,39.96169,0,0,0,90.00001,-3,0,0
7,39.9684,0,0,0,90.00001,-3,0,0
7,39.97636,0,0,0,90.00001,-3,0,0
7,39.9831,0,0,0,90.00001,-3,0,0
7,39.99088,0,0,0,90.00001,-3,0,0
7,39.99971,0,0,0,90.00001,-3,0,0
7,40.00743,0,0,0,90.00001,-3,0,0
7,40.01547,0,0,0,90.00001,-3,0,0
7,40.0251,0,0,0,90.00001,-3,0,0
7,40.03304,0,0,0,90.00001,-3,0,0
7,40.04054,0,0,0,90.00001,-3,0,0
7,40.0478,0,0,0,90.00001,-3,0,0
7,40.05647,0,0,0,90.00001,-3,0,0
7,40.06368,0,0,0,90.00001,-3,0,0
7,40.07122,0,0,0,90.00001,-3,0,0
7,40.0785,0,0,0,90.00001,-3,0,0
7,40.08751,0,0,0,90.00001,-3,0,0
7,40.09557,0,0,0,90.00001,-3,0,0
7,40.10283,0,0,0,90.00001,-3,0,0
7,40.11153,0,0,0,90.00001,-3,0,0
7,40.11914,0,0,0,90.00001,-3,0,0
7,40.12765,0,0,0,90.00001,-3,0,0
7,40.13715,0,0,0,90.00001,-3,0,0
7,40.14723,0,0,0,90.00001,-3,0,0
7,40.15687,0,0,0,90.00001,-3,0,0
7,40.16853,0,0,0,90.00001,-3,0,0
7,40.1795,0,0,0,90.00001,-3,0,0
7,40.18795,0,0,0,90.00001,-3,0,0
7,40.19587,0,0,0,90.00001,-3,0,0
7,40.20515,0,0,0,90.00001,-3,0,0
7,40.21651,0,0,0,90.00001,-3,0,0
7,40.22654,0,0,0,90.00001,-3,0,0
7,40.2372,0,0,0,90.00001,-3,0,0
7,40.24825,0,0,0,90.00001,-3,0,0
7,40.25922,0,0,0,90.00001,-3,0,0
7,40.26946,0,0,0,90.00001,-3,0,0
7,40.28048,0,0,0,90.00001,-3,0,0
7,40.29062,0,0,0,90.00001,-3,0,0
7,40.30112,0,0,0,90.00001,-3,0,0
7,40.31073,0,0,0,90.00001,-3,0,0
7,40.32093,0,0,0,90.00001,-3,0,0
7,40.33051,0,0,0,90.00001,-3,0,0
7,40.34228,0,0,0,90.00001,-3,0,0
7,40.35231,0,0,0,90.00001,-3,0,0
7,40.36282,0,0,0,90.00001,-3,0,0
7,40.37225,0,0,0,90.00001,-3,0,0
7,40.38151,0,0,0,90.00001,-3,0,0
7,40.39042,0,0,0,90.00001,-3,0,0
7,40.39981,0,0,0,90.00001,-3,0,0
7,40.4093,0,0,0,90.00001,-3,0,0
7,40.42051,0,0,0,90.00001,-3,0,0
7,40.43139,0,0,0,90.00001,-3,0,0
7,40.44268,0,0,0,90.00001,-3,0,0
7,40.45382,0,0,0,90.00001,-3,0,0
7,40.46344,0,0,0,90.00001,-3,0,0
7,40.47174,0,0,0,90.00001,-3,0,0
7,40.48264,0,0,0,90.00001,-3,0,0
7,40.49349,0,0,0,90.00001,-3,0,0
7,40.50213,0,0,0,90.00001,-3,0,0
7,40.51221,0,0,0,90.00001,-3,0,0
7,40.52365,0,0,0,90.00001,-3,0,0
7,40.53344,0,0,0,90.00001,-3,0,0
7,40.54578,0,0,0,90.00001,-3,0,0
7,40.55608,0,0,0,90.00001,-3,0,0
7,40.56522,0,0,0,90.00001,-3,0,0
7,40.57476,0,0,0,90.00001,-3,0,0
7,40.58401,0,0,0,90.00001,-3,0,0
7,40.59325,0,0,0,90.00001,-3,0,0
7,40.60279,0,0,0,90.00001,-3,0,0
7,40.61163,0,0,0,90.00001,-3,0,0
7,40.6221,0,0,0,90.00001,-3,0,0
7,40.63323,0,0,0,90.00001,-3,0,0
7,40.64411,0,0,0,90.00001,-3,0,0
7,40.65369,0,0,0,90.00001,-3,0,0
7,40.66334,0,0,0,90.00001,-3,0,0
7,40.67525,0,0,0,90.00001,-3,0,0
7,40.68534,0,0,0,90.00001,-3,0,0
7,40.69609,0,0,0,90.00001,-3,0,0
7,40.70612,0,0,0,90.00001,-3,0,0
7,40.71716,0,0,0,90.00001,-3,0,0
7,40.72542,0,0,0,90.00001,-3,0,0
7,40.73392,0,0,0,90.00001,-3,0,0
7,40.74258,0,0,0,90.00001,-3,0,0
7,40.75013,0,0,0,90.00001,-3,0,0
7,40.75864,0,0,0,90.00001,-3,0,0
7,40.76623,0,0,0,90.00001,-3,0,0
7,40.77402,0,0,0,90.00001,-3,0,0
7,40.7821,0,0,0,90.00001,-3,0,0
7,40.7906,0,0,0,90.00001,-3,0,0
7,40.7986,0,0,0,90.00001,-3,0,0
7,40.80669,0,0,0,90.00001,-3,0,0
7,40.81405,0,0,0,90.00001,-3,0,0
7,40.82246,0,0,0,90.00001,-3,0,0
7,40.82997,0,0,0,90.00001,-3,0,0
7,40.83773,0,0,0,90.00001,-3,0,0
7,40.84436,0,0,0,90.00001,-3,0,0
7,40.85151,0,0,0,90.00001,-3,0,0
7,40.8593,0,0,0,90.00001,-3,0,0
7,40.86728,0,0,0,90.00001,-3,0,0
7,40.8749,0,0,0,90.00001,-3,0,0
7,40.88266,0,0,0,90.00001,-3,0,0
7,40.89023,0,0,0,90.00001,-3,0,0
7,40.89724,0,0,0,90.00001,-3,0,0
7,40.90469,0,0,0,90.00001,-3,0,0
7,40.91206,0,0,0,90.00001,-3,0,0
7,40.92023,0,0,0,90.00001,-3,0,0
7,40.92655,0,0,0,90.00001,-3,0,0
7,40.93394,0,0,0,90.00001,-3,0,0
7,40.94061,0,0,0,90.00001,-3,0,0
7,40.94794,0,0,0,90.00001,-3,0,0
7,40.95527,0,0,0,90.00001,-3,0,0
7,40.96252,0,0,0,90.00001,-3,0,0
7,40.9805,0,0,0,90.00001,-3,0,0
7,40.98831,0,0,0,90.00001,-3,0,0
7,40.99591,0,0,0,90.00001,-3,0,0
7,41.00501,0,0,0,90.00001,-3,0,0
7,41.0129,0,0,0,90.00001,-3,0,0
7,41.0208,0,0,0,90.00001,-3,0,0
7,41.02776,0,0,0,90.00001,-3,0,0
7,41.03582,0,0,0,90.00001,-3,0,0
7,41.04412,0,0,0,90.00001,-3,0,0
7,41.05159,0,0,0,90.00001,-3,0,0
7,41.05961,0,0,0,90.00001,-3,0,0
7,41.06678,0,0,0,90.00001,-3,0,0
7,41.07476,0,0,0,90.00001,-3,0,0
7,41.08221,0,0,0,90.00001,-3,0,0
7,41.08976,0,0,0,90.00001,-3,0,0
7,41.0966,0,0,0,90.00001,-3,0,0
7,41.10533,0,0,0,90.00001,-3,0,0
7,41.11296,0,0,0,90.00001,-3,0,0
7,41.12098,0,0,0,90.00001,-3,0,0
7,41.12766,0,0,0,90.00001,-3,0,0
7,41.13697,0,0,0,90.00001,-3,0,0
7,41.14404,0,0,0,90.00001,-3,0,0
7,41.1514,0,0,0,90.00001,-3,0,0
7,41.15923,0,0,0,90.00001,-3,0,0
7,41.16685,0,0,0,90.00001,-3,0,0
7,41.17342,0,0,0,90.00001,-3,0,0
7,41.18318,0,0,0,90.00001,-3,0,0
7,41.19121,0,0,0,90.00001,-3,0,0
7,41.19893,0,0,0,90.00001,-3,0,0
7,41.20596,0,0,0,90.00001,-3,0,0
7,41.21366,0,0,0,90.00001,-3,0,0
7,41.22128,0,0,0,90.00001,-3,0,0
7,41.22945,0,0,0,90.00001,-3,0,0
7,41.23692,0,0,0,90.00001,-3,0,0
7,41.24563,0,0,0,90.00001,-3,0,0
7,41.25358,0,0,0,90.00001,-3,0,0
7,41.26163,0,0,0,90.00001,-3,0,0
7,41.26932,0,0,0,90.00001,-3,0,0
7,41.27708,0,0,0,90.00001,-3,0,0
7,41.28602,0,0,0,90.00001,-3,0,0
7,41.29656,0,0,0,90.00001,-3,0,0
7,41.30662,0,0,0,90.00001,-3,0,0
7,41.316,0,0,0,90.00001,-3,0,0
7,41.326,0,0,0,90.00001,-3,0,0
7,41.33493,0,0,0,90.00001,-3,0,0
7,41.34309,0,0,0,90.00001,-3,0,0
7,41.35242,0,0,0,90.00001,-3,0,0
7,41.36729,0,0,0,90.00001,-3,0,0
7,41.37896,0,0,0,90.00001,-3,0,0
7,41.39085,0,0,0,90.00001,-3,0,0
7,41.40287,0,0,0,90.00001,-3,0,0
7,41.41462,0,0,0,90.00001,-3,0,0
7,41.42473,0,0,0,90.00001,-3,0,0
7,41.43715,0,0,0,90.00001,-3,0,0
7,41.44841,0,0,0,90.00001,-3,0,0
7,41.46,0,0,0,90.00001,-3,0,0
7,41.47002,0,0,0,90.00001,-3,0,0
7,41.48127,0,0,0,90.00001,-3,0,0
7,41.49194,0,0,0,90.00001,-3,0,0
7,41.50314,0,0,0,90.00001,-3,0,0
7,41.51431,0,0,0,90.00001,-3,0,0
7,41.52499,0,0,0,90.00001,-3,0,0
7,41.53455,0,0,0,90.00001,-3,0,0
7,41.54533,0,0,0,90.00001,-3,0,0
7,41.55645,0,0,0,90.00001,-3,0,0
7,41.56807,0,0,0,90.00001,-3,0,0
7,41.5789,0,0,0,90.00001,-3,0,0
7,41.59051,0,0,0,90.00001,-3,0,0
7,41.60106,0,0,0,90.00001,-3,0,0
7,41.61096,0,0,0,90.00001,-3,0,0
7,41.62046,0,0,0,90.00001,-3,0,0
7,41.62968,0,0,0,90.00001,-3,0,0
7,41.64086,0,0,0,90.00001,-3,0,0
7,41.6522,0,0,0,90.00001,-3,0,0
7,41.66222,0,0,0,90.00001,-3,0,0
7,41.67408,0,0,0,90.00001,-3,0,0
7,41.68641,0,0,0,90.00001,-3,0,0
7,41.69931,0,0,0,90.00001,-3,0,0
7,41.71,0,0,0,90.00001,-3,0,0
7,41.7191,0,0,0,90.00001,-3,0,0
7,41.72832,0,0,0,90.00001,-3,0,0
7,41.73776,0,0,0,90.00001,-3,0,0
7,41.74789,0,0,0,90.00001,-3,0,0
7,41.75684,0,0,0,90.00001,-3,0,0
7,41.76695,0,0,0,90.00001,-3,0,0
7,41.77772,0,0,0,90.00001,-3,0,0
7,41.7888,0,0,0,90.00001,-3,0,0
7,41.80062,0,0,0,90.00001,-3,0,0
7,41.81227,0,0,0,90.00001,-3,0,0
7,41.82365,0,0,0,90.00001,-3,0,0
7,41.83573,0,0,0,90.00001,-3,0,0
7,41.84719,0,0,0,90.00001,-3,0,0
7,41.85717,0,0,0,90.00001,-3,0,0
7,41.86708,0,0,0,90.00001,-3,0,0
7,41.87722,0,0,0,90.00001,-3,0,0
7,41.8884,0,0,0,90.00001,-3,0,0
7,41.89832,0,0,0,90.00001,-3,0,0
7,41.9071,0,0,0,90.00001,-3,0,0
7,41.917,0,0,0,90.00001,-3,0,0
7,41.92678,0,0,0,90.00001,-3,0,0
7,41.93631,0,0,0,90.00001,-3,0,0
7,41.94604,0,0,0,90.00001,-3,0,0
7,41.95402,0,0,0,90.00001,-3,0,0
7,41.96294,0,0,0,90.00001,-3,0,0
7,41.97063,0,0,0,90.00001,-3,0,0
7,41.97919,0,0,0,90.00001,-3,0,0
7,41.98695,0,0,0,90.00001,-3,0,0
7,41.99465,0,0,0,90.00001,-3,0,0
7,42.00289,0,0,0,90.00001,-3,0,0
7,42.01243,0,0,0,90.00001,-3,0,0
7,42.02074,0,0,0,90.00001,-3,0,0
7,42.02974,0,0,0,90.00001,-3,0,0
7,42.03733,0,0,0,90.00001,-3,0,0
7,42.04692,0,0,0,90.00001,-3,0,0
7,42.05614,0,0,0,90.00001,-3,0,0
7,42.06381,0,0,0,90.00001,-3,0,0
7,42.07268,0,0,0,90.00001,-3,0,0
7,42.08085,0,0,0,90.00001,-3,0,0
7,42.091,0,0,0,90.00001,-3,0,0
7,42.0988,0,0,0,90.00001,-3,0,0
7,42.10753,0,0,0,90.00001,-3,0,0
7,42.11489,0,0,0,90.00001,-3,0,0
7,42.12452,0,0,0,90.00001,-3,0,0
7,42.13317,0,0,0,90.00001,-3,0,0
7,42.14142,0,0,0,90.00001,-3,0,0
7,42.14937,0,0,0,90.00001,-3,0,0
7,42.15802,0,0,0,90.00001,-3,0,0
7,42.16734,0,0,0,90.00001,-3,0,0
7,42.17594,0,0,0,90.00001,-3,0,0
7,42.18358,0,0,0,90.00001,-3,0,0
7,42.19202,0,0,0,90.00001,-3,0,0
7,42.2014,0,0,0,90.00001,-3,0,0
7,42.21003,0,0,0,90.00001,-3,0,0
7,42.21715,0,0,0,90.00001,-3,0,0
7,42.22393,0,0,0,90.00001,-3,0,0
7,42.23193,0,0,0,90.00001,-3,0,0
7,42.23864,0,0,0,90.00001,-3,0,0
7,42.24711,0,0,0,90.00001,-3,0,0
7,42.25424,0,0,0,90.00001,-3,0,0
7,42.26221,0,0,0,90.00001,-3,0,0
7,42.26899,0,0,0,90.00001,-3,0,0
7,42.27628,0,0,0,90.00001,-3,0,0
7,42.28253,0,0,0,90.00001,-3,0,0
7,42.29112,0,0,0,90.00001,-3,0,0
7,42.29859,0,0,0,90.00001,-3,0,0
7,42.30598,0,0,0,90.00001,-3,0,0
7,42.31457,0,0,0,90.00001,-3,0,0
7,42.32373,0,0,0,90.00001,-3,0,0
7,42.33253,0,0,0,90.00001,-3,0,0
7,42.34095,0,0,0,90.00001,-3,0,0
7,42.34833,0,0,0,90.00001,-3,0,0
7,42.35607,0,0,0,90.00001,-3,0,0
7,42.36321,0,0,0,90.00001,-3,0,0
7,42.37228,0,0,0,90.00001,-3,0,0
7,42.38131,0,0,0,90.00001,-3,0,0
7,42.38847,0,0,0,90.00001,-3,0,0
7,42.39534,0,0,0,90.00001,-3,0,0
7,42.40348,0,0,0,90.00001,-3,0,0
7,42.4116,0,0,0,90.00001,-3,0,0
7,42.4191,0,0,0,90.00001,-3,0,0
7,42.42601,0,0,0,90.00001,-3,0,0
7,42.43486,0,0,0,90.00001,-3,0,0
7,42.44299,0,0,0,90.00001,-3,0,0
7,42.45181,0,0,0,90.00001,-3,0,0
7,42.46238,0,0,0,90.00001,-3,0,0
7,42.473,0,0,0,90.00001,-3,0,0
7,42.48225,0,0,0,90.00001,-3,0,0
7,42.49027,0,0,0,90.00001,-3,0,0
7,42.49934,0,0,0,90.00001,-3,0,0
7,42.50787,0,0,0,90.00001,-3,0,0
7,42.51681,0,0,0,90.00001,-3,0,0
7,42.5251,0,0,0,90.00001,-3,0,0
7,42.5344,0,0,0,90.00001,-3,0,0
7,42.54475,0,0,0,90.00001,-3,0,0
7,42.55559,0,0,0,90.00001,-3,0,0
7,42.56491,0,0,0,90.00001,-3,0,0
7,42.58942,0,0,0,90.00001,-3,0,0
7,42.60009,0,0,0,90.00001,-3,0,0
7,42.61182,0,0,0,90.00001,-3,0,0
7,42.62293,0,0,0,90.00001,-3,0,0
7,42.63382,0,0,0,90.00001,-3,0,0
7,42.64271,0,0,0,90.00001,-3,0,0
7,42.65397,0,0,0,90.00001,-3,0,0
7,42.66543,0,0,0,90.00001,-3,0,0
7,42.67657,0,0,0,90.00001,-3,0,0
7,42.68676,0,0,0,90.00001,-3,0,0
7,42.69551,0,0,0,90.00001,-3,0,0
7,42.70623,0,0,0,90.00001,-3,0,0
7,42.71684,0,0,0,90.00001,-3,0,0
7,42.72629,0,0,0,90.00001,-3,0,0
7,42.73705,0,0,0,90.00001,-3,0,0
7,42.74725,0,0,0,90.00001,-3,0,0
7,42.75631,0,0,0,90.00001,-3,0,0
7,42.76628,0,0,0,90.00001,-3,0,0
7,42.77458,0,0,0,90.00001,-3,0,0
7,42.78434,0,0,0,90.00001,-3,0,0
7,42.79403,0,0,0,90.00001,-3,0,0
7,42.804,0,0,0,90.00001,-3,0,0
7,42.81398,0,0,0,90.00001,-3,0,0
7,42.82588,0,0,0,90.00001,-3,0,0
7,42.92052,0,0,0,90.00001,-3,0,0
7,42.93007,0,0,0,90.00001,-3,0,0
7,42.93805,0,0,0,90.00001,-3,0,0
7,42.94787,0,0,0,90.00001,-3,0,0
7,42.9564,0,0,0,90.00001,-3,0,0
7,42.96506,0,0,0,90.00001,-3,0,0
7,42.97403,0,0,0,90.00001,-3,0,0
7,42.98318,0,0,0,90.00001,-3,0,0
7,42.992,0,0,0,90.00001,-3,0,0
7,43.00041,0,0,0,90.00001,-3,0,0
7,43.00945,0,0,0,90.00001,-3,0,0
7,43.01773,0,0,0,90.00001,-3,0,0
7,43.02579,0,0,0,90.00001,-3,0,0
7,43.03336,0,0,0,90.00001,-3,0,0
7,43.04292,0,0,0,90.00001,-3,0,0
7,43.05081,0,0,0,90.00001,-3,0,0
7,43.0589,0,0,0,90.00001,-3,0,0
7,43.06734,0,0,0,90.00001,-3,0,0
7,43.07499,0,0,0,90.00001,-3,0,0
7,43.08313,0,0,0,90.00001,-3,0,0
7,43.09192,0,0,0,90.00001,-3,0,0
7,43.10111,0,0,0,90.00001,-3,0,0
7,43.10928,0,0,0,90.00001,-3,0,0
7,43.11695,0,0,0,90.00001,-3,0,0
7,43.12438,0,0,0,90.00001,-3,0,0
7,43.13343,0,0,0,90.00001,-3,0,0
7,43.14156,0,0,0,90.00001,-3,0,0
7,43.14892,0,0,0,90.00001,-3,0,0
7,43.15678,0,0,0,90.00001,-3,0,0
7,43.16518,0,0,0,90.00001,-3,0,0
7,43.17219,0,0,0,90.00001,-3,0,0
7,43.18035,0,0,0,90.00001,-3,0,0
7,43.18744,0,0,0,90.00001,-3,0,0
7,43.19418,0,0,0,90.00001,-3,0,0
7,43.20173,0,0,0,90.00001,-3,0,0
7,43.20897,0,0,0,90.00001,-3,0,0
7,43.21713,0,0,0,90.00001,-3,0,0
7,43.22469,0,0,0,90.00001,-3,0,0
7,43.23302,0,0,0,90.00001,-3,0,0
7,43.24179,0,0,0,90.00001,-3,0,0
7,43.25158,0,0,0,90.00001,-3,0,0
7,43.26041,0,0,0,90.00001,-3,0,0
7,43.26795,0,0,0,90.00001,-3,0,0
7,43.27629,0,0,0,90.00001,-3,0,0
7,43.28411,0,0,0,90.00001,-3,0,0
7,43.29339,0,0,0,90.00001,-3,0,0
7,43.30269,0,0,0,90.00001,-3,0,0
7,43.31169,0,0,0,90.00001,-3,0,0
7,43.32196,0,0,0,90.00001,-3,0,0
7,43.33155,0,0,0,90.00001,-3,0,0
7,43.34069,0,0,0,90.00001,-3,0,0
7,43.35279,0,0,0,90.00001,-3,0,0
7,43.36238,0,0,0,90.00001,-3,0,0
7,43.37512,0,0,0,90.00001,-3,0,0
7,43.39011,0,0,0,90.00001,-3,0,0
7,43.39949,0,0,0,90.00001,-3,0,0
7,43.40827,0,0,0,90.00001,-3,0,0
7,43.41945,0,0,0,90.00001,-3,0,0
7,43.43187,0,0,0,90.00001,-3,0,0
7,43.44053,0,0,0,90.00001,-3,0,0
7,43.44898,0,0,0,90.00001,-3,0,0
7,43.45616,0,0,0,90.00001,-3,0,0
7,43.4659,0,0,0,90.00001,-3,0,0
7,43.47294,0,0,0,90.00001,-3,0,0
7,43.48095,0,0,0,90.00001,-3,0,0
7,43.48784,0,0,0,90.00001,-3,0,0
7,43.49529,0,0,0,90.00001,-3,0,0
7,43.50248,0,0,0,90.00001,-3,0,0
7,43.51137,0,0,0,90.00001,-3,0,0
7,43.51888,0,0,0,90.00001,-3,0,0
7,43.52803,0,0,0,90.00001,-3,0,0
7,43.53577,0,0,0,90.00001,-3,0,0
7,43.54447,0,0,0,90.00001,-3,0,0
7,43.55217,0,0,0,90.00001,-3,0,0
7,43.56202,0,0,0,90.00001,-3,0,0
7,43.57473,0,0,0,90.00001,-3,0,0
7,43.58822,0,0,0,90.00001,-3,0,0
7,43.60446,0,0,0,90.00001,-3,0,0
7,43.61881,0,0,0,90.00001,-3,0,0
7,43.62917,0,0,0,90.00001,-3,0,0
7,43.64354,0,0,0,90.00001,-3,0,0
7,43.65654,0,0,0,90.00001,-3,0,0
7,43.67034,0,0,0,90.00001,-3,0,0
7,43.68223,0,0,0,90.00001,-3,0,0
7,43.69191,0,0,0,90.00001,-3,0,0
7,43.70219,0,0,0,90.00001,-3,0,0
7,43.71285,0,0,0,90.00001,-3,0,0
7,43.72388,0,0,0,90.00001,-3,0,0
7,43.73508,0,0,0,90.00001,-3,0,0
7,43.74675,0,0,0,90.00001,-3,0,0
7,43.76124,0,0,0,90.00001,-3,0,0
7,43.77521,0,0,0,90.00001,-3,0,0
7,43.7866,0,0,0,90.00001,-3,0,0
7,43.7967,0,0,0,90.00001,-3,0,0
7,43.8073,0,0,0,90.00001,-3,0,0
7,43.81824,0,0,0,90.00001,-3,0,0
7,43.83236,0,0,0,90.00001,-3,0,0
7,43.84357,0,0,0,90.00001,-3,0,0
7,43.86782,0,0,0,90.00001,-3,0,0
7,43.87902,0,0,0,90.00001,-3,0,0
7,43.89586,0,0,0,90.00001,-3,0,0
7,43.90779,0,0,0,90.00001,-3,0,0
7,43.91775,0,0,0,90.00001,-3,0,0
7,43.92779,0,0,0,90.00001,-3,0,0
7,43.93874,0,0,0,90.00001,-3,0,0
7,43.94801,0,0,0,90.00001,-3,0,0
7,43.9592,0,0,0,90.00001,-3,0,0
7,43.97045,0,0,0,90.00001,-3,0,0
7,43.98187,0,0,0,90.00001,-3,0,0
7,43.99368,0,0,0,90.00001,-3,0,0
7,44.00424,0,0,0,90.00001,-3,0,0
7,44.01395,0,0,0,90.00001,-3,0,0
7,44.02271,0,0,0,90.00001,-3,0,0
7,44.03193,0,0,0,90.00001,-3,0,0
7,44.04332,0,0,0,90.00001,-3,0,0
7,44.05189,0,0,0,90.00001,-3,0,0
7,44.06425,0,0,0,90.00001,-3,0,0
7,44.07574,0,0,0,90.00001,-3,0,0
7,44.08615,0,0,0,90.00001,-3,0,0
7,44.09608,0,0,0,90.00001,-3,0,0
7,44.10717,0,0,0,90.00001,-3,0,0
7,44.11857,0,0,0,90.00001,-3,0,0
7,44.12714,0,0,0,90.00001,-3,0,0
7,44.13841,0,0,0,90.00001,-3,0,0
7,44.14665,0,0,0,90.00001,-3,0,0
7,44.1562,0,0,0,90.00001,-3,0,0
7,44.16594,0,0,0,90.00001,-3,0,0
7,44.17361,0,0,0,90.00001,-3,0,0
7,44.18303,0,0,0,90.00001,-3,0,0
7,44.19091,0,0,0,90.00001,-3,0,0
7,44.19984,0,0,0,90.00001,-3,0,0
7,44.20752,0,0,0,90.00001,-3,0,0
7,44.21496,0,0,0,90.00001,-3,0,0
7,44.22227,0,0,0,90.00001,-3,0,0
7,44.2324,0,0,0,90.00001,-3,0,0
7,44.23969,0,0,0,90.00001,-3,0,0
7,44.24867,0,0,0,90.00001,-3,0,0
7,44.25672,0,0,0,90.00001,-3,0,0
7,44.26471,0,0,0,90.00001,-3,0,0
7,44.27091,0,0,0,90.00001,-3,0,0
7,44.27806,0,0,0,90.00001,-3,0,0
7,44.28491,0,0,0,90.00001,-3,0,0
7,44.29272,0,0,0,90.00001,-3,0,0
7,44.3,0,0,0,90.00001,-3,0,0
7,44.30784,0,0,0,90.00001,-3,0,0
7,44.31496,0,0,0,90.00001,-3,0,0
7,44.32221,0,0,0,90.00001,-3,0,0
7,44.32915,0,0,0,90.00001,-3,0,0
7,44.33623,0,0,0,90.00001,-3,0,0
7,44.34451,0,0,0,90.00001,-3,0,0
7,44.35194,0,0,0,90.00001,-3,0,0
7,44.36091,0,0,0,90.00001,-3,0,0
7,44.37939,0,0,0,90.00001,-3,0,0
7,44.38784,0,0,0,90.00001,-3,0,0
7,44.39453,0,0,0,90.00001,-3,0,0
7,44.40255,0,0,0,90.00001,-3,0,0
7,44.41057,0,0,0,90.00001,-3,0,0
7,44.42109,0,0,0,90.00001,-3,0,0
7,44.42939,0,0,0,90.00001,-3,0,0
7,44.43798,0,0,0,90.00001,-3,0,0
7,44.44716,0,0,0,90.00001,-3,0,0
7,44.45485,0,0,0,90.00001,-3,0,0
7,44.46394,0,0,0,90.00001,-3,0,0
7,44.47268,0,0,0,90.00001,-3,0,0
7,44.48211,0,0,0,90.00001,-3,0,0
7,44.4907,0,0,0,90.00001,-3,0,0
7,44.49799,0,0,0,90.00001,-3,0,0
7,44.50496,0,0,0,90.00001,-3,0,0
7,44.51298,0,0,0,90.00001,-3,0,0
7,44.52032,0,0,0,90.00001,-3,0,0
7,44.52642,0,0,0,90.00001,-3,0,0
7,44.53442,0,0,0,90.00001,-3,0,0
7,44.5451,0,0,0,90.00001,-3,0,0
7,44.55968,0,0,0,90.00001,-3,0,0
7,44.56815,0,0,0,90.00001,-3,0,0
7,44.57702,0,0,0,90.00001,-3,0,0
7,44.58512,0,0,0,90.00001,-3,0,0
7,44.59299,0,0,0,90.00001,-3,0,0
7,44.60104,0,0,0,90.00001,-3,0,0
7,44.60968,0,0,0,90.00001,-3,0,0
7,44.61775,0,0,0,90.00001,-3,0,0
7,44.62549,0,0,0,90.00001,-3,0,0
7,44.63475,0,0,0,90.00001,-3,0,0
7,44.64302,0,0,0,90.00001,-3,0,0
7,44.65137,0,0,0,90.00001,-3,0,0
7,44.66052,0,0,0,90.00001,-3,0,0
7,44.67032,0,0,0,90.00001,-3,0,0
7,44.67944,0,0,0,90.00001,-3,0,0
7,44.68733,0,0,0,90.00001,-3,0,0
7,44.69593,0,0,0,90.00001,-3,0,0
7,44.70724,0,0,0,90.00001,-3,0,0
7,44.71743,0,0,0,90.00001,-3,0,0
7,44.72677,0,0,0,90.00001,-3,0,0
7,44.738,0,0,0,90.00001,-3,0,0
7,44.74921,0,0,0,90.00001,-3,0,0
7,44.76073,0,0,0,90.00001,-3,0,0
7,44.77082,0,0,0,90.00001,-3,0,0
7,44.78159,0,0,0,90.00001,-3,0,0
7,44.79164,0,0,0,90.00001,-3,0,0
7,44.80093,0,0,0,90.00001,-3,0,0
7,44.81102,0,0,0,90.00001,-3,0,0
7,44.82106,0,0,0,90.00001,-3,0,0
7,44.83015,0,0,0,90.00001,-3,0,0
7,44.83951,0,0,0,90.00001,-3,0,0
7,44.84916,0,0,0,90.00001,-3,0,0
7,44.86144,0,0,0,90.00001,-3,0,0
7,44.87237,0,0,0,90.00001,-3,0,0
7,44.88327,0,0,0,90.00001,-3,0,0
7,44.89398,0,0,0,90.00001,-3,0,0
7,44.90427,0,0,0,90.00001,-3,0,0
7,44.91489,0,0,0,90.00001,-3,0,0
7,44.92454,0,0,0,90.00001,-3,0,0
7,44.93465,0,0,0,90.00001,-3,0,0
7,44.94337,0,0,0,90.00001,-3,0,0
7,44.95271,0,0,0,90.00001,-3,0,0
7,44.96275,0,0,0,90.00001,-3,0,0
7,44.97157,0,0,0,90.00001,-3,0,0
7,44.98083,0,0,0,90.00001,-3,0,0
7,44.98955,0,0,0,90.00001,-3,0,0
7,45.0003,0,0,0,90.00001,-3,0,0
7,45.00801,0,0,0,90.00001,-3,0,0
7,45.01731,0,0,0,90.00001,-3,0,0
7,45.02716,0,0,0,90.00001,-3,0,0
7,45.03622,0,0,0,90.00001,-3,0,0
7,45.04599,0,0,0,90.00001,-3,0,0
7,45.05507,0,0,0,90.00001,-3,0,0
7,45.06387,0,0,0,90.00001,-3,0,0
7,45.07389,0,0,0,90.00001,-3,0,0
7,45.08377,0,0,0,90.00001,-3,0,0
7,45.09517,0,0,0,90.00001,-3,0,0
7,45.10593,0,0,0,90.00001,-3,0,0
7,45.11574,0,0,0,90.00001,-3,0,0
7,45.12536,0,0,0,90.00001,-3,0,0
7,45.13542,0,0,0,90.00001,-3,0,0
7,45.14392,0,0,0,90.00001,-3,0,0
7,45.15184,0,0,0,90.00001,-3,0,0
7,45.16006,0,0,0,90.00001,-3,0,0
7,45.17062,0,0,0,90.00001,-3,0,0
7,45.17944,0,0,0,90.00001,-3,0,0
7,45.18728,0,0,0,90.00001,-3,0,0
7,45.19606,0,0,0,90.00001,-3,0,0
7,45.20511,0,0,0,90.00001,-3,0,0
7,45.21378,0,0,0,90.00001,-3,0,0
7,45.22313,0,0,0,90.00001,-3,0,0
7,45.23326,0,0,0,90.00001,-3,0,0
7,45.24263,0,0,0,90.00001,-3,0,0
7,45.25379,0,0,0,90.00001,-3,0,0
7,45.26311,0,0,0,90.00001,-3,0,0
7,45.27165,0,0,0,90.00001,-3,0,0
7,45.27927,0,0,0,90.00001,-3,0,0
7,45.28699,0,0,0,90.00001,-3,0,0
7,45.29437,0,0,0,90.00001,-3,0,0
7,45.30238,0,0,0,90.00001,-3,0,0
7,45.30979,0,0,0,90.00001,-3,0,0
7,45.31833,0,0,0,90.00001,-3,0,0
7,45.32553,0,0,0,90.00001,-3,0,0
7,45.33343,0,0,0,90.00001,-3,0,0
7,45.34102,0,0,0,90.00001,-3,0,0
7,45.34875,0,0,0,90.00001,-3,0,0
7,45.3577,0,0,0,90.00001,-3,0,0
7,45.36539,0,0,0,90.00001,-3,0,0
7,45.37254,0,0,0,90.00001,-3,0,0
7,45.3806,0,0,0,90.00001,-3,0,0
7,45.38774,0,0,0,90.00001,-3,0,0
7,45.39384,0,0,0,90.00001,-3,0,0
7,45.40242,0,0,0,90.00001,-3,0,0
7,45.40981,0,0,0,90.00001,-3,0,0
7,45.41872,0,0,0,90.00001,-3,0,0
7,45.42754,0,0,0,90.00001,-3,0,0
7,45.43547,0,0,0,90.00001,-3,0,0
7,45.44292,0,0,0,90.00001,-3,0,0
7,45.44997,0,0,0,90.00001,-3,0,0
7,45.45743,0,0,0,90.00001,-3,0,0
7,45.46463,0,0,0,90.00001,-3,0,0
7,45.47106,0,0,0,90.00001,-3,0,0
7,45.48039,0,0,0,90.00001,-3,0,0
7,45.48818,0,0,0,90.00001,-3,0,0
7,45.49561,0,0,0,90.00001,-3,0,0
7,45.50317,0,0,0,90.00001,-3,0,0
7,45.51126,0,0,0,90.00001,-3,0,0
7,45.51786,0,0,0,90.00001,-3,0,0
7,45.52519,0,0,0,90.00001,-3,0,0
7,45.5317,0,0,0,90.00001,-3,0,0
7,45.53912,0,0,0,90.00001,-3,0,0
7,45.5458,0,0,0,90.00001,-3,0,0
7,45.55423,0,0,0,90.00001,-3,0,0
7,45.56383,0,0,0,90.00001,-3,0,0
7,45.57495,0,0,0,90.00001,-3,0,0
7,45.5838,0,0,0,90.00001,-3,0,0
7,45.59253,0,0,0,90.00001,-3,0,0
7,45.60135,0,0,0,90.00001,-3,0,0
7,45.60925,0,0,0,90.00001,-3,0,0
7,45.61859,0,0,0,90.00001,-3,0,0
7,45.62722,0,0,0,90.00001,-3,0,0
7,45.63544,0,0,0,90.00001,-3,0,0
7,45.64351,0,0,0,90.00001,-3,0,0
7,45.65162,0,0,0,90.00001,-3,0,0
7,45.65976,0,0,0,90.00001,-3,0,0
7,45.67013,0,0,0,90.00001,-3,0,0
7,45.67951,0,0,0,90.00001,-3,0,0
7,45.68813,0,0,0,90.00001,-3,0,0
7,45.6983,0,0,0,90.00001,-3,0,0
7,45.70535,0,0,0,90.00001,-3,0,0
7,45.71399,0,0,0,90.00001,-3,0,0
7,45.72198,0,0,0,90.00001,-3,0,0
7,45.73034,0,0,0,90.00001,-3,0,0
7,45.7375,0,0,0,90.00001,-3,0,0
7,45.74665,0,0,0,90.00001,-3,0,0
7,45.75507,0,0,0,90.00001,-3,0,0
7,45.76291,0,0,0,90.00001,-3,0,0
7,45.77059,0,0,0,90.00001,-3,0,0
7,45.77937,0,0,0,90.00001,-3,0,0
7,45.78732,0,0,0,90.00001,-3,0,0
7,45.79538,0,0,0,90.00001,-3,0,0
7,45.8026,0,0,0,90.00001,-3,0,0
7,45.81049,0,0,0,90.00001,-3,0,0
7,45.81723,0,0,0,90.00001,-3,0,0
7,45.82564,0,0,0,90.00001,-3,0,0
7,45.83268,0,0,0,90.00001,-3,0,0
7,45.83987,0,0,0,90.00001,-3,0,0
7,45.84798,0,0,0,90.00001,-3,0,0
7,45.85789,0,0,0,90.00001,-3,0,0
7,45.86747,0,0,0,90.00001,-3,0,0
7,45.87838,0,0,0,90.00001,-3,0,0
7,45.88838,0,0,0,90.00001,-3,0,0
7,45.89711,0,0,0,90.00001,-3,0,0
7,45.90597,0,0,0,90.00001,-3,0,0
7,45.91597,0,0,0,90.00001,-3,0,0
7,45.92522,0,0,0,90.00001,-3,0,0
7,45.94759,0,0,0,90.00001,-3,0,0
7,45.95699,0,0,0,90.00001,-3,0,0
7,45.96603,0,0,0,90.00001,-3,0,0
7,45.97617,0,0,0,90.00001,-3,0,0
7,45.98568,0,0,0,90.00001,-3,0,0
7,45.99684,0,0,0,90.00001,-3,0,0
7,46.00888,0,0,0,90.00001,-3,0,0
7,46.02007,0,0,0,90.00001,-3,0,0
7,46.0296,0,0,0,90.00001,-3,0,0
7,46.03888,0,0,0,90.00001,-3,0,0
7,46.04822,0,0,0,90.00001,-3,0,0
7,46.05748,0,0,0,90.00001,-3,0,0
7,46.06645,0,0,0,90.00001,-3,0,0
7,46.07574,0,0,0,90.00001,-3,0,0
7,46.08537,0,0,0,90.00001,-3,0,0
7,46.09472,0,0,0,90.00001,-3,0,0
7,46.10522,0,0,0,90.00001,-3,0,0
7,46.11594,0,0,0,90.00001,-3,0,0
7,46.12639,0,0,0,90.00001,-3,0,0
7,46.13753,0,0,0,90.00001,-3,0,0
7,46.14914,0,0,0,90.00001,-3,0,0
7,46.16057,0,0,0,90.00001,-3,0,0
7,46.17063,0,0,0,90.00001,-3,0,0
7,46.18105,0,0,0,90.00001,-3,0,0
7,46.19268,0,0,0,90.00001,-3,0,0
7,46.20407,0,0,0,90.00001,-3,0,0
7,46.21484,0,0,0,90.00001,-3,0,0
7,46.22412,0,0,0,90.00001,-3,0,0
7,46.23307,0,0,0,90.00001,-3,0,0
7,46.24278,0,0,0,90.00001,-3,0,0
7,46.25343,0,0,0,90.00001,-3,0,0
7,46.26395,0,0,0,90.00001,-3,0,0
7,46.27338,0,0,0,90.00001,-3,0,0
7,46.28254,0,0,0,90.00001,-3,0,0
7,46.29098,0,0,0,90.00001,-3,0,0
7,46.29915,0,0,0,90.00001,-3,0,0
7,46.30777,0,0,0,90.00001,-3,0,0
7,46.31653,0,0,0,90.00001,-3,0,0
7,46.32487,0,0,0,90.00001,-3,0,0
7,46.33234,0,0,0,90.00001,-3,0,0
7,46.34118,0,0,0,90.00001,-3,0,0
7,46.3504,0,0,0,90.00001,-3,0,0
7,46.35804,0,0,0,90.00001,-3,0,0
7,46.36782,0,0,0,90.00001,-3,0,0
7,46.37749,0,0,0,90.00001,-3,0,0
7,46.38597,0,0,0,90.00001,-3,0,0
7,46.39419,0,0,0,90.00001,-3,0,0
7,46.40317,0,0,0,90.00001,-3,0,0
7,46.41126,0,0,0,90.00001,-3,0,0
7,46.41919,0,0,0,90.00001,-3,0,0
7,46.42802,0,0,0,90.00001,-3,0,0
7,46.43966,0,0,0,90.00001,-3,0,0
7,46.4519,0,0,0,90.00001,-3,0,0
7,46.46326,0,0,0,90.00001,-3,0,0
7,46.47465,0,0,0,90.00001,-3,0,0
7,46.48566,0,0,0,90.00001,-3,0,0
7,46.49675,0,0,0,90.00001,-3,0,0
7,46.50869,0,0,0,90.00001,-3,0,0
7,46.51854,0,0,0,90.00001,-3,0,0
7,46.52865,0,0,0,90.00001,-3,0,0
7,46.5364,0,0,0,90.00001,-3,0,0
7,46.54515,0,0,0,90.00001,-3,0,0
7,46.55367,0,0,0,90.00001,-3,0,0
7,46.56134,0,0,0,90.00001,-3,0,0
7,46.56884,0,0,0,90.00001,-3,0,0
7,46.57739,0,0,0,90.00001,-3,0,0
7,46.58677,0,0,0,90.00001,-3,0,0
7,46.5945,0,0,0,90.00001,-3,0,0
7,46.60276,0,0,0,90.00001,-3,0,0
7,46.61049,0,0,0,90.00001,-3,0,0
7,46.61914,0,0,0,90.00001,-3,0,0
7,46.62678,0,0,0,90.00001,-3,0,0
7,46.6358,0,0,0,90.00001,-3,0,0
7,46.64499,0,0,0,90.00001,-3,0,0
7,46.65488,0,0,0,90.00001,-3,0,0
7,46.66246,0,0,0,90.00001,-3,0,0
7,46.6712,0,0,0,90.00001,-3,0,0
7,46.6819,0,0,0,90.00001,-3,0,0
7,46.69141,0,0,0,90.00001,-3,0,0
7,46.70056,0,0,0,90.00001,-3,0,0
7,46.70768,0,0,0,90.00001,-3,0,0
7,46.71747,0,0,0,90.00001,-3,0,0
7,46.72687,0,0,0,90.00001,-3,0,0
7,46.73536,0,0,0,90.00001,-3,0,0
7,46.74471,0,0,0,90.00001,-3,0,0
7,46.75272,0,0,0,90.00001,-3,0,0
7,46.76122,0,0,0,90.00001,-3,0,0
7,46.76946,0,0,0,90.00001,-3,0,0
7,46.7781,0,0,0,90.00001,-3,0,0
7,46.78618,0,0,0,90.00001,-3,0,0
7,46.79535,0,0,0,90.00001,-3,0,0
7,46.80395,0,0,0,90.00001,-3,0,0
7,46.81243,0,0,0,90.00001,-3,0,0
7,46.82323,0,0,0,90.00001,-3,0,0
7,46.83125,0,0,0,90.00001,-3,0,0
7,46.84109,0,0,0,90.00001,-3,0,0
7,46.84901,0,0,0,90.00001,-3,0,0
7,46.85712,0,0,0,90.00001,-3,0,0
7,46.86527,0,0,0,90.00001,-3,0,0
7,46.8726,0,0,0,90.00001,-3,0,0
7,46.88005,0,0,0,90.00001,-3,0,0
7,46.88807,0,0,0,90.00001,-3,0,0
7,46.89637,0,0,0,90.00001,-3,0,0
7,46.90664,0,0,0,90.00001,-3,0,0
7,46.91542,0,0,0,90.00001,-3,0,0
7,46.92294,0,0,0,90.00001,-3,0,0
7,46.93167,0,0,0,90.00001,-3,0,0
7,46.93942,0,0,0,90.00001,-3,0,0
7,46.94841,0,0,0,90.00001,-3,0,0
7,46.95683,0,0,0,90.00001,-3,0,0
7,46.96603,0,0,0,90.00001,-3,0,0
7,46.97333,0,0,0,90.00001,-3,0,0
7,46.98233,0,0,0,90.00001,-3,0,0
7,46.99047,0,0,0,90.00001,-3,0,0
7,46.99953,0,0,0,90.00001,-3,0,0
7,47.00953,0,0,0,90.00001,-3,0,0
7,47.01885,0,0,0,90.00001,-3,0,0
7,47.02905,0,0,0,90.00001,-3,0,0
7,47.03917,0,0,0,90.00001,-3,0,0
7,47.04838,0,0,0,90.00001,-3,0,0
7,47.05811,0,0,0,90.00001,-3,0,0
7,47.06939,0,0,0,90.00001,-3,0,0
7,47.07829,0,0,0,90.00001,-3,0,0
7,47.08902,0,0,0,90.00001,-3,0,0
7,47.10074,0,0,0,90.00001,-3,0,0
7,47.1102,0,0,0,90.00001,-3,0,0
7,47.1278,0,0,0,90.00001,-3,0,0
7,47.14037,0,0,0,90.00001,-3,0,0
7,47.15126,0,0,0,90.00001,-3,0,0
7,47.16199,0,0,0,90.00001,-3,0,0
7,47.17306,0,0,0,90.00001,-3,0,0
7,47.18418,0,0,0,90.00001,-3,0,0
7,47.19351,0,0,0,90.00001,-3,0,0
7,47.20498,0,0,0,90.00001,-3,0,0
7,47.21638,0,0,0,90.00001,-3,0,0
7,47.22599,0,0,0,90.00001,-3,0,0
7,47.23627,0,0,0,90.00001,-3,0,0
7,47.24753,0,0,0,90.00001,-3,0,0
7,47.25872,0,0,0,90.00001,-3,0,0
7,47.26897,0,0,0,90.00001,-3,0,0
7,47.27972,0,0,0,90.00001,-3,0,0
7,47.29067,0,0,0,90.00001,-3,0,0
7,47.29922,0,0,0,90.00001,-3,0,0
7,47.30814,0,0,0,90.00001,-3,0,0
7,47.31742,0,0,0,90.00001,-3,0,0
7,47.32659,0,0,0,90.00001,-3,0,0
7,47.33608,0,0,0,90.00001,-3,0,0
7,47.36067,0,0,0,90.00001,-3,0,0
