Ans,timenow,HMD_rotation_x,HMD_rotation_y,HMD_rotation_z,heydegree,hey_position_x,hey_position_y,hey_position_z
0,0.02554297,0,0,0,270,0,0,0
0,0.03956294,0,0,0,270,0,0,0
0,0.7379653,0,0,0,270,0,0,0
0,0.7665775,0,0,0,270,0,0,0
0,0.783438,0,0,0,270,0,0,0
0,0.7966704,0,0,0,270,0,0,0
0,0.8018796,0,0,0,270,0,0,0
0,0.8079007,0,0,0,270,0,0,0
0,0.8126733,0,0,0,270,0,0,0
0,0.8176734,0,0,0,270,0,0,0
0,0.822228,0,0,0,270,0,0,0
0,0.8269598,0,0,0,270,0,0,0
0,0.8314259,0,0,0,270,0,0,0
0,0.8354247,0,0,0,270,0,0,0
0,0.8397202,0,0,0,270,0,0,0
0,0.8453109,0,0,0,270,0,0,0
0,0.8499081,0,0,0,270,0,0,0
0,0.854094,0,0,0,270,0,0,0
0,0.859302,0,0,0,270,0,0,0
0,0.863853,0,0,0,270,0,0,0
0,0.8680315,0,0,0,270,0,0,0
0,0.8722517,0,0,0,270,0,0,0
0,0.878298,0,0,0,270,0,0,0
0,0.88254,0,0,0,270,0,0,0
0,0.8873575,0,0,0,270,0,0,0
0,0.8914895,0,0,0,270,0,0,0
0,0.8970103,0,0,0,270,0,0,0
0,0.9014757,0,0,0,270,0,0,0
0,0.9063406,0,0,0,270,0,0,0
0,0.9116404,0,0,0,270,0,0,0
0,0.9159517,0,0,0,270,0,0,0
0,0.9207511,0,0,0,270,0,0,0
0,0.9254751,0,0,0,270,0,0,0
0,0.9312081,0,0,0,270,0,0,0
0,0.9363384,0,0,0,270,0,0,0
0,0.9421077,0,0,0,270,0,0,0
0,0.9466779,0,0,0,270,0,0,0
0,0.9510112,0,0,0,270,0,0,0
0,1.022545,0,0,0,270,0,0,0
0,1.05361,0,0,0,270,0,0,0
0,1.061065,0,0,0,270,0,0,0
0,1.069202,0,0,0,270,0,0,0
0,1.078256,0,0,0,270,0,0,0
0,1.086103,0,0,0,270,0,0,0
0,1.094109,0,0,0,270,0,0,0
0,1.102526,0,0,0,270,0,0,0
0,1.110581,0,0,0,270,0,0,0
0,1.1182,0,0,0,270,0,0,0
0,1.128709,0,0,0,270,0,0,0
0,1.136584,0,0,0,270,0,0,0
0,1.146143,0,0,0,270,0,0,0
0,1.155996,0,0,0,270,0,0,0
0,1.164811,0,0,0,270,0,0,0
0,1.181513,0,0,0,270,0,0,0
0,1.200431,0,0,0,270,0,0,0
0,1.212367,0,0,0,270,0,0,0
0,1.223261,0,0,0,270,0,0,0
0,1.233522,0,0,0,270,0,0,0
0,1.245774,0,0,0,270,0,0,0
0,1.255915,0,0,0,270,0,0,0
0,1.266775,0,0,0,270,0,0,0
0,1.277095,0,0,0,270,0,0,0
0,1.289402,0,0,0,270,0,0,0
0,1.301524,0,0,0,270,0,0,0
0,1.312045,0,0,0,270,0,0,0
0,1.322429,0,0,0,270,0,0,0
0,1.332697,0,0,0,270,0,0,0
0,1.344331,0,0,0,270,0,0,0
0,1.355147,0,0,0,270,0,0,0
0,1.366562,0,0,0,270,0,0,0
0,1.376781,0,0,0,270,0,0,0
0,1.386639,0,0,0,270,0,0,0
0,1.39781,0,0,0,270,0,0,0
0,1.406977,0,0,0,270,0,0,0
0,1.417149,0,0,0,270,0,0,0
0,1.428209,0,0,0,270,0,0,0
0,1.43934,0,0,0,270,0,0,0
0,1.449099,0,0,0,270,0,0,0
0,1.459698,0,0,0,270,0,0,0
0,1.468942,0,0,0,270,0,0,0
0,1.479918,0,0,0,270,0,0,0
0,1.49138,0,0,0,270,0,0,0
0,1.502064,0,0,0,270,0,0,0
0,1.511493,0,0,0,270,0,0,0
0,1.521416,0,0,0,270,0,0,0
0,1.53056,0,0,0,270,0,0,0
0,1.539976,0,0,0,270,0,0,0
0,1.548912,0,0,0,270,0,0,0
0,1.557853,0,0,0,270,0,0,0
0,1.566778,0,0,0,270,0,0,0
0,1.57517,0,0,0,270,0,0,0
0,1.584821,0,0,0,270,0,0,0
0,1.594059,0,0,0,270,0,0,0
0,1.605665,0,0,0,270,0,0,0
0,1.615013,0,0,0,270,0,0,0
0,1.62507,0,0,0,270,0,0,0
0,1.633186,0,0,0,270,0,0,0
0,1.640717,0,0,0,270,0,0,0
0,1.649237,0,0,0,270,0,0,0
0,1.656794,0,0,0,270,0,0,0
0,1.667438,0,0,0,270,0,0,0
0,1.675616,0,0,0,270,0,0,0
0,1.683351,0,0,0,270,0,0,0
0,1.693134,0,0,0,270,0,0,0
0,1.701963,0,0,0,270,0,0,0
0,1.711797,0,0,0,270,0,0,0
0,1.719979,0,0,0,270,0,0,0
0,1.727766,0,0,0,270,0,0,0
0,1.735118,0,0,0,270,0,0,0
0,1.743041,0,0,0,270,0,0,0
0,1.750633,0,0,0,270,0,0,0
0,1.757823,0,0,0,270,0,0,0
0,1.766824,0,0,0,270,0,0,0
0,1.777729,0,0,0,270,0,0,0
0,1.785842,0,0,0,270,0,0,0
0,1.798296,0,0,0,270,0,0,0
0,1.805722,0,0,0,270,0,0,0
0,1.815304,0,0,0,270,0,0,0
0,1.823505,0,0,0,270,0,0,0
0,1.833552,0,0,0,270,0,0,0
0,1.842821,0,0,0,270,0,0,0
0,1.851171,0,0,0,270,0,0,0
0,1.85969,0,0,0,270,0,0,0
0,1.868479,0,0,0,270,0,0,0
0,1.876929,0,0,0,270,0,0,0
0,1.884631,0,0,0,270,0,0,0
0,1.893226,0,0,0,270,0,0,0
0,1.901467,0,0,0,270,0,0,0
0,1.912213,0,0,0,270,0,0,0
0,1.921264,0,0,0,270,0,0,0
0,1.929627,0,0,0,270,0,0,0
0,1.937687,0,0,0,270,0,0,0
0,1.948409,0,0,0,270,0,0,0
0,1.956582,0,0,0,270,0,0,0
0,1.965135,0,0,0,270,0,0,0
0,1.972334,0,0,0,270,0,0,0
0,1.979681,0,0,0,270,0,0,0
0,1.987867,0,0,0,270,0,0,0
0,1.995644,0,0,0,270,0,0,0
0,2.003557,0,0,0,270,0,0,0
0,2.01076,0,0,0,270,0,0,0
0,2.018419,0,0,0,270,0,0,0
0,2.025659,0,0,0,270,0,0,0
0,2.033493,0,0,0,270,0,0,0
0,2.040163,0,0,0,270,0,0,0
0,2.047873,0,0,0,270,0,0,0
0,2.055287,0,0,0,270,0,0,0
0,2.062309,0,0,0,270,0,0,0
0,2.069891,0,0,0,270,0,0,0
0,2.076736,0,0,0,270,0,0,0
0,2.084369,0,0,0,270,0,0,0
0,2.09129,0,0,0,270,0,0,0
0,2.098901,0,0,0,270,0,0,0
0,2.106026,0,0,0,270,0,0,0
0,2.114424,0,0,0,270,0,0,0
0,2.121338,0,0,0,270,0,0,0
0,2.12802,0,0,0,270,0,0,0
0,2.135247,0,0,0,270,0,0,0
0,2.143598,0,0,0,270,0,0,0
0,2.150366,0,0,0,270,0,0,0
0,2.158197,0,0,0,270,0,0,0
0,2.166046,0,0,0,270,0,0,0
0,2.173898,0,0,0,270,0,0,0
0,2.181032,0,0,0,270,0,0,0
0,2.188038,0,0,0,270,0,0,0
0,2.195306,0,0,0,270,0,0,0
0,2.204075,0,0,0,270,0,0,0
0,2.211746,0,0,0,270,0,0,0
0,2.220618,0,0,0,270,0,0,0
0,2.230515,0,0,0,270,0,0,0
0,2.239737,0,0,0,270,0,0,0
0,2.2487,0,0,0,270,0,0,0
0,2.256972,0,0,0,270,0,0,0
0,2.265383,0,0,0,270,0,0,0
0,2.272385,0,0,0,270,0,0,0
0,2.280304,0,0,0,270,0,0,0
0,2.292011,0,0,0,270,0,0,0
0,2.300557,0,0,0,270,0,0,0
0,2.30729,0,0,0,270,0,0,0
0,2.313975,0,0,0,270,0,0,0
0,2.32063,0,0,0,270,0,0,0
0,2.32773,0,0,0,270,0,0,0
0,2.334831,0,0,0,270,0,0,0
0,2.34216,0,0,0,270,0,0,0
0,2.349357,0,0,0,270,0,0,0
0,2.35683,0,0,0,270,0,0,0
0,2.365021,0,0,0,270,0,0,0
0,2.372861,0,0,0,270,0,0,0
0,2.380043,0,0,0,270,0,0,0
0,2.387955,0,0,0,270,0,0,0
0,2.397187,0,0,0,270,0,0,0
0,2.404136,0,0,0,270,0,0,0
0,2.410911,0,0,0,270,0,0,0
0,2.418154,0,0,0,270,0,0,0
0,2.425894,0,0,0,270,0,0,0
0,2.432898,0,0,0,270,0,0,0
0,2.439741,0,0,0,270,0,0,0
0,2.446742,0,0,0,270,0,0,0
0,2.455689,0,0,0,270,0,0,0
0,2.463516,0,0,0,270,0,0,0
0,2.471342,0,0,0,270,0,0,0
0,2.478133,0,0,0,270,0,0,0
0,2.486043,0,0,0,270,0,0,0
0,2.493492,0,0,0,270,0,0,0
0,2.503136,0,0,0,270,0,0,0
0,2.511539,0,0,0,270,0,0,0
0,2.520326,0,0,0,270,0,0,0
0,2.527323,0,0,0,270,0,0,0
0,2.534597,0,0,0,270,0,0,0
0,2.541592,0,0,0,270,0,0,0
0,2.552381,0,0,0,270,0,0,0
0,2.559373,0,0,0,270,0,0,0
0,2.566561,0,0,0,270,0,0,0
0,2.573267,0,0,0,270,0,0,0
0,2.581157,0,0,0,270,0,0,0
0,2.588418,0,0,0,270,0,0,0
0,2.595347,0,0,0,270,0,0,0
0,2.601924,0,0,0,270,0,0,0
0,2.610805,0,0,0,270,0,0,0
0,2.619496,0,0,0,270,0,0,0
0,2.626854,0,0,0,270,0,0,0
0,2.634429,0,0,0,270,0,0,0
0,2.642867,0,0,0,270,0,0,0
0,2.651161,0,0,0,270,0,0,0
0,2.658843,0,0,0,270,0,0,0
0,2.665962,0,0,0,270,0,0,0
0,2.675331,0,0,0,270,0,0,0
0,2.682305,0,0,0,270,0,0,0
0,2.689575,0,0,0,270,0,0,0
0,2.696176,0,0,0,270,0,0,0
0,2.705288,0,0,0,270,0,0,0
0,2.713888,0,0,0,270,0,0,0
0,2.723504,0,0,0,270,0,0,0
0,2.732775,0,0,0,270,0,0,0
0,2.742892,0,0,0,270,0,0,0
0,2.75381,0,0,0,270,0,0,0
0,2.762838,0,0,0,270,0,0,0
0,2.773266,0,0,0,270,0,0,0
0,2.789068,0,0,0,270,0,0,0
0,2.800757,0,0,0,270,0,0,0
0,2.810853,0,0,0,270,0,0,0
0,2.820062,0,0,0,270,0,0,0
0,2.829166,0,0,0,270,0,0,0
0,2.837198,0,0,0,270,0,0,0
0,2.845365,0,0,0,270,0,0,0
0,2.853299,0,0,0,270,0,0,0
0,2.86098,0,0,0,270,0,0,0
0,2.868842,0,0,0,270,0,0,0
0,2.877896,0,0,0,270,0,0,0
0,2.886715,0,0,0,270,0,0,0
0,2.894764,0,0,0,270,0,0,0
0,2.904291,0,0,0,270,0,0,0
0,2.912119,0,0,0,270,0,0,0
0,2.920293,0,0,0,270,0,0,0
0,2.928325,0,0,0,270,0,0,0
0,2.936289,0,0,0,270,0,0,0
0,2.944092,0,0,0,270,0,0,0
0,2.953027,0,0,0,270,0,0,0
0,2.962155,0,0,0,270,0,0,0
0,2.970976,0,0,0,270,0,0,0
0,2.979932,0,0,0,270,0,0,0
0,2.988836,0,0,0,270,0,0,0
0,2.997167,0,0,0,270,0,0,0
0,3.005384,0,0,0,270,0,0,0
0,3.012649,0,0,0,270,0,0,0
0,3.020492,0,0,0,270,0,0,0
0,3.027342,0,0,0,270,0,0,0
0,3.035488,0,0,0,270,0,0,0
0,3.042759,0,0,0,270,0,0,0
0,3.049882,0,0,0,270,0,0,0
0,3.058204,0,0,0,270,0,0,0
0,3.066923,0,0,0,270,0,0,0
0,3.074517,0,0,0,270,0,0,0
0,3.081037,0,0,0,270,0,0,0
0,3.088421,0,0,0,270,0,0,0
0,3.096902,0,0,0,270,0,0,0
0,3.104502,0,0,0,270,0,0,0
0,3.112411,0,0,0,270,0,0,0
0,3.121166,0,0,0,270,0,0,0
0,3.129702,0,0,0,270,0,0,0
0,3.139485,0,0,0,270,0,0,0
0,3.148443,0,0,0,270,0,0,0
0,3.157704,0,0,0,270,0,0,0
0,3.166115,0,0,0,270,0,0,0
0,3.17487,0,0,0,270,0,0,0
0,3.182219,0,0,0,270,0,0,0
0,3.190536,0,0,0,270,0,0,0
0,3.197915,0,0,0,270,0,0,0
0,3.207861,0,0,0,270,0,0,0
0,3.218065,0,0,0,270,0,0,0
0,3.227356,0,0,0,270,0,0,0
0,3.23821,0,0,0,270,0,0,0
0,3.25112,0,0,0,270,0,0,0
0,3.260358,0,0,0,270,0,0,0
0,3.271449,0,0,0,270,0,0,0
0,3.282238,0,0,0,270,0,0,0
0,3.292905,0,0,0,270,0,0,0
0,3.302474,0,0,0,270,0,0,0
0,3.315893,0,0,0,270,0,0,0
0,3.32725,0,0,0,270,0,0,0
0,3.336681,0,0,0,270,0,0,0
0,3.346802,0,0,0,270,0,0,0
0,3.356875,0,0,0,270,0,0,0
0,3.365659,0,0,0,270,0,0,0
0,3.378622,0,0,0,270,0,0,0
0,3.388921,0,0,0,270,0,0,0
0,3.398399,0,0,0,270,0,0,0
0,3.415171,0,0,0,270,0,0,0
0,3.427728,0,0,0,270,0,0,0
0,3.439255,0,0,0,270,0,0,0
0,3.450263,0,0,0,270,0,0,0
0,3.459421,0,0,0,270,0,0,0
0,3.47316,0,0,0,270,0,0,0
0,3.484888,0,0,0,270,0,0,0
0,3.495188,0,0,0,270,0,0,0
0,3.510771,0,0,0,270,0,0,0
0,3.522513,0,0,0,270,0,0,0
0,3.536377,0,0,0,270,0,0,0
0,3.548147,0,0,0,270,0,0,0
0,3.56405,0,0,0,270,0,0,0
0,3.581204,0,0,0,270,0,0,0
0,3.593381,0,0,0,270,0,0,0
0,3.606807,0,0,0,270,0,0,0
0,3.622035,0,0,0,270,0,0,0
0,3.637179,0,0,0,270,0,0,0
0,3.652054,0,0,0,270,0,0,0
0,3.666078,0,0,0,270,0,0,0
0,3.676866,0,0,0,270,0,0,0
0,3.694114,0,0,0,270,0,0,0
0,3.706762,0,0,0,270,0,0,0
0,3.716007,0,0,0,270,0,0,0
0,3.727898,0,0,0,270,0,0,0
0,3.740031,0,0,0,270,0,0,0
0,3.759141,0,0,0,270,0,0,0
0,3.771111,0,0,0,270,0,0,0
0,3.781102,0,0,0,270,0,0,0
0,3.791683,0,0,0,270,0,0,0
0,3.803551,0,0,0,270,0,0,0
0,3.819292,0,0,0,270,0,0,0
0,3.829472,0,0,0,270,0,0,0
0,3.837658,0,0,0,270,0,0,0
0,3.846861,0,0,0,270,0,0,0
0,3.85506,0,0,0,270,0,0,0
0,3.862809,0,0,0,270,0,0,0
0,3.872697,0,0,0,270,0,0,0
0,3.88145,0,0,0,270,0,0,0
0,3.890355,0,0,0,270,0,0,0
0,3.900651,0,0,0,270,0,0,0
0,3.911525,0,0,0,270,0,0,0
0,3.921446,0,0,0,270,0,0,0
0,3.929021,0,0,0,270,0,0,0
0,3.938085,0,0,0,270,0,0,0
0,3.947643,0,0,0,270,0,0,0
0,3.956151,0,0,0,270,0,0,0
0,3.965569,0,0,0,270,0,0,0
0,3.976815,0,0,0,270,0,0,0
0,3.986191,0,0,0,270,0,0,0
0,4.001733,0,0,0,270,0,0,0
0,4.010787,0,0,0,270,0,0,0
0,4.018371,0,0,0,270,0,0,0
0,4.029212,0,0,0,270,0,0,0
0,4.038765,0,0,0,270,0,0,0
0,4.047754,0,0,0,270,0,0,0
0,4.056493,0,0,0,270,0,0,0
0,4.066907,0,0,0,270,0,0,0
0,4.07674,0,0,0,270,0,0,0
0,4.086263,0,0,0,270,0,0,0
0,4.096249,0,0,0,270,0,0,0
0,4.105397,0,0,0,270,0,0,0
0,4.114342,0,0,0,270,0,0,0
0,4.123915,0,0,0,270,0,0,0
0,4.133587,0,0,0,270,0,0,0
0,4.143116,0,0,0,270,0,0,0
0,4.1515,0,0,0,270,0,0,0
0,4.161727,0,0,0,270,0,0,0
0,4.171285,0,0,0,270,0,0,0
0,4.180017,0,0,0,270,0,0,0
0,4.189095,0,0,0,270,0,0,0
0,4.198386,0,0,0,270,0,0,0
0,4.210522,0,0,0,270,0,0,0
0,4.219344,0,0,0,270,0,0,0
0,4.228782,0,0,0,270,0,0,0
0,4.236842,0,0,0,270,0,0,0
0,4.245778,0,0,0,270,0,0,0
0,4.257874,0,0,0,270,0,0,0
0,4.268256,0,0,0,270,0,0,0
0,4.279533,0,0,0,270,0,0,0
0,4.290093,0,0,0,270,0,0,0
0,4.298717,0,0,0,270,0,0,0
0,4.307061,0,0,0,270,0,0,0
0,4.315816,0,0,0,270,0,0,0
0,4.323671,0,0,0,270,0,0,0
0,4.333128,0,0,0,270,0,0,0
0,4.34237,0,0,0,270,0,0,0
0,4.350436,0,0,0,270,0,0,0
0,4.36006,0,0,0,270,0,0,0
0,4.368526,0,0,0,270,0,0,0
0,4.376867,0,0,0,270,0,0,0
0,4.384388,0,0,0,270,0,0,0
0,4.39234,0,0,0,270,0,0,0
0,4.400196,0,0,0,270,0,0,0
0,4.408786,0,0,0,270,0,0,0
0,4.417529,0,0,0,270,0,0,0
0,4.434226,0,0,0,270,0,0,0
0,4.444588,0,0,0,270,0,0,0
0,4.453779,0,0,0,270,0,0,0
0,4.462117,0,0,0,270,0,0,0
0,4.471168,0,0,0,270,0,0,0
0,4.480237,0,0,0,270,0,0,0
0,4.488897,0,0,0,270,0,0,0
0,4.497581,0,0,0,270,0,0,0
0,4.504951,0,0,0,270,0,0,0
0,4.513176,0,0,0,270,0,0,0
0,4.520992,0,0,0,270,0,0,0
0,4.528975,0,0,0,270,0,0,0
0,4.539761,0,0,0,270,0,0,0
0,4.55064,0,0,0,270,0,0,0
0,4.559462,0,0,0,270,0,0,0
0,4.569516,0,0,0,270,0,0,0
0,4.583706,0,0,0,270,0,0,0
0,4.592525,0,0,0,270,0,0,0
0,4.601516,0,0,0,270,0,0,0
0,4.610617,0,0,0,270,0,0,0
0,4.619313,0,0,0,270,0,0,0
0,4.629318,0,0,0,270,0,0,0
0,4.638502,0,0,0,270,0,0,0
0,4.650328,0,0,0,270,0,0,0
0,4.661815,0,0,0,270,0,0,0
0,4.671095,0,0,0,270,0,0,0
0,4.680037,0,0,0,270,0,0,0
0,4.692739,0,0,0,270,0,0,0
0,4.703535,0,0,0,270,0,0,0
0,4.713222,0,0,0,270,0,0,0
0,4.724089,0,0,0,270,0,0,0
0,4.734866,0,0,0,270,0,0,0
0,4.746645,0,0,0,270,0,0,0
0,4.758372,0,0,0,270,0,0,0
0,4.767728,0,0,0,270,0,0,0
0,4.778149,0,0,0,270,0,0,0
0,4.788254,0,0,0,270,0,0,0
0,4.799452,0,0,0,270,0,0,0
0,4.809546,0,0,0,270,0,0,0
0,4.820602,0,0,0,270,0,0,0
0,4.834264,0,0,0,270,0,0,0
0,4.844405,0,0,0,270,0,0,0
0,4.85293,0,0,0,270,0,0,0
0,4.862256,0,0,0,270,0,0,0
0,4.870657,0,0,0,270,0,0,0
0,4.879941,0,0,0,270,0,0,0
0,4.888447,0,0,0,270,0,0,0
0,4.897021,0,0,0,270,0,0,0
0,4.905847,0,0,0,270,0,0,0
0,4.915093,0,0,0,270,0,0,0
0,4.924082,0,0,0,270,0,0,0
0,4.933037,0,0,0,270,0,0,0
0,4.942373,0,0,0,270,0,0,0
0,4.952208,0,0,0,270,0,0,0
0,4.961464,0,0,0,270,0,0,0
0,4.971108,0,0,0,270,0,0,0
0,4.979089,0,0,0,270,0,0,0
0,4.989103,0,0,0,270,0,0,0
0,4.999145,0,0,0,270,0,0,0
0,5.007101,0,0,0,270,0,0,0
0,5.016114,0,0,0,270,0,0,0
0,5.024486,0,0,0,270,0,0,0
0,5.033622,0,0,0,270,0,0,0
0,5.042016,0,0,0,270,0,0,0
0,5.04966,0,0,0,270,0,0,0
0,5.057148,0,0,0,270,0,0,0
0,5.065847,0,0,0,270,0,0,0
0,5.073006,0,0,0,270,0,0,0
0,5.082017,0,0,0,270,0,0,0
0,5.090503,0,0,0,270,0,0,0
0,5.098895,0,0,0,270,0,0,0
0,5.107541,0,0,0,270,0,0,0
0,5.116284,0,0,0,270,0,0,0
0,5.124599,0,0,0,270,0,0,0
0,5.135118,0,0,0,270,0,0,0
0,5.145177,0,0,0,270,0,0,0
0,5.156132,0,0,0,270,0,0,0
0,5.168442,0,0,0,270,0,0,0
0,5.17751,0,0,0,270,0,0,0
0,5.18748,0,0,0,270,0,0,0
0,5.195833,0,0,0,270,0,0,0
0,5.206328,0,0,0,270,0,0,0
0,5.216599,0,0,0,270,0,0,0
0,5.226942,0,0,0,270,0,0,0
0,5.237826,0,0,0,270,0,0,0
0,5.247785,0,0,0,270,0,0,0
0,5.257597,0,0,0,270,0,0,0
0,5.268347,0,0,0,270,0,0,0
0,5.28126,0,0,0,270,0,0,0
0,5.292629,0,0,0,270,0,0,0
0,5.304895,0,0,0,270,0,0,0
0,5.316001,0,0,0,270,0,0,0
0,5.326649,0,0,0,270,0,0,0
0,5.33712,0,0,0,270,0,0,0
0,5.346537,0,0,0,270,0,0,0
0,5.356477,0,0,0,270,0,0,0
0,5.365916,0,0,0,270,0,0,0
0,5.375263,0,0,0,270,0,0,0
0,5.384637,0,0,0,270,0,0,0
0,5.394625,0,0,0,270,0,0,0
0,5.404219,0,0,0,270,0,0,0
0,5.413924,0,0,0,270,0,0,0
0,5.424327,0,0,0,270,0,0,0
0,5.435667,0,0,0,270,0,0,0
0,5.444591,0,0,0,270,0,0,0
0,5.454669,0,0,0,270,0,0,0
0,5.464391,0,0,0,270,0,0,0
0,5.47385,0,0,0,270,0,0,0
0,5.483352,0,0,0,270,0,0,0
0,5.491955,0,0,0,270,0,0,0
0,5.501232,0,0,0,270,0,0,0
0,5.509743,0,0,0,270,0,0,0
0,5.518518,0,0,0,270,0,0,0
0,5.527841,0,0,0,270,0,0,0
0,5.538643,0,0,0,270,0,0,0
0,5.549965,0,0,0,270,0,0,0
0,5.559749,0,0,0,270,0,0,0
0,5.570036,0,0,0,270,0,0,0
0,5.578988,0,0,0,270,0,0,0
0,5.587418,0,0,0,270,0,0,0
0,5.596222,0,0,0,270,0,0,0
0,5.605712,0,0,0,270,0,0,0
0,5.616071,0,0,0,270,0,0,0
0,5.62589,0,0,0,270,0,0,0
0,5.634798,0,0,0,270,0,0,0
0,5.643375,0,0,0,270,0,0,0
0,5.650874,0,0,0,270,0,0,0
0,5.66008,0,0,0,270,0,0,0
0,5.670021,0,0,0,270,0,0,0
0,5.680507,0,0,0,270,0,0,0
0,5.691487,0,0,0,270,0,0,0
0,5.701104,0,0,0,270,0,0,0
0,5.710772,0,0,0,270,0,0,0
0,5.720758,0,0,0,270,0,0,0
0,5.728307,0,0,0,270,0,0,0
0,5.736709,0,0,0,270,0,0,0
0,5.745688,0,0,0,270,0,0,0
0,5.756698,0,0,0,270,0,0,0
0,5.776984,0,0,0,270,0,0,0
0,5.78629,0,0,0,270,0,0,0
0,5.795717,0,0,0,270,0,0,0
0,5.806604,0,0,0,270,0,0,0
0,5.818676,0,0,0,270,0,0,0
0,5.829289,0,0,0,270,0,0,0
0,5.840219,0,0,0,270,0,0,0
0,5.853171,0,0,0,270,0,0,0
0,5.862644,0,0,0,270,0,0,0
0,5.871638,0,0,0,270,0,0,0
0,5.881981,0,0,0,270,0,0,0
0,5.892141,0,0,0,270,0,0,0
0,5.902073,0,0,0,270,0,0,0
0,5.916827,0,0,0,270,0,0,0
0,5.932158,0,0,0,270,0,0,0
0,5.945954,0,0,0,270,0,0,0
0,5.959193,0,0,0,270,0,0,0
0,5.980589,0,0,0,270,0,0,0
0,5.994139,0,0,0,270,0,0,0
0,6.010487,0,0,0,270,0,0,0
0,6.026047,0,0,0,270,0,0,0
0,6.039084,0,0,0,270,0,0,0
0,6.051497,0,0,0,270,0,0,0
0,6.062156,0,0,0,270,0,0,0
0,6.071337,0,0,0,270,0,0,0
0,6.080101,0,0,0,270,0,0,0
0,6.088471,0,0,0,270,0,0,0
0,6.099186,0,0,0,270,0,0,0
0,6.107978,0,0,0,270,0,0,0
0,6.116201,0,0,0,270,0,0,0
0,6.126165,0,0,0,270,0,0,0
0,6.135027,0,0,0,270,0,0,0
0,6.145415,0,0,0,270,0,0,0
0,6.153434,0,0,0,270,0,0,0
0,6.164059,0,0,0,270,0,0,0
0,6.173308,0,0,0,270,0,0,0
0,6.182724,0,0,0,270,0,0,0
0,6.19369,0,0,0,270,0,0,0
0,6.203845,0,0,0,270,0,0,0
0,6.211834,0,0,0,270,0,0,0
0,6.220987,0,0,0,270,0,0,0
0,6.229174,0,0,0,270,0,0,0
0,6.238347,0,0,0,270,0,0,0
0,6.246402,0,0,0,270,0,0,0
0,6.257901,0,0,0,270,0,0,0
0,6.270064,0,0,0,270,0,0,0
0,6.280317,0,0,0,270,0,0,0
0,6.295232,0,0,0,270,0,0,0
0,6.3044,0,0,0,270,0,0,0
0,6.317919,0,0,0,270,0,0,0
0,6.332788,0,0,0,270,0,0,0
0,6.344976,0,0,0,270,0,0,0
0,6.357017,0,0,0,270,0,0,0
0,6.36737,0,0,0,270,0,0,0
0,6.382427,0,0,0,270,0,0,0
0,6.395136,0,0,0,270,0,0,0
0,6.40594,0,0,0,270,0,0,0
0,6.416852,0,0,0,270,0,0,0
0,6.426549,0,0,0,270,0,0,0
0,6.435439,0,0,0,270,0,0,0
0,6.448321,0,0,0,270,0,0,0
0,6.462774,0,0,0,270,0,0,0
0,6.472676,0,0,0,270,0,0,0
0,6.483494,0,0,0,270,0,0,0
0,6.494545,0,0,0,270,0,0,0
0,6.505023,0,0,0,270,0,0,0
0,6.516572,0,0,0,270,0,0,0
0,6.526647,0,0,0,270,0,0,0
0,6.537803,0,0,0,270,0,0,0
0,6.547791,0,0,0,270,0,0,0
0,6.558529,0,0,0,270,0,0,0
0,6.570037,0,0,0,270,0,0,0
0,6.580172,0,0,0,270,0,0,0
0,6.590828,0,0,0,270,0,0,0
0,6.601485,0,0,0,270,0,0,0
0,6.610177,0,0,0,270,0,0,0
0,6.619756,0,0,0,270,0,0,0
0,6.628901,0,0,0,270,0,0,0
0,6.63789,0,0,0,270,0,0,0
0,6.646386,0,0,0,270,0,0,0
0,6.654366,0,0,0,270,0,0,0
0,6.664792,0,0,0,270,0,0,0
0,6.674624,0,0,0,270,0,0,0
0,6.68463,0,0,0,270,0,0,0
0,6.696802,0,0,0,270,0,0,0
0,6.707643,0,0,0,270,0,0,0
0,6.71694,0,0,0,270,0,0,0
0,6.72584,0,0,0,270,0,0,0
0,6.73429,0,0,0,270,0,0,0
0,6.744404,0,0,0,270,0,0,0
0,6.754284,0,0,0,270,0,0,0
0,6.764767,0,0,0,270,0,0,0
0,6.775846,0,0,0,270,0,0,0
0,6.78688,0,0,0,270,0,0,0
0,6.798504,0,0,0,270,0,0,0
0,6.80805,0,0,0,270,0,0,0
0,6.81831,0,0,0,270,0,0,0
0,6.8294,0,0,0,270,0,0,0
0,6.838777,0,0,0,270,0,0,0
0,6.848653,0,0,0,270,0,0,0
0,6.858561,0,0,0,270,0,0,0
0,6.868495,0,0,0,270,0,0,0
0,6.879502,0,0,0,270,0,0,0
0,6.888567,0,0,0,270,0,0,0
0,6.897548,0,0,0,270,0,0,0
0,6.90655,0,0,0,270,0,0,0
0,6.916489,0,0,0,270,0,0,0
0,6.92625,0,0,0,270,0,0,0
0,6.936284,0,0,0,270,0,0,0
0,6.947803,0,0,0,270,0,0,0
0,6.959865,0,0,0,270,0,0,0
0,6.970395,0,0,0,270,0,0,0
0,6.981736,0,0,0,270,0,0,0
0,6.991384,0,0,0,270,0,0,0
0,7.002948,0,0,0,270,0,0,0
0,7.014468,0,0,0,270,0,0,0
0,7.025518,0,0,0,270,0,0,0
0,7.037245,0,0,0,270,0,0,0
0,7.046688,0,0,0,270,0,0,0
0,7.056322,0,0,0,270,0,0,0
0,7.066815,0,0,0,270,0,0,0
0,7.078037,0,0,0,270,0,0,0
0,7.090213,0,0,0,270,0,0,0
0,7.105181,0,0,0,270,0,0,0
0,7.116139,0,0,0,270,0,0,0
0,7.135758,0,0,0,270,0,0,0
0,7.14906,0,0,0,270,0,0,0
0,7.165632,0,0,0,270,0,0,0
0,7.187645,0,0,0,270,0,0,0
0,7.199786,0,0,0,270,0,0,0
0,7.210937,0,0,0,270,0,0,0
0,7.22274,0,0,0,270,0,0,0
0,7.231246,0,0,0,270,0,0,0
0,7.241382,0,0,0,270,0,0,0
0,7.252314,0,0,0,270,0,0,0
0,7.260859,0,0,0,270,0,0,0
0,7.269886,0,0,0,270,0,0,0
0,7.278956,0,0,0,270,0,0,0
0,7.290361,0,0,0,270,0,0,0
0,7.303758,0,0,0,270,0,0,0
0,7.314855,0,0,0,270,0,0,0
0,7.326,0,0,0,270,0,0,0
0,7.336359,0,0,0,270,0,0,0
0,7.347876,0,0,0,270,0,0,0
0,7.359426,0,0,0,270,0,0,0
0,7.368172,0,0,0,270,0,0,0
0,7.379272,0,0,0,270,0,0,0
0,7.388135,0,0,0,270,0,0,0
0,7.398096,0,0,0,270,0,0,0
0,7.407052,0,0,0,270,0,0,0
0,7.416931,0,0,0,270,0,0,0
0,7.427078,0,0,0,270,0,0,0
0,7.435778,0,0,0,270,0,0,0
0,7.446784,0,0,0,270,0,0,0
0,7.455829,0,0,0,270,0,0,0
0,7.465127,0,0,0,270,0,0,0
0,7.478107,0,0,0,270,0,0,0
0,7.492175,0,0,0,270,0,0,0
0,7.507135,0,0,0,270,0,0,0
0,7.52572,0,0,0,270,0,0,0
0,7.538342,0,0,0,270,0,0,0
0,7.549175,0,0,0,270,0,0,0
0,7.559916,0,0,0,270,0,0,0
0,7.570734,0,0,0,270,0,0,0
0,7.584856,0,0,0,270,0,0,0
0,7.597662,0,0,0,270,0,0,0
0,7.612324,0,0,0,270,0,0,0
0,7.627447,0,0,0,270,0,0,0
0,7.64118,0,0,0,270,0,0,0
0,7.655271,0,0,0,270,0,0,0
0,7.668207,0,0,0,270,0,0,0
0,7.682097,0,0,0,270,0,0,0
0,7.698098,0,0,0,270,0,0,0
0,7.711187,0,0,0,270,0,0,0
0,7.723592,0,0,0,270,0,0,0
0,7.736333,0,0,0,270,0,0,0
0,7.748351,0,0,0,270,0,0,0
0,7.757888,0,0,0,270,0,0,0
0,7.772655,0,0,0,270,0,0,0
0,7.783754,0,0,0,270,0,0,0
0,7.794527,0,0,0,270,0,0,0
0,7.812355,0,0,0,270,0,0,0
0,7.831543,0,0,0,270,0,0,0
0,7.855875,0,0,0,270,0,0,0
0,7.869649,0,0,0,270,0,0,0
0,7.882523,0,0,0,270,0,0,0
0,7.899154,0,0,0,270,0,0,0
0,7.914232,0,0,0,270,0,0,0
0,7.930326,0,0,0,270,0,0,0
0,7.94304,0,0,0,270,0,0,0
0,7.959728,0,0,0,270,0,0,0
0,7.971395,0,0,0,270,0,0,0
0,7.981895,0,0,0,270,0,0,0
0,7.99323,0,0,0,270,0,0,0
0,8.004455,0,0,0,270,0,0,0
0,8.014136,0,0,0,270,0,0,0
0,8.024623,0,0,0,270,0,0,0
0,8.035212,0,0,0,270,0,0,0
0,8.043731,0,0,0,270,0,0,0
0,8.055405,0,0,0,270,0,0,0
0,8.066406,0,0,0,270,0,0,0
0,8.07687,0,0,0,270,0,0,0
0,8.089531,0,0,0,270,0,0,0
0,8.101729,0,0,0,270,0,0,0
0,8.113157,0,0,0,270,0,0,0
0,8.124744,0,0,0,270,0,0,0
0,8.135631,0,0,0,270,0,0,0
0,8.146488,0,0,0,270,0,0,0
0,8.157886,0,0,0,270,0,0,0
0,8.168328,0,0,0,270,0,0,0
0,8.178294,0,0,0,270,0,0,0
0,8.189338,0,0,0,270,0,0,0
0,8.199621,0,0,0,270,0,0,0
0,8.209729,0,0,0,270,0,0,0
0,8.221052,0,0,0,270,0,0,0
0,8.230868,0,0,0,270,0,0,0
0,8.240474,0,0,0,270,0,0,0
0,8.251418,0,0,0,270,0,0,0
0,8.261617,0,0,0,270,0,0,0
0,8.272238,0,0,0,270,0,0,0
0,8.282732,0,0,0,270,0,0,0
0,8.293621,0,0,0,270,0,0,0
0,8.304207,0,0,0,270,0,0,0
0,8.317529,0,0,0,270,0,0,0
0,8.331383,0,0,0,270,0,0,0
0,8.344884,0,0,0,270,0,0,0
0,8.35751,0,0,0,270,0,0,0
0,8.367284,0,0,0,270,0,0,0
0,8.380264,0,0,0,270,0,0,0
0,8.390184,0,0,0,270,0,0,0
0,8.399249,0,0,0,270,0,0,0
0,8.409184,0,0,0,270,0,0,0
0,8.419169,0,0,0,270,0,0,0
0,8.427213,0,0,0,270,0,0,0
0,8.437244,0,0,0,270,0,0,0
0,8.447104,0,0,0,270,0,0,0
0,8.457251,0,0,0,270,0,0,0
0,8.466553,0,0,0,270,0,0,0
0,8.476457,0,0,0,270,0,0,0
0,8.4873,0,0,0,270,0,0,0
0,8.497852,0,0,0,270,0,0,0
0,8.50838,0,0,0,270,0,0,0
0,8.519386,0,0,0,270,0,0,0
0,8.53031,0,0,0,270,0,0,0
0,8.541481,0,0,0,270,0,0,0
0,8.555548,0,0,0,270,0,0,0
0,8.565306,0,0,0,270,0,0,0
0,8.573941,0,0,0,270,0,0,0
0,8.58294,0,0,0,270,0,0,0
0,8.591145,0,0,0,270,0,0,0
0,8.604153,0,0,0,270,0,0,0
0,8.614452,0,0,0,270,0,0,0
0,8.624877,0,0,0,270,0,0,0
0,8.63316,0,0,0,270,0,0,0
0,8.642722,0,0,0,270,0,0,0
0,8.653358,0,0,0,270,0,0,0
0,8.662606,0,0,0,270,0,0,0
0,8.673089,0,0,0,270,0,0,0
0,8.682667,0,0,0,270,0,0,0
0,8.692376,0,0,0,270,0,0,0
0,8.703178,0,0,0,270,0,0,0
0,8.715522,0,0,0,270,0,0,0
0,8.727603,0,0,0,270,0,0,0
0,8.738374,0,0,0,270,0,0,0
0,8.748232,0,0,0,270,0,0,0
0,8.758171,0,0,0,270,0,0,0
0,8.767437,0,0,0,270,0,0,0
0,8.776596,0,0,0,270,0,0,0
0,8.787722,0,0,0,270,0,0,0
0,8.798102,0,0,0,270,0,0,0
0,8.807997,0,0,0,270,0,0,0
0,8.820305,0,0,0,270,0,0,0
0,8.830637,0,0,0,270,0,0,0
0,8.840448,0,0,0,270,0,0,0
0,8.851434,0,0,0,270,0,0,0
0,8.86222,0,0,0,270,0,0,0
0,8.87399,0,0,0,270,0,0,0
0,8.885725,0,0,0,270,0,0,0
0,8.898307,0,0,0,270,0,0,0
0,8.912155,0,0,0,270,0,0,0
0,8.924131,0,0,0,270,0,0,0
0,8.932498,0,0,0,270,0,0,0
0,8.941958,0,0,0,270,0,0,0
0,8.950093,0,0,0,270,0,0,0
0,8.958691,0,0,0,270,0,0,0
0,8.967892,0,0,0,270,0,0,0
0,8.978354,0,0,0,270,0,0,0
0,8.988516,0,0,0,270,0,0,0
0,8.999362,0,0,0,270,0,0,0
0,9.009376,0,0,0,270,0,0,0
0,9.017872,0,0,0,270,0,0,0
0,9.026452,0,0,0,270,0,0,0
0,9.037687,0,0,0,270,0,0,0
0,9.046589,0,0,0,270,0,0,0
0,9.055973,0,0,0,270,0,0,0
0,9.067966,0,0,0,270,0,0,0
0,9.077646,0,0,0,270,0,0,0
0,9.086926,0,0,0,270,0,0,0
0,9.096133,0,0,0,270,0,0,0
0,9.104606,0,0,0,270,0,0,0
0,9.113027,0,0,0,270,0,0,0
0,9.121462,0,0,0,270,0,0,0
0,9.129493,0,0,0,270,0,0,0
0,9.139078,0,0,0,270,0,0,0
0,9.148304,0,0,0,270,0,0,0
0,9.158172,0,0,0,270,0,0,0
0,9.166621,0,0,0,270,0,0,0
0,9.175498,0,0,0,270,0,0,0
0,9.188726,0,0,0,270,0,0,0
0,9.19867,0,0,0,270,0,0,0
0,9.208416,0,0,0,270,0,0,0
0,9.223542,0,0,0,270,0,0,0
0,9.238497,0,0,0,270,0,0,0
0,9.2572,0,0,0,270,0,0,0
0,9.269982,0,0,0,270,0,0,0
0,9.280837,0,0,0,270,0,0,0
0,9.291312,0,0,0,270,0,0,0
0,9.302662,0,0,0,270,0,0,0
0,9.312148,0,0,0,270,0,0,0
0,9.323207,0,0,0,270,0,0,0
0,9.335389,0,0,0,270,0,0,0
0,9.346626,0,0,0,270,0,0,0
0,9.359021,0,0,0,270,0,0,0
0,9.370745,0,0,0,270,0,0,0
0,9.387103,0,0,0,270,0,0,0
0,9.400611,0,0,0,270,0,0,0
0,9.416337,0,0,0,270,0,0,0
0,9.428961,0,0,0,270,0,0,0
0,9.443637,0,0,0,270,0,0,0
0,9.455227,0,0,0,270,0,0,0
0,9.465549,0,0,0,270,0,0,0
0,9.478486,0,0,0,270,0,0,0
0,9.493056,0,0,0,270,0,0,0
0,9.505597,0,0,0,270,0,0,0
0,9.515729,0,0,0,270,0,0,0
0,9.525323,0,0,0,270,0,0,0
0,9.538073,0,0,0,270,0,0,0
0,9.546927,0,0,0,270,0,0,0
0,9.555797,0,0,0,270,0,0,0
0,9.565841,0,0,0,270,0,0,0
0,9.57624,0,0,0,270,0,0,0
0,9.58415,0,0,0,270,0,0,0
0,9.593334,0,0,0,270,0,0,0
0,9.601736,0,0,0,270,0,0,0
0,9.61071,0,0,0,270,0,0,0
0,9.619226,0,0,0,270,0,0,0
0,9.629315,0,0,0,270,0,0,0
0,9.638439,0,0,0,270,0,0,0
0,9.646846,0,0,0,270,0,0,0
0,9.661726,0,0,0,270,0,0,0
0,9.676291,0,0,0,270,0,0,0
0,9.687003,0,0,0,270,0,0,0
0,9.696973,0,0,0,270,0,0,0
0,9.704445,0,0,0,270,0,0,0
0,9.712097,0,0,0,270,0,0,0
0,9.720687,0,0,0,270,0,0,0
0,9.729167,0,0,0,270,0,0,0
0,9.741557,0,0,0,270,0,0,0
0,9.751757,0,0,0,270,0,0,0
0,9.760073,0,0,0,270,0,0,0
0,9.768855,0,0,0,270,0,0,0
0,9.778896,0,0,0,270,0,0,0
0,9.789227,0,0,0,270,0,0,0
0,9.800841,0,0,0,270,0,0,0
0,9.811337,0,0,0,270,0,0,0
0,9.822212,0,0,0,270,0,0,0
0,9.834776,0,0,0,270,0,0,0
0,9.847838,0,0,0,270,0,0,0
0,9.866163,0,0,0,270,0,0,0
0,9.88218,0,0,0,270,0,0,0
0,9.893053,0,0,0,270,0,0,0
0,9.902252,0,0,0,270,0,0,0
0,9.913384,0,0,0,270,0,0,0
0,9.922779,0,0,0,270,0,0,0
0,9.933445,0,0,0,270,0,0,0
0,9.944443,0,0,0,270,0,0,0
0,9.953644,0,0,0,270,0,0,0
0,9.962684,0,0,0,270,0,0,0
0,9.972264,0,0,0,270,0,0,0
0,9.983106,0,0,0,270,0,0,0
0,9.993815,0,0,0,270,0,0,0
0,10.00401,0,0,0,270,0,0,0
0,10.01348,0,0,0,270,0,0,0
0,10.0259,0,0,0,270,0,0,0
0,10.03642,0,0,0,270,0,0,0
0,10.04842,0,0,0,270,0,0,0
0,10.05907,0,0,0,270,0,0,0
0,10.06843,0,0,0,270,0,0,0
0,10.08294,0,0,0,270,0,0,0
0,10.09563,0,0,0,270,0,0,0
0,10.10438,0,0,0,270,0,0,0
0,10.1134,0,0,0,270,0,0,0
0,10.12217,0,0,0,270,0,0,0
0,10.13254,0,0,0,270,0,0,0
0,10.14239,0,0,0,270,0,0,0
0,10.15161,0,0,0,270,0,0,0
0,10.16058,0,0,0,270,0,0,0
0,10.1688,0,0,0,270,0,0,0
0,10.17883,0,0,0,270,0,0,0
0,10.18801,0,0,0,270,0,0,0
0,10.19776,0,0,0,270,0,0,0
0,10.20838,0,0,0,270,0,0,0
0,10.21719,0,0,0,270,0,0,0
0,10.22613,0,0,0,270,0,0,0
0,10.23547,0,0,0,270,0,0,0
0,10.24479,0,0,0,270,0,0,0
0,10.25455,0,0,0,270,0,0,0
0,10.26448,0,0,0,270,0,0,0
0,10.27406,0,0,0,270,0,0,0
0,10.2841,0,0,0,270,0,0,0
0,10.29451,0,0,0,270,0,0,0
0,10.30573,0,0,0,270,0,0,0
0,10.31567,0,0,0,270,0,0,0
0,10.32493,0,0,0,270,0,0,0
0,10.33592,0,0,0,270,0,0,0
0,10.34636,0,0,0,270,0,0,0
0,10.35742,0,0,0,270,0,0,0
0,10.37003,0,0,0,270,0,0,0
0,10.38587,0,0,0,270,0,0,0
0,10.40092,0,0,0,270,0,0,0
0,10.41327,0,0,0,270,0,0,0
0,10.42896,0,0,0,270,0,0,0
0,10.44348,0,0,0,270,0,0,0
0,10.45824,0,0,0,270,0,0,0
0,10.47274,0,0,0,270,0,0,0
0,10.4845,0,0,0,270,0,0,0
0,10.49582,0,0,0,270,0,0,0
0,10.50576,0,0,0,270,0,0,0
0,10.51652,0,0,0,270,0,0,0
0,10.52624,0,0,0,270,0,0,0
0,10.53662,0,0,0,270,0,0,0
0,10.54676,0,0,0,270,0,0,0
0,10.56336,0,0,0,270,0,0,0
0,10.57406,0,0,0,270,0,0,0
0,10.58424,0,0,0,270,0,0,0
0,10.59402,0,0,0,270,0,0,0
0,10.60507,0,0,0,270,0,0,0
0,10.61621,0,0,0,270,0,0,0
0,10.62635,0,0,0,270,0,0,0
0,10.63599,0,0,0,270,0,0,0
0,10.6471,0,0,0,270,0,0,0
0,10.65855,0,0,0,270,0,0,0
0,10.66747,0,0,0,270,0,0,0
0,10.67861,0,0,0,270,0,0,0
0,10.69016,0,0,0,270,0,0,0
0,10.7061,0,0,0,270,0,0,0
0,10.7186,0,0,0,270,0,0,0
0,10.72927,0,0,0,270,0,0,0
0,10.74219,0,0,0,270,0,0,0
0,10.75478,0,0,0,270,0,0,0
0,10.76813,0,0,0,270,0,0,0
0,10.78286,0,0,0,270,0,0,0
0,10.79283,0,0,0,270,0,0,0
0,10.80573,0,0,0,270,0,0,0
0,10.81587,0,0,0,270,0,0,0
0,10.82385,0,0,0,270,0,0,0
0,10.83361,0,0,0,270,0,0,0
0,10.84298,0,0,0,270,0,0,0
0,10.85249,0,0,0,270,0,0,0
0,10.86397,0,0,0,270,0,0,0
0,10.87254,0,0,0,270,0,0,0
0,10.88103,0,0,0,270,0,0,0
0,10.89083,0,0,0,270,0,0,0
0,10.90064,0,0,0,270,0,0,0
0,10.90988,0,0,0,270,0,0,0
0,10.91796,0,0,0,270,0,0,0
0,10.92767,0,0,0,270,0,0,0
0,10.93698,0,0,0,270,0,0,0
0,10.94605,0,0,0,270,0,0,0
0,10.95974,0,0,0,270,0,0,0
0,10.97273,0,0,0,270,0,0,0
0,10.98388,0,0,0,270,0,0,0
0,10.99499,0,0,0,270,0,0,0
0,11.00564,0,0,0,270,0,0,0
0,11.01653,0,0,0,270,0,0,0
0,11.02689,0,0,0,270,0,0,0
0,11.03629,0,0,0,270,0,0,0
0,11.04662,0,0,0,270,0,0,0
0,11.05741,0,0,0,270,0,0,0
0,11.06778,0,0,0,270,0,0,0
0,11.07817,0,0,0,270,0,0,0
0,11.09731,0,0,0,270,0,0,0
0,11.11047,0,0,0,270,0,0,0
0,11.12772,0,0,0,270,0,0,0
0,11.14102,0,0,0,270,0,0,0
0,11.15508,0,0,0,270,0,0,0
0,11.16568,0,0,0,270,0,0,0
0,11.18008,0,0,0,270,0,0,0
0,11.19331,0,0,0,270,0,0,0
0,11.20891,0,0,0,270,0,0,0
0,11.22186,0,0,0,270,0,0,0
0,11.23863,0,0,0,270,0,0,0
0,11.2547,0,0,0,270,0,0,0
0,11.26531,0,0,0,270,0,0,0
0,11.27684,0,0,0,270,0,0,0
0,11.29255,0,0,0,270,0,0,0
0,11.30674,0,0,0,270,0,0,0
0,11.31767,0,0,0,270,0,0,0
0,11.33197,0,0,0,270,0,0,0
0,11.34496,0,0,0,270,0,0,0
0,11.36075,0,0,0,270,0,0,0
0,11.37542,0,0,0,270,0,0,0
0,11.38703,0,0,0,270,0,0,0
0,11.40003,0,0,0,270,0,0,0
0,11.41305,0,0,0,270,0,0,0
0,11.42743,0,0,0,270,0,0,0
0,11.43717,0,0,0,270,0,0,0
0,11.4457,0,0,0,270,0,0,0
0,11.4593,0,0,0,270,0,0,0
0,11.46851,0,0,0,270,0,0,0
0,11.47633,0,0,0,270,0,0,0
0,11.48559,0,0,0,270,0,0,0
0,11.49378,0,0,0,270,0,0,0
0,11.50336,0,0,0,270,0,0,0
0,11.51202,0,0,0,270,0,0,0
0,11.52394,0,0,0,270,0,0,0
0,11.53458,0,0,0,270,0,0,0
0,11.5445,0,0,0,270,0,0,0
0,11.55614,0,0,0,270,0,0,0
0,11.56733,0,0,0,270,0,0,0
0,11.5779,0,0,0,270,0,0,0
0,11.58844,0,0,0,270,0,0,0
0,11.59831,0,0,0,270,0,0,0
0,11.60924,0,0,0,270,0,0,0
0,11.62042,0,0,0,270,0,0,0
0,11.63063,0,0,0,270,0,0,0
0,11.64651,0,0,0,270,0,0,0
0,11.67137,0,0,0,270,0,0,0
0,11.67701,0,0,0,270,0,0,0
0,11.68264,0,0,0,270,0,0,0
0,11.68955,0,0,0,270,0,0,0
0,11.69532,0,0,0,270,0,0,0
0,11.70082,0,0,0,270,0,0,0
0,11.70672,0,0,0,270,0,0,0
0,11.71262,0,0,0,270,0,0,0
0,11.71837,0,0,0,270,0,0,0
0,11.72357,0,0,0,270,0,0,0
0,11.72894,0,0,0,270,0,0,0
0,11.73578,0,0,0,270,0,0,0
0,11.74289,0,0,0,270,0,0,0
0,11.75004,0,0,0,270,0,0,0
0,11.7577,0,0,0,270,0,0,0
0,11.76426,0,0,0,270,0,0,0
0,11.77077,0,0,0,270,0,0,0
0,11.77643,0,0,0,270,0,0,0
0,11.78218,0,0,0,270,0,0,0
0,11.78702,0,0,0,270,0,0,0
0,11.79197,0,0,0,270,0,0,0
0,11.79782,0,0,0,270,0,0,0
0,11.80315,0,0,0,270,0,0,0
0,11.80813,0,0,0,270,0,0,0
0,11.81328,0,0,0,270,0,0,0
0,11.81838,0,0,0,270,0,0,0
0,11.82398,0,0,0,270,0,0,0
0,11.82889,0,0,0,270,0,0,0
0,11.83429,0,0,0,270,0,0,0
0,11.83944,0,0,0,270,0,0,0
0,11.84456,0,0,0,270,0,0,0
0,11.84899,0,0,0,270,0,0,0
0,11.85536,0,0,0,270,0,0,0
0,11.86133,0,0,0,270,0,0,0
0,11.86744,0,0,0,270,0,0,0
0,11.87766,0,0,0,270,0,0,0
0,11.89223,0,0,0,270,0,0,0
0,11.8988,0,0,0,270,0,0,0
0,11.90464,0,0,0,270,0,0,0
0,11.90972,0,0,0,270,0,0,0
0,11.91452,0,0,0,270,0,0,0
0,11.91937,0,0,0,270,0,0,0
0,11.92472,0,0,0,270,0,0,0
0,11.93039,0,0,0,270,0,0,0
0,11.9371,0,0,0,270,0,0,0
0,11.94198,0,0,0,270,0,0,0
0,11.94703,0,0,0,270,0,0,0
0,11.95997,0,0,0,270,0,0,0
0,11.9685,0,0,0,270,0,0,0
0,11.9777,0,0,0,270,0,0,0
0,11.98897,0,0,0,270,0,0,0
0,11.99369,0,0,0,270,0,0,0
0,11.99866,0,0,0,270,0,0,0
0,12.00308,0,0,0,270,0,0,0
0,12.00794,0,0,0,270,0,0,0
0,12.0126,0,0,0,270,0,0,0
0,12.01899,0,0,0,270,0,0,0
0,12.02556,0,0,0,270,0,0,0
0,12.04098,0,0,0,270,0,0,0
0,12.06254,0,0,0,270,0,0,0
0,12.08215,0,0,0,270,0,0,0
0,12.10289,0,0,0,270,0,0,0
0,12.12804,0,0,0,270,0,0,0
0,12.14714,0,0,0,270,0,0,0
0,12.16544,0,0,0,270,0,0,0
0,12.17244,0,0,0,270,0,0,0
0,12.17881,0,0,0,270,0,0,0
0,12.18791,0,0,0,270,0,0,0
0,12.19468,0,0,0,270,0,0,0
0,12.21565,0,0,0,270,0,0,0
0,12.22184,0,0,0,270,0,0,0
0,12.22745,0,0,0,270,0,0,0
0,12.23309,0,0,0,270,0,0,0
0,12.23814,0,0,0,270,0,0,0
0,12.24404,0,0,0,270,0,0,0
0,12.24951,0,0,0,270,0,0,0
0,12.25422,0,0,0,270,0,0,0
0,12.25929,0,0,0,270,0,0,0
0,12.26515,0,0,0,270,0,0,0
0,12.27041,0,0,0,270,0,0,0
0,12.27642,0,0,0,270,0,0,0
0,12.28152,0,0,0,270,0,0,0
0,12.28686,0,0,0,270,0,0,0
0,12.29229,0,0,0,270,0,0,0
0,12.29855,0,0,0,270,0,0,0
0,12.30353,0,0,0,270,0,0,0
0,12.31031,0,0,0,270,0,0,0
0,12.31663,0,0,0,270,0,0,0
0,12.32178,0,0,0,270,0,0,0
0,12.3272,0,0,0,270,0,0,0
0,12.33332,0,0,0,270,0,0,0
0,12.3398,0,0,0,270,0,0,0
0,12.34589,0,0,0,270,0,0,0
0,12.35323,0,0,0,270,0,0,0
0,12.35953,0,0,0,270,0,0,0
0,12.36568,0,0,0,270,0,0,0
0,12.37255,0,0,0,270,0,0,0
0,12.37891,0,0,0,270,0,0,0
0,12.38441,0,0,0,270,0,0,0
0,12.39096,0,0,0,270,0,0,0
0,12.3973,0,0,0,270,0,0,0
0,12.40252,0,0,0,270,0,0,0
0,12.40848,0,0,0,270,0,0,0
0,12.41312,0,0,0,270,0,0,0
0,12.41763,0,0,0,270,0,0,0
0,12.42351,0,0,0,270,0,0,0
0,12.429,0,0,0,270,0,0,0
0,12.43406,0,0,0,270,0,0,0
0,12.4391,0,0,0,270,0,0,0
0,12.44631,0,0,0,270,0,0,0
0,12.45389,0,0,0,270,0,0,0
0,12.46073,0,0,0,270,0,0,0
0,12.47604,0,0,0,270,0,0,0
0,12.4829,0,0,0,270,0,0,0
0,12.48945,0,0,0,270,0,0,0
0,12.49502,0,0,0,270,0,0,0
0,12.50244,0,0,0,270,0,0,0
0,12.50814,0,0,0,270,0,0,0
0,12.51324,0,0,0,270,0,0,0
0,12.52187,0,0,0,270,0,0,0
0,12.53824,0,0,0,270,0,0,0
0,12.54381,0,0,0,270,0,0,0
0,12.55304,0,0,0,270,0,0,0
0,12.55977,0,0,0,270,0,0,0
0,12.5694,0,0,0,270,0,0,0
0,12.57845,0,0,0,270,0,0,0
0,12.5838,0,0,0,270,0,0,0
0,12.58905,0,0,0,270,0,0,0
0,12.5954,0,0,0,270,0,0,0
0,12.6023,0,0,0,270,0,0,0
0,12.60883,0,0,0,270,0,0,0
0,12.61561,0,0,0,270,0,0,0
0,12.6216,0,0,0,270,0,0,0
0,12.64104,0,0,0,270,0,0,0
0,12.65539,0,0,0,270,0,0,0
0,12.66357,0,0,0,270,0,0,0
0,12.66843,0,0,0,270,0,0,0
0,12.67396,0,0,0,270,0,0,0
0,12.68047,0,0,0,270,0,0,0
0,12.68671,0,0,0,270,0,0,0
0,12.69234,0,0,0,270,0,0,0
0,12.69938,0,0,0,270,0,0,0
0,12.70607,0,0,0,270,0,0,0
0,12.71343,0,0,0,270,0,0,0
0,12.71963,0,0,0,270,0,0,0
0,12.72579,0,0,0,270,0,0,0
0,12.73285,0,0,0,270,0,0,0
0,12.74246,0,0,0,270,0,0,0
0,12.75045,0,0,0,270,0,0,0
0,12.75825,0,0,0,270,0,0,0
0,12.77231,0,0,0,270,0,0,0
0,12.78157,0,0,0,270,0,0,0
0,12.78996,0,0,0,270,0,0,0
0,12.79732,0,0,0,270,0,0,0
0,12.80303,0,0,0,270,0,0,0
0,12.80915,0,0,0,270,0,0,0
0,12.81744,0,0,0,270,0,0,0
0,12.82331,0,0,0,270,0,0,0
0,12.82957,0,0,0,270,0,0,0
0,12.83621,0,0,0,270,0,0,0
0,12.84189,0,0,0,270,0,0,0
0,12.84794,0,0,0,270,0,0,0
0,12.85321,0,0,0,270,0,0,0
0,12.85848,0,0,0,270,0,0,0
0,12.865,0,0,0,270,0,0,0
0,12.86998,0,0,0,270,0,0,0
0,12.87595,0,0,0,270,0,0,0
0,12.88301,0,0,0,270,0,0,0
0,12.89232,0,0,0,270,0,0,0
0,12.9047,0,0,0,270,0,0,0
0,12.91457,0,0,0,270,0,0,0
0,12.92182,0,0,0,270,0,0,0
0,12.93529,0,0,0,270,0,0,0
0,12.96139,0,0,0,270,0,0,0
0,12.9701,0,0,0,270,0,0,0
0,12.97824,0,0,0,270,0,0,0
0,12.98449,0,0,0,270,0,0,0
0,12.99066,0,0,0,270,0,0,0
0,12.99731,0,0,0,270,0,0,0
0,13.0059,0,0,0,270,0,0,0
0,13.01273,0,0,0,270,0,0,0
0,13.01994,0,0,0,270,0,0,0
0,13.02571,0,0,0,270,0,0,0
0,13.03237,0,0,0,270,0,0,0
0,13.03779,0,0,0,270,0,0,0
0,13.04394,0,0,0,270,0,0,0
0,13.05071,0,0,0,270,0,0,0
0,13.05758,0,0,0,270,0,0,0
0,13.06428,0,0,0,270,0,0,0
0,13.06965,0,0,0,270,0,0,0
0,13.07622,0,0,0,270,0,0,0
0,13.08182,0,0,0,270,0,0,0
0,13.08794,0,0,0,270,0,0,0
0,13.09465,0,0,0,270,0,0,0
0,13.10092,0,0,0,270,0,0,0
0,13.11045,0,0,0,270,0,0,0
0,13.11647,0,0,0,270,0,0,0
0,13.12256,0,0,0,270,0,0,0
0,13.1286,0,0,0,270,0,0,0
0,13.13461,0,0,0,270,0,0,0
0,13.14049,0,0,0,270,0,0,0
0,13.14643,0,0,0,270,0,0,0
0,13.15322,0,0,0,270,0,0,0
0,13.15881,0,0,0,270,0,0,0
0,13.16476,0,0,0,270,0,0,0
0,13.17033,0,0,0,270,0,0,0
0,13.17598,0,0,0,270,0,0,0
0,13.18113,0,0,0,270,0,0,0
0,13.18748,0,0,0,270,0,0,0
0,13.19339,0,0,0,270,0,0,0
0,13.19872,0,0,0,270,0,0,0
0,13.20421,0,0,0,270,0,0,0
0,13.20927,0,0,0,270,0,0,0
0,13.21469,0,0,0,270,0,0,0
0,13.21979,0,0,0,270,0,0,0
0,13.22424,0,0,0,270,0,0,0
0,13.22854,0,0,0,270,0,0,0
0,13.23568,0,0,0,270,0,0,0
0,13.24041,0,0,0,270,0,0,0
0,13.24543,0,0,0,270,0,0,0
0,13.25068,0,0,0,270,0,0,0
0,13.25599,0,0,0,270,0,0,0
0,13.26047,0,0,0,270,0,0,0
0,13.26661,0,0,0,270,0,0,0
0,13.27119,0,0,0,270,0,0,0
0,13.27635,0,0,0,270,0,0,0
0,13.28208,0,0,0,270,0,0,0
0,13.28791,0,0,0,270,0,0,0
0,13.29277,0,0,0,270,0,0,0
0,13.29883,0,0,0,270,0,0,0
0,13.30429,0,0,0,270,0,0,0
0,13.30955,0,0,0,270,0,0,0
0,13.31472,0,0,0,270,0,0,0
0,13.32413,0,0,0,270,0,0,0
0,13.33038,0,0,0,270,0,0,0
0,13.33561,0,0,0,270,0,0,0
0,13.34052,0,0,0,270,0,0,0
0,13.34656,0,0,0,270,0,0,0
0,13.35121,0,0,0,270,0,0,0
0,13.35599,0,0,0,270,0,0,0
0,13.36166,0,0,0,270,0,0,0
0,13.36751,0,0,0,270,0,0,0
0,13.37295,0,0,0,270,0,0,0
0,13.3784,0,0,0,270,0,0,0
0,13.38373,0,0,0,270,0,0,0
0,13.3887,0,0,0,270,0,0,0
0,13.39879,0,0,0,270,0,0,0
0,13.40547,0,0,0,270,0,0,0
0,13.41112,0,0,0,270,0,0,0
0,13.42056,0,0,0,270,0,0,0
0,13.44078,0,0,0,270,0,0,0
0,13.4488,0,0,0,270,0,0,0
0,13.45449,0,0,0,270,0,0,0
0,13.45924,0,0,0,270,0,0,0
0,13.46426,0,0,0,270,0,0,0
0,13.47052,0,0,0,270,0,0,0
0,13.47586,0,0,0,270,0,0,0
0,13.48084,0,0,0,270,0,0,0
0,13.48773,0,0,0,270,0,0,0
0,13.49333,0,0,0,270,0,0,0
0,13.49983,0,0,0,270,0,0,0
0,13.50465,0,0,0,270,0,0,0
0,13.5098,0,0,0,270,0,0,0
0,13.51573,0,0,0,270,0,0,0
0,13.52146,0,0,0,270,0,0,0
0,13.52664,0,0,0,270,0,0,0
0,13.53231,0,0,0,270,0,0,0
0,13.53787,0,0,0,270,0,0,0
0,13.54375,0,0,0,270,0,0,0
0,13.54919,0,0,0,270,0,0,0
0,13.5546,0,0,0,270,0,0,0
0,13.56101,0,0,0,270,0,0,0
0,13.56592,0,0,0,270,0,0,0
0,13.57045,0,0,0,270,0,0,0
0,13.57622,0,0,0,270,0,0,0
0,13.58102,0,0,0,270,0,0,0
0,13.58589,0,0,0,270,0,0,0
0,13.59081,0,0,0,270,0,0,0
0,13.59581,0,0,0,270,0,0,0
0,13.6012,0,0,0,270,0,0,0
0,13.60817,0,0,0,270,0,0,0
0,13.61307,0,0,0,270,0,0,0
0,13.61822,0,0,0,270,0,0,0
0,13.62406,0,0,0,270,0,0,0
0,13.62866,0,0,0,270,0,0,0
0,13.6334,0,0,0,270,0,0,0
0,13.63955,0,0,0,270,0,0,0
0,13.65567,0,0,0,270,0,0,0
0,13.66931,0,0,0,270,0,0,0
0,13.67396,0,0,0,270,0,0,0
0,13.67911,0,0,0,270,0,0,0
0,13.68376,0,0,0,270,0,0,0
0,13.68953,0,0,0,270,0,0,0
0,13.69401,0,0,0,270,0,0,0
0,13.7002,0,0,0,270,0,0,0
0,13.70655,0,0,0,270,0,0,0
0,13.71205,0,0,0,270,0,0,0
0,13.71779,0,0,0,270,0,0,0
0,13.72283,0,0,0,270,0,0,0
0,13.7276,0,0,0,270,0,0,0
0,13.73424,0,0,0,270,0,0,0
0,13.73928,0,0,0,270,0,0,0
0,13.74527,0,0,0,270,0,0,0
0,13.75142,0,0,0,270,0,0,0
0,13.75719,0,0,0,270,0,0,0
0,13.7629,0,0,0,270,0,0,0
0,13.77008,0,0,0,270,0,0,0
0,13.77571,0,0,0,270,0,0,0
0,13.78185,0,0,0,270,0,0,0
0,13.78743,0,0,0,270,0,0,0
0,13.79242,0,0,0,270,0,0,0
0,13.79897,0,0,0,270,0,0,0
0,13.80475,0,0,0,270,0,0,0
0,13.81137,0,0,0,270,0,0,0
0,13.81802,0,0,0,270,0,0,0
0,13.82438,0,0,0,270,0,0,0
0,13.83147,0,0,0,270,0,0,0
0,13.83769,0,0,0,270,0,0,0
0,13.84404,0,0,0,270,0,0,0
0,13.84919,0,0,0,270,0,0,0
0,13.85593,0,0,0,270,0,0,0
0,13.862,0,0,0,270,0,0,0
0,13.86854,0,0,0,270,0,0,0
0,13.87578,0,0,0,270,0,0,0
0,13.88146,0,0,0,270,0,0,0
0,13.88806,0,0,0,270,0,0,0
0,13.89486,0,0,0,270,0,0,0
0,13.90133,0,0,0,270,0,0,0
0,13.90975,0,0,0,270,0,0,0
0,13.91684,0,0,0,270,0,0,0
0,13.92463,0,0,0,270,0,0,0
0,13.93342,0,0,0,270,0,0,0
0,13.94652,0,0,0,270,0,0,0
0,13.95392,0,0,0,270,0,0,0
0,13.95983,0,0,0,270,0,0,0
0,13.96728,0,0,0,270,0,0,0
0,13.97334,0,0,0,270,0,0,0
0,13.97915,0,0,0,270,0,0,0
0,13.9863,0,0,0,270,0,0,0
0,13.99193,0,0,0,270,0,0,0
0,13.99775,0,0,0,270,0,0,0
0,14.00392,0,0,0,270,0,0,0
0,14.00987,0,0,0,270,0,0,0
0,14.01642,0,0,0,270,0,0,0
0,14.02383,0,0,0,270,0,0,0
0,14.0302,0,0,0,270,0,0,0
0,14.03624,0,0,0,270,0,0,0
0,14.04182,0,0,0,270,0,0,0
0,14.0478,0,0,0,270,0,0,0
0,14.05444,0,0,0,270,0,0,0
0,14.06011,0,0,0,270,0,0,0
0,14.06612,0,0,0,270,0,0,0
0,14.07188,0,0,0,270,0,0,0
0,14.07894,0,0,0,270,0,0,0
0,14.08478,0,0,0,270,0,0,0
0,14.09226,0,0,0,270,0,0,0
0,14.09852,0,0,0,270,0,0,0
0,14.10385,0,0,0,270,0,0,0
0,14.10954,0,0,0,270,0,0,0
0,14.11451,0,0,0,270,0,0,0
0,14.12014,0,0,0,270,0,0,0
0,14.12561,0,0,0,270,0,0,0
0,14.1321,0,0,0,270,0,0,0
0,14.13797,0,0,0,270,0,0,0
0,14.14459,0,0,0,270,0,0,0
0,14.15052,0,0,0,270,0,0,0
0,14.15734,0,0,0,270,0,0,0
0,14.16284,0,0,0,270,0,0,0
0,14.16799,0,0,0,270,0,0,0
0,14.17333,0,0,0,270,0,0,0
0,14.17899,0,0,0,270,0,0,0
0,14.184,0,0,0,270,0,0,0
0,14.19006,0,0,0,270,0,0,0
0,14.19545,0,0,0,270,0,0,0
0,14.20106,0,0,0,270,0,0,0
0,14.20684,0,0,0,270,0,0,0
0,14.21228,0,0,0,270,0,0,0
0,14.21762,0,0,0,270,0,0,0
0,14.22307,0,0,0,270,0,0,0
0,14.22787,0,0,0,270,0,0,0
0,14.23303,0,0,0,270,0,0,0
0,14.23854,0,0,0,270,0,0,0
0,14.24382,0,0,0,270,0,0,0
0,14.25001,0,0,0,270,0,0,0
0,14.25615,0,0,0,270,0,0,0
0,14.26089,0,0,0,270,0,0,0
0,14.26649,0,0,0,270,0,0,0
0,14.27196,0,0,0,270,0,0,0
0,14.27716,0,0,0,270,0,0,0
0,14.28288,0,0,0,270,0,0,0
0,14.28902,0,0,0,270,0,0,0
0,14.29444,0,0,0,270,0,0,0
0,14.3008,0,0,0,270,0,0,0
0,14.30636,0,0,0,270,0,0,0
0,14.31362,0,0,0,270,0,0,0
0,14.31951,0,0,0,270,0,0,0
0,14.32596,0,0,0,270,0,0,0
0,14.3324,0,0,0,270,0,0,0
0,14.33842,0,0,0,270,0,0,0
0,14.34535,0,0,0,270,0,0,0
0,14.35163,0,0,0,270,0,0,0
0,14.35836,0,0,0,270,0,0,0
0,14.36468,0,0,0,270,0,0,0
0,14.36958,0,0,0,270,0,0,0
0,14.37558,0,0,0,270,0,0,0
0,14.38035,0,0,0,270,0,0,0
0,14.38508,0,0,0,270,0,0,0
0,14.39124,0,0,0,270,0,0,0
0,14.39713,0,0,0,270,0,0,0
0,14.40304,0,0,0,270,0,0,0
0,14.40945,0,0,0,270,0,0,0
0,14.41531,0,0,0,270,0,0,0
0,14.42167,0,0,0,270,0,0,0
0,14.42777,0,0,0,270,0,0,0
0,14.43401,0,0,0,270,0,0,0
0,14.44001,0,0,0,270,0,0,0
0,14.44586,0,0,0,270,0,0,0
0,14.45145,0,0,0,270,0,0,0
0,14.45737,0,0,0,270,0,0,0
0,14.46263,0,0,0,270,0,0,0
0,14.46899,0,0,0,270,0,0,0
0,14.47376,0,0,0,270,0,0,0
0,14.47884,0,0,0,270,0,0,0
0,14.48381,0,0,0,270,0,0,0
0,14.48873,0,0,0,270,0,0,0
0,14.49324,0,0,0,270,0,0,0
0,14.49899,0,0,0,270,0,0,0
0,14.50382,0,0,0,270,0,0,0
0,14.50901,0,0,0,270,0,0,0
0,14.51445,0,0,0,270,0,0,0
0,14.51958,0,0,0,270,0,0,0
0,14.52464,0,0,0,270,0,0,0
0,14.52963,0,0,0,270,0,0,0
0,14.53491,0,0,0,270,0,0,0
0,14.53935,0,0,0,270,0,0,0
0,14.54459,0,0,0,270,0,0,0
0,14.55332,0,0,0,270,0,0,0
0,14.55834,0,0,0,270,0,0,0
0,14.5639,0,0,0,270,0,0,0
0,14.56847,0,0,0,270,0,0,0
0,14.57307,0,0,0,270,0,0,0
0,14.57842,0,0,0,270,0,0,0
0,14.58288,0,0,0,270,0,0,0
0,14.58852,0,0,0,270,0,0,0
0,14.59397,0,0,0,270,0,0,0
0,14.59974,0,0,0,270,0,0,0
0,14.60468,0,0,0,270,0,0,0
0,14.61057,0,0,0,270,0,0,0
0,14.61553,0,0,0,270,0,0,0
0,14.62029,0,0,0,270,0,0,0
0,14.62509,0,0,0,270,0,0,0
0,14.62957,0,0,0,270,0,0,0
0,14.63507,0,0,0,270,0,0,0
0,14.63991,0,0,0,270,0,0,0
0,14.64509,0,0,0,270,0,0,0
0,14.64991,0,0,0,270,0,0,0
0,14.65481,0,0,0,270,0,0,0
0,14.65971,0,0,0,270,0,0,0
0,14.66486,0,0,0,270,0,0,0
0,14.66931,0,0,0,270,0,0,0
0,14.67377,0,0,0,270,0,0,0
0,14.67845,0,0,0,270,0,0,0
0,14.68284,0,0,0,270,0,0,0
0,14.68754,0,0,0,270,0,0,0
0,14.69199,0,0,0,270,0,0,0
0,14.69615,0,0,0,270,0,0,0
0,14.70053,0,0,0,270,0,0,0
0,14.70482,0,0,0,270,0,0,0
0,14.70957,0,0,0,270,0,0,0
0,14.71447,0,0,0,270,0,0,0
0,14.72039,0,0,0,270,0,0,0
0,14.72461,0,0,0,270,0,0,0
0,14.72921,0,0,0,270,0,0,0
0,14.73403,0,0,0,270,0,0,0
0,14.73841,0,0,0,270,0,0,0
0,14.74327,0,0,0,270,0,0,0
0,14.74819,0,0,0,270,0,0,0
0,14.75375,0,0,0,270,0,0,0
0,14.75845,0,0,0,270,0,0,0
0,14.76253,0,0,0,270,0,0,0
0,14.76706,0,0,0,270,0,0,0
0,14.77151,0,0,0,270,0,0,0
0,14.77649,0,0,0,270,0,0,0
0,14.7808,0,0,0,270,0,0,0
0,14.78564,0,0,0,270,0,0,0
0,14.78999,0,0,0,270,0,0,0
0,14.79514,0,0,0,270,0,0,0
0,14.80018,0,0,0,270,0,0,0
0,14.80504,0,0,0,270,0,0,0
0,14.80997,0,0,0,270,0,0,0
0,14.81461,0,0,0,270,0,0,0
0,14.81917,0,0,0,270,0,0,0
0,14.82328,0,0,0,270,0,0,0
0,14.8276,0,0,0,270,0,0,0
0,14.83197,0,0,0,270,0,0,0
0,14.83683,0,0,0,270,0,0,0
0,14.84272,0,0,0,270,0,0,0
0,14.84733,0,0,0,270,0,0,0
0,14.85137,0,0,0,270,0,0,0
0,14.85579,0,0,0,270,0,0,0
0,14.85999,0,0,0,270,0,0,0
0,14.86437,0,0,0,270,0,0,0
0,14.86846,0,0,0,270,0,0,0
0,14.87217,0,0,0,270,0,0,0
0,14.87719,0,0,0,270,0,0,0
0,14.88122,0,0,0,270,0,0,0
0,14.88548,0,0,0,270,0,0,0
0,14.88925,0,0,0,270,0,0,0
0,14.89378,0,0,0,270,0,0,0
0,14.89802,0,0,0,270,0,0,0
0,14.90201,0,0,0,270,0,0,0
0,14.90655,0,0,0,270,0,0,0
0,14.91098,0,0,0,270,0,0,0
0,14.91559,0,0,0,270,0,0,0
0,14.92029,0,0,0,270,0,0,0
0,14.92581,0,0,0,270,0,0,0
0,14.93135,0,0,0,270,0,0,0
0,14.93742,0,0,0,270,0,0,0
0,14.94401,0,0,0,270,0,0,0
0,14.95138,0,0,0,270,0,0,0
0,14.95805,0,0,0,270,0,0,0
0,14.96548,0,0,0,270,0,0,0
0,14.97113,0,0,0,270,0,0,0
0,14.9782,0,0,0,270,0,0,0
0,14.98439,0,0,0,270,0,0,0
0,14.99182,0,0,0,270,0,0,0
0,14.99838,0,0,0,270,0,0,0
0,15.01954,0,0,0,270,0,0,0
0,15.04807,0,0,0,270,0,0,0
0,15.05596,0,0,0,270,0,0,0
0,15.06216,0,0,0,270,0,0,0
0,15.06954,0,0,0,270,0,0,0
0,15.07658,0,0,0,270,0,0,0
0,15.08297,0,0,0,270,0,0,0
0,15.08995,0,0,0,270,0,0,0
0,15.09729,0,0,0,270,0,0,0
0,15.10397,0,0,0,270,0,0,0
0,15.12484,0,0,0,270,0,0,0
0,15.13539,0,0,0,270,0,0,0
0,15.14327,0,0,0,270,0,0,0
0,15.15046,0,0,0,270,0,0,0
0,15.15801,0,0,0,270,0,0,0
0,15.16544,0,0,0,270,0,0,0
0,15.17122,0,0,0,270,0,0,0
0,15.17856,0,0,0,270,0,0,0
0,15.18435,0,0,0,270,0,0,0
0,15.19001,0,0,0,270,0,0,0
0,15.19632,0,0,0,270,0,0,0
0,15.20253,0,0,0,270,0,0,0
0,15.20955,0,0,0,270,0,0,0
0,15.21599,0,0,0,270,0,0,0
0,15.22275,0,0,0,270,0,0,0
0,15.22916,0,0,0,270,0,0,0
0,15.23632,0,0,0,270,0,0,0
0,15.24281,0,0,0,270,0,0,0
0,15.24942,0,0,0,270,0,0,0
0,15.25576,0,0,0,270,0,0,0
0,15.26169,0,0,0,270,0,0,0
0,15.26858,0,0,0,270,0,0,0
0,15.27588,0,0,0,270,0,0,0
0,15.28251,0,0,0,270,0,0,0
0,15.28929,0,0,0,270,0,0,0
0,15.29784,0,0,0,270,0,0,0
0,15.3089,0,0,0,270,0,0,0
0,15.31581,0,0,0,270,0,0,0
0,15.32249,0,0,0,270,0,0,0
0,15.3308,0,0,0,270,0,0,0
0,15.33695,0,0,0,270,0,0,0
0,15.34322,0,0,0,270,0,0,0
0,15.34855,0,0,0,270,0,0,0
0,15.35529,0,0,0,270,0,0,0
0,15.36241,0,0,0,270,0,0,0
0,15.36946,0,0,0,270,0,0,0
0,15.37512,0,0,0,270,0,0,0
0,15.38044,0,0,0,270,0,0,0
0,15.38605,0,0,0,270,0,0,0
0,15.39135,0,0,0,270,0,0,0
0,15.39783,0,0,0,270,0,0,0
0,15.40332,0,0,0,270,0,0,0
0,15.40906,0,0,0,270,0,0,0
0,15.41388,0,0,0,270,0,0,0
0,15.42022,0,0,0,270,0,0,0
0,15.42613,0,0,0,270,0,0,0
0,15.43184,0,0,0,270,0,0,0
0,15.43689,0,0,0,270,0,0,0
0,15.4431,0,0,0,270,0,0,0
0,15.44913,0,0,0,270,0,0,0
0,15.45586,0,0,0,270,0,0,0
0,15.46162,0,0,0,270,0,0,0
0,15.46852,0,0,0,270,0,0,0
0,15.475,0,0,0,270,0,0,0
0,15.48213,0,0,0,270,0,0,0
0,15.48857,0,0,0,270,0,0,0
0,15.49325,0,0,0,270,0,0,0
0,15.4996,0,0,0,270,0,0,0
0,15.50485,0,0,0,270,0,0,0
0,15.51102,0,0,0,270,0,0,0
0,15.51746,0,0,0,270,0,0,0
0,15.5238,0,0,0,270,0,0,0
0,15.53041,0,0,0,270,0,0,0
0,15.53568,0,0,0,270,0,0,0
0,15.54151,0,0,0,270,0,0,0
0,15.54681,0,0,0,270,0,0,0
0,15.55134,0,0,0,270,0,0,0
0,15.5561,0,0,0,270,0,0,0
0,15.56152,0,0,0,270,0,0,0
0,15.567,0,0,0,270,0,0,0
0,15.57178,0,0,0,270,0,0,0
0,15.57778,0,0,0,270,0,0,0
0,15.58236,0,0,0,270,0,0,0
0,15.58726,0,0,0,270,0,0,0
0,15.59222,0,0,0,270,0,0,0
0,15.59785,0,0,0,270,0,0,0
0,15.60247,0,0,0,270,0,0,0
0,15.60725,0,0,0,270,0,0,0
0,15.61338,0,0,0,270,0,0,0
0,15.61949,0,0,0,270,0,0,0
0,15.62407,0,0,0,270,0,0,0
0,15.62885,0,0,0,270,0,0,0
0,15.63393,0,0,0,270,0,0,0
0,15.63843,0,0,0,270,0,0,0
0,15.6433,0,0,0,270,0,0,0
0,15.64825,0,0,0,270,0,0,0
0,15.65355,0,0,0,270,0,0,0
0,15.65827,0,0,0,270,0,0,0
0,15.66259,0,0,0,270,0,0,0
0,15.66765,0,0,0,270,0,0,0
0,15.67383,0,0,0,270,0,0,0
0,15.68333,0,0,0,270,0,0,0
0,15.7021,0,0,0,270,0,0,0
0,15.70615,0,0,0,270,0,0,0
0,15.71052,0,0,0,270,0,0,0
0,15.71474,0,0,0,270,0,0,0
0,15.71908,0,0,0,270,0,0,0
0,15.7234,0,0,0,270,0,0,0
0,15.72864,0,0,0,270,0,0,0
0,15.73384,0,0,0,270,0,0,0
0,15.73918,0,0,0,270,0,0,0
0,15.74398,0,0,0,270,0,0,0
0,15.75555,0,0,0,270,0,0,0
0,15.76006,0,0,0,270,0,0,0
0,15.76477,0,0,0,270,0,0,0
0,15.76959,0,0,0,270,0,0,0
0,15.77358,0,0,0,270,0,0,0
0,15.77847,0,0,0,270,0,0,0
0,15.78292,0,0,0,270,0,0,0
0,15.78771,0,0,0,270,0,0,0
0,15.79224,0,0,0,270,0,0,0
0,15.79843,0,0,0,270,0,0,0
0,15.80321,0,0,0,270,0,0,0
0,15.80875,0,0,0,270,0,0,0
0,15.81434,0,0,0,270,0,0,0
0,15.82094,0,0,0,270,0,0,0
0,15.83794,0,0,0,270,0,0,0
0,15.84294,0,0,0,270,0,0,0
0,15.84794,0,0,0,270,0,0,0
0,15.85248,0,0,0,270,0,0,0
0,15.85809,0,0,0,270,0,0,0
0,15.86426,0,0,0,270,0,0,0
0,15.86983,0,0,0,270,0,0,0
0,15.87508,0,0,0,270,0,0,0
0,15.87983,0,0,0,270,0,0,0
0,15.88497,0,0,0,270,0,0,0
0,15.89255,0,0,0,270,0,0,0
0,15.89896,0,0,0,270,0,0,0
0,15.9032,0,0,0,270,0,0,0
0,15.90846,0,0,0,270,0,0,0
0,15.91275,0,0,0,270,0,0,0
0,15.91748,0,0,0,270,0,0,0
0,15.92248,0,0,0,270,0,0,0
0,15.92782,0,0,0,270,0,0,0
0,15.93559,0,0,0,270,0,0,0
0,15.94062,0,0,0,270,0,0,0
0,15.94543,0,0,0,270,0,0,0
0,15.95157,0,0,0,270,0,0,0
0,15.95833,0,0,0,270,0,0,0
0,15.9641,0,0,0,270,0,0,0
0,15.97101,0,0,0,270,0,0,0
0,15.97721,0,0,0,270,0,0,0
0,15.98285,0,0,0,270,0,0,0
0,15.98804,0,0,0,270,0,0,0
0,15.99245,0,0,0,270,0,0,0
0,15.99767,0,0,0,270,0,0,0
0,16.00336,0,0,0,270,0,0,0
0,16.00827,0,0,0,270,0,0,0
0,16.01241,0,0,0,270,0,0,0
0,16.01751,0,0,0,270,0,0,0
0,16.02203,0,0,0,270,0,0,0
0,16.02691,0,0,0,270,0,0,0
0,16.03346,0,0,0,270,0,0,0
0,16.03833,0,0,0,270,0,0,0
0,16.04428,0,0,0,270,0,0,0
0,16.05014,0,0,0,270,0,0,0
0,16.05549,0,0,0,270,0,0,0
0,16.06229,0,0,0,270,0,0,0
0,16.06962,0,0,0,270,0,0,0
0,16.0762,0,0,0,270,0,0,0
0,16.08153,0,0,0,270,0,0,0
0,16.0873,0,0,0,270,0,0,0
0,16.09239,0,0,0,270,0,0,0
0,16.09746,0,0,0,270,0,0,0
0,16.10308,0,0,0,270,0,0,0
0,16.10808,0,0,0,270,0,0,0
0,16.11357,0,0,0,270,0,0,0
0,16.11933,0,0,0,270,0,0,0
0,16.12446,0,0,0,270,0,0,0
0,16.12909,0,0,0,270,0,0,0
0,16.13564,0,0,0,270,0,0,0
0,16.14283,0,0,0,270,0,0,0
0,16.1507,0,0,0,270,0,0,0
0,16.15697,0,0,0,270,0,0,0
0,16.16319,0,0,0,270,0,0,0
0,16.16989,0,0,0,270,0,0,0
0,16.17835,0,0,0,270,0,0,0
0,16.18504,0,0,0,270,0,0,0
0,16.19299,0,0,0,270,0,0,0
0,16.20008,0,0,0,270,0,0,0
0,16.20595,0,0,0,270,0,0,0
0,16.21124,0,0,0,270,0,0,0
0,16.21721,0,0,0,270,0,0,0
0,16.22384,0,0,0,270,0,0,0
0,16.23142,0,0,0,270,0,0,0
0,16.2384,0,0,0,270,0,0,0
0,16.24622,0,0,0,270,0,0,0
0,16.25385,0,0,0,270,0,0,0
0,16.26037,0,0,0,270,0,0,0
0,16.26753,0,0,0,270,0,0,0
0,16.27364,0,0,0,270,0,0,0
0,16.28061,0,0,0,270,0,0,0
0,16.28759,0,0,0,270,0,0,0
0,16.29393,0,0,0,270,0,0,0
0,16.30109,0,0,0,270,0,0,0
0,16.30679,0,0,0,270,0,0,0
0,16.31301,0,0,0,270,0,0,0
0,16.31964,0,0,0,270,0,0,0
0,16.32621,0,0,0,270,0,0,0
0,16.33315,0,0,0,270,0,0,0
0,16.33877,0,0,0,270,0,0,0
0,16.34503,0,0,0,270,0,0,0
0,16.35091,0,0,0,270,0,0,0
0,16.35738,0,0,0,270,0,0,0
0,16.3723,0,0,0,270,0,0,0
0,16.37894,0,0,0,270,0,0,0
0,16.38529,0,0,0,270,0,0,0
0,16.39152,0,0,0,270,0,0,0
0,16.39827,0,0,0,270,0,0,0
0,16.404,0,0,0,270,0,0,0
0,16.41101,0,0,0,270,0,0,0
0,16.41709,0,0,0,270,0,0,0
0,16.42332,0,0,0,270,0,0,0
0,16.42962,0,0,0,270,0,0,0
0,16.43657,0,0,0,270,0,0,0
0,16.44218,0,0,0,270,0,0,0
0,16.44756,0,0,0,270,0,0,0
0,16.45479,0,0,0,270,0,0,0
0,16.46105,0,0,0,270,0,0,0
0,16.46839,0,0,0,270,0,0,0
0,16.47543,0,0,0,270,0,0,0
0,16.48196,0,0,0,270,0,0,0
0,16.48979,0,0,0,270,0,0,0
0,16.49611,0,0,0,270,0,0,0
0,16.50282,0,0,0,270,0,0,0
0,16.50881,0,0,0,270,0,0,0
0,16.51453,0,0,0,270,0,0,0
0,16.52092,0,0,0,270,0,0,0
0,16.52649,0,0,0,270,0,0,0
0,16.5329,0,0,0,270,0,0,0
0,16.53827,0,0,0,270,0,0,0
0,16.54359,0,0,0,270,0,0,0
0,16.54861,0,0,0,270,0,0,0
0,16.55382,0,0,0,270,0,0,0
0,16.55845,0,0,0,270,0,0,0
0,16.56406,0,0,0,270,0,0,0
0,16.56918,0,0,0,270,0,0,0
0,16.5737,0,0,0,270,0,0,0
0,16.57907,0,0,0,270,0,0,0
0,16.58479,0,0,0,270,0,0,0
0,16.59034,0,0,0,270,0,0,0
0,16.5961,0,0,0,270,0,0,0
0,16.60238,0,0,0,270,0,0,0
0,16.60864,0,0,0,270,0,0,0
0,16.61425,0,0,0,270,0,0,0
0,16.61954,0,0,0,270,0,0,0
0,16.6248,0,0,0,270,0,0,0
0,16.63024,0,0,0,270,0,0,0
0,16.63617,0,0,0,270,0,0,0
0,16.64216,0,0,0,270,0,0,0
0,16.64784,0,0,0,270,0,0,0
0,16.65505,0,0,0,270,0,0,0
0,16.66022,0,0,0,270,0,0,0
0,16.66626,0,0,0,270,0,0,0
0,16.67183,0,0,0,270,0,0,0
0,16.6773,0,0,0,270,0,0,0
0,16.6823,0,0,0,270,0,0,0
0,16.68839,0,0,0,270,0,0,0
0,16.69498,0,0,0,270,0,0,0
0,16.70194,0,0,0,270,0,0,0
0,16.70899,0,0,0,270,0,0,0
0,16.71495,0,0,0,270,0,0,0
0,16.72093,0,0,0,270,0,0,0
0,16.72601,0,0,0,270,0,0,0
0,16.73279,0,0,0,270,0,0,0
0,16.73836,0,0,0,270,0,0,0
0,16.74449,0,0,0,270,0,0,0
0,16.75119,0,0,0,270,0,0,0
0,16.75784,0,0,0,270,0,0,0
0,16.76457,0,0,0,270,0,0,0
0,16.76956,0,0,0,270,0,0,0
0,16.77593,0,0,0,270,0,0,0
0,16.78137,0,0,0,270,0,0,0
0,16.78738,0,0,0,270,0,0,0
0,16.79315,0,0,0,270,0,0,0
0,16.79981,0,0,0,270,0,0,0
0,16.80515,0,0,0,270,0,0,0
0,16.81135,0,0,0,270,0,0,0
0,16.8164,0,0,0,270,0,0,0
0,16.82209,0,0,0,270,0,0,0
0,16.82724,0,0,0,270,0,0,0
0,16.83375,0,0,0,270,0,0,0
0,16.83909,0,0,0,270,0,0,0
0,16.84455,0,0,0,270,0,0,0
0,16.84916,0,0,0,270,0,0,0
0,16.85431,0,0,0,270,0,0,0
0,16.85965,0,0,0,270,0,0,0
0,16.86551,0,0,0,270,0,0,0
0,16.87288,0,0,0,270,0,0,0
0,16.88004,0,0,0,270,0,0,0
0,16.88659,0,0,0,270,0,0,0
0,16.89178,0,0,0,270,0,0,0
0,16.89808,0,0,0,270,0,0,0
0,16.90303,0,0,0,270,0,0,0
0,16.90816,0,0,0,270,0,0,0
0,16.9133,0,0,0,270,0,0,0
0,16.91823,0,0,0,270,0,0,0
0,16.92371,0,0,0,270,0,0,0
0,16.92848,0,0,0,270,0,0,0
0,16.93375,0,0,0,270,0,0,0
0,16.93865,0,0,0,270,0,0,0
0,16.94401,0,0,0,270,0,0,0
0,16.94875,0,0,0,270,0,0,0
0,16.95462,0,0,0,270,0,0,0
0,16.9605,0,0,0,270,0,0,0
0,16.96681,0,0,0,270,0,0,0
0,16.97221,0,0,0,270,0,0,0
0,16.9784,0,0,0,270,0,0,0
0,16.98441,0,0,0,270,0,0,0
0,16.99124,0,0,0,270,0,0,0
0,17.00194,0,0,0,270,0,0,0
0,17.01216,0,0,0,270,0,0,0
0,17.01778,0,0,0,270,0,0,0
0,17.02363,0,0,0,270,0,0,0
0,17.0284,0,0,0,270,0,0,0
0,17.03378,0,0,0,270,0,0,0
0,17.03834,0,0,0,270,0,0,0
0,17.04319,0,0,0,270,0,0,0
0,17.04832,0,0,0,270,0,0,0
0,17.05324,0,0,0,270,0,0,0
0,17.05755,0,0,0,270,0,0,0
0,17.06161,0,0,0,270,0,0,0
0,17.06688,0,0,0,270,0,0,0
0,17.07211,0,0,0,270,0,0,0
0,17.0769,0,0,0,270,0,0,0
0,17.08187,0,0,0,270,0,0,0
0,17.088,0,0,0,270,0,0,0
0,17.09349,0,0,0,270,0,0,0
0,17.09892,0,0,0,270,0,0,0
0,17.10345,0,0,0,270,0,0,0
0,17.10822,0,0,0,270,0,0,0
0,17.11291,0,0,0,270,0,0,0
0,17.1178,0,0,0,270,0,0,0
0,17.12234,0,0,0,270,0,0,0
0,17.12699,0,0,0,270,0,0,0
0,17.13191,0,0,0,270,0,0,0
0,17.13601,0,0,0,270,0,0,0
0,17.14078,0,0,0,270,0,0,0
0,17.14596,0,0,0,270,0,0,0
0,17.1503,0,0,0,270,0,0,0
0,17.15552,0,0,0,270,0,0,0
0,17.16051,0,0,0,270,0,0,0
0,17.16583,0,0,0,270,0,0,0
0,17.17262,0,0,0,270,0,0,0
0,17.17917,0,0,0,270,0,0,0
0,17.18451,0,0,0,270,0,0,0
0,17.191,0,0,0,270,0,0,0
0,17.19716,0,0,0,270,0,0,0
0,17.20562,0,0,0,270,0,0,0
0,17.21296,0,0,0,270,0,0,0
0,17.22083,0,0,0,270,0,0,0
0,17.23626,0,0,0,270,0,0,0
0,17.24179,0,0,0,270,0,0,0
0,17.24622,0,0,0,270,0,0,0
0,17.25145,0,0,0,270,0,0,0
0,17.25665,0,0,0,270,0,0,0
0,17.2614,0,0,0,270,0,0,0
0,17.26697,0,0,0,270,0,0,0
0,17.27205,0,0,0,270,0,0,0
0,17.27915,0,0,0,270,0,0,0
0,17.28859,0,0,0,270,0,0,0
0,17.29386,0,0,0,270,0,0,0
0,17.29916,0,0,0,270,0,0,0
0,17.30416,0,0,0,270,0,0,0
0,17.30883,0,0,0,270,0,0,0
0,17.31319,0,0,0,270,0,0,0
0,17.318,0,0,0,270,0,0,0
0,17.32303,0,0,0,270,0,0,0
0,17.3273,0,0,0,270,0,0,0
0,17.33258,0,0,0,270,0,0,0
0,17.33796,0,0,0,270,0,0,0
0,17.34432,0,0,0,270,0,0,0
0,17.35062,0,0,0,270,0,0,0
0,17.35673,0,0,0,270,0,0,0
0,17.36286,0,0,0,270,0,0,0
0,17.37143,0,0,0,270,0,0,0
0,17.37814,0,0,0,270,0,0,0
0,17.38489,0,0,0,270,0,0,0
0,17.40131,0,0,0,270,0,0,0
0,17.41736,0,0,0,270,0,0,0
0,17.42962,0,0,0,270,0,0,0
0,17.45461,0,0,0,270,0,0,0
0,17.47746,0,0,0,270,0,0,0
0,17.49872,0,0,0,270,0,0,0
0,17.50636,0,0,0,270,0,0,0
0,17.51342,0,0,0,270,0,0,0
0,17.52058,0,0,0,270,0,0,0
0,17.52763,0,0,0,270,0,0,0
0,17.53541,0,0,0,270,0,0,0
0,17.54174,0,0,0,270,0,0,0
0,17.54753,0,0,0,270,0,0,0
0,17.55682,0,0,0,270,0,0,0
0,17.57036,0,0,0,270,0,0,0
0,17.57835,0,0,0,270,0,0,0
0,17.5909,0,0,0,270,0,0,0
0,17.61535,0,0,0,270,0,0,0
0,17.63643,0,0,0,270,0,0,0
0,17.65917,0,0,0,270,0,0,0
0,17.67251,0,0,0,270,0,0,0
0,17.69652,0,0,0,270,0,0,0
0,17.70783,0,0,0,270,0,0,0
0,17.7221,0,0,0,270,0,0,0
0,17.73294,0,0,0,270,0,0,0
0,17.74414,0,0,0,270,0,0,0
0,17.7535,0,0,0,270,0,0,0
0,17.77079,0,0,0,270,0,0,0
0,17.77709,0,0,0,270,0,0,0
0,17.78444,0,0,0,270,0,0,0
0,17.7918,0,0,0,270,0,0,0
0,17.80255,0,0,0,270,0,0,0
0,17.81912,0,0,0,270,0,0,0
0,17.82673,0,0,0,270,0,0,0
0,17.83408,0,0,0,270,0,0,0
0,17.84172,0,0,0,270,0,0,0
0,17.84809,0,0,0,270,0,0,0
0,17.85458,0,0,0,270,0,0,0
0,17.8758,0,0,0,270,0,0,0
0,17.8817,0,0,0,270,0,0,0
0,17.89205,0,0,0,270,0,0,0
0,17.9009,0,0,0,270,0,0,0
0,17.90751,0,0,0,270,0,0,0
0,17.92257,0,0,0,270,0,0,0
0,17.92774,0,0,0,270,0,0,0
0,17.9333,0,0,0,270,0,0,0
0,17.94,0,0,0,270,0,0,0
0,17.94582,0,0,0,270,0,0,0
0,17.95091,0,0,0,270,0,0,0
0,17.95703,0,0,0,270,0,0,0
0,17.96312,0,0,0,270,0,0,0
0,17.97481,0,0,0,270,0,0,0
0,17.99469,0,0,0,270,0,0,0
0,18.00591,0,0,0,270,0,0,0
0,18.01809,0,0,0,270,0,0,0
0,18.02635,0,0,0,270,0,0,0
0,18.0339,0,0,0,270,0,0,0
0,18.04068,0,0,0,270,0,0,0
0,18.04831,0,0,0,270,0,0,0
0,18.05462,0,0,0,270,0,0,0
0,18.06255,0,0,0,270,0,0,0
0,18.06831,0,0,0,270,0,0,0
0,18.07368,0,0,0,270,0,0,0
0,18.08008,0,0,0,270,0,0,0
0,18.08683,0,0,0,270,0,0,0
0,18.09463,0,0,0,270,0,0,0
0,18.10253,0,0,0,270,0,0,0
0,18.11086,0,0,0,270,0,0,0
0,18.11757,0,0,0,270,0,0,0
0,18.12456,0,0,0,270,0,0,0
0,18.12962,0,0,0,270,0,0,0
0,18.1347,0,0,0,270,0,0,0
0,18.1419,0,0,0,270,0,0,0
0,18.14918,0,0,0,270,0,0,0
0,18.15541,0,0,0,270,0,0,0
0,18.16146,0,0,0,270,0,0,0
0,18.16755,0,0,0,270,0,0,0
0,18.17503,0,0,0,270,0,0,0
0,18.17973,0,0,0,270,0,0,0
0,18.18683,0,0,0,270,0,0,0
0,18.19225,0,0,0,270,0,0,0
0,18.19807,0,0,0,270,0,0,0
0,18.20319,0,0,0,270,0,0,0
0,18.20984,0,0,0,270,0,0,0
0,18.22782,0,0,0,270,0,0,0
0,18.23571,0,0,0,270,0,0,0
0,18.24192,0,0,0,270,0,0,0
0,18.24949,0,0,0,270,0,0,0
0,18.25568,0,0,0,270,0,0,0
0,18.26126,0,0,0,270,0,0,0
0,18.26723,0,0,0,270,0,0,0
0,18.27175,0,0,0,270,0,0,0
0,18.27897,0,0,0,270,0,0,0
0,18.28404,0,0,0,270,0,0,0
0,18.28979,0,0,0,270,0,0,0
0,18.2958,0,0,0,270,0,0,0
0,18.31061,0,0,0,270,0,0,0
0,18.31651,0,0,0,270,0,0,0
0,18.32151,0,0,0,270,0,0,0
0,18.32637,0,0,0,270,0,0,0
0,18.33164,0,0,0,270,0,0,0
0,18.33642,0,0,0,270,0,0,0
0,18.34126,0,0,0,270,0,0,0
0,18.34651,0,0,0,270,0,0,0
0,18.35126,0,0,0,270,0,0,0
0,18.35833,0,0,0,270,0,0,0
0,18.36416,0,0,0,270,0,0,0
0,18.3688,0,0,0,270,0,0,0
0,18.37401,0,0,0,270,0,0,0
0,18.37996,0,0,0,270,0,0,0
0,18.38456,0,0,0,270,0,0,0
0,18.39079,0,0,0,270,0,0,0
0,18.39608,0,0,0,270,0,0,0
0,18.40181,0,0,0,270,0,0,0
0,18.40714,0,0,0,270,0,0,0
0,18.41256,0,0,0,270,0,0,0
0,18.41698,0,0,0,270,0,0,0
0,18.42237,0,0,0,270,0,0,0
0,18.42713,0,0,0,270,0,0,0
0,18.43245,0,0,0,270,0,0,0
0,18.44225,0,0,0,270,0,0,0
0,18.44806,0,0,0,270,0,0,0
0,18.45414,0,0,0,270,0,0,0
0,18.45969,0,0,0,270,0,0,0
0,18.46609,0,0,0,270,0,0,0
0,18.47235,0,0,0,270,0,0,0
0,18.47925,0,0,0,270,0,0,0
0,18.48645,0,0,0,270,0,0,0
0,18.49187,0,0,0,270,0,0,0
0,18.49782,0,0,0,270,0,0,0
0,18.50266,0,0,0,270,0,0,0
0,18.5086,0,0,0,270,0,0,0
0,18.51472,0,0,0,270,0,0,0
0,18.52164,0,0,0,270,0,0,0
0,18.52767,0,0,0,270,0,0,0
0,18.53449,0,0,0,270,0,0,0
0,18.54051,0,0,0,270,0,0,0
0,18.54705,0,0,0,270,0,0,0
0,18.55379,0,0,0,270,0,0,0
0,18.55973,0,0,0,270,0,0,0
0,18.56709,0,0,0,270,0,0,0
0,18.57318,0,0,0,270,0,0,0
0,18.58028,0,0,0,270,0,0,0
0,18.5868,0,0,0,270,0,0,0
0,18.59322,0,0,0,270,0,0,0
0,18.59953,0,0,0,270,0,0,0
0,18.60498,0,0,0,270,0,0,0
0,18.61257,0,0,0,270,0,0,0
0,18.61857,0,0,0,270,0,0,0
0,18.62592,0,0,0,270,0,0,0
0,18.63372,0,0,0,270,0,0,0
0,18.63995,0,0,0,270,0,0,0
0,18.65185,0,0,0,270,0,0,0
0,18.67019,0,0,0,270,0,0,0
0,18.68135,0,0,0,270,0,0,0
0,18.69249,0,0,0,270,0,0,0
0,18.70337,0,0,0,270,0,0,0
0,18.71393,0,0,0,270,0,0,0
0,18.72427,0,0,0,270,0,0,0
0,18.73507,0,0,0,270,0,0,0
0,18.74662,0,0,0,270,0,0,0
0,18.75808,0,0,0,270,0,0,0
0,18.77082,0,0,0,270,0,0,0
0,18.78449,0,0,0,270,0,0,0
0,18.79609,0,0,0,270,0,0,0
0,18.8074,0,0,0,270,0,0,0
0,18.81843,0,0,0,270,0,0,0
0,18.82909,0,0,0,270,0,0,0
0,18.83943,0,0,0,270,0,0,0
0,18.85077,0,0,0,270,0,0,0
0,18.86031,0,0,0,270,0,0,0
0,18.87712,0,0,0,270,0,0,0
0,18.89011,0,0,0,270,0,0,0
0,18.90291,0,0,0,270,0,0,0
0,18.91453,0,0,0,270,0,0,0
0,18.92543,0,0,0,270,0,0,0
0,18.93644,0,0,0,270,0,0,0
0,18.94881,0,0,0,270,0,0,0
0,18.96073,0,0,0,270,0,0,0
0,18.97308,0,0,0,270,0,0,0
0,18.98627,0,0,0,270,0,0,0
0,18.99824,0,0,0,270,0,0,0
0,19.00985,0,0,0,270,0,0,0
0,19.0207,0,0,0,270,0,0,0
0,19.03371,0,0,0,270,0,0,0
0,19.04474,0,0,0,270,0,0,0
0,19.0555,0,0,0,270,0,0,0
0,19.06546,0,0,0,270,0,0,0
0,19.07568,0,0,0,270,0,0,0
0,19.08584,0,0,0,270,0,0,0
0,19.09445,0,0,0,270,0,0,0
0,19.10392,0,0,0,270,0,0,0
0,19.113,0,0,0,270,0,0,0
0,19.12193,0,0,0,270,0,0,0
0,19.13114,0,0,0,270,0,0,0
0,19.13883,0,0,0,270,0,0,0
0,19.1508,0,0,0,270,0,0,0
0,19.15896,0,0,0,270,0,0,0
0,19.16788,0,0,0,270,0,0,0
0,19.17697,0,0,0,270,0,0,0
0,19.18467,0,0,0,270,0,0,0
0,19.19303,0,0,0,270,0,0,0
0,19.20184,0,0,0,270,0,0,0
0,19.21013,0,0,0,270,0,0,0
0,19.22007,0,0,0,270,0,0,0
0,19.22779,0,0,0,270,0,0,0
0,19.23665,0,0,0,270,0,0,0
0,19.24537,0,0,0,270,0,0,0
0,19.25413,0,0,0,270,0,0,0
0,19.26156,0,0,0,270,0,0,0
0,19.27028,0,0,0,270,0,0,0
0,19.28,0,0,0,270,0,0,0
0,19.28988,0,0,0,270,0,0,0
0,19.29813,0,0,0,270,0,0,0
0,19.30673,0,0,0,270,0,0,0
0,19.31502,0,0,0,270,0,0,0
0,19.32305,0,0,0,270,0,0,0
0,19.33159,0,0,0,270,0,0,0
0,19.33965,0,0,0,270,0,0,0
0,19.34873,0,0,0,270,0,0,0
0,19.35741,0,0,0,270,0,0,0
0,19.36538,0,0,0,270,0,0,0
0,19.3725,0,0,0,270,0,0,0
0,19.37992,0,0,0,270,0,0,0
0,19.38754,0,0,0,270,0,0,0
0,19.39501,0,0,0,270,0,0,0
0,19.40286,0,0,0,270,0,0,0
0,19.41199,0,0,0,270,0,0,0
0,19.42014,0,0,0,270,0,0,0
0,19.42946,0,0,0,270,0,0,0
0,19.43735,0,0,0,270,0,0,0
0,19.44499,0,0,0,270,0,0,0
0,19.45327,0,0,0,270,0,0,0
0,19.4607,0,0,0,270,0,0,0
0,19.46955,0,0,0,270,0,0,0
0,19.47734,0,0,0,270,0,0,0
0,19.48586,0,0,0,270,0,0,0
0,19.49476,0,0,0,270,0,0,0
0,19.50352,0,0,0,270,0,0,0
0,19.51174,0,0,0,270,0,0,0
0,19.52169,0,0,0,270,0,0,0
0,19.5295,0,0,0,270,0,0,0
0,19.53884,0,0,0,270,0,0,0
0,19.54731,0,0,0,270,0,0,0
0,19.55688,0,0,0,270,0,0,0
0,19.56574,0,0,0,270,0,0,0
0,19.57351,0,0,0,270,0,0,0
0,19.5822,0,0,0,270,0,0,0
0,19.59015,0,0,0,270,0,0,0
0,19.59813,0,0,0,270,0,0,0
0,19.60616,0,0,0,270,0,0,0
0,19.61507,0,0,0,270,0,0,0
0,19.6254,0,0,0,270,0,0,0
0,19.63448,0,0,0,270,0,0,0
0,19.64382,0,0,0,270,0,0,0
0,19.65511,0,0,0,270,0,0,0
0,19.66527,0,0,0,270,0,0,0
0,19.67528,0,0,0,270,0,0,0
0,19.68503,0,0,0,270,0,0,0
0,19.69481,0,0,0,270,0,0,0
0,19.71297,0,0,0,270,0,0,0
0,19.72524,0,0,0,270,0,0,0
0,19.7362,0,0,0,270,0,0,0
0,19.74592,0,0,0,270,0,0,0
0,19.75692,0,0,0,270,0,0,0
0,19.76838,0,0,0,270,0,0,0
0,19.77988,0,0,0,270,0,0,0
0,19.79199,0,0,0,270,0,0,0
0,19.80435,0,0,0,270,0,0,0
0,19.8184,0,0,0,270,0,0,0
0,19.831,0,0,0,270,0,0,0
0,19.84184,0,0,0,270,0,0,0
0,19.85404,0,0,0,270,0,0,0
0,19.86517,0,0,0,270,0,0,0
0,19.87606,0,0,0,270,0,0,0
0,19.88701,0,0,0,270,0,0,0
0,19.89778,0,0,0,270,0,0,0
0,19.9082,0,0,0,270,0,0,0
0,19.91794,0,0,0,270,0,0,0
0,19.93147,0,0,0,270,0,0,0
0,19.9437,0,0,0,270,0,0,0
0,19.955,0,0,0,270,0,0,0
0,19.96748,0,0,0,270,0,0,0
0,19.97922,0,0,0,270,0,0,0
0,19.99208,0,0,0,270,0,0,0
0,20.00366,0,0,0,270,0,0,0
0,20.01323,0,0,0,270,0,0,0
0,20.02485,0,0,0,270,0,0,0
0,20.03535,0,0,0,270,0,0,0
0,20.04598,0,0,0,270,0,0,0
0,20.05844,0,0,0,270,0,0,0
0,20.06977,0,0,0,270,0,0,0
0,20.08187,0,0,0,270,0,0,0
0,20.09388,0,0,0,270,0,0,0
0,20.10722,0,0,0,270,0,0,0
0,20.11864,0,0,0,270,0,0,0
0,20.13275,0,0,0,270,0,0,0
0,20.14749,0,0,0,270,0,0,0
0,20.16192,0,0,0,270,0,0,0
0,20.1755,0,0,0,270,0,0,0
0,20.19107,0,0,0,270,0,0,0
0,20.2046,0,0,0,270,0,0,0
0,20.21655,0,0,0,270,0,0,0
0,20.22739,0,0,0,270,0,0,0
0,20.24047,0,0,0,270,0,0,0
0,20.25343,0,0,0,270,0,0,0
0,20.26488,0,0,0,270,0,0,0
0,20.27555,0,0,0,270,0,0,0
0,20.28503,0,0,0,270,0,0,0
0,20.29434,0,0,0,270,0,0,0
0,20.30294,0,0,0,270,0,0,0
0,20.31168,0,0,0,270,0,0,0
0,20.31984,0,0,0,270,0,0,0
0,20.32777,0,0,0,270,0,0,0
0,20.33652,0,0,0,270,0,0,0
0,20.34467,0,0,0,270,0,0,0
0,20.35336,0,0,0,270,0,0,0
0,20.36354,0,0,0,270,0,0,0
0,20.37146,0,0,0,270,0,0,0
0,20.38025,0,0,0,270,0,0,0
0,20.3884,0,0,0,270,0,0,0
0,20.39826,0,0,0,270,0,0,0
0,20.40661,0,0,0,270,0,0,0
0,20.41857,0,0,0,270,0,0,0
0,20.4276,0,0,0,270,0,0,0
0,20.43565,0,0,0,270,0,0,0
0,20.44421,0,0,0,270,0,0,0
0,20.45251,0,0,0,270,0,0,0
0,20.46066,0,0,0,270,0,0,0
0,20.46886,0,0,0,270,0,0,0
0,20.47694,0,0,0,270,0,0,0
0,20.48511,0,0,0,270,0,0,0
0,20.49343,0,0,0,270,0,0,0
0,20.50395,0,0,0,270,0,0,0
0,20.51359,0,0,0,270,0,0,0
0,20.5218,0,0,0,270,0,0,0
0,20.52936,0,0,0,270,0,0,0
0,20.538,0,0,0,270,0,0,0
0,20.54755,0,0,0,270,0,0,0
0,20.55637,0,0,0,270,0,0,0
0,20.56639,0,0,0,270,0,0,0
0,20.57497,0,0,0,270,0,0,0
0,20.58303,0,0,0,270,0,0,0
0,20.59142,0,0,0,270,0,0,0
0,20.59975,0,0,0,270,0,0,0
0,20.60687,0,0,0,270,0,0,0
0,20.6156,0,0,0,270,0,0,0
0,20.62351,0,0,0,270,0,0,0
0,20.6318,0,0,0,270,0,0,0
0,20.63864,0,0,0,270,0,0,0
0,20.64784,0,0,0,270,0,0,0
0,20.65691,0,0,0,270,0,0,0
0,20.66657,0,0,0,270,0,0,0
0,20.67654,0,0,0,270,0,0,0
0,20.68457,0,0,0,270,0,0,0
0,20.69377,0,0,0,270,0,0,0
0,20.70189,0,0,0,270,0,0,0
0,20.71076,0,0,0,270,0,0,0
0,20.71787,0,0,0,270,0,0,0
0,20.72591,0,0,0,270,0,0,0
0,20.73427,0,0,0,270,0,0,0
0,20.74406,0,0,0,270,0,0,0
0,20.75353,0,0,0,270,0,0,0
0,20.76278,0,0,0,270,0,0,0
0,20.77175,0,0,0,270,0,0,0
0,20.78082,0,0,0,270,0,0,0
0,20.78906,0,0,0,270,0,0,0
0,20.79841,0,0,0,270,0,0,0
0,20.8087,0,0,0,270,0,0,0
0,20.81801,0,0,0,270,0,0,0
0,20.83097,0,0,0,270,0,0,0
0,20.84063,0,0,0,270,0,0,0
0,20.85162,0,0,0,270,0,0,0
0,20.86324,0,0,0,270,0,0,0
0,20.87449,0,0,0,270,0,0,0
0,20.88463,0,0,0,270,0,0,0
0,20.89496,0,0,0,270,0,0,0
0,20.90479,0,0,0,270,0,0,0
0,20.91658,0,0,0,270,0,0,0
0,20.92851,0,0,0,270,0,0,0
0,20.94054,0,0,0,270,0,0,0
0,20.95426,0,0,0,270,0,0,0
0,20.96498,0,0,0,270,0,0,0
0,20.97608,0,0,0,270,0,0,0
0,20.98857,0,0,0,270,0,0,0
0,20.99902,0,0,0,270,0,0,0
0,21.01053,0,0,0,270,0,0,0
0,21.02231,0,0,0,270,0,0,0
0,21.04973,0,0,0,270,0,0,0
0,21.0632,0,0,0,270,0,0,0
0,21.07711,0,0,0,270,0,0,0
0,21.09035,0,0,0,270,0,0,0
0,21.10223,0,0,0,270,0,0,0
0,21.11453,0,0,0,270,0,0,0
0,21.12668,0,0,0,270,0,0,0
0,21.13627,0,0,0,270,0,0,0
0,21.14923,0,0,0,270,0,0,0
0,21.16247,0,0,0,270,0,0,0
0,21.17445,0,0,0,270,0,0,0
0,21.18549,0,0,0,270,0,0,0
0,21.19643,0,0,0,270,0,0,0
0,21.20836,0,0,0,270,0,0,0
0,21.22017,0,0,0,270,0,0,0
0,21.23227,0,0,0,270,0,0,0
0,21.24215,0,0,0,270,0,0,0
0,21.25354,0,0,0,270,0,0,0
0,21.26467,0,0,0,270,0,0,0
0,21.27525,0,0,0,270,0,0,0
0,21.28908,0,0,0,270,0,0,0
0,21.30006,0,0,0,270,0,0,0
0,21.30967,0,0,0,270,0,0,0
0,21.31934,0,0,0,270,0,0,0
0,21.32898,0,0,0,270,0,0,0
0,21.33955,0,0,0,270,0,0,0
0,21.35155,0,0,0,270,0,0,0
0,21.36571,0,0,0,270,0,0,0
0,21.3767,0,0,0,270,0,0,0
0,21.38693,0,0,0,270,0,0,0
0,21.39718,0,0,0,270,0,0,0
0,21.40725,0,0,0,270,0,0,0
0,21.42449,0,0,0,270,0,0,0
0,21.44445,0,0,0,270,0,0,0
0,21.45052,0,0,0,270,0,0,0
0,21.45619,0,0,0,270,0,0,0
0,21.46102,0,0,0,270,0,0,0
0,21.46737,0,0,0,270,0,0,0
0,21.47234,0,0,0,270,0,0,0
0,21.4777,0,0,0,270,0,0,0
0,21.48403,0,0,0,270,0,0,0
0,21.4909,0,0,0,270,0,0,0
0,21.4972,0,0,0,270,0,0,0
0,21.50327,0,0,0,270,0,0,0
0,21.50926,0,0,0,270,0,0,0
0,21.51593,0,0,0,270,0,0,0
0,21.52305,0,0,0,270,0,0,0
0,21.53104,0,0,0,270,0,0,0
0,21.53752,0,0,0,270,0,0,0
0,21.54383,0,0,0,270,0,0,0
0,21.54991,0,0,0,270,0,0,0
0,21.55635,0,0,0,270,0,0,0
0,21.56241,0,0,0,270,0,0,0
0,21.56915,0,0,0,270,0,0,0
0,21.57552,0,0,0,270,0,0,0
0,21.58292,0,0,0,270,0,0,0
0,21.58981,0,0,0,270,0,0,0
0,21.5958,0,0,0,270,0,0,0
0,21.60169,0,0,0,270,0,0,0
0,21.60706,0,0,0,270,0,0,0
0,21.61299,0,0,0,270,0,0,0
0,21.61988,0,0,0,270,0,0,0
0,21.62573,0,0,0,270,0,0,0
0,21.63234,0,0,0,270,0,0,0
0,21.64003,0,0,0,270,0,0,0
0,21.65998,0,0,0,270,0,0,0
0,21.66625,0,0,0,270,0,0,0
0,21.67186,0,0,0,270,0,0,0
0,21.67851,0,0,0,270,0,0,0
0,21.68511,0,0,0,270,0,0,0
0,21.6918,0,0,0,270,0,0,0
0,21.69866,0,0,0,270,0,0,0
0,21.70535,0,0,0,270,0,0,0
0,21.71189,0,0,0,270,0,0,0
0,21.7179,0,0,0,270,0,0,0
0,21.72385,0,0,0,270,0,0,0
0,21.72938,0,0,0,270,0,0,0
0,21.73711,0,0,0,270,0,0,0
0,21.7437,0,0,0,270,0,0,0
0,21.75252,0,0,0,270,0,0,0
0,21.76861,0,0,0,270,0,0,0
0,21.79305,0,0,0,270,0,0,0
0,21.81601,0,0,0,270,0,0,0
0,21.82242,0,0,0,270,0,0,0
0,21.84246,0,0,0,270,0,0,0
0,21.86079,0,0,0,270,0,0,0
0,21.87916,0,0,0,270,0,0,0
0,21.887,0,0,0,270,0,0,0
0,21.89407,0,0,0,270,0,0,0
0,21.9015,0,0,0,270,0,0,0
0,21.90932,0,0,0,270,0,0,0
0,21.91503,0,0,0,270,0,0,0
0,21.92336,0,0,0,270,0,0,0
0,21.92928,0,0,0,270,0,0,0
0,21.93721,0,0,0,270,0,0,0
0,21.95331,0,0,0,270,0,0,0
0,21.95865,0,0,0,270,0,0,0
0,21.96513,0,0,0,270,0,0,0
0,21.97198,0,0,0,270,0,0,0
0,21.97941,0,0,0,270,0,0,0
0,21.98794,0,0,0,270,0,0,0
0,21.99691,0,0,0,270,0,0,0
0,22.02074,0,0,0,270,0,0,0
0,22.02558,0,0,0,270,0,0,0
0,22.03161,0,0,0,270,0,0,0
0,22.03712,0,0,0,270,0,0,0
0,22.04369,0,0,0,270,0,0,0
0,22.05354,0,0,0,270,0,0,0
0,22.06021,0,0,0,270,0,0,0
0,22.07187,0,0,0,270,0,0,0
0,22.08075,0,0,0,270,0,0,0
0,22.08944,0,0,0,270,0,0,0
0,22.09759,0,0,0,270,0,0,0
0,22.10408,0,0,0,270,0,0,0
0,22.11095,0,0,0,270,0,0,0
0,22.11732,0,0,0,270,0,0,0
0,22.12367,0,0,0,270,0,0,0
0,22.13068,0,0,0,270,0,0,0
0,22.13717,0,0,0,270,0,0,0
0,22.14615,0,0,0,270,0,0,0
0,22.15277,0,0,0,270,0,0,0
0,22.15949,0,0,0,270,0,0,0
0,22.16609,0,0,0,270,0,0,0
0,22.17848,0,0,0,270,0,0,0
0,22.18647,0,0,0,270,0,0,0
0,22.1924,0,0,0,270,0,0,0
0,22.19947,0,0,0,270,0,0,0
0,22.20533,0,0,0,270,0,0,0
0,22.21172,0,0,0,270,0,0,0
0,22.21714,0,0,0,270,0,0,0
0,22.2242,0,0,0,270,0,0,0
0,22.23026,0,0,0,270,0,0,0
0,22.23628,0,0,0,270,0,0,0
0,22.24298,0,0,0,270,0,0,0
0,22.2489,0,0,0,270,0,0,0
0,22.25577,0,0,0,270,0,0,0
0,22.26199,0,0,0,270,0,0,0
0,22.26921,0,0,0,270,0,0,0
0,22.27622,0,0,0,270,0,0,0
0,22.28233,0,0,0,270,0,0,0
0,22.28878,0,0,0,270,0,0,0
0,22.29519,0,0,0,270,0,0,0
0,22.30256,0,0,0,270,0,0,0
0,22.30901,0,0,0,270,0,0,0
0,22.31506,0,0,0,270,0,0,0
0,22.32214,0,0,0,270,0,0,0
0,22.32947,0,0,0,270,0,0,0
0,22.33649,0,0,0,270,0,0,0
0,22.34348,0,0,0,270,0,0,0
0,22.34936,0,0,0,270,0,0,0
0,22.35711,0,0,0,270,0,0,0
0,22.36426,0,0,0,270,0,0,0
0,22.3702,0,0,0,270,0,0,0
0,22.37624,0,0,0,270,0,0,0
0,22.38202,0,0,0,270,0,0,0
0,22.38826,0,0,0,270,0,0,0
0,22.39372,0,0,0,270,0,0,0
0,22.3991,0,0,0,270,0,0,0
0,22.40448,0,0,0,270,0,0,0
0,22.41057,0,0,0,270,0,0,0
0,22.41545,0,0,0,270,0,0,0
0,22.42142,0,0,0,270,0,0,0
0,22.4258,0,0,0,270,0,0,0
0,22.43098,0,0,0,270,0,0,0
0,22.43652,0,0,0,270,0,0,0
0,22.44237,0,0,0,270,0,0,0
0,22.4478,0,0,0,270,0,0,0
0,22.45402,0,0,0,270,0,0,0
0,22.45911,0,0,0,270,0,0,0
0,22.46473,0,0,0,270,0,0,0
0,22.47114,0,0,0,270,0,0,0
0,22.47731,0,0,0,270,0,0,0
0,22.48265,0,0,0,270,0,0,0
0,22.48856,0,0,0,270,0,0,0
0,22.49402,0,0,0,270,0,0,0
0,22.50075,0,0,0,270,0,0,0
0,22.50699,0,0,0,270,0,0,0
0,22.52049,0,0,0,270,0,0,0
0,22.53992,0,0,0,270,0,0,0
0,22.54665,0,0,0,270,0,0,0
0,22.55343,0,0,0,270,0,0,0
0,22.56736,0,0,0,270,0,0,0
0,22.57287,0,0,0,270,0,0,0
0,22.57995,0,0,0,270,0,0,0
0,22.58631,0,0,0,270,0,0,0
0,22.59165,0,0,0,270,0,0,0
0,22.5984,0,0,0,270,0,0,0
0,22.60418,0,0,0,270,0,0,0
0,22.60969,0,0,0,270,0,0,0
0,22.6145,0,0,0,270,0,0,0
0,22.6203,0,0,0,270,0,0,0
0,22.62568,0,0,0,270,0,0,0
0,22.63213,0,0,0,270,0,0,0
0,22.63825,0,0,0,270,0,0,0
0,22.64516,0,0,0,270,0,0,0
0,22.65159,0,0,0,270,0,0,0
0,22.65896,0,0,0,270,0,0,0
0,22.66538,0,0,0,270,0,0,0
0,22.67097,0,0,0,270,0,0,0
0,22.67747,0,0,0,270,0,0,0
0,22.683,0,0,0,270,0,0,0
0,22.68996,0,0,0,270,0,0,0
0,22.69566,0,0,0,270,0,0,0
0,22.70184,0,0,0,270,0,0,0
0,22.7074,0,0,0,270,0,0,0
0,22.71378,0,0,0,270,0,0,0
0,22.72008,0,0,0,270,0,0,0
0,22.72614,0,0,0,270,0,0,0
0,22.73705,0,0,0,270,0,0,0
0,22.75456,0,0,0,270,0,0,0
0,22.76032,0,0,0,270,0,0,0
0,22.76591,0,0,0,270,0,0,0
0,22.77183,0,0,0,270,0,0,0
0,22.77849,0,0,0,270,0,0,0
0,22.78403,0,0,0,270,0,0,0
0,22.79077,0,0,0,270,0,0,0
0,22.79743,0,0,0,270,0,0,0
0,22.80444,0,0,0,270,0,0,0
0,22.812,0,0,0,270,0,0,0
0,22.8182,0,0,0,270,0,0,0
0,22.82452,0,0,0,270,0,0,0
0,22.83126,0,0,0,270,0,0,0
0,22.8373,0,0,0,270,0,0,0
0,22.84438,0,0,0,270,0,0,0
0,22.85072,0,0,0,270,0,0,0
0,22.85895,0,0,0,270,0,0,0
0,22.86554,0,0,0,270,0,0,0
0,22.87269,0,0,0,270,0,0,0
0,22.8791,0,0,0,270,0,0,0
0,22.88371,0,0,0,270,0,0,0
0,22.88969,0,0,0,270,0,0,0
0,22.89486,0,0,0,270,0,0,0
0,22.90098,0,0,0,270,0,0,0
0,22.9084,0,0,0,270,0,0,0
0,22.91432,0,0,0,270,0,0,0
0,22.92076,0,0,0,270,0,0,0
0,22.92624,0,0,0,270,0,0,0
0,22.93209,0,0,0,270,0,0,0
0,22.9384,0,0,0,270,0,0,0
0,22.94475,0,0,0,270,0,0,0
0,22.95049,0,0,0,270,0,0,0
0,22.95679,0,0,0,270,0,0,0
0,22.9616,0,0,0,270,0,0,0
0,22.96796,0,0,0,270,0,0,0
0,22.97507,0,0,0,270,0,0,0
0,22.98148,0,0,0,270,0,0,0
0,22.98948,0,0,0,270,0,0,0
0,22.99643,0,0,0,270,0,0,0
0,23.00337,0,0,0,270,0,0,0
0,23.00956,0,0,0,270,0,0,0
0,23.01544,0,0,0,270,0,0,0
0,23.02123,0,0,0,270,0,0,0
0,23.02636,0,0,0,270,0,0,0
0,23.03395,0,0,0,270,0,0,0
0,23.04098,0,0,0,270,0,0,0
0,23.04847,0,0,0,270,0,0,0
0,23.05545,0,0,0,270,0,0,0
0,23.06255,0,0,0,270,0,0,0
0,23.07122,0,0,0,270,0,0,0
0,23.07903,0,0,0,270,0,0,0
0,23.08525,0,0,0,270,0,0,0
0,23.0932,0,0,0,270,0,0,0
0,23.10041,0,0,0,270,0,0,0
0,23.10905,0,0,0,270,0,0,0
0,23.11613,0,0,0,270,0,0,0
0,23.12455,0,0,0,270,0,0,0
0,23.13157,0,0,0,270,0,0,0
0,23.13754,0,0,0,270,0,0,0
0,23.1438,0,0,0,270,0,0,0
0,23.14935,0,0,0,270,0,0,0
0,23.15606,0,0,0,270,0,0,0
0,23.16208,0,0,0,270,0,0,0
0,23.1678,0,0,0,270,0,0,0
0,23.17307,0,0,0,270,0,0,0
0,23.1782,0,0,0,270,0,0,0
0,23.18342,0,0,0,270,0,0,0
0,23.191,0,0,0,270,0,0,0
0,23.19737,0,0,0,270,0,0,0
0,23.20318,0,0,0,270,0,0,0
0,23.20992,0,0,0,270,0,0,0
0,23.21521,0,0,0,270,0,0,0
0,23.22191,0,0,0,270,0,0,0
0,23.22697,0,0,0,270,0,0,0
0,23.23314,0,0,0,270,0,0,0
0,23.23818,0,0,0,270,0,0,0
0,23.24364,0,0,0,270,0,0,0
0,23.24872,0,0,0,270,0,0,0
0,23.25429,0,0,0,270,0,0,0
0,23.2593,0,0,0,270,0,0,0
0,23.26455,0,0,0,270,0,0,0
0,23.26879,0,0,0,270,0,0,0
0,23.27864,0,0,0,270,0,0,0
0,23.28599,0,0,0,270,0,0,0
0,23.29192,0,0,0,270,0,0,0
0,23.29736,0,0,0,270,0,0,0
0,23.30243,0,0,0,270,0,0,0
0,23.30736,0,0,0,270,0,0,0
0,23.31445,0,0,0,270,0,0,0
0,23.32105,0,0,0,270,0,0,0
0,23.32676,0,0,0,270,0,0,0
0,23.33191,0,0,0,270,0,0,0
0,23.33645,0,0,0,270,0,0,0
0,23.34167,0,0,0,270,0,0,0
0,23.34651,0,0,0,270,0,0,0
0,23.35114,0,0,0,270,0,0,0
0,23.35723,0,0,0,270,0,0,0
0,23.36166,0,0,0,270,0,0,0
0,23.36707,0,0,0,270,0,0,0
0,23.37328,0,0,0,270,0,0,0
0,23.38026,0,0,0,270,0,0,0
0,23.39112,0,0,0,270,0,0,0
0,23.4123,0,0,0,270,0,0,0
0,23.41706,0,0,0,270,0,0,0
0,23.42301,0,0,0,270,0,0,0
0,23.42787,0,0,0,270,0,0,0
0,23.43331,0,0,0,270,0,0,0
0,23.43895,0,0,0,270,0,0,0
0,23.44495,0,0,0,270,0,0,0
0,23.45,0,0,0,270,0,0,0
0,23.45573,0,0,0,270,0,0,0
0,23.46053,0,0,0,270,0,0,0
0,23.46568,0,0,0,270,0,0,0
0,23.47071,0,0,0,270,0,0,0
0,23.47682,0,0,0,270,0,0,0
0,23.48177,0,0,0,270,0,0,0
0,23.48771,0,0,0,270,0,0,0
0,23.49428,0,0,0,270,0,0,0
0,23.50146,0,0,0,270,0,0,0
0,23.50657,0,0,0,270,0,0,0
0,23.51199,0,0,0,270,0,0,0
0,23.51684,0,0,0,270,0,0,0
0,23.52205,0,0,0,270,0,0,0
0,23.52731,0,0,0,270,0,0,0
0,23.5329,0,0,0,270,0,0,0
0,23.53803,0,0,0,270,0,0,0
0,23.54418,0,0,0,270,0,0,0
0,23.54952,0,0,0,270,0,0,0
0,23.55495,0,0,0,270,0,0,0
0,23.56069,0,0,0,270,0,0,0
0,23.56733,0,0,0,270,0,0,0
0,23.57213,0,0,0,270,0,0,0
0,23.57786,0,0,0,270,0,0,0
0,23.58247,0,0,0,270,0,0,0
0,23.58758,0,0,0,270,0,0,0
0,23.59346,0,0,0,270,0,0,0
0,23.59951,0,0,0,270,0,0,0
0,23.60453,0,0,0,270,0,0,0
0,23.61072,0,0,0,270,0,0,0
0,23.61551,0,0,0,270,0,0,0
0,23.62087,0,0,0,270,0,0,0
0,23.62608,0,0,0,270,0,0,0
0,23.63131,0,0,0,270,0,0,0
0,23.63637,0,0,0,270,0,0,0
0,23.64175,0,0,0,270,0,0,0
0,23.64658,0,0,0,270,0,0,0
0,23.65134,0,0,0,270,0,0,0
0,23.65626,0,0,0,270,0,0,0
0,23.66153,0,0,0,270,0,0,0
0,23.66649,0,0,0,270,0,0,0
0,23.67123,0,0,0,270,0,0,0
0,23.67755,0,0,0,270,0,0,0
0,23.6832,0,0,0,270,0,0,0
0,23.68894,0,0,0,270,0,0,0
0,23.69383,0,0,0,270,0,0,0
0,23.69913,0,0,0,270,0,0,0
0,23.70406,0,0,0,270,0,0,0
0,23.70933,0,0,0,270,0,0,0
0,23.71399,0,0,0,270,0,0,0
0,23.72002,0,0,0,270,0,0,0
0,23.7257,0,0,0,270,0,0,0
0,23.7323,0,0,0,270,0,0,0
0,23.73883,0,0,0,270,0,0,0
0,23.75051,0,0,0,270,0,0,0
0,23.77096,0,0,0,270,0,0,0
0,23.77633,0,0,0,270,0,0,0
0,23.78186,0,0,0,270,0,0,0
0,23.78756,0,0,0,270,0,0,0
0,23.79266,0,0,0,270,0,0,0
0,23.799,0,0,0,270,0,0,0
0,23.80437,0,0,0,270,0,0,0
0,23.81132,0,0,0,270,0,0,0
0,23.81802,0,0,0,270,0,0,0
0,23.82465,0,0,0,270,0,0,0
0,23.83101,0,0,0,270,0,0,0
0,23.83649,0,0,0,270,0,0,0
0,23.84354,0,0,0,270,0,0,0
0,23.84962,0,0,0,270,0,0,0
0,23.85613,0,0,0,270,0,0,0
0,23.86385,0,0,0,270,0,0,0
0,23.87495,0,0,0,270,0,0,0
0,23.88519,0,0,0,270,0,0,0
0,23.89217,0,0,0,270,0,0,0
0,23.89874,0,0,0,270,0,0,0
0,23.90526,0,0,0,270,0,0,0
0,23.91233,0,0,0,270,0,0,0
0,23.91796,0,0,0,270,0,0,0
0,23.92418,0,0,0,270,0,0,0
0,23.93413,0,0,0,270,0,0,0
0,23.94485,0,0,0,270,0,0,0
0,23.95033,0,0,0,270,0,0,0
0,23.95601,0,0,0,270,0,0,0
0,23.96185,0,0,0,270,0,0,0
0,23.96885,0,0,0,270,0,0,0
0,23.97484,0,0,0,270,0,0,0
0,23.98153,0,0,0,270,0,0,0
0,23.9876,0,0,0,270,0,0,0
0,23.99294,0,0,0,270,0,0,0
0,24.00077,0,0,0,270,0,0,0
0,24.00898,0,0,0,270,0,0,0
0,24.0149,0,0,0,270,0,0,0
0,24.02057,0,0,0,270,0,0,0
0,24.02616,0,0,0,270,0,0,0
0,24.03254,0,0,0,270,0,0,0
0,24.03886,0,0,0,270,0,0,0
0,24.0452,0,0,0,270,0,0,0
0,24.05019,0,0,0,270,0,0,0
0,24.05684,0,0,0,270,0,0,0
0,24.06403,0,0,0,270,0,0,0
0,24.07026,0,0,0,270,0,0,0
0,24.07705,0,0,0,270,0,0,0
0,24.08358,0,0,0,270,0,0,0
0,24.09117,0,0,0,270,0,0,0
0,24.09922,0,0,0,270,0,0,0
0,24.10551,0,0,0,270,0,0,0
0,24.11266,0,0,0,270,0,0,0
0,24.11947,0,0,0,270,0,0,0
0,24.12625,0,0,0,270,0,0,0
0,24.13259,0,0,0,270,0,0,0
0,24.13931,0,0,0,270,0,0,0
0,24.14632,0,0,0,270,0,0,0
0,24.15275,0,0,0,270,0,0,0
0,24.15865,0,0,0,270,0,0,0
0,24.16401,0,0,0,270,0,0,0
0,24.16989,0,0,0,270,0,0,0
0,24.17641,0,0,0,270,0,0,0
0,24.18137,0,0,0,270,0,0,0
0,24.18798,0,0,0,270,0,0,0
0,24.19279,0,0,0,270,0,0,0
0,24.19914,0,0,0,270,0,0,0
0,24.20571,0,0,0,270,0,0,0
0,24.21156,0,0,0,270,0,0,0
0,24.21776,0,0,0,270,0,0,0
0,24.22415,0,0,0,270,0,0,0
0,24.23033,0,0,0,270,0,0,0
0,24.23628,0,0,0,270,0,0,0
0,24.24262,0,0,0,270,0,0,0
0,24.24877,0,0,0,270,0,0,0
0,24.2552,0,0,0,270,0,0,0
0,24.26096,0,0,0,270,0,0,0
0,24.26748,0,0,0,270,0,0,0
0,24.27294,0,0,0,270,0,0,0
0,24.27899,0,0,0,270,0,0,0
0,24.28452,0,0,0,270,0,0,0
0,24.28991,0,0,0,270,0,0,0
0,24.29506,0,0,0,270,0,0,0
0,24.30071,0,0,0,270,0,0,0
0,24.30591,0,0,0,270,0,0,0
0,24.31551,0,0,0,270,0,0,0
0,24.32114,0,0,0,270,0,0,0
0,24.32607,0,0,0,270,0,0,0
0,24.33095,0,0,0,270,0,0,0
0,24.33582,0,0,0,270,0,0,0
0,24.34281,0,0,0,270,0,0,0
0,24.3489,0,0,0,270,0,0,0
0,24.35407,0,0,0,270,0,0,0
0,24.35924,0,0,0,270,0,0,0
0,24.36539,0,0,0,270,0,0,0
0,24.37057,0,0,0,270,0,0,0
0,24.37709,0,0,0,270,0,0,0
0,24.38317,0,0,0,270,0,0,0
0,24.38935,0,0,0,270,0,0,0
0,24.39477,0,0,0,270,0,0,0
0,24.40049,0,0,0,270,0,0,0
0,24.40554,0,0,0,270,0,0,0
0,24.41162,0,0,0,270,0,0,0
0,24.41751,0,0,0,270,0,0,0
0,24.42299,0,0,0,270,0,0,0
0,24.42882,0,0,0,270,0,0,0
0,24.43485,0,0,0,270,0,0,0
0,24.44235,0,0,0,270,0,0,0
0,24.44744,0,0,0,270,0,0,0
0,24.45374,0,0,0,270,0,0,0
0,24.45964,0,0,0,270,0,0,0
0,24.46463,0,0,0,270,0,0,0
0,24.47102,0,0,0,270,0,0,0
0,24.47705,0,0,0,270,0,0,0
0,24.48299,0,0,0,270,0,0,0
0,24.4884,0,0,0,270,0,0,0
0,24.49306,0,0,0,270,0,0,0
0,24.49877,0,0,0,270,0,0,0
0,24.50532,0,0,0,270,0,0,0
0,24.51057,0,0,0,270,0,0,0
0,24.51661,0,0,0,270,0,0,0
0,24.52183,0,0,0,270,0,0,0
0,24.52747,0,0,0,270,0,0,0
0,24.53441,0,0,0,270,0,0,0
0,24.53987,0,0,0,270,0,0,0
0,24.54531,0,0,0,270,0,0,0
0,24.5503,0,0,0,270,0,0,0
0,24.5553,0,0,0,270,0,0,0
0,24.56011,0,0,0,270,0,0,0
0,24.56592,0,0,0,270,0,0,0
0,24.57033,0,0,0,270,0,0,0
0,24.57529,0,0,0,270,0,0,0
0,24.58106,0,0,0,270,0,0,0
0,24.58621,0,0,0,270,0,0,0
0,24.59134,0,0,0,270,0,0,0
0,24.5969,0,0,0,270,0,0,0
0,24.60248,0,0,0,270,0,0,0
0,24.6079,0,0,0,270,0,0,0
0,24.61265,0,0,0,270,0,0,0
0,24.61691,0,0,0,270,0,0,0
0,24.62956,0,0,0,270,0,0,0
0,24.63481,0,0,0,270,0,0,0
0,24.64314,0,0,0,270,0,0,0
0,24.64911,0,0,0,270,0,0,0
0,24.65664,0,0,0,270,0,0,0
0,24.66229,0,0,0,270,0,0,0
0,24.66792,0,0,0,270,0,0,0
0,24.67362,0,0,0,270,0,0,0
0,24.67871,0,0,0,270,0,0,0
0,24.68374,0,0,0,270,0,0,0
0,24.69034,0,0,0,270,0,0,0
0,24.69688,0,0,0,270,0,0,0
0,24.70277,0,0,0,270,0,0,0
0,24.70827,0,0,0,270,0,0,0
0,24.71306,0,0,0,270,0,0,0
0,24.71824,0,0,0,270,0,0,0
0,24.72371,0,0,0,270,0,0,0
0,24.72899,0,0,0,270,0,0,0
0,24.73405,0,0,0,270,0,0,0
0,24.73906,0,0,0,270,0,0,0
0,24.74469,0,0,0,270,0,0,0
0,24.75059,0,0,0,270,0,0,0
0,24.75585,0,0,0,270,0,0,0
0,24.76082,0,0,0,270,0,0,0
0,24.76667,0,0,0,270,0,0,0
0,24.77141,0,0,0,270,0,0,0
0,24.77601,0,0,0,270,0,0,0
0,24.78199,0,0,0,270,0,0,0
0,24.78744,0,0,0,270,0,0,0
0,24.79157,0,0,0,270,0,0,0
0,24.79805,0,0,0,270,0,0,0
0,24.80506,0,0,0,270,0,0,0
0,24.82066,0,0,0,270,0,0,0
0,24.82557,0,0,0,270,0,0,0
0,24.83094,0,0,0,270,0,0,0
0,24.83583,0,0,0,270,0,0,0
0,24.84048,0,0,0,270,0,0,0
0,24.84658,0,0,0,270,0,0,0
0,24.85277,0,0,0,270,0,0,0
0,24.85963,0,0,0,270,0,0,0
0,24.86554,0,0,0,270,0,0,0
0,24.86985,0,0,0,270,0,0,0
0,24.87681,0,0,0,270,0,0,0
0,24.88253,0,0,0,270,0,0,0
0,24.88781,0,0,0,270,0,0,0
0,24.8934,0,0,0,270,0,0,0
0,24.89844,0,0,0,270,0,0,0
0,24.90431,0,0,0,270,0,0,0
0,24.92682,0,0,0,270,0,0,0
0,24.93399,0,0,0,270,0,0,0
0,24.94642,0,0,0,270,0,0,0
0,24.9558,0,0,0,270,0,0,0
0,24.96161,0,0,0,270,0,0,0
0,24.97307,0,0,0,270,0,0,0
0,24.97933,0,0,0,270,0,0,0
0,24.98615,0,0,0,270,0,0,0
0,24.99368,0,0,0,270,0,0,0
0,25.00315,0,0,0,270,0,0,0
0,25.01009,0,0,0,270,0,0,0
0,25.01689,0,0,0,270,0,0,0
0,25.0246,0,0,0,270,0,0,0
0,25.03898,0,0,0,270,0,0,0
0,25.04844,0,0,0,270,0,0,0
0,25.05659,0,0,0,270,0,0,0
0,25.06248,0,0,0,270,0,0,0
0,25.06949,0,0,0,270,0,0,0
0,25.07556,0,0,0,270,0,0,0
0,25.08074,0,0,0,270,0,0,0
0,25.08689,0,0,0,270,0,0,0
0,25.09247,0,0,0,270,0,0,0
0,25.09989,0,0,0,270,0,0,0
0,25.10672,0,0,0,270,0,0,0
0,25.11381,0,0,0,270,0,0,0
0,25.12058,0,0,0,270,0,0,0
0,25.12643,0,0,0,270,0,0,0
0,25.13344,0,0,0,270,0,0,0
0,25.14,0,0,0,270,0,0,0
0,25.14668,0,0,0,270,0,0,0
0,25.15399,0,0,0,270,0,0,0
0,25.16038,0,0,0,270,0,0,0
0,25.16804,0,0,0,270,0,0,0
0,25.17473,0,0,0,270,0,0,0
0,25.18014,0,0,0,270,0,0,0
0,25.18586,0,0,0,270,0,0,0
0,25.1913,0,0,0,270,0,0,0
0,25.19807,0,0,0,270,0,0,0
0,25.20465,0,0,0,270,0,0,0
0,25.21144,0,0,0,270,0,0,0
0,25.21744,0,0,0,270,0,0,0
0,25.22476,0,0,0,270,0,0,0
0,25.23096,0,0,0,270,0,0,0
0,25.23767,0,0,0,270,0,0,0
0,25.24524,0,0,0,270,0,0,0
0,25.25261,0,0,0,270,0,0,0
0,25.25822,0,0,0,270,0,0,0
0,25.2636,0,0,0,270,0,0,0
0,25.26924,0,0,0,270,0,0,0
0,25.276,0,0,0,270,0,0,0
0,25.28334,0,0,0,270,0,0,0
0,25.29032,0,0,0,270,0,0,0
0,25.29856,0,0,0,270,0,0,0
0,25.30521,0,0,0,270,0,0,0
0,25.31218,0,0,0,270,0,0,0
0,25.31982,0,0,0,270,0,0,0
0,25.32599,0,0,0,270,0,0,0
0,25.33278,0,0,0,270,0,0,0
0,25.33815,0,0,0,270,0,0,0
0,25.34495,0,0,0,270,0,0,0
0,25.35059,0,0,0,270,0,0,0
0,25.35701,0,0,0,270,0,0,0
0,25.36275,0,0,0,270,0,0,0
0,25.3686,0,0,0,270,0,0,0
0,25.38201,0,0,0,270,0,0,0
0,25.39299,0,0,0,270,0,0,0
0,25.40345,0,0,0,270,0,0,0
0,25.41481,0,0,0,270,0,0,0
0,25.42121,0,0,0,270,0,0,0
0,25.42723,0,0,0,270,0,0,0
0,25.43357,0,0,0,270,0,0,0
0,25.43919,0,0,0,270,0,0,0
0,25.44595,0,0,0,270,0,0,0
0,25.45305,0,0,0,270,0,0,0
0,25.45878,0,0,0,270,0,0,0
0,25.46446,0,0,0,270,0,0,0
0,25.47014,0,0,0,270,0,0,0
0,25.47668,0,0,0,270,0,0,0
0,25.48347,0,0,0,270,0,0,0
0,25.49041,0,0,0,270,0,0,0
0,25.49585,0,0,0,270,0,0,0
0,25.50291,0,0,0,270,0,0,0
0,25.50929,0,0,0,270,0,0,0
0,25.51477,0,0,0,270,0,0,0
0,25.52156,0,0,0,270,0,0,0
0,25.52694,0,0,0,270,0,0,0
0,25.53253,0,0,0,270,0,0,0
0,25.53747,0,0,0,270,0,0,0
0,25.54248,0,0,0,270,0,0,0
0,25.54744,0,0,0,270,0,0,0
0,25.55303,0,0,0,270,0,0,0
0,25.55748,0,0,0,270,0,0,0
0,25.56239,0,0,0,270,0,0,0
0,25.56761,0,0,0,270,0,0,0
0,25.57314,0,0,0,270,0,0,0
0,25.58,0,0,0,270,0,0,0
0,25.58501,0,0,0,270,0,0,0
0,25.59123,0,0,0,270,0,0,0
0,25.59687,0,0,0,270,0,0,0
0,25.60205,0,0,0,270,0,0,0
0,25.60656,0,0,0,270,0,0,0
0,25.61097,0,0,0,270,0,0,0
0,25.61543,0,0,0,270,0,0,0
0,25.6205,0,0,0,270,0,0,0
0,25.62584,0,0,0,270,0,0,0
0,25.63151,0,0,0,270,0,0,0
0,25.63667,0,0,0,270,0,0,0
0,25.64182,0,0,0,270,0,0,0
0,25.64672,0,0,0,270,0,0,0
0,25.65119,0,0,0,270,0,0,0
0,25.65643,0,0,0,270,0,0,0
0,25.66072,0,0,0,270,0,0,0
0,25.66654,0,0,0,270,0,0,0
0,25.67586,0,0,0,270,0,0,0
0,25.68953,0,0,0,270,0,0,0
0,25.69366,0,0,0,270,0,0,0
0,25.69835,0,0,0,270,0,0,0
0,25.70396,0,0,0,270,0,0,0
0,25.70863,0,0,0,270,0,0,0
0,25.71296,0,0,0,270,0,0,0
0,25.71833,0,0,0,270,0,0,0
0,25.72368,0,0,0,270,0,0,0
0,25.72848,0,0,0,270,0,0,0
0,25.73322,0,0,0,270,0,0,0
0,25.73806,0,0,0,270,0,0,0
0,25.7429,0,0,0,270,0,0,0
0,25.74738,0,0,0,270,0,0,0
0,25.75288,0,0,0,270,0,0,0
0,25.75735,0,0,0,270,0,0,0
0,25.76161,0,0,0,270,0,0,0
0,25.76619,0,0,0,270,0,0,0
0,25.77053,0,0,0,270,0,0,0
0,25.77549,0,0,0,270,0,0,0
0,25.78008,0,0,0,270,0,0,0
0,25.7857,0,0,0,270,0,0,0
0,25.79056,0,0,0,270,0,0,0
0,25.79552,0,0,0,270,0,0,0
0,25.80184,0,0,0,270,0,0,0
0,25.80708,0,0,0,270,0,0,0
0,25.81245,0,0,0,270,0,0,0
0,25.81709,0,0,0,270,0,0,0
0,25.822,0,0,0,270,0,0,0
0,25.8264,0,0,0,270,0,0,0
0,25.83073,0,0,0,270,0,0,0
0,25.83562,0,0,0,270,0,0,0
0,25.83975,0,0,0,270,0,0,0
0,25.84482,0,0,0,270,0,0,0
0,25.84926,0,0,0,270,0,0,0
0,25.8545,0,0,0,270,0,0,0
0,25.85981,0,0,0,270,0,0,0
0,25.86434,0,0,0,270,0,0,0
0,25.86856,0,0,0,270,0,0,0
0,25.87248,0,0,0,270,0,0,0
0,25.87742,0,0,0,270,0,0,0
0,25.88202,0,0,0,270,0,0,0
0,25.88762,0,0,0,270,0,0,0
0,25.89224,0,0,0,270,0,0,0
0,25.89697,0,0,0,270,0,0,0
0,25.90269,0,0,0,270,0,0,0
0,25.91684,0,0,0,270,0,0,0
0,25.93139,0,0,0,270,0,0,0
0,25.93686,0,0,0,270,0,0,0
0,25.94185,0,0,0,270,0,0,0
0,25.95062,0,0,0,270,0,0,0
0,25.95584,0,0,0,270,0,0,0
0,25.96021,0,0,0,270,0,0,0
0,25.96546,0,0,0,270,0,0,0
0,25.97079,0,0,0,270,0,0,0
0,25.97589,0,0,0,270,0,0,0
0,25.98079,0,0,0,270,0,0,0
0,25.98632,0,0,0,270,0,0,0
0,25.99116,0,0,0,270,0,0,0
0,25.99573,0,0,0,270,0,0,0
0,26.00169,0,0,0,270,0,0,0
0,26.00673,0,0,0,270,0,0,0
0,26.01166,0,0,0,270,0,0,0
0,26.01618,0,0,0,270,0,0,0
0,26.02104,0,0,0,270,0,0,0
0,26.02566,0,0,0,270,0,0,0
0,26.03089,0,0,0,270,0,0,0
0,26.03592,0,0,0,270,0,0,0
0,26.04179,0,0,0,270,0,0,0
0,26.0477,0,0,0,270,0,0,0
0,26.05407,0,0,0,270,0,0,0
0,26.05888,0,0,0,270,0,0,0
0,26.06439,0,0,0,270,0,0,0
0,26.06951,0,0,0,270,0,0,0
0,26.07478,0,0,0,270,0,0,0
0,26.07965,0,0,0,270,0,0,0
0,26.08581,0,0,0,270,0,0,0
0,26.09096,0,0,0,270,0,0,0
0,26.09742,0,0,0,270,0,0,0
0,26.10205,0,0,0,270,0,0,0
0,26.10699,0,0,0,270,0,0,0
0,26.11269,0,0,0,270,0,0,0
0,26.11754,0,0,0,270,0,0,0
0,26.12451,0,0,0,270,0,0,0
0,26.1308,0,0,0,270,0,0,0
0,26.13579,0,0,0,270,0,0,0
0,26.14182,0,0,0,270,0,0,0
0,26.14679,0,0,0,270,0,0,0
0,26.15168,0,0,0,270,0,0,0
0,26.1581,0,0,0,270,0,0,0
0,26.16475,0,0,0,270,0,0,0
0,26.1717,0,0,0,270,0,0,0
0,26.17964,0,0,0,270,0,0,0
0,26.18705,0,0,0,270,0,0,0
0,26.19415,0,0,0,270,0,0,0
0,26.20025,0,0,0,270,0,0,0
0,26.20593,0,0,0,270,0,0,0
0,26.21169,0,0,0,270,0,0,0
0,26.21815,0,0,0,270,0,0,0
0,26.22556,0,0,0,270,0,0,0
0,26.23161,0,0,0,270,0,0,0
0,26.23851,0,0,0,270,0,0,0
0,26.24525,0,0,0,270,0,0,0
0,26.25125,0,0,0,270,0,0,0
0,26.25779,0,0,0,270,0,0,0
0,26.26578,0,0,0,270,0,0,0
0,26.27244,0,0,0,270,0,0,0
0,26.27839,0,0,0,270,0,0,0
0,26.28392,0,0,0,270,0,0,0
0,26.2901,0,0,0,270,0,0,0
0,26.2963,0,0,0,270,0,0,0
0,26.30278,0,0,0,270,0,0,0
0,26.30931,0,0,0,270,0,0,0
0,26.31494,0,0,0,270,0,0,0
0,26.32145,0,0,0,270,0,0,0
0,26.32739,0,0,0,270,0,0,0
0,26.33308,0,0,0,270,0,0,0
0,26.33894,0,0,0,270,0,0,0
0,26.34584,0,0,0,270,0,0,0
0,26.35165,0,0,0,270,0,0,0
0,26.35839,0,0,0,270,0,0,0
0,26.36428,0,0,0,270,0,0,0
0,26.37049,0,0,0,270,0,0,0
0,26.37803,0,0,0,270,0,0,0
0,26.38467,0,0,0,270,0,0,0
0,26.39143,0,0,0,270,0,0,0
0,26.39844,0,0,0,270,0,0,0
0,26.40496,0,0,0,270,0,0,0
0,26.41251,0,0,0,270,0,0,0
0,26.41998,0,0,0,270,0,0,0
0,26.42611,0,0,0,270,0,0,0
0,26.43233,0,0,0,270,0,0,0
0,26.43897,0,0,0,270,0,0,0
0,26.44575,0,0,0,270,0,0,0
0,26.45274,0,0,0,270,0,0,0
0,26.45911,0,0,0,270,0,0,0
0,26.46625,0,0,0,270,0,0,0
0,26.47174,0,0,0,270,0,0,0
0,26.4789,0,0,0,270,0,0,0
0,26.48426,0,0,0,270,0,0,0
0,26.49023,0,0,0,270,0,0,0
0,26.4949,0,0,0,270,0,0,0
0,26.50041,0,0,0,270,0,0,0
0,26.50599,0,0,0,270,0,0,0
0,26.51156,0,0,0,270,0,0,0
0,26.51747,0,0,0,270,0,0,0
0,26.52452,0,0,0,270,0,0,0
0,26.53039,0,0,0,270,0,0,0
0,26.5363,0,0,0,270,0,0,0
0,26.54337,0,0,0,270,0,0,0
0,26.54935,0,0,0,270,0,0,0
0,26.55478,0,0,0,270,0,0,0
0,26.56451,0,0,0,270,0,0,0
0,26.56964,0,0,0,270,0,0,0
0,26.57539,0,0,0,270,0,0,0
0,26.58045,0,0,0,270,0,0,0
0,26.58576,0,0,0,270,0,0,0
0,26.5917,0,0,0,270,0,0,0
0,26.59832,0,0,0,270,0,0,0
0,26.60491,0,0,0,270,0,0,0
0,26.61093,0,0,0,270,0,0,0
0,26.6164,0,0,0,270,0,0,0
0,26.6218,0,0,0,270,0,0,0
0,26.62846,0,0,0,270,0,0,0
0,26.63355,0,0,0,270,0,0,0
0,26.63981,0,0,0,270,0,0,0
0,26.64608,0,0,0,270,0,0,0
0,26.65175,0,0,0,270,0,0,0
0,26.6585,0,0,0,270,0,0,0
0,26.66477,0,0,0,270,0,0,0
0,26.67004,0,0,0,270,0,0,0
0,26.67526,0,0,0,270,0,0,0
0,26.6802,0,0,0,270,0,0,0
0,26.68641,0,0,0,270,0,0,0
0,26.69107,0,0,0,270,0,0,0
0,26.69559,0,0,0,270,0,0,0
0,26.70058,0,0,0,270,0,0,0
0,26.70547,0,0,0,270,0,0,0
0,26.7108,0,0,0,270,0,0,0
0,26.71593,0,0,0,270,0,0,0
0,26.72152,0,0,0,270,0,0,0
0,26.72628,0,0,0,270,0,0,0
0,26.73244,0,0,0,270,0,0,0
0,26.73718,0,0,0,270,0,0,0
0,26.7423,0,0,0,270,0,0,0
0,26.74758,0,0,0,270,0,0,0
0,26.75309,0,0,0,270,0,0,0
0,26.75797,0,0,0,270,0,0,0
0,26.76422,0,0,0,270,0,0,0
0,26.76905,0,0,0,270,0,0,0
0,26.77357,0,0,0,270,0,0,0
0,26.77947,0,0,0,270,0,0,0
0,26.78495,0,0,0,270,0,0,0
0,26.78954,0,0,0,270,0,0,0
0,26.79521,0,0,0,270,0,0,0
0,26.8006,0,0,0,270,0,0,0
0,26.80556,0,0,0,270,0,0,0
0,26.81104,0,0,0,270,0,0,0
0,26.81596,0,0,0,270,0,0,0
0,26.82103,0,0,0,270,0,0,0
0,26.82565,0,0,0,270,0,0,0
0,26.83005,0,0,0,270,0,0,0
0,26.83461,0,0,0,270,0,0,0
0,26.83892,0,0,0,270,0,0,0
0,26.84459,0,0,0,270,0,0,0
0,26.84897,0,0,0,270,0,0,0
0,26.85325,0,0,0,270,0,0,0
0,26.85875,0,0,0,270,0,0,0
0,26.86365,0,0,0,270,0,0,0
0,26.86837,0,0,0,270,0,0,0
0,26.87317,0,0,0,270,0,0,0
0,26.87806,0,0,0,270,0,0,0
0,26.88211,0,0,0,270,0,0,0
0,26.88662,0,0,0,270,0,0,0
0,26.89122,0,0,0,270,0,0,0
0,26.89564,0,0,0,270,0,0,0
0,26.9005,0,0,0,270,0,0,0
0,26.90532,0,0,0,270,0,0,0
0,26.9106,0,0,0,270,0,0,0
0,26.91533,0,0,0,270,0,0,0
0,26.92028,0,0,0,270,0,0,0
0,26.92503,0,0,0,270,0,0,0
0,26.92924,0,0,0,270,0,0,0
0,26.93446,0,0,0,270,0,0,0
0,26.94022,0,0,0,270,0,0,0
0,26.94506,0,0,0,270,0,0,0
0,26.94976,0,0,0,270,0,0,0
0,26.95545,0,0,0,270,0,0,0
0,26.95976,0,0,0,270,0,0,0
0,26.96479,0,0,0,270,0,0,0
0,26.96947,0,0,0,270,0,0,0
0,26.97369,0,0,0,270,0,0,0
0,26.97882,0,0,0,270,0,0,0
0,26.98433,0,0,0,270,0,0,0
0,26.98927,0,0,0,270,0,0,0
0,26.99388,0,0,0,270,0,0,0
0,26.99836,0,0,0,270,0,0,0
0,27.00301,0,0,0,270,0,0,0
0,27.008,0,0,0,270,0,0,0
0,27.01298,0,0,0,270,0,0,0
0,27.01756,0,0,0,270,0,0,0
0,27.02238,0,0,0,270,0,0,0
0,27.02745,0,0,0,270,0,0,0
0,27.03272,0,0,0,270,0,0,0
0,27.03815,0,0,0,270,0,0,0
0,27.04307,0,0,0,270,0,0,0
0,27.04768,0,0,0,270,0,0,0
0,27.05247,0,0,0,270,0,0,0
0,27.05697,0,0,0,270,0,0,0
0,27.06286,0,0,0,270,0,0,0
0,27.0694,0,0,0,270,0,0,0
0,27.07395,0,0,0,270,0,0,0
0,27.07891,0,0,0,270,0,0,0
0,27.08327,0,0,0,270,0,0,0
0,27.09173,0,0,0,270,0,0,0
0,27.09685,0,0,0,270,0,0,0
0,27.10131,0,0,0,270,0,0,0
0,27.10612,0,0,0,270,0,0,0
0,27.11151,0,0,0,270,0,0,0
0,27.11656,0,0,0,270,0,0,0
0,27.12195,0,0,0,270,0,0,0
0,27.12644,0,0,0,270,0,0,0
0,27.1314,0,0,0,270,0,0,0
0,27.13585,0,0,0,270,0,0,0
0,27.14067,0,0,0,270,0,0,0
0,27.14598,0,0,0,270,0,0,0
0,27.15041,0,0,0,270,0,0,0
0,27.15553,0,0,0,270,0,0,0
0,27.16073,0,0,0,270,0,0,0
0,27.16615,0,0,0,270,0,0,0
0,27.17137,0,0,0,270,0,0,0
0,27.17659,0,0,0,270,0,0,0
0,27.18133,0,0,0,270,0,0,0
0,27.18717,0,0,0,270,0,0,0
0,27.19357,0,0,0,270,0,0,0
0,27.19917,0,0,0,270,0,0,0
0,27.20458,0,0,0,270,0,0,0
0,27.2097,0,0,0,270,0,0,0
0,27.21502,0,0,0,270,0,0,0
0,27.22016,0,0,0,270,0,0,0
0,27.22461,0,0,0,270,0,0,0
0,27.22937,0,0,0,270,0,0,0
0,27.23464,0,0,0,270,0,0,0
0,27.23921,0,0,0,270,0,0,0
0,27.24464,0,0,0,270,0,0,0
0,27.25052,0,0,0,270,0,0,0
0,27.256,0,0,0,270,0,0,0
0,27.26053,0,0,0,270,0,0,0
0,27.26538,0,0,0,270,0,0,0
0,27.2701,0,0,0,270,0,0,0
0,27.27496,0,0,0,270,0,0,0
0,27.28252,0,0,0,270,0,0,0
0,27.29732,0,0,0,270,0,0,0
0,27.32236,0,0,0,270,0,0,0
0,27.32773,0,0,0,270,0,0,0
0,27.3335,0,0,0,270,0,0,0
0,27.33881,0,0,0,270,0,0,0
0,27.34527,0,0,0,270,0,0,0
0,27.35058,0,0,0,270,0,0,0
0,27.35671,0,0,0,270,0,0,0
0,27.36389,0,0,0,270,0,0,0
0,27.36969,0,0,0,270,0,0,0
0,27.37591,0,0,0,270,0,0,0
0,27.38211,0,0,0,270,0,0,0
0,27.38918,0,0,0,270,0,0,0
0,27.39759,0,0,0,270,0,0,0
0,27.40918,0,0,0,270,0,0,0
0,27.41715,0,0,0,270,0,0,0
0,27.42421,0,0,0,270,0,0,0
0,27.43332,0,0,0,270,0,0,0
0,27.44137,0,0,0,270,0,0,0
0,27.44785,0,0,0,270,0,0,0
0,27.4549,0,0,0,270,0,0,0
0,27.46016,0,0,0,270,0,0,0
0,27.46666,0,0,0,270,0,0,0
0,27.4727,0,0,0,270,0,0,0
0,27.47948,0,0,0,270,0,0,0
0,27.48568,0,0,0,270,0,0,0
0,27.49202,0,0,0,270,0,0,0
0,27.49861,0,0,0,270,0,0,0
0,27.50509,0,0,0,270,0,0,0
0,27.5111,0,0,0,270,0,0,0
0,27.51675,0,0,0,270,0,0,0
0,27.52333,0,0,0,270,0,0,0
0,27.53023,0,0,0,270,0,0,0
0,27.53653,0,0,0,270,0,0,0
0,27.54284,0,0,0,270,0,0,0
0,27.54935,0,0,0,270,0,0,0
0,27.55577,0,0,0,270,0,0,0
0,27.56265,0,0,0,270,0,0,0
0,27.56904,0,0,0,270,0,0,0
0,27.5754,0,0,0,270,0,0,0
0,27.58185,0,0,0,270,0,0,0
0,27.58761,0,0,0,270,0,0,0
0,27.59358,0,0,0,270,0,0,0
0,27.60025,0,0,0,270,0,0,0
0,27.60752,0,0,0,270,0,0,0
0,27.61495,0,0,0,270,0,0,0
0,27.62119,0,0,0,270,0,0,0
0,27.62793,0,0,0,270,0,0,0
0,27.63534,0,0,0,270,0,0,0
0,27.64191,0,0,0,270,0,0,0
0,27.64853,0,0,0,270,0,0,0
0,27.65656,0,0,0,270,0,0,0
0,27.66434,0,0,0,270,0,0,0
0,27.67166,0,0,0,270,0,0,0
0,27.67823,0,0,0,270,0,0,0
0,27.68463,0,0,0,270,0,0,0
0,27.69025,0,0,0,270,0,0,0
0,27.69559,0,0,0,270,0,0,0
0,27.70156,0,0,0,270,0,0,0
0,27.70663,0,0,0,270,0,0,0
0,27.71212,0,0,0,270,0,0,0
0,27.71738,0,0,0,270,0,0,0
0,27.72785,0,0,0,270,0,0,0
0,27.73447,0,0,0,270,0,0,0
0,27.73928,0,0,0,270,0,0,0
0,27.74473,0,0,0,270,0,0,0
0,27.75076,0,0,0,270,0,0,0
0,27.75865,0,0,0,270,0,0,0
0,27.77836,0,0,0,270,0,0,0
0,27.78416,0,0,0,270,0,0,0
0,27.78933,0,0,0,270,0,0,0
0,27.79524,0,0,0,270,0,0,0
0,27.80204,0,0,0,270,0,0,0
0,27.80713,0,0,0,270,0,0,0
0,27.81341,0,0,0,270,0,0,0
0,27.81947,0,0,0,270,0,0,0
0,27.82629,0,0,0,270,0,0,0
0,27.83221,0,0,0,270,0,0,0
0,27.83739,0,0,0,270,0,0,0
0,27.84308,0,0,0,270,0,0,0
0,27.84873,0,0,0,270,0,0,0
0,27.85498,0,0,0,270,0,0,0
0,27.86396,0,0,0,270,0,0,0
0,27.87049,0,0,0,270,0,0,0
0,27.876,0,0,0,270,0,0,0
0,27.88088,0,0,0,270,0,0,0
0,27.88593,0,0,0,270,0,0,0
0,27.89132,0,0,0,270,0,0,0
0,27.89571,0,0,0,270,0,0,0
0,27.90087,0,0,0,270,0,0,0
0,27.90562,0,0,0,270,0,0,0
0,27.91067,0,0,0,270,0,0,0
0,27.916,0,0,0,270,0,0,0
0,27.92136,0,0,0,270,0,0,0
0,27.9259,0,0,0,270,0,0,0
0,27.93098,0,0,0,270,0,0,0
0,27.93637,0,0,0,270,0,0,0
0,27.94168,0,0,0,270,0,0,0
0,27.94692,0,0,0,270,0,0,0
0,27.95243,0,0,0,270,0,0,0
0,27.95773,0,0,0,270,0,0,0
0,27.96258,0,0,0,270,0,0,0
0,27.96786,0,0,0,270,0,0,0
0,27.9724,0,0,0,270,0,0,0
0,27.97733,0,0,0,270,0,0,0
0,27.98186,0,0,0,270,0,0,0
0,27.9873,0,0,0,270,0,0,0
0,27.99174,0,0,0,270,0,0,0
0,27.99614,0,0,0,270,0,0,0
0,28.00169,0,0,0,270,0,0,0
0,28.00658,0,0,0,270,0,0,0
0,28.01166,0,0,0,270,0,0,0
0,28.01635,0,0,0,270,0,0,0
0,28.02074,0,0,0,270,0,0,0
0,28.02471,0,0,0,270,0,0,0
0,28.02929,0,0,0,270,0,0,0
0,28.03419,0,0,0,270,0,0,0
0,28.03858,0,0,0,270,0,0,0
0,28.04385,0,0,0,270,0,0,0
0,28.04854,0,0,0,270,0,0,0
0,28.05344,0,0,0,270,0,0,0
0,28.05801,0,0,0,270,0,0,0
0,28.06358,0,0,0,270,0,0,0
0,28.0682,0,0,0,270,0,0,0
0,28.07252,0,0,0,270,0,0,0
0,28.07755,0,0,0,270,0,0,0
0,28.08367,0,0,0,270,0,0,0
0,28.09024,0,0,0,270,0,0,0
0,28.0955,0,0,0,270,0,0,0
0,28.10175,0,0,0,270,0,0,0
0,28.10724,0,0,0,270,0,0,0
0,28.11386,0,0,0,270,0,0,0
0,28.11925,0,0,0,270,0,0,0
0,28.12443,0,0,0,270,0,0,0
0,28.13075,0,0,0,270,0,0,0
0,28.13669,0,0,0,270,0,0,0
0,28.14384,0,0,0,270,0,0,0
0,28.14874,0,0,0,270,0,0,0
0,28.15464,0,0,0,270,0,0,0
0,28.16049,0,0,0,270,0,0,0
0,28.16626,0,0,0,270,0,0,0
0,28.17229,0,0,0,270,0,0,0
0,28.17754,0,0,0,270,0,0,0
0,28.18234,0,0,0,270,0,0,0
0,28.18878,0,0,0,270,0,0,0
0,28.19392,0,0,0,270,0,0,0
0,28.19955,0,0,0,270,0,0,0
0,28.20608,0,0,0,270,0,0,0
0,28.21242,0,0,0,270,0,0,0
0,28.21833,0,0,0,270,0,0,0
0,28.22464,0,0,0,270,0,0,0
0,28.23013,0,0,0,270,0,0,0
0,28.23552,0,0,0,270,0,0,0
0,28.24106,0,0,0,270,0,0,0
0,28.24559,0,0,0,270,0,0,0
0,28.25118,0,0,0,270,0,0,0
0,28.25647,0,0,0,270,0,0,0
0,28.26216,0,0,0,270,0,0,0
0,28.26806,0,0,0,270,0,0,0
0,28.27343,0,0,0,270,0,0,0
0,28.27899,0,0,0,270,0,0,0
0,28.28344,0,0,0,270,0,0,0
0,28.292,0,0,0,270,0,0,0
0,28.29751,0,0,0,270,0,0,0
0,28.30324,0,0,0,270,0,0,0
0,28.30898,0,0,0,270,0,0,0
0,28.31417,0,0,0,270,0,0,0
0,28.31901,0,0,0,270,0,0,0
0,28.32377,0,0,0,270,0,0,0
0,28.32887,0,0,0,270,0,0,0
0,28.33474,0,0,0,270,0,0,0
0,28.33926,0,0,0,270,0,0,0
0,28.34493,0,0,0,270,0,0,0
0,28.34991,0,0,0,270,0,0,0
0,28.35484,0,0,0,270,0,0,0
0,28.35982,0,0,0,270,0,0,0
0,28.36471,0,0,0,270,0,0,0
0,28.36958,0,0,0,270,0,0,0
0,28.37675,0,0,0,270,0,0,0
0,28.38247,0,0,0,270,0,0,0
0,28.38808,0,0,0,270,0,0,0
0,28.39318,0,0,0,270,0,0,0
0,28.39843,0,0,0,270,0,0,0
0,28.4031,0,0,0,270,0,0,0
0,28.40982,0,0,0,270,0,0,0
0,28.41557,0,0,0,270,0,0,0
0,28.42167,0,0,0,270,0,0,0
0,28.42646,0,0,0,270,0,0,0
0,28.43193,0,0,0,270,0,0,0
0,28.43794,0,0,0,270,0,0,0
0,28.44304,0,0,0,270,0,0,0
0,28.44818,0,0,0,270,0,0,0
0,28.45417,0,0,0,270,0,0,0
0,28.45948,0,0,0,270,0,0,0
0,28.46499,0,0,0,270,0,0,0
0,28.47105,0,0,0,270,0,0,0
0,28.47678,0,0,0,270,0,0,0
0,28.48292,0,0,0,270,0,0,0
0,28.48905,0,0,0,270,0,0,0
0,28.49521,0,0,0,270,0,0,0
0,28.50218,0,0,0,270,0,0,0
0,28.50827,0,0,0,270,0,0,0
0,28.51421,0,0,0,270,0,0,0
0,28.52101,0,0,0,270,0,0,0
0,28.52646,0,0,0,270,0,0,0
0,28.53224,0,0,0,270,0,0,0
0,28.53784,0,0,0,270,0,0,0
0,28.54328,0,0,0,270,0,0,0
0,28.55019,0,0,0,270,0,0,0
0,28.55795,0,0,0,270,0,0,0
0,28.56557,0,0,0,270,0,0,0
0,28.57139,0,0,0,270,0,0,0
0,28.57821,0,0,0,270,0,0,0
0,28.58614,0,0,0,270,0,0,0
0,28.59238,0,0,0,270,0,0,0
0,28.59927,0,0,0,270,0,0,0
0,28.60536,0,0,0,270,0,0,0
0,28.61289,0,0,0,270,0,0,0
0,28.62072,0,0,0,270,0,0,0
0,28.62743,0,0,0,270,0,0,0
0,28.63482,0,0,0,270,0,0,0
0,28.64203,0,0,0,270,0,0,0
0,28.64965,0,0,0,270,0,0,0
0,28.65668,0,0,0,270,0,0,0
0,28.66259,0,0,0,270,0,0,0
0,28.66921,0,0,0,270,0,0,0
0,28.67667,0,0,0,270,0,0,0
0,28.68336,0,0,0,270,0,0,0
0,28.69052,0,0,0,270,0,0,0
0,28.6973,0,0,0,270,0,0,0
0,28.70404,0,0,0,270,0,0,0
0,28.71087,0,0,0,270,0,0,0
0,28.71758,0,0,0,270,0,0,0
0,28.72378,0,0,0,270,0,0,0
0,28.72964,0,0,0,270,0,0,0
0,28.73624,0,0,0,270,0,0,0
0,28.74246,0,0,0,270,0,0,0
0,28.74855,0,0,0,270,0,0,0
0,28.75567,0,0,0,270,0,0,0
0,28.76185,0,0,0,270,0,0,0
0,28.76916,0,0,0,270,0,0,0
0,28.77546,0,0,0,270,0,0,0
0,28.78206,0,0,0,270,0,0,0
0,28.78865,0,0,0,270,0,0,0
0,28.7952,0,0,0,270,0,0,0
0,28.80302,0,0,0,270,0,0,0
0,28.81068,0,0,0,270,0,0,0
0,28.81677,0,0,0,270,0,0,0
0,28.82354,0,0,0,270,0,0,0
0,28.83144,0,0,0,270,0,0,0
0,28.83861,0,0,0,270,0,0,0
0,28.847,0,0,0,270,0,0,0
0,28.85435,0,0,0,270,0,0,0
0,28.8612,0,0,0,270,0,0,0
0,28.86758,0,0,0,270,0,0,0
0,28.87285,0,0,0,270,0,0,0
0,28.87873,0,0,0,270,0,0,0
0,28.8836,0,0,0,270,0,0,0
0,28.88938,0,0,0,270,0,0,0
0,28.89528,0,0,0,270,0,0,0
0,28.9012,0,0,0,270,0,0,0
0,28.90679,0,0,0,270,0,0,0
0,28.9125,0,0,0,270,0,0,0
0,28.9175,0,0,0,270,0,0,0
0,28.92443,0,0,0,270,0,0,0
0,28.93457,0,0,0,270,0,0,0
0,28.94044,0,0,0,270,0,0,0
0,28.94558,0,0,0,270,0,0,0
0,28.95036,0,0,0,270,0,0,0
0,28.95713,0,0,0,270,0,0,0
0,28.96279,0,0,0,270,0,0,0
0,28.9693,0,0,0,270,0,0,0
0,28.97589,0,0,0,270,0,0,0
0,28.98206,0,0,0,270,0,0,0
0,28.98839,0,0,0,270,0,0,0
0,28.99483,0,0,0,270,0,0,0
0,29.0015,0,0,0,270,0,0,0
0,29.007,0,0,0,270,0,0,0
0,29.0135,0,0,0,270,0,0,0
0,29.02089,0,0,0,270,0,0,0
0,29.02681,0,0,0,270,0,0,0
0,29.03418,0,0,0,270,0,0,0
0,29.04028,0,0,0,270,0,0,0
0,29.04645,0,0,0,270,0,0,0
0,29.05158,0,0,0,270,0,0,0
0,29.05697,0,0,0,270,0,0,0
0,29.06186,0,0,0,270,0,0,0
0,29.06727,0,0,0,270,0,0,0
0,29.07212,0,0,0,270,0,0,0
0,29.07808,0,0,0,270,0,0,0
0,29.08352,0,0,0,270,0,0,0
0,29.08854,0,0,0,270,0,0,0
0,29.09435,0,0,0,270,0,0,0
0,29.1006,0,0,0,270,0,0,0
0,29.10646,0,0,0,270,0,0,0
0,29.11234,0,0,0,270,0,0,0
0,29.1172,0,0,0,270,0,0,0
0,29.12244,0,0,0,270,0,0,0
0,29.12782,0,0,0,270,0,0,0
0,29.13303,0,0,0,270,0,0,0
0,29.13811,0,0,0,270,0,0,0
0,29.1447,0,0,0,270,0,0,0
0,29.1498,0,0,0,270,0,0,0
0,29.15615,0,0,0,270,0,0,0
0,29.16143,0,0,0,270,0,0,0
0,29.16667,0,0,0,270,0,0,0
0,29.1728,0,0,0,270,0,0,0
0,29.17837,0,0,0,270,0,0,0
0,29.18352,0,0,0,270,0,0,0
0,29.18895,0,0,0,270,0,0,0
0,29.19367,0,0,0,270,0,0,0
0,29.19825,0,0,0,270,0,0,0
0,29.20339,0,0,0,270,0,0,0
0,29.20857,0,0,0,270,0,0,0
0,29.2132,0,0,0,270,0,0,0
0,29.21773,0,0,0,270,0,0,0
0,29.22344,0,0,0,270,0,0,0
0,29.22874,0,0,0,270,0,0,0
0,29.23413,0,0,0,270,0,0,0
0,29.23956,0,0,0,270,0,0,0
0,29.24608,0,0,0,270,0,0,0
0,29.262,0,0,0,270,0,0,0
0,29.28257,0,0,0,270,0,0,0
0,29.29976,0,0,0,270,0,0,0
0,29.30535,0,0,0,270,0,0,0
0,29.31291,0,0,0,270,0,0,0
0,29.31924,0,0,0,270,0,0,0
0,29.33406,0,0,0,270,0,0,0
0,29.34078,0,0,0,270,0,0,0
0,29.34676,0,0,0,270,0,0,0
0,29.35175,0,0,0,270,0,0,0
0,29.35676,0,0,0,270,0,0,0
0,29.36433,0,0,0,270,0,0,0
0,29.36922,0,0,0,270,0,0,0
0,29.37471,0,0,0,270,0,0,0
0,29.38073,0,0,0,270,0,0,0
0,29.38665,0,0,0,270,0,0,0
0,29.39249,0,0,0,270,0,0,0
0,29.40105,0,0,0,270,0,0,0
0,29.4061,0,0,0,270,0,0,0
0,29.41307,0,0,0,270,0,0,0
0,29.41966,0,0,0,270,0,0,0
0,29.4262,0,0,0,270,0,0,0
0,29.43396,0,0,0,270,0,0,0
0,29.43942,0,0,0,270,0,0,0
0,29.44504,0,0,0,270,0,0,0
0,29.44999,0,0,0,270,0,0,0
0,29.45556,0,0,0,270,0,0,0
0,29.46133,0,0,0,270,0,0,0
0,29.46695,0,0,0,270,0,0,0
0,29.4713,0,0,0,270,0,0,0
0,29.47659,0,0,0,270,0,0,0
0,29.4819,0,0,0,270,0,0,0
0,29.48705,0,0,0,270,0,0,0
0,29.49249,0,0,0,270,0,0,0
0,29.49776,0,0,0,270,0,0,0
0,29.50283,0,0,0,270,0,0,0
0,29.50889,0,0,0,270,0,0,0
0,29.51548,0,0,0,270,0,0,0
0,29.52181,0,0,0,270,0,0,0
0,29.52642,0,0,0,270,0,0,0
0,29.53257,0,0,0,270,0,0,0
0,29.53807,0,0,0,270,0,0,0
0,29.544,0,0,0,270,0,0,0
0,29.5573,0,0,0,270,0,0,0
0,29.57265,0,0,0,270,0,0,0
0,29.57852,0,0,0,270,0,0,0
0,29.58357,0,0,0,270,0,0,0
0,29.58906,0,0,0,270,0,0,0
0,29.60375,0,0,0,270,0,0,0
0,29.60996,0,0,0,270,0,0,0
0,29.61537,0,0,0,270,0,0,0
0,29.6206,0,0,0,270,0,0,0
0,29.6252,0,0,0,270,0,0,0
0,29.63068,0,0,0,270,0,0,0
0,29.63551,0,0,0,270,0,0,0
0,29.6403,0,0,0,270,0,0,0
0,29.64622,0,0,0,270,0,0,0
0,29.65129,0,0,0,270,0,0,0
0,29.65817,0,0,0,270,0,0,0
0,29.66754,0,0,0,270,0,0,0
0,29.68117,0,0,0,270,0,0,0
0,29.6903,0,0,0,270,0,0,0
0,29.69774,0,0,0,270,0,0,0
0,29.7042,0,0,0,270,0,0,0
0,29.71025,0,0,0,270,0,0,0
0,29.71589,0,0,0,270,0,0,0
0,29.7225,0,0,0,270,0,0,0
0,29.72758,0,0,0,270,0,0,0
0,29.73288,0,0,0,270,0,0,0
0,29.73857,0,0,0,270,0,0,0
0,29.74401,0,0,0,270,0,0,0
0,29.75488,0,0,0,270,0,0,0
0,29.76281,0,0,0,270,0,0,0
0,29.76888,0,0,0,270,0,0,0
0,29.77528,0,0,0,270,0,0,0
0,29.78165,0,0,0,270,0,0,0
0,29.78839,0,0,0,270,0,0,0
0,29.79467,0,0,0,270,0,0,0
0,29.80558,0,0,0,270,0,0,0
0,29.81253,0,0,0,270,0,0,0
0,29.81944,0,0,0,270,0,0,0
0,29.82784,0,0,0,270,0,0,0
0,29.83577,0,0,0,270,0,0,0
0,29.84176,0,0,0,270,0,0,0
0,29.84982,0,0,0,270,0,0,0
0,29.85731,0,0,0,270,0,0,0
0,29.86756,0,0,0,270,0,0,0
0,29.87511,0,0,0,270,0,0,0
0,29.88274,0,0,0,270,0,0,0
0,29.88934,0,0,0,270,0,0,0
0,29.89876,0,0,0,270,0,0,0
0,29.90802,0,0,0,270,0,0,0
0,29.91634,0,0,0,270,0,0,0
0,29.92191,0,0,0,270,0,0,0
0,29.92747,0,0,0,270,0,0,0
0,29.93385,0,0,0,270,0,0,0
0,29.93959,0,0,0,270,0,0,0
0,29.94546,0,0,0,270,0,0,0
0,29.95075,0,0,0,270,0,0,0
0,29.95688,0,0,0,270,0,0,0
0,29.96201,0,0,0,270,0,0,0
0,29.96762,0,0,0,270,0,0,0
0,29.97372,0,0,0,270,0,0,0
0,29.98012,0,0,0,270,0,0,0
0,29.98677,0,0,0,270,0,0,0
0,29.99364,0,0,0,270,0,0,0
0,30.00057,0,0,0,270,0,0,0
0,30.00647,0,0,0,270,0,0,0
0,30.01407,0,0,0,270,0,0,0
0,30.02178,0,0,0,270,0,0,0
0,30.02851,0,0,0,270,0,0,0
0,30.03502,0,0,0,270,0,0,0
0,30.04171,0,0,0,270,0,0,0
0,30.04778,0,0,0,270,0,0,0
0,30.05458,0,0,0,270,0,0,0
0,30.05939,0,0,0,270,0,0,0
0,30.06522,0,0,0,270,0,0,0
0,30.07045,0,0,0,270,0,0,0
0,30.07571,0,0,0,270,0,0,0
0,30.08136,0,0,0,270,0,0,0
0,30.08722,0,0,0,270,0,0,0
0,30.09305,0,0,0,270,0,0,0
0,30.09851,0,0,0,270,0,0,0
0,30.10348,0,0,0,270,0,0,0
0,30.10955,0,0,0,270,0,0,0
0,30.1151,0,0,0,270,0,0,0
0,30.12735,0,0,0,270,0,0,0
0,30.14621,0,0,0,270,0,0,0
0,30.15729,0,0,0,270,0,0,0
0,30.16753,0,0,0,270,0,0,0
0,30.17744,0,0,0,270,0,0,0
0,30.18677,0,0,0,270,0,0,0
0,30.19844,0,0,0,270,0,0,0
0,30.21044,0,0,0,270,0,0,0
0,30.22095,0,0,0,270,0,0,0
0,30.23223,0,0,0,270,0,0,0
0,30.24358,0,0,0,270,0,0,0
0,30.26128,0,0,0,270,0,0,0
0,30.27132,0,0,0,270,0,0,0
0,30.27988,0,0,0,270,0,0,0
0,30.28825,0,0,0,270,0,0,0
0,30.29786,0,0,0,270,0,0,0
0,30.30907,0,0,0,270,0,0,0
0,30.3182,0,0,0,270,0,0,0
0,30.32622,0,0,0,270,0,0,0
0,30.33732,0,0,0,270,0,0,0
0,30.34645,0,0,0,270,0,0,0
0,30.35633,0,0,0,270,0,0,0
0,30.3659,0,0,0,270,0,0,0
0,30.37351,0,0,0,270,0,0,0
0,30.38132,0,0,0,270,0,0,0
0,30.38949,0,0,0,270,0,0,0
0,30.39843,0,0,0,270,0,0,0
0,30.40665,0,0,0,270,0,0,0
0,30.41568,0,0,0,270,0,0,0
0,30.42478,0,0,0,270,0,0,0
0,30.43288,0,0,0,270,0,0,0
0,30.44176,0,0,0,270,0,0,0
0,30.45069,0,0,0,270,0,0,0
0,30.45924,0,0,0,270,0,0,0
0,30.46717,0,0,0,270,0,0,0
0,30.47531,0,0,0,270,0,0,0
0,30.48485,0,0,0,270,0,0,0
0,30.49376,0,0,0,270,0,0,0
0,30.5028,0,0,0,270,0,0,0
0,30.5103,0,0,0,270,0,0,0
0,30.52011,0,0,0,270,0,0,0
0,30.52968,0,0,0,270,0,0,0
0,30.53879,0,0,0,270,0,0,0
0,30.54774,0,0,0,270,0,0,0
0,30.55565,0,0,0,270,0,0,0
0,30.56381,0,0,0,270,0,0,0
0,30.57153,0,0,0,270,0,0,0
0,30.57988,0,0,0,270,0,0,0
0,30.58737,0,0,0,270,0,0,0
0,30.59509,0,0,0,270,0,0,0
0,30.60337,0,0,0,270,0,0,0
0,30.6119,0,0,0,270,0,0,0
0,30.61966,0,0,0,270,0,0,0
0,30.62755,0,0,0,270,0,0,0
0,30.63509,0,0,0,270,0,0,0
0,30.64338,0,0,0,270,0,0,0
0,30.65057,0,0,0,270,0,0,0
0,30.65984,0,0,0,270,0,0,0
0,30.66816,0,0,0,270,0,0,0
0,30.6775,0,0,0,270,0,0,0
0,30.68625,0,0,0,270,0,0,0
0,30.6946,0,0,0,270,0,0,0
0,30.70344,0,0,0,270,0,0,0
0,30.71212,0,0,0,270,0,0,0
0,30.72097,0,0,0,270,0,0,0
0,30.7309,0,0,0,270,0,0,0
0,30.7407,0,0,0,270,0,0,0
0,30.74926,0,0,0,270,0,0,0
0,30.75798,0,0,0,270,0,0,0
0,30.76576,0,0,0,270,0,0,0
0,30.7737,0,0,0,270,0,0,0
0,30.78263,0,0,0,270,0,0,0
0,30.7908,0,0,0,270,0,0,0
0,30.80368,0,0,0,270,0,0,0
0,30.81322,0,0,0,270,0,0,0
0,30.82254,0,0,0,270,0,0,0
0,30.8304,0,0,0,270,0,0,0
0,30.83773,0,0,0,270,0,0,0
0,30.84629,0,0,0,270,0,0,0
0,30.85536,0,0,0,270,0,0,0
0,30.8652,0,0,0,270,0,0,0
0,30.87513,0,0,0,270,0,0,0
0,30.88492,0,0,0,270,0,0,0
0,30.89536,0,0,0,270,0,0,0
0,30.90495,0,0,0,270,0,0,0
0,30.91546,0,0,0,270,0,0,0
0,30.92656,0,0,0,270,0,0,0
0,30.93677,0,0,0,270,0,0,0
0,30.94623,0,0,0,270,0,0,0
0,30.95779,0,0,0,270,0,0,0
0,30.96855,0,0,0,270,0,0,0
0,30.97874,0,0,0,270,0,0,0
0,30.99076,0,0,0,270,0,0,0
0,31.00255,0,0,0,270,0,0,0
0,31.01437,0,0,0,270,0,0,0
0,31.02676,0,0,0,270,0,0,0
0,31.03895,0,0,0,270,0,0,0
0,31.05065,0,0,0,270,0,0,0
0,31.06371,0,0,0,270,0,0,0
0,31.07368,0,0,0,270,0,0,0
0,31.08485,0,0,0,270,0,0,0
0,31.09616,0,0,0,270,0,0,0
0,31.10702,0,0,0,270,0,0,0
0,31.11825,0,0,0,270,0,0,0
0,31.13152,0,0,0,270,0,0,0
0,31.14989,0,0,0,270,0,0,0
0,31.16464,0,0,0,270,0,0,0
0,31.17995,0,0,0,270,0,0,0
0,31.19407,0,0,0,270,0,0,0
0,31.20903,0,0,0,270,0,0,0
0,31.22734,0,0,0,270,0,0,0
0,31.25196,0,0,0,270,0,0,0
0,31.26565,0,0,0,270,0,0,0
0,31.28152,0,0,0,270,0,0,0
0,31.29987,0,0,0,270,0,0,0
0,31.31491,0,0,0,270,0,0,0
0,31.32724,0,0,0,270,0,0,0
0,31.34059,0,0,0,270,0,0,0
0,31.35789,0,0,0,270,0,0,0
0,31.37301,0,0,0,270,0,0,0
0,31.38505,0,0,0,270,0,0,0
0,31.39942,0,0,0,270,0,0,0
0,31.4113,0,0,0,270,0,0,0
0,31.42599,0,0,0,270,0,0,0
0,31.44006,0,0,0,270,0,0,0
0,31.45357,0,0,0,270,0,0,0
0,31.46579,0,0,0,270,0,0,0
0,31.47799,0,0,0,270,0,0,0
0,31.48867,0,0,0,270,0,0,0
0,31.49773,0,0,0,270,0,0,0
0,31.50621,0,0,0,270,0,0,0
0,31.51732,0,0,0,270,0,0,0
0,31.52709,0,0,0,270,0,0,0
0,31.54107,0,0,0,270,0,0,0
0,31.55335,0,0,0,270,0,0,0
0,31.56234,0,0,0,270,0,0,0
0,31.57069,0,0,0,270,0,0,0
0,31.58076,0,0,0,270,0,0,0
0,31.58961,0,0,0,270,0,0,0
0,31.60145,0,0,0,270,0,0,0
0,31.61187,0,0,0,270,0,0,0
0,31.62148,0,0,0,270,0,0,0
0,31.63083,0,0,0,270,0,0,0
0,31.63897,0,0,0,270,0,0,0
0,31.64966,0,0,0,270,0,0,0
0,31.66047,0,0,0,270,0,0,0
0,31.6706,0,0,0,270,0,0,0
0,31.68142,0,0,0,270,0,0,0
0,31.68943,0,0,0,270,0,0,0
0,31.69749,0,0,0,270,0,0,0
0,31.7051,0,0,0,270,0,0,0
0,31.71498,0,0,0,270,0,0,0
0,31.72397,0,0,0,270,0,0,0
0,31.7336,0,0,0,270,0,0,0
0,31.74303,0,0,0,270,0,0,0
0,31.75287,0,0,0,270,0,0,0
0,31.76092,0,0,0,270,0,0,0
0,31.76981,0,0,0,270,0,0,0
0,31.77933,0,0,0,270,0,0,0
0,31.78732,0,0,0,270,0,0,0
0,31.79799,0,0,0,270,0,0,0
0,31.80576,0,0,0,270,0,0,0
0,31.81514,0,0,0,270,0,0,0
0,31.82351,0,0,0,270,0,0,0
0,31.83272,0,0,0,270,0,0,0
0,31.84053,0,0,0,270,0,0,0
0,31.84909,0,0,0,270,0,0,0
0,31.85757,0,0,0,270,0,0,0
0,31.86655,0,0,0,270,0,0,0
0,31.87521,0,0,0,270,0,0,0
0,31.88444,0,0,0,270,0,0,0
0,31.89322,0,0,0,270,0,0,0
0,31.90088,0,0,0,270,0,0,0
0,31.90956,0,0,0,270,0,0,0
0,31.91695,0,0,0,270,0,0,0
0,31.92491,0,0,0,270,0,0,0
0,31.9336,0,0,0,270,0,0,0
0,31.94347,0,0,0,270,0,0,0
0,31.95413,0,0,0,270,0,0,0
0,31.96552,0,0,0,270,0,0,0
0,31.98331,0,0,0,270,0,0,0
0,31.99404,0,0,0,270,0,0,0
0,32.00483,0,0,0,270,0,0,0
0,32.01506,0,0,0,270,0,0,0
0,32.02409,0,0,0,270,0,0,0
0,32.03474,0,0,0,270,0,0,0
0,32.04758,0,0,0,270,0,0,0
0,32.05737,0,0,0,270,0,0,0
0,32.07187,0,0,0,270,0,0,0
0,32.08823,0,0,0,270,0,0,0
0,32.10308,0,0,0,270,0,0,0
0,32.11637,0,0,0,270,0,0,0
0,32.12693,0,0,0,270,0,0,0
0,32.14482,0,0,0,270,0,0,0
0,32.15772,0,0,0,270,0,0,0
0,32.17014,0,0,0,270,0,0,0
0,32.18202,0,0,0,270,0,0,0
0,32.19342,0,0,0,270,0,0,0
0,32.20354,0,0,0,270,0,0,0
0,32.21598,0,0,0,270,0,0,0
0,32.22714,0,0,0,270,0,0,0
0,32.24007,0,0,0,270,0,0,0
0,32.25175,0,0,0,270,0,0,0
0,32.26569,0,0,0,270,0,0,0
0,32.27961,0,0,0,270,0,0,0
0,32.29235,0,0,0,270,0,0,0
0,32.30384,0,0,0,270,0,0,0
0,32.31482,0,0,0,270,0,0,0
0,32.32605,0,0,0,270,0,0,0
0,32.33783,0,0,0,270,0,0,0
0,32.35155,0,0,0,270,0,0,0
0,32.36234,0,0,0,270,0,0,0
0,32.37438,0,0,0,270,0,0,0
0,32.38948,0,0,0,270,0,0,0
0,32.41686,0,0,0,270,0,0,0
0,32.43299,0,0,0,270,0,0,0
0,32.44484,0,0,0,270,0,0,0
0,32.46052,0,0,0,270,0,0,0
0,32.47144,0,0,0,270,0,0,0
0,32.48742,0,0,0,270,0,0,0
0,32.50115,0,0,0,270,0,0,0
0,32.51369,0,0,0,270,0,0,0
0,32.52375,0,0,0,270,0,0,0
0,32.53473,0,0,0,270,0,0,0
0,32.54509,0,0,0,270,0,0,0
0,32.55589,0,0,0,270,0,0,0
0,32.56668,0,0,0,270,0,0,0
0,32.57768,0,0,0,270,0,0,0
0,32.58862,0,0,0,270,0,0,0
0,32.59904,0,0,0,270,0,0,0
0,32.60778,0,0,0,270,0,0,0
0,32.61684,0,0,0,270,0,0,0
0,32.62776,0,0,0,270,0,0,0
0,32.63815,0,0,0,270,0,0,0
0,32.64736,0,0,0,270,0,0,0
0,32.65651,0,0,0,270,0,0,0
0,32.66655,0,0,0,270,0,0,0
0,32.67596,0,0,0,270,0,0,0
0,32.68499,0,0,0,270,0,0,0
0,32.69474,0,0,0,270,0,0,0
0,32.7065,0,0,0,270,0,0,0
0,32.71642,0,0,0,270,0,0,0
0,32.72849,0,0,0,270,0,0,0
0,32.74135,0,0,0,270,0,0,0
0,32.75337,0,0,0,270,0,0,0
0,32.76664,0,0,0,270,0,0,0
0,32.78088,0,0,0,270,0,0,0
0,32.80238,0,0,0,270,0,0,0
0,32.8256,0,0,0,270,0,0,0
0,32.83817,0,0,0,270,0,0,0
0,32.84872,0,0,0,270,0,0,0
0,32.86167,0,0,0,270,0,0,0
0,32.88175,0,0,0,270,0,0,0
0,32.90056,0,0,0,270,0,0,0
0,32.91784,0,0,0,270,0,0,0
0,32.92834,0,0,0,270,0,0,0
0,32.9392,0,0,0,270,0,0,0
0,32.94939,0,0,0,270,0,0,0
0,32.96106,0,0,0,270,0,0,0
0,32.97292,0,0,0,270,0,0,0
0,32.98314,0,0,0,270,0,0,0
0,32.99418,0,0,0,270,0,0,0
0,33.00657,0,0,0,270,0,0,0
0,33.0181,0,0,0,270,0,0,0
0,33.02779,0,0,0,270,0,0,0
0,33.03801,0,0,0,270,0,0,0
0,33.04758,0,0,0,270,0,0,0
0,33.05792,0,0,0,270,0,0,0
0,33.06754,0,0,0,270,0,0,0
0,33.07643,0,0,0,270,0,0,0
0,33.08601,0,0,0,270,0,0,0
0,33.09604,0,0,0,270,0,0,0
0,33.10559,0,0,0,270,0,0,0
0,33.11655,0,0,0,270,0,0,0
0,33.12728,0,0,0,270,0,0,0
0,33.1396,0,0,0,270,0,0,0
0,33.15037,0,0,0,270,0,0,0
0,33.16486,0,0,0,270,0,0,0
0,33.1853,0,0,0,270,0,0,0
0,33.20765,0,0,0,270,0,0,0
0,33.23954,0,0,0,270,0,0,0
0,33.25232,0,0,0,270,0,0,0
0,33.2668,0,0,0,270,0,0,0
0,33.2879,0,0,0,270,0,0,0
0,33.3047,0,0,0,270,0,0,0
0,33.32022,0,0,0,270,0,0,0
0,33.33104,0,0,0,270,0,0,0
0,33.34419,0,0,0,270,0,0,0
0,33.35727,0,0,0,270,0,0,0
0,33.3717,0,0,0,270,0,0,0
0,33.38381,0,0,0,270,0,0,0
0,33.39709,0,0,0,270,0,0,0
0,33.40982,0,0,0,270,0,0,0
0,33.42118,0,0,0,270,0,0,0
0,33.43423,0,0,0,270,0,0,0
0,33.44701,0,0,0,270,0,0,0
0,33.45875,0,0,0,270,0,0,0
0,33.47159,0,0,0,270,0,0,0
0,33.4833,0,0,0,270,0,0,0
0,33.49539,0,0,0,270,0,0,0
0,33.5098,0,0,0,270,0,0,0
0,33.52262,0,0,0,270,0,0,0
0,33.53688,0,0,0,270,0,0,0
0,33.5498,0,0,0,270,0,0,0
0,33.56213,0,0,0,270,0,0,0
0,33.57549,0,0,0,270,0,0,0
0,33.58898,0,0,0,270,0,0,0
0,33.60356,0,0,0,270,0,0,0
0,33.6165,0,0,0,270,0,0,0
0,33.62917,0,0,0,270,0,0,0
0,33.64191,0,0,0,270,0,0,0
0,33.65142,0,0,0,270,0,0,0
0,33.66171,0,0,0,270,0,0,0
0,33.67405,0,0,0,270,0,0,0
0,33.68484,0,0,0,270,0,0,0
0,33.69664,0,0,0,270,0,0,0
0,33.71534,0,0,0,270,0,0,0
0,33.72869,0,0,0,270,0,0,0
0,33.74185,0,0,0,270,0,0,0
0,33.75978,0,0,0,270,0,0,0
0,33.77669,0,0,0,270,0,0,0
0,33.79271,0,0,0,270,0,0,0
0,33.80751,0,0,0,270,0,0,0
0,33.81974,0,0,0,270,0,0,0
0,33.83281,0,0,0,270,0,0,0
0,33.84943,0,0,0,270,0,0,0
0,33.86533,0,0,0,270,0,0,0
0,33.87948,0,0,0,270,0,0,0
0,33.88917,0,0,0,270,0,0,0
0,33.89904,0,0,0,270,0,0,0
0,33.90968,0,0,0,270,0,0,0
0,33.92036,0,0,0,270,0,0,0
0,33.93161,0,0,0,270,0,0,0
0,33.94383,0,0,0,270,0,0,0
0,33.95517,0,0,0,270,0,0,0
0,33.96614,0,0,0,270,0,0,0
0,33.97912,0,0,0,270,0,0,0
0,33.99207,0,0,0,270,0,0,0
0,34.00437,0,0,0,270,0,0,0
0,34.0176,0,0,0,270,0,0,0
0,34.03,0,0,0,270,0,0,0
0,34.04178,0,0,0,270,0,0,0
0,34.05455,0,0,0,270,0,0,0
0,34.06756,0,0,0,270,0,0,0
0,34.07939,0,0,0,270,0,0,0
0,34.09263,0,0,0,270,0,0,0
0,34.10364,0,0,0,270,0,0,0
0,34.11691,0,0,0,270,0,0,0
0,34.13218,0,0,0,270,0,0,0
0,34.15134,0,0,0,270,0,0,0
0,34.16859,0,0,0,270,0,0,0
0,34.18084,0,0,0,270,0,0,0
0,34.19438,0,0,0,270,0,0,0
0,34.2093,0,0,0,270,0,0,0
0,34.22426,0,0,0,270,0,0,0
0,34.23539,0,0,0,270,0,0,0
0,34.24876,0,0,0,270,0,0,0
0,34.25974,0,0,0,270,0,0,0
0,34.272,0,0,0,270,0,0,0
0,34.28402,0,0,0,270,0,0,0
0,34.29555,0,0,0,270,0,0,0
0,34.30623,0,0,0,270,0,0,0
0,34.32044,0,0,0,270,0,0,0
0,34.33341,0,0,0,270,0,0,0
0,34.34555,0,0,0,270,0,0,0
0,34.35629,0,0,0,270,0,0,0
0,34.36716,0,0,0,270,0,0,0
0,34.37898,0,0,0,270,0,0,0
0,34.39034,0,0,0,270,0,0,0
0,34.40137,0,0,0,270,0,0,0
0,34.41411,0,0,0,270,0,0,0
0,34.42741,0,0,0,270,0,0,0
0,34.43913,0,0,0,270,0,0,0
0,34.45304,0,0,0,270,0,0,0
0,34.46442,0,0,0,270,0,0,0
0,34.47628,0,0,0,270,0,0,0
0,34.48867,0,0,0,270,0,0,0
0,34.49996,0,0,0,270,0,0,0
0,34.51586,0,0,0,270,0,0,0
0,34.52836,0,0,0,270,0,0,0
0,34.54381,0,0,0,270,0,0,0
0,34.55619,0,0,0,270,0,0,0
0,34.57164,0,0,0,270,0,0,0
0,34.58371,0,0,0,270,0,0,0
0,34.59975,0,0,0,270,0,0,0
0,34.61209,0,0,0,270,0,0,0
0,34.62314,0,0,0,270,0,0,0
0,34.63557,0,0,0,270,0,0,0
0,34.64822,0,0,0,270,0,0,0
0,34.67109,0,0,0,270,0,0,0
0,34.68626,0,0,0,270,0,0,0
0,34.70344,0,0,0,270,0,0,0
0,34.71494,0,0,0,270,0,0,0
0,34.72533,0,0,0,270,0,0,0
0,34.73621,0,0,0,270,0,0,0
0,34.74892,0,0,0,270,0,0,0
0,34.76269,0,0,0,270,0,0,0
0,34.77454,0,0,0,270,0,0,0
0,34.78818,0,0,0,270,0,0,0
0,34.79939,0,0,0,270,0,0,0
0,34.81017,0,0,0,270,0,0,0
0,34.82262,0,0,0,270,0,0,0
0,34.83392,0,0,0,270,0,0,0
0,34.84507,0,0,0,270,0,0,0
0,34.85457,0,0,0,270,0,0,0
0,34.86483,0,0,0,270,0,0,0
0,34.87487,0,0,0,270,0,0,0
0,34.8845,0,0,0,270,0,0,0
0,34.89513,0,0,0,270,0,0,0
0,34.90472,0,0,0,270,0,0,0
0,34.91396,0,0,0,270,0,0,0
0,34.92497,0,0,0,270,0,0,0
0,34.93599,0,0,0,270,0,0,0
0,34.948,0,0,0,270,0,0,0
0,34.95888,0,0,0,270,0,0,0
0,34.9706,0,0,0,270,0,0,0
0,34.98074,0,0,0,270,0,0,0
0,34.99182,0,0,0,270,0,0,0
0,35.00327,0,0,0,270,0,0,0
0,35.01398,0,0,0,270,0,0,0
0,35.02882,0,0,0,270,0,0,0
0,35.04171,0,0,0,270,0,0,0
0,35.05333,0,0,0,270,0,0,0
0,35.0642,0,0,0,270,0,0,0
0,35.0746,0,0,0,270,0,0,0
0,35.08857,0,0,0,270,0,0,0
0,35.10305,0,0,0,270,0,0,0
0,35.11533,0,0,0,270,0,0,0
0,35.129,0,0,0,270,0,0,0
0,35.1447,0,0,0,270,0,0,0
0,35.15933,0,0,0,270,0,0,0
0,35.17209,0,0,0,270,0,0,0
0,35.1834,0,0,0,270,0,0,0
0,35.19423,0,0,0,270,0,0,0
0,35.20604,0,0,0,270,0,0,0
0,35.21573,0,0,0,270,0,0,0
0,35.2319,0,0,0,270,0,0,0
0,35.24409,0,0,0,270,0,0,0
0,35.26244,0,0,0,270,0,0,0
0,35.278,0,0,0,270,0,0,0
0,35.30479,0,0,0,270,0,0,0
0,35.31877,0,0,0,270,0,0,0
0,35.33025,0,0,0,270,0,0,0
0,35.34208,0,0,0,270,0,0,0
0,35.35415,0,0,0,270,0,0,0
0,35.36502,0,0,0,270,0,0,0
0,35.37598,0,0,0,270,0,0,0
0,35.38852,0,0,0,270,0,0,0
0,35.4004,0,0,0,270,0,0,0
0,35.41383,0,0,0,270,0,0,0
0,35.42738,0,0,0,270,0,0,0
0,35.44139,0,0,0,270,0,0,0
0,35.45304,0,0,0,270,0,0,0
0,35.46178,0,0,0,270,0,0,0
0,35.47158,0,0,0,270,0,0,0
0,35.48024,0,0,0,270,0,0,0
0,35.49079,0,0,0,270,0,0,0
0,35.50086,0,0,0,270,0,0,0
0,35.51253,0,0,0,270,0,0,0
0,35.52344,0,0,0,270,0,0,0
0,35.53487,0,0,0,270,0,0,0
0,35.54561,0,0,0,270,0,0,0
0,35.56571,0,0,0,270,0,0,0
0,35.58105,0,0,0,270,0,0,0
0,35.59496,0,0,0,270,0,0,0
0,35.60671,0,0,0,270,0,0,0
0,35.621,0,0,0,270,0,0,0
0,35.63567,0,0,0,270,0,0,0
0,35.64903,0,0,0,270,0,0,0
0,35.66294,0,0,0,270,0,0,0
0,35.67753,0,0,0,270,0,0,0
0,35.69004,0,0,0,270,0,0,0
0,35.70182,0,0,0,270,0,0,0
0,35.71056,0,0,0,270,0,0,0
0,35.72056,0,0,0,270,0,0,0
0,35.72914,0,0,0,270,0,0,0
0,35.73879,0,0,0,270,0,0,0
0,35.74963,0,0,0,270,0,0,0
0,35.76024,0,0,0,270,0,0,0
0,35.7712,0,0,0,270,0,0,0
0,35.78192,0,0,0,270,0,0,0
0,35.79272,0,0,0,270,0,0,0
0,35.8053,0,0,0,270,0,0,0
0,35.81752,0,0,0,270,0,0,0
0,35.82983,0,0,0,270,0,0,0
0,35.84235,0,0,0,270,0,0,0
0,35.85402,0,0,0,270,0,0,0
0,35.86546,0,0,0,270,0,0,0
0,35.87647,0,0,0,270,0,0,0
0,35.88843,0,0,0,270,0,0,0
0,35.89962,0,0,0,270,0,0,0
0,35.91164,0,0,0,270,0,0,0
0,35.94088,0,0,0,270,0,0,0
0,35.95712,0,0,0,270,0,0,0
0,35.9756,0,0,0,270,0,0,0
0,35.99079,0,0,0,270,0,0,0
0,36.00554,0,0,0,270,0,0,0
0,36.01699,0,0,0,270,0,0,0
0,36.02975,0,0,0,270,0,0,0
0,36.04057,0,0,0,270,0,0,0
0,36.0532,0,0,0,270,0,0,0
0,36.06414,0,0,0,270,0,0,0
0,36.08187,0,0,0,270,0,0,0
0,36.09585,0,0,0,270,0,0,0
0,36.11028,0,0,0,270,0,0,0
0,36.12499,0,0,0,270,0,0,0
0,36.13785,0,0,0,270,0,0,0
0,36.15502,0,0,0,270,0,0,0
0,36.16828,0,0,0,270,0,0,0
0,36.17921,0,0,0,270,0,0,0
0,36.18948,0,0,0,270,0,0,0
0,36.19963,0,0,0,270,0,0,0
0,36.21252,0,0,0,270,0,0,0
0,36.22382,0,0,0,270,0,0,0
0,36.23521,0,0,0,270,0,0,0
0,36.24619,0,0,0,270,0,0,0
0,36.25761,0,0,0,270,0,0,0
0,36.2762,0,0,0,270,0,0,0
0,36.28577,0,0,0,270,0,0,0
0,36.29713,0,0,0,270,0,0,0
0,36.30913,0,0,0,270,0,0,0
0,36.31919,0,0,0,270,0,0,0
0,36.334,0,0,0,270,0,0,0
0,36.34726,0,0,0,270,0,0,0
0,36.35979,0,0,0,270,0,0,0
0,36.37587,0,0,0,270,0,0,0
0,36.3862,0,0,0,270,0,0,0
0,36.39824,0,0,0,270,0,0,0
0,36.41233,0,0,0,270,0,0,0
0,36.43242,0,0,0,270,0,0,0
0,36.44728,0,0,0,270,0,0,0
0,36.46462,0,0,0,270,0,0,0
0,36.47551,0,0,0,270,0,0,0
0,36.48652,0,0,0,270,0,0,0
0,36.4981,0,0,0,270,0,0,0
0,36.50862,0,0,0,270,0,0,0
0,36.52154,0,0,0,270,0,0,0
0,36.53463,0,0,0,270,0,0,0
0,36.54571,0,0,0,270,0,0,0
0,36.55704,0,0,0,270,0,0,0
0,36.56975,0,0,0,270,0,0,0
0,36.58237,0,0,0,270,0,0,0
0,36.59478,0,0,0,270,0,0,0
0,36.60607,0,0,0,270,0,0,0
0,36.6167,0,0,0,270,0,0,0
0,36.62694,0,0,0,270,0,0,0
0,36.6368,0,0,0,270,0,0,0
0,36.65112,0,0,0,270,0,0,0
0,36.67675,0,0,0,270,0,0,0
0,36.68228,0,0,0,270,0,0,0
0,36.68892,0,0,0,270,0,0,0
0,36.69452,0,0,0,270,0,0,0
0,36.70063,0,0,0,270,0,0,0
0,36.70683,0,0,0,270,0,0,0
0,36.71354,0,0,0,270,0,0,0
0,36.72015,0,0,0,270,0,0,0
0,36.72574,0,0,0,270,0,0,0
0,36.7325,0,0,0,270,0,0,0
0,36.73827,0,0,0,270,0,0,0
0,36.74382,0,0,0,270,0,0,0
0,36.74919,0,0,0,270,0,0,0
0,36.75445,0,0,0,270,0,0,0
0,36.7608,0,0,0,270,0,0,0
0,36.76812,0,0,0,270,0,0,0
0,36.77514,0,0,0,270,0,0,0
0,36.78131,0,0,0,270,0,0,0
0,36.7875,0,0,0,270,0,0,0
0,36.79429,0,0,0,270,0,0,0
0,36.80067,0,0,0,270,0,0,0
0,36.80684,0,0,0,270,0,0,0
0,36.81301,0,0,0,270,0,0,0
0,36.81861,0,0,0,270,0,0,0
0,36.82408,0,0,0,270,0,0,0
0,36.83106,0,0,0,270,0,0,0
0,36.83637,0,0,0,270,0,0,0
0,36.84982,0,0,0,270,0,0,0
0,36.85548,0,0,0,270,0,0,0
0,36.86187,0,0,0,270,0,0,0
0,36.86781,0,0,0,270,0,0,0
0,36.8786,0,0,0,270,0,0,0
0,36.89768,0,0,0,270,0,0,0
0,36.90385,0,0,0,270,0,0,0
0,36.91051,0,0,0,270,0,0,0
0,36.91629,0,0,0,270,0,0,0
0,36.92167,0,0,0,270,0,0,0
0,36.9278,0,0,0,270,0,0,0
0,36.9336,0,0,0,270,0,0,0
0,36.9401,0,0,0,270,0,0,0
0,36.9459,0,0,0,270,0,0,0
0,36.95137,0,0,0,270,0,0,0
0,36.95875,0,0,0,270,0,0,0
0,36.96549,0,0,0,270,0,0,0
0,36.97144,0,0,0,270,0,0,0
0,36.97817,0,0,0,270,0,0,0
0,36.98442,0,0,0,270,0,0,0
0,36.99113,0,0,0,270,0,0,0
0,36.99803,0,0,0,270,0,0,0
0,37.00402,0,0,0,270,0,0,0
0,37.01003,0,0,0,270,0,0,0
0,37.01598,0,0,0,270,0,0,0
0,37.0265,0,0,0,270,0,0,0
0,37.05479,0,0,0,270,0,0,0
0,37.07745,0,0,0,270,0,0,0
0,37.09993,0,0,0,270,0,0,0
0,37.1066,0,0,0,270,0,0,0
0,37.11524,0,0,0,270,0,0,0
0,37.13549,0,0,0,270,0,0,0
0,37.14729,0,0,0,270,0,0,0
0,37.15852,0,0,0,270,0,0,0
0,37.1678,0,0,0,270,0,0,0
0,37.17678,0,0,0,270,0,0,0
0,37.18496,0,0,0,270,0,0,0
0,37.19206,0,0,0,270,0,0,0
0,37.19977,0,0,0,270,0,0,0
0,37.20681,0,0,0,270,0,0,0
0,37.22348,0,0,0,270,0,0,0
0,37.23024,0,0,0,270,0,0,0
0,37.238,0,0,0,270,0,0,0
0,37.25901,0,0,0,270,0,0,0
0,37.26966,0,0,0,270,0,0,0
0,37.27629,0,0,0,270,0,0,0
0,37.29026,0,0,0,270,0,0,0
0,37.30407,0,0,0,270,0,0,0
0,37.32372,0,0,0,270,0,0,0
0,37.33128,0,0,0,270,0,0,0
0,37.34868,0,0,0,270,0,0,0
0,37.36738,0,0,0,270,0,0,0
0,37.37829,0,0,0,270,0,0,0
0,37.38705,0,0,0,270,0,0,0
0,37.39389,0,0,0,270,0,0,0
0,37.40007,0,0,0,270,0,0,0
0,37.40583,0,0,0,270,0,0,0
0,37.4163,0,0,0,270,0,0,0
0,37.42672,0,0,0,270,0,0,0
0,37.43601,0,0,0,270,0,0,0
0,37.44361,0,0,0,270,0,0,0
0,37.44989,0,0,0,270,0,0,0
0,37.45856,0,0,0,270,0,0,0
0,37.46569,0,0,0,270,0,0,0
0,37.47285,0,0,0,270,0,0,0
0,37.48046,0,0,0,270,0,0,0
0,37.48845,0,0,0,270,0,0,0
0,37.4947,0,0,0,270,0,0,0
0,37.50221,0,0,0,270,0,0,0
0,37.50887,0,0,0,270,0,0,0
0,37.5149,0,0,0,270,0,0,0
0,37.52226,0,0,0,270,0,0,0
0,37.52851,0,0,0,270,0,0,0
0,37.53543,0,0,0,270,0,0,0
0,37.54243,0,0,0,270,0,0,0
0,37.54949,0,0,0,270,0,0,0
0,37.55684,0,0,0,270,0,0,0
0,37.56438,0,0,0,270,0,0,0
0,37.57083,0,0,0,270,0,0,0
0,37.57713,0,0,0,270,0,0,0
0,37.5836,0,0,0,270,0,0,0
0,37.59078,0,0,0,270,0,0,0
0,37.59751,0,0,0,270,0,0,0
0,37.6046,0,0,0,270,0,0,0
0,37.61221,0,0,0,270,0,0,0
0,37.61845,0,0,0,270,0,0,0
0,37.62558,0,0,0,270,0,0,0
0,37.63218,0,0,0,270,0,0,0
0,37.63778,0,0,0,270,0,0,0
0,37.64383,0,0,0,270,0,0,0
0,37.64985,0,0,0,270,0,0,0
0,37.6567,0,0,0,270,0,0,0
0,37.66262,0,0,0,270,0,0,0
0,37.6683,0,0,0,270,0,0,0
0,37.67402,0,0,0,270,0,0,0
0,37.68344,0,0,0,270,0,0,0
0,37.69652,0,0,0,270,0,0,0
0,37.7037,0,0,0,270,0,0,0
0,37.71181,0,0,0,270,0,0,0
0,37.71951,0,0,0,270,0,0,0
0,37.72538,0,0,0,270,0,0,0
0,37.73114,0,0,0,270,0,0,0
0,37.73706,0,0,0,270,0,0,0
0,37.74364,0,0,0,270,0,0,0
0,37.7494,0,0,0,270,0,0,0
0,37.75451,0,0,0,270,0,0,0
0,37.75973,0,0,0,270,0,0,0
0,37.76654,0,0,0,270,0,0,0
0,37.77265,0,0,0,270,0,0,0
0,37.77896,0,0,0,270,0,0,0
0,37.78471,0,0,0,270,0,0,0
0,37.79057,0,0,0,270,0,0,0
0,37.79781,0,0,0,270,0,0,0
0,37.80381,0,0,0,270,0,0,0
0,37.81052,0,0,0,270,0,0,0
0,37.81609,0,0,0,270,0,0,0
0,37.82243,0,0,0,270,0,0,0
0,37.82892,0,0,0,270,0,0,0
0,37.8348,0,0,0,270,0,0,0
0,37.84044,0,0,0,270,0,0,0
0,37.84594,0,0,0,270,0,0,0
0,37.85163,0,0,0,270,0,0,0
0,37.85833,0,0,0,270,0,0,0
0,37.86537,0,0,0,270,0,0,0
0,37.87164,0,0,0,270,0,0,0
0,37.87735,0,0,0,270,0,0,0
0,37.88416,0,0,0,270,0,0,0
0,37.89207,0,0,0,270,0,0,0
0,37.89895,0,0,0,270,0,0,0
0,37.90437,0,0,0,270,0,0,0
0,37.91002,0,0,0,270,0,0,0
0,37.91644,0,0,0,270,0,0,0
0,37.92289,0,0,0,270,0,0,0
0,37.929,0,0,0,270,0,0,0
0,37.93484,0,0,0,270,0,0,0
0,37.93947,0,0,0,270,0,0,0
0,37.94514,0,0,0,270,0,0,0
0,37.95019,0,0,0,270,0,0,0
0,37.95597,0,0,0,270,0,0,0
0,37.96074,0,0,0,270,0,0,0
0,37.96558,0,0,0,270,0,0,0
0,37.96992,0,0,0,270,0,0,0
0,37.97617,0,0,0,270,0,0,0
0,37.98187,0,0,0,270,0,0,0
0,37.98751,0,0,0,270,0,0,0
0,37.99327,0,0,0,270,0,0,0
0,37.99876,0,0,0,270,0,0,0
0,38.00372,0,0,0,270,0,0,0
0,38.0088,0,0,0,270,0,0,0
0,38.01381,0,0,0,270,0,0,0
0,38.01927,0,0,0,270,0,0,0
0,38.02406,0,0,0,270,0,0,0
0,38.02909,0,0,0,270,0,0,0
0,38.03461,0,0,0,270,0,0,0
0,38.03989,0,0,0,270,0,0,0
0,38.04545,0,0,0,270,0,0,0
0,38.05009,0,0,0,270,0,0,0
0,38.05505,0,0,0,270,0,0,0
0,38.05943,0,0,0,270,0,0,0
0,38.06581,0,0,0,270,0,0,0
0,38.07089,0,0,0,270,0,0,0
0,38.07647,0,0,0,270,0,0,0
0,38.08114,0,0,0,270,0,0,0
0,38.08615,0,0,0,270,0,0,0
0,38.09133,0,0,0,270,0,0,0
0,38.09573,0,0,0,270,0,0,0
0,38.10099,0,0,0,270,0,0,0
0,38.10586,0,0,0,270,0,0,0
0,38.11114,0,0,0,270,0,0,0
0,38.11596,0,0,0,270,0,0,0
0,38.12143,0,0,0,270,0,0,0
0,38.12634,0,0,0,270,0,0,0
0,38.13188,0,0,0,270,0,0,0
0,38.13626,0,0,0,270,0,0,0
0,38.1415,0,0,0,270,0,0,0
0,38.14619,0,0,0,270,0,0,0
0,38.15103,0,0,0,270,0,0,0
0,38.15577,0,0,0,270,0,0,0
0,38.16016,0,0,0,270,0,0,0
0,38.16569,0,0,0,270,0,0,0
0,38.17047,0,0,0,270,0,0,0
0,38.17627,0,0,0,270,0,0,0
0,38.18181,0,0,0,270,0,0,0
0,38.18684,0,0,0,270,0,0,0
0,38.19154,0,0,0,270,0,0,0
0,38.19717,0,0,0,270,0,0,0
0,38.20231,0,0,0,270,0,0,0
0,38.20698,0,0,0,270,0,0,0
0,38.21276,0,0,0,270,0,0,0
0,38.21732,0,0,0,270,0,0,0
0,38.22242,0,0,0,270,0,0,0
0,38.22687,0,0,0,270,0,0,0
0,38.23214,0,0,0,270,0,0,0
0,38.23671,0,0,0,270,0,0,0
0,38.24159,0,0,0,270,0,0,0
0,38.24735,0,0,0,270,0,0,0
0,38.25315,0,0,0,270,0,0,0
0,38.25867,0,0,0,270,0,0,0
0,38.26477,0,0,0,270,0,0,0
0,38.27052,0,0,0,270,0,0,0
0,38.27769,0,0,0,270,0,0,0
0,38.28423,0,0,0,270,0,0,0
0,38.29101,0,0,0,270,0,0,0
0,38.29786,0,0,0,270,0,0,0
0,38.30307,0,0,0,270,0,0,0
0,38.31267,0,0,0,270,0,0,0
0,38.31815,0,0,0,270,0,0,0
0,38.32344,0,0,0,270,0,0,0
0,38.32865,0,0,0,270,0,0,0
0,38.33483,0,0,0,270,0,0,0
0,38.34076,0,0,0,270,0,0,0
0,38.34664,0,0,0,270,0,0,0
0,38.35181,0,0,0,270,0,0,0
0,38.3582,0,0,0,270,0,0,0
0,38.36289,0,0,0,270,0,0,0
0,38.36824,0,0,0,270,0,0,0
0,38.37372,0,0,0,270,0,0,0
0,38.37957,0,0,0,270,0,0,0
0,38.38487,0,0,0,270,0,0,0
0,38.39051,0,0,0,270,0,0,0
0,38.397,0,0,0,270,0,0,0
0,38.4036,0,0,0,270,0,0,0
0,38.40947,0,0,0,270,0,0,0
0,38.41584,0,0,0,270,0,0,0
0,38.42302,0,0,0,270,0,0,0
0,38.43118,0,0,0,270,0,0,0
0,38.43854,0,0,0,270,0,0,0
0,38.44524,0,0,0,270,0,0,0
0,38.44973,0,0,0,270,0,0,0
0,38.45592,0,0,0,270,0,0,0
0,38.46183,0,0,0,270,0,0,0
0,38.46941,0,0,0,270,0,0,0
0,38.47589,0,0,0,270,0,0,0
0,38.48211,0,0,0,270,0,0,0
0,38.48978,0,0,0,270,0,0,0
0,38.4972,0,0,0,270,0,0,0
0,38.50393,0,0,0,270,0,0,0
0,38.51036,0,0,0,270,0,0,0
0,38.51754,0,0,0,270,0,0,0
0,38.52405,0,0,0,270,0,0,0
0,38.5296,0,0,0,270,0,0,0
0,38.53571,0,0,0,270,0,0,0
0,38.54251,0,0,0,270,0,0,0
0,38.54926,0,0,0,270,0,0,0
0,38.55849,0,0,0,270,0,0,0
0,38.56814,0,0,0,270,0,0,0
0,38.5785,0,0,0,270,0,0,0
0,38.58623,0,0,0,270,0,0,0
0,38.59301,0,0,0,270,0,0,0
0,38.5998,0,0,0,270,0,0,0
0,38.60638,0,0,0,270,0,0,0
0,38.61396,0,0,0,270,0,0,0
0,38.622,0,0,0,270,0,0,0
0,38.62882,0,0,0,270,0,0,0
0,38.63533,0,0,0,270,0,0,0
0,38.64289,0,0,0,270,0,0,0
0,38.65025,0,0,0,270,0,0,0
0,38.65714,0,0,0,270,0,0,0
0,38.66524,0,0,0,270,0,0,0
0,38.67971,0,0,0,270,0,0,0
0,38.69122,0,0,0,270,0,0,0
0,38.69729,0,0,0,270,0,0,0
0,38.70354,0,0,0,270,0,0,0
0,38.71063,0,0,0,270,0,0,0
0,38.71645,0,0,0,270,0,0,0
0,38.7233,0,0,0,270,0,0,0
0,38.72917,0,0,0,270,0,0,0
0,38.73585,0,0,0,270,0,0,0
0,38.74319,0,0,0,270,0,0,0
0,38.75028,0,0,0,270,0,0,0
0,38.75708,0,0,0,270,0,0,0
0,38.76393,0,0,0,270,0,0,0
0,38.77043,0,0,0,270,0,0,0
0,38.77747,0,0,0,270,0,0,0
0,38.78651,0,0,0,270,0,0,0
0,38.79487,0,0,0,270,0,0,0
0,38.80443,0,0,0,270,0,0,0
0,38.81116,0,0,0,270,0,0,0
0,38.81738,0,0,0,270,0,0,0
0,38.82437,0,0,0,270,0,0,0
0,38.83084,0,0,0,270,0,0,0
0,38.83764,0,0,0,270,0,0,0
0,38.84497,0,0,0,270,0,0,0
0,38.85176,0,0,0,270,0,0,0
0,38.85934,0,0,0,270,0,0,0
0,38.86787,0,0,0,270,0,0,0
0,38.87598,0,0,0,270,0,0,0
0,38.88255,0,0,0,270,0,0,0
0,38.88948,0,0,0,270,0,0,0
0,38.89641,0,0,0,270,0,0,0
0,38.90234,0,0,0,270,0,0,0
0,38.9097,0,0,0,270,0,0,0
0,38.9156,0,0,0,270,0,0,0
0,38.92268,0,0,0,270,0,0,0
0,38.92898,0,0,0,270,0,0,0
0,38.93475,0,0,0,270,0,0,0
0,38.94081,0,0,0,270,0,0,0
0,38.94762,0,0,0,270,0,0,0
0,38.95459,0,0,0,270,0,0,0
0,38.96003,0,0,0,270,0,0,0
0,38.96713,0,0,0,270,0,0,0
0,38.97338,0,0,0,270,0,0,0
0,38.97964,0,0,0,270,0,0,0
0,38.9862,0,0,0,270,0,0,0
0,38.99305,0,0,0,270,0,0,0
0,38.9999,0,0,0,270,0,0,0
0,39.00644,0,0,0,270,0,0,0
0,39.01235,0,0,0,270,0,0,0
0,39.01768,0,0,0,270,0,0,0
0,39.02416,0,0,0,270,0,0,0
0,39.02968,0,0,0,270,0,0,0
0,39.03569,0,0,0,270,0,0,0
0,39.04208,0,0,0,270,0,0,0
0,39.04844,0,0,0,270,0,0,0
0,39.05399,0,0,0,270,0,0,0
0,39.06747,0,0,0,270,0,0,0
0,39.07867,0,0,0,270,0,0,0
0,39.08809,0,0,0,270,0,0,0
0,39.09834,0,0,0,270,0,0,0
0,39.10304,0,0,0,270,0,0,0
0,39.10851,0,0,0,270,0,0,0
0,39.11386,0,0,0,270,0,0,0
0,39.11878,0,0,0,270,0,0,0
0,39.12451,0,0,0,270,0,0,0
0,39.12897,0,0,0,270,0,0,0
0,39.13452,0,0,0,270,0,0,0
0,39.14025,0,0,0,270,0,0,0
0,39.14529,0,0,0,270,0,0,0
0,39.14984,0,0,0,270,0,0,0
0,39.15556,0,0,0,270,0,0,0
0,39.16041,0,0,0,270,0,0,0
0,39.16526,0,0,0,270,0,0,0
0,39.17004,0,0,0,270,0,0,0
0,39.17583,0,0,0,270,0,0,0
0,39.18074,0,0,0,270,0,0,0
0,39.18592,0,0,0,270,0,0,0
0,39.19109,0,0,0,270,0,0,0
0,39.19661,0,0,0,270,0,0,0
0,39.20113,0,0,0,270,0,0,0
0,39.20641,0,0,0,270,0,0,0
0,39.2117,0,0,0,270,0,0,0
0,39.21762,0,0,0,270,0,0,0
0,39.22368,0,0,0,270,0,0,0
0,39.22855,0,0,0,270,0,0,0
0,39.23391,0,0,0,270,0,0,0
0,39.23964,0,0,0,270,0,0,0
0,39.24539,0,0,0,270,0,0,0
0,39.24958,0,0,0,270,0,0,0
0,39.25467,0,0,0,270,0,0,0
0,39.25986,0,0,0,270,0,0,0
0,39.26458,0,0,0,270,0,0,0
0,39.26913,0,0,0,270,0,0,0
0,39.27353,0,0,0,270,0,0,0
0,39.27875,0,0,0,270,0,0,0
0,39.2862,0,0,0,270,0,0,0
0,39.29614,0,0,0,270,0,0,0
0,39.30291,0,0,0,270,0,0,0
0,39.30935,0,0,0,270,0,0,0
0,39.32514,0,0,0,270,0,0,0
0,39.33202,0,0,0,270,0,0,0
0,39.33807,0,0,0,270,0,0,0
0,39.34398,0,0,0,270,0,0,0
0,39.3507,0,0,0,270,0,0,0
0,39.36573,0,0,0,270,0,0,0
0,39.37063,0,0,0,270,0,0,0
0,39.37724,0,0,0,270,0,0,0
0,39.39227,0,0,0,270,0,0,0
0,39.39787,0,0,0,270,0,0,0
0,39.41384,0,0,0,270,0,0,0
0,39.42043,0,0,0,270,0,0,0
0,39.42703,0,0,0,270,0,0,0
0,39.43317,0,0,0,270,0,0,0
0,39.43952,0,0,0,270,0,0,0
0,39.44556,0,0,0,270,0,0,0
0,39.45181,0,0,0,270,0,0,0
0,39.4581,0,0,0,270,0,0,0
0,39.46333,0,0,0,270,0,0,0
0,39.46957,0,0,0,270,0,0,0
0,39.47536,0,0,0,270,0,0,0
0,39.48164,0,0,0,270,0,0,0
0,39.48732,0,0,0,270,0,0,0
0,39.49362,0,0,0,270,0,0,0
0,39.4986,0,0,0,270,0,0,0
0,39.50398,0,0,0,270,0,0,0
0,39.50972,0,0,0,270,0,0,0
0,39.51478,0,0,0,270,0,0,0
0,39.52101,0,0,0,270,0,0,0
0,39.52758,0,0,0,270,0,0,0
0,39.53851,0,0,0,270,0,0,0
0,39.54451,0,0,0,270,0,0,0
0,39.54993,0,0,0,270,0,0,0
0,39.55484,0,0,0,270,0,0,0
0,39.56026,0,0,0,270,0,0,0
0,39.5654,0,0,0,270,0,0,0
0,39.56997,0,0,0,270,0,0,0
0,39.57471,0,0,0,270,0,0,0
0,39.57952,0,0,0,270,0,0,0
0,39.58477,0,0,0,270,0,0,0
0,39.58971,0,0,0,270,0,0,0
0,39.5949,0,0,0,270,0,0,0
0,39.6012,0,0,0,270,0,0,0
0,39.60568,0,0,0,270,0,0,0
0,39.61178,0,0,0,270,0,0,0
0,39.6169,0,0,0,270,0,0,0
0,39.62252,0,0,0,270,0,0,0
0,39.62894,0,0,0,270,0,0,0
0,39.6339,0,0,0,270,0,0,0
0,39.64682,0,0,0,270,0,0,0
0,39.66813,0,0,0,270,0,0,0
0,39.68446,0,0,0,270,0,0,0
0,39.6997,0,0,0,270,0,0,0
0,39.70558,0,0,0,270,0,0,0
0,39.71264,0,0,0,270,0,0,0
0,39.72125,0,0,0,270,0,0,0
0,39.72733,0,0,0,270,0,0,0
0,39.734,0,0,0,270,0,0,0
0,39.74427,0,0,0,270,0,0,0
0,39.75194,0,0,0,270,0,0,0
0,39.7585,0,0,0,270,0,0,0
0,39.77023,0,0,0,270,0,0,0
0,39.77624,0,0,0,270,0,0,0
0,39.78372,0,0,0,270,0,0,0
0,39.79153,0,0,0,270,0,0,0
0,39.79814,0,0,0,270,0,0,0
0,39.80663,0,0,0,270,0,0,0
0,39.81442,0,0,0,270,0,0,0
0,39.82071,0,0,0,270,0,0,0
0,39.82782,0,0,0,270,0,0,0
0,39.83511,0,0,0,270,0,0,0
0,39.84347,0,0,0,270,0,0,0
0,39.85456,0,0,0,270,0,0,0
0,39.86753,0,0,0,270,0,0,0
0,39.87938,0,0,0,270,0,0,0
0,39.88614,0,0,0,270,0,0,0
0,39.89384,0,0,0,270,0,0,0
0,39.90061,0,0,0,270,0,0,0
0,39.90668,0,0,0,270,0,0,0
0,39.91314,0,0,0,270,0,0,0
0,39.9207,0,0,0,270,0,0,0
0,39.9265,0,0,0,270,0,0,0
0,39.93309,0,0,0,270,0,0,0
0,39.93973,0,0,0,270,0,0,0
0,39.94661,0,0,0,270,0,0,0
0,39.95141,0,0,0,270,0,0,0
0,39.95802,0,0,0,270,0,0,0
0,39.96428,0,0,0,270,0,0,0
0,39.97076,0,0,0,270,0,0,0
0,39.9768,0,0,0,270,0,0,0
0,39.9836,0,0,0,270,0,0,0
0,39.99027,0,0,0,270,0,0,0
0,39.99598,0,0,0,270,0,0,0
0,40.00311,0,0,0,270,0,0,0
0,40.00898,0,0,0,270,0,0,0
0,40.0146,0,0,0,270,0,0,0
0,40.02091,0,0,0,270,0,0,0
0,40.02632,0,0,0,270,0,0,0
0,40.03289,0,0,0,270,0,0,0
0,40.03929,0,0,0,270,0,0,0
0,40.04619,0,0,0,270,0,0,0
0,40.0557,0,0,0,270,0,0,0
0,40.07664,0,0,0,270,0,0,0
0,40.08246,0,0,0,270,0,0,0
0,40.08791,0,0,0,270,0,0,0
0,40.09422,0,0,0,270,0,0,0
0,40.09912,0,0,0,270,0,0,0
0,40.10392,0,0,0,270,0,0,0
0,40.10954,0,0,0,270,0,0,0
0,40.11562,0,0,0,270,0,0,0
0,40.1212,0,0,0,270,0,0,0
0,40.127,0,0,0,270,0,0,0
0,40.13266,0,0,0,270,0,0,0
0,40.13789,0,0,0,270,0,0,0
0,40.14337,0,0,0,270,0,0,0
0,40.14862,0,0,0,270,0,0,0
0,40.15431,0,0,0,270,0,0,0
0,40.15958,0,0,0,270,0,0,0
0,40.16576,0,0,0,270,0,0,0
0,40.172,0,0,0,270,0,0,0
0,40.17739,0,0,0,270,0,0,0
0,40.18251,0,0,0,270,0,0,0
0,40.18897,0,0,0,270,0,0,0
0,40.19469,0,0,0,270,0,0,0
0,40.20148,0,0,0,270,0,0,0
0,40.20708,0,0,0,270,0,0,0
0,40.21255,0,0,0,270,0,0,0
0,40.21946,0,0,0,270,0,0,0
0,40.22701,0,0,0,270,0,0,0
0,40.24895,0,0,0,270,0,0,0
0,40.25416,0,0,0,270,0,0,0
0,40.25882,0,0,0,270,0,0,0
0,40.26455,0,0,0,270,0,0,0
0,40.27125,0,0,0,270,0,0,0
0,40.28655,0,0,0,270,0,0,0
0,40.29127,0,0,0,270,0,0,0
0,40.29643,0,0,0,270,0,0,0
0,40.30234,0,0,0,270,0,0,0
0,40.30704,0,0,0,270,0,0,0
0,40.31368,0,0,0,270,0,0,0
0,40.31944,0,0,0,270,0,0,0
0,40.32445,0,0,0,270,0,0,0
0,40.33024,0,0,0,270,0,0,0
0,40.335,0,0,0,270,0,0,0
0,40.34021,0,0,0,270,0,0,0
0,40.34673,0,0,0,270,0,0,0
0,40.35125,0,0,0,270,0,0,0
0,40.36024,0,0,0,270,0,0,0
0,40.36576,0,0,0,270,0,0,0
0,40.37247,0,0,0,270,0,0,0
0,40.37924,0,0,0,270,0,0,0
0,40.38402,0,0,0,270,0,0,0
0,40.38931,0,0,0,270,0,0,0
0,40.39382,0,0,0,270,0,0,0
0,40.39872,0,0,0,270,0,0,0
0,40.40337,0,0,0,270,0,0,0
0,40.40881,0,0,0,270,0,0,0
0,40.41421,0,0,0,270,0,0,0
0,40.419,0,0,0,270,0,0,0
0,40.42506,0,0,0,270,0,0,0
0,40.43064,0,0,0,270,0,0,0
0,40.43519,0,0,0,270,0,0,0
0,40.44152,0,0,0,270,0,0,0
0,40.44708,0,0,0,270,0,0,0
0,40.45267,0,0,0,270,0,0,0
0,40.45795,0,0,0,270,0,0,0
0,40.46252,0,0,0,270,0,0,0
0,40.46811,0,0,0,270,0,0,0
0,40.47312,0,0,0,270,0,0,0
0,40.47824,0,0,0,270,0,0,0
0,40.48382,0,0,0,270,0,0,0
0,40.48926,0,0,0,270,0,0,0
0,40.4945,0,0,0,270,0,0,0
0,40.50116,0,0,0,270,0,0,0
0,40.50599,0,0,0,270,0,0,0
0,40.51075,0,0,0,270,0,0,0
0,40.51573,0,0,0,270,0,0,0
0,40.52161,0,0,0,270,0,0,0
0,40.5266,0,0,0,270,0,0,0
0,40.53198,0,0,0,270,0,0,0
0,40.53674,0,0,0,270,0,0,0
0,40.54172,0,0,0,270,0,0,0
0,40.5468,0,0,0,270,0,0,0
0,40.55185,0,0,0,270,0,0,0
0,40.55724,0,0,0,270,0,0,0
0,40.56275,0,0,0,270,0,0,0
0,40.56923,0,0,0,270,0,0,0
0,40.57441,0,0,0,270,0,0,0
0,40.57982,0,0,0,270,0,0,0
0,40.5844,0,0,0,270,0,0,0
0,40.58944,0,0,0,270,0,0,0
0,40.59467,0,0,0,270,0,0,0
0,40.60052,0,0,0,270,0,0,0
0,40.60593,0,0,0,270,0,0,0
0,40.61175,0,0,0,270,0,0,0
0,40.61642,0,0,0,270,0,0,0
0,40.62108,0,0,0,270,0,0,0
0,40.62603,0,0,0,270,0,0,0
0,40.632,0,0,0,270,0,0,0
0,40.63702,0,0,0,270,0,0,0
0,40.64232,0,0,0,270,0,0,0
0,40.64684,0,0,0,270,0,0,0
0,40.65139,0,0,0,270,0,0,0
0,40.65709,0,0,0,270,0,0,0
0,40.66269,0,0,0,270,0,0,0
0,40.66827,0,0,0,270,0,0,0
0,40.67749,0,0,0,270,0,0,0
0,40.68318,0,0,0,270,0,0,0
0,40.68984,0,0,0,270,0,0,0
0,40.69474,0,0,0,270,0,0,0
0,40.70056,0,0,0,270,0,0,0
0,40.7064,0,0,0,270,0,0,0
0,40.71239,0,0,0,270,0,0,0
0,40.72229,0,0,0,270,0,0,0
0,40.7307,0,0,0,270,0,0,0
0,40.73978,0,0,0,270,0,0,0
0,40.75092,0,0,0,270,0,0,0
0,40.77207,0,0,0,270,0,0,0
0,40.77971,0,0,0,270,0,0,0
0,40.78611,0,0,0,270,0,0,0
0,40.79301,0,0,0,270,0,0,0
0,40.81388,0,0,0,270,0,0,0
0,40.8227,0,0,0,270,0,0,0
0,40.83053,0,0,0,270,0,0,0
0,40.83902,0,0,0,270,0,0,0
0,40.8477,0,0,0,270,0,0,0
0,40.85719,0,0,0,270,0,0,0
0,40.86634,0,0,0,270,0,0,0
0,40.89153,0,0,0,270,0,0,0
0,40.90117,0,0,0,270,0,0,0
0,40.9249,0,0,0,270,0,0,0
0,40.9339,0,0,0,270,0,0,0
0,40.94252,0,0,0,270,0,0,0
0,40.95486,0,0,0,270,0,0,0
0,40.96902,0,0,0,270,0,0,0
0,40.97766,0,0,0,270,0,0,0
0,40.99025,0,0,0,270,0,0,0
0,41.00021,0,0,0,270,0,0,0
0,41.00691,0,0,0,270,0,0,0
0,41.01459,0,0,0,270,0,0,0
0,41.02208,0,0,0,270,0,0,0
0,41.02952,0,0,0,270,0,0,0
0,41.03658,0,0,0,270,0,0,0
0,41.0513,0,0,0,270,0,0,0
0,41.05891,0,0,0,270,0,0,0
0,41.06524,0,0,0,270,0,0,0
0,41.0719,0,0,0,270,0,0,0
0,41.07955,0,0,0,270,0,0,0
0,41.08689,0,0,0,270,0,0,0
0,41.09316,0,0,0,270,0,0,0
0,41.09988,0,0,0,270,0,0,0
0,41.10616,0,0,0,270,0,0,0
0,41.1132,0,0,0,270,0,0,0
0,41.12096,0,0,0,270,0,0,0
0,41.12747,0,0,0,270,0,0,0
0,41.1342,0,0,0,270,0,0,0
0,41.14172,0,0,0,270,0,0,0
0,41.14853,0,0,0,270,0,0,0
0,41.15593,0,0,0,270,0,0,0
0,41.16361,0,0,0,270,0,0,0
0,41.1704,0,0,0,270,0,0,0
0,41.17713,0,0,0,270,0,0,0
0,41.18421,0,0,0,270,0,0,0
0,41.19113,0,0,0,270,0,0,0
0,41.19776,0,0,0,270,0,0,0
0,41.20542,0,0,0,270,0,0,0
0,41.21259,0,0,0,270,0,0,0
0,41.2201,0,0,0,270,0,0,0
0,41.22654,0,0,0,270,0,0,0
0,41.23469,0,0,0,270,0,0,0
0,41.24251,0,0,0,270,0,0,0
0,41.24921,0,0,0,270,0,0,0
0,41.25652,0,0,0,270,0,0,0
0,41.26252,0,0,0,270,0,0,0
0,41.27073,0,0,0,270,0,0,0
0,41.2775,0,0,0,270,0,0,0
0,41.28542,0,0,0,270,0,0,0
0,41.29233,0,0,0,270,0,0,0
0,41.30064,0,0,0,270,0,0,0
0,41.30674,0,0,0,270,0,0,0
0,41.31342,0,0,0,270,0,0,0
0,41.32126,0,0,0,270,0,0,0
0,41.32782,0,0,0,270,0,0,0
0,41.33513,0,0,0,270,0,0,0
0,41.34195,0,0,0,270,0,0,0
0,41.34752,0,0,0,270,0,0,0
0,41.35337,0,0,0,270,0,0,0
0,41.35951,0,0,0,270,0,0,0
0,41.36782,0,0,0,270,0,0,0
0,41.37537,0,0,0,270,0,0,0
0,41.38268,0,0,0,270,0,0,0
0,41.38942,0,0,0,270,0,0,0
0,41.3955,0,0,0,270,0,0,0
0,41.4009,0,0,0,270,0,0,0
0,41.40742,0,0,0,270,0,0,0
0,41.41339,0,0,0,270,0,0,0
0,41.42006,0,0,0,270,0,0,0
0,41.42685,0,0,0,270,0,0,0
0,41.43423,0,0,0,270,0,0,0
0,41.44141,0,0,0,270,0,0,0
0,41.44753,0,0,0,270,0,0,0
0,41.45721,0,0,0,270,0,0,0
0,41.4751,0,0,0,270,0,0,0
0,41.48088,0,0,0,270,0,0,0
0,41.48769,0,0,0,270,0,0,0
0,41.4932,0,0,0,270,0,0,0
0,41.4991,0,0,0,270,0,0,0
0,41.50462,0,0,0,270,0,0,0
0,41.5098,0,0,0,270,0,0,0
0,41.5144,0,0,0,270,0,0,0
0,41.52058,0,0,0,270,0,0,0
0,41.52549,0,0,0,270,0,0,0
0,41.53098,0,0,0,270,0,0,0
0,41.53561,0,0,0,270,0,0,0
0,41.54029,0,0,0,270,0,0,0
0,41.54605,0,0,0,270,0,0,0
0,41.55153,0,0,0,270,0,0,0
0,41.55762,0,0,0,270,0,0,0
0,41.56393,0,0,0,270,0,0,0
0,41.56909,0,0,0,270,0,0,0
0,41.57335,0,0,0,270,0,0,0
0,41.57851,0,0,0,270,0,0,0
0,41.58278,0,0,0,270,0,0,0
0,41.58759,0,0,0,270,0,0,0
0,41.59333,0,0,0,270,0,0,0
0,41.59919,0,0,0,270,0,0,0
0,41.60368,0,0,0,270,0,0,0
0,41.60893,0,0,0,270,0,0,0
0,41.61423,0,0,0,270,0,0,0
0,41.61906,0,0,0,270,0,0,0
0,41.62365,0,0,0,270,0,0,0
0,41.6285,0,0,0,270,0,0,0
0,41.63311,0,0,0,270,0,0,0
0,41.63741,0,0,0,270,0,0,0
0,41.64327,0,0,0,270,0,0,0
0,41.64856,0,0,0,270,0,0,0
0,41.65369,0,0,0,270,0,0,0
0,41.6585,0,0,0,270,0,0,0
0,41.6635,0,0,0,270,0,0,0
0,41.66777,0,0,0,270,0,0,0
0,41.67448,0,0,0,270,0,0,0
0,41.68898,0,0,0,270,0,0,0
0,41.69424,0,0,0,270,0,0,0
0,41.70459,0,0,0,270,0,0,0
0,41.70971,0,0,0,270,0,0,0
0,41.71431,0,0,0,270,0,0,0
0,41.7195,0,0,0,270,0,0,0
0,41.72378,0,0,0,270,0,0,0
0,41.72828,0,0,0,270,0,0,0
0,41.73412,0,0,0,270,0,0,0
0,41.73882,0,0,0,270,0,0,0
0,41.74401,0,0,0,270,0,0,0
0,41.74954,0,0,0,270,0,0,0
0,41.7546,0,0,0,270,0,0,0
0,41.75922,0,0,0,270,0,0,0
0,41.76458,0,0,0,270,0,0,0
0,41.76923,0,0,0,270,0,0,0
0,41.77345,0,0,0,270,0,0,0
0,41.77829,0,0,0,270,0,0,0
0,41.7831,0,0,0,270,0,0,0
0,41.7887,0,0,0,270,0,0,0
0,41.7934,0,0,0,270,0,0,0
0,41.79897,0,0,0,270,0,0,0
0,41.80354,0,0,0,270,0,0,0
0,41.8089,0,0,0,270,0,0,0
0,41.81383,0,0,0,270,0,0,0
0,41.81845,0,0,0,270,0,0,0
0,41.82357,0,0,0,270,0,0,0
0,41.82861,0,0,0,270,0,0,0
0,41.83407,0,0,0,270,0,0,0
0,41.83872,0,0,0,270,0,0,0
0,41.8439,0,0,0,270,0,0,0
0,41.84842,0,0,0,270,0,0,0
0,41.85386,0,0,0,270,0,0,0
0,41.85899,0,0,0,270,0,0,0
0,41.86417,0,0,0,270,0,0,0
0,41.8692,0,0,0,270,0,0,0
0,41.87407,0,0,0,270,0,0,0
0,41.879,0,0,0,270,0,0,0
0,41.88363,0,0,0,270,0,0,0
0,41.88892,0,0,0,270,0,0,0
0,41.89392,0,0,0,270,0,0,0
0,41.89892,0,0,0,270,0,0,0
0,41.90376,0,0,0,270,0,0,0
0,41.90949,0,0,0,270,0,0,0
0,41.91385,0,0,0,270,0,0,0
0,41.91826,0,0,0,270,0,0,0
0,41.92494,0,0,0,270,0,0,0
0,41.93029,0,0,0,270,0,0,0
0,41.9361,0,0,0,270,0,0,0
0,41.94138,0,0,0,270,0,0,0
0,41.9458,0,0,0,270,0,0,0
0,41.94984,0,0,0,270,0,0,0
0,41.95514,0,0,0,270,0,0,0
0,41.95986,0,0,0,270,0,0,0
0,41.96473,0,0,0,270,0,0,0
0,41.97038,0,0,0,270,0,0,0
0,41.97768,0,0,0,270,0,0,0
0,41.98276,0,0,0,270,0,0,0
0,41.98933,0,0,0,270,0,0,0
0,41.99574,0,0,0,270,0,0,0
0,42.00252,0,0,0,270,0,0,0
0,42.00917,0,0,0,270,0,0,0
0,42.01529,0,0,0,270,0,0,0
0,42.02186,0,0,0,270,0,0,0
0,42.02753,0,0,0,270,0,0,0
0,42.03413,0,0,0,270,0,0,0
0,42.03907,0,0,0,270,0,0,0
0,42.04476,0,0,0,270,0,0,0
0,42.05017,0,0,0,270,0,0,0
0,42.05588,0,0,0,270,0,0,0
0,42.06133,0,0,0,270,0,0,0
0,42.06636,0,0,0,270,0,0,0
0,42.07182,0,0,0,270,0,0,0
0,42.07787,0,0,0,270,0,0,0
0,42.08432,0,0,0,270,0,0,0
0,42.0914,0,0,0,270,0,0,0
0,42.09779,0,0,0,270,0,0,0
0,42.10479,0,0,0,270,0,0,0
0,42.11258,0,0,0,270,0,0,0
0,42.11836,0,0,0,270,0,0,0
0,42.125,0,0,0,270,0,0,0
0,42.13187,0,0,0,270,0,0,0
0,42.13894,0,0,0,270,0,0,0
0,42.14672,0,0,0,270,0,0,0
0,42.15395,0,0,0,270,0,0,0
0,42.16037,0,0,0,270,0,0,0
0,42.1672,0,0,0,270,0,0,0
0,42.17353,0,0,0,270,0,0,0
0,42.17992,0,0,0,270,0,0,0
0,42.18622,0,0,0,270,0,0,0
0,42.19202,0,0,0,270,0,0,0
0,42.19811,0,0,0,270,0,0,0
0,42.20412,0,0,0,270,0,0,0
0,42.21139,0,0,0,270,0,0,0
0,42.21712,0,0,0,270,0,0,0
0,42.22364,0,0,0,270,0,0,0
0,42.2294,0,0,0,270,0,0,0
0,42.23648,0,0,0,270,0,0,0
0,42.24391,0,0,0,270,0,0,0
0,42.2503,0,0,0,270,0,0,0
0,42.25762,0,0,0,270,0,0,0
0,42.26475,0,0,0,270,0,0,0
0,42.2713,0,0,0,270,0,0,0
0,42.27805,0,0,0,270,0,0,0
0,42.28382,0,0,0,270,0,0,0
0,42.29007,0,0,0,270,0,0,0
0,42.30258,0,0,0,270,0,0,0
0,42.30962,0,0,0,270,0,0,0
0,42.31673,0,0,0,270,0,0,0
0,42.32344,0,0,0,270,0,0,0
0,42.331,0,0,0,270,0,0,0
0,42.33801,0,0,0,270,0,0,0
0,42.34613,0,0,0,270,0,0,0
0,42.35356,0,0,0,270,0,0,0
0,42.36052,0,0,0,270,0,0,0
0,42.36801,0,0,0,270,0,0,0
0,42.37515,0,0,0,270,0,0,0
0,42.38052,0,0,0,270,0,0,0
0,42.38663,0,0,0,270,0,0,0
0,42.39368,0,0,0,270,0,0,0
0,42.40067,0,0,0,270,0,0,0
0,42.40681,0,0,0,270,0,0,0
0,42.41238,0,0,0,270,0,0,0
0,42.41795,0,0,0,270,0,0,0
0,42.42448,0,0,0,270,0,0,0
0,42.43095,0,0,0,270,0,0,0
0,42.4368,0,0,0,270,0,0,0
0,42.44223,0,0,0,270,0,0,0
0,42.44678,0,0,0,270,0,0,0
0,42.45341,0,0,0,270,0,0,0
0,42.45985,0,0,0,270,0,0,0
0,42.46611,0,0,0,270,0,0,0
0,42.47289,0,0,0,270,0,0,0
0,42.47885,0,0,0,270,0,0,0
0,42.4849,0,0,0,270,0,0,0
0,42.49172,0,0,0,270,0,0,0
0,42.49797,0,0,0,270,0,0,0
0,42.50454,0,0,0,270,0,0,0
0,42.5111,0,0,0,270,0,0,0
0,42.51788,0,0,0,270,0,0,0
0,42.52486,0,0,0,270,0,0,0
0,42.53132,0,0,0,270,0,0,0
0,42.5374,0,0,0,270,0,0,0
0,42.54314,0,0,0,270,0,0,0
0,42.55049,0,0,0,270,0,0,0
0,42.5592,0,0,0,270,0,0,0
0,42.58024,0,0,0,270,0,0,0
0,42.58488,0,0,0,270,0,0,0
0,42.58997,0,0,0,270,0,0,0
0,42.59529,0,0,0,270,0,0,0
0,42.60085,0,0,0,270,0,0,0
0,42.60731,0,0,0,270,0,0,0
0,42.613,0,0,0,270,0,0,0
0,42.6179,0,0,0,270,0,0,0
0,42.6238,0,0,0,270,0,0,0
0,42.62912,0,0,0,270,0,0,0
0,42.63463,0,0,0,270,0,0,0
0,42.64156,0,0,0,270,0,0,0
0,42.64705,0,0,0,270,0,0,0
0,42.65191,0,0,0,270,0,0,0
0,42.6576,0,0,0,270,0,0,0
0,42.66268,0,0,0,270,0,0,0
0,42.66973,0,0,0,270,0,0,0
0,42.67698,0,0,0,270,0,0,0
0,42.68312,0,0,0,270,0,0,0
0,42.68919,0,0,0,270,0,0,0
0,42.6939,0,0,0,270,0,0,0
0,42.69914,0,0,0,270,0,0,0
0,42.70492,0,0,0,270,0,0,0
0,42.71085,0,0,0,270,0,0,0
0,42.71659,0,0,0,270,0,0,0
0,42.72293,0,0,0,270,0,0,0
0,42.72758,0,0,0,270,0,0,0
0,42.73317,0,0,0,270,0,0,0
0,42.7385,0,0,0,270,0,0,0
0,42.74342,0,0,0,270,0,0,0
0,42.74818,0,0,0,270,0,0,0
0,42.75296,0,0,0,270,0,0,0
0,42.75728,0,0,0,270,0,0,0
0,42.76187,0,0,0,270,0,0,0
0,42.76692,0,0,0,270,0,0,0
0,42.77127,0,0,0,270,0,0,0
0,42.7762,0,0,0,270,0,0,0
0,42.7816,0,0,0,270,0,0,0
0,42.78673,0,0,0,270,0,0,0
0,42.79137,0,0,0,270,0,0,0
0,42.79789,0,0,0,270,0,0,0
0,42.80302,0,0,0,270,0,0,0
0,42.80896,0,0,0,270,0,0,0
0,42.81474,0,0,0,270,0,0,0
0,42.82029,0,0,0,270,0,0,0
0,42.82539,0,0,0,270,0,0,0
0,42.83189,0,0,0,270,0,0,0
0,42.83704,0,0,0,270,0,0,0
0,42.84282,0,0,0,270,0,0,0
0,42.84748,0,0,0,270,0,0,0
0,42.85238,0,0,0,270,0,0,0
0,42.85729,0,0,0,270,0,0,0
0,42.86239,0,0,0,270,0,0,0
0,42.86718,0,0,0,270,0,0,0
0,42.87169,0,0,0,270,0,0,0
0,42.87695,0,0,0,270,0,0,0
0,42.88166,0,0,0,270,0,0,0
0,42.88761,0,0,0,270,0,0,0
0,42.89243,0,0,0,270,0,0,0
0,42.89735,0,0,0,270,0,0,0
0,42.90219,0,0,0,270,0,0,0
0,42.9118,0,0,0,270,0,0,0
0,42.91666,0,0,0,270,0,0,0
0,42.92311,0,0,0,270,0,0,0
0,42.9283,0,0,0,270,0,0,0
0,42.93401,0,0,0,270,0,0,0
0,42.94023,0,0,0,270,0,0,0
0,42.94644,0,0,0,270,0,0,0
0,42.95167,0,0,0,270,0,0,0
0,42.95676,0,0,0,270,0,0,0
0,42.96144,0,0,0,270,0,0,0
0,42.96684,0,0,0,270,0,0,0
0,42.97209,0,0,0,270,0,0,0
0,42.97874,0,0,0,270,0,0,0
0,42.9846,0,0,0,270,0,0,0
0,42.9903,0,0,0,270,0,0,0
0,42.99549,0,0,0,270,0,0,0
0,43.00092,0,0,0,270,0,0,0
0,43.00641,0,0,0,270,0,0,0
0,43.01154,0,0,0,270,0,0,0
0,43.01655,0,0,0,270,0,0,0
0,43.02222,0,0,0,270,0,0,0
0,43.02733,0,0,0,270,0,0,0
0,43.03309,0,0,0,270,0,0,0
0,43.03794,0,0,0,270,0,0,0
0,43.04379,0,0,0,270,0,0,0
0,43.04903,0,0,0,270,0,0,0
0,43.05379,0,0,0,270,0,0,0
0,43.05854,0,0,0,270,0,0,0
0,43.06355,0,0,0,270,0,0,0
0,43.0682,0,0,0,270,0,0,0
0,43.0724,0,0,0,270,0,0,0
0,43.07818,0,0,0,270,0,0,0
0,43.08259,0,0,0,270,0,0,0
0,43.08754,0,0,0,270,0,0,0
0,43.09299,0,0,0,270,0,0,0
0,43.09775,0,0,0,270,0,0,0
0,43.10275,0,0,0,270,0,0,0
0,43.10859,0,0,0,270,0,0,0
0,43.11325,0,0,0,270,0,0,0
0,43.11773,0,0,0,270,0,0,0
0,43.12308,0,0,0,270,0,0,0
0,43.12749,0,0,0,270,0,0,0
0,43.13253,0,0,0,270,0,0,0
0,43.13688,0,0,0,270,0,0,0
0,43.14299,0,0,0,270,0,0,0
0,43.14752,0,0,0,270,0,0,0
0,43.15345,0,0,0,270,0,0,0
0,43.15965,0,0,0,270,0,0,0
0,43.16448,0,0,0,270,0,0,0
0,43.16917,0,0,0,270,0,0,0
0,43.17362,0,0,0,270,0,0,0
0,43.17885,0,0,0,270,0,0,0
0,43.18338,0,0,0,270,0,0,0
0,43.18856,0,0,0,270,0,0,0
0,43.19358,0,0,0,270,0,0,0
0,43.19936,0,0,0,270,0,0,0
0,43.20485,0,0,0,270,0,0,0
0,43.21079,0,0,0,270,0,0,0
0,43.2168,0,0,0,270,0,0,0
0,43.22356,0,0,0,270,0,0,0
0,43.22882,0,0,0,270,0,0,0
0,43.23534,0,0,0,270,0,0,0
0,43.24077,0,0,0,270,0,0,0
0,43.24778,0,0,0,270,0,0,0
0,43.25412,0,0,0,270,0,0,0
0,43.25946,0,0,0,270,0,0,0
0,43.26613,0,0,0,270,0,0,0
0,43.27195,0,0,0,270,0,0,0
0,43.27838,0,0,0,270,0,0,0
0,43.28603,0,0,0,270,0,0,0
0,43.2925,0,0,0,270,0,0,0
0,43.30015,0,0,0,270,0,0,0
0,43.3063,0,0,0,270,0,0,0
0,43.31407,0,0,0,270,0,0,0
0,43.32144,0,0,0,270,0,0,0
0,43.32919,0,0,0,270,0,0,0
0,43.3369,0,0,0,270,0,0,0
0,43.34645,0,0,0,270,0,0,0
0,43.35596,0,0,0,270,0,0,0
0,43.36668,0,0,0,270,0,0,0
0,43.37565,0,0,0,270,0,0,0
0,43.38273,0,0,0,270,0,0,0
0,43.39063,0,0,0,270,0,0,0
0,43.39816,0,0,0,270,0,0,0
0,43.4046,0,0,0,270,0,0,0
0,43.41295,0,0,0,270,0,0,0
0,43.42078,0,0,0,270,0,0,0
0,43.42723,0,0,0,270,0,0,0
0,43.43406,0,0,0,270,0,0,0
0,43.44066,0,0,0,270,0,0,0
0,43.44761,0,0,0,270,0,0,0
0,43.4543,0,0,0,270,0,0,0
0,43.46127,0,0,0,270,0,0,0
0,43.46719,0,0,0,270,0,0,0
0,43.47545,0,0,0,270,0,0,0
0,43.48266,0,0,0,270,0,0,0
0,43.49065,0,0,0,270,0,0,0
0,43.49973,0,0,0,270,0,0,0
0,43.50664,0,0,0,270,0,0,0
0,43.51333,0,0,0,270,0,0,0
0,43.52243,0,0,0,270,0,0,0
0,43.52948,0,0,0,270,0,0,0
0,43.53759,0,0,0,270,0,0,0
0,43.54616,0,0,0,270,0,0,0
0,43.55384,0,0,0,270,0,0,0
0,43.56208,0,0,0,270,0,0,0
0,43.5834,0,0,0,270,0,0,0
0,43.61548,0,0,0,270,0,0,0
0,43.62279,0,0,0,270,0,0,0
0,43.62938,0,0,0,270,0,0,0
0,43.63568,0,0,0,270,0,0,0
0,43.6431,0,0,0,270,0,0,0
0,43.64898,0,0,0,270,0,0,0
0,43.65574,0,0,0,270,0,0,0
0,43.66195,0,0,0,270,0,0,0
0,43.66931,0,0,0,270,0,0,0
0,43.68211,0,0,0,270,0,0,0
0,43.70837,0,0,0,270,0,0,0
0,43.71858,0,0,0,270,0,0,0
0,43.72783,0,0,0,270,0,0,0
0,43.73493,0,0,0,270,0,0,0
0,43.74198,0,0,0,270,0,0,0
0,43.74945,0,0,0,270,0,0,0
0,43.75594,0,0,0,270,0,0,0
0,43.76212,0,0,0,270,0,0,0
0,43.7686,0,0,0,270,0,0,0
0,43.77388,0,0,0,270,0,0,0
0,43.77991,0,0,0,270,0,0,0
0,43.78651,0,0,0,270,0,0,0
0,43.79263,0,0,0,270,0,0,0
0,43.79996,0,0,0,270,0,0,0
0,43.80697,0,0,0,270,0,0,0
0,43.81435,0,0,0,270,0,0,0
0,43.82263,0,0,0,270,0,0,0
0,43.83208,0,0,0,270,0,0,0
0,43.83903,0,0,0,270,0,0,0
0,43.84514,0,0,0,270,0,0,0
0,43.85001,0,0,0,270,0,0,0
0,43.85553,0,0,0,270,0,0,0
0,43.86086,0,0,0,270,0,0,0
0,43.8665,0,0,0,270,0,0,0
0,43.87204,0,0,0,270,0,0,0
0,43.87792,0,0,0,270,0,0,0
0,43.88318,0,0,0,270,0,0,0
0,43.88954,0,0,0,270,0,0,0
0,43.89506,0,0,0,270,0,0,0
0,43.90047,0,0,0,270,0,0,0
0,43.90531,0,0,0,270,0,0,0
0,43.91121,0,0,0,270,0,0,0
0,43.91667,0,0,0,270,0,0,0
0,43.9222,0,0,0,270,0,0,0
0,43.92711,0,0,0,270,0,0,0
0,43.93271,0,0,0,270,0,0,0
0,43.9383,0,0,0,270,0,0,0
0,43.94362,0,0,0,270,0,0,0
0,43.94902,0,0,0,270,0,0,0
0,43.95406,0,0,0,270,0,0,0
0,43.96028,0,0,0,270,0,0,0
0,43.96606,0,0,0,270,0,0,0
0,43.97165,0,0,0,270,0,0,0
0,43.97709,0,0,0,270,0,0,0
0,43.98238,0,0,0,270,0,0,0
0,43.9882,0,0,0,270,0,0,0
0,43.99276,0,0,0,270,0,0,0
0,43.99849,0,0,0,270,0,0,0
0,44.00426,0,0,0,270,0,0,0
0,44.00999,0,0,0,270,0,0,0
0,44.01608,0,0,0,270,0,0,0
0,44.02198,0,0,0,270,0,0,0
0,44.02783,0,0,0,270,0,0,0
0,44.03466,0,0,0,270,0,0,0
0,44.04014,0,0,0,270,0,0,0
0,44.04638,0,0,0,270,0,0,0
0,44.05232,0,0,0,270,0,0,0
0,44.05719,0,0,0,270,0,0,0
0,44.06244,0,0,0,270,0,0,0
0,44.06892,0,0,0,270,0,0,0
0,44.07362,0,0,0,270,0,0,0
0,44.07927,0,0,0,270,0,0,0
0,44.08448,0,0,0,270,0,0,0
0,44.08955,0,0,0,270,0,0,0
0,44.09488,0,0,0,270,0,0,0
0,44.09993,0,0,0,270,0,0,0
0,44.10452,0,0,0,270,0,0,0
0,44.10966,0,0,0,270,0,0,0
0,44.11416,0,0,0,270,0,0,0
0,44.11969,0,0,0,270,0,0,0
0,44.12473,0,0,0,270,0,0,0
0,44.12917,0,0,0,270,0,0,0
0,44.13401,0,0,0,270,0,0,0
0,44.1385,0,0,0,270,0,0,0
0,44.14384,0,0,0,270,0,0,0
0,44.14834,0,0,0,270,0,0,0
0,44.15425,0,0,0,270,0,0,0
0,44.15887,0,0,0,270,0,0,0
0,44.16384,0,0,0,270,0,0,0
0,44.16885,0,0,0,270,0,0,0
0,44.17373,0,0,0,270,0,0,0
0,44.17846,0,0,0,270,0,0,0
0,44.18268,0,0,0,270,0,0,0
0,44.18801,0,0,0,270,0,0,0
0,44.1924,0,0,0,270,0,0,0
0,44.19743,0,0,0,270,0,0,0
0,44.20295,0,0,0,270,0,0,0
0,44.20842,0,0,0,270,0,0,0
0,44.213,0,0,0,270,0,0,0
0,44.22376,0,0,0,270,0,0,0
0,44.22869,0,0,0,270,0,0,0
0,44.23413,0,0,0,270,0,0,0
0,44.23951,0,0,0,270,0,0,0
0,44.24453,0,0,0,270,0,0,0
0,44.2492,0,0,0,270,0,0,0
0,44.25488,0,0,0,270,0,0,0
0,44.25946,0,0,0,270,0,0,0
0,44.2652,0,0,0,270,0,0,0
0,44.27081,0,0,0,270,0,0,0
0,44.27747,0,0,0,270,0,0,0
0,44.28318,0,0,0,270,0,0,0
0,44.28909,0,0,0,270,0,0,0
0,44.29409,0,0,0,270,0,0,0
0,44.29959,0,0,0,270,0,0,0
0,44.30444,0,0,0,270,0,0,0
0,44.31049,0,0,0,270,0,0,0
0,44.3154,0,0,0,270,0,0,0
0,44.32056,0,0,0,270,0,0,0
0,44.32513,0,0,0,270,0,0,0
0,44.33075,0,0,0,270,0,0,0
0,44.33557,0,0,0,270,0,0,0
0,44.34075,0,0,0,270,0,0,0
0,44.34578,0,0,0,270,0,0,0
0,44.35068,0,0,0,270,0,0,0
0,44.36865,0,0,0,270,0,0,0
0,44.38707,0,0,0,270,0,0,0
0,44.39604,0,0,0,270,0,0,0
0,44.40945,0,0,0,270,0,0,0
0,44.43307,0,0,0,270,0,0,0
0,44.44673,0,0,0,270,0,0,0
0,44.4572,0,0,0,270,0,0,0
0,44.46432,0,0,0,270,0,0,0
0,44.47168,0,0,0,270,0,0,0
0,44.47808,0,0,0,270,0,0,0
0,44.4847,0,0,0,270,0,0,0
0,44.49492,0,0,0,270,0,0,0
0,44.51216,0,0,0,270,0,0,0
0,44.52133,0,0,0,270,0,0,0
0,44.5274,0,0,0,270,0,0,0
0,44.53441,0,0,0,270,0,0,0
0,44.54065,0,0,0,270,0,0,0
0,44.54734,0,0,0,270,0,0,0
0,44.55447,0,0,0,270,0,0,0
0,44.56166,0,0,0,270,0,0,0
0,44.57014,0,0,0,270,0,0,0
0,44.57927,0,0,0,270,0,0,0
0,44.58765,0,0,0,270,0,0,0
0,44.60051,0,0,0,270,0,0,0
0,44.60936,0,0,0,270,0,0,0
0,44.61935,0,0,0,270,0,0,0
0,44.63298,0,0,0,270,0,0,0
0,44.64376,0,0,0,270,0,0,0
0,44.65085,0,0,0,270,0,0,0
0,44.66098,0,0,0,270,0,0,0
0,44.67178,0,0,0,270,0,0,0
0,44.68086,0,0,0,270,0,0,0
0,44.69334,0,0,0,270,0,0,0
0,44.70309,0,0,0,270,0,0,0
0,44.7146,0,0,0,270,0,0,0
0,44.7236,0,0,0,270,0,0,0
0,44.73137,0,0,0,270,0,0,0
0,44.74154,0,0,0,270,0,0,0
0,44.75847,0,0,0,270,0,0,0
0,44.76939,0,0,0,270,0,0,0
0,44.77883,0,0,0,270,0,0,0
0,44.78692,0,0,0,270,0,0,0
0,44.79564,0,0,0,270,0,0,0
0,44.80426,0,0,0,270,0,0,0
0,44.81454,0,0,0,270,0,0,0
0,44.82306,0,0,0,270,0,0,0
0,44.83325,0,0,0,270,0,0,0
0,44.84936,0,0,0,270,0,0,0
0,44.86173,0,0,0,270,0,0,0
0,44.86847,0,0,0,270,0,0,0
0,44.88054,0,0,0,270,0,0,0
0,44.88659,0,0,0,270,0,0,0
0,44.89622,0,0,0,270,0,0,0
0,44.90623,0,0,0,270,0,0,0
0,44.91352,0,0,0,270,0,0,0
0,44.94245,0,0,0,270,0,0,0
0,44.963,0,0,0,270,0,0,0
0,44.97076,0,0,0,270,0,0,0
0,44.97857,0,0,0,270,0,0,0
0,44.98696,0,0,0,270,0,0,0
0,44.99295,0,0,0,270,0,0,0
0,44.99921,0,0,0,270,0,0,0
0,45.0047,0,0,0,270,0,0,0
0,45.01038,0,0,0,270,0,0,0
0,45.01824,0,0,0,270,0,0,0
0,45.02345,0,0,0,270,0,0,0
0,45.02889,0,0,0,270,0,0,0
0,45.03506,0,0,0,270,0,0,0
0,45.04238,0,0,0,270,0,0,0
0,45.04871,0,0,0,270,0,0,0
0,45.05447,0,0,0,270,0,0,0
0,45.0693,0,0,0,270,0,0,0
0,45.07535,0,0,0,270,0,0,0
0,45.08045,0,0,0,270,0,0,0
0,45.08583,0,0,0,270,0,0,0
0,45.09075,0,0,0,270,0,0,0
0,45.09595,0,0,0,270,0,0,0
0,45.10143,0,0,0,270,0,0,0
0,45.10592,0,0,0,270,0,0,0
0,45.11089,0,0,0,270,0,0,0
0,45.11544,0,0,0,270,0,0,0
0,45.12041,0,0,0,270,0,0,0
0,45.12555,0,0,0,270,0,0,0
0,45.13123,0,0,0,270,0,0,0
0,45.13581,0,0,0,270,0,0,0
0,45.14058,0,0,0,270,0,0,0
0,45.14614,0,0,0,270,0,0,0
0,45.15129,0,0,0,270,0,0,0
0,45.15668,0,0,0,270,0,0,0
0,45.16171,0,0,0,270,0,0,0
0,45.16717,0,0,0,270,0,0,0
0,45.17183,0,0,0,270,0,0,0
0,45.17738,0,0,0,270,0,0,0
0,45.18155,0,0,0,270,0,0,0
0,45.1867,0,0,0,270,0,0,0
0,45.19131,0,0,0,270,0,0,0
0,45.19593,0,0,0,270,0,0,0
0,45.20168,0,0,0,270,0,0,0
0,45.20704,0,0,0,270,0,0,0
0,45.21206,0,0,0,270,0,0,0
0,45.2172,0,0,0,270,0,0,0
0,45.22186,0,0,0,270,0,0,0
0,45.22648,0,0,0,270,0,0,0
0,45.23281,0,0,0,270,0,0,0
0,45.23774,0,0,0,270,0,0,0
0,45.24322,0,0,0,270,0,0,0
0,45.24878,0,0,0,270,0,0,0
0,45.25407,0,0,0,270,0,0,0
0,45.25889,0,0,0,270,0,0,0
0,45.26405,0,0,0,270,0,0,0
0,45.2691,0,0,0,270,0,0,0
0,45.27339,0,0,0,270,0,0,0
0,45.27998,0,0,0,270,0,0,0
0,45.28492,0,0,0,270,0,0,0
0,45.29009,0,0,0,270,0,0,0
0,45.29654,0,0,0,270,0,0,0
0,45.3032,0,0,0,270,0,0,0
0,45.30933,0,0,0,270,0,0,0
0,45.31522,0,0,0,270,0,0,0
0,45.32014,0,0,0,270,0,0,0
0,45.32568,0,0,0,270,0,0,0
0,45.33108,0,0,0,270,0,0,0
0,45.33533,0,0,0,270,0,0,0
0,45.34026,0,0,0,270,0,0,0
0,45.3455,0,0,0,270,0,0,0
0,45.35303,0,0,0,270,0,0,0
0,45.36682,0,0,0,270,0,0,0
0,45.37607,0,0,0,270,0,0,0
0,45.38395,0,0,0,270,0,0,0
0,45.39398,0,0,0,270,0,0,0
0,45.40341,0,0,0,270,0,0,0
0,45.41253,0,0,0,270,0,0,0
0,45.42184,0,0,0,270,0,0,0
0,45.43021,0,0,0,270,0,0,0
0,45.43987,0,0,0,270,0,0,0
0,45.44888,0,0,0,270,0,0,0
0,45.45745,0,0,0,270,0,0,0
0,45.46661,0,0,0,270,0,0,0
0,45.47575,0,0,0,270,0,0,0
0,45.48423,0,0,0,270,0,0,0
0,45.49285,0,0,0,270,0,0,0
0,45.50277,0,0,0,270,0,0,0
0,45.51204,0,0,0,270,0,0,0
0,45.52324,0,0,0,270,0,0,0
0,45.53285,0,0,0,270,0,0,0
0,45.54054,0,0,0,270,0,0,0
0,45.54957,0,0,0,270,0,0,0
0,45.55896,0,0,0,270,0,0,0
0,45.57053,0,0,0,270,0,0,0
0,45.58638,0,0,0,270,0,0,0
0,45.5995,0,0,0,270,0,0,0
0,45.61167,0,0,0,270,0,0,0
0,45.62229,0,0,0,270,0,0,0
0,45.63187,0,0,0,270,0,0,0
0,45.64672,0,0,0,270,0,0,0
0,45.65894,0,0,0,270,0,0,0
0,45.6786,0,0,0,270,0,0,0
0,45.69099,0,0,0,270,0,0,0
0,45.70301,0,0,0,270,0,0,0
0,45.71527,0,0,0,270,0,0,0
0,45.72691,0,0,0,270,0,0,0
0,45.73907,0,0,0,270,0,0,0
0,45.75178,0,0,0,270,0,0,0
0,45.76514,0,0,0,270,0,0,0
0,45.77772,0,0,0,270,0,0,0
0,45.78834,0,0,0,270,0,0,0
0,45.80098,0,0,0,270,0,0,0
0,45.81182,0,0,0,270,0,0,0
0,45.8221,0,0,0,270,0,0,0
0,45.83422,0,0,0,270,0,0,0
0,45.84482,0,0,0,270,0,0,0
0,45.85501,0,0,0,270,0,0,0
0,45.86594,0,0,0,270,0,0,0
0,45.87757,0,0,0,270,0,0,0
0,45.88918,0,0,0,270,0,0,0
0,45.90076,0,0,0,270,0,0,0
0,45.9124,0,0,0,270,0,0,0
0,45.92477,0,0,0,270,0,0,0
0,45.9362,0,0,0,270,0,0,0
0,45.94591,0,0,0,270,0,0,0
0,45.95639,0,0,0,270,0,0,0
0,45.96665,0,0,0,270,0,0,0
0,45.97628,0,0,0,270,0,0,0
0,45.98745,0,0,0,270,0,0,0
0,45.99775,0,0,0,270,0,0,0
0,46.00806,0,0,0,270,0,0,0
0,46.01801,0,0,0,270,0,0,0
0,46.02801,0,0,0,270,0,0,0
0,46.03794,0,0,0,270,0,0,0
0,46.04878,0,0,0,270,0,0,0
0,46.06006,0,0,0,270,0,0,0
0,46.07144,0,0,0,270,0,0,0
0,46.08368,0,0,0,270,0,0,0
0,46.09446,0,0,0,270,0,0,0
0,46.10493,0,0,0,270,0,0,0
0,46.11604,0,0,0,270,0,0,0
0,46.1275,0,0,0,270,0,0,0
0,46.13681,0,0,0,270,0,0,0
0,46.14737,0,0,0,270,0,0,0
0,46.15663,0,0,0,270,0,0,0
0,46.16643,0,0,0,270,0,0,0
0,46.17609,0,0,0,270,0,0,0
0,46.18421,0,0,0,270,0,0,0
0,46.19315,0,0,0,270,0,0,0
0,46.20139,0,0,0,270,0,0,0
0,46.20996,0,0,0,270,0,0,0
0,46.21778,0,0,0,270,0,0,0
0,46.22588,0,0,0,270,0,0,0
0,46.23461,0,0,0,270,0,0,0
0,46.24272,0,0,0,270,0,0,0
0,46.25047,0,0,0,270,0,0,0
0,46.25793,0,0,0,270,0,0,0
0,46.2663,0,0,0,270,0,0,0
0,46.27502,0,0,0,270,0,0,0
0,46.2831,0,0,0,270,0,0,0
0,46.29102,0,0,0,270,0,0,0
0,46.30055,0,0,0,270,0,0,0
0,46.31013,0,0,0,270,0,0,0
0,46.31946,0,0,0,270,0,0,0
0,46.33533,0,0,0,270,0,0,0
0,46.34333,0,0,0,270,0,0,0
0,46.35088,0,0,0,270,0,0,0
0,46.35863,0,0,0,270,0,0,0
0,46.36653,0,0,0,270,0,0,0
0,46.37389,0,0,0,270,0,0,0
0,46.38221,0,0,0,270,0,0,0
0,46.39122,0,0,0,270,0,0,0
0,46.39988,0,0,0,270,0,0,0
0,46.40825,0,0,0,270,0,0,0
0,46.41657,0,0,0,270,0,0,0
0,46.42635,0,0,0,270,0,0,0
0,46.43581,0,0,0,270,0,0,0
0,46.44545,0,0,0,270,0,0,0
0,46.45544,0,0,0,270,0,0,0
0,46.46524,0,0,0,270,0,0,0
0,46.47384,0,0,0,270,0,0,0
0,46.48354,0,0,0,270,0,0,0
0,46.49215,0,0,0,270,0,0,0
0,46.50062,0,0,0,270,0,0,0
0,46.50884,0,0,0,270,0,0,0
0,46.51815,0,0,0,270,0,0,0
0,46.53314,0,0,0,270,0,0,0
0,46.54709,0,0,0,270,0,0,0
0,46.55844,0,0,0,270,0,0,0
0,46.56861,0,0,0,270,0,0,0
0,46.57978,0,0,0,270,0,0,0
0,46.59051,0,0,0,270,0,0,0
0,46.60172,0,0,0,270,0,0,0
0,46.61133,0,0,0,270,0,0,0
0,46.62217,0,0,0,270,0,0,0
0,46.63286,0,0,0,270,0,0,0
0,46.64485,0,0,0,270,0,0,0
0,46.65362,0,0,0,270,0,0,0
0,46.66541,0,0,0,270,0,0,0
0,46.68003,0,0,0,270,0,0,0
0,46.69537,0,0,0,270,0,0,0
0,46.71114,0,0,0,270,0,0,0
0,46.7242,0,0,0,270,0,0,0
0,46.73473,0,0,0,270,0,0,0
0,46.74535,0,0,0,270,0,0,0
0,46.75549,0,0,0,270,0,0,0
0,46.76651,0,0,0,270,0,0,0
0,46.78514,0,0,0,270,0,0,0
0,46.79676,0,0,0,270,0,0,0
0,46.80959,0,0,0,270,0,0,0
0,46.82063,0,0,0,270,0,0,0
0,46.83218,0,0,0,270,0,0,0
0,46.84386,0,0,0,270,0,0,0
0,46.85505,0,0,0,270,0,0,0
0,46.86768,0,0,0,270,0,0,0
0,46.87951,0,0,0,270,0,0,0
0,46.89009,0,0,0,270,0,0,0
0,46.90329,0,0,0,270,0,0,0
0,46.91568,0,0,0,270,0,0,0
0,46.92796,0,0,0,270,0,0,0
0,46.9389,0,0,0,270,0,0,0
0,46.95053,0,0,0,270,0,0,0
0,46.96263,0,0,0,270,0,0,0
0,46.97422,0,0,0,270,0,0,0
0,46.98737,0,0,0,270,0,0,0
0,47.00273,0,0,0,270,0,0,0
0,47.01582,0,0,0,270,0,0,0
0,47.03656,0,0,0,270,0,0,0
0,47.04921,0,0,0,270,0,0,0
0,47.06082,0,0,0,270,0,0,0
0,47.07456,0,0,0,270,0,0,0
0,47.09046,0,0,0,270,0,0,0
0,47.10347,0,0,0,270,0,0,0
0,47.11532,0,0,0,270,0,0,0
0,47.1263,0,0,0,270,0,0,0
0,47.13634,0,0,0,270,0,0,0
0,47.14901,0,0,0,270,0,0,0
0,47.15942,0,0,0,270,0,0,0
0,47.1683,0,0,0,270,0,0,0
0,47.17976,0,0,0,270,0,0,0
0,47.19327,0,0,0,270,0,0,0
0,47.20499,0,0,0,270,0,0,0
0,47.2154,0,0,0,270,0,0,0
0,47.22635,0,0,0,270,0,0,0
0,47.23851,0,0,0,270,0,0,0
0,47.24909,0,0,0,270,0,0,0
0,47.2606,0,0,0,270,0,0,0
0,47.27226,0,0,0,270,0,0,0
0,47.286,0,0,0,270,0,0,0
0,47.29926,0,0,0,270,0,0,0
0,47.3082,0,0,0,270,0,0,0
0,47.31966,0,0,0,270,0,0,0
0,47.32836,0,0,0,270,0,0,0
0,47.33721,0,0,0,270,0,0,0
0,47.34715,0,0,0,270,0,0,0
0,47.42733,0,0,0,270,0,0,0
0,47.43932,0,0,0,270,0,0,0
0,47.44904,0,0,0,270,0,0,0
0,47.45954,0,0,0,270,0,0,0
0,47.46888,0,0,0,270,0,0,0
0,47.47813,0,0,0,270,0,0,0
0,47.48822,0,0,0,270,0,0,0
0,47.49785,0,0,0,270,0,0,0
0,47.50611,0,0,0,270,0,0,0
0,47.51379,0,0,0,270,0,0,0
0,47.52223,0,0,0,270,0,0,0
0,47.53057,0,0,0,270,0,0,0
0,47.5393,0,0,0,270,0,0,0
0,47.54865,0,0,0,270,0,0,0
0,47.55943,0,0,0,270,0,0,0
0,47.56919,0,0,0,270,0,0,0
0,47.58117,0,0,0,270,0,0,0
0,47.59301,0,0,0,270,0,0,0
0,47.60133,0,0,0,270,0,0,0
0,47.61113,0,0,0,270,0,0,0
0,47.62114,0,0,0,270,0,0,0
0,47.63073,0,0,0,270,0,0,0
0,47.6396,0,0,0,270,0,0,0
0,47.64869,0,0,0,270,0,0,0
0,47.65808,0,0,0,270,0,0,0
0,47.66711,0,0,0,270,0,0,0
0,47.67588,0,0,0,270,0,0,0
0,47.68336,0,0,0,270,0,0,0
0,47.69307,0,0,0,270,0,0,0
0,47.70163,0,0,0,270,0,0,0
0,47.71014,0,0,0,270,0,0,0
0,47.71853,0,0,0,270,0,0,0
0,47.72839,0,0,0,270,0,0,0
0,47.74604,0,0,0,270,0,0,0
0,47.75677,0,0,0,270,0,0,0
0,47.76711,0,0,0,270,0,0,0
0,47.77858,0,0,0,270,0,0,0
0,47.78842,0,0,0,270,0,0,0
0,47.79946,0,0,0,270,0,0,0
0,47.80835,0,0,0,270,0,0,0
0,47.81844,0,0,0,270,0,0,0
0,47.83092,0,0,0,270,0,0,0
0,47.84569,0,0,0,270,0,0,0
0,47.85891,0,0,0,270,0,0,0
0,47.8713,0,0,0,270,0,0,0
0,47.88514,0,0,0,270,0,0,0
0,47.89738,0,0,0,270,0,0,0
0,47.91731,0,0,0,270,0,0,0
0,47.93168,0,0,0,270,0,0,0
0,47.94458,0,0,0,270,0,0,0
0,47.9562,0,0,0,270,0,0,0
0,47.96685,0,0,0,270,0,0,0
0,47.97956,0,0,0,270,0,0,0
0,47.99285,0,0,0,270,0,0,0
0,48.00592,0,0,0,270,0,0,0
0,48.01763,0,0,0,270,0,0,0
0,48.03222,0,0,0,270,0,0,0
0,48.04542,0,0,0,270,0,0,0
0,48.05841,0,0,0,270,0,0,0
0,48.06995,0,0,0,270,0,0,0
0,48.08242,0,0,0,270,0,0,0
0,48.09492,0,0,0,270,0,0,0
0,48.109,0,0,0,270,0,0,0
0,48.12159,0,0,0,270,0,0,0
0,48.13419,0,0,0,270,0,0,0
0,48.14663,0,0,0,270,0,0,0
0,48.16003,0,0,0,270,0,0,0
0,48.17231,0,0,0,270,0,0,0
0,48.18364,0,0,0,270,0,0,0
0,48.19674,0,0,0,270,0,0,0
0,48.20973,0,0,0,270,0,0,0
0,48.2289,0,0,0,270,0,0,0
0,48.24252,0,0,0,270,0,0,0
0,48.2582,0,0,0,270,0,0,0
0,48.27537,0,0,0,270,0,0,0
0,48.28689,0,0,0,270,0,0,0
0,48.29704,0,0,0,270,0,0,0
0,48.30542,0,0,0,270,0,0,0
0,48.31699,0,0,0,270,0,0,0
0,48.32806,0,0,0,270,0,0,0
0,48.33799,0,0,0,270,0,0,0
0,48.35118,0,0,0,270,0,0,0
0,48.36426,0,0,0,270,0,0,0
0,48.37761,0,0,0,270,0,0,0
0,48.39029,0,0,0,270,0,0,0
0,48.40718,0,0,0,270,0,0,0
0,48.42007,0,0,0,270,0,0,0
0,48.43145,0,0,0,270,0,0,0
0,48.44415,0,0,0,270,0,0,0
0,48.45776,0,0,0,270,0,0,0
0,48.46894,0,0,0,270,0,0,0
0,48.47988,0,0,0,270,0,0,0
0,48.48972,0,0,0,270,0,0,0
0,48.50021,0,0,0,270,0,0,0
0,48.51114,0,0,0,270,0,0,0
0,48.52142,0,0,0,270,0,0,0
0,48.53552,0,0,0,270,0,0,0
0,48.54584,0,0,0,270,0,0,0
0,48.55469,0,0,0,270,0,0,0
0,48.56601,0,0,0,270,0,0,0
0,48.57788,0,0,0,270,0,0,0
0,48.61349,0,0,0,270,0,0,0
0,48.63606,0,0,0,270,0,0,0
0,48.64198,0,0,0,270,0,0,0
0,48.64717,0,0,0,270,0,0,0
0,48.65299,0,0,0,270,0,0,0
0,48.65923,0,0,0,270,0,0,0
0,48.6653,0,0,0,270,0,0,0
0,48.67051,0,0,0,270,0,0,0
0,48.6769,0,0,0,270,0,0,0
0,48.68246,0,0,0,270,0,0,0
0,48.68792,0,0,0,270,0,0,0
0,48.69344,0,0,0,270,0,0,0
0,48.69846,0,0,0,270,0,0,0
0,48.70397,0,0,0,270,0,0,0
0,48.71085,0,0,0,270,0,0,0
0,48.7163,0,0,0,270,0,0,0
0,48.72219,0,0,0,270,0,0,0
0,48.72759,0,0,0,270,0,0,0
0,48.73398,0,0,0,270,0,0,0
0,48.73883,0,0,0,270,0,0,0
0,48.74437,0,0,0,270,0,0,0
0,48.75005,0,0,0,270,0,0,0
0,48.75667,0,0,0,270,0,0,0
0,48.76235,0,0,0,270,0,0,0
0,48.76785,0,0,0,270,0,0,0
0,48.77367,0,0,0,270,0,0,0
0,48.78003,0,0,0,270,0,0,0
0,48.78601,0,0,0,270,0,0,0
0,48.7908,0,0,0,270,0,0,0
0,48.79871,0,0,0,270,0,0,0
0,48.81578,0,0,0,270,0,0,0
0,48.82195,0,0,0,270,0,0,0
0,48.82884,0,0,0,270,0,0,0
0,48.83467,0,0,0,270,0,0,0
0,48.83958,0,0,0,270,0,0,0
0,48.84581,0,0,0,270,0,0,0
0,48.8511,0,0,0,270,0,0,0
0,48.85648,0,0,0,270,0,0,0
0,48.86108,0,0,0,270,0,0,0
0,48.86617,0,0,0,270,0,0,0
0,48.87096,0,0,0,270,0,0,0
0,48.87688,0,0,0,270,0,0,0
0,48.88171,0,0,0,270,0,0,0
0,48.88742,0,0,0,270,0,0,0
0,48.89236,0,0,0,270,0,0,0
0,48.89779,0,0,0,270,0,0,0
0,48.90229,0,0,0,270,0,0,0
0,48.90731,0,0,0,270,0,0,0
0,48.91298,0,0,0,270,0,0,0
0,48.9175,0,0,0,270,0,0,0
0,48.9234,0,0,0,270,0,0,0
0,48.92832,0,0,0,270,0,0,0
0,48.93344,0,0,0,270,0,0,0
0,48.93937,0,0,0,270,0,0,0
0,48.94529,0,0,0,270,0,0,0
0,48.95118,0,0,0,270,0,0,0
0,48.95716,0,0,0,270,0,0,0
0,48.96206,0,0,0,270,0,0,0
0,48.96808,0,0,0,270,0,0,0
0,48.97462,0,0,0,270,0,0,0
0,48.9802,0,0,0,270,0,0,0
0,48.98594,0,0,0,270,0,0,0
0,48.99093,0,0,0,270,0,0,0
0,48.99618,0,0,0,270,0,0,0
0,49.00255,0,0,0,270,0,0,0
0,49.00796,0,0,0,270,0,0,0
0,49.0142,0,0,0,270,0,0,0
0,49.02022,0,0,0,270,0,0,0
0,49.02593,0,0,0,270,0,0,0
0,49.03291,0,0,0,270,0,0,0
0,49.03997,0,0,0,270,0,0,0
0,49.06503,0,0,0,270,0,0,0
0,49.08477,0,0,0,270,0,0,0
0,49.10797,0,0,0,270,0,0,0
0,49.13208,0,0,0,270,0,0,0
0,49.14974,0,0,0,270,0,0,0
0,49.1743,0,0,0,270,0,0,0
0,49.18158,0,0,0,270,0,0,0
0,49.19125,0,0,0,270,0,0,0
0,49.19849,0,0,0,270,0,0,0
0,49.2075,0,0,0,270,0,0,0
0,49.21475,0,0,0,270,0,0,0
0,49.22215,0,0,0,270,0,0,0
0,49.22963,0,0,0,270,0,0,0
0,49.23894,0,0,0,270,0,0,0
0,49.24578,0,0,0,270,0,0,0
0,49.25444,0,0,0,270,0,0,0
0,49.27151,0,0,0,270,0,0,0
0,49.29022,0,0,0,270,0,0,0
0,49.30147,0,0,0,270,0,0,0
0,49.31099,0,0,0,270,0,0,0
0,49.31737,0,0,0,270,0,0,0
0,49.32373,0,0,0,270,0,0,0
0,49.3308,0,0,0,270,0,0,0
0,49.33654,0,0,0,270,0,0,0
0,49.343,0,0,0,270,0,0,0
0,49.34917,0,0,0,270,0,0,0
0,49.35559,0,0,0,270,0,0,0
0,49.36235,0,0,0,270,0,0,0
0,49.36954,0,0,0,270,0,0,0
0,49.38113,0,0,0,270,0,0,0
0,49.38795,0,0,0,270,0,0,0
0,49.39583,0,0,0,270,0,0,0
0,49.40196,0,0,0,270,0,0,0
0,49.40832,0,0,0,270,0,0,0
0,49.41763,0,0,0,270,0,0,0
0,49.42404,0,0,0,270,0,0,0
0,49.42924,0,0,0,270,0,0,0
0,49.43504,0,0,0,270,0,0,0
0,49.44253,0,0,0,270,0,0,0
0,49.44883,0,0,0,270,0,0,0
0,49.45588,0,0,0,270,0,0,0
0,49.46265,0,0,0,270,0,0,0
0,49.47102,0,0,0,270,0,0,0
0,49.47863,0,0,0,270,0,0,0
0,49.49056,0,0,0,270,0,0,0
0,49.51664,0,0,0,270,0,0,0
0,49.52511,0,0,0,270,0,0,0
0,49.5352,0,0,0,270,0,0,0
0,49.54263,0,0,0,270,0,0,0
0,49.54976,0,0,0,270,0,0,0
0,49.55645,0,0,0,270,0,0,0
0,49.56376,0,0,0,270,0,0,0
0,49.56978,0,0,0,270,0,0,0
0,49.57684,0,0,0,270,0,0,0
0,49.58472,0,0,0,270,0,0,0
0,49.59288,0,0,0,270,0,0,0
0,49.60056,0,0,0,270,0,0,0
0,49.60686,0,0,0,270,0,0,0
0,49.61513,0,0,0,270,0,0,0
0,49.62208,0,0,0,270,0,0,0
0,49.62774,0,0,0,270,0,0,0
0,49.63476,0,0,0,270,0,0,0
0,49.6419,0,0,0,270,0,0,0
0,49.64799,0,0,0,270,0,0,0
0,49.65469,0,0,0,270,0,0,0
0,49.66095,0,0,0,270,0,0,0
0,49.66779,0,0,0,270,0,0,0
0,49.67532,0,0,0,270,0,0,0
0,49.6813,0,0,0,270,0,0,0
0,49.68883,0,0,0,270,0,0,0
0,49.69532,0,0,0,270,0,0,0
0,49.70204,0,0,0,270,0,0,0
0,49.7075,0,0,0,270,0,0,0
0,49.7136,0,0,0,270,0,0,0
0,49.721,0,0,0,270,0,0,0
0,49.72659,0,0,0,270,0,0,0
0,49.73345,0,0,0,270,0,0,0
0,49.74006,0,0,0,270,0,0,0
0,49.74639,0,0,0,270,0,0,0
0,49.75341,0,0,0,270,0,0,0
0,49.75978,0,0,0,270,0,0,0
0,49.76708,0,0,0,270,0,0,0
0,49.77283,0,0,0,270,0,0,0
0,49.78105,0,0,0,270,0,0,0
0,49.78953,0,0,0,270,0,0,0
0,49.8026,0,0,0,270,0,0,0
0,49.8246,0,0,0,270,0,0,0
0,49.83851,0,0,0,270,0,0,0
0,49.84598,0,0,0,270,0,0,0
0,49.85308,0,0,0,270,0,0,0
0,49.85975,0,0,0,270,0,0,0
0,49.8671,0,0,0,270,0,0,0
0,49.87251,0,0,0,270,0,0,0
0,49.87906,0,0,0,270,0,0,0
0,49.88594,0,0,0,270,0,0,0
0,49.89206,0,0,0,270,0,0,0
0,49.89828,0,0,0,270,0,0,0
0,49.90389,0,0,0,270,0,0,0
0,49.91037,0,0,0,270,0,0,0
0,49.91586,0,0,0,270,0,0,0
0,49.92224,0,0,0,270,0,0,0
0,49.92776,0,0,0,270,0,0,0
0,49.9337,0,0,0,270,0,0,0
0,49.93997,0,0,0,270,0,0,0
0,49.94584,0,0,0,270,0,0,0
0,49.95242,0,0,0,270,0,0,0
0,49.95784,0,0,0,270,0,0,0
0,49.96402,0,0,0,270,0,0,0
0,49.97007,0,0,0,270,0,0,0
0,49.97588,0,0,0,270,0,0,0
0,49.98211,0,0,0,270,0,0,0
0,49.98911,0,0,0,270,0,0,0
0,49.99595,0,0,0,270,0,0,0
0,50.00421,0,0,0,270,0,0,0
0,50.01422,0,0,0,270,0,0,0
0,50.03323,0,0,0,270,0,0,0
0,50.05252,0,0,0,270,0,0,0
0,50.05956,0,0,0,270,0,0,0
0,50.06762,0,0,0,270,0,0,0
0,50.08228,0,0,0,270,0,0,0
0,50.08875,0,0,0,270,0,0,0
0,50.09538,0,0,0,270,0,0,0
0,50.1014,0,0,0,270,0,0,0
0,50.10834,0,0,0,270,0,0,0
0,50.11397,0,0,0,270,0,0,0
0,50.12043,0,0,0,270,0,0,0
0,50.12666,0,0,0,270,0,0,0
0,50.13339,0,0,0,270,0,0,0
0,50.1391,0,0,0,270,0,0,0
0,50.14562,0,0,0,270,0,0,0
0,50.15116,0,0,0,270,0,0,0
0,50.15892,0,0,0,270,0,0,0
0,50.16561,0,0,0,270,0,0,0
0,50.17241,0,0,0,270,0,0,0
0,50.179,0,0,0,270,0,0,0
0,50.18528,0,0,0,270,0,0,0
0,50.19178,0,0,0,270,0,0,0
0,50.1978,0,0,0,270,0,0,0
0,50.20368,0,0,0,270,0,0,0
0,50.2094,0,0,0,270,0,0,0
0,50.21514,0,0,0,270,0,0,0
0,50.22178,0,0,0,270,0,0,0
0,50.22668,0,0,0,270,0,0,0
0,50.2323,0,0,0,270,0,0,0
0,50.23758,0,0,0,270,0,0,0
0,50.24358,0,0,0,270,0,0,0
0,50.24952,0,0,0,270,0,0,0
0,50.25529,0,0,0,270,0,0,0
0,50.26028,0,0,0,270,0,0,0
0,50.26567,0,0,0,270,0,0,0
0,50.27123,0,0,0,270,0,0,0
0,50.27634,0,0,0,270,0,0,0
0,50.28149,0,0,0,270,0,0,0
0,50.28655,0,0,0,270,0,0,0
0,50.29179,0,0,0,270,0,0,0
0,50.29683,0,0,0,270,0,0,0
0,50.30178,0,0,0,270,0,0,0
0,50.30644,0,0,0,270,0,0,0
0,50.31185,0,0,0,270,0,0,0
0,50.31623,0,0,0,270,0,0,0
0,50.32156,0,0,0,270,0,0,0
0,50.3263,0,0,0,270,0,0,0
0,50.33118,0,0,0,270,0,0,0
0,50.33562,0,0,0,270,0,0,0
0,50.3402,0,0,0,270,0,0,0
0,50.34577,0,0,0,270,0,0,0
0,50.35032,0,0,0,270,0,0,0
0,50.35589,0,0,0,270,0,0,0
0,50.36105,0,0,0,270,0,0,0
0,50.36649,0,0,0,270,0,0,0
0,50.3715,0,0,0,270,0,0,0
0,50.37736,0,0,0,270,0,0,0
0,50.38257,0,0,0,270,0,0,0
0,50.38903,0,0,0,270,0,0,0
0,50.3945,0,0,0,270,0,0,0
0,50.40007,0,0,0,270,0,0,0
0,50.40562,0,0,0,270,0,0,0
0,50.41076,0,0,0,270,0,0,0
0,50.41582,0,0,0,270,0,0,0
0,50.42152,0,0,0,270,0,0,0
0,50.42601,0,0,0,270,0,0,0
0,50.43311,0,0,0,270,0,0,0
0,50.4386,0,0,0,270,0,0,0
0,50.44394,0,0,0,270,0,0,0
0,50.45049,0,0,0,270,0,0,0
0,50.45734,0,0,0,270,0,0,0
0,50.46278,0,0,0,270,0,0,0
0,50.46859,0,0,0,270,0,0,0
0,50.47348,0,0,0,270,0,0,0
0,50.47857,0,0,0,270,0,0,0
0,50.48298,0,0,0,270,0,0,0
0,50.48854,0,0,0,270,0,0,0
0,50.49329,0,0,0,270,0,0,0
0,50.50014,0,0,0,270,0,0,0
0,50.50566,0,0,0,270,0,0,0
0,50.51189,0,0,0,270,0,0,0
0,50.51971,0,0,0,270,0,0,0
0,50.52645,0,0,0,270,0,0,0
0,50.54887,0,0,0,270,0,0,0
0,50.55433,0,0,0,270,0,0,0
0,50.55956,0,0,0,270,0,0,0
0,50.56506,0,0,0,270,0,0,0
0,50.56987,0,0,0,270,0,0,0
0,50.57471,0,0,0,270,0,0,0
0,50.57935,0,0,0,270,0,0,0
0,50.58455,0,0,0,270,0,0,0
0,50.58948,0,0,0,270,0,0,0
0,50.59412,0,0,0,270,0,0,0
0,50.59862,0,0,0,270,0,0,0
0,50.60419,0,0,0,270,0,0,0
0,50.61072,0,0,0,270,0,0,0
0,50.61648,0,0,0,270,0,0,0
0,50.62223,0,0,0,270,0,0,0
0,50.62695,0,0,0,270,0,0,0
0,50.63168,0,0,0,270,0,0,0
0,50.63763,0,0,0,270,0,0,0
0,50.64321,0,0,0,270,0,0,0
0,50.64788,0,0,0,270,0,0,0
0,50.65281,0,0,0,270,0,0,0
0,50.65823,0,0,0,270,0,0,0
0,50.66412,0,0,0,270,0,0,0
0,50.67233,0,0,0,270,0,0,0
0,50.67904,0,0,0,270,0,0,0
0,50.68409,0,0,0,270,0,0,0
0,50.68991,0,0,0,270,0,0,0
0,50.69451,0,0,0,270,0,0,0
0,50.69985,0,0,0,270,0,0,0
0,50.71143,0,0,0,270,0,0,0
0,50.71641,0,0,0,270,0,0,0
0,50.72213,0,0,0,270,0,0,0
0,50.72694,0,0,0,270,0,0,0
0,50.73264,0,0,0,270,0,0,0
0,50.738,0,0,0,270,0,0,0
0,50.74305,0,0,0,270,0,0,0
0,50.74829,0,0,0,270,0,0,0
0,50.75384,0,0,0,270,0,0,0
0,50.75916,0,0,0,270,0,0,0
0,50.76606,0,0,0,270,0,0,0
0,50.77076,0,0,0,270,0,0,0
0,50.77772,0,0,0,270,0,0,0
0,50.78373,0,0,0,270,0,0,0
0,50.78975,0,0,0,270,0,0,0
0,50.79588,0,0,0,270,0,0,0
0,50.8041,0,0,0,270,0,0,0
0,50.81161,0,0,0,270,0,0,0
0,50.81813,0,0,0,270,0,0,0
0,50.82476,0,0,0,270,0,0,0
0,50.8318,0,0,0,270,0,0,0
0,50.83772,0,0,0,270,0,0,0
0,50.84382,0,0,0,270,0,0,0
0,50.84961,0,0,0,270,0,0,0
0,50.85672,0,0,0,270,0,0,0
0,50.86425,0,0,0,270,0,0,0
0,50.87017,0,0,0,270,0,0,0
0,50.87694,0,0,0,270,0,0,0
0,50.88284,0,0,0,270,0,0,0
0,50.89183,0,0,0,270,0,0,0
0,50.90232,0,0,0,270,0,0,0
0,50.92596,0,0,0,270,0,0,0
0,50.93207,0,0,0,270,0,0,0
0,50.93849,0,0,0,270,0,0,0
0,50.94531,0,0,0,270,0,0,0
0,50.95245,0,0,0,270,0,0,0
0,50.95868,0,0,0,270,0,0,0
0,50.96535,0,0,0,270,0,0,0
0,50.97178,0,0,0,270,0,0,0
0,50.97874,0,0,0,270,0,0,0
0,50.986,0,0,0,270,0,0,0
0,50.99143,0,0,0,270,0,0,0
0,50.99802,0,0,0,270,0,0,0
0,51.00406,0,0,0,270,0,0,0
0,51.01221,0,0,0,270,0,0,0
0,51.0248,0,0,0,270,0,0,0
0,51.03445,0,0,0,270,0,0,0
0,51.04035,0,0,0,270,0,0,0
0,51.04645,0,0,0,270,0,0,0
0,51.05157,0,0,0,270,0,0,0
0,51.05761,0,0,0,270,0,0,0
0,51.06401,0,0,0,270,0,0,0
0,51.07023,0,0,0,270,0,0,0
0,51.07728,0,0,0,270,0,0,0
0,51.08403,0,0,0,270,0,0,0
0,51.09202,0,0,0,270,0,0,0
0,51.09913,0,0,0,270,0,0,0
0,51.10467,0,0,0,270,0,0,0
0,51.11136,0,0,0,270,0,0,0
0,51.1175,0,0,0,270,0,0,0
0,51.12352,0,0,0,270,0,0,0
0,51.1312,0,0,0,270,0,0,0
0,51.14426,0,0,0,270,0,0,0
0,51.17467,0,0,0,270,0,0,0
0,51.18129,0,0,0,270,0,0,0
0,51.18806,0,0,0,270,0,0,0
0,51.19423,0,0,0,270,0,0,0
0,51.20079,0,0,0,270,0,0,0
0,51.20622,0,0,0,270,0,0,0
0,51.21257,0,0,0,270,0,0,0
0,51.21867,0,0,0,270,0,0,0
0,51.22519,0,0,0,270,0,0,0
0,51.23076,0,0,0,270,0,0,0
0,51.23825,0,0,0,270,0,0,0
0,51.24606,0,0,0,270,0,0,0
0,51.25246,0,0,0,270,0,0,0
0,51.25782,0,0,0,270,0,0,0
0,51.26387,0,0,0,270,0,0,0
0,51.26956,0,0,0,270,0,0,0
0,51.27618,0,0,0,270,0,0,0
0,51.28302,0,0,0,270,0,0,0
0,51.29062,0,0,0,270,0,0,0
0,51.29948,0,0,0,270,0,0,0
0,51.31282,0,0,0,270,0,0,0
0,51.33644,0,0,0,270,0,0,0
0,51.34217,0,0,0,270,0,0,0
0,51.34649,0,0,0,270,0,0,0
0,51.35094,0,0,0,270,0,0,0
0,51.35603,0,0,0,270,0,0,0
0,51.36127,0,0,0,270,0,0,0
0,51.36665,0,0,0,270,0,0,0
0,51.37112,0,0,0,270,0,0,0
0,51.37616,0,0,0,270,0,0,0
0,51.38069,0,0,0,270,0,0,0
0,51.38593,0,0,0,270,0,0,0
0,51.39127,0,0,0,270,0,0,0
0,51.39712,0,0,0,270,0,0,0
0,51.40194,0,0,0,270,0,0,0
0,51.40733,0,0,0,270,0,0,0
0,51.41344,0,0,0,270,0,0,0
0,51.42137,0,0,0,270,0,0,0
0,51.42792,0,0,0,270,0,0,0
0,51.43998,0,0,0,270,0,0,0
0,51.4455,0,0,0,270,0,0,0
0,51.45047,0,0,0,270,0,0,0
0,51.4563,0,0,0,270,0,0,0
0,51.46104,0,0,0,270,0,0,0
0,51.4665,0,0,0,270,0,0,0
0,51.4722,0,0,0,270,0,0,0
0,51.47785,0,0,0,270,0,0,0
0,51.48314,0,0,0,270,0,0,0
0,51.48829,0,0,0,270,0,0,0
0,51.49324,0,0,0,270,0,0,0
0,51.49801,0,0,0,270,0,0,0
0,51.50232,0,0,0,270,0,0,0
0,51.50842,0,0,0,270,0,0,0
0,51.51475,0,0,0,270,0,0,0
0,51.5205,0,0,0,270,0,0,0
0,51.52506,0,0,0,270,0,0,0
0,51.53057,0,0,0,270,0,0,0
0,51.53513,0,0,0,270,0,0,0
0,51.54045,0,0,0,270,0,0,0
0,51.54627,0,0,0,270,0,0,0
0,51.55133,0,0,0,270,0,0,0
0,51.55764,0,0,0,270,0,0,0
0,51.56249,0,0,0,270,0,0,0
0,51.56832,0,0,0,270,0,0,0
0,51.57559,0,0,0,270,0,0,0
0,51.58114,0,0,0,270,0,0,0
0,51.58661,0,0,0,270,0,0,0
0,51.59187,0,0,0,270,0,0,0
0,51.59685,0,0,0,270,0,0,0
0,51.60137,0,0,0,270,0,0,0
0,51.60611,0,0,0,270,0,0,0
0,51.6116,0,0,0,270,0,0,0
0,51.61664,0,0,0,270,0,0,0
0,51.62283,0,0,0,270,0,0,0
0,51.62815,0,0,0,270,0,0,0
0,51.63434,0,0,0,270,0,0,0
0,51.6401,0,0,0,270,0,0,0
0,51.64524,0,0,0,270,0,0,0
0,51.65074,0,0,0,270,0,0,0
0,51.65744,0,0,0,270,0,0,0
0,51.66205,0,0,0,270,0,0,0
0,51.66704,0,0,0,270,0,0,0
0,51.67173,0,0,0,270,0,0,0
0,51.67759,0,0,0,270,0,0,0
0,51.68203,0,0,0,270,0,0,0
0,51.68728,0,0,0,270,0,0,0
0,51.69234,0,0,0,270,0,0,0
0,51.69835,0,0,0,270,0,0,0
0,51.7037,0,0,0,270,0,0,0
0,51.70944,0,0,0,270,0,0,0
0,51.71459,0,0,0,270,0,0,0
0,51.72033,0,0,0,270,0,0,0
0,51.72527,0,0,0,270,0,0,0
0,51.73137,0,0,0,270,0,0,0
0,51.73633,0,0,0,270,0,0,0
0,51.74224,0,0,0,270,0,0,0
0,51.74823,0,0,0,270,0,0,0
0,51.75399,0,0,0,270,0,0,0
0,51.75924,0,0,0,270,0,0,0
0,51.76487,0,0,0,270,0,0,0
0,51.77036,0,0,0,270,0,0,0
0,51.77602,0,0,0,270,0,0,0
0,51.78048,0,0,0,270,0,0,0
0,51.78498,0,0,0,270,0,0,0
0,51.79079,0,0,0,270,0,0,0
0,51.79603,0,0,0,270,0,0,0
0,51.80304,0,0,0,270,0,0,0
0,51.80846,0,0,0,270,0,0,0
0,51.81336,0,0,0,270,0,0,0
0,51.81777,0,0,0,270,0,0,0
0,51.82319,0,0,0,270,0,0,0
0,51.82873,0,0,0,270,0,0,0
0,51.83441,0,0,0,270,0,0,0
0,51.83987,0,0,0,270,0,0,0
0,51.84592,0,0,0,270,0,0,0
0,51.85104,0,0,0,270,0,0,0
0,51.85596,0,0,0,270,0,0,0
0,51.861,0,0,0,270,0,0,0
0,51.86676,0,0,0,270,0,0,0
0,51.87168,0,0,0,270,0,0,0
0,51.87729,0,0,0,270,0,0,0
0,51.88173,0,0,0,270,0,0,0
0,51.88725,0,0,0,270,0,0,0
0,51.89208,0,0,0,270,0,0,0
0,51.89852,0,0,0,270,0,0,0
0,51.90358,0,0,0,270,0,0,0
0,51.90942,0,0,0,270,0,0,0
0,51.91428,0,0,0,270,0,0,0
0,51.91982,0,0,0,270,0,0,0
0,51.92675,0,0,0,270,0,0,0
0,51.93339,0,0,0,270,0,0,0
0,51.93789,0,0,0,270,0,0,0
0,51.94306,0,0,0,270,0,0,0
0,51.94931,0,0,0,270,0,0,0
0,51.95571,0,0,0,270,0,0,0
0,51.96155,0,0,0,270,0,0,0
0,51.96883,0,0,0,270,0,0,0
0,51.97733,0,0,0,270,0,0,0
0,51.98937,0,0,0,270,0,0,0
0,51.99904,0,0,0,270,0,0,0
0,52.00455,0,0,0,270,0,0,0
0,52.01146,0,0,0,270,0,0,0
0,52.01749,0,0,0,270,0,0,0
0,52.02331,0,0,0,270,0,0,0
0,52.03014,0,0,0,270,0,0,0
0,52.03588,0,0,0,270,0,0,0
0,52.04266,0,0,0,270,0,0,0
0,52.0493,0,0,0,270,0,0,0
0,52.05713,0,0,0,270,0,0,0
0,52.06474,0,0,0,270,0,0,0
0,52.07119,0,0,0,270,0,0,0
0,52.07885,0,0,0,270,0,0,0
0,52.09526,0,0,0,270,0,0,0
0,52.1027,0,0,0,270,0,0,0
0,52.11133,0,0,0,270,0,0,0
0,52.11917,0,0,0,270,0,0,0
0,52.12566,0,0,0,270,0,0,0
0,52.13214,0,0,0,270,0,0,0
0,52.13765,0,0,0,270,0,0,0
0,52.14513,0,0,0,270,0,0,0
0,52.15257,0,0,0,270,0,0,0
0,52.15891,0,0,0,270,0,0,0
0,52.16586,0,0,0,270,0,0,0
0,52.17255,0,0,0,270,0,0,0
0,52.18216,0,0,0,270,0,0,0
0,52.19586,0,0,0,270,0,0,0
0,52.22088,0,0,0,270,0,0,0
0,52.22678,0,0,0,270,0,0,0
0,52.23363,0,0,0,270,0,0,0
0,52.23987,0,0,0,270,0,0,0
0,52.2464,0,0,0,270,0,0,0
0,52.25356,0,0,0,270,0,0,0
0,52.25891,0,0,0,270,0,0,0
0,52.26515,0,0,0,270,0,0,0
0,52.271,0,0,0,270,0,0,0
0,52.27802,0,0,0,270,0,0,0
0,52.28621,0,0,0,270,0,0,0
0,52.29454,0,0,0,270,0,0,0
0,52.30537,0,0,0,270,0,0,0
0,52.31313,0,0,0,270,0,0,0
0,52.31978,0,0,0,270,0,0,0
0,52.32581,0,0,0,270,0,0,0
0,52.33337,0,0,0,270,0,0,0
0,52.34043,0,0,0,270,0,0,0
0,52.34769,0,0,0,270,0,0,0
0,52.35389,0,0,0,270,0,0,0
0,52.36104,0,0,0,270,0,0,0
0,52.36952,0,0,0,270,0,0,0
0,52.39098,0,0,0,270,0,0,0
0,52.39826,0,0,0,270,0,0,0
0,52.40376,0,0,0,270,0,0,0
0,52.40993,0,0,0,270,0,0,0
0,52.41587,0,0,0,270,0,0,0
0,52.42286,0,0,0,270,0,0,0
0,52.42891,0,0,0,270,0,0,0
0,52.43459,0,0,0,270,0,0,0
0,52.44058,0,0,0,270,0,0,0
0,52.44647,0,0,0,270,0,0,0
0,52.45254,0,0,0,270,0,0,0
0,52.4587,0,0,0,270,0,0,0
0,52.46426,0,0,0,270,0,0,0
0,52.47039,0,0,0,270,0,0,0
0,52.47822,0,0,0,270,0,0,0
0,52.48842,0,0,0,270,0,0,0
0,52.49846,0,0,0,270,0,0,0
0,52.50478,0,0,0,270,0,0,0
0,52.51107,0,0,0,270,0,0,0
0,52.51828,0,0,0,270,0,0,0
0,52.52546,0,0,0,270,0,0,0
0,52.53351,0,0,0,270,0,0,0
0,52.542,0,0,0,270,0,0,0
0,52.55153,0,0,0,270,0,0,0
0,52.57141,0,0,0,270,0,0,0
0,52.57781,0,0,0,270,0,0,0
0,52.58277,0,0,0,270,0,0,0
0,52.58786,0,0,0,270,0,0,0
0,52.59348,0,0,0,270,0,0,0
0,52.59888,0,0,0,270,0,0,0
0,52.60469,0,0,0,270,0,0,0
0,52.61094,0,0,0,270,0,0,0
0,52.61587,0,0,0,270,0,0,0
0,52.62217,0,0,0,270,0,0,0
0,52.62808,0,0,0,270,0,0,0
0,52.63346,0,0,0,270,0,0,0
0,52.64194,0,0,0,270,0,0,0
0,52.64938,0,0,0,270,0,0,0
0,52.65817,0,0,0,270,0,0,0
0,52.66293,0,0,0,270,0,0,0
0,52.66788,0,0,0,270,0,0,0
0,52.67355,0,0,0,270,0,0,0
0,52.67871,0,0,0,270,0,0,0
0,52.68363,0,0,0,270,0,0,0
0,52.68951,0,0,0,270,0,0,0
0,52.69468,0,0,0,270,0,0,0
0,52.70228,0,0,0,270,0,0,0
0,52.71884,0,0,0,270,0,0,0
0,52.72419,0,0,0,270,0,0,0
0,52.72876,0,0,0,270,0,0,0
0,52.73431,0,0,0,270,0,0,0
0,52.73964,0,0,0,270,0,0,0
0,52.74447,0,0,0,270,0,0,0
0,52.75022,0,0,0,270,0,0,0
0,52.75593,0,0,0,270,0,0,0
0,52.76053,0,0,0,270,0,0,0
0,52.76668,0,0,0,270,0,0,0
0,52.77184,0,0,0,270,0,0,0
0,52.77749,0,0,0,270,0,0,0
0,52.78318,0,0,0,270,0,0,0
0,52.78841,0,0,0,270,0,0,0
0,52.7935,0,0,0,270,0,0,0
0,52.80075,0,0,0,270,0,0,0
0,52.80782,0,0,0,270,0,0,0
0,52.81456,0,0,0,270,0,0,0
0,52.81981,0,0,0,270,0,0,0
0,52.83271,0,0,0,270,0,0,0
0,52.84098,0,0,0,270,0,0,0
0,52.8532,0,0,0,270,0,0,0
0,52.85928,0,0,0,270,0,0,0
0,52.86479,0,0,0,270,0,0,0
0,52.86971,0,0,0,270,0,0,0
0,52.87468,0,0,0,270,0,0,0
0,52.87943,0,0,0,270,0,0,0
0,52.88404,0,0,0,270,0,0,0
0,52.88929,0,0,0,270,0,0,0
0,52.89534,0,0,0,270,0,0,0
0,52.90121,0,0,0,270,0,0,0
0,52.90648,0,0,0,270,0,0,0
0,52.91157,0,0,0,270,0,0,0
0,52.91727,0,0,0,270,0,0,0
0,52.92345,0,0,0,270,0,0,0
0,52.93002,0,0,0,270,0,0,0
0,52.93497,0,0,0,270,0,0,0
0,52.9405,0,0,0,270,0,0,0
0,52.94553,0,0,0,270,0,0,0
0,52.95026,0,0,0,270,0,0,0
0,52.95554,0,0,0,270,0,0,0
0,52.96032,0,0,0,270,0,0,0
0,52.96659,0,0,0,270,0,0,0
0,52.97122,0,0,0,270,0,0,0
0,52.97685,0,0,0,270,0,0,0
0,52.98186,0,0,0,270,0,0,0
0,52.98756,0,0,0,270,0,0,0
0,52.99263,0,0,0,270,0,0,0
0,52.99805,0,0,0,270,0,0,0
0,53.00317,0,0,0,270,0,0,0
0,53.00873,0,0,0,270,0,0,0
0,53.01648,0,0,0,270,0,0,0
0,53.03558,0,0,0,270,0,0,0
0,53.04036,0,0,0,270,0,0,0
0,53.04548,0,0,0,270,0,0,0
0,53.05027,0,0,0,270,0,0,0
0,53.05574,0,0,0,270,0,0,0
0,53.06193,0,0,0,270,0,0,0
0,53.0678,0,0,0,270,0,0,0
0,53.07285,0,0,0,270,0,0,0
0,53.07829,0,0,0,270,0,0,0
0,53.08299,0,0,0,270,0,0,0
0,53.08822,0,0,0,270,0,0,0
0,53.09323,0,0,0,270,0,0,0
0,53.09908,0,0,0,270,0,0,0
0,53.10348,0,0,0,270,0,0,0
0,53.10894,0,0,0,270,0,0,0
0,53.11371,0,0,0,270,0,0,0
0,53.12003,0,0,0,270,0,0,0
0,53.12807,0,0,0,270,0,0,0
0,53.13623,0,0,0,270,0,0,0
0,53.14318,0,0,0,270,0,0,0
0,53.14851,0,0,0,270,0,0,0
0,53.1559,0,0,0,270,0,0,0
0,53.16189,0,0,0,270,0,0,0
0,53.1691,0,0,0,270,0,0,0
0,53.17574,0,0,0,270,0,0,0
0,53.18137,0,0,0,270,0,0,0
0,53.18726,0,0,0,270,0,0,0
0,53.19315,0,0,0,270,0,0,0
0,53.19881,0,0,0,270,0,0,0
0,53.20451,0,0,0,270,0,0,0
0,53.21012,0,0,0,270,0,0,0
0,53.21618,0,0,0,270,0,0,0
0,53.22262,0,0,0,270,0,0,0
0,53.22866,0,0,0,270,0,0,0
0,53.2354,0,0,0,270,0,0,0
0,53.24291,0,0,0,270,0,0,0
0,53.24958,0,0,0,270,0,0,0
0,53.25747,0,0,0,270,0,0,0
0,53.26454,0,0,0,270,0,0,0
0,53.27161,0,0,0,270,0,0,0
0,53.27912,0,0,0,270,0,0,0
0,53.2863,0,0,0,270,0,0,0
0,53.29313,0,0,0,270,0,0,0
0,53.30066,0,0,0,270,0,0,0
0,53.308,0,0,0,270,0,0,0
0,53.31351,0,0,0,270,0,0,0
0,53.31993,0,0,0,270,0,0,0
0,53.32583,0,0,0,270,0,0,0
0,53.33237,0,0,0,270,0,0,0
0,53.33871,0,0,0,270,0,0,0
0,53.34509,0,0,0,270,0,0,0
0,53.35066,0,0,0,270,0,0,0
0,53.35749,0,0,0,270,0,0,0
0,53.36461,0,0,0,270,0,0,0
0,53.37125,0,0,0,270,0,0,0
0,53.3779,0,0,0,270,0,0,0
0,53.3835,0,0,0,270,0,0,0
0,53.38978,0,0,0,270,0,0,0
0,53.39623,0,0,0,270,0,0,0
0,53.40242,0,0,0,270,0,0,0
0,53.40863,0,0,0,270,0,0,0
0,53.41481,0,0,0,270,0,0,0
0,53.42175,0,0,0,270,0,0,0
0,53.42821,0,0,0,270,0,0,0
0,53.43633,0,0,0,270,0,0,0
0,53.44407,0,0,0,270,0,0,0
0,53.45998,0,0,0,270,0,0,0
0,53.4675,0,0,0,270,0,0,0
0,53.47528,0,0,0,270,0,0,0
0,53.48333,0,0,0,270,0,0,0
0,53.49197,0,0,0,270,0,0,0
0,53.50002,0,0,0,270,0,0,0
0,53.50753,0,0,0,270,0,0,0
0,53.51563,0,0,0,270,0,0,0
0,53.52335,0,0,0,270,0,0,0
0,53.53077,0,0,0,270,0,0,0
0,53.53771,0,0,0,270,0,0,0
0,53.54477,0,0,0,270,0,0,0
0,53.55204,0,0,0,270,0,0,0
0,53.55945,0,0,0,270,0,0,0
0,53.56647,0,0,0,270,0,0,0
0,53.57309,0,0,0,270,0,0,0
0,53.5799,0,0,0,270,0,0,0
0,53.58603,0,0,0,270,0,0,0
0,53.5941,0,0,0,270,0,0,0
0,53.6044,0,0,0,270,0,0,0
0,53.6316,0,0,0,270,0,0,0
0,53.63732,0,0,0,270,0,0,0
0,53.64418,0,0,0,270,0,0,0
0,53.65041,0,0,0,270,0,0,0
0,53.65782,0,0,0,270,0,0,0
0,53.6651,0,0,0,270,0,0,0
0,53.67259,0,0,0,270,0,0,0
0,53.68029,0,0,0,270,0,0,0
0,53.68921,0,0,0,270,0,0,0
0,53.69596,0,0,0,270,0,0,0
0,53.70467,0,0,0,270,0,0,0
0,53.7177,0,0,0,270,0,0,0
0,53.73974,0,0,0,270,0,0,0
0,53.74531,0,0,0,270,0,0,0
0,53.75063,0,0,0,270,0,0,0
0,53.75656,0,0,0,270,0,0,0
0,53.76262,0,0,0,270,0,0,0
0,53.77016,0,0,0,270,0,0,0
0,53.7773,0,0,0,270,0,0,0
0,53.78355,0,0,0,270,0,0,0
0,53.79082,0,0,0,270,0,0,0
0,53.79892,0,0,0,270,0,0,0
0,53.80522,0,0,0,270,0,0,0
0,53.81248,0,0,0,270,0,0,0
0,53.81848,0,0,0,270,0,0,0
0,53.82514,0,0,0,270,0,0,0
0,53.83303,0,0,0,270,0,0,0
0,53.84255,0,0,0,270,0,0,0
0,53.85105,0,0,0,270,0,0,0
0,53.86002,0,0,0,270,0,0,0
0,53.8681,0,0,0,270,0,0,0
0,53.87646,0,0,0,270,0,0,0
0,53.88139,0,0,0,270,0,0,0
0,53.88657,0,0,0,270,0,0,0
0,53.89175,0,0,0,270,0,0,0
0,53.89747,0,0,0,270,0,0,0
0,53.9024,0,0,0,270,0,0,0
0,53.90831,0,0,0,270,0,0,0
0,53.91401,0,0,0,270,0,0,0
0,53.91955,0,0,0,270,0,0,0
0,53.92494,0,0,0,270,0,0,0
0,53.93064,0,0,0,270,0,0,0
0,53.93631,0,0,0,270,0,0,0
0,53.94202,0,0,0,270,0,0,0
0,53.94753,0,0,0,270,0,0,0
0,53.95439,0,0,0,270,0,0,0
0,53.95977,0,0,0,270,0,0,0
0,53.96534,0,0,0,270,0,0,0
0,53.9714,0,0,0,270,0,0,0
0,53.97708,0,0,0,270,0,0,0
0,53.98246,0,0,0,270,0,0,0
0,53.98891,0,0,0,270,0,0,0
0,53.99512,0,0,0,270,0,0,0
0,54.00109,0,0,0,270,0,0,0
0,54.00612,0,0,0,270,0,0,0
0,54.0123,0,0,0,270,0,0,0
0,54.01794,0,0,0,270,0,0,0
0,54.0232,0,0,0,270,0,0,0
0,54.02909,0,0,0,270,0,0,0
0,54.03489,0,0,0,270,0,0,0
0,54.04021,0,0,0,270,0,0,0
0,54.04618,0,0,0,270,0,0,0
0,54.05293,0,0,0,270,0,0,0
0,54.0583,0,0,0,270,0,0,0
0,54.06374,0,0,0,270,0,0,0
0,54.06879,0,0,0,270,0,0,0
0,54.07375,0,0,0,270,0,0,0
0,54.07944,0,0,0,270,0,0,0
0,54.0842,0,0,0,270,0,0,0
0,54.08991,0,0,0,270,0,0,0
0,54.09547,0,0,0,270,0,0,0
0,54.1005,0,0,0,270,0,0,0
0,54.10572,0,0,0,270,0,0,0
0,54.11224,0,0,0,270,0,0,0
0,54.11775,0,0,0,270,0,0,0
0,54.124,0,0,0,270,0,0,0
0,54.13434,0,0,0,270,0,0,0
0,54.14228,0,0,0,270,0,0,0
0,54.14868,0,0,0,270,0,0,0
0,54.15496,0,0,0,270,0,0,0
0,54.16013,0,0,0,270,0,0,0
0,54.16596,0,0,0,270,0,0,0
0,54.17204,0,0,0,270,0,0,0
0,54.17827,0,0,0,270,0,0,0
0,54.18323,0,0,0,270,0,0,0
0,54.1887,0,0,0,270,0,0,0
0,54.19386,0,0,0,270,0,0,0
0,54.19907,0,0,0,270,0,0,0
0,54.20408,0,0,0,270,0,0,0
0,54.2099,0,0,0,270,0,0,0
0,54.21533,0,0,0,270,0,0,0
0,54.2211,0,0,0,270,0,0,0
0,54.22654,0,0,0,270,0,0,0
0,54.23214,0,0,0,270,0,0,0
0,54.23782,0,0,0,270,0,0,0
0,54.24356,0,0,0,270,0,0,0
0,54.24855,0,0,0,270,0,0,0
0,54.2538,0,0,0,270,0,0,0
0,54.25875,0,0,0,270,0,0,0
0,54.26412,0,0,0,270,0,0,0
0,54.26884,0,0,0,270,0,0,0
0,54.27401,0,0,0,270,0,0,0
0,54.27927,0,0,0,270,0,0,0
0,54.28412,0,0,0,270,0,0,0
0,54.28917,0,0,0,270,0,0,0
0,54.29805,0,0,0,270,0,0,0
0,54.30272,0,0,0,270,0,0,0
0,54.3074,0,0,0,270,0,0,0
0,54.31248,0,0,0,270,0,0,0
0,54.31709,0,0,0,270,0,0,0
0,54.32256,0,0,0,270,0,0,0
0,54.3273,0,0,0,270,0,0,0
0,54.3331,0,0,0,270,0,0,0
0,54.33796,0,0,0,270,0,0,0
0,54.34448,0,0,0,270,0,0,0
0,54.3493,0,0,0,270,0,0,0
0,54.35518,0,0,0,270,0,0,0
0,54.361,0,0,0,270,0,0,0
0,54.36765,0,0,0,270,0,0,0
0,54.37317,0,0,0,270,0,0,0
0,54.37888,0,0,0,270,0,0,0
0,54.38479,0,0,0,270,0,0,0
0,54.39082,0,0,0,270,0,0,0
0,54.39812,0,0,0,270,0,0,0
0,54.40422,0,0,0,270,0,0,0
0,54.42414,0,0,0,270,0,0,0
0,54.44427,0,0,0,270,0,0,0
0,54.45125,0,0,0,270,0,0,0
0,54.46062,0,0,0,270,0,0,0
0,54.47245,0,0,0,270,0,0,0
0,54.48003,0,0,0,270,0,0,0
0,54.48679,0,0,0,270,0,0,0
0,54.49268,0,0,0,270,0,0,0
0,54.50011,0,0,0,270,0,0,0
0,54.50619,0,0,0,270,0,0,0
0,54.51334,0,0,0,270,0,0,0
0,54.52116,0,0,0,270,0,0,0
0,54.52779,0,0,0,270,0,0,0
0,54.53445,0,0,0,270,0,0,0
0,54.54068,0,0,0,270,0,0,0
0,54.54807,0,0,0,270,0,0,0
0,54.55773,0,0,0,270,0,0,0
0,54.56472,0,0,0,270,0,0,0
0,54.57093,0,0,0,270,0,0,0
0,54.58227,0,0,0,270,0,0,0
0,54.59412,0,0,0,270,0,0,0
0,54.60538,0,0,0,270,0,0,0
0,54.63256,0,0,0,270,0,0,0
0,54.63827,0,0,0,270,0,0,0
0,54.64518,0,0,0,270,0,0,0
0,54.65171,0,0,0,270,0,0,0
0,54.65924,0,0,0,270,0,0,0
0,54.66604,0,0,0,270,0,0,0
0,54.67886,0,0,0,270,0,0,0
0,54.68892,0,0,0,270,0,0,0
0,54.69639,0,0,0,270,0,0,0
0,54.70741,0,0,0,270,0,0,0
0,54.71544,0,0,0,270,0,0,0
0,54.72457,0,0,0,270,0,0,0
0,54.7386,0,0,0,270,0,0,0
0,54.74956,0,0,0,270,0,0,0
0,54.76038,0,0,0,270,0,0,0
0,54.77602,0,0,0,270,0,0,0
0,54.80054,0,0,0,270,0,0,0
0,54.80914,0,0,0,270,0,0,0
0,54.81599,0,0,0,270,0,0,0
0,54.82278,0,0,0,270,0,0,0
0,54.83338,0,0,0,270,0,0,0
0,54.83923,0,0,0,270,0,0,0
0,54.84622,0,0,0,270,0,0,0
0,54.85209,0,0,0,270,0,0,0
0,54.85886,0,0,0,270,0,0,0
0,54.87425,0,0,0,270,0,0,0
0,54.8811,0,0,0,270,0,0,0
0,54.88829,0,0,0,270,0,0,0
0,54.89494,0,0,0,270,0,0,0
0,54.90152,0,0,0,270,0,0,0
0,54.90746,0,0,0,270,0,0,0
0,54.915,0,0,0,270,0,0,0
0,54.92239,0,0,0,270,0,0,0
0,54.92897,0,0,0,270,0,0,0
0,54.9365,0,0,0,270,0,0,0
0,54.94303,0,0,0,270,0,0,0
0,54.94996,0,0,0,270,0,0,0
0,54.95663,0,0,0,270,0,0,0
0,54.96256,0,0,0,270,0,0,0
0,54.97023,0,0,0,270,0,0,0
0,54.97601,0,0,0,270,0,0,0
0,54.98282,0,0,0,270,0,0,0
0,54.9889,0,0,0,270,0,0,0
0,54.9943,0,0,0,270,0,0,0
0,55.00005,0,0,0,270,0,0,0
0,55.00499,0,0,0,270,0,0,0
0,55.0111,0,0,0,270,0,0,0
0,55.01655,0,0,0,270,0,0,0
0,55.0225,0,0,0,270,0,0,0
0,55.02728,0,0,0,270,0,0,0
0,55.0335,0,0,0,270,0,0,0
0,55.0386,0,0,0,270,0,0,0
0,55.04391,0,0,0,270,0,0,0
0,55.05012,0,0,0,270,0,0,0
0,55.05598,0,0,0,270,0,0,0
0,55.06127,0,0,0,270,0,0,0
0,55.06845,0,0,0,270,0,0,0
0,55.08825,0,0,0,270,0,0,0
0,55.09342,0,0,0,270,0,0,0
0,55.09911,0,0,0,270,0,0,0
0,55.10382,0,0,0,270,0,0,0
0,55.1087,0,0,0,270,0,0,0
0,55.1133,0,0,0,270,0,0,0
0,55.1184,0,0,0,270,0,0,0
0,55.12366,0,0,0,270,0,0,0
0,55.12846,0,0,0,270,0,0,0
0,55.13353,0,0,0,270,0,0,0
0,55.13844,0,0,0,270,0,0,0
0,55.14339,0,0,0,270,0,0,0
0,55.14845,0,0,0,270,0,0,0
0,55.15434,0,0,0,270,0,0,0
0,55.1604,0,0,0,270,0,0,0
0,55.16628,0,0,0,270,0,0,0
0,55.17144,0,0,0,270,0,0,0
0,55.17663,0,0,0,270,0,0,0
0,55.1815,0,0,0,270,0,0,0
0,55.18696,0,0,0,270,0,0,0
0,55.1924,0,0,0,270,0,0,0
0,55.19922,0,0,0,270,0,0,0
0,55.20651,0,0,0,270,0,0,0
0,55.21139,0,0,0,270,0,0,0
0,55.21649,0,0,0,270,0,0,0
0,55.22163,0,0,0,270,0,0,0
0,55.22624,0,0,0,270,0,0,0
0,55.23148,0,0,0,270,0,0,0
0,55.23619,0,0,0,270,0,0,0
0,55.24066,0,0,0,270,0,0,0
0,55.24564,0,0,0,270,0,0,0
0,55.25109,0,0,0,270,0,0,0
0,55.25602,0,0,0,270,0,0,0
0,55.26067,0,0,0,270,0,0,0
0,55.26619,0,0,0,270,0,0,0
0,55.27106,0,0,0,270,0,0,0
0,55.27635,0,0,0,270,0,0,0
0,55.28219,0,0,0,270,0,0,0
0,55.29025,0,0,0,270,0,0,0
0,55.29632,0,0,0,270,0,0,0
0,55.3028,0,0,0,270,0,0,0
0,55.30928,0,0,0,270,0,0,0
0,55.31481,0,0,0,270,0,0,0
0,55.32054,0,0,0,270,0,0,0
0,55.32569,0,0,0,270,0,0,0
0,55.3312,0,0,0,270,0,0,0
0,55.33604,0,0,0,270,0,0,0
0,55.3414,0,0,0,270,0,0,0
0,55.34651,0,0,0,270,0,0,0
0,55.35143,0,0,0,270,0,0,0
0,55.357,0,0,0,270,0,0,0
0,55.36184,0,0,0,270,0,0,0
0,55.36669,0,0,0,270,0,0,0
0,55.37237,0,0,0,270,0,0,0
0,55.37748,0,0,0,270,0,0,0
0,55.38237,0,0,0,270,0,0,0
0,55.38819,0,0,0,270,0,0,0
0,55.39352,0,0,0,270,0,0,0
0,55.39946,0,0,0,270,0,0,0
0,55.41037,0,0,0,270,0,0,0
0,55.42782,0,0,0,270,0,0,0
0,55.43282,0,0,0,270,0,0,0
0,55.43801,0,0,0,270,0,0,0
0,55.44308,0,0,0,270,0,0,0
0,55.44846,0,0,0,270,0,0,0
0,55.45828,0,0,0,270,0,0,0
0,55.4636,0,0,0,270,0,0,0
0,55.46868,0,0,0,270,0,0,0
0,55.47344,0,0,0,270,0,0,0
0,55.47873,0,0,0,270,0,0,0
0,55.48443,0,0,0,270,0,0,0
0,55.49096,0,0,0,270,0,0,0
0,55.49649,0,0,0,270,0,0,0
0,55.50238,0,0,0,270,0,0,0
0,55.50737,0,0,0,270,0,0,0
0,55.51314,0,0,0,270,0,0,0
0,55.52012,0,0,0,270,0,0,0
0,55.53036,0,0,0,270,0,0,0
0,55.53815,0,0,0,270,0,0,0
0,55.54537,0,0,0,270,0,0,0
0,55.55167,0,0,0,270,0,0,0
0,55.56535,0,0,0,270,0,0,0
0,55.57224,0,0,0,270,0,0,0
0,55.57844,0,0,0,270,0,0,0
0,55.58366,0,0,0,270,0,0,0
0,55.58899,0,0,0,270,0,0,0
0,55.59521,0,0,0,270,0,0,0
0,55.60181,0,0,0,270,0,0,0
0,55.60998,0,0,0,270,0,0,0
0,55.6197,0,0,0,270,0,0,0
0,55.63664,0,0,0,270,0,0,0
0,55.66294,0,0,0,270,0,0,0
0,55.66939,0,0,0,270,0,0,0
0,55.67685,0,0,0,270,0,0,0
0,55.6834,0,0,0,270,0,0,0
0,55.69135,0,0,0,270,0,0,0
0,55.69923,0,0,0,270,0,0,0
0,55.70695,0,0,0,270,0,0,0
0,55.71373,0,0,0,270,0,0,0
0,55.72155,0,0,0,270,0,0,0
0,55.72887,0,0,0,270,0,0,0
0,55.7364,0,0,0,270,0,0,0
0,55.74366,0,0,0,270,0,0,0
0,55.75261,0,0,0,270,0,0,0
0,55.76548,0,0,0,270,0,0,0
0,55.77679,0,0,0,270,0,0,0
0,55.78307,0,0,0,270,0,0,0
0,55.78995,0,0,0,270,0,0,0
0,55.79646,0,0,0,270,0,0,0
0,55.80445,0,0,0,270,0,0,0
0,55.81197,0,0,0,270,0,0,0
0,55.81981,0,0,0,270,0,0,0
0,55.82674,0,0,0,270,0,0,0
0,55.83381,0,0,0,270,0,0,0
0,55.83957,0,0,0,270,0,0,0
0,55.84709,0,0,0,270,0,0,0
0,55.85335,0,0,0,270,0,0,0
0,55.86036,0,0,0,270,0,0,0
0,55.86703,0,0,0,270,0,0,0
0,55.87286,0,0,0,270,0,0,0
0,55.87984,0,0,0,270,0,0,0
0,55.88648,0,0,0,270,0,0,0
0,55.89282,0,0,0,270,0,0,0
0,55.89949,0,0,0,270,0,0,0
0,55.90576,0,0,0,270,0,0,0
0,55.91239,0,0,0,270,0,0,0
0,55.91814,0,0,0,270,0,0,0
0,55.92546,0,0,0,270,0,0,0
0,55.9326,0,0,0,270,0,0,0
0,55.93972,0,0,0,270,0,0,0
0,55.94751,0,0,0,270,0,0,0
0,55.95554,0,0,0,270,0,0,0
0,55.96315,0,0,0,270,0,0,0
0,55.97178,0,0,0,270,0,0,0
0,55.97861,0,0,0,270,0,0,0
0,55.98621,0,0,0,270,0,0,0
0,55.99174,0,0,0,270,0,0,0
0,55.99761,0,0,0,270,0,0,0
0,56.00398,0,0,0,270,0,0,0
0,56.01102,0,0,0,270,0,0,0
0,56.01778,0,0,0,270,0,0,0
0,56.02459,0,0,0,270,0,0,0
0,56.03188,0,0,0,270,0,0,0
0,56.0383,0,0,0,270,0,0,0
0,56.04572,0,0,0,270,0,0,0
0,56.05161,0,0,0,270,0,0,0
0,56.05791,0,0,0,270,0,0,0
0,56.06759,0,0,0,270,0,0,0
0,56.0783,0,0,0,270,0,0,0
0,56.08623,0,0,0,270,0,0,0
0,56.0945,0,0,0,270,0,0,0
0,56.10181,0,0,0,270,0,0,0
0,56.11405,0,0,0,270,0,0,0
0,56.12166,0,0,0,270,0,0,0
0,56.1283,0,0,0,270,0,0,0
0,56.13444,0,0,0,270,0,0,0
0,56.14019,0,0,0,270,0,0,0
0,56.14697,0,0,0,270,0,0,0
0,56.15287,0,0,0,270,0,0,0
0,56.15865,0,0,0,270,0,0,0
0,56.16475,0,0,0,270,0,0,0
0,56.17035,0,0,0,270,0,0,0
0,56.17659,0,0,0,270,0,0,0
0,56.18253,0,0,0,270,0,0,0
0,56.18826,0,0,0,270,0,0,0
0,56.19317,0,0,0,270,0,0,0
0,56.2057,0,0,0,270,0,0,0
0,56.21128,0,0,0,270,0,0,0
0,56.21683,0,0,0,270,0,0,0
0,56.22281,0,0,0,270,0,0,0
0,56.22776,0,0,0,270,0,0,0
0,56.23354,0,0,0,270,0,0,0
0,56.2381,0,0,0,270,0,0,0
0,56.24281,0,0,0,270,0,0,0
0,56.24834,0,0,0,270,0,0,0
0,56.2532,0,0,0,270,0,0,0
0,56.25768,0,0,0,270,0,0,0
0,56.26287,0,0,0,270,0,0,0
0,56.26854,0,0,0,270,0,0,0
0,56.2737,0,0,0,270,0,0,0
0,56.27941,0,0,0,270,0,0,0
0,56.28404,0,0,0,270,0,0,0
0,56.2889,0,0,0,270,0,0,0
0,56.29427,0,0,0,270,0,0,0
0,56.29995,0,0,0,270,0,0,0
0,56.30477,0,0,0,270,0,0,0
0,56.3102,0,0,0,270,0,0,0
0,56.31596,0,0,0,270,0,0,0
0,56.3215,0,0,0,270,0,0,0
0,56.32626,0,0,0,270,0,0,0
0,56.33197,0,0,0,270,0,0,0
0,56.33652,0,0,0,270,0,0,0
0,56.34259,0,0,0,270,0,0,0
0,56.34832,0,0,0,270,0,0,0
0,56.35323,0,0,0,270,0,0,0
0,56.35863,0,0,0,270,0,0,0
0,56.36415,0,0,0,270,0,0,0
0,56.36988,0,0,0,270,0,0,0
0,56.37636,0,0,0,270,0,0,0
0,56.38159,0,0,0,270,0,0,0
0,56.38703,0,0,0,270,0,0,0
0,56.39217,0,0,0,270,0,0,0
0,56.39794,0,0,0,270,0,0,0
0,56.40528,0,0,0,270,0,0,0
0,56.41077,0,0,0,270,0,0,0
0,56.41639,0,0,0,270,0,0,0
0,56.42303,0,0,0,270,0,0,0
0,56.42784,0,0,0,270,0,0,0
0,56.43317,0,0,0,270,0,0,0
0,56.43978,0,0,0,270,0,0,0
0,56.44644,0,0,0,270,0,0,0
0,56.45665,0,0,0,270,0,0,0
0,56.46304,0,0,0,270,0,0,0
0,56.47094,0,0,0,270,0,0,0
0,56.47696,0,0,0,270,0,0,0
0,56.48424,0,0,0,270,0,0,0
0,56.49064,0,0,0,270,0,0,0
0,56.49547,0,0,0,270,0,0,0
0,56.50264,0,0,0,270,0,0,0
0,56.50851,0,0,0,270,0,0,0
0,56.51407,0,0,0,270,0,0,0
0,56.52047,0,0,0,270,0,0,0
0,56.52503,0,0,0,270,0,0,0
0,56.53018,0,0,0,270,0,0,0
0,56.53474,0,0,0,270,0,0,0
0,56.53931,0,0,0,270,0,0,0
0,56.54466,0,0,0,270,0,0,0
0,56.55005,0,0,0,270,0,0,0
0,56.55578,0,0,0,270,0,0,0
0,56.5646,0,0,0,270,0,0,0
0,56.57014,0,0,0,270,0,0,0
0,56.57524,0,0,0,270,0,0,0
0,56.58055,0,0,0,270,0,0,0
0,56.58585,0,0,0,270,0,0,0
0,56.59082,0,0,0,270,0,0,0
0,56.59511,0,0,0,270,0,0,0
0,56.5997,0,0,0,270,0,0,0
0,56.60382,0,0,0,270,0,0,0
0,56.60844,0,0,0,270,0,0,0
0,56.61436,0,0,0,270,0,0,0
0,56.6204,0,0,0,270,0,0,0
0,56.62556,0,0,0,270,0,0,0
0,56.63107,0,0,0,270,0,0,0
0,56.63607,0,0,0,270,0,0,0
0,56.64213,0,0,0,270,0,0,0
0,56.648,0,0,0,270,0,0,0
0,56.65368,0,0,0,270,0,0,0
0,56.65849,0,0,0,270,0,0,0
0,56.66283,0,0,0,270,0,0,0
0,56.66807,0,0,0,270,0,0,0
0,56.67323,0,0,0,270,0,0,0
0,56.67876,0,0,0,270,0,0,0
0,56.68417,0,0,0,270,0,0,0
0,56.69016,0,0,0,270,0,0,0
0,56.69541,0,0,0,270,0,0,0
0,56.70132,0,0,0,270,0,0,0
0,56.70844,0,0,0,270,0,0,0
0,56.71495,0,0,0,270,0,0,0
0,56.72142,0,0,0,270,0,0,0
0,56.72698,0,0,0,270,0,0,0
0,56.73425,0,0,0,270,0,0,0
0,56.74188,0,0,0,270,0,0,0
0,56.74807,0,0,0,270,0,0,0
0,56.75533,0,0,0,270,0,0,0
0,56.76134,0,0,0,270,0,0,0
0,56.76822,0,0,0,270,0,0,0
0,56.77504,0,0,0,270,0,0,0
0,56.78193,0,0,0,270,0,0,0
0,56.79029,0,0,0,270,0,0,0
0,56.79922,0,0,0,270,0,0,0
0,56.80645,0,0,0,270,0,0,0
0,56.81415,0,0,0,270,0,0,0
0,56.83121,0,0,0,270,0,0,0
0,56.83975,0,0,0,270,0,0,0
0,56.84816,0,0,0,270,0,0,0
0,56.85589,0,0,0,270,0,0,0
0,56.86397,0,0,0,270,0,0,0
0,56.87125,0,0,0,270,0,0,0
0,56.87928,0,0,0,270,0,0,0
0,56.88728,0,0,0,270,0,0,0
0,56.89549,0,0,0,270,0,0,0
0,56.90378,0,0,0,270,0,0,0
0,56.91251,0,0,0,270,0,0,0
0,56.92118,0,0,0,270,0,0,0
0,56.92861,0,0,0,270,0,0,0
0,56.93776,0,0,0,270,0,0,0
0,56.94617,0,0,0,270,0,0,0
0,56.9549,0,0,0,270,0,0,0
0,56.9622,0,0,0,270,0,0,0
0,56.9708,0,0,0,270,0,0,0
0,56.97863,0,0,0,270,0,0,0
0,56.98693,0,0,0,270,0,0,0
0,56.9934,0,0,0,270,0,0,0
0,57.00114,0,0,0,270,0,0,0
0,57.00911,0,0,0,270,0,0,0
0,57.01787,0,0,0,270,0,0,0
0,57.02529,0,0,0,270,0,0,0
0,57.03226,0,0,0,270,0,0,0
0,57.03869,0,0,0,270,0,0,0
0,57.04545,0,0,0,270,0,0,0
0,57.05183,0,0,0,270,0,0,0
0,57.0584,0,0,0,270,0,0,0
0,57.07235,0,0,0,270,0,0,0
0,57.09541,0,0,0,270,0,0,0
0,57.10225,0,0,0,270,0,0,0
0,57.11211,0,0,0,270,0,0,0
0,57.11818,0,0,0,270,0,0,0
0,57.12532,0,0,0,270,0,0,0
0,57.13454,0,0,0,270,0,0,0
0,57.14222,0,0,0,270,0,0,0
0,57.14869,0,0,0,270,0,0,0
0,57.15543,0,0,0,270,0,0,0
0,57.16216,0,0,0,270,0,0,0
0,57.16877,0,0,0,270,0,0,0
0,57.17651,0,0,0,270,0,0,0
0,57.18726,0,0,0,270,0,0,0
0,57.19584,0,0,0,270,0,0,0
0,57.21027,0,0,0,270,0,0,0
0,57.21684,0,0,0,270,0,0,0
0,57.22582,0,0,0,270,0,0,0
0,57.23348,0,0,0,270,0,0,0
0,57.24052,0,0,0,270,0,0,0
0,57.24832,0,0,0,270,0,0,0
0,57.25529,0,0,0,270,0,0,0
0,57.26206,0,0,0,270,0,0,0
0,57.26907,0,0,0,270,0,0,0
0,57.27597,0,0,0,270,0,0,0
0,57.28326,0,0,0,270,0,0,0
0,57.29082,0,0,0,270,0,0,0
0,57.29879,0,0,0,270,0,0,0
0,57.30557,0,0,0,270,0,0,0
0,57.31205,0,0,0,270,0,0,0
0,57.31842,0,0,0,270,0,0,0
0,57.32674,0,0,0,270,0,0,0
0,57.33511,0,0,0,270,0,0,0
0,57.34302,0,0,0,270,0,0,0
0,57.35009,0,0,0,270,0,0,0
0,57.35716,0,0,0,270,0,0,0
0,57.36401,0,0,0,270,0,0,0
0,57.36985,0,0,0,270,0,0,0
0,57.37592,0,0,0,270,0,0,0
0,57.38152,0,0,0,270,0,0,0
0,57.38868,0,0,0,270,0,0,0
0,57.39524,0,0,0,270,0,0,0
0,57.4036,0,0,0,270,0,0,0
0,57.42351,0,0,0,270,0,0,0
0,57.42876,0,0,0,270,0,0,0
0,57.43486,0,0,0,270,0,0,0
0,57.44135,0,0,0,270,0,0,0
0,57.44624,0,0,0,270,0,0,0
0,57.45124,0,0,0,270,0,0,0
0,57.45712,0,0,0,270,0,0,0
0,57.46162,0,0,0,270,0,0,0
0,57.46763,0,0,0,270,0,0,0
0,57.47289,0,0,0,270,0,0,0
0,57.47912,0,0,0,270,0,0,0
0,57.48421,0,0,0,270,0,0,0
0,57.48986,0,0,0,270,0,0,0
0,57.49434,0,0,0,270,0,0,0
0,57.49956,0,0,0,270,0,0,0
0,57.5051,0,0,0,270,0,0,0
0,57.51023,0,0,0,270,0,0,0
0,57.51495,0,0,0,270,0,0,0
0,57.52197,0,0,0,270,0,0,0
0,57.52908,0,0,0,270,0,0,0
0,57.53506,0,0,0,270,0,0,0
0,57.54173,0,0,0,270,0,0,0
0,57.54763,0,0,0,270,0,0,0
0,57.55374,0,0,0,270,0,0,0
0,57.55838,0,0,0,270,0,0,0
0,57.56452,0,0,0,270,0,0,0
0,57.56934,0,0,0,270,0,0,0
0,57.57398,0,0,0,270,0,0,0
0,57.57965,0,0,0,270,0,0,0
0,57.58657,0,0,0,270,0,0,0
0,57.60061,0,0,0,270,0,0,0
0,57.60629,0,0,0,270,0,0,0
0,57.6122,0,0,0,270,0,0,0
0,57.61737,0,0,0,270,0,0,0
0,57.62292,0,0,0,270,0,0,0
0,57.6313,0,0,0,270,0,0,0
0,57.64912,0,0,0,270,0,0,0
0,57.6668,0,0,0,270,0,0,0
0,57.67287,0,0,0,270,0,0,0
0,57.67848,0,0,0,270,0,0,0
0,57.68369,0,0,0,270,0,0,0
0,57.68999,0,0,0,270,0,0,0
0,57.69498,0,0,0,270,0,0,0
0,57.70097,0,0,0,270,0,0,0
0,57.70713,0,0,0,270,0,0,0
0,57.71246,0,0,0,270,0,0,0
0,57.71741,0,0,0,270,0,0,0
0,57.72466,0,0,0,270,0,0,0
0,57.73155,0,0,0,270,0,0,0
0,57.73768,0,0,0,270,0,0,0
0,57.74369,0,0,0,270,0,0,0
0,57.749,0,0,0,270,0,0,0
0,57.75575,0,0,0,270,0,0,0
0,57.76128,0,0,0,270,0,0,0
0,57.7668,0,0,0,270,0,0,0
0,57.772,0,0,0,270,0,0,0
0,57.77712,0,0,0,270,0,0,0
0,57.78309,0,0,0,270,0,0,0
0,57.78952,0,0,0,270,0,0,0
0,57.79541,0,0,0,270,0,0,0
0,57.80193,0,0,0,270,0,0,0
0,57.80848,0,0,0,270,0,0,0
0,57.81443,0,0,0,270,0,0,0
0,57.82073,0,0,0,270,0,0,0
0,57.82717,0,0,0,270,0,0,0
0,57.83326,0,0,0,270,0,0,0
0,57.8387,0,0,0,270,0,0,0
0,57.84462,0,0,0,270,0,0,0
0,57.85024,0,0,0,270,0,0,0
0,57.85608,0,0,0,270,0,0,0
0,57.86238,0,0,0,270,0,0,0
0,57.86887,0,0,0,270,0,0,0
0,57.87555,0,0,0,270,0,0,0
0,57.88073,0,0,0,270,0,0,0
0,57.88602,0,0,0,270,0,0,0
0,57.89143,0,0,0,270,0,0,0
0,57.8972,0,0,0,270,0,0,0
0,57.90205,0,0,0,270,0,0,0
0,57.90793,0,0,0,270,0,0,0
0,57.91256,0,0,0,270,0,0,0
0,57.917,0,0,0,270,0,0,0
0,57.92322,0,0,0,270,0,0,0
0,57.92884,0,0,0,270,0,0,0
0,57.93569,0,0,0,270,0,0,0
0,57.94272,0,0,0,270,0,0,0
0,57.94835,0,0,0,270,0,0,0
0,57.95568,0,0,0,270,0,0,0
0,57.96387,0,0,0,270,0,0,0
0,57.97035,0,0,0,270,0,0,0
0,57.97802,0,0,0,270,0,0,0
0,57.98468,0,0,0,270,0,0,0
0,57.99129,0,0,0,270,0,0,0
0,57.99728,0,0,0,270,0,0,0
0,58.00271,0,0,0,270,0,0,0
0,58.00931,0,0,0,270,0,0,0
0,58.01527,0,0,0,270,0,0,0
0,58.02197,0,0,0,270,0,0,0
0,58.02905,0,0,0,270,0,0,0
0,58.03724,0,0,0,270,0,0,0
0,58.04411,0,0,0,270,0,0,0
0,58.05162,0,0,0,270,0,0,0
0,58.05968,0,0,0,270,0,0,0
0,58.068,0,0,0,270,0,0,0
0,58.07496,0,0,0,270,0,0,0
0,58.08179,0,0,0,270,0,0,0
0,58.08894,0,0,0,270,0,0,0
0,58.0956,0,0,0,270,0,0,0
0,58.10247,0,0,0,270,0,0,0
0,58.11018,0,0,0,270,0,0,0
0,58.11671,0,0,0,270,0,0,0
0,58.12389,0,0,0,270,0,0,0
0,58.13132,0,0,0,270,0,0,0
0,58.13839,0,0,0,270,0,0,0
0,58.14634,0,0,0,270,0,0,0
0,58.15323,0,0,0,270,0,0,0
0,58.16073,0,0,0,270,0,0,0
0,58.16719,0,0,0,270,0,0,0
0,58.17313,0,0,0,270,0,0,0
0,58.17977,0,0,0,270,0,0,0
0,58.18662,0,0,0,270,0,0,0
0,58.19455,0,0,0,270,0,0,0
0,58.2016,0,0,0,270,0,0,0
0,58.2097,0,0,0,270,0,0,0
0,58.21747,0,0,0,270,0,0,0
0,58.22492,0,0,0,270,0,0,0
0,58.23221,0,0,0,270,0,0,0
0,58.23902,0,0,0,270,0,0,0
0,58.24583,0,0,0,270,0,0,0
0,58.25354,0,0,0,270,0,0,0
0,58.26044,0,0,0,270,0,0,0
0,58.2677,0,0,0,270,0,0,0
0,58.27498,0,0,0,270,0,0,0
0,58.28138,0,0,0,270,0,0,0
0,58.29677,0,0,0,270,0,0,0
0,58.30518,0,0,0,270,0,0,0
0,58.31284,0,0,0,270,0,0,0
0,58.32032,0,0,0,270,0,0,0
0,58.32784,0,0,0,270,0,0,0
0,58.33523,0,0,0,270,0,0,0
0,58.34306,0,0,0,270,0,0,0
0,58.35065,0,0,0,270,0,0,0
0,58.3592,0,0,0,270,0,0,0
0,58.3675,0,0,0,270,0,0,0
0,58.37519,0,0,0,270,0,0,0
0,58.38207,0,0,0,270,0,0,0
0,58.38921,0,0,0,270,0,0,0
0,58.3959,0,0,0,270,0,0,0
0,58.40214,0,0,0,270,0,0,0
0,58.40889,0,0,0,270,0,0,0
0,58.41474,0,0,0,270,0,0,0
0,58.42178,0,0,0,270,0,0,0
0,58.42829,0,0,0,270,0,0,0
0,58.43562,0,0,0,270,0,0,0
0,58.44333,0,0,0,270,0,0,0
0,58.44903,0,0,0,270,0,0,0
0,58.45611,0,0,0,270,0,0,0
0,58.46154,0,0,0,270,0,0,0
0,58.46781,0,0,0,270,0,0,0
0,58.47453,0,0,0,270,0,0,0
0,58.48172,0,0,0,270,0,0,0
0,58.48882,0,0,0,270,0,0,0
0,58.49474,0,0,0,270,0,0,0
0,58.50143,0,0,0,270,0,0,0
0,58.50685,0,0,0,270,0,0,0
0,58.5135,0,0,0,270,0,0,0
0,58.52056,0,0,0,270,0,0,0
0,58.52904,0,0,0,270,0,0,0
0,58.53757,0,0,0,270,0,0,0
0,58.54662,0,0,0,270,0,0,0
0,58.55352,0,0,0,270,0,0,0
0,58.56145,0,0,0,270,0,0,0
0,58.57014,0,0,0,270,0,0,0
0,58.57796,0,0,0,270,0,0,0
0,58.5845,0,0,0,270,0,0,0
0,58.59192,0,0,0,270,0,0,0
0,58.59982,0,0,0,270,0,0,0
0,58.60659,0,0,0,270,0,0,0
0,58.61472,0,0,0,270,0,0,0
0,58.62005,0,0,0,270,0,0,0
0,58.62593,0,0,0,270,0,0,0
0,58.63176,0,0,0,270,0,0,0
0,58.63714,0,0,0,270,0,0,0
0,58.64359,0,0,0,270,0,0,0
0,58.64945,0,0,0,270,0,0,0
0,58.65599,0,0,0,270,0,0,0
0,58.66223,0,0,0,270,0,0,0
0,58.66806,0,0,0,270,0,0,0
0,58.67394,0,0,0,270,0,0,0
0,58.68051,0,0,0,270,0,0,0
0,58.68694,0,0,0,270,0,0,0
0,58.69286,0,0,0,270,0,0,0
0,58.69892,0,0,0,270,0,0,0
0,58.70439,0,0,0,270,0,0,0
0,58.70948,0,0,0,270,0,0,0
0,58.71439,0,0,0,270,0,0,0
0,58.72064,0,0,0,270,0,0,0
0,58.72562,0,0,0,270,0,0,0
0,58.73147,0,0,0,270,0,0,0
0,58.73755,0,0,0,270,0,0,0
0,58.74432,0,0,0,270,0,0,0
0,58.75086,0,0,0,270,0,0,0
0,58.75689,0,0,0,270,0,0,0
0,58.76237,0,0,0,270,0,0,0
0,58.76955,0,0,0,270,0,0,0
0,58.77671,0,0,0,270,0,0,0
0,58.78253,0,0,0,270,0,0,0
0,58.78848,0,0,0,270,0,0,0
0,58.79359,0,0,0,270,0,0,0
0,58.7995,0,0,0,270,0,0,0
0,58.80463,0,0,0,270,0,0,0
0,58.81049,0,0,0,270,0,0,0
0,58.81648,0,0,0,270,0,0,0
0,58.82322,0,0,0,270,0,0,0
0,58.82964,0,0,0,270,0,0,0
0,58.83685,0,0,0,270,0,0,0
0,58.84476,0,0,0,270,0,0,0
0,58.85147,0,0,0,270,0,0,0
0,58.85838,0,0,0,270,0,0,0
0,58.86627,0,0,0,270,0,0,0
0,58.87344,0,0,0,270,0,0,0
0,58.87994,0,0,0,270,0,0,0
0,58.88637,0,0,0,270,0,0,0
0,58.89243,0,0,0,270,0,0,0
0,58.8983,0,0,0,270,0,0,0
0,58.90379,0,0,0,270,0,0,0
0,58.91008,0,0,0,270,0,0,0
0,58.91532,0,0,0,270,0,0,0
0,58.92152,0,0,0,270,0,0,0
0,58.92761,0,0,0,270,0,0,0
0,58.93328,0,0,0,270,0,0,0
0,58.93948,0,0,0,270,0,0,0
0,58.94638,0,0,0,270,0,0,0
0,58.95167,0,0,0,270,0,0,0
0,58.95785,0,0,0,270,0,0,0
0,58.96286,0,0,0,270,0,0,0
0,58.96952,0,0,0,270,0,0,0
0,58.97521,0,0,0,270,0,0,0
0,58.9805,0,0,0,270,0,0,0
0,58.9869,0,0,0,270,0,0,0
0,58.99321,0,0,0,270,0,0,0
0,59.00644,0,0,0,270,0,0,0
0,59.01275,0,0,0,270,0,0,0
0,59.01857,0,0,0,270,0,0,0
0,59.02517,0,0,0,270,0,0,0
0,59.03197,0,0,0,270,0,0,0
0,59.03833,0,0,0,270,0,0,0
0,59.04556,0,0,0,270,0,0,0
0,59.05156,0,0,0,270,0,0,0
0,59.05733,0,0,0,270,0,0,0
0,59.06396,0,0,0,270,0,0,0
0,59.06977,0,0,0,270,0,0,0
0,59.07632,0,0,0,270,0,0,0
0,59.08156,0,0,0,270,0,0,0
0,59.08691,0,0,0,270,0,0,0
0,59.09275,0,0,0,270,0,0,0
0,59.09851,0,0,0,270,0,0,0
0,59.10499,0,0,0,270,0,0,0
0,59.11124,0,0,0,270,0,0,0
0,59.11661,0,0,0,270,0,0,0
0,59.12231,0,0,0,270,0,0,0
0,59.12945,0,0,0,270,0,0,0
0,59.13495,0,0,0,270,0,0,0
0,59.14149,0,0,0,270,0,0,0
0,59.14723,0,0,0,270,0,0,0
0,59.15307,0,0,0,270,0,0,0
0,59.15969,0,0,0,270,0,0,0
0,59.16721,0,0,0,270,0,0,0
0,59.17505,0,0,0,270,0,0,0
0,59.18166,0,0,0,270,0,0,0
0,59.18822,0,0,0,270,0,0,0
0,59.19528,0,0,0,270,0,0,0
0,59.20251,0,0,0,270,0,0,0
0,59.20959,0,0,0,270,0,0,0
0,59.21544,0,0,0,270,0,0,0
0,59.22227,0,0,0,270,0,0,0
0,59.22829,0,0,0,270,0,0,0
0,59.23568,0,0,0,270,0,0,0
0,59.24301,0,0,0,270,0,0,0
0,59.25097,0,0,0,270,0,0,0
0,59.25877,0,0,0,270,0,0,0
0,59.26773,0,0,0,270,0,0,0
0,59.27535,0,0,0,270,0,0,0
0,59.28301,0,0,0,270,0,0,0
0,59.29109,0,0,0,270,0,0,0
0,59.30019,0,0,0,270,0,0,0
0,59.30746,0,0,0,270,0,0,0
0,59.31533,0,0,0,270,0,0,0
0,59.3225,0,0,0,270,0,0,0
0,59.33103,0,0,0,270,0,0,0
0,59.33724,0,0,0,270,0,0,0
0,59.34499,0,0,0,270,0,0,0
0,59.35104,0,0,0,270,0,0,0
0,59.35727,0,0,0,270,0,0,0
0,59.36444,0,0,0,270,0,0,0
0,59.3711,0,0,0,270,0,0,0
0,59.37918,0,0,0,270,0,0,0
0,59.3872,0,0,0,270,0,0,0
0,59.39454,0,0,0,270,0,0,0
0,59.40166,0,0,0,270,0,0,0
0,59.40867,0,0,0,270,0,0,0
0,59.41425,0,0,0,270,0,0,0
0,59.42076,0,0,0,270,0,0,0
0,59.42691,0,0,0,270,0,0,0
0,59.43364,0,0,0,270,0,0,0
0,59.43976,0,0,0,270,0,0,0
0,59.44624,0,0,0,270,0,0,0
0,59.45301,0,0,0,270,0,0,0
0,59.45987,0,0,0,270,0,0,0
0,59.46751,0,0,0,270,0,0,0
0,59.47396,0,0,0,270,0,0,0
0,59.48152,0,0,0,270,0,0,0
0,59.48839,0,0,0,270,0,0,0
0,59.49559,0,0,0,270,0,0,0
0,59.50291,0,0,0,270,0,0,0
0,59.50965,0,0,0,270,0,0,0
0,59.51631,0,0,0,270,0,0,0
0,59.52383,0,0,0,270,0,0,0
0,59.53061,0,0,0,270,0,0,0
0,59.53691,0,0,0,270,0,0,0
0,59.5428,0,0,0,270,0,0,0
0,59.54912,0,0,0,270,0,0,0
0,59.55593,0,0,0,270,0,0,0
0,59.56269,0,0,0,270,0,0,0
0,59.57005,0,0,0,270,0,0,0
0,59.57847,0,0,0,270,0,0,0
0,59.5867,0,0,0,270,0,0,0
0,59.59338,0,0,0,270,0,0,0
0,59.60012,0,0,0,270,0,0,0
0,59.60587,0,0,0,270,0,0,0
0,59.61209,0,0,0,270,0,0,0
0,59.61773,0,0,0,270,0,0,0
0,59.62366,0,0,0,270,0,0,0
0,59.62926,0,0,0,270,0,0,0
0,59.63532,0,0,0,270,0,0,0
0,59.64272,0,0,0,270,0,0,0
0,59.64881,0,0,0,270,0,0,0
0,59.65535,0,0,0,270,0,0,0
0,59.66262,0,0,0,270,0,0,0
0,59.67136,0,0,0,270,0,0,0
0,59.67914,0,0,0,270,0,0,0
0,59.68655,0,0,0,270,0,0,0
0,59.69313,0,0,0,270,0,0,0
0,59.70136,0,0,0,270,0,0,0
0,59.70777,0,0,0,270,0,0,0
0,59.71452,0,0,0,270,0,0,0
0,59.72142,0,0,0,270,0,0,0
0,59.72745,0,0,0,270,0,0,0
0,59.73369,0,0,0,270,0,0,0
0,59.74686,0,0,0,270,0,0,0
0,59.75243,0,0,0,270,0,0,0
0,59.75933,0,0,0,270,0,0,0
0,59.76697,0,0,0,270,0,0,0
0,59.77214,0,0,0,270,0,0,0
0,59.77843,0,0,0,270,0,0,0
0,59.78485,0,0,0,270,0,0,0
0,59.79152,0,0,0,270,0,0,0
0,59.79908,0,0,0,270,0,0,0
0,59.80464,0,0,0,270,0,0,0
0,59.81075,0,0,0,270,0,0,0
0,59.81625,0,0,0,270,0,0,0
0,59.82176,0,0,0,270,0,0,0
0,59.8272,0,0,0,270,0,0,0
0,59.83284,0,0,0,270,0,0,0
0,59.8385,0,0,0,270,0,0,0
0,59.84434,0,0,0,270,0,0,0
0,59.85068,0,0,0,270,0,0,0
0,59.85752,0,0,0,270,0,0,0
0,59.86293,0,0,0,270,0,0,0
0,59.86961,0,0,0,270,0,0,0
0,59.87593,0,0,0,270,0,0,0
0,59.88199,0,0,0,270,0,0,0
0,59.8885,0,0,0,270,0,0,0
0,59.89354,0,0,0,270,0,0,0
0,59.8989,0,0,0,270,0,0,0
0,59.90371,0,0,0,270,0,0,0
0,59.90919,0,0,0,270,0,0,0
0,59.91401,0,0,0,270,0,0,0
0,59.91973,0,0,0,270,0,0,0
0,59.92524,0,0,0,270,0,0,0
0,59.93037,0,0,0,270,0,0,0
0,59.93571,0,0,0,270,0,0,0
0,59.94053,0,0,0,270,0,0,0
0,59.94575,0,0,0,270,0,0,0
0,59.95092,0,0,0,270,0,0,0
0,59.95609,0,0,0,270,0,0,0
0,59.96056,0,0,0,270,0,0,0
0,59.96552,0,0,0,270,0,0,0
0,59.97065,0,0,0,270,0,0,0
0,59.97596,0,0,0,270,0,0,0
0,59.98114,0,0,0,270,0,0,0
0,59.98716,0,0,0,270,0,0,0
0,59.99174,0,0,0,270,0,0,0
0,59.9967,0,0,0,270,0,0,0
0,60.00213,0,0,0,270,0,0,0
0,60.00713,0,0,0,270,0,0,0
0,60.01255,0,0,0,270,0,0,0
0,60.0183,0,0,0,270,0,0,0
0,60.02395,0,0,0,270,0,0,0
0,60.02864,0,0,0,270,0,0,0
0,60.03455,0,0,0,270,0,0,0
0,60.03946,0,0,0,270,0,0,0
0,60.04517,0,0,0,270,0,0,0
0,60.05015,0,0,0,270,0,0,0
0,60.05521,0,0,0,270,0,0,0
0,60.05981,0,0,0,270,0,0,0
0,60.06599,0,0,0,270,0,0,0
0,60.07191,0,0,0,270,0,0,0
0,60.07764,0,0,0,270,0,0,0
0,60.0834,0,0,0,270,0,0,0
0,60.08939,0,0,0,270,0,0,0
0,60.09441,0,0,0,270,0,0,0
0,60.09962,0,0,0,270,0,0,0
0,60.10483,0,0,0,270,0,0,0
0,60.11128,0,0,0,270,0,0,0
0,60.11599,0,0,0,270,0,0,0
0,60.12089,0,0,0,270,0,0,0
0,60.12621,0,0,0,270,0,0,0
0,60.13199,0,0,0,270,0,0,0
0,60.13705,0,0,0,270,0,0,0
0,60.14333,0,0,0,270,0,0,0
0,60.14893,0,0,0,270,0,0,0
0,60.1541,0,0,0,270,0,0,0
0,60.15908,0,0,0,270,0,0,0
0,60.1643,0,0,0,270,0,0,0
0,60.16949,0,0,0,270,0,0,0
0,60.17555,0,0,0,270,0,0,0
0,60.18046,0,0,0,270,0,0,0
0,60.18654,0,0,0,270,0,0,0
0,60.19173,0,0,0,270,0,0,0
0,60.19703,0,0,0,270,0,0,0
0,60.20242,0,0,0,270,0,0,0
0,60.20886,0,0,0,270,0,0,0
0,60.21369,0,0,0,270,0,0,0
0,60.22019,0,0,0,270,0,0,0
0,60.22641,0,0,0,270,0,0,0
0,60.23256,0,0,0,270,0,0,0
0,60.23763,0,0,0,270,0,0,0
0,60.2425,0,0,0,270,0,0,0
0,60.24722,0,0,0,270,0,0,0
0,60.25376,0,0,0,270,0,0,0
0,60.25956,0,0,0,270,0,0,0
0,60.26558,0,0,0,270,0,0,0
0,60.27065,0,0,0,270,0,0,0
0,60.27601,0,0,0,270,0,0,0
0,60.28151,0,0,0,270,0,0,0
0,60.28758,0,0,0,270,0,0,0
0,60.29373,0,0,0,270,0,0,0
0,60.30083,0,0,0,270,0,0,0
0,60.30891,0,0,0,270,0,0,0
0,60.32768,0,0,0,270,0,0,0
0,60.33293,0,0,0,270,0,0,0
0,60.33789,0,0,0,270,0,0,0
0,60.34334,0,0,0,270,0,0,0
0,60.35295,0,0,0,270,0,0,0
0,60.35754,0,0,0,270,0,0,0
0,60.36399,0,0,0,270,0,0,0
0,60.3698,0,0,0,270,0,0,0
0,60.37656,0,0,0,270,0,0,0
0,60.38295,0,0,0,270,0,0,0
0,60.38994,0,0,0,270,0,0,0
0,60.39756,0,0,0,270,0,0,0
0,60.40403,0,0,0,270,0,0,0
0,60.41159,0,0,0,270,0,0,0
0,60.41735,0,0,0,270,0,0,0
0,60.42355,0,0,0,270,0,0,0
0,60.42949,0,0,0,270,0,0,0
0,60.43691,0,0,0,270,0,0,0
0,60.44485,0,0,0,270,0,0,0
0,60.45422,0,0,0,270,0,0,0
0,60.46413,0,0,0,270,0,0,0
0,60.4737,0,0,0,270,0,0,0
0,60.48063,0,0,0,270,0,0,0
0,60.48765,0,0,0,270,0,0,0
0,60.49396,0,0,0,270,0,0,0
0,60.50201,0,0,0,270,0,0,0
0,60.50877,0,0,0,270,0,0,0
0,60.51456,0,0,0,270,0,0,0
0,60.52267,0,0,0,270,0,0,0
0,60.52953,0,0,0,270,0,0,0
0,60.53654,0,0,0,270,0,0,0
0,60.54461,0,0,0,270,0,0,0
0,60.55118,0,0,0,270,0,0,0
0,60.55777,0,0,0,270,0,0,0
0,60.56512,0,0,0,270,0,0,0
0,60.57262,0,0,0,270,0,0,0
0,60.57985,0,0,0,270,0,0,0
0,60.58845,0,0,0,270,0,0,0
0,60.59522,0,0,0,270,0,0,0
0,60.60175,0,0,0,270,0,0,0
0,60.60896,0,0,0,270,0,0,0
0,60.61507,0,0,0,270,0,0,0
0,60.62135,0,0,0,270,0,0,0
0,60.62751,0,0,0,270,0,0,0
0,60.63392,0,0,0,270,0,0,0
0,60.63965,0,0,0,270,0,0,0
0,60.64662,0,0,0,270,0,0,0
0,60.65176,0,0,0,270,0,0,0
0,60.65904,0,0,0,270,0,0,0
0,60.66585,0,0,0,270,0,0,0
0,60.67219,0,0,0,270,0,0,0
0,60.6805,0,0,0,270,0,0,0
0,60.68996,0,0,0,270,0,0,0
0,60.69755,0,0,0,270,0,0,0
0,60.70485,0,0,0,270,0,0,0
0,60.71407,0,0,0,270,0,0,0
0,60.72358,0,0,0,270,0,0,0
0,60.73135,0,0,0,270,0,0,0
0,60.73872,0,0,0,270,0,0,0
0,60.74596,0,0,0,270,0,0,0
0,60.75241,0,0,0,270,0,0,0
0,60.75848,0,0,0,270,0,0,0
0,60.76453,0,0,0,270,0,0,0
0,60.77103,0,0,0,270,0,0,0
0,60.77896,0,0,0,270,0,0,0
0,60.78524,0,0,0,270,0,0,0
0,60.79107,0,0,0,270,0,0,0
0,60.79762,0,0,0,270,0,0,0
0,60.80451,0,0,0,270,0,0,0
0,60.81214,0,0,0,270,0,0,0
0,60.82096,0,0,0,270,0,0,0
0,60.82878,0,0,0,270,0,0,0
0,60.83638,0,0,0,270,0,0,0
0,60.84399,0,0,0,270,0,0,0
0,60.8499,0,0,0,270,0,0,0
0,60.85747,0,0,0,270,0,0,0
0,60.86544,0,0,0,270,0,0,0
0,60.87267,0,0,0,270,0,0,0
0,60.88022,0,0,0,270,0,0,0
0,60.88732,0,0,0,270,0,0,0
0,60.89374,0,0,0,270,0,0,0
0,60.90097,0,0,0,270,0,0,0
0,60.90759,0,0,0,270,0,0,0
0,60.9139,0,0,0,270,0,0,0
0,60.92084,0,0,0,270,0,0,0
0,60.92737,0,0,0,270,0,0,0
0,60.93357,0,0,0,270,0,0,0
0,60.93962,0,0,0,270,0,0,0
0,60.9466,0,0,0,270,0,0,0
0,60.95322,0,0,0,270,0,0,0
0,60.95862,0,0,0,270,0,0,0
0,60.96446,0,0,0,270,0,0,0
0,60.97068,0,0,0,270,0,0,0
0,60.97692,0,0,0,270,0,0,0
0,60.98213,0,0,0,270,0,0,0
0,60.98799,0,0,0,270,0,0,0
0,60.99422,0,0,0,270,0,0,0
0,61.00064,0,0,0,270,0,0,0
0,61.00605,0,0,0,270,0,0,0
0,61.01157,0,0,0,270,0,0,0
0,61.01707,0,0,0,270,0,0,0
0,61.02323,0,0,0,270,0,0,0
0,61.02931,0,0,0,270,0,0,0
0,61.03564,0,0,0,270,0,0,0
0,61.04207,0,0,0,270,0,0,0
0,61.04771,0,0,0,270,0,0,0
0,61.05353,0,0,0,270,0,0,0
0,61.05946,0,0,0,270,0,0,0
0,61.06612,0,0,0,270,0,0,0
0,61.07219,0,0,0,270,0,0,0
0,61.07763,0,0,0,270,0,0,0
0,61.08287,0,0,0,270,0,0,0
0,61.09707,0,0,0,270,0,0,0
0,61.103,0,0,0,270,0,0,0
0,61.10849,0,0,0,270,0,0,0
0,61.11389,0,0,0,270,0,0,0
0,61.11842,0,0,0,270,0,0,0
0,61.12328,0,0,0,270,0,0,0
0,61.12822,0,0,0,270,0,0,0
0,61.13321,0,0,0,270,0,0,0
0,61.13782,0,0,0,270,0,0,0
0,61.14347,0,0,0,270,0,0,0
0,61.14819,0,0,0,270,0,0,0
0,61.15309,0,0,0,270,0,0,0
0,61.15822,0,0,0,270,0,0,0
0,61.16364,0,0,0,270,0,0,0
0,61.16848,0,0,0,270,0,0,0
0,61.17321,0,0,0,270,0,0,0
0,61.17905,0,0,0,270,0,0,0
0,61.1837,0,0,0,270,0,0,0
0,61.18892,0,0,0,270,0,0,0
0,61.19355,0,0,0,270,0,0,0
0,61.1985,0,0,0,270,0,0,0
0,61.20292,0,0,0,270,0,0,0
0,61.2085,0,0,0,270,0,0,0
0,61.21354,0,0,0,270,0,0,0
0,61.21962,0,0,0,270,0,0,0
0,61.22437,0,0,0,270,0,0,0
0,61.22923,0,0,0,270,0,0,0
0,61.23465,0,0,0,270,0,0,0
0,61.23966,0,0,0,270,0,0,0
0,61.24504,0,0,0,270,0,0,0
0,61.25017,0,0,0,270,0,0,0
0,61.25593,0,0,0,270,0,0,0
0,61.26091,0,0,0,270,0,0,0
0,61.26633,0,0,0,270,0,0,0
0,61.27205,0,0,0,270,0,0,0
0,61.27955,0,0,0,270,0,0,0
0,61.28646,0,0,0,270,0,0,0
0,61.29198,0,0,0,270,0,0,0
0,61.29837,0,0,0,270,0,0,0
0,61.30362,0,0,0,270,0,0,0
0,61.30906,0,0,0,270,0,0,0
0,61.3142,0,0,0,270,0,0,0
0,61.31959,0,0,0,270,0,0,0
0,61.32441,0,0,0,270,0,0,0
0,61.32976,0,0,0,270,0,0,0
0,61.33637,0,0,0,270,0,0,0
0,61.34201,0,0,0,270,0,0,0
0,61.34701,0,0,0,270,0,0,0
0,61.35304,0,0,0,270,0,0,0
0,61.35833,0,0,0,270,0,0,0
0,61.36421,0,0,0,270,0,0,0
0,61.36869,0,0,0,270,0,0,0
0,61.37407,0,0,0,270,0,0,0
0,61.37925,0,0,0,270,0,0,0
0,61.3841,0,0,0,270,0,0,0
0,61.38968,0,0,0,270,0,0,0
0,61.39544,0,0,0,270,0,0,0
0,61.40214,0,0,0,270,0,0,0
0,61.40751,0,0,0,270,0,0,0
0,61.41322,0,0,0,270,0,0,0
0,61.41867,0,0,0,270,0,0,0
0,61.4252,0,0,0,270,0,0,0
0,61.43135,0,0,0,270,0,0,0
0,61.4364,0,0,0,270,0,0,0
0,61.44172,0,0,0,270,0,0,0
0,61.44641,0,0,0,270,0,0,0
0,61.4516,0,0,0,270,0,0,0
0,61.45709,0,0,0,270,0,0,0
0,61.4622,0,0,0,270,0,0,0
0,61.46817,0,0,0,270,0,0,0
0,61.47334,0,0,0,270,0,0,0
0,61.4801,0,0,0,270,0,0,0
0,61.48512,0,0,0,270,0,0,0
0,61.49073,0,0,0,270,0,0,0
0,61.49543,0,0,0,270,0,0,0
0,61.50109,0,0,0,270,0,0,0
0,61.50557,0,0,0,270,0,0,0
0,61.51088,0,0,0,270,0,0,0
0,61.51677,0,0,0,270,0,0,0
0,61.52337,0,0,0,270,0,0,0
0,61.52801,0,0,0,270,0,0,0
0,61.53357,0,0,0,270,0,0,0
0,61.53834,0,0,0,270,0,0,0
0,61.54313,0,0,0,270,0,0,0
0,61.54813,0,0,0,270,0,0,0
0,61.55378,0,0,0,270,0,0,0
0,61.55898,0,0,0,270,0,0,0
0,61.56395,0,0,0,270,0,0,0
0,61.56929,0,0,0,270,0,0,0
0,61.57612,0,0,0,270,0,0,0
0,61.58277,0,0,0,270,0,0,0
0,61.59095,0,0,0,270,0,0,0
0,61.59893,0,0,0,270,0,0,0
0,61.60608,0,0,0,270,0,0,0
0,61.61389,0,0,0,270,0,0,0
0,61.62105,0,0,0,270,0,0,0
0,61.62734,0,0,0,270,0,0,0
0,61.63466,0,0,0,270,0,0,0
0,61.64261,0,0,0,270,0,0,0
0,61.6484,0,0,0,270,0,0,0
0,61.65567,0,0,0,270,0,0,0
0,61.66175,0,0,0,270,0,0,0
0,61.66912,0,0,0,270,0,0,0
0,61.67751,0,0,0,270,0,0,0
0,61.68484,0,0,0,270,0,0,0
0,61.69192,0,0,0,270,0,0,0
0,61.6996,0,0,0,270,0,0,0
0,61.70756,0,0,0,270,0,0,0
0,61.7161,0,0,0,270,0,0,0
0,61.73413,0,0,0,270,0,0,0
0,61.74462,0,0,0,270,0,0,0
0,61.7709,0,0,0,270,0,0,0
0,61.79486,0,0,0,270,0,0,0
0,61.82943,0,0,0,270,0,0,0
0,61.84458,0,0,0,270,0,0,0
0,61.85624,0,0,0,270,0,0,0
0,61.86578,0,0,0,270,0,0,0
0,61.87922,0,0,0,270,0,0,0
0,61.88605,0,0,0,270,0,0,0
0,61.89478,0,0,0,270,0,0,0
0,61.90209,0,0,0,270,0,0,0
0,61.90991,0,0,0,270,0,0,0
0,61.91652,0,0,0,270,0,0,0
0,61.92516,0,0,0,270,0,0,0
0,61.93212,0,0,0,270,0,0,0
0,61.93968,0,0,0,270,0,0,0
0,61.94674,0,0,0,270,0,0,0
0,61.9536,0,0,0,270,0,0,0
0,61.96009,0,0,0,270,0,0,0
0,61.96685,0,0,0,270,0,0,0
0,61.97332,0,0,0,270,0,0,0
0,61.98037,0,0,0,270,0,0,0
0,61.98817,0,0,0,270,0,0,0
0,61.99417,0,0,0,270,0,0,0
0,62.0021,0,0,0,270,0,0,0
0,62.01012,0,0,0,270,0,0,0
0,62.01847,0,0,0,270,0,0,0
0,62.02642,0,0,0,270,0,0,0
0,62.03351,0,0,0,270,0,0,0
0,62.04064,0,0,0,270,0,0,0
0,62.04684,0,0,0,270,0,0,0
0,62.05462,0,0,0,270,0,0,0
0,62.06134,0,0,0,270,0,0,0
0,62.06934,0,0,0,270,0,0,0
0,62.07648,0,0,0,270,0,0,0
0,62.08452,0,0,0,270,0,0,0
0,62.09265,0,0,0,270,0,0,0
0,62.10031,0,0,0,270,0,0,0
0,62.10756,0,0,0,270,0,0,0
0,62.11515,0,0,0,270,0,0,0
0,62.12178,0,0,0,270,0,0,0
0,62.12945,0,0,0,270,0,0,0
0,62.13633,0,0,0,270,0,0,0
0,62.14508,0,0,0,270,0,0,0
0,62.15321,0,0,0,270,0,0,0
0,62.16133,0,0,0,270,0,0,0
0,62.17131,0,0,0,270,0,0,0
0,62.18129,0,0,0,270,0,0,0
0,62.19065,0,0,0,270,0,0,0
0,62.19883,0,0,0,270,0,0,0
0,62.2062,0,0,0,270,0,0,0
0,62.21328,0,0,0,270,0,0,0
0,62.22298,0,0,0,270,0,0,0
0,62.23066,0,0,0,270,0,0,0
0,62.23713,0,0,0,270,0,0,0
0,62.24504,0,0,0,270,0,0,0
0,62.25169,0,0,0,270,0,0,0
0,62.25839,0,0,0,270,0,0,0
0,62.26725,0,0,0,270,0,0,0
0,62.27344,0,0,0,270,0,0,0
0,62.28009,0,0,0,270,0,0,0
0,62.28672,0,0,0,270,0,0,0
0,62.29331,0,0,0,270,0,0,0
0,62.30236,0,0,0,270,0,0,0
0,62.30855,0,0,0,270,0,0,0
0,62.31412,0,0,0,270,0,0,0
0,62.31919,0,0,0,270,0,0,0
0,62.32467,0,0,0,270,0,0,0
0,62.33122,0,0,0,270,0,0,0
0,62.33661,0,0,0,270,0,0,0
0,62.34208,0,0,0,270,0,0,0
0,62.34761,0,0,0,270,0,0,0
0,62.35324,0,0,0,270,0,0,0
0,62.35938,0,0,0,270,0,0,0
0,62.36643,0,0,0,270,0,0,0
0,62.37525,0,0,0,270,0,0,0
0,62.38051,0,0,0,270,0,0,0
0,62.38593,0,0,0,270,0,0,0
0,62.39194,0,0,0,270,0,0,0
0,62.39774,0,0,0,270,0,0,0
0,62.40515,0,0,0,270,0,0,0
0,62.41168,0,0,0,270,0,0,0
0,62.41767,0,0,0,270,0,0,0
0,62.42394,0,0,0,270,0,0,0
0,62.43039,0,0,0,270,0,0,0
0,62.43568,0,0,0,270,0,0,0
0,62.44181,0,0,0,270,0,0,0
0,62.44693,0,0,0,270,0,0,0
0,62.45586,0,0,0,270,0,0,0
0,62.46309,0,0,0,270,0,0,0
0,62.46893,0,0,0,270,0,0,0
0,62.47742,0,0,0,270,0,0,0
0,62.48272,0,0,0,270,0,0,0
0,62.49016,0,0,0,270,0,0,0
0,62.49587,0,0,0,270,0,0,0
0,62.50277,0,0,0,270,0,0,0
0,62.50892,0,0,0,270,0,0,0
0,62.51505,0,0,0,270,0,0,0
0,62.52184,0,0,0,270,0,0,0
0,62.52765,0,0,0,270,0,0,0
0,62.53351,0,0,0,270,0,0,0
0,62.5393,0,0,0,270,0,0,0
0,62.54506,0,0,0,270,0,0,0
0,62.55508,0,0,0,270,0,0,0
0,62.56174,0,0,0,270,0,0,0
0,62.56695,0,0,0,270,0,0,0
0,62.57267,0,0,0,270,0,0,0
0,62.57861,0,0,0,270,0,0,0
0,62.58414,0,0,0,270,0,0,0
0,62.58928,0,0,0,270,0,0,0
0,62.59784,0,0,0,270,0,0,0
0,62.6036,0,0,0,270,0,0,0
0,62.61252,0,0,0,270,0,0,0
0,62.62328,0,0,0,270,0,0,0
0,62.63026,0,0,0,270,0,0,0
0,62.63507,0,0,0,270,0,0,0
0,62.64028,0,0,0,270,0,0,0
0,62.64653,0,0,0,270,0,0,0
0,62.66114,0,0,0,270,0,0,0
0,62.66702,0,0,0,270,0,0,0
0,62.6727,0,0,0,270,0,0,0
0,62.67813,0,0,0,270,0,0,0
0,62.68328,0,0,0,270,0,0,0
0,62.68884,0,0,0,270,0,0,0
0,62.6943,0,0,0,270,0,0,0
0,62.69934,0,0,0,270,0,0,0
0,62.70467,0,0,0,270,0,0,0
0,62.71067,0,0,0,270,0,0,0
0,62.7161,0,0,0,270,0,0,0
0,62.72194,0,0,0,270,0,0,0
0,62.72876,0,0,0,270,0,0,0
0,62.73623,0,0,0,270,0,0,0
0,62.74342,0,0,0,270,0,0,0
0,62.74923,0,0,0,270,0,0,0
0,62.75499,0,0,0,270,0,0,0
0,62.7603,0,0,0,270,0,0,0
0,62.76712,0,0,0,270,0,0,0
0,62.77256,0,0,0,270,0,0,0
0,62.77877,0,0,0,270,0,0,0
0,62.78447,0,0,0,270,0,0,0
0,62.79093,0,0,0,270,0,0,0
0,62.79799,0,0,0,270,0,0,0
0,62.80519,0,0,0,270,0,0,0
0,62.81415,0,0,0,270,0,0,0
0,62.82167,0,0,0,270,0,0,0
0,62.82725,0,0,0,270,0,0,0
0,62.83403,0,0,0,270,0,0,0
0,62.84189,0,0,0,270,0,0,0
0,62.84923,0,0,0,270,0,0,0
0,62.85651,0,0,0,270,0,0,0
0,62.86393,0,0,0,270,0,0,0
0,62.87037,0,0,0,270,0,0,0
0,62.87841,0,0,0,270,0,0,0
0,62.88944,0,0,0,270,0,0,0
0,62.91441,0,0,0,270,0,0,0
0,62.92892,0,0,0,270,0,0,0
0,62.94292,0,0,0,270,0,0,0
0,62.95529,0,0,0,270,0,0,0
0,62.96817,0,0,0,270,0,0,0
0,62.98036,0,0,0,270,0,0,0
0,62.99232,0,0,0,270,0,0,0
0,63.0043,0,0,0,270,0,0,0
0,63.01583,0,0,0,270,0,0,0
0,63.02903,0,0,0,270,0,0,0
0,63.04124,0,0,0,270,0,0,0
0,63.05357,0,0,0,270,0,0,0
0,63.06646,0,0,0,270,0,0,0
0,63.07846,0,0,0,270,0,0,0
0,63.09008,0,0,0,270,0,0,0
0,63.10252,0,0,0,270,0,0,0
0,63.11719,0,0,0,270,0,0,0
0,63.12999,0,0,0,270,0,0,0
0,63.14238,0,0,0,270,0,0,0
0,63.15594,0,0,0,270,0,0,0
0,63.16893,0,0,0,270,0,0,0
0,63.18284,0,0,0,270,0,0,0
0,63.1956,0,0,0,270,0,0,0
0,63.20814,0,0,0,270,0,0,0
0,63.21927,0,0,0,270,0,0,0
0,63.23011,0,0,0,270,0,0,0
0,63.2407,0,0,0,270,0,0,0
0,63.25119,0,0,0,270,0,0,0
0,63.26151,0,0,0,270,0,0,0
0,63.27268,0,0,0,270,0,0,0
0,63.28688,0,0,0,270,0,0,0
0,63.30105,0,0,0,270,0,0,0
0,63.31387,0,0,0,270,0,0,0
0,63.33485,0,0,0,270,0,0,0
0,63.34716,0,0,0,270,0,0,0
0,63.35885,0,0,0,270,0,0,0
0,63.36933,0,0,0,270,0,0,0
0,63.38054,0,0,0,270,0,0,0
0,63.39138,0,0,0,270,0,0,0
0,63.402,0,0,0,270,0,0,0
0,63.41069,0,0,0,270,0,0,0
0,63.42003,0,0,0,270,0,0,0
0,63.42978,0,0,0,270,0,0,0
0,63.43919,0,0,0,270,0,0,0
0,63.44928,0,0,0,270,0,0,0
0,63.45911,0,0,0,270,0,0,0
0,63.46866,0,0,0,270,0,0,0
0,63.47828,0,0,0,270,0,0,0
0,63.48789,0,0,0,270,0,0,0
0,63.49619,0,0,0,270,0,0,0
0,63.50502,0,0,0,270,0,0,0
0,63.5141,0,0,0,270,0,0,0
0,63.52462,0,0,0,270,0,0,0
0,63.53376,0,0,0,270,0,0,0
0,63.54377,0,0,0,270,0,0,0
0,63.55256,0,0,0,270,0,0,0
0,63.56067,0,0,0,270,0,0,0
0,63.5692,0,0,0,270,0,0,0
0,63.57856,0,0,0,270,0,0,0
0,63.58909,0,0,0,270,0,0,0
0,63.59797,0,0,0,270,0,0,0
0,63.6061,0,0,0,270,0,0,0
0,63.61579,0,0,0,270,0,0,0
0,63.62831,0,0,0,270,0,0,0
0,63.64157,0,0,0,270,0,0,0
0,63.65236,0,0,0,270,0,0,0
0,63.66478,0,0,0,270,0,0,0
0,63.67664,0,0,0,270,0,0,0
0,63.68792,0,0,0,270,0,0,0
0,63.69788,0,0,0,270,0,0,0
0,63.70802,0,0,0,270,0,0,0
0,63.718,0,0,0,270,0,0,0
0,63.72749,0,0,0,270,0,0,0
0,63.73692,0,0,0,270,0,0,0
0,63.74933,0,0,0,270,0,0,0
0,63.76039,0,0,0,270,0,0,0
0,63.77121,0,0,0,270,0,0,0
0,63.78065,0,0,0,270,0,0,0
0,63.7911,0,0,0,270,0,0,0
0,63.80273,0,0,0,270,0,0,0
0,63.81255,0,0,0,270,0,0,0
0,63.82275,0,0,0,270,0,0,0
0,63.83284,0,0,0,270,0,0,0
0,63.84546,0,0,0,270,0,0,0
0,63.85811,0,0,0,270,0,0,0
0,63.86985,0,0,0,270,0,0,0
0,63.88095,0,0,0,270,0,0,0
0,63.89071,0,0,0,270,0,0,0
0,63.90242,0,0,0,270,0,0,0
0,63.91381,0,0,0,270,0,0,0
0,63.92531,0,0,0,270,0,0,0
0,63.93868,0,0,0,270,0,0,0
0,63.95153,0,0,0,270,0,0,0
0,63.96601,0,0,0,270,0,0,0
0,63.97905,0,0,0,270,0,0,0
0,63.99096,0,0,0,270,0,0,0
0,64.00346,0,0,0,270,0,0,0
0,64.01631,0,0,0,270,0,0,0
0,64.03712,0,0,0,270,0,0,0
0,64.04819,0,0,0,270,0,0,0
0,64.06212,0,0,0,270,0,0,0
0,64.07594,0,0,0,270,0,0,0
0,64.09003,0,0,0,270,0,0,0
0,64.10488,0,0,0,270,0,0,0
0,64.1181,0,0,0,270,0,0,0
0,64.13264,0,0,0,270,0,0,0
0,64.14722,0,0,0,270,0,0,0
0,64.16209,0,0,0,270,0,0,0
0,64.17725,0,0,0,270,0,0,0
0,64.201,0,0,0,270,0,0,0
0,64.223,0,0,0,270,0,0,0
0,64.24571,0,0,0,270,0,0,0
0,64.26413,0,0,0,270,0,0,0
0,64.27932,0,0,0,270,0,0,0
0,64.29376,0,0,0,270,0,0,0
0,64.31586,0,0,0,270,0,0,0
0,64.32737,0,0,0,270,0,0,0
0,64.34651,0,0,0,270,0,0,0
0,64.36592,0,0,0,270,0,0,0
0,64.38361,0,0,0,270,0,0,0
0,64.40797,0,0,0,270,0,0,0
0,64.43548,0,0,0,270,0,0,0
0,64.45555,0,0,0,270,0,0,0
0,64.47192,0,0,0,270,0,0,0
0,64.49004,0,0,0,270,0,0,0
0,64.50563,0,0,0,270,0,0,0
0,64.5202,0,0,0,270,0,0,0
0,64.53362,0,0,0,270,0,0,0
0,64.55099,0,0,0,270,0,0,0
0,64.56274,0,0,0,270,0,0,0
0,64.57347,0,0,0,270,0,0,0
0,64.58361,0,0,0,270,0,0,0
0,64.59354,0,0,0,270,0,0,0
0,64.60544,0,0,0,270,0,0,0
0,64.61499,0,0,0,270,0,0,0
0,64.62463,0,0,0,270,0,0,0
0,64.6339,0,0,0,270,0,0,0
0,64.64375,0,0,0,270,0,0,0
0,64.65398,0,0,0,270,0,0,0
0,64.66449,0,0,0,270,0,0,0
0,64.67364,0,0,0,270,0,0,0
0,64.68221,0,0,0,270,0,0,0
0,64.69172,0,0,0,270,0,0,0
0,64.70027,0,0,0,270,0,0,0
0,64.70966,0,0,0,270,0,0,0
0,64.71855,0,0,0,270,0,0,0
0,64.72805,0,0,0,270,0,0,0
0,64.7382,0,0,0,270,0,0,0
0,64.74697,0,0,0,270,0,0,0
0,64.7571,0,0,0,270,0,0,0
0,64.76753,0,0,0,270,0,0,0
0,64.77936,0,0,0,270,0,0,0
0,64.79355,0,0,0,270,0,0,0
0,64.80899,0,0,0,270,0,0,0
0,64.82986,0,0,0,270,0,0,0
0,64.83584,0,0,0,270,0,0,0
0,64.84176,0,0,0,270,0,0,0
0,64.84731,0,0,0,270,0,0,0
0,64.85308,0,0,0,270,0,0,0
0,64.85949,0,0,0,270,0,0,0
0,64.86664,0,0,0,270,0,0,0
0,64.87382,0,0,0,270,0,0,0
0,64.88063,0,0,0,270,0,0,0
0,64.88725,0,0,0,270,0,0,0
0,64.89261,0,0,0,270,0,0,0
0,64.905,0,0,0,270,0,0,0
0,64.91085,0,0,0,270,0,0,0
0,64.9164,0,0,0,270,0,0,0
0,64.92332,0,0,0,270,0,0,0
0,64.92862,0,0,0,270,0,0,0
0,64.93544,0,0,0,270,0,0,0
0,64.94147,0,0,0,270,0,0,0
0,64.94647,0,0,0,270,0,0,0
0,64.95334,0,0,0,270,0,0,0
0,64.95945,0,0,0,270,0,0,0
0,64.96544,0,0,0,270,0,0,0
0,64.97175,0,0,0,270,0,0,0
0,64.97841,0,0,0,270,0,0,0
0,64.98621,0,0,0,270,0,0,0
0,64.99219,0,0,0,270,0,0,0
0,64.99852,0,0,0,270,0,0,0
0,65.00431,0,0,0,270,0,0,0
0,65.0111,0,0,0,270,0,0,0
0,65.0172,0,0,0,270,0,0,0
0,65.02337,0,0,0,270,0,0,0
0,65.02935,0,0,0,270,0,0,0
0,65.04751,0,0,0,270,0,0,0
0,65.05348,0,0,0,270,0,0,0
0,65.05972,0,0,0,270,0,0,0
0,65.06611,0,0,0,270,0,0,0
0,65.07216,0,0,0,270,0,0,0
0,65.07921,0,0,0,270,0,0,0
0,65.0854,0,0,0,270,0,0,0
0,65.09225,0,0,0,270,0,0,0
0,65.09914,0,0,0,270,0,0,0
0,65.1053,0,0,0,270,0,0,0
0,65.1122,0,0,0,270,0,0,0
0,65.11823,0,0,0,270,0,0,0
0,65.12583,0,0,0,270,0,0,0
0,65.13333,0,0,0,270,0,0,0
0,65.14045,0,0,0,270,0,0,0
0,65.14761,0,0,0,270,0,0,0
0,65.15515,0,0,0,270,0,0,0
0,65.16131,0,0,0,270,0,0,0
0,65.17058,0,0,0,270,0,0,0
0,65.19567,0,0,0,270,0,0,0
0,65.22155,0,0,0,270,0,0,0
0,65.2434,0,0,0,270,0,0,0
0,65.26495,0,0,0,270,0,0,0
0,65.29044,0,0,0,270,0,0,0
0,65.30222,0,0,0,270,0,0,0
0,65.31155,0,0,0,270,0,0,0
0,65.33466,0,0,0,270,0,0,0
0,65.34303,0,0,0,270,0,0,0
0,65.35178,0,0,0,270,0,0,0
0,65.35994,0,0,0,270,0,0,0
0,65.37415,0,0,0,270,0,0,0
0,65.39983,0,0,0,270,0,0,0
0,65.43047,0,0,0,270,0,0,0
0,65.45966,0,0,0,270,0,0,0
0,65.48422,0,0,0,270,0,0,0
0,65.50835,0,0,0,270,0,0,0
0,65.51778,0,0,0,270,0,0,0
0,65.52871,0,0,0,270,0,0,0
0,65.5369,0,0,0,270,0,0,0
0,65.54739,0,0,0,270,0,0,0
0,65.55791,0,0,0,270,0,0,0
0,65.56524,0,0,0,270,0,0,0
0,65.5728,0,0,0,270,0,0,0
0,65.58062,0,0,0,270,0,0,0
0,65.58786,0,0,0,270,0,0,0
0,65.59472,0,0,0,270,0,0,0
0,65.60272,0,0,0,270,0,0,0
0,65.61089,0,0,0,270,0,0,0
0,65.61635,0,0,0,270,0,0,0
0,65.62343,0,0,0,270,0,0,0
0,65.62909,0,0,0,270,0,0,0
0,65.63738,0,0,0,270,0,0,0
0,65.64553,0,0,0,270,0,0,0
0,65.65379,0,0,0,270,0,0,0
0,65.66095,0,0,0,270,0,0,0
0,65.66856,0,0,0,270,0,0,0
0,65.67699,0,0,0,270,0,0,0
0,65.68495,0,0,0,270,0,0,0
0,65.69254,0,0,0,270,0,0,0
0,65.69923,0,0,0,270,0,0,0
0,65.70673,0,0,0,270,0,0,0
0,65.71422,0,0,0,270,0,0,0
0,65.72193,0,0,0,270,0,0,0
0,65.72874,0,0,0,270,0,0,0
0,65.73567,0,0,0,270,0,0,0
0,65.74329,0,0,0,270,0,0,0
0,65.74986,0,0,0,270,0,0,0
0,65.75694,0,0,0,270,0,0,0
0,65.76492,0,0,0,270,0,0,0
0,65.7715,0,0,0,270,0,0,0
0,65.77943,0,0,0,270,0,0,0
0,65.78648,0,0,0,270,0,0,0
0,65.80513,0,0,0,270,0,0,0
0,65.81367,0,0,0,270,0,0,0
0,65.82182,0,0,0,270,0,0,0
0,65.82869,0,0,0,270,0,0,0
0,65.8354,0,0,0,270,0,0,0
0,65.8421,0,0,0,270,0,0,0
0,65.84864,0,0,0,270,0,0,0
0,65.85585,0,0,0,270,0,0,0
0,65.86417,0,0,0,270,0,0,0
0,65.87127,0,0,0,270,0,0,0
0,65.87963,0,0,0,270,0,0,0
0,65.88816,0,0,0,270,0,0,0
0,65.90215,0,0,0,270,0,0,0
0,65.92318,0,0,0,270,0,0,0
0,65.93068,0,0,0,270,0,0,0
0,65.93883,0,0,0,270,0,0,0
0,65.94704,0,0,0,270,0,0,0
0,65.9548,0,0,0,270,0,0,0
0,65.96246,0,0,0,270,0,0,0
0,65.97068,0,0,0,270,0,0,0
0,65.98,0,0,0,270,0,0,0
0,65.98933,0,0,0,270,0,0,0
0,65.9978,0,0,0,270,0,0,0
0,66.00476,0,0,0,270,0,0,0
0,66.01236,0,0,0,270,0,0,0
0,66.01987,0,0,0,270,0,0,0
0,66.02682,0,0,0,270,0,0,0
0,66.0348,0,0,0,270,0,0,0
0,66.04319,0,0,0,270,0,0,0
0,66.04935,0,0,0,270,0,0,0
0,66.0559,0,0,0,270,0,0,0
0,66.06237,0,0,0,270,0,0,0
0,66.06889,0,0,0,270,0,0,0
0,66.07542,0,0,0,270,0,0,0
0,66.08153,0,0,0,270,0,0,0
0,66.08849,0,0,0,270,0,0,0
0,66.09583,0,0,0,270,0,0,0
0,66.10325,0,0,0,270,0,0,0
0,66.10971,0,0,0,270,0,0,0
0,66.11549,0,0,0,270,0,0,0
0,66.12547,0,0,0,270,0,0,0
0,66.14717,0,0,0,270,0,0,0
0,66.16756,0,0,0,270,0,0,0
0,66.17391,0,0,0,270,0,0,0
0,66.18125,0,0,0,270,0,0,0
0,66.18895,0,0,0,270,0,0,0
0,66.19584,0,0,0,270,0,0,0
0,66.20247,0,0,0,270,0,0,0
0,66.20909,0,0,0,270,0,0,0
0,66.21581,0,0,0,270,0,0,0
0,66.22303,0,0,0,270,0,0,0
0,66.23048,0,0,0,270,0,0,0
0,66.23707,0,0,0,270,0,0,0
0,66.24432,0,0,0,270,0,0,0
0,66.25044,0,0,0,270,0,0,0
0,66.2576,0,0,0,270,0,0,0
0,66.26463,0,0,0,270,0,0,0
0,66.27148,0,0,0,270,0,0,0
0,66.27899,0,0,0,270,0,0,0
0,66.28506,0,0,0,270,0,0,0
0,66.29235,0,0,0,270,0,0,0
0,66.29903,0,0,0,270,0,0,0
0,66.30561,0,0,0,270,0,0,0
0,66.31291,0,0,0,270,0,0,0
0,66.31927,0,0,0,270,0,0,0
0,66.32607,0,0,0,270,0,0,0
0,66.33253,0,0,0,270,0,0,0
0,66.33923,0,0,0,270,0,0,0
0,66.34605,0,0,0,270,0,0,0
0,66.35297,0,0,0,270,0,0,0
0,66.36019,0,0,0,270,0,0,0
0,66.36708,0,0,0,270,0,0,0
0,66.37309,0,0,0,270,0,0,0
0,66.37936,0,0,0,270,0,0,0
0,66.38655,0,0,0,270,0,0,0
0,66.39442,0,0,0,270,0,0,0
0,66.40158,0,0,0,270,0,0,0
0,66.40745,0,0,0,270,0,0,0
0,66.41407,0,0,0,270,0,0,0
0,66.42011,0,0,0,270,0,0,0
0,66.42603,0,0,0,270,0,0,0
0,66.43246,0,0,0,270,0,0,0
0,66.43849,0,0,0,270,0,0,0
0,66.44451,0,0,0,270,0,0,0
0,66.44965,0,0,0,270,0,0,0
0,66.45522,0,0,0,270,0,0,0
0,66.46058,0,0,0,270,0,0,0
0,66.46717,0,0,0,270,0,0,0
0,66.47305,0,0,0,270,0,0,0
0,66.48029,0,0,0,270,0,0,0
0,66.48658,0,0,0,270,0,0,0
0,66.49268,0,0,0,270,0,0,0
0,66.49863,0,0,0,270,0,0,0
0,66.50388,0,0,0,270,0,0,0
0,66.51023,0,0,0,270,0,0,0
0,66.51661,0,0,0,270,0,0,0
0,66.5227,0,0,0,270,0,0,0
0,66.52799,0,0,0,270,0,0,0
0,66.53376,0,0,0,270,0,0,0
0,66.53852,0,0,0,270,0,0,0
0,66.54452,0,0,0,270,0,0,0
0,66.54944,0,0,0,270,0,0,0
0,66.555,0,0,0,270,0,0,0
0,66.56038,0,0,0,270,0,0,0
0,66.56647,0,0,0,270,0,0,0
0,66.5713,0,0,0,270,0,0,0
0,66.58073,0,0,0,270,0,0,0
0,66.58602,0,0,0,270,0,0,0
0,66.59043,0,0,0,270,0,0,0
0,66.59588,0,0,0,270,0,0,0
0,66.60188,0,0,0,270,0,0,0
0,66.60712,0,0,0,270,0,0,0
0,66.61369,0,0,0,270,0,0,0
0,66.61947,0,0,0,270,0,0,0
0,66.62429,0,0,0,270,0,0,0
0,66.6287,0,0,0,270,0,0,0
0,66.63413,0,0,0,270,0,0,0
0,66.63951,0,0,0,270,0,0,0
0,66.64517,0,0,0,270,0,0,0
0,66.6498,0,0,0,270,0,0,0
0,66.6552,0,0,0,270,0,0,0
0,66.66027,0,0,0,270,0,0,0
0,66.66737,0,0,0,270,0,0,0
0,66.68706,0,0,0,270,0,0,0
0,66.69174,0,0,0,270,0,0,0
0,66.69753,0,0,0,270,0,0,0
0,66.70376,0,0,0,270,0,0,0
0,66.70926,0,0,0,270,0,0,0
0,66.71403,0,0,0,270,0,0,0
0,66.71973,0,0,0,270,0,0,0
0,66.72443,0,0,0,270,0,0,0
0,66.72938,0,0,0,270,0,0,0
0,66.73518,0,0,0,270,0,0,0
0,66.74015,0,0,0,270,0,0,0
0,66.74556,0,0,0,270,0,0,0
0,66.75081,0,0,0,270,0,0,0
0,66.75616,0,0,0,270,0,0,0
0,66.76044,0,0,0,270,0,0,0
0,66.76608,0,0,0,270,0,0,0
0,66.77192,0,0,0,270,0,0,0
0,66.77947,0,0,0,270,0,0,0
0,66.78612,0,0,0,270,0,0,0
0,66.79115,0,0,0,270,0,0,0
0,66.79729,0,0,0,270,0,0,0
0,66.803,0,0,0,270,0,0,0
0,66.80857,0,0,0,270,0,0,0
0,66.81389,0,0,0,270,0,0,0
0,66.82046,0,0,0,270,0,0,0
0,66.82803,0,0,0,270,0,0,0
0,66.83678,0,0,0,270,0,0,0
0,66.84476,0,0,0,270,0,0,0
0,66.85122,0,0,0,270,0,0,0
0,66.85798,0,0,0,270,0,0,0
0,66.86478,0,0,0,270,0,0,0
0,66.86984,0,0,0,270,0,0,0
0,66.87557,0,0,0,270,0,0,0
0,66.88199,0,0,0,270,0,0,0
0,66.88852,0,0,0,270,0,0,0
0,66.89457,0,0,0,270,0,0,0
0,66.90148,0,0,0,270,0,0,0
0,66.90873,0,0,0,270,0,0,0
0,66.91561,0,0,0,270,0,0,0
0,66.9244,0,0,0,270,0,0,0
0,66.9328,0,0,0,270,0,0,0
0,66.93948,0,0,0,270,0,0,0
0,66.94631,0,0,0,270,0,0,0
0,66.95343,0,0,0,270,0,0,0
0,66.95988,0,0,0,270,0,0,0
0,66.96735,0,0,0,270,0,0,0
0,66.97403,0,0,0,270,0,0,0
0,66.98239,0,0,0,270,0,0,0
0,66.99088,0,0,0,270,0,0,0
0,66.99877,0,0,0,270,0,0,0
0,67.00683,0,0,0,270,0,0,0
0,67.01535,0,0,0,270,0,0,0
0,67.02831,0,0,0,270,0,0,0
0,67.05421,0,0,0,270,0,0,0
0,67.0603,0,0,0,270,0,0,0
0,67.06744,0,0,0,270,0,0,0
0,67.0742,0,0,0,270,0,0,0
0,67.08309,0,0,0,270,0,0,0
0,67.09933,0,0,0,270,0,0,0
0,67.12558,0,0,0,270,0,0,0
0,67.1317,0,0,0,270,0,0,0
0,67.13848,0,0,0,270,0,0,0
0,67.14627,0,0,0,270,0,0,0
0,67.15411,0,0,0,270,0,0,0
0,67.16154,0,0,0,270,0,0,0
0,67.1684,0,0,0,270,0,0,0
0,67.17576,0,0,0,270,0,0,0
0,67.18212,0,0,0,270,0,0,0
0,67.18967,0,0,0,270,0,0,0
0,67.19553,0,0,0,270,0,0,0
0,67.20303,0,0,0,270,0,0,0
0,67.21104,0,0,0,270,0,0,0
0,67.22147,0,0,0,270,0,0,0
0,67.23415,0,0,0,270,0,0,0
0,67.2478,0,0,0,270,0,0,0
0,67.25897,0,0,0,270,0,0,0
0,67.26804,0,0,0,270,0,0,0
0,67.27586,0,0,0,270,0,0,0
0,67.28265,0,0,0,270,0,0,0
0,67.28973,0,0,0,270,0,0,0
0,67.29644,0,0,0,270,0,0,0
0,67.30344,0,0,0,270,0,0,0
0,67.30995,0,0,0,270,0,0,0
0,67.31654,0,0,0,270,0,0,0
0,67.32374,0,0,0,270,0,0,0
0,67.33103,0,0,0,270,0,0,0
0,67.33738,0,0,0,270,0,0,0
0,67.35094,0,0,0,270,0,0,0
0,67.36131,0,0,0,270,0,0,0
0,67.37188,0,0,0,270,0,0,0
0,67.38203,0,0,0,270,0,0,0
0,67.38937,0,0,0,270,0,0,0
0,67.39587,0,0,0,270,0,0,0
0,67.40273,0,0,0,270,0,0,0
0,67.409,0,0,0,270,0,0,0
0,67.41495,0,0,0,270,0,0,0
0,67.42223,0,0,0,270,0,0,0
0,67.42776,0,0,0,270,0,0,0
0,67.43349,0,0,0,270,0,0,0
0,67.43909,0,0,0,270,0,0,0
0,67.4456,0,0,0,270,0,0,0
0,67.45098,0,0,0,270,0,0,0
0,67.45657,0,0,0,270,0,0,0
0,67.46169,0,0,0,270,0,0,0
0,67.46735,0,0,0,270,0,0,0
0,67.47334,0,0,0,270,0,0,0
0,67.47942,0,0,0,270,0,0,0
0,67.48457,0,0,0,270,0,0,0
0,67.49005,0,0,0,270,0,0,0
0,67.49506,0,0,0,270,0,0,0
0,67.50077,0,0,0,270,0,0,0
0,67.50571,0,0,0,270,0,0,0
0,67.51131,0,0,0,270,0,0,0
0,67.51646,0,0,0,270,0,0,0
0,67.52248,0,0,0,270,0,0,0
0,67.52803,0,0,0,270,0,0,0
0,67.53378,0,0,0,270,0,0,0
0,67.53908,0,0,0,270,0,0,0
0,67.54497,0,0,0,270,0,0,0
0,67.54991,0,0,0,270,0,0,0
0,67.55573,0,0,0,270,0,0,0
0,67.56035,0,0,0,270,0,0,0
0,67.56579,0,0,0,270,0,0,0
0,67.57075,0,0,0,270,0,0,0
0,67.57583,0,0,0,270,0,0,0
0,67.58076,0,0,0,270,0,0,0
0,67.58595,0,0,0,270,0,0,0
0,67.59035,0,0,0,270,0,0,0
0,67.59466,0,0,0,270,0,0,0
0,67.59989,0,0,0,270,0,0,0
0,67.60446,0,0,0,270,0,0,0
0,67.60985,0,0,0,270,0,0,0
0,67.61504,0,0,0,270,0,0,0
0,67.62103,0,0,0,270,0,0,0
0,67.62616,0,0,0,270,0,0,0
0,67.63261,0,0,0,270,0,0,0
0,67.6375,0,0,0,270,0,0,0
0,67.64323,0,0,0,270,0,0,0
0,67.64961,0,0,0,270,0,0,0
0,67.65586,0,0,0,270,0,0,0
0,67.66077,0,0,0,270,0,0,0
0,67.66605,0,0,0,270,0,0,0
0,67.6711,0,0,0,270,0,0,0
0,67.67622,0,0,0,270,0,0,0
0,67.68075,0,0,0,270,0,0,0
0,67.68646,0,0,0,270,0,0,0
0,67.69154,0,0,0,270,0,0,0
0,67.69611,0,0,0,270,0,0,0
0,67.70152,0,0,0,270,0,0,0
0,67.70618,0,0,0,270,0,0,0
0,67.71174,0,0,0,270,0,0,0
0,67.71741,0,0,0,270,0,0,0
0,67.72359,0,0,0,270,0,0,0
0,67.72851,0,0,0,270,0,0,0
0,67.73492,0,0,0,270,0,0,0
0,67.74142,0,0,0,270,0,0,0
0,67.74796,0,0,0,270,0,0,0
0,67.75438,0,0,0,270,0,0,0
0,67.76138,0,0,0,270,0,0,0
0,67.77731,0,0,0,270,0,0,0
0,67.7921,0,0,0,270,0,0,0
0,67.79971,0,0,0,270,0,0,0
0,67.80716,0,0,0,270,0,0,0
0,67.81319,0,0,0,270,0,0,0
0,67.81937,0,0,0,270,0,0,0
0,67.83836,0,0,0,270,0,0,0
0,67.85953,0,0,0,270,0,0,0
0,67.86647,0,0,0,270,0,0,0
0,67.87207,0,0,0,270,0,0,0
0,67.87777,0,0,0,270,0,0,0
0,67.88322,0,0,0,270,0,0,0
0,67.88986,0,0,0,270,0,0,0
0,67.8955,0,0,0,270,0,0,0
0,67.90208,0,0,0,270,0,0,0
0,67.90865,0,0,0,270,0,0,0
0,67.914,0,0,0,270,0,0,0
0,67.91968,0,0,0,270,0,0,0
0,67.92606,0,0,0,270,0,0,0
0,67.93283,0,0,0,270,0,0,0
0,67.9416,0,0,0,270,0,0,0
0,67.94765,0,0,0,270,0,0,0
0,67.95513,0,0,0,270,0,0,0
0,67.96089,0,0,0,270,0,0,0
0,67.96879,0,0,0,270,0,0,0
0,67.97974,0,0,0,270,0,0,0
0,68.00514,0,0,0,270,0,0,0
0,68.03561,0,0,0,270,0,0,0
0,68.0559,0,0,0,270,0,0,0
0,68.06983,0,0,0,270,0,0,0
0,68.08045,0,0,0,270,0,0,0
0,68.09093,0,0,0,270,0,0,0
0,68.09808,0,0,0,270,0,0,0
0,68.10403,0,0,0,270,0,0,0
0,68.11208,0,0,0,270,0,0,0
0,68.11947,0,0,0,270,0,0,0
0,68.12669,0,0,0,270,0,0,0
0,68.13378,0,0,0,270,0,0,0
0,68.14077,0,0,0,270,0,0,0
0,68.14736,0,0,0,270,0,0,0
0,68.15433,0,0,0,270,0,0,0
0,68.16153,0,0,0,270,0,0,0
0,68.16986,0,0,0,270,0,0,0
0,68.17795,0,0,0,270,0,0,0
0,68.18538,0,0,0,270,0,0,0
0,68.19346,0,0,0,270,0,0,0
0,68.20084,0,0,0,270,0,0,0
0,68.20751,0,0,0,270,0,0,0
0,68.21455,0,0,0,270,0,0,0
0,68.22178,0,0,0,270,0,0,0
0,68.22868,0,0,0,270,0,0,0
0,68.2362,0,0,0,270,0,0,0
0,68.24281,0,0,0,270,0,0,0
0,68.24906,0,0,0,270,0,0,0
0,68.25566,0,0,0,270,0,0,0
0,68.26197,0,0,0,270,0,0,0
0,68.26905,0,0,0,270,0,0,0
0,68.27654,0,0,0,270,0,0,0
0,68.28279,0,0,0,270,0,0,0
0,68.28909,0,0,0,270,0,0,0
0,68.29513,0,0,0,270,0,0,0
0,68.30146,0,0,0,270,0,0,0
0,68.30698,0,0,0,270,0,0,0
0,68.315,0,0,0,270,0,0,0
0,68.32152,0,0,0,270,0,0,0
0,68.32864,0,0,0,270,0,0,0
0,68.33583,0,0,0,270,0,0,0
0,68.34653,0,0,0,270,0,0,0
0,68.35653,0,0,0,270,0,0,0
0,68.3658,0,0,0,270,0,0,0
0,68.3753,0,0,0,270,0,0,0
0,68.3838,0,0,0,270,0,0,0
0,68.39799,0,0,0,270,0,0,0
0,68.41663,0,0,0,270,0,0,0
0,68.42876,0,0,0,270,0,0,0
0,68.44592,0,0,0,270,0,0,0
0,68.45628,0,0,0,270,0,0,0
0,68.46217,0,0,0,270,0,0,0
0,68.47334,0,0,0,270,0,0,0
0,68.48293,0,0,0,270,0,0,0
0,68.49184,0,0,0,270,0,0,0
0,68.4989,0,0,0,270,0,0,0
0,68.50516,0,0,0,270,0,0,0
0,68.51274,0,0,0,270,0,0,0
0,68.5201,0,0,0,270,0,0,0
0,68.52731,0,0,0,270,0,0,0
0,68.5351,0,0,0,270,0,0,0
0,68.54185,0,0,0,270,0,0,0
0,68.54828,0,0,0,270,0,0,0
0,68.55659,0,0,0,270,0,0,0
0,68.56372,0,0,0,270,0,0,0
0,68.56948,0,0,0,270,0,0,0
0,68.58039,0,0,0,270,0,0,0
0,68.58688,0,0,0,270,0,0,0
0,68.59283,0,0,0,270,0,0,0
0,68.59957,0,0,0,270,0,0,0
0,68.60952,0,0,0,270,0,0,0
0,68.61466,0,0,0,270,0,0,0
0,68.62091,0,0,0,270,0,0,0
0,68.63107,0,0,0,270,0,0,0
0,68.63631,0,0,0,270,0,0,0
0,68.64294,0,0,0,270,0,0,0
0,68.64831,0,0,0,270,0,0,0
0,68.65519,0,0,0,270,0,0,0
0,68.66173,0,0,0,270,0,0,0
0,68.66775,0,0,0,270,0,0,0
0,68.67469,0,0,0,270,0,0,0
0,68.68025,0,0,0,270,0,0,0
0,68.68604,0,0,0,270,0,0,0
0,68.6921,0,0,0,270,0,0,0
0,68.69872,0,0,0,270,0,0,0
0,68.70444,0,0,0,270,0,0,0
0,68.71017,0,0,0,270,0,0,0
0,68.71503,0,0,0,270,0,0,0
0,68.72099,0,0,0,270,0,0,0
0,68.72607,0,0,0,270,0,0,0
0,68.73315,0,0,0,270,0,0,0
0,68.73935,0,0,0,270,0,0,0
0,68.75134,0,0,0,270,0,0,0
0,68.75898,0,0,0,270,0,0,0
0,68.76823,0,0,0,270,0,0,0
0,68.77522,0,0,0,270,0,0,0
0,68.7914,0,0,0,270,0,0,0
0,68.80026,0,0,0,270,0,0,0
0,68.80608,0,0,0,270,0,0,0
0,68.81439,0,0,0,270,0,0,0
0,68.82122,0,0,0,270,0,0,0
0,68.82913,0,0,0,270,0,0,0
0,68.83562,0,0,0,270,0,0,0
0,68.85559,0,0,0,270,0,0,0
0,68.88071,0,0,0,270,0,0,0
0,68.88741,0,0,0,270,0,0,0
0,68.8938,0,0,0,270,0,0,0
0,68.89989,0,0,0,270,0,0,0
0,68.90638,0,0,0,270,0,0,0
0,68.91283,0,0,0,270,0,0,0
0,68.91779,0,0,0,270,0,0,0
0,68.92561,0,0,0,270,0,0,0
0,68.93181,0,0,0,270,0,0,0
0,68.9389,0,0,0,270,0,0,0
0,68.94547,0,0,0,270,0,0,0
0,68.95159,0,0,0,270,0,0,0
0,68.9592,0,0,0,270,0,0,0
0,68.96798,0,0,0,270,0,0,0
0,68.97345,0,0,0,270,0,0,0
0,68.98006,0,0,0,270,0,0,0
0,68.98677,0,0,0,270,0,0,0
0,68.99239,0,0,0,270,0,0,0
0,68.9986,0,0,0,270,0,0,0
0,69.00494,0,0,0,270,0,0,0
0,69.01126,0,0,0,270,0,0,0
0,69.01807,0,0,0,270,0,0,0
0,69.02432,0,0,0,270,0,0,0
0,69.02972,0,0,0,270,0,0,0
0,69.03635,0,0,0,270,0,0,0
0,69.04316,0,0,0,270,0,0,0
0,69.04977,0,0,0,270,0,0,0
0,69.05541,0,0,0,270,0,0,0
0,69.06058,0,0,0,270,0,0,0
0,69.06729,0,0,0,270,0,0,0
0,69.07278,0,0,0,270,0,0,0
0,69.07935,0,0,0,270,0,0,0
0,69.08472,0,0,0,270,0,0,0
0,69.09026,0,0,0,270,0,0,0
0,69.09586,0,0,0,270,0,0,0
0,69.10175,0,0,0,270,0,0,0
0,69.10713,0,0,0,270,0,0,0
0,69.11297,0,0,0,270,0,0,0
0,69.11787,0,0,0,270,0,0,0
0,69.12443,0,0,0,270,0,0,0
0,69.13145,0,0,0,270,0,0,0
0,69.13748,0,0,0,270,0,0,0
0,69.14432,0,0,0,270,0,0,0
0,69.15119,0,0,0,270,0,0,0
0,69.15858,0,0,0,270,0,0,0
0,69.16519,0,0,0,270,0,0,0
0,69.17227,0,0,0,270,0,0,0
0,69.17982,0,0,0,270,0,0,0
0,69.18748,0,0,0,270,0,0,0
0,69.19431,0,0,0,270,0,0,0
0,69.21058,0,0,0,270,0,0,0
0,69.22489,0,0,0,270,0,0,0
0,69.23583,0,0,0,270,0,0,0
0,69.24635,0,0,0,270,0,0,0
0,69.25812,0,0,0,270,0,0,0
0,69.27088,0,0,0,270,0,0,0
0,69.28447,0,0,0,270,0,0,0
0,69.29806,0,0,0,270,0,0,0
0,69.31036,0,0,0,270,0,0,0
0,69.32324,0,0,0,270,0,0,0
0,69.33634,0,0,0,270,0,0,0
0,69.34926,0,0,0,270,0,0,0
0,69.3616,0,0,0,270,0,0,0
0,69.37402,0,0,0,270,0,0,0
0,69.38571,0,0,0,270,0,0,0
0,69.39866,0,0,0,270,0,0,0
0,69.41039,0,0,0,270,0,0,0
0,69.42284,0,0,0,270,0,0,0
0,69.44346,0,0,0,270,0,0,0
0,69.45928,0,0,0,270,0,0,0
0,69.47293,0,0,0,270,0,0,0
0,69.48489,0,0,0,270,0,0,0
0,69.49668,0,0,0,270,0,0,0
0,69.51047,0,0,0,270,0,0,0
0,69.53262,0,0,0,270,0,0,0
0,69.54398,0,0,0,270,0,0,0
0,69.5566,0,0,0,270,0,0,0
0,69.56909,0,0,0,270,0,0,0
0,69.58086,0,0,0,270,0,0,0
0,69.59453,0,0,0,270,0,0,0
0,69.60728,0,0,0,270,0,0,0
0,69.62052,0,0,0,270,0,0,0
0,69.63319,0,0,0,270,0,0,0
0,69.64491,0,0,0,270,0,0,0
0,69.65665,0,0,0,270,0,0,0
0,69.66819,0,0,0,270,0,0,0
0,69.68028,0,0,0,270,0,0,0
0,69.69202,0,0,0,270,0,0,0
0,69.70348,0,0,0,270,0,0,0
0,69.71387,0,0,0,270,0,0,0
0,69.72561,0,0,0,270,0,0,0
0,69.73924,0,0,0,270,0,0,0
0,69.75254,0,0,0,270,0,0,0
0,69.76705,0,0,0,270,0,0,0
0,69.77702,0,0,0,270,0,0,0
0,69.78758,0,0,0,270,0,0,0
0,69.7985,0,0,0,270,0,0,0
0,69.80885,0,0,0,270,0,0,0
0,69.81795,0,0,0,270,0,0,0
0,69.82659,0,0,0,270,0,0,0
0,69.83607,0,0,0,270,0,0,0
0,69.84501,0,0,0,270,0,0,0
0,69.85368,0,0,0,270,0,0,0
0,69.8628,0,0,0,270,0,0,0
0,69.87158,0,0,0,270,0,0,0
0,69.88303,0,0,0,270,0,0,0
0,69.89535,0,0,0,270,0,0,0
0,69.90592,0,0,0,270,0,0,0
0,69.91451,0,0,0,270,0,0,0
0,69.92429,0,0,0,270,0,0,0
0,69.93473,0,0,0,270,0,0,0
0,69.944,0,0,0,270,0,0,0
0,69.95396,0,0,0,270,0,0,0
0,69.9626,0,0,0,270,0,0,0
0,69.97259,0,0,0,270,0,0,0
0,69.9835,0,0,0,270,0,0,0
0,69.99313,0,0,0,270,0,0,0
0,70.00225,0,0,0,270,0,0,0
0,70.01094,0,0,0,270,0,0,0
0,70.02077,0,0,0,270,0,0,0
0,70.02902,0,0,0,270,0,0,0
0,70.03986,0,0,0,270,0,0,0
0,70.04907,0,0,0,270,0,0,0
0,70.05917,0,0,0,270,0,0,0
0,70.06762,0,0,0,270,0,0,0
0,70.07635,0,0,0,270,0,0,0
0,70.08628,0,0,0,270,0,0,0
0,70.09509,0,0,0,270,0,0,0
0,70.10416,0,0,0,270,0,0,0
0,70.11536,0,0,0,270,0,0,0
0,70.12413,0,0,0,270,0,0,0
0,70.13275,0,0,0,270,0,0,0
0,70.14245,0,0,0,270,0,0,0
0,70.15094,0,0,0,270,0,0,0
0,70.16062,0,0,0,270,0,0,0
0,70.1741,0,0,0,270,0,0,0
0,70.18201,0,0,0,270,0,0,0
0,70.19434,0,0,0,270,0,0,0
0,70.20434,0,0,0,270,0,0,0
0,70.21626,0,0,0,270,0,0,0
0,70.22531,0,0,0,270,0,0,0
0,70.23539,0,0,0,270,0,0,0
0,70.24471,0,0,0,270,0,0,0
0,70.25467,0,0,0,270,0,0,0
0,70.26292,0,0,0,270,0,0,0
0,70.27332,0,0,0,270,0,0,0
0,70.28263,0,0,0,270,0,0,0
0,70.29128,0,0,0,270,0,0,0
0,70.30203,0,0,0,270,0,0,0
0,70.31311,0,0,0,270,0,0,0
0,70.32474,0,0,0,270,0,0,0
0,70.33681,0,0,0,270,0,0,0
0,70.34794,0,0,0,270,0,0,0
0,70.35938,0,0,0,270,0,0,0
0,70.37339,0,0,0,270,0,0,0
0,70.38637,0,0,0,270,0,0,0
0,70.40334,0,0,0,270,0,0,0
0,70.41867,0,0,0,270,0,0,0
0,70.43372,0,0,0,270,0,0,0
0,70.44788,0,0,0,270,0,0,0
0,70.46554,0,0,0,270,0,0,0
0,70.47945,0,0,0,270,0,0,0
0,70.49781,0,0,0,270,0,0,0
0,70.51666,0,0,0,270,0,0,0
0,70.54098,0,0,0,270,0,0,0
0,70.55387,0,0,0,270,0,0,0
0,70.566,0,0,0,270,0,0,0
0,70.58408,0,0,0,270,0,0,0
0,70.59747,0,0,0,270,0,0,0
0,70.60773,0,0,0,270,0,0,0
0,70.62113,0,0,0,270,0,0,0
0,70.63522,0,0,0,270,0,0,0
0,70.64777,0,0,0,270,0,0,0
0,70.66103,0,0,0,270,0,0,0
0,70.67185,0,0,0,270,0,0,0
0,70.68374,0,0,0,270,0,0,0
0,70.69465,0,0,0,270,0,0,0
0,70.70689,0,0,0,270,0,0,0
0,70.7207,0,0,0,270,0,0,0
0,70.73503,0,0,0,270,0,0,0
0,70.74927,0,0,0,270,0,0,0
0,70.76093,0,0,0,270,0,0,0
0,70.77233,0,0,0,270,0,0,0
0,70.78905,0,0,0,270,0,0,0
0,70.83205,0,0,0,270,0,0,0
0,70.83878,0,0,0,270,0,0,0
0,70.84605,0,0,0,270,0,0,0
0,70.85261,0,0,0,270,0,0,0
0,70.85893,0,0,0,270,0,0,0
0,70.86559,0,0,0,270,0,0,0
0,70.87144,0,0,0,270,0,0,0
0,70.87845,0,0,0,270,0,0,0
0,70.88444,0,0,0,270,0,0,0
0,70.89156,0,0,0,270,0,0,0
0,70.89994,0,0,0,270,0,0,0
0,70.90747,0,0,0,270,0,0,0
0,70.91546,0,0,0,270,0,0,0
0,70.92313,0,0,0,270,0,0,0
0,70.93032,0,0,0,270,0,0,0
0,70.93632,0,0,0,270,0,0,0
0,70.94855,0,0,0,270,0,0,0
0,70.95489,0,0,0,270,0,0,0
0,70.96021,0,0,0,270,0,0,0
0,70.9667,0,0,0,270,0,0,0
0,70.97258,0,0,0,270,0,0,0
0,70.9788,0,0,0,270,0,0,0
0,70.9836,0,0,0,270,0,0,0
0,70.98885,0,0,0,270,0,0,0
0,70.99455,0,0,0,270,0,0,0
0,71.00179,0,0,0,270,0,0,0
0,71.00838,0,0,0,270,0,0,0
0,71.02458,0,0,0,270,0,0,0
0,71.0304,0,0,0,270,0,0,0
0,71.0358,0,0,0,270,0,0,0
0,71.04067,0,0,0,270,0,0,0
0,71.04634,0,0,0,270,0,0,0
0,71.05113,0,0,0,270,0,0,0
0,71.05681,0,0,0,270,0,0,0
0,71.06211,0,0,0,270,0,0,0
0,71.06789,0,0,0,270,0,0,0
0,71.07376,0,0,0,270,0,0,0
0,71.08085,0,0,0,270,0,0,0
0,71.08737,0,0,0,270,0,0,0
0,71.09396,0,0,0,270,0,0,0
0,71.1001,0,0,0,270,0,0,0
0,71.10678,0,0,0,270,0,0,0
0,71.11218,0,0,0,270,0,0,0
0,71.1171,0,0,0,270,0,0,0
0,71.12234,0,0,0,270,0,0,0
0,71.12775,0,0,0,270,0,0,0
0,71.13405,0,0,0,270,0,0,0
0,71.13908,0,0,0,270,0,0,0
0,71.14525,0,0,0,270,0,0,0
0,71.15092,0,0,0,270,0,0,0
0,71.16787,0,0,0,270,0,0,0
0,71.18459,0,0,0,270,0,0,0
0,71.20305,0,0,0,270,0,0,0
0,71.21985,0,0,0,270,0,0,0
0,71.23736,0,0,0,270,0,0,0
0,71.25389,0,0,0,270,0,0,0
0,71.26996,0,0,0,270,0,0,0
0,71.2894,0,0,0,270,0,0,0
0,71.3073,0,0,0,270,0,0,0
0,71.31361,0,0,0,270,0,0,0
0,71.32022,0,0,0,270,0,0,0
0,71.32643,0,0,0,270,0,0,0
0,71.33293,0,0,0,270,0,0,0
0,71.33856,0,0,0,270,0,0,0
0,71.34592,0,0,0,270,0,0,0
0,71.35382,0,0,0,270,0,0,0
0,71.3689,0,0,0,270,0,0,0
0,71.38635,0,0,0,270,0,0,0
0,71.39227,0,0,0,270,0,0,0
0,71.39816,0,0,0,270,0,0,0
0,71.40382,0,0,0,270,0,0,0
0,71.41136,0,0,0,270,0,0,0
0,71.41747,0,0,0,270,0,0,0
0,71.42416,0,0,0,270,0,0,0
0,71.4431,0,0,0,270,0,0,0
0,71.45089,0,0,0,270,0,0,0
0,71.45749,0,0,0,270,0,0,0
0,71.46455,0,0,0,270,0,0,0
0,71.48537,0,0,0,270,0,0,0
0,71.49336,0,0,0,270,0,0,0
0,71.50201,0,0,0,270,0,0,0
0,71.50896,0,0,0,270,0,0,0
0,71.52089,0,0,0,270,0,0,0
0,71.52735,0,0,0,270,0,0,0
0,71.53513,0,0,0,270,0,0,0
0,71.54242,0,0,0,270,0,0,0
0,71.54892,0,0,0,270,0,0,0
0,71.55637,0,0,0,270,0,0,0
0,71.56638,0,0,0,270,0,0,0
0,71.58073,0,0,0,270,0,0,0
0,71.58739,0,0,0,270,0,0,0
0,71.5931,0,0,0,270,0,0,0
0,71.6002,0,0,0,270,0,0,0
0,71.60539,0,0,0,270,0,0,0
0,71.61274,0,0,0,270,0,0,0
0,71.62,0,0,0,270,0,0,0
0,71.62703,0,0,0,270,0,0,0
0,71.6341,0,0,0,270,0,0,0
0,71.64076,0,0,0,270,0,0,0
0,71.6569,0,0,0,270,0,0,0
0,71.66402,0,0,0,270,0,0,0
0,71.67124,0,0,0,270,0,0,0
0,71.67896,0,0,0,270,0,0,0
0,71.68488,0,0,0,270,0,0,0
0,71.69155,0,0,0,270,0,0,0
0,71.69852,0,0,0,270,0,0,0
0,71.70508,0,0,0,270,0,0,0
0,71.71332,0,0,0,270,0,0,0
0,71.72142,0,0,0,270,0,0,0
0,71.72865,0,0,0,270,0,0,0
0,71.73672,0,0,0,270,0,0,0
0,71.74483,0,0,0,270,0,0,0
0,71.75263,0,0,0,270,0,0,0
0,71.75927,0,0,0,270,0,0,0
0,71.76657,0,0,0,270,0,0,0
0,71.77338,0,0,0,270,0,0,0
0,71.7802,0,0,0,270,0,0,0
0,71.78722,0,0,0,270,0,0,0
0,71.79333,0,0,0,270,0,0,0
0,71.80132,0,0,0,270,0,0,0
0,71.80956,0,0,0,270,0,0,0
0,71.81755,0,0,0,270,0,0,0
0,71.8243,0,0,0,270,0,0,0
0,71.83109,0,0,0,270,0,0,0
0,71.83725,0,0,0,270,0,0,0
0,71.84441,0,0,0,270,0,0,0
0,71.85099,0,0,0,270,0,0,0
0,71.85732,0,0,0,270,0,0,0
0,71.86424,0,0,0,270,0,0,0
0,71.87052,0,0,0,270,0,0,0
0,71.87788,0,0,0,270,0,0,0
0,71.88468,0,0,0,270,0,0,0
0,71.89173,0,0,0,270,0,0,0
0,71.89897,0,0,0,270,0,0,0
0,71.90501,0,0,0,270,0,0,0
0,71.91313,0,0,0,270,0,0,0
0,71.92068,0,0,0,270,0,0,0
0,71.92751,0,0,0,270,0,0,0
0,71.93771,0,0,0,270,0,0,0
0,71.94699,0,0,0,270,0,0,0
0,71.95486,0,0,0,270,0,0,0
0,71.96255,0,0,0,270,0,0,0
0,71.97093,0,0,0,270,0,0,0
0,71.9789,0,0,0,270,0,0,0
0,71.98598,0,0,0,270,0,0,0
0,71.99302,0,0,0,270,0,0,0
0,72.001,0,0,0,270,0,0,0
0,72.00984,0,0,0,270,0,0,0
0,72.02145,0,0,0,270,0,0,0
0,72.0287,0,0,0,270,0,0,0
0,72.03593,0,0,0,270,0,0,0
0,72.04385,0,0,0,270,0,0,0
0,72.05138,0,0,0,270,0,0,0
0,72.05801,0,0,0,270,0,0,0
0,72.06562,0,0,0,270,0,0,0
0,72.07273,0,0,0,270,0,0,0
0,72.07911,0,0,0,270,0,0,0
0,72.08674,0,0,0,270,0,0,0
0,72.09345,0,0,0,270,0,0,0
0,72.10114,0,0,0,270,0,0,0
0,72.10871,0,0,0,270,0,0,0
0,72.11629,0,0,0,270,0,0,0
0,72.12385,0,0,0,270,0,0,0
0,72.13126,0,0,0,270,0,0,0
0,72.13761,0,0,0,270,0,0,0
0,72.14452,0,0,0,270,0,0,0
0,72.15033,0,0,0,270,0,0,0
0,72.15752,0,0,0,270,0,0,0
0,72.16438,0,0,0,270,0,0,0
0,72.1701,0,0,0,270,0,0,0
0,72.17627,0,0,0,270,0,0,0
0,72.18162,0,0,0,270,0,0,0
0,72.18846,0,0,0,270,0,0,0
0,72.19423,0,0,0,270,0,0,0
0,72.20179,0,0,0,270,0,0,0
0,72.20954,0,0,0,270,0,0,0
0,72.21665,0,0,0,270,0,0,0
0,72.22414,0,0,0,270,0,0,0
0,72.23129,0,0,0,270,0,0,0
0,72.23833,0,0,0,270,0,0,0
0,72.24635,0,0,0,270,0,0,0
0,72.25479,0,0,0,270,0,0,0
0,72.26276,0,0,0,270,0,0,0
0,72.27067,0,0,0,270,0,0,0
0,72.27739,0,0,0,270,0,0,0
0,72.28458,0,0,0,270,0,0,0
0,72.29183,0,0,0,270,0,0,0
0,72.2991,0,0,0,270,0,0,0
0,72.30562,0,0,0,270,0,0,0
0,72.31223,0,0,0,270,0,0,0
0,72.32417,0,0,0,270,0,0,0
0,72.34378,0,0,0,270,0,0,0
0,72.3511,0,0,0,270,0,0,0
0,72.3578,0,0,0,270,0,0,0
0,72.36484,0,0,0,270,0,0,0
0,72.37081,0,0,0,270,0,0,0
0,72.3773,0,0,0,270,0,0,0
0,72.38362,0,0,0,270,0,0,0
0,72.38979,0,0,0,270,0,0,0
0,72.39628,0,0,0,270,0,0,0
0,72.40304,0,0,0,270,0,0,0
0,72.41716,0,0,0,270,0,0,0
0,72.4234,0,0,0,270,0,0,0
0,72.4308,0,0,0,270,0,0,0
0,72.43816,0,0,0,270,0,0,0
0,72.44608,0,0,0,270,0,0,0
0,72.45387,0,0,0,270,0,0,0
0,72.46039,0,0,0,270,0,0,0
0,72.46732,0,0,0,270,0,0,0
0,72.47351,0,0,0,270,0,0,0
0,72.48093,0,0,0,270,0,0,0
0,72.48821,0,0,0,270,0,0,0
0,72.49425,0,0,0,270,0,0,0
0,72.50023,0,0,0,270,0,0,0
0,72.50647,0,0,0,270,0,0,0
0,72.51382,0,0,0,270,0,0,0
0,72.52073,0,0,0,270,0,0,0
0,72.52753,0,0,0,270,0,0,0
0,72.53559,0,0,0,270,0,0,0
0,72.54475,0,0,0,270,0,0,0
0,72.56667,0,0,0,270,0,0,0
0,72.57396,0,0,0,270,0,0,0
0,72.58183,0,0,0,270,0,0,0
0,72.58904,0,0,0,270,0,0,0
0,72.59516,0,0,0,270,0,0,0
0,72.60229,0,0,0,270,0,0,0
0,72.60971,0,0,0,270,0,0,0
0,72.61627,0,0,0,270,0,0,0
0,72.62325,0,0,0,270,0,0,0
0,72.62965,0,0,0,270,0,0,0
0,72.63643,0,0,0,270,0,0,0
0,72.64395,0,0,0,270,0,0,0
0,72.65102,0,0,0,270,0,0,0
0,72.65824,0,0,0,270,0,0,0
0,72.66521,0,0,0,270,0,0,0
0,72.67164,0,0,0,270,0,0,0
0,72.67847,0,0,0,270,0,0,0
0,72.68419,0,0,0,270,0,0,0
0,72.69138,0,0,0,270,0,0,0
0,72.69785,0,0,0,270,0,0,0
0,72.70429,0,0,0,270,0,0,0
0,72.71188,0,0,0,270,0,0,0
0,72.71808,0,0,0,270,0,0,0
0,72.72487,0,0,0,270,0,0,0
0,72.7306,0,0,0,270,0,0,0
0,72.73698,0,0,0,270,0,0,0
0,72.74369,0,0,0,270,0,0,0
0,72.7497,0,0,0,270,0,0,0
0,72.75567,0,0,0,270,0,0,0
0,72.76051,0,0,0,270,0,0,0
0,72.76614,0,0,0,270,0,0,0
0,72.77127,0,0,0,270,0,0,0
0,72.77703,0,0,0,270,0,0,0
0,72.78166,0,0,0,270,0,0,0
0,72.78706,0,0,0,270,0,0,0
0,72.79203,0,0,0,270,0,0,0
0,72.79808,0,0,0,270,0,0,0
0,72.8037,0,0,0,270,0,0,0
0,72.80927,0,0,0,270,0,0,0
0,72.81489,0,0,0,270,0,0,0
0,72.82092,0,0,0,270,0,0,0
0,72.8271,0,0,0,270,0,0,0
0,72.83313,0,0,0,270,0,0,0
0,72.83801,0,0,0,270,0,0,0
0,72.84367,0,0,0,270,0,0,0
0,72.84867,0,0,0,270,0,0,0
0,72.85385,0,0,0,270,0,0,0
0,72.85869,0,0,0,270,0,0,0
0,72.86411,0,0,0,270,0,0,0
0,72.86869,0,0,0,270,0,0,0
0,72.87339,0,0,0,270,0,0,0
0,72.87892,0,0,0,270,0,0,0
0,72.88359,0,0,0,270,0,0,0
0,72.88882,0,0,0,270,0,0,0
0,72.89506,0,0,0,270,0,0,0
0,72.90078,0,0,0,270,0,0,0
0,72.90646,0,0,0,270,0,0,0
0,72.91264,0,0,0,270,0,0,0
0,72.91768,0,0,0,270,0,0,0
0,72.92314,0,0,0,270,0,0,0
0,72.9282,0,0,0,270,0,0,0
0,72.9338,0,0,0,270,0,0,0
0,72.93867,0,0,0,270,0,0,0
0,72.94389,0,0,0,270,0,0,0
0,72.9483,0,0,0,270,0,0,0
0,72.95424,0,0,0,270,0,0,0
0,72.95992,0,0,0,270,0,0,0
0,72.96765,0,0,0,270,0,0,0
0,72.97552,0,0,0,270,0,0,0
0,72.98072,0,0,0,270,0,0,0
0,72.98675,0,0,0,270,0,0,0
0,72.99281,0,0,0,270,0,0,0
0,72.99883,0,0,0,270,0,0,0
0,73.00453,0,0,0,270,0,0,0
0,73.01073,0,0,0,270,0,0,0
0,73.01739,0,0,0,270,0,0,0
0,73.02374,0,0,0,270,0,0,0
0,73.02909,0,0,0,270,0,0,0
0,73.03481,0,0,0,270,0,0,0
0,73.04179,0,0,0,270,0,0,0
0,73.04859,0,0,0,270,0,0,0
0,73.05452,0,0,0,270,0,0,0
0,73.05942,0,0,0,270,0,0,0
0,73.06582,0,0,0,270,0,0,0
0,73.07111,0,0,0,270,0,0,0
0,73.07738,0,0,0,270,0,0,0
0,73.08308,0,0,0,270,0,0,0
0,73.09534,0,0,0,270,0,0,0
0,73.10152,0,0,0,270,0,0,0
0,73.10728,0,0,0,270,0,0,0
0,73.11407,0,0,0,270,0,0,0
0,73.12045,0,0,0,270,0,0,0
0,73.12631,0,0,0,270,0,0,0
0,73.13318,0,0,0,270,0,0,0
0,73.14053,0,0,0,270,0,0,0
0,73.14719,0,0,0,270,0,0,0
0,73.1527,0,0,0,270,0,0,0
0,73.15802,0,0,0,270,0,0,0
0,73.16376,0,0,0,270,0,0,0
0,73.16851,0,0,0,270,0,0,0
0,73.17399,0,0,0,270,0,0,0
0,73.17975,0,0,0,270,0,0,0
0,73.18451,0,0,0,270,0,0,0
0,73.18945,0,0,0,270,0,0,0
0,73.19419,0,0,0,270,0,0,0
0,73.1993,0,0,0,270,0,0,0
0,73.20447,0,0,0,270,0,0,0
0,73.21062,0,0,0,270,0,0,0
0,73.21679,0,0,0,270,0,0,0
0,73.2233,0,0,0,270,0,0,0
0,73.22997,0,0,0,270,0,0,0
0,73.23672,0,0,0,270,0,0,0
0,73.24507,0,0,0,270,0,0,0
0,73.25121,0,0,0,270,0,0,0
0,73.25819,0,0,0,270,0,0,0
0,73.26524,0,0,0,270,0,0,0
0,73.27106,0,0,0,270,0,0,0
0,73.27655,0,0,0,270,0,0,0
0,73.28251,0,0,0,270,0,0,0
0,73.28986,0,0,0,270,0,0,0
0,73.29793,0,0,0,270,0,0,0
0,73.30492,0,0,0,270,0,0,0
0,73.31284,0,0,0,270,0,0,0
0,73.32076,0,0,0,270,0,0,0
0,73.32789,0,0,0,270,0,0,0
0,73.33565,0,0,0,270,0,0,0
0,73.34247,0,0,0,270,0,0,0
0,73.34933,0,0,0,270,0,0,0
0,73.35587,0,0,0,270,0,0,0
0,73.36236,0,0,0,270,0,0,0
0,73.36991,0,0,0,270,0,0,0
0,73.37707,0,0,0,270,0,0,0
0,73.38379,0,0,0,270,0,0,0
0,73.39047,0,0,0,270,0,0,0
0,73.39806,0,0,0,270,0,0,0
0,73.40414,0,0,0,270,0,0,0
0,73.41167,0,0,0,270,0,0,0
0,73.41756,0,0,0,270,0,0,0
0,73.42474,0,0,0,270,0,0,0
0,73.43292,0,0,0,270,0,0,0
0,73.43903,0,0,0,270,0,0,0
0,73.44556,0,0,0,270,0,0,0
0,73.45277,0,0,0,270,0,0,0
0,73.45975,0,0,0,270,0,0,0
0,73.46772,0,0,0,270,0,0,0
0,73.4739,0,0,0,270,0,0,0
0,73.4813,0,0,0,270,0,0,0
0,73.48817,0,0,0,270,0,0,0
0,73.49529,0,0,0,270,0,0,0
0,73.50217,0,0,0,270,0,0,0
0,73.50877,0,0,0,270,0,0,0
0,73.51471,0,0,0,270,0,0,0
0,73.52138,0,0,0,270,0,0,0
0,73.52742,0,0,0,270,0,0,0
0,73.53555,0,0,0,270,0,0,0
0,73.54333,0,0,0,270,0,0,0
0,73.55141,0,0,0,270,0,0,0
0,73.55859,0,0,0,270,0,0,0
0,73.56552,0,0,0,270,0,0,0
0,73.57143,0,0,0,270,0,0,0
0,73.57789,0,0,0,270,0,0,0
0,73.58633,0,0,0,270,0,0,0
0,73.59235,0,0,0,270,0,0,0
0,73.6003,0,0,0,270,0,0,0
0,73.6072,0,0,0,270,0,0,0
0,73.61474,0,0,0,270,0,0,0
0,73.62296,0,0,0,270,0,0,0
0,73.62945,0,0,0,270,0,0,0
0,73.63734,0,0,0,270,0,0,0
0,73.64595,0,0,0,270,0,0,0
0,73.65341,0,0,0,270,0,0,0
0,73.65968,0,0,0,270,0,0,0
0,73.66679,0,0,0,270,0,0,0
0,73.67352,0,0,0,270,0,0,0
0,73.6798,0,0,0,270,0,0,0
0,73.68664,0,0,0,270,0,0,0
0,73.69214,0,0,0,270,0,0,0
0,73.69815,0,0,0,270,0,0,0
0,73.70467,0,0,0,270,0,0,0
0,73.7126,0,0,0,270,0,0,0
0,73.7198,0,0,0,270,0,0,0
0,73.72663,0,0,0,270,0,0,0
0,73.73481,0,0,0,270,0,0,0
0,73.74216,0,0,0,270,0,0,0
0,73.74918,0,0,0,270,0,0,0
0,73.75681,0,0,0,270,0,0,0
0,73.76498,0,0,0,270,0,0,0
0,73.77201,0,0,0,270,0,0,0
0,73.77959,0,0,0,270,0,0,0
0,73.78739,0,0,0,270,0,0,0
0,73.79442,0,0,0,270,0,0,0
0,73.80217,0,0,0,270,0,0,0
0,73.81013,0,0,0,270,0,0,0
0,73.81824,0,0,0,270,0,0,0
0,73.82747,0,0,0,270,0,0,0
0,73.84634,0,0,0,270,0,0,0
0,73.85564,0,0,0,270,0,0,0
0,73.86791,0,0,0,270,0,0,0
0,73.88087,0,0,0,270,0,0,0
0,73.893,0,0,0,270,0,0,0
0,73.90033,0,0,0,270,0,0,0
0,73.90668,0,0,0,270,0,0,0
0,73.91299,0,0,0,270,0,0,0
0,73.91958,0,0,0,270,0,0,0
0,73.92522,0,0,0,270,0,0,0
0,73.93105,0,0,0,270,0,0,0
0,73.93711,0,0,0,270,0,0,0
0,73.94345,0,0,0,270,0,0,0
0,73.94945,0,0,0,270,0,0,0
0,73.95659,0,0,0,270,0,0,0
0,73.96377,0,0,0,270,0,0,0
0,73.97057,0,0,0,270,0,0,0
0,73.97684,0,0,0,270,0,0,0
0,73.98252,0,0,0,270,0,0,0
0,73.99144,0,0,0,270,0,0,0
0,74.00085,0,0,0,270,0,0,0
0,74.00661,0,0,0,270,0,0,0
0,74.01275,0,0,0,270,0,0,0
0,74.01992,0,0,0,270,0,0,0
0,74.02568,0,0,0,270,0,0,0
0,74.03139,0,0,0,270,0,0,0
0,74.03674,0,0,0,270,0,0,0
0,74.0421,0,0,0,270,0,0,0
0,74.04823,0,0,0,270,0,0,0
0,74.05464,0,0,0,270,0,0,0
0,74.06101,0,0,0,270,0,0,0
0,74.06985,0,0,0,270,0,0,0
0,74.07818,0,0,0,270,0,0,0
0,74.08459,0,0,0,270,0,0,0
0,74.09028,0,0,0,270,0,0,0
0,74.09634,0,0,0,270,0,0,0
0,74.10325,0,0,0,270,0,0,0
0,74.11024,0,0,0,270,0,0,0
0,74.11686,0,0,0,270,0,0,0
0,74.12257,0,0,0,270,0,0,0
0,74.1281,0,0,0,270,0,0,0
0,74.1339,0,0,0,270,0,0,0
0,74.13871,0,0,0,270,0,0,0
0,74.14479,0,0,0,270,0,0,0
0,74.14984,0,0,0,270,0,0,0
0,74.15587,0,0,0,270,0,0,0
0,74.16227,0,0,0,270,0,0,0
0,74.16878,0,0,0,270,0,0,0
0,74.17508,0,0,0,270,0,0,0
0,74.18047,0,0,0,270,0,0,0
0,74.18698,0,0,0,270,0,0,0
0,74.1922,0,0,0,270,0,0,0
0,74.19807,0,0,0,270,0,0,0
0,74.20355,0,0,0,270,0,0,0
0,74.21064,0,0,0,270,0,0,0
0,74.2163,0,0,0,270,0,0,0
0,74.22196,0,0,0,270,0,0,0
0,74.22716,0,0,0,270,0,0,0
0,74.23299,0,0,0,270,0,0,0
0,74.23944,0,0,0,270,0,0,0
0,74.24654,0,0,0,270,0,0,0
0,74.25303,0,0,0,270,0,0,0
0,74.25816,0,0,0,270,0,0,0
0,74.26401,0,0,0,270,0,0,0
0,74.27151,0,0,0,270,0,0,0
0,74.27766,0,0,0,270,0,0,0
0,74.28343,0,0,0,270,0,0,0
0,74.28907,0,0,0,270,0,0,0
0,74.2953,0,0,0,270,0,0,0
0,74.30213,0,0,0,270,0,0,0
0,74.30727,0,0,0,270,0,0,0
0,74.31335,0,0,0,270,0,0,0
0,74.31834,0,0,0,270,0,0,0
0,74.32389,0,0,0,270,0,0,0
0,74.32947,0,0,0,270,0,0,0
0,74.33629,0,0,0,270,0,0,0
0,74.34275,0,0,0,270,0,0,0
0,74.34814,0,0,0,270,0,0,0
0,74.35441,0,0,0,270,0,0,0
0,74.36055,0,0,0,270,0,0,0
0,74.36709,0,0,0,270,0,0,0
0,74.37387,0,0,0,270,0,0,0
0,74.37957,0,0,0,270,0,0,0
0,74.38468,0,0,0,270,0,0,0
0,74.39088,0,0,0,270,0,0,0
0,74.39741,0,0,0,270,0,0,0
0,74.40367,0,0,0,270,0,0,0
0,74.40932,0,0,0,270,0,0,0
0,74.41402,0,0,0,270,0,0,0
0,74.41926,0,0,0,270,0,0,0
0,74.4246,0,0,0,270,0,0,0
0,74.42946,0,0,0,270,0,0,0
0,74.43446,0,0,0,270,0,0,0
0,74.44014,0,0,0,270,0,0,0
0,74.44552,0,0,0,270,0,0,0
0,74.45161,0,0,0,270,0,0,0
0,74.45765,0,0,0,270,0,0,0
0,74.46245,0,0,0,270,0,0,0
0,74.46831,0,0,0,270,0,0,0
0,74.47475,0,0,0,270,0,0,0
0,74.48153,0,0,0,270,0,0,0
0,74.48884,0,0,0,270,0,0,0
0,74.49525,0,0,0,270,0,0,0
0,74.50285,0,0,0,270,0,0,0
0,74.51096,0,0,0,270,0,0,0
0,74.52,0,0,0,270,0,0,0
0,74.52668,0,0,0,270,0,0,0
0,74.535,0,0,0,270,0,0,0
0,74.54795,0,0,0,270,0,0,0
0,74.55575,0,0,0,270,0,0,0
0,74.56288,0,0,0,270,0,0,0
0,74.5703,0,0,0,270,0,0,0
0,74.58472,0,0,0,270,0,0,0
0,74.61555,0,0,0,270,0,0,0
0,74.62309,0,0,0,270,0,0,0
0,74.6296,0,0,0,270,0,0,0
0,74.63625,0,0,0,270,0,0,0
0,74.6443,0,0,0,270,0,0,0
0,74.65132,0,0,0,270,0,0,0
0,74.659,0,0,0,270,0,0,0
0,74.66676,0,0,0,270,0,0,0
0,74.67534,0,0,0,270,0,0,0
0,74.68175,0,0,0,270,0,0,0
0,74.68941,0,0,0,270,0,0,0
0,74.69735,0,0,0,270,0,0,0
0,74.7064,0,0,0,270,0,0,0
0,74.72274,0,0,0,270,0,0,0
0,74.73536,0,0,0,270,0,0,0
0,74.74313,0,0,0,270,0,0,0
0,74.74992,0,0,0,270,0,0,0
0,74.75742,0,0,0,270,0,0,0
0,74.76408,0,0,0,270,0,0,0
0,74.77067,0,0,0,270,0,0,0
0,74.7802,0,0,0,270,0,0,0
0,74.79303,0,0,0,270,0,0,0
0,74.82136,0,0,0,270,0,0,0
0,74.82748,0,0,0,270,0,0,0
0,74.83418,0,0,0,270,0,0,0
0,74.84039,0,0,0,270,0,0,0
0,74.84726,0,0,0,270,0,0,0
0,74.85469,0,0,0,270,0,0,0
0,74.86144,0,0,0,270,0,0,0
0,74.86868,0,0,0,270,0,0,0
0,74.87907,0,0,0,270,0,0,0
0,74.89297,0,0,0,270,0,0,0
0,74.90398,0,0,0,270,0,0,0
0,74.9108,0,0,0,270,0,0,0
0,74.91695,0,0,0,270,0,0,0
0,74.92395,0,0,0,270,0,0,0
0,74.93115,0,0,0,270,0,0,0
0,74.93719,0,0,0,270,0,0,0
0,74.94315,0,0,0,270,0,0,0
0,74.94875,0,0,0,270,0,0,0
0,74.95541,0,0,0,270,0,0,0
0,74.9607,0,0,0,270,0,0,0
0,74.96685,0,0,0,270,0,0,0
0,74.97247,0,0,0,270,0,0,0
0,74.98,0,0,0,270,0,0,0
0,74.98687,0,0,0,270,0,0,0
0,74.99342,0,0,0,270,0,0,0
0,75.00021,0,0,0,270,0,0,0
0,75.00582,0,0,0,270,0,0,0
0,75.01525,0,0,0,270,0,0,0
0,75.02565,0,0,0,270,0,0,0
0,75.03338,0,0,0,270,0,0,0
0,75.04184,0,0,0,270,0,0,0
0,75.04836,0,0,0,270,0,0,0
0,75.05562,0,0,0,270,0,0,0
0,75.06315,0,0,0,270,0,0,0
0,75.07074,0,0,0,270,0,0,0
0,75.07788,0,0,0,270,0,0,0
0,75.0836,0,0,0,270,0,0,0
0,75.09206,0,0,0,270,0,0,0
0,75.10011,0,0,0,270,0,0,0
0,75.10586,0,0,0,270,0,0,0
0,75.11144,0,0,0,270,0,0,0
0,75.11707,0,0,0,270,0,0,0
0,75.12397,0,0,0,270,0,0,0
0,75.12967,0,0,0,270,0,0,0
0,75.13587,0,0,0,270,0,0,0
0,75.1424,0,0,0,270,0,0,0
0,75.14753,0,0,0,270,0,0,0
0,75.15395,0,0,0,270,0,0,0
0,75.1598,0,0,0,270,0,0,0
0,75.16637,0,0,0,270,0,0,0
0,75.17105,0,0,0,270,0,0,0
0,75.1767,0,0,0,270,0,0,0
0,75.18177,0,0,0,270,0,0,0
0,75.18877,0,0,0,270,0,0,0
0,75.19448,0,0,0,270,0,0,0
0,75.20058,0,0,0,270,0,0,0
0,75.20561,0,0,0,270,0,0,0
0,75.21104,0,0,0,270,0,0,0
0,75.21621,0,0,0,270,0,0,0
0,75.22234,0,0,0,270,0,0,0
0,75.22798,0,0,0,270,0,0,0
0,75.23333,0,0,0,270,0,0,0
0,75.23811,0,0,0,270,0,0,0
0,75.24393,0,0,0,270,0,0,0
0,75.24925,0,0,0,270,0,0,0
0,75.25523,0,0,0,270,0,0,0
0,75.26152,0,0,0,270,0,0,0
0,75.26791,0,0,0,270,0,0,0
0,75.27313,0,0,0,270,0,0,0
0,75.27901,0,0,0,270,0,0,0
0,75.28628,0,0,0,270,0,0,0
0,75.29324,0,0,0,270,0,0,0
0,75.29892,0,0,0,270,0,0,0
0,75.3046,0,0,0,270,0,0,0
0,75.31093,0,0,0,270,0,0,0
0,75.32322,0,0,0,270,0,0,0
0,75.32853,0,0,0,270,0,0,0
0,75.3346,0,0,0,270,0,0,0
0,75.33955,0,0,0,270,0,0,0
0,75.34551,0,0,0,270,0,0,0
0,75.35145,0,0,0,270,0,0,0
0,75.35752,0,0,0,270,0,0,0
0,75.36409,0,0,0,270,0,0,0
0,75.36996,0,0,0,270,0,0,0
0,75.37648,0,0,0,270,0,0,0
0,75.38224,0,0,0,270,0,0,0
0,75.38792,0,0,0,270,0,0,0
0,75.39349,0,0,0,270,0,0,0
0,75.39905,0,0,0,270,0,0,0
0,75.40411,0,0,0,270,0,0,0
0,75.40976,0,0,0,270,0,0,0
0,75.41521,0,0,0,270,0,0,0
0,75.42027,0,0,0,270,0,0,0
0,75.42535,0,0,0,270,0,0,0
0,75.43078,0,0,0,270,0,0,0
0,75.43541,0,0,0,270,0,0,0
0,75.43999,0,0,0,270,0,0,0
0,75.44572,0,0,0,270,0,0,0
0,75.45066,0,0,0,270,0,0,0
0,75.45617,0,0,0,270,0,0,0
0,75.46163,0,0,0,270,0,0,0
0,75.46787,0,0,0,270,0,0,0
0,75.47395,0,0,0,270,0,0,0
0,75.47991,0,0,0,270,0,0,0
0,75.48511,0,0,0,270,0,0,0
0,75.49124,0,0,0,270,0,0,0
0,75.49772,0,0,0,270,0,0,0
0,75.51575,0,0,0,270,0,0,0
0,75.534,0,0,0,270,0,0,0
0,75.55051,0,0,0,270,0,0,0
0,75.56719,0,0,0,270,0,0,0
0,75.57367,0,0,0,270,0,0,0
0,75.58029,0,0,0,270,0,0,0
0,75.5852,0,0,0,270,0,0,0
0,75.59116,0,0,0,270,0,0,0
0,75.59978,0,0,0,270,0,0,0
0,75.60606,0,0,0,270,0,0,0
0,75.61268,0,0,0,270,0,0,0
0,75.61951,0,0,0,270,0,0,0
0,75.6274,0,0,0,270,0,0,0
0,75.63428,0,0,0,270,0,0,0
0,75.63994,0,0,0,270,0,0,0
0,75.64684,0,0,0,270,0,0,0
0,75.65401,0,0,0,270,0,0,0
0,75.66308,0,0,0,270,0,0,0
0,75.67145,0,0,0,270,0,0,0
0,75.68034,0,0,0,270,0,0,0
0,75.6881,0,0,0,270,0,0,0
0,75.69775,0,0,0,270,0,0,0
0,75.70483,0,0,0,270,0,0,0
0,75.71201,0,0,0,270,0,0,0
0,75.71785,0,0,0,270,0,0,0
0,75.72662,0,0,0,270,0,0,0
0,75.73598,0,0,0,270,0,0,0
0,75.74272,0,0,0,270,0,0,0
0,75.74811,0,0,0,270,0,0,0
0,75.75436,0,0,0,270,0,0,0
0,75.76021,0,0,0,270,0,0,0
0,75.76803,0,0,0,270,0,0,0
0,75.77638,0,0,0,270,0,0,0
0,75.78805,0,0,0,270,0,0,0
0,75.79877,0,0,0,270,0,0,0
0,75.80904,0,0,0,270,0,0,0
0,75.83533,0,0,0,270,0,0,0
0,75.84792,0,0,0,270,0,0,0
0,75.85563,0,0,0,270,0,0,0
0,75.86848,0,0,0,270,0,0,0
0,75.88068,0,0,0,270,0,0,0
0,75.89072,0,0,0,270,0,0,0
0,75.90318,0,0,0,270,0,0,0
0,75.91769,0,0,0,270,0,0,0
0,75.93827,0,0,0,270,0,0,0
0,75.94589,0,0,0,270,0,0,0
0,75.95341,0,0,0,270,0,0,0
0,75.9607,0,0,0,270,0,0,0
0,75.96805,0,0,0,270,0,0,0
0,75.97621,0,0,0,270,0,0,0
0,75.9829,0,0,0,270,0,0,0
0,75.99086,0,0,0,270,0,0,0
0,75.99803,0,0,0,270,0,0,0
0,76.0063,0,0,0,270,0,0,0
0,76.01493,0,0,0,270,0,0,0
0,76.02345,0,0,0,270,0,0,0
0,76.03227,0,0,0,270,0,0,0
0,76.03986,0,0,0,270,0,0,0
0,76.05086,0,0,0,270,0,0,0
0,76.0595,0,0,0,270,0,0,0
0,76.06731,0,0,0,270,0,0,0
0,76.0754,0,0,0,270,0,0,0
0,76.08253,0,0,0,270,0,0,0
0,76.09044,0,0,0,270,0,0,0
0,76.09869,0,0,0,270,0,0,0
0,76.11172,0,0,0,270,0,0,0
0,76.12113,0,0,0,270,0,0,0
0,76.12817,0,0,0,270,0,0,0
0,76.13618,0,0,0,270,0,0,0
0,76.15582,0,0,0,270,0,0,0
0,76.16486,0,0,0,270,0,0,0
0,76.17559,0,0,0,270,0,0,0
0,76.18193,0,0,0,270,0,0,0
0,76.18938,0,0,0,270,0,0,0
0,76.19553,0,0,0,270,0,0,0
0,76.20335,0,0,0,270,0,0,0
0,76.21043,0,0,0,270,0,0,0
0,76.21784,0,0,0,270,0,0,0
0,76.22525,0,0,0,270,0,0,0
0,76.23245,0,0,0,270,0,0,0
0,76.23895,0,0,0,270,0,0,0
0,76.2451,0,0,0,270,0,0,0
0,76.2513,0,0,0,270,0,0,0
0,76.25883,0,0,0,270,0,0,0
0,76.26675,0,0,0,270,0,0,0
0,76.27319,0,0,0,270,0,0,0
0,76.28117,0,0,0,270,0,0,0
0,76.28847,0,0,0,270,0,0,0
0,76.29516,0,0,0,270,0,0,0
0,76.30806,0,0,0,270,0,0,0
0,76.3308,0,0,0,270,0,0,0
0,76.34097,0,0,0,270,0,0,0
0,76.35066,0,0,0,270,0,0,0
0,76.35988,0,0,0,270,0,0,0
0,76.37,0,0,0,270,0,0,0
0,76.37984,0,0,0,270,0,0,0
0,76.38992,0,0,0,270,0,0,0
0,76.39917,0,0,0,270,0,0,0
0,76.40725,0,0,0,270,0,0,0
0,76.41569,0,0,0,270,0,0,0
0,76.42483,0,0,0,270,0,0,0
0,76.43355,0,0,0,270,0,0,0
0,76.44262,0,0,0,270,0,0,0
0,76.45081,0,0,0,270,0,0,0
0,76.45981,0,0,0,270,0,0,0
0,76.47076,0,0,0,270,0,0,0
0,76.47955,0,0,0,270,0,0,0
0,76.4897,0,0,0,270,0,0,0
0,76.49848,0,0,0,270,0,0,0
0,76.50805,0,0,0,270,0,0,0
0,76.51747,0,0,0,270,0,0,0
0,76.5284,0,0,0,270,0,0,0
0,76.53798,0,0,0,270,0,0,0
0,76.54682,0,0,0,270,0,0,0
0,76.55611,0,0,0,270,0,0,0
0,76.56509,0,0,0,270,0,0,0
0,76.57305,0,0,0,270,0,0,0
0,76.5834,0,0,0,270,0,0,0
0,76.5949,0,0,0,270,0,0,0
0,76.60397,0,0,0,270,0,0,0
0,76.61288,0,0,0,270,0,0,0
0,76.62199,0,0,0,270,0,0,0
0,76.63166,0,0,0,270,0,0,0
0,76.64199,0,0,0,270,0,0,0
0,76.6498,0,0,0,270,0,0,0
0,76.65896,0,0,0,270,0,0,0
0,76.66775,0,0,0,270,0,0,0
0,76.67675,0,0,0,270,0,0,0
0,76.68475,0,0,0,270,0,0,0
0,76.69427,0,0,0,270,0,0,0
0,76.70345,0,0,0,270,0,0,0
0,76.71351,0,0,0,270,0,0,0
0,76.7234,0,0,0,270,0,0,0
0,76.73224,0,0,0,270,0,0,0
0,76.74315,0,0,0,270,0,0,0
0,76.75392,0,0,0,270,0,0,0
0,76.76218,0,0,0,270,0,0,0
0,76.77218,0,0,0,270,0,0,0
0,76.78198,0,0,0,270,0,0,0
0,76.79146,0,0,0,270,0,0,0
0,76.80222,0,0,0,270,0,0,0
0,76.81918,0,0,0,270,0,0,0
0,76.82904,0,0,0,270,0,0,0
0,76.83877,0,0,0,270,0,0,0
0,76.84856,0,0,0,270,0,0,0
0,76.85975,0,0,0,270,0,0,0
0,76.87125,0,0,0,270,0,0,0
0,76.8827,0,0,0,270,0,0,0
0,76.89339,0,0,0,270,0,0,0
0,76.90366,0,0,0,270,0,0,0
0,76.91376,0,0,0,270,0,0,0
0,76.92458,0,0,0,270,0,0,0
0,76.93958,0,0,0,270,0,0,0
0,76.9537,0,0,0,270,0,0,0
0,76.9673,0,0,0,270,0,0,0
0,76.98019,0,0,0,270,0,0,0
0,76.99342,0,0,0,270,0,0,0
0,77.00697,0,0,0,270,0,0,0
0,77.01995,0,0,0,270,0,0,0
0,77.03342,0,0,0,270,0,0,0
0,77.04637,0,0,0,270,0,0,0
0,77.06159,0,0,0,270,0,0,0
0,77.0797,0,0,0,270,0,0,0
0,77.09444,0,0,0,270,0,0,0
0,77.10696,0,0,0,270,0,0,0
0,77.12076,0,0,0,270,0,0,0
0,77.13632,0,0,0,270,0,0,0
0,77.14928,0,0,0,270,0,0,0
0,77.16991,0,0,0,270,0,0,0
0,77.19501,0,0,0,270,0,0,0
0,77.21209,0,0,0,270,0,0,0
0,77.22961,0,0,0,270,0,0,0
0,77.24663,0,0,0,270,0,0,0
0,77.26131,0,0,0,270,0,0,0
0,77.28421,0,0,0,270,0,0,0
0,77.3142,0,0,0,270,0,0,0
0,77.33778,0,0,0,270,0,0,0
0,77.35146,0,0,0,270,0,0,0
0,77.36622,0,0,0,270,0,0,0
0,77.38238,0,0,0,270,0,0,0
0,77.39806,0,0,0,270,0,0,0
0,77.41379,0,0,0,270,0,0,0
0,77.42597,0,0,0,270,0,0,0
0,77.43725,0,0,0,270,0,0,0
0,77.4494,0,0,0,270,0,0,0
0,77.46216,0,0,0,270,0,0,0
0,77.4759,0,0,0,270,0,0,0
0,77.48816,0,0,0,270,0,0,0
0,77.49946,0,0,0,270,0,0,0
0,77.51106,0,0,0,270,0,0,0
0,77.5229,0,0,0,270,0,0,0
0,77.53369,0,0,0,270,0,0,0
0,77.54435,0,0,0,270,0,0,0
0,77.55349,0,0,0,270,0,0,0
0,77.56246,0,0,0,270,0,0,0
0,77.57143,0,0,0,270,0,0,0
0,77.58119,0,0,0,270,0,0,0
0,77.58996,0,0,0,270,0,0,0
0,77.59869,0,0,0,270,0,0,0
0,77.6087,0,0,0,270,0,0,0
0,77.6198,0,0,0,270,0,0,0
0,77.62889,0,0,0,270,0,0,0
0,77.63859,0,0,0,270,0,0,0
0,77.6506,0,0,0,270,0,0,0
0,77.66347,0,0,0,270,0,0,0
0,77.6792,0,0,0,270,0,0,0
0,77.69109,0,0,0,270,0,0,0
0,77.7012,0,0,0,270,0,0,0
0,77.71179,0,0,0,270,0,0,0
0,77.72246,0,0,0,270,0,0,0
0,77.73197,0,0,0,270,0,0,0
0,77.74203,0,0,0,270,0,0,0
0,77.75654,0,0,0,270,0,0,0
0,77.76834,0,0,0,270,0,0,0
0,77.77799,0,0,0,270,0,0,0
0,77.7881,0,0,0,270,0,0,0
0,77.80057,0,0,0,270,0,0,0
0,77.81284,0,0,0,270,0,0,0
0,77.82396,0,0,0,270,0,0,0
0,77.8359,0,0,0,270,0,0,0
0,77.84779,0,0,0,270,0,0,0
0,77.86343,0,0,0,270,0,0,0
0,77.87702,0,0,0,270,0,0,0
0,77.89061,0,0,0,270,0,0,0
0,77.90181,0,0,0,270,0,0,0
0,77.91213,0,0,0,270,0,0,0
0,77.92378,0,0,0,270,0,0,0
0,77.93275,0,0,0,270,0,0,0
0,77.94307,0,0,0,270,0,0,0
0,77.95322,0,0,0,270,0,0,0
0,77.9664,0,0,0,270,0,0,0
0,77.97762,0,0,0,270,0,0,0
0,77.98845,0,0,0,270,0,0,0
0,77.99895,0,0,0,270,0,0,0
0,78.00874,0,0,0,270,0,0,0
0,78.01846,0,0,0,270,0,0,0
0,78.02863,0,0,0,270,0,0,0
0,78.03771,0,0,0,270,0,0,0
0,78.04913,0,0,0,270,0,0,0
0,78.06072,0,0,0,270,0,0,0
0,78.07257,0,0,0,270,0,0,0
0,78.08418,0,0,0,270,0,0,0
0,78.09914,0,0,0,270,0,0,0
0,78.11361,0,0,0,270,0,0,0
0,78.12595,0,0,0,270,0,0,0
0,78.13609,0,0,0,270,0,0,0
0,78.1464,0,0,0,270,0,0,0
0,78.15941,0,0,0,270,0,0,0
0,78.17281,0,0,0,270,0,0,0
0,78.18472,0,0,0,270,0,0,0
0,78.2013,0,0,0,270,0,0,0
0,78.21522,0,0,0,270,0,0,0
0,78.22734,0,0,0,270,0,0,0
0,78.23975,0,0,0,270,0,0,0
0,78.25121,0,0,0,270,0,0,0
0,78.26722,0,0,0,270,0,0,0
0,78.28068,0,0,0,270,0,0,0
0,78.29993,0,0,0,270,0,0,0
0,78.3327,0,0,0,270,0,0,0
0,78.35537,0,0,0,270,0,0,0
0,78.36829,0,0,0,270,0,0,0
0,78.3918,0,0,0,270,0,0,0
0,78.41106,0,0,0,270,0,0,0
0,78.42781,0,0,0,270,0,0,0
0,78.43943,0,0,0,270,0,0,0
0,78.45086,0,0,0,270,0,0,0
0,78.46349,0,0,0,270,0,0,0
0,78.48445,0,0,0,270,0,0,0
0,78.49866,0,0,0,270,0,0,0
0,78.50995,0,0,0,270,0,0,0
0,78.5219,0,0,0,270,0,0,0
0,78.53344,0,0,0,270,0,0,0
0,78.54469,0,0,0,270,0,0,0
0,78.55687,0,0,0,270,0,0,0
0,78.5696,0,0,0,270,0,0,0
0,78.58184,0,0,0,270,0,0,0
0,78.59892,0,0,0,270,0,0,0
0,78.61361,0,0,0,270,0,0,0
0,78.62956,0,0,0,270,0,0,0
0,78.66136,0,0,0,270,0,0,0
0,78.67837,0,0,0,270,0,0,0
0,78.69397,0,0,0,270,0,0,0
0,78.70757,0,0,0,270,0,0,0
0,78.72187,0,0,0,270,0,0,0
0,78.7352,0,0,0,270,0,0,0
0,78.75259,0,0,0,270,0,0,0
0,78.76294,0,0,0,270,0,0,0
0,78.77433,0,0,0,270,0,0,0
0,78.78769,0,0,0,270,0,0,0
0,78.80045,0,0,0,270,0,0,0
0,78.81183,0,0,0,270,0,0,0
0,78.82327,0,0,0,270,0,0,0
0,78.835,0,0,0,270,0,0,0
0,78.84694,0,0,0,270,0,0,0
0,78.85883,0,0,0,270,0,0,0
0,78.87318,0,0,0,270,0,0,0
0,78.88419,0,0,0,270,0,0,0
0,78.89768,0,0,0,270,0,0,0
0,78.91023,0,0,0,270,0,0,0
0,78.92549,0,0,0,270,0,0,0
0,78.93858,0,0,0,270,0,0,0
0,78.95745,0,0,0,270,0,0,0
0,78.97243,0,0,0,270,0,0,0
0,78.99362,0,0,0,270,0,0,0
0,79.02255,0,0,0,270,0,0,0
0,79.04065,0,0,0,270,0,0,0
0,79.06031,0,0,0,270,0,0,0
0,79.07938,0,0,0,270,0,0,0
0,79.09675,0,0,0,270,0,0,0
0,79.12141,0,0,0,270,0,0,0
0,79.13817,0,0,0,270,0,0,0
0,79.15232,0,0,0,270,0,0,0
0,79.16885,0,0,0,270,0,0,0
0,79.18409,0,0,0,270,0,0,0
0,79.19698,0,0,0,270,0,0,0
0,79.21223,0,0,0,270,0,0,0
0,79.22751,0,0,0,270,0,0,0
0,79.24148,0,0,0,270,0,0,0
0,79.25625,0,0,0,270,0,0,0
0,79.27108,0,0,0,270,0,0,0
0,79.28556,0,0,0,270,0,0,0
0,79.3004,0,0,0,270,0,0,0
0,79.31332,0,0,0,270,0,0,0
0,79.32706,0,0,0,270,0,0,0
0,79.34166,0,0,0,270,0,0,0
0,79.35596,0,0,0,270,0,0,0
0,79.37014,0,0,0,270,0,0,0
0,79.39172,0,0,0,270,0,0,0
0,79.41223,0,0,0,270,0,0,0
0,79.43201,0,0,0,270,0,0,0
0,79.4594,0,0,0,270,0,0,0
0,79.4768,0,0,0,270,0,0,0
0,79.49158,0,0,0,270,0,0,0
0,79.5051,0,0,0,270,0,0,0
0,79.52129,0,0,0,270,0,0,0
0,79.53555,0,0,0,270,0,0,0
0,79.54848,0,0,0,270,0,0,0
0,79.5612,0,0,0,270,0,0,0
0,79.57401,0,0,0,270,0,0,0
0,79.58739,0,0,0,270,0,0,0
0,79.59988,0,0,0,270,0,0,0
0,79.61219,0,0,0,270,0,0,0
0,79.62444,0,0,0,270,0,0,0
0,79.63659,0,0,0,270,0,0,0
0,79.65053,0,0,0,270,0,0,0
0,79.66553,0,0,0,270,0,0,0
0,79.67802,0,0,0,270,0,0,0
0,79.69078,0,0,0,270,0,0,0
0,79.7039,0,0,0,270,0,0,0
0,79.71885,0,0,0,270,0,0,0
0,79.73255,0,0,0,270,0,0,0
0,79.74373,0,0,0,270,0,0,0
0,79.75577,0,0,0,270,0,0,0
0,79.76876,0,0,0,270,0,0,0
0,79.78091,0,0,0,270,0,0,0
0,79.7923,0,0,0,270,0,0,0
0,79.80514,0,0,0,270,0,0,0
0,79.81779,0,0,0,270,0,0,0
0,79.82899,0,0,0,270,0,0,0
0,79.84045,0,0,0,270,0,0,0
0,79.85332,0,0,0,270,0,0,0
0,79.86666,0,0,0,270,0,0,0
0,79.8806,0,0,0,270,0,0,0
0,79.89382,0,0,0,270,0,0,0
0,79.91242,0,0,0,270,0,0,0
0,79.92783,0,0,0,270,0,0,0
0,79.94432,0,0,0,270,0,0,0
0,79.95834,0,0,0,270,0,0,0
0,79.97317,0,0,0,270,0,0,0
0,79.98579,0,0,0,270,0,0,0
0,79.99915,0,0,0,270,0,0,0
0,80.01212,0,0,0,270,0,0,0
0,80.0268,0,0,0,270,0,0,0
0,80.04365,0,0,0,270,0,0,0
0,80.06253,0,0,0,270,0,0,0
0,80.07967,0,0,0,270,0,0,0
0,80.09176,0,0,0,270,0,0,0
0,80.10432,0,0,0,270,0,0,0
0,80.11781,0,0,0,270,0,0,0
0,80.13041,0,0,0,270,0,0,0
0,80.14572,0,0,0,270,0,0,0
0,80.16107,0,0,0,270,0,0,0
0,80.17378,0,0,0,270,0,0,0
0,80.18509,0,0,0,270,0,0,0
0,80.2001,0,0,0,270,0,0,0
0,80.21214,0,0,0,270,0,0,0
0,80.22572,0,0,0,270,0,0,0
0,80.24051,0,0,0,270,0,0,0
0,80.25736,0,0,0,270,0,0,0
0,80.2715,0,0,0,270,0,0,0
0,80.28908,0,0,0,270,0,0,0
0,80.30166,0,0,0,270,0,0,0
0,80.31585,0,0,0,270,0,0,0
0,80.33834,0,0,0,270,0,0,0
0,80.35997,0,0,0,270,0,0,0
0,80.3785,0,0,0,270,0,0,0
0,80.39172,0,0,0,270,0,0,0
0,80.40451,0,0,0,270,0,0,0
0,80.41652,0,0,0,270,0,0,0
0,80.43157,0,0,0,270,0,0,0
0,80.44754,0,0,0,270,0,0,0
0,80.46595,0,0,0,270,0,0,0
0,80.48286,0,0,0,270,0,0,0
0,80.49639,0,0,0,270,0,0,0
0,80.50999,0,0,0,270,0,0,0
0,80.52304,0,0,0,270,0,0,0
0,80.53621,0,0,0,270,0,0,0
0,80.54635,0,0,0,270,0,0,0
0,80.55692,0,0,0,270,0,0,0
0,80.56716,0,0,0,270,0,0,0
0,80.57762,0,0,0,270,0,0,0
0,80.58984,0,0,0,270,0,0,0
0,80.60452,0,0,0,270,0,0,0
0,80.61835,0,0,0,270,0,0,0
0,80.63121,0,0,0,270,0,0,0
0,80.64444,0,0,0,270,0,0,0
0,80.65704,0,0,0,270,0,0,0
0,80.67233,0,0,0,270,0,0,0
0,80.68931,0,0,0,270,0,0,0
0,80.7037,0,0,0,270,0,0,0
0,80.72136,0,0,0,270,0,0,0
0,80.74638,0,0,0,270,0,0,0
0,80.76139,0,0,0,270,0,0,0
0,80.78373,0,0,0,270,0,0,0
0,80.79455,0,0,0,270,0,0,0
0,80.81055,0,0,0,270,0,0,0
0,80.82249,0,0,0,270,0,0,0
0,80.83759,0,0,0,270,0,0,0
0,80.85532,0,0,0,270,0,0,0
0,80.87053,0,0,0,270,0,0,0
0,80.88745,0,0,0,270,0,0,0
0,80.89966,0,0,0,270,0,0,0
0,80.91136,0,0,0,270,0,0,0
0,80.92251,0,0,0,270,0,0,0
0,80.93352,0,0,0,270,0,0,0
0,80.94505,0,0,0,270,0,0,0
0,80.95664,0,0,0,270,0,0,0
0,80.96877,0,0,0,270,0,0,0
0,80.97914,0,0,0,270,0,0,0
0,80.9901,0,0,0,270,0,0,0
0,81.0015,0,0,0,270,0,0,0
0,81.01469,0,0,0,270,0,0,0
0,81.02615,0,0,0,270,0,0,0
0,81.03872,0,0,0,270,0,0,0
0,81.05173,0,0,0,270,0,0,0
0,81.06432,0,0,0,270,0,0,0
0,81.07513,0,0,0,270,0,0,0
0,81.08743,0,0,0,270,0,0,0
0,81.10109,0,0,0,270,0,0,0
0,81.11356,0,0,0,270,0,0,0
0,81.12431,0,0,0,270,0,0,0
0,81.1356,0,0,0,270,0,0,0
0,81.14667,0,0,0,270,0,0,0
0,81.16338,0,0,0,270,0,0,0
0,81.17944,0,0,0,270,0,0,0
0,81.21288,0,0,0,270,0,0,0
0,81.22929,0,0,0,270,0,0,0
0,81.24876,0,0,0,270,0,0,0
0,81.27309,0,0,0,270,0,0,0
0,81.29501,0,0,0,270,0,0,0
0,81.30792,0,0,0,270,0,0,0
0,81.32291,0,0,0,270,0,0,0
0,81.33395,0,0,0,270,0,0,0
0,81.34634,0,0,0,270,0,0,0
0,81.35954,0,0,0,270,0,0,0
0,81.37337,0,0,0,270,0,0,0
0,81.3854,0,0,0,270,0,0,0
0,81.39876,0,0,0,270,0,0,0
0,81.41059,0,0,0,270,0,0,0
0,81.42377,0,0,0,270,0,0,0
0,81.43764,0,0,0,270,0,0,0
0,81.45104,0,0,0,270,0,0,0
0,81.46503,0,0,0,270,0,0,0
0,81.47926,0,0,0,270,0,0,0
0,81.49249,0,0,0,270,0,0,0
0,81.50381,0,0,0,270,0,0,0
0,81.5175,0,0,0,270,0,0,0
0,81.53017,0,0,0,270,0,0,0
0,81.54271,0,0,0,270,0,0,0
0,81.55521,0,0,0,270,0,0,0
0,81.57185,0,0,0,270,0,0,0
0,81.58581,0,0,0,270,0,0,0
0,81.59968,0,0,0,270,0,0,0
0,81.61564,0,0,0,270,0,0,0
0,81.62964,0,0,0,270,0,0,0
0,81.64227,0,0,0,270,0,0,0
0,81.65502,0,0,0,270,0,0,0
0,81.66731,0,0,0,270,0,0,0
0,81.68125,0,0,0,270,0,0,0
0,81.69354,0,0,0,270,0,0,0
0,81.70951,0,0,0,270,0,0,0
0,81.72307,0,0,0,270,0,0,0
0,81.73726,0,0,0,270,0,0,0
0,81.74997,0,0,0,270,0,0,0
0,81.76207,0,0,0,270,0,0,0
0,81.77335,0,0,0,270,0,0,0
0,81.78543,0,0,0,270,0,0,0
0,81.80637,0,0,0,270,0,0,0
0,81.8205,0,0,0,270,0,0,0
0,81.83293,0,0,0,270,0,0,0
0,81.84493,0,0,0,270,0,0,0
0,81.85751,0,0,0,270,0,0,0
0,81.86952,0,0,0,270,0,0,0
0,81.88142,0,0,0,270,0,0,0
0,81.89347,0,0,0,270,0,0,0
0,81.90583,0,0,0,270,0,0,0
0,81.91746,0,0,0,270,0,0,0
0,81.92987,0,0,0,270,0,0,0
0,81.94113,0,0,0,270,0,0,0
0,81.95337,0,0,0,270,0,0,0
0,81.96651,0,0,0,270,0,0,0
0,81.97956,0,0,0,270,0,0,0
0,82.00345,0,0,0,270,0,0,0
0,82.01453,0,0,0,270,0,0,0
0,82.02632,0,0,0,270,0,0,0
0,82.04044,0,0,0,270,0,0,0
0,82.05565,0,0,0,270,0,0,0
0,82.06707,0,0,0,270,0,0,0
0,82.08032,0,0,0,270,0,0,0
0,82.09219,0,0,0,270,0,0,0
0,82.10562,0,0,0,270,0,0,0
0,82.12103,0,0,0,270,0,0,0
0,82.13299,0,0,0,270,0,0,0
0,82.15204,0,0,0,270,0,0,0
0,82.16267,0,0,0,270,0,0,0
0,82.1733,0,0,0,270,0,0,0
0,82.18393,0,0,0,270,0,0,0
0,82.19633,0,0,0,270,0,0,0
0,82.21172,0,0,0,270,0,0,0
0,82.22871,0,0,0,270,0,0,0
0,82.24355,0,0,0,270,0,0,0
0,82.25641,0,0,0,270,0,0,0
0,82.26858,0,0,0,270,0,0,0
0,82.28083,0,0,0,270,0,0,0
0,82.29555,0,0,0,270,0,0,0
0,82.30787,0,0,0,270,0,0,0
0,82.31905,0,0,0,270,0,0,0
0,82.33008,0,0,0,270,0,0,0
0,82.34167,0,0,0,270,0,0,0
0,82.35352,0,0,0,270,0,0,0
0,82.36402,0,0,0,270,0,0,0
0,82.37526,0,0,0,270,0,0,0
0,82.38819,0,0,0,270,0,0,0
0,82.40134,0,0,0,270,0,0,0
0,82.41427,0,0,0,270,0,0,0
0,82.42779,0,0,0,270,0,0,0
0,82.43993,0,0,0,270,0,0,0
0,82.4539,0,0,0,270,0,0,0
0,82.4662,0,0,0,270,0,0,0
0,82.47897,0,0,0,270,0,0,0
0,82.49192,0,0,0,270,0,0,0
0,82.50349,0,0,0,270,0,0,0
0,82.51582,0,0,0,270,0,0,0
0,82.52913,0,0,0,270,0,0,0
0,82.54137,0,0,0,270,0,0,0
0,82.55516,0,0,0,270,0,0,0
0,82.56751,0,0,0,270,0,0,0
0,82.57996,0,0,0,270,0,0,0
0,82.59331,0,0,0,270,0,0,0
0,82.6059,0,0,0,270,0,0,0
0,82.61752,0,0,0,270,0,0,0
0,82.63268,0,0,0,270,0,0,0
0,82.64615,0,0,0,270,0,0,0
0,82.65647,0,0,0,270,0,0,0
0,82.66822,0,0,0,270,0,0,0
0,82.68224,0,0,0,270,0,0,0
0,82.69764,0,0,0,270,0,0,0
0,82.71094,0,0,0,270,0,0,0
0,82.72887,0,0,0,270,0,0,0
0,82.74158,0,0,0,270,0,0,0
0,82.76151,0,0,0,270,0,0,0
0,82.77721,0,0,0,270,0,0,0
0,82.79379,0,0,0,270,0,0,0
0,82.80685,0,0,0,270,0,0,0
0,82.82004,0,0,0,270,0,0,0
0,82.83165,0,0,0,270,0,0,0
0,82.84236,0,0,0,270,0,0,0
0,82.85599,0,0,0,270,0,0,0
0,82.86907,0,0,0,270,0,0,0
0,82.88219,0,0,0,270,0,0,0
0,82.89281,0,0,0,270,0,0,0
0,82.9019,0,0,0,270,0,0,0
0,82.91256,0,0,0,270,0,0,0
0,82.92259,0,0,0,270,0,0,0
0,82.93315,0,0,0,270,0,0,0
0,82.94572,0,0,0,270,0,0,0
0,82.95805,0,0,0,270,0,0,0
0,82.97124,0,0,0,270,0,0,0
0,82.98389,0,0,0,270,0,0,0
0,83.00683,0,0,0,270,0,0,0
0,83.02494,0,0,0,270,0,0,0
0,83.04946,0,0,0,270,0,0,0
0,83.07971,0,0,0,270,0,0,0
0,83.09815,0,0,0,270,0,0,0
0,83.11121,0,0,0,270,0,0,0
0,83.12261,0,0,0,270,0,0,0
0,83.13744,0,0,0,270,0,0,0
0,83.14984,0,0,0,270,0,0,0
0,83.16702,0,0,0,270,0,0,0
0,83.1807,0,0,0,270,0,0,0
0,83.19501,0,0,0,270,0,0,0
0,83.20718,0,0,0,270,0,0,0
0,83.22013,0,0,0,270,0,0,0
0,83.23131,0,0,0,270,0,0,0
0,83.2456,0,0,0,270,0,0,0
0,83.25976,0,0,0,270,0,0,0
0,83.27288,0,0,0,270,0,0,0
0,83.28805,0,0,0,270,0,0,0
0,83.30186,0,0,0,270,0,0,0
0,83.31505,0,0,0,270,0,0,0
0,83.32774,0,0,0,270,0,0,0
0,83.33972,0,0,0,270,0,0,0
0,83.35193,0,0,0,270,0,0,0
0,83.36536,0,0,0,270,0,0,0
0,83.37764,0,0,0,270,0,0,0
0,83.39044,0,0,0,270,0,0,0
0,83.40253,0,0,0,270,0,0,0
0,83.41516,0,0,0,270,0,0,0
0,83.42754,0,0,0,270,0,0,0
0,83.44304,0,0,0,270,0,0,0
0,83.45642,0,0,0,270,0,0,0
0,83.46942,0,0,0,270,0,0,0
0,83.48806,0,0,0,270,0,0,0
0,83.50156,0,0,0,270,0,0,0
0,83.51508,0,0,0,270,0,0,0
0,83.53258,0,0,0,270,0,0,0
0,83.55401,0,0,0,270,0,0,0
0,83.57471,0,0,0,270,0,0,0
0,83.5872,0,0,0,270,0,0,0
0,83.60657,0,0,0,270,0,0,0
0,83.6178,0,0,0,270,0,0,0
0,83.63625,0,0,0,270,0,0,0
0,83.65219,0,0,0,270,0,0,0
0,83.67097,0,0,0,270,0,0,0
0,83.6881,0,0,0,270,0,0,0
0,83.70006,0,0,0,270,0,0,0
0,83.71105,0,0,0,270,0,0,0
0,83.72346,0,0,0,270,0,0,0
0,83.73579,0,0,0,270,0,0,0
0,83.7481,0,0,0,270,0,0,0
0,83.76107,0,0,0,270,0,0,0
0,83.77182,0,0,0,270,0,0,0
0,83.7845,0,0,0,270,0,0,0
0,83.79784,0,0,0,270,0,0,0
0,83.80911,0,0,0,270,0,0,0
0,83.82235,0,0,0,270,0,0,0
0,83.83627,0,0,0,270,0,0,0
0,83.85218,0,0,0,270,0,0,0
0,83.86464,0,0,0,270,0,0,0
0,83.8837,0,0,0,270,0,0,0
0,83.89577,0,0,0,270,0,0,0
0,83.90742,0,0,0,270,0,0,0
0,83.92042,0,0,0,270,0,0,0
0,83.93288,0,0,0,270,0,0,0
0,83.94937,0,0,0,270,0,0,0
0,83.96487,0,0,0,270,0,0,0
0,83.98931,0,0,0,270,0,0,0
0,84.01051,0,0,0,270,0,0,0
0,84.03084,0,0,0,270,0,0,0
0,84.05198,0,0,0,270,0,0,0
0,84.0719,0,0,0,270,0,0,0
0,84.08866,0,0,0,270,0,0,0
0,84.10723,0,0,0,270,0,0,0
0,84.12332,0,0,0,270,0,0,0
0,84.13959,0,0,0,270,0,0,0
0,84.15109,0,0,0,270,0,0,0
0,84.16635,0,0,0,270,0,0,0
0,84.1805,0,0,0,270,0,0,0
0,84.20142,0,0,0,270,0,0,0
0,84.21439,0,0,0,270,0,0,0
0,84.23163,0,0,0,270,0,0,0
0,84.24545,0,0,0,270,0,0,0
0,84.26846,0,0,0,270,0,0,0
0,84.29375,0,0,0,270,0,0,0
0,84.31374,0,0,0,270,0,0,0
0,84.34193,0,0,0,270,0,0,0
0,84.36555,0,0,0,270,0,0,0
0,84.38848,0,0,0,270,0,0,0
0,84.40519,0,0,0,270,0,0,0
0,84.42895,0,0,0,270,0,0,0
0,84.45156,0,0,0,270,0,0,0
0,84.47853,0,0,0,270,0,0,0
0,84.5042,0,0,0,270,0,0,0
0,84.51861,0,0,0,270,0,0,0
0,84.53454,0,0,0,270,0,0,0
0,84.55273,0,0,0,270,0,0,0
0,84.58551,0,0,0,270,0,0,0
0,84.6053,0,0,0,270,0,0,0
0,84.62385,0,0,0,270,0,0,0
0,84.63616,0,0,0,270,0,0,0
0,84.64926,0,0,0,270,0,0,0
0,84.66277,0,0,0,270,0,0,0
0,84.67516,0,0,0,270,0,0,0
0,84.69384,0,0,0,270,0,0,0
0,84.70597,0,0,0,270,0,0,0
0,84.72414,0,0,0,270,0,0,0
0,84.73738,0,0,0,270,0,0,0
0,84.74924,0,0,0,270,0,0,0
0,84.76118,0,0,0,270,0,0,0
0,84.77393,0,0,0,270,0,0,0
0,84.78586,0,0,0,270,0,0,0
0,84.79901,0,0,0,270,0,0,0
0,84.81824,0,0,0,270,0,0,0
0,84.83009,0,0,0,270,0,0,0
0,84.84392,0,0,0,270,0,0,0
0,84.85717,0,0,0,270,0,0,0
0,84.87687,0,0,0,270,0,0,0
0,84.88806,0,0,0,270,0,0,0
0,84.90131,0,0,0,270,0,0,0
0,84.91484,0,0,0,270,0,0,0
0,84.92715,0,0,0,270,0,0,0
0,84.93788,0,0,0,270,0,0,0
0,84.94848,0,0,0,270,0,0,0
0,84.96071,0,0,0,270,0,0,0
0,84.9728,0,0,0,270,0,0,0
0,84.98394,0,0,0,270,0,0,0
0,84.99593,0,0,0,270,0,0,0
0,85.00679,0,0,0,270,0,0,0
0,85.01865,0,0,0,270,0,0,0
0,85.03286,0,0,0,270,0,0,0
0,85.0446,0,0,0,270,0,0,0
0,85.05581,0,0,0,270,0,0,0
0,85.06702,0,0,0,270,0,0,0
0,85.07743,0,0,0,270,0,0,0
0,85.08971,0,0,0,270,0,0,0
0,85.10129,0,0,0,270,0,0,0
0,85.11425,0,0,0,270,0,0,0
0,85.12591,0,0,0,270,0,0,0
0,85.13572,0,0,0,270,0,0,0
0,85.14719,0,0,0,270,0,0,0
0,85.15917,0,0,0,270,0,0,0
0,85.171,0,0,0,270,0,0,0
0,85.18333,0,0,0,270,0,0,0
0,85.19584,0,0,0,270,0,0,0
0,85.20978,0,0,0,270,0,0,0
0,85.22142,0,0,0,270,0,0,0
0,85.23264,0,0,0,270,0,0,0
0,85.24563,0,0,0,270,0,0,0
0,85.25856,0,0,0,270,0,0,0
0,85.27056,0,0,0,270,0,0,0
0,85.28354,0,0,0,270,0,0,0
0,85.29954,0,0,0,270,0,0,0
0,85.31579,0,0,0,270,0,0,0
0,85.32992,0,0,0,270,0,0,0
0,85.34401,0,0,0,270,0,0,0
0,85.36317,0,0,0,270,0,0,0
0,85.37457,0,0,0,270,0,0,0
0,85.38725,0,0,0,270,0,0,0
0,85.39924,0,0,0,270,0,0,0
0,85.41055,0,0,0,270,0,0,0
0,85.42427,0,0,0,270,0,0,0
0,85.4365,0,0,0,270,0,0,0
0,85.448,0,0,0,270,0,0,0
0,85.46014,0,0,0,270,0,0,0
0,85.47386,0,0,0,270,0,0,0
0,85.48716,0,0,0,270,0,0,0
0,85.5005,0,0,0,270,0,0,0
0,85.51161,0,0,0,270,0,0,0
0,85.52374,0,0,0,270,0,0,0
0,85.53693,0,0,0,270,0,0,0
0,85.54822,0,0,0,270,0,0,0
0,85.56117,0,0,0,270,0,0,0
0,85.5723,0,0,0,270,0,0,0
0,85.59883,0,0,0,270,0,0,0
0,85.61878,0,0,0,270,0,0,0
0,85.64474,0,0,0,270,0,0,0
0,85.66328,0,0,0,270,0,0,0
0,85.67851,0,0,0,270,0,0,0
0,85.69881,0,0,0,270,0,0,0
0,85.71158,0,0,0,270,0,0,0
0,85.72683,0,0,0,270,0,0,0
0,85.73888,0,0,0,270,0,0,0
0,85.75009,0,0,0,270,0,0,0
0,85.76151,0,0,0,270,0,0,0
0,85.77399,0,0,0,270,0,0,0
0,85.78977,0,0,0,270,0,0,0
0,85.80464,0,0,0,270,0,0,0
0,85.81892,0,0,0,270,0,0,0
0,85.83218,0,0,0,270,0,0,0
0,85.84402,0,0,0,270,0,0,0
0,85.85601,0,0,0,270,0,0,0
0,85.86754,0,0,0,270,0,0,0
0,85.87806,0,0,0,270,0,0,0
0,85.89101,0,0,0,270,0,0,0
0,85.90401,0,0,0,270,0,0,0
0,85.91637,0,0,0,270,0,0,0
0,85.93203,0,0,0,270,0,0,0
0,85.94627,0,0,0,270,0,0,0
0,85.96129,0,0,0,270,0,0,0
0,85.97723,0,0,0,270,0,0,0
0,85.99371,0,0,0,270,0,0,0
0,86.0115,0,0,0,270,0,0,0
0,86.02995,0,0,0,270,0,0,0
0,86.05496,0,0,0,270,0,0,0
0,86.07163,0,0,0,270,0,0,0
0,86.09064,0,0,0,270,0,0,0
0,86.10918,0,0,0,270,0,0,0
0,86.12793,0,0,0,270,0,0,0
0,86.1406,0,0,0,270,0,0,0
0,86.15823,0,0,0,270,0,0,0
0,86.16897,0,0,0,270,0,0,0
0,86.17979,0,0,0,270,0,0,0
0,86.19074,0,0,0,270,0,0,0
0,86.2023,0,0,0,270,0,0,0
0,86.21517,0,0,0,270,0,0,0
0,86.22861,0,0,0,270,0,0,0
0,86.24222,0,0,0,270,0,0,0
0,86.25383,0,0,0,270,0,0,0
0,86.26511,0,0,0,270,0,0,0
0,86.2765,0,0,0,270,0,0,0
0,86.28868,0,0,0,270,0,0,0
0,86.30096,0,0,0,270,0,0,0
0,86.31189,0,0,0,270,0,0,0
0,86.32614,0,0,0,270,0,0,0
0,86.34484,0,0,0,270,0,0,0
0,86.35769,0,0,0,270,0,0,0
0,86.37145,0,0,0,270,0,0,0
0,86.38529,0,0,0,270,0,0,0
0,86.39961,0,0,0,270,0,0,0
0,86.41537,0,0,0,270,0,0,0
0,86.42853,0,0,0,270,0,0,0
0,86.4498,0,0,0,270,0,0,0
0,86.46694,0,0,0,270,0,0,0
0,86.48859,0,0,0,270,0,0,0
0,86.49844,0,0,0,270,0,0,0
0,86.50973,0,0,0,270,0,0,0
0,86.52229,0,0,0,270,0,0,0
0,86.53568,0,0,0,270,0,0,0
0,86.54817,0,0,0,270,0,0,0
0,86.56113,0,0,0,270,0,0,0
0,86.57896,0,0,0,270,0,0,0
0,86.58993,0,0,0,270,0,0,0
0,86.60727,0,0,0,270,0,0,0
0,86.62,0,0,0,270,0,0,0
0,86.6364,0,0,0,270,0,0,0
0,86.64902,0,0,0,270,0,0,0
0,86.66561,0,0,0,270,0,0,0
0,86.68187,0,0,0,270,0,0,0
0,86.70065,0,0,0,270,0,0,0
0,86.71914,0,0,0,270,0,0,0
0,86.73854,0,0,0,270,0,0,0
0,86.74908,0,0,0,270,0,0,0
0,86.76038,0,0,0,270,0,0,0
0,86.77255,0,0,0,270,0,0,0
0,86.78508,0,0,0,270,0,0,0
0,86.8003,0,0,0,270,0,0,0
0,86.81377,0,0,0,270,0,0,0
0,86.82607,0,0,0,270,0,0,0
0,86.83647,0,0,0,270,0,0,0
0,86.84843,0,0,0,270,0,0,0
0,86.86057,0,0,0,270,0,0,0
0,86.87161,0,0,0,270,0,0,0
0,86.88257,0,0,0,270,0,0,0
0,86.89349,0,0,0,270,0,0,0
0,86.90681,0,0,0,270,0,0,0
0,86.91834,0,0,0,270,0,0,0
0,86.93008,0,0,0,270,0,0,0
0,86.94276,0,0,0,270,0,0,0
0,86.9551,0,0,0,270,0,0,0
0,86.96799,0,0,0,270,0,0,0
0,86.9803,0,0,0,270,0,0,0
0,86.99168,0,0,0,270,0,0,0
0,87.00266,0,0,0,270,0,0,0
0,87.01479,0,0,0,270,0,0,0
0,87.02615,0,0,0,270,0,0,0
0,87.03809,0,0,0,270,0,0,0
0,87.04909,0,0,0,270,0,0,0
0,87.06001,0,0,0,270,0,0,0
0,87.07011,0,0,0,270,0,0,0
0,87.0835,0,0,0,270,0,0,0
0,87.09371,0,0,0,270,0,0,0
0,87.10368,0,0,0,270,0,0,0
0,87.1142,0,0,0,270,0,0,0
0,87.12627,0,0,0,270,0,0,0
0,87.13864,0,0,0,270,0,0,0
0,87.15002,0,0,0,270,0,0,0
0,87.16299,0,0,0,270,0,0,0
0,87.17575,0,0,0,270,0,0,0
0,87.1944,0,0,0,270,0,0,0
0,87.20645,0,0,0,270,0,0,0
0,87.21865,0,0,0,270,0,0,0
0,87.23936,0,0,0,270,0,0,0
0,87.2637,0,0,0,270,0,0,0
0,87.27881,0,0,0,270,0,0,0
0,87.29212,0,0,0,270,0,0,0
0,87.30416,0,0,0,270,0,0,0
0,87.31543,0,0,0,270,0,0,0
0,87.32747,0,0,0,270,0,0,0
0,87.33858,0,0,0,270,0,0,0
0,87.35643,0,0,0,270,0,0,0
0,87.37316,0,0,0,270,0,0,0
0,87.38821,0,0,0,270,0,0,0
0,87.40227,0,0,0,270,0,0,0
0,87.4143,0,0,0,270,0,0,0
0,87.42596,0,0,0,270,0,0,0
0,87.4377,0,0,0,270,0,0,0
0,87.44927,0,0,0,270,0,0,0
0,87.46165,0,0,0,270,0,0,0
0,87.47481,0,0,0,270,0,0,0
0,87.48758,0,0,0,270,0,0,0
0,87.49914,0,0,0,270,0,0,0
0,87.51214,0,0,0,270,0,0,0
0,87.52679,0,0,0,270,0,0,0
0,87.54083,0,0,0,270,0,0,0
0,87.55328,0,0,0,270,0,0,0
0,87.5661,0,0,0,270,0,0,0
0,87.57849,0,0,0,270,0,0,0
0,87.59528,0,0,0,270,0,0,0
0,87.60915,0,0,0,270,0,0,0
0,87.62152,0,0,0,270,0,0,0
0,87.63622,0,0,0,270,0,0,0
0,87.64704,0,0,0,270,0,0,0
0,87.65802,0,0,0,270,0,0,0
0,87.66826,0,0,0,270,0,0,0
0,87.67847,0,0,0,270,0,0,0
0,87.68838,0,0,0,270,0,0,0
0,87.6987,0,0,0,270,0,0,0
0,87.70932,0,0,0,270,0,0,0
0,87.71931,0,0,0,270,0,0,0
0,87.73063,0,0,0,270,0,0,0
0,87.74265,0,0,0,270,0,0,0
0,87.75543,0,0,0,270,0,0,0
0,87.76725,0,0,0,270,0,0,0
0,87.7801,0,0,0,270,0,0,0
0,87.7924,0,0,0,270,0,0,0
0,87.8055,0,0,0,270,0,0,0
0,87.81815,0,0,0,270,0,0,0
0,87.83243,0,0,0,270,0,0,0
0,87.84513,0,0,0,270,0,0,0
0,87.85697,0,0,0,270,0,0,0
0,87.86944,0,0,0,270,0,0,0
0,87.88313,0,0,0,270,0,0,0
0,87.89502,0,0,0,270,0,0,0
0,87.90568,0,0,0,270,0,0,0
0,87.9187,0,0,0,270,0,0,0
0,87.92932,0,0,0,270,0,0,0
0,87.94057,0,0,0,270,0,0,0
0,87.95249,0,0,0,270,0,0,0
0,87.96493,0,0,0,270,0,0,0
0,87.97774,0,0,0,270,0,0,0
0,87.98832,0,0,0,270,0,0,0
0,87.99997,0,0,0,270,0,0,0
0,88.01034,0,0,0,270,0,0,0
0,88.02556,0,0,0,270,0,0,0
0,88.03771,0,0,0,270,0,0,0
0,88.0489,0,0,0,270,0,0,0
0,88.06033,0,0,0,270,0,0,0
0,88.07282,0,0,0,270,0,0,0
0,88.08437,0,0,0,270,0,0,0
0,88.09749,0,0,0,270,0,0,0
0,88.10816,0,0,0,270,0,0,0
0,88.12096,0,0,0,270,0,0,0
0,88.13422,0,0,0,270,0,0,0
0,88.14812,0,0,0,270,0,0,0
0,88.16181,0,0,0,270,0,0,0
0,88.17329,0,0,0,270,0,0,0
0,88.18448,0,0,0,270,0,0,0
0,88.19732,0,0,0,270,0,0,0
0,88.20972,0,0,0,270,0,0,0
0,88.22363,0,0,0,270,0,0,0
0,88.2362,0,0,0,270,0,0,0
0,88.24639,0,0,0,270,0,0,0
0,88.25758,0,0,0,270,0,0,0
0,88.26753,0,0,0,270,0,0,0
0,88.28021,0,0,0,270,0,0,0
0,88.29268,0,0,0,270,0,0,0
0,88.30449,0,0,0,270,0,0,0
0,88.316,0,0,0,270,0,0,0
0,88.32833,0,0,0,270,0,0,0
0,88.33974,0,0,0,270,0,0,0
0,88.35191,0,0,0,270,0,0,0
0,88.36464,0,0,0,270,0,0,0
0,88.37548,0,0,0,270,0,0,0
0,88.39822,0,0,0,270,0,0,0
0,88.41445,0,0,0,270,0,0,0
0,88.42807,0,0,0,270,0,0,0
0,88.44014,0,0,0,270,0,0,0
0,88.45383,0,0,0,270,0,0,0
0,88.4651,0,0,0,270,0,0,0
0,88.47691,0,0,0,270,0,0,0
0,88.48854,0,0,0,270,0,0,0
0,88.50066,0,0,0,270,0,0,0
0,88.51232,0,0,0,270,0,0,0
0,88.52547,0,0,0,270,0,0,0
0,88.53872,0,0,0,270,0,0,0
0,88.55117,0,0,0,270,0,0,0
0,88.56454,0,0,0,270,0,0,0
0,88.57344,0,0,0,270,0,0,0
0,88.58343,0,0,0,270,0,0,0
0,88.59325,0,0,0,270,0,0,0
0,88.60732,0,0,0,270,0,0,0
0,88.61893,0,0,0,270,0,0,0
0,88.62965,0,0,0,270,0,0,0
0,88.63991,0,0,0,270,0,0,0
0,88.65057,0,0,0,270,0,0,0
0,88.66542,0,0,0,270,0,0,0
0,88.67906,0,0,0,270,0,0,0
0,88.69152,0,0,0,270,0,0,0
0,88.7068,0,0,0,270,0,0,0
0,88.73112,0,0,0,270,0,0,0
0,88.74849,0,0,0,270,0,0,0
0,88.76268,0,0,0,270,0,0,0
0,88.78449,0,0,0,270,0,0,0
0,88.80341,0,0,0,270,0,0,0
0,88.81881,0,0,0,270,0,0,0
0,88.83379,0,0,0,270,0,0,0
0,88.85503,0,0,0,270,0,0,0
0,88.87911,0,0,0,270,0,0,0
0,88.89442,0,0,0,270,0,0,0
0,88.90745,0,0,0,270,0,0,0
0,88.91805,0,0,0,270,0,0,0
0,88.93155,0,0,0,270,0,0,0
0,88.94414,0,0,0,270,0,0,0
0,88.9563,0,0,0,270,0,0,0
0,88.96817,0,0,0,270,0,0,0
0,88.98119,0,0,0,270,0,0,0
0,88.99366,0,0,0,270,0,0,0
0,89.0052,0,0,0,270,0,0,0
0,89.01605,0,0,0,270,0,0,0
0,89.02761,0,0,0,270,0,0,0
0,89.04029,0,0,0,270,0,0,0
0,89.05199,0,0,0,270,0,0,0
0,89.06468,0,0,0,270,0,0,0
0,89.07658,0,0,0,270,0,0,0
0,89.08899,0,0,0,270,0,0,0
0,89.10432,0,0,0,270,0,0,0
0,89.12009,0,0,0,270,0,0,0
0,89.13367,0,0,0,270,0,0,0
0,89.14848,0,0,0,270,0,0,0
0,89.16283,0,0,0,270,0,0,0
0,89.17721,0,0,0,270,0,0,0
0,89.19061,0,0,0,270,0,0,0
0,89.20853,0,0,0,270,0,0,0
0,89.22289,0,0,0,270,0,0,0
0,89.23557,0,0,0,270,0,0,0
0,89.24779,0,0,0,270,0,0,0
0,89.25996,0,0,0,270,0,0,0
0,89.27208,0,0,0,270,0,0,0
0,89.2847,0,0,0,270,0,0,0
0,89.29922,0,0,0,270,0,0,0
0,89.31876,0,0,0,270,0,0,0
0,89.33202,0,0,0,270,0,0,0
0,89.34391,0,0,0,270,0,0,0
0,89.3547,0,0,0,270,0,0,0
0,89.36794,0,0,0,270,0,0,0
0,89.38011,0,0,0,270,0,0,0
0,89.39211,0,0,0,270,0,0,0
0,89.40302,0,0,0,270,0,0,0
0,89.418,0,0,0,270,0,0,0
0,89.43909,0,0,0,270,0,0,0
0,89.45546,0,0,0,270,0,0,0
0,89.46976,0,0,0,270,0,0,0
0,89.48232,0,0,0,270,0,0,0
0,89.49431,0,0,0,270,0,0,0
0,89.50681,0,0,0,270,0,0,0
0,89.51796,0,0,0,270,0,0,0
0,89.52995,0,0,0,270,0,0,0
0,89.54512,0,0,0,270,0,0,0
0,89.55993,0,0,0,270,0,0,0
0,89.57431,0,0,0,270,0,0,0
0,89.58897,0,0,0,270,0,0,0
0,89.60288,0,0,0,270,0,0,0
0,89.62461,0,0,0,270,0,0,0
0,89.63748,0,0,0,270,0,0,0
0,89.6563,0,0,0,270,0,0,0
0,89.67937,0,0,0,270,0,0,0
0,89.70231,0,0,0,270,0,0,0
0,89.72986,0,0,0,270,0,0,0
0,89.74976,0,0,0,270,0,0,0
0,89.77217,0,0,0,270,0,0,0
0,89.78824,0,0,0,270,0,0,0
0,89.80959,0,0,0,270,0,0,0
0,89.83836,0,0,0,270,0,0,0
0,89.85845,0,0,0,270,0,0,0
0,89.87743,0,0,0,270,0,0,0
0,89.88981,0,0,0,270,0,0,0
0,89.90336,0,0,0,270,0,0,0
0,89.91747,0,0,0,270,0,0,0
0,89.93148,0,0,0,270,0,0,0
0,89.94669,0,0,0,270,0,0,0
0,89.96112,0,0,0,270,0,0,0
0,89.97805,0,0,0,270,0,0,0
0,89.99152,0,0,0,270,0,0,0
0,90.00582,0,0,0,270,0,0,0
0,90.02145,0,0,0,270,0,0,0
0,90.04059,0,0,0,270,0,0,0
0,90.05753,0,0,0,270,0,0,0
0,90.06973,0,0,0,270,0,0,0
0,90.08247,0,0,0,270,0,0,0
0,90.09568,0,0,0,270,0,0,0
0,90.11305,0,0,0,270,0,0,0
0,90.12861,0,0,0,270,0,0,0
0,90.14687,0,0,0,270,0,0,0
0,90.16362,0,0,0,270,0,0,0
0,90.17759,0,0,0,270,0,0,0
0,90.1916,0,0,0,270,0,0,0
0,90.20943,0,0,0,270,0,0,0
0,90.23091,0,0,0,270,0,0,0
0,90.24653,0,0,0,270,0,0,0
0,90.26269,0,0,0,270,0,0,0
0,90.27795,0,0,0,270,0,0,0
0,90.29819,0,0,0,270,0,0,0
0,90.31214,0,0,0,270,0,0,0
0,90.33194,0,0,0,270,0,0,0
0,90.34301,0,0,0,270,0,0,0
0,90.35463,0,0,0,270,0,0,0
0,90.36655,0,0,0,270,0,0,0
0,90.38201,0,0,0,270,0,0,0
0,90.39652,0,0,0,270,0,0,0
0,90.41766,0,0,0,270,0,0,0
0,90.43839,0,0,0,270,0,0,0
0,90.46778,0,0,0,270,0,0,0
0,90.48471,0,0,0,270,0,0,0
0,90.49789,0,0,0,270,0,0,0
0,90.51073,0,0,0,270,0,0,0
0,90.52428,0,0,0,270,0,0,0
0,90.53721,0,0,0,270,0,0,0
0,90.54901,0,0,0,270,0,0,0
0,90.56131,0,0,0,270,0,0,0
0,90.57394,0,0,0,270,0,0,0
0,90.59558,0,0,0,270,0,0,0
0,90.60807,0,0,0,270,0,0,0
0,90.62039,0,0,0,270,0,0,0
0,90.63531,0,0,0,270,0,0,0
0,90.64953,0,0,0,270,0,0,0
0,90.66221,0,0,0,270,0,0,0
0,90.67281,0,0,0,270,0,0,0
0,90.68196,0,0,0,270,0,0,0
0,90.69347,0,0,0,270,0,0,0
0,90.70345,0,0,0,270,0,0,0
0,90.71255,0,0,0,270,0,0,0
0,90.72539,0,0,0,270,0,0,0
0,90.73863,0,0,0,270,0,0,0
0,90.75194,0,0,0,270,0,0,0
0,90.76521,0,0,0,270,0,0,0
0,90.77732,0,0,0,270,0,0,0
0,90.79064,0,0,0,270,0,0,0
0,90.80344,0,0,0,270,0,0,0
0,90.81626,0,0,0,270,0,0,0
0,90.83007,0,0,0,270,0,0,0
0,90.84103,0,0,0,270,0,0,0
0,90.85839,0,0,0,270,0,0,0
0,90.874,0,0,0,270,0,0,0
0,90.90122,0,0,0,270,0,0,0
0,90.92112,0,0,0,270,0,0,0
0,90.9347,0,0,0,270,0,0,0
0,90.94851,0,0,0,270,0,0,0
0,90.96301,0,0,0,270,0,0,0
0,90.98356,0,0,0,270,0,0,0
0,90.99578,0,0,0,270,0,0,0
0,91.01006,0,0,0,270,0,0,0
0,91.02425,0,0,0,270,0,0,0
0,91.03938,0,0,0,270,0,0,0
0,91.05263,0,0,0,270,0,0,0
0,91.06775,0,0,0,270,0,0,0
0,91.08276,0,0,0,270,0,0,0
0,91.09642,0,0,0,270,0,0,0
0,91.11375,0,0,0,270,0,0,0
0,91.13681,0,0,0,270,0,0,0
0,91.15383,0,0,0,270,0,0,0
0,91.16611,0,0,0,270,0,0,0
0,91.17972,0,0,0,270,0,0,0
0,91.19582,0,0,0,270,0,0,0
0,91.20997,0,0,0,270,0,0,0
0,91.22781,0,0,0,270,0,0,0
0,91.2412,0,0,0,270,0,0,0
0,91.26124,0,0,0,270,0,0,0
0,91.27206,0,0,0,270,0,0,0
0,91.28404,0,0,0,270,0,0,0
0,91.29678,0,0,0,270,0,0,0
0,91.30795,0,0,0,270,0,0,0
0,91.32037,0,0,0,270,0,0,0
0,91.33187,0,0,0,270,0,0,0
0,91.34245,0,0,0,270,0,0,0
0,91.35471,0,0,0,270,0,0,0
0,91.3697,0,0,0,270,0,0,0
0,91.38259,0,0,0,270,0,0,0
0,91.39479,0,0,0,270,0,0,0
0,91.40646,0,0,0,270,0,0,0
0,91.42559,0,0,0,270,0,0,0
0,91.43674,0,0,0,270,0,0,0
0,91.45139,0,0,0,270,0,0,0
0,91.46761,0,0,0,270,0,0,0
0,91.48877,0,0,0,270,0,0,0
0,91.50214,0,0,0,270,0,0,0
0,91.51411,0,0,0,270,0,0,0
0,91.52804,0,0,0,270,0,0,0
0,91.54305,0,0,0,270,0,0,0
0,91.55769,0,0,0,270,0,0,0
0,91.56939,0,0,0,270,0,0,0
0,91.57906,0,0,0,270,0,0,0
0,91.591,0,0,0,270,0,0,0
0,91.60449,0,0,0,270,0,0,0
0,91.61607,0,0,0,270,0,0,0
0,91.62784,0,0,0,270,0,0,0
0,91.64061,0,0,0,270,0,0,0
0,91.65264,0,0,0,270,0,0,0
0,91.6632,0,0,0,270,0,0,0
0,91.67427,0,0,0,270,0,0,0
0,91.68695,0,0,0,270,0,0,0
0,91.69898,0,0,0,270,0,0,0
0,91.71066,0,0,0,270,0,0,0
0,91.72222,0,0,0,270,0,0,0
0,91.73392,0,0,0,270,0,0,0
0,91.74575,0,0,0,270,0,0,0
0,91.75714,0,0,0,270,0,0,0
0,91.76856,0,0,0,270,0,0,0
0,91.78107,0,0,0,270,0,0,0
0,91.79237,0,0,0,270,0,0,0
0,91.81005,0,0,0,270,0,0,0
0,91.82071,0,0,0,270,0,0,0
0,91.83095,0,0,0,270,0,0,0
0,91.84054,0,0,0,270,0,0,0
0,91.85093,0,0,0,270,0,0,0
0,91.86115,0,0,0,270,0,0,0
0,91.87167,0,0,0,270,0,0,0
0,91.88407,0,0,0,270,0,0,0
0,91.89829,0,0,0,270,0,0,0
0,91.91219,0,0,0,270,0,0,0
0,91.92556,0,0,0,270,0,0,0
0,91.93761,0,0,0,270,0,0,0
0,91.95105,0,0,0,270,0,0,0
0,91.96291,0,0,0,270,0,0,0
0,91.97566,0,0,0,270,0,0,0
0,91.98713,0,0,0,270,0,0,0
0,91.99981,0,0,0,270,0,0,0
0,92.01194,0,0,0,270,0,0,0
0,92.02483,0,0,0,270,0,0,0
0,92.03708,0,0,0,270,0,0,0
0,92.04906,0,0,0,270,0,0,0
0,92.06123,0,0,0,270,0,0,0
0,92.07203,0,0,0,270,0,0,0
0,92.08379,0,0,0,270,0,0,0
0,92.0993,0,0,0,270,0,0,0
0,92.11937,0,0,0,270,0,0,0
0,92.14097,0,0,0,270,0,0,0
0,92.1773,0,0,0,270,0,0,0
0,92.19198,0,0,0,270,0,0,0
0,92.20447,0,0,0,270,0,0,0
0,92.215,0,0,0,270,0,0,0
0,92.22478,0,0,0,270,0,0,0
0,92.23625,0,0,0,270,0,0,0
0,92.25201,0,0,0,270,0,0,0
0,92.26404,0,0,0,270,0,0,0
0,92.27826,0,0,0,270,0,0,0
0,92.29014,0,0,0,270,0,0,0
0,92.30548,0,0,0,270,0,0,0
0,92.32199,0,0,0,270,0,0,0
0,92.33244,0,0,0,270,0,0,0
0,92.34063,0,0,0,270,0,0,0
0,92.35111,0,0,0,270,0,0,0
0,92.36243,0,0,0,270,0,0,0
0,92.37392,0,0,0,270,0,0,0
0,92.38464,0,0,0,270,0,0,0
0,92.39851,0,0,0,270,0,0,0
0,92.40967,0,0,0,270,0,0,0
0,92.41854,0,0,0,270,0,0,0
0,92.42841,0,0,0,270,0,0,0
0,92.43719,0,0,0,270,0,0,0
0,92.44755,0,0,0,270,0,0,0
0,92.4576,0,0,0,270,0,0,0
0,92.46876,0,0,0,270,0,0,0
0,92.48101,0,0,0,270,0,0,0
0,92.49572,0,0,0,270,0,0,0
0,92.51344,0,0,0,270,0,0,0
0,92.52994,0,0,0,270,0,0,0
0,92.54327,0,0,0,270,0,0,0
0,92.55641,0,0,0,270,0,0,0
0,92.56824,0,0,0,270,0,0,0
0,92.58012,0,0,0,270,0,0,0
0,92.58965,0,0,0,270,0,0,0
0,92.60253,0,0,0,270,0,0,0
0,92.6144,0,0,0,270,0,0,0
0,92.62544,0,0,0,270,0,0,0
0,92.63605,0,0,0,270,0,0,0
0,92.64657,0,0,0,270,0,0,0
0,92.65747,0,0,0,270,0,0,0
0,92.66921,0,0,0,270,0,0,0
0,92.6806,0,0,0,270,0,0,0
0,92.69176,0,0,0,270,0,0,0
0,92.70187,0,0,0,270,0,0,0
0,92.71254,0,0,0,270,0,0,0
0,92.72482,0,0,0,270,0,0,0
0,92.73663,0,0,0,270,0,0,0
0,92.74632,0,0,0,270,0,0,0
0,92.75782,0,0,0,270,0,0,0
0,92.77404,0,0,0,270,0,0,0
0,92.79247,0,0,0,270,0,0,0
0,92.80618,0,0,0,270,0,0,0
0,92.82054,0,0,0,270,0,0,0
0,92.83405,0,0,0,270,0,0,0
0,92.84975,0,0,0,270,0,0,0
0,92.86327,0,0,0,270,0,0,0
0,92.87408,0,0,0,270,0,0,0
0,92.89734,0,0,0,270,0,0,0
0,92.91271,0,0,0,270,0,0,0
0,92.92422,0,0,0,270,0,0,0
0,92.93399,0,0,0,270,0,0,0
0,92.94447,0,0,0,270,0,0,0
0,92.95477,0,0,0,270,0,0,0
0,92.96396,0,0,0,270,0,0,0
0,92.97338,0,0,0,270,0,0,0
0,92.98211,0,0,0,270,0,0,0
0,92.99107,0,0,0,270,0,0,0
0,92.99941,0,0,0,270,0,0,0
0,93.00998,0,0,0,270,0,0,0
0,93.01941,0,0,0,270,0,0,0
0,93.02848,0,0,0,270,0,0,0
0,93.03938,0,0,0,270,0,0,0
0,93.04853,0,0,0,270,0,0,0
0,93.05832,0,0,0,270,0,0,0
0,93.0695,0,0,0,270,0,0,0
0,93.08031,0,0,0,270,0,0,0
0,93.09005,0,0,0,270,0,0,0
0,93.10084,0,0,0,270,0,0,0
0,93.11192,0,0,0,270,0,0,0
0,93.12371,0,0,0,270,0,0,0
0,93.13451,0,0,0,270,0,0,0
0,93.1514,0,0,0,270,0,0,0
0,93.16546,0,0,0,270,0,0,0
0,93.18444,0,0,0,270,0,0,0
0,93.19834,0,0,0,270,0,0,0
0,93.21188,0,0,0,270,0,0,0
0,93.2267,0,0,0,270,0,0,0
0,93.24068,0,0,0,270,0,0,0
0,93.25598,0,0,0,270,0,0,0
0,93.27224,0,0,0,270,0,0,0
0,93.29166,0,0,0,270,0,0,0
0,93.30579,0,0,0,270,0,0,0
0,93.32029,0,0,0,270,0,0,0
0,93.3402,0,0,0,270,0,0,0
0,93.35493,0,0,0,270,0,0,0
0,93.36688,0,0,0,270,0,0,0
0,93.38229,0,0,0,270,0,0,0
0,93.39448,0,0,0,270,0,0,0
0,93.40988,0,0,0,270,0,0,0
0,93.42537,0,0,0,270,0,0,0
0,93.4346,0,0,0,270,0,0,0
0,93.4455,0,0,0,270,0,0,0
0,93.45591,0,0,0,270,0,0,0
0,93.46591,0,0,0,270,0,0,0
0,93.47712,0,0,0,270,0,0,0
0,93.48824,0,0,0,270,0,0,0
0,93.49794,0,0,0,270,0,0,0
0,93.50908,0,0,0,270,0,0,0
0,93.52004,0,0,0,270,0,0,0
0,93.53325,0,0,0,270,0,0,0
0,93.54821,0,0,0,270,0,0,0
0,93.56457,0,0,0,270,0,0,0
0,93.57662,0,0,0,270,0,0,0
0,93.58604,0,0,0,270,0,0,0
0,93.59574,0,0,0,270,0,0,0
0,93.60423,0,0,0,270,0,0,0
0,93.61254,0,0,0,270,0,0,0
0,93.63356,0,0,0,270,0,0,0
0,93.64682,0,0,0,270,0,0,0
0,93.66622,0,0,0,270,0,0,0
0,93.68916,0,0,0,270,0,0,0
0,93.70217,0,0,0,270,0,0,0
0,93.71415,0,0,0,270,0,0,0
0,93.73185,0,0,0,270,0,0,0
0,93.74615,0,0,0,270,0,0,0
0,93.76511,0,0,0,270,0,0,0
0,93.77943,0,0,0,270,0,0,0
0,93.79437,0,0,0,270,0,0,0
0,93.80988,0,0,0,270,0,0,0
0,93.82461,0,0,0,270,0,0,0
0,93.83755,0,0,0,270,0,0,0
0,93.85856,0,0,0,270,0,0,0
0,93.87023,0,0,0,270,0,0,0
0,93.88604,0,0,0,270,0,0,0
0,93.89917,0,0,0,270,0,0,0
0,93.91737,0,0,0,270,0,0,0
0,93.93436,0,0,0,270,0,0,0
0,93.9506,0,0,0,270,0,0,0
0,93.96326,0,0,0,270,0,0,0
0,93.97855,0,0,0,270,0,0,0
0,93.99308,0,0,0,270,0,0,0
0,94.00436,0,0,0,270,0,0,0
0,94.01638,0,0,0,270,0,0,0
0,94.02667,0,0,0,270,0,0,0
0,94.03781,0,0,0,270,0,0,0
0,94.05035,0,0,0,270,0,0,0
0,94.06382,0,0,0,270,0,0,0
0,94.07706,0,0,0,270,0,0,0
0,94.09061,0,0,0,270,0,0,0
0,94.1054,0,0,0,270,0,0,0
0,94.11739,0,0,0,270,0,0,0
0,94.12763,0,0,0,270,0,0,0
0,94.13693,0,0,0,270,0,0,0
0,94.14791,0,0,0,270,0,0,0
0,94.16141,0,0,0,270,0,0,0
0,94.17699,0,0,0,270,0,0,0
0,94.18991,0,0,0,270,0,0,0
0,94.22243,0,0,0,270,0,0,0
0,94.24345,0,0,0,270,0,0,0
0,94.26083,0,0,0,270,0,0,0
0,94.27716,0,0,0,270,0,0,0
0,94.2998,0,0,0,270,0,0,0
0,94.32081,0,0,0,270,0,0,0
0,94.34501,0,0,0,270,0,0,0
0,94.35754,0,0,0,270,0,0,0
0,94.36884,0,0,0,270,0,0,0
0,94.3811,0,0,0,270,0,0,0
0,94.39322,0,0,0,270,0,0,0
0,94.40497,0,0,0,270,0,0,0
0,94.4153,0,0,0,270,0,0,0
0,94.4268,0,0,0,270,0,0,0
0,94.43696,0,0,0,270,0,0,0
0,94.44758,0,0,0,270,0,0,0
0,94.45795,0,0,0,270,0,0,0
0,94.46821,0,0,0,270,0,0,0
0,94.47737,0,0,0,270,0,0,0
0,94.48892,0,0,0,270,0,0,0
0,94.50043,0,0,0,270,0,0,0
0,94.51173,0,0,0,270,0,0,0
0,94.52548,0,0,0,270,0,0,0
0,94.53893,0,0,0,270,0,0,0
0,94.55554,0,0,0,270,0,0,0
0,94.57547,0,0,0,270,0,0,0
0,94.59726,0,0,0,270,0,0,0
0,94.61195,0,0,0,270,0,0,0
0,94.62785,0,0,0,270,0,0,0
0,94.64704,0,0,0,270,0,0,0
0,94.66144,0,0,0,270,0,0,0
0,94.67243,0,0,0,270,0,0,0
0,94.68396,0,0,0,270,0,0,0
0,94.7029,0,0,0,270,0,0,0
0,94.71578,0,0,0,270,0,0,0
0,94.72682,0,0,0,270,0,0,0
0,94.73779,0,0,0,270,0,0,0
0,94.75029,0,0,0,270,0,0,0
0,94.76411,0,0,0,270,0,0,0
0,94.77763,0,0,0,270,0,0,0
0,94.79023,0,0,0,270,0,0,0
0,94.80188,0,0,0,270,0,0,0
0,94.81255,0,0,0,270,0,0,0
0,94.82377,0,0,0,270,0,0,0
0,94.83445,0,0,0,270,0,0,0
0,94.84447,0,0,0,270,0,0,0
0,94.85468,0,0,0,270,0,0,0
0,94.86415,0,0,0,270,0,0,0
0,94.87326,0,0,0,270,0,0,0
0,94.88525,0,0,0,270,0,0,0
0,94.90349,0,0,0,270,0,0,0
0,94.91347,0,0,0,270,0,0,0
0,94.92596,0,0,0,270,0,0,0
0,94.93794,0,0,0,270,0,0,0
0,94.94978,0,0,0,270,0,0,0
0,94.96281,0,0,0,270,0,0,0
0,94.97456,0,0,0,270,0,0,0
0,94.98603,0,0,0,270,0,0,0
0,94.99876,0,0,0,270,0,0,0
0,95.01126,0,0,0,270,0,0,0
0,95.02341,0,0,0,270,0,0,0
0,95.03413,0,0,0,270,0,0,0
0,95.044,0,0,0,270,0,0,0
0,95.05443,0,0,0,270,0,0,0
0,95.06459,0,0,0,270,0,0,0
0,95.07394,0,0,0,270,0,0,0
0,95.08457,0,0,0,270,0,0,0
0,95.09475,0,0,0,270,0,0,0
0,95.1043,0,0,0,270,0,0,0
0,95.11567,0,0,0,270,0,0,0
0,95.15109,0,0,0,270,0,0,0
0,95.17861,0,0,0,270,0,0,0
0,95.18991,0,0,0,270,0,0,0
0,95.20309,0,0,0,270,0,0,0
0,95.21318,0,0,0,270,0,0,0
0,95.22478,0,0,0,270,0,0,0
0,95.23724,0,0,0,270,0,0,0
0,95.24806,0,0,0,270,0,0,0
0,95.25928,0,0,0,270,0,0,0
0,95.27871,0,0,0,270,0,0,0
0,95.29154,0,0,0,270,0,0,0
0,95.30626,0,0,0,270,0,0,0
0,95.31781,0,0,0,270,0,0,0
0,95.32977,0,0,0,270,0,0,0
0,95.34017,0,0,0,270,0,0,0
0,95.35104,0,0,0,270,0,0,0
0,95.36478,0,0,0,270,0,0,0
0,95.37679,0,0,0,270,0,0,0
0,95.38747,0,0,0,270,0,0,0
0,95.39851,0,0,0,270,0,0,0
0,95.40964,0,0,0,270,0,0,0
0,95.41783,0,0,0,270,0,0,0
0,95.42837,0,0,0,270,0,0,0
0,95.43906,0,0,0,270,0,0,0
0,95.44868,0,0,0,270,0,0,0
0,95.46034,0,0,0,270,0,0,0
0,95.47242,0,0,0,270,0,0,0
0,95.48508,0,0,0,270,0,0,0
0,95.49871,0,0,0,270,0,0,0
0,95.51353,0,0,0,270,0,0,0
0,95.53201,0,0,0,270,0,0,0
0,95.548,0,0,0,270,0,0,0
0,95.57019,0,0,0,270,0,0,0
0,95.59544,0,0,0,270,0,0,0
0,95.62101,0,0,0,270,0,0,0
0,95.64133,0,0,0,270,0,0,0
0,95.65787,0,0,0,270,0,0,0
0,95.66866,0,0,0,270,0,0,0
0,95.68113,0,0,0,270,0,0,0
0,95.69226,0,0,0,270,0,0,0
0,95.70276,0,0,0,270,0,0,0
0,95.71584,0,0,0,270,0,0,0
0,95.73325,0,0,0,270,0,0,0
0,95.74575,0,0,0,270,0,0,0
0,95.75835,0,0,0,270,0,0,0
0,95.76845,0,0,0,270,0,0,0
0,95.77883,0,0,0,270,0,0,0
0,95.7912,0,0,0,270,0,0,0
0,95.80315,0,0,0,270,0,0,0
0,95.81499,0,0,0,270,0,0,0
0,95.82625,0,0,0,270,0,0,0
0,95.83782,0,0,0,270,0,0,0
0,95.85258,0,0,0,270,0,0,0
0,95.86622,0,0,0,270,0,0,0
0,95.88171,0,0,0,270,0,0,0
0,95.89837,0,0,0,270,0,0,0
0,95.91641,0,0,0,270,0,0,0
0,95.93107,0,0,0,270,0,0,0
0,95.94405,0,0,0,270,0,0,0
0,95.96143,0,0,0,270,0,0,0
0,95.97936,0,0,0,270,0,0,0
0,95.99158,0,0,0,270,0,0,0
0,96.00607,0,0,0,270,0,0,0
0,96.01722,0,0,0,270,0,0,0
0,96.0275,0,0,0,270,0,0,0
0,96.03887,0,0,0,270,0,0,0
0,96.05011,0,0,0,270,0,0,0
0,96.05899,0,0,0,270,0,0,0
0,96.07023,0,0,0,270,0,0,0
0,96.08146,0,0,0,270,0,0,0
0,96.09188,0,0,0,270,0,0,0
0,96.10548,0,0,0,270,0,0,0
0,96.12145,0,0,0,270,0,0,0
0,96.13696,0,0,0,270,0,0,0
0,96.15346,0,0,0,270,0,0,0
0,96.16734,0,0,0,270,0,0,0
0,96.18336,0,0,0,270,0,0,0
0,96.19576,0,0,0,270,0,0,0
0,96.20861,0,0,0,270,0,0,0
0,96.21989,0,0,0,270,0,0,0
0,96.23574,0,0,0,270,0,0,0
0,96.25641,0,0,0,270,0,0,0
0,96.27319,0,0,0,270,0,0,0
0,96.28834,0,0,0,270,0,0,0
0,96.30109,0,0,0,270,0,0,0
0,96.31202,0,0,0,270,0,0,0
0,96.32226,0,0,0,270,0,0,0
0,96.33275,0,0,0,270,0,0,0
0,96.35117,0,0,0,270,0,0,0
0,96.37431,0,0,0,270,0,0,0
0,96.39232,0,0,0,270,0,0,0
0,96.40359,0,0,0,270,0,0,0
0,96.41761,0,0,0,270,0,0,0
0,96.43298,0,0,0,270,0,0,0
0,96.44624,0,0,0,270,0,0,0
0,96.4563,0,0,0,270,0,0,0
0,96.46658,0,0,0,270,0,0,0
0,96.47835,0,0,0,270,0,0,0
0,96.49142,0,0,0,270,0,0,0
0,96.5044,0,0,0,270,0,0,0
0,96.51622,0,0,0,270,0,0,0
0,96.52825,0,0,0,270,0,0,0
0,96.54303,0,0,0,270,0,0,0
0,96.5575,0,0,0,270,0,0,0
0,96.56963,0,0,0,270,0,0,0
0,96.58044,0,0,0,270,0,0,0
0,96.58984,0,0,0,270,0,0,0
0,96.60123,0,0,0,270,0,0,0
0,96.61202,0,0,0,270,0,0,0
0,96.62834,0,0,0,270,0,0,0
0,96.6448,0,0,0,270,0,0,0
0,96.65771,0,0,0,270,0,0,0
0,96.67134,0,0,0,270,0,0,0
0,96.68312,0,0,0,270,0,0,0
0,96.69553,0,0,0,270,0,0,0
0,96.70875,0,0,0,270,0,0,0
0,96.7222,0,0,0,270,0,0,0
0,96.73721,0,0,0,270,0,0,0
0,96.74912,0,0,0,270,0,0,0
0,96.76227,0,0,0,270,0,0,0
0,96.77449,0,0,0,270,0,0,0
0,96.78646,0,0,0,270,0,0,0
0,96.79744,0,0,0,270,0,0,0
0,96.80853,0,0,0,270,0,0,0
0,96.82008,0,0,0,270,0,0,0
0,96.83764,0,0,0,270,0,0,0
0,96.84888,0,0,0,270,0,0,0
0,96.85994,0,0,0,270,0,0,0
0,96.8731,0,0,0,270,0,0,0
0,96.88545,0,0,0,270,0,0,0
0,96.89875,0,0,0,270,0,0,0
0,96.90929,0,0,0,270,0,0,0
0,96.92012,0,0,0,270,0,0,0
0,96.93074,0,0,0,270,0,0,0
0,96.9395,0,0,0,270,0,0,0
0,96.94812,0,0,0,270,0,0,0
0,96.96,0,0,0,270,0,0,0
0,96.97327,0,0,0,270,0,0,0
0,96.98701,0,0,0,270,0,0,0
0,96.99899,0,0,0,270,0,0,0
0,97.01046,0,0,0,270,0,0,0
0,97.02296,0,0,0,270,0,0,0
0,97.03471,0,0,0,270,0,0,0
0,97.06279,0,0,0,270,0,0,0
0,97.08711,0,0,0,270,0,0,0
0,97.09848,0,0,0,270,0,0,0
0,97.11063,0,0,0,270,0,0,0
0,97.12284,0,0,0,270,0,0,0
0,97.13403,0,0,0,270,0,0,0
0,97.14589,0,0,0,270,0,0,0
0,97.15668,0,0,0,270,0,0,0
0,97.16609,0,0,0,270,0,0,0
0,97.1763,0,0,0,270,0,0,0
0,97.18625,0,0,0,270,0,0,0
0,97.19538,0,0,0,270,0,0,0
0,97.20792,0,0,0,270,0,0,0
0,97.22009,0,0,0,270,0,0,0
0,97.23939,0,0,0,270,0,0,0
0,97.25117,0,0,0,270,0,0,0
0,97.26583,0,0,0,270,0,0,0
0,97.27949,0,0,0,270,0,0,0
0,97.30009,0,0,0,270,0,0,0
0,97.32345,0,0,0,270,0,0,0
0,97.34222,0,0,0,270,0,0,0
0,97.36551,0,0,0,270,0,0,0
0,97.3836,0,0,0,270,0,0,0
0,97.40142,0,0,0,270,0,0,0
0,97.42229,0,0,0,270,0,0,0
0,97.44017,0,0,0,270,0,0,0
0,97.45808,0,0,0,270,0,0,0
0,97.47247,0,0,0,270,0,0,0
0,97.49313,0,0,0,270,0,0,0
0,97.50842,0,0,0,270,0,0,0
0,97.52406,0,0,0,270,0,0,0
0,97.53549,0,0,0,270,0,0,0
0,97.54647,0,0,0,270,0,0,0
0,97.55758,0,0,0,270,0,0,0
0,97.56995,0,0,0,270,0,0,0
0,97.58269,0,0,0,270,0,0,0
0,97.59606,0,0,0,270,0,0,0
0,97.60976,0,0,0,270,0,0,0
0,97.6212,0,0,0,270,0,0,0
0,97.63187,0,0,0,270,0,0,0
0,97.64559,0,0,0,270,0,0,0
0,97.66168,0,0,0,270,0,0,0
0,97.68493,0,0,0,270,0,0,0
0,97.69839,0,0,0,270,0,0,0
0,97.71056,0,0,0,270,0,0,0
0,97.72225,0,0,0,270,0,0,0
0,97.73386,0,0,0,270,0,0,0
0,97.74549,0,0,0,270,0,0,0
0,97.75707,0,0,0,270,0,0,0
0,97.76744,0,0,0,270,0,0,0
0,97.7787,0,0,0,270,0,0,0
0,97.79071,0,0,0,270,0,0,0
0,97.80192,0,0,0,270,0,0,0
0,97.81363,0,0,0,270,0,0,0
0,97.82482,0,0,0,270,0,0,0
0,97.83553,0,0,0,270,0,0,0
0,97.84792,0,0,0,270,0,0,0
0,97.8585,0,0,0,270,0,0,0
0,97.87023,0,0,0,270,0,0,0
0,97.88159,0,0,0,270,0,0,0
0,97.90765,0,0,0,270,0,0,0
0,97.9361,0,0,0,270,0,0,0
0,97.95109,0,0,0,270,0,0,0
0,97.96334,0,0,0,270,0,0,0
0,97.97683,0,0,0,270,0,0,0
0,97.99061,0,0,0,270,0,0,0
0,98.00507,0,0,0,270,0,0,0
0,98.0184,0,0,0,270,0,0,0
0,98.03289,0,0,0,270,0,0,0
0,98.04428,0,0,0,270,0,0,0
0,98.0569,0,0,0,270,0,0,0
0,98.06834,0,0,0,270,0,0,0
0,98.07861,0,0,0,270,0,0,0
0,98.08891,0,0,0,270,0,0,0
0,98.1006,0,0,0,270,0,0,0
0,98.11196,0,0,0,270,0,0,0
0,98.12386,0,0,0,270,0,0,0
0,98.1356,0,0,0,270,0,0,0
0,98.14737,0,0,0,270,0,0,0
0,98.16054,0,0,0,270,0,0,0
0,98.17204,0,0,0,270,0,0,0
0,98.18587,0,0,0,270,0,0,0
0,98.2007,0,0,0,270,0,0,0
0,98.21542,0,0,0,270,0,0,0
0,98.22887,0,0,0,270,0,0,0
0,98.2453,0,0,0,270,0,0,0
0,98.26735,0,0,0,270,0,0,0
0,98.28778,0,0,0,270,0,0,0
0,98.29977,0,0,0,270,0,0,0
0,98.31237,0,0,0,270,0,0,0
0,98.32375,0,0,0,270,0,0,0
0,98.33595,0,0,0,270,0,0,0
0,98.3477,0,0,0,270,0,0,0
0,98.35807,0,0,0,270,0,0,0
0,98.37066,0,0,0,270,0,0,0
0,98.38449,0,0,0,270,0,0,0
0,98.39661,0,0,0,270,0,0,0
0,98.413,0,0,0,270,0,0,0
0,98.42467,0,0,0,270,0,0,0
0,98.4371,0,0,0,270,0,0,0
0,98.44897,0,0,0,270,0,0,0
0,98.46203,0,0,0,270,0,0,0
0,98.47548,0,0,0,270,0,0,0
0,98.48856,0,0,0,270,0,0,0
0,98.49998,0,0,0,270,0,0,0
0,98.51145,0,0,0,270,0,0,0
0,98.52351,0,0,0,270,0,0,0
0,98.53526,0,0,0,270,0,0,0
0,98.54563,0,0,0,270,0,0,0
0,98.55976,0,0,0,270,0,0,0
0,98.57447,0,0,0,270,0,0,0
0,98.58556,0,0,0,270,0,0,0
0,98.59612,0,0,0,270,0,0,0
0,98.60764,0,0,0,270,0,0,0
0,98.61926,0,0,0,270,0,0,0
0,98.63447,0,0,0,270,0,0,0
0,98.64565,0,0,0,270,0,0,0
0,98.65543,0,0,0,270,0,0,0
0,98.6691,0,0,0,270,0,0,0
0,98.68199,0,0,0,270,0,0,0
0,98.69352,0,0,0,270,0,0,0
0,98.71491,0,0,0,270,0,0,0
0,98.72922,0,0,0,270,0,0,0
0,98.74178,0,0,0,270,0,0,0
0,98.75431,0,0,0,270,0,0,0
0,98.76736,0,0,0,270,0,0,0
0,98.7881,0,0,0,270,0,0,0
0,98.80019,0,0,0,270,0,0,0
0,98.81297,0,0,0,270,0,0,0
0,98.82511,0,0,0,270,0,0,0
0,98.8378,0,0,0,270,0,0,0
0,98.84999,0,0,0,270,0,0,0
0,98.86265,0,0,0,270,0,0,0
0,98.87402,0,0,0,270,0,0,0
0,98.88538,0,0,0,270,0,0,0
0,98.89561,0,0,0,270,0,0,0
0,98.90565,0,0,0,270,0,0,0
0,98.91615,0,0,0,270,0,0,0
0,98.92751,0,0,0,270,0,0,0
0,98.93945,0,0,0,270,0,0,0
0,98.95084,0,0,0,270,0,0,0
0,98.96203,0,0,0,270,0,0,0
0,98.97338,0,0,0,270,0,0,0
0,98.98583,0,0,0,270,0,0,0
0,98.99902,0,0,0,270,0,0,0
0,99.01575,0,0,0,270,0,0,0
0,99.02657,0,0,0,270,0,0,0
0,99.03862,0,0,0,270,0,0,0
0,99.05087,0,0,0,270,0,0,0
0,99.06284,0,0,0,270,0,0,0
0,99.07562,0,0,0,270,0,0,0
0,99.08724,0,0,0,270,0,0,0
0,99.09973,0,0,0,270,0,0,0
0,99.11097,0,0,0,270,0,0,0
0,99.12263,0,0,0,270,0,0,0
0,99.13441,0,0,0,270,0,0,0
0,99.14628,0,0,0,270,0,0,0
0,99.15707,0,0,0,270,0,0,0
0,99.16858,0,0,0,270,0,0,0
0,99.18022,0,0,0,270,0,0,0
0,99.19072,0,0,0,270,0,0,0
0,99.20324,0,0,0,270,0,0,0
0,99.21746,0,0,0,270,0,0,0
0,99.23412,0,0,0,270,0,0,0
0,99.24615,0,0,0,270,0,0,0
0,99.25861,0,0,0,270,0,0,0
0,99.27288,0,0,0,270,0,0,0
0,99.29412,0,0,0,270,0,0,0
0,99.31063,0,0,0,270,0,0,0
0,99.34024,0,0,0,270,0,0,0
0,99.35614,0,0,0,270,0,0,0
0,99.37042,0,0,0,270,0,0,0
0,99.38589,0,0,0,270,0,0,0
0,99.39837,0,0,0,270,0,0,0
0,99.41045,0,0,0,270,0,0,0
0,99.42184,0,0,0,270,0,0,0
0,99.43338,0,0,0,270,0,0,0
0,99.44479,0,0,0,270,0,0,0
0,99.45714,0,0,0,270,0,0,0
0,99.46992,0,0,0,270,0,0,0
0,99.48272,0,0,0,270,0,0,0
0,99.49564,0,0,0,270,0,0,0
0,99.50719,0,0,0,270,0,0,0
0,99.51872,0,0,0,270,0,0,0
0,99.53216,0,0,0,270,0,0,0
0,99.54443,0,0,0,270,0,0,0
0,99.55659,0,0,0,270,0,0,0
0,99.56911,0,0,0,270,0,0,0
0,99.58271,0,0,0,270,0,0,0
0,99.59676,0,0,0,270,0,0,0
0,99.61348,0,0,0,270,0,0,0
0,99.63042,0,0,0,270,0,0,0
0,99.6431,0,0,0,270,0,0,0
0,99.65969,0,0,0,270,0,0,0
0,99.67381,0,0,0,270,0,0,0
0,99.7026,0,0,0,270,0,0,0
0,99.72164,0,0,0,270,0,0,0
0,99.73837,0,0,0,270,0,0,0
0,99.75278,0,0,0,270,0,0,0
0,99.77079,0,0,0,270,0,0,0
0,99.78277,0,0,0,270,0,0,0
0,99.79634,0,0,0,270,0,0,0
0,99.80994,0,0,0,270,0,0,0
0,99.82556,0,0,0,270,0,0,0
0,99.83801,0,0,0,270,0,0,0
0,99.84995,0,0,0,270,0,0,0
0,99.86325,0,0,0,270,0,0,0
0,99.87569,0,0,0,270,0,0,0
0,99.88624,0,0,0,270,0,0,0
0,99.89927,0,0,0,270,0,0,0
0,99.9121,0,0,0,270,0,0,0
0,99.93152,0,0,0,270,0,0,0
0,99.95163,0,0,0,270,0,0,0
0,99.96342,0,0,0,270,0,0,0
0,99.97729,0,0,0,270,0,0,0
0,99.99403,0,0,0,270,0,0,0
0,100.0062,0,0,0,270,0,0,0
0,100.0205,0,0,0,270,0,0,0
0,100.0332,0,0,0,270,0,0,0
0,100.0467,0,0,0,270,0,0,0
0,100.0597,0,0,0,270,0,0,0
0,100.0728,0,0,0,270,0,0,0
0,100.0872,0,0,0,270,0,0,0
0,100.0991,0,0,0,270,0,0,0
0,100.1128,0,0,0,270,0,0,0
0,100.1251,0,0,0,270,0,0,0
0,100.1356,0,0,0,270,0,0,0
0,100.1472,0,0,0,270,0,0,0
0,100.1568,0,0,0,270,0,0,0
0,100.166,0,0,0,270,0,0,0
0,100.1755,0,0,0,270,0,0,0
0,100.1872,0,0,0,270,0,0,0
0,100.1998,0,0,0,270,0,0,0
0,100.211,0,0,0,270,0,0,0
0,100.2227,0,0,0,270,0,0,0
0,100.2342,0,0,0,270,0,0,0
0,100.2446,0,0,0,270,0,0,0
0,100.2564,0,0,0,270,0,0,0
0,100.2689,0,0,0,270,0,0,0
0,100.2805,0,0,0,270,0,0,0
0,100.291,0,0,0,270,0,0,0
0,100.3032,0,0,0,270,0,0,0
0,100.3153,0,0,0,270,0,0,0
0,100.3269,0,0,0,270,0,0,0
0,100.3383,0,0,0,270,0,0,0
0,100.35,0,0,0,270,0,0,0
0,100.3622,0,0,0,270,0,0,0
0,100.3811,0,0,0,270,0,0,0
0,100.4013,0,0,0,270,0,0,0
0,100.4169,0,0,0,270,0,0,0
0,100.4352,0,0,0,270,0,0,0
0,100.4504,0,0,0,270,0,0,0
0,100.4782,0,0,0,270,0,0,0
0,100.4956,0,0,0,270,0,0,0
0,100.5072,0,0,0,270,0,0,0
0,100.5212,0,0,0,270,0,0,0
0,100.532,0,0,0,270,0,0,0
0,100.5424,0,0,0,270,0,0,0
0,100.553,0,0,0,270,0,0,0
0,100.5645,0,0,0,270,0,0,0
0,100.573,0,0,0,270,0,0,0
0,100.5843,0,0,0,270,0,0,0
0,100.5958,0,0,0,270,0,0,0
0,100.6083,0,0,0,270,0,0,0
0,100.6206,0,0,0,270,0,0,0
0,100.6325,0,0,0,270,0,0,0
0,100.6467,0,0,0,270,0,0,0
0,100.6606,0,0,0,270,0,0,0
0,100.6727,0,0,0,270,0,0,0
0,100.6894,0,0,0,270,0,0,0
0,100.7018,0,0,0,270,0,0,0
0,100.7161,0,0,0,270,0,0,0
0,100.7349,0,0,0,270,0,0,0
0,100.7596,0,0,0,270,0,0,0
0,100.7881,0,0,0,270,0,0,0
0,100.8046,0,0,0,270,0,0,0
0,100.8222,0,0,0,270,0,0,0
0,100.8361,0,0,0,270,0,0,0
0,100.8571,0,0,0,270,0,0,0
0,100.8708,0,0,0,270,0,0,0
0,100.8833,0,0,0,270,0,0,0
0,100.8961,0,0,0,270,0,0,0
0,100.9115,0,0,0,270,0,0,0
0,100.9244,0,0,0,270,0,0,0
0,100.9393,0,0,0,270,0,0,0
0,100.9519,0,0,0,270,0,0,0
0,100.9646,0,0,0,270,0,0,0
0,100.9765,0,0,0,270,0,0,0
0,100.9887,0,0,0,270,0,0,0
0,101.0017,0,0,0,270,0,0,0
0,101.0156,0,0,0,270,0,0,0
0,101.0286,0,0,0,270,0,0,0
0,101.0412,0,0,0,270,0,0,0
0,101.0552,0,0,0,270,0,0,0
0,101.0668,0,0,0,270,0,0,0
0,101.0759,0,0,0,270,0,0,0
0,101.0877,0,0,0,270,0,0,0
0,101.0991,0,0,0,270,0,0,0
0,101.1106,0,0,0,270,0,0,0
0,101.1209,0,0,0,270,0,0,0
0,101.1316,0,0,0,270,0,0,0
0,101.145,0,0,0,270,0,0,0
0,101.1584,0,0,0,270,0,0,0
0,101.1701,0,0,0,270,0,0,0
0,101.1911,0,0,0,270,0,0,0
0,101.2362,0,0,0,270,0,0,0
0,101.2563,0,0,0,270,0,0,0
0,101.2653,0,0,0,270,0,0,0
0,101.2723,0,0,0,270,0,0,0
0,101.2803,0,0,0,270,0,0,0
0,101.2881,0,0,0,270,0,0,0
0,101.2952,0,0,0,270,0,0,0
0,101.3033,0,0,0,270,0,0,0
0,101.3098,0,0,0,270,0,0,0
0,101.3168,0,0,0,270,0,0,0
0,101.3231,0,0,0,270,0,0,0
0,101.3297,0,0,0,270,0,0,0
0,101.3355,0,0,0,270,0,0,0
0,101.342,0,0,0,270,0,0,0
0,101.3479,0,0,0,270,0,0,0
0,101.354,0,0,0,270,0,0,0
0,101.3592,0,0,0,270,0,0,0
0,101.3654,0,0,0,270,0,0,0
0,101.3713,0,0,0,270,0,0,0
0,101.3783,0,0,0,270,0,0,0
0,101.3891,0,0,0,270,0,0,0
0,101.3996,0,0,0,270,0,0,0
0,101.4129,0,0,0,270,0,0,0
0,101.4394,0,0,0,270,0,0,0
0,101.4522,0,0,0,270,0,0,0
0,101.4597,0,0,0,270,0,0,0
0,101.4664,0,0,0,270,0,0,0
0,101.4729,0,0,0,270,0,0,0
0,101.4798,0,0,0,270,0,0,0
0,101.4874,0,0,0,270,0,0,0
0,101.4938,0,0,0,270,0,0,0
0,101.5011,0,0,0,270,0,0,0
0,101.5071,0,0,0,270,0,0,0
0,101.513,0,0,0,270,0,0,0
0,101.5211,0,0,0,270,0,0,0
0,101.5284,0,0,0,270,0,0,0
0,101.5351,0,0,0,270,0,0,0
0,101.5404,0,0,0,270,0,0,0
0,101.5469,0,0,0,270,0,0,0
0,101.5598,0,0,0,270,0,0,0
0,101.5889,0,0,0,270,0,0,0
0,101.6133,0,0,0,270,0,0,0
0,101.6319,0,0,0,270,0,0,0
0,101.6484,0,0,0,270,0,0,0
0,101.6569,0,0,0,270,0,0,0
0,101.6644,0,0,0,270,0,0,0
0,101.6711,0,0,0,270,0,0,0
0,101.6919,0,0,0,270,0,0,0
0,101.7078,0,0,0,270,0,0,0
0,101.7254,0,0,0,270,0,0,0
0,101.7321,0,0,0,270,0,0,0
0,101.7396,0,0,0,270,0,0,0
0,101.7499,0,0,0,270,0,0,0
0,101.7587,0,0,0,270,0,0,0
0,101.7685,0,0,0,270,0,0,0
0,101.7775,0,0,0,270,0,0,0
0,101.7918,0,0,0,270,0,0,0
0,101.8165,0,0,0,270,0,0,0
0,101.8258,0,0,0,270,0,0,0
0,101.8372,0,0,0,270,0,0,0
0,101.8508,0,0,0,270,0,0,0
0,101.8818,0,0,0,270,0,0,0
0,101.889,0,0,0,270,0,0,0
0,101.8991,0,0,0,270,0,0,0
0,101.9125,0,0,0,270,0,0,0
0,101.9222,0,0,0,270,0,0,0
0,101.9288,0,0,0,270,0,0,0
0,101.9364,0,0,0,270,0,0,0
0,101.9559,0,0,0,270,0,0,0
0,101.9626,0,0,0,270,0,0,0
0,101.9797,0,0,0,270,0,0,0
0,101.9883,0,0,0,270,0,0,0
0,101.9948,0,0,0,270,0,0,0
0,102.0033,0,0,0,270,0,0,0
0,102.0101,0,0,0,270,0,0,0
0,102.0195,0,0,0,270,0,0,0
0,102.0253,0,0,0,270,0,0,0
0,102.0328,0,0,0,270,0,0,0
0,102.0389,0,0,0,270,0,0,0
0,102.0462,0,0,0,270,0,0,0
0,102.0541,0,0,0,270,0,0,0
0,102.0606,0,0,0,270,0,0,0
0,102.0671,0,0,0,270,0,0,0
0,102.0743,0,0,0,270,0,0,0
0,102.0813,0,0,0,270,0,0,0
0,102.0884,0,0,0,270,0,0,0
0,102.0956,0,0,0,270,0,0,0
0,102.1029,0,0,0,270,0,0,0
0,102.11,0,0,0,270,0,0,0
0,102.1169,0,0,0,270,0,0,0
0,102.1238,0,0,0,270,0,0,0
0,102.1294,0,0,0,270,0,0,0
0,102.1355,0,0,0,270,0,0,0
0,102.1427,0,0,0,270,0,0,0
0,102.1489,0,0,0,270,0,0,0
0,102.1561,0,0,0,270,0,0,0
0,102.1619,0,0,0,270,0,0,0
0,102.1678,0,0,0,270,0,0,0
0,102.1751,0,0,0,270,0,0,0
0,102.1823,0,0,0,270,0,0,0
0,102.1891,0,0,0,270,0,0,0
0,102.1959,0,0,0,270,0,0,0
0,102.2032,0,0,0,270,0,0,0
0,102.2112,0,0,0,270,0,0,0
0,102.217,0,0,0,270,0,0,0
0,102.2241,0,0,0,270,0,0,0
0,102.2311,0,0,0,270,0,0,0
0,102.2385,0,0,0,270,0,0,0
0,102.2461,0,0,0,270,0,0,0
0,102.253,0,0,0,270,0,0,0
0,102.2589,0,0,0,270,0,0,0
0,102.2658,0,0,0,270,0,0,0
0,102.2717,0,0,0,270,0,0,0
0,102.278,0,0,0,270,0,0,0
0,102.2848,0,0,0,270,0,0,0
0,102.292,0,0,0,270,0,0,0
0,102.2988,0,0,0,270,0,0,0
0,102.3056,0,0,0,270,0,0,0
0,102.3124,0,0,0,270,0,0,0
0,102.3183,0,0,0,270,0,0,0
0,102.3244,0,0,0,270,0,0,0
0,102.3306,0,0,0,270,0,0,0
0,102.3369,0,0,0,270,0,0,0
0,102.3435,0,0,0,270,0,0,0
0,102.3485,0,0,0,270,0,0,0
0,102.3541,0,0,0,270,0,0,0
0,102.3601,0,0,0,270,0,0,0
0,102.3668,0,0,0,270,0,0,0
0,102.3726,0,0,0,270,0,0,0
0,102.379,0,0,0,270,0,0,0
0,102.385,0,0,0,270,0,0,0
0,102.3915,0,0,0,270,0,0,0
0,102.3979,0,0,0,270,0,0,0
0,102.4044,0,0,0,270,0,0,0
0,102.4111,0,0,0,270,0,0,0
0,102.4171,0,0,0,270,0,0,0
0,102.425,0,0,0,270,0,0,0
0,102.4314,0,0,0,270,0,0,0
0,102.4376,0,0,0,270,0,0,0
0,102.4454,0,0,0,270,0,0,0
0,102.4516,0,0,0,270,0,0,0
0,102.4597,0,0,0,270,0,0,0
0,102.4673,0,0,0,270,0,0,0
0,102.4735,0,0,0,270,0,0,0
0,102.4804,0,0,0,270,0,0,0
0,102.4879,0,0,0,270,0,0,0
0,102.4939,0,0,0,270,0,0,0
0,102.4999,0,0,0,270,0,0,0
0,102.5056,0,0,0,270,0,0,0
0,102.5117,0,0,0,270,0,0,0
0,102.5177,0,0,0,270,0,0,0
0,102.5239,0,0,0,270,0,0,0
0,102.5293,0,0,0,270,0,0,0
0,102.5348,0,0,0,270,0,0,0
0,102.5403,0,0,0,270,0,0,0
0,102.5474,0,0,0,270,0,0,0
0,102.5535,0,0,0,270,0,0,0
0,102.5593,0,0,0,270,0,0,0
0,102.5657,0,0,0,270,0,0,0
0,102.5852,0,0,0,270,0,0,0
0,102.6026,0,0,0,270,0,0,0
0,102.6102,0,0,0,270,0,0,0
0,102.616,0,0,0,270,0,0,0
0,102.6227,0,0,0,270,0,0,0
0,102.6303,0,0,0,270,0,0,0
0,102.6365,0,0,0,270,0,0,0
0,102.6442,0,0,0,270,0,0,0
0,102.6505,0,0,0,270,0,0,0
0,102.6574,0,0,0,270,0,0,0
0,102.6633,0,0,0,270,0,0,0
0,102.6707,0,0,0,270,0,0,0
0,102.678,0,0,0,270,0,0,0
0,102.684,0,0,0,270,0,0,0
0,102.6912,0,0,0,270,0,0,0
0,102.6983,0,0,0,270,0,0,0
0,102.7045,0,0,0,270,0,0,0
0,102.711,0,0,0,270,0,0,0
0,102.7166,0,0,0,270,0,0,0
0,102.723,0,0,0,270,0,0,0
0,102.7289,0,0,0,270,0,0,0
0,102.7357,0,0,0,270,0,0,0
0,102.7418,0,0,0,270,0,0,0
0,102.7481,0,0,0,270,0,0,0
0,102.7544,0,0,0,270,0,0,0
0,102.7612,0,0,0,270,0,0,0
0,102.7701,0,0,0,270,0,0,0
0,102.7795,0,0,0,270,0,0,0
0,102.7866,0,0,0,270,0,0,0
0,102.7928,0,0,0,270,0,0,0
0,102.8033,0,0,0,270,0,0,0
0,102.8264,0,0,0,270,0,0,0
0,102.8555,0,0,0,270,0,0,0
0,102.8625,0,0,0,270,0,0,0
0,102.8691,0,0,0,270,0,0,0
0,102.8755,0,0,0,270,0,0,0
0,102.8807,0,0,0,270,0,0,0
0,102.8866,0,0,0,270,0,0,0
0,102.8934,0,0,0,270,0,0,0
0,102.9003,0,0,0,270,0,0,0
0,102.9072,0,0,0,270,0,0,0
0,102.9141,0,0,0,270,0,0,0
0,102.921,0,0,0,270,0,0,0
0,102.9287,0,0,0,270,0,0,0
0,102.9354,0,0,0,270,0,0,0
0,102.9422,0,0,0,270,0,0,0
0,102.9477,0,0,0,270,0,0,0
0,102.9548,0,0,0,270,0,0,0
0,102.9618,0,0,0,270,0,0,0
0,102.9685,0,0,0,270,0,0,0
0,102.976,0,0,0,270,0,0,0
0,102.9837,0,0,0,270,0,0,0
0,102.9904,0,0,0,270,0,0,0
0,102.9974,0,0,0,270,0,0,0
0,103.0032,0,0,0,270,0,0,0
0,103.0096,0,0,0,270,0,0,0
0,103.0159,0,0,0,270,0,0,0
0,103.0222,0,0,0,270,0,0,0
0,103.0282,0,0,0,270,0,0,0
0,103.0349,0,0,0,270,0,0,0
0,103.0407,0,0,0,270,0,0,0
0,103.0468,0,0,0,270,0,0,0
0,103.0531,0,0,0,270,0,0,0
0,103.0582,0,0,0,270,0,0,0
0,103.0654,0,0,0,270,0,0,0
0,103.0714,0,0,0,270,0,0,0
0,103.0779,0,0,0,270,0,0,0
0,103.0832,0,0,0,270,0,0,0
0,103.0894,0,0,0,270,0,0,0
0,103.096,0,0,0,270,0,0,0
0,103.1024,0,0,0,270,0,0,0
0,103.1086,0,0,0,270,0,0,0
0,103.1159,0,0,0,270,0,0,0
0,103.1229,0,0,0,270,0,0,0
0,103.1305,0,0,0,270,0,0,0
0,103.1382,0,0,0,270,0,0,0
0,103.1455,0,0,0,270,0,0,0
0,103.1515,0,0,0,270,0,0,0
0,103.159,0,0,0,270,0,0,0
0,103.1658,0,0,0,270,0,0,0
0,103.1726,0,0,0,270,0,0,0
0,103.1796,0,0,0,270,0,0,0
0,103.1859,0,0,0,270,0,0,0
0,103.1929,0,0,0,270,0,0,0
0,103.2063,0,0,0,270,0,0,0
0,103.2128,0,0,0,270,0,0,0
0,103.2196,0,0,0,270,0,0,0
0,103.2258,0,0,0,270,0,0,0
0,103.2322,0,0,0,270,0,0,0
0,103.2389,0,0,0,270,0,0,0
0,103.2459,0,0,0,270,0,0,0
0,103.253,0,0,0,270,0,0,0
0,103.2592,0,0,0,270,0,0,0
0,103.2655,0,0,0,270,0,0,0
0,103.2715,0,0,0,270,0,0,0
0,103.2785,0,0,0,270,0,0,0
0,103.2848,0,0,0,270,0,0,0
0,103.2924,0,0,0,270,0,0,0
0,103.3,0,0,0,270,0,0,0
0,103.307,0,0,0,270,0,0,0
0,103.3156,0,0,0,270,0,0,0
0,103.3235,0,0,0,270,0,0,0
0,103.3306,0,0,0,270,0,0,0
0,103.336,0,0,0,270,0,0,0
0,103.3425,0,0,0,270,0,0,0
0,103.3484,0,0,0,270,0,0,0
0,103.3544,0,0,0,270,0,0,0
0,103.3608,0,0,0,270,0,0,0
0,103.367,0,0,0,270,0,0,0
0,103.3733,0,0,0,270,0,0,0
0,103.3793,0,0,0,270,0,0,0
0,103.3852,0,0,0,270,0,0,0
0,103.3924,0,0,0,270,0,0,0
0,103.3986,0,0,0,270,0,0,0
0,103.4042,0,0,0,270,0,0,0
0,103.4098,0,0,0,270,0,0,0
0,103.4151,0,0,0,270,0,0,0
0,103.4212,0,0,0,270,0,0,0
0,103.4273,0,0,0,270,0,0,0
0,103.4344,0,0,0,270,0,0,0
0,103.442,0,0,0,270,0,0,0
0,103.4476,0,0,0,270,0,0,0
0,103.4548,0,0,0,270,0,0,0
0,103.4607,0,0,0,270,0,0,0
0,103.4669,0,0,0,270,0,0,0
0,103.4753,0,0,0,270,0,0,0
0,103.4824,0,0,0,270,0,0,0
0,103.4885,0,0,0,270,0,0,0
0,103.4942,0,0,0,270,0,0,0
0,103.5018,0,0,0,270,0,0,0
0,103.5082,0,0,0,270,0,0,0
0,103.5151,0,0,0,270,0,0,0
0,103.5211,0,0,0,270,0,0,0
0,103.5268,0,0,0,270,0,0,0
0,103.5335,0,0,0,270,0,0,0
0,103.5388,0,0,0,270,0,0,0
0,103.5461,0,0,0,270,0,0,0
0,103.5512,0,0,0,270,0,0,0
0,103.5574,0,0,0,270,0,0,0
0,103.5652,0,0,0,270,0,0,0
0,103.5704,0,0,0,270,0,0,0
0,103.5769,0,0,0,270,0,0,0
0,103.583,0,0,0,270,0,0,0
0,103.5897,0,0,0,270,0,0,0
0,103.5963,0,0,0,270,0,0,0
0,103.6024,0,0,0,270,0,0,0
0,103.6084,0,0,0,270,0,0,0
0,103.614,0,0,0,270,0,0,0
0,103.619,0,0,0,270,0,0,0
0,103.6243,0,0,0,270,0,0,0
0,103.6296,0,0,0,270,0,0,0
0,103.635,0,0,0,270,0,0,0
0,103.6407,0,0,0,270,0,0,0
0,103.646,0,0,0,270,0,0,0
0,103.6508,0,0,0,270,0,0,0
0,103.6572,0,0,0,270,0,0,0
0,103.6629,0,0,0,270,0,0,0
0,103.6685,0,0,0,270,0,0,0
0,103.6741,0,0,0,270,0,0,0
0,103.6799,0,0,0,270,0,0,0
0,103.6847,0,0,0,270,0,0,0
0,103.6902,0,0,0,270,0,0,0
0,103.6954,0,0,0,270,0,0,0
0,103.7005,0,0,0,270,0,0,0
0,103.7056,0,0,0,270,0,0,0
0,103.7123,0,0,0,270,0,0,0
0,103.7177,0,0,0,270,0,0,0
0,103.7228,0,0,0,270,0,0,0
0,103.7273,0,0,0,270,0,0,0
0,103.7334,0,0,0,270,0,0,0
0,103.7381,0,0,0,270,0,0,0
0,103.7427,0,0,0,270,0,0,0
0,103.7484,0,0,0,270,0,0,0
0,103.7539,0,0,0,270,0,0,0
0,103.7584,0,0,0,270,0,0,0
0,103.7643,0,0,0,270,0,0,0
0,103.769,0,0,0,270,0,0,0
0,103.7737,0,0,0,270,0,0,0
0,103.7798,0,0,0,270,0,0,0
0,103.7844,0,0,0,270,0,0,0
0,103.7894,0,0,0,270,0,0,0
0,103.7942,0,0,0,270,0,0,0
0,103.8023,0,0,0,270,0,0,0
0,103.8097,0,0,0,270,0,0,0
0,103.8162,0,0,0,270,0,0,0
0,103.8219,0,0,0,270,0,0,0
0,103.8278,0,0,0,270,0,0,0
0,103.8339,0,0,0,270,0,0,0
0,103.8386,0,0,0,270,0,0,0
0,103.8443,0,0,0,270,0,0,0
0,103.8506,0,0,0,270,0,0,0
0,103.8602,0,0,0,270,0,0,0
0,103.874,0,0,0,270,0,0,0
0,103.8802,0,0,0,270,0,0,0
0,103.8861,0,0,0,270,0,0,0
0,103.8913,0,0,0,270,0,0,0
0,103.897,0,0,0,270,0,0,0
0,103.9023,0,0,0,270,0,0,0
0,103.9083,0,0,0,270,0,0,0
0,103.9132,0,0,0,270,0,0,0
0,103.9181,0,0,0,270,0,0,0
0,103.9236,0,0,0,270,0,0,0
0,103.9284,0,0,0,270,0,0,0
0,103.9335,0,0,0,270,0,0,0
0,103.9387,0,0,0,270,0,0,0
0,103.9439,0,0,0,270,0,0,0
0,103.9486,0,0,0,270,0,0,0
0,103.9541,0,0,0,270,0,0,0
0,103.9587,0,0,0,270,0,0,0
0,103.9641,0,0,0,270,0,0,0
0,103.9692,0,0,0,270,0,0,0
0,103.9748,0,0,0,270,0,0,0
0,103.9801,0,0,0,270,0,0,0
0,103.9868,0,0,0,270,0,0,0
0,103.9917,0,0,0,270,0,0,0
0,103.997,0,0,0,270,0,0,0
0,104.0031,0,0,0,270,0,0,0
0,104.009,0,0,0,270,0,0,0
0,104.0144,0,0,0,270,0,0,0
0,104.0204,0,0,0,270,0,0,0
0,104.0253,0,0,0,270,0,0,0
0,104.0307,0,0,0,270,0,0,0
0,104.0365,0,0,0,270,0,0,0
0,104.0416,0,0,0,270,0,0,0
0,104.0466,0,0,0,270,0,0,0
0,104.0528,0,0,0,270,0,0,0
0,104.0574,0,0,0,270,0,0,0
0,104.0626,0,0,0,270,0,0,0
0,104.0681,0,0,0,270,0,0,0
0,104.0728,0,0,0,270,0,0,0
0,104.0783,0,0,0,270,0,0,0
0,104.0834,0,0,0,270,0,0,0
0,104.09,0,0,0,270,0,0,0
0,104.0952,0,0,0,270,0,0,0
0,104.1005,0,0,0,270,0,0,0
0,104.1063,0,0,0,270,0,0,0
0,104.1119,0,0,0,270,0,0,0
0,104.1166,0,0,0,270,0,0,0
0,104.1224,0,0,0,270,0,0,0
0,104.1275,0,0,0,270,0,0,0
0,104.1332,0,0,0,270,0,0,0
0,104.1385,0,0,0,270,0,0,0
0,104.1442,0,0,0,270,0,0,0
0,104.1492,0,0,0,270,0,0,0
0,104.1542,0,0,0,270,0,0,0
0,104.1605,0,0,0,270,0,0,0
0,104.166,0,0,0,270,0,0,0
0,104.1718,0,0,0,270,0,0,0
0,104.1778,0,0,0,270,0,0,0
0,104.1865,0,0,0,270,0,0,0
0,104.1935,0,0,0,270,0,0,0
0,104.2008,0,0,0,270,0,0,0
0,104.2067,0,0,0,270,0,0,0
0,104.2135,0,0,0,270,0,0,0
0,104.2213,0,0,0,270,0,0,0
0,104.2271,0,0,0,270,0,0,0
0,104.2342,0,0,0,270,0,0,0
0,104.2401,0,0,0,270,0,0,0
0,104.2457,0,0,0,270,0,0,0
0,104.2509,0,0,0,270,0,0,0
0,104.2572,0,0,0,270,0,0,0
0,104.2625,0,0,0,270,0,0,0
0,104.2711,0,0,0,270,0,0,0
0,104.2778,0,0,0,270,0,0,0
0,104.2843,0,0,0,270,0,0,0
0,104.2922,0,0,0,270,0,0,0
0,104.2997,0,0,0,270,0,0,0
0,104.3057,0,0,0,270,0,0,0
0,104.3135,0,0,0,270,0,0,0
0,104.3209,0,0,0,270,0,0,0
0,104.3271,0,0,0,270,0,0,0
0,104.3339,0,0,0,270,0,0,0
0,104.3404,0,0,0,270,0,0,0
0,104.347,0,0,0,270,0,0,0
0,104.3545,0,0,0,270,0,0,0
0,104.362,0,0,0,270,0,0,0
0,104.371,0,0,0,270,0,0,0
0,104.3799,0,0,0,270,0,0,0
0,104.3873,0,0,0,270,0,0,0
0,104.3951,0,0,0,270,0,0,0
0,104.4036,0,0,0,270,0,0,0
0,104.4119,0,0,0,270,0,0,0
0,104.4202,0,0,0,270,0,0,0
0,104.4277,0,0,0,270,0,0,0
0,104.4358,0,0,0,270,0,0,0
0,104.4437,0,0,0,270,0,0,0
0,104.4502,0,0,0,270,0,0,0
0,104.458,0,0,0,270,0,0,0
0,104.4649,0,0,0,270,0,0,0
0,104.4714,0,0,0,270,0,0,0
0,104.4788,0,0,0,270,0,0,0
0,104.4866,0,0,0,270,0,0,0
0,104.4934,0,0,0,270,0,0,0
0,104.5014,0,0,0,270,0,0,0
0,104.5099,0,0,0,270,0,0,0
0,104.5183,0,0,0,270,0,0,0
0,104.5269,0,0,0,270,0,0,0
0,104.5343,0,0,0,270,0,0,0
0,104.5419,0,0,0,270,0,0,0
0,104.5486,0,0,0,270,0,0,0
0,104.563,0,0,0,270,0,0,0
0,104.5731,0,0,0,270,0,0,0
0,104.6044,0,0,0,270,0,0,0
0,104.6189,0,0,0,270,0,0,0
0,104.6412,0,0,0,270,0,0,0
0,104.6492,0,0,0,270,0,0,0
0,104.6596,0,0,0,270,0,0,0
0,104.6666,0,0,0,270,0,0,0
0,104.6759,0,0,0,270,0,0,0
0,104.684,0,0,0,270,0,0,0
0,104.6917,0,0,0,270,0,0,0
0,104.6987,0,0,0,270,0,0,0
0,104.7053,0,0,0,270,0,0,0
0,104.7113,0,0,0,270,0,0,0
0,104.7187,0,0,0,270,0,0,0
0,104.7259,0,0,0,270,0,0,0
0,104.7331,0,0,0,270,0,0,0
0,104.7383,0,0,0,270,0,0,0
0,104.744,0,0,0,270,0,0,0
0,104.7503,0,0,0,270,0,0,0
0,104.7572,0,0,0,270,0,0,0
0,104.7647,0,0,0,270,0,0,0
0,104.7705,0,0,0,270,0,0,0
0,104.7776,0,0,0,270,0,0,0
0,104.7841,0,0,0,270,0,0,0
0,104.7902,0,0,0,270,0,0,0
0,104.7978,0,0,0,270,0,0,0
0,104.8046,0,0,0,270,0,0,0
0,104.812,0,0,0,270,0,0,0
0,104.8175,0,0,0,270,0,0,0
0,104.8236,0,0,0,270,0,0,0
0,104.8312,0,0,0,270,0,0,0
0,104.8386,0,0,0,270,0,0,0
0,104.8456,0,0,0,270,0,0,0
0,104.8511,0,0,0,270,0,0,0
0,104.8578,0,0,0,270,0,0,0
0,104.8639,0,0,0,270,0,0,0
0,104.8695,0,0,0,270,0,0,0
0,104.8788,0,0,0,270,0,0,0
0,104.8891,0,0,0,270,0,0,0
0,104.8995,0,0,0,270,0,0,0
0,104.9076,0,0,0,270,0,0,0
0,104.9136,0,0,0,270,0,0,0
0,104.9206,0,0,0,270,0,0,0
0,104.9262,0,0,0,270,0,0,0
0,104.9315,0,0,0,270,0,0,0
0,104.9367,0,0,0,270,0,0,0
0,104.9426,0,0,0,270,0,0,0
0,104.9485,0,0,0,270,0,0,0
0,104.9557,0,0,0,270,0,0,0
0,104.9625,0,0,0,270,0,0,0
0,104.9732,0,0,0,270,0,0,0
0,104.9836,0,0,0,270,0,0,0
0,104.9897,0,0,0,270,0,0,0
0,104.9973,0,0,0,270,0,0,0
0,105.0156,0,0,0,270,0,0,0
0,105.0319,0,0,0,270,0,0,0
0,105.0472,0,0,0,270,0,0,0
0,105.0633,0,0,0,270,0,0,0
0,105.07,0,0,0,270,0,0,0
0,105.0776,0,0,0,270,0,0,0
0,105.1023,0,0,0,270,0,0,0
0,105.11,0,0,0,270,0,0,0
0,105.1168,0,0,0,270,0,0,0
0,105.1252,0,0,0,270,0,0,0
0,105.1307,0,0,0,270,0,0,0
0,105.1362,0,0,0,270,0,0,0
0,105.1428,0,0,0,270,0,0,0
0,105.1491,0,0,0,270,0,0,0
0,105.1545,0,0,0,270,0,0,0
0,105.1601,0,0,0,270,0,0,0
0,105.1658,0,0,0,270,0,0,0
0,105.1713,0,0,0,270,0,0,0
0,105.1769,0,0,0,270,0,0,0
0,105.1819,0,0,0,270,0,0,0
0,105.1875,0,0,0,270,0,0,0
0,105.1924,0,0,0,270,0,0,0
0,105.1972,0,0,0,270,0,0,0
0,105.2024,0,0,0,270,0,0,0
0,105.2068,0,0,0,270,0,0,0
0,105.2119,0,0,0,270,0,0,0
0,105.2169,0,0,0,270,0,0,0
0,105.2218,0,0,0,270,0,0,0
0,105.2263,0,0,0,270,0,0,0
0,105.2317,0,0,0,270,0,0,0
0,105.2367,0,0,0,270,0,0,0
0,105.2422,0,0,0,270,0,0,0
0,105.2475,0,0,0,270,0,0,0
0,105.2528,0,0,0,270,0,0,0
0,105.2574,0,0,0,270,0,0,0
0,105.2624,0,0,0,270,0,0,0
0,105.2677,0,0,0,270,0,0,0
0,105.2726,0,0,0,270,0,0,0
0,105.2783,0,0,0,270,0,0,0
0,105.2835,0,0,0,270,0,0,0
0,105.289,0,0,0,270,0,0,0
0,105.2944,0,0,0,270,0,0,0
0,105.3,0,0,0,270,0,0,0
0,105.3046,0,0,0,270,0,0,0
0,105.3103,0,0,0,270,0,0,0
0,105.3156,0,0,0,270,0,0,0
0,105.3209,0,0,0,270,0,0,0
0,105.3262,0,0,0,270,0,0,0
0,105.3316,0,0,0,270,0,0,0
0,105.3365,0,0,0,270,0,0,0
0,105.3415,0,0,0,270,0,0,0
0,105.3463,0,0,0,270,0,0,0
0,105.3509,0,0,0,270,0,0,0
0,105.3565,0,0,0,270,0,0,0
0,105.3616,0,0,0,270,0,0,0
0,105.3664,0,0,0,270,0,0,0
0,105.3714,0,0,0,270,0,0,0
0,105.3767,0,0,0,270,0,0,0
0,105.3828,0,0,0,270,0,0,0
0,105.3903,0,0,0,270,0,0,0
0,105.3962,0,0,0,270,0,0,0
0,105.402,0,0,0,270,0,0,0
0,105.4081,0,0,0,270,0,0,0
0,105.4142,0,0,0,270,0,0,0
0,105.4205,0,0,0,270,0,0,0
0,105.4263,0,0,0,270,0,0,0
0,105.4323,0,0,0,270,0,0,0
0,105.439,0,0,0,270,0,0,0
0,105.4451,0,0,0,270,0,0,0
0,105.4503,0,0,0,270,0,0,0
0,105.4573,0,0,0,270,0,0,0
0,105.4628,0,0,0,270,0,0,0
0,105.4688,0,0,0,270,0,0,0
0,105.476,0,0,0,270,0,0,0
0,105.4836,0,0,0,270,0,0,0
0,105.4969,0,0,0,270,0,0,0
0,105.5042,0,0,0,270,0,0,0
0,105.5264,0,0,0,270,0,0,0
0,105.548,0,0,0,270,0,0,0
0,105.5679,0,0,0,270,0,0,0
0,105.5821,0,0,0,270,0,0,0
0,105.591,0,0,0,270,0,0,0
0,105.6007,0,0,0,270,0,0,0
0,105.6105,0,0,0,270,0,0,0
0,105.6171,0,0,0,270,0,0,0
0,105.6231,0,0,0,270,0,0,0
0,105.6294,0,0,0,270,0,0,0
0,105.6355,0,0,0,270,0,0,0
0,105.6423,0,0,0,270,0,0,0
0,105.6486,0,0,0,270,0,0,0
0,105.6552,0,0,0,270,0,0,0
0,105.6604,0,0,0,270,0,0,0
0,105.6733,0,0,0,270,0,0,0
0,105.68,0,0,0,270,0,0,0
0,105.6869,0,0,0,270,0,0,0
0,105.6932,0,0,0,270,0,0,0
0,105.6994,0,0,0,270,0,0,0
0,105.7064,0,0,0,270,0,0,0
0,105.714,0,0,0,270,0,0,0
0,105.7213,0,0,0,270,0,0,0
0,105.7275,0,0,0,270,0,0,0
0,105.7348,0,0,0,270,0,0,0
0,105.7426,0,0,0,270,0,0,0
0,105.7503,0,0,0,270,0,0,0
0,105.758,0,0,0,270,0,0,0
0,105.7655,0,0,0,270,0,0,0
0,105.7725,0,0,0,270,0,0,0
0,105.7793,0,0,0,270,0,0,0
0,105.7863,0,0,0,270,0,0,0
0,105.7918,0,0,0,270,0,0,0
0,105.7993,0,0,0,270,0,0,0
0,105.806,0,0,0,270,0,0,0
0,105.8137,0,0,0,270,0,0,0
0,105.8208,0,0,0,270,0,0,0
0,105.8269,0,0,0,270,0,0,0
0,105.8342,0,0,0,270,0,0,0
0,105.8403,0,0,0,270,0,0,0
0,105.8482,0,0,0,270,0,0,0
0,105.8564,0,0,0,270,0,0,0
0,105.863,0,0,0,270,0,0,0
0,105.8694,0,0,0,270,0,0,0
0,105.8771,0,0,0,270,0,0,0
0,105.8823,0,0,0,270,0,0,0
0,105.8887,0,0,0,270,0,0,0
0,105.8951,0,0,0,270,0,0,0
0,105.9013,0,0,0,270,0,0,0
0,105.9107,0,0,0,270,0,0,0
0,105.9249,0,0,0,270,0,0,0
0,105.9401,0,0,0,270,0,0,0
0,105.9471,0,0,0,270,0,0,0
0,105.9568,0,0,0,270,0,0,0
0,105.9628,0,0,0,270,0,0,0
0,105.9701,0,0,0,270,0,0,0
0,105.977,0,0,0,270,0,0,0
0,105.9837,0,0,0,270,0,0,0
0,105.9921,0,0,0,270,0,0,0
0,106.0008,0,0,0,270,0,0,0
0,106.006,0,0,0,270,0,0,0
0,106.0117,0,0,0,270,0,0,0
0,106.0182,0,0,0,270,0,0,0
0,106.0238,0,0,0,270,0,0,0
0,106.0305,0,0,0,270,0,0,0
0,106.0357,0,0,0,270,0,0,0
0,106.0405,0,0,0,270,0,0,0
0,106.0462,0,0,0,270,0,0,0
0,106.0518,0,0,0,270,0,0,0
0,106.0572,0,0,0,270,0,0,0
0,106.0629,0,0,0,270,0,0,0
0,106.0694,0,0,0,270,0,0,0
0,106.0766,0,0,0,270,0,0,0
0,106.0836,0,0,0,270,0,0,0
0,106.0898,0,0,0,270,0,0,0
0,106.0948,0,0,0,270,0,0,0
0,106.1012,0,0,0,270,0,0,0
0,106.1064,0,0,0,270,0,0,0
0,106.1137,0,0,0,270,0,0,0
0,106.1199,0,0,0,270,0,0,0
0,106.1255,0,0,0,270,0,0,0
0,106.1348,0,0,0,270,0,0,0
0,106.1419,0,0,0,270,0,0,0
0,106.1475,0,0,0,270,0,0,0
0,106.1551,0,0,0,270,0,0,0
0,106.1608,0,0,0,270,0,0,0
0,106.1673,0,0,0,270,0,0,0
0,106.173,0,0,0,270,0,0,0
0,106.1802,0,0,0,270,0,0,0
0,106.1866,0,0,0,270,0,0,0
0,106.1926,0,0,0,270,0,0,0
0,106.199,0,0,0,270,0,0,0
0,106.2064,0,0,0,270,0,0,0
0,106.2121,0,0,0,270,0,0,0
0,106.2175,0,0,0,270,0,0,0
0,106.2236,0,0,0,270,0,0,0
0,106.228,0,0,0,270,0,0,0
0,106.2333,0,0,0,270,0,0,0
0,106.242,0,0,0,270,0,0,0
0,106.2486,0,0,0,270,0,0,0
0,106.2551,0,0,0,270,0,0,0
0,106.2606,0,0,0,270,0,0,0
0,106.2676,0,0,0,270,0,0,0
0,106.2731,0,0,0,270,0,0,0
0,106.2783,0,0,0,270,0,0,0
0,106.284,0,0,0,270,0,0,0
0,106.2907,0,0,0,270,0,0,0
0,106.2961,0,0,0,270,0,0,0
0,106.3027,0,0,0,270,0,0,0
0,106.3083,0,0,0,270,0,0,0
0,106.3136,0,0,0,270,0,0,0
0,106.3195,0,0,0,270,0,0,0
0,106.3263,0,0,0,270,0,0,0
0,106.3427,0,0,0,270,0,0,0
0,106.3623,0,0,0,270,0,0,0
0,106.3686,0,0,0,270,0,0,0
0,106.3764,0,0,0,270,0,0,0
0,106.3824,0,0,0,270,0,0,0
0,106.3904,0,0,0,270,0,0,0
0,106.4054,0,0,0,270,0,0,0
0,106.411,0,0,0,270,0,0,0
0,106.4164,0,0,0,270,0,0,0
0,106.4229,0,0,0,270,0,0,0
0,106.4359,0,0,0,270,0,0,0
0,106.4413,0,0,0,270,0,0,0
0,106.446,0,0,0,270,0,0,0
0,106.4504,0,0,0,270,0,0,0
0,106.4568,0,0,0,270,0,0,0
0,106.4616,0,0,0,270,0,0,0
0,106.467,0,0,0,270,0,0,0
0,106.4722,0,0,0,270,0,0,0
0,106.4776,0,0,0,270,0,0,0
0,106.4826,0,0,0,270,0,0,0
0,106.4891,0,0,0,270,0,0,0
0,106.4946,0,0,0,270,0,0,0
0,106.5001,0,0,0,270,0,0,0
0,106.5052,0,0,0,270,0,0,0
0,106.5106,0,0,0,270,0,0,0
0,106.5158,0,0,0,270,0,0,0
0,106.5215,0,0,0,270,0,0,0
0,106.5264,0,0,0,270,0,0,0
0,106.5323,0,0,0,270,0,0,0
0,106.5375,0,0,0,270,0,0,0
0,106.5433,0,0,0,270,0,0,0
0,106.5487,0,0,0,270,0,0,0
0,106.5553,0,0,0,270,0,0,0
0,106.561,0,0,0,270,0,0,0
0,106.5669,0,0,0,270,0,0,0
0,106.5736,0,0,0,270,0,0,0
0,106.5809,0,0,0,270,0,0,0
0,106.5877,0,0,0,270,0,0,0
0,106.5934,0,0,0,270,0,0,0
0,106.6002,0,0,0,270,0,0,0
0,106.6057,0,0,0,270,0,0,0
0,106.6126,0,0,0,270,0,0,0
0,106.6194,0,0,0,270,0,0,0
0,106.625,0,0,0,270,0,0,0
0,106.6305,0,0,0,270,0,0,0
0,106.6354,0,0,0,270,0,0,0
0,106.6405,0,0,0,270,0,0,0
0,106.6461,0,0,0,270,0,0,0
0,106.6517,0,0,0,270,0,0,0
0,106.6587,0,0,0,270,0,0,0
0,106.6659,0,0,0,270,0,0,0
0,106.6724,0,0,0,270,0,0,0
0,106.6799,0,0,0,270,0,0,0
0,106.6869,0,0,0,270,0,0,0
0,106.6938,0,0,0,270,0,0,0
0,106.7003,0,0,0,270,0,0,0
0,106.7071,0,0,0,270,0,0,0
0,106.7146,0,0,0,270,0,0,0
0,106.7229,0,0,0,270,0,0,0
0,106.7305,0,0,0,270,0,0,0
0,106.7366,0,0,0,270,0,0,0
0,106.7434,0,0,0,270,0,0,0
0,106.7496,0,0,0,270,0,0,0
0,106.7561,0,0,0,270,0,0,0
0,106.7627,0,0,0,270,0,0,0
0,106.77,0,0,0,270,0,0,0
0,106.7775,0,0,0,270,0,0,0
0,106.7837,0,0,0,270,0,0,0
0,106.7916,0,0,0,270,0,0,0
0,106.7989,0,0,0,270,0,0,0
0,106.8053,0,0,0,270,0,0,0
0,106.8123,0,0,0,270,0,0,0
0,106.8199,0,0,0,270,0,0,0
0,106.8264,0,0,0,270,0,0,0
0,106.8328,0,0,0,270,0,0,0
0,106.8385,0,0,0,270,0,0,0
0,106.8445,0,0,0,270,0,0,0
0,106.8496,0,0,0,270,0,0,0
0,106.8561,0,0,0,270,0,0,0
0,106.8623,0,0,0,270,0,0,0
0,106.8694,0,0,0,270,0,0,0
0,106.8787,0,0,0,270,0,0,0
0,106.8867,0,0,0,270,0,0,0
0,106.8934,0,0,0,270,0,0,0
0,106.9001,0,0,0,270,0,0,0
0,106.906,0,0,0,270,0,0,0
0,106.9128,0,0,0,270,0,0,0
0,106.9199,0,0,0,270,0,0,0
0,106.9267,0,0,0,270,0,0,0
0,106.9337,0,0,0,270,0,0,0
0,106.9402,0,0,0,270,0,0,0
0,106.9487,0,0,0,270,0,0,0
0,106.9625,0,0,0,270,0,0,0
0,106.981,0,0,0,270,0,0,0
0,106.9887,0,0,0,270,0,0,0
0,106.9949,0,0,0,270,0,0,0
0,107.0018,0,0,0,270,0,0,0
0,107.0076,0,0,0,270,0,0,0
0,107.0135,0,0,0,270,0,0,0
0,107.0209,0,0,0,270,0,0,0
0,107.0267,0,0,0,270,0,0,0
0,107.0329,0,0,0,270,0,0,0
0,107.0386,0,0,0,270,0,0,0
0,107.045,0,0,0,270,0,0,0
0,107.0518,0,0,0,270,0,0,0
0,107.0575,0,0,0,270,0,0,0
0,107.0641,0,0,0,270,0,0,0
0,107.07,0,0,0,270,0,0,0
0,107.0763,0,0,0,270,0,0,0
0,107.0817,0,0,0,270,0,0,0
0,107.0873,0,0,0,270,0,0,0
0,107.0937,0,0,0,270,0,0,0
0,107.1005,0,0,0,270,0,0,0
0,107.1068,0,0,0,270,0,0,0
0,107.1143,0,0,0,270,0,0,0
0,107.1205,0,0,0,270,0,0,0
0,107.1268,0,0,0,270,0,0,0
0,107.134,0,0,0,270,0,0,0
0,107.1402,0,0,0,270,0,0,0
0,107.1465,0,0,0,270,0,0,0
0,107.1548,0,0,0,270,0,0,0
0,107.1624,0,0,0,270,0,0,0
0,107.1702,0,0,0,270,0,0,0
0,107.1775,0,0,0,270,0,0,0
0,107.1841,0,0,0,270,0,0,0
0,107.1917,0,0,0,270,0,0,0
0,107.1989,0,0,0,270,0,0,0
0,107.205,0,0,0,270,0,0,0
0,107.2113,0,0,0,270,0,0,0
0,107.2172,0,0,0,270,0,0,0
0,107.2236,0,0,0,270,0,0,0
0,107.2287,0,0,0,270,0,0,0
0,107.2344,0,0,0,270,0,0,0
0,107.2396,0,0,0,270,0,0,0
0,107.2458,0,0,0,270,0,0,0
0,107.2512,0,0,0,270,0,0,0
0,107.2568,0,0,0,270,0,0,0
0,107.2627,0,0,0,270,0,0,0
0,107.2684,0,0,0,270,0,0,0
0,107.2731,0,0,0,270,0,0,0
0,107.2791,0,0,0,270,0,0,0
0,107.2862,0,0,0,270,0,0,0
0,107.2921,0,0,0,270,0,0,0
0,107.2986,0,0,0,270,0,0,0
0,107.3034,0,0,0,270,0,0,0
0,107.3089,0,0,0,270,0,0,0
0,107.3141,0,0,0,270,0,0,0
0,107.3197,0,0,0,270,0,0,0
0,107.3249,0,0,0,270,0,0,0
0,107.3304,0,0,0,270,0,0,0
0,107.3354,0,0,0,270,0,0,0
0,107.3402,0,0,0,270,0,0,0
0,107.3458,0,0,0,270,0,0,0
0,107.3511,0,0,0,270,0,0,0
0,107.3566,0,0,0,270,0,0,0
0,107.3624,0,0,0,270,0,0,0
0,107.371,0,0,0,270,0,0,0
0,107.3901,0,0,0,270,0,0,0
0,107.3953,0,0,0,270,0,0,0
0,107.4007,0,0,0,270,0,0,0
0,107.4052,0,0,0,270,0,0,0
0,107.4108,0,0,0,270,0,0,0
0,107.4161,0,0,0,270,0,0,0
0,107.4213,0,0,0,270,0,0,0
0,107.4259,0,0,0,270,0,0,0
0,107.431,0,0,0,270,0,0,0
0,107.4359,0,0,0,270,0,0,0
0,107.4413,0,0,0,270,0,0,0
0,107.4461,0,0,0,270,0,0,0
0,107.4508,0,0,0,270,0,0,0
0,107.4559,0,0,0,270,0,0,0
0,107.4604,0,0,0,270,0,0,0
0,107.4666,0,0,0,270,0,0,0
0,107.4718,0,0,0,270,0,0,0
0,107.4774,0,0,0,270,0,0,0
0,107.4823,0,0,0,270,0,0,0
0,107.4873,0,0,0,270,0,0,0
0,107.4917,0,0,0,270,0,0,0
0,107.4989,0,0,0,270,0,0,0
0,107.5068,0,0,0,270,0,0,0
0,107.5156,0,0,0,270,0,0,0
0,107.5225,0,0,0,270,0,0,0
0,107.5293,0,0,0,270,0,0,0
0,107.5358,0,0,0,270,0,0,0
0,107.5406,0,0,0,270,0,0,0
0,107.546,0,0,0,270,0,0,0
0,107.5509,0,0,0,270,0,0,0
0,107.5559,0,0,0,270,0,0,0
0,107.5622,0,0,0,270,0,0,0
0,107.5688,0,0,0,270,0,0,0
0,107.5736,0,0,0,270,0,0,0
0,107.579,0,0,0,270,0,0,0
0,107.5884,0,0,0,270,0,0,0
0,107.5934,0,0,0,270,0,0,0
0,107.599,0,0,0,270,0,0,0
0,107.6039,0,0,0,270,0,0,0
0,107.6089,0,0,0,270,0,0,0
0,107.6138,0,0,0,270,0,0,0
0,107.6185,0,0,0,270,0,0,0
0,107.6241,0,0,0,270,0,0,0
0,107.6288,0,0,0,270,0,0,0
0,107.6343,0,0,0,270,0,0,0
0,107.6387,0,0,0,270,0,0,0
0,107.644,0,0,0,270,0,0,0
0,107.6487,0,0,0,270,0,0,0
0,107.654,0,0,0,270,0,0,0
0,107.6587,0,0,0,270,0,0,0
0,107.6641,0,0,0,270,0,0,0
0,107.6704,0,0,0,270,0,0,0
0,107.6763,0,0,0,270,0,0,0
0,107.6817,0,0,0,270,0,0,0
0,107.6873,0,0,0,270,0,0,0
0,107.6924,0,0,0,270,0,0,0
0,107.6982,0,0,0,270,0,0,0
0,107.703,0,0,0,270,0,0,0
0,107.7089,0,0,0,270,0,0,0
0,107.7147,0,0,0,270,0,0,0
0,107.7206,0,0,0,270,0,0,0
0,107.7255,0,0,0,270,0,0,0
0,107.7313,0,0,0,270,0,0,0
0,107.736,0,0,0,270,0,0,0
0,107.7403,0,0,0,270,0,0,0
0,107.7454,0,0,0,270,0,0,0
0,107.7503,0,0,0,270,0,0,0
0,107.7557,0,0,0,270,0,0,0
0,107.7613,0,0,0,270,0,0,0
0,107.7666,0,0,0,270,0,0,0
0,107.7716,0,0,0,270,0,0,0
0,107.7778,0,0,0,270,0,0,0
0,107.784,0,0,0,270,0,0,0
0,107.791,0,0,0,270,0,0,0
0,107.7986,0,0,0,270,0,0,0
0,107.8048,0,0,0,270,0,0,0
0,107.8118,0,0,0,270,0,0,0
0,107.8178,0,0,0,270,0,0,0
0,107.8248,0,0,0,270,0,0,0
0,107.8311,0,0,0,270,0,0,0
0,107.8374,0,0,0,270,0,0,0
0,107.8442,0,0,0,270,0,0,0
0,107.8499,0,0,0,270,0,0,0
0,107.8554,0,0,0,270,0,0,0
0,107.8616,0,0,0,270,0,0,0
0,107.8676,0,0,0,270,0,0,0
0,107.8751,0,0,0,270,0,0,0
0,107.882,0,0,0,270,0,0,0
0,107.89,0,0,0,270,0,0,0
0,107.8987,0,0,0,270,0,0,0
0,107.9064,0,0,0,270,0,0,0
0,107.9146,0,0,0,270,0,0,0
0,107.9225,0,0,0,270,0,0,0
0,107.9295,0,0,0,270,0,0,0
0,107.9371,0,0,0,270,0,0,0
0,107.9449,0,0,0,270,0,0,0
0,107.9517,0,0,0,270,0,0,0
0,107.9583,0,0,0,270,0,0,0
0,107.966,0,0,0,270,0,0,0
0,107.9728,0,0,0,270,0,0,0
0,107.9818,0,0,0,270,0,0,0
0,107.9905,0,0,0,270,0,0,0
0,107.9998,0,0,0,270,0,0,0
0,108.0088,0,0,0,270,0,0,0
0,108.0179,0,0,0,270,0,0,0
0,108.0248,0,0,0,270,0,0,0
0,108.032,0,0,0,270,0,0,0
0,108.0384,0,0,0,270,0,0,0
0,108.0451,0,0,0,270,0,0,0
0,108.0528,0,0,0,270,0,0,0
0,108.0601,0,0,0,270,0,0,0
0,108.0671,0,0,0,270,0,0,0
0,108.0726,0,0,0,270,0,0,0
0,108.0794,0,0,0,270,0,0,0
0,108.087,0,0,0,270,0,0,0
0,108.0932,0,0,0,270,0,0,0
0,108.1,0,0,0,270,0,0,0
0,108.1051,0,0,0,270,0,0,0
0,108.1121,0,0,0,270,0,0,0
0,108.1198,0,0,0,270,0,0,0
0,108.1263,0,0,0,270,0,0,0
0,108.1331,0,0,0,270,0,0,0
0,108.1391,0,0,0,270,0,0,0
0,108.1457,0,0,0,270,0,0,0
0,108.1518,0,0,0,270,0,0,0
0,108.1593,0,0,0,270,0,0,0
0,108.1673,0,0,0,270,0,0,0
0,108.1758,0,0,0,270,0,0,0
0,108.1842,0,0,0,270,0,0,0
0,108.1912,0,0,0,270,0,0,0
0,108.1978,0,0,0,270,0,0,0
0,108.2048,0,0,0,270,0,0,0
0,108.212,0,0,0,270,0,0,0
0,108.2186,0,0,0,270,0,0,0
0,108.2258,0,0,0,270,0,0,0
0,108.2332,0,0,0,270,0,0,0
0,108.2393,0,0,0,270,0,0,0
0,108.245,0,0,0,270,0,0,0
0,108.2518,0,0,0,270,0,0,0
0,108.2591,0,0,0,270,0,0,0
0,108.2661,0,0,0,270,0,0,0
0,108.2717,0,0,0,270,0,0,0
0,108.2778,0,0,0,270,0,0,0
0,108.2848,0,0,0,270,0,0,0
0,108.2915,0,0,0,270,0,0,0
0,108.2978,0,0,0,270,0,0,0
0,108.3105,0,0,0,270,0,0,0
0,108.3164,0,0,0,270,0,0,0
0,108.3241,0,0,0,270,0,0,0
0,108.3335,0,0,0,270,0,0,0
0,108.3561,0,0,0,270,0,0,0
0,108.3617,0,0,0,270,0,0,0
0,108.3685,0,0,0,270,0,0,0
0,108.3756,0,0,0,270,0,0,0
0,108.3813,0,0,0,270,0,0,0
0,108.3881,0,0,0,270,0,0,0
0,108.3938,0,0,0,270,0,0,0
0,108.3998,0,0,0,270,0,0,0
0,108.4061,0,0,0,270,0,0,0
0,108.4117,0,0,0,270,0,0,0
0,108.4173,0,0,0,270,0,0,0
0,108.4236,0,0,0,270,0,0,0
0,108.4287,0,0,0,270,0,0,0
0,108.4364,0,0,0,270,0,0,0
0,108.4467,0,0,0,270,0,0,0
0,108.4645,0,0,0,270,0,0,0
0,108.4705,0,0,0,270,0,0,0
0,108.476,0,0,0,270,0,0,0
0,108.4811,0,0,0,270,0,0,0
0,108.486,0,0,0,270,0,0,0
0,108.4904,0,0,0,270,0,0,0
0,108.4946,0,0,0,270,0,0,0
0,108.5,0,0,0,270,0,0,0
0,108.505,0,0,0,270,0,0,0
0,108.5107,0,0,0,270,0,0,0
0,108.5158,0,0,0,270,0,0,0
0,108.5216,0,0,0,270,0,0,0
0,108.5267,0,0,0,270,0,0,0
0,108.5327,0,0,0,270,0,0,0
0,108.5382,0,0,0,270,0,0,0
0,108.5437,0,0,0,270,0,0,0
0,108.5483,0,0,0,270,0,0,0
0,108.5533,0,0,0,270,0,0,0
0,108.5578,0,0,0,270,0,0,0
0,108.5639,0,0,0,270,0,0,0
0,108.5688,0,0,0,270,0,0,0
0,108.574,0,0,0,270,0,0,0
0,108.5797,0,0,0,270,0,0,0
0,108.5861,0,0,0,270,0,0,0
0,108.5945,0,0,0,270,0,0,0
0,108.6012,0,0,0,270,0,0,0
0,108.6065,0,0,0,270,0,0,0
0,108.6132,0,0,0,270,0,0,0
0,108.62,0,0,0,270,0,0,0
0,108.6257,0,0,0,270,0,0,0
0,108.6311,0,0,0,270,0,0,0
0,108.6356,0,0,0,270,0,0,0
0,108.6417,0,0,0,270,0,0,0
0,108.6464,0,0,0,270,0,0,0
0,108.6511,0,0,0,270,0,0,0
0,108.6574,0,0,0,270,0,0,0
0,108.6621,0,0,0,270,0,0,0
0,108.6677,0,0,0,270,0,0,0
0,108.6727,0,0,0,270,0,0,0
0,108.678,0,0,0,270,0,0,0
0,108.6825,0,0,0,270,0,0,0
0,108.689,0,0,0,270,0,0,0
0,108.6941,0,0,0,270,0,0,0
0,108.7,0,0,0,270,0,0,0
0,108.7056,0,0,0,270,0,0,0
0,108.7111,0,0,0,270,0,0,0
0,108.7163,0,0,0,270,0,0,0
0,108.7221,0,0,0,270,0,0,0
0,108.727,0,0,0,270,0,0,0
0,108.7333,0,0,0,270,0,0,0
0,108.7389,0,0,0,270,0,0,0
0,108.744,0,0,0,270,0,0,0
0,108.7493,0,0,0,270,0,0,0
0,108.7547,0,0,0,270,0,0,0
0,108.7593,0,0,0,270,0,0,0
0,108.7645,0,0,0,270,0,0,0
0,108.7691,0,0,0,270,0,0,0
0,108.7734,0,0,0,270,0,0,0
0,108.779,0,0,0,270,0,0,0
0,108.7835,0,0,0,270,0,0,0
0,108.7889,0,0,0,270,0,0,0
0,108.7951,0,0,0,270,0,0,0
0,108.8021,0,0,0,270,0,0,0
0,108.808,0,0,0,270,0,0,0
0,108.8139,0,0,0,270,0,0,0
0,108.8196,0,0,0,270,0,0,0
0,108.8245,0,0,0,270,0,0,0
0,108.8305,0,0,0,270,0,0,0
0,108.842,0,0,0,270,0,0,0
0,108.8472,0,0,0,270,0,0,0
0,108.8528,0,0,0,270,0,0,0
0,108.858,0,0,0,270,0,0,0
0,108.8637,0,0,0,270,0,0,0
0,108.8683,0,0,0,270,0,0,0
0,108.874,0,0,0,270,0,0,0
0,108.8799,0,0,0,270,0,0,0
0,108.885,0,0,0,270,0,0,0
0,108.8909,0,0,0,270,0,0,0
0,108.8972,0,0,0,270,0,0,0
0,108.9029,0,0,0,270,0,0,0
0,108.9088,0,0,0,270,0,0,0
0,108.9136,0,0,0,270,0,0,0
0,108.9198,0,0,0,270,0,0,0
0,108.9261,0,0,0,270,0,0,0
0,108.9331,0,0,0,270,0,0,0
0,108.9379,0,0,0,270,0,0,0
0,108.9434,0,0,0,270,0,0,0
0,108.9484,0,0,0,270,0,0,0
0,108.9545,0,0,0,270,0,0,0
0,108.9603,0,0,0,270,0,0,0
0,108.9673,0,0,0,270,0,0,0
0,108.9736,0,0,0,270,0,0,0
0,108.9805,0,0,0,270,0,0,0
0,108.9875,0,0,0,270,0,0,0
0,108.9934,0,0,0,270,0,0,0
0,108.9995,0,0,0,270,0,0,0
0,109.0051,0,0,0,270,0,0,0
0,109.0114,0,0,0,270,0,0,0
0,109.0201,0,0,0,270,0,0,0
0,109.0288,0,0,0,270,0,0,0
0,109.0385,0,0,0,270,0,0,0
0,109.0476,0,0,0,270,0,0,0
0,109.055,0,0,0,270,0,0,0
0,109.0617,0,0,0,270,0,0,0
0,109.0702,0,0,0,270,0,0,0
0,109.0779,0,0,0,270,0,0,0
0,109.0838,0,0,0,270,0,0,0
0,109.0937,0,0,0,270,0,0,0
0,109.104,0,0,0,270,0,0,0
0,109.1304,0,0,0,270,0,0,0
0,109.1383,0,0,0,270,0,0,0
0,109.1454,0,0,0,270,0,0,0
0,109.1513,0,0,0,270,0,0,0
0,109.158,0,0,0,270,0,0,0
0,109.164,0,0,0,270,0,0,0
0,109.1704,0,0,0,270,0,0,0
0,109.1781,0,0,0,270,0,0,0
0,109.1916,0,0,0,270,0,0,0
0,109.2034,0,0,0,270,0,0,0
0,109.2112,0,0,0,270,0,0,0
0,109.2187,0,0,0,270,0,0,0
0,109.2272,0,0,0,270,0,0,0
0,109.2344,0,0,0,270,0,0,0
0,109.2408,0,0,0,270,0,0,0
0,109.2484,0,0,0,270,0,0,0
0,109.2549,0,0,0,270,0,0,0
0,109.2614,0,0,0,270,0,0,0
0,109.2693,0,0,0,270,0,0,0
0,109.2842,0,0,0,270,0,0,0
0,109.3066,0,0,0,270,0,0,0
0,109.3136,0,0,0,270,0,0,0
0,109.3205,0,0,0,270,0,0,0
0,109.3268,0,0,0,270,0,0,0
0,109.333,0,0,0,270,0,0,0
0,109.3389,0,0,0,270,0,0,0
0,109.3459,0,0,0,270,0,0,0
0,109.3531,0,0,0,270,0,0,0
0,109.3604,0,0,0,270,0,0,0
0,109.3688,0,0,0,270,0,0,0
0,109.376,0,0,0,270,0,0,0
0,109.3845,0,0,0,270,0,0,0
0,109.3925,0,0,0,270,0,0,0
0,109.3999,0,0,0,270,0,0,0
0,109.4053,0,0,0,270,0,0,0
0,109.4118,0,0,0,270,0,0,0
0,109.4172,0,0,0,270,0,0,0
0,109.4239,0,0,0,270,0,0,0
0,109.4324,0,0,0,270,0,0,0
0,109.4406,0,0,0,270,0,0,0
0,109.4697,0,0,0,270,0,0,0
0,109.4763,0,0,0,270,0,0,0
0,109.4839,0,0,0,270,0,0,0
0,109.4922,0,0,0,270,0,0,0
0,109.5007,0,0,0,270,0,0,0
0,109.5083,0,0,0,270,0,0,0
0,109.5161,0,0,0,270,0,0,0
0,109.5252,0,0,0,270,0,0,0
0,109.5331,0,0,0,270,0,0,0
0,109.5406,0,0,0,270,0,0,0
0,109.5499,0,0,0,270,0,0,0
0,109.5585,0,0,0,270,0,0,0
0,109.5676,0,0,0,270,0,0,0
0,109.5736,0,0,0,270,0,0,0
0,109.5799,0,0,0,270,0,0,0
0,109.5852,0,0,0,270,0,0,0
0,109.592,0,0,0,270,0,0,0
0,109.6,0,0,0,270,0,0,0
0,109.6124,0,0,0,270,0,0,0
0,109.6301,0,0,0,270,0,0,0
0,109.6356,0,0,0,270,0,0,0
0,109.6421,0,0,0,270,0,0,0
0,109.6478,0,0,0,270,0,0,0
0,109.6539,0,0,0,270,0,0,0
0,109.6592,0,0,0,270,0,0,0
0,109.665,0,0,0,270,0,0,0
0,109.6705,0,0,0,270,0,0,0
0,109.6774,0,0,0,270,0,0,0
0,109.6848,0,0,0,270,0,0,0
0,109.6914,0,0,0,270,0,0,0
0,109.6993,0,0,0,270,0,0,0
0,109.7066,0,0,0,270,0,0,0
0,109.7135,0,0,0,270,0,0,0
0,109.7185,0,0,0,270,0,0,0
0,109.7245,0,0,0,270,0,0,0
0,109.7307,0,0,0,270,0,0,0
0,109.7361,0,0,0,270,0,0,0
0,109.7427,0,0,0,270,0,0,0
0,109.7486,0,0,0,270,0,0,0
0,109.7558,0,0,0,270,0,0,0
0,109.772,0,0,0,270,0,0,0
0,109.7877,0,0,0,270,0,0,0
0,109.7946,0,0,0,270,0,0,0
0,109.8023,0,0,0,270,0,0,0
0,109.8096,0,0,0,270,0,0,0
0,109.8167,0,0,0,270,0,0,0
0,109.8236,0,0,0,270,0,0,0
0,109.8314,0,0,0,270,0,0,0
0,109.8366,0,0,0,270,0,0,0
0,109.8428,0,0,0,270,0,0,0
0,109.8481,0,0,0,270,0,0,0
0,109.8536,0,0,0,270,0,0,0
0,109.8588,0,0,0,270,0,0,0
0,109.8648,0,0,0,270,0,0,0
0,109.8699,0,0,0,270,0,0,0
0,109.8757,0,0,0,270,0,0,0
0,109.8812,0,0,0,270,0,0,0
0,109.8868,0,0,0,270,0,0,0
0,109.8923,0,0,0,270,0,0,0
0,109.8979,0,0,0,270,0,0,0
0,109.9033,0,0,0,270,0,0,0
0,109.9088,0,0,0,270,0,0,0
0,109.9144,0,0,0,270,0,0,0
0,109.9204,0,0,0,270,0,0,0
0,109.9255,0,0,0,270,0,0,0
0,109.9311,0,0,0,270,0,0,0
0,109.9374,0,0,0,270,0,0,0
0,109.9447,0,0,0,270,0,0,0
0,109.9518,0,0,0,270,0,0,0
0,109.958,0,0,0,270,0,0,0
0,109.964,0,0,0,270,0,0,0
0,109.9692,0,0,0,270,0,0,0
0,109.9749,0,0,0,270,0,0,0
0,109.9813,0,0,0,270,0,0,0
0,109.9877,0,0,0,270,0,0,0
0,109.9928,0,0,0,270,0,0,0
0,109.9993,0,0,0,270,0,0,0
0,110.0048,0,0,0,270,0,0,0
0,110.011,0,0,0,270,0,0,0
0,110.0172,0,0,0,270,0,0,0
0,110.0229,0,0,0,270,0,0,0
0,110.0319,0,0,0,270,0,0,0
0,110.0374,0,0,0,270,0,0,0
0,110.0481,0,0,0,270,0,0,0
0,110.0684,0,0,0,270,0,0,0
0,110.0841,0,0,0,270,0,0,0
0,110.0953,0,0,0,270,0,0,0
0,110.1022,0,0,0,270,0,0,0
0,110.1101,0,0,0,270,0,0,0
0,110.1241,0,0,0,270,0,0,0
0,110.1295,0,0,0,270,0,0,0
0,110.1361,0,0,0,270,0,0,0
0,110.1434,0,0,0,270,0,0,0
0,110.1503,0,0,0,270,0,0,0
0,110.1613,0,0,0,270,0,0,0
0,110.1687,0,0,0,270,0,0,0
0,110.1765,0,0,0,270,0,0,0
0,110.1838,0,0,0,270,0,0,0
0,110.192,0,0,0,270,0,0,0
0,110.1986,0,0,0,270,0,0,0
0,110.2058,0,0,0,270,0,0,0
0,110.2134,0,0,0,270,0,0,0
0,110.2232,0,0,0,270,0,0,0
0,110.2321,0,0,0,270,0,0,0
0,110.2395,0,0,0,270,0,0,0
0,110.2485,0,0,0,270,0,0,0
0,110.2563,0,0,0,270,0,0,0
0,110.2627,0,0,0,270,0,0,0
0,110.2691,0,0,0,270,0,0,0
0,110.2759,0,0,0,270,0,0,0
0,110.2836,0,0,0,270,0,0,0
0,110.2921,0,0,0,270,0,0,0
0,110.3001,0,0,0,270,0,0,0
0,110.3062,0,0,0,270,0,0,0
0,110.3141,0,0,0,270,0,0,0
0,110.3226,0,0,0,270,0,0,0
0,110.3287,0,0,0,270,0,0,0
0,110.3358,0,0,0,270,0,0,0
0,110.344,0,0,0,270,0,0,0
0,110.3508,0,0,0,270,0,0,0
0,110.358,0,0,0,270,0,0,0
0,110.3658,0,0,0,270,0,0,0
0,110.3728,0,0,0,270,0,0,0
0,110.3806,0,0,0,270,0,0,0
0,110.3947,0,0,0,270,0,0,0
0,110.4097,0,0,0,270,0,0,0
0,110.4225,0,0,0,270,0,0,0
0,110.4312,0,0,0,270,0,0,0
0,110.4453,0,0,0,270,0,0,0
0,110.4583,0,0,0,270,0,0,0
0,110.4713,0,0,0,270,0,0,0
0,110.4884,0,0,0,270,0,0,0
0,110.495,0,0,0,270,0,0,0
0,110.5036,0,0,0,270,0,0,0
0,110.513,0,0,0,270,0,0,0
0,110.5212,0,0,0,270,0,0,0
0,110.5284,0,0,0,270,0,0,0
0,110.5384,0,0,0,270,0,0,0
0,110.5513,0,0,0,270,0,0,0
0,110.5593,0,0,0,270,0,0,0
0,110.5666,0,0,0,270,0,0,0
0,110.5737,0,0,0,270,0,0,0
0,110.5832,0,0,0,270,0,0,0
0,110.5912,0,0,0,270,0,0,0
0,110.5985,0,0,0,270,0,0,0
0,110.6053,0,0,0,270,0,0,0
0,110.6144,0,0,0,270,0,0,0
0,110.6238,0,0,0,270,0,0,0
0,110.6319,0,0,0,270,0,0,0
0,110.6404,0,0,0,270,0,0,0
0,110.6476,0,0,0,270,0,0,0
0,110.6585,0,0,0,270,0,0,0
0,110.6654,0,0,0,270,0,0,0
0,110.6756,0,0,0,270,0,0,0
0,110.6878,0,0,0,270,0,0,0
0,110.6961,0,0,0,270,0,0,0
0,110.7074,0,0,0,270,0,0,0
0,110.7156,0,0,0,270,0,0,0
0,110.729,0,0,0,270,0,0,0
0,110.7405,0,0,0,270,0,0,0
0,110.7515,0,0,0,270,0,0,0
0,110.7608,0,0,0,270,0,0,0
0,110.7707,0,0,0,270,0,0,0
0,110.7786,0,0,0,270,0,0,0
0,110.785,0,0,0,270,0,0,0
0,110.794,0,0,0,270,0,0,0
0,110.8028,0,0,0,270,0,0,0
0,110.8138,0,0,0,270,0,0,0
0,110.8214,0,0,0,270,0,0,0
0,110.8297,0,0,0,270,0,0,0
0,110.8353,0,0,0,270,0,0,0
0,110.8437,0,0,0,270,0,0,0
0,110.8506,0,0,0,270,0,0,0
0,110.8603,0,0,0,270,0,0,0
0,110.868,0,0,0,270,0,0,0
0,110.8767,0,0,0,270,0,0,0
0,110.8822,0,0,0,270,0,0,0
0,110.8892,0,0,0,270,0,0,0
0,110.8947,0,0,0,270,0,0,0
0,110.9027,0,0,0,270,0,0,0
0,110.9103,0,0,0,270,0,0,0
0,110.916,0,0,0,270,0,0,0
0,110.9217,0,0,0,270,0,0,0
0,110.9279,0,0,0,270,0,0,0
0,110.935,0,0,0,270,0,0,0
0,110.9414,0,0,0,270,0,0,0
0,110.9462,0,0,0,270,0,0,0
0,110.9516,0,0,0,270,0,0,0
0,110.9581,0,0,0,270,0,0,0
0,110.964,0,0,0,270,0,0,0
0,110.9743,0,0,0,270,0,0,0
0,110.9816,0,0,0,270,0,0,0
0,110.9888,0,0,0,270,0,0,0
0,110.9947,0,0,0,270,0,0,0
0,111.0026,0,0,0,270,0,0,0
0,111.0088,0,0,0,270,0,0,0
0,111.0148,0,0,0,270,0,0,0
0,111.0203,0,0,0,270,0,0,0
0,111.0265,0,0,0,270,0,0,0
0,111.033,0,0,0,270,0,0,0
0,111.0385,0,0,0,270,0,0,0
0,111.0499,0,0,0,270,0,0,0
0,111.0563,0,0,0,270,0,0,0
0,111.0621,0,0,0,270,0,0,0
0,111.0683,0,0,0,270,0,0,0
0,111.0751,0,0,0,270,0,0,0
0,111.0836,0,0,0,270,0,0,0
0,111.0963,0,0,0,270,0,0,0
0,111.1074,0,0,0,270,0,0,0
0,111.1142,0,0,0,270,0,0,0
0,111.1202,0,0,0,270,0,0,0
0,111.1261,0,0,0,270,0,0,0
0,111.1331,0,0,0,270,0,0,0
0,111.1398,0,0,0,270,0,0,0
0,111.145,0,0,0,270,0,0,0
0,111.1494,0,0,0,270,0,0,0
0,111.1552,0,0,0,270,0,0,0
0,111.1604,0,0,0,270,0,0,0
0,111.1662,0,0,0,270,0,0,0
0,111.1711,0,0,0,270,0,0,0
0,111.1766,0,0,0,270,0,0,0
0,111.1816,0,0,0,270,0,0,0
0,111.1875,0,0,0,270,0,0,0
0,111.1926,0,0,0,270,0,0,0
0,111.198,0,0,0,270,0,0,0
0,111.2027,0,0,0,270,0,0,0
0,111.2084,0,0,0,270,0,0,0
0,111.213,0,0,0,270,0,0,0
0,111.2183,0,0,0,270,0,0,0
0,111.2235,0,0,0,270,0,0,0
0,111.2281,0,0,0,270,0,0,0
0,111.2334,0,0,0,270,0,0,0
0,111.2387,0,0,0,270,0,0,0
0,111.2447,0,0,0,270,0,0,0
0,111.2504,0,0,0,270,0,0,0
0,111.2568,0,0,0,270,0,0,0
0,111.2626,0,0,0,270,0,0,0
0,111.2689,0,0,0,270,0,0,0
0,111.2749,0,0,0,270,0,0,0
0,111.2806,0,0,0,270,0,0,0
0,111.2867,0,0,0,270,0,0,0
0,111.2931,0,0,0,270,0,0,0
0,111.3001,0,0,0,270,0,0,0
0,111.3055,0,0,0,270,0,0,0
0,111.3114,0,0,0,270,0,0,0
0,111.3172,0,0,0,270,0,0,0
0,111.323,0,0,0,270,0,0,0
0,111.3279,0,0,0,270,0,0,0
0,111.3331,0,0,0,270,0,0,0
0,111.3377,0,0,0,270,0,0,0
0,111.3453,0,0,0,270,0,0,0
0,111.3506,0,0,0,270,0,0,0
0,111.3581,0,0,0,270,0,0,0
0,111.3648,0,0,0,270,0,0,0
0,111.3713,0,0,0,270,0,0,0
0,111.3807,0,0,0,270,0,0,0
0,111.3871,0,0,0,270,0,0,0
0,111.3939,0,0,0,270,0,0,0
0,111.4005,0,0,0,270,0,0,0
0,111.41,0,0,0,270,0,0,0
0,111.4162,0,0,0,270,0,0,0
0,111.4229,0,0,0,270,0,0,0
0,111.4282,0,0,0,270,0,0,0
0,111.4341,0,0,0,270,0,0,0
0,111.4416,0,0,0,270,0,0,0
0,111.4519,0,0,0,270,0,0,0
0,111.459,0,0,0,270,0,0,0
0,111.4668,0,0,0,270,0,0,0
0,111.4779,0,0,0,270,0,0,0
0,111.4886,0,0,0,270,0,0,0
0,111.4961,0,0,0,270,0,0,0
0,111.5076,0,0,0,270,0,0,0
0,111.5188,0,0,0,270,0,0,0
0,111.5265,0,0,0,270,0,0,0
0,111.534,0,0,0,270,0,0,0
0,111.5407,0,0,0,270,0,0,0
0,111.5486,0,0,0,270,0,0,0
0,111.5557,0,0,0,270,0,0,0
0,111.5614,0,0,0,270,0,0,0
0,111.5695,0,0,0,270,0,0,0
0,111.577,0,0,0,270,0,0,0
0,111.5832,0,0,0,270,0,0,0
0,111.5906,0,0,0,270,0,0,0
0,111.5975,0,0,0,270,0,0,0
0,111.6043,0,0,0,270,0,0,0
0,111.612,0,0,0,270,0,0,0
0,111.6204,0,0,0,270,0,0,0
0,111.6277,0,0,0,270,0,0,0
0,111.6346,0,0,0,270,0,0,0
0,111.6457,0,0,0,270,0,0,0
0,111.6532,0,0,0,270,0,0,0
0,111.66,0,0,0,270,0,0,0
0,111.6665,0,0,0,270,0,0,0
0,111.6724,0,0,0,270,0,0,0
0,111.6794,0,0,0,270,0,0,0
0,111.687,0,0,0,270,0,0,0
0,111.6933,0,0,0,270,0,0,0
0,111.6993,0,0,0,270,0,0,0
0,111.7053,0,0,0,270,0,0,0
0,111.712,0,0,0,270,0,0,0
0,111.7175,0,0,0,270,0,0,0
0,111.7241,0,0,0,270,0,0,0
0,111.7313,0,0,0,270,0,0,0
0,111.7388,0,0,0,270,0,0,0
0,111.7461,0,0,0,270,0,0,0
0,111.7531,0,0,0,270,0,0,0
0,111.7595,0,0,0,270,0,0,0
0,111.7672,0,0,0,270,0,0,0
0,111.7754,0,0,0,270,0,0,0
0,111.7827,0,0,0,270,0,0,0
0,111.7904,0,0,0,270,0,0,0
0,111.7985,0,0,0,270,0,0,0
0,111.8059,0,0,0,270,0,0,0
0,111.8129,0,0,0,270,0,0,0
0,111.8195,0,0,0,270,0,0,0
0,111.8309,0,0,0,270,0,0,0
0,111.8366,0,0,0,270,0,0,0
0,111.844,0,0,0,270,0,0,0
0,111.8497,0,0,0,270,0,0,0
0,111.8562,0,0,0,270,0,0,0
0,111.8746,0,0,0,270,0,0,0
0,111.8991,0,0,0,270,0,0,0
0,111.9066,0,0,0,270,0,0,0
0,111.9127,0,0,0,270,0,0,0
0,111.918,0,0,0,270,0,0,0
0,111.9246,0,0,0,270,0,0,0
0,111.9312,0,0,0,270,0,0,0
0,111.9369,0,0,0,270,0,0,0
0,111.9429,0,0,0,270,0,0,0
0,111.9489,0,0,0,270,0,0,0
0,111.9552,0,0,0,270,0,0,0
0,111.9602,0,0,0,270,0,0,0
0,111.9668,0,0,0,270,0,0,0
0,111.9723,0,0,0,270,0,0,0
0,111.9786,0,0,0,270,0,0,0
0,111.9866,0,0,0,270,0,0,0
0,111.9928,0,0,0,270,0,0,0
0,111.9991,0,0,0,270,0,0,0
0,112.0041,0,0,0,270,0,0,0
0,112.0099,0,0,0,270,0,0,0
0,112.0153,0,0,0,270,0,0,0
0,112.0208,0,0,0,270,0,0,0
0,112.026,0,0,0,270,0,0,0
0,112.0322,0,0,0,270,0,0,0
0,112.0373,0,0,0,270,0,0,0
0,112.043,0,0,0,270,0,0,0
0,112.0481,0,0,0,270,0,0,0
0,112.0531,0,0,0,270,0,0,0
0,112.0582,0,0,0,270,0,0,0
0,112.064,0,0,0,270,0,0,0
0,112.0685,0,0,0,270,0,0,0
0,112.0954,0,0,0,270,0,0,0
0,112.2017,0,0,0,270,0,0,0
0,112.2151,0,0,0,270,0,0,0
0,112.2203,0,0,0,270,0,0,0
0,112.225,0,0,0,270,0,0,0
0,112.2303,0,0,0,270,0,0,0
0,112.2348,0,0,0,270,0,0,0
0,112.2397,0,0,0,270,0,0,0
0,112.2451,0,0,0,270,0,0,0
0,112.25,0,0,0,270,0,0,0
0,112.2557,0,0,0,270,0,0,0
0,112.2614,0,0,0,270,0,0,0
0,112.2679,0,0,0,270,0,0,0
0,112.2753,0,0,0,270,0,0,0
0,112.2823,0,0,0,270,0,0,0
0,112.2887,0,0,0,270,0,0,0
0,112.2949,0,0,0,270,0,0,0
0,112.3015,0,0,0,270,0,0,0
0,112.3068,0,0,0,270,0,0,0
0,112.3137,0,0,0,270,0,0,0
0,112.3184,0,0,0,270,0,0,0
0,112.3239,0,0,0,270,0,0,0
0,112.3289,0,0,0,270,0,0,0
0,112.3342,0,0,0,270,0,0,0
0,112.3388,0,0,0,270,0,0,0
0,112.344,0,0,0,270,0,0,0
0,112.3485,0,0,0,270,0,0,0
0,112.3535,0,0,0,270,0,0,0
0,112.3579,0,0,0,270,0,0,0
0,112.3627,0,0,0,270,0,0,0
0,112.3681,0,0,0,270,0,0,0
0,112.3732,0,0,0,270,0,0,0
0,112.3792,0,0,0,270,0,0,0
0,112.3843,0,0,0,270,0,0,0
0,112.39,0,0,0,270,0,0,0
0,112.3953,0,0,0,270,0,0,0
0,112.4008,0,0,0,270,0,0,0
0,112.4055,0,0,0,270,0,0,0
0,112.4111,0,0,0,270,0,0,0
0,112.4162,0,0,0,270,0,0,0
0,112.4213,0,0,0,270,0,0,0
0,112.4264,0,0,0,270,0,0,0
0,112.4319,0,0,0,270,0,0,0
0,112.4439,0,0,0,270,0,0,0
0,112.4495,0,0,0,270,0,0,0
0,112.4545,0,0,0,270,0,0,0
0,112.4595,0,0,0,270,0,0,0
0,112.4655,0,0,0,270,0,0,0
0,112.4709,0,0,0,270,0,0,0
0,112.4762,0,0,0,270,0,0,0
0,112.4817,0,0,0,270,0,0,0
0,112.4873,0,0,0,270,0,0,0
0,112.4922,0,0,0,270,0,0,0
0,112.498,0,0,0,270,0,0,0
0,112.5032,0,0,0,270,0,0,0
0,112.5094,0,0,0,270,0,0,0
0,112.5142,0,0,0,270,0,0,0
0,112.5199,0,0,0,270,0,0,0
0,112.5256,0,0,0,270,0,0,0
0,112.5312,0,0,0,270,0,0,0
0,112.5368,0,0,0,270,0,0,0
0,112.5424,0,0,0,270,0,0,0
0,112.5495,0,0,0,270,0,0,0
0,112.566,0,0,0,270,0,0,0
0,112.5791,0,0,0,270,0,0,0
0,112.5863,0,0,0,270,0,0,0
0,112.5956,0,0,0,270,0,0,0
0,112.6042,0,0,0,270,0,0,0
0,112.6146,0,0,0,270,0,0,0
0,112.6238,0,0,0,270,0,0,0
0,112.6305,0,0,0,270,0,0,0
0,112.6417,0,0,0,270,0,0,0
0,112.6507,0,0,0,270,0,0,0
0,112.6592,0,0,0,270,0,0,0
0,112.6659,0,0,0,270,0,0,0
0,112.6725,0,0,0,270,0,0,0
0,112.6795,0,0,0,270,0,0,0
0,112.6863,0,0,0,270,0,0,0
0,112.6935,0,0,0,270,0,0,0
0,112.7001,0,0,0,270,0,0,0
0,112.7066,0,0,0,270,0,0,0
0,112.7137,0,0,0,270,0,0,0
0,112.7209,0,0,0,270,0,0,0
0,112.7275,0,0,0,270,0,0,0
0,112.7348,0,0,0,270,0,0,0
0,112.7421,0,0,0,270,0,0,0
0,112.7488,0,0,0,270,0,0,0
0,112.7562,0,0,0,270,0,0,0
0,112.764,0,0,0,270,0,0,0
0,112.7711,0,0,0,270,0,0,0
0,112.7778,0,0,0,270,0,0,0
0,112.7836,0,0,0,270,0,0,0
0,112.7906,0,0,0,270,0,0,0
0,112.7989,0,0,0,270,0,0,0
0,112.8059,0,0,0,270,0,0,0
0,112.8148,0,0,0,270,0,0,0
0,112.8218,0,0,0,270,0,0,0
0,112.8283,0,0,0,270,0,0,0
0,112.8368,0,0,0,270,0,0,0
0,112.8443,0,0,0,270,0,0,0
0,112.8511,0,0,0,270,0,0,0
0,112.865,0,0,0,270,0,0,0
0,112.878,0,0,0,270,0,0,0
0,112.8987,0,0,0,270,0,0,0
0,112.9278,0,0,0,270,0,0,0
0,112.9502,0,0,0,270,0,0,0
0,112.9628,0,0,0,270,0,0,0
0,112.9758,0,0,0,270,0,0,0
0,112.999,0,0,0,270,0,0,0
0,113.007,0,0,0,270,0,0,0
0,113.0142,0,0,0,270,0,0,0
0,113.0211,0,0,0,270,0,0,0
0,113.0274,0,0,0,270,0,0,0
0,113.0334,0,0,0,270,0,0,0
0,113.0386,0,0,0,270,0,0,0
0,113.0452,0,0,0,270,0,0,0
0,113.051,0,0,0,270,0,0,0
0,113.0572,0,0,0,270,0,0,0
0,113.0645,0,0,0,270,0,0,0
0,113.0698,0,0,0,270,0,0,0
0,113.0769,0,0,0,270,0,0,0
0,113.0838,0,0,0,270,0,0,0
0,113.0923,0,0,0,270,0,0,0
0,113.1006,0,0,0,270,0,0,0
0,113.109,0,0,0,270,0,0,0
0,113.1168,0,0,0,270,0,0,0
0,113.1254,0,0,0,270,0,0,0
0,113.1334,0,0,0,270,0,0,0
0,113.1426,0,0,0,270,0,0,0
0,113.152,0,0,0,270,0,0,0
0,113.1596,0,0,0,270,0,0,0
0,113.1672,0,0,0,270,0,0,0
0,113.1754,0,0,0,270,0,0,0
0,113.1844,0,0,0,270,0,0,0
0,113.1925,0,0,0,270,0,0,0
0,113.2081,0,0,0,270,0,0,0
0,113.2295,0,0,0,270,0,0,0
0,113.2375,0,0,0,270,0,0,0
0,113.2445,0,0,0,270,0,0,0
0,113.2517,0,0,0,270,0,0,0
0,113.2591,0,0,0,270,0,0,0
0,113.273,0,0,0,270,0,0,0
0,113.2808,0,0,0,270,0,0,0
0,113.2901,0,0,0,270,0,0,0
0,113.3013,0,0,0,270,0,0,0
0,113.3069,0,0,0,270,0,0,0
0,113.3143,0,0,0,270,0,0,0
0,113.3211,0,0,0,270,0,0,0
0,113.3365,0,0,0,270,0,0,0
0,113.3434,0,0,0,270,0,0,0
0,113.3493,0,0,0,270,0,0,0
0,113.3659,0,0,0,270,0,0,0
0,113.3715,0,0,0,270,0,0,0
0,113.3771,0,0,0,270,0,0,0
0,113.3829,0,0,0,270,0,0,0
0,113.3902,0,0,0,270,0,0,0
0,113.396,0,0,0,270,0,0,0
0,113.4142,0,0,0,270,0,0,0
0,113.4293,0,0,0,270,0,0,0
0,113.4352,0,0,0,270,0,0,0
0,113.4401,0,0,0,270,0,0,0
0,113.4467,0,0,0,270,0,0,0
0,113.4635,0,0,0,270,0,0,0
0,113.4787,0,0,0,270,0,0,0
0,113.485,0,0,0,270,0,0,0
0,113.4903,0,0,0,270,0,0,0
0,113.4955,0,0,0,270,0,0,0
0,113.5014,0,0,0,270,0,0,0
0,113.5066,0,0,0,270,0,0,0
0,113.5127,0,0,0,270,0,0,0
0,113.5185,0,0,0,270,0,0,0
0,113.5248,0,0,0,270,0,0,0
0,113.5344,0,0,0,270,0,0,0
0,113.5435,0,0,0,270,0,0,0
0,113.5505,0,0,0,270,0,0,0
0,113.5577,0,0,0,270,0,0,0
0,113.5659,0,0,0,270,0,0,0
0,113.5822,0,0,0,270,0,0,0
0,113.5893,0,0,0,270,0,0,0
0,113.5948,0,0,0,270,0,0,0
0,113.6002,0,0,0,270,0,0,0
0,113.6054,0,0,0,270,0,0,0
0,113.6111,0,0,0,270,0,0,0
0,113.6175,0,0,0,270,0,0,0
0,113.6239,0,0,0,270,0,0,0
0,113.6295,0,0,0,270,0,0,0
0,113.6352,0,0,0,270,0,0,0
0,113.6413,0,0,0,270,0,0,0
0,113.647,0,0,0,270,0,0,0
0,113.6537,0,0,0,270,0,0,0
0,113.66,0,0,0,270,0,0,0
0,113.666,0,0,0,270,0,0,0
0,113.6714,0,0,0,270,0,0,0
0,113.6765,0,0,0,270,0,0,0
0,113.6815,0,0,0,270,0,0,0
0,113.6875,0,0,0,270,0,0,0
0,113.692,0,0,0,270,0,0,0
0,113.8371,0,0,0,270,0,0,0
0,113.8565,0,0,0,270,0,0,0
0,113.8682,0,0,0,270,0,0,0
0,113.8779,0,0,0,270,0,0,0
0,113.8863,0,0,0,270,0,0,0
0,113.8929,0,0,0,270,0,0,0
0,113.9,0,0,0,270,0,0,0
0,113.9077,0,0,0,270,0,0,0
0,113.9144,0,0,0,270,0,0,0
0,113.9217,0,0,0,270,0,0,0
0,113.9282,0,0,0,270,0,0,0
0,113.935,0,0,0,270,0,0,0
0,113.942,0,0,0,270,0,0,0
0,113.9475,0,0,0,270,0,0,0
0,113.9545,0,0,0,270,0,0,0
0,113.9608,0,0,0,270,0,0,0
0,113.9675,0,0,0,270,0,0,0
0,113.9749,0,0,0,270,0,0,0
0,113.9818,0,0,0,270,0,0,0
0,113.9894,0,0,0,270,0,0,0
0,113.996,0,0,0,270,0,0,0
0,114.0035,0,0,0,270,0,0,0
0,114.0114,0,0,0,270,0,0,0
0,114.0202,0,0,0,270,0,0,0
0,114.0286,0,0,0,270,0,0,0
0,114.0367,0,0,0,270,0,0,0
0,114.045,0,0,0,270,0,0,0
0,114.0511,0,0,0,270,0,0,0
0,114.0589,0,0,0,270,0,0,0
0,114.0684,0,0,0,270,0,0,0
0,114.0761,0,0,0,270,0,0,0
0,114.083,0,0,0,270,0,0,0
0,114.0894,0,0,0,270,0,0,0
0,114.096,0,0,0,270,0,0,0
0,114.1033,0,0,0,270,0,0,0
0,114.1214,0,0,0,270,0,0,0
0,114.1284,0,0,0,270,0,0,0
0,114.1359,0,0,0,270,0,0,0
0,114.1447,0,0,0,270,0,0,0
0,114.1547,0,0,0,270,0,0,0
0,114.1619,0,0,0,270,0,0,0
0,114.1705,0,0,0,270,0,0,0
0,114.1797,0,0,0,270,0,0,0
0,114.1878,0,0,0,270,0,0,0
0,114.1943,0,0,0,270,0,0,0
0,114.2015,0,0,0,270,0,0,0
0,114.2074,0,0,0,270,0,0,0
0,114.214,0,0,0,270,0,0,0
0,114.2209,0,0,0,270,0,0,0
0,114.2267,0,0,0,270,0,0,0
0,114.2336,0,0,0,270,0,0,0
0,114.2399,0,0,0,270,0,0,0
0,114.2461,0,0,0,270,0,0,0
0,114.252,0,0,0,270,0,0,0
0,114.2585,0,0,0,270,0,0,0
0,114.2666,0,0,0,270,0,0,0
0,114.2725,0,0,0,270,0,0,0
0,114.2802,0,0,0,270,0,0,0
0,114.2885,0,0,0,270,0,0,0
0,114.2975,0,0,0,270,0,0,0
0,114.3058,0,0,0,270,0,0,0
0,114.3192,0,0,0,270,0,0,0
0,114.3277,0,0,0,270,0,0,0
0,114.3364,0,0,0,270,0,0,0
0,114.3481,0,0,0,270,0,0,0
0,114.3544,0,0,0,270,0,0,0
0,114.3605,0,0,0,270,0,0,0
0,114.3662,0,0,0,270,0,0,0
0,114.3738,0,0,0,270,0,0,0
0,114.3945,0,0,0,270,0,0,0
0,114.4013,0,0,0,270,0,0,0
0,114.4074,0,0,0,270,0,0,0
0,114.4146,0,0,0,270,0,0,0
0,114.4205,0,0,0,270,0,0,0
0,114.4257,0,0,0,270,0,0,0
0,114.4313,0,0,0,270,0,0,0
0,114.4368,0,0,0,270,0,0,0
0,114.4423,0,0,0,270,0,0,0
0,114.4472,0,0,0,270,0,0,0
0,114.4537,0,0,0,270,0,0,0
0,114.4585,0,0,0,270,0,0,0
0,114.4644,0,0,0,270,0,0,0
0,114.4699,0,0,0,270,0,0,0
0,114.4752,0,0,0,270,0,0,0
0,114.4805,0,0,0,270,0,0,0
0,114.4862,0,0,0,270,0,0,0
0,114.4921,0,0,0,270,0,0,0
0,114.4978,0,0,0,270,0,0,0
0,114.503,0,0,0,270,0,0,0
0,114.5089,0,0,0,270,0,0,0
0,114.5139,0,0,0,270,0,0,0
0,114.5192,0,0,0,270,0,0,0
0,114.5243,0,0,0,270,0,0,0
0,114.5306,0,0,0,270,0,0,0
0,114.5366,0,0,0,270,0,0,0
0,114.5417,0,0,0,270,0,0,0
0,114.5478,0,0,0,270,0,0,0
0,114.553,0,0,0,270,0,0,0
0,114.5576,0,0,0,270,0,0,0
0,114.5652,0,0,0,270,0,0,0
0,114.5718,0,0,0,270,0,0,0
0,114.5783,0,0,0,270,0,0,0
0,114.584,0,0,0,270,0,0,0
0,114.5904,0,0,0,270,0,0,0
0,114.5987,0,0,0,270,0,0,0
0,114.6058,0,0,0,270,0,0,0
0,114.6131,0,0,0,270,0,0,0
0,114.6194,0,0,0,270,0,0,0
0,114.6255,0,0,0,270,0,0,0
0,114.632,0,0,0,270,0,0,0
0,114.6385,0,0,0,270,0,0,0
0,114.6443,0,0,0,270,0,0,0
0,114.6503,0,0,0,270,0,0,0
0,114.6577,0,0,0,270,0,0,0
0,114.6645,0,0,0,270,0,0,0
0,114.6806,0,0,0,270,0,0,0
0,114.6998,0,0,0,270,0,0,0
0,114.71,0,0,0,270,0,0,0
0,114.7212,0,0,0,270,0,0,0
0,114.7313,0,0,0,270,0,0,0
0,114.7418,0,0,0,270,0,0,0
0,114.7546,0,0,0,270,0,0,0
0,114.7658,0,0,0,270,0,0,0
0,114.7762,0,0,0,270,0,0,0
0,114.7871,0,0,0,270,0,0,0
0,114.7993,0,0,0,270,0,0,0
0,114.8105,0,0,0,270,0,0,0
0,114.8219,0,0,0,270,0,0,0
0,114.8335,0,0,0,270,0,0,0
0,114.8449,0,0,0,270,0,0,0
0,114.8629,0,0,0,270,0,0,0
0,114.8776,0,0,0,270,0,0,0
0,114.8981,0,0,0,270,0,0,0
0,114.9179,0,0,0,270,0,0,0
0,114.93,0,0,0,270,0,0,0
0,114.9445,0,0,0,270,0,0,0
0,114.9579,0,0,0,270,0,0,0
0,114.9718,0,0,0,270,0,0,0
0,114.9855,0,0,0,270,0,0,0
0,115.0004,0,0,0,270,0,0,0
0,115.0152,0,0,0,270,0,0,0
0,115.03,0,0,0,270,0,0,0
0,115.0475,0,0,0,270,0,0,0
0,115.0635,0,0,0,270,0,0,0
0,115.0779,0,0,0,270,0,0,0
0,115.1025,0,0,0,270,0,0,0
0,115.1301,0,0,0,270,0,0,0
0,115.1481,0,0,0,270,0,0,0
0,115.1672,0,0,0,270,0,0,0
0,115.1841,0,0,0,270,0,0,0
0,115.2038,0,0,0,270,0,0,0
0,115.2216,0,0,0,270,0,0,0
0,115.2376,0,0,0,270,0,0,0
0,115.2524,0,0,0,270,0,0,0
0,115.2687,0,0,0,270,0,0,0
0,115.2839,0,0,0,270,0,0,0
0,115.3,0,0,0,270,0,0,0
0,115.316,0,0,0,270,0,0,0
0,115.3335,0,0,0,270,0,0,0
0,115.3491,0,0,0,270,0,0,0
0,115.365,0,0,0,270,0,0,0
0,115.3806,0,0,0,270,0,0,0
0,115.3958,0,0,0,270,0,0,0
0,115.412,0,0,0,270,0,0,0
0,115.4281,0,0,0,270,0,0,0
0,115.4445,0,0,0,270,0,0,0
0,115.4584,0,0,0,270,0,0,0
0,115.471,0,0,0,270,0,0,0
0,115.4852,0,0,0,270,0,0,0
0,115.4995,0,0,0,270,0,0,0
0,115.5115,0,0,0,270,0,0,0
0,115.5257,0,0,0,270,0,0,0
0,115.5391,0,0,0,270,0,0,0
0,115.5539,0,0,0,270,0,0,0
0,115.5669,0,0,0,270,0,0,0
0,115.5782,0,0,0,270,0,0,0
0,115.5882,0,0,0,270,0,0,0
0,115.5975,0,0,0,270,0,0,0
0,115.6068,0,0,0,270,0,0,0
0,115.622,0,0,0,270,0,0,0
0,115.6327,0,0,0,270,0,0,0
0,115.6443,0,0,0,270,0,0,0
0,115.655,0,0,0,270,0,0,0
0,115.6645,0,0,0,270,0,0,0
0,115.6747,0,0,0,270,0,0,0
0,115.6843,0,0,0,270,0,0,0
0,115.6945,0,0,0,270,0,0,0
0,115.706,0,0,0,270,0,0,0
0,115.7176,0,0,0,270,0,0,0
0,115.7278,0,0,0,270,0,0,0
0,115.7402,0,0,0,270,0,0,0
0,115.7539,0,0,0,270,0,0,0
0,115.7676,0,0,0,270,0,0,0
0,115.7804,0,0,0,270,0,0,0
0,115.7919,0,0,0,270,0,0,0
0,115.8052,0,0,0,270,0,0,0
0,115.8182,0,0,0,270,0,0,0
0,115.8315,0,0,0,270,0,0,0
0,115.8426,0,0,0,270,0,0,0
0,115.8561,0,0,0,270,0,0,0
0,115.8691,0,0,0,270,0,0,0
0,115.8801,0,0,0,270,0,0,0
0,115.8924,0,0,0,270,0,0,0
0,115.9052,0,0,0,270,0,0,0
0,115.919,0,0,0,270,0,0,0
0,115.9302,0,0,0,270,0,0,0
0,115.9403,0,0,0,270,0,0,0
0,115.9524,0,0,0,270,0,0,0
0,115.9652,0,0,0,270,0,0,0
0,115.9748,0,0,0,270,0,0,0
0,115.986,0,0,0,270,0,0,0
0,115.995,0,0,0,270,0,0,0
0,116.0054,0,0,0,270,0,0,0
0,116.0168,0,0,0,270,0,0,0
0,116.0278,0,0,0,270,0,0,0
0,116.04,0,0,0,270,0,0,0
0,116.0536,0,0,0,270,0,0,0
0,116.0674,0,0,0,270,0,0,0
0,116.0817,0,0,0,270,0,0,0
0,116.0949,0,0,0,270,0,0,0
0,116.1056,0,0,0,270,0,0,0
0,116.1167,0,0,0,270,0,0,0
0,116.1301,0,0,0,270,0,0,0
0,116.1429,0,0,0,270,0,0,0
0,116.1593,0,0,0,270,0,0,0
0,116.1709,0,0,0,270,0,0,0
0,116.1833,0,0,0,270,0,0,0
0,116.1994,0,0,0,270,0,0,0
0,116.2177,0,0,0,270,0,0,0
0,116.2368,0,0,0,270,0,0,0
0,116.2526,0,0,0,270,0,0,0
0,116.2656,0,0,0,270,0,0,0
0,116.2806,0,0,0,270,0,0,0
0,116.2927,0,0,0,270,0,0,0
0,116.3061,0,0,0,270,0,0,0
0,116.3213,0,0,0,270,0,0,0
0,116.335,0,0,0,270,0,0,0
0,116.3504,0,0,0,270,0,0,0
0,116.3651,0,0,0,270,0,0,0
0,116.3796,0,0,0,270,0,0,0
0,116.3943,0,0,0,270,0,0,0
0,116.4085,0,0,0,270,0,0,0
0,116.4209,0,0,0,270,0,0,0
0,116.435,0,0,0,270,0,0,0
0,116.448,0,0,0,270,0,0,0
0,116.4615,0,0,0,270,0,0,0
0,116.476,0,0,0,270,0,0,0
0,116.4921,0,0,0,270,0,0,0
0,116.5078,0,0,0,270,0,0,0
0,116.5208,0,0,0,270,0,0,0
0,116.5347,0,0,0,270,0,0,0
0,116.5465,0,0,0,270,0,0,0
0,116.5596,0,0,0,270,0,0,0
0,116.5717,0,0,0,270,0,0,0
0,116.5847,0,0,0,270,0,0,0
0,116.5964,0,0,0,270,0,0,0
0,116.6099,0,0,0,270,0,0,0
0,116.6244,0,0,0,270,0,0,0
0,116.637,0,0,0,270,0,0,0
0,116.6509,0,0,0,270,0,0,0
0,116.6641,0,0,0,270,0,0,0
0,116.6762,0,0,0,270,0,0,0
0,116.6883,0,0,0,270,0,0,0
0,116.7113,0,0,0,270,0,0,0
0,116.7471,0,0,0,270,0,0,0
0,116.7537,0,0,0,270,0,0,0
0,116.7599,0,0,0,270,0,0,0
0,116.7664,0,0,0,270,0,0,0
0,116.7724,0,0,0,270,0,0,0
0,116.7787,0,0,0,270,0,0,0
0,116.7841,0,0,0,270,0,0,0
0,116.7903,0,0,0,270,0,0,0
0,116.7974,0,0,0,270,0,0,0
0,116.8035,0,0,0,270,0,0,0
0,116.8172,0,0,0,270,0,0,0
0,116.8244,0,0,0,270,0,0,0
0,116.8311,0,0,0,270,0,0,0
0,116.8378,0,0,0,270,0,0,0
0,116.8454,0,0,0,270,0,0,0
0,116.8514,0,0,0,270,0,0,0
0,116.8583,0,0,0,270,0,0,0
0,116.8652,0,0,0,270,0,0,0
0,116.8714,0,0,0,270,0,0,0
0,116.8789,0,0,0,270,0,0,0
0,116.8861,0,0,0,270,0,0,0
0,116.893,0,0,0,270,0,0,0
0,116.9,0,0,0,270,0,0,0
0,116.9067,0,0,0,270,0,0,0
0,116.9134,0,0,0,270,0,0,0
0,116.9227,0,0,0,270,0,0,0
0,116.9471,0,0,0,270,0,0,0
0,116.9538,0,0,0,270,0,0,0
0,116.9615,0,0,0,270,0,0,0
0,116.9687,0,0,0,270,0,0,0
0,116.9753,0,0,0,270,0,0,0
0,116.9819,0,0,0,270,0,0,0
0,116.9899,0,0,0,270,0,0,0
0,116.9977,0,0,0,270,0,0,0
0,117.0042,0,0,0,270,0,0,0
0,117.0117,0,0,0,270,0,0,0
0,117.0195,0,0,0,270,0,0,0
0,117.0266,0,0,0,270,0,0,0
0,117.034,0,0,0,270,0,0,0
0,117.0423,0,0,0,270,0,0,0
0,117.0516,0,0,0,270,0,0,0
0,117.0833,0,0,0,270,0,0,0
0,117.1159,0,0,0,270,0,0,0
0,117.1301,0,0,0,270,0,0,0
0,117.1376,0,0,0,270,0,0,0
0,117.1591,0,0,0,270,0,0,0
0,117.1663,0,0,0,270,0,0,0
0,117.177,0,0,0,270,0,0,0
0,117.1886,0,0,0,270,0,0,0
0,117.1974,0,0,0,270,0,0,0
0,117.2065,0,0,0,270,0,0,0
0,117.2141,0,0,0,270,0,0,0
0,117.2227,0,0,0,270,0,0,0
0,117.2366,0,0,0,270,0,0,0
0,117.2529,0,0,0,270,0,0,0
0,117.2793,0,0,0,270,0,0,0
0,117.3059,0,0,0,270,0,0,0
0,117.3157,0,0,0,270,0,0,0
0,117.3294,0,0,0,270,0,0,0
0,117.3401,0,0,0,270,0,0,0
0,117.3697,0,0,0,270,0,0,0
0,117.3792,0,0,0,270,0,0,0
0,117.3876,0,0,0,270,0,0,0
0,117.406,0,0,0,270,0,0,0
0,117.4136,0,0,0,270,0,0,0
0,117.4228,0,0,0,270,0,0,0
0,117.4306,0,0,0,270,0,0,0
0,117.439,0,0,0,270,0,0,0
0,117.4476,0,0,0,270,0,0,0
0,117.458,0,0,0,270,0,0,0
0,117.4663,0,0,0,270,0,0,0
0,117.4743,0,0,0,270,0,0,0
0,117.4825,0,0,0,270,0,0,0
0,117.49,0,0,0,270,0,0,0
0,117.4975,0,0,0,270,0,0,0
0,117.5051,0,0,0,270,0,0,0
0,117.511,0,0,0,270,0,0,0
0,117.5175,0,0,0,270,0,0,0
0,117.5266,0,0,0,270,0,0,0
0,117.534,0,0,0,270,0,0,0
0,117.5404,0,0,0,270,0,0,0
0,117.5485,0,0,0,270,0,0,0
0,117.556,0,0,0,270,0,0,0
0,117.5627,0,0,0,270,0,0,0
0,117.5704,0,0,0,270,0,0,0
0,117.585,0,0,0,270,0,0,0
0,117.5913,0,0,0,270,0,0,0
0,117.5984,0,0,0,270,0,0,0
0,117.6047,0,0,0,270,0,0,0
0,117.6114,0,0,0,270,0,0,0
0,117.6176,0,0,0,270,0,0,0
0,117.6237,0,0,0,270,0,0,0
0,117.6314,0,0,0,270,0,0,0
0,117.6378,0,0,0,270,0,0,0
0,117.6451,0,0,0,270,0,0,0
0,117.6514,0,0,0,270,0,0,0
0,117.658,0,0,0,270,0,0,0
0,117.6641,0,0,0,270,0,0,0
0,117.67,0,0,0,270,0,0,0
0,117.6762,0,0,0,270,0,0,0
0,117.6824,0,0,0,270,0,0,0
0,117.6898,0,0,0,270,0,0,0
0,117.6974,0,0,0,270,0,0,0
0,117.7042,0,0,0,270,0,0,0
0,117.7122,0,0,0,270,0,0,0
0,117.7199,0,0,0,270,0,0,0
0,117.7263,0,0,0,270,0,0,0
0,117.733,0,0,0,270,0,0,0
0,117.7397,0,0,0,270,0,0,0
0,117.7472,0,0,0,270,0,0,0
0,117.755,0,0,0,270,0,0,0
0,117.7605,0,0,0,270,0,0,0
0,117.7676,0,0,0,270,0,0,0
0,117.7737,0,0,0,270,0,0,0
0,117.7802,0,0,0,270,0,0,0
0,117.7867,0,0,0,270,0,0,0
0,117.7929,0,0,0,270,0,0,0
0,117.8011,0,0,0,270,0,0,0
0,117.8066,0,0,0,270,0,0,0
0,117.813,0,0,0,270,0,0,0
0,117.8198,0,0,0,270,0,0,0
0,117.8262,0,0,0,270,0,0,0
0,117.8331,0,0,0,270,0,0,0
0,117.8399,0,0,0,270,0,0,0
0,117.8462,0,0,0,270,0,0,0
0,117.8517,0,0,0,270,0,0,0
0,117.8591,0,0,0,270,0,0,0
0,117.8661,0,0,0,270,0,0,0
0,117.8727,0,0,0,270,0,0,0
0,117.8796,0,0,0,270,0,0,0
0,117.8852,0,0,0,270,0,0,0
0,117.8921,0,0,0,270,0,0,0
0,117.8996,0,0,0,270,0,0,0
0,117.9056,0,0,0,270,0,0,0
0,117.9124,0,0,0,270,0,0,0
0,117.9179,0,0,0,270,0,0,0
0,117.925,0,0,0,270,0,0,0
0,117.9322,0,0,0,270,0,0,0
0,117.9385,0,0,0,270,0,0,0
0,117.9458,0,0,0,270,0,0,0
0,117.9536,0,0,0,270,0,0,0
0,117.9598,0,0,0,270,0,0,0
0,117.9663,0,0,0,270,0,0,0
0,117.9723,0,0,0,270,0,0,0
0,117.978,0,0,0,270,0,0,0
0,117.9845,0,0,0,270,0,0,0
0,117.991,0,0,0,270,0,0,0
0,117.9973,0,0,0,270,0,0,0
0,118.0033,0,0,0,270,0,0,0
0,118.0093,0,0,0,270,0,0,0
0,118.0162,0,0,0,270,0,0,0
0,118.0238,0,0,0,270,0,0,0
0,118.0307,0,0,0,270,0,0,0
0,118.0379,0,0,0,270,0,0,0
0,118.0465,0,0,0,270,0,0,0
0,118.054,0,0,0,270,0,0,0
0,118.0599,0,0,0,270,0,0,0
0,118.0675,0,0,0,270,0,0,0
0,118.075,0,0,0,270,0,0,0
0,118.0825,0,0,0,270,0,0,0
0,118.0902,0,0,0,270,0,0,0
0,118.0993,0,0,0,270,0,0,0
0,118.1073,0,0,0,270,0,0,0
0,118.1154,0,0,0,270,0,0,0
0,118.1226,0,0,0,270,0,0,0
0,118.1295,0,0,0,270,0,0,0
0,118.1359,0,0,0,270,0,0,0
0,118.1432,0,0,0,270,0,0,0
0,118.1502,0,0,0,270,0,0,0
0,118.1566,0,0,0,270,0,0,0
0,118.1623,0,0,0,270,0,0,0
0,118.1684,0,0,0,270,0,0,0
0,118.1757,0,0,0,270,0,0,0
0,118.1819,0,0,0,270,0,0,0
0,118.1888,0,0,0,270,0,0,0
0,118.195,0,0,0,270,0,0,0
0,118.2016,0,0,0,270,0,0,0
0,118.2088,0,0,0,270,0,0,0
0,118.2154,0,0,0,270,0,0,0
0,118.2222,0,0,0,270,0,0,0
0,118.2278,0,0,0,270,0,0,0
0,118.2349,0,0,0,270,0,0,0
0,118.2417,0,0,0,270,0,0,0
0,118.2476,0,0,0,270,0,0,0
0,118.2557,0,0,0,270,0,0,0
0,118.2651,0,0,0,270,0,0,0
0,118.2753,0,0,0,270,0,0,0
0,118.2841,0,0,0,270,0,0,0
0,118.2957,0,0,0,270,0,0,0
0,118.3106,0,0,0,270,0,0,0
0,118.3181,0,0,0,270,0,0,0
0,118.3288,0,0,0,270,0,0,0
0,118.3415,0,0,0,270,0,0,0
0,118.3724,0,0,0,270,0,0,0
0,118.3996,0,0,0,270,0,0,0
0,118.4203,0,0,0,270,0,0,0
0,118.4266,0,0,0,270,0,0,0
0,118.4337,0,0,0,270,0,0,0
0,118.444,0,0,0,270,0,0,0
0,118.4564,0,0,0,270,0,0,0
0,118.4714,0,0,0,270,0,0,0
0,118.4946,0,0,0,270,0,0,0
0,118.5068,0,0,0,270,0,0,0
0,118.5204,0,0,0,270,0,0,0
0,118.528,0,0,0,270,0,0,0
0,118.5398,0,0,0,270,0,0,0
0,118.5473,0,0,0,270,0,0,0
0,118.556,0,0,0,270,0,0,0
0,118.5692,0,0,0,270,0,0,0
0,118.5758,0,0,0,270,0,0,0
0,118.5859,0,0,0,270,0,0,0
0,118.596,0,0,0,270,0,0,0
0,118.6251,0,0,0,270,0,0,0
0,118.6338,0,0,0,270,0,0,0
0,118.6451,0,0,0,270,0,0,0
0,118.6534,0,0,0,270,0,0,0
0,118.6631,0,0,0,270,0,0,0
0,118.6755,0,0,0,270,0,0,0
0,118.6842,0,0,0,270,0,0,0
0,118.7065,0,0,0,270,0,0,0
0,118.7165,0,0,0,270,0,0,0
0,118.7432,0,0,0,270,0,0,0
0,118.7556,0,0,0,270,0,0,0
0,118.7693,0,0,0,270,0,0,0
0,118.7797,0,0,0,270,0,0,0
0,118.7898,0,0,0,270,0,0,0
0,118.8007,0,0,0,270,0,0,0
0,118.8118,0,0,0,270,0,0,0
0,118.8267,0,0,0,270,0,0,0
0,118.8392,0,0,0,270,0,0,0
0,118.8544,0,0,0,270,0,0,0
0,118.8654,0,0,0,270,0,0,0
0,118.8718,0,0,0,270,0,0,0
0,118.8791,0,0,0,270,0,0,0
0,118.8851,0,0,0,270,0,0,0
0,118.8916,0,0,0,270,0,0,0
0,118.898,0,0,0,270,0,0,0
0,118.9044,0,0,0,270,0,0,0
0,118.9123,0,0,0,270,0,0,0
0,118.9203,0,0,0,270,0,0,0
0,118.9283,0,0,0,270,0,0,0
0,118.9363,0,0,0,270,0,0,0
0,118.9501,0,0,0,270,0,0,0
0,118.9583,0,0,0,270,0,0,0
0,118.9655,0,0,0,270,0,0,0
0,118.9717,0,0,0,270,0,0,0
0,118.9786,0,0,0,270,0,0,0
0,118.9884,0,0,0,270,0,0,0
0,119.0077,0,0,0,270,0,0,0
0,119.0183,0,0,0,270,0,0,0
0,119.0255,0,0,0,270,0,0,0
0,119.0358,0,0,0,270,0,0,0
0,119.0431,0,0,0,270,0,0,0
0,119.0514,0,0,0,270,0,0,0
0,119.0655,0,0,0,270,0,0,0
0,119.0873,0,0,0,270,0,0,0
0,119.0929,0,0,0,270,0,0,0
0,119.1004,0,0,0,270,0,0,0
0,119.1093,0,0,0,270,0,0,0
0,119.1167,0,0,0,270,0,0,0
0,119.1251,0,0,0,270,0,0,0
0,119.1319,0,0,0,270,0,0,0
0,119.1376,0,0,0,270,0,0,0
0,119.1444,0,0,0,270,0,0,0
0,119.1501,0,0,0,270,0,0,0
0,119.1644,0,0,0,270,0,0,0
0,119.1694,0,0,0,270,0,0,0
0,119.1756,0,0,0,270,0,0,0
0,119.1806,0,0,0,270,0,0,0
0,119.1866,0,0,0,270,0,0,0
0,119.1918,0,0,0,270,0,0,0
0,119.1975,0,0,0,270,0,0,0
0,119.2039,0,0,0,270,0,0,0
0,119.21,0,0,0,270,0,0,0
0,119.2152,0,0,0,270,0,0,0
0,119.2225,0,0,0,270,0,0,0
0,119.2274,0,0,0,270,0,0,0
0,119.2329,0,0,0,270,0,0,0
0,119.2388,0,0,0,270,0,0,0
0,119.2444,0,0,0,270,0,0,0
0,119.2494,0,0,0,270,0,0,0
0,119.2557,0,0,0,270,0,0,0
0,119.2613,0,0,0,270,0,0,0
0,119.2679,0,0,0,270,0,0,0
0,119.273,0,0,0,270,0,0,0
0,119.2788,0,0,0,270,0,0,0
0,119.2864,0,0,0,270,0,0,0
0,119.2938,0,0,0,270,0,0,0
0,119.3029,0,0,0,270,0,0,0
0,119.3112,0,0,0,270,0,0,0
0,119.3181,0,0,0,270,0,0,0
0,119.3242,0,0,0,270,0,0,0
0,119.3306,0,0,0,270,0,0,0
0,119.3359,0,0,0,270,0,0,0
0,119.3422,0,0,0,270,0,0,0
0,119.3471,0,0,0,270,0,0,0
0,119.3529,0,0,0,270,0,0,0
0,119.3583,0,0,0,270,0,0,0
0,119.3636,0,0,0,270,0,0,0
0,119.3684,0,0,0,270,0,0,0
0,119.3735,0,0,0,270,0,0,0
0,119.3793,0,0,0,270,0,0,0
0,119.384,0,0,0,270,0,0,0
0,119.3901,0,0,0,270,0,0,0
0,119.3962,0,0,0,270,0,0,0
0,119.4024,0,0,0,270,0,0,0
0,119.4091,0,0,0,270,0,0,0
0,119.4186,0,0,0,270,0,0,0
0,119.4374,0,0,0,270,0,0,0
0,119.4481,0,0,0,270,0,0,0
0,119.4583,0,0,0,270,0,0,0
0,119.4676,0,0,0,270,0,0,0
0,119.478,0,0,0,270,0,0,0
0,119.4892,0,0,0,270,0,0,0
0,119.4997,0,0,0,270,0,0,0
0,119.511,0,0,0,270,0,0,0
0,119.523,0,0,0,270,0,0,0
0,119.5343,0,0,0,270,0,0,0
0,119.5442,0,0,0,270,0,0,0
0,119.5545,0,0,0,270,0,0,0
0,119.5643,0,0,0,270,0,0,0
0,119.5735,0,0,0,270,0,0,0
0,119.5837,0,0,0,270,0,0,0
0,119.5946,0,0,0,270,0,0,0
0,119.6051,0,0,0,270,0,0,0
0,119.6189,0,0,0,270,0,0,0
0,119.6351,0,0,0,270,0,0,0
0,119.6513,0,0,0,270,0,0,0
0,119.6688,0,0,0,270,0,0,0
0,119.6838,0,0,0,270,0,0,0
0,119.6991,0,0,0,270,0,0,0
0,119.7133,0,0,0,270,0,0,0
0,119.7286,0,0,0,270,0,0,0
0,119.7463,0,0,0,270,0,0,0
0,119.7619,0,0,0,270,0,0,0
0,119.789,0,0,0,270,0,0,0
0,119.805,0,0,0,270,0,0,0
0,119.8222,0,0,0,270,0,0,0
0,119.8376,0,0,0,270,0,0,0
0,119.8546,0,0,0,270,0,0,0
0,119.8723,0,0,0,270,0,0,0
0,119.8876,0,0,0,270,0,0,0
0,119.9021,0,0,0,270,0,0,0
0,119.9162,0,0,0,270,0,0,0
0,119.93,0,0,0,270,0,0,0
0,119.9444,0,0,0,270,0,0,0
0,119.9596,0,0,0,270,0,0,0
0,119.976,0,0,0,270,0,0,0
0,119.9918,0,0,0,270,0,0,0
0,120.0062,0,0,0,270,0,0,0
0,120.0219,0,0,0,270,0,0,0
0,120.0364,0,0,0,270,0,0,0
0,120.0536,0,0,0,270,0,0,0
0,120.0699,0,0,0,270,0,0,0
0,120.0842,0,0,0,270,0,0,0
0,120.0988,0,0,0,270,0,0,0
0,120.1113,0,0,0,270,0,0,0
0,120.1263,0,0,0,270,0,0,0
0,120.1429,0,0,0,270,0,0,0
0,120.1585,0,0,0,270,0,0,0
0,120.1727,0,0,0,270,0,0,0
0,120.1872,0,0,0,270,0,0,0
0,120.2034,0,0,0,270,0,0,0
0,120.2176,0,0,0,270,0,0,0
0,120.2328,0,0,0,270,0,0,0
0,120.2472,0,0,0,270,0,0,0
0,120.2598,0,0,0,270,0,0,0
0,120.2739,0,0,0,270,0,0,0
0,120.2868,0,0,0,270,0,0,0
0,120.2996,0,0,0,270,0,0,0
0,120.3124,0,0,0,270,0,0,0
0,120.327,0,0,0,270,0,0,0
0,120.3441,0,0,0,270,0,0,0
0,120.3555,0,0,0,270,0,0,0
0,120.3683,0,0,0,270,0,0,0
0,120.3804,0,0,0,270,0,0,0
0,120.3938,0,0,0,270,0,0,0
0,120.4059,0,0,0,270,0,0,0
0,120.4168,0,0,0,270,0,0,0
0,120.4279,0,0,0,270,0,0,0
0,120.439,0,0,0,270,0,0,0
0,120.4537,0,0,0,270,0,0,0
0,120.4658,0,0,0,270,0,0,0
0,120.4766,0,0,0,270,0,0,0
0,120.4943,0,0,0,270,0,0,0
0,120.5044,0,0,0,270,0,0,0
0,120.5151,0,0,0,270,0,0,0
0,120.5249,0,0,0,270,0,0,0
0,120.5345,0,0,0,270,0,0,0
0,120.545,0,0,0,270,0,0,0
0,120.5543,0,0,0,270,0,0,0
0,120.5644,0,0,0,270,0,0,0
0,120.5736,0,0,0,270,0,0,0
0,120.5835,0,0,0,270,0,0,0
0,120.5934,0,0,0,270,0,0,0
0,120.6049,0,0,0,270,0,0,0
0,120.6158,0,0,0,270,0,0,0
0,120.6264,0,0,0,270,0,0,0
0,120.6369,0,0,0,270,0,0,0
0,120.6482,0,0,0,270,0,0,0
0,120.6599,0,0,0,270,0,0,0
0,120.67,0,0,0,270,0,0,0
0,120.68,0,0,0,270,0,0,0
0,120.6905,0,0,0,270,0,0,0
0,120.7008,0,0,0,270,0,0,0
0,120.7109,0,0,0,270,0,0,0
0,120.7224,0,0,0,270,0,0,0
0,120.7346,0,0,0,270,0,0,0
0,120.7454,0,0,0,270,0,0,0
0,120.7569,0,0,0,270,0,0,0
0,120.7692,0,0,0,270,0,0,0
0,120.781,0,0,0,270,0,0,0
0,120.7915,0,0,0,270,0,0,0
0,120.8062,0,0,0,270,0,0,0
0,120.8183,0,0,0,270,0,0,0
0,120.8335,0,0,0,270,0,0,0
0,120.8465,0,0,0,270,0,0,0
0,120.8578,0,0,0,270,0,0,0
0,120.8697,0,0,0,270,0,0,0
0,120.8848,0,0,0,270,0,0,0
0,120.8992,0,0,0,270,0,0,0
0,120.9126,0,0,0,270,0,0,0
0,120.9279,0,0,0,270,0,0,0
0,120.9427,0,0,0,270,0,0,0
0,120.957,0,0,0,270,0,0,0
0,120.9712,0,0,0,270,0,0,0
0,120.9853,0,0,0,270,0,0,0
0,121.0005,0,0,0,270,0,0,0
0,121.0153,0,0,0,270,0,0,0
0,121.0289,0,0,0,270,0,0,0
0,121.0435,0,0,0,270,0,0,0
0,121.0572,0,0,0,270,0,0,0
0,121.0717,0,0,0,270,0,0,0
0,121.0919,0,0,0,270,0,0,0
0,121.1048,0,0,0,270,0,0,0
0,121.1198,0,0,0,270,0,0,0
0,121.1343,0,0,0,270,0,0,0
0,121.1515,0,0,0,270,0,0,0
0,121.1684,0,0,0,270,0,0,0
0,121.1825,0,0,0,270,0,0,0
0,121.1961,0,0,0,270,0,0,0
0,121.2113,0,0,0,270,0,0,0
0,121.2253,0,0,0,270,0,0,0
0,121.2378,0,0,0,270,0,0,0
0,121.2502,0,0,0,270,0,0,0
0,121.2613,0,0,0,270,0,0,0
0,121.2744,0,0,0,270,0,0,0
0,121.2884,0,0,0,270,0,0,0
0,121.3024,0,0,0,270,0,0,0
0,121.3152,0,0,0,270,0,0,0
0,121.3285,0,0,0,270,0,0,0
0,121.3435,0,0,0,270,0,0,0
0,121.3608,0,0,0,270,0,0,0
0,121.3787,0,0,0,270,0,0,0
0,121.3922,0,0,0,270,0,0,0
0,121.4066,0,0,0,270,0,0,0
0,121.4208,0,0,0,270,0,0,0
0,121.4358,0,0,0,270,0,0,0
0,121.4493,0,0,0,270,0,0,0
0,121.4629,0,0,0,270,0,0,0
0,121.4763,0,0,0,270,0,0,0
0,121.4897,0,0,0,270,0,0,0
0,121.5016,0,0,0,270,0,0,0
0,121.5132,0,0,0,270,0,0,0
0,121.5251,0,0,0,270,0,0,0
0,121.5396,0,0,0,270,0,0,0
0,121.5535,0,0,0,270,0,0,0
0,121.5666,0,0,0,270,0,0,0
0,121.5798,0,0,0,270,0,0,0
0,121.5919,0,0,0,270,0,0,0
0,121.6046,0,0,0,270,0,0,0
0,121.6204,0,0,0,270,0,0,0
0,121.6336,0,0,0,270,0,0,0
0,121.6481,0,0,0,270,0,0,0
0,121.6619,0,0,0,270,0,0,0
0,121.6739,0,0,0,270,0,0,0
0,121.6883,0,0,0,270,0,0,0
0,121.7012,0,0,0,270,0,0,0
0,121.7146,0,0,0,270,0,0,0
0,121.728,0,0,0,270,0,0,0
0,121.742,0,0,0,270,0,0,0
0,121.7551,0,0,0,270,0,0,0
0,121.7776,0,0,0,270,0,0,0
0,121.7903,0,0,0,270,0,0,0
0,121.8062,0,0,0,270,0,0,0
0,121.8241,0,0,0,270,0,0,0
0,121.8384,0,0,0,270,0,0,0
0,121.8521,0,0,0,270,0,0,0
0,121.8651,0,0,0,270,0,0,0
0,121.8763,0,0,0,270,0,0,0
0,121.8878,0,0,0,270,0,0,0
0,121.8992,0,0,0,270,0,0,0
0,121.9131,0,0,0,270,0,0,0
0,121.9267,0,0,0,270,0,0,0
0,121.9413,0,0,0,270,0,0,0
0,121.9559,0,0,0,270,0,0,0
0,121.9687,0,0,0,270,0,0,0
0,121.9824,0,0,0,270,0,0,0
0,121.9958,0,0,0,270,0,0,0
0,122.01,0,0,0,270,0,0,0
0,122.0223,0,0,0,270,0,0,0
0,122.0372,0,0,0,270,0,0,0
0,122.0488,0,0,0,270,0,0,0
0,122.0619,0,0,0,270,0,0,0
0,122.0754,0,0,0,270,0,0,0
0,122.088,0,0,0,270,0,0,0
0,122.1042,0,0,0,270,0,0,0
0,122.1208,0,0,0,270,0,0,0
0,122.1383,0,0,0,270,0,0,0
0,122.1621,0,0,0,270,0,0,0
0,122.183,0,0,0,270,0,0,0
0,122.207,0,0,0,270,0,0,0
0,122.226,0,0,0,270,0,0,0
0,122.2473,0,0,0,270,0,0,0
0,122.27,0,0,0,270,0,0,0
0,122.291,0,0,0,270,0,0,0
0,122.3103,0,0,0,270,0,0,0
0,122.3286,0,0,0,270,0,0,0
0,122.3412,0,0,0,270,0,0,0
0,122.3554,0,0,0,270,0,0,0
0,122.3717,0,0,0,270,0,0,0
0,122.3918,0,0,0,270,0,0,0
0,122.4144,0,0,0,270,0,0,0
0,122.4304,0,0,0,270,0,0,0
0,122.4455,0,0,0,270,0,0,0
0,122.4638,0,0,0,270,0,0,0
0,122.4788,0,0,0,270,0,0,0
0,122.4944,0,0,0,270,0,0,0
0,122.5095,0,0,0,270,0,0,0
0,122.526,0,0,0,270,0,0,0
0,122.5471,0,0,0,270,0,0,0
0,122.5589,0,0,0,270,0,0,0
0,122.5725,0,0,0,270,0,0,0
0,122.5876,0,0,0,270,0,0,0
0,122.6012,0,0,0,270,0,0,0
0,122.6156,0,0,0,270,0,0,0
0,122.6286,0,0,0,270,0,0,0
0,122.6411,0,0,0,270,0,0,0
0,122.6554,0,0,0,270,0,0,0
0,122.6693,0,0,0,270,0,0,0
0,122.6824,0,0,0,270,0,0,0
0,122.6946,0,0,0,270,0,0,0
0,122.7074,0,0,0,270,0,0,0
0,122.7214,0,0,0,270,0,0,0
0,122.7374,0,0,0,270,0,0,0
0,122.7509,0,0,0,270,0,0,0
0,122.7656,0,0,0,270,0,0,0
0,122.7787,0,0,0,270,0,0,0
0,122.7917,0,0,0,270,0,0,0
0,122.8069,0,0,0,270,0,0,0
0,122.8221,0,0,0,270,0,0,0
0,122.8376,0,0,0,270,0,0,0
0,122.8536,0,0,0,270,0,0,0
0,122.8673,0,0,0,270,0,0,0
0,122.8811,0,0,0,270,0,0,0
0,122.8943,0,0,0,270,0,0,0
0,122.9079,0,0,0,270,0,0,0
0,122.9211,0,0,0,270,0,0,0
0,122.9343,0,0,0,270,0,0,0
0,122.9482,0,0,0,270,0,0,0
0,122.9618,0,0,0,270,0,0,0
0,122.9775,0,0,0,270,0,0,0
0,122.9908,0,0,0,270,0,0,0
0,123.0059,0,0,0,270,0,0,0
0,123.0204,0,0,0,270,0,0,0
0,123.0336,0,0,0,270,0,0,0
0,123.0464,0,0,0,270,0,0,0
0,123.0609,0,0,0,270,0,0,0
0,123.0797,0,0,0,270,0,0,0
0,123.1063,0,0,0,270,0,0,0
0,123.1132,0,0,0,270,0,0,0
0,123.1207,0,0,0,270,0,0,0
0,123.1275,0,0,0,270,0,0,0
0,123.1347,0,0,0,270,0,0,0
0,123.142,0,0,0,270,0,0,0
0,123.1486,0,0,0,270,0,0,0
0,123.1569,0,0,0,270,0,0,0
0,123.1648,0,0,0,270,0,0,0
0,123.1711,0,0,0,270,0,0,0
0,123.1792,0,0,0,270,0,0,0
0,123.1878,0,0,0,270,0,0,0
0,123.1976,0,0,0,270,0,0,0
0,123.2068,0,0,0,270,0,0,0
0,123.2175,0,0,0,270,0,0,0
0,123.2486,0,0,0,270,0,0,0
0,123.2554,0,0,0,270,0,0,0
0,123.2615,0,0,0,270,0,0,0
0,123.2679,0,0,0,270,0,0,0
0,123.2737,0,0,0,270,0,0,0
0,123.2811,0,0,0,270,0,0,0
0,123.2883,0,0,0,270,0,0,0
0,123.2965,0,0,0,270,0,0,0
0,123.3037,0,0,0,270,0,0,0
0,123.3105,0,0,0,270,0,0,0
0,123.3166,0,0,0,270,0,0,0
0,123.3219,0,0,0,270,0,0,0
0,123.3281,0,0,0,270,0,0,0
0,123.334,0,0,0,270,0,0,0
0,123.3403,0,0,0,270,0,0,0
0,123.3476,0,0,0,270,0,0,0
0,123.3535,0,0,0,270,0,0,0
0,123.361,0,0,0,270,0,0,0
0,123.3694,0,0,0,270,0,0,0
0,123.3782,0,0,0,270,0,0,0
0,123.3856,0,0,0,270,0,0,0
0,123.3948,0,0,0,270,0,0,0
0,123.4033,0,0,0,270,0,0,0
0,123.4111,0,0,0,270,0,0,0
0,123.4181,0,0,0,270,0,0,0
0,123.4278,0,0,0,270,0,0,0
0,123.4412,0,0,0,270,0,0,0
0,123.4634,0,0,0,270,0,0,0
0,123.472,0,0,0,270,0,0,0
0,123.4803,0,0,0,270,0,0,0
0,123.4876,0,0,0,270,0,0,0
0,123.4941,0,0,0,270,0,0,0
0,123.5018,0,0,0,270,0,0,0
0,123.5089,0,0,0,270,0,0,0
0,123.5156,0,0,0,270,0,0,0
0,123.5228,0,0,0,270,0,0,0
0,123.5313,0,0,0,270,0,0,0
0,123.5383,0,0,0,270,0,0,0
0,123.5451,0,0,0,270,0,0,0
0,123.5514,0,0,0,270,0,0,0
0,123.5581,0,0,0,270,0,0,0
0,123.5661,0,0,0,270,0,0,0
0,123.5736,0,0,0,270,0,0,0
0,123.5811,0,0,0,270,0,0,0
0,123.5884,0,0,0,270,0,0,0
0,123.5953,0,0,0,270,0,0,0
0,123.6033,0,0,0,270,0,0,0
0,123.6113,0,0,0,270,0,0,0
0,123.6172,0,0,0,270,0,0,0
0,123.6241,0,0,0,270,0,0,0
0,123.6308,0,0,0,270,0,0,0
0,123.6367,0,0,0,270,0,0,0
0,123.6437,0,0,0,270,0,0,0
0,123.6508,0,0,0,270,0,0,0
0,123.6845,0,0,0,270,0,0,0
0,123.7069,0,0,0,270,0,0,0
0,123.7286,0,0,0,270,0,0,0
0,123.7519,0,0,0,270,0,0,0
0,123.76,0,0,0,270,0,0,0
0,123.7691,0,0,0,270,0,0,0
0,123.7932,0,0,0,270,0,0,0
0,123.8101,0,0,0,270,0,0,0
0,123.824,0,0,0,270,0,0,0
0,123.851,0,0,0,270,0,0,0
0,123.8642,0,0,0,270,0,0,0
0,123.8726,0,0,0,270,0,0,0
0,123.8838,0,0,0,270,0,0,0
0,123.8946,0,0,0,270,0,0,0
0,123.9054,0,0,0,270,0,0,0
0,123.9141,0,0,0,270,0,0,0
0,123.9331,0,0,0,270,0,0,0
0,123.9401,0,0,0,270,0,0,0
0,123.9473,0,0,0,270,0,0,0
0,123.9555,0,0,0,270,0,0,0
0,123.9644,0,0,0,270,0,0,0
0,123.9762,0,0,0,270,0,0,0
0,124.01,0,0,0,270,0,0,0
0,124.0169,0,0,0,270,0,0,0
0,124.0254,0,0,0,270,0,0,0
0,124.0334,0,0,0,270,0,0,0
0,124.0405,0,0,0,270,0,0,0
0,124.0483,0,0,0,270,0,0,0
0,124.0557,0,0,0,270,0,0,0
0,124.063,0,0,0,270,0,0,0
0,124.0706,0,0,0,270,0,0,0
0,124.0785,0,0,0,270,0,0,0
0,124.0848,0,0,0,270,0,0,0
0,124.0917,0,0,0,270,0,0,0
0,124.0998,0,0,0,270,0,0,0
0,124.1056,0,0,0,270,0,0,0
0,124.113,0,0,0,270,0,0,0
0,124.1197,0,0,0,270,0,0,0
0,124.1258,0,0,0,270,0,0,0
0,124.1328,0,0,0,270,0,0,0
0,124.1381,0,0,0,270,0,0,0
0,124.1451,0,0,0,270,0,0,0
0,124.1515,0,0,0,270,0,0,0
0,124.1583,0,0,0,270,0,0,0
0,124.1658,0,0,0,270,0,0,0
0,124.173,0,0,0,270,0,0,0
0,124.1797,0,0,0,270,0,0,0
0,124.1867,0,0,0,270,0,0,0
0,124.1925,0,0,0,270,0,0,0
0,124.1996,0,0,0,270,0,0,0
0,124.2066,0,0,0,270,0,0,0
0,124.215,0,0,0,270,0,0,0
0,124.2235,0,0,0,270,0,0,0
0,124.2314,0,0,0,270,0,0,0
0,124.2393,0,0,0,270,0,0,0
0,124.2474,0,0,0,270,0,0,0
0,124.2565,0,0,0,270,0,0,0
0,124.2622,0,0,0,270,0,0,0
0,124.2692,0,0,0,270,0,0,0
0,124.2753,0,0,0,270,0,0,0
0,124.2821,0,0,0,270,0,0,0
0,124.2892,0,0,0,270,0,0,0
0,124.2958,0,0,0,270,0,0,0
0,124.303,0,0,0,270,0,0,0
0,124.3088,0,0,0,270,0,0,0
0,124.3155,0,0,0,270,0,0,0
0,124.3221,0,0,0,270,0,0,0
0,124.3287,0,0,0,270,0,0,0
0,124.3352,0,0,0,270,0,0,0
0,124.3422,0,0,0,270,0,0,0
0,124.3478,0,0,0,270,0,0,0
0,124.3555,0,0,0,270,0,0,0
0,124.3616,0,0,0,270,0,0,0
0,124.3685,0,0,0,270,0,0,0
0,124.3755,0,0,0,270,0,0,0
0,124.3824,0,0,0,270,0,0,0
0,124.3899,0,0,0,270,0,0,0
0,124.3997,0,0,0,270,0,0,0
0,124.4103,0,0,0,270,0,0,0
0,124.418,0,0,0,270,0,0,0
0,124.4337,0,0,0,270,0,0,0
0,124.4644,0,0,0,270,0,0,0
0,124.4741,0,0,0,270,0,0,0
0,124.4816,0,0,0,270,0,0,0
0,124.4892,0,0,0,270,0,0,0
0,124.4962,0,0,0,270,0,0,0
0,124.504,0,0,0,270,0,0,0
0,124.511,0,0,0,270,0,0,0
0,124.5182,0,0,0,270,0,0,0
0,124.5265,0,0,0,270,0,0,0
0,124.5359,0,0,0,270,0,0,0
0,124.5423,0,0,0,270,0,0,0
0,124.5489,0,0,0,270,0,0,0
0,124.5557,0,0,0,270,0,0,0
0,124.5617,0,0,0,270,0,0,0
0,124.5687,0,0,0,270,0,0,0
0,124.578,0,0,0,270,0,0,0
0,124.5849,0,0,0,270,0,0,0
0,124.5915,0,0,0,270,0,0,0
0,124.5995,0,0,0,270,0,0,0
0,124.6057,0,0,0,270,0,0,0
0,124.6132,0,0,0,270,0,0,0
0,124.6206,0,0,0,270,0,0,0
0,124.6267,0,0,0,270,0,0,0
0,124.6333,0,0,0,270,0,0,0
0,124.6395,0,0,0,270,0,0,0
0,124.6476,0,0,0,270,0,0,0
0,124.6551,0,0,0,270,0,0,0
0,124.6626,0,0,0,270,0,0,0
0,124.6705,0,0,0,270,0,0,0
0,124.6776,0,0,0,270,0,0,0
0,124.6845,0,0,0,270,0,0,0
0,124.692,0,0,0,270,0,0,0
0,124.6985,0,0,0,270,0,0,0
0,124.7054,0,0,0,270,0,0,0
0,124.7123,0,0,0,270,0,0,0
0,124.7197,0,0,0,270,0,0,0
0,124.7265,0,0,0,270,0,0,0
0,124.7339,0,0,0,270,0,0,0
0,124.7417,0,0,0,270,0,0,0
0,124.7494,0,0,0,270,0,0,0
0,124.758,0,0,0,270,0,0,0
0,124.765,0,0,0,270,0,0,0
0,124.7728,0,0,0,270,0,0,0
0,124.7848,0,0,0,270,0,0,0
0,124.8243,0,0,0,270,0,0,0
0,124.8378,0,0,0,270,0,0,0
0,124.8456,0,0,0,270,0,0,0
0,124.8514,0,0,0,270,0,0,0
0,124.8594,0,0,0,270,0,0,0
0,124.8675,0,0,0,270,0,0,0
0,124.8758,0,0,0,270,0,0,0
0,124.8831,0,0,0,270,0,0,0
0,124.891,0,0,0,270,0,0,0
0,124.8984,0,0,0,270,0,0,0
0,124.9045,0,0,0,270,0,0,0
0,124.9111,0,0,0,270,0,0,0
0,124.917,0,0,0,270,0,0,0
0,124.9255,0,0,0,270,0,0,0
0,124.9334,0,0,0,270,0,0,0
0,124.9408,0,0,0,270,0,0,0
0,124.9483,0,0,0,270,0,0,0
0,124.9577,0,0,0,270,0,0,0
0,124.9649,0,0,0,270,0,0,0
0,124.972,0,0,0,270,0,0,0
0,124.9795,0,0,0,270,0,0,0
0,124.9881,0,0,0,270,0,0,0
0,124.9944,0,0,0,270,0,0,0
0,125.0022,0,0,0,270,0,0,0
0,125.0109,0,0,0,270,0,0,0
0,125.0356,0,0,0,270,0,0,0
0,125.0575,0,0,0,270,0,0,0
0,125.0645,0,0,0,270,0,0,0
0,125.0712,0,0,0,270,0,0,0
0,125.0789,0,0,0,270,0,0,0
0,125.0871,0,0,0,270,0,0,0
0,125.0935,0,0,0,270,0,0,0
0,125.0999,0,0,0,270,0,0,0
0,125.1059,0,0,0,270,0,0,0
0,125.1135,0,0,0,270,0,0,0
0,125.1212,0,0,0,270,0,0,0
0,125.1288,0,0,0,270,0,0,0
0,125.136,0,0,0,270,0,0,0
0,125.1445,0,0,0,270,0,0,0
0,125.1516,0,0,0,270,0,0,0
0,125.1601,0,0,0,270,0,0,0
0,125.1679,0,0,0,270,0,0,0
0,125.1761,0,0,0,270,0,0,0
0,125.1842,0,0,0,270,0,0,0
0,125.1926,0,0,0,270,0,0,0
0,125.2013,0,0,0,270,0,0,0
0,125.2096,0,0,0,270,0,0,0
0,125.2174,0,0,0,270,0,0,0
0,125.2273,0,0,0,270,0,0,0
0,125.237,0,0,0,270,0,0,0
0,125.2458,0,0,0,270,0,0,0
0,125.2547,0,0,0,270,0,0,0
0,125.2625,0,0,0,270,0,0,0
0,125.2716,0,0,0,270,0,0,0
0,125.2801,0,0,0,270,0,0,0
0,125.2891,0,0,0,270,0,0,0
0,125.2976,0,0,0,270,0,0,0
0,125.3064,0,0,0,270,0,0,0
0,125.3139,0,0,0,270,0,0,0
0,125.3216,0,0,0,270,0,0,0
0,125.3283,0,0,0,270,0,0,0
0,125.3356,0,0,0,270,0,0,0
0,125.3434,0,0,0,270,0,0,0
0,125.3502,0,0,0,270,0,0,0
0,125.3574,0,0,0,270,0,0,0
0,125.365,0,0,0,270,0,0,0
0,125.3717,0,0,0,270,0,0,0
0,125.379,0,0,0,270,0,0,0
0,125.3865,0,0,0,270,0,0,0
0,125.3932,0,0,0,270,0,0,0
0,125.4008,0,0,0,270,0,0,0
0,125.4085,0,0,0,270,0,0,0
0,125.4172,0,0,0,270,0,0,0
0,125.4268,0,0,0,270,0,0,0
0,125.4371,0,0,0,270,0,0,0
0,125.4489,0,0,0,270,0,0,0
0,125.4576,0,0,0,270,0,0,0
0,125.4651,0,0,0,270,0,0,0
0,125.4731,0,0,0,270,0,0,0
0,125.4842,0,0,0,270,0,0,0
0,125.5003,0,0,0,270,0,0,0
0,125.5339,0,0,0,270,0,0,0
0,125.5428,0,0,0,270,0,0,0
0,125.5506,0,0,0,270,0,0,0
0,125.5585,0,0,0,270,0,0,0
0,125.5661,0,0,0,270,0,0,0
0,125.5732,0,0,0,270,0,0,0
0,125.581,0,0,0,270,0,0,0
0,125.5883,0,0,0,270,0,0,0
0,125.5958,0,0,0,270,0,0,0
0,125.6038,0,0,0,270,0,0,0
0,125.6102,0,0,0,270,0,0,0
0,125.6173,0,0,0,270,0,0,0
0,125.6299,0,0,0,270,0,0,0
0,125.6402,0,0,0,270,0,0,0
0,125.6503,0,0,0,270,0,0,0
0,125.686,0,0,0,270,0,0,0
0,125.6926,0,0,0,270,0,0,0
0,125.6992,0,0,0,270,0,0,0
0,125.7054,0,0,0,270,0,0,0
0,125.711,0,0,0,270,0,0,0
0,125.7163,0,0,0,270,0,0,0
0,125.7224,0,0,0,270,0,0,0
0,125.7273,0,0,0,270,0,0,0
0,125.7328,0,0,0,270,0,0,0
0,125.7376,0,0,0,270,0,0,0
0,125.7431,0,0,0,270,0,0,0
0,125.7488,0,0,0,270,0,0,0
0,125.756,0,0,0,270,0,0,0
0,125.7627,0,0,0,270,0,0,0
0,125.768,0,0,0,270,0,0,0
0,125.7726,0,0,0,270,0,0,0
0,125.7779,0,0,0,270,0,0,0
0,125.7831,0,0,0,270,0,0,0
0,125.7885,0,0,0,270,0,0,0
0,125.7938,0,0,0,270,0,0,0
0,125.7997,0,0,0,270,0,0,0
0,125.8045,0,0,0,270,0,0,0
0,125.8104,0,0,0,270,0,0,0
0,125.8157,0,0,0,270,0,0,0
0,125.8215,0,0,0,270,0,0,0
0,125.8267,0,0,0,270,0,0,0
0,125.8328,0,0,0,270,0,0,0
0,125.8375,0,0,0,270,0,0,0
0,125.8434,0,0,0,270,0,0,0
0,125.8484,0,0,0,270,0,0,0
0,125.8536,0,0,0,270,0,0,0
0,125.8583,0,0,0,270,0,0,0
0,125.8639,0,0,0,270,0,0,0
0,125.8689,0,0,0,270,0,0,0
0,125.8746,0,0,0,270,0,0,0
0,125.8802,0,0,0,270,0,0,0
0,125.885,0,0,0,270,0,0,0
0,125.8906,0,0,0,270,0,0,0
0,125.8959,0,0,0,270,0,0,0
0,125.9018,0,0,0,270,0,0,0
0,125.9071,0,0,0,270,0,0,0
0,125.9128,0,0,0,270,0,0,0
0,125.9175,0,0,0,270,0,0,0
0,125.9236,0,0,0,270,0,0,0
0,125.9287,0,0,0,270,0,0,0
0,125.9339,0,0,0,270,0,0,0
0,125.9395,0,0,0,270,0,0,0
0,125.9464,0,0,0,270,0,0,0
0,125.9509,0,0,0,270,0,0,0
0,125.9566,0,0,0,270,0,0,0
0,125.9613,0,0,0,270,0,0,0
0,125.9676,0,0,0,270,0,0,0
0,125.9729,0,0,0,270,0,0,0
0,125.9787,0,0,0,270,0,0,0
0,125.9845,0,0,0,270,0,0,0
0,125.9905,0,0,0,270,0,0,0
0,125.9957,0,0,0,270,0,0,0
0,126.0023,0,0,0,270,0,0,0
0,126.0082,0,0,0,270,0,0,0
0,126.0135,0,0,0,270,0,0,0
0,126.0184,0,0,0,270,0,0,0
0,126.0237,0,0,0,270,0,0,0
0,126.0281,0,0,0,270,0,0,0
0,126.0339,0,0,0,270,0,0,0
0,126.0393,0,0,0,270,0,0,0
0,126.0443,0,0,0,270,0,0,0
0,126.0491,0,0,0,270,0,0,0
0,126.0541,0,0,0,270,0,0,0
0,126.059,0,0,0,270,0,0,0
0,126.0647,0,0,0,270,0,0,0
0,126.0694,0,0,0,270,0,0,0
0,126.0738,0,0,0,270,0,0,0
0,126.0793,0,0,0,270,0,0,0
0,126.0844,0,0,0,270,0,0,0
0,126.0903,0,0,0,270,0,0,0
0,126.095,0,0,0,270,0,0,0
0,126.1005,0,0,0,270,0,0,0
0,126.1066,0,0,0,270,0,0,0
0,126.1122,0,0,0,270,0,0,0
0,126.1171,0,0,0,270,0,0,0
0,126.1223,0,0,0,270,0,0,0
0,126.1275,0,0,0,270,0,0,0
0,126.1334,0,0,0,270,0,0,0
0,126.1387,0,0,0,270,0,0,0
0,126.1443,0,0,0,270,0,0,0
0,126.1493,0,0,0,270,0,0,0
0,126.1544,0,0,0,270,0,0,0
0,126.1603,0,0,0,270,0,0,0
0,126.1661,0,0,0,270,0,0,0
0,126.1711,0,0,0,270,0,0,0
0,126.1764,0,0,0,270,0,0,0
0,126.182,0,0,0,270,0,0,0
0,126.1885,0,0,0,270,0,0,0
0,126.194,0,0,0,270,0,0,0
0,126.2014,0,0,0,270,0,0,0
0,126.2075,0,0,0,270,0,0,0
0,126.2138,0,0,0,270,0,0,0
0,126.2205,0,0,0,270,0,0,0
0,126.2274,0,0,0,270,0,0,0
0,126.235,0,0,0,270,0,0,0
0,126.2418,0,0,0,270,0,0,0
0,126.2472,0,0,0,270,0,0,0
0,126.2535,0,0,0,270,0,0,0
0,126.2607,0,0,0,270,0,0,0
0,126.2683,0,0,0,270,0,0,0
0,126.2759,0,0,0,270,0,0,0
0,126.2824,0,0,0,270,0,0,0
0,126.2893,0,0,0,270,0,0,0
0,126.2959,0,0,0,270,0,0,0
0,126.3038,0,0,0,270,0,0,0
0,126.3107,0,0,0,270,0,0,0
0,126.3255,0,0,0,270,0,0,0
0,126.3326,0,0,0,270,0,0,0
0,126.3391,0,0,0,270,0,0,0
0,126.3461,0,0,0,270,0,0,0
0,126.3536,0,0,0,270,0,0,0
0,126.3597,0,0,0,270,0,0,0
0,126.3673,0,0,0,270,0,0,0
0,126.3736,0,0,0,270,0,0,0
0,126.381,0,0,0,270,0,0,0
0,126.3873,0,0,0,270,0,0,0
0,126.3944,0,0,0,270,0,0,0
0,126.4017,0,0,0,270,0,0,0
0,126.4092,0,0,0,270,0,0,0
0,126.4163,0,0,0,270,0,0,0
0,126.4232,0,0,0,270,0,0,0
0,126.43,0,0,0,270,0,0,0
0,126.4382,0,0,0,270,0,0,0
0,126.4461,0,0,0,270,0,0,0
0,126.4529,0,0,0,270,0,0,0
0,126.46,0,0,0,270,0,0,0
0,126.4696,0,0,0,270,0,0,0
0,126.4771,0,0,0,270,0,0,0
0,126.485,0,0,0,270,0,0,0
0,126.4916,0,0,0,270,0,0,0
0,126.4982,0,0,0,270,0,0,0
0,126.5056,0,0,0,270,0,0,0
0,126.5144,0,0,0,270,0,0,0
0,126.5244,0,0,0,270,0,0,0
0,126.533,0,0,0,270,0,0,0
0,126.5404,0,0,0,270,0,0,0
0,126.5487,0,0,0,270,0,0,0
0,126.5567,0,0,0,270,0,0,0
0,126.5644,0,0,0,270,0,0,0
0,126.5712,0,0,0,270,0,0,0
0,126.5786,0,0,0,270,0,0,0
0,126.5863,0,0,0,270,0,0,0
0,126.5927,0,0,0,270,0,0,0
0,126.6,0,0,0,270,0,0,0
0,126.6062,0,0,0,270,0,0,0
0,126.6142,0,0,0,270,0,0,0
0,126.6217,0,0,0,270,0,0,0
0,126.6287,0,0,0,270,0,0,0
0,126.636,0,0,0,270,0,0,0
0,126.6426,0,0,0,270,0,0,0
0,126.6481,0,0,0,270,0,0,0
0,126.654,0,0,0,270,0,0,0
0,126.6589,0,0,0,270,0,0,0
0,126.6646,0,0,0,270,0,0,0
0,126.6701,0,0,0,270,0,0,0
0,126.676,0,0,0,270,0,0,0
0,126.6811,0,0,0,270,0,0,0
0,126.688,0,0,0,270,0,0,0
0,126.694,0,0,0,270,0,0,0
0,126.7014,0,0,0,270,0,0,0
0,126.7076,0,0,0,270,0,0,0
0,126.715,0,0,0,270,0,0,0
0,126.7224,0,0,0,270,0,0,0
0,126.7282,0,0,0,270,0,0,0
0,126.735,0,0,0,270,0,0,0
0,126.7426,0,0,0,270,0,0,0
0,126.7491,0,0,0,270,0,0,0
0,126.7564,0,0,0,270,0,0,0
0,126.7646,0,0,0,270,0,0,0
0,126.7714,0,0,0,270,0,0,0
0,126.7792,0,0,0,270,0,0,0
0,126.7866,0,0,0,270,0,0,0
0,126.7928,0,0,0,270,0,0,0
0,126.801,0,0,0,270,0,0,0
0,126.8087,0,0,0,270,0,0,0
0,126.8151,0,0,0,270,0,0,0
0,126.8213,0,0,0,270,0,0,0
0,126.8274,0,0,0,270,0,0,0
0,126.8349,0,0,0,270,0,0,0
0,126.8426,0,0,0,270,0,0,0
0,126.8479,0,0,0,270,0,0,0
0,126.8543,0,0,0,270,0,0,0
0,126.8598,0,0,0,270,0,0,0
0,126.8655,0,0,0,270,0,0,0
0,126.8709,0,0,0,270,0,0,0
0,126.877,0,0,0,270,0,0,0
0,126.8822,0,0,0,270,0,0,0
0,126.8882,0,0,0,270,0,0,0
0,126.8949,0,0,0,270,0,0,0
0,126.901,0,0,0,270,0,0,0
0,126.9076,0,0,0,270,0,0,0
0,126.9158,0,0,0,270,0,0,0
0,126.923,0,0,0,270,0,0,0
0,126.9281,0,0,0,270,0,0,0
0,126.9335,0,0,0,270,0,0,0
0,126.9385,0,0,0,270,0,0,0
0,126.9441,0,0,0,270,0,0,0
0,126.9489,0,0,0,270,0,0,0
0,126.9541,0,0,0,270,0,0,0
0,126.9589,0,0,0,270,0,0,0
0,126.9638,0,0,0,270,0,0,0
0,126.9686,0,0,0,270,0,0,0
0,126.9735,0,0,0,270,0,0,0
0,126.9788,0,0,0,270,0,0,0
0,126.9837,0,0,0,270,0,0,0
0,126.9896,0,0,0,270,0,0,0
0,126.9941,0,0,0,270,0,0,0
0,126.9997,0,0,0,270,0,0,0
0,127.0044,0,0,0,270,0,0,0
0,127.0097,0,0,0,270,0,0,0
0,127.015,0,0,0,270,0,0,0
0,127.0205,0,0,0,270,0,0,0
0,127.0257,0,0,0,270,0,0,0
0,127.0308,0,0,0,270,0,0,0
0,127.0367,0,0,0,270,0,0,0
0,127.0422,0,0,0,270,0,0,0
0,127.0473,0,0,0,270,0,0,0
0,127.0538,0,0,0,270,0,0,0
0,127.0597,0,0,0,270,0,0,0
0,127.0725,0,0,0,270,0,0,0
0,127.078,0,0,0,270,0,0,0
0,127.0832,0,0,0,270,0,0,0
0,127.0892,0,0,0,270,0,0,0
0,127.0959,0,0,0,270,0,0,0
0,127.1018,0,0,0,270,0,0,0
0,127.1063,0,0,0,270,0,0,0
0,127.1115,0,0,0,270,0,0,0
0,127.1177,0,0,0,270,0,0,0
0,127.1361,0,0,0,270,0,0,0
0,127.1543,0,0,0,270,0,0,0
0,127.1724,0,0,0,270,0,0,0
0,127.1898,0,0,0,270,0,0,0
0,127.196,0,0,0,270,0,0,0
0,127.2012,0,0,0,270,0,0,0
0,127.2069,0,0,0,270,0,0,0
0,127.2128,0,0,0,270,0,0,0
0,127.2183,0,0,0,270,0,0,0
0,127.2243,0,0,0,270,0,0,0
0,127.2293,0,0,0,270,0,0,0
0,127.2364,0,0,0,270,0,0,0
0,127.2432,0,0,0,270,0,0,0
0,127.2489,0,0,0,270,0,0,0
0,127.2567,0,0,0,270,0,0,0
0,127.2642,0,0,0,270,0,0,0
0,127.271,0,0,0,270,0,0,0
0,127.2786,0,0,0,270,0,0,0
0,127.2877,0,0,0,270,0,0,0
0,127.2949,0,0,0,270,0,0,0
0,127.3016,0,0,0,270,0,0,0
0,127.3071,0,0,0,270,0,0,0
0,127.3126,0,0,0,270,0,0,0
0,127.3178,0,0,0,270,0,0,0
0,127.3232,0,0,0,270,0,0,0
0,127.3283,0,0,0,270,0,0,0
0,127.334,0,0,0,270,0,0,0
0,127.3397,0,0,0,270,0,0,0
0,127.3462,0,0,0,270,0,0,0
0,127.3526,0,0,0,270,0,0,0
0,127.3583,0,0,0,270,0,0,0
0,127.3652,0,0,0,270,0,0,0
0,127.3708,0,0,0,270,0,0,0
0,127.3775,0,0,0,270,0,0,0
0,127.3836,0,0,0,270,0,0,0
0,127.3915,0,0,0,270,0,0,0
0,127.3985,0,0,0,270,0,0,0
0,127.4057,0,0,0,270,0,0,0
0,127.4125,0,0,0,270,0,0,0
0,127.4217,0,0,0,270,0,0,0
0,127.4319,0,0,0,270,0,0,0
0,127.4406,0,0,0,270,0,0,0
0,127.4508,0,0,0,270,0,0,0
0,127.4637,0,0,0,270,0,0,0
0,127.4743,0,0,0,270,0,0,0
0,127.4861,0,0,0,270,0,0,0
0,127.4947,0,0,0,270,0,0,0
0,127.503,0,0,0,270,0,0,0
0,127.5153,0,0,0,270,0,0,0
0,127.525,0,0,0,270,0,0,0
0,127.5351,0,0,0,270,0,0,0
0,127.5479,0,0,0,270,0,0,0
0,127.5587,0,0,0,270,0,0,0
0,127.5702,0,0,0,270,0,0,0
0,127.5819,0,0,0,270,0,0,0
0,127.5993,0,0,0,270,0,0,0
0,127.6099,0,0,0,270,0,0,0
0,127.6208,0,0,0,270,0,0,0
0,127.6308,0,0,0,270,0,0,0
0,127.6388,0,0,0,270,0,0,0
0,127.6535,0,0,0,270,0,0,0
0,127.6606,0,0,0,270,0,0,0
0,127.6761,0,0,0,270,0,0,0
0,127.6913,0,0,0,270,0,0,0
0,127.7018,0,0,0,270,0,0,0
0,127.7133,0,0,0,270,0,0,0
0,127.7261,0,0,0,270,0,0,0
0,127.7335,0,0,0,270,0,0,0
0,127.7434,0,0,0,270,0,0,0
0,127.7534,0,0,0,270,0,0,0
0,127.7604,0,0,0,270,0,0,0
0,127.7673,0,0,0,270,0,0,0
0,127.7741,0,0,0,270,0,0,0
0,127.7816,0,0,0,270,0,0,0
0,127.7887,0,0,0,270,0,0,0
0,127.796,0,0,0,270,0,0,0
0,127.8031,0,0,0,270,0,0,0
0,127.8143,0,0,0,270,0,0,0
0,127.8216,0,0,0,270,0,0,0
0,127.8282,0,0,0,270,0,0,0
0,127.8353,0,0,0,270,0,0,0
0,127.845,0,0,0,270,0,0,0
0,127.8545,0,0,0,270,0,0,0
0,127.8658,0,0,0,270,0,0,0
0,127.9029,0,0,0,270,0,0,0
0,127.922,0,0,0,270,0,0,0
0,127.9298,0,0,0,270,0,0,0
0,127.9401,0,0,0,270,0,0,0
0,127.9561,0,0,0,270,0,0,0
0,127.9647,0,0,0,270,0,0,0
0,127.9712,0,0,0,270,0,0,0
0,127.9911,0,0,0,270,0,0,0
0,128.0033,0,0,0,270,0,0,0
0,128.0101,0,0,0,270,0,0,0
0,128.0171,0,0,0,270,0,0,0
0,128.0241,0,0,0,270,0,0,0
0,128.0313,0,0,0,270,0,0,0
0,128.0371,0,0,0,270,0,0,0
0,128.0431,0,0,0,270,0,0,0
0,128.049,0,0,0,270,0,0,0
0,128.0556,0,0,0,270,0,0,0
0,128.062,0,0,0,270,0,0,0
0,128.0678,0,0,0,270,0,0,0
0,128.0748,0,0,0,270,0,0,0
0,128.0801,0,0,0,270,0,0,0
0,128.0849,0,0,0,270,0,0,0
0,128.0901,0,0,0,270,0,0,0
0,128.0953,0,0,0,270,0,0,0
0,128.1004,0,0,0,270,0,0,0
0,128.1054,0,0,0,270,0,0,0
0,128.1118,0,0,0,270,0,0,0
0,128.1169,0,0,0,270,0,0,0
0,128.1222,0,0,0,270,0,0,0
0,128.1272,0,0,0,270,0,0,0
0,128.1332,0,0,0,270,0,0,0
0,128.1398,0,0,0,270,0,0,0
0,128.1453,0,0,0,270,0,0,0
0,128.1501,0,0,0,270,0,0,0
0,128.1558,0,0,0,270,0,0,0
0,128.1613,0,0,0,270,0,0,0
0,128.1669,0,0,0,270,0,0,0
0,128.1721,0,0,0,270,0,0,0
0,128.1772,0,0,0,270,0,0,0
0,128.1836,0,0,0,270,0,0,0
0,128.1891,0,0,0,270,0,0,0
0,128.1937,0,0,0,270,0,0,0
0,128.2,0,0,0,270,0,0,0
0,128.2048,0,0,0,270,0,0,0
0,128.2104,0,0,0,270,0,0,0
0,128.2159,0,0,0,270,0,0,0
0,128.222,0,0,0,270,0,0,0
0,128.2323,0,0,0,270,0,0,0
0,128.2498,0,0,0,270,0,0,0
0,128.2609,0,0,0,270,0,0,0
0,128.2726,0,0,0,270,0,0,0
0,128.2835,0,0,0,270,0,0,0
0,128.2948,0,0,0,270,0,0,0
0,128.3064,0,0,0,270,0,0,0
0,128.3181,0,0,0,270,0,0,0
0,128.329,0,0,0,270,0,0,0
0,128.3396,0,0,0,270,0,0,0
0,128.3504,0,0,0,270,0,0,0
0,128.3612,0,0,0,270,0,0,0
0,128.3715,0,0,0,270,0,0,0
0,128.3821,0,0,0,270,0,0,0
0,128.3925,0,0,0,270,0,0,0
0,128.405,0,0,0,270,0,0,0
0,128.4156,0,0,0,270,0,0,0
0,128.427,0,0,0,270,0,0,0
0,128.4392,0,0,0,270,0,0,0
0,128.4557,0,0,0,270,0,0,0
0,128.4693,0,0,0,270,0,0,0
0,128.4801,0,0,0,270,0,0,0
0,128.4936,0,0,0,270,0,0,0
0,128.5065,0,0,0,270,0,0,0
0,128.5202,0,0,0,270,0,0,0
0,128.5316,0,0,0,270,0,0,0
0,128.5417,0,0,0,270,0,0,0
0,128.5532,0,0,0,270,0,0,0
0,128.5679,0,0,0,270,0,0,0
0,128.5888,0,0,0,270,0,0,0
0,128.6031,0,0,0,270,0,0,0
0,128.6167,0,0,0,270,0,0,0
0,128.63,0,0,0,270,0,0,0
0,128.6442,0,0,0,270,0,0,0
0,128.6584,0,0,0,270,0,0,0
0,128.6709,0,0,0,270,0,0,0
0,128.6855,0,0,0,270,0,0,0
0,128.7005,0,0,0,270,0,0,0
0,128.7154,0,0,0,270,0,0,0
0,128.729,0,0,0,270,0,0,0
0,128.7443,0,0,0,270,0,0,0
0,128.759,0,0,0,270,0,0,0
0,128.7729,0,0,0,270,0,0,0
0,128.7852,0,0,0,270,0,0,0
0,128.7995,0,0,0,270,0,0,0
0,128.8139,0,0,0,270,0,0,0
0,128.828,0,0,0,270,0,0,0
0,128.8411,0,0,0,270,0,0,0
0,128.855,0,0,0,270,0,0,0
0,128.8682,0,0,0,270,0,0,0
0,128.8826,0,0,0,270,0,0,0
0,128.8949,0,0,0,270,0,0,0
0,128.9093,0,0,0,270,0,0,0
0,128.9226,0,0,0,270,0,0,0
0,128.9381,0,0,0,270,0,0,0
0,128.951,0,0,0,270,0,0,0
0,128.9681,0,0,0,270,0,0,0
0,128.9828,0,0,0,270,0,0,0
0,128.9987,0,0,0,270,0,0,0
0,129.0114,0,0,0,270,0,0,0
0,129.0242,0,0,0,270,0,0,0
0,129.0388,0,0,0,270,0,0,0
0,129.0537,0,0,0,270,0,0,0
0,129.0717,0,0,0,270,0,0,0
0,129.0874,0,0,0,270,0,0,0
0,129.1037,0,0,0,270,0,0,0
0,129.1206,0,0,0,270,0,0,0
0,129.1368,0,0,0,270,0,0,0
0,129.1533,0,0,0,270,0,0,0
0,129.1761,0,0,0,270,0,0,0
0,129.1924,0,0,0,270,0,0,0
0,129.2146,0,0,0,270,0,0,0
0,129.2272,0,0,0,270,0,0,0
0,129.2393,0,0,0,270,0,0,0
0,129.2507,0,0,0,270,0,0,0
0,129.2607,0,0,0,270,0,0,0
0,129.272,0,0,0,270,0,0,0
0,129.2865,0,0,0,270,0,0,0
0,129.2995,0,0,0,270,0,0,0
0,129.3108,0,0,0,270,0,0,0
0,129.332,0,0,0,270,0,0,0
0,129.3494,0,0,0,270,0,0,0
0,129.3669,0,0,0,270,0,0,0
0,129.3864,0,0,0,270,0,0,0
0,129.3999,0,0,0,270,0,0,0
0,129.4128,0,0,0,270,0,0,0
0,129.4264,0,0,0,270,0,0,0
0,129.4391,0,0,0,270,0,0,0
0,129.4507,0,0,0,270,0,0,0
0,129.4648,0,0,0,270,0,0,0
0,129.4786,0,0,0,270,0,0,0
0,129.4908,0,0,0,270,0,0,0
0,129.5046,0,0,0,270,0,0,0
0,129.5182,0,0,0,270,0,0,0
0,129.5333,0,0,0,270,0,0,0
0,129.5457,0,0,0,270,0,0,0
0,129.5561,0,0,0,270,0,0,0
0,129.5672,0,0,0,270,0,0,0
0,129.5823,0,0,0,270,0,0,0
0,129.5953,0,0,0,270,0,0,0
0,129.6064,0,0,0,270,0,0,0
0,129.6209,0,0,0,270,0,0,0
0,129.6332,0,0,0,270,0,0,0
0,129.6443,0,0,0,270,0,0,0
0,129.655,0,0,0,270,0,0,0
0,129.6666,0,0,0,270,0,0,0
0,129.6796,0,0,0,270,0,0,0
0,129.6918,0,0,0,270,0,0,0
0,129.7024,0,0,0,270,0,0,0
0,129.7137,0,0,0,270,0,0,0
0,129.7271,0,0,0,270,0,0,0
0,129.7396,0,0,0,270,0,0,0
0,129.7559,0,0,0,270,0,0,0
0,129.7872,0,0,0,270,0,0,0
0,129.7942,0,0,0,270,0,0,0
0,129.8025,0,0,0,270,0,0,0
0,129.8099,0,0,0,270,0,0,0
0,129.8163,0,0,0,270,0,0,0
0,129.8235,0,0,0,270,0,0,0
0,129.8305,0,0,0,270,0,0,0
0,129.8366,0,0,0,270,0,0,0
0,129.8442,0,0,0,270,0,0,0
0,129.8517,0,0,0,270,0,0,0
0,129.8596,0,0,0,270,0,0,0
0,129.8671,0,0,0,270,0,0,0
0,129.8757,0,0,0,270,0,0,0
0,129.8831,0,0,0,270,0,0,0
0,129.8915,0,0,0,270,0,0,0
0,129.9012,0,0,0,270,0,0,0
0,129.9104,0,0,0,270,0,0,0
0,129.9178,0,0,0,270,0,0,0
0,129.9261,0,0,0,270,0,0,0
0,129.9339,0,0,0,270,0,0,0
0,129.9422,0,0,0,270,0,0,0
0,129.9498,0,0,0,270,0,0,0
0,129.9579,0,0,0,270,0,0,0
0,129.9663,0,0,0,270,0,0,0
0,129.9803,0,0,0,270,0,0,0
0,130.0112,0,0,0,270,0,0,0
0,130.0265,0,0,0,270,0,0,0
0,130.0349,0,0,0,270,0,0,0
0,130.0439,0,0,0,270,0,0,0
0,130.0524,0,0,0,270,0,0,0
0,130.0604,0,0,0,270,0,0,0
0,130.0691,0,0,0,270,0,0,0
0,130.0767,0,0,0,270,0,0,0
0,130.0842,0,0,0,270,0,0,0
0,130.0927,0,0,0,270,0,0,0
0,130.1031,0,0,0,270,0,0,0
0,130.1176,0,0,0,270,0,0,0
0,130.1528,0,0,0,270,0,0,0
0,130.1914,0,0,0,270,0,0,0
0,130.2231,0,0,0,270,0,0,0
0,130.2531,0,0,0,270,0,0,0
0,130.265,0,0,0,270,0,0,0
0,130.2775,0,0,0,270,0,0,0
0,130.3257,0,0,0,270,0,0,0
0,130.3595,0,0,0,270,0,0,0
0,130.3866,0,0,0,270,0,0,0
0,130.4005,0,0,0,270,0,0,0
0,130.4116,0,0,0,270,0,0,0
0,130.423,0,0,0,270,0,0,0
0,130.4342,0,0,0,270,0,0,0
0,130.4458,0,0,0,270,0,0,0
0,130.4592,0,0,0,270,0,0,0
0,130.4947,0,0,0,270,0,0,0
0,130.5078,0,0,0,270,0,0,0
0,130.5241,0,0,0,270,0,0,0
0,130.5415,0,0,0,270,0,0,0
0,130.5661,0,0,0,270,0,0,0
0,130.5909,0,0,0,270,0,0,0
0,130.6012,0,0,0,270,0,0,0
0,130.6112,0,0,0,270,0,0,0
0,130.6209,0,0,0,270,0,0,0
0,130.6291,0,0,0,270,0,0,0
0,130.6387,0,0,0,270,0,0,0
0,130.6484,0,0,0,270,0,0,0
0,130.6587,0,0,0,270,0,0,0
0,130.6709,0,0,0,270,0,0,0
0,130.681,0,0,0,270,0,0,0
0,130.6892,0,0,0,270,0,0,0
0,130.6976,0,0,0,270,0,0,0
0,130.7046,0,0,0,270,0,0,0
0,130.7131,0,0,0,270,0,0,0
0,130.7217,0,0,0,270,0,0,0
0,130.7316,0,0,0,270,0,0,0
0,130.7433,0,0,0,270,0,0,0
0,130.7555,0,0,0,270,0,0,0
0,130.7641,0,0,0,270,0,0,0
0,130.7714,0,0,0,270,0,0,0
0,130.7792,0,0,0,270,0,0,0
0,130.7872,0,0,0,270,0,0,0
0,130.7939,0,0,0,270,0,0,0
0,130.8022,0,0,0,270,0,0,0
0,130.8106,0,0,0,270,0,0,0
0,130.8179,0,0,0,270,0,0,0
0,130.8259,0,0,0,270,0,0,0
0,130.8346,0,0,0,270,0,0,0
0,130.8422,0,0,0,270,0,0,0
0,130.8495,0,0,0,270,0,0,0
0,130.8571,0,0,0,270,0,0,0
0,130.8633,0,0,0,270,0,0,0
0,130.87,0,0,0,270,0,0,0
0,130.8767,0,0,0,270,0,0,0
0,130.8839,0,0,0,270,0,0,0
0,130.8921,0,0,0,270,0,0,0
0,130.8996,0,0,0,270,0,0,0
0,130.9177,0,0,0,270,0,0,0
0,130.9266,0,0,0,270,0,0,0
0,130.9344,0,0,0,270,0,0,0
0,130.9419,0,0,0,270,0,0,0
0,130.9517,0,0,0,270,0,0,0
0,130.9639,0,0,0,270,0,0,0
0,130.9727,0,0,0,270,0,0,0
0,130.9794,0,0,0,270,0,0,0
0,130.9868,0,0,0,270,0,0,0
0,130.9942,0,0,0,270,0,0,0
0,131.002,0,0,0,270,0,0,0
0,131.009,0,0,0,270,0,0,0
0,131.015,0,0,0,270,0,0,0
0,131.0224,0,0,0,270,0,0,0
0,131.0281,0,0,0,270,0,0,0
0,131.0348,0,0,0,270,0,0,0
0,131.0421,0,0,0,270,0,0,0
0,131.0492,0,0,0,270,0,0,0
0,131.0565,0,0,0,270,0,0,0
0,131.064,0,0,0,270,0,0,0
0,131.071,0,0,0,270,0,0,0
0,131.0782,0,0,0,270,0,0,0
0,131.0851,0,0,0,270,0,0,0
0,131.0929,0,0,0,270,0,0,0
0,131.1001,0,0,0,270,0,0,0
0,131.107,0,0,0,270,0,0,0
0,131.1151,0,0,0,270,0,0,0
0,131.1225,0,0,0,270,0,0,0
0,131.1294,0,0,0,270,0,0,0
0,131.1377,0,0,0,270,0,0,0
0,131.1456,0,0,0,270,0,0,0
0,131.1534,0,0,0,270,0,0,0
0,131.1593,0,0,0,270,0,0,0
0,131.1671,0,0,0,270,0,0,0
0,131.1755,0,0,0,270,0,0,0
0,131.1821,0,0,0,270,0,0,0
0,131.2066,0,0,0,270,0,0,0
0,131.2163,0,0,0,270,0,0,0
0,131.2282,0,0,0,270,0,0,0
0,131.253,0,0,0,270,0,0,0
0,131.2662,0,0,0,270,0,0,0
0,131.2794,0,0,0,270,0,0,0
0,131.2885,0,0,0,270,0,0,0
0,131.2964,0,0,0,270,0,0,0
0,131.3057,0,0,0,270,0,0,0
0,131.3141,0,0,0,270,0,0,0
0,131.3225,0,0,0,270,0,0,0
0,131.3307,0,0,0,270,0,0,0
0,131.3373,0,0,0,270,0,0,0
0,131.3454,0,0,0,270,0,0,0
0,131.3536,0,0,0,270,0,0,0
0,131.3618,0,0,0,270,0,0,0
0,131.3703,0,0,0,270,0,0,0
0,131.3794,0,0,0,270,0,0,0
0,131.3866,0,0,0,270,0,0,0
0,131.3935,0,0,0,270,0,0,0
0,131.4023,0,0,0,270,0,0,0
0,131.4094,0,0,0,270,0,0,0
0,131.4159,0,0,0,270,0,0,0
0,131.4232,0,0,0,270,0,0,0
0,131.4307,0,0,0,270,0,0,0
0,131.4368,0,0,0,270,0,0,0
0,131.443,0,0,0,270,0,0,0
0,131.449,0,0,0,270,0,0,0
0,131.455,0,0,0,270,0,0,0
0,131.461,0,0,0,270,0,0,0
0,131.4679,0,0,0,270,0,0,0
0,131.4751,0,0,0,270,0,0,0
0,131.4816,0,0,0,270,0,0,0
0,131.4898,0,0,0,270,0,0,0
0,131.4958,0,0,0,270,0,0,0
0,131.5028,0,0,0,270,0,0,0
0,131.5093,0,0,0,270,0,0,0
0,131.5158,0,0,0,270,0,0,0
0,131.5249,0,0,0,270,0,0,0
0,131.5357,0,0,0,270,0,0,0
0,131.5496,0,0,0,270,0,0,0
0,131.5571,0,0,0,270,0,0,0
0,131.5662,0,0,0,270,0,0,0
0,131.5758,0,0,0,270,0,0,0
0,131.587,0,0,0,270,0,0,0
0,131.5948,0,0,0,270,0,0,0
0,131.6033,0,0,0,270,0,0,0
0,131.6124,0,0,0,270,0,0,0
0,131.6202,0,0,0,270,0,0,0
0,131.6276,0,0,0,270,0,0,0
0,131.6374,0,0,0,270,0,0,0
0,131.6506,0,0,0,270,0,0,0
0,131.6601,0,0,0,270,0,0,0
0,131.6721,0,0,0,270,0,0,0
0,131.6815,0,0,0,270,0,0,0
0,131.6912,0,0,0,270,0,0,0
0,131.702,0,0,0,270,0,0,0
0,131.7204,0,0,0,270,0,0,0
0,131.7272,0,0,0,270,0,0,0
0,131.7329,0,0,0,270,0,0,0
0,131.74,0,0,0,270,0,0,0
0,131.7463,0,0,0,270,0,0,0
0,131.7536,0,0,0,270,0,0,0
0,131.7597,0,0,0,270,0,0,0
0,131.7666,0,0,0,270,0,0,0
0,131.7731,0,0,0,270,0,0,0
0,131.7806,0,0,0,270,0,0,0
0,131.7882,0,0,0,270,0,0,0
0,131.795,0,0,0,270,0,0,0
0,131.8033,0,0,0,270,0,0,0
0,131.814,0,0,0,270,0,0,0
0,131.8332,0,0,0,270,0,0,0
0,131.8453,0,0,0,270,0,0,0
0,131.8516,0,0,0,270,0,0,0
0,131.8589,0,0,0,270,0,0,0
0,131.8661,0,0,0,270,0,0,0
0,131.8723,0,0,0,270,0,0,0
0,131.8794,0,0,0,270,0,0,0
0,131.8868,0,0,0,270,0,0,0
0,131.8929,0,0,0,270,0,0,0
0,131.8994,0,0,0,270,0,0,0
0,131.9054,0,0,0,270,0,0,0
0,131.9129,0,0,0,270,0,0,0
0,131.9204,0,0,0,270,0,0,0
0,131.9275,0,0,0,270,0,0,0
0,131.9355,0,0,0,270,0,0,0
0,131.943,0,0,0,270,0,0,0
0,131.9497,0,0,0,270,0,0,0
0,131.9619,0,0,0,270,0,0,0
0,131.9708,0,0,0,270,0,0,0
0,131.9799,0,0,0,270,0,0,0
0,132.0064,0,0,0,270,0,0,0
0,132.0186,0,0,0,270,0,0,0
0,132.0262,0,0,0,270,0,0,0
0,132.035,0,0,0,270,0,0,0
0,132.0434,0,0,0,270,0,0,0
0,132.0506,0,0,0,270,0,0,0
0,132.0577,0,0,0,270,0,0,0
0,132.0646,0,0,0,270,0,0,0
0,132.0708,0,0,0,270,0,0,0
0,132.0797,0,0,0,270,0,0,0
0,132.0852,0,0,0,270,0,0,0
0,132.093,0,0,0,270,0,0,0
0,132.0992,0,0,0,270,0,0,0
0,132.1046,0,0,0,270,0,0,0
0,132.1137,0,0,0,270,0,0,0
0,132.1347,0,0,0,270,0,0,0
0,132.1422,0,0,0,270,0,0,0
0,132.1492,0,0,0,270,0,0,0
0,132.1574,0,0,0,270,0,0,0
0,132.1645,0,0,0,270,0,0,0
0,132.1721,0,0,0,270,0,0,0
0,132.1794,0,0,0,270,0,0,0
0,132.1871,0,0,0,270,0,0,0
0,132.1939,0,0,0,270,0,0,0
0,132.202,0,0,0,270,0,0,0
0,132.2092,0,0,0,270,0,0,0
0,132.2152,0,0,0,270,0,0,0
0,132.2223,0,0,0,270,0,0,0
0,132.2278,0,0,0,270,0,0,0
0,132.2344,0,0,0,270,0,0,0
0,132.2397,0,0,0,270,0,0,0
0,132.2454,0,0,0,270,0,0,0
0,132.2502,0,0,0,270,0,0,0
0,132.2561,0,0,0,270,0,0,0
0,132.261,0,0,0,270,0,0,0
0,132.2669,0,0,0,270,0,0,0
0,132.272,0,0,0,270,0,0,0
0,132.2767,0,0,0,270,0,0,0
0,132.2819,0,0,0,270,0,0,0
0,132.2876,0,0,0,270,0,0,0
0,132.2928,0,0,0,270,0,0,0
0,132.2982,0,0,0,270,0,0,0
0,132.303,0,0,0,270,0,0,0
0,132.3085,0,0,0,270,0,0,0
0,132.3135,0,0,0,270,0,0,0
0,132.3186,0,0,0,270,0,0,0
0,132.3251,0,0,0,270,0,0,0
0,132.3318,0,0,0,270,0,0,0
0,132.3381,0,0,0,270,0,0,0
0,132.3441,0,0,0,270,0,0,0
0,132.3492,0,0,0,270,0,0,0
0,132.3547,0,0,0,270,0,0,0
0,132.3602,0,0,0,270,0,0,0
0,132.3669,0,0,0,270,0,0,0
0,132.3725,0,0,0,270,0,0,0
0,132.3785,0,0,0,270,0,0,0
0,132.3846,0,0,0,270,0,0,0
0,132.391,0,0,0,270,0,0,0
0,132.3981,0,0,0,270,0,0,0
0,132.4038,0,0,0,270,0,0,0
0,132.41,0,0,0,270,0,0,0
0,132.4149,0,0,0,270,0,0,0
0,132.4264,0,0,0,270,0,0,0
0,132.4437,0,0,0,270,0,0,0
0,132.4481,0,0,0,270,0,0,0
0,132.4529,0,0,0,270,0,0,0
0,132.4578,0,0,0,270,0,0,0
0,132.4624,0,0,0,270,0,0,0
0,132.4683,0,0,0,270,0,0,0
0,132.4732,0,0,0,270,0,0,0
0,132.479,0,0,0,270,0,0,0
0,132.4845,0,0,0,270,0,0,0
0,132.4903,0,0,0,270,0,0,0
0,132.4955,0,0,0,270,0,0,0
0,132.5015,0,0,0,270,0,0,0
0,132.5063,0,0,0,270,0,0,0
0,132.5116,0,0,0,270,0,0,0
0,132.5173,0,0,0,270,0,0,0
0,132.5233,0,0,0,270,0,0,0
0,132.5287,0,0,0,270,0,0,0
0,132.535,0,0,0,270,0,0,0
0,132.5398,0,0,0,270,0,0,0
0,132.5455,0,0,0,270,0,0,0
0,132.5506,0,0,0,270,0,0,0
0,132.5565,0,0,0,270,0,0,0
0,132.5622,0,0,0,270,0,0,0
0,132.5676,0,0,0,270,0,0,0
0,132.5733,0,0,0,270,0,0,0
0,132.5794,0,0,0,270,0,0,0
0,132.5844,0,0,0,270,0,0,0
0,132.59,0,0,0,270,0,0,0
0,132.5955,0,0,0,270,0,0,0
0,132.603,0,0,0,270,0,0,0
0,132.6118,0,0,0,270,0,0,0
0,132.6181,0,0,0,270,0,0,0
0,132.6243,0,0,0,270,0,0,0
0,132.6297,0,0,0,270,0,0,0
0,132.6355,0,0,0,270,0,0,0
0,132.6418,0,0,0,270,0,0,0
0,132.6471,0,0,0,270,0,0,0
0,132.6518,0,0,0,270,0,0,0
0,132.6571,0,0,0,270,0,0,0
0,132.663,0,0,0,270,0,0,0
0,132.67,0,0,0,270,0,0,0
0,132.6772,0,0,0,270,0,0,0
0,132.6823,0,0,0,270,0,0,0
0,132.6878,0,0,0,270,0,0,0
0,132.6947,0,0,0,270,0,0,0
0,132.702,0,0,0,270,0,0,0
0,132.7074,0,0,0,270,0,0,0
0,132.7127,0,0,0,270,0,0,0
0,132.7185,0,0,0,270,0,0,0
0,132.7244,0,0,0,270,0,0,0
0,132.7312,0,0,0,270,0,0,0
0,132.7375,0,0,0,270,0,0,0
0,132.7477,0,0,0,270,0,0,0
0,132.7548,0,0,0,270,0,0,0
0,132.7653,0,0,0,270,0,0,0
0,132.7875,0,0,0,270,0,0,0
0,132.7925,0,0,0,270,0,0,0
0,132.8015,0,0,0,270,0,0,0
0,132.8072,0,0,0,270,0,0,0
0,132.8144,0,0,0,270,0,0,0
0,132.8217,0,0,0,270,0,0,0
0,132.8291,0,0,0,270,0,0,0
0,132.8388,0,0,0,270,0,0,0
0,132.851,0,0,0,270,0,0,0
0,132.8579,0,0,0,270,0,0,0
0,132.8652,0,0,0,270,0,0,0
0,132.8715,0,0,0,270,0,0,0
0,132.8789,0,0,0,270,0,0,0
0,132.8851,0,0,0,270,0,0,0
0,132.8924,0,0,0,270,0,0,0
0,132.8998,0,0,0,270,0,0,0
0,132.9063,0,0,0,270,0,0,0
0,132.9133,0,0,0,270,0,0,0
0,132.9197,0,0,0,270,0,0,0
0,132.9258,0,0,0,270,0,0,0
0,132.9334,0,0,0,270,0,0,0
0,132.9406,0,0,0,270,0,0,0
0,132.9494,0,0,0,270,0,0,0
0,132.9592,0,0,0,270,0,0,0
0,132.9675,0,0,0,270,0,0,0
0,132.9738,0,0,0,270,0,0,0
0,132.9819,0,0,0,270,0,0,0
0,132.9895,0,0,0,270,0,0,0
0,132.9964,0,0,0,270,0,0,0
0,133.0034,0,0,0,270,0,0,0
0,133.0102,0,0,0,270,0,0,0
0,133.0163,0,0,0,270,0,0,0
0,133.0234,0,0,0,270,0,0,0
0,133.0316,0,0,0,270,0,0,0
0,133.0387,0,0,0,270,0,0,0
0,133.0459,0,0,0,270,0,0,0
0,133.0531,0,0,0,270,0,0,0
0,133.0605,0,0,0,270,0,0,0
0,133.0691,0,0,0,270,0,0,0
0,133.0769,0,0,0,270,0,0,0
0,133.0845,0,0,0,270,0,0,0
0,133.0922,0,0,0,270,0,0,0
0,133.0991,0,0,0,270,0,0,0
0,133.1048,0,0,0,270,0,0,0
0,133.1119,0,0,0,270,0,0,0
0,133.1313,0,0,0,270,0,0,0
0,133.1486,0,0,0,270,0,0,0
0,133.1545,0,0,0,270,0,0,0
0,133.1613,0,0,0,270,0,0,0
0,133.1679,0,0,0,270,0,0,0
0,133.175,0,0,0,270,0,0,0
0,133.1815,0,0,0,270,0,0,0
0,133.1881,0,0,0,270,0,0,0
0,133.1939,0,0,0,270,0,0,0
0,133.2006,0,0,0,270,0,0,0
0,133.2064,0,0,0,270,0,0,0
0,133.212,0,0,0,270,0,0,0
0,133.218,0,0,0,270,0,0,0
0,133.2252,0,0,0,270,0,0,0
0,133.2318,0,0,0,270,0,0,0
0,133.2381,0,0,0,270,0,0,0
0,133.2449,0,0,0,270,0,0,0
0,133.2518,0,0,0,270,0,0,0
0,133.2589,0,0,0,270,0,0,0
0,133.2653,0,0,0,270,0,0,0
0,133.2727,0,0,0,270,0,0,0
0,133.2797,0,0,0,270,0,0,0
0,133.2881,0,0,0,270,0,0,0
0,133.2952,0,0,0,270,0,0,0
0,133.3024,0,0,0,270,0,0,0
0,133.3099,0,0,0,270,0,0,0
0,133.3171,0,0,0,270,0,0,0
0,133.3269,0,0,0,270,0,0,0
0,133.3543,0,0,0,270,0,0,0
0,133.3743,0,0,0,270,0,0,0
0,133.3818,0,0,0,270,0,0,0
0,133.3889,0,0,0,270,0,0,0
0,133.3959,0,0,0,270,0,0,0
0,133.4033,0,0,0,270,0,0,0
0,133.4116,0,0,0,270,0,0,0
0,133.4203,0,0,0,270,0,0,0
0,133.427,0,0,0,270,0,0,0
0,133.4328,0,0,0,270,0,0,0
0,133.4387,0,0,0,270,0,0,0
0,133.4445,0,0,0,270,0,0,0
0,133.4494,0,0,0,270,0,0,0
0,133.4547,0,0,0,270,0,0,0
0,133.4595,0,0,0,270,0,0,0
0,133.4652,0,0,0,270,0,0,0
0,133.4708,0,0,0,270,0,0,0
0,133.477,0,0,0,270,0,0,0
0,133.4845,0,0,0,270,0,0,0
0,133.5053,0,0,0,270,0,0,0
0,133.5108,0,0,0,270,0,0,0
0,133.5158,0,0,0,270,0,0,0
0,133.5219,0,0,0,270,0,0,0
0,133.5269,0,0,0,270,0,0,0
0,133.5326,0,0,0,270,0,0,0
0,133.5377,0,0,0,270,0,0,0
0,133.5437,0,0,0,270,0,0,0
0,133.5486,0,0,0,270,0,0,0
0,133.554,0,0,0,270,0,0,0
0,133.5592,0,0,0,270,0,0,0
0,133.5656,0,0,0,270,0,0,0
0,133.5716,0,0,0,270,0,0,0
0,133.5778,0,0,0,270,0,0,0
0,133.5842,0,0,0,270,0,0,0
0,133.5931,0,0,0,270,0,0,0
0,133.5999,0,0,0,270,0,0,0
0,133.6048,0,0,0,270,0,0,0
0,133.6111,0,0,0,270,0,0,0
0,133.6169,0,0,0,270,0,0,0
0,133.6221,0,0,0,270,0,0,0
0,133.6289,0,0,0,270,0,0,0
0,133.637,0,0,0,270,0,0,0
0,133.6433,0,0,0,270,0,0,0
0,133.6487,0,0,0,270,0,0,0
0,133.6555,0,0,0,270,0,0,0
0,133.6613,0,0,0,270,0,0,0
0,133.6674,0,0,0,270,0,0,0
0,133.6731,0,0,0,270,0,0,0
0,133.6791,0,0,0,270,0,0,0
0,133.6843,0,0,0,270,0,0,0
0,133.692,0,0,0,270,0,0,0
0,133.6989,0,0,0,270,0,0,0
0,133.7046,0,0,0,270,0,0,0
0,133.7099,0,0,0,270,0,0,0
0,133.7148,0,0,0,270,0,0,0
0,133.7237,0,0,0,270,0,0,0
0,133.7316,0,0,0,270,0,0,0
0,133.7378,0,0,0,270,0,0,0
0,133.7435,0,0,0,270,0,0,0
0,133.7588,0,0,0,270,0,0,0
0,133.7649,0,0,0,270,0,0,0
0,133.7699,0,0,0,270,0,0,0
0,133.7752,0,0,0,270,0,0,0
0,133.7799,0,0,0,270,0,0,0
0,133.785,0,0,0,270,0,0,0
0,133.7902,0,0,0,270,0,0,0
0,133.7951,0,0,0,270,0,0,0
0,133.8008,0,0,0,270,0,0,0
0,133.8065,0,0,0,270,0,0,0
0,133.813,0,0,0,270,0,0,0
0,133.8192,0,0,0,270,0,0,0
0,133.8242,0,0,0,270,0,0,0
0,133.8311,0,0,0,270,0,0,0
0,133.8363,0,0,0,270,0,0,0
0,133.8418,0,0,0,270,0,0,0
0,133.8475,0,0,0,270,0,0,0
0,133.8532,0,0,0,270,0,0,0
0,133.8585,0,0,0,270,0,0,0
0,133.8636,0,0,0,270,0,0,0
0,133.8681,0,0,0,270,0,0,0
0,133.8727,0,0,0,270,0,0,0
0,133.879,0,0,0,270,0,0,0
0,133.8844,0,0,0,270,0,0,0
0,133.8901,0,0,0,270,0,0,0
0,133.895,0,0,0,270,0,0,0
0,133.9004,0,0,0,270,0,0,0
0,133.9061,0,0,0,270,0,0,0
0,133.9127,0,0,0,270,0,0,0
0,133.9186,0,0,0,270,0,0,0
0,133.9268,0,0,0,270,0,0,0
0,133.9446,0,0,0,270,0,0,0
0,133.9505,0,0,0,270,0,0,0
0,133.9577,0,0,0,270,0,0,0
0,133.9641,0,0,0,270,0,0,0
0,133.9703,0,0,0,270,0,0,0
0,133.9778,0,0,0,270,0,0,0
0,133.9836,0,0,0,270,0,0,0
0,133.9895,0,0,0,270,0,0,0
0,133.9946,0,0,0,270,0,0,0
0,134.0014,0,0,0,270,0,0,0
0,134.0088,0,0,0,270,0,0,0
0,134.0144,0,0,0,270,0,0,0
0,134.02,0,0,0,270,0,0,0
0,134.0255,0,0,0,270,0,0,0
0,134.0325,0,0,0,270,0,0,0
0,134.0395,0,0,0,270,0,0,0
0,134.047,0,0,0,270,0,0,0
0,134.0554,0,0,0,270,0,0,0
0,134.0631,0,0,0,270,0,0,0
0,134.0715,0,0,0,270,0,0,0
0,134.0797,0,0,0,270,0,0,0
0,134.0869,0,0,0,270,0,0,0
0,134.0937,0,0,0,270,0,0,0
0,134.1013,0,0,0,270,0,0,0
0,134.1075,0,0,0,270,0,0,0
0,134.1146,0,0,0,270,0,0,0
0,134.1219,0,0,0,270,0,0,0
0,134.1299,0,0,0,270,0,0,0
0,134.1376,0,0,0,270,0,0,0
0,134.1485,0,0,0,270,0,0,0
0,134.1748,0,0,0,270,0,0,0
0,134.1821,0,0,0,270,0,0,0
0,134.1884,0,0,0,270,0,0,0
0,134.196,0,0,0,270,0,0,0
0,134.2122,0,0,0,270,0,0,0
0,134.2396,0,0,0,270,0,0,0
0,134.2465,0,0,0,270,0,0,0
0,134.254,0,0,0,270,0,0,0
0,134.2611,0,0,0,270,0,0,0
0,134.269,0,0,0,270,0,0,0
0,134.2758,0,0,0,270,0,0,0
0,134.2825,0,0,0,270,0,0,0
0,134.2901,0,0,0,270,0,0,0
0,134.2999,0,0,0,270,0,0,0
0,134.3125,0,0,0,270,0,0,0
0,134.3221,0,0,0,270,0,0,0
0,134.3285,0,0,0,270,0,0,0
0,134.3359,0,0,0,270,0,0,0
0,134.3438,0,0,0,270,0,0,0
0,134.3505,0,0,0,270,0,0,0
0,134.3589,0,0,0,270,0,0,0
0,134.3678,0,0,0,270,0,0,0
0,134.3758,0,0,0,270,0,0,0
0,134.3828,0,0,0,270,0,0,0
0,134.3909,0,0,0,270,0,0,0
0,134.3978,0,0,0,270,0,0,0
0,134.4029,0,0,0,270,0,0,0
0,134.4093,0,0,0,270,0,0,0
0,134.4165,0,0,0,270,0,0,0
0,134.4248,0,0,0,270,0,0,0
0,134.4327,0,0,0,270,0,0,0
0,134.4402,0,0,0,270,0,0,0
0,134.4556,0,0,0,270,0,0,0
0,134.4624,0,0,0,270,0,0,0
0,134.4702,0,0,0,270,0,0,0
0,134.477,0,0,0,270,0,0,0
0,134.4834,0,0,0,270,0,0,0
0,134.4896,0,0,0,270,0,0,0
0,134.4961,0,0,0,270,0,0,0
0,134.5028,0,0,0,270,0,0,0
0,134.5099,0,0,0,270,0,0,0
0,134.5173,0,0,0,270,0,0,0
0,134.5251,0,0,0,270,0,0,0
0,134.5323,0,0,0,270,0,0,0
0,134.5377,0,0,0,270,0,0,0
0,134.5441,0,0,0,270,0,0,0
0,134.5508,0,0,0,270,0,0,0
0,134.5569,0,0,0,270,0,0,0
0,134.5627,0,0,0,270,0,0,0
0,134.5686,0,0,0,270,0,0,0
0,134.575,0,0,0,270,0,0,0
0,134.5806,0,0,0,270,0,0,0
0,134.5886,0,0,0,270,0,0,0
0,134.5953,0,0,0,270,0,0,0
0,134.6033,0,0,0,270,0,0,0
0,134.6125,0,0,0,270,0,0,0
0,134.6196,0,0,0,270,0,0,0
0,134.6268,0,0,0,270,0,0,0
0,134.6332,0,0,0,270,0,0,0
0,134.6415,0,0,0,270,0,0,0
0,134.6487,0,0,0,270,0,0,0
0,134.6575,0,0,0,270,0,0,0
0,134.6653,0,0,0,270,0,0,0
0,134.6719,0,0,0,270,0,0,0
0,134.6791,0,0,0,270,0,0,0
0,134.6851,0,0,0,270,0,0,0
0,134.6913,0,0,0,270,0,0,0
0,134.697,0,0,0,270,0,0,0
0,134.7023,0,0,0,270,0,0,0
0,134.7074,0,0,0,270,0,0,0
0,134.7169,0,0,0,270,0,0,0
0,134.724,0,0,0,270,0,0,0
0,134.7293,0,0,0,270,0,0,0
0,134.7352,0,0,0,270,0,0,0
0,134.7422,0,0,0,270,0,0,0
0,134.7503,0,0,0,270,0,0,0
0,134.7588,0,0,0,270,0,0,0
0,134.7652,0,0,0,270,0,0,0
0,134.7706,0,0,0,270,0,0,0
0,134.7771,0,0,0,270,0,0,0
0,134.7826,0,0,0,270,0,0,0
0,134.789,0,0,0,270,0,0,0
0,134.7945,0,0,0,270,0,0,0
0,134.8046,0,0,0,270,0,0,0
0,134.8107,0,0,0,270,0,0,0
0,134.8168,0,0,0,270,0,0,0
0,134.8223,0,0,0,270,0,0,0
0,134.8285,0,0,0,270,0,0,0
0,134.8349,0,0,0,270,0,0,0
0,134.8402,0,0,0,270,0,0,0
0,134.8461,0,0,0,270,0,0,0
0,134.8513,0,0,0,270,0,0,0
0,134.8571,0,0,0,270,0,0,0
0,134.8635,0,0,0,270,0,0,0
0,134.869,0,0,0,270,0,0,0
0,134.8761,0,0,0,270,0,0,0
0,134.8817,0,0,0,270,0,0,0
0,134.8872,0,0,0,270,0,0,0
0,134.8938,0,0,0,270,0,0,0
0,134.9007,0,0,0,270,0,0,0
0,134.907,0,0,0,270,0,0,0
0,134.933,0,0,0,270,0,0,0
0,134.9406,0,0,0,270,0,0,0
0,134.9474,0,0,0,270,0,0,0
0,134.9552,0,0,0,270,0,0,0
0,134.9615,0,0,0,270,0,0,0
0,134.9686,0,0,0,270,0,0,0
0,134.9762,0,0,0,270,0,0,0
0,134.9828,0,0,0,270,0,0,0
0,134.9891,0,0,0,270,0,0,0
0,134.9949,0,0,0,270,0,0,0
0,135.0018,0,0,0,270,0,0,0
0,135.0084,0,0,0,270,0,0,0
0,135.0174,0,0,0,270,0,0,0
0,135.0242,0,0,0,270,0,0,0
0,135.0443,0,0,0,270,0,0,0
0,135.0532,0,0,0,270,0,0,0
0,135.0598,0,0,0,270,0,0,0
0,135.0676,0,0,0,270,0,0,0
0,135.0737,0,0,0,270,0,0,0
0,135.0824,0,0,0,270,0,0,0
0,135.0893,0,0,0,270,0,0,0
0,135.0954,0,0,0,270,0,0,0
0,135.1016,0,0,0,270,0,0,0
0,135.1069,0,0,0,270,0,0,0
0,135.1132,0,0,0,270,0,0,0
0,135.1186,0,0,0,270,0,0,0
0,135.1247,0,0,0,270,0,0,0
0,135.1316,0,0,0,270,0,0,0
0,135.1371,0,0,0,270,0,0,0
0,135.144,0,0,0,270,0,0,0
0,135.1498,0,0,0,270,0,0,0
0,135.1673,0,0,0,270,0,0,0
0,135.1748,0,0,0,270,0,0,0
0,135.1823,0,0,0,270,0,0,0
0,135.1897,0,0,0,270,0,0,0
0,135.1983,0,0,0,270,0,0,0
0,135.2052,0,0,0,270,0,0,0
0,135.2123,0,0,0,270,0,0,0
0,135.2185,0,0,0,270,0,0,0
0,135.2253,0,0,0,270,0,0,0
0,135.2321,0,0,0,270,0,0,0
0,135.2382,0,0,0,270,0,0,0
0,135.2454,0,0,0,270,0,0,0
0,135.2531,0,0,0,270,0,0,0
0,135.2597,0,0,0,270,0,0,0
0,135.268,0,0,0,270,0,0,0
0,135.276,0,0,0,270,0,0,0
0,135.2844,0,0,0,270,0,0,0
0,135.2934,0,0,0,270,0,0,0
0,135.302,0,0,0,270,0,0,0
0,135.31,0,0,0,270,0,0,0
0,135.3175,0,0,0,270,0,0,0
0,135.325,0,0,0,270,0,0,0
0,135.3337,0,0,0,270,0,0,0
0,135.3418,0,0,0,270,0,0,0
0,135.3485,0,0,0,270,0,0,0
0,135.3564,0,0,0,270,0,0,0
0,135.3644,0,0,0,270,0,0,0
0,135.3719,0,0,0,270,0,0,0
0,135.3795,0,0,0,270,0,0,0
0,135.3899,0,0,0,270,0,0,0
0,135.4122,0,0,0,270,0,0,0
0,135.42,0,0,0,270,0,0,0
0,135.4271,0,0,0,270,0,0,0
0,135.4362,0,0,0,270,0,0,0
0,135.4449,0,0,0,270,0,0,0
0,135.4534,0,0,0,270,0,0,0
0,135.4606,0,0,0,270,0,0,0
0,135.4678,0,0,0,270,0,0,0
0,135.4761,0,0,0,270,0,0,0
0,135.4843,0,0,0,270,0,0,0
0,135.4914,0,0,0,270,0,0,0
0,135.499,0,0,0,270,0,0,0
0,135.5066,0,0,0,270,0,0,0
0,135.5139,0,0,0,270,0,0,0
0,135.5218,0,0,0,270,0,0,0
0,135.5283,0,0,0,270,0,0,0
0,135.5359,0,0,0,270,0,0,0
0,135.5429,0,0,0,270,0,0,0
0,135.5494,0,0,0,270,0,0,0
0,135.5566,0,0,0,270,0,0,0
0,135.5628,0,0,0,270,0,0,0
0,135.5704,0,0,0,270,0,0,0
0,135.578,0,0,0,270,0,0,0
0,135.585,0,0,0,270,0,0,0
0,135.5931,0,0,0,270,0,0,0
0,135.6057,0,0,0,270,0,0,0
0,135.6361,0,0,0,270,0,0,0
0,135.6588,0,0,0,270,0,0,0
0,135.6666,0,0,0,270,0,0,0
0,135.6763,0,0,0,270,0,0,0
0,135.6846,0,0,0,270,0,0,0
0,135.6917,0,0,0,270,0,0,0
0,135.6993,0,0,0,270,0,0,0
0,135.7072,0,0,0,270,0,0,0
0,135.7162,0,0,0,270,0,0,0
0,135.7243,0,0,0,270,0,0,0
0,135.7346,0,0,0,270,0,0,0
0,135.7448,0,0,0,270,0,0,0
0,135.752,0,0,0,270,0,0,0
0,135.7602,0,0,0,270,0,0,0
0,135.7697,0,0,0,270,0,0,0
0,135.7772,0,0,0,270,0,0,0
0,135.7845,0,0,0,270,0,0,0
0,135.791,0,0,0,270,0,0,0
0,135.7977,0,0,0,270,0,0,0
0,135.8035,0,0,0,270,0,0,0
0,135.8099,0,0,0,270,0,0,0
0,135.8157,0,0,0,270,0,0,0
0,135.8222,0,0,0,270,0,0,0
0,135.8281,0,0,0,270,0,0,0
0,135.8342,0,0,0,270,0,0,0
0,135.8395,0,0,0,270,0,0,0
0,135.8462,0,0,0,270,0,0,0
0,135.852,0,0,0,270,0,0,0
0,135.858,0,0,0,270,0,0,0
0,135.8642,0,0,0,270,0,0,0
0,135.8692,0,0,0,270,0,0,0
0,135.8754,0,0,0,270,0,0,0
0,135.8804,0,0,0,270,0,0,0
0,135.8863,0,0,0,270,0,0,0
0,135.8914,0,0,0,270,0,0,0
0,135.8968,0,0,0,270,0,0,0
0,135.9025,0,0,0,270,0,0,0
0,135.9086,0,0,0,270,0,0,0
0,135.9136,0,0,0,270,0,0,0
0,135.9194,0,0,0,270,0,0,0
0,135.9241,0,0,0,270,0,0,0
0,135.9367,0,0,0,270,0,0,0
0,135.9424,0,0,0,270,0,0,0
0,135.9477,0,0,0,270,0,0,0
0,135.9537,0,0,0,270,0,0,0
0,135.9586,0,0,0,270,0,0,0
0,135.9639,0,0,0,270,0,0,0
0,135.9689,0,0,0,270,0,0,0
0,135.9736,0,0,0,270,0,0,0
0,135.979,0,0,0,270,0,0,0
0,135.9838,0,0,0,270,0,0,0
0,135.9893,0,0,0,270,0,0,0
0,135.9945,0,0,0,270,0,0,0
0,136.0003,0,0,0,270,0,0,0
0,136.0051,0,0,0,270,0,0,0
0,136.0101,0,0,0,270,0,0,0
0,136.0148,0,0,0,270,0,0,0
0,136.0204,0,0,0,270,0,0,0
0,136.0256,0,0,0,270,0,0,0
0,136.0318,0,0,0,270,0,0,0
0,136.0374,0,0,0,270,0,0,0
0,136.0442,0,0,0,270,0,0,0
0,136.0495,0,0,0,270,0,0,0
0,136.055,0,0,0,270,0,0,0
0,136.06,0,0,0,270,0,0,0
0,136.0657,0,0,0,270,0,0,0
0,136.0708,0,0,0,270,0,0,0
0,136.0771,0,0,0,270,0,0,0
0,136.0833,0,0,0,270,0,0,0
0,136.0904,0,0,0,270,0,0,0
0,136.097,0,0,0,270,0,0,0
0,136.1024,0,0,0,270,0,0,0
0,136.1085,0,0,0,270,0,0,0
0,136.1135,0,0,0,270,0,0,0
0,136.1191,0,0,0,270,0,0,0
0,136.1243,0,0,0,270,0,0,0
0,136.1288,0,0,0,270,0,0,0
0,136.134,0,0,0,270,0,0,0
0,136.1385,0,0,0,270,0,0,0
0,136.1438,0,0,0,270,0,0,0
0,136.1492,0,0,0,270,0,0,0
0,136.1548,0,0,0,270,0,0,0
0,136.1603,0,0,0,270,0,0,0
0,136.1657,0,0,0,270,0,0,0
0,136.1712,0,0,0,270,0,0,0
0,136.1765,0,0,0,270,0,0,0
0,136.181,0,0,0,270,0,0,0
0,136.1866,0,0,0,270,0,0,0
0,136.1915,0,0,0,270,0,0,0
0,136.1975,0,0,0,270,0,0,0
0,136.2035,0,0,0,270,0,0,0
0,136.2091,0,0,0,270,0,0,0
0,136.214,0,0,0,270,0,0,0
0,136.2198,0,0,0,270,0,0,0
0,136.2248,0,0,0,270,0,0,0
0,136.2305,0,0,0,270,0,0,0
0,136.2367,0,0,0,270,0,0,0
0,136.2422,0,0,0,270,0,0,0
0,136.2476,0,0,0,270,0,0,0
0,136.2532,0,0,0,270,0,0,0
0,136.2594,0,0,0,270,0,0,0
0,136.2658,0,0,0,270,0,0,0
0,136.2711,0,0,0,270,0,0,0
0,136.2764,0,0,0,270,0,0,0
0,136.2814,0,0,0,270,0,0,0
0,136.2872,0,0,0,270,0,0,0
0,136.2922,0,0,0,270,0,0,0
0,136.2979,0,0,0,270,0,0,0
0,136.3029,0,0,0,270,0,0,0
0,136.3084,0,0,0,270,0,0,0
0,136.3136,0,0,0,270,0,0,0
0,136.3191,0,0,0,270,0,0,0
0,136.3237,0,0,0,270,0,0,0
0,136.3292,0,0,0,270,0,0,0
0,136.3345,0,0,0,270,0,0,0
0,136.3401,0,0,0,270,0,0,0
0,136.3463,0,0,0,270,0,0,0
0,136.3516,0,0,0,270,0,0,0
0,136.3581,0,0,0,270,0,0,0
0,136.3655,0,0,0,270,0,0,0
0,136.3716,0,0,0,270,0,0,0
0,136.3792,0,0,0,270,0,0,0
0,136.3866,0,0,0,270,0,0,0
0,136.3927,0,0,0,270,0,0,0
0,136.3983,0,0,0,270,0,0,0
0,136.4042,0,0,0,270,0,0,0
0,136.4105,0,0,0,270,0,0,0
0,136.4163,0,0,0,270,0,0,0
0,136.424,0,0,0,270,0,0,0
0,136.431,0,0,0,270,0,0,0
0,136.4375,0,0,0,270,0,0,0
0,136.4448,0,0,0,270,0,0,0
0,136.4515,0,0,0,270,0,0,0
0,136.4602,0,0,0,270,0,0,0
0,136.4683,0,0,0,270,0,0,0
0,136.4761,0,0,0,270,0,0,0
0,136.4831,0,0,0,270,0,0,0
0,136.4901,0,0,0,270,0,0,0
0,136.4973,0,0,0,270,0,0,0
0,136.5044,0,0,0,270,0,0,0
0,136.5109,0,0,0,270,0,0,0
0,136.5185,0,0,0,270,0,0,0
0,136.5251,0,0,0,270,0,0,0
0,136.5339,0,0,0,270,0,0,0
0,136.541,0,0,0,270,0,0,0
0,136.5487,0,0,0,270,0,0,0
0,136.5565,0,0,0,270,0,0,0
0,136.5649,0,0,0,270,0,0,0
0,136.5712,0,0,0,270,0,0,0
0,136.5787,0,0,0,270,0,0,0
0,136.5934,0,0,0,270,0,0,0
0,136.6011,0,0,0,270,0,0,0
0,136.6082,0,0,0,270,0,0,0
0,136.6155,0,0,0,270,0,0,0
0,136.6232,0,0,0,270,0,0,0
0,136.6317,0,0,0,270,0,0,0
0,136.6398,0,0,0,270,0,0,0
0,136.6477,0,0,0,270,0,0,0
0,136.6553,0,0,0,270,0,0,0
0,136.6622,0,0,0,270,0,0,0
0,136.6703,0,0,0,270,0,0,0
0,136.6778,0,0,0,270,0,0,0
0,136.6837,0,0,0,270,0,0,0
0,136.6952,0,0,0,270,0,0,0
0,136.7126,0,0,0,270,0,0,0
0,136.7414,0,0,0,270,0,0,0
0,136.7477,0,0,0,270,0,0,0
0,136.7564,0,0,0,270,0,0,0
0,136.766,0,0,0,270,0,0,0
0,136.773,0,0,0,270,0,0,0
0,136.7822,0,0,0,270,0,0,0
0,136.7916,0,0,0,270,0,0,0
0,136.801,0,0,0,270,0,0,0
0,136.8096,0,0,0,270,0,0,0
0,136.8179,0,0,0,270,0,0,0
0,136.8324,0,0,0,270,0,0,0
0,136.8568,0,0,0,270,0,0,0
0,136.8641,0,0,0,270,0,0,0
0,136.8754,0,0,0,270,0,0,0
0,136.8818,0,0,0,270,0,0,0
0,136.8886,0,0,0,270,0,0,0
0,136.8942,0,0,0,270,0,0,0
0,136.9,0,0,0,270,0,0,0
0,136.9074,0,0,0,270,0,0,0
0,136.9136,0,0,0,270,0,0,0
0,136.92,0,0,0,270,0,0,0
0,136.9255,0,0,0,270,0,0,0
0,136.9328,0,0,0,270,0,0,0
0,136.9432,0,0,0,270,0,0,0
0,136.9533,0,0,0,270,0,0,0
0,136.9594,0,0,0,270,0,0,0
0,136.9654,0,0,0,270,0,0,0
0,136.9719,0,0,0,270,0,0,0
0,136.9782,0,0,0,270,0,0,0
0,136.9849,0,0,0,270,0,0,0
0,136.9911,0,0,0,270,0,0,0
0,136.9971,0,0,0,270,0,0,0
0,137.0029,0,0,0,270,0,0,0
0,137.0088,0,0,0,270,0,0,0
0,137.0154,0,0,0,270,0,0,0
0,137.0213,0,0,0,270,0,0,0
0,137.0267,0,0,0,270,0,0,0
0,137.0331,0,0,0,270,0,0,0
0,137.0397,0,0,0,270,0,0,0
0,137.0452,0,0,0,270,0,0,0
0,137.0501,0,0,0,270,0,0,0
0,137.0555,0,0,0,270,0,0,0
0,137.0601,0,0,0,270,0,0,0
0,137.0657,0,0,0,270,0,0,0
0,137.0705,0,0,0,270,0,0,0
0,137.0766,0,0,0,270,0,0,0
0,137.0816,0,0,0,270,0,0,0
0,137.0876,0,0,0,270,0,0,0
0,137.0934,0,0,0,270,0,0,0
0,137.1011,0,0,0,270,0,0,0
0,137.1069,0,0,0,270,0,0,0
0,137.1134,0,0,0,270,0,0,0
0,137.1191,0,0,0,270,0,0,0
0,137.1252,0,0,0,270,0,0,0
0,137.1306,0,0,0,270,0,0,0
0,137.1354,0,0,0,270,0,0,0
0,137.1406,0,0,0,270,0,0,0
0,137.1456,0,0,0,270,0,0,0
0,137.1499,0,0,0,270,0,0,0
0,137.1548,0,0,0,270,0,0,0
0,137.1593,0,0,0,270,0,0,0
0,137.1641,0,0,0,270,0,0,0
0,137.1691,0,0,0,270,0,0,0
0,137.1744,0,0,0,270,0,0,0
0,137.1792,0,0,0,270,0,0,0
0,137.1842,0,0,0,270,0,0,0
0,137.1907,0,0,0,270,0,0,0
0,137.1955,0,0,0,270,0,0,0
0,137.2006,0,0,0,270,0,0,0
0,137.2064,0,0,0,270,0,0,0
0,137.2122,0,0,0,270,0,0,0
0,137.2193,0,0,0,270,0,0,0
0,137.2252,0,0,0,270,0,0,0
0,137.2309,0,0,0,270,0,0,0
0,137.2362,0,0,0,270,0,0,0
0,137.2419,0,0,0,270,0,0,0
0,137.2476,0,0,0,270,0,0,0
0,137.2539,0,0,0,270,0,0,0
0,137.2599,0,0,0,270,0,0,0
0,137.2657,0,0,0,270,0,0,0
0,137.2703,0,0,0,270,0,0,0
0,137.2757,0,0,0,270,0,0,0
0,137.2814,0,0,0,270,0,0,0
0,137.2884,0,0,0,270,0,0,0
0,137.3034,0,0,0,270,0,0,0
0,137.31,0,0,0,270,0,0,0
0,137.3166,0,0,0,270,0,0,0
0,137.3231,0,0,0,270,0,0,0
0,137.3286,0,0,0,270,0,0,0
0,137.334,0,0,0,270,0,0,0
0,137.3394,0,0,0,270,0,0,0
0,137.3452,0,0,0,270,0,0,0
0,137.35,0,0,0,270,0,0,0
0,137.3549,0,0,0,270,0,0,0
0,137.3599,0,0,0,270,0,0,0
0,137.365,0,0,0,270,0,0,0
0,137.3704,0,0,0,270,0,0,0
0,137.3766,0,0,0,270,0,0,0
0,137.3822,0,0,0,270,0,0,0
0,137.3871,0,0,0,270,0,0,0
0,137.3926,0,0,0,270,0,0,0
0,137.398,0,0,0,270,0,0,0
0,137.4029,0,0,0,270,0,0,0
0,137.4088,0,0,0,270,0,0,0
0,137.4135,0,0,0,270,0,0,0
0,137.418,0,0,0,270,0,0,0
0,137.4239,0,0,0,270,0,0,0
0,137.4289,0,0,0,270,0,0,0
0,137.4337,0,0,0,270,0,0,0
0,137.4392,0,0,0,270,0,0,0
0,137.4445,0,0,0,270,0,0,0
0,137.4495,0,0,0,270,0,0,0
0,137.4557,0,0,0,270,0,0,0
0,137.4616,0,0,0,270,0,0,0
0,137.4681,0,0,0,270,0,0,0
0,137.4758,0,0,0,270,0,0,0
0,137.4832,0,0,0,270,0,0,0
0,137.4905,0,0,0,270,0,0,0
0,137.4972,0,0,0,270,0,0,0
0,137.5028,0,0,0,270,0,0,0
0,137.5086,0,0,0,270,0,0,0
0,137.5149,0,0,0,270,0,0,0
0,137.5241,0,0,0,270,0,0,0
0,137.5489,0,0,0,270,0,0,0
0,137.5586,0,0,0,270,0,0,0
0,137.5674,0,0,0,270,0,0,0
0,137.5912,0,0,0,270,0,0,0
0,137.5998,0,0,0,270,0,0,0
0,137.6061,0,0,0,270,0,0,0
0,137.6131,0,0,0,270,0,0,0
0,137.6219,0,0,0,270,0,0,0
0,137.6325,0,0,0,270,0,0,0
0,137.6463,0,0,0,270,0,0,0
0,137.6545,0,0,0,270,0,0,0
0,137.6641,0,0,0,270,0,0,0
0,137.674,0,0,0,270,0,0,0
0,137.6848,0,0,0,270,0,0,0
0,137.692,0,0,0,270,0,0,0
0,137.6995,0,0,0,270,0,0,0
0,137.7072,0,0,0,270,0,0,0
0,137.716,0,0,0,270,0,0,0
0,137.7245,0,0,0,270,0,0,0
0,137.7347,0,0,0,270,0,0,0
0,137.7426,0,0,0,270,0,0,0
0,137.7498,0,0,0,270,0,0,0
0,137.7567,0,0,0,270,0,0,0
0,137.7646,0,0,0,270,0,0,0
0,137.7713,0,0,0,270,0,0,0
0,137.7797,0,0,0,270,0,0,0
0,137.7914,0,0,0,270,0,0,0
0,137.8001,0,0,0,270,0,0,0
0,137.8083,0,0,0,270,0,0,0
0,137.8171,0,0,0,270,0,0,0
0,137.8255,0,0,0,270,0,0,0
0,137.8333,0,0,0,270,0,0,0
0,137.8407,0,0,0,270,0,0,0
0,137.8478,0,0,0,270,0,0,0
0,137.8546,0,0,0,270,0,0,0
0,137.8613,0,0,0,270,0,0,0
0,137.8714,0,0,0,270,0,0,0
0,137.8814,0,0,0,270,0,0,0
0,137.8944,0,0,0,270,0,0,0
0,137.9146,0,0,0,270,0,0,0
0,137.9255,0,0,0,270,0,0,0
0,137.9351,0,0,0,270,0,0,0
0,137.9666,0,0,0,270,0,0,0
0,137.994,0,0,0,270,0,0,0
0,138.0056,0,0,0,270,0,0,0
0,138.0137,0,0,0,270,0,0,0
0,138.0229,0,0,0,270,0,0,0
0,138.0313,0,0,0,270,0,0,0
0,138.0382,0,0,0,270,0,0,0
0,138.0484,0,0,0,270,0,0,0
0,138.0559,0,0,0,270,0,0,0
0,138.0639,0,0,0,270,0,0,0
0,138.0699,0,0,0,270,0,0,0
0,138.0855,0,0,0,270,0,0,0
0,138.092,0,0,0,270,0,0,0
0,138.0983,0,0,0,270,0,0,0
0,138.1037,0,0,0,270,0,0,0
0,138.1103,0,0,0,270,0,0,0
0,138.1177,0,0,0,270,0,0,0
0,138.1249,0,0,0,270,0,0,0
0,138.1327,0,0,0,270,0,0,0
0,138.1392,0,0,0,270,0,0,0
0,138.1465,0,0,0,270,0,0,0
0,138.1531,0,0,0,270,0,0,0
0,138.16,0,0,0,270,0,0,0
0,138.1664,0,0,0,270,0,0,0
0,138.1728,0,0,0,270,0,0,0
0,138.1791,0,0,0,270,0,0,0
0,138.1862,0,0,0,270,0,0,0
0,138.1922,0,0,0,270,0,0,0
0,138.199,0,0,0,270,0,0,0
0,138.2059,0,0,0,270,0,0,0
0,138.2115,0,0,0,270,0,0,0
0,138.2168,0,0,0,270,0,0,0
0,138.2222,0,0,0,270,0,0,0
0,138.2269,0,0,0,270,0,0,0
0,138.2329,0,0,0,270,0,0,0
0,138.2385,0,0,0,270,0,0,0
0,138.2438,0,0,0,270,0,0,0
0,138.2491,0,0,0,270,0,0,0
0,138.2545,0,0,0,270,0,0,0
0,138.2593,0,0,0,270,0,0,0
0,138.2649,0,0,0,270,0,0,0
0,138.2693,0,0,0,270,0,0,0
0,138.2736,0,0,0,270,0,0,0
0,138.2794,0,0,0,270,0,0,0
0,138.2847,0,0,0,270,0,0,0
0,138.2902,0,0,0,270,0,0,0
0,138.2955,0,0,0,270,0,0,0
0,138.3017,0,0,0,270,0,0,0
0,138.3088,0,0,0,270,0,0,0
0,138.3143,0,0,0,270,0,0,0
0,138.3204,0,0,0,270,0,0,0
0,138.3253,0,0,0,270,0,0,0
0,138.3308,0,0,0,270,0,0,0
0,138.3365,0,0,0,270,0,0,0
0,138.3423,0,0,0,270,0,0,0
0,138.3477,0,0,0,270,0,0,0
0,138.3532,0,0,0,270,0,0,0
0,138.3587,0,0,0,270,0,0,0
0,138.3644,0,0,0,270,0,0,0
0,138.3699,0,0,0,270,0,0,0
0,138.3786,0,0,0,270,0,0,0
0,138.3942,0,0,0,270,0,0,0
0,138.4038,0,0,0,270,0,0,0
0,138.4129,0,0,0,270,0,0,0
0,138.4238,0,0,0,270,0,0,0
0,138.4331,0,0,0,270,0,0,0
0,138.4435,0,0,0,270,0,0,0
0,138.4539,0,0,0,270,0,0,0
0,138.4636,0,0,0,270,0,0,0
0,138.4739,0,0,0,270,0,0,0
0,138.4848,0,0,0,270,0,0,0
0,138.4966,0,0,0,270,0,0,0
0,138.5091,0,0,0,270,0,0,0
0,138.5214,0,0,0,270,0,0,0
0,138.5335,0,0,0,270,0,0,0
0,138.5438,0,0,0,270,0,0,0
0,138.5558,0,0,0,270,0,0,0
0,138.5661,0,0,0,270,0,0,0
0,138.5762,0,0,0,270,0,0,0
0,138.5873,0,0,0,270,0,0,0
0,138.597,0,0,0,270,0,0,0
0,138.6082,0,0,0,270,0,0,0
0,138.6193,0,0,0,270,0,0,0
0,138.6312,0,0,0,270,0,0,0
0,138.6424,0,0,0,270,0,0,0
0,138.6518,0,0,0,270,0,0,0
0,138.662,0,0,0,270,0,0,0
0,138.6726,0,0,0,270,0,0,0
0,138.6895,0,0,0,270,0,0,0
0,138.7006,0,0,0,270,0,0,0
0,138.7141,0,0,0,270,0,0,0
0,138.7278,0,0,0,270,0,0,0
0,138.7418,0,0,0,270,0,0,0
0,138.7581,0,0,0,270,0,0,0
0,138.7709,0,0,0,270,0,0,0
0,138.7832,0,0,0,270,0,0,0
0,138.7985,0,0,0,270,0,0,0
0,138.8157,0,0,0,270,0,0,0
0,138.8312,0,0,0,270,0,0,0
0,138.8467,0,0,0,270,0,0,0
0,138.8629,0,0,0,270,0,0,0
0,138.8782,0,0,0,270,0,0,0
0,138.8911,0,0,0,270,0,0,0
0,138.9034,0,0,0,270,0,0,0
0,138.9164,0,0,0,270,0,0,0
0,138.93,0,0,0,270,0,0,0
0,138.9442,0,0,0,270,0,0,0
0,138.9562,0,0,0,270,0,0,0
0,138.9696,0,0,0,270,0,0,0
0,138.9823,0,0,0,270,0,0,0
0,138.9942,0,0,0,270,0,0,0
0,139.0074,0,0,0,270,0,0,0
0,139.021,0,0,0,270,0,0,0
0,139.0353,0,0,0,270,0,0,0
0,139.0476,0,0,0,270,0,0,0
0,139.0603,0,0,0,270,0,0,0
0,139.0739,0,0,0,270,0,0,0
0,139.0885,0,0,0,270,0,0,0
0,139.1035,0,0,0,270,0,0,0
0,139.118,0,0,0,270,0,0,0
0,139.132,0,0,0,270,0,0,0
0,139.1446,0,0,0,270,0,0,0
0,139.1583,0,0,0,270,0,0,0
0,139.1706,0,0,0,270,0,0,0
0,139.1834,0,0,0,270,0,0,0
0,139.1978,0,0,0,270,0,0,0
0,139.2116,0,0,0,270,0,0,0
0,139.224,0,0,0,270,0,0,0
0,139.2377,0,0,0,270,0,0,0
0,139.2502,0,0,0,270,0,0,0
0,139.2617,0,0,0,270,0,0,0
0,139.2734,0,0,0,270,0,0,0
0,139.2866,0,0,0,270,0,0,0
0,139.2986,0,0,0,270,0,0,0
0,139.3098,0,0,0,270,0,0,0
0,139.3212,0,0,0,270,0,0,0
0,139.3316,0,0,0,270,0,0,0
0,139.3435,0,0,0,270,0,0,0
0,139.3535,0,0,0,270,0,0,0
0,139.3676,0,0,0,270,0,0,0
0,139.3802,0,0,0,270,0,0,0
0,139.3911,0,0,0,270,0,0,0
0,139.4024,0,0,0,270,0,0,0
0,139.4134,0,0,0,270,0,0,0
0,139.4262,0,0,0,270,0,0,0
0,139.4383,0,0,0,270,0,0,0
0,139.4497,0,0,0,270,0,0,0
0,139.4613,0,0,0,270,0,0,0
0,139.4745,0,0,0,270,0,0,0
0,139.4868,0,0,0,270,0,0,0
0,139.499,0,0,0,270,0,0,0
0,139.5122,0,0,0,270,0,0,0
0,139.5254,0,0,0,270,0,0,0
0,139.5379,0,0,0,270,0,0,0
0,139.5493,0,0,0,270,0,0,0
0,139.5598,0,0,0,270,0,0,0
0,139.5713,0,0,0,270,0,0,0
0,139.5817,0,0,0,270,0,0,0
0,139.5963,0,0,0,270,0,0,0
0,139.6098,0,0,0,270,0,0,0
0,139.6221,0,0,0,270,0,0,0
0,139.6345,0,0,0,270,0,0,0
0,139.6477,0,0,0,270,0,0,0
0,139.6617,0,0,0,270,0,0,0
0,139.6741,0,0,0,270,0,0,0
0,139.69,0,0,0,270,0,0,0
0,139.7027,0,0,0,270,0,0,0
0,139.717,0,0,0,270,0,0,0
0,139.7295,0,0,0,270,0,0,0
0,139.7409,0,0,0,270,0,0,0
0,139.7541,0,0,0,270,0,0,0
0,139.7677,0,0,0,270,0,0,0
0,139.7793,0,0,0,270,0,0,0
0,139.7896,0,0,0,270,0,0,0
0,139.8017,0,0,0,270,0,0,0
0,139.8136,0,0,0,270,0,0,0
0,139.8251,0,0,0,270,0,0,0
0,139.8401,0,0,0,270,0,0,0
0,139.8527,0,0,0,270,0,0,0
0,139.8714,0,0,0,270,0,0,0
0,139.888,0,0,0,270,0,0,0
0,139.9009,0,0,0,270,0,0,0
0,139.9152,0,0,0,270,0,0,0
0,139.9286,0,0,0,270,0,0,0
0,139.9438,0,0,0,270,0,0,0
0,139.9572,0,0,0,270,0,0,0
0,139.9699,0,0,0,270,0,0,0
0,139.9952,0,0,0,270,0,0,0
0,140.0171,0,0,0,270,0,0,0
0,140.045,0,0,0,270,0,0,0
0,140.0679,0,0,0,270,0,0,0
0,140.0872,0,0,0,270,0,0,0
0,140.1048,0,0,0,270,0,0,0
0,140.1248,0,0,0,270,0,0,0
0,140.146,0,0,0,270,0,0,0
0,140.1687,0,0,0,270,0,0,0
0,140.1959,0,0,0,270,0,0,0
0,140.2239,0,0,0,270,0,0,0
0,140.2432,0,0,0,270,0,0,0
0,140.2638,0,0,0,270,0,0,0
0,140.2826,0,0,0,270,0,0,0
0,140.3079,0,0,0,270,0,0,0
0,140.3298,0,0,0,270,0,0,0
0,140.3521,0,0,0,270,0,0,0
0,140.371,0,0,0,270,0,0,0
0,140.3954,0,0,0,270,0,0,0
0,140.4247,0,0,0,270,0,0,0
0,140.4543,0,0,0,270,0,0,0
0,140.4768,0,0,0,270,0,0,0
0,140.4931,0,0,0,270,0,0,0
0,140.5141,0,0,0,270,0,0,0
0,140.5327,0,0,0,270,0,0,0
0,140.5506,0,0,0,270,0,0,0
0,140.566,0,0,0,270,0,0,0
0,140.5814,0,0,0,270,0,0,0
0,140.5963,0,0,0,270,0,0,0
0,140.6101,0,0,0,270,0,0,0
0,140.6228,0,0,0,270,0,0,0
0,140.6358,0,0,0,270,0,0,0
0,140.6473,0,0,0,270,0,0,0
0,140.6619,0,0,0,270,0,0,0
0,140.6775,0,0,0,270,0,0,0
0,140.6934,0,0,0,270,0,0,0
0,140.7123,0,0,0,270,0,0,0
0,140.74,0,0,0,270,0,0,0
0,140.7603,0,0,0,270,0,0,0
0,140.7773,0,0,0,270,0,0,0
0,140.7964,0,0,0,270,0,0,0
0,140.8134,0,0,0,270,0,0,0
0,140.8296,0,0,0,270,0,0,0
0,140.8471,0,0,0,270,0,0,0
0,140.8635,0,0,0,270,0,0,0
0,140.8781,0,0,0,270,0,0,0
0,140.8918,0,0,0,270,0,0,0
0,140.9057,0,0,0,270,0,0,0
0,140.9194,0,0,0,270,0,0,0
0,140.9344,0,0,0,270,0,0,0
0,140.9619,0,0,0,270,0,0,0
