Ans,timenow,HMD_rotation_x,HMD_rotation_y,HMD_rotation_z,balldeg,ball_position_x,ball_position_y,ball_position_z
0,0.03482151,0,0,0,270,0,0,0
0,0.04473972,0,0,0,270,0,0,0
0,0.8918986,0,0,0,270,0,0,0
0,0.9271188,0,0,0,270,0,0,0
0,0.9364171,0,0,0,270,0,0,0
0,0.9427009,0,0,0,270,0,0,0
0,0.9495068,0,0,0,270,0,0,0
0,0.9570808,0,0,0,270,0,0,0
0,0.9636374,0,0,0,270,0,0,0
0,0.9700584,0,0,0,270,0,0,0
0,0.9765282,0,0,0,270,0,0,0
0,0.9823155,0,0,0,270,0,0,0
0,0.987782,0,0,0,270,0,0,0
0,0.9951601,0,0,0,270,0,0,0
0,1.012785,0,0,0,270,0,0,0
0,1.018486,0,0,0,270,0,0,0
0,1.024314,0,0,0,270,0,0,0
0,1.029445,0,0,0,270,0,0,0
0,1.034834,0,0,0,270,0,0,0
0,1.041369,0,0,0,270,0,0,0
0,1.047095,0,0,0,270,0,0,0
0,1.055266,0,0,0,270,0,0,0
0,1.061907,0,0,0,270,0,0,0
0,1.070023,0,0,0,270,0,0,0
0,1.076788,0,0,0,270,0,0,0
0,1.082675,0,0,0,270,0,0,0
0,1.08779,0,0,0,270,0,0,0
0,1.094022,0,0,0,270,0,0,0
0,1.099251,0,0,0,270,0,0,0
0,1.104775,0,0,0,270,0,0,0
0,1.110524,0,0,0,270,0,0,0
0,1.116244,0,0,0,270,0,0,0
0,1.1225,0,0,0,270,0,0,0
0,1.127412,0,0,0,270,0,0,0
0,1.133618,0,0,0,270,0,0,0
0,1.139631,0,0,0,270,0,0,0
0,1.144967,0,0,0,270,0,0,0
0,1.163967,0,0,0,270,0,0,0
0,1.171364,0,0,0,270,0,0,0
0,1.177273,0,0,0,270,0,0,0
0,1.182704,0,0,0,270,0,0,0
0,1.187601,0,0,0,270,0,0,0
0,1.194372,0,0,0,270,0,0,0
0,1.201286,0,0,0,270,0,0,0
0,1.207275,0,0,0,270,0,0,0
0,1.213898,0,0,0,270,0,0,0
0,1.218502,0,0,0,270,0,0,0
0,1.223141,0,0,0,270,0,0,0
0,1.228191,0,0,0,270,0,0,0
0,1.233844,0,0,0,270,0,0,0
0,1.23964,0,0,0,270,0,0,0
0,1.245377,0,0,0,270,0,0,0
0,1.250294,0,0,0,270,0,0,0
0,1.257706,0,0,0,270,0,0,0
0,1.263442,0,0,0,270,0,0,0
0,1.269484,0,0,0,270,0,0,0
0,1.275952,0,0,0,270,0,0,0
0,1.281199,0,0,0,270,0,0,0
0,1.285954,0,0,0,270,0,0,0
0,1.291158,0,0,0,270,0,0,0
0,1.296309,0,0,0,270,0,0,0
0,1.31212,0,0,0,270,0,0,0
0,1.317433,0,0,0,270,0,0,0
0,1.322817,0,0,0,270,0,0,0
0,1.329234,0,0,0,270,0,0,0
0,1.334893,0,0,0,270,0,0,0
0,1.340118,0,0,0,270,0,0,0
0,1.345435,0,0,0,270,0,0,0
0,1.350824,0,0,0,270,0,0,0
0,1.357754,0,0,0,270,0,0,0
0,1.363857,0,0,0,270,0,0,0
0,1.370315,0,0,0,270,0,0,0
0,1.376744,0,0,0,270,0,0,0
0,1.38157,0,0,0,270,0,0,0
0,1.386827,0,0,0,270,0,0,0
0,1.392726,0,0,0,270,0,0,0
0,1.397796,0,0,0,270,0,0,0
0,1.402661,0,0,0,270,0,0,0
0,1.407945,0,0,0,270,0,0,0
0,1.413516,0,0,0,270,0,0,0
0,1.418745,0,0,0,270,0,0,0
0,1.424269,0,0,0,270,0,0,0
0,1.429234,0,0,0,270,0,0,0
0,1.435719,0,0,0,270,0,0,0
0,1.441041,0,0,0,270,0,0,0
0,1.447277,0,0,0,270,0,0,0
0,1.469131,0,0,0,270,0,0,0
0,1.478568,0,0,0,270,0,0,0
0,1.484544,0,0,0,270,0,0,0
0,1.489972,0,0,0,270,0,0,0
0,1.496068,0,0,0,270,0,0,0
0,1.501744,0,0,0,270,0,0,0
0,1.507139,0,0,0,270,0,0,0
0,1.514297,0,0,0,270,0,0,0
0,1.52061,0,0,0,270,0,0,0
0,1.526315,0,0,0,270,0,0,0
0,1.532664,0,0,0,270,0,0,0
0,1.537536,0,0,0,270,0,0,0
0,1.543711,0,0,0,270,0,0,0
0,1.549149,0,0,0,270,0,0,0
0,1.555408,0,0,0,270,0,0,0
0,1.560378,0,0,0,270,0,0,0
0,1.564854,0,0,0,270,0,0,0
0,1.571803,0,0,0,270,0,0,0
0,1.578164,0,0,0,270,0,0,0
0,1.583294,0,0,0,270,0,0,0
0,1.588916,0,0,0,270,0,0,0
0,1.594947,0,0,0,270,0,0,0
0,1.601852,0,0,0,270,0,0,0
0,1.621646,0,0,0,270,0,0,0
0,1.628456,0,0,0,270,0,0,0
0,1.635763,0,0,0,270,0,0,0
0,1.642653,0,0,0,270,0,0,0
0,1.647466,0,0,0,270,0,0,0
0,1.653378,0,0,0,270,0,0,0
0,1.658515,0,0,0,270,0,0,0
0,1.663899,0,0,0,270,0,0,0
0,1.668837,0,0,0,270,0,0,0
0,1.67522,0,0,0,270,0,0,0
0,1.680307,0,0,0,270,0,0,0
0,1.685515,0,0,0,270,0,0,0
0,1.691075,0,0,0,270,0,0,0
1,1.709198,0,0,0,270,0,0,0
1,1.717636,0,0,0,270,0,0,0
1,1.725494,0,0,0,299.9816,2.6,0,1.5
1,1.731944,0,0,0,299.9816,2.6,0,1.5
1,1.736708,0,0,0,299.9816,2.6,0,1.5
1,1.74174,0,0,0,299.9816,2.6,0,1.5
1,1.747682,0,0,0,299.9816,2.6,0,1.5
1,1.754352,0,0,0,299.9816,2.6,0,1.5
1,1.775767,0,0,0,299.9816,2.6,0,1.5
1,1.782796,0,0,0,299.9816,2.6,0,1.5
1,1.787636,0,0,0,299.9816,2.6,0,1.5
1,1.792784,0,0,0,299.9816,2.6,0,1.5
1,1.798038,0,0,0,299.9816,2.6,0,1.5
1,1.803477,0,0,0,299.9816,2.6,0,1.5
1,1.809029,0,0,0,299.9816,2.6,0,1.5
1,1.814435,0,0,0,299.9816,2.6,0,1.5
1,1.820725,0,0,0,299.9816,2.6,0,1.5
1,1.826423,0,0,0,299.9816,2.6,0,1.5
1,1.831942,0,0,0,299.9816,2.6,0,1.5
1,1.837607,0,0,0,299.9816,2.6,0,1.5
1,1.843092,0,0,0,299.9816,2.6,0,1.5
1,1.849752,0,0,0,299.9816,2.6,0,1.5
1,1.855497,0,0,0,299.9816,2.6,0,1.5
1,1.861345,0,0,0,299.9816,2.6,0,1.5
1,1.866783,0,0,0,299.9816,2.6,0,1.5
1,1.872676,0,0,0,299.9816,2.6,0,1.5
1,1.880172,0,0,0,299.9816,2.6,0,1.5
1,1.885577,0,0,0,299.9816,2.6,0,1.5
1,1.889994,0,0,0,299.9816,2.6,0,1.5
1,1.895276,0,0,0,299.9816,2.6,0,1.5
1,1.90059,0,0,0,299.9816,2.6,0,1.5
1,1.907054,0,0,0,299.9816,2.6,0,1.5
1,1.925857,0,0,0,299.9816,2.6,0,1.5
1,1.931646,0,0,0,299.9816,2.6,0,1.5
1,1.936145,0,0,0,299.9816,2.6,0,1.5
1,1.941275,0,0,0,299.9816,2.6,0,1.5
1,1.947455,0,0,0,299.9816,2.6,0,1.5
1,1.954223,0,0,0,299.9816,2.6,0,1.5
1,1.961125,0,0,0,299.9816,2.6,0,1.5
1,1.966403,0,0,0,299.9816,2.6,0,1.5
1,1.971946,0,0,0,299.9816,2.6,0,1.5
1,1.978299,0,0,0,299.9816,2.6,0,1.5
1,1.983977,0,0,0,299.9816,2.6,0,1.5
1,1.99024,0,0,0,299.9816,2.6,0,1.5
1,1.996602,0,0,0,299.9816,2.6,0,1.5
1,2.001993,0,0,0,299.9816,2.6,0,1.5
1,2.00689,0,0,0,299.9816,2.6,0,1.5
1,2.012522,0,0,0,299.9816,2.6,0,1.5
1,2.018425,0,0,0,299.9816,2.6,0,1.5
1,2.024013,0,0,0,299.9816,2.6,0,1.5
1,2.028862,0,0,0,299.9816,2.6,0,1.5
1,2.033864,0,0,0,299.9816,2.6,0,1.5
1,2.038987,0,0,0,299.9816,2.6,0,1.5
1,2.04387,0,0,0,299.9816,2.6,0,1.5
1,2.048839,0,0,0,299.9816,2.6,0,1.5
1,2.054909,0,0,0,299.9816,2.6,0,1.5
1,2.06048,0,0,0,299.9816,2.6,0,1.5
1,2.08073,0,0,0,299.9816,2.6,0,1.5
1,2.092382,0,0,0,299.9816,2.6,0,1.5
1,2.099252,0,0,0,299.9816,2.6,0,1.5
1,2.106017,0,0,0,299.9816,2.6,0,1.5
1,2.112634,0,0,0,299.9816,2.6,0,1.5
1,2.120468,0,0,0,299.9816,2.6,0,1.5
1,2.127112,0,0,0,299.9816,2.6,0,1.5
1,2.133104,0,0,0,299.9816,2.6,0,1.5
1,2.139149,0,0,0,299.9816,2.6,0,1.5
1,2.145344,0,0,0,299.9816,2.6,0,1.5
1,2.150963,0,0,0,299.9816,2.6,0,1.5
1,2.156736,0,0,0,299.9816,2.6,0,1.5
1,2.162953,0,0,0,299.9816,2.6,0,1.5
1,2.170834,0,0,0,299.9816,2.6,0,1.5
1,2.177289,0,0,0,299.9816,2.6,0,1.5
1,2.184404,0,0,0,299.9816,2.6,0,1.5
1,2.190937,0,0,0,299.9816,2.6,0,1.5
1,2.198318,0,0,0,299.9816,2.6,0,1.5
1,2.204764,0,0,0,299.9816,2.6,0,1.5
1,2.21133,0,0,0,299.9816,2.6,0,1.5
1,2.236055,0,0,0,299.9816,2.6,0,1.5
1,2.243076,0,0,0,299.9816,2.6,0,1.5
1,2.249889,0,0,0,299.9816,2.6,0,1.5
1,2.256646,0,0,0,299.9816,2.6,0,1.5
1,2.263299,0,0,0,299.9816,2.6,0,1.5
1,2.269741,0,0,0,299.9816,2.6,0,1.5
1,2.275759,0,0,0,299.9816,2.6,0,1.5
1,2.281732,0,0,0,299.9816,2.6,0,1.5
1,2.289927,0,0,0,299.9816,2.6,0,1.5
1,2.297612,0,0,0,299.9816,2.6,0,1.5
1,2.305624,0,0,0,299.9816,2.6,0,1.5
1,2.312209,0,0,0,299.9816,2.6,0,1.5
1,2.318334,0,0,0,299.9816,2.6,0,1.5
1,2.325545,0,0,0,299.9816,2.6,0,1.5
1,2.332646,0,0,0,299.9816,2.6,0,1.5
1,2.339867,0,0,0,299.9816,2.6,0,1.5
1,2.345722,0,0,0,299.9816,2.6,0,1.5
1,2.352014,0,0,0,299.9816,2.6,0,1.5
1,2.358525,0,0,0,299.9816,2.6,0,1.5
1,2.364488,0,0,0,299.9816,2.6,0,1.5
1,2.387161,0,0,0,299.9816,2.6,0,1.5
1,2.392961,0,0,0,299.9816,2.6,0,1.5
1,2.397754,0,0,0,299.9816,2.6,0,1.5
1,2.406265,0,0,0,299.9816,2.6,0,1.5
1,2.415348,0,0,0,299.9816,2.6,0,1.5
1,2.432496,0,0,0,299.9816,2.6,0,1.5
1,2.437679,0,0,0,299.9816,2.6,0,1.5
1,2.443251,0,0,0,299.9816,2.6,0,1.5
1,2.450273,0,0,0,299.9816,2.6,0,1.5
1,2.457183,0,0,0,299.9816,2.6,0,1.5
1,2.462924,0,0,0,299.9816,2.6,0,1.5
1,2.468581,0,0,0,299.9816,2.6,0,1.5
1,2.474908,0,0,0,299.9816,2.6,0,1.5
1,2.481059,0,0,0,299.9816,2.6,0,1.5
1,2.486444,0,0,0,299.9816,2.6,0,1.5
1,2.495136,0,0,0,299.9816,2.6,0,1.5
1,2.499743,0,0,0,299.9816,2.6,0,1.5
1,2.504709,0,0,0,299.9816,2.6,0,1.5
1,2.510764,0,0,0,299.9816,2.6,0,1.5
1,2.51754,0,0,0,299.9816,2.6,0,1.5
1,2.534878,0,0,0,299.9816,2.6,0,1.5
1,2.540698,0,0,0,299.9816,2.6,0,1.5
1,2.545798,0,0,0,299.9816,2.6,0,1.5
1,2.552826,0,0,0,299.9816,2.6,0,1.5
1,2.559556,0,0,0,299.9816,2.6,0,1.5
1,2.564735,0,0,0,299.9816,2.6,0,1.5
1,2.571325,0,0,0,299.9816,2.6,0,1.5
1,2.578601,0,0,0,299.9816,2.6,0,1.5
1,2.586664,0,0,0,299.9816,2.6,0,1.5
1,2.593001,0,0,0,299.9816,2.6,0,1.5
1,2.598309,0,0,0,299.9816,2.6,0,1.5
1,2.604304,0,0,0,299.9816,2.6,0,1.5
1,2.609735,0,0,0,299.9816,2.6,0,1.5
1,2.615598,0,0,0,299.9816,2.6,0,1.5
1,2.622412,0,0,0,299.9816,2.6,0,1.5
1,2.628725,0,0,0,299.9816,2.6,0,1.5
1,2.635482,0,0,0,299.9816,2.6,0,1.5
1,2.642428,0,0,0,299.9816,2.6,0,1.5
1,2.649512,0,0,0,299.9816,2.6,0,1.5
1,2.657441,0,0,0,299.9816,2.6,0,1.5
1,2.664235,0,0,0,299.9816,2.6,0,1.5
1,2.673973,0,0,0,299.9816,2.6,0,1.5
1,2.698953,0,0,0,299.9816,2.6,0,1.5
1,2.708383,0,0,0,299.9816,2.6,0,1.5
1,2.714712,0,0,0,299.9816,2.6,0,1.5
1,2.720952,0,0,0,299.9816,2.6,0,1.5
1,2.728037,0,0,0,299.9816,2.6,0,1.5
1,2.734475,0,0,0,299.9816,2.6,0,1.5
1,2.740207,0,0,0,299.9816,2.6,0,1.5
1,2.746142,0,0,0,299.9816,2.6,0,1.5
1,2.751965,0,0,0,299.9816,2.6,0,1.5
1,2.758639,0,0,0,299.9816,2.6,0,1.5
1,2.764318,0,0,0,299.9816,2.6,0,1.5
1,2.771962,0,0,0,299.9816,2.6,0,1.5
1,2.777377,0,0,0,299.9816,2.6,0,1.5
1,2.783422,0,0,0,299.9816,2.6,0,1.5
1,2.790461,0,0,0,299.9816,2.6,0,1.5
1,2.797282,0,0,0,299.9816,2.6,0,1.5
1,2.803281,0,0,0,299.9816,2.6,0,1.5
1,2.809869,0,0,0,299.9816,2.6,0,1.5
1,2.815568,0,0,0,299.9816,2.6,0,1.5
1,2.821228,0,0,0,299.9816,2.6,0,1.5
1,2.827845,0,0,0,299.9816,2.6,0,1.5
1,2.845819,0,0,0,299.9816,2.6,0,1.5
1,2.851962,0,0,0,299.9816,2.6,0,1.5
1,2.857698,0,0,0,299.9816,2.6,0,1.5
1,2.862636,0,0,0,299.9816,2.6,0,1.5
1,2.868972,0,0,0,299.9816,2.6,0,1.5
1,2.874807,0,0,0,299.9816,2.6,0,1.5
1,2.879532,0,0,0,299.9816,2.6,0,1.5
1,2.88555,0,0,0,299.9816,2.6,0,1.5
1,2.8907,0,0,0,299.9816,2.6,0,1.5
1,2.896201,0,0,0,299.9816,2.6,0,1.5
1,2.903001,0,0,0,299.9816,2.6,0,1.5
1,2.909504,0,0,0,299.9816,2.6,0,1.5
1,2.915748,0,0,0,299.9816,2.6,0,1.5
1,2.920591,0,0,0,299.9816,2.6,0,1.5
1,2.926293,0,0,0,299.9816,2.6,0,1.5
1,2.932718,0,0,0,299.9816,2.6,0,1.5
1,2.938431,0,0,0,299.9816,2.6,0,1.5
1,2.943816,0,0,0,299.9816,2.6,0,1.5
1,2.949821,0,0,0,299.9816,2.6,0,1.5
1,2.956015,0,0,0,299.9816,2.6,0,1.5
1,2.961819,0,0,0,299.9816,2.6,0,1.5
1,2.967157,0,0,0,299.9816,2.6,0,1.5
1,2.974408,0,0,0,299.9816,2.6,0,1.5
1,2.980329,0,0,0,299.9816,2.6,0,1.5
1,2.996734,0,0,0,299.9816,2.6,0,1.5
1,3.002188,0,0,0,299.9816,2.6,0,1.5
1,3.006709,0,0,0,299.9816,2.6,0,1.5
1,3.012203,0,0,0,299.9816,2.6,0,1.5
1,3.01732,0,0,0,299.9816,2.6,0,1.5
1,3.023211,0,0,0,299.9816,2.6,0,1.5
1,3.028314,0,0,0,299.9816,2.6,0,1.5
1,3.033526,0,0,0,299.9816,2.6,0,1.5
1,3.039145,0,0,0,299.9816,2.6,0,1.5
1,3.044479,0,0,0,299.9816,2.6,0,1.5
1,3.050222,0,0,0,299.9816,2.6,0,1.5
1,3.056396,0,0,0,299.9816,2.6,0,1.5
1,3.061904,0,0,0,299.9816,2.6,0,1.5
1,3.067997,0,0,0,299.9816,2.6,0,1.5
1,3.07324,0,0,0,299.9816,2.6,0,1.5
1,3.078549,0,0,0,299.9816,2.6,0,1.5
1,3.084172,0,0,0,299.9816,2.6,0,1.5
1,3.08941,0,0,0,299.9816,2.6,0,1.5
1,3.095039,0,0,0,299.9816,2.6,0,1.5
1,3.100616,0,0,0,299.9816,2.6,0,1.5
1,3.106162,0,0,0,299.9816,2.6,0,1.5
1,3.112881,0,0,0,299.9816,2.6,0,1.5
1,3.119125,0,0,0,299.9816,2.6,0,1.5
1,3.125388,0,0,0,299.9816,2.6,0,1.5
1,3.132416,0,0,0,299.9816,2.6,0,1.5
1,3.147215,0,0,0,299.9816,2.6,0,1.5
1,3.152804,0,0,0,299.9816,2.6,0,1.5
1,3.157799,0,0,0,299.9816,2.6,0,1.5
1,3.163358,0,0,0,299.9816,2.6,0,1.5
1,3.169578,0,0,0,299.9816,2.6,0,1.5
1,3.176204,0,0,0,299.9816,2.6,0,1.5
1,3.181993,0,0,0,299.9816,2.6,0,1.5
1,3.186765,0,0,0,299.9816,2.6,0,1.5
1,3.192932,0,0,0,299.9816,2.6,0,1.5
1,3.198286,0,0,0,299.9816,2.6,0,1.5
1,3.203953,0,0,0,299.9816,2.6,0,1.5
1,3.209365,0,0,0,299.9816,2.6,0,1.5
1,3.21556,0,0,0,299.9816,2.6,0,1.5
1,3.220985,0,0,0,299.9816,2.6,0,1.5
1,3.226403,0,0,0,299.9816,2.6,0,1.5
1,3.233345,0,0,0,299.9816,2.6,0,1.5
1,3.238536,0,0,0,299.9816,2.6,0,1.5
1,3.244737,0,0,0,299.9816,2.6,0,1.5
1,3.250405,0,0,0,299.9816,2.6,0,1.5
1,3.256941,0,0,0,299.9816,2.6,0,1.5
1,3.26319,0,0,0,299.9816,2.6,0,1.5
1,3.269984,0,0,0,299.9816,2.6,0,1.5
1,3.27744,0,0,0,299.9816,2.6,0,1.5
1,3.283841,0,0,0,299.9816,2.6,0,1.5
1,3.301418,0,0,0,299.9816,2.6,0,1.5
1,3.306185,0,0,0,299.9816,2.6,0,1.5
1,3.312594,0,0,0,299.9816,2.6,0,1.5
1,3.321022,0,0,0,299.9816,2.6,0,1.5
1,3.327318,0,0,0,299.9816,2.6,0,1.5
1,3.3329,0,0,0,299.9816,2.6,0,1.5
1,3.339018,0,0,0,299.9816,2.6,0,1.5
1,3.345151,0,0,0,299.9816,2.6,0,1.5
1,3.351172,0,0,0,299.9816,2.6,0,1.5
1,3.360126,0,0,0,299.9816,2.6,0,1.5
1,3.366062,0,0,0,299.9816,2.6,0,1.5
1,3.372986,0,0,0,299.9816,2.6,0,1.5
1,3.379203,0,0,0,299.9816,2.6,0,1.5
1,3.38589,0,0,0,299.9816,2.6,0,1.5
1,3.392885,0,0,0,299.9816,2.6,0,1.5
1,3.399955,0,0,0,299.9816,2.6,0,1.5
1,3.405911,0,0,0,299.9816,2.6,0,1.5
1,3.412326,0,0,0,299.9816,2.6,0,1.5
1,3.419795,0,0,0,299.9816,2.6,0,1.5
1,3.426827,0,0,0,299.9816,2.6,0,1.5
1,3.433331,0,0,0,299.9816,2.6,0,1.5
1,3.439592,0,0,0,299.9816,2.6,0,1.5
1,3.462443,0,0,0,299.9816,2.6,0,1.5
1,3.469965,0,0,0,299.9816,2.6,0,1.5
1,3.476872,0,0,0,299.9816,2.6,0,1.5
1,3.483495,0,0,0,299.9816,2.6,0,1.5
1,3.489586,0,0,0,299.9816,2.6,0,1.5
1,3.496206,0,0,0,299.9816,2.6,0,1.5
1,3.503109,0,0,0,299.9816,2.6,0,1.5
1,3.509417,0,0,0,299.9816,2.6,0,1.5
1,3.516429,0,0,0,299.9816,2.6,0,1.5
1,3.525743,0,0,0,299.9816,2.6,0,1.5
1,3.532871,0,0,0,299.9816,2.6,0,1.5
1,3.538835,0,0,0,299.9816,2.6,0,1.5
1,3.545271,0,0,0,299.9816,2.6,0,1.5
1,3.552067,0,0,0,299.9816,2.6,0,1.5
1,3.558665,0,0,0,299.9816,2.6,0,1.5
1,3.564781,0,0,0,299.9816,2.6,0,1.5
1,3.572035,0,0,0,299.9816,2.6,0,1.5
1,3.578327,0,0,0,299.9816,2.6,0,1.5
1,3.585592,0,0,0,299.9816,2.6,0,1.5
1,3.593307,0,0,0,299.9816,2.6,0,1.5
1,3.613003,0,0,0,299.9816,2.6,0,1.5
1,3.61834,0,0,0,299.9816,2.6,0,1.5
1,3.624326,0,0,0,299.9816,2.6,0,1.5
1,3.629424,0,0,0,299.9816,2.6,0,1.5
1,3.635798,0,0,0,299.9816,2.6,0,1.5
1,3.641491,0,0,0,299.9816,2.6,0,1.5
1,3.646507,0,0,0,299.9816,2.6,0,1.5
1,3.653111,0,0,0,299.9816,2.6,0,1.5
1,3.658823,0,0,0,299.9816,2.6,0,1.5
1,3.664068,0,0,0,299.9816,2.6,0,1.5
1,3.67318,0,0,0,299.9816,2.6,0,1.5
1,3.681529,0,0,0,299.9816,2.6,0,1.5
1,3.688078,0,0,0,299.9816,2.6,0,1.5
1,3.695746,0,0,0,299.9816,2.6,0,1.5
1,3.702842,0,0,0,299.9816,2.6,0,1.5
1,3.709368,0,0,0,299.9816,2.6,0,1.5
1,3.717366,0,0,0,299.9816,2.6,0,1.5
1,3.727381,0,0,0,299.9816,2.6,0,1.5
1,3.735654,0,0,0,299.9816,2.6,0,1.5
1,3.742126,0,0,0,299.9816,2.6,0,1.5
1,3.748592,0,0,0,299.9816,2.6,0,1.5
1,3.769817,0,0,0,299.9816,2.6,0,1.5
1,3.777383,0,0,0,299.9816,2.6,0,1.5
1,3.783457,0,0,0,299.9816,2.6,0,1.5
1,3.789903,0,0,0,299.9816,2.6,0,1.5
1,3.797433,0,0,0,299.9816,2.6,0,1.5
1,3.804053,0,0,0,299.9816,2.6,0,1.5
1,3.810057,0,0,0,299.9816,2.6,0,1.5
1,3.816145,0,0,0,299.9816,2.6,0,1.5
1,3.823676,0,0,0,299.9816,2.6,0,1.5
1,3.82996,0,0,0,299.9816,2.6,0,1.5
1,3.83863,0,0,0,299.9816,2.6,0,1.5
1,3.845163,0,0,0,299.9816,2.6,0,1.5
1,3.851783,0,0,0,299.9816,2.6,0,1.5
1,3.858446,0,0,0,299.9816,2.6,0,1.5
1,3.865111,0,0,0,299.9816,2.6,0,1.5
1,3.87511,0,0,0,299.9816,2.6,0,1.5
1,3.881269,0,0,0,299.9816,2.6,0,1.5
1,3.897539,0,0,0,299.9816,2.6,0,1.5
1,3.904197,0,0,0,299.9816,2.6,0,1.5
1,3.926347,0,0,0,299.9816,2.6,0,1.5
1,3.93703,0,0,0,299.9816,2.6,0,1.5
1,3.94325,0,0,0,299.9816,2.6,0,1.5
1,3.950006,0,0,0,299.9816,2.6,0,1.5
1,3.956341,0,0,0,299.9816,2.6,0,1.5
1,3.96337,0,0,0,299.9816,2.6,0,1.5
1,3.970387,0,0,0,299.9816,2.6,0,1.5
1,3.978549,0,0,0,299.9816,2.6,0,1.5
1,3.985121,0,0,0,299.9816,2.6,0,1.5
1,3.991314,0,0,0,299.9816,2.6,0,1.5
1,3.998292,0,0,0,299.9816,2.6,0,1.5
1,4.004047,0,0,0,299.9816,2.6,0,1.5
1,4.011008,0,0,0,299.9816,2.6,0,1.5
1,4.018656,0,0,0,299.9816,2.6,0,1.5
1,4.025206,0,0,0,299.9816,2.6,0,1.5
1,4.030996,0,0,0,299.9816,2.6,0,1.5
1,4.038655,0,0,0,299.9816,2.6,0,1.5
1,4.045464,0,0,0,299.9816,2.6,0,1.5
1,4.052416,0,0,0,299.9816,2.6,0,1.5
1,4.05984,0,0,0,299.9816,2.6,0,1.5
1,4.081095,0,0,0,299.9816,2.6,0,1.5
1,4.086606,0,0,0,299.9816,2.6,0,1.5
1,4.093842,0,0,0,299.9816,2.6,0,1.5
1,4.098733,0,0,0,299.9816,2.6,0,1.5
1,4.104394,0,0,0,299.9816,2.6,0,1.5
1,4.110122,0,0,0,299.9816,2.6,0,1.5
1,4.116707,0,0,0,299.9816,2.6,0,1.5
1,4.122053,0,0,0,299.9816,2.6,0,1.5
1,4.127213,0,0,0,299.9816,2.6,0,1.5
1,4.136419,0,0,0,299.9816,2.6,0,1.5
1,4.146411,0,0,0,299.9816,2.6,0,1.5
1,4.153307,0,0,0,299.9816,2.6,0,1.5
1,4.160878,0,0,0,299.9816,2.6,0,1.5
1,4.167459,0,0,0,299.9816,2.6,0,1.5
1,4.175956,0,0,0,299.9816,2.6,0,1.5
1,4.183424,0,0,0,299.9816,2.6,0,1.5
1,4.189269,0,0,0,299.9816,2.6,0,1.5
1,4.1956,0,0,0,299.9816,2.6,0,1.5
1,4.201891,0,0,0,299.9816,2.6,0,1.5
1,4.20704,0,0,0,299.9816,2.6,0,1.5
1,4.213999,0,0,0,299.9816,2.6,0,1.5
1,4.23414,0,0,0,299.9816,2.6,0,1.5
1,4.24026,0,0,0,299.9816,2.6,0,1.5
1,4.246807,0,0,0,299.9816,2.6,0,1.5
1,4.253169,0,0,0,299.9816,2.6,0,1.5
1,4.25989,0,0,0,299.9816,2.6,0,1.5
1,4.265843,0,0,0,299.9816,2.6,0,1.5
1,4.272077,0,0,0,299.9816,2.6,0,1.5
1,4.278234,0,0,0,299.9816,2.6,0,1.5
1,4.284514,0,0,0,299.9816,2.6,0,1.5
1,4.291296,0,0,0,299.9816,2.6,0,1.5
1,4.29859,0,0,0,299.9816,2.6,0,1.5
1,4.305839,0,0,0,299.9816,2.6,0,1.5
1,4.312987,0,0,0,299.9816,2.6,0,1.5
1,4.320583,0,0,0,299.9816,2.6,0,1.5
1,4.327667,0,0,0,299.9816,2.6,0,1.5
1,4.337024,0,0,0,299.9816,2.6,0,1.5
1,4.343101,0,0,0,299.9816,2.6,0,1.5
1,4.34908,0,0,0,299.9816,2.6,0,1.5
1,4.356431,0,0,0,299.9816,2.6,0,1.5
1,4.361924,0,0,0,299.9816,2.6,0,1.5
1,4.368115,0,0,0,299.9816,2.6,0,1.5
1,4.387347,0,0,0,299.9816,2.6,0,1.5
1,4.393103,0,0,0,299.9816,2.6,0,1.5
1,4.398516,0,0,0,299.9816,2.6,0,1.5
1,4.403962,0,0,0,299.9816,2.6,0,1.5
1,4.409598,0,0,0,299.9816,2.6,0,1.5
1,4.415094,0,0,0,299.9816,2.6,0,1.5
1,4.421809,0,0,0,299.9816,2.6,0,1.5
1,4.428133,0,0,0,299.9816,2.6,0,1.5
1,4.434632,0,0,0,299.9816,2.6,0,1.5
1,4.440146,0,0,0,299.9816,2.6,0,1.5
1,4.4457,0,0,0,299.9816,2.6,0,1.5
1,4.452221,0,0,0,299.9816,2.6,0,1.5
1,4.45828,0,0,0,299.9816,2.6,0,1.5
1,4.465042,0,0,0,299.9816,2.6,0,1.5
1,4.470752,0,0,0,299.9816,2.6,0,1.5
1,4.476438,0,0,0,299.9816,2.6,0,1.5
1,4.482239,0,0,0,299.9816,2.6,0,1.5
1,4.486877,0,0,0,299.9816,2.6,0,1.5
1,4.492944,0,0,0,299.9816,2.6,0,1.5
1,4.499374,0,0,0,299.9816,2.6,0,1.5
1,4.505338,0,0,0,299.9816,2.6,0,1.5
1,4.512517,0,0,0,299.9816,2.6,0,1.5
1,4.518136,0,0,0,299.9816,2.6,0,1.5
1,4.539128,0,0,0,299.9816,2.6,0,1.5
1,4.547587,0,0,0,299.9816,2.6,0,1.5
1,4.554769,0,0,0,299.9816,2.6,0,1.5
1,4.560952,0,0,0,299.9816,2.6,0,1.5
1,4.566314,0,0,0,299.9816,2.6,0,1.5
1,4.57383,0,0,0,299.9816,2.6,0,1.5
1,4.580703,0,0,0,299.9816,2.6,0,1.5
1,4.587171,0,0,0,299.9816,2.6,0,1.5
1,4.596648,0,0,0,299.9816,2.6,0,1.5
1,4.60291,0,0,0,299.9816,2.6,0,1.5
1,4.608571,0,0,0,299.9816,2.6,0,1.5
1,4.614978,0,0,0,299.9816,2.6,0,1.5
1,4.62132,0,0,0,299.9816,2.6,0,1.5
1,4.627919,0,0,0,299.9816,2.6,0,1.5
1,4.634657,0,0,0,299.9816,2.6,0,1.5
1,4.640482,0,0,0,299.9816,2.6,0,1.5
1,4.645949,0,0,0,299.9816,2.6,0,1.5
1,4.652128,0,0,0,299.9816,2.6,0,1.5
1,4.657529,0,0,0,299.9816,2.6,0,1.5
1,4.66958,0,0,0,299.9816,2.6,0,1.5
1,4.687698,0,0,0,299.9816,2.6,0,1.5
1,4.715475,0,0,0,299.9816,2.6,0,1.5
1,4.723095,0,0,0,299.9816,2.6,0,1.5
1,4.729955,0,0,0,299.9816,2.6,0,1.5
1,4.73795,0,0,0,299.9816,2.6,0,1.5
1,4.745777,0,0,0,299.9816,2.6,0,1.5
1,4.755578,0,0,0,299.9816,2.6,0,1.5
1,4.763146,0,0,0,299.9816,2.6,0,1.5
1,4.770218,0,0,0,299.9816,2.6,0,1.5
1,4.777849,0,0,0,299.9816,2.6,0,1.5
1,4.785928,0,0,0,299.9816,2.6,0,1.5
1,4.793818,0,0,0,299.9816,2.6,0,1.5
1,4.801406,0,0,0,299.9816,2.6,0,1.5
1,4.812074,0,0,0,299.9816,2.6,0,1.5
1,4.819735,0,0,0,299.9816,2.6,0,1.5
1,4.826934,0,0,0,299.9816,2.6,0,1.5
1,4.834397,0,0,0,299.9816,2.6,0,1.5
1,4.861248,0,0,0,299.9816,2.6,0,1.5
1,4.870085,0,0,0,299.9816,2.6,0,1.5
1,4.877313,0,0,0,299.9816,2.6,0,1.5
1,4.884049,0,0,0,299.9816,2.6,0,1.5
1,4.890968,0,0,0,299.9816,2.6,0,1.5
1,4.897916,0,0,0,299.9816,2.6,0,1.5
1,4.905461,0,0,0,299.9816,2.6,0,1.5
1,4.912986,0,0,0,299.9816,2.6,0,1.5
1,4.919373,0,0,0,299.9816,2.6,0,1.5
1,4.925512,0,0,0,299.9816,2.6,0,1.5
1,4.93292,0,0,0,299.9816,2.6,0,1.5
1,4.939338,0,0,0,299.9816,2.6,0,1.5
1,4.946247,0,0,0,299.9816,2.6,0,1.5
1,4.954877,0,0,0,299.9816,2.6,0,1.5
1,4.960951,0,0,0,299.9816,2.6,0,1.5
1,4.967752,0,0,0,299.9816,2.6,0,1.5
1,4.974533,0,0,0,299.9816,2.6,0,1.5
1,4.98115,0,0,0,299.9816,2.6,0,1.5
1,4.986938,0,0,0,299.9816,2.6,0,1.5
1,5.008552,0,0,0,299.9816,2.6,0,1.5
1,5.016188,0,0,0,299.9816,2.6,0,1.5
1,5.022023,0,0,0,299.9816,2.6,0,1.5
1,5.028679,0,0,0,299.9816,2.6,0,1.5
1,5.035116,0,0,0,299.9816,2.6,0,1.5
1,5.041278,0,0,0,299.9816,2.6,0,1.5
1,5.048182,0,0,0,299.9816,2.6,0,1.5
1,5.055395,0,0,0,299.9816,2.6,0,1.5
1,5.061909,0,0,0,299.9816,2.6,0,1.5
1,5.067945,0,0,0,299.9816,2.6,0,1.5
1,5.075588,0,0,0,299.9816,2.6,0,1.5
1,5.082164,0,0,0,299.9816,2.6,0,1.5
1,5.089603,0,0,0,299.9816,2.6,0,1.5
1,5.096807,0,0,0,299.9816,2.6,0,1.5
1,5.103712,0,0,0,299.9816,2.6,0,1.5
1,5.111069,0,0,0,299.9816,2.6,0,1.5
1,5.117765,0,0,0,299.9816,2.6,0,1.5
1,5.12419,0,0,0,299.9816,2.6,0,1.5
1,5.130356,0,0,0,299.9816,2.6,0,1.5
1,5.138245,0,0,0,299.9816,2.6,0,1.5
1,5.160102,0,0,0,299.9816,2.6,0,1.5
1,5.169334,0,0,0,299.9816,2.6,0,1.5
1,5.175665,0,0,0,299.9816,2.6,0,1.5
1,5.182668,0,0,0,299.9816,2.6,0,1.5
1,5.189516,0,0,0,299.9816,2.6,0,1.5
1,5.197576,0,0,0,299.9816,2.6,0,1.5
1,5.203823,0,0,0,299.9816,2.6,0,1.5
1,5.210695,0,0,0,299.9816,2.6,0,1.5
1,5.218431,0,0,0,299.9816,2.6,0,1.5
1,5.225221,0,0,0,299.9816,2.6,0,1.5
1,5.233077,0,0,0,299.9816,2.6,0,1.5
1,5.241417,0,0,0,299.9816,2.6,0,1.5
1,5.248288,0,0,0,299.9816,2.6,0,1.5
1,5.255981,0,0,0,299.9816,2.6,0,1.5
1,5.263043,0,0,0,299.9816,2.6,0,1.5
1,5.270539,0,0,0,299.9816,2.6,0,1.5
1,5.278046,0,0,0,299.9816,2.6,0,1.5
1,5.284426,0,0,0,299.9816,2.6,0,1.5
1,5.290706,0,0,0,299.9816,2.6,0,1.5
1,5.31398,0,0,0,299.9816,2.6,0,1.5
1,5.321172,0,0,0,299.9816,2.6,0,1.5
1,5.327657,0,0,0,299.9816,2.6,0,1.5
1,5.334308,0,0,0,299.9816,2.6,0,1.5
1,5.340229,0,0,0,299.9816,2.6,0,1.5
1,5.345842,0,0,0,299.9816,2.6,0,1.5
1,5.353316,0,0,0,299.9816,2.6,0,1.5
1,5.360062,0,0,0,299.9816,2.6,0,1.5
1,5.369027,0,0,0,299.9816,2.6,0,1.5
1,5.375773,0,0,0,299.9816,2.6,0,1.5
1,5.382353,0,0,0,299.9816,2.6,0,1.5
1,5.388827,0,0,0,299.9816,2.6,0,1.5
1,5.395353,0,0,0,299.9816,2.6,0,1.5
1,5.401295,0,0,0,299.9816,2.6,0,1.5
1,5.407238,0,0,0,299.9816,2.6,0,1.5
1,5.413009,0,0,0,299.9816,2.6,0,1.5
1,5.419198,0,0,0,299.9816,2.6,0,1.5
1,5.425075,0,0,0,299.9816,2.6,0,1.5
1,5.430973,0,0,0,299.9816,2.6,0,1.5
1,5.436594,0,0,0,299.9816,2.6,0,1.5
1,5.442685,0,0,0,299.9816,2.6,0,1.5
1,5.461072,0,0,0,299.9816,2.6,0,1.5
1,5.46682,0,0,0,299.9816,2.6,0,1.5
1,5.47245,0,0,0,299.9816,2.6,0,1.5
1,5.477673,0,0,0,299.9816,2.6,0,1.5
1,5.484266,0,0,0,299.9816,2.6,0,1.5
1,5.489566,0,0,0,299.9816,2.6,0,1.5
1,5.495804,0,0,0,299.9816,2.6,0,1.5
1,5.500968,0,0,0,299.9816,2.6,0,1.5
1,5.506128,0,0,0,299.9816,2.6,0,1.5
1,5.511879,0,0,0,299.9816,2.6,0,1.5
1,5.517451,0,0,0,299.9816,2.6,0,1.5
1,5.522742,0,0,0,299.9816,2.6,0,1.5
1,5.528162,0,0,0,299.9816,2.6,0,1.5
1,5.532956,0,0,0,299.9816,2.6,0,1.5
1,5.538255,0,0,0,299.9816,2.6,0,1.5
1,5.543359,0,0,0,299.9816,2.6,0,1.5
1,5.549038,0,0,0,299.9816,2.6,0,1.5
1,5.55495,0,0,0,299.9816,2.6,0,1.5
1,5.560608,0,0,0,299.9816,2.6,0,1.5
1,5.566619,0,0,0,299.9816,2.6,0,1.5
1,5.57292,0,0,0,299.9816,2.6,0,1.5
1,5.578514,0,0,0,299.9816,2.6,0,1.5
1,5.583856,0,0,0,299.9816,2.6,0,1.5
1,5.590604,0,0,0,299.9816,2.6,0,1.5
1,5.59618,0,0,0,299.9816,2.6,0,1.5
1,5.614587,0,0,0,299.9816,2.6,0,1.5
1,5.620387,0,0,0,299.9816,2.6,0,1.5
1,5.626755,0,0,0,299.9816,2.6,0,1.5
1,5.632756,0,0,0,299.9816,2.6,0,1.5
1,5.638683,0,0,0,299.9816,2.6,0,1.5
1,5.644372,0,0,0,299.9816,2.6,0,1.5
1,5.650071,0,0,0,299.9816,2.6,0,1.5
1,5.65631,0,0,0,299.9816,2.6,0,1.5
1,5.661238,0,0,0,299.9816,2.6,0,1.5
1,5.66681,0,0,0,299.9816,2.6,0,1.5
1,5.672709,0,0,0,299.9816,2.6,0,1.5
1,5.67758,0,0,0,299.9816,2.6,0,1.5
1,5.682914,0,0,0,299.9816,2.6,0,1.5
1,5.688666,0,0,0,299.9816,2.6,0,1.5
1,5.694029,0,0,0,299.9816,2.6,0,1.5
1,5.69958,0,0,0,299.9816,2.6,0,1.5
1,5.704852,0,0,0,299.9816,2.6,0,1.5
1,5.710371,0,0,0,299.9816,2.6,0,1.5
1,5.716131,0,0,0,299.9816,2.6,0,1.5
1,5.721939,0,0,0,299.9816,2.6,0,1.5
1,5.728191,0,0,0,299.9816,2.6,0,1.5
1,5.735469,0,0,0,299.9816,2.6,0,1.5
1,5.741589,0,0,0,299.9816,2.6,0,1.5
1,5.747935,0,0,0,299.9816,2.6,0,1.5
1,5.767144,0,0,0,299.9816,2.6,0,1.5
1,5.775327,0,0,0,299.9816,2.6,0,1.5
1,5.780906,0,0,0,299.9816,2.6,0,1.5
1,5.785625,0,0,0,299.9816,2.6,0,1.5
1,5.7921,0,0,0,299.9816,2.6,0,1.5
1,5.797737,0,0,0,299.9816,2.6,0,1.5
1,5.804734,0,0,0,299.9816,2.6,0,1.5
1,5.810913,0,0,0,299.9816,2.6,0,1.5
1,5.817133,0,0,0,299.9816,2.6,0,1.5
1,5.82314,0,0,0,299.9816,2.6,0,1.5
1,5.828748,0,0,0,299.9816,2.6,0,1.5
1,5.834218,0,0,0,299.9816,2.6,0,1.5
1,5.83954,0,0,0,299.9816,2.6,0,1.5
1,5.843617,0,0,0,299.9816,2.6,0,1.5
1,5.849429,0,0,0,299.9816,2.6,0,1.5
1,5.855422,0,0,0,299.9816,2.6,0,1.5
1,5.860908,0,0,0,299.9816,2.6,0,1.5
1,5.86622,0,0,0,299.9816,2.6,0,1.5
1,5.873201,0,0,0,299.9816,2.6,0,1.5
1,5.880317,0,0,0,299.9816,2.6,0,1.5
1,5.886344,0,0,0,299.9816,2.6,0,1.5
1,5.891945,0,0,0,299.9816,2.6,0,1.5
1,5.897662,0,0,0,299.9816,2.6,0,1.5
1,5.903813,0,0,0,299.9816,2.6,0,1.5
1,5.922962,0,0,0,299.9816,2.6,0,1.5
1,5.929275,0,0,0,299.9816,2.6,0,1.5
1,5.935339,0,0,0,299.9816,2.6,0,1.5
1,5.9412,0,0,0,299.9816,2.6,0,1.5
1,5.947124,0,0,0,299.9816,2.6,0,1.5
1,5.953945,0,0,0,299.9816,2.6,0,1.5
1,5.960166,0,0,0,299.9816,2.6,0,1.5
1,5.966492,0,0,0,299.9816,2.6,0,1.5
1,5.973075,0,0,0,299.9816,2.6,0,1.5
1,5.983393,0,0,0,299.9816,2.6,0,1.5
1,5.989512,0,0,0,299.9816,2.6,0,1.5
1,5.996307,0,0,0,299.9816,2.6,0,1.5
1,6.001882,0,0,0,299.9816,2.6,0,1.5
1,6.009431,0,0,0,299.9816,2.6,0,1.5
1,6.015845,0,0,0,299.9816,2.6,0,1.5
1,6.022105,0,0,0,299.9816,2.6,0,1.5
1,6.028365,0,0,0,299.9816,2.6,0,1.5
1,6.035405,0,0,0,299.9816,2.6,0,1.5
1,6.042523,0,0,0,299.9816,2.6,0,1.5
1,6.048563,0,0,0,299.9816,2.6,0,1.5
1,6.055559,0,0,0,299.9816,2.6,0,1.5
1,6.07889,0,0,0,299.9816,2.6,0,1.5
1,6.084803,0,0,0,299.9816,2.6,0,1.5
1,6.091226,0,0,0,299.9816,2.6,0,1.5
1,6.098009,0,0,0,299.9816,2.6,0,1.5
1,6.105775,0,0,0,299.9816,2.6,0,1.5
1,6.114482,0,0,0,299.9816,2.6,0,1.5
1,6.121793,0,0,0,299.9816,2.6,0,1.5
1,6.128134,0,0,0,299.9816,2.6,0,1.5
1,6.136182,0,0,0,299.9816,2.6,0,1.5
1,6.14413,0,0,0,299.9816,2.6,0,1.5
1,6.150787,0,0,0,299.9816,2.6,0,1.5
1,6.157472,0,0,0,299.9816,2.6,0,1.5
1,6.162867,0,0,0,299.9816,2.6,0,1.5
1,6.16934,0,0,0,299.9816,2.6,0,1.5
1,6.175505,0,0,0,299.9816,2.6,0,1.5
1,6.184524,0,0,0,299.9816,2.6,0,1.5
1,6.189821,0,0,0,299.9816,2.6,0,1.5
1,6.196672,0,0,0,299.9816,2.6,0,1.5
1,6.20211,0,0,0,299.9816,2.6,0,1.5
1,6.208222,0,0,0,299.9816,2.6,0,1.5
1,6.230286,0,0,0,299.9816,2.6,0,1.5
1,6.236359,0,0,0,299.9816,2.6,0,1.5
1,6.242665,0,0,0,299.9816,2.6,0,1.5
1,6.248972,0,0,0,299.9816,2.6,0,1.5
1,6.255094,0,0,0,299.9816,2.6,0,1.5
1,6.261132,0,0,0,299.9816,2.6,0,1.5
1,6.266894,0,0,0,299.9816,2.6,0,1.5
1,6.273306,0,0,0,299.9816,2.6,0,1.5
1,6.279328,0,0,0,299.9816,2.6,0,1.5
1,6.285026,0,0,0,299.9816,2.6,0,1.5
1,6.290668,0,0,0,299.9816,2.6,0,1.5
1,6.297162,0,0,0,299.9816,2.6,0,1.5
1,6.303077,0,0,0,299.9816,2.6,0,1.5
1,6.309336,0,0,0,299.9816,2.6,0,1.5
1,6.316169,0,0,0,299.9816,2.6,0,1.5
1,6.322556,0,0,0,299.9816,2.6,0,1.5
1,6.329157,0,0,0,299.9816,2.6,0,1.5
1,6.335911,0,0,0,299.9816,2.6,0,1.5
1,6.343284,0,0,0,299.9816,2.6,0,1.5
1,6.351197,0,0,0,299.9816,2.6,0,1.5
1,6.359392,0,0,0,299.9816,2.6,0,1.5
1,6.385159,0,0,0,299.9816,2.6,0,1.5
1,6.394944,0,0,0,299.9816,2.6,0,1.5
1,6.401219,0,0,0,299.9816,2.6,0,1.5
1,6.406786,0,0,0,299.9816,2.6,0,1.5
1,6.413035,0,0,0,299.9816,2.6,0,1.5
1,6.419479,0,0,0,299.9816,2.6,0,1.5
1,6.425465,0,0,0,299.9816,2.6,0,1.5
1,6.433017,0,0,0,299.9816,2.6,0,1.5
1,6.43926,0,0,0,299.9816,2.6,0,1.5
1,6.446775,0,0,0,299.9816,2.6,0,1.5
1,6.454678,0,0,0,299.9816,2.6,0,1.5
1,6.461144,0,0,0,299.9816,2.6,0,1.5
1,6.468203,0,0,0,299.9816,2.6,0,1.5
1,6.475404,0,0,0,299.9816,2.6,0,1.5
1,6.482667,0,0,0,299.9816,2.6,0,1.5
1,6.488933,0,0,0,299.9816,2.6,0,1.5
1,6.496228,0,0,0,299.9816,2.6,0,1.5
1,6.502572,0,0,0,299.9816,2.6,0,1.5
1,6.509914,0,0,0,299.9816,2.6,0,1.5
1,6.532455,0,0,0,299.9816,2.6,0,1.5
1,6.538679,0,0,0,299.9816,2.6,0,1.5
1,6.543753,0,0,0,299.9816,2.6,0,1.5
1,6.548856,0,0,0,299.9816,2.6,0,1.5
1,6.555148,0,0,0,299.9816,2.6,0,1.5
1,6.560608,0,0,0,299.9816,2.6,0,1.5
1,6.567324,0,0,0,299.9816,2.6,0,1.5
1,6.574732,0,0,0,299.9816,2.6,0,1.5
1,6.580832,0,0,0,299.9816,2.6,0,1.5
1,6.587581,0,0,0,299.9816,2.6,0,1.5
1,6.596683,0,0,0,299.9816,2.6,0,1.5
1,6.603204,0,0,0,299.9816,2.6,0,1.5
1,6.608648,0,0,0,299.9816,2.6,0,1.5
1,6.616013,0,0,0,299.9816,2.6,0,1.5
1,6.622094,0,0,0,299.9816,2.6,0,1.5
1,6.627604,0,0,0,299.9816,2.6,0,1.5
1,6.635908,0,0,0,299.9816,2.6,0,1.5
1,6.64138,0,0,0,299.9816,2.6,0,1.5
1,6.648149,0,0,0,299.9816,2.6,0,1.5
1,6.654787,0,0,0,299.9816,2.6,0,1.5
1,6.660869,0,0,0,299.9816,2.6,0,1.5
1,6.681713,0,0,0,299.9816,2.6,0,1.5
1,6.687082,0,0,0,299.9816,2.6,0,1.5
1,6.692508,0,0,0,299.9816,2.6,0,1.5
1,6.698018,0,0,0,299.9816,2.6,0,1.5
1,6.703696,0,0,0,299.9816,2.6,0,1.5
1,6.709854,0,0,0,299.9816,2.6,0,1.5
1,6.716009,0,0,0,299.9816,2.6,0,1.5
1,6.722728,0,0,0,299.9816,2.6,0,1.5
1,6.728535,0,0,0,299.9816,2.6,0,1.5
1,6.738214,0,0,0,299.9816,2.6,0,1.5
1,6.745821,0,0,0,299.9816,2.6,0,1.5
1,6.752815,0,0,0,299.9816,2.6,0,1.5
1,6.759663,0,0,0,299.9816,2.6,0,1.5
1,6.76591,0,0,0,299.9816,2.6,0,1.5
1,6.772637,0,0,0,299.9816,2.6,0,1.5
1,6.779581,0,0,0,299.9816,2.6,0,1.5
1,6.785255,0,0,0,299.9816,2.6,0,1.5
1,6.790472,0,0,0,299.9816,2.6,0,1.5
1,6.800065,0,0,0,299.9816,2.6,0,1.5
1,6.807001,0,0,0,299.9816,2.6,0,1.5
1,6.813334,0,0,0,299.9816,2.6,0,1.5
1,6.834752,0,0,0,299.9816,2.6,0,1.5
1,6.841486,0,0,0,299.9816,2.6,0,1.5
1,6.847761,0,0,0,299.9816,2.6,0,1.5
1,6.854531,0,0,0,299.9816,2.6,0,1.5
1,6.860978,0,0,0,299.9816,2.6,0,1.5
1,6.866581,0,0,0,299.9816,2.6,0,1.5
1,6.873346,0,0,0,299.9816,2.6,0,1.5
1,6.878886,0,0,0,299.9816,2.6,0,1.5
1,6.883643,0,0,0,299.9816,2.6,0,1.5
1,6.89044,0,0,0,299.9816,2.6,0,1.5
1,6.900068,0,0,0,299.9816,2.6,0,1.5
1,6.90521,0,0,0,299.9816,2.6,0,1.5
1,6.91038,0,0,0,299.9816,2.6,0,1.5
1,6.915719,0,0,0,299.9816,2.6,0,1.5
1,6.921516,0,0,0,299.9816,2.6,0,1.5
1,6.927211,0,0,0,299.9816,2.6,0,1.5
1,6.935692,0,0,0,299.9816,2.6,0,1.5
1,6.941919,0,0,0,299.9816,2.6,0,1.5
1,6.948807,0,0,0,299.9816,2.6,0,1.5
1,6.954868,0,0,0,299.9816,2.6,0,1.5
1,6.960607,0,0,0,299.9816,2.6,0,1.5
1,6.969109,0,0,0,299.9816,2.6,0,1.5
1,6.995821,0,0,0,299.9816,2.6,0,1.5
1,7.012735,0,0,0,299.9816,2.6,0,1.5
1,7.018842,0,0,0,299.9816,2.6,0,1.5
1,7.023886,0,0,0,299.9816,2.6,0,1.5
1,7.030159,0,0,0,299.9816,2.6,0,1.5
1,7.03581,0,0,0,299.9816,2.6,0,1.5
1,7.042687,0,0,0,299.9816,2.6,0,1.5
1,7.048093,0,0,0,299.9816,2.6,0,1.5
1,7.054419,0,0,0,299.9816,2.6,0,1.5
1,7.06139,0,0,0,299.9816,2.6,0,1.5
1,7.067333,0,0,0,299.9816,2.6,0,1.5
1,7.074849,0,0,0,299.9816,2.6,0,1.5
1,7.081454,0,0,0,299.9816,2.6,0,1.5
1,7.088417,0,0,0,299.9816,2.6,0,1.5
1,7.09624,0,0,0,299.9816,2.6,0,1.5
1,7.102552,0,0,0,299.9816,2.6,0,1.5
1,7.108027,0,0,0,299.9816,2.6,0,1.5
1,7.115774,0,0,0,299.9816,2.6,0,1.5
1,7.122786,0,0,0,299.9816,2.6,0,1.5
1,7.142318,0,0,0,299.9816,2.6,0,1.5
1,7.149281,0,0,0,299.9816,2.6,0,1.5
1,7.156395,0,0,0,299.9816,2.6,0,1.5
1,7.162526,0,0,0,299.9816,2.6,0,1.5
1,7.169494,0,0,0,299.9816,2.6,0,1.5
1,7.176262,0,0,0,299.9816,2.6,0,1.5
1,7.181969,0,0,0,299.9816,2.6,0,1.5
1,7.187773,0,0,0,299.9816,2.6,0,1.5
1,7.193289,0,0,0,299.9816,2.6,0,1.5
1,7.206077,0,0,0,299.9816,2.6,0,1.5
1,7.214634,0,0,0,299.9816,2.6,0,1.5
1,7.221501,0,0,0,299.9816,2.6,0,1.5
1,7.228384,0,0,0,299.9816,2.6,0,1.5
1,7.237378,0,0,0,299.9816,2.6,0,1.5
1,7.2444,0,0,0,299.9816,2.6,0,1.5
1,7.251225,0,0,0,299.9816,2.6,0,1.5
1,7.257995,0,0,0,299.9816,2.6,0,1.5
1,7.26462,0,0,0,299.9816,2.6,0,1.5
1,7.270932,0,0,0,299.9816,2.6,0,1.5
1,7.277682,0,0,0,299.9816,2.6,0,1.5
1,7.299618,0,0,0,299.9816,2.6,0,1.5
1,7.308408,0,0,0,299.9816,2.6,0,1.5
1,7.316227,0,0,0,299.9816,2.6,0,1.5
1,7.322715,0,0,0,299.9816,2.6,0,1.5
1,7.330012,0,0,0,299.9816,2.6,0,1.5
1,7.337013,0,0,0,299.9816,2.6,0,1.5
1,7.344697,0,0,0,299.9816,2.6,0,1.5
1,7.352402,0,0,0,299.9816,2.6,0,1.5
1,7.360164,0,0,0,299.9816,2.6,0,1.5
1,7.367307,0,0,0,299.9816,2.6,0,1.5
1,7.375452,0,0,0,299.9816,2.6,0,1.5
1,7.382292,0,0,0,299.9816,2.6,0,1.5
1,7.389599,0,0,0,299.9816,2.6,0,1.5
1,7.397141,0,0,0,299.9816,2.6,0,1.5
1,7.406856,0,0,0,299.9816,2.6,0,1.5
1,7.414124,0,0,0,299.9816,2.6,0,1.5
1,7.42047,0,0,0,299.9816,2.6,0,1.5
1,7.426924,0,0,0,299.9816,2.6,0,1.5
1,7.434865,0,0,0,299.9816,2.6,0,1.5
1,7.455796,0,0,0,299.9816,2.6,0,1.5
1,7.462342,0,0,0,299.9816,2.6,0,1.5
1,7.468871,0,0,0,299.9816,2.6,0,1.5
1,7.475456,0,0,0,299.9816,2.6,0,1.5
1,7.481968,0,0,0,299.9816,2.6,0,1.5
1,7.487638,0,0,0,299.9816,2.6,0,1.5
1,7.494468,0,0,0,299.9816,2.6,0,1.5
1,7.501042,0,0,0,299.9816,2.6,0,1.5
1,7.506921,0,0,0,299.9816,2.6,0,1.5
1,7.513175,0,0,0,299.9816,2.6,0,1.5
1,7.52023,0,0,0,299.9816,2.6,0,1.5
1,7.525906,0,0,0,299.9816,2.6,0,1.5
1,7.53285,0,0,0,299.9816,2.6,0,1.5
1,7.539007,0,0,0,299.9816,2.6,0,1.5
1,7.545565,0,0,0,299.9816,2.6,0,1.5
1,7.551415,0,0,0,299.9816,2.6,0,1.5
1,7.558423,0,0,0,299.9816,2.6,0,1.5
1,7.564398,0,0,0,299.9816,2.6,0,1.5
1,7.569797,0,0,0,299.9816,2.6,0,1.5
1,7.576792,0,0,0,299.9816,2.6,0,1.5
1,7.582985,0,0,0,299.9816,2.6,0,1.5
1,7.589391,0,0,0,299.9816,2.6,0,1.5
1,7.611176,0,0,0,299.9816,2.6,0,1.5
1,7.622966,0,0,0,299.9816,2.6,0,1.5
1,7.629127,0,0,0,299.9816,2.6,0,1.5
1,7.635378,0,0,0,299.9816,2.6,0,1.5
1,7.641223,0,0,0,299.9816,2.6,0,1.5
1,7.647452,0,0,0,299.9816,2.6,0,1.5
1,7.654816,0,0,0,299.9816,2.6,0,1.5
1,7.66108,0,0,0,299.9816,2.6,0,1.5
1,7.666568,0,0,0,299.9816,2.6,0,1.5
1,7.672812,0,0,0,299.9816,2.6,0,1.5
1,7.679443,0,0,0,299.9816,2.6,0,1.5
1,7.686311,0,0,0,299.9816,2.6,0,1.5
1,7.693043,0,0,0,299.9816,2.6,0,1.5
1,7.699004,0,0,0,299.9816,2.6,0,1.5
1,7.703967,0,0,0,299.9816,2.6,0,1.5
1,7.710286,0,0,0,299.9816,2.6,0,1.5
1,7.716465,0,0,0,299.9816,2.6,0,1.5
1,7.722293,0,0,0,299.9816,2.6,0,1.5
1,7.729128,0,0,0,299.9816,2.6,0,1.5
1,7.735955,0,0,0,299.9816,2.6,0,1.5
1,7.742866,0,0,0,299.9816,2.6,0,1.5
1,7.762072,0,0,0,299.9816,2.6,0,1.5
1,7.768892,0,0,0,299.9816,2.6,0,1.5
1,7.775649,0,0,0,299.9816,2.6,0,1.5
1,7.783478,0,0,0,299.9816,2.6,0,1.5
1,7.790574,0,0,0,299.9816,2.6,0,1.5
1,7.798121,0,0,0,299.9816,2.6,0,1.5
1,7.806245,0,0,0,299.9816,2.6,0,1.5
1,7.812717,0,0,0,299.9816,2.6,0,1.5
1,7.821602,0,0,0,299.9816,2.6,0,1.5
1,7.827178,0,0,0,299.9816,2.6,0,1.5
1,7.833123,0,0,0,299.9816,2.6,0,1.5
1,7.839366,0,0,0,299.9816,2.6,0,1.5
1,7.84466,0,0,0,299.9816,2.6,0,1.5
1,7.849738,0,0,0,299.9816,2.6,0,1.5
1,7.856312,0,0,0,299.9816,2.6,0,1.5
1,7.861576,0,0,0,299.9816,2.6,0,1.5
1,7.866152,0,0,0,299.9816,2.6,0,1.5
1,7.872856,0,0,0,299.9816,2.6,0,1.5
1,7.878869,0,0,0,299.9816,2.6,0,1.5
1,7.884879,0,0,0,299.9816,2.6,0,1.5
1,7.890091,0,0,0,299.9816,2.6,0,1.5
1,7.896124,0,0,0,299.9816,2.6,0,1.5
1,7.916274,0,0,0,299.9816,2.6,0,1.5
1,7.920681,0,0,0,299.9816,2.6,0,1.5
1,7.925495,0,0,0,299.9816,2.6,0,1.5
1,7.93075,0,0,0,299.9816,2.6,0,1.5
1,7.935413,0,0,0,299.9816,2.6,0,1.5
1,7.940413,0,0,0,299.9816,2.6,0,1.5
1,7.946217,0,0,0,299.9816,2.6,0,1.5
1,7.952049,0,0,0,299.9816,2.6,0,1.5
1,7.957485,0,0,0,299.9816,2.6,0,1.5
1,7.963228,0,0,0,299.9816,2.6,0,1.5
1,7.969487,0,0,0,299.9816,2.6,0,1.5
1,7.975799,0,0,0,299.9816,2.6,0,1.5
1,7.981591,0,0,0,299.9816,2.6,0,1.5
1,7.985985,0,0,0,299.9816,2.6,0,1.5
1,7.991287,0,0,0,299.9816,2.6,0,1.5
1,7.997419,0,0,0,299.9816,2.6,0,1.5
1,8.004447,0,0,0,299.9816,2.6,0,1.5
1,8.01211,0,0,0,299.9816,2.6,0,1.5
1,8.017118,0,0,0,299.9816,2.6,0,1.5
1,8.026066,0,0,0,299.9816,2.6,0,1.5
1,8.030904,0,0,0,299.9816,2.6,0,1.5
1,8.036139,0,0,0,299.9816,2.6,0,1.5
1,8.04155,0,0,0,299.9816,2.6,0,1.5
1,8.049398,0,0,0,299.9816,2.6,0,1.5
1,8.06723,0,0,0,299.9816,2.6,0,1.5
1,8.073344,0,0,0,299.9816,2.6,0,1.5
1,8.079626,0,0,0,299.9816,2.6,0,1.5
1,8.084836,0,0,0,299.9816,2.6,0,1.5
1,8.092223,0,0,0,299.9816,2.6,0,1.5
1,8.097429,0,0,0,299.9816,2.6,0,1.5
1,8.102871,0,0,0,299.9816,2.6,0,1.5
1,8.1085,0,0,0,299.9816,2.6,0,1.5
1,8.11412,0,0,0,299.9816,2.6,0,1.5
1,8.119205,0,0,0,299.9816,2.6,0,1.5
1,8.124906,0,0,0,299.9816,2.6,0,1.5
1,8.131127,0,0,0,299.9816,2.6,0,1.5
1,8.137903,0,0,0,299.9816,2.6,0,1.5
1,8.142904,0,0,0,299.9816,2.6,0,1.5
1,8.148731,0,0,0,299.9816,2.6,0,1.5
1,8.154977,0,0,0,299.9816,2.6,0,1.5
1,8.160438,0,0,0,299.9816,2.6,0,1.5
1,8.165995,0,0,0,299.9816,2.6,0,1.5
1,8.171282,0,0,0,299.9816,2.6,0,1.5
1,8.177327,0,0,0,299.9816,2.6,0,1.5
1,8.183307,0,0,0,299.9816,2.6,0,1.5
1,8.189413,0,0,0,299.9816,2.6,0,1.5
1,8.195674,0,0,0,299.9816,2.6,0,1.5
1,8.202264,0,0,0,299.9816,2.6,0,1.5
1,8.222358,0,0,0,299.9816,2.6,0,1.5
1,8.230146,0,0,0,299.9816,2.6,0,1.5
1,8.236626,0,0,0,299.9816,2.6,0,1.5
1,8.241522,0,0,0,299.9816,2.6,0,1.5
1,8.247449,0,0,0,299.9816,2.6,0,1.5
1,8.253755,0,0,0,299.9816,2.6,0,1.5
1,8.260136,0,0,0,299.9816,2.6,0,1.5
1,8.265756,0,0,0,299.9816,2.6,0,1.5
1,8.27118,0,0,0,299.9816,2.6,0,1.5
1,8.278117,0,0,0,299.9816,2.6,0,1.5
1,8.285072,0,0,0,299.9816,2.6,0,1.5
1,8.290962,0,0,0,299.9816,2.6,0,1.5
1,8.296655,0,0,0,299.9816,2.6,0,1.5
1,8.302341,0,0,0,299.9816,2.6,0,1.5
1,8.30755,0,0,0,299.9816,2.6,0,1.5
1,8.31291,0,0,0,299.9816,2.6,0,1.5
1,8.318809,0,0,0,299.9816,2.6,0,1.5
1,8.323703,0,0,0,299.9816,2.6,0,1.5
1,8.328344,0,0,0,299.9816,2.6,0,1.5
1,8.334465,0,0,0,299.9816,2.6,0,1.5
1,8.340612,0,0,0,299.9816,2.6,0,1.5
1,8.345499,0,0,0,299.9816,2.6,0,1.5
1,8.350635,0,0,0,299.9816,2.6,0,1.5
1,8.357552,0,0,0,299.9816,2.6,0,1.5
1,8.381727,0,0,0,299.9816,2.6,0,1.5
1,8.388882,0,0,0,299.9816,2.6,0,1.5
1,8.396326,0,0,0,299.9816,2.6,0,1.5
1,8.403627,0,0,0,299.9816,2.6,0,1.5
1,8.40989,0,0,0,299.9816,2.6,0,1.5
1,8.418086,0,0,0,299.9816,2.6,0,1.5
1,8.42442,0,0,0,299.9816,2.6,0,1.5
1,8.434493,0,0,0,299.9816,2.6,0,1.5
1,8.440185,0,0,0,299.9816,2.6,0,1.5
1,8.446266,0,0,0,299.9816,2.6,0,1.5
1,8.453769,0,0,0,299.9816,2.6,0,1.5
1,8.460459,0,0,0,299.9816,2.6,0,1.5
1,8.467083,0,0,0,299.9816,2.6,0,1.5
1,8.47523,0,0,0,299.9816,2.6,0,1.5
1,8.483221,0,0,0,299.9816,2.6,0,1.5
1,8.490054,0,0,0,299.9816,2.6,0,1.5
1,8.496923,0,0,0,299.9816,2.6,0,1.5
1,8.503496,0,0,0,299.9816,2.6,0,1.5
1,8.510325,0,0,0,299.9816,2.6,0,1.5
1,8.535022,0,0,0,299.9816,2.6,0,1.5
1,8.544064,0,0,0,299.9816,2.6,0,1.5
1,8.550967,0,0,0,299.9816,2.6,0,1.5
1,8.559197,0,0,0,299.9816,2.6,0,1.5
1,8.56597,0,0,0,299.9816,2.6,0,1.5
1,8.573499,0,0,0,299.9816,2.6,0,1.5
1,8.580035,0,0,0,299.9816,2.6,0,1.5
1,8.586483,0,0,0,299.9816,2.6,0,1.5
1,8.593572,0,0,0,299.9816,2.6,0,1.5
1,8.599962,0,0,0,299.9816,2.6,0,1.5
1,8.605786,0,0,0,299.9816,2.6,0,1.5
1,8.612429,0,0,0,299.9816,2.6,0,1.5
1,8.619496,0,0,0,299.9816,2.6,0,1.5
1,8.62664,0,0,0,299.9816,2.6,0,1.5
1,8.63921,0,0,0,299.9816,2.6,0,1.5
1,8.646976,0,0,0,299.9816,2.6,0,1.5
1,8.654511,0,0,0,299.9816,2.6,0,1.5
1,8.659849,0,0,0,299.9816,2.6,0,1.5
1,8.666378,0,0,0,299.9816,2.6,0,1.5
1,8.689386,0,0,0,299.9816,2.6,0,1.5
1,8.696078,0,0,0,299.9816,2.6,0,1.5
1,8.702117,0,0,0,299.9816,2.6,0,1.5
1,8.709024,0,0,0,299.9816,2.6,0,1.5
1,8.71676,0,0,0,299.9816,2.6,0,1.5
1,8.723436,0,0,0,299.9816,2.6,0,1.5
1,8.729186,0,0,0,299.9816,2.6,0,1.5
1,8.735784,0,0,0,299.9816,2.6,0,1.5
1,8.742097,0,0,0,299.9816,2.6,0,1.5
1,8.748882,0,0,0,299.9816,2.6,0,1.5
1,8.755327,0,0,0,299.9816,2.6,0,1.5
1,8.761093,0,0,0,299.9816,2.6,0,1.5
1,8.767092,0,0,0,299.9816,2.6,0,1.5
1,8.773234,0,0,0,299.9816,2.6,0,1.5
1,8.779815,0,0,0,299.9816,2.6,0,1.5
1,8.786119,0,0,0,299.9816,2.6,0,1.5
1,8.793638,0,0,0,299.9816,2.6,0,1.5
1,8.800256,0,0,0,299.9816,2.6,0,1.5
1,8.80795,0,0,0,299.9816,2.6,0,1.5
1,8.815063,0,0,0,299.9816,2.6,0,1.5
1,8.825397,0,0,0,299.9816,2.6,0,1.5
1,8.848433,0,0,0,299.9816,2.6,0,1.5
1,8.859468,0,0,0,299.9816,2.6,0,1.5
1,8.86588,0,0,0,299.9816,2.6,0,1.5
1,8.87307,0,0,0,299.9816,2.6,0,1.5
1,8.878793,0,0,0,299.9816,2.6,0,1.5
1,8.885211,0,0,0,299.9816,2.6,0,1.5
1,8.892346,0,0,0,299.9816,2.6,0,1.5
1,8.898396,0,0,0,299.9816,2.6,0,1.5
1,8.904864,0,0,0,299.9816,2.6,0,1.5
1,8.912082,0,0,0,299.9816,2.6,0,1.5
1,8.919406,0,0,0,299.9816,2.6,0,1.5
1,8.926105,0,0,0,299.9816,2.6,0,1.5
1,8.933346,0,0,0,299.9816,2.6,0,1.5
1,8.940012,0,0,0,299.9816,2.6,0,1.5
1,8.947412,0,0,0,299.9816,2.6,0,1.5
1,8.955251,0,0,0,299.9816,2.6,0,1.5
1,8.96254,0,0,0,299.9816,2.6,0,1.5
1,8.970547,0,0,0,299.9816,2.6,0,1.5
1,8.978956,0,0,0,299.9816,2.6,0,1.5
1,9.00031,0,0,0,299.9816,2.6,0,1.5
1,9.006523,0,0,0,299.9816,2.6,0,1.5
1,9.013783,0,0,0,299.9816,2.6,0,1.5
1,9.020982,0,0,0,299.9816,2.6,0,1.5
1,9.028447,0,0,0,299.9816,2.6,0,1.5
1,9.034098,0,0,0,299.9816,2.6,0,1.5
1,9.040516,0,0,0,299.9816,2.6,0,1.5
1,9.047091,0,0,0,299.9816,2.6,0,1.5
1,9.053313,0,0,0,299.9816,2.6,0,1.5
1,9.062766,0,0,0,299.9816,2.6,0,1.5
1,9.068511,0,0,0,299.9816,2.6,0,1.5
1,9.076168,0,0,0,299.9816,2.6,0,1.5
1,9.081836,0,0,0,299.9816,2.6,0,1.5
1,9.088657,0,0,0,299.9816,2.6,0,1.5
1,9.094949,0,0,0,299.9816,2.6,0,1.5
1,9.10056,0,0,0,299.9816,2.6,0,1.5
1,9.106567,0,0,0,299.9816,2.6,0,1.5
1,9.112225,0,0,0,299.9816,2.6,0,1.5
1,9.117542,0,0,0,299.9816,2.6,0,1.5
1,9.124146,0,0,0,299.9816,2.6,0,1.5
1,9.129742,0,0,0,299.9816,2.6,0,1.5
1,9.148049,0,0,0,299.9816,2.6,0,1.5
1,9.154818,0,0,0,299.9816,2.6,0,1.5
1,9.160331,0,0,0,299.9816,2.6,0,1.5
1,9.165722,0,0,0,299.9816,2.6,0,1.5
1,9.172223,0,0,0,299.9816,2.6,0,1.5
1,9.17776,0,0,0,299.9816,2.6,0,1.5
1,9.183496,0,0,0,299.9816,2.6,0,1.5
1,9.188671,0,0,0,299.9816,2.6,0,1.5
1,9.193357,0,0,0,299.9816,2.6,0,1.5
1,9.200264,0,0,0,299.9816,2.6,0,1.5
1,9.206067,0,0,0,299.9816,2.6,0,1.5
1,9.211856,0,0,0,299.9816,2.6,0,1.5
1,9.217648,0,0,0,299.9816,2.6,0,1.5
1,9.222927,0,0,0,299.9816,2.6,0,1.5
1,9.229398,0,0,0,299.9816,2.6,0,1.5
1,9.235976,0,0,0,299.9816,2.6,0,1.5
1,9.241882,0,0,0,299.9816,2.6,0,1.5
1,9.247791,0,0,0,299.9816,2.6,0,1.5
1,9.253479,0,0,0,299.9816,2.6,0,1.5
1,9.261765,0,0,0,299.9816,2.6,0,1.5
1,9.267768,0,0,0,299.9816,2.6,0,1.5
1,9.274406,0,0,0,299.9816,2.6,0,1.5
1,9.279572,0,0,0,299.9816,2.6,0,1.5
1,9.28464,0,0,0,299.9816,2.6,0,1.5
1,9.304186,0,0,0,299.9816,2.6,0,1.5
1,9.316686,0,0,0,299.9816,2.6,0,1.5
1,9.335956,0,0,0,299.9816,2.6,0,1.5
1,9.341172,0,0,0,299.9816,2.6,0,1.5
1,9.346163,0,0,0,299.9816,2.6,0,1.5
1,9.353468,0,0,0,299.9816,2.6,0,1.5
1,9.359605,0,0,0,299.9816,2.6,0,1.5
1,9.364834,0,0,0,299.9816,2.6,0,1.5
1,9.374176,0,0,0,299.9816,2.6,0,1.5
1,9.381047,0,0,0,299.9816,2.6,0,1.5
1,9.388116,0,0,0,299.9816,2.6,0,1.5
1,9.394263,0,0,0,299.9816,2.6,0,1.5
1,9.400446,0,0,0,299.9816,2.6,0,1.5
1,9.406848,0,0,0,299.9816,2.6,0,1.5
1,9.413645,0,0,0,299.9816,2.6,0,1.5
1,9.419868,0,0,0,299.9816,2.6,0,1.5
1,9.426156,0,0,0,299.9816,2.6,0,1.5
1,9.432452,0,0,0,299.9816,2.6,0,1.5
1,9.438832,0,0,0,299.9816,2.6,0,1.5
1,9.458017,0,0,0,299.9816,2.6,0,1.5
1,9.466227,0,0,0,299.9816,2.6,0,1.5
1,9.471188,0,0,0,299.9816,2.6,0,1.5
1,9.477665,0,0,0,299.9816,2.6,0,1.5
1,9.483405,0,0,0,299.9816,2.6,0,1.5
1,9.48911,0,0,0,299.9816,2.6,0,1.5
1,9.494901,0,0,0,299.9816,2.6,0,1.5
1,9.499486,0,0,0,299.9816,2.6,0,1.5
1,9.505015,0,0,0,299.9816,2.6,0,1.5
1,9.510629,0,0,0,299.9816,2.6,0,1.5
1,9.517677,0,0,0,299.9816,2.6,0,1.5
1,9.524564,0,0,0,299.9816,2.6,0,1.5
1,9.532091,0,0,0,299.9816,2.6,0,1.5
1,9.538851,0,0,0,299.9816,2.6,0,1.5
1,9.545149,0,0,0,299.9816,2.6,0,1.5
1,9.551296,0,0,0,299.9816,2.6,0,1.5
1,9.559547,0,0,0,299.9816,2.6,0,1.5
1,9.565033,0,0,0,299.9816,2.6,0,1.5
1,9.572351,0,0,0,299.9816,2.6,0,1.5
1,9.578905,0,0,0,299.9816,2.6,0,1.5
1,9.58458,0,0,0,299.9816,2.6,0,1.5
1,9.590459,0,0,0,299.9816,2.6,0,1.5
1,9.608719,0,0,0,299.9816,2.6,0,1.5
1,9.615151,0,0,0,299.9816,2.6,0,1.5
1,9.622268,0,0,0,299.9816,2.6,0,1.5
1,9.629327,0,0,0,299.9816,2.6,0,1.5
1,9.636193,0,0,0,299.9816,2.6,0,1.5
1,9.643377,0,0,0,299.9816,2.6,0,1.5
1,9.650164,0,0,0,299.9816,2.6,0,1.5
1,9.656434,0,0,0,299.9816,2.6,0,1.5
1,9.662587,0,0,0,299.9816,2.6,0,1.5
1,9.673563,0,0,0,299.9816,2.6,0,1.5
1,9.678583,0,0,0,299.9816,2.6,0,1.5
1,9.692903,0,0,0,299.9816,2.6,0,1.5
1,9.699661,0,0,0,299.9816,2.6,0,1.5
1,9.706303,0,0,0,299.9816,2.6,0,1.5
1,9.712747,0,0,0,299.9816,2.6,0,1.5
1,9.719543,0,0,0,299.9816,2.6,0,1.5
1,9.726159,0,0,0,299.9816,2.6,0,1.5
1,9.733335,0,0,0,299.9816,2.6,0,1.5
1,9.739921,0,0,0,299.9816,2.6,0,1.5
1,9.746616,0,0,0,299.9816,2.6,0,1.5
1,9.77036,0,0,0,299.9816,2.6,0,1.5
1,9.781042,0,0,0,299.9816,2.6,0,1.5
1,9.787902,0,0,0,299.9816,2.6,0,1.5
1,9.79441,0,0,0,299.9816,2.6,0,1.5
1,9.801323,0,0,0,299.9816,2.6,0,1.5
1,9.808721,0,0,0,299.9816,2.6,0,1.5
1,9.816047,0,0,0,299.9816,2.6,0,1.5
1,9.824301,0,0,0,299.9816,2.6,0,1.5
1,9.832844,0,0,0,299.9816,2.6,0,1.5
1,9.8405,0,0,0,299.9816,2.6,0,1.5
1,9.84752,0,0,0,299.9816,2.6,0,1.5
1,9.855453,0,0,0,299.9816,2.6,0,1.5
1,9.863034,0,0,0,299.9816,2.6,0,1.5
1,9.874375,0,0,0,299.9816,2.6,0,1.5
1,9.881764,0,0,0,299.9816,2.6,0,1.5
1,9.888659,0,0,0,299.9816,2.6,0,1.5
1,9.895432,0,0,0,299.9816,2.6,0,1.5
1,9.901692,0,0,0,299.9816,2.6,0,1.5
1,9.92203,0,0,0,299.9816,2.6,0,1.5
1,9.928697,0,0,0,299.9816,2.6,0,1.5
1,9.935905,0,0,0,299.9816,2.6,0,1.5
1,9.942325,0,0,0,299.9816,2.6,0,1.5
1,9.94936,0,0,0,299.9816,2.6,0,1.5
1,9.956532,0,0,0,299.9816,2.6,0,1.5
1,9.964417,0,0,0,299.9816,2.6,0,1.5
1,9.971354,0,0,0,299.9816,2.6,0,1.5
1,9.979709,0,0,0,299.9816,2.6,0,1.5
1,9.98681,0,0,0,299.9816,2.6,0,1.5
1,9.993854,0,0,0,299.9816,2.6,0,1.5
1,10.00222,0,0,0,299.9816,2.6,0,1.5
1,10.00816,0,0,0,299.9816,2.6,0,1.5
1,10.01499,0,0,0,299.9816,2.6,0,1.5
1,10.02082,0,0,0,299.9816,2.6,0,1.5
1,10.02739,0,0,0,299.9816,2.6,0,1.5
1,10.03489,0,0,0,299.9816,2.6,0,1.5
1,10.0421,0,0,0,299.9816,2.6,0,1.5
1,10.04848,0,0,0,299.9816,2.6,0,1.5
1,10.05596,0,0,0,299.9816,2.6,0,1.5
1,10.08085,0,0,0,299.9816,2.6,0,1.5
1,10.08829,0,0,0,299.9816,2.6,0,1.5
1,10.09511,0,0,0,299.9816,2.6,0,1.5
1,10.10142,0,0,0,299.9816,2.6,0,1.5
1,10.10856,0,0,0,299.9816,2.6,0,1.5
1,10.11584,0,0,0,299.9816,2.6,0,1.5
1,10.12339,0,0,0,299.9816,2.6,0,1.5
1,10.12995,0,0,0,299.9816,2.6,0,1.5
1,10.13725,0,0,0,299.9816,2.6,0,1.5
1,10.14374,0,0,0,299.9816,2.6,0,1.5
1,10.15029,0,0,0,299.9816,2.6,0,1.5
1,10.15693,0,0,0,299.9816,2.6,0,1.5
1,10.16328,0,0,0,299.9816,2.6,0,1.5
1,10.17004,0,0,0,299.9816,2.6,0,1.5
1,10.1768,0,0,0,299.9816,2.6,0,1.5
1,10.18409,0,0,0,299.9816,2.6,0,1.5
1,10.19061,0,0,0,299.9816,2.6,0,1.5
1,10.19846,0,0,0,299.9816,2.6,0,1.5
1,10.20584,0,0,0,299.9816,2.6,0,1.5
1,10.23013,0,0,0,299.9816,2.6,0,1.5
1,10.23728,0,0,0,299.9816,2.6,0,1.5
1,10.24373,0,0,0,299.9816,2.6,0,1.5
1,10.24999,0,0,0,299.9816,2.6,0,1.5
1,10.25685,0,0,0,299.9816,2.6,0,1.5
1,10.26303,0,0,0,299.9816,2.6,0,1.5
1,10.26925,0,0,0,299.9816,2.6,0,1.5
1,10.27662,0,0,0,299.9816,2.6,0,1.5
1,10.28443,0,0,0,299.9816,2.6,0,1.5
1,10.29434,0,0,0,299.9816,2.6,0,1.5
1,10.30125,0,0,0,299.9816,2.6,0,1.5
1,10.30839,0,0,0,299.9816,2.6,0,1.5
1,10.31779,0,0,0,299.9816,2.6,0,1.5
1,10.32522,0,0,0,299.9816,2.6,0,1.5
1,10.33267,0,0,0,299.9816,2.6,0,1.5
1,10.33968,0,0,0,299.9816,2.6,0,1.5
1,10.34624,0,0,0,299.9816,2.6,0,1.5
1,10.35303,0,0,0,299.9816,2.6,0,1.5
1,10.35974,0,0,0,299.9816,2.6,0,1.5
1,10.38095,0,0,0,299.9816,2.6,0,1.5
1,10.38741,0,0,0,299.9816,2.6,0,1.5
1,10.39317,0,0,0,299.9816,2.6,0,1.5
1,10.39887,0,0,0,299.9816,2.6,0,1.5
1,10.40494,0,0,0,299.9816,2.6,0,1.5
1,10.41054,0,0,0,299.9816,2.6,0,1.5
1,10.41689,0,0,0,299.9816,2.6,0,1.5
1,10.42672,0,0,0,299.9816,2.6,0,1.5
1,10.43331,0,0,0,299.9816,2.6,0,1.5
1,10.44064,0,0,0,299.9816,2.6,0,1.5
1,10.44632,0,0,0,299.9816,2.6,0,1.5
1,10.45253,0,0,0,299.9816,2.6,0,1.5
1,10.4575,0,0,0,299.9816,2.6,0,1.5
1,10.46414,0,0,0,299.9816,2.6,0,1.5
1,10.47081,0,0,0,299.9816,2.6,0,1.5
1,10.47775,0,0,0,299.9816,2.6,0,1.5
1,10.48242,0,0,0,299.9816,2.6,0,1.5
1,10.48848,0,0,0,299.9816,2.6,0,1.5
1,10.50025,0,0,0,299.9816,2.6,0,1.5
1,10.50528,0,0,0,299.9816,2.6,0,1.5
1,10.51301,0,0,0,299.9816,2.6,0,1.5
1,10.53439,0,0,0,299.9816,2.6,0,1.5
1,10.53981,0,0,0,299.9816,2.6,0,1.5
1,10.54479,0,0,0,299.9816,2.6,0,1.5
1,10.55051,0,0,0,299.9816,2.6,0,1.5
1,10.55786,0,0,0,299.9816,2.6,0,1.5
1,10.5636,0,0,0,299.9816,2.6,0,1.5
1,10.56854,0,0,0,299.9816,2.6,0,1.5
1,10.57484,0,0,0,299.9816,2.6,0,1.5
1,10.58058,0,0,0,299.9816,2.6,0,1.5
1,10.58831,0,0,0,299.9816,2.6,0,1.5
1,10.59469,0,0,0,299.9816,2.6,0,1.5
1,10.60167,0,0,0,299.9816,2.6,0,1.5
1,10.60894,0,0,0,299.9816,2.6,0,1.5
1,10.61624,0,0,0,299.9816,2.6,0,1.5
1,10.62201,0,0,0,299.9816,2.6,0,1.5
1,10.62794,0,0,0,299.9816,2.6,0,1.5
1,10.63338,0,0,0,299.9816,2.6,0,1.5
1,10.63934,0,0,0,299.9816,2.6,0,1.5
1,10.64548,0,0,0,299.9816,2.6,0,1.5
1,10.65216,0,0,0,299.9816,2.6,0,1.5
1,10.65856,0,0,0,299.9816,2.6,0,1.5
1,10.66524,0,0,0,299.9816,2.6,0,1.5
1,10.68502,0,0,0,299.9816,2.6,0,1.5
1,10.69079,0,0,0,299.9816,2.6,0,1.5
1,10.69895,0,0,0,299.9816,2.6,0,1.5
1,10.70442,0,0,0,299.9816,2.6,0,1.5
1,10.71031,0,0,0,299.9816,2.6,0,1.5
1,10.71622,0,0,0,299.9816,2.6,0,1.5
1,10.72187,0,0,0,299.9816,2.6,0,1.5
1,10.72748,0,0,0,299.9816,2.6,0,1.5
1,10.73252,0,0,0,299.9816,2.6,0,1.5
1,10.7409,0,0,0,299.9816,2.6,0,1.5
1,10.76187,0,0,0,299.9816,2.6,0,1.5
1,10.76718,0,0,0,299.9816,2.6,0,1.5
1,10.7758,0,0,0,299.9816,2.6,0,1.5
1,10.78212,0,0,0,299.9816,2.6,0,1.5
1,10.78771,0,0,0,299.9816,2.6,0,1.5
1,10.79377,0,0,0,299.9816,2.6,0,1.5
1,10.80001,0,0,0,299.9816,2.6,0,1.5
1,10.80556,0,0,0,299.9816,2.6,0,1.5
1,10.81275,0,0,0,299.9816,2.6,0,1.5
1,10.81912,0,0,0,299.9816,2.6,0,1.5
1,10.84209,0,0,0,299.9816,2.6,0,1.5
1,10.84847,0,0,0,299.9816,2.6,0,1.5
1,10.85532,0,0,0,299.9816,2.6,0,1.5
1,10.86519,0,0,0,299.9816,2.6,0,1.5
1,10.87344,0,0,0,299.9816,2.6,0,1.5
1,10.88078,0,0,0,299.9816,2.6,0,1.5
1,10.89362,0,0,0,299.9816,2.6,0,1.5
1,10.90243,0,0,0,299.9816,2.6,0,1.5
1,10.90945,0,0,0,299.9816,2.6,0,1.5
1,10.91702,0,0,0,299.9816,2.6,0,1.5
1,10.9228,0,0,0,299.9816,2.6,0,1.5
1,10.92898,0,0,0,299.9816,2.6,0,1.5
1,10.93549,0,0,0,299.9816,2.6,0,1.5
1,10.94147,0,0,0,299.9816,2.6,0,1.5
1,10.94791,0,0,0,299.9816,2.6,0,1.5
1,10.95339,0,0,0,299.9816,2.6,0,1.5
1,10.95979,0,0,0,299.9816,2.6,0,1.5
1,10.96645,0,0,0,299.9816,2.6,0,1.5
1,10.97346,0,0,0,299.9816,2.6,0,1.5
1,10.99734,0,0,0,299.9816,2.6,0,1.5
1,11.00461,0,0,0,299.9816,2.6,0,1.5
1,11.01068,0,0,0,299.9816,2.6,0,1.5
1,11.01778,0,0,0,299.9816,2.6,0,1.5
1,11.02401,0,0,0,299.9816,2.6,0,1.5
1,11.03053,0,0,0,299.9816,2.6,0,1.5
1,11.03757,0,0,0,299.9816,2.6,0,1.5
1,11.04399,0,0,0,299.9816,2.6,0,1.5
1,11.05045,0,0,0,299.9816,2.6,0,1.5
1,11.05756,0,0,0,299.9816,2.6,0,1.5
1,11.06803,0,0,0,299.9816,2.6,0,1.5
1,11.07432,0,0,0,299.9816,2.6,0,1.5
1,11.0805,0,0,0,299.9816,2.6,0,1.5
1,11.08656,0,0,0,299.9816,2.6,0,1.5
1,11.09402,0,0,0,299.9816,2.6,0,1.5
1,11.10563,0,0,0,299.9816,2.6,0,1.5
1,11.11291,0,0,0,299.9816,2.6,0,1.5
1,11.12007,0,0,0,299.9816,2.6,0,1.5
1,11.12674,0,0,0,299.9816,2.6,0,1.5
1,11.1483,0,0,0,299.9816,2.6,0,1.5
1,11.15521,0,0,0,299.9816,2.6,0,1.5
1,11.16091,0,0,0,299.9816,2.6,0,1.5
1,11.16702,0,0,0,299.9816,2.6,0,1.5
1,11.17409,0,0,0,299.9816,2.6,0,1.5
1,11.18198,0,0,0,299.9816,2.6,0,1.5
1,11.18776,0,0,0,299.9816,2.6,0,1.5
1,11.19378,0,0,0,299.9816,2.6,0,1.5
1,11.2012,0,0,0,299.9816,2.6,0,1.5
1,11.2076,0,0,0,299.9816,2.6,0,1.5
1,11.21425,0,0,0,299.9816,2.6,0,1.5
1,11.22106,0,0,0,299.9816,2.6,0,1.5
1,11.22742,0,0,0,299.9816,2.6,0,1.5
1,11.2342,0,0,0,299.9816,2.6,0,1.5
1,11.24049,0,0,0,299.9816,2.6,0,1.5
1,11.24784,0,0,0,299.9816,2.6,0,1.5
1,11.25391,0,0,0,299.9816,2.6,0,1.5
1,11.26009,0,0,0,299.9816,2.6,0,1.5
1,11.2667,0,0,0,299.9816,2.6,0,1.5
1,11.2739,0,0,0,299.9816,2.6,0,1.5
1,11.28161,0,0,0,299.9816,2.6,0,1.5
1,11.3027,0,0,0,299.9816,2.6,0,1.5
1,11.3128,0,0,0,299.9816,2.6,0,1.5
1,11.31908,0,0,0,299.9816,2.6,0,1.5
1,11.32753,0,0,0,299.9816,2.6,0,1.5
1,11.33452,0,0,0,299.9816,2.6,0,1.5
1,11.34166,0,0,0,299.9816,2.6,0,1.5
1,11.34786,0,0,0,299.9816,2.6,0,1.5
1,11.3551,0,0,0,299.9816,2.6,0,1.5
1,11.36196,0,0,0,299.9816,2.6,0,1.5
1,11.36861,0,0,0,299.9816,2.6,0,1.5
1,11.3759,0,0,0,299.9816,2.6,0,1.5
1,11.38252,0,0,0,299.9816,2.6,0,1.5
1,11.39052,0,0,0,299.9816,2.6,0,1.5
1,11.39798,0,0,0,299.9816,2.6,0,1.5
1,11.40441,0,0,0,299.9816,2.6,0,1.5
1,11.41122,0,0,0,299.9816,2.6,0,1.5
1,11.41833,0,0,0,299.9816,2.6,0,1.5
1,11.42592,0,0,0,299.9816,2.6,0,1.5
1,11.43451,0,0,0,299.9816,2.6,0,1.5
1,11.45984,0,0,0,299.9816,2.6,0,1.5
1,11.46719,0,0,0,299.9816,2.6,0,1.5
1,11.47442,0,0,0,299.9816,2.6,0,1.5
1,11.48158,0,0,0,299.9816,2.6,0,1.5
1,11.48804,0,0,0,299.9816,2.6,0,1.5
1,11.49563,0,0,0,299.9816,2.6,0,1.5
1,11.50141,0,0,0,299.9816,2.6,0,1.5
1,11.50767,0,0,0,299.9816,2.6,0,1.5
1,11.51604,0,0,0,299.9816,2.6,0,1.5
1,11.52144,0,0,0,299.9816,2.6,0,1.5
1,11.52867,0,0,0,299.9816,2.6,0,1.5
1,11.53471,0,0,0,299.9816,2.6,0,1.5
1,11.54148,0,0,0,299.9816,2.6,0,1.5
1,11.54784,0,0,0,299.9816,2.6,0,1.5
1,11.55478,0,0,0,299.9816,2.6,0,1.5
1,11.5613,0,0,0,299.9816,2.6,0,1.5
1,11.56728,0,0,0,299.9816,2.6,0,1.5
1,11.57515,0,0,0,299.9816,2.6,0,1.5
1,11.58183,0,0,0,299.9816,2.6,0,1.5
1,11.58845,0,0,0,299.9816,2.6,0,1.5
1,11.60912,0,0,0,299.9816,2.6,0,1.5
1,11.61581,0,0,0,299.9816,2.6,0,1.5
1,11.62189,0,0,0,299.9816,2.6,0,1.5
1,11.62791,0,0,0,299.9816,2.6,0,1.5
1,11.63473,0,0,0,299.9816,2.6,0,1.5
1,11.64059,0,0,0,299.9816,2.6,0,1.5
1,11.6455,0,0,0,299.9816,2.6,0,1.5
1,11.65193,0,0,0,299.9816,2.6,0,1.5
1,11.65818,0,0,0,299.9816,2.6,0,1.5
1,11.66339,0,0,0,299.9816,2.6,0,1.5
1,11.66903,0,0,0,299.9816,2.6,0,1.5
1,11.67451,0,0,0,299.9816,2.6,0,1.5
1,11.68043,0,0,0,299.9816,2.6,0,1.5
1,11.68648,0,0,0,299.9816,2.6,0,1.5
1,11.69242,0,0,0,299.9816,2.6,0,1.5
1,11.69823,0,0,0,299.9816,2.6,0,1.5
1,11.70431,0,0,0,299.9816,2.6,0,1.5
1,11.71006,0,0,0,299.9816,2.6,0,1.5
1,11.71865,0,0,0,299.9816,2.6,0,1.5
1,11.72398,0,0,0,299.9816,2.6,0,1.5
1,11.73192,0,0,0,299.9816,2.6,0,1.5
1,11.73719,0,0,0,299.9816,2.6,0,1.5
1,11.743,0,0,0,299.9816,2.6,0,1.5
1,11.76794,0,0,0,299.9816,2.6,0,1.5
1,11.78655,0,0,0,299.9816,2.6,0,1.5
1,11.7952,0,0,0,299.9816,2.6,0,1.5
1,11.80151,0,0,0,299.9816,2.6,0,1.5
1,11.80831,0,0,0,299.9816,2.6,0,1.5
1,11.81433,0,0,0,299.9816,2.6,0,1.5
1,11.82104,0,0,0,299.9816,2.6,0,1.5
1,11.827,0,0,0,299.9816,2.6,0,1.5
1,11.83324,0,0,0,299.9816,2.6,0,1.5
1,11.84006,0,0,0,299.9816,2.6,0,1.5
1,11.84574,0,0,0,299.9816,2.6,0,1.5
1,11.85142,0,0,0,299.9816,2.6,0,1.5
1,11.85862,0,0,0,299.9816,2.6,0,1.5
1,11.8658,0,0,0,299.9816,2.6,0,1.5
1,11.87236,0,0,0,299.9816,2.6,0,1.5
1,11.88003,0,0,0,299.9816,2.6,0,1.5
1,11.88661,0,0,0,299.9816,2.6,0,1.5
1,11.89462,0,0,0,299.9816,2.6,0,1.5
1,11.92042,0,0,0,299.9816,2.6,0,1.5
1,11.93046,0,0,0,299.9816,2.6,0,1.5
1,11.93717,0,0,0,299.9816,2.6,0,1.5
1,11.94385,0,0,0,299.9816,2.6,0,1.5
1,11.95084,0,0,0,299.9816,2.6,0,1.5
1,11.95669,0,0,0,299.9816,2.6,0,1.5
1,11.96298,0,0,0,299.9816,2.6,0,1.5
1,11.96789,0,0,0,299.9816,2.6,0,1.5
1,11.97331,0,0,0,299.9816,2.6,0,1.5
1,11.98158,0,0,0,299.9816,2.6,0,1.5
1,11.98776,0,0,0,299.9816,2.6,0,1.5
1,11.99451,0,0,0,299.9816,2.6,0,1.5
1,12.0018,0,0,0,299.9816,2.6,0,1.5
1,12.00979,0,0,0,299.9816,2.6,0,1.5
1,12.01533,0,0,0,299.9816,2.6,0,1.5
1,12.02066,0,0,0,299.9816,2.6,0,1.5
1,12.02715,0,0,0,299.9816,2.6,0,1.5
1,12.03338,0,0,0,299.9816,2.6,0,1.5
1,12.04055,0,0,0,299.9816,2.6,0,1.5
1,12.0479,0,0,0,299.9816,2.6,0,1.5
1,12.06946,0,0,0,299.9816,2.6,0,1.5
1,12.07696,0,0,0,299.9816,2.6,0,1.5
1,12.08398,0,0,0,299.9816,2.6,0,1.5
1,12.09044,0,0,0,299.9816,2.6,0,1.5
1,12.0971,0,0,0,299.9816,2.6,0,1.5
1,12.10311,0,0,0,299.9816,2.6,0,1.5
1,12.11014,0,0,0,299.9816,2.6,0,1.5
1,12.11677,0,0,0,299.9816,2.6,0,1.5
1,12.12317,0,0,0,299.9816,2.6,0,1.5
1,12.1328,0,0,0,299.9816,2.6,0,1.5
1,12.14269,0,0,0,299.9816,2.6,0,1.5
1,12.14992,0,0,0,299.9816,2.6,0,1.5
1,12.15786,0,0,0,299.9816,2.6,0,1.5
1,12.16626,0,0,0,299.9816,2.6,0,1.5
1,12.17442,0,0,0,299.9816,2.6,0,1.5
1,12.18366,0,0,0,299.9816,2.6,0,1.5
1,12.19071,0,0,0,299.9816,2.6,0,1.5
1,12.19733,0,0,0,299.9816,2.6,0,1.5
1,12.20451,0,0,0,299.9816,2.6,0,1.5
1,12.22624,0,0,0,299.9816,2.6,0,1.5
1,12.23332,0,0,0,299.9816,2.6,0,1.5
1,12.23983,0,0,0,299.9816,2.6,0,1.5
1,12.24684,0,0,0,299.9816,2.6,0,1.5
1,12.25338,0,0,0,299.9816,2.6,0,1.5
1,12.26213,0,0,0,299.9816,2.6,0,1.5
1,12.26852,0,0,0,299.9816,2.6,0,1.5
1,12.27486,0,0,0,299.9816,2.6,0,1.5
1,12.28139,0,0,0,299.9816,2.6,0,1.5
1,12.28992,0,0,0,299.9816,2.6,0,1.5
1,12.29816,0,0,0,299.9816,2.6,0,1.5
1,12.3056,0,0,0,299.9816,2.6,0,1.5
1,12.31314,0,0,0,299.9816,2.6,0,1.5
1,12.31971,0,0,0,299.9816,2.6,0,1.5
1,12.32656,0,0,0,299.9816,2.6,0,1.5
1,12.33591,0,0,0,299.9816,2.6,0,1.5
1,12.34283,0,0,0,299.9816,2.6,0,1.5
1,12.34947,0,0,0,299.9816,2.6,0,1.5
1,12.35725,0,0,0,299.9816,2.6,0,1.5
1,12.38199,0,0,0,299.9816,2.6,0,1.5
1,12.38975,0,0,0,299.9816,2.6,0,1.5
1,12.3969,0,0,0,299.9816,2.6,0,1.5
1,12.404,0,0,0,299.9816,2.6,0,1.5
1,12.41097,0,0,0,299.9816,2.6,0,1.5
1,12.41841,0,0,0,299.9816,2.6,0,1.5
1,12.4257,0,0,0,299.9816,2.6,0,1.5
1,12.43375,0,0,0,299.9816,2.6,0,1.5
1,12.44021,0,0,0,299.9816,2.6,0,1.5
1,12.44769,0,0,0,299.9816,2.6,0,1.5
1,12.45637,0,0,0,299.9816,2.6,0,1.5
1,12.46431,0,0,0,299.9816,2.6,0,1.5
1,12.4711,0,0,0,299.9816,2.6,0,1.5
1,12.47897,0,0,0,299.9816,2.6,0,1.5
1,12.48754,0,0,0,299.9816,2.6,0,1.5
1,12.49502,0,0,0,299.9816,2.6,0,1.5
1,12.50165,0,0,0,299.9816,2.6,0,1.5
1,12.50816,0,0,0,299.9816,2.6,0,1.5
1,12.53348,0,0,0,299.9816,2.6,0,1.5
1,12.5437,0,0,0,299.9816,2.6,0,1.5
1,12.55112,0,0,0,299.9816,2.6,0,1.5
1,12.55901,0,0,0,299.9816,2.6,0,1.5
1,12.56611,0,0,0,299.9816,2.6,0,1.5
1,12.57347,0,0,0,299.9816,2.6,0,1.5
1,12.58068,0,0,0,299.9816,2.6,0,1.5
1,12.58801,0,0,0,299.9816,2.6,0,1.5
1,12.59478,0,0,0,299.9816,2.6,0,1.5
1,12.60142,0,0,0,299.9816,2.6,0,1.5
1,12.6084,0,0,0,299.9816,2.6,0,1.5
1,12.61596,0,0,0,299.9816,2.6,0,1.5
1,12.62286,0,0,0,299.9816,2.6,0,1.5
1,12.62956,0,0,0,299.9816,2.6,0,1.5
1,12.63613,0,0,0,299.9816,2.6,0,1.5
1,12.6426,0,0,0,299.9816,2.6,0,1.5
1,12.64996,0,0,0,299.9816,2.6,0,1.5
1,12.65657,0,0,0,299.9816,2.6,0,1.5
1,12.66383,0,0,0,299.9816,2.6,0,1.5
1,12.68877,0,0,0,299.9816,2.6,0,1.5
1,12.69596,0,0,0,299.9816,2.6,0,1.5
1,12.7021,0,0,0,299.9816,2.6,0,1.5
1,12.70744,0,0,0,299.9816,2.6,0,1.5
1,12.71516,0,0,0,299.9816,2.6,0,1.5
1,12.72117,0,0,0,299.9816,2.6,0,1.5
1,12.72865,0,0,0,299.9816,2.6,0,1.5
1,12.7361,0,0,0,299.9816,2.6,0,1.5
1,12.74662,0,0,0,299.9816,2.6,0,1.5
1,12.75434,0,0,0,299.9816,2.6,0,1.5
1,12.76167,0,0,0,299.9816,2.6,0,1.5
1,12.76944,0,0,0,299.9816,2.6,0,1.5
1,12.7767,0,0,0,299.9816,2.6,0,1.5
1,12.78404,0,0,0,299.9816,2.6,0,1.5
1,12.79123,0,0,0,299.9816,2.6,0,1.5
1,12.79882,0,0,0,299.9816,2.6,0,1.5
1,12.80643,0,0,0,299.9816,2.6,0,1.5
1,12.81353,0,0,0,299.9816,2.6,0,1.5
1,12.82071,0,0,0,299.9816,2.6,0,1.5
1,12.84647,0,0,0,299.9816,2.6,0,1.5
1,12.8544,0,0,0,299.9816,2.6,0,1.5
1,12.86055,0,0,0,299.9816,2.6,0,1.5
1,12.86778,0,0,0,299.9816,2.6,0,1.5
1,12.87561,0,0,0,299.9816,2.6,0,1.5
1,12.88238,0,0,0,299.9816,2.6,0,1.5
1,12.88883,0,0,0,299.9816,2.6,0,1.5
1,12.89577,0,0,0,299.9816,2.6,0,1.5
1,12.90221,0,0,0,299.9816,2.6,0,1.5
1,12.90983,0,0,0,299.9816,2.6,0,1.5
1,12.9174,0,0,0,299.9816,2.6,0,1.5
1,12.92502,0,0,0,299.9816,2.6,0,1.5
1,12.93308,0,0,0,299.9816,2.6,0,1.5
1,12.93955,0,0,0,299.9816,2.6,0,1.5
1,12.95006,0,0,0,299.9816,2.6,0,1.5
1,12.95702,0,0,0,299.9816,2.6,0,1.5
1,12.96446,0,0,0,299.9816,2.6,0,1.5
1,12.97097,0,0,0,299.9816,2.6,0,1.5
1,12.99449,0,0,0,299.9816,2.6,0,1.5
1,13.00131,0,0,0,299.9816,2.6,0,1.5
1,13.00724,0,0,0,299.9816,2.6,0,1.5
1,13.01422,0,0,0,299.9816,2.6,0,1.5
1,13.02054,0,0,0,299.9816,2.6,0,1.5
1,13.02761,0,0,0,299.9816,2.6,0,1.5
1,13.03442,0,0,0,299.9816,2.6,0,1.5
1,13.04127,0,0,0,299.9816,2.6,0,1.5
1,13.04868,0,0,0,299.9816,2.6,0,1.5
1,13.05547,0,0,0,299.9816,2.6,0,1.5
1,13.06148,0,0,0,299.9816,2.6,0,1.5
1,13.06726,0,0,0,299.9816,2.6,0,1.5
1,13.07444,0,0,0,299.9816,2.6,0,1.5
1,13.08306,0,0,0,299.9816,2.6,0,1.5
1,13.09031,0,0,0,299.9816,2.6,0,1.5
1,13.0967,0,0,0,299.9816,2.6,0,1.5
1,13.1042,0,0,0,299.9816,2.6,0,1.5
1,13.11061,0,0,0,299.9816,2.6,0,1.5
1,13.11681,0,0,0,299.9816,2.6,0,1.5
1,13.12384,0,0,0,299.9816,2.6,0,1.5
1,13.1489,0,0,0,299.9816,2.6,0,1.5
1,13.15959,0,0,0,299.9816,2.6,0,1.5
1,13.16669,0,0,0,299.9816,2.6,0,1.5
1,13.17411,0,0,0,299.9816,2.6,0,1.5
1,13.18009,0,0,0,299.9816,2.6,0,1.5
1,13.18597,0,0,0,299.9816,2.6,0,1.5
1,13.19236,0,0,0,299.9816,2.6,0,1.5
1,13.1994,0,0,0,299.9816,2.6,0,1.5
1,13.20616,0,0,0,299.9816,2.6,0,1.5
1,13.21492,0,0,0,299.9816,2.6,0,1.5
1,13.22079,0,0,0,299.9816,2.6,0,1.5
1,13.22681,0,0,0,299.9816,2.6,0,1.5
1,13.23369,0,0,0,299.9816,2.6,0,1.5
1,13.23913,0,0,0,299.9816,2.6,0,1.5
1,13.2453,0,0,0,299.9816,2.6,0,1.5
1,13.2509,0,0,0,299.9816,2.6,0,1.5
1,13.2566,0,0,0,299.9816,2.6,0,1.5
1,13.26204,0,0,0,299.9816,2.6,0,1.5
1,13.26768,0,0,0,299.9816,2.6,0,1.5
1,13.27368,0,0,0,299.9816,2.6,0,1.5
1,13.27923,0,0,0,299.9816,2.6,0,1.5
1,13.29559,0,0,0,299.9816,2.6,0,1.5
1,13.30053,0,0,0,299.9816,2.6,0,1.5
1,13.30587,0,0,0,299.9816,2.6,0,1.5
1,13.31032,0,0,0,299.9816,2.6,0,1.5
1,13.31616,0,0,0,299.9816,2.6,0,1.5
1,13.32184,0,0,0,299.9816,2.6,0,1.5
1,13.3274,0,0,0,299.9816,2.6,0,1.5
1,13.33292,0,0,0,299.9816,2.6,0,1.5
1,13.3387,0,0,0,299.9816,2.6,0,1.5
1,13.34392,0,0,0,299.9816,2.6,0,1.5
1,13.34897,0,0,0,299.9816,2.6,0,1.5
1,13.35659,0,0,0,299.9816,2.6,0,1.5
1,13.36191,0,0,0,299.9816,2.6,0,1.5
1,13.36801,0,0,0,299.9816,2.6,0,1.5
1,13.37423,0,0,0,299.9816,2.6,0,1.5
1,13.38008,0,0,0,299.9816,2.6,0,1.5
1,13.38486,0,0,0,299.9816,2.6,0,1.5
1,13.39086,0,0,0,299.9816,2.6,0,1.5
1,13.39633,0,0,0,299.9816,2.6,0,1.5
1,13.40237,0,0,0,299.9816,2.6,0,1.5
1,13.40767,0,0,0,299.9816,2.6,0,1.5
1,13.4132,0,0,0,299.9816,2.6,0,1.5
1,13.41898,0,0,0,299.9816,2.6,0,1.5
1,13.42383,0,0,0,299.9816,2.6,0,1.5
1,13.42926,0,0,0,299.9816,2.6,0,1.5
1,13.44947,0,0,0,299.9816,2.6,0,1.5
1,13.45728,0,0,0,299.9816,2.6,0,1.5
1,13.46466,0,0,0,299.9816,2.6,0,1.5
1,13.47139,0,0,0,299.9816,2.6,0,1.5
1,13.47871,0,0,0,299.9816,2.6,0,1.5
1,13.4862,0,0,0,299.9816,2.6,0,1.5
1,13.49416,0,0,0,299.9816,2.6,0,1.5
1,13.50191,0,0,0,299.9816,2.6,0,1.5
1,13.50869,0,0,0,299.9816,2.6,0,1.5
1,13.51611,0,0,0,299.9816,2.6,0,1.5
1,13.52337,0,0,0,299.9816,2.6,0,1.5
1,13.53026,0,0,0,299.9816,2.6,0,1.5
1,13.53791,0,0,0,299.9816,2.6,0,1.5
1,13.54537,0,0,0,299.9816,2.6,0,1.5
1,13.55284,0,0,0,299.9816,2.6,0,1.5
1,13.56414,0,0,0,299.9816,2.6,0,1.5
1,13.57094,0,0,0,299.9816,2.6,0,1.5
1,13.57851,0,0,0,299.9816,2.6,0,1.5
1,13.58528,0,0,0,299.9816,2.6,0,1.5
1,13.60996,0,0,0,299.9816,2.6,0,1.5
1,13.61815,0,0,0,299.9816,2.6,0,1.5
1,13.62614,0,0,0,299.9816,2.6,0,1.5
1,13.63363,0,0,0,299.9816,2.6,0,1.5
1,13.64036,0,0,0,299.9816,2.6,0,1.5
1,13.64666,0,0,0,299.9816,2.6,0,1.5
1,13.65419,0,0,0,299.9816,2.6,0,1.5
1,13.66146,0,0,0,299.9816,2.6,0,1.5
1,13.66878,0,0,0,299.9816,2.6,0,1.5
1,13.67558,0,0,0,299.9816,2.6,0,1.5
1,13.68285,0,0,0,299.9816,2.6,0,1.5
1,13.68955,0,0,0,299.9816,2.6,0,1.5
1,13.69768,0,0,0,299.9816,2.6,0,1.5
1,13.70521,0,0,0,299.9816,2.6,0,1.5
1,13.71294,0,0,0,299.9816,2.6,0,1.5
1,13.71939,0,0,0,299.9816,2.6,0,1.5
1,13.72532,0,0,0,299.9816,2.6,0,1.5
1,13.73209,0,0,0,299.9816,2.6,0,1.5
1,13.73863,0,0,0,299.9816,2.6,0,1.5
1,13.76231,0,0,0,299.9816,2.6,0,1.5
1,13.77345,0,0,0,299.9816,2.6,0,1.5
1,13.77979,0,0,0,299.9816,2.6,0,1.5
1,13.7855,0,0,0,299.9816,2.6,0,1.5
1,13.7912,0,0,0,299.9816,2.6,0,1.5
1,13.79936,0,0,0,299.9816,2.6,0,1.5
1,13.80674,0,0,0,299.9816,2.6,0,1.5
1,13.81378,0,0,0,299.9816,2.6,0,1.5
1,13.81986,0,0,0,299.9816,2.6,0,1.5
1,13.82637,0,0,0,299.9816,2.6,0,1.5
1,13.83367,0,0,0,299.9816,2.6,0,1.5
1,13.83939,0,0,0,299.9816,2.6,0,1.5
1,13.84607,0,0,0,299.9816,2.6,0,1.5
1,13.85784,0,0,0,299.9816,2.6,0,1.5
1,13.86938,0,0,0,299.9816,2.6,0,1.5
1,13.87667,0,0,0,299.9816,2.6,0,1.5
1,13.88372,0,0,0,299.9816,2.6,0,1.5
1,13.89094,0,0,0,299.9816,2.6,0,1.5
1,13.91084,0,0,0,299.9816,2.6,0,1.5
1,13.91794,0,0,0,299.9816,2.6,0,1.5
1,13.92495,0,0,0,299.9816,2.6,0,1.5
1,13.93093,0,0,0,299.9816,2.6,0,1.5
1,13.93754,0,0,0,299.9816,2.6,0,1.5
1,13.94396,0,0,0,299.9816,2.6,0,1.5
1,13.95068,0,0,0,299.9816,2.6,0,1.5
1,13.95816,0,0,0,299.9816,2.6,0,1.5
1,13.96554,0,0,0,299.9816,2.6,0,1.5
1,13.97551,0,0,0,299.9816,2.6,0,1.5
1,13.98245,0,0,0,299.9816,2.6,0,1.5
1,13.98845,0,0,0,299.9816,2.6,0,1.5
1,13.99567,0,0,0,299.9816,2.6,0,1.5
1,14.00274,0,0,0,299.9816,2.6,0,1.5
1,14.00918,0,0,0,299.9816,2.6,0,1.5
1,14.01662,0,0,0,299.9816,2.6,0,1.5
1,14.02309,0,0,0,299.9816,2.6,0,1.5
1,14.02946,0,0,0,299.9816,2.6,0,1.5
1,14.03741,0,0,0,299.9816,2.6,0,1.5
1,14.04698,0,0,0,299.9816,2.6,0,1.5
1,14.07222,0,0,0,299.9816,2.6,0,1.5
1,14.07957,0,0,0,299.9816,2.6,0,1.5
1,14.08746,0,0,0,299.9816,2.6,0,1.5
1,14.09374,0,0,0,299.9816,2.6,0,1.5
1,14.0997,0,0,0,299.9816,2.6,0,1.5
1,14.10578,0,0,0,299.9816,2.6,0,1.5
1,14.11129,0,0,0,299.9816,2.6,0,1.5
1,14.11748,0,0,0,299.9816,2.6,0,1.5
1,14.12347,0,0,0,299.9816,2.6,0,1.5
1,14.12917,0,0,0,299.9816,2.6,0,1.5
1,14.13618,0,0,0,299.9816,2.6,0,1.5
1,14.14239,0,0,0,299.9816,2.6,0,1.5
1,14.14928,0,0,0,299.9816,2.6,0,1.5
1,14.15586,0,0,0,299.9816,2.6,0,1.5
1,14.16356,0,0,0,299.9816,2.6,0,1.5
1,14.17238,0,0,0,299.9816,2.6,0,1.5
1,14.18435,0,0,0,299.9816,2.6,0,1.5
1,14.19307,0,0,0,299.9816,2.6,0,1.5
1,14.20143,0,0,0,299.9816,2.6,0,1.5
1,14.22544,0,0,0,299.9816,2.6,0,1.5
1,14.23501,0,0,0,299.9816,2.6,0,1.5
1,14.24137,0,0,0,299.9816,2.6,0,1.5
1,14.24815,0,0,0,299.9816,2.6,0,1.5
1,14.25467,0,0,0,299.9816,2.6,0,1.5
1,14.26003,0,0,0,299.9816,2.6,0,1.5
1,14.26603,0,0,0,299.9816,2.6,0,1.5
1,14.27223,0,0,0,299.9816,2.6,0,1.5
1,14.28457,0,0,0,299.9816,2.6,0,1.5
1,14.30299,0,0,0,299.9816,2.6,0,1.5
1,14.30912,0,0,0,299.9816,2.6,0,1.5
1,14.31542,0,0,0,299.9816,2.6,0,1.5
1,14.32045,0,0,0,299.9816,2.6,0,1.5
1,14.32648,0,0,0,299.9816,2.6,0,1.5
1,14.33367,0,0,0,299.9816,2.6,0,1.5
1,14.33953,0,0,0,299.9816,2.6,0,1.5
1,14.34488,0,0,0,299.9816,2.6,0,1.5
1,14.35239,0,0,0,299.9816,2.6,0,1.5
1,14.37402,0,0,0,299.9816,2.6,0,1.5
1,14.38251,0,0,0,299.9816,2.6,0,1.5
1,14.3884,0,0,0,299.9816,2.6,0,1.5
1,14.39373,0,0,0,299.9816,2.6,0,1.5
1,14.40015,0,0,0,299.9816,2.6,0,1.5
1,14.40531,0,0,0,299.9816,2.6,0,1.5
1,14.41075,0,0,0,299.9816,2.6,0,1.5
1,14.41631,0,0,0,299.9816,2.6,0,1.5
1,14.42204,0,0,0,299.9816,2.6,0,1.5
1,14.42686,0,0,0,299.9816,2.6,0,1.5
1,14.43511,0,0,0,299.9816,2.6,0,1.5
1,14.44124,0,0,0,299.9816,2.6,0,1.5
1,14.44682,0,0,0,299.9816,2.6,0,1.5
1,14.45332,0,0,0,299.9816,2.6,0,1.5
1,14.45894,0,0,0,299.9816,2.6,0,1.5
1,14.46467,0,0,0,299.9816,2.6,0,1.5
1,14.47057,0,0,0,299.9816,2.6,0,1.5
1,14.47646,0,0,0,299.9816,2.6,0,1.5
1,14.48276,0,0,0,299.9816,2.6,0,1.5
1,14.48884,0,0,0,299.9816,2.6,0,1.5
1,14.49499,0,0,0,299.9816,2.6,0,1.5
1,14.50098,0,0,0,299.9816,2.6,0,1.5
1,14.50712,0,0,0,299.9816,2.6,0,1.5
1,14.5285,0,0,0,299.9816,2.6,0,1.5
1,14.53657,0,0,0,299.9816,2.6,0,1.5
1,14.54343,0,0,0,299.9816,2.6,0,1.5
1,14.54951,0,0,0,299.9816,2.6,0,1.5
1,14.55597,0,0,0,299.9816,2.6,0,1.5
1,14.56142,0,0,0,299.9816,2.6,0,1.5
1,14.5665,0,0,0,299.9816,2.6,0,1.5
1,14.57283,0,0,0,299.9816,2.6,0,1.5
1,14.57829,0,0,0,299.9816,2.6,0,1.5
1,14.5859,0,0,0,299.9816,2.6,0,1.5
1,14.59262,0,0,0,299.9816,2.6,0,1.5
1,14.59727,0,0,0,299.9816,2.6,0,1.5
1,14.60409,0,0,0,299.9816,2.6,0,1.5
1,14.60886,0,0,0,299.9816,2.6,0,1.5
1,14.61418,0,0,0,299.9816,2.6,0,1.5
1,14.61959,0,0,0,299.9816,2.6,0,1.5
1,14.6245,0,0,0,299.9816,2.6,0,1.5
1,14.62989,0,0,0,299.9816,2.6,0,1.5
1,14.63689,0,0,0,299.9816,2.6,0,1.5
1,14.64326,0,0,0,299.9816,2.6,0,1.5
1,14.64882,0,0,0,299.9816,2.6,0,1.5
1,14.65524,0,0,0,299.9816,2.6,0,1.5
1,14.66027,0,0,0,299.9816,2.6,0,1.5
1,14.6787,0,0,0,299.9816,2.6,0,1.5
1,14.68486,0,0,0,299.9816,2.6,0,1.5
1,14.68985,0,0,0,299.9816,2.6,0,1.5
1,14.69505,0,0,0,299.9816,2.6,0,1.5
1,14.70095,0,0,0,299.9816,2.6,0,1.5
1,14.70681,0,0,0,299.9816,2.6,0,1.5
1,14.71361,0,0,0,299.9816,2.6,0,1.5
1,14.72006,0,0,0,299.9816,2.6,0,1.5
1,14.72529,0,0,0,299.9816,2.6,0,1.5
1,14.73252,0,0,0,299.9816,2.6,0,1.5
1,14.73877,0,0,0,299.9816,2.6,0,1.5
1,14.74538,0,0,0,299.9816,2.6,0,1.5
1,14.75323,0,0,0,299.9816,2.6,0,1.5
1,14.76093,0,0,0,299.9816,2.6,0,1.5
1,14.76812,0,0,0,299.9816,2.6,0,1.5
1,14.77587,0,0,0,299.9816,2.6,0,1.5
1,14.78174,0,0,0,299.9816,2.6,0,1.5
1,14.79046,0,0,0,299.9816,2.6,0,1.5
1,14.79713,0,0,0,299.9816,2.6,0,1.5
1,14.80302,0,0,0,299.9816,2.6,0,1.5
1,14.81125,0,0,0,299.9816,2.6,0,1.5
1,14.83638,0,0,0,299.9816,2.6,0,1.5
1,14.84317,0,0,0,299.9816,2.6,0,1.5
1,14.84923,0,0,0,299.9816,2.6,0,1.5
1,14.8565,0,0,0,299.9816,2.6,0,1.5
1,14.86408,0,0,0,299.9816,2.6,0,1.5
1,14.87052,0,0,0,299.9816,2.6,0,1.5
1,14.87889,0,0,0,299.9816,2.6,0,1.5
1,14.8861,0,0,0,299.9816,2.6,0,1.5
1,14.89282,0,0,0,299.9816,2.6,0,1.5
1,14.90015,0,0,0,299.9816,2.6,0,1.5
1,14.90646,0,0,0,299.9816,2.6,0,1.5
1,14.91389,0,0,0,299.9816,2.6,0,1.5
1,14.92025,0,0,0,299.9816,2.6,0,1.5
1,14.92727,0,0,0,299.9816,2.6,0,1.5
1,14.93499,0,0,0,299.9816,2.6,0,1.5
1,14.94263,0,0,0,299.9816,2.6,0,1.5
1,14.9503,0,0,0,299.9816,2.6,0,1.5
1,14.95856,0,0,0,299.9816,2.6,0,1.5
1,14.96587,0,0,0,299.9816,2.6,0,1.5
1,14.98859,0,0,0,299.9816,2.6,0,1.5
1,14.99912,0,0,0,299.9816,2.6,0,1.5
1,15.006,0,0,0,299.9816,2.6,0,1.5
1,15.01298,0,0,0,299.9816,2.6,0,1.5
1,15.01895,0,0,0,299.9816,2.6,0,1.5
1,15.02523,0,0,0,299.9816,2.6,0,1.5
1,15.03074,0,0,0,299.9816,2.6,0,1.5
1,15.03723,0,0,0,299.9816,2.6,0,1.5
1,15.04338,0,0,0,299.9816,2.6,0,1.5
1,15.04978,0,0,0,299.9816,2.6,0,1.5
1,15.05583,0,0,0,299.9816,2.6,0,1.5
1,15.06178,0,0,0,299.9816,2.6,0,1.5
1,15.06717,0,0,0,299.9816,2.6,0,1.5
1,15.07408,0,0,0,299.9816,2.6,0,1.5
1,15.08007,0,0,0,299.9816,2.6,0,1.5
1,15.0857,0,0,0,299.9816,2.6,0,1.5
1,15.0926,0,0,0,299.9816,2.6,0,1.5
1,15.09881,0,0,0,299.9816,2.6,0,1.5
1,15.10602,0,0,0,299.9816,2.6,0,1.5
1,15.11258,0,0,0,299.9816,2.6,0,1.5
1,15.12044,0,0,0,299.9816,2.6,0,1.5
1,15.14013,0,0,0,299.9816,2.6,0,1.5
1,15.14637,0,0,0,299.9816,2.6,0,1.5
1,15.15389,0,0,0,299.9816,2.6,0,1.5
1,15.15965,0,0,0,299.9816,2.6,0,1.5
1,15.16552,0,0,0,299.9816,2.6,0,1.5
1,15.17265,0,0,0,299.9816,2.6,0,1.5
1,15.17846,0,0,0,299.9816,2.6,0,1.5
1,15.18528,0,0,0,299.9816,2.6,0,1.5
1,15.19064,0,0,0,299.9816,2.6,0,1.5
1,15.19878,0,0,0,299.9816,2.6,0,1.5
1,15.20528,0,0,0,299.9816,2.6,0,1.5
1,15.21122,0,0,0,299.9816,2.6,0,1.5
1,15.21858,0,0,0,299.9816,2.6,0,1.5
1,15.22608,0,0,0,299.9816,2.6,0,1.5
1,15.23304,0,0,0,299.9816,2.6,0,1.5
1,15.23971,0,0,0,299.9816,2.6,0,1.5
1,15.24674,0,0,0,299.9816,2.6,0,1.5
1,15.25391,0,0,0,299.9816,2.6,0,1.5
1,15.2616,0,0,0,299.9816,2.6,0,1.5
1,15.26826,0,0,0,299.9816,2.6,0,1.5
1,15.27635,0,0,0,299.9816,2.6,0,1.5
1,15.29782,0,0,0,299.9816,2.6,0,1.5
1,15.30569,0,0,0,299.9816,2.6,0,1.5
1,15.31246,0,0,0,299.9816,2.6,0,1.5
1,15.31847,0,0,0,299.9816,2.6,0,1.5
1,15.32593,0,0,0,299.9816,2.6,0,1.5
1,15.33265,0,0,0,299.9816,2.6,0,1.5
1,15.33935,0,0,0,299.9816,2.6,0,1.5
1,15.34514,0,0,0,299.9816,2.6,0,1.5
1,15.35194,0,0,0,299.9816,2.6,0,1.5
1,15.35835,0,0,0,299.9816,2.6,0,1.5
1,15.36385,0,0,0,299.9816,2.6,0,1.5
1,15.37029,0,0,0,299.9816,2.6,0,1.5
1,15.37718,0,0,0,299.9816,2.6,0,1.5
1,15.38378,0,0,0,299.9816,2.6,0,1.5
1,15.38998,0,0,0,299.9816,2.6,0,1.5
1,15.39529,0,0,0,299.9816,2.6,0,1.5
1,15.40313,0,0,0,299.9816,2.6,0,1.5
1,15.40886,0,0,0,299.9816,2.6,0,1.5
1,15.4162,0,0,0,299.9816,2.6,0,1.5
1,15.42446,0,0,0,299.9816,2.6,0,1.5
1,15.43264,0,0,0,299.9816,2.6,0,1.5
1,15.4565,0,0,0,299.9816,2.6,0,1.5
1,15.46367,0,0,0,299.9816,2.6,0,1.5
1,15.47218,0,0,0,299.9816,2.6,0,1.5
1,15.47934,0,0,0,299.9816,2.6,0,1.5
1,15.48515,0,0,0,299.9816,2.6,0,1.5
1,15.49073,0,0,0,299.9816,2.6,0,1.5
1,15.49825,0,0,0,299.9816,2.6,0,1.5
1,15.50412,0,0,0,299.9816,2.6,0,1.5
1,15.51034,0,0,0,299.9816,2.6,0,1.5
1,15.51657,0,0,0,299.9816,2.6,0,1.5
1,15.52339,0,0,0,299.9816,2.6,0,1.5
1,15.53027,0,0,0,299.9816,2.6,0,1.5
1,15.5369,0,0,0,299.9816,2.6,0,1.5
1,15.54368,0,0,0,299.9816,2.6,0,1.5
1,15.55001,0,0,0,299.9816,2.6,0,1.5
1,15.55828,0,0,0,299.9816,2.6,0,1.5
1,15.56639,0,0,0,299.9816,2.6,0,1.5
1,15.57429,0,0,0,299.9816,2.6,0,1.5
1,15.58112,0,0,0,299.9816,2.6,0,1.5
1,15.58708,0,0,0,299.9816,2.6,0,1.5
1,15.60804,0,0,0,299.9816,2.6,0,1.5
1,15.61655,0,0,0,299.9816,2.6,0,1.5
1,15.62198,0,0,0,299.9816,2.6,0,1.5
1,15.62748,0,0,0,299.9816,2.6,0,1.5
1,15.63546,0,0,0,299.9816,2.6,0,1.5
1,15.64218,0,0,0,299.9816,2.6,0,1.5
1,15.64808,0,0,0,299.9816,2.6,0,1.5
1,15.65521,0,0,0,299.9816,2.6,0,1.5
1,15.66147,0,0,0,299.9816,2.6,0,1.5
1,15.66738,0,0,0,299.9816,2.6,0,1.5
1,15.67317,0,0,0,299.9816,2.6,0,1.5
1,15.67903,0,0,0,299.9816,2.6,0,1.5
1,15.68571,0,0,0,299.9816,2.6,0,1.5
1,15.69198,0,0,0,299.9816,2.6,0,1.5
1,15.69821,0,0,0,299.9816,2.6,0,1.5
1,15.70343,0,0,0,299.9816,2.6,0,1.5
1,15.70882,0,0,0,299.9816,2.6,0,1.5
1,15.71557,0,0,0,299.9816,2.6,0,1.5
1,15.7208,0,0,0,299.9816,2.6,0,1.5
1,15.72656,0,0,0,299.9816,2.6,0,1.5
1,15.73264,0,0,0,299.9816,2.6,0,1.5
1,15.73837,0,0,0,299.9816,2.6,0,1.5
1,15.75824,0,0,0,299.9816,2.6,0,1.5
1,15.76431,0,0,0,299.9816,2.6,0,1.5
1,15.76989,0,0,0,299.9816,2.6,0,1.5
1,15.77587,0,0,0,299.9816,2.6,0,1.5
1,15.78208,0,0,0,299.9816,2.6,0,1.5
1,15.78776,0,0,0,299.9816,2.6,0,1.5
1,15.79429,0,0,0,299.9816,2.6,0,1.5
1,15.79958,0,0,0,299.9816,2.6,0,1.5
1,15.806,0,0,0,299.9816,2.6,0,1.5
1,15.81271,0,0,0,299.9816,2.6,0,1.5
1,15.82163,0,0,0,299.9816,2.6,0,1.5
1,15.82787,0,0,0,299.9816,2.6,0,1.5
1,15.83383,0,0,0,299.9816,2.6,0,1.5
1,15.8411,0,0,0,299.9816,2.6,0,1.5
1,15.84746,0,0,0,299.9816,2.6,0,1.5
1,15.85392,0,0,0,299.9816,2.6,0,1.5
1,15.86005,0,0,0,299.9816,2.6,0,1.5
1,15.86523,0,0,0,299.9816,2.6,0,1.5
1,15.87185,0,0,0,299.9816,2.6,0,1.5
1,15.8777,0,0,0,299.9816,2.6,0,1.5
1,15.88337,0,0,0,299.9816,2.6,0,1.5
1,15.88919,0,0,0,299.9816,2.6,0,1.5
1,15.90928,0,0,0,299.9816,2.6,0,1.5
1,15.91539,0,0,0,299.9816,2.6,0,1.5
1,15.92113,0,0,0,299.9816,2.6,0,1.5
1,15.92695,0,0,0,299.9816,2.6,0,1.5
1,15.93366,0,0,0,299.9816,2.6,0,1.5
1,15.93962,0,0,0,299.9816,2.6,0,1.5
1,15.94595,0,0,0,299.9816,2.6,0,1.5
1,15.95289,0,0,0,299.9816,2.6,0,1.5
1,15.96029,0,0,0,299.9816,2.6,0,1.5
1,15.96756,0,0,0,299.9816,2.6,0,1.5
1,15.97389,0,0,0,299.9816,2.6,0,1.5
1,15.98163,0,0,0,299.9816,2.6,0,1.5
1,15.98824,0,0,0,299.9816,2.6,0,1.5
1,15.99644,0,0,0,299.9816,2.6,0,1.5
1,16.00496,0,0,0,299.9816,2.6,0,1.5
1,16.01301,0,0,0,299.9816,2.6,0,1.5
1,16.02256,0,0,0,299.9816,2.6,0,1.5
1,16.02983,0,0,0,299.9816,2.6,0,1.5
1,16.03669,0,0,0,299.9816,2.6,0,1.5
1,16.04394,0,0,0,299.9816,2.6,0,1.5
1,16.06532,0,0,0,299.9816,2.6,0,1.5
1,16.07446,0,0,0,299.9816,2.6,0,1.5
1,16.08193,0,0,0,299.9816,2.6,0,1.5
1,16.08904,0,0,0,299.9816,2.6,0,1.5
1,16.09681,0,0,0,299.9816,2.6,0,1.5
1,16.10472,0,0,0,299.9816,2.6,0,1.5
1,16.11246,0,0,0,299.9816,2.6,0,1.5
1,16.12044,0,0,0,299.9816,2.6,0,1.5
1,16.1276,0,0,0,299.9816,2.6,0,1.5
1,16.1364,0,0,0,299.9816,2.6,0,1.5
1,16.14379,0,0,0,299.9816,2.6,0,1.5
1,16.15066,0,0,0,299.9816,2.6,0,1.5
1,16.15772,0,0,0,299.9816,2.6,0,1.5
1,16.16537,0,0,0,299.9816,2.6,0,1.5
1,16.17228,0,0,0,299.9816,2.6,0,1.5
1,16.1791,0,0,0,299.9816,2.6,0,1.5
1,16.18673,0,0,0,299.9816,2.6,0,1.5
1,16.19448,0,0,0,299.9816,2.6,0,1.5
1,16.21835,0,0,0,299.9816,2.6,0,1.5
1,16.22832,0,0,0,299.9816,2.6,0,1.5
1,16.23604,0,0,0,299.9816,2.6,0,1.5
1,16.24322,0,0,0,299.9816,2.6,0,1.5
1,16.25016,0,0,0,299.9816,2.6,0,1.5
1,16.25688,0,0,0,299.9816,2.6,0,1.5
1,16.26421,0,0,0,299.9816,2.6,0,1.5
1,16.27233,0,0,0,299.9816,2.6,0,1.5
1,16.2797,0,0,0,299.9816,2.6,0,1.5
1,16.28733,0,0,0,299.9816,2.6,0,1.5
1,16.29504,0,0,0,299.9816,2.6,0,1.5
1,16.30333,0,0,0,299.9816,2.6,0,1.5
1,16.31213,0,0,0,299.9816,2.6,0,1.5
1,16.32103,0,0,0,299.9816,2.6,0,1.5
1,16.32795,0,0,0,299.9816,2.6,0,1.5
1,16.33396,0,0,0,299.9816,2.6,0,1.5
1,16.34074,0,0,0,299.9816,2.6,0,1.5
1,16.34648,0,0,0,299.9816,2.6,0,1.5
1,16.36821,0,0,0,299.9816,2.6,0,1.5
1,16.37518,0,0,0,299.9816,2.6,0,1.5
1,16.38156,0,0,0,299.9816,2.6,0,1.5
1,16.38832,0,0,0,299.9816,2.6,0,1.5
1,16.39412,0,0,0,299.9816,2.6,0,1.5
1,16.39949,0,0,0,299.9816,2.6,0,1.5
1,16.40595,0,0,0,299.9816,2.6,0,1.5
1,16.41264,0,0,0,299.9816,2.6,0,1.5
1,16.41958,0,0,0,299.9816,2.6,0,1.5
1,16.42977,0,0,0,299.9816,2.6,0,1.5
1,16.43624,0,0,0,299.9816,2.6,0,1.5
1,16.44212,0,0,0,299.9816,2.6,0,1.5
1,16.44938,0,0,0,299.9816,2.6,0,1.5
1,16.45595,0,0,0,299.9816,2.6,0,1.5
1,16.46362,0,0,0,299.9816,2.6,0,1.5
1,16.47046,0,0,0,299.9816,2.6,0,1.5
1,16.47754,0,0,0,299.9816,2.6,0,1.5
1,16.4848,0,0,0,299.9816,2.6,0,1.5
1,16.49118,0,0,0,299.9816,2.6,0,1.5
1,16.4984,0,0,0,299.9816,2.6,0,1.5
1,16.5196,0,0,0,299.9816,2.6,0,1.5
1,16.52757,0,0,0,299.9816,2.6,0,1.5
1,16.53443,0,0,0,299.9816,2.6,0,1.5
1,16.54157,0,0,0,299.9816,2.6,0,1.5
1,16.5486,0,0,0,299.9816,2.6,0,1.5
1,16.55664,0,0,0,299.9816,2.6,0,1.5
1,16.5637,0,0,0,299.9816,2.6,0,1.5
1,16.57081,0,0,0,299.9816,2.6,0,1.5
1,16.57869,0,0,0,299.9816,2.6,0,1.5
1,16.58811,0,0,0,299.9816,2.6,0,1.5
1,16.596,0,0,0,299.9816,2.6,0,1.5
1,16.60422,0,0,0,299.9816,2.6,0,1.5
1,16.61065,0,0,0,299.9816,2.6,0,1.5
1,16.61822,0,0,0,299.9816,2.6,0,1.5
1,16.62476,0,0,0,299.9816,2.6,0,1.5
1,16.63463,0,0,0,299.9816,2.6,0,1.5
1,16.64217,0,0,0,299.9816,2.6,0,1.5
1,16.64856,0,0,0,299.9816,2.6,0,1.5
1,16.66993,0,0,0,299.9816,2.6,0,1.5
1,16.67613,0,0,0,299.9816,2.6,0,1.5
1,16.68354,0,0,0,299.9816,2.6,0,1.5
1,16.69017,0,0,0,299.9816,2.6,0,1.5
1,16.6977,0,0,0,299.9816,2.6,0,1.5
1,16.70378,0,0,0,299.9816,2.6,0,1.5
1,16.71748,0,0,0,299.9816,2.6,0,1.5
1,16.73783,0,0,0,299.9816,2.6,0,1.5
1,16.74399,0,0,0,299.9816,2.6,0,1.5
1,16.74956,0,0,0,299.9816,2.6,0,1.5
1,16.75521,0,0,0,299.9816,2.6,0,1.5
1,16.76157,0,0,0,299.9816,2.6,0,1.5
1,16.76725,0,0,0,299.9816,2.6,0,1.5
1,16.77489,0,0,0,299.9816,2.6,0,1.5
1,16.78062,0,0,0,299.9816,2.6,0,1.5
1,16.78706,0,0,0,299.9816,2.6,0,1.5
1,16.79373,0,0,0,299.9816,2.6,0,1.5
1,16.79972,0,0,0,299.9816,2.6,0,1.5
1,16.81972,0,0,0,299.9816,2.6,0,1.5
1,16.82563,0,0,0,299.9816,2.6,0,1.5
1,16.83321,0,0,0,299.9816,2.6,0,1.5
1,16.83901,0,0,0,299.9816,2.6,0,1.5
1,16.84381,0,0,0,299.9816,2.6,0,1.5
1,16.84929,0,0,0,299.9816,2.6,0,1.5
1,16.85642,0,0,0,299.9816,2.6,0,1.5
1,16.86203,0,0,0,299.9816,2.6,0,1.5
1,16.86784,0,0,0,299.9816,2.6,0,1.5
1,16.87423,0,0,0,299.9816,2.6,0,1.5
1,16.87992,0,0,0,299.9816,2.6,0,1.5
1,16.88637,0,0,0,299.9816,2.6,0,1.5
1,16.89245,0,0,0,299.9816,2.6,0,1.5
1,16.90141,0,0,0,299.9816,2.6,0,1.5
1,16.9068,0,0,0,299.9816,2.6,0,1.5
1,16.9135,0,0,0,299.9816,2.6,0,1.5
1,16.91914,0,0,0,299.9816,2.6,0,1.5
1,16.92375,0,0,0,299.9816,2.6,0,1.5
1,16.93061,0,0,0,299.9816,2.6,0,1.5
1,16.93816,0,0,0,299.9816,2.6,0,1.5
1,16.9444,0,0,0,299.9816,2.6,0,1.5
1,16.95232,0,0,0,299.9816,2.6,0,1.5
1,16.98452,0,0,0,299.9816,2.6,0,1.5
1,16.99063,0,0,0,299.9816,2.6,0,1.5
1,16.99704,0,0,0,299.9816,2.6,0,1.5
1,17.00558,0,0,0,299.9816,2.6,0,1.5
1,17.01622,0,0,0,299.9816,2.6,0,1.5
1,17.02208,0,0,0,299.9816,2.6,0,1.5
1,17.0286,0,0,0,299.9816,2.6,0,1.5
1,17.03631,0,0,0,299.9816,2.6,0,1.5
1,17.04147,0,0,0,299.9816,2.6,0,1.5
1,17.04673,0,0,0,299.9816,2.6,0,1.5
1,17.06079,0,0,0,299.9816,2.6,0,1.5
1,17.06715,0,0,0,299.9816,2.6,0,1.5
1,17.07489,0,0,0,299.9816,2.6,0,1.5
1,17.08165,0,0,0,299.9816,2.6,0,1.5
1,17.08963,0,0,0,299.9816,2.6,0,1.5
1,17.10141,0,0,0,299.9816,2.6,0,1.5
1,17.10903,0,0,0,299.9816,2.6,0,1.5
1,17.13944,0,0,0,299.9816,2.6,0,1.5
1,17.14497,0,0,0,299.9816,2.6,0,1.5
1,17.15132,0,0,0,299.9816,2.6,0,1.5
1,17.16083,0,0,0,299.9816,2.6,0,1.5
1,17.17268,0,0,0,299.9816,2.6,0,1.5
1,17.177,0,0,0,299.9816,2.6,0,1.5
1,17.18159,0,0,0,299.9816,2.6,0,1.5
1,17.18708,0,0,0,299.9816,2.6,0,1.5
1,17.19382,0,0,0,299.9816,2.6,0,1.5
1,17.2074,0,0,0,299.9816,2.6,0,1.5
1,17.21611,0,0,0,299.9816,2.6,0,1.5
1,17.23275,0,0,0,299.9816,2.6,0,1.5
1,17.2477,0,0,0,299.9816,2.6,0,1.5
1,17.25992,0,0,0,299.9816,2.6,0,1.5
1,17.27476,0,0,0,299.9816,2.6,0,1.5
1,17.29365,0,0,0,299.9816,2.6,0,1.5
1,17.3102,0,0,0,299.9816,2.6,0,1.5
1,17.31711,0,0,0,299.9816,2.6,0,1.5
1,17.32882,0,0,0,299.9816,2.6,0,1.5
1,17.33605,0,0,0,299.9816,2.6,0,1.5
1,17.34456,0,0,0,299.9816,2.6,0,1.5
1,17.35346,0,0,0,299.9816,2.6,0,1.5
1,17.36146,0,0,0,299.9816,2.6,0,1.5
1,17.36854,0,0,0,299.9816,2.6,0,1.5
1,17.3778,0,0,0,299.9816,2.6,0,1.5
1,17.38445,0,0,0,299.9816,2.6,0,1.5
1,17.39235,0,0,0,299.9816,2.6,0,1.5
1,17.39824,0,0,0,299.9816,2.6,0,1.5
1,17.40533,0,0,0,299.9816,2.6,0,1.5
1,17.41146,0,0,0,299.9816,2.6,0,1.5
1,17.4201,0,0,0,299.9816,2.6,0,1.5
1,17.42678,0,0,0,299.9816,2.6,0,1.5
1,17.45013,0,0,0,299.9816,2.6,0,1.5
1,17.46069,0,0,0,299.9816,2.6,0,1.5
1,17.46748,0,0,0,299.9816,2.6,0,1.5
1,17.47412,0,0,0,299.9816,2.6,0,1.5
1,17.48118,0,0,0,299.9816,2.6,0,1.5
1,17.48857,0,0,0,299.9816,2.6,0,1.5
1,17.49606,0,0,0,299.9816,2.6,0,1.5
1,17.50202,0,0,0,299.9816,2.6,0,1.5
1,17.50839,0,0,0,299.9816,2.6,0,1.5
1,17.51597,0,0,0,299.9816,2.6,0,1.5
1,17.52247,0,0,0,299.9816,2.6,0,1.5
1,17.5295,0,0,0,299.9816,2.6,0,1.5
1,17.53651,0,0,0,299.9816,2.6,0,1.5
1,17.54355,0,0,0,299.9816,2.6,0,1.5
1,17.55047,0,0,0,299.9816,2.6,0,1.5
1,17.55862,0,0,0,299.9816,2.6,0,1.5
1,17.56663,0,0,0,299.9816,2.6,0,1.5
1,17.57493,0,0,0,299.9816,2.6,0,1.5
1,17.58376,0,0,0,299.9816,2.6,0,1.5
1,17.61098,0,0,0,299.9816,2.6,0,1.5
1,17.6188,0,0,0,299.9816,2.6,0,1.5
1,17.62687,0,0,0,299.9816,2.6,0,1.5
1,17.63491,0,0,0,299.9816,2.6,0,1.5
1,17.64244,0,0,0,299.9816,2.6,0,1.5
1,17.65026,0,0,0,299.9816,2.6,0,1.5
1,17.66145,0,0,0,299.9816,2.6,0,1.5
1,17.66834,0,0,0,299.9816,2.6,0,1.5
1,17.67573,0,0,0,299.9816,2.6,0,1.5
1,17.68326,0,0,0,299.9816,2.6,0,1.5
1,17.68965,0,0,0,299.9816,2.6,0,1.5
1,17.69591,0,0,0,299.9816,2.6,0,1.5
1,17.70256,0,0,0,299.9816,2.6,0,1.5
1,17.70947,0,0,0,299.9816,2.6,0,1.5
1,17.71675,0,0,0,299.9816,2.6,0,1.5
1,17.72345,0,0,0,299.9816,2.6,0,1.5
1,17.73034,0,0,0,299.9816,2.6,0,1.5
1,17.73947,0,0,0,299.9816,2.6,0,1.5
1,17.76522,0,0,0,299.9816,2.6,0,1.5
1,17.77294,0,0,0,299.9816,2.6,0,1.5
1,17.77969,0,0,0,299.9816,2.6,0,1.5
1,17.78625,0,0,0,299.9816,2.6,0,1.5
1,17.79429,0,0,0,299.9816,2.6,0,1.5
1,17.80089,0,0,0,299.9816,2.6,0,1.5
1,17.80722,0,0,0,299.9816,2.6,0,1.5
1,17.81393,0,0,0,299.9816,2.6,0,1.5
1,17.82047,0,0,0,299.9816,2.6,0,1.5
1,17.8265,0,0,0,299.9816,2.6,0,1.5
1,17.83348,0,0,0,299.9816,2.6,0,1.5
1,17.84068,0,0,0,299.9816,2.6,0,1.5
1,17.84834,0,0,0,299.9816,2.6,0,1.5
1,17.85608,0,0,0,299.9816,2.6,0,1.5
1,17.86481,0,0,0,299.9816,2.6,0,1.5
1,17.87137,0,0,0,299.9816,2.6,0,1.5
1,17.87924,0,0,0,299.9816,2.6,0,1.5
1,17.88679,0,0,0,299.9816,2.6,0,1.5
1,17.89648,0,0,0,299.9816,2.6,0,1.5
1,17.91906,0,0,0,299.9816,2.6,0,1.5
1,17.9254,0,0,0,299.9816,2.6,0,1.5
1,17.9334,0,0,0,299.9816,2.6,0,1.5
1,17.93998,0,0,0,299.9816,2.6,0,1.5
1,17.94677,0,0,0,299.9816,2.6,0,1.5
1,17.95338,0,0,0,299.9816,2.6,0,1.5
1,17.96005,0,0,0,299.9816,2.6,0,1.5
1,17.96613,0,0,0,299.9816,2.6,0,1.5
1,17.97326,0,0,0,299.9816,2.6,0,1.5
1,17.98038,0,0,0,299.9816,2.6,0,1.5
1,17.98668,0,0,0,299.9816,2.6,0,1.5
1,17.99326,0,0,0,299.9816,2.6,0,1.5
1,18.00104,0,0,0,299.9816,2.6,0,1.5
1,18.00739,0,0,0,299.9816,2.6,0,1.5
1,18.01471,0,0,0,299.9816,2.6,0,1.5
1,18.02094,0,0,0,299.9816,2.6,0,1.5
1,18.02802,0,0,0,299.9816,2.6,0,1.5
1,18.03417,0,0,0,299.9816,2.6,0,1.5
1,18.03963,0,0,0,299.9816,2.6,0,1.5
1,18.04558,0,0,0,299.9816,2.6,0,1.5
1,18.05231,0,0,0,299.9816,2.6,0,1.5
1,18.07373,0,0,0,299.9816,2.6,0,1.5
1,18.08257,0,0,0,299.9816,2.6,0,1.5
1,18.08746,0,0,0,299.9816,2.6,0,1.5
1,18.09277,0,0,0,299.9816,2.6,0,1.5
1,18.0976,0,0,0,299.9816,2.6,0,1.5
1,18.10273,0,0,0,299.9816,2.6,0,1.5
1,18.10856,0,0,0,299.9816,2.6,0,1.5
1,18.11386,0,0,0,299.9816,2.6,0,1.5
1,18.1198,0,0,0,299.9816,2.6,0,1.5
1,18.12577,0,0,0,299.9816,2.6,0,1.5
1,18.13126,0,0,0,299.9816,2.6,0,1.5
1,18.1375,0,0,0,299.9816,2.6,0,1.5
1,18.14437,0,0,0,299.9816,2.6,0,1.5
1,18.15198,0,0,0,299.9816,2.6,0,1.5
1,18.15759,0,0,0,299.9816,2.6,0,1.5
1,18.16337,0,0,0,299.9816,2.6,0,1.5
1,18.16912,0,0,0,299.9816,2.6,0,1.5
1,18.17421,0,0,0,299.9816,2.6,0,1.5
1,18.17924,0,0,0,299.9816,2.6,0,1.5
1,18.18625,0,0,0,299.9816,2.6,0,1.5
1,18.19123,0,0,0,299.9816,2.6,0,1.5
1,18.19785,0,0,0,299.9816,2.6,0,1.5
1,18.20392,0,0,0,299.9816,2.6,0,1.5
1,18.22217,0,0,0,299.9816,2.6,0,1.5
1,18.2281,0,0,0,299.9816,2.6,0,1.5
1,18.23426,0,0,0,299.9816,2.6,0,1.5
1,18.24011,0,0,0,299.9816,2.6,0,1.5
1,18.24689,0,0,0,299.9816,2.6,0,1.5
1,18.25262,0,0,0,299.9816,2.6,0,1.5
1,18.25946,0,0,0,299.9816,2.6,0,1.5
1,18.26536,0,0,0,299.9816,2.6,0,1.5
1,18.27053,0,0,0,299.9816,2.6,0,1.5
1,18.27704,0,0,0,299.9816,2.6,0,1.5
1,18.28444,0,0,0,299.9816,2.6,0,1.5
1,18.29111,0,0,0,299.9816,2.6,0,1.5
1,18.29728,0,0,0,299.9816,2.6,0,1.5
1,18.30293,0,0,0,299.9816,2.6,0,1.5
1,18.30973,0,0,0,299.9816,2.6,0,1.5
1,18.31651,0,0,0,299.9816,2.6,0,1.5
1,18.32335,0,0,0,299.9816,2.6,0,1.5
1,18.32845,0,0,0,299.9816,2.6,0,1.5
1,18.33408,0,0,0,299.9816,2.6,0,1.5
1,18.33888,0,0,0,299.9816,2.6,0,1.5
1,18.34369,0,0,0,299.9816,2.6,0,1.5
1,18.34887,0,0,0,299.9816,2.6,0,1.5
1,18.35505,0,0,0,299.9816,2.6,0,1.5
1,18.37827,0,0,0,299.9816,2.6,0,1.5
1,18.38732,0,0,0,299.9816,2.6,0,1.5
1,18.39347,0,0,0,299.9816,2.6,0,1.5
1,18.40074,0,0,0,299.9816,2.6,0,1.5
1,18.40743,0,0,0,299.9816,2.6,0,1.5
1,18.41455,0,0,0,299.9816,2.6,0,1.5
1,18.42146,0,0,0,299.9816,2.6,0,1.5
1,18.42836,0,0,0,299.9816,2.6,0,1.5
1,18.43646,0,0,0,299.9816,2.6,0,1.5
1,18.44342,0,0,0,299.9816,2.6,0,1.5
1,18.45043,0,0,0,299.9816,2.6,0,1.5
1,18.45725,0,0,0,299.9816,2.6,0,1.5
1,18.46447,0,0,0,299.9816,2.6,0,1.5
1,18.47193,0,0,0,299.9816,2.6,0,1.5
1,18.48026,0,0,0,299.9816,2.6,0,1.5
1,18.49267,0,0,0,299.9816,2.6,0,1.5
1,18.50054,0,0,0,299.9816,2.6,0,1.5
1,18.50765,0,0,0,299.9816,2.6,0,1.5
1,18.53278,0,0,0,299.9816,2.6,0,1.5
1,18.53999,0,0,0,299.9816,2.6,0,1.5
1,18.54702,0,0,0,299.9816,2.6,0,1.5
1,18.55434,0,0,0,299.9816,2.6,0,1.5
1,18.56081,0,0,0,299.9816,2.6,0,1.5
1,18.569,0,0,0,299.9816,2.6,0,1.5
1,18.57869,0,0,0,299.9816,2.6,0,1.5
1,18.58751,0,0,0,299.9816,2.6,0,1.5
1,18.59542,0,0,0,299.9816,2.6,0,1.5
1,18.60372,0,0,0,299.9816,2.6,0,1.5
1,18.61072,0,0,0,299.9816,2.6,0,1.5
1,18.61927,0,0,0,299.9816,2.6,0,1.5
1,18.62652,0,0,0,299.9816,2.6,0,1.5
1,18.63415,0,0,0,299.9816,2.6,0,1.5
1,18.64204,0,0,0,299.9816,2.6,0,1.5
1,18.64939,0,0,0,299.9816,2.6,0,1.5
1,18.65753,0,0,0,299.9816,2.6,0,1.5
1,18.66506,0,0,0,299.9816,2.6,0,1.5
1,18.69109,0,0,0,299.9816,2.6,0,1.5
1,18.70317,0,0,0,299.9816,2.6,0,1.5
1,18.71051,0,0,0,299.9816,2.6,0,1.5
1,18.71771,0,0,0,299.9816,2.6,0,1.5
1,18.72438,0,0,0,299.9816,2.6,0,1.5
1,18.73254,0,0,0,299.9816,2.6,0,1.5
1,18.74091,0,0,0,299.9816,2.6,0,1.5
1,18.74752,0,0,0,299.9816,2.6,0,1.5
1,18.75538,0,0,0,299.9816,2.6,0,1.5
1,18.76388,0,0,0,299.9816,2.6,0,1.5
1,18.77064,0,0,0,299.9816,2.6,0,1.5
1,18.77837,0,0,0,299.9816,2.6,0,1.5
1,18.78602,0,0,0,299.9816,2.6,0,1.5
1,18.79409,0,0,0,299.9816,2.6,0,1.5
1,18.80264,0,0,0,299.9816,2.6,0,1.5
1,18.81108,0,0,0,299.9816,2.6,0,1.5
1,18.81881,0,0,0,299.9816,2.6,0,1.5
1,18.84467,0,0,0,299.9816,2.6,0,1.5
1,18.85121,0,0,0,299.9816,2.6,0,1.5
1,18.85857,0,0,0,299.9816,2.6,0,1.5
1,18.86561,0,0,0,299.9816,2.6,0,1.5
1,18.87363,0,0,0,299.9816,2.6,0,1.5
1,18.87988,0,0,0,299.9816,2.6,0,1.5
1,18.88644,0,0,0,299.9816,2.6,0,1.5
1,18.89666,0,0,0,299.9816,2.6,0,1.5
1,18.90885,0,0,0,299.9816,2.6,0,1.5
1,18.91644,0,0,0,299.9816,2.6,0,1.5
1,18.92274,0,0,0,299.9816,2.6,0,1.5
1,18.92915,0,0,0,299.9816,2.6,0,1.5
1,18.93731,0,0,0,299.9816,2.6,0,1.5
1,18.94442,0,0,0,299.9816,2.6,0,1.5
1,18.95131,0,0,0,299.9816,2.6,0,1.5
1,18.95873,0,0,0,299.9816,2.6,0,1.5
1,18.96631,0,0,0,299.9816,2.6,0,1.5
1,18.97415,0,0,0,299.9816,2.6,0,1.5
1,19.0008,0,0,0,299.9816,2.6,0,1.5
1,19.00912,0,0,0,299.9816,2.6,0,1.5
1,19.01739,0,0,0,299.9816,2.6,0,1.5
1,19.02542,0,0,0,299.9816,2.6,0,1.5
1,19.03301,0,0,0,299.9816,2.6,0,1.5
1,19.04237,0,0,0,299.9816,2.6,0,1.5
1,19.04947,0,0,0,299.9816,2.6,0,1.5
1,19.05793,0,0,0,299.9816,2.6,0,1.5
1,19.06576,0,0,0,299.9816,2.6,0,1.5
1,19.07355,0,0,0,299.9816,2.6,0,1.5
1,19.08125,0,0,0,299.9816,2.6,0,1.5
1,19.08838,0,0,0,299.9816,2.6,0,1.5
1,19.09686,0,0,0,299.9816,2.6,0,1.5
1,19.10717,0,0,0,299.9816,2.6,0,1.5
1,19.11461,0,0,0,299.9816,2.6,0,1.5
1,19.12371,0,0,0,299.9816,2.6,0,1.5
1,19.13052,0,0,0,299.9816,2.6,0,1.5
1,19.15617,0,0,0,299.9816,2.6,0,1.5
1,19.1633,0,0,0,299.9816,2.6,0,1.5
1,19.16998,0,0,0,299.9816,2.6,0,1.5
1,19.17706,0,0,0,299.9816,2.6,0,1.5
1,19.18447,0,0,0,299.9816,2.6,0,1.5
1,19.19107,0,0,0,299.9816,2.6,0,1.5
1,19.19818,0,0,0,299.9816,2.6,0,1.5
1,19.20414,0,0,0,299.9816,2.6,0,1.5
1,19.21064,0,0,0,299.9816,2.6,0,1.5
1,19.21806,0,0,0,299.9816,2.6,0,1.5
1,19.22446,0,0,0,299.9816,2.6,0,1.5
1,19.23076,0,0,0,299.9816,2.6,0,1.5
1,19.23656,0,0,0,299.9816,2.6,0,1.5
1,19.24237,0,0,0,299.9816,2.6,0,1.5
1,19.24834,0,0,0,299.9816,2.6,0,1.5
1,19.25469,0,0,0,299.9816,2.6,0,1.5
1,19.26092,0,0,0,299.9816,2.6,0,1.5
1,19.26659,0,0,0,299.9816,2.6,0,1.5
1,19.27227,0,0,0,299.9816,2.6,0,1.5
1,19.2785,0,0,0,299.9816,2.6,0,1.5
1,19.28434,0,0,0,299.9816,2.6,0,1.5
1,19.30094,0,0,0,299.9816,2.6,0,1.5
1,19.30942,0,0,0,299.9816,2.6,0,1.5
1,19.31464,0,0,0,299.9816,2.6,0,1.5
1,19.31972,0,0,0,299.9816,2.6,0,1.5
1,19.32668,0,0,0,299.9816,2.6,0,1.5
1,19.33362,0,0,0,299.9816,2.6,0,1.5
1,19.3437,0,0,0,299.9816,2.6,0,1.5
1,19.35256,0,0,0,299.9816,2.6,0,1.5
1,19.37062,0,0,0,299.9816,2.6,0,1.5
1,19.37707,0,0,0,299.9816,2.6,0,1.5
1,19.3816,0,0,0,299.9816,2.6,0,1.5
1,19.38705,0,0,0,299.9816,2.6,0,1.5
1,19.39257,0,0,0,299.9816,2.6,0,1.5
1,19.39857,0,0,0,299.9816,2.6,0,1.5
1,19.40381,0,0,0,299.9816,2.6,0,1.5
1,19.40981,0,0,0,299.9816,2.6,0,1.5
1,19.41533,0,0,0,299.9816,2.6,0,1.5
1,19.41993,0,0,0,299.9816,2.6,0,1.5
1,19.42549,0,0,0,299.9816,2.6,0,1.5
1,19.43241,0,0,0,299.9816,2.6,0,1.5
1,19.43868,0,0,0,299.9816,2.6,0,1.5
1,19.46089,0,0,0,299.9816,2.6,0,1.5
1,19.46726,0,0,0,299.9816,2.6,0,1.5
1,19.47288,0,0,0,299.9816,2.6,0,1.5
1,19.48,0,0,0,299.9816,2.6,0,1.5
1,19.48589,0,0,0,299.9816,2.6,0,1.5
1,19.49205,0,0,0,299.9816,2.6,0,1.5
1,19.49893,0,0,0,299.9816,2.6,0,1.5
1,19.50462,0,0,0,299.9816,2.6,0,1.5
1,19.51328,0,0,0,299.9816,2.6,0,1.5
1,19.51838,0,0,0,299.9816,2.6,0,1.5
1,19.52378,0,0,0,299.9816,2.6,0,1.5
1,19.52931,0,0,0,299.9816,2.6,0,1.5
1,19.5349,0,0,0,299.9816,2.6,0,1.5
1,19.541,0,0,0,299.9816,2.6,0,1.5
1,19.54613,0,0,0,299.9816,2.6,0,1.5
1,19.55266,0,0,0,299.9816,2.6,0,1.5
1,19.55936,0,0,0,299.9816,2.6,0,1.5
1,19.5651,0,0,0,299.9816,2.6,0,1.5
1,19.56971,0,0,0,299.9816,2.6,0,1.5
1,19.57578,0,0,0,299.9816,2.6,0,1.5
1,19.58121,0,0,0,299.9816,2.6,0,1.5
1,19.58701,0,0,0,299.9816,2.6,0,1.5
1,19.59335,0,0,0,299.9816,2.6,0,1.5
1,19.61459,0,0,0,299.9816,2.6,0,1.5
1,19.62107,0,0,0,299.9816,2.6,0,1.5
1,19.62668,0,0,0,299.9816,2.6,0,1.5
1,19.63247,0,0,0,299.9816,2.6,0,1.5
1,19.63789,0,0,0,299.9816,2.6,0,1.5
1,19.64359,0,0,0,299.9816,2.6,0,1.5
1,19.65044,0,0,0,299.9816,2.6,0,1.5
1,19.65739,0,0,0,299.9816,2.6,0,1.5
1,19.66409,0,0,0,299.9816,2.6,0,1.5
1,19.67079,0,0,0,299.9816,2.6,0,1.5
1,19.67766,0,0,0,299.9816,2.6,0,1.5
1,19.68447,0,0,0,299.9816,2.6,0,1.5
1,19.69121,0,0,0,299.9816,2.6,0,1.5
1,19.69774,0,0,0,299.9816,2.6,0,1.5
1,19.70432,0,0,0,299.9816,2.6,0,1.5
1,19.70964,0,0,0,299.9816,2.6,0,1.5
1,19.71735,0,0,0,299.9816,2.6,0,1.5
1,19.72327,0,0,0,299.9816,2.6,0,1.5
1,19.7297,0,0,0,299.9816,2.6,0,1.5
1,19.73637,0,0,0,299.9816,2.6,0,1.5
1,19.74337,0,0,0,299.9816,2.6,0,1.5
1,19.76776,0,0,0,299.9816,2.6,0,1.5
1,19.77522,0,0,0,299.9816,2.6,0,1.5
1,19.78272,0,0,0,299.9816,2.6,0,1.5
1,19.78952,0,0,0,299.9816,2.6,0,1.5
1,19.79618,0,0,0,299.9816,2.6,0,1.5
1,19.80189,0,0,0,299.9816,2.6,0,1.5
1,19.80889,0,0,0,299.9816,2.6,0,1.5
1,19.81558,0,0,0,299.9816,2.6,0,1.5
1,19.82161,0,0,0,299.9816,2.6,0,1.5
1,19.82862,0,0,0,299.9816,2.6,0,1.5
6,19.84061,0,0,0,299.9816,2.6,0,1.5
6,19.85381,0,0,0,299.9816,2.6,0,1.5
6,19.86139,0,0,0,60.01836,-2.6,0,1.5
6,19.86814,0,0,0,60.01836,-2.6,0,1.5
6,19.87628,0,0,0,60.01836,-2.6,0,1.5
6,19.88473,0,0,0,60.01836,-2.6,0,1.5
6,19.89329,0,0,0,60.01836,-2.6,0,1.5
6,19.90162,0,0,0,60.01836,-2.6,0,1.5
6,19.92985,0,0,0,60.01836,-2.6,0,1.5
6,19.94405,0,0,0,60.01836,-2.6,0,1.5
6,19.95463,0,0,0,60.01836,-2.6,0,1.5
6,19.96363,0,0,0,60.01836,-2.6,0,1.5
6,19.97639,0,0,0,60.01836,-2.6,0,1.5
6,19.98666,0,0,0,60.01836,-2.6,0,1.5
6,19.99471,0,0,0,60.01836,-2.6,0,1.5
6,20.0033,0,0,0,60.01836,-2.6,0,1.5
6,20.0123,0,0,0,60.01836,-2.6,0,1.5
6,20.01937,0,0,0,60.01836,-2.6,0,1.5
6,20.02679,0,0,0,60.01836,-2.6,0,1.5
6,20.03517,0,0,0,60.01836,-2.6,0,1.5
6,20.04266,0,0,0,60.01836,-2.6,0,1.5
6,20.04904,0,0,0,60.01836,-2.6,0,1.5
6,20.05744,0,0,0,60.01836,-2.6,0,1.5
6,20.08262,0,0,0,60.01836,-2.6,0,1.5
6,20.09044,0,0,0,60.01836,-2.6,0,1.5
6,20.09857,0,0,0,60.01836,-2.6,0,1.5
6,20.10646,0,0,0,60.01836,-2.6,0,1.5
6,20.11409,0,0,0,60.01836,-2.6,0,1.5
6,20.1216,0,0,0,60.01836,-2.6,0,1.5
6,20.12886,0,0,0,60.01836,-2.6,0,1.5
6,20.13942,0,0,0,60.01836,-2.6,0,1.5
6,20.14586,0,0,0,60.01836,-2.6,0,1.5
6,20.15321,0,0,0,60.01836,-2.6,0,1.5
6,20.15991,0,0,0,60.01836,-2.6,0,1.5
6,20.16646,0,0,0,60.01836,-2.6,0,1.5
6,20.17345,0,0,0,60.01836,-2.6,0,1.5
6,20.18049,0,0,0,60.01836,-2.6,0,1.5
6,20.1865,0,0,0,60.01836,-2.6,0,1.5
6,20.19278,0,0,0,60.01836,-2.6,0,1.5
6,20.19906,0,0,0,60.01836,-2.6,0,1.5
6,20.20594,0,0,0,60.01836,-2.6,0,1.5
6,20.21562,0,0,0,60.01836,-2.6,0,1.5
6,20.23813,0,0,0,60.01836,-2.6,0,1.5
6,20.24527,0,0,0,60.01836,-2.6,0,1.5
6,20.25274,0,0,0,60.01836,-2.6,0,1.5
6,20.26053,0,0,0,60.01836,-2.6,0,1.5
6,20.26715,0,0,0,60.01836,-2.6,0,1.5
6,20.27535,0,0,0,60.01836,-2.6,0,1.5
6,20.28274,0,0,0,60.01836,-2.6,0,1.5
6,20.28966,0,0,0,60.01836,-2.6,0,1.5
6,20.29726,0,0,0,60.01836,-2.6,0,1.5
6,20.30481,0,0,0,60.01836,-2.6,0,1.5
6,20.31254,0,0,0,60.01836,-2.6,0,1.5
6,20.32008,0,0,0,60.01836,-2.6,0,1.5
6,20.32702,0,0,0,60.01836,-2.6,0,1.5
6,20.33468,0,0,0,60.01836,-2.6,0,1.5
6,20.34548,0,0,0,60.01836,-2.6,0,1.5
6,20.35353,0,0,0,60.01836,-2.6,0,1.5
6,20.35962,0,0,0,60.01836,-2.6,0,1.5
6,20.3663,0,0,0,60.01836,-2.6,0,1.5
6,20.39272,0,0,0,60.01836,-2.6,0,1.5
6,20.40036,0,0,0,60.01836,-2.6,0,1.5
6,20.40667,0,0,0,60.01836,-2.6,0,1.5
6,20.41358,0,0,0,60.01836,-2.6,0,1.5
6,20.42007,0,0,0,60.01836,-2.6,0,1.5
6,20.42614,0,0,0,60.01836,-2.6,0,1.5
6,20.43303,0,0,0,60.01836,-2.6,0,1.5
6,20.43823,0,0,0,60.01836,-2.6,0,1.5
6,20.44436,0,0,0,60.01836,-2.6,0,1.5
6,20.45107,0,0,0,60.01836,-2.6,0,1.5
6,20.45853,0,0,0,60.01836,-2.6,0,1.5
6,20.46613,0,0,0,60.01836,-2.6,0,1.5
6,20.47348,0,0,0,60.01836,-2.6,0,1.5
6,20.48007,0,0,0,60.01836,-2.6,0,1.5
6,20.48628,0,0,0,60.01836,-2.6,0,1.5
6,20.49496,0,0,0,60.01836,-2.6,0,1.5
6,20.50236,0,0,0,60.01836,-2.6,0,1.5
6,20.50855,0,0,0,60.01836,-2.6,0,1.5
6,20.51637,0,0,0,60.01836,-2.6,0,1.5
6,20.52279,0,0,0,60.01836,-2.6,0,1.5
6,20.54355,0,0,0,60.01836,-2.6,0,1.5
6,20.55316,0,0,0,60.01836,-2.6,0,1.5
6,20.56142,0,0,0,60.01836,-2.6,0,1.5
6,20.56902,0,0,0,60.01836,-2.6,0,1.5
6,20.57659,0,0,0,60.01836,-2.6,0,1.5
6,20.58253,0,0,0,60.01836,-2.6,0,1.5
6,20.58834,0,0,0,60.01836,-2.6,0,1.5
6,20.5949,0,0,0,60.01836,-2.6,0,1.5
6,20.60197,0,0,0,60.01836,-2.6,0,1.5
6,20.60811,0,0,0,60.01836,-2.6,0,1.5
6,20.61418,0,0,0,60.01836,-2.6,0,1.5
6,20.6205,0,0,0,60.01836,-2.6,0,1.5
6,20.62682,0,0,0,60.01836,-2.6,0,1.5
6,20.63379,0,0,0,60.01836,-2.6,0,1.5
6,20.6401,0,0,0,60.01836,-2.6,0,1.5
6,20.6472,0,0,0,60.01836,-2.6,0,1.5
6,20.65384,0,0,0,60.01836,-2.6,0,1.5
6,20.65929,0,0,0,60.01836,-2.6,0,1.5
6,20.66476,0,0,0,60.01836,-2.6,0,1.5
6,20.67477,0,0,0,60.01836,-2.6,0,1.5
6,20.70031,0,0,0,60.01836,-2.6,0,1.5
6,20.70805,0,0,0,60.01836,-2.6,0,1.5
6,20.71551,0,0,0,60.01836,-2.6,0,1.5
6,20.72195,0,0,0,60.01836,-2.6,0,1.5
6,20.72841,0,0,0,60.01836,-2.6,0,1.5
6,20.73408,0,0,0,60.01836,-2.6,0,1.5
6,20.73907,0,0,0,60.01836,-2.6,0,1.5
6,20.74527,0,0,0,60.01836,-2.6,0,1.5
6,20.75352,0,0,0,60.01836,-2.6,0,1.5
6,20.75954,0,0,0,60.01836,-2.6,0,1.5
6,20.76499,0,0,0,60.01836,-2.6,0,1.5
6,20.77033,0,0,0,60.01836,-2.6,0,1.5
6,20.77729,0,0,0,60.01836,-2.6,0,1.5
6,20.78431,0,0,0,60.01836,-2.6,0,1.5
6,20.791,0,0,0,60.01836,-2.6,0,1.5
6,20.79717,0,0,0,60.01836,-2.6,0,1.5
6,20.80276,0,0,0,60.01836,-2.6,0,1.5
6,20.80917,0,0,0,60.01836,-2.6,0,1.5
6,20.81559,0,0,0,60.01836,-2.6,0,1.5
6,20.82197,0,0,0,60.01836,-2.6,0,1.5
6,20.82848,0,0,0,60.01836,-2.6,0,1.5
6,20.8475,0,0,0,60.01836,-2.6,0,1.5
6,20.8543,0,0,0,60.01836,-2.6,0,1.5
6,20.86028,0,0,0,60.01836,-2.6,0,1.5
6,20.86658,0,0,0,60.01836,-2.6,0,1.5
6,20.87326,0,0,0,60.01836,-2.6,0,1.5
6,20.87929,0,0,0,60.01836,-2.6,0,1.5
6,20.88541,0,0,0,60.01836,-2.6,0,1.5
6,20.89059,0,0,0,60.01836,-2.6,0,1.5
6,20.89649,0,0,0,60.01836,-2.6,0,1.5
6,20.90241,0,0,0,60.01836,-2.6,0,1.5
6,20.90696,0,0,0,60.01836,-2.6,0,1.5
6,20.91253,0,0,0,60.01836,-2.6,0,1.5
6,20.91939,0,0,0,60.01836,-2.6,0,1.5
6,20.9256,0,0,0,60.01836,-2.6,0,1.5
6,20.93271,0,0,0,60.01836,-2.6,0,1.5
6,20.93833,0,0,0,60.01836,-2.6,0,1.5
6,20.94396,0,0,0,60.01836,-2.6,0,1.5
6,20.95054,0,0,0,60.01836,-2.6,0,1.5
6,20.96111,0,0,0,60.01836,-2.6,0,1.5
6,20.96815,0,0,0,60.01836,-2.6,0,1.5
6,20.97484,0,0,0,60.01836,-2.6,0,1.5
6,20.98391,0,0,0,60.01836,-2.6,0,1.5
6,21.00625,0,0,0,60.01836,-2.6,0,1.5
6,21.01489,0,0,0,60.01836,-2.6,0,1.5
6,21.02118,0,0,0,60.01836,-2.6,0,1.5
6,21.02833,0,0,0,60.01836,-2.6,0,1.5
6,21.03515,0,0,0,60.01836,-2.6,0,1.5
6,21.04263,0,0,0,60.01836,-2.6,0,1.5
6,21.04872,0,0,0,60.01836,-2.6,0,1.5
6,21.05645,0,0,0,60.01836,-2.6,0,1.5
6,21.06291,0,0,0,60.01836,-2.6,0,1.5
6,21.07327,0,0,0,60.01836,-2.6,0,1.5
6,21.08096,0,0,0,60.01836,-2.6,0,1.5
6,21.09033,0,0,0,60.01836,-2.6,0,1.5
6,21.09826,0,0,0,60.01836,-2.6,0,1.5
6,21.10553,0,0,0,60.01836,-2.6,0,1.5
6,21.11334,0,0,0,60.01836,-2.6,0,1.5
6,21.12144,0,0,0,60.01836,-2.6,0,1.5
6,21.12846,0,0,0,60.01836,-2.6,0,1.5
6,21.13643,0,0,0,60.01836,-2.6,0,1.5
6,21.16152,0,0,0,60.01836,-2.6,0,1.5
6,21.17056,0,0,0,60.01836,-2.6,0,1.5
6,21.17743,0,0,0,60.01836,-2.6,0,1.5
6,21.18703,0,0,0,60.01836,-2.6,0,1.5
6,21.19512,0,0,0,60.01836,-2.6,0,1.5
6,21.20228,0,0,0,60.01836,-2.6,0,1.5
6,21.20852,0,0,0,60.01836,-2.6,0,1.5
6,21.21684,0,0,0,60.01836,-2.6,0,1.5
6,21.2246,0,0,0,60.01836,-2.6,0,1.5
6,21.231,0,0,0,60.01836,-2.6,0,1.5
6,21.23955,0,0,0,60.01836,-2.6,0,1.5
6,21.24676,0,0,0,60.01836,-2.6,0,1.5
6,21.25529,0,0,0,60.01836,-2.6,0,1.5
6,21.26342,0,0,0,60.01836,-2.6,0,1.5
6,21.27243,0,0,0,60.01836,-2.6,0,1.5
6,21.27936,0,0,0,60.01836,-2.6,0,1.5
6,21.28847,0,0,0,60.01836,-2.6,0,1.5
6,21.31167,0,0,0,60.01836,-2.6,0,1.5
6,21.31869,0,0,0,60.01836,-2.6,0,1.5
6,21.32566,0,0,0,60.01836,-2.6,0,1.5
6,21.33255,0,0,0,60.01836,-2.6,0,1.5
6,21.34132,0,0,0,60.01836,-2.6,0,1.5
6,21.34857,0,0,0,60.01836,-2.6,0,1.5
6,21.35675,0,0,0,60.01836,-2.6,0,1.5
6,21.36334,0,0,0,60.01836,-2.6,0,1.5
6,21.37596,0,0,0,60.01836,-2.6,0,1.5
6,21.38724,0,0,0,60.01836,-2.6,0,1.5
6,21.40077,0,0,0,60.01836,-2.6,0,1.5
6,21.40832,0,0,0,60.01836,-2.6,0,1.5
6,21.41972,0,0,0,60.01836,-2.6,0,1.5
6,21.42856,0,0,0,60.01836,-2.6,0,1.5
6,21.43775,0,0,0,60.01836,-2.6,0,1.5
6,21.45049,0,0,0,60.01836,-2.6,0,1.5
6,21.49132,0,0,0,60.01836,-2.6,0,1.5
6,21.50467,0,0,0,60.01836,-2.6,0,1.5
6,21.52136,0,0,0,60.01836,-2.6,0,1.5
6,21.53817,0,0,0,60.01836,-2.6,0,1.5
6,21.55006,0,0,0,60.01836,-2.6,0,1.5
6,21.5626,0,0,0,60.01836,-2.6,0,1.5
6,21.57932,0,0,0,60.01836,-2.6,0,1.5
6,21.59108,0,0,0,60.01836,-2.6,0,1.5
6,21.59863,0,0,0,60.01836,-2.6,0,1.5
6,21.60649,0,0,0,60.01836,-2.6,0,1.5
6,21.62948,0,0,0,60.01836,-2.6,0,1.5
6,21.63827,0,0,0,60.01836,-2.6,0,1.5
6,21.64672,0,0,0,60.01836,-2.6,0,1.5
6,21.65405,0,0,0,60.01836,-2.6,0,1.5
6,21.66123,0,0,0,60.01836,-2.6,0,1.5
6,21.6724,0,0,0,60.01836,-2.6,0,1.5
6,21.68331,0,0,0,60.01836,-2.6,0,1.5
6,21.69276,0,0,0,60.01836,-2.6,0,1.5
6,21.70416,0,0,0,60.01836,-2.6,0,1.5
6,21.71418,0,0,0,60.01836,-2.6,0,1.5
6,21.72305,0,0,0,60.01836,-2.6,0,1.5
6,21.7376,0,0,0,60.01836,-2.6,0,1.5
6,21.74836,0,0,0,60.01836,-2.6,0,1.5
6,21.75644,0,0,0,60.01836,-2.6,0,1.5
6,21.76663,0,0,0,60.01836,-2.6,0,1.5
6,21.8012,0,0,0,60.01836,-2.6,0,1.5
6,21.81282,0,0,0,60.01836,-2.6,0,1.5
6,21.82004,0,0,0,60.01836,-2.6,0,1.5
6,21.83006,0,0,0,60.01836,-2.6,0,1.5
6,21.84377,0,0,0,60.01836,-2.6,0,1.5
6,21.85351,0,0,0,60.01836,-2.6,0,1.5
6,21.86131,0,0,0,60.01836,-2.6,0,1.5
6,21.86777,0,0,0,60.01836,-2.6,0,1.5
6,21.87545,0,0,0,60.01836,-2.6,0,1.5
6,21.88665,0,0,0,60.01836,-2.6,0,1.5
6,21.8934,0,0,0,60.01836,-2.6,0,1.5
6,21.89973,0,0,0,60.01836,-2.6,0,1.5
6,21.90546,0,0,0,60.01836,-2.6,0,1.5
6,21.91192,0,0,0,60.01836,-2.6,0,1.5
6,21.91818,0,0,0,60.01836,-2.6,0,1.5
6,21.93901,0,0,0,60.01836,-2.6,0,1.5
6,21.94543,0,0,0,60.01836,-2.6,0,1.5
6,21.95326,0,0,0,60.01836,-2.6,0,1.5
6,21.96107,0,0,0,60.01836,-2.6,0,1.5
6,21.96812,0,0,0,60.01836,-2.6,0,1.5
6,21.97784,0,0,0,60.01836,-2.6,0,1.5
6,21.9852,0,0,0,60.01836,-2.6,0,1.5
6,21.99246,0,0,0,60.01836,-2.6,0,1.5
6,22.00003,0,0,0,60.01836,-2.6,0,1.5
6,22.00807,0,0,0,60.01836,-2.6,0,1.5
6,22.01615,0,0,0,60.01836,-2.6,0,1.5
6,22.02229,0,0,0,60.01836,-2.6,0,1.5
6,22.029,0,0,0,60.01836,-2.6,0,1.5
6,22.0365,0,0,0,60.01836,-2.6,0,1.5
6,22.0429,0,0,0,60.01836,-2.6,0,1.5
6,22.04943,0,0,0,60.01836,-2.6,0,1.5
6,22.05571,0,0,0,60.01836,-2.6,0,1.5
6,22.06193,0,0,0,60.01836,-2.6,0,1.5
6,22.06835,0,0,0,60.01836,-2.6,0,1.5
6,22.10005,0,0,0,60.01836,-2.6,0,1.5
6,22.11141,0,0,0,60.01836,-2.6,0,1.5
6,22.14114,0,0,0,60.01836,-2.6,0,1.5
6,22.15105,0,0,0,60.01836,-2.6,0,1.5
6,22.15919,0,0,0,60.01836,-2.6,0,1.5
6,22.165,0,0,0,60.01836,-2.6,0,1.5
6,22.1727,0,0,0,60.01836,-2.6,0,1.5
6,22.17927,0,0,0,60.01836,-2.6,0,1.5
6,22.18543,0,0,0,60.01836,-2.6,0,1.5
6,22.19253,0,0,0,60.01836,-2.6,0,1.5
6,22.19854,0,0,0,60.01836,-2.6,0,1.5
6,22.20584,0,0,0,60.01836,-2.6,0,1.5
6,22.21536,0,0,0,60.01836,-2.6,0,1.5
6,22.22188,0,0,0,60.01836,-2.6,0,1.5
6,22.24213,0,0,0,60.01836,-2.6,0,1.5
6,22.24787,0,0,0,60.01836,-2.6,0,1.5
6,22.25401,0,0,0,60.01836,-2.6,0,1.5
6,22.26444,0,0,0,60.01836,-2.6,0,1.5
6,22.27055,0,0,0,60.01836,-2.6,0,1.5
6,22.27661,0,0,0,60.01836,-2.6,0,1.5
6,22.2826,0,0,0,60.01836,-2.6,0,1.5
6,22.28945,0,0,0,60.01836,-2.6,0,1.5
6,22.29581,0,0,0,60.01836,-2.6,0,1.5
6,22.30472,0,0,0,60.01836,-2.6,0,1.5
6,22.31106,0,0,0,60.01836,-2.6,0,1.5
6,22.3213,0,0,0,60.01836,-2.6,0,1.5
6,22.32847,0,0,0,60.01836,-2.6,0,1.5
6,22.33582,0,0,0,60.01836,-2.6,0,1.5
6,22.34365,0,0,0,60.01836,-2.6,0,1.5
6,22.35288,0,0,0,60.01836,-2.6,0,1.5
6,22.36004,0,0,0,60.01836,-2.6,0,1.5
6,22.36625,0,0,0,60.01836,-2.6,0,1.5
6,22.37457,0,0,0,60.01836,-2.6,0,1.5
6,22.40397,0,0,0,60.01836,-2.6,0,1.5
6,22.41048,0,0,0,60.01836,-2.6,0,1.5
6,22.42118,0,0,0,60.01836,-2.6,0,1.5
6,22.43357,0,0,0,60.01836,-2.6,0,1.5
6,22.44066,0,0,0,60.01836,-2.6,0,1.5
6,22.44756,0,0,0,60.01836,-2.6,0,1.5
6,22.45608,0,0,0,60.01836,-2.6,0,1.5
6,22.46283,0,0,0,60.01836,-2.6,0,1.5
6,22.46987,0,0,0,60.01836,-2.6,0,1.5
6,22.47856,0,0,0,60.01836,-2.6,0,1.5
6,22.48776,0,0,0,60.01836,-2.6,0,1.5
6,22.49601,0,0,0,60.01836,-2.6,0,1.5
6,22.50566,0,0,0,60.01836,-2.6,0,1.5
6,22.51423,0,0,0,60.01836,-2.6,0,1.5
6,22.52637,0,0,0,60.01836,-2.6,0,1.5
6,22.55558,0,0,0,60.01836,-2.6,0,1.5
6,22.56788,0,0,0,60.01836,-2.6,0,1.5
6,22.58403,0,0,0,60.01836,-2.6,0,1.5
6,22.59563,0,0,0,60.01836,-2.6,0,1.5
6,22.61281,0,0,0,60.01836,-2.6,0,1.5
6,22.62874,0,0,0,60.01836,-2.6,0,1.5
6,22.63728,0,0,0,60.01836,-2.6,0,1.5
6,22.64374,0,0,0,60.01836,-2.6,0,1.5
6,22.65104,0,0,0,60.01836,-2.6,0,1.5
6,22.65877,0,0,0,60.01836,-2.6,0,1.5
6,22.66723,0,0,0,60.01836,-2.6,0,1.5
6,22.67584,0,0,0,60.01836,-2.6,0,1.5
6,22.68384,0,0,0,60.01836,-2.6,0,1.5
6,22.70936,0,0,0,60.01836,-2.6,0,1.5
6,22.71658,0,0,0,60.01836,-2.6,0,1.5
6,22.72363,0,0,0,60.01836,-2.6,0,1.5
6,22.73349,0,0,0,60.01836,-2.6,0,1.5
6,22.74258,0,0,0,60.01836,-2.6,0,1.5
6,22.7491,0,0,0,60.01836,-2.6,0,1.5
6,22.75734,0,0,0,60.01836,-2.6,0,1.5
6,22.7654,0,0,0,60.01836,-2.6,0,1.5
6,22.77382,0,0,0,60.01836,-2.6,0,1.5
6,22.78111,0,0,0,60.01836,-2.6,0,1.5
6,22.7894,0,0,0,60.01836,-2.6,0,1.5
6,22.79739,0,0,0,60.01836,-2.6,0,1.5
6,22.80528,0,0,0,60.01836,-2.6,0,1.5
6,22.81232,0,0,0,60.01836,-2.6,0,1.5
6,22.81897,0,0,0,60.01836,-2.6,0,1.5
6,22.83039,0,0,0,60.01836,-2.6,0,1.5
6,22.83827,0,0,0,60.01836,-2.6,0,1.5
6,22.86319,0,0,0,60.01836,-2.6,0,1.5
6,22.87058,0,0,0,60.01836,-2.6,0,1.5
6,22.87822,0,0,0,60.01836,-2.6,0,1.5
6,22.88513,0,0,0,60.01836,-2.6,0,1.5
6,22.89295,0,0,0,60.01836,-2.6,0,1.5
6,22.89988,0,0,0,60.01836,-2.6,0,1.5
6,22.90723,0,0,0,60.01836,-2.6,0,1.5
6,22.91497,0,0,0,60.01836,-2.6,0,1.5
6,22.92163,0,0,0,60.01836,-2.6,0,1.5
6,22.92792,0,0,0,60.01836,-2.6,0,1.5
6,22.93488,0,0,0,60.01836,-2.6,0,1.5
6,22.94174,0,0,0,60.01836,-2.6,0,1.5
6,22.94964,0,0,0,60.01836,-2.6,0,1.5
6,22.95767,0,0,0,60.01836,-2.6,0,1.5
6,22.96548,0,0,0,60.01836,-2.6,0,1.5
6,22.97304,0,0,0,60.01836,-2.6,0,1.5
6,22.98262,0,0,0,60.01836,-2.6,0,1.5
6,22.99011,0,0,0,60.01836,-2.6,0,1.5
6,23.0165,0,0,0,60.01836,-2.6,0,1.5
6,23.02496,0,0,0,60.01836,-2.6,0,1.5
6,23.03427,0,0,0,60.01836,-2.6,0,1.5
6,23.0409,0,0,0,60.01836,-2.6,0,1.5
6,23.04764,0,0,0,60.01836,-2.6,0,1.5
6,23.05461,0,0,0,60.01836,-2.6,0,1.5
6,23.06034,0,0,0,60.01836,-2.6,0,1.5
6,23.06696,0,0,0,60.01836,-2.6,0,1.5
6,23.07378,0,0,0,60.01836,-2.6,0,1.5
6,23.07998,0,0,0,60.01836,-2.6,0,1.5
6,23.08669,0,0,0,60.01836,-2.6,0,1.5
6,23.09287,0,0,0,60.01836,-2.6,0,1.5
6,23.0991,0,0,0,60.01836,-2.6,0,1.5
6,23.10485,0,0,0,60.01836,-2.6,0,1.5
6,23.11276,0,0,0,60.01836,-2.6,0,1.5
6,23.11942,0,0,0,60.01836,-2.6,0,1.5
6,23.12791,0,0,0,60.01836,-2.6,0,1.5
6,23.14016,0,0,0,60.01836,-2.6,0,1.5
6,23.1571,0,0,0,60.01836,-2.6,0,1.5
6,23.17971,0,0,0,60.01836,-2.6,0,1.5
6,23.18916,0,0,0,60.01836,-2.6,0,1.5
6,23.19742,0,0,0,60.01836,-2.6,0,1.5
6,23.20392,0,0,0,60.01836,-2.6,0,1.5
6,23.21022,0,0,0,60.01836,-2.6,0,1.5
6,23.21747,0,0,0,60.01836,-2.6,0,1.5
6,23.22421,0,0,0,60.01836,-2.6,0,1.5
6,23.2359,0,0,0,60.01836,-2.6,0,1.5
6,23.2438,0,0,0,60.01836,-2.6,0,1.5
6,23.25027,0,0,0,60.01836,-2.6,0,1.5
6,23.25636,0,0,0,60.01836,-2.6,0,1.5
6,23.26455,0,0,0,60.01836,-2.6,0,1.5
6,23.27105,0,0,0,60.01836,-2.6,0,1.5
6,23.28091,0,0,0,60.01836,-2.6,0,1.5
6,23.28848,0,0,0,60.01836,-2.6,0,1.5
6,23.30194,0,0,0,60.01836,-2.6,0,1.5
6,23.30866,0,0,0,60.01836,-2.6,0,1.5
6,23.33029,0,0,0,60.01836,-2.6,0,1.5
6,23.33732,0,0,0,60.01836,-2.6,0,1.5
6,23.34307,0,0,0,60.01836,-2.6,0,1.5
6,23.3484,0,0,0,60.01836,-2.6,0,1.5
6,23.35446,0,0,0,60.01836,-2.6,0,1.5
6,23.36067,0,0,0,60.01836,-2.6,0,1.5
6,23.36666,0,0,0,60.01836,-2.6,0,1.5
6,23.37341,0,0,0,60.01836,-2.6,0,1.5
6,23.37952,0,0,0,60.01836,-2.6,0,1.5
6,23.38555,0,0,0,60.01836,-2.6,0,1.5
6,23.39123,0,0,0,60.01836,-2.6,0,1.5
6,23.39719,0,0,0,60.01836,-2.6,0,1.5
6,23.4027,0,0,0,60.01836,-2.6,0,1.5
6,23.40763,0,0,0,60.01836,-2.6,0,1.5
6,23.41289,0,0,0,60.01836,-2.6,0,1.5
6,23.41854,0,0,0,60.01836,-2.6,0,1.5
6,23.42306,0,0,0,60.01836,-2.6,0,1.5
6,23.42821,0,0,0,60.01836,-2.6,0,1.5
6,23.43367,0,0,0,60.01836,-2.6,0,1.5
6,23.43855,0,0,0,60.01836,-2.6,0,1.5
6,23.44491,0,0,0,60.01836,-2.6,0,1.5
6,23.45114,0,0,0,60.01836,-2.6,0,1.5
6,23.45711,0,0,0,60.01836,-2.6,0,1.5
6,23.46348,0,0,0,60.01836,-2.6,0,1.5
6,23.48222,0,0,0,60.01836,-2.6,0,1.5
6,23.48797,0,0,0,60.01836,-2.6,0,1.5
6,23.49436,0,0,0,60.01836,-2.6,0,1.5
6,23.4993,0,0,0,60.01836,-2.6,0,1.5
6,23.50427,0,0,0,60.01836,-2.6,0,1.5
6,23.511,0,0,0,60.01836,-2.6,0,1.5
6,23.51847,0,0,0,60.01836,-2.6,0,1.5
6,23.52507,0,0,0,60.01836,-2.6,0,1.5
6,23.53283,0,0,0,60.01836,-2.6,0,1.5
6,23.53881,0,0,0,60.01836,-2.6,0,1.5
6,23.5456,0,0,0,60.01836,-2.6,0,1.5
6,23.55275,0,0,0,60.01836,-2.6,0,1.5
6,23.56023,0,0,0,60.01836,-2.6,0,1.5
6,23.56743,0,0,0,60.01836,-2.6,0,1.5
6,23.57526,0,0,0,60.01836,-2.6,0,1.5
6,23.58298,0,0,0,60.01836,-2.6,0,1.5
6,23.59072,0,0,0,60.01836,-2.6,0,1.5
6,23.59812,0,0,0,60.01836,-2.6,0,1.5
6,23.6041,0,0,0,60.01836,-2.6,0,1.5
6,23.6103,0,0,0,60.01836,-2.6,0,1.5
6,23.61811,0,0,0,60.01836,-2.6,0,1.5
6,23.64362,0,0,0,60.01836,-2.6,0,1.5
6,23.65613,0,0,0,60.01836,-2.6,0,1.5
6,23.6668,0,0,0,60.01836,-2.6,0,1.5
6,23.67458,0,0,0,60.01836,-2.6,0,1.5
6,23.68139,0,0,0,60.01836,-2.6,0,1.5
6,23.68859,0,0,0,60.01836,-2.6,0,1.5
6,23.69658,0,0,0,60.01836,-2.6,0,1.5
6,23.70486,0,0,0,60.01836,-2.6,0,1.5
6,23.71247,0,0,0,60.01836,-2.6,0,1.5
6,23.71934,0,0,0,60.01836,-2.6,0,1.5
6,23.72619,0,0,0,60.01836,-2.6,0,1.5
6,23.73453,0,0,0,60.01836,-2.6,0,1.5
6,23.74271,0,0,0,60.01836,-2.6,0,1.5
6,23.7495,0,0,0,60.01836,-2.6,0,1.5
6,23.75698,0,0,0,60.01836,-2.6,0,1.5
6,23.76468,0,0,0,60.01836,-2.6,0,1.5
6,23.77275,0,0,0,60.01836,-2.6,0,1.5
6,23.79894,0,0,0,60.01836,-2.6,0,1.5
6,23.80705,0,0,0,60.01836,-2.6,0,1.5
6,23.81395,0,0,0,60.01836,-2.6,0,1.5
6,23.82076,0,0,0,60.01836,-2.6,0,1.5
6,23.82792,0,0,0,60.01836,-2.6,0,1.5
6,23.83492,0,0,0,60.01836,-2.6,0,1.5
6,23.84162,0,0,0,60.01836,-2.6,0,1.5
6,23.84817,0,0,0,60.01836,-2.6,0,1.5
6,23.85912,0,0,0,60.01836,-2.6,0,1.5
6,23.86639,0,0,0,60.01836,-2.6,0,1.5
6,23.87338,0,0,0,60.01836,-2.6,0,1.5
6,23.88014,0,0,0,60.01836,-2.6,0,1.5
6,23.88751,0,0,0,60.01836,-2.6,0,1.5
6,23.89415,0,0,0,60.01836,-2.6,0,1.5
6,23.90026,0,0,0,60.01836,-2.6,0,1.5
6,23.90691,0,0,0,60.01836,-2.6,0,1.5
6,23.91265,0,0,0,60.01836,-2.6,0,1.5
6,23.91945,0,0,0,60.01836,-2.6,0,1.5
6,23.9254,0,0,0,60.01836,-2.6,0,1.5
6,23.94788,0,0,0,60.01836,-2.6,0,1.5
6,23.95553,0,0,0,60.01836,-2.6,0,1.5
6,23.9629,0,0,0,60.01836,-2.6,0,1.5
6,23.96957,0,0,0,60.01836,-2.6,0,1.5
6,23.97682,0,0,0,60.01836,-2.6,0,1.5
6,23.98364,0,0,0,60.01836,-2.6,0,1.5
6,23.98986,0,0,0,60.01836,-2.6,0,1.5
6,23.99641,0,0,0,60.01836,-2.6,0,1.5
6,24.00258,0,0,0,60.01836,-2.6,0,1.5
6,24.01063,0,0,0,60.01836,-2.6,0,1.5
6,24.01809,0,0,0,60.01836,-2.6,0,1.5
6,24.02529,0,0,0,60.01836,-2.6,0,1.5
6,24.03201,0,0,0,60.01836,-2.6,0,1.5
6,24.03841,0,0,0,60.01836,-2.6,0,1.5
6,24.04512,0,0,0,60.01836,-2.6,0,1.5
6,24.05135,0,0,0,60.01836,-2.6,0,1.5
6,24.06085,0,0,0,60.01836,-2.6,0,1.5
6,24.0681,0,0,0,60.01836,-2.6,0,1.5
6,24.07702,0,0,0,60.01836,-2.6,0,1.5
6,24.10138,0,0,0,60.01836,-2.6,0,1.5
6,24.10893,0,0,0,60.01836,-2.6,0,1.5
6,24.116,0,0,0,60.01836,-2.6,0,1.5
6,24.1226,0,0,0,60.01836,-2.6,0,1.5
6,24.12943,0,0,0,60.01836,-2.6,0,1.5
6,24.13791,0,0,0,60.01836,-2.6,0,1.5
6,24.14499,0,0,0,60.01836,-2.6,0,1.5
6,24.15211,0,0,0,60.01836,-2.6,0,1.5
6,24.15849,0,0,0,60.01836,-2.6,0,1.5
6,24.16522,0,0,0,60.01836,-2.6,0,1.5
6,24.17345,0,0,0,60.01836,-2.6,0,1.5
6,24.18318,0,0,0,60.01836,-2.6,0,1.5
6,24.19006,0,0,0,60.01836,-2.6,0,1.5
6,24.19745,0,0,0,60.01836,-2.6,0,1.5
6,24.20555,0,0,0,60.01836,-2.6,0,1.5
6,24.21303,0,0,0,60.01836,-2.6,0,1.5
6,24.21992,0,0,0,60.01836,-2.6,0,1.5
6,24.2262,0,0,0,60.01836,-2.6,0,1.5
6,24.2338,0,0,0,60.01836,-2.6,0,1.5
6,24.2584,0,0,0,60.01836,-2.6,0,1.5
6,24.26766,0,0,0,60.01836,-2.6,0,1.5
6,24.27692,0,0,0,60.01836,-2.6,0,1.5
6,24.28353,0,0,0,60.01836,-2.6,0,1.5
6,24.28998,0,0,0,60.01836,-2.6,0,1.5
6,24.2961,0,0,0,60.01836,-2.6,0,1.5
6,24.30161,0,0,0,60.01836,-2.6,0,1.5
6,24.30712,0,0,0,60.01836,-2.6,0,1.5
6,24.31271,0,0,0,60.01836,-2.6,0,1.5
6,24.31756,0,0,0,60.01836,-2.6,0,1.5
6,24.32362,0,0,0,60.01836,-2.6,0,1.5
6,24.32932,0,0,0,60.01836,-2.6,0,1.5
6,24.33603,0,0,0,60.01836,-2.6,0,1.5
6,24.34144,0,0,0,60.01836,-2.6,0,1.5
6,24.34641,0,0,0,60.01836,-2.6,0,1.5
6,24.35241,0,0,0,60.01836,-2.6,0,1.5
6,24.35826,0,0,0,60.01836,-2.6,0,1.5
6,24.36317,0,0,0,60.01836,-2.6,0,1.5
6,24.36903,0,0,0,60.01836,-2.6,0,1.5
6,24.37581,0,0,0,60.01836,-2.6,0,1.5
6,24.38157,0,0,0,60.01836,-2.6,0,1.5
6,24.38805,0,0,0,60.01836,-2.6,0,1.5
6,24.40544,0,0,0,60.01836,-2.6,0,1.5
6,24.41015,0,0,0,60.01836,-2.6,0,1.5
6,24.41618,0,0,0,60.01836,-2.6,0,1.5
6,24.42228,0,0,0,60.01836,-2.6,0,1.5
6,24.42809,0,0,0,60.01836,-2.6,0,1.5
6,24.43434,0,0,0,60.01836,-2.6,0,1.5
6,24.43937,0,0,0,60.01836,-2.6,0,1.5
6,24.44564,0,0,0,60.01836,-2.6,0,1.5
6,24.45306,0,0,0,60.01836,-2.6,0,1.5
6,24.45894,0,0,0,60.01836,-2.6,0,1.5
6,24.46623,0,0,0,60.01836,-2.6,0,1.5
6,24.47103,0,0,0,60.01836,-2.6,0,1.5
6,24.47677,0,0,0,60.01836,-2.6,0,1.5
6,24.48289,0,0,0,60.01836,-2.6,0,1.5
6,24.48908,0,0,0,60.01836,-2.6,0,1.5
6,24.49611,0,0,0,60.01836,-2.6,0,1.5
6,24.50256,0,0,0,60.01836,-2.6,0,1.5
6,24.50816,0,0,0,60.01836,-2.6,0,1.5
6,24.51466,0,0,0,60.01836,-2.6,0,1.5
6,24.52033,0,0,0,60.01836,-2.6,0,1.5
6,24.52581,0,0,0,60.01836,-2.6,0,1.5
6,24.53126,0,0,0,60.01836,-2.6,0,1.5
6,24.53796,0,0,0,60.01836,-2.6,0,1.5
6,24.54477,0,0,0,60.01836,-2.6,0,1.5
6,24.5654,0,0,0,60.01836,-2.6,0,1.5
6,24.57316,0,0,0,60.01836,-2.6,0,1.5
6,24.57906,0,0,0,60.01836,-2.6,0,1.5
6,24.58473,0,0,0,60.01836,-2.6,0,1.5
6,24.59217,0,0,0,60.01836,-2.6,0,1.5
6,24.59872,0,0,0,60.01836,-2.6,0,1.5
6,24.60597,0,0,0,60.01836,-2.6,0,1.5
6,24.61337,0,0,0,60.01836,-2.6,0,1.5
6,24.62057,0,0,0,60.01836,-2.6,0,1.5
6,24.62673,0,0,0,60.01836,-2.6,0,1.5
6,24.63332,0,0,0,60.01836,-2.6,0,1.5
6,24.63941,0,0,0,60.01836,-2.6,0,1.5
6,24.6448,0,0,0,60.01836,-2.6,0,1.5
6,24.65011,0,0,0,60.01836,-2.6,0,1.5
6,24.65817,0,0,0,60.01836,-2.6,0,1.5
6,24.66355,0,0,0,60.01836,-2.6,0,1.5
6,24.67264,0,0,0,60.01836,-2.6,0,1.5
6,24.6785,0,0,0,60.01836,-2.6,0,1.5
6,24.68462,0,0,0,60.01836,-2.6,0,1.5
6,24.69035,0,0,0,60.01836,-2.6,0,1.5
6,24.69698,0,0,0,60.01836,-2.6,0,1.5
6,24.72109,0,0,0,60.01836,-2.6,0,1.5
6,24.73212,0,0,0,60.01836,-2.6,0,1.5
6,24.73858,0,0,0,60.01836,-2.6,0,1.5
6,24.74488,0,0,0,60.01836,-2.6,0,1.5
6,24.7521,0,0,0,60.01836,-2.6,0,1.5
6,24.75938,0,0,0,60.01836,-2.6,0,1.5
6,24.76509,0,0,0,60.01836,-2.6,0,1.5
6,24.77206,0,0,0,60.01836,-2.6,0,1.5
6,24.78548,0,0,0,60.01836,-2.6,0,1.5
6,24.79772,0,0,0,60.01836,-2.6,0,1.5
6,24.81919,0,0,0,60.01836,-2.6,0,1.5
6,24.82729,0,0,0,60.01836,-2.6,0,1.5
6,24.83559,0,0,0,60.01836,-2.6,0,1.5
6,24.84341,0,0,0,60.01836,-2.6,0,1.5
6,24.85066,0,0,0,60.01836,-2.6,0,1.5
6,24.87506,0,0,0,60.01836,-2.6,0,1.5
6,24.88574,0,0,0,60.01836,-2.6,0,1.5
6,24.89267,0,0,0,60.01836,-2.6,0,1.5
6,24.89884,0,0,0,60.01836,-2.6,0,1.5
6,24.90574,0,0,0,60.01836,-2.6,0,1.5
6,24.91394,0,0,0,60.01836,-2.6,0,1.5
6,24.9209,0,0,0,60.01836,-2.6,0,1.5
6,24.92762,0,0,0,60.01836,-2.6,0,1.5
6,24.93563,0,0,0,60.01836,-2.6,0,1.5
6,24.94316,0,0,0,60.01836,-2.6,0,1.5
6,24.95071,0,0,0,60.01836,-2.6,0,1.5
6,24.95907,0,0,0,60.01836,-2.6,0,1.5
6,24.96599,0,0,0,60.01836,-2.6,0,1.5
6,24.9734,0,0,0,60.01836,-2.6,0,1.5
6,24.98144,0,0,0,60.01836,-2.6,0,1.5
6,24.9885,0,0,0,60.01836,-2.6,0,1.5
6,24.99617,0,0,0,60.01836,-2.6,0,1.5
6,25.00336,0,0,0,60.01836,-2.6,0,1.5
6,25.02838,0,0,0,60.01836,-2.6,0,1.5
6,25.03615,0,0,0,60.01836,-2.6,0,1.5
6,25.04309,0,0,0,60.01836,-2.6,0,1.5
6,25.05105,0,0,0,60.01836,-2.6,0,1.5
6,25.05955,0,0,0,60.01836,-2.6,0,1.5
6,25.06783,0,0,0,60.01836,-2.6,0,1.5
6,25.07564,0,0,0,60.01836,-2.6,0,1.5
6,25.08612,0,0,0,60.01836,-2.6,0,1.5
6,25.09433,0,0,0,60.01836,-2.6,0,1.5
6,25.10086,0,0,0,60.01836,-2.6,0,1.5
6,25.10849,0,0,0,60.01836,-2.6,0,1.5
6,25.11749,0,0,0,60.01836,-2.6,0,1.5
6,25.12446,0,0,0,60.01836,-2.6,0,1.5
6,25.13137,0,0,0,60.01836,-2.6,0,1.5
6,25.13996,0,0,0,60.01836,-2.6,0,1.5
6,25.14685,0,0,0,60.01836,-2.6,0,1.5
6,25.1545,0,0,0,60.01836,-2.6,0,1.5
6,25.17985,0,0,0,60.01836,-2.6,0,1.5
6,25.18691,0,0,0,60.01836,-2.6,0,1.5
6,25.19497,0,0,0,60.01836,-2.6,0,1.5
6,25.20318,0,0,0,60.01836,-2.6,0,1.5
6,25.21004,0,0,0,60.01836,-2.6,0,1.5
6,25.21951,0,0,0,60.01836,-2.6,0,1.5
6,25.22781,0,0,0,60.01836,-2.6,0,1.5
6,25.23594,0,0,0,60.01836,-2.6,0,1.5
6,25.24256,0,0,0,60.01836,-2.6,0,1.5
6,25.24985,0,0,0,60.01836,-2.6,0,1.5
6,25.25792,0,0,0,60.01836,-2.6,0,1.5
6,25.26538,0,0,0,60.01836,-2.6,0,1.5
6,25.27239,0,0,0,60.01836,-2.6,0,1.5
6,25.2797,0,0,0,60.01836,-2.6,0,1.5
6,25.28886,0,0,0,60.01836,-2.6,0,1.5
6,25.29734,0,0,0,60.01836,-2.6,0,1.5
6,25.30613,0,0,0,60.01836,-2.6,0,1.5
6,25.33427,0,0,0,60.01836,-2.6,0,1.5
6,25.34532,0,0,0,60.01836,-2.6,0,1.5
6,25.35317,0,0,0,60.01836,-2.6,0,1.5
6,25.36108,0,0,0,60.01836,-2.6,0,1.5
6,25.36891,0,0,0,60.01836,-2.6,0,1.5
6,25.37675,0,0,0,60.01836,-2.6,0,1.5
6,25.38475,0,0,0,60.01836,-2.6,0,1.5
6,25.39279,0,0,0,60.01836,-2.6,0,1.5
6,25.39977,0,0,0,60.01836,-2.6,0,1.5
6,25.40742,0,0,0,60.01836,-2.6,0,1.5
6,25.41472,0,0,0,60.01836,-2.6,0,1.5
6,25.4219,0,0,0,60.01836,-2.6,0,1.5
6,25.42876,0,0,0,60.01836,-2.6,0,1.5
6,25.43597,0,0,0,60.01836,-2.6,0,1.5
6,25.44247,0,0,0,60.01836,-2.6,0,1.5
6,25.4493,0,0,0,60.01836,-2.6,0,1.5
6,25.45671,0,0,0,60.01836,-2.6,0,1.5
6,25.47833,0,0,0,60.01836,-2.6,0,1.5
6,25.48505,0,0,0,60.01836,-2.6,0,1.5
6,25.49455,0,0,0,60.01836,-2.6,0,1.5
6,25.50118,0,0,0,60.01836,-2.6,0,1.5
6,25.51243,0,0,0,60.01836,-2.6,0,1.5
6,25.52137,0,0,0,60.01836,-2.6,0,1.5
6,25.52758,0,0,0,60.01836,-2.6,0,1.5
6,25.53364,0,0,0,60.01836,-2.6,0,1.5
6,25.54068,0,0,0,60.01836,-2.6,0,1.5
6,25.54676,0,0,0,60.01836,-2.6,0,1.5
6,25.55284,0,0,0,60.01836,-2.6,0,1.5
6,25.55921,0,0,0,60.01836,-2.6,0,1.5
6,25.56537,0,0,0,60.01836,-2.6,0,1.5
6,25.57098,0,0,0,60.01836,-2.6,0,1.5
6,25.57814,0,0,0,60.01836,-2.6,0,1.5
6,25.58435,0,0,0,60.01836,-2.6,0,1.5
6,25.58981,0,0,0,60.01836,-2.6,0,1.5
6,25.59541,0,0,0,60.01836,-2.6,0,1.5
6,25.60116,0,0,0,60.01836,-2.6,0,1.5
6,25.60708,0,0,0,60.01836,-2.6,0,1.5
6,25.62963,0,0,0,60.01836,-2.6,0,1.5
6,25.63605,0,0,0,60.01836,-2.6,0,1.5
6,25.64231,0,0,0,60.01836,-2.6,0,1.5
6,25.64968,0,0,0,60.01836,-2.6,0,1.5
6,25.65693,0,0,0,60.01836,-2.6,0,1.5
6,25.66333,0,0,0,60.01836,-2.6,0,1.5
6,25.67053,0,0,0,60.01836,-2.6,0,1.5
6,25.67637,0,0,0,60.01836,-2.6,0,1.5
6,25.68128,0,0,0,60.01836,-2.6,0,1.5
6,25.68811,0,0,0,60.01836,-2.6,0,1.5
6,25.69693,0,0,0,60.01836,-2.6,0,1.5
6,25.70498,0,0,0,60.01836,-2.6,0,1.5
6,25.71081,0,0,0,60.01836,-2.6,0,1.5
6,25.71785,0,0,0,60.01836,-2.6,0,1.5
6,25.72246,0,0,0,60.01836,-2.6,0,1.5
6,25.72893,0,0,0,60.01836,-2.6,0,1.5
6,25.73536,0,0,0,60.01836,-2.6,0,1.5
6,25.74106,0,0,0,60.01836,-2.6,0,1.5
6,25.74816,0,0,0,60.01836,-2.6,0,1.5
6,25.75569,0,0,0,60.01836,-2.6,0,1.5
6,25.76337,0,0,0,60.01836,-2.6,0,1.5
6,25.78584,0,0,0,60.01836,-2.6,0,1.5
6,25.79304,0,0,0,60.01836,-2.6,0,1.5
6,25.80089,0,0,0,60.01836,-2.6,0,1.5
6,25.8074,0,0,0,60.01836,-2.6,0,1.5
6,25.81513,0,0,0,60.01836,-2.6,0,1.5
6,25.82364,0,0,0,60.01836,-2.6,0,1.5
6,25.82982,0,0,0,60.01836,-2.6,0,1.5
6,25.83613,0,0,0,60.01836,-2.6,0,1.5
6,25.84354,0,0,0,60.01836,-2.6,0,1.5
6,25.84925,0,0,0,60.01836,-2.6,0,1.5
6,25.85511,0,0,0,60.01836,-2.6,0,1.5
6,25.86236,0,0,0,60.01836,-2.6,0,1.5
6,25.87463,0,0,0,60.01836,-2.6,0,1.5
6,25.88044,0,0,0,60.01836,-2.6,0,1.5
6,25.88678,0,0,0,60.01836,-2.6,0,1.5
6,25.89287,0,0,0,60.01836,-2.6,0,1.5
6,25.90138,0,0,0,60.01836,-2.6,0,1.5
6,25.90648,0,0,0,60.01836,-2.6,0,1.5
6,25.91124,0,0,0,60.01836,-2.6,0,1.5
6,25.91744,0,0,0,60.01836,-2.6,0,1.5
6,25.93626,0,0,0,60.01836,-2.6,0,1.5
6,25.94171,0,0,0,60.01836,-2.6,0,1.5
6,25.94778,0,0,0,60.01836,-2.6,0,1.5
6,25.95432,0,0,0,60.01836,-2.6,0,1.5
6,25.96036,0,0,0,60.01836,-2.6,0,1.5
6,25.96729,0,0,0,60.01836,-2.6,0,1.5
6,25.974,0,0,0,60.01836,-2.6,0,1.5
6,25.98046,0,0,0,60.01836,-2.6,0,1.5
6,25.98709,0,0,0,60.01836,-2.6,0,1.5
6,25.99385,0,0,0,60.01836,-2.6,0,1.5
6,26.00067,0,0,0,60.01836,-2.6,0,1.5
6,26.00634,0,0,0,60.01836,-2.6,0,1.5
6,26.01542,0,0,0,60.01836,-2.6,0,1.5
6,26.02158,0,0,0,60.01836,-2.6,0,1.5
6,26.02964,0,0,0,60.01836,-2.6,0,1.5
6,26.0381,0,0,0,60.01836,-2.6,0,1.5
6,26.04939,0,0,0,60.01836,-2.6,0,1.5
6,26.0612,0,0,0,60.01836,-2.6,0,1.5
6,26.06896,0,0,0,60.01836,-2.6,0,1.5
6,26.09476,0,0,0,60.01836,-2.6,0,1.5
6,26.10622,0,0,0,60.01836,-2.6,0,1.5
6,26.11376,0,0,0,60.01836,-2.6,0,1.5
6,26.12265,0,0,0,60.01836,-2.6,0,1.5
6,26.12944,0,0,0,60.01836,-2.6,0,1.5
6,26.13652,0,0,0,60.01836,-2.6,0,1.5
6,26.14296,0,0,0,60.01836,-2.6,0,1.5
6,26.15207,0,0,0,60.01836,-2.6,0,1.5
6,26.16011,0,0,0,60.01836,-2.6,0,1.5
6,26.16707,0,0,0,60.01836,-2.6,0,1.5
6,26.17468,0,0,0,60.01836,-2.6,0,1.5
6,26.18468,0,0,0,60.01836,-2.6,0,1.5
6,26.19261,0,0,0,60.01836,-2.6,0,1.5
6,26.20184,0,0,0,60.01836,-2.6,0,1.5
6,26.20901,0,0,0,60.01836,-2.6,0,1.5
6,26.21886,0,0,0,60.01836,-2.6,0,1.5
6,26.2264,0,0,0,60.01836,-2.6,0,1.5
6,26.2529,0,0,0,60.01836,-2.6,0,1.5
6,26.26015,0,0,0,60.01836,-2.6,0,1.5
6,26.26692,0,0,0,60.01836,-2.6,0,1.5
6,26.27481,0,0,0,60.01836,-2.6,0,1.5
6,26.28284,0,0,0,60.01836,-2.6,0,1.5
6,26.2914,0,0,0,60.01836,-2.6,0,1.5
6,26.29989,0,0,0,60.01836,-2.6,0,1.5
6,26.31112,0,0,0,60.01836,-2.6,0,1.5
6,26.32001,0,0,0,60.01836,-2.6,0,1.5
6,26.32723,0,0,0,60.01836,-2.6,0,1.5
6,26.33479,0,0,0,60.01836,-2.6,0,1.5
6,26.3425,0,0,0,60.01836,-2.6,0,1.5
6,26.34966,0,0,0,60.01836,-2.6,0,1.5
6,26.35722,0,0,0,60.01836,-2.6,0,1.5
6,26.36306,0,0,0,60.01836,-2.6,0,1.5
6,26.36997,0,0,0,60.01836,-2.6,0,1.5
6,26.3776,0,0,0,60.01836,-2.6,0,1.5
6,26.39926,0,0,0,60.01836,-2.6,0,1.5
6,26.40569,0,0,0,60.01836,-2.6,0,1.5
6,26.41291,0,0,0,60.01836,-2.6,0,1.5
6,26.41999,0,0,0,60.01836,-2.6,0,1.5
6,26.42654,0,0,0,60.01836,-2.6,0,1.5
6,26.4348,0,0,0,60.01836,-2.6,0,1.5
6,26.44211,0,0,0,60.01836,-2.6,0,1.5
6,26.44905,0,0,0,60.01836,-2.6,0,1.5
6,26.45596,0,0,0,60.01836,-2.6,0,1.5
6,26.46384,0,0,0,60.01836,-2.6,0,1.5
6,26.47041,0,0,0,60.01836,-2.6,0,1.5
6,26.47744,0,0,0,60.01836,-2.6,0,1.5
6,26.48508,0,0,0,60.01836,-2.6,0,1.5
6,26.4929,0,0,0,60.01836,-2.6,0,1.5
6,26.49948,0,0,0,60.01836,-2.6,0,1.5
6,26.50822,0,0,0,60.01836,-2.6,0,1.5
6,26.51576,0,0,0,60.01836,-2.6,0,1.5
6,26.52285,0,0,0,60.01836,-2.6,0,1.5
6,26.53138,0,0,0,60.01836,-2.6,0,1.5
6,26.55732,0,0,0,60.01836,-2.6,0,1.5
6,26.56468,0,0,0,60.01836,-2.6,0,1.5
6,26.57296,0,0,0,60.01836,-2.6,0,1.5
6,26.58012,0,0,0,60.01836,-2.6,0,1.5
6,26.58727,0,0,0,60.01836,-2.6,0,1.5
6,26.59496,0,0,0,60.01836,-2.6,0,1.5
6,26.60256,0,0,0,60.01836,-2.6,0,1.5
6,26.60969,0,0,0,60.01836,-2.6,0,1.5
6,26.61693,0,0,0,60.01836,-2.6,0,1.5
6,26.62492,0,0,0,60.01836,-2.6,0,1.5
6,26.63226,0,0,0,60.01836,-2.6,0,1.5
6,26.63961,0,0,0,60.01836,-2.6,0,1.5
6,26.64655,0,0,0,60.01836,-2.6,0,1.5
6,26.659,0,0,0,60.01836,-2.6,0,1.5
6,26.66745,0,0,0,60.01836,-2.6,0,1.5
6,26.67522,0,0,0,60.01836,-2.6,0,1.5
6,26.68316,0,0,0,60.01836,-2.6,0,1.5
6,26.70761,0,0,0,60.01836,-2.6,0,1.5
6,26.71927,0,0,0,60.01836,-2.6,0,1.5
6,26.72756,0,0,0,60.01836,-2.6,0,1.5
6,26.73518,0,0,0,60.01836,-2.6,0,1.5
6,26.7424,0,0,0,60.01836,-2.6,0,1.5
6,26.75042,0,0,0,60.01836,-2.6,0,1.5
6,26.76196,0,0,0,60.01836,-2.6,0,1.5
6,26.7691,0,0,0,60.01836,-2.6,0,1.5
6,26.77725,0,0,0,60.01836,-2.6,0,1.5
6,26.78463,0,0,0,60.01836,-2.6,0,1.5
6,26.79126,0,0,0,60.01836,-2.6,0,1.5
6,26.80054,0,0,0,60.01836,-2.6,0,1.5
6,26.80852,0,0,0,60.01836,-2.6,0,1.5
6,26.81594,0,0,0,60.01836,-2.6,0,1.5
6,26.82447,0,0,0,60.01836,-2.6,0,1.5
6,26.83224,0,0,0,60.01836,-2.6,0,1.5
6,26.84002,0,0,0,60.01836,-2.6,0,1.5
6,26.86676,0,0,0,60.01836,-2.6,0,1.5
6,26.87513,0,0,0,60.01836,-2.6,0,1.5
6,26.88126,0,0,0,60.01836,-2.6,0,1.5
6,26.88918,0,0,0,60.01836,-2.6,0,1.5
6,26.89601,0,0,0,60.01836,-2.6,0,1.5
6,26.90314,0,0,0,60.01836,-2.6,0,1.5
6,26.9097,0,0,0,60.01836,-2.6,0,1.5
6,26.92073,0,0,0,60.01836,-2.6,0,1.5
6,26.92714,0,0,0,60.01836,-2.6,0,1.5
6,26.93307,0,0,0,60.01836,-2.6,0,1.5
6,26.94257,0,0,0,60.01836,-2.6,0,1.5
6,26.94916,0,0,0,60.01836,-2.6,0,1.5
6,26.95622,0,0,0,60.01836,-2.6,0,1.5
6,26.96206,0,0,0,60.01836,-2.6,0,1.5
6,26.9675,0,0,0,60.01836,-2.6,0,1.5
6,26.97492,0,0,0,60.01836,-2.6,0,1.5
6,26.98159,0,0,0,60.01836,-2.6,0,1.5
6,26.98755,0,0,0,60.01836,-2.6,0,1.5
6,26.99524,0,0,0,60.01836,-2.6,0,1.5
6,27.01542,0,0,0,60.01836,-2.6,0,1.5
6,27.02156,0,0,0,60.01836,-2.6,0,1.5
6,27.02745,0,0,0,60.01836,-2.6,0,1.5
6,27.03411,0,0,0,60.01836,-2.6,0,1.5
6,27.04051,0,0,0,60.01836,-2.6,0,1.5
6,27.04707,0,0,0,60.01836,-2.6,0,1.5
6,27.05367,0,0,0,60.01836,-2.6,0,1.5
6,27.05928,0,0,0,60.01836,-2.6,0,1.5
6,27.06537,0,0,0,60.01836,-2.6,0,1.5
6,27.07304,0,0,0,60.01836,-2.6,0,1.5
6,27.08044,0,0,0,60.01836,-2.6,0,1.5
6,27.08651,0,0,0,60.01836,-2.6,0,1.5
6,27.09365,0,0,0,60.01836,-2.6,0,1.5
6,27.10069,0,0,0,60.01836,-2.6,0,1.5
6,27.10785,0,0,0,60.01836,-2.6,0,1.5
6,27.11499,0,0,0,60.01836,-2.6,0,1.5
6,27.12529,0,0,0,60.01836,-2.6,0,1.5
6,27.13212,0,0,0,60.01836,-2.6,0,1.5
6,27.13844,0,0,0,60.01836,-2.6,0,1.5
6,27.14429,0,0,0,60.01836,-2.6,0,1.5
6,27.15195,0,0,0,60.01836,-2.6,0,1.5
6,27.17634,0,0,0,60.01836,-2.6,0,1.5
6,27.18322,0,0,0,60.01836,-2.6,0,1.5
6,27.18921,0,0,0,60.01836,-2.6,0,1.5
6,27.1965,0,0,0,60.01836,-2.6,0,1.5
6,27.20359,0,0,0,60.01836,-2.6,0,1.5
6,27.21042,0,0,0,60.01836,-2.6,0,1.5
6,27.21756,0,0,0,60.01836,-2.6,0,1.5
6,27.22524,0,0,0,60.01836,-2.6,0,1.5
6,27.2335,0,0,0,60.01836,-2.6,0,1.5
6,27.24107,0,0,0,60.01836,-2.6,0,1.5
6,27.24855,0,0,0,60.01836,-2.6,0,1.5
6,27.25681,0,0,0,60.01836,-2.6,0,1.5
6,27.26992,0,0,0,60.01836,-2.6,0,1.5
6,27.27856,0,0,0,60.01836,-2.6,0,1.5
6,27.28796,0,0,0,60.01836,-2.6,0,1.5
6,27.29903,0,0,0,60.01836,-2.6,0,1.5
6,27.30688,0,0,0,60.01836,-2.6,0,1.5
6,27.33214,0,0,0,60.01836,-2.6,0,1.5
6,27.34186,0,0,0,60.01836,-2.6,0,1.5
6,27.34822,0,0,0,60.01836,-2.6,0,1.5
6,27.36262,0,0,0,60.01836,-2.6,0,1.5
6,27.37324,0,0,0,60.01836,-2.6,0,1.5
6,27.38184,0,0,0,60.01836,-2.6,0,1.5
6,27.39208,0,0,0,60.01836,-2.6,0,1.5
6,27.39928,0,0,0,60.01836,-2.6,0,1.5
6,27.40681,0,0,0,60.01836,-2.6,0,1.5
6,27.42345,0,0,0,60.01836,-2.6,0,1.5
6,27.43726,0,0,0,60.01836,-2.6,0,1.5
6,27.44993,0,0,0,60.01836,-2.6,0,1.5
6,27.46323,0,0,0,60.01836,-2.6,0,1.5
6,27.50609,0,0,0,60.01836,-2.6,0,1.5
6,27.52184,0,0,0,60.01836,-2.6,0,1.5
6,27.53342,0,0,0,60.01836,-2.6,0,1.5
6,27.56558,0,0,0,60.01836,-2.6,0,1.5
6,27.64623,0,0,0,60.01836,-2.6,0,1.5
6,27.67555,0,0,0,60.01836,-2.6,0,1.5
6,27.68699,0,0,0,60.01836,-2.6,0,1.5
6,27.696,0,0,0,60.01836,-2.6,0,1.5
6,27.70465,0,0,0,60.01836,-2.6,0,1.5
6,27.71981,0,0,0,60.01836,-2.6,0,1.5
6,27.74207,0,0,0,60.01836,-2.6,0,1.5
6,27.75124,0,0,0,60.01836,-2.6,0,1.5
6,27.76285,0,0,0,60.01836,-2.6,0,1.5
6,27.7711,0,0,0,60.01836,-2.6,0,1.5
6,27.77945,0,0,0,60.01836,-2.6,0,1.5
6,27.78804,0,0,0,60.01836,-2.6,0,1.5
6,27.7971,0,0,0,60.01836,-2.6,0,1.5
6,27.82756,0,0,0,60.01836,-2.6,0,1.5
6,27.83583,0,0,0,60.01836,-2.6,0,1.5
6,27.84512,0,0,0,60.01836,-2.6,0,1.5
6,27.85753,0,0,0,60.01836,-2.6,0,1.5
6,27.86749,0,0,0,60.01836,-2.6,0,1.5
6,27.88452,0,0,0,60.01836,-2.6,0,1.5
6,27.89621,0,0,0,60.01836,-2.6,0,1.5
6,27.91348,0,0,0,60.01836,-2.6,0,1.5
6,27.92244,0,0,0,60.01836,-2.6,0,1.5
6,27.93135,0,0,0,60.01836,-2.6,0,1.5
6,27.94404,0,0,0,60.01836,-2.6,0,1.5
6,27.95324,0,0,0,60.01836,-2.6,0,1.5
6,27.98814,0,0,0,60.01836,-2.6,0,1.5
6,27.99772,0,0,0,60.01836,-2.6,0,1.5
6,28.00557,0,0,0,60.01836,-2.6,0,1.5
6,28.01376,0,0,0,60.01836,-2.6,0,1.5
6,28.02071,0,0,0,60.01836,-2.6,0,1.5
6,28.02804,0,0,0,60.01836,-2.6,0,1.5
6,28.03587,0,0,0,60.01836,-2.6,0,1.5
6,28.0438,0,0,0,60.01836,-2.6,0,1.5
6,28.05528,0,0,0,60.01836,-2.6,0,1.5
6,28.06282,0,0,0,60.01836,-2.6,0,1.5
6,28.07401,0,0,0,60.01836,-2.6,0,1.5
6,28.08255,0,0,0,60.01836,-2.6,0,1.5
6,28.09121,0,0,0,60.01836,-2.6,0,1.5
6,28.09926,0,0,0,60.01836,-2.6,0,1.5
6,28.10827,0,0,0,60.01836,-2.6,0,1.5
6,28.13759,0,0,0,60.01836,-2.6,0,1.5
6,28.14526,0,0,0,60.01836,-2.6,0,1.5
6,28.1546,0,0,0,60.01836,-2.6,0,1.5
6,28.16573,0,0,0,60.01836,-2.6,0,1.5
6,28.17433,0,0,0,60.01836,-2.6,0,1.5
6,28.18324,0,0,0,60.01836,-2.6,0,1.5
6,28.19009,0,0,0,60.01836,-2.6,0,1.5
6,28.20458,0,0,0,60.01836,-2.6,0,1.5
6,28.2171,0,0,0,60.01836,-2.6,0,1.5
6,28.23223,0,0,0,60.01836,-2.6,0,1.5
6,28.2418,0,0,0,60.01836,-2.6,0,1.5
6,28.25035,0,0,0,60.01836,-2.6,0,1.5
6,28.25994,0,0,0,60.01836,-2.6,0,1.5
6,28.28721,0,0,0,60.01836,-2.6,0,1.5
6,28.30985,0,0,0,60.01836,-2.6,0,1.5
6,28.31875,0,0,0,60.01836,-2.6,0,1.5
6,28.32662,0,0,0,60.01836,-2.6,0,1.5
6,28.33403,0,0,0,60.01836,-2.6,0,1.5
6,28.34081,0,0,0,60.01836,-2.6,0,1.5
6,28.34756,0,0,0,60.01836,-2.6,0,1.5
6,28.35484,0,0,0,60.01836,-2.6,0,1.5
6,28.36416,0,0,0,60.01836,-2.6,0,1.5
6,28.3709,0,0,0,60.01836,-2.6,0,1.5
6,28.37816,0,0,0,60.01836,-2.6,0,1.5
6,28.38536,0,0,0,60.01836,-2.6,0,1.5
6,28.39227,0,0,0,60.01836,-2.6,0,1.5
6,28.39928,0,0,0,60.01836,-2.6,0,1.5
6,28.40633,0,0,0,60.01836,-2.6,0,1.5
6,28.41285,0,0,0,60.01836,-2.6,0,1.5
6,28.43478,0,0,0,60.01836,-2.6,0,1.5
6,28.44008,0,0,0,60.01836,-2.6,0,1.5
6,28.44743,0,0,0,60.01836,-2.6,0,1.5
6,28.45373,0,0,0,60.01836,-2.6,0,1.5
6,28.45937,0,0,0,60.01836,-2.6,0,1.5
6,28.46552,0,0,0,60.01836,-2.6,0,1.5
6,28.47199,0,0,0,60.01836,-2.6,0,1.5
6,28.47828,0,0,0,60.01836,-2.6,0,1.5
6,28.4844,0,0,0,60.01836,-2.6,0,1.5
6,28.4906,0,0,0,60.01836,-2.6,0,1.5
6,28.49712,0,0,0,60.01836,-2.6,0,1.5
6,28.50416,0,0,0,60.01836,-2.6,0,1.5
6,28.51089,0,0,0,60.01836,-2.6,0,1.5
6,28.51804,0,0,0,60.01836,-2.6,0,1.5
6,28.52367,0,0,0,60.01836,-2.6,0,1.5
6,28.53068,0,0,0,60.01836,-2.6,0,1.5
6,28.53606,0,0,0,60.01836,-2.6,0,1.5
6,28.54235,0,0,0,60.01836,-2.6,0,1.5
6,28.5487,0,0,0,60.01836,-2.6,0,1.5
6,28.55599,0,0,0,60.01836,-2.6,0,1.5
6,28.56401,0,0,0,60.01836,-2.6,0,1.5
6,28.58378,0,0,0,60.01836,-2.6,0,1.5
6,28.5901,0,0,0,60.01836,-2.6,0,1.5
6,28.59598,0,0,0,60.01836,-2.6,0,1.5
6,28.60194,0,0,0,60.01836,-2.6,0,1.5
6,28.60675,0,0,0,60.01836,-2.6,0,1.5
6,28.61267,0,0,0,60.01836,-2.6,0,1.5
6,28.61863,0,0,0,60.01836,-2.6,0,1.5
6,28.62407,0,0,0,60.01836,-2.6,0,1.5
6,28.62943,0,0,0,60.01836,-2.6,0,1.5
6,28.63574,0,0,0,60.01836,-2.6,0,1.5
6,28.64244,0,0,0,60.01836,-2.6,0,1.5
6,28.6483,0,0,0,60.01836,-2.6,0,1.5
6,28.65556,0,0,0,60.01836,-2.6,0,1.5
6,28.66165,0,0,0,60.01836,-2.6,0,1.5
6,28.66784,0,0,0,60.01836,-2.6,0,1.5
6,28.67412,0,0,0,60.01836,-2.6,0,1.5
6,28.68091,0,0,0,60.01836,-2.6,0,1.5
6,28.6876,0,0,0,60.01836,-2.6,0,1.5
6,28.69378,0,0,0,60.01836,-2.6,0,1.5
6,28.70063,0,0,0,60.01836,-2.6,0,1.5
6,28.7078,0,0,0,60.01836,-2.6,0,1.5
6,28.71563,0,0,0,60.01836,-2.6,0,1.5
6,28.73891,0,0,0,60.01836,-2.6,0,1.5
6,28.74791,0,0,0,60.01836,-2.6,0,1.5
6,28.755,0,0,0,60.01836,-2.6,0,1.5
6,28.76234,0,0,0,60.01836,-2.6,0,1.5
6,28.77098,0,0,0,60.01836,-2.6,0,1.5
6,28.77858,0,0,0,60.01836,-2.6,0,1.5
6,28.78515,0,0,0,60.01836,-2.6,0,1.5
6,28.79267,0,0,0,60.01836,-2.6,0,1.5
6,28.79961,0,0,0,60.01836,-2.6,0,1.5
6,28.8073,0,0,0,60.01836,-2.6,0,1.5
6,28.81652,0,0,0,60.01836,-2.6,0,1.5
6,28.82304,0,0,0,60.01836,-2.6,0,1.5
6,28.83015,0,0,0,60.01836,-2.6,0,1.5
6,28.83743,0,0,0,60.01836,-2.6,0,1.5
6,28.84639,0,0,0,60.01836,-2.6,0,1.5
6,28.8536,0,0,0,60.01836,-2.6,0,1.5
6,28.86048,0,0,0,60.01836,-2.6,0,1.5
6,28.86777,0,0,0,60.01836,-2.6,0,1.5
6,28.89277,0,0,0,60.01836,-2.6,0,1.5
6,28.89985,0,0,0,60.01836,-2.6,0,1.5
6,28.90739,0,0,0,60.01836,-2.6,0,1.5
6,28.9161,0,0,0,60.01836,-2.6,0,1.5
6,28.92319,0,0,0,60.01836,-2.6,0,1.5
6,28.93006,0,0,0,60.01836,-2.6,0,1.5
6,28.93893,0,0,0,60.01836,-2.6,0,1.5
6,28.94734,0,0,0,60.01836,-2.6,0,1.5
6,28.95578,0,0,0,60.01836,-2.6,0,1.5
6,28.96359,0,0,0,60.01836,-2.6,0,1.5
6,28.9759,0,0,0,60.01836,-2.6,0,1.5
6,28.9837,0,0,0,60.01836,-2.6,0,1.5
6,28.99126,0,0,0,60.01836,-2.6,0,1.5
6,28.99899,0,0,0,60.01836,-2.6,0,1.5
6,29.00608,0,0,0,60.01836,-2.6,0,1.5
6,29.01377,0,0,0,60.01836,-2.6,0,1.5
6,29.02097,0,0,0,60.01836,-2.6,0,1.5
6,29.04315,0,0,0,60.01836,-2.6,0,1.5
6,29.04981,0,0,0,60.01836,-2.6,0,1.5
6,29.05751,0,0,0,60.01836,-2.6,0,1.5
6,29.06384,0,0,0,60.01836,-2.6,0,1.5
6,29.07045,0,0,0,60.01836,-2.6,0,1.5
6,29.07771,0,0,0,60.01836,-2.6,0,1.5
6,29.08391,0,0,0,60.01836,-2.6,0,1.5
6,29.09188,0,0,0,60.01836,-2.6,0,1.5
6,29.09805,0,0,0,60.01836,-2.6,0,1.5
6,29.1055,0,0,0,60.01836,-2.6,0,1.5
6,29.11294,0,0,0,60.01836,-2.6,0,1.5
6,29.11953,0,0,0,60.01836,-2.6,0,1.5
6,29.12639,0,0,0,60.01836,-2.6,0,1.5
6,29.134,0,0,0,60.01836,-2.6,0,1.5
6,29.14051,0,0,0,60.01836,-2.6,0,1.5
6,29.14738,0,0,0,60.01836,-2.6,0,1.5
6,29.15464,0,0,0,60.01836,-2.6,0,1.5
6,29.1634,0,0,0,60.01836,-2.6,0,1.5
6,29.17349,0,0,0,60.01836,-2.6,0,1.5
6,29.19943,0,0,0,60.01836,-2.6,0,1.5
6,29.20601,0,0,0,60.01836,-2.6,0,1.5
6,29.2132,0,0,0,60.01836,-2.6,0,1.5
6,29.22026,0,0,0,60.01836,-2.6,0,1.5
6,29.22799,0,0,0,60.01836,-2.6,0,1.5
6,29.23546,0,0,0,60.01836,-2.6,0,1.5
6,29.24161,0,0,0,60.01836,-2.6,0,1.5
6,29.24877,0,0,0,60.01836,-2.6,0,1.5
6,29.25566,0,0,0,60.01836,-2.6,0,1.5
6,29.26328,0,0,0,60.01836,-2.6,0,1.5
6,29.27102,0,0,0,60.01836,-2.6,0,1.5
6,29.27909,0,0,0,60.01836,-2.6,0,1.5
6,29.28651,0,0,0,60.01836,-2.6,0,1.5
6,29.29427,0,0,0,60.01836,-2.6,0,1.5
6,29.30145,0,0,0,60.01836,-2.6,0,1.5
6,29.30875,0,0,0,60.01836,-2.6,0,1.5
6,29.31597,0,0,0,60.01836,-2.6,0,1.5
6,29.32356,0,0,0,60.01836,-2.6,0,1.5
6,29.34995,0,0,0,60.01836,-2.6,0,1.5
6,29.35743,0,0,0,60.01836,-2.6,0,1.5
6,29.36416,0,0,0,60.01836,-2.6,0,1.5
6,29.37439,0,0,0,60.01836,-2.6,0,1.5
6,29.3806,0,0,0,60.01836,-2.6,0,1.5
6,29.38801,0,0,0,60.01836,-2.6,0,1.5
6,29.39421,0,0,0,60.01836,-2.6,0,1.5
6,29.40032,0,0,0,60.01836,-2.6,0,1.5
6,29.40593,0,0,0,60.01836,-2.6,0,1.5
6,29.4121,0,0,0,60.01836,-2.6,0,1.5
6,29.41836,0,0,0,60.01836,-2.6,0,1.5
6,29.42378,0,0,0,60.01836,-2.6,0,1.5
6,29.4303,0,0,0,60.01836,-2.6,0,1.5
6,29.43692,0,0,0,60.01836,-2.6,0,1.5
6,29.44299,0,0,0,60.01836,-2.6,0,1.5
6,29.44994,0,0,0,60.01836,-2.6,0,1.5
6,29.45876,0,0,0,60.01836,-2.6,0,1.5
6,29.46519,0,0,0,60.01836,-2.6,0,1.5
6,29.47104,0,0,0,60.01836,-2.6,0,1.5
6,29.47738,0,0,0,60.01836,-2.6,0,1.5
6,29.50105,0,0,0,60.01836,-2.6,0,1.5
6,29.50772,0,0,0,60.01836,-2.6,0,1.5
6,29.51449,0,0,0,60.01836,-2.6,0,1.5
6,29.52076,0,0,0,60.01836,-2.6,0,1.5
6,29.52898,0,0,0,60.01836,-2.6,0,1.5
6,29.53688,0,0,0,60.01836,-2.6,0,1.5
6,29.55218,0,0,0,60.01836,-2.6,0,1.5
6,29.5634,0,0,0,60.01836,-2.6,0,1.5
6,29.57,0,0,0,60.01836,-2.6,0,1.5
6,29.57991,0,0,0,60.01836,-2.6,0,1.5
6,29.58784,0,0,0,60.01836,-2.6,0,1.5
6,29.5951,0,0,0,60.01836,-2.6,0,1.5
6,29.605,0,0,0,60.01836,-2.6,0,1.5
6,29.61128,0,0,0,60.01836,-2.6,0,1.5
6,29.62145,0,0,0,60.01836,-2.6,0,1.5
6,29.62831,0,0,0,60.01836,-2.6,0,1.5
6,29.64805,0,0,0,60.01836,-2.6,0,1.5
6,29.65536,0,0,0,60.01836,-2.6,0,1.5
6,29.66078,0,0,0,60.01836,-2.6,0,1.5
6,29.67072,0,0,0,60.01836,-2.6,0,1.5
6,29.67701,0,0,0,60.01836,-2.6,0,1.5
6,29.68387,0,0,0,60.01836,-2.6,0,1.5
6,29.69087,0,0,0,60.01836,-2.6,0,1.5
6,29.69936,0,0,0,60.01836,-2.6,0,1.5
6,29.70613,0,0,0,60.01836,-2.6,0,1.5
6,29.71309,0,0,0,60.01836,-2.6,0,1.5
6,29.71996,0,0,0,60.01836,-2.6,0,1.5
6,29.72627,0,0,0,60.01836,-2.6,0,1.5
6,29.73299,0,0,0,60.01836,-2.6,0,1.5
6,29.74078,0,0,0,60.01836,-2.6,0,1.5
6,29.74752,0,0,0,60.01836,-2.6,0,1.5
6,29.75323,0,0,0,60.01836,-2.6,0,1.5
6,29.76014,0,0,0,60.01836,-2.6,0,1.5
6,29.76588,0,0,0,60.01836,-2.6,0,1.5
6,29.7726,0,0,0,60.01836,-2.6,0,1.5
6,29.78075,0,0,0,60.01836,-2.6,0,1.5
6,29.8014,0,0,0,60.01836,-2.6,0,1.5
6,29.80825,0,0,0,60.01836,-2.6,0,1.5
6,29.81499,0,0,0,60.01836,-2.6,0,1.5
6,29.821,0,0,0,60.01836,-2.6,0,1.5
6,29.8285,0,0,0,60.01836,-2.6,0,1.5
6,29.83463,0,0,0,60.01836,-2.6,0,1.5
6,29.84113,0,0,0,60.01836,-2.6,0,1.5
6,29.84856,0,0,0,60.01836,-2.6,0,1.5
6,29.85569,0,0,0,60.01836,-2.6,0,1.5
6,29.863,0,0,0,60.01836,-2.6,0,1.5
6,29.86995,0,0,0,60.01836,-2.6,0,1.5
6,29.8795,0,0,0,60.01836,-2.6,0,1.5
6,29.88762,0,0,0,60.01836,-2.6,0,1.5
6,29.89507,0,0,0,60.01836,-2.6,0,1.5
6,29.90147,0,0,0,60.01836,-2.6,0,1.5
6,29.90668,0,0,0,60.01836,-2.6,0,1.5
6,29.9132,0,0,0,60.01836,-2.6,0,1.5
6,29.92123,0,0,0,60.01836,-2.6,0,1.5
6,29.9283,0,0,0,60.01836,-2.6,0,1.5
6,29.93562,0,0,0,60.01836,-2.6,0,1.5
6,29.96087,0,0,0,60.01836,-2.6,0,1.5
6,29.96858,0,0,0,60.01836,-2.6,0,1.5
6,29.97685,0,0,0,60.01836,-2.6,0,1.5
6,29.98912,0,0,0,60.01836,-2.6,0,1.5
6,29.99831,0,0,0,60.01836,-2.6,0,1.5
6,30.0059,0,0,0,60.01836,-2.6,0,1.5
6,30.01397,0,0,0,60.01836,-2.6,0,1.5
6,30.02334,0,0,0,60.01836,-2.6,0,1.5
6,30.03255,0,0,0,60.01836,-2.6,0,1.5
6,30.04195,0,0,0,60.01836,-2.6,0,1.5
6,30.04749,0,0,0,60.01836,-2.6,0,1.5
6,30.05412,0,0,0,60.01836,-2.6,0,1.5
6,30.06035,0,0,0,60.01836,-2.6,0,1.5
6,30.06755,0,0,0,60.01836,-2.6,0,1.5
6,30.07437,0,0,0,60.01836,-2.6,0,1.5
6,30.08077,0,0,0,60.01836,-2.6,0,1.5
6,30.08777,0,0,0,60.01836,-2.6,0,1.5
6,30.11293,0,0,0,60.01836,-2.6,0,1.5
6,30.12013,0,0,0,60.01836,-2.6,0,1.5
6,30.12673,0,0,0,60.01836,-2.6,0,1.5
6,30.13452,0,0,0,60.01836,-2.6,0,1.5
6,30.1412,0,0,0,60.01836,-2.6,0,1.5
6,30.14744,0,0,0,60.01836,-2.6,0,1.5
6,30.1551,0,0,0,60.01836,-2.6,0,1.5
6,30.16211,0,0,0,60.01836,-2.6,0,1.5
6,30.16919,0,0,0,60.01836,-2.6,0,1.5
6,30.17636,0,0,0,60.01836,-2.6,0,1.5
6,30.1838,0,0,0,60.01836,-2.6,0,1.5
6,30.19739,0,0,0,60.01836,-2.6,0,1.5
6,30.2096,0,0,0,60.01836,-2.6,0,1.5
6,30.21728,0,0,0,60.01836,-2.6,0,1.5
6,30.22466,0,0,0,60.01836,-2.6,0,1.5
6,30.23246,0,0,0,60.01836,-2.6,0,1.5
6,30.24094,0,0,0,60.01836,-2.6,0,1.5
6,30.2648,0,0,0,60.01836,-2.6,0,1.5
6,30.27176,0,0,0,60.01836,-2.6,0,1.5
6,30.27869,0,0,0,60.01836,-2.6,0,1.5
6,30.28515,0,0,0,60.01836,-2.6,0,1.5
6,30.29259,0,0,0,60.01836,-2.6,0,1.5
6,30.29924,0,0,0,60.01836,-2.6,0,1.5
6,30.30641,0,0,0,60.01836,-2.6,0,1.5
6,30.31413,0,0,0,60.01836,-2.6,0,1.5
6,30.32192,0,0,0,60.01836,-2.6,0,1.5
6,30.32931,0,0,0,60.01836,-2.6,0,1.5
6,30.33599,0,0,0,60.01836,-2.6,0,1.5
6,30.34262,0,0,0,60.01836,-2.6,0,1.5
6,30.34918,0,0,0,60.01836,-2.6,0,1.5
6,30.35684,0,0,0,60.01836,-2.6,0,1.5
6,30.36379,0,0,0,60.01836,-2.6,0,1.5
6,30.37069,0,0,0,60.01836,-2.6,0,1.5
6,30.37947,0,0,0,60.01836,-2.6,0,1.5
6,30.3863,0,0,0,60.01836,-2.6,0,1.5
6,30.39766,0,0,0,60.01836,-2.6,0,1.5
6,30.42308,0,0,0,60.01836,-2.6,0,1.5
6,30.42936,0,0,0,60.01836,-2.6,0,1.5
6,30.43661,0,0,0,60.01836,-2.6,0,1.5
6,30.44361,0,0,0,60.01836,-2.6,0,1.5
6,30.45115,0,0,0,60.01836,-2.6,0,1.5
6,30.45874,0,0,0,60.01836,-2.6,0,1.5
6,30.46674,0,0,0,60.01836,-2.6,0,1.5
6,30.47455,0,0,0,60.01836,-2.6,0,1.5
6,30.48211,0,0,0,60.01836,-2.6,0,1.5
6,30.48871,0,0,0,60.01836,-2.6,0,1.5
6,30.49594,0,0,0,60.01836,-2.6,0,1.5
6,30.5024,0,0,0,60.01836,-2.6,0,1.5
6,30.51075,0,0,0,60.01836,-2.6,0,1.5
6,30.51783,0,0,0,60.01836,-2.6,0,1.5
6,30.52577,0,0,0,60.01836,-2.6,0,1.5
6,30.53305,0,0,0,60.01836,-2.6,0,1.5
6,30.53976,0,0,0,60.01836,-2.6,0,1.5
6,30.54614,0,0,0,60.01836,-2.6,0,1.5
6,30.55762,0,0,0,60.01836,-2.6,0,1.5
6,30.5848,0,0,0,60.01836,-2.6,0,1.5
6,30.59831,0,0,0,60.01836,-2.6,0,1.5
6,30.62677,0,0,0,60.01836,-2.6,0,1.5
6,30.6354,0,0,0,60.01836,-2.6,0,1.5
6,30.64195,0,0,0,60.01836,-2.6,0,1.5
6,30.64767,0,0,0,60.01836,-2.6,0,1.5
6,30.6549,0,0,0,60.01836,-2.6,0,1.5
6,30.66159,0,0,0,60.01836,-2.6,0,1.5
6,30.66874,0,0,0,60.01836,-2.6,0,1.5
6,30.675,0,0,0,60.01836,-2.6,0,1.5
6,30.68279,0,0,0,60.01836,-2.6,0,1.5
6,30.68993,0,0,0,60.01836,-2.6,0,1.5
6,30.69734,0,0,0,60.01836,-2.6,0,1.5
6,30.70345,0,0,0,60.01836,-2.6,0,1.5
6,30.70993,0,0,0,60.01836,-2.6,0,1.5
6,30.73596,0,0,0,60.01836,-2.6,0,1.5
6,30.74286,0,0,0,60.01836,-2.6,0,1.5
6,30.74847,0,0,0,60.01836,-2.6,0,1.5
6,30.75469,0,0,0,60.01836,-2.6,0,1.5
6,30.76002,0,0,0,60.01836,-2.6,0,1.5
6,30.76604,0,0,0,60.01836,-2.6,0,1.5
6,30.7712,0,0,0,60.01836,-2.6,0,1.5
6,30.77761,0,0,0,60.01836,-2.6,0,1.5
6,30.78333,0,0,0,60.01836,-2.6,0,1.5
6,30.78849,0,0,0,60.01836,-2.6,0,1.5
6,30.79545,0,0,0,60.01836,-2.6,0,1.5
6,30.80379,0,0,0,60.01836,-2.6,0,1.5
6,30.81147,0,0,0,60.01836,-2.6,0,1.5
6,30.8182,0,0,0,60.01836,-2.6,0,1.5
6,30.82518,0,0,0,60.01836,-2.6,0,1.5
6,30.83134,0,0,0,60.01836,-2.6,0,1.5
6,30.83798,0,0,0,60.01836,-2.6,0,1.5
6,30.84429,0,0,0,60.01836,-2.6,0,1.5
6,30.85038,0,0,0,60.01836,-2.6,0,1.5
6,30.8575,0,0,0,60.01836,-2.6,0,1.5
6,30.86346,0,0,0,60.01836,-2.6,0,1.5
6,30.88477,0,0,0,60.01836,-2.6,0,1.5
6,30.89192,0,0,0,60.01836,-2.6,0,1.5
6,30.89939,0,0,0,60.01836,-2.6,0,1.5
6,30.90633,0,0,0,60.01836,-2.6,0,1.5
6,30.9129,0,0,0,60.01836,-2.6,0,1.5
6,30.91973,0,0,0,60.01836,-2.6,0,1.5
6,30.92653,0,0,0,60.01836,-2.6,0,1.5
6,30.93429,0,0,0,60.01836,-2.6,0,1.5
6,30.94077,0,0,0,60.01836,-2.6,0,1.5
6,30.94783,0,0,0,60.01836,-2.6,0,1.5
6,30.95435,0,0,0,60.01836,-2.6,0,1.5
6,30.96136,0,0,0,60.01836,-2.6,0,1.5
6,30.96728,0,0,0,60.01836,-2.6,0,1.5
6,30.97462,0,0,0,60.01836,-2.6,0,1.5
6,30.98251,0,0,0,60.01836,-2.6,0,1.5
6,30.9901,0,0,0,60.01836,-2.6,0,1.5
6,31.0046,0,0,0,60.01836,-2.6,0,1.5
6,31.02052,0,0,0,60.01836,-2.6,0,1.5
6,31.05559,0,0,0,60.01836,-2.6,0,1.5
6,31.06416,0,0,0,60.01836,-2.6,0,1.5
6,31.07901,0,0,0,60.01836,-2.6,0,1.5
6,31.08881,0,0,0,60.01836,-2.6,0,1.5
6,31.09689,0,0,0,60.01836,-2.6,0,1.5
6,31.10877,0,0,0,60.01836,-2.6,0,1.5
6,31.11565,0,0,0,60.01836,-2.6,0,1.5
6,31.12258,0,0,0,60.01836,-2.6,0,1.5
6,31.12887,0,0,0,60.01836,-2.6,0,1.5
6,31.13536,0,0,0,60.01836,-2.6,0,1.5
6,31.14278,0,0,0,60.01836,-2.6,0,1.5
6,31.14895,0,0,0,60.01836,-2.6,0,1.5
6,31.15566,0,0,0,60.01836,-2.6,0,1.5
6,31.16129,0,0,0,60.01836,-2.6,0,1.5
6,31.1674,0,0,0,60.01836,-2.6,0,1.5
6,31.17466,0,0,0,60.01836,-2.6,0,1.5
6,31.19799,0,0,0,60.01836,-2.6,0,1.5
6,31.20512,0,0,0,60.01836,-2.6,0,1.5
6,31.21461,0,0,0,60.01836,-2.6,0,1.5
6,31.2232,0,0,0,60.01836,-2.6,0,1.5
6,31.23231,0,0,0,60.01836,-2.6,0,1.5
6,31.24068,0,0,0,60.01836,-2.6,0,1.5
6,31.24931,0,0,0,60.01836,-2.6,0,1.5
6,31.25682,0,0,0,60.01836,-2.6,0,1.5
6,31.26395,0,0,0,60.01836,-2.6,0,1.5
6,31.27128,0,0,0,60.01836,-2.6,0,1.5
6,31.28021,0,0,0,60.01836,-2.6,0,1.5
6,31.28677,0,0,0,60.01836,-2.6,0,1.5
6,31.29445,0,0,0,60.01836,-2.6,0,1.5
6,31.30227,0,0,0,60.01836,-2.6,0,1.5
6,31.30949,0,0,0,60.01836,-2.6,0,1.5
6,31.3174,0,0,0,60.01836,-2.6,0,1.5
6,31.32653,0,0,0,60.01836,-2.6,0,1.5
6,31.36907,0,0,0,60.01836,-2.6,0,1.5
6,31.37739,0,0,0,60.01836,-2.6,0,1.5
6,31.3851,0,0,0,60.01836,-2.6,0,1.5
6,31.39799,0,0,0,60.01836,-2.6,0,1.5
6,31.40571,0,0,0,60.01836,-2.6,0,1.5
6,31.41732,0,0,0,60.01836,-2.6,0,1.5
6,31.42632,0,0,0,60.01836,-2.6,0,1.5
6,31.43995,0,0,0,60.01836,-2.6,0,1.5
6,31.45343,0,0,0,60.01836,-2.6,0,1.5
6,31.46545,0,0,0,60.01836,-2.6,0,1.5
6,31.47604,0,0,0,60.01836,-2.6,0,1.5
6,31.49055,0,0,0,60.01836,-2.6,0,1.5
6,31.52272,0,0,0,60.01836,-2.6,0,1.5
6,31.53026,0,0,0,60.01836,-2.6,0,1.5
6,31.5395,0,0,0,60.01836,-2.6,0,1.5
6,31.54821,0,0,0,60.01836,-2.6,0,1.5
6,31.56286,0,0,0,60.01836,-2.6,0,1.5
6,31.57379,0,0,0,60.01836,-2.6,0,1.5
6,31.5975,0,0,0,60.01836,-2.6,0,1.5
6,31.60466,0,0,0,60.01836,-2.6,0,1.5
6,31.61221,0,0,0,60.01836,-2.6,0,1.5
6,31.62247,0,0,0,60.01836,-2.6,0,1.5
6,31.63064,0,0,0,60.01836,-2.6,0,1.5
6,31.63839,0,0,0,60.01836,-2.6,0,1.5
6,31.64586,0,0,0,60.01836,-2.6,0,1.5
6,31.66974,0,0,0,60.01836,-2.6,0,1.5
6,31.67693,0,0,0,60.01836,-2.6,0,1.5
6,31.68498,0,0,0,60.01836,-2.6,0,1.5
6,31.69227,0,0,0,60.01836,-2.6,0,1.5
6,31.70114,0,0,0,60.01836,-2.6,0,1.5
6,31.7066,0,0,0,60.01836,-2.6,0,1.5
6,31.71458,0,0,0,60.01836,-2.6,0,1.5
6,31.72263,0,0,0,60.01836,-2.6,0,1.5
6,31.72969,0,0,0,60.01836,-2.6,0,1.5
6,31.73759,0,0,0,60.01836,-2.6,0,1.5
6,31.74528,0,0,0,60.01836,-2.6,0,1.5
6,31.75297,0,0,0,60.01836,-2.6,0,1.5
6,31.76077,0,0,0,60.01836,-2.6,0,1.5
6,31.76788,0,0,0,60.01836,-2.6,0,1.5
6,31.77562,0,0,0,60.01836,-2.6,0,1.5
6,31.78286,0,0,0,60.01836,-2.6,0,1.5
6,31.79042,0,0,0,60.01836,-2.6,0,1.5
6,31.79931,0,0,0,60.01836,-2.6,0,1.5
6,31.82534,0,0,0,60.01836,-2.6,0,1.5
6,31.83673,0,0,0,60.01836,-2.6,0,1.5
6,31.84498,0,0,0,60.01836,-2.6,0,1.5
6,31.85281,0,0,0,60.01836,-2.6,0,1.5
6,31.86053,0,0,0,60.01836,-2.6,0,1.5
6,31.86759,0,0,0,60.01836,-2.6,0,1.5
6,31.87618,0,0,0,60.01836,-2.6,0,1.5
6,31.88363,0,0,0,60.01836,-2.6,0,1.5
6,31.89142,0,0,0,60.01836,-2.6,0,1.5
6,31.90038,0,0,0,60.01836,-2.6,0,1.5
6,31.90857,0,0,0,60.01836,-2.6,0,1.5
6,31.91593,0,0,0,60.01836,-2.6,0,1.5
6,31.92344,0,0,0,60.01836,-2.6,0,1.5
6,31.93287,0,0,0,60.01836,-2.6,0,1.5
6,31.94043,0,0,0,60.01836,-2.6,0,1.5
6,31.94709,0,0,0,60.01836,-2.6,0,1.5
6,31.95892,0,0,0,60.01836,-2.6,0,1.5
6,31.98548,0,0,0,60.01836,-2.6,0,1.5
6,31.99371,0,0,0,60.01836,-2.6,0,1.5
6,32.00338,0,0,0,60.01836,-2.6,0,1.5
6,32.01046,0,0,0,60.01836,-2.6,0,1.5
6,32.01868,0,0,0,60.01836,-2.6,0,1.5
6,32.02731,0,0,0,60.01836,-2.6,0,1.5
6,32.03847,0,0,0,60.01836,-2.6,0,1.5
6,32.04597,0,0,0,60.01836,-2.6,0,1.5
6,32.05332,0,0,0,60.01836,-2.6,0,1.5
6,32.06067,0,0,0,60.01836,-2.6,0,1.5
6,32.06996,0,0,0,60.01836,-2.6,0,1.5
6,32.08162,0,0,0,60.01836,-2.6,0,1.5
6,32.08931,0,0,0,60.01836,-2.6,0,1.5
6,32.09834,0,0,0,60.01836,-2.6,0,1.5
6,32.10637,0,0,0,60.01836,-2.6,0,1.5
6,32.11506,0,0,0,60.01836,-2.6,0,1.5
6,32.14103,0,0,0,60.01836,-2.6,0,1.5
6,32.15007,0,0,0,60.01836,-2.6,0,1.5
6,32.15768,0,0,0,60.01836,-2.6,0,1.5
6,32.1641,0,0,0,60.01836,-2.6,0,1.5
6,32.17049,0,0,0,60.01836,-2.6,0,1.5
6,32.17818,0,0,0,60.01836,-2.6,0,1.5
6,32.18481,0,0,0,60.01836,-2.6,0,1.5
6,32.19107,0,0,0,60.01836,-2.6,0,1.5
6,32.19868,0,0,0,60.01836,-2.6,0,1.5
6,32.20803,0,0,0,60.01836,-2.6,0,1.5
6,32.21546,0,0,0,60.01836,-2.6,0,1.5
6,32.22197,0,0,0,60.01836,-2.6,0,1.5
6,32.22842,0,0,0,60.01836,-2.6,0,1.5
6,32.23771,0,0,0,60.01836,-2.6,0,1.5
6,32.24374,0,0,0,60.01836,-2.6,0,1.5
6,32.24923,0,0,0,60.01836,-2.6,0,1.5
6,32.25611,0,0,0,60.01836,-2.6,0,1.5
6,32.26313,0,0,0,60.01836,-2.6,0,1.5
6,32.2704,0,0,0,60.01836,-2.6,0,1.5
6,32.29552,0,0,0,60.01836,-2.6,0,1.5
6,32.30452,0,0,0,60.01836,-2.6,0,1.5
6,32.31253,0,0,0,60.01836,-2.6,0,1.5
6,32.31887,0,0,0,60.01836,-2.6,0,1.5
6,32.32539,0,0,0,60.01836,-2.6,0,1.5
6,32.33247,0,0,0,60.01836,-2.6,0,1.5
6,32.3396,0,0,0,60.01836,-2.6,0,1.5
6,32.34579,0,0,0,60.01836,-2.6,0,1.5
6,32.35312,0,0,0,60.01836,-2.6,0,1.5
6,32.36128,0,0,0,60.01836,-2.6,0,1.5
6,32.36829,0,0,0,60.01836,-2.6,0,1.5
6,32.37643,0,0,0,60.01836,-2.6,0,1.5
6,32.38363,0,0,0,60.01836,-2.6,0,1.5
6,32.39122,0,0,0,60.01836,-2.6,0,1.5
6,32.39848,0,0,0,60.01836,-2.6,0,1.5
6,32.40578,0,0,0,60.01836,-2.6,0,1.5
6,32.41264,0,0,0,60.01836,-2.6,0,1.5
6,32.41929,0,0,0,60.01836,-2.6,0,1.5
6,32.42496,0,0,0,60.01836,-2.6,0,1.5
6,32.44733,0,0,0,60.01836,-2.6,0,1.5
6,32.45651,0,0,0,60.01836,-2.6,0,1.5
6,32.46367,0,0,0,60.01836,-2.6,0,1.5
6,32.47047,0,0,0,60.01836,-2.6,0,1.5
6,32.47874,0,0,0,60.01836,-2.6,0,1.5
6,32.4851,0,0,0,60.01836,-2.6,0,1.5
6,32.49251,0,0,0,60.01836,-2.6,0,1.5
6,32.49983,0,0,0,60.01836,-2.6,0,1.5
6,32.50594,0,0,0,60.01836,-2.6,0,1.5
6,32.51272,0,0,0,60.01836,-2.6,0,1.5
6,32.51969,0,0,0,60.01836,-2.6,0,1.5
6,32.52702,0,0,0,60.01836,-2.6,0,1.5
6,32.53347,0,0,0,60.01836,-2.6,0,1.5
6,32.54079,0,0,0,60.01836,-2.6,0,1.5
6,32.55093,0,0,0,60.01836,-2.6,0,1.5
6,32.55946,0,0,0,60.01836,-2.6,0,1.5
6,32.56768,0,0,0,60.01836,-2.6,0,1.5
6,32.57639,0,0,0,60.01836,-2.6,0,1.5
6,32.602,0,0,0,60.01836,-2.6,0,1.5
6,32.60875,0,0,0,60.01836,-2.6,0,1.5
6,32.61551,0,0,0,60.01836,-2.6,0,1.5
6,32.62312,0,0,0,60.01836,-2.6,0,1.5
6,32.6305,0,0,0,60.01836,-2.6,0,1.5
6,32.63817,0,0,0,60.01836,-2.6,0,1.5
6,32.64581,0,0,0,60.01836,-2.6,0,1.5
6,32.6543,0,0,0,60.01836,-2.6,0,1.5
6,32.66526,0,0,0,60.01836,-2.6,0,1.5
6,32.67327,0,0,0,60.01836,-2.6,0,1.5
6,32.68058,0,0,0,60.01836,-2.6,0,1.5
6,32.6885,0,0,0,60.01836,-2.6,0,1.5
6,32.69577,0,0,0,60.01836,-2.6,0,1.5
6,32.70326,0,0,0,60.01836,-2.6,0,1.5
6,32.7106,0,0,0,60.01836,-2.6,0,1.5
6,32.72006,0,0,0,60.01836,-2.6,0,1.5
6,32.72775,0,0,0,60.01836,-2.6,0,1.5
6,32.75503,0,0,0,60.01836,-2.6,0,1.5
6,32.76348,0,0,0,60.01836,-2.6,0,1.5
6,32.77262,0,0,0,60.01836,-2.6,0,1.5
6,32.78033,0,0,0,60.01836,-2.6,0,1.5
6,32.78846,0,0,0,60.01836,-2.6,0,1.5
6,32.79729,0,0,0,60.01836,-2.6,0,1.5
6,32.80553,0,0,0,60.01836,-2.6,0,1.5
6,32.81348,0,0,0,60.01836,-2.6,0,1.5
6,32.82071,0,0,0,60.01836,-2.6,0,1.5
6,32.82869,0,0,0,60.01836,-2.6,0,1.5
6,32.83641,0,0,0,60.01836,-2.6,0,1.5
6,32.84394,0,0,0,60.01836,-2.6,0,1.5
6,32.85228,0,0,0,60.01836,-2.6,0,1.5
6,32.86138,0,0,0,60.01836,-2.6,0,1.5
6,32.87326,0,0,0,60.01836,-2.6,0,1.5
6,32.882,0,0,0,60.01836,-2.6,0,1.5
6,32.90718,0,0,0,60.01836,-2.6,0,1.5
6,32.91653,0,0,0,60.01836,-2.6,0,1.5
6,32.92805,0,0,0,60.01836,-2.6,0,1.5
6,32.93705,0,0,0,60.01836,-2.6,0,1.5
6,32.94796,0,0,0,60.01836,-2.6,0,1.5
6,32.95854,0,0,0,60.01836,-2.6,0,1.5
6,32.97356,0,0,0,60.01836,-2.6,0,1.5
6,32.98775,0,0,0,60.01836,-2.6,0,1.5
6,33.00274,0,0,0,60.01836,-2.6,0,1.5
6,33.02163,0,0,0,60.01836,-2.6,0,1.5
6,33.05215,0,0,0,60.01836,-2.6,0,1.5
6,33.08595,0,0,0,60.01836,-2.6,0,1.5
6,33.10082,0,0,0,60.01836,-2.6,0,1.5
6,33.11709,0,0,0,60.01836,-2.6,0,1.5
6,33.12621,0,0,0,60.01836,-2.6,0,1.5
6,33.14457,0,0,0,60.01836,-2.6,0,1.5
6,33.16568,0,0,0,60.01836,-2.6,0,1.5
6,33.17691,0,0,0,60.01836,-2.6,0,1.5
6,33.18999,0,0,0,60.01836,-2.6,0,1.5
6,33.20265,0,0,0,60.01836,-2.6,0,1.5
6,33.23826,0,0,0,60.01836,-2.6,0,1.5
6,33.246,0,0,0,60.01836,-2.6,0,1.5
6,33.25394,0,0,0,60.01836,-2.6,0,1.5
6,33.2623,0,0,0,60.01836,-2.6,0,1.5
6,33.26943,0,0,0,60.01836,-2.6,0,1.5
6,33.27704,0,0,0,60.01836,-2.6,0,1.5
6,33.28487,0,0,0,60.01836,-2.6,0,1.5
6,33.29472,0,0,0,60.01836,-2.6,0,1.5
6,33.30175,0,0,0,60.01836,-2.6,0,1.5
6,33.30898,0,0,0,60.01836,-2.6,0,1.5
6,33.31667,0,0,0,60.01836,-2.6,0,1.5
6,33.32536,0,0,0,60.01836,-2.6,0,1.5
6,33.33442,0,0,0,60.01836,-2.6,0,1.5
6,33.34196,0,0,0,60.01836,-2.6,0,1.5
6,33.34879,0,0,0,60.01836,-2.6,0,1.5
6,33.35653,0,0,0,60.01836,-2.6,0,1.5
6,33.38448,0,0,0,60.01836,-2.6,0,1.5
6,33.39143,0,0,0,60.01836,-2.6,0,1.5
6,33.39893,0,0,0,60.01836,-2.6,0,1.5
6,33.40578,0,0,0,60.01836,-2.6,0,1.5
6,33.41311,0,0,0,60.01836,-2.6,0,1.5
6,33.42062,0,0,0,60.01836,-2.6,0,1.5
6,33.42711,0,0,0,60.01836,-2.6,0,1.5
6,33.43589,0,0,0,60.01836,-2.6,0,1.5
6,33.44333,0,0,0,60.01836,-2.6,0,1.5
6,33.45065,0,0,0,60.01836,-2.6,0,1.5
6,33.45797,0,0,0,60.01836,-2.6,0,1.5
6,33.46688,0,0,0,60.01836,-2.6,0,1.5
6,33.47423,0,0,0,60.01836,-2.6,0,1.5
6,33.48172,0,0,0,60.01836,-2.6,0,1.5
6,33.4885,0,0,0,60.01836,-2.6,0,1.5
6,33.4982,0,0,0,60.01836,-2.6,0,1.5
6,33.50539,0,0,0,60.01836,-2.6,0,1.5
6,33.51354,0,0,0,60.01836,-2.6,0,1.5
6,33.53494,0,0,0,60.01836,-2.6,0,1.5
6,33.54228,0,0,0,60.01836,-2.6,0,1.5
6,33.5485,0,0,0,60.01836,-2.6,0,1.5
6,33.55511,0,0,0,60.01836,-2.6,0,1.5
6,33.56183,0,0,0,60.01836,-2.6,0,1.5
6,33.56776,0,0,0,60.01836,-2.6,0,1.5
6,33.57518,0,0,0,60.01836,-2.6,0,1.5
6,33.58346,0,0,0,60.01836,-2.6,0,1.5
6,33.59124,0,0,0,60.01836,-2.6,0,1.5
6,33.59918,0,0,0,60.01836,-2.6,0,1.5
6,33.60698,0,0,0,60.01836,-2.6,0,1.5
6,33.61565,0,0,0,60.01836,-2.6,0,1.5
6,33.6222,0,0,0,60.01836,-2.6,0,1.5
6,33.62903,0,0,0,60.01836,-2.6,0,1.5
6,33.63737,0,0,0,60.01836,-2.6,0,1.5
6,33.64415,0,0,0,60.01836,-2.6,0,1.5
6,33.65459,0,0,0,60.01836,-2.6,0,1.5
6,33.66235,0,0,0,60.01836,-2.6,0,1.5
6,33.67354,0,0,0,60.01836,-2.6,0,1.5
6,33.70423,0,0,0,60.01836,-2.6,0,1.5
6,33.71709,0,0,0,60.01836,-2.6,0,1.5
6,33.75212,0,0,0,60.01836,-2.6,0,1.5
6,33.77028,0,0,0,60.01836,-2.6,0,1.5
6,33.80173,0,0,0,60.01836,-2.6,0,1.5
6,33.8208,0,0,0,60.01836,-2.6,0,1.5
6,33.89677,0,0,0,60.01836,-2.6,0,1.5
6,33.92928,0,0,0,60.01836,-2.6,0,1.5
6,33.94332,0,0,0,60.01836,-2.6,0,1.5
6,33.9506,0,0,0,60.01836,-2.6,0,1.5
6,33.96905,0,0,0,60.01836,-2.6,0,1.5
6,33.98661,0,0,0,60.01836,-2.6,0,1.5
6,34.03375,0,0,0,60.01836,-2.6,0,1.5
6,34.06,0,0,0,60.01836,-2.6,0,1.5
6,34.09951,0,0,0,60.01836,-2.6,0,1.5
6,34.1068,0,0,0,60.01836,-2.6,0,1.5
6,34.11494,0,0,0,60.01836,-2.6,0,1.5
6,34.12327,0,0,0,60.01836,-2.6,0,1.5
6,34.13069,0,0,0,60.01836,-2.6,0,1.5
6,34.14344,0,0,0,60.01836,-2.6,0,1.5
6,34.15208,0,0,0,60.01836,-2.6,0,1.5
6,34.1595,0,0,0,60.01836,-2.6,0,1.5
6,34.16754,0,0,0,60.01836,-2.6,0,1.5
6,34.175,0,0,0,60.01836,-2.6,0,1.5
6,34.18288,0,0,0,60.01836,-2.6,0,1.5
6,34.19028,0,0,0,60.01836,-2.6,0,1.5
6,34.19813,0,0,0,60.01836,-2.6,0,1.5
6,34.20733,0,0,0,60.01836,-2.6,0,1.5
6,34.21606,0,0,0,60.01836,-2.6,0,1.5
6,34.24214,0,0,0,60.01836,-2.6,0,1.5
6,34.25013,0,0,0,60.01836,-2.6,0,1.5
6,34.25873,0,0,0,60.01836,-2.6,0,1.5
6,34.26714,0,0,0,60.01836,-2.6,0,1.5
6,34.27745,0,0,0,60.01836,-2.6,0,1.5
6,34.28542,0,0,0,60.01836,-2.6,0,1.5
6,34.294,0,0,0,60.01836,-2.6,0,1.5
6,34.30229,0,0,0,60.01836,-2.6,0,1.5
6,34.31097,0,0,0,60.01836,-2.6,0,1.5
6,34.3207,0,0,0,60.01836,-2.6,0,1.5
6,34.32954,0,0,0,60.01836,-2.6,0,1.5
6,34.33908,0,0,0,60.01836,-2.6,0,1.5
6,34.35316,0,0,0,60.01836,-2.6,0,1.5
6,34.3618,0,0,0,60.01836,-2.6,0,1.5
6,34.37114,0,0,0,60.01836,-2.6,0,1.5
6,34.40325,0,0,0,60.01836,-2.6,0,1.5
6,34.4132,0,0,0,60.01836,-2.6,0,1.5
6,34.42209,0,0,0,60.01836,-2.6,0,1.5
6,34.43029,0,0,0,60.01836,-2.6,0,1.5
6,34.44094,0,0,0,60.01836,-2.6,0,1.5
6,34.44894,0,0,0,60.01836,-2.6,0,1.5
6,34.45951,0,0,0,60.01836,-2.6,0,1.5
6,34.4672,0,0,0,60.01836,-2.6,0,1.5
6,34.47842,0,0,0,60.01836,-2.6,0,1.5
6,34.48831,0,0,0,60.01836,-2.6,0,1.5
6,34.49797,0,0,0,60.01836,-2.6,0,1.5
6,34.50663,0,0,0,60.01836,-2.6,0,1.5
6,34.5154,0,0,0,60.01836,-2.6,0,1.5
6,34.5242,0,0,0,60.01836,-2.6,0,1.5
6,34.55434,0,0,0,60.01836,-2.6,0,1.5
6,34.56712,0,0,0,60.01836,-2.6,0,1.5
6,34.57789,0,0,0,60.01836,-2.6,0,1.5
6,34.58701,0,0,0,60.01836,-2.6,0,1.5
6,34.59496,0,0,0,60.01836,-2.6,0,1.5
6,34.60555,0,0,0,60.01836,-2.6,0,1.5
6,34.61394,0,0,0,60.01836,-2.6,0,1.5
6,34.62228,0,0,0,60.01836,-2.6,0,1.5
6,34.62976,0,0,0,60.01836,-2.6,0,1.5
6,34.63831,0,0,0,60.01836,-2.6,0,1.5
6,34.6455,0,0,0,60.01836,-2.6,0,1.5
6,34.654,0,0,0,60.01836,-2.6,0,1.5
6,34.66109,0,0,0,60.01836,-2.6,0,1.5
6,34.66945,0,0,0,60.01836,-2.6,0,1.5
6,34.67761,0,0,0,60.01836,-2.6,0,1.5
6,34.70626,0,0,0,60.01836,-2.6,0,1.5
6,34.71482,0,0,0,60.01836,-2.6,0,1.5
6,34.72296,0,0,0,60.01836,-2.6,0,1.5
6,34.73068,0,0,0,60.01836,-2.6,0,1.5
6,34.73896,0,0,0,60.01836,-2.6,0,1.5
6,34.74698,0,0,0,60.01836,-2.6,0,1.5
6,34.75436,0,0,0,60.01836,-2.6,0,1.5
6,34.76685,0,0,0,60.01836,-2.6,0,1.5
6,34.78195,0,0,0,60.01836,-2.6,0,1.5
6,34.79288,0,0,0,60.01836,-2.6,0,1.5
6,34.80192,0,0,0,60.01836,-2.6,0,1.5
6,34.81107,0,0,0,60.01836,-2.6,0,1.5
6,34.82169,0,0,0,60.01836,-2.6,0,1.5
6,34.8288,0,0,0,60.01836,-2.6,0,1.5
6,34.85432,0,0,0,60.01836,-2.6,0,1.5
6,34.86151,0,0,0,60.01836,-2.6,0,1.5
6,34.8684,0,0,0,60.01836,-2.6,0,1.5
6,34.87481,0,0,0,60.01836,-2.6,0,1.5
6,34.88089,0,0,0,60.01836,-2.6,0,1.5
6,34.88766,0,0,0,60.01836,-2.6,0,1.5
6,34.89423,0,0,0,60.01836,-2.6,0,1.5
6,34.89989,0,0,0,60.01836,-2.6,0,1.5
6,34.90539,0,0,0,60.01836,-2.6,0,1.5
6,34.91069,0,0,0,60.01836,-2.6,0,1.5
6,34.91727,0,0,0,60.01836,-2.6,0,1.5
6,34.92475,0,0,0,60.01836,-2.6,0,1.5
6,34.9313,0,0,0,60.01836,-2.6,0,1.5
6,34.9382,0,0,0,60.01836,-2.6,0,1.5
6,34.94491,0,0,0,60.01836,-2.6,0,1.5
6,34.95295,0,0,0,60.01836,-2.6,0,1.5
6,34.95885,0,0,0,60.01836,-2.6,0,1.5
6,34.96995,0,0,0,60.01836,-2.6,0,1.5
6,34.98206,0,0,0,60.01836,-2.6,0,1.5
6,35.00602,0,0,0,60.01836,-2.6,0,1.5
6,35.01385,0,0,0,60.01836,-2.6,0,1.5
6,35.02083,0,0,0,60.01836,-2.6,0,1.5
6,35.02784,0,0,0,60.01836,-2.6,0,1.5
6,35.0346,0,0,0,60.01836,-2.6,0,1.5
6,35.04104,0,0,0,60.01836,-2.6,0,1.5
6,35.04998,0,0,0,60.01836,-2.6,0,1.5
6,35.05718,0,0,0,60.01836,-2.6,0,1.5
6,35.06344,0,0,0,60.01836,-2.6,0,1.5
6,35.06954,0,0,0,60.01836,-2.6,0,1.5
6,35.07686,0,0,0,60.01836,-2.6,0,1.5
6,35.08343,0,0,0,60.01836,-2.6,0,1.5
6,35.09414,0,0,0,60.01836,-2.6,0,1.5
6,35.10568,0,0,0,60.01836,-2.6,0,1.5
6,35.11301,0,0,0,60.01836,-2.6,0,1.5
6,35.11999,0,0,0,60.01836,-2.6,0,1.5
6,35.12606,0,0,0,60.01836,-2.6,0,1.5
6,35.1321,0,0,0,60.01836,-2.6,0,1.5
6,35.15244,0,0,0,60.01836,-2.6,0,1.5
6,35.15777,0,0,0,60.01836,-2.6,0,1.5
6,35.16294,0,0,0,60.01836,-2.6,0,1.5
6,35.17321,0,0,0,60.01836,-2.6,0,1.5
6,35.17907,0,0,0,60.01836,-2.6,0,1.5
6,35.18549,0,0,0,60.01836,-2.6,0,1.5
6,35.19255,0,0,0,60.01836,-2.6,0,1.5
6,35.19905,0,0,0,60.01836,-2.6,0,1.5
6,35.20514,0,0,0,60.01836,-2.6,0,1.5
6,35.21122,0,0,0,60.01836,-2.6,0,1.5
6,35.21816,0,0,0,60.01836,-2.6,0,1.5
6,35.22503,0,0,0,60.01836,-2.6,0,1.5
6,35.23374,0,0,0,60.01836,-2.6,0,1.5
6,35.24178,0,0,0,60.01836,-2.6,0,1.5
6,35.24892,0,0,0,60.01836,-2.6,0,1.5
6,35.25747,0,0,0,60.01836,-2.6,0,1.5
6,35.2669,0,0,0,60.01836,-2.6,0,1.5
6,35.27703,0,0,0,60.01836,-2.6,0,1.5
6,35.28603,0,0,0,60.01836,-2.6,0,1.5
6,35.31052,0,0,0,60.01836,-2.6,0,1.5
6,35.31873,0,0,0,60.01836,-2.6,0,1.5
6,35.32582,0,0,0,60.01836,-2.6,0,1.5
6,35.33286,0,0,0,60.01836,-2.6,0,1.5
6,35.33976,0,0,0,60.01836,-2.6,0,1.5
6,35.34629,0,0,0,60.01836,-2.6,0,1.5
6,35.35349,0,0,0,60.01836,-2.6,0,1.5
6,35.36105,0,0,0,60.01836,-2.6,0,1.5
6,35.36848,0,0,0,60.01836,-2.6,0,1.5
6,35.38103,0,0,0,60.01836,-2.6,0,1.5
6,35.38947,0,0,0,60.01836,-2.6,0,1.5
6,35.39656,0,0,0,60.01836,-2.6,0,1.5
6,35.40368,0,0,0,60.01836,-2.6,0,1.5
6,35.41064,0,0,0,60.01836,-2.6,0,1.5
6,35.41779,0,0,0,60.01836,-2.6,0,1.5
6,35.42618,0,0,0,60.01836,-2.6,0,1.5
6,35.43467,0,0,0,60.01836,-2.6,0,1.5
6,35.44352,0,0,0,60.01836,-2.6,0,1.5
6,35.46925,0,0,0,60.01836,-2.6,0,1.5
6,35.4782,0,0,0,60.01836,-2.6,0,1.5
6,35.48589,0,0,0,60.01836,-2.6,0,1.5
6,35.49365,0,0,0,60.01836,-2.6,0,1.5
6,35.50187,0,0,0,60.01836,-2.6,0,1.5
6,35.50889,0,0,0,60.01836,-2.6,0,1.5
6,35.51669,0,0,0,60.01836,-2.6,0,1.5
6,35.52385,0,0,0,60.01836,-2.6,0,1.5
6,35.53143,0,0,0,60.01836,-2.6,0,1.5
6,35.5396,0,0,0,60.01836,-2.6,0,1.5
6,35.54641,0,0,0,60.01836,-2.6,0,1.5
6,35.55371,0,0,0,60.01836,-2.6,0,1.5
6,35.56051,0,0,0,60.01836,-2.6,0,1.5
6,35.56715,0,0,0,60.01836,-2.6,0,1.5
6,35.57459,0,0,0,60.01836,-2.6,0,1.5
6,35.58517,0,0,0,60.01836,-2.6,0,1.5
6,35.59364,0,0,0,60.01836,-2.6,0,1.5
6,35.60137,0,0,0,60.01836,-2.6,0,1.5
6,35.62436,0,0,0,60.01836,-2.6,0,1.5
6,35.63134,0,0,0,60.01836,-2.6,0,1.5
6,35.63842,0,0,0,60.01836,-2.6,0,1.5
6,35.6454,0,0,0,60.01836,-2.6,0,1.5
6,35.65331,0,0,0,60.01836,-2.6,0,1.5
6,35.66037,0,0,0,60.01836,-2.6,0,1.5
6,35.66663,0,0,0,60.01836,-2.6,0,1.5
6,35.67354,0,0,0,60.01836,-2.6,0,1.5
6,35.67944,0,0,0,60.01836,-2.6,0,1.5
6,35.68676,0,0,0,60.01836,-2.6,0,1.5
6,35.69452,0,0,0,60.01836,-2.6,0,1.5
6,35.70073,0,0,0,60.01836,-2.6,0,1.5
6,35.71821,0,0,0,60.01836,-2.6,0,1.5
6,35.72855,0,0,0,60.01836,-2.6,0,1.5
6,35.73594,0,0,0,60.01836,-2.6,0,1.5
6,35.74335,0,0,0,60.01836,-2.6,0,1.5
6,35.74966,0,0,0,60.01836,-2.6,0,1.5
6,35.75747,0,0,0,60.01836,-2.6,0,1.5
6,35.78139,0,0,0,60.01836,-2.6,0,1.5
6,35.79064,0,0,0,60.01836,-2.6,0,1.5
6,35.79783,0,0,0,60.01836,-2.6,0,1.5
6,35.80535,0,0,0,60.01836,-2.6,0,1.5
6,35.81365,0,0,0,60.01836,-2.6,0,1.5
6,35.8224,0,0,0,60.01836,-2.6,0,1.5
6,35.82956,0,0,0,60.01836,-2.6,0,1.5
6,35.83712,0,0,0,60.01836,-2.6,0,1.5
6,35.84463,0,0,0,60.01836,-2.6,0,1.5
6,35.85293,0,0,0,60.01836,-2.6,0,1.5
6,35.86018,0,0,0,60.01836,-2.6,0,1.5
6,35.86615,0,0,0,60.01836,-2.6,0,1.5
6,35.87375,0,0,0,60.01836,-2.6,0,1.5
6,35.88038,0,0,0,60.01836,-2.6,0,1.5
6,35.88654,0,0,0,60.01836,-2.6,0,1.5
6,35.8932,0,0,0,60.01836,-2.6,0,1.5
6,35.90028,0,0,0,60.01836,-2.6,0,1.5
6,35.90673,0,0,0,60.01836,-2.6,0,1.5
6,35.9134,0,0,0,60.01836,-2.6,0,1.5
6,35.9641,0,0,0,60.01836,-2.6,0,1.5
