Ans,timenow,HMD_rotation_x,HMD_rotation_y,HMD_rotation_z,heydegree,hey_position_x,hey_position_y,hey_position_z
0,0.03502083,0,0,0,270,0,0,0
0,0.05383062,0,0,0,270,0,0,0
0,0.8810434,0,0,0,270,0,0,0
0,1.019617,0,0,0,270,0,0,0
0,1.096819,0,0,0,270,0,0,0
0,1.111639,0,0,0,270,0,0,0
0,1.124105,0,0,0,270,0,0,0
0,1.138846,0,0,0,270,0,0,0
0,1.150505,0,0,0,270,0,0,0
0,1.163691,0,0,0,270,0,0,0
0,1.175733,0,0,0,270,0,0,0
0,1.195334,0,0,0,270,0,0,0
0,1.210792,0,0,0,270,0,0,0
0,1.226266,0,0,0,270,0,0,0
0,1.24001,0,0,0,270,0,0,0
0,1.252056,0,0,0,270,0,0,0
0,1.264371,0,0,0,270,0,0,0
0,1.278797,0,0,0,270,0,0,0
0,1.292439,0,0,0,270,0,0,0
0,1.303593,0,0,0,270,0,0,0
0,1.314242,0,0,0,270,0,0,0
0,1.327202,0,0,0,270,0,0,0
0,1.33982,0,0,0,270,0,0,0
0,1.350864,0,0,0,270,0,0,0
0,1.359145,0,0,0,270,0,0,0
0,1.369146,0,0,0,270,0,0,0
0,1.377187,0,0,0,270,0,0,0
0,1.386475,0,0,0,270,0,0,0
0,1.394722,0,0,0,270,0,0,0
0,1.40283,0,0,0,270,0,0,0
0,1.411804,0,0,0,270,0,0,0
0,1.41925,0,0,0,270,0,0,0
0,1.427909,0,0,0,270,0,0,0
0,1.436855,0,0,0,270,0,0,0
0,1.445515,0,0,0,270,0,0,0
0,1.452473,0,0,0,270,0,0,0
0,1.461988,0,0,0,270,0,0,0
0,1.471844,0,0,0,270,0,0,0
0,1.479998,0,0,0,270,0,0,0
0,1.489341,0,0,0,270,0,0,0
0,1.497296,0,0,0,270,0,0,0
0,1.505164,0,0,0,270,0,0,0
0,1.512919,0,0,0,270,0,0,0
0,1.522404,0,0,0,270,0,0,0
0,1.529187,0,0,0,270,0,0,0
0,1.537167,0,0,0,270,0,0,0
0,1.543935,0,0,0,270,0,0,0
0,1.552346,0,0,0,270,0,0,0
0,1.562183,0,0,0,270,0,0,0
0,1.571111,0,0,0,270,0,0,0
0,1.578835,0,0,0,270,0,0,0
0,1.586334,0,0,0,270,0,0,0
0,1.594253,0,0,0,270,0,0,0
0,1.603361,0,0,0,270,0,0,0
0,1.612959,0,0,0,270,0,0,0
0,1.621757,0,0,0,270,0,0,0
0,1.631413,0,0,0,270,0,0,0
0,1.640071,0,0,0,270,0,0,0
0,1.648856,0,0,0,270,0,0,0
0,1.658358,0,0,0,270,0,0,0
0,1.666289,0,0,0,270,0,0,0
0,1.674541,0,0,0,270,0,0,0
0,1.684406,0,0,0,270,0,0,0
0,1.692671,0,0,0,270,0,0,0
0,1.700984,0,0,0,270,0,0,0
0,1.709463,0,0,0,270,0,0,0
0,1.717254,0,0,0,270,0,0,0
0,1.72646,0,0,0,270,0,0,0
0,1.735492,0,0,0,270,0,0,0
0,1.743817,0,0,0,270,0,0,0
0,1.754542,0,0,0,270,0,0,0
0,1.764421,0,0,0,270,0,0,0
0,1.773041,0,0,0,270,0,0,0
0,1.781088,0,0,0,270,0,0,0
0,1.790503,0,0,0,270,0,0,0
0,1.802114,0,0,0,270,0,0,0
0,1.811796,0,0,0,270,0,0,0
0,1.820429,0,0,0,270,0,0,0
0,1.829337,0,0,0,270,0,0,0
0,1.83877,0,0,0,270,0,0,0
0,1.84658,0,0,0,270,0,0,0
0,1.854238,0,0,0,270,0,0,0
0,1.861818,0,0,0,270,0,0,0
0,1.87061,0,0,0,270,0,0,0
0,1.879599,0,0,0,270,0,0,0
0,1.887481,0,0,0,270,0,0,0
0,1.895535,0,0,0,270,0,0,0
0,1.902996,0,0,0,270,0,0,0
0,1.910532,0,0,0,270,0,0,0
0,1.918208,0,0,0,270,0,0,0
0,1.927121,0,0,0,270,0,0,0
0,1.936353,0,0,0,270,0,0,0
0,1.944039,0,0,0,270,0,0,0
0,1.958485,0,0,0,270,0,0,0
0,1.974704,0,0,0,270,0,0,0
0,1.984463,0,0,0,270,0,0,0
0,1.994266,0,0,0,270,0,0,0
0,2.001979,0,0,0,270,0,0,0
0,2.00943,0,0,0,270,0,0,0
0,2.017672,0,0,0,270,0,0,0
0,2.026495,0,0,0,270,0,0,0
0,2.033845,0,0,0,270,0,0,0
0,2.041529,0,0,0,270,0,0,0
0,2.048976,0,0,0,270,0,0,0
0,2.05951,0,0,0,270,0,0,0
0,2.068374,0,0,0,270,0,0,0
0,2.075681,0,0,0,270,0,0,0
0,2.084744,0,0,0,270,0,0,0
0,2.09256,0,0,0,270,0,0,0
0,2.101592,0,0,0,270,0,0,0
0,2.109216,0,0,0,270,0,0,0
0,2.117311,0,0,0,270,0,0,0
0,2.126811,0,0,0,270,0,0,0
0,2.135682,0,0,0,270,0,0,0
0,2.14314,0,0,0,270,0,0,0
0,2.15096,0,0,0,270,0,0,0
0,2.160107,0,0,0,270,0,0,0
0,2.168793,0,0,0,270,0,0,0
0,2.178108,0,0,0,270,0,0,0
0,2.186834,0,0,0,270,0,0,0
0,2.194475,0,0,0,270,0,0,0
0,2.20212,0,0,0,270,0,0,0
0,2.210845,0,0,0,270,0,0,0
0,2.21837,0,0,0,270,0,0,0
0,2.227324,0,0,0,270,0,0,0
0,2.237653,0,0,0,270,0,0,0
0,2.248228,0,0,0,270,0,0,0
0,2.259624,0,0,0,270,0,0,0
0,2.268508,0,0,0,270,0,0,0
0,2.280775,0,0,0,270,0,0,0
0,2.293196,0,0,0,270,0,0,0
0,2.302373,0,0,0,270,0,0,0
0,2.313196,0,0,0,270,0,0,0
0,2.323341,0,0,0,270,0,0,0
0,2.332008,0,0,0,270,0,0,0
0,2.343831,0,0,0,270,0,0,0
0,2.353846,0,0,0,270,0,0,0
0,2.364202,0,0,0,270,0,0,0
0,2.373609,0,0,0,270,0,0,0
0,2.383208,0,0,0,270,0,0,0
0,2.393042,0,0,0,270,0,0,0
0,2.403337,0,0,0,270,0,0,0
0,2.41292,0,0,0,270,0,0,0
0,2.420766,0,0,0,270,0,0,0
0,2.431656,0,0,0,270,0,0,0
0,2.441206,0,0,0,270,0,0,0
0,2.451136,0,0,0,270,0,0,0
0,2.462461,0,0,0,270,0,0,0
0,2.474309,0,0,0,270,0,0,0
0,2.486133,0,0,0,270,0,0,0
0,2.500281,0,0,0,270,0,0,0
0,2.511096,0,0,0,270,0,0,0
0,2.521701,0,0,0,270,0,0,0
0,2.532496,0,0,0,270,0,0,0
0,2.541616,0,0,0,270,0,0,0
0,2.551845,0,0,0,270,0,0,0
0,2.563547,0,0,0,270,0,0,0
0,2.57515,0,0,0,270,0,0,0
0,2.586798,0,0,0,270,0,0,0
0,2.59899,0,0,0,270,0,0,0
0,2.609894,0,0,0,270,0,0,0
0,2.62864,0,0,0,270,0,0,0
0,2.667736,0,0,0,270,0,0,0
0,2.698132,0,0,0,270,0,0,0
0,2.717517,0,0,0,270,0,0,0
0,2.737525,0,0,0,270,0,0,0
0,2.75772,0,0,0,270,0,0,0
0,2.786579,0,0,0,270,0,0,0
0,2.807507,0,0,0,270,0,0,0
0,2.842499,0,0,0,270,0,0,0
0,2.89541,0,0,0,270,0,0,0
0,2.91234,0,0,0,270,0,0,0
0,2.928846,0,0,0,270,0,0,0
0,2.953789,0,0,0,270,0,0,0
0,2.999022,0,0,0,270,0,0,0
0,3.03231,0,0,0,270,0,0,0
0,3.049164,0,0,0,270,0,0,0
0,3.065248,0,0,0,270,0,0,0
0,3.087931,0,0,0,270,0,0,0
0,3.100023,0,0,0,270,0,0,0
0,3.120241,0,0,0,270,0,0,0
0,3.137084,0,0,0,270,0,0,0
0,3.158587,0,0,0,270,0,0,0
0,3.170856,0,0,0,270,0,0,0
0,3.183831,0,0,0,270,0,0,0
0,3.200099,0,0,0,270,0,0,0
0,3.216842,0,0,0,270,0,0,0
0,3.233084,0,0,0,270,0,0,0
0,3.250742,0,0,0,270,0,0,0
0,3.271694,0,0,0,270,0,0,0
0,3.288739,0,0,0,270,0,0,0
0,3.298403,0,0,0,270,0,0,0
0,3.309492,0,0,0,270,0,0,0
0,3.320261,0,0,0,270,0,0,0
0,3.329057,0,0,0,270,0,0,0
0,3.340444,0,0,0,270,0,0,0
0,3.351396,0,0,0,270,0,0,0
0,3.362093,0,0,0,270,0,0,0
0,3.375314,0,0,0,270,0,0,0
0,3.38859,0,0,0,270,0,0,0
0,3.399502,0,0,0,270,0,0,0
0,3.410536,0,0,0,270,0,0,0
0,3.42273,0,0,0,270,0,0,0
0,3.435389,0,0,0,270,0,0,0
0,3.447836,0,0,0,270,0,0,0
0,3.459633,0,0,0,270,0,0,0
0,3.471513,0,0,0,270,0,0,0
0,3.482941,0,0,0,270,0,0,0
0,3.493682,0,0,0,270,0,0,0
0,3.50666,0,0,0,270,0,0,0
0,3.519895,0,0,0,270,0,0,0
0,3.532534,0,0,0,270,0,0,0
0,3.543452,0,0,0,270,0,0,0
0,3.556526,0,0,0,270,0,0,0
0,3.568891,0,0,0,270,0,0,0
0,3.579998,0,0,0,270,0,0,0
0,3.590721,0,0,0,270,0,0,0
0,3.601577,0,0,0,270,0,0,0
0,3.612522,0,0,0,270,0,0,0
0,3.621906,0,0,0,270,0,0,0
0,3.633668,0,0,0,270,0,0,0
0,3.646284,0,0,0,270,0,0,0
0,3.659596,0,0,0,270,0,0,0
0,3.671802,0,0,0,270,0,0,0
0,3.682471,0,0,0,270,0,0,0
0,3.693168,0,0,0,270,0,0,0
0,3.704718,0,0,0,270,0,0,0
0,3.716623,0,0,0,270,0,0,0
0,3.728008,0,0,0,270,0,0,0
0,3.740358,0,0,0,270,0,0,0
0,3.751536,0,0,0,270,0,0,0
0,3.762781,0,0,0,270,0,0,0
0,3.774198,0,0,0,270,0,0,0
0,3.785984,0,0,0,270,0,0,0
0,3.796702,0,0,0,270,0,0,0
0,3.808221,0,0,0,270,0,0,0
0,3.820039,0,0,0,270,0,0,0
0,3.831769,0,0,0,270,0,0,0
0,3.843714,0,0,0,270,0,0,0
0,3.853705,0,0,0,270,0,0,0
0,3.864559,0,0,0,270,0,0,0
0,3.875467,0,0,0,270,0,0,0
0,3.884238,0,0,0,270,0,0,0
0,3.893577,0,0,0,270,0,0,0
0,3.904001,0,0,0,270,0,0,0
0,3.915565,0,0,0,270,0,0,0
0,3.927949,0,0,0,270,0,0,0
0,3.939301,0,0,0,270,0,0,0
0,3.951232,0,0,0,270,0,0,0
0,3.963594,0,0,0,270,0,0,0
0,3.975176,0,0,0,270,0,0,0
0,3.987161,0,0,0,270,0,0,0
0,3.998057,0,0,0,270,0,0,0
0,4.010508,0,0,0,270,0,0,0
0,4.024361,0,0,0,270,0,0,0
0,4.040639,0,0,0,270,0,0,0
0,4.054189,0,0,0,270,0,0,0
0,4.066652,0,0,0,270,0,0,0
0,4.077374,0,0,0,270,0,0,0
0,4.088413,0,0,0,270,0,0,0
0,4.099941,0,0,0,270,0,0,0
0,4.111428,0,0,0,270,0,0,0
0,4.122826,0,0,0,270,0,0,0
0,4.134816,0,0,0,270,0,0,0
0,4.146707,0,0,0,270,0,0,0
0,4.158854,0,0,0,270,0,0,0
0,4.169552,0,0,0,270,0,0,0
0,4.182439,0,0,0,270,0,0,0
0,4.194399,0,0,0,270,0,0,0
0,4.207452,0,0,0,270,0,0,0
0,4.220853,0,0,0,270,0,0,0
0,4.231805,0,0,0,270,0,0,0
0,4.243512,0,0,0,270,0,0,0
0,4.255577,0,0,0,270,0,0,0
0,4.266781,0,0,0,270,0,0,0
0,4.279208,0,0,0,270,0,0,0
0,4.291959,0,0,0,270,0,0,0
0,4.303646,0,0,0,270,0,0,0
0,4.314874,0,0,0,270,0,0,0
0,4.326153,0,0,0,270,0,0,0
0,4.337763,0,0,0,270,0,0,0
0,4.349666,0,0,0,270,0,0,0
0,4.360467,0,0,0,270,0,0,0
0,4.371401,0,0,0,270,0,0,0
0,4.385872,0,0,0,270,0,0,0
0,4.399831,0,0,0,270,0,0,0
0,4.418492,0,0,0,270,0,0,0
0,4.438338,0,0,0,270,0,0,0
0,4.449553,0,0,0,270,0,0,0
0,4.460833,0,0,0,270,0,0,0
0,4.471191,0,0,0,270,0,0,0
0,4.481791,0,0,0,270,0,0,0
0,4.492735,0,0,0,270,0,0,0
0,4.501985,0,0,0,270,0,0,0
0,4.510262,0,0,0,270,0,0,0
0,4.520103,0,0,0,270,0,0,0
0,4.531606,0,0,0,270,0,0,0
0,4.5431,0,0,0,270,0,0,0
0,4.554882,0,0,0,270,0,0,0
0,4.564161,0,0,0,270,0,0,0
0,4.576224,0,0,0,270,0,0,0
0,4.588046,0,0,0,270,0,0,0
0,4.60112,0,0,0,270,0,0,0
0,4.612041,0,0,0,270,0,0,0
0,4.623747,0,0,0,270,0,0,0
0,4.634984,0,0,0,270,0,0,0
0,4.646423,0,0,0,270,0,0,0
0,4.656607,0,0,0,270,0,0,0
0,4.668827,0,0,0,270,0,0,0
0,4.679046,0,0,0,270,0,0,0
0,4.690696,0,0,0,270,0,0,0
0,4.701956,0,0,0,270,0,0,0
0,4.712319,0,0,0,270,0,0,0
0,4.723533,0,0,0,270,0,0,0
0,4.735765,0,0,0,270,0,0,0
0,4.747615,0,0,0,270,0,0,0
0,4.758118,0,0,0,270,0,0,0
0,4.767546,0,0,0,270,0,0,0
0,4.778429,0,0,0,270,0,0,0
0,4.788318,0,0,0,270,0,0,0
0,4.798594,0,0,0,270,0,0,0
0,4.809351,0,0,0,270,0,0,0
0,4.820313,0,0,0,270,0,0,0
0,4.831723,0,0,0,270,0,0,0
0,4.84622,0,0,0,270,0,0,0
0,4.859531,0,0,0,270,0,0,0
0,4.873249,0,0,0,270,0,0,0
0,4.885877,0,0,0,270,0,0,0
0,4.89634,0,0,0,270,0,0,0
0,4.909665,0,0,0,270,0,0,0
0,4.921338,0,0,0,270,0,0,0
0,4.936367,0,0,0,270,0,0,0
0,4.95056,0,0,0,270,0,0,0
0,4.965302,0,0,0,270,0,0,0
0,4.991018,0,0,0,270,0,0,0
0,5.001347,0,0,0,270,0,0,0
0,5.014448,0,0,0,270,0,0,0
0,5.027485,0,0,0,270,0,0,0
0,5.04001,0,0,0,270,0,0,0
0,5.053715,0,0,0,270,0,0,0
0,5.067305,0,0,0,270,0,0,0
0,5.077817,0,0,0,270,0,0,0
0,5.088464,0,0,0,270,0,0,0
0,5.099401,0,0,0,270,0,0,0
0,5.110592,0,0,0,270,0,0,0
0,5.123519,0,0,0,270,0,0,0
0,5.134933,0,0,0,270,0,0,0
0,5.147113,0,0,0,270,0,0,0
0,5.158564,0,0,0,270,0,0,0
0,5.169333,0,0,0,270,0,0,0
0,5.181248,0,0,0,270,0,0,0
0,5.193342,0,0,0,270,0,0,0
0,5.204304,0,0,0,270,0,0,0
0,5.218352,0,0,0,270,0,0,0
0,5.229911,0,0,0,270,0,0,0
0,5.240423,0,0,0,270,0,0,0
0,5.25347,0,0,0,270,0,0,0
0,5.265549,0,0,0,270,0,0,0
0,5.279238,0,0,0,270,0,0,0
0,5.292089,0,0,0,270,0,0,0
0,5.306058,0,0,0,270,0,0,0
0,5.318855,0,0,0,270,0,0,0
0,5.330766,0,0,0,270,0,0,0
0,5.34333,0,0,0,270,0,0,0
0,5.355405,0,0,0,270,0,0,0
0,5.36834,0,0,0,270,0,0,0
0,5.382349,0,0,0,270,0,0,0
0,5.396716,0,0,0,270,0,0,0
0,5.411047,0,0,0,270,0,0,0
0,5.433496,0,0,0,270,0,0,0
0,5.460355,0,0,0,270,0,0,0
0,5.479357,0,0,0,270,0,0,0
0,5.500092,0,0,0,270,0,0,0
0,5.513736,0,0,0,270,0,0,0
0,5.52592,0,0,0,270,0,0,0
0,5.538115,0,0,0,270,0,0,0
0,5.549773,0,0,0,270,0,0,0
0,5.561263,0,0,0,270,0,0,0
0,5.574729,0,0,0,270,0,0,0
0,5.587232,0,0,0,270,0,0,0
0,5.599394,0,0,0,270,0,0,0
0,5.612271,0,0,0,270,0,0,0
0,5.623258,0,0,0,270,0,0,0
0,5.633172,0,0,0,270,0,0,0
0,5.642294,0,0,0,270,0,0,0
0,5.651622,0,0,0,270,0,0,0
0,5.659762,0,0,0,270,0,0,0
0,5.669229,0,0,0,270,0,0,0
0,5.678509,0,0,0,270,0,0,0
0,5.68683,0,0,0,270,0,0,0
0,5.695971,0,0,0,270,0,0,0
0,5.706007,0,0,0,270,0,0,0
0,5.714392,0,0,0,270,0,0,0
0,5.723731,0,0,0,270,0,0,0
0,5.732645,0,0,0,270,0,0,0
0,5.742076,0,0,0,270,0,0,0
0,5.75242,0,0,0,270,0,0,0
0,5.762505,0,0,0,270,0,0,0
0,5.772823,0,0,0,270,0,0,0
0,5.782107,0,0,0,270,0,0,0
0,5.791467,0,0,0,270,0,0,0
0,5.798977,0,0,0,270,0,0,0
0,5.809485,0,0,0,270,0,0,0
0,5.81862,0,0,0,270,0,0,0
0,5.826701,0,0,0,270,0,0,0
0,5.835932,0,0,0,270,0,0,0
0,5.845441,0,0,0,270,0,0,0
0,5.854245,0,0,0,270,0,0,0
0,5.863637,0,0,0,270,0,0,0
0,5.874423,0,0,0,270,0,0,0
0,5.883899,0,0,0,270,0,0,0
0,5.893584,0,0,0,270,0,0,0
0,5.90398,0,0,0,270,0,0,0
0,5.914102,0,0,0,270,0,0,0
0,5.921453,0,0,0,270,0,0,0
0,5.931457,0,0,0,270,0,0,0
0,5.942389,0,0,0,270,0,0,0
0,5.952209,0,0,0,270,0,0,0
0,5.963713,0,0,0,270,0,0,0
0,5.973446,0,0,0,270,0,0,0
0,5.981019,0,0,0,270,0,0,0
0,5.991019,0,0,0,270,0,0,0
0,5.999182,0,0,0,270,0,0,0
0,6.007527,0,0,0,270,0,0,0
0,6.016669,0,0,0,270,0,0,0
0,6.034741,0,0,0,270,0,0,0
0,6.047089,0,0,0,270,0,0,0
0,6.058623,0,0,0,270,0,0,0
0,6.071332,0,0,0,270,0,0,0
0,6.084558,0,0,0,270,0,0,0
0,6.096086,0,0,0,270,0,0,0
0,6.106853,0,0,0,270,0,0,0
0,6.117196,0,0,0,270,0,0,0
0,6.127983,0,0,0,270,0,0,0
0,6.140574,0,0,0,270,0,0,0
0,6.152829,0,0,0,270,0,0,0
0,6.164397,0,0,0,270,0,0,0
0,6.175467,0,0,0,270,0,0,0
0,6.189362,0,0,0,270,0,0,0
0,6.200098,0,0,0,270,0,0,0
0,6.211251,0,0,0,270,0,0,0
0,6.2205,0,0,0,270,0,0,0
0,6.232446,0,0,0,270,0,0,0
0,6.243318,0,0,0,270,0,0,0
0,6.255259,0,0,0,270,0,0,0
0,6.266135,0,0,0,270,0,0,0
0,6.278098,0,0,0,270,0,0,0
0,6.289185,0,0,0,270,0,0,0
0,6.299821,0,0,0,270,0,0,0
0,6.310911,0,0,0,270,0,0,0
0,6.322958,0,0,0,270,0,0,0
0,6.334446,0,0,0,270,0,0,0
0,6.345411,0,0,0,270,0,0,0
0,6.355986,0,0,0,270,0,0,0
0,6.366496,0,0,0,270,0,0,0
0,6.376724,0,0,0,270,0,0,0
0,6.386998,0,0,0,270,0,0,0
0,6.398531,0,0,0,270,0,0,0
0,6.409183,0,0,0,270,0,0,0
0,6.419334,0,0,0,270,0,0,0
0,6.431221,0,0,0,270,0,0,0
0,6.442575,0,0,0,270,0,0,0
0,6.453913,0,0,0,270,0,0,0
0,6.464683,0,0,0,270,0,0,0
0,6.476569,0,0,0,270,0,0,0
0,6.48727,0,0,0,270,0,0,0
0,6.498128,0,0,0,270,0,0,0
0,6.51057,0,0,0,270,0,0,0
0,6.523108,0,0,0,270,0,0,0
0,6.537541,0,0,0,270,0,0,0
0,6.55301,0,0,0,270,0,0,0
0,6.56889,0,0,0,270,0,0,0
0,6.581566,0,0,0,270,0,0,0
0,6.594314,0,0,0,270,0,0,0
0,6.605473,0,0,0,270,0,0,0
0,6.618239,0,0,0,270,0,0,0
0,6.630736,0,0,0,270,0,0,0
0,6.641432,0,0,0,270,0,0,0
0,6.651414,0,0,0,270,0,0,0
0,6.663745,0,0,0,270,0,0,0
0,6.680882,0,0,0,270,0,0,0
0,6.697169,0,0,0,270,0,0,0
0,6.705705,0,0,0,270,0,0,0
0,6.714551,0,0,0,270,0,0,0
0,6.723731,0,0,0,270,0,0,0
0,6.731482,0,0,0,270,0,0,0
0,6.740077,0,0,0,270,0,0,0
0,6.748735,0,0,0,270,0,0,0
0,6.757689,0,0,0,270,0,0,0
0,6.765324,0,0,0,270,0,0,0
0,6.774828,0,0,0,270,0,0,0
0,6.784219,0,0,0,270,0,0,0
0,6.792605,0,0,0,270,0,0,0
0,6.80128,0,0,0,270,0,0,0
0,6.808958,0,0,0,270,0,0,0
0,6.818087,0,0,0,270,0,0,0
0,6.827238,0,0,0,270,0,0,0
0,6.836501,0,0,0,270,0,0,0
0,6.843506,0,0,0,270,0,0,0
0,6.851172,0,0,0,270,0,0,0
0,6.858754,0,0,0,270,0,0,0
0,6.868159,0,0,0,270,0,0,0
0,6.876348,0,0,0,270,0,0,0
0,6.885785,0,0,0,270,0,0,0
0,6.893866,0,0,0,270,0,0,0
0,6.901566,0,0,0,270,0,0,0
0,6.907557,0,0,0,270,0,0,0
0,6.915865,0,0,0,270,0,0,0
0,6.923251,0,0,0,270,0,0,0
0,6.931138,0,0,0,270,0,0,0
0,6.938608,0,0,0,270,0,0,0
0,6.946257,0,0,0,270,0,0,0
0,6.953771,0,0,0,270,0,0,0
0,6.964066,0,0,0,270,0,0,0
0,6.973984,0,0,0,270,0,0,0
0,6.983868,0,0,0,270,0,0,0
0,6.993073,0,0,0,270,0,0,0
0,7.001328,0,0,0,270,0,0,0
0,7.008471,0,0,0,270,0,0,0
0,7.016539,0,0,0,270,0,0,0
0,7.025253,0,0,0,270,0,0,0
0,7.033701,0,0,0,270,0,0,0
0,7.04062,0,0,0,270,0,0,0
0,7.048502,0,0,0,270,0,0,0
0,7.058921,0,0,0,270,0,0,0
0,7.067669,0,0,0,270,0,0,0
0,7.074677,0,0,0,270,0,0,0
0,7.083252,0,0,0,270,0,0,0
0,7.091522,0,0,0,270,0,0,0
0,7.101162,0,0,0,270,0,0,0
0,7.111621,0,0,0,270,0,0,0
0,7.12133,0,0,0,270,0,0,0
0,7.131011,0,0,0,270,0,0,0
0,7.139001,0,0,0,270,0,0,0
0,7.14986,0,0,0,270,0,0,0
0,7.158352,0,0,0,270,0,0,0
0,7.167257,0,0,0,270,0,0,0
0,7.175579,0,0,0,270,0,0,0
0,7.186108,0,0,0,270,0,0,0
0,7.19557,0,0,0,270,0,0,0
0,7.204668,0,0,0,270,0,0,0
0,7.213625,0,0,0,270,0,0,0
0,7.221582,0,0,0,270,0,0,0
0,7.228997,0,0,0,270,0,0,0
0,7.236786,0,0,0,270,0,0,0
0,7.244653,0,0,0,270,0,0,0
0,7.252298,0,0,0,270,0,0,0
0,7.261139,0,0,0,270,0,0,0
0,7.2695,0,0,0,270,0,0,0
0,7.276907,0,0,0,270,0,0,0
0,7.285172,0,0,0,270,0,0,0
0,7.293431,0,0,0,270,0,0,0
0,7.302883,0,0,0,270,0,0,0
0,7.31214,0,0,0,270,0,0,0
0,7.320631,0,0,0,270,0,0,0
0,7.330463,0,0,0,270,0,0,0
0,7.341356,0,0,0,270,0,0,0
0,7.353024,0,0,0,270,0,0,0
0,7.364355,0,0,0,270,0,0,0
0,7.375958,0,0,0,270,0,0,0
0,7.385406,0,0,0,270,0,0,0
0,7.397539,0,0,0,270,0,0,0
0,7.408737,0,0,0,270,0,0,0
0,7.416865,0,0,0,270,0,0,0
0,7.427173,0,0,0,270,0,0,0
0,7.439589,0,0,0,270,0,0,0
0,7.449743,0,0,0,270,0,0,0
0,7.462071,0,0,0,270,0,0,0
0,7.475375,0,0,0,270,0,0,0
0,7.487591,0,0,0,270,0,0,0
0,7.502547,0,0,0,270,0,0,0
0,7.514898,0,0,0,270,0,0,0
0,7.526217,0,0,0,270,0,0,0
0,7.537546,0,0,0,270,0,0,0
0,7.547204,0,0,0,270,0,0,0
0,7.558353,0,0,0,270,0,0,0
0,7.56952,0,0,0,270,0,0,0
0,7.580383,0,0,0,270,0,0,0
0,7.593881,0,0,0,270,0,0,0
0,7.607348,0,0,0,270,0,0,0
0,7.618692,0,0,0,270,0,0,0
0,7.630441,0,0,0,270,0,0,0
0,7.641238,0,0,0,270,0,0,0
0,7.651457,0,0,0,270,0,0,0
0,7.66159,0,0,0,270,0,0,0
0,7.671384,0,0,0,270,0,0,0
0,7.681631,0,0,0,270,0,0,0
0,7.692251,0,0,0,270,0,0,0
0,7.703625,0,0,0,270,0,0,0
0,7.71341,0,0,0,270,0,0,0
0,7.722696,0,0,0,270,0,0,0
0,7.733046,0,0,0,270,0,0,0
0,7.743512,0,0,0,270,0,0,0
0,7.755773,0,0,0,270,0,0,0
0,7.764662,0,0,0,270,0,0,0
0,7.775282,0,0,0,270,0,0,0
0,7.786263,0,0,0,270,0,0,0
0,7.797173,0,0,0,270,0,0,0
0,7.809272,0,0,0,270,0,0,0
0,7.820441,0,0,0,270,0,0,0
0,7.832692,0,0,0,270,0,0,0
0,7.846141,0,0,0,270,0,0,0
0,7.857664,0,0,0,270,0,0,0
0,7.868937,0,0,0,270,0,0,0
0,7.879766,0,0,0,270,0,0,0
0,7.891331,0,0,0,270,0,0,0
0,7.902392,0,0,0,270,0,0,0
0,7.913425,0,0,0,270,0,0,0
0,7.923353,0,0,0,270,0,0,0
0,7.932683,0,0,0,270,0,0,0
0,7.942249,0,0,0,270,0,0,0
0,7.95069,0,0,0,270,0,0,0
0,7.959319,0,0,0,270,0,0,0
0,7.967924,0,0,0,270,0,0,0
0,7.978485,0,0,0,270,0,0,0
0,7.991103,0,0,0,270,0,0,0
0,8.002974,0,0,0,270,0,0,0
0,8.014891,0,0,0,270,0,0,0
0,8.024274,0,0,0,270,0,0,0
0,8.035135,0,0,0,270,0,0,0
0,8.046397,0,0,0,270,0,0,0
0,8.058323,0,0,0,270,0,0,0
0,8.070644,0,0,0,270,0,0,0
0,8.082814,0,0,0,270,0,0,0
0,8.094606,0,0,0,270,0,0,0
0,8.106791,0,0,0,270,0,0,0
0,8.118747,0,0,0,270,0,0,0
0,8.135151,0,0,0,270,0,0,0
0,8.145989,0,0,0,270,0,0,0
0,8.154522,0,0,0,270,0,0,0
0,8.165178,0,0,0,270,0,0,0
0,8.173565,0,0,0,270,0,0,0
0,8.181872,0,0,0,270,0,0,0
0,8.190649,0,0,0,270,0,0,0
0,8.198583,0,0,0,270,0,0,0
0,8.207543,0,0,0,270,0,0,0
0,8.215549,0,0,0,270,0,0,0
0,8.223781,0,0,0,270,0,0,0
0,8.232554,0,0,0,270,0,0,0
0,8.241642,0,0,0,270,0,0,0
0,8.250647,0,0,0,270,0,0,0
0,8.260374,0,0,0,270,0,0,0
0,8.269436,0,0,0,270,0,0,0
0,8.278717,0,0,0,270,0,0,0
0,8.287665,0,0,0,270,0,0,0
0,8.296686,0,0,0,270,0,0,0
0,8.305208,0,0,0,270,0,0,0
0,8.313171,0,0,0,270,0,0,0
0,8.322798,0,0,0,270,0,0,0
0,8.330727,0,0,0,270,0,0,0
0,8.339862,0,0,0,270,0,0,0
0,8.34962,0,0,0,270,0,0,0
0,8.357674,0,0,0,270,0,0,0
0,8.365677,0,0,0,270,0,0,0
0,8.375093,0,0,0,270,0,0,0
0,8.384449,0,0,0,270,0,0,0
0,8.39366,0,0,0,270,0,0,0
0,8.403111,0,0,0,270,0,0,0
0,8.413012,0,0,0,270,0,0,0
0,8.422421,0,0,0,270,0,0,0
0,8.431153,0,0,0,270,0,0,0
0,8.439921,0,0,0,270,0,0,0
0,8.450064,0,0,0,270,0,0,0
0,8.45957,0,0,0,270,0,0,0
0,8.470366,0,0,0,270,0,0,0
0,8.481495,0,0,0,270,0,0,0
0,8.492884,0,0,0,270,0,0,0
0,8.503177,0,0,0,270,0,0,0
0,8.515257,0,0,0,270,0,0,0
0,8.526303,0,0,0,270,0,0,0
0,8.53786,0,0,0,270,0,0,0
0,8.548938,0,0,0,270,0,0,0
0,8.560479,0,0,0,270,0,0,0
0,8.57206,0,0,0,270,0,0,0
0,8.584096,0,0,0,270,0,0,0
0,8.594366,0,0,0,270,0,0,0
0,8.617979,0,0,0,270,0,0,0
0,8.629714,0,0,0,270,0,0,0
0,8.640499,0,0,0,270,0,0,0
0,8.652392,0,0,0,270,0,0,0
0,8.665689,0,0,0,270,0,0,0
0,8.676993,0,0,0,270,0,0,0
0,8.688706,0,0,0,270,0,0,0
0,8.701392,0,0,0,270,0,0,0
0,8.71333,0,0,0,270,0,0,0
0,8.724617,0,0,0,270,0,0,0
0,8.737112,0,0,0,270,0,0,0
0,8.746865,0,0,0,270,0,0,0
0,8.758925,0,0,0,270,0,0,0
0,8.770285,0,0,0,270,0,0,0
0,8.781662,0,0,0,270,0,0,0
0,8.792465,0,0,0,270,0,0,0
0,8.803745,0,0,0,270,0,0,0
0,8.815155,0,0,0,270,0,0,0
0,8.826624,0,0,0,270,0,0,0
0,8.83875,0,0,0,270,0,0,0
0,8.849543,0,0,0,270,0,0,0
0,8.859215,0,0,0,270,0,0,0
0,8.869652,0,0,0,270,0,0,0
0,8.880344,0,0,0,270,0,0,0
0,8.890744,0,0,0,270,0,0,0
0,8.902341,0,0,0,270,0,0,0
0,8.913639,0,0,0,270,0,0,0
0,8.925597,0,0,0,270,0,0,0
0,8.935056,0,0,0,270,0,0,0
0,8.946341,0,0,0,270,0,0,0
0,8.957773,0,0,0,270,0,0,0
0,8.968629,0,0,0,270,0,0,0
0,8.980147,0,0,0,270,0,0,0
0,8.991634,0,0,0,270,0,0,0
0,9.003278,0,0,0,270,0,0,0
0,9.016188,0,0,0,270,0,0,0
0,9.029093,0,0,0,270,0,0,0
0,9.042066,0,0,0,270,0,0,0
0,9.054767,0,0,0,270,0,0,0
0,9.067769,0,0,0,270,0,0,0
0,9.078938,0,0,0,270,0,0,0
0,9.09107,0,0,0,270,0,0,0
0,9.102427,0,0,0,270,0,0,0
0,9.113309,0,0,0,270,0,0,0
0,9.124,0,0,0,270,0,0,0
0,9.134918,0,0,0,270,0,0,0
0,9.14547,0,0,0,270,0,0,0
0,9.158111,0,0,0,270,0,0,0
0,9.167975,0,0,0,270,0,0,0
0,9.178144,0,0,0,270,0,0,0
0,9.188149,0,0,0,270,0,0,0
0,9.198714,0,0,0,270,0,0,0
0,9.209161,0,0,0,270,0,0,0
0,9.21895,0,0,0,270,0,0,0
0,9.227964,0,0,0,270,0,0,0
0,9.237933,0,0,0,270,0,0,0
0,9.247681,0,0,0,270,0,0,0
0,9.257205,0,0,0,270,0,0,0
0,9.267019,0,0,0,270,0,0,0
0,9.276243,0,0,0,270,0,0,0
0,9.286226,0,0,0,270,0,0,0
0,9.295444,0,0,0,270,0,0,0
0,9.306013,0,0,0,270,0,0,0
0,9.314809,0,0,0,270,0,0,0
0,9.32338,0,0,0,270,0,0,0
0,9.330701,0,0,0,270,0,0,0
0,9.339086,0,0,0,270,0,0,0
0,9.347669,0,0,0,270,0,0,0
0,9.355055,0,0,0,270,0,0,0
0,9.363193,0,0,0,270,0,0,0
0,9.372863,0,0,0,270,0,0,0
0,9.382022,0,0,0,270,0,0,0
0,9.390405,0,0,0,270,0,0,0
0,9.400982,0,0,0,270,0,0,0
0,9.409935,0,0,0,270,0,0,0
0,9.41907,0,0,0,270,0,0,0
0,9.42893,0,0,0,270,0,0,0
0,9.439055,0,0,0,270,0,0,0
0,9.448157,0,0,0,270,0,0,0
0,9.457371,0,0,0,270,0,0,0
0,9.465551,0,0,0,270,0,0,0
0,9.483569,0,0,0,270,0,0,0
0,9.495592,0,0,0,270,0,0,0
0,9.504507,0,0,0,270,0,0,0
0,9.512779,0,0,0,270,0,0,0
0,9.522912,0,0,0,270,0,0,0
0,9.531067,0,0,0,270,0,0,0
0,9.541803,0,0,0,270,0,0,0
0,9.55174,0,0,0,270,0,0,0
0,9.56063,0,0,0,270,0,0,0
0,9.570759,0,0,0,270,0,0,0
0,9.579972,0,0,0,270,0,0,0
0,9.590158,0,0,0,270,0,0,0
0,9.59938,0,0,0,270,0,0,0
0,9.608173,0,0,0,270,0,0,0
0,9.618693,0,0,0,270,0,0,0
0,9.628872,0,0,0,270,0,0,0
0,9.637414,0,0,0,270,0,0,0
0,9.648812,0,0,0,270,0,0,0
0,9.658535,0,0,0,270,0,0,0
0,9.672448,0,0,0,270,0,0,0
0,9.681951,0,0,0,270,0,0,0
0,9.691571,0,0,0,270,0,0,0
0,9.702288,0,0,0,270,0,0,0
0,9.713974,0,0,0,270,0,0,0
0,9.725836,0,0,0,270,0,0,0
0,9.737041,0,0,0,270,0,0,0
0,9.750129,0,0,0,270,0,0,0
0,9.762933,0,0,0,270,0,0,0
0,9.774871,0,0,0,270,0,0,0
0,9.786839,0,0,0,270,0,0,0
0,9.797688,0,0,0,270,0,0,0
0,9.809505,0,0,0,270,0,0,0
0,9.822145,0,0,0,270,0,0,0
0,9.834647,0,0,0,270,0,0,0
0,9.846012,0,0,0,270,0,0,0
0,9.858369,0,0,0,270,0,0,0
0,9.871562,0,0,0,270,0,0,0
0,9.883253,0,0,0,270,0,0,0
0,9.894315,0,0,0,270,0,0,0
0,9.906371,0,0,0,270,0,0,0
0,9.919762,0,0,0,270,0,0,0
0,9.932221,0,0,0,270,0,0,0
0,9.945807,0,0,0,270,0,0,0
0,9.956519,0,0,0,270,0,0,0
0,9.969192,0,0,0,270,0,0,0
0,9.980591,0,0,0,270,0,0,0
0,9.993344,0,0,0,270,0,0,0
0,10.0076,0,0,0,270,0,0,0
0,10.02059,0,0,0,270,0,0,0
0,10.0356,0,0,0,270,0,0,0
0,10.04923,0,0,0,270,0,0,0
0,10.06526,0,0,0,270,0,0,0
0,10.07791,0,0,0,270,0,0,0
0,10.09122,0,0,0,270,0,0,0
0,10.10318,0,0,0,270,0,0,0
0,10.11624,0,0,0,270,0,0,0
0,10.12964,0,0,0,270,0,0,0
0,10.14187,0,0,0,270,0,0,0
0,10.15387,0,0,0,270,0,0,0
0,10.16682,0,0,0,270,0,0,0
0,10.18126,0,0,0,270,0,0,0
0,10.19568,0,0,0,270,0,0,0
0,10.20809,0,0,0,270,0,0,0
0,10.22151,0,0,0,270,0,0,0
0,10.23358,0,0,0,270,0,0,0
0,10.24655,0,0,0,270,0,0,0
0,10.26103,0,0,0,270,0,0,0
0,10.27627,0,0,0,270,0,0,0
0,10.29115,0,0,0,270,0,0,0
0,10.30525,0,0,0,270,0,0,0
0,10.31902,0,0,0,270,0,0,0
0,10.33238,0,0,0,270,0,0,0
0,10.3447,0,0,0,270,0,0,0
0,10.3586,0,0,0,270,0,0,0
0,10.37209,0,0,0,270,0,0,0
0,10.38456,0,0,0,270,0,0,0
0,10.39797,0,0,0,270,0,0,0
0,10.40971,0,0,0,270,0,0,0
0,10.4231,0,0,0,270,0,0,0
0,10.43435,0,0,0,270,0,0,0
0,10.44787,0,0,0,270,0,0,0
0,10.45885,0,0,0,270,0,0,0
0,10.46835,0,0,0,270,0,0,0
0,10.4789,0,0,0,270,0,0,0
0,10.48864,0,0,0,270,0,0,0
0,10.49828,0,0,0,270,0,0,0
0,10.51044,0,0,0,270,0,0,0
0,10.52199,0,0,0,270,0,0,0
0,10.53345,0,0,0,270,0,0,0
0,10.54697,0,0,0,270,0,0,0
0,10.55828,0,0,0,270,0,0,0
0,10.56946,0,0,0,270,0,0,0
0,10.57965,0,0,0,270,0,0,0
0,10.59147,0,0,0,270,0,0,0
0,10.60161,0,0,0,270,0,0,0
0,10.61167,0,0,0,270,0,0,0
0,10.62087,0,0,0,270,0,0,0
0,10.63232,0,0,0,270,0,0,0
0,10.6425,0,0,0,270,0,0,0
0,10.65256,0,0,0,270,0,0,0
0,10.66208,0,0,0,270,0,0,0
0,10.67164,0,0,0,270,0,0,0
0,10.6811,0,0,0,270,0,0,0
0,10.69032,0,0,0,270,0,0,0
0,10.6985,0,0,0,270,0,0,0
0,10.70688,0,0,0,270,0,0,0
0,10.71749,0,0,0,270,0,0,0
0,10.7275,0,0,0,270,0,0,0
0,10.73496,0,0,0,270,0,0,0
0,10.74293,0,0,0,270,0,0,0
0,10.75203,0,0,0,270,0,0,0
0,10.76206,0,0,0,270,0,0,0
0,10.7719,0,0,0,270,0,0,0
0,10.781,0,0,0,270,0,0,0
0,10.79748,0,0,0,270,0,0,0
0,10.81487,0,0,0,270,0,0,0
0,10.82407,0,0,0,270,0,0,0
0,10.8341,0,0,0,270,0,0,0
0,10.84379,0,0,0,270,0,0,0
0,10.85454,0,0,0,270,0,0,0
0,10.86542,0,0,0,270,0,0,0
0,10.87475,0,0,0,270,0,0,0
0,10.88471,0,0,0,270,0,0,0
0,10.89363,0,0,0,270,0,0,0
0,10.90462,0,0,0,270,0,0,0
0,10.91509,0,0,0,270,0,0,0
0,10.92545,0,0,0,270,0,0,0
0,10.93578,0,0,0,270,0,0,0
0,10.94769,0,0,0,270,0,0,0
0,10.95895,0,0,0,270,0,0,0
0,10.97152,0,0,0,270,0,0,0
0,10.98456,0,0,0,270,0,0,0
0,10.99876,0,0,0,270,0,0,0
0,11.01238,0,0,0,270,0,0,0
0,11.0248,0,0,0,270,0,0,0
0,11.03737,0,0,0,270,0,0,0
0,11.04921,0,0,0,270,0,0,0
0,11.06254,0,0,0,270,0,0,0
0,11.07546,0,0,0,270,0,0,0
0,11.08767,0,0,0,270,0,0,0
0,11.09957,0,0,0,270,0,0,0
0,11.11477,0,0,0,270,0,0,0
0,11.12941,0,0,0,270,0,0,0
0,11.14445,0,0,0,270,0,0,0
0,11.15835,0,0,0,270,0,0,0
0,11.17237,0,0,0,270,0,0,0
0,11.18534,0,0,0,270,0,0,0
0,11.19962,0,0,0,270,0,0,0
0,11.2167,0,0,0,270,0,0,0
0,11.23089,0,0,0,270,0,0,0
0,11.24287,0,0,0,270,0,0,0
0,11.25521,0,0,0,270,0,0,0
0,11.26777,0,0,0,270,0,0,0
0,11.28328,0,0,0,270,0,0,0
0,11.29636,0,0,0,270,0,0,0
0,11.3103,0,0,0,270,0,0,0
0,11.32224,0,0,0,270,0,0,0
0,11.33337,0,0,0,270,0,0,0
0,11.34525,0,0,0,270,0,0,0
0,11.35819,0,0,0,270,0,0,0
0,11.36877,0,0,0,270,0,0,0
0,11.37995,0,0,0,270,0,0,0
0,11.39229,0,0,0,270,0,0,0
0,11.40465,0,0,0,270,0,0,0
0,11.41698,0,0,0,270,0,0,0
0,11.4299,0,0,0,270,0,0,0
0,11.44357,0,0,0,270,0,0,0
0,11.45709,0,0,0,270,0,0,0
0,11.4709,0,0,0,270,0,0,0
0,11.49211,0,0,0,270,0,0,0
0,11.52068,0,0,0,270,0,0,0
0,11.53826,0,0,0,270,0,0,0
0,11.57755,0,0,0,270,0,0,0
0,11.60927,0,0,0,270,0,0,0
0,11.62755,0,0,0,270,0,0,0
0,11.65154,0,0,0,270,0,0,0
0,11.66961,0,0,0,270,0,0,0
0,11.68414,0,0,0,270,0,0,0
0,11.70413,0,0,0,270,0,0,0
0,11.72775,0,0,0,270,0,0,0
0,11.75007,0,0,0,270,0,0,0
0,11.76577,0,0,0,270,0,0,0
0,11.78071,0,0,0,270,0,0,0
0,11.80078,0,0,0,270,0,0,0
0,11.81904,0,0,0,270,0,0,0
0,11.83051,0,0,0,270,0,0,0
0,11.8445,0,0,0,270,0,0,0
0,11.859,0,0,0,270,0,0,0
0,11.87703,0,0,0,270,0,0,0
0,11.88767,0,0,0,270,0,0,0
0,11.90224,0,0,0,270,0,0,0
0,11.91394,0,0,0,270,0,0,0
0,11.92961,0,0,0,270,0,0,0
0,11.94275,0,0,0,270,0,0,0
0,11.95888,0,0,0,270,0,0,0
0,11.9708,0,0,0,270,0,0,0
0,11.98236,0,0,0,270,0,0,0
0,11.99535,0,0,0,270,0,0,0
0,12.00623,0,0,0,270,0,0,0
0,12.01852,0,0,0,270,0,0,0
0,12.02983,0,0,0,270,0,0,0
0,12.04115,0,0,0,270,0,0,0
0,12.0531,0,0,0,270,0,0,0
0,12.06388,0,0,0,270,0,0,0
0,12.07491,0,0,0,270,0,0,0
0,12.08976,0,0,0,270,0,0,0
0,12.10227,0,0,0,270,0,0,0
0,12.11466,0,0,0,270,0,0,0
0,12.12524,0,0,0,270,0,0,0
0,12.13477,0,0,0,270,0,0,0
0,12.1503,0,0,0,270,0,0,0
0,12.16324,0,0,0,270,0,0,0
0,12.17793,0,0,0,270,0,0,0
0,12.18835,0,0,0,270,0,0,0
0,12.1971,0,0,0,270,0,0,0
0,12.20708,0,0,0,270,0,0,0
0,12.21758,0,0,0,270,0,0,0
0,12.22827,0,0,0,270,0,0,0
0,12.23811,0,0,0,270,0,0,0
0,12.247,0,0,0,270,0,0,0
0,12.25596,0,0,0,270,0,0,0
0,12.26382,0,0,0,270,0,0,0
0,12.27318,0,0,0,270,0,0,0
0,12.28184,0,0,0,270,0,0,0
0,12.29139,0,0,0,270,0,0,0
0,12.30111,0,0,0,270,0,0,0
0,12.31071,0,0,0,270,0,0,0
0,12.32188,0,0,0,270,0,0,0
0,12.33429,0,0,0,270,0,0,0
0,12.3459,0,0,0,270,0,0,0
0,12.35777,0,0,0,270,0,0,0
0,12.37108,0,0,0,270,0,0,0
0,12.38377,0,0,0,270,0,0,0
0,12.40214,0,0,0,270,0,0,0
0,12.41924,0,0,0,270,0,0,0
0,12.44963,0,0,0,270,0,0,0
0,12.46534,0,0,0,270,0,0,0
0,12.48603,0,0,0,270,0,0,0
0,12.50175,0,0,0,270,0,0,0
0,12.52976,0,0,0,270,0,0,0
0,12.58891,0,0,0,270,0,0,0
0,12.62655,0,0,0,270,0,0,0
0,12.64246,0,0,0,270,0,0,0
0,12.66918,0,0,0,270,0,0,0
0,12.68382,0,0,0,270,0,0,0
0,12.70099,0,0,0,270,0,0,0
0,12.72016,0,0,0,270,0,0,0
0,12.74387,0,0,0,270,0,0,0
0,12.76355,0,0,0,270,0,0,0
0,12.77802,0,0,0,270,0,0,0
0,12.79267,0,0,0,270,0,0,0
0,12.80922,0,0,0,270,0,0,0
0,12.8367,0,0,0,270,0,0,0
0,12.85406,0,0,0,270,0,0,0
0,12.87515,0,0,0,270,0,0,0
0,12.89184,0,0,0,270,0,0,0
0,12.91062,0,0,0,270,0,0,0
0,12.92768,0,0,0,270,0,0,0
0,12.93819,0,0,0,270,0,0,0
0,12.94943,0,0,0,270,0,0,0
0,12.96015,0,0,0,270,0,0,0
0,12.97315,0,0,0,270,0,0,0
0,12.98593,0,0,0,270,0,0,0
0,13.00018,0,0,0,270,0,0,0
0,13.01223,0,0,0,270,0,0,0
0,13.02613,0,0,0,270,0,0,0
0,13.04248,0,0,0,270,0,0,0
0,13.05507,0,0,0,270,0,0,0
0,13.06973,0,0,0,270,0,0,0
0,13.07915,0,0,0,270,0,0,0
0,13.08964,0,0,0,270,0,0,0
0,13.10187,0,0,0,270,0,0,0
0,13.11877,0,0,0,270,0,0,0
0,13.13137,0,0,0,270,0,0,0
0,13.15054,0,0,0,270,0,0,0
0,13.16176,0,0,0,270,0,0,0
0,13.17271,0,0,0,270,0,0,0
0,13.1852,0,0,0,270,0,0,0
0,13.19967,0,0,0,270,0,0,0
0,13.21378,0,0,0,270,0,0,0
0,13.22722,0,0,0,270,0,0,0
0,13.23614,0,0,0,270,0,0,0
0,13.2463,0,0,0,270,0,0,0
0,13.25929,0,0,0,270,0,0,0
0,13.2694,0,0,0,270,0,0,0
0,13.27729,0,0,0,270,0,0,0
0,13.28721,0,0,0,270,0,0,0
0,13.2969,0,0,0,270,0,0,0
0,13.30731,0,0,0,270,0,0,0
0,13.31765,0,0,0,270,0,0,0
0,13.32752,0,0,0,270,0,0,0
0,13.33747,0,0,0,270,0,0,0
0,13.34811,0,0,0,270,0,0,0
0,13.35709,0,0,0,270,0,0,0
0,13.37788,0,0,0,270,0,0,0
0,13.38768,0,0,0,270,0,0,0
0,13.39821,0,0,0,270,0,0,0
0,13.40696,0,0,0,270,0,0,0
0,13.41583,0,0,0,270,0,0,0
0,13.42452,0,0,0,270,0,0,0
0,13.4343,0,0,0,270,0,0,0
0,13.4426,0,0,0,270,0,0,0
0,13.45216,0,0,0,270,0,0,0
0,13.46509,0,0,0,270,0,0,0
0,13.47472,0,0,0,270,0,0,0
0,13.48461,0,0,0,270,0,0,0
0,13.49524,0,0,0,270,0,0,0
0,13.50536,0,0,0,270,0,0,0
0,13.51562,0,0,0,270,0,0,0
0,13.52716,0,0,0,270,0,0,0
0,13.53838,0,0,0,270,0,0,0
0,13.54726,0,0,0,270,0,0,0
0,13.5591,0,0,0,270,0,0,0
0,13.56975,0,0,0,270,0,0,0
0,13.58186,0,0,0,270,0,0,0
0,13.59334,0,0,0,270,0,0,0
0,13.60528,0,0,0,270,0,0,0
0,13.61616,0,0,0,270,0,0,0
0,13.62609,0,0,0,270,0,0,0
0,13.63684,0,0,0,270,0,0,0
0,13.64811,0,0,0,270,0,0,0
0,13.65754,0,0,0,270,0,0,0
0,13.67628,0,0,0,270,0,0,0
0,13.68734,0,0,0,270,0,0,0
0,13.69917,0,0,0,270,0,0,0
0,13.70982,0,0,0,270,0,0,0
0,13.72033,0,0,0,270,0,0,0
0,13.73137,0,0,0,270,0,0,0
0,13.74296,0,0,0,270,0,0,0
0,13.75484,0,0,0,270,0,0,0
0,13.76632,0,0,0,270,0,0,0
0,13.77717,0,0,0,270,0,0,0
0,13.78698,0,0,0,270,0,0,0
0,13.79842,0,0,0,270,0,0,0
0,13.80943,0,0,0,270,0,0,0
0,13.82083,0,0,0,270,0,0,0
0,13.83194,0,0,0,270,0,0,0
0,13.84307,0,0,0,270,0,0,0
0,13.85486,0,0,0,270,0,0,0
0,13.86433,0,0,0,270,0,0,0
0,13.87565,0,0,0,270,0,0,0
0,13.89116,0,0,0,270,0,0,0
0,13.90788,0,0,0,270,0,0,0
0,13.92754,0,0,0,270,0,0,0
0,13.94184,0,0,0,270,0,0,0
0,13.96198,0,0,0,270,0,0,0
0,13.97638,0,0,0,270,0,0,0
0,13.98881,0,0,0,270,0,0,0
0,14.00403,0,0,0,270,0,0,0
0,14.01984,0,0,0,270,0,0,0
0,14.03615,0,0,0,270,0,0,0
0,14.05307,0,0,0,270,0,0,0
0,14.08208,0,0,0,270,0,0,0
0,14.11457,0,0,0,270,0,0,0
0,14.15333,0,0,0,270,0,0,0
0,14.16773,0,0,0,270,0,0,0
0,14.18674,0,0,0,270,0,0,0
0,14.20238,0,0,0,270,0,0,0
0,14.21901,0,0,0,270,0,0,0
0,14.23079,0,0,0,270,0,0,0
0,14.24359,0,0,0,270,0,0,0
0,14.25699,0,0,0,270,0,0,0
0,14.26862,0,0,0,270,0,0,0
0,14.29194,0,0,0,270,0,0,0
0,14.30237,0,0,0,270,0,0,0
0,14.31177,0,0,0,270,0,0,0
0,14.32118,0,0,0,270,0,0,0
0,14.33206,0,0,0,270,0,0,0
0,14.34276,0,0,0,270,0,0,0
0,14.35437,0,0,0,270,0,0,0
0,14.36536,0,0,0,270,0,0,0
0,14.37655,0,0,0,270,0,0,0
0,14.38718,0,0,0,270,0,0,0
0,14.39865,0,0,0,270,0,0,0
0,14.41058,0,0,0,270,0,0,0
0,14.42244,0,0,0,270,0,0,0
0,14.435,0,0,0,270,0,0,0
0,14.4456,0,0,0,270,0,0,0
0,14.45537,0,0,0,270,0,0,0
0,14.46624,0,0,0,270,0,0,0
0,14.47791,0,0,0,270,0,0,0
0,14.48895,0,0,0,270,0,0,0
0,14.49975,0,0,0,270,0,0,0
0,14.5113,0,0,0,270,0,0,0
0,14.52458,0,0,0,270,0,0,0
0,14.53493,0,0,0,270,0,0,0
0,14.54654,0,0,0,270,0,0,0
0,14.5578,0,0,0,270,0,0,0
0,14.56931,0,0,0,270,0,0,0
0,14.58076,0,0,0,270,0,0,0
0,14.59218,0,0,0,270,0,0,0
0,14.60483,0,0,0,270,0,0,0
0,14.61791,0,0,0,270,0,0,0
0,14.63128,0,0,0,270,0,0,0
0,14.64311,0,0,0,270,0,0,0
0,14.65458,0,0,0,270,0,0,0
0,14.66787,0,0,0,270,0,0,0
0,14.68055,0,0,0,270,0,0,0
0,14.69125,0,0,0,270,0,0,0
0,14.70317,0,0,0,270,0,0,0
0,14.71524,0,0,0,270,0,0,0
0,14.72779,0,0,0,270,0,0,0
0,14.74094,0,0,0,270,0,0,0
0,14.75847,0,0,0,270,0,0,0
0,14.77345,0,0,0,270,0,0,0
0,14.79188,0,0,0,270,0,0,0
0,14.811,0,0,0,270,0,0,0
0,14.82869,0,0,0,270,0,0,0
0,14.85061,0,0,0,270,0,0,0
0,14.86568,0,0,0,270,0,0,0
0,14.87717,0,0,0,270,0,0,0
0,14.88961,0,0,0,270,0,0,0
0,14.90048,0,0,0,270,0,0,0
0,14.91502,0,0,0,270,0,0,0
0,14.92934,0,0,0,270,0,0,0
0,14.94139,0,0,0,270,0,0,0
0,14.95067,0,0,0,270,0,0,0
0,14.96125,0,0,0,270,0,0,0
0,14.9715,0,0,0,270,0,0,0
0,14.98118,0,0,0,270,0,0,0
0,14.99132,0,0,0,270,0,0,0
0,15.00243,0,0,0,270,0,0,0
0,15.01398,0,0,0,270,0,0,0
0,15.02476,0,0,0,270,0,0,0
0,15.03644,0,0,0,270,0,0,0
0,15.04979,0,0,0,270,0,0,0
0,15.06243,0,0,0,270,0,0,0
0,15.07405,0,0,0,270,0,0,0
0,15.08549,0,0,0,270,0,0,0
0,15.09804,0,0,0,270,0,0,0
0,15.10811,0,0,0,270,0,0,0
0,15.11948,0,0,0,270,0,0,0
0,15.13055,0,0,0,270,0,0,0
0,15.14122,0,0,0,270,0,0,0
0,15.15485,0,0,0,270,0,0,0
0,15.16594,0,0,0,270,0,0,0
0,15.17794,0,0,0,270,0,0,0
0,15.18961,0,0,0,270,0,0,0
0,15.20288,0,0,0,270,0,0,0
0,15.21572,0,0,0,270,0,0,0
0,15.22635,0,0,0,270,0,0,0
0,15.2378,0,0,0,270,0,0,0
0,15.24925,0,0,0,270,0,0,0
0,15.25939,0,0,0,270,0,0,0
0,15.26984,0,0,0,270,0,0,0
0,15.28064,0,0,0,270,0,0,0
0,15.29126,0,0,0,270,0,0,0
0,15.30257,0,0,0,270,0,0,0
0,15.31633,0,0,0,270,0,0,0
0,15.32814,0,0,0,270,0,0,0
0,15.33986,0,0,0,270,0,0,0
0,15.35079,0,0,0,270,0,0,0
0,15.36046,0,0,0,270,0,0,0
0,15.3716,0,0,0,270,0,0,0
0,15.38198,0,0,0,270,0,0,0
0,15.39359,0,0,0,270,0,0,0
0,15.40526,0,0,0,270,0,0,0
0,15.4181,0,0,0,270,0,0,0
0,15.43475,0,0,0,270,0,0,0
0,15.44964,0,0,0,270,0,0,0
0,15.46182,0,0,0,270,0,0,0
0,15.47521,0,0,0,270,0,0,0
0,15.48693,0,0,0,270,0,0,0
0,15.4995,0,0,0,270,0,0,0
0,15.51187,0,0,0,270,0,0,0
0,15.52424,0,0,0,270,0,0,0
0,15.53659,0,0,0,270,0,0,0
0,15.55049,0,0,0,270,0,0,0
0,15.56257,0,0,0,270,0,0,0
0,15.5762,0,0,0,270,0,0,0
0,15.59171,0,0,0,270,0,0,0
0,15.60607,0,0,0,270,0,0,0
0,15.62402,0,0,0,270,0,0,0
0,15.6373,0,0,0,270,0,0,0
0,15.65405,0,0,0,270,0,0,0
0,15.66836,0,0,0,270,0,0,0
0,15.68197,0,0,0,270,0,0,0
0,15.69602,0,0,0,270,0,0,0
0,15.71259,0,0,0,270,0,0,0
0,15.72627,0,0,0,270,0,0,0
0,15.74022,0,0,0,270,0,0,0
0,15.75284,0,0,0,270,0,0,0
0,15.7649,0,0,0,270,0,0,0
0,15.77822,0,0,0,270,0,0,0
0,15.79074,0,0,0,270,0,0,0
0,15.80409,0,0,0,270,0,0,0
0,15.81618,0,0,0,270,0,0,0
0,15.82776,0,0,0,270,0,0,0
0,15.83977,0,0,0,270,0,0,0
0,15.85232,0,0,0,270,0,0,0
0,15.86437,0,0,0,270,0,0,0
0,15.87623,0,0,0,270,0,0,0
0,15.88761,0,0,0,270,0,0,0
0,15.89916,0,0,0,270,0,0,0
0,15.91129,0,0,0,270,0,0,0
0,15.9233,0,0,0,270,0,0,0
0,15.93446,0,0,0,270,0,0,0
0,15.94404,0,0,0,270,0,0,0
0,15.95509,0,0,0,270,0,0,0
0,15.96589,0,0,0,270,0,0,0
0,15.97757,0,0,0,270,0,0,0
0,15.99134,0,0,0,270,0,0,0
0,16.00267,0,0,0,270,0,0,0
0,16.01442,0,0,0,270,0,0,0
0,16.02727,0,0,0,270,0,0,0
0,16.04116,0,0,0,270,0,0,0
0,16.05289,0,0,0,270,0,0,0
0,16.06537,0,0,0,270,0,0,0
0,16.07775,0,0,0,270,0,0,0
0,16.09033,0,0,0,270,0,0,0
0,16.10135,0,0,0,270,0,0,0
0,16.11266,0,0,0,270,0,0,0
0,16.12453,0,0,0,270,0,0,0
0,16.13509,0,0,0,270,0,0,0
0,16.14716,0,0,0,270,0,0,0
0,16.15813,0,0,0,270,0,0,0
0,16.17102,0,0,0,270,0,0,0
0,16.18479,0,0,0,270,0,0,0
0,16.19716,0,0,0,270,0,0,0
0,16.21057,0,0,0,270,0,0,0
0,16.22461,0,0,0,270,0,0,0
0,16.23733,0,0,0,270,0,0,0
0,16.24998,0,0,0,270,0,0,0
0,16.2598,0,0,0,270,0,0,0
0,16.27106,0,0,0,270,0,0,0
0,16.28147,0,0,0,270,0,0,0
0,16.29195,0,0,0,270,0,0,0
0,16.30604,0,0,0,270,0,0,0
0,16.31666,0,0,0,270,0,0,0
0,16.33022,0,0,0,270,0,0,0
0,16.34379,0,0,0,270,0,0,0
0,16.35791,0,0,0,270,0,0,0
0,16.36886,0,0,0,270,0,0,0
0,16.38083,0,0,0,270,0,0,0
0,16.39314,0,0,0,270,0,0,0
0,16.40449,0,0,0,270,0,0,0
0,16.418,0,0,0,270,0,0,0
0,16.43005,0,0,0,270,0,0,0
0,16.44228,0,0,0,270,0,0,0
0,16.45499,0,0,0,270,0,0,0
0,16.46809,0,0,0,270,0,0,0
0,16.48157,0,0,0,270,0,0,0
0,16.49398,0,0,0,270,0,0,0
0,16.5062,0,0,0,270,0,0,0
0,16.52065,0,0,0,270,0,0,0
0,16.5322,0,0,0,270,0,0,0
0,16.5444,0,0,0,270,0,0,0
0,16.55779,0,0,0,270,0,0,0
0,16.57178,0,0,0,270,0,0,0
0,16.5853,0,0,0,270,0,0,0
0,16.59701,0,0,0,270,0,0,0
0,16.6086,0,0,0,270,0,0,0
0,16.62131,0,0,0,270,0,0,0
0,16.63319,0,0,0,270,0,0,0
0,16.64654,0,0,0,270,0,0,0
0,16.66055,0,0,0,270,0,0,0
0,16.67536,0,0,0,270,0,0,0
0,16.68717,0,0,0,270,0,0,0
0,16.69962,0,0,0,270,0,0,0
0,16.71124,0,0,0,270,0,0,0
0,16.7218,0,0,0,270,0,0,0
0,16.73284,0,0,0,270,0,0,0
0,16.74419,0,0,0,270,0,0,0
0,16.75562,0,0,0,270,0,0,0
0,16.76763,0,0,0,270,0,0,0
0,16.77979,0,0,0,270,0,0,0
0,16.79125,0,0,0,270,0,0,0
0,16.80232,0,0,0,270,0,0,0
0,16.81231,0,0,0,270,0,0,0
0,16.82472,0,0,0,270,0,0,0
0,16.83793,0,0,0,270,0,0,0
0,16.84897,0,0,0,270,0,0,0
0,16.8603,0,0,0,270,0,0,0
0,16.87158,0,0,0,270,0,0,0
0,16.88321,0,0,0,270,0,0,0
0,16.89438,0,0,0,270,0,0,0
0,16.9085,0,0,0,270,0,0,0
0,16.92002,0,0,0,270,0,0,0
0,16.93472,0,0,0,270,0,0,0
0,16.9429,0,0,0,270,0,0,0
0,16.9515,0,0,0,270,0,0,0
0,16.96012,0,0,0,270,0,0,0
0,16.97007,0,0,0,270,0,0,0
0,16.9796,0,0,0,270,0,0,0
0,16.99147,0,0,0,270,0,0,0
0,17.00101,0,0,0,270,0,0,0
0,17.00883,0,0,0,270,0,0,0
0,17.01789,0,0,0,270,0,0,0
0,17.02538,0,0,0,270,0,0,0
0,17.03398,0,0,0,270,0,0,0
0,17.04117,0,0,0,270,0,0,0
0,17.0492,0,0,0,270,0,0,0
0,17.05788,0,0,0,270,0,0,0
0,17.06636,0,0,0,270,0,0,0
0,17.07512,0,0,0,270,0,0,0
0,17.08456,0,0,0,270,0,0,0
0,17.09442,0,0,0,270,0,0,0
0,17.1041,0,0,0,270,0,0,0
0,17.11248,0,0,0,270,0,0,0
0,17.12055,0,0,0,270,0,0,0
0,17.12866,0,0,0,270,0,0,0
0,17.13806,0,0,0,270,0,0,0
0,17.14619,0,0,0,270,0,0,0
0,17.15352,0,0,0,270,0,0,0
0,17.16322,0,0,0,270,0,0,0
0,17.17094,0,0,0,270,0,0,0
0,17.17889,0,0,0,270,0,0,0
0,17.18666,0,0,0,270,0,0,0
0,17.19576,0,0,0,270,0,0,0
0,17.20409,0,0,0,270,0,0,0
0,17.2121,0,0,0,270,0,0,0
0,17.21951,0,0,0,270,0,0,0
0,17.22799,0,0,0,270,0,0,0
0,17.23637,0,0,0,270,0,0,0
0,17.24395,0,0,0,270,0,0,0
0,17.25219,0,0,0,270,0,0,0
0,17.26011,0,0,0,270,0,0,0
0,17.26902,0,0,0,270,0,0,0
0,17.2763,0,0,0,270,0,0,0
0,17.28433,0,0,0,270,0,0,0
0,17.29486,0,0,0,270,0,0,0
0,17.30547,0,0,0,270,0,0,0
0,17.31566,0,0,0,270,0,0,0
0,17.32636,0,0,0,270,0,0,0
0,17.33707,0,0,0,270,0,0,0
0,17.348,0,0,0,270,0,0,0
0,17.36195,0,0,0,270,0,0,0
0,17.37336,0,0,0,270,0,0,0
0,17.38542,0,0,0,270,0,0,0
0,17.39492,0,0,0,270,0,0,0
0,17.40526,0,0,0,270,0,0,0
0,17.41667,0,0,0,270,0,0,0
0,17.42632,0,0,0,270,0,0,0
0,17.43838,0,0,0,270,0,0,0
0,17.45081,0,0,0,270,0,0,0
0,17.46065,0,0,0,270,0,0,0
0,17.47104,0,0,0,270,0,0,0
0,17.48219,0,0,0,270,0,0,0
0,17.49262,0,0,0,270,0,0,0
0,17.50343,0,0,0,270,0,0,0
0,17.5145,0,0,0,270,0,0,0
0,17.5255,0,0,0,270,0,0,0
0,17.5365,0,0,0,270,0,0,0
0,17.54747,0,0,0,270,0,0,0
0,17.55798,0,0,0,270,0,0,0
0,17.56763,0,0,0,270,0,0,0
0,17.5783,0,0,0,270,0,0,0
0,17.59052,0,0,0,270,0,0,0
0,17.60188,0,0,0,270,0,0,0
0,17.6144,0,0,0,270,0,0,0
0,17.62554,0,0,0,270,0,0,0
0,17.63625,0,0,0,270,0,0,0
0,17.64747,0,0,0,270,0,0,0
0,17.65854,0,0,0,270,0,0,0
0,17.67023,0,0,0,270,0,0,0
0,17.68166,0,0,0,270,0,0,0
0,17.69403,0,0,0,270,0,0,0
0,17.7066,0,0,0,270,0,0,0
0,17.7191,0,0,0,270,0,0,0
0,17.7321,0,0,0,270,0,0,0
0,17.74526,0,0,0,270,0,0,0
0,17.75812,0,0,0,270,0,0,0
0,17.77166,0,0,0,270,0,0,0
0,17.78644,0,0,0,270,0,0,0
0,17.79868,0,0,0,270,0,0,0
0,17.81098,0,0,0,270,0,0,0
0,17.82522,0,0,0,270,0,0,0
0,17.84179,0,0,0,270,0,0,0
0,17.85458,0,0,0,270,0,0,0
0,17.87294,0,0,0,270,0,0,0
0,17.8906,0,0,0,270,0,0,0
0,17.90056,0,0,0,270,0,0,0
0,17.90961,0,0,0,270,0,0,0
0,17.91925,0,0,0,270,0,0,0
0,17.93009,0,0,0,270,0,0,0
0,17.94166,0,0,0,270,0,0,0
0,17.95358,0,0,0,270,0,0,0
0,17.96427,0,0,0,270,0,0,0
0,17.97394,0,0,0,270,0,0,0
0,17.98396,0,0,0,270,0,0,0
0,17.99565,0,0,0,270,0,0,0
0,18.00539,0,0,0,270,0,0,0
0,18.01484,0,0,0,270,0,0,0
0,18.02474,0,0,0,270,0,0,0
0,18.03387,0,0,0,270,0,0,0
0,18.04246,0,0,0,270,0,0,0
0,18.05147,0,0,0,270,0,0,0
0,18.06058,0,0,0,270,0,0,0
0,18.06932,0,0,0,270,0,0,0
0,18.07635,0,0,0,270,0,0,0
0,18.08418,0,0,0,270,0,0,0
0,18.09301,0,0,0,270,0,0,0
0,18.10131,0,0,0,270,0,0,0
0,18.11042,0,0,0,270,0,0,0
0,18.11987,0,0,0,270,0,0,0
0,18.12795,0,0,0,270,0,0,0
0,18.13721,0,0,0,270,0,0,0
0,18.14567,0,0,0,270,0,0,0
0,18.15324,0,0,0,270,0,0,0
0,18.16161,0,0,0,270,0,0,0
0,18.17082,0,0,0,270,0,0,0
0,18.18019,0,0,0,270,0,0,0
0,18.18736,0,0,0,270,0,0,0
0,18.19677,0,0,0,270,0,0,0
0,18.20414,0,0,0,270,0,0,0
0,18.21282,0,0,0,270,0,0,0
0,18.22163,0,0,0,270,0,0,0
0,18.2308,0,0,0,270,0,0,0
0,18.24003,0,0,0,270,0,0,0
0,18.24905,0,0,0,270,0,0,0
0,18.2576,0,0,0,270,0,0,0
0,18.26737,0,0,0,270,0,0,0
0,18.27562,0,0,0,270,0,0,0
0,18.2839,0,0,0,270,0,0,0
0,18.29157,0,0,0,270,0,0,0
0,18.29965,0,0,0,270,0,0,0
0,18.30877,0,0,0,270,0,0,0
0,18.31873,0,0,0,270,0,0,0
0,18.32741,0,0,0,270,0,0,0
0,18.33667,0,0,0,270,0,0,0
0,18.34487,0,0,0,270,0,0,0
0,18.35406,0,0,0,270,0,0,0
0,18.36258,0,0,0,270,0,0,0
0,18.37123,0,0,0,270,0,0,0
0,18.38153,0,0,0,270,0,0,0
0,18.39123,0,0,0,270,0,0,0
0,18.39883,0,0,0,270,0,0,0
0,18.40644,0,0,0,270,0,0,0
0,18.41553,0,0,0,270,0,0,0
0,18.42447,0,0,0,270,0,0,0
0,18.43289,0,0,0,270,0,0,0
0,18.44069,0,0,0,270,0,0,0
0,18.44878,0,0,0,270,0,0,0
0,18.45748,0,0,0,270,0,0,0
0,18.4653,0,0,0,270,0,0,0
0,18.47321,0,0,0,270,0,0,0
0,18.48065,0,0,0,270,0,0,0
0,18.48812,0,0,0,270,0,0,0
0,18.49697,0,0,0,270,0,0,0
0,18.50648,0,0,0,270,0,0,0
0,18.51729,0,0,0,270,0,0,0
0,18.52885,0,0,0,270,0,0,0
0,18.541,0,0,0,270,0,0,0
0,18.55205,0,0,0,270,0,0,0
0,18.56283,0,0,0,270,0,0,0
0,18.57194,0,0,0,270,0,0,0
0,18.58113,0,0,0,270,0,0,0
0,18.58978,0,0,0,270,0,0,0
0,18.60066,0,0,0,270,0,0,0
0,18.61058,0,0,0,270,0,0,0
0,18.623,0,0,0,270,0,0,0
0,18.63661,0,0,0,270,0,0,0
0,18.64929,0,0,0,270,0,0,0
0,18.66058,0,0,0,270,0,0,0
0,18.67315,0,0,0,270,0,0,0
0,18.68457,0,0,0,270,0,0,0
0,18.69781,0,0,0,270,0,0,0
0,18.71079,0,0,0,270,0,0,0
0,18.72382,0,0,0,270,0,0,0
0,18.73587,0,0,0,270,0,0,0
0,18.74712,0,0,0,270,0,0,0
0,18.75978,0,0,0,270,0,0,0
0,18.77169,0,0,0,270,0,0,0
0,18.78349,0,0,0,270,0,0,0
0,18.79503,0,0,0,270,0,0,0
0,18.80726,0,0,0,270,0,0,0
0,18.8201,0,0,0,270,0,0,0
0,18.8329,0,0,0,270,0,0,0
0,18.8448,0,0,0,270,0,0,0
0,18.85588,0,0,0,270,0,0,0
0,18.86786,0,0,0,270,0,0,0
0,18.87893,0,0,0,270,0,0,0
0,18.88986,0,0,0,270,0,0,0
0,18.90155,0,0,0,270,0,0,0
0,18.91358,0,0,0,270,0,0,0
0,18.92517,0,0,0,270,0,0,0
0,18.93522,0,0,0,270,0,0,0
0,18.94491,0,0,0,270,0,0,0
0,18.95439,0,0,0,270,0,0,0
0,18.96661,0,0,0,270,0,0,0
0,18.97801,0,0,0,270,0,0,0
0,18.99005,0,0,0,270,0,0,0
0,18.99953,0,0,0,270,0,0,0
0,19.01051,0,0,0,270,0,0,0
0,19.02553,0,0,0,270,0,0,0
0,19.03921,0,0,0,270,0,0,0
0,19.05134,0,0,0,270,0,0,0
0,19.06579,0,0,0,270,0,0,0
0,19.07828,0,0,0,270,0,0,0
0,19.08843,0,0,0,270,0,0,0
0,19.10072,0,0,0,270,0,0,0
0,19.11181,0,0,0,270,0,0,0
0,19.12178,0,0,0,270,0,0,0
0,19.13162,0,0,0,270,0,0,0
0,19.14273,0,0,0,270,0,0,0
0,19.1536,0,0,0,270,0,0,0
0,19.16337,0,0,0,270,0,0,0
0,19.17204,0,0,0,270,0,0,0
0,19.18023,0,0,0,270,0,0,0
0,19.18894,0,0,0,270,0,0,0
0,19.19814,0,0,0,270,0,0,0
0,19.20697,0,0,0,270,0,0,0
0,19.21653,0,0,0,270,0,0,0
0,19.22566,0,0,0,270,0,0,0
0,19.23492,0,0,0,270,0,0,0
0,19.24202,0,0,0,270,0,0,0
0,19.25046,0,0,0,270,0,0,0
0,19.25992,0,0,0,270,0,0,0
0,19.26873,0,0,0,270,0,0,0
0,19.27653,0,0,0,270,0,0,0
0,19.28547,0,0,0,270,0,0,0
0,19.29496,0,0,0,270,0,0,0
0,19.30299,0,0,0,270,0,0,0
0,19.31309,0,0,0,270,0,0,0
0,19.3215,0,0,0,270,0,0,0
0,19.32947,0,0,0,270,0,0,0
0,19.33905,0,0,0,270,0,0,0
0,19.34851,0,0,0,270,0,0,0
0,19.35762,0,0,0,270,0,0,0
0,19.36585,0,0,0,270,0,0,0
0,19.37402,0,0,0,270,0,0,0
0,19.38252,0,0,0,270,0,0,0
0,19.3905,0,0,0,270,0,0,0
0,19.39914,0,0,0,270,0,0,0
0,19.40928,0,0,0,270,0,0,0
0,19.4195,0,0,0,270,0,0,0
0,19.42798,0,0,0,270,0,0,0
0,19.43535,0,0,0,270,0,0,0
0,19.44416,0,0,0,270,0,0,0
0,19.45259,0,0,0,270,0,0,0
0,19.46133,0,0,0,270,0,0,0
0,19.46987,0,0,0,270,0,0,0
0,19.4788,0,0,0,270,0,0,0
0,19.48643,0,0,0,270,0,0,0
0,19.4945,0,0,0,270,0,0,0
0,19.50328,0,0,0,270,0,0,0
0,19.51174,0,0,0,270,0,0,0
0,19.51918,0,0,0,270,0,0,0
0,19.5285,0,0,0,270,0,0,0
0,19.53641,0,0,0,270,0,0,0
0,19.54493,0,0,0,270,0,0,0
0,19.55386,0,0,0,270,0,0,0
0,19.56217,0,0,0,270,0,0,0
0,19.57139,0,0,0,270,0,0,0
0,19.57964,0,0,0,270,0,0,0
0,19.58736,0,0,0,270,0,0,0
0,19.59657,0,0,0,270,0,0,0
0,19.60594,0,0,0,270,0,0,0
0,19.61452,0,0,0,270,0,0,0
0,19.62246,0,0,0,270,0,0,0
0,19.63406,0,0,0,270,0,0,0
0,19.64368,0,0,0,270,0,0,0
0,19.65257,0,0,0,270,0,0,0
0,19.6615,0,0,0,270,0,0,0
0,19.66972,0,0,0,270,0,0,0
0,19.67937,0,0,0,270,0,0,0
0,19.69067,0,0,0,270,0,0,0
0,19.69981,0,0,0,270,0,0,0
0,19.71058,0,0,0,270,0,0,0
0,19.72108,0,0,0,270,0,0,0
0,19.73479,0,0,0,270,0,0,0
0,19.74817,0,0,0,270,0,0,0
0,19.75967,0,0,0,270,0,0,0
0,19.76904,0,0,0,270,0,0,0
0,19.7784,0,0,0,270,0,0,0
0,19.79053,0,0,0,270,0,0,0
0,19.80264,0,0,0,270,0,0,0
0,19.81205,0,0,0,270,0,0,0
0,19.82922,0,0,0,270,0,0,0
0,19.84949,0,0,0,270,0,0,0
0,19.86261,0,0,0,270,0,0,0
0,19.87538,0,0,0,270,0,0,0
0,19.88695,0,0,0,270,0,0,0
0,19.89828,0,0,0,270,0,0,0
0,19.90864,0,0,0,270,0,0,0
0,19.92046,0,0,0,270,0,0,0
0,19.93146,0,0,0,270,0,0,0
0,19.94285,0,0,0,270,0,0,0
0,19.95374,0,0,0,270,0,0,0
0,19.96325,0,0,0,270,0,0,0
0,19.97382,0,0,0,270,0,0,0
0,19.9851,0,0,0,270,0,0,0
0,19.99558,0,0,0,270,0,0,0
0,20.00632,0,0,0,270,0,0,0
0,20.01728,0,0,0,270,0,0,0
0,20.02728,0,0,0,270,0,0,0
0,20.03753,0,0,0,270,0,0,0
0,20.04758,0,0,0,270,0,0,0
0,20.05958,0,0,0,270,0,0,0
0,20.07084,0,0,0,270,0,0,0
0,20.08072,0,0,0,270,0,0,0
0,20.09164,0,0,0,270,0,0,0
0,20.1013,0,0,0,270,0,0,0
0,20.11299,0,0,0,270,0,0,0
0,20.12144,0,0,0,270,0,0,0
0,20.13252,0,0,0,270,0,0,0
0,20.14318,0,0,0,270,0,0,0
0,20.1547,0,0,0,270,0,0,0
0,20.16746,0,0,0,270,0,0,0
0,20.18072,0,0,0,270,0,0,0
0,20.1959,0,0,0,270,0,0,0
0,20.20902,0,0,0,270,0,0,0
0,20.22025,0,0,0,270,0,0,0
0,20.23248,0,0,0,270,0,0,0
0,20.24471,0,0,0,270,0,0,0
0,20.25562,0,0,0,270,0,0,0
0,20.26604,0,0,0,270,0,0,0
0,20.27644,0,0,0,270,0,0,0
0,20.28793,0,0,0,270,0,0,0
0,20.29909,0,0,0,270,0,0,0
0,20.30843,0,0,0,270,0,0,0
0,20.31844,0,0,0,270,0,0,0
0,20.32695,0,0,0,270,0,0,0
0,20.33557,0,0,0,270,0,0,0
0,20.34353,0,0,0,270,0,0,0
0,20.35239,0,0,0,270,0,0,0
0,20.36168,0,0,0,270,0,0,0
0,20.37078,0,0,0,270,0,0,0
0,20.38077,0,0,0,270,0,0,0
0,20.38995,0,0,0,270,0,0,0
0,20.39736,0,0,0,270,0,0,0
0,20.40467,0,0,0,270,0,0,0
0,20.41265,0,0,0,270,0,0,0
0,20.41966,0,0,0,270,0,0,0
0,20.43001,0,0,0,270,0,0,0
0,20.43932,0,0,0,270,0,0,0
0,20.44824,0,0,0,270,0,0,0
0,20.45746,0,0,0,270,0,0,0
0,20.46522,0,0,0,270,0,0,0
0,20.4728,0,0,0,270,0,0,0
0,20.48024,0,0,0,270,0,0,0
0,20.48852,0,0,0,270,0,0,0
0,20.49673,0,0,0,270,0,0,0
0,20.50522,0,0,0,270,0,0,0
0,20.51328,0,0,0,270,0,0,0
0,20.521,0,0,0,270,0,0,0
0,20.52837,0,0,0,270,0,0,0
0,20.53687,0,0,0,270,0,0,0
0,20.54491,0,0,0,270,0,0,0
0,20.5532,0,0,0,270,0,0,0
0,20.56127,0,0,0,270,0,0,0
0,20.57128,0,0,0,270,0,0,0
0,20.58101,0,0,0,270,0,0,0
0,20.58959,0,0,0,270,0,0,0
0,20.59782,0,0,0,270,0,0,0
0,20.60512,0,0,0,270,0,0,0
0,20.61244,0,0,0,270,0,0,0
0,20.62009,0,0,0,270,0,0,0
0,20.62939,0,0,0,270,0,0,0
0,20.63871,0,0,0,270,0,0,0
0,20.64902,0,0,0,270,0,0,0
0,20.65867,0,0,0,270,0,0,0
0,20.66903,0,0,0,270,0,0,0
0,20.68033,0,0,0,270,0,0,0
0,20.69024,0,0,0,270,0,0,0
0,20.70093,0,0,0,270,0,0,0
0,20.70978,0,0,0,270,0,0,0
0,20.71875,0,0,0,270,0,0,0
0,20.7288,0,0,0,270,0,0,0
0,20.74007,0,0,0,270,0,0,0
0,20.75173,0,0,0,270,0,0,0
0,20.76348,0,0,0,270,0,0,0
0,20.77543,0,0,0,270,0,0,0
0,20.78763,0,0,0,270,0,0,0
0,20.79811,0,0,0,270,0,0,0
0,20.80762,0,0,0,270,0,0,0
0,20.8182,0,0,0,270,0,0,0
0,20.82819,0,0,0,270,0,0,0
0,20.84009,0,0,0,270,0,0,0
0,20.85096,0,0,0,270,0,0,0
0,20.86145,0,0,0,270,0,0,0
0,20.87277,0,0,0,270,0,0,0
0,20.88251,0,0,0,270,0,0,0
0,20.8939,0,0,0,270,0,0,0
0,20.9063,0,0,0,270,0,0,0
0,20.91944,0,0,0,270,0,0,0
0,20.93118,0,0,0,270,0,0,0
0,20.94189,0,0,0,270,0,0,0
0,20.95199,0,0,0,270,0,0,0
0,20.9628,0,0,0,270,0,0,0
0,20.97437,0,0,0,270,0,0,0
0,20.98648,0,0,0,270,0,0,0
0,20.99922,0,0,0,270,0,0,0
0,21.0128,0,0,0,270,0,0,0
0,21.02614,0,0,0,270,0,0,0
0,21.03948,0,0,0,270,0,0,0
0,21.05049,0,0,0,270,0,0,0
0,21.0625,0,0,0,270,0,0,0
0,21.07434,0,0,0,270,0,0,0
0,21.08746,0,0,0,270,0,0,0
0,21.09921,0,0,0,270,0,0,0
0,21.11219,0,0,0,270,0,0,0
0,21.12363,0,0,0,270,0,0,0
0,21.13422,0,0,0,270,0,0,0
0,21.14577,0,0,0,270,0,0,0
0,21.15691,0,0,0,270,0,0,0
0,21.16772,0,0,0,270,0,0,0
0,21.17964,0,0,0,270,0,0,0
0,21.19217,0,0,0,270,0,0,0
0,21.20459,0,0,0,270,0,0,0
0,21.21683,0,0,0,270,0,0,0
0,21.22924,0,0,0,270,0,0,0
0,21.24297,0,0,0,270,0,0,0
0,21.25523,0,0,0,270,0,0,0
0,21.26678,0,0,0,270,0,0,0
0,21.27913,0,0,0,270,0,0,0
0,21.29169,0,0,0,270,0,0,0
0,21.3044,0,0,0,270,0,0,0
0,21.31531,0,0,0,270,0,0,0
0,21.32762,0,0,0,270,0,0,0
0,21.33907,0,0,0,270,0,0,0
0,21.35147,0,0,0,270,0,0,0
0,21.3635,0,0,0,270,0,0,0
0,21.37904,0,0,0,270,0,0,0
0,21.39148,0,0,0,270,0,0,0
0,21.4049,0,0,0,270,0,0,0
0,21.41803,0,0,0,270,0,0,0
0,21.43039,0,0,0,270,0,0,0
0,21.44632,0,0,0,270,0,0,0
0,21.46203,0,0,0,270,0,0,0
0,21.47564,0,0,0,270,0,0,0
0,21.48837,0,0,0,270,0,0,0
0,21.5024,0,0,0,270,0,0,0
0,21.51379,0,0,0,270,0,0,0
0,21.52566,0,0,0,270,0,0,0
0,21.53492,0,0,0,270,0,0,0
0,21.54547,0,0,0,270,0,0,0
0,21.55549,0,0,0,270,0,0,0
0,21.56504,0,0,0,270,0,0,0
0,21.57493,0,0,0,270,0,0,0
0,21.58404,0,0,0,270,0,0,0
0,21.59281,0,0,0,270,0,0,0
0,21.60269,0,0,0,270,0,0,0
0,21.61103,0,0,0,270,0,0,0
0,21.61994,0,0,0,270,0,0,0
0,21.62897,0,0,0,270,0,0,0
0,21.63848,0,0,0,270,0,0,0
0,21.64921,0,0,0,270,0,0,0
0,21.65731,0,0,0,270,0,0,0
0,21.66584,0,0,0,270,0,0,0
0,21.67346,0,0,0,270,0,0,0
0,21.6836,0,0,0,270,0,0,0
0,21.69528,0,0,0,270,0,0,0
0,21.70341,0,0,0,270,0,0,0
0,21.71371,0,0,0,270,0,0,0
0,21.72284,0,0,0,270,0,0,0
0,21.73072,0,0,0,270,0,0,0
0,21.73878,0,0,0,270,0,0,0
0,21.74791,0,0,0,270,0,0,0
0,21.75785,0,0,0,270,0,0,0
0,21.77002,0,0,0,270,0,0,0
0,21.77993,0,0,0,270,0,0,0
0,21.79163,0,0,0,270,0,0,0
0,21.80178,0,0,0,270,0,0,0
0,21.81005,0,0,0,270,0,0,0
0,21.819,0,0,0,270,0,0,0
0,21.82755,0,0,0,270,0,0,0
0,21.83789,0,0,0,270,0,0,0
0,21.84762,0,0,0,270,0,0,0
0,21.85691,0,0,0,270,0,0,0
0,21.86507,0,0,0,270,0,0,0
0,21.8742,0,0,0,270,0,0,0
0,21.88383,0,0,0,270,0,0,0
0,21.89135,0,0,0,270,0,0,0
0,21.90032,0,0,0,270,0,0,0
0,21.90756,0,0,0,270,0,0,0
0,21.91841,0,0,0,270,0,0,0
0,21.92886,0,0,0,270,0,0,0
0,21.94362,0,0,0,270,0,0,0
0,21.96003,0,0,0,270,0,0,0
0,21.96933,0,0,0,270,0,0,0
0,21.97904,0,0,0,270,0,0,0
0,21.98647,0,0,0,270,0,0,0
0,21.99418,0,0,0,270,0,0,0
0,22.00165,0,0,0,270,0,0,0
0,22.01124,0,0,0,270,0,0,0
0,22.01958,0,0,0,270,0,0,0
0,22.02724,0,0,0,270,0,0,0
0,22.03758,0,0,0,270,0,0,0
0,22.04753,0,0,0,270,0,0,0
0,22.05698,0,0,0,270,0,0,0
0,22.06752,0,0,0,270,0,0,0
0,22.07699,0,0,0,270,0,0,0
0,22.08791,0,0,0,270,0,0,0
0,22.09985,0,0,0,270,0,0,0
0,22.11057,0,0,0,270,0,0,0
0,22.12185,0,0,0,270,0,0,0
0,22.13283,0,0,0,270,0,0,0
0,22.14376,0,0,0,270,0,0,0
0,22.15458,0,0,0,270,0,0,0
0,22.16515,0,0,0,270,0,0,0
0,22.17603,0,0,0,270,0,0,0
0,22.18667,0,0,0,270,0,0,0
0,22.19804,0,0,0,270,0,0,0
0,22.20996,0,0,0,270,0,0,0
0,22.22294,0,0,0,270,0,0,0
0,22.23608,0,0,0,270,0,0,0
0,22.24767,0,0,0,270,0,0,0
0,22.26162,0,0,0,270,0,0,0
0,22.27315,0,0,0,270,0,0,0
0,22.28297,0,0,0,270,0,0,0
0,22.29403,0,0,0,270,0,0,0
0,22.30514,0,0,0,270,0,0,0
0,22.31631,0,0,0,270,0,0,0
0,22.32994,0,0,0,270,0,0,0
0,22.34039,0,0,0,270,0,0,0
0,22.35282,0,0,0,270,0,0,0
0,22.3642,0,0,0,270,0,0,0
0,22.37499,0,0,0,270,0,0,0
0,22.38733,0,0,0,270,0,0,0
0,22.39821,0,0,0,270,0,0,0
0,22.40988,0,0,0,270,0,0,0
0,22.42157,0,0,0,270,0,0,0
0,22.43213,0,0,0,270,0,0,0
0,22.44296,0,0,0,270,0,0,0
0,22.45233,0,0,0,270,0,0,0
0,22.46218,0,0,0,270,0,0,0
0,22.4742,0,0,0,270,0,0,0
0,22.48763,0,0,0,270,0,0,0
0,22.49951,0,0,0,270,0,0,0
0,22.51113,0,0,0,270,0,0,0
0,22.52265,0,0,0,270,0,0,0
0,22.53302,0,0,0,270,0,0,0
0,22.54553,0,0,0,270,0,0,0
0,22.55658,0,0,0,270,0,0,0
0,22.56762,0,0,0,270,0,0,0
0,22.58106,0,0,0,270,0,0,0
0,22.59618,0,0,0,270,0,0,0
0,22.60845,0,0,0,270,0,0,0
0,22.62194,0,0,0,270,0,0,0
0,22.63427,0,0,0,270,0,0,0
0,22.64516,0,0,0,270,0,0,0
0,22.65522,0,0,0,270,0,0,0
0,22.66603,0,0,0,270,0,0,0
0,22.67735,0,0,0,270,0,0,0
0,22.68689,0,0,0,270,0,0,0
0,22.69699,0,0,0,270,0,0,0
0,22.70715,0,0,0,270,0,0,0
0,22.71882,0,0,0,270,0,0,0
0,22.72921,0,0,0,270,0,0,0
0,22.7388,0,0,0,270,0,0,0
0,22.74729,0,0,0,270,0,0,0
0,22.75621,0,0,0,270,0,0,0
0,22.76376,0,0,0,270,0,0,0
0,22.77191,0,0,0,270,0,0,0
0,22.78003,0,0,0,270,0,0,0
0,22.78917,0,0,0,270,0,0,0
0,22.79848,0,0,0,270,0,0,0
0,22.8083,0,0,0,270,0,0,0
0,22.81946,0,0,0,270,0,0,0
0,22.83211,0,0,0,270,0,0,0
0,22.84164,0,0,0,270,0,0,0
0,22.85158,0,0,0,270,0,0,0
0,22.86081,0,0,0,270,0,0,0
0,22.87128,0,0,0,270,0,0,0
0,22.88057,0,0,0,270,0,0,0
0,22.8876,0,0,0,270,0,0,0
0,22.89645,0,0,0,270,0,0,0
0,22.90368,0,0,0,270,0,0,0
0,22.91164,0,0,0,270,0,0,0
0,22.91955,0,0,0,270,0,0,0
0,22.92818,0,0,0,270,0,0,0
0,22.93616,0,0,0,270,0,0,0
0,22.94658,0,0,0,270,0,0,0
0,22.95464,0,0,0,270,0,0,0
0,22.96312,0,0,0,270,0,0,0
0,22.97209,0,0,0,270,0,0,0
0,22.98078,0,0,0,270,0,0,0
0,22.98837,0,0,0,270,0,0,0
0,22.99728,0,0,0,270,0,0,0
0,23.00517,0,0,0,270,0,0,0
0,23.01424,0,0,0,270,0,0,0
0,23.02409,0,0,0,270,0,0,0
0,23.03212,0,0,0,270,0,0,0
0,23.04107,0,0,0,270,0,0,0
0,23.04914,0,0,0,270,0,0,0
0,23.05836,0,0,0,270,0,0,0
0,23.06803,0,0,0,270,0,0,0
0,23.0761,0,0,0,270,0,0,0
0,23.08426,0,0,0,270,0,0,0
0,23.09239,0,0,0,270,0,0,0
0,23.10192,0,0,0,270,0,0,0
0,23.10931,0,0,0,270,0,0,0
0,23.11772,0,0,0,270,0,0,0
0,23.12744,0,0,0,270,0,0,0
0,23.13755,0,0,0,270,0,0,0
0,23.14618,0,0,0,270,0,0,0
0,23.15468,0,0,0,270,0,0,0
0,23.16315,0,0,0,270,0,0,0
0,23.1713,0,0,0,270,0,0,0
0,23.17973,0,0,0,270,0,0,0
0,23.18811,0,0,0,270,0,0,0
0,23.1975,0,0,0,270,0,0,0
0,23.20765,0,0,0,270,0,0,0
0,23.21619,0,0,0,270,0,0,0
0,23.22556,0,0,0,270,0,0,0
0,23.23528,0,0,0,270,0,0,0
0,23.24552,0,0,0,270,0,0,0
0,23.25456,0,0,0,270,0,0,0
0,23.26463,0,0,0,270,0,0,0
0,23.27569,0,0,0,270,0,0,0
0,23.28699,0,0,0,270,0,0,0
0,23.29725,0,0,0,270,0,0,0
0,23.30673,0,0,0,270,0,0,0
0,23.31704,0,0,0,270,0,0,0
0,23.32748,0,0,0,270,0,0,0
0,23.33667,0,0,0,270,0,0,0
0,23.34835,0,0,0,270,0,0,0
0,23.35969,0,0,0,270,0,0,0
0,23.37125,0,0,0,270,0,0,0
0,23.38265,0,0,0,270,0,0,0
0,23.39509,0,0,0,270,0,0,0
0,23.4054,0,0,0,270,0,0,0
0,23.41658,0,0,0,270,0,0,0
0,23.4276,0,0,0,270,0,0,0
0,23.43876,0,0,0,270,0,0,0
0,23.4515,0,0,0,270,0,0,0
0,23.46137,0,0,0,270,0,0,0
0,23.47157,0,0,0,270,0,0,0
0,23.483,0,0,0,270,0,0,0
0,23.49455,0,0,0,270,0,0,0
0,23.50797,0,0,0,270,0,0,0
0,23.51997,0,0,0,270,0,0,0
0,23.53051,0,0,0,270,0,0,0
0,23.54247,0,0,0,270,0,0,0
0,23.55466,0,0,0,270,0,0,0
0,23.56476,0,0,0,270,0,0,0
0,23.57569,0,0,0,270,0,0,0
0,23.58607,0,0,0,270,0,0,0
0,23.5967,0,0,0,270,0,0,0
0,23.60802,0,0,0,270,0,0,0
0,23.61908,0,0,0,270,0,0,0
0,23.63107,0,0,0,270,0,0,0
0,23.64273,0,0,0,270,0,0,0
0,23.65423,0,0,0,270,0,0,0
0,23.66612,0,0,0,270,0,0,0
0,23.67588,0,0,0,270,0,0,0
0,23.68656,0,0,0,270,0,0,0
0,23.69768,0,0,0,270,0,0,0
0,23.70751,0,0,0,270,0,0,0
0,23.71852,0,0,0,270,0,0,0
0,23.72965,0,0,0,270,0,0,0
0,23.7431,0,0,0,270,0,0,0
0,23.75453,0,0,0,270,0,0,0
0,23.76608,0,0,0,270,0,0,0
0,23.78057,0,0,0,270,0,0,0
0,23.79448,0,0,0,270,0,0,0
0,23.8068,0,0,0,270,0,0,0
0,23.8188,0,0,0,270,0,0,0
0,23.83067,0,0,0,270,0,0,0
1,23.85229,0,0,0,270,0,0,0
1,23.86665,0,0,0,270,0,0,0
1,23.8794,0,0,0,330.0184,3,0,5.2
1,23.89106,0,0,0,330.0184,3,0,5.2
1,23.90257,0,0,0,330.0184,3,0,5.2
1,23.91484,0,0,0,330.0184,3,0,5.2
1,23.92551,0,0,0,330.0184,3,0,5.2
1,23.93605,0,0,0,330.0184,3,0,5.2
1,23.9456,0,0,0,330.0184,3,0,5.2
1,23.95623,0,0,0,330.0184,3,0,5.2
1,23.96477,0,0,0,330.0184,3,0,5.2
1,23.97415,0,0,0,330.0184,3,0,5.2
1,23.98283,0,0,0,330.0184,3,0,5.2
1,23.99231,0,0,0,330.0184,3,0,5.2
1,24.00148,0,0,0,330.0184,3,0,5.2
1,24.01462,0,0,0,330.0184,3,0,5.2
1,24.02971,0,0,0,330.0184,3,0,5.2
1,24.04221,0,0,0,330.0184,3,0,5.2
1,24.05896,0,0,0,330.0184,3,0,5.2
1,24.07494,0,0,0,330.0184,3,0,5.2
1,24.0837,0,0,0,330.0184,3,0,5.2
1,24.09348,0,0,0,330.0184,3,0,5.2
1,24.10231,0,0,0,330.0184,3,0,5.2
1,24.11011,0,0,0,330.0184,3,0,5.2
1,24.11893,0,0,0,330.0184,3,0,5.2
1,24.12663,0,0,0,330.0184,3,0,5.2
1,24.13599,0,0,0,330.0184,3,0,5.2
1,24.14552,0,0,0,330.0184,3,0,5.2
1,24.15407,0,0,0,330.0184,3,0,5.2
1,24.16381,0,0,0,330.0184,3,0,5.2
1,24.17313,0,0,0,330.0184,3,0,5.2
1,24.1812,0,0,0,330.0184,3,0,5.2
1,24.1902,0,0,0,330.0184,3,0,5.2
1,24.19802,0,0,0,330.0184,3,0,5.2
1,24.20602,0,0,0,330.0184,3,0,5.2
1,24.21551,0,0,0,330.0184,3,0,5.2
1,24.22448,0,0,0,330.0184,3,0,5.2
1,24.23258,0,0,0,330.0184,3,0,5.2
1,24.24253,0,0,0,330.0184,3,0,5.2
1,24.2534,0,0,0,330.0184,3,0,5.2
1,24.26451,0,0,0,330.0184,3,0,5.2
1,24.27543,0,0,0,330.0184,3,0,5.2
1,24.28622,0,0,0,330.0184,3,0,5.2
1,24.2951,0,0,0,330.0184,3,0,5.2
1,24.30376,0,0,0,330.0184,3,0,5.2
1,24.31263,0,0,0,330.0184,3,0,5.2
1,24.3213,0,0,0,330.0184,3,0,5.2
1,24.3297,0,0,0,330.0184,3,0,5.2
1,24.33852,0,0,0,330.0184,3,0,5.2
1,24.34683,0,0,0,330.0184,3,0,5.2
1,24.35661,0,0,0,330.0184,3,0,5.2
1,24.36627,0,0,0,330.0184,3,0,5.2
1,24.37511,0,0,0,330.0184,3,0,5.2
1,24.38596,0,0,0,330.0184,3,0,5.2
1,24.39494,0,0,0,330.0184,3,0,5.2
1,24.40428,0,0,0,330.0184,3,0,5.2
1,24.41381,0,0,0,330.0184,3,0,5.2
1,24.42371,0,0,0,330.0184,3,0,5.2
1,24.43288,0,0,0,330.0184,3,0,5.2
1,24.44022,0,0,0,330.0184,3,0,5.2
1,24.44881,0,0,0,330.0184,3,0,5.2
1,24.45944,0,0,0,330.0184,3,0,5.2
1,24.47033,0,0,0,330.0184,3,0,5.2
1,24.48194,0,0,0,330.0184,3,0,5.2
1,24.49351,0,0,0,330.0184,3,0,5.2
1,24.5046,0,0,0,330.0184,3,0,5.2
1,24.51579,0,0,0,330.0184,3,0,5.2
1,24.52757,0,0,0,330.0184,3,0,5.2
1,24.539,0,0,0,330.0184,3,0,5.2
1,24.55008,0,0,0,330.0184,3,0,5.2
1,24.56105,0,0,0,330.0184,3,0,5.2
1,24.57294,0,0,0,330.0184,3,0,5.2
1,24.58398,0,0,0,330.0184,3,0,5.2
1,24.59488,0,0,0,330.0184,3,0,5.2
1,24.60779,0,0,0,330.0184,3,0,5.2
1,24.62013,0,0,0,330.0184,3,0,5.2
1,24.63253,0,0,0,330.0184,3,0,5.2
1,24.64375,0,0,0,330.0184,3,0,5.2
1,24.65584,0,0,0,330.0184,3,0,5.2
1,24.66778,0,0,0,330.0184,3,0,5.2
1,24.68051,0,0,0,330.0184,3,0,5.2
1,24.69229,0,0,0,330.0184,3,0,5.2
1,24.70433,0,0,0,330.0184,3,0,5.2
1,24.71473,0,0,0,330.0184,3,0,5.2
1,24.72563,0,0,0,330.0184,3,0,5.2
1,24.73801,0,0,0,330.0184,3,0,5.2
1,24.74855,0,0,0,330.0184,3,0,5.2
1,24.76187,0,0,0,330.0184,3,0,5.2
1,24.77429,0,0,0,330.0184,3,0,5.2
1,24.78649,0,0,0,330.0184,3,0,5.2
1,24.79622,0,0,0,330.0184,3,0,5.2
1,24.80783,0,0,0,330.0184,3,0,5.2
1,24.82187,0,0,0,330.0184,3,0,5.2
1,24.83543,0,0,0,330.0184,3,0,5.2
1,24.84674,0,0,0,330.0184,3,0,5.2
1,24.86048,0,0,0,330.0184,3,0,5.2
1,24.87239,0,0,0,330.0184,3,0,5.2
1,24.88438,0,0,0,330.0184,3,0,5.2
1,24.89556,0,0,0,330.0184,3,0,5.2
1,24.90641,0,0,0,330.0184,3,0,5.2
1,24.91755,0,0,0,330.0184,3,0,5.2
1,24.93091,0,0,0,330.0184,3,0,5.2
1,24.94281,0,0,0,330.0184,3,0,5.2
1,24.9534,0,0,0,330.0184,3,0,5.2
1,24.96691,0,0,0,330.0184,3,0,5.2
1,24.97999,0,0,0,330.0184,3,0,5.2
1,24.99327,0,0,0,330.0184,3,0,5.2
1,25.00916,0,0,0,330.0184,3,0,5.2
1,25.02429,0,0,0,330.0184,3,0,5.2
1,25.0377,0,0,0,330.0184,3,0,5.2
1,25.05067,0,0,0,330.0184,3,0,5.2
1,25.06192,0,0,0,330.0184,3,0,5.2
1,25.07246,0,0,0,330.0184,3,0,5.2
1,25.08243,0,0,0,330.0184,3,0,5.2
1,25.0926,0,0,0,330.0184,3,0,5.2
1,25.10427,0,0,0,330.0184,3,0,5.2
1,25.11412,0,0,0,330.0184,3,0,5.2
1,25.1251,0,0,0,330.0184,3,0,5.2
1,25.13501,0,0,0,330.0184,3,0,5.2
1,25.14697,0,0,0,330.0184,3,0,5.2
1,25.1566,0,0,0,330.0184,3,0,5.2
1,25.16491,0,0,0,330.0184,3,0,5.2
1,25.17365,0,0,0,330.0184,3,0,5.2
1,25.18312,0,0,0,330.0184,3,0,5.2
1,25.19213,0,0,0,330.0184,3,0,5.2
1,25.19961,0,0,0,330.0184,3,0,5.2
1,25.20954,0,0,0,330.0184,3,0,5.2
1,25.21763,0,0,0,330.0184,3,0,5.2
1,25.22738,0,0,0,330.0184,3,0,5.2
1,25.2378,0,0,0,330.0184,3,0,5.2
1,25.24683,0,0,0,330.0184,3,0,5.2
1,25.25873,0,0,0,330.0184,3,0,5.2
1,25.26888,0,0,0,330.0184,3,0,5.2
1,25.2781,0,0,0,330.0184,3,0,5.2
1,25.28973,0,0,0,330.0184,3,0,5.2
1,25.29841,0,0,0,330.0184,3,0,5.2
1,25.30776,0,0,0,330.0184,3,0,5.2
1,25.31683,0,0,0,330.0184,3,0,5.2
1,25.32633,0,0,0,330.0184,3,0,5.2
1,25.33494,0,0,0,330.0184,3,0,5.2
1,25.34244,0,0,0,330.0184,3,0,5.2
1,25.35132,0,0,0,330.0184,3,0,5.2
1,25.35949,0,0,0,330.0184,3,0,5.2
1,25.36806,0,0,0,330.0184,3,0,5.2
1,25.3763,0,0,0,330.0184,3,0,5.2
1,25.38527,0,0,0,330.0184,3,0,5.2
1,25.39437,0,0,0,330.0184,3,0,5.2
1,25.4034,0,0,0,330.0184,3,0,5.2
1,25.41266,0,0,0,330.0184,3,0,5.2
1,25.42098,0,0,0,330.0184,3,0,5.2
1,25.43034,0,0,0,330.0184,3,0,5.2
1,25.43821,0,0,0,330.0184,3,0,5.2
1,25.44672,0,0,0,330.0184,3,0,5.2
1,25.45428,0,0,0,330.0184,3,0,5.2
1,25.46213,0,0,0,330.0184,3,0,5.2
1,25.47013,0,0,0,330.0184,3,0,5.2
1,25.47879,0,0,0,330.0184,3,0,5.2
1,25.48624,0,0,0,330.0184,3,0,5.2
1,25.49473,0,0,0,330.0184,3,0,5.2
1,25.50439,0,0,0,330.0184,3,0,5.2
1,25.51277,0,0,0,330.0184,3,0,5.2
1,25.52029,0,0,0,330.0184,3,0,5.2
1,25.52942,0,0,0,330.0184,3,0,5.2
1,25.53846,0,0,0,330.0184,3,0,5.2
1,25.54864,0,0,0,330.0184,3,0,5.2
1,25.55854,0,0,0,330.0184,3,0,5.2
1,25.56763,0,0,0,330.0184,3,0,5.2
1,25.57646,0,0,0,330.0184,3,0,5.2
1,25.58527,0,0,0,330.0184,3,0,5.2
1,25.59464,0,0,0,330.0184,3,0,5.2
1,25.60501,0,0,0,330.0184,3,0,5.2
1,25.61322,0,0,0,330.0184,3,0,5.2
1,25.62036,0,0,0,330.0184,3,0,5.2
1,25.62945,0,0,0,330.0184,3,0,5.2
1,25.63966,0,0,0,330.0184,3,0,5.2
1,25.65026,0,0,0,330.0184,3,0,5.2
1,25.66031,0,0,0,330.0184,3,0,5.2
1,25.67149,0,0,0,330.0184,3,0,5.2
1,25.68216,0,0,0,330.0184,3,0,5.2
1,25.6949,0,0,0,330.0184,3,0,5.2
1,25.70516,0,0,0,330.0184,3,0,5.2
1,25.71553,0,0,0,330.0184,3,0,5.2
1,25.72664,0,0,0,330.0184,3,0,5.2
1,25.73704,0,0,0,330.0184,3,0,5.2
1,25.74767,0,0,0,330.0184,3,0,5.2
1,25.75889,0,0,0,330.0184,3,0,5.2
1,25.77015,0,0,0,330.0184,3,0,5.2
1,25.78077,0,0,0,330.0184,3,0,5.2
1,25.79609,0,0,0,330.0184,3,0,5.2
1,25.80982,0,0,0,330.0184,3,0,5.2
1,25.82427,0,0,0,330.0184,3,0,5.2
1,25.83651,0,0,0,330.0184,3,0,5.2
1,25.84954,0,0,0,330.0184,3,0,5.2
1,25.86413,0,0,0,330.0184,3,0,5.2
1,25.87801,0,0,0,330.0184,3,0,5.2
1,25.89314,0,0,0,330.0184,3,0,5.2
1,25.9064,0,0,0,330.0184,3,0,5.2
1,25.91865,0,0,0,330.0184,3,0,5.2
1,25.93102,0,0,0,330.0184,3,0,5.2
1,25.94281,0,0,0,330.0184,3,0,5.2
1,25.95504,0,0,0,330.0184,3,0,5.2
1,25.96685,0,0,0,330.0184,3,0,5.2
1,25.98013,0,0,0,330.0184,3,0,5.2
1,25.99245,0,0,0,330.0184,3,0,5.2
1,26.00432,0,0,0,330.0184,3,0,5.2
1,26.01648,0,0,0,330.0184,3,0,5.2
1,26.02922,0,0,0,330.0184,3,0,5.2
1,26.04136,0,0,0,330.0184,3,0,5.2
1,26.05308,0,0,0,330.0184,3,0,5.2
1,26.06618,0,0,0,330.0184,3,0,5.2
1,26.07709,0,0,0,330.0184,3,0,5.2
1,26.0898,0,0,0,330.0184,3,0,5.2
1,26.10262,0,0,0,330.0184,3,0,5.2
1,26.11474,0,0,0,330.0184,3,0,5.2
1,26.12601,0,0,0,330.0184,3,0,5.2
1,26.13799,0,0,0,330.0184,3,0,5.2
1,26.15204,0,0,0,330.0184,3,0,5.2
1,26.1657,0,0,0,330.0184,3,0,5.2
1,26.17664,0,0,0,330.0184,3,0,5.2
1,26.19667,0,0,0,330.0184,3,0,5.2
1,26.2198,0,0,0,330.0184,3,0,5.2
1,26.23392,0,0,0,330.0184,3,0,5.2
1,26.24777,0,0,0,330.0184,3,0,5.2
1,26.26284,0,0,0,330.0184,3,0,5.2
1,26.27576,0,0,0,330.0184,3,0,5.2
1,26.28888,0,0,0,330.0184,3,0,5.2
1,26.30242,0,0,0,330.0184,3,0,5.2
1,26.31417,0,0,0,330.0184,3,0,5.2
1,26.32659,0,0,0,330.0184,3,0,5.2
1,26.33865,0,0,0,330.0184,3,0,5.2
1,26.35116,0,0,0,330.0184,3,0,5.2
1,26.3622,0,0,0,330.0184,3,0,5.2
1,26.37302,0,0,0,330.0184,3,0,5.2
1,26.3832,0,0,0,330.0184,3,0,5.2
1,26.39183,0,0,0,330.0184,3,0,5.2
1,26.40251,0,0,0,330.0184,3,0,5.2
1,26.41303,0,0,0,330.0184,3,0,5.2
1,26.42375,0,0,0,330.0184,3,0,5.2
1,26.43443,0,0,0,330.0184,3,0,5.2
1,26.44404,0,0,0,330.0184,3,0,5.2
1,26.45462,0,0,0,330.0184,3,0,5.2
1,26.46741,0,0,0,330.0184,3,0,5.2
1,26.47613,0,0,0,330.0184,3,0,5.2
1,26.48529,0,0,0,330.0184,3,0,5.2
1,26.49463,0,0,0,330.0184,3,0,5.2
1,26.50406,0,0,0,330.0184,3,0,5.2
1,26.51401,0,0,0,330.0184,3,0,5.2
1,26.52464,0,0,0,330.0184,3,0,5.2
1,26.53591,0,0,0,330.0184,3,0,5.2
1,26.54494,0,0,0,330.0184,3,0,5.2
1,26.55396,0,0,0,330.0184,3,0,5.2
1,26.56248,0,0,0,330.0184,3,0,5.2
1,26.57153,0,0,0,330.0184,3,0,5.2
1,26.58272,0,0,0,330.0184,3,0,5.2
1,26.59227,0,0,0,330.0184,3,0,5.2
1,26.60291,0,0,0,330.0184,3,0,5.2
1,26.61184,0,0,0,330.0184,3,0,5.2
1,26.62249,0,0,0,330.0184,3,0,5.2
1,26.63302,0,0,0,330.0184,3,0,5.2
1,26.64221,0,0,0,330.0184,3,0,5.2
1,26.65255,0,0,0,330.0184,3,0,5.2
1,26.66123,0,0,0,330.0184,3,0,5.2
1,26.66966,0,0,0,330.0184,3,0,5.2
1,26.67854,0,0,0,330.0184,3,0,5.2
1,26.68652,0,0,0,330.0184,3,0,5.2
1,26.69537,0,0,0,330.0184,3,0,5.2
1,26.70489,0,0,0,330.0184,3,0,5.2
1,26.71514,0,0,0,330.0184,3,0,5.2
1,26.72469,0,0,0,330.0184,3,0,5.2
1,26.73379,0,0,0,330.0184,3,0,5.2
1,26.74365,0,0,0,330.0184,3,0,5.2
1,26.75385,0,0,0,330.0184,3,0,5.2
1,26.76407,0,0,0,330.0184,3,0,5.2
1,26.7741,0,0,0,330.0184,3,0,5.2
1,26.78281,0,0,0,330.0184,3,0,5.2
1,26.79089,0,0,0,330.0184,3,0,5.2
1,26.79762,0,0,0,330.0184,3,0,5.2
1,26.80836,0,0,0,330.0184,3,0,5.2
1,26.81875,0,0,0,330.0184,3,0,5.2
1,26.82625,0,0,0,330.0184,3,0,5.2
1,26.83557,0,0,0,330.0184,3,0,5.2
1,26.84368,0,0,0,330.0184,3,0,5.2
1,26.85291,0,0,0,330.0184,3,0,5.2
1,26.86127,0,0,0,330.0184,3,0,5.2
1,26.87218,0,0,0,330.0184,3,0,5.2
1,26.88629,0,0,0,330.0184,3,0,5.2
1,26.8973,0,0,0,330.0184,3,0,5.2
1,26.90981,0,0,0,330.0184,3,0,5.2
1,26.92182,0,0,0,330.0184,3,0,5.2
1,26.93209,0,0,0,330.0184,3,0,5.2
1,26.94217,0,0,0,330.0184,3,0,5.2
1,26.95111,0,0,0,330.0184,3,0,5.2
1,26.96331,0,0,0,330.0184,3,0,5.2
1,26.97602,0,0,0,330.0184,3,0,5.2
1,26.99098,0,0,0,330.0184,3,0,5.2
1,27.00619,0,0,0,330.0184,3,0,5.2
1,27.01729,0,0,0,330.0184,3,0,5.2
1,27.02944,0,0,0,330.0184,3,0,5.2
1,27.04202,0,0,0,330.0184,3,0,5.2
1,27.05361,0,0,0,330.0184,3,0,5.2
1,27.06577,0,0,0,330.0184,3,0,5.2
1,27.07768,0,0,0,330.0184,3,0,5.2
1,27.089,0,0,0,330.0184,3,0,5.2
1,27.09986,0,0,0,330.0184,3,0,5.2
1,27.11002,0,0,0,330.0184,3,0,5.2
1,27.12064,0,0,0,330.0184,3,0,5.2
1,27.13206,0,0,0,330.0184,3,0,5.2
1,27.14273,0,0,0,330.0184,3,0,5.2
1,27.15414,0,0,0,330.0184,3,0,5.2
1,27.16541,0,0,0,330.0184,3,0,5.2
1,27.17616,0,0,0,330.0184,3,0,5.2
1,27.18653,0,0,0,330.0184,3,0,5.2
1,27.19752,0,0,0,330.0184,3,0,5.2
1,27.20879,0,0,0,330.0184,3,0,5.2
1,27.21944,0,0,0,330.0184,3,0,5.2
1,27.23046,0,0,0,330.0184,3,0,5.2
1,27.24077,0,0,0,330.0184,3,0,5.2
1,27.25099,0,0,0,330.0184,3,0,5.2
1,27.26423,0,0,0,330.0184,3,0,5.2
1,27.2755,0,0,0,330.0184,3,0,5.2
1,27.28625,0,0,0,330.0184,3,0,5.2
1,27.29636,0,0,0,330.0184,3,0,5.2
1,27.30784,0,0,0,330.0184,3,0,5.2
1,27.32041,0,0,0,330.0184,3,0,5.2
1,27.33256,0,0,0,330.0184,3,0,5.2
1,27.34724,0,0,0,330.0184,3,0,5.2
1,27.35916,0,0,0,330.0184,3,0,5.2
1,27.37087,0,0,0,330.0184,3,0,5.2
1,27.38215,0,0,0,330.0184,3,0,5.2
1,27.39314,0,0,0,330.0184,3,0,5.2
1,27.4042,0,0,0,330.0184,3,0,5.2
1,27.41682,0,0,0,330.0184,3,0,5.2
1,27.42923,0,0,0,330.0184,3,0,5.2
1,27.44248,0,0,0,330.0184,3,0,5.2
1,27.45491,0,0,0,330.0184,3,0,5.2
1,27.46671,0,0,0,330.0184,3,0,5.2
1,27.47856,0,0,0,330.0184,3,0,5.2
1,27.49004,0,0,0,330.0184,3,0,5.2
1,27.50227,0,0,0,330.0184,3,0,5.2
1,27.51366,0,0,0,330.0184,3,0,5.2
1,27.52501,0,0,0,330.0184,3,0,5.2
1,27.53766,0,0,0,330.0184,3,0,5.2
1,27.54815,0,0,0,330.0184,3,0,5.2
1,27.55674,0,0,0,330.0184,3,0,5.2
1,27.56565,0,0,0,330.0184,3,0,5.2
1,27.57478,0,0,0,330.0184,3,0,5.2
1,27.58389,0,0,0,330.0184,3,0,5.2
1,27.59212,0,0,0,330.0184,3,0,5.2
1,27.6039,0,0,0,330.0184,3,0,5.2
1,27.61306,0,0,0,330.0184,3,0,5.2
1,27.62036,0,0,0,330.0184,3,0,5.2
1,27.62946,0,0,0,330.0184,3,0,5.2
1,27.63853,0,0,0,330.0184,3,0,5.2
1,27.64729,0,0,0,330.0184,3,0,5.2
1,27.65476,0,0,0,330.0184,3,0,5.2
1,27.66332,0,0,0,330.0184,3,0,5.2
1,27.6715,0,0,0,330.0184,3,0,5.2
1,27.67918,0,0,0,330.0184,3,0,5.2
1,27.68692,0,0,0,330.0184,3,0,5.2
1,27.69527,0,0,0,330.0184,3,0,5.2
1,27.70258,0,0,0,330.0184,3,0,5.2
1,27.7107,0,0,0,330.0184,3,0,5.2
1,27.71811,0,0,0,330.0184,3,0,5.2
1,27.72635,0,0,0,330.0184,3,0,5.2
1,27.73569,0,0,0,330.0184,3,0,5.2
1,27.74475,0,0,0,330.0184,3,0,5.2
1,27.75178,0,0,0,330.0184,3,0,5.2
1,27.76012,0,0,0,330.0184,3,0,5.2
1,27.76882,0,0,0,330.0184,3,0,5.2
1,27.77596,0,0,0,330.0184,3,0,5.2
1,27.78399,0,0,0,330.0184,3,0,5.2
1,27.79202,0,0,0,330.0184,3,0,5.2
1,27.80048,0,0,0,330.0184,3,0,5.2
1,27.80846,0,0,0,330.0184,3,0,5.2
1,27.81758,0,0,0,330.0184,3,0,5.2
1,27.82628,0,0,0,330.0184,3,0,5.2
1,27.83661,0,0,0,330.0184,3,0,5.2
1,27.8451,0,0,0,330.0184,3,0,5.2
1,27.85473,0,0,0,330.0184,3,0,5.2
1,27.86298,0,0,0,330.0184,3,0,5.2
1,27.87186,0,0,0,330.0184,3,0,5.2
1,27.87998,0,0,0,330.0184,3,0,5.2
1,27.88771,0,0,0,330.0184,3,0,5.2
1,27.8972,0,0,0,330.0184,3,0,5.2
1,27.90668,0,0,0,330.0184,3,0,5.2
1,27.91656,0,0,0,330.0184,3,0,5.2
1,27.9267,0,0,0,330.0184,3,0,5.2
1,27.93608,0,0,0,330.0184,3,0,5.2
1,27.946,0,0,0,330.0184,3,0,5.2
1,27.95368,0,0,0,330.0184,3,0,5.2
1,27.96285,0,0,0,330.0184,3,0,5.2
1,27.97056,0,0,0,330.0184,3,0,5.2
1,27.98008,0,0,0,330.0184,3,0,5.2
1,27.98895,0,0,0,330.0184,3,0,5.2
1,27.99659,0,0,0,330.0184,3,0,5.2
1,28.00475,0,0,0,330.0184,3,0,5.2
1,28.01313,0,0,0,330.0184,3,0,5.2
1,28.0213,0,0,0,330.0184,3,0,5.2
1,28.02959,0,0,0,330.0184,3,0,5.2
1,28.03844,0,0,0,330.0184,3,0,5.2
1,28.04692,0,0,0,330.0184,3,0,5.2
1,28.05853,0,0,0,330.0184,3,0,5.2
1,28.0691,0,0,0,330.0184,3,0,5.2
1,28.07721,0,0,0,330.0184,3,0,5.2
1,28.08805,0,0,0,330.0184,3,0,5.2
1,28.09816,0,0,0,330.0184,3,0,5.2
1,28.10725,0,0,0,330.0184,3,0,5.2
1,28.11827,0,0,0,330.0184,3,0,5.2
1,28.12867,0,0,0,330.0184,3,0,5.2
1,28.13837,0,0,0,330.0184,3,0,5.2
1,28.14817,0,0,0,330.0184,3,0,5.2
1,28.15791,0,0,0,330.0184,3,0,5.2
1,28.17032,0,0,0,330.0184,3,0,5.2
1,28.1823,0,0,0,330.0184,3,0,5.2
1,28.19433,0,0,0,330.0184,3,0,5.2
1,28.20386,0,0,0,330.0184,3,0,5.2
1,28.21436,0,0,0,330.0184,3,0,5.2
1,28.22541,0,0,0,330.0184,3,0,5.2
1,28.23746,0,0,0,330.0184,3,0,5.2
1,28.248,0,0,0,330.0184,3,0,5.2
1,28.26025,0,0,0,330.0184,3,0,5.2
1,28.27806,0,0,0,330.0184,3,0,5.2
1,28.29889,0,0,0,330.0184,3,0,5.2
1,28.31005,0,0,0,330.0184,3,0,5.2
1,28.32201,0,0,0,330.0184,3,0,5.2
1,28.33331,0,0,0,330.0184,3,0,5.2
1,28.34561,0,0,0,330.0184,3,0,5.2
1,28.35781,0,0,0,330.0184,3,0,5.2
1,28.36874,0,0,0,330.0184,3,0,5.2
1,28.37994,0,0,0,330.0184,3,0,5.2
1,28.39095,0,0,0,330.0184,3,0,5.2
1,28.4013,0,0,0,330.0184,3,0,5.2
1,28.41179,0,0,0,330.0184,3,0,5.2
1,28.42284,0,0,0,330.0184,3,0,5.2
1,28.43388,0,0,0,330.0184,3,0,5.2
1,28.44559,0,0,0,330.0184,3,0,5.2
1,28.45673,0,0,0,330.0184,3,0,5.2
1,28.4687,0,0,0,330.0184,3,0,5.2
1,28.48084,0,0,0,330.0184,3,0,5.2
1,28.4916,0,0,0,330.0184,3,0,5.2
1,28.5021,0,0,0,330.0184,3,0,5.2
1,28.51301,0,0,0,330.0184,3,0,5.2
1,28.52468,0,0,0,330.0184,3,0,5.2
1,28.53636,0,0,0,330.0184,3,0,5.2
1,28.54854,0,0,0,330.0184,3,0,5.2
1,28.56409,0,0,0,330.0184,3,0,5.2
1,28.57939,0,0,0,330.0184,3,0,5.2
1,28.59193,0,0,0,330.0184,3,0,5.2
1,28.60418,0,0,0,330.0184,3,0,5.2
1,28.61805,0,0,0,330.0184,3,0,5.2
1,28.63132,0,0,0,330.0184,3,0,5.2
1,28.64445,0,0,0,330.0184,3,0,5.2
1,28.65497,0,0,0,330.0184,3,0,5.2
1,28.66618,0,0,0,330.0184,3,0,5.2
1,28.67728,0,0,0,330.0184,3,0,5.2
1,28.68601,0,0,0,330.0184,3,0,5.2
1,28.69529,0,0,0,330.0184,3,0,5.2
1,28.70406,0,0,0,330.0184,3,0,5.2
1,28.71288,0,0,0,330.0184,3,0,5.2
1,28.72129,0,0,0,330.0184,3,0,5.2
1,28.72871,0,0,0,330.0184,3,0,5.2
1,28.73716,0,0,0,330.0184,3,0,5.2
1,28.74472,0,0,0,330.0184,3,0,5.2
1,28.75325,0,0,0,330.0184,3,0,5.2
1,28.76163,0,0,0,330.0184,3,0,5.2
1,28.77053,0,0,0,330.0184,3,0,5.2
1,28.77968,0,0,0,330.0184,3,0,5.2
1,28.78852,0,0,0,330.0184,3,0,5.2
1,28.79623,0,0,0,330.0184,3,0,5.2
1,28.80587,0,0,0,330.0184,3,0,5.2
1,28.81391,0,0,0,330.0184,3,0,5.2
1,28.82395,0,0,0,330.0184,3,0,5.2
1,28.83499,0,0,0,330.0184,3,0,5.2
1,28.8433,0,0,0,330.0184,3,0,5.2
1,28.85401,0,0,0,330.0184,3,0,5.2
1,28.86323,0,0,0,330.0184,3,0,5.2
1,28.87169,0,0,0,330.0184,3,0,5.2
1,28.88033,0,0,0,330.0184,3,0,5.2
1,28.88838,0,0,0,330.0184,3,0,5.2
1,28.89652,0,0,0,330.0184,3,0,5.2
1,28.90342,0,0,0,330.0184,3,0,5.2
1,28.91144,0,0,0,330.0184,3,0,5.2
1,28.9185,0,0,0,330.0184,3,0,5.2
1,28.92725,0,0,0,330.0184,3,0,5.2
1,28.93601,0,0,0,330.0184,3,0,5.2
1,28.9452,0,0,0,330.0184,3,0,5.2
1,28.95308,0,0,0,330.0184,3,0,5.2
1,28.96266,0,0,0,330.0184,3,0,5.2
1,28.97128,0,0,0,330.0184,3,0,5.2
1,28.97916,0,0,0,330.0184,3,0,5.2
1,28.98864,0,0,0,330.0184,3,0,5.2
1,28.99667,0,0,0,330.0184,3,0,5.2
1,29.0064,0,0,0,330.0184,3,0,5.2
1,29.01586,0,0,0,330.0184,3,0,5.2
1,29.02573,0,0,0,330.0184,3,0,5.2
1,29.03403,0,0,0,330.0184,3,0,5.2
1,29.04356,0,0,0,330.0184,3,0,5.2
1,29.05389,0,0,0,330.0184,3,0,5.2
1,29.06206,0,0,0,330.0184,3,0,5.2
1,29.07247,0,0,0,330.0184,3,0,5.2
1,29.08123,0,0,0,330.0184,3,0,5.2
1,29.09124,0,0,0,330.0184,3,0,5.2
1,29.1012,0,0,0,330.0184,3,0,5.2
1,29.10938,0,0,0,330.0184,3,0,5.2
1,29.1187,0,0,0,330.0184,3,0,5.2
1,29.12773,0,0,0,330.0184,3,0,5.2
1,29.13509,0,0,0,330.0184,3,0,5.2
1,29.14387,0,0,0,330.0184,3,0,5.2
1,29.15316,0,0,0,330.0184,3,0,5.2
1,29.16197,0,0,0,330.0184,3,0,5.2
1,29.1698,0,0,0,330.0184,3,0,5.2
1,29.17927,0,0,0,330.0184,3,0,5.2
1,29.18719,0,0,0,330.0184,3,0,5.2
1,29.19695,0,0,0,330.0184,3,0,5.2
1,29.20641,0,0,0,330.0184,3,0,5.2
1,29.21527,0,0,0,330.0184,3,0,5.2
1,29.22456,0,0,0,330.0184,3,0,5.2
1,29.23211,0,0,0,330.0184,3,0,5.2
1,29.24052,0,0,0,330.0184,3,0,5.2
1,29.24944,0,0,0,330.0184,3,0,5.2
1,29.26084,0,0,0,330.0184,3,0,5.2
1,29.2709,0,0,0,330.0184,3,0,5.2
1,29.2839,0,0,0,330.0184,3,0,5.2
1,29.29463,0,0,0,330.0184,3,0,5.2
1,29.30662,0,0,0,330.0184,3,0,5.2
1,29.31868,0,0,0,330.0184,3,0,5.2
1,29.32877,0,0,0,330.0184,3,0,5.2
1,29.33887,0,0,0,330.0184,3,0,5.2
1,29.34939,0,0,0,330.0184,3,0,5.2
1,29.36176,0,0,0,330.0184,3,0,5.2
1,29.37249,0,0,0,330.0184,3,0,5.2
1,29.38543,0,0,0,330.0184,3,0,5.2
1,29.39895,0,0,0,330.0184,3,0,5.2
1,29.41233,0,0,0,330.0184,3,0,5.2
1,29.42392,0,0,0,330.0184,3,0,5.2
1,29.43482,0,0,0,330.0184,3,0,5.2
1,29.44651,0,0,0,330.0184,3,0,5.2
1,29.45726,0,0,0,330.0184,3,0,5.2
1,29.46786,0,0,0,330.0184,3,0,5.2
1,29.48106,0,0,0,330.0184,3,0,5.2
1,29.49287,0,0,0,330.0184,3,0,5.2
1,29.50485,0,0,0,330.0184,3,0,5.2
1,29.51582,0,0,0,330.0184,3,0,5.2
1,29.5278,0,0,0,330.0184,3,0,5.2
1,29.53734,0,0,0,330.0184,3,0,5.2
1,29.54784,0,0,0,330.0184,3,0,5.2
1,29.55853,0,0,0,330.0184,3,0,5.2
1,29.56892,0,0,0,330.0184,3,0,5.2
1,29.57957,0,0,0,330.0184,3,0,5.2
1,29.59098,0,0,0,330.0184,3,0,5.2
1,29.60267,0,0,0,330.0184,3,0,5.2
1,29.61402,0,0,0,330.0184,3,0,5.2
1,29.62391,0,0,0,330.0184,3,0,5.2
1,29.63464,0,0,0,330.0184,3,0,5.2
1,29.64715,0,0,0,330.0184,3,0,5.2
1,29.66002,0,0,0,330.0184,3,0,5.2
1,29.67095,0,0,0,330.0184,3,0,5.2
1,29.68266,0,0,0,330.0184,3,0,5.2
1,29.6938,0,0,0,330.0184,3,0,5.2
1,29.70344,0,0,0,330.0184,3,0,5.2
1,29.71516,0,0,0,330.0184,3,0,5.2
1,29.72722,0,0,0,330.0184,3,0,5.2
1,29.73932,0,0,0,330.0184,3,0,5.2
1,29.75064,0,0,0,330.0184,3,0,5.2
1,29.76447,0,0,0,330.0184,3,0,5.2
1,29.77705,0,0,0,330.0184,3,0,5.2
1,29.78988,0,0,0,330.0184,3,0,5.2
1,29.80338,0,0,0,330.0184,3,0,5.2
1,29.81471,0,0,0,330.0184,3,0,5.2
1,29.82405,0,0,0,330.0184,3,0,5.2
1,29.83584,0,0,0,330.0184,3,0,5.2
1,29.84623,0,0,0,330.0184,3,0,5.2
1,29.85595,0,0,0,330.0184,3,0,5.2
1,29.86827,0,0,0,330.0184,3,0,5.2
1,29.87959,0,0,0,330.0184,3,0,5.2
1,29.88732,0,0,0,330.0184,3,0,5.2
1,29.8974,0,0,0,330.0184,3,0,5.2
1,29.90817,0,0,0,330.0184,3,0,5.2
1,29.91734,0,0,0,330.0184,3,0,5.2
1,29.92823,0,0,0,330.0184,3,0,5.2
1,29.9379,0,0,0,330.0184,3,0,5.2
1,29.94838,0,0,0,330.0184,3,0,5.2
1,29.96011,0,0,0,330.0184,3,0,5.2
1,29.97142,0,0,0,330.0184,3,0,5.2
1,29.98216,0,0,0,330.0184,3,0,5.2
1,29.99403,0,0,0,330.0184,3,0,5.2
1,30.00436,0,0,0,330.0184,3,0,5.2
1,30.01345,0,0,0,330.0184,3,0,5.2
1,30.02391,0,0,0,330.0184,3,0,5.2
1,30.03477,0,0,0,330.0184,3,0,5.2
1,30.04354,0,0,0,330.0184,3,0,5.2
1,30.05357,0,0,0,330.0184,3,0,5.2
1,30.06399,0,0,0,330.0184,3,0,5.2
1,30.07333,0,0,0,330.0184,3,0,5.2
1,30.08466,0,0,0,330.0184,3,0,5.2
1,30.09361,0,0,0,330.0184,3,0,5.2
1,30.10633,0,0,0,330.0184,3,0,5.2
1,30.11748,0,0,0,330.0184,3,0,5.2
1,30.12583,0,0,0,330.0184,3,0,5.2
1,30.13595,0,0,0,330.0184,3,0,5.2
1,30.14548,0,0,0,330.0184,3,0,5.2
1,30.15384,0,0,0,330.0184,3,0,5.2
1,30.16262,0,0,0,330.0184,3,0,5.2
1,30.17185,0,0,0,330.0184,3,0,5.2
1,30.18107,0,0,0,330.0184,3,0,5.2
1,30.19052,0,0,0,330.0184,3,0,5.2
1,30.19953,0,0,0,330.0184,3,0,5.2
1,30.2093,0,0,0,330.0184,3,0,5.2
1,30.21968,0,0,0,330.0184,3,0,5.2
1,30.22997,0,0,0,330.0184,3,0,5.2
1,30.24044,0,0,0,330.0184,3,0,5.2
1,30.25114,0,0,0,330.0184,3,0,5.2
1,30.26176,0,0,0,330.0184,3,0,5.2
1,30.27357,0,0,0,330.0184,3,0,5.2
1,30.28286,0,0,0,330.0184,3,0,5.2
1,30.2922,0,0,0,330.0184,3,0,5.2
1,30.30357,0,0,0,330.0184,3,0,5.2
1,30.31308,0,0,0,330.0184,3,0,5.2
1,30.32301,0,0,0,330.0184,3,0,5.2
1,30.33435,0,0,0,330.0184,3,0,5.2
1,30.34347,0,0,0,330.0184,3,0,5.2
1,30.35344,0,0,0,330.0184,3,0,5.2
1,30.36459,0,0,0,330.0184,3,0,5.2
1,30.3757,0,0,0,330.0184,3,0,5.2
1,30.39153,0,0,0,330.0184,3,0,5.2
1,30.40659,0,0,0,330.0184,3,0,5.2
1,30.41734,0,0,0,330.0184,3,0,5.2
1,30.42858,0,0,0,330.0184,3,0,5.2
1,30.43982,0,0,0,330.0184,3,0,5.2
1,30.45038,0,0,0,330.0184,3,0,5.2
1,30.46175,0,0,0,330.0184,3,0,5.2
1,30.47189,0,0,0,330.0184,3,0,5.2
1,30.48191,0,0,0,330.0184,3,0,5.2
1,30.49383,0,0,0,330.0184,3,0,5.2
1,30.5055,0,0,0,330.0184,3,0,5.2
1,30.51538,0,0,0,330.0184,3,0,5.2
1,30.52687,0,0,0,330.0184,3,0,5.2
1,30.537,0,0,0,330.0184,3,0,5.2
1,30.54642,0,0,0,330.0184,3,0,5.2
1,30.55859,0,0,0,330.0184,3,0,5.2
1,30.56979,0,0,0,330.0184,3,0,5.2
1,30.57925,0,0,0,330.0184,3,0,5.2
1,30.59029,0,0,0,330.0184,3,0,5.2
1,30.60176,0,0,0,330.0184,3,0,5.2
1,30.61493,0,0,0,330.0184,3,0,5.2
1,30.62637,0,0,0,330.0184,3,0,5.2
1,30.63842,0,0,0,330.0184,3,0,5.2
1,30.65007,0,0,0,330.0184,3,0,5.2
1,30.6608,0,0,0,330.0184,3,0,5.2
1,30.6731,0,0,0,330.0184,3,0,5.2
1,30.68653,0,0,0,330.0184,3,0,5.2
1,30.69917,0,0,0,330.0184,3,0,5.2
1,30.71357,0,0,0,330.0184,3,0,5.2
1,30.72652,0,0,0,330.0184,3,0,5.2
1,30.73983,0,0,0,330.0184,3,0,5.2
1,30.75239,0,0,0,330.0184,3,0,5.2
1,30.76376,0,0,0,330.0184,3,0,5.2
1,30.77522,0,0,0,330.0184,3,0,5.2
1,30.78675,0,0,0,330.0184,3,0,5.2
1,30.79803,0,0,0,330.0184,3,0,5.2
1,30.81011,0,0,0,330.0184,3,0,5.2
1,30.82447,0,0,0,330.0184,3,0,5.2
1,30.83643,0,0,0,330.0184,3,0,5.2
1,30.84782,0,0,0,330.0184,3,0,5.2
1,30.85949,0,0,0,330.0184,3,0,5.2
1,30.87099,0,0,0,330.0184,3,0,5.2
1,30.88263,0,0,0,330.0184,3,0,5.2
1,30.89879,0,0,0,330.0184,3,0,5.2
1,30.91403,0,0,0,330.0184,3,0,5.2
1,30.92755,0,0,0,330.0184,3,0,5.2
1,30.94097,0,0,0,330.0184,3,0,5.2
1,30.95378,0,0,0,330.0184,3,0,5.2
1,30.96914,0,0,0,330.0184,3,0,5.2
1,30.98329,0,0,0,330.0184,3,0,5.2
1,30.99641,0,0,0,330.0184,3,0,5.2
1,31.00999,0,0,0,330.0184,3,0,5.2
1,31.02535,0,0,0,330.0184,3,0,5.2
1,31.03783,0,0,0,330.0184,3,0,5.2
1,31.05218,0,0,0,330.0184,3,0,5.2
1,31.06675,0,0,0,330.0184,3,0,5.2
1,31.08017,0,0,0,330.0184,3,0,5.2
1,31.09274,0,0,0,330.0184,3,0,5.2
1,31.10481,0,0,0,330.0184,3,0,5.2
1,31.11658,0,0,0,330.0184,3,0,5.2
1,31.12864,0,0,0,330.0184,3,0,5.2
1,31.13859,0,0,0,330.0184,3,0,5.2
1,31.14788,0,0,0,330.0184,3,0,5.2
1,31.15755,0,0,0,330.0184,3,0,5.2
1,31.16774,0,0,0,330.0184,3,0,5.2
1,31.17641,0,0,0,330.0184,3,0,5.2
1,31.1844,0,0,0,330.0184,3,0,5.2
1,31.19314,0,0,0,330.0184,3,0,5.2
1,31.20172,0,0,0,330.0184,3,0,5.2
1,31.21196,0,0,0,330.0184,3,0,5.2
1,31.21941,0,0,0,330.0184,3,0,5.2
1,31.22929,0,0,0,330.0184,3,0,5.2
1,31.23796,0,0,0,330.0184,3,0,5.2
1,31.24759,0,0,0,330.0184,3,0,5.2
1,31.25884,0,0,0,330.0184,3,0,5.2
1,31.26728,0,0,0,330.0184,3,0,5.2
1,31.27594,0,0,0,330.0184,3,0,5.2
1,31.28552,0,0,0,330.0184,3,0,5.2
1,31.29568,0,0,0,330.0184,3,0,5.2
1,31.30643,0,0,0,330.0184,3,0,5.2
1,31.31496,0,0,0,330.0184,3,0,5.2
1,31.32409,0,0,0,330.0184,3,0,5.2
1,31.33224,0,0,0,330.0184,3,0,5.2
1,31.34106,0,0,0,330.0184,3,0,5.2
1,31.34958,0,0,0,330.0184,3,0,5.2
1,31.35789,0,0,0,330.0184,3,0,5.2
1,31.36759,0,0,0,330.0184,3,0,5.2
1,31.37547,0,0,0,330.0184,3,0,5.2
1,31.38427,0,0,0,330.0184,3,0,5.2
1,31.39444,0,0,0,330.0184,3,0,5.2
1,31.40318,0,0,0,330.0184,3,0,5.2
1,31.41296,0,0,0,330.0184,3,0,5.2
1,31.4234,0,0,0,330.0184,3,0,5.2
1,31.43348,0,0,0,330.0184,3,0,5.2
1,31.4449,0,0,0,330.0184,3,0,5.2
1,31.45468,0,0,0,330.0184,3,0,5.2
1,31.4653,0,0,0,330.0184,3,0,5.2
1,31.47408,0,0,0,330.0184,3,0,5.2
1,31.48311,0,0,0,330.0184,3,0,5.2
1,31.49245,0,0,0,330.0184,3,0,5.2
1,31.50043,0,0,0,330.0184,3,0,5.2
1,31.5105,0,0,0,330.0184,3,0,5.2
1,31.51987,0,0,0,330.0184,3,0,5.2
1,31.52888,0,0,0,330.0184,3,0,5.2
1,31.53865,0,0,0,330.0184,3,0,5.2
1,31.55107,0,0,0,330.0184,3,0,5.2
1,31.56089,0,0,0,330.0184,3,0,5.2
1,31.57,0,0,0,330.0184,3,0,5.2
1,31.57772,0,0,0,330.0184,3,0,5.2
1,31.58488,0,0,0,330.0184,3,0,5.2
1,31.59229,0,0,0,330.0184,3,0,5.2
1,31.60134,0,0,0,330.0184,3,0,5.2
1,31.61086,0,0,0,330.0184,3,0,5.2
1,31.62048,0,0,0,330.0184,3,0,5.2
1,31.63208,0,0,0,330.0184,3,0,5.2
1,31.64513,0,0,0,330.0184,3,0,5.2
1,31.65309,0,0,0,330.0184,3,0,5.2
1,31.66322,0,0,0,330.0184,3,0,5.2
1,31.67305,0,0,0,330.0184,3,0,5.2
1,31.68478,0,0,0,330.0184,3,0,5.2
1,31.69577,0,0,0,330.0184,3,0,5.2
1,31.70818,0,0,0,330.0184,3,0,5.2
1,31.71932,0,0,0,330.0184,3,0,5.2
1,31.73181,0,0,0,330.0184,3,0,5.2
1,31.74348,0,0,0,330.0184,3,0,5.2
1,31.75426,0,0,0,330.0184,3,0,5.2
1,31.76511,0,0,0,330.0184,3,0,5.2
1,31.77633,0,0,0,330.0184,3,0,5.2
1,31.7875,0,0,0,330.0184,3,0,5.2
1,31.79986,0,0,0,330.0184,3,0,5.2
1,31.81327,0,0,0,330.0184,3,0,5.2
1,31.82574,0,0,0,330.0184,3,0,5.2
1,31.83821,0,0,0,330.0184,3,0,5.2
1,31.8498,0,0,0,330.0184,3,0,5.2
1,31.86096,0,0,0,330.0184,3,0,5.2
1,31.87213,0,0,0,330.0184,3,0,5.2
1,31.88428,0,0,0,330.0184,3,0,5.2
1,31.89503,0,0,0,330.0184,3,0,5.2
1,31.90596,0,0,0,330.0184,3,0,5.2
1,31.91945,0,0,0,330.0184,3,0,5.2
1,31.93103,0,0,0,330.0184,3,0,5.2
1,31.94091,0,0,0,330.0184,3,0,5.2
1,31.95113,0,0,0,330.0184,3,0,5.2
1,31.96173,0,0,0,330.0184,3,0,5.2
1,31.97189,0,0,0,330.0184,3,0,5.2
1,31.9825,0,0,0,330.0184,3,0,5.2
1,31.99487,0,0,0,330.0184,3,0,5.2
1,32.00798,0,0,0,330.0184,3,0,5.2
1,32.02243,0,0,0,330.0184,3,0,5.2
1,32.03453,0,0,0,330.0184,3,0,5.2
1,32.04521,0,0,0,330.0184,3,0,5.2
1,32.05902,0,0,0,330.0184,3,0,5.2
1,32.07059,0,0,0,330.0184,3,0,5.2
1,32.08033,0,0,0,330.0184,3,0,5.2
1,32.08995,0,0,0,330.0184,3,0,5.2
1,32.09886,0,0,0,330.0184,3,0,5.2
1,32.10706,0,0,0,330.0184,3,0,5.2
1,32.11739,0,0,0,330.0184,3,0,5.2
1,32.12876,0,0,0,330.0184,3,0,5.2
1,32.14038,0,0,0,330.0184,3,0,5.2
1,32.15559,0,0,0,330.0184,3,0,5.2
1,32.16833,0,0,0,330.0184,3,0,5.2
1,32.17995,0,0,0,330.0184,3,0,5.2
1,32.19376,0,0,0,330.0184,3,0,5.2
1,32.20741,0,0,0,330.0184,3,0,5.2
1,32.21779,0,0,0,330.0184,3,0,5.2
1,32.22944,0,0,0,330.0184,3,0,5.2
1,32.24093,0,0,0,330.0184,3,0,5.2
1,32.25076,0,0,0,330.0184,3,0,5.2
1,32.26118,0,0,0,330.0184,3,0,5.2
1,32.27237,0,0,0,330.0184,3,0,5.2
1,32.28316,0,0,0,330.0184,3,0,5.2
1,32.29436,0,0,0,330.0184,3,0,5.2
1,32.30629,0,0,0,330.0184,3,0,5.2
1,32.31696,0,0,0,330.0184,3,0,5.2
1,32.32673,0,0,0,330.0184,3,0,5.2
1,32.33759,0,0,0,330.0184,3,0,5.2
1,32.34735,0,0,0,330.0184,3,0,5.2
1,32.35775,0,0,0,330.0184,3,0,5.2
1,32.36573,0,0,0,330.0184,3,0,5.2
1,32.37459,0,0,0,330.0184,3,0,5.2
1,32.3835,0,0,0,330.0184,3,0,5.2
1,32.39224,0,0,0,330.0184,3,0,5.2
1,32.40083,0,0,0,330.0184,3,0,5.2
1,32.40985,0,0,0,330.0184,3,0,5.2
1,32.41854,0,0,0,330.0184,3,0,5.2
1,32.4285,0,0,0,330.0184,3,0,5.2
1,32.43714,0,0,0,330.0184,3,0,5.2
1,32.44627,0,0,0,330.0184,3,0,5.2
1,32.4573,0,0,0,330.0184,3,0,5.2
1,32.46699,0,0,0,330.0184,3,0,5.2
1,32.47708,0,0,0,330.0184,3,0,5.2
1,32.48541,0,0,0,330.0184,3,0,5.2
1,32.49394,0,0,0,330.0184,3,0,5.2
1,32.50247,0,0,0,330.0184,3,0,5.2
1,32.50987,0,0,0,330.0184,3,0,5.2
1,32.51798,0,0,0,330.0184,3,0,5.2
1,32.52553,0,0,0,330.0184,3,0,5.2
1,32.53291,0,0,0,330.0184,3,0,5.2
1,32.54233,0,0,0,330.0184,3,0,5.2
1,32.55028,0,0,0,330.0184,3,0,5.2
1,32.55786,0,0,0,330.0184,3,0,5.2
1,32.56749,0,0,0,330.0184,3,0,5.2
1,32.58789,0,0,0,330.0184,3,0,5.2
1,32.59749,0,0,0,330.0184,3,0,5.2
1,32.60577,0,0,0,330.0184,3,0,5.2
1,32.61624,0,0,0,330.0184,3,0,5.2
1,32.62472,0,0,0,330.0184,3,0,5.2
1,32.63249,0,0,0,330.0184,3,0,5.2
1,32.64014,0,0,0,330.0184,3,0,5.2
1,32.6487,0,0,0,330.0184,3,0,5.2
1,32.65657,0,0,0,330.0184,3,0,5.2
1,32.66572,0,0,0,330.0184,3,0,5.2
1,32.67487,0,0,0,330.0184,3,0,5.2
1,32.68365,0,0,0,330.0184,3,0,5.2
1,32.69377,0,0,0,330.0184,3,0,5.2
1,32.70111,0,0,0,330.0184,3,0,5.2
1,32.70863,0,0,0,330.0184,3,0,5.2
1,32.71718,0,0,0,330.0184,3,0,5.2
1,32.72807,0,0,0,330.0184,3,0,5.2
1,32.73636,0,0,0,330.0184,3,0,5.2
1,32.74469,0,0,0,330.0184,3,0,5.2
1,32.75172,0,0,0,330.0184,3,0,5.2
1,32.7594,0,0,0,330.0184,3,0,5.2
1,32.76622,0,0,0,330.0184,3,0,5.2
1,32.77488,0,0,0,330.0184,3,0,5.2
1,32.78261,0,0,0,330.0184,3,0,5.2
1,32.79017,0,0,0,330.0184,3,0,5.2
1,32.79876,0,0,0,330.0184,3,0,5.2
1,32.80724,0,0,0,330.0184,3,0,5.2
1,32.81652,0,0,0,330.0184,3,0,5.2
1,32.82695,0,0,0,330.0184,3,0,5.2
1,32.83681,0,0,0,330.0184,3,0,5.2
1,32.84718,0,0,0,330.0184,3,0,5.2
1,32.85793,0,0,0,330.0184,3,0,5.2
1,32.86785,0,0,0,330.0184,3,0,5.2
1,32.87873,0,0,0,330.0184,3,0,5.2
1,32.8907,0,0,0,330.0184,3,0,5.2
1,32.903,0,0,0,330.0184,3,0,5.2
1,32.91546,0,0,0,330.0184,3,0,5.2
1,32.92665,0,0,0,330.0184,3,0,5.2
1,32.93805,0,0,0,330.0184,3,0,5.2
1,32.95108,0,0,0,330.0184,3,0,5.2
1,32.9615,0,0,0,330.0184,3,0,5.2
1,32.97219,0,0,0,330.0184,3,0,5.2
1,32.98414,0,0,0,330.0184,3,0,5.2
1,32.9959,0,0,0,330.0184,3,0,5.2
1,33.00755,0,0,0,330.0184,3,0,5.2
1,33.02303,0,0,0,330.0184,3,0,5.2
1,33.06062,0,0,0,330.0184,3,0,5.2
1,33.08396,0,0,0,330.0184,3,0,5.2
1,33.10638,0,0,0,330.0184,3,0,5.2
1,33.11937,0,0,0,330.0184,3,0,5.2
1,33.13038,0,0,0,330.0184,3,0,5.2
1,33.15964,0,0,0,330.0184,3,0,5.2
1,33.18103,0,0,0,330.0184,3,0,5.2
1,33.19759,0,0,0,330.0184,3,0,5.2
1,33.21656,0,0,0,330.0184,3,0,5.2
1,33.2287,0,0,0,330.0184,3,0,5.2
1,33.2413,0,0,0,330.0184,3,0,5.2
1,33.25454,0,0,0,330.0184,3,0,5.2
1,33.27045,0,0,0,330.0184,3,0,5.2
1,33.28649,0,0,0,330.0184,3,0,5.2
1,33.29835,0,0,0,330.0184,3,0,5.2
1,33.32369,0,0,0,330.0184,3,0,5.2
1,33.33519,0,0,0,330.0184,3,0,5.2
1,33.35439,0,0,0,330.0184,3,0,5.2
1,33.36595,0,0,0,330.0184,3,0,5.2
1,33.38311,0,0,0,330.0184,3,0,5.2
1,33.39415,0,0,0,330.0184,3,0,5.2
1,33.40818,0,0,0,330.0184,3,0,5.2
1,33.44249,0,0,0,330.0184,3,0,5.2
1,33.46473,0,0,0,330.0184,3,0,5.2
1,33.47574,0,0,0,330.0184,3,0,5.2
1,33.49077,0,0,0,330.0184,3,0,5.2
1,33.50403,0,0,0,330.0184,3,0,5.2
1,33.5169,0,0,0,330.0184,3,0,5.2
1,33.53694,0,0,0,330.0184,3,0,5.2
1,33.54774,0,0,0,330.0184,3,0,5.2
1,33.56652,0,0,0,330.0184,3,0,5.2
1,33.58232,0,0,0,330.0184,3,0,5.2
1,33.60337,0,0,0,330.0184,3,0,5.2
1,33.61571,0,0,0,330.0184,3,0,5.2
1,33.6443,0,0,0,330.0184,3,0,5.2
1,33.66542,0,0,0,330.0184,3,0,5.2
1,33.67635,0,0,0,330.0184,3,0,5.2
1,33.68821,0,0,0,330.0184,3,0,5.2
1,33.7042,0,0,0,330.0184,3,0,5.2
1,33.71791,0,0,0,330.0184,3,0,5.2
1,33.72845,0,0,0,330.0184,3,0,5.2
1,33.74008,0,0,0,330.0184,3,0,5.2
1,33.75258,0,0,0,330.0184,3,0,5.2
1,33.76507,0,0,0,330.0184,3,0,5.2
1,33.77643,0,0,0,330.0184,3,0,5.2
1,33.78789,0,0,0,330.0184,3,0,5.2
1,33.79976,0,0,0,330.0184,3,0,5.2
1,33.81332,0,0,0,330.0184,3,0,5.2
1,33.82347,0,0,0,330.0184,3,0,5.2
1,33.83395,0,0,0,330.0184,3,0,5.2
1,33.84335,0,0,0,330.0184,3,0,5.2
1,33.85367,0,0,0,330.0184,3,0,5.2
1,33.86202,0,0,0,330.0184,3,0,5.2
1,33.87187,0,0,0,330.0184,3,0,5.2
1,33.88039,0,0,0,330.0184,3,0,5.2
1,33.88826,0,0,0,330.0184,3,0,5.2
1,33.89714,0,0,0,330.0184,3,0,5.2
1,33.90586,0,0,0,330.0184,3,0,5.2
1,33.91417,0,0,0,330.0184,3,0,5.2
1,33.92124,0,0,0,330.0184,3,0,5.2
1,33.92997,0,0,0,330.0184,3,0,5.2
1,33.93794,0,0,0,330.0184,3,0,5.2
1,33.94697,0,0,0,330.0184,3,0,5.2
1,33.95436,0,0,0,330.0184,3,0,5.2
1,33.96529,0,0,0,330.0184,3,0,5.2
1,33.97671,0,0,0,330.0184,3,0,5.2
1,33.98582,0,0,0,330.0184,3,0,5.2
1,33.99488,0,0,0,330.0184,3,0,5.2
1,34.00371,0,0,0,330.0184,3,0,5.2
1,34.01383,0,0,0,330.0184,3,0,5.2
1,34.02613,0,0,0,330.0184,3,0,5.2
1,34.03493,0,0,0,330.0184,3,0,5.2
1,34.04362,0,0,0,330.0184,3,0,5.2
1,34.05307,0,0,0,330.0184,3,0,5.2
1,34.06211,0,0,0,330.0184,3,0,5.2
1,34.0727,0,0,0,330.0184,3,0,5.2
1,34.08302,0,0,0,330.0184,3,0,5.2
1,34.09206,0,0,0,330.0184,3,0,5.2
1,34.10181,0,0,0,330.0184,3,0,5.2
1,34.11049,0,0,0,330.0184,3,0,5.2
1,34.11926,0,0,0,330.0184,3,0,5.2
1,34.12833,0,0,0,330.0184,3,0,5.2
1,34.13852,0,0,0,330.0184,3,0,5.2
1,34.15012,0,0,0,330.0184,3,0,5.2
1,34.15971,0,0,0,330.0184,3,0,5.2
1,34.16967,0,0,0,330.0184,3,0,5.2
1,34.18092,0,0,0,330.0184,3,0,5.2
1,34.19137,0,0,0,330.0184,3,0,5.2
1,34.20143,0,0,0,330.0184,3,0,5.2
1,34.21426,0,0,0,330.0184,3,0,5.2
1,34.22555,0,0,0,330.0184,3,0,5.2
1,34.23582,0,0,0,330.0184,3,0,5.2
1,34.246,0,0,0,330.0184,3,0,5.2
1,34.2575,0,0,0,330.0184,3,0,5.2
1,34.26948,0,0,0,330.0184,3,0,5.2
1,34.2818,0,0,0,330.0184,3,0,5.2
1,34.29337,0,0,0,330.0184,3,0,5.2
1,34.30588,0,0,0,330.0184,3,0,5.2
1,34.31784,0,0,0,330.0184,3,0,5.2
1,34.3292,0,0,0,330.0184,3,0,5.2
1,34.34109,0,0,0,330.0184,3,0,5.2
1,34.35132,0,0,0,330.0184,3,0,5.2
1,34.36215,0,0,0,330.0184,3,0,5.2
1,34.37435,0,0,0,330.0184,3,0,5.2
1,34.38701,0,0,0,330.0184,3,0,5.2
1,34.39871,0,0,0,330.0184,3,0,5.2
1,34.40949,0,0,0,330.0184,3,0,5.2
1,34.4211,0,0,0,330.0184,3,0,5.2
1,34.43187,0,0,0,330.0184,3,0,5.2
1,34.44405,0,0,0,330.0184,3,0,5.2
1,34.45409,0,0,0,330.0184,3,0,5.2
1,34.46546,0,0,0,330.0184,3,0,5.2
1,34.47779,0,0,0,330.0184,3,0,5.2
1,34.49107,0,0,0,330.0184,3,0,5.2
1,34.50206,0,0,0,330.0184,3,0,5.2
1,34.51489,0,0,0,330.0184,3,0,5.2
1,34.5284,0,0,0,330.0184,3,0,5.2
1,34.54085,0,0,0,330.0184,3,0,5.2
1,34.55264,0,0,0,330.0184,3,0,5.2
1,34.56284,0,0,0,330.0184,3,0,5.2
1,34.57375,0,0,0,330.0184,3,0,5.2
1,34.58621,0,0,0,330.0184,3,0,5.2
1,34.59876,0,0,0,330.0184,3,0,5.2
1,34.60929,0,0,0,330.0184,3,0,5.2
1,34.62195,0,0,0,330.0184,3,0,5.2
1,34.6349,0,0,0,330.0184,3,0,5.2
1,34.64622,0,0,0,330.0184,3,0,5.2
1,34.65669,0,0,0,330.0184,3,0,5.2
1,34.67053,0,0,0,330.0184,3,0,5.2
1,34.68238,0,0,0,330.0184,3,0,5.2
1,34.69431,0,0,0,330.0184,3,0,5.2
1,34.70752,0,0,0,330.0184,3,0,5.2
1,34.72265,0,0,0,330.0184,3,0,5.2
1,34.73604,0,0,0,330.0184,3,0,5.2
1,34.74926,0,0,0,330.0184,3,0,5.2
1,34.76066,0,0,0,330.0184,3,0,5.2
1,34.77312,0,0,0,330.0184,3,0,5.2
1,34.78769,0,0,0,330.0184,3,0,5.2
1,34.8002,0,0,0,330.0184,3,0,5.2
1,34.81054,0,0,0,330.0184,3,0,5.2
1,34.82196,0,0,0,330.0184,3,0,5.2
1,34.83367,0,0,0,330.0184,3,0,5.2
1,34.84419,0,0,0,330.0184,3,0,5.2
1,34.85357,0,0,0,330.0184,3,0,5.2
1,34.86344,0,0,0,330.0184,3,0,5.2
1,34.8723,0,0,0,330.0184,3,0,5.2
1,34.8822,0,0,0,330.0184,3,0,5.2
1,34.89076,0,0,0,330.0184,3,0,5.2
1,34.90057,0,0,0,330.0184,3,0,5.2
1,34.90925,0,0,0,330.0184,3,0,5.2
1,34.91825,0,0,0,330.0184,3,0,5.2
1,34.92759,0,0,0,330.0184,3,0,5.2
1,34.9358,0,0,0,330.0184,3,0,5.2
1,34.94509,0,0,0,330.0184,3,0,5.2
1,34.95317,0,0,0,330.0184,3,0,5.2
1,34.96151,0,0,0,330.0184,3,0,5.2
1,34.96923,0,0,0,330.0184,3,0,5.2
1,34.99007,0,0,0,330.0184,3,0,5.2
1,35.00039,0,0,0,330.0184,3,0,5.2
1,35.00934,0,0,0,330.0184,3,0,5.2
1,35.01869,0,0,0,330.0184,3,0,5.2
1,35.02771,0,0,0,330.0184,3,0,5.2
1,35.03672,0,0,0,330.0184,3,0,5.2
1,35.04529,0,0,0,330.0184,3,0,5.2
1,35.05476,0,0,0,330.0184,3,0,5.2
1,35.06319,0,0,0,330.0184,3,0,5.2
1,35.07198,0,0,0,330.0184,3,0,5.2
1,35.08113,0,0,0,330.0184,3,0,5.2
1,35.08938,0,0,0,330.0184,3,0,5.2
1,35.09771,0,0,0,330.0184,3,0,5.2
1,35.10653,0,0,0,330.0184,3,0,5.2
1,35.11495,0,0,0,330.0184,3,0,5.2
1,35.12381,0,0,0,330.0184,3,0,5.2
1,35.13253,0,0,0,330.0184,3,0,5.2
1,35.14063,0,0,0,330.0184,3,0,5.2
1,35.14961,0,0,0,330.0184,3,0,5.2
1,35.15942,0,0,0,330.0184,3,0,5.2
1,35.16919,0,0,0,330.0184,3,0,5.2
1,35.17796,0,0,0,330.0184,3,0,5.2
1,35.18631,0,0,0,330.0184,3,0,5.2
1,35.19425,0,0,0,330.0184,3,0,5.2
1,35.20194,0,0,0,330.0184,3,0,5.2
1,35.21191,0,0,0,330.0184,3,0,5.2
1,35.21948,0,0,0,330.0184,3,0,5.2
1,35.23109,0,0,0,330.0184,3,0,5.2
1,35.24014,0,0,0,330.0184,3,0,5.2
1,35.24823,0,0,0,330.0184,3,0,5.2
1,35.2566,0,0,0,330.0184,3,0,5.2
1,35.26406,0,0,0,330.0184,3,0,5.2
1,35.27379,0,0,0,330.0184,3,0,5.2
1,35.2831,0,0,0,330.0184,3,0,5.2
1,35.29255,0,0,0,330.0184,3,0,5.2
1,35.30133,0,0,0,330.0184,3,0,5.2
1,35.30927,0,0,0,330.0184,3,0,5.2
1,35.31775,0,0,0,330.0184,3,0,5.2
1,35.32572,0,0,0,330.0184,3,0,5.2
1,35.33432,0,0,0,330.0184,3,0,5.2
1,35.34164,0,0,0,330.0184,3,0,5.2
1,35.35183,0,0,0,330.0184,3,0,5.2
1,35.36057,0,0,0,330.0184,3,0,5.2
1,35.36966,0,0,0,330.0184,3,0,5.2
1,35.38187,0,0,0,330.0184,3,0,5.2
1,35.39389,0,0,0,330.0184,3,0,5.2
1,35.40551,0,0,0,330.0184,3,0,5.2
1,35.41523,0,0,0,330.0184,3,0,5.2
1,35.42677,0,0,0,330.0184,3,0,5.2
1,35.43689,0,0,0,330.0184,3,0,5.2
1,35.44731,0,0,0,330.0184,3,0,5.2
1,35.45817,0,0,0,330.0184,3,0,5.2
1,35.46993,0,0,0,330.0184,3,0,5.2
1,35.48145,0,0,0,330.0184,3,0,5.2
1,35.49325,0,0,0,330.0184,3,0,5.2
1,35.5067,0,0,0,330.0184,3,0,5.2
1,35.51928,0,0,0,330.0184,3,0,5.2
1,35.53096,0,0,0,330.0184,3,0,5.2
1,35.54436,0,0,0,330.0184,3,0,5.2
1,35.55678,0,0,0,330.0184,3,0,5.2
1,35.56868,0,0,0,330.0184,3,0,5.2
1,35.57976,0,0,0,330.0184,3,0,5.2
1,35.59019,0,0,0,330.0184,3,0,5.2
1,35.60109,0,0,0,330.0184,3,0,5.2
1,35.61337,0,0,0,330.0184,3,0,5.2
1,35.62591,0,0,0,330.0184,3,0,5.2
1,35.63803,0,0,0,330.0184,3,0,5.2
1,35.65012,0,0,0,330.0184,3,0,5.2
1,35.66095,0,0,0,330.0184,3,0,5.2
1,35.67141,0,0,0,330.0184,3,0,5.2
1,35.68232,0,0,0,330.0184,3,0,5.2
1,35.69365,0,0,0,330.0184,3,0,5.2
1,35.70401,0,0,0,330.0184,3,0,5.2
1,35.71605,0,0,0,330.0184,3,0,5.2
1,35.72724,0,0,0,330.0184,3,0,5.2
1,35.7398,0,0,0,330.0184,3,0,5.2
1,35.7513,0,0,0,330.0184,3,0,5.2
1,35.76431,0,0,0,330.0184,3,0,5.2
1,35.77603,0,0,0,330.0184,3,0,5.2
1,35.78618,0,0,0,330.0184,3,0,5.2
1,35.79932,0,0,0,330.0184,3,0,5.2
1,35.81284,0,0,0,330.0184,3,0,5.2
1,35.82382,0,0,0,330.0184,3,0,5.2
1,35.83374,0,0,0,330.0184,3,0,5.2
1,35.84367,0,0,0,330.0184,3,0,5.2
1,35.85497,0,0,0,330.0184,3,0,5.2
1,35.86549,0,0,0,330.0184,3,0,5.2
1,35.88132,0,0,0,330.0184,3,0,5.2
1,35.89302,0,0,0,330.0184,3,0,5.2
1,35.90485,0,0,0,330.0184,3,0,5.2
1,35.91712,0,0,0,330.0184,3,0,5.2
1,35.92968,0,0,0,330.0184,3,0,5.2
1,35.9421,0,0,0,330.0184,3,0,5.2
1,35.95699,0,0,0,330.0184,3,0,5.2
1,35.97186,0,0,0,330.0184,3,0,5.2
1,35.99191,0,0,0,330.0184,3,0,5.2
1,36.00388,0,0,0,330.0184,3,0,5.2
1,36.01909,0,0,0,330.0184,3,0,5.2
1,36.03333,0,0,0,330.0184,3,0,5.2
1,36.04689,0,0,0,330.0184,3,0,5.2
1,36.05881,0,0,0,330.0184,3,0,5.2
1,36.07197,0,0,0,330.0184,3,0,5.2
1,36.08431,0,0,0,330.0184,3,0,5.2
1,36.09507,0,0,0,330.0184,3,0,5.2
1,36.10371,0,0,0,330.0184,3,0,5.2
1,36.11524,0,0,0,330.0184,3,0,5.2
1,36.12484,0,0,0,330.0184,3,0,5.2
1,36.13565,0,0,0,330.0184,3,0,5.2
1,36.14581,0,0,0,330.0184,3,0,5.2
1,36.15755,0,0,0,330.0184,3,0,5.2
1,36.16982,0,0,0,330.0184,3,0,5.2
1,36.18167,0,0,0,330.0184,3,0,5.2
1,36.19182,0,0,0,330.0184,3,0,5.2
1,36.20278,0,0,0,330.0184,3,0,5.2
1,36.21296,0,0,0,330.0184,3,0,5.2
1,36.22177,0,0,0,330.0184,3,0,5.2
1,36.23141,0,0,0,330.0184,3,0,5.2
1,36.24025,0,0,0,330.0184,3,0,5.2
1,36.24964,0,0,0,330.0184,3,0,5.2
1,36.2598,0,0,0,330.0184,3,0,5.2
1,36.27063,0,0,0,330.0184,3,0,5.2
1,36.28055,0,0,0,330.0184,3,0,5.2
1,36.29098,0,0,0,330.0184,3,0,5.2
1,36.30085,0,0,0,330.0184,3,0,5.2
1,36.30915,0,0,0,330.0184,3,0,5.2
1,36.31853,0,0,0,330.0184,3,0,5.2
1,36.32718,0,0,0,330.0184,3,0,5.2
1,36.33535,0,0,0,330.0184,3,0,5.2
1,36.34369,0,0,0,330.0184,3,0,5.2
1,36.3524,0,0,0,330.0184,3,0,5.2
1,36.36041,0,0,0,330.0184,3,0,5.2
1,36.36908,0,0,0,330.0184,3,0,5.2
1,36.37965,0,0,0,330.0184,3,0,5.2
1,36.38996,0,0,0,330.0184,3,0,5.2
1,36.39957,0,0,0,330.0184,3,0,5.2
1,36.40858,0,0,0,330.0184,3,0,5.2
1,36.41866,0,0,0,330.0184,3,0,5.2
1,36.42954,0,0,0,330.0184,3,0,5.2
1,36.43914,0,0,0,330.0184,3,0,5.2
1,36.44849,0,0,0,330.0184,3,0,5.2
1,36.45803,0,0,0,330.0184,3,0,5.2
1,36.46695,0,0,0,330.0184,3,0,5.2
1,36.47508,0,0,0,330.0184,3,0,5.2
1,36.48481,0,0,0,330.0184,3,0,5.2
1,36.49511,0,0,0,330.0184,3,0,5.2
1,36.50504,0,0,0,330.0184,3,0,5.2
1,36.51551,0,0,0,330.0184,3,0,5.2
1,36.52561,0,0,0,330.0184,3,0,5.2
1,36.5347,0,0,0,330.0184,3,0,5.2
1,36.54287,0,0,0,330.0184,3,0,5.2
1,36.55173,0,0,0,330.0184,3,0,5.2
1,36.56201,0,0,0,330.0184,3,0,5.2
1,36.5712,0,0,0,330.0184,3,0,5.2
1,36.58087,0,0,0,330.0184,3,0,5.2
1,36.5905,0,0,0,330.0184,3,0,5.2
1,36.60065,0,0,0,330.0184,3,0,5.2
1,36.60964,0,0,0,330.0184,3,0,5.2
1,36.62017,0,0,0,330.0184,3,0,5.2
1,36.633,0,0,0,330.0184,3,0,5.2
1,36.64595,0,0,0,330.0184,3,0,5.2
1,36.65802,0,0,0,330.0184,3,0,5.2
1,36.66962,0,0,0,330.0184,3,0,5.2
1,36.68093,0,0,0,330.0184,3,0,5.2
1,36.6918,0,0,0,330.0184,3,0,5.2
1,36.70476,0,0,0,330.0184,3,0,5.2
1,36.71737,0,0,0,330.0184,3,0,5.2
1,36.72858,0,0,0,330.0184,3,0,5.2
1,36.74052,0,0,0,330.0184,3,0,5.2
1,36.75421,0,0,0,330.0184,3,0,5.2
1,36.76666,0,0,0,330.0184,3,0,5.2
1,36.77781,0,0,0,330.0184,3,0,5.2
1,36.79118,0,0,0,330.0184,3,0,5.2
1,36.8042,0,0,0,330.0184,3,0,5.2
1,36.81894,0,0,0,330.0184,3,0,5.2
1,36.8352,0,0,0,330.0184,3,0,5.2
1,36.84772,0,0,0,330.0184,3,0,5.2
1,36.85897,0,0,0,330.0184,3,0,5.2
1,36.8718,0,0,0,330.0184,3,0,5.2
1,36.88403,0,0,0,330.0184,3,0,5.2
1,36.89654,0,0,0,330.0184,3,0,5.2
1,36.90954,0,0,0,330.0184,3,0,5.2
1,36.92317,0,0,0,330.0184,3,0,5.2
1,36.93481,0,0,0,330.0184,3,0,5.2
1,36.9476,0,0,0,330.0184,3,0,5.2
1,36.95935,0,0,0,330.0184,3,0,5.2
1,36.97281,0,0,0,330.0184,3,0,5.2
1,36.98439,0,0,0,330.0184,3,0,5.2
1,36.99485,0,0,0,330.0184,3,0,5.2
1,37.0065,0,0,0,330.0184,3,0,5.2
1,37.01785,0,0,0,330.0184,3,0,5.2
1,37.02926,0,0,0,330.0184,3,0,5.2
1,37.04242,0,0,0,330.0184,3,0,5.2
1,37.05547,0,0,0,330.0184,3,0,5.2
1,37.06828,0,0,0,330.0184,3,0,5.2
1,37.079,0,0,0,330.0184,3,0,5.2
1,37.08971,0,0,0,330.0184,3,0,5.2
1,37.1007,0,0,0,330.0184,3,0,5.2
1,37.11078,0,0,0,330.0184,3,0,5.2
1,37.12308,0,0,0,330.0184,3,0,5.2
1,37.13502,0,0,0,330.0184,3,0,5.2
1,37.14857,0,0,0,330.0184,3,0,5.2
1,37.16316,0,0,0,330.0184,3,0,5.2
1,37.17823,0,0,0,330.0184,3,0,5.2
1,37.19597,0,0,0,330.0184,3,0,5.2
1,37.21578,0,0,0,330.0184,3,0,5.2
1,37.24,0,0,0,330.0184,3,0,5.2
1,37.25297,0,0,0,330.0184,3,0,5.2
1,37.26586,0,0,0,330.0184,3,0,5.2
1,37.28222,0,0,0,330.0184,3,0,5.2
1,37.29529,0,0,0,330.0184,3,0,5.2
1,37.30554,0,0,0,330.0184,3,0,5.2
1,37.31529,0,0,0,330.0184,3,0,5.2
1,37.32722,0,0,0,330.0184,3,0,5.2
1,37.33862,0,0,0,330.0184,3,0,5.2
1,37.34851,0,0,0,330.0184,3,0,5.2
1,37.35894,0,0,0,330.0184,3,0,5.2
1,37.36827,0,0,0,330.0184,3,0,5.2
1,37.37707,0,0,0,330.0184,3,0,5.2
1,37.38602,0,0,0,330.0184,3,0,5.2
1,37.39427,0,0,0,330.0184,3,0,5.2
1,37.40413,0,0,0,330.0184,3,0,5.2
1,37.41216,0,0,0,330.0184,3,0,5.2
1,37.41982,0,0,0,330.0184,3,0,5.2
1,37.4288,0,0,0,330.0184,3,0,5.2
1,37.43773,0,0,0,330.0184,3,0,5.2
1,37.44562,0,0,0,330.0184,3,0,5.2
1,37.45372,0,0,0,330.0184,3,0,5.2
1,37.46175,0,0,0,330.0184,3,0,5.2
1,37.46926,0,0,0,330.0184,3,0,5.2
1,37.47908,0,0,0,330.0184,3,0,5.2
1,37.48713,0,0,0,330.0184,3,0,5.2
1,37.49532,0,0,0,330.0184,3,0,5.2
1,37.50379,0,0,0,330.0184,3,0,5.2
1,37.51283,0,0,0,330.0184,3,0,5.2
1,37.52322,0,0,0,330.0184,3,0,5.2
1,37.53093,0,0,0,330.0184,3,0,5.2
1,37.54109,0,0,0,330.0184,3,0,5.2
1,37.54975,0,0,0,330.0184,3,0,5.2
1,37.55905,0,0,0,330.0184,3,0,5.2
1,37.56802,0,0,0,330.0184,3,0,5.2
1,37.57624,0,0,0,330.0184,3,0,5.2
1,37.58801,0,0,0,330.0184,3,0,5.2
1,37.59922,0,0,0,330.0184,3,0,5.2
1,37.60863,0,0,0,330.0184,3,0,5.2
1,37.61766,0,0,0,330.0184,3,0,5.2
1,37.62748,0,0,0,330.0184,3,0,5.2
1,37.63728,0,0,0,330.0184,3,0,5.2
1,37.6466,0,0,0,330.0184,3,0,5.2
1,37.65627,0,0,0,330.0184,3,0,5.2
1,37.66648,0,0,0,330.0184,3,0,5.2
1,37.67662,0,0,0,330.0184,3,0,5.2
1,37.68559,0,0,0,330.0184,3,0,5.2
1,37.69794,0,0,0,330.0184,3,0,5.2
1,37.70927,0,0,0,330.0184,3,0,5.2
1,37.71892,0,0,0,330.0184,3,0,5.2
1,37.72859,0,0,0,330.0184,3,0,5.2
1,37.73752,0,0,0,330.0184,3,0,5.2
1,37.74664,0,0,0,330.0184,3,0,5.2
1,37.75582,0,0,0,330.0184,3,0,5.2
1,37.76384,0,0,0,330.0184,3,0,5.2
1,37.77325,0,0,0,330.0184,3,0,5.2
1,37.78172,0,0,0,330.0184,3,0,5.2
1,37.79145,0,0,0,330.0184,3,0,5.2
1,37.80097,0,0,0,330.0184,3,0,5.2
1,37.80883,0,0,0,330.0184,3,0,5.2
1,37.81761,0,0,0,330.0184,3,0,5.2
1,37.82568,0,0,0,330.0184,3,0,5.2
1,37.8339,0,0,0,330.0184,3,0,5.2
1,37.84169,0,0,0,330.0184,3,0,5.2
1,37.85096,0,0,0,330.0184,3,0,5.2
1,37.86211,0,0,0,330.0184,3,0,5.2
1,37.87411,0,0,0,330.0184,3,0,5.2
1,37.8853,0,0,0,330.0184,3,0,5.2
1,37.89621,0,0,0,330.0184,3,0,5.2
1,37.90743,0,0,0,330.0184,3,0,5.2
1,37.91908,0,0,0,330.0184,3,0,5.2
1,37.92916,0,0,0,330.0184,3,0,5.2
1,37.94009,0,0,0,330.0184,3,0,5.2
1,37.95072,0,0,0,330.0184,3,0,5.2
1,37.96179,0,0,0,330.0184,3,0,5.2
1,37.97283,0,0,0,330.0184,3,0,5.2
1,37.98439,0,0,0,330.0184,3,0,5.2
1,37.99577,0,0,0,330.0184,3,0,5.2
1,38.00721,0,0,0,330.0184,3,0,5.2
1,38.01753,0,0,0,330.0184,3,0,5.2
1,38.02776,0,0,0,330.0184,3,0,5.2
1,38.03782,0,0,0,330.0184,3,0,5.2
1,38.04885,0,0,0,330.0184,3,0,5.2
1,38.06112,0,0,0,330.0184,3,0,5.2
1,38.07515,0,0,0,330.0184,3,0,5.2
1,38.08725,0,0,0,330.0184,3,0,5.2
1,38.09888,0,0,0,330.0184,3,0,5.2
1,38.11029,0,0,0,330.0184,3,0,5.2
1,38.12137,0,0,0,330.0184,3,0,5.2
1,38.13142,0,0,0,330.0184,3,0,5.2
1,38.14175,0,0,0,330.0184,3,0,5.2
1,38.15243,0,0,0,330.0184,3,0,5.2
1,38.16319,0,0,0,330.0184,3,0,5.2
1,38.17591,0,0,0,330.0184,3,0,5.2
1,38.18848,0,0,0,330.0184,3,0,5.2
1,38.20155,0,0,0,330.0184,3,0,5.2
1,38.21336,0,0,0,330.0184,3,0,5.2
1,38.22646,0,0,0,330.0184,3,0,5.2
1,38.23971,0,0,0,330.0184,3,0,5.2
1,38.25287,0,0,0,330.0184,3,0,5.2
1,38.26401,0,0,0,330.0184,3,0,5.2
1,38.27413,0,0,0,330.0184,3,0,5.2
1,38.28723,0,0,0,330.0184,3,0,5.2
1,38.29841,0,0,0,330.0184,3,0,5.2
1,38.31081,0,0,0,330.0184,3,0,5.2
1,38.32207,0,0,0,330.0184,3,0,5.2
1,38.33538,0,0,0,330.0184,3,0,5.2
1,38.3511,0,0,0,330.0184,3,0,5.2
1,38.36251,0,0,0,330.0184,3,0,5.2
1,38.37923,0,0,0,330.0184,3,0,5.2
1,38.3909,0,0,0,330.0184,3,0,5.2
1,38.40297,0,0,0,330.0184,3,0,5.2
1,38.41485,0,0,0,330.0184,3,0,5.2
1,38.42695,0,0,0,330.0184,3,0,5.2
1,38.44015,0,0,0,330.0184,3,0,5.2
1,38.45123,0,0,0,330.0184,3,0,5.2
1,38.46318,0,0,0,330.0184,3,0,5.2
1,38.47488,0,0,0,330.0184,3,0,5.2
1,38.48408,0,0,0,330.0184,3,0,5.2
1,38.49394,0,0,0,330.0184,3,0,5.2
1,38.50404,0,0,0,330.0184,3,0,5.2
1,38.51351,0,0,0,330.0184,3,0,5.2
1,38.52288,0,0,0,330.0184,3,0,5.2
1,38.53389,0,0,0,330.0184,3,0,5.2
1,38.54251,0,0,0,330.0184,3,0,5.2
1,38.55246,0,0,0,330.0184,3,0,5.2
1,38.56086,0,0,0,330.0184,3,0,5.2
1,38.57014,0,0,0,330.0184,3,0,5.2
1,38.58037,0,0,0,330.0184,3,0,5.2
1,38.59002,0,0,0,330.0184,3,0,5.2
1,38.59925,0,0,0,330.0184,3,0,5.2
1,38.60779,0,0,0,330.0184,3,0,5.2
1,38.61783,0,0,0,330.0184,3,0,5.2
1,38.6288,0,0,0,330.0184,3,0,5.2
1,38.63844,0,0,0,330.0184,3,0,5.2
1,38.64666,0,0,0,330.0184,3,0,5.2
1,38.65466,0,0,0,330.0184,3,0,5.2
1,38.66368,0,0,0,330.0184,3,0,5.2
1,38.67252,0,0,0,330.0184,3,0,5.2
1,38.68116,0,0,0,330.0184,3,0,5.2
1,38.69124,0,0,0,330.0184,3,0,5.2
1,38.70086,0,0,0,330.0184,3,0,5.2
1,38.70885,0,0,0,330.0184,3,0,5.2
1,38.71735,0,0,0,330.0184,3,0,5.2
1,38.72543,0,0,0,330.0184,3,0,5.2
1,38.73396,0,0,0,330.0184,3,0,5.2
1,38.74149,0,0,0,330.0184,3,0,5.2
1,38.7493,0,0,0,330.0184,3,0,5.2
1,38.75681,0,0,0,330.0184,3,0,5.2
1,38.76397,0,0,0,330.0184,3,0,5.2
1,38.77301,0,0,0,330.0184,3,0,5.2
1,38.78131,0,0,0,330.0184,3,0,5.2
1,38.79021,0,0,0,330.0184,3,0,5.2
1,38.79861,0,0,0,330.0184,3,0,5.2
1,38.80649,0,0,0,330.0184,3,0,5.2
1,38.81573,0,0,0,330.0184,3,0,5.2
1,38.82566,0,0,0,330.0184,3,0,5.2
1,38.83679,0,0,0,330.0184,3,0,5.2
1,38.845,0,0,0,330.0184,3,0,5.2
1,38.85361,0,0,0,330.0184,3,0,5.2
1,38.86202,0,0,0,330.0184,3,0,5.2
1,38.87444,0,0,0,330.0184,3,0,5.2
1,38.88617,0,0,0,330.0184,3,0,5.2
1,38.89678,0,0,0,330.0184,3,0,5.2
1,38.90595,0,0,0,330.0184,3,0,5.2
1,38.91528,0,0,0,330.0184,3,0,5.2
1,38.92573,0,0,0,330.0184,3,0,5.2
1,38.93538,0,0,0,330.0184,3,0,5.2
1,38.94396,0,0,0,330.0184,3,0,5.2
1,38.95245,0,0,0,330.0184,3,0,5.2
1,38.96145,0,0,0,330.0184,3,0,5.2
1,38.96994,0,0,0,330.0184,3,0,5.2
1,38.97918,0,0,0,330.0184,3,0,5.2
1,38.98912,0,0,0,330.0184,3,0,5.2
1,38.99725,0,0,0,330.0184,3,0,5.2
1,39.006,0,0,0,330.0184,3,0,5.2
1,39.01391,0,0,0,330.0184,3,0,5.2
1,39.02187,0,0,0,330.0184,3,0,5.2
1,39.02916,0,0,0,330.0184,3,0,5.2
1,39.03867,0,0,0,330.0184,3,0,5.2
1,39.04937,0,0,0,330.0184,3,0,5.2
1,39.06211,0,0,0,330.0184,3,0,5.2
1,39.07368,0,0,0,330.0184,3,0,5.2
1,39.08497,0,0,0,330.0184,3,0,5.2
1,39.09747,0,0,0,330.0184,3,0,5.2
1,39.10844,0,0,0,330.0184,3,0,5.2
1,39.12083,0,0,0,330.0184,3,0,5.2
1,39.13139,0,0,0,330.0184,3,0,5.2
1,39.14189,0,0,0,330.0184,3,0,5.2
1,39.15204,0,0,0,330.0184,3,0,5.2
1,39.16462,0,0,0,330.0184,3,0,5.2
1,39.17597,0,0,0,330.0184,3,0,5.2
1,39.18745,0,0,0,330.0184,3,0,5.2
1,39.19944,0,0,0,330.0184,3,0,5.2
1,39.2138,0,0,0,330.0184,3,0,5.2
1,39.22755,0,0,0,330.0184,3,0,5.2
1,39.23988,0,0,0,330.0184,3,0,5.2
1,39.25298,0,0,0,330.0184,3,0,5.2
1,39.26408,0,0,0,330.0184,3,0,5.2
1,39.27604,0,0,0,330.0184,3,0,5.2
1,39.28767,0,0,0,330.0184,3,0,5.2
1,39.30038,0,0,0,330.0184,3,0,5.2
1,39.31284,0,0,0,330.0184,3,0,5.2
1,39.32648,0,0,0,330.0184,3,0,5.2
1,39.33919,0,0,0,330.0184,3,0,5.2
1,39.36071,0,0,0,330.0184,3,0,5.2
1,39.37987,0,0,0,330.0184,3,0,5.2
1,39.39462,0,0,0,330.0184,3,0,5.2
1,39.40913,0,0,0,330.0184,3,0,5.2
1,39.42451,0,0,0,330.0184,3,0,5.2
1,39.44247,0,0,0,330.0184,3,0,5.2
1,39.46007,0,0,0,330.0184,3,0,5.2
1,39.47396,0,0,0,330.0184,3,0,5.2
1,39.48835,0,0,0,330.0184,3,0,5.2
1,39.50437,0,0,0,330.0184,3,0,5.2
1,39.52468,0,0,0,330.0184,3,0,5.2
1,39.53709,0,0,0,330.0184,3,0,5.2
1,39.54996,0,0,0,330.0184,3,0,5.2
1,39.56259,0,0,0,330.0184,3,0,5.2
1,39.57478,0,0,0,330.0184,3,0,5.2
1,39.59151,0,0,0,330.0184,3,0,5.2
1,39.60501,0,0,0,330.0184,3,0,5.2
1,39.61841,0,0,0,330.0184,3,0,5.2
1,39.63288,0,0,0,330.0184,3,0,5.2
1,39.6468,0,0,0,330.0184,3,0,5.2
1,39.65955,0,0,0,330.0184,3,0,5.2
1,39.67119,0,0,0,330.0184,3,0,5.2
1,39.68352,0,0,0,330.0184,3,0,5.2
1,39.69463,0,0,0,330.0184,3,0,5.2
1,39.70782,0,0,0,330.0184,3,0,5.2
1,39.72144,0,0,0,330.0184,3,0,5.2
1,39.73169,0,0,0,330.0184,3,0,5.2
1,39.74197,0,0,0,330.0184,3,0,5.2
1,39.75237,0,0,0,330.0184,3,0,5.2
1,39.76029,0,0,0,330.0184,3,0,5.2
1,39.76812,0,0,0,330.0184,3,0,5.2
1,39.77898,0,0,0,330.0184,3,0,5.2
1,39.78763,0,0,0,330.0184,3,0,5.2
1,39.7978,0,0,0,330.0184,3,0,5.2
1,39.80822,0,0,0,330.0184,3,0,5.2
1,39.81744,0,0,0,330.0184,3,0,5.2
1,39.82542,0,0,0,330.0184,3,0,5.2
1,39.83526,0,0,0,330.0184,3,0,5.2
1,39.8427,0,0,0,330.0184,3,0,5.2
1,39.85345,0,0,0,330.0184,3,0,5.2
1,39.86128,0,0,0,330.0184,3,0,5.2
1,39.8702,0,0,0,330.0184,3,0,5.2
1,39.88095,0,0,0,330.0184,3,0,5.2
1,39.88939,0,0,0,330.0184,3,0,5.2
1,39.89929,0,0,0,330.0184,3,0,5.2
1,39.90846,0,0,0,330.0184,3,0,5.2
1,39.91895,0,0,0,330.0184,3,0,5.2
1,39.92712,0,0,0,330.0184,3,0,5.2
1,39.93534,0,0,0,330.0184,3,0,5.2
1,39.94354,0,0,0,330.0184,3,0,5.2
1,39.9507,0,0,0,330.0184,3,0,5.2
1,39.95856,0,0,0,330.0184,3,0,5.2
1,39.96539,0,0,0,330.0184,3,0,5.2
1,39.97398,0,0,0,330.0184,3,0,5.2
1,39.98319,0,0,0,330.0184,3,0,5.2
1,39.99265,0,0,0,330.0184,3,0,5.2
1,40.00274,0,0,0,330.0184,3,0,5.2
1,40.01211,0,0,0,330.0184,3,0,5.2
1,40.02158,0,0,0,330.0184,3,0,5.2
1,40.02929,0,0,0,330.0184,3,0,5.2
1,40.03798,0,0,0,330.0184,3,0,5.2
1,40.04576,0,0,0,330.0184,3,0,5.2
1,40.055,0,0,0,330.0184,3,0,5.2
1,40.0626,0,0,0,330.0184,3,0,5.2
1,40.07061,0,0,0,330.0184,3,0,5.2
1,40.07856,0,0,0,330.0184,3,0,5.2
1,40.08724,0,0,0,330.0184,3,0,5.2
1,40.0949,0,0,0,330.0184,3,0,5.2
1,40.10334,0,0,0,330.0184,3,0,5.2
1,40.11272,0,0,0,330.0184,3,0,5.2
1,40.12418,0,0,0,330.0184,3,0,5.2
1,40.13223,0,0,0,330.0184,3,0,5.2
1,40.13953,0,0,0,330.0184,3,0,5.2
1,40.1479,0,0,0,330.0184,3,0,5.2
1,40.15508,0,0,0,330.0184,3,0,5.2
1,40.1632,0,0,0,330.0184,3,0,5.2
1,40.17102,0,0,0,330.0184,3,0,5.2
1,40.17869,0,0,0,330.0184,3,0,5.2
1,40.18553,0,0,0,330.0184,3,0,5.2
1,40.194,0,0,0,330.0184,3,0,5.2
1,40.20259,0,0,0,330.0184,3,0,5.2
1,40.21051,0,0,0,330.0184,3,0,5.2
1,40.21844,0,0,0,330.0184,3,0,5.2
1,40.22704,0,0,0,330.0184,3,0,5.2
1,40.23564,0,0,0,330.0184,3,0,5.2
1,40.24626,0,0,0,330.0184,3,0,5.2
1,40.25898,0,0,0,330.0184,3,0,5.2
1,40.27134,0,0,0,330.0184,3,0,5.2
1,40.28624,0,0,0,330.0184,3,0,5.2
1,40.29808,0,0,0,330.0184,3,0,5.2
1,40.30809,0,0,0,330.0184,3,0,5.2
1,40.31946,0,0,0,330.0184,3,0,5.2
1,40.32988,0,0,0,330.0184,3,0,5.2
1,40.34084,0,0,0,330.0184,3,0,5.2
1,40.3531,0,0,0,330.0184,3,0,5.2
1,40.36438,0,0,0,330.0184,3,0,5.2
1,40.37484,0,0,0,330.0184,3,0,5.2
1,40.38654,0,0,0,330.0184,3,0,5.2
1,40.39895,0,0,0,330.0184,3,0,5.2
1,40.40956,0,0,0,330.0184,3,0,5.2
1,40.41884,0,0,0,330.0184,3,0,5.2
1,40.43116,0,0,0,330.0184,3,0,5.2
1,40.44322,0,0,0,330.0184,3,0,5.2
1,40.45381,0,0,0,330.0184,3,0,5.2
1,40.46569,0,0,0,330.0184,3,0,5.2
1,40.47882,0,0,0,330.0184,3,0,5.2
1,40.49076,0,0,0,330.0184,3,0,5.2
1,40.50212,0,0,0,330.0184,3,0,5.2
1,40.5137,0,0,0,330.0184,3,0,5.2
1,40.52617,0,0,0,330.0184,3,0,5.2
1,40.53762,0,0,0,330.0184,3,0,5.2
1,40.54808,0,0,0,330.0184,3,0,5.2
1,40.55945,0,0,0,330.0184,3,0,5.2
1,40.57141,0,0,0,330.0184,3,0,5.2
1,40.584,0,0,0,330.0184,3,0,5.2
1,40.59608,0,0,0,330.0184,3,0,5.2
1,40.6062,0,0,0,330.0184,3,0,5.2
1,40.61673,0,0,0,330.0184,3,0,5.2
1,40.62806,0,0,0,330.0184,3,0,5.2
1,40.64038,0,0,0,330.0184,3,0,5.2
1,40.65257,0,0,0,330.0184,3,0,5.2
1,40.66484,0,0,0,330.0184,3,0,5.2
1,40.67797,0,0,0,330.0184,3,0,5.2
1,40.69141,0,0,0,330.0184,3,0,5.2
1,40.70404,0,0,0,330.0184,3,0,5.2
1,40.71602,0,0,0,330.0184,3,0,5.2
1,40.72716,0,0,0,330.0184,3,0,5.2
1,40.74063,0,0,0,330.0184,3,0,5.2
1,40.75503,0,0,0,330.0184,3,0,5.2
1,40.76938,0,0,0,330.0184,3,0,5.2
1,40.78246,0,0,0,330.0184,3,0,5.2
1,40.79573,0,0,0,330.0184,3,0,5.2
1,40.80968,0,0,0,330.0184,3,0,5.2
1,40.82433,0,0,0,330.0184,3,0,5.2
1,40.84437,0,0,0,330.0184,3,0,5.2
1,40.85883,0,0,0,330.0184,3,0,5.2
1,40.87301,0,0,0,330.0184,3,0,5.2
1,40.8871,0,0,0,330.0184,3,0,5.2
1,40.90046,0,0,0,330.0184,3,0,5.2
1,40.91475,0,0,0,330.0184,3,0,5.2
1,40.93125,0,0,0,330.0184,3,0,5.2
1,40.94243,0,0,0,330.0184,3,0,5.2
1,40.95377,0,0,0,330.0184,3,0,5.2
1,40.96221,0,0,0,330.0184,3,0,5.2
1,40.97149,0,0,0,330.0184,3,0,5.2
1,40.98095,0,0,0,330.0184,3,0,5.2
1,40.991,0,0,0,330.0184,3,0,5.2
1,40.99969,0,0,0,330.0184,3,0,5.2
1,41.0094,0,0,0,330.0184,3,0,5.2
1,41.01775,0,0,0,330.0184,3,0,5.2
1,41.02635,0,0,0,330.0184,3,0,5.2
1,41.03522,0,0,0,330.0184,3,0,5.2
1,41.0433,0,0,0,330.0184,3,0,5.2
1,41.05359,0,0,0,330.0184,3,0,5.2
1,41.06453,0,0,0,330.0184,3,0,5.2
1,41.07618,0,0,0,330.0184,3,0,5.2
1,41.08715,0,0,0,330.0184,3,0,5.2
1,41.0971,0,0,0,330.0184,3,0,5.2
1,41.11011,0,0,0,330.0184,3,0,5.2
1,41.12249,0,0,0,330.0184,3,0,5.2
1,41.13484,0,0,0,330.0184,3,0,5.2
1,41.14576,0,0,0,330.0184,3,0,5.2
1,41.1568,0,0,0,330.0184,3,0,5.2
1,41.16605,0,0,0,330.0184,3,0,5.2
1,41.17525,0,0,0,330.0184,3,0,5.2
1,41.18307,0,0,0,330.0184,3,0,5.2
1,41.19345,0,0,0,330.0184,3,0,5.2
1,41.20243,0,0,0,330.0184,3,0,5.2
1,41.21094,0,0,0,330.0184,3,0,5.2
1,41.2212,0,0,0,330.0184,3,0,5.2
1,41.23016,0,0,0,330.0184,3,0,5.2
1,41.24013,0,0,0,330.0184,3,0,5.2
1,41.24988,0,0,0,330.0184,3,0,5.2
1,41.25889,0,0,0,330.0184,3,0,5.2
1,41.26937,0,0,0,330.0184,3,0,5.2
1,41.2808,0,0,0,330.0184,3,0,5.2
1,41.29205,0,0,0,330.0184,3,0,5.2
1,41.30375,0,0,0,330.0184,3,0,5.2
1,41.31465,0,0,0,330.0184,3,0,5.2
1,41.32504,0,0,0,330.0184,3,0,5.2
1,41.3346,0,0,0,330.0184,3,0,5.2
1,41.34356,0,0,0,330.0184,3,0,5.2
1,41.35475,0,0,0,330.0184,3,0,5.2
1,41.36338,0,0,0,330.0184,3,0,5.2
1,41.37213,0,0,0,330.0184,3,0,5.2
1,41.38235,0,0,0,330.0184,3,0,5.2
1,41.39126,0,0,0,330.0184,3,0,5.2
1,41.39957,0,0,0,330.0184,3,0,5.2
1,41.4082,0,0,0,330.0184,3,0,5.2
1,41.41749,0,0,0,330.0184,3,0,5.2
1,41.42644,0,0,0,330.0184,3,0,5.2
1,41.43518,0,0,0,330.0184,3,0,5.2
1,41.4453,0,0,0,330.0184,3,0,5.2
1,41.45263,0,0,0,330.0184,3,0,5.2
1,41.46177,0,0,0,330.0184,3,0,5.2
1,41.47188,0,0,0,330.0184,3,0,5.2
1,41.48182,0,0,0,330.0184,3,0,5.2
1,41.49184,0,0,0,330.0184,3,0,5.2
1,41.50343,0,0,0,330.0184,3,0,5.2
1,41.51381,0,0,0,330.0184,3,0,5.2
1,41.52513,0,0,0,330.0184,3,0,5.2
1,41.53802,0,0,0,330.0184,3,0,5.2
1,41.55761,0,0,0,330.0184,3,0,5.2
1,41.57921,0,0,0,330.0184,3,0,5.2
1,41.58969,0,0,0,330.0184,3,0,5.2
1,41.60079,0,0,0,330.0184,3,0,5.2
1,41.61366,0,0,0,330.0184,3,0,5.2
1,41.62525,0,0,0,330.0184,3,0,5.2
1,41.63716,0,0,0,330.0184,3,0,5.2
1,41.64891,0,0,0,330.0184,3,0,5.2
1,41.66171,0,0,0,330.0184,3,0,5.2
1,41.67551,0,0,0,330.0184,3,0,5.2
1,41.68759,0,0,0,330.0184,3,0,5.2
1,41.70148,0,0,0,330.0184,3,0,5.2
1,41.7138,0,0,0,330.0184,3,0,5.2
1,41.7254,0,0,0,330.0184,3,0,5.2
1,41.73728,0,0,0,330.0184,3,0,5.2
1,41.74947,0,0,0,330.0184,3,0,5.2
1,41.76152,0,0,0,330.0184,3,0,5.2
1,41.77367,0,0,0,330.0184,3,0,5.2
1,41.78547,0,0,0,330.0184,3,0,5.2
1,41.79796,0,0,0,330.0184,3,0,5.2
1,41.81036,0,0,0,330.0184,3,0,5.2
1,41.82173,0,0,0,330.0184,3,0,5.2
1,41.83305,0,0,0,330.0184,3,0,5.2
1,41.84482,0,0,0,330.0184,3,0,5.2
1,41.85676,0,0,0,330.0184,3,0,5.2
1,41.86992,0,0,0,330.0184,3,0,5.2
1,41.88094,0,0,0,330.0184,3,0,5.2
1,41.89251,0,0,0,330.0184,3,0,5.2
1,41.90399,0,0,0,330.0184,3,0,5.2
1,41.91546,0,0,0,330.0184,3,0,5.2
1,41.92626,0,0,0,330.0184,3,0,5.2
1,41.937,0,0,0,330.0184,3,0,5.2
1,41.95052,0,0,0,330.0184,3,0,5.2
1,41.96268,0,0,0,330.0184,3,0,5.2
1,41.9749,0,0,0,330.0184,3,0,5.2
1,41.98504,0,0,0,330.0184,3,0,5.2
1,41.9982,0,0,0,330.0184,3,0,5.2
1,42.0108,0,0,0,330.0184,3,0,5.2
1,42.02444,0,0,0,330.0184,3,0,5.2
1,42.04202,0,0,0,330.0184,3,0,5.2
1,42.05575,0,0,0,330.0184,3,0,5.2
1,42.07056,0,0,0,330.0184,3,0,5.2
1,42.08348,0,0,0,330.0184,3,0,5.2
1,42.09723,0,0,0,330.0184,3,0,5.2
1,42.11359,0,0,0,330.0184,3,0,5.2
1,42.12662,0,0,0,330.0184,3,0,5.2
1,42.13851,0,0,0,330.0184,3,0,5.2
1,42.15176,0,0,0,330.0184,3,0,5.2
1,42.16286,0,0,0,330.0184,3,0,5.2
1,42.17476,0,0,0,330.0184,3,0,5.2
1,42.18605,0,0,0,330.0184,3,0,5.2
1,42.196,0,0,0,330.0184,3,0,5.2
1,42.20578,0,0,0,330.0184,3,0,5.2
1,42.21378,0,0,0,330.0184,3,0,5.2
1,42.22081,0,0,0,330.0184,3,0,5.2
1,42.22945,0,0,0,330.0184,3,0,5.2
1,42.23703,0,0,0,330.0184,3,0,5.2
1,42.24385,0,0,0,330.0184,3,0,5.2
1,42.25241,0,0,0,330.0184,3,0,5.2
1,42.26086,0,0,0,330.0184,3,0,5.2
1,42.27038,0,0,0,330.0184,3,0,5.2
1,42.27917,0,0,0,330.0184,3,0,5.2
1,42.28786,0,0,0,330.0184,3,0,5.2
1,42.29714,0,0,0,330.0184,3,0,5.2
1,42.3077,0,0,0,330.0184,3,0,5.2
1,42.31805,0,0,0,330.0184,3,0,5.2
1,42.32784,0,0,0,330.0184,3,0,5.2
1,42.33687,0,0,0,330.0184,3,0,5.2
1,42.34736,0,0,0,330.0184,3,0,5.2
1,42.35464,0,0,0,330.0184,3,0,5.2
1,42.3624,0,0,0,330.0184,3,0,5.2
1,42.37093,0,0,0,330.0184,3,0,5.2
1,42.37963,0,0,0,330.0184,3,0,5.2
1,42.38733,0,0,0,330.0184,3,0,5.2
1,42.39483,0,0,0,330.0184,3,0,5.2
1,42.4037,0,0,0,330.0184,3,0,5.2
1,42.41187,0,0,0,330.0184,3,0,5.2
1,42.42025,0,0,0,330.0184,3,0,5.2
1,42.42796,0,0,0,330.0184,3,0,5.2
1,42.43707,0,0,0,330.0184,3,0,5.2
1,42.44495,0,0,0,330.0184,3,0,5.2
1,42.45184,0,0,0,330.0184,3,0,5.2
1,42.46028,0,0,0,330.0184,3,0,5.2
1,42.46814,0,0,0,330.0184,3,0,5.2
1,42.47579,0,0,0,330.0184,3,0,5.2
1,42.48288,0,0,0,330.0184,3,0,5.2
1,42.49087,0,0,0,330.0184,3,0,5.2
1,42.49843,0,0,0,330.0184,3,0,5.2
1,42.5063,0,0,0,330.0184,3,0,5.2
1,42.515,0,0,0,330.0184,3,0,5.2
1,42.52444,0,0,0,330.0184,3,0,5.2
1,42.53486,0,0,0,330.0184,3,0,5.2
1,42.54346,0,0,0,330.0184,3,0,5.2
1,42.55367,0,0,0,330.0184,3,0,5.2
1,42.56359,0,0,0,330.0184,3,0,5.2
1,42.57381,0,0,0,330.0184,3,0,5.2
1,42.58285,0,0,0,330.0184,3,0,5.2
1,42.59021,0,0,0,330.0184,3,0,5.2
1,42.59923,0,0,0,330.0184,3,0,5.2
1,42.60702,0,0,0,330.0184,3,0,5.2
1,42.61462,0,0,0,330.0184,3,0,5.2
1,42.62178,0,0,0,330.0184,3,0,5.2
1,42.63147,0,0,0,330.0184,3,0,5.2
1,42.64117,0,0,0,330.0184,3,0,5.2
1,42.6498,0,0,0,330.0184,3,0,5.2
1,42.65835,0,0,0,330.0184,3,0,5.2
1,42.66784,0,0,0,330.0184,3,0,5.2
1,42.67663,0,0,0,330.0184,3,0,5.2
1,42.6865,0,0,0,330.0184,3,0,5.2
1,42.69489,0,0,0,330.0184,3,0,5.2
1,42.70367,0,0,0,330.0184,3,0,5.2
1,42.71581,0,0,0,330.0184,3,0,5.2
1,42.72628,0,0,0,330.0184,3,0,5.2
1,42.73907,0,0,0,330.0184,3,0,5.2
1,42.74943,0,0,0,330.0184,3,0,5.2
1,42.76016,0,0,0,330.0184,3,0,5.2
1,42.77102,0,0,0,330.0184,3,0,5.2
1,42.78337,0,0,0,330.0184,3,0,5.2
1,42.79575,0,0,0,330.0184,3,0,5.2
1,42.80807,0,0,0,330.0184,3,0,5.2
1,42.8203,0,0,0,330.0184,3,0,5.2
1,42.83191,0,0,0,330.0184,3,0,5.2
1,42.84376,0,0,0,330.0184,3,0,5.2
1,42.85502,0,0,0,330.0184,3,0,5.2
1,42.86729,0,0,0,330.0184,3,0,5.2
1,42.88052,0,0,0,330.0184,3,0,5.2
1,42.89173,0,0,0,330.0184,3,0,5.2
1,42.90308,0,0,0,330.0184,3,0,5.2
1,42.91388,0,0,0,330.0184,3,0,5.2
1,42.92426,0,0,0,330.0184,3,0,5.2
1,42.93692,0,0,0,330.0184,3,0,5.2
1,42.94882,0,0,0,330.0184,3,0,5.2
1,42.96085,0,0,0,330.0184,3,0,5.2
1,42.9734,0,0,0,330.0184,3,0,5.2
1,42.98566,0,0,0,330.0184,3,0,5.2
1,42.99804,0,0,0,330.0184,3,0,5.2
1,43.00898,0,0,0,330.0184,3,0,5.2
1,43.02089,0,0,0,330.0184,3,0,5.2
1,43.03181,0,0,0,330.0184,3,0,5.2
1,43.04205,0,0,0,330.0184,3,0,5.2
1,43.05201,0,0,0,330.0184,3,0,5.2
1,43.06399,0,0,0,330.0184,3,0,5.2
1,43.07693,0,0,0,330.0184,3,0,5.2
1,43.08895,0,0,0,330.0184,3,0,5.2
1,43.10135,0,0,0,330.0184,3,0,5.2
1,43.11249,0,0,0,330.0184,3,0,5.2
1,43.12125,0,0,0,330.0184,3,0,5.2
1,43.13203,0,0,0,330.0184,3,0,5.2
1,43.14307,0,0,0,330.0184,3,0,5.2
1,43.15399,0,0,0,330.0184,3,0,5.2
1,43.16735,0,0,0,330.0184,3,0,5.2
1,43.18152,0,0,0,330.0184,3,0,5.2
1,43.19662,0,0,0,330.0184,3,0,5.2
1,43.21558,0,0,0,330.0184,3,0,5.2
1,43.2295,0,0,0,330.0184,3,0,5.2
1,43.24131,0,0,0,330.0184,3,0,5.2
1,43.25781,0,0,0,330.0184,3,0,5.2
1,43.27187,0,0,0,330.0184,3,0,5.2
1,43.28521,0,0,0,330.0184,3,0,5.2
1,43.29908,0,0,0,330.0184,3,0,5.2
1,43.31295,0,0,0,330.0184,3,0,5.2
1,43.32801,0,0,0,330.0184,3,0,5.2
1,43.3404,0,0,0,330.0184,3,0,5.2
1,43.35403,0,0,0,330.0184,3,0,5.2
1,43.36631,0,0,0,330.0184,3,0,5.2
1,43.37843,0,0,0,330.0184,3,0,5.2
1,43.39056,0,0,0,330.0184,3,0,5.2
1,43.40213,0,0,0,330.0184,3,0,5.2
1,43.41358,0,0,0,330.0184,3,0,5.2
1,43.4234,0,0,0,330.0184,3,0,5.2
1,43.43221,0,0,0,330.0184,3,0,5.2
1,43.44035,0,0,0,330.0184,3,0,5.2
1,43.44913,0,0,0,330.0184,3,0,5.2
1,43.45803,0,0,0,330.0184,3,0,5.2
1,43.46589,0,0,0,330.0184,3,0,5.2
1,43.47511,0,0,0,330.0184,3,0,5.2
1,43.48403,0,0,0,330.0184,3,0,5.2
1,43.49266,0,0,0,330.0184,3,0,5.2
1,43.50153,0,0,0,330.0184,3,0,5.2
1,43.51173,0,0,0,330.0184,3,0,5.2
1,43.52018,0,0,0,330.0184,3,0,5.2
1,43.52822,0,0,0,330.0184,3,0,5.2
1,43.53674,0,0,0,330.0184,3,0,5.2
1,43.54476,0,0,0,330.0184,3,0,5.2
1,43.55433,0,0,0,330.0184,3,0,5.2
1,43.56429,0,0,0,330.0184,3,0,5.2
1,43.57225,0,0,0,330.0184,3,0,5.2
1,43.58067,0,0,0,330.0184,3,0,5.2
1,43.59011,0,0,0,330.0184,3,0,5.2
1,43.5988,0,0,0,330.0184,3,0,5.2
1,43.60699,0,0,0,330.0184,3,0,5.2
1,43.61571,0,0,0,330.0184,3,0,5.2
1,43.62288,0,0,0,330.0184,3,0,5.2
1,43.6312,0,0,0,330.0184,3,0,5.2
1,43.64932,0,0,0,330.0184,3,0,5.2
1,43.65593,0,0,0,330.0184,3,0,5.2
1,43.66414,0,0,0,330.0184,3,0,5.2
1,43.67198,0,0,0,330.0184,3,0,5.2
1,43.68168,0,0,0,330.0184,3,0,5.2
1,43.69023,0,0,0,330.0184,3,0,5.2
1,43.69874,0,0,0,330.0184,3,0,5.2
1,43.70828,0,0,0,330.0184,3,0,5.2
1,43.71698,0,0,0,330.0184,3,0,5.2
1,43.72855,0,0,0,330.0184,3,0,5.2
1,43.73718,0,0,0,330.0184,3,0,5.2
1,43.74621,0,0,0,330.0184,3,0,5.2
1,43.75446,0,0,0,330.0184,3,0,5.2
1,43.76321,0,0,0,330.0184,3,0,5.2
1,43.77293,0,0,0,330.0184,3,0,5.2
1,43.78217,0,0,0,330.0184,3,0,5.2
1,43.79068,0,0,0,330.0184,3,0,5.2
1,43.80085,0,0,0,330.0184,3,0,5.2
1,43.81163,0,0,0,330.0184,3,0,5.2
1,43.81936,0,0,0,330.0184,3,0,5.2
1,43.82772,0,0,0,330.0184,3,0,5.2
1,43.83612,0,0,0,330.0184,3,0,5.2
1,43.84254,0,0,0,330.0184,3,0,5.2
1,43.8502,0,0,0,330.0184,3,0,5.2
1,43.85813,0,0,0,330.0184,3,0,5.2
1,43.86546,0,0,0,330.0184,3,0,5.2
1,43.87439,0,0,0,330.0184,3,0,5.2
1,43.8828,0,0,0,330.0184,3,0,5.2
1,43.89089,0,0,0,330.0184,3,0,5.2
1,43.89914,0,0,0,330.0184,3,0,5.2
1,43.90851,0,0,0,330.0184,3,0,5.2
1,43.91952,0,0,0,330.0184,3,0,5.2
1,43.92839,0,0,0,330.0184,3,0,5.2
1,43.93768,0,0,0,330.0184,3,0,5.2
1,43.94702,0,0,0,330.0184,3,0,5.2
1,43.95786,0,0,0,330.0184,3,0,5.2
1,43.96895,0,0,0,330.0184,3,0,5.2
1,43.97995,0,0,0,330.0184,3,0,5.2
1,43.99239,0,0,0,330.0184,3,0,5.2
1,44.00475,0,0,0,330.0184,3,0,5.2
1,44.01664,0,0,0,330.0184,3,0,5.2
1,44.02796,0,0,0,330.0184,3,0,5.2
1,44.03773,0,0,0,330.0184,3,0,5.2
1,44.04809,0,0,0,330.0184,3,0,5.2
1,44.05706,0,0,0,330.0184,3,0,5.2
1,44.06699,0,0,0,330.0184,3,0,5.2
1,44.07698,0,0,0,330.0184,3,0,5.2
1,44.08886,0,0,0,330.0184,3,0,5.2
1,44.10041,0,0,0,330.0184,3,0,5.2
1,44.11307,0,0,0,330.0184,3,0,5.2
1,44.12515,0,0,0,330.0184,3,0,5.2
1,44.1353,0,0,0,330.0184,3,0,5.2
1,44.14653,0,0,0,330.0184,3,0,5.2
1,44.15635,0,0,0,330.0184,3,0,5.2
1,44.16832,0,0,0,330.0184,3,0,5.2
1,44.1786,0,0,0,330.0184,3,0,5.2
1,44.18935,0,0,0,330.0184,3,0,5.2
1,44.20016,0,0,0,330.0184,3,0,5.2
1,44.21288,0,0,0,330.0184,3,0,5.2
1,44.22478,0,0,0,330.0184,3,0,5.2
1,44.23761,0,0,0,330.0184,3,0,5.2
1,44.25031,0,0,0,330.0184,3,0,5.2
1,44.26228,0,0,0,330.0184,3,0,5.2
1,44.27331,0,0,0,330.0184,3,0,5.2
1,44.2848,0,0,0,330.0184,3,0,5.2
1,44.29464,0,0,0,330.0184,3,0,5.2
1,44.30514,0,0,0,330.0184,3,0,5.2
1,44.31549,0,0,0,330.0184,3,0,5.2
1,44.32514,0,0,0,330.0184,3,0,5.2
1,44.33506,0,0,0,330.0184,3,0,5.2
1,44.34652,0,0,0,330.0184,3,0,5.2
1,44.35935,0,0,0,330.0184,3,0,5.2
1,44.37096,0,0,0,330.0184,3,0,5.2
1,44.3835,0,0,0,330.0184,3,0,5.2
1,44.39439,0,0,0,330.0184,3,0,5.2
1,44.40591,0,0,0,330.0184,3,0,5.2
1,44.4176,0,0,0,330.0184,3,0,5.2
1,44.42877,0,0,0,330.0184,3,0,5.2
1,44.44141,0,0,0,330.0184,3,0,5.2
1,44.45423,0,0,0,330.0184,3,0,5.2
1,44.46568,0,0,0,330.0184,3,0,5.2
1,44.48036,0,0,0,330.0184,3,0,5.2
1,44.49571,0,0,0,330.0184,3,0,5.2
1,44.50997,0,0,0,330.0184,3,0,5.2
1,44.52609,0,0,0,330.0184,3,0,5.2
1,44.53879,0,0,0,330.0184,3,0,5.2
1,44.55111,0,0,0,330.0184,3,0,5.2
1,44.563,0,0,0,330.0184,3,0,5.2
1,44.57383,0,0,0,330.0184,3,0,5.2
1,44.58362,0,0,0,330.0184,3,0,5.2
1,44.59257,0,0,0,330.0184,3,0,5.2
1,44.60288,0,0,0,330.0184,3,0,5.2
1,44.61262,0,0,0,330.0184,3,0,5.2
1,44.62188,0,0,0,330.0184,3,0,5.2
1,44.63491,0,0,0,330.0184,3,0,5.2
1,44.6437,0,0,0,330.0184,3,0,5.2
1,44.65361,0,0,0,330.0184,3,0,5.2
1,44.66099,0,0,0,330.0184,3,0,5.2
1,44.6692,0,0,0,330.0184,3,0,5.2
1,44.67691,0,0,0,330.0184,3,0,5.2
1,44.68651,0,0,0,330.0184,3,0,5.2
1,44.6952,0,0,0,330.0184,3,0,5.2
1,44.70337,0,0,0,330.0184,3,0,5.2
1,44.71191,0,0,0,330.0184,3,0,5.2
1,44.71972,0,0,0,330.0184,3,0,5.2
1,44.72784,0,0,0,330.0184,3,0,5.2
1,44.73767,0,0,0,330.0184,3,0,5.2
1,44.74826,0,0,0,330.0184,3,0,5.2
1,44.75941,0,0,0,330.0184,3,0,5.2
1,44.76884,0,0,0,330.0184,3,0,5.2
1,44.77677,0,0,0,330.0184,3,0,5.2
1,44.78542,0,0,0,330.0184,3,0,5.2
1,44.79411,0,0,0,330.0184,3,0,5.2
1,44.80274,0,0,0,330.0184,3,0,5.2
1,44.81052,0,0,0,330.0184,3,0,5.2
1,44.82104,0,0,0,330.0184,3,0,5.2
1,44.83244,0,0,0,330.0184,3,0,5.2
1,44.84325,0,0,0,330.0184,3,0,5.2
1,44.85371,0,0,0,330.0184,3,0,5.2
1,44.86411,0,0,0,330.0184,3,0,5.2
1,44.87285,0,0,0,330.0184,3,0,5.2
1,44.88123,0,0,0,330.0184,3,0,5.2
1,44.88945,0,0,0,330.0184,3,0,5.2
1,44.89666,0,0,0,330.0184,3,0,5.2
1,44.90467,0,0,0,330.0184,3,0,5.2
1,44.91314,0,0,0,330.0184,3,0,5.2
1,44.92133,0,0,0,330.0184,3,0,5.2
1,44.93136,0,0,0,330.0184,3,0,5.2
1,44.94174,0,0,0,330.0184,3,0,5.2
1,44.95061,0,0,0,330.0184,3,0,5.2
1,44.95881,0,0,0,330.0184,3,0,5.2
1,44.96571,0,0,0,330.0184,3,0,5.2
1,44.9749,0,0,0,330.0184,3,0,5.2
1,44.98407,0,0,0,330.0184,3,0,5.2
1,44.99222,0,0,0,330.0184,3,0,5.2
1,44.99925,0,0,0,330.0184,3,0,5.2
1,45.00834,0,0,0,330.0184,3,0,5.2
1,45.01839,0,0,0,330.0184,3,0,5.2
1,45.02773,0,0,0,330.0184,3,0,5.2
1,45.0375,0,0,0,330.0184,3,0,5.2
1,45.04559,0,0,0,330.0184,3,0,5.2
1,45.05409,0,0,0,330.0184,3,0,5.2
1,45.063,0,0,0,330.0184,3,0,5.2
1,45.07293,0,0,0,330.0184,3,0,5.2
1,45.08204,0,0,0,330.0184,3,0,5.2
1,45.09086,0,0,0,330.0184,3,0,5.2
1,45.09917,0,0,0,330.0184,3,0,5.2
1,45.10963,0,0,0,330.0184,3,0,5.2
1,45.11872,0,0,0,330.0184,3,0,5.2
1,45.12608,0,0,0,330.0184,3,0,5.2
1,45.13513,0,0,0,330.0184,3,0,5.2
1,45.14238,0,0,0,330.0184,3,0,5.2
1,45.15081,0,0,0,330.0184,3,0,5.2
1,45.16129,0,0,0,330.0184,3,0,5.2
1,45.17109,0,0,0,330.0184,3,0,5.2
1,45.18151,0,0,0,330.0184,3,0,5.2
1,45.19204,0,0,0,330.0184,3,0,5.2
1,45.20451,0,0,0,330.0184,3,0,5.2
1,45.21616,0,0,0,330.0184,3,0,5.2
1,45.22514,0,0,0,330.0184,3,0,5.2
1,45.23413,0,0,0,330.0184,3,0,5.2
1,45.24506,0,0,0,330.0184,3,0,5.2
1,45.25526,0,0,0,330.0184,3,0,5.2
1,45.26652,0,0,0,330.0184,3,0,5.2
1,45.27943,0,0,0,330.0184,3,0,5.2
1,45.29152,0,0,0,330.0184,3,0,5.2
1,45.3031,0,0,0,330.0184,3,0,5.2
1,45.31588,0,0,0,330.0184,3,0,5.2
1,45.32854,0,0,0,330.0184,3,0,5.2
1,45.33952,0,0,0,330.0184,3,0,5.2
1,45.35115,0,0,0,330.0184,3,0,5.2
1,45.36383,0,0,0,330.0184,3,0,5.2
1,45.37691,0,0,0,330.0184,3,0,5.2
1,45.39077,0,0,0,330.0184,3,0,5.2
1,45.40356,0,0,0,330.0184,3,0,5.2
1,45.41636,0,0,0,330.0184,3,0,5.2
1,45.42741,0,0,0,330.0184,3,0,5.2
1,45.43965,0,0,0,330.0184,3,0,5.2
1,45.4504,0,0,0,330.0184,3,0,5.2
1,45.46341,0,0,0,330.0184,3,0,5.2
1,45.47511,0,0,0,330.0184,3,0,5.2
1,45.48582,0,0,0,330.0184,3,0,5.2
1,45.49749,0,0,0,330.0184,3,0,5.2
1,45.50854,0,0,0,330.0184,3,0,5.2
1,45.51914,0,0,0,330.0184,3,0,5.2
1,45.52849,0,0,0,330.0184,3,0,5.2
1,45.53836,0,0,0,330.0184,3,0,5.2
1,45.54792,0,0,0,330.0184,3,0,5.2
1,45.55926,0,0,0,330.0184,3,0,5.2
1,45.5706,0,0,0,330.0184,3,0,5.2
1,45.58083,0,0,0,330.0184,3,0,5.2
1,45.59169,0,0,0,330.0184,3,0,5.2
1,45.60321,0,0,0,330.0184,3,0,5.2
1,45.61494,0,0,0,330.0184,3,0,5.2
1,45.63362,0,0,0,330.0184,3,0,5.2
1,45.66026,0,0,0,330.0184,3,0,5.2
1,45.67757,0,0,0,330.0184,3,0,5.2
1,45.6883,0,0,0,330.0184,3,0,5.2
1,45.70127,0,0,0,330.0184,3,0,5.2
1,45.71373,0,0,0,330.0184,3,0,5.2
1,45.7252,0,0,0,330.0184,3,0,5.2
1,45.73679,0,0,0,330.0184,3,0,5.2
1,45.7478,0,0,0,330.0184,3,0,5.2
1,45.75902,0,0,0,330.0184,3,0,5.2
1,45.76947,0,0,0,330.0184,3,0,5.2
1,45.7816,0,0,0,330.0184,3,0,5.2
1,45.79111,0,0,0,330.0184,3,0,5.2
1,45.7996,0,0,0,330.0184,3,0,5.2
1,45.8089,0,0,0,330.0184,3,0,5.2
1,45.81879,0,0,0,330.0184,3,0,5.2
1,45.82809,0,0,0,330.0184,3,0,5.2
1,45.83776,0,0,0,330.0184,3,0,5.2
1,45.84647,0,0,0,330.0184,3,0,5.2
1,45.85593,0,0,0,330.0184,3,0,5.2
1,45.86461,0,0,0,330.0184,3,0,5.2
1,45.87401,0,0,0,330.0184,3,0,5.2
1,45.88322,0,0,0,330.0184,3,0,5.2
1,45.89184,0,0,0,330.0184,3,0,5.2
1,45.90033,0,0,0,330.0184,3,0,5.2
1,45.90787,0,0,0,330.0184,3,0,5.2
1,45.91687,0,0,0,330.0184,3,0,5.2
1,45.92497,0,0,0,330.0184,3,0,5.2
1,45.93409,0,0,0,330.0184,3,0,5.2
1,45.94291,0,0,0,330.0184,3,0,5.2
1,45.95245,0,0,0,330.0184,3,0,5.2
1,45.96253,0,0,0,330.0184,3,0,5.2
1,45.97127,0,0,0,330.0184,3,0,5.2
1,45.98,0,0,0,330.0184,3,0,5.2
1,45.98787,0,0,0,330.0184,3,0,5.2
1,45.99709,0,0,0,330.0184,3,0,5.2
1,46.0063,0,0,0,330.0184,3,0,5.2
1,46.01516,0,0,0,330.0184,3,0,5.2
1,46.02497,0,0,0,330.0184,3,0,5.2
1,46.03275,0,0,0,330.0184,3,0,5.2
1,46.04399,0,0,0,330.0184,3,0,5.2
1,46.0531,0,0,0,330.0184,3,0,5.2
1,46.06198,0,0,0,330.0184,3,0,5.2
1,46.07104,0,0,0,330.0184,3,0,5.2
1,46.07905,0,0,0,330.0184,3,0,5.2
1,46.08798,0,0,0,330.0184,3,0,5.2
1,46.09645,0,0,0,330.0184,3,0,5.2
1,46.10496,0,0,0,330.0184,3,0,5.2
1,46.11316,0,0,0,330.0184,3,0,5.2
1,46.12174,0,0,0,330.0184,3,0,5.2
1,46.13045,0,0,0,330.0184,3,0,5.2
1,46.14142,0,0,0,330.0184,3,0,5.2
1,46.15283,0,0,0,330.0184,3,0,5.2
1,46.16341,0,0,0,330.0184,3,0,5.2
1,46.17337,0,0,0,330.0184,3,0,5.2
1,46.18457,0,0,0,330.0184,3,0,5.2
1,46.19396,0,0,0,330.0184,3,0,5.2
1,46.20275,0,0,0,330.0184,3,0,5.2
1,46.21031,0,0,0,330.0184,3,0,5.2
1,46.21839,0,0,0,330.0184,3,0,5.2
1,46.22695,0,0,0,330.0184,3,0,5.2
1,46.23714,0,0,0,330.0184,3,0,5.2
1,46.24606,0,0,0,330.0184,3,0,5.2
1,46.25599,0,0,0,330.0184,3,0,5.2
1,46.26348,0,0,0,330.0184,3,0,5.2
1,46.27432,0,0,0,330.0184,3,0,5.2
1,46.28655,0,0,0,330.0184,3,0,5.2
1,46.29768,0,0,0,330.0184,3,0,5.2
1,46.30869,0,0,0,330.0184,3,0,5.2
1,46.31981,0,0,0,330.0184,3,0,5.2
1,46.32939,0,0,0,330.0184,3,0,5.2
1,46.34219,0,0,0,330.0184,3,0,5.2
1,46.35247,0,0,0,330.0184,3,0,5.2
1,46.36418,0,0,0,330.0184,3,0,5.2
1,46.37452,0,0,0,330.0184,3,0,5.2
1,46.38755,0,0,0,330.0184,3,0,5.2
1,46.40056,0,0,0,330.0184,3,0,5.2
1,46.41418,0,0,0,330.0184,3,0,5.2
1,46.42616,0,0,0,330.0184,3,0,5.2
1,46.43694,0,0,0,330.0184,3,0,5.2
1,46.44763,0,0,0,330.0184,3,0,5.2
1,46.46043,0,0,0,330.0184,3,0,5.2
1,46.47165,0,0,0,330.0184,3,0,5.2
1,46.4837,0,0,0,330.0184,3,0,5.2
1,46.49661,0,0,0,330.0184,3,0,5.2
1,46.50899,0,0,0,330.0184,3,0,5.2
1,46.52141,0,0,0,330.0184,3,0,5.2
1,46.5361,0,0,0,330.0184,3,0,5.2
1,46.54711,0,0,0,330.0184,3,0,5.2
1,46.5594,0,0,0,330.0184,3,0,5.2
1,46.57253,0,0,0,330.0184,3,0,5.2
1,46.58465,0,0,0,330.0184,3,0,5.2
1,46.59637,0,0,0,330.0184,3,0,5.2
1,46.60959,0,0,0,330.0184,3,0,5.2
1,46.62205,0,0,0,330.0184,3,0,5.2
1,46.63637,0,0,0,330.0184,3,0,5.2
1,46.6496,0,0,0,330.0184,3,0,5.2
1,46.66166,0,0,0,330.0184,3,0,5.2
1,46.67314,0,0,0,330.0184,3,0,5.2
1,46.68554,0,0,0,330.0184,3,0,5.2
1,46.69712,0,0,0,330.0184,3,0,5.2
1,46.70871,0,0,0,330.0184,3,0,5.2
1,46.72121,0,0,0,330.0184,3,0,5.2
1,46.73235,0,0,0,330.0184,3,0,5.2
1,46.74463,0,0,0,330.0184,3,0,5.2
1,46.75671,0,0,0,330.0184,3,0,5.2
1,46.76897,0,0,0,330.0184,3,0,5.2
1,46.77956,0,0,0,330.0184,3,0,5.2
1,46.79259,0,0,0,330.0184,3,0,5.2
1,46.80548,0,0,0,330.0184,3,0,5.2
1,46.81855,0,0,0,330.0184,3,0,5.2
1,46.83299,0,0,0,330.0184,3,0,5.2
1,46.84832,0,0,0,330.0184,3,0,5.2
1,46.86231,0,0,0,330.0184,3,0,5.2
1,46.87583,0,0,0,330.0184,3,0,5.2
1,46.89048,0,0,0,330.0184,3,0,5.2
1,46.90377,0,0,0,330.0184,3,0,5.2
1,46.91769,0,0,0,330.0184,3,0,5.2
1,46.93094,0,0,0,330.0184,3,0,5.2
1,46.94472,0,0,0,330.0184,3,0,5.2
1,46.95987,0,0,0,330.0184,3,0,5.2
1,46.97291,0,0,0,330.0184,3,0,5.2
1,46.98865,0,0,0,330.0184,3,0,5.2
1,47.00222,0,0,0,330.0184,3,0,5.2
1,47.0177,0,0,0,330.0184,3,0,5.2
1,47.02987,0,0,0,330.0184,3,0,5.2
1,47.04063,0,0,0,330.0184,3,0,5.2
1,47.05213,0,0,0,330.0184,3,0,5.2
1,47.06433,0,0,0,330.0184,3,0,5.2
1,47.07801,0,0,0,330.0184,3,0,5.2
1,47.09011,0,0,0,330.0184,3,0,5.2
1,47.09922,0,0,0,330.0184,3,0,5.2
1,47.1092,0,0,0,330.0184,3,0,5.2
1,47.11797,0,0,0,330.0184,3,0,5.2
1,47.12775,0,0,0,330.0184,3,0,5.2
1,47.13863,0,0,0,330.0184,3,0,5.2
1,47.14812,0,0,0,330.0184,3,0,5.2
1,47.15826,0,0,0,330.0184,3,0,5.2
1,47.16875,0,0,0,330.0184,3,0,5.2
1,47.17922,0,0,0,330.0184,3,0,5.2
1,47.18724,0,0,0,330.0184,3,0,5.2
1,47.19677,0,0,0,330.0184,3,0,5.2
1,47.20527,0,0,0,330.0184,3,0,5.2
1,47.21453,0,0,0,330.0184,3,0,5.2
1,47.22282,0,0,0,330.0184,3,0,5.2
1,47.23121,0,0,0,330.0184,3,0,5.2
1,47.24031,0,0,0,330.0184,3,0,5.2
1,47.24951,0,0,0,330.0184,3,0,5.2
1,47.25902,0,0,0,330.0184,3,0,5.2
1,47.26715,0,0,0,330.0184,3,0,5.2
1,47.27639,0,0,0,330.0184,3,0,5.2
1,47.28406,0,0,0,330.0184,3,0,5.2
1,47.29352,0,0,0,330.0184,3,0,5.2
1,47.30417,0,0,0,330.0184,3,0,5.2
1,47.31413,0,0,0,330.0184,3,0,5.2
1,47.32454,0,0,0,330.0184,3,0,5.2
1,47.33263,0,0,0,330.0184,3,0,5.2
1,47.34108,0,0,0,330.0184,3,0,5.2
1,47.35133,0,0,0,330.0184,3,0,5.2
1,47.36097,0,0,0,330.0184,3,0,5.2
1,47.3691,0,0,0,330.0184,3,0,5.2
1,47.37945,0,0,0,330.0184,3,0,5.2
1,47.38794,0,0,0,330.0184,3,0,5.2
1,47.396,0,0,0,330.0184,3,0,5.2
1,47.40408,0,0,0,330.0184,3,0,5.2
1,47.41251,0,0,0,330.0184,3,0,5.2
1,47.42093,0,0,0,330.0184,3,0,5.2
1,47.43072,0,0,0,330.0184,3,0,5.2
1,47.43908,0,0,0,330.0184,3,0,5.2
1,47.44783,0,0,0,330.0184,3,0,5.2
1,47.4572,0,0,0,330.0184,3,0,5.2
1,47.46458,0,0,0,330.0184,3,0,5.2
1,47.47381,0,0,0,330.0184,3,0,5.2
1,47.48194,0,0,0,330.0184,3,0,5.2
1,47.48913,0,0,0,330.0184,3,0,5.2
1,47.49723,0,0,0,330.0184,3,0,5.2
1,47.50711,0,0,0,330.0184,3,0,5.2
1,47.51577,0,0,0,330.0184,3,0,5.2
1,47.52415,0,0,0,330.0184,3,0,5.2
1,47.53183,0,0,0,330.0184,3,0,5.2
1,47.54057,0,0,0,330.0184,3,0,5.2
1,47.55001,0,0,0,330.0184,3,0,5.2
1,47.55832,0,0,0,330.0184,3,0,5.2
1,47.56838,0,0,0,330.0184,3,0,5.2
1,47.57847,0,0,0,330.0184,3,0,5.2
1,47.58786,0,0,0,330.0184,3,0,5.2
1,47.59989,0,0,0,330.0184,3,0,5.2
1,47.60945,0,0,0,330.0184,3,0,5.2
1,47.6207,0,0,0,330.0184,3,0,5.2
1,47.63345,0,0,0,330.0184,3,0,5.2
1,47.6446,0,0,0,330.0184,3,0,5.2
1,47.65417,0,0,0,330.0184,3,0,5.2
1,47.66358,0,0,0,330.0184,3,0,5.2
1,47.67229,0,0,0,330.0184,3,0,5.2
1,47.68302,0,0,0,330.0184,3,0,5.2
1,47.69392,0,0,0,330.0184,3,0,5.2
1,47.71189,0,0,0,330.0184,3,0,5.2
1,47.73156,0,0,0,330.0184,3,0,5.2
1,47.74294,0,0,0,330.0184,3,0,5.2
1,47.75369,0,0,0,330.0184,3,0,5.2
1,47.76503,0,0,0,330.0184,3,0,5.2
1,47.7764,0,0,0,330.0184,3,0,5.2
1,47.79024,0,0,0,330.0184,3,0,5.2
1,47.80222,0,0,0,330.0184,3,0,5.2
1,47.81475,0,0,0,330.0184,3,0,5.2
1,47.82816,0,0,0,330.0184,3,0,5.2
1,47.84018,0,0,0,330.0184,3,0,5.2
1,47.85131,0,0,0,330.0184,3,0,5.2
1,47.86191,0,0,0,330.0184,3,0,5.2
1,47.87361,0,0,0,330.0184,3,0,5.2
1,47.88519,0,0,0,330.0184,3,0,5.2
1,47.89719,0,0,0,330.0184,3,0,5.2
1,47.90981,0,0,0,330.0184,3,0,5.2
1,47.92174,0,0,0,330.0184,3,0,5.2
1,47.9349,0,0,0,330.0184,3,0,5.2
1,47.94568,0,0,0,330.0184,3,0,5.2
1,47.95621,0,0,0,330.0184,3,0,5.2
1,47.96724,0,0,0,330.0184,3,0,5.2
1,47.97742,0,0,0,330.0184,3,0,5.2
1,47.98851,0,0,0,330.0184,3,0,5.2
1,47.99948,0,0,0,330.0184,3,0,5.2
1,48.01069,0,0,0,330.0184,3,0,5.2
1,48.02375,0,0,0,330.0184,3,0,5.2
1,48.03447,0,0,0,330.0184,3,0,5.2
1,48.04552,0,0,0,330.0184,3,0,5.2
1,48.05693,0,0,0,330.0184,3,0,5.2
1,48.07355,0,0,0,330.0184,3,0,5.2
1,48.08823,0,0,0,330.0184,3,0,5.2
1,48.10321,0,0,0,330.0184,3,0,5.2
1,48.11723,0,0,0,330.0184,3,0,5.2
1,48.13111,0,0,0,330.0184,3,0,5.2
1,48.14954,0,0,0,330.0184,3,0,5.2
1,48.16164,0,0,0,330.0184,3,0,5.2
1,48.17479,0,0,0,330.0184,3,0,5.2
1,48.18663,0,0,0,330.0184,3,0,5.2
1,48.2016,0,0,0,330.0184,3,0,5.2
1,48.21327,0,0,0,330.0184,3,0,5.2
1,48.22178,0,0,0,330.0184,3,0,5.2
1,48.23121,0,0,0,330.0184,3,0,5.2
1,48.23991,0,0,0,330.0184,3,0,5.2
1,48.24791,0,0,0,330.0184,3,0,5.2
1,48.25721,0,0,0,330.0184,3,0,5.2
1,48.2655,0,0,0,330.0184,3,0,5.2
1,48.27516,0,0,0,330.0184,3,0,5.2
1,48.28548,0,0,0,330.0184,3,0,5.2
1,48.29483,0,0,0,330.0184,3,0,5.2
1,48.30436,0,0,0,330.0184,3,0,5.2
1,48.314,0,0,0,330.0184,3,0,5.2
1,48.32581,0,0,0,330.0184,3,0,5.2
1,48.33691,0,0,0,330.0184,3,0,5.2
1,48.34542,0,0,0,330.0184,3,0,5.2
1,48.35412,0,0,0,330.0184,3,0,5.2
1,48.36235,0,0,0,330.0184,3,0,5.2
1,48.3708,0,0,0,330.0184,3,0,5.2
1,48.37986,0,0,0,330.0184,3,0,5.2
1,48.39012,0,0,0,330.0184,3,0,5.2
1,48.39891,0,0,0,330.0184,3,0,5.2
1,48.40728,0,0,0,330.0184,3,0,5.2
1,48.41722,0,0,0,330.0184,3,0,5.2
1,48.42662,0,0,0,330.0184,3,0,5.2
1,48.43601,0,0,0,330.0184,3,0,5.2
1,48.44729,0,0,0,330.0184,3,0,5.2
1,48.45677,0,0,0,330.0184,3,0,5.2
1,48.4655,0,0,0,330.0184,3,0,5.2
1,48.47501,0,0,0,330.0184,3,0,5.2
1,48.48286,0,0,0,330.0184,3,0,5.2
1,48.49108,0,0,0,330.0184,3,0,5.2
1,48.49898,0,0,0,330.0184,3,0,5.2
1,48.50829,0,0,0,330.0184,3,0,5.2
1,48.51684,0,0,0,330.0184,3,0,5.2
1,48.52567,0,0,0,330.0184,3,0,5.2
1,48.53519,0,0,0,330.0184,3,0,5.2
1,48.54428,0,0,0,330.0184,3,0,5.2
1,48.55384,0,0,0,330.0184,3,0,5.2
1,48.56165,0,0,0,330.0184,3,0,5.2
1,48.57187,0,0,0,330.0184,3,0,5.2
1,48.58034,0,0,0,330.0184,3,0,5.2
1,48.58978,0,0,0,330.0184,3,0,5.2
1,48.59846,0,0,0,330.0184,3,0,5.2
1,48.60746,0,0,0,330.0184,3,0,5.2
1,48.6163,0,0,0,330.0184,3,0,5.2
1,48.62429,0,0,0,330.0184,3,0,5.2
1,48.63502,0,0,0,330.0184,3,0,5.2
1,48.64323,0,0,0,330.0184,3,0,5.2
1,48.65118,0,0,0,330.0184,3,0,5.2
1,48.65953,0,0,0,330.0184,3,0,5.2
1,48.66757,0,0,0,330.0184,3,0,5.2
1,48.67602,0,0,0,330.0184,3,0,5.2
1,48.68464,0,0,0,330.0184,3,0,5.2
1,48.69352,0,0,0,330.0184,3,0,5.2
1,48.70137,0,0,0,330.0184,3,0,5.2
1,48.71161,0,0,0,330.0184,3,0,5.2
1,48.71981,0,0,0,330.0184,3,0,5.2
1,48.72884,0,0,0,330.0184,3,0,5.2
1,48.73685,0,0,0,330.0184,3,0,5.2
1,48.74483,0,0,0,330.0184,3,0,5.2
1,48.75346,0,0,0,330.0184,3,0,5.2
1,48.76254,0,0,0,330.0184,3,0,5.2
1,48.77091,0,0,0,330.0184,3,0,5.2
1,48.77783,0,0,0,330.0184,3,0,5.2
1,48.78571,0,0,0,330.0184,3,0,5.2
1,48.79533,0,0,0,330.0184,3,0,5.2
1,48.8063,0,0,0,330.0184,3,0,5.2
1,48.81807,0,0,0,330.0184,3,0,5.2
1,48.83009,0,0,0,330.0184,3,0,5.2
1,48.84324,0,0,0,330.0184,3,0,5.2
1,48.85569,0,0,0,330.0184,3,0,5.2
1,48.8696,0,0,0,330.0184,3,0,5.2
1,48.87899,0,0,0,330.0184,3,0,5.2
1,48.88738,0,0,0,330.0184,3,0,5.2
1,48.8968,0,0,0,330.0184,3,0,5.2
1,48.90577,0,0,0,330.0184,3,0,5.2
1,48.91572,0,0,0,330.0184,3,0,5.2
1,48.92707,0,0,0,330.0184,3,0,5.2
1,48.93797,0,0,0,330.0184,3,0,5.2
1,48.94839,0,0,0,330.0184,3,0,5.2
1,48.9609,0,0,0,330.0184,3,0,5.2
1,48.97483,0,0,0,330.0184,3,0,5.2
1,48.9874,0,0,0,330.0184,3,0,5.2
1,48.99824,0,0,0,330.0184,3,0,5.2
1,49.01006,0,0,0,330.0184,3,0,5.2
1,49.02191,0,0,0,330.0184,3,0,5.2
1,49.03558,0,0,0,330.0184,3,0,5.2
1,49.04863,0,0,0,330.0184,3,0,5.2
1,49.06171,0,0,0,330.0184,3,0,5.2
1,49.07362,0,0,0,330.0184,3,0,5.2
1,49.08535,0,0,0,330.0184,3,0,5.2
1,49.09829,0,0,0,330.0184,3,0,5.2
1,49.11089,0,0,0,330.0184,3,0,5.2
1,49.12379,0,0,0,330.0184,3,0,5.2
1,49.13433,0,0,0,330.0184,3,0,5.2
1,49.1441,0,0,0,330.0184,3,0,5.2
1,49.15373,0,0,0,330.0184,3,0,5.2
1,49.16447,0,0,0,330.0184,3,0,5.2
1,49.17534,0,0,0,330.0184,3,0,5.2
1,49.18773,0,0,0,330.0184,3,0,5.2
1,49.19943,0,0,0,330.0184,3,0,5.2
1,49.21118,0,0,0,330.0184,3,0,5.2
1,49.22281,0,0,0,330.0184,3,0,5.2
1,49.2347,0,0,0,330.0184,3,0,5.2
1,49.24645,0,0,0,330.0184,3,0,5.2
1,49.25703,0,0,0,330.0184,3,0,5.2
1,49.26636,0,0,0,330.0184,3,0,5.2
1,49.27747,0,0,0,330.0184,3,0,5.2
1,49.28887,0,0,0,330.0184,3,0,5.2
1,49.30191,0,0,0,330.0184,3,0,5.2
1,49.3134,0,0,0,330.0184,3,0,5.2
1,49.32728,0,0,0,330.0184,3,0,5.2
1,49.34051,0,0,0,330.0184,3,0,5.2
1,49.35445,0,0,0,330.0184,3,0,5.2
1,49.36905,0,0,0,330.0184,3,0,5.2
1,49.38438,0,0,0,330.0184,3,0,5.2
1,49.3957,0,0,0,330.0184,3,0,5.2
1,49.40565,0,0,0,330.0184,3,0,5.2
1,49.41837,0,0,0,330.0184,3,0,5.2
1,49.42806,0,0,0,330.0184,3,0,5.2
1,49.43715,0,0,0,330.0184,3,0,5.2
1,49.44723,0,0,0,330.0184,3,0,5.2
1,49.45704,0,0,0,330.0184,3,0,5.2
1,49.46929,0,0,0,330.0184,3,0,5.2
1,49.4803,0,0,0,330.0184,3,0,5.2
1,49.49234,0,0,0,330.0184,3,0,5.2
1,49.50172,0,0,0,330.0184,3,0,5.2
1,49.50982,0,0,0,330.0184,3,0,5.2
1,49.51936,0,0,0,330.0184,3,0,5.2
1,49.52833,0,0,0,330.0184,3,0,5.2
1,49.5355,0,0,0,330.0184,3,0,5.2
1,49.54296,0,0,0,330.0184,3,0,5.2
1,49.55207,0,0,0,330.0184,3,0,5.2
1,49.5603,0,0,0,330.0184,3,0,5.2
1,49.5712,0,0,0,330.0184,3,0,5.2
1,49.57997,0,0,0,330.0184,3,0,5.2
1,49.58791,0,0,0,330.0184,3,0,5.2
1,49.5975,0,0,0,330.0184,3,0,5.2
1,49.60802,0,0,0,330.0184,3,0,5.2
1,49.61647,0,0,0,330.0184,3,0,5.2
1,49.62553,0,0,0,330.0184,3,0,5.2
1,49.63467,0,0,0,330.0184,3,0,5.2
1,49.64345,0,0,0,330.0184,3,0,5.2
1,49.65211,0,0,0,330.0184,3,0,5.2
1,49.65956,0,0,0,330.0184,3,0,5.2
1,49.66769,0,0,0,330.0184,3,0,5.2
1,49.67464,0,0,0,330.0184,3,0,5.2
1,49.68334,0,0,0,330.0184,3,0,5.2
1,49.69072,0,0,0,330.0184,3,0,5.2
1,49.69753,0,0,0,330.0184,3,0,5.2
1,49.70589,0,0,0,330.0184,3,0,5.2
1,49.71411,0,0,0,330.0184,3,0,5.2
1,49.72091,0,0,0,330.0184,3,0,5.2
1,49.73017,0,0,0,330.0184,3,0,5.2
1,49.73878,0,0,0,330.0184,3,0,5.2
1,49.74691,0,0,0,330.0184,3,0,5.2
1,49.76582,0,0,0,330.0184,3,0,5.2
1,49.77399,0,0,0,330.0184,3,0,5.2
1,49.78188,0,0,0,330.0184,3,0,5.2
1,49.79065,0,0,0,330.0184,3,0,5.2
1,49.79878,0,0,0,330.0184,3,0,5.2
1,49.80677,0,0,0,330.0184,3,0,5.2
1,49.81483,0,0,0,330.0184,3,0,5.2
1,49.82262,0,0,0,330.0184,3,0,5.2
1,49.83047,0,0,0,330.0184,3,0,5.2
1,49.8394,0,0,0,330.0184,3,0,5.2
1,49.84715,0,0,0,330.0184,3,0,5.2
1,49.85616,0,0,0,330.0184,3,0,5.2
1,49.86452,0,0,0,330.0184,3,0,5.2
1,49.87531,0,0,0,330.0184,3,0,5.2
1,49.88535,0,0,0,330.0184,3,0,5.2
1,49.89525,0,0,0,330.0184,3,0,5.2
1,49.90491,0,0,0,330.0184,3,0,5.2
1,49.915,0,0,0,330.0184,3,0,5.2
1,49.92564,0,0,0,330.0184,3,0,5.2
1,49.93407,0,0,0,330.0184,3,0,5.2
1,49.94114,0,0,0,330.0184,3,0,5.2
1,49.95104,0,0,0,330.0184,3,0,5.2
1,49.96058,0,0,0,330.0184,3,0,5.2
1,49.96917,0,0,0,330.0184,3,0,5.2
1,49.97846,0,0,0,330.0184,3,0,5.2
1,49.98804,0,0,0,330.0184,3,0,5.2
1,49.99791,0,0,0,330.0184,3,0,5.2
1,50.00808,0,0,0,330.0184,3,0,5.2
1,50.01845,0,0,0,330.0184,3,0,5.2
1,50.02897,0,0,0,330.0184,3,0,5.2
1,50.03844,0,0,0,330.0184,3,0,5.2
1,50.04737,0,0,0,330.0184,3,0,5.2
1,50.06067,0,0,0,330.0184,3,0,5.2
1,50.07144,0,0,0,330.0184,3,0,5.2
1,50.08193,0,0,0,330.0184,3,0,5.2
1,50.09219,0,0,0,330.0184,3,0,5.2
1,50.10397,0,0,0,330.0184,3,0,5.2
1,50.11636,0,0,0,330.0184,3,0,5.2
1,50.12775,0,0,0,330.0184,3,0,5.2
1,50.13965,0,0,0,330.0184,3,0,5.2
1,50.15189,0,0,0,330.0184,3,0,5.2
1,50.16193,0,0,0,330.0184,3,0,5.2
1,50.17232,0,0,0,330.0184,3,0,5.2
1,50.18328,0,0,0,330.0184,3,0,5.2
1,50.19504,0,0,0,330.0184,3,0,5.2
1,50.2062,0,0,0,330.0184,3,0,5.2
1,50.21567,0,0,0,330.0184,3,0,5.2
1,50.22749,0,0,0,330.0184,3,0,5.2
1,50.23999,0,0,0,330.0184,3,0,5.2
1,50.25192,0,0,0,330.0184,3,0,5.2
1,50.26256,0,0,0,330.0184,3,0,5.2
1,50.27374,0,0,0,330.0184,3,0,5.2
1,50.28446,0,0,0,330.0184,3,0,5.2
1,50.29544,0,0,0,330.0184,3,0,5.2
1,50.30613,0,0,0,330.0184,3,0,5.2
1,50.31545,0,0,0,330.0184,3,0,5.2
1,50.32598,0,0,0,330.0184,3,0,5.2
1,50.33691,0,0,0,330.0184,3,0,5.2
1,50.34831,0,0,0,330.0184,3,0,5.2
1,50.35904,0,0,0,330.0184,3,0,5.2
1,50.37121,0,0,0,330.0184,3,0,5.2
1,50.3826,0,0,0,330.0184,3,0,5.2
1,50.39573,0,0,0,330.0184,3,0,5.2
1,50.40574,0,0,0,330.0184,3,0,5.2
1,50.41615,0,0,0,330.0184,3,0,5.2
1,50.42734,0,0,0,330.0184,3,0,5.2
1,50.43732,0,0,0,330.0184,3,0,5.2
1,50.44771,0,0,0,330.0184,3,0,5.2
1,50.45897,0,0,0,330.0184,3,0,5.2
1,50.46951,0,0,0,330.0184,3,0,5.2
1,50.48089,0,0,0,330.0184,3,0,5.2
1,50.49383,0,0,0,330.0184,3,0,5.2
1,50.50869,0,0,0,330.0184,3,0,5.2
1,50.52341,0,0,0,330.0184,3,0,5.2
1,50.5355,0,0,0,330.0184,3,0,5.2
1,50.54771,0,0,0,330.0184,3,0,5.2
1,50.56059,0,0,0,330.0184,3,0,5.2
1,50.5717,0,0,0,330.0184,3,0,5.2
1,50.58216,0,0,0,330.0184,3,0,5.2
1,50.59312,0,0,0,330.0184,3,0,5.2
1,50.60532,0,0,0,330.0184,3,0,5.2
1,50.61769,0,0,0,330.0184,3,0,5.2
1,50.62973,0,0,0,330.0184,3,0,5.2
1,50.64227,0,0,0,330.0184,3,0,5.2
1,50.6547,0,0,0,330.0184,3,0,5.2
1,50.66656,0,0,0,330.0184,3,0,5.2
1,50.67839,0,0,0,330.0184,3,0,5.2
1,50.68814,0,0,0,330.0184,3,0,5.2
1,50.69721,0,0,0,330.0184,3,0,5.2
1,50.70709,0,0,0,330.0184,3,0,5.2
1,50.71873,0,0,0,330.0184,3,0,5.2
1,50.72941,0,0,0,330.0184,3,0,5.2
1,50.73819,0,0,0,330.0184,3,0,5.2
1,50.74703,0,0,0,330.0184,3,0,5.2
1,50.75843,0,0,0,330.0184,3,0,5.2
1,50.76631,0,0,0,330.0184,3,0,5.2
1,50.7762,0,0,0,330.0184,3,0,5.2
1,50.78515,0,0,0,330.0184,3,0,5.2
1,50.79325,0,0,0,330.0184,3,0,5.2
1,50.80173,0,0,0,330.0184,3,0,5.2
1,50.80877,0,0,0,330.0184,3,0,5.2
1,50.81704,0,0,0,330.0184,3,0,5.2
1,50.82645,0,0,0,330.0184,3,0,5.2
1,50.83643,0,0,0,330.0184,3,0,5.2
1,50.84705,0,0,0,330.0184,3,0,5.2
1,50.85721,0,0,0,330.0184,3,0,5.2
1,50.86537,0,0,0,330.0184,3,0,5.2
1,50.8743,0,0,0,330.0184,3,0,5.2
1,50.88312,0,0,0,330.0184,3,0,5.2
1,50.89128,0,0,0,330.0184,3,0,5.2
1,50.9015,0,0,0,330.0184,3,0,5.2
1,50.91044,0,0,0,330.0184,3,0,5.2
1,50.91889,0,0,0,330.0184,3,0,5.2
1,50.92735,0,0,0,330.0184,3,0,5.2
1,50.93506,0,0,0,330.0184,3,0,5.2
1,50.94291,0,0,0,330.0184,3,0,5.2
1,50.95102,0,0,0,330.0184,3,0,5.2
1,50.96029,0,0,0,330.0184,3,0,5.2
1,50.97082,0,0,0,330.0184,3,0,5.2
1,50.97968,0,0,0,330.0184,3,0,5.2
1,50.98826,0,0,0,330.0184,3,0,5.2
1,50.99665,0,0,0,330.0184,3,0,5.2
1,51.00479,0,0,0,330.0184,3,0,5.2
1,51.01315,0,0,0,330.0184,3,0,5.2
1,51.02071,0,0,0,330.0184,3,0,5.2
1,51.0288,0,0,0,330.0184,3,0,5.2
1,51.0372,0,0,0,330.0184,3,0,5.2
1,51.04594,0,0,0,330.0184,3,0,5.2
1,51.05566,0,0,0,330.0184,3,0,5.2
1,51.06593,0,0,0,330.0184,3,0,5.2
1,51.07553,0,0,0,330.0184,3,0,5.2
1,51.08778,0,0,0,330.0184,3,0,5.2
1,51.10043,0,0,0,330.0184,3,0,5.2
1,51.11081,0,0,0,330.0184,3,0,5.2
1,51.12176,0,0,0,330.0184,3,0,5.2
1,51.13202,0,0,0,330.0184,3,0,5.2
1,51.14214,0,0,0,330.0184,3,0,5.2
1,51.15057,0,0,0,330.0184,3,0,5.2
1,51.15886,0,0,0,330.0184,3,0,5.2
1,51.16884,0,0,0,330.0184,3,0,5.2
1,51.17715,0,0,0,330.0184,3,0,5.2
1,51.1846,0,0,0,330.0184,3,0,5.2
1,51.19327,0,0,0,330.0184,3,0,5.2
1,51.20304,0,0,0,330.0184,3,0,5.2
1,51.21487,0,0,0,330.0184,3,0,5.2
1,51.22731,0,0,0,330.0184,3,0,5.2
1,51.23862,0,0,0,330.0184,3,0,5.2
1,51.25003,0,0,0,330.0184,3,0,5.2
1,51.26202,0,0,0,330.0184,3,0,5.2
1,51.27392,0,0,0,330.0184,3,0,5.2
1,51.28542,0,0,0,330.0184,3,0,5.2
1,51.29645,0,0,0,330.0184,3,0,5.2
1,51.30729,0,0,0,330.0184,3,0,5.2
1,51.31953,0,0,0,330.0184,3,0,5.2
1,51.33039,0,0,0,330.0184,3,0,5.2
1,51.34319,0,0,0,330.0184,3,0,5.2
1,51.35582,0,0,0,330.0184,3,0,5.2
1,51.36885,0,0,0,330.0184,3,0,5.2
1,51.38108,0,0,0,330.0184,3,0,5.2
1,51.39502,0,0,0,330.0184,3,0,5.2
1,51.40854,0,0,0,330.0184,3,0,5.2
1,51.42095,0,0,0,330.0184,3,0,5.2
1,51.43253,0,0,0,330.0184,3,0,5.2
1,51.44514,0,0,0,330.0184,3,0,5.2
1,51.45748,0,0,0,330.0184,3,0,5.2
1,51.46984,0,0,0,330.0184,3,0,5.2
1,51.4824,0,0,0,330.0184,3,0,5.2
1,51.49483,0,0,0,330.0184,3,0,5.2
1,51.50726,0,0,0,330.0184,3,0,5.2
1,51.5205,0,0,0,330.0184,3,0,5.2
1,51.53343,0,0,0,330.0184,3,0,5.2
1,51.54676,0,0,0,330.0184,3,0,5.2
1,51.55922,0,0,0,330.0184,3,0,5.2
1,51.57207,0,0,0,330.0184,3,0,5.2
1,51.58397,0,0,0,330.0184,3,0,5.2
1,51.59576,0,0,0,330.0184,3,0,5.2
1,51.60793,0,0,0,330.0184,3,0,5.2
1,51.62214,0,0,0,330.0184,3,0,5.2
1,51.63584,0,0,0,330.0184,3,0,5.2
1,51.64946,0,0,0,330.0184,3,0,5.2
1,51.66221,0,0,0,330.0184,3,0,5.2
1,51.67514,0,0,0,330.0184,3,0,5.2
1,51.68739,0,0,0,330.0184,3,0,5.2
1,51.69994,0,0,0,330.0184,3,0,5.2
1,51.714,0,0,0,330.0184,3,0,5.2
1,51.72631,0,0,0,330.0184,3,0,5.2
1,51.74228,0,0,0,330.0184,3,0,5.2
1,51.76175,0,0,0,330.0184,3,0,5.2
1,51.77377,0,0,0,330.0184,3,0,5.2
1,51.78772,0,0,0,330.0184,3,0,5.2
1,51.79931,0,0,0,330.0184,3,0,5.2
1,51.81082,0,0,0,330.0184,3,0,5.2
1,51.82424,0,0,0,330.0184,3,0,5.2
1,51.8393,0,0,0,330.0184,3,0,5.2
1,51.85116,0,0,0,330.0184,3,0,5.2
1,51.86502,0,0,0,330.0184,3,0,5.2
1,51.88615,0,0,0,330.0184,3,0,5.2
1,51.90886,0,0,0,330.0184,3,0,5.2
1,51.9214,0,0,0,330.0184,3,0,5.2
1,51.93501,0,0,0,330.0184,3,0,5.2
1,51.94661,0,0,0,330.0184,3,0,5.2
1,51.9572,0,0,0,330.0184,3,0,5.2
1,51.96764,0,0,0,330.0184,3,0,5.2
1,51.97704,0,0,0,330.0184,3,0,5.2
1,51.98714,0,0,0,330.0184,3,0,5.2
1,51.99667,0,0,0,330.0184,3,0,5.2
1,52.00533,0,0,0,330.0184,3,0,5.2
1,52.01486,0,0,0,330.0184,3,0,5.2
1,52.02539,0,0,0,330.0184,3,0,5.2
1,52.03494,0,0,0,330.0184,3,0,5.2
1,52.04245,0,0,0,330.0184,3,0,5.2
1,52.05049,0,0,0,330.0184,3,0,5.2
1,52.06003,0,0,0,330.0184,3,0,5.2
1,52.06844,0,0,0,330.0184,3,0,5.2
1,52.07669,0,0,0,330.0184,3,0,5.2
1,52.08479,0,0,0,330.0184,3,0,5.2
1,52.09285,0,0,0,330.0184,3,0,5.2
1,52.10229,0,0,0,330.0184,3,0,5.2
1,52.11188,0,0,0,330.0184,3,0,5.2
1,52.1219,0,0,0,330.0184,3,0,5.2
1,52.13277,0,0,0,330.0184,3,0,5.2
1,52.14204,0,0,0,330.0184,3,0,5.2
1,52.15076,0,0,0,330.0184,3,0,5.2
1,52.16212,0,0,0,330.0184,3,0,5.2
1,52.17449,0,0,0,330.0184,3,0,5.2
1,52.1861,0,0,0,330.0184,3,0,5.2
1,52.19582,0,0,0,330.0184,3,0,5.2
1,52.2054,0,0,0,330.0184,3,0,5.2
1,52.2138,0,0,0,330.0184,3,0,5.2
1,52.22408,0,0,0,330.0184,3,0,5.2
1,52.23164,0,0,0,330.0184,3,0,5.2
1,52.24134,0,0,0,330.0184,3,0,5.2
1,52.24934,0,0,0,330.0184,3,0,5.2
1,52.25784,0,0,0,330.0184,3,0,5.2
1,52.26612,0,0,0,330.0184,3,0,5.2
1,52.27425,0,0,0,330.0184,3,0,5.2
1,52.28359,0,0,0,330.0184,3,0,5.2
1,52.29289,0,0,0,330.0184,3,0,5.2
1,52.30267,0,0,0,330.0184,3,0,5.2
1,52.30985,0,0,0,330.0184,3,0,5.2
1,52.31845,0,0,0,330.0184,3,0,5.2
1,52.32686,0,0,0,330.0184,3,0,5.2
1,52.33487,0,0,0,330.0184,3,0,5.2
1,52.34219,0,0,0,330.0184,3,0,5.2
1,52.35057,0,0,0,330.0184,3,0,5.2
1,52.35912,0,0,0,330.0184,3,0,5.2
1,52.36839,0,0,0,330.0184,3,0,5.2
1,52.37629,0,0,0,330.0184,3,0,5.2
1,52.38427,0,0,0,330.0184,3,0,5.2
1,52.39142,0,0,0,330.0184,3,0,5.2
1,52.39912,0,0,0,330.0184,3,0,5.2
1,52.40819,0,0,0,330.0184,3,0,5.2
1,52.41692,0,0,0,330.0184,3,0,5.2
1,52.42641,0,0,0,330.0184,3,0,5.2
1,52.43485,0,0,0,330.0184,3,0,5.2
1,52.44244,0,0,0,330.0184,3,0,5.2
1,52.45095,0,0,0,330.0184,3,0,5.2
1,52.4596,0,0,0,330.0184,3,0,5.2
1,52.4697,0,0,0,330.0184,3,0,5.2
1,52.47977,0,0,0,330.0184,3,0,5.2
1,52.48976,0,0,0,330.0184,3,0,5.2
1,52.49875,0,0,0,330.0184,3,0,5.2
1,52.50881,0,0,0,330.0184,3,0,5.2
1,52.52079,0,0,0,330.0184,3,0,5.2
1,52.53098,0,0,0,330.0184,3,0,5.2
1,52.54071,0,0,0,330.0184,3,0,5.2
1,52.55342,0,0,0,330.0184,3,0,5.2
1,52.5667,0,0,0,330.0184,3,0,5.2
1,52.57897,0,0,0,330.0184,3,0,5.2
1,52.59139,0,0,0,330.0184,3,0,5.2
1,52.60273,0,0,0,330.0184,3,0,5.2
1,52.61278,0,0,0,330.0184,3,0,5.2
1,52.62518,0,0,0,330.0184,3,0,5.2
1,52.63925,0,0,0,330.0184,3,0,5.2
1,52.65283,0,0,0,330.0184,3,0,5.2
1,52.66455,0,0,0,330.0184,3,0,5.2
1,52.67887,0,0,0,330.0184,3,0,5.2
1,52.68952,0,0,0,330.0184,3,0,5.2
1,52.70126,0,0,0,330.0184,3,0,5.2
1,52.71325,0,0,0,330.0184,3,0,5.2
1,52.72557,0,0,0,330.0184,3,0,5.2
1,52.73733,0,0,0,330.0184,3,0,5.2
1,52.74839,0,0,0,330.0184,3,0,5.2
1,52.75948,0,0,0,330.0184,3,0,5.2
1,52.77088,0,0,0,330.0184,3,0,5.2
1,52.78049,0,0,0,330.0184,3,0,5.2
1,52.79293,0,0,0,330.0184,3,0,5.2
1,52.80543,0,0,0,330.0184,3,0,5.2
1,52.81757,0,0,0,330.0184,3,0,5.2
1,52.83023,0,0,0,330.0184,3,0,5.2
1,52.84299,0,0,0,330.0184,3,0,5.2
1,52.85563,0,0,0,330.0184,3,0,5.2
1,52.86695,0,0,0,330.0184,3,0,5.2
1,52.87759,0,0,0,330.0184,3,0,5.2
1,52.88974,0,0,0,330.0184,3,0,5.2
1,52.90118,0,0,0,330.0184,3,0,5.2
1,52.91389,0,0,0,330.0184,3,0,5.2
1,52.92584,0,0,0,330.0184,3,0,5.2
1,52.93889,0,0,0,330.0184,3,0,5.2
1,52.95169,0,0,0,330.0184,3,0,5.2
1,52.96386,0,0,0,330.0184,3,0,5.2
1,52.97793,0,0,0,330.0184,3,0,5.2
1,52.99,0,0,0,330.0184,3,0,5.2
1,53.00252,0,0,0,330.0184,3,0,5.2
1,53.01495,0,0,0,330.0184,3,0,5.2
1,53.02704,0,0,0,330.0184,3,0,5.2
1,53.04083,0,0,0,330.0184,3,0,5.2
1,53.057,0,0,0,330.0184,3,0,5.2
1,53.06999,0,0,0,330.0184,3,0,5.2
1,53.082,0,0,0,330.0184,3,0,5.2
1,53.09613,0,0,0,330.0184,3,0,5.2
1,53.10738,0,0,0,330.0184,3,0,5.2
1,53.1188,0,0,0,330.0184,3,0,5.2
1,53.13124,0,0,0,330.0184,3,0,5.2
1,53.14433,0,0,0,330.0184,3,0,5.2
1,53.15513,0,0,0,330.0184,3,0,5.2
1,53.16621,0,0,0,330.0184,3,0,5.2
1,53.17785,0,0,0,330.0184,3,0,5.2
1,53.18745,0,0,0,330.0184,3,0,5.2
1,53.19704,0,0,0,330.0184,3,0,5.2
1,53.20643,0,0,0,330.0184,3,0,5.2
1,53.21598,0,0,0,330.0184,3,0,5.2
1,53.22508,0,0,0,330.0184,3,0,5.2
1,53.23281,0,0,0,330.0184,3,0,5.2
1,53.24326,0,0,0,330.0184,3,0,5.2
1,53.25126,0,0,0,330.0184,3,0,5.2
1,53.25903,0,0,0,330.0184,3,0,5.2
1,53.26608,0,0,0,330.0184,3,0,5.2
1,53.27452,0,0,0,330.0184,3,0,5.2
1,53.2819,0,0,0,330.0184,3,0,5.2
1,53.28903,0,0,0,330.0184,3,0,5.2
1,53.29747,0,0,0,330.0184,3,0,5.2
1,53.3081,0,0,0,330.0184,3,0,5.2
1,53.3199,0,0,0,330.0184,3,0,5.2
1,53.32889,0,0,0,330.0184,3,0,5.2
1,53.33867,0,0,0,330.0184,3,0,5.2
1,53.34836,0,0,0,330.0184,3,0,5.2
1,53.35844,0,0,0,330.0184,3,0,5.2
1,53.3672,0,0,0,330.0184,3,0,5.2
1,53.37435,0,0,0,330.0184,3,0,5.2
1,53.3833,0,0,0,330.0184,3,0,5.2
1,53.39111,0,0,0,330.0184,3,0,5.2
1,53.39932,0,0,0,330.0184,3,0,5.2
1,53.40802,0,0,0,330.0184,3,0,5.2
1,53.41647,0,0,0,330.0184,3,0,5.2
1,53.42543,0,0,0,330.0184,3,0,5.2
1,53.43519,0,0,0,330.0184,3,0,5.2
1,53.44498,0,0,0,330.0184,3,0,5.2
1,53.45276,0,0,0,330.0184,3,0,5.2
1,53.46239,0,0,0,330.0184,3,0,5.2
1,53.47099,0,0,0,330.0184,3,0,5.2
1,53.47864,0,0,0,330.0184,3,0,5.2
1,53.48669,0,0,0,330.0184,3,0,5.2
1,53.49655,0,0,0,330.0184,3,0,5.2
1,53.50521,0,0,0,330.0184,3,0,5.2
1,53.51372,0,0,0,330.0184,3,0,5.2
1,53.52293,0,0,0,330.0184,3,0,5.2
1,53.53072,0,0,0,330.0184,3,0,5.2
1,53.53942,0,0,0,330.0184,3,0,5.2
1,53.54834,0,0,0,330.0184,3,0,5.2
1,53.55791,0,0,0,330.0184,3,0,5.2
1,53.56818,0,0,0,330.0184,3,0,5.2
1,53.57677,0,0,0,330.0184,3,0,5.2
1,53.58712,0,0,0,330.0184,3,0,5.2
1,53.59612,0,0,0,330.0184,3,0,5.2
1,53.60358,0,0,0,330.0184,3,0,5.2
1,53.61169,0,0,0,330.0184,3,0,5.2
1,53.62001,0,0,0,330.0184,3,0,5.2
1,53.62887,0,0,0,330.0184,3,0,5.2
1,53.63739,0,0,0,330.0184,3,0,5.2
1,53.64696,0,0,0,330.0184,3,0,5.2
1,53.65413,0,0,0,330.0184,3,0,5.2
1,53.66275,0,0,0,330.0184,3,0,5.2
1,53.67047,0,0,0,330.0184,3,0,5.2
1,53.67923,0,0,0,330.0184,3,0,5.2
1,53.68662,0,0,0,330.0184,3,0,5.2
1,53.69621,0,0,0,330.0184,3,0,5.2
1,53.70596,0,0,0,330.0184,3,0,5.2
1,53.7191,0,0,0,330.0184,3,0,5.2
1,53.73105,0,0,0,330.0184,3,0,5.2
1,53.74249,0,0,0,330.0184,3,0,5.2
1,53.75328,0,0,0,330.0184,3,0,5.2
1,53.76553,0,0,0,330.0184,3,0,5.2
1,53.77623,0,0,0,330.0184,3,0,5.2
1,53.78779,0,0,0,330.0184,3,0,5.2
1,53.79836,0,0,0,330.0184,3,0,5.2
1,53.80963,0,0,0,330.0184,3,0,5.2
1,53.82232,0,0,0,330.0184,3,0,5.2
1,53.83514,0,0,0,330.0184,3,0,5.2
1,53.84684,0,0,0,330.0184,3,0,5.2
1,53.85874,0,0,0,330.0184,3,0,5.2
1,53.87191,0,0,0,330.0184,3,0,5.2
1,53.88446,0,0,0,330.0184,3,0,5.2
1,53.89593,0,0,0,330.0184,3,0,5.2
1,53.91254,0,0,0,330.0184,3,0,5.2
1,53.93336,0,0,0,330.0184,3,0,5.2
1,53.94395,0,0,0,330.0184,3,0,5.2
1,53.95494,0,0,0,330.0184,3,0,5.2
1,53.96831,0,0,0,330.0184,3,0,5.2
1,53.98067,0,0,0,330.0184,3,0,5.2
1,53.99237,0,0,0,330.0184,3,0,5.2
1,54.00467,0,0,0,330.0184,3,0,5.2
1,54.0172,0,0,0,330.0184,3,0,5.2
1,54.02996,0,0,0,330.0184,3,0,5.2
1,54.04118,0,0,0,330.0184,3,0,5.2
1,54.05356,0,0,0,330.0184,3,0,5.2
1,54.06471,0,0,0,330.0184,3,0,5.2
1,54.07605,0,0,0,330.0184,3,0,5.2
1,54.08765,0,0,0,330.0184,3,0,5.2
1,54.10207,0,0,0,330.0184,3,0,5.2
1,54.11295,0,0,0,330.0184,3,0,5.2
1,54.12486,0,0,0,330.0184,3,0,5.2
1,54.13663,0,0,0,330.0184,3,0,5.2
1,54.14751,0,0,0,330.0184,3,0,5.2
1,54.16065,0,0,0,330.0184,3,0,5.2
1,54.17254,0,0,0,330.0184,3,0,5.2
1,54.18461,0,0,0,330.0184,3,0,5.2
1,54.19718,0,0,0,330.0184,3,0,5.2
1,54.20721,0,0,0,330.0184,3,0,5.2
1,54.21879,0,0,0,330.0184,3,0,5.2
1,54.23286,0,0,0,330.0184,3,0,5.2
1,54.24434,0,0,0,330.0184,3,0,5.2
1,54.25558,0,0,0,330.0184,3,0,5.2
1,54.26686,0,0,0,330.0184,3,0,5.2
1,54.27623,0,0,0,330.0184,3,0,5.2
1,54.28721,0,0,0,330.0184,3,0,5.2
1,54.29799,0,0,0,330.0184,3,0,5.2
1,54.30833,0,0,0,330.0184,3,0,5.2
1,54.319,0,0,0,330.0184,3,0,5.2
1,54.32922,0,0,0,330.0184,3,0,5.2
1,54.34012,0,0,0,330.0184,3,0,5.2
1,54.351,0,0,0,330.0184,3,0,5.2
1,54.3607,0,0,0,330.0184,3,0,5.2
1,54.3704,0,0,0,330.0184,3,0,5.2
1,54.37935,0,0,0,330.0184,3,0,5.2
1,54.38754,0,0,0,330.0184,3,0,5.2
1,54.39687,0,0,0,330.0184,3,0,5.2
1,54.40482,0,0,0,330.0184,3,0,5.2
1,54.41238,0,0,0,330.0184,3,0,5.2
1,54.42002,0,0,0,330.0184,3,0,5.2
1,54.42793,0,0,0,330.0184,3,0,5.2
1,54.43547,0,0,0,330.0184,3,0,5.2
1,54.44299,0,0,0,330.0184,3,0,5.2
1,54.45311,0,0,0,330.0184,3,0,5.2
1,54.46339,0,0,0,330.0184,3,0,5.2
1,54.47366,0,0,0,330.0184,3,0,5.2
1,54.48214,0,0,0,330.0184,3,0,5.2
1,54.49108,0,0,0,330.0184,3,0,5.2
1,54.49839,0,0,0,330.0184,3,0,5.2
1,54.50697,0,0,0,330.0184,3,0,5.2
1,54.51558,0,0,0,330.0184,3,0,5.2
1,54.52386,0,0,0,330.0184,3,0,5.2
1,54.53186,0,0,0,330.0184,3,0,5.2
1,54.54047,0,0,0,330.0184,3,0,5.2
1,54.54836,0,0,0,330.0184,3,0,5.2
1,54.55745,0,0,0,330.0184,3,0,5.2
1,54.56578,0,0,0,330.0184,3,0,5.2
1,54.57415,0,0,0,330.0184,3,0,5.2
1,54.58345,0,0,0,330.0184,3,0,5.2
1,54.59282,0,0,0,330.0184,3,0,5.2
1,54.60258,0,0,0,330.0184,3,0,5.2
1,54.61201,0,0,0,330.0184,3,0,5.2
1,54.61928,0,0,0,330.0184,3,0,5.2
1,54.62671,0,0,0,330.0184,3,0,5.2
1,54.63566,0,0,0,330.0184,3,0,5.2
1,54.64363,0,0,0,330.0184,3,0,5.2
1,54.65186,0,0,0,330.0184,3,0,5.2
1,54.66107,0,0,0,330.0184,3,0,5.2
1,54.66962,0,0,0,330.0184,3,0,5.2
1,54.6774,0,0,0,330.0184,3,0,5.2
1,54.68603,0,0,0,330.0184,3,0,5.2
1,54.69543,0,0,0,330.0184,3,0,5.2
1,54.70297,0,0,0,330.0184,3,0,5.2
1,54.71074,0,0,0,330.0184,3,0,5.2
1,54.71995,0,0,0,330.0184,3,0,5.2
1,54.72906,0,0,0,330.0184,3,0,5.2
1,54.73788,0,0,0,330.0184,3,0,5.2
1,54.7461,0,0,0,330.0184,3,0,5.2
1,54.75378,0,0,0,330.0184,3,0,5.2
1,54.76249,0,0,0,330.0184,3,0,5.2
1,54.77123,0,0,0,330.0184,3,0,5.2
1,54.77864,0,0,0,330.0184,3,0,5.2
1,54.78685,0,0,0,330.0184,3,0,5.2
1,54.79525,0,0,0,330.0184,3,0,5.2
1,54.80363,0,0,0,330.0184,3,0,5.2
1,54.81145,0,0,0,330.0184,3,0,5.2
1,54.82121,0,0,0,330.0184,3,0,5.2
1,54.82999,0,0,0,330.0184,3,0,5.2
1,54.83843,0,0,0,330.0184,3,0,5.2
1,54.848,0,0,0,330.0184,3,0,5.2
1,54.85595,0,0,0,330.0184,3,0,5.2
1,54.86593,0,0,0,330.0184,3,0,5.2
1,54.87743,0,0,0,330.0184,3,0,5.2
1,54.8887,0,0,0,330.0184,3,0,5.2
1,54.89986,0,0,0,330.0184,3,0,5.2
1,54.91251,0,0,0,330.0184,3,0,5.2
1,54.92172,0,0,0,330.0184,3,0,5.2
1,54.93313,0,0,0,330.0184,3,0,5.2
1,54.94368,0,0,0,330.0184,3,0,5.2
1,54.95575,0,0,0,330.0184,3,0,5.2
1,54.96964,0,0,0,330.0184,3,0,5.2
1,54.98392,0,0,0,330.0184,3,0,5.2
1,54.9958,0,0,0,330.0184,3,0,5.2
1,55.00851,0,0,0,330.0184,3,0,5.2
1,55.01941,0,0,0,330.0184,3,0,5.2
1,55.03135,0,0,0,330.0184,3,0,5.2
1,55.04416,0,0,0,330.0184,3,0,5.2
1,55.05699,0,0,0,330.0184,3,0,5.2
1,55.06877,0,0,0,330.0184,3,0,5.2
1,55.07975,0,0,0,330.0184,3,0,5.2
1,55.09143,0,0,0,330.0184,3,0,5.2
1,55.10197,0,0,0,330.0184,3,0,5.2
1,55.11331,0,0,0,330.0184,3,0,5.2
1,55.12437,0,0,0,330.0184,3,0,5.2
1,55.1362,0,0,0,330.0184,3,0,5.2
1,55.14741,0,0,0,330.0184,3,0,5.2
1,55.15902,0,0,0,330.0184,3,0,5.2
1,55.17027,0,0,0,330.0184,3,0,5.2
1,55.18203,0,0,0,330.0184,3,0,5.2
1,55.19539,0,0,0,330.0184,3,0,5.2
1,55.20618,0,0,0,330.0184,3,0,5.2
1,55.2169,0,0,0,330.0184,3,0,5.2
1,55.22903,0,0,0,330.0184,3,0,5.2
1,55.24258,0,0,0,330.0184,3,0,5.2
1,55.25561,0,0,0,330.0184,3,0,5.2
1,55.26696,0,0,0,330.0184,3,0,5.2
1,55.28077,0,0,0,330.0184,3,0,5.2
1,55.29291,0,0,0,330.0184,3,0,5.2
1,55.30589,0,0,0,330.0184,3,0,5.2
1,55.31749,0,0,0,330.0184,3,0,5.2
1,55.32862,0,0,0,330.0184,3,0,5.2
1,55.33962,0,0,0,330.0184,3,0,5.2
1,55.35544,0,0,0,330.0184,3,0,5.2
1,55.36786,0,0,0,330.0184,3,0,5.2
1,55.37951,0,0,0,330.0184,3,0,5.2
1,55.39107,0,0,0,330.0184,3,0,5.2
1,55.40481,0,0,0,330.0184,3,0,5.2
1,55.41781,0,0,0,330.0184,3,0,5.2
1,55.43192,0,0,0,330.0184,3,0,5.2
1,55.44503,0,0,0,330.0184,3,0,5.2
1,55.45723,0,0,0,330.0184,3,0,5.2
1,55.46748,0,0,0,330.0184,3,0,5.2
1,55.4799,0,0,0,330.0184,3,0,5.2
1,55.49241,0,0,0,330.0184,3,0,5.2
1,55.50355,0,0,0,330.0184,3,0,5.2
1,55.51385,0,0,0,330.0184,3,0,5.2
1,55.52702,0,0,0,330.0184,3,0,5.2
1,55.53866,0,0,0,330.0184,3,0,5.2
1,55.54863,0,0,0,330.0184,3,0,5.2
1,55.55907,0,0,0,330.0184,3,0,5.2
1,55.57136,0,0,0,330.0184,3,0,5.2
1,55.58162,0,0,0,330.0184,3,0,5.2
1,55.59045,0,0,0,330.0184,3,0,5.2
1,55.59863,0,0,0,330.0184,3,0,5.2
1,55.60626,0,0,0,330.0184,3,0,5.2
1,55.61731,0,0,0,330.0184,3,0,5.2
1,55.62856,0,0,0,330.0184,3,0,5.2
1,55.6382,0,0,0,330.0184,3,0,5.2
1,55.64659,0,0,0,330.0184,3,0,5.2
1,55.65361,0,0,0,330.0184,3,0,5.2
1,55.663,0,0,0,330.0184,3,0,5.2
1,55.67098,0,0,0,330.0184,3,0,5.2
1,55.68022,0,0,0,330.0184,3,0,5.2
1,55.68748,0,0,0,330.0184,3,0,5.2
1,55.69527,0,0,0,330.0184,3,0,5.2
1,55.70457,0,0,0,330.0184,3,0,5.2
1,55.71378,0,0,0,330.0184,3,0,5.2
1,55.72142,0,0,0,330.0184,3,0,5.2
1,55.73037,0,0,0,330.0184,3,0,5.2
1,55.74006,0,0,0,330.0184,3,0,5.2
1,55.75077,0,0,0,330.0184,3,0,5.2
1,55.75895,0,0,0,330.0184,3,0,5.2
1,55.76846,0,0,0,330.0184,3,0,5.2
1,55.77697,0,0,0,330.0184,3,0,5.2
1,55.78654,0,0,0,330.0184,3,0,5.2
1,55.79469,0,0,0,330.0184,3,0,5.2
1,55.80292,0,0,0,330.0184,3,0,5.2
1,55.81273,0,0,0,330.0184,3,0,5.2
1,55.82189,0,0,0,330.0184,3,0,5.2
1,55.83169,0,0,0,330.0184,3,0,5.2
1,55.84008,0,0,0,330.0184,3,0,5.2
1,55.84875,0,0,0,330.0184,3,0,5.2
1,55.85799,0,0,0,330.0184,3,0,5.2
1,55.86679,0,0,0,330.0184,3,0,5.2
1,55.87456,0,0,0,330.0184,3,0,5.2
1,55.88348,0,0,0,330.0184,3,0,5.2
1,55.89321,0,0,0,330.0184,3,0,5.2
1,55.90136,0,0,0,330.0184,3,0,5.2
1,55.9092,0,0,0,330.0184,3,0,5.2
1,55.91823,0,0,0,330.0184,3,0,5.2
1,55.92673,0,0,0,330.0184,3,0,5.2
1,55.93481,0,0,0,330.0184,3,0,5.2
1,55.94524,0,0,0,330.0184,3,0,5.2
1,55.96459,0,0,0,330.0184,3,0,5.2
1,55.97347,0,0,0,330.0184,3,0,5.2
1,55.9811,0,0,0,330.0184,3,0,5.2
1,55.98904,0,0,0,330.0184,3,0,5.2
1,55.99867,0,0,0,330.0184,3,0,5.2
1,56.00733,0,0,0,330.0184,3,0,5.2
1,56.01602,0,0,0,330.0184,3,0,5.2
1,56.02494,0,0,0,330.0184,3,0,5.2
1,56.03228,0,0,0,330.0184,3,0,5.2
1,56.04161,0,0,0,330.0184,3,0,5.2
1,56.05044,0,0,0,330.0184,3,0,5.2
1,56.06163,0,0,0,330.0184,3,0,5.2
1,56.07323,0,0,0,330.0184,3,0,5.2
1,56.08374,0,0,0,330.0184,3,0,5.2
1,56.09373,0,0,0,330.0184,3,0,5.2
1,56.10477,0,0,0,330.0184,3,0,5.2
1,56.11665,0,0,0,330.0184,3,0,5.2
1,56.12754,0,0,0,330.0184,3,0,5.2
1,56.13859,0,0,0,330.0184,3,0,5.2
1,56.1481,0,0,0,330.0184,3,0,5.2
1,56.15694,0,0,0,330.0184,3,0,5.2
1,56.16647,0,0,0,330.0184,3,0,5.2
1,56.17669,0,0,0,330.0184,3,0,5.2
1,56.18793,0,0,0,330.0184,3,0,5.2
1,56.20012,0,0,0,330.0184,3,0,5.2
1,56.21288,0,0,0,330.0184,3,0,5.2
1,56.22537,0,0,0,330.0184,3,0,5.2
1,56.23684,0,0,0,330.0184,3,0,5.2
1,56.24833,0,0,0,330.0184,3,0,5.2
1,56.25925,0,0,0,330.0184,3,0,5.2
1,56.27143,0,0,0,330.0184,3,0,5.2
1,56.28152,0,0,0,330.0184,3,0,5.2
1,56.29301,0,0,0,330.0184,3,0,5.2
1,56.30397,0,0,0,330.0184,3,0,5.2
1,56.31701,0,0,0,330.0184,3,0,5.2
1,56.3301,0,0,0,330.0184,3,0,5.2
1,56.34182,0,0,0,330.0184,3,0,5.2
1,56.35571,0,0,0,330.0184,3,0,5.2
1,56.37025,0,0,0,330.0184,3,0,5.2
1,56.38479,0,0,0,330.0184,3,0,5.2
1,56.39886,0,0,0,330.0184,3,0,5.2
1,56.41262,0,0,0,330.0184,3,0,5.2
1,56.42594,0,0,0,330.0184,3,0,5.2
1,56.43808,0,0,0,330.0184,3,0,5.2
1,56.45083,0,0,0,330.0184,3,0,5.2
1,56.46313,0,0,0,330.0184,3,0,5.2
1,56.47515,0,0,0,330.0184,3,0,5.2
1,56.48581,0,0,0,330.0184,3,0,5.2
1,56.49771,0,0,0,330.0184,3,0,5.2
1,56.51229,0,0,0,330.0184,3,0,5.2
1,56.5242,0,0,0,330.0184,3,0,5.2
1,56.53581,0,0,0,330.0184,3,0,5.2
1,56.54787,0,0,0,330.0184,3,0,5.2
1,56.55935,0,0,0,330.0184,3,0,5.2
1,56.57225,0,0,0,330.0184,3,0,5.2
1,56.58426,0,0,0,330.0184,3,0,5.2
1,56.59982,0,0,0,330.0184,3,0,5.2
1,56.61296,0,0,0,330.0184,3,0,5.2
1,56.62458,0,0,0,330.0184,3,0,5.2
1,56.63835,0,0,0,330.0184,3,0,5.2
1,56.65178,0,0,0,330.0184,3,0,5.2
1,56.66587,0,0,0,330.0184,3,0,5.2
1,56.68038,0,0,0,330.0184,3,0,5.2
1,56.69468,0,0,0,330.0184,3,0,5.2
1,56.70821,0,0,0,330.0184,3,0,5.2
1,56.72223,0,0,0,330.0184,3,0,5.2
1,56.73871,0,0,0,330.0184,3,0,5.2
1,56.75134,0,0,0,330.0184,3,0,5.2
1,56.76602,0,0,0,330.0184,3,0,5.2
1,56.77974,0,0,0,330.0184,3,0,5.2
1,56.79194,0,0,0,330.0184,3,0,5.2
1,56.80301,0,0,0,330.0184,3,0,5.2
1,56.81195,0,0,0,330.0184,3,0,5.2
1,56.82345,0,0,0,330.0184,3,0,5.2
1,56.83291,0,0,0,330.0184,3,0,5.2
1,56.84141,0,0,0,330.0184,3,0,5.2
1,56.85277,0,0,0,330.0184,3,0,5.2
1,56.8633,0,0,0,330.0184,3,0,5.2
1,56.87225,0,0,0,330.0184,3,0,5.2
1,56.88191,0,0,0,330.0184,3,0,5.2
1,56.89076,0,0,0,330.0184,3,0,5.2
1,56.90197,0,0,0,330.0184,3,0,5.2
1,56.90971,0,0,0,330.0184,3,0,5.2
1,56.91962,0,0,0,330.0184,3,0,5.2
1,56.92911,0,0,0,330.0184,3,0,5.2
1,56.93747,0,0,0,330.0184,3,0,5.2
1,56.94706,0,0,0,330.0184,3,0,5.2
1,56.95702,0,0,0,330.0184,3,0,5.2
1,56.96435,0,0,0,330.0184,3,0,5.2
1,56.97329,0,0,0,330.0184,3,0,5.2
1,56.98403,0,0,0,330.0184,3,0,5.2
1,56.99424,0,0,0,330.0184,3,0,5.2
1,57.00507,0,0,0,330.0184,3,0,5.2
1,57.01347,0,0,0,330.0184,3,0,5.2
1,57.02449,0,0,0,330.0184,3,0,5.2
1,57.0353,0,0,0,330.0184,3,0,5.2
1,57.04406,0,0,0,330.0184,3,0,5.2
1,57.0551,0,0,0,330.0184,3,0,5.2
1,57.06456,0,0,0,330.0184,3,0,5.2
1,57.0748,0,0,0,330.0184,3,0,5.2
1,57.08563,0,0,0,330.0184,3,0,5.2
1,57.09575,0,0,0,330.0184,3,0,5.2
1,57.10497,0,0,0,330.0184,3,0,5.2
1,57.11631,0,0,0,330.0184,3,0,5.2
1,57.1261,0,0,0,330.0184,3,0,5.2
1,57.13749,0,0,0,330.0184,3,0,5.2
1,57.14792,0,0,0,330.0184,3,0,5.2
1,57.15736,0,0,0,330.0184,3,0,5.2
1,57.16752,0,0,0,330.0184,3,0,5.2
1,57.17683,0,0,0,330.0184,3,0,5.2
1,57.1863,0,0,0,330.0184,3,0,5.2
1,57.19626,0,0,0,330.0184,3,0,5.2
1,57.20451,0,0,0,330.0184,3,0,5.2
1,57.21259,0,0,0,330.0184,3,0,5.2
1,57.22114,0,0,0,330.0184,3,0,5.2
1,57.23241,0,0,0,330.0184,3,0,5.2
1,57.24158,0,0,0,330.0184,3,0,5.2
1,57.24963,0,0,0,330.0184,3,0,5.2
1,57.25977,0,0,0,330.0184,3,0,5.2
1,57.26737,0,0,0,330.0184,3,0,5.2
1,57.27675,0,0,0,330.0184,3,0,5.2
1,57.2856,0,0,0,330.0184,3,0,5.2
1,57.29606,0,0,0,330.0184,3,0,5.2
1,57.30757,0,0,0,330.0184,3,0,5.2
1,57.31871,0,0,0,330.0184,3,0,5.2
1,57.32798,0,0,0,330.0184,3,0,5.2
1,57.34016,0,0,0,330.0184,3,0,5.2
1,57.35043,0,0,0,330.0184,3,0,5.2
1,57.36008,0,0,0,330.0184,3,0,5.2
1,57.36967,0,0,0,330.0184,3,0,5.2
1,57.37997,0,0,0,330.0184,3,0,5.2
1,57.39098,0,0,0,330.0184,3,0,5.2
1,57.40275,0,0,0,330.0184,3,0,5.2
1,57.41454,0,0,0,330.0184,3,0,5.2
1,57.42502,0,0,0,330.0184,3,0,5.2
1,57.43489,0,0,0,330.0184,3,0,5.2
1,57.4472,0,0,0,330.0184,3,0,5.2
1,57.45897,0,0,0,330.0184,3,0,5.2
1,57.47069,0,0,0,330.0184,3,0,5.2
1,57.48184,0,0,0,330.0184,3,0,5.2
1,57.49312,0,0,0,330.0184,3,0,5.2
1,57.5042,0,0,0,330.0184,3,0,5.2
1,57.51603,0,0,0,330.0184,3,0,5.2
1,57.52654,0,0,0,330.0184,3,0,5.2
1,57.53989,0,0,0,330.0184,3,0,5.2
1,57.55302,0,0,0,330.0184,3,0,5.2
1,57.56517,0,0,0,330.0184,3,0,5.2
1,57.57777,0,0,0,330.0184,3,0,5.2
1,57.59002,0,0,0,330.0184,3,0,5.2
1,57.60199,0,0,0,330.0184,3,0,5.2
1,57.61328,0,0,0,330.0184,3,0,5.2
1,57.62474,0,0,0,330.0184,3,0,5.2
1,57.63712,0,0,0,330.0184,3,0,5.2
1,57.64956,0,0,0,330.0184,3,0,5.2
1,57.66196,0,0,0,330.0184,3,0,5.2
1,57.67567,0,0,0,330.0184,3,0,5.2
1,57.68767,0,0,0,330.0184,3,0,5.2
1,57.70132,0,0,0,330.0184,3,0,5.2
1,57.7135,0,0,0,330.0184,3,0,5.2
1,57.72445,0,0,0,330.0184,3,0,5.2
1,57.73552,0,0,0,330.0184,3,0,5.2
1,57.74543,0,0,0,330.0184,3,0,5.2
1,57.75834,0,0,0,330.0184,3,0,5.2
1,57.77007,0,0,0,330.0184,3,0,5.2
1,57.78116,0,0,0,330.0184,3,0,5.2
1,57.79446,0,0,0,330.0184,3,0,5.2
1,57.80597,0,0,0,330.0184,3,0,5.2
1,57.81752,0,0,0,330.0184,3,0,5.2
1,57.83269,0,0,0,330.0184,3,0,5.2
1,57.84381,0,0,0,330.0184,3,0,5.2
1,57.85531,0,0,0,330.0184,3,0,5.2
1,57.86816,0,0,0,330.0184,3,0,5.2
1,57.88227,0,0,0,330.0184,3,0,5.2
1,57.89842,0,0,0,330.0184,3,0,5.2
1,57.91044,0,0,0,330.0184,3,0,5.2
1,57.92497,0,0,0,330.0184,3,0,5.2
1,57.93799,0,0,0,330.0184,3,0,5.2
1,57.95028,0,0,0,330.0184,3,0,5.2
1,57.96124,0,0,0,330.0184,3,0,5.2
1,57.97241,0,0,0,330.0184,3,0,5.2
1,57.98211,0,0,0,330.0184,3,0,5.2
1,57.99284,0,0,0,330.0184,3,0,5.2
1,58.00375,0,0,0,330.0184,3,0,5.2
1,58.01432,0,0,0,330.0184,3,0,5.2
1,58.02465,0,0,0,330.0184,3,0,5.2
1,58.03452,0,0,0,330.0184,3,0,5.2
1,58.04551,0,0,0,330.0184,3,0,5.2
1,58.05687,0,0,0,330.0184,3,0,5.2
1,58.06595,0,0,0,330.0184,3,0,5.2
1,58.07505,0,0,0,330.0184,3,0,5.2
1,58.08359,0,0,0,330.0184,3,0,5.2
1,58.0912,0,0,0,330.0184,3,0,5.2
1,58.09898,0,0,0,330.0184,3,0,5.2
1,58.10731,0,0,0,330.0184,3,0,5.2
1,58.11721,0,0,0,330.0184,3,0,5.2
1,58.12569,0,0,0,330.0184,3,0,5.2
1,58.13545,0,0,0,330.0184,3,0,5.2
1,58.14501,0,0,0,330.0184,3,0,5.2
1,58.16235,0,0,0,330.0184,3,0,5.2
1,58.17617,0,0,0,330.0184,3,0,5.2
1,58.18445,0,0,0,330.0184,3,0,5.2
1,58.19247,0,0,0,330.0184,3,0,5.2
1,58.20051,0,0,0,330.0184,3,0,5.2
1,58.20903,0,0,0,330.0184,3,0,5.2
1,58.21877,0,0,0,330.0184,3,0,5.2
1,58.22786,0,0,0,330.0184,3,0,5.2
1,58.23638,0,0,0,330.0184,3,0,5.2
1,58.24376,0,0,0,330.0184,3,0,5.2
1,58.25277,0,0,0,330.0184,3,0,5.2
1,58.26118,0,0,0,330.0184,3,0,5.2
1,58.26902,0,0,0,330.0184,3,0,5.2
1,58.27636,0,0,0,330.0184,3,0,5.2
1,58.28519,0,0,0,330.0184,3,0,5.2
1,58.29454,0,0,0,330.0184,3,0,5.2
1,58.30484,0,0,0,330.0184,3,0,5.2
1,58.31658,0,0,0,330.0184,3,0,5.2
1,58.32604,0,0,0,330.0184,3,0,5.2
1,58.3354,0,0,0,330.0184,3,0,5.2
1,58.34485,0,0,0,330.0184,3,0,5.2
1,58.35329,0,0,0,330.0184,3,0,5.2
1,58.3614,0,0,0,330.0184,3,0,5.2
1,58.36977,0,0,0,330.0184,3,0,5.2
1,58.37698,0,0,0,330.0184,3,0,5.2
1,58.38641,0,0,0,330.0184,3,0,5.2
1,58.39393,0,0,0,330.0184,3,0,5.2
1,58.40244,0,0,0,330.0184,3,0,5.2
1,58.40985,0,0,0,330.0184,3,0,5.2
1,58.41918,0,0,0,330.0184,3,0,5.2
1,58.42849,0,0,0,330.0184,3,0,5.2
1,58.43681,0,0,0,330.0184,3,0,5.2
1,58.44471,0,0,0,330.0184,3,0,5.2
1,58.4523,0,0,0,330.0184,3,0,5.2
1,58.46044,0,0,0,330.0184,3,0,5.2
1,58.46863,0,0,0,330.0184,3,0,5.2
1,58.47679,0,0,0,330.0184,3,0,5.2
1,58.4856,0,0,0,330.0184,3,0,5.2
1,58.49336,0,0,0,330.0184,3,0,5.2
1,58.502,0,0,0,330.0184,3,0,5.2
1,58.51011,0,0,0,330.0184,3,0,5.2
1,58.51831,0,0,0,330.0184,3,0,5.2
1,58.52653,0,0,0,330.0184,3,0,5.2
1,58.53432,0,0,0,330.0184,3,0,5.2
1,58.54266,0,0,0,330.0184,3,0,5.2
1,58.55379,0,0,0,330.0184,3,0,5.2
1,58.56685,0,0,0,330.0184,3,0,5.2
1,58.57726,0,0,0,330.0184,3,0,5.2
1,58.58879,0,0,0,330.0184,3,0,5.2
1,58.60189,0,0,0,330.0184,3,0,5.2
1,58.61385,0,0,0,330.0184,3,0,5.2
1,58.62364,0,0,0,330.0184,3,0,5.2
1,58.63445,0,0,0,330.0184,3,0,5.2
1,58.64613,0,0,0,330.0184,3,0,5.2
1,58.65777,0,0,0,330.0184,3,0,5.2
1,58.67058,0,0,0,330.0184,3,0,5.2
1,58.68097,0,0,0,330.0184,3,0,5.2
1,58.69468,0,0,0,330.0184,3,0,5.2
1,58.7076,0,0,0,330.0184,3,0,5.2
1,58.71912,0,0,0,330.0184,3,0,5.2
1,58.73014,0,0,0,330.0184,3,0,5.2
1,58.74168,0,0,0,330.0184,3,0,5.2
1,58.75365,0,0,0,330.0184,3,0,5.2
1,58.76465,0,0,0,330.0184,3,0,5.2
1,58.7764,0,0,0,330.0184,3,0,5.2
1,58.78897,0,0,0,330.0184,3,0,5.2
1,58.80026,0,0,0,330.0184,3,0,5.2
1,58.81134,0,0,0,330.0184,3,0,5.2
1,58.82537,0,0,0,330.0184,3,0,5.2
1,58.83891,0,0,0,330.0184,3,0,5.2
1,58.85004,0,0,0,330.0184,3,0,5.2
1,58.86006,0,0,0,330.0184,3,0,5.2
1,58.87141,0,0,0,330.0184,3,0,5.2
1,58.88254,0,0,0,330.0184,3,0,5.2
1,58.89297,0,0,0,330.0184,3,0,5.2
1,58.90512,0,0,0,330.0184,3,0,5.2
1,58.91867,0,0,0,330.0184,3,0,5.2
1,58.93113,0,0,0,330.0184,3,0,5.2
1,58.94196,0,0,0,330.0184,3,0,5.2
1,58.9523,0,0,0,330.0184,3,0,5.2
1,58.96279,0,0,0,330.0184,3,0,5.2
1,58.9726,0,0,0,330.0184,3,0,5.2
1,58.98245,0,0,0,330.0184,3,0,5.2
1,58.99352,0,0,0,330.0184,3,0,5.2
1,59.00248,0,0,0,330.0184,3,0,5.2
1,59.0147,0,0,0,330.0184,3,0,5.2
1,59.02631,0,0,0,330.0184,3,0,5.2
1,59.03794,0,0,0,330.0184,3,0,5.2
1,59.05096,0,0,0,330.0184,3,0,5.2
1,59.06928,0,0,0,330.0184,3,0,5.2
1,59.08271,0,0,0,330.0184,3,0,5.2
1,59.09705,0,0,0,330.0184,3,0,5.2
1,59.11299,0,0,0,330.0184,3,0,5.2
1,59.12486,0,0,0,330.0184,3,0,5.2
1,59.13858,0,0,0,330.0184,3,0,5.2
1,59.15085,0,0,0,330.0184,3,0,5.2
1,59.16153,0,0,0,330.0184,3,0,5.2
1,59.17341,0,0,0,330.0184,3,0,5.2
1,59.18512,0,0,0,330.0184,3,0,5.2
1,59.1958,0,0,0,330.0184,3,0,5.2
1,59.20658,0,0,0,330.0184,3,0,5.2
1,59.21634,0,0,0,330.0184,3,0,5.2
1,59.22564,0,0,0,330.0184,3,0,5.2
1,59.23405,0,0,0,330.0184,3,0,5.2
1,59.24295,0,0,0,330.0184,3,0,5.2
1,59.25393,0,0,0,330.0184,3,0,5.2
1,59.26312,0,0,0,330.0184,3,0,5.2
1,59.27174,0,0,0,330.0184,3,0,5.2
1,59.28292,0,0,0,330.0184,3,0,5.2
1,59.2934,0,0,0,330.0184,3,0,5.2
1,59.30549,0,0,0,330.0184,3,0,5.2
1,59.31562,0,0,0,330.0184,3,0,5.2
1,59.32519,0,0,0,330.0184,3,0,5.2
1,59.33773,0,0,0,330.0184,3,0,5.2
1,59.3496,0,0,0,330.0184,3,0,5.2
1,59.35904,0,0,0,330.0184,3,0,5.2
1,59.36926,0,0,0,330.0184,3,0,5.2
1,59.37842,0,0,0,330.0184,3,0,5.2
1,59.38869,0,0,0,330.0184,3,0,5.2
1,59.39919,0,0,0,330.0184,3,0,5.2
1,59.40856,0,0,0,330.0184,3,0,5.2
1,59.41702,0,0,0,330.0184,3,0,5.2
1,59.42519,0,0,0,330.0184,3,0,5.2
1,59.43227,0,0,0,330.0184,3,0,5.2
1,59.44075,0,0,0,330.0184,3,0,5.2
1,59.44847,0,0,0,330.0184,3,0,5.2
1,59.45724,0,0,0,330.0184,3,0,5.2
1,59.46476,0,0,0,330.0184,3,0,5.2
1,59.4736,0,0,0,330.0184,3,0,5.2
1,59.48113,0,0,0,330.0184,3,0,5.2
1,59.48967,0,0,0,330.0184,3,0,5.2
1,59.49763,0,0,0,330.0184,3,0,5.2
1,59.50769,0,0,0,330.0184,3,0,5.2
1,59.51638,0,0,0,330.0184,3,0,5.2
1,59.52575,0,0,0,330.0184,3,0,5.2
1,59.53299,0,0,0,330.0184,3,0,5.2
1,59.54023,0,0,0,330.0184,3,0,5.2
1,59.54812,0,0,0,330.0184,3,0,5.2
1,59.55642,0,0,0,330.0184,3,0,5.2
1,59.56431,0,0,0,330.0184,3,0,5.2
1,59.57387,0,0,0,330.0184,3,0,5.2
1,59.58194,0,0,0,330.0184,3,0,5.2
1,59.59356,0,0,0,330.0184,3,0,5.2
1,59.60359,0,0,0,330.0184,3,0,5.2
1,59.61217,0,0,0,330.0184,3,0,5.2
1,59.6207,0,0,0,330.0184,3,0,5.2
1,59.63158,0,0,0,330.0184,3,0,5.2
1,59.64084,0,0,0,330.0184,3,0,5.2
1,59.65029,0,0,0,330.0184,3,0,5.2
1,59.65861,0,0,0,330.0184,3,0,5.2
1,59.66596,0,0,0,330.0184,3,0,5.2
1,59.67485,0,0,0,330.0184,3,0,5.2
1,59.6836,0,0,0,330.0184,3,0,5.2
1,59.69445,0,0,0,330.0184,3,0,5.2
1,59.70391,0,0,0,330.0184,3,0,5.2
1,59.71518,0,0,0,330.0184,3,0,5.2
1,59.72493,0,0,0,330.0184,3,0,5.2
1,59.73398,0,0,0,330.0184,3,0,5.2
1,59.74158,0,0,0,330.0184,3,0,5.2
1,59.75028,0,0,0,330.0184,3,0,5.2
1,59.76085,0,0,0,330.0184,3,0,5.2
1,59.77026,0,0,0,330.0184,3,0,5.2
1,59.77989,0,0,0,330.0184,3,0,5.2
1,59.7899,0,0,0,330.0184,3,0,5.2
1,59.80143,0,0,0,330.0184,3,0,5.2
1,59.8132,0,0,0,330.0184,3,0,5.2
1,59.82404,0,0,0,330.0184,3,0,5.2
1,59.83435,0,0,0,330.0184,3,0,5.2
1,59.84471,0,0,0,330.0184,3,0,5.2
1,59.85539,0,0,0,330.0184,3,0,5.2
1,59.86881,0,0,0,330.0184,3,0,5.2
1,59.88124,0,0,0,330.0184,3,0,5.2
1,59.89167,0,0,0,330.0184,3,0,5.2
1,59.90185,0,0,0,330.0184,3,0,5.2
1,59.91468,0,0,0,330.0184,3,0,5.2
1,59.92625,0,0,0,330.0184,3,0,5.2
1,59.93675,0,0,0,330.0184,3,0,5.2
1,59.94788,0,0,0,330.0184,3,0,5.2
1,59.95996,0,0,0,330.0184,3,0,5.2
1,59.9706,0,0,0,330.0184,3,0,5.2
1,59.98106,0,0,0,330.0184,3,0,5.2
1,59.99118,0,0,0,330.0184,3,0,5.2
1,60.00143,0,0,0,330.0184,3,0,5.2
1,60.01194,0,0,0,330.0184,3,0,5.2
1,60.02296,0,0,0,330.0184,3,0,5.2
1,60.03389,0,0,0,330.0184,3,0,5.2
1,60.04492,0,0,0,330.0184,3,0,5.2
1,60.05627,0,0,0,330.0184,3,0,5.2
1,60.06939,0,0,0,330.0184,3,0,5.2
1,60.08166,0,0,0,330.0184,3,0,5.2
1,60.09378,0,0,0,330.0184,3,0,5.2
1,60.10701,0,0,0,330.0184,3,0,5.2
1,60.12039,0,0,0,330.0184,3,0,5.2
1,60.13329,0,0,0,330.0184,3,0,5.2
1,60.14511,0,0,0,330.0184,3,0,5.2
1,60.15754,0,0,0,330.0184,3,0,5.2
1,60.16879,0,0,0,330.0184,3,0,5.2
1,60.17966,0,0,0,330.0184,3,0,5.2
1,60.19088,0,0,0,330.0184,3,0,5.2
1,60.20443,0,0,0,330.0184,3,0,5.2
1,60.21934,0,0,0,330.0184,3,0,5.2
1,60.23681,0,0,0,330.0184,3,0,5.2
1,60.24825,0,0,0,330.0184,3,0,5.2
1,60.26046,0,0,0,330.0184,3,0,5.2
1,60.27323,0,0,0,330.0184,3,0,5.2
1,60.28521,0,0,0,330.0184,3,0,5.2
1,60.29839,0,0,0,330.0184,3,0,5.2
1,60.31114,0,0,0,330.0184,3,0,5.2
1,60.32285,0,0,0,330.0184,3,0,5.2
1,60.33517,0,0,0,330.0184,3,0,5.2
1,60.34745,0,0,0,330.0184,3,0,5.2
1,60.35779,0,0,0,330.0184,3,0,5.2
1,60.37278,0,0,0,330.0184,3,0,5.2
1,60.38288,0,0,0,330.0184,3,0,5.2
1,60.3924,0,0,0,330.0184,3,0,5.2
1,60.40281,0,0,0,330.0184,3,0,5.2
1,60.41136,0,0,0,330.0184,3,0,5.2
1,60.41908,0,0,0,330.0184,3,0,5.2
1,60.42855,0,0,0,330.0184,3,0,5.2
1,60.43747,0,0,0,330.0184,3,0,5.2
1,60.4461,0,0,0,330.0184,3,0,5.2
1,60.45357,0,0,0,330.0184,3,0,5.2
1,60.46331,0,0,0,330.0184,3,0,5.2
1,60.47242,0,0,0,330.0184,3,0,5.2
1,60.48153,0,0,0,330.0184,3,0,5.2
1,60.49051,0,0,0,330.0184,3,0,5.2
1,60.49941,0,0,0,330.0184,3,0,5.2
1,60.50798,0,0,0,330.0184,3,0,5.2
1,60.51674,0,0,0,330.0184,3,0,5.2
1,60.52467,0,0,0,330.0184,3,0,5.2
1,60.53398,0,0,0,330.0184,3,0,5.2
1,60.54221,0,0,0,330.0184,3,0,5.2
1,60.55155,0,0,0,330.0184,3,0,5.2
1,60.56094,0,0,0,330.0184,3,0,5.2
1,60.57055,0,0,0,330.0184,3,0,5.2
1,60.57984,0,0,0,330.0184,3,0,5.2
1,60.58977,0,0,0,330.0184,3,0,5.2
1,60.59883,0,0,0,330.0184,3,0,5.2
1,60.60754,0,0,0,330.0184,3,0,5.2
1,60.61694,0,0,0,330.0184,3,0,5.2
1,60.62424,0,0,0,330.0184,3,0,5.2
1,60.6318,0,0,0,330.0184,3,0,5.2
1,60.63929,0,0,0,330.0184,3,0,5.2
1,60.64758,0,0,0,330.0184,3,0,5.2
1,60.65583,0,0,0,330.0184,3,0,5.2
1,60.6642,0,0,0,330.0184,3,0,5.2
1,60.67217,0,0,0,330.0184,3,0,5.2
1,60.68003,0,0,0,330.0184,3,0,5.2
1,60.68769,0,0,0,330.0184,3,0,5.2
1,60.69781,0,0,0,330.0184,3,0,5.2
1,60.70665,0,0,0,330.0184,3,0,5.2
1,60.71472,0,0,0,330.0184,3,0,5.2
1,60.72335,0,0,0,330.0184,3,0,5.2
1,60.73397,0,0,0,330.0184,3,0,5.2
1,60.74356,0,0,0,330.0184,3,0,5.2
1,60.75425,0,0,0,330.0184,3,0,5.2
1,60.76329,0,0,0,330.0184,3,0,5.2
1,60.77303,0,0,0,330.0184,3,0,5.2
1,60.78139,0,0,0,330.0184,3,0,5.2
1,60.78968,0,0,0,330.0184,3,0,5.2
1,60.79772,0,0,0,330.0184,3,0,5.2
1,60.80808,0,0,0,330.0184,3,0,5.2
1,60.81738,0,0,0,330.0184,3,0,5.2
1,60.82771,0,0,0,330.0184,3,0,5.2
1,60.83829,0,0,0,330.0184,3,0,5.2
1,60.84591,0,0,0,330.0184,3,0,5.2
1,60.85424,0,0,0,330.0184,3,0,5.2
1,60.86232,0,0,0,330.0184,3,0,5.2
1,60.87176,0,0,0,330.0184,3,0,5.2
1,60.8808,0,0,0,330.0184,3,0,5.2
1,60.88803,0,0,0,330.0184,3,0,5.2
1,60.89614,0,0,0,330.0184,3,0,5.2
1,60.90378,0,0,0,330.0184,3,0,5.2
1,60.91133,0,0,0,330.0184,3,0,5.2
1,60.91825,0,0,0,330.0184,3,0,5.2
1,60.92598,0,0,0,330.0184,3,0,5.2
1,60.93486,0,0,0,330.0184,3,0,5.2
1,60.94387,0,0,0,330.0184,3,0,5.2
1,60.95495,0,0,0,330.0184,3,0,5.2
1,60.96547,0,0,0,330.0184,3,0,5.2
1,60.97639,0,0,0,330.0184,3,0,5.2
1,60.98983,0,0,0,330.0184,3,0,5.2
1,60.99987,0,0,0,330.0184,3,0,5.2
1,61.00983,0,0,0,330.0184,3,0,5.2
1,61.02005,0,0,0,330.0184,3,0,5.2
1,61.03125,0,0,0,330.0184,3,0,5.2
1,61.04289,0,0,0,330.0184,3,0,5.2
1,61.05256,0,0,0,330.0184,3,0,5.2
1,61.06406,0,0,0,330.0184,3,0,5.2
1,61.07463,0,0,0,330.0184,3,0,5.2
1,61.08502,0,0,0,330.0184,3,0,5.2
1,61.09613,0,0,0,330.0184,3,0,5.2
1,61.10691,0,0,0,330.0184,3,0,5.2
1,61.11892,0,0,0,330.0184,3,0,5.2
1,61.13118,0,0,0,330.0184,3,0,5.2
1,61.14465,0,0,0,330.0184,3,0,5.2
1,61.15659,0,0,0,330.0184,3,0,5.2
1,61.1678,0,0,0,330.0184,3,0,5.2
1,61.17912,0,0,0,330.0184,3,0,5.2
1,61.19035,0,0,0,330.0184,3,0,5.2
1,61.2014,0,0,0,330.0184,3,0,5.2
1,61.21096,0,0,0,330.0184,3,0,5.2
1,61.22171,0,0,0,330.0184,3,0,5.2
1,61.23204,0,0,0,330.0184,3,0,5.2
1,61.2436,0,0,0,330.0184,3,0,5.2
1,61.25486,0,0,0,330.0184,3,0,5.2
1,61.26555,0,0,0,330.0184,3,0,5.2
1,61.27708,0,0,0,330.0184,3,0,5.2
1,61.28819,0,0,0,330.0184,3,0,5.2
1,61.29953,0,0,0,330.0184,3,0,5.2
1,61.30936,0,0,0,330.0184,3,0,5.2
1,61.31998,0,0,0,330.0184,3,0,5.2
1,61.33272,0,0,0,330.0184,3,0,5.2
1,61.34409,0,0,0,330.0184,3,0,5.2
1,61.35801,0,0,0,330.0184,3,0,5.2
1,61.36938,0,0,0,330.0184,3,0,5.2
1,61.38059,0,0,0,330.0184,3,0,5.2
1,61.3945,0,0,0,330.0184,3,0,5.2
1,61.40596,0,0,0,330.0184,3,0,5.2
1,61.41762,0,0,0,330.0184,3,0,5.2
1,61.42987,0,0,0,330.0184,3,0,5.2
1,61.44755,0,0,0,330.0184,3,0,5.2
1,61.46063,0,0,0,330.0184,3,0,5.2
1,61.47718,0,0,0,330.0184,3,0,5.2
1,61.49215,0,0,0,330.0184,3,0,5.2
1,61.50544,0,0,0,330.0184,3,0,5.2
1,61.518,0,0,0,330.0184,3,0,5.2
1,61.52995,0,0,0,330.0184,3,0,5.2
1,61.54252,0,0,0,330.0184,3,0,5.2
1,61.55452,0,0,0,330.0184,3,0,5.2
1,61.56815,0,0,0,330.0184,3,0,5.2
1,61.58127,0,0,0,330.0184,3,0,5.2
1,61.59362,0,0,0,330.0184,3,0,5.2
1,61.60637,0,0,0,330.0184,3,0,5.2
1,61.61953,0,0,0,330.0184,3,0,5.2
1,61.63379,0,0,0,330.0184,3,0,5.2
1,61.64711,0,0,0,330.0184,3,0,5.2
1,61.65938,0,0,0,330.0184,3,0,5.2
1,61.66907,0,0,0,330.0184,3,0,5.2
1,61.67922,0,0,0,330.0184,3,0,5.2
1,61.68766,0,0,0,330.0184,3,0,5.2
1,61.6969,0,0,0,330.0184,3,0,5.2
1,61.70555,0,0,0,330.0184,3,0,5.2
1,61.71653,0,0,0,330.0184,3,0,5.2
1,61.72736,0,0,0,330.0184,3,0,5.2
1,61.73677,0,0,0,330.0184,3,0,5.2
1,61.7465,0,0,0,330.0184,3,0,5.2
1,61.75457,0,0,0,330.0184,3,0,5.2
1,61.76765,0,0,0,330.0184,3,0,5.2
1,61.77902,0,0,0,330.0184,3,0,5.2
1,61.78941,0,0,0,330.0184,3,0,5.2
1,61.79668,0,0,0,330.0184,3,0,5.2
1,61.80485,0,0,0,330.0184,3,0,5.2
1,61.81423,0,0,0,330.0184,3,0,5.2
1,61.82269,0,0,0,330.0184,3,0,5.2
1,61.83019,0,0,0,330.0184,3,0,5.2
1,61.83899,0,0,0,330.0184,3,0,5.2
1,61.84821,0,0,0,330.0184,3,0,5.2
1,61.85717,0,0,0,330.0184,3,0,5.2
1,61.86712,0,0,0,330.0184,3,0,5.2
1,61.8771,0,0,0,330.0184,3,0,5.2
1,61.88597,0,0,0,330.0184,3,0,5.2
1,61.89564,0,0,0,330.0184,3,0,5.2
1,61.90386,0,0,0,330.0184,3,0,5.2
1,61.91333,0,0,0,330.0184,3,0,5.2
1,61.92165,0,0,0,330.0184,3,0,5.2
1,61.93155,0,0,0,330.0184,3,0,5.2
1,61.94033,0,0,0,330.0184,3,0,5.2
1,61.95137,0,0,0,330.0184,3,0,5.2
1,61.96134,0,0,0,330.0184,3,0,5.2
1,61.9719,0,0,0,330.0184,3,0,5.2
1,61.98291,0,0,0,330.0184,3,0,5.2
1,61.99466,0,0,0,330.0184,3,0,5.2
1,62.00393,0,0,0,330.0184,3,0,5.2
1,62.01394,0,0,0,330.0184,3,0,5.2
1,62.0252,0,0,0,330.0184,3,0,5.2
1,62.035,0,0,0,330.0184,3,0,5.2
1,62.04551,0,0,0,330.0184,3,0,5.2
1,62.05466,0,0,0,330.0184,3,0,5.2
1,62.06437,0,0,0,330.0184,3,0,5.2
1,62.07451,0,0,0,330.0184,3,0,5.2
1,62.08326,0,0,0,330.0184,3,0,5.2
1,62.09291,0,0,0,330.0184,3,0,5.2
1,62.10348,0,0,0,330.0184,3,0,5.2
1,62.11267,0,0,0,330.0184,3,0,5.2
1,62.12091,0,0,0,330.0184,3,0,5.2
1,62.12925,0,0,0,330.0184,3,0,5.2
1,62.13845,0,0,0,330.0184,3,0,5.2
1,62.14808,0,0,0,330.0184,3,0,5.2
1,62.158,0,0,0,330.0184,3,0,5.2
1,62.1684,0,0,0,330.0184,3,0,5.2
1,62.18074,0,0,0,330.0184,3,0,5.2
1,62.19292,0,0,0,330.0184,3,0,5.2
1,62.20414,0,0,0,330.0184,3,0,5.2
1,62.21568,0,0,0,330.0184,3,0,5.2
1,62.22647,0,0,0,330.0184,3,0,5.2
1,62.23719,0,0,0,330.0184,3,0,5.2
1,62.25077,0,0,0,330.0184,3,0,5.2
1,62.2621,0,0,0,330.0184,3,0,5.2
1,62.27398,0,0,0,330.0184,3,0,5.2
1,62.28672,0,0,0,330.0184,3,0,5.2
1,62.30581,0,0,0,330.0184,3,0,5.2
1,62.331,0,0,0,330.0184,3,0,5.2
1,62.34624,0,0,0,330.0184,3,0,5.2
1,62.35862,0,0,0,330.0184,3,0,5.2
1,62.37298,0,0,0,330.0184,3,0,5.2
1,62.3862,0,0,0,330.0184,3,0,5.2
1,62.39829,0,0,0,330.0184,3,0,5.2
1,62.41125,0,0,0,330.0184,3,0,5.2
1,62.4274,0,0,0,330.0184,3,0,5.2
1,62.44068,0,0,0,330.0184,3,0,5.2
1,62.45245,0,0,0,330.0184,3,0,5.2
1,62.46586,0,0,0,330.0184,3,0,5.2
1,62.47762,0,0,0,330.0184,3,0,5.2
1,62.49002,0,0,0,330.0184,3,0,5.2
1,62.50364,0,0,0,330.0184,3,0,5.2
1,62.51748,0,0,0,330.0184,3,0,5.2
1,62.53041,0,0,0,330.0184,3,0,5.2
1,62.54185,0,0,0,330.0184,3,0,5.2
1,62.555,0,0,0,330.0184,3,0,5.2
1,62.56807,0,0,0,330.0184,3,0,5.2
1,62.58043,0,0,0,330.0184,3,0,5.2
1,62.59287,0,0,0,330.0184,3,0,5.2
1,62.60421,0,0,0,330.0184,3,0,5.2
1,62.61626,0,0,0,330.0184,3,0,5.2
1,62.62844,0,0,0,330.0184,3,0,5.2
1,62.64127,0,0,0,330.0184,3,0,5.2
1,62.65445,0,0,0,330.0184,3,0,5.2
1,62.66634,0,0,0,330.0184,3,0,5.2
1,62.68023,0,0,0,330.0184,3,0,5.2
1,62.69367,0,0,0,330.0184,3,0,5.2
1,62.70684,0,0,0,330.0184,3,0,5.2
1,62.71994,0,0,0,330.0184,3,0,5.2
1,62.73697,0,0,0,330.0184,3,0,5.2
1,62.75048,0,0,0,330.0184,3,0,5.2
1,62.76428,0,0,0,330.0184,3,0,5.2
1,62.77612,0,0,0,330.0184,3,0,5.2
1,62.79052,0,0,0,330.0184,3,0,5.2
1,62.80557,0,0,0,330.0184,3,0,5.2
1,62.81947,0,0,0,330.0184,3,0,5.2
1,62.83354,0,0,0,330.0184,3,0,5.2
1,62.84951,0,0,0,330.0184,3,0,5.2
1,62.86393,0,0,0,330.0184,3,0,5.2
1,62.87551,0,0,0,330.0184,3,0,5.2
1,62.88882,0,0,0,330.0184,3,0,5.2
1,62.90381,0,0,0,330.0184,3,0,5.2
1,62.91655,0,0,0,330.0184,3,0,5.2
1,62.92849,0,0,0,330.0184,3,0,5.2
1,62.9404,0,0,0,330.0184,3,0,5.2
1,62.95125,0,0,0,330.0184,3,0,5.2
1,62.96164,0,0,0,330.0184,3,0,5.2
1,62.97014,0,0,0,330.0184,3,0,5.2
1,62.98074,0,0,0,330.0184,3,0,5.2
1,62.9899,0,0,0,330.0184,3,0,5.2
1,62.99924,0,0,0,330.0184,3,0,5.2
1,63.00992,0,0,0,330.0184,3,0,5.2
1,63.01997,0,0,0,330.0184,3,0,5.2
1,63.02918,0,0,0,330.0184,3,0,5.2
1,63.03885,0,0,0,330.0184,3,0,5.2
1,63.04928,0,0,0,330.0184,3,0,5.2
1,63.05862,0,0,0,330.0184,3,0,5.2
1,63.06876,0,0,0,330.0184,3,0,5.2
1,63.07656,0,0,0,330.0184,3,0,5.2
1,63.08659,0,0,0,330.0184,3,0,5.2
1,63.09566,0,0,0,330.0184,3,0,5.2
1,63.10624,0,0,0,330.0184,3,0,5.2
1,63.11522,0,0,0,330.0184,3,0,5.2
1,63.1244,0,0,0,330.0184,3,0,5.2
1,63.13387,0,0,0,330.0184,3,0,5.2
1,63.14184,0,0,0,330.0184,3,0,5.2
1,63.15057,0,0,0,330.0184,3,0,5.2
1,63.16019,0,0,0,330.0184,3,0,5.2
1,63.17029,0,0,0,330.0184,3,0,5.2
1,63.1804,0,0,0,330.0184,3,0,5.2
1,63.18989,0,0,0,330.0184,3,0,5.2
1,63.1988,0,0,0,330.0184,3,0,5.2
1,63.20932,0,0,0,330.0184,3,0,5.2
1,63.21807,0,0,0,330.0184,3,0,5.2
1,63.23337,0,0,0,330.0184,3,0,5.2
1,63.24296,0,0,0,330.0184,3,0,5.2
1,63.2532,0,0,0,330.0184,3,0,5.2
1,63.26375,0,0,0,330.0184,3,0,5.2
1,63.27341,0,0,0,330.0184,3,0,5.2
1,63.28448,0,0,0,330.0184,3,0,5.2
1,63.29272,0,0,0,330.0184,3,0,5.2
1,63.30177,0,0,0,330.0184,3,0,5.2
1,63.31053,0,0,0,330.0184,3,0,5.2
1,63.31875,0,0,0,330.0184,3,0,5.2
1,63.32682,0,0,0,330.0184,3,0,5.2
1,63.33419,0,0,0,330.0184,3,0,5.2
1,63.34196,0,0,0,330.0184,3,0,5.2
1,63.34943,0,0,0,330.0184,3,0,5.2
1,63.35711,0,0,0,330.0184,3,0,5.2
1,63.36473,0,0,0,330.0184,3,0,5.2
1,63.37449,0,0,0,330.0184,3,0,5.2
1,63.38478,0,0,0,330.0184,3,0,5.2
1,63.39357,0,0,0,330.0184,3,0,5.2
1,63.40351,0,0,0,330.0184,3,0,5.2
1,63.41516,0,0,0,330.0184,3,0,5.2
1,63.42477,0,0,0,330.0184,3,0,5.2
1,63.4354,0,0,0,330.0184,3,0,5.2
1,63.44757,0,0,0,330.0184,3,0,5.2
1,63.4584,0,0,0,330.0184,3,0,5.2
1,63.47015,0,0,0,330.0184,3,0,5.2
1,63.48167,0,0,0,330.0184,3,0,5.2
1,63.49308,0,0,0,330.0184,3,0,5.2
1,63.50586,0,0,0,330.0184,3,0,5.2
1,63.51492,0,0,0,330.0184,3,0,5.2
1,63.5272,0,0,0,330.0184,3,0,5.2
1,63.53843,0,0,0,330.0184,3,0,5.2
1,63.54945,0,0,0,330.0184,3,0,5.2
1,63.56225,0,0,0,330.0184,3,0,5.2
1,63.57371,0,0,0,330.0184,3,0,5.2
1,63.5876,0,0,0,330.0184,3,0,5.2
1,63.59939,0,0,0,330.0184,3,0,5.2
1,63.61034,0,0,0,330.0184,3,0,5.2
1,63.621,0,0,0,330.0184,3,0,5.2
1,63.63355,0,0,0,330.0184,3,0,5.2
1,63.64387,0,0,0,330.0184,3,0,5.2
1,63.65533,0,0,0,330.0184,3,0,5.2
1,63.66686,0,0,0,330.0184,3,0,5.2
1,63.68057,0,0,0,330.0184,3,0,5.2
1,63.69127,0,0,0,330.0184,3,0,5.2
1,63.7037,0,0,0,330.0184,3,0,5.2
1,63.71611,0,0,0,330.0184,3,0,5.2
1,63.73079,0,0,0,330.0184,3,0,5.2
1,63.74718,0,0,0,330.0184,3,0,5.2
1,63.78608,0,0,0,330.0184,3,0,5.2
1,63.83806,0,0,0,330.0184,3,0,5.2
1,63.87347,0,0,0,330.0184,3,0,5.2
1,63.91124,0,0,0,330.0184,3,0,5.2
1,63.93146,0,0,0,330.0184,3,0,5.2
1,63.94351,0,0,0,330.0184,3,0,5.2
1,63.95497,0,0,0,330.0184,3,0,5.2
1,63.96746,0,0,0,330.0184,3,0,5.2
1,63.98027,0,0,0,330.0184,3,0,5.2
1,63.99147,0,0,0,330.0184,3,0,5.2
1,64.00333,0,0,0,330.0184,3,0,5.2
1,64.01421,0,0,0,330.0184,3,0,5.2
1,64.02544,0,0,0,330.0184,3,0,5.2
1,64.03793,0,0,0,330.0184,3,0,5.2
1,64.05089,0,0,0,330.0184,3,0,5.2
1,64.06287,0,0,0,330.0184,3,0,5.2
1,64.07495,0,0,0,330.0184,3,0,5.2
1,64.08727,0,0,0,330.0184,3,0,5.2
1,64.10054,0,0,0,330.0184,3,0,5.2
1,64.11272,0,0,0,330.0184,3,0,5.2
1,64.12436,0,0,0,330.0184,3,0,5.2
1,64.13614,0,0,0,330.0184,3,0,5.2
1,64.14719,0,0,0,330.0184,3,0,5.2
1,64.15927,0,0,0,330.0184,3,0,5.2
1,64.17235,0,0,0,330.0184,3,0,5.2
1,64.18634,0,0,0,330.0184,3,0,5.2
1,64.20206,0,0,0,330.0184,3,0,5.2
1,64.21358,0,0,0,330.0184,3,0,5.2
1,64.22498,0,0,0,330.0184,3,0,5.2
1,64.23389,0,0,0,330.0184,3,0,5.2
1,64.24377,0,0,0,330.0184,3,0,5.2
1,64.25388,0,0,0,330.0184,3,0,5.2
1,64.26306,0,0,0,330.0184,3,0,5.2
1,64.27315,0,0,0,330.0184,3,0,5.2
1,64.28139,0,0,0,330.0184,3,0,5.2
1,64.29048,0,0,0,330.0184,3,0,5.2
1,64.29868,0,0,0,330.0184,3,0,5.2
1,64.3083,0,0,0,330.0184,3,0,5.2
1,64.31631,0,0,0,330.0184,3,0,5.2
1,64.32657,0,0,0,330.0184,3,0,5.2
1,64.33575,0,0,0,330.0184,3,0,5.2
1,64.34404,0,0,0,330.0184,3,0,5.2
1,64.35294,0,0,0,330.0184,3,0,5.2
1,64.36076,0,0,0,330.0184,3,0,5.2
1,64.36925,0,0,0,330.0184,3,0,5.2
1,64.37801,0,0,0,330.0184,3,0,5.2
1,64.38741,0,0,0,330.0184,3,0,5.2
1,64.39536,0,0,0,330.0184,3,0,5.2
1,64.40372,0,0,0,330.0184,3,0,5.2
1,64.41354,0,0,0,330.0184,3,0,5.2
1,64.42149,0,0,0,330.0184,3,0,5.2
1,64.43086,0,0,0,330.0184,3,0,5.2
1,64.43858,0,0,0,330.0184,3,0,5.2
1,64.44861,0,0,0,330.0184,3,0,5.2
1,64.45676,0,0,0,330.0184,3,0,5.2
1,64.46732,0,0,0,330.0184,3,0,5.2
1,64.47543,0,0,0,330.0184,3,0,5.2
1,64.48337,0,0,0,330.0184,3,0,5.2
1,64.49171,0,0,0,330.0184,3,0,5.2
1,64.49847,0,0,0,330.0184,3,0,5.2
1,64.50671,0,0,0,330.0184,3,0,5.2
1,64.51393,0,0,0,330.0184,3,0,5.2
1,64.52277,0,0,0,330.0184,3,0,5.2
1,64.52971,0,0,0,330.0184,3,0,5.2
1,64.53828,0,0,0,330.0184,3,0,5.2
1,64.54626,0,0,0,330.0184,3,0,5.2
1,64.55418,0,0,0,330.0184,3,0,5.2
1,64.56331,0,0,0,330.0184,3,0,5.2
1,64.57182,0,0,0,330.0184,3,0,5.2
1,64.57909,0,0,0,330.0184,3,0,5.2
1,64.58817,0,0,0,330.0184,3,0,5.2
1,64.59573,0,0,0,330.0184,3,0,5.2
1,64.6041,0,0,0,330.0184,3,0,5.2
1,64.61374,0,0,0,330.0184,3,0,5.2
1,64.62177,0,0,0,330.0184,3,0,5.2
1,64.63779,0,0,0,330.0184,3,0,5.2
1,64.6534,0,0,0,330.0184,3,0,5.2
1,64.6644,0,0,0,330.0184,3,0,5.2
1,64.67613,0,0,0,330.0184,3,0,5.2
1,64.68616,0,0,0,330.0184,3,0,5.2
1,64.69856,0,0,0,330.0184,3,0,5.2
1,64.70998,0,0,0,330.0184,3,0,5.2
1,64.71941,0,0,0,330.0184,3,0,5.2
1,64.7294,0,0,0,330.0184,3,0,5.2
1,64.74026,0,0,0,330.0184,3,0,5.2
1,64.75027,0,0,0,330.0184,3,0,5.2
1,64.76122,0,0,0,330.0184,3,0,5.2
1,64.77322,0,0,0,330.0184,3,0,5.2
1,64.78525,0,0,0,330.0184,3,0,5.2
1,64.7973,0,0,0,330.0184,3,0,5.2
1,64.81039,0,0,0,330.0184,3,0,5.2
1,64.82434,0,0,0,330.0184,3,0,5.2
1,64.83679,0,0,0,330.0184,3,0,5.2
1,64.85065,0,0,0,330.0184,3,0,5.2
1,64.86374,0,0,0,330.0184,3,0,5.2
1,64.87498,0,0,0,330.0184,3,0,5.2
1,64.88814,0,0,0,330.0184,3,0,5.2
1,64.89977,0,0,0,330.0184,3,0,5.2
1,64.91286,0,0,0,330.0184,3,0,5.2
1,64.92499,0,0,0,330.0184,3,0,5.2
1,64.93579,0,0,0,330.0184,3,0,5.2
1,64.9469,0,0,0,330.0184,3,0,5.2
1,64.95868,0,0,0,330.0184,3,0,5.2
1,64.97034,0,0,0,330.0184,3,0,5.2
1,64.98044,0,0,0,330.0184,3,0,5.2
1,64.99126,0,0,0,330.0184,3,0,5.2
1,65.00081,0,0,0,330.0184,3,0,5.2
1,65.01018,0,0,0,330.0184,3,0,5.2
1,65.02083,0,0,0,330.0184,3,0,5.2
1,65.03049,0,0,0,330.0184,3,0,5.2
1,65.04204,0,0,0,330.0184,3,0,5.2
1,65.05415,0,0,0,330.0184,3,0,5.2
1,65.06639,0,0,0,330.0184,3,0,5.2
1,65.07689,0,0,0,330.0184,3,0,5.2
1,65.08792,0,0,0,330.0184,3,0,5.2
1,65.1011,0,0,0,330.0184,3,0,5.2
1,65.11223,0,0,0,330.0184,3,0,5.2
1,65.12279,0,0,0,330.0184,3,0,5.2
1,65.13499,0,0,0,330.0184,3,0,5.2
1,65.14807,0,0,0,330.0184,3,0,5.2
1,65.15967,0,0,0,330.0184,3,0,5.2
1,65.1722,0,0,0,330.0184,3,0,5.2
1,65.18587,0,0,0,330.0184,3,0,5.2
1,65.20233,0,0,0,330.0184,3,0,5.2
1,65.21654,0,0,0,330.0184,3,0,5.2
1,65.2299,0,0,0,330.0184,3,0,5.2
1,65.24321,0,0,0,330.0184,3,0,5.2
1,65.25839,0,0,0,330.0184,3,0,5.2
1,65.27008,0,0,0,330.0184,3,0,5.2
1,65.28178,0,0,0,330.0184,3,0,5.2
1,65.29388,0,0,0,330.0184,3,0,5.2
1,65.30516,0,0,0,330.0184,3,0,5.2
1,65.31612,0,0,0,330.0184,3,0,5.2
1,65.32603,0,0,0,330.0184,3,0,5.2
1,65.33691,0,0,0,330.0184,3,0,5.2
1,65.34631,0,0,0,330.0184,3,0,5.2
1,65.35461,0,0,0,330.0184,3,0,5.2
1,65.36462,0,0,0,330.0184,3,0,5.2
1,65.37366,0,0,0,330.0184,3,0,5.2
1,65.3817,0,0,0,330.0184,3,0,5.2
1,65.38953,0,0,0,330.0184,3,0,5.2
1,65.39777,0,0,0,330.0184,3,0,5.2
1,65.40532,0,0,0,330.0184,3,0,5.2
1,65.41441,0,0,0,330.0184,3,0,5.2
1,65.42352,0,0,0,330.0184,3,0,5.2
1,65.43225,0,0,0,330.0184,3,0,5.2
1,65.4408,0,0,0,330.0184,3,0,5.2
1,65.44894,0,0,0,330.0184,3,0,5.2
1,65.45847,0,0,0,330.0184,3,0,5.2
1,65.46625,0,0,0,330.0184,3,0,5.2
1,65.47499,0,0,0,330.0184,3,0,5.2
1,65.48375,0,0,0,330.0184,3,0,5.2
1,65.49365,0,0,0,330.0184,3,0,5.2
1,65.50209,0,0,0,330.0184,3,0,5.2
1,65.5092,0,0,0,330.0184,3,0,5.2
1,65.5175,0,0,0,330.0184,3,0,5.2
1,65.52654,0,0,0,330.0184,3,0,5.2
1,65.53583,0,0,0,330.0184,3,0,5.2
1,65.54295,0,0,0,330.0184,3,0,5.2
1,65.55173,0,0,0,330.0184,3,0,5.2
1,65.56033,0,0,0,330.0184,3,0,5.2
1,65.56906,0,0,0,330.0184,3,0,5.2
1,65.57715,0,0,0,330.0184,3,0,5.2
1,65.58676,0,0,0,330.0184,3,0,5.2
1,65.59525,0,0,0,330.0184,3,0,5.2
1,65.60468,0,0,0,330.0184,3,0,5.2
1,65.6145,0,0,0,330.0184,3,0,5.2
1,65.62267,0,0,0,330.0184,3,0,5.2
1,65.63181,0,0,0,330.0184,3,0,5.2
1,65.64142,0,0,0,330.0184,3,0,5.2
1,65.65051,0,0,0,330.0184,3,0,5.2
1,65.65883,0,0,0,330.0184,3,0,5.2
1,65.66646,0,0,0,330.0184,3,0,5.2
1,65.67479,0,0,0,330.0184,3,0,5.2
1,65.68265,0,0,0,330.0184,3,0,5.2
1,65.69002,0,0,0,330.0184,3,0,5.2
1,65.69748,0,0,0,330.0184,3,0,5.2
1,65.70561,0,0,0,330.0184,3,0,5.2
1,65.71388,0,0,0,330.0184,3,0,5.2
1,65.72206,0,0,0,330.0184,3,0,5.2
1,65.73018,0,0,0,330.0184,3,0,5.2
1,65.7386,0,0,0,330.0184,3,0,5.2
1,65.74702,0,0,0,330.0184,3,0,5.2
1,65.75598,0,0,0,330.0184,3,0,5.2
1,65.76445,0,0,0,330.0184,3,0,5.2
1,65.77383,0,0,0,330.0184,3,0,5.2
1,65.78293,0,0,0,330.0184,3,0,5.2
1,65.7937,0,0,0,330.0184,3,0,5.2
1,65.8024,0,0,0,330.0184,3,0,5.2
1,65.81226,0,0,0,330.0184,3,0,5.2
1,65.82108,0,0,0,330.0184,3,0,5.2
1,65.83005,0,0,0,330.0184,3,0,5.2
1,65.83913,0,0,0,330.0184,3,0,5.2
1,65.84862,0,0,0,330.0184,3,0,5.2
1,65.85637,0,0,0,330.0184,3,0,5.2
1,65.86769,0,0,0,330.0184,3,0,5.2
1,65.87854,0,0,0,330.0184,3,0,5.2
1,65.88799,0,0,0,330.0184,3,0,5.2
1,65.89941,0,0,0,330.0184,3,0,5.2
1,65.90909,0,0,0,330.0184,3,0,5.2
1,65.92107,0,0,0,330.0184,3,0,5.2
1,65.9319,0,0,0,330.0184,3,0,5.2
1,65.94209,0,0,0,330.0184,3,0,5.2
1,65.95204,0,0,0,330.0184,3,0,5.2
1,65.96228,0,0,0,330.0184,3,0,5.2
1,65.97308,0,0,0,330.0184,3,0,5.2
1,65.98457,0,0,0,330.0184,3,0,5.2
1,65.99533,0,0,0,330.0184,3,0,5.2
1,66.00688,0,0,0,330.0184,3,0,5.2
1,66.01837,0,0,0,330.0184,3,0,5.2
1,66.03073,0,0,0,330.0184,3,0,5.2
1,66.04192,0,0,0,330.0184,3,0,5.2
1,66.0533,0,0,0,330.0184,3,0,5.2
1,66.06462,0,0,0,330.0184,3,0,5.2
1,66.07642,0,0,0,330.0184,3,0,5.2
1,66.08835,0,0,0,330.0184,3,0,5.2
1,66.10167,0,0,0,330.0184,3,0,5.2
1,66.11253,0,0,0,330.0184,3,0,5.2
1,66.12419,0,0,0,330.0184,3,0,5.2
1,66.13588,0,0,0,330.0184,3,0,5.2
1,66.14807,0,0,0,330.0184,3,0,5.2
1,66.16029,0,0,0,330.0184,3,0,5.2
1,66.17166,0,0,0,330.0184,3,0,5.2
1,66.18175,0,0,0,330.0184,3,0,5.2
1,66.19371,0,0,0,330.0184,3,0,5.2
1,66.2028,0,0,0,330.0184,3,0,5.2
1,66.21353,0,0,0,330.0184,3,0,5.2
1,66.2267,0,0,0,330.0184,3,0,5.2
1,66.23926,0,0,0,330.0184,3,0,5.2
1,66.24866,0,0,0,330.0184,3,0,5.2
1,66.26027,0,0,0,330.0184,3,0,5.2
1,66.2731,0,0,0,330.0184,3,0,5.2
1,66.28261,0,0,0,330.0184,3,0,5.2
1,66.29568,0,0,0,330.0184,3,0,5.2
1,66.30765,0,0,0,330.0184,3,0,5.2
1,66.31779,0,0,0,330.0184,3,0,5.2
1,66.32784,0,0,0,330.0184,3,0,5.2
1,66.33813,0,0,0,330.0184,3,0,5.2
1,66.35086,0,0,0,330.0184,3,0,5.2
1,66.36188,0,0,0,330.0184,3,0,5.2
1,66.37421,0,0,0,330.0184,3,0,5.2
1,66.38762,0,0,0,330.0184,3,0,5.2
1,66.40334,0,0,0,330.0184,3,0,5.2
1,66.4167,0,0,0,330.0184,3,0,5.2
1,66.43114,0,0,0,330.0184,3,0,5.2
1,66.44171,0,0,0,330.0184,3,0,5.2
1,66.45335,0,0,0,330.0184,3,0,5.2
1,66.46463,0,0,0,330.0184,3,0,5.2
1,66.47665,0,0,0,330.0184,3,0,5.2
1,66.48776,0,0,0,330.0184,3,0,5.2
1,66.49738,0,0,0,330.0184,3,0,5.2
1,66.50993,0,0,0,330.0184,3,0,5.2
1,66.52022,0,0,0,330.0184,3,0,5.2
1,66.53116,0,0,0,330.0184,3,0,5.2
1,66.5408,0,0,0,330.0184,3,0,5.2
1,66.54976,0,0,0,330.0184,3,0,5.2
1,66.55859,0,0,0,330.0184,3,0,5.2
1,66.56859,0,0,0,330.0184,3,0,5.2
1,66.57642,0,0,0,330.0184,3,0,5.2
1,66.58662,0,0,0,330.0184,3,0,5.2
1,66.59656,0,0,0,330.0184,3,0,5.2
1,66.60599,0,0,0,330.0184,3,0,5.2
1,66.61502,0,0,0,330.0184,3,0,5.2
1,66.62321,0,0,0,330.0184,3,0,5.2
1,66.63242,0,0,0,330.0184,3,0,5.2
1,66.64238,0,0,0,330.0184,3,0,5.2
1,66.65479,0,0,0,330.0184,3,0,5.2
1,66.66655,0,0,0,330.0184,3,0,5.2
1,66.67702,0,0,0,330.0184,3,0,5.2
1,66.68808,0,0,0,330.0184,3,0,5.2
1,66.69962,0,0,0,330.0184,3,0,5.2
1,66.70937,0,0,0,330.0184,3,0,5.2
1,66.7175,0,0,0,330.0184,3,0,5.2
1,66.72612,0,0,0,330.0184,3,0,5.2
1,66.73607,0,0,0,330.0184,3,0,5.2
1,66.74655,0,0,0,330.0184,3,0,5.2
1,66.76308,0,0,0,330.0184,3,0,5.2
1,66.77863,0,0,0,330.0184,3,0,5.2
1,66.78688,0,0,0,330.0184,3,0,5.2
1,66.79759,0,0,0,330.0184,3,0,5.2
1,66.80678,0,0,0,330.0184,3,0,5.2
1,66.81702,0,0,0,330.0184,3,0,5.2
1,66.82698,0,0,0,330.0184,3,0,5.2
1,66.83757,0,0,0,330.0184,3,0,5.2
1,66.84796,0,0,0,330.0184,3,0,5.2
1,66.85744,0,0,0,330.0184,3,0,5.2
1,66.8658,0,0,0,330.0184,3,0,5.2
1,66.87473,0,0,0,330.0184,3,0,5.2
1,66.88507,0,0,0,330.0184,3,0,5.2
1,66.89542,0,0,0,330.0184,3,0,5.2
1,66.90628,0,0,0,330.0184,3,0,5.2
1,66.9165,0,0,0,330.0184,3,0,5.2
1,66.92645,0,0,0,330.0184,3,0,5.2
1,66.93507,0,0,0,330.0184,3,0,5.2
1,66.94386,0,0,0,330.0184,3,0,5.2
1,66.95229,0,0,0,330.0184,3,0,5.2
1,66.96069,0,0,0,330.0184,3,0,5.2
1,66.96873,0,0,0,330.0184,3,0,5.2
1,66.97824,0,0,0,330.0184,3,0,5.2
1,66.98643,0,0,0,330.0184,3,0,5.2
1,66.99644,0,0,0,330.0184,3,0,5.2
1,67.00551,0,0,0,330.0184,3,0,5.2
1,67.01627,0,0,0,330.0184,3,0,5.2
1,67.02615,0,0,0,330.0184,3,0,5.2
1,67.03638,0,0,0,330.0184,3,0,5.2
1,67.04634,0,0,0,330.0184,3,0,5.2
1,67.05698,0,0,0,330.0184,3,0,5.2
1,67.06744,0,0,0,330.0184,3,0,5.2
1,67.07675,0,0,0,330.0184,3,0,5.2
1,67.08722,0,0,0,330.0184,3,0,5.2
1,67.09848,0,0,0,330.0184,3,0,5.2
1,67.10999,0,0,0,330.0184,3,0,5.2
1,67.12221,0,0,0,330.0184,3,0,5.2
1,67.13403,0,0,0,330.0184,3,0,5.2
1,67.14386,0,0,0,330.0184,3,0,5.2
1,67.15353,0,0,0,330.0184,3,0,5.2
1,67.16354,0,0,0,330.0184,3,0,5.2
1,67.17531,0,0,0,330.0184,3,0,5.2
1,67.18555,0,0,0,330.0184,3,0,5.2
1,67.1951,0,0,0,330.0184,3,0,5.2
1,67.20758,0,0,0,330.0184,3,0,5.2
1,67.2188,0,0,0,330.0184,3,0,5.2
1,67.22993,0,0,0,330.0184,3,0,5.2
1,67.24298,0,0,0,330.0184,3,0,5.2
1,67.25787,0,0,0,330.0184,3,0,5.2
1,67.26979,0,0,0,330.0184,3,0,5.2
1,67.2821,0,0,0,330.0184,3,0,5.2
1,67.29541,0,0,0,330.0184,3,0,5.2
1,67.30797,0,0,0,330.0184,3,0,5.2
1,67.32021,0,0,0,330.0184,3,0,5.2
1,67.33421,0,0,0,330.0184,3,0,5.2
1,67.3486,0,0,0,330.0184,3,0,5.2
1,67.36263,0,0,0,330.0184,3,0,5.2
1,67.37508,0,0,0,330.0184,3,0,5.2
1,67.388,0,0,0,330.0184,3,0,5.2
1,67.40152,0,0,0,330.0184,3,0,5.2
1,67.41476,0,0,0,330.0184,3,0,5.2
1,67.42599,0,0,0,330.0184,3,0,5.2
1,67.43947,0,0,0,330.0184,3,0,5.2
1,67.45233,0,0,0,330.0184,3,0,5.2
1,67.46381,0,0,0,330.0184,3,0,5.2
1,67.47516,0,0,0,330.0184,3,0,5.2
1,67.48857,0,0,0,330.0184,3,0,5.2
1,67.50208,0,0,0,330.0184,3,0,5.2
1,67.51414,0,0,0,330.0184,3,0,5.2
1,67.52763,0,0,0,330.0184,3,0,5.2
1,67.54088,0,0,0,330.0184,3,0,5.2
1,67.55295,0,0,0,330.0184,3,0,5.2
1,67.56575,0,0,0,330.0184,3,0,5.2
1,67.57874,0,0,0,330.0184,3,0,5.2
1,67.58972,0,0,0,330.0184,3,0,5.2
1,67.60184,0,0,0,330.0184,3,0,5.2
1,67.6142,0,0,0,330.0184,3,0,5.2
1,67.62567,0,0,0,330.0184,3,0,5.2
1,67.63762,0,0,0,330.0184,3,0,5.2
1,67.65094,0,0,0,330.0184,3,0,5.2
1,67.66402,0,0,0,330.0184,3,0,5.2
1,67.67752,0,0,0,330.0184,3,0,5.2
1,67.68971,0,0,0,330.0184,3,0,5.2
1,67.70114,0,0,0,330.0184,3,0,5.2
1,67.71422,0,0,0,330.0184,3,0,5.2
1,67.72928,0,0,0,330.0184,3,0,5.2
1,67.74124,0,0,0,330.0184,3,0,5.2
1,67.75356,0,0,0,330.0184,3,0,5.2
1,67.76526,0,0,0,330.0184,3,0,5.2
1,67.77568,0,0,0,330.0184,3,0,5.2
1,67.78693,0,0,0,330.0184,3,0,5.2
1,67.79672,0,0,0,330.0184,3,0,5.2
1,67.80647,0,0,0,330.0184,3,0,5.2
1,67.81734,0,0,0,330.0184,3,0,5.2
1,67.82668,0,0,0,330.0184,3,0,5.2
1,67.83905,0,0,0,330.0184,3,0,5.2
1,67.8475,0,0,0,330.0184,3,0,5.2
1,67.85582,0,0,0,330.0184,3,0,5.2
1,67.8638,0,0,0,330.0184,3,0,5.2
1,67.87201,0,0,0,330.0184,3,0,5.2
1,67.88115,0,0,0,330.0184,3,0,5.2
1,67.88829,0,0,0,330.0184,3,0,5.2
1,67.89728,0,0,0,330.0184,3,0,5.2
1,67.9059,0,0,0,330.0184,3,0,5.2
1,67.91544,0,0,0,330.0184,3,0,5.2
1,67.92432,0,0,0,330.0184,3,0,5.2
1,67.93427,0,0,0,330.0184,3,0,5.2
1,67.94289,0,0,0,330.0184,3,0,5.2
1,67.9523,0,0,0,330.0184,3,0,5.2
1,67.96217,0,0,0,330.0184,3,0,5.2
1,67.97147,0,0,0,330.0184,3,0,5.2
1,67.98004,0,0,0,330.0184,3,0,5.2
1,67.98929,0,0,0,330.0184,3,0,5.2
1,67.99654,0,0,0,330.0184,3,0,5.2
1,68.0049,0,0,0,330.0184,3,0,5.2
1,68.01378,0,0,0,330.0184,3,0,5.2
1,68.0213,0,0,0,330.0184,3,0,5.2
1,68.0302,0,0,0,330.0184,3,0,5.2
1,68.03944,0,0,0,330.0184,3,0,5.2
1,68.04736,0,0,0,330.0184,3,0,5.2
1,68.05692,0,0,0,330.0184,3,0,5.2
1,68.06557,0,0,0,330.0184,3,0,5.2
1,68.07323,0,0,0,330.0184,3,0,5.2
1,68.0824,0,0,0,330.0184,3,0,5.2
1,68.09094,0,0,0,330.0184,3,0,5.2
1,68.10063,0,0,0,330.0184,3,0,5.2
1,68.10818,0,0,0,330.0184,3,0,5.2
1,68.11633,0,0,0,330.0184,3,0,5.2
1,68.12529,0,0,0,330.0184,3,0,5.2
1,68.13512,0,0,0,330.0184,3,0,5.2
1,68.14543,0,0,0,330.0184,3,0,5.2
1,68.15387,0,0,0,330.0184,3,0,5.2
1,68.16315,0,0,0,330.0184,3,0,5.2
1,68.17389,0,0,0,330.0184,3,0,5.2
1,68.18544,0,0,0,330.0184,3,0,5.2
1,68.19647,0,0,0,330.0184,3,0,5.2
1,68.20541,0,0,0,330.0184,3,0,5.2
1,68.21472,0,0,0,330.0184,3,0,5.2
1,68.22307,0,0,0,330.0184,3,0,5.2
1,68.23088,0,0,0,330.0184,3,0,5.2
1,68.23988,0,0,0,330.0184,3,0,5.2
1,68.24927,0,0,0,330.0184,3,0,5.2
1,68.25832,0,0,0,330.0184,3,0,5.2
1,68.26646,0,0,0,330.0184,3,0,5.2
1,68.27745,0,0,0,330.0184,3,0,5.2
1,68.28873,0,0,0,330.0184,3,0,5.2
1,68.29883,0,0,0,330.0184,3,0,5.2
1,68.31006,0,0,0,330.0184,3,0,5.2
1,68.32178,0,0,0,330.0184,3,0,5.2
1,68.33328,0,0,0,330.0184,3,0,5.2
1,68.34483,0,0,0,330.0184,3,0,5.2
1,68.35791,0,0,0,330.0184,3,0,5.2
1,68.36899,0,0,0,330.0184,3,0,5.2
1,68.38136,0,0,0,330.0184,3,0,5.2
1,68.39294,0,0,0,330.0184,3,0,5.2
1,68.40466,0,0,0,330.0184,3,0,5.2
1,68.41437,0,0,0,330.0184,3,0,5.2
1,68.42496,0,0,0,330.0184,3,0,5.2
1,68.43706,0,0,0,330.0184,3,0,5.2
1,68.44739,0,0,0,330.0184,3,0,5.2
1,68.45813,0,0,0,330.0184,3,0,5.2
1,68.4687,0,0,0,330.0184,3,0,5.2
1,68.48039,0,0,0,330.0184,3,0,5.2
1,68.49156,0,0,0,330.0184,3,0,5.2
1,68.50479,0,0,0,330.0184,3,0,5.2
1,68.51746,0,0,0,330.0184,3,0,5.2
1,68.52933,0,0,0,330.0184,3,0,5.2
1,68.54185,0,0,0,330.0184,3,0,5.2
1,68.55556,0,0,0,330.0184,3,0,5.2
1,68.56975,0,0,0,330.0184,3,0,5.2
1,68.58208,0,0,0,330.0184,3,0,5.2
1,68.59441,0,0,0,330.0184,3,0,5.2
1,68.60622,0,0,0,330.0184,3,0,5.2
1,68.61809,0,0,0,330.0184,3,0,5.2
1,68.62984,0,0,0,330.0184,3,0,5.2
1,68.64258,0,0,0,330.0184,3,0,5.2
1,68.65404,0,0,0,330.0184,3,0,5.2
1,68.66592,0,0,0,330.0184,3,0,5.2
1,68.67625,0,0,0,330.0184,3,0,5.2
1,68.68724,0,0,0,330.0184,3,0,5.2
1,68.698,0,0,0,330.0184,3,0,5.2
1,68.70886,0,0,0,330.0184,3,0,5.2
1,68.72144,0,0,0,330.0184,3,0,5.2
1,68.73174,0,0,0,330.0184,3,0,5.2
1,68.74413,0,0,0,330.0184,3,0,5.2
1,68.75621,0,0,0,330.0184,3,0,5.2
1,68.76566,0,0,0,330.0184,3,0,5.2
1,68.78027,0,0,0,330.0184,3,0,5.2
1,68.79306,0,0,0,330.0184,3,0,5.2
1,68.80632,0,0,0,330.0184,3,0,5.2
1,68.82047,0,0,0,330.0184,3,0,5.2
1,68.83339,0,0,0,330.0184,3,0,5.2
1,68.84637,0,0,0,330.0184,3,0,5.2
1,68.86174,0,0,0,330.0184,3,0,5.2
1,68.87381,0,0,0,330.0184,3,0,5.2
1,68.8856,0,0,0,330.0184,3,0,5.2
1,68.89917,0,0,0,330.0184,3,0,5.2
1,68.91254,0,0,0,330.0184,3,0,5.2
1,68.92731,0,0,0,330.0184,3,0,5.2
1,68.93904,0,0,0,330.0184,3,0,5.2
1,68.952,0,0,0,330.0184,3,0,5.2
1,68.96385,0,0,0,330.0184,3,0,5.2
1,68.98332,0,0,0,330.0184,3,0,5.2
1,69.0014,0,0,0,330.0184,3,0,5.2
1,69.0101,0,0,0,330.0184,3,0,5.2
1,69.0202,0,0,0,330.0184,3,0,5.2
1,69.03087,0,0,0,330.0184,3,0,5.2
1,69.04163,0,0,0,330.0184,3,0,5.2
1,69.05177,0,0,0,330.0184,3,0,5.2
1,69.06142,0,0,0,330.0184,3,0,5.2
1,69.07237,0,0,0,330.0184,3,0,5.2
1,69.08049,0,0,0,330.0184,3,0,5.2
1,69.09033,0,0,0,330.0184,3,0,5.2
1,69.09937,0,0,0,330.0184,3,0,5.2
1,69.10785,0,0,0,330.0184,3,0,5.2
1,69.11949,0,0,0,330.0184,3,0,5.2
1,69.12918,0,0,0,330.0184,3,0,5.2
1,69.13791,0,0,0,330.0184,3,0,5.2
1,69.14882,0,0,0,330.0184,3,0,5.2
1,69.15869,0,0,0,330.0184,3,0,5.2
1,69.16733,0,0,0,330.0184,3,0,5.2
1,69.17853,0,0,0,330.0184,3,0,5.2
1,69.18948,0,0,0,330.0184,3,0,5.2
1,69.19888,0,0,0,330.0184,3,0,5.2
1,69.2092,0,0,0,330.0184,3,0,5.2
1,69.21854,0,0,0,330.0184,3,0,5.2
1,69.23618,0,0,0,330.0184,3,0,5.2
1,69.2592,0,0,0,330.0184,3,0,5.2
1,69.26933,0,0,0,330.0184,3,0,5.2
1,69.27931,0,0,0,330.0184,3,0,5.2
1,69.29004,0,0,0,330.0184,3,0,5.2
1,69.29677,0,0,0,330.0184,3,0,5.2
1,69.30849,0,0,0,330.0184,3,0,5.2
1,69.31715,0,0,0,330.0184,3,0,5.2
1,69.32568,0,0,0,330.0184,3,0,5.2
1,69.33687,0,0,0,330.0184,3,0,5.2
1,69.34703,0,0,0,330.0184,3,0,5.2
1,69.3559,0,0,0,330.0184,3,0,5.2
1,69.36581,0,0,0,330.0184,3,0,5.2
1,69.37663,0,0,0,330.0184,3,0,5.2
1,69.38631,0,0,0,330.0184,3,0,5.2
1,69.39519,0,0,0,330.0184,3,0,5.2
1,69.40404,0,0,0,330.0184,3,0,5.2
1,69.41299,0,0,0,330.0184,3,0,5.2
1,69.42059,0,0,0,330.0184,3,0,5.2
1,69.43013,0,0,0,330.0184,3,0,5.2
1,69.43895,0,0,0,330.0184,3,0,5.2
1,69.44704,0,0,0,330.0184,3,0,5.2
1,69.45609,0,0,0,330.0184,3,0,5.2
1,69.46446,0,0,0,330.0184,3,0,5.2
1,69.47321,0,0,0,330.0184,3,0,5.2
1,69.48105,0,0,0,330.0184,3,0,5.2
1,69.49213,0,0,0,330.0184,3,0,5.2
1,69.50291,0,0,0,330.0184,3,0,5.2
1,69.51436,0,0,0,330.0184,3,0,5.2
1,69.53209,0,0,0,330.0184,3,0,5.2
1,69.54828,0,0,0,330.0184,3,0,5.2
1,69.56393,0,0,0,330.0184,3,0,5.2
1,69.58878,0,0,0,330.0184,3,0,5.2
1,69.60684,0,0,0,330.0184,3,0,5.2
1,69.61786,0,0,0,330.0184,3,0,5.2
1,69.62791,0,0,0,330.0184,3,0,5.2
1,69.63756,0,0,0,330.0184,3,0,5.2
1,69.64952,0,0,0,330.0184,3,0,5.2
1,69.66136,0,0,0,330.0184,3,0,5.2
1,69.67307,0,0,0,330.0184,3,0,5.2
1,69.68375,0,0,0,330.0184,3,0,5.2
1,69.69417,0,0,0,330.0184,3,0,5.2
1,69.7039,0,0,0,330.0184,3,0,5.2
1,69.71317,0,0,0,330.0184,3,0,5.2
1,69.72356,0,0,0,330.0184,3,0,5.2
1,69.73601,0,0,0,330.0184,3,0,5.2
1,69.74809,0,0,0,330.0184,3,0,5.2
1,69.76024,0,0,0,330.0184,3,0,5.2
1,69.7722,0,0,0,330.0184,3,0,5.2
1,69.7838,0,0,0,330.0184,3,0,5.2
1,69.80734,0,0,0,330.0184,3,0,5.2
1,69.82829,0,0,0,330.0184,3,0,5.2
1,69.85594,0,0,0,330.0184,3,0,5.2
1,69.87663,0,0,0,330.0184,3,0,5.2
1,69.89207,0,0,0,330.0184,3,0,5.2
1,69.90448,0,0,0,330.0184,3,0,5.2
1,69.91615,0,0,0,330.0184,3,0,5.2
1,69.92874,0,0,0,330.0184,3,0,5.2
1,69.93977,0,0,0,330.0184,3,0,5.2
1,69.95323,0,0,0,330.0184,3,0,5.2
1,69.96539,0,0,0,330.0184,3,0,5.2
1,69.97786,0,0,0,330.0184,3,0,5.2
1,69.99165,0,0,0,330.0184,3,0,5.2
1,70.00427,0,0,0,330.0184,3,0,5.2
1,70.01624,0,0,0,330.0184,3,0,5.2
1,70.02916,0,0,0,330.0184,3,0,5.2
1,70.04245,0,0,0,330.0184,3,0,5.2
1,70.05565,0,0,0,330.0184,3,0,5.2
1,70.07195,0,0,0,330.0184,3,0,5.2
1,70.08643,0,0,0,330.0184,3,0,5.2
1,70.11964,0,0,0,330.0184,3,0,5.2
1,70.1409,0,0,0,330.0184,3,0,5.2
1,70.15805,0,0,0,330.0184,3,0,5.2
1,70.17438,0,0,0,330.0184,3,0,5.2
1,70.19534,0,0,0,330.0184,3,0,5.2
1,70.21063,0,0,0,330.0184,3,0,5.2
1,70.22421,0,0,0,330.0184,3,0,5.2
1,70.23639,0,0,0,330.0184,3,0,5.2
1,70.24933,0,0,0,330.0184,3,0,5.2
1,70.26398,0,0,0,330.0184,3,0,5.2
1,70.2749,0,0,0,330.0184,3,0,5.2
1,70.28465,0,0,0,330.0184,3,0,5.2
1,70.29662,0,0,0,330.0184,3,0,5.2
1,70.30791,0,0,0,330.0184,3,0,5.2
1,70.3217,0,0,0,330.0184,3,0,5.2
1,70.33459,0,0,0,330.0184,3,0,5.2
1,70.35069,0,0,0,330.0184,3,0,5.2
1,70.3609,0,0,0,330.0184,3,0,5.2
1,70.3737,0,0,0,330.0184,3,0,5.2
1,70.38696,0,0,0,330.0184,3,0,5.2
1,70.39926,0,0,0,330.0184,3,0,5.2
1,70.40932,0,0,0,330.0184,3,0,5.2
1,70.41812,0,0,0,330.0184,3,0,5.2
1,70.42792,0,0,0,330.0184,3,0,5.2
1,70.43788,0,0,0,330.0184,3,0,5.2
1,70.44897,0,0,0,330.0184,3,0,5.2
1,70.46202,0,0,0,330.0184,3,0,5.2
1,70.4711,0,0,0,330.0184,3,0,5.2
1,70.47887,0,0,0,330.0184,3,0,5.2
1,70.48657,0,0,0,330.0184,3,0,5.2
1,70.49538,0,0,0,330.0184,3,0,5.2
1,70.50352,0,0,0,330.0184,3,0,5.2
1,70.51189,0,0,0,330.0184,3,0,5.2
1,70.5218,0,0,0,330.0184,3,0,5.2
1,70.52934,0,0,0,330.0184,3,0,5.2
1,70.53815,0,0,0,330.0184,3,0,5.2
1,70.54599,0,0,0,330.0184,3,0,5.2
1,70.55525,0,0,0,330.0184,3,0,5.2
1,70.56516,0,0,0,330.0184,3,0,5.2
1,70.5737,0,0,0,330.0184,3,0,5.2
1,70.58215,0,0,0,330.0184,3,0,5.2
1,70.59126,0,0,0,330.0184,3,0,5.2
1,70.60062,0,0,0,330.0184,3,0,5.2
1,70.60944,0,0,0,330.0184,3,0,5.2
1,70.61996,0,0,0,330.0184,3,0,5.2
1,70.62848,0,0,0,330.0184,3,0,5.2
1,70.63768,0,0,0,330.0184,3,0,5.2
1,70.6463,0,0,0,330.0184,3,0,5.2
1,70.65462,0,0,0,330.0184,3,0,5.2
1,70.6622,0,0,0,330.0184,3,0,5.2
1,70.67133,0,0,0,330.0184,3,0,5.2
1,70.67905,0,0,0,330.0184,3,0,5.2
1,70.68665,0,0,0,330.0184,3,0,5.2
1,70.69498,0,0,0,330.0184,3,0,5.2
1,70.70357,0,0,0,330.0184,3,0,5.2
1,70.71222,0,0,0,330.0184,3,0,5.2
1,70.72084,0,0,0,330.0184,3,0,5.2
1,70.72917,0,0,0,330.0184,3,0,5.2
1,70.73929,0,0,0,330.0184,3,0,5.2
1,70.7509,0,0,0,330.0184,3,0,5.2
1,70.76033,0,0,0,330.0184,3,0,5.2
1,70.76961,0,0,0,330.0184,3,0,5.2
1,70.78133,0,0,0,330.0184,3,0,5.2
1,70.79668,0,0,0,330.0184,3,0,5.2
1,70.80905,0,0,0,330.0184,3,0,5.2
1,70.82394,0,0,0,330.0184,3,0,5.2
1,70.83855,0,0,0,330.0184,3,0,5.2
1,70.85104,0,0,0,330.0184,3,0,5.2
1,70.86208,0,0,0,330.0184,3,0,5.2
1,70.87425,0,0,0,330.0184,3,0,5.2
1,70.88647,0,0,0,330.0184,3,0,5.2
1,70.89799,0,0,0,330.0184,3,0,5.2
1,70.91237,0,0,0,330.0184,3,0,5.2
1,70.92395,0,0,0,330.0184,3,0,5.2
1,70.93512,0,0,0,330.0184,3,0,5.2
1,70.94714,0,0,0,330.0184,3,0,5.2
1,70.95772,0,0,0,330.0184,3,0,5.2
1,70.9693,0,0,0,330.0184,3,0,5.2
1,70.98087,0,0,0,330.0184,3,0,5.2
1,70.99385,0,0,0,330.0184,3,0,5.2
1,71.00673,0,0,0,330.0184,3,0,5.2
1,71.01981,0,0,0,330.0184,3,0,5.2
1,71.03662,0,0,0,330.0184,3,0,5.2
1,71.05074,0,0,0,330.0184,3,0,5.2
1,71.06993,0,0,0,330.0184,3,0,5.2
1,71.08832,0,0,0,330.0184,3,0,5.2
1,71.10501,0,0,0,330.0184,3,0,5.2
1,71.11792,0,0,0,330.0184,3,0,5.2
1,71.13106,0,0,0,330.0184,3,0,5.2
1,71.14713,0,0,0,330.0184,3,0,5.2
1,71.16185,0,0,0,330.0184,3,0,5.2
1,71.17424,0,0,0,330.0184,3,0,5.2
1,71.18565,0,0,0,330.0184,3,0,5.2
1,71.2039,0,0,0,330.0184,3,0,5.2
1,71.22672,0,0,0,330.0184,3,0,5.2
1,71.2413,0,0,0,330.0184,3,0,5.2
1,71.25691,0,0,0,330.0184,3,0,5.2
1,71.26979,0,0,0,330.0184,3,0,5.2
1,71.28493,0,0,0,330.0184,3,0,5.2
1,71.2972,0,0,0,330.0184,3,0,5.2
1,71.31033,0,0,0,330.0184,3,0,5.2
1,71.32361,0,0,0,330.0184,3,0,5.2
1,71.33618,0,0,0,330.0184,3,0,5.2
1,71.35011,0,0,0,330.0184,3,0,5.2
1,71.36635,0,0,0,330.0184,3,0,5.2
1,71.38237,0,0,0,330.0184,3,0,5.2
1,71.39931,0,0,0,330.0184,3,0,5.2
1,71.41699,0,0,0,330.0184,3,0,5.2
1,71.43027,0,0,0,330.0184,3,0,5.2
1,71.44334,0,0,0,330.0184,3,0,5.2
1,71.45259,0,0,0,330.0184,3,0,5.2
1,71.46283,0,0,0,330.0184,3,0,5.2
1,71.47455,0,0,0,330.0184,3,0,5.2
1,71.48393,0,0,0,330.0184,3,0,5.2
1,71.49294,0,0,0,330.0184,3,0,5.2
1,71.50336,0,0,0,330.0184,3,0,5.2
1,71.51588,0,0,0,330.0184,3,0,5.2
1,71.52823,0,0,0,330.0184,3,0,5.2
1,71.53809,0,0,0,330.0184,3,0,5.2
1,71.54861,0,0,0,330.0184,3,0,5.2
1,71.55666,0,0,0,330.0184,3,0,5.2
1,71.56462,0,0,0,330.0184,3,0,5.2
1,71.5737,0,0,0,330.0184,3,0,5.2
1,71.58801,0,0,0,330.0184,3,0,5.2
1,71.60309,0,0,0,330.0184,3,0,5.2
1,71.61525,0,0,0,330.0184,3,0,5.2
1,71.63057,0,0,0,330.0184,3,0,5.2
1,71.64284,0,0,0,330.0184,3,0,5.2
1,71.65306,0,0,0,330.0184,3,0,5.2
1,71.66341,0,0,0,330.0184,3,0,5.2
1,71.6713,0,0,0,330.0184,3,0,5.2
1,71.67992,0,0,0,330.0184,3,0,5.2
1,71.6877,0,0,0,330.0184,3,0,5.2
1,71.69748,0,0,0,330.0184,3,0,5.2
1,71.71494,0,0,0,330.0184,3,0,5.2
1,71.72852,0,0,0,330.0184,3,0,5.2
1,71.73875,0,0,0,330.0184,3,0,5.2
1,71.74921,0,0,0,330.0184,3,0,5.2
1,71.76115,0,0,0,330.0184,3,0,5.2
1,71.7715,0,0,0,330.0184,3,0,5.2
1,71.7813,0,0,0,330.0184,3,0,5.2
1,71.79131,0,0,0,330.0184,3,0,5.2
1,71.79951,0,0,0,330.0184,3,0,5.2
1,71.80933,0,0,0,330.0184,3,0,5.2
1,71.81944,0,0,0,330.0184,3,0,5.2
1,71.8291,0,0,0,330.0184,3,0,5.2
1,71.83986,0,0,0,330.0184,3,0,5.2
1,71.85097,0,0,0,330.0184,3,0,5.2
1,71.86038,0,0,0,330.0184,3,0,5.2
1,71.87015,0,0,0,330.0184,3,0,5.2
1,71.88084,0,0,0,330.0184,3,0,5.2
1,71.89046,0,0,0,330.0184,3,0,5.2
1,71.89981,0,0,0,330.0184,3,0,5.2
1,71.90939,0,0,0,330.0184,3,0,5.2
1,71.92088,0,0,0,330.0184,3,0,5.2
1,71.93048,0,0,0,330.0184,3,0,5.2
1,71.93938,0,0,0,330.0184,3,0,5.2
1,71.94864,0,0,0,330.0184,3,0,5.2
1,71.9581,0,0,0,330.0184,3,0,5.2
1,71.97787,0,0,0,330.0184,3,0,5.2
1,71.99068,0,0,0,330.0184,3,0,5.2
1,72.00737,0,0,0,330.0184,3,0,5.2
1,72.03038,0,0,0,330.0184,3,0,5.2
1,72.04709,0,0,0,330.0184,3,0,5.2
1,72.06097,0,0,0,330.0184,3,0,5.2
1,72.07391,0,0,0,330.0184,3,0,5.2
1,72.08482,0,0,0,330.0184,3,0,5.2
1,72.0972,0,0,0,330.0184,3,0,5.2
1,72.11438,0,0,0,330.0184,3,0,5.2
1,72.12741,0,0,0,330.0184,3,0,5.2
1,72.1423,0,0,0,330.0184,3,0,5.2
1,72.15773,0,0,0,330.0184,3,0,5.2
1,72.17746,0,0,0,330.0184,3,0,5.2
1,72.19009,0,0,0,330.0184,3,0,5.2
1,72.20308,0,0,0,330.0184,3,0,5.2
1,72.21745,0,0,0,330.0184,3,0,5.2
1,72.23582,0,0,0,330.0184,3,0,5.2
1,72.26152,0,0,0,330.0184,3,0,5.2
1,72.2773,0,0,0,330.0184,3,0,5.2
1,72.29225,0,0,0,330.0184,3,0,5.2
1,72.30638,0,0,0,330.0184,3,0,5.2
1,72.31706,0,0,0,330.0184,3,0,5.2
1,72.33165,0,0,0,330.0184,3,0,5.2
1,72.34247,0,0,0,330.0184,3,0,5.2
1,72.3576,0,0,0,330.0184,3,0,5.2
1,72.37161,0,0,0,330.0184,3,0,5.2
1,72.38516,0,0,0,330.0184,3,0,5.2
1,72.40356,0,0,0,330.0184,3,0,5.2
1,72.41705,0,0,0,330.0184,3,0,5.2
1,72.42827,0,0,0,330.0184,3,0,5.2
1,72.44598,0,0,0,330.0184,3,0,5.2
1,72.45743,0,0,0,330.0184,3,0,5.2
1,72.4689,0,0,0,330.0184,3,0,5.2
1,72.48309,0,0,0,330.0184,3,0,5.2
1,72.49721,0,0,0,330.0184,3,0,5.2
1,72.52084,0,0,0,330.0184,3,0,5.2
1,72.53563,0,0,0,330.0184,3,0,5.2
1,72.55574,0,0,0,330.0184,3,0,5.2
1,72.56979,0,0,0,330.0184,3,0,5.2
1,72.58667,0,0,0,330.0184,3,0,5.2
1,72.60201,0,0,0,330.0184,3,0,5.2
1,72.6156,0,0,0,330.0184,3,0,5.2
1,72.62976,0,0,0,330.0184,3,0,5.2
1,72.64223,0,0,0,330.0184,3,0,5.2
1,72.65221,0,0,0,330.0184,3,0,5.2
1,72.66188,0,0,0,330.0184,3,0,5.2
1,72.6718,0,0,0,330.0184,3,0,5.2
1,72.68224,0,0,0,330.0184,3,0,5.2
1,72.69118,0,0,0,330.0184,3,0,5.2
1,72.69957,0,0,0,330.0184,3,0,5.2
1,72.70929,0,0,0,330.0184,3,0,5.2
1,72.71812,0,0,0,330.0184,3,0,5.2
1,72.72716,0,0,0,330.0184,3,0,5.2
1,72.7352,0,0,0,330.0184,3,0,5.2
1,72.74237,0,0,0,330.0184,3,0,5.2
1,72.74988,0,0,0,330.0184,3,0,5.2
1,72.75693,0,0,0,330.0184,3,0,5.2
1,72.76416,0,0,0,330.0184,3,0,5.2
1,72.77185,0,0,0,330.0184,3,0,5.2
1,72.77974,0,0,0,330.0184,3,0,5.2
1,72.78754,0,0,0,330.0184,3,0,5.2
1,72.7955,0,0,0,330.0184,3,0,5.2
1,72.80359,0,0,0,330.0184,3,0,5.2
1,72.81061,0,0,0,330.0184,3,0,5.2
1,72.82001,0,0,0,330.0184,3,0,5.2
1,72.82797,0,0,0,330.0184,3,0,5.2
1,72.83774,0,0,0,330.0184,3,0,5.2
1,72.84599,0,0,0,330.0184,3,0,5.2
1,72.85429,0,0,0,330.0184,3,0,5.2
1,72.86304,0,0,0,330.0184,3,0,5.2
1,72.8727,0,0,0,330.0184,3,0,5.2
1,72.88113,0,0,0,330.0184,3,0,5.2
1,72.88795,0,0,0,330.0184,3,0,5.2
1,72.89534,0,0,0,330.0184,3,0,5.2
1,72.90309,0,0,0,330.0184,3,0,5.2
1,72.91049,0,0,0,330.0184,3,0,5.2
1,72.91867,0,0,0,330.0184,3,0,5.2
1,72.92738,0,0,0,330.0184,3,0,5.2
1,72.93596,0,0,0,330.0184,3,0,5.2
1,72.94408,0,0,0,330.0184,3,0,5.2
1,72.95189,0,0,0,330.0184,3,0,5.2
1,72.96013,0,0,0,330.0184,3,0,5.2
1,72.96765,0,0,0,330.0184,3,0,5.2
1,72.97484,0,0,0,330.0184,3,0,5.2
1,72.98311,0,0,0,330.0184,3,0,5.2
1,72.99086,0,0,0,330.0184,3,0,5.2
1,72.99826,0,0,0,330.0184,3,0,5.2
1,73.00655,0,0,0,330.0184,3,0,5.2
1,73.01505,0,0,0,330.0184,3,0,5.2
1,73.02415,0,0,0,330.0184,3,0,5.2
1,73.03249,0,0,0,330.0184,3,0,5.2
1,73.04135,0,0,0,330.0184,3,0,5.2
1,73.05161,0,0,0,330.0184,3,0,5.2
1,73.06003,0,0,0,330.0184,3,0,5.2
1,73.06786,0,0,0,330.0184,3,0,5.2
1,73.07497,0,0,0,330.0184,3,0,5.2
1,73.08284,0,0,0,330.0184,3,0,5.2
1,73.09013,0,0,0,330.0184,3,0,5.2
1,73.09706,0,0,0,330.0184,3,0,5.2
1,73.10387,0,0,0,330.0184,3,0,5.2
1,73.11029,0,0,0,330.0184,3,0,5.2
1,73.11812,0,0,0,330.0184,3,0,5.2
1,73.1256,0,0,0,330.0184,3,0,5.2
1,73.13365,0,0,0,330.0184,3,0,5.2
1,73.14116,0,0,0,330.0184,3,0,5.2
1,73.14915,0,0,0,330.0184,3,0,5.2
1,73.15659,0,0,0,330.0184,3,0,5.2
1,73.16444,0,0,0,330.0184,3,0,5.2
1,73.17354,0,0,0,330.0184,3,0,5.2
1,73.18478,0,0,0,330.0184,3,0,5.2
1,73.19434,0,0,0,330.0184,3,0,5.2
1,73.20532,0,0,0,330.0184,3,0,5.2
1,73.21611,0,0,0,330.0184,3,0,5.2
1,73.22507,0,0,0,330.0184,3,0,5.2
1,73.23389,0,0,0,330.0184,3,0,5.2
1,73.24226,0,0,0,330.0184,3,0,5.2
1,73.25342,0,0,0,330.0184,3,0,5.2
1,73.26442,0,0,0,330.0184,3,0,5.2
1,73.2755,0,0,0,330.0184,3,0,5.2
1,73.28586,0,0,0,330.0184,3,0,5.2
1,73.29668,0,0,0,330.0184,3,0,5.2
1,73.30626,0,0,0,330.0184,3,0,5.2
1,73.31711,0,0,0,330.0184,3,0,5.2
1,73.32648,0,0,0,330.0184,3,0,5.2
1,73.33704,0,0,0,330.0184,3,0,5.2
1,73.34708,0,0,0,330.0184,3,0,5.2
1,73.35724,0,0,0,330.0184,3,0,5.2
1,73.36841,0,0,0,330.0184,3,0,5.2
1,73.37929,0,0,0,330.0184,3,0,5.2
1,73.39182,0,0,0,330.0184,3,0,5.2
1,73.40338,0,0,0,330.0184,3,0,5.2
1,73.41487,0,0,0,330.0184,3,0,5.2
1,73.42532,0,0,0,330.0184,3,0,5.2
1,73.43634,0,0,0,330.0184,3,0,5.2
1,73.44753,0,0,0,330.0184,3,0,5.2
1,73.45888,0,0,0,330.0184,3,0,5.2
1,73.47667,0,0,0,330.0184,3,0,5.2
1,73.49702,0,0,0,330.0184,3,0,5.2
1,73.50775,0,0,0,330.0184,3,0,5.2
1,73.51811,0,0,0,330.0184,3,0,5.2
1,73.5289,0,0,0,330.0184,3,0,5.2
1,73.53931,0,0,0,330.0184,3,0,5.2
1,73.5488,0,0,0,330.0184,3,0,5.2
1,73.55974,0,0,0,330.0184,3,0,5.2
1,73.56941,0,0,0,330.0184,3,0,5.2
1,73.57936,0,0,0,330.0184,3,0,5.2
1,73.58986,0,0,0,330.0184,3,0,5.2
1,73.59933,0,0,0,330.0184,3,0,5.2
1,73.61024,0,0,0,330.0184,3,0,5.2
1,73.6237,0,0,0,330.0184,3,0,5.2
1,73.63596,0,0,0,330.0184,3,0,5.2
1,73.64702,0,0,0,330.0184,3,0,5.2
1,73.65985,0,0,0,330.0184,3,0,5.2
1,73.67197,0,0,0,330.0184,3,0,5.2
1,73.68382,0,0,0,330.0184,3,0,5.2
1,73.69414,0,0,0,330.0184,3,0,5.2
1,73.70317,0,0,0,330.0184,3,0,5.2
1,73.71362,0,0,0,330.0184,3,0,5.2
1,73.72569,0,0,0,330.0184,3,0,5.2
1,73.73669,0,0,0,330.0184,3,0,5.2
1,73.74829,0,0,0,330.0184,3,0,5.2
1,73.75873,0,0,0,330.0184,3,0,5.2
1,73.76898,0,0,0,330.0184,3,0,5.2
1,73.77844,0,0,0,330.0184,3,0,5.2
1,73.78796,0,0,0,330.0184,3,0,5.2
1,73.7966,0,0,0,330.0184,3,0,5.2
1,73.80537,0,0,0,330.0184,3,0,5.2
1,73.81377,0,0,0,330.0184,3,0,5.2
1,73.82138,0,0,0,330.0184,3,0,5.2
1,73.8297,0,0,0,330.0184,3,0,5.2
1,73.83823,0,0,0,330.0184,3,0,5.2
1,73.84541,0,0,0,330.0184,3,0,5.2
1,73.8531,0,0,0,330.0184,3,0,5.2
1,73.86096,0,0,0,330.0184,3,0,5.2
1,73.86993,0,0,0,330.0184,3,0,5.2
1,73.88007,0,0,0,330.0184,3,0,5.2
1,73.88872,0,0,0,330.0184,3,0,5.2
1,73.89851,0,0,0,330.0184,3,0,5.2
1,73.9068,0,0,0,330.0184,3,0,5.2
1,73.91545,0,0,0,330.0184,3,0,5.2
1,73.92357,0,0,0,330.0184,3,0,5.2
1,73.93127,0,0,0,330.0184,3,0,5.2
1,73.93892,0,0,0,330.0184,3,0,5.2
1,73.94772,0,0,0,330.0184,3,0,5.2
1,73.95657,0,0,0,330.0184,3,0,5.2
1,73.96526,0,0,0,330.0184,3,0,5.2
1,73.9742,0,0,0,330.0184,3,0,5.2
1,73.98273,0,0,0,330.0184,3,0,5.2
1,73.99142,0,0,0,330.0184,3,0,5.2
1,73.99854,0,0,0,330.0184,3,0,5.2
1,74.00627,0,0,0,330.0184,3,0,5.2
1,74.01421,0,0,0,330.0184,3,0,5.2
1,74.0217,0,0,0,330.0184,3,0,5.2
1,74.03014,0,0,0,330.0184,3,0,5.2
1,74.03812,0,0,0,330.0184,3,0,5.2
1,74.04616,0,0,0,330.0184,3,0,5.2
1,74.05492,0,0,0,330.0184,3,0,5.2
1,74.06436,0,0,0,330.0184,3,0,5.2
1,74.07391,0,0,0,330.0184,3,0,5.2
1,74.08211,0,0,0,330.0184,3,0,5.2
1,74.0901,0,0,0,330.0184,3,0,5.2
1,74.09822,0,0,0,330.0184,3,0,5.2
1,74.10632,0,0,0,330.0184,3,0,5.2
1,74.11427,0,0,0,330.0184,3,0,5.2
1,74.12238,0,0,0,330.0184,3,0,5.2
1,74.13048,0,0,0,330.0184,3,0,5.2
1,74.13826,0,0,0,330.0184,3,0,5.2
1,74.14772,0,0,0,330.0184,3,0,5.2
1,74.15479,0,0,0,330.0184,3,0,5.2
1,74.16261,0,0,0,330.0184,3,0,5.2
1,74.16997,0,0,0,330.0184,3,0,5.2
1,74.17815,0,0,0,330.0184,3,0,5.2
1,74.18552,0,0,0,330.0184,3,0,5.2
1,74.19325,0,0,0,330.0184,3,0,5.2
1,74.20131,0,0,0,330.0184,3,0,5.2
1,74.20993,0,0,0,330.0184,3,0,5.2
1,74.21674,0,0,0,330.0184,3,0,5.2
1,74.22453,0,0,0,330.0184,3,0,5.2
1,74.23146,0,0,0,330.0184,3,0,5.2
1,74.2384,0,0,0,330.0184,3,0,5.2
1,74.24634,0,0,0,330.0184,3,0,5.2
1,74.2541,0,0,0,330.0184,3,0,5.2
1,74.26378,0,0,0,330.0184,3,0,5.2
1,74.27252,0,0,0,330.0184,3,0,5.2
1,74.28185,0,0,0,330.0184,3,0,5.2
1,74.29121,0,0,0,330.0184,3,0,5.2
1,74.29887,0,0,0,330.0184,3,0,5.2
1,74.30801,0,0,0,330.0184,3,0,5.2
1,74.31763,0,0,0,330.0184,3,0,5.2
1,74.32611,0,0,0,330.0184,3,0,5.2
1,74.33595,0,0,0,330.0184,3,0,5.2
1,74.34647,0,0,0,330.0184,3,0,5.2
1,74.3564,0,0,0,330.0184,3,0,5.2
1,74.36621,0,0,0,330.0184,3,0,5.2
1,74.37755,0,0,0,330.0184,3,0,5.2
1,74.38608,0,0,0,330.0184,3,0,5.2
1,74.39545,0,0,0,330.0184,3,0,5.2
1,74.40521,0,0,0,330.0184,3,0,5.2
1,74.41521,0,0,0,330.0184,3,0,5.2
1,74.42503,0,0,0,330.0184,3,0,5.2
1,74.43674,0,0,0,330.0184,3,0,5.2
1,74.44765,0,0,0,330.0184,3,0,5.2
1,74.4583,0,0,0,330.0184,3,0,5.2
1,74.4691,0,0,0,330.0184,3,0,5.2
1,74.48039,0,0,0,330.0184,3,0,5.2
1,74.49068,0,0,0,330.0184,3,0,5.2
1,74.50105,0,0,0,330.0184,3,0,5.2
1,74.51242,0,0,0,330.0184,3,0,5.2
1,74.52335,0,0,0,330.0184,3,0,5.2
1,74.53435,0,0,0,330.0184,3,0,5.2
1,74.54549,0,0,0,330.0184,3,0,5.2
1,74.55763,0,0,0,330.0184,3,0,5.2
1,74.56906,0,0,0,330.0184,3,0,5.2
1,74.58159,0,0,0,330.0184,3,0,5.2
1,74.59279,0,0,0,330.0184,3,0,5.2
1,74.60294,0,0,0,330.0184,3,0,5.2
1,74.61276,0,0,0,330.0184,3,0,5.2
1,74.62253,0,0,0,330.0184,3,0,5.2
1,74.6338,0,0,0,330.0184,3,0,5.2
1,74.64391,0,0,0,330.0184,3,0,5.2
1,74.65527,0,0,0,330.0184,3,0,5.2
1,74.66786,0,0,0,330.0184,3,0,5.2
1,74.68083,0,0,0,330.0184,3,0,5.2
1,74.69214,0,0,0,330.0184,3,0,5.2
1,74.70232,0,0,0,330.0184,3,0,5.2
1,74.7119,0,0,0,330.0184,3,0,5.2
1,74.72002,0,0,0,330.0184,3,0,5.2
1,74.72905,0,0,0,330.0184,3,0,5.2
1,74.73869,0,0,0,330.0184,3,0,5.2
1,74.75197,0,0,0,330.0184,3,0,5.2
1,74.76262,0,0,0,330.0184,3,0,5.2
1,74.77415,0,0,0,330.0184,3,0,5.2
1,74.78508,0,0,0,330.0184,3,0,5.2
1,74.79814,0,0,0,330.0184,3,0,5.2
1,74.80849,0,0,0,330.0184,3,0,5.2
1,74.81963,0,0,0,330.0184,3,0,5.2
1,74.83318,0,0,0,330.0184,3,0,5.2
1,74.84474,0,0,0,330.0184,3,0,5.2
1,74.85822,0,0,0,330.0184,3,0,5.2
1,74.87044,0,0,0,330.0184,3,0,5.2
1,74.88104,0,0,0,330.0184,3,0,5.2
1,74.89273,0,0,0,330.0184,3,0,5.2
1,74.90433,0,0,0,330.0184,3,0,5.2
1,74.91539,0,0,0,330.0184,3,0,5.2
1,74.92497,0,0,0,330.0184,3,0,5.2
1,74.93367,0,0,0,330.0184,3,0,5.2
1,74.94196,0,0,0,330.0184,3,0,5.2
1,74.95026,0,0,0,330.0184,3,0,5.2
1,74.95918,0,0,0,330.0184,3,0,5.2
1,74.96855,0,0,0,330.0184,3,0,5.2
1,74.97638,0,0,0,330.0184,3,0,5.2
1,74.98386,0,0,0,330.0184,3,0,5.2
1,74.99312,0,0,0,330.0184,3,0,5.2
1,75.00124,0,0,0,330.0184,3,0,5.2
1,75.00888,0,0,0,330.0184,3,0,5.2
1,75.0166,0,0,0,330.0184,3,0,5.2
1,75.02547,0,0,0,330.0184,3,0,5.2
1,75.03398,0,0,0,330.0184,3,0,5.2
1,75.04366,0,0,0,330.0184,3,0,5.2
1,75.05328,0,0,0,330.0184,3,0,5.2
1,75.06219,0,0,0,330.0184,3,0,5.2
1,75.07271,0,0,0,330.0184,3,0,5.2
1,75.08217,0,0,0,330.0184,3,0,5.2
1,75.09088,0,0,0,330.0184,3,0,5.2
1,75.09953,0,0,0,330.0184,3,0,5.2
1,75.10954,0,0,0,330.0184,3,0,5.2
1,75.11958,0,0,0,330.0184,3,0,5.2
1,75.12811,0,0,0,330.0184,3,0,5.2
1,75.13811,0,0,0,330.0184,3,0,5.2
1,75.14708,0,0,0,330.0184,3,0,5.2
1,75.15512,0,0,0,330.0184,3,0,5.2
1,75.16391,0,0,0,330.0184,3,0,5.2
1,75.17174,0,0,0,330.0184,3,0,5.2
1,75.17979,0,0,0,330.0184,3,0,5.2
1,75.18741,0,0,0,330.0184,3,0,5.2
1,75.19589,0,0,0,330.0184,3,0,5.2
1,75.20355,0,0,0,330.0184,3,0,5.2
1,75.21187,0,0,0,330.0184,3,0,5.2
1,75.21884,0,0,0,330.0184,3,0,5.2
1,75.22607,0,0,0,330.0184,3,0,5.2
1,75.23277,0,0,0,330.0184,3,0,5.2
1,75.24017,0,0,0,330.0184,3,0,5.2
1,75.24814,0,0,0,330.0184,3,0,5.2
1,75.2583,0,0,0,330.0184,3,0,5.2
1,75.2657,0,0,0,330.0184,3,0,5.2
1,75.27515,0,0,0,330.0184,3,0,5.2
1,75.28308,0,0,0,330.0184,3,0,5.2
1,75.29129,0,0,0,330.0184,3,0,5.2
1,75.29874,0,0,0,330.0184,3,0,5.2
1,75.30614,0,0,0,330.0184,3,0,5.2
1,75.31293,0,0,0,330.0184,3,0,5.2
1,75.3205,0,0,0,330.0184,3,0,5.2
1,75.32703,0,0,0,330.0184,3,0,5.2
1,75.33496,0,0,0,330.0184,3,0,5.2
1,75.34146,0,0,0,330.0184,3,0,5.2
1,75.34946,0,0,0,330.0184,3,0,5.2
1,75.3562,0,0,0,330.0184,3,0,5.2
1,75.36392,0,0,0,330.0184,3,0,5.2
1,75.37158,0,0,0,330.0184,3,0,5.2
1,75.37869,0,0,0,330.0184,3,0,5.2
1,75.38602,0,0,0,330.0184,3,0,5.2
1,75.4035,0,0,0,330.0184,3,0,5.2
1,75.41185,0,0,0,330.0184,3,0,5.2
1,75.41928,0,0,0,330.0184,3,0,5.2
1,75.42801,0,0,0,330.0184,3,0,5.2
1,75.43719,0,0,0,330.0184,3,0,5.2
1,75.44606,0,0,0,330.0184,3,0,5.2
1,75.45464,0,0,0,330.0184,3,0,5.2
1,75.46385,0,0,0,330.0184,3,0,5.2
1,75.47282,0,0,0,330.0184,3,0,5.2
1,75.48091,0,0,0,330.0184,3,0,5.2
1,75.49184,0,0,0,330.0184,3,0,5.2
1,75.50163,0,0,0,330.0184,3,0,5.2
1,75.51222,0,0,0,330.0184,3,0,5.2
1,75.52364,0,0,0,330.0184,3,0,5.2
1,75.53552,0,0,0,330.0184,3,0,5.2
1,75.54584,0,0,0,330.0184,3,0,5.2
1,75.55779,0,0,0,330.0184,3,0,5.2
1,75.56897,0,0,0,330.0184,3,0,5.2
1,75.57669,0,0,0,330.0184,3,0,5.2
1,75.58574,0,0,0,330.0184,3,0,5.2
1,75.5945,0,0,0,330.0184,3,0,5.2
1,75.60503,0,0,0,330.0184,3,0,5.2
1,75.61497,0,0,0,330.0184,3,0,5.2
1,75.62486,0,0,0,330.0184,3,0,5.2
1,75.63802,0,0,0,330.0184,3,0,5.2
1,75.65128,0,0,0,330.0184,3,0,5.2
1,75.662,0,0,0,330.0184,3,0,5.2
1,75.67445,0,0,0,330.0184,3,0,5.2
1,75.68552,0,0,0,330.0184,3,0,5.2
1,75.69806,0,0,0,330.0184,3,0,5.2
1,75.7135,0,0,0,330.0184,3,0,5.2
1,75.72597,0,0,0,330.0184,3,0,5.2
1,75.73871,0,0,0,330.0184,3,0,5.2
1,75.74921,0,0,0,330.0184,3,0,5.2
1,75.76138,0,0,0,330.0184,3,0,5.2
1,75.7738,0,0,0,330.0184,3,0,5.2
1,75.78471,0,0,0,330.0184,3,0,5.2
1,75.79521,0,0,0,330.0184,3,0,5.2
1,75.80566,0,0,0,330.0184,3,0,5.2
1,75.81566,0,0,0,330.0184,3,0,5.2
1,75.82712,0,0,0,330.0184,3,0,5.2
1,75.83775,0,0,0,330.0184,3,0,5.2
1,75.84726,0,0,0,330.0184,3,0,5.2
1,75.85799,0,0,0,330.0184,3,0,5.2
1,75.86809,0,0,0,330.0184,3,0,5.2
1,75.87871,0,0,0,330.0184,3,0,5.2
1,75.88811,0,0,0,330.0184,3,0,5.2
1,75.89954,0,0,0,330.0184,3,0,5.2
1,75.91025,0,0,0,330.0184,3,0,5.2
1,75.92107,0,0,0,330.0184,3,0,5.2
1,75.93358,0,0,0,330.0184,3,0,5.2
1,75.94423,0,0,0,330.0184,3,0,5.2
1,75.95442,0,0,0,330.0184,3,0,5.2
1,75.96489,0,0,0,330.0184,3,0,5.2
1,75.97606,0,0,0,330.0184,3,0,5.2
1,75.98798,0,0,0,330.0184,3,0,5.2
1,75.99968,0,0,0,330.0184,3,0,5.2
1,76.01138,0,0,0,330.0184,3,0,5.2
1,76.02339,0,0,0,330.0184,3,0,5.2
1,76.036,0,0,0,330.0184,3,0,5.2
1,76.04944,0,0,0,330.0184,3,0,5.2
1,76.06047,0,0,0,330.0184,3,0,5.2
1,76.07336,0,0,0,330.0184,3,0,5.2
1,76.08482,0,0,0,330.0184,3,0,5.2
1,76.09654,0,0,0,330.0184,3,0,5.2
1,76.11372,0,0,0,330.0184,3,0,5.2
1,76.12485,0,0,0,330.0184,3,0,5.2
1,76.13643,0,0,0,330.0184,3,0,5.2
1,76.14674,0,0,0,330.0184,3,0,5.2
1,76.15669,0,0,0,330.0184,3,0,5.2
1,76.16817,0,0,0,330.0184,3,0,5.2
1,76.1767,0,0,0,330.0184,3,0,5.2
1,76.18532,0,0,0,330.0184,3,0,5.2
1,76.19336,0,0,0,330.0184,3,0,5.2
1,76.20107,0,0,0,330.0184,3,0,5.2
1,76.20958,0,0,0,330.0184,3,0,5.2
1,76.21873,0,0,0,330.0184,3,0,5.2
1,76.22649,0,0,0,330.0184,3,0,5.2
1,76.23387,0,0,0,330.0184,3,0,5.2
1,76.24139,0,0,0,330.0184,3,0,5.2
1,76.24927,0,0,0,330.0184,3,0,5.2
1,76.25752,0,0,0,330.0184,3,0,5.2
1,76.26468,0,0,0,330.0184,3,0,5.2
1,76.2739,0,0,0,330.0184,3,0,5.2
1,76.28108,0,0,0,330.0184,3,0,5.2
1,76.28836,0,0,0,330.0184,3,0,5.2
1,76.29535,0,0,0,330.0184,3,0,5.2
1,76.30305,0,0,0,330.0184,3,0,5.2
1,76.31033,0,0,0,330.0184,3,0,5.2
1,76.31847,0,0,0,330.0184,3,0,5.2
1,76.32549,0,0,0,330.0184,3,0,5.2
1,76.34264,0,0,0,330.0184,3,0,5.2
