Ans,timenow,HMD_rotation_x,HMD_rotation_y,HMD_rotation_z,heydegree,hey_position_x,hey_position_y,hey_position_z
0,0.02784371,0,0,0,270,0,0,0
0,0.04260468,0,0,0,270,0,0,0
0,0.7171357,0,0,0,270,0,0,0
0,0.7391913,0,0,0,270,0,0,0
0,0.7517776,0,0,0,270,0,0,0
0,0.7570341,0,0,0,270,0,0,0
0,0.7622378,0,0,0,270,0,0,0
0,0.7676899,0,0,0,270,0,0,0
0,0.7719202,0,0,0,270,0,0,0
0,0.7777243,0,0,0,270,0,0,0
0,0.782691,0,0,0,270,0,0,0
0,0.7887528,0,0,0,270,0,0,0
0,0.7936566,0,0,0,270,0,0,0
0,0.7985024,0,0,0,270,0,0,0
0,0.8037903,0,0,0,270,0,0,0
0,0.8087578,0,0,0,270,0,0,0
0,0.8130708,0,0,0,270,0,0,0
0,0.8173578,0,0,0,270,0,0,0
0,0.8220174,0,0,0,270,0,0,0
0,0.8266356,0,0,0,270,0,0,0
0,0.8312848,0,0,0,270,0,0,0
0,0.8352745,0,0,0,270,0,0,0
0,0.8997662,0,0,0,270,0,0,0
0,0.923213,0,0,0,270,0,0,0
0,0.9303503,0,0,0,270,0,0,0
0,0.9387546,0,0,0,270,0,0,0
0,0.9464374,0,0,0,270,0,0,0
0,0.9545786,0,0,0,270,0,0,0
0,0.9622912,0,0,0,270,0,0,0
0,0.9699237,0,0,0,270,0,0,0
0,0.9785066,0,0,0,270,0,0,0
0,0.9879122,0,0,0,270,0,0,0
0,0.9962087,0,0,0,270,0,0,0
0,1.005571,0,0,0,270,0,0,0
0,1.019367,0,0,0,270,0,0,0
0,1.034564,0,0,0,270,0,0,0
0,1.043519,0,0,0,270,0,0,0
0,1.051277,0,0,0,270,0,0,0
0,1.059223,0,0,0,270,0,0,0
0,1.07716,0,0,0,270,0,0,0
0,1.084951,0,0,0,270,0,0,0
0,1.092968,0,0,0,270,0,0,0
0,1.101524,0,0,0,270,0,0,0
0,1.112658,0,0,0,270,0,0,0
0,1.121603,0,0,0,270,0,0,0
0,1.131423,0,0,0,270,0,0,0
0,1.141113,0,0,0,270,0,0,0
0,1.152291,0,0,0,270,0,0,0
0,1.162975,0,0,0,270,0,0,0
0,1.172083,0,0,0,270,0,0,0
0,1.18098,0,0,0,270,0,0,0
0,1.191112,0,0,0,270,0,0,0
0,1.201826,0,0,0,270,0,0,0
0,1.2122,0,0,0,270,0,0,0
0,1.223292,0,0,0,270,0,0,0
0,1.234711,0,0,0,270,0,0,0
0,1.244602,0,0,0,270,0,0,0
0,1.255994,0,0,0,270,0,0,0
0,1.276748,0,0,0,270,0,0,0
0,1.289114,0,0,0,270,0,0,0
0,1.301466,0,0,0,270,0,0,0
0,1.311862,0,0,0,270,0,0,0
0,1.321134,0,0,0,270,0,0,0
0,1.333663,0,0,0,270,0,0,0
0,1.344303,0,0,0,270,0,0,0
0,1.355015,0,0,0,270,0,0,0
0,1.367045,0,0,0,270,0,0,0
0,1.378759,0,0,0,270,0,0,0
0,1.389379,0,0,0,270,0,0,0
0,1.400302,0,0,0,270,0,0,0
0,1.41122,0,0,0,270,0,0,0
0,1.421758,0,0,0,270,0,0,0
0,1.434267,0,0,0,270,0,0,0
0,1.446638,0,0,0,270,0,0,0
0,1.457118,0,0,0,270,0,0,0
0,1.467629,0,0,0,270,0,0,0
0,1.476994,0,0,0,270,0,0,0
0,1.487535,0,0,0,270,0,0,0
0,1.495911,0,0,0,270,0,0,0
0,1.505426,0,0,0,270,0,0,0
0,1.515375,0,0,0,270,0,0,0
0,1.524502,0,0,0,270,0,0,0
0,1.534523,0,0,0,270,0,0,0
0,1.544237,0,0,0,270,0,0,0
0,1.554067,0,0,0,270,0,0,0
0,1.564669,0,0,0,270,0,0,0
0,1.57306,0,0,0,270,0,0,0
0,1.583968,0,0,0,270,0,0,0
0,1.594009,0,0,0,270,0,0,0
0,1.604221,0,0,0,270,0,0,0
0,1.616014,0,0,0,270,0,0,0
0,1.626902,0,0,0,270,0,0,0
0,1.635707,0,0,0,270,0,0,0
0,1.64486,0,0,0,270,0,0,0
0,1.653954,0,0,0,270,0,0,0
0,1.661479,0,0,0,270,0,0,0
0,1.671449,0,0,0,270,0,0,0
0,1.680884,0,0,0,270,0,0,0
0,1.691077,0,0,0,270,0,0,0
0,1.703945,0,0,0,270,0,0,0
0,1.71376,0,0,0,270,0,0,0
0,1.723759,0,0,0,270,0,0,0
0,1.734537,0,0,0,270,0,0,0
0,1.743453,0,0,0,270,0,0,0
0,1.751544,0,0,0,270,0,0,0
0,1.760571,0,0,0,270,0,0,0
0,1.769888,0,0,0,270,0,0,0
0,1.77975,0,0,0,270,0,0,0
0,1.788848,0,0,0,270,0,0,0
0,1.798386,0,0,0,270,0,0,0
0,1.806778,0,0,0,270,0,0,0
0,1.817907,0,0,0,270,0,0,0
0,1.82751,0,0,0,270,0,0,0
0,1.83734,0,0,0,270,0,0,0
0,1.847751,0,0,0,270,0,0,0
0,1.857514,0,0,0,270,0,0,0
0,1.866435,0,0,0,270,0,0,0
0,1.875561,0,0,0,270,0,0,0
0,1.88488,0,0,0,270,0,0,0
0,1.893361,0,0,0,270,0,0,0
0,1.903257,0,0,0,270,0,0,0
0,1.911187,0,0,0,270,0,0,0
0,1.919299,0,0,0,270,0,0,0
0,1.928702,0,0,0,270,0,0,0
0,1.942006,0,0,0,270,0,0,0
0,1.952264,0,0,0,270,0,0,0
0,1.961299,0,0,0,270,0,0,0
0,1.970774,0,0,0,270,0,0,0
0,1.980708,0,0,0,270,0,0,0
0,1.989936,0,0,0,270,0,0,0
0,1.999578,0,0,0,270,0,0,0
0,2.00791,0,0,0,270,0,0,0
0,2.016841,0,0,0,270,0,0,0
0,2.025723,0,0,0,270,0,0,0
0,2.035601,0,0,0,270,0,0,0
0,2.048301,0,0,0,270,0,0,0
0,2.064705,0,0,0,270,0,0,0
0,2.07409,0,0,0,270,0,0,0
0,2.083121,0,0,0,270,0,0,0
0,2.093234,0,0,0,270,0,0,0
0,2.101858,0,0,0,270,0,0,0
0,2.109938,0,0,0,270,0,0,0
0,2.118495,0,0,0,270,0,0,0
0,2.129619,0,0,0,270,0,0,0
0,2.139651,0,0,0,270,0,0,0
0,2.1503,0,0,0,270,0,0,0
0,2.161613,0,0,0,270,0,0,0
0,2.171219,0,0,0,270,0,0,0
0,2.181165,0,0,0,270,0,0,0
0,2.191364,0,0,0,270,0,0,0
0,2.201468,0,0,0,270,0,0,0
0,2.210867,0,0,0,270,0,0,0
0,2.220898,0,0,0,270,0,0,0
0,2.229696,0,0,0,270,0,0,0
0,2.240053,0,0,0,270,0,0,0
0,2.249361,0,0,0,270,0,0,0
0,2.258277,0,0,0,270,0,0,0
0,2.266935,0,0,0,270,0,0,0
0,2.275879,0,0,0,270,0,0,0
0,2.284496,0,0,0,270,0,0,0
0,2.294653,0,0,0,270,0,0,0
0,2.303895,0,0,0,270,0,0,0
0,2.3142,0,0,0,270,0,0,0
0,2.323907,0,0,0,270,0,0,0
0,2.334079,0,0,0,270,0,0,0
0,2.34359,0,0,0,270,0,0,0
0,2.351533,0,0,0,270,0,0,0
0,2.3592,0,0,0,270,0,0,0
0,2.367664,0,0,0,270,0,0,0
0,2.376879,0,0,0,270,0,0,0
0,2.386753,0,0,0,270,0,0,0
0,2.395614,0,0,0,270,0,0,0
0,2.405667,0,0,0,270,0,0,0
0,2.413808,0,0,0,270,0,0,0
0,2.42169,0,0,0,270,0,0,0
0,2.428839,0,0,0,270,0,0,0
0,2.438447,0,0,0,270,0,0,0
0,2.44704,0,0,0,270,0,0,0
0,2.455055,0,0,0,270,0,0,0
0,2.462481,0,0,0,270,0,0,0
0,2.470441,0,0,0,270,0,0,0
0,2.478553,0,0,0,270,0,0,0
0,2.487206,0,0,0,270,0,0,0
0,2.494917,0,0,0,270,0,0,0
0,2.503266,0,0,0,270,0,0,0
0,2.511463,0,0,0,270,0,0,0
0,2.519823,0,0,0,270,0,0,0
0,2.527202,0,0,0,270,0,0,0
0,2.535653,0,0,0,270,0,0,0
0,2.549767,0,0,0,270,0,0,0
0,2.56001,0,0,0,270,0,0,0
0,2.568122,0,0,0,270,0,0,0
0,2.575964,0,0,0,270,0,0,0
0,2.584119,0,0,0,270,0,0,0
0,2.59195,0,0,0,270,0,0,0
0,2.600941,0,0,0,270,0,0,0
0,2.610958,0,0,0,270,0,0,0
0,2.620799,0,0,0,270,0,0,0
0,2.62966,0,0,0,270,0,0,0
0,2.639387,0,0,0,270,0,0,0
0,2.64956,0,0,0,270,0,0,0
0,2.658088,0,0,0,270,0,0,0
0,2.666131,0,0,0,270,0,0,0
0,2.674261,0,0,0,270,0,0,0
0,2.681987,0,0,0,270,0,0,0
0,2.690455,0,0,0,270,0,0,0
0,2.698421,0,0,0,270,0,0,0
0,2.707339,0,0,0,270,0,0,0
0,2.716418,0,0,0,270,0,0,0
0,2.725716,0,0,0,270,0,0,0
0,2.734117,0,0,0,270,0,0,0
0,2.743838,0,0,0,270,0,0,0
0,2.752024,0,0,0,270,0,0,0
0,2.761542,0,0,0,270,0,0,0
0,2.770351,0,0,0,270,0,0,0
0,2.778836,0,0,0,270,0,0,0
0,2.787221,0,0,0,270,0,0,0
0,2.795593,0,0,0,270,0,0,0
0,2.804484,0,0,0,270,0,0,0
0,2.814095,0,0,0,270,0,0,0
0,2.822659,0,0,0,270,0,0,0
0,2.830422,0,0,0,270,0,0,0
0,2.839208,0,0,0,270,0,0,0
0,2.847806,0,0,0,270,0,0,0
0,2.85663,0,0,0,270,0,0,0
0,2.864708,0,0,0,270,0,0,0
0,2.872795,0,0,0,270,0,0,0
0,2.882935,0,0,0,270,0,0,0
0,2.892325,0,0,0,270,0,0,0
0,2.901312,0,0,0,270,0,0,0
0,2.910874,0,0,0,270,0,0,0
0,2.918847,0,0,0,270,0,0,0
0,2.92707,0,0,0,270,0,0,0
0,2.935102,0,0,0,270,0,0,0
0,2.943486,0,0,0,270,0,0,0
0,2.95125,0,0,0,270,0,0,0
0,2.95934,0,0,0,270,0,0,0
0,2.967615,0,0,0,270,0,0,0
0,2.976349,0,0,0,270,0,0,0
0,2.983472,0,0,0,270,0,0,0
0,2.990847,0,0,0,270,0,0,0
0,2.999194,0,0,0,270,0,0,0
0,3.008939,0,0,0,270,0,0,0
0,3.017209,0,0,0,270,0,0,0
0,3.025781,0,0,0,270,0,0,0
0,3.03533,0,0,0,270,0,0,0
0,3.043761,0,0,0,270,0,0,0
0,3.051714,0,0,0,270,0,0,0
0,3.060279,0,0,0,270,0,0,0
0,3.068213,0,0,0,270,0,0,0
0,3.079419,0,0,0,270,0,0,0
0,3.096288,0,0,0,270,0,0,0
0,3.219588,0,0,0,270,0,0,0
0,3.232626,0,0,0,270,0,0,0
0,3.241204,0,0,0,270,0,0,0
0,3.253839,0,0,0,270,0,0,0
0,3.262287,0,0,0,270,0,0,0
0,3.271698,0,0,0,270,0,0,0
0,3.280461,0,0,0,270,0,0,0
0,3.288416,0,0,0,270,0,0,0
0,3.296709,0,0,0,270,0,0,0
0,3.305005,0,0,0,270,0,0,0
0,3.315732,0,0,0,270,0,0,0
0,3.325175,0,0,0,270,0,0,0
0,3.337129,0,0,0,270,0,0,0
0,3.348174,0,0,0,270,0,0,0
0,3.358424,0,0,0,270,0,0,0
0,3.366986,0,0,0,270,0,0,0
0,3.376289,0,0,0,270,0,0,0
0,3.384043,0,0,0,270,0,0,0
0,3.394407,0,0,0,270,0,0,0
0,3.405615,0,0,0,270,0,0,0
0,3.417932,0,0,0,270,0,0,0
0,3.429576,0,0,0,270,0,0,0
0,3.442038,0,0,0,270,0,0,0
0,3.453019,0,0,0,270,0,0,0
0,3.464245,0,0,0,270,0,0,0
0,3.47467,0,0,0,270,0,0,0
0,3.485829,0,0,0,270,0,0,0
0,3.495995,0,0,0,270,0,0,0
0,3.508147,0,0,0,270,0,0,0
0,3.518835,0,0,0,270,0,0,0
0,3.530634,0,0,0,270,0,0,0
0,3.541193,0,0,0,270,0,0,0
0,3.551254,0,0,0,270,0,0,0
0,3.562261,0,0,0,270,0,0,0
0,3.572906,0,0,0,270,0,0,0
0,3.584187,0,0,0,270,0,0,0
0,3.595941,0,0,0,270,0,0,0
0,3.607447,0,0,0,270,0,0,0
0,3.617377,0,0,0,270,0,0,0
0,3.628444,0,0,0,270,0,0,0
0,3.641139,0,0,0,270,0,0,0
0,3.651855,0,0,0,270,0,0,0
0,3.662224,0,0,0,270,0,0,0
0,3.672431,0,0,0,270,0,0,0
0,3.681971,0,0,0,270,0,0,0
0,3.691672,0,0,0,270,0,0,0
0,3.701587,0,0,0,270,0,0,0
0,3.712359,0,0,0,270,0,0,0
0,3.722064,0,0,0,270,0,0,0
0,3.731429,0,0,0,270,0,0,0
0,3.73968,0,0,0,270,0,0,0
0,3.749226,0,0,0,270,0,0,0
0,3.757607,0,0,0,270,0,0,0
0,3.767074,0,0,0,270,0,0,0
0,3.777198,0,0,0,270,0,0,0
0,3.785625,0,0,0,270,0,0,0
0,3.795492,0,0,0,270,0,0,0
0,3.80431,0,0,0,270,0,0,0
0,3.81362,0,0,0,270,0,0,0
0,3.822638,0,0,0,270,0,0,0
0,3.831462,0,0,0,270,0,0,0
0,3.840539,0,0,0,270,0,0,0
0,3.849262,0,0,0,270,0,0,0
0,3.85872,0,0,0,270,0,0,0
0,3.867281,0,0,0,270,0,0,0
0,3.876092,0,0,0,270,0,0,0
0,3.885032,0,0,0,270,0,0,0
0,3.89358,0,0,0,270,0,0,0
0,3.903885,0,0,0,270,0,0,0
0,3.914588,0,0,0,270,0,0,0
0,3.93357,0,0,0,270,0,0,0
0,3.943694,0,0,0,270,0,0,0
0,3.95192,0,0,0,270,0,0,0
0,3.962442,0,0,0,270,0,0,0
0,3.973168,0,0,0,270,0,0,0
0,3.983525,0,0,0,270,0,0,0
0,3.993401,0,0,0,270,0,0,0
0,4.004438,0,0,0,270,0,0,0
0,4.015304,0,0,0,270,0,0,0
0,4.026508,0,0,0,270,0,0,0
0,4.038147,0,0,0,270,0,0,0
0,4.04917,0,0,0,270,0,0,0
0,4.060908,0,0,0,270,0,0,0
0,4.070051,0,0,0,270,0,0,0
0,4.080278,0,0,0,270,0,0,0
0,4.090586,0,0,0,270,0,0,0
0,4.100921,0,0,0,270,0,0,0
0,4.115381,0,0,0,270,0,0,0
0,4.129639,0,0,0,270,0,0,0
0,4.140159,0,0,0,270,0,0,0
0,4.150971,0,0,0,270,0,0,0
0,4.162274,0,0,0,270,0,0,0
0,4.173967,0,0,0,270,0,0,0
0,4.183991,0,0,0,270,0,0,0
0,4.193058,0,0,0,270,0,0,0
0,4.204583,0,0,0,270,0,0,0
0,4.215928,0,0,0,270,0,0,0
0,4.22563,0,0,0,270,0,0,0
0,4.235278,0,0,0,270,0,0,0
0,4.24486,0,0,0,270,0,0,0
0,4.254257,0,0,0,270,0,0,0
0,4.263199,0,0,0,270,0,0,0
0,4.27164,0,0,0,270,0,0,0
0,4.282626,0,0,0,270,0,0,0
0,4.291984,0,0,0,270,0,0,0
0,4.30098,0,0,0,270,0,0,0
0,4.312244,0,0,0,270,0,0,0
0,4.321682,0,0,0,270,0,0,0
0,4.332505,0,0,0,270,0,0,0
0,4.344275,0,0,0,270,0,0,0
0,4.35357,0,0,0,270,0,0,0
0,4.362597,0,0,0,270,0,0,0
0,4.371722,0,0,0,270,0,0,0
0,4.380531,0,0,0,270,0,0,0
0,4.39043,0,0,0,270,0,0,0
0,4.40016,0,0,0,270,0,0,0
0,4.410088,0,0,0,270,0,0,0
0,4.420773,0,0,0,270,0,0,0
0,4.428803,0,0,0,270,0,0,0
0,4.438644,0,0,0,270,0,0,0
0,4.447315,0,0,0,270,0,0,0
0,4.456114,0,0,0,270,0,0,0
0,4.464964,0,0,0,270,0,0,0
0,4.474155,0,0,0,270,0,0,0
0,4.482873,0,0,0,270,0,0,0
0,4.491912,0,0,0,270,0,0,0
0,4.502322,0,0,0,270,0,0,0
0,4.510726,0,0,0,270,0,0,0
0,4.519749,0,0,0,270,0,0,0
0,4.529911,0,0,0,270,0,0,0
0,4.54102,0,0,0,270,0,0,0
0,4.550445,0,0,0,270,0,0,0
0,4.561427,0,0,0,270,0,0,0
0,4.572978,0,0,0,270,0,0,0
0,4.58319,0,0,0,270,0,0,0
0,4.595355,0,0,0,270,0,0,0
0,4.606929,0,0,0,270,0,0,0
0,4.623246,0,0,0,270,0,0,0
0,4.633737,0,0,0,270,0,0,0
0,4.644486,0,0,0,270,0,0,0
0,4.653989,0,0,0,270,0,0,0
0,4.664459,0,0,0,270,0,0,0
0,4.676239,0,0,0,270,0,0,0
0,4.685954,0,0,0,270,0,0,0
0,4.696534,0,0,0,270,0,0,0
0,4.706742,0,0,0,270,0,0,0
0,4.716292,0,0,0,270,0,0,0
0,4.726693,0,0,0,270,0,0,0
0,4.73763,0,0,0,270,0,0,0
0,4.746999,0,0,0,270,0,0,0
0,4.757669,0,0,0,270,0,0,0
0,4.769876,0,0,0,270,0,0,0
0,4.781502,0,0,0,270,0,0,0
0,4.792237,0,0,0,270,0,0,0
0,4.803962,0,0,0,270,0,0,0
0,4.814331,0,0,0,270,0,0,0
0,4.825089,0,0,0,270,0,0,0
0,4.834897,0,0,0,270,0,0,0
0,4.845692,0,0,0,270,0,0,0
0,4.855707,0,0,0,270,0,0,0
0,4.875228,0,0,0,270,0,0,0
0,4.886077,0,0,0,270,0,0,0
0,4.894771,0,0,0,270,0,0,0
0,4.904747,0,0,0,270,0,0,0
0,4.914579,0,0,0,270,0,0,0
0,4.924583,0,0,0,270,0,0,0
0,4.933265,0,0,0,270,0,0,0
0,4.942583,0,0,0,270,0,0,0
0,4.952496,0,0,0,270,0,0,0
0,4.962737,0,0,0,270,0,0,0
0,4.971738,0,0,0,270,0,0,0
0,4.982288,0,0,0,270,0,0,0
0,4.99093,0,0,0,270,0,0,0
0,5.000127,0,0,0,270,0,0,0
0,5.009336,0,0,0,270,0,0,0
0,5.018316,0,0,0,270,0,0,0
0,5.02786,0,0,0,270,0,0,0
0,5.036182,0,0,0,270,0,0,0
0,5.045479,0,0,0,270,0,0,0
0,5.054845,0,0,0,270,0,0,0
0,5.0645,0,0,0,270,0,0,0
0,5.072087,0,0,0,270,0,0,0
0,5.080945,0,0,0,270,0,0,0
0,5.090802,0,0,0,270,0,0,0
0,5.101957,0,0,0,270,0,0,0
0,5.113318,0,0,0,270,0,0,0
0,5.127,0,0,0,270,0,0,0
0,5.145971,0,0,0,270,0,0,0
0,5.171254,0,0,0,270,0,0,0
0,5.185855,0,0,0,270,0,0,0
0,5.200319,0,0,0,270,0,0,0
0,5.219242,0,0,0,270,0,0,0
0,5.236673,0,0,0,270,0,0,0
0,5.248458,0,0,0,270,0,0,0
0,5.263621,0,0,0,270,0,0,0
0,5.275477,0,0,0,270,0,0,0
0,5.289418,0,0,0,270,0,0,0
0,5.304187,0,0,0,270,0,0,0
0,5.315129,0,0,0,270,0,0,0
0,5.32641,0,0,0,270,0,0,0
0,5.336653,0,0,0,270,0,0,0
0,5.347608,0,0,0,270,0,0,0
0,5.366211,0,0,0,270,0,0,0
0,5.379158,0,0,0,270,0,0,0
0,5.38896,0,0,0,270,0,0,0
0,5.398127,0,0,0,270,0,0,0
0,5.406581,0,0,0,270,0,0,0
0,5.416462,0,0,0,270,0,0,0
0,5.426389,0,0,0,270,0,0,0
0,5.436037,0,0,0,270,0,0,0
0,5.445733,0,0,0,270,0,0,0
0,5.455613,0,0,0,270,0,0,0
0,5.466321,0,0,0,270,0,0,0
0,5.476147,0,0,0,270,0,0,0
0,5.485655,0,0,0,270,0,0,0
0,5.495376,0,0,0,270,0,0,0
0,5.506102,0,0,0,270,0,0,0
0,5.515938,0,0,0,270,0,0,0
0,5.527551,0,0,0,270,0,0,0
0,5.538328,0,0,0,270,0,0,0
0,5.548435,0,0,0,270,0,0,0
0,5.558801,0,0,0,270,0,0,0
0,5.567886,0,0,0,270,0,0,0
0,5.576045,0,0,0,270,0,0,0
0,5.583933,0,0,0,270,0,0,0
0,5.593426,0,0,0,270,0,0,0
0,5.604044,0,0,0,270,0,0,0
0,5.613696,0,0,0,270,0,0,0
0,5.624153,0,0,0,270,0,0,0
0,5.634911,0,0,0,270,0,0,0
0,5.643866,0,0,0,270,0,0,0
0,5.652534,0,0,0,270,0,0,0
0,5.662457,0,0,0,270,0,0,0
0,5.672662,0,0,0,270,0,0,0
0,5.682766,0,0,0,270,0,0,0
0,5.69333,0,0,0,270,0,0,0
0,5.703537,0,0,0,270,0,0,0
0,5.713631,0,0,0,270,0,0,0
0,5.725358,0,0,0,270,0,0,0
0,5.735874,0,0,0,270,0,0,0
0,5.74604,0,0,0,270,0,0,0
0,5.758456,0,0,0,270,0,0,0
0,5.773329,0,0,0,270,0,0,0
0,5.785107,0,0,0,270,0,0,0
0,5.795608,0,0,0,270,0,0,0
0,5.809732,0,0,0,270,0,0,0
0,5.822007,0,0,0,270,0,0,0
0,5.835436,0,0,0,270,0,0,0
0,5.850317,0,0,0,270,0,0,0
0,5.861219,0,0,0,270,0,0,0
0,5.875809,0,0,0,270,0,0,0
0,5.888597,0,0,0,270,0,0,0
0,5.90273,0,0,0,270,0,0,0
0,5.915635,0,0,0,270,0,0,0
0,5.926879,0,0,0,270,0,0,0
0,5.938242,0,0,0,270,0,0,0
0,5.949573,0,0,0,270,0,0,0
0,5.958817,0,0,0,270,0,0,0
0,5.969698,0,0,0,270,0,0,0
0,5.979187,0,0,0,270,0,0,0
0,5.988692,0,0,0,270,0,0,0
0,5.998816,0,0,0,270,0,0,0
0,6.008165,0,0,0,270,0,0,0
0,6.016987,0,0,0,270,0,0,0
0,6.027183,0,0,0,270,0,0,0
0,6.03716,0,0,0,270,0,0,0
0,6.046995,0,0,0,270,0,0,0
0,6.055397,0,0,0,270,0,0,0
0,6.066993,0,0,0,270,0,0,0
0,6.081687,0,0,0,270,0,0,0
0,6.091275,0,0,0,270,0,0,0
0,6.101164,0,0,0,270,0,0,0
0,6.109709,0,0,0,270,0,0,0
0,6.117946,0,0,0,270,0,0,0
0,6.126764,0,0,0,270,0,0,0
0,6.136353,0,0,0,270,0,0,0
0,6.145037,0,0,0,270,0,0,0
0,6.155488,0,0,0,270,0,0,0
0,6.167834,0,0,0,270,0,0,0
0,6.182173,0,0,0,270,0,0,0
0,6.195707,0,0,0,270,0,0,0
0,6.205527,0,0,0,270,0,0,0
0,6.214756,0,0,0,270,0,0,0
0,6.224054,0,0,0,270,0,0,0
0,6.233622,0,0,0,270,0,0,0
0,6.244967,0,0,0,270,0,0,0
0,6.25592,0,0,0,270,0,0,0
0,6.266328,0,0,0,270,0,0,0
0,6.275869,0,0,0,270,0,0,0
0,6.28716,0,0,0,270,0,0,0
0,6.296776,0,0,0,270,0,0,0
0,6.307572,0,0,0,270,0,0,0
0,6.320557,0,0,0,270,0,0,0
0,6.329611,0,0,0,270,0,0,0
0,6.342733,0,0,0,270,0,0,0
0,6.355703,0,0,0,270,0,0,0
0,6.367452,0,0,0,270,0,0,0
0,6.379861,0,0,0,270,0,0,0
0,6.391401,0,0,0,270,0,0,0
0,6.402479,0,0,0,270,0,0,0
0,6.413714,0,0,0,270,0,0,0
0,6.423687,0,0,0,270,0,0,0
0,6.435494,0,0,0,270,0,0,0
0,6.447671,0,0,0,270,0,0,0
0,6.458678,0,0,0,270,0,0,0
0,6.470566,0,0,0,270,0,0,0
0,6.48225,0,0,0,270,0,0,0
0,6.492779,0,0,0,270,0,0,0
0,6.502423,0,0,0,270,0,0,0
0,6.511771,0,0,0,270,0,0,0
0,6.520522,0,0,0,270,0,0,0
0,6.529577,0,0,0,270,0,0,0
0,6.53906,0,0,0,270,0,0,0
0,6.548297,0,0,0,270,0,0,0
0,6.557196,0,0,0,270,0,0,0
0,6.566648,0,0,0,270,0,0,0
0,6.577356,0,0,0,270,0,0,0
0,6.585714,0,0,0,270,0,0,0
0,6.595859,0,0,0,270,0,0,0
0,6.607647,0,0,0,270,0,0,0
0,6.623427,0,0,0,270,0,0,0
0,6.635427,0,0,0,270,0,0,0
0,6.644387,0,0,0,270,0,0,0
0,6.655217,0,0,0,270,0,0,0
0,6.666521,0,0,0,270,0,0,0
0,6.677273,0,0,0,270,0,0,0
0,6.688698,0,0,0,270,0,0,0
0,6.698136,0,0,0,270,0,0,0
0,6.706302,0,0,0,270,0,0,0
0,6.714408,0,0,0,270,0,0,0
0,6.723686,0,0,0,270,0,0,0
0,6.733944,0,0,0,270,0,0,0
0,6.7428,0,0,0,270,0,0,0
0,6.755016,0,0,0,270,0,0,0
0,6.765578,0,0,0,270,0,0,0
0,6.77463,0,0,0,270,0,0,0
0,6.794319,0,0,0,270,0,0,0
0,6.805738,0,0,0,270,0,0,0
0,6.817663,0,0,0,270,0,0,0
0,6.829046,0,0,0,270,0,0,0
0,6.840415,0,0,0,270,0,0,0
0,6.85191,0,0,0,270,0,0,0
0,6.864065,0,0,0,270,0,0,0
0,6.875089,0,0,0,270,0,0,0
0,6.887474,0,0,0,270,0,0,0
0,6.899035,0,0,0,270,0,0,0
0,6.910396,0,0,0,270,0,0,0
0,6.921788,0,0,0,270,0,0,0
0,6.933436,0,0,0,270,0,0,0
0,6.945035,0,0,0,270,0,0,0
0,6.955997,0,0,0,270,0,0,0
0,6.968234,0,0,0,270,0,0,0
0,6.979872,0,0,0,270,0,0,0
0,6.99137,0,0,0,270,0,0,0
0,7.002738,0,0,0,270,0,0,0
0,7.013758,0,0,0,270,0,0,0
0,7.02664,0,0,0,270,0,0,0
0,7.038455,0,0,0,270,0,0,0
0,7.051605,0,0,0,270,0,0,0
0,7.063125,0,0,0,270,0,0,0
0,7.073611,0,0,0,270,0,0,0
0,7.084383,0,0,0,270,0,0,0
0,7.094361,0,0,0,270,0,0,0
0,7.104572,0,0,0,270,0,0,0
0,7.116595,0,0,0,270,0,0,0
0,7.126977,0,0,0,270,0,0,0
0,7.136827,0,0,0,270,0,0,0
0,7.145826,0,0,0,270,0,0,0
0,7.156789,0,0,0,270,0,0,0
0,7.167075,0,0,0,270,0,0,0
0,7.180787,0,0,0,270,0,0,0
0,7.197459,0,0,0,270,0,0,0
0,7.212553,0,0,0,270,0,0,0
0,7.222799,0,0,0,270,0,0,0
0,7.234837,0,0,0,270,0,0,0
0,7.246136,0,0,0,270,0,0,0
0,7.256049,0,0,0,270,0,0,0
0,7.267864,0,0,0,270,0,0,0
0,7.278965,0,0,0,270,0,0,0
0,7.288162,0,0,0,270,0,0,0
0,7.298984,0,0,0,270,0,0,0
0,7.310179,0,0,0,270,0,0,0
0,7.321121,0,0,0,270,0,0,0
0,7.331533,0,0,0,270,0,0,0
0,7.340929,0,0,0,270,0,0,0
0,7.350618,0,0,0,270,0,0,0
0,7.360915,0,0,0,270,0,0,0
0,7.372394,0,0,0,270,0,0,0
0,7.385,0,0,0,270,0,0,0
0,7.398533,0,0,0,270,0,0,0
0,7.41067,0,0,0,270,0,0,0
0,7.423021,0,0,0,270,0,0,0
0,7.43524,0,0,0,270,0,0,0
0,7.447089,0,0,0,270,0,0,0
0,7.460053,0,0,0,270,0,0,0
0,7.471417,0,0,0,270,0,0,0
0,7.484573,0,0,0,270,0,0,0
0,7.49678,0,0,0,270,0,0,0
0,7.507065,0,0,0,270,0,0,0
0,7.519211,0,0,0,270,0,0,0
0,7.529328,0,0,0,270,0,0,0
0,7.540227,0,0,0,270,0,0,0
0,7.550306,0,0,0,270,0,0,0
0,7.564092,0,0,0,270,0,0,0
0,7.574939,0,0,0,270,0,0,0
0,7.586422,0,0,0,270,0,0,0
0,7.595284,0,0,0,270,0,0,0
0,7.607506,0,0,0,270,0,0,0
0,7.619853,0,0,0,270,0,0,0
0,7.629443,0,0,0,270,0,0,0
0,7.640388,0,0,0,270,0,0,0
0,7.649945,0,0,0,270,0,0,0
0,7.659319,0,0,0,270,0,0,0
0,7.668509,0,0,0,270,0,0,0
0,7.678075,0,0,0,270,0,0,0
0,7.687994,0,0,0,270,0,0,0
0,7.696671,0,0,0,270,0,0,0
0,7.707053,0,0,0,270,0,0,0
0,7.716601,0,0,0,270,0,0,0
0,7.725923,0,0,0,270,0,0,0
0,7.735597,0,0,0,270,0,0,0
0,7.745322,0,0,0,270,0,0,0
0,7.755168,0,0,0,270,0,0,0
0,7.76459,0,0,0,270,0,0,0
0,7.773508,0,0,0,270,0,0,0
0,7.782907,0,0,0,270,0,0,0
0,7.791567,0,0,0,270,0,0,0
0,7.802334,0,0,0,270,0,0,0
0,7.814058,0,0,0,270,0,0,0
0,7.824918,0,0,0,270,0,0,0
0,7.834416,0,0,0,270,0,0,0
0,7.84353,0,0,0,270,0,0,0
0,7.853418,0,0,0,270,0,0,0
0,7.861243,0,0,0,270,0,0,0
0,7.872107,0,0,0,270,0,0,0
0,7.882301,0,0,0,270,0,0,0
0,7.894319,0,0,0,270,0,0,0
0,7.905153,0,0,0,270,0,0,0
0,7.914837,0,0,0,270,0,0,0
0,7.92419,0,0,0,270,0,0,0
0,7.933564,0,0,0,270,0,0,0
0,7.943718,0,0,0,270,0,0,0
0,7.954804,0,0,0,270,0,0,0
0,7.965082,0,0,0,270,0,0,0
0,7.976778,0,0,0,270,0,0,0
0,7.987563,0,0,0,270,0,0,0
0,7.999463,0,0,0,270,0,0,0
0,8.011393,0,0,0,270,0,0,0
0,8.021616,0,0,0,270,0,0,0
0,8.0333,0,0,0,270,0,0,0
0,8.044577,0,0,0,270,0,0,0
0,8.054449,0,0,0,270,0,0,0
0,8.064323,0,0,0,270,0,0,0
0,8.074146,0,0,0,270,0,0,0
0,8.084177,0,0,0,270,0,0,0
0,8.094048,0,0,0,270,0,0,0
0,8.103493,0,0,0,270,0,0,0
0,8.114498,0,0,0,270,0,0,0
0,8.124016,0,0,0,270,0,0,0
0,8.134317,0,0,0,270,0,0,0
0,8.145105,0,0,0,270,0,0,0
0,8.156157,0,0,0,270,0,0,0
0,8.16761,0,0,0,270,0,0,0
0,8.180614,0,0,0,270,0,0,0
0,8.19231,0,0,0,270,0,0,0
0,8.202736,0,0,0,270,0,0,0
0,8.215593,0,0,0,270,0,0,0
0,8.229263,0,0,0,270,0,0,0
0,8.242798,0,0,0,270,0,0,0
0,8.252182,0,0,0,270,0,0,0
0,8.261156,0,0,0,270,0,0,0
0,8.274519,0,0,0,270,0,0,0
0,8.284412,0,0,0,270,0,0,0
0,8.294209,0,0,0,270,0,0,0
0,8.303448,0,0,0,270,0,0,0
0,8.313517,0,0,0,270,0,0,0
0,8.322275,0,0,0,270,0,0,0
0,8.332344,0,0,0,270,0,0,0
0,8.345211,0,0,0,270,0,0,0
0,8.354841,0,0,0,270,0,0,0
0,8.363588,0,0,0,270,0,0,0
0,8.372622,0,0,0,270,0,0,0
0,8.382433,0,0,0,270,0,0,0
0,8.393045,0,0,0,270,0,0,0
0,8.404203,0,0,0,270,0,0,0
0,8.413408,0,0,0,270,0,0,0
0,8.422743,0,0,0,270,0,0,0
0,8.431446,0,0,0,270,0,0,0
0,8.438673,0,0,0,270,0,0,0
0,8.449793,0,0,0,270,0,0,0
0,8.460308,0,0,0,270,0,0,0
0,8.472109,0,0,0,270,0,0,0
0,8.481136,0,0,0,270,0,0,0
0,8.490986,0,0,0,270,0,0,0
0,8.500299,0,0,0,270,0,0,0
0,8.509964,0,0,0,270,0,0,0
0,8.520912,0,0,0,270,0,0,0
0,8.531609,0,0,0,270,0,0,0
0,8.541203,0,0,0,270,0,0,0
0,8.552324,0,0,0,270,0,0,0
0,8.563835,0,0,0,270,0,0,0
0,8.574997,0,0,0,270,0,0,0
0,8.584557,0,0,0,270,0,0,0
0,8.595388,0,0,0,270,0,0,0
0,8.606228,0,0,0,270,0,0,0
0,8.618626,0,0,0,270,0,0,0
0,8.630022,0,0,0,270,0,0,0
0,8.642824,0,0,0,270,0,0,0
0,8.653879,0,0,0,270,0,0,0
0,8.665363,0,0,0,270,0,0,0
0,8.67663,0,0,0,270,0,0,0
0,8.686792,0,0,0,270,0,0,0
0,8.696743,0,0,0,270,0,0,0
0,8.707369,0,0,0,270,0,0,0
0,8.717419,0,0,0,270,0,0,0
0,8.728237,0,0,0,270,0,0,0
0,8.739578,0,0,0,270,0,0,0
0,8.751719,0,0,0,270,0,0,0
0,8.762459,0,0,0,270,0,0,0
0,8.774031,0,0,0,270,0,0,0
0,8.783646,0,0,0,270,0,0,0
0,8.793894,0,0,0,270,0,0,0
0,8.80303,0,0,0,270,0,0,0
0,8.812906,0,0,0,270,0,0,0
0,8.821993,0,0,0,270,0,0,0
0,8.833206,0,0,0,270,0,0,0
0,8.842644,0,0,0,270,0,0,0
0,8.853567,0,0,0,270,0,0,0
0,8.862795,0,0,0,270,0,0,0
0,8.873852,0,0,0,270,0,0,0
0,8.88423,0,0,0,270,0,0,0
0,8.89529,0,0,0,270,0,0,0
0,8.904966,0,0,0,270,0,0,0
0,8.913975,0,0,0,270,0,0,0
0,8.923828,0,0,0,270,0,0,0
0,8.932875,0,0,0,270,0,0,0
0,8.942822,0,0,0,270,0,0,0
0,8.95149,0,0,0,270,0,0,0
0,8.965597,0,0,0,270,0,0,0
0,8.97369,0,0,0,270,0,0,0
0,8.983547,0,0,0,270,0,0,0
0,8.992935,0,0,0,270,0,0,0
0,9.00259,0,0,0,270,0,0,0
0,9.013123,0,0,0,270,0,0,0
0,9.023054,0,0,0,270,0,0,0
0,9.033852,0,0,0,270,0,0,0
0,9.042751,0,0,0,270,0,0,0
0,9.051737,0,0,0,270,0,0,0
0,9.061041,0,0,0,270,0,0,0
0,9.072836,0,0,0,270,0,0,0
0,9.083822,0,0,0,270,0,0,0
0,9.094482,0,0,0,270,0,0,0
0,9.104069,0,0,0,270,0,0,0
0,9.115721,0,0,0,270,0,0,0
0,9.126692,0,0,0,270,0,0,0
0,9.136599,0,0,0,270,0,0,0
0,9.147087,0,0,0,270,0,0,0
0,9.158293,0,0,0,270,0,0,0
0,9.168652,0,0,0,270,0,0,0
0,9.180529,0,0,0,270,0,0,0
0,9.192236,0,0,0,270,0,0,0
0,9.203011,0,0,0,270,0,0,0
0,9.213461,0,0,0,270,0,0,0
0,9.224421,0,0,0,270,0,0,0
0,9.235416,0,0,0,270,0,0,0
0,9.249681,0,0,0,270,0,0,0
0,9.263672,0,0,0,270,0,0,0
0,9.275227,0,0,0,270,0,0,0
0,9.287321,0,0,0,270,0,0,0
0,9.298115,0,0,0,270,0,0,0
0,9.306669,0,0,0,270,0,0,0
0,9.317305,0,0,0,270,0,0,0
0,9.32893,0,0,0,270,0,0,0
0,9.341501,0,0,0,270,0,0,0
0,9.350927,0,0,0,270,0,0,0
0,9.361952,0,0,0,270,0,0,0
0,9.371641,0,0,0,270,0,0,0
0,9.381725,0,0,0,270,0,0,0
0,9.39156,0,0,0,270,0,0,0
0,9.400578,0,0,0,270,0,0,0
0,9.411823,0,0,0,270,0,0,0
0,9.42227,0,0,0,270,0,0,0
0,9.432056,0,0,0,270,0,0,0
0,9.440639,0,0,0,270,0,0,0
0,9.450369,0,0,0,270,0,0,0
0,9.459286,0,0,0,270,0,0,0
0,9.468519,0,0,0,270,0,0,0
0,9.478367,0,0,0,270,0,0,0
0,9.488426,0,0,0,270,0,0,0
0,9.498823,0,0,0,270,0,0,0
0,9.510328,0,0,0,270,0,0,0
0,9.520037,0,0,0,270,0,0,0
0,9.529484,0,0,0,270,0,0,0
0,9.537634,0,0,0,270,0,0,0
0,9.546806,0,0,0,270,0,0,0
0,9.555334,0,0,0,270,0,0,0
0,9.563553,0,0,0,270,0,0,0
0,9.572611,0,0,0,270,0,0,0
0,9.583336,0,0,0,270,0,0,0
0,9.595293,0,0,0,270,0,0,0
0,9.605782,0,0,0,270,0,0,0
0,9.616064,0,0,0,270,0,0,0
0,9.626455,0,0,0,270,0,0,0
0,9.636745,0,0,0,270,0,0,0
0,9.646828,0,0,0,270,0,0,0
0,9.658749,0,0,0,270,0,0,0
0,9.678278,0,0,0,270,0,0,0
0,9.690859,0,0,0,270,0,0,0
0,9.701468,0,0,0,270,0,0,0
0,9.711794,0,0,0,270,0,0,0
0,9.723822,0,0,0,270,0,0,0
0,9.73525,0,0,0,270,0,0,0
0,9.746801,0,0,0,270,0,0,0
0,9.757177,0,0,0,270,0,0,0
0,9.768248,0,0,0,270,0,0,0
0,9.779305,0,0,0,270,0,0,0
0,9.790432,0,0,0,270,0,0,0
0,9.80135,0,0,0,270,0,0,0
0,9.813198,0,0,0,270,0,0,0
0,9.823586,0,0,0,270,0,0,0
0,9.834146,0,0,0,270,0,0,0
0,9.845814,0,0,0,270,0,0,0
0,9.856239,0,0,0,270,0,0,0
0,9.866627,0,0,0,270,0,0,0
0,9.878553,0,0,0,270,0,0,0
0,9.890753,0,0,0,270,0,0,0
0,9.90132,0,0,0,270,0,0,0
0,9.910257,0,0,0,270,0,0,0
0,9.920713,0,0,0,270,0,0,0
0,9.929266,0,0,0,270,0,0,0
0,9.937695,0,0,0,270,0,0,0
0,9.948053,0,0,0,270,0,0,0
0,9.957409,0,0,0,270,0,0,0
0,9.96911,0,0,0,270,0,0,0
0,9.980206,0,0,0,270,0,0,0
0,9.988976,0,0,0,270,0,0,0
0,9.999083,0,0,0,270,0,0,0
0,10.00767,0,0,0,270,0,0,0
0,10.01769,0,0,0,270,0,0,0
0,10.02759,0,0,0,270,0,0,0
0,10.03638,0,0,0,270,0,0,0
0,10.04608,0,0,0,270,0,0,0
0,10.05565,0,0,0,270,0,0,0
0,10.06545,0,0,0,270,0,0,0
0,10.07584,0,0,0,270,0,0,0
0,10.08469,0,0,0,270,0,0,0
0,10.09575,0,0,0,270,0,0,0
0,10.10579,0,0,0,270,0,0,0
0,10.11463,0,0,0,270,0,0,0
0,10.12331,0,0,0,270,0,0,0
0,10.1314,0,0,0,270,0,0,0
0,10.14125,0,0,0,270,0,0,0
0,10.15071,0,0,0,270,0,0,0
0,10.16125,0,0,0,270,0,0,0
0,10.17188,0,0,0,270,0,0,0
0,10.18116,0,0,0,270,0,0,0
0,10.19007,0,0,0,270,0,0,0
0,10.199,0,0,0,270,0,0,0
0,10.20767,0,0,0,270,0,0,0
0,10.21964,0,0,0,270,0,0,0
0,10.23003,0,0,0,270,0,0,0
0,10.24085,0,0,0,270,0,0,0
0,10.25159,0,0,0,270,0,0,0
0,10.26314,0,0,0,270,0,0,0
0,10.27861,0,0,0,270,0,0,0
0,10.29257,0,0,0,270,0,0,0
0,10.30416,0,0,0,270,0,0,0
0,10.31585,0,0,0,270,0,0,0
0,10.32681,0,0,0,270,0,0,0
0,10.33819,0,0,0,270,0,0,0
0,10.34916,0,0,0,270,0,0,0
0,10.35957,0,0,0,270,0,0,0
0,10.36917,0,0,0,270,0,0,0
0,10.38064,0,0,0,270,0,0,0
0,10.39439,0,0,0,270,0,0,0
0,10.40445,0,0,0,270,0,0,0
0,10.41566,0,0,0,270,0,0,0
0,10.42651,0,0,0,270,0,0,0
0,10.43977,0,0,0,270,0,0,0
0,10.45329,0,0,0,270,0,0,0
0,10.46229,0,0,0,270,0,0,0
0,10.47256,0,0,0,270,0,0,0
0,10.4831,0,0,0,270,0,0,0
0,10.49245,0,0,0,270,0,0,0
0,10.50385,0,0,0,270,0,0,0
0,10.51501,0,0,0,270,0,0,0
0,10.52499,0,0,0,270,0,0,0
0,10.53716,0,0,0,270,0,0,0
0,10.5482,0,0,0,270,0,0,0
0,10.55669,0,0,0,270,0,0,0
0,10.5654,0,0,0,270,0,0,0
0,10.57426,0,0,0,270,0,0,0
0,10.58441,0,0,0,270,0,0,0
0,10.59504,0,0,0,270,0,0,0
0,10.60441,0,0,0,270,0,0,0
0,10.61524,0,0,0,270,0,0,0
0,10.62653,0,0,0,270,0,0,0
0,10.63741,0,0,0,270,0,0,0
0,10.64744,0,0,0,270,0,0,0
0,10.65862,0,0,0,270,0,0,0
0,10.66855,0,0,0,270,0,0,0
0,10.67822,0,0,0,270,0,0,0
0,10.68709,0,0,0,270,0,0,0
0,10.69542,0,0,0,270,0,0,0
0,10.70564,0,0,0,270,0,0,0
0,10.71619,0,0,0,270,0,0,0
0,10.72563,0,0,0,270,0,0,0
0,10.73759,0,0,0,270,0,0,0
0,10.74706,0,0,0,270,0,0,0
0,10.7559,0,0,0,270,0,0,0
0,10.76572,0,0,0,270,0,0,0
0,10.77672,0,0,0,270,0,0,0
0,10.78773,0,0,0,270,0,0,0
0,10.79929,0,0,0,270,0,0,0
0,10.81071,0,0,0,270,0,0,0
0,10.82057,0,0,0,270,0,0,0
0,10.83106,0,0,0,270,0,0,0
0,10.84268,0,0,0,270,0,0,0
0,10.85654,0,0,0,270,0,0,0
0,10.87756,0,0,0,270,0,0,0
0,10.89103,0,0,0,270,0,0,0
0,10.9007,0,0,0,270,0,0,0
0,10.91188,0,0,0,270,0,0,0
0,10.92332,0,0,0,270,0,0,0
0,10.93386,0,0,0,270,0,0,0
0,10.94505,0,0,0,270,0,0,0
0,10.95655,0,0,0,270,0,0,0
0,10.96704,0,0,0,270,0,0,0
0,10.97836,0,0,0,270,0,0,0
0,10.98885,0,0,0,270,0,0,0
0,10.99883,0,0,0,270,0,0,0
0,11.00793,0,0,0,270,0,0,0
0,11.01902,0,0,0,270,0,0,0
0,11.03112,0,0,0,270,0,0,0
0,11.04421,0,0,0,270,0,0,0
0,11.05483,0,0,0,270,0,0,0
0,11.06508,0,0,0,270,0,0,0
0,11.07399,0,0,0,270,0,0,0
0,11.08422,0,0,0,270,0,0,0
0,11.0942,0,0,0,270,0,0,0
0,11.10279,0,0,0,270,0,0,0
0,11.11343,0,0,0,270,0,0,0
0,11.12807,0,0,0,270,0,0,0
0,11.1378,0,0,0,270,0,0,0
0,11.14808,0,0,0,270,0,0,0
0,11.15874,0,0,0,270,0,0,0
0,11.16914,0,0,0,270,0,0,0
0,11.17983,0,0,0,270,0,0,0
0,11.18883,0,0,0,270,0,0,0
0,11.19692,0,0,0,270,0,0,0
0,11.20753,0,0,0,270,0,0,0
0,11.21793,0,0,0,270,0,0,0
0,11.22676,0,0,0,270,0,0,0
0,11.23549,0,0,0,270,0,0,0
0,11.24448,0,0,0,270,0,0,0
0,11.25242,0,0,0,270,0,0,0
0,11.26041,0,0,0,270,0,0,0
0,11.26876,0,0,0,270,0,0,0
0,11.27887,0,0,0,270,0,0,0
0,11.29009,0,0,0,270,0,0,0
0,11.30392,0,0,0,270,0,0,0
0,11.31798,0,0,0,270,0,0,0
0,11.3285,0,0,0,270,0,0,0
0,11.33786,0,0,0,270,0,0,0
0,11.34728,0,0,0,270,0,0,0
0,11.35785,0,0,0,270,0,0,0
0,11.36885,0,0,0,270,0,0,0
0,11.38013,0,0,0,270,0,0,0
0,11.39167,0,0,0,270,0,0,0
0,11.40383,0,0,0,270,0,0,0
0,11.41396,0,0,0,270,0,0,0
0,11.42531,0,0,0,270,0,0,0
0,11.43766,0,0,0,270,0,0,0
0,11.45066,0,0,0,270,0,0,0
0,11.46257,0,0,0,270,0,0,0
0,11.47385,0,0,0,270,0,0,0
0,11.48356,0,0,0,270,0,0,0
0,11.49454,0,0,0,270,0,0,0
0,11.50546,0,0,0,270,0,0,0
0,11.51621,0,0,0,270,0,0,0
0,11.52692,0,0,0,270,0,0,0
0,11.53849,0,0,0,270,0,0,0
0,11.55203,0,0,0,270,0,0,0
0,11.56317,0,0,0,270,0,0,0
0,11.57468,0,0,0,270,0,0,0
0,11.58458,0,0,0,270,0,0,0
0,11.5959,0,0,0,270,0,0,0
0,11.60777,0,0,0,270,0,0,0
0,11.61776,0,0,0,270,0,0,0
0,11.62797,0,0,0,270,0,0,0
0,11.63719,0,0,0,270,0,0,0
0,11.64654,0,0,0,270,0,0,0
0,11.65719,0,0,0,270,0,0,0
0,11.66822,0,0,0,270,0,0,0
0,11.6796,0,0,0,270,0,0,0
0,11.69031,0,0,0,270,0,0,0
0,11.69978,0,0,0,270,0,0,0
0,11.71114,0,0,0,270,0,0,0
0,11.72306,0,0,0,270,0,0,0
0,11.73374,0,0,0,270,0,0,0
0,11.74349,0,0,0,270,0,0,0
0,11.75497,0,0,0,270,0,0,0
0,11.76516,0,0,0,270,0,0,0
0,11.77612,0,0,0,270,0,0,0
0,11.78518,0,0,0,270,0,0,0
0,11.79609,0,0,0,270,0,0,0
0,11.80763,0,0,0,270,0,0,0
0,11.8172,0,0,0,270,0,0,0
0,11.82795,0,0,0,270,0,0,0
0,11.83668,0,0,0,270,0,0,0
0,11.8471,0,0,0,270,0,0,0
0,11.86713,0,0,0,270,0,0,0
0,11.88456,0,0,0,270,0,0,0
0,11.90057,0,0,0,270,0,0,0
0,11.91645,0,0,0,270,0,0,0
0,11.92789,0,0,0,270,0,0,0
0,11.94089,0,0,0,270,0,0,0
0,11.95251,0,0,0,270,0,0,0
0,11.96355,0,0,0,270,0,0,0
0,11.9747,0,0,0,270,0,0,0
0,11.98652,0,0,0,270,0,0,0
0,11.99902,0,0,0,270,0,0,0
0,12.0094,0,0,0,270,0,0,0
0,12.02066,0,0,0,270,0,0,0
0,12.03265,0,0,0,270,0,0,0
0,12.0439,0,0,0,270,0,0,0
0,12.05569,0,0,0,270,0,0,0
0,12.06756,0,0,0,270,0,0,0
0,12.08086,0,0,0,270,0,0,0
0,12.09345,0,0,0,270,0,0,0
0,12.10567,0,0,0,270,0,0,0
0,12.11746,0,0,0,270,0,0,0
0,12.13032,0,0,0,270,0,0,0
0,12.14202,0,0,0,270,0,0,0
0,12.15479,0,0,0,270,0,0,0
0,12.1677,0,0,0,270,0,0,0
0,12.1793,0,0,0,270,0,0,0
0,12.19183,0,0,0,270,0,0,0
0,12.20252,0,0,0,270,0,0,0
0,12.21367,0,0,0,270,0,0,0
0,12.22285,0,0,0,270,0,0,0
0,12.2332,0,0,0,270,0,0,0
0,12.24264,0,0,0,270,0,0,0
0,12.25339,0,0,0,270,0,0,0
0,12.26399,0,0,0,270,0,0,0
0,12.27417,0,0,0,270,0,0,0
0,12.28573,0,0,0,270,0,0,0
0,12.29655,0,0,0,270,0,0,0
0,12.30821,0,0,0,270,0,0,0
0,12.31898,0,0,0,270,0,0,0
0,12.33328,0,0,0,270,0,0,0
0,12.34786,0,0,0,270,0,0,0
0,12.35942,0,0,0,270,0,0,0
0,12.37047,0,0,0,270,0,0,0
0,12.38063,0,0,0,270,0,0,0
0,12.39202,0,0,0,270,0,0,0
0,12.40306,0,0,0,270,0,0,0
0,12.41423,0,0,0,270,0,0,0
0,12.42578,0,0,0,270,0,0,0
0,12.4381,0,0,0,270,0,0,0
0,12.45051,0,0,0,270,0,0,0
0,12.46179,0,0,0,270,0,0,0
0,12.47364,0,0,0,270,0,0,0
0,12.48349,0,0,0,270,0,0,0
0,12.49276,0,0,0,270,0,0,0
0,12.50339,0,0,0,270,0,0,0
0,12.51563,0,0,0,270,0,0,0
0,12.52753,0,0,0,270,0,0,0
0,12.5399,0,0,0,270,0,0,0
0,12.55175,0,0,0,270,0,0,0
0,12.56513,0,0,0,270,0,0,0
0,12.57878,0,0,0,270,0,0,0
0,12.59077,0,0,0,270,0,0,0
0,12.60174,0,0,0,270,0,0,0
0,12.61472,0,0,0,270,0,0,0
0,12.62854,0,0,0,270,0,0,0
0,12.63987,0,0,0,270,0,0,0
0,12.64957,0,0,0,270,0,0,0
0,12.65981,0,0,0,270,0,0,0
0,12.67426,0,0,0,270,0,0,0
0,12.68447,0,0,0,270,0,0,0
0,12.6956,0,0,0,270,0,0,0
0,12.70633,0,0,0,270,0,0,0
0,12.7169,0,0,0,270,0,0,0
0,12.72803,0,0,0,270,0,0,0
0,12.73959,0,0,0,270,0,0,0
0,12.75153,0,0,0,270,0,0,0
0,12.76272,0,0,0,270,0,0,0
0,12.77465,0,0,0,270,0,0,0
0,12.78576,0,0,0,270,0,0,0
0,12.79674,0,0,0,270,0,0,0
0,12.80638,0,0,0,270,0,0,0
0,12.81641,0,0,0,270,0,0,0
0,12.82585,0,0,0,270,0,0,0
0,12.83453,0,0,0,270,0,0,0
0,12.84422,0,0,0,270,0,0,0
0,12.8549,0,0,0,270,0,0,0
0,12.86468,0,0,0,270,0,0,0
0,12.8737,0,0,0,270,0,0,0
0,12.8829,0,0,0,270,0,0,0
0,12.89231,0,0,0,270,0,0,0
0,12.902,0,0,0,270,0,0,0
0,12.91219,0,0,0,270,0,0,0
0,12.92302,0,0,0,270,0,0,0
0,12.93472,0,0,0,270,0,0,0
0,12.94475,0,0,0,270,0,0,0
0,12.95453,0,0,0,270,0,0,0
0,12.96383,0,0,0,270,0,0,0
0,12.97389,0,0,0,270,0,0,0
0,12.98332,0,0,0,270,0,0,0
0,12.99253,0,0,0,270,0,0,0
0,13.00173,0,0,0,270,0,0,0
0,13.01192,0,0,0,270,0,0,0
0,13.02143,0,0,0,270,0,0,0
0,13.03169,0,0,0,270,0,0,0
0,13.04127,0,0,0,270,0,0,0
0,13.05116,0,0,0,270,0,0,0
0,13.06072,0,0,0,270,0,0,0
0,13.07142,0,0,0,270,0,0,0
0,13.0829,0,0,0,270,0,0,0
0,13.09463,0,0,0,270,0,0,0
0,13.10482,0,0,0,270,0,0,0
0,13.11574,0,0,0,270,0,0,0
0,13.12698,0,0,0,270,0,0,0
0,13.13896,0,0,0,270,0,0,0
0,13.14923,0,0,0,270,0,0,0
0,13.16122,0,0,0,270,0,0,0
0,13.17281,0,0,0,270,0,0,0
0,13.18414,0,0,0,270,0,0,0
0,13.19596,0,0,0,270,0,0,0
0,13.20715,0,0,0,270,0,0,0
0,13.21837,0,0,0,270,0,0,0
0,13.22966,0,0,0,270,0,0,0
0,13.23954,0,0,0,270,0,0,0
0,13.25016,0,0,0,270,0,0,0
0,13.26119,0,0,0,270,0,0,0
0,13.27046,0,0,0,270,0,0,0
0,13.28068,0,0,0,270,0,0,0
0,13.29213,0,0,0,270,0,0,0
0,13.30282,0,0,0,270,0,0,0
0,13.31647,0,0,0,270,0,0,0
0,13.32713,0,0,0,270,0,0,0
0,13.33668,0,0,0,270,0,0,0
0,13.3514,0,0,0,270,0,0,0
0,13.36366,0,0,0,270,0,0,0
0,13.37817,0,0,0,270,0,0,0
0,13.38982,0,0,0,270,0,0,0
0,13.40001,0,0,0,270,0,0,0
0,13.41041,0,0,0,270,0,0,0
0,13.42093,0,0,0,270,0,0,0
0,13.43146,0,0,0,270,0,0,0
0,13.44073,0,0,0,270,0,0,0
0,13.45083,0,0,0,270,0,0,0
0,13.46103,0,0,0,270,0,0,0
0,13.47271,0,0,0,270,0,0,0
0,13.48333,0,0,0,270,0,0,0
0,13.49582,0,0,0,270,0,0,0
0,13.50722,0,0,0,270,0,0,0
0,13.51731,0,0,0,270,0,0,0
0,13.52706,0,0,0,270,0,0,0
0,13.53642,0,0,0,270,0,0,0
0,13.54563,0,0,0,270,0,0,0
0,13.55436,0,0,0,270,0,0,0
0,13.56637,0,0,0,270,0,0,0
0,13.57713,0,0,0,270,0,0,0
0,13.58722,0,0,0,270,0,0,0
0,13.59905,0,0,0,270,0,0,0
0,13.6087,0,0,0,270,0,0,0
0,13.61721,0,0,0,270,0,0,0
0,13.6263,0,0,0,270,0,0,0
0,13.63593,0,0,0,270,0,0,0
0,13.64486,0,0,0,270,0,0,0
0,13.65541,0,0,0,270,0,0,0
0,13.6668,0,0,0,270,0,0,0
0,13.67764,0,0,0,270,0,0,0
0,13.68938,0,0,0,270,0,0,0
0,13.69954,0,0,0,270,0,0,0
0,13.70992,0,0,0,270,0,0,0
0,13.72097,0,0,0,270,0,0,0
0,13.73235,0,0,0,270,0,0,0
0,13.7436,0,0,0,270,0,0,0
0,13.75739,0,0,0,270,0,0,0
0,13.76771,0,0,0,270,0,0,0
0,13.77859,0,0,0,270,0,0,0
0,13.79003,0,0,0,270,0,0,0
0,13.80061,0,0,0,270,0,0,0
0,13.8115,0,0,0,270,0,0,0
0,13.82272,0,0,0,270,0,0,0
0,13.83311,0,0,0,270,0,0,0
0,13.84351,0,0,0,270,0,0,0
0,13.85587,0,0,0,270,0,0,0
0,13.86554,0,0,0,270,0,0,0
0,13.87703,0,0,0,270,0,0,0
0,13.88835,0,0,0,270,0,0,0
0,13.89889,0,0,0,270,0,0,0
0,13.90995,0,0,0,270,0,0,0
0,13.91921,0,0,0,270,0,0,0
0,13.9282,0,0,0,270,0,0,0
0,13.93797,0,0,0,270,0,0,0
0,13.94775,0,0,0,270,0,0,0
0,13.95672,0,0,0,270,0,0,0
0,13.96604,0,0,0,270,0,0,0
0,13.97477,0,0,0,270,0,0,0
0,13.98454,0,0,0,270,0,0,0
0,13.99565,0,0,0,270,0,0,0
0,14.00644,0,0,0,270,0,0,0
0,14.01656,0,0,0,270,0,0,0
0,14.02726,0,0,0,270,0,0,0
0,14.04165,0,0,0,270,0,0,0
0,14.05085,0,0,0,270,0,0,0
0,14.06151,0,0,0,270,0,0,0
0,14.0716,0,0,0,270,0,0,0
0,14.08157,0,0,0,270,0,0,0
0,14.09281,0,0,0,270,0,0,0
0,14.10331,0,0,0,270,0,0,0
0,14.11272,0,0,0,270,0,0,0
0,14.12252,0,0,0,270,0,0,0
0,14.13272,0,0,0,270,0,0,0
0,14.14382,0,0,0,270,0,0,0
0,14.15504,0,0,0,270,0,0,0
0,14.16538,0,0,0,270,0,0,0
0,14.17472,0,0,0,270,0,0,0
0,14.18409,0,0,0,270,0,0,0
0,14.1954,0,0,0,270,0,0,0
0,14.20428,0,0,0,270,0,0,0
0,14.21478,0,0,0,270,0,0,0
0,14.22559,0,0,0,270,0,0,0
0,14.23787,0,0,0,270,0,0,0
0,14.24963,0,0,0,270,0,0,0
0,14.26094,0,0,0,270,0,0,0
0,14.27112,0,0,0,270,0,0,0
0,14.28322,0,0,0,270,0,0,0
0,14.29415,0,0,0,270,0,0,0
0,14.30536,0,0,0,270,0,0,0
0,14.31658,0,0,0,270,0,0,0
0,14.32917,0,0,0,270,0,0,0
0,14.34118,0,0,0,270,0,0,0
0,14.35495,0,0,0,270,0,0,0
0,14.36538,0,0,0,270,0,0,0
0,14.37611,0,0,0,270,0,0,0
0,14.38785,0,0,0,270,0,0,0
0,14.40277,0,0,0,270,0,0,0
0,14.41425,0,0,0,270,0,0,0
0,14.42471,0,0,0,270,0,0,0
0,14.43582,0,0,0,270,0,0,0
0,14.44724,0,0,0,270,0,0,0
0,14.45912,0,0,0,270,0,0,0
0,14.47057,0,0,0,270,0,0,0
0,14.48064,0,0,0,270,0,0,0
0,14.49084,0,0,0,270,0,0,0
0,14.50129,0,0,0,270,0,0,0
0,14.51098,0,0,0,270,0,0,0
0,14.51981,0,0,0,270,0,0,0
0,14.52972,0,0,0,270,0,0,0
0,14.54004,0,0,0,270,0,0,0
0,14.55011,0,0,0,270,0,0,0
0,14.55956,0,0,0,270,0,0,0
0,14.56913,0,0,0,270,0,0,0
0,14.58088,0,0,0,270,0,0,0
0,14.59079,0,0,0,270,0,0,0
0,14.60081,0,0,0,270,0,0,0
0,14.61256,0,0,0,270,0,0,0
0,14.62234,0,0,0,270,0,0,0
0,14.63347,0,0,0,270,0,0,0
0,14.64499,0,0,0,270,0,0,0
0,14.65508,0,0,0,270,0,0,0
0,14.66308,0,0,0,270,0,0,0
0,14.6731,0,0,0,270,0,0,0
0,14.68256,0,0,0,270,0,0,0
0,14.69174,0,0,0,270,0,0,0
0,14.70068,0,0,0,270,0,0,0
0,14.70966,0,0,0,270,0,0,0
0,14.71931,0,0,0,270,0,0,0
0,14.73418,0,0,0,270,0,0,0
0,14.74583,0,0,0,270,0,0,0
0,14.75523,0,0,0,270,0,0,0
0,14.76615,0,0,0,270,0,0,0
0,14.7768,0,0,0,270,0,0,0
0,14.78866,0,0,0,270,0,0,0
0,14.80041,0,0,0,270,0,0,0
0,14.81356,0,0,0,270,0,0,0
0,14.8242,0,0,0,270,0,0,0
0,14.83442,0,0,0,270,0,0,0
0,14.84711,0,0,0,270,0,0,0
0,14.85825,0,0,0,270,0,0,0
0,14.86775,0,0,0,270,0,0,0
0,14.87958,0,0,0,270,0,0,0
0,14.89147,0,0,0,270,0,0,0
0,14.90263,0,0,0,270,0,0,0
0,14.91361,0,0,0,270,0,0,0
0,14.92418,0,0,0,270,0,0,0
0,14.93438,0,0,0,270,0,0,0
0,14.94583,0,0,0,270,0,0,0
0,14.95604,0,0,0,270,0,0,0
0,14.96757,0,0,0,270,0,0,0
0,14.97769,0,0,0,270,0,0,0
0,14.98804,0,0,0,270,0,0,0
0,14.99981,0,0,0,270,0,0,0
0,15.01099,0,0,0,270,0,0,0
0,15.02349,0,0,0,270,0,0,0
0,15.036,0,0,0,270,0,0,0
0,15.04688,0,0,0,270,0,0,0
0,15.05652,0,0,0,270,0,0,0
0,15.06765,0,0,0,270,0,0,0
0,15.07901,0,0,0,270,0,0,0
0,15.08971,0,0,0,270,0,0,0
0,15.09991,0,0,0,270,0,0,0
0,15.1113,0,0,0,270,0,0,0
0,15.1223,0,0,0,270,0,0,0
0,15.13268,0,0,0,270,0,0,0
0,15.14253,0,0,0,270,0,0,0
0,15.15388,0,0,0,270,0,0,0
0,15.16395,0,0,0,270,0,0,0
0,15.17339,0,0,0,270,0,0,0
0,15.18281,0,0,0,270,0,0,0
0,15.19189,0,0,0,270,0,0,0
0,15.20183,0,0,0,270,0,0,0
0,15.21107,0,0,0,270,0,0,0
0,15.22271,0,0,0,270,0,0,0
0,15.23274,0,0,0,270,0,0,0
0,15.24098,0,0,0,270,0,0,0
0,15.25039,0,0,0,270,0,0,0
0,15.25833,0,0,0,270,0,0,0
0,15.26672,0,0,0,270,0,0,0
0,15.2747,0,0,0,270,0,0,0
0,15.28365,0,0,0,270,0,0,0
0,15.29339,0,0,0,270,0,0,0
0,15.30305,0,0,0,270,0,0,0
0,15.31337,0,0,0,270,0,0,0
0,15.32253,0,0,0,270,0,0,0
0,15.33241,0,0,0,270,0,0,0
0,15.34356,0,0,0,270,0,0,0
0,15.35519,0,0,0,270,0,0,0
0,15.366,0,0,0,270,0,0,0
0,15.37778,0,0,0,270,0,0,0
0,15.38741,0,0,0,270,0,0,0
0,15.39697,0,0,0,270,0,0,0
0,15.40773,0,0,0,270,0,0,0
0,15.42646,0,0,0,270,0,0,0
0,15.44068,0,0,0,270,0,0,0
0,15.45305,0,0,0,270,0,0,0
0,15.46469,0,0,0,270,0,0,0
0,15.47456,0,0,0,270,0,0,0
0,15.48764,0,0,0,270,0,0,0
0,15.49929,0,0,0,270,0,0,0
0,15.51028,0,0,0,270,0,0,0
0,15.52265,0,0,0,270,0,0,0
0,15.53345,0,0,0,270,0,0,0
0,15.54425,0,0,0,270,0,0,0
0,15.55436,0,0,0,270,0,0,0
0,15.56613,0,0,0,270,0,0,0
0,15.58002,0,0,0,270,0,0,0
0,15.59288,0,0,0,270,0,0,0
0,15.60716,0,0,0,270,0,0,0
0,15.62083,0,0,0,270,0,0,0
0,15.63327,0,0,0,270,0,0,0
0,15.64395,0,0,0,270,0,0,0
0,15.65617,0,0,0,270,0,0,0
0,15.66683,0,0,0,270,0,0,0
0,15.67683,0,0,0,270,0,0,0
0,15.68834,0,0,0,270,0,0,0
0,15.69861,0,0,0,270,0,0,0
0,15.70728,0,0,0,270,0,0,0
0,15.71648,0,0,0,270,0,0,0
0,15.72521,0,0,0,270,0,0,0
0,15.73476,0,0,0,270,0,0,0
0,15.74361,0,0,0,270,0,0,0
0,15.75355,0,0,0,270,0,0,0
0,15.76266,0,0,0,270,0,0,0
0,15.77134,0,0,0,270,0,0,0
0,15.7823,0,0,0,270,0,0,0
0,15.79375,0,0,0,270,0,0,0
0,15.80494,0,0,0,270,0,0,0
0,15.81517,0,0,0,270,0,0,0
0,15.82438,0,0,0,270,0,0,0
0,15.83429,0,0,0,270,0,0,0
0,15.84399,0,0,0,270,0,0,0
0,15.85353,0,0,0,270,0,0,0
0,15.86377,0,0,0,270,0,0,0
0,15.87346,0,0,0,270,0,0,0
0,15.88301,0,0,0,270,0,0,0
0,15.8928,0,0,0,270,0,0,0
0,15.90245,0,0,0,270,0,0,0
0,15.91145,0,0,0,270,0,0,0
0,15.92085,0,0,0,270,0,0,0
0,15.93123,0,0,0,270,0,0,0
0,15.94127,0,0,0,270,0,0,0
0,15.95314,0,0,0,270,0,0,0
0,15.96366,0,0,0,270,0,0,0
0,15.97538,0,0,0,270,0,0,0
0,15.98759,0,0,0,270,0,0,0
0,15.99871,0,0,0,270,0,0,0
0,16.00919,0,0,0,270,0,0,0
0,16.02005,0,0,0,270,0,0,0
0,16.03236,0,0,0,270,0,0,0
0,16.04391,0,0,0,270,0,0,0
0,16.0541,0,0,0,270,0,0,0
0,16.06536,0,0,0,270,0,0,0
0,16.07593,0,0,0,270,0,0,0
0,16.08527,0,0,0,270,0,0,0
0,16.09553,0,0,0,270,0,0,0
0,16.10569,0,0,0,270,0,0,0
0,16.1161,0,0,0,270,0,0,0
0,16.13667,0,0,0,270,0,0,0
0,16.14702,0,0,0,270,0,0,0
0,16.16013,0,0,0,270,0,0,0
0,16.1734,0,0,0,270,0,0,0
0,16.18465,0,0,0,270,0,0,0
0,16.19547,0,0,0,270,0,0,0
0,16.20514,0,0,0,270,0,0,0
0,16.21571,0,0,0,270,0,0,0
0,16.22703,0,0,0,270,0,0,0
0,16.23744,0,0,0,270,0,0,0
0,16.24735,0,0,0,270,0,0,0
0,16.25646,0,0,0,270,0,0,0
0,16.26616,0,0,0,270,0,0,0
0,16.2745,0,0,0,270,0,0,0
0,16.28454,0,0,0,270,0,0,0
0,16.29448,0,0,0,270,0,0,0
0,16.3038,0,0,0,270,0,0,0
0,16.31409,0,0,0,270,0,0,0
0,16.32476,0,0,0,270,0,0,0
0,16.33336,0,0,0,270,0,0,0
0,16.34114,0,0,0,270,0,0,0
0,16.34967,0,0,0,270,0,0,0
0,16.35845,0,0,0,270,0,0,0
0,16.3671,0,0,0,270,0,0,0
0,16.37878,0,0,0,270,0,0,0
0,16.3892,0,0,0,270,0,0,0
0,16.39804,0,0,0,270,0,0,0
0,16.40788,0,0,0,270,0,0,0
0,16.41668,0,0,0,270,0,0,0
0,16.42534,0,0,0,270,0,0,0
0,16.43446,0,0,0,270,0,0,0
0,16.4457,0,0,0,270,0,0,0
0,16.459,0,0,0,270,0,0,0
0,16.47515,0,0,0,270,0,0,0
0,16.4859,0,0,0,270,0,0,0
0,16.49542,0,0,0,270,0,0,0
0,16.50692,0,0,0,270,0,0,0
0,16.51849,0,0,0,270,0,0,0
0,16.52921,0,0,0,270,0,0,0
0,16.54091,0,0,0,270,0,0,0
0,16.55129,0,0,0,270,0,0,0
0,16.56158,0,0,0,270,0,0,0
0,16.57233,0,0,0,270,0,0,0
0,16.58187,0,0,0,270,0,0,0
0,16.59254,0,0,0,270,0,0,0
0,16.60349,0,0,0,270,0,0,0
0,16.61718,0,0,0,270,0,0,0
0,16.63165,0,0,0,270,0,0,0
0,16.6436,0,0,0,270,0,0,0
0,16.65451,0,0,0,270,0,0,0
0,16.66632,0,0,0,270,0,0,0
0,16.67597,0,0,0,270,0,0,0
0,16.68528,0,0,0,270,0,0,0
0,16.69531,0,0,0,270,0,0,0
0,16.70678,0,0,0,270,0,0,0
0,16.7174,0,0,0,270,0,0,0
0,16.7275,0,0,0,270,0,0,0
0,16.7402,0,0,0,270,0,0,0
0,16.75125,0,0,0,270,0,0,0
0,16.76159,0,0,0,270,0,0,0
0,16.7714,0,0,0,270,0,0,0
0,16.78154,0,0,0,270,0,0,0
0,16.79075,0,0,0,270,0,0,0
0,16.80152,0,0,0,270,0,0,0
0,16.81329,0,0,0,270,0,0,0
0,16.82353,0,0,0,270,0,0,0
0,16.83635,0,0,0,270,0,0,0
0,16.84757,0,0,0,270,0,0,0
0,16.85762,0,0,0,270,0,0,0
0,16.86631,0,0,0,270,0,0,0
0,16.87736,0,0,0,270,0,0,0
0,16.88792,0,0,0,270,0,0,0
0,16.89697,0,0,0,270,0,0,0
0,16.90851,0,0,0,270,0,0,0
0,16.92081,0,0,0,270,0,0,0
0,16.93358,0,0,0,270,0,0,0
0,16.94546,0,0,0,270,0,0,0
0,16.95718,0,0,0,270,0,0,0
0,16.96803,0,0,0,270,0,0,0
0,16.97722,0,0,0,270,0,0,0
0,16.98642,0,0,0,270,0,0,0
0,16.99506,0,0,0,270,0,0,0
0,17.0044,0,0,0,270,0,0,0
0,17.0158,0,0,0,270,0,0,0
0,17.02737,0,0,0,270,0,0,0
0,17.03756,0,0,0,270,0,0,0
0,17.0489,0,0,0,270,0,0,0
0,17.05977,0,0,0,270,0,0,0
0,17.0687,0,0,0,270,0,0,0
0,17.07979,0,0,0,270,0,0,0
0,17.09034,0,0,0,270,0,0,0
0,17.10238,0,0,0,270,0,0,0
0,17.1134,0,0,0,270,0,0,0
0,17.12482,0,0,0,270,0,0,0
0,17.13786,0,0,0,270,0,0,0
0,17.15202,0,0,0,270,0,0,0
0,17.167,0,0,0,270,0,0,0
0,17.17919,0,0,0,270,0,0,0
0,17.19205,0,0,0,270,0,0,0
0,17.20489,0,0,0,270,0,0,0
0,17.21633,0,0,0,270,0,0,0
0,17.22744,0,0,0,270,0,0,0
0,17.23849,0,0,0,270,0,0,0
0,17.25037,0,0,0,270,0,0,0
0,17.26223,0,0,0,270,0,0,0
0,17.27329,0,0,0,270,0,0,0
0,17.2845,0,0,0,270,0,0,0
0,17.29499,0,0,0,270,0,0,0
0,17.30576,0,0,0,270,0,0,0
0,17.31754,0,0,0,270,0,0,0
0,17.32898,0,0,0,270,0,0,0
0,17.34082,0,0,0,270,0,0,0
0,17.35292,0,0,0,270,0,0,0
0,17.36355,0,0,0,270,0,0,0
0,17.37388,0,0,0,270,0,0,0
0,17.38807,0,0,0,270,0,0,0
0,17.39913,0,0,0,270,0,0,0
0,17.41029,0,0,0,270,0,0,0
0,17.42161,0,0,0,270,0,0,0
0,17.43217,0,0,0,270,0,0,0
0,17.44346,0,0,0,270,0,0,0
0,17.4535,0,0,0,270,0,0,0
0,17.46378,0,0,0,270,0,0,0
0,17.47365,0,0,0,270,0,0,0
0,17.48629,0,0,0,270,0,0,0
0,17.50174,0,0,0,270,0,0,0
0,17.51311,0,0,0,270,0,0,0
0,17.52276,0,0,0,270,0,0,0
0,17.53466,0,0,0,270,0,0,0
0,17.5457,0,0,0,270,0,0,0
0,17.55483,0,0,0,270,0,0,0
0,17.56886,0,0,0,270,0,0,0
0,17.57822,0,0,0,270,0,0,0
0,17.58821,0,0,0,270,0,0,0
0,17.60083,0,0,0,270,0,0,0
0,17.61302,0,0,0,270,0,0,0
0,17.62515,0,0,0,270,0,0,0
0,17.63612,0,0,0,270,0,0,0
0,17.64562,0,0,0,270,0,0,0
0,17.6575,0,0,0,270,0,0,0
0,17.6693,0,0,0,270,0,0,0
0,17.6808,0,0,0,270,0,0,0
0,17.69323,0,0,0,270,0,0,0
0,17.70425,0,0,0,270,0,0,0
0,17.71497,0,0,0,270,0,0,0
0,17.72595,0,0,0,270,0,0,0
0,17.73743,0,0,0,270,0,0,0
0,17.74888,0,0,0,270,0,0,0
0,17.75932,0,0,0,270,0,0,0
0,17.7705,0,0,0,270,0,0,0
0,17.78059,0,0,0,270,0,0,0
0,17.7915,0,0,0,270,0,0,0
0,17.80205,0,0,0,270,0,0,0
0,17.81362,0,0,0,270,0,0,0
0,17.82471,0,0,0,270,0,0,0
0,17.83551,0,0,0,270,0,0,0
0,17.84653,0,0,0,270,0,0,0
0,17.85917,0,0,0,270,0,0,0
0,17.87796,0,0,0,270,0,0,0
0,17.89131,0,0,0,270,0,0,0
0,17.9014,0,0,0,270,0,0,0
0,17.91206,0,0,0,270,0,0,0
0,17.92333,0,0,0,270,0,0,0
0,17.9349,0,0,0,270,0,0,0
0,17.94555,0,0,0,270,0,0,0
0,17.95596,0,0,0,270,0,0,0
0,17.96497,0,0,0,270,0,0,0
0,17.97403,0,0,0,270,0,0,0
0,17.98416,0,0,0,270,0,0,0
0,17.99329,0,0,0,270,0,0,0
0,18.00361,0,0,0,270,0,0,0
0,18.0137,0,0,0,270,0,0,0
0,18.02263,0,0,0,270,0,0,0
0,18.03293,0,0,0,270,0,0,0
0,18.04317,0,0,0,270,0,0,0
0,18.05253,0,0,0,270,0,0,0
0,18.06413,0,0,0,270,0,0,0
0,18.07488,0,0,0,270,0,0,0
0,18.08743,0,0,0,270,0,0,0
0,18.09826,0,0,0,270,0,0,0
0,18.1079,0,0,0,270,0,0,0
0,18.11809,0,0,0,270,0,0,0
0,18.12855,0,0,0,270,0,0,0
0,18.13809,0,0,0,270,0,0,0
0,18.1473,0,0,0,270,0,0,0
0,18.15736,0,0,0,270,0,0,0
0,18.16753,0,0,0,270,0,0,0
0,18.17694,0,0,0,270,0,0,0
0,18.18719,0,0,0,270,0,0,0
0,18.19668,0,0,0,270,0,0,0
0,18.20732,0,0,0,270,0,0,0
0,18.21843,0,0,0,270,0,0,0
0,18.22849,0,0,0,270,0,0,0
0,18.23835,0,0,0,270,0,0,0
0,18.24963,0,0,0,270,0,0,0
0,18.26062,0,0,0,270,0,0,0
0,18.271,0,0,0,270,0,0,0
0,18.28974,0,0,0,270,0,0,0
0,18.29965,0,0,0,270,0,0,0
0,18.31039,0,0,0,270,0,0,0
0,18.32044,0,0,0,270,0,0,0
0,18.33144,0,0,0,270,0,0,0
0,18.34127,0,0,0,270,0,0,0
0,18.35254,0,0,0,270,0,0,0
0,18.36275,0,0,0,270,0,0,0
0,18.37357,0,0,0,270,0,0,0
0,18.38377,0,0,0,270,0,0,0
0,18.39678,0,0,0,270,0,0,0
0,18.40921,0,0,0,270,0,0,0
0,18.42017,0,0,0,270,0,0,0
0,18.42983,0,0,0,270,0,0,0
0,18.44003,0,0,0,270,0,0,0
0,18.45061,0,0,0,270,0,0,0
0,18.46186,0,0,0,270,0,0,0
0,18.47282,0,0,0,270,0,0,0
0,18.48232,0,0,0,270,0,0,0
0,18.49086,0,0,0,270,0,0,0
0,18.50149,0,0,0,270,0,0,0
0,18.51513,0,0,0,270,0,0,0
0,18.52551,0,0,0,270,0,0,0
0,18.53651,0,0,0,270,0,0,0
0,18.54807,0,0,0,270,0,0,0
0,18.55894,0,0,0,270,0,0,0
0,18.56928,0,0,0,270,0,0,0
0,18.57908,0,0,0,270,0,0,0
0,18.58941,0,0,0,270,0,0,0
0,18.59944,0,0,0,270,0,0,0
0,18.61124,0,0,0,270,0,0,0
0,18.62243,0,0,0,270,0,0,0
0,18.63375,0,0,0,270,0,0,0
0,18.64522,0,0,0,270,0,0,0
0,18.65645,0,0,0,270,0,0,0
0,18.6672,0,0,0,270,0,0,0
0,18.6768,0,0,0,270,0,0,0
0,18.68715,0,0,0,270,0,0,0
0,18.69541,0,0,0,270,0,0,0
0,18.70426,0,0,0,270,0,0,0
0,18.71375,0,0,0,270,0,0,0
0,18.72288,0,0,0,270,0,0,0
0,18.73316,0,0,0,270,0,0,0
0,18.74326,0,0,0,270,0,0,0
0,18.75547,0,0,0,270,0,0,0
0,18.7661,0,0,0,270,0,0,0
0,18.77431,0,0,0,270,0,0,0
0,18.78452,0,0,0,270,0,0,0
0,18.79374,0,0,0,270,0,0,0
0,18.80537,0,0,0,270,0,0,0
0,18.81684,0,0,0,270,0,0,0
0,18.82828,0,0,0,270,0,0,0
0,18.83974,0,0,0,270,0,0,0
0,18.85198,0,0,0,270,0,0,0
0,18.86313,0,0,0,270,0,0,0
0,18.87449,0,0,0,270,0,0,0
0,18.8873,0,0,0,270,0,0,0
0,18.8982,0,0,0,270,0,0,0
0,18.9099,0,0,0,270,0,0,0
0,18.92103,0,0,0,270,0,0,0
0,18.92982,0,0,0,270,0,0,0
0,18.94144,0,0,0,270,0,0,0
0,18.95179,0,0,0,270,0,0,0
0,18.96185,0,0,0,270,0,0,0
0,18.97318,0,0,0,270,0,0,0
0,18.98374,0,0,0,270,0,0,0
0,18.9993,0,0,0,270,0,0,0
0,19.00967,0,0,0,270,0,0,0
0,19.02014,0,0,0,270,0,0,0
0,19.03175,0,0,0,270,0,0,0
0,19.04423,0,0,0,270,0,0,0
0,19.05632,0,0,0,270,0,0,0
0,19.06693,0,0,0,270,0,0,0
0,19.07711,0,0,0,270,0,0,0
0,19.08731,0,0,0,270,0,0,0
0,19.0984,0,0,0,270,0,0,0
0,19.10785,0,0,0,270,0,0,0
0,19.11778,0,0,0,270,0,0,0
0,19.12804,0,0,0,270,0,0,0
0,19.13784,0,0,0,270,0,0,0
0,19.14727,0,0,0,270,0,0,0
0,19.15892,0,0,0,270,0,0,0
0,19.16859,0,0,0,270,0,0,0
0,19.17731,0,0,0,270,0,0,0
0,19.18669,0,0,0,270,0,0,0
0,19.19594,0,0,0,270,0,0,0
0,19.20722,0,0,0,270,0,0,0
0,19.2177,0,0,0,270,0,0,0
0,19.22903,0,0,0,270,0,0,0
0,19.23916,0,0,0,270,0,0,0
0,19.24967,0,0,0,270,0,0,0
0,19.26036,0,0,0,270,0,0,0
0,19.26857,0,0,0,270,0,0,0
0,19.27732,0,0,0,270,0,0,0
0,19.28645,0,0,0,270,0,0,0
0,19.29565,0,0,0,270,0,0,0
0,19.30439,0,0,0,270,0,0,0
0,19.31428,0,0,0,270,0,0,0
0,19.3236,0,0,0,270,0,0,0
0,19.33211,0,0,0,270,0,0,0
0,19.34029,0,0,0,270,0,0,0
0,19.34989,0,0,0,270,0,0,0
0,19.3614,0,0,0,270,0,0,0
0,19.37209,0,0,0,270,0,0,0
0,19.38247,0,0,0,270,0,0,0
0,19.39307,0,0,0,270,0,0,0
0,19.40392,0,0,0,270,0,0,0
0,19.41609,0,0,0,270,0,0,0
0,19.43025,0,0,0,270,0,0,0
0,19.442,0,0,0,270,0,0,0
0,19.45164,0,0,0,270,0,0,0
0,19.46285,0,0,0,270,0,0,0
0,19.47463,0,0,0,270,0,0,0
0,19.48746,0,0,0,270,0,0,0
0,19.49789,0,0,0,270,0,0,0
0,19.50722,0,0,0,270,0,0,0
0,19.5176,0,0,0,270,0,0,0
0,19.52946,0,0,0,270,0,0,0
0,19.54449,0,0,0,270,0,0,0
0,19.55836,0,0,0,270,0,0,0
0,19.57034,0,0,0,270,0,0,0
0,19.58283,0,0,0,270,0,0,0
0,19.59441,0,0,0,270,0,0,0
0,19.60447,0,0,0,270,0,0,0
0,19.61673,0,0,0,270,0,0,0
0,19.62943,0,0,0,270,0,0,0
0,19.64015,0,0,0,270,0,0,0
0,19.64944,0,0,0,270,0,0,0
0,19.65991,0,0,0,270,0,0,0
0,19.67024,0,0,0,270,0,0,0
0,19.67977,0,0,0,270,0,0,0
0,19.69114,0,0,0,270,0,0,0
0,19.70212,0,0,0,270,0,0,0
0,19.72024,0,0,0,270,0,0,0
0,19.7289,0,0,0,270,0,0,0
0,19.73922,0,0,0,270,0,0,0
0,19.7502,0,0,0,270,0,0,0
0,19.75947,0,0,0,270,0,0,0
0,19.7701,0,0,0,270,0,0,0
0,19.77967,0,0,0,270,0,0,0
0,19.79,0,0,0,270,0,0,0
0,19.8012,0,0,0,270,0,0,0
0,19.81458,0,0,0,270,0,0,0
0,19.82512,0,0,0,270,0,0,0
0,19.83446,0,0,0,270,0,0,0
0,19.84601,0,0,0,270,0,0,0
0,19.85599,0,0,0,270,0,0,0
0,19.86507,0,0,0,270,0,0,0
0,19.8741,0,0,0,270,0,0,0
0,19.88402,0,0,0,270,0,0,0
0,19.8954,0,0,0,270,0,0,0
0,19.90599,0,0,0,270,0,0,0
0,19.91566,0,0,0,270,0,0,0
0,19.92513,0,0,0,270,0,0,0
0,19.93475,0,0,0,270,0,0,0
0,19.94576,0,0,0,270,0,0,0
0,19.95654,0,0,0,270,0,0,0
0,19.96747,0,0,0,270,0,0,0
0,19.97881,0,0,0,270,0,0,0
0,19.99135,0,0,0,270,0,0,0
0,20.00204,0,0,0,270,0,0,0
0,20.01239,0,0,0,270,0,0,0
0,20.02215,0,0,0,270,0,0,0
0,20.03386,0,0,0,270,0,0,0
0,20.04595,0,0,0,270,0,0,0
0,20.05649,0,0,0,270,0,0,0
0,20.06873,0,0,0,270,0,0,0
0,20.07953,0,0,0,270,0,0,0
0,20.0903,0,0,0,270,0,0,0
0,20.10147,0,0,0,270,0,0,0
0,20.11322,0,0,0,270,0,0,0
0,20.12438,0,0,0,270,0,0,0
0,20.13437,0,0,0,270,0,0,0
0,20.1457,0,0,0,270,0,0,0
0,20.15669,0,0,0,270,0,0,0
0,20.16876,0,0,0,270,0,0,0
0,20.18022,0,0,0,270,0,0,0
0,20.19321,0,0,0,270,0,0,0
0,20.20348,0,0,0,270,0,0,0
0,20.2137,0,0,0,270,0,0,0
0,20.22502,0,0,0,270,0,0,0
0,20.23536,0,0,0,270,0,0,0
0,20.24584,0,0,0,270,0,0,0
0,20.25634,0,0,0,270,0,0,0
0,20.26617,0,0,0,270,0,0,0
0,20.27571,0,0,0,270,0,0,0
0,20.28483,0,0,0,270,0,0,0
0,20.29393,0,0,0,270,0,0,0
0,20.3033,0,0,0,270,0,0,0
0,20.31513,0,0,0,270,0,0,0
0,20.3255,0,0,0,270,0,0,0
0,20.33522,0,0,0,270,0,0,0
0,20.34575,0,0,0,270,0,0,0
0,20.3544,0,0,0,270,0,0,0
0,20.3635,0,0,0,270,0,0,0
0,20.37307,0,0,0,270,0,0,0
0,20.38202,0,0,0,270,0,0,0
0,20.39039,0,0,0,270,0,0,0
0,20.39935,0,0,0,270,0,0,0
0,20.4099,0,0,0,270,0,0,0
0,20.42804,0,0,0,270,0,0,0
0,20.43975,0,0,0,270,0,0,0
0,20.45075,0,0,0,270,0,0,0
0,20.46214,0,0,0,270,0,0,0
0,20.47367,0,0,0,270,0,0,0
0,20.48375,0,0,0,270,0,0,0
0,20.49297,0,0,0,270,0,0,0
0,20.50298,0,0,0,270,0,0,0
0,20.51307,0,0,0,270,0,0,0
0,20.52305,0,0,0,270,0,0,0
0,20.5362,0,0,0,270,0,0,0
0,20.54832,0,0,0,270,0,0,0
0,20.5602,0,0,0,270,0,0,0
0,20.58111,0,0,0,270,0,0,0
0,20.59583,0,0,0,270,0,0,0
0,20.60815,0,0,0,270,0,0,0
0,20.6194,0,0,0,270,0,0,0
0,20.63178,0,0,0,270,0,0,0
0,20.64129,0,0,0,270,0,0,0
0,20.65261,0,0,0,270,0,0,0
0,20.66491,0,0,0,270,0,0,0
0,20.67568,0,0,0,270,0,0,0
0,20.68672,0,0,0,270,0,0,0
0,20.69835,0,0,0,270,0,0,0
0,20.70947,0,0,0,270,0,0,0
0,20.72021,0,0,0,270,0,0,0
0,20.73008,0,0,0,270,0,0,0
0,20.74056,0,0,0,270,0,0,0
0,20.75196,0,0,0,270,0,0,0
0,20.76389,0,0,0,270,0,0,0
0,20.77519,0,0,0,270,0,0,0
0,20.78769,0,0,0,270,0,0,0
0,20.79772,0,0,0,270,0,0,0
0,20.80704,0,0,0,270,0,0,0
0,20.81745,0,0,0,270,0,0,0
0,20.82708,0,0,0,270,0,0,0
0,20.83635,0,0,0,270,0,0,0
0,20.84695,0,0,0,270,0,0,0
0,20.85824,0,0,0,270,0,0,0
0,20.86805,0,0,0,270,0,0,0
0,20.87883,0,0,0,270,0,0,0
0,20.88892,0,0,0,270,0,0,0
0,20.89729,0,0,0,270,0,0,0
0,20.9087,0,0,0,270,0,0,0
0,20.9195,0,0,0,270,0,0,0
0,20.92853,0,0,0,270,0,0,0
0,20.93686,0,0,0,270,0,0,0
0,20.94568,0,0,0,270,0,0,0
0,20.95566,0,0,0,270,0,0,0
0,20.96468,0,0,0,270,0,0,0
0,20.97452,0,0,0,270,0,0,0
0,20.98405,0,0,0,270,0,0,0
0,20.99275,0,0,0,270,0,0,0
0,21.00181,0,0,0,270,0,0,0
0,21.00995,0,0,0,270,0,0,0
0,21.01803,0,0,0,270,0,0,0
0,21.028,0,0,0,270,0,0,0
0,21.03859,0,0,0,270,0,0,0
0,21.04846,0,0,0,270,0,0,0
0,21.05892,0,0,0,270,0,0,0
0,21.06985,0,0,0,270,0,0,0
0,21.07899,0,0,0,270,0,0,0
0,21.0892,0,0,0,270,0,0,0
0,21.10018,0,0,0,270,0,0,0
0,21.11223,0,0,0,270,0,0,0
0,21.12401,0,0,0,270,0,0,0
0,21.13502,0,0,0,270,0,0,0
0,21.15047,0,0,0,270,0,0,0
0,21.16287,0,0,0,270,0,0,0
0,21.17407,0,0,0,270,0,0,0
0,21.18526,0,0,0,270,0,0,0
0,21.19731,0,0,0,270,0,0,0
0,21.20982,0,0,0,270,0,0,0
0,21.22085,0,0,0,270,0,0,0
0,21.23173,0,0,0,270,0,0,0
0,21.24235,0,0,0,270,0,0,0
0,21.25225,0,0,0,270,0,0,0
0,21.26389,0,0,0,270,0,0,0
0,21.27504,0,0,0,270,0,0,0
0,21.28727,0,0,0,270,0,0,0
0,21.29677,0,0,0,270,0,0,0
0,21.30665,0,0,0,270,0,0,0
0,21.31744,0,0,0,270,0,0,0
0,21.3299,0,0,0,270,0,0,0
0,21.34321,0,0,0,270,0,0,0
0,21.3542,0,0,0,270,0,0,0
0,21.36371,0,0,0,270,0,0,0
0,21.37423,0,0,0,270,0,0,0
0,21.3848,0,0,0,270,0,0,0
0,21.39449,0,0,0,270,0,0,0
0,21.40359,0,0,0,270,0,0,0
0,21.41305,0,0,0,270,0,0,0
0,21.42185,0,0,0,270,0,0,0
0,21.43232,0,0,0,270,0,0,0
0,21.44293,0,0,0,270,0,0,0
0,21.45341,0,0,0,270,0,0,0
0,21.46323,0,0,0,270,0,0,0
0,21.47642,0,0,0,270,0,0,0
0,21.48874,0,0,0,270,0,0,0
0,21.4998,0,0,0,270,0,0,0
0,21.51101,0,0,0,270,0,0,0
0,21.52154,0,0,0,270,0,0,0
0,21.53248,0,0,0,270,0,0,0
0,21.54115,0,0,0,270,0,0,0
0,21.54945,0,0,0,270,0,0,0
0,21.55905,0,0,0,270,0,0,0
0,21.56917,0,0,0,270,0,0,0
0,21.57877,0,0,0,270,0,0,0
0,21.59214,0,0,0,270,0,0,0
0,21.60934,0,0,0,270,0,0,0
0,21.62342,0,0,0,270,0,0,0
0,21.63594,0,0,0,270,0,0,0
0,21.64597,0,0,0,270,0,0,0
0,21.65666,0,0,0,270,0,0,0
0,21.66875,0,0,0,270,0,0,0
0,21.6804,0,0,0,270,0,0,0
0,21.69254,0,0,0,270,0,0,0
0,21.70293,0,0,0,270,0,0,0
0,21.71415,0,0,0,270,0,0,0
0,21.72605,0,0,0,270,0,0,0
0,21.7378,0,0,0,270,0,0,0
0,21.74919,0,0,0,270,0,0,0
0,21.75939,0,0,0,270,0,0,0
0,21.7707,0,0,0,270,0,0,0
0,21.78188,0,0,0,270,0,0,0
0,21.79306,0,0,0,270,0,0,0
0,21.80354,0,0,0,270,0,0,0
0,21.81605,0,0,0,270,0,0,0
0,21.8284,0,0,0,270,0,0,0
0,21.8398,0,0,0,270,0,0,0
0,21.85115,0,0,0,270,0,0,0
0,21.86017,0,0,0,270,0,0,0
0,21.87176,0,0,0,270,0,0,0
0,21.88286,0,0,0,270,0,0,0
0,21.90182,0,0,0,270,0,0,0
0,21.91531,0,0,0,270,0,0,0
0,21.92791,0,0,0,270,0,0,0
0,21.93896,0,0,0,270,0,0,0
0,21.9493,0,0,0,270,0,0,0
0,21.95863,0,0,0,270,0,0,0
0,21.97183,0,0,0,270,0,0,0
0,21.98348,0,0,0,270,0,0,0
0,21.99566,0,0,0,270,0,0,0
0,22.00793,0,0,0,270,0,0,0
0,22.01968,0,0,0,270,0,0,0
0,22.03137,0,0,0,270,0,0,0
0,22.0413,0,0,0,270,0,0,0
0,22.05144,0,0,0,270,0,0,0
0,22.0626,0,0,0,270,0,0,0
0,22.07445,0,0,0,270,0,0,0
0,22.08509,0,0,0,270,0,0,0
0,22.09714,0,0,0,270,0,0,0
0,22.10874,0,0,0,270,0,0,0
0,22.12122,0,0,0,270,0,0,0
0,22.13341,0,0,0,270,0,0,0
0,22.14346,0,0,0,270,0,0,0
0,22.15482,0,0,0,270,0,0,0
0,22.1683,0,0,0,270,0,0,0
0,22.17955,0,0,0,270,0,0,0
0,22.19157,0,0,0,270,0,0,0
0,22.20284,0,0,0,270,0,0,0
0,22.21346,0,0,0,270,0,0,0
0,22.22446,0,0,0,270,0,0,0
0,22.23605,0,0,0,270,0,0,0
0,22.24712,0,0,0,270,0,0,0
0,22.25971,0,0,0,270,0,0,0
0,22.2714,0,0,0,270,0,0,0
0,22.28396,0,0,0,270,0,0,0
0,22.29622,0,0,0,270,0,0,0
0,22.30859,0,0,0,270,0,0,0
0,22.32116,0,0,0,270,0,0,0
0,22.33322,0,0,0,270,0,0,0
0,22.34447,0,0,0,270,0,0,0
0,22.35704,0,0,0,270,0,0,0
0,22.36887,0,0,0,270,0,0,0
0,22.38205,0,0,0,270,0,0,0
0,22.39373,0,0,0,270,0,0,0
0,22.40516,0,0,0,270,0,0,0
0,22.41768,0,0,0,270,0,0,0
0,22.42824,0,0,0,270,0,0,0
0,22.44081,0,0,0,270,0,0,0
0,22.45625,0,0,0,270,0,0,0
0,22.46883,0,0,0,270,0,0,0
0,22.4796,0,0,0,270,0,0,0
0,22.49165,0,0,0,270,0,0,0
0,22.50505,0,0,0,270,0,0,0
0,22.51786,0,0,0,270,0,0,0
0,22.52761,0,0,0,270,0,0,0
0,22.53786,0,0,0,270,0,0,0
0,22.54861,0,0,0,270,0,0,0
0,22.55883,0,0,0,270,0,0,0
0,22.56951,0,0,0,270,0,0,0
0,22.58004,0,0,0,270,0,0,0
0,22.59187,0,0,0,270,0,0,0
0,22.60267,0,0,0,270,0,0,0
0,22.61426,0,0,0,270,0,0,0
0,22.62958,0,0,0,270,0,0,0
0,22.64539,0,0,0,270,0,0,0
0,22.65771,0,0,0,270,0,0,0
0,22.66864,0,0,0,270,0,0,0
0,22.67871,0,0,0,270,0,0,0
0,22.69725,0,0,0,270,0,0,0
0,22.70755,0,0,0,270,0,0,0
0,22.71743,0,0,0,270,0,0,0
0,22.72657,0,0,0,270,0,0,0
0,22.73756,0,0,0,270,0,0,0
0,22.74811,0,0,0,270,0,0,0
0,22.75936,0,0,0,270,0,0,0
0,22.77037,0,0,0,270,0,0,0
0,22.78072,0,0,0,270,0,0,0
0,22.79021,0,0,0,270,0,0,0
0,22.80017,0,0,0,270,0,0,0
0,22.81066,0,0,0,270,0,0,0
0,22.8214,0,0,0,270,0,0,0
0,22.83276,0,0,0,270,0,0,0
0,22.84437,0,0,0,270,0,0,0
0,22.85535,0,0,0,270,0,0,0
0,22.86559,0,0,0,270,0,0,0
0,22.87914,0,0,0,270,0,0,0
0,22.89181,0,0,0,270,0,0,0
0,22.90405,0,0,0,270,0,0,0
0,22.91632,0,0,0,270,0,0,0
0,22.92616,0,0,0,270,0,0,0
0,22.93744,0,0,0,270,0,0,0
0,22.94822,0,0,0,270,0,0,0
0,22.95962,0,0,0,270,0,0,0
0,22.97153,0,0,0,270,0,0,0
0,22.9833,0,0,0,270,0,0,0
0,22.99426,0,0,0,270,0,0,0
0,23.00607,0,0,0,270,0,0,0
0,23.01766,0,0,0,270,0,0,0
0,23.02856,0,0,0,270,0,0,0
0,23.04048,0,0,0,270,0,0,0
0,23.05238,0,0,0,270,0,0,0
0,23.06275,0,0,0,270,0,0,0
0,23.07247,0,0,0,270,0,0,0
0,23.08167,0,0,0,270,0,0,0
0,23.09211,0,0,0,270,0,0,0
0,23.10228,0,0,0,270,0,0,0
0,23.11112,0,0,0,270,0,0,0
0,23.12061,0,0,0,270,0,0,0
0,23.1297,0,0,0,270,0,0,0
0,23.14101,0,0,0,270,0,0,0
0,23.14957,0,0,0,270,0,0,0
0,23.16081,0,0,0,270,0,0,0
0,23.17106,0,0,0,270,0,0,0
0,23.18004,0,0,0,270,0,0,0
0,23.18971,0,0,0,270,0,0,0
0,23.19985,0,0,0,270,0,0,0
0,23.21015,0,0,0,270,0,0,0
0,23.2203,0,0,0,270,0,0,0
0,23.22982,0,0,0,270,0,0,0
0,23.24009,0,0,0,270,0,0,0
0,23.2505,0,0,0,270,0,0,0
0,23.26041,0,0,0,270,0,0,0
0,23.26893,0,0,0,270,0,0,0
0,23.27829,0,0,0,270,0,0,0
0,23.28712,0,0,0,270,0,0,0
0,23.29574,0,0,0,270,0,0,0
0,23.3056,0,0,0,270,0,0,0
0,23.316,0,0,0,270,0,0,0
0,23.32671,0,0,0,270,0,0,0
0,23.33712,0,0,0,270,0,0,0
0,23.34741,0,0,0,270,0,0,0
0,23.35668,0,0,0,270,0,0,0
0,23.36595,0,0,0,270,0,0,0
0,23.37647,0,0,0,270,0,0,0
0,23.38566,0,0,0,270,0,0,0
0,23.39638,0,0,0,270,0,0,0
0,23.41272,0,0,0,270,0,0,0
0,23.42381,0,0,0,270,0,0,0
0,23.43395,0,0,0,270,0,0,0
0,23.44477,0,0,0,270,0,0,0
0,23.455,0,0,0,270,0,0,0
0,23.46667,0,0,0,270,0,0,0
0,23.48005,0,0,0,270,0,0,0
0,23.49073,0,0,0,270,0,0,0
0,23.50275,0,0,0,270,0,0,0
0,23.51511,0,0,0,270,0,0,0
0,23.52456,0,0,0,270,0,0,0
0,23.53616,0,0,0,270,0,0,0
0,23.54722,0,0,0,270,0,0,0
0,23.55776,0,0,0,270,0,0,0
0,23.56889,0,0,0,270,0,0,0
0,23.57848,0,0,0,270,0,0,0
0,23.58813,0,0,0,270,0,0,0
0,23.59868,0,0,0,270,0,0,0
0,23.60963,0,0,0,270,0,0,0
0,23.62199,0,0,0,270,0,0,0
0,23.63347,0,0,0,270,0,0,0
0,23.6429,0,0,0,270,0,0,0
0,23.65565,0,0,0,270,0,0,0
0,23.67134,0,0,0,270,0,0,0
0,23.68258,0,0,0,270,0,0,0
0,23.69316,0,0,0,270,0,0,0
0,23.70235,0,0,0,270,0,0,0
0,23.71298,0,0,0,270,0,0,0
0,23.72314,0,0,0,270,0,0,0
0,23.73245,0,0,0,270,0,0,0
0,23.7425,0,0,0,270,0,0,0
0,23.75244,0,0,0,270,0,0,0
0,23.76115,0,0,0,270,0,0,0
0,23.76996,0,0,0,270,0,0,0
0,23.77909,0,0,0,270,0,0,0
0,23.78761,0,0,0,270,0,0,0
0,23.79588,0,0,0,270,0,0,0
0,23.8045,0,0,0,270,0,0,0
0,23.81407,0,0,0,270,0,0,0
0,23.8235,0,0,0,270,0,0,0
0,23.83264,0,0,0,270,0,0,0
0,23.84223,0,0,0,270,0,0,0
0,23.85097,0,0,0,270,0,0,0
0,23.85972,0,0,0,270,0,0,0
0,23.86998,0,0,0,270,0,0,0
0,23.88059,0,0,0,270,0,0,0
0,23.89021,0,0,0,270,0,0,0
0,23.90091,0,0,0,270,0,0,0
0,23.91187,0,0,0,270,0,0,0
0,23.92271,0,0,0,270,0,0,0
0,23.93264,0,0,0,270,0,0,0
0,23.94451,0,0,0,270,0,0,0
0,23.95571,0,0,0,270,0,0,0
0,23.96689,0,0,0,270,0,0,0
0,23.97658,0,0,0,270,0,0,0
0,23.98711,0,0,0,270,0,0,0
0,24.00028,0,0,0,270,0,0,0
0,24.01177,0,0,0,270,0,0,0
0,24.022,0,0,0,270,0,0,0
0,24.03387,0,0,0,270,0,0,0
0,24.04486,0,0,0,270,0,0,0
0,24.05632,0,0,0,270,0,0,0
0,24.06704,0,0,0,270,0,0,0
0,24.07726,0,0,0,270,0,0,0
0,24.08769,0,0,0,270,0,0,0
0,24.09913,0,0,0,270,0,0,0
0,24.11123,0,0,0,270,0,0,0
0,24.1299,0,0,0,270,0,0,0
0,24.14099,0,0,0,270,0,0,0
0,24.15447,0,0,0,270,0,0,0
0,24.16644,0,0,0,270,0,0,0
0,24.17804,0,0,0,270,0,0,0
0,24.19122,0,0,0,270,0,0,0
0,24.20164,0,0,0,270,0,0,0
0,24.21178,0,0,0,270,0,0,0
0,24.22281,0,0,0,270,0,0,0
0,24.2327,0,0,0,270,0,0,0
0,24.24264,0,0,0,270,0,0,0
0,24.25329,0,0,0,270,0,0,0
0,24.26208,0,0,0,270,0,0,0
0,24.27254,0,0,0,270,0,0,0
0,24.28133,0,0,0,270,0,0,0
0,24.28989,0,0,0,270,0,0,0
0,24.29894,0,0,0,270,0,0,0
0,24.30779,0,0,0,270,0,0,0
0,24.31833,0,0,0,270,0,0,0
0,24.32778,0,0,0,270,0,0,0
0,24.33803,0,0,0,270,0,0,0
0,24.34883,0,0,0,270,0,0,0
0,24.35893,0,0,0,270,0,0,0
0,24.36875,0,0,0,270,0,0,0
0,24.37952,0,0,0,270,0,0,0
0,24.39002,0,0,0,270,0,0,0
0,24.39961,0,0,0,270,0,0,0
0,24.40954,0,0,0,270,0,0,0
0,24.42024,0,0,0,270,0,0,0
0,24.42816,0,0,0,270,0,0,0
0,24.43798,0,0,0,270,0,0,0
0,24.44874,0,0,0,270,0,0,0
0,24.45811,0,0,0,270,0,0,0
0,24.4695,0,0,0,270,0,0,0
0,24.4803,0,0,0,270,0,0,0
0,24.49022,0,0,0,270,0,0,0
0,24.50136,0,0,0,270,0,0,0
0,24.51295,0,0,0,270,0,0,0
0,24.52317,0,0,0,270,0,0,0
0,24.53434,0,0,0,270,0,0,0
0,24.54553,0,0,0,270,0,0,0
0,24.55638,0,0,0,270,0,0,0
0,24.56821,0,0,0,270,0,0,0
0,24.57886,0,0,0,270,0,0,0
0,24.58949,0,0,0,270,0,0,0
0,24.6011,0,0,0,270,0,0,0
0,24.6143,0,0,0,270,0,0,0
0,24.62586,0,0,0,270,0,0,0
0,24.63774,0,0,0,270,0,0,0
0,24.64885,0,0,0,270,0,0,0
0,24.66137,0,0,0,270,0,0,0
0,24.67575,0,0,0,270,0,0,0
0,24.69006,0,0,0,270,0,0,0
0,24.70468,0,0,0,270,0,0,0
0,24.71514,0,0,0,270,0,0,0
0,24.72679,0,0,0,270,0,0,0
0,24.73853,0,0,0,270,0,0,0
0,24.74915,0,0,0,270,0,0,0
0,24.76039,0,0,0,270,0,0,0
0,24.77255,0,0,0,270,0,0,0
0,24.78518,0,0,0,270,0,0,0
0,24.79602,0,0,0,270,0,0,0
0,24.80556,0,0,0,270,0,0,0
0,24.81462,0,0,0,270,0,0,0
0,24.8233,0,0,0,270,0,0,0
0,24.83324,0,0,0,270,0,0,0
0,24.84472,0,0,0,270,0,0,0
0,24.85643,0,0,0,270,0,0,0
0,24.87058,0,0,0,270,0,0,0
0,24.87991,0,0,0,270,0,0,0
0,24.89064,0,0,0,270,0,0,0
0,24.90034,0,0,0,270,0,0,0
0,24.91174,0,0,0,270,0,0,0
0,24.92392,0,0,0,270,0,0,0
0,24.93579,0,0,0,270,0,0,0
0,24.95506,0,0,0,270,0,0,0
0,24.96828,0,0,0,270,0,0,0
0,24.98231,0,0,0,270,0,0,0
0,24.99163,0,0,0,270,0,0,0
0,25.00192,0,0,0,270,0,0,0
0,25.01335,0,0,0,270,0,0,0
0,25.0249,0,0,0,270,0,0,0
0,25.039,0,0,0,270,0,0,0
0,25.05418,0,0,0,270,0,0,0
0,25.06487,0,0,0,270,0,0,0
0,25.07786,0,0,0,270,0,0,0
0,25.08921,0,0,0,270,0,0,0
0,25.10269,0,0,0,270,0,0,0
0,25.11645,0,0,0,270,0,0,0
0,25.12827,0,0,0,270,0,0,0
0,25.14118,0,0,0,270,0,0,0
0,25.15565,0,0,0,270,0,0,0
0,25.17103,0,0,0,270,0,0,0
0,25.18298,0,0,0,270,0,0,0
0,25.19495,0,0,0,270,0,0,0
0,25.20633,0,0,0,270,0,0,0
0,25.22163,0,0,0,270,0,0,0
0,25.24012,0,0,0,270,0,0,0
0,25.25565,0,0,0,270,0,0,0
0,25.27098,0,0,0,270,0,0,0
0,25.28467,0,0,0,270,0,0,0
0,25.29861,0,0,0,270,0,0,0
0,25.31054,0,0,0,270,0,0,0
0,25.32047,0,0,0,270,0,0,0
0,25.33034,0,0,0,270,0,0,0
0,25.34104,0,0,0,270,0,0,0
0,25.35258,0,0,0,270,0,0,0
0,25.36609,0,0,0,270,0,0,0
0,25.37816,0,0,0,270,0,0,0
0,25.38815,0,0,0,270,0,0,0
0,25.39759,0,0,0,270,0,0,0
0,25.40739,0,0,0,270,0,0,0
0,25.41768,0,0,0,270,0,0,0
0,25.42737,0,0,0,270,0,0,0
0,25.4368,0,0,0,270,0,0,0
0,25.44686,0,0,0,270,0,0,0
0,25.45716,0,0,0,270,0,0,0
0,25.46825,0,0,0,270,0,0,0
0,25.47737,0,0,0,270,0,0,0
0,25.48725,0,0,0,270,0,0,0
0,25.50017,0,0,0,270,0,0,0
0,25.51375,0,0,0,270,0,0,0
0,25.52788,0,0,0,270,0,0,0
0,25.53849,0,0,0,270,0,0,0
0,25.54841,0,0,0,270,0,0,0
0,25.55916,0,0,0,270,0,0,0
0,25.56844,0,0,0,270,0,0,0
0,25.57794,0,0,0,270,0,0,0
0,25.59214,0,0,0,270,0,0,0
0,25.60942,0,0,0,270,0,0,0
0,25.62139,0,0,0,270,0,0,0
0,25.63315,0,0,0,270,0,0,0
0,25.64389,0,0,0,270,0,0,0
0,25.6536,0,0,0,270,0,0,0
0,25.66699,0,0,0,270,0,0,0
0,25.67972,0,0,0,270,0,0,0
0,25.70748,0,0,0,270,0,0,0
0,25.73005,0,0,0,270,0,0,0
0,25.74454,0,0,0,270,0,0,0
0,25.75772,0,0,0,270,0,0,0
0,25.77495,0,0,0,270,0,0,0
0,25.79146,0,0,0,270,0,0,0
0,25.80575,0,0,0,270,0,0,0
0,25.82156,0,0,0,270,0,0,0
0,25.83593,0,0,0,270,0,0,0
0,25.85171,0,0,0,270,0,0,0
0,25.86632,0,0,0,270,0,0,0
0,25.88711,0,0,0,270,0,0,0
0,25.90654,0,0,0,270,0,0,0
0,25.92309,0,0,0,270,0,0,0
0,25.94357,0,0,0,270,0,0,0
0,25.9584,0,0,0,270,0,0,0
0,25.97891,0,0,0,270,0,0,0
0,26.00097,0,0,0,270,0,0,0
0,26.02177,0,0,0,270,0,0,0
0,26.03535,0,0,0,270,0,0,0
0,26.04655,0,0,0,270,0,0,0
0,26.06168,0,0,0,270,0,0,0
0,26.07105,0,0,0,270,0,0,0
0,26.08329,0,0,0,270,0,0,0
0,26.09583,0,0,0,270,0,0,0
0,26.10655,0,0,0,270,0,0,0
0,26.1161,0,0,0,270,0,0,0
0,26.12691,0,0,0,270,0,0,0
0,26.14016,0,0,0,270,0,0,0
0,26.15554,0,0,0,270,0,0,0
0,26.17066,0,0,0,270,0,0,0
0,26.18291,0,0,0,270,0,0,0
0,26.1955,0,0,0,270,0,0,0
0,26.21003,0,0,0,270,0,0,0
0,26.22493,0,0,0,270,0,0,0
0,26.24028,0,0,0,270,0,0,0
0,26.25524,0,0,0,270,0,0,0
0,26.26995,0,0,0,270,0,0,0
0,26.28371,0,0,0,270,0,0,0
0,26.29726,0,0,0,270,0,0,0
0,26.30783,0,0,0,270,0,0,0
0,26.32638,0,0,0,270,0,0,0
0,26.34102,0,0,0,270,0,0,0
0,26.35812,0,0,0,270,0,0,0
0,26.37134,0,0,0,270,0,0,0
0,26.38906,0,0,0,270,0,0,0
0,26.40344,0,0,0,270,0,0,0
0,26.41557,0,0,0,270,0,0,0
0,26.42696,0,0,0,270,0,0,0
0,26.43697,0,0,0,270,0,0,0
0,26.44749,0,0,0,270,0,0,0
0,26.45929,0,0,0,270,0,0,0
0,26.47006,0,0,0,270,0,0,0
0,26.48171,0,0,0,270,0,0,0
0,26.49359,0,0,0,270,0,0,0
0,26.50287,0,0,0,270,0,0,0
0,26.51351,0,0,0,270,0,0,0
0,26.52436,0,0,0,270,0,0,0
0,26.53547,0,0,0,270,0,0,0
0,26.54578,0,0,0,270,0,0,0
0,26.55572,0,0,0,270,0,0,0
0,26.56607,0,0,0,270,0,0,0
0,26.57665,0,0,0,270,0,0,0
0,26.58791,0,0,0,270,0,0,0
0,26.60163,0,0,0,270,0,0,0
0,26.62087,0,0,0,270,0,0,0
0,26.63463,0,0,0,270,0,0,0
0,26.64822,0,0,0,270,0,0,0
0,26.66218,0,0,0,270,0,0,0
0,26.67106,0,0,0,270,0,0,0
0,26.67992,0,0,0,270,0,0,0
0,26.69128,0,0,0,270,0,0,0
0,26.70325,0,0,0,270,0,0,0
0,26.71319,0,0,0,270,0,0,0
0,26.72338,0,0,0,270,0,0,0
0,26.73444,0,0,0,270,0,0,0
0,26.74627,0,0,0,270,0,0,0
0,26.76258,0,0,0,270,0,0,0
0,26.77499,0,0,0,270,0,0,0
0,26.78618,0,0,0,270,0,0,0
0,26.79718,0,0,0,270,0,0,0
0,26.80793,0,0,0,270,0,0,0
0,26.8181,0,0,0,270,0,0,0
0,26.84006,0,0,0,270,0,0,0
0,26.86164,0,0,0,270,0,0,0
0,26.87147,0,0,0,270,0,0,0
0,26.88102,0,0,0,270,0,0,0
0,26.89093,0,0,0,270,0,0,0
0,26.9002,0,0,0,270,0,0,0
0,26.90899,0,0,0,270,0,0,0
0,26.91712,0,0,0,270,0,0,0
0,26.92568,0,0,0,270,0,0,0
0,26.93461,0,0,0,270,0,0,0
0,26.9427,0,0,0,270,0,0,0
0,26.95128,0,0,0,270,0,0,0
0,26.95934,0,0,0,270,0,0,0
0,26.96974,0,0,0,270,0,0,0
0,26.97805,0,0,0,270,0,0,0
0,26.98716,0,0,0,270,0,0,0
0,26.99677,0,0,0,270,0,0,0
0,27.00504,0,0,0,270,0,0,0
0,27.01388,0,0,0,270,0,0,0
0,27.02333,0,0,0,270,0,0,0
0,27.03384,0,0,0,270,0,0,0
0,27.04387,0,0,0,270,0,0,0
0,27.05381,0,0,0,270,0,0,0
0,27.063,0,0,0,270,0,0,0
0,27.07172,0,0,0,270,0,0,0
0,27.08209,0,0,0,270,0,0,0
0,27.09257,0,0,0,270,0,0,0
0,27.10079,0,0,0,270,0,0,0
0,27.1116,0,0,0,270,0,0,0
0,27.1194,0,0,0,270,0,0,0
0,27.12798,0,0,0,270,0,0,0
0,27.13736,0,0,0,270,0,0,0
0,27.1462,0,0,0,270,0,0,0
0,27.15618,0,0,0,270,0,0,0
0,27.16665,0,0,0,270,0,0,0
0,27.17697,0,0,0,270,0,0,0
0,27.18709,0,0,0,270,0,0,0
0,27.19725,0,0,0,270,0,0,0
0,27.20713,0,0,0,270,0,0,0
0,27.21663,0,0,0,270,0,0,0
0,27.22484,0,0,0,270,0,0,0
0,27.23427,0,0,0,270,0,0,0
0,27.24164,0,0,0,270,0,0,0
0,27.25007,0,0,0,270,0,0,0
0,27.25817,0,0,0,270,0,0,0
0,27.26675,0,0,0,270,0,0,0
0,27.27447,0,0,0,270,0,0,0
0,27.28432,0,0,0,270,0,0,0
0,27.2928,0,0,0,270,0,0,0
0,27.30168,0,0,0,270,0,0,0
0,27.3109,0,0,0,270,0,0,0
0,27.31819,0,0,0,270,0,0,0
0,27.32664,0,0,0,270,0,0,0
0,27.33547,0,0,0,270,0,0,0
0,27.3449,0,0,0,270,0,0,0
0,27.35389,0,0,0,270,0,0,0
0,27.36402,0,0,0,270,0,0,0
0,27.37453,0,0,0,270,0,0,0
0,27.38427,0,0,0,270,0,0,0
0,27.39395,0,0,0,270,0,0,0
0,27.40447,0,0,0,270,0,0,0
0,27.41558,0,0,0,270,0,0,0
0,27.42628,0,0,0,270,0,0,0
0,27.44421,0,0,0,270,0,0,0
0,27.45495,0,0,0,270,0,0,0
0,27.464,0,0,0,270,0,0,0
0,27.47406,0,0,0,270,0,0,0
0,27.48392,0,0,0,270,0,0,0
0,27.49345,0,0,0,270,0,0,0
0,27.50368,0,0,0,270,0,0,0
0,27.51366,0,0,0,270,0,0,0
0,27.52386,0,0,0,270,0,0,0
0,27.53435,0,0,0,270,0,0,0
0,27.54453,0,0,0,270,0,0,0
0,27.55467,0,0,0,270,0,0,0
0,27.56389,0,0,0,270,0,0,0
0,27.57311,0,0,0,270,0,0,0
0,27.58235,0,0,0,270,0,0,0
0,27.59103,0,0,0,270,0,0,0
0,27.60015,0,0,0,270,0,0,0
0,27.61042,0,0,0,270,0,0,0
0,27.62068,0,0,0,270,0,0,0
0,27.63176,0,0,0,270,0,0,0
0,27.64029,0,0,0,270,0,0,0
0,27.64886,0,0,0,270,0,0,0
0,27.6578,0,0,0,270,0,0,0
0,27.66823,0,0,0,270,0,0,0
0,27.67686,0,0,0,270,0,0,0
0,27.6855,0,0,0,270,0,0,0
0,27.69378,0,0,0,270,0,0,0
0,27.70308,0,0,0,270,0,0,0
0,27.71152,0,0,0,270,0,0,0
0,27.72294,0,0,0,270,0,0,0
0,27.73325,0,0,0,270,0,0,0
0,27.7414,0,0,0,270,0,0,0
0,27.74996,0,0,0,270,0,0,0
0,27.75894,0,0,0,270,0,0,0
0,27.76765,0,0,0,270,0,0,0
0,27.77933,0,0,0,270,0,0,0
0,27.79436,0,0,0,270,0,0,0
0,27.80474,0,0,0,270,0,0,0
0,27.81413,0,0,0,270,0,0,0
0,27.82357,0,0,0,270,0,0,0
0,27.83261,0,0,0,270,0,0,0
0,27.84232,0,0,0,270,0,0,0
0,27.84957,0,0,0,270,0,0,0
0,27.85835,0,0,0,270,0,0,0
0,27.86625,0,0,0,270,0,0,0
0,27.87333,0,0,0,270,0,0,0
0,27.88169,0,0,0,270,0,0,0
0,27.89075,0,0,0,270,0,0,0
0,27.89965,0,0,0,270,0,0,0
0,27.90841,0,0,0,270,0,0,0
0,27.91753,0,0,0,270,0,0,0
0,27.92576,0,0,0,270,0,0,0
0,27.93465,0,0,0,270,0,0,0
0,27.94354,0,0,0,270,0,0,0
0,27.95194,0,0,0,270,0,0,0
0,27.96034,0,0,0,270,0,0,0
0,27.9704,0,0,0,270,0,0,0
0,27.97988,0,0,0,270,0,0,0
0,27.98992,0,0,0,270,0,0,0
0,27.99922,0,0,0,270,0,0,0
0,28.00787,0,0,0,270,0,0,0
0,28.01765,0,0,0,270,0,0,0
0,28.02664,0,0,0,270,0,0,0
0,28.03546,0,0,0,270,0,0,0
0,28.04636,0,0,0,270,0,0,0
0,28.05589,0,0,0,270,0,0,0
0,28.06654,0,0,0,270,0,0,0
0,28.07664,0,0,0,270,0,0,0
0,28.08488,0,0,0,270,0,0,0
0,28.09402,0,0,0,270,0,0,0
0,28.10217,0,0,0,270,0,0,0
0,28.11131,0,0,0,270,0,0,0
0,28.11868,0,0,0,270,0,0,0
0,28.12811,0,0,0,270,0,0,0
0,28.13701,0,0,0,270,0,0,0
0,28.145,0,0,0,270,0,0,0
0,28.15442,0,0,0,270,0,0,0
0,28.16276,0,0,0,270,0,0,0
0,28.1724,0,0,0,270,0,0,0
0,28.18066,0,0,0,270,0,0,0
0,28.19012,0,0,0,270,0,0,0
0,28.19936,0,0,0,270,0,0,0
0,28.20912,0,0,0,270,0,0,0
0,28.21925,0,0,0,270,0,0,0
0,28.2271,0,0,0,270,0,0,0
0,28.23601,0,0,0,270,0,0,0
0,28.24415,0,0,0,270,0,0,0
0,28.25078,0,0,0,270,0,0,0
0,28.25936,0,0,0,270,0,0,0
0,28.26703,0,0,0,270,0,0,0
0,28.27438,0,0,0,270,0,0,0
0,28.28285,0,0,0,270,0,0,0
0,28.29596,0,0,0,270,0,0,0
0,28.30286,0,0,0,270,0,0,0
0,28.31094,0,0,0,270,0,0,0
0,28.31803,0,0,0,270,0,0,0
0,28.3269,0,0,0,270,0,0,0
0,28.33395,0,0,0,270,0,0,0
0,28.34296,0,0,0,270,0,0,0
0,28.35089,0,0,0,270,0,0,0
0,28.3591,0,0,0,270,0,0,0
0,28.36588,0,0,0,270,0,0,0
0,28.3731,0,0,0,270,0,0,0
0,28.38072,0,0,0,270,0,0,0
0,28.39006,0,0,0,270,0,0,0
0,28.39806,0,0,0,270,0,0,0
0,28.40629,0,0,0,270,0,0,0
0,28.41395,0,0,0,270,0,0,0
0,28.42184,0,0,0,270,0,0,0
0,28.42905,0,0,0,270,0,0,0
0,28.43682,0,0,0,270,0,0,0
0,28.44604,0,0,0,270,0,0,0
0,28.45486,0,0,0,270,0,0,0
0,28.46313,0,0,0,270,0,0,0
0,28.47215,0,0,0,270,0,0,0
0,28.4818,0,0,0,270,0,0,0
0,28.49083,0,0,0,270,0,0,0
0,28.50053,0,0,0,270,0,0,0
0,28.50792,0,0,0,270,0,0,0
0,28.51764,0,0,0,270,0,0,0
0,28.52681,0,0,0,270,0,0,0
0,28.53461,0,0,0,270,0,0,0
0,28.54497,0,0,0,270,0,0,0
0,28.55495,0,0,0,270,0,0,0
0,28.56335,0,0,0,270,0,0,0
0,28.57256,0,0,0,270,0,0,0
0,28.58222,0,0,0,270,0,0,0
0,28.59066,0,0,0,270,0,0,0
0,28.6002,0,0,0,270,0,0,0
0,28.60924,0,0,0,270,0,0,0
0,28.61887,0,0,0,270,0,0,0
0,28.62746,0,0,0,270,0,0,0
0,28.63614,0,0,0,270,0,0,0
0,28.64532,0,0,0,270,0,0,0
0,28.6548,0,0,0,270,0,0,0
0,28.6624,0,0,0,270,0,0,0
0,28.67153,0,0,0,270,0,0,0
0,28.68078,0,0,0,270,0,0,0
0,28.68902,0,0,0,270,0,0,0
0,28.69937,0,0,0,270,0,0,0
0,28.7083,0,0,0,270,0,0,0
0,28.71757,0,0,0,270,0,0,0
0,28.72527,0,0,0,270,0,0,0
0,28.73602,0,0,0,270,0,0,0
0,28.74557,0,0,0,270,0,0,0
0,28.75257,0,0,0,270,0,0,0
0,28.7607,0,0,0,270,0,0,0
0,28.76873,0,0,0,270,0,0,0
0,28.7764,0,0,0,270,0,0,0
0,28.78305,0,0,0,270,0,0,0
0,28.79022,0,0,0,270,0,0,0
0,28.79906,0,0,0,270,0,0,0
0,28.80958,0,0,0,270,0,0,0
0,28.82148,0,0,0,270,0,0,0
0,28.83597,0,0,0,270,0,0,0
0,28.84405,0,0,0,270,0,0,0
0,28.8509,0,0,0,270,0,0,0
0,28.85946,0,0,0,270,0,0,0
0,28.86718,0,0,0,270,0,0,0
0,28.87596,0,0,0,270,0,0,0
0,28.88573,0,0,0,270,0,0,0
0,28.89538,0,0,0,270,0,0,0
0,28.90509,0,0,0,270,0,0,0
0,28.91263,0,0,0,270,0,0,0
0,28.92125,0,0,0,270,0,0,0
0,28.92809,0,0,0,270,0,0,0
0,28.93584,0,0,0,270,0,0,0
0,28.9429,0,0,0,270,0,0,0
0,28.95057,0,0,0,270,0,0,0
0,28.95752,0,0,0,270,0,0,0
0,28.96581,0,0,0,270,0,0,0
0,28.97219,0,0,0,270,0,0,0
0,28.98033,0,0,0,270,0,0,0
0,28.98831,0,0,0,270,0,0,0
0,28.99617,0,0,0,270,0,0,0
0,29.0048,0,0,0,270,0,0,0
0,29.0133,0,0,0,270,0,0,0
0,29.02073,0,0,0,270,0,0,0
0,29.02758,0,0,0,270,0,0,0
0,29.03471,0,0,0,270,0,0,0
0,29.04198,0,0,0,270,0,0,0
0,29.04843,0,0,0,270,0,0,0
0,29.05508,0,0,0,270,0,0,0
0,29.0616,0,0,0,270,0,0,0
0,29.07294,0,0,0,270,0,0,0
0,29.08142,0,0,0,270,0,0,0
0,29.09059,0,0,0,270,0,0,0
0,29.09832,0,0,0,270,0,0,0
0,29.10706,0,0,0,270,0,0,0
0,29.11567,0,0,0,270,0,0,0
0,29.12365,0,0,0,270,0,0,0
0,29.13199,0,0,0,270,0,0,0
0,29.14004,0,0,0,270,0,0,0
0,29.14758,0,0,0,270,0,0,0
0,29.15724,0,0,0,270,0,0,0
0,29.16654,0,0,0,270,0,0,0
0,29.17475,0,0,0,270,0,0,0
0,29.18498,0,0,0,270,0,0,0
0,29.19283,0,0,0,270,0,0,0
0,29.20337,0,0,0,270,0,0,0
0,29.21134,0,0,0,270,0,0,0
0,29.22052,0,0,0,270,0,0,0
0,29.22792,0,0,0,270,0,0,0
0,29.23956,0,0,0,270,0,0,0
0,29.2489,0,0,0,270,0,0,0
0,29.2583,0,0,0,270,0,0,0
0,29.26926,0,0,0,270,0,0,0
0,29.27947,0,0,0,270,0,0,0
0,29.28901,0,0,0,270,0,0,0
0,29.29897,0,0,0,270,0,0,0
0,29.30756,0,0,0,270,0,0,0
0,29.31685,0,0,0,270,0,0,0
0,29.32766,0,0,0,270,0,0,0
0,29.33578,0,0,0,270,0,0,0
0,29.34506,0,0,0,270,0,0,0
0,29.35258,0,0,0,270,0,0,0
0,29.36123,0,0,0,270,0,0,0
0,29.36952,0,0,0,270,0,0,0
0,29.37839,0,0,0,270,0,0,0
0,29.38988,0,0,0,270,0,0,0
0,29.39698,0,0,0,270,0,0,0
0,29.40711,0,0,0,270,0,0,0
0,29.41596,0,0,0,270,0,0,0
0,29.42533,0,0,0,270,0,0,0
0,29.44179,0,0,0,270,0,0,0
0,29.4528,0,0,0,270,0,0,0
0,29.4614,0,0,0,270,0,0,0
0,29.47044,0,0,0,270,0,0,0
0,29.4782,0,0,0,270,0,0,0
0,29.4873,0,0,0,270,0,0,0
0,29.49529,0,0,0,270,0,0,0
0,29.50376,0,0,0,270,0,0,0
0,29.51428,0,0,0,270,0,0,0
0,29.52271,0,0,0,270,0,0,0
0,29.53197,0,0,0,270,0,0,0
0,29.54022,0,0,0,270,0,0,0
0,29.54977,0,0,0,270,0,0,0
0,29.56233,0,0,0,270,0,0,0
0,29.57509,0,0,0,270,0,0,0
0,29.58492,0,0,0,270,0,0,0
0,29.59432,0,0,0,270,0,0,0
0,29.60303,0,0,0,270,0,0,0
0,29.61957,0,0,0,270,0,0,0
0,29.63068,0,0,0,270,0,0,0
0,29.64303,0,0,0,270,0,0,0
0,29.65821,0,0,0,270,0,0,0
0,29.6674,0,0,0,270,0,0,0
0,29.67821,0,0,0,270,0,0,0
0,29.68976,0,0,0,270,0,0,0
0,29.69962,0,0,0,270,0,0,0
0,29.71982,0,0,0,270,0,0,0
0,29.73435,0,0,0,270,0,0,0
0,29.75031,0,0,0,270,0,0,0
0,29.76173,0,0,0,270,0,0,0
0,29.77678,0,0,0,270,0,0,0
0,29.78972,0,0,0,270,0,0,0
0,29.80359,0,0,0,270,0,0,0
0,29.81888,0,0,0,270,0,0,0
0,29.83972,0,0,0,270,0,0,0
0,29.86338,0,0,0,270,0,0,0
0,29.88066,0,0,0,270,0,0,0
0,29.89342,0,0,0,270,0,0,0
0,29.90823,0,0,0,270,0,0,0
0,29.91789,0,0,0,270,0,0,0
0,29.93034,0,0,0,270,0,0,0
0,29.94544,0,0,0,270,0,0,0
0,29.95669,0,0,0,270,0,0,0
0,29.96649,0,0,0,270,0,0,0
0,29.97442,0,0,0,270,0,0,0
0,29.98389,0,0,0,270,0,0,0
0,29.99996,0,0,0,270,0,0,0
0,30.0079,0,0,0,270,0,0,0
0,30.01731,0,0,0,270,0,0,0
0,30.02709,0,0,0,270,0,0,0
0,30.03643,0,0,0,270,0,0,0
0,30.04653,0,0,0,270,0,0,0
0,30.05736,0,0,0,270,0,0,0
0,30.06597,0,0,0,270,0,0,0
0,30.07414,0,0,0,270,0,0,0
0,30.08288,0,0,0,270,0,0,0
0,30.09333,0,0,0,270,0,0,0
0,30.10151,0,0,0,270,0,0,0
0,30.11205,0,0,0,270,0,0,0
0,30.12107,0,0,0,270,0,0,0
0,30.13043,0,0,0,270,0,0,0
0,30.13995,0,0,0,270,0,0,0
0,30.14955,0,0,0,270,0,0,0
0,30.15927,0,0,0,270,0,0,0
0,30.16885,0,0,0,270,0,0,0
0,30.17715,0,0,0,270,0,0,0
0,30.18553,0,0,0,270,0,0,0
0,30.19348,0,0,0,270,0,0,0
0,30.20292,0,0,0,270,0,0,0
0,30.21085,0,0,0,270,0,0,0
0,30.21809,0,0,0,270,0,0,0
0,30.22548,0,0,0,270,0,0,0
0,30.2336,0,0,0,270,0,0,0
0,30.24101,0,0,0,270,0,0,0
0,30.24901,0,0,0,270,0,0,0
0,30.25787,0,0,0,270,0,0,0
0,30.26545,0,0,0,270,0,0,0
0,30.27289,0,0,0,270,0,0,0
0,30.28082,0,0,0,270,0,0,0
0,30.28779,0,0,0,270,0,0,0
0,30.2965,0,0,0,270,0,0,0
0,30.30482,0,0,0,270,0,0,0
0,30.31255,0,0,0,270,0,0,0
0,30.31925,0,0,0,270,0,0,0
0,30.32678,0,0,0,270,0,0,0
0,30.33407,0,0,0,270,0,0,0
0,30.34207,0,0,0,270,0,0,0
0,30.34912,0,0,0,270,0,0,0
0,30.35786,0,0,0,270,0,0,0
0,30.36448,0,0,0,270,0,0,0
0,30.37222,0,0,0,270,0,0,0
0,30.37892,0,0,0,270,0,0,0
0,30.38703,0,0,0,270,0,0,0
0,30.39373,0,0,0,270,0,0,0
0,30.40088,0,0,0,270,0,0,0
0,30.40817,0,0,0,270,0,0,0
0,30.41497,0,0,0,270,0,0,0
0,30.4232,0,0,0,270,0,0,0
0,30.43004,0,0,0,270,0,0,0
0,30.43778,0,0,0,270,0,0,0
0,30.44462,0,0,0,270,0,0,0
0,30.45196,0,0,0,270,0,0,0
0,30.45978,0,0,0,270,0,0,0
0,30.46754,0,0,0,270,0,0,0
0,30.47606,0,0,0,270,0,0,0
0,30.48427,0,0,0,270,0,0,0
0,30.49218,0,0,0,270,0,0,0
0,30.49946,0,0,0,270,0,0,0
0,30.50574,0,0,0,270,0,0,0
0,30.5144,0,0,0,270,0,0,0
0,30.52194,0,0,0,270,0,0,0
0,30.52895,0,0,0,270,0,0,0
0,30.53638,0,0,0,270,0,0,0
0,30.54403,0,0,0,270,0,0,0
0,30.55139,0,0,0,270,0,0,0
0,30.55912,0,0,0,270,0,0,0
0,30.56579,0,0,0,270,0,0,0
0,30.57419,0,0,0,270,0,0,0
0,30.58251,0,0,0,270,0,0,0
0,30.59267,0,0,0,270,0,0,0
0,30.60106,0,0,0,270,0,0,0
0,30.61131,0,0,0,270,0,0,0
0,30.62588,0,0,0,270,0,0,0
0,30.63376,0,0,0,270,0,0,0
0,30.64714,0,0,0,270,0,0,0
0,30.66277,0,0,0,270,0,0,0
0,30.67668,0,0,0,270,0,0,0
0,30.69179,0,0,0,270,0,0,0
0,30.70448,0,0,0,270,0,0,0
0,30.71788,0,0,0,270,0,0,0
0,30.73375,0,0,0,270,0,0,0
0,30.75011,0,0,0,270,0,0,0
0,30.76682,0,0,0,270,0,0,0
0,30.7816,0,0,0,270,0,0,0
0,30.7965,0,0,0,270,0,0,0
0,30.81269,0,0,0,270,0,0,0
0,30.82676,0,0,0,270,0,0,0
0,30.84167,0,0,0,270,0,0,0
0,30.85949,0,0,0,270,0,0,0
0,30.89428,0,0,0,270,0,0,0
0,30.91161,0,0,0,270,0,0,0
0,30.92365,0,0,0,270,0,0,0
0,30.93354,0,0,0,270,0,0,0
0,30.94301,0,0,0,270,0,0,0
0,30.95329,0,0,0,270,0,0,0
0,30.96348,0,0,0,270,0,0,0
0,30.97476,0,0,0,270,0,0,0
0,30.98466,0,0,0,270,0,0,0
0,30.99473,0,0,0,270,0,0,0
0,31.00391,0,0,0,270,0,0,0
0,31.01499,0,0,0,270,0,0,0
0,31.02593,0,0,0,270,0,0,0
0,31.04389,0,0,0,270,0,0,0
0,31.05397,0,0,0,270,0,0,0
0,31.06361,0,0,0,270,0,0,0
0,31.07242,0,0,0,270,0,0,0
0,31.08127,0,0,0,270,0,0,0
0,31.09065,0,0,0,270,0,0,0
0,31.09907,0,0,0,270,0,0,0
0,31.10718,0,0,0,270,0,0,0
0,31.1153,0,0,0,270,0,0,0
0,31.12463,0,0,0,270,0,0,0
0,31.1329,0,0,0,270,0,0,0
0,31.1425,0,0,0,270,0,0,0
0,31.15144,0,0,0,270,0,0,0
0,31.1608,0,0,0,270,0,0,0
0,31.1707,0,0,0,270,0,0,0
0,31.17961,0,0,0,270,0,0,0
0,31.18895,0,0,0,270,0,0,0
0,31.19829,0,0,0,270,0,0,0
0,31.20688,0,0,0,270,0,0,0
0,31.21723,0,0,0,270,0,0,0
0,31.22611,0,0,0,270,0,0,0
0,31.23562,0,0,0,270,0,0,0
0,31.24318,0,0,0,270,0,0,0
0,31.25103,0,0,0,270,0,0,0
0,31.25813,0,0,0,270,0,0,0
0,31.2667,0,0,0,270,0,0,0
0,31.27468,0,0,0,270,0,0,0
0,31.28219,0,0,0,270,0,0,0
0,31.28886,0,0,0,270,0,0,0
0,31.29638,0,0,0,270,0,0,0
0,31.30322,0,0,0,270,0,0,0
0,31.31154,0,0,0,270,0,0,0
0,31.31806,0,0,0,270,0,0,0
0,31.32541,0,0,0,270,0,0,0
0,31.33308,0,0,0,270,0,0,0
0,31.34011,0,0,0,270,0,0,0
0,31.34782,0,0,0,270,0,0,0
0,31.35522,0,0,0,270,0,0,0
0,31.36309,0,0,0,270,0,0,0
0,31.37089,0,0,0,270,0,0,0
0,31.37828,0,0,0,270,0,0,0
0,31.38524,0,0,0,270,0,0,0
0,31.39284,0,0,0,270,0,0,0
0,31.40043,0,0,0,270,0,0,0
0,31.40725,0,0,0,270,0,0,0
0,31.41439,0,0,0,270,0,0,0
0,31.42211,0,0,0,270,0,0,0
0,31.42908,0,0,0,270,0,0,0
0,31.43693,0,0,0,270,0,0,0
0,31.44448,0,0,0,270,0,0,0
0,31.45222,0,0,0,270,0,0,0
0,31.45986,0,0,0,270,0,0,0
0,31.46784,0,0,0,270,0,0,0
0,31.47475,0,0,0,270,0,0,0
0,31.48282,0,0,0,270,0,0,0
0,31.49076,0,0,0,270,0,0,0
0,31.4985,0,0,0,270,0,0,0
0,31.5049,0,0,0,270,0,0,0
0,31.51224,0,0,0,270,0,0,0
0,31.51896,0,0,0,270,0,0,0
0,31.526,0,0,0,270,0,0,0
0,31.53378,0,0,0,270,0,0,0
0,31.54056,0,0,0,270,0,0,0
0,31.5498,0,0,0,270,0,0,0
0,31.55802,0,0,0,270,0,0,0
0,31.5647,0,0,0,270,0,0,0
0,31.57154,0,0,0,270,0,0,0
0,31.57925,0,0,0,270,0,0,0
0,31.58589,0,0,0,270,0,0,0
0,31.59406,0,0,0,270,0,0,0
0,31.60129,0,0,0,270,0,0,0
0,31.60996,0,0,0,270,0,0,0
0,31.61702,0,0,0,270,0,0,0
0,31.62481,0,0,0,270,0,0,0
0,31.63195,0,0,0,270,0,0,0
0,31.63832,0,0,0,270,0,0,0
0,31.64571,0,0,0,270,0,0,0
0,31.65356,0,0,0,270,0,0,0
0,31.66033,0,0,0,270,0,0,0
0,31.66881,0,0,0,270,0,0,0
0,31.68008,0,0,0,270,0,0,0
0,31.6868,0,0,0,270,0,0,0
0,31.69348,0,0,0,270,0,0,0
0,31.70136,0,0,0,270,0,0,0
0,31.70873,0,0,0,270,0,0,0
0,31.7157,0,0,0,270,0,0,0
0,31.72262,0,0,0,270,0,0,0
0,31.73026,0,0,0,270,0,0,0
0,31.73745,0,0,0,270,0,0,0
0,31.74661,0,0,0,270,0,0,0
0,31.75466,0,0,0,270,0,0,0
0,31.76295,0,0,0,270,0,0,0
0,31.7712,0,0,0,270,0,0,0
0,31.78177,0,0,0,270,0,0,0
0,31.79217,0,0,0,270,0,0,0
0,31.80377,0,0,0,270,0,0,0
0,31.81216,0,0,0,270,0,0,0
0,31.82032,0,0,0,270,0,0,0
0,31.82883,0,0,0,270,0,0,0
0,31.8369,0,0,0,270,0,0,0
0,31.84658,0,0,0,270,0,0,0
0,31.85605,0,0,0,270,0,0,0
0,31.86627,0,0,0,270,0,0,0
0,31.8757,0,0,0,270,0,0,0
0,31.8857,0,0,0,270,0,0,0
0,31.89561,0,0,0,270,0,0,0
0,31.90739,0,0,0,270,0,0,0
0,31.92133,0,0,0,270,0,0,0
0,31.93339,0,0,0,270,0,0,0
0,31.94279,0,0,0,270,0,0,0
0,31.95209,0,0,0,270,0,0,0
0,31.96174,0,0,0,270,0,0,0
0,31.97079,0,0,0,270,0,0,0
0,31.9804,0,0,0,270,0,0,0
0,31.98944,0,0,0,270,0,0,0
0,31.99911,0,0,0,270,0,0,0
0,32.00751,0,0,0,270,0,0,0
0,32.0169,0,0,0,270,0,0,0
0,32.02541,0,0,0,270,0,0,0
0,32.03577,0,0,0,270,0,0,0
0,32.0566,0,0,0,270,0,0,0
0,32.06913,0,0,0,270,0,0,0
0,32.08011,0,0,0,330.0184,3,0,5.2
0,32.09008,0,0,0,330.0184,3,0,5.2
0,32.0999,0,0,0,330.0184,3,0,5.2
0,32.108,0,0,0,330.0184,3,0,5.2
0,32.11879,0,0,0,330.0184,3,0,5.2
0,32.13253,0,0,0,330.0184,3,0,5.2
0,32.14763,0,0,0,330.0184,3,0,5.2
0,32.16373,0,0,0,330.0184,3,0,5.2
0,32.18839,0,0,0,330.0184,3,0,5.2
0,32.20086,0,0,0,330.0184,3,0,5.2
0,32.21064,0,0,0,330.0184,3,0,5.2
0,32.22112,0,0,0,330.0184,3,0,5.2
0,32.22962,0,0,0,330.0184,3,0,5.2
0,32.23975,0,0,0,330.0184,3,0,5.2
0,32.24989,0,0,0,330.0184,3,0,5.2
0,32.25984,0,0,0,330.0184,3,0,5.2
0,32.2709,0,0,0,330.0184,3,0,5.2
0,32.28073,0,0,0,330.0184,3,0,5.2
0,32.29082,0,0,0,330.0184,3,0,5.2
0,32.30125,0,0,0,330.0184,3,0,5.2
0,32.31142,0,0,0,330.0184,3,0,5.2
0,32.32032,0,0,0,330.0184,3,0,5.2
0,32.32986,0,0,0,330.0184,3,0,5.2
0,32.33979,0,0,0,330.0184,3,0,5.2
0,32.34919,0,0,0,330.0184,3,0,5.2
0,32.35851,0,0,0,330.0184,3,0,5.2
0,32.36686,0,0,0,330.0184,3,0,5.2
0,32.37668,0,0,0,330.0184,3,0,5.2
0,32.38456,0,0,0,330.0184,3,0,5.2
0,32.3932,0,0,0,330.0184,3,0,5.2
0,32.40243,0,0,0,330.0184,3,0,5.2
0,32.411,0,0,0,330.0184,3,0,5.2
0,32.4193,0,0,0,330.0184,3,0,5.2
0,32.42774,0,0,0,330.0184,3,0,5.2
0,32.43528,0,0,0,330.0184,3,0,5.2
0,32.44281,0,0,0,330.0184,3,0,5.2
0,32.45077,0,0,0,330.0184,3,0,5.2
0,32.45863,0,0,0,330.0184,3,0,5.2
0,32.46689,0,0,0,330.0184,3,0,5.2
0,32.47453,0,0,0,330.0184,3,0,5.2
0,32.48301,0,0,0,330.0184,3,0,5.2
0,32.491,0,0,0,330.0184,3,0,5.2
0,32.49899,0,0,0,330.0184,3,0,5.2
0,32.50793,0,0,0,330.0184,3,0,5.2
0,32.51562,0,0,0,330.0184,3,0,5.2
0,32.52349,0,0,0,330.0184,3,0,5.2
0,32.53195,0,0,0,330.0184,3,0,5.2
0,32.5388,0,0,0,330.0184,3,0,5.2
0,32.5474,0,0,0,330.0184,3,0,5.2
0,32.55471,0,0,0,330.0184,3,0,5.2
0,32.56189,0,0,0,330.0184,3,0,5.2
0,32.57418,0,0,0,330.0184,3,0,5.2
0,32.58155,0,0,0,330.0184,3,0,5.2
0,32.58935,0,0,0,330.0184,3,0,5.2
0,32.59683,0,0,0,330.0184,3,0,5.2
0,32.60518,0,0,0,330.0184,3,0,5.2
0,32.61462,0,0,0,330.0184,3,0,5.2
0,32.62463,0,0,0,330.0184,3,0,5.2
0,32.63426,0,0,0,330.0184,3,0,5.2
0,32.64295,0,0,0,330.0184,3,0,5.2
0,32.65065,0,0,0,330.0184,3,0,5.2
0,32.65891,0,0,0,330.0184,3,0,5.2
0,32.66665,0,0,0,330.0184,3,0,5.2
0,32.6758,0,0,0,330.0184,3,0,5.2
0,32.68331,0,0,0,330.0184,3,0,5.2
0,32.69101,0,0,0,330.0184,3,0,5.2
0,32.69851,0,0,0,330.0184,3,0,5.2
0,32.70672,0,0,0,330.0184,3,0,5.2
0,32.71559,0,0,0,330.0184,3,0,5.2
0,32.72387,0,0,0,330.0184,3,0,5.2
0,32.73199,0,0,0,330.0184,3,0,5.2
0,32.74042,0,0,0,330.0184,3,0,5.2
0,32.74905,0,0,0,330.0184,3,0,5.2
0,32.7571,0,0,0,330.0184,3,0,5.2
0,32.76534,0,0,0,330.0184,3,0,5.2
0,32.77517,0,0,0,330.0184,3,0,5.2
0,32.78556,0,0,0,330.0184,3,0,5.2
0,32.79449,0,0,0,330.0184,3,0,5.2
0,32.80347,0,0,0,330.0184,3,0,5.2
0,32.81297,0,0,0,330.0184,3,0,5.2
0,32.82407,0,0,0,330.0184,3,0,5.2
0,32.8321,0,0,0,330.0184,3,0,5.2
0,32.8391,0,0,0,330.0184,3,0,5.2
0,32.84864,0,0,0,330.0184,3,0,5.2
0,32.85725,0,0,0,330.0184,3,0,5.2
0,32.86607,0,0,0,330.0184,3,0,5.2
0,32.87621,0,0,0,330.0184,3,0,5.2
0,32.88439,0,0,0,330.0184,3,0,5.2
0,32.89383,0,0,0,330.0184,3,0,5.2
0,32.90199,0,0,0,330.0184,3,0,5.2
0,32.91217,0,0,0,330.0184,3,0,5.2
0,32.9231,0,0,0,330.0184,3,0,5.2
0,32.93615,0,0,0,330.0184,3,0,5.2
0,32.95229,0,0,0,330.0184,3,0,5.2
0,32.96211,0,0,0,330.0184,3,0,5.2
0,32.97186,0,0,0,330.0184,3,0,5.2
0,32.98166,0,0,0,330.0184,3,0,5.2
0,32.98965,0,0,0,330.0184,3,0,5.2
0,32.9996,0,0,0,330.0184,3,0,5.2
0,33.00938,0,0,0,330.0184,3,0,5.2
0,33.01912,0,0,0,330.0184,3,0,5.2
0,33.02922,0,0,0,330.0184,3,0,5.2
0,33.03941,0,0,0,330.0184,3,0,5.2
0,33.0499,0,0,0,330.0184,3,0,5.2
0,33.06113,0,0,0,330.0184,3,0,5.2
0,33.07283,0,0,0,330.0184,3,0,5.2
0,33.08482,0,0,0,330.0184,3,0,5.2
0,33.09651,0,0,0,330.0184,3,0,5.2
0,33.10693,0,0,0,330.0184,3,0,5.2
0,33.1197,0,0,0,330.0184,3,0,5.2
0,33.13092,0,0,0,330.0184,3,0,5.2
0,33.14334,0,0,0,330.0184,3,0,5.2
0,33.15475,0,0,0,330.0184,3,0,5.2
0,33.16641,0,0,0,330.0184,3,0,5.2
0,33.17689,0,0,0,330.0184,3,0,5.2
0,33.18898,0,0,0,330.0184,3,0,5.2
0,33.19954,0,0,0,330.0184,3,0,5.2
0,33.21,0,0,0,330.0184,3,0,5.2
0,33.22071,0,0,0,330.0184,3,0,5.2
0,33.22994,0,0,0,330.0184,3,0,5.2
0,33.23983,0,0,0,330.0184,3,0,5.2
0,33.25101,0,0,0,330.0184,3,0,5.2
0,33.2617,0,0,0,330.0184,3,0,5.2
0,33.27158,0,0,0,330.0184,3,0,5.2
0,33.2823,0,0,0,330.0184,3,0,5.2
0,33.29383,0,0,0,330.0184,3,0,5.2
0,33.30357,0,0,0,330.0184,3,0,5.2
0,33.31652,0,0,0,330.0184,3,0,5.2
0,33.32776,0,0,0,330.0184,3,0,5.2
0,33.3383,0,0,0,330.0184,3,0,5.2
0,33.34815,0,0,0,330.0184,3,0,5.2
0,33.3574,0,0,0,330.0184,3,0,5.2
0,33.36583,0,0,0,330.0184,3,0,5.2
0,33.37492,0,0,0,330.0184,3,0,5.2
0,33.38331,0,0,0,330.0184,3,0,5.2
0,33.3931,0,0,0,330.0184,3,0,5.2
0,33.40336,0,0,0,330.0184,3,0,5.2
0,33.41323,0,0,0,330.0184,3,0,5.2
0,33.42204,0,0,0,330.0184,3,0,5.2
0,33.43214,0,0,0,330.0184,3,0,5.2
0,33.44131,0,0,0,330.0184,3,0,5.2
0,33.45091,0,0,0,330.0184,3,0,5.2
0,33.46021,0,0,0,330.0184,3,0,5.2
0,33.46988,0,0,0,330.0184,3,0,5.2
0,33.47978,0,0,0,330.0184,3,0,5.2
0,33.49686,0,0,0,330.0184,3,0,5.2
0,33.50643,0,0,0,330.0184,3,0,5.2
0,33.51645,0,0,0,330.0184,3,0,5.2
0,33.5264,0,0,0,330.0184,3,0,5.2
0,33.5363,0,0,0,330.0184,3,0,5.2
0,33.54702,0,0,0,330.0184,3,0,5.2
0,33.55527,0,0,0,330.0184,3,0,5.2
0,33.56371,0,0,0,330.0184,3,0,5.2
0,33.57166,0,0,0,330.0184,3,0,5.2
0,33.58064,0,0,0,330.0184,3,0,5.2
0,33.58886,0,0,0,330.0184,3,0,5.2
0,33.59622,0,0,0,330.0184,3,0,5.2
0,33.60422,0,0,0,330.0184,3,0,5.2
0,33.61168,0,0,0,330.0184,3,0,5.2
0,33.61884,0,0,0,330.0184,3,0,5.2
0,33.62682,0,0,0,330.0184,3,0,5.2
0,33.63607,0,0,0,330.0184,3,0,5.2
0,33.64607,0,0,0,330.0184,3,0,5.2
0,33.65654,0,0,0,330.0184,3,0,5.2
0,33.66504,0,0,0,330.0184,3,0,5.2
0,33.67285,0,0,0,330.0184,3,0,5.2
0,33.68031,0,0,0,330.0184,3,0,5.2
0,33.68856,0,0,0,330.0184,3,0,5.2
0,33.69581,0,0,0,330.0184,3,0,5.2
0,33.70384,0,0,0,330.0184,3,0,5.2
0,33.71083,0,0,0,330.0184,3,0,5.2
0,33.71773,0,0,0,330.0184,3,0,5.2
0,33.72557,0,0,0,330.0184,3,0,5.2
0,33.73362,0,0,0,330.0184,3,0,5.2
0,33.74056,0,0,0,330.0184,3,0,5.2
0,33.74973,0,0,0,330.0184,3,0,5.2
0,33.75829,0,0,0,330.0184,3,0,5.2
0,33.76609,0,0,0,330.0184,3,0,5.2
0,33.7734,0,0,0,330.0184,3,0,5.2
0,33.78097,0,0,0,330.0184,3,0,5.2
0,33.78804,0,0,0,330.0184,3,0,5.2
0,33.79614,0,0,0,330.0184,3,0,5.2
0,33.8033,0,0,0,330.0184,3,0,5.2
0,33.81205,0,0,0,330.0184,3,0,5.2
0,33.81899,0,0,0,330.0184,3,0,5.2
0,33.82745,0,0,0,330.0184,3,0,5.2
0,33.83575,0,0,0,330.0184,3,0,5.2
0,33.84683,0,0,0,330.0184,3,0,5.2
0,33.85751,0,0,0,330.0184,3,0,5.2
0,33.86657,0,0,0,330.0184,3,0,5.2
0,33.87585,0,0,0,330.0184,3,0,5.2
0,33.8835,0,0,0,330.0184,3,0,5.2
0,33.89132,0,0,0,330.0184,3,0,5.2
0,33.89852,0,0,0,330.0184,3,0,5.2
0,33.90562,0,0,0,330.0184,3,0,5.2
0,33.91394,0,0,0,330.0184,3,0,5.2
0,33.92258,0,0,0,330.0184,3,0,5.2
0,33.93154,0,0,0,330.0184,3,0,5.2
0,33.93883,0,0,0,330.0184,3,0,5.2
0,33.94735,0,0,0,330.0184,3,0,5.2
0,33.959,0,0,0,330.0184,3,0,5.2
0,33.97142,0,0,0,330.0184,3,0,5.2
0,33.98218,0,0,0,330.0184,3,0,5.2
0,33.99,0,0,0,330.0184,3,0,5.2
0,33.99854,0,0,0,330.0184,3,0,5.2
0,34.00602,0,0,0,330.0184,3,0,5.2
0,34.01284,0,0,0,330.0184,3,0,5.2
0,34.02062,0,0,0,330.0184,3,0,5.2
0,34.02805,0,0,0,330.0184,3,0,5.2
0,34.03568,0,0,0,330.0184,3,0,5.2
0,34.0449,0,0,0,330.0184,3,0,5.2
0,34.05457,0,0,0,330.0184,3,0,5.2
0,34.06501,0,0,0,330.0184,3,0,5.2
0,34.07341,0,0,0,330.0184,3,0,5.2
0,34.08253,0,0,0,330.0184,3,0,5.2
0,34.09262,0,0,0,330.0184,3,0,5.2
0,34.10215,0,0,0,330.0184,3,0,5.2
0,34.11137,0,0,0,330.0184,3,0,5.2
0,34.1193,0,0,0,330.0184,3,0,5.2
0,34.12958,0,0,0,330.0184,3,0,5.2
0,34.14079,0,0,0,330.0184,3,0,5.2
0,34.15195,0,0,0,330.0184,3,0,5.2
0,34.16213,0,0,0,330.0184,3,0,5.2
0,34.17327,0,0,0,330.0184,3,0,5.2
0,34.18415,0,0,0,330.0184,3,0,5.2
0,34.19512,0,0,0,330.0184,3,0,5.2
0,34.20527,0,0,0,330.0184,3,0,5.2
0,34.21618,0,0,0,330.0184,3,0,5.2
0,34.22603,0,0,0,330.0184,3,0,5.2
0,34.23592,0,0,0,330.0184,3,0,5.2
0,34.24585,0,0,0,330.0184,3,0,5.2
0,34.25564,0,0,0,330.0184,3,0,5.2
0,34.26537,0,0,0,330.0184,3,0,5.2
0,34.27637,0,0,0,330.0184,3,0,5.2
0,34.28781,0,0,0,330.0184,3,0,5.2
0,34.29825,0,0,0,330.0184,3,0,5.2
0,34.30908,0,0,0,330.0184,3,0,5.2
0,34.31792,0,0,0,330.0184,3,0,5.2
0,34.32833,0,0,0,330.0184,3,0,5.2
0,34.34643,0,0,0,330.0184,3,0,5.2
0,34.35781,0,0,0,330.0184,3,0,5.2
0,34.36907,0,0,0,330.0184,3,0,5.2
0,34.37911,0,0,0,330.0184,3,0,5.2
0,34.38898,0,0,0,330.0184,3,0,5.2
0,34.39734,0,0,0,330.0184,3,0,5.2
0,34.40753,0,0,0,330.0184,3,0,5.2
0,34.41673,0,0,0,330.0184,3,0,5.2
0,34.42465,0,0,0,330.0184,3,0,5.2
0,34.43348,0,0,0,330.0184,3,0,5.2
0,34.44277,0,0,0,330.0184,3,0,5.2
0,34.45102,0,0,0,330.0184,3,0,5.2
0,34.46077,0,0,0,330.0184,3,0,5.2
0,34.4697,0,0,0,330.0184,3,0,5.2
0,34.479,0,0,0,330.0184,3,0,5.2
0,34.48832,0,0,0,330.0184,3,0,5.2
0,34.4982,0,0,0,330.0184,3,0,5.2
0,34.50719,0,0,0,330.0184,3,0,5.2
0,34.51642,0,0,0,330.0184,3,0,5.2
0,34.52682,0,0,0,330.0184,3,0,5.2
0,34.53642,0,0,0,330.0184,3,0,5.2
0,34.54563,0,0,0,330.0184,3,0,5.2
0,34.55511,0,0,0,330.0184,3,0,5.2
0,34.56444,0,0,0,330.0184,3,0,5.2
0,34.57407,0,0,0,330.0184,3,0,5.2
0,34.58192,0,0,0,330.0184,3,0,5.2
0,34.59183,0,0,0,330.0184,3,0,5.2
0,34.60106,0,0,0,330.0184,3,0,5.2
0,34.61303,0,0,0,330.0184,3,0,5.2
0,34.62374,0,0,0,330.0184,3,0,5.2
0,34.63224,0,0,0,330.0184,3,0,5.2
0,34.64245,0,0,0,330.0184,3,0,5.2
0,34.65211,0,0,0,330.0184,3,0,5.2
0,34.6611,0,0,0,330.0184,3,0,5.2
0,34.67182,0,0,0,330.0184,3,0,5.2
0,34.68013,0,0,0,330.0184,3,0,5.2
0,34.68881,0,0,0,330.0184,3,0,5.2
0,34.69658,0,0,0,330.0184,3,0,5.2
0,34.70478,0,0,0,330.0184,3,0,5.2
0,34.71268,0,0,0,330.0184,3,0,5.2
0,34.71939,0,0,0,330.0184,3,0,5.2
0,34.72693,0,0,0,330.0184,3,0,5.2
0,34.73597,0,0,0,330.0184,3,0,5.2
0,34.74434,0,0,0,330.0184,3,0,5.2
0,34.75202,0,0,0,330.0184,3,0,5.2
0,34.76103,0,0,0,330.0184,3,0,5.2
0,34.77069,0,0,0,330.0184,3,0,5.2
0,34.77884,0,0,0,330.0184,3,0,5.2
0,34.7858,0,0,0,330.0184,3,0,5.2
0,34.79538,0,0,0,330.0184,3,0,5.2
0,34.80428,0,0,0,330.0184,3,0,5.2
0,34.81249,0,0,0,330.0184,3,0,5.2
0,34.82,0,0,0,330.0184,3,0,5.2
0,34.82726,0,0,0,330.0184,3,0,5.2
0,34.8357,0,0,0,330.0184,3,0,5.2
0,34.84309,0,0,0,330.0184,3,0,5.2
0,34.85183,0,0,0,330.0184,3,0,5.2
0,34.86159,0,0,0,330.0184,3,0,5.2
0,34.87084,0,0,0,330.0184,3,0,5.2
0,34.87956,0,0,0,330.0184,3,0,5.2
0,34.88734,0,0,0,330.0184,3,0,5.2
0,34.8952,0,0,0,330.0184,3,0,5.2
0,34.90262,0,0,0,330.0184,3,0,5.2
0,34.91142,0,0,0,330.0184,3,0,5.2
0,34.91881,0,0,0,330.0184,3,0,5.2
0,34.92719,0,0,0,330.0184,3,0,5.2
0,34.93523,0,0,0,330.0184,3,0,5.2
0,34.94253,0,0,0,330.0184,3,0,5.2
0,34.94958,0,0,0,330.0184,3,0,5.2
0,34.95744,0,0,0,330.0184,3,0,5.2
0,34.96618,0,0,0,330.0184,3,0,5.2
0,34.97271,0,0,0,330.0184,3,0,5.2
0,34.98322,0,0,0,330.0184,3,0,5.2
0,34.99401,0,0,0,330.0184,3,0,5.2
0,35.00518,0,0,0,330.0184,3,0,5.2
0,35.01385,0,0,0,330.0184,3,0,5.2
0,35.02178,0,0,0,330.0184,3,0,5.2
0,35.02839,0,0,0,330.0184,3,0,5.2
0,35.03503,0,0,0,330.0184,3,0,5.2
0,35.04224,0,0,0,330.0184,3,0,5.2
0,35.04906,0,0,0,330.0184,3,0,5.2
0,35.05632,0,0,0,330.0184,3,0,5.2
0,35.0629,0,0,0,330.0184,3,0,5.2
0,35.07179,0,0,0,330.0184,3,0,5.2
0,35.08153,0,0,0,330.0184,3,0,5.2
0,35.09068,0,0,0,330.0184,3,0,5.2
0,35.09962,0,0,0,330.0184,3,0,5.2
0,35.10677,0,0,0,330.0184,3,0,5.2
0,35.1151,0,0,0,330.0184,3,0,5.2
0,35.1217,0,0,0,330.0184,3,0,5.2
0,35.12829,0,0,0,330.0184,3,0,5.2
0,35.13563,0,0,0,330.0184,3,0,5.2
0,35.14364,0,0,0,330.0184,3,0,5.2
0,35.15001,0,0,0,330.0184,3,0,5.2
0,35.16031,0,0,0,330.0184,3,0,5.2
0,35.17316,0,0,0,330.0184,3,0,5.2
0,35.17995,0,0,0,330.0184,3,0,5.2
0,35.1867,0,0,0,330.0184,3,0,5.2
0,35.19464,0,0,0,330.0184,3,0,5.2
0,35.2034,0,0,0,330.0184,3,0,5.2
0,35.21281,0,0,0,330.0184,3,0,5.2
0,35.22235,0,0,0,330.0184,3,0,5.2
0,35.23014,0,0,0,330.0184,3,0,5.2
0,35.23969,0,0,0,330.0184,3,0,5.2
0,35.24859,0,0,0,330.0184,3,0,5.2
0,35.25652,0,0,0,330.0184,3,0,5.2
0,35.26751,0,0,0,330.0184,3,0,5.2
0,35.27735,0,0,0,330.0184,3,0,5.2
0,35.28591,0,0,0,330.0184,3,0,5.2
0,35.29521,0,0,0,330.0184,3,0,5.2
0,35.30527,0,0,0,330.0184,3,0,5.2
0,35.31471,0,0,0,330.0184,3,0,5.2
0,35.32288,0,0,0,330.0184,3,0,5.2
0,35.33392,0,0,0,330.0184,3,0,5.2
0,35.34288,0,0,0,330.0184,3,0,5.2
0,35.35133,0,0,0,330.0184,3,0,5.2
0,35.361,0,0,0,330.0184,3,0,5.2
0,35.37121,0,0,0,330.0184,3,0,5.2
0,35.38034,0,0,0,330.0184,3,0,5.2
0,35.38977,0,0,0,330.0184,3,0,5.2
0,35.39975,0,0,0,330.0184,3,0,5.2
0,35.40805,0,0,0,330.0184,3,0,5.2
0,35.41685,0,0,0,330.0184,3,0,5.2
0,35.42662,0,0,0,330.0184,3,0,5.2
0,35.43548,0,0,0,330.0184,3,0,5.2
0,35.44367,0,0,0,330.0184,3,0,5.2
0,35.45264,0,0,0,330.0184,3,0,5.2
0,35.46314,0,0,0,330.0184,3,0,5.2
0,35.47334,0,0,0,330.0184,3,0,5.2
0,35.48286,0,0,0,330.0184,3,0,5.2
0,35.49197,0,0,0,330.0184,3,0,5.2
0,35.50181,0,0,0,330.0184,3,0,5.2
0,35.5102,0,0,0,330.0184,3,0,5.2
0,35.52006,0,0,0,330.0184,3,0,5.2
0,35.52943,0,0,0,330.0184,3,0,5.2
0,35.53971,0,0,0,330.0184,3,0,5.2
0,35.54838,0,0,0,330.0184,3,0,5.2
0,35.55627,0,0,0,330.0184,3,0,5.2
0,35.56387,0,0,0,330.0184,3,0,5.2
0,35.57253,0,0,0,330.0184,3,0,5.2
0,35.58158,0,0,0,330.0184,3,0,5.2
0,35.59058,0,0,0,330.0184,3,0,5.2
0,35.59838,0,0,0,330.0184,3,0,5.2
0,35.60593,0,0,0,330.0184,3,0,5.2
0,35.61461,0,0,0,330.0184,3,0,5.2
0,35.62254,0,0,0,330.0184,3,0,5.2
0,35.62964,0,0,0,330.0184,3,0,5.2
0,35.63849,0,0,0,330.0184,3,0,5.2
0,35.64695,0,0,0,330.0184,3,0,5.2
0,35.65474,0,0,0,330.0184,3,0,5.2
0,35.66489,0,0,0,330.0184,3,0,5.2
0,35.67418,0,0,0,330.0184,3,0,5.2
0,35.68518,0,0,0,330.0184,3,0,5.2
0,35.69464,0,0,0,330.0184,3,0,5.2
0,35.70425,0,0,0,330.0184,3,0,5.2
0,35.71301,0,0,0,330.0184,3,0,5.2
0,35.72112,0,0,0,330.0184,3,0,5.2
0,35.72894,0,0,0,330.0184,3,0,5.2
0,35.7375,0,0,0,330.0184,3,0,5.2
0,35.74581,0,0,0,330.0184,3,0,5.2
0,35.75446,0,0,0,330.0184,3,0,5.2
0,35.7617,0,0,0,330.0184,3,0,5.2
0,35.76871,0,0,0,330.0184,3,0,5.2
0,35.77733,0,0,0,330.0184,3,0,5.2
0,35.78511,0,0,0,330.0184,3,0,5.2
0,35.793,0,0,0,330.0184,3,0,5.2
0,35.8012,0,0,0,330.0184,3,0,5.2
0,35.80929,0,0,0,330.0184,3,0,5.2
0,35.8168,0,0,0,330.0184,3,0,5.2
0,35.82618,0,0,0,330.0184,3,0,5.2
0,35.83504,0,0,0,330.0184,3,0,5.2
0,35.8428,0,0,0,330.0184,3,0,5.2
0,35.85064,0,0,0,330.0184,3,0,5.2
0,35.8584,0,0,0,330.0184,3,0,5.2
0,35.86586,0,0,0,330.0184,3,0,5.2
0,35.87242,0,0,0,330.0184,3,0,5.2
0,35.88006,0,0,0,330.0184,3,0,5.2
0,35.89131,0,0,0,330.0184,3,0,5.2
0,35.89964,0,0,0,330.0184,3,0,5.2
0,35.90628,0,0,0,330.0184,3,0,5.2
0,35.91416,0,0,0,330.0184,3,0,5.2
0,35.92236,0,0,0,330.0184,3,0,5.2
0,35.9292,0,0,0,330.0184,3,0,5.2
0,35.93726,0,0,0,330.0184,3,0,5.2
0,35.94516,0,0,0,330.0184,3,0,5.2
0,35.9535,0,0,0,330.0184,3,0,5.2
0,35.96091,0,0,0,330.0184,3,0,5.2
0,35.96778,0,0,0,330.0184,3,0,5.2
0,35.97416,0,0,0,330.0184,3,0,5.2
0,35.98154,0,0,0,330.0184,3,0,5.2
0,35.99576,0,0,0,330.0184,3,0,5.2
0,36.00625,0,0,0,330.0184,3,0,5.2
6,36.02121,0,0,0,330.0184,3,0,5.2
6,36.03051,0,0,0,330.0184,3,0,5.2
6,36.03838,0,0,0,29.98165,-3,0,5.2
6,36.04722,0,0,0,29.98165,-3,0,5.2
6,36.05611,0,0,0,29.98165,-3,0,5.2
6,36.06364,0,0,0,29.98165,-3,0,5.2
6,36.0717,0,0,0,29.98165,-3,0,5.2
6,36.07972,0,0,0,29.98165,-3,0,5.2
6,36.08724,0,0,0,29.98165,-3,0,5.2
6,36.09491,0,0,0,29.98165,-3,0,5.2
6,36.1036,0,0,0,29.98165,-3,0,5.2
6,36.11183,0,0,0,29.98165,-3,0,5.2
6,36.11878,0,0,0,29.98165,-3,0,5.2
6,36.12649,0,0,0,29.98165,-3,0,5.2
6,36.13485,0,0,0,29.98165,-3,0,5.2
6,36.14408,0,0,0,29.98165,-3,0,5.2
6,36.154,0,0,0,29.98165,-3,0,5.2
6,36.16266,0,0,0,29.98165,-3,0,5.2
6,36.17384,0,0,0,29.98165,-3,0,5.2
6,36.18497,0,0,0,29.98165,-3,0,5.2
6,36.1925,0,0,0,29.98165,-3,0,5.2
6,36.2006,0,0,0,29.98165,-3,0,5.2
6,36.20989,0,0,0,29.98165,-3,0,5.2
6,36.22004,0,0,0,29.98165,-3,0,5.2
6,36.22721,0,0,0,29.98165,-3,0,5.2
6,36.23503,0,0,0,29.98165,-3,0,5.2
6,36.24249,0,0,0,29.98165,-3,0,5.2
6,36.24901,0,0,0,29.98165,-3,0,5.2
6,36.25606,0,0,0,29.98165,-3,0,5.2
6,36.26333,0,0,0,29.98165,-3,0,5.2
6,36.27068,0,0,0,29.98165,-3,0,5.2
6,36.27745,0,0,0,29.98165,-3,0,5.2
6,36.28427,0,0,0,29.98165,-3,0,5.2
6,36.29144,0,0,0,29.98165,-3,0,5.2
6,36.2983,0,0,0,29.98165,-3,0,5.2
6,36.30629,0,0,0,29.98165,-3,0,5.2
6,36.31416,0,0,0,29.98165,-3,0,5.2
6,36.32301,0,0,0,29.98165,-3,0,5.2
6,36.33199,0,0,0,29.98165,-3,0,5.2
6,36.34096,0,0,0,29.98165,-3,0,5.2
6,36.35017,0,0,0,29.98165,-3,0,5.2
6,36.3594,0,0,0,29.98165,-3,0,5.2
6,36.36784,0,0,0,29.98165,-3,0,5.2
6,36.37463,0,0,0,29.98165,-3,0,5.2
6,36.38187,0,0,0,29.98165,-3,0,5.2
6,36.39308,0,0,0,29.98165,-3,0,5.2
6,36.4029,0,0,0,29.98165,-3,0,5.2
6,36.41209,0,0,0,29.98165,-3,0,5.2
6,36.42217,0,0,0,29.98165,-3,0,5.2
6,36.43244,0,0,0,29.98165,-3,0,5.2
6,36.44297,0,0,0,29.98165,-3,0,5.2
6,36.45215,0,0,0,29.98165,-3,0,5.2
6,36.46171,0,0,0,29.98165,-3,0,5.2
6,36.47075,0,0,0,29.98165,-3,0,5.2
6,36.48086,0,0,0,29.98165,-3,0,5.2
6,36.49107,0,0,0,29.98165,-3,0,5.2
6,36.50017,0,0,0,29.98165,-3,0,5.2
6,36.51056,0,0,0,29.98165,-3,0,5.2
6,36.52168,0,0,0,29.98165,-3,0,5.2
6,36.53124,0,0,0,29.98165,-3,0,5.2
6,36.5404,0,0,0,29.98165,-3,0,5.2
6,36.55113,0,0,0,29.98165,-3,0,5.2
6,36.56014,0,0,0,29.98165,-3,0,5.2
6,36.56893,0,0,0,29.98165,-3,0,5.2
6,36.57834,0,0,0,29.98165,-3,0,5.2
6,36.58782,0,0,0,29.98165,-3,0,5.2
6,36.59563,0,0,0,29.98165,-3,0,5.2
6,36.60588,0,0,0,29.98165,-3,0,5.2
6,36.61665,0,0,0,29.98165,-3,0,5.2
6,36.6273,0,0,0,29.98165,-3,0,5.2
6,36.63714,0,0,0,29.98165,-3,0,5.2
6,36.64741,0,0,0,29.98165,-3,0,5.2
6,36.6588,0,0,0,29.98165,-3,0,5.2
6,36.67104,0,0,0,29.98165,-3,0,5.2
6,36.6811,0,0,0,29.98165,-3,0,5.2
6,36.6932,0,0,0,29.98165,-3,0,5.2
6,36.70403,0,0,0,29.98165,-3,0,5.2
6,36.71511,0,0,0,29.98165,-3,0,5.2
6,36.72347,0,0,0,29.98165,-3,0,5.2
6,36.733,0,0,0,29.98165,-3,0,5.2
6,36.74059,0,0,0,29.98165,-3,0,5.2
6,36.7498,0,0,0,29.98165,-3,0,5.2
6,36.75738,0,0,0,29.98165,-3,0,5.2
6,36.7668,0,0,0,29.98165,-3,0,5.2
6,36.77413,0,0,0,29.98165,-3,0,5.2
6,36.78342,0,0,0,29.98165,-3,0,5.2
6,36.79239,0,0,0,29.98165,-3,0,5.2
6,36.80064,0,0,0,29.98165,-3,0,5.2
6,36.81104,0,0,0,29.98165,-3,0,5.2
6,36.81879,0,0,0,29.98165,-3,0,5.2
6,36.82763,0,0,0,29.98165,-3,0,5.2
6,36.83586,0,0,0,29.98165,-3,0,5.2
6,36.84613,0,0,0,29.98165,-3,0,5.2
6,36.85886,0,0,0,29.98165,-3,0,5.2
6,36.86701,0,0,0,29.98165,-3,0,5.2
6,36.87568,0,0,0,29.98165,-3,0,5.2
6,36.88314,0,0,0,29.98165,-3,0,5.2
6,36.89167,0,0,0,29.98165,-3,0,5.2
6,36.89909,0,0,0,29.98165,-3,0,5.2
6,36.90929,0,0,0,29.98165,-3,0,5.2
6,36.91869,0,0,0,29.98165,-3,0,5.2
6,36.92782,0,0,0,29.98165,-3,0,5.2
6,36.93641,0,0,0,29.98165,-3,0,5.2
6,36.94465,0,0,0,29.98165,-3,0,5.2
6,36.95235,0,0,0,29.98165,-3,0,5.2
6,36.96022,0,0,0,29.98165,-3,0,5.2
6,36.96794,0,0,0,29.98165,-3,0,5.2
6,36.97423,0,0,0,29.98165,-3,0,5.2
6,36.98308,0,0,0,29.98165,-3,0,5.2
6,36.99039,0,0,0,29.98165,-3,0,5.2
6,36.99831,0,0,0,29.98165,-3,0,5.2
6,37.00544,0,0,0,29.98165,-3,0,5.2
6,37.01464,0,0,0,29.98165,-3,0,5.2
6,37.02512,0,0,0,29.98165,-3,0,5.2
6,37.035,0,0,0,29.98165,-3,0,5.2
6,37.04691,0,0,0,29.98165,-3,0,5.2
6,37.05449,0,0,0,29.98165,-3,0,5.2
6,37.0634,0,0,0,29.98165,-3,0,5.2
6,37.07059,0,0,0,29.98165,-3,0,5.2
6,37.07855,0,0,0,29.98165,-3,0,5.2
6,37.08562,0,0,0,29.98165,-3,0,5.2
6,37.09496,0,0,0,29.98165,-3,0,5.2
6,37.10204,0,0,0,29.98165,-3,0,5.2
6,37.11065,0,0,0,29.98165,-3,0,5.2
6,37.11794,0,0,0,29.98165,-3,0,5.2
6,37.12511,0,0,0,29.98165,-3,0,5.2
6,37.13247,0,0,0,29.98165,-3,0,5.2
6,37.1397,0,0,0,29.98165,-3,0,5.2
6,37.14694,0,0,0,29.98165,-3,0,5.2
6,37.15605,0,0,0,29.98165,-3,0,5.2
6,37.16494,0,0,0,29.98165,-3,0,5.2
6,37.17285,0,0,0,29.98165,-3,0,5.2
6,37.18013,0,0,0,29.98165,-3,0,5.2
6,37.18727,0,0,0,29.98165,-3,0,5.2
6,37.19434,0,0,0,29.98165,-3,0,5.2
6,37.20371,0,0,0,29.98165,-3,0,5.2
6,37.21395,0,0,0,29.98165,-3,0,5.2
6,37.22294,0,0,0,29.98165,-3,0,5.2
6,37.23223,0,0,0,29.98165,-3,0,5.2
6,37.24029,0,0,0,29.98165,-3,0,5.2
6,37.25069,0,0,0,29.98165,-3,0,5.2
6,37.25979,0,0,0,29.98165,-3,0,5.2
6,37.26853,0,0,0,29.98165,-3,0,5.2
6,37.27665,0,0,0,29.98165,-3,0,5.2
6,37.28441,0,0,0,29.98165,-3,0,5.2
6,37.29303,0,0,0,29.98165,-3,0,5.2
6,37.30129,0,0,0,29.98165,-3,0,5.2
6,37.3102,0,0,0,29.98165,-3,0,5.2
6,37.31774,0,0,0,29.98165,-3,0,5.2
6,37.32638,0,0,0,29.98165,-3,0,5.2
6,37.33408,0,0,0,29.98165,-3,0,5.2
6,37.34219,0,0,0,29.98165,-3,0,5.2
6,37.35017,0,0,0,29.98165,-3,0,5.2
6,37.35754,0,0,0,29.98165,-3,0,5.2
6,37.36502,0,0,0,29.98165,-3,0,5.2
6,37.37283,0,0,0,29.98165,-3,0,5.2
6,37.38136,0,0,0,29.98165,-3,0,5.2
6,37.38931,0,0,0,29.98165,-3,0,5.2
6,37.39596,0,0,0,29.98165,-3,0,5.2
6,37.40331,0,0,0,29.98165,-3,0,5.2
6,37.41177,0,0,0,29.98165,-3,0,5.2
6,37.42049,0,0,0,29.98165,-3,0,5.2
6,37.42768,0,0,0,29.98165,-3,0,5.2
6,37.4361,0,0,0,29.98165,-3,0,5.2
6,37.44608,0,0,0,29.98165,-3,0,5.2
6,37.45487,0,0,0,29.98165,-3,0,5.2
6,37.46447,0,0,0,29.98165,-3,0,5.2
6,37.47321,0,0,0,29.98165,-3,0,5.2
6,37.4832,0,0,0,29.98165,-3,0,5.2
6,37.49268,0,0,0,29.98165,-3,0,5.2
6,37.50218,0,0,0,29.98165,-3,0,5.2
6,37.51102,0,0,0,29.98165,-3,0,5.2
6,37.5208,0,0,0,29.98165,-3,0,5.2
6,37.52983,0,0,0,29.98165,-3,0,5.2
6,37.54009,0,0,0,29.98165,-3,0,5.2
6,37.5508,0,0,0,29.98165,-3,0,5.2
6,37.56181,0,0,0,29.98165,-3,0,5.2
6,37.57111,0,0,0,29.98165,-3,0,5.2
6,37.58094,0,0,0,29.98165,-3,0,5.2
6,37.59045,0,0,0,29.98165,-3,0,5.2
6,37.60227,0,0,0,29.98165,-3,0,5.2
6,37.61273,0,0,0,29.98165,-3,0,5.2
6,37.62393,0,0,0,29.98165,-3,0,5.2
6,37.63323,0,0,0,29.98165,-3,0,5.2
6,37.64431,0,0,0,29.98165,-3,0,5.2
6,37.65565,0,0,0,29.98165,-3,0,5.2
6,37.66644,0,0,0,29.98165,-3,0,5.2
6,37.67612,0,0,0,29.98165,-3,0,5.2
6,37.69347,0,0,0,29.98165,-3,0,5.2
6,37.70442,0,0,0,29.98165,-3,0,5.2
6,37.71606,0,0,0,29.98165,-3,0,5.2
6,37.72773,0,0,0,29.98165,-3,0,5.2
6,37.73752,0,0,0,29.98165,-3,0,5.2
6,37.74842,0,0,0,29.98165,-3,0,5.2
6,37.758,0,0,0,29.98165,-3,0,5.2
6,37.76756,0,0,0,29.98165,-3,0,5.2
6,37.77676,0,0,0,29.98165,-3,0,5.2
6,37.78568,0,0,0,29.98165,-3,0,5.2
6,37.79605,0,0,0,29.98165,-3,0,5.2
6,37.80679,0,0,0,29.98165,-3,0,5.2
6,37.81704,0,0,0,29.98165,-3,0,5.2
6,37.82817,0,0,0,29.98165,-3,0,5.2
6,37.838,0,0,0,29.98165,-3,0,5.2
6,37.84867,0,0,0,29.98165,-3,0,5.2
6,37.85921,0,0,0,29.98165,-3,0,5.2
6,37.86826,0,0,0,29.98165,-3,0,5.2
6,37.8775,0,0,0,29.98165,-3,0,5.2
6,37.88538,0,0,0,29.98165,-3,0,5.2
6,37.89615,0,0,0,29.98165,-3,0,5.2
6,37.90558,0,0,0,29.98165,-3,0,5.2
6,37.91404,0,0,0,29.98165,-3,0,5.2
6,37.92462,0,0,0,29.98165,-3,0,5.2
6,37.93564,0,0,0,29.98165,-3,0,5.2
6,37.94575,0,0,0,29.98165,-3,0,5.2
6,37.95671,0,0,0,29.98165,-3,0,5.2
6,37.96664,0,0,0,29.98165,-3,0,5.2
6,37.97666,0,0,0,29.98165,-3,0,5.2
6,37.98728,0,0,0,29.98165,-3,0,5.2
6,37.99573,0,0,0,29.98165,-3,0,5.2
6,38.00607,0,0,0,29.98165,-3,0,5.2
6,38.01741,0,0,0,29.98165,-3,0,5.2
6,38.02832,0,0,0,29.98165,-3,0,5.2
6,38.04004,0,0,0,29.98165,-3,0,5.2
6,38.05037,0,0,0,29.98165,-3,0,5.2
6,38.06025,0,0,0,29.98165,-3,0,5.2
6,38.07363,0,0,0,29.98165,-3,0,5.2
6,38.08289,0,0,0,29.98165,-3,0,5.2
6,38.09156,0,0,0,29.98165,-3,0,5.2
6,38.10004,0,0,0,29.98165,-3,0,5.2
6,38.10941,0,0,0,29.98165,-3,0,5.2
6,38.11914,0,0,0,29.98165,-3,0,5.2
6,38.12716,0,0,0,29.98165,-3,0,5.2
6,38.13577,0,0,0,29.98165,-3,0,5.2
6,38.14372,0,0,0,29.98165,-3,0,5.2
6,38.15156,0,0,0,29.98165,-3,0,5.2
6,38.15901,0,0,0,29.98165,-3,0,5.2
6,38.16684,0,0,0,29.98165,-3,0,5.2
6,38.17469,0,0,0,29.98165,-3,0,5.2
6,38.18235,0,0,0,29.98165,-3,0,5.2
6,38.19033,0,0,0,29.98165,-3,0,5.2
6,38.19774,0,0,0,29.98165,-3,0,5.2
6,38.20411,0,0,0,29.98165,-3,0,5.2
6,38.21122,0,0,0,29.98165,-3,0,5.2
6,38.2189,0,0,0,29.98165,-3,0,5.2
6,38.2261,0,0,0,29.98165,-3,0,5.2
6,38.23352,0,0,0,29.98165,-3,0,5.2
6,38.23984,0,0,0,29.98165,-3,0,5.2
6,38.24658,0,0,0,29.98165,-3,0,5.2
6,38.2534,0,0,0,29.98165,-3,0,5.2
6,38.25988,0,0,0,29.98165,-3,0,5.2
6,38.26815,0,0,0,29.98165,-3,0,5.2
6,38.2746,0,0,0,29.98165,-3,0,5.2
6,38.28103,0,0,0,29.98165,-3,0,5.2
6,38.28791,0,0,0,29.98165,-3,0,5.2
6,38.29495,0,0,0,29.98165,-3,0,5.2
6,38.30201,0,0,0,29.98165,-3,0,5.2
6,38.30946,0,0,0,29.98165,-3,0,5.2
6,38.31623,0,0,0,29.98165,-3,0,5.2
6,38.32374,0,0,0,29.98165,-3,0,5.2
6,38.33147,0,0,0,29.98165,-3,0,5.2
6,38.33836,0,0,0,29.98165,-3,0,5.2
6,38.34534,0,0,0,29.98165,-3,0,5.2
6,38.3541,0,0,0,29.98165,-3,0,5.2
6,38.36063,0,0,0,29.98165,-3,0,5.2
6,38.36905,0,0,0,29.98165,-3,0,5.2
6,38.3764,0,0,0,29.98165,-3,0,5.2
6,38.3834,0,0,0,29.98165,-3,0,5.2
6,38.39157,0,0,0,29.98165,-3,0,5.2
6,38.39896,0,0,0,29.98165,-3,0,5.2
6,38.40549,0,0,0,29.98165,-3,0,5.2
6,38.41266,0,0,0,29.98165,-3,0,5.2
6,38.4213,0,0,0,29.98165,-3,0,5.2
6,38.42821,0,0,0,29.98165,-3,0,5.2
6,38.43577,0,0,0,29.98165,-3,0,5.2
6,38.44305,0,0,0,29.98165,-3,0,5.2
6,38.44959,0,0,0,29.98165,-3,0,5.2
6,38.45761,0,0,0,29.98165,-3,0,5.2
6,38.46449,0,0,0,29.98165,-3,0,5.2
6,38.47083,0,0,0,29.98165,-3,0,5.2
6,38.4777,0,0,0,29.98165,-3,0,5.2
6,38.4844,0,0,0,29.98165,-3,0,5.2
6,38.49117,0,0,0,29.98165,-3,0,5.2
6,38.4982,0,0,0,29.98165,-3,0,5.2
6,38.50527,0,0,0,29.98165,-3,0,5.2
6,38.51657,0,0,0,29.98165,-3,0,5.2
6,38.52382,0,0,0,29.98165,-3,0,5.2
6,38.53112,0,0,0,29.98165,-3,0,5.2
6,38.53817,0,0,0,29.98165,-3,0,5.2
6,38.54537,0,0,0,29.98165,-3,0,5.2
6,38.55169,0,0,0,29.98165,-3,0,5.2
6,38.5593,0,0,0,29.98165,-3,0,5.2
6,38.56615,0,0,0,29.98165,-3,0,5.2
6,38.57368,0,0,0,29.98165,-3,0,5.2
6,38.58155,0,0,0,29.98165,-3,0,5.2
6,38.58989,0,0,0,29.98165,-3,0,5.2
6,38.59842,0,0,0,29.98165,-3,0,5.2
6,38.60939,0,0,0,29.98165,-3,0,5.2
6,38.62011,0,0,0,29.98165,-3,0,5.2
6,38.62824,0,0,0,29.98165,-3,0,5.2
6,38.63655,0,0,0,29.98165,-3,0,5.2
6,38.64668,0,0,0,29.98165,-3,0,5.2
6,38.65501,0,0,0,29.98165,-3,0,5.2
6,38.6645,0,0,0,29.98165,-3,0,5.2
6,38.6746,0,0,0,29.98165,-3,0,5.2
6,38.68419,0,0,0,29.98165,-3,0,5.2
6,38.69379,0,0,0,29.98165,-3,0,5.2
6,38.70397,0,0,0,29.98165,-3,0,5.2
6,38.71502,0,0,0,29.98165,-3,0,5.2
6,38.72573,0,0,0,29.98165,-3,0,5.2
6,38.73685,0,0,0,29.98165,-3,0,5.2
6,38.74909,0,0,0,29.98165,-3,0,5.2
6,38.7616,0,0,0,29.98165,-3,0,5.2
6,38.77063,0,0,0,29.98165,-3,0,5.2
6,38.78012,0,0,0,29.98165,-3,0,5.2
6,38.78961,0,0,0,29.98165,-3,0,5.2
6,38.7983,0,0,0,29.98165,-3,0,5.2
6,38.80822,0,0,0,29.98165,-3,0,5.2
6,38.81776,0,0,0,29.98165,-3,0,5.2
6,38.82775,0,0,0,29.98165,-3,0,5.2
6,38.83629,0,0,0,29.98165,-3,0,5.2
6,38.84616,0,0,0,29.98165,-3,0,5.2
6,38.85541,0,0,0,29.98165,-3,0,5.2
6,38.86376,0,0,0,29.98165,-3,0,5.2
6,38.87263,0,0,0,29.98165,-3,0,5.2
6,38.88218,0,0,0,29.98165,-3,0,5.2
6,38.89176,0,0,0,29.98165,-3,0,5.2
6,38.90094,0,0,0,29.98165,-3,0,5.2
6,38.91153,0,0,0,29.98165,-3,0,5.2
6,38.9222,0,0,0,29.98165,-3,0,5.2
6,38.93042,0,0,0,29.98165,-3,0,5.2
6,38.93957,0,0,0,29.98165,-3,0,5.2
6,38.94913,0,0,0,29.98165,-3,0,5.2
6,38.95837,0,0,0,29.98165,-3,0,5.2
6,38.96757,0,0,0,29.98165,-3,0,5.2
6,38.97667,0,0,0,29.98165,-3,0,5.2
6,38.98477,0,0,0,29.98165,-3,0,5.2
6,38.99346,0,0,0,29.98165,-3,0,5.2
6,39.00256,0,0,0,29.98165,-3,0,5.2
6,39.0124,0,0,0,29.98165,-3,0,5.2
6,39.02104,0,0,0,29.98165,-3,0,5.2
6,39.03246,0,0,0,29.98165,-3,0,5.2
6,39.04278,0,0,0,29.98165,-3,0,5.2
6,39.0507,0,0,0,29.98165,-3,0,5.2
6,39.06221,0,0,0,29.98165,-3,0,5.2
6,39.07237,0,0,0,29.98165,-3,0,5.2
6,39.08072,0,0,0,29.98165,-3,0,5.2
6,39.09269,0,0,0,29.98165,-3,0,5.2
6,39.1055,0,0,0,29.98165,-3,0,5.2
6,39.11782,0,0,0,29.98165,-3,0,5.2
6,39.13069,0,0,0,29.98165,-3,0,5.2
6,39.14082,0,0,0,29.98165,-3,0,5.2
6,39.14912,0,0,0,29.98165,-3,0,5.2
6,39.15811,0,0,0,29.98165,-3,0,5.2
6,39.16792,0,0,0,29.98165,-3,0,5.2
6,39.17738,0,0,0,29.98165,-3,0,5.2
6,39.18513,0,0,0,29.98165,-3,0,5.2
6,39.19431,0,0,0,29.98165,-3,0,5.2
6,39.20326,0,0,0,29.98165,-3,0,5.2
6,39.21317,0,0,0,29.98165,-3,0,5.2
6,39.22177,0,0,0,29.98165,-3,0,5.2
6,39.22868,0,0,0,29.98165,-3,0,5.2
6,39.23547,0,0,0,29.98165,-3,0,5.2
6,39.24465,0,0,0,29.98165,-3,0,5.2
6,39.25368,0,0,0,29.98165,-3,0,5.2
6,39.26047,0,0,0,29.98165,-3,0,5.2
6,39.26729,0,0,0,29.98165,-3,0,5.2
6,39.27439,0,0,0,29.98165,-3,0,5.2
6,39.28256,0,0,0,29.98165,-3,0,5.2
6,39.29041,0,0,0,29.98165,-3,0,5.2
6,39.29697,0,0,0,29.98165,-3,0,5.2
6,39.30384,0,0,0,29.98165,-3,0,5.2
6,39.31177,0,0,0,29.98165,-3,0,5.2
6,39.31826,0,0,0,29.98165,-3,0,5.2
6,39.32574,0,0,0,29.98165,-3,0,5.2
6,39.33277,0,0,0,29.98165,-3,0,5.2
6,39.33902,0,0,0,29.98165,-3,0,5.2
6,39.34662,0,0,0,29.98165,-3,0,5.2
6,39.35353,0,0,0,29.98165,-3,0,5.2
6,39.36032,0,0,0,29.98165,-3,0,5.2
6,39.36734,0,0,0,29.98165,-3,0,5.2
6,39.37862,0,0,0,29.98165,-3,0,5.2
6,39.3848,0,0,0,29.98165,-3,0,5.2
6,39.3927,0,0,0,29.98165,-3,0,5.2
6,39.40013,0,0,0,29.98165,-3,0,5.2
6,39.40803,0,0,0,29.98165,-3,0,5.2
6,39.41561,0,0,0,29.98165,-3,0,5.2
6,39.42242,0,0,0,29.98165,-3,0,5.2
6,39.42951,0,0,0,29.98165,-3,0,5.2
6,39.43723,0,0,0,29.98165,-3,0,5.2
6,39.44384,0,0,0,29.98165,-3,0,5.2
6,39.45006,0,0,0,29.98165,-3,0,5.2
6,39.45666,0,0,0,29.98165,-3,0,5.2
6,39.46457,0,0,0,29.98165,-3,0,5.2
6,39.47098,0,0,0,29.98165,-3,0,5.2
6,39.47811,0,0,0,29.98165,-3,0,5.2
6,39.48491,0,0,0,29.98165,-3,0,5.2
6,39.49168,0,0,0,29.98165,-3,0,5.2
6,39.4988,0,0,0,29.98165,-3,0,5.2
6,39.5055,0,0,0,29.98165,-3,0,5.2
6,39.5126,0,0,0,29.98165,-3,0,5.2
6,39.52004,0,0,0,29.98165,-3,0,5.2
6,39.52612,0,0,0,29.98165,-3,0,5.2
6,39.53298,0,0,0,29.98165,-3,0,5.2
6,39.53989,0,0,0,29.98165,-3,0,5.2
6,39.54677,0,0,0,29.98165,-3,0,5.2
6,39.55377,0,0,0,29.98165,-3,0,5.2
6,39.56161,0,0,0,29.98165,-3,0,5.2
6,39.56944,0,0,0,29.98165,-3,0,5.2
6,39.57673,0,0,0,29.98165,-3,0,5.2
6,39.58353,0,0,0,29.98165,-3,0,5.2
6,39.59013,0,0,0,29.98165,-3,0,5.2
4,39.60005,0,0,0,29.98165,-3,0,5.2
4,39.61005,0,0,0,29.98165,-3,0,5.2
4,39.61726,0,0,0,330.0184,3,0,5.2
4,39.62525,0,0,0,330.0184,3,0,5.2
4,39.63179,0,0,0,330.0184,3,0,5.2
4,39.63867,0,0,0,330.0184,3,0,5.2
4,39.64626,0,0,0,330.0184,3,0,5.2
4,39.65348,0,0,0,330.0184,3,0,5.2
4,39.66027,0,0,0,330.0184,3,0,5.2
4,39.66777,0,0,0,330.0184,3,0,5.2
4,39.67471,0,0,0,330.0184,3,0,5.2
4,39.68273,0,0,0,330.0184,3,0,5.2
4,39.68991,0,0,0,330.0184,3,0,5.2
4,39.69798,0,0,0,330.0184,3,0,5.2
4,39.70531,0,0,0,330.0184,3,0,5.2
4,39.71331,0,0,0,330.0184,3,0,5.2
4,39.72095,0,0,0,330.0184,3,0,5.2
4,39.72968,0,0,0,330.0184,3,0,5.2
4,39.74062,0,0,0,330.0184,3,0,5.2
4,39.75091,0,0,0,330.0184,3,0,5.2
4,39.76177,0,0,0,330.0184,3,0,5.2
4,39.77101,0,0,0,330.0184,3,0,5.2
4,39.78176,0,0,0,330.0184,3,0,5.2
4,39.79043,0,0,0,330.0184,3,0,5.2
4,39.79878,0,0,0,330.0184,3,0,5.2
4,39.8101,0,0,0,330.0184,3,0,5.2
4,39.82258,0,0,0,330.0184,3,0,5.2
4,39.83171,0,0,0,330.0184,3,0,5.2
4,39.8413,0,0,0,330.0184,3,0,5.2
4,39.85229,0,0,0,330.0184,3,0,5.2
4,39.86207,0,0,0,330.0184,3,0,5.2
4,39.87265,0,0,0,330.0184,3,0,5.2
4,39.88241,0,0,0,330.0184,3,0,5.2
4,39.89243,0,0,0,330.0184,3,0,5.2
4,39.90218,0,0,0,330.0184,3,0,5.2
4,39.91133,0,0,0,330.0184,3,0,5.2
4,39.92056,0,0,0,330.0184,3,0,5.2
4,39.92846,0,0,0,330.0184,3,0,5.2
4,39.93788,0,0,0,330.0184,3,0,5.2
4,39.94692,0,0,0,330.0184,3,0,5.2
4,39.9569,0,0,0,330.0184,3,0,5.2
4,39.96726,0,0,0,330.0184,3,0,5.2
4,39.97812,0,0,0,330.0184,3,0,5.2
4,39.98863,0,0,0,330.0184,3,0,5.2
4,39.99807,0,0,0,330.0184,3,0,5.2
4,40.00789,0,0,0,330.0184,3,0,5.2
4,40.01752,0,0,0,330.0184,3,0,5.2
4,40.0274,0,0,0,330.0184,3,0,5.2
4,40.03842,0,0,0,330.0184,3,0,5.2
4,40.04808,0,0,0,330.0184,3,0,5.2
4,40.05807,0,0,0,330.0184,3,0,5.2
4,40.06919,0,0,0,330.0184,3,0,5.2
4,40.08019,0,0,0,330.0184,3,0,5.2
4,40.09245,0,0,0,330.0184,3,0,5.2
4,40.10291,0,0,0,330.0184,3,0,5.2
4,40.11487,0,0,0,330.0184,3,0,5.2
4,40.12916,0,0,0,330.0184,3,0,5.2
4,40.14059,0,0,0,330.0184,3,0,5.2
4,40.14952,0,0,0,330.0184,3,0,5.2
4,40.1591,0,0,0,330.0184,3,0,5.2
4,40.16724,0,0,0,330.0184,3,0,5.2
4,40.17709,0,0,0,330.0184,3,0,5.2
4,40.18594,0,0,0,330.0184,3,0,5.2
4,40.19541,0,0,0,330.0184,3,0,5.2
4,40.20537,0,0,0,330.0184,3,0,5.2
4,40.22549,0,0,0,330.0184,3,0,5.2
4,40.2343,0,0,0,330.0184,3,0,5.2
4,40.24262,0,0,0,330.0184,3,0,5.2
4,40.25153,0,0,0,330.0184,3,0,5.2
4,40.2612,0,0,0,330.0184,3,0,5.2
4,40.27101,0,0,0,330.0184,3,0,5.2
4,40.28166,0,0,0,330.0184,3,0,5.2
4,40.29168,0,0,0,330.0184,3,0,5.2
4,40.30132,0,0,0,330.0184,3,0,5.2
4,40.3121,0,0,0,330.0184,3,0,5.2
4,40.32032,0,0,0,330.0184,3,0,5.2
4,40.32746,0,0,0,330.0184,3,0,5.2
4,40.33488,0,0,0,330.0184,3,0,5.2
4,40.34264,0,0,0,330.0184,3,0,5.2
4,40.35035,0,0,0,330.0184,3,0,5.2
4,40.35934,0,0,0,330.0184,3,0,5.2
4,40.367,0,0,0,330.0184,3,0,5.2
4,40.37441,0,0,0,330.0184,3,0,5.2
4,40.38245,0,0,0,330.0184,3,0,5.2
4,40.38993,0,0,0,330.0184,3,0,5.2
4,40.39635,0,0,0,330.0184,3,0,5.2
4,40.40388,0,0,0,330.0184,3,0,5.2
4,40.41095,0,0,0,330.0184,3,0,5.2
4,40.41846,0,0,0,330.0184,3,0,5.2
4,40.42576,0,0,0,330.0184,3,0,5.2
4,40.43438,0,0,0,330.0184,3,0,5.2
4,40.44117,0,0,0,330.0184,3,0,5.2
4,40.44821,0,0,0,330.0184,3,0,5.2
4,40.4554,0,0,0,330.0184,3,0,5.2
4,40.46355,0,0,0,330.0184,3,0,5.2
4,40.47118,0,0,0,330.0184,3,0,5.2
4,40.4786,0,0,0,330.0184,3,0,5.2
4,40.48576,0,0,0,330.0184,3,0,5.2
4,40.49338,0,0,0,330.0184,3,0,5.2
4,40.50205,0,0,0,330.0184,3,0,5.2
4,40.50988,0,0,0,330.0184,3,0,5.2
4,40.5172,0,0,0,330.0184,3,0,5.2
4,40.5253,0,0,0,330.0184,3,0,5.2
4,40.53245,0,0,0,330.0184,3,0,5.2
4,40.53912,0,0,0,330.0184,3,0,5.2
4,40.54591,0,0,0,330.0184,3,0,5.2
4,40.55234,0,0,0,330.0184,3,0,5.2
4,40.55959,0,0,0,330.0184,3,0,5.2
4,40.56702,0,0,0,330.0184,3,0,5.2
4,40.57347,0,0,0,330.0184,3,0,5.2
4,40.58075,0,0,0,330.0184,3,0,5.2
4,40.58761,0,0,0,330.0184,3,0,5.2
4,40.59533,0,0,0,330.0184,3,0,5.2
4,40.60282,0,0,0,330.0184,3,0,5.2
4,40.61162,0,0,0,330.0184,3,0,5.2
4,40.62112,0,0,0,330.0184,3,0,5.2
4,40.62963,0,0,0,330.0184,3,0,5.2
4,40.63729,0,0,0,330.0184,3,0,5.2
4,40.64526,0,0,0,330.0184,3,0,5.2
4,40.65364,0,0,0,330.0184,3,0,5.2
4,40.66053,0,0,0,330.0184,3,0,5.2
4,40.66789,0,0,0,330.0184,3,0,5.2
4,40.67566,0,0,0,330.0184,3,0,5.2
4,40.68297,0,0,0,330.0184,3,0,5.2
4,40.69135,0,0,0,330.0184,3,0,5.2
4,40.70089,0,0,0,330.0184,3,0,5.2
4,40.70805,0,0,0,330.0184,3,0,5.2
4,40.71516,0,0,0,330.0184,3,0,5.2
4,40.72347,0,0,0,330.0184,3,0,5.2
4,40.73129,0,0,0,330.0184,3,0,5.2
4,40.73859,0,0,0,330.0184,3,0,5.2
4,40.74644,0,0,0,330.0184,3,0,5.2
4,40.7542,0,0,0,330.0184,3,0,5.2
4,40.76125,0,0,0,330.0184,3,0,5.2
4,40.77026,0,0,0,330.0184,3,0,5.2
4,40.78002,0,0,0,330.0184,3,0,5.2
4,40.78903,0,0,0,330.0184,3,0,5.2
4,40.79643,0,0,0,330.0184,3,0,5.2
4,40.80429,0,0,0,330.0184,3,0,5.2
4,40.81257,0,0,0,330.0184,3,0,5.2
4,40.82108,0,0,0,330.0184,3,0,5.2
4,40.82941,0,0,0,330.0184,3,0,5.2
4,40.83792,0,0,0,330.0184,3,0,5.2
4,40.846,0,0,0,330.0184,3,0,5.2
4,40.85416,0,0,0,330.0184,3,0,5.2
4,40.86263,0,0,0,330.0184,3,0,5.2
4,40.87106,0,0,0,330.0184,3,0,5.2
4,40.88013,0,0,0,330.0184,3,0,5.2
4,40.88889,0,0,0,330.0184,3,0,5.2
4,40.89639,0,0,0,330.0184,3,0,5.2
4,40.90405,0,0,0,330.0184,3,0,5.2
4,40.91272,0,0,0,330.0184,3,0,5.2
4,40.92163,0,0,0,330.0184,3,0,5.2
4,40.92997,0,0,0,330.0184,3,0,5.2
4,40.93993,0,0,0,330.0184,3,0,5.2
4,40.94985,0,0,0,330.0184,3,0,5.2
4,40.95991,0,0,0,330.0184,3,0,5.2
4,40.97044,0,0,0,330.0184,3,0,5.2
4,40.98042,0,0,0,330.0184,3,0,5.2
4,40.99072,0,0,0,330.0184,3,0,5.2
4,41.00184,0,0,0,330.0184,3,0,5.2
4,41.01214,0,0,0,330.0184,3,0,5.2
4,41.02982,0,0,0,330.0184,3,0,5.2
4,41.04042,0,0,0,330.0184,3,0,5.2
4,41.05089,0,0,0,330.0184,3,0,5.2
4,41.06067,0,0,0,330.0184,3,0,5.2
4,41.07082,0,0,0,330.0184,3,0,5.2
4,41.08133,0,0,0,330.0184,3,0,5.2
4,41.09109,0,0,0,330.0184,3,0,5.2
4,41.10157,0,0,0,330.0184,3,0,5.2
4,41.11349,0,0,0,330.0184,3,0,5.2
4,41.12557,0,0,0,330.0184,3,0,5.2
4,41.13491,0,0,0,330.0184,3,0,5.2
4,41.14762,0,0,0,330.0184,3,0,5.2
4,41.16071,0,0,0,330.0184,3,0,5.2
4,41.17179,0,0,0,330.0184,3,0,5.2
4,41.18111,0,0,0,330.0184,3,0,5.2
4,41.19146,0,0,0,330.0184,3,0,5.2
4,41.20106,0,0,0,330.0184,3,0,5.2
4,41.21118,0,0,0,330.0184,3,0,5.2
4,41.22241,0,0,0,330.0184,3,0,5.2
4,41.23449,0,0,0,330.0184,3,0,5.2
4,41.24608,0,0,0,330.0184,3,0,5.2
4,41.25801,0,0,0,330.0184,3,0,5.2
4,41.2683,0,0,0,330.0184,3,0,5.2
4,41.27707,0,0,0,330.0184,3,0,5.2
4,41.28796,0,0,0,330.0184,3,0,5.2
4,41.29871,0,0,0,330.0184,3,0,5.2
4,41.30923,0,0,0,330.0184,3,0,5.2
4,41.31781,0,0,0,330.0184,3,0,5.2
4,41.32643,0,0,0,330.0184,3,0,5.2
4,41.33567,0,0,0,330.0184,3,0,5.2
4,41.34474,0,0,0,330.0184,3,0,5.2
4,41.35252,0,0,0,330.0184,3,0,5.2
4,41.36341,0,0,0,330.0184,3,0,5.2
4,41.3737,0,0,0,330.0184,3,0,5.2
4,41.38254,0,0,0,330.0184,3,0,5.2
4,41.39235,0,0,0,330.0184,3,0,5.2
4,41.40152,0,0,0,330.0184,3,0,5.2
4,41.41023,0,0,0,330.0184,3,0,5.2
4,41.41882,0,0,0,330.0184,3,0,5.2
4,41.42788,0,0,0,330.0184,3,0,5.2
4,41.43678,0,0,0,330.0184,3,0,5.2
4,41.44549,0,0,0,330.0184,3,0,5.2
4,41.45372,0,0,0,330.0184,3,0,5.2
4,41.46186,0,0,0,330.0184,3,0,5.2
4,41.46979,0,0,0,330.0184,3,0,5.2
4,41.47842,0,0,0,330.0184,3,0,5.2
4,41.48571,0,0,0,330.0184,3,0,5.2
4,41.49426,0,0,0,330.0184,3,0,5.2
4,41.50305,0,0,0,330.0184,3,0,5.2
4,41.51057,0,0,0,330.0184,3,0,5.2
4,41.51854,0,0,0,330.0184,3,0,5.2
4,41.52628,0,0,0,330.0184,3,0,5.2
4,41.53351,0,0,0,330.0184,3,0,5.2
4,41.54038,0,0,0,330.0184,3,0,5.2
4,41.54727,0,0,0,330.0184,3,0,5.2
4,41.55464,0,0,0,330.0184,3,0,5.2
4,41.56165,0,0,0,330.0184,3,0,5.2
4,41.56835,0,0,0,330.0184,3,0,5.2
4,41.5764,0,0,0,330.0184,3,0,5.2
4,41.58276,0,0,0,330.0184,3,0,5.2
4,41.59037,0,0,0,330.0184,3,0,5.2
4,41.59801,0,0,0,330.0184,3,0,5.2
4,41.60552,0,0,0,330.0184,3,0,5.2
4,41.61309,0,0,0,330.0184,3,0,5.2
4,41.62075,0,0,0,330.0184,3,0,5.2
4,41.6282,0,0,0,330.0184,3,0,5.2
4,41.63619,0,0,0,330.0184,3,0,5.2
4,41.6434,0,0,0,330.0184,3,0,5.2
4,41.6501,0,0,0,330.0184,3,0,5.2
4,41.65845,0,0,0,330.0184,3,0,5.2
4,41.66632,0,0,0,330.0184,3,0,5.2
4,41.67344,0,0,0,330.0184,3,0,5.2
4,41.68106,0,0,0,330.0184,3,0,5.2
4,41.68802,0,0,0,330.0184,3,0,5.2
4,41.695,0,0,0,330.0184,3,0,5.2
4,41.7027,0,0,0,330.0184,3,0,5.2
4,41.70947,0,0,0,330.0184,3,0,5.2
4,41.71593,0,0,0,330.0184,3,0,5.2
4,41.72361,0,0,0,330.0184,3,0,5.2
4,41.73051,0,0,0,330.0184,3,0,5.2
4,41.73777,0,0,0,330.0184,3,0,5.2
4,41.74469,0,0,0,330.0184,3,0,5.2
4,41.75155,0,0,0,330.0184,3,0,5.2
4,41.7588,0,0,0,330.0184,3,0,5.2
4,41.7667,0,0,0,330.0184,3,0,5.2
4,41.77409,0,0,0,330.0184,3,0,5.2
4,41.78255,0,0,0,330.0184,3,0,5.2
4,41.79116,0,0,0,330.0184,3,0,5.2
4,41.7988,0,0,0,330.0184,3,0,5.2
4,41.80608,0,0,0,330.0184,3,0,5.2
4,41.81315,0,0,0,330.0184,3,0,5.2
4,41.81924,0,0,0,330.0184,3,0,5.2
4,41.82686,0,0,0,330.0184,3,0,5.2
4,41.83359,0,0,0,330.0184,3,0,5.2
4,41.84145,0,0,0,330.0184,3,0,5.2
4,41.8494,0,0,0,330.0184,3,0,5.2
4,41.85687,0,0,0,330.0184,3,0,5.2
4,41.86446,0,0,0,330.0184,3,0,5.2
4,41.87591,0,0,0,330.0184,3,0,5.2
4,41.88238,0,0,0,330.0184,3,0,5.2
4,41.89022,0,0,0,330.0184,3,0,5.2
4,41.89708,0,0,0,330.0184,3,0,5.2
4,41.90494,0,0,0,330.0184,3,0,5.2
4,41.91263,0,0,0,330.0184,3,0,5.2
4,41.92026,0,0,0,330.0184,3,0,5.2
4,41.92653,0,0,0,330.0184,3,0,5.2
4,41.93431,0,0,0,330.0184,3,0,5.2
4,41.94135,0,0,0,330.0184,3,0,5.2
4,41.94999,0,0,0,330.0184,3,0,5.2
4,41.95654,0,0,0,330.0184,3,0,5.2
4,41.96329,0,0,0,330.0184,3,0,5.2
4,41.97021,0,0,0,330.0184,3,0,5.2
4,41.97663,0,0,0,330.0184,3,0,5.2
4,41.98356,0,0,0,330.0184,3,0,5.2
4,41.9904,0,0,0,330.0184,3,0,5.2
4,41.99834,0,0,0,330.0184,3,0,5.2
4,42.00779,0,0,0,330.0184,3,0,5.2
4,42.01863,0,0,0,330.0184,3,0,5.2
4,42.02885,0,0,0,330.0184,3,0,5.2
4,42.03861,0,0,0,330.0184,3,0,5.2
4,42.04931,0,0,0,330.0184,3,0,5.2
4,42.05706,0,0,0,330.0184,3,0,5.2
4,42.06729,0,0,0,330.0184,3,0,5.2
4,42.07696,0,0,0,330.0184,3,0,5.2
4,42.08493,0,0,0,330.0184,3,0,5.2
4,42.09393,0,0,0,330.0184,3,0,5.2
4,42.10433,0,0,0,330.0184,3,0,5.2
4,42.11463,0,0,0,330.0184,3,0,5.2
4,42.1254,0,0,0,330.0184,3,0,5.2
4,42.13601,0,0,0,330.0184,3,0,5.2
4,42.15039,0,0,0,330.0184,3,0,5.2
4,42.16361,0,0,0,330.0184,3,0,5.2
4,42.17854,0,0,0,330.0184,3,0,5.2
4,42.19237,0,0,0,330.0184,3,0,5.2
4,42.20437,0,0,0,330.0184,3,0,5.2
4,42.21467,0,0,0,330.0184,3,0,5.2
4,42.22527,0,0,0,330.0184,3,0,5.2
4,42.23719,0,0,0,330.0184,3,0,5.2
4,42.2483,0,0,0,330.0184,3,0,5.2
4,42.26039,0,0,0,330.0184,3,0,5.2
4,42.27295,0,0,0,330.0184,3,0,5.2
4,42.28708,0,0,0,330.0184,3,0,5.2
4,42.29808,0,0,0,330.0184,3,0,5.2
4,42.31015,0,0,0,330.0184,3,0,5.2
4,42.32317,0,0,0,330.0184,3,0,5.2
4,42.33424,0,0,0,330.0184,3,0,5.2
4,42.34467,0,0,0,330.0184,3,0,5.2
4,42.35279,0,0,0,330.0184,3,0,5.2
4,42.3632,0,0,0,330.0184,3,0,5.2
4,42.37355,0,0,0,330.0184,3,0,5.2
4,42.38343,0,0,0,330.0184,3,0,5.2
4,42.39383,0,0,0,330.0184,3,0,5.2
4,42.40469,0,0,0,330.0184,3,0,5.2
4,42.41559,0,0,0,330.0184,3,0,5.2
4,42.42591,0,0,0,330.0184,3,0,5.2
4,42.43734,0,0,0,330.0184,3,0,5.2
4,42.44699,0,0,0,330.0184,3,0,5.2
4,42.4573,0,0,0,330.0184,3,0,5.2
4,42.46652,0,0,0,330.0184,3,0,5.2
4,42.47621,0,0,0,330.0184,3,0,5.2
4,42.48696,0,0,0,330.0184,3,0,5.2
4,42.49607,0,0,0,330.0184,3,0,5.2
4,42.50667,0,0,0,330.0184,3,0,5.2
4,42.51803,0,0,0,330.0184,3,0,5.2
4,42.52783,0,0,0,330.0184,3,0,5.2
4,42.53814,0,0,0,330.0184,3,0,5.2
4,42.54839,0,0,0,330.0184,3,0,5.2
4,42.55889,0,0,0,330.0184,3,0,5.2
4,42.56931,0,0,0,330.0184,3,0,5.2
4,42.57952,0,0,0,330.0184,3,0,5.2
4,42.58929,0,0,0,330.0184,3,0,5.2
4,42.59958,0,0,0,330.0184,3,0,5.2
4,42.61216,0,0,0,330.0184,3,0,5.2
4,42.62667,0,0,0,330.0184,3,0,5.2
4,42.63925,0,0,0,330.0184,3,0,5.2
4,42.649,0,0,0,330.0184,3,0,5.2
4,42.65802,0,0,0,330.0184,3,0,5.2
4,42.66666,0,0,0,330.0184,3,0,5.2
4,42.67496,0,0,0,330.0184,3,0,5.2
4,42.68333,0,0,0,330.0184,3,0,5.2
4,42.69228,0,0,0,330.0184,3,0,5.2
4,42.70096,0,0,0,330.0184,3,0,5.2
4,42.70999,0,0,0,330.0184,3,0,5.2
4,42.71745,0,0,0,330.0184,3,0,5.2
4,42.72578,0,0,0,330.0184,3,0,5.2
4,42.7339,0,0,0,330.0184,3,0,5.2
4,42.74116,0,0,0,330.0184,3,0,5.2
4,42.74913,0,0,0,330.0184,3,0,5.2
4,42.75694,0,0,0,330.0184,3,0,5.2
4,42.76543,0,0,0,330.0184,3,0,5.2
4,42.77222,0,0,0,330.0184,3,0,5.2
4,42.78049,0,0,0,330.0184,3,0,5.2
4,42.78783,0,0,0,330.0184,3,0,5.2
4,42.79546,0,0,0,330.0184,3,0,5.2
4,42.80435,0,0,0,330.0184,3,0,5.2
4,42.81689,0,0,0,330.0184,3,0,5.2
1,42.82864,0,0,0,330.0184,3,0,5.2
1,42.83985,0,0,0,330.0184,3,0,5.2
1,42.85027,0,0,0,330.0184,3,0,5.2
1,42.8594,0,0,0,330.0184,3,0,5.2
1,42.86768,0,0,0,330.0184,3,0,5.2
1,42.87598,0,0,0,330.0184,3,0,5.2
1,42.88393,0,0,0,330.0184,3,0,5.2
1,42.89335,0,0,0,330.0184,3,0,5.2
1,42.90065,0,0,0,330.0184,3,0,5.2
1,42.90825,0,0,0,330.0184,3,0,5.2
1,42.91638,0,0,0,330.0184,3,0,5.2
1,42.92459,0,0,0,330.0184,3,0,5.2
1,42.93291,0,0,0,330.0184,3,0,5.2
1,42.94279,0,0,0,330.0184,3,0,5.2
1,42.95145,0,0,0,330.0184,3,0,5.2
1,42.95891,0,0,0,330.0184,3,0,5.2
1,42.96713,0,0,0,330.0184,3,0,5.2
1,42.97564,0,0,0,330.0184,3,0,5.2
1,42.9846,0,0,0,330.0184,3,0,5.2
1,42.99277,0,0,0,330.0184,3,0,5.2
1,43.00119,0,0,0,330.0184,3,0,5.2
1,43.00957,0,0,0,330.0184,3,0,5.2
1,43.01794,0,0,0,330.0184,3,0,5.2
1,43.0266,0,0,0,330.0184,3,0,5.2
1,43.03521,0,0,0,330.0184,3,0,5.2
1,43.04464,0,0,0,330.0184,3,0,5.2
1,43.0521,0,0,0,330.0184,3,0,5.2
1,43.06133,0,0,0,330.0184,3,0,5.2
1,43.06875,0,0,0,330.0184,3,0,5.2
1,43.0767,0,0,0,330.0184,3,0,5.2
1,43.08497,0,0,0,330.0184,3,0,5.2
1,43.09421,0,0,0,330.0184,3,0,5.2
1,43.10116,0,0,0,330.0184,3,0,5.2
1,43.10942,0,0,0,330.0184,3,0,5.2
1,43.11748,0,0,0,330.0184,3,0,5.2
1,43.12621,0,0,0,330.0184,3,0,5.2
1,43.13362,0,0,0,330.0184,3,0,5.2
1,43.14106,0,0,0,330.0184,3,0,5.2
1,43.15062,0,0,0,330.0184,3,0,5.2
1,43.15967,0,0,0,330.0184,3,0,5.2
1,43.17035,0,0,0,330.0184,3,0,5.2
1,43.18251,0,0,0,330.0184,3,0,5.2
1,43.19308,0,0,0,330.0184,3,0,5.2
1,43.2047,0,0,0,330.0184,3,0,5.2
1,43.21751,0,0,0,330.0184,3,0,5.2
1,43.22902,0,0,0,330.0184,3,0,5.2
1,43.23782,0,0,0,330.0184,3,0,5.2
1,43.24723,0,0,0,330.0184,3,0,5.2
1,43.25601,0,0,0,330.0184,3,0,5.2
1,43.26593,0,0,0,330.0184,3,0,5.2
1,43.27655,0,0,0,330.0184,3,0,5.2
1,43.28783,0,0,0,330.0184,3,0,5.2
1,43.2989,0,0,0,330.0184,3,0,5.2
1,43.31156,0,0,0,330.0184,3,0,5.2
1,43.32195,0,0,0,330.0184,3,0,5.2
1,43.33042,0,0,0,330.0184,3,0,5.2
1,43.34044,0,0,0,330.0184,3,0,5.2
1,43.35073,0,0,0,330.0184,3,0,5.2
1,43.36252,0,0,0,330.0184,3,0,5.2
1,43.37124,0,0,0,330.0184,3,0,5.2
1,43.38186,0,0,0,330.0184,3,0,5.2
1,43.39152,0,0,0,330.0184,3,0,5.2
1,43.40049,0,0,0,330.0184,3,0,5.2
1,43.41059,0,0,0,330.0184,3,0,5.2
1,43.42105,0,0,0,330.0184,3,0,5.2
1,43.43133,0,0,0,330.0184,3,0,5.2
1,43.44125,0,0,0,330.0184,3,0,5.2
1,43.45121,0,0,0,330.0184,3,0,5.2
1,43.46005,0,0,0,330.0184,3,0,5.2
1,43.46892,0,0,0,330.0184,3,0,5.2
1,43.47956,0,0,0,330.0184,3,0,5.2
1,43.48918,0,0,0,330.0184,3,0,5.2
1,43.49856,0,0,0,330.0184,3,0,5.2
1,43.50692,0,0,0,330.0184,3,0,5.2
1,43.51822,0,0,0,330.0184,3,0,5.2
1,43.52918,0,0,0,330.0184,3,0,5.2
1,43.54004,0,0,0,330.0184,3,0,5.2
1,43.55065,0,0,0,330.0184,3,0,5.2
1,43.56191,0,0,0,330.0184,3,0,5.2
1,43.5715,0,0,0,330.0184,3,0,5.2
1,43.58115,0,0,0,330.0184,3,0,5.2
1,43.59012,0,0,0,330.0184,3,0,5.2
1,43.59943,0,0,0,330.0184,3,0,5.2
1,43.60706,0,0,0,330.0184,3,0,5.2
1,43.61489,0,0,0,330.0184,3,0,5.2
1,43.62461,0,0,0,330.0184,3,0,5.2
1,43.63272,0,0,0,330.0184,3,0,5.2
1,43.6406,0,0,0,330.0184,3,0,5.2
1,43.64869,0,0,0,330.0184,3,0,5.2
1,43.65779,0,0,0,330.0184,3,0,5.2
1,43.66701,0,0,0,330.0184,3,0,5.2
1,43.67655,0,0,0,330.0184,3,0,5.2
1,43.68668,0,0,0,330.0184,3,0,5.2
1,43.69541,0,0,0,330.0184,3,0,5.2
1,43.70443,0,0,0,330.0184,3,0,5.2
1,43.7131,0,0,0,330.0184,3,0,5.2
1,43.72979,0,0,0,330.0184,3,0,5.2
1,43.7409,0,0,0,330.0184,3,0,5.2
1,43.75258,0,0,0,330.0184,3,0,5.2
1,43.76372,0,0,0,330.0184,3,0,5.2
1,43.77102,0,0,0,330.0184,3,0,5.2
1,43.77877,0,0,0,330.0184,3,0,5.2
1,43.78598,0,0,0,330.0184,3,0,5.2
1,43.79462,0,0,0,330.0184,3,0,5.2
1,43.80182,0,0,0,330.0184,3,0,5.2
1,43.8091,0,0,0,330.0184,3,0,5.2
1,43.81577,0,0,0,330.0184,3,0,5.2
1,43.82424,0,0,0,330.0184,3,0,5.2
1,43.83266,0,0,0,330.0184,3,0,5.2
1,43.84272,0,0,0,330.0184,3,0,5.2
1,43.85133,0,0,0,330.0184,3,0,5.2
1,43.85959,0,0,0,330.0184,3,0,5.2
1,43.86687,0,0,0,330.0184,3,0,5.2
1,43.87408,0,0,0,330.0184,3,0,5.2
1,43.88174,0,0,0,330.0184,3,0,5.2
1,43.88957,0,0,0,330.0184,3,0,5.2
1,43.89699,0,0,0,330.0184,3,0,5.2
1,43.90473,0,0,0,330.0184,3,0,5.2
1,43.91243,0,0,0,330.0184,3,0,5.2
1,43.92003,0,0,0,330.0184,3,0,5.2
1,43.92737,0,0,0,330.0184,3,0,5.2
1,43.93442,0,0,0,330.0184,3,0,5.2
1,43.94203,0,0,0,330.0184,3,0,5.2
1,43.94962,0,0,0,330.0184,3,0,5.2
1,43.9567,0,0,0,330.0184,3,0,5.2
1,43.96355,0,0,0,330.0184,3,0,5.2
1,43.97101,0,0,0,330.0184,3,0,5.2
1,43.97977,0,0,0,330.0184,3,0,5.2
1,43.98749,0,0,0,330.0184,3,0,5.2
1,43.99489,0,0,0,330.0184,3,0,5.2
1,44.00249,0,0,0,330.0184,3,0,5.2
1,44.01009,0,0,0,330.0184,3,0,5.2
1,44.01673,0,0,0,330.0184,3,0,5.2
1,44.02562,0,0,0,330.0184,3,0,5.2
1,44.03372,0,0,0,330.0184,3,0,5.2
1,44.04039,0,0,0,330.0184,3,0,5.2
1,44.04906,0,0,0,330.0184,3,0,5.2
1,44.05611,0,0,0,330.0184,3,0,5.2
1,44.06307,0,0,0,330.0184,3,0,5.2
1,44.07008,0,0,0,330.0184,3,0,5.2
1,44.07758,0,0,0,330.0184,3,0,5.2
1,44.0843,0,0,0,330.0184,3,0,5.2
1,44.0933,0,0,0,330.0184,3,0,5.2
1,44.10254,0,0,0,330.0184,3,0,5.2
1,44.11195,0,0,0,330.0184,3,0,5.2
1,44.12083,0,0,0,330.0184,3,0,5.2
1,44.1293,0,0,0,330.0184,3,0,5.2
1,44.13776,0,0,0,330.0184,3,0,5.2
1,44.14577,0,0,0,330.0184,3,0,5.2
1,44.1539,0,0,0,330.0184,3,0,5.2
1,44.16177,0,0,0,330.0184,3,0,5.2
1,44.17,0,0,0,330.0184,3,0,5.2
1,44.1768,0,0,0,330.0184,3,0,5.2
1,44.18403,0,0,0,330.0184,3,0,5.2
1,44.19145,0,0,0,330.0184,3,0,5.2
1,44.20146,0,0,0,330.0184,3,0,5.2
1,44.21143,0,0,0,330.0184,3,0,5.2
1,44.22054,0,0,0,330.0184,3,0,5.2
1,44.22976,0,0,0,330.0184,3,0,5.2
1,44.24179,0,0,0,330.0184,3,0,5.2
1,44.25005,0,0,0,330.0184,3,0,5.2
1,44.25752,0,0,0,330.0184,3,0,5.2
1,44.26582,0,0,0,330.0184,3,0,5.2
1,44.27327,0,0,0,330.0184,3,0,5.2
1,44.28157,0,0,0,330.0184,3,0,5.2
1,44.29181,0,0,0,330.0184,3,0,5.2
1,44.30169,0,0,0,330.0184,3,0,5.2
1,44.31254,0,0,0,330.0184,3,0,5.2
1,44.32436,0,0,0,330.0184,3,0,5.2
1,44.33281,0,0,0,330.0184,3,0,5.2
1,44.34089,0,0,0,330.0184,3,0,5.2
1,44.35075,0,0,0,330.0184,3,0,5.2
1,44.36019,0,0,0,330.0184,3,0,5.2
1,44.36968,0,0,0,330.0184,3,0,5.2
1,44.38033,0,0,0,330.0184,3,0,5.2
1,44.3896,0,0,0,330.0184,3,0,5.2
1,44.39916,0,0,0,330.0184,3,0,5.2
1,44.40712,0,0,0,330.0184,3,0,5.2
1,44.41581,0,0,0,330.0184,3,0,5.2
1,44.4256,0,0,0,330.0184,3,0,5.2
1,44.43663,0,0,0,330.0184,3,0,5.2
1,44.4476,0,0,0,330.0184,3,0,5.2
1,44.45797,0,0,0,330.0184,3,0,5.2
1,44.46742,0,0,0,330.0184,3,0,5.2
1,44.47707,0,0,0,330.0184,3,0,5.2
1,44.48594,0,0,0,330.0184,3,0,5.2
1,44.49514,0,0,0,330.0184,3,0,5.2
1,44.50498,0,0,0,330.0184,3,0,5.2
1,44.51548,0,0,0,330.0184,3,0,5.2
1,44.52516,0,0,0,330.0184,3,0,5.2
1,44.54441,0,0,0,330.0184,3,0,5.2
1,44.55438,0,0,0,330.0184,3,0,5.2
1,44.56478,0,0,0,330.0184,3,0,5.2
1,44.57449,0,0,0,330.0184,3,0,5.2
1,44.58357,0,0,0,330.0184,3,0,5.2
1,44.59329,0,0,0,330.0184,3,0,5.2
1,44.60361,0,0,0,330.0184,3,0,5.2
1,44.61364,0,0,0,330.0184,3,0,5.2
1,44.62469,0,0,0,330.0184,3,0,5.2
1,44.63543,0,0,0,330.0184,3,0,5.2
1,44.64589,0,0,0,330.0184,3,0,5.2
1,44.65674,0,0,0,330.0184,3,0,5.2
1,44.66619,0,0,0,330.0184,3,0,5.2
1,44.67572,0,0,0,330.0184,3,0,5.2
1,44.68468,0,0,0,330.0184,3,0,5.2
1,44.69389,0,0,0,330.0184,3,0,5.2
1,44.70271,0,0,0,330.0184,3,0,5.2
1,44.71097,0,0,0,330.0184,3,0,5.2
1,44.71922,0,0,0,330.0184,3,0,5.2
1,44.72738,0,0,0,330.0184,3,0,5.2
1,44.737,0,0,0,330.0184,3,0,5.2
1,44.74514,0,0,0,330.0184,3,0,5.2
1,44.75404,0,0,0,330.0184,3,0,5.2
1,44.76266,0,0,0,330.0184,3,0,5.2
1,44.77063,0,0,0,330.0184,3,0,5.2
1,44.77918,0,0,0,330.0184,3,0,5.2
1,44.78855,0,0,0,330.0184,3,0,5.2
1,44.79903,0,0,0,330.0184,3,0,5.2
1,44.80818,0,0,0,330.0184,3,0,5.2
1,44.81904,0,0,0,330.0184,3,0,5.2
1,44.82867,0,0,0,330.0184,3,0,5.2
1,44.83945,0,0,0,330.0184,3,0,5.2
1,44.85124,0,0,0,330.0184,3,0,5.2
1,44.85994,0,0,0,330.0184,3,0,5.2
1,44.86796,0,0,0,330.0184,3,0,5.2
1,44.87631,0,0,0,330.0184,3,0,5.2
1,44.88503,0,0,0,330.0184,3,0,5.2
1,44.89201,0,0,0,330.0184,3,0,5.2
1,44.89993,0,0,0,330.0184,3,0,5.2
1,44.9068,0,0,0,330.0184,3,0,5.2
1,44.91679,0,0,0,330.0184,3,0,5.2
1,44.92647,0,0,0,330.0184,3,0,5.2
1,44.93481,0,0,0,330.0184,3,0,5.2
1,44.94445,0,0,0,330.0184,3,0,5.2
1,44.95228,0,0,0,330.0184,3,0,5.2
1,44.95965,0,0,0,330.0184,3,0,5.2
1,44.96746,0,0,0,330.0184,3,0,5.2
1,44.97401,0,0,0,330.0184,3,0,5.2
1,44.98156,0,0,0,330.0184,3,0,5.2
1,44.98866,0,0,0,330.0184,3,0,5.2
1,44.9958,0,0,0,330.0184,3,0,5.2
1,45.00364,0,0,0,330.0184,3,0,5.2
1,45.01101,0,0,0,330.0184,3,0,5.2
1,45.01754,0,0,0,330.0184,3,0,5.2
1,45.02496,0,0,0,330.0184,3,0,5.2
1,45.03321,0,0,0,330.0184,3,0,5.2
1,45.04313,0,0,0,330.0184,3,0,5.2
1,45.05135,0,0,0,330.0184,3,0,5.2
1,45.05981,0,0,0,330.0184,3,0,5.2
1,45.0673,0,0,0,330.0184,3,0,5.2
1,45.07459,0,0,0,330.0184,3,0,5.2
1,45.08197,0,0,0,330.0184,3,0,5.2
1,45.08945,0,0,0,330.0184,3,0,5.2
1,45.09684,0,0,0,330.0184,3,0,5.2
1,45.1044,0,0,0,330.0184,3,0,5.2
1,45.11182,0,0,0,330.0184,3,0,5.2
1,45.11886,0,0,0,330.0184,3,0,5.2
1,45.12617,0,0,0,330.0184,3,0,5.2
1,45.1335,0,0,0,330.0184,3,0,5.2
1,45.14141,0,0,0,330.0184,3,0,5.2
1,45.14948,0,0,0,330.0184,3,0,5.2
1,45.15963,0,0,0,330.0184,3,0,5.2
1,45.16777,0,0,0,330.0184,3,0,5.2
1,45.1768,0,0,0,330.0184,3,0,5.2
1,45.18521,0,0,0,330.0184,3,0,5.2
1,45.19287,0,0,0,330.0184,3,0,5.2
1,45.20128,0,0,0,330.0184,3,0,5.2
1,45.20923,0,0,0,330.0184,3,0,5.2
1,45.21727,0,0,0,330.0184,3,0,5.2
1,45.22735,0,0,0,330.0184,3,0,5.2
1,45.23834,0,0,0,330.0184,3,0,5.2
1,45.24646,0,0,0,330.0184,3,0,5.2
1,45.2566,0,0,0,330.0184,3,0,5.2
1,45.26873,0,0,0,330.0184,3,0,5.2
1,45.27739,0,0,0,330.0184,3,0,5.2
1,45.28485,0,0,0,330.0184,3,0,5.2
1,45.29189,0,0,0,330.0184,3,0,5.2
1,45.30042,0,0,0,330.0184,3,0,5.2
1,45.30788,0,0,0,330.0184,3,0,5.2
1,45.3171,0,0,0,330.0184,3,0,5.2
1,45.32677,0,0,0,330.0184,3,0,5.2
1,45.33583,0,0,0,330.0184,3,0,5.2
1,45.35149,0,0,0,330.0184,3,0,5.2
1,45.36031,0,0,0,330.0184,3,0,5.2
1,45.3677,0,0,0,330.0184,3,0,5.2
1,45.37574,0,0,0,330.0184,3,0,5.2
1,45.38264,0,0,0,330.0184,3,0,5.2
1,45.39025,0,0,0,330.0184,3,0,5.2
1,45.3969,0,0,0,330.0184,3,0,5.2
1,45.40444,0,0,0,330.0184,3,0,5.2
1,45.41134,0,0,0,330.0184,3,0,5.2
1,45.41925,0,0,0,330.0184,3,0,5.2
1,45.42754,0,0,0,330.0184,3,0,5.2
1,45.43767,0,0,0,330.0184,3,0,5.2
1,45.44624,0,0,0,330.0184,3,0,5.2
1,45.4562,0,0,0,330.0184,3,0,5.2
1,45.46374,0,0,0,330.0184,3,0,5.2
1,45.47185,0,0,0,330.0184,3,0,5.2
1,45.47999,0,0,0,330.0184,3,0,5.2
1,45.48752,0,0,0,330.0184,3,0,5.2
1,45.49478,0,0,0,330.0184,3,0,5.2
1,45.50348,0,0,0,330.0184,3,0,5.2
1,45.51171,0,0,0,330.0184,3,0,5.2
1,45.5218,0,0,0,330.0184,3,0,5.2
1,45.53249,0,0,0,330.0184,3,0,5.2
1,45.54274,0,0,0,330.0184,3,0,5.2
1,45.55245,0,0,0,330.0184,3,0,5.2
1,45.56342,0,0,0,330.0184,3,0,5.2
1,45.57293,0,0,0,330.0184,3,0,5.2
1,45.58365,0,0,0,330.0184,3,0,5.2
1,45.59349,0,0,0,330.0184,3,0,5.2
1,45.60341,0,0,0,330.0184,3,0,5.2
1,45.61385,0,0,0,330.0184,3,0,5.2
1,45.62275,0,0,0,330.0184,3,0,5.2
1,45.63123,0,0,0,330.0184,3,0,5.2
1,45.64021,0,0,0,330.0184,3,0,5.2
1,45.64891,0,0,0,330.0184,3,0,5.2
1,45.65839,0,0,0,330.0184,3,0,5.2
1,45.6666,0,0,0,330.0184,3,0,5.2
1,45.67649,0,0,0,330.0184,3,0,5.2
1,45.68555,0,0,0,330.0184,3,0,5.2
1,45.69519,0,0,0,330.0184,3,0,5.2
1,45.70598,0,0,0,330.0184,3,0,5.2
1,45.7169,0,0,0,330.0184,3,0,5.2
1,45.72683,0,0,0,330.0184,3,0,5.2
1,45.73661,0,0,0,330.0184,3,0,5.2
1,45.74536,0,0,0,330.0184,3,0,5.2
1,45.75415,0,0,0,330.0184,3,0,5.2
1,45.76457,0,0,0,330.0184,3,0,5.2
1,45.77416,0,0,0,330.0184,3,0,5.2
1,45.78589,0,0,0,330.0184,3,0,5.2
1,45.79527,0,0,0,330.0184,3,0,5.2
1,45.80424,0,0,0,330.0184,3,0,5.2
1,45.81403,0,0,0,330.0184,3,0,5.2
1,45.8229,0,0,0,330.0184,3,0,5.2
1,45.83044,0,0,0,330.0184,3,0,5.2
1,45.84111,0,0,0,330.0184,3,0,5.2
1,45.85095,0,0,0,330.0184,3,0,5.2
1,45.8619,0,0,0,330.0184,3,0,5.2
1,45.87161,0,0,0,330.0184,3,0,5.2
1,45.88343,0,0,0,330.0184,3,0,5.2
1,45.89375,0,0,0,330.0184,3,0,5.2
1,45.90228,0,0,0,330.0184,3,0,5.2
1,45.9112,0,0,0,330.0184,3,0,5.2
1,45.92029,0,0,0,330.0184,3,0,5.2
1,45.92842,0,0,0,330.0184,3,0,5.2
1,45.93748,0,0,0,330.0184,3,0,5.2
1,45.94489,0,0,0,330.0184,3,0,5.2
1,45.95504,0,0,0,330.0184,3,0,5.2
1,45.96329,0,0,0,330.0184,3,0,5.2
1,45.97078,0,0,0,330.0184,3,0,5.2
1,45.97875,0,0,0,330.0184,3,0,5.2
1,45.9853,0,0,0,330.0184,3,0,5.2
1,45.9925,0,0,0,330.0184,3,0,5.2
1,46.00007,0,0,0,330.0184,3,0,5.2
1,46.00663,0,0,0,330.0184,3,0,5.2
1,46.01403,0,0,0,330.0184,3,0,5.2
1,46.02095,0,0,0,330.0184,3,0,5.2
1,46.02899,0,0,0,330.0184,3,0,5.2
1,46.03663,0,0,0,330.0184,3,0,5.2
1,46.0451,0,0,0,330.0184,3,0,5.2
1,46.05357,0,0,0,330.0184,3,0,5.2
1,46.06228,0,0,0,330.0184,3,0,5.2
1,46.07158,0,0,0,330.0184,3,0,5.2
1,46.08027,0,0,0,330.0184,3,0,5.2
1,46.0876,0,0,0,330.0184,3,0,5.2
1,46.09514,0,0,0,330.0184,3,0,5.2
1,46.10226,0,0,0,330.0184,3,0,5.2
1,46.11102,0,0,0,330.0184,3,0,5.2
1,46.11901,0,0,0,330.0184,3,0,5.2
1,46.12653,0,0,0,330.0184,3,0,5.2
1,46.1334,0,0,0,330.0184,3,0,5.2
1,46.13961,0,0,0,330.0184,3,0,5.2
1,46.14649,0,0,0,330.0184,3,0,5.2
1,46.16265,0,0,0,330.0184,3,0,5.2
1,46.17107,0,0,0,330.0184,3,0,5.2
1,46.17836,0,0,0,330.0184,3,0,5.2
1,46.18721,0,0,0,330.0184,3,0,5.2
1,46.19383,0,0,0,330.0184,3,0,5.2
1,46.20149,0,0,0,330.0184,3,0,5.2
1,46.20919,0,0,0,330.0184,3,0,5.2
1,46.21609,0,0,0,330.0184,3,0,5.2
1,46.22306,0,0,0,330.0184,3,0,5.2
1,46.23239,0,0,0,330.0184,3,0,5.2
1,46.24015,0,0,0,330.0184,3,0,5.2
1,46.25021,0,0,0,330.0184,3,0,5.2
0,46.26444,0,0,0,330.0184,3,0,5.2
0,46.27375,0,0,0,330.0184,3,0,5.2
0,46.28544,0,0,0,330.0184,3,0,5.2
0,46.29626,0,0,0,330.0184,3,0,5.2
0,46.30374,0,0,0,330.0184,3,0,5.2
0,46.31264,0,0,0,330.0184,3,0,5.2
0,46.31902,0,0,0,330.0184,3,0,5.2
0,46.32692,0,0,0,330.0184,3,0,5.2
0,46.33683,0,0,0,330.0184,3,0,5.2
0,46.34799,0,0,0,330.0184,3,0,5.2
0,46.35774,0,0,0,330.0184,3,0,5.2
0,46.3673,0,0,0,330.0184,3,0,5.2
0,46.3766,0,0,0,330.0184,3,0,5.2
0,46.38337,0,0,0,330.0184,3,0,5.2
0,46.39269,0,0,0,330.0184,3,0,5.2
0,46.40124,0,0,0,330.0184,3,0,5.2
0,46.40936,0,0,0,330.0184,3,0,5.2
0,46.41788,0,0,0,330.0184,3,0,5.2
0,46.42536,0,0,0,330.0184,3,0,5.2
0,46.43343,0,0,0,330.0184,3,0,5.2
0,46.44011,0,0,0,330.0184,3,0,5.2
0,46.448,0,0,0,330.0184,3,0,5.2
0,46.45566,0,0,0,330.0184,3,0,5.2
0,46.46458,0,0,0,330.0184,3,0,5.2
0,46.47229,0,0,0,330.0184,3,0,5.2
0,46.48062,0,0,0,330.0184,3,0,5.2
0,46.48753,0,0,0,330.0184,3,0,5.2
0,46.49496,0,0,0,330.0184,3,0,5.2
0,46.50177,0,0,0,330.0184,3,0,5.2
0,46.50979,0,0,0,330.0184,3,0,5.2
0,46.51713,0,0,0,330.0184,3,0,5.2
0,46.525,0,0,0,330.0184,3,0,5.2
0,46.53304,0,0,0,330.0184,3,0,5.2
0,46.54076,0,0,0,330.0184,3,0,5.2
0,46.54856,0,0,0,330.0184,3,0,5.2
0,46.55828,0,0,0,330.0184,3,0,5.2
0,46.56733,0,0,0,330.0184,3,0,5.2
0,46.57793,0,0,0,330.0184,3,0,5.2
0,46.58694,0,0,0,330.0184,3,0,5.2
0,46.59583,0,0,0,330.0184,3,0,5.2
0,46.60609,0,0,0,330.0184,3,0,5.2
0,46.6165,0,0,0,330.0184,3,0,5.2
0,46.62565,0,0,0,330.0184,3,0,5.2
0,46.63542,0,0,0,330.0184,3,0,5.2
0,46.64523,0,0,0,330.0184,3,0,5.2
0,46.65574,0,0,0,330.0184,3,0,5.2
0,46.66529,0,0,0,330.0184,3,0,5.2
0,46.67696,0,0,0,330.0184,3,0,5.2
0,46.68733,0,0,0,330.0184,3,0,5.2
0,46.69679,0,0,0,330.0184,3,0,5.2
0,46.70591,0,0,0,330.0184,3,0,5.2
0,46.71737,0,0,0,330.0184,3,0,5.2
0,46.72731,0,0,0,330.0184,3,0,5.2
0,46.73824,0,0,0,330.0184,3,0,5.2
0,46.75042,0,0,0,330.0184,3,0,5.2
0,46.76039,0,0,0,330.0184,3,0,5.2
0,46.77061,0,0,0,330.0184,3,0,5.2
0,46.7805,0,0,0,330.0184,3,0,5.2
0,46.79014,0,0,0,330.0184,3,0,5.2
0,46.80015,0,0,0,330.0184,3,0,5.2
0,46.81059,0,0,0,330.0184,3,0,5.2
0,46.81927,0,0,0,330.0184,3,0,5.2
0,46.82856,0,0,0,330.0184,3,0,5.2
0,46.83877,0,0,0,330.0184,3,0,5.2
0,46.84979,0,0,0,330.0184,3,0,5.2
0,46.86081,0,0,0,330.0184,3,0,5.2
0,46.87005,0,0,0,330.0184,3,0,5.2
0,46.88046,0,0,0,330.0184,3,0,5.2
0,46.89093,0,0,0,330.0184,3,0,5.2
0,46.90109,0,0,0,330.0184,3,0,5.2
0,46.91098,0,0,0,330.0184,3,0,5.2
0,46.92123,0,0,0,330.0184,3,0,5.2
0,46.93214,0,0,0,330.0184,3,0,5.2
0,46.94136,0,0,0,330.0184,3,0,5.2
0,46.95171,0,0,0,330.0184,3,0,5.2
0,46.96101,0,0,0,330.0184,3,0,5.2
0,46.97232,0,0,0,330.0184,3,0,5.2
0,46.98312,0,0,0,330.0184,3,0,5.2
0,46.99257,0,0,0,330.0184,3,0,5.2
0,47.00171,0,0,0,330.0184,3,0,5.2
0,47.01812,0,0,0,330.0184,3,0,5.2
0,47.02687,0,0,0,330.0184,3,0,5.2
0,47.03577,0,0,0,330.0184,3,0,5.2
0,47.04472,0,0,0,330.0184,3,0,5.2
0,47.05406,0,0,0,330.0184,3,0,5.2
0,47.06306,0,0,0,330.0184,3,0,5.2
0,47.07334,0,0,0,330.0184,3,0,5.2
0,47.08415,0,0,0,330.0184,3,0,5.2
0,47.09512,0,0,0,330.0184,3,0,5.2
0,47.10546,0,0,0,330.0184,3,0,5.2
0,47.11541,0,0,0,330.0184,3,0,5.2
0,47.12446,0,0,0,330.0184,3,0,5.2
0,47.13314,0,0,0,330.0184,3,0,5.2
0,47.14121,0,0,0,330.0184,3,0,5.2
0,47.14933,0,0,0,330.0184,3,0,5.2
0,47.15874,0,0,0,330.0184,3,0,5.2
0,47.16734,0,0,0,330.0184,3,0,5.2
0,47.1758,0,0,0,330.0184,3,0,5.2
0,47.1839,0,0,0,330.0184,3,0,5.2
0,47.19176,0,0,0,330.0184,3,0,5.2
0,47.19991,0,0,0,330.0184,3,0,5.2
0,47.20737,0,0,0,330.0184,3,0,5.2
0,47.21535,0,0,0,330.0184,3,0,5.2
0,47.22364,0,0,0,330.0184,3,0,5.2
0,47.2316,0,0,0,330.0184,3,0,5.2
0,47.23924,0,0,0,330.0184,3,0,5.2
0,47.24899,0,0,0,330.0184,3,0,5.2
0,47.25681,0,0,0,330.0184,3,0,5.2
0,47.26485,0,0,0,330.0184,3,0,5.2
0,47.27465,0,0,0,330.0184,3,0,5.2
0,47.28481,0,0,0,330.0184,3,0,5.2
0,47.2941,0,0,0,330.0184,3,0,5.2
0,47.30424,0,0,0,330.0184,3,0,5.2
0,47.31634,0,0,0,330.0184,3,0,5.2
0,47.32448,0,0,0,330.0184,3,0,5.2
0,47.333,0,0,0,330.0184,3,0,5.2
0,47.3434,0,0,0,330.0184,3,0,5.2
0,47.35358,0,0,0,330.0184,3,0,5.2
0,47.3627,0,0,0,330.0184,3,0,5.2
0,47.37393,0,0,0,330.0184,3,0,5.2
0,47.38567,0,0,0,330.0184,3,0,5.2
0,47.39536,0,0,0,330.0184,3,0,5.2
0,47.40413,0,0,0,330.0184,3,0,5.2
0,47.41286,0,0,0,330.0184,3,0,5.2
0,47.4218,0,0,0,330.0184,3,0,5.2
0,47.42979,0,0,0,330.0184,3,0,5.2
0,47.43877,0,0,0,330.0184,3,0,5.2
0,47.44736,0,0,0,330.0184,3,0,5.2
0,47.45626,0,0,0,330.0184,3,0,5.2
0,47.46378,0,0,0,330.0184,3,0,5.2
0,47.47169,0,0,0,330.0184,3,0,5.2
0,47.47902,0,0,0,330.0184,3,0,5.2
0,47.48761,0,0,0,330.0184,3,0,5.2
0,47.49451,0,0,0,330.0184,3,0,5.2
0,47.50227,0,0,0,330.0184,3,0,5.2
0,47.51029,0,0,0,330.0184,3,0,5.2
0,47.51775,0,0,0,330.0184,3,0,5.2
0,47.52656,0,0,0,330.0184,3,0,5.2
0,47.53405,0,0,0,330.0184,3,0,5.2
0,47.54216,0,0,0,330.0184,3,0,5.2
0,47.54962,0,0,0,330.0184,3,0,5.2
0,47.5574,0,0,0,330.0184,3,0,5.2
0,47.56502,0,0,0,330.0184,3,0,5.2
0,47.57232,0,0,0,330.0184,3,0,5.2
0,47.5804,0,0,0,330.0184,3,0,5.2
0,47.58753,0,0,0,330.0184,3,0,5.2
0,47.59534,0,0,0,330.0184,3,0,5.2
0,47.60368,0,0,0,330.0184,3,0,5.2
0,47.61245,0,0,0,330.0184,3,0,5.2
0,47.62052,0,0,0,330.0184,3,0,5.2
0,47.62791,0,0,0,330.0184,3,0,5.2
0,47.63628,0,0,0,330.0184,3,0,5.2
0,47.64401,0,0,0,330.0184,3,0,5.2
0,47.65132,0,0,0,330.0184,3,0,5.2
0,47.65929,0,0,0,330.0184,3,0,5.2
0,47.66691,0,0,0,330.0184,3,0,5.2
0,47.67574,0,0,0,330.0184,3,0,5.2
0,47.68292,0,0,0,330.0184,3,0,5.2
0,47.69203,0,0,0,330.0184,3,0,5.2
0,47.70218,0,0,0,330.0184,3,0,5.2
0,47.7125,0,0,0,330.0184,3,0,5.2
0,47.72229,0,0,0,330.0184,3,0,5.2
0,47.73207,0,0,0,330.0184,3,0,5.2
0,47.74076,0,0,0,330.0184,3,0,5.2
0,47.75058,0,0,0,330.0184,3,0,5.2
0,47.76027,0,0,0,330.0184,3,0,5.2
0,47.76852,0,0,0,330.0184,3,0,5.2
0,47.77893,0,0,0,330.0184,3,0,5.2
0,47.79032,0,0,0,330.0184,3,0,5.2
0,47.80206,0,0,0,330.0184,3,0,5.2
0,47.81397,0,0,0,330.0184,3,0,5.2
0,47.82491,0,0,0,330.0184,3,0,5.2
0,47.83551,0,0,0,330.0184,3,0,5.2
0,47.85402,0,0,0,330.0184,3,0,5.2
0,47.86526,0,0,0,330.0184,3,0,5.2
0,47.87461,0,0,0,330.0184,3,0,5.2
0,47.88402,0,0,0,330.0184,3,0,5.2
0,47.89495,0,0,0,330.0184,3,0,5.2
0,47.90676,0,0,0,330.0184,3,0,5.2
0,47.91803,0,0,0,330.0184,3,0,5.2
0,47.92908,0,0,0,330.0184,3,0,5.2
0,47.93938,0,0,0,330.0184,3,0,5.2
0,47.94973,0,0,0,330.0184,3,0,5.2
0,47.95973,0,0,0,330.0184,3,0,5.2
0,47.96956,0,0,0,330.0184,3,0,5.2
0,47.98059,0,0,0,330.0184,3,0,5.2
0,47.99115,0,0,0,330.0184,3,0,5.2
0,48.00061,0,0,0,330.0184,3,0,5.2
0,48.01179,0,0,0,330.0184,3,0,5.2
0,48.02092,0,0,0,330.0184,3,0,5.2
0,48.03106,0,0,0,330.0184,3,0,5.2
0,48.04056,0,0,0,330.0184,3,0,5.2
0,48.05093,0,0,0,330.0184,3,0,5.2
0,48.0631,0,0,0,330.0184,3,0,5.2
0,48.07463,0,0,0,330.0184,3,0,5.2
0,48.08427,0,0,0,330.0184,3,0,5.2
0,48.09347,0,0,0,330.0184,3,0,5.2
0,48.10458,0,0,0,330.0184,3,0,5.2
0,48.11481,0,0,0,330.0184,3,0,5.2
0,48.12489,0,0,0,330.0184,3,0,5.2
0,48.1338,0,0,0,330.0184,3,0,5.2
0,48.1422,0,0,0,330.0184,3,0,5.2
0,48.14913,0,0,0,330.0184,3,0,5.2
0,48.1599,0,0,0,330.0184,3,0,5.2
0,48.16883,0,0,0,330.0184,3,0,5.2
0,48.17699,0,0,0,330.0184,3,0,5.2
0,48.18599,0,0,0,330.0184,3,0,5.2
0,48.1958,0,0,0,330.0184,3,0,5.2
0,48.20521,0,0,0,330.0184,3,0,5.2
0,48.21458,0,0,0,330.0184,3,0,5.2
0,48.22471,0,0,0,330.0184,3,0,5.2
0,48.23379,0,0,0,330.0184,3,0,5.2
0,48.24347,0,0,0,330.0184,3,0,5.2
0,48.2538,0,0,0,330.0184,3,0,5.2
0,48.26272,0,0,0,330.0184,3,0,5.2
0,48.27163,0,0,0,330.0184,3,0,5.2
0,48.28085,0,0,0,330.0184,3,0,5.2
0,48.29308,0,0,0,330.0184,3,0,5.2
0,48.30376,0,0,0,330.0184,3,0,5.2
0,48.31428,0,0,0,330.0184,3,0,5.2
0,48.32385,0,0,0,330.0184,3,0,5.2
0,48.33587,0,0,0,330.0184,3,0,5.2
0,48.35139,0,0,0,330.0184,3,0,5.2
0,48.3619,0,0,0,330.0184,3,0,5.2
0,48.37196,0,0,0,330.0184,3,0,5.2
0,48.38201,0,0,0,330.0184,3,0,5.2
0,48.39148,0,0,0,330.0184,3,0,5.2
0,48.39968,0,0,0,330.0184,3,0,5.2
0,48.40749,0,0,0,330.0184,3,0,5.2
0,48.41643,0,0,0,330.0184,3,0,5.2
0,48.42423,0,0,0,330.0184,3,0,5.2
0,48.43172,0,0,0,330.0184,3,0,5.2
0,48.4402,0,0,0,330.0184,3,0,5.2
0,48.44836,0,0,0,330.0184,3,0,5.2
0,48.45587,0,0,0,330.0184,3,0,5.2
0,48.46273,0,0,0,330.0184,3,0,5.2
0,48.47087,0,0,0,330.0184,3,0,5.2
0,48.47821,0,0,0,330.0184,3,0,5.2
0,48.48484,0,0,0,330.0184,3,0,5.2
0,48.49474,0,0,0,330.0184,3,0,5.2
0,48.50289,0,0,0,330.0184,3,0,5.2
0,48.51041,0,0,0,330.0184,3,0,5.2
0,48.51736,0,0,0,330.0184,3,0,5.2
0,48.52453,0,0,0,330.0184,3,0,5.2
0,48.53318,0,0,0,330.0184,3,0,5.2
0,48.54057,0,0,0,330.0184,3,0,5.2
0,48.54801,0,0,0,330.0184,3,0,5.2
0,48.55461,0,0,0,330.0184,3,0,5.2
0,48.56351,0,0,0,330.0184,3,0,5.2
0,48.57129,0,0,0,330.0184,3,0,5.2
0,48.57913,0,0,0,330.0184,3,0,5.2
0,48.58655,0,0,0,330.0184,3,0,5.2
0,48.59565,0,0,0,330.0184,3,0,5.2
0,48.60447,0,0,0,330.0184,3,0,5.2
0,48.61446,0,0,0,330.0184,3,0,5.2
0,48.62621,0,0,0,330.0184,3,0,5.2
0,48.63513,0,0,0,330.0184,3,0,5.2
0,48.64402,0,0,0,330.0184,3,0,5.2
0,48.65229,0,0,0,330.0184,3,0,5.2
0,48.66238,0,0,0,330.0184,3,0,5.2
0,48.67015,0,0,0,330.0184,3,0,5.2
0,48.67754,0,0,0,330.0184,3,0,5.2
0,48.68877,0,0,0,330.0184,3,0,5.2
0,48.69815,0,0,0,330.0184,3,0,5.2
0,48.70551,0,0,0,330.0184,3,0,5.2
0,48.71616,0,0,0,330.0184,3,0,5.2
0,48.73005,0,0,0,330.0184,3,0,5.2
0,48.73854,0,0,0,330.0184,3,0,5.2
0,48.74759,0,0,0,330.0184,3,0,5.2
0,48.75586,0,0,0,330.0184,3,0,5.2
0,48.76601,0,0,0,330.0184,3,0,5.2
0,48.77406,0,0,0,330.0184,3,0,5.2
0,48.78307,0,0,0,330.0184,3,0,5.2
0,48.78998,0,0,0,330.0184,3,0,5.2
0,48.79825,0,0,0,330.0184,3,0,5.2
0,48.80553,0,0,0,330.0184,3,0,5.2
0,48.81445,0,0,0,330.0184,3,0,5.2
0,48.82277,0,0,0,330.0184,3,0,5.2
0,48.83287,0,0,0,330.0184,3,0,5.2
0,48.84125,0,0,0,330.0184,3,0,5.2
0,48.85567,0,0,0,330.0184,3,0,5.2
0,48.86735,0,0,0,330.0184,3,0,5.2
0,48.88383,0,0,0,330.0184,3,0,5.2
0,48.89511,0,0,0,330.0184,3,0,5.2
0,48.90436,0,0,0,330.0184,3,0,5.2
0,48.91338,0,0,0,330.0184,3,0,5.2
0,48.92223,0,0,0,330.0184,3,0,5.2
0,48.93323,0,0,0,330.0184,3,0,5.2
0,48.94858,0,0,0,330.0184,3,0,5.2
0,48.9598,0,0,0,330.0184,3,0,5.2
0,48.97282,0,0,0,330.0184,3,0,5.2
0,48.98534,0,0,0,330.0184,3,0,5.2
0,49.00074,0,0,0,330.0184,3,0,5.2
0,49.01128,0,0,0,330.0184,3,0,5.2
0,49.02464,0,0,0,330.0184,3,0,5.2
0,49.03526,0,0,0,330.0184,3,0,5.2
0,49.04599,0,0,0,330.0184,3,0,5.2
0,49.05709,0,0,0,330.0184,3,0,5.2
0,49.0693,0,0,0,330.0184,3,0,5.2
0,49.08576,0,0,0,330.0184,3,0,5.2
0,49.10117,0,0,0,330.0184,3,0,5.2
0,49.11163,0,0,0,330.0184,3,0,5.2
0,49.12701,0,0,0,330.0184,3,0,5.2
0,49.14295,0,0,0,330.0184,3,0,5.2
0,49.15257,0,0,0,330.0184,3,0,5.2
0,49.16444,0,0,0,330.0184,3,0,5.2
0,49.17455,0,0,0,330.0184,3,0,5.2
0,49.18647,0,0,0,330.0184,3,0,5.2
0,49.1966,0,0,0,330.0184,3,0,5.2
0,49.20667,0,0,0,330.0184,3,0,5.2
0,49.21641,0,0,0,330.0184,3,0,5.2
0,49.22597,0,0,0,330.0184,3,0,5.2
0,49.23752,0,0,0,330.0184,3,0,5.2
0,49.24853,0,0,0,330.0184,3,0,5.2
0,49.25863,0,0,0,330.0184,3,0,5.2
0,49.26883,0,0,0,330.0184,3,0,5.2
0,49.28176,0,0,0,330.0184,3,0,5.2
0,49.29216,0,0,0,330.0184,3,0,5.2
0,49.30199,0,0,0,330.0184,3,0,5.2
0,49.31153,0,0,0,330.0184,3,0,5.2
0,49.32457,0,0,0,330.0184,3,0,5.2
0,49.33427,0,0,0,330.0184,3,0,5.2
0,49.34351,0,0,0,330.0184,3,0,5.2
0,49.35357,0,0,0,330.0184,3,0,5.2
0,49.37209,0,0,0,330.0184,3,0,5.2
0,49.38525,0,0,0,330.0184,3,0,5.2
0,49.39513,0,0,0,330.0184,3,0,5.2
0,49.40448,0,0,0,330.0184,3,0,5.2
0,49.41327,0,0,0,330.0184,3,0,5.2
0,49.42341,0,0,0,330.0184,3,0,5.2
0,49.43192,0,0,0,330.0184,3,0,5.2
0,49.4425,0,0,0,330.0184,3,0,5.2
0,49.45274,0,0,0,330.0184,3,0,5.2
0,49.46145,0,0,0,330.0184,3,0,5.2
0,49.47107,0,0,0,330.0184,3,0,5.2
0,49.48058,0,0,0,330.0184,3,0,5.2
0,49.48926,0,0,0,330.0184,3,0,5.2
0,49.49761,0,0,0,330.0184,3,0,5.2
0,49.5041,0,0,0,330.0184,3,0,5.2
0,49.51112,0,0,0,330.0184,3,0,5.2
0,49.51772,0,0,0,330.0184,3,0,5.2
0,49.52402,0,0,0,330.0184,3,0,5.2
0,49.53024,0,0,0,330.0184,3,0,5.2
0,49.53667,0,0,0,330.0184,3,0,5.2
0,49.54368,0,0,0,330.0184,3,0,5.2
0,49.55009,0,0,0,330.0184,3,0,5.2
0,49.55726,0,0,0,330.0184,3,0,5.2
0,49.56347,0,0,0,330.0184,3,0,5.2
0,49.57159,0,0,0,330.0184,3,0,5.2
0,49.57858,0,0,0,330.0184,3,0,5.2
0,49.58563,0,0,0,330.0184,3,0,5.2
0,49.60162,0,0,0,330.0184,3,0,5.2
