Ans,timenow,HMD_rotation_x,HMD_rotation_y,HMD_rotation_z,balldeg,ball_position_x,ball_position_y,ball_position_z
0,0.04003859,0,0,0,270,0,0,0
0,0.06041908,0,0,0,270,0,0,0
0,0.9171391,0,0,0,270,0,0,0
0,0.9895535,0,0,0,270,0,0,0
0,1.010849,0,0,0,270,0,0,0
0,1.023184,0,0,0,270,0,0,0
0,1.036104,0,0,0,270,0,0,0
0,1.048901,0,0,0,270,0,0,0
0,1.060425,0,0,0,270,0,0,0
0,1.076565,0,0,0,270,0,0,0
0,1.089343,0,0,0,270,0,0,0
0,1.100066,0,0,0,270,0,0,0
0,1.112975,0,0,0,270,0,0,0
0,1.122045,0,0,0,270,0,0,0
0,1.132513,0,0,0,270,0,0,0
0,1.143823,0,0,0,270,0,0,0
0,1.152805,0,0,0,270,0,0,0
0,1.162258,0,0,0,270,0,0,0
0,1.170659,0,0,0,270,0,0,0
0,1.18002,0,0,0,270,0,0,0
0,1.190018,0,0,0,270,0,0,0
0,1.199098,0,0,0,270,0,0,0
0,1.212551,0,0,0,270,0,0,0
0,1.221703,0,0,0,270,0,0,0
0,1.231126,0,0,0,270,0,0,0
0,1.242959,0,0,0,270,0,0,0
0,1.254714,0,0,0,270,0,0,0
0,1.264155,0,0,0,270,0,0,0
0,1.272563,0,0,0,270,0,0,0
0,1.282874,0,0,0,270,0,0,0
0,1.290295,0,0,0,270,0,0,0
0,1.299479,0,0,0,270,0,0,0
0,1.30813,0,0,0,270,0,0,0
0,1.317691,0,0,0,270,0,0,0
0,1.327211,0,0,0,270,0,0,0
0,1.336754,0,0,0,270,0,0,0
0,1.347412,0,0,0,270,0,0,0
0,1.355422,0,0,0,270,0,0,0
0,1.36638,0,0,0,270,0,0,0
0,1.380373,0,0,0,270,0,0,0
0,1.389268,0,0,0,270,0,0,0
0,1.398818,0,0,0,270,0,0,0
0,1.409471,0,0,0,270,0,0,0
0,1.417275,0,0,0,270,0,0,0
0,1.42625,0,0,0,270,0,0,0
0,1.434592,0,0,0,270,0,0,0
0,1.444382,0,0,0,270,0,0,0
0,1.454068,0,0,0,270,0,0,0
0,1.464039,0,0,0,270,0,0,0
0,1.47204,0,0,0,270,0,0,0
0,1.48009,0,0,0,270,0,0,0
0,1.488548,0,0,0,270,0,0,0
0,1.497541,0,0,0,270,0,0,0
0,1.50823,0,0,0,270,0,0,0
0,1.516378,0,0,0,270,0,0,0
0,1.525372,0,0,0,270,0,0,0
0,1.535929,0,0,0,270,0,0,0
0,1.544103,0,0,0,270,0,0,0
0,1.552944,0,0,0,270,0,0,0
0,1.561824,0,0,0,270,0,0,0
0,1.571458,0,0,0,270,0,0,0
0,1.581337,0,0,0,270,0,0,0
0,1.591827,0,0,0,270,0,0,0
0,1.602605,0,0,0,270,0,0,0
0,1.61567,0,0,0,270,0,0,0
0,1.625765,0,0,0,270,0,0,0
0,1.637873,0,0,0,270,0,0,0
0,1.648707,0,0,0,270,0,0,0
0,1.657415,0,0,0,270,0,0,0
0,1.666798,0,0,0,270,0,0,0
0,1.674693,0,0,0,270,0,0,0
0,1.682041,0,0,0,270,0,0,0
0,1.689549,0,0,0,270,0,0,0
0,1.699903,0,0,0,270,0,0,0
0,1.709245,0,0,0,270,0,0,0
0,1.71778,0,0,0,270,0,0,0
0,1.726841,0,0,0,270,0,0,0
0,1.735479,0,0,0,270,0,0,0
0,1.744763,0,0,0,270,0,0,0
0,1.754549,0,0,0,270,0,0,0
0,1.763517,0,0,0,270,0,0,0
0,1.771527,0,0,0,270,0,0,0
0,1.779468,0,0,0,270,0,0,0
0,1.787483,0,0,0,270,0,0,0
0,1.795034,0,0,0,270,0,0,0
0,1.803219,0,0,0,270,0,0,0
0,1.811957,0,0,0,270,0,0,0
0,1.823286,0,0,0,270,0,0,0
0,1.832432,0,0,0,270,0,0,0
0,1.840081,0,0,0,270,0,0,0
0,1.84867,0,0,0,270,0,0,0
0,1.857742,0,0,0,270,0,0,0
0,1.868126,0,0,0,270,0,0,0
0,1.878183,0,0,0,270,0,0,0
0,1.888535,0,0,0,270,0,0,0
0,1.903852,0,0,0,270,0,0,0
0,1.920975,0,0,0,270,0,0,0
0,1.929247,0,0,0,270,0,0,0
0,1.940528,0,0,0,270,0,0,0
0,1.950359,0,0,0,270,0,0,0
0,1.960994,0,0,0,270,0,0,0
0,1.973463,0,0,0,270,0,0,0
0,1.983222,0,0,0,270,0,0,0
0,1.993316,0,0,0,270,0,0,0
0,2.00456,0,0,0,270,0,0,0
0,2.020769,0,0,0,270,0,0,0
0,2.034587,0,0,0,270,0,0,0
0,2.044658,0,0,0,270,0,0,0
0,2.054771,0,0,0,270,0,0,0
0,2.063601,0,0,0,270,0,0,0
0,2.073492,0,0,0,270,0,0,0
0,2.085401,0,0,0,270,0,0,0
0,2.097685,0,0,0,270,0,0,0
0,2.108462,0,0,0,270,0,0,0
0,2.120677,0,0,0,270,0,0,0
0,2.130964,0,0,0,270,0,0,0
0,2.140152,0,0,0,270,0,0,0
0,2.149947,0,0,0,270,0,0,0
0,2.159525,0,0,0,270,0,0,0
0,2.16988,0,0,0,270,0,0,0
0,2.180151,0,0,0,270,0,0,0
0,2.190228,0,0,0,270,0,0,0
0,2.201637,0,0,0,270,0,0,0
0,2.213769,0,0,0,270,0,0,0
0,2.227136,0,0,0,270,0,0,0
0,2.238792,0,0,0,270,0,0,0
0,2.249212,0,0,0,270,0,0,0
0,2.270938,0,0,0,270,0,0,0
0,2.285537,0,0,0,270,0,0,0
0,2.29877,0,0,0,270,0,0,0
0,2.311046,0,0,0,270,0,0,0
0,2.321665,0,0,0,270,0,0,0
0,2.332308,0,0,0,270,0,0,0
0,2.343692,0,0,0,270,0,0,0
0,2.354852,0,0,0,270,0,0,0
0,2.366544,0,0,0,270,0,0,0
0,2.379758,0,0,0,270,0,0,0
0,2.393058,0,0,0,270,0,0,0
0,2.406044,0,0,0,270,0,0,0
0,2.418775,0,0,0,270,0,0,0
0,2.43102,0,0,0,270,0,0,0
0,2.445232,0,0,0,270,0,0,0
0,2.46112,0,0,0,270,0,0,0
0,2.478004,0,0,0,270,0,0,0
0,2.500206,0,0,0,270,0,0,0
0,2.511853,0,0,0,270,0,0,0
0,2.524514,0,0,0,270,0,0,0
0,2.537085,0,0,0,270,0,0,0
0,2.548464,0,0,0,270,0,0,0
0,2.562311,0,0,0,270,0,0,0
0,2.573967,0,0,0,270,0,0,0
0,2.584498,0,0,0,270,0,0,0
0,2.596339,0,0,0,270,0,0,0
0,2.609255,0,0,0,270,0,0,0
0,2.622571,0,0,0,270,0,0,0
0,2.639351,0,0,0,270,0,0,0
0,2.652992,0,0,0,270,0,0,0
0,2.66451,0,0,0,270,0,0,0
0,2.675794,0,0,0,270,0,0,0
0,2.684635,0,0,0,270,0,0,0
0,2.696202,0,0,0,270,0,0,0
0,2.707734,0,0,0,270,0,0,0
0,2.718993,0,0,0,270,0,0,0
0,2.730525,0,0,0,270,0,0,0
0,2.740153,0,0,0,270,0,0,0
0,2.749865,0,0,0,270,0,0,0
0,2.760978,0,0,0,270,0,0,0
0,2.77133,0,0,0,270,0,0,0
0,2.781374,0,0,0,270,0,0,0
0,2.79269,0,0,0,270,0,0,0
0,2.80254,0,0,0,270,0,0,0
0,2.813172,0,0,0,270,0,0,0
0,2.8238,0,0,0,270,0,0,0
0,2.834714,0,0,0,270,0,0,0
0,2.845928,0,0,0,270,0,0,0
0,2.857894,0,0,0,270,0,0,0
0,2.870752,0,0,0,270,0,0,0
0,2.884628,0,0,0,270,0,0,0
0,2.89888,0,0,0,270,0,0,0
0,2.911612,0,0,0,270,0,0,0
0,2.92274,0,0,0,270,0,0,0
0,2.933609,0,0,0,270,0,0,0
0,2.944735,0,0,0,270,0,0,0
0,2.954655,0,0,0,270,0,0,0
0,2.965383,0,0,0,270,0,0,0
0,2.977157,0,0,0,270,0,0,0
0,2.989132,0,0,0,270,0,0,0
0,3.000123,0,0,0,270,0,0,0
0,3.010984,0,0,0,270,0,0,0
0,3.021978,0,0,0,270,0,0,0
0,3.033816,0,0,0,270,0,0,0
0,3.044692,0,0,0,270,0,0,0
0,3.054946,0,0,0,270,0,0,0
0,3.065884,0,0,0,270,0,0,0
0,3.079657,0,0,0,270,0,0,0
0,3.091358,0,0,0,270,0,0,0
0,3.10436,0,0,0,270,0,0,0
0,3.120431,0,0,0,270,0,0,0
0,3.13674,0,0,0,270,0,0,0
0,3.149784,0,0,0,270,0,0,0
0,3.161943,0,0,0,270,0,0,0
0,3.173724,0,0,0,270,0,0,0
0,3.187778,0,0,0,270,0,0,0
0,3.202309,0,0,0,270,0,0,0
0,3.213289,0,0,0,270,0,0,0
0,3.224871,0,0,0,270,0,0,0
0,3.236269,0,0,0,270,0,0,0
0,3.248677,0,0,0,270,0,0,0
0,3.261034,0,0,0,270,0,0,0
0,3.272171,0,0,0,270,0,0,0
0,3.283864,0,0,0,270,0,0,0
0,3.296069,0,0,0,270,0,0,0
0,3.306555,0,0,0,270,0,0,0
0,3.317751,0,0,0,270,0,0,0
0,3.326739,0,0,0,270,0,0,0
0,3.336236,0,0,0,270,0,0,0
0,3.344539,0,0,0,270,0,0,0
0,3.353759,0,0,0,270,0,0,0
0,3.360943,0,0,0,270,0,0,0
0,3.369997,0,0,0,270,0,0,0
0,3.379759,0,0,0,270,0,0,0
0,3.388344,0,0,0,270,0,0,0
0,3.39672,0,0,0,270,0,0,0
0,3.407364,0,0,0,270,0,0,0
0,3.418451,0,0,0,270,0,0,0
0,3.427943,0,0,0,270,0,0,0
0,3.436872,0,0,0,270,0,0,0
0,3.44492,0,0,0,270,0,0,0
0,3.452864,0,0,0,270,0,0,0
0,3.459974,0,0,0,270,0,0,0
0,3.467568,0,0,0,270,0,0,0
0,3.475718,0,0,0,270,0,0,0
0,3.483318,0,0,0,270,0,0,0
0,3.491688,0,0,0,270,0,0,0
0,3.501751,0,0,0,270,0,0,0
0,3.509916,0,0,0,270,0,0,0
0,3.517207,0,0,0,270,0,0,0
0,3.524614,0,0,0,270,0,0,0
0,3.533104,0,0,0,270,0,0,0
0,3.541905,0,0,0,270,0,0,0
0,3.550375,0,0,0,270,0,0,0
0,3.558424,0,0,0,270,0,0,0
0,3.567106,0,0,0,270,0,0,0
0,3.574545,0,0,0,270,0,0,0
0,3.581636,0,0,0,270,0,0,0
0,3.589388,0,0,0,270,0,0,0
0,3.598213,0,0,0,270,0,0,0
0,3.606665,0,0,0,270,0,0,0
0,3.616527,0,0,0,270,0,0,0
0,3.624805,0,0,0,270,0,0,0
0,3.634146,0,0,0,270,0,0,0
0,3.641688,0,0,0,270,0,0,0
0,3.649887,0,0,0,270,0,0,0
0,3.658062,0,0,0,270,0,0,0
0,3.666803,0,0,0,270,0,0,0
0,3.67569,0,0,0,270,0,0,0
0,3.684986,0,0,0,270,0,0,0
0,3.695881,0,0,0,270,0,0,0
0,3.70503,0,0,0,270,0,0,0
0,3.713427,0,0,0,270,0,0,0
0,3.72252,0,0,0,270,0,0,0
0,3.730719,0,0,0,270,0,0,0
0,3.738828,0,0,0,270,0,0,0
0,3.746649,0,0,0,270,0,0,0
0,3.754796,0,0,0,270,0,0,0
0,3.761725,0,0,0,270,0,0,0
0,3.769537,0,0,0,270,0,0,0
0,3.77677,0,0,0,270,0,0,0
0,3.784004,0,0,0,270,0,0,0
0,3.794958,0,0,0,270,0,0,0
0,3.806949,0,0,0,270,0,0,0
0,3.818406,0,0,0,270,0,0,0
0,3.827739,0,0,0,270,0,0,0
0,3.83835,0,0,0,270,0,0,0
0,3.850904,0,0,0,270,0,0,0
0,3.861269,0,0,0,270,0,0,0
0,3.871349,0,0,0,270,0,0,0
0,3.882183,0,0,0,270,0,0,0
0,3.893976,0,0,0,270,0,0,0
0,3.907657,0,0,0,270,0,0,0
0,3.920092,0,0,0,270,0,0,0
0,3.932469,0,0,0,270,0,0,0
0,3.943964,0,0,0,270,0,0,0
0,3.956284,0,0,0,270,0,0,0
0,3.966819,0,0,0,270,0,0,0
0,3.977921,0,0,0,270,0,0,0
0,3.988608,0,0,0,270,0,0,0
0,4.000263,0,0,0,270,0,0,0
0,4.013225,0,0,0,270,0,0,0
0,4.024637,0,0,0,270,0,0,0
0,4.036062,0,0,0,270,0,0,0
0,4.047712,0,0,0,270,0,0,0
0,4.058969,0,0,0,270,0,0,0
0,4.07083,0,0,0,270,0,0,0
0,4.088977,0,0,0,270,0,0,0
0,4.107424,0,0,0,270,0,0,0
0,4.118273,0,0,0,270,0,0,0
0,4.130988,0,0,0,270,0,0,0
0,4.14502,0,0,0,270,0,0,0
0,4.15594,0,0,0,270,0,0,0
0,4.166636,0,0,0,270,0,0,0
0,4.177265,0,0,0,270,0,0,0
0,4.186127,0,0,0,270,0,0,0
0,4.198163,0,0,0,270,0,0,0
0,4.211626,0,0,0,270,0,0,0
0,4.223464,0,0,0,270,0,0,0
0,4.235106,0,0,0,270,0,0,0
0,4.245867,0,0,0,270,0,0,0
0,4.255949,0,0,0,270,0,0,0
0,4.268153,0,0,0,270,0,0,0
0,4.282093,0,0,0,270,0,0,0
0,4.293344,0,0,0,270,0,0,0
0,4.306869,0,0,0,270,0,0,0
0,4.322261,0,0,0,270,0,0,0
0,4.333532,0,0,0,270,0,0,0
0,4.343602,0,0,0,270,0,0,0
0,4.354567,0,0,0,270,0,0,0
0,4.36498,0,0,0,270,0,0,0
0,4.374428,0,0,0,270,0,0,0
0,4.38448,0,0,0,270,0,0,0
0,4.394928,0,0,0,270,0,0,0
0,4.404231,0,0,0,270,0,0,0
0,4.414634,0,0,0,270,0,0,0
0,4.424578,0,0,0,270,0,0,0
0,4.433002,0,0,0,270,0,0,0
0,4.4426,0,0,0,270,0,0,0
0,4.450821,0,0,0,270,0,0,0
0,4.460434,0,0,0,270,0,0,0
0,4.468194,0,0,0,270,0,0,0
0,4.477862,0,0,0,270,0,0,0
0,4.486124,0,0,0,270,0,0,0
0,4.493871,0,0,0,270,0,0,0
0,4.501991,0,0,0,270,0,0,0
0,4.510517,0,0,0,270,0,0,0
0,4.519592,0,0,0,270,0,0,0
0,4.527673,0,0,0,270,0,0,0
0,4.53608,0,0,0,270,0,0,0
0,4.544848,0,0,0,270,0,0,0
0,4.553946,0,0,0,270,0,0,0
0,4.562177,0,0,0,270,0,0,0
0,4.571216,0,0,0,270,0,0,0
0,4.580152,0,0,0,270,0,0,0
0,4.589198,0,0,0,270,0,0,0
0,4.59946,0,0,0,270,0,0,0
0,4.606963,0,0,0,270,0,0,0
0,4.615521,0,0,0,270,0,0,0
0,4.623544,0,0,0,270,0,0,0
0,4.633197,0,0,0,270,0,0,0
0,4.642876,0,0,0,270,0,0,0
0,4.651258,0,0,0,270,0,0,0
0,4.659967,0,0,0,270,0,0,0
0,4.668999,0,0,0,270,0,0,0
0,4.677398,0,0,0,270,0,0,0
0,4.684853,0,0,0,270,0,0,0
0,4.693175,0,0,0,270,0,0,0
0,4.701503,0,0,0,270,0,0,0
0,4.711482,0,0,0,270,0,0,0
0,4.719896,0,0,0,270,0,0,0
0,4.728446,0,0,0,270,0,0,0
0,4.736515,0,0,0,270,0,0,0
0,4.744155,0,0,0,270,0,0,0
0,4.752565,0,0,0,270,0,0,0
0,4.76046,0,0,0,270,0,0,0
0,4.768603,0,0,0,270,0,0,0
0,4.776193,0,0,0,270,0,0,0
0,4.784114,0,0,0,270,0,0,0
0,4.793488,0,0,0,270,0,0,0
0,4.801775,0,0,0,270,0,0,0
0,4.811575,0,0,0,270,0,0,0
0,4.820023,0,0,0,270,0,0,0
0,4.827274,0,0,0,270,0,0,0
0,4.835967,0,0,0,270,0,0,0
0,4.843514,0,0,0,270,0,0,0
0,4.852585,0,0,0,270,0,0,0
0,4.860389,0,0,0,270,0,0,0
0,4.868391,0,0,0,270,0,0,0
0,4.876552,0,0,0,270,0,0,0
0,4.886178,0,0,0,270,0,0,0
0,4.895495,0,0,0,270,0,0,0
0,4.903471,0,0,0,270,0,0,0
0,4.912777,0,0,0,270,0,0,0
0,4.921438,0,0,0,270,0,0,0
0,4.931161,0,0,0,270,0,0,0
0,4.938828,0,0,0,270,0,0,0
0,4.948595,0,0,0,270,0,0,0
0,4.959792,0,0,0,270,0,0,0
0,4.970983,0,0,0,270,0,0,0
0,4.981123,0,0,0,270,0,0,0
0,4.991401,0,0,0,270,0,0,0
0,5.001347,0,0,0,270,0,0,0
0,5.012049,0,0,0,270,0,0,0
0,5.022662,0,0,0,270,0,0,0
0,5.03359,0,0,0,270,0,0,0
0,5.044962,0,0,0,270,0,0,0
0,5.055616,0,0,0,270,0,0,0
0,5.067674,0,0,0,270,0,0,0
0,5.079932,0,0,0,270,0,0,0
0,5.092505,0,0,0,270,0,0,0
0,5.105277,0,0,0,270,0,0,0
0,5.116918,0,0,0,270,0,0,0
0,5.128297,0,0,0,270,0,0,0
0,5.139271,0,0,0,270,0,0,0
0,5.153019,0,0,0,270,0,0,0
0,5.165496,0,0,0,270,0,0,0
0,5.177757,0,0,0,270,0,0,0
0,5.188952,0,0,0,270,0,0,0
0,5.200664,0,0,0,270,0,0,0
0,5.212339,0,0,0,270,0,0,0
0,5.223224,0,0,0,270,0,0,0
0,5.23469,0,0,0,270,0,0,0
0,5.245255,0,0,0,270,0,0,0
0,5.255987,0,0,0,270,0,0,0
0,5.265553,0,0,0,270,0,0,0
0,5.276236,0,0,0,270,0,0,0
0,5.287366,0,0,0,270,0,0,0
0,5.2984,0,0,0,270,0,0,0
0,5.310044,0,0,0,270,0,0,0
0,5.322792,0,0,0,270,0,0,0
0,5.335474,0,0,0,270,0,0,0
0,5.346454,0,0,0,270,0,0,0
0,5.355993,0,0,0,270,0,0,0
0,5.367282,0,0,0,270,0,0,0
0,5.378522,0,0,0,270,0,0,0
0,5.392188,0,0,0,270,0,0,0
0,5.404644,0,0,0,270,0,0,0
0,5.416632,0,0,0,270,0,0,0
0,5.429892,0,0,0,270,0,0,0
0,5.445291,0,0,0,270,0,0,0
0,5.462864,0,0,0,270,0,0,0
0,5.477382,0,0,0,270,0,0,0
0,5.491531,0,0,0,270,0,0,0
0,5.504409,0,0,0,270,0,0,0
0,5.516954,0,0,0,270,0,0,0
0,5.528993,0,0,0,270,0,0,0
0,5.54073,0,0,0,270,0,0,0
0,5.5522,0,0,0,270,0,0,0
0,5.562664,0,0,0,270,0,0,0
0,5.572546,0,0,0,270,0,0,0
0,5.582488,0,0,0,270,0,0,0
0,5.592999,0,0,0,270,0,0,0
0,5.602582,0,0,0,270,0,0,0
0,5.612176,0,0,0,270,0,0,0
0,5.621953,0,0,0,270,0,0,0
0,5.632748,0,0,0,270,0,0,0
0,5.643205,0,0,0,270,0,0,0
0,5.653141,0,0,0,270,0,0,0
0,5.661933,0,0,0,270,0,0,0
0,5.670394,0,0,0,270,0,0,0
0,5.679119,0,0,0,270,0,0,0
0,5.688426,0,0,0,270,0,0,0
0,5.698477,0,0,0,270,0,0,0
0,5.708196,0,0,0,270,0,0,0
0,5.715984,0,0,0,270,0,0,0
0,5.725033,0,0,0,270,0,0,0
0,5.73408,0,0,0,270,0,0,0
0,5.744519,0,0,0,270,0,0,0
0,5.753694,0,0,0,270,0,0,0
0,5.762305,0,0,0,270,0,0,0
0,5.771874,0,0,0,270,0,0,0
0,5.781226,0,0,0,270,0,0,0
0,5.790974,0,0,0,270,0,0,0
0,5.800889,0,0,0,270,0,0,0
0,5.81031,0,0,0,270,0,0,0
0,5.820198,0,0,0,270,0,0,0
0,5.830127,0,0,0,270,0,0,0
0,5.83852,0,0,0,270,0,0,0
0,5.847867,0,0,0,270,0,0,0
0,5.856784,0,0,0,270,0,0,0
0,5.865073,0,0,0,270,0,0,0
0,5.875102,0,0,0,270,0,0,0
0,5.885653,0,0,0,270,0,0,0
0,5.895102,0,0,0,270,0,0,0
0,5.904363,0,0,0,270,0,0,0
0,5.913813,0,0,0,270,0,0,0
0,5.923799,0,0,0,270,0,0,0
0,5.934873,0,0,0,270,0,0,0
0,5.945542,0,0,0,270,0,0,0
0,5.954685,0,0,0,270,0,0,0
0,5.964712,0,0,0,270,0,0,0
0,5.973189,0,0,0,270,0,0,0
0,5.981505,0,0,0,270,0,0,0
0,5.990841,0,0,0,270,0,0,0
0,5.99901,0,0,0,270,0,0,0
0,6.008726,0,0,0,270,0,0,0
0,6.016528,0,0,0,270,0,0,0
0,6.026294,0,0,0,270,0,0,0
0,6.034997,0,0,0,270,0,0,0
0,6.046196,0,0,0,270,0,0,0
0,6.056898,0,0,0,270,0,0,0
0,6.065712,0,0,0,270,0,0,0
0,6.074453,0,0,0,270,0,0,0
0,6.083055,0,0,0,270,0,0,0
0,6.09189,0,0,0,270,0,0,0
0,6.107089,0,0,0,270,0,0,0
0,6.124873,0,0,0,270,0,0,0
0,6.135924,0,0,0,270,0,0,0
0,6.147305,0,0,0,270,0,0,0
0,6.158143,0,0,0,270,0,0,0
0,6.16947,0,0,0,270,0,0,0
0,6.182205,0,0,0,270,0,0,0
0,6.19742,0,0,0,270,0,0,0
0,6.209242,0,0,0,270,0,0,0
0,6.219512,0,0,0,270,0,0,0
0,6.229584,0,0,0,270,0,0,0
0,6.242639,0,0,0,270,0,0,0
0,6.25477,0,0,0,270,0,0,0
0,6.269023,0,0,0,270,0,0,0
0,6.281159,0,0,0,270,0,0,0
0,6.291923,0,0,0,270,0,0,0
0,6.303276,0,0,0,270,0,0,0
0,6.315978,0,0,0,270,0,0,0
0,6.327703,0,0,0,270,0,0,0
0,6.34065,0,0,0,270,0,0,0
0,6.356995,0,0,0,270,0,0,0
0,6.37532,0,0,0,270,0,0,0
0,6.390708,0,0,0,270,0,0,0
0,6.403769,0,0,0,270,0,0,0
0,6.422176,0,0,0,270,0,0,0
0,6.436169,0,0,0,270,0,0,0
0,6.4521,0,0,0,270,0,0,0
0,6.468125,0,0,0,270,0,0,0
0,6.480556,0,0,0,270,0,0,0
0,6.498807,0,0,0,270,0,0,0
0,6.516308,0,0,0,270,0,0,0
0,6.529049,0,0,0,270,0,0,0
0,6.544405,0,0,0,270,0,0,0
0,6.558439,0,0,0,270,0,0,0
0,6.574163,0,0,0,270,0,0,0
0,6.587817,0,0,0,270,0,0,0
0,6.602361,0,0,0,270,0,0,0
0,6.623312,0,0,0,270,0,0,0
0,6.637583,0,0,0,270,0,0,0
0,6.652327,0,0,0,270,0,0,0
0,6.667461,0,0,0,270,0,0,0
0,6.683601,0,0,0,270,0,0,0
0,6.702444,0,0,0,270,0,0,0
0,6.716341,0,0,0,270,0,0,0
0,6.732636,0,0,0,270,0,0,0
0,6.749353,0,0,0,270,0,0,0
0,6.761385,0,0,0,270,0,0,0
0,6.775868,0,0,0,270,0,0,0
0,6.786555,0,0,0,270,0,0,0
0,6.796192,0,0,0,270,0,0,0
0,6.80622,0,0,0,270,0,0,0
0,6.81637,0,0,0,270,0,0,0
0,6.826219,0,0,0,270,0,0,0
0,6.836429,0,0,0,270,0,0,0
0,6.847181,0,0,0,270,0,0,0
0,6.858155,0,0,0,270,0,0,0
0,6.871387,0,0,0,270,0,0,0
0,6.881569,0,0,0,270,0,0,0
0,6.889697,0,0,0,270,0,0,0
0,6.898434,0,0,0,270,0,0,0
0,6.905271,0,0,0,270,0,0,0
0,6.913298,0,0,0,270,0,0,0
0,6.920711,0,0,0,270,0,0,0
0,6.928895,0,0,0,270,0,0,0
0,6.936505,0,0,0,270,0,0,0
0,6.94649,0,0,0,270,0,0,0
0,6.955503,0,0,0,270,0,0,0
0,6.964931,0,0,0,270,0,0,0
0,6.974472,0,0,0,270,0,0,0
0,6.981874,0,0,0,270,0,0,0
0,6.990872,0,0,0,270,0,0,0
0,6.998249,0,0,0,270,0,0,0
0,7.005348,0,0,0,270,0,0,0
0,7.013074,0,0,0,270,0,0,0
0,7.02058,0,0,0,270,0,0,0
0,7.028017,0,0,0,270,0,0,0
0,7.035785,0,0,0,270,0,0,0
0,7.043807,0,0,0,270,0,0,0
0,7.052582,0,0,0,270,0,0,0
0,7.061765,0,0,0,270,0,0,0
0,7.073831,0,0,0,270,0,0,0
0,7.087806,0,0,0,270,0,0,0
0,7.097659,0,0,0,270,0,0,0
0,7.105206,0,0,0,270,0,0,0
0,7.114325,0,0,0,270,0,0,0
0,7.123125,0,0,0,270,0,0,0
0,7.13189,0,0,0,270,0,0,0
0,7.140312,0,0,0,270,0,0,0
0,7.148681,0,0,0,270,0,0,0
0,7.157216,0,0,0,270,0,0,0
0,7.165141,0,0,0,270,0,0,0
0,7.1731,0,0,0,270,0,0,0
0,7.182169,0,0,0,270,0,0,0
0,7.192587,0,0,0,270,0,0,0
0,7.201602,0,0,0,270,0,0,0
0,7.212142,0,0,0,270,0,0,0
0,7.223019,0,0,0,270,0,0,0
0,7.2313,0,0,0,270,0,0,0
0,7.238841,0,0,0,270,0,0,0
0,7.246532,0,0,0,270,0,0,0
0,7.254989,0,0,0,270,0,0,0
0,7.262574,0,0,0,270,0,0,0
0,7.270576,0,0,0,270,0,0,0
0,7.278257,0,0,0,270,0,0,0
0,7.287771,0,0,0,270,0,0,0
0,7.296938,0,0,0,270,0,0,0
0,7.305178,0,0,0,270,0,0,0
0,7.317405,0,0,0,270,0,0,0
0,7.330074,0,0,0,270,0,0,0
0,7.341094,0,0,0,270,0,0,0
0,7.351472,0,0,0,270,0,0,0
0,7.362491,0,0,0,270,0,0,0
0,7.3722,0,0,0,270,0,0,0
0,7.384669,0,0,0,270,0,0,0
0,7.394469,0,0,0,270,0,0,0
0,7.402592,0,0,0,270,0,0,0
0,7.413575,0,0,0,270,0,0,0
0,7.422741,0,0,0,270,0,0,0
0,7.433325,0,0,0,270,0,0,0
0,7.448394,0,0,0,270,0,0,0
0,7.460993,0,0,0,270,0,0,0
0,7.472726,0,0,0,270,0,0,0
0,7.48435,0,0,0,270,0,0,0
0,7.496564,0,0,0,270,0,0,0
0,7.507213,0,0,0,270,0,0,0
0,7.518143,0,0,0,270,0,0,0
0,7.528974,0,0,0,270,0,0,0
0,7.540753,0,0,0,270,0,0,0
0,7.551438,0,0,0,270,0,0,0
0,7.56203,0,0,0,270,0,0,0
0,7.573036,0,0,0,270,0,0,0
0,7.58538,0,0,0,270,0,0,0
0,7.597389,0,0,0,270,0,0,0
0,7.607854,0,0,0,270,0,0,0
0,7.620393,0,0,0,270,0,0,0
0,7.632202,0,0,0,270,0,0,0
0,7.643763,0,0,0,270,0,0,0
0,7.654702,0,0,0,270,0,0,0
0,7.666101,0,0,0,270,0,0,0
0,7.678057,0,0,0,270,0,0,0
0,7.689873,0,0,0,270,0,0,0
0,7.701744,0,0,0,270,0,0,0
0,7.712242,0,0,0,270,0,0,0
0,7.723581,0,0,0,270,0,0,0
0,7.734457,0,0,0,270,0,0,0
0,7.745477,0,0,0,270,0,0,0
0,7.758116,0,0,0,270,0,0,0
0,7.76949,0,0,0,270,0,0,0
0,7.78044,0,0,0,270,0,0,0
0,7.792418,0,0,0,270,0,0,0
0,7.806663,0,0,0,270,0,0,0
0,7.820862,0,0,0,270,0,0,0
0,7.830842,0,0,0,270,0,0,0
0,7.841291,0,0,0,270,0,0,0
0,7.855028,0,0,0,270,0,0,0
0,7.866433,0,0,0,270,0,0,0
0,7.877764,0,0,0,270,0,0,0
0,7.889375,0,0,0,270,0,0,0
0,7.899645,0,0,0,270,0,0,0
0,7.9111,0,0,0,270,0,0,0
0,7.921216,0,0,0,270,0,0,0
0,7.931792,0,0,0,270,0,0,0
0,7.942331,0,0,0,270,0,0,0
0,7.950563,0,0,0,270,0,0,0
0,7.962023,0,0,0,270,0,0,0
0,7.973105,0,0,0,270,0,0,0
0,7.982576,0,0,0,270,0,0,0
0,7.992417,0,0,0,270,0,0,0
0,8.000647,0,0,0,270,0,0,0
0,8.009214,0,0,0,270,0,0,0
0,8.017963,0,0,0,270,0,0,0
0,8.026489,0,0,0,270,0,0,0
0,8.036442,0,0,0,270,0,0,0
0,8.044737,0,0,0,270,0,0,0
0,8.052767,0,0,0,270,0,0,0
0,8.061422,0,0,0,270,0,0,0
0,8.071503,0,0,0,270,0,0,0
0,8.081923,0,0,0,270,0,0,0
0,8.090712,0,0,0,270,0,0,0
0,8.099113,0,0,0,270,0,0,0
0,8.106232,0,0,0,270,0,0,0
0,8.11437,0,0,0,270,0,0,0
0,8.12253,0,0,0,270,0,0,0
0,8.131273,0,0,0,270,0,0,0
0,8.138783,0,0,0,270,0,0,0
0,8.147102,0,0,0,270,0,0,0
0,8.155495,0,0,0,270,0,0,0
0,8.165243,0,0,0,270,0,0,0
0,8.173594,0,0,0,270,0,0,0
0,8.182417,0,0,0,270,0,0,0
0,8.191265,0,0,0,270,0,0,0
0,8.199352,0,0,0,270,0,0,0
0,8.209263,0,0,0,270,0,0,0
0,8.217463,0,0,0,270,0,0,0
0,8.226318,0,0,0,270,0,0,0
0,8.235044,0,0,0,270,0,0,0
0,8.243608,0,0,0,270,0,0,0
0,8.252947,0,0,0,270,0,0,0
0,8.262287,0,0,0,270,0,0,0
0,8.282944,0,0,0,270,0,0,0
0,8.290733,0,0,0,270,0,0,0
0,8.299059,0,0,0,270,0,0,0
0,8.307934,0,0,0,270,0,0,0
0,8.316797,0,0,0,270,0,0,0
0,8.32486,0,0,0,270,0,0,0
0,8.334705,0,0,0,270,0,0,0
0,8.344992,0,0,0,270,0,0,0
0,8.353758,0,0,0,270,0,0,0
0,8.362654,0,0,0,270,0,0,0
0,8.371103,0,0,0,270,0,0,0
0,8.380476,0,0,0,270,0,0,0
0,8.388718,0,0,0,270,0,0,0
0,8.399643,0,0,0,270,0,0,0
0,8.40826,0,0,0,270,0,0,0
0,8.416361,0,0,0,270,0,0,0
0,8.424809,0,0,0,270,0,0,0
0,8.432913,0,0,0,270,0,0,0
0,8.442595,0,0,0,270,0,0,0
0,8.45064,0,0,0,270,0,0,0
0,8.459953,0,0,0,270,0,0,0
0,8.4676,0,0,0,270,0,0,0
0,8.477734,0,0,0,270,0,0,0
0,8.488157,0,0,0,270,0,0,0
0,8.496962,0,0,0,270,0,0,0
0,8.508636,0,0,0,270,0,0,0
0,8.519993,0,0,0,270,0,0,0
0,8.530607,0,0,0,270,0,0,0
0,8.541744,0,0,0,270,0,0,0
0,8.552349,0,0,0,270,0,0,0
0,8.561178,0,0,0,270,0,0,0
0,8.571468,0,0,0,270,0,0,0
0,8.582479,0,0,0,270,0,0,0
0,8.593798,0,0,0,270,0,0,0
0,8.604689,0,0,0,270,0,0,0
0,8.61533,0,0,0,270,0,0,0
0,8.62587,0,0,0,270,0,0,0
0,8.638447,0,0,0,270,0,0,0
0,8.650133,0,0,0,270,0,0,0
0,8.661745,0,0,0,270,0,0,0
0,8.68395,0,0,0,270,0,0,0
0,8.70013,0,0,0,270,0,0,0
0,8.711975,0,0,0,270,0,0,0
0,8.722979,0,0,0,270,0,0,0
0,8.732519,0,0,0,270,0,0,0
0,8.744755,0,0,0,270,0,0,0
0,8.755735,0,0,0,270,0,0,0
0,8.765516,0,0,0,270,0,0,0
0,8.776211,0,0,0,270,0,0,0
0,8.787479,0,0,0,270,0,0,0
0,8.797129,0,0,0,270,0,0,0
0,8.807171,0,0,0,270,0,0,0
0,8.81945,0,0,0,270,0,0,0
0,8.830309,0,0,0,270,0,0,0
0,8.840002,0,0,0,270,0,0,0
0,8.850687,0,0,0,270,0,0,0
0,8.861776,0,0,0,270,0,0,0
0,8.874069,0,0,0,270,0,0,0
0,8.886761,0,0,0,270,0,0,0
0,8.899794,0,0,0,270,0,0,0
0,8.91222,0,0,0,270,0,0,0
0,8.923635,0,0,0,270,0,0,0
0,8.935812,0,0,0,270,0,0,0
0,8.947607,0,0,0,270,0,0,0
0,8.96294,0,0,0,270,0,0,0
0,8.977877,0,0,0,270,0,0,0
0,8.990385,0,0,0,270,0,0,0
0,9.00362,0,0,0,270,0,0,0
0,9.01458,0,0,0,270,0,0,0
0,9.026211,0,0,0,270,0,0,0
0,9.036961,0,0,0,270,0,0,0
0,9.049107,0,0,0,270,0,0,0
0,9.059067,0,0,0,270,0,0,0
0,9.071526,0,0,0,270,0,0,0
0,9.084084,0,0,0,270,0,0,0
0,9.09495,0,0,0,270,0,0,0
0,9.105896,0,0,0,270,0,0,0
0,9.116257,0,0,0,270,0,0,0
0,9.12698,0,0,0,270,0,0,0
0,9.137417,0,0,0,270,0,0,0
0,9.148432,0,0,0,270,0,0,0
0,9.158754,0,0,0,270,0,0,0
0,9.167795,0,0,0,270,0,0,0
0,9.178034,0,0,0,270,0,0,0
0,9.185415,0,0,0,270,0,0,0
0,9.19319,0,0,0,270,0,0,0
0,9.200066,0,0,0,270,0,0,0
0,9.210098,0,0,0,270,0,0,0
0,9.216997,0,0,0,270,0,0,0
0,9.225933,0,0,0,270,0,0,0
0,9.235834,0,0,0,270,0,0,0
0,9.2479,0,0,0,270,0,0,0
0,9.25861,0,0,0,270,0,0,0
0,9.268673,0,0,0,270,0,0,0
0,9.280878,0,0,0,270,0,0,0
0,9.294094,0,0,0,270,0,0,0
0,9.309309,0,0,0,270,0,0,0
0,9.320797,0,0,0,270,0,0,0
0,9.332584,0,0,0,270,0,0,0
0,9.34354,0,0,0,270,0,0,0
0,9.355778,0,0,0,270,0,0,0
0,9.369495,0,0,0,270,0,0,0
0,9.38184,0,0,0,270,0,0,0
0,9.392237,0,0,0,270,0,0,0
0,9.402004,0,0,0,270,0,0,0
0,9.412994,0,0,0,270,0,0,0
0,9.423067,0,0,0,270,0,0,0
0,9.432863,0,0,0,270,0,0,0
0,9.442373,0,0,0,270,0,0,0
0,9.451593,0,0,0,270,0,0,0
0,9.462521,0,0,0,270,0,0,0
0,9.472301,0,0,0,270,0,0,0
0,9.4811,0,0,0,270,0,0,0
0,9.491381,0,0,0,270,0,0,0
0,9.49988,0,0,0,270,0,0,0
0,9.510084,0,0,0,270,0,0,0
0,9.519537,0,0,0,270,0,0,0
0,9.528429,0,0,0,270,0,0,0
0,9.536829,0,0,0,270,0,0,0
0,9.54558,0,0,0,270,0,0,0
0,9.556499,0,0,0,270,0,0,0
0,9.566174,0,0,0,270,0,0,0
0,9.574455,0,0,0,270,0,0,0
0,9.582382,0,0,0,270,0,0,0
0,9.590166,0,0,0,270,0,0,0
0,9.598795,0,0,0,270,0,0,0
0,9.606556,0,0,0,270,0,0,0
0,9.615921,0,0,0,270,0,0,0
0,9.624146,0,0,0,270,0,0,0
0,9.633585,0,0,0,270,0,0,0
0,9.642427,0,0,0,270,0,0,0
0,9.651127,0,0,0,270,0,0,0
0,9.660336,0,0,0,270,0,0,0
0,9.668344,0,0,0,270,0,0,0
0,9.677956,0,0,0,270,0,0,0
0,9.686035,0,0,0,270,0,0,0
0,9.694345,0,0,0,270,0,0,0
0,9.701506,0,0,0,270,0,0,0
0,9.710564,0,0,0,270,0,0,0
0,9.717876,0,0,0,270,0,0,0
0,9.727299,0,0,0,270,0,0,0
0,9.736633,0,0,0,270,0,0,0
0,9.745037,0,0,0,270,0,0,0
0,9.753428,0,0,0,270,0,0,0
0,9.761469,0,0,0,270,0,0,0
0,9.769871,0,0,0,270,0,0,0
0,9.777439,0,0,0,270,0,0,0
0,9.784765,0,0,0,270,0,0,0
0,9.793707,0,0,0,270,0,0,0
0,9.801304,0,0,0,270,0,0,0
0,9.809118,0,0,0,270,0,0,0
0,9.817953,0,0,0,270,0,0,0
0,9.825531,0,0,0,270,0,0,0
0,9.834475,0,0,0,270,0,0,0
0,9.842075,0,0,0,270,0,0,0
0,9.852671,0,0,0,270,0,0,0
0,9.861803,0,0,0,270,0,0,0
0,9.869917,0,0,0,270,0,0,0
0,9.879953,0,0,0,270,0,0,0
0,9.892212,0,0,0,270,0,0,0
0,9.90407,0,0,0,270,0,0,0
0,9.915119,0,0,0,270,0,0,0
0,9.925585,0,0,0,270,0,0,0
0,9.936905,0,0,0,270,0,0,0
0,9.948082,0,0,0,270,0,0,0
0,9.959732,0,0,0,270,0,0,0
0,9.971388,0,0,0,270,0,0,0
0,9.983213,0,0,0,270,0,0,0
0,9.997385,0,0,0,270,0,0,0
0,10.01032,0,0,0,270,0,0,0
0,10.02177,0,0,0,270,0,0,0
0,10.03308,0,0,0,270,0,0,0
0,10.04494,0,0,0,270,0,0,0
0,10.05772,0,0,0,270,0,0,0
0,10.06921,0,0,0,270,0,0,0
0,10.08064,0,0,0,270,0,0,0
0,10.09173,0,0,0,270,0,0,0
0,10.10427,0,0,0,270,0,0,0
0,10.11749,0,0,0,270,0,0,0
0,10.1321,0,0,0,270,0,0,0
0,10.14551,0,0,0,270,0,0,0
0,10.15697,0,0,0,270,0,0,0
0,10.16896,0,0,0,270,0,0,0
0,10.18133,0,0,0,270,0,0,0
0,10.19363,0,0,0,270,0,0,0
0,10.20598,0,0,0,270,0,0,0
0,10.21931,0,0,0,270,0,0,0
0,10.23342,0,0,0,270,0,0,0
0,10.24613,0,0,0,270,0,0,0
0,10.25824,0,0,0,270,0,0,0
0,10.26998,0,0,0,270,0,0,0
0,10.28259,0,0,0,270,0,0,0
0,10.29535,0,0,0,270,0,0,0
0,10.3087,0,0,0,270,0,0,0
0,10.31978,0,0,0,270,0,0,0
0,10.33068,0,0,0,270,0,0,0
0,10.34204,0,0,0,270,0,0,0
0,10.35349,0,0,0,270,0,0,0
0,10.36563,0,0,0,270,0,0,0
0,10.38392,0,0,0,270,0,0,0
0,10.40511,0,0,0,270,0,0,0
0,10.41628,0,0,0,270,0,0,0
0,10.4292,0,0,0,270,0,0,0
0,10.44265,0,0,0,270,0,0,0
0,10.45418,0,0,0,270,0,0,0
0,10.4663,0,0,0,270,0,0,0
0,10.48128,0,0,0,270,0,0,0
0,10.49608,0,0,0,270,0,0,0
0,10.51174,0,0,0,270,0,0,0
0,10.52563,0,0,0,270,0,0,0
0,10.53994,0,0,0,270,0,0,0
0,10.55447,0,0,0,270,0,0,0
0,10.56908,0,0,0,270,0,0,0
0,10.58222,0,0,0,270,0,0,0
0,10.59562,0,0,0,270,0,0,0
0,10.60871,0,0,0,270,0,0,0
0,10.62023,0,0,0,270,0,0,0
0,10.63478,0,0,0,270,0,0,0
0,10.64802,0,0,0,270,0,0,0
0,10.66048,0,0,0,270,0,0,0
0,10.67264,0,0,0,270,0,0,0
0,10.6877,0,0,0,270,0,0,0
0,10.70011,0,0,0,270,0,0,0
0,10.71291,0,0,0,270,0,0,0
0,10.72437,0,0,0,270,0,0,0
0,10.73358,0,0,0,270,0,0,0
0,10.74388,0,0,0,270,0,0,0
0,10.75413,0,0,0,270,0,0,0
0,10.76485,0,0,0,270,0,0,0
0,10.77626,0,0,0,270,0,0,0
0,10.78768,0,0,0,270,0,0,0
0,10.79778,0,0,0,270,0,0,0
0,10.80603,0,0,0,270,0,0,0
0,10.81541,0,0,0,270,0,0,0
0,10.82492,0,0,0,270,0,0,0
0,10.83466,0,0,0,270,0,0,0
0,10.84453,0,0,0,270,0,0,0
0,10.85461,0,0,0,270,0,0,0
0,10.86444,0,0,0,270,0,0,0
0,10.87275,0,0,0,270,0,0,0
0,10.88348,0,0,0,270,0,0,0
0,10.89189,0,0,0,270,0,0,0
0,10.90253,0,0,0,270,0,0,0
0,10.91324,0,0,0,270,0,0,0
0,10.92172,0,0,0,270,0,0,0
0,10.93174,0,0,0,270,0,0,0
0,10.9405,0,0,0,270,0,0,0
0,10.94975,0,0,0,270,0,0,0
0,10.95812,0,0,0,270,0,0,0
0,10.9664,0,0,0,270,0,0,0
0,10.9757,0,0,0,270,0,0,0
0,10.98485,0,0,0,270,0,0,0
0,10.99617,0,0,0,270,0,0,0
0,11.00704,0,0,0,270,0,0,0
0,11.01931,0,0,0,270,0,0,0
0,11.02859,0,0,0,270,0,0,0
0,11.04006,0,0,0,270,0,0,0
0,11.05178,0,0,0,270,0,0,0
0,11.06177,0,0,0,270,0,0,0
0,11.07293,0,0,0,270,0,0,0
0,11.08405,0,0,0,270,0,0,0
0,11.09288,0,0,0,270,0,0,0
0,11.10193,0,0,0,270,0,0,0
0,11.11203,0,0,0,270,0,0,0
0,11.12192,0,0,0,270,0,0,0
0,11.13171,0,0,0,270,0,0,0
0,11.14329,0,0,0,270,0,0,0
0,11.15537,0,0,0,270,0,0,0
0,11.16797,0,0,0,270,0,0,0
0,11.18089,0,0,0,270,0,0,0
0,11.19352,0,0,0,270,0,0,0
0,11.20674,0,0,0,270,0,0,0
0,11.22078,0,0,0,270,0,0,0
0,11.23405,0,0,0,270,0,0,0
0,11.24728,0,0,0,270,0,0,0
0,11.26063,0,0,0,270,0,0,0
0,11.27435,0,0,0,270,0,0,0
0,11.28961,0,0,0,270,0,0,0
0,11.30338,0,0,0,270,0,0,0
0,11.31706,0,0,0,270,0,0,0
0,11.32978,0,0,0,270,0,0,0
0,11.34352,0,0,0,270,0,0,0
0,11.35709,0,0,0,270,0,0,0
0,11.3701,0,0,0,270,0,0,0
0,11.38368,0,0,0,270,0,0,0
0,11.39755,0,0,0,270,0,0,0
0,11.41138,0,0,0,270,0,0,0
0,11.4252,0,0,0,270,0,0,0
0,11.43696,0,0,0,270,0,0,0
0,11.44977,0,0,0,270,0,0,0
0,11.46141,0,0,0,270,0,0,0
0,11.47549,0,0,0,270,0,0,0
0,11.48755,0,0,0,270,0,0,0
0,11.49884,0,0,0,270,0,0,0
0,11.50997,0,0,0,270,0,0,0
0,11.52189,0,0,0,270,0,0,0
0,11.53388,0,0,0,270,0,0,0
0,11.54574,0,0,0,270,0,0,0
0,11.55768,0,0,0,270,0,0,0
0,11.56989,0,0,0,270,0,0,0
0,11.58051,0,0,0,270,0,0,0
0,11.59221,0,0,0,270,0,0,0
0,11.60376,0,0,0,270,0,0,0
0,11.61594,0,0,0,270,0,0,0
0,11.62662,0,0,0,270,0,0,0
0,11.63917,0,0,0,270,0,0,0
0,11.65106,0,0,0,270,0,0,0
0,11.66236,0,0,0,270,0,0,0
0,11.67525,0,0,0,270,0,0,0
0,11.68929,0,0,0,270,0,0,0
0,11.70138,0,0,0,270,0,0,0
0,11.71466,0,0,0,270,0,0,0
0,11.72698,0,0,0,270,0,0,0
0,11.73835,0,0,0,270,0,0,0
0,11.75109,0,0,0,270,0,0,0
0,11.76483,0,0,0,270,0,0,0
0,11.77853,0,0,0,270,0,0,0
0,11.79202,0,0,0,270,0,0,0
0,11.80508,0,0,0,270,0,0,0
0,11.81885,0,0,0,270,0,0,0
0,11.83238,0,0,0,270,0,0,0
0,11.84452,0,0,0,270,0,0,0
0,11.85699,0,0,0,270,0,0,0
0,11.86909,0,0,0,270,0,0,0
0,11.88173,0,0,0,270,0,0,0
0,11.8942,0,0,0,270,0,0,0
0,11.90585,0,0,0,270,0,0,0
0,11.91832,0,0,0,270,0,0,0
0,11.92996,0,0,0,270,0,0,0
0,11.94265,0,0,0,270,0,0,0
0,11.9529,0,0,0,270,0,0,0
0,11.96356,0,0,0,270,0,0,0
0,11.97265,0,0,0,270,0,0,0
0,11.98176,0,0,0,270,0,0,0
0,11.99057,0,0,0,270,0,0,0
0,11.99906,0,0,0,270,0,0,0
0,12.00803,0,0,0,270,0,0,0
0,12.01635,0,0,0,270,0,0,0
0,12.02662,0,0,0,270,0,0,0
0,12.03941,0,0,0,270,0,0,0
0,12.05041,0,0,0,270,0,0,0
0,12.05957,0,0,0,270,0,0,0
0,12.06896,0,0,0,270,0,0,0
0,12.07891,0,0,0,270,0,0,0
0,12.089,0,0,0,270,0,0,0
0,12.09905,0,0,0,270,0,0,0
0,12.10781,0,0,0,270,0,0,0
0,12.11589,0,0,0,270,0,0,0
0,12.12494,0,0,0,270,0,0,0
0,12.13466,0,0,0,270,0,0,0
0,12.14275,0,0,0,270,0,0,0
0,12.15083,0,0,0,270,0,0,0
0,12.15927,0,0,0,270,0,0,0
0,12.17054,0,0,0,270,0,0,0
0,12.18069,0,0,0,270,0,0,0
0,12.19059,0,0,0,270,0,0,0
0,12.20169,0,0,0,270,0,0,0
0,12.21546,0,0,0,270,0,0,0
0,12.22456,0,0,0,270,0,0,0
0,12.23246,0,0,0,270,0,0,0
0,12.24135,0,0,0,270,0,0,0
0,12.24927,0,0,0,270,0,0,0
0,12.25902,0,0,0,270,0,0,0
0,12.2699,0,0,0,270,0,0,0
0,12.28057,0,0,0,270,0,0,0
0,12.29215,0,0,0,270,0,0,0
0,12.30256,0,0,0,270,0,0,0
0,12.31203,0,0,0,270,0,0,0
0,12.32508,0,0,0,270,0,0,0
0,12.33804,0,0,0,270,0,0,0
0,12.34935,0,0,0,270,0,0,0
0,12.36018,0,0,0,270,0,0,0
0,12.37018,0,0,0,270,0,0,0
0,12.37987,0,0,0,270,0,0,0
0,12.38905,0,0,0,270,0,0,0
0,12.39961,0,0,0,270,0,0,0
0,12.4096,0,0,0,270,0,0,0
0,12.41821,0,0,0,270,0,0,0
0,12.42798,0,0,0,270,0,0,0
0,12.43991,0,0,0,270,0,0,0
0,12.45334,0,0,0,270,0,0,0
0,12.46626,0,0,0,270,0,0,0
0,12.47802,0,0,0,270,0,0,0
0,12.49032,0,0,0,270,0,0,0
0,12.50327,0,0,0,270,0,0,0
0,12.5156,0,0,0,270,0,0,0
0,12.52775,0,0,0,270,0,0,0
0,12.54038,0,0,0,270,0,0,0
0,12.55577,0,0,0,270,0,0,0
0,12.56701,0,0,0,270,0,0,0
0,12.57819,0,0,0,270,0,0,0
0,12.59082,0,0,0,270,0,0,0
0,12.60463,0,0,0,270,0,0,0
0,12.61827,0,0,0,270,0,0,0
0,12.63374,0,0,0,270,0,0,0
0,12.64692,0,0,0,270,0,0,0
0,12.65805,0,0,0,270,0,0,0
0,12.67152,0,0,0,270,0,0,0
0,12.68604,0,0,0,270,0,0,0
0,12.69936,0,0,0,270,0,0,0
0,12.71975,0,0,0,270,0,0,0
0,12.74524,0,0,0,270,0,0,0
0,12.75803,0,0,0,270,0,0,0
0,12.77036,0,0,0,270,0,0,0
0,12.7823,0,0,0,270,0,0,0
0,12.79555,0,0,0,270,0,0,0
0,12.80955,0,0,0,270,0,0,0
0,12.82517,0,0,0,270,0,0,0
0,12.83891,0,0,0,270,0,0,0
0,12.85349,0,0,0,270,0,0,0
0,12.8659,0,0,0,270,0,0,0
0,12.87828,0,0,0,270,0,0,0
0,12.89169,0,0,0,270,0,0,0
0,12.9057,0,0,0,270,0,0,0
0,12.9187,0,0,0,270,0,0,0
0,12.93211,0,0,0,270,0,0,0
0,12.94327,0,0,0,270,0,0,0
0,12.95387,0,0,0,270,0,0,0
0,12.96783,0,0,0,270,0,0,0
0,12.98011,0,0,0,270,0,0,0
0,12.99495,0,0,0,270,0,0,0
0,13.00886,0,0,0,270,0,0,0
0,13.02115,0,0,0,270,0,0,0
0,13.03484,0,0,0,270,0,0,0
0,13.04805,0,0,0,270,0,0,0
0,13.06209,0,0,0,270,0,0,0
0,13.07777,0,0,0,270,0,0,0
0,13.0928,0,0,0,270,0,0,0
0,13.10611,0,0,0,270,0,0,0
0,13.12053,0,0,0,270,0,0,0
0,13.13476,0,0,0,270,0,0,0
0,13.14799,0,0,0,270,0,0,0
0,13.16004,0,0,0,270,0,0,0
0,13.17335,0,0,0,270,0,0,0
0,13.18496,0,0,0,270,0,0,0
0,13.20041,0,0,0,270,0,0,0
0,13.2143,0,0,0,270,0,0,0
0,13.22643,0,0,0,270,0,0,0
0,13.23704,0,0,0,270,0,0,0
0,13.25037,0,0,0,270,0,0,0
0,13.26324,0,0,0,270,0,0,0
0,13.27734,0,0,0,270,0,0,0
0,13.28903,0,0,0,270,0,0,0
0,13.30065,0,0,0,270,0,0,0
0,13.31139,0,0,0,270,0,0,0
0,13.32234,0,0,0,270,0,0,0
0,13.33424,0,0,0,270,0,0,0
0,13.34346,0,0,0,270,0,0,0
0,13.35401,0,0,0,270,0,0,0
0,13.36353,0,0,0,270,0,0,0
0,13.37173,0,0,0,270,0,0,0
0,13.38237,0,0,0,270,0,0,0
0,13.39125,0,0,0,270,0,0,0
0,13.4,0,0,0,270,0,0,0
0,13.41048,0,0,0,270,0,0,0
0,13.41988,0,0,0,270,0,0,0
0,13.42829,0,0,0,270,0,0,0
0,13.43865,0,0,0,270,0,0,0
0,13.44747,0,0,0,270,0,0,0
0,13.45976,0,0,0,270,0,0,0
0,13.4706,0,0,0,270,0,0,0
0,13.47935,0,0,0,270,0,0,0
0,13.48872,0,0,0,270,0,0,0
0,13.49595,0,0,0,270,0,0,0
0,13.50543,0,0,0,270,0,0,0
0,13.51508,0,0,0,270,0,0,0
0,13.52637,0,0,0,270,0,0,0
0,13.53568,0,0,0,270,0,0,0
0,13.5447,0,0,0,270,0,0,0
0,13.55328,0,0,0,270,0,0,0
0,13.56111,0,0,0,270,0,0,0
0,13.5709,0,0,0,270,0,0,0
0,13.57886,0,0,0,270,0,0,0
0,13.58754,0,0,0,270,0,0,0
0,13.598,0,0,0,270,0,0,0
0,13.60668,0,0,0,270,0,0,0
0,13.61554,0,0,0,270,0,0,0
0,13.62637,0,0,0,270,0,0,0
0,13.63755,0,0,0,270,0,0,0
0,13.64883,0,0,0,270,0,0,0
0,13.65899,0,0,0,270,0,0,0
0,13.66945,0,0,0,270,0,0,0
0,13.67893,0,0,0,270,0,0,0
0,13.68958,0,0,0,270,0,0,0
0,13.70296,0,0,0,270,0,0,0
0,13.71222,0,0,0,270,0,0,0
0,13.72376,0,0,0,270,0,0,0
0,13.7338,0,0,0,270,0,0,0
0,13.74432,0,0,0,270,0,0,0
0,13.75691,0,0,0,270,0,0,0
0,13.7709,0,0,0,270,0,0,0
0,13.7835,0,0,0,270,0,0,0
0,13.7946,0,0,0,270,0,0,0
0,13.80667,0,0,0,270,0,0,0
0,13.81825,0,0,0,270,0,0,0
0,13.82875,0,0,0,270,0,0,0
0,13.84168,0,0,0,270,0,0,0
0,13.85312,0,0,0,270,0,0,0
0,13.86551,0,0,0,270,0,0,0
0,13.88027,0,0,0,270,0,0,0
0,13.89325,0,0,0,270,0,0,0
0,13.90713,0,0,0,270,0,0,0
0,13.92205,0,0,0,270,0,0,0
0,13.93551,0,0,0,270,0,0,0
0,13.95137,0,0,0,270,0,0,0
0,13.96567,0,0,0,270,0,0,0
0,13.97931,0,0,0,270,0,0,0
0,13.99294,0,0,0,270,0,0,0
0,14.00632,0,0,0,270,0,0,0
0,14.01855,0,0,0,270,0,0,0
0,14.03091,0,0,0,270,0,0,0
0,14.04332,0,0,0,270,0,0,0
0,14.05558,0,0,0,270,0,0,0
0,14.06706,0,0,0,270,0,0,0
0,14.07932,0,0,0,270,0,0,0
0,14.09296,0,0,0,270,0,0,0
0,14.10766,0,0,0,270,0,0,0
0,14.12263,0,0,0,270,0,0,0
0,14.13673,0,0,0,270,0,0,0
0,14.14977,0,0,0,270,0,0,0
0,14.16334,0,0,0,270,0,0,0
0,14.17666,0,0,0,270,0,0,0
0,14.18807,0,0,0,270,0,0,0
0,14.20062,0,0,0,270,0,0,0
0,14.21315,0,0,0,270,0,0,0
0,14.2279,0,0,0,270,0,0,0
0,14.24172,0,0,0,270,0,0,0
0,14.25543,0,0,0,270,0,0,0
0,14.26821,0,0,0,270,0,0,0
0,14.28069,0,0,0,270,0,0,0
0,14.29329,0,0,0,270,0,0,0
0,14.30728,0,0,0,270,0,0,0
0,14.32137,0,0,0,270,0,0,0
0,14.33522,0,0,0,270,0,0,0
0,14.34966,0,0,0,270,0,0,0
0,14.36557,0,0,0,270,0,0,0
0,14.38027,0,0,0,270,0,0,0
0,14.39517,0,0,0,270,0,0,0
0,14.40994,0,0,0,270,0,0,0
0,14.42391,0,0,0,270,0,0,0
0,14.44298,0,0,0,270,0,0,0
0,14.46586,0,0,0,270,0,0,0
0,14.48204,0,0,0,270,0,0,0
0,14.49876,0,0,0,270,0,0,0
0,14.51951,0,0,0,270,0,0,0
0,14.54488,0,0,0,270,0,0,0
0,14.56301,0,0,0,270,0,0,0
0,14.58197,0,0,0,270,0,0,0
0,14.60019,0,0,0,270,0,0,0
0,14.61462,0,0,0,270,0,0,0
0,14.62616,0,0,0,270,0,0,0
0,14.63849,0,0,0,270,0,0,0
0,14.65138,0,0,0,270,0,0,0
0,14.662,0,0,0,270,0,0,0
0,14.67279,0,0,0,270,0,0,0
0,14.6841,0,0,0,270,0,0,0
0,14.69522,0,0,0,270,0,0,0
0,14.7068,0,0,0,270,0,0,0
0,14.71887,0,0,0,270,0,0,0
0,14.72814,0,0,0,270,0,0,0
0,14.74424,0,0,0,270,0,0,0
0,14.76622,0,0,0,270,0,0,0
0,14.78772,0,0,0,270,0,0,0
0,14.80132,0,0,0,270,0,0,0
0,14.82204,0,0,0,270,0,0,0
0,14.83626,0,0,0,270,0,0,0
0,14.84985,0,0,0,270,0,0,0
0,14.86124,0,0,0,270,0,0,0
0,14.87229,0,0,0,270,0,0,0
0,14.88397,0,0,0,270,0,0,0
0,14.89627,0,0,0,270,0,0,0
0,14.91217,0,0,0,270,0,0,0
0,14.92511,0,0,0,270,0,0,0
0,14.93728,0,0,0,270,0,0,0
0,14.94897,0,0,0,270,0,0,0
0,14.9597,0,0,0,270,0,0,0
0,14.9699,0,0,0,270,0,0,0
0,14.98009,0,0,0,270,0,0,0
0,14.9901,0,0,0,270,0,0,0
0,15.00048,0,0,0,270,0,0,0
0,15.01119,0,0,0,270,0,0,0
0,15.03077,0,0,0,270,0,0,0
0,15.05529,0,0,0,270,0,0,0
0,15.08717,0,0,0,270,0,0,0
0,15.10795,0,0,0,270,0,0,0
0,15.12702,0,0,0,270,0,0,0
0,15.15035,0,0,0,270,0,0,0
0,15.16612,0,0,0,270,0,0,0
0,15.19098,0,0,0,270,0,0,0
0,15.20386,0,0,0,270,0,0,0
0,15.22013,0,0,0,270,0,0,0
0,15.24223,0,0,0,270,0,0,0
0,15.26159,0,0,0,270,0,0,0
0,15.27647,0,0,0,270,0,0,0
0,15.29319,0,0,0,270,0,0,0
0,15.31606,0,0,0,270,0,0,0
0,15.33662,0,0,0,270,0,0,0
0,15.35677,0,0,0,270,0,0,0
0,15.37672,0,0,0,270,0,0,0
0,15.40882,0,0,0,270,0,0,0
0,15.42814,0,0,0,270,0,0,0
0,15.44039,0,0,0,270,0,0,0
0,15.45274,0,0,0,270,0,0,0
0,15.46474,0,0,0,270,0,0,0
0,15.47545,0,0,0,270,0,0,0
0,15.48832,0,0,0,270,0,0,0
0,15.50219,0,0,0,270,0,0,0
0,15.52481,0,0,0,270,0,0,0
0,15.53716,0,0,0,270,0,0,0
0,15.55606,0,0,0,270,0,0,0
0,15.5832,0,0,0,270,0,0,0
0,15.60467,0,0,0,270,0,0,0
0,15.62726,0,0,0,270,0,0,0
0,15.6405,0,0,0,270,0,0,0
0,15.66314,0,0,0,270,0,0,0
0,15.68684,0,0,0,270,0,0,0
0,15.70024,0,0,0,270,0,0,0
0,15.71286,0,0,0,270,0,0,0
0,15.72755,0,0,0,270,0,0,0
0,15.7412,0,0,0,270,0,0,0
0,15.75508,0,0,0,270,0,0,0
0,15.77002,0,0,0,270,0,0,0
0,15.78326,0,0,0,270,0,0,0
0,15.79583,0,0,0,270,0,0,0
0,15.80808,0,0,0,270,0,0,0
0,15.82273,0,0,0,270,0,0,0
0,15.8351,0,0,0,270,0,0,0
0,15.84716,0,0,0,270,0,0,0
0,15.85808,0,0,0,270,0,0,0
0,15.87162,0,0,0,270,0,0,0
0,15.88811,0,0,0,270,0,0,0
0,15.90214,0,0,0,270,0,0,0
0,15.91541,0,0,0,270,0,0,0
0,15.92747,0,0,0,270,0,0,0
0,15.93904,0,0,0,270,0,0,0
0,15.95007,0,0,0,270,0,0,0
0,15.96163,0,0,0,270,0,0,0
0,15.97281,0,0,0,270,0,0,0
0,15.98361,0,0,0,270,0,0,0
0,15.99347,0,0,0,270,0,0,0
0,16.00599,0,0,0,270,0,0,0
0,16.01651,0,0,0,270,0,0,0
0,16.02789,0,0,0,270,0,0,0
0,16.03964,0,0,0,270,0,0,0
0,16.05132,0,0,0,270,0,0,0
0,16.06285,0,0,0,270,0,0,0
0,16.07432,0,0,0,270,0,0,0
0,16.08469,0,0,0,270,0,0,0
0,16.09501,0,0,0,270,0,0,0
0,16.10675,0,0,0,270,0,0,0
0,16.11768,0,0,0,270,0,0,0
0,16.12868,0,0,0,270,0,0,0
0,16.14186,0,0,0,270,0,0,0
0,16.15246,0,0,0,270,0,0,0
0,16.16369,0,0,0,270,0,0,0
0,16.17582,0,0,0,270,0,0,0
0,16.18812,0,0,0,270,0,0,0
0,16.19951,0,0,0,270,0,0,0
0,16.21099,0,0,0,270,0,0,0
0,16.22065,0,0,0,270,0,0,0
0,16.23127,0,0,0,270,0,0,0
0,16.24382,0,0,0,270,0,0,0
0,16.25535,0,0,0,270,0,0,0
0,16.26618,0,0,0,270,0,0,0
0,16.27828,0,0,0,270,0,0,0
0,16.29143,0,0,0,270,0,0,0
0,16.30239,0,0,0,270,0,0,0
0,16.31539,0,0,0,270,0,0,0
0,16.32811,0,0,0,270,0,0,0
0,16.34033,0,0,0,270,0,0,0
0,16.35276,0,0,0,270,0,0,0
0,16.36361,0,0,0,270,0,0,0
0,16.37564,0,0,0,270,0,0,0
0,16.38902,0,0,0,270,0,0,0
0,16.40423,0,0,0,270,0,0,0
0,16.41854,0,0,0,270,0,0,0
0,16.43227,0,0,0,270,0,0,0
0,16.44557,0,0,0,270,0,0,0
0,16.45882,0,0,0,270,0,0,0
0,16.47132,0,0,0,270,0,0,0
0,16.4839,0,0,0,270,0,0,0
0,16.49654,0,0,0,270,0,0,0
0,16.51072,0,0,0,270,0,0,0
0,16.52327,0,0,0,270,0,0,0
0,16.53572,0,0,0,270,0,0,0
0,16.54671,0,0,0,270,0,0,0
0,16.55772,0,0,0,270,0,0,0
0,16.56853,0,0,0,270,0,0,0
0,16.58026,0,0,0,270,0,0,0
0,16.59278,0,0,0,270,0,0,0
0,16.60581,0,0,0,270,0,0,0
0,16.61904,0,0,0,270,0,0,0
0,16.63067,0,0,0,270,0,0,0
0,16.64289,0,0,0,270,0,0,0
0,16.65396,0,0,0,270,0,0,0
0,16.66616,0,0,0,270,0,0,0
0,16.67907,0,0,0,270,0,0,0
0,16.69222,0,0,0,270,0,0,0
0,16.70596,0,0,0,270,0,0,0
0,16.72047,0,0,0,270,0,0,0
0,16.73358,0,0,0,270,0,0,0
0,16.74667,0,0,0,270,0,0,0
0,16.75882,0,0,0,270,0,0,0
0,16.77221,0,0,0,270,0,0,0
0,16.78383,0,0,0,270,0,0,0
0,16.79753,0,0,0,270,0,0,0
0,16.81371,0,0,0,270,0,0,0
0,16.82726,0,0,0,270,0,0,0
0,16.84007,0,0,0,270,0,0,0
0,16.85317,0,0,0,270,0,0,0
0,16.86455,0,0,0,270,0,0,0
0,16.87708,0,0,0,270,0,0,0
0,16.88958,0,0,0,270,0,0,0
0,16.90321,0,0,0,270,0,0,0
0,16.91602,0,0,0,270,0,0,0
0,16.92706,0,0,0,270,0,0,0
0,16.93926,0,0,0,270,0,0,0
0,16.95111,0,0,0,270,0,0,0
0,16.962,0,0,0,270,0,0,0
0,16.97187,0,0,0,270,0,0,0
0,16.98208,0,0,0,270,0,0,0
0,16.99241,0,0,0,270,0,0,0
0,17.00212,0,0,0,270,0,0,0
0,17.01138,0,0,0,270,0,0,0
0,17.021,0,0,0,270,0,0,0
0,17.02985,0,0,0,270,0,0,0
0,17.03906,0,0,0,270,0,0,0
0,17.0499,0,0,0,270,0,0,0
0,17.06138,0,0,0,270,0,0,0
0,17.07334,0,0,0,270,0,0,0
0,17.08638,0,0,0,270,0,0,0
0,17.09514,0,0,0,270,0,0,0
0,17.10436,0,0,0,270,0,0,0
0,17.115,0,0,0,270,0,0,0
0,17.1238,0,0,0,270,0,0,0
0,17.13309,0,0,0,270,0,0,0
0,17.14174,0,0,0,270,0,0,0
0,17.15212,0,0,0,270,0,0,0
0,17.16143,0,0,0,270,0,0,0
0,17.17213,0,0,0,270,0,0,0
0,17.18247,0,0,0,270,0,0,0
0,17.19283,0,0,0,270,0,0,0
0,17.20274,0,0,0,270,0,0,0
0,17.21237,0,0,0,270,0,0,0
0,17.2239,0,0,0,270,0,0,0
0,17.23452,0,0,0,270,0,0,0
0,17.24481,0,0,0,270,0,0,0
0,17.25505,0,0,0,270,0,0,0
0,17.26635,0,0,0,270,0,0,0
0,17.27678,0,0,0,270,0,0,0
0,17.28683,0,0,0,270,0,0,0
0,17.29714,0,0,0,270,0,0,0
0,17.3106,0,0,0,270,0,0,0
0,17.32237,0,0,0,270,0,0,0
0,17.33314,0,0,0,270,0,0,0
0,17.34232,0,0,0,270,0,0,0
0,17.35336,0,0,0,270,0,0,0
0,17.36506,0,0,0,270,0,0,0
0,17.37656,0,0,0,270,0,0,0
0,17.38634,0,0,0,270,0,0,0
0,17.39812,0,0,0,270,0,0,0
0,17.40993,0,0,0,270,0,0,0
0,17.42129,0,0,0,270,0,0,0
0,17.43348,0,0,0,270,0,0,0
0,17.44551,0,0,0,270,0,0,0
0,17.45573,0,0,0,270,0,0,0
0,17.46725,0,0,0,270,0,0,0
0,17.47826,0,0,0,270,0,0,0
0,17.48848,0,0,0,270,0,0,0
0,17.4995,0,0,0,270,0,0,0
0,17.5108,0,0,0,270,0,0,0
0,17.52297,0,0,0,270,0,0,0
0,17.53498,0,0,0,270,0,0,0
0,17.54574,0,0,0,270,0,0,0
0,17.55787,0,0,0,270,0,0,0
0,17.56884,0,0,0,270,0,0,0
0,17.59173,0,0,0,270,0,0,0
0,17.60287,0,0,0,270,0,0,0
0,17.61455,0,0,0,270,0,0,0
0,17.6283,0,0,0,270,0,0,0
0,17.63951,0,0,0,270,0,0,0
0,17.65162,0,0,0,270,0,0,0
0,17.66446,0,0,0,270,0,0,0
0,17.67623,0,0,0,270,0,0,0
0,17.6881,0,0,0,270,0,0,0
0,17.70193,0,0,0,270,0,0,0
0,17.71383,0,0,0,270,0,0,0
0,17.72661,0,0,0,270,0,0,0
0,17.7428,0,0,0,270,0,0,0
0,17.75539,0,0,0,270,0,0,0
0,17.7687,0,0,0,270,0,0,0
0,17.78056,0,0,0,270,0,0,0
0,17.79323,0,0,0,270,0,0,0
0,17.80714,0,0,0,270,0,0,0
0,17.81947,0,0,0,270,0,0,0
0,17.83101,0,0,0,270,0,0,0
0,17.84308,0,0,0,270,0,0,0
0,17.85359,0,0,0,270,0,0,0
0,17.86537,0,0,0,270,0,0,0
0,17.8781,0,0,0,270,0,0,0
0,17.88946,0,0,0,270,0,0,0
0,17.90125,0,0,0,270,0,0,0
0,17.91394,0,0,0,270,0,0,0
0,17.92701,0,0,0,270,0,0,0
0,17.94254,0,0,0,270,0,0,0
0,17.95705,0,0,0,270,0,0,0
0,17.96814,0,0,0,270,0,0,0
0,17.97981,0,0,0,270,0,0,0
0,17.99128,0,0,0,270,0,0,0
0,18.00466,0,0,0,270,0,0,0
0,18.01693,0,0,0,270,0,0,0
0,18.02835,0,0,0,270,0,0,0
0,18.04045,0,0,0,270,0,0,0
0,18.05409,0,0,0,270,0,0,0
0,18.06624,0,0,0,270,0,0,0
0,18.08106,0,0,0,270,0,0,0
0,18.09456,0,0,0,270,0,0,0
0,18.10632,0,0,0,270,0,0,0
0,18.11925,0,0,0,270,0,0,0
0,18.13075,0,0,0,270,0,0,0
0,18.14265,0,0,0,270,0,0,0
0,18.15447,0,0,0,270,0,0,0
0,18.16536,0,0,0,270,0,0,0
0,18.17665,0,0,0,270,0,0,0
0,18.18907,0,0,0,270,0,0,0
0,18.20082,0,0,0,270,0,0,0
0,18.21163,0,0,0,270,0,0,0
0,18.22176,0,0,0,270,0,0,0
0,18.23257,0,0,0,270,0,0,0
0,18.24465,0,0,0,270,0,0,0
0,18.25691,0,0,0,270,0,0,0
0,18.26831,0,0,0,270,0,0,0
0,18.28006,0,0,0,270,0,0,0
0,18.29322,0,0,0,270,0,0,0
0,18.30697,0,0,0,270,0,0,0
0,18.31832,0,0,0,270,0,0,0
0,18.32955,0,0,0,270,0,0,0
0,18.34379,0,0,0,270,0,0,0
0,18.35411,0,0,0,270,0,0,0
0,18.36562,0,0,0,270,0,0,0
0,18.37647,0,0,0,270,0,0,0
0,18.38456,0,0,0,270,0,0,0
0,18.39458,0,0,0,270,0,0,0
0,18.4048,0,0,0,270,0,0,0
0,18.41422,0,0,0,270,0,0,0
0,18.42373,0,0,0,270,0,0,0
0,18.43474,0,0,0,270,0,0,0
0,18.44701,0,0,0,270,0,0,0
0,18.45784,0,0,0,270,0,0,0
0,18.46823,0,0,0,270,0,0,0
0,18.47785,0,0,0,270,0,0,0
0,18.48686,0,0,0,270,0,0,0
0,18.49496,0,0,0,270,0,0,0
0,18.5043,0,0,0,270,0,0,0
0,18.51341,0,0,0,270,0,0,0
0,18.52144,0,0,0,270,0,0,0
0,18.53114,0,0,0,270,0,0,0
0,18.53933,0,0,0,270,0,0,0
0,18.54918,0,0,0,270,0,0,0
0,18.55978,0,0,0,270,0,0,0
0,18.56821,0,0,0,270,0,0,0
0,18.57689,0,0,0,270,0,0,0
0,18.5866,0,0,0,270,0,0,0
0,18.59401,0,0,0,270,0,0,0
0,18.60266,0,0,0,270,0,0,0
0,18.6106,0,0,0,270,0,0,0
0,18.61875,0,0,0,270,0,0,0
0,18.62724,0,0,0,270,0,0,0
0,18.63776,0,0,0,270,0,0,0
0,18.64838,0,0,0,270,0,0,0
0,18.65664,0,0,0,270,0,0,0
0,18.66714,0,0,0,270,0,0,0
0,18.67663,0,0,0,270,0,0,0
0,18.68575,0,0,0,270,0,0,0
0,18.69595,0,0,0,270,0,0,0
0,18.70592,0,0,0,270,0,0,0
0,18.71745,0,0,0,270,0,0,0
0,18.72961,0,0,0,270,0,0,0
0,18.74048,0,0,0,270,0,0,0
0,18.75197,0,0,0,270,0,0,0
0,18.76313,0,0,0,270,0,0,0
0,18.77437,0,0,0,270,0,0,0
0,18.78711,0,0,0,270,0,0,0
0,18.79947,0,0,0,270,0,0,0
0,18.81088,0,0,0,270,0,0,0
0,18.8238,0,0,0,270,0,0,0
0,18.83582,0,0,0,270,0,0,0
0,18.84834,0,0,0,270,0,0,0
0,18.86053,0,0,0,270,0,0,0
0,18.87301,0,0,0,270,0,0,0
0,18.88494,0,0,0,270,0,0,0
0,18.89789,0,0,0,270,0,0,0
0,18.90923,0,0,0,270,0,0,0
0,18.92048,0,0,0,270,0,0,0
0,18.93264,0,0,0,270,0,0,0
0,18.94307,0,0,0,270,0,0,0
0,18.9567,0,0,0,270,0,0,0
0,18.97111,0,0,0,270,0,0,0
0,18.98557,0,0,0,270,0,0,0
0,19.00054,0,0,0,270,0,0,0
0,19.01612,0,0,0,270,0,0,0
0,19.02993,0,0,0,270,0,0,0
0,19.04296,0,0,0,270,0,0,0
0,19.05494,0,0,0,270,0,0,0
0,19.06877,0,0,0,270,0,0,0
0,19.08336,0,0,0,270,0,0,0
0,19.09706,0,0,0,270,0,0,0
0,19.1105,0,0,0,270,0,0,0
0,19.12321,0,0,0,270,0,0,0
0,19.13613,0,0,0,270,0,0,0
0,19.14732,0,0,0,270,0,0,0
0,19.16123,0,0,0,270,0,0,0
0,19.17406,0,0,0,270,0,0,0
0,19.18673,0,0,0,270,0,0,0
0,19.19889,0,0,0,270,0,0,0
0,19.21203,0,0,0,270,0,0,0
0,19.22671,0,0,0,270,0,0,0
0,19.24108,0,0,0,270,0,0,0
0,19.25562,0,0,0,270,0,0,0
0,19.27024,0,0,0,270,0,0,0
0,19.28551,0,0,0,270,0,0,0
0,19.29666,0,0,0,270,0,0,0
0,19.30882,0,0,0,270,0,0,0
0,19.32065,0,0,0,270,0,0,0
0,19.33189,0,0,0,270,0,0,0
0,19.34239,0,0,0,270,0,0,0
0,19.3538,0,0,0,270,0,0,0
0,19.36624,0,0,0,270,0,0,0
0,19.37551,0,0,0,270,0,0,0
0,19.386,0,0,0,270,0,0,0
0,19.39511,0,0,0,270,0,0,0
0,19.40411,0,0,0,270,0,0,0
0,19.41247,0,0,0,270,0,0,0
0,19.42061,0,0,0,270,0,0,0
0,19.42894,0,0,0,270,0,0,0
0,19.43827,0,0,0,270,0,0,0
0,19.44672,0,0,0,270,0,0,0
0,19.45451,0,0,0,270,0,0,0
0,19.46522,0,0,0,270,0,0,0
0,19.47624,0,0,0,270,0,0,0
0,19.48481,0,0,0,270,0,0,0
0,19.49452,0,0,0,270,0,0,0
0,19.50328,0,0,0,270,0,0,0
0,19.51231,0,0,0,270,0,0,0
0,19.52337,0,0,0,270,0,0,0
0,19.53197,0,0,0,270,0,0,0
0,19.54306,0,0,0,270,0,0,0
0,19.55142,0,0,0,270,0,0,0
0,19.56119,0,0,0,270,0,0,0
0,19.5713,0,0,0,270,0,0,0
0,19.58183,0,0,0,270,0,0,0
0,19.59023,0,0,0,270,0,0,0
0,19.59935,0,0,0,270,0,0,0
0,19.60847,0,0,0,270,0,0,0
0,19.61755,0,0,0,270,0,0,0
0,19.6264,0,0,0,270,0,0,0
0,19.63474,0,0,0,270,0,0,0
0,19.64345,0,0,0,270,0,0,0
0,19.65155,0,0,0,270,0,0,0
0,19.66145,0,0,0,270,0,0,0
0,19.67223,0,0,0,270,0,0,0
0,19.68079,0,0,0,270,0,0,0
0,19.68923,0,0,0,270,0,0,0
0,19.6976,0,0,0,270,0,0,0
0,19.70792,0,0,0,270,0,0,0
0,19.71475,0,0,0,270,0,0,0
0,19.72416,0,0,0,270,0,0,0
0,19.73253,0,0,0,270,0,0,0
0,19.74172,0,0,0,270,0,0,0
0,19.74956,0,0,0,270,0,0,0
0,19.75967,0,0,0,270,0,0,0
0,19.77022,0,0,0,270,0,0,0
0,19.77999,0,0,0,270,0,0,0
0,19.78851,0,0,0,270,0,0,0
0,19.79702,0,0,0,270,0,0,0
0,19.80632,0,0,0,270,0,0,0
0,19.81576,0,0,0,270,0,0,0
0,19.82487,0,0,0,270,0,0,0
0,19.83773,0,0,0,270,0,0,0
0,19.85575,0,0,0,270,0,0,0
0,19.86575,0,0,0,270,0,0,0
0,19.87602,0,0,0,270,0,0,0
0,19.88727,0,0,0,270,0,0,0
0,19.90002,0,0,0,270,0,0,0
0,19.9108,0,0,0,270,0,0,0
0,19.92185,0,0,0,270,0,0,0
0,19.93181,0,0,0,270,0,0,0
0,19.94315,0,0,0,270,0,0,0
0,19.95487,0,0,0,270,0,0,0
0,19.96696,0,0,0,270,0,0,0
0,19.97965,0,0,0,270,0,0,0
0,19.99006,0,0,0,270,0,0,0
0,19.99994,0,0,0,270,0,0,0
0,20.01073,0,0,0,270,0,0,0
0,20.02299,0,0,0,270,0,0,0
0,20.0351,0,0,0,270,0,0,0
0,20.04712,0,0,0,270,0,0,0
0,20.05806,0,0,0,270,0,0,0
0,20.07026,0,0,0,270,0,0,0
0,20.08345,0,0,0,270,0,0,0
0,20.09617,0,0,0,270,0,0,0
0,20.10907,0,0,0,270,0,0,0
0,20.12072,0,0,0,270,0,0,0
0,20.13349,0,0,0,270,0,0,0
0,20.14622,0,0,0,270,0,0,0
0,20.15923,0,0,0,270,0,0,0
0,20.17095,0,0,0,270,0,0,0
0,20.18348,0,0,0,270,0,0,0
0,20.19569,0,0,0,270,0,0,0
0,20.20704,0,0,0,270,0,0,0
0,20.21974,0,0,0,270,0,0,0
0,20.23195,0,0,0,270,0,0,0
0,20.24733,0,0,0,270,0,0,0
0,20.26351,0,0,0,270,0,0,0
0,20.28119,0,0,0,270,0,0,0
0,20.29498,0,0,0,270,0,0,0
0,20.30737,0,0,0,270,0,0,0
0,20.31826,0,0,0,270,0,0,0
0,20.32791,0,0,0,270,0,0,0
0,20.33845,0,0,0,270,0,0,0
0,20.35123,0,0,0,270,0,0,0
0,20.36225,0,0,0,270,0,0,0
0,20.37436,0,0,0,270,0,0,0
0,20.39027,0,0,0,270,0,0,0
0,20.40443,0,0,0,270,0,0,0
0,20.41716,0,0,0,270,0,0,0
0,20.4336,0,0,0,270,0,0,0
0,20.44582,0,0,0,270,0,0,0
0,20.45743,0,0,0,270,0,0,0
0,20.47014,0,0,0,270,0,0,0
0,20.4837,0,0,0,270,0,0,0
0,20.498,0,0,0,270,0,0,0
0,20.51156,0,0,0,270,0,0,0
0,20.52576,0,0,0,270,0,0,0
0,20.53899,0,0,0,270,0,0,0
0,20.55314,0,0,0,270,0,0,0
0,20.56737,0,0,0,270,0,0,0
0,20.58204,0,0,0,270,0,0,0
0,20.59417,0,0,0,270,0,0,0
0,20.60677,0,0,0,270,0,0,0
0,20.61777,0,0,0,270,0,0,0
0,20.62805,0,0,0,270,0,0,0
0,20.63965,0,0,0,270,0,0,0
0,20.65001,0,0,0,270,0,0,0
0,20.66139,0,0,0,270,0,0,0
0,20.67164,0,0,0,270,0,0,0
0,20.68262,0,0,0,270,0,0,0
0,20.69578,0,0,0,270,0,0,0
0,20.70687,0,0,0,270,0,0,0
0,20.7172,0,0,0,270,0,0,0
0,20.72658,0,0,0,270,0,0,0
0,20.73632,0,0,0,270,0,0,0
0,20.74554,0,0,0,270,0,0,0
0,20.75556,0,0,0,270,0,0,0
0,20.76558,0,0,0,270,0,0,0
0,20.77542,0,0,0,270,0,0,0
0,20.78566,0,0,0,270,0,0,0
0,20.79473,0,0,0,270,0,0,0
0,20.80623,0,0,0,270,0,0,0
0,20.81471,0,0,0,270,0,0,0
0,20.82613,0,0,0,270,0,0,0
0,20.83635,0,0,0,270,0,0,0
0,20.84572,0,0,0,270,0,0,0
0,20.85643,0,0,0,270,0,0,0
0,20.86693,0,0,0,270,0,0,0
0,20.87716,0,0,0,270,0,0,0
0,20.88796,0,0,0,270,0,0,0
0,20.89959,0,0,0,270,0,0,0
0,20.91085,0,0,0,270,0,0,0
0,20.92074,0,0,0,270,0,0,0
0,20.93195,0,0,0,270,0,0,0
0,20.94215,0,0,0,270,0,0,0
0,20.95352,0,0,0,270,0,0,0
0,20.96238,0,0,0,270,0,0,0
0,20.97162,0,0,0,270,0,0,0
0,20.98094,0,0,0,270,0,0,0
0,20.99003,0,0,0,270,0,0,0
0,21.00021,0,0,0,270,0,0,0
0,21.01154,0,0,0,270,0,0,0
0,21.02223,0,0,0,270,0,0,0
0,21.03107,0,0,0,270,0,0,0
0,21.04027,0,0,0,270,0,0,0
0,21.04971,0,0,0,270,0,0,0
0,21.05917,0,0,0,270,0,0,0
0,21.07133,0,0,0,270,0,0,0
0,21.08184,0,0,0,270,0,0,0
0,21.0927,0,0,0,270,0,0,0
0,21.10482,0,0,0,270,0,0,0
0,21.115,0,0,0,270,0,0,0
0,21.12374,0,0,0,270,0,0,0
0,21.13558,0,0,0,270,0,0,0
0,21.14837,0,0,0,270,0,0,0
0,21.16139,0,0,0,270,0,0,0
0,21.17391,0,0,0,270,0,0,0
0,21.18653,0,0,0,270,0,0,0
0,21.19823,0,0,0,270,0,0,0
0,21.2103,0,0,0,270,0,0,0
0,21.22066,0,0,0,270,0,0,0
0,21.23246,0,0,0,270,0,0,0
0,21.24459,0,0,0,270,0,0,0
0,21.25597,0,0,0,270,0,0,0
0,21.26996,0,0,0,270,0,0,0
0,21.28325,0,0,0,270,0,0,0
0,21.29523,0,0,0,270,0,0,0
0,21.30864,0,0,0,270,0,0,0
0,21.32153,0,0,0,270,0,0,0
0,21.33393,0,0,0,270,0,0,0
0,21.34623,0,0,0,270,0,0,0
0,21.35899,0,0,0,270,0,0,0
0,21.37178,0,0,0,270,0,0,0
0,21.38408,0,0,0,270,0,0,0
0,21.39647,0,0,0,270,0,0,0
0,21.41169,0,0,0,270,0,0,0
0,21.42506,0,0,0,270,0,0,0
0,21.4382,0,0,0,270,0,0,0
0,21.45024,0,0,0,270,0,0,0
0,21.46264,0,0,0,270,0,0,0
0,21.47444,0,0,0,270,0,0,0
0,21.48635,0,0,0,270,0,0,0
0,21.49931,0,0,0,270,0,0,0
0,21.51379,0,0,0,270,0,0,0
0,21.52833,0,0,0,270,0,0,0
0,21.54073,0,0,0,270,0,0,0
0,21.55433,0,0,0,270,0,0,0
0,21.56702,0,0,0,270,0,0,0
0,21.57885,0,0,0,270,0,0,0
0,21.59099,0,0,0,270,0,0,0
0,21.60302,0,0,0,270,0,0,0
0,21.61549,0,0,0,270,0,0,0
0,21.62791,0,0,0,270,0,0,0
0,21.64002,0,0,0,270,0,0,0
0,21.65166,0,0,0,270,0,0,0
0,21.66567,0,0,0,270,0,0,0
0,21.67905,0,0,0,270,0,0,0
0,21.69185,0,0,0,270,0,0,0
0,21.70655,0,0,0,270,0,0,0
0,21.72072,0,0,0,270,0,0,0
0,21.73181,0,0,0,270,0,0,0
0,21.74477,0,0,0,270,0,0,0
0,21.75749,0,0,0,270,0,0,0
0,21.77044,0,0,0,270,0,0,0
0,21.78752,0,0,0,270,0,0,0
0,21.79981,0,0,0,270,0,0,0
0,21.81154,0,0,0,270,0,0,0
0,21.82369,0,0,0,270,0,0,0
0,21.83464,0,0,0,270,0,0,0
0,21.84694,0,0,0,270,0,0,0
0,21.85821,0,0,0,270,0,0,0
0,21.86867,0,0,0,270,0,0,0
0,21.87845,0,0,0,270,0,0,0
0,21.88791,0,0,0,270,0,0,0
0,21.89707,0,0,0,270,0,0,0
0,21.90523,0,0,0,270,0,0,0
0,21.91651,0,0,0,270,0,0,0
0,21.92812,0,0,0,270,0,0,0
0,21.93721,0,0,0,270,0,0,0
0,21.94666,0,0,0,270,0,0,0
0,21.95698,0,0,0,270,0,0,0
0,21.96552,0,0,0,270,0,0,0
0,21.97455,0,0,0,270,0,0,0
0,21.98261,0,0,0,270,0,0,0
0,21.99384,0,0,0,270,0,0,0
0,22.00507,0,0,0,270,0,0,0
0,22.01546,0,0,0,270,0,0,0
0,22.02748,0,0,0,270,0,0,0
0,22.0373,0,0,0,270,0,0,0
0,22.04934,0,0,0,270,0,0,0
0,22.05892,0,0,0,270,0,0,0
0,22.06965,0,0,0,270,0,0,0
0,22.07898,0,0,0,270,0,0,0
0,22.08841,0,0,0,270,0,0,0
0,22.09825,0,0,0,270,0,0,0
0,22.10822,0,0,0,270,0,0,0
0,22.1189,0,0,0,270,0,0,0
0,22.13111,0,0,0,270,0,0,0
0,22.14125,0,0,0,270,0,0,0
0,22.15297,0,0,0,270,0,0,0
0,22.16413,0,0,0,270,0,0,0
0,22.17626,0,0,0,270,0,0,0
0,22.18613,0,0,0,270,0,0,0
0,22.19529,0,0,0,270,0,0,0
0,22.20474,0,0,0,270,0,0,0
0,22.22739,0,0,0,270,0,0,0
0,22.23945,0,0,0,270,0,0,0
0,22.25687,0,0,0,270,0,0,0
0,22.26894,0,0,0,270,0,0,0
0,22.28705,0,0,0,270,0,0,0
0,22.30239,0,0,0,270,0,0,0
0,22.31997,0,0,0,270,0,0,0
0,22.33099,0,0,0,270,0,0,0
0,22.34035,0,0,0,270,0,0,0
0,22.35273,0,0,0,270,0,0,0
0,22.36766,0,0,0,270,0,0,0
0,22.38338,0,0,0,270,0,0,0
0,22.39923,0,0,0,270,0,0,0
0,22.42017,0,0,0,270,0,0,0
0,22.44097,0,0,0,270,0,0,0
0,22.453,0,0,0,270,0,0,0
0,22.46541,0,0,0,270,0,0,0
0,22.47777,0,0,0,270,0,0,0
0,22.48788,0,0,0,270,0,0,0
0,22.50064,0,0,0,270,0,0,0
0,22.51339,0,0,0,270,0,0,0
0,22.52567,0,0,0,270,0,0,0
0,22.54108,0,0,0,270,0,0,0
0,22.55492,0,0,0,270,0,0,0
0,22.56711,0,0,0,270,0,0,0
0,22.57969,0,0,0,270,0,0,0
0,22.59218,0,0,0,270,0,0,0
0,22.60472,0,0,0,270,0,0,0
0,22.61707,0,0,0,270,0,0,0
0,22.62845,0,0,0,270,0,0,0
0,22.6485,0,0,0,270,0,0,0
0,22.66115,0,0,0,270,0,0,0
0,22.67426,0,0,0,270,0,0,0
0,22.68809,0,0,0,270,0,0,0
0,22.7002,0,0,0,270,0,0,0
0,22.71273,0,0,0,270,0,0,0
0,22.72352,0,0,0,270,0,0,0
0,22.73584,0,0,0,270,0,0,0
0,22.75093,0,0,0,270,0,0,0
0,22.76286,0,0,0,270,0,0,0
0,22.77624,0,0,0,270,0,0,0
0,22.7878,0,0,0,270,0,0,0
0,22.79879,0,0,0,270,0,0,0
0,22.81137,0,0,0,270,0,0,0
0,22.82293,0,0,0,270,0,0,0
0,22.83491,0,0,0,270,0,0,0
0,22.84707,0,0,0,270,0,0,0
0,22.86428,0,0,0,270,0,0,0
0,22.88086,0,0,0,270,0,0,0
0,22.89766,0,0,0,270,0,0,0
0,22.90976,0,0,0,270,0,0,0
0,22.92193,0,0,0,270,0,0,0
0,22.93421,0,0,0,270,0,0,0
0,22.94902,0,0,0,270,0,0,0
0,22.96422,0,0,0,270,0,0,0
0,22.97613,0,0,0,270,0,0,0
0,22.98879,0,0,0,270,0,0,0
0,23.00915,0,0,0,270,0,0,0
0,23.03089,0,0,0,270,0,0,0
0,23.04607,0,0,0,270,0,0,0
0,23.06182,0,0,0,270,0,0,0
0,23.0765,0,0,0,270,0,0,0
0,23.08978,0,0,0,270,0,0,0
0,23.09994,0,0,0,270,0,0,0
0,23.11199,0,0,0,270,0,0,0
0,23.12174,0,0,0,270,0,0,0
0,23.13378,0,0,0,270,0,0,0
0,23.14363,0,0,0,270,0,0,0
0,23.15464,0,0,0,270,0,0,0
0,23.1652,0,0,0,270,0,0,0
0,23.17834,0,0,0,270,0,0,0
0,23.19213,0,0,0,270,0,0,0
0,23.20579,0,0,0,270,0,0,0
0,23.21525,0,0,0,270,0,0,0
0,23.22576,0,0,0,270,0,0,0
0,23.23795,0,0,0,270,0,0,0
0,23.24953,0,0,0,270,0,0,0
0,23.26126,0,0,0,270,0,0,0
0,23.27389,0,0,0,270,0,0,0
0,23.2858,0,0,0,270,0,0,0
0,23.29535,0,0,0,270,0,0,0
0,23.30722,0,0,0,270,0,0,0
0,23.31998,0,0,0,270,0,0,0
0,23.33227,0,0,0,270,0,0,0
0,23.34198,0,0,0,270,0,0,0
0,23.35277,0,0,0,270,0,0,0
0,23.36397,0,0,0,270,0,0,0
0,23.37374,0,0,0,270,0,0,0
0,23.38509,0,0,0,270,0,0,0
0,23.39503,0,0,0,270,0,0,0
0,23.40415,0,0,0,270,0,0,0
0,23.41455,0,0,0,270,0,0,0
0,23.42558,0,0,0,270,0,0,0
0,23.43561,0,0,0,270,0,0,0
0,23.44616,0,0,0,270,0,0,0
0,23.46102,0,0,0,270,0,0,0
0,23.4716,0,0,0,270,0,0,0
0,23.48172,0,0,0,270,0,0,0
0,23.49158,0,0,0,270,0,0,0
0,23.50212,0,0,0,270,0,0,0
0,23.51232,0,0,0,270,0,0,0
0,23.52775,0,0,0,270,0,0,0
0,23.53724,0,0,0,270,0,0,0
0,23.54624,0,0,0,270,0,0,0
0,23.55473,0,0,0,270,0,0,0
0,23.56531,0,0,0,270,0,0,0
0,23.57656,0,0,0,270,0,0,0
0,23.59045,0,0,0,270,0,0,0
0,23.60232,0,0,0,270,0,0,0
0,23.61396,0,0,0,270,0,0,0
0,23.62601,0,0,0,270,0,0,0
0,23.63698,0,0,0,270,0,0,0
0,23.6496,0,0,0,270,0,0,0
0,23.66254,0,0,0,270,0,0,0
0,23.673,0,0,0,270,0,0,0
0,23.68383,0,0,0,270,0,0,0
0,23.69646,0,0,0,270,0,0,0
0,23.70903,0,0,0,270,0,0,0
0,23.72248,0,0,0,270,0,0,0
0,23.73323,0,0,0,270,0,0,0
0,23.7472,0,0,0,270,0,0,0
0,23.75943,0,0,0,270,0,0,0
0,23.77386,0,0,0,270,0,0,0
0,23.78712,0,0,0,270,0,0,0
0,23.79975,0,0,0,270,0,0,0
0,23.81217,0,0,0,270,0,0,0
0,23.82451,0,0,0,270,0,0,0
0,23.83579,0,0,0,270,0,0,0
0,23.84797,0,0,0,270,0,0,0
0,23.85921,0,0,0,270,0,0,0
0,23.87138,0,0,0,270,0,0,0
0,23.88541,0,0,0,270,0,0,0
0,23.89958,0,0,0,270,0,0,0
0,23.91238,0,0,0,270,0,0,0
0,23.92499,0,0,0,270,0,0,0
0,23.93695,0,0,0,270,0,0,0
0,23.94923,0,0,0,270,0,0,0
0,23.9624,0,0,0,270,0,0,0
0,23.9759,0,0,0,270,0,0,0
0,23.98787,0,0,0,270,0,0,0
0,24.00018,0,0,0,270,0,0,0
0,24.01231,0,0,0,270,0,0,0
0,24.02345,0,0,0,270,0,0,0
0,24.0324,0,0,0,270,0,0,0
0,24.04382,0,0,0,270,0,0,0
0,24.0572,0,0,0,270,0,0,0
0,24.07049,0,0,0,270,0,0,0
0,24.08334,0,0,0,270,0,0,0
0,24.09621,0,0,0,270,0,0,0
0,24.10739,0,0,0,270,0,0,0
0,24.12404,0,0,0,270,0,0,0
0,24.14469,0,0,0,270,0,0,0
0,24.16733,0,0,0,270,0,0,0
0,24.19174,0,0,0,270,0,0,0
0,24.21468,0,0,0,270,0,0,0
0,24.23124,0,0,0,270,0,0,0
0,24.25207,0,0,0,270,0,0,0
0,24.26881,0,0,0,270,0,0,0
0,24.28691,0,0,0,270,0,0,0
0,24.30066,0,0,0,270,0,0,0
0,24.3148,0,0,0,270,0,0,0
0,24.32664,0,0,0,270,0,0,0
0,24.33912,0,0,0,270,0,0,0
0,24.35004,0,0,0,270,0,0,0
0,24.36302,0,0,0,270,0,0,0
0,24.37431,0,0,0,270,0,0,0
0,24.38445,0,0,0,270,0,0,0
0,24.39931,0,0,0,270,0,0,0
0,24.4118,0,0,0,270,0,0,0
0,24.42339,0,0,0,270,0,0,0
0,24.43287,0,0,0,270,0,0,0
0,24.44404,0,0,0,270,0,0,0
0,24.45517,0,0,0,270,0,0,0
0,24.46499,0,0,0,270,0,0,0
0,24.47766,0,0,0,270,0,0,0
0,24.49025,0,0,0,270,0,0,0
0,24.51354,0,0,0,270,0,0,0
0,24.5248,0,0,0,270,0,0,0
0,24.54025,0,0,0,270,0,0,0
0,24.55367,0,0,0,270,0,0,0
0,24.56808,0,0,0,270,0,0,0
0,24.59048,0,0,0,270,0,0,0
0,24.60212,0,0,0,270,0,0,0
0,24.61859,0,0,0,270,0,0,0
0,24.63511,0,0,0,270,0,0,0
0,24.64573,0,0,0,270,0,0,0
0,24.65518,0,0,0,270,0,0,0
0,24.66466,0,0,0,270,0,0,0
0,24.67666,0,0,0,270,0,0,0
0,24.68759,0,0,0,270,0,0,0
0,24.69715,0,0,0,270,0,0,0
0,24.70769,0,0,0,270,0,0,0
0,24.71735,0,0,0,270,0,0,0
0,24.72645,0,0,0,270,0,0,0
0,24.73582,0,0,0,270,0,0,0
0,24.74605,0,0,0,270,0,0,0
0,24.75433,0,0,0,270,0,0,0
0,24.76391,0,0,0,270,0,0,0
0,24.77559,0,0,0,270,0,0,0
0,24.78635,0,0,0,270,0,0,0
0,24.79753,0,0,0,270,0,0,0
0,24.80692,0,0,0,270,0,0,0
0,24.81683,0,0,0,270,0,0,0
0,24.82796,0,0,0,270,0,0,0
0,24.83944,0,0,0,270,0,0,0
0,24.85133,0,0,0,270,0,0,0
0,24.86169,0,0,0,270,0,0,0
0,24.87372,0,0,0,270,0,0,0
0,24.8865,0,0,0,270,0,0,0
0,24.90015,0,0,0,270,0,0,0
0,24.91208,0,0,0,270,0,0,0
0,24.92274,0,0,0,270,0,0,0
0,24.93619,0,0,0,270,0,0,0
0,24.94817,0,0,0,270,0,0,0
0,24.96037,0,0,0,270,0,0,0
0,24.97211,0,0,0,270,0,0,0
0,24.98465,0,0,0,270,0,0,0
0,24.99847,0,0,0,270,0,0,0
0,25.0114,0,0,0,270,0,0,0
0,25.02418,0,0,0,270,0,0,0
0,25.03613,0,0,0,270,0,0,0
0,25.04784,0,0,0,270,0,0,0
0,25.06085,0,0,0,270,0,0,0
0,25.07477,0,0,0,270,0,0,0
0,25.09059,0,0,0,270,0,0,0
0,25.10383,0,0,0,270,0,0,0
0,25.11658,0,0,0,270,0,0,0
0,25.12719,0,0,0,270,0,0,0
0,25.13921,0,0,0,270,0,0,0
0,25.15089,0,0,0,270,0,0,0
0,25.1618,0,0,0,270,0,0,0
0,25.17297,0,0,0,270,0,0,0
0,25.1829,0,0,0,270,0,0,0
0,25.19479,0,0,0,270,0,0,0
0,25.20591,0,0,0,270,0,0,0
0,25.21844,0,0,0,270,0,0,0
0,25.22991,0,0,0,270,0,0,0
0,25.24263,0,0,0,270,0,0,0
0,25.25555,0,0,0,270,0,0,0
0,25.26674,0,0,0,270,0,0,0
0,25.27834,0,0,0,270,0,0,0
0,25.29057,0,0,0,270,0,0,0
0,25.30125,0,0,0,270,0,0,0
0,25.31392,0,0,0,270,0,0,0
0,25.32685,0,0,0,270,0,0,0
0,25.34022,0,0,0,270,0,0,0
0,25.3551,0,0,0,270,0,0,0
0,25.36708,0,0,0,270,0,0,0
0,25.38317,0,0,0,270,0,0,0
0,25.39639,0,0,0,270,0,0,0
0,25.41018,0,0,0,270,0,0,0
0,25.42274,0,0,0,270,0,0,0
0,25.43697,0,0,0,270,0,0,0
0,25.45002,0,0,0,270,0,0,0
0,25.46452,0,0,0,270,0,0,0
0,25.47595,0,0,0,270,0,0,0
0,25.4871,0,0,0,270,0,0,0
0,25.49774,0,0,0,270,0,0,0
0,25.50994,0,0,0,270,0,0,0
0,25.52295,0,0,0,270,0,0,0
0,25.53406,0,0,0,270,0,0,0
0,25.54437,0,0,0,270,0,0,0
0,25.55315,0,0,0,270,0,0,0
0,25.56175,0,0,0,270,0,0,0
0,25.5704,0,0,0,270,0,0,0
0,25.57888,0,0,0,270,0,0,0
0,25.58744,0,0,0,270,0,0,0
0,25.59548,0,0,0,270,0,0,0
0,25.60362,0,0,0,270,0,0,0
0,25.61474,0,0,0,270,0,0,0
0,25.62527,0,0,0,270,0,0,0
0,25.63663,0,0,0,270,0,0,0
0,25.64693,0,0,0,270,0,0,0
0,25.65649,0,0,0,270,0,0,0
0,25.66638,0,0,0,270,0,0,0
0,25.67748,0,0,0,270,0,0,0
0,25.68728,0,0,0,270,0,0,0
0,25.69782,0,0,0,270,0,0,0
0,25.7078,0,0,0,270,0,0,0
0,25.71766,0,0,0,270,0,0,0
0,25.73144,0,0,0,270,0,0,0
0,25.74344,0,0,0,270,0,0,0
0,25.75402,0,0,0,270,0,0,0
0,25.76506,0,0,0,270,0,0,0
0,25.77706,0,0,0,270,0,0,0
0,25.78778,0,0,0,270,0,0,0
0,25.79791,0,0,0,270,0,0,0
0,25.80928,0,0,0,270,0,0,0
0,25.8207,0,0,0,270,0,0,0
0,25.83217,0,0,0,270,0,0,0
0,25.84257,0,0,0,270,0,0,0
0,25.85316,0,0,0,270,0,0,0
0,25.86378,0,0,0,270,0,0,0
0,25.8739,0,0,0,270,0,0,0
0,25.88424,0,0,0,270,0,0,0
0,25.8956,0,0,0,270,0,0,0
0,25.90589,0,0,0,270,0,0,0
0,25.91542,0,0,0,270,0,0,0
0,25.92529,0,0,0,270,0,0,0
0,25.93467,0,0,0,270,0,0,0
0,25.94473,0,0,0,270,0,0,0
0,25.95561,0,0,0,270,0,0,0
0,25.96639,0,0,0,270,0,0,0
0,25.97494,0,0,0,270,0,0,0
0,25.98359,0,0,0,270,0,0,0
0,25.99392,0,0,0,270,0,0,0
0,26.00342,0,0,0,270,0,0,0
0,26.0125,0,0,0,270,0,0,0
0,26.0219,0,0,0,270,0,0,0
0,26.03311,0,0,0,270,0,0,0
0,26.04287,0,0,0,270,0,0,0
0,26.05563,0,0,0,270,0,0,0
0,26.06765,0,0,0,270,0,0,0
0,26.07825,0,0,0,270,0,0,0
0,26.09003,0,0,0,270,0,0,0
0,26.10291,0,0,0,270,0,0,0
0,26.11504,0,0,0,270,0,0,0
0,26.12738,0,0,0,270,0,0,0
0,26.13767,0,0,0,270,0,0,0
0,26.14928,0,0,0,270,0,0,0
0,26.16242,0,0,0,270,0,0,0
0,26.17445,0,0,0,270,0,0,0
0,26.18877,0,0,0,270,0,0,0
0,26.20051,0,0,0,270,0,0,0
0,26.21304,0,0,0,270,0,0,0
0,26.22449,0,0,0,270,0,0,0
0,26.23613,0,0,0,270,0,0,0
0,26.24784,0,0,0,270,0,0,0
0,26.26273,0,0,0,270,0,0,0
0,26.27732,0,0,0,270,0,0,0
0,26.29098,0,0,0,270,0,0,0
0,26.3039,0,0,0,270,0,0,0
0,26.31706,0,0,0,270,0,0,0
0,26.32971,0,0,0,270,0,0,0
0,26.34239,0,0,0,270,0,0,0
0,26.35503,0,0,0,270,0,0,0
0,26.36709,0,0,0,270,0,0,0
0,26.38137,0,0,0,270,0,0,0
0,26.39489,0,0,0,270,0,0,0
0,26.40752,0,0,0,270,0,0,0
0,26.42026,0,0,0,270,0,0,0
0,26.43314,0,0,0,270,0,0,0
0,26.44539,0,0,0,270,0,0,0
0,26.45541,0,0,0,270,0,0,0
0,26.4671,0,0,0,270,0,0,0
0,26.48067,0,0,0,270,0,0,0
0,26.49271,0,0,0,270,0,0,0
0,26.50473,0,0,0,270,0,0,0
0,26.51671,0,0,0,270,0,0,0
0,26.52984,0,0,0,270,0,0,0
0,26.54412,0,0,0,270,0,0,0
0,26.55683,0,0,0,270,0,0,0
0,26.57033,0,0,0,270,0,0,0
0,26.58645,0,0,0,270,0,0,0
0,26.59916,0,0,0,270,0,0,0
0,26.61224,0,0,0,270,0,0,0
0,26.62541,0,0,0,270,0,0,0
0,26.64048,0,0,0,270,0,0,0
0,26.65587,0,0,0,270,0,0,0
0,26.67004,0,0,0,270,0,0,0
0,26.68431,0,0,0,270,0,0,0
0,26.70001,0,0,0,270,0,0,0
0,26.71293,0,0,0,270,0,0,0
0,26.72614,0,0,0,270,0,0,0
0,26.73683,0,0,0,270,0,0,0
0,26.74677,0,0,0,270,0,0,0
0,26.75773,0,0,0,270,0,0,0
0,26.76741,0,0,0,270,0,0,0
0,26.77701,0,0,0,270,0,0,0
0,26.7861,0,0,0,270,0,0,0
0,26.79717,0,0,0,270,0,0,0
0,26.8062,0,0,0,270,0,0,0
0,26.81454,0,0,0,270,0,0,0
0,26.8256,0,0,0,270,0,0,0
0,26.83398,0,0,0,270,0,0,0
0,26.84435,0,0,0,270,0,0,0
0,26.85358,0,0,0,270,0,0,0
0,26.86168,0,0,0,270,0,0,0
0,26.86968,0,0,0,270,0,0,0
0,26.87811,0,0,0,270,0,0,0
0,26.88857,0,0,0,270,0,0,0
0,26.89762,0,0,0,270,0,0,0
0,26.90691,0,0,0,270,0,0,0
0,26.91737,0,0,0,270,0,0,0
0,26.92744,0,0,0,270,0,0,0
0,26.93734,0,0,0,270,0,0,0
0,26.95597,0,0,0,270,0,0,0
0,27.00597,0,0,0,270,0,0,0
0,27.10793,0,0,0,270,0,0,0
0,27.12715,0,0,0,270,0,0,0
0,27.14829,0,0,0,270,0,0,0
0,27.15935,0,0,0,270,0,0,0
0,27.17,0,0,0,270,0,0,0
0,27.18096,0,0,0,270,0,0,0
0,27.19078,0,0,0,270,0,0,0
0,27.19979,0,0,0,270,0,0,0
0,27.20883,0,0,0,270,0,0,0
0,27.21624,0,0,0,270,0,0,0
0,27.22587,0,0,0,270,0,0,0
0,27.23454,0,0,0,270,0,0,0
0,27.24346,0,0,0,270,0,0,0
0,27.25268,0,0,0,270,0,0,0
0,27.26098,0,0,0,270,0,0,0
0,27.27015,0,0,0,270,0,0,0
0,27.28155,0,0,0,270,0,0,0
0,27.29272,0,0,0,270,0,0,0
0,27.30541,0,0,0,270,0,0,0
0,27.31683,0,0,0,270,0,0,0
0,27.32742,0,0,0,270,0,0,0
0,27.33874,0,0,0,270,0,0,0
0,27.35051,0,0,0,270,0,0,0
0,27.36257,0,0,0,270,0,0,0
0,27.37229,0,0,0,270,0,0,0
0,27.38378,0,0,0,270,0,0,0
0,27.39542,0,0,0,270,0,0,0
0,27.40903,0,0,0,270,0,0,0
0,27.42111,0,0,0,270,0,0,0
0,27.4338,0,0,0,270,0,0,0
0,27.44634,0,0,0,270,0,0,0
0,27.45812,0,0,0,270,0,0,0
0,27.46912,0,0,0,270,0,0,0
0,27.48005,0,0,0,270,0,0,0
0,27.49056,0,0,0,270,0,0,0
0,27.50188,0,0,0,270,0,0,0
0,27.51225,0,0,0,270,0,0,0
0,27.52448,0,0,0,270,0,0,0
0,27.53683,0,0,0,270,0,0,0
0,27.54912,0,0,0,270,0,0,0
0,27.56294,0,0,0,270,0,0,0
0,27.57638,0,0,0,270,0,0,0
0,27.58741,0,0,0,270,0,0,0
0,27.59884,0,0,0,270,0,0,0
0,27.60981,0,0,0,270,0,0,0
0,27.62092,0,0,0,270,0,0,0
0,27.63301,0,0,0,270,0,0,0
0,27.64446,0,0,0,270,0,0,0
0,27.65535,0,0,0,270,0,0,0
0,27.66789,0,0,0,270,0,0,0
0,27.68106,0,0,0,270,0,0,0
0,27.69239,0,0,0,270,0,0,0
0,27.70386,0,0,0,270,0,0,0
0,27.71567,0,0,0,270,0,0,0
0,27.72784,0,0,0,270,0,0,0
0,27.74206,0,0,0,270,0,0,0
0,27.75457,0,0,0,270,0,0,0
0,27.76858,0,0,0,270,0,0,0
0,27.78096,0,0,0,270,0,0,0
0,27.79458,0,0,0,270,0,0,0
0,27.80735,0,0,0,270,0,0,0
0,27.82044,0,0,0,270,0,0,0
0,27.83269,0,0,0,270,0,0,0
0,27.84596,0,0,0,270,0,0,0
0,27.86257,0,0,0,270,0,0,0
0,27.88754,0,0,0,270,0,0,0
0,27.90467,0,0,0,270,0,0,0
0,27.91752,0,0,0,270,3,0,0
0,27.92989,0,0,0,270,3,0,0
0,27.9405,0,0,0,270,3,0,0
0,27.95074,0,0,0,270,3,0,0
0,27.96159,0,0,0,270,3,0,0
0,27.97714,0,0,0,270,3,0,0
0,27.99028,0,0,0,270,3,0,0
0,27.99901,0,0,0,270,3,0,0
0,28.00874,0,0,0,270,3,0,0
0,28.01794,0,0,0,270,3,0,0
0,28.02996,0,0,0,270,3,0,0
0,28.04049,0,0,0,270,3,0,0
0,28.05136,0,0,0,270,3,0,0
0,28.06127,0,0,0,270,3,0,0
0,28.07136,0,0,0,270,3,0,0
0,28.08052,0,0,0,270,3,0,0
0,28.08937,0,0,0,270,3,0,0
0,28.09903,0,0,0,270,3,0,0
0,28.10711,0,0,0,270,3,0,0
0,28.11587,0,0,0,270,3,0,0
0,28.12643,0,0,0,270,3,0,0
0,28.13511,0,0,0,270,3,0,0
0,28.14494,0,0,0,270,3,0,0
0,28.15319,0,0,0,270,3,0,0
0,28.16548,0,0,0,270,3,0,0
0,28.17453,0,0,0,270,3,0,0
0,28.1833,0,0,0,270,3,0,0
0,28.19273,0,0,0,270,3,0,0
0,28.20147,0,0,0,270,3,0,0
0,28.21084,0,0,0,270,3,0,0
0,28.22133,0,0,0,270,3,0,0
0,28.22936,0,0,0,270,3,0,0
0,28.23952,0,0,0,270,3,0,0
0,28.24758,0,0,0,270,3,0,0
0,28.25642,0,0,0,270,3,0,0
0,28.26472,0,0,0,270,3,0,0
0,28.27518,0,0,0,270,3,0,0
0,28.28386,0,0,0,270,3,0,0
0,28.29375,0,0,0,270,3,0,0
0,28.30509,0,0,0,270,3,0,0
0,28.31688,0,0,0,270,3,0,0
0,28.32709,0,0,0,270,3,0,0
0,28.33623,0,0,0,270,3,0,0
0,28.34527,0,0,0,270,3,0,0
0,28.35378,0,0,0,270,3,0,0
0,28.36244,0,0,0,270,3,0,0
0,28.37142,0,0,0,270,3,0,0
0,28.38081,0,0,0,270,3,0,0
0,28.38941,0,0,0,270,3,0,0
0,28.39921,0,0,0,270,3,0,0
0,28.40854,0,0,0,270,3,0,0
0,28.41706,0,0,0,270,3,0,0
0,28.4309,0,0,0,270,3,0,0
0,28.43947,0,0,0,270,3,0,0
0,28.4483,0,0,0,270,3,0,0
0,28.45832,0,0,0,270,3,0,0
0,28.46679,0,0,0,270,3,0,0
0,28.47585,0,0,0,270,3,0,0
0,28.48707,0,0,0,270,3,0,0
0,28.4984,0,0,0,270,3,0,0
0,28.50997,0,0,0,270,3,0,0
0,28.52096,0,0,0,270,3,0,0
0,28.5326,0,0,0,270,3,0,0
0,28.54427,0,0,0,270,3,0,0
0,28.55494,0,0,0,270,3,0,0
0,28.56455,0,0,0,270,3,0,0
0,28.57462,0,0,0,270,3,0,0
0,28.5895,0,0,0,270,3,0,0
0,28.60129,0,0,0,270,3,0,0
0,28.61408,0,0,0,270,3,0,0
0,28.6282,0,0,0,270,3,0,0
0,28.64061,0,0,0,270,3,0,0
0,28.65345,0,0,0,270,3,0,0
0,28.66795,0,0,0,270,3,0,0
0,28.68074,0,0,0,270,3,0,0
0,28.69618,0,0,0,270,3,0,0
0,28.71083,0,0,0,270,3,0,0
0,28.72351,0,0,0,270,3,0,0
0,28.73663,0,0,0,270,3,0,0
0,28.7492,0,0,0,270,3,0,0
0,28.76122,0,0,0,270,3,0,0
0,28.77535,0,0,0,270,3,0,0
0,28.78796,0,0,0,270,3,0,0
0,28.8001,0,0,0,270,3,0,0
0,28.81225,0,0,0,270,3,0,0
0,28.82386,0,0,0,270,3,0,0
0,28.83505,0,0,0,270,3,0,0
0,28.84631,0,0,0,270,3,0,0
0,28.85744,0,0,0,270,3,0,0
0,28.86857,0,0,0,270,3,0,0
0,28.88114,0,0,0,270,3,0,0
0,28.8941,0,0,0,270,3,0,0
0,28.90751,0,0,0,270,3,0,0
0,28.91957,0,0,0,270,3,0,0
0,28.93187,0,0,0,270,3,0,0
0,28.94335,0,0,0,270,3,0,0
0,28.9558,0,0,0,270,3,0,0
0,28.96867,0,0,0,270,3,0,0
0,28.98164,0,0,0,270,3,0,0
0,28.99413,0,0,0,270,3,0,0
0,29.00707,0,0,0,270,3,0,0
0,29.02487,0,0,0,270,3,0,0
0,29.03799,0,0,0,270,3,0,0
0,29.0502,0,0,0,270,3,0,0
0,29.06468,0,0,0,270,3,0,0
0,29.0821,0,0,0,270,3,0,0
0,29.09546,0,0,0,270,3,0,0
0,29.10861,0,0,0,270,3,0,0
0,29.12034,0,0,0,270,3,0,0
0,29.13407,0,0,0,270,3,0,0
0,29.14684,0,0,0,270,3,0,0
0,29.15722,0,0,0,270,3,0,0
0,29.16836,0,0,0,270,3,0,0
0,29.18,0,0,0,270,3,0,0
0,29.19272,0,0,0,270,3,0,0
0,29.2031,0,0,0,270,3,0,0
0,29.21274,0,0,0,270,3,0,0
0,29.22259,0,0,0,270,3,0,0
0,29.23215,0,0,0,270,3,0,0
0,29.24237,0,0,0,270,3,0,0
0,29.253,0,0,0,270,3,0,0
0,29.26192,0,0,0,270,3,0,0
0,29.27181,0,0,0,270,3,0,0
0,29.28279,0,0,0,270,3,0,0
0,29.29272,0,0,0,270,3,0,0
0,29.30195,0,0,0,270,3,0,0
0,29.31271,0,0,0,270,3,0,0
0,29.32398,0,0,0,270,3,0,0
0,29.33467,0,0,0,270,3,0,0
0,29.34513,0,0,0,270,3,0,0
0,29.35546,0,0,0,270,3,0,0
0,29.36539,0,0,0,270,3,0,0
0,29.37506,0,0,0,270,3,0,0
0,29.38412,0,0,0,270,3,0,0
0,29.394,0,0,0,270,3,0,0
0,29.4031,0,0,0,270,3,0,0
0,29.4125,0,0,0,270,3,0,0
0,29.42084,0,0,0,270,3,0,0
0,29.4289,0,0,0,270,3,0,0
0,29.44253,0,0,0,270,3,0,0
0,29.45514,0,0,0,270,3,0,0
0,29.47325,0,0,0,270,3,0,0
0,29.48166,0,0,0,270,3,0,0
0,29.49105,0,0,0,270,3,0,0
0,29.50052,0,0,0,270,3,0,0
0,29.50979,0,0,0,270,3,0,0
0,29.51882,0,0,0,270,3,0,0
0,29.5287,0,0,0,270,3,0,0
0,29.53701,0,0,0,270,3,0,0
0,29.54595,0,0,0,270,3,0,0
0,29.55532,0,0,0,270,3,0,0
0,29.56373,0,0,0,270,3,0,0
0,29.57235,0,0,0,270,3,0,0
0,29.58111,0,0,0,270,3,0,0
0,29.59017,0,0,0,270,3,0,0
0,29.5998,0,0,0,270,3,0,0
0,29.60949,0,0,0,270,3,0,0
0,29.61991,0,0,0,270,3,0,0
0,29.63072,0,0,0,270,3,0,0
0,29.63967,0,0,0,270,3,0,0
0,29.64916,0,0,0,270,3,0,0
0,29.65824,0,0,0,270,3,0,0
0,29.66717,0,0,0,270,3,0,0
0,29.67638,0,0,0,270,3,0,0
0,29.68637,0,0,0,270,3,0,0
0,29.69704,0,0,0,270,3,0,0
0,29.70687,0,0,0,270,3,0,0
0,29.72127,0,0,0,270,3,0,0
0,29.73517,0,0,0,270,3,0,0
0,29.7478,0,0,0,270,3,0,0
0,29.75846,0,0,0,270,3,0,0
0,29.76872,0,0,0,270,3,0,0
0,29.78016,0,0,0,270,3,0,0
0,29.7918,0,0,0,270,3,0,0
0,29.80615,0,0,0,270,3,0,0
0,29.82271,0,0,0,270,3,0,0
0,29.83721,0,0,0,270,3,0,0
0,29.85007,0,0,0,270,3,0,0
0,29.86199,0,0,0,270,3,0,0
0,29.87698,0,0,0,270,3,0,0
0,29.89122,0,0,0,270,3,0,0
0,29.90605,0,0,0,270,3,0,0
0,29.9185,0,0,0,270,3,0,0
0,29.9332,0,0,0,270,3,0,0
0,29.94776,0,0,0,270,3,0,0
0,29.96236,0,0,0,270,3,0,0
0,29.97722,0,0,0,270,3,0,0
0,29.98929,0,0,0,270,3,0,0
0,30.00362,0,0,0,270,3,0,0
0,30.016,0,0,0,270,3,0,0
0,30.02989,0,0,0,270,3,0,0
0,30.0435,0,0,0,270,3,0,0
0,30.05671,0,0,0,270,3,0,0
0,30.06852,0,0,0,270,3,0,0
0,30.08297,0,0,0,270,3,0,0
0,30.09635,0,0,0,270,3,0,0
0,30.10782,0,0,0,270,3,0,0
0,30.12044,0,0,0,270,3,0,0
0,30.13341,0,0,0,270,3,0,0
0,30.14585,0,0,0,270,3,0,0
0,30.15933,0,0,0,270,3,0,0
0,30.17073,0,0,0,270,3,0,0
0,30.18233,0,0,0,270,3,0,0
0,30.19478,0,0,0,270,3,0,0
0,30.20916,0,0,0,270,3,0,0
0,30.22106,0,0,0,270,3,0,0
0,30.23412,0,0,0,270,3,0,0
0,30.24674,0,0,0,270,3,0,0
0,30.26198,0,0,0,270,3,0,0
0,30.27601,0,0,0,270,3,0,0
0,30.28815,0,0,0,270,3,0,0
0,30.30164,0,0,0,270,3,0,0
0,30.31663,0,0,0,270,3,0,0
0,30.32805,0,0,0,270,3,0,0
0,30.34012,0,0,0,270,3,0,0
0,30.35189,0,0,0,270,3,0,0
0,30.36306,0,0,0,270,3,0,0
0,30.37396,0,0,0,270,3,0,0
0,30.38364,0,0,0,270,3,0,0
0,30.39313,0,0,0,270,3,0,0
0,30.40249,0,0,0,270,3,0,0
0,30.4117,0,0,0,270,3,0,0
0,30.41962,0,0,0,270,3,0,0
0,30.42824,0,0,0,270,3,0,0
0,30.43674,0,0,0,270,3,0,0
0,30.44515,0,0,0,270,3,0,0
0,30.45486,0,0,0,270,3,0,0
0,30.46491,0,0,0,270,3,0,0
0,30.4747,0,0,0,270,3,0,0
0,30.48434,0,0,0,270,3,0,0
0,30.49472,0,0,0,270,3,0,0
0,30.50386,0,0,0,270,3,0,0
0,30.51195,0,0,0,270,3,0,0
0,30.52044,0,0,0,270,3,0,0
0,30.52865,0,0,0,270,3,0,0
0,30.53717,0,0,0,270,3,0,0
0,30.54494,0,0,0,270,3,0,0
0,30.55412,0,0,0,270,3,0,0
0,30.56322,0,0,0,270,3,0,0
0,30.5722,0,0,0,270,3,0,0
0,30.5817,0,0,0,270,3,0,0
0,30.59081,0,0,0,270,3,0,0
0,30.60032,0,0,0,270,3,0,0
0,30.60959,0,0,0,270,3,0,0
0,30.61891,0,0,0,270,3,0,0
0,30.62708,0,0,0,270,3,0,0
0,30.6365,0,0,0,270,3,0,0
0,30.64828,0,0,0,270,3,0,0
0,30.65769,0,0,0,270,3,0,0
0,30.66719,0,0,0,270,3,0,0
0,30.67606,0,0,0,270,3,0,0
0,30.68496,0,0,0,270,3,0,0
0,30.69755,0,0,0,270,3,0,0
0,30.70636,0,0,0,270,3,0,0
0,30.71552,0,0,0,270,3,0,0
0,30.72479,0,0,0,270,3,0,0
0,30.73452,0,0,0,270,3,0,0
0,30.74536,0,0,0,270,3,0,0
0,30.75714,0,0,0,270,3,0,0
0,30.7672,0,0,0,270,3,0,0
0,30.77869,0,0,0,270,3,0,0
0,30.78795,0,0,0,270,3,0,0
0,30.79923,0,0,0,270,3,0,0
0,30.81064,0,0,0,270,3,0,0
0,30.82261,0,0,0,270,3,0,0
0,30.83502,0,0,0,270,3,0,0
0,30.84715,0,0,0,270,3,0,0
0,30.85895,0,0,0,270,3,0,0
0,30.86966,0,0,0,270,3,0,0
0,30.88291,0,0,0,270,3,0,0
0,30.89591,0,0,0,270,3,0,0
0,30.91417,0,0,0,270,3,0,0
0,30.9328,0,0,0,270,3,0,0
0,30.94812,0,0,0,270,3,0,0
0,30.96313,0,0,0,270,3,0,0
0,30.9755,0,0,0,270,3,0,0
0,30.9866,0,0,0,270,3,0,0
0,31.00033,0,0,0,270,3,0,0
0,31.0121,0,0,0,270,3,0,0
0,31.02431,0,0,0,270,3,0,0
0,31.037,0,0,0,270,3,0,0
0,31.05066,0,0,0,270,3,0,0
0,31.06206,0,0,0,270,3,0,0
0,31.07774,0,0,0,270,3,0,0
0,31.0909,0,0,0,270,3,0,0
0,31.10432,0,0,0,270,3,0,0
0,31.11707,0,0,0,270,3,0,0
0,31.13166,0,0,0,270,3,0,0
0,31.14507,0,0,0,270,3,0,0
0,31.15602,0,0,0,270,3,0,0
0,31.16868,0,0,0,270,3,0,0
0,31.18206,0,0,0,270,3,0,0
0,31.19496,0,0,0,270,3,0,0
0,31.20798,0,0,0,270,3,0,0
0,31.22163,0,0,0,270,3,0,0
0,31.23601,0,0,0,270,3,0,0
0,31.24851,0,0,0,270,3,0,0
0,31.2616,0,0,0,270,3,0,0
0,31.27439,0,0,0,270,3,0,0
0,31.28747,0,0,0,270,3,0,0
0,31.30037,0,0,0,270,3,0,0
0,31.31284,0,0,0,270,3,0,0
0,31.32611,0,0,0,270,3,0,0
0,31.33913,0,0,0,270,3,0,0
0,31.35189,0,0,0,270,3,0,0
0,31.36471,0,0,0,270,3,0,0
0,31.37705,0,0,0,270,3,0,0
0,31.39077,0,0,0,270,3,0,0
0,31.40362,0,0,0,270,3,0,0
0,31.41998,0,0,0,270,3,0,0
0,31.43315,0,0,0,270,3,0,0
0,31.4461,0,0,0,270,3,0,0
0,31.45839,0,0,0,270,3,0,0
0,31.47175,0,0,0,270,3,0,0
0,31.48734,0,0,0,270,3,0,0
0,31.50075,0,0,0,270,3,0,0
0,31.51482,0,0,0,270,3,0,0
0,31.52842,0,0,0,270,3,0,0
0,31.54328,0,0,0,270,3,0,0
0,31.55619,0,0,0,270,3,0,0
0,31.56946,0,0,0,270,3,0,0
0,31.58166,0,0,0,270,3,0,0
0,31.59242,0,0,0,270,3,0,0
0,31.60366,0,0,0,270,3,0,0
0,31.61465,0,0,0,270,3,0,0
0,31.62334,0,0,0,270,3,0,0
0,31.63376,0,0,0,270,3,0,0
0,31.64384,0,0,0,270,3,0,0
0,31.65559,0,0,0,270,3,0,0
0,31.66908,0,0,0,270,3,0,0
0,31.67976,0,0,0,270,3,0,0
0,31.69053,0,0,0,270,3,0,0
0,31.70095,0,0,0,270,3,0,0
0,31.71132,0,0,0,270,3,0,0
0,31.7238,0,0,0,270,3,0,0
0,31.73369,0,0,0,270,3,0,0
0,31.74332,0,0,0,270,3,0,0
0,31.75278,0,0,0,270,3,0,0
0,31.76435,0,0,0,270,3,0,0
0,31.77613,0,0,0,270,3,0,0
0,31.78764,0,0,0,270,3,0,0
0,31.79528,0,0,0,270,3,0,0
0,31.80416,0,0,0,270,3,0,0
0,31.81248,0,0,0,270,3,0,0
0,31.82171,0,0,0,270,3,0,0
0,31.83157,0,0,0,270,3,0,0
0,31.84783,0,0,0,270,3,0,0
0,31.86555,0,0,0,270,3,0,0
0,31.87366,0,0,0,270,3,0,0
0,31.88281,0,0,0,270,3,0,0
0,31.89315,0,0,0,270,3,0,0
0,31.90188,0,0,0,270,3,0,0
0,31.91059,0,0,0,270,3,0,0
0,31.91934,0,0,0,270,3,0,0
0,31.92721,0,0,0,270,3,0,0
0,31.93662,0,0,0,270,3,0,0
0,31.94843,0,0,0,270,3,0,0
0,31.95743,0,0,0,270,3,0,0
0,31.9651,0,0,0,270,3,0,0
0,31.97355,0,0,0,270,3,0,0
0,31.98145,0,0,0,270,3,0,0
0,31.98994,0,0,0,270,3,0,0
0,31.99867,0,0,0,270,3,0,0
0,32.00756,0,0,0,270,3,0,0
0,32.01599,0,0,0,270,3,0,0
0,32.02565,0,0,0,270,3,0,0
0,32.034,0,0,0,270,3,0,0
0,32.04283,0,0,0,270,3,0,0
0,32.05287,0,0,0,270,3,0,0
0,32.06073,0,0,0,270,3,0,0
0,32.07045,0,0,0,270,3,0,0
0,32.08006,0,0,0,270,3,0,0
0,32.09017,0,0,0,270,3,0,0
0,32.09856,0,0,0,270,3,0,0
0,32.10811,0,0,0,270,3,0,0
0,32.11834,0,0,0,270,3,0,0
0,32.13052,0,0,0,270,3,0,0
0,32.14236,0,0,0,270,3,0,0
0,32.15468,0,0,0,270,3,0,0
0,32.1671,0,0,0,270,3,0,0
0,32.17766,0,0,0,270,3,0,0
0,32.18889,0,0,0,270,3,0,0
0,32.2008,0,0,0,270,3,0,0
0,32.21257,0,0,0,270,3,0,0
0,32.22485,0,0,0,270,3,0,0
0,32.23702,0,0,0,270,3,0,0
0,32.24921,0,0,0,270,3,0,0
0,32.26132,0,0,0,270,3,0,0
0,32.27357,0,0,0,270,3,0,0
0,32.2849,0,0,0,270,3,0,0
0,32.29569,0,0,0,270,3,0,0
0,32.30762,0,0,0,270,3,0,0
0,32.32033,0,0,0,270,3,0,0
0,32.33152,0,0,0,270,3,0,0
0,32.34377,0,0,0,270,3,0,0
0,32.3555,0,0,0,270,3,0,0
0,32.36707,0,0,0,270,3,0,0
0,32.37765,0,0,0,270,3,0,0
0,32.38889,0,0,0,270,3,0,0
0,32.40121,0,0,0,270,3,0,0
0,32.41359,0,0,0,270,3,0,0
0,32.42474,0,0,0,270,3,0,0
0,32.43649,0,0,0,270,3,0,0
0,32.44777,0,0,0,270,3,0,0
0,32.45877,0,0,0,270,3,0,0
0,32.46985,0,0,0,270,3,0,0
0,32.48032,0,0,0,270,3,0,0
0,32.4917,0,0,0,270,3,0,0
0,32.50313,0,0,0,270,3,0,0
0,32.51498,0,0,0,270,3,0,0
0,32.52677,0,0,0,270,3,0,0
0,32.53778,0,0,0,270,3,0,0
0,32.55069,0,0,0,270,3,0,0
0,32.56145,0,0,0,270,3,0,0
0,32.57318,0,0,0,270,3,0,0
0,32.58417,0,0,0,270,3,0,0
0,32.59551,0,0,0,270,3,0,0
0,32.6095,0,0,0,270,3,0,0
0,32.62211,0,0,0,270,3,0,0
0,32.63441,0,0,0,270,3,0,0
0,32.64847,0,0,0,270,3,0,0
0,32.66229,0,0,0,270,3,0,0
0,32.67561,0,0,0,270,3,0,0
0,32.68917,0,0,0,270,3,0,0
0,32.70226,0,0,0,270,3,0,0
0,32.71391,0,0,0,270,3,0,0
0,32.72749,0,0,0,270,3,0,0
0,32.73923,0,0,0,270,3,0,0
0,32.75012,0,0,0,270,3,0,0
0,32.76086,0,0,0,270,3,0,0
0,32.77203,0,0,0,270,3,0,0
0,32.78288,0,0,0,270,3,0,0
0,32.79434,0,0,0,270,3,0,0
0,32.80653,0,0,0,270,3,0,0
0,32.81737,0,0,0,270,3,0,0
0,32.82648,0,0,0,270,3,0,0
0,32.83538,0,0,0,270,3,0,0
0,32.84545,0,0,0,270,3,0,0
0,32.85442,0,0,0,270,3,0,0
0,32.86619,0,0,0,270,3,0,0
0,32.87507,0,0,0,270,3,0,0
0,32.88624,0,0,0,270,3,0,0
0,32.89512,0,0,0,270,3,0,0
0,32.90508,0,0,0,270,3,0,0
0,32.91548,0,0,0,270,3,0,0
0,32.92414,0,0,0,270,3,0,0
0,32.93268,0,0,0,270,3,0,0
0,32.94229,0,0,0,270,3,0,0
0,32.95166,0,0,0,270,3,0,0
0,32.96173,0,0,0,270,3,0,0
0,32.97288,0,0,0,270,3,0,0
0,32.98286,0,0,0,270,3,0,0
0,32.99247,0,0,0,270,3,0,0
0,33.001,0,0,0,270,3,0,0
0,33.01046,0,0,0,270,3,0,0
0,33.01875,0,0,0,270,3,0,0
0,33.02705,0,0,0,270,3,0,0
0,33.0354,0,0,0,270,3,0,0
0,33.04545,0,0,0,270,3,0,0
0,33.05544,0,0,0,270,3,0,0
0,33.06603,0,0,0,270,3,0,0
0,33.07607,0,0,0,270,3,0,0
0,33.08618,0,0,0,270,3,0,0
0,33.09645,0,0,0,270,3,0,0
0,33.10488,0,0,0,270,3,0,0
0,33.1133,0,0,0,270,3,0,0
0,33.12566,0,0,0,270,3,0,0
0,33.13623,0,0,0,270,3,0,0
0,33.14653,0,0,0,270,3,0,0
0,33.15627,0,0,0,270,3,0,0
0,33.16581,0,0,0,270,3,0,0
0,33.17511,0,0,0,270,3,0,0
0,33.18327,0,0,0,270,3,0,0
0,33.19198,0,0,0,270,3,0,0
0,33.2024,0,0,0,270,3,0,0
0,33.21183,0,0,0,270,3,0,0
0,33.2207,0,0,0,270,3,0,0
0,33.23343,0,0,0,270,3,0,0
0,33.24406,0,0,0,270,3,0,0
0,33.25632,0,0,0,270,3,0,0
0,33.26649,0,0,0,270,3,0,0
0,33.27738,0,0,0,270,3,0,0
0,33.28743,0,0,0,270,3,0,0
0,33.29477,0,0,0,270,3,0,0
0,33.3056,0,0,0,270,3,0,0
0,33.31658,0,0,0,270,3,0,0
0,33.32821,0,0,0,270,3,0,0
0,33.33929,0,0,0,270,3,0,0
0,33.35129,0,0,0,270,3,0,0
0,33.36309,0,0,0,270,3,0,0
0,33.37217,0,0,0,270,3,0,0
0,33.38433,0,0,0,270,3,0,0
0,33.39467,0,0,0,270,3,0,0
0,33.40535,0,0,0,270,3,0,0
0,33.4188,0,0,0,270,3,0,0
0,33.43427,0,0,0,270,3,0,0
0,33.4484,0,0,0,270,3,0,0
0,33.45942,0,0,0,270,3,0,0
0,33.47154,0,0,0,270,3,0,0
0,33.48355,0,0,0,270,3,0,0
0,33.49473,0,0,0,270,3,0,0
0,33.50558,0,0,0,270,3,0,0
0,33.519,0,0,0,270,3,0,0
0,33.53285,0,0,0,270,3,0,0
0,33.54821,0,0,0,270,3,0,0
0,33.5606,0,0,0,270,3,0,0
0,33.57174,0,0,0,270,3,0,0
0,33.583,0,0,0,270,3,0,0
0,33.59416,0,0,0,270,3,0,0
0,33.60711,0,0,0,270,3,0,0
0,33.61819,0,0,0,270,3,0,0
0,33.62979,0,0,0,270,3,0,0
0,33.64291,0,0,0,270,3,0,0
0,33.65508,0,0,0,270,3,0,0
0,33.66716,0,0,0,270,3,0,0
0,33.68072,0,0,0,270,3,0,0
0,33.69215,0,0,0,270,3,0,0
0,33.70417,0,0,0,270,3,0,0
0,33.71852,0,0,0,270,3,0,0
0,33.73235,0,0,0,270,3,0,0
0,33.74418,0,0,0,270,3,0,0
0,33.75609,0,0,0,270,3,0,0
0,33.76682,0,0,0,270,3,0,0
0,33.77871,0,0,0,270,3,0,0
0,33.79136,0,0,0,270,3,0,0
0,33.80517,0,0,0,270,3,0,0
0,33.82083,0,0,0,270,3,0,0
0,33.83741,0,0,0,270,3,0,0
0,33.85023,0,0,0,270,3,0,0
0,33.86242,0,0,0,270,3,0,0
0,33.87624,0,0,0,270,3,0,0
0,33.89302,0,0,0,270,3,0,0
0,33.91093,0,0,0,270,3,0,0
0,33.92366,0,0,0,270,3,0,0
0,33.93501,0,0,0,270,3,0,0
0,33.94682,0,0,0,270,3,0,0
0,33.95827,0,0,0,270,3,0,0
0,33.96984,0,0,0,270,3,0,0
0,33.98153,0,0,0,270,3,0,0
0,33.99363,0,0,0,270,3,0,0
0,34.00596,0,0,0,270,3,0,0
0,34.01551,0,0,0,270,3,0,0
0,34.02529,0,0,0,270,3,0,0
0,34.03469,0,0,0,270,3,0,0
0,34.0426,0,0,0,270,3,0,0
0,34.0513,0,0,0,270,3,0,0
0,34.05951,0,0,0,270,3,0,0
0,34.06922,0,0,0,270,3,0,0
0,34.07799,0,0,0,270,3,0,0
0,34.08821,0,0,0,270,3,0,0
0,34.09765,0,0,0,270,3,0,0
0,34.10641,0,0,0,270,3,0,0
0,34.1164,0,0,0,270,3,0,0
0,34.12613,0,0,0,270,3,0,0
0,34.14185,0,0,0,270,3,0,0
0,34.15785,0,0,0,270,3,0,0
0,34.16722,0,0,0,270,3,0,0
0,34.1783,0,0,0,270,3,0,0
0,34.18836,0,0,0,270,3,0,0
0,34.19758,0,0,0,270,3,0,0
0,34.20678,0,0,0,270,3,0,0
0,34.21519,0,0,0,270,3,0,0
0,34.22519,0,0,0,270,3,0,0
0,34.23515,0,0,0,270,3,0,0
0,34.24439,0,0,0,270,3,0,0
0,34.25394,0,0,0,270,3,0,0
0,34.26411,0,0,0,270,3,0,0
0,34.27341,0,0,0,270,3,0,0
0,34.28217,0,0,0,270,3,0,0
0,34.29274,0,0,0,270,3,0,0
0,34.30381,0,0,0,270,3,0,0
0,34.31401,0,0,0,270,3,0,0
0,34.32417,0,0,0,270,3,0,0
0,34.33345,0,0,0,270,3,0,0
0,34.342,0,0,0,270,3,0,0
0,34.35134,0,0,0,270,3,0,0
0,34.3599,0,0,0,270,3,0,0
0,34.36835,0,0,0,270,3,0,0
0,34.3764,0,0,0,270,3,0,0
0,34.38445,0,0,0,270,3,0,0
0,34.39282,0,0,0,270,3,0,0
0,34.40147,0,0,0,270,3,0,0
0,34.41074,0,0,0,270,3,0,0
0,34.41833,0,0,0,270,3,0,0
0,34.42712,0,0,0,270,3,0,0
0,34.43478,0,0,0,270,3,0,0
0,34.4442,0,0,0,270,3,0,0
0,34.45337,0,0,0,270,3,0,0
0,34.4626,0,0,0,270,3,0,0
0,34.4734,0,0,0,270,3,0,0
0,34.48179,0,0,0,270,3,0,0
0,34.49181,0,0,0,270,3,0,0
0,34.50067,0,0,0,270,3,0,0
0,34.50953,0,0,0,270,3,0,0
0,34.51949,0,0,0,270,3,0,0
0,34.52764,0,0,0,270,3,0,0
0,34.53971,0,0,0,270,3,0,0
0,34.55068,0,0,0,270,3,0,0
0,34.56095,0,0,0,270,3,0,0
0,34.57435,0,0,0,270,3,0,0
0,34.58773,0,0,0,270,3,0,0
0,34.6009,0,0,0,270,3,0,0
0,34.61177,0,0,0,270,3,0,0
0,34.62188,0,0,0,270,3,0,0
0,34.63297,0,0,0,270,3,0,0
0,34.64549,0,0,0,270,3,0,0
0,34.65652,0,0,0,270,3,0,0
0,34.66952,0,0,0,270,3,0,0
0,34.68187,0,0,0,270,3,0,0
0,34.69435,0,0,0,270,3,0,0
0,34.70661,0,0,0,270,3,0,0
0,34.71854,0,0,0,270,3,0,0
0,34.73102,0,0,0,270,3,0,0
0,34.74617,0,0,0,270,3,0,0
0,34.75916,0,0,0,270,3,0,0
0,34.77156,0,0,0,270,3,0,0
0,34.78389,0,0,0,270,3,0,0
0,34.79633,0,0,0,270,3,0,0
0,34.80765,0,0,0,270,3,0,0
0,34.81819,0,0,0,270,3,0,0
0,34.83077,0,0,0,270,3,0,0
0,34.84481,0,0,0,270,3,0,0
0,34.85875,0,0,0,270,3,0,0
0,34.87154,0,0,0,270,3,0,0
0,34.88502,0,0,0,270,3,0,0
0,34.89784,0,0,0,270,3,0,0
0,34.91193,0,0,0,270,3,0,0
0,34.92578,0,0,0,270,3,0,0
0,34.93767,0,0,0,270,3,0,0
0,34.95126,0,0,0,270,3,0,0
0,34.96281,0,0,0,270,3,0,0
0,34.97515,0,0,0,270,3,0,0
0,34.98828,0,0,0,270,3,0,0
0,35.00005,0,0,0,270,3,0,0
0,35.01063,0,0,0,270,3,0,0
0,35.02434,0,0,0,270,3,0,0
0,35.03857,0,0,0,270,3,0,0
0,35.05421,0,0,0,270,3,0,0
0,35.0659,0,0,0,270,3,0,0
0,35.0791,0,0,0,270,3,0,0
0,35.09201,0,0,0,270,3,0,0
0,35.10591,0,0,0,270,3,0,0
0,35.12101,0,0,0,270,3,0,0
0,35.13405,0,0,0,270,3,0,0
0,35.1468,0,0,0,270,3,0,0
0,35.1628,0,0,0,270,3,0,0
0,35.17521,0,0,0,270,3,0,0
0,35.18577,0,0,0,270,3,0,0
0,35.19548,0,0,0,270,3,0,0
0,35.20816,0,0,0,270,3,0,0
0,35.21682,0,0,0,270,3,0,0
0,35.22707,0,0,0,270,3,0,0
0,35.23723,0,0,0,270,3,0,0
0,35.24802,0,0,0,270,3,0,0
0,35.25964,0,0,0,270,3,0,0
0,35.26903,0,0,0,270,3,0,0
0,35.27795,0,0,0,270,3,0,0
0,35.28841,0,0,0,270,3,0,0
0,35.29803,0,0,0,270,3,0,0
0,35.30878,0,0,0,270,3,0,0
0,35.3194,0,0,0,270,3,0,0
0,35.32824,0,0,0,270,3,0,0
0,35.33679,0,0,0,270,3,0,0
0,35.34692,0,0,0,270,3,0,0
0,35.35602,0,0,0,270,3,0,0
0,35.36597,0,0,0,270,3,0,0
0,35.37569,0,0,0,270,3,0,0
0,35.38383,0,0,0,270,3,0,0
0,35.39285,0,0,0,270,3,0,0
0,35.40085,0,0,0,270,3,0,0
0,35.41087,0,0,0,270,3,0,0
0,35.41929,0,0,0,270,3,0,0
0,35.42735,0,0,0,270,3,0,0
0,35.436,0,0,0,270,3,0,0
0,35.44513,0,0,0,270,3,0,0
0,35.4549,0,0,0,270,3,0,0
0,35.46418,0,0,0,270,3,0,0
0,35.47459,0,0,0,270,3,0,0
0,35.48404,0,0,0,270,3,0,0
0,35.49334,0,0,0,270,3,0,0
0,35.50142,0,0,0,270,3,0,0
0,35.51109,0,0,0,270,3,0,0
0,35.51949,0,0,0,270,3,0,0
0,35.52739,0,0,0,270,3,0,0
0,35.53575,0,0,0,270,3,0,0
0,35.54443,0,0,0,270,3,0,0
0,35.55386,0,0,0,270,3,0,0
0,35.5615,0,0,0,270,3,0,0
0,35.57039,0,0,0,270,3,0,0
0,35.57897,0,0,0,270,3,0,0
0,35.58876,0,0,0,270,3,0,0
0,35.59916,0,0,0,270,3,0,0
0,35.60667,0,0,0,270,3,0,0
0,35.61644,0,0,0,270,3,0,0
0,35.62609,0,0,0,270,3,0,0
0,35.6348,0,0,0,270,3,0,0
0,35.64364,0,0,0,270,3,0,0
0,35.6531,0,0,0,270,3,0,0
0,35.66174,0,0,0,270,3,0,0
0,35.6711,0,0,0,270,3,0,0
0,35.68093,0,0,0,270,3,0,0
0,35.68955,0,0,0,270,3,0,0
0,35.69935,0,0,0,270,3,0,0
0,35.70918,0,0,0,270,3,0,0
0,35.7173,0,0,0,270,3,0,0
0,35.72628,0,0,0,270,3,0,0
0,35.7347,0,0,0,270,3,0,0
0,35.74522,0,0,0,270,3,0,0
0,35.75621,0,0,0,270,3,0,0
0,35.76918,0,0,0,270,3,0,0
0,35.78065,0,0,0,270,3,0,0
0,35.79242,0,0,0,270,3,0,0
0,35.80414,0,0,0,270,3,0,0
0,35.81409,0,0,0,270,3,0,0
0,35.8246,0,0,0,270,3,0,0
0,35.83411,0,0,0,270,3,0,0
0,35.84431,0,0,0,270,3,0,0
0,35.85702,0,0,0,270,3,0,0
0,35.87233,0,0,0,270,3,0,0
0,35.89054,0,0,0,270,3,0,0
0,35.90552,0,0,0,270,3,0,0
0,35.92014,0,0,0,270,3,0,0
0,35.93439,0,0,0,270,3,0,0
0,35.94965,0,0,0,270,3,0,0
0,35.96338,0,0,0,270,3,0,0
0,35.97875,0,0,0,270,3,0,0
0,35.99163,0,0,0,270,3,0,0
0,36.00525,0,0,0,270,3,0,0
0,36.01941,0,0,0,270,3,0,0
0,36.0318,0,0,0,270,3,0,0
0,36.04515,0,0,0,270,3,0,0
0,36.05981,0,0,0,270,3,0,0
0,36.07284,0,0,0,270,3,0,0
0,36.0844,0,0,0,270,3,0,0
0,36.096,0,0,0,270,3,0,0
0,36.10867,0,0,0,270,3,0,0
0,36.122,0,0,0,270,3,0,0
0,36.13661,0,0,0,270,3,0,0
0,36.14985,0,0,0,270,3,0,0
0,36.16181,0,0,0,270,3,0,0
0,36.17504,0,0,0,270,3,0,0
0,36.18807,0,0,0,270,3,0,0
0,36.20151,0,0,0,270,3,0,0
0,36.21426,0,0,0,270,3,0,0
0,36.22699,0,0,0,270,3,0,0
0,36.24104,0,0,0,270,3,0,0
0,36.25389,0,0,0,270,3,0,0
0,36.26789,0,0,0,270,3,0,0
0,36.28163,0,0,0,270,3,0,0
0,36.29964,0,0,0,270,3,0,0
0,36.31418,0,0,0,270,3,0,0
0,36.33031,0,0,0,270,3,0,0
0,36.34536,0,0,0,270,3,0,0
0,36.35852,0,0,0,270,3,0,0
0,36.37089,0,0,0,270,3,0,0
0,36.38475,0,0,0,270,3,0,0
0,36.39935,0,0,0,270,3,0,0
0,36.41266,0,0,0,270,3,0,0
0,36.4274,0,0,0,270,3,0,0
0,36.44053,0,0,0,270,3,0,0
0,36.45531,0,0,0,270,3,0,0
0,36.47001,0,0,0,270,3,0,0
0,36.4882,0,0,0,270,3,0,0
0,36.5091,0,0,0,270,3,0,0
0,36.52032,0,0,0,270,3,0,0
0,36.5295,0,0,0,270,3,0,0
0,36.54089,0,0,0,270,3,0,0
0,36.55051,0,0,0,270,3,0,0
0,36.56008,0,0,0,270,3,0,0
0,36.56997,0,0,0,270,3,0,0
0,36.58016,0,0,0,270,3,0,0
0,36.59042,0,0,0,270,3,0,0
0,36.60126,0,0,0,270,3,0,0
0,36.61285,0,0,0,270,3,0,0
0,36.62332,0,0,0,270,3,0,0
0,36.63594,0,0,0,270,3,0,0
0,36.64678,0,0,0,270,3,0,0
0,36.65629,0,0,0,270,3,0,0
0,36.66696,0,0,0,270,3,0,0
0,36.67712,0,0,0,270,3,0,0
0,36.68634,0,0,0,270,3,0,0
0,36.69797,0,0,0,270,3,0,0
0,36.70835,0,0,0,270,3,0,0
0,36.71951,0,0,0,270,3,0,0
0,36.73117,0,0,0,270,3,0,0
0,36.74217,0,0,0,270,3,0,0
0,36.75151,0,0,0,270,3,0,0
0,36.76165,0,0,0,270,3,0,0
0,36.77391,0,0,0,270,3,0,0
0,36.78634,0,0,0,270,3,0,0
0,36.79504,0,0,0,270,3,0,0
0,36.8056,0,0,0,270,3,0,0
0,36.81462,0,0,0,270,3,0,0
0,36.82582,0,0,0,270,3,0,0
0,36.83688,0,0,0,270,3,0,0
0,36.84774,0,0,0,270,3,0,0
0,36.85677,0,0,0,270,3,0,0
0,36.86602,0,0,0,270,3,0,0
0,36.87544,0,0,0,270,3,0,0
0,36.8862,0,0,0,270,3,0,0
0,36.89685,0,0,0,270,3,0,0
0,36.90701,0,0,0,270,3,0,0
0,36.91714,0,0,0,270,3,0,0
0,36.92704,0,0,0,270,3,0,0
0,36.93586,0,0,0,270,3,0,0
0,36.94554,0,0,0,270,3,0,0
0,36.9557,0,0,0,270,3,0,0
0,36.96653,0,0,0,270,3,0,0
0,36.97763,0,0,0,270,3,0,0
0,36.98852,0,0,0,270,3,0,0
0,36.99802,0,0,0,270,3,0,0
0,37.01033,0,0,0,270,3,0,0
0,37.0231,0,0,0,270,3,0,0
0,37.03452,0,0,0,270,3,0,0
0,37.04715,0,0,0,270,3,0,0
0,37.06032,0,0,0,270,3,0,0
0,37.07619,0,0,0,270,3,0,0
0,37.0888,0,0,0,270,3,0,0
0,37.09989,0,0,0,270,3,0,0
0,37.11105,0,0,0,270,3,0,0
0,37.12292,0,0,0,270,3,0,0
0,37.13407,0,0,0,270,3,0,0
0,37.14592,0,0,0,270,3,0,0
0,37.15883,0,0,0,270,3,0,0
0,37.17234,0,0,0,270,3,0,0
0,37.18513,0,0,0,270,3,0,0
0,37.19868,0,0,0,270,3,0,0
0,37.2121,0,0,0,270,3,0,0
0,37.22917,0,0,0,270,3,0,0
0,37.24321,0,0,0,270,3,0,0
0,37.25739,0,0,0,270,3,0,0
0,37.27189,0,0,0,270,3,0,0
0,37.28685,0,0,0,270,3,0,0
0,37.29845,0,0,0,270,3,0,0
0,37.31244,0,0,0,270,3,0,0
0,37.32628,0,0,0,270,3,0,0
0,37.34033,0,0,0,270,3,0,0
0,37.35344,0,0,0,270,3,0,0
0,37.36776,0,0,0,270,3,0,0
0,37.3798,0,0,0,270,3,0,0
0,37.39193,0,0,0,270,3,0,0
0,37.40384,0,0,0,270,3,0,0
0,37.41493,0,0,0,270,3,0,0
0,37.42631,0,0,0,270,3,0,0
0,37.43932,0,0,0,270,3,0,0
0,37.45128,0,0,0,270,3,0,0
0,37.46399,0,0,0,270,3,0,0
0,37.47687,0,0,0,270,3,0,0
0,37.49016,0,0,0,270,3,0,0
0,37.50246,0,0,0,270,3,0,0
0,37.51449,0,0,0,270,3,0,0
0,37.52889,0,0,0,270,3,0,0
0,37.54294,0,0,0,270,3,0,0
0,37.55752,0,0,0,270,3,0,0
0,37.5708,0,0,0,270,3,0,0
0,37.58322,0,0,0,270,3,0,0
0,37.59685,0,0,0,270,3,0,0
0,37.61148,0,0,0,270,3,0,0
0,37.62547,0,0,0,270,3,0,0
0,37.64074,0,0,0,270,3,0,0
0,37.65594,0,0,0,270,3,0,0
0,37.66884,0,0,0,270,3,0,0
0,37.68228,0,0,0,270,3,0,0
0,37.69553,0,0,0,270,3,0,0
0,37.70897,0,0,0,270,3,0,0
0,37.72182,0,0,0,270,3,0,0
0,37.73441,0,0,0,270,3,0,0
0,37.74479,0,0,0,270,3,0,0
0,37.7558,0,0,0,270,3,0,0
0,37.76604,0,0,0,270,3,0,0
0,37.77596,0,0,0,270,3,0,0
0,37.78473,0,0,0,270,3,0,0
0,37.79485,0,0,0,270,3,0,0
0,37.80587,0,0,0,270,3,0,0
0,37.81584,0,0,0,270,3,0,0
0,37.82395,0,0,0,270,3,0,0
0,37.83321,0,0,0,270,3,0,0
0,37.84262,0,0,0,270,3,0,0
0,37.85163,0,0,0,270,3,0,0
0,37.86034,0,0,0,270,3,0,0
0,37.86953,0,0,0,270,3,0,0
0,37.87982,0,0,0,270,3,0,0
0,37.89018,0,0,0,270,3,0,0
0,37.90017,0,0,0,270,3,0,0
0,37.90976,0,0,0,270,3,0,0
0,37.91972,0,0,0,270,3,0,0
0,37.93071,0,0,0,270,3,0,0
0,37.93935,0,0,0,270,3,0,0
0,37.94863,0,0,0,270,3,0,0
0,37.95767,0,0,0,270,3,0,0
0,37.96671,0,0,0,270,3,0,0
0,37.9762,0,0,0,270,3,0,0
0,37.98603,0,0,0,270,3,0,0
0,37.99605,0,0,0,270,3,0,0
0,38.00671,0,0,0,270,3,0,0
0,38.01605,0,0,0,270,3,0,0
0,38.02522,0,0,0,270,3,0,0
0,38.03447,0,0,0,270,3,0,0
0,38.04324,0,0,0,270,3,0,0
0,38.05281,0,0,0,270,3,0,0
0,38.06196,0,0,0,270,3,0,0
0,38.07097,0,0,0,270,3,0,0
0,38.07965,0,0,0,270,3,0,0
0,38.08929,0,0,0,270,3,0,0
0,38.09989,0,0,0,270,3,0,0
0,38.10813,0,0,0,270,3,0,0
0,38.11668,0,0,0,270,3,0,0
0,38.12514,0,0,0,270,3,0,0
0,38.1343,0,0,0,270,3,0,0
0,38.14253,0,0,0,270,3,0,0
0,38.15108,0,0,0,270,3,0,0
0,38.16156,0,0,0,270,3,0,0
0,38.17062,0,0,0,270,3,0,0
0,38.18005,0,0,0,270,3,0,0
0,38.18972,0,0,0,270,3,0,0
0,38.20014,0,0,0,270,3,0,0
0,38.21039,0,0,0,270,3,0,0
0,38.22054,0,0,0,270,3,0,0
0,38.23001,0,0,0,270,3,0,0
0,38.23938,0,0,0,270,3,0,0
0,38.24983,0,0,0,270,3,0,0
0,38.26152,0,0,0,270,3,0,0
0,38.27227,0,0,0,270,3,0,0
0,38.28704,0,0,0,270,3,0,0
0,38.30074,0,0,0,270,3,0,0
0,38.31276,0,0,0,270,3,0,0
0,38.32585,0,0,0,270,3,0,0
0,38.33878,0,0,0,270,3,0,0
0,38.35099,0,0,0,270,3,0,0
0,38.3644,0,0,0,270,3,0,0
0,38.37667,0,0,0,270,3,0,0
0,38.3915,0,0,0,270,3,0,0
0,38.40588,0,0,0,270,3,0,0
0,38.41887,0,0,0,270,3,0,0
0,38.43299,0,0,0,270,3,0,0
0,38.44591,0,0,0,270,3,0,0
0,38.45892,0,0,0,270,3,0,0
0,38.47079,0,0,0,270,3,0,0
0,38.48422,0,0,0,270,3,0,0
0,38.49911,0,0,0,270,3,0,0
0,38.5133,0,0,0,270,3,0,0
0,38.52734,0,0,0,270,3,0,0
0,38.5428,0,0,0,270,3,0,0
0,38.55644,0,0,0,270,3,0,0
0,38.57092,0,0,0,270,3,0,0
0,38.58361,0,0,0,270,3,0,0
0,38.59474,0,0,0,270,3,0,0
0,38.60698,0,0,0,270,3,0,0
0,38.61875,0,0,0,270,3,0,0
0,38.63059,0,0,0,270,3,0,0
0,38.64407,0,0,0,270,3,0,0
0,38.65699,0,0,0,270,3,0,0
0,38.67014,0,0,0,270,3,0,0
0,38.68169,0,0,0,270,3,0,0
0,38.69335,0,0,0,270,3,0,0
0,38.7051,0,0,0,270,3,0,0
0,38.71651,0,0,0,270,3,0,0
0,38.72821,0,0,0,270,3,0,0
0,38.73977,0,0,0,270,3,0,0
0,38.75217,0,0,0,270,3,0,0
0,38.76526,0,0,0,270,3,0,0
0,38.77872,0,0,0,270,3,0,0
0,38.79132,0,0,0,270,3,0,0
0,38.80476,0,0,0,270,3,0,0
0,38.82304,0,0,0,270,3,0,0
0,38.83743,0,0,0,270,3,0,0
0,38.84971,0,0,0,270,3,0,0
0,38.861,0,0,0,270,3,0,0
0,38.87397,0,0,0,270,3,0,0
0,38.88863,0,0,0,270,3,0,0
0,38.90271,0,0,0,270,3,0,0
0,38.92458,0,0,0,270,3,0,0
0,38.95168,0,0,0,270,3,0,0
0,38.96742,0,0,0,270,3,0,0
0,38.98154,0,0,0,270,3,0,0
0,38.99439,0,0,0,270,3,0,0
0,39.0092,0,0,0,270,3,0,0
0,39.01918,0,0,0,270,3,0,0
0,39.02816,0,0,0,270,3,0,0
0,39.03854,0,0,0,270,3,0,0
0,39.04728,0,0,0,270,3,0,0
0,39.05634,0,0,0,270,3,0,0
0,39.06726,0,0,0,270,3,0,0
0,39.07723,0,0,0,270,3,0,0
0,39.08844,0,0,0,270,3,0,0
0,39.09945,0,0,0,270,3,0,0
0,39.10844,0,0,0,270,3,0,0
0,39.11938,0,0,0,270,3,0,0
0,39.13017,0,0,0,270,3,0,0
0,39.13894,0,0,0,270,3,0,0
0,39.14771,0,0,0,270,3,0,0
0,39.1564,0,0,0,270,3,0,0
0,39.16679,0,0,0,270,3,0,0
0,39.1757,0,0,0,270,3,0,0
0,39.18422,0,0,0,270,3,0,0
0,39.19298,0,0,0,270,3,0,0
0,39.20271,0,0,0,270,3,0,0
0,39.21233,0,0,0,270,3,0,0
0,39.22243,0,0,0,270,3,0,0
0,39.23191,0,0,0,270,3,0,0
0,39.24161,0,0,0,270,3,0,0
0,39.2505,0,0,0,270,3,0,0
0,39.26001,0,0,0,270,3,0,0
0,39.26941,0,0,0,270,3,0,0
0,39.27861,0,0,0,270,3,0,0
0,39.28892,0,0,0,270,3,0,0
0,39.29728,0,0,0,270,3,0,0
0,39.30832,0,0,0,270,3,0,0
0,39.3177,0,0,0,270,3,0,0
0,39.32746,0,0,0,270,3,0,0
0,39.33696,0,0,0,270,3,0,0
0,39.34575,0,0,0,270,3,0,0
0,39.35575,0,0,0,270,3,0,0
0,39.36547,0,0,0,270,3,0,0
0,39.37316,0,0,0,270,3,0,0
0,39.38516,0,0,0,270,3,0,0
0,39.39565,0,0,0,270,3,0,0
0,39.40531,0,0,0,270,3,0,0
0,39.4165,0,0,0,270,3,0,0
0,39.426,0,0,0,270,3,0,0
0,39.43505,0,0,0,270,3,0,0
0,39.44524,0,0,0,270,3,0,0
0,39.45498,0,0,0,270,3,0,0
0,39.46378,0,0,0,270,3,0,0
0,39.47338,0,0,0,270,3,0,0
0,39.48178,0,0,0,270,3,0,0
0,39.49096,0,0,0,270,3,0,0
0,39.50216,0,0,0,270,3,0,0
0,39.51299,0,0,0,270,3,0,0
0,39.52304,0,0,0,270,3,0,0
0,39.5333,0,0,0,270,3,0,0
0,39.54388,0,0,0,270,3,0,0
0,39.5551,0,0,0,270,3,0,0
0,39.56765,0,0,0,270,3,0,0
0,39.58033,0,0,0,270,3,0,0
0,39.59088,0,0,0,270,3,0,0
0,39.60231,0,0,0,270,3,0,0
0,39.61482,0,0,0,270,3,0,0
0,39.62886,0,0,0,270,3,0,0
0,39.64129,0,0,0,270,3,0,0
0,39.6537,0,0,0,270,3,0,0
0,39.66585,0,0,0,270,3,0,0
0,39.68133,0,0,0,270,3,0,0
0,39.69518,0,0,0,270,3,0,0
0,39.70747,0,0,0,270,3,0,0
0,39.71897,0,0,0,270,3,0,0
0,39.73083,0,0,0,270,3,0,0
0,39.74306,0,0,0,270,3,0,0
0,39.75629,0,0,0,270,3,0,0
0,39.76773,0,0,0,270,3,0,0
0,39.77813,0,0,0,270,3,0,0
0,39.78977,0,0,0,270,3,0,0
0,39.8012,0,0,0,270,3,0,0
0,39.81497,0,0,0,270,3,0,0
0,39.82828,0,0,0,270,3,0,0
0,39.84259,0,0,0,270,3,0,0
0,39.85795,0,0,0,270,3,0,0
0,39.87179,0,0,0,270,3,0,0
0,39.88426,0,0,0,270,3,0,0
0,39.89949,0,0,0,270,3,0,0
0,39.91343,0,0,0,270,3,0,0
0,39.92683,0,0,0,270,3,0,0
0,39.93956,0,0,0,270,3,0,0
0,39.9534,0,0,0,270,3,0,0
0,39.96843,0,0,0,270,3,0,0
0,39.98226,0,0,0,270,3,0,0
0,39.99604,0,0,0,270,3,0,0
0,40.01073,0,0,0,270,3,0,0
0,40.02519,0,0,0,270,3,0,0
0,40.04342,0,0,0,270,3,0,0
0,40.05772,0,0,0,270,3,0,0
0,40.0713,0,0,0,270,3,0,0
0,40.08413,0,0,0,270,3,0,0
0,40.09818,0,0,0,270,3,0,0
0,40.11123,0,0,0,270,3,0,0
0,40.12376,0,0,0,270,3,0,0
0,40.13612,0,0,0,270,3,0,0
0,40.15049,0,0,0,270,3,0,0
0,40.16563,0,0,0,270,3,0,0
0,40.17865,0,0,0,270,3,0,0
0,40.19086,0,0,0,270,3,0,0
0,40.20497,0,0,0,270,3,0,0
0,40.22079,0,0,0,270,3,0,0
0,40.23373,0,0,0,270,3,0,0
0,40.24593,0,0,0,270,3,0,0
0,40.25665,0,0,0,270,3,0,0
0,40.26565,0,0,0,270,3,0,0
0,40.27385,0,0,0,270,3,0,0
0,40.28208,0,0,0,270,3,0,0
0,40.29162,0,0,0,270,3,0,0
0,40.30286,0,0,0,270,3,0,0
0,40.31342,0,0,0,270,3,0,0
0,40.32265,0,0,0,270,3,0,0
0,40.33197,0,0,0,270,3,0,0
0,40.34051,0,0,0,270,3,0,0
0,40.34897,0,0,0,270,3,0,0
0,40.35779,0,0,0,270,3,0,0
0,40.36824,0,0,0,270,3,0,0
0,40.37687,0,0,0,270,3,0,0
0,40.38564,0,0,0,270,3,0,0
0,40.39531,0,0,0,270,3,0,0
0,40.40438,0,0,0,270,3,0,0
0,40.41522,0,0,0,270,3,0,0
0,40.4259,0,0,0,270,3,0,0
0,40.43541,0,0,0,270,3,0,0
0,40.44503,0,0,0,270,3,0,0
0,40.45425,0,0,0,270,3,0,0
0,40.46177,0,0,0,270,3,0,0
0,40.47183,0,0,0,270,3,0,0
0,40.48107,0,0,0,270,3,0,0
0,40.48976,0,0,0,270,3,0,0
0,40.49915,0,0,0,270,3,0,0
0,40.50839,0,0,0,270,3,0,0
0,40.51752,0,0,0,270,3,0,0
0,40.52581,0,0,0,270,3,0,0
0,40.53495,0,0,0,270,3,0,0
0,40.54289,0,0,0,270,3,0,0
0,40.55076,0,0,0,270,3,0,0
0,40.56252,0,0,0,270,3,0,0
0,40.57192,0,0,0,270,3,0,0
0,40.58141,0,0,0,270,3,0,0
0,40.59097,0,0,0,270,3,0,0
0,40.60244,0,0,0,270,3,0,0
0,40.61164,0,0,0,270,3,0,0
0,40.62018,0,0,0,270,3,0,0
0,40.62841,0,0,0,270,3,0,0
0,40.6377,0,0,0,270,3,0,0
0,40.64706,0,0,0,270,3,0,0
0,40.65601,0,0,0,270,3,0,0
0,40.66766,0,0,0,270,3,0,0
0,40.6778,0,0,0,270,3,0,0
0,40.68761,0,0,0,270,3,0,0
0,40.69825,0,0,0,270,3,0,0
0,40.71069,0,0,0,270,3,0,0
0,40.72068,0,0,0,270,3,0,0
0,40.73096,0,0,0,270,3,0,0
0,40.74177,0,0,0,270,3,0,0
0,40.75291,0,0,0,270,3,0,0
0,40.7661,0,0,0,270,3,0,0
0,40.77706,0,0,0,270,3,0,0
0,40.78822,0,0,0,270,3,0,0
0,40.80083,0,0,0,270,3,0,0
0,40.81338,0,0,0,270,3,0,0
0,40.82457,0,0,0,270,3,0,0
0,40.8345,0,0,0,270,3,0,0
0,40.84392,0,0,0,270,3,0,0
0,40.85601,0,0,0,270,3,0,0
0,40.86882,0,0,0,270,3,0,0
0,40.88396,0,0,0,270,3,0,0
0,40.89817,0,0,0,270,3,0,0
0,40.91095,0,0,0,270,3,0,0
0,40.92303,0,0,0,270,3,0,0
0,40.93562,0,0,0,270,3,0,0
0,40.94738,0,0,0,270,3,0,0
0,40.95938,0,0,0,270,3,0,0
0,40.97305,0,0,0,270,3,0,0
0,40.99048,0,0,0,270,3,0,0
0,41.00689,0,0,0,270,3,0,0
0,41.02462,0,0,0,270,3,0,0
0,41.04081,0,0,0,270,3,0,0
0,41.05589,0,0,0,270,3,0,0
0,41.06861,0,0,0,270,3,0,0
0,41.0831,0,0,0,270,3,0,0
0,41.09631,0,0,0,270,3,0,0
0,41.1101,0,0,0,270,3,0,0
0,41.12399,0,0,0,270,3,0,0
0,41.13538,0,0,0,270,3,0,0
0,41.14684,0,0,0,270,3,0,0
0,41.16158,0,0,0,270,3,0,0
0,41.17754,0,0,0,270,3,0,0
0,41.19039,0,0,0,270,3,0,0
0,41.2031,0,0,0,270,3,0,0
0,41.21613,0,0,0,270,3,0,0
0,41.22896,0,0,0,270,3,0,0
0,41.242,0,0,0,270,3,0,0
0,41.25741,0,0,0,270,3,0,0
0,41.27213,0,0,0,270,3,0,0
0,41.28778,0,0,0,270,3,0,0
0,41.30088,0,0,0,270,3,0,0
0,41.31559,0,0,0,270,3,0,0
0,41.33274,0,0,0,270,3,0,0
0,41.35682,0,0,0,270,3,0,0
0,41.37574,0,0,0,270,3,0,0
0,41.3945,0,0,0,270,3,0,0
0,41.41442,0,0,0,270,3,0,0
0,41.43399,0,0,0,270,3,0,0
0,41.45279,0,0,0,270,3,0,0
0,41.47231,0,0,0,270,3,0,0
0,41.49276,0,0,0,270,3,0,0
0,41.51062,0,0,0,270,3,0,0
0,41.5263,0,0,0,270,3,0,0
0,41.54223,0,0,0,270,3,0,0
0,41.56041,0,0,0,270,3,0,0
0,41.56995,0,0,0,270,3,0,0
0,41.57907,0,0,0,270,3,0,0
0,41.58889,0,0,0,270,3,0,0
0,41.60006,0,0,0,270,3,0,0
0,41.6104,0,0,0,270,3,0,0
0,41.62048,0,0,0,270,3,0,0
0,41.63076,0,0,0,270,3,0,0
0,41.64104,0,0,0,270,3,0,0
0,41.65065,0,0,0,270,3,0,0
0,41.66112,0,0,0,270,3,0,0
0,41.67048,0,0,0,270,3,0,0
0,41.68026,0,0,0,270,3,0,0
0,41.69021,0,0,0,270,3,0,0
0,41.70197,0,0,0,270,3,0,0
0,41.71305,0,0,0,270,3,0,0
0,41.72363,0,0,0,270,3,0,0
0,41.73642,0,0,0,270,3,0,0
0,41.74766,0,0,0,270,3,0,0
0,41.75761,0,0,0,270,3,0,0
0,41.76715,0,0,0,270,3,0,0
0,41.77675,0,0,0,270,3,0,0
0,41.78722,0,0,0,270,3,0,0
0,41.79579,0,0,0,270,3,0,0
0,41.80481,0,0,0,270,3,0,0
0,41.81388,0,0,0,270,3,0,0
0,41.82337,0,0,0,270,3,0,0
0,41.83393,0,0,0,270,3,0,0
0,41.8433,0,0,0,270,3,0,0
0,41.85387,0,0,0,270,3,0,0
0,41.86427,0,0,0,270,3,0,0
0,41.87359,0,0,0,270,3,0,0
0,41.88514,0,0,0,270,3,0,0
0,41.89526,0,0,0,270,3,0,0
0,41.90704,0,0,0,270,3,0,0
0,41.91862,0,0,0,270,3,0,0
0,41.92875,0,0,0,270,3,0,0
0,41.93902,0,0,0,270,3,0,0
0,41.94938,0,0,0,270,3,0,0
0,41.95859,0,0,0,270,3,0,0
0,41.9685,0,0,0,270,3,0,0
0,41.97959,0,0,0,270,3,0,0
0,41.99049,0,0,0,270,3,0,0
0,42.00255,0,0,0,270,3,0,0
0,42.01468,0,0,0,270,3,0,0
0,42.02895,0,0,0,270,3,0,0
0,42.04225,0,0,0,270,3,0,0
0,42.05494,0,0,0,270,3,0,0
0,42.06605,0,0,0,270,3,0,0
0,42.07999,0,0,0,270,3,0,0
0,42.09374,0,0,0,270,3,0,0
0,42.10669,0,0,0,270,3,0,0
0,42.1196,0,0,0,270,3,0,0
0,42.13161,0,0,0,270,3,0,0
0,42.14162,0,0,0,270,3,0,0
0,42.15391,0,0,0,270,3,0,0
0,42.16655,0,0,0,270,3,0,0
0,42.17974,0,0,0,270,3,0,0
0,42.19346,0,0,0,270,3,0,0
0,42.20773,0,0,0,270,3,0,0
0,42.21883,0,0,0,270,3,0,0
0,42.23087,0,0,0,270,3,0,0
0,42.24355,0,0,0,270,3,0,0
0,42.25576,0,0,0,270,3,0,0
0,42.2683,0,0,0,270,3,0,0
0,42.28193,0,0,0,270,3,0,0
0,42.29455,0,0,0,270,3,0,0
0,42.30708,0,0,0,270,3,0,0
0,42.3205,0,0,0,270,3,0,0
0,42.3348,0,0,0,270,3,0,0
0,42.34711,0,0,0,270,3,0,0
0,42.35926,0,0,0,270,3,0,0
0,42.37176,0,0,0,270,3,0,0
0,42.38406,0,0,0,270,3,0,0
0,42.39591,0,0,0,270,3,0,0
0,42.40728,0,0,0,270,3,0,0
0,42.42132,0,0,0,270,3,0,0
0,42.43499,0,0,0,270,3,0,0
0,42.44848,0,0,0,270,3,0,0
0,42.46101,0,0,0,270,3,0,0
0,42.47436,0,0,0,270,3,0,0
0,42.48666,0,0,0,270,3,0,0
0,42.49917,0,0,0,270,3,0,0
0,42.51314,0,0,0,270,3,0,0
0,42.52498,0,0,0,270,3,0,0
0,42.53778,0,0,0,270,3,0,0
0,42.54884,0,0,0,270,3,0,0
0,42.55914,0,0,0,270,3,0,0
0,42.57102,0,0,0,270,3,0,0
0,42.583,0,0,0,270,3,0,0
0,42.59391,0,0,0,270,3,0,0
0,42.60546,0,0,0,270,3,0,0
0,42.61644,0,0,0,270,3,0,0
0,42.62793,0,0,0,270,3,0,0
0,42.64023,0,0,0,270,3,0,0
0,42.65082,0,0,0,270,3,0,0
0,42.66201,0,0,0,270,3,0,0
0,42.67293,0,0,0,270,3,0,0
0,42.6843,0,0,0,270,3,0,0
0,42.69447,0,0,0,270,3,0,0
0,42.7035,0,0,0,270,3,0,0
0,42.71338,0,0,0,270,3,0,0
0,42.72195,0,0,0,270,3,0,0
0,42.73065,0,0,0,270,3,0,0
0,42.74024,0,0,0,270,3,0,0
0,42.74858,0,0,0,270,3,0,0
0,42.76116,0,0,0,270,3,0,0
0,42.77294,0,0,0,270,3,0,0
0,42.78161,0,0,0,270,3,0,0
0,42.79124,0,0,0,270,3,0,0
0,42.80135,0,0,0,270,3,0,0
0,42.81067,0,0,0,270,3,0,0
0,42.81998,0,0,0,270,3,0,0
0,42.82949,0,0,0,270,3,0,0
0,42.83872,0,0,0,270,3,0,0
0,42.84774,0,0,0,270,3,0,0
0,42.85618,0,0,0,270,3,0,0
0,42.86592,0,0,0,270,3,0,0
0,42.87492,0,0,0,270,3,0,0
0,42.88641,0,0,0,270,3,0,0
0,42.89524,0,0,0,270,3,0,0
0,42.90405,0,0,0,270,3,0,0
0,42.91296,0,0,0,270,3,0,0
0,42.92127,0,0,0,270,3,0,0
0,42.93353,0,0,0,270,3,0,0
0,42.94423,0,0,0,270,3,0,0
0,42.95319,0,0,0,270,3,0,0
0,42.9626,0,0,0,270,3,0,0
0,42.97401,0,0,0,270,3,0,0
0,42.98341,0,0,0,270,3,0,0
0,42.99319,0,0,0,270,3,0,0
0,43.00164,0,0,0,270,3,0,0
0,43.0113,0,0,0,270,3,0,0
0,43.02054,0,0,0,270,3,0,0
0,43.02937,0,0,0,270,3,0,0
0,43.04093,0,0,0,270,3,0,0
0,43.05119,0,0,0,270,3,0,0
0,43.06224,0,0,0,270,3,0,0
0,43.0756,0,0,0,270,3,0,0
0,43.08698,0,0,0,270,3,0,0
0,43.09784,0,0,0,270,3,0,0
0,43.10647,0,0,0,270,3,0,0
0,43.11746,0,0,0,270,3,0,0
0,43.12666,0,0,0,270,3,0,0
0,43.13679,0,0,0,270,3,0,0
0,43.14684,0,0,0,270,3,0,0
0,43.15871,0,0,0,270,3,0,0
0,43.16692,0,0,0,270,3,0,0
0,43.17737,0,0,0,270,3,0,0
0,43.18703,0,0,0,270,3,0,0
0,43.1994,0,0,0,270,3,0,0
0,43.21192,0,0,0,270,3,0,0
0,43.22345,0,0,0,270,3,0,0
0,43.23542,0,0,0,270,3,0,0
0,43.24804,0,0,0,270,3,0,0
0,43.26085,0,0,0,270,3,0,0
0,43.273,0,0,0,270,3,0,0
0,43.28313,0,0,0,270,3,0,0
0,43.293,0,0,0,270,3,0,0
0,43.30637,0,0,0,270,3,0,0
0,43.3207,0,0,0,270,3,0,0
0,43.33597,0,0,0,270,3,0,0
0,43.35036,0,0,0,270,3,0,0
0,43.363,0,0,0,270,3,0,0
0,43.37682,0,0,0,270,3,0,0
0,43.38977,0,0,0,270,3,0,0
0,43.40248,0,0,0,270,3,0,0
0,43.41617,0,0,0,270,3,0,0
0,43.42812,0,0,0,270,3,0,0
0,43.44078,0,0,0,270,3,0,0
0,43.45303,0,0,0,270,3,0,0
0,43.46736,0,0,0,270,3,0,0
0,43.47952,0,0,0,270,3,0,0
0,43.49268,0,0,0,270,3,0,0
0,43.50397,0,0,0,270,3,0,0
0,43.51806,0,0,0,270,3,0,0
0,43.52875,0,0,0,270,3,0,0
0,43.54018,0,0,0,270,3,0,0
0,43.55178,0,0,0,270,3,0,0
0,43.56407,0,0,0,270,3,0,0
0,43.57637,0,0,0,270,3,0,0
0,43.5879,0,0,0,270,3,0,0
0,43.59986,0,0,0,270,3,0,0
0,43.61029,0,0,0,270,3,0,0
0,43.62154,0,0,0,270,3,0,0
0,43.63335,0,0,0,270,3,0,0
0,43.64447,0,0,0,270,3,0,0
0,43.65617,0,0,0,270,3,0,0
0,43.66837,0,0,0,270,3,0,0
0,43.68298,0,0,0,270,3,0,0
0,43.69748,0,0,0,270,3,0,0
0,43.71082,0,0,0,270,3,0,0
0,43.72719,0,0,0,270,3,0,0
0,43.7396,0,0,0,270,3,0,0
0,43.75361,0,0,0,270,3,0,0
0,43.76738,0,0,0,270,3,0,0
0,43.78839,0,0,0,270,3,0,0
0,43.81366,0,0,0,270,3,0,0
0,43.82739,0,0,0,270,3,0,0
0,43.84246,0,0,0,270,3,0,0
0,43.85346,0,0,0,270,3,0,0
0,43.86505,0,0,0,270,3,0,0
0,43.87639,0,0,0,270,3,0,0
0,43.88883,0,0,0,270,3,0,0
0,43.89865,0,0,0,270,3,0,0
0,43.9084,0,0,0,270,3,0,0
0,43.91955,0,0,0,270,3,0,0
0,43.92885,0,0,0,270,3,0,0
0,43.93758,0,0,0,270,3,0,0
0,43.9473,0,0,0,270,3,0,0
0,43.95704,0,0,0,270,3,0,0
0,43.96822,0,0,0,270,3,0,0
0,43.97686,0,0,0,270,3,0,0
0,43.98574,0,0,0,270,3,0,0
0,43.99546,0,0,0,270,3,0,0
0,44.00438,0,0,0,270,3,0,0
0,44.01213,0,0,0,270,3,0,0
0,44.02159,0,0,0,270,3,0,0
0,44.02903,0,0,0,270,3,0,0
0,44.0387,0,0,0,270,3,0,0
0,44.04935,0,0,0,270,3,0,0
0,44.06086,0,0,0,270,3,0,0
0,44.07059,0,0,0,270,3,0,0
0,44.07963,0,0,0,270,3,0,0
0,44.08899,0,0,0,270,3,0,0
0,44.09875,0,0,0,270,3,0,0
0,44.10657,0,0,0,270,3,0,0
0,44.11583,0,0,0,270,3,0,0
0,44.12452,0,0,0,270,3,0,0
0,44.13488,0,0,0,270,3,0,0
0,44.14387,0,0,0,270,3,0,0
0,44.15268,0,0,0,270,3,0,0
0,44.16176,0,0,0,270,3,0,0
0,44.1704,0,0,0,270,3,0,0
0,44.18165,0,0,0,270,3,0,0
0,44.19011,0,0,0,270,3,0,0
0,44.19942,0,0,0,270,3,0,0
0,44.20903,0,0,0,270,3,0,0
0,44.21685,0,0,0,270,3,0,0
0,44.2251,0,0,0,270,3,0,0
0,44.23379,0,0,0,270,3,0,0
0,44.24357,0,0,0,270,3,0,0
0,44.25425,0,0,0,270,3,0,0
0,44.26484,0,0,0,270,3,0,0
0,44.27383,0,0,0,270,3,0,0
0,44.28461,0,0,0,270,3,0,0
0,44.29245,0,0,0,270,3,0,0
0,44.30147,0,0,0,270,3,0,0
0,44.31048,0,0,0,270,3,0,0
0,44.32008,0,0,0,270,3,0,0
0,44.32925,0,0,0,270,3,0,0
0,44.33864,0,0,0,270,3,0,0
0,44.35102,0,0,0,270,3,0,0
0,44.36068,0,0,0,270,3,0,0
0,44.36985,0,0,0,270,3,0,0
0,44.37786,0,0,0,270,3,0,0
0,44.38739,0,0,0,270,3,0,0
0,44.39766,0,0,0,270,3,0,0
0,44.40618,0,0,0,270,3,0,0
0,44.41599,0,0,0,270,3,0,0
0,44.42674,0,0,0,270,3,0,0
0,44.43758,0,0,0,270,3,0,0
0,44.44892,0,0,0,270,3,0,0
0,44.45985,0,0,0,270,3,0,0
0,44.47119,0,0,0,270,3,0,0
0,44.48372,0,0,0,270,3,0,0
0,44.4982,0,0,0,270,3,0,0
0,44.51208,0,0,0,270,3,0,0
0,44.52347,0,0,0,270,3,0,0
0,44.53624,0,0,0,270,3,0,0
0,44.54843,0,0,0,270,3,0,0
0,44.56025,0,0,0,270,3,0,0
0,44.57206,0,0,0,270,3,0,0
0,44.58413,0,0,0,270,3,0,0
0,44.59658,0,0,0,270,3,0,0
0,44.60894,0,0,0,270,3,0,0
0,44.62154,0,0,0,270,3,0,0
0,44.63388,0,0,0,270,3,0,0
0,44.64457,0,0,0,270,3,0,0
0,44.65599,0,0,0,270,3,0,0
0,44.66793,0,0,0,270,3,0,0
0,44.67934,0,0,0,270,3,0,0
0,44.69222,0,0,0,270,3,0,0
0,44.70464,0,0,0,270,3,0,0
0,44.71546,0,0,0,270,3,0,0
0,44.72731,0,0,0,270,3,0,0
0,44.74009,0,0,0,270,3,0,0
0,44.75262,0,0,0,270,3,0,0
0,44.76448,0,0,0,270,3,0,0
0,44.7767,0,0,0,270,3,0,0
0,44.78938,0,0,0,270,3,0,0
0,44.80195,0,0,0,270,3,0,0
0,44.81572,0,0,0,270,3,0,0
0,44.82929,0,0,0,270,3,0,0
0,44.84161,0,0,0,270,3,0,0
0,44.85386,0,0,0,270,3,0,0
0,44.86373,0,0,0,270,3,0,0
0,44.8762,0,0,0,270,3,0,0
0,44.88895,0,0,0,270,3,0,0
0,44.9019,0,0,0,270,3,0,0
0,44.91322,0,0,0,270,3,0,0
0,44.92498,0,0,0,270,3,0,0
0,44.93826,0,0,0,270,3,0,0
0,44.95512,0,0,0,270,3,0,0
0,44.96777,0,0,0,270,3,0,0
0,44.98011,0,0,0,270,3,0,0
0,44.99504,0,0,0,270,3,0,0
0,45.00835,0,0,0,270,3,0,0
0,45.02185,0,0,0,270,3,0,0
0,45.03553,0,0,0,270,3,0,0
0,45.04942,0,0,0,270,3,0,0
0,45.06359,0,0,0,270,3,0,0
0,45.0804,0,0,0,270,3,0,0
0,45.0973,0,0,0,270,3,0,0
0,45.11091,0,0,0,270,3,0,0
0,45.12265,0,0,0,270,3,0,0
0,45.1331,0,0,0,270,3,0,0
0,45.14319,0,0,0,270,3,0,0
0,45.15451,0,0,0,270,3,0,0
0,45.16505,0,0,0,270,3,0,0
0,45.17325,0,0,0,270,3,0,0
0,45.1828,0,0,0,270,3,0,0
0,45.19265,0,0,0,270,3,0,0
0,45.20079,0,0,0,270,3,0,0
0,45.21022,0,0,0,270,3,0,0
0,45.21931,0,0,0,270,3,0,0
0,45.22812,0,0,0,270,3,0,0
0,45.23677,0,0,0,270,3,0,0
0,45.24645,0,0,0,270,3,0,0
0,45.2564,0,0,0,270,3,0,0
0,45.26427,0,0,0,270,3,0,0
0,45.27533,0,0,0,270,3,0,0
0,45.28578,0,0,0,270,3,0,0
0,45.29393,0,0,0,270,3,0,0
0,45.30429,0,0,0,270,3,0,0
0,45.31326,0,0,0,270,3,0,0
0,45.32254,0,0,0,270,3,0,0
0,45.33229,0,0,0,270,3,0,0
0,45.34134,0,0,0,270,3,0,0
0,45.35143,0,0,0,270,3,0,0
0,45.36158,0,0,0,270,3,0,0
0,45.37163,0,0,0,270,3,0,0
0,45.38159,0,0,0,270,3,0,0
0,45.3904,0,0,0,270,3,0,0
0,45.40038,0,0,0,270,3,0,0
0,45.41119,0,0,0,270,3,0,0
0,45.41953,0,0,0,270,3,0,0
0,45.42915,0,0,0,270,3,0,0
0,45.43779,0,0,0,270,3,0,0
0,45.44664,0,0,0,270,3,0,0
0,45.45721,0,0,0,270,3,0,0
0,45.4676,0,0,0,270,3,0,0
0,45.47606,0,0,0,270,3,0,0
0,45.48423,0,0,0,270,3,0,0
0,45.49443,0,0,0,270,3,0,0
0,45.50348,0,0,0,270,3,0,0
0,45.51419,0,0,0,270,3,0,0
0,45.52483,0,0,0,270,3,0,0
0,45.53506,0,0,0,270,3,0,0
0,45.54453,0,0,0,270,3,0,0
0,45.55371,0,0,0,270,3,0,0
0,45.56214,0,0,0,270,3,0,0
0,45.57092,0,0,0,270,3,0,0
0,45.57946,0,0,0,270,3,0,0
0,45.58841,0,0,0,270,3,0,0
0,45.59767,0,0,0,270,3,0,0
0,45.60677,0,0,0,270,3,0,0
0,45.6157,0,0,0,270,3,0,0
0,45.62481,0,0,0,270,3,0,0
0,45.63374,0,0,0,270,3,0,0
0,45.64161,0,0,0,270,3,0,0
0,45.65002,0,0,0,270,3,0,0
0,45.65853,0,0,0,270,3,0,0
0,45.66777,0,0,0,270,3,0,0
0,45.67932,0,0,0,270,3,0,0
0,45.69004,0,0,0,270,3,0,0
0,45.69896,0,0,0,270,3,0,0
0,45.71291,0,0,0,270,3,0,0
0,45.72616,0,0,0,270,3,0,0
0,45.73662,0,0,0,270,3,0,0
0,45.74748,0,0,0,270,3,0,0
0,45.75871,0,0,0,270,3,0,0
0,45.77059,0,0,0,270,3,0,0
0,45.78135,0,0,0,270,3,0,0
0,45.7932,0,0,0,270,3,0,0
0,45.80582,0,0,0,270,3,0,0
0,45.81837,0,0,0,270,3,0,0
0,45.82958,0,0,0,270,3,0,0
0,45.84325,0,0,0,270,3,0,0
0,45.85693,0,0,0,270,3,0,0
0,45.86909,0,0,0,270,3,0,0
0,45.88115,0,0,0,270,3,0,0
0,45.89394,0,0,0,270,3,0,0
0,45.90709,0,0,0,270,3,0,0
0,45.92564,0,0,0,270,3,0,0
0,45.94514,0,0,0,270,3,0,0
0,45.95654,0,0,0,270,3,0,0
0,45.96827,0,0,0,270,3,0,0
0,45.98057,0,0,0,270,3,0,0
0,45.99229,0,0,0,270,3,0,0
0,46.00224,0,0,0,270,3,0,0
0,46.015,0,0,0,270,3,0,0
0,46.02826,0,0,0,270,3,0,0
0,46.0397,0,0,0,270,3,0,0
0,46.05225,0,0,0,270,3,0,0
0,46.06796,0,0,0,270,3,0,0
0,46.08271,0,0,0,270,3,0,0
0,46.09871,0,0,0,270,3,0,0
0,46.1152,0,0,0,270,3,0,0
0,46.13134,0,0,0,270,3,0,0
0,46.14366,0,0,0,270,3,0,0
0,46.15714,0,0,0,270,3,0,0
0,46.16945,0,0,0,270,3,0,0
0,46.18639,0,0,0,270,3,0,0
0,46.19918,0,0,0,270,3,0,0
0,46.21312,0,0,0,270,3,0,0
0,46.22774,0,0,0,270,3,0,0
0,46.24198,0,0,0,270,3,0,0
0,46.25603,0,0,0,270,3,0,0
0,46.26903,0,0,0,270,3,0,0
0,46.28205,0,0,0,270,3,0,0
0,46.29488,0,0,0,270,3,0,0
0,46.31367,0,0,0,270,3,0,0
0,46.32875,0,0,0,270,3,0,0
0,46.34243,0,0,0,270,3,0,0
0,46.35619,0,0,0,270,3,0,0
0,46.37049,0,0,0,270,3,0,0
0,46.38317,0,0,0,270,3,0,0
0,46.39624,0,0,0,270,3,0,0
0,46.40646,0,0,0,270,3,0,0
0,46.41695,0,0,0,270,3,0,0
0,46.42726,0,0,0,270,3,0,0
0,46.43727,0,0,0,270,3,0,0
0,46.44683,0,0,0,270,3,0,0
0,46.45701,0,0,0,270,3,0,0
0,46.46768,0,0,0,270,3,0,0
0,46.47824,0,0,0,270,3,0,0
0,46.4891,0,0,0,270,3,0,0
0,46.49915,0,0,0,270,3,0,0
0,46.50872,0,0,0,270,3,0,0
0,46.52021,0,0,0,270,3,0,0
0,46.53102,0,0,0,270,3,0,0
0,46.54272,0,0,0,270,3,0,0
0,46.55303,0,0,0,270,3,0,0
0,46.56299,0,0,0,270,3,0,0
0,46.57212,0,0,0,270,3,0,0
0,46.58268,0,0,0,270,3,0,0
0,46.59246,0,0,0,270,3,0,0
0,46.60271,0,0,0,270,3,0,0
0,46.6116,0,0,0,270,3,0,0
0,46.6208,0,0,0,270,3,0,0
0,46.63126,0,0,0,270,3,0,0
0,46.64168,0,0,0,270,3,0,0
0,46.65092,0,0,0,270,3,0,0
0,46.661,0,0,0,270,3,0,0
0,46.67118,0,0,0,270,3,0,0
0,46.68162,0,0,0,270,3,0,0
0,46.69225,0,0,0,270,3,0,0
0,46.702,0,0,0,270,3,0,0
0,46.71325,0,0,0,270,3,0,0
0,46.7234,0,0,0,270,3,0,0
0,46.73373,0,0,0,270,3,0,0
0,46.74654,0,0,0,270,3,0,0
0,46.75872,0,0,0,270,3,0,0
0,46.77077,0,0,0,270,3,0,0
0,46.78209,0,0,0,270,3,0,0
0,46.79253,0,0,0,270,3,0,0
0,46.80328,0,0,0,270,3,0,0
0,46.81345,0,0,0,270,3,0,0
0,46.824,0,0,0,270,3,0,0
0,46.83507,0,0,0,270,3,0,0
0,46.84542,0,0,0,270,3,0,0
0,46.85582,0,0,0,270,3,0,0
0,46.86862,0,0,0,270,3,0,0
0,46.87979,0,0,0,270,3,0,0
0,46.89046,0,0,0,270,3,0,0
0,46.90182,0,0,0,270,3,0,0
0,46.91424,0,0,0,270,3,0,0
0,46.92469,0,0,0,270,3,0,0
0,46.93598,0,0,0,270,3,0,0
0,46.94753,0,0,0,270,3,0,0
0,46.95968,0,0,0,270,3,0,0
0,46.97271,0,0,0,270,3,0,0
0,46.98425,0,0,0,270,3,0,0
0,46.99545,0,0,0,270,3,0,0
0,47.00658,0,0,0,270,3,0,0
0,47.0182,0,0,0,270,3,0,0
0,47.0299,0,0,0,270,3,0,0
0,47.04564,0,0,0,270,3,0,0
0,47.0579,0,0,0,270,3,0,0
0,47.07131,0,0,0,270,3,0,0
0,47.08406,0,0,0,270,3,0,0
0,47.09655,0,0,0,270,3,0,0
0,47.11015,0,0,0,270,3,0,0
0,47.12216,0,0,0,270,3,0,0
0,47.13674,0,0,0,270,3,0,0
0,47.15045,0,0,0,270,3,0,0
0,47.1649,0,0,0,270,3,0,0
0,47.17906,0,0,0,270,3,0,0
0,47.19208,0,0,0,270,3,0,0
0,47.20437,0,0,0,270,3,0,0
0,47.21796,0,0,0,270,3,0,0
0,47.23126,0,0,0,270,3,0,0
0,47.24541,0,0,0,270,3,0,0
0,47.25735,0,0,0,270,3,0,0
0,47.27152,0,0,0,270,3,0,0
0,47.28479,0,0,0,270,3,0,0
0,47.29759,0,0,0,270,3,0,0
0,47.31117,0,0,0,270,3,0,0
0,47.32431,0,0,0,270,3,0,0
0,47.33921,0,0,0,270,3,0,0
0,47.35214,0,0,0,270,3,0,0
0,47.36561,0,0,0,270,3,0,0
0,47.37912,0,0,0,270,3,0,0
0,47.39155,0,0,0,270,3,0,0
0,47.40406,0,0,0,270,3,0,0
0,47.4175,0,0,0,270,3,0,0
0,47.4333,0,0,0,270,3,0,0
0,47.44613,0,0,0,270,3,0,0
0,47.4618,0,0,0,270,3,0,0
0,47.47503,0,0,0,270,3,0,0
0,47.48772,0,0,0,270,3,0,0
0,47.50106,0,0,0,270,3,0,0
0,47.51454,0,0,0,270,3,0,0
0,47.529,0,0,0,270,3,0,0
0,47.54359,0,0,0,270,3,0,0
0,47.55923,0,0,0,270,3,0,0
0,47.57308,0,0,0,270,3,0,0
0,47.58775,0,0,0,270,3,0,0
0,47.60097,0,0,0,270,3,0,0
0,47.61435,0,0,0,270,3,0,0
0,47.62805,0,0,0,270,3,0,0
0,47.63957,0,0,0,270,3,0,0
0,47.65204,0,0,0,270,3,0,0
0,47.66359,0,0,0,270,3,0,0
0,47.67493,0,0,0,270,3,0,0
0,47.68592,0,0,0,270,3,0,0
0,47.69444,0,0,0,270,3,0,0
0,47.70352,0,0,0,270,3,0,0
0,47.7126,0,0,0,270,3,0,0
0,47.72131,0,0,0,270,3,0,0
0,47.72957,0,0,0,270,3,0,0
0,47.73945,0,0,0,270,3,0,0
0,47.74981,0,0,0,270,3,0,0
0,47.75938,0,0,0,270,3,0,0
0,47.77113,0,0,0,270,3,0,0
0,47.78279,0,0,0,270,3,0,0
0,47.7925,0,0,0,270,3,0,0
0,47.80169,0,0,0,270,3,0,0
0,47.81399,0,0,0,270,3,0,0
0,47.82365,0,0,0,270,3,0,0
0,47.83606,0,0,0,270,3,0,0
0,47.84897,0,0,0,270,3,0,0
0,47.86064,0,0,0,270,3,0,0
0,47.87151,0,0,0,270,3,0,0
0,47.88563,0,0,0,270,3,0,0
0,47.91048,0,0,0,270,3,0,0
0,47.92022,0,0,0,270,3,0,0
0,47.93101,0,0,0,270,3,0,0
0,47.94212,0,0,0,270,3,0,0
0,47.95077,0,0,0,270,3,0,0
0,47.96136,0,0,0,270,3,0,0
0,47.97281,0,0,0,270,3,0,0
0,47.98092,0,0,0,270,3,0,0
0,47.99065,0,0,0,270,3,0,0
0,48.00034,0,0,0,270,3,0,0
0,48.01056,0,0,0,270,3,0,0
0,48.02011,0,0,0,270,3,0,0
0,48.03043,0,0,0,270,3,0,0
0,48.04047,0,0,0,270,3,0,0
0,48.05029,0,0,0,270,3,0,0
0,48.06101,0,0,0,270,3,0,0
0,48.07219,0,0,0,270,3,0,0
0,48.08046,0,0,0,270,3,0,0
0,48.09005,0,0,0,270,3,0,0
0,48.10051,0,0,0,270,3,0,0
0,48.10976,0,0,0,270,3,0,0
0,48.11916,0,0,0,270,3,0,0
0,48.12814,0,0,0,270,3,0,0
0,48.13899,0,0,0,270,3,0,0
0,48.15099,0,0,0,270,3,0,0
0,48.16237,0,0,0,270,3,0,0
0,48.18063,0,0,0,270,3,0,0
0,48.20278,0,0,0,270,3,0,0
0,48.22239,0,0,0,270,3,0,0
0,48.24597,0,0,0,270,3,0,0
0,48.26978,0,0,0,270,3,0,0
0,48.29206,0,0,0,270,3,0,0
0,48.30614,0,0,0,270,3,0,0
0,48.31866,0,0,0,270,3,0,0
0,48.33054,0,0,0,270,3,0,0
0,48.34443,0,0,0,270,3,0,0
0,48.35833,0,0,0,270,3,0,0
0,48.37278,0,0,0,270,3,0,0
0,48.38794,0,0,0,270,3,0,0
0,48.40137,0,0,0,270,3,0,0
0,48.41523,0,0,0,270,3,0,0
0,48.4293,0,0,0,270,3,0,0
0,48.44565,0,0,0,270,3,0,0
0,48.46083,0,0,0,270,3,0,0
0,48.47437,0,0,0,270,3,0,0
0,48.48735,0,0,0,270,3,0,0
0,48.51167,0,0,0,270,3,0,0
0,48.53588,0,0,0,270,3,0,0
0,48.55811,0,0,0,270,3,0,0
0,48.57222,0,0,0,270,3,0,0
0,48.5874,0,0,0,270,3,0,0
0,48.60151,0,0,0,270,3,0,0
0,48.61461,0,0,0,270,3,0,0
0,48.62669,0,0,0,270,3,0,0
0,48.64014,0,0,0,270,3,0,0
0,48.65203,0,0,0,270,3,0,0
0,48.6655,0,0,0,270,3,0,0
0,48.67789,0,0,0,270,3,0,0
0,48.68947,0,0,0,270,3,0,0
0,48.70423,0,0,0,270,3,0,0
0,48.7188,0,0,0,270,3,0,0
0,48.73689,0,0,0,270,3,0,0
0,48.74967,0,0,0,270,3,0,0
0,48.76337,0,0,0,270,3,0,0
0,48.77779,0,0,0,270,3,0,0
0,48.79129,0,0,0,270,3,0,0
0,48.80927,0,0,0,270,3,0,0
0,48.82318,0,0,0,270,3,0,0
0,48.83921,0,0,0,270,3,0,0
0,48.85204,0,0,0,270,3,0,0
0,48.87329,0,0,0,270,3,0,0
0,48.89017,0,0,0,270,3,0,0
0,48.91034,0,0,0,270,3,0,0
0,48.93197,0,0,0,270,3,0,0
0,48.94986,0,0,0,270,3,0,0
0,48.96269,0,0,0,270,3,0,0
0,48.97192,0,0,0,270,3,0,0
0,48.98479,0,0,0,270,3,0,0
0,48.99497,0,0,0,270,3,0,0
0,49.0051,0,0,0,270,3,0,0
0,49.01534,0,0,0,270,3,0,0
0,49.02483,0,0,0,270,3,0,0
0,49.03439,0,0,0,270,3,0,0
0,49.04305,0,0,0,270,3,0,0
0,49.05087,0,0,0,270,3,0,0
0,49.06202,0,0,0,270,3,0,0
0,49.07666,0,0,0,270,3,0,0
0,49.09044,0,0,0,270,3,0,0
0,49.10091,0,0,0,270,3,0,0
0,49.11341,0,0,0,270,3,0,0
0,49.12471,0,0,0,270,3,0,0
0,49.13522,0,0,0,270,3,0,0
0,49.1462,0,0,0,270,3,0,0
0,49.158,0,0,0,270,3,0,0
0,49.16887,0,0,0,270,3,0,0
0,49.1799,0,0,0,270,3,0,0
0,49.19283,0,0,0,270,3,0,0
0,49.20183,0,0,0,270,3,0,0
0,49.21195,0,0,0,270,3,0,0
0,49.22205,0,0,0,270,3,0,0
0,49.23281,0,0,0,270,3,0,0
0,49.24421,0,0,0,270,3,0,0
0,49.2561,0,0,0,270,3,0,0
0,49.26826,0,0,0,270,3,0,0
0,49.27788,0,0,0,270,3,0,0
0,49.2876,0,0,0,270,3,0,0
0,49.29899,0,0,0,270,3,0,0
0,49.30949,0,0,0,270,3,0,0
0,49.31985,0,0,0,270,3,0,0
0,49.32943,0,0,0,270,3,0,0
0,49.33853,0,0,0,270,3,0,0
0,49.34784,0,0,0,270,3,0,0
0,49.35682,0,0,0,270,3,0,0
0,49.37255,0,0,0,270,3,0,0
0,49.39719,0,0,0,270,3,0,0
0,49.42404,0,0,0,270,3,0,0
0,49.44351,0,0,0,270,3,0,0
0,49.46259,0,0,0,270,3,0,0
0,49.47907,0,0,0,270,3,0,0
0,49.49223,0,0,0,270,3,0,0
0,49.50418,0,0,0,270,3,0,0
0,49.51757,0,0,0,270,3,0,0
0,49.5317,0,0,0,270,3,0,0
0,49.54465,0,0,0,270,3,0,0
0,49.55743,0,0,0,270,3,0,0
0,49.57089,0,0,0,270,3,0,0
0,49.58368,0,0,0,270,3,0,0
0,49.59586,0,0,0,270,3,0,0
0,49.60868,0,0,0,270,3,0,0
0,49.6231,0,0,0,270,3,0,0
0,49.63823,0,0,0,270,3,0,0
0,49.65304,0,0,0,270,3,0,0
0,49.66637,0,0,0,270,3,0,0
0,49.67897,0,0,0,270,3,0,0
0,49.69117,0,0,0,270,3,0,0
0,49.70708,0,0,0,270,3,0,0
0,49.72745,0,0,0,270,3,0,0
0,49.74572,0,0,0,270,3,0,0
0,49.76228,0,0,0,270,3,0,0
0,49.78274,0,0,0,270,3,0,0
0,49.80161,0,0,0,270,3,0,0
0,49.81815,0,0,0,270,3,0,0
0,49.82839,0,0,0,270,3,0,0
0,49.83984,0,0,0,270,3,0,0
0,49.85358,0,0,0,270,3,0,0
0,49.86718,0,0,0,270,3,0,0
0,49.88102,0,0,0,270,3,0,0
0,49.89575,0,0,0,270,3,0,0
0,49.91059,0,0,0,270,3,0,0
0,49.92566,0,0,0,270,3,0,0
0,49.94001,0,0,0,270,3,0,0
0,49.95332,0,0,0,270,3,0,0
0,49.96618,0,0,0,270,3,0,0
0,49.97913,0,0,0,270,3,0,0
0,49.9923,0,0,0,270,3,0,0
0,50.00533,0,0,0,270,3,0,0
0,50.0206,0,0,0,270,3,0,0
0,50.03388,0,0,0,270,3,0,0
0,50.0472,0,0,0,270,3,0,0
0,50.06485,0,0,0,270,3,0,0
0,50.07811,0,0,0,270,3,0,0
0,50.09041,0,0,0,270,3,0,0
0,50.10399,0,0,0,270,3,0,0
0,50.11737,0,0,0,270,3,0,0
0,50.12922,0,0,0,270,3,0,0
0,50.14037,0,0,0,270,3,0,0
0,50.15176,0,0,0,270,3,0,0
0,50.16585,0,0,0,270,3,0,0
0,50.17907,0,0,0,270,3,0,0
0,50.19195,0,0,0,270,3,0,0
0,50.20329,0,0,0,270,3,0,0
0,50.21376,0,0,0,270,3,0,0
0,50.22358,0,0,0,270,3,0,0
0,50.23248,0,0,0,270,3,0,0
0,50.24279,0,0,0,270,3,0,0
0,50.25157,0,0,0,270,3,0,0
0,50.26139,0,0,0,270,3,0,0
0,50.27178,0,0,0,270,3,0,0
0,50.2814,0,0,0,270,3,0,0
0,50.2993,0,0,0,270,3,0,0
0,50.30977,0,0,0,270,3,0,0
0,50.32042,0,0,0,270,3,0,0
0,50.3289,0,0,0,270,3,0,0
0,50.33867,0,0,0,270,3,0,0
0,50.34796,0,0,0,270,3,0,0
0,50.35662,0,0,0,270,3,0,0
0,50.36647,0,0,0,270,3,0,0
0,50.37569,0,0,0,270,3,0,0
0,50.38599,0,0,0,270,3,0,0
0,50.39558,0,0,0,270,3,0,0
0,50.40775,0,0,0,270,3,0,0
0,50.41991,0,0,0,270,3,0,0
0,50.43178,0,0,0,270,3,0,0
0,50.44124,0,0,0,270,3,0,0
0,50.45028,0,0,0,270,3,0,0
0,50.45966,0,0,0,270,3,0,0
0,50.46819,0,0,0,270,3,0,0
0,50.47964,0,0,0,270,3,0,0
0,50.49018,0,0,0,270,3,0,0
0,50.50059,0,0,0,270,3,0,0
0,50.51146,0,0,0,270,3,0,0
0,50.52153,0,0,0,270,3,0,0
0,50.53123,0,0,0,270,3,0,0
0,50.54031,0,0,0,270,3,0,0
0,50.54987,0,0,0,270,3,0,0
0,50.55873,0,0,0,270,3,0,0
0,50.5689,0,0,0,270,3,0,0
0,50.5818,0,0,0,270,3,0,0
0,50.59358,0,0,0,270,3,0,0
0,50.60576,0,0,0,270,3,0,0
0,50.61837,0,0,0,270,3,0,0
0,50.63184,0,0,0,270,3,0,0
0,50.6455,0,0,0,270,3,0,0
0,50.65721,0,0,0,270,3,0,0
0,50.66978,0,0,0,270,3,0,0
0,50.6867,0,0,0,270,3,0,0
0,50.70173,0,0,0,270,3,0,0
0,50.71728,0,0,0,270,3,0,0
0,50.73159,0,0,0,270,3,0,0
0,50.74908,0,0,0,270,3,0,0
0,50.77443,0,0,0,270,3,0,0
0,50.79238,0,0,0,270,3,0,0
0,50.81147,0,0,0,270,3,0,0
0,50.82778,0,0,0,270,3,0,0
0,50.8411,0,0,0,270,3,0,0
0,50.85773,0,0,0,270,3,0,0
0,50.87752,0,0,0,270,3,0,0
0,50.90085,0,0,0,270,3,0,0
0,50.91435,0,0,0,270,3,0,0
0,50.92779,0,0,0,270,3,0,0
0,50.94217,0,0,0,270,3,0,0
0,50.95747,0,0,0,270,3,0,0
0,50.97074,0,0,0,270,3,0,0
0,50.98249,0,0,0,270,3,0,0
0,50.99374,0,0,0,270,3,0,0
0,51.00664,0,0,0,270,3,0,0
0,51.02069,0,0,0,270,3,0,0
0,51.035,0,0,0,270,3,0,0
0,51.04676,0,0,0,270,3,0,0
0,51.06078,0,0,0,270,3,0,0
0,51.07558,0,0,0,270,3,0,0
0,51.09029,0,0,0,270,3,0,0
0,51.1279,0,0,0,270,3,0,0
0,51.14941,0,0,0,270,3,0,0
0,51.17231,0,0,0,270,3,0,0
0,51.19874,0,0,0,270,3,0,0
0,51.2278,0,0,0,270,3,0,0
0,51.2479,0,0,0,270,3,0,0
0,51.27534,0,0,0,270,3,0,0
0,51.29602,0,0,0,270,3,0,0
0,51.32631,0,0,0,270,3,0,0
0,51.34256,0,0,0,270,3,0,0
0,51.36036,0,0,0,270,3,0,0
0,51.37283,0,0,0,270,3,0,0
0,51.38495,0,0,0,270,3,0,0
0,51.39656,0,0,0,270,3,0,0
0,51.41166,0,0,0,270,3,0,0
0,51.43712,0,0,0,270,3,0,0
0,51.45087,0,0,0,270,3,0,0
0,51.46116,0,0,0,270,3,0,0
0,51.47551,0,0,0,270,3,0,0
0,51.48661,0,0,0,270,3,0,0
0,51.49734,0,0,0,270,3,0,0
0,51.5091,0,0,0,270,3,0,0
0,51.51989,0,0,0,270,3,0,0
0,51.52877,0,0,0,270,3,0,0
0,51.53847,0,0,0,270,3,0,0
0,51.54724,0,0,0,270,3,0,0
0,51.55748,0,0,0,270,3,0,0
0,51.57015,0,0,0,270,3,0,0
0,51.58089,0,0,0,270,3,0,0
0,51.59053,0,0,0,270,3,0,0
0,51.60202,0,0,0,270,3,0,0
0,51.6116,0,0,0,270,3,0,0
0,51.62146,0,0,0,270,3,0,0
0,51.63069,0,0,0,270,3,0,0
0,51.63925,0,0,0,270,3,0,0
0,51.64829,0,0,0,270,3,0,0
0,51.65939,0,0,0,270,3,0,0
0,51.67005,0,0,0,270,3,0,0
0,51.68006,0,0,0,270,3,0,0
0,51.68951,0,0,0,270,3,0,0
0,51.69906,0,0,0,270,3,0,0
0,51.7079,0,0,0,270,3,0,0
0,51.71621,0,0,0,270,3,0,0
0,51.72566,0,0,0,270,3,0,0
0,51.73452,0,0,0,270,3,0,0
0,51.74381,0,0,0,270,3,0,0
0,51.75375,0,0,0,270,3,0,0
0,51.76237,0,0,0,270,3,0,0
0,51.77156,0,0,0,270,3,0,0
0,51.77999,0,0,0,270,3,0,0
0,51.79088,0,0,0,270,3,0,0
0,51.80151,0,0,0,270,3,0,0
0,51.81947,0,0,0,270,3,0,0
0,51.8307,0,0,0,270,3,0,0
0,51.84165,0,0,0,270,3,0,0
0,51.8518,0,0,0,270,3,0,0
0,51.86029,0,0,0,270,3,0,0
0,51.86979,0,0,0,270,3,0,0
0,51.88013,0,0,0,270,3,0,0
0,51.89057,0,0,0,270,3,0,0
0,51.90383,0,0,0,270,3,0,0
0,51.91601,0,0,0,270,3,0,0
0,51.92843,0,0,0,270,3,0,0
0,51.94026,0,0,0,270,3,0,0
0,51.9532,0,0,0,270,3,0,0
0,51.96515,0,0,0,270,3,0,0
0,51.9782,0,0,0,270,3,0,0
0,51.98849,0,0,0,270,3,0,0
0,51.99671,0,0,0,270,3,0,0
0,52.00851,0,0,0,270,3,0,0
0,52.0205,0,0,0,270,3,0,0
0,52.05261,0,0,0,270,3,0,0
