Ans,timenow,HMD_rotation_x,HMD_rotation_y,HMD_rotation_z,heydegree,hey_position_x,hey_position_y,hey_position_z
0,0.02339959,0,0,0,270,0,0,0
0,0.03730392,0,0,0,270,0,0,0
0,0.5389447,0,0,0,270,0,0,0
0,0.5542738,0,0,0,270,0,0,0
0,0.5606592,0,0,0,270,0,0,0
0,0.5675704,0,0,0,270,0,0,0
0,0.5735259,0,0,0,270,0,0,0
0,0.5795968,0,0,0,270,0,0,0
0,0.5850413,0,0,0,270,0,0,0
0,0.5908568,0,0,0,270,0,0,0
0,0.5963914,0,0,0,270,0,0,0
0,0.6023288,0,0,0,270,0,0,0
0,0.6087549,0,0,0,270,0,0,0
0,0.6144123,0,0,0,270,0,0,0
0,0.61975,0,0,0,270,0,0,0
0,0.6262391,0,0,0,270,0,0,0
0,0.6319251,0,0,0,270,0,0,0
0,0.6376097,0,0,0,270,0,0,0
0,0.6429915,0,0,0,270,0,0,0
0,0.6487801,0,0,0,270,0,0,0
0,0.6547627,0,0,0,270,0,0,0
0,0.6599641,0,0,0,270,0,0,0
0,0.6658304,0,0,0,270,0,0,0
0,0.6716392,0,0,0,270,0,0,0
0,0.6805477,0,0,0,270,0,0,0
0,0.686435,0,0,0,270,0,0,0
0,0.6921635,0,0,0,270,0,0,0
0,0.6974809,0,0,0,270,0,0,0
0,0.7034948,0,0,0,270,0,0,0
0,0.7088361,0,0,0,270,0,0,0
0,0.7147446,0,0,0,270,0,0,0
0,0.7202861,0,0,0,270,0,0,0
0,0.7260332,0,0,0,270,0,0,0
0,0.7313969,0,0,0,270,0,0,0
0,0.7374156,0,0,0,270,0,0,0
0,0.7428336,0,0,0,270,0,0,0
0,0.7500346,0,0,0,270,0,0,0
0,0.7559636,0,0,0,270,0,0,0
0,0.7615132,0,0,0,270,0,0,0
0,0.7679338,0,0,0,270,0,0,0
0,0.7742653,0,0,0,270,0,0,0
0,0.7800901,0,0,0,270,0,0,0
0,0.7866118,0,0,0,270,0,0,0
0,0.7924449,0,0,0,270,0,0,0
0,0.7981191,0,0,0,270,0,0,0
0,0.8038545,0,0,0,270,0,0,0
0,0.8095305,0,0,0,270,0,0,0
0,0.815712,0,0,0,270,0,0,0
0,0.8217661,0,0,0,270,0,0,0
0,0.8273728,0,0,0,270,0,0,0
0,0.8334732,0,0,0,270,0,0,0
0,0.8391585,0,0,0,270,0,0,0
0,0.8452258,0,0,0,270,0,0,0
0,0.8509004,0,0,0,270,0,0,0
0,0.8565414,0,0,0,270,0,0,0
0,0.8620939,0,0,0,270,0,0,0
0,0.8685999,0,0,0,270,0,0,0
0,0.8752863,0,0,0,270,0,0,0
0,0.8837411,0,0,0,270,0,0,0
0,0.8911555,0,0,0,270,0,0,0
0,0.8971984,0,0,0,270,0,0,0
0,0.9034836,0,0,0,270,0,0,0
0,0.9093158,0,0,0,270,0,0,0
0,0.9154434,0,0,0,270,0,0,0
0,0.921669,0,0,0,270,0,0,0
0,0.9272435,0,0,0,270,0,0,0
0,0.9330688,0,0,0,270,0,0,0
0,0.9387276,0,0,0,270,0,0,0
0,0.9443324,0,0,0,270,0,0,0
0,0.9499011,0,0,0,270,0,0,0
0,0.9556756,0,0,0,270,0,0,0
0,0.9611816,0,0,0,270,0,0,0
0,0.9669175,0,0,0,270,0,0,0
0,0.9728341,0,0,0,270,0,0,0
0,0.9791436,0,0,0,270,0,0,0
0,0.9857135,0,0,0,270,0,0,0
0,0.9924634,0,0,0,270,0,0,0
0,0.9983857,0,0,0,270,0,0,0
0,1.005716,0,0,0,270,0,0,0
0,1.012849,0,0,0,270,0,0,0
0,1.018679,0,0,0,270,0,0,0
0,1.024732,0,0,0,270,0,0,0
0,1.030619,0,0,0,270,0,0,0
0,1.038507,0,0,0,270,0,0,0
0,1.045719,0,0,0,270,0,0,0
0,1.05459,0,0,0,270,0,0,0
0,1.060258,0,0,0,270,0,0,0
0,1.067647,0,0,0,270,0,0,0
0,1.074759,0,0,0,270,0,0,0
0,1.0811,0,0,0,270,0,0,0
0,1.088085,0,0,0,270,0,0,0
0,1.094102,0,0,0,270,0,0,0
0,1.100509,0,0,0,270,0,0,0
0,1.106373,0,0,0,270,0,0,0
0,1.112571,0,0,0,270,0,0,0
0,1.118305,0,0,0,270,0,0,0
0,1.125032,0,0,0,270,0,0,0
0,1.130316,0,0,0,270,0,0,0
0,1.136247,0,0,0,270,0,0,0
0,1.141657,0,0,0,270,0,0,0
0,1.149058,0,0,0,270,0,0,0
0,1.155993,0,0,0,270,0,0,0
0,1.163214,0,0,0,270,0,0,0
0,1.170227,0,0,0,270,0,0,0
0,1.177812,0,0,0,270,0,0,0
0,1.183812,0,0,0,270,0,0,0
0,1.189991,0,0,0,270,0,0,0
0,1.196283,0,0,0,270,0,0,0
0,1.203522,0,0,0,270,0,0,0
0,1.211316,0,0,0,270,0,0,0
0,1.217713,0,0,0,270,0,0,0
0,1.225198,0,0,0,270,0,0,0
0,1.232921,0,0,0,270,0,0,0
0,1.239781,0,0,0,270,0,0,0
0,1.247082,0,0,0,270,0,0,0
0,1.25505,0,0,0,270,0,0,0
0,1.262281,0,0,0,270,0,0,0
0,1.269135,0,0,0,270,0,0,0
0,1.277357,0,0,0,270,0,0,0
0,1.284592,0,0,0,270,0,0,0
0,1.292612,0,0,0,270,0,0,0
0,1.299577,0,0,0,270,0,0,0
0,1.307851,0,0,0,270,0,0,0
0,1.315634,0,0,0,270,0,0,0
0,1.323128,0,0,0,270,0,0,0
0,1.32946,0,0,0,270,0,0,0
0,1.338061,0,0,0,270,0,0,0
0,1.346356,0,0,0,270,0,0,0
0,1.35314,0,0,0,270,0,0,0
0,1.360623,0,0,0,270,0,0,0
0,1.369063,0,0,0,270,0,0,0
0,1.376381,0,0,0,270,0,0,0
0,1.382999,0,0,0,270,0,0,0
0,1.389312,0,0,0,270,0,0,0
0,1.395441,0,0,0,270,0,0,0
0,1.402261,0,0,0,270,0,0,0
0,1.408287,0,0,0,270,0,0,0
0,1.415049,0,0,0,270,0,0,0
0,1.4221,0,0,0,270,0,0,0
0,1.428828,0,0,0,270,0,0,0
0,1.435311,0,0,0,270,0,0,0
0,1.441535,0,0,0,270,0,0,0
0,1.448071,0,0,0,270,0,0,0
0,1.454842,0,0,0,270,0,0,0
0,1.461113,0,0,0,270,0,0,0
0,1.470462,0,0,0,270,0,0,0
0,1.477184,0,0,0,270,0,0,0
0,1.483753,0,0,0,270,0,0,0
0,1.491066,0,0,0,270,0,0,0
0,1.497718,0,0,0,270,0,0,0
0,1.504032,0,0,0,270,0,0,0
0,1.510462,0,0,0,270,0,0,0
0,1.51663,0,0,0,270,0,0,0
0,1.52404,0,0,0,270,0,0,0
0,1.531478,0,0,0,270,0,0,0
0,1.538556,0,0,0,270,0,0,0
0,1.546289,0,0,0,270,0,0,0
0,1.553053,0,0,0,270,0,0,0
0,1.559474,0,0,0,270,0,0,0
0,1.566294,0,0,0,270,0,0,0
0,1.57267,0,0,0,270,0,0,0
0,1.579319,0,0,0,270,0,0,0
0,1.587559,0,0,0,270,0,0,0
0,1.594165,0,0,0,270,0,0,0
0,1.599823,0,0,0,270,0,0,0
0,1.605232,0,0,0,270,0,0,0
0,1.6109,0,0,0,270,0,0,0
0,1.616476,0,0,0,270,0,0,0
0,1.622263,0,0,0,270,0,0,0
0,1.627725,0,0,0,270,0,0,0
0,1.633627,0,0,0,270,0,0,0
0,1.639516,0,0,0,270,0,0,0
0,1.645631,0,0,0,270,0,0,0
0,1.651296,0,0,0,270,0,0,0
0,1.656903,0,0,0,270,0,0,0
0,1.662189,0,0,0,270,0,0,0
0,1.667887,0,0,0,270,0,0,0
0,1.673035,0,0,0,270,0,0,0
0,1.678856,0,0,0,270,0,0,0
0,1.684838,0,0,0,270,0,0,0
0,1.690898,0,0,0,270,0,0,0
0,1.696707,0,0,0,270,0,0,0
0,1.703011,0,0,0,270,0,0,0
0,1.708649,0,0,0,270,0,0,0
0,1.714795,0,0,0,270,0,0,0
0,1.720578,0,0,0,270,0,0,0
0,1.726571,0,0,0,270,0,0,0
0,1.731968,0,0,0,270,0,0,0
0,1.738235,0,0,0,270,0,0,0
0,1.745841,0,0,0,270,0,0,0
0,1.751246,0,0,0,270,0,0,0
0,1.757246,0,0,0,270,0,0,0
0,1.76263,0,0,0,270,0,0,0
0,1.769384,0,0,0,270,0,0,0
0,1.775712,0,0,0,270,0,0,0
0,1.781692,0,0,0,270,0,0,0
0,1.787477,0,0,0,270,0,0,0
0,1.794479,0,0,0,270,0,0,0
0,1.800323,0,0,0,270,0,0,0
0,1.806787,0,0,0,270,0,0,0
0,1.813009,0,0,0,270,0,0,0
0,1.818964,0,0,0,270,0,0,0
0,1.824748,0,0,0,270,0,0,0
0,1.830462,0,0,0,270,0,0,0
0,1.836487,0,0,0,270,0,0,0
0,1.842273,0,0,0,270,0,0,0
0,1.851462,0,0,0,270,0,0,0
0,1.857673,0,0,0,270,0,0,0
0,1.863376,0,0,0,270,0,0,0
0,1.869061,0,0,0,270,0,0,0
0,1.874304,0,0,0,270,0,0,0
0,1.87995,0,0,0,270,0,0,0
0,1.885853,0,0,0,270,0,0,0
0,1.891895,0,0,0,270,0,0,0
0,1.897631,0,0,0,270,0,0,0
0,1.904645,0,0,0,270,0,0,0
0,1.911324,0,0,0,270,0,0,0
0,1.916705,0,0,0,270,0,0,0
0,1.922792,0,0,0,270,0,0,0
0,1.92827,0,0,0,270,0,0,0
0,1.934871,0,0,0,270,0,0,0
0,1.940111,0,0,0,270,0,0,0
0,1.945881,0,0,0,270,0,0,0
0,1.95084,0,0,0,270,0,0,0
0,1.956701,0,0,0,270,0,0,0
0,1.962286,0,0,0,270,0,0,0
0,1.968061,0,0,0,270,0,0,0
0,1.974533,0,0,0,270,0,0,0
0,1.980566,0,0,0,270,0,0,0
0,1.986064,0,0,0,270,0,0,0
0,1.992073,0,0,0,270,0,0,0
0,1.997659,0,0,0,270,0,0,0
0,2.003354,0,0,0,270,0,0,0
0,2.009086,0,0,0,270,0,0,0
0,2.014596,0,0,0,270,0,0,0
0,2.020096,0,0,0,270,0,0,0
0,2.025616,0,0,0,270,0,0,0
0,2.030851,0,0,0,270,0,0,0
0,2.036738,0,0,0,270,0,0,0
0,2.042342,0,0,0,270,0,0,0
0,2.048492,0,0,0,270,0,0,0
0,2.053635,0,0,0,270,0,0,0
0,2.06114,0,0,0,270,0,0,0
0,2.068044,0,0,0,270,0,0,0
0,2.074488,0,0,0,270,0,0,0
0,2.080595,0,0,0,270,0,0,0
0,2.086581,0,0,0,270,0,0,0
0,2.092907,0,0,0,270,0,0,0
0,2.099229,0,0,0,270,0,0,0
0,2.105016,0,0,0,270,0,0,0
0,2.111022,0,0,0,270,0,0,0
0,2.116495,0,0,0,270,0,0,0
0,2.123599,0,0,0,270,0,0,0
0,2.128728,0,0,0,270,0,0,0
0,2.134159,0,0,0,270,0,0,0
0,2.139157,0,0,0,270,0,0,0
0,2.1449,0,0,0,270,0,0,0
0,2.150373,0,0,0,270,0,0,0
0,2.156117,0,0,0,270,0,0,0
0,2.161782,0,0,0,270,0,0,0
0,2.167722,0,0,0,270,0,0,0
0,2.173448,0,0,0,270,0,0,0
0,2.179223,0,0,0,270,0,0,0
0,2.185603,0,0,0,270,0,0,0
0,2.192388,0,0,0,270,0,0,0
0,2.199165,0,0,0,270,0,0,0
0,2.207823,0,0,0,270,0,0,0
0,2.214116,0,0,0,270,0,0,0
0,2.220462,0,0,0,270,0,0,0
0,2.226521,0,0,0,270,0,0,0
0,2.232429,0,0,0,270,0,0,0
0,2.237719,0,0,0,270,0,0,0
0,2.243623,0,0,0,270,0,0,0
0,2.249657,0,0,0,270,0,0,0
0,2.256203,0,0,0,270,0,0,0
0,2.262347,0,0,0,270,0,0,0
0,2.26822,0,0,0,270,0,0,0
0,2.273593,0,0,0,270,0,0,0
0,2.279382,0,0,0,270,0,0,0
0,2.285104,0,0,0,270,0,0,0
0,2.290931,0,0,0,270,0,0,0
0,2.296829,0,0,0,270,0,0,0
0,2.303145,0,0,0,270,0,0,0
0,2.309225,0,0,0,270,0,0,0
0,2.315134,0,0,0,270,0,0,0
0,2.321353,0,0,0,270,0,0,0
0,2.328151,0,0,0,270,0,0,0
0,2.334576,0,0,0,270,0,0,0
0,2.340299,0,0,0,270,0,0,0
0,2.346192,0,0,0,270,0,0,0
0,2.351293,0,0,0,270,0,0,0
0,2.357701,0,0,0,270,0,0,0
0,2.363332,0,0,0,270,0,0,0
0,2.369846,0,0,0,270,0,0,0
0,2.375985,0,0,0,270,0,0,0
0,2.382716,0,0,0,270,0,0,0
0,2.389116,0,0,0,270,0,0,0
0,2.394975,0,0,0,270,0,0,0
0,2.400791,0,0,0,270,0,0,0
0,2.406287,0,0,0,270,0,0,0
0,2.411896,0,0,0,270,0,0,0
0,2.418544,0,0,0,270,0,0,0
0,2.424512,0,0,0,270,0,0,0
0,2.430089,0,0,0,270,0,0,0
0,2.436165,0,0,0,270,0,0,0
0,2.442106,0,0,0,270,0,0,0
0,2.447752,0,0,0,270,0,0,0
0,2.453121,0,0,0,270,0,0,0
0,2.458715,0,0,0,270,0,0,0
0,2.464267,0,0,0,270,0,0,0
0,2.469956,0,0,0,270,0,0,0
0,2.475041,0,0,0,270,0,0,0
0,2.480724,0,0,0,270,0,0,0
0,2.486077,0,0,0,270,0,0,0
0,2.49204,0,0,0,270,0,0,0
0,2.497345,0,0,0,270,0,0,0
0,2.503594,0,0,0,270,0,0,0
0,2.509084,0,0,0,270,0,0,0
0,2.514567,0,0,0,270,0,0,0
0,2.519774,0,0,0,270,0,0,0
0,2.525576,0,0,0,270,0,0,0
0,2.531074,0,0,0,270,0,0,0
0,2.536448,0,0,0,270,0,0,0
0,2.542313,0,0,0,270,0,0,0
0,2.548575,0,0,0,270,0,0,0
0,2.554639,0,0,0,270,0,0,0
0,2.560587,0,0,0,270,0,0,0
0,2.566967,0,0,0,270,0,0,0
0,2.575128,0,0,0,270,0,0,0
0,2.580867,0,0,0,270,0,0,0
0,2.585872,0,0,0,270,0,0,0
0,2.591486,0,0,0,270,0,0,0
0,2.596456,0,0,0,270,0,0,0
0,2.602192,0,0,0,270,0,0,0
0,2.609841,0,0,0,270,0,0,0
0,2.61572,0,0,0,270,0,0,0
0,2.621658,0,0,0,270,0,0,0
0,2.627483,0,0,0,270,0,0,0
0,2.633546,0,0,0,270,0,0,0
0,2.639328,0,0,0,270,0,0,0
0,2.645168,0,0,0,270,0,0,0
0,2.65104,0,0,0,270,0,0,0
0,2.656557,0,0,0,270,0,0,0
0,2.6622,0,0,0,270,0,0,0
0,2.668264,0,0,0,270,0,0,0
0,2.673786,0,0,0,270,0,0,0
0,2.679561,0,0,0,270,0,0,0
0,2.685067,0,0,0,270,0,0,0
0,2.690521,0,0,0,270,0,0,0
0,2.695729,0,0,0,270,0,0,0
0,2.701805,0,0,0,270,0,0,0
0,2.707203,0,0,0,270,0,0,0
0,2.713156,0,0,0,270,0,0,0
0,2.718687,0,0,0,270,0,0,0
0,2.724746,0,0,0,270,0,0,0
0,2.730328,0,0,0,270,0,0,0
0,2.736394,0,0,0,270,0,0,0
0,2.742198,0,0,0,270,0,0,0
0,2.747939,0,0,0,270,0,0,0
0,2.753458,0,0,0,270,0,0,0
0,2.759073,0,0,0,270,0,0,0
0,2.765206,0,0,0,270,0,0,0
0,2.770981,0,0,0,270,0,0,0
0,2.777616,0,0,0,270,0,0,0
0,2.78324,0,0,0,270,0,0,0
0,2.78932,0,0,0,270,0,0,0
0,2.795302,0,0,0,270,0,0,0
0,2.801673,0,0,0,270,0,0,0
0,2.807606,0,0,0,270,0,0,0
0,2.814482,0,0,0,270,0,0,0
0,2.820223,0,0,0,270,0,0,0
0,2.827301,0,0,0,270,0,0,0
0,2.833592,0,0,0,270,0,0,0
0,2.838982,0,0,0,270,0,0,0
0,2.845151,0,0,0,270,0,0,0
0,2.850477,0,0,0,270,0,0,0
0,2.856205,0,0,0,270,0,0,0
0,2.862084,0,0,0,270,0,0,0
0,2.868117,0,0,0,270,0,0,0
0,2.873855,0,0,0,270,0,0,0
0,2.879902,0,0,0,270,0,0,0
0,2.885748,0,0,0,270,0,0,0
0,2.891887,0,0,0,270,0,0,0
0,2.897493,0,0,0,270,0,0,0
0,2.903216,0,0,0,270,0,0,0
0,2.909332,0,0,0,270,0,0,0
0,2.915247,0,0,0,270,0,0,0
0,2.922139,0,0,0,270,0,0,0
0,2.92856,0,0,0,270,0,0,0
0,2.937749,0,0,0,270,0,0,0
0,2.943039,0,0,0,270,0,0,0
0,2.948667,0,0,0,270,0,0,0
0,2.953929,0,0,0,270,0,0,0
0,2.959544,0,0,0,270,0,0,0
0,2.965158,0,0,0,270,0,0,0
0,2.970798,0,0,0,270,0,0,0
0,2.976946,0,0,0,270,0,0,0
0,2.982209,0,0,0,270,0,0,0
0,2.988092,0,0,0,270,0,0,0
0,2.993607,0,0,0,270,0,0,0
0,2.999555,0,0,0,270,0,0,0
0,3.004835,0,0,0,270,0,0,0
0,3.010908,0,0,0,270,0,0,0
0,3.016448,0,0,0,270,0,0,0
0,3.021863,0,0,0,270,0,0,0
0,3.027526,0,0,0,270,0,0,0
0,3.033852,0,0,0,270,0,0,0
0,3.039227,0,0,0,270,0,0,0
0,3.044583,0,0,0,270,0,0,0
0,3.049901,0,0,0,270,0,0,0
0,3.055604,0,0,0,270,0,0,0
0,3.06145,0,0,0,270,0,0,0
0,3.067035,0,0,0,270,0,0,0
0,3.073875,0,0,0,270,0,0,0
0,3.081957,0,0,0,270,0,0,0
0,3.087464,0,0,0,270,0,0,0
0,3.093317,0,0,0,270,0,0,0
0,3.099082,0,0,0,270,0,0,0
0,3.105051,0,0,0,270,0,0,0
0,3.111722,0,0,0,270,0,0,0
0,3.117201,0,0,0,270,0,0,0
0,3.124092,0,0,0,270,0,0,0
0,3.130477,0,0,0,270,0,0,0
0,3.13659,0,0,0,270,0,0,0
0,3.142598,0,0,0,270,0,0,0
0,3.150647,0,0,0,270,0,0,0
0,3.157708,0,0,0,270,0,0,0
0,3.164634,0,0,0,270,0,0,0
0,3.170969,0,0,0,270,0,0,0
0,3.176742,0,0,0,270,0,0,0
0,3.182361,0,0,0,270,0,0,0
0,3.188309,0,0,0,270,0,0,0
0,3.193707,0,0,0,270,0,0,0
0,3.20012,0,0,0,270,0,0,0
0,3.206868,0,0,0,270,0,0,0
0,3.21283,0,0,0,270,0,0,0
0,3.218069,0,0,0,270,0,0,0
0,3.223628,0,0,0,270,0,0,0
0,3.229037,0,0,0,270,0,0,0
0,3.234869,0,0,0,270,0,0,0
0,3.240853,0,0,0,270,0,0,0
0,3.247147,0,0,0,270,0,0,0
0,3.253363,0,0,0,270,0,0,0
0,3.259067,0,0,0,270,0,0,0
0,3.264172,0,0,0,270,0,0,0
0,3.269965,0,0,0,270,0,0,0
0,3.276753,0,0,0,270,0,0,0
0,3.282148,0,0,0,270,0,0,0
0,3.288675,0,0,0,270,0,0,0
0,3.295335,0,0,0,270,0,0,0
0,3.305062,0,0,0,270,0,0,0
0,3.312577,0,0,0,270,0,0,0
0,3.319588,0,0,0,270,0,0,0
0,3.326919,0,0,0,270,0,0,0
0,3.33461,0,0,0,270,0,0,0
0,3.341725,0,0,0,270,0,0,0
0,3.349984,0,0,0,270,0,0,0
0,3.357792,0,0,0,270,0,0,0
0,3.364559,0,0,0,270,0,0,0
0,3.371579,0,0,0,270,0,0,0
0,3.379494,0,0,0,270,0,0,0
0,3.386478,0,0,0,270,0,0,0
0,3.393473,0,0,0,270,0,0,0
0,3.40118,0,0,0,270,0,0,0
0,3.408424,0,0,0,270,0,0,0
0,3.41663,0,0,0,270,0,0,0
0,3.42396,0,0,0,270,0,0,0
0,3.43113,0,0,0,270,0,0,0
0,3.439169,0,0,0,270,0,0,0
0,3.446526,0,0,0,270,0,0,0
0,3.453272,0,0,0,270,0,0,0
0,3.460627,0,0,0,270,0,0,0
0,3.469162,0,0,0,270,0,0,0
0,3.475926,0,0,0,270,0,0,0
0,3.482984,0,0,0,270,0,0,0
0,3.489944,0,0,0,270,0,0,0
0,3.495995,0,0,0,270,0,0,0
0,3.504709,0,0,0,270,0,0,0
0,3.512271,0,0,0,270,0,0,0
0,3.518869,0,0,0,270,0,0,0
0,3.525414,0,0,0,270,0,0,0
0,3.531545,0,0,0,270,0,0,0
0,3.537806,0,0,0,270,0,0,0
0,3.54459,0,0,0,270,0,0,0
0,3.551859,0,0,0,270,0,0,0
0,3.559276,0,0,0,270,0,0,0
0,3.566795,0,0,0,270,0,0,0
0,3.573146,0,0,0,270,0,0,0
0,3.580922,0,0,0,270,0,0,0
0,3.58727,0,0,0,270,0,0,0
0,3.594401,0,0,0,270,0,0,0
0,3.601807,0,0,0,270,0,0,0
0,3.608498,0,0,0,270,0,0,0
0,3.614983,0,0,0,270,0,0,0
0,3.622036,0,0,0,270,0,0,0
0,3.629804,0,0,0,270,0,0,0
0,3.636784,0,0,0,270,0,0,0
0,3.643642,0,0,0,270,0,0,0
0,3.649608,0,0,0,270,0,0,0
0,3.656732,0,0,0,270,0,0,0
0,3.662671,0,0,0,270,0,0,0
0,3.669136,0,0,0,270,0,0,0
0,3.675518,0,0,0,270,0,0,0
0,3.681695,0,0,0,270,0,0,0
0,3.688003,0,0,0,270,0,0,0
0,3.693917,0,0,0,270,0,0,0
0,3.700037,0,0,0,270,0,0,0
0,3.706155,0,0,0,270,0,0,0
0,3.71221,0,0,0,270,0,0,0
0,3.717848,0,0,0,270,0,0,0
0,3.72416,0,0,0,270,0,0,0
0,3.730452,0,0,0,270,0,0,0
0,3.739958,0,0,0,270,0,0,0
0,3.747164,0,0,0,270,0,0,0
0,3.752575,0,0,0,270,0,0,0
0,3.759051,0,0,0,270,0,0,0
0,3.764315,0,0,0,270,0,0,0
0,3.770064,0,0,0,270,0,0,0
0,3.775329,0,0,0,270,0,0,0
0,3.781643,0,0,0,270,0,0,0
0,3.787298,0,0,0,270,0,0,0
0,3.79358,0,0,0,270,0,0,0
0,3.799966,0,0,0,270,0,0,0
0,3.805547,0,0,0,270,0,0,0
0,3.812209,0,0,0,270,0,0,0
0,3.818897,0,0,0,270,0,0,0
0,3.824856,0,0,0,270,0,0,0
0,3.831312,0,0,0,270,0,0,0
0,3.838052,0,0,0,270,0,0,0
0,3.844144,0,0,0,270,0,0,0
0,3.850319,0,0,0,270,0,0,0
0,3.856274,0,0,0,270,0,0,0
0,3.861921,0,0,0,270,0,0,0
0,3.867911,0,0,0,270,0,0,0
0,3.873523,0,0,0,270,0,0,0
0,3.879602,0,0,0,270,0,0,0
0,3.884815,0,0,0,270,0,0,0
0,3.890369,0,0,0,270,0,0,0
0,3.896905,0,0,0,270,0,0,0
0,3.902807,0,0,0,270,0,0,0
0,3.90825,0,0,0,270,0,0,0
0,3.913827,0,0,0,270,0,0,0
0,3.919276,0,0,0,270,0,0,0
0,3.926491,0,0,0,270,0,0,0
0,3.933573,0,0,0,270,0,0,0
0,3.939826,0,0,0,270,0,0,0
0,3.946021,0,0,0,270,0,0,0
0,3.951152,0,0,0,270,0,0,0
0,3.956933,0,0,0,270,0,0,0
0,3.96216,0,0,0,270,0,0,0
0,3.9677,0,0,0,270,0,0,0
0,3.973942,0,0,0,270,0,0,0
0,3.979764,0,0,0,270,0,0,0
0,3.985581,0,0,0,270,0,0,0
0,3.990996,0,0,0,270,0,0,0
0,3.996374,0,0,0,270,0,0,0
0,4.002101,0,0,0,270,0,0,0
0,4.007968,0,0,0,270,0,0,0
0,4.014103,0,0,0,270,0,0,0
0,4.019808,0,0,0,270,0,0,0
0,4.025521,0,0,0,270,0,0,0
0,4.031181,0,0,0,270,0,0,0
0,4.037247,0,0,0,270,0,0,0
0,4.042646,0,0,0,270,0,0,0
0,4.047957,0,0,0,270,0,0,0
0,4.053255,0,0,0,270,0,0,0
0,4.058674,0,0,0,270,0,0,0
0,4.06435,0,0,0,270,0,0,0
0,4.069805,0,0,0,270,0,0,0
0,4.075309,0,0,0,270,0,0,0
0,4.081003,0,0,0,270,0,0,0
0,4.086668,0,0,0,270,0,0,0
0,4.092492,0,0,0,270,0,0,0
0,4.098371,0,0,0,270,0,0,0
0,4.108238,0,0,0,270,0,0,0
0,4.115664,0,0,0,270,0,0,0
0,4.122878,0,0,0,270,0,0,0
0,4.128883,0,0,0,270,0,0,0
0,4.135599,0,0,0,270,0,0,0
0,4.141678,0,0,0,270,0,0,0
0,4.147845,0,0,0,270,0,0,0
0,4.153827,0,0,0,270,0,0,0
0,4.159747,0,0,0,270,0,0,0
0,4.166015,0,0,0,270,0,0,0
0,4.17128,0,0,0,270,0,0,0
0,4.177529,0,0,0,270,0,0,0
0,4.183202,0,0,0,270,0,0,0
0,4.189042,0,0,0,270,0,0,0
0,4.194358,0,0,0,270,0,0,0
0,4.200078,0,0,0,270,0,0,0
0,4.20564,0,0,0,270,0,0,0
0,4.212011,0,0,0,270,0,0,0
0,4.218299,0,0,0,270,0,0,0
0,4.22433,0,0,0,270,0,0,0
0,4.22969,0,0,0,270,0,0,0
0,4.235429,0,0,0,270,0,0,0
0,4.240893,0,0,0,270,0,0,0
0,4.246551,0,0,0,270,0,0,0
0,4.252318,0,0,0,270,0,0,0
0,4.257967,0,0,0,270,0,0,0
0,4.263258,0,0,0,270,0,0,0
0,4.269403,0,0,0,270,0,0,0
0,4.275597,0,0,0,270,0,0,0
0,4.281535,0,0,0,270,0,0,0
0,4.287802,0,0,0,270,0,0,0
0,4.293197,0,0,0,270,0,0,0
0,4.299078,0,0,0,270,0,0,0
0,4.304756,0,0,0,270,0,0,0
0,4.310673,0,0,0,270,0,0,0
0,4.316625,0,0,0,270,0,0,0
0,4.322775,0,0,0,270,0,0,0
0,4.328361,0,0,0,270,0,0,0
0,4.335071,0,0,0,270,0,0,0
0,4.341995,0,0,0,270,0,0,0
0,4.347654,0,0,0,270,0,0,0
0,4.354189,0,0,0,270,0,0,0
0,4.360527,0,0,0,270,0,0,0
0,4.367208,0,0,0,270,0,0,0
0,4.373814,0,0,0,270,0,0,0
0,4.379225,0,0,0,270,0,0,0
0,4.384438,0,0,0,270,0,0,0
0,4.390478,0,0,0,270,0,0,0
0,4.396327,0,0,0,270,0,0,0
0,4.40404,0,0,0,270,0,0,0
0,4.410868,0,0,0,270,0,0,0
0,4.416823,0,0,0,270,0,0,0
0,4.423582,0,0,0,270,0,0,0
0,4.429192,0,0,0,270,0,0,0
0,4.435815,0,0,0,270,0,0,0
0,4.442304,0,0,0,270,0,0,0
0,4.449964,0,0,0,270,0,0,0
0,4.458035,0,0,0,270,0,0,0
0,4.465176,0,0,0,270,0,0,0
0,4.472856,0,0,0,270,0,0,0
0,4.481794,0,0,0,270,0,0,0
0,4.489804,0,0,0,270,0,0,0
0,4.498005,0,0,0,270,0,0,0
0,4.508934,0,0,0,270,0,0,0
0,4.516259,0,0,0,270,0,0,0
0,4.524126,0,0,0,270,0,0,0
0,4.530694,0,0,0,270,0,0,0
0,4.538084,0,0,0,270,0,0,0
0,4.545488,0,0,0,270,0,0,0
0,4.551829,0,0,0,270,0,0,0
0,4.558919,0,0,0,270,0,0,0
0,4.566975,0,0,0,270,0,0,0
0,4.574956,0,0,0,270,0,0,0
0,4.582953,0,0,0,270,0,0,0
0,4.590222,0,0,0,270,0,0,0
0,4.597307,0,0,0,270,0,0,0
0,4.604815,0,0,0,270,0,0,0
0,4.612801,0,0,0,270,0,0,0
0,4.622341,0,0,0,270,0,0,0
0,4.629639,0,0,0,270,0,0,0
0,4.638115,0,0,0,270,0,0,0
0,4.64642,0,0,0,270,0,0,0
0,4.65259,0,0,0,270,0,0,0
0,4.659239,0,0,0,270,0,0,0
0,4.665752,0,0,0,270,0,0,0
0,4.671311,0,0,0,270,0,0,0
0,4.678652,0,0,0,270,0,0,0
0,4.685847,0,0,0,270,0,0,0
0,4.693325,0,0,0,270,0,0,0
0,4.702648,0,0,0,270,0,0,0
0,4.71123,0,0,0,270,0,0,0
0,4.718109,0,0,0,270,0,0,0
0,4.725972,0,0,0,270,0,0,0
0,4.733111,0,0,0,270,0,0,0
0,4.739467,0,0,0,270,0,0,0
0,4.746559,0,0,0,270,0,0,0
0,4.752367,0,0,0,270,0,0,0
0,4.758949,0,0,0,270,0,0,0
0,4.764845,0,0,0,270,0,0,0
0,4.771578,0,0,0,270,0,0,0
0,4.77855,0,0,0,270,0,0,0
0,4.785062,0,0,0,270,0,0,0
0,4.791855,0,0,0,270,0,0,0
0,4.797582,0,0,0,270,0,0,0
0,4.803661,0,0,0,270,0,0,0
0,4.809706,0,0,0,270,0,0,0
0,4.816423,0,0,0,270,0,0,0
0,4.822798,0,0,0,270,0,0,0
0,4.828812,0,0,0,270,0,0,0
0,4.835274,0,0,0,270,0,0,0
0,4.841594,0,0,0,270,0,0,0
0,4.848029,0,0,0,270,0,0,0
0,4.853544,0,0,0,270,0,0,0
0,4.86026,0,0,0,270,0,0,0
0,4.866143,0,0,0,270,0,0,0
0,4.871167,0,0,0,270,0,0,0
0,4.87687,0,0,0,270,0,0,0
0,4.882164,0,0,0,270,0,0,0
0,4.887827,0,0,0,270,0,0,0
0,4.893132,0,0,0,270,0,0,0
0,4.898799,0,0,0,270,0,0,0
0,4.905751,0,0,0,270,0,0,0
0,4.911833,0,0,0,270,0,0,0
0,4.918232,0,0,0,270,0,0,0
0,4.924619,0,0,0,270,0,0,0
0,4.933834,0,0,0,270,0,0,0
0,4.939975,0,0,0,270,0,0,0
0,4.946306,0,0,0,270,0,0,0
0,4.954254,0,0,0,270,0,0,0
0,4.961231,0,0,0,270,0,0,0
0,4.96874,0,0,0,270,0,0,0
0,4.975134,0,0,0,270,0,0,0
0,4.981441,0,0,0,270,0,0,0
0,4.988579,0,0,0,270,0,0,0
0,4.996875,0,0,0,270,0,0,0
0,5.003746,0,0,0,270,0,0,0
0,5.0094,0,0,0,270,0,0,0
0,5.016195,0,0,0,270,0,0,0
0,5.022645,0,0,0,270,0,0,0
0,5.02883,0,0,0,270,0,0,0
0,5.035378,0,0,0,270,0,0,0
0,5.041549,0,0,0,270,0,0,0
0,5.047724,0,0,0,270,0,0,0
0,5.053192,0,0,0,270,0,0,0
0,5.058973,0,0,0,270,0,0,0
0,5.064884,0,0,0,270,0,0,0
0,5.07108,0,0,0,270,0,0,0
0,5.077322,0,0,0,270,0,0,0
0,5.083525,0,0,0,270,0,0,0
0,5.089665,0,0,0,270,0,0,0
0,5.094913,0,0,0,270,0,0,0
0,5.101072,0,0,0,270,0,0,0
0,5.107231,0,0,0,270,0,0,0
0,5.113314,0,0,0,270,0,0,0
0,5.121025,0,0,0,270,0,0,0
0,5.128996,0,0,0,270,0,0,0
0,5.135745,0,0,0,270,0,0,0
0,5.142265,0,0,0,270,0,0,0
0,5.148132,0,0,0,270,0,0,0
0,5.156026,0,0,0,270,0,0,0
0,5.161621,0,0,0,270,0,0,0
0,5.16806,0,0,0,270,0,0,0
0,5.173585,0,0,0,270,0,0,0
0,5.180065,0,0,0,270,0,0,0
0,5.185769,0,0,0,270,0,0,0
0,5.191973,0,0,0,270,0,0,0
0,5.197431,0,0,0,270,0,0,0
0,5.203903,0,0,0,270,0,0,0
0,5.209436,0,0,0,270,0,0,0
0,5.215539,0,0,0,270,0,0,0
0,5.221482,0,0,0,270,0,0,0
0,5.227557,0,0,0,270,0,0,0
0,5.234084,0,0,0,270,0,0,0
0,5.240258,0,0,0,270,0,0,0
0,5.246685,0,0,0,270,0,0,0
0,5.252682,0,0,0,270,0,0,0
0,5.258999,0,0,0,270,0,0,0
0,5.264707,0,0,0,270,0,0,0
0,5.270578,0,0,0,270,0,0,0
0,5.27675,0,0,0,270,0,0,0
0,5.282357,0,0,0,270,0,0,0
0,5.288364,0,0,0,270,0,0,0
0,5.293624,0,0,0,270,0,0,0
0,5.299533,0,0,0,270,0,0,0
0,5.304662,0,0,0,270,0,0,0
0,5.310558,0,0,0,270,0,0,0
0,5.315893,0,0,0,270,0,0,0
0,5.322598,0,0,0,270,0,0,0
0,5.33122,0,0,0,270,0,0,0
0,5.336985,0,0,0,270,0,0,0
0,5.342417,0,0,0,270,0,0,0
0,5.348348,0,0,0,270,0,0,0
0,5.354662,0,0,0,270,0,0,0
0,5.361024,0,0,0,270,0,0,0
0,5.366916,0,0,0,270,0,0,0
0,5.372924,0,0,0,270,0,0,0
0,5.379055,0,0,0,270,0,0,0
0,5.384951,0,0,0,270,0,0,0
0,5.391536,0,0,0,270,0,0,0
0,5.397062,0,0,0,270,0,0,0
0,5.403146,0,0,0,270,0,0,0
0,5.409153,0,0,0,270,0,0,0
0,5.415411,0,0,0,270,0,0,0
0,5.422707,0,0,0,270,0,0,0
0,5.428489,0,0,0,270,0,0,0
0,5.434329,0,0,0,270,0,0,0
0,5.440153,0,0,0,270,0,0,0
0,5.446297,0,0,0,270,0,0,0
0,5.452356,0,0,0,270,0,0,0
0,5.458088,0,0,0,270,0,0,0
0,5.463609,0,0,0,270,0,0,0
0,5.469546,0,0,0,270,0,0,0
0,5.47529,0,0,0,270,0,0,0
0,5.481653,0,0,0,270,0,0,0
0,5.487293,0,0,0,270,0,0,0
0,5.493883,0,0,0,270,0,0,0
0,5.499806,0,0,0,270,0,0,0
0,5.505161,0,0,0,270,0,0,0
0,5.511317,0,0,0,270,0,0,0
0,5.51718,0,0,0,270,0,0,0
0,5.523634,0,0,0,270,0,0,0
0,5.531794,0,0,0,270,0,0,0
0,5.53951,0,0,0,270,0,0,0
0,5.546302,0,0,0,270,0,0,0
0,5.553333,0,0,0,270,0,0,0
0,5.560017,0,0,0,270,0,0,0
0,5.566655,0,0,0,270,0,0,0
0,5.573614,0,0,0,270,0,0,0
0,5.58136,0,0,0,270,0,0,0
0,5.590113,0,0,0,270,0,0,0
0,5.598069,0,0,0,270,0,0,0
0,5.606413,0,0,0,270,0,0,0
0,5.615395,0,0,0,270,0,0,0
0,5.623755,0,0,0,270,0,0,0
0,5.630781,0,0,0,270,0,0,0
0,5.638639,0,0,0,270,0,0,0
0,5.646171,0,0,0,270,0,0,0
0,5.656194,0,0,0,270,0,0,0
0,5.664723,0,0,0,270,0,0,0
0,5.672492,0,0,0,270,0,0,0
0,5.679419,0,0,0,270,0,0,0
0,5.686254,0,0,0,270,0,0,0
0,5.694068,0,0,0,270,0,0,0
0,5.70175,0,0,0,270,0,0,0
0,5.70886,0,0,0,270,0,0,0
0,5.715928,0,0,0,270,0,0,0
0,5.723252,0,0,0,270,0,0,0
0,5.729982,0,0,0,270,0,0,0
0,5.737845,0,0,0,270,0,0,0
0,5.746258,0,0,0,270,0,0,0
0,5.754955,0,0,0,270,0,0,0
0,5.768627,0,0,0,270,0,0,0
0,5.775618,0,0,0,270,0,0,0
0,5.783159,0,0,0,270,0,0,0
0,5.790566,0,0,0,270,0,0,0
0,5.796795,0,0,0,270,0,0,0
1,5.811508,0,0,0,270,0,0,0
1,5.820302,0,0,0,270,0,0,0
1,5.829984,0,0,0,330.0184,3,0,5.2
1,5.837656,0,0,0,330.0184,3,0,5.2
1,5.845189,0,0,0,330.0184,3,0,5.2
1,5.852162,0,0,0,330.0184,3,0,5.2
1,5.860466,0,0,0,330.0184,3,0,5.2
1,5.86866,0,0,0,330.0184,3,0,5.2
1,5.877888,0,0,0,330.0184,3,0,5.2
1,5.886061,0,0,0,330.0184,3,0,5.2
1,5.894984,0,0,0,330.0184,3,0,5.2
1,5.901988,0,0,0,330.0184,3,0,5.2
1,5.909038,0,0,0,330.0184,3,0,5.2
1,5.916507,0,0,0,330.0184,3,0,5.2
1,5.924345,0,0,0,330.0184,3,0,5.2
1,5.930962,0,0,0,330.0184,3,0,5.2
1,5.938536,0,0,0,330.0184,3,0,5.2
1,5.945945,0,0,0,330.0184,3,0,5.2
1,5.952291,0,0,0,330.0184,3,0,5.2
1,5.959488,0,0,0,330.0184,3,0,5.2
1,5.966385,0,0,0,330.0184,3,0,5.2
1,5.972452,0,0,0,330.0184,3,0,5.2
1,5.978695,0,0,0,330.0184,3,0,5.2
1,5.984264,0,0,0,330.0184,3,0,5.2
1,5.990546,0,0,0,330.0184,3,0,5.2
1,5.996416,0,0,0,330.0184,3,0,5.2
1,6.002711,0,0,0,330.0184,3,0,5.2
1,6.010228,0,0,0,330.0184,3,0,5.2
1,6.017475,0,0,0,330.0184,3,0,5.2
1,6.023616,0,0,0,330.0184,3,0,5.2
1,6.029995,0,0,0,330.0184,3,0,5.2
1,6.037206,0,0,0,330.0184,3,0,5.2
1,6.044152,0,0,0,330.0184,3,0,5.2
1,6.050506,0,0,0,330.0184,3,0,5.2
1,6.056682,0,0,0,330.0184,3,0,5.2
1,6.063106,0,0,0,330.0184,3,0,5.2
1,6.070611,0,0,0,330.0184,3,0,5.2
1,6.077781,0,0,0,330.0184,3,0,5.2
1,6.084281,0,0,0,330.0184,3,0,5.2
1,6.091074,0,0,0,330.0184,3,0,5.2
1,6.097306,0,0,0,330.0184,3,0,5.2
1,6.104193,0,0,0,330.0184,3,0,5.2
1,6.110862,0,0,0,330.0184,3,0,5.2
1,6.118473,0,0,0,330.0184,3,0,5.2
1,6.126495,0,0,0,330.0184,3,0,5.2
1,6.134174,0,0,0,330.0184,3,0,5.2
1,6.141752,0,0,0,330.0184,3,0,5.2
1,6.149139,0,0,0,330.0184,3,0,5.2
1,6.156376,0,0,0,330.0184,3,0,5.2
1,6.161977,0,0,0,330.0184,3,0,5.2
1,6.169305,0,0,0,330.0184,3,0,5.2
1,6.175436,0,0,0,330.0184,3,0,5.2
1,6.181434,0,0,0,330.0184,3,0,5.2
1,6.18675,0,0,0,330.0184,3,0,5.2
1,6.192935,0,0,0,330.0184,3,0,5.2
1,6.199545,0,0,0,330.0184,3,0,5.2
1,6.20558,0,0,0,330.0184,3,0,5.2
1,6.211507,0,0,0,330.0184,3,0,5.2
1,6.224231,0,0,0,330.0184,3,0,5.2
1,6.233471,0,0,0,330.0184,3,0,5.2
1,6.239421,0,0,0,330.0184,3,0,5.2
1,6.24586,0,0,0,330.0184,3,0,5.2
1,6.251402,0,0,0,330.0184,3,0,5.2
1,6.257776,0,0,0,330.0184,3,0,5.2
1,6.263472,0,0,0,330.0184,3,0,5.2
1,6.269553,0,0,0,330.0184,3,0,5.2
1,6.275398,0,0,0,330.0184,3,0,5.2
1,6.28189,0,0,0,330.0184,3,0,5.2
1,6.2885,0,0,0,330.0184,3,0,5.2
1,6.294256,0,0,0,330.0184,3,0,5.2
1,6.300627,0,0,0,330.0184,3,0,5.2
1,6.306318,0,0,0,330.0184,3,0,5.2
1,6.312711,0,0,0,330.0184,3,0,5.2
1,6.318582,0,0,0,330.0184,3,0,5.2
1,6.324786,0,0,0,330.0184,3,0,5.2
1,6.330501,0,0,0,330.0184,3,0,5.2
1,6.337166,0,0,0,330.0184,3,0,5.2
1,6.342875,0,0,0,330.0184,3,0,5.2
1,6.348681,0,0,0,330.0184,3,0,5.2
1,6.354812,0,0,0,330.0184,3,0,5.2
1,6.360159,0,0,0,330.0184,3,0,5.2
1,6.366587,0,0,0,330.0184,3,0,5.2
1,6.372904,0,0,0,330.0184,3,0,5.2
1,6.378932,0,0,0,330.0184,3,0,5.2
1,6.384697,0,0,0,330.0184,3,0,5.2
1,6.391909,0,0,0,330.0184,3,0,5.2
1,6.397965,0,0,0,330.0184,3,0,5.2
1,6.405263,0,0,0,330.0184,3,0,5.2
1,6.411012,0,0,0,330.0184,3,0,5.2
1,6.416976,0,0,0,330.0184,3,0,5.2
1,6.422738,0,0,0,330.0184,3,0,5.2
1,6.428322,0,0,0,330.0184,3,0,5.2
1,6.434701,0,0,0,330.0184,3,0,5.2
1,6.440887,0,0,0,330.0184,3,0,5.2
1,6.447003,0,0,0,330.0184,3,0,5.2
1,6.453408,0,0,0,330.0184,3,0,5.2
1,6.459201,0,0,0,330.0184,3,0,5.2
1,6.465209,0,0,0,330.0184,3,0,5.2
1,6.471225,0,0,0,330.0184,3,0,5.2
1,6.477861,0,0,0,330.0184,3,0,5.2
1,6.483616,0,0,0,330.0184,3,0,5.2
1,6.489821,0,0,0,330.0184,3,0,5.2
1,6.495623,0,0,0,330.0184,3,0,5.2
1,6.502189,0,0,0,330.0184,3,0,5.2
1,6.507625,0,0,0,330.0184,3,0,5.2
1,6.518588,0,0,0,330.0184,3,0,5.2
1,6.524815,0,0,0,330.0184,3,0,5.2
1,6.530592,0,0,0,330.0184,3,0,5.2
1,6.53659,0,0,0,330.0184,3,0,5.2
1,6.542579,0,0,0,330.0184,3,0,5.2
1,6.548826,0,0,0,330.0184,3,0,5.2
1,6.555633,0,0,0,330.0184,3,0,5.2
1,6.562377,0,0,0,330.0184,3,0,5.2
1,6.568655,0,0,0,330.0184,3,0,5.2
1,6.574746,0,0,0,330.0184,3,0,5.2
1,6.581235,0,0,0,330.0184,3,0,5.2
1,6.586731,0,0,0,330.0184,3,0,5.2
1,6.5936,0,0,0,330.0184,3,0,5.2
1,6.602953,0,0,0,330.0184,3,0,5.2
1,6.609335,0,0,0,330.0184,3,0,5.2
1,6.616641,0,0,0,330.0184,3,0,5.2
1,6.623508,0,0,0,330.0184,3,0,5.2
1,6.62969,0,0,0,330.0184,3,0,5.2
1,6.636084,0,0,0,330.0184,3,0,5.2
1,6.642651,0,0,0,330.0184,3,0,5.2
1,6.649261,0,0,0,330.0184,3,0,5.2
1,6.657031,0,0,0,330.0184,3,0,5.2
1,6.663385,0,0,0,330.0184,3,0,5.2
1,6.671233,0,0,0,330.0184,3,0,5.2
1,6.680168,0,0,0,330.0184,3,0,5.2
1,6.68666,0,0,0,330.0184,3,0,5.2
1,6.694233,0,0,0,330.0184,3,0,5.2
1,6.701682,0,0,0,330.0184,3,0,5.2
1,6.708707,0,0,0,330.0184,3,0,5.2
1,6.716098,0,0,0,330.0184,3,0,5.2
1,6.723574,0,0,0,330.0184,3,0,5.2
1,6.731433,0,0,0,330.0184,3,0,5.2
1,6.739568,0,0,0,330.0184,3,0,5.2
1,6.747436,0,0,0,330.0184,3,0,5.2
1,6.75598,0,0,0,330.0184,3,0,5.2
1,6.763978,0,0,0,330.0184,3,0,5.2
1,6.772291,0,0,0,330.0184,3,0,5.2
1,6.780511,0,0,0,330.0184,3,0,5.2
1,6.788504,0,0,0,330.0184,3,0,5.2
1,6.795747,0,0,0,330.0184,3,0,5.2
1,6.803573,0,0,0,330.0184,3,0,5.2
1,6.81129,0,0,0,330.0184,3,0,5.2
1,6.818492,0,0,0,330.0184,3,0,5.2
1,6.826008,0,0,0,330.0184,3,0,5.2
1,6.833147,0,0,0,330.0184,3,0,5.2
1,6.83973,0,0,0,330.0184,3,0,5.2
1,6.847931,0,0,0,330.0184,3,0,5.2
1,6.855373,0,0,0,330.0184,3,0,5.2
1,6.862693,0,0,0,330.0184,3,0,5.2
1,6.871588,0,0,0,330.0184,3,0,5.2
1,6.880706,0,0,0,330.0184,3,0,5.2
1,6.888594,0,0,0,330.0184,3,0,5.2
1,6.896153,0,0,0,330.0184,3,0,5.2
1,6.904068,0,0,0,330.0184,3,0,5.2
1,6.910707,0,0,0,330.0184,3,0,5.2
1,6.916993,0,0,0,330.0184,3,0,5.2
1,6.923743,0,0,0,330.0184,3,0,5.2
1,6.93018,0,0,0,330.0184,3,0,5.2
1,6.937447,0,0,0,330.0184,3,0,5.2
1,6.944345,0,0,0,330.0184,3,0,5.2
1,6.95117,0,0,0,330.0184,3,0,5.2
1,6.95849,0,0,0,330.0184,3,0,5.2
1,6.965022,0,0,0,330.0184,3,0,5.2
1,6.972484,0,0,0,330.0184,3,0,5.2
1,6.98088,0,0,0,330.0184,3,0,5.2
1,6.990335,0,0,0,330.0184,3,0,5.2
1,6.99743,0,0,0,330.0184,3,0,5.2
1,7.003969,0,0,0,330.0184,3,0,5.2
1,7.010522,0,0,0,330.0184,3,0,5.2
1,7.016952,0,0,0,330.0184,3,0,5.2
1,7.024418,0,0,0,330.0184,3,0,5.2
1,7.031076,0,0,0,330.0184,3,0,5.2
1,7.043046,0,0,0,330.0184,3,0,5.2
1,7.050587,0,0,0,330.0184,3,0,5.2
1,7.057228,0,0,0,330.0184,3,0,5.2
1,7.063305,0,0,0,330.0184,3,0,5.2
1,7.069647,0,0,0,330.0184,3,0,5.2
1,7.075682,0,0,0,330.0184,3,0,5.2
1,7.083067,0,0,0,330.0184,3,0,5.2
1,7.089598,0,0,0,330.0184,3,0,5.2
1,7.09584,0,0,0,330.0184,3,0,5.2
1,7.101664,0,0,0,330.0184,3,0,5.2
1,7.107181,0,0,0,330.0184,3,0,5.2
1,7.112955,0,0,0,330.0184,3,0,5.2
1,7.118411,0,0,0,330.0184,3,0,5.2
1,7.124498,0,0,0,330.0184,3,0,5.2
1,7.130135,0,0,0,330.0184,3,0,5.2
1,7.136344,0,0,0,330.0184,3,0,5.2
1,7.142299,0,0,0,330.0184,3,0,5.2
1,7.14965,0,0,0,330.0184,3,0,5.2
1,7.156698,0,0,0,330.0184,3,0,5.2
1,7.164761,0,0,0,330.0184,3,0,5.2
1,7.171715,0,0,0,330.0184,3,0,5.2
1,7.179684,0,0,0,330.0184,3,0,5.2
1,7.186178,0,0,0,330.0184,3,0,5.2
1,7.193799,0,0,0,330.0184,3,0,5.2
1,7.201157,0,0,0,330.0184,3,0,5.2
1,7.208405,0,0,0,330.0184,3,0,5.2
1,7.215275,0,0,0,330.0184,3,0,5.2
1,7.223745,0,0,0,330.0184,3,0,5.2
1,7.229697,0,0,0,330.0184,3,0,5.2
1,7.23669,0,0,0,330.0184,3,0,5.2
1,7.243589,0,0,0,330.0184,3,0,5.2
1,7.250704,0,0,0,330.0184,3,0,5.2
1,7.25859,0,0,0,330.0184,3,0,5.2
1,7.26498,0,0,0,330.0184,3,0,5.2
1,7.271675,0,0,0,330.0184,3,0,5.2
1,7.27808,0,0,0,330.0184,3,0,5.2
1,7.285105,0,0,0,330.0184,3,0,5.2
1,7.291311,0,0,0,330.0184,3,0,5.2
1,7.297596,0,0,0,330.0184,3,0,5.2
1,7.303784,0,0,0,330.0184,3,0,5.2
1,7.310196,0,0,0,330.0184,3,0,5.2
1,7.31638,0,0,0,330.0184,3,0,5.2
1,7.322666,0,0,0,330.0184,3,0,5.2
1,7.328718,0,0,0,330.0184,3,0,5.2
1,7.335589,0,0,0,330.0184,3,0,5.2
1,7.341197,0,0,0,330.0184,3,0,5.2
1,7.347684,0,0,0,330.0184,3,0,5.2
1,7.353861,0,0,0,330.0184,3,0,5.2
1,7.360262,0,0,0,330.0184,3,0,5.2
1,7.366283,0,0,0,330.0184,3,0,5.2
1,7.371773,0,0,0,330.0184,3,0,5.2
1,7.378092,0,0,0,330.0184,3,0,5.2
1,7.383822,0,0,0,330.0184,3,0,5.2
1,7.391628,0,0,0,330.0184,3,0,5.2
1,7.397867,0,0,0,330.0184,3,0,5.2
1,7.404502,0,0,0,330.0184,3,0,5.2
1,7.41037,0,0,0,330.0184,3,0,5.2
1,7.416397,0,0,0,330.0184,3,0,5.2
1,7.422989,0,0,0,330.0184,3,0,5.2
1,7.429554,0,0,0,330.0184,3,0,5.2
1,7.438795,0,0,0,330.0184,3,0,5.2
1,7.445415,0,0,0,330.0184,3,0,5.2
1,7.452137,0,0,0,330.0184,3,0,5.2
1,7.460047,0,0,0,330.0184,3,0,5.2
1,7.467561,0,0,0,330.0184,3,0,5.2
1,7.473992,0,0,0,330.0184,3,0,5.2
1,7.480893,0,0,0,330.0184,3,0,5.2
1,7.487385,0,0,0,330.0184,3,0,5.2
1,7.493591,0,0,0,330.0184,3,0,5.2
1,7.500284,0,0,0,330.0184,3,0,5.2
1,7.506654,0,0,0,330.0184,3,0,5.2
1,7.513574,0,0,0,330.0184,3,0,5.2
1,7.520154,0,0,0,330.0184,3,0,5.2
1,7.527136,0,0,0,330.0184,3,0,5.2
1,7.533985,0,0,0,330.0184,3,0,5.2
1,7.540127,0,0,0,330.0184,3,0,5.2
1,7.547068,0,0,0,330.0184,3,0,5.2
1,7.553401,0,0,0,330.0184,3,0,5.2
1,7.559511,0,0,0,330.0184,3,0,5.2
1,7.566508,0,0,0,330.0184,3,0,5.2
1,7.572901,0,0,0,330.0184,3,0,5.2
1,7.580644,0,0,0,330.0184,3,0,5.2
1,7.586871,0,0,0,330.0184,3,0,5.2
1,7.594468,0,0,0,330.0184,3,0,5.2
1,7.601034,0,0,0,330.0184,3,0,5.2
1,7.607717,0,0,0,330.0184,3,0,5.2
1,7.614215,0,0,0,330.0184,3,0,5.2
1,7.620556,0,0,0,330.0184,3,0,5.2
1,7.628516,0,0,0,330.0184,3,0,5.2
1,7.635811,0,0,0,330.0184,3,0,5.2
1,7.642863,0,0,0,330.0184,3,0,5.2
1,7.649291,0,0,0,330.0184,3,0,5.2
1,7.65574,0,0,0,330.0184,3,0,5.2
1,7.662749,0,0,0,330.0184,3,0,5.2
1,7.669406,0,0,0,330.0184,3,0,5.2
1,7.676168,0,0,0,330.0184,3,0,5.2
1,7.682784,0,0,0,330.0184,3,0,5.2
1,7.691559,0,0,0,330.0184,3,0,5.2
1,7.699883,0,0,0,330.0184,3,0,5.2
1,7.711323,0,0,0,330.0184,3,0,5.2
1,7.718426,0,0,0,330.0184,3,0,5.2
1,7.724715,0,0,0,330.0184,3,0,5.2
1,7.730976,0,0,0,330.0184,3,0,5.2
1,7.738541,0,0,0,330.0184,3,0,5.2
1,7.745553,0,0,0,330.0184,3,0,5.2
1,7.752329,0,0,0,330.0184,3,0,5.2
1,7.759515,0,0,0,330.0184,3,0,5.2
1,7.766259,0,0,0,330.0184,3,0,5.2
1,7.775568,0,0,0,330.0184,3,0,5.2
1,7.784638,0,0,0,330.0184,3,0,5.2
1,7.794504,0,0,0,330.0184,3,0,5.2
1,7.803536,0,0,0,330.0184,3,0,5.2
1,7.810791,0,0,0,330.0184,3,0,5.2
1,7.81734,0,0,0,330.0184,3,0,5.2
1,7.827418,0,0,0,330.0184,3,0,5.2
1,7.838929,0,0,0,330.0184,3,0,5.2
1,7.849279,0,0,0,330.0184,3,0,5.2
1,7.857972,0,0,0,330.0184,3,0,5.2
1,7.870107,0,0,0,330.0184,3,0,5.2
1,7.880015,0,0,0,330.0184,3,0,5.2
1,7.889833,0,0,0,330.0184,3,0,5.2
1,7.897824,0,0,0,330.0184,3,0,5.2
1,7.906365,0,0,0,330.0184,3,0,5.2
1,7.915968,0,0,0,330.0184,3,0,5.2
1,7.924164,0,0,0,330.0184,3,0,5.2
1,7.931682,0,0,0,330.0184,3,0,5.2
1,7.94086,0,0,0,330.0184,3,0,5.2
1,7.94895,0,0,0,330.0184,3,0,5.2
1,7.95653,0,0,0,330.0184,3,0,5.2
1,7.963514,0,0,0,330.0184,3,0,5.2
1,7.971094,0,0,0,330.0184,3,0,5.2
1,7.978717,0,0,0,330.0184,3,0,5.2
1,7.98649,0,0,0,330.0184,3,0,5.2
1,7.994448,0,0,0,330.0184,3,0,5.2
1,8.003614,0,0,0,330.0184,3,0,5.2
1,8.01302,0,0,0,330.0184,3,0,5.2
1,8.02035,0,0,0,330.0184,3,0,5.2
1,8.02743,0,0,0,330.0184,3,0,5.2
1,8.034859,0,0,0,330.0184,3,0,5.2
1,8.041422,0,0,0,330.0184,3,0,5.2
1,8.049364,0,0,0,330.0184,3,0,5.2
1,8.056025,0,0,0,330.0184,3,0,5.2
1,8.06246,0,0,0,330.0184,3,0,5.2
1,8.069887,0,0,0,330.0184,3,0,5.2
1,8.077015,0,0,0,330.0184,3,0,5.2
1,8.083717,0,0,0,330.0184,3,0,5.2
1,8.092091,0,0,0,330.0184,3,0,5.2
1,8.101681,0,0,0,330.0184,3,0,5.2
1,8.10961,0,0,0,330.0184,3,0,5.2
1,8.117472,0,0,0,330.0184,3,0,5.2
1,8.124489,0,0,0,330.0184,3,0,5.2
1,8.132998,0,0,0,330.0184,3,0,5.2
1,8.141088,0,0,0,330.0184,3,0,5.2
1,8.148802,0,0,0,330.0184,3,0,5.2
1,8.156782,0,0,0,330.0184,3,0,5.2
1,8.16663,0,0,0,330.0184,3,0,5.2
1,8.174873,0,0,0,330.0184,3,0,5.2
1,8.185579,0,0,0,330.0184,3,0,5.2
1,8.194794,0,0,0,330.0184,3,0,5.2
1,8.203247,0,0,0,330.0184,3,0,5.2
1,8.212833,0,0,0,330.0184,3,0,5.2
1,8.221657,0,0,0,330.0184,3,0,5.2
1,8.22937,0,0,0,330.0184,3,0,5.2
1,8.237587,0,0,0,330.0184,3,0,5.2
1,8.244659,0,0,0,330.0184,3,0,5.2
1,8.250521,0,0,0,330.0184,3,0,5.2
1,8.256947,0,0,0,330.0184,3,0,5.2
1,8.262592,0,0,0,330.0184,3,0,5.2
1,8.269218,0,0,0,330.0184,3,0,5.2
1,8.277021,0,0,0,330.0184,3,0,5.2
1,8.283653,0,0,0,330.0184,3,0,5.2
1,8.291395,0,0,0,330.0184,3,0,5.2
1,8.297806,0,0,0,330.0184,3,0,5.2
1,8.306215,0,0,0,330.0184,3,0,5.2
1,8.314791,0,0,0,330.0184,3,0,5.2
1,8.323107,0,0,0,330.0184,3,0,5.2
1,8.334932,0,0,0,330.0184,3,0,5.2
1,8.341869,0,0,0,330.0184,3,0,5.2
1,8.350836,0,0,0,330.0184,3,0,5.2
1,8.358828,0,0,0,330.0184,3,0,5.2
1,8.367332,0,0,0,330.0184,3,0,5.2
1,8.374605,0,0,0,330.0184,3,0,5.2
1,8.382698,0,0,0,330.0184,3,0,5.2
1,8.392136,0,0,0,330.0184,3,0,5.2
1,8.399641,0,0,0,330.0184,3,0,5.2
1,8.406141,0,0,0,330.0184,3,0,5.2
1,8.413412,0,0,0,330.0184,3,0,5.2
1,8.421474,0,0,0,330.0184,3,0,5.2
1,8.428791,0,0,0,330.0184,3,0,5.2
1,8.436577,0,0,0,330.0184,3,0,5.2
1,8.444822,0,0,0,330.0184,3,0,5.2
1,8.451895,0,0,0,330.0184,3,0,5.2
1,8.459478,0,0,0,330.0184,3,0,5.2
1,8.466135,0,0,0,330.0184,3,0,5.2
1,8.471725,0,0,0,330.0184,3,0,5.2
1,8.480062,0,0,0,330.0184,3,0,5.2
1,8.486492,0,0,0,330.0184,3,0,5.2
1,8.49295,0,0,0,330.0184,3,0,5.2
1,8.499046,0,0,0,330.0184,3,0,5.2
1,8.505756,0,0,0,330.0184,3,0,5.2
1,8.511627,0,0,0,330.0184,3,0,5.2
1,8.517279,0,0,0,330.0184,3,0,5.2
1,8.523726,0,0,0,330.0184,3,0,5.2
1,8.529207,0,0,0,330.0184,3,0,5.2
1,8.535549,0,0,0,330.0184,3,0,5.2
1,8.541954,0,0,0,330.0184,3,0,5.2
1,8.548792,0,0,0,330.0184,3,0,5.2
1,8.555538,0,0,0,330.0184,3,0,5.2
1,8.56296,0,0,0,330.0184,3,0,5.2
1,8.570314,0,0,0,330.0184,3,0,5.2
1,8.577621,0,0,0,330.0184,3,0,5.2
1,8.584225,0,0,0,330.0184,3,0,5.2
1,8.590776,0,0,0,330.0184,3,0,5.2
1,8.59758,0,0,0,330.0184,3,0,5.2
1,8.605106,0,0,0,330.0184,3,0,5.2
1,8.611563,0,0,0,330.0184,3,0,5.2
1,8.618814,0,0,0,330.0184,3,0,5.2
1,8.62619,0,0,0,330.0184,3,0,5.2
1,8.634361,0,0,0,330.0184,3,0,5.2
1,8.640957,0,0,0,330.0184,3,0,5.2
1,8.649746,0,0,0,330.0184,3,0,5.2
1,8.657063,0,0,0,330.0184,3,0,5.2
1,8.663898,0,0,0,330.0184,3,0,5.2
1,8.671686,0,0,0,330.0184,3,0,5.2
1,8.679184,0,0,0,330.0184,3,0,5.2
1,8.686123,0,0,0,330.0184,3,0,5.2
1,8.693924,0,0,0,330.0184,3,0,5.2
1,8.699989,0,0,0,330.0184,3,0,5.2
1,8.706205,0,0,0,330.0184,3,0,5.2
1,8.714598,0,0,0,330.0184,3,0,5.2
1,8.722204,0,0,0,330.0184,3,0,5.2
1,8.72883,0,0,0,330.0184,3,0,5.2
1,8.735632,0,0,0,330.0184,3,0,5.2
1,8.744389,0,0,0,330.0184,3,0,5.2
1,8.750847,0,0,0,330.0184,3,0,5.2
1,8.756941,0,0,0,330.0184,3,0,5.2
1,8.762903,0,0,0,330.0184,3,0,5.2
1,8.769289,0,0,0,330.0184,3,0,5.2
1,8.77545,0,0,0,330.0184,3,0,5.2
1,8.781588,0,0,0,330.0184,3,0,5.2
1,8.788046,0,0,0,330.0184,3,0,5.2
1,8.793869,0,0,0,330.0184,3,0,5.2
1,8.800659,0,0,0,330.0184,3,0,5.2
1,8.806446,0,0,0,330.0184,3,0,5.2
1,8.813267,0,0,0,330.0184,3,0,5.2
1,8.819912,0,0,0,330.0184,3,0,5.2
1,8.825825,0,0,0,330.0184,3,0,5.2
1,8.831398,0,0,0,330.0184,3,0,5.2
1,8.837332,0,0,0,330.0184,3,0,5.2
1,8.843691,0,0,0,330.0184,3,0,5.2
1,8.849461,0,0,0,330.0184,3,0,5.2
1,8.855532,0,0,0,330.0184,3,0,5.2
1,8.86154,0,0,0,330.0184,3,0,5.2
1,8.868074,0,0,0,330.0184,3,0,5.2
1,8.873707,0,0,0,330.0184,3,0,5.2
1,8.880297,0,0,0,330.0184,3,0,5.2
1,8.886223,0,0,0,330.0184,3,0,5.2
1,8.893549,0,0,0,330.0184,3,0,5.2
1,8.900774,0,0,0,330.0184,3,0,5.2
1,8.908903,0,0,0,330.0184,3,0,5.2
1,8.916945,0,0,0,330.0184,3,0,5.2
1,8.924522,0,0,0,330.0184,3,0,5.2
1,8.930984,0,0,0,330.0184,3,0,5.2
1,8.93807,0,0,0,330.0184,3,0,5.2
1,8.945089,0,0,0,330.0184,3,0,5.2
1,8.952894,0,0,0,330.0184,3,0,5.2
1,8.961094,0,0,0,330.0184,3,0,5.2
1,8.9683,0,0,0,330.0184,3,0,5.2
1,8.975756,0,0,0,330.0184,3,0,5.2
1,8.993214,0,0,0,330.0184,3,0,5.2
1,9.001314,0,0,0,330.0184,3,0,5.2
1,9.008959,0,0,0,330.0184,3,0,5.2
1,9.016563,0,0,0,330.0184,3,0,5.2
1,9.025375,0,0,0,330.0184,3,0,5.2
1,9.03334,0,0,0,330.0184,3,0,5.2
1,9.039923,0,0,0,330.0184,3,0,5.2
1,9.046394,0,0,0,330.0184,3,0,5.2
1,9.053438,0,0,0,330.0184,3,0,5.2
1,9.060831,0,0,0,330.0184,3,0,5.2
1,9.068264,0,0,0,330.0184,3,0,5.2
1,9.07515,0,0,0,330.0184,3,0,5.2
1,9.083359,0,0,0,330.0184,3,0,5.2
1,9.090929,0,0,0,330.0184,3,0,5.2
1,9.098566,0,0,0,330.0184,3,0,5.2
1,9.105904,0,0,0,330.0184,3,0,5.2
1,9.114378,0,0,0,330.0184,3,0,5.2
1,9.122334,0,0,0,330.0184,3,0,5.2
1,9.13064,0,0,0,330.0184,3,0,5.2
1,9.138115,0,0,0,330.0184,3,0,5.2
1,9.145704,0,0,0,330.0184,3,0,5.2
1,9.15206,0,0,0,330.0184,3,0,5.2
1,9.158281,0,0,0,330.0184,3,0,5.2
1,9.166714,0,0,0,330.0184,3,0,5.2
1,9.179192,0,0,0,330.0184,3,0,5.2
1,9.187136,0,0,0,330.0184,3,0,5.2
1,9.195395,0,0,0,330.0184,3,0,5.2
1,9.204466,0,0,0,330.0184,3,0,5.2
1,9.223959,0,0,0,330.0184,3,0,5.2
1,9.233438,0,0,0,330.0184,3,0,5.2
1,9.24209,0,0,0,330.0184,3,0,5.2
1,9.250496,0,0,0,330.0184,3,0,5.2
1,9.258324,0,0,0,330.0184,3,0,5.2
1,9.265022,0,0,0,330.0184,3,0,5.2
1,9.271986,0,0,0,330.0184,3,0,5.2
1,9.280016,0,0,0,330.0184,3,0,5.2
1,9.287428,0,0,0,330.0184,3,0,5.2
1,9.295185,0,0,0,330.0184,3,0,5.2
1,9.303164,0,0,0,330.0184,3,0,5.2
1,9.310408,0,0,0,330.0184,3,0,5.2
1,9.316874,0,0,0,330.0184,3,0,5.2
1,9.323246,0,0,0,330.0184,3,0,5.2
1,9.329231,0,0,0,330.0184,3,0,5.2
1,9.337423,0,0,0,330.0184,3,0,5.2
1,9.344259,0,0,0,330.0184,3,0,5.2
1,9.350981,0,0,0,330.0184,3,0,5.2
1,9.359064,0,0,0,330.0184,3,0,5.2
1,9.367056,0,0,0,330.0184,3,0,5.2
1,9.37425,0,0,0,330.0184,3,0,5.2
1,9.381496,0,0,0,330.0184,3,0,5.2
1,9.387238,0,0,0,330.0184,3,0,5.2
1,9.393749,0,0,0,330.0184,3,0,5.2
1,9.402782,0,0,0,330.0184,3,0,5.2
1,9.41115,0,0,0,330.0184,3,0,5.2
1,9.418579,0,0,0,330.0184,3,0,5.2
1,9.427736,0,0,0,330.0184,3,0,5.2
1,9.436609,0,0,0,330.0184,3,0,5.2
1,9.444395,0,0,0,330.0184,3,0,5.2
1,9.452503,0,0,0,330.0184,3,0,5.2
1,9.461311,0,0,0,330.0184,3,0,5.2
1,9.469389,0,0,0,330.0184,3,0,5.2
1,9.477451,0,0,0,330.0184,3,0,5.2
1,9.48505,0,0,0,330.0184,3,0,5.2
1,9.494043,0,0,0,330.0184,3,0,5.2
1,9.50223,0,0,0,330.0184,3,0,5.2
1,9.509424,0,0,0,330.0184,3,0,5.2
1,9.518452,0,0,0,330.0184,3,0,5.2
1,9.525841,0,0,0,330.0184,3,0,5.2
1,9.531872,0,0,0,330.0184,3,0,5.2
1,9.539339,0,0,0,330.0184,3,0,5.2
1,9.546963,0,0,0,330.0184,3,0,5.2
1,9.554247,0,0,0,330.0184,3,0,5.2
1,9.562054,0,0,0,330.0184,3,0,5.2
1,9.568699,0,0,0,330.0184,3,0,5.2
1,9.574631,0,0,0,330.0184,3,0,5.2
1,9.581514,0,0,0,330.0184,3,0,5.2
1,9.589645,0,0,0,330.0184,3,0,5.2
1,9.596504,0,0,0,330.0184,3,0,5.2
1,9.604036,0,0,0,330.0184,3,0,5.2
1,9.612228,0,0,0,330.0184,3,0,5.2
1,9.620165,0,0,0,330.0184,3,0,5.2
1,9.628717,0,0,0,330.0184,3,0,5.2
1,9.636135,0,0,0,330.0184,3,0,5.2
1,9.643045,0,0,0,330.0184,3,0,5.2
1,9.65033,0,0,0,330.0184,3,0,5.2
1,9.659651,0,0,0,330.0184,3,0,5.2
1,9.66688,0,0,0,330.0184,3,0,5.2
1,9.67359,0,0,0,330.0184,3,0,5.2
1,9.680056,0,0,0,330.0184,3,0,5.2
1,9.686653,0,0,0,330.0184,3,0,5.2
1,9.693222,0,0,0,330.0184,3,0,5.2
1,9.699697,0,0,0,330.0184,3,0,5.2
1,9.705599,0,0,0,330.0184,3,0,5.2
1,9.711903,0,0,0,330.0184,3,0,5.2
1,9.717844,0,0,0,330.0184,3,0,5.2
1,9.72493,0,0,0,330.0184,3,0,5.2
1,9.732664,0,0,0,330.0184,3,0,5.2
1,9.740622,0,0,0,330.0184,3,0,5.2
1,9.749084,0,0,0,330.0184,3,0,5.2
1,9.755562,0,0,0,330.0184,3,0,5.2
1,9.761948,0,0,0,330.0184,3,0,5.2
1,9.768274,0,0,0,330.0184,3,0,5.2
1,9.774349,0,0,0,330.0184,3,0,5.2
1,9.780901,0,0,0,330.0184,3,0,5.2
1,9.786942,0,0,0,330.0184,3,0,5.2
1,9.793787,0,0,0,330.0184,3,0,5.2
1,9.799875,0,0,0,330.0184,3,0,5.2
1,9.805885,0,0,0,330.0184,3,0,5.2
1,9.811897,0,0,0,330.0184,3,0,5.2
1,9.818342,0,0,0,330.0184,3,0,5.2
1,9.825106,0,0,0,330.0184,3,0,5.2
1,9.831125,0,0,0,330.0184,3,0,5.2
1,9.837585,0,0,0,330.0184,3,0,5.2
1,9.844141,0,0,0,330.0184,3,0,5.2
1,9.850538,0,0,0,330.0184,3,0,5.2
1,9.857538,0,0,0,330.0184,3,0,5.2
1,9.863764,0,0,0,330.0184,3,0,5.2
1,9.870497,0,0,0,330.0184,3,0,5.2
1,9.876757,0,0,0,330.0184,3,0,5.2
1,9.882568,0,0,0,330.0184,3,0,5.2
1,9.888844,0,0,0,330.0184,3,0,5.2
1,9.895063,0,0,0,330.0184,3,0,5.2
1,9.901524,0,0,0,330.0184,3,0,5.2
1,9.907629,0,0,0,330.0184,3,0,5.2
1,9.914625,0,0,0,330.0184,3,0,5.2
1,9.922527,0,0,0,330.0184,3,0,5.2
1,9.928379,0,0,0,330.0184,3,0,5.2
1,9.935328,0,0,0,330.0184,3,0,5.2
1,9.941824,0,0,0,330.0184,3,0,5.2
1,9.949924,0,0,0,330.0184,3,0,5.2
1,9.956682,0,0,0,330.0184,3,0,5.2
1,9.962469,0,0,0,330.0184,3,0,5.2
1,9.968752,0,0,0,330.0184,3,0,5.2
1,9.975065,0,0,0,330.0184,3,0,5.2
1,9.98288,0,0,0,330.0184,3,0,5.2
1,9.990419,0,0,0,330.0184,3,0,5.2
1,9.997208,0,0,0,330.0184,3,0,5.2
1,10.00438,0,0,0,330.0184,3,0,5.2
1,10.01118,0,0,0,330.0184,3,0,5.2
1,10.01737,0,0,0,330.0184,3,0,5.2
1,10.02447,0,0,0,330.0184,3,0,5.2
1,10.0308,0,0,0,330.0184,3,0,5.2
1,10.03686,0,0,0,330.0184,3,0,5.2
1,10.04837,0,0,0,330.0184,3,0,5.2
1,10.05825,0,0,0,330.0184,3,0,5.2
1,10.06985,0,0,0,330.0184,3,0,5.2
1,10.07748,0,0,0,330.0184,3,0,5.2
1,10.08413,0,0,0,330.0184,3,0,5.2
1,10.09163,0,0,0,330.0184,3,0,5.2
1,10.1009,0,0,0,330.0184,3,0,5.2
1,10.11079,0,0,0,330.0184,3,0,5.2
1,10.11904,0,0,0,330.0184,3,0,5.2
1,10.12792,0,0,0,330.0184,3,0,5.2
1,10.13627,0,0,0,330.0184,3,0,5.2
1,10.14514,0,0,0,330.0184,3,0,5.2
1,10.1534,0,0,0,330.0184,3,0,5.2
1,10.16219,0,0,0,330.0184,3,0,5.2
1,10.17112,0,0,0,330.0184,3,0,5.2
1,10.18191,0,0,0,330.0184,3,0,5.2
1,10.19141,0,0,0,330.0184,3,0,5.2
1,10.20307,0,0,0,330.0184,3,0,5.2
1,10.21823,0,0,0,330.0184,3,0,5.2
1,10.23344,0,0,0,330.0184,3,0,5.2
1,10.24616,0,0,0,330.0184,3,0,5.2
1,10.25736,0,0,0,330.0184,3,0,5.2
1,10.26769,0,0,0,330.0184,3,0,5.2
1,10.27786,0,0,0,330.0184,3,0,5.2
1,10.28818,0,0,0,330.0184,3,0,5.2
1,10.30333,0,0,0,330.0184,3,0,5.2
1,10.3139,0,0,0,330.0184,3,0,5.2
1,10.32356,0,0,0,330.0184,3,0,5.2
1,10.33345,0,0,0,330.0184,3,0,5.2
1,10.34206,0,0,0,330.0184,3,0,5.2
1,10.35154,0,0,0,330.0184,3,0,5.2
1,10.35974,0,0,0,330.0184,3,0,5.2
1,10.36861,0,0,0,330.0184,3,0,5.2
1,10.37746,0,0,0,330.0184,3,0,5.2
1,10.38705,0,0,0,330.0184,3,0,5.2
1,10.39668,0,0,0,330.0184,3,0,5.2
1,10.40493,0,0,0,330.0184,3,0,5.2
1,10.41306,0,0,0,330.0184,3,0,5.2
1,10.42051,0,0,0,330.0184,3,0,5.2
1,10.42899,0,0,0,330.0184,3,0,5.2
1,10.43739,0,0,0,330.0184,3,0,5.2
1,10.44668,0,0,0,330.0184,3,0,5.2
1,10.45496,0,0,0,330.0184,3,0,5.2
1,10.46494,0,0,0,330.0184,3,0,5.2
1,10.47503,0,0,0,330.0184,3,0,5.2
1,10.48417,0,0,0,330.0184,3,0,5.2
1,10.4916,0,0,0,330.0184,3,0,5.2
1,10.49959,0,0,0,330.0184,3,0,5.2
1,10.50678,0,0,0,330.0184,3,0,5.2
1,10.5142,0,0,0,330.0184,3,0,5.2
1,10.52158,0,0,0,330.0184,3,0,5.2
1,10.52788,0,0,0,330.0184,3,0,5.2
1,10.53568,0,0,0,330.0184,3,0,5.2
1,10.54252,0,0,0,330.0184,3,0,5.2
1,10.5505,0,0,0,330.0184,3,0,5.2
1,10.55861,0,0,0,330.0184,3,0,5.2
1,10.56526,0,0,0,330.0184,3,0,5.2
1,10.57209,0,0,0,330.0184,3,0,5.2
1,10.57887,0,0,0,330.0184,3,0,5.2
1,10.58548,0,0,0,330.0184,3,0,5.2
1,10.59691,0,0,0,330.0184,3,0,5.2
1,10.60393,0,0,0,330.0184,3,0,5.2
1,10.612,0,0,0,330.0184,3,0,5.2
1,10.62011,0,0,0,330.0184,3,0,5.2
1,10.62817,0,0,0,330.0184,3,0,5.2
1,10.63691,0,0,0,330.0184,3,0,5.2
1,10.64425,0,0,0,330.0184,3,0,5.2
1,10.65078,0,0,0,330.0184,3,0,5.2
1,10.65704,0,0,0,330.0184,3,0,5.2
1,10.66367,0,0,0,330.0184,3,0,5.2
1,10.67057,0,0,0,330.0184,3,0,5.2
1,10.67737,0,0,0,330.0184,3,0,5.2
1,10.68431,0,0,0,330.0184,3,0,5.2
1,10.691,0,0,0,330.0184,3,0,5.2
1,10.69834,0,0,0,330.0184,3,0,5.2
1,10.7054,0,0,0,330.0184,3,0,5.2
1,10.71294,0,0,0,330.0184,3,0,5.2
1,10.71928,0,0,0,330.0184,3,0,5.2
1,10.72594,0,0,0,330.0184,3,0,5.2
1,10.73176,0,0,0,330.0184,3,0,5.2
1,10.73877,0,0,0,330.0184,3,0,5.2
1,10.74664,0,0,0,330.0184,3,0,5.2
1,10.75249,0,0,0,330.0184,3,0,5.2
1,10.75932,0,0,0,330.0184,3,0,5.2
1,10.76658,0,0,0,330.0184,3,0,5.2
1,10.77337,0,0,0,330.0184,3,0,5.2
1,10.78047,0,0,0,330.0184,3,0,5.2
1,10.78723,0,0,0,330.0184,3,0,5.2
1,10.79453,0,0,0,330.0184,3,0,5.2
1,10.8024,0,0,0,330.0184,3,0,5.2
1,10.809,0,0,0,330.0184,3,0,5.2
1,10.81645,0,0,0,330.0184,3,0,5.2
1,10.82346,0,0,0,330.0184,3,0,5.2
1,10.83022,0,0,0,330.0184,3,0,5.2
1,10.83726,0,0,0,330.0184,3,0,5.2
1,10.84379,0,0,0,330.0184,3,0,5.2
1,10.8498,0,0,0,330.0184,3,0,5.2
1,10.85611,0,0,0,330.0184,3,0,5.2
1,10.86269,0,0,0,330.0184,3,0,5.2
1,10.86941,0,0,0,330.0184,3,0,5.2
1,10.87531,0,0,0,330.0184,3,0,5.2
1,10.88163,0,0,0,330.0184,3,0,5.2
1,10.8873,0,0,0,330.0184,3,0,5.2
1,10.89342,0,0,0,330.0184,3,0,5.2
1,10.89939,0,0,0,330.0184,3,0,5.2
1,10.90479,0,0,0,330.0184,3,0,5.2
1,10.91092,0,0,0,330.0184,3,0,5.2
1,10.91639,0,0,0,330.0184,3,0,5.2
1,10.92204,0,0,0,330.0184,3,0,5.2
1,10.92744,0,0,0,330.0184,3,0,5.2
1,10.93377,0,0,0,330.0184,3,0,5.2
1,10.93983,0,0,0,330.0184,3,0,5.2
1,10.94696,0,0,0,330.0184,3,0,5.2
1,10.95305,0,0,0,330.0184,3,0,5.2
1,10.95902,0,0,0,330.0184,3,0,5.2
1,10.9662,0,0,0,330.0184,3,0,5.2
1,10.97249,0,0,0,330.0184,3,0,5.2
1,10.97862,0,0,0,330.0184,3,0,5.2
1,10.98439,0,0,0,330.0184,3,0,5.2
1,10.99092,0,0,0,330.0184,3,0,5.2
1,10.99999,0,0,0,330.0184,3,0,5.2
1,11.00566,0,0,0,330.0184,3,0,5.2
1,11.01153,0,0,0,330.0184,3,0,5.2
1,11.01688,0,0,0,330.0184,3,0,5.2
1,11.02284,0,0,0,330.0184,3,0,5.2
1,11.02843,0,0,0,330.0184,3,0,5.2
1,11.03505,0,0,0,330.0184,3,0,5.2
1,11.04132,0,0,0,330.0184,3,0,5.2
1,11.0476,0,0,0,330.0184,3,0,5.2
1,11.05303,0,0,0,330.0184,3,0,5.2
1,11.06096,0,0,0,330.0184,3,0,5.2
1,11.06793,0,0,0,330.0184,3,0,5.2
1,11.07371,0,0,0,330.0184,3,0,5.2
1,11.08079,0,0,0,330.0184,3,0,5.2
1,11.08634,0,0,0,330.0184,3,0,5.2
1,11.09203,0,0,0,330.0184,3,0,5.2
1,11.09763,0,0,0,330.0184,3,0,5.2
1,11.10375,0,0,0,330.0184,3,0,5.2
1,11.10906,0,0,0,330.0184,3,0,5.2
1,11.11459,0,0,0,330.0184,3,0,5.2
1,11.12039,0,0,0,330.0184,3,0,5.2
1,11.1267,0,0,0,330.0184,3,0,5.2
1,11.13331,0,0,0,330.0184,3,0,5.2
1,11.13924,0,0,0,330.0184,3,0,5.2
1,11.14572,0,0,0,330.0184,3,0,5.2
1,11.15231,0,0,0,330.0184,3,0,5.2
1,11.16013,0,0,0,330.0184,3,0,5.2
1,11.16878,0,0,0,330.0184,3,0,5.2
1,11.17703,0,0,0,330.0184,3,0,5.2
1,11.18537,0,0,0,330.0184,3,0,5.2
1,11.19337,0,0,0,330.0184,3,0,5.2
1,11.2007,0,0,0,330.0184,3,0,5.2
1,11.20848,0,0,0,330.0184,3,0,5.2
1,11.21785,0,0,0,330.0184,3,0,5.2
1,11.22611,0,0,0,330.0184,3,0,5.2
1,11.23615,0,0,0,330.0184,3,0,5.2
1,11.2459,0,0,0,330.0184,3,0,5.2
1,11.25529,0,0,0,330.0184,3,0,5.2
1,11.26382,0,0,0,330.0184,3,0,5.2
1,11.27236,0,0,0,330.0184,3,0,5.2
1,11.28091,0,0,0,330.0184,3,0,5.2
1,11.28878,0,0,0,330.0184,3,0,5.2
1,11.29664,0,0,0,330.0184,3,0,5.2
1,11.30474,0,0,0,330.0184,3,0,5.2
1,11.31209,0,0,0,330.0184,3,0,5.2
1,11.31963,0,0,0,330.0184,3,0,5.2
1,11.32879,0,0,0,330.0184,3,0,5.2
1,11.33766,0,0,0,330.0184,3,0,5.2
1,11.3457,0,0,0,330.0184,3,0,5.2
1,11.35253,0,0,0,330.0184,3,0,5.2
1,11.36008,0,0,0,330.0184,3,0,5.2
1,11.36781,0,0,0,330.0184,3,0,5.2
1,11.37451,0,0,0,330.0184,3,0,5.2
1,11.38228,0,0,0,330.0184,3,0,5.2
1,11.39102,0,0,0,330.0184,3,0,5.2
1,11.40094,0,0,0,330.0184,3,0,5.2
1,11.40787,0,0,0,330.0184,3,0,5.2
1,11.41551,0,0,0,330.0184,3,0,5.2
1,11.42292,0,0,0,330.0184,3,0,5.2
1,11.42973,0,0,0,330.0184,3,0,5.2
1,11.43649,0,0,0,330.0184,3,0,5.2
1,11.44262,0,0,0,330.0184,3,0,5.2
1,11.45248,0,0,0,330.0184,3,0,5.2
1,11.45939,0,0,0,330.0184,3,0,5.2
1,11.46701,0,0,0,330.0184,3,0,5.2
1,11.47408,0,0,0,330.0184,3,0,5.2
1,11.48141,0,0,0,330.0184,3,0,5.2
1,11.48872,0,0,0,330.0184,3,0,5.2
1,11.49557,0,0,0,330.0184,3,0,5.2
1,11.50301,0,0,0,330.0184,3,0,5.2
1,11.50965,0,0,0,330.0184,3,0,5.2
1,11.51633,0,0,0,330.0184,3,0,5.2
1,11.52421,0,0,0,330.0184,3,0,5.2
1,11.53132,0,0,0,330.0184,3,0,5.2
1,11.53796,0,0,0,330.0184,3,0,5.2
1,11.54435,0,0,0,330.0184,3,0,5.2
1,11.5516,0,0,0,330.0184,3,0,5.2
1,11.55801,0,0,0,330.0184,3,0,5.2
1,11.56451,0,0,0,330.0184,3,0,5.2
1,11.57149,0,0,0,330.0184,3,0,5.2
1,11.57842,0,0,0,330.0184,3,0,5.2
1,11.58449,0,0,0,330.0184,3,0,5.2
1,11.59091,0,0,0,330.0184,3,0,5.2
1,11.59796,0,0,0,330.0184,3,0,5.2
1,11.60512,0,0,0,330.0184,3,0,5.2
1,11.61267,0,0,0,330.0184,3,0,5.2
1,11.62008,0,0,0,330.0184,3,0,5.2
1,11.62728,0,0,0,330.0184,3,0,5.2
1,11.63439,0,0,0,330.0184,3,0,5.2
1,11.64125,0,0,0,330.0184,3,0,5.2
1,11.64781,0,0,0,330.0184,3,0,5.2
1,11.65346,0,0,0,330.0184,3,0,5.2
1,11.66029,0,0,0,330.0184,3,0,5.2
1,11.66729,0,0,0,330.0184,3,0,5.2
1,11.6737,0,0,0,330.0184,3,0,5.2
1,11.68062,0,0,0,330.0184,3,0,5.2
1,11.68876,0,0,0,330.0184,3,0,5.2
1,11.69596,0,0,0,330.0184,3,0,5.2
1,11.70709,0,0,0,330.0184,3,0,5.2
1,11.71437,0,0,0,330.0184,3,0,5.2
1,11.72189,0,0,0,330.0184,3,0,5.2
1,11.72925,0,0,0,330.0184,3,0,5.2
1,11.73689,0,0,0,330.0184,3,0,5.2
1,11.74462,0,0,0,330.0184,3,0,5.2
1,11.75242,0,0,0,330.0184,3,0,5.2
1,11.7598,0,0,0,330.0184,3,0,5.2
1,11.76911,0,0,0,330.0184,3,0,5.2
1,11.77748,0,0,0,330.0184,3,0,5.2
1,11.78442,0,0,0,330.0184,3,0,5.2
1,11.79162,0,0,0,330.0184,3,0,5.2
1,11.79902,0,0,0,330.0184,3,0,5.2
1,11.80594,0,0,0,330.0184,3,0,5.2
1,11.81245,0,0,0,330.0184,3,0,5.2
1,11.81873,0,0,0,330.0184,3,0,5.2
1,11.82499,0,0,0,330.0184,3,0,5.2
1,11.83135,0,0,0,330.0184,3,0,5.2
1,11.8377,0,0,0,330.0184,3,0,5.2
1,11.84457,0,0,0,330.0184,3,0,5.2
1,11.85065,0,0,0,330.0184,3,0,5.2
1,11.85693,0,0,0,330.0184,3,0,5.2
1,11.86328,0,0,0,330.0184,3,0,5.2
1,11.86996,0,0,0,330.0184,3,0,5.2
1,11.87747,0,0,0,330.0184,3,0,5.2
1,11.88376,0,0,0,330.0184,3,0,5.2
1,11.89408,0,0,0,330.0184,3,0,5.2
1,11.90107,0,0,0,330.0184,3,0,5.2
1,11.90819,0,0,0,330.0184,3,0,5.2
1,11.91476,0,0,0,330.0184,3,0,5.2
1,11.922,0,0,0,330.0184,3,0,5.2
1,11.92941,0,0,0,330.0184,3,0,5.2
1,11.93624,0,0,0,330.0184,3,0,5.2
1,11.94274,0,0,0,330.0184,3,0,5.2
1,11.94942,0,0,0,330.0184,3,0,5.2
1,11.95633,0,0,0,330.0184,3,0,5.2
1,11.96268,0,0,0,330.0184,3,0,5.2
1,11.96967,0,0,0,330.0184,3,0,5.2
1,11.9764,0,0,0,330.0184,3,0,5.2
1,11.98429,0,0,0,330.0184,3,0,5.2
1,11.99107,0,0,0,330.0184,3,0,5.2
1,11.99728,0,0,0,330.0184,3,0,5.2
1,12.00346,0,0,0,330.0184,3,0,5.2
1,12.0095,0,0,0,330.0184,3,0,5.2
1,12.01585,0,0,0,330.0184,3,0,5.2
1,12.022,0,0,0,330.0184,3,0,5.2
1,12.02806,0,0,0,330.0184,3,0,5.2
1,12.03493,0,0,0,330.0184,3,0,5.2
1,12.04093,0,0,0,330.0184,3,0,5.2
1,12.04691,0,0,0,330.0184,3,0,5.2
1,12.05266,0,0,0,330.0184,3,0,5.2
1,12.05842,0,0,0,330.0184,3,0,5.2
1,12.06373,0,0,0,330.0184,3,0,5.2
1,12.07037,0,0,0,330.0184,3,0,5.2
1,12.07864,0,0,0,330.0184,3,0,5.2
1,12.08574,0,0,0,330.0184,3,0,5.2
1,12.09345,0,0,0,330.0184,3,0,5.2
1,12.10029,0,0,0,330.0184,3,0,5.2
1,12.1073,0,0,0,330.0184,3,0,5.2
1,12.11419,0,0,0,330.0184,3,0,5.2
1,12.12132,0,0,0,330.0184,3,0,5.2
1,12.12722,0,0,0,330.0184,3,0,5.2
1,12.13441,0,0,0,330.0184,3,0,5.2
1,12.14215,0,0,0,330.0184,3,0,5.2
1,12.14969,0,0,0,330.0184,3,0,5.2
1,12.1566,0,0,0,330.0184,3,0,5.2
1,12.1631,0,0,0,330.0184,3,0,5.2
1,12.1707,0,0,0,330.0184,3,0,5.2
1,12.17766,0,0,0,330.0184,3,0,5.2
1,12.18445,0,0,0,330.0184,3,0,5.2
1,12.19026,0,0,0,330.0184,3,0,5.2
1,12.19587,0,0,0,330.0184,3,0,5.2
1,12.20271,0,0,0,330.0184,3,0,5.2
1,12.21019,0,0,0,330.0184,3,0,5.2
1,12.21626,0,0,0,330.0184,3,0,5.2
1,12.22323,0,0,0,330.0184,3,0,5.2
1,12.22939,0,0,0,330.0184,3,0,5.2
1,12.23682,0,0,0,330.0184,3,0,5.2
1,12.24422,0,0,0,330.0184,3,0,5.2
1,12.25263,0,0,0,330.0184,3,0,5.2
1,12.26034,0,0,0,330.0184,3,0,5.2
1,12.26834,0,0,0,330.0184,3,0,5.2
1,12.27457,0,0,0,330.0184,3,0,5.2
1,12.28207,0,0,0,330.0184,3,0,5.2
1,12.28909,0,0,0,330.0184,3,0,5.2
1,12.29589,0,0,0,330.0184,3,0,5.2
1,12.30272,0,0,0,330.0184,3,0,5.2
1,12.31265,0,0,0,330.0184,3,0,5.2
1,12.31889,0,0,0,330.0184,3,0,5.2
1,12.32538,0,0,0,330.0184,3,0,5.2
1,12.33183,0,0,0,330.0184,3,0,5.2
1,12.33829,0,0,0,330.0184,3,0,5.2
1,12.34541,0,0,0,330.0184,3,0,5.2
1,12.35289,0,0,0,330.0184,3,0,5.2
1,12.36025,0,0,0,330.0184,3,0,5.2
1,12.36755,0,0,0,330.0184,3,0,5.2
1,12.37471,0,0,0,330.0184,3,0,5.2
1,12.38297,0,0,0,330.0184,3,0,5.2
1,12.39107,0,0,0,330.0184,3,0,5.2
1,12.39868,0,0,0,330.0184,3,0,5.2
1,12.40845,0,0,0,330.0184,3,0,5.2
1,12.4178,0,0,0,330.0184,3,0,5.2
1,12.42752,0,0,0,330.0184,3,0,5.2
1,12.44,0,0,0,330.0184,3,0,5.2
1,12.44872,0,0,0,330.0184,3,0,5.2
1,12.46009,0,0,0,330.0184,3,0,5.2
1,12.47018,0,0,0,330.0184,3,0,5.2
1,12.47897,0,0,0,330.0184,3,0,5.2
1,12.48756,0,0,0,330.0184,3,0,5.2
1,12.49682,0,0,0,330.0184,3,0,5.2
1,12.50639,0,0,0,330.0184,3,0,5.2
1,12.51753,0,0,0,330.0184,3,0,5.2
1,12.52648,0,0,0,330.0184,3,0,5.2
1,12.53514,0,0,0,330.0184,3,0,5.2
1,12.54262,0,0,0,330.0184,3,0,5.2
1,12.54961,0,0,0,330.0184,3,0,5.2
1,12.55644,0,0,0,330.0184,3,0,5.2
1,12.5628,0,0,0,330.0184,3,0,5.2
1,12.57004,0,0,0,330.0184,3,0,5.2
1,12.57637,0,0,0,330.0184,3,0,5.2
1,12.58279,0,0,0,330.0184,3,0,5.2
1,12.58922,0,0,0,330.0184,3,0,5.2
1,12.59569,0,0,0,330.0184,3,0,5.2
1,12.60243,0,0,0,330.0184,3,0,5.2
1,12.60859,0,0,0,330.0184,3,0,5.2
1,12.61594,0,0,0,330.0184,3,0,5.2
1,12.6229,0,0,0,330.0184,3,0,5.2
1,12.62918,0,0,0,330.0184,3,0,5.2
1,12.63611,0,0,0,330.0184,3,0,5.2
1,12.64245,0,0,0,330.0184,3,0,5.2
1,12.64896,0,0,0,330.0184,3,0,5.2
1,12.65651,0,0,0,330.0184,3,0,5.2
1,12.66308,0,0,0,330.0184,3,0,5.2
1,12.67102,0,0,0,330.0184,3,0,5.2
1,12.67808,0,0,0,330.0184,3,0,5.2
1,12.68476,0,0,0,330.0184,3,0,5.2
1,12.69177,0,0,0,330.0184,3,0,5.2
1,12.69808,0,0,0,330.0184,3,0,5.2
1,12.70493,0,0,0,330.0184,3,0,5.2
1,12.71181,0,0,0,330.0184,3,0,5.2
1,12.7187,0,0,0,330.0184,3,0,5.2
1,12.72616,0,0,0,330.0184,3,0,5.2
1,12.7346,0,0,0,330.0184,3,0,5.2
1,12.74293,0,0,0,330.0184,3,0,5.2
1,12.75019,0,0,0,330.0184,3,0,5.2
1,12.75787,0,0,0,330.0184,3,0,5.2
1,12.76399,0,0,0,330.0184,3,0,5.2
1,12.77101,0,0,0,330.0184,3,0,5.2
1,12.77788,0,0,0,330.0184,3,0,5.2
1,12.79322,0,0,0,330.0184,3,0,5.2
1,12.80019,0,0,0,330.0184,3,0,5.2
1,12.80663,0,0,0,330.0184,3,0,5.2
1,12.81393,0,0,0,330.0184,3,0,5.2
1,12.82166,0,0,0,330.0184,3,0,5.2
1,12.82964,0,0,0,330.0184,3,0,5.2
1,12.83763,0,0,0,330.0184,3,0,5.2
1,12.84534,0,0,0,330.0184,3,0,5.2
1,12.85352,0,0,0,330.0184,3,0,5.2
1,12.86047,0,0,0,330.0184,3,0,5.2
1,12.8673,0,0,0,330.0184,3,0,5.2
1,12.87406,0,0,0,330.0184,3,0,5.2
1,12.88109,0,0,0,330.0184,3,0,5.2
1,12.8875,0,0,0,330.0184,3,0,5.2
1,12.89439,0,0,0,330.0184,3,0,5.2
1,12.90095,0,0,0,330.0184,3,0,5.2
1,12.90754,0,0,0,330.0184,3,0,5.2
1,12.91375,0,0,0,330.0184,3,0,5.2
1,12.91968,0,0,0,330.0184,3,0,5.2
1,12.92582,0,0,0,330.0184,3,0,5.2
1,12.93126,0,0,0,330.0184,3,0,5.2
1,12.93772,0,0,0,330.0184,3,0,5.2
1,12.94359,0,0,0,330.0184,3,0,5.2
1,12.94908,0,0,0,330.0184,3,0,5.2
1,12.95533,0,0,0,330.0184,3,0,5.2
1,12.96084,0,0,0,330.0184,3,0,5.2
1,12.96695,0,0,0,330.0184,3,0,5.2
1,12.97314,0,0,0,330.0184,3,0,5.2
1,12.9808,0,0,0,330.0184,3,0,5.2
1,12.98676,0,0,0,330.0184,3,0,5.2
1,12.99315,0,0,0,330.0184,3,0,5.2
1,12.99905,0,0,0,330.0184,3,0,5.2
1,13.00532,0,0,0,330.0184,3,0,5.2
1,13.01156,0,0,0,330.0184,3,0,5.2
1,13.01739,0,0,0,330.0184,3,0,5.2
1,13.02349,0,0,0,330.0184,3,0,5.2
1,13.02934,0,0,0,330.0184,3,0,5.2
1,13.03554,0,0,0,330.0184,3,0,5.2
1,13.04181,0,0,0,330.0184,3,0,5.2
1,13.04815,0,0,0,330.0184,3,0,5.2
1,13.05455,0,0,0,330.0184,3,0,5.2
1,13.06021,0,0,0,330.0184,3,0,5.2
1,13.06675,0,0,0,330.0184,3,0,5.2
1,13.07364,0,0,0,330.0184,3,0,5.2
1,13.08036,0,0,0,330.0184,3,0,5.2
1,13.08711,0,0,0,330.0184,3,0,5.2
1,13.0957,0,0,0,330.0184,3,0,5.2
1,13.10513,0,0,0,330.0184,3,0,5.2
1,13.1122,0,0,0,330.0184,3,0,5.2
1,13.11848,0,0,0,330.0184,3,0,5.2
1,13.12458,0,0,0,330.0184,3,0,5.2
1,13.1305,0,0,0,330.0184,3,0,5.2
1,13.13759,0,0,0,330.0184,3,0,5.2
1,13.14426,0,0,0,330.0184,3,0,5.2
1,13.15063,0,0,0,330.0184,3,0,5.2
1,13.15751,0,0,0,330.0184,3,0,5.2
1,13.16338,0,0,0,330.0184,3,0,5.2
1,13.16909,0,0,0,330.0184,3,0,5.2
1,13.17564,0,0,0,330.0184,3,0,5.2
1,13.18319,0,0,0,330.0184,3,0,5.2
1,13.18923,0,0,0,330.0184,3,0,5.2
1,13.19471,0,0,0,330.0184,3,0,5.2
1,13.20091,0,0,0,330.0184,3,0,5.2
1,13.20942,0,0,0,330.0184,3,0,5.2
1,13.21545,0,0,0,330.0184,3,0,5.2
1,13.22136,0,0,0,330.0184,3,0,5.2
1,13.22705,0,0,0,330.0184,3,0,5.2
1,13.23256,0,0,0,330.0184,3,0,5.2
1,13.23805,0,0,0,330.0184,3,0,5.2
1,13.24359,0,0,0,330.0184,3,0,5.2
1,13.24953,0,0,0,330.0184,3,0,5.2
1,13.25764,0,0,0,330.0184,3,0,5.2
1,13.26477,0,0,0,330.0184,3,0,5.2
1,13.27158,0,0,0,330.0184,3,0,5.2
1,13.28008,0,0,0,330.0184,3,0,5.2
1,13.28708,0,0,0,330.0184,3,0,5.2
1,13.29351,0,0,0,330.0184,3,0,5.2
1,13.30057,0,0,0,330.0184,3,0,5.2
1,13.30758,0,0,0,330.0184,3,0,5.2
1,13.31431,0,0,0,330.0184,3,0,5.2
1,13.32026,0,0,0,330.0184,3,0,5.2
1,13.32619,0,0,0,330.0184,3,0,5.2
1,13.33263,0,0,0,330.0184,3,0,5.2
1,13.33843,0,0,0,330.0184,3,0,5.2
1,13.34458,0,0,0,330.0184,3,0,5.2
1,13.35074,0,0,0,330.0184,3,0,5.2
1,13.357,0,0,0,330.0184,3,0,5.2
1,13.36274,0,0,0,330.0184,3,0,5.2
1,13.37025,0,0,0,330.0184,3,0,5.2
1,13.37694,0,0,0,330.0184,3,0,5.2
1,13.38352,0,0,0,330.0184,3,0,5.2
1,13.39106,0,0,0,330.0184,3,0,5.2
1,13.3978,0,0,0,330.0184,3,0,5.2
1,13.4047,0,0,0,330.0184,3,0,5.2
1,13.41222,0,0,0,330.0184,3,0,5.2
1,13.41968,0,0,0,330.0184,3,0,5.2
1,13.42735,0,0,0,330.0184,3,0,5.2
1,13.43448,0,0,0,330.0184,3,0,5.2
1,13.44157,0,0,0,330.0184,3,0,5.2
1,13.44788,0,0,0,330.0184,3,0,5.2
1,13.45501,0,0,0,330.0184,3,0,5.2
1,13.46143,0,0,0,330.0184,3,0,5.2
1,13.46845,0,0,0,330.0184,3,0,5.2
1,13.47509,0,0,0,330.0184,3,0,5.2
1,13.48222,0,0,0,330.0184,3,0,5.2
1,13.48992,0,0,0,330.0184,3,0,5.2
1,13.49748,0,0,0,330.0184,3,0,5.2
1,13.50551,0,0,0,330.0184,3,0,5.2
1,13.51448,0,0,0,330.0184,3,0,5.2
1,13.52419,0,0,0,330.0184,3,0,5.2
1,13.53342,0,0,0,330.0184,3,0,5.2
1,13.54172,0,0,0,330.0184,3,0,5.2
1,13.54988,0,0,0,330.0184,3,0,5.2
1,13.55853,0,0,0,330.0184,3,0,5.2
1,13.56684,0,0,0,330.0184,3,0,5.2
1,13.57612,0,0,0,330.0184,3,0,5.2
1,13.58399,0,0,0,330.0184,3,0,5.2
1,13.59439,0,0,0,330.0184,3,0,5.2
1,13.60366,0,0,0,330.0184,3,0,5.2
1,13.61248,0,0,0,330.0184,3,0,5.2
1,13.62321,0,0,0,330.0184,3,0,5.2
1,13.63634,0,0,0,330.0184,3,0,5.2
1,13.6451,0,0,0,330.0184,3,0,5.2
1,13.6527,0,0,0,330.0184,3,0,5.2
1,13.66301,0,0,0,330.0184,3,0,5.2
1,13.67345,0,0,0,330.0184,3,0,5.2
1,13.6852,0,0,0,330.0184,3,0,5.2
1,13.6927,0,0,0,330.0184,3,0,5.2
1,13.70059,0,0,0,330.0184,3,0,5.2
1,13.70728,0,0,0,330.0184,3,0,5.2
1,13.71389,0,0,0,330.0184,3,0,5.2
1,13.72029,0,0,0,330.0184,3,0,5.2
1,13.72703,0,0,0,330.0184,3,0,5.2
1,13.73445,0,0,0,330.0184,3,0,5.2
1,13.74468,0,0,0,330.0184,3,0,5.2
1,13.75302,0,0,0,330.0184,3,0,5.2
1,13.76146,0,0,0,330.0184,3,0,5.2
1,13.76998,0,0,0,330.0184,3,0,5.2
1,13.77852,0,0,0,330.0184,3,0,5.2
1,13.78665,0,0,0,330.0184,3,0,5.2
1,13.79424,0,0,0,330.0184,3,0,5.2
1,13.80221,0,0,0,330.0184,3,0,5.2
1,13.81115,0,0,0,330.0184,3,0,5.2
1,13.81799,0,0,0,330.0184,3,0,5.2
1,13.82537,0,0,0,330.0184,3,0,5.2
1,13.8331,0,0,0,330.0184,3,0,5.2
1,13.83927,0,0,0,330.0184,3,0,5.2
1,13.84606,0,0,0,330.0184,3,0,5.2
1,13.85243,0,0,0,330.0184,3,0,5.2
1,13.85821,0,0,0,330.0184,3,0,5.2
1,13.86417,0,0,0,330.0184,3,0,5.2
1,13.87006,0,0,0,330.0184,3,0,5.2
1,13.87573,0,0,0,330.0184,3,0,5.2
1,13.8819,0,0,0,330.0184,3,0,5.2
1,13.88819,0,0,0,330.0184,3,0,5.2
1,13.89391,0,0,0,330.0184,3,0,5.2
1,13.89974,0,0,0,330.0184,3,0,5.2
1,13.90535,0,0,0,330.0184,3,0,5.2
1,13.91179,0,0,0,330.0184,3,0,5.2
1,13.91802,0,0,0,330.0184,3,0,5.2
1,13.92489,0,0,0,330.0184,3,0,5.2
1,13.93134,0,0,0,330.0184,3,0,5.2
1,13.93785,0,0,0,330.0184,3,0,5.2
1,13.94414,0,0,0,330.0184,3,0,5.2
1,13.95045,0,0,0,330.0184,3,0,5.2
1,13.95738,0,0,0,330.0184,3,0,5.2
1,13.96395,0,0,0,330.0184,3,0,5.2
1,13.97123,0,0,0,330.0184,3,0,5.2
1,13.97882,0,0,0,330.0184,3,0,5.2
1,13.98598,0,0,0,330.0184,3,0,5.2
1,13.99358,0,0,0,330.0184,3,0,5.2
1,14.00089,0,0,0,330.0184,3,0,5.2
1,14.01377,0,0,0,330.0184,3,0,5.2
1,14.02264,0,0,0,330.0184,3,0,5.2
1,14.02925,0,0,0,330.0184,3,0,5.2
1,14.03616,0,0,0,330.0184,3,0,5.2
1,14.04217,0,0,0,330.0184,3,0,5.2
1,14.04825,0,0,0,330.0184,3,0,5.2
1,14.05464,0,0,0,330.0184,3,0,5.2
1,14.06008,0,0,0,330.0184,3,0,5.2
1,14.06648,0,0,0,330.0184,3,0,5.2
1,14.07227,0,0,0,330.0184,3,0,5.2
1,14.07888,0,0,0,330.0184,3,0,5.2
1,14.0851,0,0,0,330.0184,3,0,5.2
1,14.09199,0,0,0,330.0184,3,0,5.2
1,14.09769,0,0,0,330.0184,3,0,5.2
1,14.1037,0,0,0,330.0184,3,0,5.2
1,14.10909,0,0,0,330.0184,3,0,5.2
1,14.1157,0,0,0,330.0184,3,0,5.2
1,14.12577,0,0,0,330.0184,3,0,5.2
1,14.13169,0,0,0,330.0184,3,0,5.2
1,14.13801,0,0,0,330.0184,3,0,5.2
1,14.14415,0,0,0,330.0184,3,0,5.2
1,14.14998,0,0,0,330.0184,3,0,5.2
1,14.15587,0,0,0,330.0184,3,0,5.2
1,14.16147,0,0,0,330.0184,3,0,5.2
1,14.16794,0,0,0,330.0184,3,0,5.2
1,14.17476,0,0,0,330.0184,3,0,5.2
1,14.18105,0,0,0,330.0184,3,0,5.2
1,14.18697,0,0,0,330.0184,3,0,5.2
1,14.19314,0,0,0,330.0184,3,0,5.2
1,14.19916,0,0,0,330.0184,3,0,5.2
1,14.20464,0,0,0,330.0184,3,0,5.2
1,14.21039,0,0,0,330.0184,3,0,5.2
1,14.21597,0,0,0,330.0184,3,0,5.2
1,14.22184,0,0,0,330.0184,3,0,5.2
1,14.27173,0,0,0,330.0184,3,0,5.2
1,14.31135,0,0,0,330.0184,3,0,5.2
1,14.31909,0,0,0,330.0184,3,0,5.2
1,14.32697,0,0,0,330.0184,3,0,5.2
1,14.33459,0,0,0,330.0184,3,0,5.2
1,14.3416,0,0,0,330.0184,3,0,5.2
1,14.34962,0,0,0,330.0184,3,0,5.2
1,14.35726,0,0,0,330.0184,3,0,5.2
1,14.36486,0,0,0,330.0184,3,0,5.2
1,14.37267,0,0,0,330.0184,3,0,5.2
1,14.38065,0,0,0,330.0184,3,0,5.2
1,14.38746,0,0,0,330.0184,3,0,5.2
1,14.39516,0,0,0,330.0184,3,0,5.2
1,14.40258,0,0,0,330.0184,3,0,5.2
1,14.41056,0,0,0,330.0184,3,0,5.2
1,14.41791,0,0,0,330.0184,3,0,5.2
1,14.42595,0,0,0,330.0184,3,0,5.2
1,14.43403,0,0,0,330.0184,3,0,5.2
1,14.44156,0,0,0,330.0184,3,0,5.2
1,14.44899,0,0,0,330.0184,3,0,5.2
1,14.45925,0,0,0,330.0184,3,0,5.2
1,14.46644,0,0,0,330.0184,3,0,5.2
1,14.47381,0,0,0,330.0184,3,0,5.2
1,14.48126,0,0,0,330.0184,3,0,5.2
1,14.48907,0,0,0,330.0184,3,0,5.2
1,14.49709,0,0,0,330.0184,3,0,5.2
1,14.50495,0,0,0,330.0184,3,0,5.2
1,14.51249,0,0,0,330.0184,3,0,5.2
1,14.52027,0,0,0,330.0184,3,0,5.2
1,14.52811,0,0,0,330.0184,3,0,5.2
1,14.53691,0,0,0,330.0184,3,0,5.2
1,14.54675,0,0,0,330.0184,3,0,5.2
1,14.55777,0,0,0,330.0184,3,0,5.2
1,14.567,0,0,0,330.0184,3,0,5.2
1,14.57496,0,0,0,330.0184,3,0,5.2
1,14.58379,0,0,0,330.0184,3,0,5.2
1,14.59319,0,0,0,330.0184,3,0,5.2
1,14.60269,0,0,0,330.0184,3,0,5.2
1,14.61316,0,0,0,330.0184,3,0,5.2
1,14.62294,0,0,0,330.0184,3,0,5.2
1,14.63305,0,0,0,330.0184,3,0,5.2
1,14.64241,0,0,0,330.0184,3,0,5.2
1,14.65185,0,0,0,330.0184,3,0,5.2
1,14.66211,0,0,0,330.0184,3,0,5.2
1,14.6715,0,0,0,330.0184,3,0,5.2
1,14.68168,0,0,0,330.0184,3,0,5.2
1,14.6904,0,0,0,330.0184,3,0,5.2
1,14.69982,0,0,0,330.0184,3,0,5.2
1,14.70888,0,0,0,330.0184,3,0,5.2
1,14.71864,0,0,0,330.0184,3,0,5.2
1,14.72923,0,0,0,330.0184,3,0,5.2
1,14.74055,0,0,0,330.0184,3,0,5.2
1,14.75137,0,0,0,330.0184,3,0,5.2
1,14.76333,0,0,0,330.0184,3,0,5.2
1,14.77559,0,0,0,330.0184,3,0,5.2
1,14.78689,0,0,0,330.0184,3,0,5.2
1,14.79605,0,0,0,330.0184,3,0,5.2
1,14.81282,0,0,0,330.0184,3,0,5.2
1,14.82888,0,0,0,330.0184,3,0,5.2
1,14.84739,0,0,0,330.0184,3,0,5.2
1,14.85816,0,0,0,330.0184,3,0,5.2
1,14.87238,0,0,0,330.0184,3,0,5.2
1,14.88339,0,0,0,330.0184,3,0,5.2
1,14.89452,0,0,0,330.0184,3,0,5.2
1,14.90404,0,0,0,330.0184,3,0,5.2
1,14.91485,0,0,0,330.0184,3,0,5.2
1,14.92538,0,0,0,330.0184,3,0,5.2
1,14.93514,0,0,0,330.0184,3,0,5.2
1,14.9463,0,0,0,330.0184,3,0,5.2
1,14.95646,0,0,0,330.0184,3,0,5.2
1,14.96458,0,0,0,330.0184,3,0,5.2
1,14.97408,0,0,0,330.0184,3,0,5.2
1,14.98328,0,0,0,330.0184,3,0,5.2
1,14.99232,0,0,0,330.0184,3,0,5.2
1,15.00006,0,0,0,330.0184,3,0,5.2
1,15.0077,0,0,0,330.0184,3,0,5.2
1,15.0162,0,0,0,330.0184,3,0,5.2
1,15.02531,0,0,0,330.0184,3,0,5.2
1,15.0336,0,0,0,330.0184,3,0,5.2
1,15.04176,0,0,0,330.0184,3,0,5.2
1,15.05057,0,0,0,330.0184,3,0,5.2
1,15.05915,0,0,0,330.0184,3,0,5.2
1,15.06737,0,0,0,330.0184,3,0,5.2
1,15.07512,0,0,0,330.0184,3,0,5.2
1,15.08359,0,0,0,330.0184,3,0,5.2
1,15.0932,0,0,0,330.0184,3,0,5.2
1,15.10188,0,0,0,330.0184,3,0,5.2
1,15.10983,0,0,0,330.0184,3,0,5.2
1,15.11867,0,0,0,330.0184,3,0,5.2
1,15.12675,0,0,0,330.0184,3,0,5.2
1,15.13631,0,0,0,330.0184,3,0,5.2
1,15.14553,0,0,0,330.0184,3,0,5.2
1,15.15296,0,0,0,330.0184,3,0,5.2
1,15.16058,0,0,0,330.0184,3,0,5.2
1,15.17196,0,0,0,330.0184,3,0,5.2
1,15.18026,0,0,0,330.0184,3,0,5.2
1,15.18879,0,0,0,330.0184,3,0,5.2
1,15.19676,0,0,0,330.0184,3,0,5.2
1,15.20484,0,0,0,330.0184,3,0,5.2
1,15.2138,0,0,0,330.0184,3,0,5.2
1,15.22221,0,0,0,330.0184,3,0,5.2
1,15.23038,0,0,0,330.0184,3,0,5.2
1,15.23936,0,0,0,330.0184,3,0,5.2
1,15.24869,0,0,0,330.0184,3,0,5.2
1,15.25745,0,0,0,330.0184,3,0,5.2
1,15.26678,0,0,0,330.0184,3,0,5.2
1,15.27536,0,0,0,330.0184,3,0,5.2
1,15.28456,0,0,0,330.0184,3,0,5.2
1,15.29363,0,0,0,330.0184,3,0,5.2
1,15.30531,0,0,0,330.0184,3,0,5.2
1,15.31685,0,0,0,330.0184,3,0,5.2
1,15.32725,0,0,0,330.0184,3,0,5.2
1,15.33594,0,0,0,330.0184,3,0,5.2
1,15.34606,0,0,0,330.0184,3,0,5.2
1,15.35478,0,0,0,330.0184,3,0,5.2
1,15.36232,0,0,0,330.0184,3,0,5.2
1,15.37234,0,0,0,330.0184,3,0,5.2
1,15.38089,0,0,0,330.0184,3,0,5.2
1,15.39068,0,0,0,330.0184,3,0,5.2
1,15.39961,0,0,0,330.0184,3,0,5.2
1,15.40924,0,0,0,330.0184,3,0,5.2
1,15.41883,0,0,0,330.0184,3,0,5.2
1,15.42766,0,0,0,330.0184,3,0,5.2
1,15.43673,0,0,0,330.0184,3,0,5.2
1,15.44478,0,0,0,330.0184,3,0,5.2
1,15.4539,0,0,0,330.0184,3,0,5.2
1,15.46687,0,0,0,330.0184,3,0,5.2
1,15.47563,0,0,0,330.0184,3,0,5.2
1,15.4849,0,0,0,330.0184,3,0,5.2
1,15.49376,0,0,0,330.0184,3,0,5.2
1,15.50275,0,0,0,330.0184,3,0,5.2
1,15.51172,0,0,0,330.0184,3,0,5.2
1,15.52052,0,0,0,330.0184,3,0,5.2
1,15.53002,0,0,0,330.0184,3,0,5.2
1,15.53963,0,0,0,330.0184,3,0,5.2
1,15.54937,0,0,0,330.0184,3,0,5.2
1,15.55897,0,0,0,330.0184,3,0,5.2
1,15.56976,0,0,0,330.0184,3,0,5.2
1,15.58062,0,0,0,330.0184,3,0,5.2
1,15.58999,0,0,0,330.0184,3,0,5.2
1,15.59861,0,0,0,330.0184,3,0,5.2
1,15.60854,0,0,0,330.0184,3,0,5.2
1,15.61785,0,0,0,330.0184,3,0,5.2
1,15.62763,0,0,0,330.0184,3,0,5.2
1,15.64047,0,0,0,330.0184,3,0,5.2
1,15.65213,0,0,0,330.0184,3,0,5.2
1,15.66279,0,0,0,330.0184,3,0,5.2
1,15.6727,0,0,0,330.0184,3,0,5.2
1,15.6815,0,0,0,330.0184,3,0,5.2
1,15.68971,0,0,0,330.0184,3,0,5.2
1,15.70122,0,0,0,330.0184,3,0,5.2
1,15.71277,0,0,0,330.0184,3,0,5.2
1,15.72226,0,0,0,330.0184,3,0,5.2
1,15.73418,0,0,0,330.0184,3,0,5.2
1,15.74622,0,0,0,330.0184,3,0,5.2
1,15.75637,0,0,0,330.0184,3,0,5.2
1,15.76637,0,0,0,330.0184,3,0,5.2
1,15.77536,0,0,0,330.0184,3,0,5.2
1,15.78705,0,0,0,330.0184,3,0,5.2
1,15.80433,0,0,0,330.0184,3,0,5.2
1,15.81501,0,0,0,330.0184,3,0,5.2
1,15.82762,0,0,0,330.0184,3,0,5.2
1,15.83671,0,0,0,330.0184,3,0,5.2
1,15.8529,0,0,0,330.0184,3,0,5.2
1,15.86238,0,0,0,330.0184,3,0,5.2
1,15.87234,0,0,0,330.0184,3,0,5.2
1,15.88475,0,0,0,330.0184,3,0,5.2
1,15.89425,0,0,0,330.0184,3,0,5.2
1,15.90341,0,0,0,330.0184,3,0,5.2
1,15.9122,0,0,0,330.0184,3,0,5.2
1,15.92191,0,0,0,330.0184,3,0,5.2
1,15.93043,0,0,0,330.0184,3,0,5.2
1,15.93977,0,0,0,330.0184,3,0,5.2
1,15.94873,0,0,0,330.0184,3,0,5.2
1,15.9576,0,0,0,330.0184,3,0,5.2
1,15.96844,0,0,0,330.0184,3,0,5.2
1,15.97808,0,0,0,330.0184,3,0,5.2
1,15.98712,0,0,0,330.0184,3,0,5.2
1,15.99626,0,0,0,330.0184,3,0,5.2
1,16.00518,0,0,0,330.0184,3,0,5.2
1,16.01401,0,0,0,330.0184,3,0,5.2
1,16.02283,0,0,0,330.0184,3,0,5.2
1,16.03185,0,0,0,330.0184,3,0,5.2
1,16.04095,0,0,0,330.0184,3,0,5.2
1,16.05007,0,0,0,330.0184,3,0,5.2
1,16.05898,0,0,0,330.0184,3,0,5.2
1,16.07255,0,0,0,330.0184,3,0,5.2
1,16.08099,0,0,0,330.0184,3,0,5.2
1,16.0888,0,0,0,330.0184,3,0,5.2
1,16.09703,0,0,0,330.0184,3,0,5.2
1,16.10494,0,0,0,330.0184,3,0,5.2
1,16.11335,0,0,0,330.0184,3,0,5.2
1,16.12198,0,0,0,330.0184,3,0,5.2
1,16.13305,0,0,0,330.0184,3,0,5.2
1,16.1417,0,0,0,330.0184,3,0,5.2
1,16.15045,0,0,0,330.0184,3,0,5.2
1,16.16131,0,0,0,330.0184,3,0,5.2
1,16.17034,0,0,0,330.0184,3,0,5.2
1,16.17878,0,0,0,330.0184,3,0,5.2
1,16.18752,0,0,0,330.0184,3,0,5.2
1,16.20444,0,0,0,330.0184,3,0,5.2
1,16.40025,0,0,0,330.0184,3,0,5.2
1,16.41367,0,0,0,330.0184,3,0,5.2
1,16.42688,0,0,0,330.0184,3,0,5.2
1,16.4309,0,0,0,330.0184,3,0,5.2
1,16.4356,0,0,0,330.0184,3,0,5.2
1,16.43949,0,0,0,330.0184,3,0,5.2
1,16.44382,0,0,0,330.0184,3,0,5.2
1,16.44815,0,0,0,330.0184,3,0,5.2
1,16.452,0,0,0,330.0184,3,0,5.2
1,16.45629,0,0,0,330.0184,3,0,5.2
1,16.46008,0,0,0,330.0184,3,0,5.2
1,16.4637,0,0,0,330.0184,3,0,5.2
1,16.46804,0,0,0,330.0184,3,0,5.2
1,16.47205,0,0,0,330.0184,3,0,5.2
1,16.47616,0,0,0,330.0184,3,0,5.2
1,16.48053,0,0,0,330.0184,3,0,5.2
1,16.48423,0,0,0,330.0184,3,0,5.2
1,16.48866,0,0,0,330.0184,3,0,5.2
1,16.49295,0,0,0,330.0184,3,0,5.2
1,16.49683,0,0,0,330.0184,3,0,5.2
1,16.50093,0,0,0,330.0184,3,0,5.2
1,16.50472,0,0,0,330.0184,3,0,5.2
1,16.50857,0,0,0,330.0184,3,0,5.2
1,16.513,0,0,0,330.0184,3,0,5.2
1,16.51728,0,0,0,330.0184,3,0,5.2
1,16.52214,0,0,0,330.0184,3,0,5.2
1,16.52619,0,0,0,330.0184,3,0,5.2
1,16.53063,0,0,0,330.0184,3,0,5.2
1,16.53568,0,0,0,330.0184,3,0,5.2
1,16.53959,0,0,0,330.0184,3,0,5.2
1,16.54424,0,0,0,330.0184,3,0,5.2
1,16.54954,0,0,0,330.0184,3,0,5.2
1,16.55356,0,0,0,330.0184,3,0,5.2
1,16.56176,0,0,0,330.0184,3,0,5.2
1,16.56629,0,0,0,330.0184,3,0,5.2
1,16.57065,0,0,0,330.0184,3,0,5.2
1,16.57467,0,0,0,330.0184,3,0,5.2
1,16.57892,0,0,0,330.0184,3,0,5.2
1,16.58269,0,0,0,330.0184,3,0,5.2
1,16.58681,0,0,0,330.0184,3,0,5.2
1,16.59146,0,0,0,330.0184,3,0,5.2
1,16.59548,0,0,0,330.0184,3,0,5.2
1,16.59983,0,0,0,330.0184,3,0,5.2
1,16.60384,0,0,0,330.0184,3,0,5.2
1,16.60774,0,0,0,330.0184,3,0,5.2
1,16.61215,0,0,0,330.0184,3,0,5.2
1,16.61647,0,0,0,330.0184,3,0,5.2
1,16.62049,0,0,0,330.0184,3,0,5.2
1,16.62491,0,0,0,330.0184,3,0,5.2
1,16.62875,0,0,0,330.0184,3,0,5.2
1,16.63315,0,0,0,330.0184,3,0,5.2
1,16.63714,0,0,0,330.0184,3,0,5.2
1,16.64106,0,0,0,330.0184,3,0,5.2
1,16.6452,0,0,0,330.0184,3,0,5.2
1,16.64925,0,0,0,330.0184,3,0,5.2
1,16.65363,0,0,0,330.0184,3,0,5.2
1,16.65799,0,0,0,330.0184,3,0,5.2
1,16.66179,0,0,0,330.0184,3,0,5.2
1,16.666,0,0,0,330.0184,3,0,5.2
1,16.67002,0,0,0,330.0184,3,0,5.2
1,16.674,0,0,0,330.0184,3,0,5.2
1,16.67856,0,0,0,330.0184,3,0,5.2
1,16.68253,0,0,0,330.0184,3,0,5.2
1,16.68633,0,0,0,330.0184,3,0,5.2
1,16.69048,0,0,0,330.0184,3,0,5.2
1,16.69448,0,0,0,330.0184,3,0,5.2
1,16.69821,0,0,0,330.0184,3,0,5.2
1,16.70237,0,0,0,330.0184,3,0,5.2
1,16.70613,0,0,0,330.0184,3,0,5.2
1,16.71023,0,0,0,330.0184,3,0,5.2
1,16.71496,0,0,0,330.0184,3,0,5.2
1,16.7195,0,0,0,330.0184,3,0,5.2
1,16.72387,0,0,0,330.0184,3,0,5.2
1,16.72775,0,0,0,330.0184,3,0,5.2
1,16.73267,0,0,0,330.0184,3,0,5.2
1,16.73688,0,0,0,330.0184,3,0,5.2
1,16.7409,0,0,0,330.0184,3,0,5.2
1,16.74574,0,0,0,330.0184,3,0,5.2
1,16.74994,0,0,0,330.0184,3,0,5.2
1,16.75484,0,0,0,330.0184,3,0,5.2
1,16.75891,0,0,0,330.0184,3,0,5.2
1,16.76283,0,0,0,330.0184,3,0,5.2
1,16.76754,0,0,0,330.0184,3,0,5.2
1,16.77171,0,0,0,330.0184,3,0,5.2
1,16.77621,0,0,0,330.0184,3,0,5.2
1,16.78082,0,0,0,330.0184,3,0,5.2
1,16.78514,0,0,0,330.0184,3,0,5.2
1,16.79022,0,0,0,330.0184,3,0,5.2
1,16.79573,0,0,0,330.0184,3,0,5.2
1,16.80098,0,0,0,330.0184,3,0,5.2
1,16.80664,0,0,0,330.0184,3,0,5.2
1,16.81239,0,0,0,330.0184,3,0,5.2
1,16.81713,0,0,0,330.0184,3,0,5.2
1,16.82256,0,0,0,330.0184,3,0,5.2
1,16.82702,0,0,0,330.0184,3,0,5.2
1,16.83153,0,0,0,330.0184,3,0,5.2
1,16.83622,0,0,0,330.0184,3,0,5.2
1,16.84096,0,0,0,330.0184,3,0,5.2
1,16.84551,0,0,0,330.0184,3,0,5.2
1,16.84984,0,0,0,330.0184,3,0,5.2
1,16.85614,0,0,0,330.0184,3,0,5.2
1,16.86224,0,0,0,330.0184,3,0,5.2
1,16.86788,0,0,0,330.0184,3,0,5.2
1,16.87278,0,0,0,330.0184,3,0,5.2
1,16.87753,0,0,0,330.0184,3,0,5.2
1,16.88234,0,0,0,330.0184,3,0,5.2
1,16.88877,0,0,0,330.0184,3,0,5.2
1,16.89537,0,0,0,330.0184,3,0,5.2
1,16.902,0,0,0,330.0184,3,0,5.2
1,16.91142,0,0,0,330.0184,3,0,5.2
1,16.91688,0,0,0,330.0184,3,0,5.2
1,16.92317,0,0,0,330.0184,3,0,5.2
1,16.92901,0,0,0,330.0184,3,0,5.2
1,16.93599,0,0,0,330.0184,3,0,5.2
1,16.94195,0,0,0,330.0184,3,0,5.2
1,16.94807,0,0,0,330.0184,3,0,5.2
1,16.95319,0,0,0,330.0184,3,0,5.2
1,16.95943,0,0,0,330.0184,3,0,5.2
1,16.96487,0,0,0,330.0184,3,0,5.2
1,16.97037,0,0,0,330.0184,3,0,5.2
1,16.97593,0,0,0,330.0184,3,0,5.2
1,16.98261,0,0,0,330.0184,3,0,5.2
1,16.98992,0,0,0,330.0184,3,0,5.2
1,16.99722,0,0,0,330.0184,3,0,5.2
1,17.00485,0,0,0,330.0184,3,0,5.2
1,17.01189,0,0,0,330.0184,3,0,5.2
1,17.01901,0,0,0,330.0184,3,0,5.2
1,17.02659,0,0,0,330.0184,3,0,5.2
1,17.03318,0,0,0,330.0184,3,0,5.2
1,17.03921,0,0,0,330.0184,3,0,5.2
1,17.04764,0,0,0,330.0184,3,0,5.2
1,17.05481,0,0,0,330.0184,3,0,5.2
1,17.06094,0,0,0,330.0184,3,0,5.2
1,17.06744,0,0,0,330.0184,3,0,5.2
1,17.07263,0,0,0,330.0184,3,0,5.2
1,17.07821,0,0,0,330.0184,3,0,5.2
1,17.08445,0,0,0,330.0184,3,0,5.2
1,17.08968,0,0,0,330.0184,3,0,5.2
1,17.09459,0,0,0,330.0184,3,0,5.2
1,17.10097,0,0,0,330.0184,3,0,5.2
1,17.10652,0,0,0,330.0184,3,0,5.2
1,17.11231,0,0,0,330.0184,3,0,5.2
1,17.11822,0,0,0,330.0184,3,0,5.2
1,17.13269,0,0,0,330.0184,3,0,5.2
1,17.13754,0,0,0,330.0184,3,0,5.2
1,17.14233,0,0,0,330.0184,3,0,5.2
1,17.14795,0,0,0,330.0184,3,0,5.2
1,17.15392,0,0,0,330.0184,3,0,5.2
1,17.15967,0,0,0,330.0184,3,0,5.2
1,17.16483,0,0,0,330.0184,3,0,5.2
1,17.17016,0,0,0,330.0184,3,0,5.2
1,17.17717,0,0,0,330.0184,3,0,5.2
1,17.18207,0,0,0,330.0184,3,0,5.2
1,17.18889,0,0,0,330.0184,3,0,5.2
1,17.19402,0,0,0,330.0184,3,0,5.2
1,17.19902,0,0,0,330.0184,3,0,5.2
1,17.20381,0,0,0,330.0184,3,0,5.2
1,17.20891,0,0,0,330.0184,3,0,5.2
1,17.21386,0,0,0,330.0184,3,0,5.2
1,17.21889,0,0,0,330.0184,3,0,5.2
1,17.22497,0,0,0,330.0184,3,0,5.2
1,17.24316,0,0,0,330.0184,3,0,5.2
1,17.24795,0,0,0,330.0184,3,0,5.2
1,17.25367,0,0,0,330.0184,3,0,5.2
1,17.25838,0,0,0,330.0184,3,0,5.2
1,17.26354,0,0,0,330.0184,3,0,5.2
1,17.27612,0,0,0,330.0184,3,0,5.2
1,17.28181,0,0,0,330.0184,3,0,5.2
1,17.28648,0,0,0,330.0184,3,0,5.2
1,17.29123,0,0,0,330.0184,3,0,5.2
1,17.29613,0,0,0,330.0184,3,0,5.2
1,17.30091,0,0,0,330.0184,3,0,5.2
1,17.30573,0,0,0,330.0184,3,0,5.2
1,17.31444,0,0,0,330.0184,3,0,5.2
1,17.33414,0,0,0,330.0184,3,0,5.2
1,17.34898,0,0,0,330.0184,3,0,5.2
1,17.35679,0,0,0,330.0184,3,0,5.2
1,17.37174,0,0,0,330.0184,3,0,5.2
1,17.39071,0,0,0,330.0184,3,0,5.2
1,17.39708,0,0,0,330.0184,3,0,5.2
1,17.40419,0,0,0,330.0184,3,0,5.2
1,17.4112,0,0,0,330.0184,3,0,5.2
1,17.41886,0,0,0,330.0184,3,0,5.2
1,17.42672,0,0,0,330.0184,3,0,5.2
1,17.43385,0,0,0,330.0184,3,0,5.2
1,17.43922,0,0,0,330.0184,3,0,5.2
1,17.44518,0,0,0,330.0184,3,0,5.2
1,17.45023,0,0,0,330.0184,3,0,5.2
1,17.45677,0,0,0,330.0184,3,0,5.2
1,17.46259,0,0,0,330.0184,3,0,5.2
1,17.46851,0,0,0,330.0184,3,0,5.2
1,17.47383,0,0,0,330.0184,3,0,5.2
1,17.47916,0,0,0,330.0184,3,0,5.2
1,17.48466,0,0,0,330.0184,3,0,5.2
1,17.49016,0,0,0,330.0184,3,0,5.2
1,17.49519,0,0,0,330.0184,3,0,5.2
1,17.50078,0,0,0,330.0184,3,0,5.2
1,17.50637,0,0,0,330.0184,3,0,5.2
1,17.5119,0,0,0,330.0184,3,0,5.2
1,17.51727,0,0,0,330.0184,3,0,5.2
1,17.5228,0,0,0,330.0184,3,0,5.2
1,17.52826,0,0,0,330.0184,3,0,5.2
1,17.53444,0,0,0,330.0184,3,0,5.2
1,17.53942,0,0,0,330.0184,3,0,5.2
1,17.54522,0,0,0,330.0184,3,0,5.2
1,17.55078,0,0,0,330.0184,3,0,5.2
1,17.5574,0,0,0,330.0184,3,0,5.2
1,17.56291,0,0,0,330.0184,3,0,5.2
1,17.56892,0,0,0,330.0184,3,0,5.2
1,17.57452,0,0,0,330.0184,3,0,5.2
1,17.58049,0,0,0,330.0184,3,0,5.2
1,17.58568,0,0,0,330.0184,3,0,5.2
1,17.59131,0,0,0,330.0184,3,0,5.2
1,17.59632,0,0,0,330.0184,3,0,5.2
1,17.60148,0,0,0,330.0184,3,0,5.2
1,17.6058,0,0,0,330.0184,3,0,5.2
1,17.61083,0,0,0,330.0184,3,0,5.2
1,17.61624,0,0,0,330.0184,3,0,5.2
1,17.62139,0,0,0,330.0184,3,0,5.2
1,17.62641,0,0,0,330.0184,3,0,5.2
1,17.63149,0,0,0,330.0184,3,0,5.2
1,17.63638,0,0,0,330.0184,3,0,5.2
1,17.6416,0,0,0,330.0184,3,0,5.2
1,17.64719,0,0,0,330.0184,3,0,5.2
1,17.65205,0,0,0,330.0184,3,0,5.2
1,17.65746,0,0,0,330.0184,3,0,5.2
1,17.66263,0,0,0,330.0184,3,0,5.2
1,17.66803,0,0,0,330.0184,3,0,5.2
1,17.67421,0,0,0,330.0184,3,0,5.2
1,17.6802,0,0,0,330.0184,3,0,5.2
1,17.6855,0,0,0,330.0184,3,0,5.2
1,17.70162,0,0,0,330.0184,3,0,5.2
1,17.70684,0,0,0,330.0184,3,0,5.2
1,17.72351,0,0,0,330.0184,3,0,5.2
1,17.72876,0,0,0,330.0184,3,0,5.2
1,17.73483,0,0,0,330.0184,3,0,5.2
1,17.74118,0,0,0,330.0184,3,0,5.2
1,17.74732,0,0,0,330.0184,3,0,5.2
1,17.7527,0,0,0,330.0184,3,0,5.2
1,17.75796,0,0,0,330.0184,3,0,5.2
1,17.76265,0,0,0,330.0184,3,0,5.2
1,17.76694,0,0,0,330.0184,3,0,5.2
1,17.77196,0,0,0,330.0184,3,0,5.2
1,17.777,0,0,0,330.0184,3,0,5.2
1,17.78193,0,0,0,330.0184,3,0,5.2
1,17.78633,0,0,0,330.0184,3,0,5.2
1,17.79112,0,0,0,330.0184,3,0,5.2
1,17.79496,0,0,0,330.0184,3,0,5.2
1,17.80014,0,0,0,330.0184,3,0,5.2
1,17.80583,0,0,0,330.0184,3,0,5.2
1,17.81169,0,0,0,330.0184,3,0,5.2
1,17.81665,0,0,0,330.0184,3,0,5.2
1,17.82246,0,0,0,330.0184,3,0,5.2
1,17.8283,0,0,0,330.0184,3,0,5.2
1,17.83328,0,0,0,330.0184,3,0,5.2
1,17.83745,0,0,0,330.0184,3,0,5.2
1,17.84237,0,0,0,330.0184,3,0,5.2
1,17.84778,0,0,0,330.0184,3,0,5.2
1,17.85323,0,0,0,330.0184,3,0,5.2
1,17.86675,0,0,0,330.0184,3,0,5.2
1,17.87189,0,0,0,330.0184,3,0,5.2
1,17.8771,0,0,0,330.0184,3,0,5.2
1,17.8829,0,0,0,330.0184,3,0,5.2
1,17.88931,0,0,0,330.0184,3,0,5.2
1,17.89401,0,0,0,330.0184,3,0,5.2
1,17.89967,0,0,0,330.0184,3,0,5.2
1,17.90383,0,0,0,330.0184,3,0,5.2
1,17.90828,0,0,0,330.0184,3,0,5.2
1,17.913,0,0,0,330.0184,3,0,5.2
1,17.91778,0,0,0,330.0184,3,0,5.2
1,17.92313,0,0,0,330.0184,3,0,5.2
1,17.9285,0,0,0,330.0184,3,0,5.2
1,17.9339,0,0,0,330.0184,3,0,5.2
1,17.93933,0,0,0,330.0184,3,0,5.2
1,17.94485,0,0,0,330.0184,3,0,5.2
1,17.94927,0,0,0,330.0184,3,0,5.2
1,17.95343,0,0,0,330.0184,3,0,5.2
1,17.95823,0,0,0,330.0184,3,0,5.2
1,17.96263,0,0,0,330.0184,3,0,5.2
1,17.96719,0,0,0,330.0184,3,0,5.2
1,17.97172,0,0,0,330.0184,3,0,5.2
1,17.97589,0,0,0,330.0184,3,0,5.2
1,17.98132,0,0,0,330.0184,3,0,5.2
1,17.98542,0,0,0,330.0184,3,0,5.2
1,17.98982,0,0,0,330.0184,3,0,5.2
1,17.99436,0,0,0,330.0184,3,0,5.2
1,17.99842,0,0,0,330.0184,3,0,5.2
1,18.00285,0,0,0,330.0184,3,0,5.2
1,18.00675,0,0,0,330.0184,3,0,5.2
1,18.01063,0,0,0,330.0184,3,0,5.2
1,18.01415,0,0,0,330.0184,3,0,5.2
1,18.01817,0,0,0,330.0184,3,0,5.2
1,18.02275,0,0,0,330.0184,3,0,5.2
1,18.02644,0,0,0,330.0184,3,0,5.2
1,18.03081,0,0,0,330.0184,3,0,5.2
1,18.03524,0,0,0,330.0184,3,0,5.2
1,18.03938,0,0,0,330.0184,3,0,5.2
1,18.04431,0,0,0,330.0184,3,0,5.2
1,18.04898,0,0,0,330.0184,3,0,5.2
1,18.05293,0,0,0,330.0184,3,0,5.2
1,18.05751,0,0,0,330.0184,3,0,5.2
1,18.06153,0,0,0,330.0184,3,0,5.2
1,18.06602,0,0,0,330.0184,3,0,5.2
1,18.07044,0,0,0,330.0184,3,0,5.2
1,18.07485,0,0,0,330.0184,3,0,5.2
1,18.08092,0,0,0,330.0184,3,0,5.2
1,18.08841,0,0,0,330.0184,3,0,5.2
1,18.09258,0,0,0,330.0184,3,0,5.2
1,18.09646,0,0,0,330.0184,3,0,5.2
1,18.10077,0,0,0,330.0184,3,0,5.2
1,18.1046,0,0,0,330.0184,3,0,5.2
1,18.10869,0,0,0,330.0184,3,0,5.2
1,18.11282,0,0,0,330.0184,3,0,5.2
1,18.11665,0,0,0,330.0184,3,0,5.2
1,18.12083,0,0,0,330.0184,3,0,5.2
1,18.12605,0,0,0,330.0184,3,0,5.2
1,18.12981,0,0,0,330.0184,3,0,5.2
1,18.13424,0,0,0,330.0184,3,0,5.2
1,18.13822,0,0,0,330.0184,3,0,5.2
1,18.14219,0,0,0,330.0184,3,0,5.2
1,18.14691,0,0,0,330.0184,3,0,5.2
1,18.15153,0,0,0,330.0184,3,0,5.2
1,18.15576,0,0,0,330.0184,3,0,5.2
1,18.1595,0,0,0,330.0184,3,0,5.2
1,18.16356,0,0,0,330.0184,3,0,5.2
1,18.16804,0,0,0,330.0184,3,0,5.2
1,18.1718,0,0,0,330.0184,3,0,5.2
1,18.17559,0,0,0,330.0184,3,0,5.2
1,18.18032,0,0,0,330.0184,3,0,5.2
1,18.18451,0,0,0,330.0184,3,0,5.2
1,18.189,0,0,0,330.0184,3,0,5.2
1,18.19337,0,0,0,330.0184,3,0,5.2
1,18.19802,0,0,0,330.0184,3,0,5.2
1,18.20346,0,0,0,330.0184,3,0,5.2
1,18.20792,0,0,0,330.0184,3,0,5.2
1,18.21231,0,0,0,330.0184,3,0,5.2
1,18.21622,0,0,0,330.0184,3,0,5.2
1,18.2203,0,0,0,330.0184,3,0,5.2
1,18.22491,0,0,0,330.0184,3,0,5.2
1,18.22897,0,0,0,330.0184,3,0,5.2
1,18.23341,0,0,0,330.0184,3,0,5.2
1,18.23764,0,0,0,330.0184,3,0,5.2
1,18.24154,0,0,0,330.0184,3,0,5.2
1,18.24586,0,0,0,330.0184,3,0,5.2
1,18.25026,0,0,0,330.0184,3,0,5.2
1,18.25504,0,0,0,330.0184,3,0,5.2
1,18.25933,0,0,0,330.0184,3,0,5.2
1,18.26336,0,0,0,330.0184,3,0,5.2
1,18.26906,0,0,0,330.0184,3,0,5.2
1,18.27333,0,0,0,330.0184,3,0,5.2
1,18.27758,0,0,0,330.0184,3,0,5.2
1,18.28201,0,0,0,330.0184,3,0,5.2
1,18.28652,0,0,0,330.0184,3,0,5.2
1,18.29115,0,0,0,330.0184,3,0,5.2
1,18.29571,0,0,0,330.0184,3,0,5.2
1,18.30126,0,0,0,330.0184,3,0,5.2
1,18.30591,0,0,0,330.0184,3,0,5.2
1,18.31079,0,0,0,330.0184,3,0,5.2
1,18.31492,0,0,0,330.0184,3,0,5.2
1,18.3191,0,0,0,330.0184,3,0,5.2
1,18.32453,0,0,0,330.0184,3,0,5.2
1,18.329,0,0,0,330.0184,3,0,5.2
1,18.33322,0,0,0,330.0184,3,0,5.2
1,18.33747,0,0,0,330.0184,3,0,5.2
1,18.34212,0,0,0,330.0184,3,0,5.2
1,18.34619,0,0,0,330.0184,3,0,5.2
1,18.34999,0,0,0,330.0184,3,0,5.2
1,18.35398,0,0,0,330.0184,3,0,5.2
1,18.35815,0,0,0,330.0184,3,0,5.2
1,18.36213,0,0,0,330.0184,3,0,5.2
1,18.36643,0,0,0,330.0184,3,0,5.2
1,18.37163,0,0,0,330.0184,3,0,5.2
1,18.37773,0,0,0,330.0184,3,0,5.2
1,18.38258,0,0,0,330.0184,3,0,5.2
1,18.38691,0,0,0,330.0184,3,0,5.2
1,18.39205,0,0,0,330.0184,3,0,5.2
1,18.39698,0,0,0,330.0184,3,0,5.2
1,18.40178,0,0,0,330.0184,3,0,5.2
1,18.4071,0,0,0,330.0184,3,0,5.2
1,18.41173,0,0,0,330.0184,3,0,5.2
1,18.41614,0,0,0,330.0184,3,0,5.2
1,18.41982,0,0,0,330.0184,3,0,5.2
1,18.42387,0,0,0,330.0184,3,0,5.2
1,18.42844,0,0,0,330.0184,3,0,5.2
1,18.44525,0,0,0,330.0184,3,0,5.2
1,18.45068,0,0,0,330.0184,3,0,5.2
1,18.45654,0,0,0,330.0184,3,0,5.2
1,18.46088,0,0,0,330.0184,3,0,5.2
1,18.46699,0,0,0,330.0184,3,0,5.2
1,18.47253,0,0,0,330.0184,3,0,5.2
1,18.48935,0,0,0,330.0184,3,0,5.2
1,18.50335,0,0,0,330.0184,3,0,5.2
1,18.52267,0,0,0,330.0184,3,0,5.2
1,18.53936,0,0,0,330.0184,3,0,5.2
1,18.55636,0,0,0,330.0184,3,0,5.2
1,18.56116,0,0,0,330.0184,3,0,5.2
1,18.56754,0,0,0,330.0184,3,0,5.2
1,18.57281,0,0,0,330.0184,3,0,5.2
1,18.57927,0,0,0,330.0184,3,0,5.2
1,18.58524,0,0,0,330.0184,3,0,5.2
1,18.59354,0,0,0,330.0184,3,0,5.2
1,18.60035,0,0,0,330.0184,3,0,5.2
1,18.60643,0,0,0,330.0184,3,0,5.2
1,18.62563,0,0,0,330.0184,3,0,5.2
1,18.63145,0,0,0,330.0184,3,0,5.2
1,18.63857,0,0,0,330.0184,3,0,5.2
1,18.64663,0,0,0,330.0184,3,0,5.2
1,18.65337,0,0,0,330.0184,3,0,5.2
1,18.65969,0,0,0,330.0184,3,0,5.2
1,18.66595,0,0,0,330.0184,3,0,5.2
1,18.67284,0,0,0,330.0184,3,0,5.2
1,18.6799,0,0,0,330.0184,3,0,5.2
1,18.68659,0,0,0,330.0184,3,0,5.2
1,18.69304,0,0,0,330.0184,3,0,5.2
1,18.69913,0,0,0,330.0184,3,0,5.2
1,18.70485,0,0,0,330.0184,3,0,5.2
1,18.71298,0,0,0,330.0184,3,0,5.2
1,18.72075,0,0,0,330.0184,3,0,5.2
1,18.72699,0,0,0,330.0184,3,0,5.2
1,18.73249,0,0,0,330.0184,3,0,5.2
1,18.73746,0,0,0,330.0184,3,0,5.2
1,18.74264,0,0,0,330.0184,3,0,5.2
1,18.74812,0,0,0,330.0184,3,0,5.2
1,18.75278,0,0,0,330.0184,3,0,5.2
1,18.75816,0,0,0,330.0184,3,0,5.2
1,18.7629,0,0,0,330.0184,3,0,5.2
1,18.76902,0,0,0,330.0184,3,0,5.2
1,18.77337,0,0,0,330.0184,3,0,5.2
1,18.7792,0,0,0,330.0184,3,0,5.2
1,18.785,0,0,0,330.0184,3,0,5.2
1,18.79127,0,0,0,330.0184,3,0,5.2
1,18.79726,0,0,0,330.0184,3,0,5.2
1,18.80197,0,0,0,330.0184,3,0,5.2
1,18.80773,0,0,0,330.0184,3,0,5.2
1,18.8152,0,0,0,330.0184,3,0,5.2
1,18.82223,0,0,0,330.0184,3,0,5.2
1,18.82809,0,0,0,330.0184,3,0,5.2
1,18.83438,0,0,0,330.0184,3,0,5.2
1,18.85397,0,0,0,330.0184,3,0,5.2
1,18.85875,0,0,0,330.0184,3,0,5.2
1,18.86378,0,0,0,330.0184,3,0,5.2
1,18.86894,0,0,0,330.0184,3,0,5.2
1,18.87321,0,0,0,330.0184,3,0,5.2
1,18.87943,0,0,0,330.0184,3,0,5.2
1,18.88516,0,0,0,330.0184,3,0,5.2
1,18.89091,0,0,0,330.0184,3,0,5.2
1,18.8966,0,0,0,330.0184,3,0,5.2
1,18.90265,0,0,0,330.0184,3,0,5.2
1,18.90799,0,0,0,330.0184,3,0,5.2
1,18.9131,0,0,0,330.0184,3,0,5.2
1,18.91798,0,0,0,330.0184,3,0,5.2
1,18.92277,0,0,0,330.0184,3,0,5.2
1,18.92879,0,0,0,330.0184,3,0,5.2
1,18.93393,0,0,0,330.0184,3,0,5.2
1,18.938,0,0,0,330.0184,3,0,5.2
1,18.94226,0,0,0,330.0184,3,0,5.2
1,18.94683,0,0,0,330.0184,3,0,5.2
1,18.95091,0,0,0,330.0184,3,0,5.2
1,18.95608,0,0,0,330.0184,3,0,5.2
1,18.96045,0,0,0,330.0184,3,0,5.2
1,18.96465,0,0,0,330.0184,3,0,5.2
1,18.96932,0,0,0,330.0184,3,0,5.2
1,18.97479,0,0,0,330.0184,3,0,5.2
1,18.98031,0,0,0,330.0184,3,0,5.2
1,18.98457,0,0,0,330.0184,3,0,5.2
1,18.98902,0,0,0,330.0184,3,0,5.2
1,18.9933,0,0,0,330.0184,3,0,5.2
1,18.99753,0,0,0,330.0184,3,0,5.2
1,19.00202,0,0,0,330.0184,3,0,5.2
1,19.00625,0,0,0,330.0184,3,0,5.2
1,19.01105,0,0,0,330.0184,3,0,5.2
1,19.01583,0,0,0,330.0184,3,0,5.2
1,19.02158,0,0,0,330.0184,3,0,5.2
1,19.02689,0,0,0,330.0184,3,0,5.2
1,19.0315,0,0,0,330.0184,3,0,5.2
1,19.03598,0,0,0,330.0184,3,0,5.2
1,19.04022,0,0,0,330.0184,3,0,5.2
1,19.04493,0,0,0,330.0184,3,0,5.2
1,19.04967,0,0,0,330.0184,3,0,5.2
1,19.05408,0,0,0,330.0184,3,0,5.2
1,19.05906,0,0,0,330.0184,3,0,5.2
1,19.06365,0,0,0,330.0184,3,0,5.2
1,19.06787,0,0,0,330.0184,3,0,5.2
1,19.07185,0,0,0,330.0184,3,0,5.2
1,19.07589,0,0,0,330.0184,3,0,5.2
1,19.08042,0,0,0,330.0184,3,0,5.2
1,19.08489,0,0,0,330.0184,3,0,5.2
1,19.08981,0,0,0,330.0184,3,0,5.2
1,19.0942,0,0,0,330.0184,3,0,5.2
1,19.09867,0,0,0,330.0184,3,0,5.2
1,19.10396,0,0,0,330.0184,3,0,5.2
1,19.10779,0,0,0,330.0184,3,0,5.2
1,19.11217,0,0,0,330.0184,3,0,5.2
1,19.11656,0,0,0,330.0184,3,0,5.2
1,19.12134,0,0,0,330.0184,3,0,5.2
1,19.12521,0,0,0,330.0184,3,0,5.2
1,19.12946,0,0,0,330.0184,3,0,5.2
1,19.13435,0,0,0,330.0184,3,0,5.2
1,19.13859,0,0,0,330.0184,3,0,5.2
1,19.14382,0,0,0,330.0184,3,0,5.2
1,19.1478,0,0,0,330.0184,3,0,5.2
1,19.15188,0,0,0,330.0184,3,0,5.2
1,19.15605,0,0,0,330.0184,3,0,5.2
1,19.16023,0,0,0,330.0184,3,0,5.2
1,19.16425,0,0,0,330.0184,3,0,5.2
1,19.16859,0,0,0,330.0184,3,0,5.2
1,19.17787,0,0,0,330.0184,3,0,5.2
1,19.19152,0,0,0,330.0184,3,0,5.2
1,19.19983,0,0,0,330.0184,3,0,5.2
1,19.20893,0,0,0,330.0184,3,0,5.2
1,19.21791,0,0,0,330.0184,3,0,5.2
1,19.22882,0,0,0,330.0184,3,0,5.2
1,19.23615,0,0,0,330.0184,3,0,5.2
1,19.24373,0,0,0,330.0184,3,0,5.2
1,19.25063,0,0,0,330.0184,3,0,5.2
1,19.25831,0,0,0,330.0184,3,0,5.2
1,19.26654,0,0,0,330.0184,3,0,5.2
1,19.27399,0,0,0,330.0184,3,0,5.2
1,19.28168,0,0,0,330.0184,3,0,5.2
1,19.28924,0,0,0,330.0184,3,0,5.2
1,19.29668,0,0,0,330.0184,3,0,5.2
1,19.30438,0,0,0,330.0184,3,0,5.2
1,19.31163,0,0,0,330.0184,3,0,5.2
1,19.3188,0,0,0,330.0184,3,0,5.2
1,19.32611,0,0,0,330.0184,3,0,5.2
1,19.33406,0,0,0,330.0184,3,0,5.2
1,19.34153,0,0,0,330.0184,3,0,5.2
1,19.34899,0,0,0,330.0184,3,0,5.2
1,19.3564,0,0,0,330.0184,3,0,5.2
1,19.36354,0,0,0,330.0184,3,0,5.2
1,19.37196,0,0,0,330.0184,3,0,5.2
1,19.38001,0,0,0,330.0184,3,0,5.2
1,19.39032,0,0,0,330.0184,3,0,5.2
1,19.40158,0,0,0,330.0184,3,0,5.2
1,19.40942,0,0,0,330.0184,3,0,5.2
1,19.41823,0,0,0,330.0184,3,0,5.2
1,19.42601,0,0,0,330.0184,3,0,5.2
1,19.43371,0,0,0,330.0184,3,0,5.2
1,19.44133,0,0,0,330.0184,3,0,5.2
1,19.45005,0,0,0,330.0184,3,0,5.2
1,19.45811,0,0,0,330.0184,3,0,5.2
1,19.46707,0,0,0,330.0184,3,0,5.2
1,19.47527,0,0,0,330.0184,3,0,5.2
1,19.48341,0,0,0,330.0184,3,0,5.2
1,19.49218,0,0,0,330.0184,3,0,5.2
1,19.49986,0,0,0,330.0184,3,0,5.2
1,19.50772,0,0,0,330.0184,3,0,5.2
1,19.51561,0,0,0,330.0184,3,0,5.2
1,19.5268,0,0,0,330.0184,3,0,5.2
1,19.5342,0,0,0,330.0184,3,0,5.2
1,19.54149,0,0,0,330.0184,3,0,5.2
1,19.54918,0,0,0,330.0184,3,0,5.2
1,19.55692,0,0,0,330.0184,3,0,5.2
1,19.56452,0,0,0,330.0184,3,0,5.2
1,19.57314,0,0,0,330.0184,3,0,5.2
1,19.58086,0,0,0,330.0184,3,0,5.2
1,19.58902,0,0,0,330.0184,3,0,5.2
1,19.59734,0,0,0,330.0184,3,0,5.2
1,19.60643,0,0,0,330.0184,3,0,5.2
1,19.61554,0,0,0,330.0184,3,0,5.2
1,19.62632,0,0,0,330.0184,3,0,5.2
1,19.63575,0,0,0,330.0184,3,0,5.2
1,19.64504,0,0,0,330.0184,3,0,5.2
1,19.65341,0,0,0,330.0184,3,0,5.2
1,19.66332,0,0,0,330.0184,3,0,5.2
1,19.67465,0,0,0,330.0184,3,0,5.2
1,19.6858,0,0,0,330.0184,3,0,5.2
1,19.69777,0,0,0,330.0184,3,0,5.2
1,19.71298,0,0,0,330.0184,3,0,5.2
1,19.72629,0,0,0,330.0184,3,0,5.2
1,19.73964,0,0,0,330.0184,3,0,5.2
1,19.7532,0,0,0,330.0184,3,0,5.2
1,19.76575,0,0,0,330.0184,3,0,5.2
1,19.77871,0,0,0,330.0184,3,0,5.2
1,19.79352,0,0,0,330.0184,3,0,5.2
1,19.80461,0,0,0,330.0184,3,0,5.2
1,19.81611,0,0,0,330.0184,3,0,5.2
1,19.82833,0,0,0,330.0184,3,0,5.2
1,19.84166,0,0,0,330.0184,3,0,5.2
1,19.85816,0,0,0,330.0184,3,0,5.2
1,19.87012,0,0,0,330.0184,3,0,5.2
1,19.88165,0,0,0,330.0184,3,0,5.2
1,19.89245,0,0,0,330.0184,3,0,5.2
1,19.90419,0,0,0,330.0184,3,0,5.2
1,19.91818,0,0,0,330.0184,3,0,5.2
1,19.93201,0,0,0,330.0184,3,0,5.2
1,19.94196,0,0,0,330.0184,3,0,5.2
1,19.95092,0,0,0,330.0184,3,0,5.2
1,19.95934,0,0,0,330.0184,3,0,5.2
1,19.96916,0,0,0,330.0184,3,0,5.2
1,19.97885,0,0,0,330.0184,3,0,5.2
1,19.98924,0,0,0,330.0184,3,0,5.2
1,19.99962,0,0,0,330.0184,3,0,5.2
1,20.00825,0,0,0,330.0184,3,0,5.2
1,20.01884,0,0,0,330.0184,3,0,5.2
1,20.02815,0,0,0,330.0184,3,0,5.2
1,20.03741,0,0,0,330.0184,3,0,5.2
1,20.04644,0,0,0,330.0184,3,0,5.2
1,20.05545,0,0,0,330.0184,3,0,5.2
1,20.06378,0,0,0,330.0184,3,0,5.2
1,20.07371,0,0,0,330.0184,3,0,5.2
1,20.08268,0,0,0,330.0184,3,0,5.2
1,20.09028,0,0,0,330.0184,3,0,5.2
1,20.09835,0,0,0,330.0184,3,0,5.2
1,20.10677,0,0,0,330.0184,3,0,5.2
1,20.11718,0,0,0,330.0184,3,0,5.2
1,20.12559,0,0,0,330.0184,3,0,5.2
1,20.13415,0,0,0,330.0184,3,0,5.2
1,20.14392,0,0,0,330.0184,3,0,5.2
1,20.15197,0,0,0,330.0184,3,0,5.2
1,20.16276,0,0,0,330.0184,3,0,5.2
1,20.17127,0,0,0,330.0184,3,0,5.2
1,20.18073,0,0,0,330.0184,3,0,5.2
1,20.19021,0,0,0,330.0184,3,0,5.2
1,20.19815,0,0,0,330.0184,3,0,5.2
1,20.20671,0,0,0,330.0184,3,0,5.2
1,20.21429,0,0,0,330.0184,3,0,5.2
1,20.2221,0,0,0,330.0184,3,0,5.2
1,20.22927,0,0,0,330.0184,3,0,5.2
1,20.23876,0,0,0,330.0184,3,0,5.2
1,20.24793,0,0,0,330.0184,3,0,5.2
1,20.25622,0,0,0,330.0184,3,0,5.2
1,20.26757,0,0,0,330.0184,3,0,5.2
1,20.2751,0,0,0,330.0184,3,0,5.2
1,20.28362,0,0,0,330.0184,3,0,5.2
1,20.29151,0,0,0,330.0184,3,0,5.2
1,20.29967,0,0,0,330.0184,3,0,5.2
1,20.30705,0,0,0,330.0184,3,0,5.2
1,20.31485,0,0,0,330.0184,3,0,5.2
1,20.32251,0,0,0,330.0184,3,0,5.2
1,20.32952,0,0,0,330.0184,3,0,5.2
1,20.33915,0,0,0,330.0184,3,0,5.2
1,20.35573,0,0,0,330.0184,3,0,5.2
1,20.36018,0,0,0,330.0184,3,0,5.2
1,20.36438,0,0,0,330.0184,3,0,5.2
1,20.36875,0,0,0,330.0184,3,0,5.2
1,20.37289,0,0,0,330.0184,3,0,5.2
1,20.37757,0,0,0,330.0184,3,0,5.2
1,20.38182,0,0,0,330.0184,3,0,5.2
1,20.38655,0,0,0,330.0184,3,0,5.2
1,20.39093,0,0,0,330.0184,3,0,5.2
1,20.39496,0,0,0,330.0184,3,0,5.2
1,20.40027,0,0,0,330.0184,3,0,5.2
1,20.40432,0,0,0,330.0184,3,0,5.2
1,20.40951,0,0,0,330.0184,3,0,5.2
1,20.41548,0,0,0,330.0184,3,0,5.2
1,20.42005,0,0,0,330.0184,3,0,5.2
1,20.42542,0,0,0,330.0184,3,0,5.2
1,20.4296,0,0,0,330.0184,3,0,5.2
1,20.43411,0,0,0,330.0184,3,0,5.2
1,20.4383,0,0,0,330.0184,3,0,5.2
1,20.44214,0,0,0,330.0184,3,0,5.2
1,20.44652,0,0,0,330.0184,3,0,5.2
1,20.45033,0,0,0,330.0184,3,0,5.2
1,20.45474,0,0,0,330.0184,3,0,5.2
1,20.45865,0,0,0,330.0184,3,0,5.2
1,20.46285,0,0,0,330.0184,3,0,5.2
1,20.46711,0,0,0,330.0184,3,0,5.2
1,20.47174,0,0,0,330.0184,3,0,5.2
1,20.47704,0,0,0,330.0184,3,0,5.2
1,20.48102,0,0,0,330.0184,3,0,5.2
1,20.48523,0,0,0,330.0184,3,0,5.2
1,20.48987,0,0,0,330.0184,3,0,5.2
1,20.49362,0,0,0,330.0184,3,0,5.2
1,20.49751,0,0,0,330.0184,3,0,5.2
1,20.5021,0,0,0,330.0184,3,0,5.2
1,20.50573,0,0,0,330.0184,3,0,5.2
1,20.50936,0,0,0,330.0184,3,0,5.2
1,20.51351,0,0,0,330.0184,3,0,5.2
1,20.51746,0,0,0,330.0184,3,0,5.2
1,20.52155,0,0,0,330.0184,3,0,5.2
1,20.52544,0,0,0,330.0184,3,0,5.2
1,20.52984,0,0,0,330.0184,3,0,5.2
1,20.53454,0,0,0,330.0184,3,0,5.2
1,20.53844,0,0,0,330.0184,3,0,5.2
1,20.54251,0,0,0,330.0184,3,0,5.2
1,20.54669,0,0,0,330.0184,3,0,5.2
1,20.55038,0,0,0,330.0184,3,0,5.2
1,20.55389,0,0,0,330.0184,3,0,5.2
1,20.55797,0,0,0,330.0184,3,0,5.2
1,20.56177,0,0,0,330.0184,3,0,5.2
1,20.56653,0,0,0,330.0184,3,0,5.2
1,20.57927,0,0,0,330.0184,3,0,5.2
1,20.58347,0,0,0,330.0184,3,0,5.2
1,20.5885,0,0,0,330.0184,3,0,5.2
1,20.596,0,0,0,330.0184,3,0,5.2
1,20.60057,0,0,0,330.0184,3,0,5.2
1,20.60481,0,0,0,330.0184,3,0,5.2
1,20.60918,0,0,0,330.0184,3,0,5.2
1,20.61495,0,0,0,330.0184,3,0,5.2
1,20.61914,0,0,0,330.0184,3,0,5.2
1,20.62434,0,0,0,330.0184,3,0,5.2
1,20.62964,0,0,0,330.0184,3,0,5.2
1,20.63461,0,0,0,330.0184,3,0,5.2
1,20.6384,0,0,0,330.0184,3,0,5.2
1,20.64249,0,0,0,330.0184,3,0,5.2
1,20.64704,0,0,0,330.0184,3,0,5.2
1,20.65219,0,0,0,330.0184,3,0,5.2
1,20.65727,0,0,0,330.0184,3,0,5.2
1,20.66136,0,0,0,330.0184,3,0,5.2
1,20.66659,0,0,0,330.0184,3,0,5.2
1,20.68307,0,0,0,330.0184,3,0,5.2
1,20.70058,0,0,0,330.0184,3,0,5.2
1,20.71515,0,0,0,330.0184,3,0,5.2
1,20.73045,0,0,0,330.0184,3,0,5.2
1,20.7355,0,0,0,330.0184,3,0,5.2
1,20.74078,0,0,0,330.0184,3,0,5.2
1,20.74625,0,0,0,330.0184,3,0,5.2
1,20.75187,0,0,0,330.0184,3,0,5.2
1,20.75765,0,0,0,330.0184,3,0,5.2
1,20.76227,0,0,0,330.0184,3,0,5.2
1,20.7679,0,0,0,330.0184,3,0,5.2
1,20.77268,0,0,0,330.0184,3,0,5.2
1,20.77804,0,0,0,330.0184,3,0,5.2
1,20.78252,0,0,0,330.0184,3,0,5.2
1,20.78825,0,0,0,330.0184,3,0,5.2
1,20.79404,0,0,0,330.0184,3,0,5.2
1,20.80023,0,0,0,330.0184,3,0,5.2
1,20.80478,0,0,0,330.0184,3,0,5.2
1,20.8115,0,0,0,330.0184,3,0,5.2
1,20.81724,0,0,0,330.0184,3,0,5.2
1,20.82339,0,0,0,330.0184,3,0,5.2
1,20.82933,0,0,0,330.0184,3,0,5.2
1,20.83494,0,0,0,330.0184,3,0,5.2
1,20.83912,0,0,0,330.0184,3,0,5.2
1,20.84443,0,0,0,330.0184,3,0,5.2
1,20.85078,0,0,0,330.0184,3,0,5.2
1,20.85807,0,0,0,330.0184,3,0,5.2
1,20.86501,0,0,0,330.0184,3,0,5.2
1,20.8722,0,0,0,330.0184,3,0,5.2
1,20.87915,0,0,0,330.0184,3,0,5.2
1,20.88484,0,0,0,330.0184,3,0,5.2
1,20.90465,0,0,0,330.0184,3,0,5.2
1,20.91289,0,0,0,330.0184,3,0,5.2
1,20.92,0,0,0,330.0184,3,0,5.2
1,20.92725,0,0,0,330.0184,3,0,5.2
1,20.93444,0,0,0,330.0184,3,0,5.2
1,20.94125,0,0,0,330.0184,3,0,5.2
1,20.94832,0,0,0,330.0184,3,0,5.2
1,20.95504,0,0,0,330.0184,3,0,5.2
1,20.96309,0,0,0,330.0184,3,0,5.2
1,20.96824,0,0,0,330.0184,3,0,5.2
1,20.97563,0,0,0,330.0184,3,0,5.2
1,20.98267,0,0,0,330.0184,3,0,5.2
1,20.99226,0,0,0,330.0184,3,0,5.2
1,20.99945,0,0,0,330.0184,3,0,5.2
1,21.02027,0,0,0,330.0184,3,0,5.2
1,21.02707,0,0,0,330.0184,3,0,5.2
1,21.03277,0,0,0,330.0184,3,0,5.2
1,21.03865,0,0,0,330.0184,3,0,5.2
1,21.04534,0,0,0,330.0184,3,0,5.2
1,21.05099,0,0,0,330.0184,3,0,5.2
1,21.05888,0,0,0,330.0184,3,0,5.2
1,21.06778,0,0,0,330.0184,3,0,5.2
1,21.07783,0,0,0,330.0184,3,0,5.2
1,21.08343,0,0,0,330.0184,3,0,5.2
1,21.08963,0,0,0,330.0184,3,0,5.2
1,21.09587,0,0,0,330.0184,3,0,5.2
1,21.10164,0,0,0,330.0184,3,0,5.2
1,21.1071,0,0,0,330.0184,3,0,5.2
1,21.11308,0,0,0,330.0184,3,0,5.2
1,21.11788,0,0,0,330.0184,3,0,5.2
1,21.12348,0,0,0,330.0184,3,0,5.2
1,21.12773,0,0,0,330.0184,3,0,5.2
1,21.13336,0,0,0,330.0184,3,0,5.2
1,21.13872,0,0,0,330.0184,3,0,5.2
1,21.14426,0,0,0,330.0184,3,0,5.2
1,21.14903,0,0,0,330.0184,3,0,5.2
1,21.15413,0,0,0,330.0184,3,0,5.2
1,21.15971,0,0,0,330.0184,3,0,5.2
1,21.16426,0,0,0,330.0184,3,0,5.2
1,21.1687,0,0,0,330.0184,3,0,5.2
1,21.17366,0,0,0,330.0184,3,0,5.2
1,21.17787,0,0,0,330.0184,3,0,5.2
1,21.18249,0,0,0,330.0184,3,0,5.2
1,21.18702,0,0,0,330.0184,3,0,5.2
1,21.19208,0,0,0,330.0184,3,0,5.2
1,21.19703,0,0,0,330.0184,3,0,5.2
1,21.20272,0,0,0,330.0184,3,0,5.2
1,21.20772,0,0,0,330.0184,3,0,5.2
1,21.21267,0,0,0,330.0184,3,0,5.2
1,21.21714,0,0,0,330.0184,3,0,5.2
1,21.22198,0,0,0,330.0184,3,0,5.2
1,21.22609,0,0,0,330.0184,3,0,5.2
1,21.23034,0,0,0,330.0184,3,0,5.2
1,21.23518,0,0,0,330.0184,3,0,5.2
1,21.23959,0,0,0,330.0184,3,0,5.2
1,21.24488,0,0,0,330.0184,3,0,5.2
1,21.25067,0,0,0,330.0184,3,0,5.2
1,21.25653,0,0,0,330.0184,3,0,5.2
1,21.26067,0,0,0,330.0184,3,0,5.2
1,21.26473,0,0,0,330.0184,3,0,5.2
1,21.26911,0,0,0,330.0184,3,0,5.2
1,21.27309,0,0,0,330.0184,3,0,5.2
1,21.2773,0,0,0,330.0184,3,0,5.2
1,21.28142,0,0,0,330.0184,3,0,5.2
1,21.28552,0,0,0,330.0184,3,0,5.2
1,21.2907,0,0,0,330.0184,3,0,5.2
1,21.29591,0,0,0,330.0184,3,0,5.2
1,21.30108,0,0,0,330.0184,3,0,5.2
1,21.30572,0,0,0,330.0184,3,0,5.2
1,21.31095,0,0,0,330.0184,3,0,5.2
1,21.31552,0,0,0,330.0184,3,0,5.2
1,21.31999,0,0,0,330.0184,3,0,5.2
1,21.32547,0,0,0,330.0184,3,0,5.2
1,21.32992,0,0,0,330.0184,3,0,5.2
1,21.33491,0,0,0,330.0184,3,0,5.2
1,21.33958,0,0,0,330.0184,3,0,5.2
1,21.34978,0,0,0,330.0184,3,0,5.2
1,21.37046,0,0,0,330.0184,3,0,5.2
1,21.38017,0,0,0,330.0184,3,0,5.2
1,21.38544,0,0,0,330.0184,3,0,5.2
1,21.39129,0,0,0,330.0184,3,0,5.2
1,21.39706,0,0,0,330.0184,3,0,5.2
1,21.40314,0,0,0,330.0184,3,0,5.2
1,21.408,0,0,0,330.0184,3,0,5.2
1,21.41345,0,0,0,330.0184,3,0,5.2
1,21.41808,0,0,0,330.0184,3,0,5.2
1,21.42368,0,0,0,330.0184,3,0,5.2
1,21.42889,0,0,0,330.0184,3,0,5.2
1,21.43548,0,0,0,330.0184,3,0,5.2
1,21.44244,0,0,0,330.0184,3,0,5.2
1,21.4499,0,0,0,330.0184,3,0,5.2
1,21.45546,0,0,0,330.0184,3,0,5.2
1,21.46087,0,0,0,330.0184,3,0,5.2
1,21.47099,0,0,0,330.0184,3,0,5.2
1,21.47596,0,0,0,330.0184,3,0,5.2
1,21.48169,0,0,0,330.0184,3,0,5.2
1,21.48697,0,0,0,330.0184,3,0,5.2
1,21.49301,0,0,0,330.0184,3,0,5.2
1,21.49811,0,0,0,330.0184,3,0,5.2
1,21.50356,0,0,0,330.0184,3,0,5.2
1,21.50854,0,0,0,330.0184,3,0,5.2
1,21.51397,0,0,0,330.0184,3,0,5.2
1,21.51964,0,0,0,330.0184,3,0,5.2
1,21.52564,0,0,0,330.0184,3,0,5.2
1,21.53141,0,0,0,330.0184,3,0,5.2
1,21.53757,0,0,0,330.0184,3,0,5.2
1,21.54258,0,0,0,330.0184,3,0,5.2
1,21.54724,0,0,0,330.0184,3,0,5.2
1,21.55177,0,0,0,330.0184,3,0,5.2
1,21.55684,0,0,0,330.0184,3,0,5.2
1,21.56293,0,0,0,330.0184,3,0,5.2
1,21.57811,0,0,0,330.0184,3,0,5.2
1,21.58284,0,0,0,330.0184,3,0,5.2
1,21.58827,0,0,0,330.0184,3,0,5.2
1,21.59304,0,0,0,330.0184,3,0,5.2
1,21.59757,0,0,0,330.0184,3,0,5.2
1,21.60312,0,0,0,330.0184,3,0,5.2
1,21.60781,0,0,0,330.0184,3,0,5.2
1,21.61358,0,0,0,330.0184,3,0,5.2
1,21.61829,0,0,0,330.0184,3,0,5.2
1,21.62334,0,0,0,330.0184,3,0,5.2
1,21.62802,0,0,0,330.0184,3,0,5.2
1,21.63281,0,0,0,330.0184,3,0,5.2
1,21.63702,0,0,0,330.0184,3,0,5.2
1,21.6424,0,0,0,330.0184,3,0,5.2
1,21.64779,0,0,0,330.0184,3,0,5.2
1,21.65275,0,0,0,330.0184,3,0,5.2
1,21.65814,0,0,0,330.0184,3,0,5.2
1,21.66309,0,0,0,330.0184,3,0,5.2
1,21.66823,0,0,0,330.0184,3,0,5.2
1,21.6729,0,0,0,330.0184,3,0,5.2
1,21.67803,0,0,0,330.0184,3,0,5.2
1,21.6832,0,0,0,330.0184,3,0,5.2
1,21.68841,0,0,0,330.0184,3,0,5.2
1,21.69274,0,0,0,330.0184,3,0,5.2
1,21.69777,0,0,0,330.0184,3,0,5.2
1,21.70376,0,0,0,330.0184,3,0,5.2
1,21.7083,0,0,0,330.0184,3,0,5.2
1,21.71325,0,0,0,330.0184,3,0,5.2
1,21.71791,0,0,0,330.0184,3,0,5.2
1,21.72285,0,0,0,330.0184,3,0,5.2
1,21.7271,0,0,0,330.0184,3,0,5.2
1,21.7314,0,0,0,330.0184,3,0,5.2
1,21.73689,0,0,0,330.0184,3,0,5.2
1,21.74153,0,0,0,330.0184,3,0,5.2
1,21.74619,0,0,0,330.0184,3,0,5.2
1,21.75088,0,0,0,330.0184,3,0,5.2
1,21.75533,0,0,0,330.0184,3,0,5.2
1,21.7594,0,0,0,330.0184,3,0,5.2
1,21.76347,0,0,0,330.0184,3,0,5.2
1,21.768,0,0,0,330.0184,3,0,5.2
1,21.77219,0,0,0,330.0184,3,0,5.2
1,21.77603,0,0,0,330.0184,3,0,5.2
1,21.78013,0,0,0,330.0184,3,0,5.2
1,21.78417,0,0,0,330.0184,3,0,5.2
1,21.78904,0,0,0,330.0184,3,0,5.2
1,21.79308,0,0,0,330.0184,3,0,5.2
1,21.79717,0,0,0,330.0184,3,0,5.2
1,21.80211,0,0,0,330.0184,3,0,5.2
1,21.80702,0,0,0,330.0184,3,0,5.2
1,21.81208,0,0,0,330.0184,3,0,5.2
1,21.81633,0,0,0,330.0184,3,0,5.2
1,21.8212,0,0,0,330.0184,3,0,5.2
1,21.82549,0,0,0,330.0184,3,0,5.2
1,21.82987,0,0,0,330.0184,3,0,5.2
1,21.83439,0,0,0,330.0184,3,0,5.2
1,21.83842,0,0,0,330.0184,3,0,5.2
1,21.84261,0,0,0,330.0184,3,0,5.2
1,21.84757,0,0,0,330.0184,3,0,5.2
1,21.85255,0,0,0,330.0184,3,0,5.2
1,21.85677,0,0,0,330.0184,3,0,5.2
1,21.86098,0,0,0,330.0184,3,0,5.2
1,21.86705,0,0,0,330.0184,3,0,5.2
1,21.87525,0,0,0,330.0184,3,0,5.2
1,21.88007,0,0,0,330.0184,3,0,5.2
1,21.88445,0,0,0,330.0184,3,0,5.2
1,21.88926,0,0,0,330.0184,3,0,5.2
1,21.89333,0,0,0,330.0184,3,0,5.2
1,21.89756,0,0,0,330.0184,3,0,5.2
1,21.90233,0,0,0,330.0184,3,0,5.2
1,21.90644,0,0,0,330.0184,3,0,5.2
1,21.91124,0,0,0,330.0184,3,0,5.2
1,21.91543,0,0,0,330.0184,3,0,5.2
1,21.91934,0,0,0,330.0184,3,0,5.2
1,21.92361,0,0,0,330.0184,3,0,5.2
1,21.92781,0,0,0,330.0184,3,0,5.2
1,21.93275,0,0,0,330.0184,3,0,5.2
1,21.9371,0,0,0,330.0184,3,0,5.2
1,21.94188,0,0,0,330.0184,3,0,5.2
1,21.94769,0,0,0,330.0184,3,0,5.2
1,21.95258,0,0,0,330.0184,3,0,5.2
1,21.95739,0,0,0,330.0184,3,0,5.2
1,21.96229,0,0,0,330.0184,3,0,5.2
1,21.96672,0,0,0,330.0184,3,0,5.2
1,21.97047,0,0,0,330.0184,3,0,5.2
1,21.9748,0,0,0,330.0184,3,0,5.2
1,21.98017,0,0,0,330.0184,3,0,5.2
1,21.98532,0,0,0,330.0184,3,0,5.2
1,21.98974,0,0,0,330.0184,3,0,5.2
1,21.99403,0,0,0,330.0184,3,0,5.2
1,21.99824,0,0,0,330.0184,3,0,5.2
1,22.00346,0,0,0,330.0184,3,0,5.2
1,22.00827,0,0,0,330.0184,3,0,5.2
1,22.01274,0,0,0,330.0184,3,0,5.2
1,22.0169,0,0,0,330.0184,3,0,5.2
1,22.02185,0,0,0,330.0184,3,0,5.2
1,22.02671,0,0,0,330.0184,3,0,5.2
1,22.03054,0,0,0,330.0184,3,0,5.2
1,22.03535,0,0,0,330.0184,3,0,5.2
1,22.03967,0,0,0,330.0184,3,0,5.2
1,22.04389,0,0,0,330.0184,3,0,5.2
1,22.04792,0,0,0,330.0184,3,0,5.2
1,22.05197,0,0,0,330.0184,3,0,5.2
1,22.05614,0,0,0,330.0184,3,0,5.2
1,22.06046,0,0,0,330.0184,3,0,5.2
1,22.06456,0,0,0,330.0184,3,0,5.2
1,22.0687,0,0,0,330.0184,3,0,5.2
1,22.0725,0,0,0,330.0184,3,0,5.2
1,22.0762,0,0,0,330.0184,3,0,5.2
1,22.0805,0,0,0,330.0184,3,0,5.2
1,22.08474,0,0,0,330.0184,3,0,5.2
1,22.08952,0,0,0,330.0184,3,0,5.2
1,22.09355,0,0,0,330.0184,3,0,5.2
1,22.09762,0,0,0,330.0184,3,0,5.2
1,22.1027,0,0,0,330.0184,3,0,5.2
1,22.10751,0,0,0,330.0184,3,0,5.2
1,22.11191,0,0,0,330.0184,3,0,5.2
1,22.11598,0,0,0,330.0184,3,0,5.2
1,22.11996,0,0,0,330.0184,3,0,5.2
1,22.1241,0,0,0,330.0184,3,0,5.2
1,22.12808,0,0,0,330.0184,3,0,5.2
1,22.13278,0,0,0,330.0184,3,0,5.2
1,22.1368,0,0,0,330.0184,3,0,5.2
1,22.14114,0,0,0,330.0184,3,0,5.2
1,22.14569,0,0,0,330.0184,3,0,5.2
1,22.1497,0,0,0,330.0184,3,0,5.2
1,22.15347,0,0,0,330.0184,3,0,5.2
1,22.15791,0,0,0,330.0184,3,0,5.2
1,22.16237,0,0,0,330.0184,3,0,5.2
1,22.16697,0,0,0,330.0184,3,0,5.2
1,22.17149,0,0,0,330.0184,3,0,5.2
1,22.17594,0,0,0,330.0184,3,0,5.2
1,22.18058,0,0,0,330.0184,3,0,5.2
1,22.18486,0,0,0,330.0184,3,0,5.2
1,22.18947,0,0,0,330.0184,3,0,5.2
1,22.19353,0,0,0,330.0184,3,0,5.2
1,22.19751,0,0,0,330.0184,3,0,5.2
1,22.20202,0,0,0,330.0184,3,0,5.2
1,22.20674,0,0,0,330.0184,3,0,5.2
1,22.21132,0,0,0,330.0184,3,0,5.2
1,22.21544,0,0,0,330.0184,3,0,5.2
1,22.21928,0,0,0,330.0184,3,0,5.2
1,22.22366,0,0,0,330.0184,3,0,5.2
1,22.22766,0,0,0,330.0184,3,0,5.2
1,22.23153,0,0,0,330.0184,3,0,5.2
1,22.23591,0,0,0,330.0184,3,0,5.2
1,22.23988,0,0,0,330.0184,3,0,5.2
1,22.24458,0,0,0,330.0184,3,0,5.2
1,22.252,0,0,0,330.0184,3,0,5.2
1,22.2597,0,0,0,330.0184,3,0,5.2
1,22.2686,0,0,0,330.0184,3,0,5.2
1,22.27242,0,0,0,330.0184,3,0,5.2
1,22.27608,0,0,0,330.0184,3,0,5.2
1,22.28006,0,0,0,330.0184,3,0,5.2
1,22.28388,0,0,0,330.0184,3,0,5.2
1,22.28794,0,0,0,330.0184,3,0,5.2
1,22.29165,0,0,0,330.0184,3,0,5.2
1,22.29565,0,0,0,330.0184,3,0,5.2
1,22.30003,0,0,0,330.0184,3,0,5.2
1,22.30411,0,0,0,330.0184,3,0,5.2
1,22.30829,0,0,0,330.0184,3,0,5.2
1,22.31276,0,0,0,330.0184,3,0,5.2
1,22.31668,0,0,0,330.0184,3,0,5.2
1,22.32076,0,0,0,330.0184,3,0,5.2
1,22.32527,0,0,0,330.0184,3,0,5.2
1,22.32933,0,0,0,330.0184,3,0,5.2
1,22.33364,0,0,0,330.0184,3,0,5.2
1,22.33752,0,0,0,330.0184,3,0,5.2
1,22.34172,0,0,0,330.0184,3,0,5.2
1,22.34618,0,0,0,330.0184,3,0,5.2
1,22.35016,0,0,0,330.0184,3,0,5.2
1,22.35512,0,0,0,330.0184,3,0,5.2
1,22.3594,0,0,0,330.0184,3,0,5.2
1,22.36357,0,0,0,330.0184,3,0,5.2
1,22.36801,0,0,0,330.0184,3,0,5.2
1,22.37196,0,0,0,330.0184,3,0,5.2
1,22.37612,0,0,0,330.0184,3,0,5.2
1,22.38052,0,0,0,330.0184,3,0,5.2
1,22.38492,0,0,0,330.0184,3,0,5.2
1,22.38914,0,0,0,330.0184,3,0,5.2
1,22.39296,0,0,0,330.0184,3,0,5.2
1,22.39666,0,0,0,330.0184,3,0,5.2
1,22.40075,0,0,0,330.0184,3,0,5.2
1,22.40488,0,0,0,330.0184,3,0,5.2
1,22.40886,0,0,0,330.0184,3,0,5.2
1,22.41306,0,0,0,330.0184,3,0,5.2
1,22.4174,0,0,0,330.0184,3,0,5.2
1,22.42296,0,0,0,330.0184,3,0,5.2
1,22.42728,0,0,0,330.0184,3,0,5.2
1,22.43142,0,0,0,330.0184,3,0,5.2
1,22.43629,0,0,0,330.0184,3,0,5.2
1,22.44069,0,0,0,330.0184,3,0,5.2
1,22.44603,0,0,0,330.0184,3,0,5.2
1,22.45074,0,0,0,330.0184,3,0,5.2
1,22.45562,0,0,0,330.0184,3,0,5.2
1,22.4604,0,0,0,330.0184,3,0,5.2
1,22.46696,0,0,0,330.0184,3,0,5.2
1,22.47306,0,0,0,330.0184,3,0,5.2
1,22.47977,0,0,0,330.0184,3,0,5.2
1,22.48485,0,0,0,330.0184,3,0,5.2
1,22.49007,0,0,0,330.0184,3,0,5.2
1,22.49414,0,0,0,330.0184,3,0,5.2
1,22.4998,0,0,0,330.0184,3,0,5.2
1,22.50513,0,0,0,330.0184,3,0,5.2
1,22.51057,0,0,0,330.0184,3,0,5.2
1,22.51642,0,0,0,330.0184,3,0,5.2
1,22.52228,0,0,0,330.0184,3,0,5.2
1,22.52756,0,0,0,330.0184,3,0,5.2
1,22.5332,0,0,0,330.0184,3,0,5.2
1,22.53863,0,0,0,330.0184,3,0,5.2
1,22.54305,0,0,0,330.0184,3,0,5.2
1,22.54834,0,0,0,330.0184,3,0,5.2
1,22.55357,0,0,0,330.0184,3,0,5.2
1,22.55983,0,0,0,330.0184,3,0,5.2
1,22.57929,0,0,0,330.0184,3,0,5.2
1,22.60099,0,0,0,330.0184,3,0,5.2
1,22.60581,0,0,0,330.0184,3,0,5.2
1,22.61177,0,0,0,330.0184,3,0,5.2
1,22.61682,0,0,0,330.0184,3,0,5.2
1,22.62263,0,0,0,330.0184,3,0,5.2
1,22.63083,0,0,0,330.0184,3,0,5.2
1,22.63592,0,0,0,330.0184,3,0,5.2
1,22.64096,0,0,0,330.0184,3,0,5.2
1,22.64606,0,0,0,330.0184,3,0,5.2
1,22.65101,0,0,0,330.0184,3,0,5.2
1,22.65722,0,0,0,330.0184,3,0,5.2
1,22.66322,0,0,0,330.0184,3,0,5.2
1,22.66942,0,0,0,330.0184,3,0,5.2
1,22.67515,0,0,0,330.0184,3,0,5.2
1,22.6815,0,0,0,330.0184,3,0,5.2
1,22.68778,0,0,0,330.0184,3,0,5.2
1,22.69317,0,0,0,330.0184,3,0,5.2
1,22.69786,0,0,0,330.0184,3,0,5.2
1,22.70403,0,0,0,330.0184,3,0,5.2
1,22.7097,0,0,0,330.0184,3,0,5.2
1,22.7155,0,0,0,330.0184,3,0,5.2
1,22.72068,0,0,0,330.0184,3,0,5.2
1,22.72578,0,0,0,330.0184,3,0,5.2
1,22.73023,0,0,0,330.0184,3,0,5.2
1,22.73539,0,0,0,330.0184,3,0,5.2
1,22.73987,0,0,0,330.0184,3,0,5.2
1,22.74458,0,0,0,330.0184,3,0,5.2
1,22.74901,0,0,0,330.0184,3,0,5.2
1,22.75365,0,0,0,330.0184,3,0,5.2
1,22.76011,0,0,0,330.0184,3,0,5.2
1,22.76731,0,0,0,330.0184,3,0,5.2
1,22.77174,0,0,0,330.0184,3,0,5.2
1,22.77605,0,0,0,330.0184,3,0,5.2
1,22.78132,0,0,0,330.0184,3,0,5.2
1,22.78613,0,0,0,330.0184,3,0,5.2
1,22.79092,0,0,0,330.0184,3,0,5.2
1,22.79557,0,0,0,330.0184,3,0,5.2
1,22.80051,0,0,0,330.0184,3,0,5.2
1,22.80492,0,0,0,330.0184,3,0,5.2
1,22.8104,0,0,0,330.0184,3,0,5.2
1,22.8156,0,0,0,330.0184,3,0,5.2
1,22.82047,0,0,0,330.0184,3,0,5.2
1,22.82603,0,0,0,330.0184,3,0,5.2
1,22.83073,0,0,0,330.0184,3,0,5.2
1,22.83603,0,0,0,330.0184,3,0,5.2
1,22.84026,0,0,0,330.0184,3,0,5.2
1,22.84582,0,0,0,330.0184,3,0,5.2
1,22.85063,0,0,0,330.0184,3,0,5.2
1,22.85522,0,0,0,330.0184,3,0,5.2
1,22.85982,0,0,0,330.0184,3,0,5.2
1,22.86427,0,0,0,330.0184,3,0,5.2
1,22.86937,0,0,0,330.0184,3,0,5.2
1,22.87361,0,0,0,330.0184,3,0,5.2
1,22.87837,0,0,0,330.0184,3,0,5.2
1,22.88341,0,0,0,330.0184,3,0,5.2
1,22.88818,0,0,0,330.0184,3,0,5.2
1,22.89244,0,0,0,330.0184,3,0,5.2
1,22.89669,0,0,0,330.0184,3,0,5.2
1,22.9013,0,0,0,330.0184,3,0,5.2
1,22.90555,0,0,0,330.0184,3,0,5.2
1,22.90948,0,0,0,330.0184,3,0,5.2
1,22.91408,0,0,0,330.0184,3,0,5.2
1,22.91827,0,0,0,330.0184,3,0,5.2
1,22.92279,0,0,0,330.0184,3,0,5.2
1,22.9274,0,0,0,330.0184,3,0,5.2
1,22.93151,0,0,0,330.0184,3,0,5.2
1,22.93593,0,0,0,330.0184,3,0,5.2
1,22.93975,0,0,0,330.0184,3,0,5.2
1,22.94415,0,0,0,330.0184,3,0,5.2
1,22.94833,0,0,0,330.0184,3,0,5.2
1,22.95246,0,0,0,330.0184,3,0,5.2
1,22.95744,0,0,0,330.0184,3,0,5.2
1,22.96297,0,0,0,330.0184,3,0,5.2
1,22.96884,0,0,0,330.0184,3,0,5.2
1,22.97351,0,0,0,330.0184,3,0,5.2
1,22.97829,0,0,0,330.0184,3,0,5.2
1,22.98256,0,0,0,330.0184,3,0,5.2
1,22.98695,0,0,0,330.0184,3,0,5.2
1,22.99148,0,0,0,330.0184,3,0,5.2
1,22.99547,0,0,0,330.0184,3,0,5.2
1,22.99986,0,0,0,330.0184,3,0,5.2
1,23.00699,0,0,0,330.0184,3,0,5.2
1,23.01184,0,0,0,330.0184,3,0,5.2
1,23.01678,0,0,0,330.0184,3,0,5.2
1,23.02136,0,0,0,330.0184,3,0,5.2
1,23.02569,0,0,0,330.0184,3,0,5.2
1,23.03029,0,0,0,330.0184,3,0,5.2
1,23.03503,0,0,0,330.0184,3,0,5.2
1,23.0395,0,0,0,330.0184,3,0,5.2
1,23.0444,0,0,0,330.0184,3,0,5.2
1,23.04854,0,0,0,330.0184,3,0,5.2
1,23.05284,0,0,0,330.0184,3,0,5.2
1,23.05766,0,0,0,330.0184,3,0,5.2
1,23.06183,0,0,0,330.0184,3,0,5.2
1,23.06627,0,0,0,330.0184,3,0,5.2
1,23.07056,0,0,0,330.0184,3,0,5.2
1,23.0749,0,0,0,330.0184,3,0,5.2
1,23.07964,0,0,0,330.0184,3,0,5.2
1,23.08391,0,0,0,330.0184,3,0,5.2
1,23.0885,0,0,0,330.0184,3,0,5.2
1,23.09248,0,0,0,330.0184,3,0,5.2
1,23.09661,0,0,0,330.0184,3,0,5.2
1,23.10089,0,0,0,330.0184,3,0,5.2
1,23.10491,0,0,0,330.0184,3,0,5.2
1,23.10904,0,0,0,330.0184,3,0,5.2
1,23.1136,0,0,0,330.0184,3,0,5.2
1,23.11808,0,0,0,330.0184,3,0,5.2
1,23.1223,0,0,0,330.0184,3,0,5.2
1,23.12628,0,0,0,330.0184,3,0,5.2
1,23.13045,0,0,0,330.0184,3,0,5.2
1,23.13479,0,0,0,330.0184,3,0,5.2
1,23.13865,0,0,0,330.0184,3,0,5.2
1,23.14251,0,0,0,330.0184,3,0,5.2
1,23.14698,0,0,0,330.0184,3,0,5.2
1,23.15156,0,0,0,330.0184,3,0,5.2
1,23.1567,0,0,0,330.0184,3,0,5.2
1,23.162,0,0,0,330.0184,3,0,5.2
1,23.16688,0,0,0,330.0184,3,0,5.2
1,23.17183,0,0,0,330.0184,3,0,5.2
1,23.17605,0,0,0,330.0184,3,0,5.2
1,23.18131,0,0,0,330.0184,3,0,5.2
1,23.18585,0,0,0,330.0184,3,0,5.2
1,23.19098,0,0,0,330.0184,3,0,5.2
1,23.19565,0,0,0,330.0184,3,0,5.2
1,23.20096,0,0,0,330.0184,3,0,5.2
1,23.20547,0,0,0,330.0184,3,0,5.2
1,23.20947,0,0,0,330.0184,3,0,5.2
1,23.21387,0,0,0,330.0184,3,0,5.2
1,23.21804,0,0,0,330.0184,3,0,5.2
1,23.22269,0,0,0,330.0184,3,0,5.2
1,23.22713,0,0,0,330.0184,3,0,5.2
1,23.23162,0,0,0,330.0184,3,0,5.2
1,23.23592,0,0,0,330.0184,3,0,5.2
1,23.24015,0,0,0,330.0184,3,0,5.2
1,23.24497,0,0,0,330.0184,3,0,5.2
1,23.24883,0,0,0,330.0184,3,0,5.2
1,23.25344,0,0,0,330.0184,3,0,5.2
1,23.25889,0,0,0,330.0184,3,0,5.2
1,23.26273,0,0,0,330.0184,3,0,5.2
1,23.26813,0,0,0,330.0184,3,0,5.2
1,23.27236,0,0,0,330.0184,3,0,5.2
1,23.27725,0,0,0,330.0184,3,0,5.2
1,23.28185,0,0,0,330.0184,3,0,5.2
1,23.28593,0,0,0,330.0184,3,0,5.2
1,23.29034,0,0,0,330.0184,3,0,5.2
1,23.29418,0,0,0,330.0184,3,0,5.2
1,23.29812,0,0,0,330.0184,3,0,5.2
1,23.30232,0,0,0,330.0184,3,0,5.2
1,23.30654,0,0,0,330.0184,3,0,5.2
1,23.31087,0,0,0,330.0184,3,0,5.2
1,23.31478,0,0,0,330.0184,3,0,5.2
1,23.31868,0,0,0,330.0184,3,0,5.2
1,23.32362,0,0,0,330.0184,3,0,5.2
1,23.32843,0,0,0,330.0184,3,0,5.2
1,23.33519,0,0,0,330.0184,3,0,5.2
1,23.35332,0,0,0,330.0184,3,0,5.2
1,23.3582,0,0,0,330.0184,3,0,5.2
1,23.36195,0,0,0,330.0184,3,0,5.2
1,23.36628,0,0,0,330.0184,3,0,5.2
1,23.37096,0,0,0,330.0184,3,0,5.2
1,23.37486,0,0,0,330.0184,3,0,5.2
1,23.37911,0,0,0,330.0184,3,0,5.2
1,23.38318,0,0,0,330.0184,3,0,5.2
1,23.38716,0,0,0,330.0184,3,0,5.2
1,23.39161,0,0,0,330.0184,3,0,5.2
1,23.39556,0,0,0,330.0184,3,0,5.2
1,23.39984,0,0,0,330.0184,3,0,5.2
1,23.40455,0,0,0,330.0184,3,0,5.2
1,23.40855,0,0,0,330.0184,3,0,5.2
1,23.41262,0,0,0,330.0184,3,0,5.2
1,23.41654,0,0,0,330.0184,3,0,5.2
1,23.42048,0,0,0,330.0184,3,0,5.2
1,23.42493,0,0,0,330.0184,3,0,5.2
1,23.42892,0,0,0,330.0184,3,0,5.2
1,23.4332,0,0,0,330.0184,3,0,5.2
1,23.43757,0,0,0,330.0184,3,0,5.2
1,23.44183,0,0,0,330.0184,3,0,5.2
1,23.44587,0,0,0,330.0184,3,0,5.2
1,23.45009,0,0,0,330.0184,3,0,5.2
1,23.45398,0,0,0,330.0184,3,0,5.2
1,23.45855,0,0,0,330.0184,3,0,5.2
1,23.46226,0,0,0,330.0184,3,0,5.2
1,23.46663,0,0,0,330.0184,3,0,5.2
1,23.47058,0,0,0,330.0184,3,0,5.2
1,23.47444,0,0,0,330.0184,3,0,5.2
1,23.47901,0,0,0,330.0184,3,0,5.2
1,23.48445,0,0,0,330.0184,3,0,5.2
1,23.49147,0,0,0,330.0184,3,0,5.2
1,23.49935,0,0,0,330.0184,3,0,5.2
1,23.50457,0,0,0,330.0184,3,0,5.2
1,23.50845,0,0,0,330.0184,3,0,5.2
1,23.51287,0,0,0,330.0184,3,0,5.2
1,23.51727,0,0,0,330.0184,3,0,5.2
1,23.52184,0,0,0,330.0184,3,0,5.2
1,23.52569,0,0,0,330.0184,3,0,5.2
1,23.52968,0,0,0,330.0184,3,0,5.2
1,23.53393,0,0,0,330.0184,3,0,5.2
1,23.53809,0,0,0,330.0184,3,0,5.2
1,23.54191,0,0,0,330.0184,3,0,5.2
1,23.54625,0,0,0,330.0184,3,0,5.2
1,23.55022,0,0,0,330.0184,3,0,5.2
1,23.5546,0,0,0,330.0184,3,0,5.2
1,23.55849,0,0,0,330.0184,3,0,5.2
1,23.56258,0,0,0,330.0184,3,0,5.2
1,23.56765,0,0,0,330.0184,3,0,5.2
1,23.57151,0,0,0,330.0184,3,0,5.2
1,23.57543,0,0,0,330.0184,3,0,5.2
1,23.58031,0,0,0,330.0184,3,0,5.2
1,23.58458,0,0,0,330.0184,3,0,5.2
1,23.58904,0,0,0,330.0184,3,0,5.2
1,23.59358,0,0,0,330.0184,3,0,5.2
1,23.5984,0,0,0,330.0184,3,0,5.2
1,23.60321,0,0,0,330.0184,3,0,5.2
1,23.60773,0,0,0,330.0184,3,0,5.2
1,23.61294,0,0,0,330.0184,3,0,5.2
1,23.61737,0,0,0,330.0184,3,0,5.2
1,23.6223,0,0,0,330.0184,3,0,5.2
1,23.62688,0,0,0,330.0184,3,0,5.2
1,23.63127,0,0,0,330.0184,3,0,5.2
1,23.63639,0,0,0,330.0184,3,0,5.2
1,23.64153,0,0,0,330.0184,3,0,5.2
1,23.64613,0,0,0,330.0184,3,0,5.2
1,23.6505,0,0,0,330.0184,3,0,5.2
1,23.65577,0,0,0,330.0184,3,0,5.2
1,23.66093,0,0,0,330.0184,3,0,5.2
1,23.66651,0,0,0,330.0184,3,0,5.2
1,23.67104,0,0,0,330.0184,3,0,5.2
1,23.67786,0,0,0,330.0184,3,0,5.2
1,23.68718,0,0,0,330.0184,3,0,5.2
1,23.71634,0,0,0,330.0184,3,0,5.2
1,23.72181,0,0,0,330.0184,3,0,5.2
1,23.72719,0,0,0,330.0184,3,0,5.2
1,23.7331,0,0,0,330.0184,3,0,5.2
1,23.73957,0,0,0,330.0184,3,0,5.2
1,23.7463,0,0,0,330.0184,3,0,5.2
1,23.75211,0,0,0,330.0184,3,0,5.2
1,23.75805,0,0,0,330.0184,3,0,5.2
1,23.76288,0,0,0,330.0184,3,0,5.2
1,23.76834,0,0,0,330.0184,3,0,5.2
1,23.77531,0,0,0,330.0184,3,0,5.2
1,23.78159,0,0,0,330.0184,3,0,5.2
1,23.78673,0,0,0,330.0184,3,0,5.2
1,23.79187,0,0,0,330.0184,3,0,5.2
1,23.79674,0,0,0,330.0184,3,0,5.2
1,23.80264,0,0,0,330.0184,3,0,5.2
1,23.80739,0,0,0,330.0184,3,0,5.2
1,23.81335,0,0,0,330.0184,3,0,5.2
1,23.82062,0,0,0,330.0184,3,0,5.2
1,23.82778,0,0,0,330.0184,3,0,5.2
1,23.83341,0,0,0,330.0184,3,0,5.2
1,23.83852,0,0,0,330.0184,3,0,5.2
1,23.84497,0,0,0,330.0184,3,0,5.2
1,23.84982,0,0,0,330.0184,3,0,5.2
1,23.85486,0,0,0,330.0184,3,0,5.2
1,23.85975,0,0,0,330.0184,3,0,5.2
1,23.86481,0,0,0,330.0184,3,0,5.2
1,23.87064,0,0,0,330.0184,3,0,5.2
1,23.87561,0,0,0,330.0184,3,0,5.2
1,23.88031,0,0,0,330.0184,3,0,5.2
1,23.88521,0,0,0,330.0184,3,0,5.2
1,23.88997,0,0,0,330.0184,3,0,5.2
1,23.8952,0,0,0,330.0184,3,0,5.2
1,23.90176,0,0,0,330.0184,3,0,5.2
1,23.90653,0,0,0,330.0184,3,0,5.2
1,23.91196,0,0,0,330.0184,3,0,5.2
1,23.91735,0,0,0,330.0184,3,0,5.2
1,23.92252,0,0,0,330.0184,3,0,5.2
1,23.92813,0,0,0,330.0184,3,0,5.2
1,23.93382,0,0,0,330.0184,3,0,5.2
1,23.93891,0,0,0,330.0184,3,0,5.2
1,23.94482,0,0,0,330.0184,3,0,5.2
1,23.94984,0,0,0,330.0184,3,0,5.2
1,23.95548,0,0,0,330.0184,3,0,5.2
1,23.96025,0,0,0,330.0184,3,0,5.2
1,23.96479,0,0,0,330.0184,3,0,5.2
1,23.96965,0,0,0,330.0184,3,0,5.2
1,23.97499,0,0,0,330.0184,3,0,5.2
1,23.98187,0,0,0,330.0184,3,0,5.2
1,23.98823,0,0,0,330.0184,3,0,5.2
1,23.99291,0,0,0,330.0184,3,0,5.2
1,23.99729,0,0,0,330.0184,3,0,5.2
1,24.00196,0,0,0,330.0184,3,0,5.2
1,24.00637,0,0,0,330.0184,3,0,5.2
1,24.01184,0,0,0,330.0184,3,0,5.2
1,24.0169,0,0,0,330.0184,3,0,5.2
1,24.02269,0,0,0,330.0184,3,0,5.2
1,24.02674,0,0,0,330.0184,3,0,5.2
1,24.03088,0,0,0,330.0184,3,0,5.2
1,24.03644,0,0,0,330.0184,3,0,5.2
1,24.04137,0,0,0,330.0184,3,0,5.2
1,24.0468,0,0,0,330.0184,3,0,5.2
1,24.05156,0,0,0,330.0184,3,0,5.2
1,24.05688,0,0,0,330.0184,3,0,5.2
1,24.06156,0,0,0,330.0184,3,0,5.2
1,24.06657,0,0,0,330.0184,3,0,5.2
1,24.07079,0,0,0,330.0184,3,0,5.2
1,24.07532,0,0,0,330.0184,3,0,5.2
1,24.07986,0,0,0,330.0184,3,0,5.2
1,24.08418,0,0,0,330.0184,3,0,5.2
1,24.08878,0,0,0,330.0184,3,0,5.2
1,24.09292,0,0,0,330.0184,3,0,5.2
1,24.09755,0,0,0,330.0184,3,0,5.2
1,24.103,0,0,0,330.0184,3,0,5.2
1,24.1069,0,0,0,330.0184,3,0,5.2
1,24.11113,0,0,0,330.0184,3,0,5.2
1,24.11519,0,0,0,330.0184,3,0,5.2
1,24.12257,0,0,0,330.0184,3,0,5.2
1,24.12643,0,0,0,330.0184,3,0,5.2
1,24.13068,0,0,0,330.0184,3,0,5.2
1,24.13562,0,0,0,330.0184,3,0,5.2
1,24.13996,0,0,0,330.0184,3,0,5.2
1,24.14552,0,0,0,330.0184,3,0,5.2
1,24.14975,0,0,0,330.0184,3,0,5.2
1,24.1541,0,0,0,330.0184,3,0,5.2
1,24.15857,0,0,0,330.0184,3,0,5.2
1,24.16357,0,0,0,330.0184,3,0,5.2
1,24.16878,0,0,0,330.0184,3,0,5.2
1,24.17371,0,0,0,330.0184,3,0,5.2
1,24.17811,0,0,0,330.0184,3,0,5.2
1,24.18235,0,0,0,330.0184,3,0,5.2
1,24.18838,0,0,0,330.0184,3,0,5.2
1,24.19245,0,0,0,330.0184,3,0,5.2
1,24.19771,0,0,0,330.0184,3,0,5.2
1,24.20331,0,0,0,330.0184,3,0,5.2
1,24.20794,0,0,0,330.0184,3,0,5.2
1,24.21261,0,0,0,330.0184,3,0,5.2
1,24.21656,0,0,0,330.0184,3,0,5.2
1,24.22136,0,0,0,330.0184,3,0,5.2
1,24.22554,0,0,0,330.0184,3,0,5.2
1,24.2296,0,0,0,330.0184,3,0,5.2
1,24.23424,0,0,0,330.0184,3,0,5.2
1,24.23861,0,0,0,330.0184,3,0,5.2
1,24.24409,0,0,0,330.0184,3,0,5.2
1,24.24829,0,0,0,330.0184,3,0,5.2
1,24.25281,0,0,0,330.0184,3,0,5.2
1,24.25788,0,0,0,330.0184,3,0,5.2
1,24.26211,0,0,0,330.0184,3,0,5.2
1,24.26703,0,0,0,330.0184,3,0,5.2
1,24.27147,0,0,0,330.0184,3,0,5.2
1,24.27631,0,0,0,330.0184,3,0,5.2
1,24.282,0,0,0,330.0184,3,0,5.2
1,24.28661,0,0,0,330.0184,3,0,5.2
1,24.29322,0,0,0,330.0184,3,0,5.2
1,24.29858,0,0,0,330.0184,3,0,5.2
1,24.30349,0,0,0,330.0184,3,0,5.2
1,24.30776,0,0,0,330.0184,3,0,5.2
1,24.31239,0,0,0,330.0184,3,0,5.2
1,24.31635,0,0,0,330.0184,3,0,5.2
1,24.32051,0,0,0,330.0184,3,0,5.2
1,24.32482,0,0,0,330.0184,3,0,5.2
1,24.32866,0,0,0,330.0184,3,0,5.2
1,24.33366,0,0,0,330.0184,3,0,5.2
1,24.33767,0,0,0,330.0184,3,0,5.2
1,24.34173,0,0,0,330.0184,3,0,5.2
1,24.34653,0,0,0,330.0184,3,0,5.2
1,24.35064,0,0,0,330.0184,3,0,5.2
1,24.35521,0,0,0,330.0184,3,0,5.2
1,24.3595,0,0,0,330.0184,3,0,5.2
1,24.36415,0,0,0,330.0184,3,0,5.2
1,24.36883,0,0,0,330.0184,3,0,5.2
1,24.3727,0,0,0,330.0184,3,0,5.2
1,24.37704,0,0,0,330.0184,3,0,5.2
1,24.38176,0,0,0,330.0184,3,0,5.2
1,24.38569,0,0,0,330.0184,3,0,5.2
1,24.39018,0,0,0,330.0184,3,0,5.2
1,24.39472,0,0,0,330.0184,3,0,5.2
1,24.39915,0,0,0,330.0184,3,0,5.2
1,24.40324,0,0,0,330.0184,3,0,5.2
1,24.40723,0,0,0,330.0184,3,0,5.2
1,24.41142,0,0,0,330.0184,3,0,5.2
1,24.41562,0,0,0,330.0184,3,0,5.2
1,24.41932,0,0,0,330.0184,3,0,5.2
1,24.4237,0,0,0,330.0184,3,0,5.2
1,24.42739,0,0,0,330.0184,3,0,5.2
1,24.43148,0,0,0,330.0184,3,0,5.2
1,24.43609,0,0,0,330.0184,3,0,5.2
1,24.43997,0,0,0,330.0184,3,0,5.2
1,24.44436,0,0,0,330.0184,3,0,5.2
1,24.44839,0,0,0,330.0184,3,0,5.2
1,24.45236,0,0,0,330.0184,3,0,5.2
1,24.4567,0,0,0,330.0184,3,0,5.2
1,24.46088,0,0,0,330.0184,3,0,5.2
1,24.46515,0,0,0,330.0184,3,0,5.2
1,24.4698,0,0,0,330.0184,3,0,5.2
1,24.47374,0,0,0,330.0184,3,0,5.2
1,24.4811,0,0,0,330.0184,3,0,5.2
1,24.48506,0,0,0,330.0184,3,0,5.2
1,24.48915,0,0,0,330.0184,3,0,5.2
1,24.49317,0,0,0,330.0184,3,0,5.2
1,24.49725,0,0,0,330.0184,3,0,5.2
1,24.50175,0,0,0,330.0184,3,0,5.2
1,24.50588,0,0,0,330.0184,3,0,5.2
1,24.5113,0,0,0,330.0184,3,0,5.2
1,24.51674,0,0,0,330.0184,3,0,5.2
1,24.52347,0,0,0,330.0184,3,0,5.2
1,24.52812,0,0,0,330.0184,3,0,5.2
1,24.53295,0,0,0,330.0184,3,0,5.2
1,24.53729,0,0,0,330.0184,3,0,5.2
1,24.54144,0,0,0,330.0184,3,0,5.2
1,24.54584,0,0,0,330.0184,3,0,5.2
1,24.55005,0,0,0,330.0184,3,0,5.2
1,24.555,0,0,0,330.0184,3,0,5.2
1,24.55891,0,0,0,330.0184,3,0,5.2
1,24.56259,0,0,0,330.0184,3,0,5.2
1,24.56706,0,0,0,330.0184,3,0,5.2
1,24.57186,0,0,0,330.0184,3,0,5.2
1,24.57584,0,0,0,330.0184,3,0,5.2
1,24.58023,0,0,0,330.0184,3,0,5.2
1,24.58392,0,0,0,330.0184,3,0,5.2
1,24.58791,0,0,0,330.0184,3,0,5.2
1,24.59175,0,0,0,330.0184,3,0,5.2
1,24.59568,0,0,0,330.0184,3,0,5.2
1,24.60076,0,0,0,330.0184,3,0,5.2
1,24.6045,0,0,0,330.0184,3,0,5.2
1,24.60925,0,0,0,330.0184,3,0,5.2
1,24.61375,0,0,0,330.0184,3,0,5.2
1,24.61763,0,0,0,330.0184,3,0,5.2
1,24.62225,0,0,0,330.0184,3,0,5.2
1,24.62613,0,0,0,330.0184,3,0,5.2
1,24.63033,0,0,0,330.0184,3,0,5.2
1,24.63494,0,0,0,330.0184,3,0,5.2
1,24.63918,0,0,0,330.0184,3,0,5.2
1,24.6438,0,0,0,330.0184,3,0,5.2
1,24.64784,0,0,0,330.0184,3,0,5.2
1,24.65169,0,0,0,330.0184,3,0,5.2
1,24.65639,0,0,0,330.0184,3,0,5.2
1,24.66048,0,0,0,330.0184,3,0,5.2
1,24.66418,0,0,0,330.0184,3,0,5.2
1,24.66848,0,0,0,330.0184,3,0,5.2
1,24.67248,0,0,0,330.0184,3,0,5.2
1,24.67634,0,0,0,330.0184,3,0,5.2
1,24.68074,0,0,0,330.0184,3,0,5.2
1,24.6847,0,0,0,330.0184,3,0,5.2
1,24.68884,0,0,0,330.0184,3,0,5.2
1,24.69293,0,0,0,330.0184,3,0,5.2
1,24.69688,0,0,0,330.0184,3,0,5.2
1,24.70163,0,0,0,330.0184,3,0,5.2
1,24.706,0,0,0,330.0184,3,0,5.2
1,24.71021,0,0,0,330.0184,3,0,5.2
1,24.71446,0,0,0,330.0184,3,0,5.2
1,24.71883,0,0,0,330.0184,3,0,5.2
1,24.72414,0,0,0,330.0184,3,0,5.2
1,24.7286,0,0,0,330.0184,3,0,5.2
1,24.73279,0,0,0,330.0184,3,0,5.2
1,24.73735,0,0,0,330.0184,3,0,5.2
1,24.74141,0,0,0,330.0184,3,0,5.2
1,24.74573,0,0,0,330.0184,3,0,5.2
1,24.74984,0,0,0,330.0184,3,0,5.2
1,24.75455,0,0,0,330.0184,3,0,5.2
1,24.75956,0,0,0,330.0184,3,0,5.2
1,24.76406,0,0,0,330.0184,3,0,5.2
1,24.76961,0,0,0,330.0184,3,0,5.2
1,24.77489,0,0,0,330.0184,3,0,5.2
1,24.78038,0,0,0,330.0184,3,0,5.2
1,24.78497,0,0,0,330.0184,3,0,5.2
1,24.79008,0,0,0,330.0184,3,0,5.2
1,24.79508,0,0,0,330.0184,3,0,5.2
1,24.80022,0,0,0,330.0184,3,0,5.2
1,24.80502,0,0,0,330.0184,3,0,5.2
1,24.80974,0,0,0,330.0184,3,0,5.2
1,24.81489,0,0,0,330.0184,3,0,5.2
1,24.8208,0,0,0,330.0184,3,0,5.2
1,24.84336,0,0,0,330.0184,3,0,5.2
1,24.84986,0,0,0,330.0184,3,0,5.2
1,24.85653,0,0,0,330.0184,3,0,5.2
1,24.8623,0,0,0,330.0184,3,0,5.2
1,24.86843,0,0,0,330.0184,3,0,5.2
1,24.87421,0,0,0,330.0184,3,0,5.2
1,24.88001,0,0,0,330.0184,3,0,5.2
1,24.88591,0,0,0,330.0184,3,0,5.2
1,24.89197,0,0,0,330.0184,3,0,5.2
1,24.8972,0,0,0,330.0184,3,0,5.2
1,24.90351,0,0,0,330.0184,3,0,5.2
1,24.9131,0,0,0,330.0184,3,0,5.2
1,24.9192,0,0,0,330.0184,3,0,5.2
1,24.92548,0,0,0,330.0184,3,0,5.2
1,24.93278,0,0,0,330.0184,3,0,5.2
1,24.94035,0,0,0,330.0184,3,0,5.2
1,24.94678,0,0,0,330.0184,3,0,5.2
1,24.95275,0,0,0,330.0184,3,0,5.2
1,24.95853,0,0,0,330.0184,3,0,5.2
1,24.96494,0,0,0,330.0184,3,0,5.2
1,24.97236,0,0,0,330.0184,3,0,5.2
1,24.9792,0,0,0,330.0184,3,0,5.2
1,24.98619,0,0,0,330.0184,3,0,5.2
1,24.99321,0,0,0,330.0184,3,0,5.2
1,25.00014,0,0,0,330.0184,3,0,5.2
1,25.0099,0,0,0,330.0184,3,0,5.2
1,25.03102,0,0,0,330.0184,3,0,5.2
1,25.0461,0,0,0,330.0184,3,0,5.2
1,25.06177,0,0,0,330.0184,3,0,5.2
1,25.07649,0,0,0,330.0184,3,0,5.2
1,25.09237,0,0,0,330.0184,3,0,5.2
1,25.09758,0,0,0,330.0184,3,0,5.2
1,25.10336,0,0,0,330.0184,3,0,5.2
1,25.10846,0,0,0,330.0184,3,0,5.2
1,25.11353,0,0,0,330.0184,3,0,5.2
1,25.12005,0,0,0,330.0184,3,0,5.2
1,25.12757,0,0,0,330.0184,3,0,5.2
1,25.13336,0,0,0,330.0184,3,0,5.2
1,25.13884,0,0,0,330.0184,3,0,5.2
1,25.1442,0,0,0,330.0184,3,0,5.2
1,25.14872,0,0,0,330.0184,3,0,5.2
1,25.15408,0,0,0,330.0184,3,0,5.2
1,25.15929,0,0,0,330.0184,3,0,5.2
1,25.16398,0,0,0,330.0184,3,0,5.2
1,25.17016,0,0,0,330.0184,3,0,5.2
1,25.17774,0,0,0,330.0184,3,0,5.2
1,25.18383,0,0,0,330.0184,3,0,5.2
1,25.19025,0,0,0,330.0184,3,0,5.2
1,25.19492,0,0,0,330.0184,3,0,5.2
1,25.19909,0,0,0,330.0184,3,0,5.2
1,25.20356,0,0,0,330.0184,3,0,5.2
1,25.20811,0,0,0,330.0184,3,0,5.2
1,25.21251,0,0,0,330.0184,3,0,5.2
1,25.21685,0,0,0,330.0184,3,0,5.2
1,25.22186,0,0,0,330.0184,3,0,5.2
1,25.22635,0,0,0,330.0184,3,0,5.2
1,25.2311,0,0,0,330.0184,3,0,5.2
1,25.23614,0,0,0,330.0184,3,0,5.2
1,25.24836,0,0,0,330.0184,3,0,5.2
1,25.25416,0,0,0,330.0184,3,0,5.2
1,25.25986,0,0,0,330.0184,3,0,5.2
1,25.26634,0,0,0,330.0184,3,0,5.2
1,25.27158,0,0,0,330.0184,3,0,5.2
1,25.27586,0,0,0,330.0184,3,0,5.2
1,25.28202,0,0,0,330.0184,3,0,5.2
1,25.28677,0,0,0,330.0184,3,0,5.2
1,25.29121,0,0,0,330.0184,3,0,5.2
1,25.29672,0,0,0,330.0184,3,0,5.2
1,25.30243,0,0,0,330.0184,3,0,5.2
1,25.30701,0,0,0,330.0184,3,0,5.2
1,25.31159,0,0,0,330.0184,3,0,5.2
1,25.31626,0,0,0,330.0184,3,0,5.2
1,25.3227,0,0,0,330.0184,3,0,5.2
1,25.32777,0,0,0,330.0184,3,0,5.2
1,25.33253,0,0,0,330.0184,3,0,5.2
1,25.33686,0,0,0,330.0184,3,0,5.2
1,25.34098,0,0,0,330.0184,3,0,5.2
1,25.34539,0,0,0,330.0184,3,0,5.2
1,25.3496,0,0,0,330.0184,3,0,5.2
1,25.35361,0,0,0,330.0184,3,0,5.2
1,25.35793,0,0,0,330.0184,3,0,5.2
1,25.36219,0,0,0,330.0184,3,0,5.2
1,25.36722,0,0,0,330.0184,3,0,5.2
1,25.37146,0,0,0,330.0184,3,0,5.2
1,25.37589,0,0,0,330.0184,3,0,5.2
1,25.38071,0,0,0,330.0184,3,0,5.2
1,25.3849,0,0,0,330.0184,3,0,5.2
1,25.38967,0,0,0,330.0184,3,0,5.2
1,25.39649,0,0,0,330.0184,3,0,5.2
1,25.40112,0,0,0,330.0184,3,0,5.2
1,25.40522,0,0,0,330.0184,3,0,5.2
1,25.40931,0,0,0,330.0184,3,0,5.2
1,25.4139,0,0,0,330.0184,3,0,5.2
1,25.41768,0,0,0,330.0184,3,0,5.2
1,25.422,0,0,0,330.0184,3,0,5.2
1,25.42678,0,0,0,330.0184,3,0,5.2
1,25.4306,0,0,0,330.0184,3,0,5.2
1,25.43514,0,0,0,330.0184,3,0,5.2
1,25.43923,0,0,0,330.0184,3,0,5.2
1,25.44396,0,0,0,330.0184,3,0,5.2
1,25.44851,0,0,0,330.0184,3,0,5.2
1,25.45286,0,0,0,330.0184,3,0,5.2
1,25.45831,0,0,0,330.0184,3,0,5.2
1,25.46219,0,0,0,330.0184,3,0,5.2
1,25.46684,0,0,0,330.0184,3,0,5.2
1,25.47109,0,0,0,330.0184,3,0,5.2
1,25.47538,0,0,0,330.0184,3,0,5.2
1,25.48043,0,0,0,330.0184,3,0,5.2
1,25.48588,0,0,0,330.0184,3,0,5.2
1,25.49022,0,0,0,330.0184,3,0,5.2
1,25.49409,0,0,0,330.0184,3,0,5.2
1,25.49849,0,0,0,330.0184,3,0,5.2
1,25.50317,0,0,0,330.0184,3,0,5.2
1,25.50776,0,0,0,330.0184,3,0,5.2
1,25.51359,0,0,0,330.0184,3,0,5.2
1,25.51766,0,0,0,330.0184,3,0,5.2
1,25.52247,0,0,0,330.0184,3,0,5.2
1,25.52661,0,0,0,330.0184,3,0,5.2
1,25.53061,0,0,0,330.0184,3,0,5.2
1,25.53592,0,0,0,330.0184,3,0,5.2
1,25.54139,0,0,0,330.0184,3,0,5.2
1,25.54787,0,0,0,330.0184,3,0,5.2
1,25.55556,0,0,0,330.0184,3,0,5.2
1,25.55982,0,0,0,330.0184,3,0,5.2
1,25.56514,0,0,0,330.0184,3,0,5.2
1,25.57016,0,0,0,330.0184,3,0,5.2
1,25.57448,0,0,0,330.0184,3,0,5.2
1,25.58052,0,0,0,330.0184,3,0,5.2
1,25.58456,0,0,0,330.0184,3,0,5.2
1,25.58898,0,0,0,330.0184,3,0,5.2
1,25.59349,0,0,0,330.0184,3,0,5.2
1,25.59743,0,0,0,330.0184,3,0,5.2
1,25.60203,0,0,0,330.0184,3,0,5.2
1,25.60612,0,0,0,330.0184,3,0,5.2
1,25.61043,0,0,0,330.0184,3,0,5.2
1,25.61482,0,0,0,330.0184,3,0,5.2
1,25.61997,0,0,0,330.0184,3,0,5.2
1,25.62755,0,0,0,330.0184,3,0,5.2
1,25.63144,0,0,0,330.0184,3,0,5.2
1,25.6363,0,0,0,330.0184,3,0,5.2
1,25.64063,0,0,0,330.0184,3,0,5.2
1,25.64512,0,0,0,330.0184,3,0,5.2
1,25.64946,0,0,0,330.0184,3,0,5.2
1,25.65493,0,0,0,330.0184,3,0,5.2
1,25.66903,0,0,0,330.0184,3,0,5.2
1,25.68133,0,0,0,330.0184,3,0,5.2
1,25.68542,0,0,0,330.0184,3,0,5.2
1,25.69007,0,0,0,330.0184,3,0,5.2
1,25.69418,0,0,0,330.0184,3,0,5.2
1,25.6982,0,0,0,330.0184,3,0,5.2
1,25.70403,0,0,0,330.0184,3,0,5.2
1,25.7089,0,0,0,330.0184,3,0,5.2
1,25.71397,0,0,0,330.0184,3,0,5.2
1,25.71855,0,0,0,330.0184,3,0,5.2
1,25.72309,0,0,0,330.0184,3,0,5.2
1,25.72782,0,0,0,330.0184,3,0,5.2
1,25.73288,0,0,0,330.0184,3,0,5.2
1,25.73813,0,0,0,330.0184,3,0,5.2
1,25.7438,0,0,0,330.0184,3,0,5.2
1,25.7482,0,0,0,330.0184,3,0,5.2
1,25.75208,0,0,0,330.0184,3,0,5.2
1,25.75625,0,0,0,330.0184,3,0,5.2
1,25.76049,0,0,0,330.0184,3,0,5.2
1,25.76529,0,0,0,330.0184,3,0,5.2
1,25.76986,0,0,0,330.0184,3,0,5.2
1,25.77374,0,0,0,330.0184,3,0,5.2
1,25.77827,0,0,0,330.0184,3,0,5.2
1,25.78206,0,0,0,330.0184,3,0,5.2
1,25.78588,0,0,0,330.0184,3,0,5.2
1,25.79069,0,0,0,330.0184,3,0,5.2
1,25.79467,0,0,0,330.0184,3,0,5.2
1,25.79898,0,0,0,330.0184,3,0,5.2
1,25.80291,0,0,0,330.0184,3,0,5.2
1,25.80679,0,0,0,330.0184,3,0,5.2
1,25.81114,0,0,0,330.0184,3,0,5.2
1,25.81526,0,0,0,330.0184,3,0,5.2
1,25.81929,0,0,0,330.0184,3,0,5.2
1,25.82383,0,0,0,330.0184,3,0,5.2
1,25.82819,0,0,0,330.0184,3,0,5.2
1,25.83255,0,0,0,330.0184,3,0,5.2
1,25.83669,0,0,0,330.0184,3,0,5.2
1,25.84107,0,0,0,330.0184,3,0,5.2
1,25.84579,0,0,0,330.0184,3,0,5.2
1,25.84956,0,0,0,330.0184,3,0,5.2
1,25.85356,0,0,0,330.0184,3,0,5.2
1,25.85776,0,0,0,330.0184,3,0,5.2
1,25.86156,0,0,0,330.0184,3,0,5.2
1,25.86628,0,0,0,330.0184,3,0,5.2
1,25.87043,0,0,0,330.0184,3,0,5.2
1,25.87456,0,0,0,330.0184,3,0,5.2
1,25.87933,0,0,0,330.0184,3,0,5.2
1,25.88355,0,0,0,330.0184,3,0,5.2
1,25.88819,0,0,0,330.0184,3,0,5.2
1,25.89245,0,0,0,330.0184,3,0,5.2
1,25.89659,0,0,0,330.0184,3,0,5.2
1,25.90158,0,0,0,330.0184,3,0,5.2
1,25.90737,0,0,0,330.0184,3,0,5.2
1,25.9126,0,0,0,330.0184,3,0,5.2
1,25.91808,0,0,0,330.0184,3,0,5.2
1,25.92349,0,0,0,330.0184,3,0,5.2
1,25.92868,0,0,0,330.0184,3,0,5.2
1,25.9334,0,0,0,330.0184,3,0,5.2
1,25.93772,0,0,0,330.0184,3,0,5.2
1,25.94274,0,0,0,330.0184,3,0,5.2
1,25.95061,0,0,0,330.0184,3,0,5.2
1,25.97159,0,0,0,330.0184,3,0,5.2
1,25.98296,0,0,0,330.0184,3,0,5.2
1,25.99896,0,0,0,330.0184,3,0,5.2
1,26.00805,0,0,0,330.0184,3,0,5.2
1,26.0191,0,0,0,330.0184,3,0,5.2
1,26.03061,0,0,0,330.0184,3,0,5.2
1,26.04092,0,0,0,330.0184,3,0,5.2
1,26.05235,0,0,0,330.0184,3,0,5.2
1,26.06213,0,0,0,330.0184,3,0,5.2
1,26.07157,0,0,0,330.0184,3,0,5.2
1,26.08228,0,0,0,330.0184,3,0,5.2
1,26.09201,0,0,0,330.0184,3,0,5.2
1,26.10119,0,0,0,330.0184,3,0,5.2
1,26.11197,0,0,0,330.0184,3,0,5.2
1,26.12172,0,0,0,330.0184,3,0,5.2
1,26.13292,0,0,0,330.0184,3,0,5.2
1,26.14543,0,0,0,330.0184,3,0,5.2
1,26.15575,0,0,0,330.0184,3,0,5.2
1,26.16401,0,0,0,330.0184,3,0,5.2
1,26.17341,0,0,0,330.0184,3,0,5.2
1,26.18396,0,0,0,330.0184,3,0,5.2
1,26.19436,0,0,0,330.0184,3,0,5.2
1,26.20384,0,0,0,330.0184,3,0,5.2
1,26.21405,0,0,0,330.0184,3,0,5.2
1,26.22418,0,0,0,330.0184,3,0,5.2
1,26.23341,0,0,0,330.0184,3,0,5.2
1,26.2428,0,0,0,330.0184,3,0,5.2
1,26.25266,0,0,0,330.0184,3,0,5.2
1,26.26184,0,0,0,330.0184,3,0,5.2
1,26.27139,0,0,0,330.0184,3,0,5.2
1,26.28048,0,0,0,330.0184,3,0,5.2
1,26.28977,0,0,0,330.0184,3,0,5.2
1,26.29926,0,0,0,330.0184,3,0,5.2
1,26.30774,0,0,0,330.0184,3,0,5.2
1,26.31729,0,0,0,330.0184,3,0,5.2
1,26.32616,0,0,0,330.0184,3,0,5.2
1,26.3369,0,0,0,330.0184,3,0,5.2
1,26.34729,0,0,0,330.0184,3,0,5.2
1,26.3557,0,0,0,330.0184,3,0,5.2
1,26.36689,0,0,0,330.0184,3,0,5.2
1,26.37464,0,0,0,330.0184,3,0,5.2
1,26.38257,0,0,0,330.0184,3,0,5.2
1,26.39003,0,0,0,330.0184,3,0,5.2
1,26.39782,0,0,0,330.0184,3,0,5.2
1,26.40668,0,0,0,330.0184,3,0,5.2
1,26.41552,0,0,0,330.0184,3,0,5.2
1,26.42588,0,0,0,330.0184,3,0,5.2
1,26.43539,0,0,0,330.0184,3,0,5.2
1,26.44437,0,0,0,330.0184,3,0,5.2
1,26.45236,0,0,0,330.0184,3,0,5.2
1,26.46113,0,0,0,330.0184,3,0,5.2
1,26.47005,0,0,0,330.0184,3,0,5.2
1,26.47915,0,0,0,330.0184,3,0,5.2
1,26.48861,0,0,0,330.0184,3,0,5.2
1,26.49753,0,0,0,330.0184,3,0,5.2
1,26.50641,0,0,0,330.0184,3,0,5.2
1,26.51556,0,0,0,330.0184,3,0,5.2
1,26.52507,0,0,0,330.0184,3,0,5.2
1,26.53396,0,0,0,330.0184,3,0,5.2
1,26.54274,0,0,0,330.0184,3,0,5.2
1,26.55182,0,0,0,330.0184,3,0,5.2
1,26.55937,0,0,0,330.0184,3,0,5.2
1,26.56948,0,0,0,330.0184,3,0,5.2
1,26.58137,0,0,0,330.0184,3,0,5.2
1,26.5897,0,0,0,330.0184,3,0,5.2
1,26.59757,0,0,0,330.0184,3,0,5.2
1,26.60527,0,0,0,330.0184,3,0,5.2
1,26.61365,0,0,0,330.0184,3,0,5.2
1,26.62132,0,0,0,330.0184,3,0,5.2
1,26.62909,0,0,0,330.0184,3,0,5.2
1,26.63668,0,0,0,330.0184,3,0,5.2
1,26.64417,0,0,0,330.0184,3,0,5.2
1,26.65141,0,0,0,330.0184,3,0,5.2
1,26.65956,0,0,0,330.0184,3,0,5.2
1,26.66779,0,0,0,330.0184,3,0,5.2
1,26.67535,0,0,0,330.0184,3,0,5.2
1,26.68278,0,0,0,330.0184,3,0,5.2
1,26.69369,0,0,0,330.0184,3,0,5.2
1,26.70176,0,0,0,330.0184,3,0,5.2
1,26.7097,0,0,0,330.0184,3,0,5.2
1,26.71764,0,0,0,330.0184,3,0,5.2
1,26.72709,0,0,0,330.0184,3,0,5.2
1,26.73607,0,0,0,330.0184,3,0,5.2
1,26.74471,0,0,0,330.0184,3,0,5.2
1,26.75282,0,0,0,330.0184,3,0,5.2
1,26.76103,0,0,0,330.0184,3,0,5.2
1,26.76886,0,0,0,330.0184,3,0,5.2
1,26.77758,0,0,0,330.0184,3,0,5.2
1,26.78491,0,0,0,330.0184,3,0,5.2
1,26.79252,0,0,0,330.0184,3,0,5.2
1,26.80054,0,0,0,330.0184,3,0,5.2
1,26.80894,0,0,0,330.0184,3,0,5.2
1,26.81717,0,0,0,330.0184,3,0,5.2
1,26.82533,0,0,0,330.0184,3,0,5.2
1,26.83347,0,0,0,330.0184,3,0,5.2
1,26.84081,0,0,0,330.0184,3,0,5.2
1,26.84848,0,0,0,330.0184,3,0,5.2
1,26.85585,0,0,0,330.0184,3,0,5.2
1,26.86336,0,0,0,330.0184,3,0,5.2
1,26.87078,0,0,0,330.0184,3,0,5.2
1,26.87879,0,0,0,330.0184,3,0,5.2
1,26.88596,0,0,0,330.0184,3,0,5.2
1,26.89321,0,0,0,330.0184,3,0,5.2
1,26.90104,0,0,0,330.0184,3,0,5.2
1,26.90849,0,0,0,330.0184,3,0,5.2
1,26.91644,0,0,0,330.0184,3,0,5.2
1,26.92463,0,0,0,330.0184,3,0,5.2
1,26.93339,0,0,0,330.0184,3,0,5.2
1,26.94176,0,0,0,330.0184,3,0,5.2
1,26.95218,0,0,0,330.0184,3,0,5.2
1,26.96054,0,0,0,330.0184,3,0,5.2
1,26.96888,0,0,0,330.0184,3,0,5.2
1,26.97801,0,0,0,330.0184,3,0,5.2
1,26.98673,0,0,0,330.0184,3,0,5.2
1,26.99524,0,0,0,330.0184,3,0,5.2
1,27.00869,0,0,0,330.0184,3,0,5.2
1,27.01896,0,0,0,330.0184,3,0,5.2
1,27.02981,0,0,0,330.0184,3,0,5.2
1,27.0417,0,0,0,330.0184,3,0,5.2
1,27.05557,0,0,0,330.0184,3,0,5.2
1,27.0667,0,0,0,330.0184,3,0,5.2
1,27.07703,0,0,0,330.0184,3,0,5.2
1,27.09023,0,0,0,330.0184,3,0,5.2
1,27.10244,0,0,0,330.0184,3,0,5.2
1,27.11337,0,0,0,330.0184,3,0,5.2
1,27.1257,0,0,0,330.0184,3,0,5.2
1,27.13927,0,0,0,330.0184,3,0,5.2
1,27.1511,0,0,0,330.0184,3,0,5.2
1,27.16426,0,0,0,330.0184,3,0,5.2
1,27.17686,0,0,0,330.0184,3,0,5.2
1,27.19158,0,0,0,330.0184,3,0,5.2
1,27.20565,0,0,0,330.0184,3,0,5.2
1,27.21856,0,0,0,330.0184,3,0,5.2
1,27.23277,0,0,0,330.0184,3,0,5.2
1,27.24743,0,0,0,330.0184,3,0,5.2
1,27.26209,0,0,0,330.0184,3,0,5.2
1,27.27543,0,0,0,330.0184,3,0,5.2
1,27.28571,0,0,0,330.0184,3,0,5.2
1,27.29621,0,0,0,330.0184,3,0,5.2
1,27.30764,0,0,0,330.0184,3,0,5.2
1,27.32115,0,0,0,330.0184,3,0,5.2
1,27.33248,0,0,0,330.0184,3,0,5.2
1,27.34363,0,0,0,330.0184,3,0,5.2
1,27.35521,0,0,0,330.0184,3,0,5.2
1,27.36442,0,0,0,330.0184,3,0,5.2
1,27.37333,0,0,0,330.0184,3,0,5.2
1,27.38189,0,0,0,330.0184,3,0,5.2
1,27.39122,0,0,0,330.0184,3,0,5.2
1,27.40028,0,0,0,330.0184,3,0,5.2
1,27.40934,0,0,0,330.0184,3,0,5.2
1,27.42374,0,0,0,330.0184,3,0,5.2
1,27.43365,0,0,0,330.0184,3,0,5.2
1,27.44298,0,0,0,330.0184,3,0,5.2
1,27.45304,0,0,0,330.0184,3,0,5.2
1,27.46211,0,0,0,330.0184,3,0,5.2
1,27.47184,0,0,0,330.0184,3,0,5.2
1,27.48115,0,0,0,330.0184,3,0,5.2
1,27.48974,0,0,0,330.0184,3,0,5.2
1,27.49778,0,0,0,330.0184,3,0,5.2
1,27.50662,0,0,0,330.0184,3,0,5.2
1,27.51599,0,0,0,330.0184,3,0,5.2
1,27.52487,0,0,0,330.0184,3,0,5.2
1,27.5343,0,0,0,330.0184,3,0,5.2
1,27.54409,0,0,0,330.0184,3,0,5.2
1,27.55201,0,0,0,330.0184,3,0,5.2
1,27.56059,0,0,0,330.0184,3,0,5.2
1,27.56908,0,0,0,330.0184,3,0,5.2
1,27.578,0,0,0,330.0184,3,0,5.2
1,27.58627,0,0,0,330.0184,3,0,5.2
1,27.59654,0,0,0,330.0184,3,0,5.2
1,27.60851,0,0,0,330.0184,3,0,5.2
1,27.61683,0,0,0,330.0184,3,0,5.2
1,27.62553,0,0,0,330.0184,3,0,5.2
1,27.63305,0,0,0,330.0184,3,0,5.2
1,27.64049,0,0,0,330.0184,3,0,5.2
1,27.64859,0,0,0,330.0184,3,0,5.2
1,27.65632,0,0,0,330.0184,3,0,5.2
1,27.66377,0,0,0,330.0184,3,0,5.2
1,27.67199,0,0,0,330.0184,3,0,5.2
1,27.6798,0,0,0,330.0184,3,0,5.2
1,27.68743,0,0,0,330.0184,3,0,5.2
1,27.69534,0,0,0,330.0184,3,0,5.2
1,27.70323,0,0,0,330.0184,3,0,5.2
1,27.71119,0,0,0,330.0184,3,0,5.2
1,27.71979,0,0,0,330.0184,3,0,5.2
1,27.72783,0,0,0,330.0184,3,0,5.2
1,27.73671,0,0,0,330.0184,3,0,5.2
1,27.74628,0,0,0,330.0184,3,0,5.2
1,27.75831,0,0,0,330.0184,3,0,5.2
1,27.76626,0,0,0,330.0184,3,0,5.2
1,27.7738,0,0,0,330.0184,3,0,5.2
1,27.78149,0,0,0,330.0184,3,0,5.2
1,27.78898,0,0,0,330.0184,3,0,5.2
1,27.79644,0,0,0,330.0184,3,0,5.2
1,27.80475,0,0,0,330.0184,3,0,5.2
1,27.81276,0,0,0,330.0184,3,0,5.2
1,27.82026,0,0,0,330.0184,3,0,5.2
1,27.82825,0,0,0,330.0184,3,0,5.2
1,27.8365,0,0,0,330.0184,3,0,5.2
1,27.84543,0,0,0,330.0184,3,0,5.2
1,27.85373,0,0,0,330.0184,3,0,5.2
1,27.86219,0,0,0,330.0184,3,0,5.2
1,27.87207,0,0,0,330.0184,3,0,5.2
1,27.88154,0,0,0,330.0184,3,0,5.2
1,27.89115,0,0,0,330.0184,3,0,5.2
1,27.8997,0,0,0,330.0184,3,0,5.2
1,27.90807,0,0,0,330.0184,3,0,5.2
1,27.91636,0,0,0,330.0184,3,0,5.2
1,27.9247,0,0,0,330.0184,3,0,5.2
1,27.93374,0,0,0,330.0184,3,0,5.2
1,27.94253,0,0,0,330.0184,3,0,5.2
1,27.95187,0,0,0,330.0184,3,0,5.2
1,27.96036,0,0,0,330.0184,3,0,5.2
1,27.97015,0,0,0,330.0184,3,0,5.2
1,27.98032,0,0,0,330.0184,3,0,5.2
1,27.99046,0,0,0,330.0184,3,0,5.2
1,28.00061,0,0,0,330.0184,3,0,5.2
1,28.00906,0,0,0,330.0184,3,0,5.2
1,28.01709,0,0,0,330.0184,3,0,5.2
1,28.0255,0,0,0,330.0184,3,0,5.2
1,28.03605,0,0,0,330.0184,3,0,5.2
1,28.04573,0,0,0,330.0184,3,0,5.2
1,28.054,0,0,0,330.0184,3,0,5.2
1,28.0645,0,0,0,330.0184,3,0,5.2
1,28.07347,0,0,0,330.0184,3,0,5.2
1,28.08284,0,0,0,330.0184,3,0,5.2
1,28.09515,0,0,0,330.0184,3,0,5.2
1,28.10419,0,0,0,330.0184,3,0,5.2
1,28.11455,0,0,0,330.0184,3,0,5.2
1,28.12315,0,0,0,330.0184,3,0,5.2
1,28.13386,0,0,0,330.0184,3,0,5.2
1,28.14232,0,0,0,330.0184,3,0,5.2
1,28.15189,0,0,0,330.0184,3,0,5.2
1,28.16231,0,0,0,330.0184,3,0,5.2
1,28.17216,0,0,0,330.0184,3,0,5.2
1,28.18261,0,0,0,330.0184,3,0,5.2
1,28.19272,0,0,0,330.0184,3,0,5.2
1,28.20329,0,0,0,330.0184,3,0,5.2
1,28.2149,0,0,0,330.0184,3,0,5.2
1,28.22778,0,0,0,330.0184,3,0,5.2
1,28.24228,0,0,0,330.0184,3,0,5.2
1,28.25279,0,0,0,330.0184,3,0,5.2
1,28.26311,0,0,0,330.0184,3,0,5.2
1,28.27408,0,0,0,330.0184,3,0,5.2
1,28.28394,0,0,0,330.0184,3,0,5.2
1,28.29563,0,0,0,330.0184,3,0,5.2
1,28.30714,0,0,0,330.0184,3,0,5.2
1,28.31715,0,0,0,330.0184,3,0,5.2
1,28.32758,0,0,0,330.0184,3,0,5.2
1,28.33896,0,0,0,330.0184,3,0,5.2
1,28.34987,0,0,0,330.0184,3,0,5.2
1,28.36033,0,0,0,330.0184,3,0,5.2
1,28.37173,0,0,0,330.0184,3,0,5.2
1,28.38256,0,0,0,330.0184,3,0,5.2
1,28.39292,0,0,0,330.0184,3,0,5.2
1,28.40424,0,0,0,330.0184,3,0,5.2
1,28.41475,0,0,0,330.0184,3,0,5.2
1,28.42359,0,0,0,330.0184,3,0,5.2
1,28.43288,0,0,0,330.0184,3,0,5.2
1,28.44261,0,0,0,330.0184,3,0,5.2
1,28.4523,0,0,0,330.0184,3,0,5.2
1,28.46116,0,0,0,330.0184,3,0,5.2
1,28.47052,0,0,0,330.0184,3,0,5.2
1,28.47954,0,0,0,330.0184,3,0,5.2
1,28.49245,0,0,0,330.0184,3,0,5.2
1,28.50183,0,0,0,330.0184,3,0,5.2
1,28.51112,0,0,0,330.0184,3,0,5.2
1,28.5193,0,0,0,330.0184,3,0,5.2
1,28.52795,0,0,0,330.0184,3,0,5.2
1,28.53756,0,0,0,330.0184,3,0,5.2
1,28.54686,0,0,0,330.0184,3,0,5.2
1,28.55691,0,0,0,330.0184,3,0,5.2
1,28.56714,0,0,0,330.0184,3,0,5.2
1,28.57577,0,0,0,330.0184,3,0,5.2
1,28.58651,0,0,0,330.0184,3,0,5.2
1,28.59879,0,0,0,330.0184,3,0,5.2
1,28.60996,0,0,0,330.0184,3,0,5.2
1,28.61963,0,0,0,330.0184,3,0,5.2
1,28.63116,0,0,0,330.0184,3,0,5.2
1,28.64182,0,0,0,330.0184,3,0,5.2
1,28.65082,0,0,0,330.0184,3,0,5.2
1,28.65983,0,0,0,330.0184,3,0,5.2
1,28.66829,0,0,0,330.0184,3,0,5.2
1,28.67635,0,0,0,330.0184,3,0,5.2
1,28.68472,0,0,0,330.0184,3,0,5.2
1,28.69262,0,0,0,330.0184,3,0,5.2
1,28.70093,0,0,0,330.0184,3,0,5.2
1,28.71073,0,0,0,330.0184,3,0,5.2
1,28.71968,0,0,0,330.0184,3,0,5.2
1,28.72874,0,0,0,330.0184,3,0,5.2
1,28.7384,0,0,0,330.0184,3,0,5.2
1,28.7468,0,0,0,330.0184,3,0,5.2
1,28.75635,0,0,0,330.0184,3,0,5.2
1,28.76707,0,0,0,330.0184,3,0,5.2
1,28.77643,0,0,0,330.0184,3,0,5.2
1,28.78748,0,0,0,330.0184,3,0,5.2
1,28.79876,0,0,0,330.0184,3,0,5.2
1,28.81001,0,0,0,330.0184,3,0,5.2
1,28.83083,0,0,0,330.0184,3,0,5.2
