Ans,timenow,HMD_rotation_x,HMD_rotation_y,HMD_rotation_z,balldeg,ball_position_x,ball_position_y,ball_position_z
0,0.03611279,0,0,0,270,0,0,0
0,0.05295467,0,0,0,270,0,0,0
0,0.81459,0,0,0,270,0,0,0
0,0.8468843,0,0,0,270,0,0,0
0,0.8666639,0,0,0,270,0,0,0
0,0.8765082,0,0,0,270,0,0,0
0,0.8872514,0,0,0,270,0,0,0
0,0.8984785,0,0,0,270,0,0,0
0,0.9104042,0,0,0,270,0,0,0
0,0.9213419,0,0,0,270,0,0,0
0,0.9327393,0,0,0,270,0,0,0
0,0.9451923,0,0,0,270,0,0,0
0,0.9568295,0,0,0,270,0,0,0
0,0.967216,0,0,0,270,0,0,0
0,0.9785604,0,0,0,270,0,0,0
0,0.988574,0,0,0,270,0,0,0
0,0.9981618,0,0,0,270,0,0,0
0,1.008516,0,0,0,270,0,0,0
0,1.01916,0,0,0,270,0,0,0
0,1.028726,0,0,0,270,0,0,0
0,1.040246,0,0,0,270,0,0,0
0,1.050871,0,0,0,270,0,0,0
0,1.060681,0,0,0,270,0,0,0
0,1.068935,0,0,0,270,0,0,0
0,1.07777,0,0,0,270,0,0,0
0,1.086931,0,0,0,270,0,0,0
0,1.096931,0,0,0,270,0,0,0
0,1.105889,0,0,0,270,0,0,0
0,1.113539,0,0,0,270,0,0,0
0,1.121761,0,0,0,270,0,0,0
0,1.12887,0,0,0,270,0,0,0
0,1.13554,0,0,0,270,0,0,0
0,1.144004,0,0,0,270,0,0,0
0,1.151611,0,0,0,270,0,0,0
0,1.1605,0,0,0,270,0,0,0
0,1.168138,0,0,0,270,0,0,0
0,1.178079,0,0,0,270,0,0,0
0,1.186859,0,0,0,270,0,0,0
0,1.194729,0,0,0,270,0,0,0
0,1.201958,0,0,0,270,0,0,0
0,1.209398,0,0,0,270,0,0,0
0,1.217765,0,0,0,270,0,0,0
0,1.225845,0,0,0,270,0,0,0
0,1.234428,0,0,0,270,0,0,0
0,1.242423,0,0,0,270,0,0,0
0,1.251749,0,0,0,270,0,0,0
0,1.261554,0,0,0,270,0,0,0
0,1.270657,0,0,0,270,0,0,0
0,1.279438,0,0,0,270,0,0,0
0,1.287212,0,0,0,270,0,0,0
0,1.295324,0,0,0,270,0,0,0
0,1.302746,0,0,0,270,0,0,0
0,1.312254,0,0,0,270,0,0,0
0,1.321568,0,0,0,270,0,0,0
0,1.330584,0,0,0,270,0,0,0
0,1.339156,0,0,0,270,0,0,0
0,1.347275,0,0,0,270,0,0,0
0,1.355638,0,0,0,270,0,0,0
0,1.363498,0,0,0,270,0,0,0
0,1.370832,0,0,0,270,0,0,0
0,1.381188,0,0,0,270,0,0,0
0,1.390705,0,0,0,270,0,0,0
0,1.398893,0,0,0,270,0,0,0
0,1.406397,0,0,0,270,0,0,0
0,1.413456,0,0,0,270,0,0,0
0,1.421958,0,0,0,270,0,0,0
0,1.430044,0,0,0,270,0,0,0
0,1.438766,0,0,0,270,0,0,0
0,1.445971,0,0,0,270,0,0,0
0,1.454021,0,0,0,270,0,0,0
0,1.461359,0,0,0,270,0,0,0
0,1.469729,0,0,0,270,0,0,0
0,1.477179,0,0,0,270,0,0,0
0,1.484973,0,0,0,270,0,0,0
0,1.492751,0,0,0,270,0,0,0
0,1.500867,0,0,0,270,0,0,0
0,1.509792,0,0,0,270,0,0,0
0,1.518697,0,0,0,270,0,0,0
0,1.525545,0,0,0,270,0,0,0
0,1.533553,0,0,0,270,0,0,0
0,1.541753,0,0,0,270,0,0,0
0,1.549946,0,0,0,270,0,0,0
0,1.557319,0,0,0,270,0,0,0
0,1.565415,0,0,0,270,0,0,0
0,1.57405,0,0,0,270,0,0,0
0,1.582088,0,0,0,270,0,0,0
0,1.590852,0,0,0,270,0,0,0
0,1.599193,0,0,0,270,0,0,0
0,1.608376,0,0,0,270,0,0,0
0,1.617838,0,0,0,270,0,0,0
0,1.62751,0,0,0,270,0,0,0
0,1.6372,0,0,0,270,0,0,0
0,1.645569,0,0,0,270,0,0,0
0,1.654399,0,0,0,270,0,0,0
0,1.662373,0,0,0,270,0,0,0
0,1.672223,0,0,0,270,0,0,0
0,1.68754,0,0,0,270,0,0,0
0,1.703268,0,0,0,270,0,0,0
0,1.711549,0,0,0,270,0,0,0
0,1.721183,0,0,0,270,0,0,0
0,1.729297,0,0,0,270,0,0,0
0,1.736896,0,0,0,270,0,0,0
0,1.743983,0,0,0,270,0,0,0
0,1.751742,0,0,0,270,0,0,0
0,1.758515,0,0,0,270,0,0,0
0,1.766646,0,0,0,270,0,0,0
0,1.773823,0,0,0,270,0,0,0
0,1.782007,0,0,0,270,0,0,0
0,1.790733,0,0,0,270,0,0,0
0,1.798254,0,0,0,270,0,0,0
0,1.806401,0,0,0,270,0,0,0
0,1.814027,0,0,0,270,0,0,0
0,1.823357,0,0,0,270,0,0,0
0,1.831581,0,0,0,270,0,0,0
0,1.839291,0,0,0,270,0,0,0
0,1.847983,0,0,0,270,0,0,0
0,1.856919,0,0,0,270,0,0,0
0,1.865103,0,0,0,270,0,0,0
0,1.875201,0,0,0,270,0,0,0
0,1.884349,0,0,0,270,0,0,0
0,1.892439,0,0,0,270,0,0,0
0,1.90016,0,0,0,270,0,0,0
0,1.907969,0,0,0,270,0,0,0
0,1.915442,0,0,0,270,0,0,0
0,1.923847,0,0,0,270,0,0,0
0,1.932124,0,0,0,270,0,0,0
0,1.940332,0,0,0,270,0,0,0
0,1.948269,0,0,0,270,0,0,0
0,1.957954,0,0,0,270,0,0,0
0,1.967361,0,0,0,270,0,0,0
0,1.975118,0,0,0,270,0,0,0
0,1.984311,0,0,0,270,0,0,0
0,1.992774,0,0,0,270,0,0,0
0,2.001966,0,0,0,270,0,0,0
0,2.013384,0,0,0,270,0,0,0
0,2.022181,0,0,0,270,0,0,0
0,2.04845,0,0,0,270,0,0,0
0,2.059485,0,0,0,270,0,0,0
0,2.069229,0,0,0,270,0,0,0
0,2.077298,0,0,0,270,0,0,0
0,2.088462,0,0,0,270,0,0,0
0,2.097013,0,0,0,270,0,0,0
0,2.10726,0,0,0,270,0,0,0
0,2.114916,0,0,0,270,0,0,0
0,2.125353,0,0,0,270,0,0,0
0,2.135923,0,0,0,270,0,0,0
0,2.144579,0,0,0,270,0,0,0
0,2.155406,0,0,0,270,0,0,0
0,2.165308,0,0,0,270,0,0,0
0,2.174528,0,0,0,270,0,0,0
0,2.185806,0,0,0,270,0,0,0
0,2.199462,0,0,0,270,0,0,0
0,2.214384,0,0,0,270,0,0,0
0,2.225737,0,0,0,270,0,0,0
0,2.234742,0,0,0,270,0,0,0
0,2.244689,0,0,0,270,0,0,0
0,2.252913,0,0,0,270,0,0,0
0,2.266483,0,0,0,270,0,0,0
0,2.279727,0,0,0,270,0,0,0
0,2.288462,0,0,0,270,0,0,0
0,2.298443,0,0,0,270,0,0,0
0,2.308528,0,0,0,270,0,0,0
0,2.320001,0,0,0,270,0,0,0
0,2.331728,0,0,0,270,0,0,0
0,2.341149,0,0,0,270,0,0,0
0,2.350667,0,0,0,270,0,0,0
0,2.362737,0,0,0,270,0,0,0
0,2.377851,0,0,0,270,0,0,0
0,2.393048,0,0,0,270,0,0,0
0,2.407244,0,0,0,270,0,0,0
0,2.421904,0,0,0,270,0,0,0
0,2.435656,0,0,0,270,0,0,0
0,2.454143,0,0,0,270,0,0,0
0,2.463998,0,0,0,270,0,0,0
0,2.474238,0,0,0,270,0,0,0
0,2.487511,0,0,0,270,0,0,0
0,2.4984,0,0,0,270,0,0,0
0,2.508646,0,0,0,270,0,0,0
0,2.518597,0,0,0,270,0,0,0
0,2.530134,0,0,0,270,0,0,0
0,2.542376,0,0,0,270,0,0,0
0,2.553671,0,0,0,270,0,0,0
0,2.56483,0,0,0,270,0,0,0
0,2.575583,0,0,0,270,0,0,0
0,2.584772,0,0,0,270,0,0,0
0,2.595812,0,0,0,270,0,0,0
0,2.606794,0,0,0,270,0,0,0
0,2.616862,0,0,0,270,0,0,0
0,2.627277,0,0,0,270,0,0,0
0,2.646845,0,0,0,270,0,0,0
0,2.661027,0,0,0,270,0,0,0
0,2.672092,0,0,0,270,0,0,0
0,2.681651,0,0,0,270,0,0,0
0,2.693238,0,0,0,270,0,0,0
0,2.706228,0,0,0,270,0,0,0
0,2.717763,0,0,0,270,0,0,0
0,2.729464,0,0,0,270,0,0,0
0,2.745069,0,0,0,270,0,0,0
0,2.756187,0,0,0,270,0,0,0
0,2.769074,0,0,0,270,0,0,0
0,2.780799,0,0,0,270,0,0,0
0,2.792083,0,0,0,270,0,0,0
0,2.802651,0,0,0,270,0,0,0
0,2.813295,0,0,0,270,0,0,0
0,2.823887,0,0,0,270,0,0,0
0,2.833337,0,0,0,270,0,0,0
0,2.844164,0,0,0,270,0,0,0
0,2.854012,0,0,0,270,0,0,0
0,2.868951,0,0,0,270,0,0,0
0,2.880429,0,0,0,270,0,0,0
0,2.892234,0,0,0,270,0,0,0
0,2.902786,0,0,0,270,0,0,0
0,2.912831,0,0,0,270,0,0,0
0,2.922467,0,0,0,270,0,0,0
0,2.930752,0,0,0,270,0,0,0
0,2.939862,0,0,0,270,0,0,0
0,2.947878,0,0,0,270,0,0,0
0,2.957145,0,0,0,270,0,0,0
0,2.968047,0,0,0,270,0,0,0
0,2.978222,0,0,0,270,0,0,0
0,2.988937,0,0,0,270,0,0,0
0,2.999076,0,0,0,270,0,0,0
0,3.008482,0,0,0,270,0,0,0
0,3.019616,0,0,0,270,0,0,0
0,3.030053,0,0,0,270,0,0,0
0,3.038887,0,0,0,270,0,0,0
0,3.0506,0,0,0,270,0,0,0
0,3.0626,0,0,0,270,0,0,0
0,3.074282,0,0,0,270,0,0,0
0,3.086155,0,0,0,270,0,0,0
0,3.096923,0,0,0,270,0,0,0
0,3.106811,0,0,0,270,0,0,0
0,3.115047,0,0,0,270,0,0,0
0,3.125752,0,0,0,270,0,0,0
0,3.136438,0,0,0,270,0,0,0
0,3.14725,0,0,0,270,0,0,0
0,3.157853,0,0,0,270,0,0,0
0,3.168313,0,0,0,270,0,0,0
0,3.178451,0,0,0,270,0,0,0
0,3.188339,0,0,0,270,0,0,0
0,3.199715,0,0,0,270,0,0,0
0,3.208786,0,0,0,270,0,0,0
0,3.218665,0,0,0,270,0,0,0
0,3.229495,0,0,0,270,0,0,0
0,3.24053,0,0,0,270,0,0,0
0,3.252045,0,0,0,270,0,0,0
0,3.262714,0,0,0,270,0,0,0
0,3.272774,0,0,0,270,0,0,0
0,3.284269,0,0,0,270,0,0,0
0,3.295088,0,0,0,270,0,0,0
0,3.306477,0,0,0,270,0,0,0
0,3.31769,0,0,0,270,0,0,0
0,3.330339,0,0,0,270,0,0,0
0,3.339974,0,0,0,270,0,0,0
0,3.350958,0,0,0,270,0,0,0
0,3.361178,0,0,0,270,0,0,0
0,3.37043,0,0,0,270,0,0,0
0,3.379837,0,0,0,270,0,0,0
0,3.389584,0,0,0,270,0,0,0
0,3.399206,0,0,0,270,0,0,0
0,3.411294,0,0,0,270,0,0,0
0,3.421821,0,0,0,270,0,0,0
0,3.43265,0,0,0,270,0,0,0
0,3.441484,0,0,0,270,0,0,0
0,3.451162,0,0,0,270,0,0,0
0,3.461454,0,0,0,270,0,0,0
0,3.468807,0,0,0,270,0,0,0
0,3.47809,0,0,0,270,0,0,0
0,3.488089,0,0,0,270,0,0,0
0,3.498245,0,0,0,270,0,0,0
0,3.508104,0,0,0,270,0,0,0
0,3.518804,0,0,0,270,0,0,0
0,3.530107,0,0,0,270,0,0,0
0,3.538798,0,0,0,270,0,0,0
0,3.549026,0,0,0,270,0,0,0
0,3.559243,0,0,0,270,0,0,0
0,3.56972,0,0,0,270,0,0,0
0,3.579601,0,0,0,270,0,0,0
0,3.589997,0,0,0,270,0,0,0
0,3.601948,0,0,0,270,0,0,0
0,3.612874,0,0,0,270,0,0,0
0,3.624957,0,0,0,270,0,0,0
0,3.635226,0,0,0,270,0,0,0
0,3.645539,0,0,0,270,0,0,0
0,3.657925,0,0,0,270,0,0,0
0,3.671052,0,0,0,270,0,0,0
0,3.681282,0,0,0,270,0,0,0
0,3.69299,0,0,0,270,0,0,0
0,3.704442,0,0,0,270,0,0,0
0,3.719261,0,0,0,270,0,0,0
0,3.733649,0,0,0,270,0,0,0
0,3.745687,0,0,0,270,0,0,0
0,3.759676,0,0,0,270,0,0,0
0,3.777397,0,0,0,270,0,0,0
0,3.796725,0,0,0,270,0,0,0
0,3.808397,0,0,0,270,0,0,0
0,3.82036,0,0,0,270,0,0,0
0,3.831641,0,0,0,270,0,0,0
0,3.842161,0,0,0,270,0,0,0
0,3.853268,0,0,0,270,0,0,0
0,3.864843,0,0,0,270,0,0,0
0,3.876149,0,0,0,270,0,0,0
0,3.886508,0,0,0,270,0,0,0
0,3.897563,0,0,0,270,0,0,0
0,3.908888,0,0,0,270,0,0,0
0,3.921407,0,0,0,270,0,0,0
0,3.933629,0,0,0,270,0,0,0
0,3.944029,0,0,0,270,0,0,0
0,3.956424,0,0,0,270,0,0,0
0,3.967659,0,0,0,270,0,0,0
0,3.978326,0,0,0,270,0,0,0
0,3.993287,0,0,0,270,0,0,0
0,4.005996,0,0,0,270,0,0,0
0,4.019368,0,0,0,270,0,0,0
0,4.032538,0,0,0,270,0,0,0
0,4.04811,0,0,0,270,0,0,0
0,4.059618,0,0,0,270,0,0,0
0,4.072964,0,0,0,270,0,0,0
0,4.08482,0,0,0,270,0,0,0
0,4.095891,0,0,0,270,0,0,0
0,4.107184,0,0,0,270,0,0,0
0,4.116583,0,0,0,270,0,0,0
0,4.125883,0,0,0,270,0,0,0
0,4.136771,0,0,0,270,0,0,0
0,4.146469,0,0,0,270,0,0,0
0,4.157437,0,0,0,270,0,0,0
0,4.169584,0,0,0,270,0,0,0
0,4.179457,0,0,0,270,0,0,0
0,4.190775,0,0,0,270,0,0,0
0,4.201126,0,0,0,270,0,0,0
0,4.210754,0,0,0,270,0,0,0
0,4.221637,0,0,0,270,0,0,0
0,4.232932,0,0,0,270,0,0,0
0,4.24391,0,0,0,270,0,0,0
0,4.253786,0,0,0,270,0,0,0
0,4.264821,0,0,0,270,0,0,0
0,4.275254,0,0,0,270,0,0,0
0,4.285507,0,0,0,270,0,0,0
0,4.296713,0,0,0,270,0,0,0
0,4.309425,0,0,0,270,0,0,0
0,4.321151,0,0,0,270,0,0,0
0,4.332168,0,0,0,270,0,0,0
0,4.342918,0,0,0,270,0,0,0
0,4.353195,0,0,0,270,0,0,0
0,4.364977,0,0,0,270,0,0,0
0,4.376868,0,0,0,270,0,0,0
0,4.387526,0,0,0,270,0,0,0
0,4.397848,0,0,0,270,0,0,0
0,4.409086,0,0,0,270,0,0,0
0,4.421263,0,0,0,270,0,0,0
0,4.434222,0,0,0,270,0,0,0
0,4.446119,0,0,0,270,0,0,0
0,4.457124,0,0,0,270,0,0,0
0,4.469015,0,0,0,270,0,0,0
0,4.47913,0,0,0,270,0,0,0
0,4.490815,0,0,0,270,0,0,0
0,4.502659,0,0,0,270,0,0,0
0,4.513823,0,0,0,270,0,0,0
0,4.523759,0,0,0,270,0,0,0
0,4.545467,0,0,0,270,0,0,0
0,4.558547,0,0,0,270,0,0,0
0,4.570554,0,0,0,270,0,0,0
0,4.582119,0,0,0,270,0,0,0
0,4.593009,0,0,0,270,0,0,0
0,4.606205,0,0,0,270,0,0,0
0,4.618296,0,0,0,270,0,0,0
0,4.631182,0,0,0,270,0,0,0
0,4.646576,0,0,0,270,0,0,0
0,4.658557,0,0,0,270,0,0,0
0,4.67023,0,0,0,270,0,0,0
0,4.680795,0,0,0,270,0,0,0
0,4.691801,0,0,0,270,0,0,0
0,4.702983,0,0,0,270,0,0,0
0,4.712588,0,0,0,270,0,0,0
0,4.723902,0,0,0,270,0,0,0
0,4.735075,0,0,0,270,0,0,0
0,4.748312,0,0,0,270,0,0,0
0,4.759717,0,0,0,270,0,0,0
0,4.771001,0,0,0,270,0,0,0
0,4.78135,0,0,0,270,0,0,0
0,4.790353,0,0,0,270,0,0,0
0,4.798412,0,0,0,270,0,0,0
0,4.808263,0,0,0,270,0,0,0
0,4.81819,0,0,0,270,0,0,0
0,4.828072,0,0,0,270,0,0,0
0,4.83894,0,0,0,270,0,0,0
0,4.849703,0,0,0,270,0,0,0
0,4.861046,0,0,0,270,0,0,0
0,4.872683,0,0,0,270,0,0,0
0,4.885926,0,0,0,270,0,0,0
0,4.897891,0,0,0,270,0,0,0
0,4.909828,0,0,0,270,0,0,0
0,4.921568,0,0,0,270,0,0,0
0,4.933935,0,0,0,270,0,0,0
0,4.946435,0,0,0,270,0,0,0
0,4.95693,0,0,0,270,0,0,0
0,4.966705,0,0,0,270,0,0,0
0,4.977826,0,0,0,270,0,0,0
0,4.987984,0,0,0,270,0,0,0
0,4.9979,0,0,0,270,0,0,0
0,5.009839,0,0,0,270,0,0,0
0,5.020147,0,0,0,270,0,0,0
0,5.030645,0,0,0,270,0,0,0
0,5.045175,0,0,0,270,0,0,0
0,5.055748,0,0,0,270,0,0,0
0,5.067037,0,0,0,270,0,0,0
0,5.078188,0,0,0,270,0,0,0
0,5.092298,0,0,0,270,0,0,0
0,5.103714,0,0,0,270,0,0,0
0,5.121289,0,0,0,270,0,0,0
0,5.138334,0,0,0,270,0,0,0
0,5.15606,0,0,0,270,0,0,0
0,5.170662,0,0,0,270,0,0,0
0,5.189569,0,0,0,270,0,0,0
0,5.201698,0,0,0,270,0,0,0
0,5.216975,0,0,0,270,0,0,0
0,5.229261,0,0,0,270,0,0,0
0,5.240673,0,0,0,270,0,0,0
0,5.2508,0,0,0,270,0,0,0
0,5.259408,0,0,0,270,0,0,0
0,5.272201,0,0,0,270,0,0,0
0,5.283026,0,0,0,270,0,0,0
0,5.292358,0,0,0,270,0,0,0
0,5.306759,0,0,0,270,0,0,0
0,5.316941,0,0,0,270,0,0,0
0,5.328935,0,0,0,270,0,0,0
0,5.344199,0,0,0,270,0,0,0
0,5.370455,0,0,0,270,0,0,0
0,5.385579,0,0,0,270,0,0,0
0,5.395539,0,0,0,270,0,0,0
0,5.405528,0,0,0,270,0,0,0
0,5.414595,0,0,0,270,0,0,0
0,5.423537,0,0,0,270,0,0,0
0,5.434079,0,0,0,270,0,0,0
0,5.442737,0,0,0,270,0,0,0
0,5.452201,0,0,0,270,0,0,0
0,5.467713,0,0,0,270,0,0,0
0,5.481122,0,0,0,270,0,0,0
0,5.493062,0,0,0,270,0,0,0
0,5.512142,0,0,0,270,0,0,0
0,5.530838,0,0,0,270,0,0,0
0,5.543884,0,0,0,270,0,0,0
0,5.556078,0,0,0,270,0,0,0
0,5.568212,0,0,0,270,0,0,0
0,5.57963,0,0,0,270,0,0,0
0,5.59101,0,0,0,270,0,0,0
0,5.603182,0,0,0,270,0,0,0
0,5.615746,0,0,0,270,0,0,0
0,5.629384,0,0,0,270,0,0,0
0,5.641289,0,0,0,270,0,0,0
0,5.662709,0,0,0,270,0,0,0
0,5.675629,0,0,0,270,0,0,0
0,5.697811,0,0,0,270,0,0,0
0,5.725044,0,0,0,270,0,0,0
0,5.738329,0,0,0,270,0,0,0
0,5.752063,0,0,0,270,0,0,0
0,5.767307,0,0,0,270,0,0,0
0,5.785457,0,0,0,270,0,0,0
0,5.799658,0,0,0,270,0,0,0
0,5.815227,0,0,0,270,0,0,0
0,5.829386,0,0,0,270,0,0,0
0,5.843966,0,0,0,270,0,0,0
0,5.862895,0,0,0,270,0,0,0
0,5.878664,0,0,0,270,0,0,0
0,5.894282,0,0,0,270,0,0,0
0,5.908627,0,0,0,270,0,0,0
0,5.923985,0,0,0,270,0,0,0
0,5.939434,0,0,0,270,0,0,0
0,5.953354,0,0,0,270,0,0,0
0,5.968179,0,0,0,270,0,0,0
0,5.982315,0,0,0,270,0,0,0
0,5.996306,0,0,0,270,0,0,0
0,6.009162,0,0,0,270,0,0,0
0,6.022911,0,0,0,270,0,0,0
0,6.037091,0,0,0,270,0,0,0
0,6.051794,0,0,0,270,0,0,0
0,6.065472,0,0,0,270,0,0,0
0,6.079153,0,0,0,270,0,0,0
0,6.09346,0,0,0,270,0,0,0
0,6.106394,0,0,0,270,0,0,0
0,6.121237,0,0,0,270,0,0,0
0,6.138521,0,0,0,270,0,0,0
0,6.159143,0,0,0,270,0,0,0
0,6.174409,0,0,0,270,0,0,0
0,6.18956,0,0,0,270,0,0,0
0,6.204571,0,0,0,270,0,0,0
0,6.217872,0,0,0,270,0,0,0
0,6.229876,0,0,0,270,0,0,0
0,6.246839,0,0,0,270,0,0,0
0,6.260348,0,0,0,270,0,0,0
0,6.28766,0,0,0,270,0,0,0
0,6.314631,0,0,0,270,0,0,0
0,6.330466,0,0,0,270,0,0,0
0,6.35433,0,0,0,270,0,0,0
0,6.374485,0,0,0,270,0,0,0
0,6.389137,0,0,0,270,0,0,0
0,6.407809,0,0,0,270,0,0,0
0,6.422678,0,0,0,270,0,0,0
0,6.436041,0,0,0,270,0,0,0
0,6.449082,0,0,0,270,0,0,0
0,6.463242,0,0,0,270,0,0,0
0,6.477549,0,0,0,270,0,0,0
0,6.494232,0,0,0,270,0,0,0
0,6.508927,0,0,0,270,0,0,0
0,6.524829,0,0,0,270,0,0,0
0,6.538114,0,0,0,270,0,0,0
0,6.550883,0,0,0,270,0,0,0
0,6.562446,0,0,0,270,0,0,0
0,6.575776,0,0,0,270,0,0,0
0,6.589262,0,0,0,270,0,0,0
0,6.602095,0,0,0,270,0,0,0
0,6.614421,0,0,0,270,0,0,0
0,6.626935,0,0,0,270,0,0,0
0,6.640038,0,0,0,270,0,0,0
0,6.652139,0,0,0,270,0,0,0
0,6.662882,0,0,0,270,0,0,0
0,6.681385,0,0,0,270,0,0,0
0,6.702431,0,0,0,270,0,0,0
0,6.716964,0,0,0,270,0,0,0
0,6.729665,0,0,0,270,0,0,0
0,6.742478,0,0,0,270,0,0,0
0,6.761953,0,0,0,270,0,0,0
0,6.778943,0,0,0,270,0,0,0
0,6.797407,0,0,0,270,0,0,0
0,6.815389,0,0,0,270,0,0,0
0,6.83214,0,0,0,270,0,0,0
0,6.847558,0,0,0,270,0,0,0
0,6.858411,0,0,0,270,0,0,0
0,6.867377,0,0,0,270,0,0,0
0,6.878268,0,0,0,270,0,0,0
0,6.887194,0,0,0,270,0,0,0
0,6.895251,0,0,0,270,0,0,0
0,6.905754,0,0,0,270,0,0,0
0,6.916725,0,0,0,270,0,0,0
0,6.926667,0,0,0,270,0,0,0
0,6.936708,0,0,0,270,0,0,0
0,6.947305,0,0,0,270,0,0,0
0,6.957648,0,0,0,270,0,0,0
0,6.970848,0,0,0,270,0,0,0
0,6.984534,0,0,0,270,0,0,0
0,6.995481,0,0,0,270,0,0,0
0,7.004147,0,0,0,270,0,0,0
0,7.014799,0,0,0,270,0,0,0
0,7.065952,0,0,0,270,0,0,0
0,7.113844,0,0,0,270,0,0,0
0,7.134435,0,0,0,270,0,0,0
0,7.146601,0,0,0,270,0,0,0
0,7.15752,0,0,0,270,0,0,0
0,7.169867,0,0,0,270,0,0,0
0,7.181411,0,0,0,270,0,0,0
0,7.191099,0,0,0,270,0,0,0
0,7.199884,0,0,0,270,0,0,0
0,7.209737,0,0,0,270,0,0,0
0,7.220241,0,0,0,270,0,0,0
0,7.230733,0,0,0,270,0,0,0
0,7.23967,0,0,0,270,0,0,0
0,7.252998,0,0,0,270,0,0,0
0,7.265185,0,0,0,270,0,0,0
0,7.273672,0,0,0,270,0,0,0
0,7.283017,0,0,0,270,0,0,0
0,7.291725,0,0,0,270,0,0,0
0,7.302747,0,0,0,270,0,0,0
0,7.314527,0,0,0,270,0,0,0
0,7.324275,0,0,0,270,0,0,0
0,7.334854,0,0,0,270,0,0,0
0,7.34495,0,0,0,270,0,0,0
0,7.35491,0,0,0,270,0,0,0
0,7.366592,0,0,0,270,0,0,0
0,7.377808,0,0,0,270,0,0,0
0,7.388597,0,0,0,270,0,0,0
0,7.40076,0,0,0,270,0,0,0
0,7.411914,0,0,0,270,0,0,0
0,7.425546,0,0,0,270,0,0,0
0,7.438445,0,0,0,270,0,0,0
0,7.451722,0,0,0,270,0,0,0
0,7.463709,0,0,0,270,0,0,0
0,7.475038,0,0,0,270,0,0,0
0,7.487637,0,0,0,270,0,0,0
0,7.50173,0,0,0,270,0,0,0
0,7.515853,0,0,0,270,0,0,0
0,7.53007,0,0,0,270,0,0,0
0,7.544813,0,0,0,270,0,0,0
0,7.558726,0,0,0,270,0,0,0
0,7.570838,0,0,0,270,0,0,0
0,7.583428,0,0,0,270,0,0,0
0,7.59803,0,0,0,270,0,0,0
0,7.617344,0,0,0,270,0,0,0
0,7.642585,0,0,0,270,0,0,0
0,7.663565,0,0,0,270,0,0,0
0,7.679447,0,0,0,270,0,0,0
0,7.695422,0,0,0,270,0,0,0
0,7.707983,0,0,0,270,0,0,0
0,7.721363,0,0,0,270,0,0,0
0,7.734475,0,0,0,270,0,0,0
0,7.757285,0,0,0,270,0,0,0
0,7.783124,0,0,0,270,0,0,0
0,7.804516,0,0,0,270,0,0,0
0,7.832898,0,0,0,270,0,0,0
0,7.858899,0,0,0,270,0,0,0
0,7.875133,0,0,0,270,0,0,0
0,7.895035,0,0,0,270,0,0,0
0,7.913942,0,0,0,270,0,0,0
0,7.930725,0,0,0,270,0,0,0
0,7.945096,0,0,0,270,0,0,0
0,7.958283,0,0,0,270,0,0,0
0,7.974306,0,0,0,270,0,0,0
0,7.992755,0,0,0,270,0,0,0
0,8.007488,0,0,0,270,0,0,0
0,8.018066,0,0,0,270,0,0,0
0,8.029408,0,0,0,270,0,0,0
0,8.040453,0,0,0,270,0,0,0
0,8.051352,0,0,0,270,0,0,0
0,8.063223,0,0,0,270,0,0,0
0,8.074512,0,0,0,270,0,0,0
0,8.08404,0,0,0,270,0,0,0
0,8.095095,0,0,0,270,0,0,0
0,8.106915,0,0,0,270,0,0,0
0,8.118147,0,0,0,270,0,0,0
0,8.129612,0,0,0,270,0,0,0
0,8.141394,0,0,0,270,0,0,0
0,8.153948,0,0,0,270,0,0,0
0,8.165751,0,0,0,270,0,0,0
0,8.176891,0,0,0,270,0,0,0
0,8.190823,0,0,0,270,0,0,0
0,8.209064,0,0,0,270,0,0,0
0,8.226194,0,0,0,270,0,0,0
0,8.245916,0,0,0,270,0,0,0
0,8.27914,0,0,0,270,0,0,0
0,8.30126,0,0,0,270,0,0,0
0,8.326849,0,0,0,270,0,0,0
0,8.341148,0,0,0,270,0,0,0
0,8.353952,0,0,0,270,0,0,0
0,8.365486,0,0,0,270,0,0,0
0,8.376915,0,0,0,270,0,0,0
0,8.392048,0,0,0,270,0,0,0
0,8.405699,0,0,0,270,0,0,0
0,8.418489,0,0,0,270,0,0,0
0,8.427803,0,0,0,270,0,0,0
0,8.437593,0,0,0,270,0,0,0
0,8.449087,0,0,0,270,0,0,0
0,8.468569,0,0,0,270,0,0,0
0,8.478502,0,0,0,270,0,0,0
0,8.488308,0,0,0,270,0,0,0
0,8.498856,0,0,0,270,0,0,0
0,8.508806,0,0,0,270,0,0,0
0,8.518225,0,0,0,270,0,0,0
0,8.528593,0,0,0,270,0,0,0
0,8.540054,0,0,0,270,0,0,0
0,8.54859,0,0,0,270,0,0,0
0,8.559275,0,0,0,270,0,0,0
0,8.569359,0,0,0,270,0,0,0
0,8.578558,0,0,0,270,0,0,0
0,8.587431,0,0,0,270,0,0,0
0,8.595537,0,0,0,270,0,0,0
0,8.60416,0,0,0,270,0,0,0
0,8.612171,0,0,0,270,0,0,0
0,8.621586,0,0,0,270,0,0,0
0,8.630909,0,0,0,270,0,0,0
0,8.639858,0,0,0,270,0,0,0
0,8.647894,0,0,0,270,0,0,0
0,8.656319,0,0,0,270,0,0,0
0,8.671652,0,0,0,270,0,0,0
0,8.68692,0,0,0,270,0,0,0
0,8.694416,0,0,0,270,0,0,0
0,8.702732,0,0,0,270,0,0,0
0,8.710941,0,0,0,270,0,0,0
0,8.719465,0,0,0,270,0,0,0
0,8.728308,0,0,0,270,0,0,0
0,8.73604,0,0,0,270,0,0,0
0,8.74612,0,0,0,270,0,0,0
0,8.754892,0,0,0,270,0,0,0
0,8.765627,0,0,0,270,0,0,0
0,8.774916,0,0,0,270,0,0,0
0,8.785931,0,0,0,270,0,0,0
0,8.795519,0,0,0,270,0,0,0
0,8.80658,0,0,0,270,0,0,0
0,8.830214,0,0,0,270,0,0,0
0,8.860195,0,0,0,270,0,0,0
0,8.875446,0,0,0,270,0,0,0
0,8.886862,0,0,0,270,0,0,0
0,8.898754,0,0,0,270,0,0,0
0,8.909332,0,0,0,270,0,0,0
0,8.919405,0,0,0,270,0,0,0
0,8.931025,0,0,0,270,0,0,0
0,8.942629,0,0,0,270,0,0,0
0,8.954956,0,0,0,270,0,0,0
0,8.966248,0,0,0,270,0,0,0
0,8.978771,0,0,0,270,0,0,0
0,8.990162,0,0,0,270,0,0,0
0,9.001984,0,0,0,270,0,0,0
0,9.013496,0,0,0,270,0,0,0
0,9.025053,0,0,0,270,0,0,0
0,9.03652,0,0,0,270,0,0,0
0,9.05905,0,0,0,270,0,0,0
0,9.071306,0,0,0,270,0,0,0
0,9.082508,0,0,0,270,0,0,0
0,9.094858,0,0,0,270,0,0,0
0,9.105062,0,0,0,270,0,0,0
0,9.115005,0,0,0,270,0,0,0
0,9.130018,0,0,0,270,0,0,0
0,9.141201,0,0,0,270,0,0,0
0,9.152473,0,0,0,270,0,0,0
0,9.162846,0,0,0,270,0,0,0
0,9.174908,0,0,0,270,0,0,0
0,9.187948,0,0,0,270,0,0,0
0,9.200052,0,0,0,270,0,0,0
0,9.212835,0,0,0,270,0,0,0
0,9.224812,0,0,0,270,0,0,0
0,9.237045,0,0,0,270,0,0,0
0,9.249876,0,0,0,270,0,0,0
0,9.262217,0,0,0,270,0,0,0
0,9.274401,0,0,0,270,0,0,0
0,9.285603,0,0,0,270,0,0,0
0,9.298664,0,0,0,270,0,0,0
0,9.311258,0,0,0,270,0,0,0
0,9.322945,0,0,0,270,0,0,0
0,9.334793,0,0,0,270,0,0,0
0,9.3468,0,0,0,270,0,0,0
0,9.358767,0,0,0,270,0,0,0
0,9.36994,0,0,0,270,0,0,0
0,9.382479,0,0,0,270,0,0,0
0,9.396141,0,0,0,270,0,0,0
0,9.410059,0,0,0,270,0,0,0
0,9.422657,0,0,0,270,0,0,0
0,9.434872,0,0,0,270,0,0,0
0,9.446068,0,0,0,270,0,0,0
0,9.45636,0,0,0,270,0,0,0
0,9.466591,0,0,0,270,0,0,0
0,9.475061,0,0,0,270,0,0,0
0,9.484537,0,0,0,270,0,0,0
0,9.494829,0,0,0,270,0,0,0
0,9.505089,0,0,0,270,0,0,0
0,9.514437,0,0,0,270,0,0,0
0,9.522648,0,0,0,270,0,0,0
0,9.530972,0,0,0,270,0,0,0
0,9.540163,0,0,0,270,0,0,0
0,9.548971,0,0,0,270,0,0,0
0,9.558491,0,0,0,270,0,0,0
0,9.566784,0,0,0,270,0,0,0
0,9.574873,0,0,0,270,0,0,0
0,9.583647,0,0,0,270,0,0,0
0,9.592283,0,0,0,270,0,0,0
0,9.60026,0,0,0,270,0,0,0
0,9.60932,0,0,0,270,0,0,0
0,9.61829,0,0,0,270,0,0,0
0,9.625919,0,0,0,270,0,0,0
0,9.63427,0,0,0,270,0,0,0
0,9.642475,0,0,0,270,0,0,0
0,9.652599,0,0,0,270,0,0,0
0,9.660994,0,0,0,270,0,0,0
0,9.669212,0,0,0,270,0,0,0
0,9.678389,0,0,0,270,0,0,0
0,9.687294,0,0,0,270,0,0,0
0,9.695887,0,0,0,270,0,0,0
0,9.704899,0,0,0,270,0,0,0
0,9.713627,0,0,0,270,0,0,0
0,9.721516,0,0,0,270,0,0,0
0,9.730555,0,0,0,270,0,0,0
0,9.739113,0,0,0,270,0,0,0
0,9.74806,0,0,0,270,0,0,0
0,9.756588,0,0,0,270,0,0,0
0,9.765966,0,0,0,270,0,0,0
0,9.773869,0,0,0,270,0,0,0
0,9.781366,0,0,0,270,0,0,0
0,9.790503,0,0,0,270,0,0,0
0,9.801651,0,0,0,270,0,0,0
0,9.810043,0,0,0,270,0,0,0
0,9.818409,0,0,0,270,0,0,0
0,9.826298,0,0,0,270,0,0,0
0,9.83551,0,0,0,270,0,0,0
0,9.843374,0,0,0,270,0,0,0
0,9.852831,0,0,0,270,0,0,0
0,9.863205,0,0,0,270,0,0,0
0,9.872601,0,0,0,270,0,0,0
0,9.880114,0,0,0,270,0,0,0
0,9.888557,0,0,0,270,0,0,0
0,9.896013,0,0,0,270,0,0,0
0,9.905067,0,0,0,270,0,0,0
0,9.912392,0,0,0,270,0,0,0
0,9.920479,0,0,0,270,0,0,0
0,9.928232,0,0,0,270,0,0,0
0,9.936485,0,0,0,270,0,0,0
0,9.944237,0,0,0,270,0,0,0
0,9.952723,0,0,0,270,0,0,0
0,9.961349,0,0,0,270,0,0,0
0,9.968536,0,0,0,270,0,0,0
0,9.976896,0,0,0,270,0,0,0
0,9.985804,0,0,0,270,0,0,0
0,9.995667,0,0,0,270,0,0,0
0,10.00593,0,0,0,270,0,0,0
0,10.01744,0,0,0,270,0,0,0
0,10.02947,0,0,0,270,0,0,0
0,10.04153,0,0,0,270,0,0,0
0,10.05294,0,0,0,270,0,0,0
0,10.06306,0,0,0,270,0,0,0
0,10.07088,0,0,0,270,0,0,0
0,10.08141,0,0,0,270,0,0,0
0,10.09208,0,0,0,270,0,0,0
0,10.10292,0,0,0,270,0,0,0
0,10.1144,0,0,0,270,0,0,0
0,10.12441,0,0,0,270,0,0,0
0,10.13567,0,0,0,270,0,0,0
0,10.14661,0,0,0,270,0,0,0
0,10.15741,0,0,0,270,0,0,0
0,10.16802,0,0,0,270,0,0,0
0,10.17759,0,0,0,270,0,0,0
0,10.18678,0,0,0,270,0,0,0
0,10.19749,0,0,0,270,0,0,0
0,10.20918,0,0,0,270,0,0,0
0,10.22181,0,0,0,270,0,0,0
0,10.23324,0,0,0,270,0,0,0
0,10.24467,0,0,0,270,0,0,0
0,10.2557,0,0,0,270,0,0,0
0,10.26649,0,0,0,270,0,0,0
0,10.27744,0,0,0,270,0,0,0
0,10.28793,0,0,0,270,0,0,0
0,10.2975,0,0,0,270,0,0,0
0,10.30856,0,0,0,270,0,0,0
0,10.31874,0,0,0,270,0,0,0
0,10.32987,0,0,0,270,0,0,0
0,10.33999,0,0,0,270,0,0,0
0,10.34886,0,0,0,270,0,0,0
0,10.36015,0,0,0,270,0,0,0
0,10.37024,0,0,0,270,0,0,0
0,10.38127,0,0,0,270,0,0,0
0,10.39205,0,0,0,270,0,0,0
0,10.40303,0,0,0,270,0,0,0
0,10.4129,0,0,0,270,0,0,0
0,10.42496,0,0,0,270,0,0,0
0,10.43594,0,0,0,270,0,0,0
0,10.44682,0,0,0,270,0,0,0
0,10.45921,0,0,0,270,0,0,0
0,10.47177,0,0,0,270,0,0,0
0,10.48803,0,0,0,270,0,0,0
0,10.50321,0,0,0,270,0,0,0
0,10.51393,0,0,0,270,0,0,0
0,10.52467,0,0,0,270,0,0,0
0,10.53494,0,0,0,270,0,0,0
0,10.54704,0,0,0,270,0,0,0
0,10.55732,0,0,0,270,0,0,0
0,10.57638,0,0,0,270,0,0,0
0,10.59388,0,0,0,270,0,0,0
0,10.60479,0,0,0,270,0,0,0
0,10.61416,0,0,0,270,0,0,0
0,10.62299,0,0,0,270,0,0,0
0,10.63238,0,0,0,270,0,0,0
0,10.64208,0,0,0,270,0,0,0
0,10.65009,0,0,0,270,0,0,0
0,10.65798,0,0,0,270,0,0,0
0,10.66656,0,0,0,270,0,0,0
0,10.67543,0,0,0,270,0,0,0
0,10.68383,0,0,0,270,0,0,0
0,10.69091,0,0,0,270,0,0,0
0,10.69824,0,0,0,270,0,0,0
0,10.70744,0,0,0,270,0,0,0
0,10.71619,0,0,0,270,0,0,0
0,10.7239,0,0,0,270,0,0,0
0,10.73161,0,0,0,270,0,0,0
0,10.74166,0,0,0,270,0,0,0
0,10.75402,0,0,0,270,0,0,0
0,10.76222,0,0,0,270,0,0,0
0,10.77015,0,0,0,270,0,0,0
0,10.78625,0,0,0,270,0,0,0
0,10.79585,0,0,0,270,0,0,0
0,10.80338,0,0,0,270,0,0,0
0,10.81585,0,0,0,270,0,0,0
0,10.82541,0,0,0,270,0,0,0
0,10.85766,0,0,0,270,0,0,0
0,10.87989,0,0,0,270,0,0,0
0,10.91395,0,0,0,270,0,0,0
0,10.95247,0,0,0,270,0,0,0
0,10.96128,0,0,0,270,0,0,0
0,10.96893,0,0,0,270,0,0,0
0,10.97742,0,0,0,270,0,0,0
0,10.98643,0,0,0,270,0,0,0
0,10.99472,0,0,0,270,0,0,0
0,11.00219,0,0,0,270,0,0,0
0,11.01121,0,0,0,270,0,0,0
0,11.02183,0,0,0,270,0,0,0
0,11.02934,0,0,0,270,0,0,0
0,11.03644,0,0,0,270,0,0,0
0,11.04455,0,0,0,270,0,0,0
0,11.05229,0,0,0,270,0,0,0
0,11.05909,0,0,0,270,0,0,0
0,11.06715,0,0,0,270,0,0,0
0,11.07714,0,0,0,270,0,0,0
0,11.08567,0,0,0,270,0,0,0
0,11.093,0,0,0,270,0,0,0
0,11.10056,0,0,0,270,0,0,0
0,11.10798,0,0,0,270,0,0,0
0,11.11614,0,0,0,270,0,0,0
0,11.12296,0,0,0,270,0,0,0
0,11.13033,0,0,0,270,0,0,0
0,11.13899,0,0,0,270,0,0,0
0,11.14601,0,0,0,270,0,0,0
0,11.1542,0,0,0,270,0,0,0
0,11.16386,0,0,0,270,0,0,0
0,11.17411,0,0,0,270,0,0,0
0,11.18459,0,0,0,270,0,0,0
0,11.19447,0,0,0,270,0,0,0
0,11.20546,0,0,0,270,0,0,0
0,11.21636,0,0,0,270,0,0,0
0,11.22749,0,0,0,270,0,0,0
0,11.23711,0,0,0,270,0,0,0
0,11.24791,0,0,0,270,0,0,0
0,11.25978,0,0,0,270,0,0,0
0,11.27128,0,0,0,270,0,0,0
0,11.2815,0,0,0,270,0,0,0
0,11.29296,0,0,0,270,0,0,0
0,11.30446,0,0,0,270,0,0,0
0,11.31492,0,0,0,270,0,0,0
0,11.32463,0,0,0,270,0,0,0
0,11.3354,0,0,0,270,0,0,0
0,11.34469,0,0,0,270,0,0,0
0,11.35464,0,0,0,270,0,0,0
0,11.36488,0,0,0,270,0,0,0
0,11.37506,0,0,0,270,0,0,0
0,11.38533,0,0,0,270,0,0,0
0,11.39649,0,0,0,270,0,0,0
0,11.40682,0,0,0,270,0,0,0
0,11.41675,0,0,0,270,0,0,0
0,11.42804,0,0,0,270,0,0,0
0,11.43738,0,0,0,270,0,0,0
0,11.44648,0,0,0,270,0,0,0
0,11.45799,0,0,0,270,0,0,0
0,11.46934,0,0,0,270,0,0,0
0,11.47962,0,0,0,270,0,0,0
0,11.48869,0,0,0,270,0,0,0
0,11.49969,0,0,0,270,0,0,0
0,11.51085,0,0,0,270,0,0,0
0,11.52134,0,0,0,270,0,0,0
0,11.53137,0,0,0,270,0,0,0
0,11.54148,0,0,0,270,0,0,0
0,11.55167,0,0,0,270,0,0,0
0,11.562,0,0,0,270,0,0,0
0,11.57077,0,0,0,270,0,0,0
0,11.58194,0,0,0,270,0,0,0
0,11.59622,0,0,0,270,0,0,0
0,11.60943,0,0,0,270,0,0,0
0,11.62428,0,0,0,270,0,0,0
0,11.63779,0,0,0,270,0,0,0
0,11.64764,0,0,0,270,0,0,0
0,11.65798,0,0,0,270,0,0,0
0,11.66824,0,0,0,270,0,0,0
0,11.67737,0,0,0,270,0,0,0
0,11.68644,0,0,0,270,0,0,0
0,11.69726,0,0,0,270,0,0,0
0,11.7082,0,0,0,270,0,0,0
0,11.71866,0,0,0,270,0,0,0
0,11.72896,0,0,0,270,0,0,0
0,11.73863,0,0,0,270,0,0,0
0,11.74689,0,0,0,270,0,0,0
0,11.75573,0,0,0,270,0,0,0
0,11.76537,0,0,0,270,0,0,0
0,11.7739,0,0,0,270,0,0,0
0,11.78176,0,0,0,270,0,0,0
0,11.78963,0,0,0,270,0,0,0
0,11.7981,0,0,0,270,0,0,0
0,11.80667,0,0,0,270,0,0,0
0,11.81548,0,0,0,270,0,0,0
0,11.82418,0,0,0,270,0,0,0
0,11.83332,0,0,0,270,0,0,0
0,11.8426,0,0,0,270,0,0,0
0,11.85049,0,0,0,270,0,0,0
0,11.85868,0,0,0,270,0,0,0
0,11.86688,0,0,0,270,0,0,0
0,11.87517,0,0,0,270,0,0,0
0,11.88384,0,0,0,270,0,0,0
0,11.8921,0,0,0,270,0,0,0
0,11.90053,0,0,0,270,0,0,0
0,11.90828,0,0,0,270,0,0,0
0,11.91521,0,0,0,270,0,0,0
0,11.9236,0,0,0,270,0,0,0
0,11.93058,0,0,0,270,0,0,0
0,11.93754,0,0,0,270,0,0,0
0,11.94474,0,0,0,270,0,0,0
0,11.95301,0,0,0,270,0,0,0
0,11.96172,0,0,0,270,0,0,0
0,11.97016,0,0,0,270,0,0,0
0,11.97976,0,0,0,270,0,0,0
0,11.98926,0,0,0,270,0,0,0
0,11.99891,0,0,0,270,0,0,0
0,12.00617,0,0,0,270,0,0,0
0,12.01458,0,0,0,270,0,0,0
0,12.02254,0,0,0,270,0,0,0
0,12.0304,0,0,0,270,0,0,0
0,12.03724,0,0,0,270,0,0,0
0,12.04567,0,0,0,270,0,0,0
0,12.05367,0,0,0,270,0,0,0
0,12.06266,0,0,0,270,0,0,0
0,12.07007,0,0,0,270,0,0,0
0,12.07783,0,0,0,270,0,0,0
0,12.08502,0,0,0,270,0,0,0
0,12.09394,0,0,0,270,0,0,0
0,12.10181,0,0,0,270,0,0,0
0,12.11033,0,0,0,270,0,0,0
0,12.118,0,0,0,270,0,0,0
0,12.12535,0,0,0,270,0,0,0
0,12.13342,0,0,0,270,0,0,0
0,12.14175,0,0,0,270,0,0,0
0,12.14874,0,0,0,270,0,0,0
0,12.15709,0,0,0,270,0,0,0
0,12.16606,0,0,0,270,0,0,0
0,12.17398,0,0,0,270,0,0,0
0,12.18143,0,0,0,270,0,0,0
0,12.18874,0,0,0,270,0,0,0
0,12.19575,0,0,0,270,0,0,0
0,12.20383,0,0,0,270,0,0,0
0,12.2108,0,0,0,270,0,0,0
0,12.21852,0,0,0,270,0,0,0
0,12.22569,0,0,0,270,0,0,0
0,12.23473,0,0,0,270,0,0,0
0,12.24205,0,0,0,270,0,0,0
0,12.25068,0,0,0,270,0,0,0
0,12.25793,0,0,0,270,0,0,0
0,12.26634,0,0,0,270,0,0,0
0,12.27385,0,0,0,270,0,0,0
0,12.28379,0,0,0,270,0,0,0
0,12.29235,0,0,0,270,0,0,0
0,12.30293,0,0,0,270,0,0,0
0,12.31506,0,0,0,270,0,0,0
0,12.32612,0,0,0,270,0,0,0
0,12.33778,0,0,0,270,0,0,0
0,12.34694,0,0,0,270,0,0,0
0,12.35653,0,0,0,270,0,0,0
0,12.36837,0,0,0,270,0,0,0
0,12.37852,0,0,0,270,0,0,0
0,12.38854,0,0,0,270,0,0,0
0,12.39834,0,0,0,270,0,0,0
0,12.40802,0,0,0,270,0,0,0
0,12.4186,0,0,0,270,0,0,0
0,12.42847,0,0,0,270,0,0,0
0,12.4399,0,0,0,270,0,0,0
0,12.44979,0,0,0,270,0,0,0
0,12.45876,0,0,0,270,0,0,0
0,12.46908,0,0,0,270,0,0,0
0,12.47956,0,0,0,270,0,0,0
0,12.49084,0,0,0,270,0,0,0
0,12.50149,0,0,0,270,0,0,0
0,12.5118,0,0,0,270,0,0,0
0,12.52856,0,0,0,270,0,0,0
0,12.54434,0,0,0,270,0,0,0
0,12.55408,0,0,0,270,0,0,0
0,12.56447,0,0,0,270,0,0,0
0,12.57542,0,0,0,270,0,0,0
0,12.58532,0,0,0,270,0,0,0
0,12.59539,0,0,0,270,0,0,0
0,12.60584,0,0,0,270,0,0,0
0,12.61729,0,0,0,270,0,0,0
0,12.62821,0,0,0,270,0,0,0
0,12.63965,0,0,0,270,0,0,0
0,12.65088,0,0,0,270,0,0,0
0,12.66055,0,0,0,270,0,0,0
0,12.6703,0,0,0,270,0,0,0
0,12.67981,0,0,0,270,0,0,0
0,12.6909,0,0,0,270,0,0,0
0,12.7025,0,0,0,270,0,0,0
0,12.71249,0,0,0,270,0,0,0
0,12.72439,0,0,0,270,0,0,0
0,12.73546,0,0,0,270,0,0,0
0,12.74641,0,0,0,270,0,0,0
0,12.75737,0,0,0,270,0,0,0
0,12.76856,0,0,0,270,0,0,0
0,12.78074,0,0,0,270,0,0,0
0,12.79147,0,0,0,270,0,0,0
0,12.80199,0,0,0,270,0,0,0
0,12.81287,0,0,0,270,0,0,0
0,12.82364,0,0,0,270,0,0,0
0,12.83478,0,0,0,270,0,0,0
0,12.84524,0,0,0,270,0,0,0
0,12.85595,0,0,0,270,0,0,0
0,12.86742,0,0,0,270,0,0,0
0,12.87679,0,0,0,270,0,0,0
0,12.8866,0,0,0,270,0,0,0
0,12.89655,0,0,0,270,0,0,0
0,12.90659,0,0,0,270,0,0,0
0,12.91474,0,0,0,270,0,0,0
0,12.92326,0,0,0,270,0,0,0
0,12.93257,0,0,0,270,0,0,0
0,12.94239,0,0,0,270,0,0,0
0,12.95194,0,0,0,270,0,0,0
0,12.96173,0,0,0,270,0,0,0
0,12.97068,0,0,0,270,0,0,0
0,12.97993,0,0,0,270,0,0,0
0,12.99028,0,0,0,270,0,0,0
0,12.99991,0,0,0,270,0,0,0
0,13.00902,0,0,0,270,0,0,0
0,13.01698,0,0,0,270,0,0,0
0,13.02446,0,0,0,270,0,0,0
0,13.03246,0,0,0,270,0,0,0
0,13.04084,0,0,0,270,0,0,0
0,13.04859,0,0,0,270,0,0,0
0,13.05748,0,0,0,270,0,0,0
0,13.06502,0,0,0,270,0,0,0
0,13.07448,0,0,0,270,0,0,0
0,13.08318,0,0,0,270,0,0,0
0,13.09092,0,0,0,270,0,0,0
0,13.09862,0,0,0,270,0,0,0
0,13.10979,0,0,0,270,0,0,0
0,13.11857,0,0,0,270,0,0,0
0,13.12632,0,0,0,270,0,0,0
0,13.13389,0,0,0,270,0,0,0
0,13.14189,0,0,0,270,0,0,0
0,13.15055,0,0,0,270,0,0,0
0,13.15775,0,0,0,270,0,0,0
0,13.16516,0,0,0,270,0,0,0
0,13.17276,0,0,0,270,0,0,0
0,13.18012,0,0,0,270,0,0,0
0,13.18774,0,0,0,270,0,0,0
0,13.19526,0,0,0,270,0,0,0
0,13.20455,0,0,0,270,0,0,0
0,13.21309,0,0,0,270,0,0,0
0,13.22104,0,0,0,270,0,0,0
0,13.22949,0,0,0,270,0,0,0
0,13.23765,0,0,0,270,0,0,0
0,13.24548,0,0,0,270,0,0,0
0,13.2527,0,0,0,270,0,0,0
0,13.26196,0,0,0,270,0,0,0
0,13.26999,0,0,0,270,0,0,0
0,13.27831,0,0,0,270,0,0,0
0,13.28666,0,0,0,270,0,0,0
0,13.29495,0,0,0,270,0,0,0
0,13.30161,0,0,0,270,0,0,0
0,13.31162,0,0,0,270,0,0,0
0,13.32084,0,0,0,270,0,0,0
0,13.33066,0,0,0,270,0,0,0
0,13.33862,0,0,0,270,0,0,0
0,13.34543,0,0,0,270,0,0,0
0,13.35333,0,0,0,270,0,0,0
0,13.36258,0,0,0,270,0,0,0
0,13.36985,0,0,0,270,0,0,0
0,13.37697,0,0,0,270,0,0,0
0,13.38411,0,0,0,270,0,0,0
0,13.39147,0,0,0,270,0,0,0
0,13.39944,0,0,0,270,0,0,0
0,13.40691,0,0,0,270,0,0,0
0,13.41472,0,0,0,270,0,0,0
0,13.42302,0,0,0,270,0,0,0
0,13.43133,0,0,0,270,0,0,0
0,13.43921,0,0,0,270,0,0,0
0,13.44626,0,0,0,270,0,0,0
0,13.45427,0,0,0,270,0,0,0
0,13.46363,0,0,0,270,0,0,0
0,13.47291,0,0,0,270,0,0,0
0,13.48225,0,0,0,270,0,0,0
0,13.49231,0,0,0,270,0,0,0
0,13.50152,0,0,0,270,0,0,0
0,13.511,0,0,0,270,0,0,0
0,13.52034,0,0,0,270,0,0,0
0,13.52915,0,0,0,270,0,0,0
0,13.53724,0,0,0,270,0,0,0
0,13.54809,0,0,0,270,0,0,0
0,13.55826,0,0,0,270,0,0,0
0,13.56753,0,0,0,270,0,0,0
0,13.57901,0,0,0,270,0,0,0
0,13.58876,0,0,0,270,0,0,0
0,13.59848,0,0,0,270,0,0,0
0,13.60953,0,0,0,270,0,0,0
0,13.62169,0,0,0,270,0,0,0
0,13.63178,0,0,0,270,0,0,0
0,13.64383,0,0,0,270,0,0,0
0,13.65509,0,0,0,270,0,0,0
0,13.66618,0,0,0,270,0,0,0
0,13.67887,0,0,0,270,0,0,0
0,13.68861,0,0,0,270,0,0,0
0,13.69804,0,0,0,270,0,0,0
0,13.70862,0,0,0,270,0,0,0
0,13.71929,0,0,0,270,0,0,0
0,13.72928,0,0,0,270,0,0,0
0,13.73973,0,0,0,270,0,0,0
0,13.75111,0,0,0,270,0,0,0
0,13.76119,0,0,0,270,0,0,0
0,13.76933,0,0,0,270,0,0,0
0,13.78028,0,0,0,270,0,0,0
0,13.79034,0,0,0,270,0,0,0
0,13.80124,0,0,0,270,0,0,0
0,13.81214,0,0,0,270,0,0,0
0,13.82382,0,0,0,270,0,0,0
0,13.83568,0,0,0,270,0,0,0
0,13.84717,0,0,0,270,0,0,0
0,13.85781,0,0,0,270,0,0,0
0,13.86788,0,0,0,270,0,0,0
0,13.87866,0,0,0,270,0,0,0
0,13.89123,0,0,0,270,0,0,0
0,13.90344,0,0,0,270,0,0,0
0,13.91582,0,0,0,270,0,0,0
0,13.93076,0,0,0,270,0,0,0
0,13.9433,0,0,0,270,0,0,0
0,13.96115,0,0,0,270,0,0,0
0,13.97431,0,0,0,270,0,0,0
0,13.98897,0,0,0,270,0,0,0
0,14.00061,0,0,0,270,0,0,0
0,14.01143,0,0,0,270,0,0,0
0,14.02194,0,0,0,270,0,0,0
0,14.03284,0,0,0,270,0,0,0
0,14.04322,0,0,0,270,0,0,0
0,14.05138,0,0,0,270,0,0,0
0,14.06231,0,0,0,270,0,0,0
0,14.07118,0,0,0,270,0,0,0
0,14.08069,0,0,0,270,0,0,0
0,14.09157,0,0,0,270,0,0,0
0,14.10032,0,0,0,270,0,0,0
0,14.10982,0,0,0,270,0,0,0
0,14.11974,0,0,0,270,0,0,0
0,14.12962,0,0,0,270,0,0,0
0,14.13995,0,0,0,270,0,0,0
0,14.14853,0,0,0,270,0,0,0
0,14.15667,0,0,0,270,0,0,0
0,14.16526,0,0,0,270,0,0,0
0,14.17383,0,0,0,270,0,0,0
0,14.18272,0,0,0,270,0,0,0
0,14.18958,0,0,0,270,0,0,0
0,14.19837,0,0,0,270,0,0,0
0,14.20649,0,0,0,270,0,0,0
0,14.2177,0,0,0,270,0,0,0
0,14.22796,0,0,0,270,0,0,0
0,14.23698,0,0,0,270,0,0,0
0,14.24773,0,0,0,270,0,0,0
0,14.256,0,0,0,270,0,0,0
0,14.2656,0,0,0,270,0,0,0
0,14.27507,0,0,0,270,0,0,0
0,14.28616,0,0,0,270,0,0,0
0,14.29632,0,0,0,270,0,0,0
0,14.30507,0,0,0,270,0,0,0
0,14.31378,0,0,0,270,0,0,0
0,14.32423,0,0,0,270,0,0,0
0,14.33336,0,0,0,270,0,0,0
0,14.34315,0,0,0,270,0,0,0
0,14.35128,0,0,0,270,0,0,0
0,14.36073,0,0,0,270,0,0,0
0,14.36909,0,0,0,270,0,0,0
0,14.3769,0,0,0,270,0,0,0
0,14.38699,0,0,0,270,0,0,0
0,14.39481,0,0,0,270,0,0,0
0,14.40295,0,0,0,270,0,0,0
0,14.41146,0,0,0,270,0,0,0
0,14.42096,0,0,0,270,0,0,0
0,14.43056,0,0,0,270,0,0,0
0,14.43899,0,0,0,270,0,0,0
0,14.44672,0,0,0,270,0,0,0
0,14.46842,0,0,0,270,0,0,0
0,14.47639,0,0,0,270,0,0,0
0,14.4845,0,0,0,270,0,0,0
0,14.49315,0,0,0,270,0,0,0
0,14.50172,0,0,0,270,0,0,0
0,14.51014,0,0,0,270,0,0,0
0,14.51804,0,0,0,270,0,0,0
0,14.52623,0,0,0,270,0,0,0
0,14.53485,0,0,0,270,0,0,0
0,14.54304,0,0,0,270,0,0,0
0,14.55105,0,0,0,270,0,0,0
0,14.56083,0,0,0,270,0,0,0
0,14.56895,0,0,0,270,0,0,0
0,14.57753,0,0,0,270,0,0,0
0,14.58496,0,0,0,270,0,0,0
0,14.59375,0,0,0,270,0,0,0
0,14.60133,0,0,0,270,0,0,0
0,14.60933,0,0,0,270,0,0,0
0,14.61802,0,0,0,270,0,0,0
0,14.62523,0,0,0,270,0,0,0
0,14.63365,0,0,0,270,0,0,0
0,14.64247,0,0,0,270,0,0,0
0,14.65183,0,0,0,270,0,0,0
0,14.66297,0,0,0,270,0,0,0
0,14.67359,0,0,0,270,0,0,0
0,14.68556,0,0,0,270,0,0,0
0,14.69656,0,0,0,270,0,0,0
0,14.70678,0,0,0,270,0,0,0
0,14.71643,0,0,0,270,0,0,0
0,14.72599,0,0,0,270,0,0,0
0,14.73537,0,0,0,270,0,0,0
0,14.74538,0,0,0,270,0,0,0
0,14.75683,0,0,0,270,0,0,0
0,14.76866,0,0,0,270,0,0,0
0,14.78178,0,0,0,270,0,0,0
0,14.79273,0,0,0,270,0,0,0
0,14.80464,0,0,0,270,0,0,0
0,14.81538,0,0,0,270,0,0,0
0,14.82582,0,0,0,270,0,0,0
0,14.83565,0,0,0,270,0,0,0
0,14.84691,0,0,0,270,0,0,0
0,14.85815,0,0,0,270,0,0,0
0,14.86854,0,0,0,270,0,0,0
0,14.8785,0,0,0,270,0,0,0
0,14.88877,0,0,0,270,0,0,0
0,14.8992,0,0,0,270,0,0,0
0,14.90896,0,0,0,270,0,0,0
0,14.91975,0,0,0,270,0,0,0
0,14.93108,0,0,0,270,0,0,0
0,14.94199,0,0,0,270,0,0,0
0,14.95364,0,0,0,270,0,0,0
0,14.9641,0,0,0,270,0,0,0
0,14.97525,0,0,0,270,0,0,0
0,14.98472,0,0,0,270,0,0,0
0,14.99576,0,0,0,270,0,0,0
0,15.00685,0,0,0,270,0,0,0
0,15.01958,0,0,0,270,0,0,0
0,15.03164,0,0,0,270,0,0,0
0,15.04231,0,0,0,270,0,0,0
0,15.05388,0,0,0,270,0,0,0
0,15.06585,0,0,0,270,0,0,0
0,15.07731,0,0,0,270,0,0,0
0,15.08832,0,0,0,270,0,0,0
0,15.09904,0,0,0,270,0,0,0
0,15.11032,0,0,0,270,0,0,0
0,15.1247,0,0,0,270,0,0,0
0,15.13697,0,0,0,270,0,0,0
0,15.15376,0,0,0,270,0,0,0
0,15.16603,0,0,0,270,0,0,0
0,15.17721,0,0,0,270,0,0,0
0,15.18894,0,0,0,270,0,0,0
0,15.19977,0,0,0,270,0,0,0
0,15.20882,0,0,0,270,0,0,0
0,15.22027,0,0,0,270,0,0,0
0,15.22965,0,0,0,270,0,0,0
0,15.23977,0,0,0,270,0,0,0
0,15.24857,0,0,0,270,0,0,0
0,15.2573,0,0,0,270,0,0,0
0,15.26764,0,0,0,270,0,0,0
0,15.27716,0,0,0,270,0,0,0
0,15.28555,0,0,0,270,0,0,0
0,15.29331,0,0,0,270,0,0,0
0,15.3035,0,0,0,270,0,0,0
0,15.31287,0,0,0,270,0,0,0
0,15.32209,0,0,0,270,0,0,0
0,15.32996,0,0,0,270,0,0,0
0,15.33732,0,0,0,270,0,0,0
0,15.34612,0,0,0,270,0,0,0
0,15.35521,0,0,0,270,0,0,0
0,15.36368,0,0,0,270,0,0,0
0,15.3721,0,0,0,270,0,0,0
0,15.37887,0,0,0,270,0,0,0
0,15.38699,0,0,0,270,0,0,0
0,15.39537,0,0,0,270,0,0,0
0,15.40398,0,0,0,270,0,0,0
0,15.41198,0,0,0,270,0,0,0
0,15.42074,0,0,0,270,0,0,0
0,15.42816,0,0,0,270,0,0,0
0,15.43576,0,0,0,270,0,0,0
0,15.44284,0,0,0,270,0,0,0
0,15.45064,0,0,0,270,0,0,0
0,15.45844,0,0,0,270,0,0,0
0,15.4663,0,0,0,270,0,0,0
0,15.47357,0,0,0,270,0,0,0
0,15.48072,0,0,0,270,0,0,0
0,15.48886,0,0,0,270,0,0,0
0,15.49771,0,0,0,270,0,0,0
0,15.50571,0,0,0,270,0,0,0
0,15.51267,0,0,0,270,0,0,0
0,15.5203,0,0,0,270,0,0,0
0,15.52714,0,0,0,270,0,0,0
0,15.53445,0,0,0,270,0,0,0
0,15.54325,0,0,0,270,0,0,0
0,15.55121,0,0,0,270,0,0,0
0,15.55882,0,0,0,270,0,0,0
0,15.56636,0,0,0,270,0,0,0
0,15.57481,0,0,0,270,0,0,0
0,15.58161,0,0,0,270,0,0,0
0,15.58977,0,0,0,270,0,0,0
0,15.59695,0,0,0,270,0,0,0
0,15.60644,0,0,0,270,0,0,0
0,15.61523,0,0,0,270,0,0,0
0,15.62324,0,0,0,270,0,0,0
0,15.63072,0,0,0,270,0,0,0
0,15.63938,0,0,0,270,0,0,0
0,15.64617,0,0,0,270,0,0,0
0,15.65457,0,0,0,270,0,0,0
0,15.66371,0,0,0,270,0,0,0
0,15.67344,0,0,0,270,0,0,0
0,15.6822,0,0,0,270,0,0,0
0,15.69058,0,0,0,270,0,0,0
0,15.6994,0,0,0,270,0,0,0
0,15.70915,0,0,0,270,0,0,0
0,15.71709,0,0,0,270,0,0,0
0,15.7258,0,0,0,270,0,0,0
0,15.73393,0,0,0,270,0,0,0
0,15.7424,0,0,0,270,0,0,0
0,15.7513,0,0,0,270,0,0,0
0,15.75954,0,0,0,270,0,0,0
0,15.76848,0,0,0,270,0,0,0
0,15.77669,0,0,0,270,0,0,0
0,15.78454,0,0,0,270,0,0,0
0,15.79279,0,0,0,270,0,0,0
0,15.80012,0,0,0,270,0,0,0
0,15.80832,0,0,0,270,0,0,0
0,15.81793,0,0,0,270,0,0,0
0,15.82845,0,0,0,270,0,0,0
0,15.83728,0,0,0,270,0,0,0
0,15.8474,0,0,0,270,0,0,0
0,15.85773,0,0,0,270,0,0,0
0,15.86783,0,0,0,270,0,0,0
0,15.87818,0,0,0,270,0,0,0
0,15.88682,0,0,0,270,0,0,0
0,15.8958,0,0,0,270,0,0,0
0,15.9059,0,0,0,270,0,0,0
0,15.91617,0,0,0,270,0,0,0
0,15.92612,0,0,0,270,0,0,0
0,15.9368,0,0,0,270,0,0,0
0,15.94827,0,0,0,270,0,0,0
0,15.95997,0,0,0,270,0,0,0
0,15.97126,0,0,0,270,0,0,0
0,15.98169,0,0,0,270,0,0,0
0,15.99208,0,0,0,270,0,0,0
0,16.00164,0,0,0,270,0,0,0
0,16.01232,0,0,0,270,0,0,0
0,16.02503,0,0,0,270,0,0,0
0,16.0381,0,0,0,270,0,0,0
0,16.04972,0,0,0,270,0,0,0
0,16.05994,0,0,0,270,0,0,0
0,16.06984,0,0,0,270,0,0,0
0,16.08069,0,0,0,270,0,0,0
0,16.09019,0,0,0,270,0,0,0
0,16.09974,0,0,0,270,0,0,0
0,16.11064,0,0,0,270,0,0,0
0,16.12001,0,0,0,270,0,0,0
0,16.13014,0,0,0,270,0,0,0
0,16.14203,0,0,0,270,0,0,0
0,16.15183,0,0,0,270,0,0,0
0,16.16333,0,0,0,270,0,0,0
0,16.17471,0,0,0,270,0,0,0
0,16.18441,0,0,0,270,0,0,0
0,16.19404,0,0,0,270,0,0,0
0,16.20381,0,0,0,270,0,0,0
0,16.21452,0,0,0,270,0,0,0
0,16.22601,0,0,0,270,0,0,0
0,16.23581,0,0,0,270,0,0,0
0,16.24518,0,0,0,270,0,0,0
0,16.25589,0,0,0,270,0,0,0
0,16.2666,0,0,0,270,0,0,0
0,16.27764,0,0,0,270,0,0,0
0,16.28891,0,0,0,270,0,0,0
0,16.30105,0,0,0,270,0,0,0
0,16.31417,0,0,0,270,0,0,0
0,16.32533,0,0,0,270,0,0,0
0,16.3362,0,0,0,270,0,0,0
0,16.34691,0,0,0,270,0,0,0
0,16.35683,0,0,0,270,0,0,0
0,16.36888,0,0,0,270,0,0,0
0,16.37978,0,0,0,270,0,0,0
0,16.39108,0,0,0,270,0,0,0
0,16.40997,0,0,0,270,0,0,0
0,16.42492,0,0,0,270,0,0,0
0,16.43347,0,0,0,270,0,0,0
0,16.4411,0,0,0,270,0,0,0
0,16.44943,0,0,0,270,0,0,0
0,16.45627,0,0,0,270,0,0,0
0,16.46411,0,0,0,270,0,0,0
0,16.47262,0,0,0,270,0,0,0
0,16.4806,0,0,0,270,0,0,0
0,16.48802,0,0,0,270,0,0,0
0,16.49608,0,0,0,270,0,0,0
0,16.50345,0,0,0,270,0,0,0
0,16.51185,0,0,0,270,0,0,0
0,16.51994,0,0,0,270,0,0,0
0,16.5284,0,0,0,270,0,0,0
0,16.53601,0,0,0,270,0,0,0
0,16.54546,0,0,0,270,0,0,0
0,16.55438,0,0,0,270,0,0,0
0,16.56262,0,0,0,270,0,0,0
0,16.56939,0,0,0,270,0,0,0
0,16.57707,0,0,0,270,0,0,0
0,16.58534,0,0,0,270,0,0,0
0,16.59265,0,0,0,270,0,0,0
0,16.60042,0,0,0,270,0,0,0
0,16.60878,0,0,0,270,0,0,0
0,16.61658,0,0,0,270,0,0,0
0,16.62395,0,0,0,270,0,0,0
0,16.63157,0,0,0,270,0,0,0
0,16.63958,0,0,0,270,0,0,0
0,16.64665,0,0,0,270,0,0,0
0,16.65578,0,0,0,270,0,0,0
0,16.66427,0,0,0,270,0,0,0
0,16.67233,0,0,0,270,0,0,0
0,16.67937,0,0,0,270,0,0,0
0,16.68654,0,0,0,270,0,0,0
0,16.69464,0,0,0,270,0,0,0
0,16.70215,0,0,0,270,0,0,0
0,16.71023,0,0,0,270,0,0,0
0,16.71866,0,0,0,270,0,0,0
0,16.72726,0,0,0,270,0,0,0
0,16.73503,0,0,0,270,0,0,0
0,16.74234,0,0,0,270,0,0,0
0,16.75004,0,0,0,270,0,0,0
0,16.75746,0,0,0,270,0,0,0
0,16.76557,0,0,0,270,0,0,0
0,16.77365,0,0,0,270,0,0,0
0,16.7816,0,0,0,270,0,0,0
0,16.78921,0,0,0,270,0,0,0
0,16.79658,0,0,0,270,0,0,0
0,16.80377,0,0,0,270,0,0,0
0,16.81157,0,0,0,270,0,0,0
0,16.81866,0,0,0,270,0,0,0
0,16.82582,0,0,0,270,0,0,0
0,16.83397,0,0,0,270,0,0,0
0,16.84386,0,0,0,270,0,0,0
0,16.85223,0,0,0,270,0,0,0
0,16.86039,0,0,0,270,0,0,0
0,16.86758,0,0,0,270,0,0,0
0,16.87548,0,0,0,270,0,0,0
0,16.88359,0,0,0,270,0,0,0
0,16.89132,0,0,0,270,0,0,0
0,16.89918,0,0,0,270,0,0,0
0,16.90707,0,0,0,270,0,0,0
0,16.91523,0,0,0,270,0,0,0
0,16.92311,0,0,0,270,0,0,0
0,16.93043,0,0,0,270,0,0,0
0,16.93781,0,0,0,270,0,0,0
0,16.94622,0,0,0,270,0,0,0
0,16.95426,0,0,0,270,0,0,0
0,16.962,0,0,0,270,0,0,0
0,16.96976,0,0,0,270,0,0,0
0,16.97964,0,0,0,270,0,0,0
0,16.99071,0,0,0,270,0,0,0
0,17.00109,0,0,0,270,0,0,0
0,17.01048,0,0,0,270,0,0,0
0,17.0211,0,0,0,270,0,0,0
0,17.02874,0,0,0,270,0,0,0
0,17.03692,0,0,0,270,0,0,0
0,17.04606,0,0,0,270,0,0,0
0,17.05903,0,0,0,270,0,0,0
0,17.06842,0,0,0,270,0,0,0
0,17.07936,0,0,0,270,0,0,0
0,17.09065,0,0,0,270,0,0,0
0,17.1001,0,0,0,270,0,0,0
0,17.11112,0,0,0,270,0,0,0
0,17.12274,0,0,0,270,0,0,0
0,17.13292,0,0,0,270,0,0,0
0,17.14351,0,0,0,270,0,0,0
0,17.15394,0,0,0,270,0,0,0
0,17.16516,0,0,0,270,0,0,0
0,17.17665,0,0,0,270,0,0,0
0,17.18823,0,0,0,270,0,0,0
0,17.20031,0,0,0,270,0,0,0
0,17.21005,0,0,0,270,0,0,0
0,17.21982,0,0,0,270,0,0,0
0,17.23059,0,0,0,270,0,0,0
0,17.24159,0,0,0,270,0,0,0
0,17.25216,0,0,0,270,0,0,0
0,17.26159,0,0,0,270,0,0,0
0,17.27032,0,0,0,270,0,0,0
0,17.28036,0,0,0,270,0,0,0
0,17.29147,0,0,0,270,0,0,0
0,17.30139,0,0,0,270,0,0,0
0,17.31308,0,0,0,270,0,0,0
0,17.32293,0,0,0,270,0,0,0
0,17.33409,0,0,0,270,0,0,0
0,17.34569,0,0,0,270,0,0,0
0,17.357,0,0,0,270,0,0,0
0,17.36851,0,0,0,270,0,0,0
0,17.37959,0,0,0,270,0,0,0
0,17.3927,0,0,0,270,0,0,0
0,17.40485,0,0,0,270,0,0,0
0,17.41806,0,0,0,270,0,0,0
0,17.42908,0,0,0,270,0,0,0
0,17.44166,0,0,0,270,0,0,0
0,17.45427,0,0,0,270,0,0,0
0,17.46651,0,0,0,270,0,0,0
0,17.4772,0,0,0,270,0,0,0
0,17.48854,0,0,0,270,0,0,0
0,17.49929,0,0,0,270,0,0,0
0,17.50957,0,0,0,270,0,0,0
0,17.52091,0,0,0,270,0,0,0
0,17.53148,0,0,0,270,0,0,0
0,17.54174,0,0,0,270,0,0,0
0,17.55175,0,0,0,270,0,0,0
0,17.56138,0,0,0,270,0,0,0
0,17.56997,0,0,0,270,0,0,0
0,17.57966,0,0,0,270,0,0,0
0,17.58913,0,0,0,270,0,0,0
0,17.59715,0,0,0,270,0,0,0
0,17.60728,0,0,0,270,0,0,0
0,17.61624,0,0,0,270,0,0,0
0,17.62452,0,0,0,270,0,0,0
0,17.63145,0,0,0,270,0,0,0
0,17.6406,0,0,0,270,0,0,0
0,17.64777,0,0,0,270,0,0,0
0,17.65552,0,0,0,270,0,0,0
0,17.6637,0,0,0,270,0,0,0
0,17.67173,0,0,0,270,0,0,0
0,17.67902,0,0,0,270,0,0,0
0,17.68806,0,0,0,270,0,0,0
0,17.69556,0,0,0,270,0,0,0
0,17.70535,0,0,0,270,0,0,0
0,17.71311,0,0,0,270,0,0,0
0,17.7209,0,0,0,270,0,0,0
0,17.72916,0,0,0,270,0,0,0
0,17.73841,0,0,0,270,0,0,0
0,17.74619,0,0,0,270,0,0,0
0,17.75406,0,0,0,270,0,0,0
0,17.7622,0,0,0,270,0,0,0
0,17.76926,0,0,0,270,0,0,0
0,17.77695,0,0,0,270,0,0,0
0,17.78433,0,0,0,270,0,0,0
0,17.79082,0,0,0,270,0,0,0
0,17.79939,0,0,0,270,0,0,0
0,17.80778,0,0,0,270,0,0,0
0,17.81793,0,0,0,270,0,0,0
0,17.82615,0,0,0,270,0,0,0
0,17.83543,0,0,0,270,0,0,0
0,17.84419,0,0,0,270,0,0,0
0,17.85343,0,0,0,270,0,0,0
0,17.86104,0,0,0,270,0,0,0
0,17.86917,0,0,0,270,0,0,0
0,17.87696,0,0,0,270,0,0,0
0,17.88498,0,0,0,270,0,0,0
0,17.89259,0,0,0,270,0,0,0
0,17.9005,0,0,0,270,0,0,0
0,17.90761,0,0,0,270,0,0,0
0,17.91421,0,0,0,270,0,0,0
0,17.92327,0,0,0,270,0,0,0
0,17.93197,0,0,0,270,0,0,0
0,17.94111,0,0,0,270,0,0,0
0,17.94986,0,0,0,270,0,0,0
0,17.95708,0,0,0,270,0,0,0
0,17.96481,0,0,0,270,0,0,0
0,17.97382,0,0,0,270,0,0,0
0,17.98212,0,0,0,270,0,0,0
0,17.99019,0,0,0,270,0,0,0
0,17.99822,0,0,0,270,0,0,0
0,18.00594,0,0,0,270,0,0,0
0,18.01428,0,0,0,270,0,0,0
0,18.023,0,0,0,270,0,0,0
0,18.03111,0,0,0,270,0,0,0
0,18.03965,0,0,0,270,0,0,0
0,18.047,0,0,0,270,0,0,0
0,18.05458,0,0,0,270,0,0,0
0,18.06157,0,0,0,270,0,0,0
0,18.06866,0,0,0,270,0,0,0
0,18.07847,0,0,0,270,0,0,0
0,18.08832,0,0,0,270,0,0,0
0,18.09596,0,0,0,270,0,0,0
0,18.10361,0,0,0,270,0,0,0
0,18.11139,0,0,0,270,0,0,0
0,18.1185,0,0,0,270,0,0,0
0,18.12656,0,0,0,270,0,0,0
0,18.13634,0,0,0,270,0,0,0
0,18.14566,0,0,0,270,0,0,0
0,18.15487,0,0,0,270,0,0,0
0,18.16363,0,0,0,270,0,0,0
0,18.17568,0,0,0,270,0,0,0
0,18.18579,0,0,0,270,0,0,0
0,18.19842,0,0,0,270,0,0,0
0,18.21296,0,0,0,270,0,0,0
0,18.22914,0,0,0,270,0,0,0
0,18.23841,0,0,0,270,0,0,0
0,18.24757,0,0,0,270,0,0,0
0,18.2569,0,0,0,270,0,0,0
0,18.26734,0,0,0,270,0,0,0
0,18.27707,0,0,0,270,0,0,0
0,18.28642,0,0,0,270,0,0,0
0,18.29666,0,0,0,270,0,0,0
0,18.30795,0,0,0,270,0,0,0
0,18.31942,0,0,0,270,0,0,0
0,18.33033,0,0,0,270,0,0,0
0,18.34264,0,0,0,270,0,0,0
0,18.35359,0,0,0,270,0,0,0
0,18.36427,0,0,0,270,0,0,0
0,18.37491,0,0,0,270,0,0,0
0,18.38558,0,0,0,270,0,0,0
0,18.39578,0,0,0,270,0,0,0
0,18.4064,0,0,0,270,0,0,0
0,18.41755,0,0,0,270,0,0,0
0,18.42967,0,0,0,270,0,0,0
0,18.44212,0,0,0,270,0,0,0
0,18.4527,0,0,0,270,0,0,0
0,18.46225,0,0,0,270,0,0,0
0,18.47394,0,0,0,270,0,0,0
0,18.48391,0,0,0,270,0,0,0
0,18.49259,0,0,0,270,0,0,0
0,18.50323,0,0,0,270,0,0,0
0,18.51416,0,0,0,270,0,0,0
0,18.52415,0,0,0,270,0,0,0
0,18.53398,0,0,0,270,0,0,0
0,18.54417,0,0,0,270,0,0,0
0,18.55379,0,0,0,270,0,0,0
0,18.56449,0,0,0,270,0,0,0
0,18.57608,0,0,0,270,0,0,0
0,18.58813,0,0,0,270,0,0,0
0,18.5996,0,0,0,270,0,0,0
0,18.61042,0,0,0,270,0,0,0
0,18.62055,0,0,0,270,0,0,0
0,18.63056,0,0,0,270,0,0,0
0,18.64068,0,0,0,270,0,0,0
0,18.65195,0,0,0,270,0,0,0
0,18.66114,0,0,0,270,0,0,0
0,18.67005,0,0,0,270,0,0,0
0,18.68,0,0,0,270,0,0,0
0,18.69034,0,0,0,270,0,0,0
0,18.6994,0,0,0,270,0,0,0
0,18.70835,0,0,0,270,0,0,0
0,18.71836,0,0,0,270,0,0,0
0,18.72789,0,0,0,270,0,0,0
0,18.73737,0,0,0,270,0,0,0
0,18.74696,0,0,0,270,0,0,0
0,18.75495,0,0,0,270,0,0,0
0,18.76404,0,0,0,270,0,0,0
0,18.77318,0,0,0,270,0,0,0
0,18.78041,0,0,0,270,0,0,0
0,18.78897,0,0,0,270,0,0,0
0,18.79668,0,0,0,270,0,0,0
0,18.80514,0,0,0,270,0,0,0
0,18.81252,0,0,0,270,0,0,0
0,18.82009,0,0,0,270,0,0,0
0,18.82766,0,0,0,270,0,0,0
0,18.83514,0,0,0,270,0,0,0
0,18.84403,0,0,0,270,0,0,0
0,18.8527,0,0,0,270,0,0,0
0,18.86056,0,0,0,270,0,0,0
0,18.868,0,0,0,270,0,0,0
0,18.87763,0,0,0,270,0,0,0
0,18.88635,0,0,0,270,0,0,0
0,18.89398,0,0,0,270,0,0,0
0,18.90166,0,0,0,270,0,0,0
0,18.90932,0,0,0,270,0,0,0
0,18.91708,0,0,0,270,0,0,0
0,18.92384,0,0,0,270,0,0,0
0,18.93109,0,0,0,270,0,0,0
0,18.93849,0,0,0,270,0,0,0
0,18.94602,0,0,0,270,0,0,0
0,18.95488,0,0,0,270,0,0,0
0,18.96472,0,0,0,270,0,0,0
0,18.97231,0,0,0,270,0,0,0
0,18.98012,0,0,0,270,0,0,0
0,18.99098,0,0,0,270,0,0,0
0,19.00121,0,0,0,270,0,0,0
0,19.011,0,0,0,270,0,0,0
0,19.02132,0,0,0,270,0,0,0
0,19.03306,0,0,0,270,0,0,0
0,19.04511,0,0,0,270,0,0,0
0,19.05542,0,0,0,270,0,0,0
0,19.06429,0,0,0,270,0,0,0
0,19.07437,0,0,0,270,0,0,0
0,19.08324,0,0,0,270,0,0,0
0,19.0926,0,0,0,270,0,0,0
0,19.10286,0,0,0,270,0,0,0
0,19.11215,0,0,0,270,0,0,0
0,19.11989,0,0,0,270,0,0,0
0,19.12783,0,0,0,270,0,0,0
0,19.13649,0,0,0,270,0,0,0
0,19.14558,0,0,0,270,0,0,0
0,19.15436,0,0,0,270,0,0,0
0,19.16264,0,0,0,270,0,0,0
0,19.17258,0,0,0,270,0,0,0
0,19.18057,0,0,0,270,0,0,0
0,19.18818,0,0,0,270,0,0,0
0,19.19653,0,0,0,270,0,0,0
0,19.20895,0,0,0,270,0,0,0
0,19.219,0,0,0,270,0,0,0
0,19.22893,0,0,0,270,0,0,0
0,19.23699,0,0,0,270,0,0,0
0,19.24578,0,0,0,270,0,0,0
0,19.25453,0,0,0,270,0,0,0
0,19.26508,0,0,0,270,0,0,0
0,19.27524,0,0,0,270,0,0,0
0,19.28544,0,0,0,270,0,0,0
0,19.29635,0,0,0,270,0,0,0
0,19.30762,0,0,0,270,0,0,0
0,19.31797,0,0,0,270,0,0,0
0,19.32869,0,0,0,270,0,0,0
0,19.33948,0,0,0,270,0,0,0
0,19.35116,0,0,0,270,0,0,0
0,19.36171,0,0,0,270,0,0,0
0,19.37222,0,0,0,270,0,0,0
0,19.38236,0,0,0,270,0,0,0
0,19.39474,0,0,0,270,0,0,0
0,19.40759,0,0,0,270,0,0,0
0,19.42054,0,0,0,270,0,0,0
0,19.4321,0,0,0,270,0,0,0
0,19.4431,0,0,0,270,0,0,0
0,19.45782,0,0,0,270,0,0,0
0,19.47087,0,0,0,270,0,0,0
0,19.48271,0,0,0,270,0,0,0
0,19.49498,0,0,0,270,0,0,0
0,19.50585,0,0,0,270,0,0,0
0,19.51732,0,0,0,270,0,0,0
0,19.52927,0,0,0,270,0,0,0
0,19.54011,0,0,0,270,0,0,0
0,19.55144,0,0,0,270,0,0,0
0,19.56153,0,0,0,270,0,0,0
0,19.57312,0,0,0,270,0,0,0
0,19.58377,0,0,0,270,0,0,0
0,19.59467,0,0,0,270,0,0,0
0,19.60647,0,0,0,270,0,0,0
0,19.61977,0,0,0,270,0,0,0
0,19.63379,0,0,0,270,0,0,0
0,19.64656,0,0,0,270,0,0,0
0,19.65902,0,0,0,270,0,0,0
0,19.66976,0,0,0,270,0,0,0
0,19.68035,0,0,0,270,0,0,0
0,19.69157,0,0,0,270,0,0,0
0,19.70305,0,0,0,270,0,0,0
0,19.7136,0,0,0,270,0,0,0
0,19.72363,0,0,0,270,0,0,0
0,19.73413,0,0,0,270,0,0,0
0,19.74525,0,0,0,270,0,0,0
0,19.75686,0,0,0,270,0,0,0
0,19.7684,0,0,0,270,0,0,0
0,19.78016,0,0,0,270,0,0,0
0,19.79195,0,0,0,270,0,0,0
0,19.8079,0,0,0,270,0,0,0
0,19.82074,0,0,0,270,0,0,0
0,19.83267,0,0,0,270,0,0,0
0,19.84548,0,0,0,270,0,0,0
0,19.85763,0,0,0,270,0,0,0
0,19.87244,0,0,0,270,0,0,0
0,19.88379,0,0,0,270,0,0,0
0,19.89529,0,0,0,270,0,0,0
0,19.90695,0,0,0,270,0,0,0
0,19.91844,0,0,0,270,0,0,0
0,19.93002,0,0,0,270,0,0,0
0,19.94135,0,0,0,270,0,0,0
0,19.95239,0,0,0,270,0,0,0
0,19.9616,0,0,0,270,0,0,0
0,19.971,0,0,0,270,0,0,0
0,19.98046,0,0,0,270,0,0,0
0,19.98921,0,0,0,270,0,0,0
0,19.99813,0,0,0,270,0,0,0
0,20.00638,0,0,0,270,0,0,0
0,20.01492,0,0,0,270,0,0,0
0,20.02499,0,0,0,270,0,0,0
0,20.03516,0,0,0,270,0,0,0
0,20.0455,0,0,0,270,0,0,0
0,20.05655,0,0,0,270,0,0,0
0,20.0655,0,0,0,270,0,0,0
0,20.07501,0,0,0,270,0,0,0
0,20.08467,0,0,0,270,0,0,0
0,20.09517,0,0,0,270,0,0,0
0,20.10271,0,0,0,270,0,0,0
0,20.11362,0,0,0,270,0,0,0
0,20.12479,0,0,0,270,0,0,0
0,20.13502,0,0,0,270,0,0,0
0,20.14502,0,0,0,270,0,0,0
0,20.15384,0,0,0,270,0,0,0
0,20.16195,0,0,0,270,0,0,0
0,20.17032,0,0,0,270,0,0,0
0,20.17814,0,0,0,270,0,0,0
0,20.18621,0,0,0,270,0,0,0
0,20.19308,0,0,0,270,0,0,0
0,20.20171,0,0,0,270,0,0,0
0,20.21003,0,0,0,270,0,0,0
0,20.21738,0,0,0,270,0,0,0
0,20.22476,0,0,0,270,0,0,0
0,20.235,0,0,0,270,0,0,0
0,20.24448,0,0,0,270,0,0,0
0,20.26413,0,0,0,270,0,0,0
0,20.27203,0,0,0,270,0,0,0
0,20.27887,0,0,0,270,0,0,0
0,20.28616,0,0,0,270,0,0,0
0,20.29325,0,0,0,270,0,0,0
0,20.30148,0,0,0,270,0,0,0
0,20.3082,0,0,0,270,0,0,0
0,20.31503,0,0,0,270,0,0,0
0,20.32252,0,0,0,270,0,0,0
0,20.3322,0,0,0,270,0,0,0
0,20.3396,0,0,0,270,0,0,0
0,20.35404,0,0,0,270,0,0,0
0,20.36341,0,0,0,270,0,0,0
0,20.37063,0,0,0,270,0,0,0
0,20.37809,0,0,0,270,0,0,0
0,20.38548,0,0,0,270,0,0,0
0,20.39411,0,0,0,270,0,0,0
0,20.40141,0,0,0,270,0,0,0
0,20.4096,0,0,0,270,0,0,0
0,20.41872,0,0,0,270,0,0,0
0,20.42846,0,0,0,270,0,0,0
0,20.43665,0,0,0,270,0,0,0
0,20.44401,0,0,0,270,0,0,0
0,20.45272,0,0,0,270,0,0,0
0,20.46067,0,0,0,270,0,0,0
0,20.4679,0,0,0,270,0,0,0
0,20.47826,0,0,0,270,0,0,0
0,20.48869,0,0,0,270,0,0,0
0,20.49775,0,0,0,270,0,0,0
0,20.50701,0,0,0,270,0,0,0
0,20.51669,0,0,0,270,0,0,0
0,20.52657,0,0,0,270,0,0,0
0,20.53675,0,0,0,270,0,0,0
0,20.54584,0,0,0,270,0,0,0
0,20.5547,0,0,0,270,0,0,0
0,20.56345,0,0,0,270,0,0,0
0,20.57175,0,0,0,270,0,0,0
0,20.58037,0,0,0,270,0,0,0
0,20.58924,0,0,0,270,0,0,0
0,20.5979,0,0,0,270,0,0,0
0,20.60889,0,0,0,270,0,0,0
0,20.61965,0,0,0,270,0,0,0
0,20.62986,0,0,0,270,0,0,0
0,20.64205,0,0,0,270,0,0,0
0,20.65243,0,0,0,270,0,0,0
0,20.66296,0,0,0,270,0,0,0
0,20.67471,0,0,0,270,0,0,0
0,20.68574,0,0,0,270,0,0,0
0,20.69563,0,0,0,270,0,0,0
0,20.70618,0,0,0,270,0,0,0
0,20.71695,0,0,0,270,0,0,0
0,20.72622,0,0,0,270,0,0,0
0,20.73706,0,0,0,270,0,0,0
0,20.74837,0,0,0,270,0,0,0
0,20.75895,0,0,0,270,0,0,0
0,20.77032,0,0,0,270,0,0,0
0,20.78087,0,0,0,270,0,0,0
0,20.79196,0,0,0,270,0,0,0
0,20.80137,0,0,0,270,0,0,0
0,20.81263,0,0,0,270,0,0,0
0,20.8226,0,0,0,270,0,0,0
0,20.83226,0,0,0,270,0,0,0
0,20.84276,0,0,0,270,0,0,0
0,20.85362,0,0,0,270,0,0,0
0,20.87147,0,0,0,270,0,0,0
0,20.88162,0,0,0,270,0,0,0
0,20.9009,0,0,0,270,0,0,0
0,20.91073,0,0,0,270,0,0,0
0,20.93104,0,0,0,270,0,0,0
0,20.94102,0,0,0,270,0,0,0
0,20.96382,0,0,0,270,0,0,0
0,20.97609,0,0,0,270,0,0,0
0,20.99432,0,0,0,270,0,0,0
0,21.00546,0,0,0,270,0,0,0
0,21.02475,0,0,0,270,0,0,0
0,21.0335,0,0,0,270,0,0,0
0,21.04933,0,0,0,270,0,0,0
0,21.05934,0,0,0,270,0,0,0
0,21.06839,0,0,0,270,0,0,0
0,21.08837,0,0,0,270,0,0,0
0,21.09848,0,0,0,270,0,0,0
0,21.10923,0,0,0,270,0,0,0
0,21.11749,0,0,0,270,0,0,0
0,21.13299,0,0,0,270,0,0,0
0,21.14588,0,0,0,270,0,0,0
0,21.16075,0,0,0,270,0,0,0
0,21.16856,0,0,0,270,0,0,0
0,21.17621,0,0,0,270,0,0,0
0,21.18785,0,0,0,270,0,0,0
0,21.19683,0,0,0,270,0,0,0
0,21.20519,0,0,0,270,0,0,0
0,21.21188,0,0,0,270,0,0,0
0,21.22319,0,0,0,270,0,0,0
0,21.23491,0,0,0,270,0,0,0
0,21.24282,0,0,0,270,0,0,0
0,21.25905,0,0,0,270,0,0,0
0,21.26836,0,0,0,270,0,0,0
0,21.27732,0,0,0,270,0,0,0
0,21.2903,0,0,0,270,0,0,0
0,21.29791,0,0,0,270,0,0,0
0,21.30512,0,0,0,270,0,0,0
0,21.32164,0,0,0,270,0,0,0
0,21.3357,0,0,0,270,0,0,0
0,21.34706,0,0,0,270,0,0,0
0,21.35493,0,0,0,270,0,0,0
0,21.36378,0,0,0,270,0,0,0
0,21.37796,0,0,0,270,0,0,0
0,21.38681,0,0,0,270,0,0,0
0,21.39607,0,0,0,270,0,0,0
0,21.40885,0,0,0,270,0,0,0
0,21.41921,0,0,0,270,0,0,0
0,21.42872,0,0,0,270,0,0,0
0,21.43741,0,0,0,270,0,0,0
0,21.44662,0,0,0,270,0,0,0
0,21.4628,0,0,0,270,0,0,0
0,21.47057,0,0,0,270,0,0,0
0,21.48084,0,0,0,270,0,0,0
0,21.49813,0,0,0,270,0,0,0
0,21.50964,0,0,0,270,0,0,0
0,21.52164,0,0,0,270,0,0,0
0,21.53625,0,0,0,270,0,0,0
0,21.5472,0,0,0,270,0,0,0
0,21.56745,0,0,0,270,0,0,0
0,21.57897,0,0,0,270,0,0,0
0,21.58977,0,0,0,270,0,0,0
0,21.60011,0,0,0,270,0,0,0
0,21.61218,0,0,0,270,0,0,0
0,21.62559,0,0,0,270,0,0,0
0,21.63456,0,0,0,270,0,0,0
0,21.64575,0,0,0,270,0,0,0
0,21.65698,0,0,0,270,0,0,0
0,21.66686,0,0,0,270,0,0,0
0,21.67651,0,0,0,270,0,0,0
0,21.68623,0,0,0,270,0,0,0
0,21.69503,0,0,0,270,0,0,0
0,21.70434,0,0,0,270,0,0,0
0,21.71292,0,0,0,270,0,0,0
0,21.7212,0,0,0,270,0,0,0
0,21.72964,0,0,0,270,0,0,0
0,21.73706,0,0,0,270,0,0,0
0,21.74569,0,0,0,270,0,0,0
0,21.7535,0,0,0,270,0,0,0
0,21.76216,0,0,0,270,0,0,0
0,21.76949,0,0,0,270,0,0,0
0,21.77814,0,0,0,270,0,0,0
0,21.78668,0,0,0,270,0,0,0
0,21.79539,0,0,0,270,0,0,0
0,21.80374,0,0,0,270,0,0,0
0,21.81214,0,0,0,270,0,0,0
0,21.81973,0,0,0,270,0,0,0
0,21.8286,0,0,0,270,0,0,0
0,21.83661,0,0,0,270,0,0,0
0,21.84566,0,0,0,270,0,0,0
0,21.85334,0,0,0,270,0,0,0
0,21.86128,0,0,0,270,0,0,0
0,21.869,0,0,0,270,0,0,0
0,21.87817,0,0,0,270,0,0,0
0,21.88579,0,0,0,270,0,0,0
0,21.8929,0,0,0,270,0,0,0
0,21.90057,0,0,0,270,0,0,0
0,21.90908,0,0,0,270,0,0,0
0,21.91799,0,0,0,270,0,0,0
0,21.92513,0,0,0,270,0,0,0
0,21.93343,0,0,0,270,0,0,0
0,21.94102,0,0,0,270,0,0,0
0,21.94996,0,0,0,270,0,0,0
0,21.95752,0,0,0,270,0,0,0
0,21.96738,0,0,0,270,0,0,0
0,21.9748,0,0,0,270,0,0,0
0,21.98444,0,0,0,270,0,0,0
0,21.9945,0,0,0,270,0,0,0
0,22.00278,0,0,0,270,0,0,0
0,22.01151,0,0,0,270,0,0,0
0,22.02028,0,0,0,270,0,0,0
0,22.03032,0,0,0,270,0,0,0
0,22.03896,0,0,0,270,0,0,0
0,22.04785,0,0,0,270,0,0,0
0,22.05618,0,0,0,270,0,0,0
0,22.06466,0,0,0,270,0,0,0
0,22.07381,0,0,0,270,0,0,0
0,22.08327,0,0,0,270,0,0,0
0,22.09296,0,0,0,270,0,0,0
0,22.10299,0,0,0,270,0,0,0
0,22.11337,0,0,0,270,0,0,0
0,22.12347,0,0,0,270,0,0,0
0,22.1346,0,0,0,270,0,0,0
0,22.14378,0,0,0,270,0,0,0
0,22.15438,0,0,0,270,0,0,0
0,22.16637,0,0,0,270,0,0,0
0,22.17686,0,0,0,270,0,0,0
0,22.18656,0,0,0,270,0,0,0
0,22.19567,0,0,0,270,0,0,0
0,22.20615,0,0,0,270,0,0,0
0,22.21668,0,0,0,270,0,0,0
0,22.22475,0,0,0,270,0,0,0
0,22.23474,0,0,0,270,0,0,0
0,22.24472,0,0,0,270,0,0,0
0,22.25553,0,0,0,270,0,0,0
0,22.26826,0,0,0,270,0,0,0
0,22.28029,0,0,0,270,0,0,0
0,22.28962,0,0,0,270,0,0,0
0,22.30007,0,0,0,270,0,0,0
0,22.311,0,0,0,270,0,0,0
0,22.32059,0,0,0,270,0,0,0
0,22.33268,0,0,0,270,0,0,0
0,22.34373,0,0,0,270,0,0,0
0,22.35423,0,0,0,270,0,0,0
0,22.36617,0,0,0,270,0,0,0
0,22.37579,0,0,0,270,0,0,0
0,22.3859,0,0,0,270,0,0,0
0,22.39822,0,0,0,270,0,0,0
0,22.40853,0,0,0,270,0,0,0
0,22.41861,0,0,0,270,0,0,0
0,22.43057,0,0,0,270,0,0,0
0,22.44318,0,0,0,270,0,0,0
0,22.45611,0,0,0,270,0,0,0
0,22.46667,0,0,0,270,0,0,0
0,22.47761,0,0,0,270,0,0,0
0,22.48846,0,0,0,270,0,0,0
0,22.49803,0,0,0,270,0,0,0
0,22.50817,0,0,0,270,0,0,0
0,22.52098,0,0,0,270,0,0,0
0,22.53398,0,0,0,270,0,0,0
0,22.54512,0,0,0,270,0,0,0
0,22.55561,0,0,0,270,0,0,0
0,22.56708,0,0,0,270,0,0,0
0,22.57924,0,0,0,270,0,0,0
0,22.58954,0,0,0,270,0,0,0
0,22.60012,0,0,0,270,0,0,0
0,22.61067,0,0,0,270,0,0,0
0,22.62044,0,0,0,270,0,0,0
0,22.63075,0,0,0,270,0,0,0
0,22.64186,0,0,0,270,0,0,0
0,22.65339,0,0,0,270,0,0,0
0,22.666,0,0,0,270,0,0,0
0,22.67805,0,0,0,270,0,0,0
0,22.69158,0,0,0,270,0,0,0
0,22.70405,0,0,0,270,0,0,0
0,22.716,0,0,0,270,0,0,0
0,22.72718,0,0,0,270,0,0,0
0,22.73944,0,0,0,270,0,0,0
0,22.75048,0,0,0,270,0,0,0
0,22.75957,0,0,0,270,0,0,0
0,22.77049,0,0,0,270,0,0,0
0,22.77971,0,0,0,270,0,0,0
0,22.79032,0,0,0,270,0,0,0
0,22.8009,0,0,0,270,0,0,0
0,22.81241,0,0,0,270,0,0,0
0,22.82446,0,0,0,270,0,0,0
0,22.83373,0,0,0,270,0,0,0
0,22.84654,0,0,0,270,0,0,0
0,22.85739,0,0,0,270,0,0,0
0,22.86679,0,0,0,270,0,0,0
0,22.87626,0,0,0,270,0,0,0
0,22.88481,0,0,0,270,0,0,0
0,22.89282,0,0,0,270,0,0,0
0,22.90002,0,0,0,270,0,0,0
0,22.90925,0,0,0,270,0,0,0
0,22.9162,0,0,0,270,0,0,0
0,22.92509,0,0,0,270,0,0,0
0,22.93327,0,0,0,270,0,0,0
0,22.94141,0,0,0,270,0,0,0
0,22.95001,0,0,0,270,0,0,0
0,22.95775,0,0,0,270,0,0,0
0,22.96567,0,0,0,270,0,0,0
0,22.97364,0,0,0,270,0,0,0
0,22.9929,0,0,0,270,0,0,0
0,23.00196,0,0,0,270,0,0,0
0,23.01042,0,0,0,270,0,0,0
0,23.01813,0,0,0,270,0,0,0
0,23.02575,0,0,0,270,0,0,0
0,23.03478,0,0,0,270,0,0,0
0,23.04482,0,0,0,270,0,0,0
0,23.05375,0,0,0,270,0,0,0
0,23.0632,0,0,0,270,0,0,0
0,23.07007,0,0,0,270,0,0,0
0,23.07791,0,0,0,270,0,0,0
0,23.08545,0,0,0,270,0,0,0
0,23.09297,0,0,0,270,0,0,0
0,23.10134,0,0,0,270,0,0,0
0,23.11039,0,0,0,270,0,0,0
0,23.11899,0,0,0,270,0,0,0
0,23.12653,0,0,0,270,0,0,0
0,23.13445,0,0,0,270,0,0,0
0,23.14172,0,0,0,270,0,0,0
0,23.14857,0,0,0,270,0,0,0
0,23.15693,0,0,0,270,0,0,0
0,23.1644,0,0,0,270,0,0,0
0,23.17415,0,0,0,270,0,0,0
0,23.18374,0,0,0,270,0,0,0
0,23.19138,0,0,0,270,0,0,0
0,23.19969,0,0,0,270,0,0,0
0,23.20724,0,0,0,270,0,0,0
0,23.21362,0,0,0,270,0,0,0
0,23.22342,0,0,0,270,0,0,0
0,23.2335,0,0,0,270,0,0,0
0,23.2429,0,0,0,270,0,0,0
0,23.25393,0,0,0,270,0,0,0
0,23.26426,0,0,0,270,0,0,0
0,23.27491,0,0,0,270,0,0,0
0,23.28395,0,0,0,270,0,0,0
0,23.2924,0,0,0,270,0,0,0
0,23.30247,0,0,0,270,0,0,0
0,23.312,0,0,0,270,0,0,0
0,23.32037,0,0,0,270,0,0,0
0,23.32912,0,0,0,270,0,0,0
0,23.33852,0,0,0,270,0,0,0
0,23.34692,0,0,0,270,0,0,0
0,23.356,0,0,0,270,0,0,0
0,23.36408,0,0,0,270,0,0,0
0,23.37357,0,0,0,270,0,0,0
0,23.38309,0,0,0,270,0,0,0
0,23.39292,0,0,0,270,0,0,0
0,23.40447,0,0,0,270,0,0,0
0,23.41503,0,0,0,270,0,0,0
0,23.42875,0,0,0,270,0,0,0
0,23.44039,0,0,0,270,0,0,0
0,23.45191,0,0,0,270,0,0,0
0,23.46321,0,0,0,270,0,0,0
0,23.47446,0,0,0,270,0,0,0
0,23.48514,0,0,0,270,0,0,0
0,23.4959,0,0,0,270,0,0,0
0,23.50808,0,0,0,270,0,0,0
0,23.51982,0,0,0,270,0,0,0
0,23.53104,0,0,0,270,0,0,0
0,23.54491,0,0,0,270,0,0,0
0,23.55766,0,0,0,270,0,0,0
0,23.56877,0,0,0,270,0,0,0
0,23.5813,0,0,0,270,0,0,0
0,23.59352,0,0,0,270,0,0,0
0,23.60425,0,0,0,270,0,0,0
0,23.61728,0,0,0,270,0,0,0
0,23.63073,0,0,0,270,0,0,0
0,23.64212,0,0,0,270,0,0,0
0,23.65288,0,0,0,270,0,0,0
0,23.66334,0,0,0,270,0,0,0
0,23.67376,0,0,0,270,0,0,0
0,23.68493,0,0,0,270,0,0,0
0,23.69659,0,0,0,270,0,0,0
0,23.70848,0,0,0,270,0,0,0
0,23.7201,0,0,0,270,0,0,0
0,23.73087,0,0,0,270,0,0,0
0,23.74226,0,0,0,270,0,0,0
0,23.7537,0,0,0,270,0,0,0
0,23.76438,0,0,0,270,0,0,0
0,23.77459,0,0,0,270,0,0,0
0,23.78536,0,0,0,270,0,0,0
0,23.79704,0,0,0,270,0,0,0
0,23.80999,0,0,0,270,0,0,0
0,23.82143,0,0,0,270,0,0,0
0,23.83397,0,0,0,270,0,0,0
0,23.84671,0,0,0,270,0,0,0
0,23.85868,0,0,0,270,0,0,0
0,23.87012,0,0,0,270,0,0,0
0,23.88192,0,0,0,270,0,0,0
0,23.89525,0,0,0,270,0,0,0
0,23.90973,0,0,0,270,0,0,0
0,23.92691,0,0,0,270,0,0,0
0,23.94009,0,0,0,270,0,0,0
0,23.95285,0,0,0,270,0,0,0
0,23.96549,0,0,0,270,0,0,0
0,23.97829,0,0,0,270,0,0,0
0,23.98957,0,0,0,270,0,0,0
0,24.00074,0,0,0,270,0,0,0
0,24.01334,0,0,0,270,0,0,0
0,24.02514,0,0,0,270,0,0,0
0,24.03812,0,0,0,270,0,0,0
0,24.0501,0,0,0,270,0,0,0
0,24.0628,0,0,0,270,0,0,0
0,24.07772,0,0,0,270,0,0,0
0,24.09299,0,0,0,270,0,0,0
0,24.10526,0,0,0,270,0,0,0
0,24.12108,0,0,0,270,0,0,0
0,24.13593,0,0,0,270,0,0,0
0,24.14863,0,0,0,270,0,0,0
0,24.15915,0,0,0,270,0,0,0
0,24.17097,0,0,0,270,0,0,0
0,24.18128,0,0,0,270,0,0,0
0,24.19052,0,0,0,270,0,0,0
0,24.20372,0,0,0,270,0,0,0
0,24.21602,0,0,0,270,0,0,0
0,24.22667,0,0,0,270,0,0,0
0,24.23729,0,0,0,270,0,0,0
0,24.24894,0,0,0,270,0,0,0
0,24.2594,0,0,0,270,0,0,0
0,24.26947,0,0,0,270,0,0,0
0,24.27878,0,0,0,270,0,0,0
0,24.28951,0,0,0,270,0,0,0
0,24.30222,0,0,0,270,0,0,0
0,24.31598,0,0,0,270,0,0,0
0,24.33112,0,0,0,270,0,0,0
0,24.34286,0,0,0,270,0,0,0
0,24.35363,0,0,0,270,0,0,0
0,24.36359,0,0,0,270,0,0,0
0,24.37377,0,0,0,270,0,0,0
0,24.38387,0,0,0,270,0,0,0
0,24.39528,0,0,0,270,0,0,0
0,24.40546,0,0,0,270,0,0,0
0,24.41781,0,0,0,270,0,0,0
0,24.42974,0,0,0,270,0,0,0
0,24.44378,0,0,0,270,0,0,0
0,24.45728,0,0,0,270,0,0,0
0,24.46884,0,0,0,270,0,0,0
0,24.48078,0,0,0,270,0,0,0
0,24.49165,0,0,0,270,0,0,0
0,24.50286,0,0,0,270,0,0,0
0,24.51332,0,0,0,270,0,0,0
0,24.52307,0,0,0,270,0,0,0
0,24.53246,0,0,0,270,0,0,0
0,24.54276,0,0,0,270,0,0,0
0,24.55463,0,0,0,270,0,0,0
0,24.56408,0,0,0,270,0,0,0
0,24.57774,0,0,0,270,0,0,0
0,24.59072,0,0,0,270,0,0,0
0,24.60069,0,0,0,270,0,0,0
0,24.61109,0,0,0,270,0,0,0
0,24.62156,0,0,0,270,0,0,0
0,24.63025,0,0,0,270,0,0,0
0,24.63909,0,0,0,270,0,0,0
0,24.64696,0,0,0,270,0,0,0
0,24.65556,0,0,0,270,0,0,0
0,24.66454,0,0,0,270,0,0,0
0,24.67429,0,0,0,270,0,0,0
0,24.68288,0,0,0,270,0,0,0
0,24.69487,0,0,0,270,0,0,0
0,24.70573,0,0,0,270,0,0,0
0,24.71805,0,0,0,270,0,0,0
0,24.72825,0,0,0,270,0,0,0
0,24.73973,0,0,0,270,0,0,0
0,24.75078,0,0,0,270,0,0,0
0,24.7634,0,0,0,270,0,0,0
0,24.77682,0,0,0,270,0,0,0
0,24.78882,0,0,0,270,0,0,0
0,24.80239,0,0,0,270,0,0,0
0,24.81707,0,0,0,270,0,0,0
0,24.83014,0,0,0,270,0,0,0
0,24.8433,0,0,0,270,0,0,0
0,24.859,0,0,0,270,0,0,0
0,24.87404,0,0,0,270,0,0,0
0,24.88838,0,0,0,270,0,0,0
0,24.90178,0,0,0,270,0,0,0
0,24.91582,0,0,0,270,0,0,0
0,24.92877,0,0,0,270,0,0,0
0,24.94175,0,0,0,270,0,0,0
0,24.95423,0,0,0,270,0,0,0
0,24.96804,0,0,0,270,0,0,0
0,24.98195,0,0,0,270,0,0,0
0,24.99558,0,0,0,270,0,0,0
0,25.00938,0,0,0,270,0,0,0
0,25.02367,0,0,0,270,0,0,0
0,25.03708,0,0,0,270,0,0,0
0,25.05042,0,0,0,270,0,0,0
0,25.06313,0,0,0,270,0,0,0
0,25.0761,0,0,0,270,0,0,0
0,25.08912,0,0,0,270,0,0,0
0,25.10128,0,0,0,270,0,0,0
0,25.11392,0,0,0,270,0,0,0
0,25.12561,0,0,0,270,0,0,0
0,25.13708,0,0,0,270,0,0,0
0,25.15095,0,0,0,270,0,0,0
0,25.16276,0,0,0,270,0,0,0
0,25.17353,0,0,0,270,0,0,0
0,25.18552,0,0,0,270,0,0,0
0,25.19781,0,0,0,270,0,0,0
0,25.21009,0,0,0,270,0,0,0
0,25.22399,0,0,0,270,0,0,0
0,25.23753,0,0,0,270,0,0,0
0,25.24965,0,0,0,270,0,0,0
0,25.26279,0,0,0,270,0,0,0
0,25.27497,0,0,0,270,0,0,0
0,25.29499,0,0,0,270,0,0,0
0,25.32437,0,0,0,270,0,0,0
0,25.34094,0,0,0,270,0,0,0
0,25.38032,0,0,0,270,0,0,0
0,25.41187,0,0,0,270,0,0,0
0,25.42722,0,0,0,270,0,0,0
0,25.44006,0,0,0,270,0,0,0
0,25.46127,0,0,0,270,0,0,0
0,25.47493,0,0,0,270,0,0,0
0,25.48739,0,0,0,270,0,0,0
0,25.49981,0,0,0,270,0,0,0
0,25.51111,0,0,0,270,0,0,0
0,25.52447,0,0,0,270,0,0,0
0,25.53589,0,0,0,270,0,0,0
0,25.54695,0,0,0,270,0,0,0
0,25.55739,0,0,0,270,0,0,0
0,25.56805,0,0,0,270,0,0,0
0,25.57791,0,0,0,270,0,0,0
0,25.58636,0,0,0,270,0,0,0
0,25.59694,0,0,0,270,0,0,0
0,25.61222,0,0,0,270,0,0,0
0,25.6256,0,0,0,270,0,0,0
0,25.63606,0,0,0,270,0,0,0
0,25.64695,0,0,0,270,0,0,0
0,25.65619,0,0,0,270,0,0,0
0,25.67424,0,0,0,270,0,0,0
0,25.68693,0,0,0,270,0,0,0
0,25.7,0,0,0,270,0,0,0
0,25.70938,0,0,0,270,0,0,0
0,25.71859,0,0,0,270,0,0,0
0,25.73007,0,0,0,270,0,0,0
0,25.74111,0,0,0,270,0,0,0
0,25.75144,0,0,0,270,0,0,0
0,25.76442,0,0,0,270,0,0,0
0,25.77731,0,0,0,270,0,0,0
0,25.79216,0,0,0,270,0,0,0
0,25.80292,0,0,0,270,0,0,0
0,25.81306,0,0,0,270,0,0,0
0,25.82132,0,0,0,270,0,0,0
0,25.83412,0,0,0,270,0,0,0
0,25.84627,0,0,0,270,0,0,0
0,25.85829,0,0,0,270,0,0,0
0,25.8706,0,0,0,270,0,0,0
0,25.87955,0,0,0,270,0,0,0
0,25.88949,0,0,0,270,0,0,0
0,25.8996,0,0,0,270,0,0,0
0,25.90988,0,0,0,270,0,0,0
0,25.92031,0,0,0,270,0,0,0
0,25.93123,0,0,0,270,0,0,0
0,25.94129,0,0,0,270,0,0,0
0,25.95138,0,0,0,270,0,0,0
0,25.95859,0,0,0,270,0,0,0
0,25.96762,0,0,0,270,0,0,0
0,25.97595,0,0,0,270,0,0,0
0,25.98716,0,0,0,270,0,0,0
0,25.99884,0,0,0,270,0,0,0
0,26.00984,0,0,0,270,0,0,0
0,26.02221,0,0,0,270,0,0,0
0,26.03391,0,0,0,270,0,0,0
0,26.04543,0,0,0,270,0,0,0
0,26.05754,0,0,0,270,0,0,0
0,26.06807,0,0,0,270,0,0,0
0,26.08031,0,0,0,270,0,0,0
0,26.09134,0,0,0,270,0,0,0
0,26.10486,0,0,0,270,0,0,0
0,26.11648,0,0,0,270,0,0,0
0,26.13114,0,0,0,270,0,0,0
0,26.14725,0,0,0,270,0,0,0
0,26.1642,0,0,0,270,0,0,0
0,26.18265,0,0,0,270,0,0,0
0,26.19946,0,0,0,270,0,0,0
0,26.21449,0,0,0,270,0,0,0
0,26.22622,0,0,0,270,0,0,0
0,26.24044,0,0,0,270,0,0,0
0,26.2549,0,0,0,270,0,0,0
0,26.27291,0,0,0,270,0,0,0
0,26.28949,0,0,0,270,0,0,0
0,26.30417,0,0,0,270,0,0,0
0,26.32119,0,0,0,270,0,0,0
0,26.33507,0,0,0,270,0,0,0
0,26.35425,0,0,0,270,0,0,0
0,26.37047,0,0,0,270,0,0,0
0,26.38795,0,0,0,270,0,0,0
0,26.40481,0,0,0,270,0,0,0
0,26.42098,0,0,0,270,0,0,0
0,26.44249,0,0,0,270,0,0,0
0,26.46285,0,0,0,270,0,0,0
0,26.48198,0,0,0,270,0,0,0
0,26.4968,0,0,0,270,0,0,0
0,26.51305,0,0,0,270,0,0,0
0,26.52929,0,0,0,270,0,0,0
0,26.54773,0,0,0,270,0,0,0
0,26.57908,0,0,0,270,0,0,0
0,26.60651,0,0,0,270,0,0,0
0,26.62541,0,0,0,270,0,0,0
0,26.64813,0,0,0,270,0,0,0
0,26.66122,0,0,0,270,0,0,0
0,26.69045,0,0,0,270,0,0,0
0,26.70356,0,0,0,270,0,0,0
0,26.72497,0,0,0,270,0,0,0
0,26.73795,0,0,0,270,0,0,0
0,26.75212,0,0,0,270,0,0,0
0,26.76368,0,0,0,270,0,0,0
0,26.78515,0,0,0,270,0,0,0
0,26.79838,0,0,0,270,0,0,0
0,26.80988,0,0,0,270,0,0,0
0,26.82105,0,0,0,270,0,0,0
0,26.8328,0,0,0,270,0,0,0
0,26.84565,0,0,0,270,0,0,0
0,26.85877,0,0,0,270,0,0,0
0,26.869,0,0,0,270,0,0,0
0,26.87854,0,0,0,270,0,0,0
0,26.8886,0,0,0,270,0,0,0
0,26.89898,0,0,0,270,0,0,0
0,26.90866,0,0,0,270,0,0,0
0,26.91899,0,0,0,270,0,0,0
0,26.92966,0,0,0,270,0,0,0
0,26.93877,0,0,0,270,0,0,0
0,26.9502,0,0,0,270,0,0,0
0,26.95938,0,0,0,270,0,0,0
0,26.96997,0,0,0,270,0,0,0
0,26.98002,0,0,0,270,0,0,0
0,26.99091,0,0,0,270,0,0,0
0,27.00073,0,0,0,270,0,0,0
0,27.01069,0,0,0,270,0,0,0
0,27.02052,0,0,0,270,0,0,0
0,27.0306,0,0,0,270,0,0,0
0,27.0417,0,0,0,270,0,0,0
0,27.05197,0,0,0,270,0,0,0
0,27.06236,0,0,0,270,0,0,0
0,27.07364,0,0,0,270,0,0,0
0,27.08306,0,0,0,270,0,0,0
0,27.09225,0,0,0,270,0,0,0
0,27.10545,0,0,0,270,0,0,0
0,27.11496,0,0,0,270,0,0,0
0,27.12513,0,0,0,270,0,0,0
0,27.13688,0,0,0,270,0,0,0
0,27.14754,0,0,0,270,0,0,0
0,27.15758,0,0,0,270,0,0,0
0,27.16684,0,0,0,270,0,0,0
0,27.1763,0,0,0,270,0,0,0
0,27.18559,0,0,0,270,0,0,0
0,27.1958,0,0,0,270,0,0,0
0,27.20542,0,0,0,270,0,0,0
0,27.21498,0,0,0,270,0,0,0
0,27.22429,0,0,0,270,0,0,0
0,27.23311,0,0,0,270,0,0,0
0,27.24269,0,0,0,270,0,0,0
0,27.25316,0,0,0,270,0,0,0
0,27.26401,0,0,0,270,0,0,0
0,27.27694,0,0,0,270,0,0,0
0,27.2872,0,0,0,270,0,0,0
0,27.29708,0,0,0,270,0,0,0
0,27.30753,0,0,0,270,0,0,0
0,27.31659,0,0,0,270,0,0,0
0,27.32638,0,0,0,270,0,0,0
0,27.33541,0,0,0,270,0,0,0
0,27.34492,0,0,0,270,0,0,0
0,27.35544,0,0,0,270,0,0,0
0,27.3666,0,0,0,270,0,0,0
0,27.37679,0,0,0,270,0,0,0
0,27.388,0,0,0,270,0,0,0
0,27.4,0,0,0,270,0,0,0
0,27.41143,0,0,0,270,0,0,0
0,27.42262,0,0,0,270,0,0,0
0,27.43446,0,0,0,270,0,0,0
0,27.44512,0,0,0,270,0,0,0
0,27.45576,0,0,0,270,0,0,0
0,27.46663,0,0,0,270,0,0,0
0,27.47666,0,0,0,270,0,0,0
0,27.48825,0,0,0,270,0,0,0
0,27.49988,0,0,0,270,0,0,0
0,27.51093,0,0,0,270,0,0,0
0,27.5231,0,0,0,270,0,0,0
0,27.53394,0,0,0,270,0,0,0
0,27.54632,0,0,0,270,0,0,0
0,27.5564,0,0,0,270,0,0,0
0,27.56758,0,0,0,270,0,0,0
0,27.57838,0,0,0,270,0,0,0
0,27.59039,0,0,0,270,0,0,0
0,27.60138,0,0,0,270,0,0,0
0,27.61431,0,0,0,270,0,0,0
0,27.6262,0,0,0,270,0,0,0
0,27.63663,0,0,0,270,0,0,0
0,27.64862,0,0,0,270,0,0,0
0,27.66744,0,0,0,270,0,0,0
0,27.68549,0,0,0,270,0,0,0
0,27.69571,0,0,0,270,0,0,0
0,27.70602,0,0,0,270,0,0,0
0,27.71614,0,0,0,270,0,0,0
0,27.72603,0,0,0,270,0,0,0
0,27.73659,0,0,0,270,0,0,0
0,27.74597,0,0,0,270,0,0,0
0,27.75768,0,0,0,270,0,0,0
0,27.76985,0,0,0,270,0,0,0
0,27.78135,0,0,0,270,0,0,0
0,27.79351,0,0,0,270,0,0,0
0,27.80694,0,0,0,270,0,0,0
0,27.81761,0,0,0,270,0,0,0
0,27.82944,0,0,0,270,0,0,0
0,27.84127,0,0,0,270,0,0,0
0,27.85065,0,0,0,270,0,0,0
0,27.8631,0,0,0,270,0,0,0
0,27.87424,0,0,0,270,0,0,0
0,27.88431,0,0,0,270,0,0,0
0,27.89524,0,0,0,270,0,0,0
0,27.90655,0,0,0,270,0,0,0
0,27.91709,0,0,0,270,0,0,0
0,27.92887,0,0,0,270,0,0,0
0,27.94175,0,0,0,270,0,0,0
0,27.95364,0,0,0,270,0,0,0
0,27.96338,0,0,0,270,0,0,0
0,27.97569,0,0,0,270,0,0,0
0,27.98796,0,0,0,270,0,0,0
0,27.99954,0,0,0,270,0,0,0
0,28.01152,0,0,0,270,0,0,0
0,28.02279,0,0,0,270,0,0,0
0,28.03484,0,0,0,270,0,0,0
0,28.04533,0,0,0,270,0,0,0
0,28.05685,0,0,0,270,0,0,0
0,28.06798,0,0,0,270,0,0,0
0,28.07887,0,0,0,270,0,0,0
0,28.08854,0,0,0,270,0,0,0
0,28.09808,0,0,0,270,0,0,0
0,28.10939,0,0,0,270,0,0,0
0,28.11908,0,0,0,270,0,0,0
0,28.13024,0,0,0,270,0,0,0
0,28.14087,0,0,0,270,0,0,0
0,28.15305,0,0,0,270,0,0,0
0,28.16437,0,0,0,270,0,0,0
0,28.17599,0,0,0,270,0,0,0
0,28.18752,0,0,0,270,0,0,0
0,28.19724,0,0,0,270,0,0,0
0,28.20998,0,0,0,270,0,0,0
0,28.2221,0,0,0,270,0,0,0
0,28.23394,0,0,0,270,0,0,0
0,28.24635,0,0,0,270,0,0,0
0,28.25603,0,0,0,270,0,0,0
0,28.26839,0,0,0,270,0,0,0
0,28.27896,0,0,0,270,0,0,0
0,28.29065,0,0,0,270,0,0,0
0,28.30384,0,0,0,270,0,0,0
0,28.31698,0,0,0,270,0,0,0
0,28.32735,0,0,0,270,0,0,0
0,28.33719,0,0,0,270,0,0,0
0,28.34756,0,0,0,270,0,0,0
0,28.35868,0,0,0,270,0,0,0
0,28.36977,0,0,0,270,0,0,0
0,28.3811,0,0,0,270,0,0,0
0,28.39291,0,0,0,270,0,0,0
0,28.40474,0,0,0,270,0,0,0
0,28.417,0,0,0,270,0,0,0
0,28.42889,0,0,0,270,0,0,0
0,28.44178,0,0,0,270,0,0,0
0,28.45366,0,0,0,270,0,0,0
0,28.46589,0,0,0,270,0,0,0
0,28.47757,0,0,0,270,0,0,0
0,28.48911,0,0,0,270,0,0,0
0,28.50169,0,0,0,270,0,0,0
0,28.51461,0,0,0,270,0,0,0
0,28.52665,0,0,0,270,0,0,0
0,28.54014,0,0,0,270,0,0,0
0,28.55319,0,0,0,270,0,0,0
0,28.56554,0,0,0,270,0,0,0
0,28.57888,0,0,0,270,0,0,0
0,28.59059,0,0,0,270,0,0,0
0,28.60389,0,0,0,270,0,0,0
0,28.6147,0,0,0,270,0,0,0
0,28.62817,0,0,0,270,0,0,0
0,28.63954,0,0,0,270,0,0,0
0,28.6515,0,0,0,270,0,0,0
0,28.66393,0,0,0,270,0,0,0
0,28.67434,0,0,0,270,0,0,0
0,28.68679,0,0,0,270,0,0,0
0,28.69512,0,0,0,270,0,0,0
0,28.70429,0,0,0,270,0,0,0
0,28.71381,0,0,0,270,0,0,0
0,28.72356,0,0,0,270,0,0,0
0,28.73247,0,0,0,270,0,0,0
0,28.74142,0,0,0,270,0,0,0
0,28.75171,0,0,0,270,0,0,0
0,28.7606,0,0,0,270,0,0,0
0,28.7692,0,0,0,270,0,0,0
0,28.77857,0,0,0,270,0,0,0
0,28.78716,0,0,0,270,0,0,0
0,28.79628,0,0,0,270,0,0,0
0,28.80725,0,0,0,270,0,0,0
0,28.81648,0,0,0,270,0,0,0
0,28.82548,0,0,0,270,0,0,0
0,28.83432,0,0,0,270,0,0,0
0,28.84381,0,0,0,270,0,0,0
0,28.85368,0,0,0,270,0,0,0
0,28.86267,0,0,0,270,0,0,0
0,28.87287,0,0,0,270,0,0,0
0,28.88193,0,0,0,270,0,0,0
0,28.89167,0,0,0,270,0,0,0
0,28.9015,0,0,0,270,0,0,0
0,28.91121,0,0,0,270,0,0,0
0,28.9204,0,0,0,270,0,0,0
0,28.9299,0,0,0,270,0,0,0
0,28.9394,0,0,0,270,0,0,0
0,28.94797,0,0,0,270,0,0,0
0,28.95905,0,0,0,270,0,0,0
0,28.96947,0,0,0,270,0,0,0
0,28.97902,0,0,0,270,0,0,0
0,28.98916,0,0,0,270,0,0,0
0,28.99915,0,0,0,270,0,0,0
0,29.0087,0,0,0,270,0,0,0
0,29.01786,0,0,0,270,0,0,0
0,29.02989,0,0,0,270,0,0,0
0,29.04007,0,0,0,270,0,0,0
0,29.0507,0,0,0,270,0,0,0
0,29.06139,0,0,0,270,0,0,0
0,29.0699,0,0,0,270,0,0,0
0,29.08079,0,0,0,270,0,0,0
0,29.09251,0,0,0,270,0,0,0
0,29.10215,0,0,0,270,0,0,0
0,29.11139,0,0,0,270,0,0,0
0,29.12063,0,0,0,270,0,0,0
0,29.13023,0,0,0,270,0,0,0
0,29.14121,0,0,0,270,0,0,0
0,29.15367,0,0,0,270,0,0,0
0,29.1678,0,0,0,270,0,0,0
0,29.17957,0,0,0,270,0,0,0
0,29.1913,0,0,0,270,0,0,0
0,29.20416,0,0,0,270,0,0,0
0,29.21665,0,0,0,270,0,0,0
0,29.22822,0,0,0,270,0,0,0
0,29.23952,0,0,0,270,0,0,0
0,29.25275,0,0,0,270,0,0,0
0,29.26701,0,0,0,270,0,0,0
0,29.28086,0,0,0,270,0,0,0
0,29.29551,0,0,0,270,0,0,0
0,29.30805,0,0,0,270,0,0,0
0,29.32374,0,0,0,270,0,0,0
0,29.33964,0,0,0,270,0,0,0
0,29.35322,0,0,0,270,0,0,0
0,29.36468,0,0,0,270,0,0,0
0,29.37753,0,0,0,270,0,0,0
0,29.39039,0,0,0,270,0,0,0
0,29.40325,0,0,0,270,0,0,0
0,29.41773,0,0,0,270,0,0,0
0,29.43088,0,0,0,270,0,0,0
0,29.44299,0,0,0,270,0,0,0
0,29.45454,0,0,0,270,0,0,0
0,29.46636,0,0,0,270,0,0,0
0,29.47798,0,0,0,270,0,0,0
0,29.49079,0,0,0,270,0,0,0
0,29.50267,0,0,0,270,0,0,0
0,29.51505,0,0,0,270,0,0,0
0,29.5261,0,0,0,270,0,0,0
0,29.53844,0,0,0,270,0,0,0
0,29.55073,0,0,0,270,0,0,0
0,29.56368,0,0,0,270,0,0,0
0,29.59348,0,0,0,270,0,0,0
0,29.60956,0,0,0,270,0,0,0
0,29.62378,0,0,0,270,0,0,0
0,29.64191,0,0,0,270,0,0,0
0,29.65371,0,0,0,270,0,0,0
0,29.66582,0,0,0,270,0,0,0
0,29.67791,0,0,0,270,0,0,0
0,29.69133,0,0,0,270,0,0,0
0,29.70727,0,0,0,270,0,0,0
0,29.72002,0,0,0,270,0,0,0
0,29.73244,0,0,0,270,0,0,0
0,29.74335,0,0,0,270,0,0,0
0,29.75529,0,0,0,270,0,0,0
0,29.76678,0,0,0,270,0,0,0
0,29.77999,0,0,0,270,0,0,0
0,29.79189,0,0,0,270,0,0,0
0,29.80461,0,0,0,270,0,0,0
0,29.81846,0,0,0,270,0,0,0
0,29.83155,0,0,0,270,0,0,0
0,29.84759,0,0,0,270,0,0,0
0,29.85935,0,0,0,270,0,0,0
0,29.87175,0,0,0,270,0,0,0
0,29.8849,0,0,0,270,0,0,0
0,29.8961,0,0,0,270,0,0,0
0,29.90759,0,0,0,270,0,0,0
0,29.91729,0,0,0,270,0,0,0
0,29.92593,0,0,0,270,0,0,0
0,29.93844,0,0,0,270,0,0,0
0,29.94726,0,0,0,270,0,0,0
0,29.95612,0,0,0,270,0,0,0
0,29.96666,0,0,0,270,0,0,0
0,29.97653,0,0,0,270,0,0,0
0,29.9864,0,0,0,270,0,0,0
0,29.9976,0,0,0,270,0,0,0
0,30.00727,0,0,0,270,0,0,0
0,30.01789,0,0,0,270,0,0,0
0,30.02716,0,0,0,270,0,0,0
0,30.04319,0,0,0,270,0,0,0
0,30.06012,0,0,0,270,0,0,0
0,30.07108,0,0,0,270,0,0,0
0,30.07975,0,0,0,270,0,0,0
0,30.08902,0,0,0,270,0,0,0
0,30.09807,0,0,0,270,0,0,0
0,30.10871,0,0,0,270,0,0,0
0,30.1189,0,0,0,270,0,0,0
0,30.13293,0,0,0,270,0,0,0
0,30.14611,0,0,0,270,0,0,0
0,30.15595,0,0,0,270,0,0,0
0,30.1646,0,0,0,270,0,0,0
0,30.17256,0,0,0,270,0,0,0
0,30.17994,0,0,0,270,0,0,0
0,30.18803,0,0,0,270,0,0,0
0,30.19587,0,0,0,270,0,0,0
0,30.20358,0,0,0,270,0,0,0
0,30.21131,0,0,0,270,0,0,0
0,30.21927,0,0,0,270,0,0,0
0,30.22734,0,0,0,270,0,0,0
0,30.23419,0,0,0,270,0,0,0
0,30.2442,0,0,0,270,0,0,0
0,30.25169,0,0,0,270,0,0,0
0,30.26093,0,0,0,270,0,0,0
0,30.26818,0,0,0,270,0,0,0
0,30.2784,0,0,0,270,0,0,0
0,30.28675,0,0,0,270,0,0,0
0,30.2953,0,0,0,270,0,0,0
0,30.30363,0,0,0,270,0,0,0
0,30.31234,0,0,0,270,0,0,0
0,30.32113,0,0,0,270,0,0,0
0,30.33057,0,0,0,270,0,0,0
0,30.33984,0,0,0,270,0,0,0
0,30.34974,0,0,0,270,0,0,0
0,30.36256,0,0,0,270,0,0,0
0,30.37382,0,0,0,270,0,0,0
0,30.3849,0,0,0,270,0,0,0
0,30.39562,0,0,0,270,0,0,0
0,30.4065,0,0,0,270,0,0,0
0,30.41752,0,0,0,270,0,0,0
0,30.42783,0,0,0,270,0,0,0
0,30.43761,0,0,0,270,0,0,0
0,30.44793,0,0,0,270,0,0,0
0,30.45856,0,0,0,270,0,0,0
0,30.47254,0,0,0,270,0,0,0
0,30.48447,0,0,0,270,0,0,0
0,30.49485,0,0,0,270,0,0,0
0,30.50551,0,0,0,270,0,0,0
0,30.51532,0,0,0,270,0,0,0
0,30.52559,0,0,0,270,0,0,0
0,30.53802,0,0,0,270,0,0,0
0,30.54898,0,0,0,270,0,0,0
0,30.55897,0,0,0,270,0,0,0
0,30.56903,0,0,0,270,0,0,0
0,30.58128,0,0,0,270,0,0,0
0,30.59246,0,0,0,270,0,0,0
0,30.60292,0,0,0,270,0,0,0
0,30.61429,0,0,0,270,0,0,0
0,30.62653,0,0,0,270,0,0,0
0,30.63671,0,0,0,270,0,0,0
0,30.64734,0,0,0,270,0,0,0
0,30.65876,0,0,0,270,0,0,0
0,30.66991,0,0,0,270,0,0,0
0,30.68013,0,0,0,270,0,0,0
0,30.69096,0,0,0,270,0,0,0
0,30.70348,0,0,0,270,0,0,0
0,30.71397,0,0,0,270,0,0,0
0,30.72646,0,0,0,270,0,0,0
0,30.73956,0,0,0,270,0,0,0
0,30.74986,0,0,0,270,0,0,0
0,30.76128,0,0,0,270,0,0,0
0,30.77016,0,0,0,270,0,0,0
0,30.78072,0,0,0,270,0,0,0
0,30.79139,0,0,0,270,0,0,0
0,30.80183,0,0,0,270,0,0,0
0,30.81225,0,0,0,270,0,0,0
0,30.82304,0,0,0,270,0,0,0
0,30.83297,0,0,0,270,0,0,0
0,30.84451,0,0,0,270,0,0,0
0,30.85654,0,0,0,270,0,0,0
0,30.86828,0,0,0,270,0,0,0
0,30.88083,0,0,0,270,0,0,0
0,30.89301,0,0,0,270,0,0,0
0,30.90594,0,0,0,270,0,0,0
0,30.91871,0,0,0,270,0,0,0
0,30.93327,0,0,0,270,0,0,0
0,30.94553,0,0,0,270,0,0,0
0,30.95669,0,0,0,270,0,0,0
0,30.96987,0,0,0,270,0,0,0
0,30.98109,0,0,0,270,0,0,0
0,30.99289,0,0,0,270,0,0,0
0,31.00637,0,0,0,270,0,0,0
0,31.01669,0,0,0,270,0,0,0
0,31.02836,0,0,0,270,0,0,0
0,31.03771,0,0,0,270,0,0,0
0,31.048,0,0,0,270,0,0,0
0,31.05798,0,0,0,270,0,0,0
0,31.06696,0,0,0,270,0,0,0
0,31.07792,0,0,0,270,0,0,0
0,31.08721,0,0,0,270,0,0,0
0,31.09608,0,0,0,270,0,0,0
0,31.10477,0,0,0,270,0,0,0
0,31.1129,0,0,0,270,0,0,0
0,31.12157,0,0,0,270,0,0,0
0,31.13125,0,0,0,270,0,0,0
0,31.14106,0,0,0,270,0,0,0
0,31.1488,0,0,0,270,0,0,0
0,31.158,0,0,0,270,0,0,0
0,31.16775,0,0,0,270,0,0,0
0,31.17606,0,0,0,270,0,0,0
0,31.1852,0,0,0,270,0,0,0
0,31.19287,0,0,0,270,0,0,0
0,31.20185,0,0,0,270,0,0,0
0,31.20968,0,0,0,270,0,0,0
0,31.21813,0,0,0,270,0,0,0
0,31.22505,0,0,0,270,0,0,0
0,31.23396,0,0,0,270,0,0,0
0,31.24175,0,0,0,270,0,0,0
0,31.25066,0,0,0,270,0,0,0
0,31.25841,0,0,0,270,0,0,0
0,31.26634,0,0,0,270,0,0,0
0,31.27477,0,0,0,270,0,0,0
0,31.28299,0,0,0,270,0,0,0
0,31.29086,0,0,0,270,0,0,0
0,31.3011,0,0,0,270,0,0,0
0,31.30908,0,0,0,270,0,0,0
0,31.3182,0,0,0,270,0,0,0
0,31.3264,0,0,0,270,0,0,0
0,31.33412,0,0,0,270,0,0,0
0,31.34237,0,0,0,270,0,0,0
0,31.35004,0,0,0,270,0,0,0
0,31.35761,0,0,0,270,0,0,0
0,31.36674,0,0,0,270,0,0,0
0,31.37711,0,0,0,270,0,0,0
0,31.38695,0,0,0,270,0,0,0
0,31.39585,0,0,0,270,0,0,0
0,31.40576,0,0,0,270,0,0,0
0,31.41385,0,0,0,270,0,0,0
0,31.42288,0,0,0,270,0,0,0
0,31.431,0,0,0,270,0,0,0
0,31.43977,0,0,0,270,0,0,0
0,31.44811,0,0,0,270,0,0,0
0,31.45679,0,0,0,270,0,0,0
0,31.46518,0,0,0,270,0,0,0
0,31.47328,0,0,0,270,0,0,0
0,31.48391,0,0,0,270,0,0,0
0,31.49295,0,0,0,270,0,0,0
0,31.50266,0,0,0,270,0,0,0
0,31.5116,0,0,0,270,0,0,0
0,31.52028,0,0,0,270,0,0,0
0,31.52855,0,0,0,270,0,0,0
0,31.53905,0,0,0,270,0,0,0
0,31.54693,0,0,0,270,0,0,0
0,31.55592,0,0,0,270,0,0,0
0,31.56506,0,0,0,270,0,0,0
0,31.57322,0,0,0,270,0,0,0
0,31.58088,0,0,0,270,0,0,0
0,31.59203,0,0,0,270,0,0,0
0,31.60163,0,0,0,270,0,0,0
0,31.61236,0,0,0,270,0,0,0
0,31.62435,0,0,0,270,0,0,0
0,31.6371,0,0,0,270,0,0,0
0,31.6484,0,0,0,270,0,0,0
0,31.6587,0,0,0,270,0,0,0
0,31.67042,0,0,0,270,0,0,0
0,31.679,0,0,0,270,0,0,0
0,31.68842,0,0,0,270,0,0,0
0,31.69964,0,0,0,270,0,0,0
0,31.71071,0,0,0,270,0,0,0
0,31.72416,0,0,0,270,0,0,0
0,31.7356,0,0,0,270,0,0,0
0,31.74906,0,0,0,270,0,0,0
0,31.76252,0,0,0,270,0,0,0
0,31.77287,0,0,0,270,0,0,0
0,31.78419,0,0,0,270,0,0,0
0,31.79493,0,0,0,270,0,0,0
0,31.80428,0,0,0,270,0,0,0
0,31.81505,0,0,0,270,0,0,0
0,31.82745,0,0,0,270,0,0,0
0,31.83782,0,0,0,270,0,0,0
0,31.84879,0,0,0,270,0,0,0
0,31.85997,0,0,0,270,0,0,0
0,31.87021,0,0,0,270,0,0,0
0,31.88247,0,0,0,270,0,0,0
0,31.89302,0,0,0,270,0,0,0
0,31.90318,0,0,0,270,0,0,0
0,31.91424,0,0,0,270,0,0,0
0,31.92589,0,0,0,270,0,0,0
0,31.93744,0,0,0,270,0,0,0
0,31.94894,0,0,0,270,0,0,0
0,31.95877,0,0,0,270,0,0,0
0,31.9697,0,0,0,270,0,0,0
0,31.98072,0,0,0,270,0,0,0
0,31.99057,0,0,0,270,0,0,0
0,32.00098,0,0,0,270,0,0,0
0,32.01419,0,0,0,270,0,0,0
0,32.02674,0,0,0,270,0,0,0
0,32.03764,0,0,0,270,0,0,0
0,32.04919,0,0,0,270,0,0,0
0,32.06225,0,0,0,270,0,0,0
0,32.07394,0,0,0,270,0,0,0
0,32.08469,0,0,0,270,0,0,0
0,32.09582,0,0,0,270,0,0,0
0,32.10817,0,0,0,270,0,0,0
0,32.12286,0,0,0,270,0,0,0
0,32.13486,0,0,0,270,0,0,0
0,32.14761,0,0,0,270,0,0,0
0,32.16884,0,0,0,270,0,0,0
0,32.19244,0,0,0,270,0,0,0
0,32.20383,0,0,0,270,0,0,0
0,32.21351,0,0,0,270,0,0,0
0,32.22404,0,0,0,270,0,0,0
0,32.2348,0,0,0,270,0,0,0
0,32.24529,0,0,0,270,0,0,0
0,32.25555,0,0,0,270,0,0,0
0,32.26531,0,0,0,270,0,0,0
0,32.27621,0,0,0,270,0,0,0
0,32.28524,0,0,0,270,0,0,0
0,32.29379,0,0,0,270,0,0,0
0,32.30238,0,0,0,270,0,0,0
0,32.31173,0,0,0,270,0,0,0
0,32.32071,0,0,0,270,0,0,0
0,32.32925,0,0,0,270,0,0,0
0,32.33767,0,0,0,270,0,0,0
0,32.34589,0,0,0,270,0,0,0
0,32.35391,0,0,0,270,0,0,0
0,32.36211,0,0,0,270,0,0,0
0,32.36992,0,0,0,270,0,0,0
0,32.37853,0,0,0,270,0,0,0
0,32.38708,0,0,0,270,0,0,0
0,32.39707,0,0,0,270,0,0,0
0,32.40765,0,0,0,270,0,0,0
0,32.41847,0,0,0,270,0,0,0
0,32.43027,0,0,0,270,0,0,0
0,32.44017,0,0,0,270,0,0,0
0,32.44879,0,0,0,270,0,0,0
0,32.45764,0,0,0,270,0,0,0
0,32.46673,0,0,0,270,0,0,0
0,32.47606,0,0,0,270,0,0,0
0,32.48433,0,0,0,270,0,0,0
0,32.49448,0,0,0,270,0,0,0
0,32.50346,0,0,0,270,0,0,0
0,32.51269,0,0,0,270,0,0,0
0,32.52125,0,0,0,270,0,0,0
0,32.53002,0,0,0,270,0,0,0
0,32.53715,0,0,0,270,0,0,0
0,32.54446,0,0,0,270,0,0,0
0,32.5519,0,0,0,270,0,0,0
0,32.56089,0,0,0,270,0,0,0
0,32.56926,0,0,0,270,0,0,0
0,32.57893,0,0,0,270,0,0,0
0,32.58767,0,0,0,270,0,0,0
0,32.59692,0,0,0,270,0,0,0
0,32.60437,0,0,0,270,0,0,0
0,32.61231,0,0,0,270,0,0,0
0,32.62084,0,0,0,270,0,0,0
0,32.62919,0,0,0,270,0,0,0
0,32.63647,0,0,0,270,0,0,0
0,32.64397,0,0,0,270,0,0,0
0,32.65181,0,0,0,270,0,0,0
0,32.66147,0,0,0,270,0,0,0
0,32.67054,0,0,0,270,0,0,0
0,32.67867,0,0,0,270,0,0,0
0,32.68827,0,0,0,270,0,0,0
0,32.69712,0,0,0,270,0,0,0
0,32.70503,0,0,0,270,0,0,0
0,32.71428,0,0,0,270,0,0,0
0,32.72237,0,0,0,270,0,0,0
0,32.73022,0,0,0,270,0,0,0
0,32.73982,0,0,0,270,0,0,0
0,32.74784,0,0,0,270,0,0,0
0,32.75628,0,0,0,270,0,0,0
0,32.76611,0,0,0,270,0,0,0
0,32.77719,0,0,0,270,0,0,0
0,32.78609,0,0,0,270,0,0,0
0,32.79665,0,0,0,270,0,0,0
0,32.80777,0,0,0,270,0,0,0
0,32.81784,0,0,0,270,0,0,0
0,32.82779,0,0,0,270,0,0,0
0,32.83766,0,0,0,270,0,0,0
0,32.84984,0,0,0,270,0,0,0
0,32.8593,0,0,0,270,0,0,0
0,32.86953,0,0,0,270,0,0,0
0,32.8801,0,0,0,270,0,0,0
0,32.89212,0,0,0,270,0,0,0
0,32.90377,0,0,0,270,0,0,0
0,32.91569,0,0,0,270,0,0,0
0,32.92673,0,0,0,270,0,0,0
0,32.93922,0,0,0,270,0,0,0
0,32.95097,0,0,0,270,0,0,0
0,32.96013,0,0,0,270,0,0,0
0,32.97048,0,0,0,270,0,0,0
0,32.98174,0,0,0,270,0,0,0
0,32.99267,0,0,0,270,0,0,0
0,33.0043,0,0,0,270,0,0,0
0,33.01617,0,0,0,270,0,0,0
0,33.02748,0,0,0,270,0,0,0
0,33.04057,0,0,0,270,0,0,0
0,33.05173,0,0,0,270,0,0,0
0,33.06326,0,0,0,270,0,0,0
0,33.07302,0,0,0,270,0,0,0
0,33.08546,0,0,0,270,0,0,0
0,33.0975,0,0,0,270,0,0,0
0,33.10925,0,0,0,270,0,0,0
0,33.11917,0,0,0,270,0,0,0
0,33.12862,0,0,0,270,0,0,0
0,33.1395,0,0,0,270,0,0,0
0,33.14861,0,0,0,270,0,0,0
0,33.15958,0,0,0,270,0,0,0
0,33.17154,0,0,0,270,0,0,0
0,33.18272,0,0,0,270,0,0,0
0,33.19445,0,0,0,270,0,0,0
0,33.20585,0,0,0,270,0,0,0
0,33.21704,0,0,0,270,0,0,0
0,33.22592,0,0,0,270,0,0,0
0,33.23658,0,0,0,270,0,0,0
0,33.24788,0,0,0,270,0,0,0
0,33.25772,0,0,0,270,0,0,0
0,33.26972,0,0,0,270,0,0,0
0,33.28193,0,0,0,270,0,0,0
0,33.29554,0,0,0,270,0,0,0
0,33.31132,0,0,0,270,0,0,0
0,33.32304,0,0,0,270,0,0,0
0,33.33632,0,0,0,270,0,0,0
0,33.35078,0,0,0,270,0,0,0
0,33.3628,0,0,0,270,0,0,0
0,33.37453,0,0,0,270,0,0,0
0,33.38657,0,0,0,270,0,0,0
0,33.39827,0,0,0,270,0,0,0
0,33.40967,0,0,0,270,0,0,0
0,33.42259,0,0,0,270,0,0,0
0,33.43542,0,0,0,270,0,0,0
0,33.44605,0,0,0,270,0,0,0
0,33.45644,0,0,0,270,0,0,0
0,33.46592,0,0,0,270,0,0,0
0,33.47533,0,0,0,270,0,0,0
0,33.4845,0,0,0,270,0,0,0
0,33.49377,0,0,0,270,0,0,0
0,33.50312,0,0,0,270,0,0,0
0,33.51263,0,0,0,270,0,0,0
0,33.52184,0,0,0,270,0,0,0
0,33.53214,0,0,0,270,0,0,0
0,33.54377,0,0,0,270,0,0,0
0,33.55533,0,0,0,270,0,0,0
0,33.5663,0,0,0,270,0,0,0
0,33.57557,0,0,0,270,0,0,0
0,33.58474,0,0,0,270,0,0,0
0,33.59273,0,0,0,270,0,0,0
0,33.60184,0,0,0,270,0,0,0
0,33.61129,0,0,0,270,0,0,0
0,33.62022,0,0,0,270,0,0,0
0,33.6286,0,0,0,270,0,0,0
0,33.63702,0,0,0,270,0,0,0
0,33.64597,0,0,0,270,0,0,0
0,33.65541,0,0,0,270,0,0,0
0,33.6632,0,0,0,270,0,0,0
0,33.67202,0,0,0,270,0,0,0
0,33.68111,0,0,0,270,0,0,0
0,33.69063,0,0,0,270,0,0,0
0,33.70041,0,0,0,270,0,0,0
0,33.70824,0,0,0,270,0,0,0
0,33.71967,0,0,0,270,0,0,0
0,33.72861,0,0,0,270,0,0,0
0,33.73674,0,0,0,270,0,0,0
0,33.74552,0,0,0,270,0,0,0
0,33.75457,0,0,0,270,0,0,0
0,33.76296,0,0,0,270,0,0,0
0,33.77,0,0,0,270,0,0,0
0,33.77885,0,0,0,270,0,0,0
0,33.78774,0,0,0,270,0,0,0
0,33.80043,0,0,0,270,0,0,0
0,33.81104,0,0,0,270,0,0,0
0,33.8196,0,0,0,270,0,0,0
0,33.82874,0,0,0,270,0,0,0
0,33.83904,0,0,0,270,0,0,0
0,33.84794,0,0,0,270,0,0,0
0,33.8573,0,0,0,270,0,0,0
0,33.86477,0,0,0,270,0,0,0
0,33.87488,0,0,0,270,0,0,0
0,33.88356,0,0,0,270,0,0,0
0,33.89107,0,0,0,270,0,0,0
0,33.89877,0,0,0,270,0,0,0
0,33.90829,0,0,0,270,0,0,0
0,33.91712,0,0,0,270,0,0,0
0,33.92519,0,0,0,270,0,0,0
0,33.93516,0,0,0,270,0,0,0
0,33.94345,0,0,0,270,0,0,0
0,33.95197,0,0,0,270,0,0,0
0,33.95948,0,0,0,270,0,0,0
0,33.96831,0,0,0,270,0,0,0
0,33.97618,0,0,0,270,0,0,0
0,33.98431,0,0,0,270,0,0,0
0,33.99509,0,0,0,270,0,0,0
0,34.00578,0,0,0,270,0,0,0
0,34.01517,0,0,0,270,0,0,0
0,34.02576,0,0,0,270,0,0,0
0,34.03739,0,0,0,270,0,0,0
0,34.04813,0,0,0,270,0,0,0
0,34.05981,0,0,0,270,0,0,0
0,34.07133,0,0,0,270,0,0,0
0,34.08236,0,0,0,270,0,0,0
0,34.09334,0,0,0,270,0,0,0
0,34.10623,0,0,0,270,0,0,0
0,34.11668,0,0,0,270,0,0,0
0,34.1287,0,0,0,270,0,0,0
0,34.13869,0,0,0,270,0,0,0
0,34.14839,0,0,0,270,0,0,0
0,34.16062,0,0,0,270,0,0,0
0,34.17259,0,0,0,270,0,0,0
0,34.18357,0,0,0,270,0,0,0
0,34.19465,0,0,0,270,0,0,0
0,34.20654,0,0,0,270,0,0,0
0,34.21859,0,0,0,270,0,0,0
0,34.23149,0,0,0,270,0,0,0
0,34.24508,0,0,0,270,0,0,0
0,34.2656,0,0,0,270,0,0,0
0,34.28864,0,0,0,270,0,0,0
0,34.30173,0,0,0,270,0,0,0
0,34.31363,0,0,0,270,0,0,0
0,34.32353,0,0,0,270,0,0,0
0,34.33478,0,0,0,270,0,0,0
0,34.34588,0,0,0,270,0,0,0
0,34.35838,0,0,0,270,0,0,0
0,34.37119,0,0,0,270,0,0,0
0,34.38343,0,0,0,270,0,0,0
0,34.39606,0,0,0,270,0,0,0
0,34.40742,0,0,0,270,0,0,0
0,34.41922,0,0,0,270,0,0,0
0,34.43054,0,0,0,270,0,0,0
0,34.44305,0,0,0,270,0,0,0
0,34.45621,0,0,0,270,0,0,0
0,34.46919,0,0,0,270,0,0,0
0,34.48133,0,0,0,270,0,0,0
0,34.49701,0,0,0,270,0,0,0
0,34.50943,0,0,0,270,0,0,0
0,34.52219,0,0,0,270,0,0,0
0,34.53587,0,0,0,270,0,0,0
0,34.54945,0,0,0,270,0,0,0
0,34.56379,0,0,0,270,0,0,0
0,34.57682,0,0,0,270,0,0,0
0,34.59088,0,0,0,270,0,0,0
0,34.603,0,0,0,270,0,0,0
0,34.61414,0,0,0,270,0,0,0
0,34.62603,0,0,0,270,0,0,0
0,34.6379,0,0,0,270,0,0,0
0,34.64893,0,0,0,270,0,0,0
0,34.65979,0,0,0,270,0,0,0
0,34.67152,0,0,0,270,0,0,0
0,34.6819,0,0,0,270,0,0,0
0,34.69153,0,0,0,270,0,0,0
0,34.70215,0,0,0,270,0,0,0
0,34.71423,0,0,0,270,0,0,0
0,34.72483,0,0,0,270,0,0,0
0,34.73703,0,0,0,270,0,0,0
0,34.74889,0,0,0,270,0,0,0
0,34.75833,0,0,0,270,0,0,0
0,34.76749,0,0,0,270,0,0,0
0,34.77691,0,0,0,270,0,0,0
0,34.78532,0,0,0,270,0,0,0
0,34.79457,0,0,0,270,0,0,0
0,34.80258,0,0,0,270,0,0,0
0,34.81336,0,0,0,270,0,0,0
0,34.82613,0,0,0,270,0,0,0
0,34.83643,0,0,0,270,0,0,0
0,34.84707,0,0,0,270,0,0,0
0,34.85677,0,0,0,270,0,0,0
0,34.86765,0,0,0,270,0,0,0
0,34.87627,0,0,0,270,0,0,0
0,34.88542,0,0,0,270,0,0,0
0,34.8945,0,0,0,270,0,0,0
0,34.90355,0,0,0,270,0,0,0
0,34.91221,0,0,0,270,0,0,0
0,34.92204,0,0,0,270,0,0,0
0,34.93097,0,0,0,270,0,0,0
0,34.9406,0,0,0,270,0,0,0
0,34.94962,0,0,0,270,0,0,0
0,34.95778,0,0,0,270,0,0,0
0,34.96732,0,0,0,270,0,0,0
0,34.978,0,0,0,270,0,0,0
0,34.98683,0,0,0,270,0,0,0
0,34.99601,0,0,0,270,0,0,0
0,35.00628,0,0,0,270,0,0,0
0,35.01525,0,0,0,270,0,0,0
0,35.0233,0,0,0,270,0,0,0
0,35.03295,0,0,0,270,0,0,0
0,35.04128,0,0,0,270,0,0,0
0,35.0518,0,0,0,270,0,0,0
0,35.06198,0,0,0,270,0,0,0
0,35.07058,0,0,0,270,0,0,0
0,35.08061,0,0,0,270,0,0,0
0,35.09078,0,0,0,270,0,0,0
0,35.09978,0,0,0,270,0,0,0
0,35.11059,0,0,0,270,0,0,0
0,35.12021,0,0,0,270,0,0,0
0,35.12915,0,0,0,270,0,0,0
0,35.13999,0,0,0,270,0,0,0
0,35.14875,0,0,0,270,0,0,0
0,35.15855,0,0,0,270,0,0,0
0,35.16812,0,0,0,270,0,0,0
0,35.17626,0,0,0,270,0,0,0
0,35.18567,0,0,0,270,0,0,0
0,35.19608,0,0,0,270,0,0,0
0,35.20757,0,0,0,270,0,0,0
0,35.21867,0,0,0,270,0,0,0
0,35.22955,0,0,0,270,0,0,0
0,35.24144,0,0,0,270,0,0,0
0,35.25269,0,0,0,270,0,0,0
0,35.26279,0,0,0,270,0,0,0
0,35.27246,0,0,0,270,0,0,0
0,35.28318,0,0,0,270,0,0,0
0,35.29303,0,0,0,270,0,0,0
0,35.30394,0,0,0,270,0,0,0
0,35.31616,0,0,0,270,0,0,0
0,35.32861,0,0,0,270,0,0,0
0,35.33976,0,0,0,270,0,0,0
0,35.35155,0,0,0,270,0,0,0
0,35.36254,0,0,0,270,0,0,0
0,35.37405,0,0,0,270,0,0,0
0,35.3846,0,0,0,270,0,0,0
0,35.3957,0,0,0,270,0,0,0
0,35.40752,0,0,0,270,0,0,0
0,35.41901,0,0,0,270,0,0,0
0,35.43097,0,0,0,270,0,0,0
0,35.44209,0,0,0,270,0,0,0
0,35.45406,0,0,0,270,0,0,0
0,35.46499,0,0,0,270,0,0,0
0,35.47776,0,0,0,270,0,0,0
0,35.48952,0,0,0,270,0,0,0
0,35.50094,0,0,0,270,0,0,0
0,35.51236,0,0,0,270,0,0,0
0,35.52347,0,0,0,270,0,0,0
0,35.5363,0,0,0,270,0,0,0
0,35.5484,0,0,0,270,0,0,0
0,35.56044,0,0,0,270,0,0,0
0,35.57132,0,0,0,270,0,0,0
0,35.5826,0,0,0,270,0,0,0
0,35.59469,0,0,0,270,0,0,0
0,35.60722,0,0,0,270,0,0,0
0,35.62027,0,0,0,270,0,0,0
0,35.63094,0,0,0,270,0,0,0
0,35.64235,0,0,0,270,0,0,0
0,35.65292,0,0,0,270,0,0,0
0,35.66257,0,0,0,270,0,0,0
0,35.67629,0,0,0,270,0,0,0
0,35.6874,0,0,0,270,0,0,0
0,35.69922,0,0,0,270,0,0,0
0,35.71082,0,0,0,270,0,0,0
0,35.72294,0,0,0,270,0,0,0
0,35.73604,0,0,0,270,0,0,0
0,35.74914,0,0,0,270,0,0,0
0,35.76355,0,0,0,270,0,0,0
0,35.77695,0,0,0,270,0,0,0
0,35.7877,0,0,0,270,0,0,0
0,35.80025,0,0,0,270,0,0,0
0,35.81312,0,0,0,270,0,0,0
0,35.8253,0,0,0,270,0,0,0
0,35.83573,0,0,0,270,0,0,0
0,35.84858,0,0,0,270,0,0,0
0,35.86161,0,0,0,270,0,0,0
0,35.87221,0,0,0,270,0,0,0
0,35.88338,0,0,0,270,0,0,0
0,35.89453,0,0,0,270,0,0,0
0,35.90427,0,0,0,270,0,0,0
0,35.9137,0,0,0,270,0,0,0
0,35.92196,0,0,0,270,0,0,0
0,35.93122,0,0,0,270,0,0,0
0,35.93986,0,0,0,270,0,0,0
0,35.95012,0,0,0,270,0,0,0
0,35.95905,0,0,0,270,0,0,0
0,35.96824,0,0,0,270,0,0,0
0,35.97583,0,0,0,270,0,0,0
0,35.98411,0,0,0,270,0,0,0
0,35.99216,0,0,0,270,0,0,0
0,36.00111,0,0,0,270,0,0,0
0,36.00962,0,0,0,270,0,0,0
0,36.01868,0,0,0,270,0,0,0
0,36.02732,0,0,0,270,0,0,0
0,36.03556,0,0,0,270,0,0,0
0,36.04436,0,0,0,270,0,0,0
0,36.05461,0,0,0,270,0,0,0
0,36.06281,0,0,0,270,0,0,0
0,36.07177,0,0,0,270,0,0,0
0,36.07993,0,0,0,270,0,0,0
0,36.08842,0,0,0,270,0,0,0
0,36.09611,0,0,0,270,0,0,0
0,36.10598,0,0,0,270,0,0,0
0,36.11382,0,0,0,270,0,0,0
0,36.12537,0,0,0,270,0,0,0
0,36.13374,0,0,0,270,0,0,0
0,36.1423,0,0,0,270,0,0,0
0,36.15199,0,0,0,270,0,0,0
0,36.16072,0,0,0,270,0,0,0
0,36.16937,0,0,0,270,0,0,0
0,36.17808,0,0,0,270,0,0,0
0,36.18625,0,0,0,270,0,0,0
0,36.19451,0,0,0,270,0,0,0
0,36.20295,0,0,0,270,0,0,0
0,36.2112,0,0,0,270,0,0,0
0,36.22035,0,0,0,270,0,0,0
0,36.2301,0,0,0,270,0,0,0
0,36.23873,0,0,0,270,0,0,0
0,36.24984,0,0,0,270,0,0,0
0,36.2588,0,0,0,270,0,0,0
0,36.26733,0,0,0,270,0,0,0
0,36.27645,0,0,0,270,0,0,0
0,36.28456,0,0,0,270,0,0,0
0,36.29272,0,0,0,270,0,0,0
0,36.30032,0,0,0,270,0,0,0
0,36.30907,0,0,0,270,0,0,0
0,36.31795,0,0,0,270,0,0,0
0,36.32646,0,0,0,270,0,0,0
0,36.33437,0,0,0,270,0,0,0
0,36.34275,0,0,0,270,0,0,0
0,36.35147,0,0,0,270,0,0,0
0,36.36045,0,0,0,270,0,0,0
0,36.36769,0,0,0,270,0,0,0
0,36.37556,0,0,0,270,0,0,0
0,36.38316,0,0,0,270,0,0,0
0,36.39094,0,0,0,270,0,0,0
0,36.39927,0,0,0,270,0,0,0
0,36.40966,0,0,0,270,0,0,0
0,36.42232,0,0,0,270,0,0,0
0,36.43372,0,0,0,270,0,0,0
0,36.44418,0,0,0,270,0,0,0
0,36.46538,0,0,0,270,0,0,0
0,36.48002,0,0,0,270,0,0,0
0,36.49405,0,0,0,270,0,0,0
0,36.51067,0,0,0,270,0,0,0
0,36.52775,0,0,0,270,0,0,0
0,36.54316,0,0,0,270,0,0,0
0,36.55992,0,0,0,270,0,0,0
0,36.57727,0,0,0,270,0,0,0
0,36.59428,0,0,0,270,0,0,0
0,36.61213,0,0,0,270,0,0,0
0,36.63323,0,0,0,270,0,0,0
0,36.64485,0,0,0,270,0,0,0
0,36.65628,0,0,0,270,0,0,0
0,36.66782,0,0,0,270,0,0,0
0,36.67878,0,0,0,270,0,0,0
0,36.69065,0,0,0,270,0,0,0
0,36.7012,0,0,0,270,0,0,0
0,36.71319,0,0,0,270,0,0,0
0,36.72322,0,0,0,270,0,0,0
0,36.73479,0,0,0,270,0,0,0
0,36.74668,0,0,0,270,0,0,0
0,36.7597,0,0,0,270,0,0,0
0,36.77089,0,0,0,270,0,0,0
0,36.78207,0,0,0,270,0,0,0
0,36.79379,0,0,0,270,0,0,0
0,36.80445,0,0,0,270,0,0,0
0,36.81553,0,0,0,270,0,0,0
0,36.8269,0,0,0,270,0,0,0
0,36.83799,0,0,0,270,0,0,0
0,36.84844,0,0,0,270,0,0,0
0,36.86049,0,0,0,270,0,0,0
0,36.87465,0,0,0,270,0,0,0
0,36.88694,0,0,0,270,0,0,0
0,36.89818,0,0,0,270,0,0,0
0,36.90832,0,0,0,270,0,0,0
0,36.92215,0,0,0,270,0,0,0
0,36.93344,0,0,0,270,0,0,0
0,36.94566,0,0,0,270,0,0,0
0,36.95705,0,0,0,270,0,0,0
0,36.96914,0,0,0,270,0,0,0
0,36.98242,0,0,0,270,0,0,0
0,36.99473,0,0,0,270,0,0,0
0,37.00963,0,0,0,270,0,0,0
0,37.02436,0,0,0,270,0,0,0
0,37.03648,0,0,0,270,0,0,0
0,37.04926,0,0,0,270,0,0,0
0,37.06225,0,0,0,270,0,0,0
0,37.0742,0,0,0,270,0,0,0
0,37.08584,0,0,0,270,0,0,0
0,37.09788,0,0,0,270,0,0,0
0,37.10879,0,0,0,270,0,0,0
0,37.12127,0,0,0,270,0,0,0
0,37.13493,0,0,0,270,0,0,0
0,37.14632,0,0,0,270,0,0,0
0,37.15528,0,0,0,270,0,0,0
0,37.16423,0,0,0,270,0,0,0
0,37.17334,0,0,0,270,0,0,0
0,37.18136,0,0,0,270,0,0,0
0,37.18994,0,0,0,270,0,0,0
0,37.19909,0,0,0,270,0,0,0
0,37.20732,0,0,0,270,0,0,0
0,37.21637,0,0,0,270,0,0,0
0,37.22426,0,0,0,270,0,0,0
0,37.23209,0,0,0,270,0,0,0
0,37.23985,0,0,0,270,0,0,0
0,37.24768,0,0,0,270,0,0,0
0,37.25538,0,0,0,270,0,0,0
0,37.26427,0,0,0,270,0,0,0
0,37.27396,0,0,0,270,0,0,0
0,37.28283,0,0,0,270,0,0,0
0,37.29109,0,0,0,270,0,0,0
0,37.30174,0,0,0,270,0,0,0
0,37.31031,0,0,0,270,0,0,0
0,37.31929,0,0,0,270,0,0,0
0,37.32755,0,0,0,270,0,0,0
0,37.33538,0,0,0,270,0,0,0
0,37.34445,0,0,0,270,0,0,0
0,37.35236,0,0,0,270,0,0,0
0,37.3598,0,0,0,270,0,0,0
0,37.36738,0,0,0,270,0,0,0
0,37.37669,0,0,0,270,0,0,0
0,37.38527,0,0,0,270,0,0,0
0,37.39299,0,0,0,270,0,0,0
0,37.40191,0,0,0,270,0,0,0
0,37.41093,0,0,0,270,0,0,0
0,37.42078,0,0,0,270,0,0,0
0,37.42946,0,0,0,270,0,0,0
0,37.43971,0,0,0,270,0,0,0
0,37.44944,0,0,0,270,0,0,0
0,37.4572,0,0,0,270,0,0,0
0,37.46626,0,0,0,270,0,0,0
0,37.47594,0,0,0,270,0,0,0
0,37.48486,0,0,0,270,0,0,0
0,37.49297,0,0,0,270,0,0,0
0,37.50246,0,0,0,270,0,0,0
0,37.51052,0,0,0,270,0,0,0
0,37.51977,0,0,0,270,0,0,0
0,37.53043,0,0,0,270,0,0,0
0,37.5407,0,0,0,270,0,0,0
0,37.55065,0,0,0,270,0,0,0
0,37.56014,0,0,0,270,0,0,0
0,37.56915,0,0,0,270,0,0,0
0,37.57939,0,0,0,270,0,0,0
0,37.58777,0,0,0,270,0,0,0
0,37.59589,0,0,0,270,0,0,0
0,37.60532,0,0,0,270,0,0,0
0,37.61533,0,0,0,270,0,0,0
0,37.62546,0,0,0,270,0,0,0
0,37.63685,0,0,0,270,0,0,0
0,37.64917,0,0,0,270,0,0,0
0,37.65924,0,0,0,270,0,0,0
0,37.67023,0,0,0,270,0,0,0
0,37.68087,0,0,0,270,0,0,0
0,37.69096,0,0,0,270,0,0,0
0,37.70253,0,0,0,270,0,0,0
0,37.71288,0,0,0,270,0,0,0
0,37.72257,0,0,0,270,0,0,0
0,37.73302,0,0,0,270,0,0,0
0,37.74379,0,0,0,270,0,0,0
0,37.75385,0,0,0,270,0,0,0
0,37.7639,0,0,0,270,0,0,0
0,37.77422,0,0,0,270,0,0,0
0,37.78621,0,0,0,270,0,0,0
0,37.79819,0,0,0,270,0,0,0
0,37.81037,0,0,0,270,0,0,0
0,37.82227,0,0,0,270,0,0,0
0,37.83407,0,0,0,270,0,0,0
0,37.84579,0,0,0,270,0,0,0
0,37.85855,0,0,0,270,0,0,0
0,37.86882,0,0,0,270,0,0,0
0,37.87922,0,0,0,270,0,0,0
0,37.89198,0,0,0,270,0,0,0
0,37.90662,0,0,0,270,0,0,0
0,37.91799,0,0,0,270,0,0,0
0,37.92902,0,0,0,270,0,0,0
0,37.94089,0,0,0,270,0,0,0
0,37.95195,0,0,0,270,0,0,0
0,37.96226,0,0,0,270,0,0,0
0,37.97309,0,0,0,270,0,0,0
0,37.98318,0,0,0,270,0,0,0
0,37.99241,0,0,0,270,0,0,0
0,38.00426,0,0,0,270,0,0,0
0,38.01716,0,0,0,270,0,0,0
0,38.02752,0,0,0,270,0,0,0
0,38.03912,0,0,0,270,0,0,0
0,38.05216,0,0,0,270,0,0,0
0,38.0636,0,0,0,270,0,0,0
0,38.07503,0,0,0,270,0,0,0
0,38.08646,0,0,0,270,0,0,0
0,38.09769,0,0,0,270,0,0,0
0,38.10941,0,0,0,270,0,0,0
0,38.12023,0,0,0,270,0,0,0
0,38.13118,0,0,0,270,0,0,0
0,38.1455,0,0,0,270,0,0,0
0,38.16272,0,0,0,270,0,0,0
0,38.17468,0,0,0,270,0,0,0
0,38.1874,0,0,0,270,0,0,0
0,38.20008,0,0,0,270,0,0,0
0,38.21229,0,0,0,270,0,0,0
0,38.22449,0,0,0,270,0,0,0
0,38.23708,0,0,0,270,0,0,0
0,38.25359,0,0,0,270,0,0,0
0,38.26629,0,0,0,270,0,0,0
0,38.27839,0,0,0,270,0,0,0
0,38.2911,0,0,0,270,0,0,0
0,38.303,0,0,0,270,0,0,0
0,38.31703,0,0,0,270,0,0,0
0,38.32808,0,0,0,270,0,0,0
0,38.33748,0,0,0,270,0,0,0
0,38.34688,0,0,0,270,0,0,0
0,38.35629,0,0,0,270,0,0,0
0,38.36483,0,0,0,270,0,0,0
0,38.37509,0,0,0,270,0,0,0
0,38.38365,0,0,0,270,0,0,0
0,38.3922,0,0,0,270,0,0,0
0,38.40145,0,0,0,270,0,0,0
0,38.41011,0,0,0,270,0,0,0
0,38.42078,0,0,0,270,0,0,0
0,38.42998,0,0,0,270,0,0,0
0,38.43962,0,0,0,270,0,0,0
0,38.44759,0,0,0,270,0,0,0
0,38.45555,0,0,0,270,0,0,0
0,38.46523,0,0,0,270,0,0,0
0,38.47373,0,0,0,270,0,0,0
0,38.48159,0,0,0,270,0,0,0
0,38.49019,0,0,0,270,0,0,0
0,38.49849,0,0,0,270,0,0,0
0,38.50635,0,0,0,270,0,0,0
0,38.51485,0,0,0,270,0,0,0
0,38.52338,0,0,0,270,0,0,0
0,38.53128,0,0,0,270,0,0,0
0,38.54095,0,0,0,270,0,0,0
0,38.55162,0,0,0,270,0,0,0
0,38.56162,0,0,0,270,0,0,0
0,38.5687,0,0,0,270,0,0,0
0,38.57835,0,0,0,270,0,0,0
0,38.58821,0,0,0,270,0,0,0
0,38.59702,0,0,0,270,0,0,0
0,38.60664,0,0,0,270,0,0,0
0,38.61516,0,0,0,270,0,0,0
0,38.62463,0,0,0,270,0,0,0
0,38.63614,0,0,0,270,0,0,0
0,38.64555,0,0,0,270,0,0,0
0,38.65444,0,0,0,270,0,0,0
0,38.66293,0,0,0,270,0,0,0
0,38.67919,0,0,0,270,0,0,0
0,38.69302,0,0,0,270,0,0,0
0,38.70123,0,0,0,270,0,0,0
0,38.70976,0,0,0,270,0,0,0
0,38.71773,0,0,0,270,0,0,0
0,38.72501,0,0,0,270,0,0,0
0,38.7332,0,0,0,270,0,0,0
0,38.74117,0,0,0,270,0,0,0
0,38.74874,0,0,0,270,0,0,0
0,38.75737,0,0,0,270,0,0,0
0,38.765,0,0,0,270,0,0,0
0,38.77309,0,0,0,270,0,0,0
0,38.78078,0,0,0,270,0,0,0
0,38.78819,0,0,0,270,0,0,0
0,38.79821,0,0,0,270,0,0,0
0,38.8097,0,0,0,270,0,0,0
0,38.81797,0,0,0,270,0,0,0
0,38.82734,0,0,0,270,0,0,0
0,38.83503,0,0,0,270,0,0,0
0,38.84451,0,0,0,270,0,0,0
0,38.85349,0,0,0,270,0,0,0
0,38.86392,0,0,0,270,0,0,0
0,38.87693,0,0,0,270,0,0,0
0,38.8879,0,0,0,270,0,0,0
0,38.89914,0,0,0,270,0,0,0
0,38.90944,0,0,0,270,0,0,0
0,38.92242,0,0,0,270,0,0,0
0,38.93297,0,0,0,270,0,0,0
0,38.94347,0,0,0,270,0,0,0
0,38.95385,0,0,0,270,0,0,0
0,38.96447,0,0,0,270,0,0,0
0,38.97496,0,0,0,270,0,0,0
0,38.98614,0,0,0,270,0,0,0
0,38.99704,0,0,0,270,0,0,0
0,39.00703,0,0,0,270,0,0,0
0,39.0186,0,0,0,270,0,0,0
0,39.03048,0,0,0,270,0,0,0
0,39.04315,0,0,0,270,0,0,0
0,39.05648,0,0,0,270,0,0,0
0,39.0689,0,0,0,270,0,0,0
0,39.0817,0,0,0,270,0,0,0
0,39.09627,0,0,0,270,0,0,0
0,39.10893,0,0,0,270,0,0,0
0,39.12291,0,0,0,270,0,0,0
0,39.13637,0,0,0,270,0,0,0
0,39.14864,0,0,0,270,0,0,0
0,39.16002,0,0,0,270,0,0,0
0,39.17325,0,0,0,270,0,0,0
0,39.18668,0,0,0,270,0,0,0
0,39.19941,0,0,0,270,0,0,0
0,39.21201,0,0,0,270,0,0,0
0,39.22337,0,0,0,270,0,0,0
0,39.23603,0,0,0,270,0,0,0
0,39.24762,0,0,0,270,0,0,0
0,39.25896,0,0,0,270,0,0,0
0,39.27142,0,0,0,270,0,0,0
0,39.28394,0,0,0,270,0,0,0
0,39.29654,0,0,0,270,0,0,0
0,39.31192,0,0,0,270,0,0,0
0,39.32689,0,0,0,270,0,0,0
0,39.34126,0,0,0,270,0,0,0
0,39.3548,0,0,0,270,0,0,0
0,39.368,0,0,0,270,0,0,0
0,39.38227,0,0,0,270,0,0,0
0,39.39695,0,0,0,270,0,0,0
0,39.41277,0,0,0,270,0,0,0
0,39.42732,0,0,0,270,0,0,0
0,39.44124,0,0,0,270,0,0,0
0,39.45508,0,0,0,270,0,0,0
0,39.46887,0,0,0,270,0,0,0
0,39.48253,0,0,0,270,0,0,0
0,39.49674,0,0,0,270,0,0,0
0,39.50933,0,0,0,270,0,0,0
0,39.52251,0,0,0,270,0,0,0
0,39.53608,0,0,0,270,0,0,0
0,39.55049,0,0,0,270,0,0,0
0,39.56456,0,0,0,270,0,0,0
0,39.5785,0,0,0,270,0,0,0
0,39.59459,0,0,0,270,0,0,0
0,39.60714,0,0,0,270,0,0,0
0,39.61949,0,0,0,270,0,0,0
0,39.63058,0,0,0,270,0,0,0
0,39.64233,0,0,0,270,0,0,0
0,39.65565,0,0,0,270,0,0,0
0,39.66688,0,0,0,270,0,0,0
0,39.67812,0,0,0,270,0,0,0
0,39.6878,0,0,0,270,0,0,0
0,39.69822,0,0,0,270,0,0,0
0,39.70765,0,0,0,270,0,0,0
0,39.71819,0,0,0,270,0,0,0
0,39.72901,0,0,0,270,0,0,0
0,39.73719,0,0,0,270,0,0,0
0,39.74701,0,0,0,270,0,0,0
0,39.75533,0,0,0,270,0,0,0
0,39.76528,0,0,0,270,0,0,0
0,39.77398,0,0,0,270,0,0,0
0,39.78323,0,0,0,270,0,0,0
0,39.7925,0,0,0,270,0,0,0
0,39.80173,0,0,0,270,0,0,0
0,39.81114,0,0,0,270,0,0,0
0,39.82156,0,0,0,270,0,0,0
0,39.83163,0,0,0,270,0,0,0
0,39.84117,0,0,0,270,0,0,0
0,39.84991,0,0,0,270,0,0,0
0,39.86055,0,0,0,270,0,0,0
0,39.8698,0,0,0,270,0,0,0
0,39.8797,0,0,0,270,0,0,0
0,39.88974,0,0,0,270,0,0,0
0,39.89864,0,0,0,270,0,0,0
0,39.91084,0,0,0,270,0,0,0
0,39.92068,0,0,0,270,0,0,0
0,39.92912,0,0,0,270,0,0,0
0,39.94241,0,0,0,270,0,0,0
0,39.9534,0,0,0,270,0,0,0
0,39.96329,0,0,0,270,0,0,0
0,39.97218,0,0,0,270,0,0,0
0,39.98101,0,0,0,270,0,0,0
0,39.99002,0,0,0,270,0,0,0
0,39.99873,0,0,0,270,0,0,0
0,40.00723,0,0,0,270,0,0,0
0,40.01754,0,0,0,270,0,0,0
0,40.028,0,0,0,270,0,0,0
0,40.0359,0,0,0,270,0,0,0
0,40.04607,0,0,0,270,0,0,0
0,40.05549,0,0,0,270,0,0,0
0,40.06517,0,0,0,270,0,0,0
0,40.07613,0,0,0,270,0,0,0
0,40.086,0,0,0,270,0,0,0
0,40.09791,0,0,0,270,0,0,0
0,40.10923,0,0,0,270,0,0,0
0,40.11993,0,0,0,270,0,0,0
0,40.12927,0,0,0,270,0,0,0
0,40.14021,0,0,0,270,0,0,0
0,40.15297,0,0,0,270,0,0,0
0,40.16496,0,0,0,270,0,0,0
0,40.17702,0,0,0,270,0,0,0
0,40.19056,0,0,0,270,0,0,0
0,40.20367,0,0,0,270,0,0,0
0,40.21585,0,0,0,270,0,0,0
0,40.22893,0,0,0,270,0,0,0
0,40.24124,0,0,0,270,0,0,0
0,40.25159,0,0,0,270,0,0,0
0,40.26279,0,0,0,270,0,0,0
0,40.27417,0,0,0,270,0,0,0
0,40.28683,0,0,0,270,0,0,0
0,40.29943,0,0,0,270,0,0,0
0,40.31158,0,0,0,270,0,0,0
0,40.32258,0,0,0,270,0,0,0
0,40.33376,0,0,0,270,0,0,0
0,40.34644,0,0,0,270,0,0,0
0,40.36004,0,0,0,270,0,0,0
0,40.37232,0,0,0,270,0,0,0
0,40.38139,0,0,0,270,0,0,0
0,40.39239,0,0,0,270,0,0,0
0,40.4046,0,0,0,270,0,0,0
0,40.41575,0,0,0,270,0,0,0
0,40.42733,0,0,0,270,0,0,0
0,40.43993,0,0,0,270,0,0,0
0,40.45198,0,0,0,270,0,0,0
0,40.46313,0,0,0,270,0,0,0
0,40.47401,0,0,0,270,0,0,0
0,40.48679,0,0,0,270,0,0,0
0,40.49818,0,0,0,270,0,0,0
0,40.50881,0,0,0,270,0,0,0
0,40.51983,0,0,0,270,0,0,0
0,40.53102,0,0,0,270,0,0,0
0,40.54268,0,0,0,270,0,0,0
0,40.55494,0,0,0,270,0,0,0
0,40.56577,0,0,0,270,0,0,0
0,40.57627,0,0,0,270,0,0,0
0,40.58765,0,0,0,270,0,0,0
0,40.60056,0,0,0,270,0,0,0
0,40.61335,0,0,0,270,0,0,0
0,40.62384,0,0,0,270,0,0,0
0,40.63432,0,0,0,270,0,0,0
0,40.64583,0,0,0,270,0,0,0
0,40.6589,0,0,0,270,0,0,0
0,40.67254,0,0,0,270,0,0,0
0,40.6856,0,0,0,270,0,0,0
0,40.69814,0,0,0,270,0,0,0
0,40.70999,0,0,0,270,0,0,0
0,40.72233,0,0,0,270,0,0,0
0,40.73577,0,0,0,270,0,0,0
0,40.75021,0,0,0,270,0,0,0
0,40.76349,0,0,0,270,0,0,0
0,40.77837,0,0,0,270,0,0,0
0,40.78933,0,0,0,270,0,0,0
0,40.80095,0,0,0,270,0,0,0
0,40.81326,0,0,0,270,0,0,0
0,40.82437,0,0,0,270,0,0,0
0,40.83312,0,0,0,270,0,0,0
0,40.8448,0,0,0,270,0,0,0
0,40.85707,0,0,0,270,0,0,0
0,40.8666,0,0,0,270,0,0,0
0,40.87777,0,0,0,270,0,0,0
0,40.88655,0,0,0,270,0,0,0
0,40.89584,0,0,0,270,0,0,0
0,40.91545,0,0,0,270,0,0,0
0,40.92334,0,0,0,270,0,0,0
0,40.93162,0,0,0,270,0,0,0
0,40.94022,0,0,0,270,0,0,0
0,40.95044,0,0,0,270,0,0,0
0,40.95861,0,0,0,270,0,0,0
0,40.98324,0,0,0,270,0,0,0
0,41.0099,0,0,0,270,0,0,0
0,41.06409,0,0,0,270,0,0,0
0,41.14595,0,0,0,270,0,0,0
0,41.15614,0,0,0,270,0,0,0
0,41.1643,0,0,0,270,0,0,0
0,41.17199,0,0,0,270,0,0,0
0,41.18041,0,0,0,270,0,0,0
0,41.19002,0,0,0,270,0,0,0
0,41.19954,0,0,0,270,0,0,0
0,41.2085,0,0,0,270,0,0,0
0,41.22099,0,0,0,270,0,0,0
0,41.22936,0,0,0,270,0,0,0
0,41.23833,0,0,0,270,0,0,0
0,41.2465,0,0,0,270,0,0,0
0,41.25627,0,0,0,270,0,0,0
0,41.26443,0,0,0,270,0,0,0
0,41.27256,0,0,0,270,0,0,0
0,41.2808,0,0,0,270,0,0,0
0,41.28926,0,0,0,270,0,0,0
0,41.29712,0,0,0,270,0,0,0
0,41.30757,0,0,0,270,0,0,0
0,41.31684,0,0,0,270,0,0,0
0,41.32532,0,0,0,270,0,0,0
0,41.33435,0,0,0,270,0,0,0
0,41.34392,0,0,0,270,0,0,0
0,41.35196,0,0,0,270,0,0,0
0,41.36091,0,0,0,270,0,0,0
0,41.37109,0,0,0,270,0,0,0
0,41.38365,0,0,0,270,0,0,0
0,41.39393,0,0,0,270,0,0,0
0,41.40343,0,0,0,270,0,0,0
0,41.41475,0,0,0,270,0,0,0
0,41.42545,0,0,0,270,0,0,0
0,41.43698,0,0,0,270,0,0,0
0,41.44689,0,0,0,270,0,0,0
0,41.4567,0,0,0,270,0,0,0
0,41.46836,0,0,0,270,0,0,0
0,41.48062,0,0,0,270,0,0,0
0,41.49167,0,0,0,270,0,0,0
0,41.50264,0,0,0,270,0,0,0
0,41.51387,0,0,0,270,0,0,0
0,41.52448,0,0,0,270,0,0,0
0,41.5366,0,0,0,270,0,0,0
0,41.54823,0,0,0,270,0,0,0
0,41.56039,0,0,0,270,0,0,0
0,41.57243,0,0,0,270,0,0,0
0,41.58198,0,0,0,270,0,0,0
0,41.59227,0,0,0,270,0,0,0
0,41.605,0,0,0,270,0,0,0
0,41.61804,0,0,0,270,0,0,0
0,41.63114,0,0,0,270,0,0,0
0,41.64328,0,0,0,270,0,0,0
0,41.65556,0,0,0,270,0,0,0
0,41.66581,0,0,0,270,0,0,0
0,41.67695,0,0,0,270,0,0,0
0,41.68735,0,0,0,270,0,0,0
0,41.69973,0,0,0,270,0,0,0
0,41.71246,0,0,0,270,0,0,0
0,41.72532,0,0,0,270,0,0,0
0,41.7373,0,0,0,270,0,0,0
0,41.74885,0,0,0,270,0,0,0
0,41.7614,0,0,0,270,0,0,0
0,41.77339,0,0,0,270,0,0,0
0,41.78492,0,0,0,270,0,0,0
0,41.7953,0,0,0,270,0,0,0
0,41.80578,0,0,0,270,0,0,0
0,41.81493,0,0,0,270,0,0,0
0,41.82668,0,0,0,270,0,0,0
0,41.83776,0,0,0,270,0,0,0
0,41.84766,0,0,0,270,0,0,0
0,41.85939,0,0,0,270,0,0,0
0,41.87366,0,0,0,270,0,0,0
0,41.88861,0,0,0,270,0,0,0
0,41.90172,0,0,0,270,0,0,0
0,41.91473,0,0,0,270,0,0,0
0,41.9286,0,0,0,270,0,0,0
0,41.94156,0,0,0,270,0,0,0
0,41.95766,0,0,0,270,0,0,0
0,41.96869,0,0,0,270,0,0,0
0,41.98175,0,0,0,270,0,0,0
0,41.99482,0,0,0,270,0,0,0
0,42.00626,0,0,0,270,0,0,0
0,42.01806,0,0,0,270,0,0,0
0,42.03011,0,0,0,270,0,0,0
0,42.07626,0,0,0,270,0,0,0
0,42.09948,0,0,0,270,0,0,0
0,42.1089,0,0,0,270,0,0,0
0,42.1165,0,0,0,270,0,0,0
0,42.12415,0,0,0,270,0,0,0
0,42.13243,0,0,0,270,0,0,0
0,42.14146,0,0,0,270,0,0,0
0,42.15017,0,0,0,270,0,0,0
0,42.15866,0,0,0,270,0,0,0
0,42.1695,0,0,0,270,0,0,0
0,42.17839,0,0,0,270,0,0,0
0,42.18785,0,0,0,270,0,0,0
0,42.19763,0,0,0,270,0,0,0
0,42.20675,0,0,0,270,0,0,0
0,42.22155,0,0,0,270,0,0,0
0,42.23151,0,0,0,270,0,0,0
0,42.24263,0,0,0,270,0,0,0
0,42.25291,0,0,0,270,0,0,0
0,42.26211,0,0,0,270,0,0,0
0,42.26957,0,0,0,270,0,0,0
0,42.27768,0,0,0,270,0,0,0
0,42.28772,0,0,0,270,0,0,0
0,42.29802,0,0,0,270,0,0,0
0,42.30821,0,0,0,270,0,0,0
0,42.31723,0,0,0,270,0,0,0
0,42.32638,0,0,0,270,0,0,0
0,42.33443,0,0,0,270,0,0,0
0,42.34461,0,0,0,270,0,0,0
0,42.3527,0,0,0,270,0,0,0
0,42.36326,0,0,0,270,0,0,0
0,42.37201,0,0,0,270,0,0,0
0,42.38116,0,0,0,270,0,0,0
0,42.39262,0,0,0,270,0,0,0
0,42.40206,0,0,0,270,0,0,0
0,42.4114,0,0,0,270,0,0,0
0,42.42156,0,0,0,270,0,0,0
0,42.43169,0,0,0,270,0,0,0
0,42.44202,0,0,0,270,0,0,0
0,42.45057,0,0,0,270,0,0,0
0,42.45977,0,0,0,270,0,0,0
0,42.46918,0,0,0,270,0,0,0
0,42.47736,0,0,0,270,0,0,0
0,42.4854,0,0,0,270,0,0,0
0,42.49401,0,0,0,270,0,0,0
0,42.5019,0,0,0,270,0,0,0
0,42.51054,0,0,0,270,0,0,0
0,42.51943,0,0,0,270,0,0,0
0,42.52811,0,0,0,270,0,0,0
0,42.53846,0,0,0,270,0,0,0
0,42.54768,0,0,0,270,0,0,0
0,42.55757,0,0,0,270,0,0,0
0,42.5667,0,0,0,270,0,0,0
0,42.57775,0,0,0,270,0,0,0
0,42.58757,0,0,0,270,0,0,0
0,42.59787,0,0,0,270,0,0,0
0,42.60997,0,0,0,270,0,0,0
0,42.61912,0,0,0,270,0,0,0
0,42.63044,0,0,0,270,0,0,0
0,42.6426,0,0,0,270,0,0,0
0,42.65669,0,0,0,270,0,0,0
0,42.6674,0,0,0,270,0,0,0
0,42.67669,0,0,0,270,0,0,0
0,42.68896,0,0,0,270,0,0,0
0,42.7004,0,0,0,270,0,0,0
0,42.71344,0,0,0,270,0,0,0
0,42.72783,0,0,0,270,0,0,0
0,42.74056,0,0,0,270,0,0,0
0,42.75415,0,0,0,270,0,0,0
0,42.766,0,0,0,270,0,0,0
0,42.77664,0,0,0,270,0,0,0
0,42.78844,0,0,0,270,0,0,0
0,42.80025,0,0,0,270,0,0,0
0,42.81262,0,0,0,270,0,0,0
0,42.82432,0,0,0,270,0,0,0
0,42.83498,0,0,0,270,0,0,0
0,42.84768,0,0,0,270,0,0,0
0,42.86045,0,0,0,270,0,0,0
0,42.87197,0,0,0,270,0,0,0
0,42.88441,0,0,0,270,0,0,0
0,42.8968,0,0,0,270,0,0,0
0,42.90891,0,0,0,270,0,0,0
0,42.92212,0,0,0,270,0,0,0
0,42.93468,0,0,0,270,0,0,0
0,42.95461,0,0,0,270,0,0,0
0,42.97309,0,0,0,270,0,0,0
0,42.98438,0,0,0,270,0,0,0
0,42.9953,0,0,0,270,0,0,0
0,43.00619,0,0,0,270,0,0,0
0,43.0166,0,0,0,270,0,0,0
0,43.02952,0,0,0,270,0,0,0
0,43.04127,0,0,0,270,0,0,0
0,43.05538,0,0,0,270,0,0,0
0,43.06816,0,0,0,270,0,0,0
0,43.08087,0,0,0,270,0,0,0
0,43.09683,0,0,0,270,0,0,0
0,43.11286,0,0,0,270,0,0,0
0,43.12619,0,0,0,270,0,0,0
0,43.1424,0,0,0,270,0,0,0
0,43.15553,0,0,0,270,0,0,0
0,43.16949,0,0,0,270,0,0,0
0,43.18175,0,0,0,270,0,0,0
0,43.19623,0,0,0,270,0,0,0
0,43.20626,0,0,0,270,0,0,0
0,43.21795,0,0,0,270,0,0,0
0,43.22831,0,0,0,270,0,0,0
0,43.23835,0,0,0,270,0,0,0
0,43.24796,0,0,0,270,0,0,0
0,43.25863,0,0,0,270,0,0,0
0,43.26924,0,0,0,270,0,0,0
0,43.27852,0,0,0,270,0,0,0
0,43.28765,0,0,0,270,0,0,0
0,43.29771,0,0,0,270,0,0,0
0,43.30638,0,0,0,270,0,0,0
0,43.31631,0,0,0,270,0,0,0
0,43.32514,0,0,0,270,0,0,0
0,43.33382,0,0,0,270,0,0,0
0,43.34293,0,0,0,270,0,0,0
0,43.3522,0,0,0,270,0,0,0
0,43.36121,0,0,0,270,0,0,0
0,43.36932,0,0,0,270,0,0,0
0,43.37849,0,0,0,270,0,0,0
0,43.38757,0,0,0,270,0,0,0
0,43.39632,0,0,0,270,0,0,0
0,43.40713,0,0,0,270,0,0,0
0,43.41763,0,0,0,270,0,0,0
0,43.42772,0,0,0,270,0,0,0
0,43.43644,0,0,0,270,0,0,0
0,43.44505,0,0,0,270,0,0,0
0,43.45428,0,0,0,270,0,0,0
0,43.46259,0,0,0,270,0,0,0
0,43.47176,0,0,0,270,0,0,0
0,43.47947,0,0,0,270,0,0,0
0,43.48816,0,0,0,270,0,0,0
0,43.49708,0,0,0,270,0,0,0
0,43.50645,0,0,0,270,0,0,0
0,43.51516,0,0,0,270,0,0,0
0,43.52442,0,0,0,270,0,0,0
0,43.53284,0,0,0,270,0,0,0
0,43.54137,0,0,0,270,0,0,0
0,43.55007,0,0,0,270,0,0,0
0,43.55871,0,0,0,270,0,0,0
0,43.56824,0,0,0,270,0,0,0
0,43.57697,0,0,0,270,0,0,0
0,43.58799,0,0,0,270,0,0,0
0,43.59727,0,0,0,270,0,0,0
0,43.60708,0,0,0,270,0,0,0
0,43.61502,0,0,0,270,0,0,0
0,43.62463,0,0,0,270,0,0,0
0,43.63335,0,0,0,270,0,0,0
0,43.6428,0,0,0,270,0,0,0
0,43.6518,0,0,0,270,0,0,0
0,43.66166,0,0,0,270,0,0,0
0,43.67316,0,0,0,270,0,0,0
0,43.68134,0,0,0,270,0,0,0
0,43.69159,0,0,0,270,0,0,0
0,43.70266,0,0,0,270,0,0,0
0,43.71152,0,0,0,270,0,0,0
0,43.72227,0,0,0,270,0,0,0
0,43.73207,0,0,0,270,0,0,0
0,43.74182,0,0,0,270,0,0,0
0,43.75175,0,0,0,270,0,0,0
0,43.76273,0,0,0,270,0,0,0
0,43.77179,0,0,0,270,0,0,0
0,43.78031,0,0,0,270,0,0,0
0,43.79177,0,0,0,270,0,0,0
0,43.80291,0,0,0,270,0,0,0
0,43.81365,0,0,0,270,0,0,0
0,43.82444,0,0,0,270,0,0,0
0,43.83303,0,0,0,270,0,0,0
0,43.84457,0,0,0,270,0,0,0
0,43.85637,0,0,0,270,0,0,0
0,43.86717,0,0,0,270,0,0,0
0,43.87782,0,0,0,270,0,0,0
0,43.89075,0,0,0,270,0,0,0
0,43.90232,0,0,0,270,0,0,0
0,43.91493,0,0,0,270,0,0,0
0,43.92702,0,0,0,270,0,0,0
0,43.94064,0,0,0,270,0,0,0
0,43.9535,0,0,0,270,0,0,0
0,43.96612,0,0,0,270,0,0,0
0,43.97735,0,0,0,270,0,0,0
0,43.98943,0,0,0,270,0,0,0
0,44.00192,0,0,0,270,0,0,0
0,44.01435,0,0,0,270,0,0,0
0,44.02672,0,0,0,270,0,0,0
0,44.03791,0,0,0,270,0,0,0
0,44.0503,0,0,0,270,0,0,0
0,44.06246,0,0,0,270,0,0,0
0,44.07579,0,0,0,270,0,0,0
0,44.08697,0,0,0,270,0,0,0
0,44.09782,0,0,0,270,0,0,0
0,44.10927,0,0,0,270,0,0,0
0,44.12095,0,0,0,270,0,0,0
0,44.13139,0,0,0,270,0,0,0
0,44.14318,0,0,0,270,0,0,0
0,44.15516,0,0,0,270,0,0,0
0,44.16557,0,0,0,270,0,0,0
0,44.17773,0,0,0,270,0,0,0
0,44.19076,0,0,0,270,0,0,0
0,44.20795,0,0,0,270,0,0,0
0,44.22216,0,0,0,270,0,0,0
0,44.23776,0,0,0,270,0,0,0
0,44.25671,0,0,0,270,0,0,0
0,44.27023,0,0,0,270,0,0,0
0,44.29887,0,0,0,270,0,0,0
0,44.31741,0,0,0,270,0,0,0
0,44.334,0,0,0,270,0,0,0
0,44.352,0,0,0,270,0,0,0
0,44.37737,0,0,0,270,0,0,0
0,44.39839,0,0,0,270,0,0,0
0,44.42321,0,0,0,270,0,0,0
0,44.45824,0,0,0,270,0,0,0
0,44.48489,0,0,0,270,0,0,0
0,44.50468,0,0,0,270,0,0,0
0,44.51828,0,0,0,270,0,0,0
0,44.53789,0,0,0,270,0,0,0
0,44.55969,0,0,0,270,0,0,0
0,44.57703,0,0,0,270,0,0,0
0,44.58949,0,0,0,270,0,0,0
0,44.59907,0,0,0,270,0,0,0
0,44.61195,0,0,0,270,0,0,0
0,44.6241,0,0,0,270,0,0,0
0,44.63838,0,0,0,270,0,0,0
0,44.64761,0,0,0,270,0,0,0
0,44.65797,0,0,0,270,0,0,0
0,44.66828,0,0,0,270,0,0,0
0,44.67814,0,0,0,270,0,0,0
0,44.69194,0,0,0,270,0,0,0
0,44.70245,0,0,0,270,0,0,0
0,44.71416,0,0,0,270,0,0,0
0,44.72658,0,0,0,270,0,0,0
0,44.73639,0,0,0,270,0,0,0
0,44.74609,0,0,0,270,0,0,0
0,44.75548,0,0,0,270,0,0,0
0,44.76655,0,0,0,270,0,0,0
0,44.77821,0,0,0,270,0,0,0
0,44.78852,0,0,0,270,0,0,0
0,44.79821,0,0,0,270,0,0,0
0,44.808,0,0,0,270,0,0,0
0,44.81744,0,0,0,270,0,0,0
0,44.82826,0,0,0,270,0,0,0
0,44.8386,0,0,0,270,0,0,0
0,44.84822,0,0,0,270,0,0,0
0,44.8582,0,0,0,270,0,0,0
0,44.86623,0,0,0,270,0,0,0
0,44.87626,0,0,0,270,0,0,0
0,44.88951,0,0,0,270,0,0,0
0,44.90665,0,0,0,270,0,0,0
0,44.91743,0,0,0,270,0,0,0
0,44.92867,0,0,0,270,0,0,0
0,44.93954,0,0,0,270,0,0,0
0,44.952,0,0,0,270,0,0,0
0,44.96255,0,0,0,270,0,0,0
0,44.97943,0,0,0,270,0,0,0
0,44.99598,0,0,0,270,0,0,0
0,45.00601,0,0,0,270,0,0,0
0,45.01467,0,0,0,270,0,0,0
0,45.02365,0,0,0,270,0,0,0
0,45.03403,0,0,0,270,0,0,0
0,45.0429,0,0,0,270,0,0,0
0,45.05295,0,0,0,270,0,0,0
0,45.06471,0,0,0,270,0,0,0
0,45.07775,0,0,0,270,0,0,0
0,45.09274,0,0,0,270,0,0,0
0,45.11018,0,0,0,270,0,0,0
0,45.1246,0,0,0,270,0,0,0
0,45.13739,0,0,0,270,0,0,0
0,45.14939,0,0,0,270,0,0,0
0,45.16097,0,0,0,270,0,0,0
0,45.1736,0,0,0,270,0,0,0
0,45.18642,0,0,0,270,0,0,0
0,45.2007,0,0,0,270,0,0,0
0,45.21235,0,0,0,270,0,0,0
0,45.22382,0,0,0,270,0,0,0
0,45.23735,0,0,0,270,0,0,0
0,45.25092,0,0,0,270,0,0,0
0,45.27195,0,0,0,270,0,0,0
0,45.2861,0,0,0,270,0,0,0
0,45.30695,0,0,0,270,0,0,0
0,45.34429,0,0,0,270,0,0,0
0,45.37108,0,0,0,270,0,0,0
0,45.3873,0,0,0,270,0,0,0
0,45.40753,0,0,0,270,0,0,0
0,45.43048,0,0,0,270,0,0,0
0,45.45615,0,0,0,270,0,0,0
0,45.47609,0,0,0,270,0,0,0
0,45.49772,0,0,0,270,0,0,0
0,45.51414,0,0,0,270,0,0,0
0,45.52883,0,0,0,270,0,0,0
0,45.54856,0,0,0,270,0,0,0
0,45.56603,0,0,0,270,0,0,0
0,45.59045,0,0,0,270,0,0,0
0,45.60717,0,0,0,270,0,0,0
0,45.62157,0,0,0,270,0,0,0
0,45.63525,0,0,0,270,0,0,0
0,45.64859,0,0,0,270,0,0,0
0,45.66282,0,0,0,270,0,0,0
0,45.67554,0,0,0,270,0,0,0
0,45.68855,0,0,0,270,0,0,0
0,45.70104,0,0,0,270,0,0,0
0,45.71514,0,0,0,270,0,0,0
0,45.72865,0,0,0,270,0,0,0
0,45.74195,0,0,0,270,0,0,0
0,45.75611,0,0,0,270,0,0,0
0,45.76976,0,0,0,270,0,0,0
0,45.78043,0,0,0,270,0,0,0
0,45.79241,0,0,0,270,0,0,0
0,45.80234,0,0,0,270,0,0,0
0,45.81248,0,0,0,270,0,0,0
0,45.82092,0,0,0,270,0,0,0
0,45.83079,0,0,0,270,0,0,0
0,45.84102,0,0,0,270,0,0,0
0,45.85097,0,0,0,270,0,0,0
0,45.86149,0,0,0,270,0,0,0
0,45.87072,0,0,0,270,0,0,0
0,45.88007,0,0,0,270,0,0,0
0,45.89141,0,0,0,270,0,0,0
0,45.90098,0,0,0,270,0,0,0
0,45.90959,0,0,0,270,0,0,0
0,45.91929,0,0,0,270,0,0,0
0,45.92746,0,0,0,270,0,0,0
0,45.93557,0,0,0,270,0,0,0
0,45.94378,0,0,0,270,0,0,0
0,45.95406,0,0,0,270,0,0,0
0,45.96494,0,0,0,270,0,0,0
0,45.97412,0,0,0,270,0,0,0
0,45.98492,0,0,0,270,0,0,0
0,45.99447,0,0,0,270,0,0,0
0,46.0024,0,0,0,270,0,0,0
0,46.01136,0,0,0,270,0,0,0
0,46.02153,0,0,0,270,0,0,0
0,46.03138,0,0,0,270,0,0,0
0,46.03967,0,0,0,270,0,0,0
0,46.04862,0,0,0,270,0,0,0
0,46.05763,0,0,0,270,0,0,0
0,46.06589,0,0,0,270,0,0,0
0,46.07605,0,0,0,270,0,0,0
0,46.08512,0,0,0,270,0,0,0
0,46.09613,0,0,0,270,0,0,0
0,46.10812,0,0,0,270,0,0,0
0,46.11982,0,0,0,270,0,0,0
0,46.12943,0,0,0,270,0,0,0
0,46.13973,0,0,0,270,0,0,0
0,46.14844,0,0,0,270,0,0,0
0,46.15739,0,0,0,270,0,0,0
0,46.16557,0,0,0,270,0,0,0
0,46.17349,0,0,0,270,0,0,0
0,46.18167,0,0,0,270,0,0,0
0,46.18957,0,0,0,270,0,0,0
0,46.19877,0,0,0,270,0,0,0
0,46.20741,0,0,0,270,0,0,0
0,46.21536,0,0,0,270,0,0,0
0,46.22363,0,0,0,270,0,0,0
0,46.23401,0,0,0,270,0,0,0
0,46.24465,0,0,0,270,0,0,0
0,46.25763,0,0,0,270,0,0,0
0,46.2683,0,0,0,270,0,0,0
0,46.27856,0,0,0,270,0,0,0
0,46.29003,0,0,0,270,0,0,0
0,46.30059,0,0,0,270,0,0,0
0,46.31174,0,0,0,270,0,0,0
0,46.32305,0,0,0,270,0,0,0
0,46.33665,0,0,0,270,0,0,0
0,46.34865,0,0,0,270,0,0,0
0,46.36111,0,0,0,270,0,0,0
0,46.37312,0,0,0,270,0,0,0
0,46.38321,0,0,0,270,0,0,0
0,46.39565,0,0,0,270,0,0,0
0,46.40624,0,0,0,270,0,0,0
0,46.41845,0,0,0,270,0,0,0
0,46.42997,0,0,0,270,0,0,0
0,46.44197,0,0,0,270,0,0,0
0,46.4548,0,0,0,270,0,0,0
0,46.46704,0,0,0,270,0,0,0
0,46.4796,0,0,0,270,0,0,0
0,46.49271,0,0,0,270,0,0,0
6,46.51394,0,0,0,270,0,0,0
6,46.53115,0,0,0,270,0,0,0
6,46.54401,0,0,0,60.01836,-2.6,0,1.5
6,46.556,0,0,0,60.01836,-2.6,0,1.5
6,46.56696,0,0,0,60.01836,-2.6,0,1.5
6,46.57935,0,0,0,60.01836,-2.6,0,1.5
6,46.59102,0,0,0,60.01836,-2.6,0,1.5
6,46.60313,0,0,0,60.01836,-2.6,0,1.5
6,46.6171,0,0,0,60.01836,-2.6,0,1.5
6,46.62903,0,0,0,60.01836,-2.6,0,1.5
6,46.64188,0,0,0,60.01836,-2.6,0,1.5
6,46.65385,0,0,0,60.01836,-2.6,0,1.5
6,46.66965,0,0,0,60.01836,-2.6,0,1.5
6,46.68969,0,0,0,60.01836,-2.6,0,1.5
6,46.70814,0,0,0,60.01836,-2.6,0,1.5
6,46.72079,0,0,0,60.01836,-2.6,0,1.5
6,46.73336,0,0,0,60.01836,-2.6,0,1.5
6,46.74683,0,0,0,60.01836,-2.6,0,1.5
6,46.75964,0,0,0,60.01836,-2.6,0,1.5
6,46.77436,0,0,0,60.01836,-2.6,0,1.5
6,46.78716,0,0,0,60.01836,-2.6,0,1.5
6,46.80524,0,0,0,60.01836,-2.6,0,1.5
6,46.81969,0,0,0,60.01836,-2.6,0,1.5
6,46.83469,0,0,0,60.01836,-2.6,0,1.5
6,46.84785,0,0,0,60.01836,-2.6,0,1.5
6,46.86035,0,0,0,60.01836,-2.6,0,1.5
6,46.87294,0,0,0,60.01836,-2.6,0,1.5
6,46.88437,0,0,0,60.01836,-2.6,0,1.5
6,46.89508,0,0,0,60.01836,-2.6,0,1.5
6,46.90537,0,0,0,60.01836,-2.6,0,1.5
6,46.91431,0,0,0,60.01836,-2.6,0,1.5
6,46.92535,0,0,0,60.01836,-2.6,0,1.5
6,46.9344,0,0,0,60.01836,-2.6,0,1.5
6,46.94386,0,0,0,60.01836,-2.6,0,1.5
6,46.95395,0,0,0,60.01836,-2.6,0,1.5
6,46.96276,0,0,0,60.01836,-2.6,0,1.5
6,46.97073,0,0,0,60.01836,-2.6,0,1.5
6,46.98259,0,0,0,60.01836,-2.6,0,1.5
6,46.99112,0,0,0,60.01836,-2.6,0,1.5
6,47.00039,0,0,0,60.01836,-2.6,0,1.5
6,47.01028,0,0,0,60.01836,-2.6,0,1.5
6,47.02114,0,0,0,60.01836,-2.6,0,1.5
6,47.03246,0,0,0,60.01836,-2.6,0,1.5
6,47.04377,0,0,0,60.01836,-2.6,0,1.5
6,47.05387,0,0,0,60.01836,-2.6,0,1.5
6,47.06307,0,0,0,60.01836,-2.6,0,1.5
6,47.07137,0,0,0,60.01836,-2.6,0,1.5
6,47.08076,0,0,0,60.01836,-2.6,0,1.5
6,47.0905,0,0,0,60.01836,-2.6,0,1.5
6,47.09971,0,0,0,60.01836,-2.6,0,1.5
6,47.10967,0,0,0,60.01836,-2.6,0,1.5
6,47.11813,0,0,0,60.01836,-2.6,0,1.5
6,47.12738,0,0,0,60.01836,-2.6,0,1.5
6,47.13842,0,0,0,60.01836,-2.6,0,1.5
6,47.15485,0,0,0,60.01836,-2.6,0,1.5
6,47.16974,0,0,0,60.01836,-2.6,0,1.5
6,47.17834,0,0,0,60.01836,-2.6,0,1.5
6,47.1879,0,0,0,60.01836,-2.6,0,1.5
6,47.19753,0,0,0,60.01836,-2.6,0,1.5
6,47.20749,0,0,0,60.01836,-2.6,0,1.5
6,47.21716,0,0,0,60.01836,-2.6,0,1.5
6,47.22627,0,0,0,60.01836,-2.6,0,1.5
6,47.23487,0,0,0,60.01836,-2.6,0,1.5
6,47.24393,0,0,0,60.01836,-2.6,0,1.5
6,47.25206,0,0,0,60.01836,-2.6,0,1.5
6,47.26106,0,0,0,60.01836,-2.6,0,1.5
6,47.2709,0,0,0,60.01836,-2.6,0,1.5
6,47.2812,0,0,0,60.01836,-2.6,0,1.5
6,47.29058,0,0,0,60.01836,-2.6,0,1.5
6,47.30027,0,0,0,60.01836,-2.6,0,1.5
6,47.30963,0,0,0,60.01836,-2.6,0,1.5
6,47.3189,0,0,0,60.01836,-2.6,0,1.5
6,47.32882,0,0,0,60.01836,-2.6,0,1.5
6,47.34056,0,0,0,60.01836,-2.6,0,1.5
6,47.35012,0,0,0,60.01836,-2.6,0,1.5
6,47.36137,0,0,0,60.01836,-2.6,0,1.5
6,47.3696,0,0,0,60.01836,-2.6,0,1.5
6,47.37983,0,0,0,60.01836,-2.6,0,1.5
6,47.38923,0,0,0,60.01836,-2.6,0,1.5
6,47.39842,0,0,0,60.01836,-2.6,0,1.5
6,47.40976,0,0,0,60.01836,-2.6,0,1.5
6,47.42078,0,0,0,60.01836,-2.6,0,1.5
6,47.43246,0,0,0,60.01836,-2.6,0,1.5
6,47.44266,0,0,0,60.01836,-2.6,0,1.5
6,47.45318,0,0,0,60.01836,-2.6,0,1.5
6,47.465,0,0,0,60.01836,-2.6,0,1.5
6,47.47496,0,0,0,60.01836,-2.6,0,1.5
6,47.48732,0,0,0,60.01836,-2.6,0,1.5
6,47.50088,0,0,0,60.01836,-2.6,0,1.5
6,47.51215,0,0,0,60.01836,-2.6,0,1.5
6,47.52254,0,0,0,60.01836,-2.6,0,1.5
6,47.5351,0,0,0,60.01836,-2.6,0,1.5
6,47.54717,0,0,0,60.01836,-2.6,0,1.5
6,47.55929,0,0,0,60.01836,-2.6,0,1.5
6,47.573,0,0,0,60.01836,-2.6,0,1.5
6,47.58437,0,0,0,60.01836,-2.6,0,1.5
6,47.59666,0,0,0,60.01836,-2.6,0,1.5
6,47.60957,0,0,0,60.01836,-2.6,0,1.5
6,47.62251,0,0,0,60.01836,-2.6,0,1.5
6,47.63549,0,0,0,60.01836,-2.6,0,1.5
6,47.64806,0,0,0,60.01836,-2.6,0,1.5
6,47.66058,0,0,0,60.01836,-2.6,0,1.5
6,47.67464,0,0,0,60.01836,-2.6,0,1.5
6,47.68676,0,0,0,60.01836,-2.6,0,1.5
6,47.69924,0,0,0,60.01836,-2.6,0,1.5
6,47.71142,0,0,0,60.01836,-2.6,0,1.5
6,47.72293,0,0,0,60.01836,-2.6,0,1.5
6,47.73514,0,0,0,60.01836,-2.6,0,1.5
6,47.74646,0,0,0,60.01836,-2.6,0,1.5
6,47.76007,0,0,0,60.01836,-2.6,0,1.5
6,47.7736,0,0,0,60.01836,-2.6,0,1.5
6,47.78616,0,0,0,60.01836,-2.6,0,1.5
6,47.79697,0,0,0,60.01836,-2.6,0,1.5
6,47.80972,0,0,0,60.01836,-2.6,0,1.5
6,47.82163,0,0,0,60.01836,-2.6,0,1.5
6,47.83364,0,0,0,60.01836,-2.6,0,1.5
6,47.84811,0,0,0,60.01836,-2.6,0,1.5
6,47.86327,0,0,0,60.01836,-2.6,0,1.5
6,47.87592,0,0,0,60.01836,-2.6,0,1.5
6,47.8896,0,0,0,60.01836,-2.6,0,1.5
6,47.90087,0,0,0,60.01836,-2.6,0,1.5
6,47.91235,0,0,0,60.01836,-2.6,0,1.5
6,47.92351,0,0,0,60.01836,-2.6,0,1.5
6,47.94184,0,0,0,60.01836,-2.6,0,1.5
6,47.95578,0,0,0,60.01836,-2.6,0,1.5
6,47.96934,0,0,0,60.01836,-2.6,0,1.5
6,47.98228,0,0,0,60.01836,-2.6,0,1.5
6,47.9962,0,0,0,60.01836,-2.6,0,1.5
6,48.01006,0,0,0,60.01836,-2.6,0,1.5
6,48.02467,0,0,0,60.01836,-2.6,0,1.5
6,48.04206,0,0,0,60.01836,-2.6,0,1.5
6,48.05575,0,0,0,60.01836,-2.6,0,1.5
6,48.0686,0,0,0,60.01836,-2.6,0,1.5
6,48.08165,0,0,0,60.01836,-2.6,0,1.5
6,48.09531,0,0,0,60.01836,-2.6,0,1.5
6,48.10723,0,0,0,60.01836,-2.6,0,1.5
6,48.11751,0,0,0,60.01836,-2.6,0,1.5
6,48.12706,0,0,0,60.01836,-2.6,0,1.5
6,48.13858,0,0,0,60.01836,-2.6,0,1.5
6,48.14969,0,0,0,60.01836,-2.6,0,1.5
6,48.15873,0,0,0,60.01836,-2.6,0,1.5
6,48.16971,0,0,0,60.01836,-2.6,0,1.5
6,48.1795,0,0,0,60.01836,-2.6,0,1.5
6,48.18852,0,0,0,60.01836,-2.6,0,1.5
6,48.19684,0,0,0,60.01836,-2.6,0,1.5
6,48.20568,0,0,0,60.01836,-2.6,0,1.5
6,48.21356,0,0,0,60.01836,-2.6,0,1.5
6,48.22253,0,0,0,60.01836,-2.6,0,1.5
6,48.23286,0,0,0,60.01836,-2.6,0,1.5
6,48.24118,0,0,0,60.01836,-2.6,0,1.5
6,48.24935,0,0,0,60.01836,-2.6,0,1.5
6,48.2583,0,0,0,60.01836,-2.6,0,1.5
6,48.26737,0,0,0,60.01836,-2.6,0,1.5
6,48.27544,0,0,0,60.01836,-2.6,0,1.5
6,48.28434,0,0,0,60.01836,-2.6,0,1.5
6,48.2925,0,0,0,60.01836,-2.6,0,1.5
6,48.30321,0,0,0,60.01836,-2.6,0,1.5
6,48.31297,0,0,0,60.01836,-2.6,0,1.5
6,48.32277,0,0,0,60.01836,-2.6,0,1.5
6,48.33138,0,0,0,60.01836,-2.6,0,1.5
6,48.34166,0,0,0,60.01836,-2.6,0,1.5
6,48.35064,0,0,0,60.01836,-2.6,0,1.5
6,48.35973,0,0,0,60.01836,-2.6,0,1.5
6,48.37143,0,0,0,60.01836,-2.6,0,1.5
6,48.38088,0,0,0,60.01836,-2.6,0,1.5
6,48.39065,0,0,0,60.01836,-2.6,0,1.5
6,48.39899,0,0,0,60.01836,-2.6,0,1.5
6,48.40836,0,0,0,60.01836,-2.6,0,1.5
6,48.41865,0,0,0,60.01836,-2.6,0,1.5
6,48.42854,0,0,0,60.01836,-2.6,0,1.5
6,48.43742,0,0,0,60.01836,-2.6,0,1.5
6,48.44664,0,0,0,60.01836,-2.6,0,1.5
6,48.45666,0,0,0,60.01836,-2.6,0,1.5
6,48.46658,0,0,0,60.01836,-2.6,0,1.5
6,48.47644,0,0,0,60.01836,-2.6,0,1.5
6,48.48464,0,0,0,60.01836,-2.6,0,1.5
6,48.49299,0,0,0,60.01836,-2.6,0,1.5
6,48.50212,0,0,0,60.01836,-2.6,0,1.5
6,48.51059,0,0,0,60.01836,-2.6,0,1.5
6,48.52018,0,0,0,60.01836,-2.6,0,1.5
6,48.53173,0,0,0,60.01836,-2.6,0,1.5
6,48.54122,0,0,0,60.01836,-2.6,0,1.5
6,48.5532,0,0,0,60.01836,-2.6,0,1.5
6,48.56307,0,0,0,60.01836,-2.6,0,1.5
6,48.57379,0,0,0,60.01836,-2.6,0,1.5
6,48.58298,0,0,0,60.01836,-2.6,0,1.5
6,48.59212,0,0,0,60.01836,-2.6,0,1.5
6,48.60045,0,0,0,60.01836,-2.6,0,1.5
6,48.61045,0,0,0,60.01836,-2.6,0,1.5
6,48.62042,0,0,0,60.01836,-2.6,0,1.5
6,48.63006,0,0,0,60.01836,-2.6,0,1.5
6,48.63955,0,0,0,60.01836,-2.6,0,1.5
6,48.64972,0,0,0,60.01836,-2.6,0,1.5
6,48.66204,0,0,0,60.01836,-2.6,0,1.5
6,48.67435,0,0,0,60.01836,-2.6,0,1.5
6,48.68673,0,0,0,60.01836,-2.6,0,1.5
6,48.69966,0,0,0,60.01836,-2.6,0,1.5
6,48.7124,0,0,0,60.01836,-2.6,0,1.5
6,48.7235,0,0,0,60.01836,-2.6,0,1.5
6,48.7356,0,0,0,60.01836,-2.6,0,1.5
6,48.74757,0,0,0,60.01836,-2.6,0,1.5
6,48.75855,0,0,0,60.01836,-2.6,0,1.5
6,48.77046,0,0,0,60.01836,-2.6,0,1.5
6,48.78498,0,0,0,60.01836,-2.6,0,1.5
6,48.80163,0,0,0,60.01836,-2.6,0,1.5
6,48.81544,0,0,0,60.01836,-2.6,0,1.5
6,48.82935,0,0,0,60.01836,-2.6,0,1.5
6,48.84277,0,0,0,60.01836,-2.6,0,1.5
6,48.856,0,0,0,60.01836,-2.6,0,1.5
6,48.86813,0,0,0,60.01836,-2.6,0,1.5
6,48.88173,0,0,0,60.01836,-2.6,0,1.5
6,48.89571,0,0,0,60.01836,-2.6,0,1.5
6,48.90921,0,0,0,60.01836,-2.6,0,1.5
6,48.92122,0,0,0,60.01836,-2.6,0,1.5
6,48.93475,0,0,0,60.01836,-2.6,0,1.5
6,48.94687,0,0,0,60.01836,-2.6,0,1.5
6,48.95937,0,0,0,60.01836,-2.6,0,1.5
6,48.97256,0,0,0,60.01836,-2.6,0,1.5
6,48.98508,0,0,0,60.01836,-2.6,0,1.5
6,48.99654,0,0,0,60.01836,-2.6,0,1.5
6,49.00967,0,0,0,60.01836,-2.6,0,1.5
6,49.02434,0,0,0,60.01836,-2.6,0,1.5
6,49.03762,0,0,0,60.01836,-2.6,0,1.5
6,49.05212,0,0,0,60.01836,-2.6,0,1.5
6,49.06506,0,0,0,60.01836,-2.6,0,1.5
6,49.07694,0,0,0,60.01836,-2.6,0,1.5
6,49.08952,0,0,0,60.01836,-2.6,0,1.5
6,49.10308,0,0,0,60.01836,-2.6,0,1.5
6,49.11554,0,0,0,60.01836,-2.6,0,1.5
6,49.12967,0,0,0,60.01836,-2.6,0,1.5
6,49.14391,0,0,0,60.01836,-2.6,0,1.5
6,49.15688,0,0,0,60.01836,-2.6,0,1.5
6,49.17283,0,0,0,60.01836,-2.6,0,1.5
6,49.18701,0,0,0,60.01836,-2.6,0,1.5
6,49.20121,0,0,0,60.01836,-2.6,0,1.5
6,49.21427,0,0,0,60.01836,-2.6,0,1.5
6,49.22681,0,0,0,60.01836,-2.6,0,1.5
6,49.24024,0,0,0,60.01836,-2.6,0,1.5
6,49.25252,0,0,0,60.01836,-2.6,0,1.5
6,49.266,0,0,0,60.01836,-2.6,0,1.5
6,49.27975,0,0,0,60.01836,-2.6,0,1.5
6,49.2935,0,0,0,60.01836,-2.6,0,1.5
6,49.30936,0,0,0,60.01836,-2.6,0,1.5
6,49.32167,0,0,0,60.01836,-2.6,0,1.5
6,49.33431,0,0,0,60.01836,-2.6,0,1.5
6,49.34625,0,0,0,60.01836,-2.6,0,1.5
6,49.35643,0,0,0,60.01836,-2.6,0,1.5
6,49.36576,0,0,0,60.01836,-2.6,0,1.5
6,49.37547,0,0,0,60.01836,-2.6,0,1.5
6,49.3865,0,0,0,60.01836,-2.6,0,1.5
6,49.39691,0,0,0,60.01836,-2.6,0,1.5
6,49.40659,0,0,0,60.01836,-2.6,0,1.5
6,49.43038,0,0,0,60.01836,-2.6,0,1.5
6,49.44026,0,0,0,60.01836,-2.6,0,1.5
6,49.45029,0,0,0,60.01836,-2.6,0,1.5
6,49.45811,0,0,0,60.01836,-2.6,0,1.5
6,49.47028,0,0,0,60.01836,-2.6,0,1.5
6,49.48269,0,0,0,60.01836,-2.6,0,1.5
6,49.49308,0,0,0,60.01836,-2.6,0,1.5
6,49.50464,0,0,0,60.01836,-2.6,0,1.5
6,49.51785,0,0,0,60.01836,-2.6,0,1.5
6,49.52869,0,0,0,60.01836,-2.6,0,1.5
6,49.54264,0,0,0,60.01836,-2.6,0,1.5
6,49.55394,0,0,0,60.01836,-2.6,0,1.5
6,49.56452,0,0,0,60.01836,-2.6,0,1.5
6,49.57649,0,0,0,60.01836,-2.6,0,1.5
6,49.58693,0,0,0,60.01836,-2.6,0,1.5
6,49.59786,0,0,0,60.01836,-2.6,0,1.5
6,49.61256,0,0,0,60.01836,-2.6,0,1.5
6,49.62507,0,0,0,60.01836,-2.6,0,1.5
6,49.6352,0,0,0,60.01836,-2.6,0,1.5
6,49.64413,0,0,0,60.01836,-2.6,0,1.5
6,49.65367,0,0,0,60.01836,-2.6,0,1.5
6,49.66232,0,0,0,60.01836,-2.6,0,1.5
6,49.67232,0,0,0,60.01836,-2.6,0,1.5
6,49.68306,0,0,0,60.01836,-2.6,0,1.5
6,49.69288,0,0,0,60.01836,-2.6,0,1.5
6,49.7044,0,0,0,60.01836,-2.6,0,1.5
6,49.71434,0,0,0,60.01836,-2.6,0,1.5
6,49.72372,0,0,0,60.01836,-2.6,0,1.5
6,49.73481,0,0,0,60.01836,-2.6,0,1.5
6,49.74563,0,0,0,60.01836,-2.6,0,1.5
6,49.75472,0,0,0,60.01836,-2.6,0,1.5
6,49.76582,0,0,0,60.01836,-2.6,0,1.5
6,49.77567,0,0,0,60.01836,-2.6,0,1.5
6,49.78601,0,0,0,60.01836,-2.6,0,1.5
6,49.79559,0,0,0,60.01836,-2.6,0,1.5
6,49.8069,0,0,0,60.01836,-2.6,0,1.5
6,49.81762,0,0,0,60.01836,-2.6,0,1.5
6,49.82837,0,0,0,60.01836,-2.6,0,1.5
6,49.83905,0,0,0,60.01836,-2.6,0,1.5
6,49.84975,0,0,0,60.01836,-2.6,0,1.5
6,49.86002,0,0,0,60.01836,-2.6,0,1.5
6,49.87045,0,0,0,60.01836,-2.6,0,1.5
6,49.88046,0,0,0,60.01836,-2.6,0,1.5
6,49.8932,0,0,0,60.01836,-2.6,0,1.5
6,49.90845,0,0,0,60.01836,-2.6,0,1.5
6,49.9206,0,0,0,60.01836,-2.6,0,1.5
6,49.93388,0,0,0,60.01836,-2.6,0,1.5
6,49.94779,0,0,0,60.01836,-2.6,0,1.5
6,49.95901,0,0,0,60.01836,-2.6,0,1.5
6,49.97064,0,0,0,60.01836,-2.6,0,1.5
6,49.98253,0,0,0,60.01836,-2.6,0,1.5
6,49.99493,0,0,0,60.01836,-2.6,0,1.5
6,50.00627,0,0,0,60.01836,-2.6,0,1.5
6,50.01936,0,0,0,60.01836,-2.6,0,1.5
6,50.03127,0,0,0,60.01836,-2.6,0,1.5
6,50.04524,0,0,0,60.01836,-2.6,0,1.5
6,50.0587,0,0,0,60.01836,-2.6,0,1.5
6,50.07153,0,0,0,60.01836,-2.6,0,1.5
6,50.08679,0,0,0,60.01836,-2.6,0,1.5
6,50.09985,0,0,0,60.01836,-2.6,0,1.5
6,50.11367,0,0,0,60.01836,-2.6,0,1.5
6,50.12679,0,0,0,60.01836,-2.6,0,1.5
6,50.13906,0,0,0,60.01836,-2.6,0,1.5
6,50.15215,0,0,0,60.01836,-2.6,0,1.5
6,50.16433,0,0,0,60.01836,-2.6,0,1.5
6,50.17772,0,0,0,60.01836,-2.6,0,1.5
6,50.19271,0,0,0,60.01836,-2.6,0,1.5
6,50.20759,0,0,0,60.01836,-2.6,0,1.5
6,50.22184,0,0,0,60.01836,-2.6,0,1.5
6,50.23441,0,0,0,60.01836,-2.6,0,1.5
6,50.2471,0,0,0,60.01836,-2.6,0,1.5
6,50.25948,0,0,0,60.01836,-2.6,0,1.5
6,50.27196,0,0,0,60.01836,-2.6,0,1.5
6,50.2849,0,0,0,60.01836,-2.6,0,1.5
6,50.2966,0,0,0,60.01836,-2.6,0,1.5
6,50.30917,0,0,0,60.01836,-2.6,0,1.5
6,50.32209,0,0,0,60.01836,-2.6,0,1.5
6,50.33546,0,0,0,60.01836,-2.6,0,1.5
6,50.3494,0,0,0,60.01836,-2.6,0,1.5
6,50.36462,0,0,0,60.01836,-2.6,0,1.5
6,50.37872,0,0,0,60.01836,-2.6,0,1.5
6,50.3921,0,0,0,60.01836,-2.6,0,1.5
6,50.40928,0,0,0,60.01836,-2.6,0,1.5
6,50.42393,0,0,0,60.01836,-2.6,0,1.5
6,50.43772,0,0,0,60.01836,-2.6,0,1.5
6,50.45203,0,0,0,60.01836,-2.6,0,1.5
6,50.46668,0,0,0,60.01836,-2.6,0,1.5
6,50.4787,0,0,0,60.01836,-2.6,0,1.5
6,50.49148,0,0,0,60.01836,-2.6,0,1.5
6,50.50449,0,0,0,60.01836,-2.6,0,1.5
6,50.51838,0,0,0,60.01836,-2.6,0,1.5
6,50.53216,0,0,0,60.01836,-2.6,0,1.5
6,50.54555,0,0,0,60.01836,-2.6,0,1.5
6,50.55958,0,0,0,60.01836,-2.6,0,1.5
6,50.57581,0,0,0,60.01836,-2.6,0,1.5
6,50.58958,0,0,0,60.01836,-2.6,0,1.5
6,50.60086,0,0,0,60.01836,-2.6,0,1.5
6,50.61167,0,0,0,60.01836,-2.6,0,1.5
6,50.62174,0,0,0,60.01836,-2.6,0,1.5
6,50.63076,0,0,0,60.01836,-2.6,0,1.5
6,50.63939,0,0,0,60.01836,-2.6,0,1.5
6,50.64721,0,0,0,60.01836,-2.6,0,1.5
6,50.65524,0,0,0,60.01836,-2.6,0,1.5
6,50.6643,0,0,0,60.01836,-2.6,0,1.5
6,50.67309,0,0,0,60.01836,-2.6,0,1.5
6,50.6835,0,0,0,60.01836,-2.6,0,1.5
6,50.69212,0,0,0,60.01836,-2.6,0,1.5
6,50.7013,0,0,0,60.01836,-2.6,0,1.5
6,50.71218,0,0,0,60.01836,-2.6,0,1.5
6,50.72043,0,0,0,60.01836,-2.6,0,1.5
6,50.73024,0,0,0,60.01836,-2.6,0,1.5
6,50.73965,0,0,0,60.01836,-2.6,0,1.5
6,50.74879,0,0,0,60.01836,-2.6,0,1.5
6,50.75702,0,0,0,60.01836,-2.6,0,1.5
6,50.76568,0,0,0,60.01836,-2.6,0,1.5
6,50.77488,0,0,0,60.01836,-2.6,0,1.5
6,50.78268,0,0,0,60.01836,-2.6,0,1.5
6,50.79065,0,0,0,60.01836,-2.6,0,1.5
6,50.79848,0,0,0,60.01836,-2.6,0,1.5
6,50.80846,0,0,0,60.01836,-2.6,0,1.5
6,50.8177,0,0,0,60.01836,-2.6,0,1.5
6,50.82739,0,0,0,60.01836,-2.6,0,1.5
6,50.83873,0,0,0,60.01836,-2.6,0,1.5
6,50.84948,0,0,0,60.01836,-2.6,0,1.5
6,50.85907,0,0,0,60.01836,-2.6,0,1.5
6,50.86871,0,0,0,60.01836,-2.6,0,1.5
6,50.87758,0,0,0,60.01836,-2.6,0,1.5
6,50.88573,0,0,0,60.01836,-2.6,0,1.5
6,50.89583,0,0,0,60.01836,-2.6,0,1.5
6,50.90571,0,0,0,60.01836,-2.6,0,1.5
6,50.91541,0,0,0,60.01836,-2.6,0,1.5
6,50.93267,0,0,0,60.01836,-2.6,0,1.5
6,50.9427,0,0,0,60.01836,-2.6,0,1.5
6,50.9544,0,0,0,60.01836,-2.6,0,1.5
6,50.96446,0,0,0,60.01836,-2.6,0,1.5
6,50.97459,0,0,0,60.01836,-2.6,0,1.5
6,50.98308,0,0,0,60.01836,-2.6,0,1.5
6,50.99121,0,0,0,60.01836,-2.6,0,1.5
6,51.00182,0,0,0,60.01836,-2.6,0,1.5
6,51.01221,0,0,0,60.01836,-2.6,0,1.5
6,51.0215,0,0,0,60.01836,-2.6,0,1.5
6,51.03004,0,0,0,60.01836,-2.6,0,1.5
6,51.03831,0,0,0,60.01836,-2.6,0,1.5
6,51.04723,0,0,0,60.01836,-2.6,0,1.5
6,51.05575,0,0,0,60.01836,-2.6,0,1.5
6,51.06457,0,0,0,60.01836,-2.6,0,1.5
6,51.07434,0,0,0,60.01836,-2.6,0,1.5
6,51.08415,0,0,0,60.01836,-2.6,0,1.5
6,51.09326,0,0,0,60.01836,-2.6,0,1.5
6,51.10382,0,0,0,60.01836,-2.6,0,1.5
6,51.11552,0,0,0,60.01836,-2.6,0,1.5
6,51.12654,0,0,0,60.01836,-2.6,0,1.5
6,51.13913,0,0,0,60.01836,-2.6,0,1.5
6,51.15049,0,0,0,60.01836,-2.6,0,1.5
6,51.16115,0,0,0,60.01836,-2.6,0,1.5
6,51.172,0,0,0,60.01836,-2.6,0,1.5
6,51.18333,0,0,0,60.01836,-2.6,0,1.5
6,51.19421,0,0,0,60.01836,-2.6,0,1.5
6,51.2065,0,0,0,60.01836,-2.6,0,1.5
6,51.22044,0,0,0,60.01836,-2.6,0,1.5
6,51.23335,0,0,0,60.01836,-2.6,0,1.5
6,51.24901,0,0,0,60.01836,-2.6,0,1.5
6,51.26357,0,0,0,60.01836,-2.6,0,1.5
6,51.27819,0,0,0,60.01836,-2.6,0,1.5
6,51.29068,0,0,0,60.01836,-2.6,0,1.5
6,51.30436,0,0,0,60.01836,-2.6,0,1.5
6,51.31575,0,0,0,60.01836,-2.6,0,1.5
6,51.32925,0,0,0,60.01836,-2.6,0,1.5
6,51.34091,0,0,0,60.01836,-2.6,0,1.5
6,51.35278,0,0,0,60.01836,-2.6,0,1.5
6,51.365,0,0,0,60.01836,-2.6,0,1.5
6,51.37753,0,0,0,60.01836,-2.6,0,1.5
6,51.39063,0,0,0,60.01836,-2.6,0,1.5
6,51.40223,0,0,0,60.01836,-2.6,0,1.5
6,51.41317,0,0,0,60.01836,-2.6,0,1.5
6,51.42621,0,0,0,60.01836,-2.6,0,1.5
6,51.4393,0,0,0,60.01836,-2.6,0,1.5
6,51.4524,0,0,0,60.01836,-2.6,0,1.5
6,51.46352,0,0,0,60.01836,-2.6,0,1.5
6,51.47462,0,0,0,60.01836,-2.6,0,1.5
6,51.48693,0,0,0,60.01836,-2.6,0,1.5
6,51.49903,0,0,0,60.01836,-2.6,0,1.5
6,51.51104,0,0,0,60.01836,-2.6,0,1.5
6,51.52314,0,0,0,60.01836,-2.6,0,1.5
6,51.53579,0,0,0,60.01836,-2.6,0,1.5
6,51.54763,0,0,0,60.01836,-2.6,0,1.5
6,51.55781,0,0,0,60.01836,-2.6,0,1.5
6,51.56863,0,0,0,60.01836,-2.6,0,1.5
6,51.58075,0,0,0,60.01836,-2.6,0,1.5
6,51.59261,0,0,0,60.01836,-2.6,0,1.5
6,51.60561,0,0,0,60.01836,-2.6,0,1.5
6,51.61966,0,0,0,60.01836,-2.6,0,1.5
6,51.63342,0,0,0,60.01836,-2.6,0,1.5
6,51.65178,0,0,0,60.01836,-2.6,0,1.5
6,51.66346,0,0,0,60.01836,-2.6,0,1.5
6,51.67538,0,0,0,60.01836,-2.6,0,1.5
6,51.68737,0,0,0,60.01836,-2.6,0,1.5
6,51.70105,0,0,0,60.01836,-2.6,0,1.5
6,51.7207,0,0,0,60.01836,-2.6,0,1.5
6,51.74929,0,0,0,60.01836,-2.6,0,1.5
6,51.76328,0,0,0,60.01836,-2.6,0,1.5
6,51.77639,0,0,0,60.01836,-2.6,0,1.5
6,51.78779,0,0,0,60.01836,-2.6,0,1.5
6,51.8007,0,0,0,60.01836,-2.6,0,1.5
6,51.81172,0,0,0,60.01836,-2.6,0,1.5
6,51.82195,0,0,0,60.01836,-2.6,0,1.5
6,51.83276,0,0,0,60.01836,-2.6,0,1.5
6,51.84364,0,0,0,60.01836,-2.6,0,1.5
6,51.85492,0,0,0,60.01836,-2.6,0,1.5
6,51.86742,0,0,0,60.01836,-2.6,0,1.5
6,51.87747,0,0,0,60.01836,-2.6,0,1.5
6,51.88791,0,0,0,60.01836,-2.6,0,1.5
6,51.896,0,0,0,60.01836,-2.6,0,1.5
6,51.90467,0,0,0,60.01836,-2.6,0,1.5
6,51.91179,0,0,0,60.01836,-2.6,0,1.5
6,51.92135,0,0,0,60.01836,-2.6,0,1.5
6,51.93,0,0,0,60.01836,-2.6,0,1.5
6,51.94014,0,0,0,60.01836,-2.6,0,1.5
6,51.94889,0,0,0,60.01836,-2.6,0,1.5
6,51.96042,0,0,0,60.01836,-2.6,0,1.5
6,51.96989,0,0,0,60.01836,-2.6,0,1.5
6,51.97864,0,0,0,60.01836,-2.6,0,1.5
6,51.98887,0,0,0,60.01836,-2.6,0,1.5
6,51.99917,0,0,0,60.01836,-2.6,0,1.5
6,52.00783,0,0,0,60.01836,-2.6,0,1.5
6,52.01785,0,0,0,60.01836,-2.6,0,1.5
6,52.02664,0,0,0,60.01836,-2.6,0,1.5
6,52.03529,0,0,0,60.01836,-2.6,0,1.5
6,52.04473,0,0,0,60.01836,-2.6,0,1.5
6,52.05395,0,0,0,60.01836,-2.6,0,1.5
6,52.06292,0,0,0,60.01836,-2.6,0,1.5
6,52.07239,0,0,0,60.01836,-2.6,0,1.5
6,52.08158,0,0,0,60.01836,-2.6,0,1.5
6,52.09078,0,0,0,60.01836,-2.6,0,1.5
6,52.10086,0,0,0,60.01836,-2.6,0,1.5
6,52.11057,0,0,0,60.01836,-2.6,0,1.5
6,52.11981,0,0,0,60.01836,-2.6,0,1.5
6,52.13038,0,0,0,60.01836,-2.6,0,1.5
6,52.1408,0,0,0,60.01836,-2.6,0,1.5
6,52.14999,0,0,0,60.01836,-2.6,0,1.5
6,52.15836,0,0,0,60.01836,-2.6,0,1.5
6,52.16883,0,0,0,60.01836,-2.6,0,1.5
6,52.1791,0,0,0,60.01836,-2.6,0,1.5
6,52.18813,0,0,0,60.01836,-2.6,0,1.5
6,52.19772,0,0,0,60.01836,-2.6,0,1.5
6,52.20668,0,0,0,60.01836,-2.6,0,1.5
6,52.21517,0,0,0,60.01836,-2.6,0,1.5
6,52.22408,0,0,0,60.01836,-2.6,0,1.5
6,52.23417,0,0,0,60.01836,-2.6,0,1.5
6,52.24374,0,0,0,60.01836,-2.6,0,1.5
6,52.25377,0,0,0,60.01836,-2.6,0,1.5
6,52.26453,0,0,0,60.01836,-2.6,0,1.5
6,52.2757,0,0,0,60.01836,-2.6,0,1.5
6,52.28484,0,0,0,60.01836,-2.6,0,1.5
6,52.29393,0,0,0,60.01836,-2.6,0,1.5
6,52.30288,0,0,0,60.01836,-2.6,0,1.5
6,52.31322,0,0,0,60.01836,-2.6,0,1.5
6,52.32231,0,0,0,60.01836,-2.6,0,1.5
6,52.33205,0,0,0,60.01836,-2.6,0,1.5
6,52.3422,0,0,0,60.01836,-2.6,0,1.5
6,52.35134,0,0,0,60.01836,-2.6,0,1.5
6,52.36317,0,0,0,60.01836,-2.6,0,1.5
6,52.37416,0,0,0,60.01836,-2.6,0,1.5
6,52.38379,0,0,0,60.01836,-2.6,0,1.5
6,52.39599,0,0,0,60.01836,-2.6,0,1.5
6,52.4093,0,0,0,60.01836,-2.6,0,1.5
6,52.42279,0,0,0,60.01836,-2.6,0,1.5
6,52.43457,0,0,0,60.01836,-2.6,0,1.5
6,52.44527,0,0,0,60.01836,-2.6,0,1.5
6,52.45592,0,0,0,60.01836,-2.6,0,1.5
6,52.46855,0,0,0,60.01836,-2.6,0,1.5
6,52.48163,0,0,0,60.01836,-2.6,0,1.5
6,52.49224,0,0,0,60.01836,-2.6,0,1.5
6,52.50324,0,0,0,60.01836,-2.6,0,1.5
6,52.51698,0,0,0,60.01836,-2.6,0,1.5
6,52.52953,0,0,0,60.01836,-2.6,0,1.5
6,52.54206,0,0,0,60.01836,-2.6,0,1.5
6,52.55579,0,0,0,60.01836,-2.6,0,1.5
6,52.56772,0,0,0,60.01836,-2.6,0,1.5
6,52.57958,0,0,0,60.01836,-2.6,0,1.5
6,52.59119,0,0,0,60.01836,-2.6,0,1.5
6,52.60341,0,0,0,60.01836,-2.6,0,1.5
6,52.61459,0,0,0,60.01836,-2.6,0,1.5
6,52.62788,0,0,0,60.01836,-2.6,0,1.5
6,52.64056,0,0,0,60.01836,-2.6,0,1.5
6,52.65228,0,0,0,60.01836,-2.6,0,1.5
6,52.66473,0,0,0,60.01836,-2.6,0,1.5
6,52.67722,0,0,0,60.01836,-2.6,0,1.5
6,52.68801,0,0,0,60.01836,-2.6,0,1.5
6,52.69948,0,0,0,60.01836,-2.6,0,1.5
6,52.71135,0,0,0,60.01836,-2.6,0,1.5
6,52.72216,0,0,0,60.01836,-2.6,0,1.5
6,52.73408,0,0,0,60.01836,-2.6,0,1.5
6,52.74514,0,0,0,60.01836,-2.6,0,1.5
6,52.7561,0,0,0,60.01836,-2.6,0,1.5
6,52.76859,0,0,0,60.01836,-2.6,0,1.5
6,52.78115,0,0,0,60.01836,-2.6,0,1.5
6,52.79377,0,0,0,60.01836,-2.6,0,1.5
6,52.80675,0,0,0,60.01836,-2.6,0,1.5
6,52.81804,0,0,0,60.01836,-2.6,0,1.5
6,52.83012,0,0,0,60.01836,-2.6,0,1.5
6,52.84245,0,0,0,60.01836,-2.6,0,1.5
6,52.85657,0,0,0,60.01836,-2.6,0,1.5
6,52.87139,0,0,0,60.01836,-2.6,0,1.5
6,52.88522,0,0,0,60.01836,-2.6,0,1.5
6,52.90023,0,0,0,60.01836,-2.6,0,1.5
6,52.9127,0,0,0,60.01836,-2.6,0,1.5
6,52.92692,0,0,0,60.01836,-2.6,0,1.5
6,52.94009,0,0,0,60.01836,-2.6,0,1.5
6,52.95491,0,0,0,60.01836,-2.6,0,1.5
6,52.9689,0,0,0,60.01836,-2.6,0,1.5
6,52.98393,0,0,0,60.01836,-2.6,0,1.5
6,52.99659,0,0,0,60.01836,-2.6,0,1.5
6,53.00895,0,0,0,60.01836,-2.6,0,1.5
6,53.01949,0,0,0,60.01836,-2.6,0,1.5
6,53.03035,0,0,0,60.01836,-2.6,0,1.5
6,53.04185,0,0,0,60.01836,-2.6,0,1.5
6,53.05167,0,0,0,60.01836,-2.6,0,1.5
6,53.06203,0,0,0,60.01836,-2.6,0,1.5
6,53.07167,0,0,0,60.01836,-2.6,0,1.5
6,53.08003,0,0,0,60.01836,-2.6,0,1.5
6,53.08891,0,0,0,60.01836,-2.6,0,1.5
6,53.09767,0,0,0,60.01836,-2.6,0,1.5
6,53.10654,0,0,0,60.01836,-2.6,0,1.5
6,53.11398,0,0,0,60.01836,-2.6,0,1.5
6,53.12436,0,0,0,60.01836,-2.6,0,1.5
6,53.13384,0,0,0,60.01836,-2.6,0,1.5
6,53.14392,0,0,0,60.01836,-2.6,0,1.5
6,53.15506,0,0,0,60.01836,-2.6,0,1.5
6,53.16523,0,0,0,60.01836,-2.6,0,1.5
6,53.17449,0,0,0,60.01836,-2.6,0,1.5
6,53.18353,0,0,0,60.01836,-2.6,0,1.5
6,53.19209,0,0,0,60.01836,-2.6,0,1.5
6,53.20176,0,0,0,60.01836,-2.6,0,1.5
6,53.21,0,0,0,60.01836,-2.6,0,1.5
6,53.21947,0,0,0,60.01836,-2.6,0,1.5
6,53.22774,0,0,0,60.01836,-2.6,0,1.5
6,53.23525,0,0,0,60.01836,-2.6,0,1.5
6,53.24503,0,0,0,60.01836,-2.6,0,1.5
6,53.25568,0,0,0,60.01836,-2.6,0,1.5
6,53.26884,0,0,0,60.01836,-2.6,0,1.5
6,53.27986,0,0,0,60.01836,-2.6,0,1.5
6,53.2915,0,0,0,60.01836,-2.6,0,1.5
6,53.3019,0,0,0,60.01836,-2.6,0,1.5
6,53.31258,0,0,0,60.01836,-2.6,0,1.5
6,53.32344,0,0,0,60.01836,-2.6,0,1.5
6,53.33159,0,0,0,60.01836,-2.6,0,1.5
6,53.34194,0,0,0,60.01836,-2.6,0,1.5
6,53.35184,0,0,0,60.01836,-2.6,0,1.5
6,53.36238,0,0,0,60.01836,-2.6,0,1.5
6,53.37453,0,0,0,60.01836,-2.6,0,1.5
6,53.38583,0,0,0,60.01836,-2.6,0,1.5
6,53.39406,0,0,0,60.01836,-2.6,0,1.5
6,53.40416,0,0,0,60.01836,-2.6,0,1.5
6,53.41286,0,0,0,60.01836,-2.6,0,1.5
6,53.42398,0,0,0,60.01836,-2.6,0,1.5
6,53.43363,0,0,0,60.01836,-2.6,0,1.5
6,53.44396,0,0,0,60.01836,-2.6,0,1.5
6,53.4535,0,0,0,60.01836,-2.6,0,1.5
6,53.46279,0,0,0,60.01836,-2.6,0,1.5
6,53.47085,0,0,0,60.01836,-2.6,0,1.5
6,53.48174,0,0,0,60.01836,-2.6,0,1.5
6,53.48999,0,0,0,60.01836,-2.6,0,1.5
6,53.50107,0,0,0,60.01836,-2.6,0,1.5
6,53.51177,0,0,0,60.01836,-2.6,0,1.5
6,53.52083,0,0,0,60.01836,-2.6,0,1.5
6,53.53045,0,0,0,60.01836,-2.6,0,1.5
6,53.54032,0,0,0,60.01836,-2.6,0,1.5
6,53.54962,0,0,0,60.01836,-2.6,0,1.5
6,53.55972,0,0,0,60.01836,-2.6,0,1.5
6,53.5698,0,0,0,60.01836,-2.6,0,1.5
6,53.58065,0,0,0,60.01836,-2.6,0,1.5
6,53.5911,0,0,0,60.01836,-2.6,0,1.5
6,53.60221,0,0,0,60.01836,-2.6,0,1.5
6,53.61548,0,0,0,60.01836,-2.6,0,1.5
6,53.62905,0,0,0,60.01836,-2.6,0,1.5
6,53.64169,0,0,0,60.01836,-2.6,0,1.5
6,53.65369,0,0,0,60.01836,-2.6,0,1.5
6,53.66617,0,0,0,60.01836,-2.6,0,1.5
6,53.67891,0,0,0,60.01836,-2.6,0,1.5
6,53.69106,0,0,0,60.01836,-2.6,0,1.5
6,53.7034,0,0,0,60.01836,-2.6,0,1.5
6,53.71596,0,0,0,60.01836,-2.6,0,1.5
6,53.7286,0,0,0,60.01836,-2.6,0,1.5
6,53.74097,0,0,0,60.01836,-2.6,0,1.5
6,53.75294,0,0,0,60.01836,-2.6,0,1.5
6,53.7658,0,0,0,60.01836,-2.6,0,1.5
6,53.77843,0,0,0,60.01836,-2.6,0,1.5
6,53.79007,0,0,0,60.01836,-2.6,0,1.5
6,53.80363,0,0,0,60.01836,-2.6,0,1.5
6,53.81672,0,0,0,60.01836,-2.6,0,1.5
6,53.82856,0,0,0,60.01836,-2.6,0,1.5
6,53.84064,0,0,0,60.01836,-2.6,0,1.5
6,53.85389,0,0,0,60.01836,-2.6,0,1.5
6,53.86666,0,0,0,60.01836,-2.6,0,1.5
6,53.8784,0,0,0,60.01836,-2.6,0,1.5
6,53.88964,0,0,0,60.01836,-2.6,0,1.5
6,53.90196,0,0,0,60.01836,-2.6,0,1.5
6,53.92198,0,0,0,60.01836,-2.6,0,1.5
6,53.94358,0,0,0,60.01836,-2.6,0,1.5
6,53.9551,0,0,0,60.01836,-2.6,0,1.5
6,53.96671,0,0,0,60.01836,-2.6,0,1.5
6,53.97948,0,0,0,60.01836,-2.6,0,1.5
6,53.99256,0,0,0,60.01836,-2.6,0,1.5
6,54.00626,0,0,0,60.01836,-2.6,0,1.5
6,54.02091,0,0,0,60.01836,-2.6,0,1.5
6,54.03088,0,0,0,60.01836,-2.6,0,1.5
6,54.04213,0,0,0,60.01836,-2.6,0,1.5
6,54.0532,0,0,0,60.01836,-2.6,0,1.5
6,54.06472,0,0,0,60.01836,-2.6,0,1.5
6,54.07964,0,0,0,60.01836,-2.6,0,1.5
6,54.09213,0,0,0,60.01836,-2.6,0,1.5
6,54.1042,0,0,0,60.01836,-2.6,0,1.5
6,54.1185,0,0,0,60.01836,-2.6,0,1.5
6,54.13122,0,0,0,60.01836,-2.6,0,1.5
6,54.14564,0,0,0,60.01836,-2.6,0,1.5
6,54.16004,0,0,0,60.01836,-2.6,0,1.5
6,54.17183,0,0,0,60.01836,-2.6,0,1.5
6,54.18633,0,0,0,60.01836,-2.6,0,1.5
6,54.19867,0,0,0,60.01836,-2.6,0,1.5
6,54.21011,0,0,0,60.01836,-2.6,0,1.5
6,54.22002,0,0,0,60.01836,-2.6,0,1.5
6,54.23121,0,0,0,60.01836,-2.6,0,1.5
6,54.24186,0,0,0,60.01836,-2.6,0,1.5
6,54.25058,0,0,0,60.01836,-2.6,0,1.5
6,54.26131,0,0,0,60.01836,-2.6,0,1.5
6,54.2727,0,0,0,60.01836,-2.6,0,1.5
6,54.28406,0,0,0,60.01836,-2.6,0,1.5
6,54.2947,0,0,0,60.01836,-2.6,0,1.5
6,54.30565,0,0,0,60.01836,-2.6,0,1.5
6,54.31466,0,0,0,60.01836,-2.6,0,1.5
6,54.32633,0,0,0,60.01836,-2.6,0,1.5
6,54.33659,0,0,0,60.01836,-2.6,0,1.5
6,54.34585,0,0,0,60.01836,-2.6,0,1.5
6,54.35467,0,0,0,60.01836,-2.6,0,1.5
6,54.36344,0,0,0,60.01836,-2.6,0,1.5
6,54.37114,0,0,0,60.01836,-2.6,0,1.5
6,54.38009,0,0,0,60.01836,-2.6,0,1.5
6,54.38962,0,0,0,60.01836,-2.6,0,1.5
6,54.39752,0,0,0,60.01836,-2.6,0,1.5
6,54.40515,0,0,0,60.01836,-2.6,0,1.5
6,54.41337,0,0,0,60.01836,-2.6,0,1.5
6,54.42413,0,0,0,60.01836,-2.6,0,1.5
6,54.43389,0,0,0,60.01836,-2.6,0,1.5
6,54.44434,0,0,0,60.01836,-2.6,0,1.5
6,54.45545,0,0,0,60.01836,-2.6,0,1.5
6,54.46579,0,0,0,60.01836,-2.6,0,1.5
6,54.47468,0,0,0,60.01836,-2.6,0,1.5
6,54.48345,0,0,0,60.01836,-2.6,0,1.5
6,54.49201,0,0,0,60.01836,-2.6,0,1.5
6,54.50076,0,0,0,60.01836,-2.6,0,1.5
6,54.50968,0,0,0,60.01836,-2.6,0,1.5
6,54.51881,0,0,0,60.01836,-2.6,0,1.5
6,54.529,0,0,0,60.01836,-2.6,0,1.5
6,54.53661,0,0,0,60.01836,-2.6,0,1.5
6,54.54636,0,0,0,60.01836,-2.6,0,1.5
6,54.55673,0,0,0,60.01836,-2.6,0,1.5
6,54.56792,0,0,0,60.01836,-2.6,0,1.5
6,54.5815,0,0,0,60.01836,-2.6,0,1.5
6,54.59209,0,0,0,60.01836,-2.6,0,1.5
6,54.6025,0,0,0,60.01836,-2.6,0,1.5
6,54.61387,0,0,0,60.01836,-2.6,0,1.5
6,54.62413,0,0,0,60.01836,-2.6,0,1.5
6,54.63334,0,0,0,60.01836,-2.6,0,1.5
6,54.64353,0,0,0,60.01836,-2.6,0,1.5
6,54.65257,0,0,0,60.01836,-2.6,0,1.5
6,54.66313,0,0,0,60.01836,-2.6,0,1.5
6,54.67325,0,0,0,60.01836,-2.6,0,1.5
6,54.6831,0,0,0,60.01836,-2.6,0,1.5
6,54.69295,0,0,0,60.01836,-2.6,0,1.5
6,54.70342,0,0,0,60.01836,-2.6,0,1.5
6,54.71371,0,0,0,60.01836,-2.6,0,1.5
6,54.7234,0,0,0,60.01836,-2.6,0,1.5
6,54.73454,0,0,0,60.01836,-2.6,0,1.5
6,54.74358,0,0,0,60.01836,-2.6,0,1.5
6,54.75324,0,0,0,60.01836,-2.6,0,1.5
6,54.76665,0,0,0,60.01836,-2.6,0,1.5
6,54.77937,0,0,0,60.01836,-2.6,0,1.5
6,54.79089,0,0,0,60.01836,-2.6,0,1.5
6,54.80246,0,0,0,60.01836,-2.6,0,1.5
6,54.81698,0,0,0,60.01836,-2.6,0,1.5
6,54.83015,0,0,0,60.01836,-2.6,0,1.5
6,54.84343,0,0,0,60.01836,-2.6,0,1.5
6,54.85526,0,0,0,60.01836,-2.6,0,1.5
6,54.8668,0,0,0,60.01836,-2.6,0,1.5
6,54.87906,0,0,0,60.01836,-2.6,0,1.5
6,54.89146,0,0,0,60.01836,-2.6,0,1.5
6,54.90464,0,0,0,60.01836,-2.6,0,1.5
6,54.91769,0,0,0,60.01836,-2.6,0,1.5
6,54.93178,0,0,0,60.01836,-2.6,0,1.5
6,54.94772,0,0,0,60.01836,-2.6,0,1.5
6,54.96217,0,0,0,60.01836,-2.6,0,1.5
6,54.97506,0,0,0,60.01836,-2.6,0,1.5
6,54.98684,0,0,0,60.01836,-2.6,0,1.5
6,54.99911,0,0,0,60.01836,-2.6,0,1.5
6,55.01182,0,0,0,60.01836,-2.6,0,1.5
6,55.02641,0,0,0,60.01836,-2.6,0,1.5
6,55.0419,0,0,0,60.01836,-2.6,0,1.5
6,55.05497,0,0,0,60.01836,-2.6,0,1.5
6,55.06792,0,0,0,60.01836,-2.6,0,1.5
6,55.08084,0,0,0,60.01836,-2.6,0,1.5
6,55.09561,0,0,0,60.01836,-2.6,0,1.5
6,55.10786,0,0,0,60.01836,-2.6,0,1.5
6,55.12143,0,0,0,60.01836,-2.6,0,1.5
6,55.13522,0,0,0,60.01836,-2.6,0,1.5
6,55.14839,0,0,0,60.01836,-2.6,0,1.5
6,55.16129,0,0,0,60.01836,-2.6,0,1.5
6,55.17653,0,0,0,60.01836,-2.6,0,1.5
6,55.18937,0,0,0,60.01836,-2.6,0,1.5
6,55.20273,0,0,0,60.01836,-2.6,0,1.5
6,55.21614,0,0,0,60.01836,-2.6,0,1.5
6,55.22974,0,0,0,60.01836,-2.6,0,1.5
6,55.2419,0,0,0,60.01836,-2.6,0,1.5
6,55.25546,0,0,0,60.01836,-2.6,0,1.5
6,55.26805,0,0,0,60.01836,-2.6,0,1.5
6,55.28034,0,0,0,60.01836,-2.6,0,1.5
6,55.29372,0,0,0,60.01836,-2.6,0,1.5
6,55.3089,0,0,0,60.01836,-2.6,0,1.5
6,55.32517,0,0,0,60.01836,-2.6,0,1.5
6,55.33829,0,0,0,60.01836,-2.6,0,1.5
6,55.35322,0,0,0,60.01836,-2.6,0,1.5
6,55.36597,0,0,0,60.01836,-2.6,0,1.5
6,55.37928,0,0,0,60.01836,-2.6,0,1.5
6,55.39292,0,0,0,60.01836,-2.6,0,1.5
6,55.40668,0,0,0,60.01836,-2.6,0,1.5
6,55.42009,0,0,0,60.01836,-2.6,0,1.5
6,55.43456,0,0,0,60.01836,-2.6,0,1.5
6,55.44771,0,0,0,60.01836,-2.6,0,1.5
6,55.46444,0,0,0,60.01836,-2.6,0,1.5
6,55.47578,0,0,0,60.01836,-2.6,0,1.5
6,55.48987,0,0,0,60.01836,-2.6,0,1.5
6,55.50083,0,0,0,60.01836,-2.6,0,1.5
6,55.51137,0,0,0,60.01836,-2.6,0,1.5
6,55.52129,0,0,0,60.01836,-2.6,0,1.5
6,55.53065,0,0,0,60.01836,-2.6,0,1.5
6,55.54185,0,0,0,60.01836,-2.6,0,1.5
6,55.55265,0,0,0,60.01836,-2.6,0,1.5
6,55.5617,0,0,0,60.01836,-2.6,0,1.5
6,55.57062,0,0,0,60.01836,-2.6,0,1.5
6,55.57941,0,0,0,60.01836,-2.6,0,1.5
6,55.59011,0,0,0,60.01836,-2.6,0,1.5
6,55.60023,0,0,0,60.01836,-2.6,0,1.5
6,55.61125,0,0,0,60.01836,-2.6,0,1.5
6,55.62202,0,0,0,60.01836,-2.6,0,1.5
6,55.63023,0,0,0,60.01836,-2.6,0,1.5
6,55.63976,0,0,0,60.01836,-2.6,0,1.5
6,55.64947,0,0,0,60.01836,-2.6,0,1.5
6,55.65767,0,0,0,60.01836,-2.6,0,1.5
6,55.66702,0,0,0,60.01836,-2.6,0,1.5
6,55.67622,0,0,0,60.01836,-2.6,0,1.5
6,55.68606,0,0,0,60.01836,-2.6,0,1.5
6,55.69572,0,0,0,60.01836,-2.6,0,1.5
6,55.7043,0,0,0,60.01836,-2.6,0,1.5
6,55.71556,0,0,0,60.01836,-2.6,0,1.5
6,55.72608,0,0,0,60.01836,-2.6,0,1.5
6,55.73552,0,0,0,60.01836,-2.6,0,1.5
6,55.74519,0,0,0,60.01836,-2.6,0,1.5
6,55.75456,0,0,0,60.01836,-2.6,0,1.5
6,55.76308,0,0,0,60.01836,-2.6,0,1.5
6,55.77188,0,0,0,60.01836,-2.6,0,1.5
6,55.7809,0,0,0,60.01836,-2.6,0,1.5
6,55.79131,0,0,0,60.01836,-2.6,0,1.5
6,55.79972,0,0,0,60.01836,-2.6,0,1.5
6,55.80921,0,0,0,60.01836,-2.6,0,1.5
6,55.81846,0,0,0,60.01836,-2.6,0,1.5
6,55.8283,0,0,0,60.01836,-2.6,0,1.5
6,55.83714,0,0,0,60.01836,-2.6,0,1.5
6,55.84688,0,0,0,60.01836,-2.6,0,1.5
6,55.85799,0,0,0,60.01836,-2.6,0,1.5
6,55.86708,0,0,0,60.01836,-2.6,0,1.5
6,55.87605,0,0,0,60.01836,-2.6,0,1.5
6,55.88546,0,0,0,60.01836,-2.6,0,1.5
6,55.89454,0,0,0,60.01836,-2.6,0,1.5
6,55.90274,0,0,0,60.01836,-2.6,0,1.5
6,55.91155,0,0,0,60.01836,-2.6,0,1.5
6,55.92065,0,0,0,60.01836,-2.6,0,1.5
6,55.92945,0,0,0,60.01836,-2.6,0,1.5
6,55.93834,0,0,0,60.01836,-2.6,0,1.5
6,55.94559,0,0,0,60.01836,-2.6,0,1.5
6,55.95446,0,0,0,60.01836,-2.6,0,1.5
6,55.96521,0,0,0,60.01836,-2.6,0,1.5
6,55.97532,0,0,0,60.01836,-2.6,0,1.5
6,55.98441,0,0,0,60.01836,-2.6,0,1.5
6,55.9963,0,0,0,60.01836,-2.6,0,1.5
6,56.00687,0,0,0,60.01836,-2.6,0,1.5
6,56.01991,0,0,0,60.01836,-2.6,0,1.5
6,56.03091,0,0,0,60.01836,-2.6,0,1.5
6,56.04403,0,0,0,60.01836,-2.6,0,1.5
6,56.05856,0,0,0,60.01836,-2.6,0,1.5
6,56.07145,0,0,0,60.01836,-2.6,0,1.5
6,56.08333,0,0,0,60.01836,-2.6,0,1.5
6,56.09338,0,0,0,60.01836,-2.6,0,1.5
6,56.10581,0,0,0,60.01836,-2.6,0,1.5
6,56.11899,0,0,0,60.01836,-2.6,0,1.5
6,56.12981,0,0,0,60.01836,-2.6,0,1.5
6,56.14275,0,0,0,60.01836,-2.6,0,1.5
6,56.15467,0,0,0,60.01836,-2.6,0,1.5
6,56.16609,0,0,0,60.01836,-2.6,0,1.5
6,56.18642,0,0,0,60.01836,-2.6,0,1.5
6,56.21003,0,0,0,60.01836,-2.6,0,1.5
6,56.22298,0,0,0,60.01836,-2.6,0,1.5
6,56.23671,0,0,0,60.01836,-2.6,0,1.5
6,56.24817,0,0,0,60.01836,-2.6,0,1.5
6,56.25958,0,0,0,60.01836,-2.6,0,1.5
6,56.27224,0,0,0,60.01836,-2.6,0,1.5
6,56.28431,0,0,0,60.01836,-2.6,0,1.5
6,56.29687,0,0,0,60.01836,-2.6,0,1.5
6,56.31166,0,0,0,60.01836,-2.6,0,1.5
6,56.32487,0,0,0,60.01836,-2.6,0,1.5
6,56.33841,0,0,0,60.01836,-2.6,0,1.5
6,56.35223,0,0,0,60.01836,-2.6,0,1.5
6,56.3666,0,0,0,60.01836,-2.6,0,1.5
6,56.38107,0,0,0,60.01836,-2.6,0,1.5
6,56.39547,0,0,0,60.01836,-2.6,0,1.5
6,56.40863,0,0,0,60.01836,-2.6,0,1.5
6,56.42218,0,0,0,60.01836,-2.6,0,1.5
6,56.43517,0,0,0,60.01836,-2.6,0,1.5
6,56.44876,0,0,0,60.01836,-2.6,0,1.5
6,56.46141,0,0,0,60.01836,-2.6,0,1.5
6,56.47547,0,0,0,60.01836,-2.6,0,1.5
6,56.48888,0,0,0,60.01836,-2.6,0,1.5
6,56.50443,0,0,0,60.01836,-2.6,0,1.5
6,56.52094,0,0,0,60.01836,-2.6,0,1.5
6,56.53683,0,0,0,60.01836,-2.6,0,1.5
6,56.55133,0,0,0,60.01836,-2.6,0,1.5
6,56.5666,0,0,0,60.01836,-2.6,0,1.5
6,56.58176,0,0,0,60.01836,-2.6,0,1.5
6,56.59546,0,0,0,60.01836,-2.6,0,1.5
6,56.60935,0,0,0,60.01836,-2.6,0,1.5
6,56.62294,0,0,0,60.01836,-2.6,0,1.5
6,56.63781,0,0,0,60.01836,-2.6,0,1.5
6,56.65137,0,0,0,60.01836,-2.6,0,1.5
6,56.66509,0,0,0,60.01836,-2.6,0,1.5
6,56.67743,0,0,0,60.01836,-2.6,0,1.5
6,56.69013,0,0,0,60.01836,-2.6,0,1.5
6,56.70205,0,0,0,60.01836,-2.6,0,1.5
6,56.71607,0,0,0,60.01836,-2.6,0,1.5
6,56.7287,0,0,0,60.01836,-2.6,0,1.5
6,56.74213,0,0,0,60.01836,-2.6,0,1.5
6,56.7556,0,0,0,60.01836,-2.6,0,1.5
6,56.76802,0,0,0,60.01836,-2.6,0,1.5
6,56.7803,0,0,0,60.01836,-2.6,0,1.5
6,56.78977,0,0,0,60.01836,-2.6,0,1.5
6,56.79997,0,0,0,60.01836,-2.6,0,1.5
6,56.8092,0,0,0,60.01836,-2.6,0,1.5
6,56.8186,0,0,0,60.01836,-2.6,0,1.5
6,56.82777,0,0,0,60.01836,-2.6,0,1.5
6,56.83699,0,0,0,60.01836,-2.6,0,1.5
6,56.84715,0,0,0,60.01836,-2.6,0,1.5
6,56.8571,0,0,0,60.01836,-2.6,0,1.5
6,56.86608,0,0,0,60.01836,-2.6,0,1.5
6,56.87647,0,0,0,60.01836,-2.6,0,1.5
6,56.8854,0,0,0,60.01836,-2.6,0,1.5
6,56.89454,0,0,0,60.01836,-2.6,0,1.5
6,56.90316,0,0,0,60.01836,-2.6,0,1.5
6,56.91353,0,0,0,60.01836,-2.6,0,1.5
6,56.92318,0,0,0,60.01836,-2.6,0,1.5
6,56.93212,0,0,0,60.01836,-2.6,0,1.5
6,56.94171,0,0,0,60.01836,-2.6,0,1.5
6,56.95251,0,0,0,60.01836,-2.6,0,1.5
6,56.96225,0,0,0,60.01836,-2.6,0,1.5
6,56.9719,0,0,0,60.01836,-2.6,0,1.5
6,56.98078,0,0,0,60.01836,-2.6,0,1.5
6,56.99134,0,0,0,60.01836,-2.6,0,1.5
6,57.00193,0,0,0,60.01836,-2.6,0,1.5
6,57.01123,0,0,0,60.01836,-2.6,0,1.5
6,57.02026,0,0,0,60.01836,-2.6,0,1.5
6,57.03005,0,0,0,60.01836,-2.6,0,1.5
6,57.04037,0,0,0,60.01836,-2.6,0,1.5
6,57.04996,0,0,0,60.01836,-2.6,0,1.5
6,57.05989,0,0,0,60.01836,-2.6,0,1.5
6,57.07263,0,0,0,60.01836,-2.6,0,1.5
6,57.08414,0,0,0,60.01836,-2.6,0,1.5
6,57.09528,0,0,0,60.01836,-2.6,0,1.5
6,57.10415,0,0,0,60.01836,-2.6,0,1.5
6,57.11417,0,0,0,60.01836,-2.6,0,1.5
6,57.12473,0,0,0,60.01836,-2.6,0,1.5
6,57.13392,0,0,0,60.01836,-2.6,0,1.5
6,57.14262,0,0,0,60.01836,-2.6,0,1.5
6,57.15074,0,0,0,60.01836,-2.6,0,1.5
6,57.16121,0,0,0,60.01836,-2.6,0,1.5
6,57.1701,0,0,0,60.01836,-2.6,0,1.5
6,57.17872,0,0,0,60.01836,-2.6,0,1.5
6,57.18845,0,0,0,60.01836,-2.6,0,1.5
6,57.19747,0,0,0,60.01836,-2.6,0,1.5
6,57.20563,0,0,0,60.01836,-2.6,0,1.5
6,57.21353,0,0,0,60.01836,-2.6,0,1.5
6,57.22558,0,0,0,60.01836,-2.6,0,1.5
6,57.23586,0,0,0,60.01836,-2.6,0,1.5
6,57.24736,0,0,0,60.01836,-2.6,0,1.5
6,57.25891,0,0,0,60.01836,-2.6,0,1.5
6,57.27029,0,0,0,60.01836,-2.6,0,1.5
6,57.28103,0,0,0,60.01836,-2.6,0,1.5
6,57.2919,0,0,0,60.01836,-2.6,0,1.5
6,57.30378,0,0,0,60.01836,-2.6,0,1.5
6,57.31752,0,0,0,60.01836,-2.6,0,1.5
6,57.32736,0,0,0,60.01836,-2.6,0,1.5
6,57.33662,0,0,0,60.01836,-2.6,0,1.5
6,57.35117,0,0,0,60.01836,-2.6,0,1.5
6,57.36498,0,0,0,60.01836,-2.6,0,1.5
6,57.37807,0,0,0,60.01836,-2.6,0,1.5
6,57.39079,0,0,0,60.01836,-2.6,0,1.5
6,57.40339,0,0,0,60.01836,-2.6,0,1.5
6,57.41568,0,0,0,60.01836,-2.6,0,1.5
6,57.42961,0,0,0,60.01836,-2.6,0,1.5
6,57.44285,0,0,0,60.01836,-2.6,0,1.5
6,57.45691,0,0,0,60.01836,-2.6,0,1.5
6,57.47119,0,0,0,60.01836,-2.6,0,1.5
6,57.48473,0,0,0,60.01836,-2.6,0,1.5
6,57.49718,0,0,0,60.01836,-2.6,0,1.5
6,57.50984,0,0,0,60.01836,-2.6,0,1.5
6,57.52357,0,0,0,60.01836,-2.6,0,1.5
6,57.537,0,0,0,60.01836,-2.6,0,1.5
6,57.55014,0,0,0,60.01836,-2.6,0,1.5
6,57.56277,0,0,0,60.01836,-2.6,0,1.5
6,57.57748,0,0,0,60.01836,-2.6,0,1.5
6,57.59001,0,0,0,60.01836,-2.6,0,1.5
6,57.60626,0,0,0,60.01836,-2.6,0,1.5
6,57.61965,0,0,0,60.01836,-2.6,0,1.5
6,57.63185,0,0,0,60.01836,-2.6,0,1.5
6,57.64546,0,0,0,60.01836,-2.6,0,1.5
6,57.65767,0,0,0,60.01836,-2.6,0,1.5
6,57.66959,0,0,0,60.01836,-2.6,0,1.5
6,57.6813,0,0,0,60.01836,-2.6,0,1.5
6,57.69274,0,0,0,60.01836,-2.6,0,1.5
6,57.70419,0,0,0,60.01836,-2.6,0,1.5
6,57.71696,0,0,0,60.01836,-2.6,0,1.5
6,57.72828,0,0,0,60.01836,-2.6,0,1.5
6,57.74233,0,0,0,60.01836,-2.6,0,1.5
6,57.75462,0,0,0,60.01836,-2.6,0,1.5
6,57.76904,0,0,0,60.01836,-2.6,0,1.5
6,57.78688,0,0,0,60.01836,-2.6,0,1.5
6,57.79979,0,0,0,60.01836,-2.6,0,1.5
6,57.81414,0,0,0,60.01836,-2.6,0,1.5
6,57.82675,0,0,0,60.01836,-2.6,0,1.5
6,57.84175,0,0,0,60.01836,-2.6,0,1.5
6,57.85549,0,0,0,60.01836,-2.6,0,1.5
6,57.86888,0,0,0,60.01836,-2.6,0,1.5
6,57.88371,0,0,0,60.01836,-2.6,0,1.5
6,57.89566,0,0,0,60.01836,-2.6,0,1.5
6,57.90846,0,0,0,60.01836,-2.6,0,1.5
6,57.92145,0,0,0,60.01836,-2.6,0,1.5
6,57.93304,0,0,0,60.01836,-2.6,0,1.5
6,57.94361,0,0,0,60.01836,-2.6,0,1.5
6,57.95401,0,0,0,60.01836,-2.6,0,1.5
6,57.96315,0,0,0,60.01836,-2.6,0,1.5
6,57.97174,0,0,0,60.01836,-2.6,0,1.5
6,57.98058,0,0,0,60.01836,-2.6,0,1.5
6,57.99061,0,0,0,60.01836,-2.6,0,1.5
6,58.0003,0,0,0,60.01836,-2.6,0,1.5
6,58.01123,0,0,0,60.01836,-2.6,0,1.5
6,58.02219,0,0,0,60.01836,-2.6,0,1.5
6,58.03104,0,0,0,60.01836,-2.6,0,1.5
6,58.03928,0,0,0,60.01836,-2.6,0,1.5
6,58.0472,0,0,0,60.01836,-2.6,0,1.5
6,58.05659,0,0,0,60.01836,-2.6,0,1.5
6,58.06593,0,0,0,60.01836,-2.6,0,1.5
6,58.07648,0,0,0,60.01836,-2.6,0,1.5
6,58.08512,0,0,0,60.01836,-2.6,0,1.5
6,58.09563,0,0,0,60.01836,-2.6,0,1.5
6,58.10741,0,0,0,60.01836,-2.6,0,1.5
6,58.11856,0,0,0,60.01836,-2.6,0,1.5
6,58.12923,0,0,0,60.01836,-2.6,0,1.5
6,58.13976,0,0,0,60.01836,-2.6,0,1.5
6,58.15112,0,0,0,60.01836,-2.6,0,1.5
6,58.16129,0,0,0,60.01836,-2.6,0,1.5
6,58.17005,0,0,0,60.01836,-2.6,0,1.5
6,58.17975,0,0,0,60.01836,-2.6,0,1.5
6,58.18901,0,0,0,60.01836,-2.6,0,1.5
6,58.19764,0,0,0,60.01836,-2.6,0,1.5
6,58.20781,0,0,0,60.01836,-2.6,0,1.5
6,58.2172,0,0,0,60.01836,-2.6,0,1.5
6,58.22524,0,0,0,60.01836,-2.6,0,1.5
6,58.23441,0,0,0,60.01836,-2.6,0,1.5
6,58.24488,0,0,0,60.01836,-2.6,0,1.5
6,58.25457,0,0,0,60.01836,-2.6,0,1.5
6,58.2636,0,0,0,60.01836,-2.6,0,1.5
6,58.27269,0,0,0,60.01836,-2.6,0,1.5
6,58.28349,0,0,0,60.01836,-2.6,0,1.5
6,58.29206,0,0,0,60.01836,-2.6,0,1.5
6,58.30184,0,0,0,60.01836,-2.6,0,1.5
6,58.31123,0,0,0,60.01836,-2.6,0,1.5
6,58.31959,0,0,0,60.01836,-2.6,0,1.5
6,58.32894,0,0,0,60.01836,-2.6,0,1.5
6,58.33912,0,0,0,60.01836,-2.6,0,1.5
6,58.34655,0,0,0,60.01836,-2.6,0,1.5
6,58.35548,0,0,0,60.01836,-2.6,0,1.5
6,58.36421,0,0,0,60.01836,-2.6,0,1.5
6,58.37455,0,0,0,60.01836,-2.6,0,1.5
6,58.38445,0,0,0,60.01836,-2.6,0,1.5
6,58.39491,0,0,0,60.01836,-2.6,0,1.5
6,58.404,0,0,0,60.01836,-2.6,0,1.5
6,58.41389,0,0,0,60.01836,-2.6,0,1.5
6,58.42435,0,0,0,60.01836,-2.6,0,1.5
6,58.43393,0,0,0,60.01836,-2.6,0,1.5
6,58.4441,0,0,0,60.01836,-2.6,0,1.5
6,58.45433,0,0,0,60.01836,-2.6,0,1.5
6,58.46518,0,0,0,60.01836,-2.6,0,1.5
6,58.47673,0,0,0,60.01836,-2.6,0,1.5
6,58.50138,0,0,0,60.01836,-2.6,0,1.5
6,58.51282,0,0,0,60.01836,-2.6,0,1.5
6,58.52375,0,0,0,60.01836,-2.6,0,1.5
6,58.53453,0,0,0,60.01836,-2.6,0,1.5
6,58.54523,0,0,0,60.01836,-2.6,0,1.5
6,58.55694,0,0,0,60.01836,-2.6,0,1.5
6,58.5677,0,0,0,60.01836,-2.6,0,1.5
6,58.57955,0,0,0,60.01836,-2.6,0,1.5
6,58.59088,0,0,0,60.01836,-2.6,0,1.5
6,58.60456,0,0,0,60.01836,-2.6,0,1.5
6,58.62002,0,0,0,60.01836,-2.6,0,1.5
6,58.6333,0,0,0,60.01836,-2.6,0,1.5
6,58.64648,0,0,0,60.01836,-2.6,0,1.5
6,58.659,0,0,0,60.01836,-2.6,0,1.5
6,58.67152,0,0,0,60.01836,-2.6,0,1.5
6,58.68393,0,0,0,60.01836,-2.6,0,1.5
6,58.69629,0,0,0,60.01836,-2.6,0,1.5
6,58.70824,0,0,0,60.01836,-2.6,0,1.5
6,58.72179,0,0,0,60.01836,-2.6,0,1.5
6,58.73499,0,0,0,60.01836,-2.6,0,1.5
6,58.74735,0,0,0,60.01836,-2.6,0,1.5
6,58.75945,0,0,0,60.01836,-2.6,0,1.5
6,58.77419,0,0,0,60.01836,-2.6,0,1.5
6,58.78856,0,0,0,60.01836,-2.6,0,1.5
6,58.8011,0,0,0,60.01836,-2.6,0,1.5
6,58.81446,0,0,0,60.01836,-2.6,0,1.5
6,58.82701,0,0,0,60.01836,-2.6,0,1.5
6,58.83762,0,0,0,60.01836,-2.6,0,1.5
6,58.84976,0,0,0,60.01836,-2.6,0,1.5
6,58.86262,0,0,0,60.01836,-2.6,0,1.5
6,58.87446,0,0,0,60.01836,-2.6,0,1.5
6,58.88538,0,0,0,60.01836,-2.6,0,1.5
6,58.89647,0,0,0,60.01836,-2.6,0,1.5
6,58.90756,0,0,0,60.01836,-2.6,0,1.5
6,58.91993,0,0,0,60.01836,-2.6,0,1.5
6,58.93353,0,0,0,60.01836,-2.6,0,1.5
6,58.94607,0,0,0,60.01836,-2.6,0,1.5
6,58.95856,0,0,0,60.01836,-2.6,0,1.5
6,58.96988,0,0,0,60.01836,-2.6,0,1.5
6,58.9828,0,0,0,60.01836,-2.6,0,1.5
6,58.99569,0,0,0,60.01836,-2.6,0,1.5
6,59.01342,0,0,0,60.01836,-2.6,0,1.5
6,59.02586,0,0,0,60.01836,-2.6,0,1.5
6,59.04148,0,0,0,60.01836,-2.6,0,1.5
6,59.05673,0,0,0,60.01836,-2.6,0,1.5
6,59.07175,0,0,0,60.01836,-2.6,0,1.5
6,59.08569,0,0,0,60.01836,-2.6,0,1.5
6,59.09851,0,0,0,60.01836,-2.6,0,1.5
6,59.11129,0,0,0,60.01836,-2.6,0,1.5
6,59.13017,0,0,0,60.01836,-2.6,0,1.5
6,59.14481,0,0,0,60.01836,-2.6,0,1.5
6,59.15652,0,0,0,60.01836,-2.6,0,1.5
6,59.16687,0,0,0,60.01836,-2.6,0,1.5
6,59.17555,0,0,0,60.01836,-2.6,0,1.5
6,59.1868,0,0,0,60.01836,-2.6,0,1.5
6,59.19646,0,0,0,60.01836,-2.6,0,1.5
6,59.20503,0,0,0,60.01836,-2.6,0,1.5
6,59.21276,0,0,0,60.01836,-2.6,0,1.5
6,59.22281,0,0,0,60.01836,-2.6,0,1.5
6,59.23178,0,0,0,60.01836,-2.6,0,1.5
6,59.24052,0,0,0,60.01836,-2.6,0,1.5
6,59.25013,0,0,0,60.01836,-2.6,0,1.5
6,59.25804,0,0,0,60.01836,-2.6,0,1.5
6,59.26621,0,0,0,60.01836,-2.6,0,1.5
6,59.27694,0,0,0,60.01836,-2.6,0,1.5
6,59.28872,0,0,0,60.01836,-2.6,0,1.5
6,59.29829,0,0,0,60.01836,-2.6,0,1.5
6,59.30921,0,0,0,60.01836,-2.6,0,1.5
6,59.31839,0,0,0,60.01836,-2.6,0,1.5
6,59.32581,0,0,0,60.01836,-2.6,0,1.5
6,59.33459,0,0,0,60.01836,-2.6,0,1.5
6,59.34424,0,0,0,60.01836,-2.6,0,1.5
6,59.35531,0,0,0,60.01836,-2.6,0,1.5
6,59.36454,0,0,0,60.01836,-2.6,0,1.5
6,59.37374,0,0,0,60.01836,-2.6,0,1.5
6,59.38369,0,0,0,60.01836,-2.6,0,1.5
6,59.39247,0,0,0,60.01836,-2.6,0,1.5
6,59.4026,0,0,0,60.01836,-2.6,0,1.5
6,59.41389,0,0,0,60.01836,-2.6,0,1.5
6,59.42378,0,0,0,60.01836,-2.6,0,1.5
6,59.43417,0,0,0,60.01836,-2.6,0,1.5
6,59.44479,0,0,0,60.01836,-2.6,0,1.5
6,59.45458,0,0,0,60.01836,-2.6,0,1.5
6,59.46313,0,0,0,60.01836,-2.6,0,1.5
6,59.47258,0,0,0,60.01836,-2.6,0,1.5
6,59.48048,0,0,0,60.01836,-2.6,0,1.5
6,59.48949,0,0,0,60.01836,-2.6,0,1.5
6,59.49852,0,0,0,60.01836,-2.6,0,1.5
6,59.50778,0,0,0,60.01836,-2.6,0,1.5
6,59.517,0,0,0,60.01836,-2.6,0,1.5
6,59.52594,0,0,0,60.01836,-2.6,0,1.5
6,59.53658,0,0,0,60.01836,-2.6,0,1.5
6,59.54595,0,0,0,60.01836,-2.6,0,1.5
6,59.55542,0,0,0,60.01836,-2.6,0,1.5
6,59.5651,0,0,0,60.01836,-2.6,0,1.5
6,59.57385,0,0,0,60.01836,-2.6,0,1.5
6,59.58268,0,0,0,60.01836,-2.6,0,1.5
6,59.59177,0,0,0,60.01836,-2.6,0,1.5
6,59.60168,0,0,0,60.01836,-2.6,0,1.5
6,59.61126,0,0,0,60.01836,-2.6,0,1.5
6,59.62127,0,0,0,60.01836,-2.6,0,1.5
6,59.63235,0,0,0,60.01836,-2.6,0,1.5
6,59.64496,0,0,0,60.01836,-2.6,0,1.5
6,59.65874,0,0,0,60.01836,-2.6,0,1.5
6,59.67147,0,0,0,60.01836,-2.6,0,1.5
6,59.68486,0,0,0,60.01836,-2.6,0,1.5
6,59.69684,0,0,0,60.01836,-2.6,0,1.5
6,59.70929,0,0,0,60.01836,-2.6,0,1.5
6,59.72194,0,0,0,60.01836,-2.6,0,1.5
6,59.7351,0,0,0,60.01836,-2.6,0,1.5
6,59.74712,0,0,0,60.01836,-2.6,0,1.5
6,59.76043,0,0,0,60.01836,-2.6,0,1.5
6,59.77393,0,0,0,60.01836,-2.6,0,1.5
6,59.78754,0,0,0,60.01836,-2.6,0,1.5
6,59.79847,0,0,0,60.01836,-2.6,0,1.5
6,59.81092,0,0,0,60.01836,-2.6,0,1.5
6,59.82392,0,0,0,60.01836,-2.6,0,1.5
6,59.83722,0,0,0,60.01836,-2.6,0,1.5
6,59.85025,0,0,0,60.01836,-2.6,0,1.5
6,59.86425,0,0,0,60.01836,-2.6,0,1.5
6,59.87757,0,0,0,60.01836,-2.6,0,1.5
6,59.89081,0,0,0,60.01836,-2.6,0,1.5
6,59.90276,0,0,0,60.01836,-2.6,0,1.5
6,59.91442,0,0,0,60.01836,-2.6,0,1.5
6,59.9269,0,0,0,60.01836,-2.6,0,1.5
6,59.9398,0,0,0,60.01836,-2.6,0,1.5
6,59.95203,0,0,0,60.01836,-2.6,0,1.5
6,59.96609,0,0,0,60.01836,-2.6,0,1.5
6,59.97803,0,0,0,60.01836,-2.6,0,1.5
6,59.99096,0,0,0,60.01836,-2.6,0,1.5
6,60.00288,0,0,0,60.01836,-2.6,0,1.5
6,60.01692,0,0,0,60.01836,-2.6,0,1.5
6,60.02892,0,0,0,60.01836,-2.6,0,1.5
6,60.04125,0,0,0,60.01836,-2.6,0,1.5
6,60.05522,0,0,0,60.01836,-2.6,0,1.5
6,60.0697,0,0,0,60.01836,-2.6,0,1.5
6,60.08375,0,0,0,60.01836,-2.6,0,1.5
6,60.09575,0,0,0,60.01836,-2.6,0,1.5
6,60.1074,0,0,0,60.01836,-2.6,0,1.5
6,60.12059,0,0,0,60.01836,-2.6,0,1.5
6,60.13486,0,0,0,60.01836,-2.6,0,1.5
6,60.149,0,0,0,60.01836,-2.6,0,1.5
6,60.16359,0,0,0,60.01836,-2.6,0,1.5
6,60.17708,0,0,0,60.01836,-2.6,0,1.5
6,60.19072,0,0,0,60.01836,-2.6,0,1.5
6,60.20521,0,0,0,60.01836,-2.6,0,1.5
6,60.21894,0,0,0,60.01836,-2.6,0,1.5
6,60.23337,0,0,0,60.01836,-2.6,0,1.5
6,60.24865,0,0,0,60.01836,-2.6,0,1.5
6,60.26217,0,0,0,60.01836,-2.6,0,1.5
6,60.27555,0,0,0,60.01836,-2.6,0,1.5
6,60.28861,0,0,0,60.01836,-2.6,0,1.5
6,60.30197,0,0,0,60.01836,-2.6,0,1.5
6,60.31781,0,0,0,60.01836,-2.6,0,1.5
6,60.33319,0,0,0,60.01836,-2.6,0,1.5
6,60.34696,0,0,0,60.01836,-2.6,0,1.5
6,60.36061,0,0,0,60.01836,-2.6,0,1.5
6,60.37463,0,0,0,60.01836,-2.6,0,1.5
6,60.38838,0,0,0,60.01836,-2.6,0,1.5
6,60.40173,0,0,0,60.01836,-2.6,0,1.5
6,60.41537,0,0,0,60.01836,-2.6,0,1.5
6,60.43197,0,0,0,60.01836,-2.6,0,1.5
6,60.44438,0,0,0,60.01836,-2.6,0,1.5
6,60.45701,0,0,0,60.01836,-2.6,0,1.5
6,60.47162,0,0,0,60.01836,-2.6,0,1.5
6,60.4823,0,0,0,60.01836,-2.6,0,1.5
6,60.49154,0,0,0,60.01836,-2.6,0,1.5
6,60.50194,0,0,0,60.01836,-2.6,0,1.5
6,60.51264,0,0,0,60.01836,-2.6,0,1.5
6,60.52158,0,0,0,60.01836,-2.6,0,1.5
6,60.53102,0,0,0,60.01836,-2.6,0,1.5
6,60.53939,0,0,0,60.01836,-2.6,0,1.5
6,60.54964,0,0,0,60.01836,-2.6,0,1.5
6,60.55931,0,0,0,60.01836,-2.6,0,1.5
6,60.56871,0,0,0,60.01836,-2.6,0,1.5
6,60.5795,0,0,0,60.01836,-2.6,0,1.5
6,60.59012,0,0,0,60.01836,-2.6,0,1.5
6,60.60003,0,0,0,60.01836,-2.6,0,1.5
6,60.6109,0,0,0,60.01836,-2.6,0,1.5
6,60.62051,0,0,0,60.01836,-2.6,0,1.5
6,60.63054,0,0,0,60.01836,-2.6,0,1.5
6,60.64009,0,0,0,60.01836,-2.6,0,1.5
6,60.65023,0,0,0,60.01836,-2.6,0,1.5
6,60.66086,0,0,0,60.01836,-2.6,0,1.5
6,60.67264,0,0,0,60.01836,-2.6,0,1.5
6,60.68312,0,0,0,60.01836,-2.6,0,1.5
6,60.69096,0,0,0,60.01836,-2.6,0,1.5
6,60.70111,0,0,0,60.01836,-2.6,0,1.5
6,60.70948,0,0,0,60.01836,-2.6,0,1.5
6,60.71987,0,0,0,60.01836,-2.6,0,1.5
6,60.72926,0,0,0,60.01836,-2.6,0,1.5
6,60.73898,0,0,0,60.01836,-2.6,0,1.5
6,60.74685,0,0,0,60.01836,-2.6,0,1.5
6,60.75534,0,0,0,60.01836,-2.6,0,1.5
6,60.76616,0,0,0,60.01836,-2.6,0,1.5
6,60.77547,0,0,0,60.01836,-2.6,0,1.5
6,60.7843,0,0,0,60.01836,-2.6,0,1.5
6,60.79508,0,0,0,60.01836,-2.6,0,1.5
6,60.80254,0,0,0,60.01836,-2.6,0,1.5
6,60.81379,0,0,0,60.01836,-2.6,0,1.5
6,60.8241,0,0,0,60.01836,-2.6,0,1.5
6,60.84158,0,0,0,60.01836,-2.6,0,1.5
6,60.85759,0,0,0,60.01836,-2.6,0,1.5
6,60.86693,0,0,0,60.01836,-2.6,0,1.5
6,60.87674,0,0,0,60.01836,-2.6,0,1.5
6,60.88592,0,0,0,60.01836,-2.6,0,1.5
6,60.8948,0,0,0,60.01836,-2.6,0,1.5
6,60.90311,0,0,0,60.01836,-2.6,0,1.5
6,60.9112,0,0,0,60.01836,-2.6,0,1.5
6,60.91968,0,0,0,60.01836,-2.6,0,1.5
6,60.92728,0,0,0,60.01836,-2.6,0,1.5
6,60.93592,0,0,0,60.01836,-2.6,0,1.5
6,60.94458,0,0,0,60.01836,-2.6,0,1.5
6,60.95481,0,0,0,60.01836,-2.6,0,1.5
6,60.96438,0,0,0,60.01836,-2.6,0,1.5
6,60.97447,0,0,0,60.01836,-2.6,0,1.5
6,60.98704,0,0,0,60.01836,-2.6,0,1.5
6,60.99784,0,0,0,60.01836,-2.6,0,1.5
6,61.00785,0,0,0,60.01836,-2.6,0,1.5
6,61.01914,0,0,0,60.01836,-2.6,0,1.5
6,61.03321,0,0,0,60.01836,-2.6,0,1.5
6,61.04523,0,0,0,60.01836,-2.6,0,1.5
6,61.05609,0,0,0,60.01836,-2.6,0,1.5
6,61.06484,0,0,0,60.01836,-2.6,0,1.5
6,61.07588,0,0,0,60.01836,-2.6,0,1.5
6,61.08979,0,0,0,60.01836,-2.6,0,1.5
6,61.10379,0,0,0,60.01836,-2.6,0,1.5
6,61.11611,0,0,0,60.01836,-2.6,0,1.5
6,61.12725,0,0,0,60.01836,-2.6,0,1.5
6,61.14019,0,0,0,60.01836,-2.6,0,1.5
6,61.15242,0,0,0,60.01836,-2.6,0,1.5
6,61.16555,0,0,0,60.01836,-2.6,0,1.5
6,61.17939,0,0,0,60.01836,-2.6,0,1.5
6,61.19506,0,0,0,60.01836,-2.6,0,1.5
6,61.20684,0,0,0,60.01836,-2.6,0,1.5
6,61.21986,0,0,0,60.01836,-2.6,0,1.5
6,61.23175,0,0,0,60.01836,-2.6,0,1.5
6,61.24341,0,0,0,60.01836,-2.6,0,1.5
6,61.25534,0,0,0,60.01836,-2.6,0,1.5
6,61.26585,0,0,0,60.01836,-2.6,0,1.5
6,61.27755,0,0,0,60.01836,-2.6,0,1.5
6,61.28977,0,0,0,60.01836,-2.6,0,1.5
6,61.3033,0,0,0,60.01836,-2.6,0,1.5
6,61.31466,0,0,0,60.01836,-2.6,0,1.5
6,61.32982,0,0,0,60.01836,-2.6,0,1.5
6,61.34217,0,0,0,60.01836,-2.6,0,1.5
6,61.35508,0,0,0,60.01836,-2.6,0,1.5
6,61.36623,0,0,0,60.01836,-2.6,0,1.5
6,61.37845,0,0,0,60.01836,-2.6,0,1.5
6,61.39041,0,0,0,60.01836,-2.6,0,1.5
6,61.40292,0,0,0,60.01836,-2.6,0,1.5
6,61.416,0,0,0,60.01836,-2.6,0,1.5
6,61.42911,0,0,0,60.01836,-2.6,0,1.5
6,61.44162,0,0,0,60.01836,-2.6,0,1.5
6,61.45502,0,0,0,60.01836,-2.6,0,1.5
6,61.46739,0,0,0,60.01836,-2.6,0,1.5
6,61.4816,0,0,0,60.01836,-2.6,0,1.5
6,61.49682,0,0,0,60.01836,-2.6,0,1.5
6,61.50976,0,0,0,60.01836,-2.6,0,1.5
6,61.52192,0,0,0,60.01836,-2.6,0,1.5
6,61.53416,0,0,0,60.01836,-2.6,0,1.5
6,61.54646,0,0,0,60.01836,-2.6,0,1.5
6,61.55821,0,0,0,60.01836,-2.6,0,1.5
6,61.57154,0,0,0,60.01836,-2.6,0,1.5
6,61.58461,0,0,0,60.01836,-2.6,0,1.5
6,61.59908,0,0,0,60.01836,-2.6,0,1.5
6,61.61422,0,0,0,60.01836,-2.6,0,1.5
6,61.63002,0,0,0,60.01836,-2.6,0,1.5
6,61.64495,0,0,0,60.01836,-2.6,0,1.5
6,61.65844,0,0,0,60.01836,-2.6,0,1.5
6,61.67076,0,0,0,60.01836,-2.6,0,1.5
6,61.68187,0,0,0,60.01836,-2.6,0,1.5
6,61.69596,0,0,0,60.01836,-2.6,0,1.5
6,61.70884,0,0,0,60.01836,-2.6,0,1.5
6,61.71918,0,0,0,60.01836,-2.6,0,1.5
6,61.72989,0,0,0,60.01836,-2.6,0,1.5
6,61.73954,0,0,0,60.01836,-2.6,0,1.5
6,61.75061,0,0,0,60.01836,-2.6,0,1.5
6,61.759,0,0,0,60.01836,-2.6,0,1.5
6,61.76793,0,0,0,60.01836,-2.6,0,1.5
6,61.77691,0,0,0,60.01836,-2.6,0,1.5
6,61.78535,0,0,0,60.01836,-2.6,0,1.5
6,61.79487,0,0,0,60.01836,-2.6,0,1.5
6,61.80536,0,0,0,60.01836,-2.6,0,1.5
6,61.81394,0,0,0,60.01836,-2.6,0,1.5
6,61.82539,0,0,0,60.01836,-2.6,0,1.5
6,61.8362,0,0,0,60.01836,-2.6,0,1.5
6,61.84643,0,0,0,60.01836,-2.6,0,1.5
6,61.85717,0,0,0,60.01836,-2.6,0,1.5
6,61.86619,0,0,0,60.01836,-2.6,0,1.5
6,61.87566,0,0,0,60.01836,-2.6,0,1.5
6,61.88429,0,0,0,60.01836,-2.6,0,1.5
6,61.8946,0,0,0,60.01836,-2.6,0,1.5
6,61.90363,0,0,0,60.01836,-2.6,0,1.5
6,61.91349,0,0,0,60.01836,-2.6,0,1.5
6,61.92316,0,0,0,60.01836,-2.6,0,1.5
6,61.93162,0,0,0,60.01836,-2.6,0,1.5
6,61.94107,0,0,0,60.01836,-2.6,0,1.5
6,61.94916,0,0,0,60.01836,-2.6,0,1.5
6,61.95748,0,0,0,60.01836,-2.6,0,1.5
6,61.96649,0,0,0,60.01836,-2.6,0,1.5
6,61.97495,0,0,0,60.01836,-2.6,0,1.5
6,61.98323,0,0,0,60.01836,-2.6,0,1.5
6,61.99269,0,0,0,60.01836,-2.6,0,1.5
6,62.00341,0,0,0,60.01836,-2.6,0,1.5
6,62.01393,0,0,0,60.01836,-2.6,0,1.5
6,62.02559,0,0,0,60.01836,-2.6,0,1.5
6,62.03482,0,0,0,60.01836,-2.6,0,1.5
6,62.04394,0,0,0,60.01836,-2.6,0,1.5
6,62.05204,0,0,0,60.01836,-2.6,0,1.5
6,62.0611,0,0,0,60.01836,-2.6,0,1.5
6,62.06918,0,0,0,60.01836,-2.6,0,1.5
6,62.07864,0,0,0,60.01836,-2.6,0,1.5
6,62.0875,0,0,0,60.01836,-2.6,0,1.5
6,62.09739,0,0,0,60.01836,-2.6,0,1.5
6,62.10561,0,0,0,60.01836,-2.6,0,1.5
6,62.11526,0,0,0,60.01836,-2.6,0,1.5
6,62.127,0,0,0,60.01836,-2.6,0,1.5
6,62.13643,0,0,0,60.01836,-2.6,0,1.5
6,62.14608,0,0,0,60.01836,-2.6,0,1.5
6,62.15581,0,0,0,60.01836,-2.6,0,1.5
6,62.16442,0,0,0,60.01836,-2.6,0,1.5
6,62.1749,0,0,0,60.01836,-2.6,0,1.5
6,62.18327,0,0,0,60.01836,-2.6,0,1.5
6,62.19201,0,0,0,60.01836,-2.6,0,1.5
6,62.2014,0,0,0,60.01836,-2.6,0,1.5
6,62.21251,0,0,0,60.01836,-2.6,0,1.5
6,62.22403,0,0,0,60.01836,-2.6,0,1.5
6,62.23717,0,0,0,60.01836,-2.6,0,1.5
6,62.25022,0,0,0,60.01836,-2.6,0,1.5
6,62.26207,0,0,0,60.01836,-2.6,0,1.5
6,62.27398,0,0,0,60.01836,-2.6,0,1.5
6,62.28585,0,0,0,60.01836,-2.6,0,1.5
6,62.297,0,0,0,60.01836,-2.6,0,1.5
6,62.30869,0,0,0,60.01836,-2.6,0,1.5
6,62.31781,0,0,0,60.01836,-2.6,0,1.5
6,62.33039,0,0,0,60.01836,-2.6,0,1.5
6,62.34362,0,0,0,60.01836,-2.6,0,1.5
6,62.35984,0,0,0,60.01836,-2.6,0,1.5
6,62.37439,0,0,0,60.01836,-2.6,0,1.5
6,62.38823,0,0,0,60.01836,-2.6,0,1.5
6,62.39975,0,0,0,60.01836,-2.6,0,1.5
6,62.41228,0,0,0,60.01836,-2.6,0,1.5
6,62.4251,0,0,0,60.01836,-2.6,0,1.5
6,62.43856,0,0,0,60.01836,-2.6,0,1.5
6,62.45098,0,0,0,60.01836,-2.6,0,1.5
6,62.46248,0,0,0,60.01836,-2.6,0,1.5
6,62.47559,0,0,0,60.01836,-2.6,0,1.5
6,62.48824,0,0,0,60.01836,-2.6,0,1.5
6,62.50004,0,0,0,60.01836,-2.6,0,1.5
6,62.51307,0,0,0,60.01836,-2.6,0,1.5
6,62.52449,0,0,0,60.01836,-2.6,0,1.5
6,62.5364,0,0,0,60.01836,-2.6,0,1.5
6,62.54826,0,0,0,60.01836,-2.6,0,1.5
6,62.55851,0,0,0,60.01836,-2.6,0,1.5
6,62.56935,0,0,0,60.01836,-2.6,0,1.5
6,62.58048,0,0,0,60.01836,-2.6,0,1.5
6,62.59243,0,0,0,60.01836,-2.6,0,1.5
6,62.60296,0,0,0,60.01836,-2.6,0,1.5
6,62.61377,0,0,0,60.01836,-2.6,0,1.5
6,62.62468,0,0,0,60.01836,-2.6,0,1.5
6,62.63736,0,0,0,60.01836,-2.6,0,1.5
6,62.64834,0,0,0,60.01836,-2.6,0,1.5
6,62.6624,0,0,0,60.01836,-2.6,0,1.5
6,62.67354,0,0,0,60.01836,-2.6,0,1.5
6,62.68496,0,0,0,60.01836,-2.6,0,1.5
6,62.69667,0,0,0,60.01836,-2.6,0,1.5
6,62.70904,0,0,0,60.01836,-2.6,0,1.5
6,62.72306,0,0,0,60.01836,-2.6,0,1.5
6,62.7378,0,0,0,60.01836,-2.6,0,1.5
6,62.75014,0,0,0,60.01836,-2.6,0,1.5
6,62.76373,0,0,0,60.01836,-2.6,0,1.5
6,62.82181,0,0,0,60.01836,-2.6,0,1.5
6,62.84212,0,0,0,60.01836,-2.6,0,1.5
6,62.86245,0,0,0,60.01836,-2.6,0,1.5
6,62.87803,0,0,0,60.01836,-2.6,0,1.5
6,62.89204,0,0,0,60.01836,-2.6,0,1.5
6,62.90773,0,0,0,60.01836,-2.6,0,1.5
6,62.92229,0,0,0,60.01836,-2.6,0,1.5
6,62.93766,0,0,0,60.01836,-2.6,0,1.5
6,62.95523,0,0,0,60.01836,-2.6,0,1.5
6,62.96765,0,0,0,60.01836,-2.6,0,1.5
6,62.9795,0,0,0,60.01836,-2.6,0,1.5
6,62.99013,0,0,0,60.01836,-2.6,0,1.5
6,63.00129,0,0,0,60.01836,-2.6,0,1.5
6,63.01112,0,0,0,60.01836,-2.6,0,1.5
6,63.02144,0,0,0,60.01836,-2.6,0,1.5
6,63.03335,0,0,0,60.01836,-2.6,0,1.5
6,63.04362,0,0,0,60.01836,-2.6,0,1.5
6,63.05196,0,0,0,60.01836,-2.6,0,1.5
6,63.06128,0,0,0,60.01836,-2.6,0,1.5
6,63.06917,0,0,0,60.01836,-2.6,0,1.5
6,63.07789,0,0,0,60.01836,-2.6,0,1.5
6,63.08581,0,0,0,60.01836,-2.6,0,1.5
6,63.09565,0,0,0,60.01836,-2.6,0,1.5
6,63.103,0,0,0,60.01836,-2.6,0,1.5
6,63.11238,0,0,0,60.01836,-2.6,0,1.5
6,63.12091,0,0,0,60.01836,-2.6,0,1.5
6,63.13039,0,0,0,60.01836,-2.6,0,1.5
6,63.14169,0,0,0,60.01836,-2.6,0,1.5
6,63.15224,0,0,0,60.01836,-2.6,0,1.5
6,63.16194,0,0,0,60.01836,-2.6,0,1.5
6,63.17105,0,0,0,60.01836,-2.6,0,1.5
6,63.18785,0,0,0,60.01836,-2.6,0,1.5
6,63.20368,0,0,0,60.01836,-2.6,0,1.5
6,63.21431,0,0,0,60.01836,-2.6,0,1.5
6,63.22358,0,0,0,60.01836,-2.6,0,1.5
6,63.2332,0,0,0,60.01836,-2.6,0,1.5
6,63.24541,0,0,0,60.01836,-2.6,0,1.5
6,63.25561,0,0,0,60.01836,-2.6,0,1.5
6,63.26476,0,0,0,60.01836,-2.6,0,1.5
6,63.27395,0,0,0,60.01836,-2.6,0,1.5
6,63.28472,0,0,0,60.01836,-2.6,0,1.5
6,63.29555,0,0,0,60.01836,-2.6,0,1.5
6,63.30374,0,0,0,60.01836,-2.6,0,1.5
6,63.31366,0,0,0,60.01836,-2.6,0,1.5
6,63.32577,0,0,0,60.01836,-2.6,0,1.5
6,63.33505,0,0,0,60.01836,-2.6,0,1.5
6,63.34869,0,0,0,60.01836,-2.6,0,1.5
6,63.35936,0,0,0,60.01836,-2.6,0,1.5
6,63.3676,0,0,0,60.01836,-2.6,0,1.5
6,63.38452,0,0,0,60.01836,-2.6,0,1.5
6,63.39531,0,0,0,60.01836,-2.6,0,1.5
6,63.4094,0,0,0,60.01836,-2.6,0,1.5
6,63.42698,0,0,0,60.01836,-2.6,0,1.5
6,63.43868,0,0,0,60.01836,-2.6,0,1.5
6,63.45094,0,0,0,60.01836,-2.6,0,1.5
6,63.45974,0,0,0,60.01836,-2.6,0,1.5
6,63.47186,0,0,0,60.01836,-2.6,0,1.5
6,63.47987,0,0,0,60.01836,-2.6,0,1.5
6,63.48832,0,0,0,60.01836,-2.6,0,1.5
6,63.49917,0,0,0,60.01836,-2.6,0,1.5
6,63.5104,0,0,0,60.01836,-2.6,0,1.5
6,63.52016,0,0,0,60.01836,-2.6,0,1.5
6,63.53382,0,0,0,60.01836,-2.6,0,1.5
6,63.54896,0,0,0,60.01836,-2.6,0,1.5
6,63.56465,0,0,0,60.01836,-2.6,0,1.5
6,63.59341,0,0,0,60.01836,-2.6,0,1.5
6,63.61438,0,0,0,60.01836,-2.6,0,1.5
6,63.62979,0,0,0,60.01836,-2.6,0,1.5
6,63.64611,0,0,0,60.01836,-2.6,0,1.5
6,63.66464,0,0,0,60.01836,-2.6,0,1.5
6,63.68193,0,0,0,60.01836,-2.6,0,1.5
6,63.69868,0,0,0,60.01836,-2.6,0,1.5
6,63.71946,0,0,0,60.01836,-2.6,0,1.5
6,63.73416,0,0,0,60.01836,-2.6,0,1.5
6,63.75337,0,0,0,60.01836,-2.6,0,1.5
6,63.76615,0,0,0,60.01836,-2.6,0,1.5
6,63.77724,0,0,0,60.01836,-2.6,0,1.5
6,63.79057,0,0,0,60.01836,-2.6,0,1.5
6,63.80416,0,0,0,60.01836,-2.6,0,1.5
6,63.8158,0,0,0,60.01836,-2.6,0,1.5
6,63.82905,0,0,0,60.01836,-2.6,0,1.5
6,63.84177,0,0,0,60.01836,-2.6,0,1.5
6,63.85398,0,0,0,60.01836,-2.6,0,1.5
6,63.8648,0,0,0,60.01836,-2.6,0,1.5
6,63.87648,0,0,0,60.01836,-2.6,0,1.5
6,63.88879,0,0,0,60.01836,-2.6,0,1.5
6,63.90091,0,0,0,60.01836,-2.6,0,1.5
6,63.91316,0,0,0,60.01836,-2.6,0,1.5
6,63.9255,0,0,0,60.01836,-2.6,0,1.5
6,63.93915,0,0,0,60.01836,-2.6,0,1.5
6,63.95256,0,0,0,60.01836,-2.6,0,1.5
6,63.96745,0,0,0,60.01836,-2.6,0,1.5
6,63.99113,0,0,0,60.01836,-2.6,0,1.5
6,64.00457,0,0,0,60.01836,-2.6,0,1.5
6,64.03495,0,0,0,60.01836,-2.6,0,1.5
6,64.05428,0,0,0,60.01836,-2.6,0,1.5
6,64.0974,0,0,0,60.01836,-2.6,0,1.5
6,64.11372,0,0,0,60.01836,-2.6,0,1.5
6,64.13921,0,0,0,60.01836,-2.6,0,1.5
6,64.17546,0,0,0,60.01836,-2.6,0,1.5
6,64.20458,0,0,0,60.01836,-2.6,0,1.5
6,64.22408,0,0,0,60.01836,-2.6,0,1.5
6,64.23776,0,0,0,60.01836,-2.6,0,1.5
6,64.25649,0,0,0,60.01836,-2.6,0,1.5
6,64.26944,0,0,0,60.01836,-2.6,0,1.5
6,64.28587,0,0,0,60.01836,-2.6,0,1.5
6,64.29751,0,0,0,60.01836,-2.6,0,1.5
6,64.31563,0,0,0,60.01836,-2.6,0,1.5
6,64.32545,0,0,0,60.01836,-2.6,0,1.5
6,64.34005,0,0,0,60.01836,-2.6,0,1.5
6,64.35201,0,0,0,60.01836,-2.6,0,1.5
6,64.36239,0,0,0,60.01836,-2.6,0,1.5
6,64.37111,0,0,0,60.01836,-2.6,0,1.5
6,64.3821,0,0,0,60.01836,-2.6,0,1.5
6,64.39352,0,0,0,60.01836,-2.6,0,1.5
6,64.40536,0,0,0,60.01836,-2.6,0,1.5
6,64.41528,0,0,0,60.01836,-2.6,0,1.5
6,64.42657,0,0,0,60.01836,-2.6,0,1.5
6,64.43643,0,0,0,60.01836,-2.6,0,1.5
6,64.44619,0,0,0,60.01836,-2.6,0,1.5
6,64.4558,0,0,0,60.01836,-2.6,0,1.5
6,64.46861,0,0,0,60.01836,-2.6,0,1.5
6,64.48054,0,0,0,60.01836,-2.6,0,1.5
6,64.49153,0,0,0,60.01836,-2.6,0,1.5
6,64.50262,0,0,0,60.01836,-2.6,0,1.5
6,64.51141,0,0,0,60.01836,-2.6,0,1.5
6,64.52168,0,0,0,60.01836,-2.6,0,1.5
6,64.53616,0,0,0,60.01836,-2.6,0,1.5
6,64.54726,0,0,0,60.01836,-2.6,0,1.5
6,64.55996,0,0,0,60.01836,-2.6,0,1.5
6,64.57197,0,0,0,60.01836,-2.6,0,1.5
6,64.58343,0,0,0,60.01836,-2.6,0,1.5
6,64.59472,0,0,0,60.01836,-2.6,0,1.5
6,64.60571,0,0,0,60.01836,-2.6,0,1.5
6,64.61538,0,0,0,60.01836,-2.6,0,1.5
6,64.62574,0,0,0,60.01836,-2.6,0,1.5
6,64.63568,0,0,0,60.01836,-2.6,0,1.5
6,64.64431,0,0,0,60.01836,-2.6,0,1.5
6,64.65513,0,0,0,60.01836,-2.6,0,1.5
6,64.66423,0,0,0,60.01836,-2.6,0,1.5
6,64.67484,0,0,0,60.01836,-2.6,0,1.5
6,64.68575,0,0,0,60.01836,-2.6,0,1.5
6,64.69309,0,0,0,60.01836,-2.6,0,1.5
6,64.702,0,0,0,60.01836,-2.6,0,1.5
6,64.71163,0,0,0,60.01836,-2.6,0,1.5
6,64.72533,0,0,0,60.01836,-2.6,0,1.5
6,64.73978,0,0,0,60.01836,-2.6,0,1.5
6,64.75777,0,0,0,60.01836,-2.6,0,1.5
6,64.77836,0,0,0,60.01836,-2.6,0,1.5
6,64.79121,0,0,0,60.01836,-2.6,0,1.5
6,64.8016,0,0,0,60.01836,-2.6,0,1.5
6,64.81518,0,0,0,60.01836,-2.6,0,1.5
6,64.83041,0,0,0,60.01836,-2.6,0,1.5
6,64.84516,0,0,0,60.01836,-2.6,0,1.5
6,64.85918,0,0,0,60.01836,-2.6,0,1.5
6,64.87549,0,0,0,60.01836,-2.6,0,1.5
6,64.89573,0,0,0,60.01836,-2.6,0,1.5
6,64.91222,0,0,0,60.01836,-2.6,0,1.5
6,64.92591,0,0,0,60.01836,-2.6,0,1.5
6,64.93951,0,0,0,60.01836,-2.6,0,1.5
6,64.95248,0,0,0,60.01836,-2.6,0,1.5
6,64.96628,0,0,0,60.01836,-2.6,0,1.5
6,64.97941,0,0,0,60.01836,-2.6,0,1.5
6,64.99091,0,0,0,60.01836,-2.6,0,1.5
6,65.00454,0,0,0,60.01836,-2.6,0,1.5
6,65.01732,0,0,0,60.01836,-2.6,0,1.5
6,65.03074,0,0,0,60.01836,-2.6,0,1.5
6,65.04314,0,0,0,60.01836,-2.6,0,1.5
6,65.05636,0,0,0,60.01836,-2.6,0,1.5
6,65.07148,0,0,0,60.01836,-2.6,0,1.5
6,65.08589,0,0,0,60.01836,-2.6,0,1.5
6,65.0983,0,0,0,60.01836,-2.6,0,1.5
6,65.11244,0,0,0,60.01836,-2.6,0,1.5
6,65.12714,0,0,0,60.01836,-2.6,0,1.5
6,65.14173,0,0,0,60.01836,-2.6,0,1.5
6,65.15557,0,0,0,60.01836,-2.6,0,1.5
6,65.1682,0,0,0,60.01836,-2.6,0,1.5
6,65.18221,0,0,0,60.01836,-2.6,0,1.5
6,65.19608,0,0,0,60.01836,-2.6,0,1.5
6,65.20892,0,0,0,60.01836,-2.6,0,1.5
6,65.22253,0,0,0,60.01836,-2.6,0,1.5
6,65.23442,0,0,0,60.01836,-2.6,0,1.5
6,65.24893,0,0,0,60.01836,-2.6,0,1.5
6,65.26279,0,0,0,60.01836,-2.6,0,1.5
6,65.27676,0,0,0,60.01836,-2.6,0,1.5
6,65.29048,0,0,0,60.01836,-2.6,0,1.5
6,65.30488,0,0,0,60.01836,-2.6,0,1.5
6,65.31841,0,0,0,60.01836,-2.6,0,1.5
6,65.33139,0,0,0,60.01836,-2.6,0,1.5
6,65.34543,0,0,0,60.01836,-2.6,0,1.5
6,65.35896,0,0,0,60.01836,-2.6,0,1.5
6,65.37484,0,0,0,60.01836,-2.6,0,1.5
6,65.39171,0,0,0,60.01836,-2.6,0,1.5
6,65.4109,0,0,0,60.01836,-2.6,0,1.5
6,65.43012,0,0,0,60.01836,-2.6,0,1.5
6,65.44897,0,0,0,60.01836,-2.6,0,1.5
6,65.46729,0,0,0,60.01836,-2.6,0,1.5
6,65.48684,0,0,0,60.01836,-2.6,0,1.5
6,65.49981,0,0,0,60.01836,-2.6,0,1.5
6,65.51606,0,0,0,60.01836,-2.6,0,1.5
6,65.52939,0,0,0,60.01836,-2.6,0,1.5
6,65.54311,0,0,0,60.01836,-2.6,0,1.5
6,65.55754,0,0,0,60.01836,-2.6,0,1.5
6,65.57296,0,0,0,60.01836,-2.6,0,1.5
6,65.58926,0,0,0,60.01836,-2.6,0,1.5
6,65.60351,0,0,0,60.01836,-2.6,0,1.5
6,65.61987,0,0,0,60.01836,-2.6,0,1.5
6,65.6339,0,0,0,60.01836,-2.6,0,1.5
6,65.64787,0,0,0,60.01836,-2.6,0,1.5
6,65.65909,0,0,0,60.01836,-2.6,0,1.5
6,65.67162,0,0,0,60.01836,-2.6,0,1.5
6,65.68622,0,0,0,60.01836,-2.6,0,1.5
6,65.69971,0,0,0,60.01836,-2.6,0,1.5
6,65.71388,0,0,0,60.01836,-2.6,0,1.5
6,65.72903,0,0,0,60.01836,-2.6,0,1.5
6,65.74634,0,0,0,60.01836,-2.6,0,1.5
6,65.76045,0,0,0,60.01836,-2.6,0,1.5
6,65.77331,0,0,0,60.01836,-2.6,0,1.5
6,65.78696,0,0,0,60.01836,-2.6,0,1.5
6,65.80063,0,0,0,60.01836,-2.6,0,1.5
6,65.8139,0,0,0,60.01836,-2.6,0,1.5
6,65.82667,0,0,0,60.01836,-2.6,0,1.5
6,65.84062,0,0,0,60.01836,-2.6,0,1.5
6,65.86314,0,0,0,60.01836,-2.6,0,1.5
6,65.88791,0,0,0,60.01836,-2.6,0,1.5
6,65.90096,0,0,0,60.01836,-2.6,0,1.5
6,65.91414,0,0,0,60.01836,-2.6,0,1.5
6,65.92715,0,0,0,60.01836,-2.6,0,1.5
6,65.93908,0,0,0,60.01836,-2.6,0,1.5
6,65.95278,0,0,0,60.01836,-2.6,0,1.5
6,65.96835,0,0,0,60.01836,-2.6,0,1.5
6,65.98284,0,0,0,60.01836,-2.6,0,1.5
6,66.00897,0,0,0,60.01836,-2.6,0,1.5
6,66.02401,0,0,0,60.01836,-2.6,0,1.5
6,66.03466,0,0,0,60.01836,-2.6,0,1.5
6,66.04808,0,0,0,60.01836,-2.6,0,1.5
6,66.06275,0,0,0,60.01836,-2.6,0,1.5
6,66.07664,0,0,0,60.01836,-2.6,0,1.5
6,66.09,0,0,0,60.01836,-2.6,0,1.5
6,66.10139,0,0,0,60.01836,-2.6,0,1.5
6,66.11521,0,0,0,60.01836,-2.6,0,1.5
6,66.1286,0,0,0,60.01836,-2.6,0,1.5
6,66.14119,0,0,0,60.01836,-2.6,0,1.5
6,66.15331,0,0,0,60.01836,-2.6,0,1.5
6,66.16411,0,0,0,60.01836,-2.6,0,1.5
6,66.17568,0,0,0,60.01836,-2.6,0,1.5
6,66.18906,0,0,0,60.01836,-2.6,0,1.5
6,66.20335,0,0,0,60.01836,-2.6,0,1.5
6,66.21885,0,0,0,60.01836,-2.6,0,1.5
6,66.23089,0,0,0,60.01836,-2.6,0,1.5
6,66.24303,0,0,0,60.01836,-2.6,0,1.5
6,66.25592,0,0,0,60.01836,-2.6,0,1.5
6,66.26981,0,0,0,60.01836,-2.6,0,1.5
6,66.28406,0,0,0,60.01836,-2.6,0,1.5
6,66.29833,0,0,0,60.01836,-2.6,0,1.5
6,66.31435,0,0,0,60.01836,-2.6,0,1.5
6,66.32964,0,0,0,60.01836,-2.6,0,1.5
6,66.34255,0,0,0,60.01836,-2.6,0,1.5
6,66.3586,0,0,0,60.01836,-2.6,0,1.5
6,66.38215,0,0,0,60.01836,-2.6,0,1.5
6,66.40462,0,0,0,60.01836,-2.6,0,1.5
6,66.42446,0,0,0,60.01836,-2.6,0,1.5
6,66.4699,0,0,0,60.01836,-2.6,0,1.5
6,66.48627,0,0,0,60.01836,-2.6,0,1.5
6,66.5117,0,0,0,60.01836,-2.6,0,1.5
6,66.53311,0,0,0,60.01836,-2.6,0,1.5
6,66.55115,0,0,0,60.01836,-2.6,0,1.5
6,66.58302,0,0,0,60.01836,-2.6,0,1.5
6,66.5983,0,0,0,60.01836,-2.6,0,1.5
6,66.61111,0,0,0,60.01836,-2.6,0,1.5
6,66.62511,0,0,0,60.01836,-2.6,0,1.5
6,66.63879,0,0,0,60.01836,-2.6,0,1.5
6,66.65125,0,0,0,60.01836,-2.6,0,1.5
6,66.66381,0,0,0,60.01836,-2.6,0,1.5
6,66.67657,0,0,0,60.01836,-2.6,0,1.5
6,66.68743,0,0,0,60.01836,-2.6,0,1.5
6,66.70036,0,0,0,60.01836,-2.6,0,1.5
6,66.713,0,0,0,60.01836,-2.6,0,1.5
6,66.72626,0,0,0,60.01836,-2.6,0,1.5
6,66.74013,0,0,0,60.01836,-2.6,0,1.5
6,66.75439,0,0,0,60.01836,-2.6,0,1.5
6,66.76843,0,0,0,60.01836,-2.6,0,1.5
6,66.78075,0,0,0,60.01836,-2.6,0,1.5
6,66.79169,0,0,0,60.01836,-2.6,0,1.5
6,66.80361,0,0,0,60.01836,-2.6,0,1.5
6,66.82041,0,0,0,60.01836,-2.6,0,1.5
6,66.85337,0,0,0,60.01836,-2.6,0,1.5
6,66.8773,0,0,0,60.01836,-2.6,0,1.5
6,66.89352,0,0,0,60.01836,-2.6,0,1.5
6,66.91981,0,0,0,60.01836,-2.6,0,1.5
6,66.94115,0,0,0,60.01836,-2.6,0,1.5
6,66.96336,0,0,0,60.01836,-2.6,0,1.5
6,66.97958,0,0,0,60.01836,-2.6,0,1.5
6,66.9994,0,0,0,60.01836,-2.6,0,1.5
6,67.01819,0,0,0,60.01836,-2.6,0,1.5
6,67.03145,0,0,0,60.01836,-2.6,0,1.5
6,67.04749,0,0,0,60.01836,-2.6,0,1.5
6,67.06339,0,0,0,60.01836,-2.6,0,1.5
6,67.08501,0,0,0,60.01836,-2.6,0,1.5
6,67.09724,0,0,0,60.01836,-2.6,0,1.5
6,67.11692,0,0,0,60.01836,-2.6,0,1.5
6,67.1293,0,0,0,60.01836,-2.6,0,1.5
6,67.14067,0,0,0,60.01836,-2.6,0,1.5
6,67.15311,0,0,0,60.01836,-2.6,0,1.5
6,67.16261,0,0,0,60.01836,-2.6,0,1.5
6,67.17507,0,0,0,60.01836,-2.6,0,1.5
6,67.18636,0,0,0,60.01836,-2.6,0,1.5
6,67.20255,0,0,0,60.01836,-2.6,0,1.5
6,67.21304,0,0,0,60.01836,-2.6,0,1.5
6,67.22455,0,0,0,60.01836,-2.6,0,1.5
6,67.23662,0,0,0,60.01836,-2.6,0,1.5
6,67.24652,0,0,0,60.01836,-2.6,0,1.5
6,67.2589,0,0,0,60.01836,-2.6,0,1.5
6,67.26958,0,0,0,60.01836,-2.6,0,1.5
6,67.27943,0,0,0,60.01836,-2.6,0,1.5
6,67.29085,0,0,0,60.01836,-2.6,0,1.5
6,67.30401,0,0,0,60.01836,-2.6,0,1.5
6,67.31501,0,0,0,60.01836,-2.6,0,1.5
6,67.32684,0,0,0,60.01836,-2.6,0,1.5
6,67.34472,0,0,0,60.01836,-2.6,0,1.5
6,67.35616,0,0,0,60.01836,-2.6,0,1.5
6,67.36689,0,0,0,60.01836,-2.6,0,1.5
6,67.38132,0,0,0,60.01836,-2.6,0,1.5
6,67.39349,0,0,0,60.01836,-2.6,0,1.5
6,67.40852,0,0,0,60.01836,-2.6,0,1.5
6,67.42202,0,0,0,60.01836,-2.6,0,1.5
6,67.43661,0,0,0,60.01836,-2.6,0,1.5
6,67.45517,0,0,0,60.01836,-2.6,0,1.5
6,67.47089,0,0,0,60.01836,-2.6,0,1.5
6,67.48444,0,0,0,60.01836,-2.6,0,1.5
6,67.4969,0,0,0,60.01836,-2.6,0,1.5
6,67.50919,0,0,0,60.01836,-2.6,0,1.5
6,67.52018,0,0,0,60.01836,-2.6,0,1.5
6,67.53207,0,0,0,60.01836,-2.6,0,1.5
6,67.54658,0,0,0,60.01836,-2.6,0,1.5
6,67.55791,0,0,0,60.01836,-2.6,0,1.5
6,67.56986,0,0,0,60.01836,-2.6,0,1.5
6,67.5811,0,0,0,60.01836,-2.6,0,1.5
6,67.59532,0,0,0,60.01836,-2.6,0,1.5
6,67.60828,0,0,0,60.01836,-2.6,0,1.5
6,67.62054,0,0,0,60.01836,-2.6,0,1.5
6,67.63417,0,0,0,60.01836,-2.6,0,1.5
6,67.64513,0,0,0,60.01836,-2.6,0,1.5
6,67.65697,0,0,0,60.01836,-2.6,0,1.5
6,67.67004,0,0,0,60.01836,-2.6,0,1.5
6,67.68209,0,0,0,60.01836,-2.6,0,1.5
6,67.69289,0,0,0,60.01836,-2.6,0,1.5
6,67.70461,0,0,0,60.01836,-2.6,0,1.5
6,67.71564,0,0,0,60.01836,-2.6,0,1.5
6,67.72707,0,0,0,60.01836,-2.6,0,1.5
6,67.73883,0,0,0,60.01836,-2.6,0,1.5
6,67.75146,0,0,0,60.01836,-2.6,0,1.5
6,67.76318,0,0,0,60.01836,-2.6,0,1.5
6,67.77499,0,0,0,60.01836,-2.6,0,1.5
6,67.78888,0,0,0,60.01836,-2.6,0,1.5
6,67.79925,0,0,0,60.01836,-2.6,0,1.5
6,67.82233,0,0,0,60.01836,-2.6,0,1.5
6,67.83884,0,0,0,60.01836,-2.6,0,1.5
6,67.85423,0,0,0,60.01836,-2.6,0,1.5
6,67.86854,0,0,0,60.01836,-2.6,0,1.5
6,67.88155,0,0,0,60.01836,-2.6,0,1.5
6,67.89384,0,0,0,60.01836,-2.6,0,1.5
6,67.90646,0,0,0,60.01836,-2.6,0,1.5
6,67.91841,0,0,0,60.01836,-2.6,0,1.5
6,67.92973,0,0,0,60.01836,-2.6,0,1.5
6,67.94064,0,0,0,60.01836,-2.6,0,1.5
6,67.95007,0,0,0,60.01836,-2.6,0,1.5
6,67.95872,0,0,0,60.01836,-2.6,0,1.5
6,67.96927,0,0,0,60.01836,-2.6,0,1.5
6,67.97926,0,0,0,60.01836,-2.6,0,1.5
6,67.98722,0,0,0,60.01836,-2.6,0,1.5
6,67.99609,0,0,0,60.01836,-2.6,0,1.5
6,68.00515,0,0,0,60.01836,-2.6,0,1.5
6,68.01341,0,0,0,60.01836,-2.6,0,1.5
6,68.02084,0,0,0,60.01836,-2.6,0,1.5
6,68.04275,0,0,0,60.01836,-2.6,0,1.5
