Ans,timenow,HMD_rotation_x,HMD_rotation_y,HMD_rotation_z,balldeg,ball_position_x,ball_position_y,ball_position_z
0,0.03381157,0,0,0,270,0,0,0
0,0.05130625,0,0,0,270,0,0,0
0,0.7882109,0,0,0,270,0,0,0
0,0.8181472,0,0,0,270,0,0,0
0,0.8387251,0,0,0,270,0,0,0
0,0.8486257,0,0,0,270,0,0,0
0,0.8564839,0,0,0,270,0,0,0
0,0.8658142,0,0,0,270,0,0,0
0,0.8770828,0,0,0,270,0,0,0
0,0.8887987,0,0,0,270,0,0,0
0,0.8991575,0,0,0,270,0,0,0
0,0.9093876,0,0,0,270,0,0,0
0,0.9181547,0,0,0,270,0,0,0
0,0.9263878,0,0,0,270,0,0,0
0,0.9347773,0,0,0,270,0,0,0
0,0.9441128,0,0,0,270,0,0,0
0,0.9526463,0,0,0,270,0,0,0
0,0.960495,0,0,0,270,0,0,0
0,0.9694791,0,0,0,270,0,0,0
0,0.9768577,0,0,0,270,0,0,0
0,0.9854021,0,0,0,270,0,0,0
0,0.9929934,0,0,0,270,0,0,0
0,1.000874,0,0,0,270,0,0,0
0,1.010271,0,0,0,270,0,0,0
0,1.019375,0,0,0,270,0,0,0
0,1.0285,0,0,0,270,0,0,0
0,1.037077,0,0,0,270,0,0,0
0,1.0447,0,0,0,270,0,0,0
0,1.051797,0,0,0,270,0,0,0
0,1.059717,0,0,0,270,0,0,0
0,1.066659,0,0,0,270,0,0,0
0,1.072987,0,0,0,270,0,0,0
0,1.080512,0,0,0,270,0,0,0
0,1.087153,0,0,0,270,0,0,0
0,1.095368,0,0,0,270,0,0,0
0,1.103227,0,0,0,270,0,0,0
0,1.11299,0,0,0,270,0,0,0
0,1.12142,0,0,0,270,0,0,0
0,1.131323,0,0,0,270,0,0,0
0,1.139477,0,0,0,270,0,0,0
0,1.146349,0,0,0,270,0,0,0
0,1.153329,0,0,0,270,0,0,0
0,1.160556,0,0,0,270,0,0,0
0,1.168642,0,0,0,270,0,0,0
0,1.175095,0,0,0,270,0,0,0
0,1.182309,0,0,0,270,0,0,0
0,1.190501,0,0,0,270,0,0,0
0,1.197016,0,0,0,270,0,0,0
0,1.205516,0,0,0,270,0,0,0
0,1.213038,0,0,0,270,0,0,0
0,1.220249,0,0,0,270,0,0,0
0,1.227164,0,0,0,270,0,0,0
0,1.234976,0,0,0,270,0,0,0
0,1.242597,0,0,0,270,0,0,0
0,1.250504,0,0,0,270,0,0,0
0,1.257456,0,0,0,270,0,0,0
0,1.264701,0,0,0,270,0,0,0
0,1.271412,0,0,0,270,0,0,0
0,1.278649,0,0,0,270,0,0,0
0,1.285393,0,0,0,270,0,0,0
0,1.292571,0,0,0,270,0,0,0
0,1.29978,0,0,0,270,0,0,0
0,1.307061,0,0,0,270,0,0,0
0,1.314484,0,0,0,270,0,0,0
0,1.321025,0,0,0,270,0,0,0
0,1.329441,0,0,0,270,0,0,0
0,1.336413,0,0,0,270,0,0,0
0,1.345291,0,0,0,270,0,0,0
0,1.353125,0,0,0,270,0,0,0
0,1.361443,0,0,0,270,0,0,0
0,1.368521,0,0,0,270,0,0,0
0,1.377682,0,0,0,270,0,0,0
0,1.385183,0,0,0,270,0,0,0
0,1.392841,0,0,0,270,0,0,0
0,1.399718,0,0,0,270,0,0,0
0,1.408036,0,0,0,270,0,0,0
0,1.415584,0,0,0,270,0,0,0
0,1.423497,0,0,0,270,0,0,0
0,1.440741,0,0,0,270,0,0,0
0,1.447291,0,0,0,270,0,0,0
0,1.454397,0,0,0,270,0,0,0
0,1.46172,0,0,0,270,0,0,0
0,1.469907,0,0,0,270,0,0,0
0,1.476382,0,0,0,270,0,0,0
0,1.485108,0,0,0,270,0,0,0
0,1.49226,0,0,0,270,0,0,0
0,1.501335,0,0,0,270,0,0,0
0,1.509332,0,0,0,270,0,0,0
0,1.518895,0,0,0,270,0,0,0
0,1.526626,0,0,0,270,0,0,0
0,1.535971,0,0,0,270,0,0,0
0,1.544621,0,0,0,270,0,0,0
0,1.552425,0,0,0,270,0,0,0
0,1.560156,0,0,0,270,0,0,0
0,1.567853,0,0,0,270,0,0,0
0,1.576022,0,0,0,270,0,0,0
0,1.583001,0,0,0,270,0,0,0
0,1.591115,0,0,0,270,0,0,0
0,1.598689,0,0,0,270,0,0,0
0,1.608303,0,0,0,270,0,0,0
0,1.617599,0,0,0,270,0,0,0
0,1.625853,0,0,0,270,0,0,0
0,1.63315,0,0,0,270,0,0,0
0,1.639214,0,0,0,270,0,0,0
0,1.646524,0,0,0,270,0,0,0
0,1.654325,0,0,0,270,0,0,0
0,1.662287,0,0,0,270,0,0,0
0,1.670468,0,0,0,270,0,0,0
0,1.677594,0,0,0,270,0,0,0
0,1.686887,0,0,0,270,0,0,0
0,1.695086,0,0,0,270,0,0,0
0,1.703466,0,0,0,270,0,0,0
0,1.710834,0,0,0,270,0,0,0
0,1.718905,0,0,0,270,0,0,0
0,1.727827,0,0,0,270,0,0,0
0,1.736679,0,0,0,270,0,0,0
0,1.744268,0,0,0,270,0,0,0
0,1.751955,0,0,0,270,0,0,0
0,1.758796,0,0,0,270,0,0,0
0,1.766798,0,0,0,270,0,0,0
0,1.773461,0,0,0,270,0,0,0
0,1.7814,0,0,0,270,0,0,0
0,1.78858,0,0,0,270,0,0,0
0,1.795619,0,0,0,270,0,0,0
0,1.803088,0,0,0,270,0,0,0
0,1.810007,0,0,0,270,0,0,0
0,1.81664,0,0,0,270,0,0,0
0,1.824841,0,0,0,270,0,0,0
0,1.832193,0,0,0,270,0,0,0
0,1.841322,0,0,0,270,0,0,0
0,1.848982,0,0,0,270,0,0,0
0,1.857052,0,0,0,270,0,0,0
0,1.863682,0,0,0,270,0,0,0
0,1.870899,0,0,0,270,0,0,0
0,1.878061,0,0,0,270,0,0,0
0,1.885018,0,0,0,270,0,0,0
0,1.89256,0,0,0,270,0,0,0
0,1.898963,0,0,0,270,0,0,0
0,1.906324,0,0,0,270,0,0,0
0,1.914397,0,0,0,270,0,0,0
0,1.922347,0,0,0,270,0,0,0
0,1.929443,0,0,0,270,0,0,0
0,1.938108,0,0,0,270,0,0,0
0,1.945571,0,0,0,270,0,0,0
0,1.953177,0,0,0,270,0,0,0
0,1.960149,0,0,0,270,0,0,0
0,1.96804,0,0,0,270,0,0,0
0,1.975602,0,0,0,270,0,0,0
0,1.983264,0,0,0,270,0,0,0
0,1.990984,0,0,0,270,0,0,0
0,1.997674,0,0,0,270,0,0,0
0,2.004445,0,0,0,270,0,0,0
0,2.011078,0,0,0,270,0,0,0
0,2.017657,0,0,0,270,0,0,0
0,2.026364,0,0,0,270,0,0,0
0,2.034214,0,0,0,270,0,0,0
0,2.042231,0,0,0,270,0,0,0
0,2.049867,0,0,0,270,0,0,0
0,2.058022,0,0,0,270,0,0,0
0,2.065502,0,0,0,270,0,0,0
0,2.073014,0,0,0,270,0,0,0
0,2.079964,0,0,0,270,0,0,0
0,2.086483,0,0,0,270,0,0,0
0,2.093598,0,0,0,270,0,0,0
0,2.100578,0,0,0,270,0,0,0
0,2.107918,0,0,0,270,0,0,0
0,2.115204,0,0,0,270,0,0,0
0,2.126472,0,0,0,270,0,0,0
0,2.137958,0,0,0,270,0,0,0
0,2.149127,0,0,0,270,0,0,0
0,2.160945,0,0,0,270,0,0,0
0,2.171853,0,0,0,270,0,0,0
0,2.180843,0,0,0,270,0,0,0
0,2.190144,0,0,0,270,0,0,0
0,2.198281,0,0,0,270,0,0,0
0,2.207927,0,0,0,270,0,0,0
0,2.217087,0,0,0,270,0,0,0
0,2.22808,0,0,0,270,0,0,0
0,2.238143,0,0,0,270,0,0,0
0,2.247818,0,0,0,270,0,0,0
0,2.257438,0,0,0,270,0,0,0
0,2.267645,0,0,0,270,0,0,0
0,2.276988,0,0,0,270,0,0,0
0,2.286911,0,0,0,270,0,0,0
0,2.295618,0,0,0,270,0,0,0
0,2.305058,0,0,0,270,0,0,0
0,2.315053,0,0,0,270,0,0,0
0,2.32534,0,0,0,270,0,0,0
0,2.33626,0,0,0,270,0,0,0
0,2.34753,0,0,0,270,0,0,0
0,2.356801,0,0,0,270,0,0,0
0,2.367608,0,0,0,270,0,0,0
0,2.377997,0,0,0,270,0,0,0
0,2.388327,0,0,0,270,0,0,0
0,2.398031,0,0,0,270,0,0,0
0,2.408491,0,0,0,270,0,0,0
0,2.418162,0,0,0,270,0,0,0
0,2.42851,0,0,0,270,0,0,0
0,2.438971,0,0,0,270,0,0,0
0,2.448294,0,0,0,270,0,0,0
0,2.458334,0,0,0,270,0,0,0
0,2.468739,0,0,0,270,0,0,0
0,2.4787,0,0,0,270,0,0,0
0,2.488154,0,0,0,270,0,0,0
0,2.498793,0,0,0,270,0,0,0
0,2.509534,0,0,0,270,0,0,0
0,2.519241,0,0,0,270,0,0,0
0,2.528197,0,0,0,270,0,0,0
0,2.538939,0,0,0,270,0,0,0
0,2.550542,0,0,0,270,0,0,0
0,2.56127,0,0,0,270,0,0,0
0,2.57234,0,0,0,270,0,0,0
0,2.583487,0,0,0,270,0,0,0
0,2.592876,0,0,0,270,0,0,0
0,2.60203,0,0,0,270,0,0,0
0,2.611034,0,0,0,270,0,0,0
0,2.620991,0,0,0,270,0,0,0
0,2.631003,0,0,0,270,0,0,0
0,2.640886,0,0,0,270,0,0,0
0,2.650262,0,0,0,270,0,0,0
0,2.660276,0,0,0,270,0,0,0
0,2.669414,0,0,0,270,0,0,0
0,2.67786,0,0,0,270,0,0,0
0,2.68808,0,0,0,270,0,0,0
0,2.697807,0,0,0,270,0,0,0
0,2.707296,0,0,0,270,0,0,0
0,2.716523,0,0,0,270,0,0,0
0,2.723744,0,0,0,270,0,0,0
0,2.731143,0,0,0,270,0,0,0
0,2.740845,0,0,0,270,0,0,0
0,2.749355,0,0,0,270,0,0,0
0,2.757571,0,0,0,270,0,0,0
0,2.766742,0,0,0,270,0,0,0
0,2.774542,0,0,0,270,0,0,0
0,2.783021,0,0,0,270,0,0,0
0,2.791699,0,0,0,270,0,0,0
0,2.799127,0,0,0,270,0,0,0
0,2.807894,0,0,0,270,0,0,0
0,2.815215,0,0,0,270,0,0,0
0,2.823663,0,0,0,270,0,0,0
0,2.831325,0,0,0,270,0,0,0
0,2.839401,0,0,0,270,0,0,0
0,2.848641,0,0,0,270,0,0,0
0,2.858017,0,0,0,270,0,0,0
0,2.866311,0,0,0,270,0,0,0
0,2.875777,0,0,0,270,0,0,0
0,2.8859,0,0,0,270,0,0,0
0,2.894564,0,0,0,270,0,0,0
0,2.902325,0,0,0,270,0,0,0
0,2.911078,0,0,0,270,0,0,0
0,2.918149,0,0,0,270,0,0,0
0,2.925315,0,0,0,270,0,0,0
0,2.933756,0,0,0,270,0,0,0
0,2.940267,0,0,0,270,0,0,0
0,2.947301,0,0,0,270,0,0,0
0,2.953583,0,0,0,270,0,0,0
0,2.961668,0,0,0,270,0,0,0
0,2.978391,0,0,0,270,0,0,0
0,2.985274,0,0,0,270,0,0,0
0,2.992833,0,0,0,270,0,0,0
0,3.001372,0,0,0,270,0,0,0
0,3.009012,0,0,0,270,0,0,0
0,3.016069,0,0,0,270,0,0,0
0,3.022876,0,0,0,270,0,0,0
0,3.029898,0,0,0,270,0,0,0
0,3.037093,0,0,0,270,0,0,0
0,3.04621,0,0,0,270,0,0,0
0,3.052972,0,0,0,270,0,0,0
0,3.061407,0,0,0,270,0,0,0
0,3.069278,0,0,0,270,0,0,0
0,3.07679,0,0,0,270,0,0,0
0,3.083856,0,0,0,270,0,0,0
0,3.091413,0,0,0,270,0,0,0
0,3.098083,0,0,0,270,0,0,0
0,3.105832,0,0,0,270,0,0,0
0,3.113493,0,0,0,270,0,0,0
0,3.120571,0,0,0,270,0,0,0
0,3.127561,0,0,0,270,0,0,0
0,3.13447,0,0,0,270,0,0,0
0,3.14235,0,0,0,270,0,0,0
0,3.150906,0,0,0,270,0,0,0
0,3.159476,0,0,0,270,0,0,0
0,3.167597,0,0,0,270,0,0,0
0,3.174964,0,0,0,270,0,0,0
0,3.181803,0,0,0,270,0,0,0
0,3.190008,0,0,0,270,0,0,0
0,3.197162,0,0,0,270,0,0,0
0,3.20449,0,0,0,270,0,0,0
0,3.212214,0,0,0,270,0,0,0
0,3.219727,0,0,0,270,0,0,0
0,3.227893,0,0,0,270,0,0,0
0,3.235915,0,0,0,270,0,0,0
0,3.244657,0,0,0,270,0,0,0
0,3.251232,0,0,0,270,0,0,0
0,3.25877,0,0,0,270,0,0,0
0,3.26689,0,0,0,270,0,0,0
0,3.275407,0,0,0,270,0,0,0
0,3.285794,0,0,0,270,0,0,0
0,3.293397,0,0,0,270,0,0,0
0,3.30304,0,0,0,270,0,0,0
0,3.311656,0,0,0,270,0,0,0
0,3.319699,0,0,0,270,0,0,0
0,3.32872,0,0,0,270,0,0,0
0,3.33661,0,0,0,270,0,0,0
0,3.346327,0,0,0,270,0,0,0
0,3.354697,0,0,0,270,0,0,0
0,3.365616,0,0,0,270,0,0,0
0,3.374397,0,0,0,270,0,0,0
0,3.385107,0,0,0,270,0,0,0
0,3.395199,0,0,0,270,0,0,0
0,3.404289,0,0,0,270,0,0,0
0,3.415469,0,0,0,270,0,0,0
0,3.425857,0,0,0,270,0,0,0
0,3.435146,0,0,0,270,0,0,0
0,3.443534,0,0,0,270,0,0,0
0,3.45334,0,0,0,270,0,0,0
0,3.463324,0,0,0,270,0,0,0
0,3.472542,0,0,0,270,0,0,0
0,3.482465,0,0,0,270,0,0,0
0,3.491062,0,0,0,270,0,0,0
0,3.500781,0,0,0,270,0,0,0
0,3.508491,0,0,0,270,0,0,0
0,3.51905,0,0,0,270,0,0,0
0,3.528208,0,0,0,270,0,0,0
0,3.537671,0,0,0,270,0,0,0
0,3.546885,0,0,0,270,0,0,0
0,3.556064,0,0,0,270,0,0,0
0,3.56692,0,0,0,270,0,0,0
0,3.576836,0,0,0,270,0,0,0
0,3.58734,0,0,0,270,0,0,0
0,3.598615,0,0,0,270,0,0,0
0,3.606591,0,0,0,270,0,0,0
0,3.615433,0,0,0,270,0,0,0
0,3.625967,0,0,0,270,0,0,0
0,3.636883,0,0,0,270,0,0,0
0,3.647173,0,0,0,270,0,0,0
0,3.65691,0,0,0,270,0,0,0
0,3.665178,0,0,0,270,0,0,0
0,3.673903,0,0,0,270,0,0,0
0,3.683018,0,0,0,270,0,0,0
0,3.69239,0,0,0,270,0,0,0
0,3.701762,0,0,0,270,0,0,0
0,3.711131,0,0,0,270,0,0,0
0,3.720941,0,0,0,270,0,0,0
0,3.729803,0,0,0,270,0,0,0
0,3.738778,0,0,0,270,0,0,0
0,3.746909,0,0,0,270,0,0,0
0,3.75601,0,0,0,270,0,0,0
0,3.765121,0,0,0,270,0,0,0
0,3.775257,0,0,0,270,0,0,0
0,3.785154,0,0,0,270,0,0,0
0,3.794063,0,0,0,270,0,0,0
0,3.804037,0,0,0,270,0,0,0
0,3.813902,0,0,0,270,0,0,0
0,3.82312,0,0,0,270,0,0,0
0,3.832179,0,0,0,270,0,0,0
0,3.840924,0,0,0,270,0,0,0
0,3.848031,0,0,0,270,0,0,0
0,3.856633,0,0,0,270,0,0,0
0,3.865133,0,0,0,270,0,0,0
0,3.873713,0,0,0,270,0,0,0
0,3.882026,0,0,0,270,0,0,0
0,3.889772,0,0,0,270,0,0,0
0,3.897074,0,0,0,270,0,0,0
0,3.904825,0,0,0,270,0,0,0
0,3.913484,0,0,0,270,0,0,0
0,3.920996,0,0,0,270,0,0,0
0,3.927527,0,0,0,270,0,0,0
0,3.934325,0,0,0,270,0,0,0
0,3.941782,0,0,0,270,0,0,0
0,3.949408,0,0,0,270,0,0,0
0,3.956368,0,0,0,270,0,0,0
0,3.96322,0,0,0,270,0,0,0
0,3.971292,0,0,0,270,0,0,0
0,3.978253,0,0,0,270,0,0,0
0,3.984393,0,0,0,270,0,0,0
0,3.99107,0,0,0,270,0,0,0
0,3.998102,0,0,0,270,0,0,0
0,4.005313,0,0,0,270,0,0,0
0,4.012036,0,0,0,270,0,0,0
0,4.019182,0,0,0,270,0,0,0
0,4.026419,0,0,0,270,0,0,0
0,4.033694,0,0,0,270,0,0,0
0,4.039957,0,0,0,270,0,0,0
0,4.047089,0,0,0,270,0,0,0
0,4.054255,0,0,0,270,0,0,0
0,4.061909,0,0,0,270,0,0,0
0,4.0703,0,0,0,270,0,0,0
0,4.077927,0,0,0,270,0,0,0
0,4.084957,0,0,0,270,0,0,0
0,4.09257,0,0,0,270,0,0,0
0,4.100904,0,0,0,270,0,0,0
0,4.108564,0,0,0,270,0,0,0
0,4.11676,0,0,0,270,0,0,0
0,4.124862,0,0,0,270,0,0,0
0,4.133425,0,0,0,270,0,0,0
0,4.139996,0,0,0,270,0,0,0
0,4.146522,0,0,0,270,0,0,0
0,4.153971,0,0,0,270,0,0,0
0,4.162064,0,0,0,270,0,0,0
0,4.170668,0,0,0,270,0,0,0
0,4.179969,0,0,0,270,0,0,0
0,4.188515,0,0,0,270,0,0,0
0,4.195351,0,0,0,270,0,0,0
0,4.203344,0,0,0,270,0,0,0
0,4.210083,0,0,0,270,0,0,0
0,4.216789,0,0,0,270,0,0,0
0,4.223517,0,0,0,270,0,0,0
0,4.230117,0,0,0,270,0,0,0
0,4.236687,0,0,0,270,0,0,0
0,4.243233,0,0,0,270,0,0,0
0,4.250981,0,0,0,270,0,0,0
0,4.258455,0,0,0,270,0,0,0
0,4.266411,0,0,0,270,0,0,0
0,4.272779,0,0,0,270,0,0,0
0,4.280308,0,0,0,270,0,0,0
0,4.28731,0,0,0,270,0,0,0
0,4.295295,0,0,0,270,0,0,0
0,4.30307,0,0,0,270,0,0,0
0,4.310072,0,0,0,270,0,0,0
0,4.317299,0,0,0,270,0,0,0
0,4.325253,0,0,0,270,0,0,0
0,4.332278,0,0,0,270,0,0,0
0,4.340843,0,0,0,270,0,0,0
0,4.348662,0,0,0,270,0,0,0
0,4.35641,0,0,0,270,0,0,0
0,4.363272,0,0,0,270,0,0,0
0,4.370902,0,0,0,270,0,0,0
0,4.379119,0,0,0,270,0,0,0
0,4.38603,0,0,0,270,0,0,0
0,4.393773,0,0,0,270,0,0,0
0,4.401821,0,0,0,270,0,0,0
0,4.410955,0,0,0,270,0,0,0
0,4.420469,0,0,0,270,0,0,0
0,4.428726,0,0,0,270,0,0,0
0,4.438296,0,0,0,270,0,0,0
0,4.457558,0,0,0,270,0,0,0
0,4.465686,0,0,0,270,0,0,0
0,4.474534,0,0,0,270,0,0,0
0,4.484299,0,0,0,270,0,0,0
0,4.493058,0,0,0,270,0,0,0
0,4.504164,0,0,0,270,0,0,0
0,4.513378,0,0,0,270,0,0,0
0,4.522802,0,0,0,270,0,0,0
0,4.531999,0,0,0,270,0,0,0
0,4.539835,0,0,0,270,0,0,0
0,4.549934,0,0,0,270,0,0,0
0,4.559592,0,0,0,270,0,0,0
0,4.567682,0,0,0,270,0,0,0
0,4.577784,0,0,0,270,0,0,0
0,4.58618,0,0,0,270,0,0,0
0,4.597788,0,0,0,270,0,0,0
0,4.610304,0,0,0,270,0,0,0
0,4.622384,0,0,0,270,0,0,0
0,4.630292,0,0,0,270,0,0,0
0,4.640205,0,0,0,270,0,0,0
0,4.649323,0,0,0,270,0,0,0
0,4.659288,0,0,0,270,0,0,0
0,4.668002,0,0,0,270,0,0,0
0,4.676178,0,0,0,270,0,0,0
0,4.686275,0,0,0,270,0,0,0
0,4.695383,0,0,0,270,0,0,0
0,4.704996,0,0,0,270,0,0,0
0,4.716196,0,0,0,270,0,0,0
0,4.725308,0,0,0,270,0,0,0
0,4.735781,0,0,0,270,0,0,0
0,4.746271,0,0,0,270,0,0,0
0,4.755898,0,0,0,270,0,0,0
0,4.76669,0,0,0,270,0,0,0
0,4.775125,0,0,0,270,0,0,0
0,4.785423,0,0,0,270,0,0,0
0,4.794553,0,0,0,270,0,0,0
0,4.802622,0,0,0,270,0,0,0
0,4.810875,0,0,0,270,0,0,0
0,4.820052,0,0,0,270,0,0,0
0,4.829586,0,0,0,270,0,0,0
0,4.838791,0,0,0,270,0,0,0
0,4.847407,0,0,0,270,0,0,0
0,4.85586,0,0,0,270,0,0,0
0,4.86389,0,0,0,270,0,0,0
0,4.873727,0,0,0,270,0,0,0
0,4.883924,0,0,0,270,0,0,0
0,4.893055,0,0,0,270,0,0,0
0,4.90158,0,0,0,270,0,0,0
0,4.910082,0,0,0,270,0,0,0
0,4.919751,0,0,0,270,0,0,0
0,4.928801,0,0,0,270,0,0,0
0,4.93826,0,0,0,270,0,0,0
0,4.947012,0,0,0,270,0,0,0
0,4.956859,0,0,0,270,0,0,0
0,4.966534,0,0,0,270,0,0,0
0,4.974936,0,0,0,270,0,0,0
0,4.983113,0,0,0,270,0,0,0
0,4.990812,0,0,0,270,0,0,0
0,4.998068,0,0,0,270,0,0,0
0,5.006024,0,0,0,270,0,0,0
0,5.014283,0,0,0,270,0,0,0
0,5.02126,0,0,0,270,0,0,0
0,5.029247,0,0,0,270,0,0,0
0,5.03687,0,0,0,270,0,0,0
0,5.045761,0,0,0,270,0,0,0
0,5.052814,0,0,0,270,0,0,0
0,5.06011,0,0,0,270,0,0,0
0,5.066826,0,0,0,270,0,0,0
0,5.074399,0,0,0,270,0,0,0
0,5.081842,0,0,0,270,0,0,0
0,5.089255,0,0,0,270,0,0,0
0,5.096427,0,0,0,270,0,0,0
0,5.103825,0,0,0,270,0,0,0
0,5.112935,0,0,0,270,0,0,0
0,5.120225,0,0,0,270,0,0,0
0,5.127641,0,0,0,270,0,0,0
0,5.134669,0,0,0,270,0,0,0
0,5.142015,0,0,0,270,0,0,0
0,5.148796,0,0,0,270,0,0,0
0,5.156304,0,0,0,270,0,0,0
0,5.162797,0,0,0,270,0,0,0
0,5.17093,0,0,0,270,0,0,0
0,5.178675,0,0,0,270,0,0,0
0,5.186395,0,0,0,270,0,0,0
0,5.193402,0,0,0,270,0,0,0
0,5.202148,0,0,0,270,0,0,0
0,5.209015,0,0,0,270,0,0,0
0,5.217684,0,0,0,270,0,0,0
0,5.225441,0,0,0,270,0,0,0
0,5.23359,0,0,0,270,0,0,0
0,5.240273,0,0,0,270,0,0,0
0,5.247888,0,0,0,270,0,0,0
0,5.254093,0,0,0,270,0,0,0
0,5.262001,0,0,0,270,0,0,0
0,5.27015,0,0,0,270,0,0,0
0,5.278166,0,0,0,270,0,0,0
0,5.284299,0,0,0,270,0,0,0
0,5.292389,0,0,0,270,0,0,0
0,5.300639,0,0,0,270,0,0,0
0,5.307842,0,0,0,270,0,0,0
0,5.315681,0,0,0,270,0,0,0
0,5.324532,0,0,0,270,0,0,0
0,5.335048,0,0,0,270,0,0,0
0,5.344928,0,0,0,270,0,0,0
0,5.355883,0,0,0,270,0,0,0
0,5.365542,0,0,0,270,0,0,0
0,5.374956,0,0,0,270,0,0,0
0,5.384538,0,0,0,270,0,0,0
0,5.393617,0,0,0,270,0,0,0
0,5.400686,0,0,0,270,0,0,0
0,5.408205,0,0,0,270,0,0,0
0,5.415632,0,0,0,270,0,0,0
0,5.423007,0,0,0,270,0,0,0
0,5.430934,0,0,0,270,0,0,0
0,5.438817,0,0,0,270,0,0,0
0,5.445567,0,0,0,270,0,0,0
0,5.451832,0,0,0,270,0,0,0
0,5.459673,0,0,0,270,0,0,0
0,5.46862,0,0,0,270,0,0,0
0,5.476233,0,0,0,270,0,0,0
0,5.484742,0,0,0,270,0,0,0
0,5.492047,0,0,0,270,0,0,0
0,5.498751,0,0,0,270,0,0,0
0,5.505161,0,0,0,270,0,0,0
0,5.512161,0,0,0,270,0,0,0
0,5.519314,0,0,0,270,0,0,0
0,5.526713,0,0,0,270,0,0,0
0,5.534079,0,0,0,270,0,0,0
0,5.542491,0,0,0,270,0,0,0
0,5.550144,0,0,0,270,0,0,0
0,5.558908,0,0,0,270,0,0,0
0,5.568338,0,0,0,270,0,0,0
0,5.578117,0,0,0,270,0,0,0
0,5.586582,0,0,0,270,0,0,0
0,5.595382,0,0,0,270,0,0,0
0,5.60373,0,0,0,270,0,0,0
0,5.613052,0,0,0,270,0,0,0
0,5.623574,0,0,0,270,0,0,0
0,5.633924,0,0,0,270,0,0,0
0,5.644747,0,0,0,270,0,0,0
0,5.654027,0,0,0,270,0,0,0
0,5.663666,0,0,0,270,0,0,0
0,5.673353,0,0,0,270,0,0,0
0,5.682421,0,0,0,270,0,0,0
0,5.692735,0,0,0,270,0,0,0
0,5.70281,0,0,0,270,0,0,0
0,5.712208,0,0,0,270,0,0,0
0,5.721272,0,0,0,270,0,0,0
0,5.730628,0,0,0,270,0,0,0
0,5.740787,0,0,0,270,0,0,0
0,5.749849,0,0,0,270,0,0,0
0,5.759668,0,0,0,270,0,0,0
0,5.768991,0,0,0,270,0,0,0
0,5.778776,0,0,0,270,0,0,0
0,5.786304,0,0,0,270,0,0,0
0,5.796375,0,0,0,270,0,0,0
0,5.805728,0,0,0,270,0,0,0
0,5.814905,0,0,0,270,0,0,0
0,5.824311,0,0,0,270,0,0,0
0,5.834709,0,0,0,270,0,0,0
0,5.844527,0,0,0,270,0,0,0
0,5.856366,0,0,0,270,0,0,0
0,5.866784,0,0,0,270,0,0,0
0,5.875182,0,0,0,270,0,0,0
0,5.884087,0,0,0,270,0,0,0
0,5.893703,0,0,0,270,0,0,0
0,5.903544,0,0,0,270,0,0,0
0,5.912546,0,0,0,270,0,0,0
0,5.922585,0,0,0,270,0,0,0
0,5.930712,0,0,0,270,0,0,0
0,5.939763,0,0,0,270,0,0,0
0,5.94879,0,0,0,270,0,0,0
0,5.956584,0,0,0,270,0,0,0
0,5.964362,0,0,0,270,0,0,0
0,5.972822,0,0,0,270,0,0,0
0,5.981222,0,0,0,270,0,0,0
0,5.989754,0,0,0,270,0,0,0
0,5.998417,0,0,0,270,0,0,0
0,6.006256,0,0,0,270,0,0,0
0,6.014664,0,0,0,270,0,0,0
0,6.03351,0,0,0,270,0,0,0
0,6.041498,0,0,0,270,0,0,0
0,6.049621,0,0,0,270,0,0,0
0,6.057437,0,0,0,270,0,0,0
0,6.06483,0,0,0,270,0,0,0
0,6.073278,0,0,0,270,0,0,0
0,6.081042,0,0,0,270,0,0,0
0,6.089414,0,0,0,270,0,0,0
0,6.097627,0,0,0,270,0,0,0
0,6.108053,0,0,0,270,0,0,0
0,6.116527,0,0,0,270,0,0,0
0,6.124744,0,0,0,270,0,0,0
0,6.133839,0,0,0,270,0,0,0
0,6.141882,0,0,0,270,0,0,0
0,6.150276,0,0,0,270,0,0,0
0,6.158873,0,0,0,270,0,0,0
0,6.166689,0,0,0,270,0,0,0
0,6.17401,0,0,0,270,0,0,0
0,6.181558,0,0,0,270,0,0,0
0,6.188526,0,0,0,270,0,0,0
0,6.195439,0,0,0,270,0,0,0
0,6.202962,0,0,0,270,0,0,0
0,6.211364,0,0,0,270,0,0,0
0,6.218915,0,0,0,270,0,0,0
0,6.226707,0,0,0,270,0,0,0
0,6.235529,0,0,0,270,0,0,0
0,6.242257,0,0,0,270,0,0,0
0,6.249719,0,0,0,270,0,0,0
0,6.256809,0,0,0,270,0,0,0
0,6.263981,0,0,0,270,0,0,0
0,6.270535,0,0,0,270,0,0,0
0,6.277251,0,0,0,270,0,0,0
0,6.284329,0,0,0,270,0,0,0
0,6.292467,0,0,0,270,0,0,0
0,6.300953,0,0,0,270,0,0,0
0,6.30738,0,0,0,270,0,0,0
0,6.31523,0,0,0,270,0,0,0
0,6.32228,0,0,0,270,0,0,0
0,6.329864,0,0,0,270,0,0,0
0,6.337807,0,0,0,270,0,0,0
0,6.345601,0,0,0,270,0,0,0
0,6.351903,0,0,0,270,0,0,0
0,6.358907,0,0,0,270,0,0,0
0,6.366502,0,0,0,270,0,0,0
0,6.373298,0,0,0,270,0,0,0
0,6.380174,0,0,0,270,0,0,0
0,6.386555,0,0,0,270,0,0,0
0,6.393727,0,0,0,270,0,0,0
0,6.40102,0,0,0,270,0,0,0
0,6.40809,0,0,0,270,0,0,0
0,6.41537,0,0,0,270,0,0,0
0,6.424047,0,0,0,270,0,0,0
0,6.430689,0,0,0,270,0,0,0
0,6.439144,0,0,0,270,0,0,0
0,6.446126,0,0,0,270,0,0,0
0,6.453444,0,0,0,270,0,0,0
0,6.461841,0,0,0,270,0,0,0
0,6.468903,0,0,0,270,0,0,0
0,6.475256,0,0,0,270,0,0,0
0,6.48238,0,0,0,270,0,0,0
0,6.490286,0,0,0,270,0,0,0
0,6.49762,0,0,0,270,0,0,0
0,6.505748,0,0,0,270,0,0,0
0,6.513344,0,0,0,270,0,0,0
0,6.520259,0,0,0,270,0,0,0
0,6.528023,0,0,0,270,0,0,0
0,6.534732,0,0,0,270,0,0,0
0,6.541321,0,0,0,270,0,0,0
0,6.548028,0,0,0,270,0,0,0
0,6.555429,0,0,0,270,0,0,0
0,6.562069,0,0,0,270,0,0,0
0,6.569042,0,0,0,270,0,0,0
0,6.576639,0,0,0,270,0,0,0
0,6.585097,0,0,0,270,0,0,0
0,6.592587,0,0,0,270,0,0,0
0,6.600685,0,0,0,270,0,0,0
0,6.608871,0,0,0,270,0,0,0
0,6.616467,0,0,0,270,0,0,0
0,6.624366,0,0,0,270,0,0,0
0,6.631229,0,0,0,270,0,0,0
0,6.639309,0,0,0,270,0,0,0
0,6.64846,0,0,0,270,0,0,0
0,6.657146,0,0,0,270,0,0,0
0,6.665237,0,0,0,270,0,0,0
0,6.674418,0,0,0,270,0,0,0
0,6.683497,0,0,0,270,0,0,0
0,6.69403,0,0,0,270,0,0,0
0,6.703457,0,0,0,270,0,0,0
0,6.711559,0,0,0,270,0,0,0
0,6.720176,0,0,0,270,0,0,0
0,6.727582,0,0,0,270,0,0,0
0,6.735593,0,0,0,270,0,0,0
0,6.744188,0,0,0,270,0,0,0
0,6.753249,0,0,0,270,0,0,0
0,6.763745,0,0,0,270,0,0,0
0,6.77311,0,0,0,270,0,0,0
0,6.784039,0,0,0,270,0,0,0
0,6.794842,0,0,0,270,0,0,0
0,6.803532,0,0,0,270,0,0,0
0,6.812634,0,0,0,270,0,0,0
0,6.822139,0,0,0,270,0,0,0
0,6.833077,0,0,0,270,0,0,0
0,6.842463,0,0,0,270,0,0,0
0,6.852423,0,0,0,270,0,0,0
0,6.861124,0,0,0,270,0,0,0
0,6.871764,0,0,0,270,0,0,0
0,6.882715,0,0,0,270,0,0,0
0,6.89278,0,0,0,270,0,0,0
0,6.903068,0,0,0,270,0,0,0
0,6.911702,0,0,0,270,0,0,0
0,6.923333,0,0,0,270,0,0,0
0,6.935072,0,0,0,270,0,0,0
0,6.944896,0,0,0,270,0,0,0
0,6.955547,0,0,0,270,0,0,0
0,6.965068,0,0,0,270,0,0,0
0,6.974944,0,0,0,270,0,0,0
0,6.985647,0,0,0,270,0,0,0
0,6.994331,0,0,0,270,0,0,0
0,7.003552,0,0,0,270,0,0,0
0,7.013432,0,0,0,270,0,0,0
0,7.025013,0,0,0,270,0,0,0
0,7.036087,0,0,0,270,0,0,0
0,7.048123,0,0,0,270,0,0,0
0,7.056602,0,0,0,270,0,0,0
0,7.065605,0,0,0,270,0,0,0
0,7.074191,0,0,0,270,0,0,0
0,7.082149,0,0,0,270,0,0,0
0,7.091444,0,0,0,270,0,0,0
0,7.098836,0,0,0,270,0,0,0
0,7.108226,0,0,0,270,0,0,0
0,7.116712,0,0,0,270,0,0,0
0,7.127172,0,0,0,270,0,0,0
0,7.137124,0,0,0,270,0,0,0
0,7.146276,0,0,0,270,0,0,0
0,7.156846,0,0,0,270,0,0,0
0,7.166652,0,0,0,270,0,0,0
0,7.176108,0,0,0,270,0,0,0
0,7.186354,0,0,0,270,0,0,0
0,7.197062,0,0,0,270,0,0,0
0,7.20684,0,0,0,270,0,0,0
0,7.216975,0,0,0,270,0,0,0
0,7.228951,0,0,0,270,0,0,0
0,7.240074,0,0,0,270,0,0,0
0,7.251496,0,0,0,270,0,0,0
0,7.261875,0,0,0,270,0,0,0
0,7.270493,0,0,0,270,0,0,0
0,7.279798,0,0,0,270,0,0,0
0,7.287571,0,0,0,270,0,0,0
0,7.296355,0,0,0,270,0,0,0
0,7.306017,0,0,0,270,0,0,0
0,7.315499,0,0,0,270,0,0,0
0,7.326505,0,0,0,270,0,0,0
0,7.334521,0,0,0,270,0,0,0
0,7.34357,0,0,0,270,0,0,0
0,7.353239,0,0,0,270,0,0,0
0,7.362275,0,0,0,270,0,0,0
0,7.371738,0,0,0,270,0,0,0
0,7.380508,0,0,0,270,0,0,0
0,7.388912,0,0,0,270,0,0,0
0,7.396454,0,0,0,270,0,0,0
0,7.404698,0,0,0,270,0,0,0
0,7.412798,0,0,0,270,0,0,0
0,7.420035,0,0,0,270,0,0,0
0,7.42693,0,0,0,270,0,0,0
0,7.434389,0,0,0,270,0,0,0
0,7.441847,0,0,0,270,0,0,0
0,7.449376,0,0,0,270,0,0,0
0,7.457233,0,0,0,270,0,0,0
0,7.46417,0,0,0,270,0,0,0
0,7.471755,0,0,0,270,0,0,0
0,7.480794,0,0,0,270,0,0,0
0,7.490259,0,0,0,270,0,0,0
0,7.499766,0,0,0,270,0,0,0
0,7.507417,0,0,0,270,0,0,0
0,7.516363,0,0,0,270,0,0,0
0,7.524439,0,0,0,270,0,0,0
0,7.531629,0,0,0,270,0,0,0
0,7.540308,0,0,0,270,0,0,0
0,7.550096,0,0,0,270,0,0,0
0,7.558793,0,0,0,270,0,0,0
0,7.578103,0,0,0,270,0,0,0
0,7.586287,0,0,0,270,0,0,0
0,7.59451,0,0,0,270,0,0,0
0,7.602633,0,0,0,270,0,0,0
0,7.610949,0,0,0,270,0,0,0
0,7.618254,0,0,0,270,0,0,0
0,7.626498,0,0,0,270,0,0,0
0,7.634389,0,0,0,270,0,0,0
0,7.64255,0,0,0,270,0,0,0
0,7.650552,0,0,0,270,0,0,0
0,7.6585,0,0,0,270,0,0,0
0,7.668027,0,0,0,270,0,0,0
0,7.678114,0,0,0,270,0,0,0
0,7.688943,0,0,0,270,0,0,0
0,7.698453,0,0,0,270,0,0,0
0,7.707931,0,0,0,270,0,0,0
0,7.716654,0,0,0,270,0,0,0
0,7.725318,0,0,0,270,0,0,0
0,7.733151,0,0,0,270,0,0,0
0,7.739957,0,0,0,270,0,0,0
0,7.748158,0,0,0,270,0,0,0
0,7.756354,0,0,0,270,0,0,0
0,7.765008,0,0,0,270,0,0,0
0,7.773983,0,0,0,270,0,0,0
0,7.782466,0,0,0,270,0,0,0
0,7.79017,0,0,0,270,0,0,0
0,7.797997,0,0,0,270,0,0,0
0,7.806975,0,0,0,270,0,0,0
0,7.815334,0,0,0,270,0,0,0
0,7.824558,0,0,0,270,0,0,0
0,7.831483,0,0,0,270,0,0,0
0,7.839499,0,0,0,270,0,0,0
0,7.848096,0,0,0,270,0,0,0
0,7.857853,0,0,0,270,0,0,0
0,7.86811,0,0,0,270,0,0,0
0,7.87784,0,0,0,270,0,0,0
0,7.886804,0,0,0,270,0,0,0
0,7.896473,0,0,0,270,0,0,0
0,7.907278,0,0,0,270,0,0,0
0,7.916894,0,0,0,270,0,0,0
0,7.925925,0,0,0,270,0,0,0
0,7.935706,0,0,0,270,0,0,0
0,7.945758,0,0,0,270,0,0,0
0,7.956562,0,0,0,270,0,0,0
0,7.967173,0,0,0,270,0,0,0
0,7.976068,0,0,0,270,0,0,0
0,7.984913,0,0,0,270,0,0,0
0,7.995855,0,0,0,270,0,0,0
0,8.004637,0,0,0,270,0,0,0
0,8.013445,0,0,0,270,0,0,0
0,8.022673,0,0,0,270,0,0,0
0,8.033154,0,0,0,270,0,0,0
0,8.042262,0,0,0,270,0,0,0
0,8.052214,0,0,0,270,0,0,0
0,8.061413,0,0,0,270,0,0,0
0,8.070657,0,0,0,270,0,0,0
0,8.080333,0,0,0,270,0,0,0
0,8.089234,0,0,0,270,0,0,0
0,8.097625,0,0,0,270,0,0,0
0,8.107388,0,0,0,270,0,0,0
0,8.117328,0,0,0,270,0,0,0
0,8.127793,0,0,0,270,0,0,0
0,8.13772,0,0,0,270,0,0,0
0,8.147631,0,0,0,270,0,0,0
0,8.157905,0,0,0,270,0,0,0
0,8.167576,0,0,0,270,0,0,0
0,8.175902,0,0,0,270,0,0,0
0,8.186563,0,0,0,270,0,0,0
0,8.197049,0,0,0,270,0,0,0
0,8.206492,0,0,0,270,0,0,0
0,8.216862,0,0,0,270,0,0,0
0,8.224912,0,0,0,270,0,0,0
0,8.234093,0,0,0,270,0,0,0
0,8.243567,0,0,0,270,0,0,0
0,8.252643,0,0,0,270,0,0,0
0,8.26148,0,0,0,270,0,0,0
0,8.270118,0,0,0,270,0,0,0
0,8.27919,0,0,0,270,0,0,0
0,8.287448,0,0,0,270,0,0,0
0,8.296757,0,0,0,270,0,0,0
0,8.305323,0,0,0,270,0,0,0
0,8.313696,0,0,0,270,0,0,0
0,8.321239,0,0,0,270,0,0,0
0,8.330294,0,0,0,270,0,0,0
0,8.339664,0,0,0,270,0,0,0
0,8.348888,0,0,0,270,0,0,0
0,8.358109,0,0,0,270,0,0,0
0,8.367051,0,0,0,270,0,0,0
0,8.37474,0,0,0,270,0,0,0
0,8.384353,0,0,0,270,0,0,0
0,8.394624,0,0,0,270,0,0,0
0,8.403708,0,0,0,270,0,0,0
0,8.410763,0,0,0,270,0,0,0
0,8.418276,0,0,0,270,0,0,0
0,8.42587,0,0,0,270,0,0,0
0,8.433773,0,0,0,270,0,0,0
0,8.441816,0,0,0,270,0,0,0
0,8.451786,0,0,0,270,0,0,0
0,8.459929,0,0,0,270,0,0,0
0,8.467798,0,0,0,270,0,0,0
0,8.475036,0,0,0,270,0,0,0
0,8.483662,0,0,0,270,0,0,0
0,8.491236,0,0,0,270,0,0,0
0,8.497989,0,0,0,270,0,0,0
0,8.505577,0,0,0,270,0,0,0
0,8.514393,0,0,0,270,0,0,0
0,8.521979,0,0,0,270,0,0,0
0,8.528981,0,0,0,270,0,0,0
0,8.536711,0,0,0,270,0,0,0
0,8.544556,0,0,0,270,0,0,0
0,8.551979,0,0,0,270,0,0,0
0,8.558897,0,0,0,270,0,0,0
0,8.565725,0,0,0,270,0,0,0
0,8.573291,0,0,0,270,0,0,0
0,8.581007,0,0,0,270,0,0,0
0,8.587436,0,0,0,270,0,0,0
0,8.594646,0,0,0,270,0,0,0
0,8.601568,0,0,0,270,0,0,0
0,8.608263,0,0,0,270,0,0,0
0,8.615252,0,0,0,270,0,0,0
0,8.622149,0,0,0,270,0,0,0
0,8.628277,0,0,0,270,0,0,0
0,8.635828,0,0,0,270,0,0,0
0,8.643143,0,0,0,270,0,0,0
0,8.650756,0,0,0,270,0,0,0
0,8.657582,0,0,0,270,0,0,0
0,8.664751,0,0,0,270,0,0,0
0,8.672751,0,0,0,270,0,0,0
0,8.679932,0,0,0,270,0,0,0
0,8.688718,0,0,0,270,0,0,0
0,8.697562,0,0,0,270,0,0,0
0,8.707127,0,0,0,270,0,0,0
0,8.715193,0,0,0,270,0,0,0
0,8.722342,0,0,0,270,0,0,0
0,8.729084,0,0,0,270,0,0,0
0,8.737191,0,0,0,270,0,0,0
0,8.744444,0,0,0,270,0,0,0
0,8.751782,0,0,0,270,0,0,0
0,8.759799,0,0,0,270,0,0,0
0,8.768001,0,0,0,270,0,0,0
0,8.774962,0,0,0,270,0,0,0
0,8.782114,0,0,0,270,0,0,0
0,8.789125,0,0,0,270,0,0,0
0,8.797239,0,0,0,270,0,0,0
0,8.80456,0,0,0,270,0,0,0
0,8.812052,0,0,0,270,0,0,0
0,8.820129,0,0,0,270,0,0,0
0,8.829702,0,0,0,270,0,0,0
0,8.838927,0,0,0,270,0,0,0
0,8.848268,0,0,0,270,0,0,0
0,8.856182,0,0,0,270,0,0,0
0,8.863025,0,0,0,270,0,0,0
0,8.870914,0,0,0,270,0,0,0
0,8.880106,0,0,0,270,0,0,0
0,8.889235,0,0,0,270,0,0,0
0,8.896795,0,0,0,270,0,0,0
0,8.90456,0,0,0,270,0,0,0
0,8.912147,0,0,0,270,0,0,0
0,8.920775,0,0,0,270,0,0,0
0,8.929182,0,0,0,270,0,0,0
0,8.937254,0,0,0,270,0,0,0
0,8.944541,0,0,0,270,0,0,0
0,8.951535,0,0,0,270,0,0,0
0,8.959422,0,0,0,270,0,0,0
0,8.967007,0,0,0,270,0,0,0
0,8.97493,0,0,0,270,0,0,0
0,8.982704,0,0,0,270,0,0,0
0,8.990576,0,0,0,270,0,0,0
0,8.999847,0,0,0,270,0,0,0
0,9.007515,0,0,0,270,0,0,0
0,9.017134,0,0,0,270,0,0,0
0,9.027468,0,0,0,270,0,0,0
0,9.036469,0,0,0,270,0,0,0
0,9.045468,0,0,0,270,0,0,0
0,9.053209,0,0,0,270,0,0,0
0,9.061298,0,0,0,270,0,0,0
0,9.07095,0,0,0,270,0,0,0
0,9.080564,0,0,0,270,0,0,0
0,9.090714,0,0,0,270,0,0,0
0,9.099059,0,0,0,270,0,0,0
0,9.110262,0,0,0,270,0,0,0
0,9.133962,0,0,0,270,0,0,0
0,9.144681,0,0,0,270,0,0,0
0,9.154472,0,0,0,270,0,0,0
0,9.163862,0,0,0,270,0,0,0
0,9.174817,0,0,0,270,0,0,0
0,9.186162,0,0,0,270,0,0,0
0,9.196383,0,0,0,270,0,0,0
0,9.207163,0,0,0,270,0,0,0
0,9.216617,0,0,0,270,0,0,0
0,9.226741,0,0,0,270,0,0,0
0,9.236177,0,0,0,270,0,0,0
0,9.244783,0,0,0,270,0,0,0
0,9.254072,0,0,0,270,0,0,0
0,9.264059,0,0,0,270,0,0,0
0,9.274423,0,0,0,270,0,0,0
0,9.28362,0,0,0,270,0,0,0
0,9.293324,0,0,0,270,0,0,0
0,9.303432,0,0,0,270,0,0,0
0,9.312799,0,0,0,270,0,0,0
0,9.322807,0,0,0,270,0,0,0
0,9.33349,0,0,0,270,0,0,0
0,9.342663,0,0,0,270,0,0,0
0,9.350962,0,0,0,270,0,0,0
0,9.361033,0,0,0,270,0,0,0
0,9.36972,0,0,0,270,0,0,0
0,9.377951,0,0,0,270,0,0,0
0,9.387431,0,0,0,270,0,0,0
0,9.396635,0,0,0,270,0,0,0
0,9.406276,0,0,0,270,0,0,0
0,9.416513,0,0,0,270,0,0,0
0,9.425136,0,0,0,270,0,0,0
0,9.433813,0,0,0,270,0,0,0
0,9.44164,0,0,0,270,0,0,0
0,9.450017,0,0,0,270,0,0,0
0,9.459616,0,0,0,270,0,0,0
0,9.469069,0,0,0,270,0,0,0
0,9.476702,0,0,0,270,0,0,0
0,9.486673,0,0,0,270,0,0,0
0,9.496417,0,0,0,270,0,0,0
0,9.50451,0,0,0,270,0,0,0
0,9.513869,0,0,0,270,0,0,0
0,9.523626,0,0,0,270,0,0,0
0,9.531082,0,0,0,270,0,0,0
0,9.538153,0,0,0,270,0,0,0
0,9.547233,0,0,0,270,0,0,0
0,9.553682,0,0,0,270,0,0,0
0,9.562449,0,0,0,270,0,0,0
0,9.570728,0,0,0,270,0,0,0
0,9.578895,0,0,0,270,0,0,0
0,9.586243,0,0,0,270,0,0,0
0,9.594576,0,0,0,270,0,0,0
0,9.603711,0,0,0,270,0,0,0
0,9.613134,0,0,0,270,0,0,0
0,9.622872,0,0,0,270,0,0,0
0,9.630317,0,0,0,270,0,0,0
0,9.638185,0,0,0,270,0,0,0
0,9.646008,0,0,0,270,0,0,0
0,9.653644,0,0,0,270,0,0,0
0,9.660718,0,0,0,270,0,0,0
0,9.668064,0,0,0,270,0,0,0
0,9.675171,0,0,0,270,0,0,0
0,9.682868,0,0,0,270,0,0,0
0,9.691461,0,0,0,270,0,0,0
0,9.700818,0,0,0,270,0,0,0
0,9.708522,0,0,0,270,0,0,0
0,9.717393,0,0,0,270,0,0,0
0,9.727738,0,0,0,270,0,0,0
0,9.73534,0,0,0,270,0,0,0
0,9.742064,0,0,0,270,0,0,0
0,9.750244,0,0,0,270,0,0,0
0,9.757652,0,0,0,270,0,0,0
0,9.767617,0,0,0,270,0,0,0
0,9.77485,0,0,0,270,0,0,0
0,9.781728,0,0,0,270,0,0,0
0,9.788584,0,0,0,270,0,0,0
0,9.79635,0,0,0,270,0,0,0
0,9.803377,0,0,0,270,0,0,0
0,9.812421,0,0,0,270,0,0,0
0,9.819495,0,0,0,270,0,0,0
0,9.827593,0,0,0,270,0,0,0
0,9.835467,0,0,0,270,0,0,0
0,9.842294,0,0,0,270,0,0,0
0,9.849659,0,0,0,270,0,0,0
0,9.857948,0,0,0,270,0,0,0
0,9.86552,0,0,0,270,0,0,0
0,9.873714,0,0,0,270,0,0,0
0,9.880677,0,0,0,270,0,0,0
0,9.888549,0,0,0,270,0,0,0
0,9.895522,0,0,0,270,0,0,0
0,9.903604,0,0,0,270,0,0,0
0,9.911322,0,0,0,270,0,0,0
0,9.919361,0,0,0,270,0,0,0
0,9.92669,0,0,0,270,0,0,0
0,9.933451,0,0,0,270,0,0,0
0,9.940116,0,0,0,270,0,0,0
0,9.948652,0,0,0,270,0,0,0
0,9.956291,0,0,0,270,0,0,0
0,9.962764,0,0,0,270,0,0,0
0,9.969683,0,0,0,270,0,0,0
0,9.976291,0,0,0,270,0,0,0
0,9.984357,0,0,0,270,0,0,0
0,9.992424,0,0,0,270,0,0,0
0,10.00061,0,0,0,270,0,0,0
0,10.00702,0,0,0,270,0,0,0
0,10.01501,0,0,0,270,0,0,0
0,10.02253,0,0,0,270,0,0,0
0,10.02901,0,0,0,270,0,0,0
0,10.03618,0,0,0,270,0,0,0
0,10.04346,0,0,0,270,0,0,0
0,10.05122,0,0,0,270,0,0,0
0,10.05783,0,0,0,270,0,0,0
0,10.06464,0,0,0,270,0,0,0
0,10.07187,0,0,0,270,0,0,0
0,10.08061,0,0,0,270,0,0,0
0,10.08891,0,0,0,270,0,0,0
0,10.09575,0,0,0,270,0,0,0
0,10.1033,0,0,0,270,0,0,0
0,10.11176,0,0,0,270,0,0,0
0,10.12012,0,0,0,270,0,0,0
0,10.12972,0,0,0,270,0,0,0
0,10.13872,0,0,0,270,0,0,0
0,10.14972,0,0,0,270,0,0,0
0,10.15891,0,0,0,270,0,0,0
0,10.16748,0,0,0,270,0,0,0
0,10.17614,0,0,0,270,0,0,0
0,10.18587,0,0,0,270,0,0,0
0,10.19541,0,0,0,270,0,0,0
0,10.20549,0,0,0,270,0,0,0
0,10.21677,0,0,0,270,0,0,0
0,10.22623,0,0,0,270,0,0,0
0,10.23656,0,0,0,270,0,0,0
0,10.24636,0,0,0,270,0,0,0
0,10.25622,0,0,0,270,0,0,0
0,10.2656,0,0,0,270,0,0,0
0,10.27572,0,0,0,270,0,0,0
0,10.28666,0,0,0,270,0,0,0
0,10.29697,0,0,0,270,0,0,0
0,10.30749,0,0,0,270,0,0,0
0,10.31783,0,0,0,270,0,0,0
0,10.32742,0,0,0,270,0,0,0
0,10.33694,0,0,0,270,0,0,0
0,10.34651,0,0,0,270,0,0,0
0,10.35603,0,0,0,270,0,0,0
0,10.3653,0,0,0,270,0,0,0
0,10.37432,0,0,0,270,0,0,0
0,10.38529,0,0,0,270,0,0,0
0,10.39531,0,0,0,270,0,0,0
0,10.40471,0,0,0,270,0,0,0
0,10.41358,0,0,0,270,0,0,0
0,10.42323,0,0,0,270,0,0,0
0,10.43254,0,0,0,270,0,0,0
0,10.44232,0,0,0,270,0,0,0
0,10.45288,0,0,0,270,0,0,0
0,10.46162,0,0,0,270,0,0,0
0,10.47157,0,0,0,270,0,0,0
0,10.4813,0,0,0,270,0,0,0
0,10.49144,0,0,0,270,0,0,0
0,10.5026,0,0,0,270,0,0,0
0,10.51202,0,0,0,270,0,0,0
0,10.52057,0,0,0,270,0,0,0
0,10.52917,0,0,0,270,0,0,0
0,10.53827,0,0,0,270,0,0,0
0,10.54642,0,0,0,270,0,0,0
0,10.55534,0,0,0,270,0,0,0
0,10.56379,0,0,0,270,0,0,0
0,10.57274,0,0,0,270,0,0,0
0,10.5817,0,0,0,270,0,0,0
0,10.59027,0,0,0,270,0,0,0
0,10.59828,0,0,0,270,0,0,0
0,10.60745,0,0,0,270,0,0,0
0,10.61645,0,0,0,270,0,0,0
0,10.62534,0,0,0,270,0,0,0
0,10.63475,0,0,0,270,0,0,0
0,10.64315,0,0,0,270,0,0,0
0,10.65204,0,0,0,270,0,0,0
0,10.66081,0,0,0,270,0,0,0
0,10.67075,0,0,0,270,0,0,0
0,10.67803,0,0,0,270,0,0,0
0,10.68674,0,0,0,270,0,0,0
0,10.69565,0,0,0,270,0,0,0
0,10.70481,0,0,0,270,0,0,0
0,10.71268,0,0,0,270,0,0,0
0,10.73201,0,0,0,270,0,0,0
0,10.74238,0,0,0,270,0,0,0
0,10.75308,0,0,0,270,0,0,0
0,10.76216,0,0,0,270,0,0,0
0,10.77006,0,0,0,270,0,0,0
0,10.77888,0,0,0,270,0,0,0
0,10.78638,0,0,0,270,0,0,0
0,10.79411,0,0,0,270,0,0,0
0,10.8021,0,0,0,270,0,0,0
0,10.80911,0,0,0,270,0,0,0
0,10.81604,0,0,0,270,0,0,0
0,10.82435,0,0,0,270,0,0,0
0,10.83204,0,0,0,270,0,0,0
0,10.83908,0,0,0,270,0,0,0
0,10.84728,0,0,0,270,0,0,0
0,10.85547,0,0,0,270,0,0,0
0,10.8628,0,0,0,270,0,0,0
0,10.87037,0,0,0,270,0,0,0
0,10.87915,0,0,0,270,0,0,0
0,10.88769,0,0,0,270,0,0,0
0,10.89539,0,0,0,270,0,0,0
0,10.9033,0,0,0,270,0,0,0
0,10.90965,0,0,0,270,0,0,0
0,10.91732,0,0,0,270,0,0,0
0,10.92471,0,0,0,270,0,0,0
0,10.93165,0,0,0,270,0,0,0
0,10.93934,0,0,0,270,0,0,0
0,10.9466,0,0,0,270,0,0,0
0,10.95607,0,0,0,270,0,0,0
0,10.96307,0,0,0,270,0,0,0
0,10.97177,0,0,0,270,0,0,0
0,10.97933,0,0,0,270,0,0,0
0,10.98619,0,0,0,270,0,0,0
0,10.9933,0,0,0,270,0,0,0
0,11.00051,0,0,0,270,0,0,0
0,11.00706,0,0,0,270,0,0,0
0,11.01528,0,0,0,270,0,0,0
0,11.02329,0,0,0,270,0,0,0
0,11.03158,0,0,0,270,0,0,0
0,11.04025,0,0,0,270,0,0,0
0,11.04779,0,0,0,270,0,0,0
0,11.05439,0,0,0,270,0,0,0
0,11.06214,0,0,0,270,0,0,0
0,11.06871,0,0,0,270,0,0,0
0,11.076,0,0,0,270,0,0,0
0,11.08329,0,0,0,270,0,0,0
0,11.09097,0,0,0,270,0,0,0
0,11.09755,0,0,0,270,0,0,0
0,11.10566,0,0,0,270,0,0,0
0,11.11385,0,0,0,270,0,0,0
0,11.12192,0,0,0,270,0,0,0
0,11.12843,0,0,0,270,0,0,0
0,11.13587,0,0,0,270,0,0,0
0,11.14307,0,0,0,270,0,0,0
0,11.15089,0,0,0,270,0,0,0
0,11.15828,0,0,0,270,0,0,0
0,11.16537,0,0,0,270,0,0,0
0,11.1737,0,0,0,270,0,0,0
0,11.18026,0,0,0,270,0,0,0
0,11.18784,0,0,0,270,0,0,0
0,11.19453,0,0,0,270,0,0,0
0,11.20157,0,0,0,270,0,0,0
0,11.20815,0,0,0,270,0,0,0
0,11.21624,0,0,0,270,0,0,0
0,11.22529,0,0,0,270,0,0,0
0,11.23411,0,0,0,270,0,0,0
0,11.24136,0,0,0,270,0,0,0
0,11.24959,0,0,0,270,0,0,0
0,11.2565,0,0,0,270,0,0,0
0,11.26362,0,0,0,270,0,0,0
0,11.27033,0,0,0,270,0,0,0
0,11.27905,0,0,0,270,0,0,0
0,11.28624,0,0,0,270,0,0,0
0,11.29591,0,0,0,270,0,0,0
0,11.30562,0,0,0,270,0,0,0
0,11.31549,0,0,0,270,0,0,0
0,11.32536,0,0,0,270,0,0,0
0,11.33405,0,0,0,270,0,0,0
0,11.34346,0,0,0,270,0,0,0
0,11.35156,0,0,0,270,0,0,0
0,11.36067,0,0,0,270,0,0,0
0,11.36931,0,0,0,270,0,0,0
0,11.37872,0,0,0,270,0,0,0
0,11.38753,0,0,0,270,0,0,0
0,11.39729,0,0,0,270,0,0,0
0,11.40889,0,0,0,270,0,0,0
0,11.41935,0,0,0,270,0,0,0
0,11.42798,0,0,0,270,0,0,0
0,11.43816,0,0,0,270,0,0,0
0,11.44867,0,0,0,270,0,0,0
0,11.45947,0,0,0,270,0,0,0
0,11.47024,0,0,0,270,0,0,0
0,11.47967,0,0,0,270,0,0,0
0,11.48893,0,0,0,270,0,0,0
0,11.49771,0,0,0,270,0,0,0
0,11.50606,0,0,0,270,0,0,0
0,11.51632,0,0,0,270,0,0,0
0,11.52605,0,0,0,270,0,0,0
0,11.53574,0,0,0,270,0,0,0
0,11.5465,0,0,0,270,0,0,0
0,11.55614,0,0,0,270,0,0,0
0,11.5647,0,0,0,270,0,0,0
0,11.57399,0,0,0,270,0,0,0
0,11.5839,0,0,0,270,0,0,0
0,11.59346,0,0,0,270,0,0,0
0,11.60312,0,0,0,270,0,0,0
0,11.61222,0,0,0,270,0,0,0
0,11.62213,0,0,0,270,0,0,0
0,11.63315,0,0,0,270,0,0,0
0,11.64482,0,0,0,270,0,0,0
0,11.6555,0,0,0,270,0,0,0
0,11.66452,0,0,0,270,0,0,0
0,11.67391,0,0,0,270,0,0,0
0,11.68335,0,0,0,270,0,0,0
0,11.69263,0,0,0,270,0,0,0
0,11.70264,0,0,0,270,0,0,0
0,11.712,0,0,0,270,0,0,0
0,11.72206,0,0,0,270,0,0,0
0,11.73299,0,0,0,270,0,0,0
0,11.74148,0,0,0,270,0,0,0
0,11.74974,0,0,0,270,0,0,0
0,11.75888,0,0,0,270,0,0,0
0,11.77248,0,0,0,270,0,0,0
0,11.78453,0,0,0,270,0,0,0
0,11.79523,0,0,0,270,0,0,0
0,11.80516,0,0,0,270,0,0,0
0,11.81468,0,0,0,270,0,0,0
0,11.82236,0,0,0,270,0,0,0
0,11.83033,0,0,0,270,0,0,0
0,11.83944,0,0,0,270,0,0,0
0,11.84884,0,0,0,270,0,0,0
0,11.85772,0,0,0,270,0,0,0
0,11.86645,0,0,0,270,0,0,0
0,11.87512,0,0,0,270,0,0,0
0,11.88311,0,0,0,270,0,0,0
0,11.89284,0,0,0,270,0,0,0
0,11.9022,0,0,0,270,0,0,0
0,11.90993,0,0,0,270,0,0,0
0,11.9193,0,0,0,270,0,0,0
0,11.92719,0,0,0,270,0,0,0
0,11.93509,0,0,0,270,0,0,0
0,11.94239,0,0,0,270,0,0,0
0,11.95076,0,0,0,270,0,0,0
0,11.95863,0,0,0,270,0,0,0
0,11.96644,0,0,0,270,0,0,0
0,11.97364,0,0,0,270,0,0,0
0,11.98158,0,0,0,270,0,0,0
0,11.98842,0,0,0,270,0,0,0
0,11.99626,0,0,0,270,0,0,0
0,12.00343,0,0,0,270,0,0,0
0,12.01099,0,0,0,270,0,0,0
0,12.01792,0,0,0,270,0,0,0
0,12.02617,0,0,0,270,0,0,0
0,12.03332,0,0,0,270,0,0,0
0,12.04172,0,0,0,270,0,0,0
0,12.04938,0,0,0,270,0,0,0
0,12.05654,0,0,0,270,0,0,0
0,12.06347,0,0,0,270,0,0,0
0,12.07063,0,0,0,270,0,0,0
0,12.07813,0,0,0,270,0,0,0
0,12.08503,0,0,0,270,0,0,0
0,12.09249,0,0,0,270,0,0,0
0,12.0999,0,0,0,270,0,0,0
0,12.10757,0,0,0,270,0,0,0
0,12.11477,0,0,0,270,0,0,0
0,12.12248,0,0,0,270,0,0,0
0,12.13014,0,0,0,270,0,0,0
0,12.13874,0,0,0,270,0,0,0
0,12.14647,0,0,0,270,0,0,0
0,12.15415,0,0,0,270,0,0,0
0,12.16151,0,0,0,270,0,0,0
0,12.16848,0,0,0,270,0,0,0
0,12.1755,0,0,0,270,0,0,0
0,12.18374,0,0,0,270,0,0,0
0,12.19157,0,0,0,270,0,0,0
0,12.19879,0,0,0,270,0,0,0
0,12.20571,0,0,0,270,0,0,0
0,12.21337,0,0,0,270,0,0,0
0,12.22068,0,0,0,270,0,0,0
0,12.22841,0,0,0,270,0,0,0
0,12.23583,0,0,0,270,0,0,0
0,12.24489,0,0,0,270,0,0,0
0,12.26053,0,0,0,270,0,0,0
0,12.27639,0,0,0,270,0,0,0
0,12.28591,0,0,0,270,0,0,0
0,12.2957,0,0,0,270,0,0,0
0,12.30482,0,0,0,270,0,0,0
0,12.31411,0,0,0,270,0,0,0
0,12.32256,0,0,0,270,0,0,0
0,12.3298,0,0,0,270,0,0,0
0,12.33851,0,0,0,270,0,0,0
0,12.3483,0,0,0,270,0,0,0
0,12.35607,0,0,0,270,0,0,0
0,12.36365,0,0,0,270,0,0,0
0,12.37242,0,0,0,270,0,0,0
0,12.38043,0,0,0,270,0,0,0
0,12.38938,0,0,0,270,0,0,0
0,12.39716,0,0,0,270,0,0,0
0,12.40543,0,0,0,270,0,0,0
0,12.41295,0,0,0,270,0,0,0
0,12.42033,0,0,0,270,0,0,0
0,12.42999,0,0,0,270,0,0,0
0,12.44027,0,0,0,270,0,0,0
0,12.45087,0,0,0,270,0,0,0
0,12.46064,0,0,0,270,0,0,0
0,12.47075,0,0,0,270,0,0,0
0,12.48193,0,0,0,270,0,0,0
0,12.49073,0,0,0,270,0,0,0
0,12.49909,0,0,0,270,0,0,0
0,12.50914,0,0,0,270,0,0,0
0,12.51919,0,0,0,270,0,0,0
0,12.52909,0,0,0,270,0,0,0
0,12.53944,0,0,0,270,0,0,0
0,12.54981,0,0,0,270,0,0,0
0,12.5603,0,0,0,270,0,0,0
0,12.57087,0,0,0,270,0,0,0
0,12.58279,0,0,0,270,0,0,0
0,12.59366,0,0,0,270,0,0,0
0,12.60525,0,0,0,270,0,0,0
0,12.61717,0,0,0,270,0,0,0
0,12.62924,0,0,0,270,0,0,0
0,12.64041,0,0,0,270,0,0,0
0,12.65196,0,0,0,270,0,0,0
0,12.66315,0,0,0,270,0,0,0
0,12.67363,0,0,0,270,0,0,0
0,12.68341,0,0,0,270,0,0,0
0,12.69458,0,0,0,270,0,0,0
0,12.7058,0,0,0,270,0,0,0
0,12.71768,0,0,0,270,0,0,0
0,12.72736,0,0,0,270,0,0,0
0,12.73696,0,0,0,270,0,0,0
0,12.74836,0,0,0,270,0,0,0
0,12.75793,0,0,0,270,0,0,0
0,12.769,0,0,0,270,0,0,0
0,12.77962,0,0,0,270,0,0,0
0,12.79339,0,0,0,270,0,0,0
0,12.80582,0,0,0,270,0,0,0
0,12.81871,0,0,0,270,0,0,0
0,12.82995,0,0,0,270,0,0,0
0,12.8406,0,0,0,270,0,0,0
0,12.85214,0,0,0,270,0,0,0
0,12.86374,0,0,0,270,0,0,0
0,12.87583,0,0,0,270,0,0,0
0,12.88697,0,0,0,270,0,0,0
0,12.89706,0,0,0,270,0,0,0
0,12.90754,0,0,0,270,0,0,0
0,12.91744,0,0,0,270,0,0,0
0,12.92823,0,0,0,270,0,0,0
0,12.9388,0,0,0,270,0,0,0
0,12.94847,0,0,0,270,0,0,0
0,12.95802,0,0,0,270,0,0,0
0,12.96708,0,0,0,270,0,0,0
0,12.97885,0,0,0,270,0,0,0
0,12.9894,0,0,0,270,0,0,0
0,13.00003,0,0,0,270,0,0,0
0,13.00956,0,0,0,270,0,0,0
0,13.02089,0,0,0,270,0,0,0
0,13.03001,0,0,0,270,0,0,0
0,13.03963,0,0,0,270,0,0,0
0,13.04872,0,0,0,270,0,0,0
0,13.0596,0,0,0,270,0,0,0
0,13.06921,0,0,0,270,0,0,0
0,13.07929,0,0,0,270,0,0,0
0,13.08962,0,0,0,270,0,0,0
0,13.0977,0,0,0,270,0,0,0
0,13.1076,0,0,0,270,0,0,0
0,13.11622,0,0,0,270,0,0,0
0,13.12556,0,0,0,270,0,0,0
0,13.13472,0,0,0,270,0,0,0
0,13.14276,0,0,0,270,0,0,0
0,13.15288,0,0,0,270,0,0,0
0,13.16396,0,0,0,270,0,0,0
0,13.17403,0,0,0,270,0,0,0
0,13.18233,0,0,0,270,0,0,0
0,13.19129,0,0,0,270,0,0,0
0,13.19999,0,0,0,270,0,0,0
0,13.20696,0,0,0,270,0,0,0
0,13.2157,0,0,0,270,0,0,0
0,13.22401,0,0,0,270,0,0,0
0,13.23174,0,0,0,270,0,0,0
0,13.24019,0,0,0,270,0,0,0
0,13.24865,0,0,0,270,0,0,0
0,13.2577,0,0,0,270,0,0,0
0,13.26694,0,0,0,270,0,0,0
0,13.27582,0,0,0,270,0,0,0
0,13.28401,0,0,0,270,0,0,0
0,13.29464,0,0,0,270,0,0,0
0,13.30454,0,0,0,270,0,0,0
0,13.31488,0,0,0,270,0,0,0
0,13.32297,0,0,0,270,0,0,0
0,13.33067,0,0,0,270,0,0,0
0,13.33919,0,0,0,270,0,0,0
0,13.34796,0,0,0,270,0,0,0
0,13.35627,0,0,0,270,0,0,0
0,13.36412,0,0,0,270,0,0,0
0,13.37207,0,0,0,270,0,0,0
0,13.38112,0,0,0,270,0,0,0
0,13.38954,0,0,0,270,0,0,0
0,13.39761,0,0,0,270,0,0,0
0,13.40592,0,0,0,270,0,0,0
0,13.41435,0,0,0,270,0,0,0
0,13.42449,0,0,0,270,0,0,0
0,13.4322,0,0,0,270,0,0,0
0,13.44093,0,0,0,270,0,0,0
0,13.44899,0,0,0,270,0,0,0
0,13.45957,0,0,0,270,0,0,0
0,13.4695,0,0,0,270,0,0,0
0,13.47844,0,0,0,270,0,0,0
0,13.48848,0,0,0,270,0,0,0
0,13.49696,0,0,0,270,0,0,0
0,13.50771,0,0,0,270,0,0,0
0,13.51671,0,0,0,270,0,0,0
0,13.52409,0,0,0,270,0,0,0
0,13.53213,0,0,0,270,0,0,0
0,13.54099,0,0,0,270,0,0,0
0,13.54987,0,0,0,270,0,0,0
0,13.55892,0,0,0,270,0,0,0
0,13.56727,0,0,0,270,0,0,0
0,13.57696,0,0,0,270,0,0,0
0,13.58592,0,0,0,270,0,0,0
0,13.59677,0,0,0,270,0,0,0
0,13.60773,0,0,0,270,0,0,0
0,13.61744,0,0,0,270,0,0,0
0,13.62787,0,0,0,270,0,0,0
0,13.63831,0,0,0,270,0,0,0
0,13.65216,0,0,0,270,0,0,0
0,13.66198,0,0,0,270,0,0,0
0,13.67387,0,0,0,270,0,0,0
0,13.6851,0,0,0,270,0,0,0
0,13.69581,0,0,0,270,0,0,0
0,13.70709,0,0,0,270,0,0,0
0,13.7184,0,0,0,270,0,0,0
0,13.72921,0,0,0,270,0,0,0
0,13.7399,0,0,0,270,0,0,0
0,13.75137,0,0,0,270,0,0,0
0,13.761,0,0,0,270,0,0,0
0,13.77313,0,0,0,270,0,0,0
0,13.78423,0,0,0,270,0,0,0
0,13.79518,0,0,0,270,0,0,0
0,13.80863,0,0,0,270,0,0,0
0,13.82193,0,0,0,270,0,0,0
0,13.83527,0,0,0,270,0,0,0
0,13.84795,0,0,0,270,0,0,0
0,13.85964,0,0,0,270,0,0,0
0,13.87115,0,0,0,270,0,0,0
0,13.88112,0,0,0,270,0,0,0
0,13.89272,0,0,0,270,0,0,0
0,13.90409,0,0,0,270,0,0,0
0,13.91442,0,0,0,270,0,0,0
0,13.92594,0,0,0,270,0,0,0
0,13.93688,0,0,0,270,0,0,0
0,13.9481,0,0,0,270,0,0,0
0,13.95801,0,0,0,270,0,0,0
0,13.96882,0,0,0,270,0,0,0
0,13.97815,0,0,0,270,0,0,0
0,13.98965,0,0,0,270,0,0,0
0,14.00161,0,0,0,270,0,0,0
0,14.01415,0,0,0,270,0,0,0
0,14.02606,0,0,0,270,0,0,0
0,14.03728,0,0,0,270,0,0,0
0,14.04797,0,0,0,270,0,0,0
0,14.05827,0,0,0,270,0,0,0
0,14.06746,0,0,0,270,0,0,0
0,14.07902,0,0,0,270,0,0,0
0,14.08947,0,0,0,270,0,0,0
0,14.10664,0,0,0,270,0,0,0
0,14.12341,0,0,0,270,0,0,0
0,14.13325,0,0,0,270,0,0,0
0,14.14242,0,0,0,270,0,0,0
0,14.15397,0,0,0,270,0,0,0
0,14.16372,0,0,0,270,0,0,0
0,14.17449,0,0,0,270,0,0,0
0,14.18508,0,0,0,270,0,0,0
0,14.19461,0,0,0,270,0,0,0
0,14.20284,0,0,0,270,0,0,0
0,14.21081,0,0,0,270,0,0,0
0,14.21918,0,0,0,270,0,0,0
0,14.22678,0,0,0,270,0,0,0
0,14.23538,0,0,0,270,0,0,0
0,14.24273,0,0,0,270,0,0,0
0,14.25077,0,0,0,270,0,0,0
0,14.25855,0,0,0,270,0,0,0
0,14.26768,0,0,0,270,0,0,0
0,14.27504,0,0,0,270,0,0,0
0,14.28508,0,0,0,270,0,0,0
0,14.29411,0,0,0,270,0,0,0
0,14.30209,0,0,0,270,0,0,0
0,14.31021,0,0,0,270,0,0,0
0,14.31832,0,0,0,270,0,0,0
0,14.32743,0,0,0,270,0,0,0
0,14.33464,0,0,0,270,0,0,0
0,14.3423,0,0,0,270,0,0,0
0,14.35078,0,0,0,270,0,0,0
0,14.36034,0,0,0,270,0,0,0
0,14.37,0,0,0,270,0,0,0
0,14.3785,0,0,0,270,0,0,0
0,14.38625,0,0,0,270,0,0,0
0,14.39474,0,0,0,270,0,0,0
0,14.40347,0,0,0,270,0,0,0
0,14.41172,0,0,0,270,0,0,0
0,14.41926,0,0,0,270,0,0,0
0,14.42766,0,0,0,270,0,0,0
0,14.43573,0,0,0,270,0,0,0
0,14.44271,0,0,0,270,0,0,0
0,14.45034,0,0,0,270,0,0,0
0,14.45747,0,0,0,270,0,0,0
0,14.46537,0,0,0,270,0,0,0
0,14.47408,0,0,0,270,0,0,0
0,14.48185,0,0,0,270,0,0,0
0,14.48929,0,0,0,270,0,0,0
0,14.49713,0,0,0,270,0,0,0
0,14.50523,0,0,0,270,0,0,0
0,14.51284,0,0,0,270,0,0,0
0,14.52026,0,0,0,270,0,0,0
0,14.52755,0,0,0,270,0,0,0
0,14.53463,0,0,0,270,0,0,0
0,14.54153,0,0,0,270,0,0,0
0,14.5485,0,0,0,270,0,0,0
0,14.5555,0,0,0,270,0,0,0
0,14.5631,0,0,0,270,0,0,0
0,14.57145,0,0,0,270,0,0,0
0,14.57977,0,0,0,270,0,0,0
0,14.58646,0,0,0,270,0,0,0
0,14.59425,0,0,0,270,0,0,0
0,14.60171,0,0,0,270,0,0,0
0,14.61149,0,0,0,270,0,0,0
0,14.61938,0,0,0,270,0,0,0
0,14.62724,0,0,0,270,0,0,0
0,14.63519,0,0,0,270,0,0,0
0,14.64302,0,0,0,270,0,0,0
0,14.65091,0,0,0,270,0,0,0
0,14.65928,0,0,0,270,0,0,0
0,14.66735,0,0,0,270,0,0,0
0,14.67462,0,0,0,270,0,0,0
0,14.68326,0,0,0,270,0,0,0
0,14.69236,0,0,0,270,0,0,0
0,14.70057,0,0,0,270,0,0,0
0,14.70707,0,0,0,270,0,0,0
0,14.71459,0,0,0,270,0,0,0
0,14.72239,0,0,0,270,0,0,0
0,14.73045,0,0,0,270,0,0,0
0,14.73895,0,0,0,270,0,0,0
0,14.74792,0,0,0,270,0,0,0
0,14.75787,0,0,0,270,0,0,0
0,14.76578,0,0,0,270,0,0,0
0,14.77428,0,0,0,270,0,0,0
0,14.78422,0,0,0,270,0,0,0
0,14.79349,0,0,0,270,0,0,0
0,14.80352,0,0,0,270,0,0,0
0,14.81383,0,0,0,270,0,0,0
0,14.82399,0,0,0,270,0,0,0
0,14.83345,0,0,0,270,0,0,0
0,14.84614,0,0,0,270,0,0,0
0,14.85805,0,0,0,270,0,0,0
0,14.86869,0,0,0,270,0,0,0
0,14.88219,0,0,0,270,0,0,0
0,14.89411,0,0,0,270,0,0,0
0,14.90553,0,0,0,270,0,0,0
0,14.91626,0,0,0,270,0,0,0
0,14.92715,0,0,0,270,0,0,0
0,14.93805,0,0,0,270,0,0,0
0,14.94877,0,0,0,270,0,0,0
0,14.95989,0,0,0,270,0,0,0
0,14.97078,0,0,0,270,0,0,0
0,14.98182,0,0,0,270,0,0,0
0,14.99177,0,0,0,270,0,0,0
0,15.00194,0,0,0,270,0,0,0
0,15.01289,0,0,0,270,0,0,0
0,15.02284,0,0,0,270,0,0,0
0,15.03347,0,0,0,270,0,0,0
0,15.04335,0,0,0,270,0,0,0
0,15.05368,0,0,0,270,0,0,0
0,15.06439,0,0,0,270,0,0,0
0,15.07576,0,0,0,270,0,0,0
0,15.08641,0,0,0,270,0,0,0
0,15.09656,0,0,0,270,0,0,0
0,15.10708,0,0,0,270,0,0,0
0,15.11826,0,0,0,270,0,0,0
0,15.1287,0,0,0,270,0,0,0
0,15.1408,0,0,0,270,0,0,0
0,15.15212,0,0,0,270,0,0,0
0,15.16138,0,0,0,270,0,0,0
0,15.17135,0,0,0,270,0,0,0
0,15.18088,0,0,0,270,0,0,0
0,15.19039,0,0,0,270,0,0,0
0,15.20066,0,0,0,270,0,0,0
0,15.21015,0,0,0,270,0,0,0
0,15.22121,0,0,0,270,0,0,0
0,15.23074,0,0,0,270,0,0,0
0,15.23983,0,0,0,270,0,0,0
0,15.25036,0,0,0,270,0,0,0
0,15.2604,0,0,0,270,0,0,0
0,15.2697,0,0,0,270,0,0,0
0,15.27953,0,0,0,270,0,0,0
0,15.28751,0,0,0,270,0,0,0
0,15.29673,0,0,0,270,0,0,0
0,15.3051,0,0,0,270,0,0,0
0,15.3135,0,0,0,270,0,0,0
0,15.32218,0,0,0,270,0,0,0
0,15.32959,0,0,0,270,0,0,0
0,15.33809,0,0,0,270,0,0,0
0,15.34572,0,0,0,270,0,0,0
0,15.35422,0,0,0,270,0,0,0
0,15.36215,0,0,0,270,0,0,0
0,15.37071,0,0,0,270,0,0,0
0,15.37919,0,0,0,270,0,0,0
0,15.38761,0,0,0,270,0,0,0
0,15.39588,0,0,0,270,0,0,0
0,15.40389,0,0,0,270,0,0,0
0,15.412,0,0,0,270,0,0,0
0,15.42268,0,0,0,270,0,0,0
0,15.43349,0,0,0,270,0,0,0
0,15.44278,0,0,0,270,0,0,0
0,15.45132,0,0,0,270,0,0,0
0,15.46076,0,0,0,270,0,0,0
0,15.46937,0,0,0,270,0,0,0
0,15.47751,0,0,0,270,0,0,0
0,15.48524,0,0,0,270,0,0,0
0,15.49484,0,0,0,270,0,0,0
0,15.50343,0,0,0,270,0,0,0
0,15.5132,0,0,0,270,0,0,0
0,15.52329,0,0,0,270,0,0,0
0,15.53263,0,0,0,270,0,0,0
0,15.54155,0,0,0,270,0,0,0
0,15.54988,0,0,0,270,0,0,0
0,15.55806,0,0,0,270,0,0,0
0,15.56667,0,0,0,270,0,0,0
0,15.57513,0,0,0,270,0,0,0
0,15.58311,0,0,0,270,0,0,0
0,15.59141,0,0,0,270,0,0,0
0,15.59915,0,0,0,270,0,0,0
0,15.60738,0,0,0,270,0,0,0
0,15.6155,0,0,0,270,0,0,0
0,15.62361,0,0,0,270,0,0,0
0,15.63101,0,0,0,270,0,0,0
0,15.63883,0,0,0,270,0,0,0
0,15.6464,0,0,0,270,0,0,0
0,15.65415,0,0,0,270,0,0,0
0,15.66197,0,0,0,270,0,0,0
0,15.66967,0,0,0,270,0,0,0
0,15.67841,0,0,0,270,0,0,0
0,15.68639,0,0,0,270,0,0,0
0,15.69468,0,0,0,270,0,0,0
0,15.70421,0,0,0,270,0,0,0
0,15.71316,0,0,0,270,0,0,0
0,15.72269,0,0,0,270,0,0,0
0,15.72986,0,0,0,270,0,0,0
0,15.7377,0,0,0,270,0,0,0
0,15.74457,0,0,0,270,0,0,0
0,15.76108,0,0,0,270,0,0,0
0,15.76859,0,0,0,270,0,0,0
0,15.77534,0,0,0,270,0,0,0
0,15.78339,0,0,0,270,0,0,0
0,15.79045,0,0,0,270,0,0,0
0,15.79767,0,0,0,270,0,0,0
0,15.80629,0,0,0,270,0,0,0
0,15.81559,0,0,0,270,0,0,0
0,15.82364,0,0,0,270,0,0,0
0,15.83108,0,0,0,270,0,0,0
0,15.83854,0,0,0,270,0,0,0
0,15.84668,0,0,0,270,0,0,0
0,15.85583,0,0,0,270,0,0,0
0,15.86766,0,0,0,270,0,0,0
0,15.88028,0,0,0,270,0,0,0
0,15.891,0,0,0,270,0,0,0
0,15.90205,0,0,0,270,0,0,0
0,15.91223,0,0,0,270,0,0,0
0,15.92196,0,0,0,270,0,0,0
0,15.9309,0,0,0,270,0,0,0
0,15.94109,0,0,0,270,0,0,0
0,15.95226,0,0,0,270,0,0,0
0,15.9626,0,0,0,270,0,0,0
0,15.97292,0,0,0,270,0,0,0
0,15.98378,0,0,0,270,0,0,0
0,15.99553,0,0,0,270,0,0,0
0,16.00563,0,0,0,270,0,0,0
0,16.01671,0,0,0,270,0,0,0
0,16.02645,0,0,0,270,0,0,0
0,16.03799,0,0,0,270,0,0,0
0,16.04897,0,0,0,270,0,0,0
0,16.06029,0,0,0,270,0,0,0
0,16.07061,0,0,0,270,0,0,0
0,16.0826,0,0,0,270,0,0,0
0,16.09351,0,0,0,270,0,0,0
0,16.10418,0,0,0,270,0,0,0
0,16.11534,0,0,0,270,0,0,0
0,16.12719,0,0,0,270,0,0,0
0,16.13964,0,0,0,270,0,0,0
0,16.15157,0,0,0,270,0,0,0
0,16.16235,0,0,0,270,0,0,0
0,16.17257,0,0,0,270,0,0,0
0,16.1826,0,0,0,270,0,0,0
0,16.19272,0,0,0,270,0,0,0
0,16.20284,0,0,0,270,0,0,0
0,16.21396,0,0,0,270,0,0,0
0,16.22333,0,0,0,270,0,0,0
0,16.23387,0,0,0,270,0,0,0
0,16.24561,0,0,0,270,0,0,0
0,16.25726,0,0,0,270,0,0,0
0,16.2698,0,0,0,270,0,0,0
0,16.27912,0,0,0,270,0,0,0
0,16.28872,0,0,0,270,0,0,0
0,16.29728,0,0,0,270,0,0,0
0,16.3055,0,0,0,270,0,0,0
0,16.3154,0,0,0,270,0,0,0
0,16.32503,0,0,0,270,0,0,0
0,16.33377,0,0,0,270,0,0,0
0,16.34336,0,0,0,270,0,0,0
0,16.35242,0,0,0,270,0,0,0
0,16.3623,0,0,0,270,0,0,0
0,16.37282,0,0,0,270,0,0,0
0,16.3828,0,0,0,270,0,0,0
0,16.39362,0,0,0,270,0,0,0
0,16.40371,0,0,0,270,0,0,0
0,16.41369,0,0,0,270,0,0,0
0,16.42376,0,0,0,270,0,0,0
0,16.43324,0,0,0,270,0,0,0
0,16.44147,0,0,0,270,0,0,0
0,16.45129,0,0,0,270,0,0,0
0,16.45971,0,0,0,270,0,0,0
0,16.4688,0,0,0,270,0,0,0
0,16.47743,0,0,0,270,0,0,0
0,16.48572,0,0,0,270,0,0,0
0,16.49347,0,0,0,270,0,0,0
0,16.50212,0,0,0,270,0,0,0
0,16.50928,0,0,0,270,0,0,0
0,16.51862,0,0,0,270,0,0,0
0,16.52871,0,0,0,270,0,0,0
0,16.53748,0,0,0,270,0,0,0
0,16.54599,0,0,0,270,0,0,0
0,16.5556,0,0,0,270,0,0,0
0,16.56325,0,0,0,270,0,0,0
0,16.57076,0,0,0,270,0,0,0
0,16.57928,0,0,0,270,0,0,0
0,16.58799,0,0,0,270,0,0,0
0,16.59664,0,0,0,270,0,0,0
0,16.60519,0,0,0,270,0,0,0
0,16.61329,0,0,0,270,0,0,0
0,16.62066,0,0,0,270,0,0,0
0,16.62965,0,0,0,270,0,0,0
0,16.63799,0,0,0,270,0,0,0
0,16.64567,0,0,0,270,0,0,0
0,16.6544,0,0,0,270,0,0,0
0,16.66444,0,0,0,270,0,0,0
0,16.67323,0,0,0,270,0,0,0
0,16.68174,0,0,0,270,0,0,0
0,16.69336,0,0,0,270,0,0,0
0,16.70151,0,0,0,270,0,0,0
0,16.70845,0,0,0,270,0,0,0
0,16.71693,0,0,0,270,0,0,0
0,16.7266,0,0,0,270,0,0,0
0,16.73543,0,0,0,270,0,0,0
0,16.74308,0,0,0,270,0,0,0
0,16.75333,0,0,0,270,0,0,0
0,16.76192,0,0,0,270,0,0,0
0,16.77064,0,0,0,270,0,0,0
0,16.78006,0,0,0,270,0,0,0
0,16.78917,0,0,0,270,0,0,0
0,16.79756,0,0,0,270,0,0,0
0,16.80519,0,0,0,270,0,0,0
0,16.81308,0,0,0,270,0,0,0
0,16.82126,0,0,0,270,0,0,0
0,16.82968,0,0,0,270,0,0,0
0,16.83748,0,0,0,270,0,0,0
0,16.84718,0,0,0,270,0,0,0
0,16.85612,0,0,0,270,0,0,0
0,16.86361,0,0,0,270,0,0,0
0,16.87313,0,0,0,270,0,0,0
0,16.88261,0,0,0,270,0,0,0
0,16.89274,0,0,0,270,0,0,0
0,16.90431,0,0,0,270,0,0,0
0,16.91507,0,0,0,270,0,0,0
0,16.92465,0,0,0,270,0,0,0
0,16.9336,0,0,0,270,0,0,0
0,16.94174,0,0,0,270,0,0,0
0,16.94993,0,0,0,270,0,0,0
0,16.95788,0,0,0,270,0,0,0
0,16.96537,0,0,0,270,0,0,0
0,16.97345,0,0,0,270,0,0,0
0,16.98175,0,0,0,270,0,0,0
0,16.98847,0,0,0,270,0,0,0
0,16.99557,0,0,0,270,0,0,0
0,17.00557,0,0,0,270,0,0,0
0,17.01573,0,0,0,270,0,0,0
0,17.02449,0,0,0,270,0,0,0
0,17.03498,0,0,0,270,0,0,0
0,17.04433,0,0,0,270,0,0,0
0,17.05283,0,0,0,270,0,0,0
0,17.06276,0,0,0,270,0,0,0
0,17.07185,0,0,0,270,0,0,0
0,17.08086,0,0,0,270,0,0,0
0,17.09219,0,0,0,270,0,0,0
0,17.10163,0,0,0,270,0,0,0
0,17.11303,0,0,0,270,0,0,0
0,17.12399,0,0,0,270,0,0,0
0,17.13384,0,0,0,270,0,0,0
0,17.14424,0,0,0,270,0,0,0
0,17.15569,0,0,0,270,0,0,0
0,17.16813,0,0,0,270,0,0,0
0,17.17665,0,0,0,270,0,0,0
0,17.18686,0,0,0,270,0,0,0
0,17.19693,0,0,0,270,0,0,0
0,17.20629,0,0,0,270,0,0,0
0,17.21646,0,0,0,270,0,0,0
0,17.22596,0,0,0,270,0,0,0
0,17.23677,0,0,0,270,0,0,0
0,17.24874,0,0,0,270,0,0,0
0,17.26011,0,0,0,270,0,0,0
0,17.27066,0,0,0,270,0,0,0
0,17.28188,0,0,0,270,0,0,0
0,17.29278,0,0,0,270,0,0,0
0,17.30381,0,0,0,270,0,0,0
0,17.31578,0,0,0,270,0,0,0
0,17.32785,0,0,0,270,0,0,0
0,17.33847,0,0,0,270,0,0,0
0,17.3516,0,0,0,270,0,0,0
0,17.36435,0,0,0,270,0,0,0
0,17.37652,0,0,0,270,0,0,0
0,17.38948,0,0,0,270,0,0,0
0,17.40055,0,0,0,270,0,0,0
0,17.41325,0,0,0,270,0,0,0
0,17.42519,0,0,0,270,0,0,0
0,17.43884,0,0,0,270,0,0,0
0,17.45285,0,0,0,270,0,0,0
0,17.4665,0,0,0,270,0,0,0
0,17.47727,0,0,0,270,0,0,0
0,17.48804,0,0,0,270,0,0,0
0,17.49807,0,0,0,270,0,0,0
0,17.50795,0,0,0,270,0,0,0
0,17.51814,0,0,0,270,0,0,0
0,17.52902,0,0,0,270,0,0,0
0,17.54208,0,0,0,270,0,0,0
0,17.554,0,0,0,270,0,0,0
0,17.57254,0,0,0,270,0,0,0
0,17.59158,0,0,0,270,0,0,0
0,17.60186,0,0,0,270,0,0,0
0,17.6124,0,0,0,270,0,0,0
0,17.62312,0,0,0,270,0,0,0
0,17.63265,0,0,0,270,0,0,0
0,17.64326,0,0,0,270,0,0,0
0,17.6519,0,0,0,270,0,0,0
0,17.66049,0,0,0,270,0,0,0
0,17.66919,0,0,0,270,0,0,0
0,17.67819,0,0,0,270,0,0,0
0,17.68752,0,0,0,270,0,0,0
0,17.69746,0,0,0,270,0,0,0
0,17.7073,0,0,0,270,0,0,0
0,17.71624,0,0,0,270,0,0,0
0,17.72414,0,0,0,270,0,0,0
0,17.73331,0,0,0,270,0,0,0
0,17.74178,0,0,0,270,0,0,0
0,17.75181,0,0,0,270,0,0,0
0,17.76119,0,0,0,270,0,0,0
0,17.76906,0,0,0,270,0,0,0
0,17.77777,0,0,0,270,0,0,0
0,17.78509,0,0,0,270,0,0,0
0,17.79434,0,0,0,270,0,0,0
0,17.80207,0,0,0,270,0,0,0
0,17.81113,0,0,0,270,0,0,0
0,17.81827,0,0,0,270,0,0,0
0,17.82637,0,0,0,270,0,0,0
0,17.83474,0,0,0,270,0,0,0
0,17.84218,0,0,0,270,0,0,0
0,17.85022,0,0,0,270,0,0,0
0,17.86145,0,0,0,270,0,0,0
0,17.87184,0,0,0,270,0,0,0
0,17.88034,0,0,0,270,0,0,0
0,17.89,0,0,0,270,0,0,0
0,17.89793,0,0,0,270,0,0,0
0,17.90558,0,0,0,270,0,0,0
0,17.91465,0,0,0,270,0,0,0
0,17.92704,0,0,0,270,0,0,0
0,17.93857,0,0,0,270,0,0,0
0,17.94743,0,0,0,270,0,0,0
0,17.95737,0,0,0,270,0,0,0
0,17.96766,0,0,0,270,0,0,0
0,17.97499,0,0,0,270,0,0,0
0,17.98462,0,0,0,270,0,0,0
0,17.99464,0,0,0,270,0,0,0
0,18.00291,0,0,0,270,0,0,0
0,18.01141,0,0,0,270,0,0,0
0,18.01949,0,0,0,270,0,0,0
0,18.02953,0,0,0,270,0,0,0
0,18.03851,0,0,0,270,0,0,0
0,18.04855,0,0,0,270,0,0,0
0,18.05758,0,0,0,270,0,0,0
0,18.06668,0,0,0,270,0,0,0
0,18.07635,0,0,0,270,0,0,0
0,18.08534,0,0,0,270,0,0,0
0,18.09441,0,0,0,270,0,0,0
0,18.10331,0,0,0,270,0,0,0
0,18.11205,0,0,0,270,0,0,0
0,18.12018,0,0,0,270,0,0,0
0,18.12877,0,0,0,270,0,0,0
0,18.13678,0,0,0,270,0,0,0
0,18.14524,0,0,0,270,0,0,0
0,18.15454,0,0,0,270,0,0,0
0,18.16542,0,0,0,270,0,0,0
0,18.17922,0,0,0,270,0,0,0
0,18.18943,0,0,0,270,0,0,0
0,18.20152,0,0,0,270,0,0,0
0,18.21246,0,0,0,270,0,0,0
0,18.2203,0,0,0,270,0,0,0
0,18.22993,0,0,0,270,0,0,0
0,18.23885,0,0,0,270,0,0,0
0,18.24847,0,0,0,270,0,0,0
0,18.25838,0,0,0,270,0,0,0
0,18.26901,0,0,0,270,0,0,0
0,18.28057,0,0,0,270,0,0,0
0,18.29282,0,0,0,270,0,0,0
0,18.30382,0,0,0,270,0,0,0
0,18.31541,0,0,0,270,0,0,0
0,18.32637,0,0,0,270,0,0,0
0,18.33648,0,0,0,270,0,0,0
0,18.34686,0,0,0,270,0,0,0
0,18.35749,0,0,0,270,0,0,0
0,18.36826,0,0,0,270,0,0,0
0,18.38005,0,0,0,270,0,0,0
0,18.39118,0,0,0,270,0,0,0
0,18.40226,0,0,0,270,0,0,0
0,18.41259,0,0,0,270,0,0,0
0,18.42325,0,0,0,270,0,0,0
0,18.43433,0,0,0,270,0,0,0
0,18.44539,0,0,0,270,0,0,0
0,18.45714,0,0,0,270,0,0,0
0,18.469,0,0,0,270,0,0,0
0,18.48125,0,0,0,270,0,0,0
0,18.49191,0,0,0,270,0,0,0
0,18.50345,0,0,0,270,0,0,0
0,18.51574,0,0,0,270,0,0,0
0,18.52513,0,0,0,270,0,0,0
0,18.53551,0,0,0,270,0,0,0
0,18.5465,0,0,0,270,0,0,0
0,18.5574,0,0,0,270,0,0,0
0,18.5687,0,0,0,270,0,0,0
0,18.58017,0,0,0,270,0,0,0
0,18.5929,0,0,0,270,0,0,0
0,18.60456,0,0,0,270,0,0,0
0,18.61503,0,0,0,270,0,0,0
0,18.62533,0,0,0,270,0,0,0
0,18.63525,0,0,0,270,0,0,0
0,18.64338,0,0,0,270,0,0,0
0,18.65212,0,0,0,270,0,0,0
0,18.66102,0,0,0,270,0,0,0
0,18.67175,0,0,0,270,0,0,0
0,18.68179,0,0,0,270,0,0,0
0,18.69256,0,0,0,270,0,0,0
0,18.70298,0,0,0,270,0,0,0
0,18.71419,0,0,0,270,0,0,0
0,18.72338,0,0,0,270,0,0,0
0,18.73231,0,0,0,270,0,0,0
0,18.74108,0,0,0,270,0,0,0
0,18.7498,0,0,0,270,0,0,0
0,18.75798,0,0,0,270,0,0,0
0,18.76659,0,0,0,270,0,0,0
0,18.77491,0,0,0,270,0,0,0
0,18.78248,0,0,0,270,0,0,0
0,18.79192,0,0,0,270,0,0,0
0,18.80063,0,0,0,270,0,0,0
0,18.80756,0,0,0,270,0,0,0
0,18.81531,0,0,0,270,0,0,0
0,18.82291,0,0,0,270,0,0,0
0,18.83015,0,0,0,270,0,0,0
0,18.83829,0,0,0,270,0,0,0
0,18.84637,0,0,0,270,0,0,0
0,18.85397,0,0,0,270,0,0,0
0,18.86122,0,0,0,270,0,0,0
0,18.86971,0,0,0,270,0,0,0
0,18.87917,0,0,0,270,0,0,0
0,18.88856,0,0,0,270,0,0,0
0,18.89609,0,0,0,270,0,0,0
0,18.90433,0,0,0,270,0,0,0
0,18.9115,0,0,0,270,0,0,0
0,18.91866,0,0,0,270,0,0,0
0,18.92593,0,0,0,270,0,0,0
0,18.93383,0,0,0,270,0,0,0
0,18.94104,0,0,0,270,0,0,0
0,18.95215,0,0,0,270,0,0,0
0,18.9609,0,0,0,270,0,0,0
0,18.97,0,0,0,270,0,0,0
0,18.97933,0,0,0,270,0,0,0
0,18.9871,0,0,0,270,0,0,0
0,18.99446,0,0,0,270,0,0,0
0,19.00273,0,0,0,270,0,0,0
0,19.01146,0,0,0,270,0,0,0
0,19.01881,0,0,0,270,0,0,0
0,19.02634,0,0,0,270,0,0,0
0,19.03407,0,0,0,270,0,0,0
0,19.04296,0,0,0,270,0,0,0
0,19.05073,0,0,0,270,0,0,0
0,19.05945,0,0,0,270,0,0,0
0,19.0683,0,0,0,270,0,0,0
0,19.07624,0,0,0,270,0,0,0
0,19.08438,0,0,0,270,0,0,0
0,19.09139,0,0,0,270,0,0,0
0,19.09812,0,0,0,270,0,0,0
0,19.10545,0,0,0,270,0,0,0
0,19.11517,0,0,0,270,0,0,0
0,19.12528,0,0,0,270,0,0,0
0,19.13206,0,0,0,270,0,0,0
0,19.14061,0,0,0,270,0,0,0
0,19.14957,0,0,0,270,0,0,0
0,19.15839,0,0,0,270,0,0,0
0,19.16684,0,0,0,270,0,0,0
0,19.1753,0,0,0,270,0,0,0
0,19.18526,0,0,0,270,0,0,0
0,19.19533,0,0,0,270,0,0,0
0,19.20378,0,0,0,270,0,0,0
0,19.21111,0,0,0,270,0,0,0
0,19.21963,0,0,0,270,0,0,0
0,19.22675,0,0,0,270,0,0,0
0,19.23443,0,0,0,270,0,0,0
0,19.24126,0,0,0,270,0,0,0
0,19.24945,0,0,0,270,0,0,0
0,19.25697,0,0,0,270,0,0,0
0,19.264,0,0,0,270,0,0,0
0,19.27185,0,0,0,270,0,0,0
0,19.27963,0,0,0,270,0,0,0
0,19.28871,0,0,0,270,0,0,0
0,19.31056,0,0,0,270,0,0,0
0,19.31857,0,0,0,270,0,0,0
0,19.32976,0,0,0,270,0,0,0
0,19.33839,0,0,0,270,0,0,0
0,19.34711,0,0,0,270,0,0,0
0,19.35659,0,0,0,270,0,0,0
0,19.36405,0,0,0,270,0,0,0
0,19.37523,0,0,0,270,0,0,0
0,19.38734,0,0,0,270,0,0,0
0,19.39756,0,0,0,270,0,0,0
0,19.40856,0,0,0,270,0,0,0
0,19.41873,0,0,0,270,0,0,0
0,19.42804,0,0,0,270,0,0,0
0,19.43829,0,0,0,270,0,0,0
0,19.44764,0,0,0,270,0,0,0
0,19.45909,0,0,0,270,0,0,0
0,19.46923,0,0,0,270,0,0,0
0,19.48035,0,0,0,270,0,0,0
0,19.49212,0,0,0,270,0,0,0
0,19.50331,0,0,0,270,0,0,0
0,19.51492,0,0,0,270,0,0,0
0,19.52644,0,0,0,270,0,0,0
0,19.53671,0,0,0,270,0,0,0
0,19.54623,0,0,0,270,0,0,0
0,19.55581,0,0,0,270,0,0,0
0,19.56462,0,0,0,270,0,0,0
0,19.57487,0,0,0,270,0,0,0
0,19.58572,0,0,0,270,0,0,0
0,19.59637,0,0,0,270,0,0,0
0,19.60683,0,0,0,270,0,0,0
0,19.61774,0,0,0,270,0,0,0
0,19.62767,0,0,0,270,0,0,0
0,19.63771,0,0,0,270,0,0,0
0,19.64815,0,0,0,270,0,0,0
0,19.65905,0,0,0,270,0,0,0
0,19.669,0,0,0,270,0,0,0
0,19.68021,0,0,0,270,0,0,0
0,19.69097,0,0,0,270,0,0,0
0,19.70366,0,0,0,270,0,0,0
0,19.71487,0,0,0,270,0,0,0
0,19.72551,0,0,0,270,0,0,0
0,19.73487,0,0,0,270,0,0,0
0,19.7432,0,0,0,270,0,0,0
0,19.75269,0,0,0,270,0,0,0
0,19.76223,0,0,0,270,0,0,0
0,19.77168,0,0,0,270,0,0,0
0,19.78263,0,0,0,270,0,0,0
0,19.79214,0,0,0,270,0,0,0
0,19.80159,0,0,0,270,0,0,0
0,19.81063,0,0,0,270,0,0,0
0,19.81968,0,0,0,270,0,0,0
0,19.82963,0,0,0,270,0,0,0
0,19.83861,0,0,0,270,0,0,0
0,19.84799,0,0,0,270,0,0,0
0,19.85734,0,0,0,270,0,0,0
0,19.8646,0,0,0,270,0,0,0
0,19.87316,0,0,0,270,0,0,0
0,19.88281,0,0,0,270,0,0,0
0,19.89122,0,0,0,270,0,0,0
0,19.8991,0,0,0,270,0,0,0
0,19.90903,0,0,0,270,0,0,0
0,19.9175,0,0,0,270,0,0,0
0,19.92545,0,0,0,270,0,0,0
0,19.93345,0,0,0,270,0,0,0
0,19.94054,0,0,0,270,0,0,0
0,19.94899,0,0,0,270,0,0,0
0,19.95705,0,0,0,270,0,0,0
0,19.96744,0,0,0,270,0,0,0
0,19.97749,0,0,0,270,0,0,0
0,19.98474,0,0,0,270,0,0,0
0,19.99258,0,0,0,270,0,0,0
0,20.00123,0,0,0,270,0,0,0
0,20.00898,0,0,0,270,0,0,0
0,20.0174,0,0,0,270,0,0,0
0,20.02618,0,0,0,270,0,0,0
0,20.03487,0,0,0,270,0,0,0
0,20.04349,0,0,0,270,0,0,0
0,20.05083,0,0,0,270,0,0,0
0,20.059,0,0,0,270,0,0,0
0,20.06699,0,0,0,270,0,0,0
0,20.07631,0,0,0,270,0,0,0
0,20.08429,0,0,0,270,0,0,0
0,20.09296,0,0,0,270,0,0,0
0,20.10085,0,0,0,270,0,0,0
0,20.10857,0,0,0,270,0,0,0
0,20.11594,0,0,0,270,0,0,0
0,20.12331,0,0,0,270,0,0,0
0,20.13011,0,0,0,270,0,0,0
0,20.13762,0,0,0,270,0,0,0
0,20.14552,0,0,0,270,0,0,0
0,20.15373,0,0,0,270,0,0,0
0,20.1624,0,0,0,270,0,0,0
0,20.17208,0,0,0,270,0,0,0
0,20.18088,0,0,0,270,0,0,0
0,20.18917,0,0,0,270,0,0,0
0,20.19628,0,0,0,270,0,0,0
0,20.20477,0,0,0,270,0,0,0
0,20.21263,0,0,0,270,0,0,0
0,20.22011,0,0,0,270,0,0,0
0,20.22754,0,0,0,270,0,0,0
0,20.23513,0,0,0,270,0,0,0
0,20.24309,0,0,0,270,0,0,0
0,20.25071,0,0,0,270,0,0,0
0,20.25844,0,0,0,270,0,0,0
0,20.26719,0,0,0,270,0,0,0
0,20.27502,0,0,0,270,0,0,0
0,20.28371,0,0,0,270,0,0,0
0,20.29197,0,0,0,270,0,0,0
0,20.30068,0,0,0,270,0,0,0
0,20.30816,0,0,0,270,0,0,0
0,20.31602,0,0,0,270,0,0,0
0,20.32456,0,0,0,270,0,0,0
0,20.33178,0,0,0,270,0,0,0
0,20.33867,0,0,0,270,0,0,0
0,20.34644,0,0,0,270,0,0,0
0,20.35328,0,0,0,270,0,0,0
0,20.3619,0,0,0,270,0,0,0
0,20.3697,0,0,0,270,0,0,0
0,20.37637,0,0,0,270,0,0,0
0,20.38448,0,0,0,270,0,0,0
0,20.39317,0,0,0,270,0,0,0
0,20.40139,0,0,0,270,0,0,0
0,20.40854,0,0,0,270,0,0,0
0,20.41653,0,0,0,270,0,0,0
0,20.42583,0,0,0,270,0,0,0
0,20.43605,0,0,0,270,0,0,0
0,20.44785,0,0,0,270,0,0,0
0,20.45698,0,0,0,270,0,0,0
0,20.46713,0,0,0,270,0,0,0
0,20.4764,0,0,0,270,0,0,0
0,20.48608,0,0,0,270,0,0,0
0,20.49583,0,0,0,270,0,0,0
0,20.50562,0,0,0,270,0,0,0
0,20.51482,0,0,0,270,0,0,0
0,20.52734,0,0,0,270,0,0,0
0,20.53902,0,0,0,270,0,0,0
0,20.54793,0,0,0,270,0,0,0
0,20.55781,0,0,0,270,0,0,0
0,20.56875,0,0,0,270,0,0,0
0,20.5786,0,0,0,270,0,0,0
0,20.589,0,0,0,270,0,0,0
0,20.6002,0,0,0,270,0,0,0
0,20.6102,0,0,0,270,0,0,0
0,20.61952,0,0,0,270,0,0,0
0,20.63004,0,0,0,270,0,0,0
0,20.64156,0,0,0,270,0,0,0
0,20.65095,0,0,0,270,0,0,0
0,20.66106,0,0,0,270,0,0,0
0,20.67078,0,0,0,270,0,0,0
0,20.68075,0,0,0,270,0,0,0
0,20.69135,0,0,0,270,0,0,0
0,20.70259,0,0,0,270,0,0,0
0,20.71186,0,0,0,270,0,0,0
0,20.72083,0,0,0,270,0,0,0
0,20.73158,0,0,0,270,0,0,0
0,20.74133,0,0,0,270,0,0,0
0,20.75129,0,0,0,270,0,0,0
0,20.76086,0,0,0,270,0,0,0
0,20.77096,0,0,0,270,0,0,0
0,20.78059,0,0,0,270,0,0,0
0,20.79079,0,0,0,270,0,0,0
0,20.8017,0,0,0,270,0,0,0
0,20.81297,0,0,0,270,0,0,0
0,20.82484,0,0,0,270,0,0,0
0,20.83379,0,0,0,270,0,0,0
0,20.84349,0,0,0,270,0,0,0
0,20.85245,0,0,0,270,0,0,0
0,20.86158,0,0,0,270,0,0,0
0,20.8709,0,0,0,270,0,0,0
0,20.88276,0,0,0,270,0,0,0
0,20.89297,0,0,0,270,0,0,0
0,20.9018,0,0,0,270,0,0,0
0,20.91189,0,0,0,270,0,0,0
0,20.92123,0,0,0,270,0,0,0
0,20.93174,0,0,0,270,0,0,0
0,20.94201,0,0,0,270,0,0,0
0,20.95293,0,0,0,270,0,0,0
0,20.96328,0,0,0,270,0,0,0
0,20.97321,0,0,0,270,0,0,0
0,20.98233,0,0,0,270,0,0,0
0,20.99272,0,0,0,270,0,0,0
0,21.00494,0,0,0,270,0,0,0
0,21.01459,0,0,0,270,0,0,0
0,21.02291,0,0,0,270,0,0,0
0,21.03109,0,0,0,270,0,0,0
0,21.04011,0,0,0,270,0,0,0
0,21.06001,0,0,0,270,0,0,0
0,21.06828,0,0,0,270,0,0,0
0,21.07662,0,0,0,270,0,0,0
0,21.08615,0,0,0,270,0,0,0
0,21.0961,0,0,0,270,0,0,0
0,21.10472,0,0,0,270,0,0,0
0,21.11318,0,0,0,270,0,0,0
0,21.12057,0,0,0,270,0,0,0
0,21.12863,0,0,0,270,0,0,0
0,21.1357,0,0,0,270,0,0,0
0,21.14451,0,0,0,270,0,0,0
0,21.15226,0,0,0,270,0,0,0
0,21.16033,0,0,0,270,0,0,0
0,21.16815,0,0,0,270,0,0,0
0,21.17588,0,0,0,270,0,0,0
0,21.18327,0,0,0,270,0,0,0
0,21.19156,0,0,0,270,0,0,0
0,21.1989,0,0,0,270,0,0,0
0,21.20602,0,0,0,270,0,0,0
0,21.21347,0,0,0,270,0,0,0
0,21.22285,0,0,0,270,0,0,0
0,21.23089,0,0,0,270,0,0,0
0,21.23976,0,0,0,270,0,0,0
0,21.24814,0,0,0,270,0,0,0
0,21.25642,0,0,0,270,0,0,0
0,21.26406,0,0,0,270,0,0,0
0,21.2719,0,0,0,270,0,0,0
0,21.28114,0,0,0,270,0,0,0
0,21.28891,0,0,0,270,0,0,0
0,21.29694,0,0,0,270,0,0,0
0,21.30411,0,0,0,270,0,0,0
0,21.3125,0,0,0,270,0,0,0
0,21.31913,0,0,0,270,0,0,0
0,21.32745,0,0,0,270,0,0,0
0,21.33466,0,0,0,270,0,0,0
0,21.34264,0,0,0,270,0,0,0
0,21.35037,0,0,0,270,0,0,0
0,21.3585,0,0,0,270,0,0,0
0,21.36534,0,0,0,270,0,0,0
0,21.37364,0,0,0,270,0,0,0
0,21.38087,0,0,0,270,0,0,0
0,21.38892,0,0,0,270,0,0,0
0,21.39634,0,0,0,270,0,0,0
0,21.40427,0,0,0,270,0,0,0
0,21.41242,0,0,0,270,0,0,0
0,21.41948,0,0,0,270,0,0,0
0,21.42761,0,0,0,270,0,0,0
0,21.43612,0,0,0,270,0,0,0
0,21.44501,0,0,0,270,0,0,0
0,21.45218,0,0,0,270,0,0,0
0,21.45967,0,0,0,270,0,0,0
0,21.46774,0,0,0,270,0,0,0
0,21.47614,0,0,0,270,0,0,0
0,21.4847,0,0,0,270,0,0,0
0,21.49218,0,0,0,270,0,0,0
0,21.50024,0,0,0,270,0,0,0
0,21.50727,0,0,0,270,0,0,0
0,21.51631,0,0,0,270,0,0,0
0,21.52403,0,0,0,270,0,0,0
0,21.53242,0,0,0,270,0,0,0
0,21.54156,0,0,0,270,0,0,0
0,21.55037,0,0,0,270,0,0,0
0,21.55958,0,0,0,270,0,0,0
0,21.56735,0,0,0,270,0,0,0
0,21.57495,0,0,0,270,0,0,0
0,21.58266,0,0,0,270,0,0,0
0,21.59189,0,0,0,270,0,0,0
0,21.60151,0,0,0,270,0,0,0
0,21.61113,0,0,0,270,0,0,0
0,21.62243,0,0,0,270,0,0,0
0,21.63319,0,0,0,270,0,0,0
0,21.64191,0,0,0,270,0,0,0
0,21.65094,0,0,0,270,0,0,0
0,21.66157,0,0,0,270,0,0,0
0,21.67176,0,0,0,270,0,0,0
0,21.68096,0,0,0,270,0,0,0
0,21.69121,0,0,0,270,0,0,0
0,21.70239,0,0,0,270,0,0,0
0,21.71239,0,0,0,270,0,0,0
0,21.72317,0,0,0,270,0,0,0
0,21.73336,0,0,0,270,0,0,0
0,21.74316,0,0,0,270,0,0,0
0,21.75433,0,0,0,270,0,0,0
0,21.76524,0,0,0,270,0,0,0
0,21.77471,0,0,0,270,0,0,0
0,21.78572,0,0,0,270,0,0,0
0,21.79607,0,0,0,270,0,0,0
0,21.80484,0,0,0,270,0,0,0
0,21.81641,0,0,0,270,0,0,0
0,21.82689,0,0,0,270,0,0,0
0,21.83686,0,0,0,270,0,0,0
0,21.84673,0,0,0,270,0,0,0
0,21.85604,0,0,0,270,0,0,0
0,21.86578,0,0,0,270,0,0,0
0,21.87504,0,0,0,270,0,0,0
0,21.88463,0,0,0,270,0,0,0
0,21.89452,0,0,0,270,0,0,0
0,21.90509,0,0,0,270,0,0,0
0,21.91611,0,0,0,270,0,0,0
0,21.92708,0,0,0,270,0,0,0
0,21.9376,0,0,0,270,0,0,0
0,21.94789,0,0,0,270,0,0,0
0,21.96045,0,0,0,270,0,0,0
0,21.97373,0,0,0,270,0,0,0
0,21.98448,0,0,0,270,0,0,0
0,21.99566,0,0,0,270,0,0,0
0,22.00555,0,0,0,270,0,0,0
0,22.01629,0,0,0,270,0,0,0
0,22.03019,0,0,0,270,0,0,0
0,22.04131,0,0,0,270,0,0,0
0,22.05307,0,0,0,270,0,0,0
0,22.06412,0,0,0,270,0,0,0
0,22.07431,0,0,0,270,0,0,0
0,22.08545,0,0,0,270,0,0,0
0,22.09631,0,0,0,270,0,0,0
0,22.10743,0,0,0,270,0,0,0
0,22.11794,0,0,0,270,0,0,0
0,22.12929,0,0,0,270,0,0,0
0,22.1394,0,0,0,270,0,0,0
0,22.14852,0,0,0,270,0,0,0
0,22.1577,0,0,0,270,0,0,0
0,22.16681,0,0,0,270,0,0,0
0,22.17605,0,0,0,270,0,0,0
0,22.18586,0,0,0,270,0,0,0
0,22.19397,0,0,0,270,0,0,0
0,22.20379,0,0,0,270,0,0,0
0,22.21255,0,0,0,270,0,0,0
0,22.22254,0,0,0,270,0,0,0
0,22.23159,0,0,0,270,0,0,0
0,22.23999,0,0,0,270,0,0,0
0,22.2481,0,0,0,270,0,0,0
0,22.25621,0,0,0,270,0,0,0
0,22.26425,0,0,0,270,0,0,0
0,22.27157,0,0,0,270,0,0,0
0,22.28004,0,0,0,270,0,0,0
0,22.28786,0,0,0,270,0,0,0
0,22.29662,0,0,0,270,0,0,0
0,22.30474,0,0,0,270,0,0,0
0,22.31335,0,0,0,270,0,0,0
0,22.32092,0,0,0,270,0,0,0
0,22.32893,0,0,0,270,0,0,0
0,22.33637,0,0,0,270,0,0,0
0,22.34416,0,0,0,270,0,0,0
0,22.3516,0,0,0,270,0,0,0
0,22.35935,0,0,0,270,0,0,0
0,22.36731,0,0,0,270,0,0,0
0,22.37536,0,0,0,270,0,0,0
0,22.38324,0,0,0,270,0,0,0
0,22.39252,0,0,0,270,0,0,0
0,22.40273,0,0,0,270,0,0,0
0,22.4111,0,0,0,270,0,0,0
0,22.42156,0,0,0,270,0,0,0
0,22.43017,0,0,0,270,0,0,0
0,22.4397,0,0,0,270,0,0,0
0,22.44901,0,0,0,270,0,0,0
0,22.45707,0,0,0,270,0,0,0
0,22.46637,0,0,0,270,0,0,0
0,22.47509,0,0,0,270,0,0,0
0,22.48329,0,0,0,270,0,0,0
0,22.49155,0,0,0,270,0,0,0
0,22.5007,0,0,0,270,0,0,0
0,22.509,0,0,0,270,0,0,0
0,22.51665,0,0,0,270,0,0,0
0,22.52652,0,0,0,270,0,0,0
0,22.53482,0,0,0,270,0,0,0
0,22.54266,0,0,0,270,0,0,0
0,22.55168,0,0,0,270,0,0,0
0,22.56113,0,0,0,270,0,0,0
0,22.5694,0,0,0,270,0,0,0
0,22.57902,0,0,0,270,0,0,0
0,22.58751,0,0,0,270,0,0,0
0,22.59604,0,0,0,270,0,0,0
0,22.60451,0,0,0,270,0,0,0
0,22.61236,0,0,0,270,0,0,0
0,22.61996,0,0,0,270,0,0,0
0,22.62766,0,0,0,270,0,0,0
0,22.63763,0,0,0,270,0,0,0
0,22.64633,0,0,0,270,0,0,0
0,22.6571,0,0,0,270,0,0,0
0,22.66528,0,0,0,270,0,0,0
0,22.67371,0,0,0,270,0,0,0
0,22.68334,0,0,0,270,0,0,0
0,22.69286,0,0,0,270,0,0,0
0,22.70217,0,0,0,270,0,0,0
0,22.71024,0,0,0,270,0,0,0
0,22.7189,0,0,0,270,0,0,0
0,22.7393,0,0,0,270,0,0,0
0,22.74979,0,0,0,270,0,0,0
0,22.76023,0,0,0,270,0,0,0
0,22.77047,0,0,0,270,0,0,0
0,22.78096,0,0,0,270,0,0,0
0,22.79276,0,0,0,270,0,0,0
0,22.80239,0,0,0,270,0,0,0
0,22.81252,0,0,0,270,0,0,0
0,22.82241,0,0,0,270,0,0,0
0,22.83224,0,0,0,270,0,0,0
0,22.84624,0,0,0,270,0,0,0
0,22.86047,0,0,0,270,0,0,0
0,22.87159,0,0,0,270,0,0,0
0,22.88421,0,0,0,270,0,0,0
0,22.89589,0,0,0,270,0,0,0
0,22.90878,0,0,0,270,0,0,0
0,22.91847,0,0,0,270,0,0,0
0,22.92868,0,0,0,270,0,0,0
0,22.93963,0,0,0,270,0,0,0
0,22.9514,0,0,0,270,0,0,0
0,22.96316,0,0,0,270,0,0,0
0,22.97483,0,0,0,270,0,0,0
0,22.98755,0,0,0,270,0,0,0
0,22.99961,0,0,0,270,0,0,0
0,23.01123,0,0,0,270,0,0,0
0,23.02129,0,0,0,270,0,0,0
0,23.03161,0,0,0,270,0,0,0
0,23.04304,0,0,0,270,0,0,0
0,23.05823,0,0,0,270,0,0,0
0,23.07017,0,0,0,270,0,0,0
0,23.08247,0,0,0,270,0,0,0
0,23.09372,0,0,0,270,0,0,0
0,23.10548,0,0,0,270,0,0,0
0,23.11726,0,0,0,270,0,0,0
0,23.12791,0,0,0,270,0,0,0
0,23.13976,0,0,0,270,0,0,0
0,23.15024,0,0,0,270,0,0,0
0,23.16234,0,0,0,270,0,0,0
0,23.17289,0,0,0,270,0,0,0
0,23.18479,0,0,0,270,0,0,0
0,23.19718,0,0,0,270,0,0,0
0,23.2085,0,0,0,270,0,0,0
0,23.21891,0,0,0,270,0,0,0
0,23.23024,0,0,0,270,0,0,0
0,23.24083,0,0,0,270,0,0,0
0,23.25063,0,0,0,270,0,0,0
0,23.26106,0,0,0,270,0,0,0
0,23.2706,0,0,0,270,0,0,0
0,23.28219,0,0,0,270,0,0,0
0,23.29246,0,0,0,270,0,0,0
0,23.30319,0,0,0,270,0,0,0
0,23.31393,0,0,0,270,0,0,0
0,23.32438,0,0,0,270,0,0,0
0,23.33368,0,0,0,270,0,0,0
0,23.34508,0,0,0,270,0,0,0
0,23.35555,0,0,0,270,0,0,0
0,23.36382,0,0,0,270,0,0,0
0,23.37322,0,0,0,270,0,0,0
0,23.38267,0,0,0,270,0,0,0
0,23.39276,0,0,0,270,0,0,0
0,23.40179,0,0,0,270,0,0,0
0,23.41017,0,0,0,270,0,0,0
0,23.41863,0,0,0,270,0,0,0
0,23.42659,0,0,0,270,0,0,0
0,23.43425,0,0,0,270,0,0,0
0,23.44183,0,0,0,270,0,0,0
0,23.45102,0,0,0,270,0,0,0
0,23.45996,0,0,0,270,0,0,0
0,23.46825,0,0,0,270,0,0,0
0,23.4753,0,0,0,270,0,0,0
0,23.48344,0,0,0,270,0,0,0
0,23.49076,0,0,0,270,0,0,0
0,23.49826,0,0,0,270,0,0,0
0,23.50591,0,0,0,270,0,0,0
0,23.51456,0,0,0,270,0,0,0
0,23.52205,0,0,0,270,0,0,0
0,23.53063,0,0,0,270,0,0,0
0,23.53976,0,0,0,270,0,0,0
0,23.54824,0,0,0,270,0,0,0
0,23.55588,0,0,0,270,0,0,0
0,23.56407,0,0,0,270,0,0,0
0,23.57288,0,0,0,270,0,0,0
0,23.5821,0,0,0,270,0,0,0
0,23.5908,0,0,0,270,0,0,0
0,23.59854,0,0,0,270,0,0,0
0,23.6069,0,0,0,270,0,0,0
0,23.61453,0,0,0,270,0,0,0
0,23.62309,0,0,0,270,0,0,0
0,23.63161,0,0,0,270,0,0,0
0,23.63933,0,0,0,270,0,0,0
0,23.6481,0,0,0,270,0,0,0
0,23.65586,0,0,0,270,0,0,0
0,23.66373,0,0,0,270,0,0,0
0,23.67168,0,0,0,270,0,0,0
0,23.68036,0,0,0,270,0,0,0
0,23.68967,0,0,0,270,0,0,0
0,23.69812,0,0,0,270,0,0,0
0,23.70639,0,0,0,270,0,0,0
0,23.71449,0,0,0,270,0,0,0
0,23.72301,0,0,0,270,0,0,0
0,23.73032,0,0,0,270,0,0,0
0,23.73745,0,0,0,270,0,0,0
0,23.74517,0,0,0,270,0,0,0
0,23.75324,0,0,0,270,0,0,0
0,23.76133,0,0,0,270,0,0,0
0,23.76908,0,0,0,270,0,0,0
0,23.77813,0,0,0,270,0,0,0
0,23.7859,0,0,0,270,0,0,0
0,23.79307,0,0,0,270,0,0,0
0,23.80148,0,0,0,270,0,0,0
0,23.80967,0,0,0,270,0,0,0
0,23.81748,0,0,0,270,0,0,0
0,23.8258,0,0,0,270,0,0,0
0,23.83363,0,0,0,270,0,0,0
0,23.84101,0,0,0,270,0,0,0
0,23.84874,0,0,0,270,0,0,0
0,23.85643,0,0,0,270,0,0,0
0,23.86511,0,0,0,270,0,0,0
0,23.87392,0,0,0,270,0,0,0
0,23.88578,0,0,0,270,0,0,0
0,23.89735,0,0,0,270,0,0,0
0,23.9087,0,0,0,270,0,0,0
0,23.91969,0,0,0,270,0,0,0
0,23.93042,0,0,0,270,0,0,0
0,23.94077,0,0,0,270,0,0,0
0,23.95,0,0,0,270,0,0,0
0,23.95955,0,0,0,270,0,0,0
0,23.96927,0,0,0,270,0,0,0
0,23.97972,0,0,0,270,0,0,0
0,23.99089,0,0,0,270,0,0,0
0,24.00278,0,0,0,270,0,0,0
0,24.01413,0,0,0,270,0,0,0
0,24.02388,0,0,0,270,0,0,0
0,24.03381,0,0,0,270,0,0,0
0,24.04515,0,0,0,270,0,0,0
0,24.05594,0,0,0,270,0,0,0
0,24.06713,0,0,0,270,0,0,0
0,24.08376,0,0,0,270,0,0,0
0,24.09552,0,0,0,270,0,0,0
0,24.10745,0,0,0,270,0,0,0
0,24.11708,0,0,0,270,0,0,0
0,24.12776,0,0,0,270,0,0,0
0,24.13773,0,0,0,270,0,0,0
0,24.14825,0,0,0,270,0,0,0
0,24.15913,0,0,0,270,0,0,0
0,24.16908,0,0,0,270,0,0,0
0,24.17897,0,0,0,270,0,0,0
0,24.18895,0,0,0,270,0,0,0
0,24.19849,0,0,0,270,0,0,0
0,24.209,0,0,0,270,0,0,0
0,24.21926,0,0,0,270,0,0,0
0,24.2285,0,0,0,270,0,0,0
0,24.23842,0,0,0,270,0,0,0
0,24.2485,0,0,0,270,0,0,0
0,24.25908,0,0,0,270,0,0,0
0,24.26972,0,0,0,270,0,0,0
0,24.27967,0,0,0,270,0,0,0
0,24.29065,0,0,0,270,0,0,0
0,24.30161,0,0,0,270,0,0,0
0,24.3123,0,0,0,270,0,0,0
0,24.32307,0,0,0,270,0,0,0
0,24.33175,0,0,0,270,0,0,0
0,24.3414,0,0,0,270,0,0,0
0,24.3514,0,0,0,270,0,0,0
0,24.35999,0,0,0,270,0,0,0
0,24.36879,0,0,0,270,0,0,0
0,24.37822,0,0,0,270,0,0,0
0,24.38898,0,0,0,270,0,0,0
0,24.39766,0,0,0,270,0,0,0
0,24.40918,0,0,0,270,0,0,0
0,24.41993,0,0,0,270,0,0,0
0,24.42894,0,0,0,270,0,0,0
0,24.43878,0,0,0,270,0,0,0
0,24.44991,0,0,0,270,0,0,0
0,24.45892,0,0,0,270,0,0,0
0,24.46949,0,0,0,270,0,0,0
0,24.48029,0,0,0,270,0,0,0
0,24.48938,0,0,0,270,0,0,0
0,24.49812,0,0,0,270,0,0,0
0,24.50726,0,0,0,270,0,0,0
0,24.51562,0,0,0,270,0,0,0
0,24.5237,0,0,0,270,0,0,0
0,24.53225,0,0,0,270,0,0,0
0,24.53994,0,0,0,270,0,0,0
0,24.54858,0,0,0,270,0,0,0
0,24.55621,0,0,0,270,0,0,0
0,24.56433,0,0,0,270,0,0,0
0,24.58253,0,0,0,270,0,0,0
0,24.59037,0,0,0,270,0,0,0
0,24.59809,0,0,0,270,0,0,0
0,24.60817,0,0,0,270,0,0,0
0,24.617,0,0,0,270,0,0,0
0,24.62501,0,0,0,270,0,0,0
0,24.63168,0,0,0,270,0,0,0
0,24.63924,0,0,0,270,0,0,0
0,24.64691,0,0,0,270,0,0,0
0,24.65414,0,0,0,270,0,0,0
0,24.66222,0,0,0,270,0,0,0
0,24.66942,0,0,0,270,0,0,0
0,24.67631,0,0,0,270,0,0,0
0,24.68388,0,0,0,270,0,0,0
0,24.69308,0,0,0,270,0,0,0
0,24.70206,0,0,0,270,0,0,0
0,24.70998,0,0,0,270,0,0,0
0,24.71967,0,0,0,270,0,0,0
0,24.7274,0,0,0,270,0,0,0
0,24.73548,0,0,0,270,0,0,0
0,24.74311,0,0,0,270,0,0,0
0,24.75104,0,0,0,270,0,0,0
0,24.75885,0,0,0,270,0,0,0
0,24.76751,0,0,0,270,0,0,0
0,24.77452,0,0,0,270,0,0,0
0,24.78276,0,0,0,270,0,0,0
0,24.79135,0,0,0,270,0,0,0
0,24.79832,0,0,0,270,0,0,0
0,24.80602,0,0,0,270,0,0,0
0,24.8137,0,0,0,270,0,0,0
0,24.82245,0,0,0,270,0,0,0
0,24.82942,0,0,0,270,0,0,0
0,24.83683,0,0,0,270,0,0,0
0,24.84499,0,0,0,270,0,0,0
0,24.85197,0,0,0,270,0,0,0
0,24.86145,0,0,0,270,0,0,0
0,24.87074,0,0,0,270,0,0,0
0,24.87981,0,0,0,270,0,0,0
0,24.88799,0,0,0,270,0,0,0
0,24.89582,0,0,0,270,0,0,0
0,24.90394,0,0,0,270,0,0,0
0,24.91172,0,0,0,270,0,0,0
0,24.92006,0,0,0,270,0,0,0
0,24.92837,0,0,0,270,0,0,0
0,24.93618,0,0,0,270,0,0,0
0,24.9433,0,0,0,270,0,0,0
0,24.95108,0,0,0,270,0,0,0
0,24.95827,0,0,0,270,0,0,0
0,24.96585,0,0,0,270,0,0,0
0,24.97371,0,0,0,270,0,0,0
0,24.98133,0,0,0,270,0,0,0
0,24.98893,0,0,0,270,0,0,0
0,24.99792,0,0,0,270,0,0,0
0,25.00707,0,0,0,270,0,0,0
0,25.01556,0,0,0,270,0,0,0
0,25.02363,0,0,0,270,0,0,0
0,25.03266,0,0,0,270,0,0,0
0,25.04141,0,0,0,270,0,0,0
0,25.04954,0,0,0,270,0,0,0
0,25.05955,0,0,0,270,0,0,0
0,25.06949,0,0,0,270,0,0,0
0,25.08003,0,0,0,270,0,0,0
0,25.08906,0,0,0,270,0,0,0
0,25.10083,0,0,0,270,0,0,0
0,25.11428,0,0,0,270,0,0,0
0,25.1254,0,0,0,270,0,0,0
0,25.13391,0,0,0,270,0,0,0
0,25.14471,0,0,0,270,0,0,0
0,25.15604,0,0,0,270,0,0,0
0,25.16662,0,0,0,270,0,0,0
0,25.17783,0,0,0,270,0,0,0
0,25.19023,0,0,0,270,0,0,0
0,25.203,0,0,0,270,0,0,0
0,25.21364,0,0,0,270,0,0,0
0,25.22365,0,0,0,270,0,0,0
0,25.23429,0,0,0,270,0,0,0
0,25.24429,0,0,0,270,0,0,0
0,25.25447,0,0,0,270,0,0,0
0,25.26479,0,0,0,270,0,0,0
0,25.27606,0,0,0,270,0,0,0
0,25.28629,0,0,0,270,0,0,0
0,25.29682,0,0,0,270,0,0,0
0,25.30625,0,0,0,270,0,0,0
0,25.31743,0,0,0,270,0,0,0
0,25.32862,0,0,0,270,0,0,0
0,25.33894,0,0,0,270,0,0,0
0,25.34942,0,0,0,270,0,0,0
0,25.36064,0,0,0,270,0,0,0
0,25.37082,0,0,0,270,0,0,0
0,25.38124,0,0,0,270,0,0,0
0,25.39137,0,0,0,270,0,0,0
0,25.40089,0,0,0,270,0,0,0
0,25.40975,0,0,0,270,0,0,0
0,25.41884,0,0,0,270,0,0,0
0,25.43048,0,0,0,270,0,0,0
0,25.44136,0,0,0,270,0,0,0
0,25.45223,0,0,0,270,0,0,0
0,25.46298,0,0,0,270,0,0,0
0,25.47291,0,0,0,270,0,0,0
0,25.4836,0,0,0,270,0,0,0
0,25.49205,0,0,0,270,0,0,0
0,25.50114,0,0,0,270,0,0,0
0,25.51019,0,0,0,270,0,0,0
0,25.52018,0,0,0,270,0,0,0
0,25.53013,0,0,0,270,0,0,0
0,25.53872,0,0,0,270,0,0,0
0,25.54831,0,0,0,270,0,0,0
0,25.558,0,0,0,270,0,0,0
0,25.5685,0,0,0,270,0,0,0
0,25.57988,0,0,0,270,0,0,0
0,25.59054,0,0,0,270,0,0,0
0,25.59904,0,0,0,270,0,0,0
0,25.6088,0,0,0,270,0,0,0
0,25.61972,0,0,0,270,0,0,0
0,25.62985,0,0,0,270,0,0,0
0,25.63859,0,0,0,270,0,0,0
0,25.6477,0,0,0,270,0,0,0
0,25.65567,0,0,0,270,0,0,0
0,25.66308,0,0,0,270,0,0,0
0,25.67115,0,0,0,270,0,0,0
0,25.6791,0,0,0,270,0,0,0
0,25.68801,0,0,0,270,0,0,0
0,25.69728,0,0,0,270,0,0,0
0,25.70614,0,0,0,270,0,0,0
0,25.71505,0,0,0,270,0,0,0
0,25.72341,0,0,0,270,0,0,0
0,25.73109,0,0,0,270,0,0,0
0,25.73976,0,0,0,270,0,0,0
0,25.74802,0,0,0,270,0,0,0
0,25.75546,0,0,0,270,0,0,0
0,25.76354,0,0,0,270,0,0,0
0,25.77288,0,0,0,270,0,0,0
0,25.78269,0,0,0,270,0,0,0
0,25.79037,0,0,0,270,0,0,0
0,25.79812,0,0,0,270,0,0,0
0,25.80586,0,0,0,270,0,0,0
0,25.81417,0,0,0,270,0,0,0
0,25.82097,0,0,0,270,0,0,0
0,25.83007,0,0,0,270,0,0,0
0,25.83771,0,0,0,270,0,0,0
0,25.8464,0,0,0,270,0,0,0
0,25.85409,0,0,0,270,0,0,0
0,25.86438,0,0,0,270,0,0,0
0,25.87317,0,0,0,270,0,0,0
0,25.8817,0,0,0,270,0,0,0
0,25.89027,0,0,0,270,0,0,0
0,25.89755,0,0,0,270,0,0,0
0,25.90566,0,0,0,270,0,0,0
0,25.91325,0,0,0,270,0,0,0
0,25.92224,0,0,0,270,0,0,0
0,25.92971,0,0,0,270,0,0,0
0,25.93827,0,0,0,270,0,0,0
0,25.94586,0,0,0,270,0,0,0
0,25.95322,0,0,0,270,0,0,0
0,25.9601,0,0,0,270,0,0,0
0,25.96877,0,0,0,270,0,0,0
0,25.97616,0,0,0,270,0,0,0
0,25.98575,0,0,0,270,0,0,0
0,25.9936,0,0,0,270,0,0,0
0,26.00187,0,0,0,270,0,0,0
0,26.00893,0,0,0,270,0,0,0
0,26.01889,0,0,0,270,0,0,0
0,26.02629,0,0,0,270,0,0,0
0,26.03442,0,0,0,270,0,0,0
0,26.04206,0,0,0,270,0,0,0
0,26.05035,0,0,0,270,0,0,0
0,26.05831,0,0,0,270,0,0,0
0,26.06664,0,0,0,270,0,0,0
0,26.07441,0,0,0,270,0,0,0
0,26.08192,0,0,0,270,0,0,0
0,26.08952,0,0,0,270,0,0,0
0,26.09644,0,0,0,270,0,0,0
0,26.10437,0,0,0,270,0,0,0
0,26.11214,0,0,0,270,0,0,0
0,26.12045,0,0,0,270,0,0,0
0,26.13114,0,0,0,270,0,0,0
0,26.14113,0,0,0,270,0,0,0
0,26.14975,0,0,0,270,0,0,0
0,26.1579,0,0,0,270,0,0,0
0,26.16496,0,0,0,270,0,0,0
0,26.1729,0,0,0,270,0,0,0
0,26.18072,0,0,0,270,0,0,0
0,26.18918,0,0,0,270,0,0,0
0,26.19883,0,0,0,270,0,0,0
0,26.21,0,0,0,270,0,0,0
0,26.22101,0,0,0,270,0,0,0
0,26.23281,0,0,0,270,0,0,0
0,26.2408,0,0,0,270,0,0,0
0,26.26246,0,0,0,270,0,0,0
0,26.27052,0,0,0,270,0,0,0
0,26.28136,0,0,0,270,0,0,0
0,26.29198,0,0,0,270,0,0,0
0,26.30191,0,0,0,270,0,0,0
0,26.31264,0,0,0,270,0,0,0
0,26.32095,0,0,0,270,0,0,0
0,26.33132,0,0,0,270,0,0,0
0,26.34237,0,0,0,270,0,0,0
0,26.35224,0,0,0,270,0,0,0
0,26.36316,0,0,0,270,0,0,0
0,26.37407,0,0,0,270,0,0,0
0,26.38364,0,0,0,270,0,0,0
0,26.39417,0,0,0,270,0,0,0
0,26.40526,0,0,0,270,0,0,0
0,26.41501,0,0,0,270,0,0,0
0,26.42427,0,0,0,270,0,0,0
0,26.43415,0,0,0,270,0,0,0
0,26.44504,0,0,0,270,0,0,0
0,26.45477,0,0,0,270,0,0,0
0,26.46412,0,0,0,270,0,0,0
0,26.47406,0,0,0,270,0,0,0
0,26.48423,0,0,0,270,0,0,0
0,26.49353,0,0,0,270,0,0,0
0,26.50462,0,0,0,270,0,0,0
0,26.51455,0,0,0,270,0,0,0
0,26.52544,0,0,0,270,0,0,0
0,26.53619,0,0,0,270,0,0,0
0,26.5475,0,0,0,270,0,0,0
0,26.55654,0,0,0,270,0,0,0
0,26.56477,0,0,0,270,0,0,0
0,26.57442,0,0,0,270,0,0,0
0,26.58442,0,0,0,270,0,0,0
0,26.59334,0,0,0,270,0,0,0
0,26.60197,0,0,0,270,0,0,0
0,26.6108,0,0,0,270,0,0,0
0,26.62017,0,0,0,270,0,0,0
0,26.63067,0,0,0,270,0,0,0
0,26.64112,0,0,0,270,0,0,0
0,26.65151,0,0,0,270,0,0,0
0,26.66191,0,0,0,270,0,0,0
0,26.67053,0,0,0,270,0,0,0
0,26.67947,0,0,0,270,0,0,0
0,26.69068,0,0,0,270,0,0,0
0,26.70112,0,0,0,270,0,0,0
0,26.71072,0,0,0,270,0,0,0
0,26.72122,0,0,0,270,0,0,0
0,26.7303,0,0,0,270,0,0,0
0,26.7401,0,0,0,270,0,0,0
0,26.74887,0,0,0,270,0,0,0
0,26.75755,0,0,0,270,0,0,0
0,26.76544,0,0,0,270,0,0,0
0,26.774,0,0,0,270,0,0,0
0,26.78146,0,0,0,270,0,0,0
0,26.78987,0,0,0,270,0,0,0
0,26.79742,0,0,0,270,0,0,0
0,26.8067,0,0,0,270,0,0,0
0,26.81482,0,0,0,270,0,0,0
0,26.82249,0,0,0,270,0,0,0
0,26.82985,0,0,0,270,0,0,0
0,26.83716,0,0,0,270,0,0,0
0,26.84531,0,0,0,270,0,0,0
0,26.85248,0,0,0,270,0,0,0
0,26.86117,0,0,0,270,0,0,0
0,26.87024,0,0,0,270,0,0,0
0,26.88042,0,0,0,270,0,0,0
0,26.88968,0,0,0,270,0,0,0
0,26.89794,0,0,0,270,0,0,0
0,26.90736,0,0,0,270,0,0,0
0,26.91564,0,0,0,270,0,0,0
0,26.92419,0,0,0,270,0,0,0
0,26.9315,0,0,0,270,0,0,0
0,26.94006,0,0,0,270,0,0,0
0,26.94857,0,0,0,270,0,0,0
0,26.95755,0,0,0,270,0,0,0
0,26.96534,0,0,0,270,0,0,0
0,26.97389,0,0,0,270,0,0,0
0,26.98166,0,0,0,270,0,0,0
0,26.98949,0,0,0,270,0,0,0
0,26.99701,0,0,0,270,0,0,0
0,27.00584,0,0,0,270,0,0,0
0,27.01273,0,0,0,270,0,0,0
0,27.01957,0,0,0,270,0,0,0
0,27.02848,0,0,0,270,0,0,0
0,27.03635,0,0,0,270,0,0,0
0,27.04474,0,0,0,270,0,0,0
0,27.05197,0,0,0,270,0,0,0
0,27.06132,0,0,0,270,0,0,0
0,27.06902,0,0,0,270,0,0,0
0,27.07738,0,0,0,270,0,0,0
0,27.08604,0,0,0,270,0,0,0
0,27.09388,0,0,0,270,0,0,0
0,27.10143,0,0,0,270,0,0,0
0,27.10902,0,0,0,270,0,0,0
0,27.11689,0,0,0,270,0,0,0
0,27.12535,0,0,0,270,0,0,0
0,27.13306,0,0,0,270,0,0,0
0,27.1412,0,0,0,270,0,0,0
0,27.15088,0,0,0,270,0,0,0
0,27.16196,0,0,0,270,0,0,0
0,27.17138,0,0,0,270,0,0,0
0,27.18017,0,0,0,270,0,0,0
0,27.18906,0,0,0,270,0,0,0
0,27.19696,0,0,0,270,0,0,0
0,27.20546,0,0,0,270,0,0,0
0,27.21338,0,0,0,270,0,0,0
0,27.22044,0,0,0,270,0,0,0
0,27.22845,0,0,0,270,0,0,0
0,27.23617,0,0,0,270,0,0,0
0,27.24518,0,0,0,270,0,0,0
0,27.25273,0,0,0,270,0,0,0
0,27.25967,0,0,0,270,0,0,0
0,27.26737,0,0,0,270,0,0,0
0,27.27507,0,0,0,270,0,0,0
0,27.28294,0,0,0,270,0,0,0
0,27.29134,0,0,0,270,0,0,0
0,27.29855,0,0,0,270,0,0,0
0,27.30541,0,0,0,270,0,0,0
0,27.31321,0,0,0,270,0,0,0
0,27.32307,0,0,0,270,0,0,0
0,27.33104,0,0,0,270,0,0,0
0,27.34074,0,0,0,270,0,0,0
0,27.35132,0,0,0,270,0,0,0
0,27.36108,0,0,0,270,0,0,0
0,27.37094,0,0,0,270,0,0,0
0,27.3811,0,0,0,270,0,0,0
0,27.39124,0,0,0,270,0,0,0
0,27.40031,0,0,0,270,0,0,0
0,27.4091,0,0,0,270,0,0,0
0,27.41795,0,0,0,270,0,0,0
0,27.42734,0,0,0,270,0,0,0
0,27.43817,0,0,0,270,0,0,0
0,27.44917,0,0,0,270,0,0,0
0,27.46016,0,0,0,270,0,0,0
0,27.47197,0,0,0,270,0,0,0
0,27.48502,0,0,0,270,0,0,0
0,27.49709,0,0,0,270,0,0,0
0,27.51059,0,0,0,270,0,0,0
0,27.52283,0,0,0,270,0,0,0
0,27.53545,0,0,0,270,0,0,0
0,27.54763,0,0,0,270,0,0,0
0,27.55782,0,0,0,270,0,0,0
0,27.57006,0,0,0,270,0,0,0
0,27.58217,0,0,0,270,0,0,0
0,27.59439,0,0,0,270,0,0,0
0,27.60577,0,0,0,270,0,0,0
0,27.61606,0,0,0,270,0,0,0
0,27.62717,0,0,0,270,0,0,0
0,27.63687,0,0,0,270,0,0,0
0,27.64763,0,0,0,270,0,0,0
0,27.65903,0,0,0,270,0,0,0
0,27.67015,0,0,0,270,0,0,0
0,27.68285,0,0,0,270,0,0,0
0,27.69522,0,0,0,270,0,0,0
0,27.70629,0,0,0,270,0,0,0
0,27.71687,0,0,0,270,0,0,0
0,27.72807,0,0,0,270,0,0,0
0,27.73915,0,0,0,270,0,0,0
0,27.75103,0,0,0,270,0,0,0
0,27.76332,0,0,0,270,0,0,0
0,27.77509,0,0,0,270,0,0,0
0,27.78609,0,0,0,270,0,0,0
0,27.79706,0,0,0,270,0,0,0
0,27.80728,0,0,0,270,0,0,0
0,27.81697,0,0,0,270,0,0,0
0,27.82781,0,0,0,270,0,0,0
0,27.83879,0,0,0,270,0,0,0
0,27.84909,0,0,0,270,0,0,0
0,27.86146,0,0,0,270,0,0,0
0,27.8722,0,0,0,270,0,0,0
0,27.8832,0,0,0,270,0,0,0
0,27.89331,0,0,0,270,0,0,0
0,27.90345,0,0,0,270,0,0,0
0,27.9138,0,0,0,270,0,0,0
0,27.92412,0,0,0,270,0,0,0
0,27.93369,0,0,0,270,0,0,0
0,27.94193,0,0,0,270,0,0,0
0,27.95082,0,0,0,270,0,0,0
0,27.96007,0,0,0,270,0,0,0
0,27.96981,0,0,0,270,0,0,0
0,27.97794,0,0,0,270,0,0,0
0,27.98911,0,0,0,270,0,0,0
0,27.99763,0,0,0,270,0,0,0
0,28.00601,0,0,0,270,0,0,0
0,28.01464,0,0,0,270,0,0,0
0,28.02292,0,0,0,270,0,0,0
0,28.03112,0,0,0,270,0,0,0
0,28.04021,0,0,0,270,0,0,0
0,28.05189,0,0,0,270,0,0,0
0,28.06871,0,0,0,270,0,0,0
0,28.07671,0,0,0,270,0,0,0
0,28.08558,0,0,0,270,0,0,0
0,28.0942,0,0,0,270,0,0,0
0,28.10386,0,0,0,270,0,0,0
0,28.11427,0,0,0,270,0,0,0
0,28.12384,0,0,0,270,0,0,0
0,28.13145,0,0,0,270,0,0,0
0,28.13989,0,0,0,270,0,0,0
0,28.14833,0,0,0,270,0,0,0
0,28.1568,0,0,0,270,0,0,0
0,28.16498,0,0,0,270,0,0,0
0,28.17489,0,0,0,270,0,0,0
0,28.18624,0,0,0,270,0,0,0
0,28.19715,0,0,0,270,0,0,0
0,28.20649,0,0,0,270,0,0,0
0,28.21615,0,0,0,270,0,0,0
0,28.22494,0,0,0,270,0,0,0
0,28.23433,0,0,0,270,0,0,0
0,28.24316,0,0,0,270,0,0,0
0,28.25198,0,0,0,270,0,0,0
0,28.26206,0,0,0,270,0,0,0
0,28.26957,0,0,0,270,0,0,0
0,28.27777,0,0,0,270,0,0,0
0,28.28572,0,0,0,270,0,0,0
0,28.29382,0,0,0,270,0,0,0
0,28.30268,0,0,0,270,0,0,0
0,28.31268,0,0,0,270,0,0,0
0,28.32018,0,0,0,270,0,0,0
0,28.33075,0,0,0,270,0,0,0
0,28.3407,0,0,0,270,0,0,0
0,28.34966,0,0,0,270,0,0,0
0,28.35738,0,0,0,270,0,0,0
0,28.36542,0,0,0,270,0,0,0
0,28.37307,0,0,0,270,0,0,0
0,28.37997,0,0,0,270,0,0,0
0,28.38696,0,0,0,270,0,0,0
0,28.39472,0,0,0,270,0,0,0
0,28.40399,0,0,0,270,0,0,0
0,28.41285,0,0,0,270,0,0,0
0,28.421,0,0,0,270,0,0,0
0,28.42845,0,0,0,270,0,0,0
0,28.43689,0,0,0,270,0,0,0
0,28.44436,0,0,0,270,0,0,0
0,28.45157,0,0,0,270,0,0,0
0,28.45929,0,0,0,270,0,0,0
0,28.46824,0,0,0,270,0,0,0
0,28.47807,0,0,0,270,0,0,0
0,28.48666,0,0,0,270,0,0,0
0,28.49716,0,0,0,270,0,0,0
0,28.50814,0,0,0,270,0,0,0
0,28.51764,0,0,0,270,0,0,0
0,28.52665,0,0,0,270,0,0,0
0,28.53555,0,0,0,270,0,0,0
0,28.54506,0,0,0,270,0,0,0
0,28.55707,0,0,0,270,0,0,0
0,28.5676,0,0,0,270,0,0,0
0,28.57918,0,0,0,270,0,0,0
0,28.58951,0,0,0,270,0,0,0
0,28.59997,0,0,0,270,0,0,0
0,28.60955,0,0,0,270,0,0,0
0,28.62108,0,0,0,270,0,0,0
0,28.63259,0,0,0,270,0,0,0
0,28.64364,0,0,0,270,0,0,0
0,28.65464,0,0,0,270,0,0,0
0,28.66368,0,0,0,270,0,0,0
0,28.67513,0,0,0,270,0,0,0
0,28.68684,0,0,0,270,0,0,0
0,28.69683,0,0,0,270,0,0,0
0,28.70928,0,0,0,270,0,0,0
0,28.72036,0,0,0,270,0,0,0
0,28.73056,0,0,0,270,0,0,0
0,28.74202,0,0,0,270,0,0,0
0,28.75274,0,0,0,270,0,0,0
0,28.76274,0,0,0,270,0,0,0
0,28.77267,0,0,0,270,0,0,0
0,28.78352,0,0,0,270,0,0,0
0,28.79443,0,0,0,270,0,0,0
0,28.80575,0,0,0,270,0,0,0
0,28.81675,0,0,0,270,0,0,0
0,28.82624,0,0,0,270,0,0,0
0,28.83553,0,0,0,270,0,0,0
0,28.84712,0,0,0,270,0,0,0
0,28.85836,0,0,0,270,0,0,0
0,28.86996,0,0,0,270,0,0,0
0,28.88216,0,0,0,270,0,0,0
0,28.89467,0,0,0,270,0,0,0
0,28.90536,0,0,0,270,0,0,0
0,28.91538,0,0,0,270,0,0,0
0,28.92591,0,0,0,270,0,0,0
0,28.93502,0,0,0,270,0,0,0
0,28.94257,0,0,0,270,0,0,0
0,28.95292,0,0,0,270,0,0,0
0,28.96228,0,0,0,270,0,0,0
0,28.97203,0,0,0,270,0,0,0
0,28.9826,0,0,0,270,0,0,0
0,28.99269,0,0,0,270,0,0,0
0,29.00381,0,0,0,270,0,0,0
0,29.01455,0,0,0,270,0,0,0
0,29.02581,0,0,0,270,0,0,0
0,29.03521,0,0,0,270,0,0,0
0,29.04513,0,0,0,270,0,0,0
0,29.05252,0,0,0,270,0,0,0
0,29.06136,0,0,0,270,0,0,0
0,29.06977,0,0,0,270,0,0,0
0,29.07853,0,0,0,270,0,0,0
0,29.08602,0,0,0,270,0,0,0
0,29.09443,0,0,0,270,0,0,0
0,29.10212,0,0,0,270,0,0,0
0,29.11263,0,0,0,270,0,0,0
0,29.12258,0,0,0,270,0,0,0
0,29.12997,0,0,0,270,0,0,0
0,29.13972,0,0,0,270,0,0,0
0,29.1477,0,0,0,270,0,0,0
0,29.15674,0,0,0,270,0,0,0
0,29.16508,0,0,0,270,0,0,0
0,29.17353,0,0,0,270,0,0,0
0,29.18073,0,0,0,270,0,0,0
0,29.18929,0,0,0,270,0,0,0
0,29.19632,0,0,0,270,0,0,0
0,29.20637,0,0,0,270,0,0,0
0,29.21869,0,0,0,270,0,0,0
0,29.22887,0,0,0,270,0,0,0
0,29.23866,0,0,0,270,0,0,0
0,29.24844,0,0,0,270,0,0,0
0,29.25814,0,0,0,270,0,0,0
0,29.26721,0,0,0,270,0,0,0
0,29.27472,0,0,0,270,0,0,0
0,29.28232,0,0,0,270,0,0,0
0,29.28955,0,0,0,270,0,0,0
0,29.29757,0,0,0,270,0,0,0
0,29.30502,0,0,0,270,0,0,0
0,29.31379,0,0,0,270,0,0,0
0,29.32381,0,0,0,270,0,0,0
0,29.33148,0,0,0,270,0,0,0
0,29.33982,0,0,0,270,0,0,0
0,29.3484,0,0,0,270,0,0,0
0,29.35784,0,0,0,270,0,0,0
0,29.36644,0,0,0,270,0,0,0
0,29.37468,0,0,0,270,0,0,0
0,29.3827,0,0,0,270,0,0,0
0,29.39103,0,0,0,270,0,0,0
0,29.39743,0,0,0,270,0,0,0
0,29.40717,0,0,0,270,0,0,0
0,29.41441,0,0,0,270,0,0,0
0,29.42436,0,0,0,270,0,0,0
0,29.43215,0,0,0,270,0,0,0
0,29.43935,0,0,0,270,0,0,0
0,29.44666,0,0,0,270,0,0,0
0,29.4543,0,0,0,270,0,0,0
0,29.46225,0,0,0,270,0,0,0
0,29.47076,0,0,0,270,0,0,0
0,29.47937,0,0,0,270,0,0,0
0,29.48732,0,0,0,270,0,0,0
0,29.49492,0,0,0,270,0,0,0
0,29.5026,0,0,0,270,0,0,0
0,29.51135,0,0,0,270,0,0,0
0,29.51865,0,0,0,270,0,0,0
0,29.52781,0,0,0,270,0,0,0
0,29.53631,0,0,0,270,0,0,0
0,29.54465,0,0,0,270,0,0,0
0,29.55174,0,0,0,270,0,0,0
0,29.55968,0,0,0,270,0,0,0
0,29.56707,0,0,0,270,0,0,0
0,29.57573,0,0,0,270,0,0,0
0,29.58426,0,0,0,270,0,0,0
0,29.59225,0,0,0,270,0,0,0
0,29.59983,0,0,0,270,0,0,0
0,29.60862,0,0,0,270,0,0,0
0,29.61848,0,0,0,270,0,0,0
0,29.62903,0,0,0,270,0,0,0
0,29.63923,0,0,0,270,0,0,0
0,29.64857,0,0,0,270,0,0,0
0,29.65808,0,0,0,270,0,0,0
0,29.66646,0,0,0,270,0,0,0
0,29.67603,0,0,0,270,0,0,0
0,29.68676,0,0,0,270,0,0,0
0,29.6965,0,0,0,270,0,0,0
0,29.70816,0,0,0,270,0,0,0
0,29.71829,0,0,0,270,0,0,0
0,29.72887,0,0,0,270,0,0,0
0,29.7404,0,0,0,270,0,0,0
0,29.75114,0,0,0,270,0,0,0
0,29.76177,0,0,0,270,0,0,0
0,29.77262,0,0,0,270,0,0,0
0,29.78338,0,0,0,270,0,0,0
0,29.79418,0,0,0,270,0,0,0
0,29.80609,0,0,0,270,0,0,0
0,29.81747,0,0,0,270,0,0,0
0,29.83643,0,0,0,270,0,0,0
0,29.84993,0,0,0,270,0,0,0
0,29.86483,0,0,0,270,0,0,0
0,29.87988,0,0,0,270,0,0,0
0,29.8955,0,0,0,270,0,0,0
0,29.91079,0,0,0,270,0,0,0
0,29.92685,0,0,0,270,0,0,0
0,29.94302,0,0,0,270,0,0,0
0,29.9637,0,0,0,270,0,0,0
0,29.97326,0,0,0,270,0,0,0
0,29.98545,0,0,0,270,0,0,0
0,29.99759,0,0,0,270,0,0,0
0,30.00826,0,0,0,270,0,0,0
0,30.01832,0,0,0,270,0,0,0
0,30.0284,0,0,0,270,0,0,0
0,30.03777,0,0,0,270,0,0,0
0,30.0476,0,0,0,270,0,0,0
0,30.05683,0,0,0,270,0,0,0
0,30.06504,0,0,0,270,0,0,0
0,30.07481,0,0,0,270,0,0,0
0,30.08319,0,0,0,270,0,0,0
0,30.09314,0,0,0,270,0,0,0
0,30.10109,0,0,0,270,0,0,0
0,30.11142,0,0,0,270,0,0,0
0,30.12261,0,0,0,270,0,0,0
0,30.13304,0,0,0,270,0,0,0
0,30.14447,0,0,0,270,0,0,0
0,30.15528,0,0,0,270,0,0,0
0,30.16422,0,0,0,270,0,0,0
0,30.17383,0,0,0,270,0,0,0
0,30.18253,0,0,0,270,0,0,0
0,30.19122,0,0,0,270,0,0,0
0,30.20174,0,0,0,270,0,0,0
0,30.21017,0,0,0,270,0,0,0
0,30.21937,0,0,0,270,0,0,0
0,30.2292,0,0,0,270,0,0,0
0,30.2411,0,0,0,270,0,0,0
0,30.25219,0,0,0,270,0,0,0
0,30.26238,0,0,0,270,0,0,0
0,30.27075,0,0,0,270,0,0,0
0,30.28009,0,0,0,270,0,0,0
0,30.28789,0,0,0,270,0,0,0
0,30.29627,0,0,0,270,0,0,0
0,30.30322,0,0,0,270,0,0,0
0,30.31152,0,0,0,270,0,0,0
0,30.31831,0,0,0,270,0,0,0
0,30.32823,0,0,0,270,0,0,0
0,30.33656,0,0,0,270,0,0,0
0,30.34439,0,0,0,270,0,0,0
0,30.35141,0,0,0,270,0,0,0
0,30.35918,0,0,0,270,0,0,0
0,30.36744,0,0,0,270,0,0,0
0,30.37606,0,0,0,270,0,0,0
0,30.38448,0,0,0,270,0,0,0
0,30.39333,0,0,0,270,0,0,0
0,30.40053,0,0,0,270,0,0,0
0,30.40788,0,0,0,270,0,0,0
0,30.41598,0,0,0,270,0,0,0
0,30.4244,0,0,0,270,0,0,0
0,30.43365,0,0,0,270,0,0,0
0,30.44117,0,0,0,270,0,0,0
0,30.44958,0,0,0,270,0,0,0
0,30.45717,0,0,0,270,0,0,0
0,30.46528,0,0,0,270,0,0,0
0,30.47246,0,0,0,270,0,0,0
0,30.48152,0,0,0,270,0,0,0
0,30.48931,0,0,0,270,0,0,0
0,30.49777,0,0,0,270,0,0,0
0,30.50524,0,0,0,270,0,0,0
0,30.51352,0,0,0,270,0,0,0
0,30.52036,0,0,0,270,0,0,0
0,30.52874,0,0,0,270,0,0,0
0,30.53579,0,0,0,270,0,0,0
0,30.54435,0,0,0,270,0,0,0
0,30.5524,0,0,0,270,0,0,0
0,30.56065,0,0,0,270,0,0,0
0,30.56827,0,0,0,270,0,0,0
0,30.57634,0,0,0,270,0,0,0
0,30.58478,0,0,0,270,0,0,0
0,30.59478,0,0,0,270,0,0,0
0,30.60395,0,0,0,270,0,0,0
0,30.61155,0,0,0,270,0,0,0
0,30.61838,0,0,0,270,0,0,0
0,30.62584,0,0,0,270,0,0,0
0,30.63385,0,0,0,270,0,0,0
0,30.64123,0,0,0,270,0,0,0
0,30.64982,0,0,0,270,0,0,0
0,30.65862,0,0,0,270,0,0,0
0,30.66681,0,0,0,270,0,0,0
0,30.67442,0,0,0,270,0,0,0
0,30.68275,0,0,0,270,0,0,0
0,30.69115,0,0,0,270,0,0,0
0,30.70098,0,0,0,270,0,0,0
0,30.70844,0,0,0,270,0,0,0
0,30.71579,0,0,0,270,0,0,0
0,30.72302,0,0,0,270,0,0,0
0,30.73338,0,0,0,270,0,0,0
0,30.74197,0,0,0,270,0,0,0
0,30.75157,0,0,0,270,0,0,0
0,30.76296,0,0,0,270,0,0,0
0,30.77449,0,0,0,270,0,0,0
0,30.78377,0,0,0,270,0,0,0
0,30.79283,0,0,0,270,0,0,0
0,30.80287,0,0,0,270,0,0,0
0,30.81257,0,0,0,270,0,0,0
0,30.82287,0,0,0,270,0,0,0
0,30.83328,0,0,0,270,0,0,0
0,30.84523,0,0,0,270,0,0,0
0,30.85576,0,0,0,270,0,0,0
0,30.86591,0,0,0,270,0,0,0
0,30.87642,0,0,0,270,0,0,0
0,30.887,0,0,0,270,0,0,0
0,30.89853,0,0,0,270,0,0,0
0,30.90879,0,0,0,270,0,0,0
0,30.9188,0,0,0,270,0,0,0
0,30.92991,0,0,0,270,0,0,0
0,30.94048,0,0,0,270,0,0,0
0,30.95061,0,0,0,270,0,0,0
0,30.96173,0,0,0,270,0,0,0
0,30.97223,0,0,0,270,0,0,0
0,30.98431,0,0,0,270,0,0,0
0,30.99464,0,0,0,270,0,0,0
0,31.00473,0,0,0,270,0,0,0
0,31.01476,0,0,0,270,0,0,0
0,31.02544,0,0,0,270,0,0,0
0,31.03622,0,0,0,270,0,0,0
0,31.04685,0,0,0,270,0,0,0
0,31.05744,0,0,0,270,0,0,0
0,31.06756,0,0,0,270,0,0,0
0,31.07748,0,0,0,270,0,0,0
0,31.08739,0,0,0,270,0,0,0
0,31.09741,0,0,0,270,0,0,0
0,31.10746,0,0,0,270,0,0,0
0,31.1184,0,0,0,270,0,0,0
0,31.12873,0,0,0,270,0,0,0
0,31.14025,0,0,0,270,0,0,0
0,31.15069,0,0,0,270,0,0,0
0,31.16285,0,0,0,270,0,0,0
0,31.17379,0,0,0,270,0,0,0
0,31.18322,0,0,0,270,0,0,0
0,31.1933,0,0,0,270,0,0,0
0,31.20342,0,0,0,270,0,0,0
0,31.21303,0,0,0,270,0,0,0
0,31.22282,0,0,0,270,0,0,0
0,31.23111,0,0,0,270,0,0,0
0,31.24088,0,0,0,270,0,0,0
0,31.25204,0,0,0,270,0,0,0
0,31.26634,0,0,0,270,0,0,0
0,31.28015,0,0,0,270,0,0,0
0,31.29127,0,0,0,270,0,0,0
0,31.30289,0,0,0,270,0,0,0
0,31.31264,0,0,0,270,0,0,0
0,31.32167,0,0,0,270,0,0,0
0,31.33055,0,0,0,270,0,0,0
0,31.34016,0,0,0,270,0,0,0
0,31.34871,0,0,0,270,0,0,0
0,31.35867,0,0,0,270,0,0,0
0,31.36707,0,0,0,270,0,0,0
0,31.37559,0,0,0,270,0,0,0
0,31.38337,0,0,0,270,0,0,0
0,31.39331,0,0,0,270,0,0,0
0,31.40317,0,0,0,270,0,0,0
0,31.41108,0,0,0,270,0,0,0
0,31.41914,0,0,0,270,0,0,0
0,31.42762,0,0,0,270,0,0,0
0,31.43666,0,0,0,270,0,0,0
0,31.44487,0,0,0,270,0,0,0
0,31.45271,0,0,0,270,0,0,0
0,31.46104,0,0,0,270,0,0,0
0,31.47019,0,0,0,270,0,0,0
0,31.47818,0,0,0,270,0,0,0
0,31.48541,0,0,0,270,0,0,0
4,31.50444,0,0,0,270,0,0,0
4,31.51343,0,0,0,270,0,0,0
4,31.52247,0,0,0,3.555031E-06,0,0,3
4,31.53065,0,0,0,3.555031E-06,0,0,3
4,31.53849,0,0,0,3.555031E-06,0,0,3
4,31.54679,0,0,0,3.555031E-06,0,0,3
4,31.55426,0,0,0,3.555031E-06,0,0,3
4,31.56404,0,0,0,3.555031E-06,0,0,3
4,31.57352,0,0,0,3.555031E-06,0,0,3
4,31.58073,0,0,0,3.555031E-06,0,0,3
4,31.5895,0,0,0,3.555031E-06,0,0,3
4,31.59678,0,0,0,3.555031E-06,0,0,3
4,31.60496,0,0,0,3.555031E-06,0,0,3
4,31.61647,0,0,0,3.555031E-06,0,0,3
4,31.63096,0,0,0,3.555031E-06,0,0,3
4,31.63995,0,0,0,3.555031E-06,0,0,3
4,31.6478,0,0,0,3.555031E-06,0,0,3
4,31.65662,0,0,0,3.555031E-06,0,0,3
4,31.66508,0,0,0,3.555031E-06,0,0,3
4,31.67552,0,0,0,3.555031E-06,0,0,3
4,31.68622,0,0,0,3.555031E-06,0,0,3
4,31.69737,0,0,0,3.555031E-06,0,0,3
4,31.70528,0,0,0,3.555031E-06,0,0,3
4,31.71305,0,0,0,3.555031E-06,0,0,3
4,31.7206,0,0,0,3.555031E-06,0,0,3
4,31.72934,0,0,0,3.555031E-06,0,0,3
4,31.73745,0,0,0,3.555031E-06,0,0,3
4,31.74735,0,0,0,3.555031E-06,0,0,3
4,31.75679,0,0,0,3.555031E-06,0,0,3
4,31.76579,0,0,0,3.555031E-06,0,0,3
4,31.77464,0,0,0,3.555031E-06,0,0,3
4,31.78414,0,0,0,3.555031E-06,0,0,3
4,31.79348,0,0,0,3.555031E-06,0,0,3
4,31.80152,0,0,0,3.555031E-06,0,0,3
4,31.8101,0,0,0,3.555031E-06,0,0,3
4,31.8184,0,0,0,3.555031E-06,0,0,3
4,31.82723,0,0,0,3.555031E-06,0,0,3
4,31.83505,0,0,0,3.555031E-06,0,0,3
4,31.84289,0,0,0,3.555031E-06,0,0,3
4,31.8512,0,0,0,3.555031E-06,0,0,3
4,31.86123,0,0,0,3.555031E-06,0,0,3
4,31.86932,0,0,0,3.555031E-06,0,0,3
4,31.8785,0,0,0,3.555031E-06,0,0,3
4,31.88644,0,0,0,3.555031E-06,0,0,3
4,31.89573,0,0,0,3.555031E-06,0,0,3
4,31.9053,0,0,0,3.555031E-06,0,0,3
4,31.91509,0,0,0,3.555031E-06,0,0,3
4,31.92506,0,0,0,3.555031E-06,0,0,3
4,31.93536,0,0,0,3.555031E-06,0,0,3
4,31.94569,0,0,0,3.555031E-06,0,0,3
4,31.95427,0,0,0,3.555031E-06,0,0,3
4,31.96356,0,0,0,3.555031E-06,0,0,3
4,31.97193,0,0,0,3.555031E-06,0,0,3
4,31.9828,0,0,0,3.555031E-06,0,0,3
4,31.99382,0,0,0,3.555031E-06,0,0,3
4,32.00466,0,0,0,3.555031E-06,0,0,3
4,32.01605,0,0,0,3.555031E-06,0,0,3
4,32.02786,0,0,0,3.555031E-06,0,0,3
4,32.03911,0,0,0,3.555031E-06,0,0,3
4,32.05033,0,0,0,3.555031E-06,0,0,3
4,32.0603,0,0,0,3.555031E-06,0,0,3
4,32.07063,0,0,0,3.555031E-06,0,0,3
4,32.08172,0,0,0,3.555031E-06,0,0,3
4,32.09165,0,0,0,3.555031E-06,0,0,3
4,32.10152,0,0,0,3.555031E-06,0,0,3
4,32.11256,0,0,0,3.555031E-06,0,0,3
4,32.12313,0,0,0,3.555031E-06,0,0,3
4,32.13247,0,0,0,3.555031E-06,0,0,3
4,32.14325,0,0,0,3.555031E-06,0,0,3
4,32.15335,0,0,0,3.555031E-06,0,0,3
4,32.16287,0,0,0,3.555031E-06,0,0,3
4,32.17286,0,0,0,3.555031E-06,0,0,3
4,32.18379,0,0,0,3.555031E-06,0,0,3
4,32.19482,0,0,0,3.555031E-06,0,0,3
4,32.20514,0,0,0,3.555031E-06,0,0,3
4,32.21555,0,0,0,3.555031E-06,0,0,3
4,32.22604,0,0,0,3.555031E-06,0,0,3
4,32.23585,0,0,0,3.555031E-06,0,0,3
4,32.2457,0,0,0,3.555031E-06,0,0,3
4,32.25628,0,0,0,3.555031E-06,0,0,3
4,32.26704,0,0,0,3.555031E-06,0,0,3
4,32.28059,0,0,0,3.555031E-06,0,0,3
4,32.29533,0,0,0,3.555031E-06,0,0,3
4,32.30782,0,0,0,3.555031E-06,0,0,3
4,32.31907,0,0,0,3.555031E-06,0,0,3
4,32.33147,0,0,0,3.555031E-06,0,0,3
4,32.34372,0,0,0,3.555031E-06,0,0,3
4,32.35456,0,0,0,3.555031E-06,0,0,3
4,32.36457,0,0,0,3.555031E-06,0,0,3
4,32.37535,0,0,0,3.555031E-06,0,0,3
4,32.3844,0,0,0,3.555031E-06,0,0,3
4,32.3957,0,0,0,3.555031E-06,0,0,3
4,32.40646,0,0,0,3.555031E-06,0,0,3
4,32.41741,0,0,0,3.555031E-06,0,0,3
4,32.42799,0,0,0,3.555031E-06,0,0,3
4,32.43909,0,0,0,3.555031E-06,0,0,3
4,32.44839,0,0,0,3.555031E-06,0,0,3
4,32.45755,0,0,0,3.555031E-06,0,0,3
4,32.46851,0,0,0,3.555031E-06,0,0,3
4,32.47842,0,0,0,3.555031E-06,0,0,3
4,32.48755,0,0,0,3.555031E-06,0,0,3
4,32.4974,0,0,0,3.555031E-06,0,0,3
4,32.50563,0,0,0,3.555031E-06,0,0,3
4,32.51525,0,0,0,3.555031E-06,0,0,3
4,32.52496,0,0,0,3.555031E-06,0,0,3
4,32.53371,0,0,0,3.555031E-06,0,0,3
4,32.54527,0,0,0,3.555031E-06,0,0,3
4,32.5554,0,0,0,3.555031E-06,0,0,3
4,32.56516,0,0,0,3.555031E-06,0,0,3
4,32.57608,0,0,0,3.555031E-06,0,0,3
4,32.586,0,0,0,3.555031E-06,0,0,3
4,32.59498,0,0,0,3.555031E-06,0,0,3
4,32.60377,0,0,0,3.555031E-06,0,0,3
4,32.61264,0,0,0,3.555031E-06,0,0,3
4,32.62148,0,0,0,3.555031E-06,0,0,3
4,32.63087,0,0,0,3.555031E-06,0,0,3
4,32.63974,0,0,0,3.555031E-06,0,0,3
4,32.64873,0,0,0,3.555031E-06,0,0,3
4,32.65728,0,0,0,3.555031E-06,0,0,3
4,32.66491,0,0,0,3.555031E-06,0,0,3
4,32.67353,0,0,0,3.555031E-06,0,0,3
4,32.68336,0,0,0,3.555031E-06,0,0,3
4,32.69316,0,0,0,3.555031E-06,0,0,3
4,32.70345,0,0,0,3.555031E-06,0,0,3
4,32.71297,0,0,0,3.555031E-06,0,0,3
4,32.72164,0,0,0,3.555031E-06,0,0,3
4,32.73018,0,0,0,3.555031E-06,0,0,3
4,32.73968,0,0,0,3.555031E-06,0,0,3
4,32.74913,0,0,0,3.555031E-06,0,0,3
4,32.75708,0,0,0,3.555031E-06,0,0,3
4,32.76552,0,0,0,3.555031E-06,0,0,3
4,32.77358,0,0,0,3.555031E-06,0,0,3
4,32.78275,0,0,0,3.555031E-06,0,0,3
4,32.793,0,0,0,3.555031E-06,0,0,3
4,32.80206,0,0,0,3.555031E-06,0,0,3
4,32.81218,0,0,0,3.555031E-06,0,0,3
4,32.82032,0,0,0,3.555031E-06,0,0,3
4,32.82999,0,0,0,3.555031E-06,0,0,3
4,32.83963,0,0,0,3.555031E-06,0,0,3
4,32.84776,0,0,0,3.555031E-06,0,0,3
4,32.85604,0,0,0,3.555031E-06,0,0,3
4,32.86502,0,0,0,3.555031E-06,0,0,3
4,32.8763,0,0,0,3.555031E-06,0,0,3
4,32.88585,0,0,0,3.555031E-06,0,0,3
4,32.89661,0,0,0,3.555031E-06,0,0,3
4,32.90592,0,0,0,3.555031E-06,0,0,3
4,32.91453,0,0,0,3.555031E-06,0,0,3
4,32.92415,0,0,0,3.555031E-06,0,0,3
4,32.93344,0,0,0,3.555031E-06,0,0,3
4,32.94218,0,0,0,3.555031E-06,0,0,3
4,32.95306,0,0,0,3.555031E-06,0,0,3
4,32.96198,0,0,0,3.555031E-06,0,0,3
4,32.97195,0,0,0,3.555031E-06,0,0,3
4,32.981,0,0,0,3.555031E-06,0,0,3
4,32.9903,0,0,0,3.555031E-06,0,0,3
4,32.99897,0,0,0,3.555031E-06,0,0,3
4,33.0089,0,0,0,3.555031E-06,0,0,3
4,33.01772,0,0,0,3.555031E-06,0,0,3
4,33.02533,0,0,0,3.555031E-06,0,0,3
4,33.03496,0,0,0,3.555031E-06,0,0,3
4,33.04522,0,0,0,3.555031E-06,0,0,3
4,33.05556,0,0,0,3.555031E-06,0,0,3
4,33.06686,0,0,0,3.555031E-06,0,0,3
4,33.07824,0,0,0,3.555031E-06,0,0,3
4,33.08867,0,0,0,3.555031E-06,0,0,3
4,33.09787,0,0,0,3.555031E-06,0,0,3
4,33.10845,0,0,0,3.555031E-06,0,0,3
4,33.11891,0,0,0,3.555031E-06,0,0,3
4,33.13051,0,0,0,3.555031E-06,0,0,3
4,33.1418,0,0,0,3.555031E-06,0,0,3
4,33.15279,0,0,0,3.555031E-06,0,0,3
4,33.16412,0,0,0,3.555031E-06,0,0,3
4,33.17603,0,0,0,3.555031E-06,0,0,3
4,33.1876,0,0,0,3.555031E-06,0,0,3
4,33.19939,0,0,0,3.555031E-06,0,0,3
4,33.21158,0,0,0,3.555031E-06,0,0,3
4,33.22358,0,0,0,3.555031E-06,0,0,3
4,33.2356,0,0,0,3.555031E-06,0,0,3
4,33.24701,0,0,0,3.555031E-06,0,0,3
4,33.25812,0,0,0,3.555031E-06,0,0,3
4,33.27017,0,0,0,3.555031E-06,0,0,3
4,33.28164,0,0,0,3.555031E-06,0,0,3
4,33.29313,0,0,0,3.555031E-06,0,0,3
4,33.30629,0,0,0,3.555031E-06,0,0,3
4,33.32053,0,0,0,3.555031E-06,0,0,3
4,33.33263,0,0,0,3.555031E-06,0,0,3
4,33.34401,0,0,0,3.555031E-06,0,0,3
4,33.35704,0,0,0,3.555031E-06,0,0,3
4,33.36799,0,0,0,3.555031E-06,0,0,3
4,33.37952,0,0,0,3.555031E-06,0,0,3
4,33.39056,0,0,0,3.555031E-06,0,0,3
4,33.40402,0,0,0,3.555031E-06,0,0,3
4,33.42148,0,0,0,3.555031E-06,0,0,3
4,33.44138,0,0,0,3.555031E-06,0,0,3
4,33.45363,0,0,0,3.555031E-06,0,0,3
4,33.4645,0,0,0,3.555031E-06,0,0,3
4,33.47569,0,0,0,3.555031E-06,0,0,3
4,33.48855,0,0,0,3.555031E-06,0,0,3
4,33.50177,0,0,0,3.555031E-06,0,0,3
4,33.51415,0,0,0,3.555031E-06,0,0,3
4,33.52351,0,0,0,3.555031E-06,0,0,3
4,33.53435,0,0,0,3.555031E-06,0,0,3
4,33.54356,0,0,0,3.555031E-06,0,0,3
4,33.55301,0,0,0,3.555031E-06,0,0,3
4,33.56364,0,0,0,3.555031E-06,0,0,3
4,33.57347,0,0,0,3.555031E-06,0,0,3
4,33.58511,0,0,0,3.555031E-06,0,0,3
4,33.59623,0,0,0,3.555031E-06,0,0,3
4,33.60806,0,0,0,3.555031E-06,0,0,3
4,33.61906,0,0,0,3.555031E-06,0,0,3
4,33.62894,0,0,0,3.555031E-06,0,0,3
4,33.64027,0,0,0,3.555031E-06,0,0,3
4,33.64963,0,0,0,3.555031E-06,0,0,3
4,33.65932,0,0,0,3.555031E-06,0,0,3
4,33.66905,0,0,0,3.555031E-06,0,0,3
4,33.67803,0,0,0,3.555031E-06,0,0,3
4,33.68716,0,0,0,3.555031E-06,0,0,3
4,33.69689,0,0,0,3.555031E-06,0,0,3
4,33.7056,0,0,0,3.555031E-06,0,0,3
4,33.71509,0,0,0,3.555031E-06,0,0,3
4,33.72356,0,0,0,3.555031E-06,0,0,3
4,33.73247,0,0,0,3.555031E-06,0,0,3
4,33.74161,0,0,0,3.555031E-06,0,0,3
4,33.75093,0,0,0,3.555031E-06,0,0,3
4,33.75929,0,0,0,3.555031E-06,0,0,3
4,33.76829,0,0,0,3.555031E-06,0,0,3
4,33.77668,0,0,0,3.555031E-06,0,0,3
4,33.78589,0,0,0,3.555031E-06,0,0,3
4,33.79518,0,0,0,3.555031E-06,0,0,3
4,33.8053,0,0,0,3.555031E-06,0,0,3
4,33.81351,0,0,0,3.555031E-06,0,0,3
4,33.82262,0,0,0,3.555031E-06,0,0,3
4,33.83218,0,0,0,3.555031E-06,0,0,3
4,33.84274,0,0,0,3.555031E-06,0,0,3
4,33.85175,0,0,0,3.555031E-06,0,0,3
4,33.85976,0,0,0,3.555031E-06,0,0,3
4,33.86689,0,0,0,3.555031E-06,0,0,3
4,33.8746,0,0,0,3.555031E-06,0,0,3
4,33.88237,0,0,0,3.555031E-06,0,0,3
4,33.89162,0,0,0,3.555031E-06,0,0,3
4,33.90011,0,0,0,3.555031E-06,0,0,3
4,33.90818,0,0,0,3.555031E-06,0,0,3
4,33.91655,0,0,0,3.555031E-06,0,0,3
4,33.92551,0,0,0,3.555031E-06,0,0,3
4,33.93395,0,0,0,3.555031E-06,0,0,3
4,33.94171,0,0,0,3.555031E-06,0,0,3
4,33.95008,0,0,0,3.555031E-06,0,0,3
4,33.95832,0,0,0,3.555031E-06,0,0,3
4,33.96663,0,0,0,3.555031E-06,0,0,3
4,33.974,0,0,0,3.555031E-06,0,0,3
4,33.98242,0,0,0,3.555031E-06,0,0,3
4,33.99107,0,0,0,3.555031E-06,0,0,3
4,33.99963,0,0,0,3.555031E-06,0,0,3
4,34.00708,0,0,0,3.555031E-06,0,0,3
4,34.0164,0,0,0,3.555031E-06,0,0,3
4,34.02541,0,0,0,3.555031E-06,0,0,3
4,34.03318,0,0,0,3.555031E-06,0,0,3
4,34.04095,0,0,0,3.555031E-06,0,0,3
4,34.04925,0,0,0,3.555031E-06,0,0,3
4,34.05667,0,0,0,3.555031E-06,0,0,3
4,34.06483,0,0,0,3.555031E-06,0,0,3
4,34.07364,0,0,0,3.555031E-06,0,0,3
4,34.08271,0,0,0,3.555031E-06,0,0,3
4,34.09211,0,0,0,3.555031E-06,0,0,3
4,34.10259,0,0,0,3.555031E-06,0,0,3
4,34.11181,0,0,0,3.555031E-06,0,0,3
4,34.11987,0,0,0,3.555031E-06,0,0,3
4,34.12778,0,0,0,3.555031E-06,0,0,3
4,34.13516,0,0,0,3.555031E-06,0,0,3
4,34.14594,0,0,0,3.555031E-06,0,0,3
4,34.15688,0,0,0,3.555031E-06,0,0,3
4,34.16518,0,0,0,3.555031E-06,0,0,3
4,34.17595,0,0,0,3.555031E-06,0,0,3
4,34.18551,0,0,0,3.555031E-06,0,0,3
4,34.19505,0,0,0,3.555031E-06,0,0,3
4,34.20672,0,0,0,3.555031E-06,0,0,3
4,34.21674,0,0,0,3.555031E-06,0,0,3
4,34.22865,0,0,0,3.555031E-06,0,0,3
4,34.24062,0,0,0,3.555031E-06,0,0,3
4,34.25175,0,0,0,3.555031E-06,0,0,3
4,34.26212,0,0,0,3.555031E-06,0,0,3
4,34.27124,0,0,0,3.555031E-06,0,0,3
4,34.28167,0,0,0,3.555031E-06,0,0,3
4,34.29294,0,0,0,3.555031E-06,0,0,3
4,34.30338,0,0,0,3.555031E-06,0,0,3
4,34.3137,0,0,0,3.555031E-06,0,0,3
4,34.32362,0,0,0,3.555031E-06,0,0,3
4,34.34068,0,0,0,3.555031E-06,0,0,3
4,34.35426,0,0,0,3.555031E-06,0,0,3
4,34.36733,0,0,0,3.555031E-06,0,0,3
4,34.37871,0,0,0,3.555031E-06,0,0,3
4,34.38975,0,0,0,3.555031E-06,0,0,3
4,34.39972,0,0,0,3.555031E-06,0,0,3
4,34.4115,0,0,0,3.555031E-06,0,0,3
4,34.42278,0,0,0,3.555031E-06,0,0,3
4,34.43385,0,0,0,3.555031E-06,0,0,3
4,34.44331,0,0,0,3.555031E-06,0,0,3
4,34.45486,0,0,0,3.555031E-06,0,0,3
4,34.46707,0,0,0,3.555031E-06,0,0,3
4,34.47774,0,0,0,3.555031E-06,0,0,3
4,34.48923,0,0,0,3.555031E-06,0,0,3
4,34.49928,0,0,0,3.555031E-06,0,0,3
4,34.50914,0,0,0,3.555031E-06,0,0,3
4,34.51997,0,0,0,3.555031E-06,0,0,3
4,34.53583,0,0,0,3.555031E-06,0,0,3
4,34.54879,0,0,0,3.555031E-06,0,0,3
4,34.55846,0,0,0,3.555031E-06,0,0,3
4,34.56831,0,0,0,3.555031E-06,0,0,3
4,34.57984,0,0,0,3.555031E-06,0,0,3
4,34.59124,0,0,0,3.555031E-06,0,0,3
4,34.60178,0,0,0,3.555031E-06,0,0,3
4,34.61518,0,0,0,3.555031E-06,0,0,3
4,34.62663,0,0,0,3.555031E-06,0,0,3
4,34.64124,0,0,0,3.555031E-06,0,0,3
4,34.65471,0,0,0,3.555031E-06,0,0,3
4,34.66497,0,0,0,3.555031E-06,0,0,3
4,34.67537,0,0,0,3.555031E-06,0,0,3
4,34.68568,0,0,0,3.555031E-06,0,0,3
4,34.69611,0,0,0,3.555031E-06,0,0,3
4,34.70691,0,0,0,3.555031E-06,0,0,3
4,34.71774,0,0,0,3.555031E-06,0,0,3
4,34.72713,0,0,0,3.555031E-06,0,0,3
4,34.73755,0,0,0,3.555031E-06,0,0,3
4,34.74781,0,0,0,3.555031E-06,0,0,3
4,34.75766,0,0,0,3.555031E-06,0,0,3
4,34.76661,0,0,0,3.555031E-06,0,0,3
4,34.77484,0,0,0,3.555031E-06,0,0,3
4,34.78492,0,0,0,3.555031E-06,0,0,3
4,34.79493,0,0,0,3.555031E-06,0,0,3
4,34.80429,0,0,0,3.555031E-06,0,0,3
4,34.81421,0,0,0,3.555031E-06,0,0,3
4,34.82403,0,0,0,3.555031E-06,0,0,3
4,34.83357,0,0,0,3.555031E-06,0,0,3
4,34.84317,0,0,0,3.555031E-06,0,0,3
4,34.85218,0,0,0,3.555031E-06,0,0,3
4,34.86154,0,0,0,3.555031E-06,0,0,3
4,34.87035,0,0,0,3.555031E-06,0,0,3
4,34.87939,0,0,0,3.555031E-06,0,0,3
4,34.88905,0,0,0,3.555031E-06,0,0,3
4,34.8967,0,0,0,3.555031E-06,0,0,3
4,34.9053,0,0,0,3.555031E-06,0,0,3
4,34.9131,0,0,0,3.555031E-06,0,0,3
4,34.92223,0,0,0,3.555031E-06,0,0,3
4,34.93012,0,0,0,3.555031E-06,0,0,3
4,34.93814,0,0,0,3.555031E-06,0,0,3
4,34.94573,0,0,0,3.555031E-06,0,0,3
4,34.95333,0,0,0,3.555031E-06,0,0,3
4,34.96101,0,0,0,3.555031E-06,0,0,3
4,34.96927,0,0,0,3.555031E-06,0,0,3
4,34.97646,0,0,0,3.555031E-06,0,0,3
4,34.98454,0,0,0,3.555031E-06,0,0,3
4,34.99233,0,0,0,3.555031E-06,0,0,3
4,35.00132,0,0,0,3.555031E-06,0,0,3
4,35.00855,0,0,0,3.555031E-06,0,0,3
4,35.01622,0,0,0,3.555031E-06,0,0,3
4,35.02451,0,0,0,3.555031E-06,0,0,3
4,35.03287,0,0,0,3.555031E-06,0,0,3
4,35.03986,0,0,0,3.555031E-06,0,0,3
4,35.04856,0,0,0,3.555031E-06,0,0,3
4,35.05589,0,0,0,3.555031E-06,0,0,3
4,35.06337,0,0,0,3.555031E-06,0,0,3
4,35.07104,0,0,0,3.555031E-06,0,0,3
4,35.07893,0,0,0,3.555031E-06,0,0,3
4,35.08606,0,0,0,3.555031E-06,0,0,3
4,35.0952,0,0,0,3.555031E-06,0,0,3
4,35.10424,0,0,0,3.555031E-06,0,0,3
4,35.11285,0,0,0,3.555031E-06,0,0,3
4,35.12206,0,0,0,3.555031E-06,0,0,3
4,35.13076,0,0,0,3.555031E-06,0,0,3
4,35.13941,0,0,0,3.555031E-06,0,0,3
4,35.14717,0,0,0,3.555031E-06,0,0,3
4,35.16572,0,0,0,3.555031E-06,0,0,3
4,35.17306,0,0,0,3.555031E-06,0,0,3
4,35.18155,0,0,0,3.555031E-06,0,0,3
4,35.18985,0,0,0,3.555031E-06,0,0,3
4,35.19704,0,0,0,3.555031E-06,0,0,3
4,35.20488,0,0,0,3.555031E-06,0,0,3
4,35.21268,0,0,0,3.555031E-06,0,0,3
4,35.22062,0,0,0,3.555031E-06,0,0,3
4,35.22801,0,0,0,3.555031E-06,0,0,3
4,35.23603,0,0,0,3.555031E-06,0,0,3
4,35.24455,0,0,0,3.555031E-06,0,0,3
4,35.25392,0,0,0,3.555031E-06,0,0,3
4,35.26267,0,0,0,3.555031E-06,0,0,3
4,35.27076,0,0,0,3.555031E-06,0,0,3
4,35.27905,0,0,0,3.555031E-06,0,0,3
4,35.28606,0,0,0,3.555031E-06,0,0,3
4,35.29482,0,0,0,3.555031E-06,0,0,3
4,35.3028,0,0,0,3.555031E-06,0,0,3
4,35.31161,0,0,0,3.555031E-06,0,0,3
4,35.31873,0,0,0,3.555031E-06,0,0,3
4,35.32737,0,0,0,3.555031E-06,0,0,3
4,35.33533,0,0,0,3.555031E-06,0,0,3
4,35.34442,0,0,0,3.555031E-06,0,0,3
4,35.35484,0,0,0,3.555031E-06,0,0,3
4,35.37051,0,0,0,3.555031E-06,0,0,3
4,35.38399,0,0,0,3.555031E-06,0,0,3
4,35.39564,0,0,0,3.555031E-06,0,0,3
4,35.405,0,0,0,3.555031E-06,0,0,3
4,35.41438,0,0,0,3.555031E-06,0,0,3
4,35.42242,0,0,0,3.555031E-06,0,0,3
4,35.43103,0,0,0,3.555031E-06,0,0,3
4,35.44033,0,0,0,3.555031E-06,0,0,3
4,35.452,0,0,0,3.555031E-06,0,0,3
4,35.46312,0,0,0,3.555031E-06,0,0,3
4,35.47323,0,0,0,3.555031E-06,0,0,3
4,35.48407,0,0,0,3.555031E-06,0,0,3
4,35.49456,0,0,0,3.555031E-06,0,0,3
4,35.5053,0,0,0,3.555031E-06,0,0,3
4,35.51712,0,0,0,3.555031E-06,0,0,3
4,35.52762,0,0,0,3.555031E-06,0,0,3
4,35.53761,0,0,0,3.555031E-06,0,0,3
4,35.54863,0,0,0,3.555031E-06,0,0,3
4,35.56081,0,0,0,3.555031E-06,0,0,3
4,35.57276,0,0,0,3.555031E-06,0,0,3
4,35.58253,0,0,0,3.555031E-06,0,0,3
4,35.59374,0,0,0,3.555031E-06,0,0,3
4,35.60367,0,0,0,3.555031E-06,0,0,3
4,35.61386,0,0,0,3.555031E-06,0,0,3
4,35.62331,0,0,0,3.555031E-06,0,0,3
4,35.6318,0,0,0,3.555031E-06,0,0,3
4,35.64194,0,0,0,3.555031E-06,0,0,3
4,35.65335,0,0,0,3.555031E-06,0,0,3
4,35.66257,0,0,0,3.555031E-06,0,0,3
4,35.67398,0,0,0,3.555031E-06,0,0,3
4,35.68431,0,0,0,3.555031E-06,0,0,3
4,35.69547,0,0,0,3.555031E-06,0,0,3
4,35.7055,0,0,0,3.555031E-06,0,0,3
4,35.7154,0,0,0,3.555031E-06,0,0,3
4,35.72539,0,0,0,3.555031E-06,0,0,3
4,35.73503,0,0,0,3.555031E-06,0,0,3
4,35.74563,0,0,0,3.555031E-06,0,0,3
4,35.7569,0,0,0,3.555031E-06,0,0,3
4,35.76881,0,0,0,3.555031E-06,0,0,3
4,35.77947,0,0,0,3.555031E-06,0,0,3
4,35.78805,0,0,0,3.555031E-06,0,0,3
4,35.79642,0,0,0,3.555031E-06,0,0,3
4,35.80602,0,0,0,3.555031E-06,0,0,3
4,35.81554,0,0,0,3.555031E-06,0,0,3
4,35.82503,0,0,0,3.555031E-06,0,0,3
4,35.83504,0,0,0,3.555031E-06,0,0,3
4,35.84371,0,0,0,3.555031E-06,0,0,3
4,35.8542,0,0,0,3.555031E-06,0,0,3
4,35.86531,0,0,0,3.555031E-06,0,0,3
4,35.87548,0,0,0,3.555031E-06,0,0,3
4,35.8859,0,0,0,3.555031E-06,0,0,3
4,35.89642,0,0,0,3.555031E-06,0,0,3
4,35.90732,0,0,0,3.555031E-06,0,0,3
4,35.91806,0,0,0,3.555031E-06,0,0,3
4,35.92895,0,0,0,3.555031E-06,0,0,3
4,35.94051,0,0,0,3.555031E-06,0,0,3
4,35.95082,0,0,0,3.555031E-06,0,0,3
4,35.96187,0,0,0,3.555031E-06,0,0,3
4,35.97166,0,0,0,3.555031E-06,0,0,3
4,35.9814,0,0,0,3.555031E-06,0,0,3
4,35.98989,0,0,0,3.555031E-06,0,0,3
4,35.9982,0,0,0,3.555031E-06,0,0,3
4,36.00755,0,0,0,3.555031E-06,0,0,3
4,36.01752,0,0,0,3.555031E-06,0,0,3
4,36.0256,0,0,0,3.555031E-06,0,0,3
4,36.03358,0,0,0,3.555031E-06,0,0,3
4,36.04208,0,0,0,3.555031E-06,0,0,3
4,36.05162,0,0,0,3.555031E-06,0,0,3
4,36.0604,0,0,0,3.555031E-06,0,0,3
4,36.06827,0,0,0,3.555031E-06,0,0,3
4,36.07664,0,0,0,3.555031E-06,0,0,3
4,36.08366,0,0,0,3.555031E-06,0,0,3
4,36.09213,0,0,0,3.555031E-06,0,0,3
4,36.10008,0,0,0,3.555031E-06,0,0,3
4,36.10939,0,0,0,3.555031E-06,0,0,3
4,36.11819,0,0,0,3.555031E-06,0,0,3
4,36.1275,0,0,0,3.555031E-06,0,0,3
4,36.13576,0,0,0,3.555031E-06,0,0,3
4,36.14491,0,0,0,3.555031E-06,0,0,3
4,36.15172,0,0,0,3.555031E-06,0,0,3
4,36.15902,0,0,0,3.555031E-06,0,0,3
4,36.16795,0,0,0,3.555031E-06,0,0,3
4,36.17675,0,0,0,3.555031E-06,0,0,3
4,36.18595,0,0,0,3.555031E-06,0,0,3
4,36.19402,0,0,0,3.555031E-06,0,0,3
4,36.20219,0,0,0,3.555031E-06,0,0,3
4,36.2094,0,0,0,3.555031E-06,0,0,3
4,36.21701,0,0,0,3.555031E-06,0,0,3
4,36.22498,0,0,0,3.555031E-06,0,0,3
4,36.23331,0,0,0,3.555031E-06,0,0,3
4,36.24132,0,0,0,3.555031E-06,0,0,3
4,36.24986,0,0,0,3.555031E-06,0,0,3
4,36.25914,0,0,0,3.555031E-06,0,0,3
4,36.26798,0,0,0,3.555031E-06,0,0,3
4,36.27606,0,0,0,3.555031E-06,0,0,3
4,36.28555,0,0,0,3.555031E-06,0,0,3
4,36.29527,0,0,0,3.555031E-06,0,0,3
4,36.30376,0,0,0,3.555031E-06,0,0,3
4,36.31155,0,0,0,3.555031E-06,0,0,3
4,36.31937,0,0,0,3.555031E-06,0,0,3
4,36.32843,0,0,0,3.555031E-06,0,0,3
4,36.33794,0,0,0,3.555031E-06,0,0,3
4,36.34766,0,0,0,3.555031E-06,0,0,3
4,36.35683,0,0,0,3.555031E-06,0,0,3
4,36.3668,0,0,0,3.555031E-06,0,0,3
4,36.37492,0,0,0,3.555031E-06,0,0,3
4,36.38641,0,0,0,3.555031E-06,0,0,3
4,36.39859,0,0,0,3.555031E-06,0,0,3
4,36.40974,0,0,0,3.555031E-06,0,0,3
4,36.41847,0,0,0,3.555031E-06,0,0,3
4,36.42672,0,0,0,3.555031E-06,0,0,3
4,36.43439,0,0,0,3.555031E-06,0,0,3
4,36.44249,0,0,0,3.555031E-06,0,0,3
4,36.45158,0,0,0,3.555031E-06,0,0,3
4,36.46079,0,0,0,3.555031E-06,0,0,3
4,36.46917,0,0,0,3.555031E-06,0,0,3
4,36.47651,0,0,0,3.555031E-06,0,0,3
4,36.48534,0,0,0,3.555031E-06,0,0,3
4,36.49405,0,0,0,3.555031E-06,0,0,3
4,36.50245,0,0,0,3.555031E-06,0,0,3
4,36.5126,0,0,0,3.555031E-06,0,0,3
4,36.522,0,0,0,3.555031E-06,0,0,3
4,36.53073,0,0,0,3.555031E-06,0,0,3
4,36.54073,0,0,0,3.555031E-06,0,0,3
4,36.55293,0,0,0,3.555031E-06,0,0,3
4,36.56384,0,0,0,3.555031E-06,0,0,3
4,36.57751,0,0,0,3.555031E-06,0,0,3
4,36.58825,0,0,0,3.555031E-06,0,0,3
4,36.59877,0,0,0,3.555031E-06,0,0,3
4,36.60944,0,0,0,3.555031E-06,0,0,3
4,36.62082,0,0,0,3.555031E-06,0,0,3
4,36.63164,0,0,0,3.555031E-06,0,0,3
4,36.64339,0,0,0,3.555031E-06,0,0,3
4,36.6547,0,0,0,3.555031E-06,0,0,3
4,36.66765,0,0,0,3.555031E-06,0,0,3
4,36.67975,0,0,0,3.555031E-06,0,0,3
4,36.69136,0,0,0,3.555031E-06,0,0,3
4,36.70382,0,0,0,3.555031E-06,0,0,3
4,36.71578,0,0,0,3.555031E-06,0,0,3
4,36.72711,0,0,0,3.555031E-06,0,0,3
4,36.73921,0,0,0,3.555031E-06,0,0,3
4,36.75168,0,0,0,3.555031E-06,0,0,3
4,36.76303,0,0,0,3.555031E-06,0,0,3
4,36.77419,0,0,0,3.555031E-06,0,0,3
4,36.78522,0,0,0,3.555031E-06,0,0,3
4,36.79629,0,0,0,3.555031E-06,0,0,3
4,36.80645,0,0,0,3.555031E-06,0,0,3
4,36.81678,0,0,0,3.555031E-06,0,0,3
4,36.82687,0,0,0,3.555031E-06,0,0,3
4,36.83743,0,0,0,3.555031E-06,0,0,3
4,36.84711,0,0,0,3.555031E-06,0,0,3
4,36.85815,0,0,0,3.555031E-06,0,0,3
4,36.86924,0,0,0,3.555031E-06,0,0,3
4,36.88089,0,0,0,3.555031E-06,0,0,3
4,36.89364,0,0,0,3.555031E-06,0,0,3
4,36.90404,0,0,0,3.555031E-06,0,0,3
4,36.9235,0,0,0,3.555031E-06,0,0,3
4,36.93942,0,0,0,3.555031E-06,0,0,3
4,36.95005,0,0,0,3.555031E-06,0,0,3
4,36.95992,0,0,0,3.555031E-06,0,0,3
4,36.96956,0,0,0,3.555031E-06,0,0,3
4,36.97803,0,0,0,3.555031E-06,0,0,3
4,36.98685,0,0,0,3.555031E-06,0,0,3
4,36.9961,0,0,0,3.555031E-06,0,0,3
4,37.0051,0,0,0,3.555031E-06,0,0,3
4,37.01551,0,0,0,3.555031E-06,0,0,3
4,37.02643,0,0,0,3.555031E-06,0,0,3
4,37.03664,0,0,0,3.555031E-06,0,0,3
4,37.04735,0,0,0,3.555031E-06,0,0,3
4,37.05791,0,0,0,3.555031E-06,0,0,3
4,37.0681,0,0,0,3.555031E-06,0,0,3
4,37.07959,0,0,0,3.555031E-06,0,0,3
4,37.08997,0,0,0,3.555031E-06,0,0,3
4,37.10147,0,0,0,3.555031E-06,0,0,3
4,37.11357,0,0,0,3.555031E-06,0,0,3
4,37.12382,0,0,0,3.555031E-06,0,0,3
4,37.13546,0,0,0,3.555031E-06,0,0,3
4,37.14532,0,0,0,3.555031E-06,0,0,3
4,37.15331,0,0,0,3.555031E-06,0,0,3
4,37.16238,0,0,0,3.555031E-06,0,0,3
4,37.17116,0,0,0,3.555031E-06,0,0,3
4,37.17917,0,0,0,3.555031E-06,0,0,3
4,37.18698,0,0,0,3.555031E-06,0,0,3
4,37.19583,0,0,0,3.555031E-06,0,0,3
4,37.20456,0,0,0,3.555031E-06,0,0,3
4,37.21355,0,0,0,3.555031E-06,0,0,3
4,37.22242,0,0,0,3.555031E-06,0,0,3
4,37.23076,0,0,0,3.555031E-06,0,0,3
4,37.23903,0,0,0,3.555031E-06,0,0,3
4,37.24752,0,0,0,3.555031E-06,0,0,3
4,37.2546,0,0,0,3.555031E-06,0,0,3
4,37.26265,0,0,0,3.555031E-06,0,0,3
4,37.27067,0,0,0,3.555031E-06,0,0,3
4,37.27808,0,0,0,3.555031E-06,0,0,3
4,37.28518,0,0,0,3.555031E-06,0,0,3
4,37.29304,0,0,0,3.555031E-06,0,0,3
4,37.30149,0,0,0,3.555031E-06,0,0,3
4,37.30918,0,0,0,3.555031E-06,0,0,3
4,37.31731,0,0,0,3.555031E-06,0,0,3
4,37.32597,0,0,0,3.555031E-06,0,0,3
4,37.33366,0,0,0,3.555031E-06,0,0,3
4,37.34039,0,0,0,3.555031E-06,0,0,3
4,37.34841,0,0,0,3.555031E-06,0,0,3
4,37.35687,0,0,0,3.555031E-06,0,0,3
4,37.36395,0,0,0,3.555031E-06,0,0,3
4,37.37174,0,0,0,3.555031E-06,0,0,3
4,37.37877,0,0,0,3.555031E-06,0,0,3
4,37.38635,0,0,0,3.555031E-06,0,0,3
4,37.39398,0,0,0,3.555031E-06,0,0,3
4,37.40186,0,0,0,3.555031E-06,0,0,3
4,37.4121,0,0,0,3.555031E-06,0,0,3
4,37.42402,0,0,0,3.555031E-06,0,0,3
4,37.43495,0,0,0,3.555031E-06,0,0,3
4,37.44321,0,0,0,3.555031E-06,0,0,3
4,37.45173,0,0,0,3.555031E-06,0,0,3
4,37.45987,0,0,0,3.555031E-06,0,0,3
4,37.46848,0,0,0,3.555031E-06,0,0,3
4,37.47636,0,0,0,3.555031E-06,0,0,3
4,37.4854,0,0,0,3.555031E-06,0,0,3
4,37.49423,0,0,0,3.555031E-06,0,0,3
4,37.50166,0,0,0,3.555031E-06,0,0,3
4,37.50881,0,0,0,3.555031E-06,0,0,3
4,37.5182,0,0,0,3.555031E-06,0,0,3
4,37.52618,0,0,0,3.555031E-06,0,0,3
4,37.53426,0,0,0,3.555031E-06,0,0,3
4,37.54169,0,0,0,3.555031E-06,0,0,3
4,37.55064,0,0,0,3.555031E-06,0,0,3
4,37.56003,0,0,0,3.555031E-06,0,0,3
4,37.56776,0,0,0,3.555031E-06,0,0,3
4,37.57541,0,0,0,3.555031E-06,0,0,3
4,37.58487,0,0,0,3.555031E-06,0,0,3
4,37.59374,0,0,0,3.555031E-06,0,0,3
4,37.6019,0,0,0,3.555031E-06,0,0,3
4,37.60951,0,0,0,3.555031E-06,0,0,3
4,37.61748,0,0,0,3.555031E-06,0,0,3
4,37.6255,0,0,0,3.555031E-06,0,0,3
4,37.63451,0,0,0,3.555031E-06,0,0,3
4,37.64643,0,0,0,3.555031E-06,0,0,3
4,37.65792,0,0,0,3.555031E-06,0,0,3
4,37.67013,0,0,0,3.555031E-06,0,0,3
4,37.68227,0,0,0,3.555031E-06,0,0,3
4,37.69503,0,0,0,3.555031E-06,0,0,3
4,37.7073,0,0,0,3.555031E-06,0,0,3
4,37.71797,0,0,0,3.555031E-06,0,0,3
4,37.72871,0,0,0,3.555031E-06,0,0,3
4,37.73906,0,0,0,3.555031E-06,0,0,3
4,37.75085,0,0,0,3.555031E-06,0,0,3
4,37.7602,0,0,0,3.555031E-06,0,0,3
4,37.77077,0,0,0,3.555031E-06,0,0,3
4,37.78175,0,0,0,3.555031E-06,0,0,3
4,37.79251,0,0,0,3.555031E-06,0,0,3
4,37.8041,0,0,0,3.555031E-06,0,0,3
4,37.81475,0,0,0,3.555031E-06,0,0,3
4,37.82639,0,0,0,3.555031E-06,0,0,3
4,37.83766,0,0,0,3.555031E-06,0,0,3
4,37.84885,0,0,0,3.555031E-06,0,0,3
4,37.86082,0,0,0,3.555031E-06,0,0,3
4,37.87181,0,0,0,3.555031E-06,0,0,3
4,37.8829,0,0,0,3.555031E-06,0,0,3
4,37.89524,0,0,0,3.555031E-06,0,0,3
4,37.90564,0,0,0,3.555031E-06,0,0,3
4,37.91731,0,0,0,3.555031E-06,0,0,3
4,37.92792,0,0,0,3.555031E-06,0,0,3
4,37.94003,0,0,0,3.555031E-06,0,0,3
4,37.95168,0,0,0,3.555031E-06,0,0,3
4,37.96157,0,0,0,3.555031E-06,0,0,3
4,37.9731,0,0,0,3.555031E-06,0,0,3
4,37.98445,0,0,0,3.555031E-06,0,0,3
4,37.99524,0,0,0,3.555031E-06,0,0,3
4,38.00694,0,0,0,3.555031E-06,0,0,3
4,38.01933,0,0,0,3.555031E-06,0,0,3
4,38.03075,0,0,0,3.555031E-06,0,0,3
4,38.04252,0,0,0,3.555031E-06,0,0,3
4,38.05353,0,0,0,3.555031E-06,0,0,3
4,38.06413,0,0,0,3.555031E-06,0,0,3
4,38.07623,0,0,0,3.555031E-06,0,0,3
4,38.08732,0,0,0,3.555031E-06,0,0,3
4,38.10132,0,0,0,3.555031E-06,0,0,3
4,38.11372,0,0,0,3.555031E-06,0,0,3
4,38.12391,0,0,0,3.555031E-06,0,0,3
4,38.13379,0,0,0,3.555031E-06,0,0,3
4,38.14521,0,0,0,3.555031E-06,0,0,3
4,38.15696,0,0,0,3.555031E-06,0,0,3
4,38.16915,0,0,0,3.555031E-06,0,0,3
4,38.18021,0,0,0,3.555031E-06,0,0,3
4,38.1906,0,0,0,3.555031E-06,0,0,3
4,38.20269,0,0,0,3.555031E-06,0,0,3
4,38.21513,0,0,0,3.555031E-06,0,0,3
4,38.22535,0,0,0,3.555031E-06,0,0,3
4,38.23572,0,0,0,3.555031E-06,0,0,3
4,38.24744,0,0,0,3.555031E-06,0,0,3
4,38.2612,0,0,0,3.555031E-06,0,0,3
4,38.27184,0,0,0,3.555031E-06,0,0,3
4,38.28244,0,0,0,3.555031E-06,0,0,3
4,38.29315,0,0,0,3.555031E-06,0,0,3
4,38.30281,0,0,0,3.555031E-06,0,0,3
4,38.31298,0,0,0,3.555031E-06,0,0,3
4,38.32352,0,0,0,3.555031E-06,0,0,3
4,38.33331,0,0,0,3.555031E-06,0,0,3
4,38.3429,0,0,0,3.555031E-06,0,0,3
4,38.35104,0,0,0,3.555031E-06,0,0,3
4,38.36074,0,0,0,3.555031E-06,0,0,3
4,38.36893,0,0,0,3.555031E-06,0,0,3
4,38.378,0,0,0,3.555031E-06,0,0,3
4,38.38634,0,0,0,3.555031E-06,0,0,3
4,38.39476,0,0,0,3.555031E-06,0,0,3
4,38.40285,0,0,0,3.555031E-06,0,0,3
4,38.41158,0,0,0,3.555031E-06,0,0,3
4,38.41985,0,0,0,3.555031E-06,0,0,3
4,38.42776,0,0,0,3.555031E-06,0,0,3
4,38.4385,0,0,0,3.555031E-06,0,0,3
4,38.45097,0,0,0,3.555031E-06,0,0,3
4,38.4623,0,0,0,3.555031E-06,0,0,3
4,38.47292,0,0,0,3.555031E-06,0,0,3
4,38.48267,0,0,0,3.555031E-06,0,0,3
4,38.49298,0,0,0,3.555031E-06,0,0,3
4,38.50188,0,0,0,3.555031E-06,0,0,3
4,38.51012,0,0,0,3.555031E-06,0,0,3
4,38.51893,0,0,0,3.555031E-06,0,0,3
4,38.52828,0,0,0,3.555031E-06,0,0,3
4,38.53613,0,0,0,3.555031E-06,0,0,3
4,38.54507,0,0,0,3.555031E-06,0,0,3
4,38.55285,0,0,0,3.555031E-06,0,0,3
4,38.56113,0,0,0,3.555031E-06,0,0,3
4,38.56881,0,0,0,3.555031E-06,0,0,3
4,38.5784,0,0,0,3.555031E-06,0,0,3
4,38.58524,0,0,0,3.555031E-06,0,0,3
4,38.59386,0,0,0,3.555031E-06,0,0,3
4,38.60294,0,0,0,3.555031E-06,0,0,3
4,38.61122,0,0,0,3.555031E-06,0,0,3
4,38.61918,0,0,0,3.555031E-06,0,0,3
4,38.62836,0,0,0,3.555031E-06,0,0,3
4,38.63688,0,0,0,3.555031E-06,0,0,3
4,38.64459,0,0,0,3.555031E-06,0,0,3
4,38.65353,0,0,0,3.555031E-06,0,0,3
4,38.66099,0,0,0,3.555031E-06,0,0,3
4,38.66903,0,0,0,3.555031E-06,0,0,3
4,38.69008,0,0,0,3.555031E-06,0,0,3
4,38.70028,0,0,0,3.555031E-06,0,0,3
4,38.70876,0,0,0,3.555031E-06,0,0,3
4,38.71753,0,0,0,3.555031E-06,0,0,3
4,38.7253,0,0,0,3.555031E-06,0,0,3
4,38.7341,0,0,0,3.555031E-06,0,0,3
4,38.74202,0,0,0,3.555031E-06,0,0,3
4,38.7499,0,0,0,3.555031E-06,0,0,3
4,38.75735,0,0,0,3.555031E-06,0,0,3
4,38.76509,0,0,0,3.555031E-06,0,0,3
4,38.77276,0,0,0,3.555031E-06,0,0,3
4,38.78185,0,0,0,3.555031E-06,0,0,3
4,38.78981,0,0,0,3.555031E-06,0,0,3
4,38.79771,0,0,0,3.555031E-06,0,0,3
4,38.80557,0,0,0,3.555031E-06,0,0,3
4,38.81348,0,0,0,3.555031E-06,0,0,3
4,38.8224,0,0,0,3.555031E-06,0,0,3
4,38.83086,0,0,0,3.555031E-06,0,0,3
4,38.84078,0,0,0,3.555031E-06,0,0,3
4,38.84996,0,0,0,3.555031E-06,0,0,3
4,38.86009,0,0,0,3.555031E-06,0,0,3
4,38.86977,0,0,0,3.555031E-06,0,0,3
4,38.88071,0,0,0,3.555031E-06,0,0,3
4,38.89124,0,0,0,3.555031E-06,0,0,3
4,38.90052,0,0,0,3.555031E-06,0,0,3
4,38.91122,0,0,0,3.555031E-06,0,0,3
4,38.92289,0,0,0,3.555031E-06,0,0,3
4,38.93486,0,0,0,3.555031E-06,0,0,3
4,38.94668,0,0,0,3.555031E-06,0,0,3
4,38.95752,0,0,0,3.555031E-06,0,0,3
4,38.96828,0,0,0,3.555031E-06,0,0,3
4,38.97919,0,0,0,3.555031E-06,0,0,3
4,38.99003,0,0,0,3.555031E-06,0,0,3
4,39.00259,0,0,0,3.555031E-06,0,0,3
4,39.01546,0,0,0,3.555031E-06,0,0,3
4,39.0269,0,0,0,3.555031E-06,0,0,3
4,39.03688,0,0,0,3.555031E-06,0,0,3
4,39.04818,0,0,0,3.555031E-06,0,0,3
4,39.0591,0,0,0,3.555031E-06,0,0,3
4,39.06939,0,0,0,3.555031E-06,0,0,3
4,39.08003,0,0,0,3.555031E-06,0,0,3
4,39.08989,0,0,0,3.555031E-06,0,0,3
4,39.09873,0,0,0,3.555031E-06,0,0,3
4,39.10889,0,0,0,3.555031E-06,0,0,3
4,39.11916,0,0,0,3.555031E-06,0,0,3
4,39.13004,0,0,0,3.555031E-06,0,0,3
4,39.13969,0,0,0,3.555031E-06,0,0,3
4,39.15066,0,0,0,3.555031E-06,0,0,3
4,39.16123,0,0,0,3.555031E-06,0,0,3
4,39.17294,0,0,0,3.555031E-06,0,0,3
4,39.18371,0,0,0,3.555031E-06,0,0,3
4,39.1932,0,0,0,3.555031E-06,0,0,3
4,39.20386,0,0,0,3.555031E-06,0,0,3
4,39.21481,0,0,0,3.555031E-06,0,0,3
4,39.22589,0,0,0,3.555031E-06,0,0,3
4,39.23666,0,0,0,3.555031E-06,0,0,3
4,39.24953,0,0,0,3.555031E-06,0,0,3
4,39.26043,0,0,0,3.555031E-06,0,0,3
4,39.2719,0,0,0,3.555031E-06,0,0,3
4,39.28289,0,0,0,3.555031E-06,0,0,3
4,39.29317,0,0,0,3.555031E-06,0,0,3
4,39.30243,0,0,0,3.555031E-06,0,0,3
4,39.31187,0,0,0,3.555031E-06,0,0,3
4,39.32067,0,0,0,3.555031E-06,0,0,3
4,39.33079,0,0,0,3.555031E-06,0,0,3
4,39.34266,0,0,0,3.555031E-06,0,0,3
4,39.35269,0,0,0,3.555031E-06,0,0,3
4,39.36213,0,0,0,3.555031E-06,0,0,3
4,39.37303,0,0,0,3.555031E-06,0,0,3
4,39.38303,0,0,0,3.555031E-06,0,0,3
4,39.39359,0,0,0,3.555031E-06,0,0,3
4,39.40437,0,0,0,3.555031E-06,0,0,3
4,39.41294,0,0,0,3.555031E-06,0,0,3
4,39.4224,0,0,0,3.555031E-06,0,0,3
4,39.43109,0,0,0,3.555031E-06,0,0,3
4,39.43877,0,0,0,3.555031E-06,0,0,3
4,39.4468,0,0,0,3.555031E-06,0,0,3
4,39.45518,0,0,0,3.555031E-06,0,0,3
4,39.46368,0,0,0,3.555031E-06,0,0,3
4,39.47701,0,0,0,3.555031E-06,0,0,3
4,39.49098,0,0,0,3.555031E-06,0,0,3
4,39.5008,0,0,0,3.555031E-06,0,0,3
4,39.50927,0,0,0,3.555031E-06,0,0,3
4,39.51854,0,0,0,3.555031E-06,0,0,3
4,39.52699,0,0,0,3.555031E-06,0,0,3
4,39.53544,0,0,0,3.555031E-06,0,0,3
4,39.54418,0,0,0,3.555031E-06,0,0,3
4,39.55183,0,0,0,3.555031E-06,0,0,3
4,39.55988,0,0,0,3.555031E-06,0,0,3
4,39.56811,0,0,0,3.555031E-06,0,0,3
4,39.57634,0,0,0,3.555031E-06,0,0,3
4,39.58455,0,0,0,3.555031E-06,0,0,3
4,39.59307,0,0,0,3.555031E-06,0,0,3
4,39.6005,0,0,0,3.555031E-06,0,0,3
4,39.60813,0,0,0,3.555031E-06,0,0,3
4,39.61623,0,0,0,3.555031E-06,0,0,3
4,39.62437,0,0,0,3.555031E-06,0,0,3
4,39.63161,0,0,0,3.555031E-06,0,0,3
4,39.6405,0,0,0,3.555031E-06,0,0,3
4,39.6487,0,0,0,3.555031E-06,0,0,3
4,39.65657,0,0,0,3.555031E-06,0,0,3
4,39.66371,0,0,0,3.555031E-06,0,0,3
4,39.67265,0,0,0,3.555031E-06,0,0,3
4,39.68126,0,0,0,3.555031E-06,0,0,3
4,39.68946,0,0,0,3.555031E-06,0,0,3
4,39.69796,0,0,0,3.555031E-06,0,0,3
4,39.70649,0,0,0,3.555031E-06,0,0,3
4,39.71421,0,0,0,3.555031E-06,0,0,3
4,39.722,0,0,0,3.555031E-06,0,0,3
4,39.72948,0,0,0,3.555031E-06,0,0,3
4,39.73846,0,0,0,3.555031E-06,0,0,3
4,39.74622,0,0,0,3.555031E-06,0,0,3
4,39.75399,0,0,0,3.555031E-06,0,0,3
4,39.76196,0,0,0,3.555031E-06,0,0,3
4,39.76903,0,0,0,3.555031E-06,0,0,3
4,39.77727,0,0,0,3.555031E-06,0,0,3
4,39.78514,0,0,0,3.555031E-06,0,0,3
4,39.79341,0,0,0,3.555031E-06,0,0,3
4,39.80151,0,0,0,3.555031E-06,0,0,3
4,39.80901,0,0,0,3.555031E-06,0,0,3
4,39.81615,0,0,0,3.555031E-06,0,0,3
4,39.82407,0,0,0,3.555031E-06,0,0,3
4,39.83154,0,0,0,3.555031E-06,0,0,3
4,39.83961,0,0,0,3.555031E-06,0,0,3
4,39.84723,0,0,0,3.555031E-06,0,0,3
4,39.85619,0,0,0,3.555031E-06,0,0,3
4,39.86311,0,0,0,3.555031E-06,0,0,3
4,39.87107,0,0,0,3.555031E-06,0,0,3
4,39.87804,0,0,0,3.555031E-06,0,0,3
4,39.88546,0,0,0,3.555031E-06,0,0,3
4,39.8933,0,0,0,3.555031E-06,0,0,3
4,39.90121,0,0,0,3.555031E-06,0,0,3
4,39.90923,0,0,0,3.555031E-06,0,0,3
4,39.91938,0,0,0,3.555031E-06,0,0,3
4,39.92898,0,0,0,3.555031E-06,0,0,3
4,39.9376,0,0,0,3.555031E-06,0,0,3
4,39.94583,0,0,0,3.555031E-06,0,0,3
4,39.95346,0,0,0,3.555031E-06,0,0,3
4,39.96205,0,0,0,3.555031E-06,0,0,3
4,39.97153,0,0,0,3.555031E-06,0,0,3
4,39.98201,0,0,0,3.555031E-06,0,0,3
4,39.99345,0,0,0,3.555031E-06,0,0,3
4,40.00237,0,0,0,3.555031E-06,0,0,3
4,40.01351,0,0,0,3.555031E-06,0,0,3
4,40.02391,0,0,0,3.555031E-06,0,0,3
4,40.03389,0,0,0,3.555031E-06,0,0,3
4,40.04253,0,0,0,3.555031E-06,0,0,3
4,40.05344,0,0,0,3.555031E-06,0,0,3
4,40.0636,0,0,0,3.555031E-06,0,0,3
4,40.07521,0,0,0,3.555031E-06,0,0,3
4,40.08602,0,0,0,3.555031E-06,0,0,3
4,40.09627,0,0,0,3.555031E-06,0,0,3
4,40.10695,0,0,0,3.555031E-06,0,0,3
4,40.11839,0,0,0,3.555031E-06,0,0,3
4,40.12913,0,0,0,3.555031E-06,0,0,3
4,40.14052,0,0,0,3.555031E-06,0,0,3
4,40.15378,0,0,0,3.555031E-06,0,0,3
4,40.16543,0,0,0,3.555031E-06,0,0,3
4,40.17646,0,0,0,3.555031E-06,0,0,3
4,40.18632,0,0,0,3.555031E-06,0,0,3
4,40.19751,0,0,0,3.555031E-06,0,0,3
4,40.20977,0,0,0,3.555031E-06,0,0,3
4,40.22118,0,0,0,3.555031E-06,0,0,3
4,40.23291,0,0,0,3.555031E-06,0,0,3
4,40.24465,0,0,0,3.555031E-06,0,0,3
4,40.2554,0,0,0,3.555031E-06,0,0,3
4,40.26552,0,0,0,3.555031E-06,0,0,3
4,40.27594,0,0,0,3.555031E-06,0,0,3
4,40.28605,0,0,0,3.555031E-06,0,0,3
4,40.29692,0,0,0,3.555031E-06,0,0,3
4,40.30821,0,0,0,3.555031E-06,0,0,3
4,40.31865,0,0,0,3.555031E-06,0,0,3
4,40.32973,0,0,0,3.555031E-06,0,0,3
4,40.34158,0,0,0,3.555031E-06,0,0,3
4,40.35161,0,0,0,3.555031E-06,0,0,3
4,40.36308,0,0,0,3.555031E-06,0,0,3
4,40.37368,0,0,0,3.555031E-06,0,0,3
4,40.38408,0,0,0,3.555031E-06,0,0,3
4,40.39548,0,0,0,3.555031E-06,0,0,3
4,40.40654,0,0,0,3.555031E-06,0,0,3
4,40.41838,0,0,0,3.555031E-06,0,0,3
4,40.43966,0,0,0,3.555031E-06,0,0,3
4,40.44846,0,0,0,3.555031E-06,0,0,3
4,40.45679,0,0,0,3.555031E-06,0,0,3
4,40.46672,0,0,0,3.555031E-06,0,0,3
4,40.47562,0,0,0,3.555031E-06,0,0,3
4,40.48576,0,0,0,3.555031E-06,0,0,3
4,40.50027,0,0,0,3.555031E-06,0,0,3
4,40.51612,0,0,0,3.555031E-06,0,0,3
4,40.52877,0,0,0,3.555031E-06,0,0,3
4,40.53817,0,0,0,3.555031E-06,0,0,3
4,40.54735,0,0,0,3.555031E-06,0,0,3
4,40.55661,0,0,0,3.555031E-06,0,0,3
4,40.56657,0,0,0,3.555031E-06,0,0,3
4,40.57541,0,0,0,3.555031E-06,0,0,3
4,40.58419,0,0,0,3.555031E-06,0,0,3
4,40.59235,0,0,0,3.555031E-06,0,0,3
4,40.60062,0,0,0,3.555031E-06,0,0,3
4,40.60932,0,0,0,3.555031E-06,0,0,3
4,40.61769,0,0,0,3.555031E-06,0,0,3
4,40.62751,0,0,0,3.555031E-06,0,0,3
4,40.63586,0,0,0,3.555031E-06,0,0,3
4,40.64467,0,0,0,3.555031E-06,0,0,3
4,40.65199,0,0,0,3.555031E-06,0,0,3
4,40.65926,0,0,0,3.555031E-06,0,0,3
4,40.66906,0,0,0,3.555031E-06,0,0,3
4,40.67667,0,0,0,3.555031E-06,0,0,3
4,40.68589,0,0,0,3.555031E-06,0,0,3
4,40.69482,0,0,0,3.555031E-06,0,0,3
4,40.70395,0,0,0,3.555031E-06,0,0,3
4,40.71304,0,0,0,3.555031E-06,0,0,3
4,40.72089,0,0,0,3.555031E-06,0,0,3
4,40.72864,0,0,0,3.555031E-06,0,0,3
4,40.73727,0,0,0,3.555031E-06,0,0,3
4,40.74665,0,0,0,3.555031E-06,0,0,3
4,40.75454,0,0,0,3.555031E-06,0,0,3
4,40.7634,0,0,0,3.555031E-06,0,0,3
4,40.77126,0,0,0,3.555031E-06,0,0,3
4,40.77893,0,0,0,3.555031E-06,0,0,3
4,40.78653,0,0,0,3.555031E-06,0,0,3
4,40.79418,0,0,0,3.555031E-06,0,0,3
4,40.80195,0,0,0,3.555031E-06,0,0,3
4,40.80986,0,0,0,3.555031E-06,0,0,3
4,40.81872,0,0,0,3.555031E-06,0,0,3
4,40.82672,0,0,0,3.555031E-06,0,0,3
4,40.83467,0,0,0,3.555031E-06,0,0,3
4,40.84192,0,0,0,3.555031E-06,0,0,3
4,40.84934,0,0,0,3.555031E-06,0,0,3
4,40.85772,0,0,0,3.555031E-06,0,0,3
4,40.86527,0,0,0,3.555031E-06,0,0,3
4,40.87461,0,0,0,3.555031E-06,0,0,3
4,40.88358,0,0,0,3.555031E-06,0,0,3
4,40.89195,0,0,0,3.555031E-06,0,0,3
4,40.90012,0,0,0,3.555031E-06,0,0,3
4,40.90788,0,0,0,3.555031E-06,0,0,3
4,40.9162,0,0,0,3.555031E-06,0,0,3
4,40.92473,0,0,0,3.555031E-06,0,0,3
4,40.93428,0,0,0,3.555031E-06,0,0,3
4,40.9423,0,0,0,3.555031E-06,0,0,3
4,40.95113,0,0,0,3.555031E-06,0,0,3
4,40.95965,0,0,0,3.555031E-06,0,0,3
4,40.96746,0,0,0,3.555031E-06,0,0,3
4,40.9749,0,0,0,3.555031E-06,0,0,3
4,40.98317,0,0,0,3.555031E-06,0,0,3
4,40.99146,0,0,0,3.555031E-06,0,0,3
4,40.99886,0,0,0,3.555031E-06,0,0,3
4,41.00747,0,0,0,3.555031E-06,0,0,3
4,41.01559,0,0,0,3.555031E-06,0,0,3
4,41.02436,0,0,0,3.555031E-06,0,0,3
4,41.03292,0,0,0,3.555031E-06,0,0,3
4,41.04095,0,0,0,3.555031E-06,0,0,3
4,41.05097,0,0,0,3.555031E-06,0,0,3
4,41.05946,0,0,0,3.555031E-06,0,0,3
4,41.06811,0,0,0,3.555031E-06,0,0,3
4,41.07606,0,0,0,3.555031E-06,0,0,3
4,41.08483,0,0,0,3.555031E-06,0,0,3
4,41.09268,0,0,0,3.555031E-06,0,0,3
4,41.10055,0,0,0,3.555031E-06,0,0,3
4,41.10916,0,0,0,3.555031E-06,0,0,3
4,41.11864,0,0,0,3.555031E-06,0,0,3
4,41.12636,0,0,0,3.555031E-06,0,0,3
4,41.13713,0,0,0,3.555031E-06,0,0,3
4,41.14735,0,0,0,3.555031E-06,0,0,3
4,41.15802,0,0,0,3.555031E-06,0,0,3
4,41.16905,0,0,0,3.555031E-06,0,0,3
4,41.18015,0,0,0,3.555031E-06,0,0,3
4,41.19062,0,0,0,3.555031E-06,0,0,3
4,41.19887,0,0,0,3.555031E-06,0,0,3
4,41.20749,0,0,0,3.555031E-06,0,0,3
4,41.21724,0,0,0,3.555031E-06,0,0,3
4,41.22802,0,0,0,3.555031E-06,0,0,3
4,41.23985,0,0,0,3.555031E-06,0,0,3
4,41.25074,0,0,0,3.555031E-06,0,0,3
4,41.26205,0,0,0,3.555031E-06,0,0,3
4,41.27391,0,0,0,3.555031E-06,0,0,3
4,41.28472,0,0,0,3.555031E-06,0,0,3
4,41.29567,0,0,0,3.555031E-06,0,0,3
4,41.30629,0,0,0,3.555031E-06,0,0,3
4,41.31791,0,0,0,3.555031E-06,0,0,3
4,41.32959,0,0,0,3.555031E-06,0,0,3
4,41.34111,0,0,0,3.555031E-06,0,0,3
4,41.35182,0,0,0,3.555031E-06,0,0,3
4,41.36167,0,0,0,3.555031E-06,0,0,3
4,41.37394,0,0,0,3.555031E-06,0,0,3
4,41.38433,0,0,0,3.555031E-06,0,0,3
4,41.39471,0,0,0,3.555031E-06,0,0,3
4,41.4053,0,0,0,3.555031E-06,0,0,3
4,41.41516,0,0,0,3.555031E-06,0,0,3
4,41.4259,0,0,0,3.555031E-06,0,0,3
4,41.43568,0,0,0,3.555031E-06,0,0,3
4,41.44718,0,0,0,3.555031E-06,0,0,3
4,41.45826,0,0,0,3.555031E-06,0,0,3
4,41.469,0,0,0,3.555031E-06,0,0,3
4,41.47822,0,0,0,3.555031E-06,0,0,3
4,41.48951,0,0,0,3.555031E-06,0,0,3
4,41.49837,0,0,0,3.555031E-06,0,0,3
4,41.50853,0,0,0,3.555031E-06,0,0,3
4,41.52011,0,0,0,3.555031E-06,0,0,3
4,41.53611,0,0,0,3.555031E-06,0,0,3
4,41.55164,0,0,0,3.555031E-06,0,0,3
4,41.56446,0,0,0,3.555031E-06,0,0,3
4,41.57698,0,0,0,3.555031E-06,0,0,3
4,41.58929,0,0,0,3.555031E-06,0,0,3
4,41.59907,0,0,0,3.555031E-06,0,0,3
4,41.60894,0,0,0,3.555031E-06,0,0,3
4,41.617,0,0,0,3.555031E-06,0,0,3
4,41.62737,0,0,0,3.555031E-06,0,0,3
4,41.63657,0,0,0,3.555031E-06,0,0,3
4,41.64714,0,0,0,3.555031E-06,0,0,3
4,41.65825,0,0,0,3.555031E-06,0,0,3
4,41.66872,0,0,0,3.555031E-06,0,0,3
4,41.67805,0,0,0,3.555031E-06,0,0,3
4,41.68811,0,0,0,3.555031E-06,0,0,3
4,41.6976,0,0,0,3.555031E-06,0,0,3
4,41.70881,0,0,0,3.555031E-06,0,0,3
4,41.72002,0,0,0,3.555031E-06,0,0,3
4,41.72935,0,0,0,3.555031E-06,0,0,3
4,41.73803,0,0,0,3.555031E-06,0,0,3
4,41.74636,0,0,0,3.555031E-06,0,0,3
4,41.7545,0,0,0,3.555031E-06,0,0,3
4,41.76289,0,0,0,3.555031E-06,0,0,3
4,41.77173,0,0,0,3.555031E-06,0,0,3
4,41.78103,0,0,0,3.555031E-06,0,0,3
4,41.78889,0,0,0,3.555031E-06,0,0,3
4,41.79661,0,0,0,3.555031E-06,0,0,3
4,41.80492,0,0,0,3.555031E-06,0,0,3
4,41.81299,0,0,0,3.555031E-06,0,0,3
4,41.81999,0,0,0,3.555031E-06,0,0,3
4,41.82829,0,0,0,3.555031E-06,0,0,3
4,41.836,0,0,0,3.555031E-06,0,0,3
4,41.84329,0,0,0,3.555031E-06,0,0,3
4,41.8514,0,0,0,3.555031E-06,0,0,3
4,41.85999,0,0,0,3.555031E-06,0,0,3
4,41.86915,0,0,0,3.555031E-06,0,0,3
4,41.87742,0,0,0,3.555031E-06,0,0,3
4,41.88548,0,0,0,3.555031E-06,0,0,3
4,41.89364,0,0,0,3.555031E-06,0,0,3
4,41.90141,0,0,0,3.555031E-06,0,0,3
4,41.90998,0,0,0,3.555031E-06,0,0,3
4,41.9188,0,0,0,3.555031E-06,0,0,3
4,41.9271,0,0,0,3.555031E-06,0,0,3
4,41.93547,0,0,0,3.555031E-06,0,0,3
4,41.94486,0,0,0,3.555031E-06,0,0,3
4,41.95404,0,0,0,3.555031E-06,0,0,3
4,41.96284,0,0,0,3.555031E-06,0,0,3
4,41.97152,0,0,0,3.555031E-06,0,0,3
4,41.98017,0,0,0,3.555031E-06,0,0,3
4,41.98979,0,0,0,3.555031E-06,0,0,3
4,41.99812,0,0,0,3.555031E-06,0,0,3
4,42.00658,0,0,0,3.555031E-06,0,0,3
4,42.01501,0,0,0,3.555031E-06,0,0,3
4,42.02364,0,0,0,3.555031E-06,0,0,3
4,42.03172,0,0,0,3.555031E-06,0,0,3
4,42.03894,0,0,0,3.555031E-06,0,0,3
4,42.04779,0,0,0,3.555031E-06,0,0,3
4,42.05629,0,0,0,3.555031E-06,0,0,3
4,42.06474,0,0,0,3.555031E-06,0,0,3
4,42.07551,0,0,0,3.555031E-06,0,0,3
4,42.08307,0,0,0,3.555031E-06,0,0,3
4,42.09144,0,0,0,3.555031E-06,0,0,3
4,42.09895,0,0,0,3.555031E-06,0,0,3
4,42.108,0,0,0,3.555031E-06,0,0,3
4,42.11651,0,0,0,3.555031E-06,0,0,3
4,42.13696,0,0,0,3.555031E-06,0,0,3
4,42.14542,0,0,0,3.555031E-06,0,0,3
4,42.15412,0,0,0,3.555031E-06,0,0,3
4,42.16336,0,0,0,3.555031E-06,0,0,3
4,42.17207,0,0,0,3.555031E-06,0,0,3
4,42.18108,0,0,0,3.555031E-06,0,0,3
4,42.1908,0,0,0,3.555031E-06,0,0,3
4,42.20005,0,0,0,3.555031E-06,0,0,3
4,42.20802,0,0,0,3.555031E-06,0,0,3
4,42.21711,0,0,0,3.555031E-06,0,0,3
4,42.22596,0,0,0,3.555031E-06,0,0,3
4,42.23446,0,0,0,3.555031E-06,0,0,3
4,42.24232,0,0,0,3.555031E-06,0,0,3
4,42.2509,0,0,0,3.555031E-06,0,0,3
4,42.25902,0,0,0,3.555031E-06,0,0,3
4,42.26854,0,0,0,3.555031E-06,0,0,3
4,42.27716,0,0,0,3.555031E-06,0,0,3
4,42.28883,0,0,0,3.555031E-06,0,0,3
4,42.29892,0,0,0,3.555031E-06,0,0,3
4,42.30868,0,0,0,3.555031E-06,0,0,3
4,42.31894,0,0,0,3.555031E-06,0,0,3
4,42.32939,0,0,0,3.555031E-06,0,0,3
4,42.33791,0,0,0,3.555031E-06,0,0,3
4,42.34865,0,0,0,3.555031E-06,0,0,3
4,42.35804,0,0,0,3.555031E-06,0,0,3
4,42.36831,0,0,0,3.555031E-06,0,0,3
4,42.37897,0,0,0,3.555031E-06,0,0,3
4,42.39012,0,0,0,3.555031E-06,0,0,3
4,42.40217,0,0,0,3.555031E-06,0,0,3
4,42.41395,0,0,0,3.555031E-06,0,0,3
4,42.42598,0,0,0,3.555031E-06,0,0,3
4,42.43754,0,0,0,3.555031E-06,0,0,3
4,42.44833,0,0,0,3.555031E-06,0,0,3
4,42.45827,0,0,0,3.555031E-06,0,0,3
4,42.46886,0,0,0,3.555031E-06,0,0,3
4,42.48073,0,0,0,3.555031E-06,0,0,3
4,42.49336,0,0,0,3.555031E-06,0,0,3
4,42.50496,0,0,0,3.555031E-06,0,0,3
4,42.51572,0,0,0,3.555031E-06,0,0,3
4,42.52486,0,0,0,3.555031E-06,0,0,3
4,42.53522,0,0,0,3.555031E-06,0,0,3
4,42.54712,0,0,0,3.555031E-06,0,0,3
4,42.56299,0,0,0,3.555031E-06,0,0,3
4,42.57716,0,0,0,3.555031E-06,0,0,3
4,42.58858,0,0,0,3.555031E-06,0,0,3
4,42.60146,0,0,0,3.555031E-06,0,0,3
4,42.61309,0,0,0,3.555031E-06,0,0,3
4,42.62379,0,0,0,3.555031E-06,0,0,3
4,42.63386,0,0,0,3.555031E-06,0,0,3
4,42.64433,0,0,0,3.555031E-06,0,0,3
4,42.65484,0,0,0,3.555031E-06,0,0,3
4,42.66624,0,0,0,3.555031E-06,0,0,3
4,42.67704,0,0,0,3.555031E-06,0,0,3
4,42.69009,0,0,0,3.555031E-06,0,0,3
4,42.70187,0,0,0,3.555031E-06,0,0,3
4,42.71444,0,0,0,3.555031E-06,0,0,3
4,42.72813,0,0,0,3.555031E-06,0,0,3
4,42.74035,0,0,0,3.555031E-06,0,0,3
4,42.75461,0,0,0,3.555031E-06,0,0,3
4,42.77251,0,0,0,3.555031E-06,0,0,3
4,42.7898,0,0,0,3.555031E-06,0,0,3
4,42.80167,0,0,0,3.555031E-06,0,0,3
4,42.81248,0,0,0,3.555031E-06,0,0,3
4,42.82356,0,0,0,3.555031E-06,0,0,3
4,42.83458,0,0,0,3.555031E-06,0,0,3
4,42.84546,0,0,0,3.555031E-06,0,0,3
4,42.85866,0,0,0,3.555031E-06,0,0,3
4,42.87001,0,0,0,3.555031E-06,0,0,3
4,42.88069,0,0,0,3.555031E-06,0,0,3
4,42.89257,0,0,0,3.555031E-06,0,0,3
4,42.90297,0,0,0,3.555031E-06,0,0,3
4,42.91215,0,0,0,3.555031E-06,0,0,3
4,42.92093,0,0,0,3.555031E-06,0,0,3
4,42.93021,0,0,0,3.555031E-06,0,0,3
4,42.93993,0,0,0,3.555031E-06,0,0,3
4,42.94959,0,0,0,3.555031E-06,0,0,3
4,42.95887,0,0,0,3.555031E-06,0,0,3
4,42.96867,0,0,0,3.555031E-06,0,0,3
4,42.97832,0,0,0,3.555031E-06,0,0,3
4,42.98648,0,0,0,3.555031E-06,0,0,3
4,42.99642,0,0,0,3.555031E-06,0,0,3
4,43.00439,0,0,0,3.555031E-06,0,0,3
4,43.01521,0,0,0,3.555031E-06,0,0,3
4,43.02469,0,0,0,3.555031E-06,0,0,3
4,43.03348,0,0,0,3.555031E-06,0,0,3
4,43.04282,0,0,0,3.555031E-06,0,0,3
4,43.05194,0,0,0,3.555031E-06,0,0,3
4,43.06084,0,0,0,3.555031E-06,0,0,3
4,43.06992,0,0,0,3.555031E-06,0,0,3
4,43.08045,0,0,0,3.555031E-06,0,0,3
4,43.09047,0,0,0,3.555031E-06,0,0,3
4,43.0978,0,0,0,3.555031E-06,0,0,3
4,43.10699,0,0,0,3.555031E-06,0,0,3
4,43.11706,0,0,0,3.555031E-06,0,0,3
4,43.12691,0,0,0,3.555031E-06,0,0,3
4,43.13627,0,0,0,3.555031E-06,0,0,3
4,43.14657,0,0,0,3.555031E-06,0,0,3
4,43.15609,0,0,0,3.555031E-06,0,0,3
4,43.16398,0,0,0,3.555031E-06,0,0,3
4,43.17408,0,0,0,3.555031E-06,0,0,3
4,43.18202,0,0,0,3.555031E-06,0,0,3
4,43.19069,0,0,0,3.555031E-06,0,0,3
4,43.20105,0,0,0,3.555031E-06,0,0,3
4,43.21272,0,0,0,3.555031E-06,0,0,3
4,43.22235,0,0,0,3.555031E-06,0,0,3
4,43.23216,0,0,0,3.555031E-06,0,0,3
4,43.24331,0,0,0,3.555031E-06,0,0,3
4,43.25226,0,0,0,3.555031E-06,0,0,3
4,43.26109,0,0,0,3.555031E-06,0,0,3
4,43.27087,0,0,0,3.555031E-06,0,0,3
4,43.28054,0,0,0,3.555031E-06,0,0,3
4,43.28934,0,0,0,3.555031E-06,0,0,3
4,43.29879,0,0,0,3.555031E-06,0,0,3
4,43.30716,0,0,0,3.555031E-06,0,0,3
4,43.31545,0,0,0,3.555031E-06,0,0,3
4,43.32447,0,0,0,3.555031E-06,0,0,3
4,43.33451,0,0,0,3.555031E-06,0,0,3
4,43.34223,0,0,0,3.555031E-06,0,0,3
4,43.3498,0,0,0,3.555031E-06,0,0,3
4,43.35979,0,0,0,3.555031E-06,0,0,3
4,43.3686,0,0,0,3.555031E-06,0,0,3
4,43.37744,0,0,0,3.555031E-06,0,0,3
4,43.38656,0,0,0,3.555031E-06,0,0,3
4,43.39586,0,0,0,3.555031E-06,0,0,3
4,43.40451,0,0,0,3.555031E-06,0,0,3
4,43.41356,0,0,0,3.555031E-06,0,0,3
4,43.42333,0,0,0,3.555031E-06,0,0,3
4,43.43143,0,0,0,3.555031E-06,0,0,3
4,43.44122,0,0,0,3.555031E-06,0,0,3
4,43.45181,0,0,0,3.555031E-06,0,0,3
4,43.46386,0,0,0,3.555031E-06,0,0,3
4,43.47355,0,0,0,3.555031E-06,0,0,3
4,43.48493,0,0,0,3.555031E-06,0,0,3
4,43.49614,0,0,0,3.555031E-06,0,0,3
4,43.50499,0,0,0,3.555031E-06,0,0,3
4,43.51523,0,0,0,3.555031E-06,0,0,3
4,43.52587,0,0,0,3.555031E-06,0,0,3
4,43.53603,0,0,0,3.555031E-06,0,0,3
4,43.54736,0,0,0,3.555031E-06,0,0,3
4,43.55825,0,0,0,3.555031E-06,0,0,3
4,43.56836,0,0,0,3.555031E-06,0,0,3
4,43.58252,0,0,0,3.555031E-06,0,0,3
4,43.59874,0,0,0,3.555031E-06,0,0,3
4,43.61394,0,0,0,3.555031E-06,0,0,3
4,43.62812,0,0,0,3.555031E-06,0,0,3
4,43.64026,0,0,0,3.555031E-06,0,0,3
4,43.65171,0,0,0,3.555031E-06,0,0,3
4,43.66177,0,0,0,3.555031E-06,0,0,3
4,43.67262,0,0,0,3.555031E-06,0,0,3
4,43.68437,0,0,0,3.555031E-06,0,0,3
4,43.69614,0,0,0,3.555031E-06,0,0,3
4,43.7087,0,0,0,3.555031E-06,0,0,3
4,43.71898,0,0,0,3.555031E-06,0,0,3
4,43.72926,0,0,0,3.555031E-06,0,0,3
4,43.74059,0,0,0,3.555031E-06,0,0,3
4,43.75141,0,0,0,3.555031E-06,0,0,3
4,43.76254,0,0,0,3.555031E-06,0,0,3
4,43.77385,0,0,0,3.555031E-06,0,0,3
4,43.78489,0,0,0,3.555031E-06,0,0,3
4,43.7947,0,0,0,3.555031E-06,0,0,3
4,43.8061,0,0,0,3.555031E-06,0,0,3
4,43.8176,0,0,0,3.555031E-06,0,0,3
4,43.82853,0,0,0,3.555031E-06,0,0,3
4,43.8382,0,0,0,3.555031E-06,0,0,3
4,43.84814,0,0,0,3.555031E-06,0,0,3
4,43.8582,0,0,0,3.555031E-06,0,0,3
4,43.8694,0,0,0,3.555031E-06,0,0,3
4,43.88024,0,0,0,3.555031E-06,0,0,3
4,43.89087,0,0,0,3.555031E-06,0,0,3
4,43.90017,0,0,0,3.555031E-06,0,0,3
4,43.91007,0,0,0,3.555031E-06,0,0,3
4,43.92352,0,0,0,3.555031E-06,0,0,3
4,43.93565,0,0,0,3.555031E-06,0,0,3
4,43.94754,0,0,0,3.555031E-06,0,0,3
4,43.9591,0,0,0,3.555031E-06,0,0,3
4,43.96983,0,0,0,3.555031E-06,0,0,3
4,43.97945,0,0,0,3.555031E-06,0,0,3
4,43.99011,0,0,0,3.555031E-06,0,0,3
4,44.00237,0,0,0,3.555031E-06,0,0,3
4,44.01278,0,0,0,3.555031E-06,0,0,3
4,44.02287,0,0,0,3.555031E-06,0,0,3
4,44.03395,0,0,0,3.555031E-06,0,0,3
4,44.05025,0,0,0,3.555031E-06,0,0,3
4,44.06716,0,0,0,3.555031E-06,0,0,3
4,44.07808,0,0,0,3.555031E-06,0,0,3
4,44.08689,0,0,0,3.555031E-06,0,0,3
4,44.09774,0,0,0,3.555031E-06,0,0,3
4,44.10714,0,0,0,3.555031E-06,0,0,3
4,44.11669,0,0,0,3.555031E-06,0,0,3
4,44.12653,0,0,0,3.555031E-06,0,0,3
4,44.1356,0,0,0,3.555031E-06,0,0,3
4,44.14413,0,0,0,3.555031E-06,0,0,3
4,44.15195,0,0,0,3.555031E-06,0,0,3
4,44.16005,0,0,0,3.555031E-06,0,0,3
4,44.16892,0,0,0,3.555031E-06,0,0,3
4,44.17672,0,0,0,3.555031E-06,0,0,3
4,44.18624,0,0,0,3.555031E-06,0,0,3
4,44.19526,0,0,0,3.555031E-06,0,0,3
4,44.20288,0,0,0,3.555031E-06,0,0,3
4,44.21164,0,0,0,3.555031E-06,0,0,3
4,44.22104,0,0,0,3.555031E-06,0,0,3
4,44.22952,0,0,0,3.555031E-06,0,0,3
4,44.23871,0,0,0,3.555031E-06,0,0,3
4,44.24784,0,0,0,3.555031E-06,0,0,3
4,44.25586,0,0,0,3.555031E-06,0,0,3
4,44.26553,0,0,0,3.555031E-06,0,0,3
4,44.27544,0,0,0,3.555031E-06,0,0,3
4,44.28498,0,0,0,3.555031E-06,0,0,3
4,44.2947,0,0,0,3.555031E-06,0,0,3
4,44.3026,0,0,0,3.555031E-06,0,0,3
4,44.3118,0,0,0,3.555031E-06,0,0,3
4,44.3198,0,0,0,3.555031E-06,0,0,3
4,44.32829,0,0,0,3.555031E-06,0,0,3
4,44.33663,0,0,0,3.555031E-06,0,0,3
4,44.34561,0,0,0,3.555031E-06,0,0,3
4,44.35441,0,0,0,3.555031E-06,0,0,3
4,44.36335,0,0,0,3.555031E-06,0,0,3
4,44.37147,0,0,0,3.555031E-06,0,0,3
4,44.37954,0,0,0,3.555031E-06,0,0,3
4,44.387,0,0,0,3.555031E-06,0,0,3
4,44.39511,0,0,0,3.555031E-06,0,0,3
4,44.40386,0,0,0,3.555031E-06,0,0,3
4,44.41172,0,0,0,3.555031E-06,0,0,3
4,44.42006,0,0,0,3.555031E-06,0,0,3
4,44.42898,0,0,0,3.555031E-06,0,0,3
4,44.43759,0,0,0,3.555031E-06,0,0,3
4,44.44527,0,0,0,3.555031E-06,0,0,3
4,44.45344,0,0,0,3.555031E-06,0,0,3
4,44.46129,0,0,0,3.555031E-06,0,0,3
4,44.46957,0,0,0,3.555031E-06,0,0,3
4,44.47828,0,0,0,3.555031E-06,0,0,3
4,44.48729,0,0,0,3.555031E-06,0,0,3
4,44.49704,0,0,0,3.555031E-06,0,0,3
4,44.50594,0,0,0,3.555031E-06,0,0,3
4,44.51465,0,0,0,3.555031E-06,0,0,3
4,44.52251,0,0,0,3.555031E-06,0,0,3
4,44.5308,0,0,0,3.555031E-06,0,0,3
4,44.53936,0,0,0,3.555031E-06,0,0,3
4,44.54819,0,0,0,3.555031E-06,0,0,3
4,44.55702,0,0,0,3.555031E-06,0,0,3
4,44.56524,0,0,0,3.555031E-06,0,0,3
4,44.57349,0,0,0,3.555031E-06,0,0,3
4,44.58167,0,0,0,3.555031E-06,0,0,3
4,44.59063,0,0,0,3.555031E-06,0,0,3
4,44.60043,0,0,0,3.555031E-06,0,0,3
4,44.61461,0,0,0,3.555031E-06,0,0,3
4,44.63067,0,0,0,3.555031E-06,0,0,3
4,44.64215,0,0,0,3.555031E-06,0,0,3
4,44.65306,0,0,0,3.555031E-06,0,0,3
4,44.66454,0,0,0,3.555031E-06,0,0,3
4,44.67382,0,0,0,3.555031E-06,0,0,3
4,44.68398,0,0,0,3.555031E-06,0,0,3
4,44.69442,0,0,0,3.555031E-06,0,0,3
4,44.70548,0,0,0,3.555031E-06,0,0,3
4,44.71706,0,0,0,3.555031E-06,0,0,3
4,44.72872,0,0,0,3.555031E-06,0,0,3
4,44.74054,0,0,0,3.555031E-06,0,0,3
4,44.75148,0,0,0,3.555031E-06,0,0,3
4,44.76338,0,0,0,3.555031E-06,0,0,3
4,44.77496,0,0,0,3.555031E-06,0,0,3
4,44.78582,0,0,0,3.555031E-06,0,0,3
4,44.79599,0,0,0,3.555031E-06,0,0,3
4,44.80664,0,0,0,3.555031E-06,0,0,3
4,44.81718,0,0,0,3.555031E-06,0,0,3
4,44.829,0,0,0,3.555031E-06,0,0,3
4,44.84064,0,0,0,3.555031E-06,0,0,3
4,44.85285,0,0,0,3.555031E-06,0,0,3
4,44.86446,0,0,0,3.555031E-06,0,0,3
4,44.87711,0,0,0,3.555031E-06,0,0,3
4,44.88966,0,0,0,3.555031E-06,0,0,3
4,44.90169,0,0,0,3.555031E-06,0,0,3
4,44.91263,0,0,0,3.555031E-06,0,0,3
4,44.92337,0,0,0,3.555031E-06,0,0,3
4,44.93353,0,0,0,3.555031E-06,0,0,3
4,44.94376,0,0,0,3.555031E-06,0,0,3
4,44.95601,0,0,0,3.555031E-06,0,0,3
4,44.96783,0,0,0,3.555031E-06,0,0,3
4,44.98141,0,0,0,3.555031E-06,0,0,3
4,44.99285,0,0,0,3.555031E-06,0,0,3
4,45.00362,0,0,0,3.555031E-06,0,0,3
4,45.01632,0,0,0,3.555031E-06,0,0,3
4,45.02828,0,0,0,3.555031E-06,0,0,3
4,45.04002,0,0,0,3.555031E-06,0,0,3
4,45.05135,0,0,0,3.555031E-06,0,0,3
4,45.06305,0,0,0,3.555031E-06,0,0,3
4,45.07468,0,0,0,3.555031E-06,0,0,3
4,45.08708,0,0,0,3.555031E-06,0,0,3
4,45.10262,0,0,0,3.555031E-06,0,0,3
4,45.11709,0,0,0,3.555031E-06,0,0,3
4,45.1299,0,0,0,3.555031E-06,0,0,3
4,45.14074,0,0,0,3.555031E-06,0,0,3
4,45.15137,0,0,0,3.555031E-06,0,0,3
4,45.16135,0,0,0,3.555031E-06,0,0,3
4,45.17366,0,0,0,3.555031E-06,0,0,3
4,45.18356,0,0,0,3.555031E-06,0,0,3
4,45.19422,0,0,0,3.555031E-06,0,0,3
4,45.20417,0,0,0,3.555031E-06,0,0,3
4,45.21449,0,0,0,3.555031E-06,0,0,3
4,45.22517,0,0,0,3.555031E-06,0,0,3
4,45.23474,0,0,0,3.555031E-06,0,0,3
4,45.24538,0,0,0,3.555031E-06,0,0,3
4,45.25544,0,0,0,3.555031E-06,0,0,3
4,45.26424,0,0,0,3.555031E-06,0,0,3
4,45.27338,0,0,0,3.555031E-06,0,0,3
4,45.28221,0,0,0,3.555031E-06,0,0,3
4,45.29025,0,0,0,3.555031E-06,0,0,3
4,45.30058,0,0,0,3.555031E-06,0,0,3
4,45.31005,0,0,0,3.555031E-06,0,0,3
4,45.31844,0,0,0,3.555031E-06,0,0,3
4,45.32644,0,0,0,3.555031E-06,0,0,3
4,45.3344,0,0,0,3.555031E-06,0,0,3
4,45.34148,0,0,0,3.555031E-06,0,0,3
4,45.34938,0,0,0,3.555031E-06,0,0,3
4,45.35818,0,0,0,3.555031E-06,0,0,3
4,45.36705,0,0,0,3.555031E-06,0,0,3
4,45.37546,0,0,0,3.555031E-06,0,0,3
4,45.38467,0,0,0,3.555031E-06,0,0,3
4,45.39305,0,0,0,3.555031E-06,0,0,3
4,45.40138,0,0,0,3.555031E-06,0,0,3
4,45.4102,0,0,0,3.555031E-06,0,0,3
4,45.41813,0,0,0,3.555031E-06,0,0,3
4,45.42604,0,0,0,3.555031E-06,0,0,3
4,45.43411,0,0,0,3.555031E-06,0,0,3
4,45.44203,0,0,0,3.555031E-06,0,0,3
4,45.45027,0,0,0,3.555031E-06,0,0,3
4,45.4577,0,0,0,3.555031E-06,0,0,3
4,45.46704,0,0,0,3.555031E-06,0,0,3
4,45.47559,0,0,0,3.555031E-06,0,0,3
4,45.48387,0,0,0,3.555031E-06,0,0,3
4,45.49259,0,0,0,3.555031E-06,0,0,3
4,45.50117,0,0,0,3.555031E-06,0,0,3
4,45.50999,0,0,0,3.555031E-06,0,0,3
4,45.51847,0,0,0,3.555031E-06,0,0,3
4,45.52714,0,0,0,3.555031E-06,0,0,3
4,45.53546,0,0,0,3.555031E-06,0,0,3
4,45.54334,0,0,0,3.555031E-06,0,0,3
4,45.55153,0,0,0,3.555031E-06,0,0,3
4,45.56023,0,0,0,3.555031E-06,0,0,3
4,45.57043,0,0,0,3.555031E-06,0,0,3
4,45.58148,0,0,0,3.555031E-06,0,0,3
4,45.59091,0,0,0,3.555031E-06,0,0,3
4,45.60049,0,0,0,3.555031E-06,0,0,3
4,45.60901,0,0,0,3.555031E-06,0,0,3
4,45.61724,0,0,0,3.555031E-06,0,0,3
4,45.62815,0,0,0,3.555031E-06,0,0,3
4,45.63977,0,0,0,3.555031E-06,0,0,3
4,45.65154,0,0,0,3.555031E-06,0,0,3
4,45.66335,0,0,0,3.555031E-06,0,0,3
4,45.6739,0,0,0,3.555031E-06,0,0,3
4,45.68391,0,0,0,3.555031E-06,0,0,3
4,45.69442,0,0,0,3.555031E-06,0,0,3
4,45.70415,0,0,0,3.555031E-06,0,0,3
4,45.71483,0,0,0,3.555031E-06,0,0,3
4,45.725,0,0,0,3.555031E-06,0,0,3
4,45.73433,0,0,0,3.555031E-06,0,0,3
4,45.74261,0,0,0,3.555031E-06,0,0,3
4,45.75293,0,0,0,3.555031E-06,0,0,3
4,45.76356,0,0,0,3.555031E-06,0,0,3
4,45.77303,0,0,0,3.555031E-06,0,0,3
4,45.78471,0,0,0,3.555031E-06,0,0,3
4,45.79617,0,0,0,3.555031E-06,0,0,3
4,45.80566,0,0,0,3.555031E-06,0,0,3
4,45.81761,0,0,0,3.555031E-06,0,0,3
4,45.82795,0,0,0,3.555031E-06,0,0,3
4,45.83662,0,0,0,3.555031E-06,0,0,3
4,45.85348,0,0,0,3.555031E-06,0,0,3
4,45.87518,0,0,0,3.555031E-06,0,0,3
4,45.88763,0,0,0,3.555031E-06,0,0,3
4,45.89869,0,0,0,3.555031E-06,0,0,3
4,45.91001,0,0,0,3.555031E-06,0,0,3
4,45.92192,0,0,0,3.555031E-06,0,0,3
4,45.93433,0,0,0,3.555031E-06,0,0,3
4,45.94522,0,0,0,3.555031E-06,0,0,3
4,45.95646,0,0,0,3.555031E-06,0,0,3
4,45.9682,0,0,0,3.555031E-06,0,0,3
4,45.98019,0,0,0,3.555031E-06,0,0,3
4,45.99088,0,0,0,3.555031E-06,0,0,3
4,46.00304,0,0,0,3.555031E-06,0,0,3
4,46.01368,0,0,0,3.555031E-06,0,0,3
4,46.02476,0,0,0,3.555031E-06,0,0,3
4,46.03668,0,0,0,3.555031E-06,0,0,3
4,46.0477,0,0,0,3.555031E-06,0,0,3
4,46.05782,0,0,0,3.555031E-06,0,0,3
4,46.06838,0,0,0,3.555031E-06,0,0,3
4,46.08136,0,0,0,3.555031E-06,0,0,3
4,46.09279,0,0,0,3.555031E-06,0,0,3
4,46.10492,0,0,0,3.555031E-06,0,0,3
4,46.11627,0,0,0,3.555031E-06,0,0,3
4,46.1271,0,0,0,3.555031E-06,0,0,3
4,46.13892,0,0,0,3.555031E-06,0,0,3
4,46.15116,0,0,0,3.555031E-06,0,0,3
4,46.16286,0,0,0,3.555031E-06,0,0,3
4,46.17332,0,0,0,3.555031E-06,0,0,3
4,46.18554,0,0,0,3.555031E-06,0,0,3
4,46.196,0,0,0,3.555031E-06,0,0,3
4,46.20663,0,0,0,3.555031E-06,0,0,3
4,46.21906,0,0,0,3.555031E-06,0,0,3
4,46.23115,0,0,0,3.555031E-06,0,0,3
4,46.24351,0,0,0,3.555031E-06,0,0,3
4,46.2573,0,0,0,3.555031E-06,0,0,3
4,46.27562,0,0,0,3.555031E-06,0,0,3
4,46.29071,0,0,0,3.555031E-06,0,0,3
4,46.30232,0,0,0,3.555031E-06,0,0,3
4,46.31414,0,0,0,3.555031E-06,0,0,3
4,46.3255,0,0,0,3.555031E-06,0,0,3
4,46.33686,0,0,0,3.555031E-06,0,0,3
4,46.34802,0,0,0,3.555031E-06,0,0,3
4,46.35847,0,0,0,3.555031E-06,0,0,3
4,46.36831,0,0,0,3.555031E-06,0,0,3
4,46.37815,0,0,0,3.555031E-06,0,0,3
4,46.38739,0,0,0,3.555031E-06,0,0,3
4,46.3982,0,0,0,3.555031E-06,0,0,3
4,46.40826,0,0,0,3.555031E-06,0,0,3
4,46.41762,0,0,0,3.555031E-06,0,0,3
4,46.42711,0,0,0,3.555031E-06,0,0,3
4,46.43592,0,0,0,3.555031E-06,0,0,3
4,46.44499,0,0,0,3.555031E-06,0,0,3
4,46.45375,0,0,0,3.555031E-06,0,0,3
4,46.46148,0,0,0,3.555031E-06,0,0,3
4,46.46907,0,0,0,3.555031E-06,0,0,3
4,46.47701,0,0,0,3.555031E-06,0,0,3
4,46.48548,0,0,0,3.555031E-06,0,0,3
4,46.49364,0,0,0,3.555031E-06,0,0,3
4,46.50238,0,0,0,3.555031E-06,0,0,3
4,46.51088,0,0,0,3.555031E-06,0,0,3
4,46.51823,0,0,0,3.555031E-06,0,0,3
4,46.52876,0,0,0,3.555031E-06,0,0,3
4,46.53748,0,0,0,3.555031E-06,0,0,3
4,46.54573,0,0,0,3.555031E-06,0,0,3
4,46.55297,0,0,0,3.555031E-06,0,0,3
4,46.56153,0,0,0,3.555031E-06,0,0,3
4,46.56976,0,0,0,3.555031E-06,0,0,3
4,46.57887,0,0,0,3.555031E-06,0,0,3
4,46.5871,0,0,0,3.555031E-06,0,0,3
4,46.59554,0,0,0,3.555031E-06,0,0,3
4,46.60381,0,0,0,3.555031E-06,0,0,3
4,46.61174,0,0,0,3.555031E-06,0,0,3
4,46.62128,0,0,0,3.555031E-06,0,0,3
4,46.6311,0,0,0,3.555031E-06,0,0,3
4,46.63919,0,0,0,3.555031E-06,0,0,3
4,46.65025,0,0,0,3.555031E-06,0,0,3
4,46.66403,0,0,0,3.555031E-06,0,0,3
4,46.67624,0,0,0,3.555031E-06,0,0,3
4,46.68721,0,0,0,3.555031E-06,0,0,3
4,46.69611,0,0,0,3.555031E-06,0,0,3
4,46.70467,0,0,0,3.555031E-06,0,0,3
4,46.71332,0,0,0,3.555031E-06,0,0,3
4,46.72205,0,0,0,3.555031E-06,0,0,3
4,46.72995,0,0,0,3.555031E-06,0,0,3
4,46.73739,0,0,0,3.555031E-06,0,0,3
4,46.74516,0,0,0,3.555031E-06,0,0,3
4,46.75306,0,0,0,3.555031E-06,0,0,3
4,46.76092,0,0,0,3.555031E-06,0,0,3
4,46.77019,0,0,0,3.555031E-06,0,0,3
4,46.77949,0,0,0,3.555031E-06,0,0,3
4,46.78858,0,0,0,3.555031E-06,0,0,3
4,46.79766,0,0,0,3.555031E-06,0,0,3
4,46.80561,0,0,0,3.555031E-06,0,0,3
4,46.81413,0,0,0,3.555031E-06,0,0,3
4,46.82124,0,0,0,3.555031E-06,0,0,3
4,46.83084,0,0,0,3.555031E-06,0,0,3
4,46.83895,0,0,0,3.555031E-06,0,0,3
4,46.84732,0,0,0,3.555031E-06,0,0,3
4,46.85469,0,0,0,3.555031E-06,0,0,3
4,46.86279,0,0,0,3.555031E-06,0,0,3
4,46.87188,0,0,0,3.555031E-06,0,0,3
4,46.88242,0,0,0,3.555031E-06,0,0,3
4,46.89172,0,0,0,3.555031E-06,0,0,3
4,46.90091,0,0,0,3.555031E-06,0,0,3
4,46.90957,0,0,0,3.555031E-06,0,0,3
4,46.91833,0,0,0,3.555031E-06,0,0,3
4,46.92665,0,0,0,3.555031E-06,0,0,3
4,46.93432,0,0,0,3.555031E-06,0,0,3
4,46.94284,0,0,0,3.555031E-06,0,0,3
4,46.9528,0,0,0,3.555031E-06,0,0,3
4,46.96413,0,0,0,3.555031E-06,0,0,3
4,46.97505,0,0,0,3.555031E-06,0,0,3
4,46.98615,0,0,0,3.555031E-06,0,0,3
4,46.99636,0,0,0,3.555031E-06,0,0,3
4,47.00599,0,0,0,3.555031E-06,0,0,3
4,47.01601,0,0,0,3.555031E-06,0,0,3
4,47.02586,0,0,0,3.555031E-06,0,0,3
4,47.03707,0,0,0,3.555031E-06,0,0,3
4,47.04816,0,0,0,3.555031E-06,0,0,3
4,47.0592,0,0,0,3.555031E-06,0,0,3
4,47.07133,0,0,0,3.555031E-06,0,0,3
4,47.08273,0,0,0,3.555031E-06,0,0,3
4,47.09417,0,0,0,3.555031E-06,0,0,3
4,47.10593,0,0,0,3.555031E-06,0,0,3
4,47.11744,0,0,0,3.555031E-06,0,0,3
4,47.12914,0,0,0,3.555031E-06,0,0,3
4,47.13985,0,0,0,3.555031E-06,0,0,3
4,47.15192,0,0,0,3.555031E-06,0,0,3
4,47.16529,0,0,0,3.555031E-06,0,0,3
4,47.18037,0,0,0,3.555031E-06,0,0,3
4,47.19406,0,0,0,3.555031E-06,0,0,3
4,47.20608,0,0,0,3.555031E-06,0,0,3
4,47.21703,0,0,0,3.555031E-06,0,0,3
4,47.22871,0,0,0,3.555031E-06,0,0,3
4,47.24083,0,0,0,3.555031E-06,0,0,3
4,47.25222,0,0,0,3.555031E-06,0,0,3
4,47.26255,0,0,0,3.555031E-06,0,0,3
4,47.27401,0,0,0,3.555031E-06,0,0,3
4,47.28603,0,0,0,3.555031E-06,0,0,3
4,47.29889,0,0,0,3.555031E-06,0,0,3
4,47.31074,0,0,0,3.555031E-06,0,0,3
4,47.32365,0,0,0,3.555031E-06,0,0,3
4,47.3361,0,0,0,3.555031E-06,0,0,3
4,47.34839,0,0,0,3.555031E-06,0,0,3
4,47.36088,0,0,0,3.555031E-06,0,0,3
4,47.37237,0,0,0,3.555031E-06,0,0,3
4,47.3837,0,0,0,3.555031E-06,0,0,3
4,47.39471,0,0,0,3.555031E-06,0,0,3
4,47.4071,0,0,0,3.555031E-06,0,0,3
4,47.41913,0,0,0,3.555031E-06,0,0,3
4,47.43035,0,0,0,3.555031E-06,0,0,3
4,47.443,0,0,0,3.555031E-06,0,0,3
4,47.45388,0,0,0,3.555031E-06,0,0,3
4,47.46539,0,0,0,3.555031E-06,0,0,3
4,47.47539,0,0,0,3.555031E-06,0,0,3
4,47.48656,0,0,0,3.555031E-06,0,0,3
4,47.49714,0,0,0,3.555031E-06,0,0,3
4,47.50661,0,0,0,3.555031E-06,0,0,3
4,47.517,0,0,0,3.555031E-06,0,0,3
4,47.52713,0,0,0,3.555031E-06,0,0,3
4,47.53726,0,0,0,3.555031E-06,0,0,3
4,47.54844,0,0,0,3.555031E-06,0,0,3
4,47.55914,0,0,0,3.555031E-06,0,0,3
4,47.56955,0,0,0,3.555031E-06,0,0,3
4,47.57994,0,0,0,3.555031E-06,0,0,3
4,47.59039,0,0,0,3.555031E-06,0,0,3
4,47.59832,0,0,0,3.555031E-06,0,0,3
4,47.60782,0,0,0,3.555031E-06,0,0,3
4,47.61603,0,0,0,3.555031E-06,0,0,3
4,47.62625,0,0,0,3.555031E-06,0,0,3
4,47.63485,0,0,0,3.555031E-06,0,0,3
4,47.64292,0,0,0,3.555031E-06,0,0,3
4,47.65141,0,0,0,3.555031E-06,0,0,3
4,47.65965,0,0,0,3.555031E-06,0,0,3
4,47.66819,0,0,0,3.555031E-06,0,0,3
4,47.68184,0,0,0,3.555031E-06,0,0,3
4,47.69297,0,0,0,3.555031E-06,0,0,3
4,47.70404,0,0,0,3.555031E-06,0,0,3
4,47.71432,0,0,0,3.555031E-06,0,0,3
4,47.72371,0,0,0,3.555031E-06,0,0,3
4,47.73191,0,0,0,3.555031E-06,0,0,3
4,47.74015,0,0,0,3.555031E-06,0,0,3
4,47.749,0,0,0,3.555031E-06,0,0,3
4,47.75729,0,0,0,3.555031E-06,0,0,3
4,47.77628,0,0,0,3.555031E-06,0,0,3
4,47.78462,0,0,0,3.555031E-06,0,0,3
4,47.7951,0,0,0,3.555031E-06,0,0,3
4,47.80642,0,0,0,3.555031E-06,0,0,3
4,47.81602,0,0,0,3.555031E-06,0,0,3
4,47.82699,0,0,0,3.555031E-06,0,0,3
4,47.83971,0,0,0,3.555031E-06,0,0,3
4,47.84959,0,0,0,3.555031E-06,0,0,3
4,47.86029,0,0,0,3.555031E-06,0,0,3
4,47.86854,0,0,0,3.555031E-06,0,0,3
4,47.87756,0,0,0,3.555031E-06,0,0,3
4,47.88647,0,0,0,3.555031E-06,0,0,3
4,47.89581,0,0,0,3.555031E-06,0,0,3
4,47.90496,0,0,0,3.555031E-06,0,0,3
4,47.91384,0,0,0,3.555031E-06,0,0,3
4,47.9242,0,0,0,3.555031E-06,0,0,3
4,47.93384,0,0,0,3.555031E-06,0,0,3
4,47.94322,0,0,0,3.555031E-06,0,0,3
4,47.95301,0,0,0,3.555031E-06,0,0,3
4,47.96247,0,0,0,3.555031E-06,0,0,3
4,47.97195,0,0,0,3.555031E-06,0,0,3
4,47.98104,0,0,0,3.555031E-06,0,0,3
4,47.98995,0,0,0,3.555031E-06,0,0,3
4,47.99913,0,0,0,3.555031E-06,0,0,3
4,48.00789,0,0,0,3.555031E-06,0,0,3
4,48.0178,0,0,0,3.555031E-06,0,0,3
4,48.02752,0,0,0,3.555031E-06,0,0,3
4,48.03635,0,0,0,3.555031E-06,0,0,3
4,48.04544,0,0,0,3.555031E-06,0,0,3
4,48.05389,0,0,0,3.555031E-06,0,0,3
4,48.06224,0,0,0,3.555031E-06,0,0,3
4,48.07065,0,0,0,3.555031E-06,0,0,3
4,48.08094,0,0,0,3.555031E-06,0,0,3
4,48.09034,0,0,0,3.555031E-06,0,0,3
4,48.10021,0,0,0,3.555031E-06,0,0,3
4,48.11192,0,0,0,3.555031E-06,0,0,3
4,48.1249,0,0,0,3.555031E-06,0,0,3
4,48.13568,0,0,0,3.555031E-06,0,0,3
4,48.14661,0,0,0,3.555031E-06,0,0,3
4,48.15921,0,0,0,3.555031E-06,0,0,3
4,48.17019,0,0,0,3.555031E-06,0,0,3
4,48.18076,0,0,0,3.555031E-06,0,0,3
4,48.19167,0,0,0,3.555031E-06,0,0,3
4,48.20365,0,0,0,3.555031E-06,0,0,3
4,48.21618,0,0,0,3.555031E-06,0,0,3
4,48.22939,0,0,0,3.555031E-06,0,0,3
4,48.2416,0,0,0,3.555031E-06,0,0,3
4,48.25343,0,0,0,3.555031E-06,0,0,3
4,48.26581,0,0,0,3.555031E-06,0,0,3
4,48.27816,0,0,0,3.555031E-06,0,0,3
4,48.28972,0,0,0,3.555031E-06,0,0,3
4,48.30016,0,0,0,3.555031E-06,0,0,3
4,48.31225,0,0,0,3.555031E-06,0,0,3
4,48.32505,0,0,0,3.555031E-06,0,0,3
4,48.33834,0,0,0,3.555031E-06,0,0,3
4,48.35092,0,0,0,3.555031E-06,0,0,3
4,48.36255,0,0,0,3.555031E-06,0,0,3
4,48.3752,0,0,0,3.555031E-06,0,0,3
4,48.38743,0,0,0,3.555031E-06,0,0,3
4,48.39877,0,0,0,3.555031E-06,0,0,3
4,48.40895,0,0,0,3.555031E-06,0,0,3
4,48.42003,0,0,0,3.555031E-06,0,0,3
4,48.43127,0,0,0,3.555031E-06,0,0,3
4,48.44186,0,0,0,3.555031E-06,0,0,3
4,48.4525,0,0,0,3.555031E-06,0,0,3
4,48.46327,0,0,0,3.555031E-06,0,0,3
4,48.47577,0,0,0,3.555031E-06,0,0,3
4,48.48659,0,0,0,3.555031E-06,0,0,3
4,48.49836,0,0,0,3.555031E-06,0,0,3
4,48.50832,0,0,0,3.555031E-06,0,0,3
4,48.51863,0,0,0,3.555031E-06,0,0,3
4,48.53008,0,0,0,3.555031E-06,0,0,3
4,48.54023,0,0,0,3.555031E-06,0,0,3
4,48.55136,0,0,0,3.555031E-06,0,0,3
4,48.56316,0,0,0,3.555031E-06,0,0,3
4,48.57654,0,0,0,3.555031E-06,0,0,3
4,48.58846,0,0,0,3.555031E-06,0,0,3
4,48.60069,0,0,0,3.555031E-06,0,0,3
4,48.61337,0,0,0,3.555031E-06,0,0,3
4,48.62696,0,0,0,3.555031E-06,0,0,3
4,48.64194,0,0,0,3.555031E-06,0,0,3
4,48.65676,0,0,0,3.555031E-06,0,0,3
4,48.66949,0,0,0,3.555031E-06,0,0,3
4,48.68098,0,0,0,3.555031E-06,0,0,3
4,48.6931,0,0,0,3.555031E-06,0,0,3
4,48.70868,0,0,0,3.555031E-06,0,0,3
4,48.72191,0,0,0,3.555031E-06,0,0,3
4,48.73531,0,0,0,3.555031E-06,0,0,3
4,48.746,0,0,0,3.555031E-06,0,0,3
4,48.7561,0,0,0,3.555031E-06,0,0,3
4,48.76668,0,0,0,3.555031E-06,0,0,3
4,48.77549,0,0,0,3.555031E-06,0,0,3
4,48.78537,0,0,0,3.555031E-06,0,0,3
4,48.79446,0,0,0,3.555031E-06,0,0,3
4,48.80295,0,0,0,3.555031E-06,0,0,3
4,48.81197,0,0,0,3.555031E-06,0,0,3
4,48.82039,0,0,0,3.555031E-06,0,0,3
4,48.82897,0,0,0,3.555031E-06,0,0,3
4,48.83651,0,0,0,3.555031E-06,0,0,3
4,48.84558,0,0,0,3.555031E-06,0,0,3
4,48.85313,0,0,0,3.555031E-06,0,0,3
4,48.86174,0,0,0,3.555031E-06,0,0,3
4,48.87054,0,0,0,3.555031E-06,0,0,3
4,48.88055,0,0,0,3.555031E-06,0,0,3
4,48.89017,0,0,0,3.555031E-06,0,0,3
4,48.89844,0,0,0,3.555031E-06,0,0,3
4,48.90823,0,0,0,3.555031E-06,0,0,3
4,48.91656,0,0,0,3.555031E-06,0,0,3
4,48.92479,0,0,0,3.555031E-06,0,0,3
4,48.93245,0,0,0,3.555031E-06,0,0,3
4,48.94173,0,0,0,3.555031E-06,0,0,3
4,48.95074,0,0,0,3.555031E-06,0,0,3
4,48.95841,0,0,0,3.555031E-06,0,0,3
4,48.96674,0,0,0,3.555031E-06,0,0,3
4,48.97514,0,0,0,3.555031E-06,0,0,3
4,48.98461,0,0,0,3.555031E-06,0,0,3
4,48.99272,0,0,0,3.555031E-06,0,0,3
4,49.00221,0,0,0,3.555031E-06,0,0,3
4,49.00958,0,0,0,3.555031E-06,0,0,3
4,49.01751,0,0,0,3.555031E-06,0,0,3
4,49.02577,0,0,0,3.555031E-06,0,0,3
4,49.0346,0,0,0,3.555031E-06,0,0,3
4,49.04316,0,0,0,3.555031E-06,0,0,3
4,49.05181,0,0,0,3.555031E-06,0,0,3
4,49.06044,0,0,0,3.555031E-06,0,0,3
4,49.06842,0,0,0,3.555031E-06,0,0,3
4,49.07596,0,0,0,3.555031E-06,0,0,3
4,49.08372,0,0,0,3.555031E-06,0,0,3
4,49.09365,0,0,0,3.555031E-06,0,0,3
4,49.1024,0,0,0,3.555031E-06,0,0,3
4,49.11375,0,0,0,3.555031E-06,0,0,3
4,49.12269,0,0,0,3.555031E-06,0,0,3
4,49.13046,0,0,0,3.555031E-06,0,0,3
4,49.13967,0,0,0,3.555031E-06,0,0,3
4,49.14828,0,0,0,3.555031E-06,0,0,3
4,49.15747,0,0,0,3.555031E-06,0,0,3
4,49.16633,0,0,0,3.555031E-06,0,0,3
4,49.17405,0,0,0,3.555031E-06,0,0,3
4,49.18293,0,0,0,3.555031E-06,0,0,3
4,49.19151,0,0,0,3.555031E-06,0,0,3
4,49.20082,0,0,0,3.555031E-06,0,0,3
4,49.20953,0,0,0,3.555031E-06,0,0,3
4,49.21865,0,0,0,3.555031E-06,0,0,3
4,49.22715,0,0,0,3.555031E-06,0,0,3
4,49.23676,0,0,0,3.555031E-06,0,0,3
4,49.24645,0,0,0,3.555031E-06,0,0,3
4,49.257,0,0,0,3.555031E-06,0,0,3
4,49.26671,0,0,0,3.555031E-06,0,0,3
4,49.27487,0,0,0,3.555031E-06,0,0,3
4,49.28397,0,0,0,3.555031E-06,0,0,3
4,49.29301,0,0,0,3.555031E-06,0,0,3
4,49.3018,0,0,0,3.555031E-06,0,0,3
4,49.31108,0,0,0,3.555031E-06,0,0,3
4,49.31924,0,0,0,3.555031E-06,0,0,3
4,49.33092,0,0,0,3.555031E-06,0,0,3
4,49.34127,0,0,0,3.555031E-06,0,0,3
4,49.35039,0,0,0,3.555031E-06,0,0,3
4,49.36065,0,0,0,3.555031E-06,0,0,3
4,49.37003,0,0,0,3.555031E-06,0,0,3
4,49.37933,0,0,0,3.555031E-06,0,0,3
4,49.38973,0,0,0,3.555031E-06,0,0,3
4,49.40088,0,0,0,3.555031E-06,0,0,3
4,49.41201,0,0,0,3.555031E-06,0,0,3
4,49.42347,0,0,0,3.555031E-06,0,0,3
4,49.4347,0,0,0,3.555031E-06,0,0,3
4,49.44488,0,0,0,3.555031E-06,0,0,3
4,49.45473,0,0,0,3.555031E-06,0,0,3
4,49.46572,0,0,0,3.555031E-06,0,0,3
4,49.4759,0,0,0,3.555031E-06,0,0,3
4,49.48698,0,0,0,3.555031E-06,0,0,3
4,49.49759,0,0,0,3.555031E-06,0,0,3
4,49.50759,0,0,0,3.555031E-06,0,0,3
4,49.51941,0,0,0,3.555031E-06,0,0,3
4,49.53009,0,0,0,3.555031E-06,0,0,3
4,49.53874,0,0,0,3.555031E-06,0,0,3
4,49.54869,0,0,0,3.555031E-06,0,0,3
4,49.55883,0,0,0,3.555031E-06,0,0,3
4,49.56989,0,0,0,3.555031E-06,0,0,3
4,49.58057,0,0,0,3.555031E-06,0,0,3
4,49.59281,0,0,0,3.555031E-06,0,0,3
4,49.60362,0,0,0,3.555031E-06,0,0,3
4,49.6138,0,0,0,3.555031E-06,0,0,3
4,49.6242,0,0,0,3.555031E-06,0,0,3
4,49.63346,0,0,0,3.555031E-06,0,0,3
4,49.65575,0,0,0,3.555031E-06,0,0,3
4,49.66436,0,0,0,3.555031E-06,0,0,3
4,49.67547,0,0,0,3.555031E-06,0,0,3
4,49.68721,0,0,0,3.555031E-06,0,0,3
4,49.69831,0,0,0,3.555031E-06,0,0,3
4,49.70934,0,0,0,3.555031E-06,0,0,3
4,49.72267,0,0,0,3.555031E-06,0,0,3
4,49.73842,0,0,0,3.555031E-06,0,0,3
4,49.75185,0,0,0,3.555031E-06,0,0,3
4,49.76284,0,0,0,3.555031E-06,0,0,3
4,49.77331,0,0,0,3.555031E-06,0,0,3
4,49.78435,0,0,0,3.555031E-06,0,0,3
4,49.79525,0,0,0,3.555031E-06,0,0,3
4,49.80536,0,0,0,3.555031E-06,0,0,3
4,49.81506,0,0,0,3.555031E-06,0,0,3
4,49.826,0,0,0,3.555031E-06,0,0,3
4,49.83674,0,0,0,3.555031E-06,0,0,3
4,49.84761,0,0,0,3.555031E-06,0,0,3
4,49.85835,0,0,0,3.555031E-06,0,0,3
4,49.87,0,0,0,3.555031E-06,0,0,3
4,49.87952,0,0,0,3.555031E-06,0,0,3
4,49.88894,0,0,0,3.555031E-06,0,0,3
4,49.89736,0,0,0,3.555031E-06,0,0,3
4,49.9067,0,0,0,3.555031E-06,0,0,3
4,49.91554,0,0,0,3.555031E-06,0,0,3
4,49.92567,0,0,0,3.555031E-06,0,0,3
4,49.93483,0,0,0,3.555031E-06,0,0,3
4,49.94283,0,0,0,3.555031E-06,0,0,3
4,49.9513,0,0,0,3.555031E-06,0,0,3
4,49.95949,0,0,0,3.555031E-06,0,0,3
4,49.96952,0,0,0,3.555031E-06,0,0,3
4,49.97798,0,0,0,3.555031E-06,0,0,3
4,49.98562,0,0,0,3.555031E-06,0,0,3
4,49.99422,0,0,0,3.555031E-06,0,0,3
4,50.00283,0,0,0,3.555031E-06,0,0,3
4,50.01124,0,0,0,3.555031E-06,0,0,3
4,50.01899,0,0,0,3.555031E-06,0,0,3
4,50.02679,0,0,0,3.555031E-06,0,0,3
4,50.03481,0,0,0,3.555031E-06,0,0,3
4,50.04305,0,0,0,3.555031E-06,0,0,3
4,50.05175,0,0,0,3.555031E-06,0,0,3
4,50.05985,0,0,0,3.555031E-06,0,0,3
4,50.06716,0,0,0,3.555031E-06,0,0,3
4,50.07567,0,0,0,3.555031E-06,0,0,3
4,50.08339,0,0,0,3.555031E-06,0,0,3
4,50.09167,0,0,0,3.555031E-06,0,0,3
4,50.09935,0,0,0,3.555031E-06,0,0,3
4,50.10812,0,0,0,3.555031E-06,0,0,3
4,50.11612,0,0,0,3.555031E-06,0,0,3
4,50.12524,0,0,0,3.555031E-06,0,0,3
4,50.13346,0,0,0,3.555031E-06,0,0,3
4,50.14231,0,0,0,3.555031E-06,0,0,3
4,50.15084,0,0,0,3.555031E-06,0,0,3
4,50.16064,0,0,0,3.555031E-06,0,0,3
4,50.16875,0,0,0,3.555031E-06,0,0,3
4,50.17718,0,0,0,3.555031E-06,0,0,3
4,50.18667,0,0,0,3.555031E-06,0,0,3
4,50.19558,0,0,0,3.555031E-06,0,0,3
4,50.20414,0,0,0,3.555031E-06,0,0,3
4,50.21301,0,0,0,3.555031E-06,0,0,3
4,50.22349,0,0,0,3.555031E-06,0,0,3
4,50.23345,0,0,0,3.555031E-06,0,0,3
4,50.24083,0,0,0,3.555031E-06,0,0,3
4,50.24832,0,0,0,3.555031E-06,0,0,3
4,50.25651,0,0,0,3.555031E-06,0,0,3
4,50.26437,0,0,0,3.555031E-06,0,0,3
4,50.27251,0,0,0,3.555031E-06,0,0,3
4,50.28124,0,0,0,3.555031E-06,0,0,3
4,50.29107,0,0,0,3.555031E-06,0,0,3
4,50.29869,0,0,0,3.555031E-06,0,0,3
4,50.30647,0,0,0,3.555031E-06,0,0,3
4,50.31549,0,0,0,3.555031E-06,0,0,3
4,50.3256,0,0,0,3.555031E-06,0,0,3
4,50.33314,0,0,0,3.555031E-06,0,0,3
4,50.34198,0,0,0,3.555031E-06,0,0,3
4,50.34983,0,0,0,3.555031E-06,0,0,3
4,50.35902,0,0,0,3.555031E-06,0,0,3
4,50.36697,0,0,0,3.555031E-06,0,0,3
4,50.37508,0,0,0,3.555031E-06,0,0,3
4,50.38223,0,0,0,3.555031E-06,0,0,3
4,50.39068,0,0,0,3.555031E-06,0,0,3
4,50.39838,0,0,0,3.555031E-06,0,0,3
4,50.40625,0,0,0,3.555031E-06,0,0,3
4,50.41435,0,0,0,3.555031E-06,0,0,3
4,50.42349,0,0,0,3.555031E-06,0,0,3
4,50.43206,0,0,0,3.555031E-06,0,0,3
4,50.44178,0,0,0,3.555031E-06,0,0,3
4,50.45253,0,0,0,3.555031E-06,0,0,3
4,50.46207,0,0,0,3.555031E-06,0,0,3
4,50.47199,0,0,0,3.555031E-06,0,0,3
4,50.48251,0,0,0,3.555031E-06,0,0,3
4,50.49132,0,0,0,3.555031E-06,0,0,3
4,50.50216,0,0,0,3.555031E-06,0,0,3
4,50.51026,0,0,0,3.555031E-06,0,0,3
4,50.52008,0,0,0,3.555031E-06,0,0,3
4,50.53058,0,0,0,3.555031E-06,0,0,3
4,50.53945,0,0,0,3.555031E-06,0,0,3
4,50.55063,0,0,0,3.555031E-06,0,0,3
4,50.56159,0,0,0,3.555031E-06,0,0,3
4,50.57045,0,0,0,3.555031E-06,0,0,3
4,50.58157,0,0,0,3.555031E-06,0,0,3
4,50.59367,0,0,0,3.555031E-06,0,0,3
4,50.6037,0,0,0,3.555031E-06,0,0,3
4,50.6143,0,0,0,3.555031E-06,0,0,3
4,50.62627,0,0,0,3.555031E-06,0,0,3
4,50.63722,0,0,0,3.555031E-06,0,0,3
4,50.64695,0,0,0,3.555031E-06,0,0,3
4,50.65816,0,0,0,3.555031E-06,0,0,3
4,50.66936,0,0,0,3.555031E-06,0,0,3
4,50.6819,0,0,0,3.555031E-06,0,0,3
4,50.69305,0,0,0,3.555031E-06,0,0,3
4,50.70375,0,0,0,3.555031E-06,0,0,3
4,50.71471,0,0,0,3.555031E-06,0,0,3
4,50.7255,0,0,0,3.555031E-06,0,0,3
4,50.7376,0,0,0,3.555031E-06,0,0,3
4,50.75051,0,0,0,3.555031E-06,0,0,3
4,50.76438,0,0,0,3.555031E-06,0,0,3
4,50.77892,0,0,0,3.555031E-06,0,0,3
4,50.79012,0,0,0,3.555031E-06,0,0,3
4,50.80002,0,0,0,3.555031E-06,0,0,3
4,50.81139,0,0,0,3.555031E-06,0,0,3
4,50.82304,0,0,0,3.555031E-06,0,0,3
4,50.83359,0,0,0,3.555031E-06,0,0,3
4,50.8436,0,0,0,3.555031E-06,0,0,3
4,50.85463,0,0,0,3.555031E-06,0,0,3
4,50.86566,0,0,0,3.555031E-06,0,0,3
4,50.87976,0,0,0,3.555031E-06,0,0,3
4,50.89338,0,0,0,3.555031E-06,0,0,3
4,50.90587,0,0,0,3.555031E-06,0,0,3
4,50.91802,0,0,0,3.555031E-06,0,0,3
4,50.93004,0,0,0,3.555031E-06,0,0,3
4,50.94177,0,0,0,3.555031E-06,0,0,3
4,50.95253,0,0,0,3.555031E-06,0,0,3
4,50.96358,0,0,0,3.555031E-06,0,0,3
4,50.97231,0,0,0,3.555031E-06,0,0,3
4,50.98277,0,0,0,3.555031E-06,0,0,3
4,50.99242,0,0,0,3.555031E-06,0,0,3
4,51.00378,0,0,0,3.555031E-06,0,0,3
4,51.01511,0,0,0,3.555031E-06,0,0,3
4,51.02693,0,0,0,3.555031E-06,0,0,3
4,51.03899,0,0,0,3.555031E-06,0,0,3
4,51.04994,0,0,0,3.555031E-06,0,0,3
4,51.06124,0,0,0,3.555031E-06,0,0,3
4,51.07026,0,0,0,3.555031E-06,0,0,3
4,51.08072,0,0,0,3.555031E-06,0,0,3
4,51.09026,0,0,0,3.555031E-06,0,0,3
4,51.09895,0,0,0,3.555031E-06,0,0,3
4,51.10784,0,0,0,3.555031E-06,0,0,3
4,51.11744,0,0,0,3.555031E-06,0,0,3
4,51.12585,0,0,0,3.555031E-06,0,0,3
4,51.13534,0,0,0,3.555031E-06,0,0,3
4,51.14463,0,0,0,3.555031E-06,0,0,3
4,51.15289,0,0,0,3.555031E-06,0,0,3
4,51.16341,0,0,0,3.555031E-06,0,0,3
4,51.17264,0,0,0,3.555031E-06,0,0,3
4,51.18121,0,0,0,3.555031E-06,0,0,3
4,51.18939,0,0,0,3.555031E-06,0,0,3
4,51.19757,0,0,0,3.555031E-06,0,0,3
4,51.20537,0,0,0,3.555031E-06,0,0,3
4,51.21339,0,0,0,3.555031E-06,0,0,3
4,51.22234,0,0,0,3.555031E-06,0,0,3
4,51.23177,0,0,0,3.555031E-06,0,0,3
4,51.24101,0,0,0,3.555031E-06,0,0,3
4,51.25,0,0,0,3.555031E-06,0,0,3
4,51.25887,0,0,0,3.555031E-06,0,0,3
4,51.26659,0,0,0,3.555031E-06,0,0,3
4,51.27506,0,0,0,3.555031E-06,0,0,3
4,51.28332,0,0,0,3.555031E-06,0,0,3
4,51.29118,0,0,0,3.555031E-06,0,0,3
4,51.29868,0,0,0,3.555031E-06,0,0,3
4,51.30816,0,0,0,3.555031E-06,0,0,3
4,51.31685,0,0,0,3.555031E-06,0,0,3
4,51.32555,0,0,0,3.555031E-06,0,0,3
4,51.33361,0,0,0,3.555031E-06,0,0,3
4,51.34071,0,0,0,3.555031E-06,0,0,3
4,51.34931,0,0,0,3.555031E-06,0,0,3
4,51.35684,0,0,0,3.555031E-06,0,0,3
4,51.36383,0,0,0,3.555031E-06,0,0,3
4,51.37292,0,0,0,3.555031E-06,0,0,3
4,51.38293,0,0,0,3.555031E-06,0,0,3
4,51.3921,0,0,0,3.555031E-06,0,0,3
4,51.40009,0,0,0,3.555031E-06,0,0,3
4,51.40751,0,0,0,3.555031E-06,0,0,3
4,51.41489,0,0,0,3.555031E-06,0,0,3
4,51.42209,0,0,0,3.555031E-06,0,0,3
4,51.44096,0,0,0,3.555031E-06,0,0,3
4,51.44918,0,0,0,3.555031E-06,0,0,3
4,51.45812,0,0,0,3.555031E-06,0,0,3
4,51.46657,0,0,0,3.555031E-06,0,0,3
4,51.47455,0,0,0,3.555031E-06,0,0,3
4,51.48283,0,0,0,3.555031E-06,0,0,3
4,51.49089,0,0,0,3.555031E-06,0,0,3
4,51.49833,0,0,0,3.555031E-06,0,0,3
4,51.50627,0,0,0,3.555031E-06,0,0,3
4,51.51411,0,0,0,3.555031E-06,0,0,3
4,51.52198,0,0,0,3.555031E-06,0,0,3
4,51.52963,0,0,0,3.555031E-06,0,0,3
4,51.53731,0,0,0,3.555031E-06,0,0,3
4,51.54487,0,0,0,3.555031E-06,0,0,3
4,51.55213,0,0,0,3.555031E-06,0,0,3
4,51.56022,0,0,0,3.555031E-06,0,0,3
4,51.56892,0,0,0,3.555031E-06,0,0,3
4,51.57697,0,0,0,3.555031E-06,0,0,3
4,51.58612,0,0,0,3.555031E-06,0,0,3
4,51.59573,0,0,0,3.555031E-06,0,0,3
4,51.6042,0,0,0,3.555031E-06,0,0,3
4,51.61367,0,0,0,3.555031E-06,0,0,3
4,51.62416,0,0,0,3.555031E-06,0,0,3
4,51.63425,0,0,0,3.555031E-06,0,0,3
4,51.6449,0,0,0,3.555031E-06,0,0,3
4,51.65654,0,0,0,3.555031E-06,0,0,3
4,51.66697,0,0,0,3.555031E-06,0,0,3
4,51.67862,0,0,0,3.555031E-06,0,0,3
4,51.69004,0,0,0,3.555031E-06,0,0,3
4,51.70045,0,0,0,3.555031E-06,0,0,3
4,51.7094,0,0,0,3.555031E-06,0,0,3
4,51.72119,0,0,0,3.555031E-06,0,0,3
4,51.73252,0,0,0,3.555031E-06,0,0,3
4,51.74282,0,0,0,3.555031E-06,0,0,3
4,51.75438,0,0,0,3.555031E-06,0,0,3
4,51.76603,0,0,0,3.555031E-06,0,0,3
4,51.77967,0,0,0,3.555031E-06,0,0,3
4,51.7963,0,0,0,3.555031E-06,0,0,3
4,51.81065,0,0,0,3.555031E-06,0,0,3
4,51.82378,0,0,0,3.555031E-06,0,0,3
4,51.83455,0,0,0,3.555031E-06,0,0,3
4,51.8464,0,0,0,3.555031E-06,0,0,3
4,51.85675,0,0,0,3.555031E-06,0,0,3
4,51.86722,0,0,0,3.555031E-06,0,0,3
4,51.87863,0,0,0,3.555031E-06,0,0,3
4,51.89072,0,0,0,3.555031E-06,0,0,3
4,51.90292,0,0,0,3.555031E-06,0,0,3
4,51.91415,0,0,0,3.555031E-06,0,0,3
4,51.92534,0,0,0,3.555031E-06,0,0,3
4,51.9352,0,0,0,3.555031E-06,0,0,3
4,51.94648,0,0,0,3.555031E-06,0,0,3
4,51.9577,0,0,0,3.555031E-06,0,0,3
4,51.96988,0,0,0,3.555031E-06,0,0,3
4,51.97943,0,0,0,3.555031E-06,0,0,3
4,51.99111,0,0,0,3.555031E-06,0,0,3
4,52.00246,0,0,0,3.555031E-06,0,0,3
4,52.01237,0,0,0,3.555031E-06,0,0,3
4,52.0235,0,0,0,3.555031E-06,0,0,3
4,52.0343,0,0,0,3.555031E-06,0,0,3
4,52.0457,0,0,0,3.555031E-06,0,0,3
4,52.05615,0,0,0,3.555031E-06,0,0,3
4,52.06702,0,0,0,3.555031E-06,0,0,3
4,52.07832,0,0,0,3.555031E-06,0,0,3
4,52.09003,0,0,0,3.555031E-06,0,0,3
4,52.10129,0,0,0,3.555031E-06,0,0,3
4,52.11487,0,0,0,3.555031E-06,0,0,3
4,52.12812,0,0,0,3.555031E-06,0,0,3
4,52.1407,0,0,0,3.555031E-06,0,0,3
4,52.15107,0,0,0,3.555031E-06,0,0,3
4,52.16308,0,0,0,3.555031E-06,0,0,3
4,52.17335,0,0,0,3.555031E-06,0,0,3
4,52.18542,0,0,0,3.555031E-06,0,0,3
4,52.19604,0,0,0,3.555031E-06,0,0,3
4,52.207,0,0,0,3.555031E-06,0,0,3
4,52.21774,0,0,0,3.555031E-06,0,0,3
4,52.22929,0,0,0,3.555031E-06,0,0,3
4,52.24094,0,0,0,3.555031E-06,0,0,3
4,52.25202,0,0,0,3.555031E-06,0,0,3
4,52.2637,0,0,0,3.555031E-06,0,0,3
4,52.27526,0,0,0,3.555031E-06,0,0,3
4,52.28544,0,0,0,3.555031E-06,0,0,3
4,52.29506,0,0,0,3.555031E-06,0,0,3
4,52.30361,0,0,0,3.555031E-06,0,0,3
4,52.31272,0,0,0,3.555031E-06,0,0,3
4,52.32098,0,0,0,3.555031E-06,0,0,3
4,52.33058,0,0,0,3.555031E-06,0,0,3
4,52.33934,0,0,0,3.555031E-06,0,0,3
4,52.34842,0,0,0,3.555031E-06,0,0,3
4,52.35602,0,0,0,3.555031E-06,0,0,3
4,52.36406,0,0,0,3.555031E-06,0,0,3
4,52.37192,0,0,0,3.555031E-06,0,0,3
4,52.38057,0,0,0,3.555031E-06,0,0,3
4,52.38955,0,0,0,3.555031E-06,0,0,3
4,52.3983,0,0,0,3.555031E-06,0,0,3
4,52.40669,0,0,0,3.555031E-06,0,0,3
4,52.41442,0,0,0,3.555031E-06,0,0,3
4,52.42398,0,0,0,3.555031E-06,0,0,3
4,52.43311,0,0,0,3.555031E-06,0,0,3
4,52.44118,0,0,0,3.555031E-06,0,0,3
4,52.4502,0,0,0,3.555031E-06,0,0,3
4,52.45894,0,0,0,3.555031E-06,0,0,3
4,52.46675,0,0,0,3.555031E-06,0,0,3
4,52.47438,0,0,0,3.555031E-06,0,0,3
4,52.4846,0,0,0,3.555031E-06,0,0,3
4,52.49306,0,0,0,3.555031E-06,0,0,3
4,52.5016,0,0,0,3.555031E-06,0,0,3
4,52.51101,0,0,0,3.555031E-06,0,0,3
4,52.51867,0,0,0,3.555031E-06,0,0,3
4,52.52639,0,0,0,3.555031E-06,0,0,3
4,52.53401,0,0,0,3.555031E-06,0,0,3
4,52.54115,0,0,0,3.555031E-06,0,0,3
4,52.54916,0,0,0,3.555031E-06,0,0,3
4,52.55689,0,0,0,3.555031E-06,0,0,3
4,52.56431,0,0,0,3.555031E-06,0,0,3
4,52.57231,0,0,0,3.555031E-06,0,0,3
4,52.58051,0,0,0,3.555031E-06,0,0,3
4,52.58936,0,0,0,3.555031E-06,0,0,3
4,52.59679,0,0,0,3.555031E-06,0,0,3
4,52.60436,0,0,0,3.555031E-06,0,0,3
4,52.61416,0,0,0,3.555031E-06,0,0,3
4,52.62305,0,0,0,3.555031E-06,0,0,3
4,52.63137,0,0,0,3.555031E-06,0,0,3
4,52.64102,0,0,0,3.555031E-06,0,0,3
4,52.6488,0,0,0,3.555031E-06,0,0,3
4,52.6572,0,0,0,3.555031E-06,0,0,3
4,52.66507,0,0,0,3.555031E-06,0,0,3
4,52.67407,0,0,0,3.555031E-06,0,0,3
4,52.68277,0,0,0,3.555031E-06,0,0,3
4,52.69176,0,0,0,3.555031E-06,0,0,3
4,52.70041,0,0,0,3.555031E-06,0,0,3
4,52.70824,0,0,0,3.555031E-06,0,0,3
4,52.71672,0,0,0,3.555031E-06,0,0,3
4,52.72515,0,0,0,3.555031E-06,0,0,3
4,52.73502,0,0,0,3.555031E-06,0,0,3
4,52.74295,0,0,0,3.555031E-06,0,0,3
4,52.75222,0,0,0,3.555031E-06,0,0,3
4,52.76021,0,0,0,3.555031E-06,0,0,3
4,52.76936,0,0,0,3.555031E-06,0,0,3
4,52.77757,0,0,0,3.555031E-06,0,0,3
4,52.78551,0,0,0,3.555031E-06,0,0,3
4,52.79631,0,0,0,3.555031E-06,0,0,3
4,52.80906,0,0,0,3.555031E-06,0,0,3
4,52.82414,0,0,0,3.555031E-06,0,0,3
4,52.84032,0,0,0,3.555031E-06,0,0,3
4,52.85119,0,0,0,3.555031E-06,0,0,3
4,52.86211,0,0,0,3.555031E-06,0,0,3
4,52.87496,0,0,0,3.555031E-06,0,0,3
4,52.88623,0,0,0,3.555031E-06,0,0,3
4,52.89816,0,0,0,3.555031E-06,0,0,3
4,52.91008,0,0,0,3.555031E-06,0,0,3
4,52.92263,0,0,0,3.555031E-06,0,0,3
4,52.93398,0,0,0,3.555031E-06,0,0,3
4,52.94595,0,0,0,3.555031E-06,0,0,3
4,52.9581,0,0,0,3.555031E-06,0,0,3
4,52.97043,0,0,0,3.555031E-06,0,0,3
4,52.98263,0,0,0,3.555031E-06,0,0,3
4,52.99302,0,0,0,3.555031E-06,0,0,3
4,53.00603,0,0,0,3.555031E-06,0,0,3
4,53.01818,0,0,0,3.555031E-06,0,0,3
4,53.02879,0,0,0,3.555031E-06,0,0,3
4,53.04005,0,0,0,3.555031E-06,0,0,3
4,53.05249,0,0,0,3.555031E-06,0,0,3
4,53.06362,0,0,0,3.555031E-06,0,0,3
4,53.07402,0,0,0,3.555031E-06,0,0,3
4,53.0849,0,0,0,3.555031E-06,0,0,3
4,53.09659,0,0,0,3.555031E-06,0,0,3
4,53.10899,0,0,0,3.555031E-06,0,0,3
4,53.12329,0,0,0,3.555031E-06,0,0,3
4,53.13645,0,0,0,3.555031E-06,0,0,3
4,53.14855,0,0,0,3.555031E-06,0,0,3
4,53.16002,0,0,0,3.555031E-06,0,0,3
4,53.17118,0,0,0,3.555031E-06,0,0,3
4,53.18127,0,0,0,3.555031E-06,0,0,3
4,53.19273,0,0,0,3.555031E-06,0,0,3
4,53.2038,0,0,0,3.555031E-06,0,0,3
4,53.21504,0,0,0,3.555031E-06,0,0,3
4,53.22722,0,0,0,3.555031E-06,0,0,3
4,53.2386,0,0,0,3.555031E-06,0,0,3
4,53.2508,0,0,0,3.555031E-06,0,0,3
4,53.26263,0,0,0,3.555031E-06,0,0,3
4,53.27437,0,0,0,3.555031E-06,0,0,3
4,53.2857,0,0,0,3.555031E-06,0,0,3
4,53.29863,0,0,0,3.555031E-06,0,0,3
4,53.31447,0,0,0,3.555031E-06,0,0,3
4,53.32841,0,0,0,3.555031E-06,0,0,3
4,53.34496,0,0,0,3.555031E-06,0,0,3
4,53.3634,0,0,0,3.555031E-06,0,0,3
4,53.38083,0,0,0,3.555031E-06,0,0,3
4,53.39177,0,0,0,3.555031E-06,0,0,3
4,53.40208,0,0,0,3.555031E-06,0,0,3
4,53.41269,0,0,0,3.555031E-06,0,0,3
4,53.42333,0,0,0,3.555031E-06,0,0,3
4,53.4342,0,0,0,3.555031E-06,0,0,3
4,53.44344,0,0,0,3.555031E-06,0,0,3
4,53.45418,0,0,0,3.555031E-06,0,0,3
4,53.46607,0,0,0,3.555031E-06,0,0,3
4,53.47633,0,0,0,3.555031E-06,0,0,3
4,53.48724,0,0,0,3.555031E-06,0,0,3
4,53.49929,0,0,0,3.555031E-06,0,0,3
4,53.50984,0,0,0,3.555031E-06,0,0,3
4,53.51847,0,0,0,3.555031E-06,0,0,3
4,53.52715,0,0,0,3.555031E-06,0,0,3
4,53.536,0,0,0,3.555031E-06,0,0,3
4,53.54568,0,0,0,3.555031E-06,0,0,3
4,53.5531,0,0,0,3.555031E-06,0,0,3
4,53.56295,0,0,0,3.555031E-06,0,0,3
4,53.57269,0,0,0,3.555031E-06,0,0,3
4,53.58244,0,0,0,3.555031E-06,0,0,3
4,53.59229,0,0,0,3.555031E-06,0,0,3
4,53.6006,0,0,0,3.555031E-06,0,0,3
4,53.61154,0,0,0,3.555031E-06,0,0,3
4,53.62006,0,0,0,3.555031E-06,0,0,3
4,53.62842,0,0,0,3.555031E-06,0,0,3
4,53.63721,0,0,0,3.555031E-06,0,0,3
4,53.64543,0,0,0,3.555031E-06,0,0,3
4,53.65411,0,0,0,3.555031E-06,0,0,3
4,53.66253,0,0,0,3.555031E-06,0,0,3
4,53.67111,0,0,0,3.555031E-06,0,0,3
4,53.67877,0,0,0,3.555031E-06,0,0,3
4,53.68941,0,0,0,3.555031E-06,0,0,3
4,53.69812,0,0,0,3.555031E-06,0,0,3
4,53.7091,0,0,0,3.555031E-06,0,0,3
4,53.71863,0,0,0,3.555031E-06,0,0,3
4,53.72861,0,0,0,3.555031E-06,0,0,3
4,53.73737,0,0,0,3.555031E-06,0,0,3
4,53.74669,0,0,0,3.555031E-06,0,0,3
4,53.75542,0,0,0,3.555031E-06,0,0,3
4,53.76352,0,0,0,3.555031E-06,0,0,3
4,53.77214,0,0,0,3.555031E-06,0,0,3
4,53.78084,0,0,0,3.555031E-06,0,0,3
4,53.78877,0,0,0,3.555031E-06,0,0,3
4,53.79618,0,0,0,3.555031E-06,0,0,3
4,53.80366,0,0,0,3.555031E-06,0,0,3
4,53.81229,0,0,0,3.555031E-06,0,0,3
4,53.81971,0,0,0,3.555031E-06,0,0,3
4,53.82998,0,0,0,3.555031E-06,0,0,3
4,53.84062,0,0,0,3.555031E-06,0,0,3
4,53.85196,0,0,0,3.555031E-06,0,0,3
4,53.86426,0,0,0,3.555031E-06,0,0,3
4,53.87426,0,0,0,3.555031E-06,0,0,3
4,53.88308,0,0,0,3.555031E-06,0,0,3
4,53.89196,0,0,0,3.555031E-06,0,0,3
4,53.90005,0,0,0,3.555031E-06,0,0,3
4,53.90821,0,0,0,3.555031E-06,0,0,3
4,53.9166,0,0,0,3.555031E-06,0,0,3
4,53.92501,0,0,0,3.555031E-06,0,0,3
4,53.9343,0,0,0,3.555031E-06,0,0,3
4,53.9444,0,0,0,3.555031E-06,0,0,3
4,53.9533,0,0,0,3.555031E-06,0,0,3
4,53.96283,0,0,0,3.555031E-06,0,0,3
4,53.97298,0,0,0,3.555031E-06,0,0,3
4,53.98161,0,0,0,3.555031E-06,0,0,3
4,53.99094,0,0,0,3.555031E-06,0,0,3
4,54.00245,0,0,0,3.555031E-06,0,0,3
4,54.01427,0,0,0,3.555031E-06,0,0,3
4,54.02587,0,0,0,3.555031E-06,0,0,3
4,54.03761,0,0,0,3.555031E-06,0,0,3
4,54.04843,0,0,0,3.555031E-06,0,0,3
4,54.0571,0,0,0,3.555031E-06,0,0,3
4,54.06684,0,0,0,3.555031E-06,0,0,3
4,54.07665,0,0,0,3.555031E-06,0,0,3
4,54.08646,0,0,0,3.555031E-06,0,0,3
4,54.09714,0,0,0,3.555031E-06,0,0,3
4,54.10899,0,0,0,3.555031E-06,0,0,3
4,54.12,0,0,0,3.555031E-06,0,0,3
4,54.13113,0,0,0,3.555031E-06,0,0,3
4,54.14122,0,0,0,3.555031E-06,0,0,3
4,54.15179,0,0,0,3.555031E-06,0,0,3
4,54.16257,0,0,0,3.555031E-06,0,0,3
4,54.17239,0,0,0,3.555031E-06,0,0,3
4,54.18287,0,0,0,3.555031E-06,0,0,3
4,54.1941,0,0,0,3.555031E-06,0,0,3
4,54.20587,0,0,0,3.555031E-06,0,0,3
4,54.21729,0,0,0,3.555031E-06,0,0,3
4,54.22762,0,0,0,3.555031E-06,0,0,3
4,54.23809,0,0,0,3.555031E-06,0,0,3
4,54.24876,0,0,0,3.555031E-06,0,0,3
4,54.25886,0,0,0,3.555031E-06,0,0,3
4,54.26944,0,0,0,3.555031E-06,0,0,3
4,54.27981,0,0,0,3.555031E-06,0,0,3
4,54.2906,0,0,0,3.555031E-06,0,0,3
4,54.30272,0,0,0,3.555031E-06,0,0,3
4,54.31424,0,0,0,3.555031E-06,0,0,3
4,54.3252,0,0,0,3.555031E-06,0,0,3
4,54.33583,0,0,0,3.555031E-06,0,0,3
4,54.34638,0,0,0,3.555031E-06,0,0,3
4,54.35568,0,0,0,3.555031E-06,0,0,3
4,54.36546,0,0,0,3.555031E-06,0,0,3
4,54.3759,0,0,0,3.555031E-06,0,0,3
4,54.38758,0,0,0,3.555031E-06,0,0,3
4,54.40071,0,0,0,3.555031E-06,0,0,3
4,54.41259,0,0,0,3.555031E-06,0,0,3
4,54.42273,0,0,0,3.555031E-06,0,0,3
4,54.43412,0,0,0,3.555031E-06,0,0,3
4,54.44302,0,0,0,3.555031E-06,0,0,3
4,54.45333,0,0,0,3.555031E-06,0,0,3
4,54.46308,0,0,0,3.555031E-06,0,0,3
4,54.473,0,0,0,3.555031E-06,0,0,3
4,54.48278,0,0,0,3.555031E-06,0,0,3
4,54.49395,0,0,0,3.555031E-06,0,0,3
4,54.50509,0,0,0,3.555031E-06,0,0,3
4,54.51583,0,0,0,3.555031E-06,0,0,3
4,54.52666,0,0,0,3.555031E-06,0,0,3
4,54.53653,0,0,0,3.555031E-06,0,0,3
4,54.54679,0,0,0,3.555031E-06,0,0,3
4,54.55719,0,0,0,3.555031E-06,0,0,3
4,54.56791,0,0,0,3.555031E-06,0,0,3
4,54.57922,0,0,0,3.555031E-06,0,0,3
4,54.58939,0,0,0,3.555031E-06,0,0,3
4,54.59793,0,0,0,3.555031E-06,0,0,3
4,54.60777,0,0,0,3.555031E-06,0,0,3
4,54.61648,0,0,0,3.555031E-06,0,0,3
4,54.6247,0,0,0,3.555031E-06,0,0,3
4,54.63381,0,0,0,3.555031E-06,0,0,3
4,54.64201,0,0,0,3.555031E-06,0,0,3
4,54.65067,0,0,0,3.555031E-06,0,0,3
4,54.65844,0,0,0,3.555031E-06,0,0,3
4,54.66658,0,0,0,3.555031E-06,0,0,3
4,54.67395,0,0,0,3.555031E-06,0,0,3
4,54.68198,0,0,0,3.555031E-06,0,0,3
4,54.69033,0,0,0,3.555031E-06,0,0,3
4,54.69819,0,0,0,3.555031E-06,0,0,3
4,54.70564,0,0,0,3.555031E-06,0,0,3
4,54.71598,0,0,0,3.555031E-06,0,0,3
4,54.72547,0,0,0,3.555031E-06,0,0,3
4,54.73436,0,0,0,3.555031E-06,0,0,3
4,54.74234,0,0,0,3.555031E-06,0,0,3
4,54.75106,0,0,0,3.555031E-06,0,0,3
4,54.76073,0,0,0,3.555031E-06,0,0,3
4,54.77091,0,0,0,3.555031E-06,0,0,3
4,54.7813,0,0,0,3.555031E-06,0,0,3
4,54.79026,0,0,0,3.555031E-06,0,0,3
4,54.79916,0,0,0,3.555031E-06,0,0,3
4,54.80671,0,0,0,3.555031E-06,0,0,3
4,54.81507,0,0,0,3.555031E-06,0,0,3
4,54.82378,0,0,0,3.555031E-06,0,0,3
4,54.83108,0,0,0,3.555031E-06,0,0,3
4,54.83845,0,0,0,3.555031E-06,0,0,3
4,54.84698,0,0,0,3.555031E-06,0,0,3
4,54.85643,0,0,0,3.555031E-06,0,0,3
4,54.86788,0,0,0,3.555031E-06,0,0,3
4,54.87961,0,0,0,3.555031E-06,0,0,3
4,54.89074,0,0,0,3.555031E-06,0,0,3
4,54.89962,0,0,0,3.555031E-06,0,0,3
4,54.90826,0,0,0,3.555031E-06,0,0,3
4,54.91637,0,0,0,3.555031E-06,0,0,3
4,54.92463,0,0,0,3.555031E-06,0,0,3
4,54.93363,0,0,0,3.555031E-06,0,0,3
4,54.94116,0,0,0,3.555031E-06,0,0,3
4,54.95008,0,0,0,3.555031E-06,0,0,3
4,54.95905,0,0,0,3.555031E-06,0,0,3
4,54.96815,0,0,0,3.555031E-06,0,0,3
4,54.97546,0,0,0,3.555031E-06,0,0,3
4,54.98345,0,0,0,3.555031E-06,0,0,3
4,54.99083,0,0,0,3.555031E-06,0,0,3
4,54.99845,0,0,0,3.555031E-06,0,0,3
4,55.00618,0,0,0,3.555031E-06,0,0,3
4,55.01561,0,0,0,3.555031E-06,0,0,3
4,55.0234,0,0,0,3.555031E-06,0,0,3
4,55.03191,0,0,0,3.555031E-06,0,0,3
4,55.04036,0,0,0,3.555031E-06,0,0,3
4,55.05025,0,0,0,3.555031E-06,0,0,3
4,55.05807,0,0,0,3.555031E-06,0,0,3
4,55.06693,0,0,0,3.555031E-06,0,0,3
4,55.0755,0,0,0,3.555031E-06,0,0,3
4,55.08461,0,0,0,3.555031E-06,0,0,3
4,55.09243,0,0,0,3.555031E-06,0,0,3
4,55.1014,0,0,0,3.555031E-06,0,0,3
4,55.11004,0,0,0,3.555031E-06,0,0,3
4,55.11858,0,0,0,3.555031E-06,0,0,3
4,55.12694,0,0,0,3.555031E-06,0,0,3
4,55.13719,0,0,0,3.555031E-06,0,0,3
4,55.14748,0,0,0,3.555031E-06,0,0,3
4,55.17018,0,0,0,3.555031E-06,0,0,3
4,55.17992,0,0,0,3.555031E-06,0,0,3
4,55.18948,0,0,0,3.555031E-06,0,0,3
4,55.19765,0,0,0,3.555031E-06,0,0,3
4,55.20583,0,0,0,3.555031E-06,0,0,3
4,55.21494,0,0,0,3.555031E-06,0,0,3
4,55.22619,0,0,0,3.555031E-06,0,0,3
4,55.23745,0,0,0,3.555031E-06,0,0,3
4,55.24991,0,0,0,3.555031E-06,0,0,3
4,55.26073,0,0,0,3.555031E-06,0,0,3
4,55.27146,0,0,0,3.555031E-06,0,0,3
4,55.28308,0,0,0,3.555031E-06,0,0,3
4,55.29397,0,0,0,3.555031E-06,0,0,3
4,55.30623,0,0,0,3.555031E-06,0,0,3
4,55.31789,0,0,0,3.555031E-06,0,0,3
4,55.32996,0,0,0,3.555031E-06,0,0,3
4,55.34124,0,0,0,3.555031E-06,0,0,3
4,55.35389,0,0,0,3.555031E-06,0,0,3
4,55.36492,0,0,0,3.555031E-06,0,0,3
4,55.37546,0,0,0,3.555031E-06,0,0,3
4,55.38619,0,0,0,3.555031E-06,0,0,3
4,55.39715,0,0,0,3.555031E-06,0,0,3
4,55.40731,0,0,0,3.555031E-06,0,0,3
4,55.41788,0,0,0,3.555031E-06,0,0,3
4,55.42863,0,0,0,3.555031E-06,0,0,3
4,55.43902,0,0,0,3.555031E-06,0,0,3
4,55.44945,0,0,0,3.555031E-06,0,0,3
4,55.46003,0,0,0,3.555031E-06,0,0,3
4,55.47039,0,0,0,3.555031E-06,0,0,3
4,55.48052,0,0,0,3.555031E-06,0,0,3
4,55.49158,0,0,0,3.555031E-06,0,0,3
4,55.50255,0,0,0,3.555031E-06,0,0,3
4,55.51216,0,0,0,3.555031E-06,0,0,3
4,55.52355,0,0,0,3.555031E-06,0,0,3
4,55.53468,0,0,0,3.555031E-06,0,0,3
4,55.5458,0,0,0,3.555031E-06,0,0,3
4,55.55698,0,0,0,3.555031E-06,0,0,3
4,55.56767,0,0,0,3.555031E-06,0,0,3
4,55.57642,0,0,0,3.555031E-06,0,0,3
4,55.58606,0,0,0,3.555031E-06,0,0,3
4,55.59543,0,0,0,3.555031E-06,0,0,3
4,55.6053,0,0,0,3.555031E-06,0,0,3
4,55.61444,0,0,0,3.555031E-06,0,0,3
4,55.62452,0,0,0,3.555031E-06,0,0,3
4,55.63452,0,0,0,3.555031E-06,0,0,3
4,55.64371,0,0,0,3.555031E-06,0,0,3
4,55.65448,0,0,0,3.555031E-06,0,0,3
4,55.66436,0,0,0,3.555031E-06,0,0,3
4,55.67381,0,0,0,3.555031E-06,0,0,3
4,55.68367,0,0,0,3.555031E-06,0,0,3
4,55.6937,0,0,0,3.555031E-06,0,0,3
4,55.70491,0,0,0,3.555031E-06,0,0,3
4,55.71581,0,0,0,3.555031E-06,0,0,3
4,55.72548,0,0,0,3.555031E-06,0,0,3
4,55.73496,0,0,0,3.555031E-06,0,0,3
4,55.74503,0,0,0,3.555031E-06,0,0,3
4,55.75555,0,0,0,3.555031E-06,0,0,3
4,55.76395,0,0,0,3.555031E-06,0,0,3
4,55.77316,0,0,0,3.555031E-06,0,0,3
4,55.78156,0,0,0,3.555031E-06,0,0,3
4,55.7896,0,0,0,3.555031E-06,0,0,3
4,55.79714,0,0,0,3.555031E-06,0,0,3
4,55.80452,0,0,0,3.555031E-06,0,0,3
4,55.81284,0,0,0,3.555031E-06,0,0,3
4,55.82,0,0,0,3.555031E-06,0,0,3
4,55.8287,0,0,0,3.555031E-06,0,0,3
4,55.8369,0,0,0,3.555031E-06,0,0,3
4,55.84509,0,0,0,3.555031E-06,0,0,3
4,55.85295,0,0,0,3.555031E-06,0,0,3
4,55.86298,0,0,0,3.555031E-06,0,0,3
4,55.87264,0,0,0,3.555031E-06,0,0,3
4,55.88182,0,0,0,3.555031E-06,0,0,3
4,55.89182,0,0,0,3.555031E-06,0,0,3
4,55.90532,0,0,0,3.555031E-06,0,0,3
4,55.91605,0,0,0,3.555031E-06,0,0,3
4,55.92448,0,0,0,3.555031E-06,0,0,3
4,55.93346,0,0,0,3.555031E-06,0,0,3
4,55.94104,0,0,0,3.555031E-06,0,0,3
4,55.94955,0,0,0,3.555031E-06,0,0,3
4,55.95719,0,0,0,3.555031E-06,0,0,3
4,55.96438,0,0,0,3.555031E-06,0,0,3
4,55.97318,0,0,0,3.555031E-06,0,0,3
4,55.98228,0,0,0,3.555031E-06,0,0,3
4,55.99065,0,0,0,3.555031E-06,0,0,3
4,55.9986,0,0,0,3.555031E-06,0,0,3
4,56.00793,0,0,0,3.555031E-06,0,0,3
4,56.01751,0,0,0,3.555031E-06,0,0,3
4,56.0251,0,0,0,3.555031E-06,0,0,3
4,56.03391,0,0,0,3.555031E-06,0,0,3
4,56.04166,0,0,0,3.555031E-06,0,0,3
4,56.04954,0,0,0,3.555031E-06,0,0,3
4,56.05699,0,0,0,3.555031E-06,0,0,3
4,56.06495,0,0,0,3.555031E-06,0,0,3
4,56.0733,0,0,0,3.555031E-06,0,0,3
4,56.08134,0,0,0,3.555031E-06,0,0,3
4,56.08937,0,0,0,3.555031E-06,0,0,3
4,56.09655,0,0,0,3.555031E-06,0,0,3
4,56.10435,0,0,0,3.555031E-06,0,0,3
4,56.11363,0,0,0,3.555031E-06,0,0,3
4,56.12299,0,0,0,3.555031E-06,0,0,3
4,56.13111,0,0,0,3.555031E-06,0,0,3
4,56.14026,0,0,0,3.555031E-06,0,0,3
4,56.14801,0,0,0,3.555031E-06,0,0,3
4,56.15691,0,0,0,3.555031E-06,0,0,3
4,56.16385,0,0,0,3.555031E-06,0,0,3
4,56.17194,0,0,0,3.555031E-06,0,0,3
4,56.17987,0,0,0,3.555031E-06,0,0,3
4,56.18863,0,0,0,3.555031E-06,0,0,3
4,56.19633,0,0,0,3.555031E-06,0,0,3
4,56.20517,0,0,0,3.555031E-06,0,0,3
4,56.213,0,0,0,3.555031E-06,0,0,3
4,56.22043,0,0,0,3.555031E-06,0,0,3
4,56.22749,0,0,0,3.555031E-06,0,0,3
4,56.23592,0,0,0,3.555031E-06,0,0,3
4,56.24276,0,0,0,3.555031E-06,0,0,3
4,56.25117,0,0,0,3.555031E-06,0,0,3
4,56.25945,0,0,0,3.555031E-06,0,0,3
4,56.26885,0,0,0,3.555031E-06,0,0,3
4,56.27754,0,0,0,3.555031E-06,0,0,3
4,56.28525,0,0,0,3.555031E-06,0,0,3
4,56.29478,0,0,0,3.555031E-06,0,0,3
4,56.30549,0,0,0,3.555031E-06,0,0,3
4,56.31503,0,0,0,3.555031E-06,0,0,3
4,56.32495,0,0,0,3.555031E-06,0,0,3
4,56.33816,0,0,0,3.555031E-06,0,0,3
4,56.34943,0,0,0,3.555031E-06,0,0,3
4,56.35944,0,0,0,3.555031E-06,0,0,3
4,56.37027,0,0,0,3.555031E-06,0,0,3
4,56.37989,0,0,0,3.555031E-06,0,0,3
4,56.39071,0,0,0,3.555031E-06,0,0,3
4,56.4017,0,0,0,3.555031E-06,0,0,3
4,56.41328,0,0,0,3.555031E-06,0,0,3
4,56.42483,0,0,0,3.555031E-06,0,0,3
4,56.43512,0,0,0,3.555031E-06,0,0,3
4,56.44604,0,0,0,3.555031E-06,0,0,3
4,56.45675,0,0,0,3.555031E-06,0,0,3
4,56.46806,0,0,0,3.555031E-06,0,0,3
4,56.47878,0,0,0,3.555031E-06,0,0,3
4,56.49021,0,0,0,3.555031E-06,0,0,3
4,56.5008,0,0,0,3.555031E-06,0,0,3
4,56.51142,0,0,0,3.555031E-06,0,0,3
4,56.5225,0,0,0,3.555031E-06,0,0,3
4,56.53409,0,0,0,3.555031E-06,0,0,3
4,56.54535,0,0,0,3.555031E-06,0,0,3
4,56.55566,0,0,0,3.555031E-06,0,0,3
4,56.56522,0,0,0,3.555031E-06,0,0,3
4,56.57594,0,0,0,3.555031E-06,0,0,3
4,56.5873,0,0,0,3.555031E-06,0,0,3
4,56.59817,0,0,0,3.555031E-06,0,0,3
4,56.60938,0,0,0,3.555031E-06,0,0,3
4,56.61887,0,0,0,3.555031E-06,0,0,3
4,56.62899,0,0,0,3.555031E-06,0,0,3
4,56.63948,0,0,0,3.555031E-06,0,0,3
4,56.65049,0,0,0,3.555031E-06,0,0,3
4,56.66196,0,0,0,3.555031E-06,0,0,3
4,56.67336,0,0,0,3.555031E-06,0,0,3
4,56.68203,0,0,0,3.555031E-06,0,0,3
4,56.69403,0,0,0,3.555031E-06,0,0,3
4,56.70435,0,0,0,3.555031E-06,0,0,3
4,56.71482,0,0,0,3.555031E-06,0,0,3
4,56.72554,0,0,0,3.555031E-06,0,0,3
4,56.73639,0,0,0,3.555031E-06,0,0,3
4,56.74782,0,0,0,3.555031E-06,0,0,3
4,56.76001,0,0,0,3.555031E-06,0,0,3
4,56.77158,0,0,0,3.555031E-06,0,0,3
4,56.78179,0,0,0,3.555031E-06,0,0,3
4,56.79206,0,0,0,3.555031E-06,0,0,3
4,56.8023,0,0,0,3.555031E-06,0,0,3
4,56.81221,0,0,0,3.555031E-06,0,0,3
4,56.82296,0,0,0,3.555031E-06,0,0,3
4,56.83138,0,0,0,3.555031E-06,0,0,3
4,56.842,0,0,0,3.555031E-06,0,0,3
4,56.85257,0,0,0,3.555031E-06,0,0,3
4,56.86242,0,0,0,3.555031E-06,0,0,3
4,56.87186,0,0,0,3.555031E-06,0,0,3
4,56.88264,0,0,0,3.555031E-06,0,0,3
4,56.89563,0,0,0,3.555031E-06,0,0,3
4,56.90659,0,0,0,3.555031E-06,0,0,3
4,56.91559,0,0,0,3.555031E-06,0,0,3
4,56.92587,0,0,0,3.555031E-06,0,0,3
4,56.93924,0,0,0,3.555031E-06,0,0,3
4,56.94926,0,0,0,3.555031E-06,0,0,3
4,56.95847,0,0,0,3.555031E-06,0,0,3
4,56.96681,0,0,0,3.555031E-06,0,0,3
4,56.97517,0,0,0,3.555031E-06,0,0,3
4,56.98321,0,0,0,3.555031E-06,0,0,3
4,56.99296,0,0,0,3.555031E-06,0,0,3
4,57.01372,0,0,0,3.555031E-06,0,0,3
4,57.0209,0,0,0,3.555031E-06,0,0,3
4,57.02945,0,0,0,3.555031E-06,0,0,3
4,57.03747,0,0,0,3.555031E-06,0,0,3
4,57.04612,0,0,0,3.555031E-06,0,0,3
4,57.05445,0,0,0,3.555031E-06,0,0,3
4,57.06365,0,0,0,3.555031E-06,0,0,3
4,57.07153,0,0,0,3.555031E-06,0,0,3
4,57.07977,0,0,0,3.555031E-06,0,0,3
4,57.08728,0,0,0,3.555031E-06,0,0,3
4,57.0954,0,0,0,3.555031E-06,0,0,3
4,57.10265,0,0,0,3.555031E-06,0,0,3
4,57.11223,0,0,0,3.555031E-06,0,0,3
4,57.11977,0,0,0,3.555031E-06,0,0,3
4,57.12835,0,0,0,3.555031E-06,0,0,3
4,57.13659,0,0,0,3.555031E-06,0,0,3
4,57.14492,0,0,0,3.555031E-06,0,0,3
4,57.15199,0,0,0,3.555031E-06,0,0,3
4,57.16056,0,0,0,3.555031E-06,0,0,3
4,57.16845,0,0,0,3.555031E-06,0,0,3
4,57.17686,0,0,0,3.555031E-06,0,0,3
4,57.18511,0,0,0,3.555031E-06,0,0,3
4,57.19464,0,0,0,3.555031E-06,0,0,3
4,57.20297,0,0,0,3.555031E-06,0,0,3
4,57.21023,0,0,0,3.555031E-06,0,0,3
4,57.22049,0,0,0,3.555031E-06,0,0,3
4,57.2281,0,0,0,3.555031E-06,0,0,3
4,57.23576,0,0,0,3.555031E-06,0,0,3
4,57.24289,0,0,0,3.555031E-06,0,0,3
4,57.25156,0,0,0,3.555031E-06,0,0,3
4,57.25863,0,0,0,3.555031E-06,0,0,3
4,57.26652,0,0,0,3.555031E-06,0,0,3
4,57.27408,0,0,0,3.555031E-06,0,0,3
4,57.28274,0,0,0,3.555031E-06,0,0,3
4,57.29143,0,0,0,3.555031E-06,0,0,3
4,57.30002,0,0,0,3.555031E-06,0,0,3
4,57.30714,0,0,0,3.555031E-06,0,0,3
4,57.31564,0,0,0,3.555031E-06,0,0,3
4,57.3236,0,0,0,3.555031E-06,0,0,3
4,57.332,0,0,0,3.555031E-06,0,0,3
4,57.34034,0,0,0,3.555031E-06,0,0,3
4,57.35096,0,0,0,3.555031E-06,0,0,3
4,57.36004,0,0,0,3.555031E-06,0,0,3
4,57.36776,0,0,0,3.555031E-06,0,0,3
4,57.37599,0,0,0,3.555031E-06,0,0,3
4,57.3847,0,0,0,3.555031E-06,0,0,3
4,57.39232,0,0,0,3.555031E-06,0,0,3
4,57.39986,0,0,0,3.555031E-06,0,0,3
4,57.40833,0,0,0,3.555031E-06,0,0,3
4,57.4171,0,0,0,3.555031E-06,0,0,3
4,57.42598,0,0,0,3.555031E-06,0,0,3
4,57.43515,0,0,0,3.555031E-06,0,0,3
4,57.44377,0,0,0,3.555031E-06,0,0,3
4,57.45363,0,0,0,3.555031E-06,0,0,3
4,57.46227,0,0,0,3.555031E-06,0,0,3
4,57.47242,0,0,0,3.555031E-06,0,0,3
4,57.48377,0,0,0,3.555031E-06,0,0,3
4,57.49409,0,0,0,3.555031E-06,0,0,3
4,57.50439,0,0,0,3.555031E-06,0,0,3
4,57.51397,0,0,0,3.555031E-06,0,0,3
4,57.52257,0,0,0,3.555031E-06,0,0,3
4,57.53203,0,0,0,3.555031E-06,0,0,3
4,57.54162,0,0,0,3.555031E-06,0,0,3
4,57.55226,0,0,0,3.555031E-06,0,0,3
4,57.56389,0,0,0,3.555031E-06,0,0,3
4,57.57478,0,0,0,3.555031E-06,0,0,3
4,57.58517,0,0,0,3.555031E-06,0,0,3
4,57.59691,0,0,0,3.555031E-06,0,0,3
4,57.60892,0,0,0,3.555031E-06,0,0,3
4,57.61912,0,0,0,3.555031E-06,0,0,3
4,57.62957,0,0,0,3.555031E-06,0,0,3
4,57.64069,0,0,0,3.555031E-06,0,0,3
4,57.65102,0,0,0,3.555031E-06,0,0,3
4,57.66237,0,0,0,3.555031E-06,0,0,3
4,57.67323,0,0,0,3.555031E-06,0,0,3
4,57.68478,0,0,0,3.555031E-06,0,0,3
4,57.69606,0,0,0,3.555031E-06,0,0,3
4,57.70664,0,0,0,3.555031E-06,0,0,3
4,57.71799,0,0,0,3.555031E-06,0,0,3
4,57.73037,0,0,0,3.555031E-06,0,0,3
4,57.74134,0,0,0,3.555031E-06,0,0,3
4,57.75206,0,0,0,3.555031E-06,0,0,3
4,57.7616,0,0,0,3.555031E-06,0,0,3
4,57.77267,0,0,0,3.555031E-06,0,0,3
4,57.78445,0,0,0,3.555031E-06,0,0,3
4,57.79486,0,0,0,3.555031E-06,0,0,3
4,57.8049,0,0,0,3.555031E-06,0,0,3
4,57.81546,0,0,0,3.555031E-06,0,0,3
4,57.82564,0,0,0,3.555031E-06,0,0,3
4,57.83516,0,0,0,3.555031E-06,0,0,3
4,57.84577,0,0,0,3.555031E-06,0,0,3
4,57.85585,0,0,0,3.555031E-06,0,0,3
4,57.86782,0,0,0,3.555031E-06,0,0,3
4,57.87981,0,0,0,3.555031E-06,0,0,3
4,57.89191,0,0,0,3.555031E-06,0,0,3
4,57.90309,0,0,0,3.555031E-06,0,0,3
4,57.91506,0,0,0,3.555031E-06,0,0,3
4,57.92508,0,0,0,3.555031E-06,0,0,3
4,57.9357,0,0,0,3.555031E-06,0,0,3
4,57.94515,0,0,0,3.555031E-06,0,0,3
4,57.95748,0,0,0,3.555031E-06,0,0,3
4,57.97356,0,0,0,3.555031E-06,0,0,3
4,57.9869,0,0,0,3.555031E-06,0,0,3
4,57.99994,0,0,0,3.555031E-06,0,0,3
4,58.01245,0,0,0,3.555031E-06,0,0,3
4,58.02443,0,0,0,3.555031E-06,0,0,3
4,58.0355,0,0,0,3.555031E-06,0,0,3
4,58.04629,0,0,0,3.555031E-06,0,0,3
4,58.05636,0,0,0,3.555031E-06,0,0,3
4,58.06548,0,0,0,3.555031E-06,0,0,3
4,58.07642,0,0,0,3.555031E-06,0,0,3
4,58.08479,0,0,0,3.555031E-06,0,0,3
4,58.0934,0,0,0,3.555031E-06,0,0,3
4,58.10376,0,0,0,3.555031E-06,0,0,3
4,58.11377,0,0,0,3.555031E-06,0,0,3
4,58.12455,0,0,0,3.555031E-06,0,0,3
4,58.13223,0,0,0,3.555031E-06,0,0,3
4,58.14124,0,0,0,3.555031E-06,0,0,3
4,58.14967,0,0,0,3.555031E-06,0,0,3
4,58.15879,0,0,0,3.555031E-06,0,0,3
4,58.16747,0,0,0,3.555031E-06,0,0,3
4,58.17524,0,0,0,3.555031E-06,0,0,3
4,58.1863,0,0,0,3.555031E-06,0,0,3
4,58.19514,0,0,0,3.555031E-06,0,0,3
4,58.20372,0,0,0,3.555031E-06,0,0,3
4,58.21232,0,0,0,3.555031E-06,0,0,3
4,58.22054,0,0,0,3.555031E-06,0,0,3
4,58.22833,0,0,0,3.555031E-06,0,0,3
4,58.23772,0,0,0,3.555031E-06,0,0,3
4,58.24664,0,0,0,3.555031E-06,0,0,3
4,58.25558,0,0,0,3.555031E-06,0,0,3
4,58.26458,0,0,0,3.555031E-06,0,0,3
4,58.27408,0,0,0,3.555031E-06,0,0,3
4,58.28284,0,0,0,3.555031E-06,0,0,3
4,58.29443,0,0,0,3.555031E-06,0,0,3
4,58.30378,0,0,0,3.555031E-06,0,0,3
4,58.31478,0,0,0,3.555031E-06,0,0,3
4,58.32431,0,0,0,3.555031E-06,0,0,3
4,58.3334,0,0,0,3.555031E-06,0,0,3
4,58.34328,0,0,0,3.555031E-06,0,0,3
4,58.35197,0,0,0,3.555031E-06,0,0,3
4,58.36176,0,0,0,3.555031E-06,0,0,3
4,58.37217,0,0,0,3.555031E-06,0,0,3
4,58.38213,0,0,0,3.555031E-06,0,0,3
4,58.39149,0,0,0,3.555031E-06,0,0,3
4,58.40175,0,0,0,3.555031E-06,0,0,3
4,58.41108,0,0,0,3.555031E-06,0,0,3
4,58.41997,0,0,0,3.555031E-06,0,0,3
4,58.42863,0,0,0,3.555031E-06,0,0,3
4,58.43775,0,0,0,3.555031E-06,0,0,3
4,58.44684,0,0,0,3.555031E-06,0,0,3
4,58.45551,0,0,0,3.555031E-06,0,0,3
4,58.46296,0,0,0,3.555031E-06,0,0,3
4,58.4712,0,0,0,3.555031E-06,0,0,3
4,58.47929,0,0,0,3.555031E-06,0,0,3
4,58.48686,0,0,0,3.555031E-06,0,0,3
4,58.49545,0,0,0,3.555031E-06,0,0,3
4,58.50497,0,0,0,3.555031E-06,0,0,3
4,58.51361,0,0,0,3.555031E-06,0,0,3
4,58.52131,0,0,0,3.555031E-06,0,0,3
4,58.53234,0,0,0,3.555031E-06,0,0,3
4,58.54283,0,0,0,3.555031E-06,0,0,3
4,58.55207,0,0,0,3.555031E-06,0,0,3
4,58.56158,0,0,0,3.555031E-06,0,0,3
4,58.57101,0,0,0,3.555031E-06,0,0,3
4,58.57996,0,0,0,3.555031E-06,0,0,3
4,58.58773,0,0,0,3.555031E-06,0,0,3
4,58.59699,0,0,0,3.555031E-06,0,0,3
4,58.60585,0,0,0,3.555031E-06,0,0,3
4,58.61471,0,0,0,3.555031E-06,0,0,3
4,58.62579,0,0,0,3.555031E-06,0,0,3
4,58.63639,0,0,0,3.555031E-06,0,0,3
4,58.64679,0,0,0,3.555031E-06,0,0,3
4,58.65811,0,0,0,3.555031E-06,0,0,3
4,58.66798,0,0,0,3.555031E-06,0,0,3
4,58.67721,0,0,0,3.555031E-06,0,0,3
4,58.68827,0,0,0,3.555031E-06,0,0,3
4,58.70156,0,0,0,3.555031E-06,0,0,3
4,58.71359,0,0,0,3.555031E-06,0,0,3
4,58.72663,0,0,0,3.555031E-06,0,0,3
4,58.73744,0,0,0,3.555031E-06,0,0,3
4,58.74945,0,0,0,3.555031E-06,0,0,3
4,58.76067,0,0,0,3.555031E-06,0,0,3
4,58.7718,0,0,0,3.555031E-06,0,0,3
4,58.78278,0,0,0,3.555031E-06,0,0,3
4,58.7951,0,0,0,3.555031E-06,0,0,3
4,58.80622,0,0,0,3.555031E-06,0,0,3
4,58.81755,0,0,0,3.555031E-06,0,0,3
4,58.83676,0,0,0,3.555031E-06,0,0,3
4,58.8562,0,0,0,3.555031E-06,0,0,3
4,58.86516,0,0,0,3.555031E-06,0,0,3
4,58.87737,0,0,0,3.555031E-06,0,0,3
4,58.88935,0,0,0,3.555031E-06,0,0,3
4,58.90077,0,0,0,3.555031E-06,0,0,3
4,58.9117,0,0,0,3.555031E-06,0,0,3
4,58.92138,0,0,0,3.555031E-06,0,0,3
4,58.93142,0,0,0,3.555031E-06,0,0,3
4,58.944,0,0,0,3.555031E-06,0,0,3
4,58.95521,0,0,0,3.555031E-06,0,0,3
4,58.96578,0,0,0,3.555031E-06,0,0,3
4,58.97612,0,0,0,3.555031E-06,0,0,3
4,58.98772,0,0,0,3.555031E-06,0,0,3
4,59.00222,0,0,0,3.555031E-06,0,0,3
4,59.01461,0,0,0,3.555031E-06,0,0,3
4,59.02613,0,0,0,3.555031E-06,0,0,3
4,59.03688,0,0,0,3.555031E-06,0,0,3
4,59.04839,0,0,0,3.555031E-06,0,0,3
4,59.06023,0,0,0,3.555031E-06,0,0,3
4,59.07325,0,0,0,3.555031E-06,0,0,3
4,59.08649,0,0,0,3.555031E-06,0,0,3
4,59.09866,0,0,0,3.555031E-06,0,0,3
4,59.10902,0,0,0,3.555031E-06,0,0,3
4,59.11983,0,0,0,3.555031E-06,0,0,3
4,59.13028,0,0,0,3.555031E-06,0,0,3
4,59.14094,0,0,0,3.555031E-06,0,0,3
4,59.15171,0,0,0,3.555031E-06,0,0,3
4,59.16294,0,0,0,3.555031E-06,0,0,3
4,59.1739,0,0,0,3.555031E-06,0,0,3
4,59.18538,0,0,0,3.555031E-06,0,0,3
4,59.19557,0,0,0,3.555031E-06,0,0,3
4,59.20491,0,0,0,3.555031E-06,0,0,3
4,59.21474,0,0,0,3.555031E-06,0,0,3
4,59.22382,0,0,0,3.555031E-06,0,0,3
4,59.23382,0,0,0,3.555031E-06,0,0,3
4,59.2435,0,0,0,3.555031E-06,0,0,3
4,59.25166,0,0,0,3.555031E-06,0,0,3
4,59.26074,0,0,0,3.555031E-06,0,0,3
4,59.27114,0,0,0,3.555031E-06,0,0,3
4,59.27974,0,0,0,3.555031E-06,0,0,3
4,59.28762,0,0,0,3.555031E-06,0,0,3
4,59.29669,0,0,0,3.555031E-06,0,0,3
4,59.30566,0,0,0,3.555031E-06,0,0,3
4,59.31511,0,0,0,3.555031E-06,0,0,3
4,59.32563,0,0,0,3.555031E-06,0,0,3
4,59.33363,0,0,0,3.555031E-06,0,0,3
4,59.34136,0,0,0,3.555031E-06,0,0,3
4,59.34988,0,0,0,3.555031E-06,0,0,3
4,59.35842,0,0,0,3.555031E-06,0,0,3
4,59.36685,0,0,0,3.555031E-06,0,0,3
4,59.37581,0,0,0,3.555031E-06,0,0,3
4,59.38454,0,0,0,3.555031E-06,0,0,3
4,59.39362,0,0,0,3.555031E-06,0,0,3
4,59.40191,0,0,0,3.555031E-06,0,0,3
4,59.41034,0,0,0,3.555031E-06,0,0,3
4,59.4189,0,0,0,3.555031E-06,0,0,3
4,59.42762,0,0,0,3.555031E-06,0,0,3
4,59.43722,0,0,0,3.555031E-06,0,0,3
4,59.44579,0,0,0,3.555031E-06,0,0,3
4,59.45403,0,0,0,3.555031E-06,0,0,3
4,59.46447,0,0,0,3.555031E-06,0,0,3
4,59.47356,0,0,0,3.555031E-06,0,0,3
4,59.48292,0,0,0,3.555031E-06,0,0,3
4,59.49121,0,0,0,3.555031E-06,0,0,3
4,59.49939,0,0,0,3.555031E-06,0,0,3
4,59.50718,0,0,0,3.555031E-06,0,0,3
4,59.51614,0,0,0,3.555031E-06,0,0,3
4,59.52436,0,0,0,3.555031E-06,0,0,3
4,59.53381,0,0,0,3.555031E-06,0,0,3
4,59.54204,0,0,0,3.555031E-06,0,0,3
4,59.55082,0,0,0,3.555031E-06,0,0,3
4,59.55953,0,0,0,3.555031E-06,0,0,3
4,59.56844,0,0,0,3.555031E-06,0,0,3
4,59.57647,0,0,0,3.555031E-06,0,0,3
4,59.5856,0,0,0,3.555031E-06,0,0,3
4,59.59467,0,0,0,3.555031E-06,0,0,3
4,59.60282,0,0,0,3.555031E-06,0,0,3
4,59.6101,0,0,0,3.555031E-06,0,0,3
4,59.61845,0,0,0,3.555031E-06,0,0,3
4,59.62762,0,0,0,3.555031E-06,0,0,3
4,59.63653,0,0,0,3.555031E-06,0,0,3
4,59.64457,0,0,0,3.555031E-06,0,0,3
4,59.65326,0,0,0,3.555031E-06,0,0,3
4,59.66261,0,0,0,3.555031E-06,0,0,3
4,59.67146,0,0,0,3.555031E-06,0,0,3
4,59.67987,0,0,0,3.555031E-06,0,0,3
4,59.68893,0,0,0,3.555031E-06,0,0,3
4,59.69821,0,0,0,3.555031E-06,0,0,3
4,59.70687,0,0,0,3.555031E-06,0,0,3
4,59.71642,0,0,0,3.555031E-06,0,0,3
4,59.72533,0,0,0,3.555031E-06,0,0,3
4,59.73373,0,0,0,3.555031E-06,0,0,3
4,59.74141,0,0,0,3.555031E-06,0,0,3
4,59.75117,0,0,0,3.555031E-06,0,0,3
4,59.76097,0,0,0,3.555031E-06,0,0,3
4,59.77036,0,0,0,3.555031E-06,0,0,3
4,59.78152,0,0,0,3.555031E-06,0,0,3
4,59.79218,0,0,0,3.555031E-06,0,0,3
4,59.80211,0,0,0,3.555031E-06,0,0,3
4,59.81387,0,0,0,3.555031E-06,0,0,3
4,59.8252,0,0,0,3.555031E-06,0,0,3
4,59.83508,0,0,0,3.555031E-06,0,0,3
4,59.8457,0,0,0,3.555031E-06,0,0,3
4,59.86286,0,0,0,3.555031E-06,0,0,3
4,59.88309,0,0,0,3.555031E-06,0,0,3
4,59.89796,0,0,0,3.555031E-06,0,0,3
4,59.91086,0,0,0,3.555031E-06,0,0,3
4,59.92171,0,0,0,3.555031E-06,0,0,3
4,59.93227,0,0,0,3.555031E-06,0,0,3
4,59.94386,0,0,0,3.555031E-06,0,0,3
4,59.95481,0,0,0,3.555031E-06,0,0,3
4,59.96822,0,0,0,3.555031E-06,0,0,3
4,59.97946,0,0,0,3.555031E-06,0,0,3
4,59.99003,0,0,0,3.555031E-06,0,0,3
4,60.00138,0,0,0,3.555031E-06,0,0,3
4,60.01317,0,0,0,3.555031E-06,0,0,3
4,60.02753,0,0,0,3.555031E-06,0,0,3
4,60.03973,0,0,0,3.555031E-06,0,0,3
4,60.05154,0,0,0,3.555031E-06,0,0,3
4,60.06318,0,0,0,3.555031E-06,0,0,3
4,60.07475,0,0,0,3.555031E-06,0,0,3
4,60.0844,0,0,0,3.555031E-06,0,0,3
4,60.09523,0,0,0,3.555031E-06,0,0,3
4,60.10722,0,0,0,3.555031E-06,0,0,3
4,60.11964,0,0,0,3.555031E-06,0,0,3
4,60.13153,0,0,0,3.555031E-06,0,0,3
4,60.14185,0,0,0,3.555031E-06,0,0,3
4,60.1509,0,0,0,3.555031E-06,0,0,3
4,60.16085,0,0,0,3.555031E-06,0,0,3
4,60.17155,0,0,0,3.555031E-06,0,0,3
4,60.18177,0,0,0,3.555031E-06,0,0,3
4,60.19349,0,0,0,3.555031E-06,0,0,3
4,60.20484,0,0,0,3.555031E-06,0,0,3
4,60.21478,0,0,0,3.555031E-06,0,0,3
4,60.22551,0,0,0,3.555031E-06,0,0,3
4,60.2371,0,0,0,3.555031E-06,0,0,3
4,60.24855,0,0,0,3.555031E-06,0,0,3
4,60.2607,0,0,0,3.555031E-06,0,0,3
4,60.27154,0,0,0,3.555031E-06,0,0,3
4,60.28298,0,0,0,3.555031E-06,0,0,3
4,60.29234,0,0,0,3.555031E-06,0,0,3
4,60.30277,0,0,0,3.555031E-06,0,0,3
4,60.31411,0,0,0,3.555031E-06,0,0,3
4,60.32453,0,0,0,3.555031E-06,0,0,3
4,60.33608,0,0,0,3.555031E-06,0,0,3
4,60.34796,0,0,0,3.555031E-06,0,0,3
4,60.36102,0,0,0,3.555031E-06,0,0,3
4,60.37405,0,0,0,3.555031E-06,0,0,3
4,60.3865,0,0,0,3.555031E-06,0,0,3
4,60.39638,0,0,0,3.555031E-06,0,0,3
4,60.40702,0,0,0,3.555031E-06,0,0,3
4,60.4192,0,0,0,3.555031E-06,0,0,3
4,60.43009,0,0,0,3.555031E-06,0,0,3
4,60.4402,0,0,0,3.555031E-06,0,0,3
4,60.4498,0,0,0,3.555031E-06,0,0,3
4,60.45913,0,0,0,3.555031E-06,0,0,3
4,60.46894,0,0,0,3.555031E-06,0,0,3
4,60.48015,0,0,0,3.555031E-06,0,0,3
4,60.49023,0,0,0,3.555031E-06,0,0,3
4,60.50195,0,0,0,3.555031E-06,0,0,3
4,60.51299,0,0,0,3.555031E-06,0,0,3
4,60.5211,0,0,0,3.555031E-06,0,0,3
4,60.53168,0,0,0,3.555031E-06,0,0,3
4,60.54064,0,0,0,3.555031E-06,0,0,3
4,60.5506,0,0,0,3.555031E-06,0,0,3
4,60.56162,0,0,0,3.555031E-06,0,0,3
4,60.57078,0,0,0,3.555031E-06,0,0,3
4,60.58184,0,0,0,3.555031E-06,0,0,3
4,60.59251,0,0,0,3.555031E-06,0,0,3
4,60.60231,0,0,0,3.555031E-06,0,0,3
4,60.61873,0,0,0,3.555031E-06,0,0,3
4,60.62883,0,0,0,3.555031E-06,0,0,3
4,60.63954,0,0,0,3.555031E-06,0,0,3
4,60.64822,0,0,0,3.555031E-06,0,0,3
4,60.65723,0,0,0,3.555031E-06,0,0,3
4,60.66685,0,0,0,3.555031E-06,0,0,3
4,60.6758,0,0,0,3.555031E-06,0,0,3
4,60.68784,0,0,0,3.555031E-06,0,0,3
4,60.69733,0,0,0,3.555031E-06,0,0,3
4,60.70802,0,0,0,3.555031E-06,0,0,3
4,60.7182,0,0,0,3.555031E-06,0,0,3
4,60.7269,0,0,0,3.555031E-06,0,0,3
4,60.73949,0,0,0,3.555031E-06,0,0,3
4,60.74888,0,0,0,3.555031E-06,0,0,3
4,60.75774,0,0,0,3.555031E-06,0,0,3
4,60.76837,0,0,0,3.555031E-06,0,0,3
4,60.7767,0,0,0,3.555031E-06,0,0,3
4,60.78632,0,0,0,3.555031E-06,0,0,3
4,60.80572,0,0,0,3.555031E-06,0,0,3
4,60.81477,0,0,0,3.555031E-06,0,0,3
4,60.82466,0,0,0,3.555031E-06,0,0,3
4,60.83315,0,0,0,3.555031E-06,0,0,3
4,60.84512,0,0,0,3.555031E-06,0,0,3
4,60.85323,0,0,0,3.555031E-06,0,0,3
4,60.86393,0,0,0,3.555031E-06,0,0,3
4,60.87605,0,0,0,3.555031E-06,0,0,3
4,60.8865,0,0,0,3.555031E-06,0,0,3
4,60.89686,0,0,0,3.555031E-06,0,0,3
4,60.90697,0,0,0,3.555031E-06,0,0,3
4,60.91604,0,0,0,3.555031E-06,0,0,3
4,60.92647,0,0,0,3.555031E-06,0,0,3
4,60.93668,0,0,0,3.555031E-06,0,0,3
4,60.97457,0,0,0,3.555031E-06,0,0,3
4,61.00471,0,0,0,3.555031E-06,0,0,3
4,61.02025,0,0,0,3.555031E-06,0,0,3
4,61.02975,0,0,0,3.555031E-06,0,0,3
4,61.03802,0,0,0,3.555031E-06,0,0,3
4,61.04905,0,0,0,3.555031E-06,0,0,3
4,61.06857,0,0,0,3.555031E-06,0,0,3
4,61.08032,0,0,0,3.555031E-06,0,0,3
4,61.09192,0,0,0,3.555031E-06,0,0,3
4,61.10369,0,0,0,3.555031E-06,0,0,3
4,61.11546,0,0,0,3.555031E-06,0,0,3
4,61.1271,0,0,0,3.555031E-06,0,0,3
4,61.13803,0,0,0,3.555031E-06,0,0,3
4,61.1515,0,0,0,3.555031E-06,0,0,3
4,61.16226,0,0,0,3.555031E-06,0,0,3
4,61.17526,0,0,0,3.555031E-06,0,0,3
4,61.187,0,0,0,3.555031E-06,0,0,3
4,61.19865,0,0,0,3.555031E-06,0,0,3
4,61.21,0,0,0,3.555031E-06,0,0,3
4,61.22076,0,0,0,3.555031E-06,0,0,3
4,61.2308,0,0,0,3.555031E-06,0,0,3
4,61.242,0,0,0,3.555031E-06,0,0,3
4,61.25364,0,0,0,3.555031E-06,0,0,3
4,61.26438,0,0,0,3.555031E-06,0,0,3
4,61.2766,0,0,0,3.555031E-06,0,0,3
4,61.28659,0,0,0,3.555031E-06,0,0,3
4,61.29771,0,0,0,3.555031E-06,0,0,3
4,61.30753,0,0,0,3.555031E-06,0,0,3
4,61.31788,0,0,0,3.555031E-06,0,0,3
4,61.32945,0,0,0,3.555031E-06,0,0,3
4,61.33907,0,0,0,3.555031E-06,0,0,3
4,61.35019,0,0,0,3.555031E-06,0,0,3
4,61.36101,0,0,0,3.555031E-06,0,0,3
4,61.37196,0,0,0,3.555031E-06,0,0,3
4,61.38268,0,0,0,3.555031E-06,0,0,3
4,61.39325,0,0,0,3.555031E-06,0,0,3
4,61.4203,0,0,0,3.555031E-06,0,0,3
4,61.43935,0,0,0,3.555031E-06,0,0,3
4,61.45099,0,0,0,3.555031E-06,0,0,3
4,61.4621,0,0,0,3.555031E-06,0,0,3
4,61.4735,0,0,0,3.555031E-06,0,0,3
4,61.48397,0,0,0,3.555031E-06,0,0,3
4,61.49438,0,0,0,3.555031E-06,0,0,3
4,61.50403,0,0,0,3.555031E-06,0,0,3
4,61.51468,0,0,0,3.555031E-06,0,0,3
4,61.52594,0,0,0,3.555031E-06,0,0,3
4,61.53593,0,0,0,3.555031E-06,0,0,3
4,61.54789,0,0,0,3.555031E-06,0,0,3
4,61.55855,0,0,0,3.555031E-06,0,0,3
4,61.56881,0,0,0,3.555031E-06,0,0,3
4,61.58007,0,0,0,3.555031E-06,0,0,3
4,61.59025,0,0,0,3.555031E-06,0,0,3
4,61.60081,0,0,0,3.555031E-06,0,0,3
4,61.61084,0,0,0,3.555031E-06,0,0,3
4,61.61858,0,0,0,3.555031E-06,0,0,3
4,61.64362,0,0,0,3.555031E-06,0,0,3
