Ans,timenow,HMD_rotation_x,HMD_rotation_y,HMD_rotation_z,heydegree,hey_position_x,hey_position_y,hey_position_z
0,0.03494692,0,0,0,270,0,0,0
0,0.05312061,0,0,0,270,0,0,0
0,0.7910981,0,0,0,270,0,0,0
0,0.8174796,0,0,0,270,0,0,0
0,0.837079,0,0,0,270,0,0,0
0,0.8454432,0,0,0,270,0,0,0
0,0.8548446,0,0,0,270,0,0,0
0,0.8652878,0,0,0,270,0,0,0
0,0.8738942,0,0,0,270,0,0,0
0,0.8820195,0,0,0,270,0,0,0
0,0.8904395,0,0,0,270,0,0,0
0,0.8980927,0,0,0,270,0,0,0
0,0.9065151,0,0,0,270,0,0,0
0,0.9132037,0,0,0,270,0,0,0
0,0.9211221,0,0,0,270,0,0,0
0,0.9305282,0,0,0,270,0,0,0
0,0.939435,0,0,0,270,0,0,0
0,0.9482884,0,0,0,270,0,0,0
0,0.956933,0,0,0,270,0,0,0
0,0.9652462,0,0,0,270,0,0,0
0,0.9736252,0,0,0,270,0,0,0
0,0.9801264,0,0,0,270,0,0,0
0,0.9886122,0,0,0,270,0,0,0
0,0.9967003,0,0,0,270,0,0,0
0,1.005183,0,0,0,270,0,0,0
0,1.012589,0,0,0,270,0,0,0
0,1.021641,0,0,0,270,0,0,0
0,1.030796,0,0,0,270,0,0,0
0,1.039322,0,0,0,270,0,0,0
0,1.047836,0,0,0,270,0,0,0
0,1.056005,0,0,0,270,0,0,0
0,1.064336,0,0,0,270,0,0,0
0,1.073071,0,0,0,270,0,0,0
0,1.08316,0,0,0,270,0,0,0
0,1.091194,0,0,0,270,0,0,0
0,1.099946,0,0,0,270,0,0,0
0,1.10844,0,0,0,270,0,0,0
0,1.118021,0,0,0,270,0,0,0
0,1.125857,0,0,0,270,0,0,0
0,1.132429,0,0,0,270,0,0,0
0,1.140808,0,0,0,270,0,0,0
0,1.149209,0,0,0,270,0,0,0
0,1.159938,0,0,0,270,0,0,0
0,1.167775,0,0,0,270,0,0,0
0,1.176869,0,0,0,270,0,0,0
0,1.184869,0,0,0,270,0,0,0
0,1.19325,0,0,0,270,0,0,0
0,1.200484,0,0,0,270,0,0,0
0,1.208171,0,0,0,270,0,0,0
0,1.215244,0,0,0,270,0,0,0
0,1.223414,0,0,0,270,0,0,0
0,1.231247,0,0,0,270,0,0,0
0,1.2401,0,0,0,270,0,0,0
0,1.246787,0,0,0,270,0,0,0
0,1.254592,0,0,0,270,0,0,0
0,1.260998,0,0,0,270,0,0,0
0,1.26888,0,0,0,270,0,0,0
0,1.277204,0,0,0,270,0,0,0
0,1.285295,0,0,0,270,0,0,0
0,1.292287,0,0,0,270,0,0,0
0,1.30007,0,0,0,270,0,0,0
0,1.307419,0,0,0,270,0,0,0
0,1.314987,0,0,0,270,0,0,0
0,1.322116,0,0,0,270,0,0,0
0,1.330451,0,0,0,270,0,0,0
0,1.33867,0,0,0,270,0,0,0
0,1.346912,0,0,0,270,0,0,0
0,1.354722,0,0,0,270,0,0,0
0,1.363046,0,0,0,270,0,0,0
0,1.370271,0,0,0,270,0,0,0
0,1.378184,0,0,0,270,0,0,0
0,1.385665,0,0,0,270,0,0,0
0,1.393637,0,0,0,270,0,0,0
0,1.400159,0,0,0,270,0,0,0
0,1.40819,0,0,0,270,0,0,0
0,1.41561,0,0,0,270,0,0,0
0,1.424098,0,0,0,270,0,0,0
0,1.431324,0,0,0,270,0,0,0
0,1.440086,0,0,0,270,0,0,0
0,1.448758,0,0,0,270,0,0,0
0,1.459104,0,0,0,270,0,0,0
0,1.470785,0,0,0,270,0,0,0
0,1.479279,0,0,0,270,0,0,0
0,1.49485,0,0,0,270,0,0,0
0,1.509066,0,0,0,270,0,0,0
0,1.518739,0,0,0,270,0,0,0
0,1.526775,0,0,0,270,0,0,0
0,1.534902,0,0,0,270,0,0,0
0,1.543312,0,0,0,270,0,0,0
0,1.551669,0,0,0,270,0,0,0
0,1.560685,0,0,0,270,0,0,0
0,1.56818,0,0,0,270,0,0,0
0,1.57992,0,0,0,270,0,0,0
0,1.587371,0,0,0,270,0,0,0
0,1.595466,0,0,0,270,0,0,0
0,1.602408,0,0,0,270,0,0,0
0,1.610848,0,0,0,270,0,0,0
0,1.618952,0,0,0,270,0,0,0
0,1.627925,0,0,0,270,0,0,0
0,1.634751,0,0,0,270,0,0,0
0,1.643682,0,0,0,270,0,0,0
0,1.650568,0,0,0,270,0,0,0
0,1.657521,0,0,0,270,0,0,0
0,1.664411,0,0,0,270,0,0,0
0,1.672317,0,0,0,270,0,0,0
0,1.679769,0,0,0,270,0,0,0
0,1.687347,0,0,0,270,0,0,0
0,1.69463,0,0,0,270,0,0,0
0,1.702119,0,0,0,270,0,0,0
0,1.709821,0,0,0,270,0,0,0
0,1.718752,0,0,0,270,0,0,0
0,1.730277,0,0,0,270,0,0,0
0,1.740187,0,0,0,270,0,0,0
0,1.748675,0,0,0,270,0,0,0
0,1.756443,0,0,0,270,0,0,0
0,1.766271,0,0,0,270,0,0,0
0,1.774076,0,0,0,270,0,0,0
0,1.784495,0,0,0,270,0,0,0
0,1.792323,0,0,0,270,0,0,0
0,1.806054,0,0,0,270,0,0,0
0,1.814716,0,0,0,270,0,0,0
0,1.822064,0,0,0,270,0,0,0
0,1.830626,0,0,0,270,0,0,0
0,1.83802,0,0,0,270,0,0,0
0,1.846529,0,0,0,270,0,0,0
0,1.854477,0,0,0,270,0,0,0
0,1.862635,0,0,0,270,0,0,0
0,1.869757,0,0,0,270,0,0,0
0,1.877217,0,0,0,270,0,0,0
0,1.884876,0,0,0,270,0,0,0
0,1.893412,0,0,0,270,0,0,0
0,1.901672,0,0,0,270,0,0,0
0,1.911921,0,0,0,270,0,0,0
0,1.921269,0,0,0,270,0,0,0
0,1.929303,0,0,0,270,0,0,0
0,1.937663,0,0,0,270,0,0,0
0,1.944832,0,0,0,270,0,0,0
0,1.954105,0,0,0,270,0,0,0
0,1.961697,0,0,0,270,0,0,0
0,1.968538,0,0,0,270,0,0,0
0,1.975632,0,0,0,270,0,0,0
0,1.984659,0,0,0,270,0,0,0
0,1.992171,0,0,0,270,0,0,0
0,2.001449,0,0,0,270,0,0,0
0,2.009961,0,0,0,270,0,0,0
0,2.01863,0,0,0,270,0,0,0
0,2.026224,0,0,0,270,0,0,0
0,2.035373,0,0,0,270,0,0,0
0,2.044793,0,0,0,270,0,0,0
0,2.053142,0,0,0,270,0,0,0
0,2.061288,0,0,0,270,0,0,0
0,2.068816,0,0,0,270,0,0,0
0,2.076717,0,0,0,270,0,0,0
0,2.085264,0,0,0,270,0,0,0
0,2.093972,0,0,0,270,0,0,0
0,2.102353,0,0,0,270,0,0,0
0,2.110853,0,0,0,270,0,0,0
0,2.121198,0,0,0,270,0,0,0
0,2.131177,0,0,0,270,0,0,0
0,2.140883,0,0,0,270,0,0,0
0,2.152711,0,0,0,270,0,0,0
0,2.161318,0,0,0,270,0,0,0
0,2.170649,0,0,0,270,0,0,0
0,2.182706,0,0,0,270,0,0,0
0,2.192713,0,0,0,270,0,0,0
0,2.203831,0,0,0,270,0,0,0
0,2.215435,0,0,0,270,0,0,0
0,2.226169,0,0,0,270,0,0,0
0,2.238684,0,0,0,270,0,0,0
0,2.250997,0,0,0,270,0,0,0
0,2.261899,0,0,0,270,0,0,0
0,2.272184,0,0,0,270,0,0,0
0,2.294485,0,0,0,270,0,0,0
0,2.307801,0,0,0,270,0,0,0
0,2.318745,0,0,0,270,0,0,0
0,2.330484,0,0,0,270,0,0,0
0,2.341166,0,0,0,270,0,0,0
0,2.352069,0,0,0,270,0,0,0
0,2.363044,0,0,0,270,0,0,0
0,2.37738,0,0,0,270,0,0,0
0,2.407115,0,0,0,270,0,0,0
0,2.42055,0,0,0,270,0,0,0
0,2.432131,0,0,0,270,0,0,0
0,2.447401,0,0,0,270,0,0,0
0,2.463385,0,0,0,270,0,0,0
0,2.483591,0,0,0,270,0,0,0
0,2.496556,0,0,0,270,0,0,0
0,2.509056,0,0,0,270,0,0,0
0,2.522033,0,0,0,270,0,0,0
0,2.536123,0,0,0,270,0,0,0
0,2.548915,0,0,0,270,0,0,0
0,2.56202,0,0,0,270,0,0,0
0,2.574816,0,0,0,270,0,0,0
0,2.589295,0,0,0,270,0,0,0
0,2.602771,0,0,0,270,0,0,0
0,2.616129,0,0,0,270,0,0,0
0,2.627525,0,0,0,270,0,0,0
0,2.639757,0,0,0,270,0,0,0
0,2.650328,0,0,0,270,0,0,0
0,2.663166,0,0,0,270,0,0,0
0,2.67463,0,0,0,270,0,0,0
0,2.685881,0,0,0,270,0,0,0
0,2.696851,0,0,0,270,0,0,0
0,2.707669,0,0,0,270,0,0,0
0,2.719565,0,0,0,270,0,0,0
0,2.731568,0,0,0,270,0,0,0
0,2.745084,0,0,0,270,0,0,0
0,2.759749,0,0,0,270,0,0,0
0,2.771038,0,0,0,270,0,0,0
0,2.782699,0,0,0,270,0,0,0
0,2.792596,0,0,0,270,0,0,0
0,2.803151,0,0,0,270,0,0,0
0,2.812554,0,0,0,270,0,0,0
0,2.821051,0,0,0,270,0,0,0
0,2.830763,0,0,0,270,0,0,0
0,2.839638,0,0,0,270,0,0,0
0,2.847906,0,0,0,270,0,0,0
0,2.856039,0,0,0,270,0,0,0
0,2.866504,0,0,0,270,0,0,0
0,2.87571,0,0,0,270,0,0,0
0,2.884324,0,0,0,270,0,0,0
0,2.894542,0,0,0,270,0,0,0
0,2.901991,0,0,0,270,0,0,0
0,2.91221,0,0,0,270,0,0,0
0,2.921157,0,0,0,270,0,0,0
0,2.929482,0,0,0,270,0,0,0
0,2.938282,0,0,0,270,0,0,0
0,2.945813,0,0,0,270,0,0,0
0,2.954189,0,0,0,270,0,0,0
0,2.961734,0,0,0,270,0,0,0
0,2.969232,0,0,0,270,0,0,0
0,2.978404,0,0,0,270,0,0,0
0,2.987778,0,0,0,270,0,0,0
0,2.996724,0,0,0,270,0,0,0
0,3.006724,0,0,0,270,0,0,0
0,3.015534,0,0,0,270,0,0,0
0,3.023839,0,0,0,270,0,0,0
0,3.034545,0,0,0,270,0,0,0
0,3.043036,0,0,0,270,0,0,0
0,3.051231,0,0,0,270,0,0,0
0,3.061533,0,0,0,270,0,0,0
0,3.070646,0,0,0,270,0,0,0
0,3.078241,0,0,0,270,0,0,0
0,3.086633,0,0,0,270,0,0,0
0,3.09734,0,0,0,270,0,0,0
0,3.108061,0,0,0,270,0,0,0
0,3.118744,0,0,0,270,0,0,0
0,3.128562,0,0,0,270,0,0,0
0,3.139378,0,0,0,270,0,0,0
0,3.14944,0,0,0,270,0,0,0
0,3.15939,0,0,0,270,0,0,0
0,3.169051,0,0,0,270,0,0,0
0,3.179379,0,0,0,270,0,0,0
0,3.189339,0,0,0,270,0,0,0
0,3.199236,0,0,0,270,0,0,0
0,3.211288,0,0,0,270,0,0,0
0,3.223117,0,0,0,270,0,0,0
0,3.235572,0,0,0,270,0,0,0
0,3.247387,0,0,0,270,0,0,0
0,3.258678,0,0,0,270,0,0,0
0,3.269677,0,0,0,270,0,0,0
0,3.280835,0,0,0,270,0,0,0
0,3.293114,0,0,0,270,0,0,0
0,3.304111,0,0,0,270,0,0,0
0,3.315862,0,0,0,270,0,0,0
0,3.329094,0,0,0,270,0,0,0
0,3.341006,0,0,0,270,0,0,0
0,3.359117,0,0,0,270,0,0,0
0,3.377207,0,0,0,270,0,0,0
0,3.386569,0,0,0,270,0,0,0
0,3.398726,0,0,0,270,0,0,0
0,3.409579,0,0,0,270,0,0,0
0,3.420569,0,0,0,270,0,0,0
0,3.431155,0,0,0,270,0,0,0
0,3.441618,0,0,0,270,0,0,0
0,3.453521,0,0,0,270,0,0,0
0,3.4641,0,0,0,270,0,0,0
0,3.476398,0,0,0,270,0,0,0
0,3.48802,0,0,0,270,0,0,0
0,3.500236,0,0,0,270,0,0,0
0,3.512471,0,0,0,270,0,0,0
0,3.524436,0,0,0,270,0,0,0
0,3.535773,0,0,0,270,0,0,0
0,3.547713,0,0,0,270,0,0,0
0,3.558569,0,0,0,270,0,0,0
0,3.569653,0,0,0,270,0,0,0
0,3.581573,0,0,0,270,0,0,0
0,3.591257,0,0,0,270,0,0,0
0,3.602755,0,0,0,270,0,0,0
0,3.616271,0,0,0,270,0,0,0
0,3.628109,0,0,0,270,0,0,0
0,3.639341,0,0,0,270,0,0,0
0,3.650374,0,0,0,270,0,0,0
0,3.662215,0,0,0,270,0,0,0
0,3.674222,0,0,0,270,0,0,0
0,3.685211,0,0,0,270,0,0,0
0,3.695646,0,0,0,270,0,0,0
0,3.707416,0,0,0,270,0,0,0
0,3.719146,0,0,0,270,0,0,0
0,3.730419,0,0,0,270,0,0,0
0,3.742544,0,0,0,270,0,0,0
0,3.755369,0,0,0,270,0,0,0
0,3.770637,0,0,0,270,0,0,0
0,3.786568,0,0,0,270,0,0,0
0,3.799328,0,0,0,270,0,0,0
0,3.809681,0,0,0,270,0,0,0
0,3.818752,0,0,0,270,0,0,0
0,3.826825,0,0,0,270,0,0,0
0,3.83513,0,0,0,270,0,0,0
0,3.843167,0,0,0,270,0,0,0
0,3.85317,0,0,0,270,0,0,0
0,3.863584,0,0,0,270,0,0,0
0,3.871636,0,0,0,270,0,0,0
0,3.880287,0,0,0,270,0,0,0
0,3.890281,0,0,0,270,0,0,0
0,3.899153,0,0,0,270,0,0,0
0,3.90699,0,0,0,270,0,0,0
0,3.914941,0,0,0,270,0,0,0
0,3.922801,0,0,0,270,0,0,0
0,3.930188,0,0,0,270,0,0,0
0,3.938495,0,0,0,270,0,0,0
0,3.94568,0,0,0,270,0,0,0
0,3.953441,0,0,0,270,0,0,0
0,3.961737,0,0,0,270,0,0,0
0,3.970548,0,0,0,270,0,0,0
0,3.977922,0,0,0,270,0,0,0
0,3.987047,0,0,0,270,0,0,0
0,3.995982,0,0,0,270,0,0,0
0,4.005253,0,0,0,270,0,0,0
0,4.012788,0,0,0,270,0,0,0
0,4.021212,0,0,0,270,0,0,0
0,4.028608,0,0,0,270,0,0,0
0,4.037761,0,0,0,270,0,0,0
0,4.045797,0,0,0,270,0,0,0
0,4.055211,0,0,0,270,0,0,0
0,4.064721,0,0,0,270,0,0,0
0,4.07313,0,0,0,270,0,0,0
0,4.084265,0,0,0,270,0,0,0
0,4.092895,0,0,0,270,0,0,0
0,4.101041,0,0,0,270,0,0,0
0,4.10989,0,0,0,270,0,0,0
0,4.117703,0,0,0,270,0,0,0
0,4.126647,0,0,0,270,0,0,0
0,4.134444,0,0,0,270,0,0,0
0,4.142881,0,0,0,270,0,0,0
0,4.150893,0,0,0,270,0,0,0
0,4.158678,0,0,0,270,0,0,0
0,4.165808,0,0,0,270,0,0,0
0,4.173604,0,0,0,270,0,0,0
0,4.180894,0,0,0,270,0,0,0
0,4.188759,0,0,0,270,0,0,0
0,4.197284,0,0,0,270,0,0,0
0,4.206519,0,0,0,270,0,0,0
0,4.213114,0,0,0,270,0,0,0
0,4.221436,0,0,0,270,0,0,0
0,4.22883,0,0,0,270,0,0,0
0,4.237266,0,0,0,270,0,0,0
0,4.244265,0,0,0,270,0,0,0
0,4.252539,0,0,0,270,0,0,0
0,4.26163,0,0,0,270,0,0,0
0,4.270287,0,0,0,270,0,0,0
0,4.27727,0,0,0,270,0,0,0
0,4.285693,0,0,0,270,0,0,0
0,4.29375,0,0,0,270,0,0,0
0,4.301281,0,0,0,270,0,0,0
0,4.308915,0,0,0,270,0,0,0
0,4.316409,0,0,0,270,0,0,0
0,4.325542,0,0,0,270,0,0,0
0,4.333871,0,0,0,270,0,0,0
0,4.343936,0,0,0,270,0,0,0
0,4.354102,0,0,0,270,0,0,0
0,4.365288,0,0,0,270,0,0,0
0,4.378041,0,0,0,270,0,0,0
0,4.389934,0,0,0,270,0,0,0
0,4.400182,0,0,0,270,0,0,0
0,4.411286,0,0,0,270,0,0,0
0,4.419919,0,0,0,270,0,0,0
0,4.429391,0,0,0,270,0,0,0
0,4.439363,0,0,0,270,0,0,0
0,4.449259,0,0,0,270,0,0,0
0,4.461241,0,0,0,270,0,0,0
0,4.470497,0,0,0,270,0,0,0
0,4.480076,0,0,0,270,0,0,0
0,4.490191,0,0,0,270,0,0,0
0,4.500577,0,0,0,270,0,0,0
0,4.510332,0,0,0,270,0,0,0
0,4.52137,0,0,0,270,0,0,0
0,4.53317,0,0,0,270,0,0,0
0,4.544542,0,0,0,270,0,0,0
0,4.555475,0,0,0,270,0,0,0
0,4.56715,0,0,0,270,0,0,0
0,4.577494,0,0,0,270,0,0,0
0,4.588542,0,0,0,270,0,0,0
0,4.599346,0,0,0,270,0,0,0
0,4.610372,0,0,0,270,0,0,0
0,4.621831,0,0,0,270,0,0,0
0,4.634526,0,0,0,270,0,0,0
0,4.646475,0,0,0,270,0,0,0
0,4.657084,0,0,0,270,0,0,0
0,4.667643,0,0,0,270,0,0,0
0,4.678075,0,0,0,270,0,0,0
0,4.688043,0,0,0,270,0,0,0
0,4.698168,0,0,0,270,0,0,0
0,4.707633,0,0,0,270,0,0,0
0,4.717927,0,0,0,270,0,0,0
0,4.730434,0,0,0,270,0,0,0
0,4.742177,0,0,0,270,0,0,0
0,4.752637,0,0,0,270,0,0,0
0,4.765033,0,0,0,270,0,0,0
0,4.777908,0,0,0,270,0,0,0
0,4.792775,0,0,0,270,0,0,0
0,4.806155,0,0,0,270,0,0,0
0,4.821687,0,0,0,270,0,0,0
0,4.83988,0,0,0,270,0,0,0
0,4.852007,0,0,0,270,0,0,0
0,4.864546,0,0,0,270,0,0,0
0,4.876493,0,0,0,270,0,0,0
0,4.887536,0,0,0,270,0,0,0
0,4.89953,0,0,0,270,0,0,0
0,4.91281,0,0,0,270,0,0,0
0,4.92451,0,0,0,270,0,0,0
0,4.935073,0,0,0,270,0,0,0
0,4.945961,0,0,0,270,0,0,0
0,4.957079,0,0,0,270,0,0,0
0,4.96759,0,0,0,270,0,0,0
0,4.980508,0,0,0,270,0,0,0
0,4.991208,0,0,0,270,0,0,0
0,5.001847,0,0,0,270,0,0,0
0,5.010763,0,0,0,270,0,0,0
0,5.020343,0,0,0,270,0,0,0
0,5.029434,0,0,0,270,0,0,0
0,5.039436,0,0,0,270,0,0,0
0,5.047757,0,0,0,270,0,0,0
0,5.056667,0,0,0,270,0,0,0
0,5.066611,0,0,0,270,0,0,0
0,5.076491,0,0,0,270,0,0,0
0,5.086858,0,0,0,270,0,0,0
0,5.096743,0,0,0,270,0,0,0
0,5.106431,0,0,0,270,0,0,0
0,5.116304,0,0,0,270,0,0,0
0,5.124793,0,0,0,270,0,0,0
0,5.133958,0,0,0,270,0,0,0
0,5.142794,0,0,0,270,0,0,0
0,5.150681,0,0,0,270,0,0,0
0,5.160456,0,0,0,270,0,0,0
0,5.168241,0,0,0,270,0,0,0
0,5.178297,0,0,0,270,0,0,0
0,5.185977,0,0,0,270,0,0,0
0,5.195938,0,0,0,270,0,0,0
0,5.205216,0,0,0,270,0,0,0
0,5.213503,0,0,0,270,0,0,0
0,5.222444,0,0,0,270,0,0,0
0,5.237838,0,0,0,270,0,0,0
0,5.256221,0,0,0,270,0,0,0
0,5.266198,0,0,0,270,0,0,0
0,5.276008,0,0,0,270,0,0,0
0,5.286361,0,0,0,270,0,0,0
0,5.29545,0,0,0,270,0,0,0
0,5.30397,0,0,0,270,0,0,0
0,5.312871,0,0,0,270,0,0,0
0,5.321865,0,0,0,270,0,0,0
0,5.330592,0,0,0,270,0,0,0
0,5.338317,0,0,0,270,0,0,0
0,5.346421,0,0,0,270,0,0,0
0,5.354162,0,0,0,270,0,0,0
0,5.362813,0,0,0,270,0,0,0
0,5.371065,0,0,0,270,0,0,0
0,5.381749,0,0,0,270,0,0,0
0,5.391076,0,0,0,270,0,0,0
0,5.400421,0,0,0,270,0,0,0
0,5.4115,0,0,0,270,0,0,0
0,5.423022,0,0,0,270,0,0,0
0,5.432996,0,0,0,270,0,0,0
0,5.443079,0,0,0,270,0,0,0
0,5.45317,0,0,0,270,0,0,0
0,5.462458,0,0,0,270,0,0,0
0,5.472732,0,0,0,270,0,0,0
0,5.482899,0,0,0,270,0,0,0
0,5.491428,0,0,0,270,0,0,0
0,5.502347,0,0,0,270,0,0,0
0,5.513188,0,0,0,270,0,0,0
0,5.523607,0,0,0,270,0,0,0
0,5.53415,0,0,0,270,0,0,0
0,5.544303,0,0,0,270,0,0,0
0,5.557206,0,0,0,270,0,0,0
0,5.571324,0,0,0,270,0,0,0
0,5.584137,0,0,0,270,0,0,0
0,5.596139,0,0,0,270,0,0,0
0,5.606679,0,0,0,270,0,0,0
0,5.618865,0,0,0,270,0,0,0
0,5.630046,0,0,0,270,0,0,0
0,5.642065,0,0,0,270,0,0,0
0,5.651627,0,0,0,270,0,0,0
0,5.664093,0,0,0,270,0,0,0
0,5.675859,0,0,0,270,0,0,0
0,5.689322,0,0,0,270,0,0,0
0,5.700758,0,0,0,270,0,0,0
0,5.712224,0,0,0,270,0,0,0
0,5.723835,0,0,0,270,0,0,0
0,5.735814,0,0,0,270,0,0,0
0,5.749735,0,0,0,270,0,0,0
0,5.762599,0,0,0,270,0,0,0
0,5.776232,0,0,0,270,0,0,0
0,5.78819,0,0,0,270,0,0,0
0,5.801044,0,0,0,270,0,0,0
0,5.81306,0,0,0,270,0,0,0
0,5.826499,0,0,0,270,0,0,0
0,5.840125,0,0,0,270,0,0,0
0,5.862462,0,0,0,270,0,0,0
0,5.876831,0,0,0,270,0,0,0
0,5.889763,0,0,0,270,0,0,0
0,5.902659,0,0,0,270,0,0,0
0,5.914742,0,0,0,270,0,0,0
0,5.926935,0,0,0,270,0,0,0
0,5.937814,0,0,0,270,0,0,0
0,5.947937,0,0,0,270,0,0,0
0,5.958995,0,0,0,270,0,0,0
0,5.969793,0,0,0,270,0,0,0
0,5.980035,0,0,0,270,0,0,0
0,5.992012,0,0,0,270,0,0,0
0,6.003106,0,0,0,270,0,0,0
0,6.013597,0,0,0,270,0,0,0
0,6.024638,0,0,0,270,0,0,0
0,6.036224,0,0,0,270,0,0,0
0,6.047894,0,0,0,270,0,0,0
0,6.057966,0,0,0,270,0,0,0
0,6.071118,0,0,0,270,0,0,0
0,6.08433,0,0,0,270,0,0,0
0,6.097373,0,0,0,270,0,0,0
0,6.109497,0,0,0,270,0,0,0
0,6.121153,0,0,0,270,0,0,0
0,6.130966,0,0,0,270,0,0,0
0,6.142075,0,0,0,270,0,0,0
0,6.152451,0,0,0,270,0,0,0
0,6.161594,0,0,0,270,0,0,0
0,6.171352,0,0,0,270,0,0,0
0,6.182138,0,0,0,270,0,0,0
0,6.191441,0,0,0,270,0,0,0
0,6.202435,0,0,0,270,0,0,0
0,6.213794,0,0,0,270,0,0,0
0,6.223201,0,0,0,270,0,0,0
0,6.23298,0,0,0,270,0,0,0
0,6.243325,0,0,0,270,0,0,0
0,6.252826,0,0,0,270,0,0,0
0,6.261956,0,0,0,270,0,0,0
0,6.272127,0,0,0,270,0,0,0
0,6.281523,0,0,0,270,0,0,0
0,6.289701,0,0,0,270,0,0,0
0,6.297384,0,0,0,270,0,0,0
0,6.305997,0,0,0,270,0,0,0
0,6.314788,0,0,0,270,0,0,0
0,6.322237,0,0,0,270,0,0,0
0,6.330717,0,0,0,270,0,0,0
0,6.33891,0,0,0,270,0,0,0
0,6.346373,0,0,0,270,0,0,0
0,6.353963,0,0,0,270,0,0,0
0,6.364074,0,0,0,270,0,0,0
0,6.373463,0,0,0,270,0,0,0
0,6.382034,0,0,0,270,0,0,0
0,6.391037,0,0,0,270,0,0,0
0,6.400169,0,0,0,270,0,0,0
0,6.408412,0,0,0,270,0,0,0
0,6.416238,0,0,0,270,0,0,0
0,6.423513,0,0,0,270,0,0,0
0,6.432107,0,0,0,270,0,0,0
0,6.441289,0,0,0,270,0,0,0
0,6.450248,0,0,0,270,0,0,0
0,6.458724,0,0,0,270,0,0,0
0,6.466258,0,0,0,270,0,0,0
0,6.474929,0,0,0,270,0,0,0
0,6.483188,0,0,0,270,0,0,0
0,6.491166,0,0,0,270,0,0,0
0,6.500174,0,0,0,270,0,0,0
0,6.508985,0,0,0,270,0,0,0
0,6.516816,0,0,0,270,0,0,0
0,6.525529,0,0,0,270,0,0,0
0,6.533134,0,0,0,270,0,0,0
0,6.541298,0,0,0,270,0,0,0
0,6.550658,0,0,0,270,0,0,0
0,6.559343,0,0,0,270,0,0,0
0,6.567911,0,0,0,270,0,0,0
0,6.577818,0,0,0,270,0,0,0
0,6.588486,0,0,0,270,0,0,0
0,6.599805,0,0,0,270,0,0,0
0,6.61059,0,0,0,270,0,0,0
0,6.620343,0,0,0,270,0,0,0
0,6.629844,0,0,0,270,0,0,0
0,6.638174,0,0,0,270,0,0,0
0,6.645662,0,0,0,270,0,0,0
0,6.654154,0,0,0,270,0,0,0
0,6.66216,0,0,0,270,0,0,0
0,6.669836,0,0,0,270,0,0,0
0,6.677471,0,0,0,270,0,0,0
0,6.685692,0,0,0,270,0,0,0
0,6.69366,0,0,0,270,0,0,0
0,6.703341,0,0,0,270,0,0,0
0,6.711596,0,0,0,270,0,0,0
0,6.719603,0,0,0,270,0,0,0
0,6.729305,0,0,0,270,0,0,0
0,6.738816,0,0,0,270,0,0,0
0,6.748554,0,0,0,270,0,0,0
0,6.757062,0,0,0,270,0,0,0
0,6.767157,0,0,0,270,0,0,0
0,6.777728,0,0,0,270,0,0,0
0,6.787205,0,0,0,270,0,0,0
0,6.797987,0,0,0,270,0,0,0
0,6.809601,0,0,0,270,0,0,0
0,6.820925,0,0,0,270,0,0,0
0,6.832081,0,0,0,270,0,0,0
0,6.843668,0,0,0,270,0,0,0
0,6.855449,0,0,0,270,0,0,0
0,6.868556,0,0,0,270,0,0,0
0,6.88354,0,0,0,270,0,0,0
0,6.897953,0,0,0,270,0,0,0
0,6.909578,0,0,0,270,0,0,0
0,6.92101,0,0,0,270,0,0,0
0,6.932676,0,0,0,270,0,0,0
0,6.943893,0,0,0,270,0,0,0
0,6.955348,0,0,0,270,0,0,0
0,6.966956,0,0,0,270,0,0,0
0,6.978417,0,0,0,270,0,0,0
0,6.989799,0,0,0,270,0,0,0
0,7.001966,0,0,0,270,0,0,0
0,7.013606,0,0,0,270,0,0,0
0,7.026437,0,0,0,270,0,0,0
0,7.037798,0,0,0,270,0,0,0
0,7.046519,0,0,0,270,0,0,0
0,7.059622,0,0,0,270,0,0,0
0,7.07231,0,0,0,270,0,0,0
0,7.084148,0,0,0,270,0,0,0
0,7.095347,0,0,0,270,0,0,0
0,7.114407,0,0,0,270,0,0,0
0,7.138466,0,0,0,270,0,0,0
0,7.149259,0,0,0,270,0,0,0
0,7.169066,0,0,0,270,0,0,0
0,7.1869,0,0,0,270,0,0,0
0,7.202116,0,0,0,270,0,0,0
0,7.223554,0,0,0,270,0,0,0
0,7.244833,0,0,0,270,0,0,0
0,7.261183,0,0,0,270,0,0,0
0,7.277094,0,0,0,270,0,0,0
0,7.289784,0,0,0,270,0,0,0
0,7.302159,0,0,0,270,0,0,0
0,7.315341,0,0,0,270,0,0,0
0,7.328822,0,0,0,270,0,0,0
0,7.340995,0,0,0,270,0,0,0
0,7.353454,0,0,0,270,0,0,0
0,7.365222,0,0,0,270,0,0,0
0,7.380686,0,0,0,270,0,0,0
0,7.393811,0,0,0,270,0,0,0
0,7.404262,0,0,0,270,0,0,0
0,7.414924,0,0,0,270,0,0,0
0,7.42598,0,0,0,270,0,0,0
0,7.435238,0,0,0,270,0,0,0
0,7.445132,0,0,0,270,0,0,0
0,7.454455,0,0,0,270,0,0,0
0,7.463434,0,0,0,270,0,0,0
0,7.473536,0,0,0,270,0,0,0
0,7.48305,0,0,0,270,0,0,0
0,7.4909,0,0,0,270,0,0,0
0,7.498469,0,0,0,270,0,0,0
0,7.507235,0,0,0,270,0,0,0
0,7.515077,0,0,0,270,0,0,0
0,7.523117,0,0,0,270,0,0,0
0,7.533003,0,0,0,270,0,0,0
0,7.542305,0,0,0,270,0,0,0
0,7.552248,0,0,0,270,0,0,0
0,7.561887,0,0,0,270,0,0,0
0,7.571497,0,0,0,270,0,0,0
0,7.581574,0,0,0,270,0,0,0
0,7.58903,0,0,0,270,0,0,0
0,7.600229,0,0,0,270,0,0,0
0,7.610548,0,0,0,270,0,0,0
0,7.619979,0,0,0,270,0,0,0
0,7.630009,0,0,0,270,0,0,0
0,7.639379,0,0,0,270,0,0,0
0,7.648911,0,0,0,270,0,0,0
0,7.657502,0,0,0,270,0,0,0
0,7.667013,0,0,0,270,0,0,0
0,7.675994,0,0,0,270,0,0,0
0,7.685324,0,0,0,270,0,0,0
0,7.693798,0,0,0,270,0,0,0
0,7.702425,0,0,0,270,0,0,0
0,7.711941,0,0,0,270,0,0,0
0,7.721468,0,0,0,270,0,0,0
0,7.729887,0,0,0,270,0,0,0
0,7.738474,0,0,0,270,0,0,0
0,7.74841,0,0,0,270,0,0,0
0,7.757761,0,0,0,270,0,0,0
0,7.768119,0,0,0,270,0,0,0
0,7.77589,0,0,0,270,0,0,0
0,7.785086,0,0,0,270,0,0,0
0,7.793659,0,0,0,270,0,0,0
0,7.803763,0,0,0,270,0,0,0
0,7.812354,0,0,0,270,0,0,0
0,7.822534,0,0,0,270,0,0,0
0,7.831928,0,0,0,270,0,0,0
0,7.840371,0,0,0,270,0,0,0
0,7.849011,0,0,0,270,0,0,0
0,7.857438,0,0,0,270,0,0,0
0,7.865694,0,0,0,270,0,0,0
0,7.880238,0,0,0,270,0,0,0
0,7.895753,0,0,0,270,0,0,0
0,7.911052,0,0,0,270,0,0,0
0,7.922555,0,0,0,270,0,0,0
0,7.932677,0,0,0,270,0,0,0
0,7.947303,0,0,0,270,0,0,0
0,7.969046,0,0,0,270,0,0,0
0,7.982559,0,0,0,270,0,0,0
0,8.004692,0,0,0,270,0,0,0
0,8.024862,0,0,0,270,0,0,0
0,8.041964,0,0,0,270,0,0,0
0,8.052349,0,0,0,270,0,0,0
0,8.070974,0,0,0,270,0,0,0
0,8.086826,0,0,0,270,0,0,0
0,8.101557,0,0,0,270,0,0,0
0,8.115213,0,0,0,270,0,0,0
0,8.133148,0,0,0,270,0,0,0
0,8.147528,0,0,0,270,0,0,0
0,8.162178,0,0,0,270,0,0,0
0,8.174223,0,0,0,270,0,0,0
0,8.191633,0,0,0,270,0,0,0
0,8.225115,0,0,0,270,0,0,0
0,8.248877,0,0,0,270,0,0,0
0,8.274038,0,0,0,270,0,0,0
0,8.297482,0,0,0,270,0,0,0
0,8.32424,0,0,0,270,0,0,0
0,8.340294,0,0,0,270,0,0,0
0,8.359974,0,0,0,270,0,0,0
0,8.371849,0,0,0,270,0,0,0
0,8.389408,0,0,0,270,0,0,0
0,8.400312,0,0,0,270,0,0,0
0,8.414745,0,0,0,270,0,0,0
0,8.426859,0,0,0,270,0,0,0
0,8.439529,0,0,0,270,0,0,0
0,8.451096,0,0,0,270,0,0,0
0,8.463421,0,0,0,270,0,0,0
0,8.476454,0,0,0,270,0,0,0
0,8.489361,0,0,0,270,0,0,0
0,8.501221,0,0,0,270,0,0,0
0,8.518484,0,0,0,270,0,0,0
0,8.532785,0,0,0,270,0,0,0
0,8.542625,0,0,0,270,0,0,0
0,8.553614,0,0,0,270,0,0,0
0,8.563627,0,0,0,270,0,0,0
0,8.573908,0,0,0,270,0,0,0
0,8.583963,0,0,0,270,0,0,0
0,8.594391,0,0,0,270,0,0,0
0,8.603741,0,0,0,270,0,0,0
0,8.612221,0,0,0,270,0,0,0
0,8.620485,0,0,0,270,0,0,0
0,8.630749,0,0,0,270,0,0,0
0,8.638926,0,0,0,270,0,0,0
0,8.646692,0,0,0,270,0,0,0
0,8.656603,0,0,0,270,0,0,0
0,8.665632,0,0,0,270,0,0,0
0,8.673386,0,0,0,270,0,0,0
0,8.68125,0,0,0,270,0,0,0
0,8.689453,0,0,0,270,0,0,0
0,8.697233,0,0,0,270,0,0,0
0,8.705809,0,0,0,270,0,0,0
0,8.71303,0,0,0,270,0,0,0
0,8.721485,0,0,0,270,0,0,0
0,8.729589,0,0,0,270,0,0,0
0,8.737959,0,0,0,270,0,0,0
0,8.746225,0,0,0,270,0,0,0
0,8.756971,0,0,0,270,0,0,0
0,8.76528,0,0,0,270,0,0,0
0,8.773167,0,0,0,270,0,0,0
0,8.781582,0,0,0,270,0,0,0
0,8.791037,0,0,0,270,0,0,0
0,8.79958,0,0,0,270,0,0,0
0,8.808714,0,0,0,270,0,0,0
0,8.818989,0,0,0,270,0,0,0
0,8.827574,0,0,0,270,0,0,0
0,8.834499,0,0,0,270,0,0,0
0,8.842388,0,0,0,270,0,0,0
0,8.850489,0,0,0,270,0,0,0
0,8.857365,0,0,0,270,0,0,0
0,8.86581,0,0,0,270,0,0,0
0,8.87504,0,0,0,270,0,0,0
0,8.883083,0,0,0,270,0,0,0
0,8.892984,0,0,0,270,0,0,0
0,8.901144,0,0,0,270,0,0,0
0,8.910286,0,0,0,270,0,0,0
0,8.919319,0,0,0,270,0,0,0
0,8.929611,0,0,0,270,0,0,0
0,8.940617,0,0,0,270,0,0,0
0,8.949612,0,0,0,270,0,0,0
0,8.957582,0,0,0,270,0,0,0
0,8.966322,0,0,0,270,0,0,0
0,8.975889,0,0,0,270,0,0,0
0,8.983858,0,0,0,270,0,0,0
0,8.992918,0,0,0,270,0,0,0
0,9.00429,0,0,0,270,0,0,0
0,9.012886,0,0,0,270,0,0,0
0,9.020966,0,0,0,270,0,0,0
0,9.029284,0,0,0,270,0,0,0
0,9.037653,0,0,0,270,0,0,0
0,9.045879,0,0,0,270,0,0,0
0,9.053946,0,0,0,270,0,0,0
0,9.06197,0,0,0,270,0,0,0
0,9.070068,0,0,0,270,0,0,0
0,9.078262,0,0,0,270,0,0,0
0,9.087002,0,0,0,270,0,0,0
0,9.097578,0,0,0,270,0,0,0
0,9.109509,0,0,0,270,0,0,0
0,9.121593,0,0,0,270,0,0,0
0,9.13372,0,0,0,270,0,0,0
0,9.144192,0,0,0,270,0,0,0
0,9.153549,0,0,0,270,0,0,0
0,9.16486,0,0,0,270,0,0,0
0,9.175293,0,0,0,270,0,0,0
0,9.18549,0,0,0,270,0,0,0
0,9.196892,0,0,0,270,0,0,0
0,9.208147,0,0,0,270,0,0,0
0,9.220354,0,0,0,270,0,0,0
0,9.231503,0,0,0,270,0,0,0
0,9.242424,0,0,0,270,0,0,0
0,9.253574,0,0,0,270,0,0,0
0,9.264383,0,0,0,270,0,0,0
0,9.27504,0,0,0,270,0,0,0
0,9.289083,0,0,0,270,0,0,0
0,9.302954,0,0,0,270,0,0,0
0,9.32122,0,0,0,270,0,0,0
0,9.332813,0,0,0,270,0,0,0
0,9.343805,0,0,0,270,0,0,0
0,9.354704,0,0,0,270,0,0,0
0,9.364952,0,0,0,270,0,0,0
0,9.375395,0,0,0,270,0,0,0
0,9.386208,0,0,0,270,0,0,0
0,9.398006,0,0,0,270,0,0,0
0,9.408911,0,0,0,270,0,0,0
0,9.419724,0,0,0,270,0,0,0
0,9.431854,0,0,0,270,0,0,0
0,9.441593,0,0,0,270,0,0,0
0,9.451784,0,0,0,270,0,0,0
0,9.462484,0,0,0,270,0,0,0
0,9.473583,0,0,0,270,0,0,0
0,9.484442,0,0,0,270,0,0,0
0,9.496967,0,0,0,270,0,0,0
0,9.510338,0,0,0,270,0,0,0
0,9.521982,0,0,0,270,0,0,0
0,9.53451,0,0,0,270,0,0,0
0,9.54434,0,0,0,270,0,0,0
0,9.554327,0,0,0,270,0,0,0
0,9.564774,0,0,0,270,0,0,0
0,9.574846,0,0,0,270,0,0,0
0,9.586035,0,0,0,270,0,0,0
0,9.596029,0,0,0,270,0,0,0
0,9.605865,0,0,0,270,0,0,0
0,9.616716,0,0,0,270,0,0,0
0,9.628368,0,0,0,270,0,0,0
0,9.640688,0,0,0,270,0,0,0
0,9.651255,0,0,0,270,0,0,0
0,9.661623,0,0,0,270,0,0,0
0,9.672667,0,0,0,270,0,0,0
0,9.682964,0,0,0,270,0,0,0
0,9.692144,0,0,0,270,0,0,0
0,9.701445,0,0,0,270,0,0,0
0,9.710535,0,0,0,270,0,0,0
0,9.719831,0,0,0,270,0,0,0
0,9.72785,0,0,0,270,0,0,0
0,9.735235,0,0,0,270,0,0,0
0,9.744543,0,0,0,270,0,0,0
0,9.754936,0,0,0,270,0,0,0
0,9.76531,0,0,0,270,0,0,0
0,9.779381,0,0,0,270,0,0,0
0,9.787394,0,0,0,270,0,0,0
0,9.795568,0,0,0,270,0,0,0
0,9.804214,0,0,0,270,0,0,0
0,9.81196,0,0,0,270,0,0,0
0,9.820114,0,0,0,270,0,0,0
0,9.829975,0,0,0,270,0,0,0
0,9.837463,0,0,0,270,0,0,0
0,9.846062,0,0,0,270,0,0,0
0,9.855326,0,0,0,270,0,0,0
0,9.864256,0,0,0,270,0,0,0
0,9.871536,0,0,0,270,0,0,0
0,9.880081,0,0,0,270,0,0,0
0,9.887886,0,0,0,270,0,0,0
0,9.896036,0,0,0,270,0,0,0
0,9.905582,0,0,0,270,0,0,0
0,9.913404,0,0,0,270,0,0,0
0,9.922373,0,0,0,270,0,0,0
0,9.931505,0,0,0,270,0,0,0
0,9.942234,0,0,0,270,0,0,0
0,9.953098,0,0,0,270,0,0,0
0,9.963093,0,0,0,270,0,0,0
0,9.973166,0,0,0,270,0,0,0
0,9.984173,0,0,0,270,0,0,0
0,9.995897,0,0,0,270,0,0,0
0,10.00447,0,0,0,270,0,0,0
0,10.01613,0,0,0,270,0,0,0
0,10.02584,0,0,0,270,0,0,0
0,10.03507,0,0,0,270,0,0,0
0,10.04356,0,0,0,270,0,0,0
0,10.0524,0,0,0,270,0,0,0
0,10.06249,0,0,0,270,0,0,0
0,10.07239,0,0,0,270,0,0,0
0,10.08187,0,0,0,270,0,0,0
0,10.09076,0,0,0,270,0,0,0
0,10.1004,0,0,0,270,0,0,0
0,10.11083,0,0,0,270,0,0,0
0,10.12046,0,0,0,270,0,0,0
0,10.12975,0,0,0,270,0,0,0
0,10.13914,0,0,0,270,0,0,0
0,10.14888,0,0,0,270,0,0,0
0,10.1588,0,0,0,270,0,0,0
0,10.16735,0,0,0,270,0,0,0
0,10.17567,0,0,0,270,0,0,0
0,10.18536,0,0,0,270,0,0,0
0,10.19324,0,0,0,270,0,0,0
0,10.20221,0,0,0,270,0,0,0
0,10.21053,0,0,0,270,0,0,0
0,10.21856,0,0,0,270,0,0,0
0,10.22791,0,0,0,270,0,0,0
0,10.23873,0,0,0,270,0,0,0
0,10.24896,0,0,0,270,0,0,0
0,10.26039,0,0,0,270,0,0,0
0,10.27076,0,0,0,270,0,0,0
0,10.28216,0,0,0,270,0,0,0
0,10.29075,0,0,0,270,0,0,0
0,10.30004,0,0,0,270,0,0,0
0,10.30885,0,0,0,270,0,0,0
0,10.32026,0,0,0,270,0,0,0
0,10.33091,0,0,0,270,0,0,0
0,10.34089,0,0,0,270,0,0,0
0,10.3519,0,0,0,270,0,0,0
0,10.36237,0,0,0,270,0,0,0
0,10.3727,0,0,0,270,0,0,0
0,10.38359,0,0,0,270,0,0,0
0,10.39515,0,0,0,270,0,0,0
0,10.40651,0,0,0,270,0,0,0
0,10.41636,0,0,0,270,0,0,0
0,10.42646,0,0,0,270,0,0,0
0,10.44032,0,0,0,270,0,0,0
0,10.4532,0,0,0,270,0,0,0
0,10.46425,0,0,0,270,0,0,0
0,10.47422,0,0,0,270,0,0,0
0,10.48465,0,0,0,270,0,0,0
0,10.49507,0,0,0,270,0,0,0
0,10.50656,0,0,0,270,0,0,0
0,10.51879,0,0,0,270,0,0,0
0,10.53055,0,0,0,270,0,0,0
0,10.54062,0,0,0,270,0,0,0
0,10.55192,0,0,0,270,0,0,0
0,10.56307,0,0,0,270,0,0,0
0,10.57462,0,0,0,270,0,0,0
0,10.58549,0,0,0,270,0,0,0
0,10.59534,0,0,0,270,0,0,0
0,10.60604,0,0,0,270,0,0,0
0,10.61651,0,0,0,270,0,0,0
0,10.62899,0,0,0,270,0,0,0
0,10.6408,0,0,0,270,0,0,0
0,10.65388,0,0,0,270,0,0,0
0,10.66518,0,0,0,270,0,0,0
0,10.67697,0,0,0,270,0,0,0
0,10.68755,0,0,0,270,0,0,0
0,10.69809,0,0,0,270,0,0,0
0,10.70856,0,0,0,270,0,0,0
0,10.71832,0,0,0,270,0,0,0
0,10.72826,0,0,0,270,0,0,0
0,10.73905,0,0,0,270,0,0,0
0,10.7497,0,0,0,270,0,0,0
0,10.76066,0,0,0,270,0,0,0
0,10.77244,0,0,0,270,0,0,0
0,10.78312,0,0,0,270,0,0,0
0,10.79436,0,0,0,270,0,0,0
0,10.80462,0,0,0,270,0,0,0
0,10.81724,0,0,0,270,0,0,0
0,10.82714,0,0,0,270,0,0,0
0,10.83766,0,0,0,270,0,0,0
0,10.84984,0,0,0,270,0,0,0
0,10.86094,0,0,0,270,0,0,0
0,10.87089,0,0,0,270,0,0,0
0,10.87972,0,0,0,270,0,0,0
0,10.89013,0,0,0,270,0,0,0
0,10.89983,0,0,0,270,0,0,0
0,10.90888,0,0,0,270,0,0,0
0,10.9174,0,0,0,270,0,0,0
0,10.92783,0,0,0,270,0,0,0
0,10.93886,0,0,0,270,0,0,0
0,10.94772,0,0,0,270,0,0,0
0,10.95759,0,0,0,270,0,0,0
0,10.96972,0,0,0,270,0,0,0
0,10.98316,0,0,0,270,0,0,0
0,10.99327,0,0,0,270,0,0,0
0,11.00503,0,0,0,270,0,0,0
0,11.0148,0,0,0,270,0,0,0
0,11.02328,0,0,0,270,0,0,0
0,11.0319,0,0,0,270,0,0,0
0,11.04065,0,0,0,270,0,0,0
0,11.0495,0,0,0,270,0,0,0
0,11.05712,0,0,0,270,0,0,0
0,11.06644,0,0,0,270,0,0,0
0,11.07435,0,0,0,270,0,0,0
0,11.08411,0,0,0,270,0,0,0
0,11.09325,0,0,0,270,0,0,0
0,11.10233,0,0,0,270,0,0,0
0,11.1117,0,0,0,270,0,0,0
0,11.12053,0,0,0,270,0,0,0
0,11.13012,0,0,0,270,0,0,0
0,11.13905,0,0,0,270,0,0,0
0,11.14834,0,0,0,270,0,0,0
0,11.15817,0,0,0,270,0,0,0
0,11.16726,0,0,0,270,0,0,0
0,11.17783,0,0,0,270,0,0,0
0,11.18764,0,0,0,270,0,0,0
0,11.207,0,0,0,270,0,0,0
0,11.21559,0,0,0,270,0,0,0
0,11.22389,0,0,0,270,0,0,0
0,11.23248,0,0,0,270,0,0,0
0,11.24306,0,0,0,270,0,0,0
0,11.25354,0,0,0,270,0,0,0
0,11.26274,0,0,0,270,0,0,0
0,11.27279,0,0,0,270,0,0,0
0,11.28205,0,0,0,270,0,0,0
0,11.29057,0,0,0,270,0,0,0
0,11.30027,0,0,0,270,0,0,0
0,11.30893,0,0,0,270,0,0,0
0,11.31771,0,0,0,270,0,0,0
0,11.32477,0,0,0,270,0,0,0
0,11.33389,0,0,0,270,0,0,0
0,11.34175,0,0,0,270,0,0,0
0,11.34984,0,0,0,270,0,0,0
0,11.35744,0,0,0,270,0,0,0
0,11.36518,0,0,0,270,0,0,0
0,11.37361,0,0,0,270,0,0,0
0,11.3818,0,0,0,270,0,0,0
0,11.3926,0,0,0,270,0,0,0
0,11.40295,0,0,0,270,0,0,0
0,11.41362,0,0,0,270,0,0,0
0,11.42625,0,0,0,270,0,0,0
0,11.43516,0,0,0,270,0,0,0
0,11.44584,0,0,0,270,0,0,0
0,11.45733,0,0,0,270,0,0,0
0,11.46899,0,0,0,270,0,0,0
0,11.48067,0,0,0,270,0,0,0
0,11.49144,0,0,0,270,0,0,0
0,11.50386,0,0,0,270,0,0,0
0,11.51509,0,0,0,270,0,0,0
0,11.5255,0,0,0,270,0,0,0
0,11.53766,0,0,0,270,0,0,0
0,11.54952,0,0,0,270,0,0,0
0,11.5605,0,0,0,270,0,0,0
0,11.57183,0,0,0,270,0,0,0
0,11.5837,0,0,0,270,0,0,0
0,11.59474,0,0,0,270,0,0,0
0,11.60609,0,0,0,270,0,0,0
0,11.61707,0,0,0,270,0,0,0
0,11.62892,0,0,0,270,0,0,0
0,11.63985,0,0,0,270,0,0,0
0,11.65339,0,0,0,270,0,0,0
0,11.66649,0,0,0,270,0,0,0
0,11.67882,0,0,0,270,0,0,0
0,11.69133,0,0,0,270,0,0,0
0,11.70412,0,0,0,270,0,0,0
0,11.71604,0,0,0,270,0,0,0
0,11.72881,0,0,0,270,0,0,0
0,11.74178,0,0,0,270,0,0,0
0,11.75431,0,0,0,270,0,0,0
0,11.7665,0,0,0,270,0,0,0
0,11.77747,0,0,0,270,0,0,0
0,11.78945,0,0,0,270,0,0,0
0,11.80021,0,0,0,270,0,0,0
0,11.81291,0,0,0,270,0,0,0
0,11.82656,0,0,0,270,0,0,0
0,11.83953,0,0,0,270,0,0,0
0,11.85193,0,0,0,270,0,0,0
0,11.86157,0,0,0,270,0,0,0
0,11.87147,0,0,0,270,0,0,0
0,11.88273,0,0,0,270,0,0,0
0,11.89427,0,0,0,270,0,0,0
0,11.90442,0,0,0,270,0,0,0
0,11.91342,0,0,0,270,0,0,0
0,11.92532,0,0,0,270,0,0,0
0,11.9371,0,0,0,270,0,0,0
0,11.94703,0,0,0,270,0,0,0
0,11.96001,0,0,0,270,0,0,0
0,11.97077,0,0,0,270,0,0,0
0,11.98148,0,0,0,270,0,0,0
0,11.99547,0,0,0,270,0,0,0
0,12.0079,0,0,0,270,0,0,0
0,12.01729,0,0,0,270,0,0,0
0,12.02571,0,0,0,270,0,0,0
0,12.03722,0,0,0,270,0,0,0
0,12.04868,0,0,0,270,0,0,0
0,12.05703,0,0,0,270,0,0,0
0,12.06709,0,0,0,270,0,0,0
0,12.07638,0,0,0,270,0,0,0
0,12.0843,0,0,0,270,0,0,0
0,12.09362,0,0,0,270,0,0,0
0,12.10217,0,0,0,270,0,0,0
0,12.111,0,0,0,270,0,0,0
0,12.11927,0,0,0,270,0,0,0
0,12.12815,0,0,0,270,0,0,0
0,12.13515,0,0,0,270,0,0,0
0,12.14359,0,0,0,270,0,0,0
0,12.15195,0,0,0,270,0,0,0
0,12.16012,0,0,0,270,0,0,0
0,12.16836,0,0,0,270,0,0,0
0,12.17776,0,0,0,270,0,0,0
0,12.18685,0,0,0,270,0,0,0
0,12.19501,0,0,0,270,0,0,0
0,12.20584,0,0,0,270,0,0,0
0,12.21342,0,0,0,270,0,0,0
0,12.22301,0,0,0,270,0,0,0
0,12.23184,0,0,0,270,0,0,0
0,12.24152,0,0,0,270,0,0,0
0,12.25063,0,0,0,270,0,0,0
0,12.25974,0,0,0,270,0,0,0
0,12.26834,0,0,0,270,0,0,0
0,12.2765,0,0,0,270,0,0,0
0,12.28563,0,0,0,270,0,0,0
0,12.29435,0,0,0,270,0,0,0
0,12.30244,0,0,0,270,0,0,0
0,12.31021,0,0,0,270,0,0,0
0,12.3186,0,0,0,270,0,0,0
0,12.32908,0,0,0,270,0,0,0
0,12.34005,0,0,0,270,0,0,0
0,12.35093,0,0,0,270,0,0,0
0,12.36202,0,0,0,270,0,0,0
0,12.3717,0,0,0,270,0,0,0
0,12.38335,0,0,0,270,0,0,0
0,12.39124,0,0,0,270,0,0,0
0,12.39952,0,0,0,270,0,0,0
0,12.4076,0,0,0,270,0,0,0
0,12.4163,0,0,0,270,0,0,0
0,12.42554,0,0,0,270,0,0,0
0,12.43407,0,0,0,270,0,0,0
0,12.4425,0,0,0,270,0,0,0
0,12.45207,0,0,0,270,0,0,0
0,12.46204,0,0,0,270,0,0,0
0,12.472,0,0,0,270,0,0,0
0,12.48115,0,0,0,270,0,0,0
0,12.49065,0,0,0,270,0,0,0
0,12.50118,0,0,0,270,0,0,0
0,12.51001,0,0,0,270,0,0,0
0,12.51929,0,0,0,270,0,0,0
0,12.52826,0,0,0,270,0,0,0
0,12.53763,0,0,0,270,0,0,0
0,12.54794,0,0,0,270,0,0,0
0,12.55618,0,0,0,270,0,0,0
0,12.56926,0,0,0,270,0,0,0
0,12.58082,0,0,0,270,0,0,0
0,12.59141,0,0,0,270,0,0,0
0,12.60339,0,0,0,270,0,0,0
0,12.61446,0,0,0,270,0,0,0
0,12.62432,0,0,0,270,0,0,0
0,12.63408,0,0,0,270,0,0,0
0,12.64409,0,0,0,270,0,0,0
0,12.65673,0,0,0,270,0,0,0
0,12.66855,0,0,0,270,0,0,0
0,12.68159,0,0,0,270,0,0,0
0,12.69346,0,0,0,270,0,0,0
0,12.70926,0,0,0,270,0,0,0
0,12.72225,0,0,0,270,0,0,0
0,12.73428,0,0,0,270,0,0,0
0,12.74587,0,0,0,270,0,0,0
0,12.75869,0,0,0,270,0,0,0
0,12.77122,0,0,0,270,0,0,0
0,12.78456,0,0,0,270,0,0,0
0,12.79546,0,0,0,270,0,0,0
0,12.80732,0,0,0,270,0,0,0
0,12.81859,0,0,0,270,0,0,0
0,12.83048,0,0,0,270,0,0,0
0,12.84178,0,0,0,270,0,0,0
0,12.85339,0,0,0,270,0,0,0
0,12.86702,0,0,0,270,0,0,0
0,12.87771,0,0,0,270,0,0,0
0,12.89135,0,0,0,270,0,0,0
0,12.90466,0,0,0,270,0,0,0
0,12.91683,0,0,0,270,0,0,0
0,12.92913,0,0,0,270,0,0,0
0,12.94054,0,0,0,270,0,0,0
0,12.95031,0,0,0,270,0,0,0
0,12.96086,0,0,0,270,0,0,0
0,12.97328,0,0,0,270,0,0,0
0,12.98647,0,0,0,270,0,0,0
0,12.99987,0,0,0,270,0,0,0
0,13.01295,0,0,0,270,0,0,0
0,13.03133,0,0,0,270,0,0,0
0,13.04811,0,0,0,270,0,0,0
0,13.06353,0,0,0,270,0,0,0
0,13.07526,0,0,0,270,0,0,0
0,13.08554,0,0,0,270,0,0,0
0,13.09777,0,0,0,270,0,0,0
0,13.10896,0,0,0,270,0,0,0
0,13.12088,0,0,0,270,0,0,0
0,13.13255,0,0,0,270,0,0,0
0,13.14506,0,0,0,270,0,0,0
0,13.15738,0,0,0,270,0,0,0
0,13.17087,0,0,0,270,0,0,0
0,13.18044,0,0,0,270,0,0,0
0,13.19296,0,0,0,270,0,0,0
0,13.21062,0,0,0,270,0,0,0
0,13.2275,0,0,0,270,0,0,0
0,13.23806,0,0,0,270,0,0,0
0,13.24756,0,0,0,270,0,0,0
0,13.25875,0,0,0,270,0,0,0
0,13.26855,0,0,0,270,0,0,0
0,13.27807,0,0,0,270,0,0,0
0,13.28762,0,0,0,270,0,0,0
0,13.29707,0,0,0,270,0,0,0
0,13.30567,0,0,0,270,0,0,0
0,13.31528,0,0,0,270,0,0,0
0,13.32332,0,0,0,270,0,0,0
0,13.33137,0,0,0,270,0,0,0
0,13.34052,0,0,0,270,0,0,0
0,13.34996,0,0,0,270,0,0,0
0,13.35863,0,0,0,270,0,0,0
0,13.36789,0,0,0,270,0,0,0
0,13.37685,0,0,0,270,0,0,0
0,13.38518,0,0,0,270,0,0,0
0,13.39448,0,0,0,270,0,0,0
0,13.4019,0,0,0,270,0,0,0
0,13.41075,0,0,0,270,0,0,0
0,13.41941,0,0,0,270,0,0,0
0,13.42874,0,0,0,270,0,0,0
0,13.43892,0,0,0,270,0,0,0
0,13.4483,0,0,0,270,0,0,0
0,13.45684,0,0,0,270,0,0,0
0,13.46518,0,0,0,270,0,0,0
0,13.47397,0,0,0,270,0,0,0
0,13.48264,0,0,0,270,0,0,0
0,13.49104,0,0,0,270,0,0,0
0,13.50141,0,0,0,270,0,0,0
0,13.50962,0,0,0,270,0,0,0
0,13.5177,0,0,0,270,0,0,0
0,13.52585,0,0,0,270,0,0,0
0,13.53472,0,0,0,270,0,0,0
0,13.54266,0,0,0,270,0,0,0
0,13.55126,0,0,0,270,0,0,0
0,13.56021,0,0,0,270,0,0,0
0,13.56901,0,0,0,270,0,0,0
0,13.57896,0,0,0,270,0,0,0
0,13.58804,0,0,0,270,0,0,0
0,13.59641,0,0,0,270,0,0,0
0,13.60411,0,0,0,270,0,0,0
0,13.61309,0,0,0,270,0,0,0
0,13.62129,0,0,0,270,0,0,0
0,13.63026,0,0,0,270,0,0,0
0,13.63845,0,0,0,270,0,0,0
0,13.64543,0,0,0,270,0,0,0
0,13.65286,0,0,0,270,0,0,0
0,13.66148,0,0,0,270,0,0,0
0,13.66896,0,0,0,270,0,0,0
0,13.67723,0,0,0,270,0,0,0
0,13.68623,0,0,0,270,0,0,0
0,13.69583,0,0,0,270,0,0,0
0,13.7051,0,0,0,270,0,0,0
0,13.71506,0,0,0,270,0,0,0
0,13.72696,0,0,0,270,0,0,0
0,13.73842,0,0,0,270,0,0,0
0,13.74981,0,0,0,270,0,0,0
0,13.76207,0,0,0,270,0,0,0
0,13.77391,0,0,0,270,0,0,0
0,13.78454,0,0,0,270,0,0,0
0,13.79502,0,0,0,270,0,0,0
0,13.80538,0,0,0,270,0,0,0
0,13.81548,0,0,0,270,0,0,0
0,13.82515,0,0,0,270,0,0,0
0,13.83426,0,0,0,270,0,0,0
0,13.84562,0,0,0,270,0,0,0
0,13.85711,0,0,0,270,0,0,0
0,13.86864,0,0,0,270,0,0,0
0,13.88001,0,0,0,270,0,0,0
0,13.89128,0,0,0,270,0,0,0
0,13.90277,0,0,0,270,0,0,0
0,13.91563,0,0,0,270,0,0,0
0,13.92726,0,0,0,270,0,0,0
0,13.93732,0,0,0,270,0,0,0
0,13.94944,0,0,0,270,0,0,0
0,13.96171,0,0,0,270,0,0,0
0,13.97161,0,0,0,270,0,0,0
0,13.98348,0,0,0,270,0,0,0
0,13.99627,0,0,0,270,0,0,0
0,14.00944,0,0,0,270,0,0,0
0,14.02276,0,0,0,270,0,0,0
0,14.0337,0,0,0,270,0,0,0
0,14.04644,0,0,0,270,0,0,0
0,14.06063,0,0,0,270,0,0,0
0,14.07337,0,0,0,270,0,0,0
0,14.08536,0,0,0,270,0,0,0
0,14.09623,0,0,0,270,0,0,0
0,14.10764,0,0,0,270,0,0,0
0,14.1195,0,0,0,270,0,0,0
0,14.13027,0,0,0,270,0,0,0
0,14.14186,0,0,0,270,0,0,0
0,14.15174,0,0,0,270,0,0,0
0,14.16315,0,0,0,270,0,0,0
0,14.17421,0,0,0,270,0,0,0
0,14.18668,0,0,0,270,0,0,0
0,14.19952,0,0,0,270,0,0,0
0,14.21004,0,0,0,270,0,0,0
0,14.22096,0,0,0,270,0,0,0
0,14.2308,0,0,0,270,0,0,0
0,14.24226,0,0,0,270,0,0,0
0,14.25386,0,0,0,270,0,0,0
0,14.26551,0,0,0,270,0,0,0
0,14.27653,0,0,0,270,0,0,0
0,14.29547,0,0,0,270,0,0,0
0,14.31151,0,0,0,270,0,0,0
0,14.32252,0,0,0,330.0184,3,0,5.2
0,14.33379,0,0,0,330.0184,3,0,5.2
0,14.34221,0,0,0,330.0184,3,0,5.2
0,14.35073,0,0,0,330.0184,3,0,5.2
0,14.3596,0,0,0,330.0184,3,0,5.2
0,14.36799,0,0,0,330.0184,3,0,5.2
0,14.37648,0,0,0,330.0184,3,0,5.2
0,14.3862,0,0,0,330.0184,3,0,5.2
0,14.39585,0,0,0,330.0184,3,0,5.2
0,14.40492,0,0,0,330.0184,3,0,5.2
0,14.41445,0,0,0,330.0184,3,0,5.2
0,14.42486,0,0,0,330.0184,3,0,5.2
0,14.43791,0,0,0,330.0184,3,0,5.2
0,14.44818,0,0,0,330.0184,3,0,5.2
0,14.45744,0,0,0,330.0184,3,0,5.2
0,14.46639,0,0,0,330.0184,3,0,5.2
0,14.47543,0,0,0,330.0184,3,0,5.2
0,14.48499,0,0,0,330.0184,3,0,5.2
0,14.49348,0,0,0,330.0184,3,0,5.2
0,14.50127,0,0,0,330.0184,3,0,5.2
0,14.50902,0,0,0,330.0184,3,0,5.2
0,14.51821,0,0,0,330.0184,3,0,5.2
0,14.52665,0,0,0,330.0184,3,0,5.2
0,14.53489,0,0,0,330.0184,3,0,5.2
0,14.54381,0,0,0,330.0184,3,0,5.2
0,14.55507,0,0,0,330.0184,3,0,5.2
0,14.5636,0,0,0,330.0184,3,0,5.2
0,14.5722,0,0,0,330.0184,3,0,5.2
0,14.58116,0,0,0,330.0184,3,0,5.2
0,14.58899,0,0,0,330.0184,3,0,5.2
0,14.59744,0,0,0,330.0184,3,0,5.2
0,14.6058,0,0,0,330.0184,3,0,5.2
0,14.61493,0,0,0,330.0184,3,0,5.2
0,14.62327,0,0,0,330.0184,3,0,5.2
0,14.63139,0,0,0,330.0184,3,0,5.2
0,14.63967,0,0,0,330.0184,3,0,5.2
0,14.64948,0,0,0,330.0184,3,0,5.2
0,14.6576,0,0,0,330.0184,3,0,5.2
0,14.6654,0,0,0,330.0184,3,0,5.2
0,14.67477,0,0,0,330.0184,3,0,5.2
0,14.68254,0,0,0,330.0184,3,0,5.2
0,14.69142,0,0,0,330.0184,3,0,5.2
0,14.69976,0,0,0,330.0184,3,0,5.2
0,14.7092,0,0,0,330.0184,3,0,5.2
0,14.7196,0,0,0,330.0184,3,0,5.2
0,14.72805,0,0,0,330.0184,3,0,5.2
0,14.73882,0,0,0,330.0184,3,0,5.2
0,14.74913,0,0,0,330.0184,3,0,5.2
0,14.75811,0,0,0,330.0184,3,0,5.2
0,14.76706,0,0,0,330.0184,3,0,5.2
0,14.77643,0,0,0,330.0184,3,0,5.2
0,14.7855,0,0,0,330.0184,3,0,5.2
0,14.7935,0,0,0,330.0184,3,0,5.2
0,14.80188,0,0,0,330.0184,3,0,5.2
0,14.81021,0,0,0,330.0184,3,0,5.2
0,14.81938,0,0,0,330.0184,3,0,5.2
0,14.82858,0,0,0,330.0184,3,0,5.2
0,14.83776,0,0,0,330.0184,3,0,5.2
0,14.84551,0,0,0,330.0184,3,0,5.2
0,14.85331,0,0,0,330.0184,3,0,5.2
0,14.86131,0,0,0,330.0184,3,0,5.2
0,14.86899,0,0,0,330.0184,3,0,5.2
0,14.87748,0,0,0,330.0184,3,0,5.2
0,14.88578,0,0,0,330.0184,3,0,5.2
0,14.89536,0,0,0,330.0184,3,0,5.2
0,14.90499,0,0,0,330.0184,3,0,5.2
0,14.91461,0,0,0,330.0184,3,0,5.2
0,14.92468,0,0,0,330.0184,3,0,5.2
0,14.93728,0,0,0,330.0184,3,0,5.2
0,14.94628,0,0,0,330.0184,3,0,5.2
0,14.95648,0,0,0,330.0184,3,0,5.2
0,14.96583,0,0,0,330.0184,3,0,5.2
0,14.97505,0,0,0,330.0184,3,0,5.2
0,14.98539,0,0,0,330.0184,3,0,5.2
0,14.99865,0,0,0,330.0184,3,0,5.2
0,15.01026,0,0,0,330.0184,3,0,5.2
0,15.0214,0,0,0,330.0184,3,0,5.2
0,15.03407,0,0,0,330.0184,3,0,5.2
0,15.04735,0,0,0,330.0184,3,0,5.2
0,15.06783,0,0,0,330.0184,3,0,5.2
0,15.09233,0,0,0,330.0184,3,0,5.2
0,15.10379,0,0,0,330.0184,3,0,5.2
0,15.1159,0,0,0,330.0184,3,0,5.2
0,15.12817,0,0,0,330.0184,3,0,5.2
0,15.13911,0,0,0,330.0184,3,0,5.2
0,15.14976,0,0,0,330.0184,3,0,5.2
0,15.16126,0,0,0,330.0184,3,0,5.2
0,15.17229,0,0,0,330.0184,3,0,5.2
0,15.18279,0,0,0,330.0184,3,0,5.2
0,15.19428,0,0,0,330.0184,3,0,5.2
0,15.20659,0,0,0,330.0184,3,0,5.2
0,15.21923,0,0,0,330.0184,3,0,5.2
0,15.2297,0,0,0,330.0184,3,0,5.2
0,15.24199,0,0,0,330.0184,3,0,5.2
0,15.25435,0,0,0,330.0184,3,0,5.2
0,15.26589,0,0,0,330.0184,3,0,5.2
0,15.27658,0,0,0,330.0184,3,0,5.2
0,15.2881,0,0,0,330.0184,3,0,5.2
0,15.29946,0,0,0,330.0184,3,0,5.2
0,15.31099,0,0,0,330.0184,3,0,5.2
0,15.32311,0,0,0,330.0184,3,0,5.2
0,15.33585,0,0,0,330.0184,3,0,5.2
0,15.3486,0,0,0,330.0184,3,0,5.2
0,15.35985,0,0,0,330.0184,3,0,5.2
0,15.3699,0,0,0,330.0184,3,0,5.2
0,15.38038,0,0,0,330.0184,3,0,5.2
0,15.38918,0,0,0,330.0184,3,0,5.2
0,15.39894,0,0,0,330.0184,3,0,5.2
0,15.41053,0,0,0,330.0184,3,0,5.2
0,15.4206,0,0,0,330.0184,3,0,5.2
0,15.43159,0,0,0,330.0184,3,0,5.2
0,15.44238,0,0,0,330.0184,3,0,5.2
0,15.45445,0,0,0,330.0184,3,0,5.2
0,15.46639,0,0,0,330.0184,3,0,5.2
0,15.47654,0,0,0,330.0184,3,0,5.2
0,15.48659,0,0,0,330.0184,3,0,5.2
0,15.49574,0,0,0,330.0184,3,0,5.2
0,15.5063,0,0,0,330.0184,3,0,5.2
0,15.51541,0,0,0,330.0184,3,0,5.2
0,15.52347,0,0,0,330.0184,3,0,5.2
0,15.5335,0,0,0,330.0184,3,0,5.2
0,15.54247,0,0,0,330.0184,3,0,5.2
0,15.55221,0,0,0,330.0184,3,0,5.2
0,15.56155,0,0,0,330.0184,3,0,5.2
0,15.57063,0,0,0,330.0184,3,0,5.2
0,15.57932,0,0,0,330.0184,3,0,5.2
0,15.58783,0,0,0,330.0184,3,0,5.2
0,15.596,0,0,0,330.0184,3,0,5.2
0,15.6035,0,0,0,330.0184,3,0,5.2
0,15.61259,0,0,0,330.0184,3,0,5.2
0,15.6203,0,0,0,330.0184,3,0,5.2
0,15.62998,0,0,0,330.0184,3,0,5.2
0,15.63855,0,0,0,330.0184,3,0,5.2
0,15.64758,0,0,0,330.0184,3,0,5.2
0,15.65615,0,0,0,330.0184,3,0,5.2
0,15.66654,0,0,0,330.0184,3,0,5.2
0,15.67538,0,0,0,330.0184,3,0,5.2
0,15.68367,0,0,0,330.0184,3,0,5.2
0,15.69358,0,0,0,330.0184,3,0,5.2
0,15.70081,0,0,0,330.0184,3,0,5.2
0,15.70951,0,0,0,330.0184,3,0,5.2
0,15.71944,0,0,0,330.0184,3,0,5.2
0,15.72837,0,0,0,330.0184,3,0,5.2
0,15.73677,0,0,0,330.0184,3,0,5.2
0,15.74509,0,0,0,330.0184,3,0,5.2
0,15.75344,0,0,0,330.0184,3,0,5.2
0,15.76265,0,0,0,330.0184,3,0,5.2
0,15.77304,0,0,0,330.0184,3,0,5.2
0,15.78356,0,0,0,330.0184,3,0,5.2
0,15.79214,0,0,0,330.0184,3,0,5.2
0,15.80071,0,0,0,330.0184,3,0,5.2
0,15.80931,0,0,0,330.0184,3,0,5.2
0,15.81787,0,0,0,330.0184,3,0,5.2
0,15.82643,0,0,0,330.0184,3,0,5.2
0,15.83392,0,0,0,330.0184,3,0,5.2
0,15.84297,0,0,0,330.0184,3,0,5.2
0,15.85114,0,0,0,330.0184,3,0,5.2
0,15.85912,0,0,0,330.0184,3,0,5.2
0,15.86645,0,0,0,330.0184,3,0,5.2
0,15.87511,0,0,0,330.0184,3,0,5.2
0,15.88428,0,0,0,330.0184,3,0,5.2
0,15.89419,0,0,0,330.0184,3,0,5.2
0,15.9036,0,0,0,330.0184,3,0,5.2
0,15.91201,0,0,0,330.0184,3,0,5.2
0,15.92148,0,0,0,330.0184,3,0,5.2
0,15.93011,0,0,0,330.0184,3,0,5.2
0,15.93829,0,0,0,330.0184,3,0,5.2
0,15.94554,0,0,0,330.0184,3,0,5.2
0,15.95544,0,0,0,330.0184,3,0,5.2
0,15.96393,0,0,0,330.0184,3,0,5.2
0,15.97249,0,0,0,330.0184,3,0,5.2
0,15.98032,0,0,0,330.0184,3,0,5.2
0,15.98893,0,0,0,330.0184,3,0,5.2
0,15.99733,0,0,0,330.0184,3,0,5.2
0,16.00717,0,0,0,330.0184,3,0,5.2
0,16.01547,0,0,0,330.0184,3,0,5.2
0,16.02304,0,0,0,330.0184,3,0,5.2
0,16.03301,0,0,0,330.0184,3,0,5.2
0,16.04201,0,0,0,330.0184,3,0,5.2
0,16.05155,0,0,0,330.0184,3,0,5.2
0,16.06379,0,0,0,330.0184,3,0,5.2
0,16.07628,0,0,0,330.0184,3,0,5.2
0,16.08775,0,0,0,330.0184,3,0,5.2
0,16.10292,0,0,0,330.0184,3,0,5.2
0,16.11964,0,0,0,330.0184,3,0,5.2
0,16.13207,0,0,0,330.0184,3,0,5.2
0,16.14425,0,0,0,330.0184,3,0,5.2
0,16.15502,0,0,0,330.0184,3,0,5.2
0,16.16759,0,0,0,330.0184,3,0,5.2
0,16.18033,0,0,0,330.0184,3,0,5.2
0,16.19429,0,0,0,330.0184,3,0,5.2
0,16.20655,0,0,0,330.0184,3,0,5.2
0,16.21856,0,0,0,330.0184,3,0,5.2
0,16.22955,0,0,0,330.0184,3,0,5.2
0,16.24274,0,0,0,330.0184,3,0,5.2
0,16.25538,0,0,0,330.0184,3,0,5.2
0,16.2682,0,0,0,330.0184,3,0,5.2
0,16.28085,0,0,0,330.0184,3,0,5.2
0,16.2936,0,0,0,330.0184,3,0,5.2
0,16.3049,0,0,0,330.0184,3,0,5.2
0,16.31752,0,0,0,330.0184,3,0,5.2
0,16.32941,0,0,0,330.0184,3,0,5.2
0,16.34207,0,0,0,330.0184,3,0,5.2
0,16.35458,0,0,0,330.0184,3,0,5.2
0,16.36975,0,0,0,330.0184,3,0,5.2
0,16.38235,0,0,0,330.0184,3,0,5.2
0,16.39459,0,0,0,330.0184,3,0,5.2
0,16.40722,0,0,0,330.0184,3,0,5.2
0,16.41891,0,0,0,330.0184,3,0,5.2
0,16.43016,0,0,0,330.0184,3,0,5.2
0,16.44319,0,0,0,330.0184,3,0,5.2
0,16.45551,0,0,0,330.0184,3,0,5.2
0,16.46628,0,0,0,330.0184,3,0,5.2
0,16.47784,0,0,0,330.0184,3,0,5.2
0,16.4898,0,0,0,330.0184,3,0,5.2
0,16.50071,0,0,0,330.0184,3,0,5.2
0,16.51246,0,0,0,330.0184,3,0,5.2
0,16.52515,0,0,0,330.0184,3,0,5.2
0,16.53804,0,0,0,330.0184,3,0,5.2
0,16.54857,0,0,0,330.0184,3,0,5.2
0,16.56154,0,0,0,330.0184,3,0,5.2
0,16.57407,0,0,0,330.0184,3,0,5.2
0,16.58468,0,0,0,330.0184,3,0,5.2
0,16.59582,0,0,0,330.0184,3,0,5.2
0,16.60729,0,0,0,330.0184,3,0,5.2
0,16.61641,0,0,0,330.0184,3,0,5.2
0,16.62835,0,0,0,330.0184,3,0,5.2
0,16.63883,0,0,0,330.0184,3,0,5.2
0,16.65092,0,0,0,330.0184,3,0,5.2
0,16.66126,0,0,0,330.0184,3,0,5.2
0,16.67202,0,0,0,330.0184,3,0,5.2
0,16.68208,0,0,0,330.0184,3,0,5.2
0,16.69314,0,0,0,330.0184,3,0,5.2
0,16.70234,0,0,0,330.0184,3,0,5.2
0,16.71114,0,0,0,330.0184,3,0,5.2
0,16.71902,0,0,0,330.0184,3,0,5.2
0,16.72729,0,0,0,330.0184,3,0,5.2
0,16.73664,0,0,0,330.0184,3,0,5.2
0,16.74458,0,0,0,330.0184,3,0,5.2
0,16.75407,0,0,0,330.0184,3,0,5.2
0,16.76194,0,0,0,330.0184,3,0,5.2
0,16.76985,0,0,0,330.0184,3,0,5.2
0,16.77887,0,0,0,330.0184,3,0,5.2
0,16.78986,0,0,0,330.0184,3,0,5.2
0,16.80085,0,0,0,330.0184,3,0,5.2
0,16.81,0,0,0,330.0184,3,0,5.2
0,16.81943,0,0,0,330.0184,3,0,5.2
0,16.82708,0,0,0,330.0184,3,0,5.2
0,16.83447,0,0,0,330.0184,3,0,5.2
0,16.8425,0,0,0,330.0184,3,0,5.2
0,16.85167,0,0,0,330.0184,3,0,5.2
0,16.86217,0,0,0,330.0184,3,0,5.2
0,16.87032,0,0,0,330.0184,3,0,5.2
0,16.87962,0,0,0,330.0184,3,0,5.2
0,16.8891,0,0,0,330.0184,3,0,5.2
0,16.89806,0,0,0,330.0184,3,0,5.2
0,16.90742,0,0,0,330.0184,3,0,5.2
0,16.91611,0,0,0,330.0184,3,0,5.2
0,16.92717,0,0,0,330.0184,3,0,5.2
0,16.93543,0,0,0,330.0184,3,0,5.2
0,16.94454,0,0,0,330.0184,3,0,5.2
0,16.95403,0,0,0,330.0184,3,0,5.2
0,16.96254,0,0,0,330.0184,3,0,5.2
0,16.97222,0,0,0,330.0184,3,0,5.2
0,16.98016,0,0,0,330.0184,3,0,5.2
0,16.9894,0,0,0,330.0184,3,0,5.2
0,16.99909,0,0,0,330.0184,3,0,5.2
0,17.00726,0,0,0,330.0184,3,0,5.2
0,17.02726,0,0,0,330.0184,3,0,5.2
0,17.03494,0,0,0,330.0184,3,0,5.2
0,17.04333,0,0,0,330.0184,3,0,5.2
0,17.05277,0,0,0,330.0184,3,0,5.2
0,17.06188,0,0,0,330.0184,3,0,5.2
0,17.07115,0,0,0,330.0184,3,0,5.2
0,17.08188,0,0,0,330.0184,3,0,5.2
0,17.09244,0,0,0,330.0184,3,0,5.2
0,17.10099,0,0,0,330.0184,3,0,5.2
0,17.11158,0,0,0,330.0184,3,0,5.2
0,17.1232,0,0,0,330.0184,3,0,5.2
0,17.13711,0,0,0,330.0184,3,0,5.2
0,17.14987,0,0,0,330.0184,3,0,5.2
0,17.16176,0,0,0,330.0184,3,0,5.2
0,17.17132,0,0,0,330.0184,3,0,5.2
0,17.18219,0,0,0,330.0184,3,0,5.2
0,17.19278,0,0,0,330.0184,3,0,5.2
0,17.20457,0,0,0,330.0184,3,0,5.2
0,17.21457,0,0,0,330.0184,3,0,5.2
0,17.22566,0,0,0,330.0184,3,0,5.2
0,17.23691,0,0,0,330.0184,3,0,5.2
0,17.24697,0,0,0,330.0184,3,0,5.2
0,17.25852,0,0,0,330.0184,3,0,5.2
0,17.26962,0,0,0,330.0184,3,0,5.2
0,17.2805,0,0,0,330.0184,3,0,5.2
0,17.29307,0,0,0,330.0184,3,0,5.2
0,17.30522,0,0,0,330.0184,3,0,5.2
0,17.32084,0,0,0,330.0184,3,0,5.2
0,17.33514,0,0,0,330.0184,3,0,5.2
0,17.34639,0,0,0,330.0184,3,0,5.2
0,17.35616,0,0,0,330.0184,3,0,5.2
0,17.36834,0,0,0,330.0184,3,0,5.2
0,17.38394,0,0,0,330.0184,3,0,5.2
0,17.40028,0,0,0,330.0184,3,0,5.2
0,17.41425,0,0,0,330.0184,3,0,5.2
0,17.42847,0,0,0,330.0184,3,0,5.2
0,17.44266,0,0,0,330.0184,3,0,5.2
0,17.45768,0,0,0,330.0184,3,0,5.2
0,17.47281,0,0,0,330.0184,3,0,5.2
0,17.48762,0,0,0,330.0184,3,0,5.2
0,17.50109,0,0,0,330.0184,3,0,5.2
0,17.51338,0,0,0,330.0184,3,0,5.2
0,17.52607,0,0,0,330.0184,3,0,5.2
0,17.53934,0,0,0,330.0184,3,0,5.2
0,17.55161,0,0,0,330.0184,3,0,5.2
0,17.56391,0,0,0,330.0184,3,0,5.2
0,17.57484,0,0,0,330.0184,3,0,5.2
0,17.58731,0,0,0,330.0184,3,0,5.2
0,17.59946,0,0,0,330.0184,3,0,5.2
0,17.61195,0,0,0,330.0184,3,0,5.2
0,17.62236,0,0,0,330.0184,3,0,5.2
0,17.63358,0,0,0,330.0184,3,0,5.2
0,17.64524,0,0,0,330.0184,3,0,5.2
0,17.65639,0,0,0,330.0184,3,0,5.2
0,17.66789,0,0,0,330.0184,3,0,5.2
0,17.68172,0,0,0,330.0184,3,0,5.2
0,17.69454,0,0,0,330.0184,3,0,5.2
0,17.70878,0,0,0,330.0184,3,0,5.2
0,17.72206,0,0,0,330.0184,3,0,5.2
0,17.73578,0,0,0,330.0184,3,0,5.2
0,17.74944,0,0,0,330.0184,3,0,5.2
0,17.76307,0,0,0,330.0184,3,0,5.2
0,17.77536,0,0,0,330.0184,3,0,5.2
0,17.78803,0,0,0,330.0184,3,0,5.2
0,17.80217,0,0,0,330.0184,3,0,5.2
0,17.81611,0,0,0,330.0184,3,0,5.2
0,17.83071,0,0,0,330.0184,3,0,5.2
0,17.84249,0,0,0,330.0184,3,0,5.2
0,17.85303,0,0,0,330.0184,3,0,5.2
0,17.8636,0,0,0,330.0184,3,0,5.2
0,17.87452,0,0,0,330.0184,3,0,5.2
0,17.88474,0,0,0,330.0184,3,0,5.2
0,17.89482,0,0,0,330.0184,3,0,5.2
0,17.90434,0,0,0,330.0184,3,0,5.2
0,17.91294,0,0,0,330.0184,3,0,5.2
0,17.92154,0,0,0,330.0184,3,0,5.2
0,17.93038,0,0,0,330.0184,3,0,5.2
0,17.93868,0,0,0,330.0184,3,0,5.2
0,17.9461,0,0,0,330.0184,3,0,5.2
0,17.95692,0,0,0,330.0184,3,0,5.2
0,17.96527,0,0,0,330.0184,3,0,5.2
0,17.97334,0,0,0,330.0184,3,0,5.2
0,17.98265,0,0,0,330.0184,3,0,5.2
0,17.99397,0,0,0,330.0184,3,0,5.2
0,18.00453,0,0,0,330.0184,3,0,5.2
0,18.01348,0,0,0,330.0184,3,0,5.2
0,18.02297,0,0,0,330.0184,3,0,5.2
0,18.0322,0,0,0,330.0184,3,0,5.2
0,18.04053,0,0,0,330.0184,3,0,5.2
0,18.04971,0,0,0,330.0184,3,0,5.2
0,18.05883,0,0,0,330.0184,3,0,5.2
0,18.06755,0,0,0,330.0184,3,0,5.2
0,18.07627,0,0,0,330.0184,3,0,5.2
0,18.08543,0,0,0,330.0184,3,0,5.2
0,18.09467,0,0,0,330.0184,3,0,5.2
0,18.10461,0,0,0,330.0184,3,0,5.2
0,18.11327,0,0,0,330.0184,3,0,5.2
0,18.12206,0,0,0,330.0184,3,0,5.2
0,18.13087,0,0,0,330.0184,3,0,5.2
0,18.13938,0,0,0,330.0184,3,0,5.2
0,18.14859,0,0,0,330.0184,3,0,5.2
0,18.15996,0,0,0,330.0184,3,0,5.2
0,18.17296,0,0,0,330.0184,3,0,5.2
0,18.18353,0,0,0,330.0184,3,0,5.2
0,18.19355,0,0,0,330.0184,3,0,5.2
0,18.20331,0,0,0,330.0184,3,0,5.2
0,18.21196,0,0,0,330.0184,3,0,5.2
0,18.22242,0,0,0,330.0184,3,0,5.2
0,18.23073,0,0,0,330.0184,3,0,5.2
0,18.23806,0,0,0,330.0184,3,0,5.2
0,18.24599,0,0,0,330.0184,3,0,5.2
0,18.25448,0,0,0,330.0184,3,0,5.2
0,18.26201,0,0,0,330.0184,3,0,5.2
0,18.27157,0,0,0,330.0184,3,0,5.2
0,18.28025,0,0,0,330.0184,3,0,5.2
0,18.28968,0,0,0,330.0184,3,0,5.2
0,18.29977,0,0,0,330.0184,3,0,5.2
0,18.30804,0,0,0,330.0184,3,0,5.2
0,18.31717,0,0,0,330.0184,3,0,5.2
0,18.32597,0,0,0,330.0184,3,0,5.2
0,18.3345,0,0,0,330.0184,3,0,5.2
0,18.34376,0,0,0,330.0184,3,0,5.2
0,18.35323,0,0,0,330.0184,3,0,5.2
0,18.36194,0,0,0,330.0184,3,0,5.2
0,18.37093,0,0,0,330.0184,3,0,5.2
0,18.38167,0,0,0,330.0184,3,0,5.2
0,18.39282,0,0,0,330.0184,3,0,5.2
0,18.40366,0,0,0,330.0184,3,0,5.2
0,18.41552,0,0,0,330.0184,3,0,5.2
0,18.42782,0,0,0,330.0184,3,0,5.2
0,18.43924,0,0,0,330.0184,3,0,5.2
0,18.44853,0,0,0,330.0184,3,0,5.2
0,18.46074,0,0,0,330.0184,3,0,5.2
0,18.47145,0,0,0,330.0184,3,0,5.2
0,18.48128,0,0,0,330.0184,3,0,5.2
0,18.4943,0,0,0,330.0184,3,0,5.2
0,18.5065,0,0,0,330.0184,3,0,5.2
0,18.5173,0,0,0,330.0184,3,0,5.2
0,18.52855,0,0,0,330.0184,3,0,5.2
0,18.53993,0,0,0,330.0184,3,0,5.2
0,18.55078,0,0,0,330.0184,3,0,5.2
0,18.56105,0,0,0,330.0184,3,0,5.2
0,18.5715,0,0,0,330.0184,3,0,5.2
0,18.58305,0,0,0,330.0184,3,0,5.2
0,18.5958,0,0,0,330.0184,3,0,5.2
0,18.60815,0,0,0,330.0184,3,0,5.2
0,18.62328,0,0,0,330.0184,3,0,5.2
0,18.63588,0,0,0,330.0184,3,0,5.2
0,18.64876,0,0,0,330.0184,3,0,5.2
0,18.66052,0,0,0,330.0184,3,0,5.2
0,18.67256,0,0,0,330.0184,3,0,5.2
0,18.68408,0,0,0,330.0184,3,0,5.2
0,18.69571,0,0,0,330.0184,3,0,5.2
0,18.70782,0,0,0,330.0184,3,0,5.2
0,18.71974,0,0,0,330.0184,3,0,5.2
0,18.73012,0,0,0,330.0184,3,0,5.2
0,18.74195,0,0,0,330.0184,3,0,5.2
0,18.7538,0,0,0,330.0184,3,0,5.2
0,18.7661,0,0,0,330.0184,3,0,5.2
0,18.77746,0,0,0,330.0184,3,0,5.2
0,18.79009,0,0,0,330.0184,3,0,5.2
0,18.80151,0,0,0,330.0184,3,0,5.2
0,18.81411,0,0,0,330.0184,3,0,5.2
0,18.82859,0,0,0,330.0184,3,0,5.2
0,18.84271,0,0,0,330.0184,3,0,5.2
0,18.85587,0,0,0,330.0184,3,0,5.2
0,18.86657,0,0,0,330.0184,3,0,5.2
0,18.87797,0,0,0,330.0184,3,0,5.2
0,18.88829,0,0,0,330.0184,3,0,5.2
0,18.89806,0,0,0,330.0184,3,0,5.2
0,18.90987,0,0,0,330.0184,3,0,5.2
0,18.92037,0,0,0,330.0184,3,0,5.2
0,18.93061,0,0,0,330.0184,3,0,5.2
0,18.94228,0,0,0,330.0184,3,0,5.2
0,18.95299,0,0,0,330.0184,3,0,5.2
0,18.96287,0,0,0,330.0184,3,0,5.2
0,18.9739,0,0,0,330.0184,3,0,5.2
0,18.98439,0,0,0,330.0184,3,0,5.2
0,18.99443,0,0,0,330.0184,3,0,5.2
0,19.00586,0,0,0,330.0184,3,0,5.2
0,19.01472,0,0,0,330.0184,3,0,5.2
0,19.0233,0,0,0,330.0184,3,0,5.2
0,19.03272,0,0,0,330.0184,3,0,5.2
0,19.04144,0,0,0,330.0184,3,0,5.2
0,19.05032,0,0,0,330.0184,3,0,5.2
0,19.0587,0,0,0,330.0184,3,0,5.2
0,19.06739,0,0,0,330.0184,3,0,5.2
0,19.0763,0,0,0,330.0184,3,0,5.2
0,19.09589,0,0,0,330.0184,3,0,5.2
0,19.10374,0,0,0,330.0184,3,0,5.2
0,19.11293,0,0,0,330.0184,3,0,5.2
0,19.12349,0,0,0,330.0184,3,0,5.2
0,19.13177,0,0,0,330.0184,3,0,5.2
0,19.14157,0,0,0,330.0184,3,0,5.2
0,19.14976,0,0,0,330.0184,3,0,5.2
0,19.15923,0,0,0,330.0184,3,0,5.2
0,19.16707,0,0,0,330.0184,3,0,5.2
0,19.17842,0,0,0,330.0184,3,0,5.2
0,19.19083,0,0,0,330.0184,3,0,5.2
0,19.20556,0,0,0,330.0184,3,0,5.2
0,19.21546,0,0,0,330.0184,3,0,5.2
0,19.22391,0,0,0,330.0184,3,0,5.2
0,19.23239,0,0,0,330.0184,3,0,5.2
0,19.24207,0,0,0,330.0184,3,0,5.2
0,19.25131,0,0,0,330.0184,3,0,5.2
0,19.25947,0,0,0,330.0184,3,0,5.2
0,19.26761,0,0,0,330.0184,3,0,5.2
0,19.27558,0,0,0,330.0184,3,0,5.2
0,19.28398,0,0,0,330.0184,3,0,5.2
0,19.2911,0,0,0,330.0184,3,0,5.2
0,19.29942,0,0,0,330.0184,3,0,5.2
0,19.3072,0,0,0,330.0184,3,0,5.2
0,19.31837,0,0,0,330.0184,3,0,5.2
0,19.32653,0,0,0,330.0184,3,0,5.2
0,19.3357,0,0,0,330.0184,3,0,5.2
0,19.3463,0,0,0,330.0184,3,0,5.2
0,19.3565,0,0,0,330.0184,3,0,5.2
0,19.36639,0,0,0,330.0184,3,0,5.2
0,19.37515,0,0,0,330.0184,3,0,5.2
0,19.38395,0,0,0,330.0184,3,0,5.2
0,19.39252,0,0,0,330.0184,3,0,5.2
0,19.3997,0,0,0,330.0184,3,0,5.2
0,19.40777,0,0,0,330.0184,3,0,5.2
0,19.4165,0,0,0,330.0184,3,0,5.2
0,19.42668,0,0,0,330.0184,3,0,5.2
0,19.43449,0,0,0,330.0184,3,0,5.2
0,19.44246,0,0,0,330.0184,3,0,5.2
0,19.45069,0,0,0,330.0184,3,0,5.2
0,19.45925,0,0,0,330.0184,3,0,5.2
0,19.4675,0,0,0,330.0184,3,0,5.2
0,19.47594,0,0,0,330.0184,3,0,5.2
0,19.48442,0,0,0,330.0184,3,0,5.2
0,19.49217,0,0,0,330.0184,3,0,5.2
0,19.50195,0,0,0,330.0184,3,0,5.2
0,19.5094,0,0,0,330.0184,3,0,5.2
0,19.51867,0,0,0,330.0184,3,0,5.2
0,19.52889,0,0,0,330.0184,3,0,5.2
0,19.5393,0,0,0,330.0184,3,0,5.2
0,19.55013,0,0,0,330.0184,3,0,5.2
0,19.55963,0,0,0,330.0184,3,0,5.2
0,19.57005,0,0,0,330.0184,3,0,5.2
0,19.58173,0,0,0,330.0184,3,0,5.2
0,19.59001,0,0,0,330.0184,3,0,5.2
0,19.60047,0,0,0,330.0184,3,0,5.2
0,19.61073,0,0,0,330.0184,3,0,5.2
0,19.6209,0,0,0,330.0184,3,0,5.2
0,19.63265,0,0,0,330.0184,3,0,5.2
0,19.64452,0,0,0,330.0184,3,0,5.2
0,19.65671,0,0,0,330.0184,3,0,5.2
0,19.66768,0,0,0,330.0184,3,0,5.2
0,19.6792,0,0,0,330.0184,3,0,5.2
0,19.69109,0,0,0,330.0184,3,0,5.2
0,19.70176,0,0,0,330.0184,3,0,5.2
0,19.71307,0,0,0,330.0184,3,0,5.2
0,19.72486,0,0,0,330.0184,3,0,5.2
0,19.73632,0,0,0,330.0184,3,0,5.2
0,19.74739,0,0,0,330.0184,3,0,5.2
0,19.76217,0,0,0,330.0184,3,0,5.2
0,19.77579,0,0,0,330.0184,3,0,5.2
0,19.78796,0,0,0,330.0184,3,0,5.2
0,19.79937,0,0,0,330.0184,3,0,5.2
0,19.81372,0,0,0,330.0184,3,0,5.2
0,19.82481,0,0,0,330.0184,3,0,5.2
0,19.83638,0,0,0,330.0184,3,0,5.2
0,19.84982,0,0,0,330.0184,3,0,5.2
0,19.86412,0,0,0,330.0184,3,0,5.2
0,19.87589,0,0,0,330.0184,3,0,5.2
0,19.88701,0,0,0,330.0184,3,0,5.2
0,19.89973,0,0,0,330.0184,3,0,5.2
0,19.90997,0,0,0,330.0184,3,0,5.2
0,19.92235,0,0,0,330.0184,3,0,5.2
0,19.93372,0,0,0,330.0184,3,0,5.2
0,19.94539,0,0,0,330.0184,3,0,5.2
0,19.95673,0,0,0,330.0184,3,0,5.2
0,19.96749,0,0,0,330.0184,3,0,5.2
0,19.98043,0,0,0,330.0184,3,0,5.2
0,19.9942,0,0,0,330.0184,3,0,5.2
0,20.00604,0,0,0,330.0184,3,0,5.2
0,20.01718,0,0,0,330.0184,3,0,5.2
0,20.02801,0,0,0,330.0184,3,0,5.2
0,20.03915,0,0,0,330.0184,3,0,5.2
0,20.04953,0,0,0,330.0184,3,0,5.2
0,20.05928,0,0,0,330.0184,3,0,5.2
0,20.06898,0,0,0,330.0184,3,0,5.2
0,20.07959,0,0,0,330.0184,3,0,5.2
0,20.09122,0,0,0,330.0184,3,0,5.2
0,20.10164,0,0,0,330.0184,3,0,5.2
0,20.11285,0,0,0,330.0184,3,0,5.2
0,20.12493,0,0,0,330.0184,3,0,5.2
0,20.13769,0,0,0,330.0184,3,0,5.2
0,20.14867,0,0,0,330.0184,3,0,5.2
0,20.15814,0,0,0,330.0184,3,0,5.2
0,20.16723,0,0,0,330.0184,3,0,5.2
0,20.17652,0,0,0,330.0184,3,0,5.2
0,20.18499,0,0,0,330.0184,3,0,5.2
0,20.19468,0,0,0,330.0184,3,0,5.2
0,20.20379,0,0,0,330.0184,3,0,5.2
0,20.21537,0,0,0,330.0184,3,0,5.2
0,20.22821,0,0,0,330.0184,3,0,5.2
0,20.23792,0,0,0,330.0184,3,0,5.2
0,20.24587,0,0,0,330.0184,3,0,5.2
0,20.25612,0,0,0,330.0184,3,0,5.2
0,20.26485,0,0,0,330.0184,3,0,5.2
0,20.27346,0,0,0,330.0184,3,0,5.2
0,20.28153,0,0,0,330.0184,3,0,5.2
0,20.2881,0,0,0,330.0184,3,0,5.2
0,20.29638,0,0,0,330.0184,3,0,5.2
0,20.30437,0,0,0,330.0184,3,0,5.2
0,20.31162,0,0,0,330.0184,3,0,5.2
0,20.32105,0,0,0,330.0184,3,0,5.2
0,20.33088,0,0,0,330.0184,3,0,5.2
0,20.33888,0,0,0,330.0184,3,0,5.2
0,20.34686,0,0,0,330.0184,3,0,5.2
0,20.35453,0,0,0,330.0184,3,0,5.2
0,20.36361,0,0,0,330.0184,3,0,5.2
0,20.37304,0,0,0,330.0184,3,0,5.2
0,20.38396,0,0,0,330.0184,3,0,5.2
0,20.3933,0,0,0,330.0184,3,0,5.2
0,20.40206,0,0,0,330.0184,3,0,5.2
0,20.41158,0,0,0,330.0184,3,0,5.2
0,20.42093,0,0,0,330.0184,3,0,5.2
0,20.43048,0,0,0,330.0184,3,0,5.2
0,20.43969,0,0,0,330.0184,3,0,5.2
0,20.44894,0,0,0,330.0184,3,0,5.2
0,20.45808,0,0,0,330.0184,3,0,5.2
0,20.46806,0,0,0,330.0184,3,0,5.2
0,20.47626,0,0,0,330.0184,3,0,5.2
0,20.485,0,0,0,330.0184,3,0,5.2
0,20.49276,0,0,0,330.0184,3,0,5.2
0,20.50095,0,0,0,330.0184,3,0,5.2
0,20.50858,0,0,0,330.0184,3,0,5.2
0,20.51664,0,0,0,330.0184,3,0,5.2
0,20.52454,0,0,0,330.0184,3,0,5.2
0,20.53311,0,0,0,330.0184,3,0,5.2
0,20.54111,0,0,0,330.0184,3,0,5.2
0,20.55038,0,0,0,330.0184,3,0,5.2
0,20.55812,0,0,0,330.0184,3,0,5.2
0,20.56676,0,0,0,330.0184,3,0,5.2
0,20.57471,0,0,0,330.0184,3,0,5.2
0,20.58471,0,0,0,330.0184,3,0,5.2
0,20.59425,0,0,0,330.0184,3,0,5.2
0,20.60126,0,0,0,330.0184,3,0,5.2
0,20.6101,0,0,0,330.0184,3,0,5.2
0,20.61843,0,0,0,330.0184,3,0,5.2
0,20.62744,0,0,0,330.0184,3,0,5.2
0,20.6364,0,0,0,330.0184,3,0,5.2
0,20.64562,0,0,0,330.0184,3,0,5.2
0,20.65428,0,0,0,330.0184,3,0,5.2
0,20.66238,0,0,0,330.0184,3,0,5.2
0,20.67153,0,0,0,330.0184,3,0,5.2
0,20.68034,0,0,0,330.0184,3,0,5.2
0,20.69197,0,0,0,330.0184,3,0,5.2
0,20.70293,0,0,0,330.0184,3,0,5.2
0,20.71288,0,0,0,330.0184,3,0,5.2
0,20.72313,0,0,0,330.0184,3,0,5.2
0,20.7339,0,0,0,330.0184,3,0,5.2
0,20.74433,0,0,0,330.0184,3,0,5.2
0,20.75452,0,0,0,330.0184,3,0,5.2
0,20.76425,0,0,0,330.0184,3,0,5.2
0,20.77504,0,0,0,330.0184,3,0,5.2
0,20.78582,0,0,0,330.0184,3,0,5.2
0,20.79746,0,0,0,330.0184,3,0,5.2
0,20.80927,0,0,0,330.0184,3,0,5.2
0,20.82078,0,0,0,330.0184,3,0,5.2
0,20.83298,0,0,0,330.0184,3,0,5.2
0,20.84483,0,0,0,330.0184,3,0,5.2
0,20.85789,0,0,0,330.0184,3,0,5.2
0,20.86851,0,0,0,330.0184,3,0,5.2
0,20.88383,0,0,0,330.0184,3,0,5.2
0,20.89826,0,0,0,330.0184,3,0,5.2
0,20.91016,0,0,0,330.0184,3,0,5.2
0,20.92118,0,0,0,330.0184,3,0,5.2
0,20.93263,0,0,0,330.0184,3,0,5.2
0,20.94573,0,0,0,330.0184,3,0,5.2
0,20.95761,0,0,0,330.0184,3,0,5.2
0,20.9689,0,0,0,330.0184,3,0,5.2
0,20.97911,0,0,0,330.0184,3,0,5.2
0,21.00172,0,0,0,330.0184,3,0,5.2
0,21.01246,0,0,0,330.0184,3,0,5.2
0,21.02226,0,0,0,330.0184,3,0,5.2
0,21.03335,0,0,0,330.0184,3,0,5.2
0,21.04402,0,0,0,330.0184,3,0,5.2
0,21.05735,0,0,0,330.0184,3,0,5.2
0,21.06862,0,0,0,330.0184,3,0,5.2
0,21.08041,0,0,0,330.0184,3,0,5.2
0,21.09191,0,0,0,330.0184,3,0,5.2
0,21.10308,0,0,0,330.0184,3,0,5.2
0,21.11506,0,0,0,330.0184,3,0,5.2
0,21.12693,0,0,0,330.0184,3,0,5.2
0,21.13875,0,0,0,330.0184,3,0,5.2
0,21.15055,0,0,0,330.0184,3,0,5.2
0,21.16101,0,0,0,330.0184,3,0,5.2
0,21.1715,0,0,0,330.0184,3,0,5.2
0,21.18251,0,0,0,330.0184,3,0,5.2
0,21.19446,0,0,0,330.0184,3,0,5.2
0,21.2073,0,0,0,330.0184,3,0,5.2
0,21.21948,0,0,0,330.0184,3,0,5.2
0,21.22961,0,0,0,330.0184,3,0,5.2
0,21.24296,0,0,0,330.0184,3,0,5.2
0,21.25857,0,0,0,330.0184,3,0,5.2
0,21.26955,0,0,0,330.0184,3,0,5.2
0,21.28183,0,0,0,330.0184,3,0,5.2
0,21.29106,0,0,0,330.0184,3,0,5.2
0,21.30238,0,0,0,330.0184,3,0,5.2
0,21.31136,0,0,0,330.0184,3,0,5.2
0,21.3208,0,0,0,330.0184,3,0,5.2
0,21.33082,0,0,0,330.0184,3,0,5.2
0,21.34109,0,0,0,330.0184,3,0,5.2
0,21.34932,0,0,0,330.0184,3,0,5.2
0,21.35766,0,0,0,330.0184,3,0,5.2
0,21.3664,0,0,0,330.0184,3,0,5.2
0,21.37409,0,0,0,330.0184,3,0,5.2
0,21.38156,0,0,0,330.0184,3,0,5.2
0,21.38987,0,0,0,330.0184,3,0,5.2
0,21.39908,0,0,0,330.0184,3,0,5.2
0,21.40803,0,0,0,330.0184,3,0,5.2
0,21.41843,0,0,0,330.0184,3,0,5.2
0,21.42862,0,0,0,330.0184,3,0,5.2
0,21.43799,0,0,0,330.0184,3,0,5.2
0,21.44597,0,0,0,330.0184,3,0,5.2
0,21.45446,0,0,0,330.0184,3,0,5.2
0,21.46263,0,0,0,330.0184,3,0,5.2
0,21.47288,0,0,0,330.0184,3,0,5.2
0,21.48308,0,0,0,330.0184,3,0,5.2
0,21.49055,0,0,0,330.0184,3,0,5.2
0,21.4995,0,0,0,330.0184,3,0,5.2
0,21.50709,0,0,0,330.0184,3,0,5.2
0,21.51538,0,0,0,330.0184,3,0,5.2
0,21.52347,0,0,0,330.0184,3,0,5.2
0,21.53165,0,0,0,330.0184,3,0,5.2
0,21.53882,0,0,0,330.0184,3,0,5.2
0,21.547,0,0,0,330.0184,3,0,5.2
0,21.55555,0,0,0,330.0184,3,0,5.2
0,21.56463,0,0,0,330.0184,3,0,5.2
0,21.57257,0,0,0,330.0184,3,0,5.2
0,21.58121,0,0,0,330.0184,3,0,5.2
0,21.58916,0,0,0,330.0184,3,0,5.2
0,21.59768,0,0,0,330.0184,3,0,5.2
0,21.60556,0,0,0,330.0184,3,0,5.2
0,21.61313,0,0,0,330.0184,3,0,5.2
0,21.62052,0,0,0,330.0184,3,0,5.2
0,21.62993,0,0,0,330.0184,3,0,5.2
0,21.63878,0,0,0,330.0184,3,0,5.2
0,21.64776,0,0,0,330.0184,3,0,5.2
0,21.65699,0,0,0,330.0184,3,0,5.2
0,21.66538,0,0,0,330.0184,3,0,5.2
0,21.6737,0,0,0,330.0184,3,0,5.2
0,21.68151,0,0,0,330.0184,3,0,5.2
0,21.69029,0,0,0,330.0184,3,0,5.2
0,21.7,0,0,0,330.0184,3,0,5.2
0,21.71088,0,0,0,330.0184,3,0,5.2
0,21.71999,0,0,0,330.0184,3,0,5.2
0,21.72877,0,0,0,330.0184,3,0,5.2
0,21.73923,0,0,0,330.0184,3,0,5.2
0,21.74679,0,0,0,330.0184,3,0,5.2
0,21.75569,0,0,0,330.0184,3,0,5.2
0,21.76564,0,0,0,330.0184,3,0,5.2
0,21.77429,0,0,0,330.0184,3,0,5.2
0,21.78215,0,0,0,330.0184,3,0,5.2
0,21.78996,0,0,0,330.0184,3,0,5.2
0,21.79836,0,0,0,330.0184,3,0,5.2
0,21.80715,0,0,0,330.0184,3,0,5.2
0,21.81491,0,0,0,330.0184,3,0,5.2
0,21.82288,0,0,0,330.0184,3,0,5.2
0,21.83182,0,0,0,330.0184,3,0,5.2
0,21.84165,0,0,0,330.0184,3,0,5.2
0,21.8504,0,0,0,330.0184,3,0,5.2
0,21.86376,0,0,0,330.0184,3,0,5.2
0,21.87554,0,0,0,330.0184,3,0,5.2
0,21.88505,0,0,0,330.0184,3,0,5.2
0,21.89819,0,0,0,330.0184,3,0,5.2
0,21.91089,0,0,0,330.0184,3,0,5.2
0,21.92222,0,0,0,330.0184,3,0,5.2
0,21.93297,0,0,0,330.0184,3,0,5.2
0,21.94321,0,0,0,330.0184,3,0,5.2
0,21.95428,0,0,0,330.0184,3,0,5.2
0,21.96605,0,0,0,330.0184,3,0,5.2
0,21.97828,0,0,0,330.0184,3,0,5.2
0,21.99098,0,0,0,330.0184,3,0,5.2
0,22.00228,0,0,0,330.0184,3,0,5.2
0,22.0135,0,0,0,330.0184,3,0,5.2
0,22.02438,0,0,0,330.0184,3,0,5.2
0,22.03536,0,0,0,330.0184,3,0,5.2
0,22.04763,0,0,0,330.0184,3,0,5.2
0,22.05956,0,0,0,330.0184,3,0,5.2
0,22.07022,0,0,0,330.0184,3,0,5.2
0,22.0819,0,0,0,330.0184,3,0,5.2
0,22.09587,0,0,0,330.0184,3,0,5.2
0,22.10714,0,0,0,330.0184,3,0,5.2
0,22.12082,0,0,0,330.0184,3,0,5.2
0,22.13315,0,0,0,330.0184,3,0,5.2
0,22.14472,0,0,0,330.0184,3,0,5.2
0,22.15672,0,0,0,330.0184,3,0,5.2
0,22.16987,0,0,0,330.0184,3,0,5.2
0,22.18397,0,0,0,330.0184,3,0,5.2
0,22.19615,0,0,0,330.0184,3,0,5.2
0,22.20681,0,0,0,330.0184,3,0,5.2
0,22.21724,0,0,0,330.0184,3,0,5.2
0,22.22864,0,0,0,330.0184,3,0,5.2
0,22.24012,0,0,0,330.0184,3,0,5.2
0,22.25001,0,0,0,330.0184,3,0,5.2
0,22.26249,0,0,0,330.0184,3,0,5.2
0,22.27713,0,0,0,330.0184,3,0,5.2
0,22.29289,0,0,0,330.0184,3,0,5.2
0,22.30456,0,0,0,330.0184,3,0,5.2
0,22.31674,0,0,0,330.0184,3,0,5.2
0,22.32851,0,0,0,330.0184,3,0,5.2
0,22.34238,0,0,0,330.0184,3,0,5.2
0,22.35512,0,0,0,330.0184,3,0,5.2
0,22.36774,0,0,0,330.0184,3,0,5.2
0,22.38301,0,0,0,330.0184,3,0,5.2
0,22.39407,0,0,0,330.0184,3,0,5.2
0,22.40606,0,0,0,330.0184,3,0,5.2
0,22.41685,0,0,0,330.0184,3,0,5.2
0,22.42901,0,0,0,330.0184,3,0,5.2
0,22.44214,0,0,0,330.0184,3,0,5.2
0,22.45345,0,0,0,330.0184,3,0,5.2
0,22.46451,0,0,0,330.0184,3,0,5.2
0,22.47622,0,0,0,330.0184,3,0,5.2
0,22.48897,0,0,0,330.0184,3,0,5.2
0,22.50033,0,0,0,330.0184,3,0,5.2
0,22.51364,0,0,0,330.0184,3,0,5.2
0,22.52692,0,0,0,330.0184,3,0,5.2
0,22.53891,0,0,0,330.0184,3,0,5.2
0,22.54884,0,0,0,330.0184,3,0,5.2
0,22.55711,0,0,0,330.0184,3,0,5.2
0,22.5677,0,0,0,330.0184,3,0,5.2
0,22.57625,0,0,0,330.0184,3,0,5.2
0,22.58468,0,0,0,330.0184,3,0,5.2
0,22.59328,0,0,0,330.0184,3,0,5.2
0,22.60394,0,0,0,330.0184,3,0,5.2
0,22.61277,0,0,0,330.0184,3,0,5.2
0,22.6227,0,0,0,330.0184,3,0,5.2
0,22.63262,0,0,0,330.0184,3,0,5.2
0,22.64155,0,0,0,330.0184,3,0,5.2
0,22.65109,0,0,0,330.0184,3,0,5.2
0,22.66086,0,0,0,330.0184,3,0,5.2
0,22.66909,0,0,0,330.0184,3,0,5.2
0,22.67881,0,0,0,330.0184,3,0,5.2
0,22.68854,0,0,0,330.0184,3,0,5.2
0,22.69773,0,0,0,330.0184,3,0,5.2
0,22.70717,0,0,0,330.0184,3,0,5.2
0,22.71723,0,0,0,330.0184,3,0,5.2
0,22.72838,0,0,0,330.0184,3,0,5.2
0,22.73821,0,0,0,330.0184,3,0,5.2
0,22.74623,0,0,0,330.0184,3,0,5.2
0,22.75753,0,0,0,330.0184,3,0,5.2
0,22.76816,0,0,0,330.0184,3,0,5.2
0,22.77747,0,0,0,330.0184,3,0,5.2
0,22.78679,0,0,0,330.0184,3,0,5.2
0,22.79553,0,0,0,330.0184,3,0,5.2
0,22.80528,0,0,0,330.0184,3,0,5.2
0,22.81481,0,0,0,330.0184,3,0,5.2
0,22.82396,0,0,0,330.0184,3,0,5.2
0,22.83448,0,0,0,330.0184,3,0,5.2
0,22.84504,0,0,0,330.0184,3,0,5.2
0,22.85552,0,0,0,330.0184,3,0,5.2
0,22.86643,0,0,0,330.0184,3,0,5.2
0,22.87534,0,0,0,330.0184,3,0,5.2
0,22.88497,0,0,0,330.0184,3,0,5.2
0,22.89588,0,0,0,330.0184,3,0,5.2
0,22.90562,0,0,0,330.0184,3,0,5.2
0,22.91613,0,0,0,330.0184,3,0,5.2
0,22.92598,0,0,0,330.0184,3,0,5.2
0,22.938,0,0,0,330.0184,3,0,5.2
0,22.94861,0,0,0,330.0184,3,0,5.2
0,22.95807,0,0,0,330.0184,3,0,5.2
0,22.97906,0,0,0,330.0184,3,0,5.2
0,22.98955,0,0,0,330.0184,3,0,5.2
0,22.99978,0,0,0,330.0184,3,0,5.2
0,23.00901,0,0,0,330.0184,3,0,5.2
0,23.01946,0,0,0,330.0184,3,0,5.2
0,23.02737,0,0,0,330.0184,3,0,5.2
0,23.03764,0,0,0,330.0184,3,0,5.2
0,23.05066,0,0,0,330.0184,3,0,5.2
0,23.06267,0,0,0,330.0184,3,0,5.2
0,23.0733,0,0,0,330.0184,3,0,5.2
0,23.08593,0,0,0,330.0184,3,0,5.2
0,23.09816,0,0,0,330.0184,3,0,5.2
0,23.11195,0,0,0,330.0184,3,0,5.2
0,23.12531,0,0,0,330.0184,3,0,5.2
0,23.13691,0,0,0,330.0184,3,0,5.2
0,23.1467,0,0,0,330.0184,3,0,5.2
0,23.15736,0,0,0,330.0184,3,0,5.2
0,23.16996,0,0,0,330.0184,3,0,5.2
0,23.18151,0,0,0,330.0184,3,0,5.2
0,23.19357,0,0,0,330.0184,3,0,5.2
0,23.20774,0,0,0,330.0184,3,0,5.2
0,23.22132,0,0,0,330.0184,3,0,5.2
0,23.23488,0,0,0,330.0184,3,0,5.2
0,23.24635,0,0,0,330.0184,3,0,5.2
0,23.26015,0,0,0,330.0184,3,0,5.2
0,23.27312,0,0,0,330.0184,3,0,5.2
0,23.28698,0,0,0,330.0184,3,0,5.2
0,23.30314,0,0,0,330.0184,3,0,5.2
0,23.32094,0,0,0,330.0184,3,0,5.2
0,23.33347,0,0,0,330.0184,3,0,5.2
0,23.3447,0,0,0,330.0184,3,0,5.2
0,23.35623,0,0,0,330.0184,3,0,5.2
0,23.36982,0,0,0,330.0184,3,0,5.2
0,23.38272,0,0,0,330.0184,3,0,5.2
0,23.39713,0,0,0,330.0184,3,0,5.2
0,23.40944,0,0,0,330.0184,3,0,5.2
0,23.42202,0,0,0,330.0184,3,0,5.2
0,23.43605,0,0,0,330.0184,3,0,5.2
0,23.45248,0,0,0,330.0184,3,0,5.2
0,23.46622,0,0,0,330.0184,3,0,5.2
0,23.48034,0,0,0,330.0184,3,0,5.2
0,23.49448,0,0,0,330.0184,3,0,5.2
0,23.50767,0,0,0,330.0184,3,0,5.2
0,23.52018,0,0,0,330.0184,3,0,5.2
0,23.534,0,0,0,330.0184,3,0,5.2
0,23.5461,0,0,0,330.0184,3,0,5.2
0,23.56484,0,0,0,330.0184,3,0,5.2
0,23.57869,0,0,0,330.0184,3,0,5.2
0,23.59196,0,0,0,330.0184,3,0,5.2
0,23.60829,0,0,0,330.0184,3,0,5.2
0,23.62269,0,0,0,330.0184,3,0,5.2
0,23.63669,0,0,0,330.0184,3,0,5.2
0,23.6505,0,0,0,330.0184,3,0,5.2
0,23.66491,0,0,0,330.0184,3,0,5.2
0,23.67928,0,0,0,330.0184,3,0,5.2
0,23.69325,0,0,0,330.0184,3,0,5.2
0,23.70547,0,0,0,330.0184,3,0,5.2
0,23.71775,0,0,0,330.0184,3,0,5.2
0,23.72763,0,0,0,330.0184,3,0,5.2
0,23.7389,0,0,0,330.0184,3,0,5.2
0,23.74956,0,0,0,330.0184,3,0,5.2
0,23.76204,0,0,0,330.0184,3,0,5.2
0,23.77312,0,0,0,330.0184,3,0,5.2
0,23.7827,0,0,0,330.0184,3,0,5.2
0,23.79115,0,0,0,330.0184,3,0,5.2
0,23.801,0,0,0,330.0184,3,0,5.2
0,23.81158,0,0,0,330.0184,3,0,5.2
0,23.8236,0,0,0,330.0184,3,0,5.2
0,23.83403,0,0,0,330.0184,3,0,5.2
0,23.84349,0,0,0,330.0184,3,0,5.2
0,23.85301,0,0,0,330.0184,3,0,5.2
0,23.86193,0,0,0,330.0184,3,0,5.2
0,23.87027,0,0,0,330.0184,3,0,5.2
0,23.87942,0,0,0,330.0184,3,0,5.2
0,23.88741,0,0,0,330.0184,3,0,5.2
0,23.89666,0,0,0,330.0184,3,0,5.2
0,23.90658,0,0,0,330.0184,3,0,5.2
0,23.91573,0,0,0,330.0184,3,0,5.2
0,23.92414,0,0,0,330.0184,3,0,5.2
0,23.93224,0,0,0,330.0184,3,0,5.2
0,23.94058,0,0,0,330.0184,3,0,5.2
0,23.95019,0,0,0,330.0184,3,0,5.2
0,23.9632,0,0,0,330.0184,3,0,5.2
0,23.97375,0,0,0,330.0184,3,0,5.2
0,23.98313,0,0,0,330.0184,3,0,5.2
0,23.99256,0,0,0,330.0184,3,0,5.2
0,24.00224,0,0,0,330.0184,3,0,5.2
0,24.01038,0,0,0,330.0184,3,0,5.2
0,24.01945,0,0,0,330.0184,3,0,5.2
0,24.02878,0,0,0,330.0184,3,0,5.2
0,24.03728,0,0,0,330.0184,3,0,5.2
0,24.04477,0,0,0,330.0184,3,0,5.2
0,24.05288,0,0,0,330.0184,3,0,5.2
0,24.06177,0,0,0,330.0184,3,0,5.2
0,24.07043,0,0,0,330.0184,3,0,5.2
0,24.07837,0,0,0,330.0184,3,0,5.2
0,24.08774,0,0,0,330.0184,3,0,5.2
0,24.09628,0,0,0,330.0184,3,0,5.2
0,24.10503,0,0,0,330.0184,3,0,5.2
0,24.11282,0,0,0,330.0184,3,0,5.2
0,24.1226,0,0,0,330.0184,3,0,5.2
0,24.13285,0,0,0,330.0184,3,0,5.2
0,24.14281,0,0,0,330.0184,3,0,5.2
0,24.15144,0,0,0,330.0184,3,0,5.2
0,24.15975,0,0,0,330.0184,3,0,5.2
0,24.16716,0,0,0,330.0184,3,0,5.2
0,24.17538,0,0,0,330.0184,3,0,5.2
0,24.18288,0,0,0,330.0184,3,0,5.2
0,24.19121,0,0,0,330.0184,3,0,5.2
0,24.19957,0,0,0,330.0184,3,0,5.2
0,24.20818,0,0,0,330.0184,3,0,5.2
0,24.21868,0,0,0,330.0184,3,0,5.2
0,24.22775,0,0,0,330.0184,3,0,5.2
0,24.23594,0,0,0,330.0184,3,0,5.2
0,24.24557,0,0,0,330.0184,3,0,5.2
0,24.25546,0,0,0,330.0184,3,0,5.2
0,24.26618,0,0,0,330.0184,3,0,5.2
0,24.2781,0,0,0,330.0184,3,0,5.2
0,24.28849,0,0,0,330.0184,3,0,5.2
0,24.30023,0,0,0,330.0184,3,0,5.2
0,24.31404,0,0,0,330.0184,3,0,5.2
0,24.32673,0,0,0,330.0184,3,0,5.2
0,24.34072,0,0,0,330.0184,3,0,5.2
0,24.35307,0,0,0,330.0184,3,0,5.2
0,24.3639,0,0,0,330.0184,3,0,5.2
0,24.37583,0,0,0,330.0184,3,0,5.2
0,24.3882,0,0,0,330.0184,3,0,5.2
0,24.3997,0,0,0,330.0184,3,0,5.2
0,24.41135,0,0,0,330.0184,3,0,5.2
0,24.42211,0,0,0,330.0184,3,0,5.2
0,24.43368,0,0,0,330.0184,3,0,5.2
0,24.44507,0,0,0,330.0184,3,0,5.2
0,24.45824,0,0,0,330.0184,3,0,5.2
0,24.47118,0,0,0,330.0184,3,0,5.2
0,24.48345,0,0,0,330.0184,3,0,5.2
0,24.49624,0,0,0,330.0184,3,0,5.2
0,24.50726,0,0,0,330.0184,3,0,5.2
0,24.51935,0,0,0,330.0184,3,0,5.2
0,24.53083,0,0,0,330.0184,3,0,5.2
0,24.54333,0,0,0,330.0184,3,0,5.2
0,24.55508,0,0,0,330.0184,3,0,5.2
0,24.56782,0,0,0,330.0184,3,0,5.2
0,24.58023,0,0,0,330.0184,3,0,5.2
0,24.59156,0,0,0,330.0184,3,0,5.2
0,24.604,0,0,0,330.0184,3,0,5.2
0,24.61539,0,0,0,330.0184,3,0,5.2
0,24.62711,0,0,0,330.0184,3,0,5.2
0,24.63792,0,0,0,330.0184,3,0,5.2
0,24.64952,0,0,0,330.0184,3,0,5.2
0,24.65991,0,0,0,330.0184,3,0,5.2
0,24.66921,0,0,0,330.0184,3,0,5.2
0,24.68076,0,0,0,330.0184,3,0,5.2
0,24.69181,0,0,0,330.0184,3,0,5.2
0,24.70534,0,0,0,330.0184,3,0,5.2
0,24.71708,0,0,0,330.0184,3,0,5.2
0,24.73034,0,0,0,330.0184,3,0,5.2
0,24.74281,0,0,0,330.0184,3,0,5.2
0,24.75326,0,0,0,330.0184,3,0,5.2
0,24.76295,0,0,0,330.0184,3,0,5.2
0,24.77316,0,0,0,330.0184,3,0,5.2
0,24.78345,0,0,0,330.0184,3,0,5.2
0,24.79274,0,0,0,330.0184,3,0,5.2
0,24.804,0,0,0,330.0184,3,0,5.2
0,24.81633,0,0,0,330.0184,3,0,5.2
0,24.82796,0,0,0,330.0184,3,0,5.2
0,24.83982,0,0,0,330.0184,3,0,5.2
0,24.85103,0,0,0,330.0184,3,0,5.2
0,24.86358,0,0,0,330.0184,3,0,5.2
0,24.87484,0,0,0,330.0184,3,0,5.2
0,24.88509,0,0,0,330.0184,3,0,5.2
0,24.8968,0,0,0,330.0184,3,0,5.2
0,24.90775,0,0,0,330.0184,3,0,5.2
0,24.91754,0,0,0,330.0184,3,0,5.2
0,24.9294,0,0,0,330.0184,3,0,5.2
0,24.9397,0,0,0,330.0184,3,0,5.2
0,24.94764,0,0,0,330.0184,3,0,5.2
0,24.9553,0,0,0,330.0184,3,0,5.2
0,24.96355,0,0,0,330.0184,3,0,5.2
0,24.97204,0,0,0,330.0184,3,0,5.2
0,24.98221,0,0,0,330.0184,3,0,5.2
0,24.99263,0,0,0,330.0184,3,0,5.2
0,25.00167,0,0,0,330.0184,3,0,5.2
0,25.01036,0,0,0,330.0184,3,0,5.2
0,25.01982,0,0,0,330.0184,3,0,5.2
0,25.02851,0,0,0,330.0184,3,0,5.2
0,25.03771,0,0,0,330.0184,3,0,5.2
0,25.04581,0,0,0,330.0184,3,0,5.2
0,25.05463,0,0,0,330.0184,3,0,5.2
0,25.06369,0,0,0,330.0184,3,0,5.2
0,25.07177,0,0,0,330.0184,3,0,5.2
0,25.07988,0,0,0,330.0184,3,0,5.2
0,25.10134,0,0,0,330.0184,3,0,5.2
0,25.10997,0,0,0,330.0184,3,0,5.2
0,25.11895,0,0,0,330.0184,3,0,5.2
0,25.12806,0,0,0,330.0184,3,0,5.2
0,25.13739,0,0,0,330.0184,3,0,5.2
0,25.14626,0,0,0,330.0184,3,0,5.2
0,25.15545,0,0,0,330.0184,3,0,5.2
0,25.16471,0,0,0,330.0184,3,0,5.2
0,25.17357,0,0,0,330.0184,3,0,5.2
0,25.18304,0,0,0,330.0184,3,0,5.2
0,25.19219,0,0,0,330.0184,3,0,5.2
0,25.20101,0,0,0,330.0184,3,0,5.2
0,25.20871,0,0,0,330.0184,3,0,5.2
0,25.21654,0,0,0,330.0184,3,0,5.2
0,25.22947,0,0,0,330.0184,3,0,5.2
0,25.2402,0,0,0,330.0184,3,0,5.2
0,25.2486,0,0,0,330.0184,3,0,5.2
0,25.2573,0,0,0,330.0184,3,0,5.2
0,25.26631,0,0,0,330.0184,3,0,5.2
0,25.27414,0,0,0,330.0184,3,0,5.2
0,25.28272,0,0,0,330.0184,3,0,5.2
0,25.29068,0,0,0,330.0184,3,0,5.2
0,25.3002,0,0,0,330.0184,3,0,5.2
0,25.30983,0,0,0,330.0184,3,0,5.2
0,25.31926,0,0,0,330.0184,3,0,5.2
0,25.32755,0,0,0,330.0184,3,0,5.2
0,25.34184,0,0,0,330.0184,3,0,5.2
0,25.35558,0,0,0,330.0184,3,0,5.2
0,25.37138,0,0,0,330.0184,3,0,5.2
0,25.38199,0,0,0,330.0184,3,0,5.2
0,25.39054,0,0,0,330.0184,3,0,5.2
0,25.39946,0,0,0,330.0184,3,0,5.2
0,25.4086,0,0,0,330.0184,3,0,5.2
0,25.41752,0,0,0,330.0184,3,0,5.2
0,25.42878,0,0,0,330.0184,3,0,5.2
0,25.43935,0,0,0,330.0184,3,0,5.2
0,25.451,0,0,0,330.0184,3,0,5.2
0,25.46132,0,0,0,330.0184,3,0,5.2
0,25.47246,0,0,0,330.0184,3,0,5.2
0,25.48266,0,0,0,330.0184,3,0,5.2
0,25.49345,0,0,0,330.0184,3,0,5.2
0,25.50583,0,0,0,330.0184,3,0,5.2
0,25.51728,0,0,0,330.0184,3,0,5.2
0,25.52995,0,0,0,330.0184,3,0,5.2
0,25.54041,0,0,0,330.0184,3,0,5.2
0,25.55392,0,0,0,330.0184,3,0,5.2
0,25.56594,0,0,0,330.0184,3,0,5.2
0,25.57916,0,0,0,330.0184,3,0,5.2
0,25.59005,0,0,0,330.0184,3,0,5.2
0,25.60397,0,0,0,330.0184,3,0,5.2
0,25.61491,0,0,0,330.0184,3,0,5.2
0,25.62675,0,0,0,330.0184,3,0,5.2
0,25.63869,0,0,0,330.0184,3,0,5.2
0,25.65165,0,0,0,330.0184,3,0,5.2
0,25.66383,0,0,0,330.0184,3,0,5.2
0,25.67607,0,0,0,330.0184,3,0,5.2
0,25.68576,0,0,0,330.0184,3,0,5.2
0,25.69659,0,0,0,330.0184,3,0,5.2
0,25.70981,0,0,0,330.0184,3,0,5.2
0,25.72277,0,0,0,330.0184,3,0,5.2
0,25.73502,0,0,0,330.0184,3,0,5.2
0,25.74534,0,0,0,330.0184,3,0,5.2
0,25.76124,0,0,0,330.0184,3,0,5.2
0,25.77466,0,0,0,330.0184,3,0,5.2
0,25.78722,0,0,0,330.0184,3,0,5.2
0,25.79755,0,0,0,330.0184,3,0,5.2
0,25.80791,0,0,0,330.0184,3,0,5.2
0,25.82003,0,0,0,330.0184,3,0,5.2
0,25.83166,0,0,0,330.0184,3,0,5.2
0,25.84466,0,0,0,330.0184,3,0,5.2
0,25.85772,0,0,0,330.0184,3,0,5.2
0,25.87129,0,0,0,330.0184,3,0,5.2
0,25.88301,0,0,0,330.0184,3,0,5.2
0,25.89608,0,0,0,330.0184,3,0,5.2
0,25.90897,0,0,0,330.0184,3,0,5.2
0,25.92277,0,0,0,330.0184,3,0,5.2
0,25.9412,0,0,0,330.0184,3,0,5.2
0,25.95555,0,0,0,330.0184,3,0,5.2
0,25.96861,0,0,0,330.0184,3,0,5.2
0,25.98217,0,0,0,330.0184,3,0,5.2
0,25.99293,0,0,0,330.0184,3,0,5.2
0,26.00803,0,0,0,330.0184,3,0,5.2
0,26.02109,0,0,0,330.0184,3,0,5.2
0,26.03242,0,0,0,330.0184,3,0,5.2
0,26.04333,0,0,0,330.0184,3,0,5.2
0,26.0547,0,0,0,330.0184,3,0,5.2
0,26.06558,0,0,0,330.0184,3,0,5.2
0,26.07511,0,0,0,330.0184,3,0,5.2
0,26.08667,0,0,0,330.0184,3,0,5.2
0,26.09772,0,0,0,330.0184,3,0,5.2
0,26.10775,0,0,0,330.0184,3,0,5.2
0,26.11601,0,0,0,330.0184,3,0,5.2
0,26.12509,0,0,0,330.0184,3,0,5.2
0,26.13487,0,0,0,330.0184,3,0,5.2
0,26.14442,0,0,0,330.0184,3,0,5.2
0,26.15339,0,0,0,330.0184,3,0,5.2
0,26.1645,0,0,0,330.0184,3,0,5.2
0,26.17472,0,0,0,330.0184,3,0,5.2
0,26.18387,0,0,0,330.0184,3,0,5.2
0,26.19289,0,0,0,330.0184,3,0,5.2
0,26.20159,0,0,0,330.0184,3,0,5.2
0,26.21035,0,0,0,330.0184,3,0,5.2
0,26.21952,0,0,0,330.0184,3,0,5.2
0,26.22862,0,0,0,330.0184,3,0,5.2
0,26.23735,0,0,0,330.0184,3,0,5.2
0,26.24616,0,0,0,330.0184,3,0,5.2
0,26.25644,0,0,0,330.0184,3,0,5.2
0,26.26601,0,0,0,330.0184,3,0,5.2
0,26.27535,0,0,0,330.0184,3,0,5.2
0,26.28424,0,0,0,330.0184,3,0,5.2
0,26.29317,0,0,0,330.0184,3,0,5.2
0,26.30194,0,0,0,330.0184,3,0,5.2
0,26.31108,0,0,0,330.0184,3,0,5.2
0,26.31973,0,0,0,330.0184,3,0,5.2
0,26.32917,0,0,0,330.0184,3,0,5.2
0,26.33842,0,0,0,330.0184,3,0,5.2
0,26.34771,0,0,0,330.0184,3,0,5.2
0,26.35657,0,0,0,330.0184,3,0,5.2
0,26.36688,0,0,0,330.0184,3,0,5.2
0,26.37936,0,0,0,330.0184,3,0,5.2
0,26.39185,0,0,0,330.0184,3,0,5.2
0,26.40042,0,0,0,330.0184,3,0,5.2
0,26.41051,0,0,0,330.0184,3,0,5.2
0,26.41885,0,0,0,330.0184,3,0,5.2
0,26.42819,0,0,0,330.0184,3,0,5.2
0,26.43725,0,0,0,330.0184,3,0,5.2
0,26.44644,0,0,0,330.0184,3,0,5.2
0,26.45782,0,0,0,330.0184,3,0,5.2
0,26.46659,0,0,0,330.0184,3,0,5.2
0,26.47705,0,0,0,330.0184,3,0,5.2
0,26.48537,0,0,0,330.0184,3,0,5.2
0,26.49396,0,0,0,330.0184,3,0,5.2
0,26.50133,0,0,0,330.0184,3,0,5.2
0,26.51007,0,0,0,330.0184,3,0,5.2
0,26.51882,0,0,0,330.0184,3,0,5.2
0,26.52755,0,0,0,330.0184,3,0,5.2
0,26.53804,0,0,0,330.0184,3,0,5.2
0,26.54703,0,0,0,330.0184,3,0,5.2
0,26.55588,0,0,0,330.0184,3,0,5.2
0,26.56538,0,0,0,330.0184,3,0,5.2
0,26.57378,0,0,0,330.0184,3,0,5.2
0,26.58268,0,0,0,330.0184,3,0,5.2
0,26.59088,0,0,0,330.0184,3,0,5.2
0,26.60073,0,0,0,330.0184,3,0,5.2
0,26.61059,0,0,0,330.0184,3,0,5.2
0,26.622,0,0,0,330.0184,3,0,5.2
0,26.63353,0,0,0,330.0184,3,0,5.2
0,26.64488,0,0,0,330.0184,3,0,5.2
0,26.65612,0,0,0,330.0184,3,0,5.2
0,26.66874,0,0,0,330.0184,3,0,5.2
0,26.68069,0,0,0,330.0184,3,0,5.2
0,26.69162,0,0,0,330.0184,3,0,5.2
0,26.70244,0,0,0,330.0184,3,0,5.2
0,26.71379,0,0,0,330.0184,3,0,5.2
0,26.72641,0,0,0,330.0184,3,0,5.2
0,26.73781,0,0,0,330.0184,3,0,5.2
0,26.74925,0,0,0,330.0184,3,0,5.2
0,26.76015,0,0,0,330.0184,3,0,5.2
0,26.77188,0,0,0,330.0184,3,0,5.2
0,26.78462,0,0,0,330.0184,3,0,5.2
0,26.79709,0,0,0,330.0184,3,0,5.2
0,26.80756,0,0,0,330.0184,3,0,5.2
0,26.81843,0,0,0,330.0184,3,0,5.2
0,26.83014,0,0,0,330.0184,3,0,5.2
0,26.84095,0,0,0,330.0184,3,0,5.2
0,26.85411,0,0,0,330.0184,3,0,5.2
0,26.86742,0,0,0,330.0184,3,0,5.2
0,26.87957,0,0,0,330.0184,3,0,5.2
0,26.89048,0,0,0,330.0184,3,0,5.2
0,26.90181,0,0,0,330.0184,3,0,5.2
0,26.91342,0,0,0,330.0184,3,0,5.2
0,26.92505,0,0,0,330.0184,3,0,5.2
0,26.93814,0,0,0,330.0184,3,0,5.2
0,26.94917,0,0,0,330.0184,3,0,5.2
0,26.96199,0,0,0,330.0184,3,0,5.2
0,26.97558,0,0,0,330.0184,3,0,5.2
0,26.98905,0,0,0,330.0184,3,0,5.2
0,27.00103,0,0,0,330.0184,3,0,5.2
0,27.01155,0,0,0,330.0184,3,0,5.2
0,27.02286,0,0,0,330.0184,3,0,5.2
0,27.03869,0,0,0,330.0184,3,0,5.2
0,27.05219,0,0,0,330.0184,3,0,5.2
0,27.06383,0,0,0,330.0184,3,0,5.2
0,27.07703,0,0,0,330.0184,3,0,5.2
0,27.09388,0,0,0,330.0184,3,0,5.2
0,27.10922,0,0,0,330.0184,3,0,5.2
0,27.1213,0,0,0,330.0184,3,0,5.2
0,27.13172,0,0,0,330.0184,3,0,5.2
0,27.144,0,0,0,330.0184,3,0,5.2
0,27.15687,0,0,0,330.0184,3,0,5.2
0,27.16708,0,0,0,330.0184,3,0,5.2
0,27.18563,0,0,0,330.0184,3,0,5.2
0,27.20596,0,0,0,330.0184,3,0,5.2
0,27.21701,0,0,0,330.0184,3,0,5.2
0,27.22555,0,0,0,330.0184,3,0,5.2
0,27.23739,0,0,0,330.0184,3,0,5.2
0,27.24838,0,0,0,330.0184,3,0,5.2
0,27.25728,0,0,0,330.0184,3,0,5.2
0,27.26974,0,0,0,330.0184,3,0,5.2
0,27.27839,0,0,0,330.0184,3,0,5.2
0,27.28773,0,0,0,330.0184,3,0,5.2
0,27.29816,0,0,0,330.0184,3,0,5.2
0,27.30754,0,0,0,330.0184,3,0,5.2
0,27.31633,0,0,0,330.0184,3,0,5.2
0,27.32378,0,0,0,330.0184,3,0,5.2
0,27.33256,0,0,0,330.0184,3,0,5.2
0,27.34227,0,0,0,330.0184,3,0,5.2
0,27.35143,0,0,0,330.0184,3,0,5.2
0,27.36036,0,0,0,330.0184,3,0,5.2
0,27.37006,0,0,0,330.0184,3,0,5.2
0,27.37939,0,0,0,330.0184,3,0,5.2
0,27.38926,0,0,0,330.0184,3,0,5.2
0,27.39765,0,0,0,330.0184,3,0,5.2
0,27.41033,0,0,0,330.0184,3,0,5.2
0,27.42262,0,0,0,330.0184,3,0,5.2
0,27.43218,0,0,0,330.0184,3,0,5.2
0,27.44109,0,0,0,330.0184,3,0,5.2
0,27.45087,0,0,0,330.0184,3,0,5.2
0,27.45923,0,0,0,330.0184,3,0,5.2
0,27.46674,0,0,0,330.0184,3,0,5.2
0,27.47536,0,0,0,330.0184,3,0,5.2
0,27.48405,0,0,0,330.0184,3,0,5.2
0,27.49371,0,0,0,330.0184,3,0,5.2
0,27.5038,0,0,0,330.0184,3,0,5.2
0,27.51375,0,0,0,330.0184,3,0,5.2
0,27.52544,0,0,0,330.0184,3,0,5.2
0,27.53558,0,0,0,330.0184,3,0,5.2
0,27.54556,0,0,0,330.0184,3,0,5.2
0,27.56138,0,0,0,330.0184,3,0,5.2
0,27.57431,0,0,0,330.0184,3,0,5.2
0,27.58632,0,0,0,330.0184,3,0,5.2
0,27.59764,0,0,0,330.0184,3,0,5.2
0,27.60951,0,0,0,330.0184,3,0,5.2
0,27.62024,0,0,0,330.0184,3,0,5.2
0,27.63099,0,0,0,330.0184,3,0,5.2
0,27.64212,0,0,0,330.0184,3,0,5.2
0,27.65137,0,0,0,330.0184,3,0,5.2
0,27.6616,0,0,0,330.0184,3,0,5.2
0,27.6726,0,0,0,330.0184,3,0,5.2
0,27.68333,0,0,0,330.0184,3,0,5.2
0,27.69311,0,0,0,330.0184,3,0,5.2
0,27.70204,0,0,0,330.0184,3,0,5.2
0,27.71152,0,0,0,330.0184,3,0,5.2
0,27.72054,0,0,0,330.0184,3,0,5.2
0,27.72974,0,0,0,330.0184,3,0,5.2
0,27.74022,0,0,0,330.0184,3,0,5.2
0,27.75387,0,0,0,330.0184,3,0,5.2
0,27.76522,0,0,0,330.0184,3,0,5.2
0,27.77876,0,0,0,330.0184,3,0,5.2
0,27.79042,0,0,0,330.0184,3,0,5.2
0,27.80253,0,0,0,330.0184,3,0,5.2
0,27.81537,0,0,0,330.0184,3,0,5.2
0,27.82672,0,0,0,330.0184,3,0,5.2
0,27.83769,0,0,0,330.0184,3,0,5.2
0,27.84716,0,0,0,330.0184,3,0,5.2
0,27.85822,0,0,0,330.0184,3,0,5.2
0,27.87085,0,0,0,330.0184,3,0,5.2
0,27.8854,0,0,0,330.0184,3,0,5.2
0,27.89697,0,0,0,330.0184,3,0,5.2
0,27.90993,0,0,0,330.0184,3,0,5.2
0,27.9229,0,0,0,330.0184,3,0,5.2
0,27.93525,0,0,0,330.0184,3,0,5.2
0,27.94784,0,0,0,330.0184,3,0,5.2
0,27.96144,0,0,0,330.0184,3,0,5.2
0,27.97388,0,0,0,330.0184,3,0,5.2
0,27.98866,0,0,0,330.0184,3,0,5.2
0,28.00257,0,0,0,330.0184,3,0,5.2
0,28.01813,0,0,0,330.0184,3,0,5.2
0,28.03181,0,0,0,330.0184,3,0,5.2
0,28.04492,0,0,0,330.0184,3,0,5.2
0,28.0572,0,0,0,330.0184,3,0,5.2
0,28.07413,0,0,0,330.0184,3,0,5.2
0,28.08758,0,0,0,330.0184,3,0,5.2
0,28.0998,0,0,0,330.0184,3,0,5.2
0,28.11327,0,0,0,330.0184,3,0,5.2
0,28.12765,0,0,0,330.0184,3,0,5.2
0,28.14267,0,0,0,330.0184,3,0,5.2
0,28.15705,0,0,0,330.0184,3,0,5.2
0,28.17151,0,0,0,330.0184,3,0,5.2
0,28.18437,0,0,0,330.0184,3,0,5.2
0,28.19742,0,0,0,330.0184,3,0,5.2
0,28.21108,0,0,0,330.0184,3,0,5.2
0,28.22628,0,0,0,330.0184,3,0,5.2
0,28.23855,0,0,0,330.0184,3,0,5.2
0,28.25259,0,0,0,330.0184,3,0,5.2
0,28.26518,0,0,0,330.0184,3,0,5.2
0,28.28144,0,0,0,330.0184,3,0,5.2
0,28.29617,0,0,0,330.0184,3,0,5.2
0,28.3077,0,0,0,330.0184,3,0,5.2
0,28.32104,0,0,0,330.0184,3,0,5.2
0,28.33452,0,0,0,330.0184,3,0,5.2
0,28.34911,0,0,0,330.0184,3,0,5.2
0,28.36351,0,0,0,330.0184,3,0,5.2
0,28.37862,0,0,0,330.0184,3,0,5.2
0,28.39784,0,0,0,330.0184,3,0,5.2
0,28.41062,0,0,0,330.0184,3,0,5.2
0,28.42295,0,0,0,330.0184,3,0,5.2
0,28.43705,0,0,0,330.0184,3,0,5.2
0,28.45193,0,0,0,330.0184,3,0,5.2
0,28.46358,0,0,0,330.0184,3,0,5.2
0,28.47524,0,0,0,330.0184,3,0,5.2
0,28.48804,0,0,0,330.0184,3,0,5.2
0,28.49802,0,0,0,330.0184,3,0,5.2
0,28.50849,0,0,0,330.0184,3,0,5.2
0,28.51811,0,0,0,330.0184,3,0,5.2
0,28.52709,0,0,0,330.0184,3,0,5.2
0,28.53709,0,0,0,330.0184,3,0,5.2
0,28.547,0,0,0,330.0184,3,0,5.2
0,28.55631,0,0,0,330.0184,3,0,5.2
0,28.56711,0,0,0,330.0184,3,0,5.2
0,28.57863,0,0,0,330.0184,3,0,5.2
0,28.5888,0,0,0,330.0184,3,0,5.2
0,28.59855,0,0,0,330.0184,3,0,5.2
0,28.60657,0,0,0,330.0184,3,0,5.2
0,28.61662,0,0,0,330.0184,3,0,5.2
0,28.62401,0,0,0,330.0184,3,0,5.2
0,28.63244,0,0,0,330.0184,3,0,5.2
0,28.64084,0,0,0,330.0184,3,0,5.2
0,28.64913,0,0,0,330.0184,3,0,5.2
0,28.65708,0,0,0,330.0184,3,0,5.2
0,28.66561,0,0,0,330.0184,3,0,5.2
0,28.67436,0,0,0,330.0184,3,0,5.2
0,28.68318,0,0,0,330.0184,3,0,5.2
0,28.6916,0,0,0,330.0184,3,0,5.2
0,28.70167,0,0,0,330.0184,3,0,5.2
0,28.70967,0,0,0,330.0184,3,0,5.2
0,28.7182,0,0,0,330.0184,3,0,5.2
0,28.72711,0,0,0,330.0184,3,0,5.2
0,28.73652,0,0,0,330.0184,3,0,5.2
0,28.74495,0,0,0,330.0184,3,0,5.2
0,28.75338,0,0,0,330.0184,3,0,5.2
0,28.76215,0,0,0,330.0184,3,0,5.2
0,28.77042,0,0,0,330.0184,3,0,5.2
0,28.77833,0,0,0,330.0184,3,0,5.2
0,28.78754,0,0,0,330.0184,3,0,5.2
0,28.79599,0,0,0,330.0184,3,0,5.2
0,28.80407,0,0,0,330.0184,3,0,5.2
0,28.81216,0,0,0,330.0184,3,0,5.2
0,28.8202,0,0,0,330.0184,3,0,5.2
0,28.82974,0,0,0,330.0184,3,0,5.2
0,28.83927,0,0,0,330.0184,3,0,5.2
0,28.84832,0,0,0,330.0184,3,0,5.2
0,28.85633,0,0,0,330.0184,3,0,5.2
0,28.86539,0,0,0,330.0184,3,0,5.2
0,28.8733,0,0,0,330.0184,3,0,5.2
0,28.88242,0,0,0,330.0184,3,0,5.2
0,28.89215,0,0,0,330.0184,3,0,5.2
0,28.90002,0,0,0,330.0184,3,0,5.2
0,28.90992,0,0,0,330.0184,3,0,5.2
0,28.91927,0,0,0,330.0184,3,0,5.2
0,28.9284,0,0,0,330.0184,3,0,5.2
0,28.93753,0,0,0,330.0184,3,0,5.2
0,28.94644,0,0,0,330.0184,3,0,5.2
0,28.95608,0,0,0,330.0184,3,0,5.2
0,28.96458,0,0,0,330.0184,3,0,5.2
0,28.9735,0,0,0,330.0184,3,0,5.2
0,28.98117,0,0,0,330.0184,3,0,5.2
0,28.9896,0,0,0,330.0184,3,0,5.2
0,28.99972,0,0,0,330.0184,3,0,5.2
0,29.00962,0,0,0,330.0184,3,0,5.2
0,29.02174,0,0,0,330.0184,3,0,5.2
0,29.0328,0,0,0,330.0184,3,0,5.2
0,29.0421,0,0,0,330.0184,3,0,5.2
0,29.05171,0,0,0,330.0184,3,0,5.2
0,29.0603,0,0,0,330.0184,3,0,5.2
0,29.06884,0,0,0,330.0184,3,0,5.2
0,29.08095,0,0,0,330.0184,3,0,5.2
0,29.09611,0,0,0,330.0184,3,0,5.2
0,29.11098,0,0,0,330.0184,3,0,5.2
0,29.12285,0,0,0,330.0184,3,0,5.2
0,29.13394,0,0,0,330.0184,3,0,5.2
0,29.14638,0,0,0,330.0184,3,0,5.2
0,29.15766,0,0,0,330.0184,3,0,5.2
0,29.16925,0,0,0,330.0184,3,0,5.2
0,29.18298,0,0,0,330.0184,3,0,5.2
0,29.19353,0,0,0,330.0184,3,0,5.2
0,29.20452,0,0,0,330.0184,3,0,5.2
0,29.21584,0,0,0,330.0184,3,0,5.2
0,29.22622,0,0,0,330.0184,3,0,5.2
0,29.23857,0,0,0,330.0184,3,0,5.2
0,29.2507,0,0,0,330.0184,3,0,5.2
0,29.2611,0,0,0,330.0184,3,0,5.2
0,29.27418,0,0,0,330.0184,3,0,5.2
0,29.28722,0,0,0,330.0184,3,0,5.2
0,29.30638,0,0,0,330.0184,3,0,5.2
0,29.32386,0,0,0,330.0184,3,0,5.2
0,29.33454,0,0,0,330.0184,3,0,5.2
0,29.34481,0,0,0,330.0184,3,0,5.2
0,29.35717,0,0,0,330.0184,3,0,5.2
0,29.36849,0,0,0,330.0184,3,0,5.2
0,29.38019,0,0,0,330.0184,3,0,5.2
0,29.39311,0,0,0,330.0184,3,0,5.2
0,29.40603,0,0,0,330.0184,3,0,5.2
0,29.42023,0,0,0,330.0184,3,0,5.2
0,29.43199,0,0,0,330.0184,3,0,5.2
0,29.44237,0,0,0,330.0184,3,0,5.2
0,29.45487,0,0,0,330.0184,3,0,5.2
0,29.46761,0,0,0,330.0184,3,0,5.2
0,29.48103,0,0,0,330.0184,3,0,5.2
0,29.49572,0,0,0,330.0184,3,0,5.2
0,29.50757,0,0,0,330.0184,3,0,5.2
0,29.52036,0,0,0,330.0184,3,0,5.2
0,29.53238,0,0,0,330.0184,3,0,5.2
0,29.54487,0,0,0,330.0184,3,0,5.2
0,29.5566,0,0,0,330.0184,3,0,5.2
0,29.56863,0,0,0,330.0184,3,0,5.2
0,29.58115,0,0,0,330.0184,3,0,5.2
0,29.59494,0,0,0,330.0184,3,0,5.2
0,29.60777,0,0,0,330.0184,3,0,5.2
0,29.62019,0,0,0,330.0184,3,0,5.2
0,29.63099,0,0,0,330.0184,3,0,5.2
0,29.64238,0,0,0,330.0184,3,0,5.2
0,29.65267,0,0,0,330.0184,3,0,5.2
0,29.66283,0,0,0,330.0184,3,0,5.2
0,29.67394,0,0,0,330.0184,3,0,5.2
0,29.6844,0,0,0,330.0184,3,0,5.2
0,29.69445,0,0,0,330.0184,3,0,5.2
0,29.704,0,0,0,330.0184,3,0,5.2
0,29.71353,0,0,0,330.0184,3,0,5.2
0,29.72251,0,0,0,330.0184,3,0,5.2
0,29.73085,0,0,0,330.0184,3,0,5.2
0,29.7399,0,0,0,330.0184,3,0,5.2
0,29.74716,0,0,0,330.0184,3,0,5.2
0,29.75756,0,0,0,330.0184,3,0,5.2
0,29.76896,0,0,0,330.0184,3,0,5.2
0,29.77761,0,0,0,330.0184,3,0,5.2
0,29.78607,0,0,0,330.0184,3,0,5.2
0,29.7944,0,0,0,330.0184,3,0,5.2
0,29.80313,0,0,0,330.0184,3,0,5.2
0,29.8118,0,0,0,330.0184,3,0,5.2
0,29.82073,0,0,0,330.0184,3,0,5.2
0,29.82867,0,0,0,330.0184,3,0,5.2
0,29.83743,0,0,0,330.0184,3,0,5.2
0,29.84625,0,0,0,330.0184,3,0,5.2
0,29.85442,0,0,0,330.0184,3,0,5.2
0,29.86316,0,0,0,330.0184,3,0,5.2
0,29.87263,0,0,0,330.0184,3,0,5.2
0,29.88126,0,0,0,330.0184,3,0,5.2
0,29.88892,0,0,0,330.0184,3,0,5.2
0,29.89792,0,0,0,330.0184,3,0,5.2
0,29.90699,0,0,0,330.0184,3,0,5.2
0,29.91481,0,0,0,330.0184,3,0,5.2
0,29.92317,0,0,0,330.0184,3,0,5.2
0,29.93305,0,0,0,330.0184,3,0,5.2
0,29.94167,0,0,0,330.0184,3,0,5.2
0,29.95029,0,0,0,330.0184,3,0,5.2
0,29.95893,0,0,0,330.0184,3,0,5.2
0,29.96635,0,0,0,330.0184,3,0,5.2
0,29.97539,0,0,0,330.0184,3,0,5.2
0,29.98402,0,0,0,330.0184,3,0,5.2
0,29.99287,0,0,0,330.0184,3,0,5.2
0,30.00243,0,0,0,330.0184,3,0,5.2
0,30.0119,0,0,0,330.0184,3,0,5.2
0,30.02169,0,0,0,330.0184,3,0,5.2
0,30.03156,0,0,0,330.0184,3,0,5.2
0,30.04146,0,0,0,330.0184,3,0,5.2
0,30.05175,0,0,0,330.0184,3,0,5.2
0,30.05993,0,0,0,330.0184,3,0,5.2
0,30.06791,0,0,0,330.0184,3,0,5.2
0,30.07558,0,0,0,330.0184,3,0,5.2
0,30.08481,0,0,0,330.0184,3,0,5.2
0,30.09256,0,0,0,330.0184,3,0,5.2
0,30.10041,0,0,0,330.0184,3,0,5.2
0,30.10929,0,0,0,330.0184,3,0,5.2
0,30.12069,0,0,0,330.0184,3,0,5.2
0,30.13103,0,0,0,330.0184,3,0,5.2
0,30.14014,0,0,0,330.0184,3,0,5.2
0,30.14879,0,0,0,330.0184,3,0,5.2
0,30.16005,0,0,0,330.0184,3,0,5.2
0,30.17257,0,0,0,330.0184,3,0,5.2
0,30.18435,0,0,0,330.0184,3,0,5.2
0,30.19666,0,0,0,330.0184,3,0,5.2
0,30.20891,0,0,0,330.0184,3,0,5.2
0,30.22038,0,0,0,330.0184,3,0,5.2
0,30.23079,0,0,0,330.0184,3,0,5.2
0,30.24219,0,0,0,330.0184,3,0,5.2
0,30.25621,0,0,0,330.0184,3,0,5.2
0,30.273,0,0,0,330.0184,3,0,5.2
0,30.28474,0,0,0,330.0184,3,0,5.2
0,30.29879,0,0,0,330.0184,3,0,5.2
0,30.31405,0,0,0,330.0184,3,0,5.2
0,30.32639,0,0,0,330.0184,3,0,5.2
0,30.33718,0,0,0,330.0184,3,0,5.2
0,30.34966,0,0,0,330.0184,3,0,5.2
0,30.3612,0,0,0,330.0184,3,0,5.2
0,30.37209,0,0,0,330.0184,3,0,5.2
0,30.38357,0,0,0,330.0184,3,0,5.2
0,30.39593,0,0,0,330.0184,3,0,5.2
0,30.40692,0,0,0,330.0184,3,0,5.2
0,30.41603,0,0,0,330.0184,3,0,5.2
0,30.42969,0,0,0,330.0184,3,0,5.2
0,30.44441,0,0,0,330.0184,3,0,5.2
0,30.45675,0,0,0,330.0184,3,0,5.2
0,30.4661,0,0,0,330.0184,3,0,5.2
0,30.47697,0,0,0,330.0184,3,0,5.2
0,30.49051,0,0,0,330.0184,3,0,5.2
0,30.50416,0,0,0,330.0184,3,0,5.2
0,30.51629,0,0,0,330.0184,3,0,5.2
0,30.52777,0,0,0,330.0184,3,0,5.2
0,30.53972,0,0,0,330.0184,3,0,5.2
0,30.55041,0,0,0,330.0184,3,0,5.2
0,30.56131,0,0,0,330.0184,3,0,5.2
0,30.57448,0,0,0,330.0184,3,0,5.2
0,30.5859,0,0,0,330.0184,3,0,5.2
0,30.59806,0,0,0,330.0184,3,0,5.2
0,30.61003,0,0,0,330.0184,3,0,5.2
0,30.62215,0,0,0,330.0184,3,0,5.2
0,30.63578,0,0,0,330.0184,3,0,5.2
0,30.64847,0,0,0,330.0184,3,0,5.2
0,30.65881,0,0,0,330.0184,3,0,5.2
0,30.66787,0,0,0,330.0184,3,0,5.2
0,30.67908,0,0,0,330.0184,3,0,5.2
0,30.69049,0,0,0,330.0184,3,0,5.2
0,30.70425,0,0,0,330.0184,3,0,5.2
0,30.7156,0,0,0,330.0184,3,0,5.2
0,30.72723,0,0,0,330.0184,3,0,5.2
0,30.7394,0,0,0,330.0184,3,0,5.2
0,30.75151,0,0,0,330.0184,3,0,5.2
0,30.76217,0,0,0,330.0184,3,0,5.2
0,30.77333,0,0,0,330.0184,3,0,5.2
0,30.78401,0,0,0,330.0184,3,0,5.2
0,30.79273,0,0,0,330.0184,3,0,5.2
0,30.80215,0,0,0,330.0184,3,0,5.2
0,30.81025,0,0,0,330.0184,3,0,5.2
0,30.81939,0,0,0,330.0184,3,0,5.2
0,30.82802,0,0,0,330.0184,3,0,5.2
0,30.83628,0,0,0,330.0184,3,0,5.2
0,30.84434,0,0,0,330.0184,3,0,5.2
0,30.85238,0,0,0,330.0184,3,0,5.2
0,30.86196,0,0,0,330.0184,3,0,5.2
0,30.87113,0,0,0,330.0184,3,0,5.2
0,30.87911,0,0,0,330.0184,3,0,5.2
0,30.8868,0,0,0,330.0184,3,0,5.2
0,30.89513,0,0,0,330.0184,3,0,5.2
0,30.90226,0,0,0,330.0184,3,0,5.2
0,30.91114,0,0,0,330.0184,3,0,5.2
0,30.91865,0,0,0,330.0184,3,0,5.2
0,30.9296,0,0,0,330.0184,3,0,5.2
0,30.93862,0,0,0,330.0184,3,0,5.2
0,30.94672,0,0,0,330.0184,3,0,5.2
0,30.95559,0,0,0,330.0184,3,0,5.2
0,30.96406,0,0,0,330.0184,3,0,5.2
0,30.97186,0,0,0,330.0184,3,0,5.2
0,30.9788,0,0,0,330.0184,3,0,5.2
0,30.98826,0,0,0,330.0184,3,0,5.2
0,30.99689,0,0,0,330.0184,3,0,5.2
0,31.00464,0,0,0,330.0184,3,0,5.2
0,31.01198,0,0,0,330.0184,3,0,5.2
0,31.02139,0,0,0,330.0184,3,0,5.2
0,31.03007,0,0,0,330.0184,3,0,5.2
0,31.03757,0,0,0,330.0184,3,0,5.2
0,31.04561,0,0,0,330.0184,3,0,5.2
0,31.05496,0,0,0,330.0184,3,0,5.2
0,31.06465,0,0,0,330.0184,3,0,5.2
0,31.07373,0,0,0,330.0184,3,0,5.2
0,31.083,0,0,0,330.0184,3,0,5.2
0,31.09152,0,0,0,330.0184,3,0,5.2
0,31.09936,0,0,0,330.0184,3,0,5.2
0,31.10866,0,0,0,330.0184,3,0,5.2
0,31.11674,0,0,0,330.0184,3,0,5.2
0,31.12658,0,0,0,330.0184,3,0,5.2
0,31.13404,0,0,0,330.0184,3,0,5.2
0,31.14601,0,0,0,330.0184,3,0,5.2
0,31.15575,0,0,0,330.0184,3,0,5.2
0,31.16526,0,0,0,330.0184,3,0,5.2
0,31.17552,0,0,0,330.0184,3,0,5.2
0,31.18408,0,0,0,330.0184,3,0,5.2
0,31.19495,0,0,0,330.0184,3,0,5.2
0,31.20563,0,0,0,330.0184,3,0,5.2
0,31.21548,0,0,0,330.0184,3,0,5.2
0,31.2231,0,0,0,330.0184,3,0,5.2
0,31.23231,0,0,0,330.0184,3,0,5.2
0,31.24136,0,0,0,330.0184,3,0,5.2
0,31.25062,0,0,0,330.0184,3,0,5.2
0,31.25906,0,0,0,330.0184,3,0,5.2
0,31.26667,0,0,0,330.0184,3,0,5.2
0,31.27471,0,0,0,330.0184,3,0,5.2
0,31.29041,0,0,0,330.0184,3,0,5.2
0,31.30398,0,0,0,330.0184,3,0,5.2
0,31.31265,0,0,0,330.0184,3,0,5.2
0,31.3209,0,0,0,330.0184,3,0,5.2
0,31.33212,0,0,0,330.0184,3,0,5.2
0,31.3441,0,0,0,330.0184,3,0,5.2
0,31.3565,0,0,0,330.0184,3,0,5.2
0,31.367,0,0,0,330.0184,3,0,5.2
0,31.37779,0,0,0,330.0184,3,0,5.2
0,31.38687,0,0,0,330.0184,3,0,5.2
0,31.39724,0,0,0,330.0184,3,0,5.2
0,31.40847,0,0,0,330.0184,3,0,5.2
0,31.41985,0,0,0,330.0184,3,0,5.2
0,31.43103,0,0,0,330.0184,3,0,5.2
0,31.442,0,0,0,330.0184,3,0,5.2
0,31.45516,0,0,0,330.0184,3,0,5.2
0,31.46941,0,0,0,330.0184,3,0,5.2
0,31.48023,0,0,0,330.0184,3,0,5.2
0,31.49276,0,0,0,330.0184,3,0,5.2
0,31.50434,0,0,0,330.0184,3,0,5.2
0,31.51557,0,0,0,330.0184,3,0,5.2
0,31.53118,0,0,0,330.0184,3,0,5.2
0,31.54283,0,0,0,330.0184,3,0,5.2
0,31.5548,0,0,0,330.0184,3,0,5.2
0,31.56803,0,0,0,330.0184,3,0,5.2
0,31.57932,0,0,0,330.0184,3,0,5.2
0,31.5908,0,0,0,330.0184,3,0,5.2
0,31.60296,0,0,0,330.0184,3,0,5.2
0,31.61701,0,0,0,330.0184,3,0,5.2
0,31.6277,0,0,0,330.0184,3,0,5.2
0,31.6398,0,0,0,330.0184,3,0,5.2
0,31.65312,0,0,0,330.0184,3,0,5.2
0,31.66624,0,0,0,330.0184,3,0,5.2
0,31.67659,0,0,0,330.0184,3,0,5.2
0,31.68814,0,0,0,330.0184,3,0,5.2
0,31.69844,0,0,0,330.0184,3,0,5.2
0,31.71021,0,0,0,330.0184,3,0,5.2
0,31.72137,0,0,0,330.0184,3,0,5.2
0,31.73357,0,0,0,330.0184,3,0,5.2
0,31.74476,0,0,0,330.0184,3,0,5.2
0,31.75799,0,0,0,330.0184,3,0,5.2
0,31.77114,0,0,0,330.0184,3,0,5.2
0,31.78347,0,0,0,330.0184,3,0,5.2
0,31.79425,0,0,0,330.0184,3,0,5.2
0,31.8063,0,0,0,330.0184,3,0,5.2
0,31.81652,0,0,0,330.0184,3,0,5.2
0,31.82626,0,0,0,330.0184,3,0,5.2
0,31.83581,0,0,0,330.0184,3,0,5.2
0,31.84737,0,0,0,330.0184,3,0,5.2
0,31.85933,0,0,0,330.0184,3,0,5.2
0,31.86959,0,0,0,330.0184,3,0,5.2
0,31.87944,0,0,0,330.0184,3,0,5.2
0,31.89007,0,0,0,330.0184,3,0,5.2
0,31.90045,0,0,0,330.0184,3,0,5.2
0,31.91148,0,0,0,330.0184,3,0,5.2
0,31.92178,0,0,0,330.0184,3,0,5.2
0,31.9311,0,0,0,330.0184,3,0,5.2
0,31.94175,0,0,0,330.0184,3,0,5.2
0,31.95252,0,0,0,330.0184,3,0,5.2
0,31.96148,0,0,0,330.0184,3,0,5.2
0,31.97342,0,0,0,330.0184,3,0,5.2
0,31.98208,0,0,0,330.0184,3,0,5.2
0,31.98997,0,0,0,330.0184,3,0,5.2
0,32.00047,0,0,0,330.0184,3,0,5.2
0,32.00983,0,0,0,330.0184,3,0,5.2
0,32.01819,0,0,0,330.0184,3,0,5.2
0,32.02672,0,0,0,330.0184,3,0,5.2
0,32.03526,0,0,0,330.0184,3,0,5.2
0,32.04332,0,0,0,330.0184,3,0,5.2
0,32.05223,0,0,0,330.0184,3,0,5.2
0,32.05992,0,0,0,330.0184,3,0,5.2
0,32.06767,0,0,0,330.0184,3,0,5.2
0,32.07614,0,0,0,330.0184,3,0,5.2
0,32.08419,0,0,0,330.0184,3,0,5.2
0,32.09298,0,0,0,330.0184,3,0,5.2
0,32.10235,0,0,0,330.0184,3,0,5.2
0,32.11022,0,0,0,330.0184,3,0,5.2
0,32.11827,0,0,0,330.0184,3,0,5.2
0,32.1274,0,0,0,330.0184,3,0,5.2
0,32.13514,0,0,0,330.0184,3,0,5.2
0,32.1433,0,0,0,330.0184,3,0,5.2
0,32.15159,0,0,0,330.0184,3,0,5.2
0,32.15995,0,0,0,330.0184,3,0,5.2
0,32.16921,0,0,0,330.0184,3,0,5.2
0,32.18058,0,0,0,330.0184,3,0,5.2
0,32.19144,0,0,0,330.0184,3,0,5.2
0,32.20079,0,0,0,330.0184,3,0,5.2
0,32.20989,0,0,0,330.0184,3,0,5.2
0,32.21881,0,0,0,330.0184,3,0,5.2
0,32.22771,0,0,0,330.0184,3,0,5.2
0,32.23544,0,0,0,330.0184,3,0,5.2
0,32.24408,0,0,0,330.0184,3,0,5.2
0,32.25316,0,0,0,330.0184,3,0,5.2
0,32.26097,0,0,0,330.0184,3,0,5.2
0,32.27006,0,0,0,330.0184,3,0,5.2
0,32.27956,0,0,0,330.0184,3,0,5.2
0,32.2887,0,0,0,330.0184,3,0,5.2
0,32.29942,0,0,0,330.0184,3,0,5.2
0,32.30803,0,0,0,330.0184,3,0,5.2
0,32.31705,0,0,0,330.0184,3,0,5.2
0,32.32612,0,0,0,330.0184,3,0,5.2
0,32.33479,0,0,0,330.0184,3,0,5.2
0,32.34426,0,0,0,330.0184,3,0,5.2
0,32.35302,0,0,0,330.0184,3,0,5.2
0,32.36127,0,0,0,330.0184,3,0,5.2
0,32.37008,0,0,0,330.0184,3,0,5.2
0,32.37856,0,0,0,330.0184,3,0,5.2
0,32.38637,0,0,0,330.0184,3,0,5.2
0,32.3948,0,0,0,330.0184,3,0,5.2
0,32.40247,0,0,0,330.0184,3,0,5.2
0,32.411,0,0,0,330.0184,3,0,5.2
0,32.41898,0,0,0,330.0184,3,0,5.2
0,32.42698,0,0,0,330.0184,3,0,5.2
0,32.43526,0,0,0,330.0184,3,0,5.2
0,32.44331,0,0,0,330.0184,3,0,5.2
0,32.45115,0,0,0,330.0184,3,0,5.2
0,32.46047,0,0,0,330.0184,3,0,5.2
0,32.46872,0,0,0,330.0184,3,0,5.2
0,32.48095,0,0,0,330.0184,3,0,5.2
0,32.49423,0,0,0,330.0184,3,0,5.2
0,32.50686,0,0,0,330.0184,3,0,5.2
0,32.51857,0,0,0,330.0184,3,0,5.2
0,32.52898,0,0,0,330.0184,3,0,5.2
0,32.54218,0,0,0,330.0184,3,0,5.2
0,32.55515,0,0,0,330.0184,3,0,5.2
0,32.56953,0,0,0,330.0184,3,0,5.2
0,32.58003,0,0,0,330.0184,3,0,5.2
0,32.59308,0,0,0,330.0184,3,0,5.2
0,32.6053,0,0,0,330.0184,3,0,5.2
0,32.61813,0,0,0,330.0184,3,0,5.2
0,32.63139,0,0,0,330.0184,3,0,5.2
0,32.64699,0,0,0,330.0184,3,0,5.2
0,32.66102,0,0,0,330.0184,3,0,5.2
0,32.67368,0,0,0,330.0184,3,0,5.2
0,32.68843,0,0,0,330.0184,3,0,5.2
0,32.70029,0,0,0,330.0184,3,0,5.2
0,32.71159,0,0,0,330.0184,3,0,5.2
0,32.72456,0,0,0,330.0184,3,0,5.2
0,32.73634,0,0,0,330.0184,3,0,5.2
0,32.749,0,0,0,330.0184,3,0,5.2
0,32.76184,0,0,0,330.0184,3,0,5.2
0,32.7748,0,0,0,330.0184,3,0,5.2
0,32.7873,0,0,0,330.0184,3,0,5.2
0,32.79901,0,0,0,330.0184,3,0,5.2
0,32.81268,0,0,0,330.0184,3,0,5.2
0,32.82608,0,0,0,330.0184,3,0,5.2
0,32.838,0,0,0,330.0184,3,0,5.2
0,32.85057,0,0,0,330.0184,3,0,5.2
0,32.86345,0,0,0,330.0184,3,0,5.2
0,32.87546,0,0,0,330.0184,3,0,5.2
0,32.88655,0,0,0,330.0184,3,0,5.2
0,32.89755,0,0,0,330.0184,3,0,5.2
0,32.90906,0,0,0,330.0184,3,0,5.2
0,32.91989,0,0,0,330.0184,3,0,5.2
0,32.93124,0,0,0,330.0184,3,0,5.2
0,32.94469,0,0,0,330.0184,3,0,5.2
0,32.95875,0,0,0,330.0184,3,0,5.2
0,32.97394,0,0,0,330.0184,3,0,5.2
0,32.98743,0,0,0,330.0184,3,0,5.2
0,33.00122,0,0,0,330.0184,3,0,5.2
0,33.01373,0,0,0,330.0184,3,0,5.2
0,33.02485,0,0,0,330.0184,3,0,5.2
0,33.03599,0,0,0,330.0184,3,0,5.2
0,33.0478,0,0,0,330.0184,3,0,5.2
0,33.05844,0,0,0,330.0184,3,0,5.2
0,33.07084,0,0,0,330.0184,3,0,5.2
0,33.08287,0,0,0,330.0184,3,0,5.2
0,33.09582,0,0,0,330.0184,3,0,5.2
0,33.10879,0,0,0,330.0184,3,0,5.2
0,33.11998,0,0,0,330.0184,3,0,5.2
0,33.13071,0,0,0,330.0184,3,0,5.2
0,33.14243,0,0,0,330.0184,3,0,5.2
0,33.1544,0,0,0,330.0184,3,0,5.2
0,33.16499,0,0,0,330.0184,3,0,5.2
0,33.17586,0,0,0,330.0184,3,0,5.2
0,33.18803,0,0,0,330.0184,3,0,5.2
0,33.20036,0,0,0,330.0184,3,0,5.2
0,33.21093,0,0,0,330.0184,3,0,5.2
0,33.22101,0,0,0,330.0184,3,0,5.2
0,33.23053,0,0,0,330.0184,3,0,5.2
0,33.23877,0,0,0,330.0184,3,0,5.2
0,33.24711,0,0,0,330.0184,3,0,5.2
0,33.25586,0,0,0,330.0184,3,0,5.2
0,33.26461,0,0,0,330.0184,3,0,5.2
0,33.27328,0,0,0,330.0184,3,0,5.2
0,33.28316,0,0,0,330.0184,3,0,5.2
0,33.29199,0,0,0,330.0184,3,0,5.2
0,33.30066,0,0,0,330.0184,3,0,5.2
0,33.31221,0,0,0,330.0184,3,0,5.2
0,33.32385,0,0,0,330.0184,3,0,5.2
0,33.33648,0,0,0,330.0184,3,0,5.2
0,33.34703,0,0,0,330.0184,3,0,5.2
0,33.35566,0,0,0,330.0184,3,0,5.2
0,33.36662,0,0,0,330.0184,3,0,5.2
0,33.38805,0,0,0,330.0184,3,0,5.2
0,33.39791,0,0,0,330.0184,3,0,5.2
0,33.40602,0,0,0,330.0184,3,0,5.2
0,33.41602,0,0,0,330.0184,3,0,5.2
0,33.42599,0,0,0,330.0184,3,0,5.2
0,33.43502,0,0,0,330.0184,3,0,5.2
0,33.44529,0,0,0,330.0184,3,0,5.2
0,33.45585,0,0,0,330.0184,3,0,5.2
0,33.46511,0,0,0,330.0184,3,0,5.2
0,33.47438,0,0,0,330.0184,3,0,5.2
0,33.48315,0,0,0,330.0184,3,0,5.2
0,33.49083,0,0,0,330.0184,3,0,5.2
0,33.503,0,0,0,330.0184,3,0,5.2
0,33.51496,0,0,0,330.0184,3,0,5.2
0,33.52435,0,0,0,330.0184,3,0,5.2
0,33.53465,0,0,0,330.0184,3,0,5.2
0,33.5438,0,0,0,330.0184,3,0,5.2
0,33.5532,0,0,0,330.0184,3,0,5.2
0,33.56438,0,0,0,330.0184,3,0,5.2
0,33.57555,0,0,0,330.0184,3,0,5.2
0,33.58469,0,0,0,330.0184,3,0,5.2
0,33.59352,0,0,0,330.0184,3,0,5.2
0,33.60364,0,0,0,330.0184,3,0,5.2
0,33.61138,0,0,0,330.0184,3,0,5.2
0,33.61978,0,0,0,330.0184,3,0,5.2
0,33.62857,0,0,0,330.0184,3,0,5.2
0,33.63652,0,0,0,330.0184,3,0,5.2
0,33.64449,0,0,0,330.0184,3,0,5.2
0,33.65286,0,0,0,330.0184,3,0,5.2
0,33.66291,0,0,0,330.0184,3,0,5.2
0,33.67274,0,0,0,330.0184,3,0,5.2
0,33.68255,0,0,0,330.0184,3,0,5.2
0,33.6953,0,0,0,330.0184,3,0,5.2
0,33.70718,0,0,0,330.0184,3,0,5.2
0,33.71801,0,0,0,330.0184,3,0,5.2
0,33.72819,0,0,0,330.0184,3,0,5.2
0,33.73972,0,0,0,330.0184,3,0,5.2
0,33.74853,0,0,0,330.0184,3,0,5.2
0,33.76132,0,0,0,330.0184,3,0,5.2
0,33.77501,0,0,0,330.0184,3,0,5.2
0,33.78652,0,0,0,330.0184,3,0,5.2
0,33.79768,0,0,0,330.0184,3,0,5.2
0,33.80831,0,0,0,330.0184,3,0,5.2
0,33.82635,0,0,0,330.0184,3,0,5.2
0,33.83972,0,0,0,330.0184,3,0,5.2
0,33.85199,0,0,0,330.0184,3,0,5.2
0,33.86417,0,0,0,330.0184,3,0,5.2
0,33.87656,0,0,0,330.0184,3,0,5.2
0,33.88678,0,0,0,330.0184,3,0,5.2
0,33.90077,0,0,0,330.0184,3,0,5.2
0,33.91254,0,0,0,330.0184,3,0,5.2
0,33.92345,0,0,0,330.0184,3,0,5.2
0,33.93529,0,0,0,330.0184,3,0,5.2
0,33.94665,0,0,0,330.0184,3,0,5.2
0,33.95641,0,0,0,330.0184,3,0,5.2
0,33.96763,0,0,0,330.0184,3,0,5.2
0,33.97846,0,0,0,330.0184,3,0,5.2
0,33.99159,0,0,0,330.0184,3,0,5.2
0,34.0039,0,0,0,330.0184,3,0,5.2
0,34.01324,0,0,0,330.0184,3,0,5.2
0,34.02518,0,0,0,330.0184,3,0,5.2
0,34.0381,0,0,0,330.0184,3,0,5.2
0,34.04829,0,0,0,330.0184,3,0,5.2
0,34.0601,0,0,0,330.0184,3,0,5.2
0,34.07053,0,0,0,330.0184,3,0,5.2
0,34.0811,0,0,0,330.0184,3,0,5.2
0,34.09282,0,0,0,330.0184,3,0,5.2
0,34.10413,0,0,0,330.0184,3,0,5.2
0,34.11706,0,0,0,330.0184,3,0,5.2
0,34.13167,0,0,0,330.0184,3,0,5.2
0,34.14448,0,0,0,330.0184,3,0,5.2
0,34.15654,0,0,0,330.0184,3,0,5.2
0,34.16654,0,0,0,330.0184,3,0,5.2
0,34.1774,0,0,0,330.0184,3,0,5.2
0,34.18848,0,0,0,330.0184,3,0,5.2
0,34.19952,0,0,0,330.0184,3,0,5.2
0,34.21394,0,0,0,330.0184,3,0,5.2
0,34.229,0,0,0,330.0184,3,0,5.2
0,34.24108,0,0,0,330.0184,3,0,5.2
0,34.25289,0,0,0,330.0184,3,0,5.2
0,34.26232,0,0,0,330.0184,3,0,5.2
0,34.27227,0,0,0,330.0184,3,0,5.2
0,34.2821,0,0,0,330.0184,3,0,5.2
0,34.29066,0,0,0,330.0184,3,0,5.2
0,34.30024,0,0,0,330.0184,3,0,5.2
0,34.30947,0,0,0,330.0184,3,0,5.2
0,34.31849,0,0,0,330.0184,3,0,5.2
0,34.32733,0,0,0,330.0184,3,0,5.2
0,34.33704,0,0,0,330.0184,3,0,5.2
0,34.34567,0,0,0,330.0184,3,0,5.2
0,34.35458,0,0,0,330.0184,3,0,5.2
0,34.36361,0,0,0,330.0184,3,0,5.2
0,34.37234,0,0,0,330.0184,3,0,5.2
0,34.38074,0,0,0,330.0184,3,0,5.2
0,34.39122,0,0,0,330.0184,3,0,5.2
0,34.39993,0,0,0,330.0184,3,0,5.2
0,34.41018,0,0,0,330.0184,3,0,5.2
0,34.41832,0,0,0,330.0184,3,0,5.2
0,34.42636,0,0,0,330.0184,3,0,5.2
0,34.43453,0,0,0,330.0184,3,0,5.2
0,34.44243,0,0,0,330.0184,3,0,5.2
0,34.45073,0,0,0,330.0184,3,0,5.2
0,34.45865,0,0,0,330.0184,3,0,5.2
0,34.46639,0,0,0,330.0184,3,0,5.2
0,34.4752,0,0,0,330.0184,3,0,5.2
0,34.48377,0,0,0,330.0184,3,0,5.2
0,34.49329,0,0,0,330.0184,3,0,5.2
0,34.50032,0,0,0,330.0184,3,0,5.2
0,34.50919,0,0,0,330.0184,3,0,5.2
0,34.51817,0,0,0,330.0184,3,0,5.2
0,34.5278,0,0,0,330.0184,3,0,5.2
0,34.53793,0,0,0,330.0184,3,0,5.2
0,34.54606,0,0,0,330.0184,3,0,5.2
0,34.55476,0,0,0,330.0184,3,0,5.2
0,34.56276,0,0,0,330.0184,3,0,5.2
0,34.57223,0,0,0,330.0184,3,0,5.2
0,34.58083,0,0,0,330.0184,3,0,5.2
0,34.59012,0,0,0,330.0184,3,0,5.2
0,34.60081,0,0,0,330.0184,3,0,5.2
0,34.61258,0,0,0,330.0184,3,0,5.2
0,34.62187,0,0,0,330.0184,3,0,5.2
0,34.63051,0,0,0,330.0184,3,0,5.2
0,34.63839,0,0,0,330.0184,3,0,5.2
0,34.64831,0,0,0,330.0184,3,0,5.2
0,34.65621,0,0,0,330.0184,3,0,5.2
0,34.66377,0,0,0,330.0184,3,0,5.2
0,34.67237,0,0,0,330.0184,3,0,5.2
0,34.67988,0,0,0,330.0184,3,0,5.2
0,34.68913,0,0,0,330.0184,3,0,5.2
0,34.69703,0,0,0,330.0184,3,0,5.2
0,34.7059,0,0,0,330.0184,3,0,5.2
0,34.7155,0,0,0,330.0184,3,0,5.2
0,34.72562,0,0,0,330.0184,3,0,5.2
0,34.73425,0,0,0,330.0184,3,0,5.2
0,34.74401,0,0,0,330.0184,3,0,5.2
0,34.7527,0,0,0,330.0184,3,0,5.2
0,34.76059,0,0,0,330.0184,3,0,5.2
0,34.76848,0,0,0,330.0184,3,0,5.2
0,34.77674,0,0,0,330.0184,3,0,5.2
0,34.78538,0,0,0,330.0184,3,0,5.2
0,34.79325,0,0,0,330.0184,3,0,5.2
0,34.80193,0,0,0,330.0184,3,0,5.2
0,34.81075,0,0,0,330.0184,3,0,5.2
0,34.82015,0,0,0,330.0184,3,0,5.2
0,34.83274,0,0,0,330.0184,3,0,5.2
0,34.84397,0,0,0,330.0184,3,0,5.2
0,34.85488,0,0,0,330.0184,3,0,5.2
0,34.86568,0,0,0,330.0184,3,0,5.2
0,34.87654,0,0,0,330.0184,3,0,5.2
0,34.88663,0,0,0,330.0184,3,0,5.2
0,34.89661,0,0,0,330.0184,3,0,5.2
0,34.90581,0,0,0,330.0184,3,0,5.2
0,34.9178,0,0,0,330.0184,3,0,5.2
0,34.93061,0,0,0,330.0184,3,0,5.2
0,34.94316,0,0,0,330.0184,3,0,5.2
0,34.9548,0,0,0,330.0184,3,0,5.2
0,34.96621,0,0,0,330.0184,3,0,5.2
0,34.97728,0,0,0,330.0184,3,0,5.2
0,34.98998,0,0,0,330.0184,3,0,5.2
0,35.00121,0,0,0,330.0184,3,0,5.2
0,35.01204,0,0,0,330.0184,3,0,5.2
0,35.02353,0,0,0,330.0184,3,0,5.2
0,35.03445,0,0,0,330.0184,3,0,5.2
0,35.04543,0,0,0,330.0184,3,0,5.2
0,35.05696,0,0,0,330.0184,3,0,5.2
0,35.06862,0,0,0,330.0184,3,0,5.2
0,35.08076,0,0,0,330.0184,3,0,5.2
0,35.09185,0,0,0,330.0184,3,0,5.2
0,35.10295,0,0,0,330.0184,3,0,5.2
0,35.11396,0,0,0,330.0184,3,0,5.2
0,35.12632,0,0,0,330.0184,3,0,5.2
0,35.13672,0,0,0,330.0184,3,0,5.2
0,35.14815,0,0,0,330.0184,3,0,5.2
0,35.16103,0,0,0,330.0184,3,0,5.2
0,35.17134,0,0,0,330.0184,3,0,5.2
0,35.18283,0,0,0,330.0184,3,0,5.2
0,35.19519,0,0,0,330.0184,3,0,5.2
0,35.20795,0,0,0,330.0184,3,0,5.2
0,35.21755,0,0,0,330.0184,3,0,5.2
0,35.22876,0,0,0,330.0184,3,0,5.2
0,35.2418,0,0,0,330.0184,3,0,5.2
0,35.25663,0,0,0,330.0184,3,0,5.2
0,35.26892,0,0,0,330.0184,3,0,5.2
0,35.28054,0,0,0,330.0184,3,0,5.2
0,35.29076,0,0,0,330.0184,3,0,5.2
0,35.30097,0,0,0,330.0184,3,0,5.2
0,35.31001,0,0,0,330.0184,3,0,5.2
0,35.32046,0,0,0,330.0184,3,0,5.2
0,35.33215,0,0,0,330.0184,3,0,5.2
0,35.34449,0,0,0,330.0184,3,0,5.2
0,35.3554,0,0,0,330.0184,3,0,5.2
0,35.3666,0,0,0,330.0184,3,0,5.2
0,35.37712,0,0,0,330.0184,3,0,5.2
0,35.38704,0,0,0,330.0184,3,0,5.2
0,35.40364,0,0,0,330.0184,3,0,5.2
0,35.41811,0,0,0,330.0184,3,0,5.2
0,35.43336,0,0,0,330.0184,3,0,5.2
0,35.44713,0,0,0,330.0184,3,0,5.2
0,35.46126,0,0,0,330.0184,3,0,5.2
0,35.47392,0,0,0,330.0184,3,0,5.2
0,35.48719,0,0,0,330.0184,3,0,5.2
0,35.50035,0,0,0,330.0184,3,0,5.2
0,35.5132,0,0,0,330.0184,3,0,5.2
0,35.52978,0,0,0,330.0184,3,0,5.2
0,35.5398,0,0,0,330.0184,3,0,5.2
0,35.5498,0,0,0,330.0184,3,0,5.2
0,35.55791,0,0,0,330.0184,3,0,5.2
0,35.56804,0,0,0,330.0184,3,0,5.2
0,35.57872,0,0,0,330.0184,3,0,5.2
0,35.58846,0,0,0,330.0184,3,0,5.2
0,35.59754,0,0,0,330.0184,3,0,5.2
0,35.6067,0,0,0,330.0184,3,0,5.2
0,35.61615,0,0,0,330.0184,3,0,5.2
0,35.62841,0,0,0,330.0184,3,0,5.2
0,35.63723,0,0,0,330.0184,3,0,5.2
0,35.64604,0,0,0,330.0184,3,0,5.2
0,35.65476,0,0,0,330.0184,3,0,5.2
0,35.66297,0,0,0,330.0184,3,0,5.2
0,35.67051,0,0,0,330.0184,3,0,5.2
0,35.67855,0,0,0,330.0184,3,0,5.2
0,35.68786,0,0,0,330.0184,3,0,5.2
0,35.69706,0,0,0,330.0184,3,0,5.2
0,35.70631,0,0,0,330.0184,3,0,5.2
0,35.71438,0,0,0,330.0184,3,0,5.2
0,35.72233,0,0,0,330.0184,3,0,5.2
0,35.73018,0,0,0,330.0184,3,0,5.2
0,35.73982,0,0,0,330.0184,3,0,5.2
0,35.74957,0,0,0,330.0184,3,0,5.2
0,35.7595,0,0,0,330.0184,3,0,5.2
0,35.76876,0,0,0,330.0184,3,0,5.2
0,35.77682,0,0,0,330.0184,3,0,5.2
0,35.78517,0,0,0,330.0184,3,0,5.2
0,35.79341,0,0,0,330.0184,3,0,5.2
0,35.80247,0,0,0,330.0184,3,0,5.2
0,35.8103,0,0,0,330.0184,3,0,5.2
0,35.81921,0,0,0,330.0184,3,0,5.2
0,35.82741,0,0,0,330.0184,3,0,5.2
0,35.83512,0,0,0,330.0184,3,0,5.2
0,35.84438,0,0,0,330.0184,3,0,5.2
0,35.85251,0,0,0,330.0184,3,0,5.2
0,35.86192,0,0,0,330.0184,3,0,5.2
0,35.87014,0,0,0,330.0184,3,0,5.2
0,35.87871,0,0,0,330.0184,3,0,5.2
0,35.88754,0,0,0,330.0184,3,0,5.2
0,35.89677,0,0,0,330.0184,3,0,5.2
0,35.90473,0,0,0,330.0184,3,0,5.2
0,35.91271,0,0,0,330.0184,3,0,5.2
0,35.92108,0,0,0,330.0184,3,0,5.2
0,35.92915,0,0,0,330.0184,3,0,5.2
0,35.93773,0,0,0,330.0184,3,0,5.2
0,35.9462,0,0,0,330.0184,3,0,5.2
0,35.95561,0,0,0,330.0184,3,0,5.2
0,35.96544,0,0,0,330.0184,3,0,5.2
0,35.977,0,0,0,330.0184,3,0,5.2
0,35.98862,0,0,0,330.0184,3,0,5.2
0,35.99918,0,0,0,330.0184,3,0,5.2
0,36.01126,0,0,0,330.0184,3,0,5.2
0,36.02192,0,0,0,330.0184,3,0,5.2
0,36.03263,0,0,0,330.0184,3,0,5.2
0,36.04209,0,0,0,330.0184,3,0,5.2
0,36.0525,0,0,0,330.0184,3,0,5.2
0,36.06286,0,0,0,330.0184,3,0,5.2
0,36.07271,0,0,0,330.0184,3,0,5.2
0,36.08362,0,0,0,330.0184,3,0,5.2
0,36.09431,0,0,0,330.0184,3,0,5.2
0,36.10496,0,0,0,330.0184,3,0,5.2
0,36.11593,0,0,0,330.0184,3,0,5.2
0,36.12704,0,0,0,330.0184,3,0,5.2
0,36.13831,0,0,0,330.0184,3,0,5.2
0,36.15009,0,0,0,330.0184,3,0,5.2
0,36.1608,0,0,0,330.0184,3,0,5.2
0,36.17236,0,0,0,330.0184,3,0,5.2
0,36.18309,0,0,0,330.0184,3,0,5.2
0,36.1949,0,0,0,330.0184,3,0,5.2
0,36.20758,0,0,0,330.0184,3,0,5.2
0,36.21951,0,0,0,330.0184,3,0,5.2
0,36.23122,0,0,0,330.0184,3,0,5.2
0,36.24413,0,0,0,330.0184,3,0,5.2
0,36.25573,0,0,0,330.0184,3,0,5.2
0,36.26633,0,0,0,330.0184,3,0,5.2
0,36.27988,0,0,0,330.0184,3,0,5.2
0,36.29057,0,0,0,330.0184,3,0,5.2
0,36.30124,0,0,0,330.0184,3,0,5.2
0,36.31098,0,0,0,330.0184,3,0,5.2
0,36.32138,0,0,0,330.0184,3,0,5.2
0,36.33244,0,0,0,330.0184,3,0,5.2
0,36.34227,0,0,0,330.0184,3,0,5.2
0,36.35426,0,0,0,330.0184,3,0,5.2
0,36.36656,0,0,0,330.0184,3,0,5.2
0,36.37799,0,0,0,330.0184,3,0,5.2
0,36.39047,0,0,0,330.0184,3,0,5.2
0,36.40157,0,0,0,330.0184,3,0,5.2
0,36.41392,0,0,0,330.0184,3,0,5.2
0,36.42661,0,0,0,330.0184,3,0,5.2
0,36.43684,0,0,0,330.0184,3,0,5.2
0,36.44889,0,0,0,330.0184,3,0,5.2
0,36.46082,0,0,0,330.0184,3,0,5.2
0,36.47214,0,0,0,330.0184,3,0,5.2
0,36.48349,0,0,0,330.0184,3,0,5.2
0,36.49378,0,0,0,330.0184,3,0,5.2
0,36.50596,0,0,0,330.0184,3,0,5.2
0,36.5178,0,0,0,330.0184,3,0,5.2
0,36.52816,0,0,0,330.0184,3,0,5.2
0,36.53837,0,0,0,330.0184,3,0,5.2
0,36.55,0,0,0,330.0184,3,0,5.2
0,36.5618,0,0,0,330.0184,3,0,5.2
0,36.57607,0,0,0,330.0184,3,0,5.2
0,36.58733,0,0,0,330.0184,3,0,5.2
0,36.59841,0,0,0,330.0184,3,0,5.2
0,36.60843,0,0,0,330.0184,3,0,5.2
0,36.61909,0,0,0,330.0184,3,0,5.2
0,36.62822,0,0,0,330.0184,3,0,5.2
0,36.63649,0,0,0,330.0184,3,0,5.2
0,36.6469,0,0,0,330.0184,3,0,5.2
0,36.66047,0,0,0,330.0184,3,0,5.2
0,36.66909,0,0,0,330.0184,3,0,5.2
0,36.67775,0,0,0,330.0184,3,0,5.2
0,36.68639,0,0,0,330.0184,3,0,5.2
0,36.69482,0,0,0,330.0184,3,0,5.2
0,36.70359,0,0,0,330.0184,3,0,5.2
0,36.71299,0,0,0,330.0184,3,0,5.2
0,36.72248,0,0,0,330.0184,3,0,5.2
0,36.73075,0,0,0,330.0184,3,0,5.2
0,36.73922,0,0,0,330.0184,3,0,5.2
0,36.74697,0,0,0,330.0184,3,0,5.2
0,36.75655,0,0,0,330.0184,3,0,5.2
0,36.76607,0,0,0,330.0184,3,0,5.2
0,36.77554,0,0,0,330.0184,3,0,5.2
0,36.78443,0,0,0,330.0184,3,0,5.2
0,36.79283,0,0,0,330.0184,3,0,5.2
0,36.80184,0,0,0,330.0184,3,0,5.2
0,36.80944,0,0,0,330.0184,3,0,5.2
0,36.81945,0,0,0,330.0184,3,0,5.2
0,36.8293,0,0,0,330.0184,3,0,5.2
0,36.83646,0,0,0,330.0184,3,0,5.2
0,36.84361,0,0,0,330.0184,3,0,5.2
0,36.85166,0,0,0,330.0184,3,0,5.2
0,36.86063,0,0,0,330.0184,3,0,5.2
0,36.86795,0,0,0,330.0184,3,0,5.2
0,36.87734,0,0,0,330.0184,3,0,5.2
0,36.88569,0,0,0,330.0184,3,0,5.2
0,36.89426,0,0,0,330.0184,3,0,5.2
0,36.90225,0,0,0,330.0184,3,0,5.2
0,36.91102,0,0,0,330.0184,3,0,5.2
0,36.91934,0,0,0,330.0184,3,0,5.2
0,36.92736,0,0,0,330.0184,3,0,5.2
0,36.93531,0,0,0,330.0184,3,0,5.2
0,36.94351,0,0,0,330.0184,3,0,5.2
0,36.95113,0,0,0,330.0184,3,0,5.2
0,36.95893,0,0,0,330.0184,3,0,5.2
0,36.9673,0,0,0,330.0184,3,0,5.2
0,36.97515,0,0,0,330.0184,3,0,5.2
0,36.98364,0,0,0,330.0184,3,0,5.2
0,36.99144,0,0,0,330.0184,3,0,5.2
0,37.00037,0,0,0,330.0184,3,0,5.2
0,37.00985,0,0,0,330.0184,3,0,5.2
0,37.01768,0,0,0,330.0184,3,0,5.2
0,37.02705,0,0,0,330.0184,3,0,5.2
0,37.04127,0,0,0,330.0184,3,0,5.2
0,37.05224,0,0,0,330.0184,3,0,5.2
0,37.06131,0,0,0,330.0184,3,0,5.2
0,37.06918,0,0,0,330.0184,3,0,5.2
0,37.07791,0,0,0,330.0184,3,0,5.2
0,37.08553,0,0,0,330.0184,3,0,5.2
0,37.09378,0,0,0,330.0184,3,0,5.2
0,37.101,0,0,0,330.0184,3,0,5.2
0,37.10915,0,0,0,330.0184,3,0,5.2
0,37.11722,0,0,0,330.0184,3,0,5.2
0,37.12701,0,0,0,330.0184,3,0,5.2
0,37.13705,0,0,0,330.0184,3,0,5.2
0,37.14814,0,0,0,330.0184,3,0,5.2
0,37.15981,0,0,0,330.0184,3,0,5.2
0,37.17042,0,0,0,330.0184,3,0,5.2
0,37.18143,0,0,0,330.0184,3,0,5.2
0,37.19442,0,0,0,330.0184,3,0,5.2
0,37.20615,0,0,0,330.0184,3,0,5.2
0,37.21552,0,0,0,330.0184,3,0,5.2
0,37.22758,0,0,0,330.0184,3,0,5.2
0,37.2396,0,0,0,330.0184,3,0,5.2
0,37.25124,0,0,0,330.0184,3,0,5.2
0,37.26448,0,0,0,330.0184,3,0,5.2
0,37.27578,0,0,0,330.0184,3,0,5.2
0,37.2884,0,0,0,330.0184,3,0,5.2
0,37.30005,0,0,0,330.0184,3,0,5.2
0,37.31351,0,0,0,330.0184,3,0,5.2
0,37.32392,0,0,0,330.0184,3,0,5.2
0,37.34098,0,0,0,330.0184,3,0,5.2
0,37.36007,0,0,0,330.0184,3,0,5.2
0,37.37122,0,0,0,330.0184,3,0,5.2
0,37.3831,0,0,0,330.0184,3,0,5.2
0,37.39585,0,0,0,330.0184,3,0,5.2
0,37.40837,0,0,0,330.0184,3,0,5.2
0,37.41848,0,0,0,330.0184,3,0,5.2
0,37.42912,0,0,0,330.0184,3,0,5.2
0,37.44054,0,0,0,330.0184,3,0,5.2
0,37.45118,0,0,0,330.0184,3,0,5.2
0,37.46291,0,0,0,330.0184,3,0,5.2
0,37.4744,0,0,0,330.0184,3,0,5.2
0,37.48558,0,0,0,330.0184,3,0,5.2
0,37.4956,0,0,0,330.0184,3,0,5.2
0,37.50787,0,0,0,330.0184,3,0,5.2
0,37.52002,0,0,0,330.0184,3,0,5.2
0,37.53105,0,0,0,330.0184,3,0,5.2
0,37.54066,0,0,0,330.0184,3,0,5.2
0,37.55159,0,0,0,330.0184,3,0,5.2
0,37.56301,0,0,0,330.0184,3,0,5.2
0,37.57736,0,0,0,330.0184,3,0,5.2
0,37.59091,0,0,0,330.0184,3,0,5.2
0,37.6048,0,0,0,330.0184,3,0,5.2
0,37.61761,0,0,0,330.0184,3,0,5.2
0,37.62978,0,0,0,330.0184,3,0,5.2
0,37.64222,0,0,0,330.0184,3,0,5.2
0,37.65425,0,0,0,330.0184,3,0,5.2
0,37.66684,0,0,0,330.0184,3,0,5.2
0,37.6801,0,0,0,330.0184,3,0,5.2
0,37.69454,0,0,0,330.0184,3,0,5.2
0,37.70689,0,0,0,330.0184,3,0,5.2
0,37.72199,0,0,0,330.0184,3,0,5.2
0,37.73442,0,0,0,330.0184,3,0,5.2
0,37.74562,0,0,0,330.0184,3,0,5.2
0,37.76089,0,0,0,330.0184,3,0,5.2
0,37.7791,0,0,0,330.0184,3,0,5.2
0,37.79135,0,0,0,330.0184,3,0,5.2
0,37.80235,0,0,0,330.0184,3,0,5.2
0,37.81299,0,0,0,330.0184,3,0,5.2
0,37.82436,0,0,0,330.0184,3,0,5.2
0,37.83358,0,0,0,330.0184,3,0,5.2
0,37.84427,0,0,0,330.0184,3,0,5.2
0,37.85417,0,0,0,330.0184,3,0,5.2
0,37.86332,0,0,0,330.0184,3,0,5.2
0,37.87345,0,0,0,330.0184,3,0,5.2
0,37.88231,0,0,0,330.0184,3,0,5.2
0,37.89048,0,0,0,330.0184,3,0,5.2
0,37.89956,0,0,0,330.0184,3,0,5.2
0,37.90921,0,0,0,330.0184,3,0,5.2
0,37.91846,0,0,0,330.0184,3,0,5.2
0,37.92871,0,0,0,330.0184,3,0,5.2
0,37.93909,0,0,0,330.0184,3,0,5.2
0,37.94786,0,0,0,330.0184,3,0,5.2
0,37.95651,0,0,0,330.0184,3,0,5.2
0,37.96485,0,0,0,330.0184,3,0,5.2
0,37.97374,0,0,0,330.0184,3,0,5.2
0,37.98256,0,0,0,330.0184,3,0,5.2
0,37.99014,0,0,0,330.0184,3,0,5.2
0,37.99915,0,0,0,330.0184,3,0,5.2
0,38.00838,0,0,0,330.0184,3,0,5.2
0,38.01846,0,0,0,330.0184,3,0,5.2
0,38.02935,0,0,0,330.0184,3,0,5.2
0,38.03925,0,0,0,330.0184,3,0,5.2
0,38.04929,0,0,0,330.0184,3,0,5.2
0,38.05756,0,0,0,330.0184,3,0,5.2
0,38.06822,0,0,0,330.0184,3,0,5.2
0,38.07767,0,0,0,330.0184,3,0,5.2
0,38.08652,0,0,0,330.0184,3,0,5.2
0,38.09611,0,0,0,330.0184,3,0,5.2
0,38.1053,0,0,0,330.0184,3,0,5.2
0,38.11435,0,0,0,330.0184,3,0,5.2
0,38.12226,0,0,0,330.0184,3,0,5.2
0,38.13208,0,0,0,330.0184,3,0,5.2
0,38.14241,0,0,0,330.0184,3,0,5.2
0,38.15046,0,0,0,330.0184,3,0,5.2
0,38.15922,0,0,0,330.0184,3,0,5.2
0,38.16882,0,0,0,330.0184,3,0,5.2
0,38.17754,0,0,0,330.0184,3,0,5.2
0,38.18732,0,0,0,330.0184,3,0,5.2
0,38.19769,0,0,0,330.0184,3,0,5.2
0,38.20671,0,0,0,330.0184,3,0,5.2
0,38.21667,0,0,0,330.0184,3,0,5.2
0,38.2282,0,0,0,330.0184,3,0,5.2
0,38.23783,0,0,0,330.0184,3,0,5.2
0,38.24655,0,0,0,330.0184,3,0,5.2
0,38.25545,0,0,0,330.0184,3,0,5.2
0,38.26617,0,0,0,330.0184,3,0,5.2
0,38.27646,0,0,0,330.0184,3,0,5.2
0,38.28672,0,0,0,330.0184,3,0,5.2
0,38.29554,0,0,0,330.0184,3,0,5.2
0,38.30368,0,0,0,330.0184,3,0,5.2
0,38.31184,0,0,0,330.0184,3,0,5.2
0,38.32128,0,0,0,330.0184,3,0,5.2
0,38.33285,0,0,0,330.0184,3,0,5.2
0,38.34244,0,0,0,330.0184,3,0,5.2
0,38.35371,0,0,0,330.0184,3,0,5.2
0,38.36499,0,0,0,330.0184,3,0,5.2
0,38.37611,0,0,0,330.0184,3,0,5.2
0,38.38837,0,0,0,330.0184,3,0,5.2
0,38.3984,0,0,0,330.0184,3,0,5.2
0,38.40967,0,0,0,330.0184,3,0,5.2
0,38.41974,0,0,0,330.0184,3,0,5.2
0,38.43121,0,0,0,330.0184,3,0,5.2
0,38.44199,0,0,0,330.0184,3,0,5.2
0,38.45275,0,0,0,330.0184,3,0,5.2
0,38.46696,0,0,0,330.0184,3,0,5.2
0,38.479,0,0,0,330.0184,3,0,5.2
0,38.49109,0,0,0,330.0184,3,0,5.2
0,38.50311,0,0,0,330.0184,3,0,5.2
0,38.51767,0,0,0,330.0184,3,0,5.2
0,38.52995,0,0,0,330.0184,3,0,5.2
0,38.54185,0,0,0,330.0184,3,0,5.2
0,38.55396,0,0,0,330.0184,3,0,5.2
0,38.56567,0,0,0,330.0184,3,0,5.2
0,38.57694,0,0,0,330.0184,3,0,5.2
0,38.58862,0,0,0,330.0184,3,0,5.2
0,38.60384,0,0,0,330.0184,3,0,5.2
0,38.61653,0,0,0,330.0184,3,0,5.2
0,38.62857,0,0,0,330.0184,3,0,5.2
0,38.6414,0,0,0,330.0184,3,0,5.2
0,38.65337,0,0,0,330.0184,3,0,5.2
0,38.66471,0,0,0,330.0184,3,0,5.2
0,38.67572,0,0,0,330.0184,3,0,5.2
0,38.68692,0,0,0,330.0184,3,0,5.2
0,38.69739,0,0,0,330.0184,3,0,5.2
5,38.7201,0,0,0,330.0184,3,0,5.2
5,38.73784,0,0,0,330.0184,3,0,5.2
5,38.74969,0,0,0,330.0184,3,0,5.2
5,38.75888,0,0,0,330.0184,3,0,5.2
5,38.76917,0,0,0,330.0184,3,0,5.2
5,38.77996,0,0,0,330.0184,3,0,5.2
5,38.79123,0,0,0,330.0184,3,0,5.2
5,38.80325,0,0,0,330.0184,3,0,5.2
5,38.8153,0,0,0,330.0184,3,0,5.2
5,38.83189,0,0,0,330.0184,3,0,5.2
5,38.85201,0,0,0,330.0184,3,0,5.2
5,38.87035,0,0,0,330.0184,3,0,5.2
5,38.88317,0,0,0,330.0184,3,0,5.2
5,38.89524,0,0,0,330.0184,3,0,5.2
5,38.90593,0,0,0,330.0184,3,0,5.2
5,38.91687,0,0,0,330.0184,3,0,5.2
5,38.92809,0,0,0,330.0184,3,0,5.2
5,38.93916,0,0,0,330.0184,3,0,5.2
5,38.95037,0,0,0,330.0184,3,0,5.2
5,38.96146,0,0,0,330.0184,3,0,5.2
5,38.97129,0,0,0,330.0184,3,0,5.2
5,38.9795,0,0,0,330.0184,3,0,5.2
5,38.9914,0,0,0,330.0184,3,0,5.2
5,39.00193,0,0,0,330.0184,3,0,5.2
5,39.01058,0,0,0,330.0184,3,0,5.2
5,39.02203,0,0,0,330.0184,3,0,5.2
5,39.03141,0,0,0,330.0184,3,0,5.2
5,39.04072,0,0,0,330.0184,3,0,5.2
5,39.0501,0,0,0,330.0184,3,0,5.2
5,39.05903,0,0,0,330.0184,3,0,5.2
5,39.06817,0,0,0,330.0184,3,0,5.2
5,39.07743,0,0,0,330.0184,3,0,5.2
5,39.0866,0,0,0,330.0184,3,0,5.2
5,39.09521,0,0,0,330.0184,3,0,5.2
5,39.104,0,0,0,330.0184,3,0,5.2
5,39.11176,0,0,0,330.0184,3,0,5.2
5,39.12087,0,0,0,330.0184,3,0,5.2
5,39.13046,0,0,0,330.0184,3,0,5.2
5,39.14041,0,0,0,330.0184,3,0,5.2
5,39.14977,0,0,0,330.0184,3,0,5.2
5,39.15809,0,0,0,330.0184,3,0,5.2
5,39.16745,0,0,0,330.0184,3,0,5.2
5,39.17833,0,0,0,330.0184,3,0,5.2
5,39.18785,0,0,0,330.0184,3,0,5.2
5,39.1964,0,0,0,330.0184,3,0,5.2
5,39.20479,0,0,0,330.0184,3,0,5.2
5,39.21474,0,0,0,330.0184,3,0,5.2
5,39.22487,0,0,0,330.0184,3,0,5.2
5,39.23551,0,0,0,330.0184,3,0,5.2
5,39.24754,0,0,0,330.0184,3,0,5.2
5,39.25681,0,0,0,330.0184,3,0,5.2
5,39.26617,0,0,0,330.0184,3,0,5.2
5,39.27609,0,0,0,330.0184,3,0,5.2
5,39.28851,0,0,0,330.0184,3,0,5.2
5,39.30025,0,0,0,330.0184,3,0,5.2
5,39.31302,0,0,0,330.0184,3,0,5.2
5,39.3249,0,0,0,330.0184,3,0,5.2
5,39.3378,0,0,0,330.0184,3,0,5.2
5,39.36131,0,0,0,330.0184,3,0,5.2
5,39.37088,0,0,0,330.0184,3,0,5.2
5,39.37901,0,0,0,330.0184,3,0,5.2
5,39.38725,0,0,0,330.0184,3,0,5.2
5,39.39655,0,0,0,330.0184,3,0,5.2
5,39.40538,0,0,0,330.0184,3,0,5.2
5,39.41274,0,0,0,330.0184,3,0,5.2
5,39.42122,0,0,0,330.0184,3,0,5.2
5,39.42996,0,0,0,330.0184,3,0,5.2
5,39.43832,0,0,0,330.0184,3,0,5.2
5,39.44603,0,0,0,330.0184,3,0,5.2
5,39.45697,0,0,0,330.0184,3,0,5.2
5,39.46487,0,0,0,330.0184,3,0,5.2
5,39.47415,0,0,0,330.0184,3,0,5.2
5,39.48241,0,0,0,330.0184,3,0,5.2
5,39.49128,0,0,0,330.0184,3,0,5.2
5,39.49944,0,0,0,330.0184,3,0,5.2
5,39.50796,0,0,0,330.0184,3,0,5.2
5,39.51662,0,0,0,330.0184,3,0,5.2
5,39.52753,0,0,0,330.0184,3,0,5.2
5,39.53784,0,0,0,330.0184,3,0,5.2
5,39.54931,0,0,0,330.0184,3,0,5.2
5,39.56071,0,0,0,330.0184,3,0,5.2
5,39.5728,0,0,0,330.0184,3,0,5.2
5,39.58548,0,0,0,330.0184,3,0,5.2
5,39.5971,0,0,0,330.0184,3,0,5.2
5,39.60717,0,0,0,330.0184,3,0,5.2
5,39.61756,0,0,0,330.0184,3,0,5.2
5,39.63008,0,0,0,330.0184,3,0,5.2
5,39.64154,0,0,0,330.0184,3,0,5.2
5,39.65266,0,0,0,330.0184,3,0,5.2
5,39.66279,0,0,0,330.0184,3,0,5.2
5,39.67517,0,0,0,330.0184,3,0,5.2
5,39.68919,0,0,0,330.0184,3,0,5.2
5,39.70002,0,0,0,330.0184,3,0,5.2
5,39.71111,0,0,0,330.0184,3,0,5.2
5,39.72396,0,0,0,330.0184,3,0,5.2
5,39.73672,0,0,0,330.0184,3,0,5.2
5,39.75084,0,0,0,330.0184,3,0,5.2
5,39.76225,0,0,0,330.0184,3,0,5.2
5,39.77478,0,0,0,330.0184,3,0,5.2
5,39.78738,0,0,0,330.0184,3,0,5.2
5,39.80028,0,0,0,330.0184,3,0,5.2
5,39.81256,0,0,0,330.0184,3,0,5.2
5,39.8248,0,0,0,330.0184,3,0,5.2
5,39.83699,0,0,0,330.0184,3,0,5.2
5,39.84906,0,0,0,330.0184,3,0,5.2
5,39.85948,0,0,0,330.0184,3,0,5.2
5,39.87036,0,0,0,330.0184,3,0,5.2
5,39.88161,0,0,0,330.0184,3,0,5.2
5,39.89295,0,0,0,330.0184,3,0,5.2
5,39.903,0,0,0,330.0184,3,0,5.2
5,39.91876,0,0,0,330.0184,3,0,5.2
5,39.93441,0,0,0,330.0184,3,0,5.2
5,39.94584,0,0,0,330.0184,3,0,5.2
5,39.95839,0,0,0,330.0184,3,0,5.2
5,39.97087,0,0,0,330.0184,3,0,5.2
5,39.98445,0,0,0,330.0184,3,0,5.2
5,39.99538,0,0,0,330.0184,3,0,5.2
5,40.00519,0,0,0,330.0184,3,0,5.2
5,40.0159,0,0,0,330.0184,3,0,5.2
5,40.02731,0,0,0,330.0184,3,0,5.2
5,40.03752,0,0,0,330.0184,3,0,5.2
5,40.05304,0,0,0,330.0184,3,0,5.2
5,40.06983,0,0,0,330.0184,3,0,5.2
5,40.08506,0,0,0,330.0184,3,0,5.2
5,40.09651,0,0,0,330.0184,3,0,5.2
5,40.10528,0,0,0,330.0184,3,0,5.2
5,40.11671,0,0,0,330.0184,3,0,5.2
5,40.12783,0,0,0,330.0184,3,0,5.2
5,40.13787,0,0,0,330.0184,3,0,5.2
5,40.1479,0,0,0,330.0184,3,0,5.2
5,40.15594,0,0,0,330.0184,3,0,5.2
5,40.1654,0,0,0,330.0184,3,0,5.2
5,40.17485,0,0,0,330.0184,3,0,5.2
5,40.1843,0,0,0,330.0184,3,0,5.2
5,40.19393,0,0,0,330.0184,3,0,5.2
5,40.20436,0,0,0,330.0184,3,0,5.2
5,40.21497,0,0,0,330.0184,3,0,5.2
5,40.22318,0,0,0,330.0184,3,0,5.2
5,40.23249,0,0,0,330.0184,3,0,5.2
5,40.24156,0,0,0,330.0184,3,0,5.2
5,40.25058,0,0,0,330.0184,3,0,5.2
5,40.25866,0,0,0,330.0184,3,0,5.2
5,40.2675,0,0,0,330.0184,3,0,5.2
5,40.27802,0,0,0,330.0184,3,0,5.2
5,40.28727,0,0,0,330.0184,3,0,5.2
5,40.29673,0,0,0,330.0184,3,0,5.2
5,40.30494,0,0,0,330.0184,3,0,5.2
5,40.31356,0,0,0,330.0184,3,0,5.2
5,40.32278,0,0,0,330.0184,3,0,5.2
5,40.33293,0,0,0,330.0184,3,0,5.2
5,40.34131,0,0,0,330.0184,3,0,5.2
5,40.35012,0,0,0,330.0184,3,0,5.2
5,40.35954,0,0,0,330.0184,3,0,5.2
5,40.3679,0,0,0,330.0184,3,0,5.2
5,40.37901,0,0,0,330.0184,3,0,5.2
5,40.38779,0,0,0,330.0184,3,0,5.2
5,40.39668,0,0,0,330.0184,3,0,5.2
5,40.40485,0,0,0,330.0184,3,0,5.2
5,40.41265,0,0,0,330.0184,3,0,5.2
5,40.4216,0,0,0,330.0184,3,0,5.2
5,40.4304,0,0,0,330.0184,3,0,5.2
5,40.43883,0,0,0,330.0184,3,0,5.2
5,40.44801,0,0,0,330.0184,3,0,5.2
5,40.45592,0,0,0,330.0184,3,0,5.2
5,40.46571,0,0,0,330.0184,3,0,5.2
5,40.47427,0,0,0,330.0184,3,0,5.2
5,40.48298,0,0,0,330.0184,3,0,5.2
5,40.49153,0,0,0,330.0184,3,0,5.2
5,40.5005,0,0,0,330.0184,3,0,5.2
5,40.50888,0,0,0,330.0184,3,0,5.2
5,40.52021,0,0,0,330.0184,3,0,5.2
5,40.52903,0,0,0,330.0184,3,0,5.2
5,40.53756,0,0,0,330.0184,3,0,5.2
5,40.54583,0,0,0,330.0184,3,0,5.2
5,40.55553,0,0,0,330.0184,3,0,5.2
5,40.56554,0,0,0,330.0184,3,0,5.2
5,40.57545,0,0,0,330.0184,3,0,5.2
5,40.58366,0,0,0,330.0184,3,0,5.2
5,40.59267,0,0,0,330.0184,3,0,5.2
5,40.60033,0,0,0,330.0184,3,0,5.2
5,40.61047,0,0,0,330.0184,3,0,5.2
5,40.61996,0,0,0,330.0184,3,0,5.2
5,40.62969,0,0,0,330.0184,3,0,5.2
5,40.63935,0,0,0,330.0184,3,0,5.2
5,40.64934,0,0,0,330.0184,3,0,5.2
5,40.65924,0,0,0,330.0184,3,0,5.2
5,40.6707,0,0,0,330.0184,3,0,5.2
5,40.68327,0,0,0,330.0184,3,0,5.2
5,40.6937,0,0,0,330.0184,3,0,5.2
5,40.70531,0,0,0,330.0184,3,0,5.2
5,40.7159,0,0,0,330.0184,3,0,5.2
5,40.72673,0,0,0,330.0184,3,0,5.2
5,40.73868,0,0,0,330.0184,3,0,5.2
5,40.75247,0,0,0,330.0184,3,0,5.2
5,40.77007,0,0,0,330.0184,3,0,5.2
5,40.78671,0,0,0,330.0184,3,0,5.2
5,40.80442,0,0,0,330.0184,3,0,5.2
5,40.81898,0,0,0,330.0184,3,0,5.2
5,40.83237,0,0,0,330.0184,3,0,5.2
5,40.84587,0,0,0,330.0184,3,0,5.2
5,40.86275,0,0,0,330.0184,3,0,5.2
5,40.87526,0,0,0,330.0184,3,0,5.2
5,40.88799,0,0,0,330.0184,3,0,5.2
5,40.91216,0,0,0,330.0184,3,0,5.2
5,40.93233,0,0,0,330.0184,3,0,5.2
5,40.95057,0,0,0,330.0184,3,0,5.2
5,40.96255,0,0,0,330.0184,3,0,5.2
5,40.97425,0,0,0,330.0184,3,0,5.2
5,40.98518,0,0,0,330.0184,3,0,5.2
5,40.99773,0,0,0,330.0184,3,0,5.2
5,41.01017,0,0,0,330.0184,3,0,5.2
5,41.03419,0,0,0,330.0184,3,0,5.2
5,41.05048,0,0,0,330.0184,3,0,5.2
5,41.0618,0,0,0,330.0184,3,0,5.2
5,41.08222,0,0,0,330.0184,3,0,5.2
5,41.09916,0,0,0,330.0184,3,0,5.2
5,41.11799,0,0,0,330.0184,3,0,5.2
5,41.13605,0,0,0,330.0184,3,0,5.2
5,41.15331,0,0,0,330.0184,3,0,5.2
5,41.16616,0,0,0,330.0184,3,0,5.2
5,41.17933,0,0,0,330.0184,3,0,5.2
5,41.19588,0,0,0,330.0184,3,0,5.2
5,41.20995,0,0,0,330.0184,3,0,5.2
5,41.22145,0,0,0,330.0184,3,0,5.2
5,41.23315,0,0,0,330.0184,3,0,5.2
5,41.24368,0,0,0,330.0184,3,0,5.2
5,41.2601,0,0,0,330.0184,3,0,5.2
5,41.27107,0,0,0,330.0184,3,0,5.2
5,41.28545,0,0,0,330.0184,3,0,5.2
5,41.30188,0,0,0,330.0184,3,0,5.2
5,41.31177,0,0,0,330.0184,3,0,5.2
5,41.32158,0,0,0,330.0184,3,0,5.2
5,41.33066,0,0,0,330.0184,3,0,5.2
5,41.34069,0,0,0,330.0184,3,0,5.2
5,41.3501,0,0,0,330.0184,3,0,5.2
5,41.36279,0,0,0,330.0184,3,0,5.2
5,41.37181,0,0,0,330.0184,3,0,5.2
5,41.3818,0,0,0,330.0184,3,0,5.2
5,41.39222,0,0,0,330.0184,3,0,5.2
5,41.40247,0,0,0,330.0184,3,0,5.2
5,41.41489,0,0,0,330.0184,3,0,5.2
5,41.43726,0,0,0,330.0184,3,0,5.2
5,41.44647,0,0,0,330.0184,3,0,5.2
5,41.45562,0,0,0,330.0184,3,0,5.2
5,41.46358,0,0,0,330.0184,3,0,5.2
5,41.47313,0,0,0,330.0184,3,0,5.2
5,41.48188,0,0,0,330.0184,3,0,5.2
5,41.49083,0,0,0,330.0184,3,0,5.2
5,41.50056,0,0,0,330.0184,3,0,5.2
5,41.51066,0,0,0,330.0184,3,0,5.2
5,41.52141,0,0,0,330.0184,3,0,5.2
5,41.53381,0,0,0,330.0184,3,0,5.2
5,41.54367,0,0,0,330.0184,3,0,5.2
5,41.55396,0,0,0,330.0184,3,0,5.2
5,41.56553,0,0,0,330.0184,3,0,5.2
5,41.57586,0,0,0,330.0184,3,0,5.2
5,41.58677,0,0,0,330.0184,3,0,5.2
5,41.59707,0,0,0,330.0184,3,0,5.2
5,41.60682,0,0,0,330.0184,3,0,5.2
5,41.61531,0,0,0,330.0184,3,0,5.2
5,41.62698,0,0,0,330.0184,3,0,5.2
5,41.6352,0,0,0,330.0184,3,0,5.2
5,41.64376,0,0,0,330.0184,3,0,5.2
5,41.65323,0,0,0,330.0184,3,0,5.2
5,41.66401,0,0,0,330.0184,3,0,5.2
5,41.676,0,0,0,330.0184,3,0,5.2
5,41.68929,0,0,0,330.0184,3,0,5.2
5,41.69922,0,0,0,330.0184,3,0,5.2
5,41.71034,0,0,0,330.0184,3,0,5.2
5,41.72018,0,0,0,330.0184,3,0,5.2
5,41.72927,0,0,0,330.0184,3,0,5.2
5,41.74243,0,0,0,330.0184,3,0,5.2
5,41.75558,0,0,0,330.0184,3,0,5.2
5,41.76615,0,0,0,330.0184,3,0,5.2
5,41.78021,0,0,0,330.0184,3,0,5.2
5,41.79403,0,0,0,330.0184,3,0,5.2
5,41.80384,0,0,0,330.0184,3,0,5.2
5,41.81573,0,0,0,330.0184,3,0,5.2
5,41.82645,0,0,0,330.0184,3,0,5.2
5,41.83667,0,0,0,330.0184,3,0,5.2
5,41.84707,0,0,0,330.0184,3,0,5.2
5,41.85711,0,0,0,330.0184,3,0,5.2
5,41.86846,0,0,0,330.0184,3,0,5.2
5,41.8811,0,0,0,330.0184,3,0,5.2
5,41.89281,0,0,0,330.0184,3,0,5.2
5,41.90376,0,0,0,330.0184,3,0,5.2
5,41.91462,0,0,0,330.0184,3,0,5.2
5,41.92645,0,0,0,330.0184,3,0,5.2
5,41.9371,0,0,0,330.0184,3,0,5.2
5,41.94934,0,0,0,330.0184,3,0,5.2
5,41.96073,0,0,0,330.0184,3,0,5.2
5,41.97406,0,0,0,330.0184,3,0,5.2
5,41.98473,0,0,0,330.0184,3,0,5.2
5,41.99671,0,0,0,330.0184,3,0,5.2
5,42.00999,0,0,0,330.0184,3,0,5.2
5,42.02758,0,0,0,330.0184,3,0,5.2
5,42.0407,0,0,0,330.0184,3,0,5.2
5,42.0571,0,0,0,330.0184,3,0,5.2
5,42.07527,0,0,0,330.0184,3,0,5.2
5,42.08818,0,0,0,330.0184,3,0,5.2
5,42.10171,0,0,0,330.0184,3,0,5.2
5,42.1176,0,0,0,330.0184,3,0,5.2
5,42.13527,0,0,0,330.0184,3,0,5.2
5,42.15157,0,0,0,330.0184,3,0,5.2
5,42.16475,0,0,0,330.0184,3,0,5.2
5,42.17566,0,0,0,330.0184,3,0,5.2
5,42.18872,0,0,0,330.0184,3,0,5.2
5,42.20146,0,0,0,330.0184,3,0,5.2
5,42.21517,0,0,0,330.0184,3,0,5.2
5,42.23398,0,0,0,330.0184,3,0,5.2
5,42.24749,0,0,0,330.0184,3,0,5.2
5,42.26348,0,0,0,330.0184,3,0,5.2
5,42.29014,0,0,0,330.0184,3,0,5.2
5,42.31405,0,0,0,330.0184,3,0,5.2
5,42.33362,0,0,0,330.0184,3,0,5.2
5,42.34882,0,0,0,330.0184,3,0,5.2
5,42.36504,0,0,0,330.0184,3,0,5.2
5,42.38168,0,0,0,330.0184,3,0,5.2
5,42.39543,0,0,0,330.0184,3,0,5.2
5,42.40863,0,0,0,330.0184,3,0,5.2
5,42.42247,0,0,0,330.0184,3,0,5.2
5,42.44255,0,0,0,330.0184,3,0,5.2
5,42.45793,0,0,0,330.0184,3,0,5.2
5,42.46721,0,0,0,330.0184,3,0,5.2
5,42.48316,0,0,0,330.0184,3,0,5.2
5,42.49298,0,0,0,330.0184,3,0,5.2
5,42.50576,0,0,0,330.0184,3,0,5.2
5,42.51591,0,0,0,330.0184,3,0,5.2
5,42.52651,0,0,0,330.0184,3,0,5.2
5,42.5394,0,0,0,330.0184,3,0,5.2
5,42.5531,0,0,0,330.0184,3,0,5.2
5,42.56753,0,0,0,330.0184,3,0,5.2
5,42.57886,0,0,0,330.0184,3,0,5.2
5,42.58848,0,0,0,330.0184,3,0,5.2
5,42.60099,0,0,0,330.0184,3,0,5.2
5,42.61518,0,0,0,330.0184,3,0,5.2
5,42.62321,0,0,0,330.0184,3,0,5.2
5,42.6327,0,0,0,330.0184,3,0,5.2
5,42.64442,0,0,0,330.0184,3,0,5.2
5,42.65374,0,0,0,330.0184,3,0,5.2
5,42.66418,0,0,0,330.0184,3,0,5.2
5,42.6743,0,0,0,330.0184,3,0,5.2
5,42.68453,0,0,0,330.0184,3,0,5.2
5,42.69418,0,0,0,330.0184,3,0,5.2
5,42.70411,0,0,0,330.0184,3,0,5.2
5,42.71508,0,0,0,330.0184,3,0,5.2
5,42.72721,0,0,0,330.0184,3,0,5.2
5,42.73742,0,0,0,330.0184,3,0,5.2
5,42.75012,0,0,0,330.0184,3,0,5.2
5,42.75886,0,0,0,330.0184,3,0,5.2
5,42.76785,0,0,0,330.0184,3,0,5.2
5,42.77695,0,0,0,330.0184,3,0,5.2
5,42.78608,0,0,0,330.0184,3,0,5.2
5,42.79396,0,0,0,330.0184,3,0,5.2
5,42.80559,0,0,0,330.0184,3,0,5.2
5,42.82488,0,0,0,330.0184,3,0,5.2
5,42.8383,0,0,0,330.0184,3,0,5.2
5,42.85395,0,0,0,330.0184,3,0,5.2
5,42.86761,0,0,0,330.0184,3,0,5.2
5,42.87989,0,0,0,330.0184,3,0,5.2
5,42.89077,0,0,0,330.0184,3,0,5.2
5,42.90199,0,0,0,330.0184,3,0,5.2
5,42.91422,0,0,0,330.0184,3,0,5.2
5,42.92495,0,0,0,330.0184,3,0,5.2
5,42.93758,0,0,0,330.0184,3,0,5.2
5,42.94633,0,0,0,330.0184,3,0,5.2
5,42.95889,0,0,0,330.0184,3,0,5.2
5,42.96938,0,0,0,330.0184,3,0,5.2
5,42.97999,0,0,0,330.0184,3,0,5.2
5,42.9912,0,0,0,330.0184,3,0,5.2
5,43.00271,0,0,0,330.0184,3,0,5.2
5,43.01603,0,0,0,330.0184,3,0,5.2
5,43.0261,0,0,0,330.0184,3,0,5.2
5,43.03762,0,0,0,330.0184,3,0,5.2
5,43.0526,0,0,0,330.0184,3,0,5.2
5,43.06526,0,0,0,330.0184,3,0,5.2
5,43.08522,0,0,0,330.0184,3,0,5.2
5,43.09916,0,0,0,330.0184,3,0,5.2
5,43.11597,0,0,0,330.0184,3,0,5.2
5,43.13186,0,0,0,330.0184,3,0,5.2
5,43.14708,0,0,0,330.0184,3,0,5.2
5,43.16533,0,0,0,330.0184,3,0,5.2
5,43.18282,0,0,0,330.0184,3,0,5.2
5,43.19898,0,0,0,330.0184,3,0,5.2
5,43.21656,0,0,0,330.0184,3,0,5.2
5,43.23476,0,0,0,330.0184,3,0,5.2
5,43.25798,0,0,0,330.0184,3,0,5.2
5,43.27657,0,0,0,330.0184,3,0,5.2
5,43.29516,0,0,0,330.0184,3,0,5.2
5,43.3075,0,0,0,330.0184,3,0,5.2
5,43.32267,0,0,0,330.0184,3,0,5.2
5,43.34301,0,0,0,330.0184,3,0,5.2
5,43.3635,0,0,0,330.0184,3,0,5.2
5,43.37724,0,0,0,330.0184,3,0,5.2
5,43.39117,0,0,0,330.0184,3,0,5.2
5,43.40619,0,0,0,330.0184,3,0,5.2
5,43.42343,0,0,0,330.0184,3,0,5.2
5,43.43534,0,0,0,330.0184,3,0,5.2
5,43.44941,0,0,0,330.0184,3,0,5.2
5,43.46693,0,0,0,330.0184,3,0,5.2
5,43.4821,0,0,0,330.0184,3,0,5.2
5,43.49498,0,0,0,330.0184,3,0,5.2
5,43.51308,0,0,0,330.0184,3,0,5.2
5,43.52764,0,0,0,330.0184,3,0,5.2
5,43.5429,0,0,0,330.0184,3,0,5.2
5,43.55552,0,0,0,330.0184,3,0,5.2
5,43.57464,0,0,0,330.0184,3,0,5.2
5,43.58849,0,0,0,330.0184,3,0,5.2
5,43.60121,0,0,0,330.0184,3,0,5.2
5,43.61557,0,0,0,330.0184,3,0,5.2
5,43.63205,0,0,0,330.0184,3,0,5.2
5,43.65886,0,0,0,330.0184,3,0,5.2
5,43.67178,0,0,0,330.0184,3,0,5.2
5,43.68461,0,0,0,330.0184,3,0,5.2
5,43.69888,0,0,0,330.0184,3,0,5.2
5,43.71209,0,0,0,330.0184,3,0,5.2
5,43.72491,0,0,0,330.0184,3,0,5.2
5,43.73887,0,0,0,330.0184,3,0,5.2
5,43.75302,0,0,0,330.0184,3,0,5.2
5,43.76655,0,0,0,330.0184,3,0,5.2
5,43.78214,0,0,0,330.0184,3,0,5.2
5,43.79627,0,0,0,330.0184,3,0,5.2
5,43.80841,0,0,0,330.0184,3,0,5.2
5,43.82692,0,0,0,330.0184,3,0,5.2
5,43.85093,0,0,0,330.0184,3,0,5.2
5,43.87357,0,0,0,330.0184,3,0,5.2
5,43.88482,0,0,0,330.0184,3,0,5.2
5,43.89538,0,0,0,330.0184,3,0,5.2
5,43.90488,0,0,0,330.0184,3,0,5.2
5,43.91713,0,0,0,330.0184,3,0,5.2
5,43.92877,0,0,0,330.0184,3,0,5.2
5,43.93863,0,0,0,330.0184,3,0,5.2
5,43.94822,0,0,0,330.0184,3,0,5.2
5,43.95951,0,0,0,330.0184,3,0,5.2
5,43.97073,0,0,0,330.0184,3,0,5.2
5,43.98219,0,0,0,330.0184,3,0,5.2
5,43.99399,0,0,0,330.0184,3,0,5.2
5,44.00974,0,0,0,330.0184,3,0,5.2
5,44.02078,0,0,0,330.0184,3,0,5.2
5,44.03334,0,0,0,330.0184,3,0,5.2
5,44.04603,0,0,0,330.0184,3,0,5.2
5,44.05697,0,0,0,330.0184,3,0,5.2
5,44.0686,0,0,0,330.0184,3,0,5.2
5,44.10132,0,0,0,330.0184,3,0,5.2
