Ans,timenow,HMD_rotation_x,HMD_rotation_y,HMD_rotation_z,balldeg,ball_position_x,ball_position_y,ball_position_z
0,0.02307153,0,0,0,270,0,0,0
0,0.03719378,0,0,0,270,0,0,0
0,0.5284321,0,0,0,270,0,0,0
0,0.5431814,0,0,0,270,0,0,0
0,0.549963,0,0,0,270,0,0,0
0,0.5558119,0,0,0,270,0,0,0
0,0.5613387,0,0,0,270,0,0,0
0,0.568583,0,0,0,270,0,0,0
0,0.5749989,0,0,0,270,0,0,0
0,0.5809426,0,0,0,270,0,0,0
0,0.5878451,0,0,0,270,0,0,0
0,0.5954602,0,0,0,270,0,0,0
0,0.6025889,0,0,0,270,0,0,0
0,0.6086137,0,0,0,270,0,0,0
0,0.6146786,0,0,0,270,0,0,0
0,0.620409,0,0,0,270,0,0,0
0,0.6263211,0,0,0,270,0,0,0
0,0.6318653,0,0,0,270,0,0,0
0,0.6378131,0,0,0,270,0,0,0
0,0.6436083,0,0,0,270,0,0,0
0,0.6496398,0,0,0,270,0,0,0
0,0.6558545,0,0,0,270,0,0,0
0,0.661706,0,0,0,270,0,0,0
0,0.6673648,0,0,0,270,0,0,0
0,0.6729305,0,0,0,270,0,0,0
0,0.6788769,0,0,0,270,0,0,0
0,0.6844242,0,0,0,270,0,0,0
0,0.6908872,0,0,0,270,0,0,0
0,0.6966949,0,0,0,270,0,0,0
0,0.7024364,0,0,0,270,0,0,0
0,0.7084401,0,0,0,270,0,0,0
0,0.7144098,0,0,0,270,0,0,0
0,0.7204013,0,0,0,270,0,0,0
0,0.7262118,0,0,0,270,0,0,0
0,0.7316697,0,0,0,270,0,0,0
0,0.7372539,0,0,0,270,0,0,0
0,0.7424123,0,0,0,270,0,0,0
0,0.7482131,0,0,0,270,0,0,0
0,0.7536383,0,0,0,270,0,0,0
0,0.7608025,0,0,0,270,0,0,0
0,0.7669735,0,0,0,270,0,0,0
0,0.7728603,0,0,0,270,0,0,0
0,0.7794349,0,0,0,270,0,0,0
0,0.7851605,0,0,0,270,0,0,0
0,0.7912905,0,0,0,270,0,0,0
0,0.8006434,0,0,0,270,0,0,0
0,0.8065233,0,0,0,270,0,0,0
0,0.8129251,0,0,0,270,0,0,0
0,0.8205929,0,0,0,270,0,0,0
0,0.8270829,0,0,0,270,0,0,0
0,0.8336077,0,0,0,270,0,0,0
0,0.8390834,0,0,0,270,0,0,0
0,0.8449225,0,0,0,270,0,0,0
0,0.8506758,0,0,0,270,0,0,0
0,0.8563571,0,0,0,270,0,0,0
0,0.8617182,0,0,0,270,0,0,0
0,0.8672876,0,0,0,270,0,0,0
0,0.8726256,0,0,0,270,0,0,0
0,0.878737,0,0,0,270,0,0,0
0,0.8843935,0,0,0,270,0,0,0
0,0.8904014,0,0,0,270,0,0,0
0,0.8975868,0,0,0,270,0,0,0
0,0.9046381,0,0,0,270,0,0,0
0,0.9104164,0,0,0,270,0,0,0
0,0.9162946,0,0,0,270,0,0,0
0,0.9219317,0,0,0,270,0,0,0
0,0.9274526,0,0,0,270,0,0,0
0,0.9338171,0,0,0,270,0,0,0
0,0.9392693,0,0,0,270,0,0,0
0,0.9450459,0,0,0,270,0,0,0
0,0.9508924,0,0,0,270,0,0,0
0,0.9568064,0,0,0,270,0,0,0
0,0.962209,0,0,0,270,0,0,0
0,0.9679513,0,0,0,270,0,0,0
0,0.9738038,0,0,0,270,0,0,0
0,0.9799709,0,0,0,270,0,0,0
0,0.985945,0,0,0,270,0,0,0
0,0.9928961,0,0,0,270,0,0,0
0,0.9988899,0,0,0,270,0,0,0
0,1.005491,0,0,0,270,0,0,0
0,1.012874,0,0,0,270,0,0,0
0,1.019803,0,0,0,270,0,0,0
0,1.026195,0,0,0,270,0,0,0
0,1.032524,0,0,0,270,0,0,0
0,1.038989,0,0,0,270,0,0,0
0,1.045975,0,0,0,270,0,0,0
0,1.052775,0,0,0,270,0,0,0
0,1.059476,0,0,0,270,0,0,0
0,1.066368,0,0,0,270,0,0,0
0,1.072441,0,0,0,270,0,0,0
0,1.079121,0,0,0,270,0,0,0
0,1.086309,0,0,0,270,0,0,0
0,1.094103,0,0,0,270,0,0,0
0,1.101669,0,0,0,270,0,0,0
0,1.108183,0,0,0,270,0,0,0
0,1.114953,0,0,0,270,0,0,0
0,1.121934,0,0,0,270,0,0,0
0,1.128602,0,0,0,270,0,0,0
0,1.136124,0,0,0,270,0,0,0
0,1.142132,0,0,0,270,0,0,0
0,1.148632,0,0,0,270,0,0,0
0,1.154667,0,0,0,270,0,0,0
0,1.162052,0,0,0,270,0,0,0
0,1.168419,0,0,0,270,0,0,0
0,1.174697,0,0,0,270,0,0,0
0,1.182059,0,0,0,270,0,0,0
0,1.187993,0,0,0,270,0,0,0
0,1.194299,0,0,0,270,0,0,0
0,1.201499,0,0,0,270,0,0,0
0,1.208361,0,0,0,270,0,0,0
0,1.215415,0,0,0,270,0,0,0
0,1.222986,0,0,0,270,0,0,0
0,1.229766,0,0,0,270,0,0,0
0,1.237107,0,0,0,270,0,0,0
0,1.245066,0,0,0,270,0,0,0
0,1.25578,0,0,0,270,0,0,0
2,1.274643,0,0,0,270,0,0,0
2,1.305977,0,0,0,270,0,0,0
2,1.318574,0,0,0,330.0184,1.5,0,2.6
2,1.334541,0,0,0,330.0184,1.5,0,2.6
2,1.342217,0,0,0,330.0184,1.5,0,2.6
2,1.351703,0,0,0,330.0184,1.5,0,2.6
2,1.360614,0,0,0,330.0184,1.5,0,2.6
2,1.369917,0,0,0,330.0184,1.5,0,2.6
2,1.378717,0,0,0,330.0184,1.5,0,2.6
2,1.387973,0,0,0,330.0184,1.5,0,2.6
2,1.396732,0,0,0,330.0184,1.5,0,2.6
2,1.403486,0,0,0,330.0184,1.5,0,2.6
2,1.410272,0,0,0,330.0184,1.5,0,2.6
2,1.417513,0,0,0,330.0184,1.5,0,2.6
2,1.425575,0,0,0,330.0184,1.5,0,2.6
2,1.433332,0,0,0,330.0184,1.5,0,2.6
2,1.4401,0,0,0,330.0184,1.5,0,2.6
2,1.447745,0,0,0,330.0184,1.5,0,2.6
2,1.455553,0,0,0,330.0184,1.5,0,2.6
2,1.463352,0,0,0,330.0184,1.5,0,2.6
2,1.470824,0,0,0,330.0184,1.5,0,2.6
2,1.477571,0,0,0,330.0184,1.5,0,2.6
2,1.485633,0,0,0,330.0184,1.5,0,2.6
2,1.493695,0,0,0,330.0184,1.5,0,2.6
2,1.500097,0,0,0,330.0184,1.5,0,2.6
2,1.506209,0,0,0,330.0184,1.5,0,2.6
2,1.513404,0,0,0,330.0184,1.5,0,2.6
2,1.521233,0,0,0,330.0184,1.5,0,2.6
2,1.529431,0,0,0,330.0184,1.5,0,2.6
2,1.536327,0,0,0,330.0184,1.5,0,2.6
2,1.542917,0,0,0,330.0184,1.5,0,2.6
2,1.549822,0,0,0,330.0184,1.5,0,2.6
2,1.557177,0,0,0,330.0184,1.5,0,2.6
2,1.564469,0,0,0,330.0184,1.5,0,2.6
2,1.572698,0,0,0,330.0184,1.5,0,2.6
2,1.580311,0,0,0,330.0184,1.5,0,2.6
2,1.586737,0,0,0,330.0184,1.5,0,2.6
2,1.593215,0,0,0,330.0184,1.5,0,2.6
2,1.600118,0,0,0,330.0184,1.5,0,2.6
2,1.606317,0,0,0,330.0184,1.5,0,2.6
2,1.612315,0,0,0,330.0184,1.5,0,2.6
2,1.617587,0,0,0,330.0184,1.5,0,2.6
2,1.623516,0,0,0,330.0184,1.5,0,2.6
2,1.62912,0,0,0,330.0184,1.5,0,2.6
2,1.635428,0,0,0,330.0184,1.5,0,2.6
2,1.641539,0,0,0,330.0184,1.5,0,2.6
2,1.647604,0,0,0,330.0184,1.5,0,2.6
2,1.653268,0,0,0,330.0184,1.5,0,2.6
2,1.660549,0,0,0,330.0184,1.5,0,2.6
2,1.666764,0,0,0,330.0184,1.5,0,2.6
2,1.672559,0,0,0,330.0184,1.5,0,2.6
2,1.678829,0,0,0,330.0184,1.5,0,2.6
2,1.684396,0,0,0,330.0184,1.5,0,2.6
2,1.690605,0,0,0,330.0184,1.5,0,2.6
2,1.696128,0,0,0,330.0184,1.5,0,2.6
2,1.702115,0,0,0,330.0184,1.5,0,2.6
2,1.707683,0,0,0,330.0184,1.5,0,2.6
2,1.713831,0,0,0,330.0184,1.5,0,2.6
2,1.719864,0,0,0,330.0184,1.5,0,2.6
2,1.726267,0,0,0,330.0184,1.5,0,2.6
2,1.73212,0,0,0,330.0184,1.5,0,2.6
2,1.738253,0,0,0,330.0184,1.5,0,2.6
2,1.74455,0,0,0,330.0184,1.5,0,2.6
2,1.750533,0,0,0,330.0184,1.5,0,2.6
2,1.757229,0,0,0,330.0184,1.5,0,2.6
2,1.76347,0,0,0,330.0184,1.5,0,2.6
2,1.770512,0,0,0,330.0184,1.5,0,2.6
2,1.776859,0,0,0,330.0184,1.5,0,2.6
2,1.786256,0,0,0,330.0184,1.5,0,2.6
2,1.792188,0,0,0,330.0184,1.5,0,2.6
2,1.797698,0,0,0,330.0184,1.5,0,2.6
2,1.803979,0,0,0,330.0184,1.5,0,2.6
2,1.809633,0,0,0,330.0184,1.5,0,2.6
2,1.815615,0,0,0,330.0184,1.5,0,2.6
2,1.821882,0,0,0,330.0184,1.5,0,2.6
2,1.827748,0,0,0,330.0184,1.5,0,2.6
2,1.833907,0,0,0,330.0184,1.5,0,2.6
2,1.839279,0,0,0,330.0184,1.5,0,2.6
2,1.84492,0,0,0,330.0184,1.5,0,2.6
2,1.851207,0,0,0,330.0184,1.5,0,2.6
2,1.857336,0,0,0,330.0184,1.5,0,2.6
2,1.863483,0,0,0,330.0184,1.5,0,2.6
2,1.869577,0,0,0,330.0184,1.5,0,2.6
2,1.875406,0,0,0,330.0184,1.5,0,2.6
2,1.881795,0,0,0,330.0184,1.5,0,2.6
2,1.887805,0,0,0,330.0184,1.5,0,2.6
2,1.894859,0,0,0,330.0184,1.5,0,2.6
2,1.900652,0,0,0,330.0184,1.5,0,2.6
2,1.906671,0,0,0,330.0184,1.5,0,2.6
2,1.913496,0,0,0,330.0184,1.5,0,2.6
2,1.919907,0,0,0,330.0184,1.5,0,2.6
2,1.925995,0,0,0,330.0184,1.5,0,2.6
2,1.931412,0,0,0,330.0184,1.5,0,2.6
2,1.937533,0,0,0,330.0184,1.5,0,2.6
2,1.943522,0,0,0,330.0184,1.5,0,2.6
2,1.949295,0,0,0,330.0184,1.5,0,2.6
2,1.954763,0,0,0,330.0184,1.5,0,2.6
2,1.961986,0,0,0,330.0184,1.5,0,2.6
2,1.969077,0,0,0,330.0184,1.5,0,2.6
2,1.974685,0,0,0,330.0184,1.5,0,2.6
2,1.980392,0,0,0,330.0184,1.5,0,2.6
2,1.986631,0,0,0,330.0184,1.5,0,2.6
2,1.993117,0,0,0,330.0184,1.5,0,2.6
2,1.998372,0,0,0,330.0184,1.5,0,2.6
2,2.004024,0,0,0,330.0184,1.5,0,2.6
2,2.009577,0,0,0,330.0184,1.5,0,2.6
2,2.014923,0,0,0,330.0184,1.5,0,2.6
2,2.020841,0,0,0,330.0184,1.5,0,2.6
2,2.026962,0,0,0,330.0184,1.5,0,2.6
2,2.033501,0,0,0,330.0184,1.5,0,2.6
2,2.039013,0,0,0,330.0184,1.5,0,2.6
2,2.045397,0,0,0,330.0184,1.5,0,2.6
2,2.051857,0,0,0,330.0184,1.5,0,2.6
2,2.057975,0,0,0,330.0184,1.5,0,2.6
2,2.064202,0,0,0,330.0184,1.5,0,2.6
2,2.070196,0,0,0,330.0184,1.5,0,2.6
2,2.075796,0,0,0,330.0184,1.5,0,2.6
2,2.082775,0,0,0,330.0184,1.5,0,2.6
2,2.089289,0,0,0,330.0184,1.5,0,2.6
2,2.096598,0,0,0,330.0184,1.5,0,2.6
2,2.102467,0,0,0,330.0184,1.5,0,2.6
2,2.108202,0,0,0,330.0184,1.5,0,2.6
2,2.113949,0,0,0,330.0184,1.5,0,2.6
2,2.119186,0,0,0,330.0184,1.5,0,2.6
2,2.124826,0,0,0,330.0184,1.5,0,2.6
2,2.130794,0,0,0,330.0184,1.5,0,2.6
2,2.137165,0,0,0,330.0184,1.5,0,2.6
2,2.143043,0,0,0,330.0184,1.5,0,2.6
2,2.148593,0,0,0,330.0184,1.5,0,2.6
2,2.154081,0,0,0,330.0184,1.5,0,2.6
2,2.161155,0,0,0,330.0184,1.5,0,2.6
2,2.167248,0,0,0,330.0184,1.5,0,2.6
2,2.173044,0,0,0,330.0184,1.5,0,2.6
2,2.179818,0,0,0,330.0184,1.5,0,2.6
2,2.186145,0,0,0,330.0184,1.5,0,2.6
2,2.192245,0,0,0,330.0184,1.5,0,2.6
2,2.197827,0,0,0,330.0184,1.5,0,2.6
2,2.204186,0,0,0,330.0184,1.5,0,2.6
2,2.209984,0,0,0,330.0184,1.5,0,2.6
2,2.219406,0,0,0,330.0184,1.5,0,2.6
2,2.225901,0,0,0,330.0184,1.5,0,2.6
2,2.232248,0,0,0,330.0184,1.5,0,2.6
2,2.238303,0,0,0,330.0184,1.5,0,2.6
2,2.244404,0,0,0,330.0184,1.5,0,2.6
2,2.249935,0,0,0,330.0184,1.5,0,2.6
2,2.256449,0,0,0,330.0184,1.5,0,2.6
2,2.26252,0,0,0,330.0184,1.5,0,2.6
2,2.268777,0,0,0,330.0184,1.5,0,2.6
2,2.274466,0,0,0,330.0184,1.5,0,2.6
2,2.280645,0,0,0,330.0184,1.5,0,2.6
2,2.286299,0,0,0,330.0184,1.5,0,2.6
2,2.29226,0,0,0,330.0184,1.5,0,2.6
2,2.299337,0,0,0,330.0184,1.5,0,2.6
2,2.307356,0,0,0,330.0184,1.5,0,2.6
2,2.314083,0,0,0,330.0184,1.5,0,2.6
2,2.319931,0,0,0,330.0184,1.5,0,2.6
2,2.325771,0,0,0,330.0184,1.5,0,2.6
2,2.332265,0,0,0,330.0184,1.5,0,2.6
2,2.338962,0,0,0,330.0184,1.5,0,2.6
2,2.345671,0,0,0,330.0184,1.5,0,2.6
2,2.351371,0,0,0,330.0184,1.5,0,2.6
2,2.357852,0,0,0,330.0184,1.5,0,2.6
2,2.363548,0,0,0,330.0184,1.5,0,2.6
2,2.369751,0,0,0,330.0184,1.5,0,2.6
2,2.375669,0,0,0,330.0184,1.5,0,2.6
2,2.382707,0,0,0,330.0184,1.5,0,2.6
2,2.388664,0,0,0,330.0184,1.5,0,2.6
2,2.395531,0,0,0,330.0184,1.5,0,2.6
2,2.40216,0,0,0,330.0184,1.5,0,2.6
2,2.408471,0,0,0,330.0184,1.5,0,2.6
2,2.414769,0,0,0,330.0184,1.5,0,2.6
2,2.421099,0,0,0,330.0184,1.5,0,2.6
2,2.427099,0,0,0,330.0184,1.5,0,2.6
2,2.433683,0,0,0,330.0184,1.5,0,2.6
2,2.43937,0,0,0,330.0184,1.5,0,2.6
2,2.445402,0,0,0,330.0184,1.5,0,2.6
2,2.450753,0,0,0,330.0184,1.5,0,2.6
2,2.456687,0,0,0,330.0184,1.5,0,2.6
2,2.462252,0,0,0,330.0184,1.5,0,2.6
2,2.468122,0,0,0,330.0184,1.5,0,2.6
2,2.474649,0,0,0,330.0184,1.5,0,2.6
2,2.481011,0,0,0,330.0184,1.5,0,2.6
2,2.487079,0,0,0,330.0184,1.5,0,2.6
2,2.493227,0,0,0,330.0184,1.5,0,2.6
2,2.498702,0,0,0,330.0184,1.5,0,2.6
2,2.505155,0,0,0,330.0184,1.5,0,2.6
2,2.511354,0,0,0,330.0184,1.5,0,2.6
2,2.517218,0,0,0,330.0184,1.5,0,2.6
2,2.52319,0,0,0,330.0184,1.5,0,2.6
2,2.528866,0,0,0,330.0184,1.5,0,2.6
2,2.536384,0,0,0,330.0184,1.5,0,2.6
2,2.543648,0,0,0,330.0184,1.5,0,2.6
2,2.550368,0,0,0,330.0184,1.5,0,2.6
2,2.556211,0,0,0,330.0184,1.5,0,2.6
2,2.561854,0,0,0,330.0184,1.5,0,2.6
2,2.567488,0,0,0,330.0184,1.5,0,2.6
2,2.573293,0,0,0,330.0184,1.5,0,2.6
2,2.579326,0,0,0,330.0184,1.5,0,2.6
2,2.584907,0,0,0,330.0184,1.5,0,2.6
2,2.590722,0,0,0,330.0184,1.5,0,2.6
2,2.596682,0,0,0,330.0184,1.5,0,2.6
2,2.603022,0,0,0,330.0184,1.5,0,2.6
2,2.608343,0,0,0,330.0184,1.5,0,2.6
2,2.615893,0,0,0,330.0184,1.5,0,2.6
2,2.622072,0,0,0,330.0184,1.5,0,2.6
2,2.628235,0,0,0,330.0184,1.5,0,2.6
2,2.634472,0,0,0,330.0184,1.5,0,2.6
2,2.641181,0,0,0,330.0184,1.5,0,2.6
2,2.647934,0,0,0,330.0184,1.5,0,2.6
2,2.65377,0,0,0,330.0184,1.5,0,2.6
2,2.66226,0,0,0,330.0184,1.5,0,2.6
2,2.669053,0,0,0,330.0184,1.5,0,2.6
2,2.675901,0,0,0,330.0184,1.5,0,2.6
2,2.682384,0,0,0,330.0184,1.5,0,2.6
2,2.688073,0,0,0,330.0184,1.5,0,2.6
2,2.693983,0,0,0,330.0184,1.5,0,2.6
2,2.69986,0,0,0,330.0184,1.5,0,2.6
2,2.705977,0,0,0,330.0184,1.5,0,2.6
2,2.711901,0,0,0,330.0184,1.5,0,2.6
2,2.717605,0,0,0,330.0184,1.5,0,2.6
2,2.723775,0,0,0,330.0184,1.5,0,2.6
2,2.72988,0,0,0,330.0184,1.5,0,2.6
2,2.736596,0,0,0,330.0184,1.5,0,2.6
2,2.742901,0,0,0,330.0184,1.5,0,2.6
2,2.75039,0,0,0,330.0184,1.5,0,2.6
2,2.757487,0,0,0,330.0184,1.5,0,2.6
2,2.763699,0,0,0,330.0184,1.5,0,2.6
2,2.769921,0,0,0,330.0184,1.5,0,2.6
2,2.776159,0,0,0,330.0184,1.5,0,2.6
2,2.78325,0,0,0,330.0184,1.5,0,2.6
2,2.790662,0,0,0,330.0184,1.5,0,2.6
2,2.796792,0,0,0,330.0184,1.5,0,2.6
2,2.804199,0,0,0,330.0184,1.5,0,2.6
2,2.811159,0,0,0,330.0184,1.5,0,2.6
2,2.817381,0,0,0,330.0184,1.5,0,2.6
2,2.82361,0,0,0,330.0184,1.5,0,2.6
2,2.830152,0,0,0,330.0184,1.5,0,2.6
2,2.836654,0,0,0,330.0184,1.5,0,2.6
2,2.842276,0,0,0,330.0184,1.5,0,2.6
2,2.848418,0,0,0,330.0184,1.5,0,2.6
2,2.853804,0,0,0,330.0184,1.5,0,2.6
2,2.859823,0,0,0,330.0184,1.5,0,2.6
2,2.865582,0,0,0,330.0184,1.5,0,2.6
2,2.871797,0,0,0,330.0184,1.5,0,2.6
2,2.878209,0,0,0,330.0184,1.5,0,2.6
2,2.883916,0,0,0,330.0184,1.5,0,2.6
2,2.890171,0,0,0,330.0184,1.5,0,2.6
2,2.895875,0,0,0,330.0184,1.5,0,2.6
2,2.901861,0,0,0,330.0184,1.5,0,2.6
2,2.907422,0,0,0,330.0184,1.5,0,2.6
2,2.91389,0,0,0,330.0184,1.5,0,2.6
2,2.919412,0,0,0,330.0184,1.5,0,2.6
2,2.925448,0,0,0,330.0184,1.5,0,2.6
2,2.932647,0,0,0,330.0184,1.5,0,2.6
2,2.938916,0,0,0,330.0184,1.5,0,2.6
2,2.945135,0,0,0,330.0184,1.5,0,2.6
2,2.950653,0,0,0,330.0184,1.5,0,2.6
2,2.956497,0,0,0,330.0184,1.5,0,2.6
2,2.961938,0,0,0,330.0184,1.5,0,2.6
2,2.967578,0,0,0,330.0184,1.5,0,2.6
2,2.972965,0,0,0,330.0184,1.5,0,2.6
2,2.978954,0,0,0,330.0184,1.5,0,2.6
2,2.984492,0,0,0,330.0184,1.5,0,2.6
2,2.99808,0,0,0,330.0184,1.5,0,2.6
2,3.003974,0,0,0,330.0184,1.5,0,2.6
2,3.010144,0,0,0,330.0184,1.5,0,2.6
2,3.016483,0,0,0,330.0184,1.5,0,2.6
2,3.023061,0,0,0,330.0184,1.5,0,2.6
2,3.029501,0,0,0,330.0184,1.5,0,2.6
2,3.035678,0,0,0,330.0184,1.5,0,2.6
2,3.042592,0,0,0,330.0184,1.5,0,2.6
2,3.049133,0,0,0,330.0184,1.5,0,2.6
2,3.054805,0,0,0,330.0184,1.5,0,2.6
2,3.060828,0,0,0,330.0184,1.5,0,2.6
2,3.06677,0,0,0,330.0184,1.5,0,2.6
2,3.072767,0,0,0,330.0184,1.5,0,2.6
2,3.080117,0,0,0,330.0184,1.5,0,2.6
2,3.086383,0,0,0,330.0184,1.5,0,2.6
2,3.09283,0,0,0,330.0184,1.5,0,2.6
2,3.099056,0,0,0,330.0184,1.5,0,2.6
2,3.10579,0,0,0,330.0184,1.5,0,2.6
2,3.114847,0,0,0,330.0184,1.5,0,2.6
2,3.120489,0,0,0,330.0184,1.5,0,2.6
2,3.126394,0,0,0,330.0184,1.5,0,2.6
2,3.131865,0,0,0,330.0184,1.5,0,2.6
2,3.137815,0,0,0,330.0184,1.5,0,2.6
2,3.143518,0,0,0,330.0184,1.5,0,2.6
2,3.149971,0,0,0,330.0184,1.5,0,2.6
2,3.156018,0,0,0,330.0184,1.5,0,2.6
2,3.161678,0,0,0,330.0184,1.5,0,2.6
2,3.168054,0,0,0,330.0184,1.5,0,2.6
2,3.173739,0,0,0,330.0184,1.5,0,2.6
2,3.180387,0,0,0,330.0184,1.5,0,2.6
2,3.186033,0,0,0,330.0184,1.5,0,2.6
2,3.191942,0,0,0,330.0184,1.5,0,2.6
2,3.19772,0,0,0,330.0184,1.5,0,2.6
2,3.204157,0,0,0,330.0184,1.5,0,2.6
2,3.209761,0,0,0,330.0184,1.5,0,2.6
2,3.215865,0,0,0,330.0184,1.5,0,2.6
2,3.221375,0,0,0,330.0184,1.5,0,2.6
2,3.227298,0,0,0,330.0184,1.5,0,2.6
2,3.233501,0,0,0,330.0184,1.5,0,2.6
2,3.239306,0,0,0,330.0184,1.5,0,2.6
2,3.245551,0,0,0,330.0184,1.5,0,2.6
2,3.252344,0,0,0,330.0184,1.5,0,2.6
2,3.2585,0,0,0,330.0184,1.5,0,2.6
2,3.264755,0,0,0,330.0184,1.5,0,2.6
2,3.270924,0,0,0,330.0184,1.5,0,2.6
2,3.276715,0,0,0,330.0184,1.5,0,2.6
2,3.283004,0,0,0,330.0184,1.5,0,2.6
2,3.288881,0,0,0,330.0184,1.5,0,2.6
2,3.29564,0,0,0,330.0184,1.5,0,2.6
2,3.302018,0,0,0,330.0184,1.5,0,2.6
2,3.310504,0,0,0,330.0184,1.5,0,2.6
2,3.319226,0,0,0,330.0184,1.5,0,2.6
2,3.327236,0,0,0,330.0184,1.5,0,2.6
2,3.334309,0,0,0,330.0184,1.5,0,2.6
2,3.341452,0,0,0,330.0184,1.5,0,2.6
2,3.349561,0,0,0,330.0184,1.5,0,2.6
2,3.357611,0,0,0,330.0184,1.5,0,2.6
2,3.364223,0,0,0,330.0184,1.5,0,2.6
2,3.37148,0,0,0,330.0184,1.5,0,2.6
2,3.379986,0,0,0,330.0184,1.5,0,2.6
2,3.389085,0,0,0,330.0184,1.5,0,2.6
2,3.398671,0,0,0,330.0184,1.5,0,2.6
2,3.408401,0,0,0,330.0184,1.5,0,2.6
2,3.41772,0,0,0,330.0184,1.5,0,2.6
2,3.425545,0,0,0,330.0184,1.5,0,2.6
2,3.432529,0,0,0,330.0184,1.5,0,2.6
2,3.440815,0,0,0,330.0184,1.5,0,2.6
2,3.448338,0,0,0,330.0184,1.5,0,2.6
2,3.45607,0,0,0,330.0184,1.5,0,2.6
2,3.463151,0,0,0,330.0184,1.5,0,2.6
2,3.471163,0,0,0,330.0184,1.5,0,2.6
2,3.479467,0,0,0,330.0184,1.5,0,2.6
2,3.488032,0,0,0,330.0184,1.5,0,2.6
2,3.496287,0,0,0,330.0184,1.5,0,2.6
2,3.504709,0,0,0,330.0184,1.5,0,2.6
2,3.511701,0,0,0,330.0184,1.5,0,2.6
2,3.519951,0,0,0,330.0184,1.5,0,2.6
2,3.527426,0,0,0,330.0184,1.5,0,2.6
2,3.53465,0,0,0,330.0184,1.5,0,2.6
2,3.542474,0,0,0,330.0184,1.5,0,2.6
2,3.552274,0,0,0,330.0184,1.5,0,2.6
2,3.559317,0,0,0,330.0184,1.5,0,2.6
2,3.568431,0,0,0,330.0184,1.5,0,2.6
2,3.575921,0,0,0,330.0184,1.5,0,2.6
2,3.582862,0,0,0,330.0184,1.5,0,2.6
2,3.589884,0,0,0,330.0184,1.5,0,2.6
2,3.596591,0,0,0,330.0184,1.5,0,2.6
2,3.603673,0,0,0,330.0184,1.5,0,2.6
2,3.611774,0,0,0,330.0184,1.5,0,2.6
2,3.622046,0,0,0,330.0184,1.5,0,2.6
2,3.629995,0,0,0,330.0184,1.5,0,2.6
2,3.638104,0,0,0,330.0184,1.5,0,2.6
2,3.645696,0,0,0,330.0184,1.5,0,2.6
2,3.652359,0,0,0,330.0184,1.5,0,2.6
2,3.659066,0,0,0,330.0184,1.5,0,2.6
2,3.665343,0,0,0,330.0184,1.5,0,2.6
2,3.672177,0,0,0,330.0184,1.5,0,2.6
2,3.678825,0,0,0,330.0184,1.5,0,2.6
2,3.685642,0,0,0,330.0184,1.5,0,2.6
2,3.692244,0,0,0,330.0184,1.5,0,2.6
2,3.699047,0,0,0,330.0184,1.5,0,2.6
2,3.70652,0,0,0,330.0184,1.5,0,2.6
2,3.713703,0,0,0,330.0184,1.5,0,2.6
2,3.720398,0,0,0,330.0184,1.5,0,2.6
2,3.727678,0,0,0,330.0184,1.5,0,2.6
2,3.734428,0,0,0,330.0184,1.5,0,2.6
2,3.740426,0,0,0,330.0184,1.5,0,2.6
2,3.746413,0,0,0,330.0184,1.5,0,2.6
2,3.752931,0,0,0,330.0184,1.5,0,2.6
2,3.759119,0,0,0,330.0184,1.5,0,2.6
2,3.765576,0,0,0,330.0184,1.5,0,2.6
2,3.771987,0,0,0,330.0184,1.5,0,2.6
2,3.778542,0,0,0,330.0184,1.5,0,2.6
2,3.78454,0,0,0,330.0184,1.5,0,2.6
2,3.790589,0,0,0,330.0184,1.5,0,2.6
2,3.797414,0,0,0,330.0184,1.5,0,2.6
2,3.805338,0,0,0,330.0184,1.5,0,2.6
2,3.811777,0,0,0,330.0184,1.5,0,2.6
2,3.818513,0,0,0,330.0184,1.5,0,2.6
2,3.825216,0,0,0,330.0184,1.5,0,2.6
2,3.830918,0,0,0,330.0184,1.5,0,2.6
2,3.837213,0,0,0,330.0184,1.5,0,2.6
2,3.843184,0,0,0,330.0184,1.5,0,2.6
2,3.849365,0,0,0,330.0184,1.5,0,2.6
2,3.855899,0,0,0,330.0184,1.5,0,2.6
2,3.862298,0,0,0,330.0184,1.5,0,2.6
2,3.868933,0,0,0,330.0184,1.5,0,2.6
2,3.875591,0,0,0,330.0184,1.5,0,2.6
2,3.881948,0,0,0,330.0184,1.5,0,2.6
2,3.888852,0,0,0,330.0184,1.5,0,2.6
2,3.895264,0,0,0,330.0184,1.5,0,2.6
2,3.901659,0,0,0,330.0184,1.5,0,2.6
2,3.908011,0,0,0,330.0184,1.5,0,2.6
2,3.914416,0,0,0,330.0184,1.5,0,2.6
2,3.920392,0,0,0,330.0184,1.5,0,2.6
2,3.927374,0,0,0,330.0184,1.5,0,2.6
2,3.933276,0,0,0,330.0184,1.5,0,2.6
2,3.939129,0,0,0,330.0184,1.5,0,2.6
2,3.946134,0,0,0,330.0184,1.5,0,2.6
2,3.952494,0,0,0,330.0184,1.5,0,2.6
2,3.958793,0,0,0,330.0184,1.5,0,2.6
2,3.964738,0,0,0,330.0184,1.5,0,2.6
2,3.971049,0,0,0,330.0184,1.5,0,2.6
2,3.976506,0,0,0,330.0184,1.5,0,2.6
2,3.98245,0,0,0,330.0184,1.5,0,2.6
2,3.988921,0,0,0,330.0184,1.5,0,2.6
2,3.994585,0,0,0,330.0184,1.5,0,2.6
2,4.001122,0,0,0,330.0184,1.5,0,2.6
2,4.007523,0,0,0,330.0184,1.5,0,2.6
2,4.013402,0,0,0,330.0184,1.5,0,2.6
2,4.019718,0,0,0,330.0184,1.5,0,2.6
2,4.026443,0,0,0,330.0184,1.5,0,2.6
2,4.033686,0,0,0,330.0184,1.5,0,2.6
2,4.039997,0,0,0,330.0184,1.5,0,2.6
2,4.046679,0,0,0,330.0184,1.5,0,2.6
2,4.052849,0,0,0,330.0184,1.5,0,2.6
2,4.058769,0,0,0,330.0184,1.5,0,2.6
2,4.064505,0,0,0,330.0184,1.5,0,2.6
2,4.070327,0,0,0,330.0184,1.5,0,2.6
2,4.076266,0,0,0,330.0184,1.5,0,2.6
2,4.083786,0,0,0,330.0184,1.5,0,2.6
2,4.093889,0,0,0,330.0184,1.5,0,2.6
2,4.09993,0,0,0,330.0184,1.5,0,2.6
2,4.105595,0,0,0,330.0184,1.5,0,2.6
2,4.111536,0,0,0,330.0184,1.5,0,2.6
2,4.117013,0,0,0,330.0184,1.5,0,2.6
2,4.122766,0,0,0,330.0184,1.5,0,2.6
2,4.128917,0,0,0,330.0184,1.5,0,2.6
2,4.13502,0,0,0,330.0184,1.5,0,2.6
2,4.14119,0,0,0,330.0184,1.5,0,2.6
2,4.148085,0,0,0,330.0184,1.5,0,2.6
2,4.153689,0,0,0,330.0184,1.5,0,2.6
2,4.160031,0,0,0,330.0184,1.5,0,2.6
2,4.165875,0,0,0,330.0184,1.5,0,2.6
2,4.172031,0,0,0,330.0184,1.5,0,2.6
2,4.177872,0,0,0,330.0184,1.5,0,2.6
2,4.183318,0,0,0,330.0184,1.5,0,2.6
2,4.189487,0,0,0,330.0184,1.5,0,2.6
2,4.195588,0,0,0,330.0184,1.5,0,2.6
2,4.202185,0,0,0,330.0184,1.5,0,2.6
2,4.208729,0,0,0,330.0184,1.5,0,2.6
2,4.215128,0,0,0,330.0184,1.5,0,2.6
2,4.221266,0,0,0,330.0184,1.5,0,2.6
2,4.227633,0,0,0,330.0184,1.5,0,2.6
2,4.234108,0,0,0,330.0184,1.5,0,2.6
2,4.240213,0,0,0,330.0184,1.5,0,2.6
2,4.246554,0,0,0,330.0184,1.5,0,2.6
2,4.252545,0,0,0,330.0184,1.5,0,2.6
2,4.259113,0,0,0,330.0184,1.5,0,2.6
2,4.265012,0,0,0,330.0184,1.5,0,2.6
2,4.273073,0,0,0,330.0184,1.5,0,2.6
2,4.280034,0,0,0,330.0184,1.5,0,2.6
2,4.286996,0,0,0,330.0184,1.5,0,2.6
2,4.293998,0,0,0,330.0184,1.5,0,2.6
2,4.300022,0,0,0,330.0184,1.5,0,2.6
2,4.305469,0,0,0,330.0184,1.5,0,2.6
2,4.311944,0,0,0,330.0184,1.5,0,2.6
2,4.317709,0,0,0,330.0184,1.5,0,2.6
2,4.323634,0,0,0,330.0184,1.5,0,2.6
2,4.328965,0,0,0,330.0184,1.5,0,2.6
2,4.335619,0,0,0,330.0184,1.5,0,2.6
2,4.343099,0,0,0,330.0184,1.5,0,2.6
2,4.349886,0,0,0,330.0184,1.5,0,2.6
2,4.35702,0,0,0,330.0184,1.5,0,2.6
2,4.363529,0,0,0,330.0184,1.5,0,2.6
2,4.372106,0,0,0,330.0184,1.5,0,2.6
2,4.379367,0,0,0,330.0184,1.5,0,2.6
2,4.385298,0,0,0,330.0184,1.5,0,2.6
2,4.391935,0,0,0,330.0184,1.5,0,2.6
2,4.398206,0,0,0,330.0184,1.5,0,2.6
2,4.40388,0,0,0,330.0184,1.5,0,2.6
2,4.41001,0,0,0,330.0184,1.5,0,2.6
2,4.418349,0,0,0,330.0184,1.5,0,2.6
2,4.42622,0,0,0,330.0184,1.5,0,2.6
2,4.434901,0,0,0,330.0184,1.5,0,2.6
2,4.442163,0,0,0,330.0184,1.5,0,2.6
2,4.449611,0,0,0,330.0184,1.5,0,2.6
2,4.457409,0,0,0,330.0184,1.5,0,2.6
2,4.463777,0,0,0,330.0184,1.5,0,2.6
2,4.470476,0,0,0,330.0184,1.5,0,2.6
2,4.477985,0,0,0,330.0184,1.5,0,2.6
2,4.484558,0,0,0,330.0184,1.5,0,2.6
2,4.491735,0,0,0,330.0184,1.5,0,2.6
2,4.498855,0,0,0,330.0184,1.5,0,2.6
2,4.50609,0,0,0,330.0184,1.5,0,2.6
2,4.513569,0,0,0,330.0184,1.5,0,2.6
2,4.521995,0,0,0,330.0184,1.5,0,2.6
2,4.529024,0,0,0,330.0184,1.5,0,2.6
2,4.536783,0,0,0,330.0184,1.5,0,2.6
2,4.544629,0,0,0,330.0184,1.5,0,2.6
2,4.552987,0,0,0,330.0184,1.5,0,2.6
2,4.560926,0,0,0,330.0184,1.5,0,2.6
2,4.568606,0,0,0,330.0184,1.5,0,2.6
2,4.579389,0,0,0,330.0184,1.5,0,2.6
2,4.586206,0,0,0,330.0184,1.5,0,2.6
2,4.593691,0,0,0,330.0184,1.5,0,2.6
2,4.600721,0,0,0,330.0184,1.5,0,2.6
2,4.607526,0,0,0,330.0184,1.5,0,2.6
2,4.614552,0,0,0,330.0184,1.5,0,2.6
2,4.621503,0,0,0,330.0184,1.5,0,2.6
2,4.629476,0,0,0,330.0184,1.5,0,2.6
2,4.637286,0,0,0,330.0184,1.5,0,2.6
2,4.645408,0,0,0,330.0184,1.5,0,2.6
2,4.654443,0,0,0,330.0184,1.5,0,2.6
2,4.662243,0,0,0,330.0184,1.5,0,2.6
2,4.669995,0,0,0,330.0184,1.5,0,2.6
2,4.676331,0,0,0,330.0184,1.5,0,2.6
2,4.683269,0,0,0,330.0184,1.5,0,2.6
2,4.690537,0,0,0,330.0184,1.5,0,2.6
2,4.696952,0,0,0,330.0184,1.5,0,2.6
2,4.703588,0,0,0,330.0184,1.5,0,2.6
2,4.709892,0,0,0,330.0184,1.5,0,2.6
2,4.71655,0,0,0,330.0184,1.5,0,2.6
2,4.723482,0,0,0,330.0184,1.5,0,2.6
2,4.730108,0,0,0,330.0184,1.5,0,2.6
2,4.737351,0,0,0,330.0184,1.5,0,2.6
2,4.745224,0,0,0,330.0184,1.5,0,2.6
2,4.752851,0,0,0,330.0184,1.5,0,2.6
2,4.760255,0,0,0,330.0184,1.5,0,2.6
2,4.767553,0,0,0,330.0184,1.5,0,2.6
2,4.774202,0,0,0,330.0184,1.5,0,2.6
2,4.781248,0,0,0,330.0184,1.5,0,2.6
2,4.788057,0,0,0,330.0184,1.5,0,2.6
2,4.795177,0,0,0,330.0184,1.5,0,2.6
2,4.80239,0,0,0,330.0184,1.5,0,2.6
2,4.808969,0,0,0,330.0184,1.5,0,2.6
2,4.815683,0,0,0,330.0184,1.5,0,2.6
2,4.822637,0,0,0,330.0184,1.5,0,2.6
2,4.829352,0,0,0,330.0184,1.5,0,2.6
2,4.83633,0,0,0,330.0184,1.5,0,2.6
2,4.843493,0,0,0,330.0184,1.5,0,2.6
2,4.850281,0,0,0,330.0184,1.5,0,2.6
2,4.856831,0,0,0,330.0184,1.5,0,2.6
2,4.863436,0,0,0,330.0184,1.5,0,2.6
2,4.870411,0,0,0,330.0184,1.5,0,2.6
2,4.876682,0,0,0,330.0184,1.5,0,2.6
2,4.88297,0,0,0,330.0184,1.5,0,2.6
2,4.889125,0,0,0,330.0184,1.5,0,2.6
2,4.894744,0,0,0,330.0184,1.5,0,2.6
2,4.900873,0,0,0,330.0184,1.5,0,2.6
2,4.906473,0,0,0,330.0184,1.5,0,2.6
2,4.912727,0,0,0,330.0184,1.5,0,2.6
2,4.918741,0,0,0,330.0184,1.5,0,2.6
2,4.925023,0,0,0,330.0184,1.5,0,2.6
2,4.930901,0,0,0,330.0184,1.5,0,2.6
2,4.936778,0,0,0,330.0184,1.5,0,2.6
2,4.94278,0,0,0,330.0184,1.5,0,2.6
2,4.949512,0,0,0,330.0184,1.5,0,2.6
2,4.955896,0,0,0,330.0184,1.5,0,2.6
2,4.961868,0,0,0,330.0184,1.5,0,2.6
2,4.970426,0,0,0,330.0184,1.5,0,2.6
2,4.976899,0,0,0,330.0184,1.5,0,2.6
2,4.983214,0,0,0,330.0184,1.5,0,2.6
2,4.989135,0,0,0,330.0184,1.5,0,2.6
2,4.994573,0,0,0,330.0184,1.5,0,2.6
2,5.00091,0,0,0,330.0184,1.5,0,2.6
2,5.006563,0,0,0,330.0184,1.5,0,2.6
2,5.012939,0,0,0,330.0184,1.5,0,2.6
2,5.018754,0,0,0,330.0184,1.5,0,2.6
2,5.025425,0,0,0,330.0184,1.5,0,2.6
2,5.031832,0,0,0,330.0184,1.5,0,2.6
2,5.038255,0,0,0,330.0184,1.5,0,2.6
2,5.044936,0,0,0,330.0184,1.5,0,2.6
2,5.050547,0,0,0,330.0184,1.5,0,2.6
2,5.056679,0,0,0,330.0184,1.5,0,2.6
2,5.065809,0,0,0,330.0184,1.5,0,2.6
2,5.071967,0,0,0,330.0184,1.5,0,2.6
2,5.078886,0,0,0,330.0184,1.5,0,2.6
2,5.085311,0,0,0,330.0184,1.5,0,2.6
2,5.0923,0,0,0,330.0184,1.5,0,2.6
2,5.097996,0,0,0,330.0184,1.5,0,2.6
2,5.103903,0,0,0,330.0184,1.5,0,2.6
2,5.109525,0,0,0,330.0184,1.5,0,2.6
2,5.115072,0,0,0,330.0184,1.5,0,2.6
2,5.120924,0,0,0,330.0184,1.5,0,2.6
2,5.127012,0,0,0,330.0184,1.5,0,2.6
2,5.133361,0,0,0,330.0184,1.5,0,2.6
2,5.138997,0,0,0,330.0184,1.5,0,2.6
2,5.145564,0,0,0,330.0184,1.5,0,2.6
2,5.151261,0,0,0,330.0184,1.5,0,2.6
2,5.157312,0,0,0,330.0184,1.5,0,2.6
2,5.163579,0,0,0,330.0184,1.5,0,2.6
2,5.16972,0,0,0,330.0184,1.5,0,2.6
2,5.175596,0,0,0,330.0184,1.5,0,2.6
2,5.181841,0,0,0,330.0184,1.5,0,2.6
2,5.187375,0,0,0,330.0184,1.5,0,2.6
2,5.193153,0,0,0,330.0184,1.5,0,2.6
2,5.198341,0,0,0,330.0184,1.5,0,2.6
2,5.204048,0,0,0,330.0184,1.5,0,2.6
2,5.20961,0,0,0,330.0184,1.5,0,2.6
2,5.215415,0,0,0,330.0184,1.5,0,2.6
2,5.220912,0,0,0,330.0184,1.5,0,2.6
2,5.226541,0,0,0,330.0184,1.5,0,2.6
2,5.232074,0,0,0,330.0184,1.5,0,2.6
2,5.237763,0,0,0,330.0184,1.5,0,2.6
2,5.243172,0,0,0,330.0184,1.5,0,2.6
2,5.250076,0,0,0,330.0184,1.5,0,2.6
2,5.25581,0,0,0,330.0184,1.5,0,2.6
2,5.26116,0,0,0,330.0184,1.5,0,2.6
2,5.267768,0,0,0,330.0184,1.5,0,2.6
2,5.273494,0,0,0,330.0184,1.5,0,2.6
2,5.280821,0,0,0,330.0184,1.5,0,2.6
2,5.287107,0,0,0,330.0184,1.5,0,2.6
2,5.293018,0,0,0,330.0184,1.5,0,2.6
2,5.299173,0,0,0,330.0184,1.5,0,2.6
2,5.306187,0,0,0,330.0184,1.5,0,2.6
2,5.313483,0,0,0,330.0184,1.5,0,2.6
2,5.319076,0,0,0,330.0184,1.5,0,2.6
2,5.324984,0,0,0,330.0184,1.5,0,2.6
2,5.330655,0,0,0,330.0184,1.5,0,2.6
2,5.337055,0,0,0,330.0184,1.5,0,2.6
2,5.342989,0,0,0,330.0184,1.5,0,2.6
2,5.349195,0,0,0,330.0184,1.5,0,2.6
2,5.354733,0,0,0,330.0184,1.5,0,2.6
2,5.36197,0,0,0,330.0184,1.5,0,2.6
2,5.368855,0,0,0,330.0184,1.5,0,2.6
2,5.375631,0,0,0,330.0184,1.5,0,2.6
2,5.382304,0,0,0,330.0184,1.5,0,2.6
2,5.387805,0,0,0,330.0184,1.5,0,2.6
2,5.394112,0,0,0,330.0184,1.5,0,2.6
2,5.399983,0,0,0,330.0184,1.5,0,2.6
2,5.406001,0,0,0,330.0184,1.5,0,2.6
2,5.412019,0,0,0,330.0184,1.5,0,2.6
2,5.417578,0,0,0,330.0184,1.5,0,2.6
2,5.424,0,0,0,330.0184,1.5,0,2.6
2,5.429449,0,0,0,330.0184,1.5,0,2.6
2,5.43603,0,0,0,330.0184,1.5,0,2.6
2,5.442712,0,0,0,330.0184,1.5,0,2.6
2,5.448848,0,0,0,330.0184,1.5,0,2.6
2,5.457127,0,0,0,330.0184,1.5,0,2.6
2,5.463944,0,0,0,330.0184,1.5,0,2.6
2,5.470594,0,0,0,330.0184,1.5,0,2.6
2,5.476426,0,0,0,330.0184,1.5,0,2.6
2,5.482722,0,0,0,330.0184,1.5,0,2.6
2,5.488945,0,0,0,330.0184,1.5,0,2.6
2,5.494511,0,0,0,330.0184,1.5,0,2.6
2,5.500563,0,0,0,330.0184,1.5,0,2.6
2,5.506645,0,0,0,330.0184,1.5,0,2.6
2,5.515383,0,0,0,330.0184,1.5,0,2.6
2,5.520956,0,0,0,330.0184,1.5,0,2.6
2,5.528519,0,0,0,330.0184,1.5,0,2.6
2,5.535773,0,0,0,330.0184,1.5,0,2.6
2,5.541925,0,0,0,330.0184,1.5,0,2.6
2,5.549428,0,0,0,330.0184,1.5,0,2.6
2,5.556897,0,0,0,330.0184,1.5,0,2.6
2,5.56402,0,0,0,330.0184,1.5,0,2.6
2,5.572216,0,0,0,330.0184,1.5,0,2.6
2,5.579908,0,0,0,330.0184,1.5,0,2.6
2,5.586687,0,0,0,330.0184,1.5,0,2.6
2,5.59398,0,0,0,330.0184,1.5,0,2.6
2,5.602818,0,0,0,330.0184,1.5,0,2.6
2,5.61138,0,0,0,330.0184,1.5,0,2.6
2,5.617948,0,0,0,330.0184,1.5,0,2.6
2,5.626132,0,0,0,330.0184,1.5,0,2.6
2,5.634034,0,0,0,330.0184,1.5,0,2.6
2,5.640934,0,0,0,330.0184,1.5,0,2.6
2,5.648417,0,0,0,330.0184,1.5,0,2.6
2,5.656862,0,0,0,330.0184,1.5,0,2.6
2,5.663824,0,0,0,330.0184,1.5,0,2.6
2,5.671645,0,0,0,330.0184,1.5,0,2.6
2,5.681849,0,0,0,330.0184,1.5,0,2.6
2,5.689037,0,0,0,330.0184,1.5,0,2.6
2,5.696387,0,0,0,330.0184,1.5,0,2.6
2,5.704391,0,0,0,330.0184,1.5,0,2.6
2,5.711839,0,0,0,330.0184,1.5,0,2.6
2,5.718991,0,0,0,330.0184,1.5,0,2.6
2,5.726566,0,0,0,330.0184,1.5,0,2.6
2,5.734045,0,0,0,330.0184,1.5,0,2.6
2,5.740936,0,0,0,330.0184,1.5,0,2.6
2,5.748516,0,0,0,330.0184,1.5,0,2.6
2,5.757036,0,0,0,330.0184,1.5,0,2.6
2,5.765095,0,0,0,330.0184,1.5,0,2.6
2,5.771472,0,0,0,330.0184,1.5,0,2.6
2,5.778066,0,0,0,330.0184,1.5,0,2.6
2,5.784652,0,0,0,330.0184,1.5,0,2.6
2,5.791146,0,0,0,330.0184,1.5,0,2.6
2,5.797256,0,0,0,330.0184,1.5,0,2.6
2,5.804974,0,0,0,330.0184,1.5,0,2.6
2,5.812721,0,0,0,330.0184,1.5,0,2.6
2,5.821445,0,0,0,330.0184,1.5,0,2.6
2,5.829379,0,0,0,330.0184,1.5,0,2.6
2,5.836324,0,0,0,330.0184,1.5,0,2.6
2,5.842876,0,0,0,330.0184,1.5,0,2.6
2,5.850938,0,0,0,330.0184,1.5,0,2.6
2,5.858204,0,0,0,330.0184,1.5,0,2.6
2,5.865558,0,0,0,330.0184,1.5,0,2.6
2,5.872636,0,0,0,330.0184,1.5,0,2.6
2,5.879229,0,0,0,330.0184,1.5,0,2.6
2,5.885708,0,0,0,330.0184,1.5,0,2.6
2,5.89241,0,0,0,330.0184,1.5,0,2.6
2,5.89874,0,0,0,330.0184,1.5,0,2.6
2,5.906496,0,0,0,330.0184,1.5,0,2.6
2,5.913247,0,0,0,330.0184,1.5,0,2.6
2,5.919269,0,0,0,330.0184,1.5,0,2.6
2,5.926198,0,0,0,330.0184,1.5,0,2.6
2,5.932365,0,0,0,330.0184,1.5,0,2.6
2,5.939726,0,0,0,330.0184,1.5,0,2.6
2,5.94641,0,0,0,330.0184,1.5,0,2.6
2,5.952806,0,0,0,330.0184,1.5,0,2.6
2,5.961101,0,0,0,330.0184,1.5,0,2.6
2,5.967449,0,0,0,330.0184,1.5,0,2.6
2,5.974833,0,0,0,330.0184,1.5,0,2.6
2,5.981923,0,0,0,330.0184,1.5,0,2.6
2,5.9891,0,0,0,330.0184,1.5,0,2.6
2,5.996066,0,0,0,330.0184,1.5,0,2.6
2,6.002025,0,0,0,330.0184,1.5,0,2.6
2,6.007869,0,0,0,330.0184,1.5,0,2.6
2,6.013917,0,0,0,330.0184,1.5,0,2.6
2,6.020352,0,0,0,330.0184,1.5,0,2.6
2,6.0277,0,0,0,330.0184,1.5,0,2.6
2,6.034074,0,0,0,330.0184,1.5,0,2.6
2,6.042672,0,0,0,330.0184,1.5,0,2.6
2,6.048944,0,0,0,330.0184,1.5,0,2.6
2,6.054699,0,0,0,330.0184,1.5,0,2.6
2,6.061422,0,0,0,330.0184,1.5,0,2.6
2,6.067544,0,0,0,330.0184,1.5,0,2.6
2,6.073906,0,0,0,330.0184,1.5,0,2.6
2,6.080668,0,0,0,330.0184,1.5,0,2.6
2,6.086906,0,0,0,330.0184,1.5,0,2.6
2,6.093149,0,0,0,330.0184,1.5,0,2.6
2,6.099023,0,0,0,330.0184,1.5,0,2.6
2,6.105185,0,0,0,330.0184,1.5,0,2.6
2,6.111227,0,0,0,330.0184,1.5,0,2.6
2,6.117249,0,0,0,330.0184,1.5,0,2.6
2,6.123999,0,0,0,330.0184,1.5,0,2.6
2,6.129642,0,0,0,330.0184,1.5,0,2.6
2,6.135517,0,0,0,330.0184,1.5,0,2.6
2,6.141722,0,0,0,330.0184,1.5,0,2.6
2,6.148228,0,0,0,330.0184,1.5,0,2.6
2,6.153735,0,0,0,330.0184,1.5,0,2.6
2,6.159225,0,0,0,330.0184,1.5,0,2.6
2,6.164668,0,0,0,330.0184,1.5,0,2.6
2,6.170257,0,0,0,330.0184,1.5,0,2.6
2,6.175675,0,0,0,330.0184,1.5,0,2.6
2,6.181293,0,0,0,330.0184,1.5,0,2.6
2,6.186699,0,0,0,330.0184,1.5,0,2.6
2,6.192651,0,0,0,330.0184,1.5,0,2.6
2,6.198083,0,0,0,330.0184,1.5,0,2.6
2,6.204676,0,0,0,330.0184,1.5,0,2.6
2,6.210857,0,0,0,330.0184,1.5,0,2.6
2,6.216364,0,0,0,330.0184,1.5,0,2.6
2,6.222307,0,0,0,330.0184,1.5,0,2.6
2,6.227882,0,0,0,330.0184,1.5,0,2.6
2,6.233812,0,0,0,330.0184,1.5,0,2.6
2,6.239389,0,0,0,330.0184,1.5,0,2.6
2,6.245969,0,0,0,330.0184,1.5,0,2.6
2,6.251414,0,0,0,330.0184,1.5,0,2.6
2,6.257467,0,0,0,330.0184,1.5,0,2.6
2,6.263417,0,0,0,330.0184,1.5,0,2.6
2,6.269814,0,0,0,330.0184,1.5,0,2.6
2,6.275597,0,0,0,330.0184,1.5,0,2.6
2,6.281908,0,0,0,330.0184,1.5,0,2.6
2,6.287765,0,0,0,330.0184,1.5,0,2.6
2,6.29425,0,0,0,330.0184,1.5,0,2.6
2,6.300231,0,0,0,330.0184,1.5,0,2.6
2,6.305614,0,0,0,330.0184,1.5,0,2.6
2,6.311387,0,0,0,330.0184,1.5,0,2.6
2,6.316472,0,0,0,330.0184,1.5,0,2.6
2,6.322214,0,0,0,330.0184,1.5,0,2.6
2,6.327577,0,0,0,330.0184,1.5,0,2.6
2,6.3333,0,0,0,330.0184,1.5,0,2.6
2,6.338666,0,0,0,330.0184,1.5,0,2.6
2,6.34469,0,0,0,330.0184,1.5,0,2.6
2,6.350112,0,0,0,330.0184,1.5,0,2.6
2,6.35601,0,0,0,330.0184,1.5,0,2.6
2,6.361663,0,0,0,330.0184,1.5,0,2.6
2,6.36804,0,0,0,330.0184,1.5,0,2.6
2,6.374868,0,0,0,330.0184,1.5,0,2.6
2,6.38131,0,0,0,330.0184,1.5,0,2.6
2,6.388062,0,0,0,330.0184,1.5,0,2.6
2,6.395203,0,0,0,330.0184,1.5,0,2.6
2,6.401071,0,0,0,330.0184,1.5,0,2.6
2,6.406947,0,0,0,330.0184,1.5,0,2.6
2,6.412925,0,0,0,330.0184,1.5,0,2.6
2,6.418746,0,0,0,330.0184,1.5,0,2.6
2,6.424946,0,0,0,330.0184,1.5,0,2.6
2,6.430738,0,0,0,330.0184,1.5,0,2.6
2,6.436933,0,0,0,330.0184,1.5,0,2.6
2,6.442452,0,0,0,330.0184,1.5,0,2.6
2,6.448496,0,0,0,330.0184,1.5,0,2.6
2,6.454274,0,0,0,330.0184,1.5,0,2.6
2,6.460155,0,0,0,330.0184,1.5,0,2.6
2,6.468682,0,0,0,330.0184,1.5,0,2.6
2,6.475511,0,0,0,330.0184,1.5,0,2.6
2,6.484625,0,0,0,330.0184,1.5,0,2.6
2,6.490861,0,0,0,330.0184,1.5,0,2.6
2,6.496277,0,0,0,330.0184,1.5,0,2.6
2,6.50225,0,0,0,330.0184,1.5,0,2.6
2,6.507658,0,0,0,330.0184,1.5,0,2.6
2,6.513798,0,0,0,330.0184,1.5,0,2.6
2,6.51966,0,0,0,330.0184,1.5,0,2.6
2,6.525487,0,0,0,330.0184,1.5,0,2.6
2,6.531385,0,0,0,330.0184,1.5,0,2.6
2,6.537181,0,0,0,330.0184,1.5,0,2.6
2,6.543217,0,0,0,330.0184,1.5,0,2.6
2,6.549341,0,0,0,330.0184,1.5,0,2.6
2,6.55552,0,0,0,330.0184,1.5,0,2.6
2,6.560935,0,0,0,330.0184,1.5,0,2.6
2,6.566611,0,0,0,330.0184,1.5,0,2.6
2,6.572106,0,0,0,330.0184,1.5,0,2.6
2,6.578358,0,0,0,330.0184,1.5,0,2.6
2,6.58481,0,0,0,330.0184,1.5,0,2.6
2,6.590811,0,0,0,330.0184,1.5,0,2.6
2,6.596592,0,0,0,330.0184,1.5,0,2.6
2,6.602276,0,0,0,330.0184,1.5,0,2.6
2,6.607968,0,0,0,330.0184,1.5,0,2.6
2,6.614111,0,0,0,330.0184,1.5,0,2.6
2,6.620395,0,0,0,330.0184,1.5,0,2.6
2,6.627303,0,0,0,330.0184,1.5,0,2.6
2,6.633481,0,0,0,330.0184,1.5,0,2.6
2,6.639118,0,0,0,330.0184,1.5,0,2.6
2,6.645404,0,0,0,330.0184,1.5,0,2.6
2,6.652115,0,0,0,330.0184,1.5,0,2.6
2,6.658545,0,0,0,330.0184,1.5,0,2.6
2,6.665429,0,0,0,330.0184,1.5,0,2.6
2,6.672247,0,0,0,330.0184,1.5,0,2.6
2,6.679019,0,0,0,330.0184,1.5,0,2.6
2,6.686024,0,0,0,330.0184,1.5,0,2.6
2,6.694388,0,0,0,330.0184,1.5,0,2.6
2,6.701826,0,0,0,330.0184,1.5,0,2.6
2,6.709011,0,0,0,330.0184,1.5,0,2.6
2,6.716323,0,0,0,330.0184,1.5,0,2.6
2,6.723717,0,0,0,330.0184,1.5,0,2.6
2,6.730572,0,0,0,330.0184,1.5,0,2.6
2,6.73847,0,0,0,330.0184,1.5,0,2.6
2,6.745972,0,0,0,330.0184,1.5,0,2.6
2,6.753186,0,0,0,330.0184,1.5,0,2.6
2,6.760611,0,0,0,330.0184,1.5,0,2.6
2,6.769089,0,0,0,330.0184,1.5,0,2.6
2,6.775999,0,0,0,330.0184,1.5,0,2.6
2,6.783526,0,0,0,330.0184,1.5,0,2.6
2,6.792028,0,0,0,330.0184,1.5,0,2.6
2,6.800414,0,0,0,330.0184,1.5,0,2.6
2,6.808722,0,0,0,330.0184,1.5,0,2.6
2,6.816469,0,0,0,330.0184,1.5,0,2.6
2,6.823813,0,0,0,330.0184,1.5,0,2.6
2,6.831269,0,0,0,330.0184,1.5,0,2.6
2,6.838755,0,0,0,330.0184,1.5,0,2.6
2,6.846361,0,0,0,330.0184,1.5,0,2.6
2,6.853362,0,0,0,330.0184,1.5,0,2.6
2,6.861475,0,0,0,330.0184,1.5,0,2.6
2,6.869597,0,0,0,330.0184,1.5,0,2.6
2,6.877748,0,0,0,330.0184,1.5,0,2.6
2,6.886251,0,0,0,330.0184,1.5,0,2.6
2,6.895191,0,0,0,330.0184,1.5,0,2.6
2,6.902865,0,0,0,330.0184,1.5,0,2.6
2,6.909067,0,0,0,330.0184,1.5,0,2.6
2,6.915757,0,0,0,330.0184,1.5,0,2.6
2,6.922542,0,0,0,330.0184,1.5,0,2.6
2,6.928713,0,0,0,330.0184,1.5,0,2.6
2,6.935267,0,0,0,330.0184,1.5,0,2.6
2,6.941113,0,0,0,330.0184,1.5,0,2.6
2,6.947512,0,0,0,330.0184,1.5,0,2.6
2,6.953865,0,0,0,330.0184,1.5,0,2.6
2,6.960279,0,0,0,330.0184,1.5,0,2.6
2,6.967503,0,0,0,330.0184,1.5,0,2.6
2,6.974188,0,0,0,330.0184,1.5,0,2.6
2,6.98769,0,0,0,330.0184,1.5,0,2.6
2,6.99814,0,0,0,330.0184,1.5,0,2.6
2,7.007804,0,0,0,330.0184,1.5,0,2.6
2,7.015651,0,0,0,330.0184,1.5,0,2.6
2,7.024207,0,0,0,330.0184,1.5,0,2.6
2,7.031216,0,0,0,330.0184,1.5,0,2.6
2,7.038431,0,0,0,330.0184,1.5,0,2.6
2,7.045738,0,0,0,330.0184,1.5,0,2.6
2,7.052748,0,0,0,330.0184,1.5,0,2.6
2,7.060226,0,0,0,330.0184,1.5,0,2.6
2,7.066766,0,0,0,330.0184,1.5,0,2.6
2,7.072628,0,0,0,330.0184,1.5,0,2.6
2,7.079268,0,0,0,330.0184,1.5,0,2.6
2,7.086463,0,0,0,330.0184,1.5,0,2.6
2,7.0937,0,0,0,330.0184,1.5,0,2.6
2,7.100471,0,0,0,330.0184,1.5,0,2.6
2,7.106977,0,0,0,330.0184,1.5,0,2.6
2,7.113554,0,0,0,330.0184,1.5,0,2.6
2,7.120049,0,0,0,330.0184,1.5,0,2.6
2,7.125975,0,0,0,330.0184,1.5,0,2.6
2,7.131478,0,0,0,330.0184,1.5,0,2.6
2,7.137511,0,0,0,330.0184,1.5,0,2.6
2,7.143574,0,0,0,330.0184,1.5,0,2.6
2,7.149451,0,0,0,330.0184,1.5,0,2.6
2,7.156106,0,0,0,330.0184,1.5,0,2.6
2,7.16285,0,0,0,330.0184,1.5,0,2.6
2,7.169451,0,0,0,330.0184,1.5,0,2.6
2,7.175738,0,0,0,330.0184,1.5,0,2.6
2,7.182326,0,0,0,330.0184,1.5,0,2.6
2,7.189016,0,0,0,330.0184,1.5,0,2.6
2,7.195604,0,0,0,330.0184,1.5,0,2.6
2,7.202788,0,0,0,330.0184,1.5,0,2.6
2,7.209719,0,0,0,330.0184,1.5,0,2.6
2,7.216503,0,0,0,330.0184,1.5,0,2.6
2,7.223578,0,0,0,330.0184,1.5,0,2.6
2,7.22981,0,0,0,330.0184,1.5,0,2.6
2,7.236055,0,0,0,330.0184,1.5,0,2.6
2,7.241918,0,0,0,330.0184,1.5,0,2.6
2,7.248237,0,0,0,330.0184,1.5,0,2.6
2,7.253964,0,0,0,330.0184,1.5,0,2.6
2,7.260986,0,0,0,330.0184,1.5,0,2.6
2,7.268079,0,0,0,330.0184,1.5,0,2.6
2,7.273932,0,0,0,330.0184,1.5,0,2.6
2,7.28019,0,0,0,330.0184,1.5,0,2.6
2,7.285718,0,0,0,330.0184,1.5,0,2.6
2,7.291754,0,0,0,330.0184,1.5,0,2.6
2,7.298111,0,0,0,330.0184,1.5,0,2.6
2,7.303958,0,0,0,330.0184,1.5,0,2.6
2,7.309792,0,0,0,330.0184,1.5,0,2.6
2,7.315864,0,0,0,330.0184,1.5,0,2.6
2,7.321231,0,0,0,330.0184,1.5,0,2.6
2,7.327094,0,0,0,330.0184,1.5,0,2.6
2,7.332471,0,0,0,330.0184,1.5,0,2.6
2,7.338213,0,0,0,330.0184,1.5,0,2.6
2,7.344202,0,0,0,330.0184,1.5,0,2.6
2,7.349912,0,0,0,330.0184,1.5,0,2.6
2,7.355788,0,0,0,330.0184,1.5,0,2.6
2,7.361887,0,0,0,330.0184,1.5,0,2.6
2,7.367654,0,0,0,330.0184,1.5,0,2.6
2,7.373402,0,0,0,330.0184,1.5,0,2.6
2,7.379679,0,0,0,330.0184,1.5,0,2.6
2,7.38508,0,0,0,330.0184,1.5,0,2.6
2,7.391447,0,0,0,330.0184,1.5,0,2.6
2,7.399055,0,0,0,330.0184,1.5,0,2.6
2,7.405965,0,0,0,330.0184,1.5,0,2.6
2,7.413549,0,0,0,330.0184,1.5,0,2.6
2,7.419756,0,0,0,330.0184,1.5,0,2.6
2,7.426155,0,0,0,330.0184,1.5,0,2.6
2,7.432577,0,0,0,330.0184,1.5,0,2.6
2,7.438525,0,0,0,330.0184,1.5,0,2.6
2,7.44788,0,0,0,330.0184,1.5,0,2.6
2,7.454029,0,0,0,330.0184,1.5,0,2.6
2,7.460279,0,0,0,330.0184,1.5,0,2.6
2,7.465811,0,0,0,330.0184,1.5,0,2.6
2,7.472295,0,0,0,330.0184,1.5,0,2.6
2,7.47952,0,0,0,330.0184,1.5,0,2.6
2,7.485277,0,0,0,330.0184,1.5,0,2.6
2,7.493999,0,0,0,330.0184,1.5,0,2.6
2,7.500417,0,0,0,330.0184,1.5,0,2.6
2,7.506193,0,0,0,330.0184,1.5,0,2.6
2,7.513119,0,0,0,330.0184,1.5,0,2.6
2,7.520042,0,0,0,330.0184,1.5,0,2.6
2,7.527135,0,0,0,330.0184,1.5,0,2.6
2,7.53393,0,0,0,330.0184,1.5,0,2.6
2,7.540674,0,0,0,330.0184,1.5,0,2.6
2,7.547276,0,0,0,330.0184,1.5,0,2.6
2,7.552754,0,0,0,330.0184,1.5,0,2.6
2,7.558471,0,0,0,330.0184,1.5,0,2.6
2,7.566773,0,0,0,330.0184,1.5,0,2.6
2,7.574394,0,0,0,330.0184,1.5,0,2.6
2,7.582402,0,0,0,330.0184,1.5,0,2.6
2,7.5893,0,0,0,330.0184,1.5,0,2.6
2,7.595094,0,0,0,330.0184,1.5,0,2.6
2,7.601946,0,0,0,330.0184,1.5,0,2.6
2,7.608017,0,0,0,330.0184,1.5,0,2.6
2,7.615065,0,0,0,330.0184,1.5,0,2.6
2,7.621529,0,0,0,330.0184,1.5,0,2.6
2,7.628158,0,0,0,330.0184,1.5,0,2.6
2,7.634311,0,0,0,330.0184,1.5,0,2.6
2,7.640479,0,0,0,330.0184,1.5,0,2.6
2,7.647431,0,0,0,330.0184,1.5,0,2.6
2,7.654318,0,0,0,330.0184,1.5,0,2.6
2,7.662434,0,0,0,330.0184,1.5,0,2.6
2,7.668651,0,0,0,330.0184,1.5,0,2.6
2,7.67504,0,0,0,330.0184,1.5,0,2.6
2,7.681534,0,0,0,330.0184,1.5,0,2.6
2,7.689047,0,0,0,330.0184,1.5,0,2.6
2,7.695194,0,0,0,330.0184,1.5,0,2.6
2,7.701241,0,0,0,330.0184,1.5,0,2.6
2,7.707687,0,0,0,330.0184,1.5,0,2.6
2,7.715905,0,0,0,330.0184,1.5,0,2.6
2,7.723033,0,0,0,330.0184,1.5,0,2.6
2,7.729906,0,0,0,330.0184,1.5,0,2.6
2,7.736827,0,0,0,330.0184,1.5,0,2.6
2,7.742515,0,0,0,330.0184,1.5,0,2.6
2,7.748149,0,0,0,330.0184,1.5,0,2.6
2,7.753877,0,0,0,330.0184,1.5,0,2.6
2,7.759823,0,0,0,330.0184,1.5,0,2.6
2,7.765689,0,0,0,330.0184,1.5,0,2.6
2,7.771898,0,0,0,330.0184,1.5,0,2.6
2,7.779223,0,0,0,330.0184,1.5,0,2.6
2,7.786201,0,0,0,330.0184,1.5,0,2.6
2,7.793307,0,0,0,330.0184,1.5,0,2.6
2,7.800932,0,0,0,330.0184,1.5,0,2.6
2,7.807158,0,0,0,330.0184,1.5,0,2.6
2,7.813676,0,0,0,330.0184,1.5,0,2.6
2,7.819635,0,0,0,330.0184,1.5,0,2.6
2,7.827013,0,0,0,330.0184,1.5,0,2.6
2,7.835828,0,0,0,330.0184,1.5,0,2.6
2,7.843741,0,0,0,330.0184,1.5,0,2.6
2,7.852012,0,0,0,330.0184,1.5,0,2.6
2,7.859672,0,0,0,330.0184,1.5,0,2.6
2,7.867031,0,0,0,330.0184,1.5,0,2.6
2,7.87406,0,0,0,330.0184,1.5,0,2.6
2,7.883392,0,0,0,330.0184,1.5,0,2.6
2,7.892006,0,0,0,330.0184,1.5,0,2.6
2,7.900478,0,0,0,330.0184,1.5,0,2.6
2,7.90817,0,0,0,330.0184,1.5,0,2.6
2,7.916163,0,0,0,330.0184,1.5,0,2.6
2,7.924329,0,0,0,330.0184,1.5,0,2.6
2,7.934818,0,0,0,330.0184,1.5,0,2.6
2,7.941368,0,0,0,330.0184,1.5,0,2.6
2,7.949283,0,0,0,330.0184,1.5,0,2.6
2,7.957031,0,0,0,330.0184,1.5,0,2.6
2,7.964453,0,0,0,330.0184,1.5,0,2.6
2,7.972328,0,0,0,330.0184,1.5,0,2.6
2,7.97924,0,0,0,330.0184,1.5,0,2.6
2,7.986411,0,0,0,330.0184,1.5,0,2.6
2,7.993867,0,0,0,330.0184,1.5,0,2.6
2,8.002301,0,0,0,330.0184,1.5,0,2.6
2,8.010177,0,0,0,330.0184,1.5,0,2.6
2,8.017373,0,0,0,330.0184,1.5,0,2.6
2,8.024499,0,0,0,330.0184,1.5,0,2.6
2,8.030644,0,0,0,330.0184,1.5,0,2.6
2,8.038265,0,0,0,330.0184,1.5,0,2.6
2,8.046649,0,0,0,330.0184,1.5,0,2.6
2,8.053054,0,0,0,330.0184,1.5,0,2.6
2,8.059159,0,0,0,330.0184,1.5,0,2.6
2,8.066051,0,0,0,330.0184,1.5,0,2.6
2,8.072788,0,0,0,330.0184,1.5,0,2.6
2,8.079745,0,0,0,330.0184,1.5,0,2.6
2,8.088099,0,0,0,330.0184,1.5,0,2.6
2,8.095781,0,0,0,330.0184,1.5,0,2.6
2,8.103285,0,0,0,330.0184,1.5,0,2.6
2,8.109693,0,0,0,330.0184,1.5,0,2.6
2,8.115924,0,0,0,330.0184,1.5,0,2.6
2,8.122387,0,0,0,330.0184,1.5,0,2.6
2,8.129329,0,0,0,330.0184,1.5,0,2.6
2,8.136718,0,0,0,330.0184,1.5,0,2.6
2,8.143598,0,0,0,330.0184,1.5,0,2.6
2,8.150444,0,0,0,330.0184,1.5,0,2.6
2,8.157188,0,0,0,330.0184,1.5,0,2.6
2,8.163947,0,0,0,330.0184,1.5,0,2.6
2,8.171294,0,0,0,330.0184,1.5,0,2.6
2,8.178622,0,0,0,330.0184,1.5,0,2.6
2,8.185404,0,0,0,330.0184,1.5,0,2.6
2,8.192051,0,0,0,330.0184,1.5,0,2.6
2,8.198845,0,0,0,330.0184,1.5,0,2.6
2,8.206232,0,0,0,330.0184,1.5,0,2.6
2,8.212996,0,0,0,330.0184,1.5,0,2.6
2,8.218977,0,0,0,330.0184,1.5,0,2.6
2,8.225609,0,0,0,330.0184,1.5,0,2.6
2,8.231614,0,0,0,330.0184,1.5,0,2.6
2,8.237435,0,0,0,330.0184,1.5,0,2.6
2,8.243047,0,0,0,330.0184,1.5,0,2.6
2,8.248848,0,0,0,330.0184,1.5,0,2.6
2,8.254572,0,0,0,330.0184,1.5,0,2.6
2,8.260699,0,0,0,330.0184,1.5,0,2.6
2,8.266863,0,0,0,330.0184,1.5,0,2.6
2,8.272691,0,0,0,330.0184,1.5,0,2.6
2,8.279385,0,0,0,330.0184,1.5,0,2.6
2,8.28562,0,0,0,330.0184,1.5,0,2.6
2,8.291958,0,0,0,330.0184,1.5,0,2.6
2,8.297928,0,0,0,330.0184,1.5,0,2.6
2,8.304585,0,0,0,330.0184,1.5,0,2.6
2,8.312456,0,0,0,330.0184,1.5,0,2.6
2,8.319704,0,0,0,330.0184,1.5,0,2.6
2,8.327125,0,0,0,330.0184,1.5,0,2.6
2,8.335319,0,0,0,330.0184,1.5,0,2.6
2,8.34251,0,0,0,330.0184,1.5,0,2.6
2,8.35082,0,0,0,330.0184,1.5,0,2.6
2,8.358228,0,0,0,330.0184,1.5,0,2.6
2,8.364694,0,0,0,330.0184,1.5,0,2.6
2,8.372189,0,0,0,330.0184,1.5,0,2.6
2,8.379503,0,0,0,330.0184,1.5,0,2.6
2,8.385772,0,0,0,330.0184,1.5,0,2.6
2,8.392047,0,0,0,330.0184,1.5,0,2.6
2,8.398936,0,0,0,330.0184,1.5,0,2.6
2,8.40708,0,0,0,330.0184,1.5,0,2.6
2,8.418659,0,0,0,330.0184,1.5,0,2.6
2,8.426268,0,0,0,330.0184,1.5,0,2.6
2,8.433333,0,0,0,330.0184,1.5,0,2.6
2,8.440755,0,0,0,330.0184,1.5,0,2.6
2,8.447432,0,0,0,330.0184,1.5,0,2.6
2,8.453593,0,0,0,330.0184,1.5,0,2.6
2,8.460114,0,0,0,330.0184,1.5,0,2.6
2,8.466608,0,0,0,330.0184,1.5,0,2.6
2,8.472301,0,0,0,330.0184,1.5,0,2.6
2,8.477958,0,0,0,330.0184,1.5,0,2.6
2,8.48331,0,0,0,330.0184,1.5,0,2.6
2,8.488957,0,0,0,330.0184,1.5,0,2.6
2,8.495601,0,0,0,330.0184,1.5,0,2.6
2,8.502342,0,0,0,330.0184,1.5,0,2.6
2,8.508572,0,0,0,330.0184,1.5,0,2.6
2,8.516784,0,0,0,330.0184,1.5,0,2.6
2,8.522959,0,0,0,330.0184,1.5,0,2.6
2,8.528398,0,0,0,330.0184,1.5,0,2.6
2,8.534253,0,0,0,330.0184,1.5,0,2.6
2,8.540071,0,0,0,330.0184,1.5,0,2.6
2,8.546241,0,0,0,330.0184,1.5,0,2.6
2,8.551662,0,0,0,330.0184,1.5,0,2.6
2,8.557858,0,0,0,330.0184,1.5,0,2.6
2,8.563496,0,0,0,330.0184,1.5,0,2.6
2,8.569096,0,0,0,330.0184,1.5,0,2.6
2,8.574573,0,0,0,330.0184,1.5,0,2.6
2,8.580356,0,0,0,330.0184,1.5,0,2.6
2,8.58627,0,0,0,330.0184,1.5,0,2.6
2,8.592782,0,0,0,330.0184,1.5,0,2.6
2,8.599619,0,0,0,330.0184,1.5,0,2.6
2,8.60552,0,0,0,330.0184,1.5,0,2.6
2,8.612029,0,0,0,330.0184,1.5,0,2.6
2,8.6176,0,0,0,330.0184,1.5,0,2.6
2,8.624063,0,0,0,330.0184,1.5,0,2.6
2,8.629476,0,0,0,330.0184,1.5,0,2.6
2,8.63538,0,0,0,330.0184,1.5,0,2.6
2,8.641647,0,0,0,330.0184,1.5,0,2.6
2,8.647261,0,0,0,330.0184,1.5,0,2.6
2,8.652781,0,0,0,330.0184,1.5,0,2.6
2,8.658952,0,0,0,330.0184,1.5,0,2.6
2,8.664395,0,0,0,330.0184,1.5,0,2.6
2,8.67093,0,0,0,330.0184,1.5,0,2.6
2,8.676872,0,0,0,330.0184,1.5,0,2.6
2,8.683202,0,0,0,330.0184,1.5,0,2.6
2,8.689301,0,0,0,330.0184,1.5,0,2.6
2,8.695461,0,0,0,330.0184,1.5,0,2.6
2,8.70152,0,0,0,330.0184,1.5,0,2.6
2,8.70799,0,0,0,330.0184,1.5,0,2.6
2,8.713934,0,0,0,330.0184,1.5,0,2.6
2,8.719347,0,0,0,330.0184,1.5,0,2.6
2,8.725075,0,0,0,330.0184,1.5,0,2.6
2,8.731012,0,0,0,330.0184,1.5,0,2.6
2,8.737338,0,0,0,330.0184,1.5,0,2.6
2,8.742864,0,0,0,330.0184,1.5,0,2.6
2,8.74983,0,0,0,330.0184,1.5,0,2.6
2,8.75691,0,0,0,330.0184,1.5,0,2.6
2,8.762565,0,0,0,330.0184,1.5,0,2.6
2,8.768389,0,0,0,330.0184,1.5,0,2.6
2,8.7738,0,0,0,330.0184,1.5,0,2.6
2,8.779513,0,0,0,330.0184,1.5,0,2.6
2,8.784978,0,0,0,330.0184,1.5,0,2.6
2,8.790931,0,0,0,330.0184,1.5,0,2.6
2,8.796456,0,0,0,330.0184,1.5,0,2.6
2,8.802569,0,0,0,330.0184,1.5,0,2.6
2,8.809259,0,0,0,330.0184,1.5,0,2.6
2,8.815498,0,0,0,330.0184,1.5,0,2.6
2,8.821371,0,0,0,330.0184,1.5,0,2.6
2,8.82797,0,0,0,330.0184,1.5,0,2.6
2,8.833975,0,0,0,330.0184,1.5,0,2.6
2,8.839682,0,0,0,330.0184,1.5,0,2.6
2,8.849028,0,0,0,330.0184,1.5,0,2.6
2,8.854777,0,0,0,330.0184,1.5,0,2.6
2,8.860935,0,0,0,330.0184,1.5,0,2.6
2,8.867795,0,0,0,330.0184,1.5,0,2.6
2,8.873343,0,0,0,330.0184,1.5,0,2.6
2,8.879005,0,0,0,330.0184,1.5,0,2.6
2,8.884584,0,0,0,330.0184,1.5,0,2.6
2,8.890728,0,0,0,330.0184,1.5,0,2.6
2,8.896842,0,0,0,330.0184,1.5,0,2.6
2,8.902897,0,0,0,330.0184,1.5,0,2.6
2,8.909374,0,0,0,330.0184,1.5,0,2.6
2,8.916974,0,0,0,330.0184,1.5,0,2.6
2,8.924106,0,0,0,330.0184,1.5,0,2.6
2,8.930943,0,0,0,330.0184,1.5,0,2.6
2,8.938222,0,0,0,330.0184,1.5,0,2.6
2,8.945424,0,0,0,330.0184,1.5,0,2.6
2,8.951803,0,0,0,330.0184,1.5,0,2.6
2,8.958129,0,0,0,330.0184,1.5,0,2.6
2,8.963962,0,0,0,330.0184,1.5,0,2.6
2,8.971503,0,0,0,330.0184,1.5,0,2.6
2,8.97929,0,0,0,330.0184,1.5,0,2.6
2,8.986444,0,0,0,330.0184,1.5,0,2.6
2,8.9939,0,0,0,330.0184,1.5,0,2.6
2,9.002059,0,0,0,330.0184,1.5,0,2.6
2,9.00903,0,0,0,330.0184,1.5,0,2.6
2,9.016585,0,0,0,330.0184,1.5,0,2.6
2,9.024285,0,0,0,330.0184,1.5,0,2.6
2,9.031328,0,0,0,330.0184,1.5,0,2.6
2,9.040133,0,0,0,330.0184,1.5,0,2.6
2,9.049319,0,0,0,330.0184,1.5,0,2.6
2,9.056759,0,0,0,330.0184,1.5,0,2.6
2,9.06472,0,0,0,330.0184,1.5,0,2.6
2,9.073844,0,0,0,330.0184,1.5,0,2.6
2,9.08197,0,0,0,330.0184,1.5,0,2.6
2,9.089863,0,0,0,330.0184,1.5,0,2.6
2,9.096381,0,0,0,330.0184,1.5,0,2.6
2,9.10408,0,0,0,330.0184,1.5,0,2.6
2,9.111284,0,0,0,330.0184,1.5,0,2.6
2,9.118431,0,0,0,330.0184,1.5,0,2.6
2,9.126075,0,0,0,330.0184,1.5,0,2.6
2,9.13349,0,0,0,330.0184,1.5,0,2.6
2,9.140512,0,0,0,330.0184,1.5,0,2.6
2,9.149332,0,0,0,330.0184,1.5,0,2.6
2,9.158401,0,0,0,330.0184,1.5,0,2.6
2,9.164467,0,0,0,330.0184,1.5,0,2.6
2,9.17136,0,0,0,330.0184,1.5,0,2.6
2,9.178395,0,0,0,330.0184,1.5,0,2.6
2,9.185555,0,0,0,330.0184,1.5,0,2.6
2,9.192328,0,0,0,330.0184,1.5,0,2.6
2,9.198774,0,0,0,330.0184,1.5,0,2.6
2,9.20641,0,0,0,330.0184,1.5,0,2.6
2,9.213358,0,0,0,330.0184,1.5,0,2.6
2,9.220903,0,0,0,330.0184,1.5,0,2.6
2,9.227373,0,0,0,330.0184,1.5,0,2.6
2,9.234824,0,0,0,330.0184,1.5,0,2.6
2,9.24297,0,0,0,330.0184,1.5,0,2.6
2,9.250895,0,0,0,330.0184,1.5,0,2.6
2,9.258842,0,0,0,330.0184,1.5,0,2.6
2,9.267673,0,0,0,330.0184,1.5,0,2.6
2,9.273905,0,0,0,330.0184,1.5,0,2.6
2,9.280952,0,0,0,330.0184,1.5,0,2.6
2,9.287838,0,0,0,330.0184,1.5,0,2.6
2,9.294097,0,0,0,330.0184,1.5,0,2.6
2,9.300306,0,0,0,330.0184,1.5,0,2.6
2,9.306054,0,0,0,330.0184,1.5,0,2.6
2,9.31303,0,0,0,330.0184,1.5,0,2.6
2,9.320188,0,0,0,330.0184,1.5,0,2.6
2,9.326932,0,0,0,330.0184,1.5,0,2.6
2,9.334559,0,0,0,330.0184,1.5,0,2.6
2,9.341239,0,0,0,330.0184,1.5,0,2.6
2,9.351317,0,0,0,330.0184,1.5,0,2.6
2,9.358277,0,0,0,330.0184,1.5,0,2.6
2,9.363942,0,0,0,330.0184,1.5,0,2.6
2,9.371029,0,0,0,330.0184,1.5,0,2.6
2,9.377013,0,0,0,330.0184,1.5,0,2.6
2,9.383018,0,0,0,330.0184,1.5,0,2.6
2,9.388816,0,0,0,330.0184,1.5,0,2.6
2,9.394505,0,0,0,330.0184,1.5,0,2.6
2,9.400485,0,0,0,330.0184,1.5,0,2.6
2,9.406304,0,0,0,330.0184,1.5,0,2.6
2,9.412652,0,0,0,330.0184,1.5,0,2.6
2,9.418708,0,0,0,330.0184,1.5,0,2.6
2,9.425265,0,0,0,330.0184,1.5,0,2.6
2,9.431099,0,0,0,330.0184,1.5,0,2.6
2,9.438958,0,0,0,330.0184,1.5,0,2.6
2,9.448095,0,0,0,330.0184,1.5,0,2.6
2,9.454798,0,0,0,330.0184,1.5,0,2.6
2,9.463162,0,0,0,330.0184,1.5,0,2.6
2,9.470037,0,0,0,330.0184,1.5,0,2.6
2,9.476351,0,0,0,330.0184,1.5,0,2.6
2,9.483462,0,0,0,330.0184,1.5,0,2.6
2,9.489706,0,0,0,330.0184,1.5,0,2.6
2,9.495607,0,0,0,330.0184,1.5,0,2.6
2,9.50194,0,0,0,330.0184,1.5,0,2.6
2,9.507876,0,0,0,330.0184,1.5,0,2.6
2,9.51486,0,0,0,330.0184,1.5,0,2.6
2,9.522139,0,0,0,330.0184,1.5,0,2.6
2,9.528156,0,0,0,330.0184,1.5,0,2.6
2,9.535151,0,0,0,330.0184,1.5,0,2.6
2,9.54451,0,0,0,330.0184,1.5,0,2.6
2,9.550885,0,0,0,330.0184,1.5,0,2.6
2,9.557656,0,0,0,330.0184,1.5,0,2.6
2,9.564934,0,0,0,330.0184,1.5,0,2.6
2,9.571447,0,0,0,330.0184,1.5,0,2.6
2,9.578304,0,0,0,330.0184,1.5,0,2.6
2,9.584144,0,0,0,330.0184,1.5,0,2.6
2,9.589955,0,0,0,330.0184,1.5,0,2.6
2,9.596006,0,0,0,330.0184,1.5,0,2.6
2,9.602486,0,0,0,330.0184,1.5,0,2.6
2,9.609075,0,0,0,330.0184,1.5,0,2.6
2,9.615555,0,0,0,330.0184,1.5,0,2.6
2,9.622322,0,0,0,330.0184,1.5,0,2.6
2,9.628566,0,0,0,330.0184,1.5,0,2.6
2,9.634991,0,0,0,330.0184,1.5,0,2.6
2,9.640443,0,0,0,330.0184,1.5,0,2.6
2,9.646369,0,0,0,330.0184,1.5,0,2.6
2,9.651885,0,0,0,330.0184,1.5,0,2.6
2,9.657996,0,0,0,330.0184,1.5,0,2.6
2,9.664528,0,0,0,330.0184,1.5,0,2.6
2,9.670559,0,0,0,330.0184,1.5,0,2.6
2,9.67631,0,0,0,330.0184,1.5,0,2.6
2,9.682424,0,0,0,330.0184,1.5,0,2.6
2,9.68922,0,0,0,330.0184,1.5,0,2.6
2,9.694852,0,0,0,330.0184,1.5,0,2.6
2,9.700861,0,0,0,330.0184,1.5,0,2.6
2,9.70627,0,0,0,330.0184,1.5,0,2.6
2,9.712577,0,0,0,330.0184,1.5,0,2.6
2,9.718151,0,0,0,330.0184,1.5,0,2.6
2,9.724141,0,0,0,330.0184,1.5,0,2.6
2,9.729548,0,0,0,330.0184,1.5,0,2.6
2,9.735045,0,0,0,330.0184,1.5,0,2.6
2,9.740756,0,0,0,330.0184,1.5,0,2.6
2,9.746446,0,0,0,330.0184,1.5,0,2.6
2,9.752362,0,0,0,330.0184,1.5,0,2.6
2,9.760105,0,0,0,330.0184,1.5,0,2.6
2,9.766339,0,0,0,330.0184,1.5,0,2.6
2,9.773008,0,0,0,330.0184,1.5,0,2.6
2,9.779135,0,0,0,330.0184,1.5,0,2.6
2,9.784827,0,0,0,330.0184,1.5,0,2.6
2,9.790904,0,0,0,330.0184,1.5,0,2.6
2,9.796673,0,0,0,330.0184,1.5,0,2.6
2,9.80883,0,0,0,330.0184,1.5,0,2.6
2,9.815098,0,0,0,330.0184,1.5,0,2.6
2,9.821927,0,0,0,330.0184,1.5,0,2.6
2,9.827543,0,0,0,330.0184,1.5,0,2.6
2,9.834097,0,0,0,330.0184,1.5,0,2.6
2,9.840309,0,0,0,330.0184,1.5,0,2.6
2,9.846714,0,0,0,330.0184,1.5,0,2.6
2,9.85373,0,0,0,330.0184,1.5,0,2.6
2,9.860075,0,0,0,330.0184,1.5,0,2.6
2,9.866784,0,0,0,330.0184,1.5,0,2.6
2,9.872491,0,0,0,330.0184,1.5,0,2.6
2,9.878956,0,0,0,330.0184,1.5,0,2.6
2,9.885101,0,0,0,330.0184,1.5,0,2.6
2,9.891366,0,0,0,330.0184,1.5,0,2.6
2,9.8972,0,0,0,330.0184,1.5,0,2.6
2,9.903401,0,0,0,330.0184,1.5,0,2.6
2,9.909954,0,0,0,330.0184,1.5,0,2.6
2,9.915998,0,0,0,330.0184,1.5,0,2.6
2,9.923043,0,0,0,330.0184,1.5,0,2.6
2,9.929265,0,0,0,330.0184,1.5,0,2.6
2,9.936106,0,0,0,330.0184,1.5,0,2.6
2,9.943008,0,0,0,330.0184,1.5,0,2.6
2,9.950665,0,0,0,330.0184,1.5,0,2.6
2,9.957337,0,0,0,330.0184,1.5,0,2.6
2,9.963667,0,0,0,330.0184,1.5,0,2.6
2,9.970379,0,0,0,330.0184,1.5,0,2.6
2,9.976014,0,0,0,330.0184,1.5,0,2.6
2,9.982041,0,0,0,330.0184,1.5,0,2.6
2,9.987499,0,0,0,330.0184,1.5,0,2.6
2,9.993262,0,0,0,330.0184,1.5,0,2.6
2,9.998478,0,0,0,330.0184,1.5,0,2.6
2,10.00501,0,0,0,330.0184,1.5,0,2.6
2,10.01101,0,0,0,330.0184,1.5,0,2.6
2,10.01655,0,0,0,330.0184,1.5,0,2.6
2,10.0232,0,0,0,330.0184,1.5,0,2.6
2,10.02881,0,0,0,330.0184,1.5,0,2.6
2,10.03569,0,0,0,330.0184,1.5,0,2.6
2,10.04352,0,0,0,330.0184,1.5,0,2.6
2,10.05148,0,0,0,330.0184,1.5,0,2.6
2,10.05909,0,0,0,330.0184,1.5,0,2.6
2,10.06697,0,0,0,330.0184,1.5,0,2.6
2,10.07456,0,0,0,330.0184,1.5,0,2.6
2,10.08438,0,0,0,330.0184,1.5,0,2.6
2,10.09227,0,0,0,330.0184,1.5,0,2.6
2,10.09898,0,0,0,330.0184,1.5,0,2.6
2,10.10702,0,0,0,330.0184,1.5,0,2.6
2,10.11506,0,0,0,330.0184,1.5,0,2.6
2,10.12295,0,0,0,330.0184,1.5,0,2.6
2,10.13055,0,0,0,330.0184,1.5,0,2.6
2,10.1447,0,0,0,330.0184,1.5,0,2.6
2,10.15476,0,0,0,330.0184,1.5,0,2.6
2,10.1695,0,0,0,330.0184,1.5,0,2.6
2,10.1838,0,0,0,330.0184,1.5,0,2.6
2,10.19348,0,0,0,330.0184,1.5,0,2.6
2,10.21458,0,0,0,330.0184,1.5,0,2.6
2,10.22957,0,0,0,330.0184,1.5,0,2.6
2,10.2397,0,0,0,330.0184,1.5,0,2.6
2,10.24878,0,0,0,330.0184,1.5,0,2.6
2,10.25684,0,0,0,330.0184,1.5,0,2.6
2,10.26394,0,0,0,330.0184,1.5,0,2.6
2,10.27292,0,0,0,330.0184,1.5,0,2.6
2,10.28206,0,0,0,330.0184,1.5,0,2.6
2,10.2901,0,0,0,330.0184,1.5,0,2.6
2,10.29724,0,0,0,330.0184,1.5,0,2.6
2,10.30488,0,0,0,330.0184,1.5,0,2.6
2,10.31329,0,0,0,330.0184,1.5,0,2.6
2,10.32141,0,0,0,330.0184,1.5,0,2.6
2,10.33038,0,0,0,330.0184,1.5,0,2.6
2,10.33842,0,0,0,330.0184,1.5,0,2.6
2,10.34642,0,0,0,330.0184,1.5,0,2.6
2,10.35294,0,0,0,330.0184,1.5,0,2.6
2,10.36402,0,0,0,330.0184,1.5,0,2.6
2,10.37087,0,0,0,330.0184,1.5,0,2.6
2,10.3792,0,0,0,330.0184,1.5,0,2.6
2,10.38583,0,0,0,330.0184,1.5,0,2.6
2,10.39291,0,0,0,330.0184,1.5,0,2.6
2,10.39976,0,0,0,330.0184,1.5,0,2.6
2,10.4067,0,0,0,330.0184,1.5,0,2.6
2,10.41403,0,0,0,330.0184,1.5,0,2.6
2,10.42038,0,0,0,330.0184,1.5,0,2.6
2,10.42719,0,0,0,330.0184,1.5,0,2.6
2,10.43414,0,0,0,330.0184,1.5,0,2.6
2,10.4403,0,0,0,330.0184,1.5,0,2.6
2,10.44775,0,0,0,330.0184,1.5,0,2.6
2,10.45486,0,0,0,330.0184,1.5,0,2.6
2,10.46414,0,0,0,330.0184,1.5,0,2.6
2,10.47217,0,0,0,330.0184,1.5,0,2.6
2,10.48059,0,0,0,330.0184,1.5,0,2.6
2,10.48782,0,0,0,330.0184,1.5,0,2.6
2,10.49515,0,0,0,330.0184,1.5,0,2.6
2,10.50236,0,0,0,330.0184,1.5,0,2.6
2,10.50845,0,0,0,330.0184,1.5,0,2.6
2,10.5148,0,0,0,330.0184,1.5,0,2.6
2,10.52211,0,0,0,330.0184,1.5,0,2.6
2,10.52798,0,0,0,330.0184,1.5,0,2.6
2,10.53572,0,0,0,330.0184,1.5,0,2.6
2,10.54372,0,0,0,330.0184,1.5,0,2.6
2,10.55293,0,0,0,330.0184,1.5,0,2.6
2,10.56137,0,0,0,330.0184,1.5,0,2.6
2,10.56868,0,0,0,330.0184,1.5,0,2.6
2,10.5747,0,0,0,330.0184,1.5,0,2.6
2,10.5818,0,0,0,330.0184,1.5,0,2.6
2,10.58759,0,0,0,330.0184,1.5,0,2.6
2,10.59411,0,0,0,330.0184,1.5,0,2.6
2,10.60034,0,0,0,330.0184,1.5,0,2.6
2,10.60641,0,0,0,330.0184,1.5,0,2.6
2,10.61305,0,0,0,330.0184,1.5,0,2.6
2,10.61915,0,0,0,330.0184,1.5,0,2.6
2,10.6257,0,0,0,330.0184,1.5,0,2.6
2,10.63338,0,0,0,330.0184,1.5,0,2.6
2,10.63976,0,0,0,330.0184,1.5,0,2.6
2,10.64674,0,0,0,330.0184,1.5,0,2.6
2,10.65352,0,0,0,330.0184,1.5,0,2.6
2,10.65989,0,0,0,330.0184,1.5,0,2.6
2,10.66585,0,0,0,330.0184,1.5,0,2.6
2,10.67208,0,0,0,330.0184,1.5,0,2.6
2,10.67842,0,0,0,330.0184,1.5,0,2.6
2,10.68464,0,0,0,330.0184,1.5,0,2.6
2,10.69089,0,0,0,330.0184,1.5,0,2.6
2,10.69665,0,0,0,330.0184,1.5,0,2.6
2,10.70335,0,0,0,330.0184,1.5,0,2.6
2,10.70918,0,0,0,330.0184,1.5,0,2.6
2,10.71609,0,0,0,330.0184,1.5,0,2.6
2,10.72252,0,0,0,330.0184,1.5,0,2.6
2,10.72818,0,0,0,330.0184,1.5,0,2.6
2,10.73416,0,0,0,330.0184,1.5,0,2.6
2,10.73975,0,0,0,330.0184,1.5,0,2.6
2,10.7457,0,0,0,330.0184,1.5,0,2.6
2,10.75132,0,0,0,330.0184,1.5,0,2.6
2,10.75749,0,0,0,330.0184,1.5,0,2.6
2,10.76354,0,0,0,330.0184,1.5,0,2.6
2,10.76998,0,0,0,330.0184,1.5,0,2.6
2,10.77675,0,0,0,330.0184,1.5,0,2.6
2,10.78409,0,0,0,330.0184,1.5,0,2.6
2,10.79082,0,0,0,330.0184,1.5,0,2.6
2,10.79661,0,0,0,330.0184,1.5,0,2.6
2,10.80378,0,0,0,330.0184,1.5,0,2.6
2,10.80979,0,0,0,330.0184,1.5,0,2.6
2,10.81622,0,0,0,330.0184,1.5,0,2.6
2,10.8222,0,0,0,330.0184,1.5,0,2.6
2,10.82754,0,0,0,330.0184,1.5,0,2.6
2,10.83319,0,0,0,330.0184,1.5,0,2.6
2,10.84178,0,0,0,330.0184,1.5,0,2.6
2,10.84781,0,0,0,330.0184,1.5,0,2.6
2,10.85324,0,0,0,330.0184,1.5,0,2.6
2,10.85906,0,0,0,330.0184,1.5,0,2.6
2,10.8646,0,0,0,330.0184,1.5,0,2.6
2,10.8712,0,0,0,330.0184,1.5,0,2.6
2,10.87668,0,0,0,330.0184,1.5,0,2.6
2,10.88277,0,0,0,330.0184,1.5,0,2.6
2,10.88861,0,0,0,330.0184,1.5,0,2.6
2,10.89474,0,0,0,330.0184,1.5,0,2.6
2,10.9005,0,0,0,330.0184,1.5,0,2.6
2,10.9066,0,0,0,330.0184,1.5,0,2.6
2,10.91268,0,0,0,330.0184,1.5,0,2.6
2,10.91931,0,0,0,330.0184,1.5,0,2.6
2,10.92523,0,0,0,330.0184,1.5,0,2.6
2,10.93087,0,0,0,330.0184,1.5,0,2.6
2,10.93664,0,0,0,330.0184,1.5,0,2.6
2,10.94298,0,0,0,330.0184,1.5,0,2.6
2,10.94966,0,0,0,330.0184,1.5,0,2.6
2,10.95613,0,0,0,330.0184,1.5,0,2.6
2,10.96234,0,0,0,330.0184,1.5,0,2.6
2,10.96865,0,0,0,330.0184,1.5,0,2.6
2,10.97467,0,0,0,330.0184,1.5,0,2.6
2,10.98135,0,0,0,330.0184,1.5,0,2.6
2,10.9873,0,0,0,330.0184,1.5,0,2.6
2,10.99347,0,0,0,330.0184,1.5,0,2.6
2,10.99902,0,0,0,330.0184,1.5,0,2.6
2,11.00545,0,0,0,330.0184,1.5,0,2.6
2,11.01179,0,0,0,330.0184,1.5,0,2.6
2,11.01752,0,0,0,330.0184,1.5,0,2.6
2,11.02386,0,0,0,330.0184,1.5,0,2.6
2,11.02949,0,0,0,330.0184,1.5,0,2.6
2,11.0353,0,0,0,330.0184,1.5,0,2.6
2,11.04149,0,0,0,330.0184,1.5,0,2.6
2,11.04755,0,0,0,330.0184,1.5,0,2.6
2,11.05341,0,0,0,330.0184,1.5,0,2.6
2,11.05933,0,0,0,330.0184,1.5,0,2.6
2,11.06524,0,0,0,330.0184,1.5,0,2.6
2,11.07145,0,0,0,330.0184,1.5,0,2.6
2,11.07767,0,0,0,330.0184,1.5,0,2.6
2,11.08371,0,0,0,330.0184,1.5,0,2.6
2,11.09019,0,0,0,330.0184,1.5,0,2.6
2,11.09598,0,0,0,330.0184,1.5,0,2.6
2,11.10295,0,0,0,330.0184,1.5,0,2.6
2,11.11016,0,0,0,330.0184,1.5,0,2.6
2,11.1166,0,0,0,330.0184,1.5,0,2.6
2,11.12304,0,0,0,330.0184,1.5,0,2.6
2,11.12908,0,0,0,330.0184,1.5,0,2.6
2,11.13558,0,0,0,330.0184,1.5,0,2.6
2,11.14164,0,0,0,330.0184,1.5,0,2.6
2,11.1487,0,0,0,330.0184,1.5,0,2.6
2,11.15635,0,0,0,330.0184,1.5,0,2.6
2,11.16375,0,0,0,330.0184,1.5,0,2.6
2,11.17114,0,0,0,330.0184,1.5,0,2.6
2,11.17767,0,0,0,330.0184,1.5,0,2.6
2,11.1837,0,0,0,330.0184,1.5,0,2.6
2,11.19073,0,0,0,330.0184,1.5,0,2.6
2,11.19754,0,0,0,330.0184,1.5,0,2.6
2,11.20459,0,0,0,330.0184,1.5,0,2.6
2,11.21245,0,0,0,330.0184,1.5,0,2.6
2,11.22042,0,0,0,330.0184,1.5,0,2.6
2,11.22891,0,0,0,330.0184,1.5,0,2.6
2,11.23696,0,0,0,330.0184,1.5,0,2.6
2,11.24503,0,0,0,330.0184,1.5,0,2.6
2,11.25208,0,0,0,330.0184,1.5,0,2.6
2,11.26139,0,0,0,330.0184,1.5,0,2.6
2,11.26971,0,0,0,330.0184,1.5,0,2.6
2,11.27642,0,0,0,330.0184,1.5,0,2.6
2,11.28505,0,0,0,330.0184,1.5,0,2.6
2,11.29689,0,0,0,330.0184,1.5,0,2.6
2,11.30502,0,0,0,330.0184,1.5,0,2.6
2,11.31593,0,0,0,330.0184,1.5,0,2.6
2,11.32433,0,0,0,330.0184,1.5,0,2.6
2,11.33333,0,0,0,330.0184,1.5,0,2.6
2,11.34088,0,0,0,330.0184,1.5,0,2.6
2,11.34772,0,0,0,330.0184,1.5,0,2.6
2,11.35433,0,0,0,330.0184,1.5,0,2.6
2,11.36231,0,0,0,330.0184,1.5,0,2.6
2,11.36995,0,0,0,330.0184,1.5,0,2.6
2,11.37704,0,0,0,330.0184,1.5,0,2.6
2,11.38505,0,0,0,330.0184,1.5,0,2.6
2,11.39432,0,0,0,330.0184,1.5,0,2.6
2,11.40136,0,0,0,330.0184,1.5,0,2.6
2,11.40882,0,0,0,330.0184,1.5,0,2.6
2,11.41533,0,0,0,330.0184,1.5,0,2.6
2,11.42239,0,0,0,330.0184,1.5,0,2.6
2,11.42927,0,0,0,330.0184,1.5,0,2.6
2,11.43612,0,0,0,330.0184,1.5,0,2.6
2,11.44226,0,0,0,330.0184,1.5,0,2.6
2,11.44921,0,0,0,330.0184,1.5,0,2.6
2,11.45647,0,0,0,330.0184,1.5,0,2.6
2,11.46402,0,0,0,330.0184,1.5,0,2.6
2,11.47106,0,0,0,330.0184,1.5,0,2.6
2,11.47769,0,0,0,330.0184,1.5,0,2.6
2,11.48579,0,0,0,330.0184,1.5,0,2.6
2,11.49363,0,0,0,330.0184,1.5,0,2.6
2,11.50198,0,0,0,330.0184,1.5,0,2.6
2,11.50872,0,0,0,330.0184,1.5,0,2.6
2,11.51606,0,0,0,330.0184,1.5,0,2.6
2,11.52333,0,0,0,330.0184,1.5,0,2.6
2,11.52962,0,0,0,330.0184,1.5,0,2.6
2,11.53636,0,0,0,330.0184,1.5,0,2.6
2,11.54289,0,0,0,330.0184,1.5,0,2.6
2,11.55096,0,0,0,330.0184,1.5,0,2.6
2,11.55854,0,0,0,330.0184,1.5,0,2.6
2,11.5671,0,0,0,330.0184,1.5,0,2.6
2,11.57542,0,0,0,330.0184,1.5,0,2.6
2,11.5845,0,0,0,330.0184,1.5,0,2.6
2,11.59165,0,0,0,330.0184,1.5,0,2.6
2,11.59834,0,0,0,330.0184,1.5,0,2.6
2,11.6052,0,0,0,330.0184,1.5,0,2.6
2,11.61241,0,0,0,330.0184,1.5,0,2.6
2,11.6181,0,0,0,330.0184,1.5,0,2.6
2,11.62395,0,0,0,330.0184,1.5,0,2.6
2,11.62953,0,0,0,330.0184,1.5,0,2.6
2,11.63572,0,0,0,330.0184,1.5,0,2.6
2,11.64145,0,0,0,330.0184,1.5,0,2.6
2,11.64766,0,0,0,330.0184,1.5,0,2.6
2,11.65422,0,0,0,330.0184,1.5,0,2.6
2,11.66138,0,0,0,330.0184,1.5,0,2.6
2,11.66966,0,0,0,330.0184,1.5,0,2.6
2,11.67705,0,0,0,330.0184,1.5,0,2.6
2,11.68416,0,0,0,330.0184,1.5,0,2.6
2,11.69125,0,0,0,330.0184,1.5,0,2.6
2,11.6981,0,0,0,330.0184,1.5,0,2.6
2,11.70508,0,0,0,330.0184,1.5,0,2.6
2,11.71136,0,0,0,330.0184,1.5,0,2.6
2,11.71768,0,0,0,330.0184,1.5,0,2.6
2,11.7241,0,0,0,330.0184,1.5,0,2.6
2,11.73037,0,0,0,330.0184,1.5,0,2.6
2,11.73828,0,0,0,330.0184,1.5,0,2.6
2,11.74516,0,0,0,330.0184,1.5,0,2.6
2,11.75148,0,0,0,330.0184,1.5,0,2.6
2,11.75812,0,0,0,330.0184,1.5,0,2.6
2,11.76505,0,0,0,330.0184,1.5,0,2.6
2,11.77152,0,0,0,330.0184,1.5,0,2.6
2,11.77807,0,0,0,330.0184,1.5,0,2.6
2,11.78392,0,0,0,330.0184,1.5,0,2.6
2,11.79045,0,0,0,330.0184,1.5,0,2.6
2,11.79764,0,0,0,330.0184,1.5,0,2.6
2,11.80403,0,0,0,330.0184,1.5,0,2.6
2,11.81149,0,0,0,330.0184,1.5,0,2.6
2,11.82088,0,0,0,330.0184,1.5,0,2.6
2,11.82699,0,0,0,330.0184,1.5,0,2.6
2,11.83298,0,0,0,330.0184,1.5,0,2.6
2,11.83901,0,0,0,330.0184,1.5,0,2.6
2,11.84547,0,0,0,330.0184,1.5,0,2.6
2,11.85098,0,0,0,330.0184,1.5,0,2.6
2,11.85749,0,0,0,330.0184,1.5,0,2.6
2,11.86325,0,0,0,330.0184,1.5,0,2.6
2,11.86957,0,0,0,330.0184,1.5,0,2.6
2,11.87564,0,0,0,330.0184,1.5,0,2.6
2,11.88256,0,0,0,330.0184,1.5,0,2.6
2,11.88854,0,0,0,330.0184,1.5,0,2.6
2,11.89402,0,0,0,330.0184,1.5,0,2.6
2,11.89989,0,0,0,330.0184,1.5,0,2.6
2,11.90563,0,0,0,330.0184,1.5,0,2.6
2,11.91191,0,0,0,330.0184,1.5,0,2.6
2,11.91775,0,0,0,330.0184,1.5,0,2.6
2,11.92386,0,0,0,330.0184,1.5,0,2.6
2,11.9298,0,0,0,330.0184,1.5,0,2.6
2,11.93566,0,0,0,330.0184,1.5,0,2.6
2,11.9415,0,0,0,330.0184,1.5,0,2.6
2,11.94764,0,0,0,330.0184,1.5,0,2.6
2,11.95329,0,0,0,330.0184,1.5,0,2.6
2,11.95934,0,0,0,330.0184,1.5,0,2.6
2,11.96558,0,0,0,330.0184,1.5,0,2.6
2,11.97274,0,0,0,330.0184,1.5,0,2.6
2,11.97959,0,0,0,330.0184,1.5,0,2.6
2,11.98661,0,0,0,330.0184,1.5,0,2.6
2,11.99265,0,0,0,330.0184,1.5,0,2.6
2,11.99903,0,0,0,330.0184,1.5,0,2.6
2,12.00531,0,0,0,330.0184,1.5,0,2.6
2,12.01242,0,0,0,330.0184,1.5,0,2.6
2,12.01844,0,0,0,330.0184,1.5,0,2.6
2,12.02431,0,0,0,330.0184,1.5,0,2.6
2,12.03028,0,0,0,330.0184,1.5,0,2.6
2,12.03642,0,0,0,330.0184,1.5,0,2.6
2,12.04323,0,0,0,330.0184,1.5,0,2.6
2,12.04924,0,0,0,330.0184,1.5,0,2.6
2,12.05539,0,0,0,330.0184,1.5,0,2.6
2,12.06116,0,0,0,330.0184,1.5,0,2.6
2,12.06723,0,0,0,330.0184,1.5,0,2.6
2,12.0743,0,0,0,330.0184,1.5,0,2.6
2,12.08102,0,0,0,330.0184,1.5,0,2.6
2,12.08693,0,0,0,330.0184,1.5,0,2.6
2,12.09333,0,0,0,330.0184,1.5,0,2.6
2,12.09906,0,0,0,330.0184,1.5,0,2.6
2,12.10578,0,0,0,330.0184,1.5,0,2.6
2,12.11194,0,0,0,330.0184,1.5,0,2.6
2,12.11821,0,0,0,330.0184,1.5,0,2.6
2,12.12586,0,0,0,330.0184,1.5,0,2.6
2,12.1321,0,0,0,330.0184,1.5,0,2.6
2,12.13852,0,0,0,330.0184,1.5,0,2.6
2,12.14505,0,0,0,330.0184,1.5,0,2.6
2,12.15059,0,0,0,330.0184,1.5,0,2.6
2,12.15616,0,0,0,330.0184,1.5,0,2.6
2,12.16198,0,0,0,330.0184,1.5,0,2.6
2,12.16863,0,0,0,330.0184,1.5,0,2.6
2,12.17455,0,0,0,330.0184,1.5,0,2.6
2,12.18038,0,0,0,330.0184,1.5,0,2.6
2,12.18656,0,0,0,330.0184,1.5,0,2.6
2,12.19325,0,0,0,330.0184,1.5,0,2.6
2,12.19894,0,0,0,330.0184,1.5,0,2.6
2,12.20493,0,0,0,330.0184,1.5,0,2.6
2,12.21076,0,0,0,330.0184,1.5,0,2.6
2,12.21667,0,0,0,330.0184,1.5,0,2.6
2,12.22247,0,0,0,330.0184,1.5,0,2.6
2,12.22825,0,0,0,330.0184,1.5,0,2.6
2,12.23465,0,0,0,330.0184,1.5,0,2.6
2,12.24031,0,0,0,330.0184,1.5,0,2.6
2,12.24636,0,0,0,330.0184,1.5,0,2.6
2,12.25236,0,0,0,330.0184,1.5,0,2.6
2,12.25836,0,0,0,330.0184,1.5,0,2.6
2,12.26766,0,0,0,330.0184,1.5,0,2.6
2,12.27411,0,0,0,330.0184,1.5,0,2.6
2,12.28128,0,0,0,330.0184,1.5,0,2.6
2,12.28784,0,0,0,330.0184,1.5,0,2.6
2,12.29526,0,0,0,330.0184,1.5,0,2.6
2,12.30271,0,0,0,330.0184,1.5,0,2.6
2,12.3101,0,0,0,330.0184,1.5,0,2.6
2,12.31709,0,0,0,330.0184,1.5,0,2.6
2,12.32609,0,0,0,330.0184,1.5,0,2.6
2,12.33393,0,0,0,330.0184,1.5,0,2.6
2,12.34055,0,0,0,330.0184,1.5,0,2.6
2,12.34806,0,0,0,330.0184,1.5,0,2.6
2,12.35672,0,0,0,330.0184,1.5,0,2.6
2,12.36414,0,0,0,330.0184,1.5,0,2.6
2,12.37235,0,0,0,330.0184,1.5,0,2.6
2,12.38019,0,0,0,330.0184,1.5,0,2.6
2,12.38696,0,0,0,330.0184,1.5,0,2.6
2,12.39516,0,0,0,330.0184,1.5,0,2.6
2,12.40312,0,0,0,330.0184,1.5,0,2.6
2,12.41122,0,0,0,330.0184,1.5,0,2.6
2,12.41878,0,0,0,330.0184,1.5,0,2.6
2,12.4271,0,0,0,330.0184,1.5,0,2.6
2,12.43449,0,0,0,330.0184,1.5,0,2.6
2,12.44151,0,0,0,330.0184,1.5,0,2.6
2,12.44863,0,0,0,330.0184,1.5,0,2.6
2,12.45631,0,0,0,330.0184,1.5,0,2.6
2,12.46385,0,0,0,330.0184,1.5,0,2.6
2,12.47114,0,0,0,330.0184,1.5,0,2.6
2,12.47891,0,0,0,330.0184,1.5,0,2.6
2,12.48657,0,0,0,330.0184,1.5,0,2.6
2,12.49448,0,0,0,330.0184,1.5,0,2.6
2,12.50465,0,0,0,330.0184,1.5,0,2.6
2,12.51471,0,0,0,330.0184,1.5,0,2.6
2,12.52295,0,0,0,330.0184,1.5,0,2.6
2,12.52981,0,0,0,330.0184,1.5,0,2.6
2,12.53736,0,0,0,330.0184,1.5,0,2.6
2,12.54365,0,0,0,330.0184,1.5,0,2.6
2,12.55049,0,0,0,330.0184,1.5,0,2.6
2,12.55787,0,0,0,330.0184,1.5,0,2.6
2,12.5648,0,0,0,330.0184,1.5,0,2.6
2,12.57242,0,0,0,330.0184,1.5,0,2.6
2,12.5805,0,0,0,330.0184,1.5,0,2.6
2,12.58711,0,0,0,330.0184,1.5,0,2.6
2,12.59593,0,0,0,330.0184,1.5,0,2.6
2,12.60362,0,0,0,330.0184,1.5,0,2.6
2,12.6114,0,0,0,330.0184,1.5,0,2.6
2,12.61874,0,0,0,330.0184,1.5,0,2.6
2,12.6255,0,0,0,330.0184,1.5,0,2.6
2,12.63204,0,0,0,330.0184,1.5,0,2.6
2,12.63953,0,0,0,330.0184,1.5,0,2.6
2,12.64676,0,0,0,330.0184,1.5,0,2.6
2,12.65289,0,0,0,330.0184,1.5,0,2.6
2,12.66032,0,0,0,330.0184,1.5,0,2.6
2,12.66853,0,0,0,330.0184,1.5,0,2.6
2,12.67561,0,0,0,330.0184,1.5,0,2.6
2,12.68293,0,0,0,330.0184,1.5,0,2.6
2,12.68992,0,0,0,330.0184,1.5,0,2.6
2,12.69613,0,0,0,330.0184,1.5,0,2.6
2,12.70322,0,0,0,330.0184,1.5,0,2.6
2,12.70964,0,0,0,330.0184,1.5,0,2.6
2,12.71624,0,0,0,330.0184,1.5,0,2.6
2,12.72299,0,0,0,330.0184,1.5,0,2.6
2,12.72878,0,0,0,330.0184,1.5,0,2.6
2,12.73538,0,0,0,330.0184,1.5,0,2.6
2,12.74104,0,0,0,330.0184,1.5,0,2.6
2,12.74838,0,0,0,330.0184,1.5,0,2.6
2,12.75561,0,0,0,330.0184,1.5,0,2.6
2,12.76164,0,0,0,330.0184,1.5,0,2.6
2,12.768,0,0,0,330.0184,1.5,0,2.6
2,12.77386,0,0,0,330.0184,1.5,0,2.6
2,12.78027,0,0,0,330.0184,1.5,0,2.6
2,12.78705,0,0,0,330.0184,1.5,0,2.6
2,12.79747,0,0,0,330.0184,1.5,0,2.6
2,12.80399,0,0,0,330.0184,1.5,0,2.6
2,12.81201,0,0,0,330.0184,1.5,0,2.6
2,12.81875,0,0,0,330.0184,1.5,0,2.6
2,12.82623,0,0,0,330.0184,1.5,0,2.6
2,12.83304,0,0,0,330.0184,1.5,0,2.6
2,12.83912,0,0,0,330.0184,1.5,0,2.6
2,12.84552,0,0,0,330.0184,1.5,0,2.6
2,12.85167,0,0,0,330.0184,1.5,0,2.6
2,12.85829,0,0,0,330.0184,1.5,0,2.6
2,12.86456,0,0,0,330.0184,1.5,0,2.6
2,12.87167,0,0,0,330.0184,1.5,0,2.6
2,12.87878,0,0,0,330.0184,1.5,0,2.6
2,12.88462,0,0,0,330.0184,1.5,0,2.6
2,12.89108,0,0,0,330.0184,1.5,0,2.6
2,12.89682,0,0,0,330.0184,1.5,0,2.6
2,12.90428,0,0,0,330.0184,1.5,0,2.6
2,12.91185,0,0,0,330.0184,1.5,0,2.6
2,12.91763,0,0,0,330.0184,1.5,0,2.6
2,12.92396,0,0,0,330.0184,1.5,0,2.6
2,12.92956,0,0,0,330.0184,1.5,0,2.6
2,12.93554,0,0,0,330.0184,1.5,0,2.6
2,12.94111,0,0,0,330.0184,1.5,0,2.6
2,12.94799,0,0,0,330.0184,1.5,0,2.6
2,12.95353,0,0,0,330.0184,1.5,0,2.6
2,12.95933,0,0,0,330.0184,1.5,0,2.6
2,12.96526,0,0,0,330.0184,1.5,0,2.6
2,12.97297,0,0,0,330.0184,1.5,0,2.6
2,12.97937,0,0,0,330.0184,1.5,0,2.6
2,12.98664,0,0,0,330.0184,1.5,0,2.6
2,12.99231,0,0,0,330.0184,1.5,0,2.6
2,12.99846,0,0,0,330.0184,1.5,0,2.6
2,13.00475,0,0,0,330.0184,1.5,0,2.6
2,13.0112,0,0,0,330.0184,1.5,0,2.6
2,13.01726,0,0,0,330.0184,1.5,0,2.6
2,13.02364,0,0,0,330.0184,1.5,0,2.6
2,13.02966,0,0,0,330.0184,1.5,0,2.6
2,13.03582,0,0,0,330.0184,1.5,0,2.6
2,13.04178,0,0,0,330.0184,1.5,0,2.6
2,13.04835,0,0,0,330.0184,1.5,0,2.6
2,13.05446,0,0,0,330.0184,1.5,0,2.6
2,13.06111,0,0,0,330.0184,1.5,0,2.6
2,13.06804,0,0,0,330.0184,1.5,0,2.6
2,13.07415,0,0,0,330.0184,1.5,0,2.6
2,13.08174,0,0,0,330.0184,1.5,0,2.6
2,13.08885,0,0,0,330.0184,1.5,0,2.6
2,13.09451,0,0,0,330.0184,1.5,0,2.6
2,13.10051,0,0,0,330.0184,1.5,0,2.6
2,13.10616,0,0,0,330.0184,1.5,0,2.6
2,13.11207,0,0,0,330.0184,1.5,0,2.6
2,13.1178,0,0,0,330.0184,1.5,0,2.6
2,13.12424,0,0,0,330.0184,1.5,0,2.6
2,13.13078,0,0,0,330.0184,1.5,0,2.6
2,13.13799,0,0,0,330.0184,1.5,0,2.6
2,13.14533,0,0,0,330.0184,1.5,0,2.6
2,13.15154,0,0,0,330.0184,1.5,0,2.6
2,13.15845,0,0,0,330.0184,1.5,0,2.6
2,13.16466,0,0,0,330.0184,1.5,0,2.6
2,13.17108,0,0,0,330.0184,1.5,0,2.6
2,13.17758,0,0,0,330.0184,1.5,0,2.6
2,13.1839,0,0,0,330.0184,1.5,0,2.6
2,13.18987,0,0,0,330.0184,1.5,0,2.6
2,13.19564,0,0,0,330.0184,1.5,0,2.6
2,13.20213,0,0,0,330.0184,1.5,0,2.6
2,13.20803,0,0,0,330.0184,1.5,0,2.6
2,13.21426,0,0,0,330.0184,1.5,0,2.6
2,13.22063,0,0,0,330.0184,1.5,0,2.6
2,13.22699,0,0,0,330.0184,1.5,0,2.6
2,13.23319,0,0,0,330.0184,1.5,0,2.6
2,13.23865,0,0,0,330.0184,1.5,0,2.6
2,13.2449,0,0,0,330.0184,1.5,0,2.6
2,13.25066,0,0,0,330.0184,1.5,0,2.6
2,13.257,0,0,0,330.0184,1.5,0,2.6
2,13.26581,0,0,0,330.0184,1.5,0,2.6
2,13.27191,0,0,0,330.0184,1.5,0,2.6
2,13.27884,0,0,0,330.0184,1.5,0,2.6
2,13.28443,0,0,0,330.0184,1.5,0,2.6
2,13.29135,0,0,0,330.0184,1.5,0,2.6
2,13.31144,0,0,0,330.0184,1.5,0,2.6
2,13.32429,0,0,0,330.0184,1.5,0,2.6
2,13.33258,0,0,0,330.0184,1.5,0,2.6
2,13.33918,0,0,0,330.0184,1.5,0,2.6
2,13.3461,0,0,0,330.0184,1.5,0,2.6
2,13.35212,0,0,0,330.0184,1.5,0,2.6
2,13.35858,0,0,0,330.0184,1.5,0,2.6
2,13.36436,0,0,0,330.0184,1.5,0,2.6
2,13.37049,0,0,0,330.0184,1.5,0,2.6
2,13.37606,0,0,0,330.0184,1.5,0,2.6
2,13.38245,0,0,0,330.0184,1.5,0,2.6
2,13.38869,0,0,0,330.0184,1.5,0,2.6
2,13.39496,0,0,0,330.0184,1.5,0,2.6
2,13.40266,0,0,0,330.0184,1.5,0,2.6
2,13.40942,0,0,0,330.0184,1.5,0,2.6
2,13.41705,0,0,0,330.0184,1.5,0,2.6
2,13.4236,0,0,0,330.0184,1.5,0,2.6
2,13.43013,0,0,0,330.0184,1.5,0,2.6
2,13.4383,0,0,0,330.0184,1.5,0,2.6
2,13.44697,0,0,0,330.0184,1.5,0,2.6
2,13.4541,0,0,0,330.0184,1.5,0,2.6
2,13.46217,0,0,0,330.0184,1.5,0,2.6
2,13.4709,0,0,0,330.0184,1.5,0,2.6
2,13.47884,0,0,0,330.0184,1.5,0,2.6
2,13.48692,0,0,0,330.0184,1.5,0,2.6
2,13.49598,0,0,0,330.0184,1.5,0,2.6
2,13.50439,0,0,0,330.0184,1.5,0,2.6
2,13.5135,0,0,0,330.0184,1.5,0,2.6
2,13.52401,0,0,0,330.0184,1.5,0,2.6
2,13.53414,0,0,0,330.0184,1.5,0,2.6
2,13.54354,0,0,0,330.0184,1.5,0,2.6
2,13.552,0,0,0,330.0184,1.5,0,2.6
2,13.56101,0,0,0,330.0184,1.5,0,2.6
2,13.56948,0,0,0,330.0184,1.5,0,2.6
2,13.5785,0,0,0,330.0184,1.5,0,2.6
2,13.58718,0,0,0,330.0184,1.5,0,2.6
2,13.59624,0,0,0,330.0184,1.5,0,2.6
2,13.60577,0,0,0,330.0184,1.5,0,2.6
2,13.61529,0,0,0,330.0184,1.5,0,2.6
2,13.62265,0,0,0,330.0184,1.5,0,2.6
2,13.63076,0,0,0,330.0184,1.5,0,2.6
2,13.63888,0,0,0,330.0184,1.5,0,2.6
2,13.64684,0,0,0,330.0184,1.5,0,2.6
2,13.65566,0,0,0,330.0184,1.5,0,2.6
2,13.66384,0,0,0,330.0184,1.5,0,2.6
2,13.67079,0,0,0,330.0184,1.5,0,2.6
2,13.67788,0,0,0,330.0184,1.5,0,2.6
2,13.6857,0,0,0,330.0184,1.5,0,2.6
2,13.69435,0,0,0,330.0184,1.5,0,2.6
2,13.70257,0,0,0,330.0184,1.5,0,2.6
2,13.70937,0,0,0,330.0184,1.5,0,2.6
2,13.71665,0,0,0,330.0184,1.5,0,2.6
2,13.72375,0,0,0,330.0184,1.5,0,2.6
2,13.72982,0,0,0,330.0184,1.5,0,2.6
2,13.73697,0,0,0,330.0184,1.5,0,2.6
2,13.74447,0,0,0,330.0184,1.5,0,2.6
2,13.75115,0,0,0,330.0184,1.5,0,2.6
2,13.75949,0,0,0,330.0184,1.5,0,2.6
2,13.76799,0,0,0,330.0184,1.5,0,2.6
2,13.77499,0,0,0,330.0184,1.5,0,2.6
2,13.78237,0,0,0,330.0184,1.5,0,2.6
2,13.78991,0,0,0,330.0184,1.5,0,2.6
2,13.79704,0,0,0,330.0184,1.5,0,2.6
2,13.80437,0,0,0,330.0184,1.5,0,2.6
2,13.81251,0,0,0,330.0184,1.5,0,2.6
2,13.81975,0,0,0,330.0184,1.5,0,2.6
2,13.8285,0,0,0,330.0184,1.5,0,2.6
2,13.84086,0,0,0,330.0184,1.5,0,2.6
2,13.84794,0,0,0,330.0184,1.5,0,2.6
2,13.85439,0,0,0,330.0184,1.5,0,2.6
2,13.86151,0,0,0,330.0184,1.5,0,2.6
2,13.86827,0,0,0,330.0184,1.5,0,2.6
2,13.87435,0,0,0,330.0184,1.5,0,2.6
2,13.88134,0,0,0,330.0184,1.5,0,2.6
2,13.88796,0,0,0,330.0184,1.5,0,2.6
2,13.89506,0,0,0,330.0184,1.5,0,2.6
2,13.90183,0,0,0,330.0184,1.5,0,2.6
2,13.9082,0,0,0,330.0184,1.5,0,2.6
2,13.91549,0,0,0,330.0184,1.5,0,2.6
2,13.92339,0,0,0,330.0184,1.5,0,2.6
2,13.92999,0,0,0,330.0184,1.5,0,2.6
2,13.93655,0,0,0,330.0184,1.5,0,2.6
2,13.94278,0,0,0,330.0184,1.5,0,2.6
2,13.94935,0,0,0,330.0184,1.5,0,2.6
2,13.95677,0,0,0,330.0184,1.5,0,2.6
2,13.9634,0,0,0,330.0184,1.5,0,2.6
2,13.97062,0,0,0,330.0184,1.5,0,2.6
2,13.97815,0,0,0,330.0184,1.5,0,2.6
2,13.98477,0,0,0,330.0184,1.5,0,2.6
2,13.99157,0,0,0,330.0184,1.5,0,2.6
2,13.9989,0,0,0,330.0184,1.5,0,2.6
2,14.00643,0,0,0,330.0184,1.5,0,2.6
2,14.01391,0,0,0,330.0184,1.5,0,2.6
2,14.02101,0,0,0,330.0184,1.5,0,2.6
2,14.02802,0,0,0,330.0184,1.5,0,2.6
2,14.0344,0,0,0,330.0184,1.5,0,2.6
2,14.0404,0,0,0,330.0184,1.5,0,2.6
2,14.0465,0,0,0,330.0184,1.5,0,2.6
2,14.052,0,0,0,330.0184,1.5,0,2.6
2,14.0584,0,0,0,330.0184,1.5,0,2.6
2,14.06468,0,0,0,330.0184,1.5,0,2.6
2,14.07105,0,0,0,330.0184,1.5,0,2.6
2,14.07679,0,0,0,330.0184,1.5,0,2.6
2,14.08329,0,0,0,330.0184,1.5,0,2.6
2,14.08962,0,0,0,330.0184,1.5,0,2.6
2,14.09565,0,0,0,330.0184,1.5,0,2.6
2,14.10207,0,0,0,330.0184,1.5,0,2.6
2,14.10779,0,0,0,330.0184,1.5,0,2.6
2,14.11397,0,0,0,330.0184,1.5,0,2.6
2,14.11966,0,0,0,330.0184,1.5,0,2.6
2,14.12522,0,0,0,330.0184,1.5,0,2.6
2,14.13055,0,0,0,330.0184,1.5,0,2.6
2,14.13675,0,0,0,330.0184,1.5,0,2.6
2,14.1425,0,0,0,330.0184,1.5,0,2.6
2,14.14885,0,0,0,330.0184,1.5,0,2.6
2,14.15611,0,0,0,330.0184,1.5,0,2.6
2,14.16204,0,0,0,330.0184,1.5,0,2.6
2,14.16797,0,0,0,330.0184,1.5,0,2.6
2,14.17404,0,0,0,330.0184,1.5,0,2.6
2,14.18044,0,0,0,330.0184,1.5,0,2.6
2,14.18642,0,0,0,330.0184,1.5,0,2.6
2,14.19279,0,0,0,330.0184,1.5,0,2.6
2,14.19854,0,0,0,330.0184,1.5,0,2.6
2,14.20475,0,0,0,330.0184,1.5,0,2.6
2,14.21101,0,0,0,330.0184,1.5,0,2.6
2,14.21706,0,0,0,330.0184,1.5,0,2.6
2,14.2232,0,0,0,330.0184,1.5,0,2.6
2,14.22953,0,0,0,330.0184,1.5,0,2.6
2,14.23601,0,0,0,330.0184,1.5,0,2.6
2,14.24176,0,0,0,330.0184,1.5,0,2.6
2,14.24815,0,0,0,330.0184,1.5,0,2.6
2,14.25397,0,0,0,330.0184,1.5,0,2.6
2,14.26051,0,0,0,330.0184,1.5,0,2.6
2,14.26726,0,0,0,330.0184,1.5,0,2.6
2,14.27356,0,0,0,330.0184,1.5,0,2.6
2,14.27961,0,0,0,330.0184,1.5,0,2.6
2,14.2855,0,0,0,330.0184,1.5,0,2.6
2,14.29238,0,0,0,330.0184,1.5,0,2.6
2,14.29866,0,0,0,330.0184,1.5,0,2.6
2,14.30491,0,0,0,330.0184,1.5,0,2.6
2,14.31402,0,0,0,330.0184,1.5,0,2.6
2,14.32227,0,0,0,330.0184,1.5,0,2.6
2,14.32967,0,0,0,330.0184,1.5,0,2.6
2,14.34023,0,0,0,330.0184,1.5,0,2.6
2,14.34738,0,0,0,330.0184,1.5,0,2.6
2,14.35354,0,0,0,330.0184,1.5,0,2.6
2,14.35993,0,0,0,330.0184,1.5,0,2.6
2,14.3658,0,0,0,330.0184,1.5,0,2.6
2,14.3717,0,0,0,330.0184,1.5,0,2.6
2,14.37789,0,0,0,330.0184,1.5,0,2.6
2,14.38348,0,0,0,330.0184,1.5,0,2.6
2,14.38993,0,0,0,330.0184,1.5,0,2.6
2,14.39567,0,0,0,330.0184,1.5,0,2.6
2,14.40175,0,0,0,330.0184,1.5,0,2.6
2,14.40725,0,0,0,330.0184,1.5,0,2.6
2,14.41354,0,0,0,330.0184,1.5,0,2.6
2,14.41965,0,0,0,330.0184,1.5,0,2.6
2,14.42597,0,0,0,330.0184,1.5,0,2.6
2,14.43196,0,0,0,330.0184,1.5,0,2.6
2,14.43828,0,0,0,330.0184,1.5,0,2.6
2,14.44494,0,0,0,330.0184,1.5,0,2.6
2,14.45091,0,0,0,330.0184,1.5,0,2.6
2,14.45714,0,0,0,330.0184,1.5,0,2.6
2,14.46372,0,0,0,330.0184,1.5,0,2.6
2,14.47011,0,0,0,330.0184,1.5,0,2.6
2,14.47592,0,0,0,330.0184,1.5,0,2.6
2,14.48215,0,0,0,330.0184,1.5,0,2.6
2,14.48859,0,0,0,330.0184,1.5,0,2.6
2,14.49466,0,0,0,330.0184,1.5,0,2.6
2,14.50087,0,0,0,330.0184,1.5,0,2.6
2,14.50646,0,0,0,330.0184,1.5,0,2.6
2,14.51251,0,0,0,330.0184,1.5,0,2.6
2,14.5182,0,0,0,330.0184,1.5,0,2.6
2,14.52412,0,0,0,330.0184,1.5,0,2.6
2,14.53096,0,0,0,330.0184,1.5,0,2.6
2,14.54029,0,0,0,330.0184,1.5,0,2.6
2,14.54912,0,0,0,330.0184,1.5,0,2.6
2,14.55842,0,0,0,330.0184,1.5,0,2.6
2,14.56585,0,0,0,330.0184,1.5,0,2.6
2,14.57374,0,0,0,330.0184,1.5,0,2.6
2,14.58115,0,0,0,330.0184,1.5,0,2.6
2,14.5893,0,0,0,330.0184,1.5,0,2.6
2,14.59767,0,0,0,330.0184,1.5,0,2.6
2,14.60632,0,0,0,330.0184,1.5,0,2.6
2,14.61552,0,0,0,330.0184,1.5,0,2.6
2,14.624,0,0,0,330.0184,1.5,0,2.6
2,14.63385,0,0,0,330.0184,1.5,0,2.6
2,14.64345,0,0,0,330.0184,1.5,0,2.6
2,14.65109,0,0,0,330.0184,1.5,0,2.6
2,14.66041,0,0,0,330.0184,1.5,0,2.6
2,14.66898,0,0,0,330.0184,1.5,0,2.6
2,14.67693,0,0,0,330.0184,1.5,0,2.6
2,14.685,0,0,0,330.0184,1.5,0,2.6
2,14.69327,0,0,0,330.0184,1.5,0,2.6
2,14.70184,0,0,0,330.0184,1.5,0,2.6
2,14.71007,0,0,0,330.0184,1.5,0,2.6
2,14.71847,0,0,0,330.0184,1.5,0,2.6
2,14.7263,0,0,0,330.0184,1.5,0,2.6
2,14.73379,0,0,0,330.0184,1.5,0,2.6
2,14.74135,0,0,0,330.0184,1.5,0,2.6
2,14.74983,0,0,0,330.0184,1.5,0,2.6
2,14.75765,0,0,0,330.0184,1.5,0,2.6
2,14.76564,0,0,0,330.0184,1.5,0,2.6
2,14.77618,0,0,0,330.0184,1.5,0,2.6
2,14.78583,0,0,0,330.0184,1.5,0,2.6
2,14.79304,0,0,0,330.0184,1.5,0,2.6
2,14.80108,0,0,0,330.0184,1.5,0,2.6
2,14.80817,0,0,0,330.0184,1.5,0,2.6
2,14.81634,0,0,0,330.0184,1.5,0,2.6
2,14.82346,0,0,0,330.0184,1.5,0,2.6
2,14.83042,0,0,0,330.0184,1.5,0,2.6
2,14.83803,0,0,0,330.0184,1.5,0,2.6
2,14.84696,0,0,0,330.0184,1.5,0,2.6
2,14.85737,0,0,0,330.0184,1.5,0,2.6
2,14.86987,0,0,0,330.0184,1.5,0,2.6
2,14.8765,0,0,0,330.0184,1.5,0,2.6
2,14.8849,0,0,0,330.0184,1.5,0,2.6
2,14.89211,0,0,0,330.0184,1.5,0,2.6
2,14.89888,0,0,0,330.0184,1.5,0,2.6
2,14.90606,0,0,0,330.0184,1.5,0,2.6
2,14.91351,0,0,0,330.0184,1.5,0,2.6
2,14.92045,0,0,0,330.0184,1.5,0,2.6
2,14.92741,0,0,0,330.0184,1.5,0,2.6
2,14.93466,0,0,0,330.0184,1.5,0,2.6
2,14.94272,0,0,0,330.0184,1.5,0,2.6
2,14.94956,0,0,0,330.0184,1.5,0,2.6
2,14.95739,0,0,0,330.0184,1.5,0,2.6
2,14.96404,0,0,0,330.0184,1.5,0,2.6
2,14.97128,0,0,0,330.0184,1.5,0,2.6
2,14.97843,0,0,0,330.0184,1.5,0,2.6
2,14.98478,0,0,0,330.0184,1.5,0,2.6
2,14.99146,0,0,0,330.0184,1.5,0,2.6
2,14.99753,0,0,0,330.0184,1.5,0,2.6
2,15.00377,0,0,0,330.0184,1.5,0,2.6
2,15.01123,0,0,0,330.0184,1.5,0,2.6
2,15.01846,0,0,0,330.0184,1.5,0,2.6
2,15.02572,0,0,0,330.0184,1.5,0,2.6
2,15.0324,0,0,0,330.0184,1.5,0,2.6
2,15.03897,0,0,0,330.0184,1.5,0,2.6
2,15.04531,0,0,0,330.0184,1.5,0,2.6
2,15.05223,0,0,0,330.0184,1.5,0,2.6
2,15.05875,0,0,0,330.0184,1.5,0,2.6
2,15.06506,0,0,0,330.0184,1.5,0,2.6
2,15.07137,0,0,0,330.0184,1.5,0,2.6
2,15.07848,0,0,0,330.0184,1.5,0,2.6
2,15.08581,0,0,0,330.0184,1.5,0,2.6
2,15.09402,0,0,0,330.0184,1.5,0,2.6
2,15.10094,0,0,0,330.0184,1.5,0,2.6
2,15.10676,0,0,0,330.0184,1.5,0,2.6
2,15.11298,0,0,0,330.0184,1.5,0,2.6
2,15.11921,0,0,0,330.0184,1.5,0,2.6
2,15.12606,0,0,0,330.0184,1.5,0,2.6
2,15.13234,0,0,0,330.0184,1.5,0,2.6
2,15.13874,0,0,0,330.0184,1.5,0,2.6
2,15.14533,0,0,0,330.0184,1.5,0,2.6
2,15.15179,0,0,0,330.0184,1.5,0,2.6
2,15.158,0,0,0,330.0184,1.5,0,2.6
2,15.16433,0,0,0,330.0184,1.5,0,2.6
2,15.1721,0,0,0,330.0184,1.5,0,2.6
2,15.17853,0,0,0,330.0184,1.5,0,2.6
2,15.1842,0,0,0,330.0184,1.5,0,2.6
2,15.19044,0,0,0,330.0184,1.5,0,2.6
2,15.1965,0,0,0,330.0184,1.5,0,2.6
2,15.20262,0,0,0,330.0184,1.5,0,2.6
2,15.20815,0,0,0,330.0184,1.5,0,2.6
2,15.21412,0,0,0,330.0184,1.5,0,2.6
2,15.21963,0,0,0,330.0184,1.5,0,2.6
2,15.22632,0,0,0,330.0184,1.5,0,2.6
2,15.23316,0,0,0,330.0184,1.5,0,2.6
2,15.2391,0,0,0,330.0184,1.5,0,2.6
2,15.24639,0,0,0,330.0184,1.5,0,2.6
2,15.25214,0,0,0,330.0184,1.5,0,2.6
2,15.25799,0,0,0,330.0184,1.5,0,2.6
2,15.26408,0,0,0,330.0184,1.5,0,2.6
2,15.27004,0,0,0,330.0184,1.5,0,2.6
2,15.27567,0,0,0,330.0184,1.5,0,2.6
2,15.28194,0,0,0,330.0184,1.5,0,2.6
2,15.28795,0,0,0,330.0184,1.5,0,2.6
2,15.29466,0,0,0,330.0184,1.5,0,2.6
2,15.30109,0,0,0,330.0184,1.5,0,2.6
2,15.30674,0,0,0,330.0184,1.5,0,2.6
2,15.31256,0,0,0,330.0184,1.5,0,2.6
2,15.31867,0,0,0,330.0184,1.5,0,2.6
2,15.32744,0,0,0,330.0184,1.5,0,2.6
2,15.33439,0,0,0,330.0184,1.5,0,2.6
2,15.34179,0,0,0,330.0184,1.5,0,2.6
2,15.34814,0,0,0,330.0184,1.5,0,2.6
2,15.35852,0,0,0,330.0184,1.5,0,2.6
2,15.3645,0,0,0,330.0184,1.5,0,2.6
2,15.37076,0,0,0,330.0184,1.5,0,2.6
2,15.37676,0,0,0,330.0184,1.5,0,2.6
2,15.38298,0,0,0,330.0184,1.5,0,2.6
2,15.38887,0,0,0,330.0184,1.5,0,2.6
2,15.39443,0,0,0,330.0184,1.5,0,2.6
2,15.40145,0,0,0,330.0184,1.5,0,2.6
2,15.40711,0,0,0,330.0184,1.5,0,2.6
2,15.41318,0,0,0,330.0184,1.5,0,2.6
2,15.41868,0,0,0,330.0184,1.5,0,2.6
2,15.42507,0,0,0,330.0184,1.5,0,2.6
2,15.43096,0,0,0,330.0184,1.5,0,2.6
2,15.43716,0,0,0,330.0184,1.5,0,2.6
2,15.44306,0,0,0,330.0184,1.5,0,2.6
2,15.44912,0,0,0,330.0184,1.5,0,2.6
2,15.45468,0,0,0,330.0184,1.5,0,2.6
2,15.46068,0,0,0,330.0184,1.5,0,2.6
2,15.46758,0,0,0,330.0184,1.5,0,2.6
2,15.4737,0,0,0,330.0184,1.5,0,2.6
2,15.47991,0,0,0,330.0184,1.5,0,2.6
2,15.48606,0,0,0,330.0184,1.5,0,2.6
2,15.49348,0,0,0,330.0184,1.5,0,2.6
2,15.50009,0,0,0,330.0184,1.5,0,2.6
2,15.50593,0,0,0,330.0184,1.5,0,2.6
2,15.51209,0,0,0,330.0184,1.5,0,2.6
2,15.51809,0,0,0,330.0184,1.5,0,2.6
2,15.52447,0,0,0,330.0184,1.5,0,2.6
2,15.53027,0,0,0,330.0184,1.5,0,2.6
2,15.53616,0,0,0,330.0184,1.5,0,2.6
2,15.54181,0,0,0,330.0184,1.5,0,2.6
2,15.54835,0,0,0,330.0184,1.5,0,2.6
2,15.55604,0,0,0,330.0184,1.5,0,2.6
2,15.56453,0,0,0,330.0184,1.5,0,2.6
2,15.57155,0,0,0,330.0184,1.5,0,2.6
2,15.5796,0,0,0,330.0184,1.5,0,2.6
2,15.58575,0,0,0,330.0184,1.5,0,2.6
2,15.59212,0,0,0,330.0184,1.5,0,2.6
2,15.59799,0,0,0,330.0184,1.5,0,2.6
2,15.60622,0,0,0,330.0184,1.5,0,2.6
2,15.6131,0,0,0,330.0184,1.5,0,2.6
2,15.61986,0,0,0,330.0184,1.5,0,2.6
2,15.62623,0,0,0,330.0184,1.5,0,2.6
2,15.63337,0,0,0,330.0184,1.5,0,2.6
2,15.64106,0,0,0,330.0184,1.5,0,2.6
2,15.64884,0,0,0,330.0184,1.5,0,2.6
2,15.65911,0,0,0,330.0184,1.5,0,2.6
2,15.6665,0,0,0,330.0184,1.5,0,2.6
2,15.67273,0,0,0,330.0184,1.5,0,2.6
2,15.67956,0,0,0,330.0184,1.5,0,2.6
2,15.68617,0,0,0,330.0184,1.5,0,2.6
2,15.69382,0,0,0,330.0184,1.5,0,2.6
2,15.70234,0,0,0,330.0184,1.5,0,2.6
2,15.71004,0,0,0,330.0184,1.5,0,2.6
2,15.71976,0,0,0,330.0184,1.5,0,2.6
2,15.72828,0,0,0,330.0184,1.5,0,2.6
2,15.73679,0,0,0,330.0184,1.5,0,2.6
2,15.74555,0,0,0,330.0184,1.5,0,2.6
2,15.75363,0,0,0,330.0184,1.5,0,2.6
2,15.76222,0,0,0,330.0184,1.5,0,2.6
2,15.77069,0,0,0,330.0184,1.5,0,2.6
2,15.77863,0,0,0,330.0184,1.5,0,2.6
2,15.78643,0,0,0,330.0184,1.5,0,2.6
2,15.79451,0,0,0,330.0184,1.5,0,2.6
2,15.80336,0,0,0,330.0184,1.5,0,2.6
2,15.81289,0,0,0,330.0184,1.5,0,2.6
2,15.82134,0,0,0,330.0184,1.5,0,2.6
2,15.82927,0,0,0,330.0184,1.5,0,2.6
2,15.83762,0,0,0,330.0184,1.5,0,2.6
2,15.845,0,0,0,330.0184,1.5,0,2.6
2,15.85168,0,0,0,330.0184,1.5,0,2.6
2,15.86053,0,0,0,330.0184,1.5,0,2.6
2,15.86925,0,0,0,330.0184,1.5,0,2.6
2,15.87891,0,0,0,330.0184,1.5,0,2.6
2,15.8922,0,0,0,330.0184,1.5,0,2.6
2,15.89988,0,0,0,330.0184,1.5,0,2.6
2,15.90708,0,0,0,330.0184,1.5,0,2.6
2,15.91426,0,0,0,330.0184,1.5,0,2.6
2,15.9215,0,0,0,330.0184,1.5,0,2.6
2,15.92937,0,0,0,330.0184,1.5,0,2.6
2,15.93668,0,0,0,330.0184,1.5,0,2.6
2,15.94374,0,0,0,330.0184,1.5,0,2.6
2,15.9518,0,0,0,330.0184,1.5,0,2.6
2,15.96044,0,0,0,330.0184,1.5,0,2.6
2,15.96729,0,0,0,330.0184,1.5,0,2.6
2,15.97413,0,0,0,330.0184,1.5,0,2.6
2,15.9825,0,0,0,330.0184,1.5,0,2.6
2,15.99052,0,0,0,330.0184,1.5,0,2.6
2,15.99766,0,0,0,330.0184,1.5,0,2.6
2,16.00453,0,0,0,330.0184,1.5,0,2.6
2,16.01227,0,0,0,330.0184,1.5,0,2.6
2,16.01922,0,0,0,330.0184,1.5,0,2.6
2,16.02646,0,0,0,330.0184,1.5,0,2.6
2,16.03444,0,0,0,330.0184,1.5,0,2.6
2,16.04142,0,0,0,330.0184,1.5,0,2.6
2,16.05108,0,0,0,330.0184,1.5,0,2.6
2,16.05842,0,0,0,330.0184,1.5,0,2.6
2,16.0656,0,0,0,330.0184,1.5,0,2.6
2,16.07355,0,0,0,330.0184,1.5,0,2.6
2,16.08167,0,0,0,330.0184,1.5,0,2.6
2,16.09089,0,0,0,330.0184,1.5,0,2.6
2,16.09785,0,0,0,330.0184,1.5,0,2.6
2,16.10528,0,0,0,330.0184,1.5,0,2.6
2,16.11301,0,0,0,330.0184,1.5,0,2.6
2,16.11972,0,0,0,330.0184,1.5,0,2.6
2,16.1274,0,0,0,330.0184,1.5,0,2.6
2,16.1344,0,0,0,330.0184,1.5,0,2.6
2,16.14072,0,0,0,330.0184,1.5,0,2.6
2,16.14742,0,0,0,330.0184,1.5,0,2.6
2,16.15372,0,0,0,330.0184,1.5,0,2.6
2,16.16049,0,0,0,330.0184,1.5,0,2.6
2,16.16741,0,0,0,330.0184,1.5,0,2.6
2,16.17385,0,0,0,330.0184,1.5,0,2.6
2,16.1812,0,0,0,330.0184,1.5,0,2.6
2,16.18979,0,0,0,330.0184,1.5,0,2.6
2,16.19597,0,0,0,330.0184,1.5,0,2.6
2,16.20207,0,0,0,330.0184,1.5,0,2.6
2,16.20808,0,0,0,330.0184,1.5,0,2.6
2,16.21423,0,0,0,330.0184,1.5,0,2.6
2,16.22025,0,0,0,330.0184,1.5,0,2.6
2,16.22675,0,0,0,330.0184,1.5,0,2.6
2,16.23375,0,0,0,330.0184,1.5,0,2.6
2,16.23998,0,0,0,330.0184,1.5,0,2.6
2,16.24792,0,0,0,330.0184,1.5,0,2.6
2,16.25406,0,0,0,330.0184,1.5,0,2.6
2,16.26042,0,0,0,330.0184,1.5,0,2.6
2,16.26707,0,0,0,330.0184,1.5,0,2.6
2,16.27318,0,0,0,330.0184,1.5,0,2.6
2,16.28026,0,0,0,330.0184,1.5,0,2.6
2,16.28603,0,0,0,330.0184,1.5,0,2.6
2,16.29229,0,0,0,330.0184,1.5,0,2.6
2,16.29855,0,0,0,330.0184,1.5,0,2.6
2,16.3049,0,0,0,330.0184,1.5,0,2.6
2,16.31105,0,0,0,330.0184,1.5,0,2.6
2,16.31699,0,0,0,330.0184,1.5,0,2.6
2,16.32443,0,0,0,330.0184,1.5,0,2.6
2,16.33107,0,0,0,330.0184,1.5,0,2.6
2,16.33881,0,0,0,330.0184,1.5,0,2.6
2,16.34616,0,0,0,330.0184,1.5,0,2.6
2,16.35312,0,0,0,330.0184,1.5,0,2.6
2,16.35951,0,0,0,330.0184,1.5,0,2.6
2,16.36556,0,0,0,330.0184,1.5,0,2.6
2,16.37201,0,0,0,330.0184,1.5,0,2.6
2,16.37849,0,0,0,330.0184,1.5,0,2.6
2,16.38463,0,0,0,330.0184,1.5,0,2.6
2,16.39141,0,0,0,330.0184,1.5,0,2.6
2,16.39774,0,0,0,330.0184,1.5,0,2.6
2,16.40411,0,0,0,330.0184,1.5,0,2.6
2,16.41349,0,0,0,330.0184,1.5,0,2.6
2,16.41993,0,0,0,330.0184,1.5,0,2.6
2,16.42627,0,0,0,330.0184,1.5,0,2.6
2,16.43248,0,0,0,330.0184,1.5,0,2.6
2,16.43873,0,0,0,330.0184,1.5,0,2.6
2,16.44498,0,0,0,330.0184,1.5,0,2.6
2,16.45084,0,0,0,330.0184,1.5,0,2.6
2,16.45697,0,0,0,330.0184,1.5,0,2.6
2,16.46357,0,0,0,330.0184,1.5,0,2.6
2,16.46979,0,0,0,330.0184,1.5,0,2.6
2,16.4758,0,0,0,330.0184,1.5,0,2.6
2,16.48212,0,0,0,330.0184,1.5,0,2.6
2,16.48762,0,0,0,330.0184,1.5,0,2.6
2,16.49392,0,0,0,330.0184,1.5,0,2.6
2,16.50026,0,0,0,330.0184,1.5,0,2.6
2,16.50628,0,0,0,330.0184,1.5,0,2.6
2,16.51233,0,0,0,330.0184,1.5,0,2.6
2,16.51822,0,0,0,330.0184,1.5,0,2.6
2,16.52492,0,0,0,330.0184,1.5,0,2.6
2,16.53068,0,0,0,330.0184,1.5,0,2.6
2,16.53716,0,0,0,330.0184,1.5,0,2.6
2,16.54431,0,0,0,330.0184,1.5,0,2.6
2,16.55038,0,0,0,330.0184,1.5,0,2.6
2,16.55714,0,0,0,330.0184,1.5,0,2.6
2,16.56354,0,0,0,330.0184,1.5,0,2.6
2,16.56995,0,0,0,330.0184,1.5,0,2.6
2,16.57669,0,0,0,330.0184,1.5,0,2.6
2,16.58436,0,0,0,330.0184,1.5,0,2.6
2,16.59114,0,0,0,330.0184,1.5,0,2.6
2,16.59867,0,0,0,330.0184,1.5,0,2.6
2,16.60505,0,0,0,330.0184,1.5,0,2.6
2,16.61164,0,0,0,330.0184,1.5,0,2.6
2,16.61813,0,0,0,330.0184,1.5,0,2.6
2,16.62462,0,0,0,330.0184,1.5,0,2.6
2,16.63064,0,0,0,330.0184,1.5,0,2.6
2,16.63641,0,0,0,330.0184,1.5,0,2.6
2,16.64313,0,0,0,330.0184,1.5,0,2.6
2,16.64941,0,0,0,330.0184,1.5,0,2.6
2,16.65595,0,0,0,330.0184,1.5,0,2.6
2,16.66249,0,0,0,330.0184,1.5,0,2.6
2,16.66855,0,0,0,330.0184,1.5,0,2.6
2,16.67587,0,0,0,330.0184,1.5,0,2.6
2,16.6826,0,0,0,330.0184,1.5,0,2.6
2,16.68926,0,0,0,330.0184,1.5,0,2.6
2,16.69543,0,0,0,330.0184,1.5,0,2.6
2,16.70168,0,0,0,330.0184,1.5,0,2.6
2,16.70742,0,0,0,330.0184,1.5,0,2.6
2,16.71341,0,0,0,330.0184,1.5,0,2.6
2,16.71941,0,0,0,330.0184,1.5,0,2.6
2,16.72571,0,0,0,330.0184,1.5,0,2.6
2,16.73171,0,0,0,330.0184,1.5,0,2.6
2,16.73984,0,0,0,330.0184,1.5,0,2.6
2,16.74773,0,0,0,330.0184,1.5,0,2.6
2,16.75642,0,0,0,330.0184,1.5,0,2.6
2,16.76377,0,0,0,330.0184,1.5,0,2.6
2,16.77153,0,0,0,330.0184,1.5,0,2.6
2,16.77896,0,0,0,330.0184,1.5,0,2.6
2,16.7857,0,0,0,330.0184,1.5,0,2.6
2,16.79318,0,0,0,330.0184,1.5,0,2.6
2,16.80163,0,0,0,330.0184,1.5,0,2.6
2,16.80977,0,0,0,330.0184,1.5,0,2.6
2,16.81889,0,0,0,330.0184,1.5,0,2.6
2,16.83261,0,0,0,330.0184,1.5,0,2.6
2,16.84229,0,0,0,330.0184,1.5,0,2.6
2,16.85044,0,0,0,330.0184,1.5,0,2.6
2,16.85855,0,0,0,330.0184,1.5,0,2.6
2,16.86576,0,0,0,330.0184,1.5,0,2.6
2,16.87401,0,0,0,330.0184,1.5,0,2.6
2,16.88284,0,0,0,330.0184,1.5,0,2.6
2,16.89158,0,0,0,330.0184,1.5,0,2.6
2,16.90052,0,0,0,330.0184,1.5,0,2.6
2,16.90846,0,0,0,330.0184,1.5,0,2.6
2,16.91614,0,0,0,330.0184,1.5,0,2.6
2,16.92505,0,0,0,330.0184,1.5,0,2.6
2,16.94041,0,0,0,330.0184,1.5,0,2.6
2,16.95318,0,0,0,330.0184,1.5,0,2.6
2,16.96463,0,0,0,330.0184,1.5,0,2.6
2,16.97247,0,0,0,330.0184,1.5,0,2.6
2,16.98184,0,0,0,330.0184,1.5,0,2.6
2,16.99128,0,0,0,330.0184,1.5,0,2.6
2,16.99998,0,0,0,330.0184,1.5,0,2.6
2,17.00726,0,0,0,330.0184,1.5,0,2.6
2,17.01485,0,0,0,330.0184,1.5,0,2.6
2,17.02302,0,0,0,330.0184,1.5,0,2.6
2,17.02984,0,0,0,330.0184,1.5,0,2.6
2,17.03702,0,0,0,330.0184,1.5,0,2.6
2,17.04441,0,0,0,330.0184,1.5,0,2.6
2,17.05234,0,0,0,330.0184,1.5,0,2.6
2,17.06005,0,0,0,330.0184,1.5,0,2.6
2,17.06829,0,0,0,330.0184,1.5,0,2.6
2,17.07673,0,0,0,330.0184,1.5,0,2.6
2,17.08561,0,0,0,330.0184,1.5,0,2.6
2,17.09395,0,0,0,330.0184,1.5,0,2.6
2,17.10155,0,0,0,330.0184,1.5,0,2.6
2,17.10861,0,0,0,330.0184,1.5,0,2.6
2,17.11622,0,0,0,330.0184,1.5,0,2.6
2,17.12341,0,0,0,330.0184,1.5,0,2.6
2,17.13095,0,0,0,330.0184,1.5,0,2.6
2,17.13824,0,0,0,330.0184,1.5,0,2.6
2,17.14546,0,0,0,330.0184,1.5,0,2.6
2,17.15253,0,0,0,330.0184,1.5,0,2.6
2,17.15997,0,0,0,330.0184,1.5,0,2.6
2,17.16679,0,0,0,330.0184,1.5,0,2.6
2,17.17329,0,0,0,330.0184,1.5,0,2.6
2,17.18052,0,0,0,330.0184,1.5,0,2.6
2,17.18731,0,0,0,330.0184,1.5,0,2.6
2,17.19701,0,0,0,330.0184,1.5,0,2.6
2,17.2066,0,0,0,330.0184,1.5,0,2.6
2,17.21435,0,0,0,330.0184,1.5,0,2.6
2,17.22145,0,0,0,330.0184,1.5,0,2.6
2,17.22952,0,0,0,330.0184,1.5,0,2.6
2,17.23699,0,0,0,330.0184,1.5,0,2.6
2,17.24451,0,0,0,330.0184,1.5,0,2.6
2,17.25146,0,0,0,330.0184,1.5,0,2.6
2,17.25817,0,0,0,330.0184,1.5,0,2.6
2,17.26518,0,0,0,330.0184,1.5,0,2.6
2,17.27232,0,0,0,330.0184,1.5,0,2.6
2,17.27982,0,0,0,330.0184,1.5,0,2.6
2,17.28653,0,0,0,330.0184,1.5,0,2.6
2,17.29359,0,0,0,330.0184,1.5,0,2.6
2,17.30047,0,0,0,330.0184,1.5,0,2.6
2,17.3066,0,0,0,330.0184,1.5,0,2.6
2,17.31387,0,0,0,330.0184,1.5,0,2.6
2,17.32017,0,0,0,330.0184,1.5,0,2.6
2,17.32695,0,0,0,330.0184,1.5,0,2.6
2,17.3345,0,0,0,330.0184,1.5,0,2.6
2,17.34066,0,0,0,330.0184,1.5,0,2.6
2,17.34749,0,0,0,330.0184,1.5,0,2.6
2,17.35412,0,0,0,330.0184,1.5,0,2.6
2,17.3608,0,0,0,330.0184,1.5,0,2.6
2,17.36795,0,0,0,330.0184,1.5,0,2.6
2,17.37423,0,0,0,330.0184,1.5,0,2.6
2,17.38088,0,0,0,330.0184,1.5,0,2.6
2,17.38697,0,0,0,330.0184,1.5,0,2.6
2,17.39354,0,0,0,330.0184,1.5,0,2.6
2,17.40076,0,0,0,330.0184,1.5,0,2.6
2,17.40718,0,0,0,330.0184,1.5,0,2.6
2,17.41434,0,0,0,330.0184,1.5,0,2.6
2,17.42063,0,0,0,330.0184,1.5,0,2.6
2,17.42735,0,0,0,330.0184,1.5,0,2.6
2,17.43414,0,0,0,330.0184,1.5,0,2.6
2,17.43984,0,0,0,330.0184,1.5,0,2.6
2,17.44623,0,0,0,330.0184,1.5,0,2.6
2,17.45227,0,0,0,330.0184,1.5,0,2.6
2,17.45865,0,0,0,330.0184,1.5,0,2.6
2,17.46796,0,0,0,330.0184,1.5,0,2.6
2,17.47365,0,0,0,330.0184,1.5,0,2.6
2,17.48008,0,0,0,330.0184,1.5,0,2.6
2,17.48649,0,0,0,330.0184,1.5,0,2.6
2,17.49304,0,0,0,330.0184,1.5,0,2.6
2,17.49921,0,0,0,330.0184,1.5,0,2.6
2,17.50577,0,0,0,330.0184,1.5,0,2.6
2,17.51264,0,0,0,330.0184,1.5,0,2.6
2,17.51877,0,0,0,330.0184,1.5,0,2.6
2,17.52497,0,0,0,330.0184,1.5,0,2.6
2,17.53106,0,0,0,330.0184,1.5,0,2.6
2,17.53734,0,0,0,330.0184,1.5,0,2.6
2,17.54496,0,0,0,330.0184,1.5,0,2.6
2,17.55082,0,0,0,330.0184,1.5,0,2.6
2,17.55726,0,0,0,330.0184,1.5,0,2.6
2,17.5641,0,0,0,330.0184,1.5,0,2.6
2,17.57234,0,0,0,330.0184,1.5,0,2.6
2,17.57886,0,0,0,330.0184,1.5,0,2.6
2,17.58505,0,0,0,330.0184,1.5,0,2.6
2,17.59167,0,0,0,330.0184,1.5,0,2.6
2,17.59757,0,0,0,330.0184,1.5,0,2.6
2,17.60582,0,0,0,330.0184,1.5,0,2.6
2,17.61463,0,0,0,330.0184,1.5,0,2.6
2,17.62227,0,0,0,330.0184,1.5,0,2.6
2,17.62844,0,0,0,330.0184,1.5,0,2.6
2,17.63556,0,0,0,330.0184,1.5,0,2.6
2,17.64331,0,0,0,330.0184,1.5,0,2.6
2,17.65095,0,0,0,330.0184,1.5,0,2.6
2,17.65765,0,0,0,330.0184,1.5,0,2.6
2,17.665,0,0,0,330.0184,1.5,0,2.6
2,17.67249,0,0,0,330.0184,1.5,0,2.6
2,17.68039,0,0,0,330.0184,1.5,0,2.6
2,17.68686,0,0,0,330.0184,1.5,0,2.6
2,17.694,0,0,0,330.0184,1.5,0,2.6
2,17.70262,0,0,0,330.0184,1.5,0,2.6
2,17.71002,0,0,0,330.0184,1.5,0,2.6
2,17.71718,0,0,0,330.0184,1.5,0,2.6
2,17.72415,0,0,0,330.0184,1.5,0,2.6
2,17.73129,0,0,0,330.0184,1.5,0,2.6
2,17.73858,0,0,0,330.0184,1.5,0,2.6
2,17.74638,0,0,0,330.0184,1.5,0,2.6
2,17.75331,0,0,0,330.0184,1.5,0,2.6
2,17.76079,0,0,0,330.0184,1.5,0,2.6
2,17.76821,0,0,0,330.0184,1.5,0,2.6
2,17.77502,0,0,0,330.0184,1.5,0,2.6
2,17.78226,0,0,0,330.0184,1.5,0,2.6
2,17.79028,0,0,0,330.0184,1.5,0,2.6
2,17.79759,0,0,0,330.0184,1.5,0,2.6
2,17.80544,0,0,0,330.0184,1.5,0,2.6
2,17.81198,0,0,0,330.0184,1.5,0,2.6
2,17.81816,0,0,0,330.0184,1.5,0,2.6
2,17.8246,0,0,0,330.0184,1.5,0,2.6
2,17.83128,0,0,0,330.0184,1.5,0,2.6
2,17.83942,0,0,0,330.0184,1.5,0,2.6
2,17.84714,0,0,0,330.0184,1.5,0,2.6
2,17.85671,0,0,0,330.0184,1.5,0,2.6
2,17.86529,0,0,0,330.0184,1.5,0,2.6
2,17.87365,0,0,0,330.0184,1.5,0,2.6
2,17.88184,0,0,0,330.0184,1.5,0,2.6
2,17.88926,0,0,0,330.0184,1.5,0,2.6
2,17.89654,0,0,0,330.0184,1.5,0,2.6
2,17.90532,0,0,0,330.0184,1.5,0,2.6
2,17.91387,0,0,0,330.0184,1.5,0,2.6
2,17.92327,0,0,0,330.0184,1.5,0,2.6
2,17.93084,0,0,0,330.0184,1.5,0,2.6
2,17.93951,0,0,0,330.0184,1.5,0,2.6
2,17.94849,0,0,0,330.0184,1.5,0,2.6
2,17.95757,0,0,0,330.0184,1.5,0,2.6
2,17.96682,0,0,0,330.0184,1.5,0,2.6
2,17.97819,0,0,0,330.0184,1.5,0,2.6
2,17.98636,0,0,0,330.0184,1.5,0,2.6
2,17.99503,0,0,0,330.0184,1.5,0,2.6
2,18.00351,0,0,0,330.0184,1.5,0,2.6
2,18.01195,0,0,0,330.0184,1.5,0,2.6
2,18.01886,0,0,0,330.0184,1.5,0,2.6
2,18.02743,0,0,0,330.0184,1.5,0,2.6
2,18.03529,0,0,0,330.0184,1.5,0,2.6
2,18.04289,0,0,0,330.0184,1.5,0,2.6
2,18.05126,0,0,0,330.0184,1.5,0,2.6
2,18.06029,0,0,0,330.0184,1.5,0,2.6
2,18.06901,0,0,0,330.0184,1.5,0,2.6
2,18.07875,0,0,0,330.0184,1.5,0,2.6
2,18.08734,0,0,0,330.0184,1.5,0,2.6
2,18.09678,0,0,0,330.0184,1.5,0,2.6
2,18.10559,0,0,0,330.0184,1.5,0,2.6
2,18.11371,0,0,0,330.0184,1.5,0,2.6
2,18.12082,0,0,0,330.0184,1.5,0,2.6
2,18.12878,0,0,0,330.0184,1.5,0,2.6
2,18.13596,0,0,0,330.0184,1.5,0,2.6
2,18.14277,0,0,0,330.0184,1.5,0,2.6
2,18.14981,0,0,0,330.0184,1.5,0,2.6
2,18.15736,0,0,0,330.0184,1.5,0,2.6
2,18.16406,0,0,0,330.0184,1.5,0,2.6
2,18.17073,0,0,0,330.0184,1.5,0,2.6
2,18.17799,0,0,0,330.0184,1.5,0,2.6
2,18.18456,0,0,0,330.0184,1.5,0,2.6
2,18.19209,0,0,0,330.0184,1.5,0,2.6
2,18.19994,0,0,0,330.0184,1.5,0,2.6
2,18.20654,0,0,0,330.0184,1.5,0,2.6
2,18.2158,0,0,0,330.0184,1.5,0,2.6
2,18.22499,0,0,0,330.0184,1.5,0,2.6
2,18.23321,0,0,0,330.0184,1.5,0,2.6
2,18.24035,0,0,0,330.0184,1.5,0,2.6
2,18.24824,0,0,0,330.0184,1.5,0,2.6
2,18.25535,0,0,0,330.0184,1.5,0,2.6
2,18.26199,0,0,0,330.0184,1.5,0,2.6
2,18.27051,0,0,0,330.0184,1.5,0,2.6
2,18.2792,0,0,0,330.0184,1.5,0,2.6
2,18.28654,0,0,0,330.0184,1.5,0,2.6
2,18.29472,0,0,0,330.0184,1.5,0,2.6
2,18.30244,0,0,0,330.0184,1.5,0,2.6
2,18.3096,0,0,0,330.0184,1.5,0,2.6
2,18.31733,0,0,0,330.0184,1.5,0,2.6
2,18.32543,0,0,0,330.0184,1.5,0,2.6
2,18.33349,0,0,0,330.0184,1.5,0,2.6
2,18.34082,0,0,0,330.0184,1.5,0,2.6
2,18.34824,0,0,0,330.0184,1.5,0,2.6
2,18.35592,0,0,0,330.0184,1.5,0,2.6
2,18.36385,0,0,0,330.0184,1.5,0,2.6
2,18.37261,0,0,0,330.0184,1.5,0,2.6
2,18.38034,0,0,0,330.0184,1.5,0,2.6
2,18.38675,0,0,0,330.0184,1.5,0,2.6
2,18.39333,0,0,0,330.0184,1.5,0,2.6
2,18.40007,0,0,0,330.0184,1.5,0,2.6
2,18.40647,0,0,0,330.0184,1.5,0,2.6
2,18.41452,0,0,0,330.0184,1.5,0,2.6
2,18.4221,0,0,0,330.0184,1.5,0,2.6
2,18.42871,0,0,0,330.0184,1.5,0,2.6
2,18.43578,0,0,0,330.0184,1.5,0,2.6
2,18.44204,0,0,0,330.0184,1.5,0,2.6
2,18.44902,0,0,0,330.0184,1.5,0,2.6
2,18.45597,0,0,0,330.0184,1.5,0,2.6
2,18.46379,0,0,0,330.0184,1.5,0,2.6
2,18.47143,0,0,0,330.0184,1.5,0,2.6
2,18.47903,0,0,0,330.0184,1.5,0,2.6
2,18.48564,0,0,0,330.0184,1.5,0,2.6
2,18.49241,0,0,0,330.0184,1.5,0,2.6
2,18.49913,0,0,0,330.0184,1.5,0,2.6
2,18.50538,0,0,0,330.0184,1.5,0,2.6
2,18.51501,0,0,0,330.0184,1.5,0,2.6
2,18.52091,0,0,0,330.0184,1.5,0,2.6
2,18.52712,0,0,0,330.0184,1.5,0,2.6
2,18.53479,0,0,0,330.0184,1.5,0,2.6
2,18.54171,0,0,0,330.0184,1.5,0,2.6
2,18.54809,0,0,0,330.0184,1.5,0,2.6
2,18.55406,0,0,0,330.0184,1.5,0,2.6
2,18.56034,0,0,0,330.0184,1.5,0,2.6
2,18.56691,0,0,0,330.0184,1.5,0,2.6
2,18.57367,0,0,0,330.0184,1.5,0,2.6
2,18.58069,0,0,0,330.0184,1.5,0,2.6
2,18.58706,0,0,0,330.0184,1.5,0,2.6
2,18.59432,0,0,0,330.0184,1.5,0,2.6
2,18.60149,0,0,0,330.0184,1.5,0,2.6
2,18.60756,0,0,0,330.0184,1.5,0,2.6
2,18.61357,0,0,0,330.0184,1.5,0,2.6
2,18.62006,0,0,0,330.0184,1.5,0,2.6
2,18.6291,0,0,0,330.0184,1.5,0,2.6
2,18.63628,0,0,0,330.0184,1.5,0,2.6
2,18.64232,0,0,0,330.0184,1.5,0,2.6
2,18.64919,0,0,0,330.0184,1.5,0,2.6
2,18.65574,0,0,0,330.0184,1.5,0,2.6
2,18.66184,0,0,0,330.0184,1.5,0,2.6
2,18.66824,0,0,0,330.0184,1.5,0,2.6
2,18.6746,0,0,0,330.0184,1.5,0,2.6
2,18.68107,0,0,0,330.0184,1.5,0,2.6
2,18.68701,0,0,0,330.0184,1.5,0,2.6
2,18.69332,0,0,0,330.0184,1.5,0,2.6
2,18.7005,0,0,0,330.0184,1.5,0,2.6
2,18.70683,0,0,0,330.0184,1.5,0,2.6
2,18.71353,0,0,0,330.0184,1.5,0,2.6
2,18.72122,0,0,0,330.0184,1.5,0,2.6
2,18.72799,0,0,0,330.0184,1.5,0,2.6
2,18.73559,0,0,0,330.0184,1.5,0,2.6
2,18.74204,0,0,0,330.0184,1.5,0,2.6
2,18.74833,0,0,0,330.0184,1.5,0,2.6
2,18.75404,0,0,0,330.0184,1.5,0,2.6
2,18.7599,0,0,0,330.0184,1.5,0,2.6
2,18.76552,0,0,0,330.0184,1.5,0,2.6
2,18.77165,0,0,0,330.0184,1.5,0,2.6
2,18.77813,0,0,0,330.0184,1.5,0,2.6
2,18.7846,0,0,0,330.0184,1.5,0,2.6
2,18.79118,0,0,0,330.0184,1.5,0,2.6
2,18.798,0,0,0,330.0184,1.5,0,2.6
2,18.80499,0,0,0,330.0184,1.5,0,2.6
2,18.81254,0,0,0,330.0184,1.5,0,2.6
2,18.81958,0,0,0,330.0184,1.5,0,2.6
2,18.82614,0,0,0,330.0184,1.5,0,2.6
2,18.83225,0,0,0,330.0184,1.5,0,2.6
2,18.83891,0,0,0,330.0184,1.5,0,2.6
2,18.84561,0,0,0,330.0184,1.5,0,2.6
2,18.85159,0,0,0,330.0184,1.5,0,2.6
2,18.85853,0,0,0,330.0184,1.5,0,2.6
2,18.8649,0,0,0,330.0184,1.5,0,2.6
2,18.87158,0,0,0,330.0184,1.5,0,2.6
2,18.87793,0,0,0,330.0184,1.5,0,2.6
2,18.88389,0,0,0,330.0184,1.5,0,2.6
2,18.89019,0,0,0,330.0184,1.5,0,2.6
2,18.89616,0,0,0,330.0184,1.5,0,2.6
2,18.90314,0,0,0,330.0184,1.5,0,2.6
2,18.909,0,0,0,330.0184,1.5,0,2.6
2,18.91511,0,0,0,330.0184,1.5,0,2.6
2,18.92283,0,0,0,330.0184,1.5,0,2.6
2,18.92911,0,0,0,330.0184,1.5,0,2.6
2,18.93662,0,0,0,330.0184,1.5,0,2.6
2,18.94313,0,0,0,330.0184,1.5,0,2.6
2,18.94945,0,0,0,330.0184,1.5,0,2.6
2,18.95635,0,0,0,330.0184,1.5,0,2.6
2,18.96314,0,0,0,330.0184,1.5,0,2.6
2,18.97034,0,0,0,330.0184,1.5,0,2.6
2,18.98198,0,0,0,330.0184,1.5,0,2.6
2,18.98857,0,0,0,330.0184,1.5,0,2.6
2,18.99522,0,0,0,330.0184,1.5,0,2.6
2,19.00202,0,0,0,330.0184,1.5,0,2.6
2,19.00835,0,0,0,330.0184,1.5,0,2.6
2,19.01622,0,0,0,330.0184,1.5,0,2.6
2,19.02462,0,0,0,330.0184,1.5,0,2.6
2,19.03365,0,0,0,330.0184,1.5,0,2.6
2,19.04079,0,0,0,330.0184,1.5,0,2.6
2,19.05028,0,0,0,330.0184,1.5,0,2.6
2,19.05839,0,0,0,330.0184,1.5,0,2.6
2,19.06718,0,0,0,330.0184,1.5,0,2.6
2,19.07559,0,0,0,330.0184,1.5,0,2.6
2,19.08548,0,0,0,330.0184,1.5,0,2.6
2,19.09613,0,0,0,330.0184,1.5,0,2.6
2,19.10637,0,0,0,330.0184,1.5,0,2.6
2,19.11591,0,0,0,330.0184,1.5,0,2.6
2,19.12469,0,0,0,330.0184,1.5,0,2.6
2,19.13375,0,0,0,330.0184,1.5,0,2.6
2,19.14356,0,0,0,330.0184,1.5,0,2.6
2,19.15388,0,0,0,330.0184,1.5,0,2.6
2,19.16411,0,0,0,330.0184,1.5,0,2.6
2,19.17271,0,0,0,330.0184,1.5,0,2.6
2,19.18187,0,0,0,330.0184,1.5,0,2.6
2,19.19163,0,0,0,330.0184,1.5,0,2.6
2,19.20089,0,0,0,330.0184,1.5,0,2.6
2,19.2101,0,0,0,330.0184,1.5,0,2.6
2,19.21881,0,0,0,330.0184,1.5,0,2.6
2,19.22899,0,0,0,330.0184,1.5,0,2.6
2,19.23882,0,0,0,330.0184,1.5,0,2.6
2,19.24772,0,0,0,330.0184,1.5,0,2.6
2,19.25617,0,0,0,330.0184,1.5,0,2.6
2,19.26391,0,0,0,330.0184,1.5,0,2.6
2,19.27159,0,0,0,330.0184,1.5,0,2.6
2,19.27896,0,0,0,330.0184,1.5,0,2.6
2,19.28649,0,0,0,330.0184,1.5,0,2.6
2,19.29461,0,0,0,330.0184,1.5,0,2.6
2,19.30406,0,0,0,330.0184,1.5,0,2.6
2,19.31274,0,0,0,330.0184,1.5,0,2.6
2,19.31972,0,0,0,330.0184,1.5,0,2.6
2,19.32712,0,0,0,330.0184,1.5,0,2.6
2,19.33475,0,0,0,330.0184,1.5,0,2.6
2,19.3426,0,0,0,330.0184,1.5,0,2.6
2,19.35013,0,0,0,330.0184,1.5,0,2.6
2,19.35783,0,0,0,330.0184,1.5,0,2.6
2,19.36563,0,0,0,330.0184,1.5,0,2.6
2,19.37395,0,0,0,330.0184,1.5,0,2.6
2,19.38223,0,0,0,330.0184,1.5,0,2.6
2,19.39092,0,0,0,330.0184,1.5,0,2.6
2,19.39783,0,0,0,330.0184,1.5,0,2.6
2,19.40582,0,0,0,330.0184,1.5,0,2.6
2,19.41305,0,0,0,330.0184,1.5,0,2.6
2,19.41924,0,0,0,330.0184,1.5,0,2.6
2,19.42631,0,0,0,330.0184,1.5,0,2.6
2,19.43321,0,0,0,330.0184,1.5,0,2.6
2,19.43938,0,0,0,330.0184,1.5,0,2.6
2,19.44575,0,0,0,330.0184,1.5,0,2.6
2,19.45191,0,0,0,330.0184,1.5,0,2.6
2,19.4585,0,0,0,330.0184,1.5,0,2.6
2,19.4646,0,0,0,330.0184,1.5,0,2.6
2,19.47211,0,0,0,330.0184,1.5,0,2.6
2,19.47925,0,0,0,330.0184,1.5,0,2.6
2,19.48585,0,0,0,330.0184,1.5,0,2.6
2,19.49316,0,0,0,330.0184,1.5,0,2.6
2,19.49994,0,0,0,330.0184,1.5,0,2.6
2,19.50603,0,0,0,330.0184,1.5,0,2.6
2,19.51231,0,0,0,330.0184,1.5,0,2.6
2,19.51885,0,0,0,330.0184,1.5,0,2.6
2,19.52529,0,0,0,330.0184,1.5,0,2.6
2,19.53219,0,0,0,330.0184,1.5,0,2.6
2,19.54201,0,0,0,330.0184,1.5,0,2.6
2,19.54819,0,0,0,330.0184,1.5,0,2.6
2,19.55576,0,0,0,330.0184,1.5,0,2.6
2,19.56236,0,0,0,330.0184,1.5,0,2.6
2,19.57039,0,0,0,330.0184,1.5,0,2.6
2,19.57809,0,0,0,330.0184,1.5,0,2.6
2,19.58405,0,0,0,330.0184,1.5,0,2.6
2,19.59036,0,0,0,330.0184,1.5,0,2.6
2,19.59591,0,0,0,330.0184,1.5,0,2.6
2,19.60227,0,0,0,330.0184,1.5,0,2.6
2,19.60786,0,0,0,330.0184,1.5,0,2.6
2,19.61445,0,0,0,330.0184,1.5,0,2.6
2,19.62092,0,0,0,330.0184,1.5,0,2.6
2,19.62793,0,0,0,330.0184,1.5,0,2.6
2,19.63544,0,0,0,330.0184,1.5,0,2.6
2,19.64478,0,0,0,330.0184,1.5,0,2.6
2,19.65123,0,0,0,330.0184,1.5,0,2.6
2,19.65764,0,0,0,330.0184,1.5,0,2.6
2,19.66376,0,0,0,330.0184,1.5,0,2.6
2,19.67011,0,0,0,330.0184,1.5,0,2.6
2,19.67588,0,0,0,330.0184,1.5,0,2.6
2,19.68205,0,0,0,330.0184,1.5,0,2.6
2,19.68802,0,0,0,330.0184,1.5,0,2.6
2,19.69414,0,0,0,330.0184,1.5,0,2.6
2,19.70044,0,0,0,330.0184,1.5,0,2.6
2,19.70671,0,0,0,330.0184,1.5,0,2.6
2,19.7143,0,0,0,330.0184,1.5,0,2.6
2,19.7216,0,0,0,330.0184,1.5,0,2.6
2,19.731,0,0,0,330.0184,1.5,0,2.6
2,19.73942,0,0,0,330.0184,1.5,0,2.6
2,19.74609,0,0,0,330.0184,1.5,0,2.6
2,19.75237,0,0,0,330.0184,1.5,0,2.6
2,19.7589,0,0,0,330.0184,1.5,0,2.6
2,19.76502,0,0,0,330.0184,1.5,0,2.6
2,19.77153,0,0,0,330.0184,1.5,0,2.6
2,19.77816,0,0,0,330.0184,1.5,0,2.6
2,19.78448,0,0,0,330.0184,1.5,0,2.6
2,19.79115,0,0,0,330.0184,1.5,0,2.6
2,19.79774,0,0,0,330.0184,1.5,0,2.6
2,19.8049,0,0,0,330.0184,1.5,0,2.6
2,19.81123,0,0,0,330.0184,1.5,0,2.6
2,19.81698,0,0,0,330.0184,1.5,0,2.6
2,19.82438,0,0,0,330.0184,1.5,0,2.6
2,19.83219,0,0,0,330.0184,1.5,0,2.6
2,19.83891,0,0,0,330.0184,1.5,0,2.6
2,19.8457,0,0,0,330.0184,1.5,0,2.6
2,19.85302,0,0,0,330.0184,1.5,0,2.6
2,19.8603,0,0,0,330.0184,1.5,0,2.6
2,19.86852,0,0,0,330.0184,1.5,0,2.6
2,19.87614,0,0,0,330.0184,1.5,0,2.6
2,19.88303,0,0,0,330.0184,1.5,0,2.6
2,19.89009,0,0,0,330.0184,1.5,0,2.6
2,19.89654,0,0,0,330.0184,1.5,0,2.6
2,19.90408,0,0,0,330.0184,1.5,0,2.6
2,19.91011,0,0,0,330.0184,1.5,0,2.6
2,19.91749,0,0,0,330.0184,1.5,0,2.6
2,19.9241,0,0,0,330.0184,1.5,0,2.6
2,19.93105,0,0,0,330.0184,1.5,0,2.6
2,19.93856,0,0,0,330.0184,1.5,0,2.6
2,19.94552,0,0,0,330.0184,1.5,0,2.6
2,19.95303,0,0,0,330.0184,1.5,0,2.6
2,19.96031,0,0,0,330.0184,1.5,0,2.6
2,19.96712,0,0,0,330.0184,1.5,0,2.6
2,19.97413,0,0,0,330.0184,1.5,0,2.6
2,19.98097,0,0,0,330.0184,1.5,0,2.6
2,19.98706,0,0,0,330.0184,1.5,0,2.6
2,19.9937,0,0,0,330.0184,1.5,0,2.6
2,20.0006,0,0,0,330.0184,1.5,0,2.6
2,20.00678,0,0,0,330.0184,1.5,0,2.6
2,20.01444,0,0,0,330.0184,1.5,0,2.6
2,20.02622,0,0,0,330.0184,1.5,0,2.6
2,20.03308,0,0,0,330.0184,1.5,0,2.6
2,20.03964,0,0,0,330.0184,1.5,0,2.6
2,20.04715,0,0,0,330.0184,1.5,0,2.6
2,20.05392,0,0,0,330.0184,1.5,0,2.6
2,20.0609,0,0,0,330.0184,1.5,0,2.6
2,20.06826,0,0,0,330.0184,1.5,0,2.6
2,20.07601,0,0,0,330.0184,1.5,0,2.6
2,20.08466,0,0,0,330.0184,1.5,0,2.6
2,20.09319,0,0,0,330.0184,1.5,0,2.6
2,20.10146,0,0,0,330.0184,1.5,0,2.6
2,20.10864,0,0,0,330.0184,1.5,0,2.6
2,20.11617,0,0,0,330.0184,1.5,0,2.6
2,20.12453,0,0,0,330.0184,1.5,0,2.6
2,20.13233,0,0,0,330.0184,1.5,0,2.6
2,20.14215,0,0,0,330.0184,1.5,0,2.6
2,20.15182,0,0,0,330.0184,1.5,0,2.6
2,20.1614,0,0,0,330.0184,1.5,0,2.6
2,20.1703,0,0,0,330.0184,1.5,0,2.6
2,20.17889,0,0,0,330.0184,1.5,0,2.6
2,20.18605,0,0,0,330.0184,1.5,0,2.6
2,20.19433,0,0,0,330.0184,1.5,0,2.6
2,20.20237,0,0,0,330.0184,1.5,0,2.6
2,20.21007,0,0,0,330.0184,1.5,0,2.6
2,20.21889,0,0,0,330.0184,1.5,0,2.6
2,20.22722,0,0,0,330.0184,1.5,0,2.6
2,20.23561,0,0,0,330.0184,1.5,0,2.6
2,20.24328,0,0,0,330.0184,1.5,0,2.6
2,20.25141,0,0,0,330.0184,1.5,0,2.6
2,20.26014,0,0,0,330.0184,1.5,0,2.6
2,20.27038,0,0,0,330.0184,1.5,0,2.6
2,20.27885,0,0,0,330.0184,1.5,0,2.6
2,20.28599,0,0,0,330.0184,1.5,0,2.6
2,20.29424,0,0,0,330.0184,1.5,0,2.6
2,20.30203,0,0,0,330.0184,1.5,0,2.6
2,20.3094,0,0,0,330.0184,1.5,0,2.6
2,20.31904,0,0,0,330.0184,1.5,0,2.6
2,20.32824,0,0,0,330.0184,1.5,0,2.6
2,20.33601,0,0,0,330.0184,1.5,0,2.6
2,20.34337,0,0,0,330.0184,1.5,0,2.6
2,20.35107,0,0,0,330.0184,1.5,0,2.6
2,20.3591,0,0,0,330.0184,1.5,0,2.6
2,20.36581,0,0,0,330.0184,1.5,0,2.6
2,20.37384,0,0,0,330.0184,1.5,0,2.6
2,20.38163,0,0,0,330.0184,1.5,0,2.6
2,20.38813,0,0,0,330.0184,1.5,0,2.6
2,20.3956,0,0,0,330.0184,1.5,0,2.6
2,20.40332,0,0,0,330.0184,1.5,0,2.6
2,20.41167,0,0,0,330.0184,1.5,0,2.6
2,20.41888,0,0,0,330.0184,1.5,0,2.6
2,20.42691,0,0,0,330.0184,1.5,0,2.6
2,20.43476,0,0,0,330.0184,1.5,0,2.6
2,20.44295,0,0,0,330.0184,1.5,0,2.6
2,20.45061,0,0,0,330.0184,1.5,0,2.6
2,20.45917,0,0,0,330.0184,1.5,0,2.6
2,20.46686,0,0,0,330.0184,1.5,0,2.6
2,20.47407,0,0,0,330.0184,1.5,0,2.6
2,20.48157,0,0,0,330.0184,1.5,0,2.6
2,20.48938,0,0,0,330.0184,1.5,0,2.6
2,20.49612,0,0,0,330.0184,1.5,0,2.6
2,20.50452,0,0,0,330.0184,1.5,0,2.6
2,20.51368,0,0,0,330.0184,1.5,0,2.6
2,20.52233,0,0,0,330.0184,1.5,0,2.6
2,20.52999,0,0,0,330.0184,1.5,0,2.6
2,20.53794,0,0,0,330.0184,1.5,0,2.6
2,20.54478,0,0,0,330.0184,1.5,0,2.6
2,20.55134,0,0,0,330.0184,1.5,0,2.6
2,20.55864,0,0,0,330.0184,1.5,0,2.6
2,20.56513,0,0,0,330.0184,1.5,0,2.6
2,20.57167,0,0,0,330.0184,1.5,0,2.6
2,20.57908,0,0,0,330.0184,1.5,0,2.6
2,20.5893,0,0,0,330.0184,1.5,0,2.6
2,20.59693,0,0,0,330.0184,1.5,0,2.6
2,20.60353,0,0,0,330.0184,1.5,0,2.6
2,20.61167,0,0,0,330.0184,1.5,0,2.6
2,20.61949,0,0,0,330.0184,1.5,0,2.6
2,20.62792,0,0,0,330.0184,1.5,0,2.6
2,20.63536,0,0,0,330.0184,1.5,0,2.6
2,20.64312,0,0,0,330.0184,1.5,0,2.6
2,20.65045,0,0,0,330.0184,1.5,0,2.6
2,20.66006,0,0,0,330.0184,1.5,0,2.6
2,20.67098,0,0,0,330.0184,1.5,0,2.6
2,20.67866,0,0,0,330.0184,1.5,0,2.6
2,20.6858,0,0,0,330.0184,1.5,0,2.6
2,20.69325,0,0,0,330.0184,1.5,0,2.6
2,20.70065,0,0,0,330.0184,1.5,0,2.6
2,20.70725,0,0,0,330.0184,1.5,0,2.6
2,20.71428,0,0,0,330.0184,1.5,0,2.6
2,20.72143,0,0,0,330.0184,1.5,0,2.6
2,20.72882,0,0,0,330.0184,1.5,0,2.6
2,20.73622,0,0,0,330.0184,1.5,0,2.6
2,20.74291,0,0,0,330.0184,1.5,0,2.6
2,20.74951,0,0,0,330.0184,1.5,0,2.6
2,20.75868,0,0,0,330.0184,1.5,0,2.6
2,20.76596,0,0,0,330.0184,1.5,0,2.6
2,20.77295,0,0,0,330.0184,1.5,0,2.6
2,20.78154,0,0,0,330.0184,1.5,0,2.6
2,20.78776,0,0,0,330.0184,1.5,0,2.6
2,20.79452,0,0,0,330.0184,1.5,0,2.6
2,20.80228,0,0,0,330.0184,1.5,0,2.6
2,20.80927,0,0,0,330.0184,1.5,0,2.6
2,20.81659,0,0,0,330.0184,1.5,0,2.6
2,20.82422,0,0,0,330.0184,1.5,0,2.6
2,20.83182,0,0,0,330.0184,1.5,0,2.6
2,20.83817,0,0,0,330.0184,1.5,0,2.6
2,20.84535,0,0,0,330.0184,1.5,0,2.6
2,20.85218,0,0,0,330.0184,1.5,0,2.6
2,20.85911,0,0,0,330.0184,1.5,0,2.6
2,20.86586,0,0,0,330.0184,1.5,0,2.6
2,20.87263,0,0,0,330.0184,1.5,0,2.6
2,20.88045,0,0,0,330.0184,1.5,0,2.6
2,20.88775,0,0,0,330.0184,1.5,0,2.6
2,20.89449,0,0,0,330.0184,1.5,0,2.6
2,20.90107,0,0,0,330.0184,1.5,0,2.6
2,20.90732,0,0,0,330.0184,1.5,0,2.6
2,20.9143,0,0,0,330.0184,1.5,0,2.6
2,20.92086,0,0,0,330.0184,1.5,0,2.6
2,20.9281,0,0,0,330.0184,1.5,0,2.6
2,20.93495,0,0,0,330.0184,1.5,0,2.6
2,20.94145,0,0,0,330.0184,1.5,0,2.6
2,20.94787,0,0,0,330.0184,1.5,0,2.6
2,20.95418,0,0,0,330.0184,1.5,0,2.6
2,20.96184,0,0,0,330.0184,1.5,0,2.6
2,20.96851,0,0,0,330.0184,1.5,0,2.6
2,20.97497,0,0,0,330.0184,1.5,0,2.6
2,20.98135,0,0,0,330.0184,1.5,0,2.6
2,20.98753,0,0,0,330.0184,1.5,0,2.6
2,20.99366,0,0,0,330.0184,1.5,0,2.6
2,21.00012,0,0,0,330.0184,1.5,0,2.6
2,21.00679,0,0,0,330.0184,1.5,0,2.6
2,21.01364,0,0,0,330.0184,1.5,0,2.6
2,21.01984,0,0,0,330.0184,1.5,0,2.6
2,21.02605,0,0,0,330.0184,1.5,0,2.6
2,21.03219,0,0,0,330.0184,1.5,0,2.6
2,21.03885,0,0,0,330.0184,1.5,0,2.6
2,21.04659,0,0,0,330.0184,1.5,0,2.6
2,21.05293,0,0,0,330.0184,1.5,0,2.6
2,21.059,0,0,0,330.0184,1.5,0,2.6
2,21.06511,0,0,0,330.0184,1.5,0,2.6
2,21.07105,0,0,0,330.0184,1.5,0,2.6
2,21.07758,0,0,0,330.0184,1.5,0,2.6
2,21.08387,0,0,0,330.0184,1.5,0,2.6
2,21.09349,0,0,0,330.0184,1.5,0,2.6
2,21.1,0,0,0,330.0184,1.5,0,2.6
2,21.10564,0,0,0,330.0184,1.5,0,2.6
2,21.11223,0,0,0,330.0184,1.5,0,2.6
2,21.11879,0,0,0,330.0184,1.5,0,2.6
2,21.12503,0,0,0,330.0184,1.5,0,2.6
2,21.1312,0,0,0,330.0184,1.5,0,2.6
2,21.13726,0,0,0,330.0184,1.5,0,2.6
2,21.1429,0,0,0,330.0184,1.5,0,2.6
2,21.15006,0,0,0,330.0184,1.5,0,2.6
2,21.15627,0,0,0,330.0184,1.5,0,2.6
2,21.16382,0,0,0,330.0184,1.5,0,2.6
2,21.1702,0,0,0,330.0184,1.5,0,2.6
2,21.17688,0,0,0,330.0184,1.5,0,2.6
2,21.18462,0,0,0,330.0184,1.5,0,2.6
2,21.1937,0,0,0,330.0184,1.5,0,2.6
2,21.20242,0,0,0,330.0184,1.5,0,2.6
2,21.20984,0,0,0,330.0184,1.5,0,2.6
2,21.21823,0,0,0,330.0184,1.5,0,2.6
2,21.22575,0,0,0,330.0184,1.5,0,2.6
2,21.23371,0,0,0,330.0184,1.5,0,2.6
2,21.24117,0,0,0,330.0184,1.5,0,2.6
2,21.2487,0,0,0,330.0184,1.5,0,2.6
2,21.25682,0,0,0,330.0184,1.5,0,2.6
2,21.2657,0,0,0,330.0184,1.5,0,2.6
2,21.27507,0,0,0,330.0184,1.5,0,2.6
2,21.28301,0,0,0,330.0184,1.5,0,2.6
2,21.29305,0,0,0,330.0184,1.5,0,2.6
2,21.30315,0,0,0,330.0184,1.5,0,2.6
2,21.31319,0,0,0,330.0184,1.5,0,2.6
2,21.32315,0,0,0,330.0184,1.5,0,2.6
2,21.33155,0,0,0,330.0184,1.5,0,2.6
2,21.34011,0,0,0,330.0184,1.5,0,2.6
2,21.35005,0,0,0,330.0184,1.5,0,2.6
2,21.35954,0,0,0,330.0184,1.5,0,2.6
2,21.36887,0,0,0,330.0184,1.5,0,2.6
2,21.37718,0,0,0,330.0184,1.5,0,2.6
2,21.38718,0,0,0,330.0184,1.5,0,2.6
2,21.39715,0,0,0,330.0184,1.5,0,2.6
2,21.4063,0,0,0,330.0184,1.5,0,2.6
2,21.41493,0,0,0,330.0184,1.5,0,2.6
2,21.42423,0,0,0,330.0184,1.5,0,2.6
2,21.43439,0,0,0,330.0184,1.5,0,2.6
2,21.44337,0,0,0,330.0184,1.5,0,2.6
2,21.4542,0,0,0,330.0184,1.5,0,2.6
2,21.46478,0,0,0,330.0184,1.5,0,2.6
2,21.47426,0,0,0,330.0184,1.5,0,2.6
2,21.48222,0,0,0,330.0184,1.5,0,2.6
2,21.49112,0,0,0,330.0184,1.5,0,2.6
2,21.49881,0,0,0,330.0184,1.5,0,2.6
2,21.50733,0,0,0,330.0184,1.5,0,2.6
2,21.51526,0,0,0,330.0184,1.5,0,2.6
2,21.52277,0,0,0,330.0184,1.5,0,2.6
2,21.52983,0,0,0,330.0184,1.5,0,2.6
2,21.5382,0,0,0,330.0184,1.5,0,2.6
2,21.54689,0,0,0,330.0184,1.5,0,2.6
2,21.55496,0,0,0,330.0184,1.5,0,2.6
2,21.56468,0,0,0,330.0184,1.5,0,2.6
2,21.57363,0,0,0,330.0184,1.5,0,2.6
2,21.58184,0,0,0,330.0184,1.5,0,2.6
2,21.58897,0,0,0,330.0184,1.5,0,2.6
2,21.59738,0,0,0,330.0184,1.5,0,2.6
2,21.60518,0,0,0,330.0184,1.5,0,2.6
2,21.61325,0,0,0,330.0184,1.5,0,2.6
2,21.6205,0,0,0,330.0184,1.5,0,2.6
2,21.62917,0,0,0,330.0184,1.5,0,2.6
2,21.63633,0,0,0,330.0184,1.5,0,2.6
2,21.64336,0,0,0,330.0184,1.5,0,2.6
2,21.65147,0,0,0,330.0184,1.5,0,2.6
2,21.65995,0,0,0,330.0184,1.5,0,2.6
2,21.66796,0,0,0,330.0184,1.5,0,2.6
2,21.68063,0,0,0,330.0184,1.5,0,2.6
2,21.68959,0,0,0,330.0184,1.5,0,2.6
2,21.69685,0,0,0,330.0184,1.5,0,2.6
2,21.70465,0,0,0,330.0184,1.5,0,2.6
2,21.71137,0,0,0,330.0184,1.5,0,2.6
2,21.71805,0,0,0,330.0184,1.5,0,2.6
2,21.72457,0,0,0,330.0184,1.5,0,2.6
2,21.73114,0,0,0,330.0184,1.5,0,2.6
2,21.73837,0,0,0,330.0184,1.5,0,2.6
2,21.74554,0,0,0,330.0184,1.5,0,2.6
2,21.75201,0,0,0,330.0184,1.5,0,2.6
2,21.75873,0,0,0,330.0184,1.5,0,2.6
2,21.76506,0,0,0,330.0184,1.5,0,2.6
2,21.77381,0,0,0,330.0184,1.5,0,2.6
2,21.78137,0,0,0,330.0184,1.5,0,2.6
2,21.78766,0,0,0,330.0184,1.5,0,2.6
2,21.79433,0,0,0,330.0184,1.5,0,2.6
2,21.80156,0,0,0,330.0184,1.5,0,2.6
2,21.80833,0,0,0,330.0184,1.5,0,2.6
2,21.8157,0,0,0,330.0184,1.5,0,2.6
2,21.8225,0,0,0,330.0184,1.5,0,2.6
2,21.82925,0,0,0,330.0184,1.5,0,2.6
2,21.83594,0,0,0,330.0184,1.5,0,2.6
2,21.8417,0,0,0,330.0184,1.5,0,2.6
2,21.84829,0,0,0,330.0184,1.5,0,2.6
2,21.85525,0,0,0,330.0184,1.5,0,2.6
2,21.86085,0,0,0,330.0184,1.5,0,2.6
2,21.86773,0,0,0,330.0184,1.5,0,2.6
2,21.87389,0,0,0,330.0184,1.5,0,2.6
2,21.88016,0,0,0,330.0184,1.5,0,2.6
2,21.88605,0,0,0,330.0184,1.5,0,2.6
2,21.89215,0,0,0,330.0184,1.5,0,2.6
2,21.89825,0,0,0,330.0184,1.5,0,2.6
2,21.90493,0,0,0,330.0184,1.5,0,2.6
2,21.91134,0,0,0,330.0184,1.5,0,2.6
2,21.9173,0,0,0,330.0184,1.5,0,2.6
2,21.92385,0,0,0,330.0184,1.5,0,2.6
2,21.92972,0,0,0,330.0184,1.5,0,2.6
2,21.93586,0,0,0,330.0184,1.5,0,2.6
2,21.94271,0,0,0,330.0184,1.5,0,2.6
2,21.94907,0,0,0,330.0184,1.5,0,2.6
2,21.95594,0,0,0,330.0184,1.5,0,2.6
2,21.962,0,0,0,330.0184,1.5,0,2.6
2,21.96843,0,0,0,330.0184,1.5,0,2.6
2,21.97503,0,0,0,330.0184,1.5,0,2.6
2,21.98145,0,0,0,330.0184,1.5,0,2.6
2,21.98768,0,0,0,330.0184,1.5,0,2.6
2,21.99493,0,0,0,330.0184,1.5,0,2.6
2,22.00149,0,0,0,330.0184,1.5,0,2.6
2,22.00755,0,0,0,330.0184,1.5,0,2.6
2,22.01401,0,0,0,330.0184,1.5,0,2.6
2,22.01972,0,0,0,330.0184,1.5,0,2.6
2,22.02571,0,0,0,330.0184,1.5,0,2.6
2,22.03184,0,0,0,330.0184,1.5,0,2.6
2,22.03834,0,0,0,330.0184,1.5,0,2.6
2,22.04572,0,0,0,330.0184,1.5,0,2.6
2,22.05169,0,0,0,330.0184,1.5,0,2.6
2,22.05871,0,0,0,330.0184,1.5,0,2.6
2,22.06576,0,0,0,330.0184,1.5,0,2.6
2,22.07286,0,0,0,330.0184,1.5,0,2.6
2,22.08019,0,0,0,330.0184,1.5,0,2.6
2,22.08699,0,0,0,330.0184,1.5,0,2.6
2,22.09455,0,0,0,330.0184,1.5,0,2.6
2,22.10117,0,0,0,330.0184,1.5,0,2.6
2,22.10783,0,0,0,330.0184,1.5,0,2.6
2,22.11463,0,0,0,330.0184,1.5,0,2.6
2,22.12058,0,0,0,330.0184,1.5,0,2.6
2,22.12743,0,0,0,330.0184,1.5,0,2.6
2,22.13366,0,0,0,330.0184,1.5,0,2.6
2,22.13938,0,0,0,330.0184,1.5,0,2.6
2,22.14694,0,0,0,330.0184,1.5,0,2.6
2,22.15919,0,0,0,330.0184,1.5,0,2.6
2,22.16761,0,0,0,330.0184,1.5,0,2.6
2,22.174,0,0,0,330.0184,1.5,0,2.6
2,22.1805,0,0,0,330.0184,1.5,0,2.6
2,22.1864,0,0,0,330.0184,1.5,0,2.6
2,22.19291,0,0,0,330.0184,1.5,0,2.6
2,22.19887,0,0,0,330.0184,1.5,0,2.6
2,22.20545,0,0,0,330.0184,1.5,0,2.6
2,22.21229,0,0,0,330.0184,1.5,0,2.6
2,22.21864,0,0,0,330.0184,1.5,0,2.6
2,22.22572,0,0,0,330.0184,1.5,0,2.6
2,22.23146,0,0,0,330.0184,1.5,0,2.6
2,22.2382,0,0,0,330.0184,1.5,0,2.6
2,22.2443,0,0,0,330.0184,1.5,0,2.6
2,22.25073,0,0,0,330.0184,1.5,0,2.6
2,22.258,0,0,0,330.0184,1.5,0,2.6
2,22.26555,0,0,0,330.0184,1.5,0,2.6
2,22.27296,0,0,0,330.0184,1.5,0,2.6
2,22.27952,0,0,0,330.0184,1.5,0,2.6
2,22.28719,0,0,0,330.0184,1.5,0,2.6
2,22.29442,0,0,0,330.0184,1.5,0,2.6
2,22.30225,0,0,0,330.0184,1.5,0,2.6
2,22.31036,0,0,0,330.0184,1.5,0,2.6
2,22.32037,0,0,0,330.0184,1.5,0,2.6
2,22.32928,0,0,0,330.0184,1.5,0,2.6
2,22.33692,0,0,0,330.0184,1.5,0,2.6
2,22.34433,0,0,0,330.0184,1.5,0,2.6
2,22.35175,0,0,0,330.0184,1.5,0,2.6
2,22.36095,0,0,0,330.0184,1.5,0,2.6
2,22.36986,0,0,0,330.0184,1.5,0,2.6
2,22.37963,0,0,0,330.0184,1.5,0,2.6
2,22.38835,0,0,0,330.0184,1.5,0,2.6
2,22.39753,0,0,0,330.0184,1.5,0,2.6
2,22.40643,0,0,0,330.0184,1.5,0,2.6
2,22.41542,0,0,0,330.0184,1.5,0,2.6
2,22.42486,0,0,0,330.0184,1.5,0,2.6
2,22.43373,0,0,0,330.0184,1.5,0,2.6
2,22.44156,0,0,0,330.0184,1.5,0,2.6
2,22.4506,0,0,0,330.0184,1.5,0,2.6
2,22.45949,0,0,0,330.0184,1.5,0,2.6
2,22.46826,0,0,0,330.0184,1.5,0,2.6
2,22.476,0,0,0,330.0184,1.5,0,2.6
2,22.48552,0,0,0,330.0184,1.5,0,2.6
2,22.49363,0,0,0,330.0184,1.5,0,2.6
2,22.50232,0,0,0,330.0184,1.5,0,2.6
2,22.51033,0,0,0,330.0184,1.5,0,2.6
2,22.52016,0,0,0,330.0184,1.5,0,2.6
2,22.52954,0,0,0,330.0184,1.5,0,2.6
2,22.53892,0,0,0,330.0184,1.5,0,2.6
2,22.54832,0,0,0,330.0184,1.5,0,2.6
2,22.55698,0,0,0,330.0184,1.5,0,2.6
2,22.56742,0,0,0,330.0184,1.5,0,2.6
2,22.57612,0,0,0,330.0184,1.5,0,2.6
2,22.58411,0,0,0,330.0184,1.5,0,2.6
2,22.59171,0,0,0,330.0184,1.5,0,2.6
2,22.60016,0,0,0,330.0184,1.5,0,2.6
2,22.60809,0,0,0,330.0184,1.5,0,2.6
2,22.61567,0,0,0,330.0184,1.5,0,2.6
2,22.62336,0,0,0,330.0184,1.5,0,2.6
2,22.6312,0,0,0,330.0184,1.5,0,2.6
2,22.63836,0,0,0,330.0184,1.5,0,2.6
2,22.64732,0,0,0,330.0184,1.5,0,2.6
2,22.65424,0,0,0,330.0184,1.5,0,2.6
2,22.66164,0,0,0,330.0184,1.5,0,2.6
2,22.66924,0,0,0,330.0184,1.5,0,2.6
2,22.67654,0,0,0,330.0184,1.5,0,2.6
2,22.68357,0,0,0,330.0184,1.5,0,2.6
2,22.69263,0,0,0,330.0184,1.5,0,2.6
2,22.70254,0,0,0,330.0184,1.5,0,2.6
2,22.71032,0,0,0,330.0184,1.5,0,2.6
2,22.71845,0,0,0,330.0184,1.5,0,2.6
2,22.72637,0,0,0,330.0184,1.5,0,2.6
2,22.73663,0,0,0,330.0184,1.5,0,2.6
2,22.74317,0,0,0,330.0184,1.5,0,2.6
2,22.75075,0,0,0,330.0184,1.5,0,2.6
2,22.75865,0,0,0,330.0184,1.5,0,2.6
2,22.76655,0,0,0,330.0184,1.5,0,2.6
2,22.7742,0,0,0,330.0184,1.5,0,2.6
2,22.78224,0,0,0,330.0184,1.5,0,2.6
2,22.79207,0,0,0,330.0184,1.5,0,2.6
2,22.80137,0,0,0,330.0184,1.5,0,2.6
2,22.80927,0,0,0,330.0184,1.5,0,2.6
2,22.81654,0,0,0,330.0184,1.5,0,2.6
2,22.82333,0,0,0,330.0184,1.5,0,2.6
2,22.82992,0,0,0,330.0184,1.5,0,2.6
2,22.83689,0,0,0,330.0184,1.5,0,2.6
2,22.84361,0,0,0,330.0184,1.5,0,2.6
2,22.85049,0,0,0,330.0184,1.5,0,2.6
2,22.8574,0,0,0,330.0184,1.5,0,2.6
2,22.86399,0,0,0,330.0184,1.5,0,2.6
2,22.87209,0,0,0,330.0184,1.5,0,2.6
2,22.88036,0,0,0,330.0184,1.5,0,2.6
2,22.88736,0,0,0,330.0184,1.5,0,2.6
2,22.89399,0,0,0,330.0184,1.5,0,2.6
2,22.90048,0,0,0,330.0184,1.5,0,2.6
2,22.90835,0,0,0,330.0184,1.5,0,2.6
2,22.91607,0,0,0,330.0184,1.5,0,2.6
2,22.92395,0,0,0,330.0184,1.5,0,2.6
2,22.92998,0,0,0,330.0184,1.5,0,2.6
2,22.93758,0,0,0,330.0184,1.5,0,2.6
2,22.94477,0,0,0,330.0184,1.5,0,2.6
2,22.95161,0,0,0,330.0184,1.5,0,2.6
2,22.95905,0,0,0,330.0184,1.5,0,2.6
2,22.96676,0,0,0,330.0184,1.5,0,2.6
2,22.97441,0,0,0,330.0184,1.5,0,2.6
2,22.98129,0,0,0,330.0184,1.5,0,2.6
2,22.98948,0,0,0,330.0184,1.5,0,2.6
2,22.99709,0,0,0,330.0184,1.5,0,2.6
2,23.00489,0,0,0,330.0184,1.5,0,2.6
2,23.01228,0,0,0,330.0184,1.5,0,2.6
2,23.01891,0,0,0,330.0184,1.5,0,2.6
2,23.02722,0,0,0,330.0184,1.5,0,2.6
2,23.03415,0,0,0,330.0184,1.5,0,2.6
2,23.04112,0,0,0,330.0184,1.5,0,2.6
2,23.04864,0,0,0,330.0184,1.5,0,2.6
2,23.05614,0,0,0,330.0184,1.5,0,2.6
2,23.06289,0,0,0,330.0184,1.5,0,2.6
2,23.06937,0,0,0,330.0184,1.5,0,2.6
2,23.07577,0,0,0,330.0184,1.5,0,2.6
2,23.08262,0,0,0,330.0184,1.5,0,2.6
2,23.08972,0,0,0,330.0184,1.5,0,2.6
2,23.09653,0,0,0,330.0184,1.5,0,2.6
2,23.10384,0,0,0,330.0184,1.5,0,2.6
2,23.11128,0,0,0,330.0184,1.5,0,2.6
2,23.11818,0,0,0,330.0184,1.5,0,2.6
2,23.12549,0,0,0,330.0184,1.5,0,2.6
2,23.13343,0,0,0,330.0184,1.5,0,2.6
2,23.1402,0,0,0,330.0184,1.5,0,2.6
2,23.14757,0,0,0,330.0184,1.5,0,2.6
2,23.15448,0,0,0,330.0184,1.5,0,2.6
2,23.16194,0,0,0,330.0184,1.5,0,2.6
2,23.1691,0,0,0,330.0184,1.5,0,2.6
2,23.17711,0,0,0,330.0184,1.5,0,2.6
2,23.18587,0,0,0,330.0184,1.5,0,2.6
2,23.19442,0,0,0,330.0184,1.5,0,2.6
2,23.2018,0,0,0,330.0184,1.5,0,2.6
2,23.20877,0,0,0,330.0184,1.5,0,2.6
2,23.21541,0,0,0,330.0184,1.5,0,2.6
2,23.22225,0,0,0,330.0184,1.5,0,2.6
2,23.22886,0,0,0,330.0184,1.5,0,2.6
2,23.23602,0,0,0,330.0184,1.5,0,2.6
2,23.24312,0,0,0,330.0184,1.5,0,2.6
2,23.2506,0,0,0,330.0184,1.5,0,2.6
2,23.25752,0,0,0,330.0184,1.5,0,2.6
2,23.26821,0,0,0,330.0184,1.5,0,2.6
2,23.27454,0,0,0,330.0184,1.5,0,2.6
2,23.28109,0,0,0,330.0184,1.5,0,2.6
2,23.28753,0,0,0,330.0184,1.5,0,2.6
2,23.29423,0,0,0,330.0184,1.5,0,2.6
2,23.30098,0,0,0,330.0184,1.5,0,2.6
2,23.3068,0,0,0,330.0184,1.5,0,2.6
2,23.31329,0,0,0,330.0184,1.5,0,2.6
2,23.31925,0,0,0,330.0184,1.5,0,2.6
2,23.32604,0,0,0,330.0184,1.5,0,2.6
2,23.33408,0,0,0,330.0184,1.5,0,2.6
2,23.34334,0,0,0,330.0184,1.5,0,2.6
2,23.35166,0,0,0,330.0184,1.5,0,2.6
2,23.3591,0,0,0,330.0184,1.5,0,2.6
2,23.36543,0,0,0,330.0184,1.5,0,2.6
2,23.37232,0,0,0,330.0184,1.5,0,2.6
2,23.37906,0,0,0,330.0184,1.5,0,2.6
2,23.38513,0,0,0,330.0184,1.5,0,2.6
2,23.39196,0,0,0,330.0184,1.5,0,2.6
2,23.39873,0,0,0,330.0184,1.5,0,2.6
2,23.40592,0,0,0,330.0184,1.5,0,2.6
2,23.41251,0,0,0,330.0184,1.5,0,2.6
2,23.41857,0,0,0,330.0184,1.5,0,2.6
2,23.42523,0,0,0,330.0184,1.5,0,2.6
2,23.4335,0,0,0,330.0184,1.5,0,2.6
2,23.44059,0,0,0,330.0184,1.5,0,2.6
2,23.44924,0,0,0,330.0184,1.5,0,2.6
2,23.45648,0,0,0,330.0184,1.5,0,2.6
2,23.46346,0,0,0,330.0184,1.5,0,2.6
2,23.47085,0,0,0,330.0184,1.5,0,2.6
2,23.47879,0,0,0,330.0184,1.5,0,2.6
2,23.48519,0,0,0,330.0184,1.5,0,2.6
2,23.49313,0,0,0,330.0184,1.5,0,2.6
2,23.50151,0,0,0,330.0184,1.5,0,2.6
2,23.51025,0,0,0,330.0184,1.5,0,2.6
2,23.51967,0,0,0,330.0184,1.5,0,2.6
2,23.52901,0,0,0,330.0184,1.5,0,2.6
2,23.53854,0,0,0,330.0184,1.5,0,2.6
2,23.54744,0,0,0,330.0184,1.5,0,2.6
2,23.55654,0,0,0,330.0184,1.5,0,2.6
2,23.56569,0,0,0,330.0184,1.5,0,2.6
2,23.57557,0,0,0,330.0184,1.5,0,2.6
2,23.58547,0,0,0,330.0184,1.5,0,2.6
2,23.59438,0,0,0,330.0184,1.5,0,2.6
2,23.60375,0,0,0,330.0184,1.5,0,2.6
2,23.61192,0,0,0,330.0184,1.5,0,2.6
2,23.62007,0,0,0,330.0184,1.5,0,2.6
2,23.62892,0,0,0,330.0184,1.5,0,2.6
2,23.63821,0,0,0,330.0184,1.5,0,2.6
2,23.64677,0,0,0,330.0184,1.5,0,2.6
2,23.65624,0,0,0,330.0184,1.5,0,2.6
2,23.66608,0,0,0,330.0184,1.5,0,2.6
2,23.67581,0,0,0,330.0184,1.5,0,2.6
2,23.68551,0,0,0,330.0184,1.5,0,2.6
2,23.69568,0,0,0,330.0184,1.5,0,2.6
2,23.70593,0,0,0,330.0184,1.5,0,2.6
2,23.7164,0,0,0,330.0184,1.5,0,2.6
2,23.72687,0,0,0,330.0184,1.5,0,2.6
2,23.73578,0,0,0,330.0184,1.5,0,2.6
2,23.74517,0,0,0,330.0184,1.5,0,2.6
2,23.75383,0,0,0,330.0184,1.5,0,2.6
2,23.76222,0,0,0,330.0184,1.5,0,2.6
2,23.77036,0,0,0,330.0184,1.5,0,2.6
2,23.77912,0,0,0,330.0184,1.5,0,2.6
2,23.78746,0,0,0,330.0184,1.5,0,2.6
2,23.79654,0,0,0,330.0184,1.5,0,2.6
2,23.80737,0,0,0,330.0184,1.5,0,2.6
2,23.81715,0,0,0,330.0184,1.5,0,2.6
2,23.82619,0,0,0,330.0184,1.5,0,2.6
2,23.83433,0,0,0,330.0184,1.5,0,2.6
2,23.84206,0,0,0,330.0184,1.5,0,2.6
2,23.8497,0,0,0,330.0184,1.5,0,2.6
2,23.85802,0,0,0,330.0184,1.5,0,2.6
2,23.86957,0,0,0,330.0184,1.5,0,2.6
2,23.87681,0,0,0,330.0184,1.5,0,2.6
2,23.88524,0,0,0,330.0184,1.5,0,2.6
2,23.89425,0,0,0,330.0184,1.5,0,2.6
2,23.90273,0,0,0,330.0184,1.5,0,2.6
2,23.91182,0,0,0,330.0184,1.5,0,2.6
2,23.9201,0,0,0,330.0184,1.5,0,2.6
2,23.92934,0,0,0,330.0184,1.5,0,2.6
2,23.9389,0,0,0,330.0184,1.5,0,2.6
2,23.94732,0,0,0,330.0184,1.5,0,2.6
2,23.9556,0,0,0,330.0184,1.5,0,2.6
2,23.96359,0,0,0,330.0184,1.5,0,2.6
2,23.97162,0,0,0,330.0184,1.5,0,2.6
2,23.97867,0,0,0,330.0184,1.5,0,2.6
2,23.98571,0,0,0,330.0184,1.5,0,2.6
2,23.99272,0,0,0,330.0184,1.5,0,2.6
2,24.00037,0,0,0,330.0184,1.5,0,2.6
2,24.00913,0,0,0,330.0184,1.5,0,2.6
2,24.01677,0,0,0,330.0184,1.5,0,2.6
2,24.02424,0,0,0,330.0184,1.5,0,2.6
2,24.03122,0,0,0,330.0184,1.5,0,2.6
2,24.03857,0,0,0,330.0184,1.5,0,2.6
2,24.04538,0,0,0,330.0184,1.5,0,2.6
2,24.05151,0,0,0,330.0184,1.5,0,2.6
2,24.05837,0,0,0,330.0184,1.5,0,2.6
2,24.06465,0,0,0,330.0184,1.5,0,2.6
2,24.07127,0,0,0,330.0184,1.5,0,2.6
2,24.077,0,0,0,330.0184,1.5,0,2.6
2,24.08339,0,0,0,330.0184,1.5,0,2.6
2,24.08953,0,0,0,330.0184,1.5,0,2.6
2,24.09565,0,0,0,330.0184,1.5,0,2.6
2,24.10199,0,0,0,330.0184,1.5,0,2.6
2,24.10802,0,0,0,330.0184,1.5,0,2.6
2,24.11432,0,0,0,330.0184,1.5,0,2.6
2,24.12059,0,0,0,330.0184,1.5,0,2.6
2,24.12706,0,0,0,330.0184,1.5,0,2.6
2,24.13332,0,0,0,330.0184,1.5,0,2.6
2,24.13946,0,0,0,330.0184,1.5,0,2.6
2,24.14612,0,0,0,330.0184,1.5,0,2.6
2,24.15263,0,0,0,330.0184,1.5,0,2.6
2,24.1592,0,0,0,330.0184,1.5,0,2.6
2,24.16567,0,0,0,330.0184,1.5,0,2.6
2,24.17227,0,0,0,330.0184,1.5,0,2.6
2,24.17944,0,0,0,330.0184,1.5,0,2.6
2,24.18581,0,0,0,330.0184,1.5,0,2.6
2,24.19213,0,0,0,330.0184,1.5,0,2.6
2,24.19853,0,0,0,330.0184,1.5,0,2.6
2,24.20557,0,0,0,330.0184,1.5,0,2.6
2,24.21333,0,0,0,330.0184,1.5,0,2.6
2,24.22051,0,0,0,330.0184,1.5,0,2.6
2,24.22713,0,0,0,330.0184,1.5,0,2.6
2,24.23385,0,0,0,330.0184,1.5,0,2.6
2,24.24052,0,0,0,330.0184,1.5,0,2.6
2,24.24771,0,0,0,330.0184,1.5,0,2.6
2,24.25451,0,0,0,330.0184,1.5,0,2.6
2,24.26133,0,0,0,330.0184,1.5,0,2.6
2,24.26809,0,0,0,330.0184,1.5,0,2.6
2,24.27418,0,0,0,330.0184,1.5,0,2.6
2,24.28078,0,0,0,330.0184,1.5,0,2.6
2,24.28694,0,0,0,330.0184,1.5,0,2.6
2,24.29333,0,0,0,330.0184,1.5,0,2.6
2,24.30018,0,0,0,330.0184,1.5,0,2.6
2,24.30667,0,0,0,330.0184,1.5,0,2.6
2,24.31302,0,0,0,330.0184,1.5,0,2.6
2,24.31883,0,0,0,330.0184,1.5,0,2.6
2,24.32615,0,0,0,330.0184,1.5,0,2.6
2,24.33367,0,0,0,330.0184,1.5,0,2.6
2,24.34036,0,0,0,330.0184,1.5,0,2.6
2,24.34723,0,0,0,330.0184,1.5,0,2.6
2,24.35428,0,0,0,330.0184,1.5,0,2.6
2,24.36255,0,0,0,330.0184,1.5,0,2.6
2,24.37072,0,0,0,330.0184,1.5,0,2.6
2,24.38239,0,0,0,330.0184,1.5,0,2.6
2,24.39004,0,0,0,330.0184,1.5,0,2.6
2,24.39688,0,0,0,330.0184,1.5,0,2.6
2,24.40471,0,0,0,330.0184,1.5,0,2.6
2,24.41178,0,0,0,330.0184,1.5,0,2.6
2,24.41885,0,0,0,330.0184,1.5,0,2.6
2,24.42655,0,0,0,330.0184,1.5,0,2.6
2,24.43431,0,0,0,330.0184,1.5,0,2.6
2,24.44198,0,0,0,330.0184,1.5,0,2.6
2,24.45058,0,0,0,330.0184,1.5,0,2.6
2,24.45834,0,0,0,330.0184,1.5,0,2.6
2,24.46524,0,0,0,330.0184,1.5,0,2.6
2,24.47222,0,0,0,330.0184,1.5,0,2.6
2,24.47914,0,0,0,330.0184,1.5,0,2.6
2,24.48572,0,0,0,330.0184,1.5,0,2.6
2,24.49206,0,0,0,330.0184,1.5,0,2.6
2,24.49856,0,0,0,330.0184,1.5,0,2.6
2,24.50528,0,0,0,330.0184,1.5,0,2.6
2,24.51208,0,0,0,330.0184,1.5,0,2.6
2,24.51852,0,0,0,330.0184,1.5,0,2.6
2,24.5255,0,0,0,330.0184,1.5,0,2.6
2,24.53219,0,0,0,330.0184,1.5,0,2.6
2,24.5392,0,0,0,330.0184,1.5,0,2.6
2,24.54595,0,0,0,330.0184,1.5,0,2.6
2,24.55232,0,0,0,330.0184,1.5,0,2.6
2,24.56123,0,0,0,330.0184,1.5,0,2.6
2,24.57021,0,0,0,330.0184,1.5,0,2.6
2,24.57895,0,0,0,330.0184,1.5,0,2.6
2,24.58727,0,0,0,330.0184,1.5,0,2.6
2,24.59594,0,0,0,330.0184,1.5,0,2.6
2,24.60486,0,0,0,330.0184,1.5,0,2.6
2,24.61251,0,0,0,330.0184,1.5,0,2.6
2,24.61984,0,0,0,330.0184,1.5,0,2.6
2,24.6283,0,0,0,330.0184,1.5,0,2.6
2,24.63754,0,0,0,330.0184,1.5,0,2.6
2,24.6465,0,0,0,330.0184,1.5,0,2.6
2,24.6557,0,0,0,330.0184,1.5,0,2.6
2,24.66394,0,0,0,330.0184,1.5,0,2.6
2,24.67374,0,0,0,330.0184,1.5,0,2.6
2,24.68244,0,0,0,330.0184,1.5,0,2.6
2,24.69128,0,0,0,330.0184,1.5,0,2.6
2,24.70069,0,0,0,330.0184,1.5,0,2.6
2,24.70922,0,0,0,330.0184,1.5,0,2.6
2,24.71792,0,0,0,330.0184,1.5,0,2.6
2,24.7265,0,0,0,330.0184,1.5,0,2.6
2,24.73678,0,0,0,330.0184,1.5,0,2.6
2,24.74702,0,0,0,330.0184,1.5,0,2.6
2,24.75644,0,0,0,330.0184,1.5,0,2.6
2,24.76463,0,0,0,330.0184,1.5,0,2.6
2,24.77309,0,0,0,330.0184,1.5,0,2.6
2,24.78151,0,0,0,330.0184,1.5,0,2.6
2,24.78881,0,0,0,330.0184,1.5,0,2.6
2,24.79706,0,0,0,330.0184,1.5,0,2.6
2,24.80676,0,0,0,330.0184,1.5,0,2.6
2,24.81746,0,0,0,330.0184,1.5,0,2.6
2,24.83022,0,0,0,330.0184,1.5,0,2.6
2,24.83889,0,0,0,330.0184,1.5,0,2.6
2,24.8466,0,0,0,330.0184,1.5,0,2.6
2,24.85332,0,0,0,330.0184,1.5,0,2.6
2,24.86142,0,0,0,330.0184,1.5,0,2.6
2,24.86999,0,0,0,330.0184,1.5,0,2.6
2,24.87777,0,0,0,330.0184,1.5,0,2.6
2,24.88423,0,0,0,330.0184,1.5,0,2.6
2,24.89144,0,0,0,330.0184,1.5,0,2.6
2,24.89799,0,0,0,330.0184,1.5,0,2.6
2,24.90566,0,0,0,330.0184,1.5,0,2.6
2,24.91294,0,0,0,330.0184,1.5,0,2.6
2,24.92063,0,0,0,330.0184,1.5,0,2.6
2,24.92861,0,0,0,330.0184,1.5,0,2.6
2,24.93544,0,0,0,330.0184,1.5,0,2.6
2,24.94195,0,0,0,330.0184,1.5,0,2.6
2,24.94915,0,0,0,330.0184,1.5,0,2.6
2,24.95762,0,0,0,330.0184,1.5,0,2.6
2,24.96974,0,0,0,330.0184,1.5,0,2.6
2,24.9771,0,0,0,330.0184,1.5,0,2.6
2,24.98455,0,0,0,330.0184,1.5,0,2.6
2,24.99223,0,0,0,330.0184,1.5,0,2.6
2,24.99917,0,0,0,330.0184,1.5,0,2.6
2,25.00683,0,0,0,330.0184,1.5,0,2.6
2,25.01492,0,0,0,330.0184,1.5,0,2.6
2,25.02212,0,0,0,330.0184,1.5,0,2.6
2,25.02925,0,0,0,330.0184,1.5,0,2.6
2,25.03727,0,0,0,330.0184,1.5,0,2.6
2,25.04494,0,0,0,330.0184,1.5,0,2.6
2,25.05407,0,0,0,330.0184,1.5,0,2.6
2,25.06313,0,0,0,330.0184,1.5,0,2.6
2,25.07047,0,0,0,330.0184,1.5,0,2.6
2,25.08003,0,0,0,330.0184,1.5,0,2.6
2,25.09045,0,0,0,330.0184,1.5,0,2.6
2,25.09827,0,0,0,330.0184,1.5,0,2.6
2,25.10677,0,0,0,330.0184,1.5,0,2.6
2,25.11548,0,0,0,330.0184,1.5,0,2.6
2,25.12405,0,0,0,330.0184,1.5,0,2.6
2,25.13086,0,0,0,330.0184,1.5,0,2.6
2,25.13808,0,0,0,330.0184,1.5,0,2.6
2,25.14472,0,0,0,330.0184,1.5,0,2.6
2,25.15158,0,0,0,330.0184,1.5,0,2.6
2,25.15895,0,0,0,330.0184,1.5,0,2.6
2,25.16587,0,0,0,330.0184,1.5,0,2.6
2,25.17359,0,0,0,330.0184,1.5,0,2.6
2,25.18142,0,0,0,330.0184,1.5,0,2.6
2,25.18912,0,0,0,330.0184,1.5,0,2.6
2,25.19528,0,0,0,330.0184,1.5,0,2.6
2,25.20267,0,0,0,330.0184,1.5,0,2.6
2,25.20884,0,0,0,330.0184,1.5,0,2.6
2,25.21543,0,0,0,330.0184,1.5,0,2.6
2,25.22363,0,0,0,330.0184,1.5,0,2.6
2,25.23099,0,0,0,330.0184,1.5,0,2.6
2,25.23894,0,0,0,330.0184,1.5,0,2.6
2,25.24575,0,0,0,330.0184,1.5,0,2.6
2,25.25236,0,0,0,330.0184,1.5,0,2.6
2,25.25929,0,0,0,330.0184,1.5,0,2.6
2,25.26698,0,0,0,330.0184,1.5,0,2.6
2,25.27415,0,0,0,330.0184,1.5,0,2.6
2,25.28131,0,0,0,330.0184,1.5,0,2.6
2,25.28773,0,0,0,330.0184,1.5,0,2.6
2,25.29441,0,0,0,330.0184,1.5,0,2.6
2,25.3012,0,0,0,330.0184,1.5,0,2.6
2,25.30812,0,0,0,330.0184,1.5,0,2.6
2,25.31599,0,0,0,330.0184,1.5,0,2.6
2,25.32343,0,0,0,330.0184,1.5,0,2.6
2,25.33067,0,0,0,330.0184,1.5,0,2.6
2,25.33761,0,0,0,330.0184,1.5,0,2.6
2,25.3448,0,0,0,330.0184,1.5,0,2.6
2,25.35132,0,0,0,330.0184,1.5,0,2.6
2,25.35829,0,0,0,330.0184,1.5,0,2.6
2,25.36516,0,0,0,330.0184,1.5,0,2.6
2,25.37224,0,0,0,330.0184,1.5,0,2.6
2,25.38031,0,0,0,330.0184,1.5,0,2.6
2,25.38867,0,0,0,330.0184,1.5,0,2.6
2,25.39539,0,0,0,330.0184,1.5,0,2.6
2,25.40214,0,0,0,330.0184,1.5,0,2.6
2,25.40869,0,0,0,330.0184,1.5,0,2.6
2,25.41547,0,0,0,330.0184,1.5,0,2.6
2,25.4225,0,0,0,330.0184,1.5,0,2.6
2,25.42882,0,0,0,330.0184,1.5,0,2.6
2,25.43495,0,0,0,330.0184,1.5,0,2.6
2,25.44127,0,0,0,330.0184,1.5,0,2.6
2,25.44814,0,0,0,330.0184,1.5,0,2.6
2,25.45418,0,0,0,330.0184,1.5,0,2.6
2,25.46042,0,0,0,330.0184,1.5,0,2.6
2,25.46699,0,0,0,330.0184,1.5,0,2.6
2,25.47273,0,0,0,330.0184,1.5,0,2.6
2,25.47882,0,0,0,330.0184,1.5,0,2.6
2,25.48494,0,0,0,330.0184,1.5,0,2.6
2,25.49142,0,0,0,330.0184,1.5,0,2.6
2,25.50113,0,0,0,330.0184,1.5,0,2.6
2,25.50723,0,0,0,330.0184,1.5,0,2.6
2,25.51338,0,0,0,330.0184,1.5,0,2.6
2,25.5196,0,0,0,330.0184,1.5,0,2.6
2,25.526,0,0,0,330.0184,1.5,0,2.6
2,25.53235,0,0,0,330.0184,1.5,0,2.6
2,25.53919,0,0,0,330.0184,1.5,0,2.6
2,25.54589,0,0,0,330.0184,1.5,0,2.6
2,25.55187,0,0,0,330.0184,1.5,0,2.6
2,25.55808,0,0,0,330.0184,1.5,0,2.6
2,25.56473,0,0,0,330.0184,1.5,0,2.6
2,25.57318,0,0,0,330.0184,1.5,0,2.6
2,25.58163,0,0,0,330.0184,1.5,0,2.6
2,25.58794,0,0,0,330.0184,1.5,0,2.6
2,25.59469,0,0,0,330.0184,1.5,0,2.6
2,25.60145,0,0,0,330.0184,1.5,0,2.6
2,25.60758,0,0,0,330.0184,1.5,0,2.6
2,25.61394,0,0,0,330.0184,1.5,0,2.6
2,25.61961,0,0,0,330.0184,1.5,0,2.6
2,25.62626,0,0,0,330.0184,1.5,0,2.6
2,25.6321,0,0,0,330.0184,1.5,0,2.6
2,25.63807,0,0,0,330.0184,1.5,0,2.6
2,25.64429,0,0,0,330.0184,1.5,0,2.6
2,25.65014,0,0,0,330.0184,1.5,0,2.6
2,25.65639,0,0,0,330.0184,1.5,0,2.6
2,25.66318,0,0,0,330.0184,1.5,0,2.6
2,25.67012,0,0,0,330.0184,1.5,0,2.6
2,25.67796,0,0,0,330.0184,1.5,0,2.6
2,25.68752,0,0,0,330.0184,1.5,0,2.6
2,25.69613,0,0,0,330.0184,1.5,0,2.6
2,25.70395,0,0,0,330.0184,1.5,0,2.6
2,25.71144,0,0,0,330.0184,1.5,0,2.6
2,25.71818,0,0,0,330.0184,1.5,0,2.6
2,25.72572,0,0,0,330.0184,1.5,0,2.6
2,25.73193,0,0,0,330.0184,1.5,0,2.6
2,25.73994,0,0,0,330.0184,1.5,0,2.6
2,25.74827,0,0,0,330.0184,1.5,0,2.6
2,25.75812,0,0,0,330.0184,1.5,0,2.6
2,25.76951,0,0,0,330.0184,1.5,0,2.6
2,25.77878,0,0,0,330.0184,1.5,0,2.6
2,25.78736,0,0,0,330.0184,1.5,0,2.6
2,25.79615,0,0,0,330.0184,1.5,0,2.6
2,25.80574,0,0,0,330.0184,1.5,0,2.6
2,25.81573,0,0,0,330.0184,1.5,0,2.6
2,25.82428,0,0,0,330.0184,1.5,0,2.6
2,25.83367,0,0,0,330.0184,1.5,0,2.6
2,25.84366,0,0,0,330.0184,1.5,0,2.6
2,25.85433,0,0,0,330.0184,1.5,0,2.6
2,25.86486,0,0,0,330.0184,1.5,0,2.6
2,25.87346,0,0,0,330.0184,1.5,0,2.6
2,25.88291,0,0,0,330.0184,1.5,0,2.6
2,25.89181,0,0,0,330.0184,1.5,0,2.6
2,25.90134,0,0,0,330.0184,1.5,0,2.6
2,25.90991,0,0,0,330.0184,1.5,0,2.6
2,25.91835,0,0,0,330.0184,1.5,0,2.6
2,25.9265,0,0,0,330.0184,1.5,0,2.6
2,25.93469,0,0,0,330.0184,1.5,0,2.6
2,25.94264,0,0,0,330.0184,1.5,0,2.6
2,25.95255,0,0,0,330.0184,1.5,0,2.6
2,25.96241,0,0,0,330.0184,1.5,0,2.6
2,25.96955,0,0,0,330.0184,1.5,0,2.6
2,25.97833,0,0,0,330.0184,1.5,0,2.6
2,25.98623,0,0,0,330.0184,1.5,0,2.6
2,25.99446,0,0,0,330.0184,1.5,0,2.6
2,26.00154,0,0,0,330.0184,1.5,0,2.6
2,26.00882,0,0,0,330.0184,1.5,0,2.6
2,26.01599,0,0,0,330.0184,1.5,0,2.6
2,26.02317,0,0,0,330.0184,1.5,0,2.6
2,26.02965,0,0,0,330.0184,1.5,0,2.6
2,26.03755,0,0,0,330.0184,1.5,0,2.6
2,26.04519,0,0,0,330.0184,1.5,0,2.6
2,26.0533,0,0,0,330.0184,1.5,0,2.6
2,26.0614,0,0,0,330.0184,1.5,0,2.6
2,26.06991,0,0,0,330.0184,1.5,0,2.6
2,26.08114,0,0,0,330.0184,1.5,0,2.6
2,26.08875,0,0,0,330.0184,1.5,0,2.6
2,26.09526,0,0,0,330.0184,1.5,0,2.6
2,26.1029,0,0,0,330.0184,1.5,0,2.6
2,26.11146,0,0,0,330.0184,1.5,0,2.6
2,26.11811,0,0,0,330.0184,1.5,0,2.6
2,26.12533,0,0,0,330.0184,1.5,0,2.6
2,26.13231,0,0,0,330.0184,1.5,0,2.6
2,26.13924,0,0,0,330.0184,1.5,0,2.6
2,26.14659,0,0,0,330.0184,1.5,0,2.6
2,26.15416,0,0,0,330.0184,1.5,0,2.6
2,26.16224,0,0,0,330.0184,1.5,0,2.6
2,26.17057,0,0,0,330.0184,1.5,0,2.6
2,26.17829,0,0,0,330.0184,1.5,0,2.6
2,26.18487,0,0,0,330.0184,1.5,0,2.6
2,26.19196,0,0,0,330.0184,1.5,0,2.6
2,26.19814,0,0,0,330.0184,1.5,0,2.6
2,26.20461,0,0,0,330.0184,1.5,0,2.6
2,26.21124,0,0,0,330.0184,1.5,0,2.6
2,26.21783,0,0,0,330.0184,1.5,0,2.6
2,26.22503,0,0,0,330.0184,1.5,0,2.6
2,26.23178,0,0,0,330.0184,1.5,0,2.6
2,26.23849,0,0,0,330.0184,1.5,0,2.6
2,26.24724,0,0,0,330.0184,1.5,0,2.6
2,26.25407,0,0,0,330.0184,1.5,0,2.6
2,26.26182,0,0,0,330.0184,1.5,0,2.6
2,26.26842,0,0,0,330.0184,1.5,0,2.6
2,26.27526,0,0,0,330.0184,1.5,0,2.6
2,26.28228,0,0,0,330.0184,1.5,0,2.6
2,26.28954,0,0,0,330.0184,1.5,0,2.6
2,26.29575,0,0,0,330.0184,1.5,0,2.6
2,26.3021,0,0,0,330.0184,1.5,0,2.6
2,26.30801,0,0,0,330.0184,1.5,0,2.6
2,26.31393,0,0,0,330.0184,1.5,0,2.6
2,26.32039,0,0,0,330.0184,1.5,0,2.6
2,26.32859,0,0,0,330.0184,1.5,0,2.6
2,26.33605,0,0,0,330.0184,1.5,0,2.6
2,26.34296,0,0,0,330.0184,1.5,0,2.6
2,26.35203,0,0,0,330.0184,1.5,0,2.6
2,26.35939,0,0,0,330.0184,1.5,0,2.6
2,26.36697,0,0,0,330.0184,1.5,0,2.6
2,26.37396,0,0,0,330.0184,1.5,0,2.6
2,26.38218,0,0,0,330.0184,1.5,0,2.6
2,26.38931,0,0,0,330.0184,1.5,0,2.6
2,26.39617,0,0,0,330.0184,1.5,0,2.6
2,26.40438,0,0,0,330.0184,1.5,0,2.6
2,26.41224,0,0,0,330.0184,1.5,0,2.6
2,26.42066,0,0,0,330.0184,1.5,0,2.6
2,26.42986,0,0,0,330.0184,1.5,0,2.6
2,26.43813,0,0,0,330.0184,1.5,0,2.6
2,26.44545,0,0,0,330.0184,1.5,0,2.6
2,26.45266,0,0,0,330.0184,1.5,0,2.6
2,26.45928,0,0,0,330.0184,1.5,0,2.6
2,26.4668,0,0,0,330.0184,1.5,0,2.6
2,26.47361,0,0,0,330.0184,1.5,0,2.6
2,26.48052,0,0,0,330.0184,1.5,0,2.6
2,26.48679,0,0,0,330.0184,1.5,0,2.6
2,26.49351,0,0,0,330.0184,1.5,0,2.6
2,26.50015,0,0,0,330.0184,1.5,0,2.6
2,26.50697,0,0,0,330.0184,1.5,0,2.6
2,26.51328,0,0,0,330.0184,1.5,0,2.6
2,26.51948,0,0,0,330.0184,1.5,0,2.6
2,26.52657,0,0,0,330.0184,1.5,0,2.6
2,26.53385,0,0,0,330.0184,1.5,0,2.6
2,26.54017,0,0,0,330.0184,1.5,0,2.6
2,26.54772,0,0,0,330.0184,1.5,0,2.6
2,26.55548,0,0,0,330.0184,1.5,0,2.6
2,26.56288,0,0,0,330.0184,1.5,0,2.6
2,26.57026,0,0,0,330.0184,1.5,0,2.6
2,26.57668,0,0,0,330.0184,1.5,0,2.6
2,26.58385,0,0,0,330.0184,1.5,0,2.6
2,26.59074,0,0,0,330.0184,1.5,0,2.6
2,26.59735,0,0,0,330.0184,1.5,0,2.6
2,26.60854,0,0,0,330.0184,1.5,0,2.6
2,26.61538,0,0,0,330.0184,1.5,0,2.6
2,26.62222,0,0,0,330.0184,1.5,0,2.6
2,26.6287,0,0,0,330.0184,1.5,0,2.6
2,26.63558,0,0,0,330.0184,1.5,0,2.6
2,26.64245,0,0,0,330.0184,1.5,0,2.6
2,26.64932,0,0,0,330.0184,1.5,0,2.6
2,26.65693,0,0,0,330.0184,1.5,0,2.6
2,26.66359,0,0,0,330.0184,1.5,0,2.6
2,26.67016,0,0,0,330.0184,1.5,0,2.6
2,26.67661,0,0,0,330.0184,1.5,0,2.6
2,26.6844,0,0,0,330.0184,1.5,0,2.6
2,26.69237,0,0,0,330.0184,1.5,0,2.6
2,26.70014,0,0,0,330.0184,1.5,0,2.6
2,26.70769,0,0,0,330.0184,1.5,0,2.6
2,26.71457,0,0,0,330.0184,1.5,0,2.6
2,26.72087,0,0,0,330.0184,1.5,0,2.6
2,26.72749,0,0,0,330.0184,1.5,0,2.6
2,26.73425,0,0,0,330.0184,1.5,0,2.6
2,26.74082,0,0,0,330.0184,1.5,0,2.6
2,26.74821,0,0,0,330.0184,1.5,0,2.6
2,26.7543,0,0,0,330.0184,1.5,0,2.6
2,26.76107,0,0,0,330.0184,1.5,0,2.6
2,26.76928,0,0,0,330.0184,1.5,0,2.6
2,26.77658,0,0,0,330.0184,1.5,0,2.6
2,26.78566,0,0,0,330.0184,1.5,0,2.6
2,26.79608,0,0,0,330.0184,1.5,0,2.6
2,26.80569,0,0,0,330.0184,1.5,0,2.6
2,26.81429,0,0,0,330.0184,1.5,0,2.6
2,26.82373,0,0,0,330.0184,1.5,0,2.6
2,26.83178,0,0,0,330.0184,1.5,0,2.6
2,26.84062,0,0,0,330.0184,1.5,0,2.6
2,26.84781,0,0,0,330.0184,1.5,0,2.6
2,26.85488,0,0,0,330.0184,1.5,0,2.6
2,26.86414,0,0,0,330.0184,1.5,0,2.6
2,26.87295,0,0,0,330.0184,1.5,0,2.6
2,26.88419,0,0,0,330.0184,1.5,0,2.6
2,26.89466,0,0,0,330.0184,1.5,0,2.6
2,26.90353,0,0,0,330.0184,1.5,0,2.6
2,26.91318,0,0,0,330.0184,1.5,0,2.6
2,26.92247,0,0,0,330.0184,1.5,0,2.6
2,26.93104,0,0,0,330.0184,1.5,0,2.6
2,26.93954,0,0,0,330.0184,1.5,0,2.6
2,26.94838,0,0,0,330.0184,1.5,0,2.6
2,26.95704,0,0,0,330.0184,1.5,0,2.6
2,26.96732,0,0,0,330.0184,1.5,0,2.6
2,26.97694,0,0,0,330.0184,1.5,0,2.6
2,26.98564,0,0,0,330.0184,1.5,0,2.6
2,26.99445,0,0,0,330.0184,1.5,0,2.6
2,27.00415,0,0,0,330.0184,1.5,0,2.6
2,27.01278,0,0,0,330.0184,1.5,0,2.6
2,27.02094,0,0,0,330.0184,1.5,0,2.6
2,27.02979,0,0,0,330.0184,1.5,0,2.6
2,27.0392,0,0,0,330.0184,1.5,0,2.6
2,27.04725,0,0,0,330.0184,1.5,0,2.6
2,27.05586,0,0,0,330.0184,1.5,0,2.6
2,27.06604,0,0,0,330.0184,1.5,0,2.6
2,27.07652,0,0,0,330.0184,1.5,0,2.6
2,27.08492,0,0,0,330.0184,1.5,0,2.6
2,27.09363,0,0,0,330.0184,1.5,0,2.6
2,27.10135,0,0,0,330.0184,1.5,0,2.6
2,27.10873,0,0,0,330.0184,1.5,0,2.6
2,27.1173,0,0,0,330.0184,1.5,0,2.6
2,27.12456,0,0,0,330.0184,1.5,0,2.6
2,27.13124,0,0,0,330.0184,1.5,0,2.6
2,27.1381,0,0,0,330.0184,1.5,0,2.6
2,27.1452,0,0,0,330.0184,1.5,0,2.6
2,27.1523,0,0,0,330.0184,1.5,0,2.6
2,27.15999,0,0,0,330.0184,1.5,0,2.6
2,27.16793,0,0,0,330.0184,1.5,0,2.6
2,27.17541,0,0,0,330.0184,1.5,0,2.6
2,27.18331,0,0,0,330.0184,1.5,0,2.6
2,27.19101,0,0,0,330.0184,1.5,0,2.6
2,27.19888,0,0,0,330.0184,1.5,0,2.6
2,27.20995,0,0,0,330.0184,1.5,0,2.6
2,27.21712,0,0,0,330.0184,1.5,0,2.6
2,27.2244,0,0,0,330.0184,1.5,0,2.6
2,27.23125,0,0,0,330.0184,1.5,0,2.6
2,27.2391,0,0,0,330.0184,1.5,0,2.6
2,27.24643,0,0,0,330.0184,1.5,0,2.6
2,27.25464,0,0,0,330.0184,1.5,0,2.6
2,27.26271,0,0,0,330.0184,1.5,0,2.6
2,27.27069,0,0,0,330.0184,1.5,0,2.6
2,27.27851,0,0,0,330.0184,1.5,0,2.6
2,27.28693,0,0,0,330.0184,1.5,0,2.6
2,27.29544,0,0,0,330.0184,1.5,0,2.6
2,27.30356,0,0,0,330.0184,1.5,0,2.6
2,27.31177,0,0,0,330.0184,1.5,0,2.6
2,27.31873,0,0,0,330.0184,1.5,0,2.6
2,27.3253,0,0,0,330.0184,1.5,0,2.6
2,27.33184,0,0,0,330.0184,1.5,0,2.6
2,27.33877,0,0,0,330.0184,1.5,0,2.6
2,27.34557,0,0,0,330.0184,1.5,0,2.6
2,27.35187,0,0,0,330.0184,1.5,0,2.6
2,27.35858,0,0,0,330.0184,1.5,0,2.6
2,27.36529,0,0,0,330.0184,1.5,0,2.6
2,27.37179,0,0,0,330.0184,1.5,0,2.6
2,27.37811,0,0,0,330.0184,1.5,0,2.6
2,27.38422,0,0,0,330.0184,1.5,0,2.6
2,27.39175,0,0,0,330.0184,1.5,0,2.6
2,27.39808,0,0,0,330.0184,1.5,0,2.6
2,27.4052,0,0,0,330.0184,1.5,0,2.6
2,27.41311,0,0,0,330.0184,1.5,0,2.6
2,27.41997,0,0,0,330.0184,1.5,0,2.6
2,27.42768,0,0,0,330.0184,1.5,0,2.6
2,27.43453,0,0,0,330.0184,1.5,0,2.6
2,27.44074,0,0,0,330.0184,1.5,0,2.6
2,27.4472,0,0,0,330.0184,1.5,0,2.6
2,27.45328,0,0,0,330.0184,1.5,0,2.6
2,27.4594,0,0,0,330.0184,1.5,0,2.6
2,27.46559,0,0,0,330.0184,1.5,0,2.6
2,27.47247,0,0,0,330.0184,1.5,0,2.6
2,27.48028,0,0,0,330.0184,1.5,0,2.6
2,27.48684,0,0,0,330.0184,1.5,0,2.6
2,27.49393,0,0,0,330.0184,1.5,0,2.6
2,27.50109,0,0,0,330.0184,1.5,0,2.6
2,27.50791,0,0,0,330.0184,1.5,0,2.6
2,27.51412,0,0,0,330.0184,1.5,0,2.6
2,27.51991,0,0,0,330.0184,1.5,0,2.6
2,27.52653,0,0,0,330.0184,1.5,0,2.6
2,27.53312,0,0,0,330.0184,1.5,0,2.6
2,27.53898,0,0,0,330.0184,1.5,0,2.6
2,27.54535,0,0,0,330.0184,1.5,0,2.6
2,27.55149,0,0,0,330.0184,1.5,0,2.6
2,27.55843,0,0,0,330.0184,1.5,0,2.6
2,27.56764,0,0,0,330.0184,1.5,0,2.6
2,27.57517,0,0,0,330.0184,1.5,0,2.6
2,27.58225,0,0,0,330.0184,1.5,0,2.6
2,27.58916,0,0,0,330.0184,1.5,0,2.6
2,27.59571,0,0,0,330.0184,1.5,0,2.6
2,27.60252,0,0,0,330.0184,1.5,0,2.6
2,27.60907,0,0,0,330.0184,1.5,0,2.6
2,27.61557,0,0,0,330.0184,1.5,0,2.6
2,27.62305,0,0,0,330.0184,1.5,0,2.6
2,27.62904,0,0,0,330.0184,1.5,0,2.6
2,27.63579,0,0,0,330.0184,1.5,0,2.6
2,27.64182,0,0,0,330.0184,1.5,0,2.6
2,27.64799,0,0,0,330.0184,1.5,0,2.6
2,27.65403,0,0,0,330.0184,1.5,0,2.6
2,27.66024,0,0,0,330.0184,1.5,0,2.6
2,27.66688,0,0,0,330.0184,1.5,0,2.6
2,27.67348,0,0,0,330.0184,1.5,0,2.6
2,27.67999,0,0,0,330.0184,1.5,0,2.6
2,27.686,0,0,0,330.0184,1.5,0,2.6
2,27.69239,0,0,0,330.0184,1.5,0,2.6
2,27.69811,0,0,0,330.0184,1.5,0,2.6
2,27.7043,0,0,0,330.0184,1.5,0,2.6
2,27.71087,0,0,0,330.0184,1.5,0,2.6
2,27.71659,0,0,0,330.0184,1.5,0,2.6
2,27.73059,0,0,0,330.0184,1.5,0,2.6
2,27.74155,0,0,0,330.0184,1.5,0,2.6
2,27.7552,0,0,0,330.0184,1.5,0,2.6
2,27.76229,0,0,0,330.0184,1.5,0,2.6
2,27.77001,0,0,0,330.0184,1.5,0,2.6
2,27.77786,0,0,0,330.0184,1.5,0,2.6
2,27.7845,0,0,0,330.0184,1.5,0,2.6
2,27.79143,0,0,0,330.0184,1.5,0,2.6
2,27.79924,0,0,0,330.0184,1.5,0,2.6
2,27.80804,0,0,0,330.0184,1.5,0,2.6
2,27.8175,0,0,0,330.0184,1.5,0,2.6
2,27.82502,0,0,0,330.0184,1.5,0,2.6
2,27.83216,0,0,0,330.0184,1.5,0,2.6
2,27.83959,0,0,0,330.0184,1.5,0,2.6
2,27.84701,0,0,0,330.0184,1.5,0,2.6
2,27.85586,0,0,0,330.0184,1.5,0,2.6
2,27.86356,0,0,0,330.0184,1.5,0,2.6
2,27.87052,0,0,0,330.0184,1.5,0,2.6
2,27.87761,0,0,0,330.0184,1.5,0,2.6
2,27.88498,0,0,0,330.0184,1.5,0,2.6
2,27.89242,0,0,0,330.0184,1.5,0,2.6
2,27.90158,0,0,0,330.0184,1.5,0,2.6
2,27.91182,0,0,0,330.0184,1.5,0,2.6
2,27.91982,0,0,0,330.0184,1.5,0,2.6
2,27.92786,0,0,0,330.0184,1.5,0,2.6
2,27.93638,0,0,0,330.0184,1.5,0,2.6
2,27.94596,0,0,0,330.0184,1.5,0,2.6
2,27.95439,0,0,0,330.0184,1.5,0,2.6
2,27.96362,0,0,0,330.0184,1.5,0,2.6
2,27.97336,0,0,0,330.0184,1.5,0,2.6
2,27.98406,0,0,0,330.0184,1.5,0,2.6
2,27.99338,0,0,0,330.0184,1.5,0,2.6
2,28.00256,0,0,0,330.0184,1.5,0,2.6
2,28.01141,0,0,0,330.0184,1.5,0,2.6
2,28.02005,0,0,0,330.0184,1.5,0,2.6
2,28.02959,0,0,0,330.0184,1.5,0,2.6
2,28.03968,0,0,0,330.0184,1.5,0,2.6
2,28.04944,0,0,0,330.0184,1.5,0,2.6
2,28.05824,0,0,0,330.0184,1.5,0,2.6
2,28.06692,0,0,0,330.0184,1.5,0,2.6
2,28.07612,0,0,0,330.0184,1.5,0,2.6
2,28.08629,0,0,0,330.0184,1.5,0,2.6
2,28.09666,0,0,0,330.0184,1.5,0,2.6
2,28.10673,0,0,0,330.0184,1.5,0,2.6
2,28.11598,0,0,0,330.0184,1.5,0,2.6
2,28.12422,0,0,0,330.0184,1.5,0,2.6
2,28.13351,0,0,0,330.0184,1.5,0,2.6
2,28.14131,0,0,0,330.0184,1.5,0,2.6
2,28.14973,0,0,0,330.0184,1.5,0,2.6
2,28.15756,0,0,0,330.0184,1.5,0,2.6
2,28.16686,0,0,0,330.0184,1.5,0,2.6
2,28.17647,0,0,0,330.0184,1.5,0,2.6
2,28.18659,0,0,0,330.0184,1.5,0,2.6
2,28.19478,0,0,0,330.0184,1.5,0,2.6
2,28.20255,0,0,0,330.0184,1.5,0,2.6
2,28.2104,0,0,0,330.0184,1.5,0,2.6
2,28.21853,0,0,0,330.0184,1.5,0,2.6
2,28.22676,0,0,0,330.0184,1.5,0,2.6
2,28.23429,0,0,0,330.0184,1.5,0,2.6
2,28.24178,0,0,0,330.0184,1.5,0,2.6
2,28.2497,0,0,0,330.0184,1.5,0,2.6
2,28.25723,0,0,0,330.0184,1.5,0,2.6
2,28.26488,0,0,0,330.0184,1.5,0,2.6
2,28.27359,0,0,0,330.0184,1.5,0,2.6
2,28.2834,0,0,0,330.0184,1.5,0,2.6
2,28.29118,0,0,0,330.0184,1.5,0,2.6
2,28.29873,0,0,0,330.0184,1.5,0,2.6
2,28.30713,0,0,0,330.0184,1.5,0,2.6
2,28.31493,0,0,0,330.0184,1.5,0,2.6
2,28.32308,0,0,0,330.0184,1.5,0,2.6
2,28.32993,0,0,0,330.0184,1.5,0,2.6
2,28.34027,0,0,0,330.0184,1.5,0,2.6
2,28.34747,0,0,0,330.0184,1.5,0,2.6
2,28.35417,0,0,0,330.0184,1.5,0,2.6
2,28.36163,0,0,0,330.0184,1.5,0,2.6
2,28.36969,0,0,0,330.0184,1.5,0,2.6
2,28.37672,0,0,0,330.0184,1.5,0,2.6
2,28.38441,0,0,0,330.0184,1.5,0,2.6
2,28.39106,0,0,0,330.0184,1.5,0,2.6
2,28.39798,0,0,0,330.0184,1.5,0,2.6
2,28.40559,0,0,0,330.0184,1.5,0,2.6
2,28.4124,0,0,0,330.0184,1.5,0,2.6
2,28.41956,0,0,0,330.0184,1.5,0,2.6
2,28.42703,0,0,0,330.0184,1.5,0,2.6
2,28.4358,0,0,0,330.0184,1.5,0,2.6
2,28.44312,0,0,0,330.0184,1.5,0,2.6
2,28.45026,0,0,0,330.0184,1.5,0,2.6
2,28.45698,0,0,0,330.0184,1.5,0,2.6
2,28.46352,0,0,0,330.0184,1.5,0,2.6
2,28.47025,0,0,0,330.0184,1.5,0,2.6
2,28.47651,0,0,0,330.0184,1.5,0,2.6
2,28.48453,0,0,0,330.0184,1.5,0,2.6
2,28.49319,0,0,0,330.0184,1.5,0,2.6
2,28.50201,0,0,0,330.0184,1.5,0,2.6
2,28.50858,0,0,0,330.0184,1.5,0,2.6
2,28.51537,0,0,0,330.0184,1.5,0,2.6
2,28.52294,0,0,0,330.0184,1.5,0,2.6
2,28.53123,0,0,0,330.0184,1.5,0,2.6
2,28.53859,0,0,0,330.0184,1.5,0,2.6
2,28.54598,0,0,0,330.0184,1.5,0,2.6
2,28.55276,0,0,0,330.0184,1.5,0,2.6
2,28.56047,0,0,0,330.0184,1.5,0,2.6
2,28.56758,0,0,0,330.0184,1.5,0,2.6
2,28.57388,0,0,0,330.0184,1.5,0,2.6
2,28.58134,0,0,0,330.0184,1.5,0,2.6
2,28.58913,0,0,0,330.0184,1.5,0,2.6
2,28.59651,0,0,0,330.0184,1.5,0,2.6
2,28.6049,0,0,0,330.0184,1.5,0,2.6
2,28.61173,0,0,0,330.0184,1.5,0,2.6
2,28.61795,0,0,0,330.0184,1.5,0,2.6
2,28.6245,0,0,0,330.0184,1.5,0,2.6
2,28.63084,0,0,0,330.0184,1.5,0,2.6
2,28.63755,0,0,0,330.0184,1.5,0,2.6
2,28.64378,0,0,0,330.0184,1.5,0,2.6
2,28.65168,0,0,0,330.0184,1.5,0,2.6
2,28.65851,0,0,0,330.0184,1.5,0,2.6
2,28.66472,0,0,0,330.0184,1.5,0,2.6
2,28.67128,0,0,0,330.0184,1.5,0,2.6
2,28.67802,0,0,0,330.0184,1.5,0,2.6
2,28.68468,0,0,0,330.0184,1.5,0,2.6
2,28.69167,0,0,0,330.0184,1.5,0,2.6
2,28.6988,0,0,0,330.0184,1.5,0,2.6
2,28.70564,0,0,0,330.0184,1.5,0,2.6
2,28.71268,0,0,0,330.0184,1.5,0,2.6
2,28.7186,0,0,0,330.0184,1.5,0,2.6
2,28.72519,0,0,0,330.0184,1.5,0,2.6
2,28.73187,0,0,0,330.0184,1.5,0,2.6
2,28.7391,0,0,0,330.0184,1.5,0,2.6
2,28.74632,0,0,0,330.0184,1.5,0,2.6
2,28.75322,0,0,0,330.0184,1.5,0,2.6
2,28.76034,0,0,0,330.0184,1.5,0,2.6
2,28.7677,0,0,0,330.0184,1.5,0,2.6
2,28.77441,0,0,0,330.0184,1.5,0,2.6
2,28.78152,0,0,0,330.0184,1.5,0,2.6
2,28.78809,0,0,0,330.0184,1.5,0,2.6
2,28.7949,0,0,0,330.0184,1.5,0,2.6
2,28.80247,0,0,0,330.0184,1.5,0,2.6
2,28.80959,0,0,0,330.0184,1.5,0,2.6
2,28.81685,0,0,0,330.0184,1.5,0,2.6
2,28.82478,0,0,0,330.0184,1.5,0,2.6
2,28.83855,0,0,0,330.0184,1.5,0,2.6
2,28.84595,0,0,0,330.0184,1.5,0,2.6
2,28.85247,0,0,0,330.0184,1.5,0,2.6
2,28.85888,0,0,0,330.0184,1.5,0,2.6
2,28.86478,0,0,0,330.0184,1.5,0,2.6
2,28.87124,0,0,0,330.0184,1.5,0,2.6
2,28.87818,0,0,0,330.0184,1.5,0,2.6
2,28.88447,0,0,0,330.0184,1.5,0,2.6
2,28.89134,0,0,0,330.0184,1.5,0,2.6
2,28.89708,0,0,0,330.0184,1.5,0,2.6
2,28.90355,0,0,0,330.0184,1.5,0,2.6
2,28.90969,0,0,0,330.0184,1.5,0,2.6
2,28.91755,0,0,0,330.0184,1.5,0,2.6
2,28.9258,0,0,0,330.0184,1.5,0,2.6
2,28.93169,0,0,0,330.0184,1.5,0,2.6
2,28.93794,0,0,0,330.0184,1.5,0,2.6
2,28.94448,0,0,0,330.0184,1.5,0,2.6
2,28.95081,0,0,0,330.0184,1.5,0,2.6
2,28.95717,0,0,0,330.0184,1.5,0,2.6
2,28.96382,0,0,0,330.0184,1.5,0,2.6
2,28.97039,0,0,0,330.0184,1.5,0,2.6
2,28.97705,0,0,0,330.0184,1.5,0,2.6
2,28.98396,0,0,0,330.0184,1.5,0,2.6
2,28.99049,0,0,0,330.0184,1.5,0,2.6
2,28.99658,0,0,0,330.0184,1.5,0,2.6
2,29.00356,0,0,0,330.0184,1.5,0,2.6
2,29.01118,0,0,0,330.0184,1.5,0,2.6
2,29.01843,0,0,0,330.0184,1.5,0,2.6
2,29.02638,0,0,0,330.0184,1.5,0,2.6
2,29.03559,0,0,0,330.0184,1.5,0,2.6
2,29.04452,0,0,0,330.0184,1.5,0,2.6
2,29.05198,0,0,0,330.0184,1.5,0,2.6
2,29.06019,0,0,0,330.0184,1.5,0,2.6
2,29.06935,0,0,0,330.0184,1.5,0,2.6
2,29.0788,0,0,0,330.0184,1.5,0,2.6
2,29.08821,0,0,0,330.0184,1.5,0,2.6
2,29.09958,0,0,0,330.0184,1.5,0,2.6
2,29.10955,0,0,0,330.0184,1.5,0,2.6
2,29.12043,0,0,0,330.0184,1.5,0,2.6
2,29.13058,0,0,0,330.0184,1.5,0,2.6
2,29.13993,0,0,0,330.0184,1.5,0,2.6
2,29.14914,0,0,0,330.0184,1.5,0,2.6
2,29.15831,0,0,0,330.0184,1.5,0,2.6
2,29.16719,0,0,0,330.0184,1.5,0,2.6
2,29.1779,0,0,0,330.0184,1.5,0,2.6
2,29.18645,0,0,0,330.0184,1.5,0,2.6
2,29.19586,0,0,0,330.0184,1.5,0,2.6
2,29.20495,0,0,0,330.0184,1.5,0,2.6
2,29.21403,0,0,0,330.0184,1.5,0,2.6
2,29.22366,0,0,0,330.0184,1.5,0,2.6
2,29.23209,0,0,0,330.0184,1.5,0,2.6
2,29.24156,0,0,0,330.0184,1.5,0,2.6
2,29.25099,0,0,0,330.0184,1.5,0,2.6
2,29.26043,0,0,0,330.0184,1.5,0,2.6
2,29.26972,0,0,0,330.0184,1.5,0,2.6
2,29.27969,0,0,0,330.0184,1.5,0,2.6
2,29.2902,0,0,0,330.0184,1.5,0,2.6
2,29.30017,0,0,0,330.0184,1.5,0,2.6
2,29.30828,0,0,0,330.0184,1.5,0,2.6
2,29.31777,0,0,0,330.0184,1.5,0,2.6
2,29.32641,0,0,0,330.0184,1.5,0,2.6
2,29.33402,0,0,0,330.0184,1.5,0,2.6
2,29.34165,0,0,0,330.0184,1.5,0,2.6
2,29.34962,0,0,0,330.0184,1.5,0,2.6
2,29.35718,0,0,0,330.0184,1.5,0,2.6
2,29.36457,0,0,0,330.0184,1.5,0,2.6
2,29.37236,0,0,0,330.0184,1.5,0,2.6
2,29.38089,0,0,0,330.0184,1.5,0,2.6
2,29.38819,0,0,0,330.0184,1.5,0,2.6
2,29.39681,0,0,0,330.0184,1.5,0,2.6
2,29.40926,0,0,0,330.0184,1.5,0,2.6
2,29.41728,0,0,0,330.0184,1.5,0,2.6
2,29.42562,0,0,0,330.0184,1.5,0,2.6
2,29.43344,0,0,0,330.0184,1.5,0,2.6
2,29.44224,0,0,0,330.0184,1.5,0,2.6
2,29.45036,0,0,0,330.0184,1.5,0,2.6
2,29.45935,0,0,0,330.0184,1.5,0,2.6
2,29.46846,0,0,0,330.0184,1.5,0,2.6
2,29.47569,0,0,0,330.0184,1.5,0,2.6
2,29.48387,0,0,0,330.0184,1.5,0,2.6
2,29.49139,0,0,0,330.0184,1.5,0,2.6
2,29.49839,0,0,0,330.0184,1.5,0,2.6
2,29.50568,0,0,0,330.0184,1.5,0,2.6
2,29.51277,0,0,0,330.0184,1.5,0,2.6
2,29.52002,0,0,0,330.0184,1.5,0,2.6
2,29.52788,0,0,0,330.0184,1.5,0,2.6
2,29.53495,0,0,0,330.0184,1.5,0,2.6
2,29.54214,0,0,0,330.0184,1.5,0,2.6
2,29.54982,0,0,0,330.0184,1.5,0,2.6
2,29.55656,0,0,0,330.0184,1.5,0,2.6
2,29.56403,0,0,0,330.0184,1.5,0,2.6
2,29.57272,0,0,0,330.0184,1.5,0,2.6
2,29.58033,0,0,0,330.0184,1.5,0,2.6
2,29.58712,0,0,0,330.0184,1.5,0,2.6
2,29.59394,0,0,0,330.0184,1.5,0,2.6
2,29.60081,0,0,0,330.0184,1.5,0,2.6
2,29.60751,0,0,0,330.0184,1.5,0,2.6
2,29.61406,0,0,0,330.0184,1.5,0,2.6
2,29.62021,0,0,0,330.0184,1.5,0,2.6
2,29.62754,0,0,0,330.0184,1.5,0,2.6
2,29.63393,0,0,0,330.0184,1.5,0,2.6
2,29.64025,0,0,0,330.0184,1.5,0,2.6
2,29.64761,0,0,0,330.0184,1.5,0,2.6
2,29.65526,0,0,0,330.0184,1.5,0,2.6
2,29.66132,0,0,0,330.0184,1.5,0,2.6
2,29.66809,0,0,0,330.0184,1.5,0,2.6
2,29.67468,0,0,0,330.0184,1.5,0,2.6
2,29.68134,0,0,0,330.0184,1.5,0,2.6
2,29.68788,0,0,0,330.0184,1.5,0,2.6
2,29.69547,0,0,0,330.0184,1.5,0,2.6
2,29.7033,0,0,0,330.0184,1.5,0,2.6
2,29.70964,0,0,0,330.0184,1.5,0,2.6
2,29.7164,0,0,0,330.0184,1.5,0,2.6
2,29.7235,0,0,0,330.0184,1.5,0,2.6
2,29.73157,0,0,0,330.0184,1.5,0,2.6
2,29.74019,0,0,0,330.0184,1.5,0,2.6
2,29.74789,0,0,0,330.0184,1.5,0,2.6
2,29.75462,0,0,0,330.0184,1.5,0,2.6
2,29.76115,0,0,0,330.0184,1.5,0,2.6
2,29.76812,0,0,0,330.0184,1.5,0,2.6
2,29.77438,0,0,0,330.0184,1.5,0,2.6
2,29.78147,0,0,0,330.0184,1.5,0,2.6
2,29.78886,0,0,0,330.0184,1.5,0,2.6
2,29.7958,0,0,0,330.0184,1.5,0,2.6
2,29.80503,0,0,0,330.0184,1.5,0,2.6
2,29.8122,0,0,0,330.0184,1.5,0,2.6
2,29.81955,0,0,0,330.0184,1.5,0,2.6
2,29.82805,0,0,0,330.0184,1.5,0,2.6
2,29.83508,0,0,0,330.0184,1.5,0,2.6
2,29.84178,0,0,0,330.0184,1.5,0,2.6
2,29.85113,0,0,0,330.0184,1.5,0,2.6
2,29.8591,0,0,0,330.0184,1.5,0,2.6
2,29.86739,0,0,0,330.0184,1.5,0,2.6
2,29.87398,0,0,0,330.0184,1.5,0,2.6
2,29.88154,0,0,0,330.0184,1.5,0,2.6
2,29.88905,0,0,0,330.0184,1.5,0,2.6
2,29.89633,0,0,0,330.0184,1.5,0,2.6
2,29.90338,0,0,0,330.0184,1.5,0,2.6
2,29.90975,0,0,0,330.0184,1.5,0,2.6
2,29.91616,0,0,0,330.0184,1.5,0,2.6
2,29.92648,0,0,0,330.0184,1.5,0,2.6
2,29.93346,0,0,0,330.0184,1.5,0,2.6
2,29.94201,0,0,0,330.0184,1.5,0,2.6
2,29.95052,0,0,0,330.0184,1.5,0,2.6
2,29.95836,0,0,0,330.0184,1.5,0,2.6
2,29.9648,0,0,0,330.0184,1.5,0,2.6
2,29.97191,0,0,0,330.0184,1.5,0,2.6
2,29.97924,0,0,0,330.0184,1.5,0,2.6
2,29.98569,0,0,0,330.0184,1.5,0,2.6
2,29.99252,0,0,0,330.0184,1.5,0,2.6
2,29.99927,0,0,0,330.0184,1.5,0,2.6
2,30.00638,0,0,0,330.0184,1.5,0,2.6
2,30.01346,0,0,0,330.0184,1.5,0,2.6
2,30.02034,0,0,0,330.0184,1.5,0,2.6
2,30.02766,0,0,0,330.0184,1.5,0,2.6
2,30.03548,0,0,0,330.0184,1.5,0,2.6
2,30.04243,0,0,0,330.0184,1.5,0,2.6
2,30.04943,0,0,0,330.0184,1.5,0,2.6
2,30.05626,0,0,0,330.0184,1.5,0,2.6
2,30.06264,0,0,0,330.0184,1.5,0,2.6
2,30.06907,0,0,0,330.0184,1.5,0,2.6
2,30.07497,0,0,0,330.0184,1.5,0,2.6
2,30.08223,0,0,0,330.0184,1.5,0,2.6
2,30.08914,0,0,0,330.0184,1.5,0,2.6
2,30.0961,0,0,0,330.0184,1.5,0,2.6
2,30.10332,0,0,0,330.0184,1.5,0,2.6
2,30.11005,0,0,0,330.0184,1.5,0,2.6
2,30.11804,0,0,0,330.0184,1.5,0,2.6
2,30.12584,0,0,0,330.0184,1.5,0,2.6
2,30.13332,0,0,0,330.0184,1.5,0,2.6
2,30.14008,0,0,0,330.0184,1.5,0,2.6
2,30.14716,0,0,0,330.0184,1.5,0,2.6
2,30.15411,0,0,0,330.0184,1.5,0,2.6
2,30.16187,0,0,0,330.0184,1.5,0,2.6
2,30.16909,0,0,0,330.0184,1.5,0,2.6
2,30.17619,0,0,0,330.0184,1.5,0,2.6
2,30.18458,0,0,0,330.0184,1.5,0,2.6
2,30.19293,0,0,0,330.0184,1.5,0,2.6
2,30.20094,0,0,0,330.0184,1.5,0,2.6
2,30.21003,0,0,0,330.0184,1.5,0,2.6
2,30.21938,0,0,0,330.0184,1.5,0,2.6
2,30.22826,0,0,0,330.0184,1.5,0,2.6
2,30.23777,0,0,0,330.0184,1.5,0,2.6
2,30.24818,0,0,0,330.0184,1.5,0,2.6
2,30.25945,0,0,0,330.0184,1.5,0,2.6
2,30.26968,0,0,0,330.0184,1.5,0,2.6
2,30.27926,0,0,0,330.0184,1.5,0,2.6
2,30.28754,0,0,0,330.0184,1.5,0,2.6
2,30.29748,0,0,0,330.0184,1.5,0,2.6
2,30.30695,0,0,0,330.0184,1.5,0,2.6
2,30.31766,0,0,0,330.0184,1.5,0,2.6
2,30.32844,0,0,0,330.0184,1.5,0,2.6
2,30.33918,0,0,0,330.0184,1.5,0,2.6
2,30.3485,0,0,0,330.0184,1.5,0,2.6
2,30.3585,0,0,0,330.0184,1.5,0,2.6
2,30.3681,0,0,0,330.0184,1.5,0,2.6
2,30.37637,0,0,0,330.0184,1.5,0,2.6
2,30.38588,0,0,0,330.0184,1.5,0,2.6
2,30.39622,0,0,0,330.0184,1.5,0,2.6
2,30.40564,0,0,0,330.0184,1.5,0,2.6
2,30.41479,0,0,0,330.0184,1.5,0,2.6
2,30.42301,0,0,0,330.0184,1.5,0,2.6
2,30.43095,0,0,0,330.0184,1.5,0,2.6
2,30.4397,0,0,0,330.0184,1.5,0,2.6
2,30.4485,0,0,0,330.0184,1.5,0,2.6
2,30.45672,0,0,0,330.0184,1.5,0,2.6
2,30.46388,0,0,0,330.0184,1.5,0,2.6
2,30.47384,0,0,0,330.0184,1.5,0,2.6
2,30.48271,0,0,0,330.0184,1.5,0,2.6
2,30.49475,0,0,0,330.0184,1.5,0,2.6
2,30.50349,0,0,0,330.0184,1.5,0,2.6
2,30.5117,0,0,0,330.0184,1.5,0,2.6
2,30.51929,0,0,0,330.0184,1.5,0,2.6
2,30.52695,0,0,0,330.0184,1.5,0,2.6
2,30.5368,0,0,0,330.0184,1.5,0,2.6
2,30.54468,0,0,0,330.0184,1.5,0,2.6
2,30.55246,0,0,0,330.0184,1.5,0,2.6
2,30.56046,0,0,0,330.0184,1.5,0,2.6
2,30.56753,0,0,0,330.0184,1.5,0,2.6
2,30.57484,0,0,0,330.0184,1.5,0,2.6
2,30.58287,0,0,0,330.0184,1.5,0,2.6
2,30.59158,0,0,0,330.0184,1.5,0,2.6
2,30.59994,0,0,0,330.0184,1.5,0,2.6
2,30.60699,0,0,0,330.0184,1.5,0,2.6
2,30.61501,0,0,0,330.0184,1.5,0,2.6
2,30.6228,0,0,0,330.0184,1.5,0,2.6
2,30.63025,0,0,0,330.0184,1.5,0,2.6
2,30.63812,0,0,0,330.0184,1.5,0,2.6
2,30.64668,0,0,0,330.0184,1.5,0,2.6
2,30.65288,0,0,0,330.0184,1.5,0,2.6
2,30.65985,0,0,0,330.0184,1.5,0,2.6
2,30.66664,0,0,0,330.0184,1.5,0,2.6
2,30.67311,0,0,0,330.0184,1.5,0,2.6
2,30.67995,0,0,0,330.0184,1.5,0,2.6
2,30.68654,0,0,0,330.0184,1.5,0,2.6
2,30.69371,0,0,0,330.0184,1.5,0,2.6
2,30.70075,0,0,0,330.0184,1.5,0,2.6
2,30.70711,0,0,0,330.0184,1.5,0,2.6
2,30.71437,0,0,0,330.0184,1.5,0,2.6
2,30.72092,0,0,0,330.0184,1.5,0,2.6
2,30.72797,0,0,0,330.0184,1.5,0,2.6
2,30.73502,0,0,0,330.0184,1.5,0,2.6
2,30.74159,0,0,0,330.0184,1.5,0,2.6
2,30.74859,0,0,0,330.0184,1.5,0,2.6
2,30.75476,0,0,0,330.0184,1.5,0,2.6
2,30.76175,0,0,0,330.0184,1.5,0,2.6
2,30.76884,0,0,0,330.0184,1.5,0,2.6
2,30.77504,0,0,0,330.0184,1.5,0,2.6
2,30.78201,0,0,0,330.0184,1.5,0,2.6
2,30.78876,0,0,0,330.0184,1.5,0,2.6
2,30.79562,0,0,0,330.0184,1.5,0,2.6
2,30.80453,0,0,0,330.0184,1.5,0,2.6
2,30.81331,0,0,0,330.0184,1.5,0,2.6
2,30.82025,0,0,0,330.0184,1.5,0,2.6
2,30.82785,0,0,0,330.0184,1.5,0,2.6
2,30.83475,0,0,0,330.0184,1.5,0,2.6
2,30.84088,0,0,0,330.0184,1.5,0,2.6
2,30.84798,0,0,0,330.0184,1.5,0,2.6
2,30.85422,0,0,0,330.0184,1.5,0,2.6
2,30.86185,0,0,0,330.0184,1.5,0,2.6
2,30.87101,0,0,0,330.0184,1.5,0,2.6
2,30.87821,0,0,0,330.0184,1.5,0,2.6
2,30.88462,0,0,0,330.0184,1.5,0,2.6
2,30.89149,0,0,0,330.0184,1.5,0,2.6
2,30.89767,0,0,0,330.0184,1.5,0,2.6
2,30.904,0,0,0,330.0184,1.5,0,2.6
2,30.9115,0,0,0,330.0184,1.5,0,2.6
2,30.91773,0,0,0,330.0184,1.5,0,2.6
2,30.92422,0,0,0,330.0184,1.5,0,2.6
2,30.93037,0,0,0,330.0184,1.5,0,2.6
2,30.93727,0,0,0,330.0184,1.5,0,2.6
2,30.94428,0,0,0,330.0184,1.5,0,2.6
2,30.95051,0,0,0,330.0184,1.5,0,2.6
2,30.95888,0,0,0,330.0184,1.5,0,2.6
2,30.96706,0,0,0,330.0184,1.5,0,2.6
2,30.97329,0,0,0,330.0184,1.5,0,2.6
2,30.97942,0,0,0,330.0184,1.5,0,2.6
2,30.98546,0,0,0,330.0184,1.5,0,2.6
2,30.99225,0,0,0,330.0184,1.5,0,2.6
2,30.99849,0,0,0,330.0184,1.5,0,2.6
2,31.00835,0,0,0,330.0184,1.5,0,2.6
2,31.01513,0,0,0,330.0184,1.5,0,2.6
2,31.02406,0,0,0,330.0184,1.5,0,2.6
2,31.02991,0,0,0,330.0184,1.5,0,2.6
2,31.03826,0,0,0,330.0184,1.5,0,2.6
2,31.04642,0,0,0,330.0184,1.5,0,2.6
2,31.05487,0,0,0,330.0184,1.5,0,2.6
2,31.06235,0,0,0,330.0184,1.5,0,2.6
2,31.07072,0,0,0,330.0184,1.5,0,2.6
2,31.07802,0,0,0,330.0184,1.5,0,2.6
2,31.08522,0,0,0,330.0184,1.5,0,2.6
2,31.09227,0,0,0,330.0184,1.5,0,2.6
2,31.10034,0,0,0,330.0184,1.5,0,2.6
2,31.10803,0,0,0,330.0184,1.5,0,2.6
2,31.11584,0,0,0,330.0184,1.5,0,2.6
2,31.12444,0,0,0,330.0184,1.5,0,2.6
2,31.13346,0,0,0,330.0184,1.5,0,2.6
2,31.14024,0,0,0,330.0184,1.5,0,2.6
2,31.15012,0,0,0,330.0184,1.5,0,2.6
2,31.1588,0,0,0,330.0184,1.5,0,2.6
2,31.16687,0,0,0,330.0184,1.5,0,2.6
2,31.17419,0,0,0,330.0184,1.5,0,2.6
2,31.18287,0,0,0,330.0184,1.5,0,2.6
2,31.19051,0,0,0,330.0184,1.5,0,2.6
2,31.19724,0,0,0,330.0184,1.5,0,2.6
2,31.20636,0,0,0,330.0184,1.5,0,2.6
2,31.2131,0,0,0,330.0184,1.5,0,2.6
2,31.22056,0,0,0,330.0184,1.5,0,2.6
2,31.22821,0,0,0,330.0184,1.5,0,2.6
2,31.23552,0,0,0,330.0184,1.5,0,2.6
2,31.24242,0,0,0,330.0184,1.5,0,2.6
2,31.25182,0,0,0,330.0184,1.5,0,2.6
2,31.26035,0,0,0,330.0184,1.5,0,2.6
2,31.26912,0,0,0,330.0184,1.5,0,2.6
2,31.27636,0,0,0,330.0184,1.5,0,2.6
2,31.28422,0,0,0,330.0184,1.5,0,2.6
2,31.29161,0,0,0,330.0184,1.5,0,2.6
2,31.3,0,0,0,330.0184,1.5,0,2.6
2,31.30745,0,0,0,330.0184,1.5,0,2.6
2,31.31655,0,0,0,330.0184,1.5,0,2.6
2,31.32575,0,0,0,330.0184,1.5,0,2.6
2,31.33619,0,0,0,330.0184,1.5,0,2.6
2,31.34594,0,0,0,330.0184,1.5,0,2.6
2,31.35574,0,0,0,330.0184,1.5,0,2.6
2,31.36486,0,0,0,330.0184,1.5,0,2.6
2,31.37407,0,0,0,330.0184,1.5,0,2.6
2,31.38298,0,0,0,330.0184,1.5,0,2.6
2,31.39124,0,0,0,330.0184,1.5,0,2.6
2,31.40015,0,0,0,330.0184,1.5,0,2.6
2,31.40939,0,0,0,330.0184,1.5,0,2.6
2,31.41869,0,0,0,330.0184,1.5,0,2.6
2,31.42712,0,0,0,330.0184,1.5,0,2.6
2,31.4356,0,0,0,330.0184,1.5,0,2.6
2,31.44309,0,0,0,330.0184,1.5,0,2.6
2,31.45148,0,0,0,330.0184,1.5,0,2.6
2,31.45979,0,0,0,330.0184,1.5,0,2.6
2,31.46838,0,0,0,330.0184,1.5,0,2.6
2,31.47654,0,0,0,330.0184,1.5,0,2.6
2,31.48527,0,0,0,330.0184,1.5,0,2.6
2,31.4939,0,0,0,330.0184,1.5,0,2.6
2,31.50385,0,0,0,330.0184,1.5,0,2.6
2,31.51281,0,0,0,330.0184,1.5,0,2.6
2,31.52234,0,0,0,330.0184,1.5,0,2.6
2,31.52884,0,0,0,330.0184,1.5,0,2.6
2,31.53595,0,0,0,330.0184,1.5,0,2.6
2,31.54366,0,0,0,330.0184,1.5,0,2.6
2,31.55122,0,0,0,330.0184,1.5,0,2.6
2,31.55964,0,0,0,330.0184,1.5,0,2.6
2,31.56907,0,0,0,330.0184,1.5,0,2.6
2,31.57832,0,0,0,330.0184,1.5,0,2.6
2,31.59082,0,0,0,330.0184,1.5,0,2.6
2,31.59877,0,0,0,330.0184,1.5,0,2.6
2,31.60681,0,0,0,330.0184,1.5,0,2.6
2,31.6144,0,0,0,330.0184,1.5,0,2.6
2,31.62119,0,0,0,330.0184,1.5,0,2.6
2,31.62869,0,0,0,330.0184,1.5,0,2.6
2,31.63686,0,0,0,330.0184,1.5,0,2.6
2,31.64356,0,0,0,330.0184,1.5,0,2.6
2,31.65066,0,0,0,330.0184,1.5,0,2.6
2,31.6582,0,0,0,330.0184,1.5,0,2.6
2,31.66571,0,0,0,330.0184,1.5,0,2.6
2,31.67309,0,0,0,330.0184,1.5,0,2.6
2,31.68063,0,0,0,330.0184,1.5,0,2.6
2,31.68679,0,0,0,330.0184,1.5,0,2.6
2,31.69413,0,0,0,330.0184,1.5,0,2.6
2,31.70106,0,0,0,330.0184,1.5,0,2.6
2,31.70897,0,0,0,330.0184,1.5,0,2.6
2,31.71739,0,0,0,330.0184,1.5,0,2.6
2,31.72507,0,0,0,330.0184,1.5,0,2.6
2,31.73156,0,0,0,330.0184,1.5,0,2.6
2,31.73856,0,0,0,330.0184,1.5,0,2.6
2,31.74576,0,0,0,330.0184,1.5,0,2.6
2,31.75274,0,0,0,330.0184,1.5,0,2.6
2,31.75994,0,0,0,330.0184,1.5,0,2.6
2,31.76732,0,0,0,330.0184,1.5,0,2.6
2,31.77403,0,0,0,330.0184,1.5,0,2.6
2,31.78114,0,0,0,330.0184,1.5,0,2.6
2,31.7881,0,0,0,330.0184,1.5,0,2.6
2,31.79566,0,0,0,330.0184,1.5,0,2.6
2,31.80375,0,0,0,330.0184,1.5,0,2.6
2,31.81111,0,0,0,330.0184,1.5,0,2.6
2,31.81761,0,0,0,330.0184,1.5,0,2.6
2,31.82497,0,0,0,330.0184,1.5,0,2.6
2,31.8336,0,0,0,330.0184,1.5,0,2.6
2,31.84053,0,0,0,330.0184,1.5,0,2.6
2,31.84756,0,0,0,330.0184,1.5,0,2.6
2,31.85369,0,0,0,330.0184,1.5,0,2.6
2,31.86054,0,0,0,330.0184,1.5,0,2.6
2,31.86731,0,0,0,330.0184,1.5,0,2.6
2,31.87361,0,0,0,330.0184,1.5,0,2.6
2,31.88009,0,0,0,330.0184,1.5,0,2.6
2,31.88801,0,0,0,330.0184,1.5,0,2.6
2,31.8964,0,0,0,330.0184,1.5,0,2.6
2,31.90359,0,0,0,330.0184,1.5,0,2.6
2,31.90974,0,0,0,330.0184,1.5,0,2.6
2,31.91686,0,0,0,330.0184,1.5,0,2.6
2,31.92385,0,0,0,330.0184,1.5,0,2.6
2,31.93076,0,0,0,330.0184,1.5,0,2.6
2,31.93845,0,0,0,330.0184,1.5,0,2.6
2,31.94539,0,0,0,330.0184,1.5,0,2.6
2,31.95123,0,0,0,330.0184,1.5,0,2.6
2,31.95787,0,0,0,330.0184,1.5,0,2.6
2,31.96478,0,0,0,330.0184,1.5,0,2.6
2,31.97185,0,0,0,330.0184,1.5,0,2.6
2,31.98051,0,0,0,330.0184,1.5,0,2.6
2,31.98814,0,0,0,330.0184,1.5,0,2.6
2,31.99533,0,0,0,330.0184,1.5,0,2.6
2,32.00303,0,0,0,330.0184,1.5,0,2.6
2,32.01027,0,0,0,330.0184,1.5,0,2.6
2,32.01845,0,0,0,330.0184,1.5,0,2.6
2,32.02576,0,0,0,330.0184,1.5,0,2.6
2,32.03229,0,0,0,330.0184,1.5,0,2.6
2,32.03991,0,0,0,330.0184,1.5,0,2.6
2,32.04924,0,0,0,330.0184,1.5,0,2.6
2,32.0573,0,0,0,330.0184,1.5,0,2.6
2,32.06487,0,0,0,330.0184,1.5,0,2.6
2,32.07277,0,0,0,330.0184,1.5,0,2.6
2,32.08134,0,0,0,330.0184,1.5,0,2.6
2,32.09011,0,0,0,330.0184,1.5,0,2.6
2,32.09851,0,0,0,330.0184,1.5,0,2.6
2,32.10678,0,0,0,330.0184,1.5,0,2.6
2,32.11712,0,0,0,330.0184,1.5,0,2.6
2,32.12398,0,0,0,330.0184,1.5,0,2.6
2,32.13022,0,0,0,330.0184,1.5,0,2.6
2,32.13784,0,0,0,330.0184,1.5,0,2.6
2,32.14585,0,0,0,330.0184,1.5,0,2.6
2,32.15287,0,0,0,330.0184,1.5,0,2.6
2,32.15972,0,0,0,330.0184,1.5,0,2.6
2,32.16679,0,0,0,330.0184,1.5,0,2.6
2,32.17453,0,0,0,330.0184,1.5,0,2.6
2,32.18178,0,0,0,330.0184,1.5,0,2.6
2,32.18942,0,0,0,330.0184,1.5,0,2.6
2,32.19645,0,0,0,330.0184,1.5,0,2.6
2,32.20417,0,0,0,330.0184,1.5,0,2.6
2,32.21145,0,0,0,330.0184,1.5,0,2.6
2,32.2182,0,0,0,330.0184,1.5,0,2.6
2,32.22516,0,0,0,330.0184,1.5,0,2.6
2,32.23148,0,0,0,330.0184,1.5,0,2.6
2,32.23806,0,0,0,330.0184,1.5,0,2.6
2,32.24457,0,0,0,330.0184,1.5,0,2.6
2,32.25076,0,0,0,330.0184,1.5,0,2.6
2,32.25812,0,0,0,330.0184,1.5,0,2.6
2,32.26484,0,0,0,330.0184,1.5,0,2.6
2,32.27187,0,0,0,330.0184,1.5,0,2.6
2,32.27948,0,0,0,330.0184,1.5,0,2.6
2,32.28671,0,0,0,330.0184,1.5,0,2.6
2,32.29379,0,0,0,330.0184,1.5,0,2.6
2,32.30116,0,0,0,330.0184,1.5,0,2.6
2,32.30822,0,0,0,330.0184,1.5,0,2.6
2,32.31498,0,0,0,330.0184,1.5,0,2.6
2,32.32253,0,0,0,330.0184,1.5,0,2.6
2,32.32916,0,0,0,330.0184,1.5,0,2.6
2,32.33587,0,0,0,330.0184,1.5,0,2.6
2,32.34238,0,0,0,330.0184,1.5,0,2.6
2,32.35027,0,0,0,330.0184,1.5,0,2.6
2,32.35833,0,0,0,330.0184,1.5,0,2.6
2,32.366,0,0,0,330.0184,1.5,0,2.6
2,32.37586,0,0,0,330.0184,1.5,0,2.6
2,32.38389,0,0,0,330.0184,1.5,0,2.6
2,32.39201,0,0,0,330.0184,1.5,0,2.6
2,32.39899,0,0,0,330.0184,1.5,0,2.6
2,32.40651,0,0,0,330.0184,1.5,0,2.6
2,32.41416,0,0,0,330.0184,1.5,0,2.6
2,32.42149,0,0,0,330.0184,1.5,0,2.6
2,32.42943,0,0,0,330.0184,1.5,0,2.6
2,32.43824,0,0,0,330.0184,1.5,0,2.6
2,32.44727,0,0,0,330.0184,1.5,0,2.6
2,32.45619,0,0,0,330.0184,1.5,0,2.6
2,32.46474,0,0,0,330.0184,1.5,0,2.6
2,32.47375,0,0,0,330.0184,1.5,0,2.6
2,32.48301,0,0,0,330.0184,1.5,0,2.6
2,32.49272,0,0,0,330.0184,1.5,0,2.6
2,32.50179,0,0,0,330.0184,1.5,0,2.6
2,32.50989,0,0,0,330.0184,1.5,0,2.6
2,32.52126,0,0,0,330.0184,1.5,0,2.6
2,32.53077,0,0,0,330.0184,1.5,0,2.6
2,32.53971,0,0,0,330.0184,1.5,0,2.6
2,32.54844,0,0,0,330.0184,1.5,0,2.6
2,32.55687,0,0,0,330.0184,1.5,0,2.6
2,32.56585,0,0,0,330.0184,1.5,0,2.6
2,32.575,0,0,0,330.0184,1.5,0,2.6
2,32.58459,0,0,0,330.0184,1.5,0,2.6
2,32.59243,0,0,0,330.0184,1.5,0,2.6
2,32.60072,0,0,0,330.0184,1.5,0,2.6
2,32.60971,0,0,0,330.0184,1.5,0,2.6
2,32.61854,0,0,0,330.0184,1.5,0,2.6
2,32.62796,0,0,0,330.0184,1.5,0,2.6
2,32.63708,0,0,0,330.0184,1.5,0,2.6
2,32.64487,0,0,0,330.0184,1.5,0,2.6
2,32.65205,0,0,0,330.0184,1.5,0,2.6
2,32.66025,0,0,0,330.0184,1.5,0,2.6
2,32.66838,0,0,0,330.0184,1.5,0,2.6
2,32.6799,0,0,0,330.0184,1.5,0,2.6
2,32.6874,0,0,0,330.0184,1.5,0,2.6
2,32.69499,0,0,0,330.0184,1.5,0,2.6
2,32.70307,0,0,0,330.0184,1.5,0,2.6
2,32.71012,0,0,0,330.0184,1.5,0,2.6
2,32.71769,0,0,0,330.0184,1.5,0,2.6
2,32.72572,0,0,0,330.0184,1.5,0,2.6
2,32.73377,0,0,0,330.0184,1.5,0,2.6
2,32.74035,0,0,0,330.0184,1.5,0,2.6
2,32.7479,0,0,0,330.0184,1.5,0,2.6
2,32.75475,0,0,0,330.0184,1.5,0,2.6
2,32.7625,0,0,0,330.0184,1.5,0,2.6
2,32.77085,0,0,0,330.0184,1.5,0,2.6
2,32.77892,0,0,0,330.0184,1.5,0,2.6
2,32.78639,0,0,0,330.0184,1.5,0,2.6
2,32.79443,0,0,0,330.0184,1.5,0,2.6
2,32.80338,0,0,0,330.0184,1.5,0,2.6
2,32.81186,0,0,0,330.0184,1.5,0,2.6
2,32.81924,0,0,0,330.0184,1.5,0,2.6
2,32.82665,0,0,0,330.0184,1.5,0,2.6
2,32.83362,0,0,0,330.0184,1.5,0,2.6
2,32.84018,0,0,0,330.0184,1.5,0,2.6
2,32.84661,0,0,0,330.0184,1.5,0,2.6
2,32.85263,0,0,0,330.0184,1.5,0,2.6
2,32.85902,0,0,0,330.0184,1.5,0,2.6
2,32.86562,0,0,0,330.0184,1.5,0,2.6
2,32.87383,0,0,0,330.0184,1.5,0,2.6
2,32.8818,0,0,0,330.0184,1.5,0,2.6
2,32.89116,0,0,0,330.0184,1.5,0,2.6
2,32.89869,0,0,0,330.0184,1.5,0,2.6
2,32.90643,0,0,0,330.0184,1.5,0,2.6
2,32.91666,0,0,0,330.0184,1.5,0,2.6
2,32.92566,0,0,0,330.0184,1.5,0,2.6
2,32.9328,0,0,0,330.0184,1.5,0,2.6
2,32.94018,0,0,0,330.0184,1.5,0,2.6
2,32.94723,0,0,0,330.0184,1.5,0,2.6
2,32.95437,0,0,0,330.0184,1.5,0,2.6
2,32.96168,0,0,0,330.0184,1.5,0,2.6
2,32.96917,0,0,0,330.0184,1.5,0,2.6
2,32.97606,0,0,0,330.0184,1.5,0,2.6
2,32.98312,0,0,0,330.0184,1.5,0,2.6
2,32.99202,0,0,0,330.0184,1.5,0,2.6
2,33.00035,0,0,0,330.0184,1.5,0,2.6
2,33.00966,0,0,0,330.0184,1.5,0,2.6
2,33.02039,0,0,0,330.0184,1.5,0,2.6
2,33.02748,0,0,0,330.0184,1.5,0,2.6
2,33.03569,0,0,0,330.0184,1.5,0,2.6
2,33.043,0,0,0,330.0184,1.5,0,2.6
2,33.05031,0,0,0,330.0184,1.5,0,2.6
2,33.05729,0,0,0,330.0184,1.5,0,2.6
2,33.06435,0,0,0,330.0184,1.5,0,2.6
2,33.07209,0,0,0,330.0184,1.5,0,2.6
2,33.07947,0,0,0,330.0184,1.5,0,2.6
2,33.08642,0,0,0,330.0184,1.5,0,2.6
2,33.09322,0,0,0,330.0184,1.5,0,2.6
2,33.10131,0,0,0,330.0184,1.5,0,2.6
2,33.1093,0,0,0,330.0184,1.5,0,2.6
2,33.11775,0,0,0,330.0184,1.5,0,2.6
2,33.12707,0,0,0,330.0184,1.5,0,2.6
2,33.13523,0,0,0,330.0184,1.5,0,2.6
2,33.14211,0,0,0,330.0184,1.5,0,2.6
2,33.14939,0,0,0,330.0184,1.5,0,2.6
2,33.15654,0,0,0,330.0184,1.5,0,2.6
2,33.16299,0,0,0,330.0184,1.5,0,2.6
2,33.17007,0,0,0,330.0184,1.5,0,2.6
2,33.17782,0,0,0,330.0184,1.5,0,2.6
2,33.1846,0,0,0,330.0184,1.5,0,2.6
2,33.19164,0,0,0,330.0184,1.5,0,2.6
2,33.19878,0,0,0,330.0184,1.5,0,2.6
2,33.20623,0,0,0,330.0184,1.5,0,2.6
2,33.21425,0,0,0,330.0184,1.5,0,2.6
2,33.22493,0,0,0,330.0184,1.5,0,2.6
2,33.23108,0,0,0,330.0184,1.5,0,2.6
2,33.23856,0,0,0,330.0184,1.5,0,2.6
2,33.24582,0,0,0,330.0184,1.5,0,2.6
2,33.25256,0,0,0,330.0184,1.5,0,2.6
2,33.25999,0,0,0,330.0184,1.5,0,2.6
2,33.26807,0,0,0,330.0184,1.5,0,2.6
2,33.27595,0,0,0,330.0184,1.5,0,2.6
2,33.28296,0,0,0,330.0184,1.5,0,2.6
2,33.29007,0,0,0,330.0184,1.5,0,2.6
2,33.29702,0,0,0,330.0184,1.5,0,2.6
2,33.30407,0,0,0,330.0184,1.5,0,2.6
2,33.31031,0,0,0,330.0184,1.5,0,2.6
2,33.31715,0,0,0,330.0184,1.5,0,2.6
2,33.3249,0,0,0,330.0184,1.5,0,2.6
2,33.33106,0,0,0,330.0184,1.5,0,2.6
2,33.33764,0,0,0,330.0184,1.5,0,2.6
2,33.34358,0,0,0,330.0184,1.5,0,2.6
2,33.35021,0,0,0,330.0184,1.5,0,2.6
2,33.35719,0,0,0,330.0184,1.5,0,2.6
2,33.3631,0,0,0,330.0184,1.5,0,2.6
2,33.36922,0,0,0,330.0184,1.5,0,2.6
2,33.37546,0,0,0,330.0184,1.5,0,2.6
2,33.38288,0,0,0,330.0184,1.5,0,2.6
2,33.39049,0,0,0,330.0184,1.5,0,2.6
2,33.39745,0,0,0,330.0184,1.5,0,2.6
2,33.40433,0,0,0,330.0184,1.5,0,2.6
2,33.41136,0,0,0,330.0184,1.5,0,2.6
2,33.41808,0,0,0,330.0184,1.5,0,2.6
2,33.42471,0,0,0,330.0184,1.5,0,2.6
2,33.43063,0,0,0,330.0184,1.5,0,2.6
2,33.43755,0,0,0,330.0184,1.5,0,2.6
2,33.44429,0,0,0,330.0184,1.5,0,2.6
2,33.45039,0,0,0,330.0184,1.5,0,2.6
2,33.45713,0,0,0,330.0184,1.5,0,2.6
2,33.46297,0,0,0,330.0184,1.5,0,2.6
2,33.46917,0,0,0,330.0184,1.5,0,2.6
2,33.47523,0,0,0,330.0184,1.5,0,2.6
2,33.48194,0,0,0,330.0184,1.5,0,2.6
2,33.48803,0,0,0,330.0184,1.5,0,2.6
2,33.49479,0,0,0,330.0184,1.5,0,2.6
2,33.50121,0,0,0,330.0184,1.5,0,2.6
2,33.5078,0,0,0,330.0184,1.5,0,2.6
2,33.51552,0,0,0,330.0184,1.5,0,2.6
2,33.52337,0,0,0,330.0184,1.5,0,2.6
2,33.53073,0,0,0,330.0184,1.5,0,2.6
2,33.53999,0,0,0,330.0184,1.5,0,2.6
2,33.54867,0,0,0,330.0184,1.5,0,2.6
2,33.55656,0,0,0,330.0184,1.5,0,2.6
2,33.56367,0,0,0,330.0184,1.5,0,2.6
2,33.57337,0,0,0,330.0184,1.5,0,2.6
2,33.58434,0,0,0,330.0184,1.5,0,2.6
2,33.59433,0,0,0,330.0184,1.5,0,2.6
2,33.60374,0,0,0,330.0184,1.5,0,2.6
2,33.61364,0,0,0,330.0184,1.5,0,2.6
2,33.62236,0,0,0,330.0184,1.5,0,2.6
2,33.63008,0,0,0,330.0184,1.5,0,2.6
2,33.63824,0,0,0,330.0184,1.5,0,2.6
2,33.64742,0,0,0,330.0184,1.5,0,2.6
2,33.65548,0,0,0,330.0184,1.5,0,2.6
2,33.66434,0,0,0,330.0184,1.5,0,2.6
2,33.67259,0,0,0,330.0184,1.5,0,2.6
2,33.68113,0,0,0,330.0184,1.5,0,2.6
2,33.68887,0,0,0,330.0184,1.5,0,2.6
2,33.69784,0,0,0,330.0184,1.5,0,2.6
2,33.70603,0,0,0,330.0184,1.5,0,2.6
2,33.71538,0,0,0,330.0184,1.5,0,2.6
2,33.72476,0,0,0,330.0184,1.5,0,2.6
2,33.73371,0,0,0,330.0184,1.5,0,2.6
2,33.74246,0,0,0,330.0184,1.5,0,2.6
2,33.75076,0,0,0,330.0184,1.5,0,2.6
2,33.75962,0,0,0,330.0184,1.5,0,2.6
2,33.77417,0,0,0,330.0184,1.5,0,2.6
2,33.78391,0,0,0,330.0184,1.5,0,2.6
2,33.79096,0,0,0,330.0184,1.5,0,2.6
2,33.79823,0,0,0,330.0184,1.5,0,2.6
2,33.8074,0,0,0,330.0184,1.5,0,2.6
2,33.81481,0,0,0,330.0184,1.5,0,2.6
2,33.82162,0,0,0,330.0184,1.5,0,2.6
2,33.83058,0,0,0,330.0184,1.5,0,2.6
2,33.83941,0,0,0,330.0184,1.5,0,2.6
2,33.84929,0,0,0,330.0184,1.5,0,2.6
2,33.8588,0,0,0,330.0184,1.5,0,2.6
2,33.86781,0,0,0,330.0184,1.5,0,2.6
2,33.87666,0,0,0,330.0184,1.5,0,2.6
2,33.88655,0,0,0,330.0184,1.5,0,2.6
2,33.89497,0,0,0,330.0184,1.5,0,2.6
2,33.90294,0,0,0,330.0184,1.5,0,2.6
2,33.91122,0,0,0,330.0184,1.5,0,2.6
2,33.91878,0,0,0,330.0184,1.5,0,2.6
2,33.92727,0,0,0,330.0184,1.5,0,2.6
2,33.93627,0,0,0,330.0184,1.5,0,2.6
2,33.94698,0,0,0,330.0184,1.5,0,2.6
2,33.95598,0,0,0,330.0184,1.5,0,2.6
2,33.96513,0,0,0,330.0184,1.5,0,2.6
2,33.97523,0,0,0,330.0184,1.5,0,2.6
2,33.98484,0,0,0,330.0184,1.5,0,2.6
2,33.99393,0,0,0,330.0184,1.5,0,2.6
2,34.0032,0,0,0,330.0184,1.5,0,2.6
2,34.01255,0,0,0,330.0184,1.5,0,2.6
2,34.02183,0,0,0,330.0184,1.5,0,2.6
2,34.031,0,0,0,330.0184,1.5,0,2.6
2,34.04022,0,0,0,330.0184,1.5,0,2.6
2,34.04842,0,0,0,330.0184,1.5,0,2.6
2,34.05674,0,0,0,330.0184,1.5,0,2.6
2,34.06409,0,0,0,330.0184,1.5,0,2.6
2,34.07143,0,0,0,330.0184,1.5,0,2.6
2,34.0798,0,0,0,330.0184,1.5,0,2.6
2,34.0872,0,0,0,330.0184,1.5,0,2.6
2,34.09526,0,0,0,330.0184,1.5,0,2.6
2,34.10323,0,0,0,330.0184,1.5,0,2.6
2,34.11174,0,0,0,330.0184,1.5,0,2.6
2,34.12038,0,0,0,330.0184,1.5,0,2.6
2,34.12899,0,0,0,330.0184,1.5,0,2.6
2,34.13795,0,0,0,330.0184,1.5,0,2.6
2,34.1464,0,0,0,330.0184,1.5,0,2.6
2,34.1537,0,0,0,330.0184,1.5,0,2.6
2,34.16077,0,0,0,330.0184,1.5,0,2.6
2,34.16751,0,0,0,330.0184,1.5,0,2.6
2,34.1748,0,0,0,330.0184,1.5,0,2.6
2,34.18188,0,0,0,330.0184,1.5,0,2.6
2,34.18962,0,0,0,330.0184,1.5,0,2.6
2,34.19624,0,0,0,330.0184,1.5,0,2.6
2,34.20344,0,0,0,330.0184,1.5,0,2.6
2,34.20969,0,0,0,330.0184,1.5,0,2.6
2,34.21609,0,0,0,330.0184,1.5,0,2.6
2,34.22321,0,0,0,330.0184,1.5,0,2.6
2,34.22992,0,0,0,330.0184,1.5,0,2.6
2,34.23643,0,0,0,330.0184,1.5,0,2.6
2,34.24323,0,0,0,330.0184,1.5,0,2.6
2,34.24962,0,0,0,330.0184,1.5,0,2.6
2,34.25629,0,0,0,330.0184,1.5,0,2.6
2,34.26207,0,0,0,330.0184,1.5,0,2.6
2,34.26949,0,0,0,330.0184,1.5,0,2.6
2,34.27614,0,0,0,330.0184,1.5,0,2.6
2,34.28252,0,0,0,330.0184,1.5,0,2.6
2,34.28946,0,0,0,330.0184,1.5,0,2.6
2,34.29587,0,0,0,330.0184,1.5,0,2.6
2,34.30275,0,0,0,330.0184,1.5,0,2.6
2,34.3087,0,0,0,330.0184,1.5,0,2.6
2,34.31528,0,0,0,330.0184,1.5,0,2.6
2,34.32106,0,0,0,330.0184,1.5,0,2.6
2,34.32768,0,0,0,330.0184,1.5,0,2.6
2,34.33398,0,0,0,330.0184,1.5,0,2.6
2,34.34314,0,0,0,330.0184,1.5,0,2.6
2,34.34975,0,0,0,330.0184,1.5,0,2.6
2,34.35656,0,0,0,330.0184,1.5,0,2.6
2,34.36312,0,0,0,330.0184,1.5,0,2.6
2,34.37034,0,0,0,330.0184,1.5,0,2.6
2,34.37648,0,0,0,330.0184,1.5,0,2.6
2,34.38283,0,0,0,330.0184,1.5,0,2.6
2,34.38923,0,0,0,330.0184,1.5,0,2.6
2,34.39719,0,0,0,330.0184,1.5,0,2.6
2,34.40409,0,0,0,330.0184,1.5,0,2.6
2,34.41143,0,0,0,330.0184,1.5,0,2.6
2,34.41802,0,0,0,330.0184,1.5,0,2.6
2,34.42493,0,0,0,330.0184,1.5,0,2.6
2,34.43102,0,0,0,330.0184,1.5,0,2.6
2,34.438,0,0,0,330.0184,1.5,0,2.6
2,34.44467,0,0,0,330.0184,1.5,0,2.6
2,34.45097,0,0,0,330.0184,1.5,0,2.6
2,34.45734,0,0,0,330.0184,1.5,0,2.6
2,34.46355,0,0,0,330.0184,1.5,0,2.6
2,34.46991,0,0,0,330.0184,1.5,0,2.6
2,34.47596,0,0,0,330.0184,1.5,0,2.6
2,34.48268,0,0,0,330.0184,1.5,0,2.6
2,34.48993,0,0,0,330.0184,1.5,0,2.6
2,34.49661,0,0,0,330.0184,1.5,0,2.6
2,34.50354,0,0,0,330.0184,1.5,0,2.6
2,34.51007,0,0,0,330.0184,1.5,0,2.6
2,34.51678,0,0,0,330.0184,1.5,0,2.6
2,34.52408,0,0,0,330.0184,1.5,0,2.6
2,34.53012,0,0,0,330.0184,1.5,0,2.6
2,34.53632,0,0,0,330.0184,1.5,0,2.6
2,34.54248,0,0,0,330.0184,1.5,0,2.6
2,34.54902,0,0,0,330.0184,1.5,0,2.6
2,34.55556,0,0,0,330.0184,1.5,0,2.6
2,34.56299,0,0,0,330.0184,1.5,0,2.6
2,34.57211,0,0,0,330.0184,1.5,0,2.6
2,34.58018,0,0,0,330.0184,1.5,0,2.6
2,34.58634,0,0,0,330.0184,1.5,0,2.6
2,34.59324,0,0,0,330.0184,1.5,0,2.6
2,34.59994,0,0,0,330.0184,1.5,0,2.6
2,34.60578,0,0,0,330.0184,1.5,0,2.6
2,34.6122,0,0,0,330.0184,1.5,0,2.6
2,34.61824,0,0,0,330.0184,1.5,0,2.6
2,34.62481,0,0,0,330.0184,1.5,0,2.6
2,34.63248,0,0,0,330.0184,1.5,0,2.6
2,34.64054,0,0,0,330.0184,1.5,0,2.6
2,34.64758,0,0,0,330.0184,1.5,0,2.6
2,34.65552,0,0,0,330.0184,1.5,0,2.6
2,34.66336,0,0,0,330.0184,1.5,0,2.6
2,34.67278,0,0,0,330.0184,1.5,0,2.6
2,34.6809,0,0,0,330.0184,1.5,0,2.6
2,34.68898,0,0,0,330.0184,1.5,0,2.6
2,34.69821,0,0,0,330.0184,1.5,0,2.6
2,34.70882,0,0,0,330.0184,1.5,0,2.6
2,34.71957,0,0,0,330.0184,1.5,0,2.6
2,34.72993,0,0,0,330.0184,1.5,0,2.6
2,34.73998,0,0,0,330.0184,1.5,0,2.6
2,34.74977,0,0,0,330.0184,1.5,0,2.6
2,34.75951,0,0,0,330.0184,1.5,0,2.6
2,34.77069,0,0,0,330.0184,1.5,0,2.6
2,34.7811,0,0,0,330.0184,1.5,0,2.6
2,34.79139,0,0,0,330.0184,1.5,0,2.6
2,34.80068,0,0,0,330.0184,1.5,0,2.6
2,34.80951,0,0,0,330.0184,1.5,0,2.6
2,34.81884,0,0,0,330.0184,1.5,0,2.6
2,34.83607,0,0,0,330.0184,1.5,0,2.6
2,34.8469,0,0,0,330.0184,1.5,0,2.6
2,34.85571,0,0,0,330.0184,1.5,0,2.6
2,34.86417,0,0,0,330.0184,1.5,0,2.6
2,34.87251,0,0,0,330.0184,1.5,0,2.6
2,34.88229,0,0,0,330.0184,1.5,0,2.6
2,34.89206,0,0,0,330.0184,1.5,0,2.6
2,34.90153,0,0,0,330.0184,1.5,0,2.6
2,34.91681,0,0,0,330.0184,1.5,0,2.6
2,34.92639,0,0,0,330.0184,1.5,0,2.6
2,34.93661,0,0,0,330.0184,1.5,0,2.6
2,34.94518,0,0,0,330.0184,1.5,0,2.6
2,34.95382,0,0,0,330.0184,1.5,0,2.6
2,34.96421,0,0,0,330.0184,1.5,0,2.6
2,34.9757,0,0,0,330.0184,1.5,0,2.6
2,34.98647,0,0,0,330.0184,1.5,0,2.6
2,34.99566,0,0,0,330.0184,1.5,0,2.6
2,35.00438,0,0,0,330.0184,1.5,0,2.6
2,35.0123,0,0,0,330.0184,1.5,0,2.6
2,35.01947,0,0,0,330.0184,1.5,0,2.6
2,35.02804,0,0,0,330.0184,1.5,0,2.6
2,35.03603,0,0,0,330.0184,1.5,0,2.6
2,35.0448,0,0,0,330.0184,1.5,0,2.6
2,35.05313,0,0,0,330.0184,1.5,0,2.6
2,35.06386,0,0,0,330.0184,1.5,0,2.6
2,35.07267,0,0,0,330.0184,1.5,0,2.6
2,35.0823,0,0,0,330.0184,1.5,0,2.6
2,35.09138,0,0,0,330.0184,1.5,0,2.6
2,35.10008,0,0,0,330.0184,1.5,0,2.6
2,35.10752,0,0,0,330.0184,1.5,0,2.6
2,35.11567,0,0,0,330.0184,1.5,0,2.6
2,35.12365,0,0,0,330.0184,1.5,0,2.6
2,35.13218,0,0,0,330.0184,1.5,0,2.6
2,35.1412,0,0,0,330.0184,1.5,0,2.6
2,35.15059,0,0,0,330.0184,1.5,0,2.6
2,35.15994,0,0,0,330.0184,1.5,0,2.6
2,35.16863,0,0,0,330.0184,1.5,0,2.6
2,35.17633,0,0,0,330.0184,1.5,0,2.6
2,35.18428,0,0,0,330.0184,1.5,0,2.6
2,35.1921,0,0,0,330.0184,1.5,0,2.6
2,35.1999,0,0,0,330.0184,1.5,0,2.6
2,35.20646,0,0,0,330.0184,1.5,0,2.6
2,35.21551,0,0,0,330.0184,1.5,0,2.6
2,35.22423,0,0,0,330.0184,1.5,0,2.6
2,35.23262,0,0,0,330.0184,1.5,0,2.6
2,35.24063,0,0,0,330.0184,1.5,0,2.6
2,35.24873,0,0,0,330.0184,1.5,0,2.6
2,35.25658,0,0,0,330.0184,1.5,0,2.6
2,35.26315,0,0,0,330.0184,1.5,0,2.6
2,35.27015,0,0,0,330.0184,1.5,0,2.6
2,35.27667,0,0,0,330.0184,1.5,0,2.6
2,35.2843,0,0,0,330.0184,1.5,0,2.6
2,35.2921,0,0,0,330.0184,1.5,0,2.6
2,35.2982,0,0,0,330.0184,1.5,0,2.6
2,35.30477,0,0,0,330.0184,1.5,0,2.6
2,35.31137,0,0,0,330.0184,1.5,0,2.6
2,35.31773,0,0,0,330.0184,1.5,0,2.6
2,35.3245,0,0,0,330.0184,1.5,0,2.6
2,35.3303,0,0,0,330.0184,1.5,0,2.6
2,35.33694,0,0,0,330.0184,1.5,0,2.6
2,35.34313,0,0,0,330.0184,1.5,0,2.6
2,35.34973,0,0,0,330.0184,1.5,0,2.6
2,35.3568,0,0,0,330.0184,1.5,0,2.6
2,35.36323,0,0,0,330.0184,1.5,0,2.6
2,35.37045,0,0,0,330.0184,1.5,0,2.6
2,35.37677,0,0,0,330.0184,1.5,0,2.6
2,35.38332,0,0,0,330.0184,1.5,0,2.6
2,35.39003,0,0,0,330.0184,1.5,0,2.6
2,35.39737,0,0,0,330.0184,1.5,0,2.6
2,35.40474,0,0,0,330.0184,1.5,0,2.6
2,35.41171,0,0,0,330.0184,1.5,0,2.6
2,35.4183,0,0,0,330.0184,1.5,0,2.6
2,35.42484,0,0,0,330.0184,1.5,0,2.6
2,35.43093,0,0,0,330.0184,1.5,0,2.6
2,35.43862,0,0,0,330.0184,1.5,0,2.6
2,35.445,0,0,0,330.0184,1.5,0,2.6
2,35.4511,0,0,0,330.0184,1.5,0,2.6
2,35.45718,0,0,0,330.0184,1.5,0,2.6
2,35.46297,0,0,0,330.0184,1.5,0,2.6
2,35.46917,0,0,0,330.0184,1.5,0,2.6
2,35.47506,0,0,0,330.0184,1.5,0,2.6
2,35.48501,0,0,0,330.0184,1.5,0,2.6
2,35.49141,0,0,0,330.0184,1.5,0,2.6
2,35.49782,0,0,0,330.0184,1.5,0,2.6
2,35.50534,0,0,0,330.0184,1.5,0,2.6
2,35.51199,0,0,0,330.0184,1.5,0,2.6
2,35.51788,0,0,0,330.0184,1.5,0,2.6
2,35.52413,0,0,0,330.0184,1.5,0,2.6
2,35.53058,0,0,0,330.0184,1.5,0,2.6
2,35.53747,0,0,0,330.0184,1.5,0,2.6
2,35.54357,0,0,0,330.0184,1.5,0,2.6
2,35.5498,0,0,0,330.0184,1.5,0,2.6
2,35.55624,0,0,0,330.0184,1.5,0,2.6
2,35.56383,0,0,0,330.0184,1.5,0,2.6
2,35.57228,0,0,0,330.0184,1.5,0,2.6
2,35.58204,0,0,0,330.0184,1.5,0,2.6
2,35.59017,0,0,0,330.0184,1.5,0,2.6
2,35.59731,0,0,0,330.0184,1.5,0,2.6
2,35.60567,0,0,0,330.0184,1.5,0,2.6
2,35.61373,0,0,0,330.0184,1.5,0,2.6
2,35.62051,0,0,0,330.0184,1.5,0,2.6
2,35.62774,0,0,0,330.0184,1.5,0,2.6
2,35.63639,0,0,0,330.0184,1.5,0,2.6
2,35.64344,0,0,0,330.0184,1.5,0,2.6
2,35.65124,0,0,0,330.0184,1.5,0,2.6
2,35.65936,0,0,0,330.0184,1.5,0,2.6
2,35.66762,0,0,0,330.0184,1.5,0,2.6
2,35.6752,0,0,0,330.0184,1.5,0,2.6
2,35.68252,0,0,0,330.0184,1.5,0,2.6
2,35.68927,0,0,0,330.0184,1.5,0,2.6
2,35.69559,0,0,0,330.0184,1.5,0,2.6
2,35.70274,0,0,0,330.0184,1.5,0,2.6
2,35.70981,0,0,0,330.0184,1.5,0,2.6
2,35.71688,0,0,0,330.0184,1.5,0,2.6
2,35.7242,0,0,0,330.0184,1.5,0,2.6
2,35.73022,0,0,0,330.0184,1.5,0,2.6
2,35.73728,0,0,0,330.0184,1.5,0,2.6
2,35.74363,0,0,0,330.0184,1.5,0,2.6
2,35.75076,0,0,0,330.0184,1.5,0,2.6
2,35.7592,0,0,0,330.0184,1.5,0,2.6
2,35.76885,0,0,0,330.0184,1.5,0,2.6
2,35.77689,0,0,0,330.0184,1.5,0,2.6
2,35.78484,0,0,0,330.0184,1.5,0,2.6
2,35.79286,0,0,0,330.0184,1.5,0,2.6
2,35.80069,0,0,0,330.0184,1.5,0,2.6
2,35.80791,0,0,0,330.0184,1.5,0,2.6
2,35.81587,0,0,0,330.0184,1.5,0,2.6
2,35.82446,0,0,0,330.0184,1.5,0,2.6
2,35.832,0,0,0,330.0184,1.5,0,2.6
2,35.84034,0,0,0,330.0184,1.5,0,2.6
2,35.84899,0,0,0,330.0184,1.5,0,2.6
2,35.85847,0,0,0,330.0184,1.5,0,2.6
2,35.86693,0,0,0,330.0184,1.5,0,2.6
2,35.87564,0,0,0,330.0184,1.5,0,2.6
2,35.88455,0,0,0,330.0184,1.5,0,2.6
2,35.89321,0,0,0,330.0184,1.5,0,2.6
2,35.9029,0,0,0,330.0184,1.5,0,2.6
2,35.91138,0,0,0,330.0184,1.5,0,2.6
2,35.91917,0,0,0,330.0184,1.5,0,2.6
2,35.9279,0,0,0,330.0184,1.5,0,2.6
2,35.9362,0,0,0,330.0184,1.5,0,2.6
2,35.94511,0,0,0,330.0184,1.5,0,2.6
2,35.95289,0,0,0,330.0184,1.5,0,2.6
2,35.96058,0,0,0,330.0184,1.5,0,2.6
2,35.96803,0,0,0,330.0184,1.5,0,2.6
2,35.9761,0,0,0,330.0184,1.5,0,2.6
2,35.98464,0,0,0,330.0184,1.5,0,2.6
2,35.99574,0,0,0,330.0184,1.5,0,2.6
2,36.00707,0,0,0,330.0184,1.5,0,2.6
2,36.01716,0,0,0,330.0184,1.5,0,2.6
2,36.02693,0,0,0,330.0184,1.5,0,2.6
2,36.03675,0,0,0,330.0184,1.5,0,2.6
2,36.04342,0,0,0,330.0184,1.5,0,2.6
2,36.05259,0,0,0,330.0184,1.5,0,2.6
2,36.06458,0,0,0,330.0184,1.5,0,2.6
2,36.07199,0,0,0,330.0184,1.5,0,2.6
2,36.08002,0,0,0,330.0184,1.5,0,2.6
2,36.09067,0,0,0,330.0184,1.5,0,2.6
2,36.09953,0,0,0,330.0184,1.5,0,2.6
2,36.10738,0,0,0,330.0184,1.5,0,2.6
2,36.11512,0,0,0,330.0184,1.5,0,2.6
2,36.12321,0,0,0,330.0184,1.5,0,2.6
2,36.13026,0,0,0,330.0184,1.5,0,2.6
2,36.13874,0,0,0,330.0184,1.5,0,2.6
2,36.14634,0,0,0,330.0184,1.5,0,2.6
2,36.15302,0,0,0,330.0184,1.5,0,2.6
2,36.16052,0,0,0,330.0184,1.5,0,2.6
2,36.16764,0,0,0,330.0184,1.5,0,2.6
2,36.17484,0,0,0,330.0184,1.5,0,2.6
2,36.18385,0,0,0,330.0184,1.5,0,2.6
2,36.19218,0,0,0,330.0184,1.5,0,2.6
2,36.19975,0,0,0,330.0184,1.5,0,2.6
2,36.20689,0,0,0,330.0184,1.5,0,2.6
2,36.21501,0,0,0,330.0184,1.5,0,2.6
2,36.2235,0,0,0,330.0184,1.5,0,2.6
2,36.23255,0,0,0,330.0184,1.5,0,2.6
2,36.24058,0,0,0,330.0184,1.5,0,2.6
2,36.24847,0,0,0,330.0184,1.5,0,2.6
2,36.25664,0,0,0,330.0184,1.5,0,2.6
2,36.26506,0,0,0,330.0184,1.5,0,2.6
2,36.27388,0,0,0,330.0184,1.5,0,2.6
2,36.28235,0,0,0,330.0184,1.5,0,2.6
2,36.29037,0,0,0,330.0184,1.5,0,2.6
2,36.29771,0,0,0,330.0184,1.5,0,2.6
2,36.30518,0,0,0,330.0184,1.5,0,2.6
2,36.31322,0,0,0,330.0184,1.5,0,2.6
2,36.32109,0,0,0,330.0184,1.5,0,2.6
2,36.32898,0,0,0,330.0184,1.5,0,2.6
2,36.33707,0,0,0,330.0184,1.5,0,2.6
2,36.34462,0,0,0,330.0184,1.5,0,2.6
2,36.35209,0,0,0,330.0184,1.5,0,2.6
2,36.36015,0,0,0,330.0184,1.5,0,2.6
2,36.36769,0,0,0,330.0184,1.5,0,2.6
2,36.37489,0,0,0,330.0184,1.5,0,2.6
2,36.38332,0,0,0,330.0184,1.5,0,2.6
2,36.39046,0,0,0,330.0184,1.5,0,2.6
2,36.39731,0,0,0,330.0184,1.5,0,2.6
2,36.4035,0,0,0,330.0184,1.5,0,2.6
2,36.40932,0,0,0,330.0184,1.5,0,2.6
2,36.41722,0,0,0,330.0184,1.5,0,2.6
2,36.42389,0,0,0,330.0184,1.5,0,2.6
2,36.43045,0,0,0,330.0184,1.5,0,2.6
2,36.43714,0,0,0,330.0184,1.5,0,2.6
2,36.44442,0,0,0,330.0184,1.5,0,2.6
2,36.45115,0,0,0,330.0184,1.5,0,2.6
2,36.4583,0,0,0,330.0184,1.5,0,2.6
2,36.46619,0,0,0,330.0184,1.5,0,2.6
2,36.47512,0,0,0,330.0184,1.5,0,2.6
2,36.48322,0,0,0,330.0184,1.5,0,2.6
2,36.49088,0,0,0,330.0184,1.5,0,2.6
2,36.49916,0,0,0,330.0184,1.5,0,2.6
2,36.50661,0,0,0,330.0184,1.5,0,2.6
2,36.51483,0,0,0,330.0184,1.5,0,2.6
2,36.52136,0,0,0,330.0184,1.5,0,2.6
2,36.52851,0,0,0,330.0184,1.5,0,2.6
2,36.53629,0,0,0,330.0184,1.5,0,2.6
2,36.54449,0,0,0,330.0184,1.5,0,2.6
2,36.5518,0,0,0,330.0184,1.5,0,2.6
2,36.55946,0,0,0,330.0184,1.5,0,2.6
2,36.56662,0,0,0,330.0184,1.5,0,2.6
2,36.57505,0,0,0,330.0184,1.5,0,2.6
2,36.58253,0,0,0,330.0184,1.5,0,2.6
2,36.59084,0,0,0,330.0184,1.5,0,2.6
2,36.59989,0,0,0,330.0184,1.5,0,2.6
2,36.60676,0,0,0,330.0184,1.5,0,2.6
2,36.61382,0,0,0,330.0184,1.5,0,2.6
2,36.62103,0,0,0,330.0184,1.5,0,2.6
2,36.63129,0,0,0,330.0184,1.5,0,2.6
2,36.63823,0,0,0,330.0184,1.5,0,2.6
2,36.64507,0,0,0,330.0184,1.5,0,2.6
2,36.65135,0,0,0,330.0184,1.5,0,2.6
2,36.65847,0,0,0,330.0184,1.5,0,2.6
2,36.66545,0,0,0,330.0184,1.5,0,2.6
2,36.67196,0,0,0,330.0184,1.5,0,2.6
2,36.67827,0,0,0,330.0184,1.5,0,2.6
2,36.68555,0,0,0,330.0184,1.5,0,2.6
2,36.69351,0,0,0,330.0184,1.5,0,2.6
2,36.70094,0,0,0,330.0184,1.5,0,2.6
2,36.70723,0,0,0,330.0184,1.5,0,2.6
2,36.71474,0,0,0,330.0184,1.5,0,2.6
2,36.72265,0,0,0,330.0184,1.5,0,2.6
2,36.72942,0,0,0,330.0184,1.5,0,2.6
2,36.73687,0,0,0,330.0184,1.5,0,2.6
2,36.74459,0,0,0,330.0184,1.5,0,2.6
2,36.75182,0,0,0,330.0184,1.5,0,2.6
2,36.75912,0,0,0,330.0184,1.5,0,2.6
2,36.76768,0,0,0,330.0184,1.5,0,2.6
2,36.77445,0,0,0,330.0184,1.5,0,2.6
2,36.78108,0,0,0,330.0184,1.5,0,2.6
2,36.78802,0,0,0,330.0184,1.5,0,2.6
2,36.79564,0,0,0,330.0184,1.5,0,2.6
2,36.80355,0,0,0,330.0184,1.5,0,2.6
2,36.81162,0,0,0,330.0184,1.5,0,2.6
2,36.81861,0,0,0,330.0184,1.5,0,2.6
2,36.82571,0,0,0,330.0184,1.5,0,2.6
2,36.83242,0,0,0,330.0184,1.5,0,2.6
2,36.83955,0,0,0,330.0184,1.5,0,2.6
2,36.84652,0,0,0,330.0184,1.5,0,2.6
2,36.85274,0,0,0,330.0184,1.5,0,2.6
2,36.85974,0,0,0,330.0184,1.5,0,2.6
2,36.86656,0,0,0,330.0184,1.5,0,2.6
2,36.87285,0,0,0,330.0184,1.5,0,2.6
2,36.88027,0,0,0,330.0184,1.5,0,2.6
2,36.89037,0,0,0,330.0184,1.5,0,2.6
2,36.89857,0,0,0,330.0184,1.5,0,2.6
2,36.90749,0,0,0,330.0184,1.5,0,2.6
2,36.9156,0,0,0,330.0184,1.5,0,2.6
2,36.92356,0,0,0,330.0184,1.5,0,2.6
2,36.93159,0,0,0,330.0184,1.5,0,2.6
2,36.93927,0,0,0,330.0184,1.5,0,2.6
2,36.94695,0,0,0,330.0184,1.5,0,2.6
2,36.95613,0,0,0,330.0184,1.5,0,2.6
2,36.96452,0,0,0,330.0184,1.5,0,2.6
2,36.97409,0,0,0,330.0184,1.5,0,2.6
2,36.98282,0,0,0,330.0184,1.5,0,2.6
2,36.99203,0,0,0,330.0184,1.5,0,2.6
2,37.00231,0,0,0,330.0184,1.5,0,2.6
2,37.01347,0,0,0,330.0184,1.5,0,2.6
2,37.02718,0,0,0,330.0184,1.5,0,2.6
2,37.03782,0,0,0,330.0184,1.5,0,2.6
2,37.04784,0,0,0,330.0184,1.5,0,2.6
2,37.05809,0,0,0,330.0184,1.5,0,2.6
2,37.06671,0,0,0,330.0184,1.5,0,2.6
2,37.07508,0,0,0,330.0184,1.5,0,2.6
2,37.08459,0,0,0,330.0184,1.5,0,2.6
2,37.09399,0,0,0,330.0184,1.5,0,2.6
2,37.10349,0,0,0,330.0184,1.5,0,2.6
2,37.11488,0,0,0,330.0184,1.5,0,2.6
2,37.12502,0,0,0,330.0184,1.5,0,2.6
2,37.1335,0,0,0,330.0184,1.5,0,2.6
2,37.14184,0,0,0,330.0184,1.5,0,2.6
2,37.15027,0,0,0,330.0184,1.5,0,2.6
2,37.15875,0,0,0,330.0184,1.5,0,2.6
2,37.1687,0,0,0,330.0184,1.5,0,2.6
2,37.17768,0,0,0,330.0184,1.5,0,2.6
2,37.18489,0,0,0,330.0184,1.5,0,2.6
2,37.19338,0,0,0,330.0184,1.5,0,2.6
2,37.20195,0,0,0,330.0184,1.5,0,2.6
2,37.21057,0,0,0,330.0184,1.5,0,2.6
2,37.21937,0,0,0,330.0184,1.5,0,2.6
2,37.22992,0,0,0,330.0184,1.5,0,2.6
2,37.23821,0,0,0,330.0184,1.5,0,2.6
2,37.24795,0,0,0,330.0184,1.5,0,2.6
2,37.25658,0,0,0,330.0184,1.5,0,2.6
2,37.26509,0,0,0,330.0184,1.5,0,2.6
2,37.27351,0,0,0,330.0184,1.5,0,2.6
2,37.28267,0,0,0,330.0184,1.5,0,2.6
2,37.29062,0,0,0,330.0184,1.5,0,2.6
2,37.29827,0,0,0,330.0184,1.5,0,2.6
2,37.30744,0,0,0,330.0184,1.5,0,2.6
2,37.31601,0,0,0,330.0184,1.5,0,2.6
2,37.32509,0,0,0,330.0184,1.5,0,2.6
2,37.33479,0,0,0,330.0184,1.5,0,2.6
2,37.34464,0,0,0,330.0184,1.5,0,2.6
2,37.35247,0,0,0,330.0184,1.5,0,2.6
2,37.36094,0,0,0,330.0184,1.5,0,2.6
2,37.36926,0,0,0,330.0184,1.5,0,2.6
2,37.37783,0,0,0,330.0184,1.5,0,2.6
2,37.38514,0,0,0,330.0184,1.5,0,2.6
2,37.39385,0,0,0,330.0184,1.5,0,2.6
2,37.40255,0,0,0,330.0184,1.5,0,2.6
2,37.4099,0,0,0,330.0184,1.5,0,2.6
2,37.41678,0,0,0,330.0184,1.5,0,2.6
2,37.42382,0,0,0,330.0184,1.5,0,2.6
2,37.43062,0,0,0,330.0184,1.5,0,2.6
2,37.43848,0,0,0,330.0184,1.5,0,2.6
2,37.44646,0,0,0,330.0184,1.5,0,2.6
2,37.45386,0,0,0,330.0184,1.5,0,2.6
2,37.46119,0,0,0,330.0184,1.5,0,2.6
2,37.4692,0,0,0,330.0184,1.5,0,2.6
2,37.47614,0,0,0,330.0184,1.5,0,2.6
2,37.48372,0,0,0,330.0184,1.5,0,2.6
2,37.49134,0,0,0,330.0184,1.5,0,2.6
2,37.4992,0,0,0,330.0184,1.5,0,2.6
2,37.50731,0,0,0,330.0184,1.5,0,2.6
2,37.51577,0,0,0,330.0184,1.5,0,2.6
2,37.52317,0,0,0,330.0184,1.5,0,2.6
2,37.53109,0,0,0,330.0184,1.5,0,2.6
2,37.53946,0,0,0,330.0184,1.5,0,2.6
2,37.54853,0,0,0,330.0184,1.5,0,2.6
2,37.55622,0,0,0,330.0184,1.5,0,2.6
2,37.56394,0,0,0,330.0184,1.5,0,2.6
2,37.57299,0,0,0,330.0184,1.5,0,2.6
2,37.58223,0,0,0,330.0184,1.5,0,2.6
2,37.58926,0,0,0,330.0184,1.5,0,2.6
2,37.59663,0,0,0,330.0184,1.5,0,2.6
2,37.6033,0,0,0,330.0184,1.5,0,2.6
2,37.61171,0,0,0,330.0184,1.5,0,2.6
2,37.62001,0,0,0,330.0184,1.5,0,2.6
2,37.6276,0,0,0,330.0184,1.5,0,2.6
2,37.63503,0,0,0,330.0184,1.5,0,2.6
2,37.64183,0,0,0,330.0184,1.5,0,2.6
2,37.64862,0,0,0,330.0184,1.5,0,2.6
2,37.65572,0,0,0,330.0184,1.5,0,2.6
2,37.66222,0,0,0,330.0184,1.5,0,2.6
2,37.66904,0,0,0,330.0184,1.5,0,2.6
2,37.67624,0,0,0,330.0184,1.5,0,2.6
2,37.68343,0,0,0,330.0184,1.5,0,2.6
2,37.69119,0,0,0,330.0184,1.5,0,2.6
2,37.69845,0,0,0,330.0184,1.5,0,2.6
2,37.70625,0,0,0,330.0184,1.5,0,2.6
2,37.71376,0,0,0,330.0184,1.5,0,2.6
2,37.72096,0,0,0,330.0184,1.5,0,2.6
2,37.72827,0,0,0,330.0184,1.5,0,2.6
2,37.73583,0,0,0,330.0184,1.5,0,2.6
2,37.74222,0,0,0,330.0184,1.5,0,2.6
2,37.74967,0,0,0,330.0184,1.5,0,2.6
2,37.75675,0,0,0,330.0184,1.5,0,2.6
2,37.7637,0,0,0,330.0184,1.5,0,2.6
2,37.77073,0,0,0,330.0184,1.5,0,2.6
2,37.77758,0,0,0,330.0184,1.5,0,2.6
2,37.78517,0,0,0,330.0184,1.5,0,2.6
2,37.79282,0,0,0,330.0184,1.5,0,2.6
2,37.80054,0,0,0,330.0184,1.5,0,2.6
2,37.81184,0,0,0,330.0184,1.5,0,2.6
2,37.81918,0,0,0,330.0184,1.5,0,2.6
2,37.82664,0,0,0,330.0184,1.5,0,2.6
2,37.83364,0,0,0,330.0184,1.5,0,2.6
2,37.84033,0,0,0,330.0184,1.5,0,2.6
2,37.8482,0,0,0,330.0184,1.5,0,2.6
2,37.8554,0,0,0,330.0184,1.5,0,2.6
2,37.86161,0,0,0,330.0184,1.5,0,2.6
2,37.86862,0,0,0,330.0184,1.5,0,2.6
2,37.87513,0,0,0,330.0184,1.5,0,2.6
2,37.88183,0,0,0,330.0184,1.5,0,2.6
2,37.88802,0,0,0,330.0184,1.5,0,2.6
2,37.89462,0,0,0,330.0184,1.5,0,2.6
2,37.90195,0,0,0,330.0184,1.5,0,2.6
2,37.90837,0,0,0,330.0184,1.5,0,2.6
2,37.91507,0,0,0,330.0184,1.5,0,2.6
2,37.92102,0,0,0,330.0184,1.5,0,2.6
2,37.92744,0,0,0,330.0184,1.5,0,2.6
2,37.93416,0,0,0,330.0184,1.5,0,2.6
2,37.94075,0,0,0,330.0184,1.5,0,2.6
2,37.94695,0,0,0,330.0184,1.5,0,2.6
2,37.95378,0,0,0,330.0184,1.5,0,2.6
2,37.96016,0,0,0,330.0184,1.5,0,2.6
2,37.96692,0,0,0,330.0184,1.5,0,2.6
2,37.97313,0,0,0,330.0184,1.5,0,2.6
2,37.97934,0,0,0,330.0184,1.5,0,2.6
2,37.98608,0,0,0,330.0184,1.5,0,2.6
2,37.99378,0,0,0,330.0184,1.5,0,2.6
2,38.00172,0,0,0,330.0184,1.5,0,2.6
2,38.00864,0,0,0,330.0184,1.5,0,2.6
2,38.01683,0,0,0,330.0184,1.5,0,2.6
2,38.02427,0,0,0,330.0184,1.5,0,2.6
2,38.03355,0,0,0,330.0184,1.5,0,2.6
2,38.04364,0,0,0,330.0184,1.5,0,2.6
2,38.05312,0,0,0,330.0184,1.5,0,2.6
2,38.06171,0,0,0,330.0184,1.5,0,2.6
2,38.07025,0,0,0,330.0184,1.5,0,2.6
2,38.07859,0,0,0,330.0184,1.5,0,2.6
2,38.08782,0,0,0,330.0184,1.5,0,2.6
2,38.0978,0,0,0,330.0184,1.5,0,2.6
2,38.10691,0,0,0,330.0184,1.5,0,2.6
2,38.11609,0,0,0,330.0184,1.5,0,2.6
2,38.12517,0,0,0,330.0184,1.5,0,2.6
2,38.13677,0,0,0,330.0184,1.5,0,2.6
2,38.14721,0,0,0,330.0184,1.5,0,2.6
2,38.15563,0,0,0,330.0184,1.5,0,2.6
2,38.16346,0,0,0,330.0184,1.5,0,2.6
2,38.17253,0,0,0,330.0184,1.5,0,2.6
2,38.18101,0,0,0,330.0184,1.5,0,2.6
2,38.18985,0,0,0,330.0184,1.5,0,2.6
2,38.1985,0,0,0,330.0184,1.5,0,2.6
2,38.20676,0,0,0,330.0184,1.5,0,2.6
2,38.21509,0,0,0,330.0184,1.5,0,2.6
2,38.22476,0,0,0,330.0184,1.5,0,2.6
2,38.23383,0,0,0,330.0184,1.5,0,2.6
2,38.24191,0,0,0,330.0184,1.5,0,2.6
2,38.25071,0,0,0,330.0184,1.5,0,2.6
2,38.26025,0,0,0,330.0184,1.5,0,2.6
2,38.27177,0,0,0,330.0184,1.5,0,2.6
2,38.28188,0,0,0,330.0184,1.5,0,2.6
2,38.2902,0,0,0,330.0184,1.5,0,2.6
2,38.298,0,0,0,330.0184,1.5,0,2.6
2,38.30662,0,0,0,330.0184,1.5,0,2.6
2,38.31505,0,0,0,330.0184,1.5,0,2.6
2,38.32318,0,0,0,330.0184,1.5,0,2.6
2,38.33123,0,0,0,330.0184,1.5,0,2.6
2,38.33974,0,0,0,330.0184,1.5,0,2.6
2,38.34976,0,0,0,330.0184,1.5,0,2.6
2,38.35923,0,0,0,330.0184,1.5,0,2.6
2,38.36839,0,0,0,330.0184,1.5,0,2.6
2,38.37867,0,0,0,330.0184,1.5,0,2.6
2,38.38731,0,0,0,330.0184,1.5,0,2.6
2,38.39568,0,0,0,330.0184,1.5,0,2.6
2,38.40728,0,0,0,330.0184,1.5,0,2.6
2,38.41536,0,0,0,330.0184,1.5,0,2.6
2,38.42386,0,0,0,330.0184,1.5,0,2.6
2,38.43254,0,0,0,330.0184,1.5,0,2.6
2,38.44197,0,0,0,330.0184,1.5,0,2.6
2,38.45236,0,0,0,330.0184,1.5,0,2.6
2,38.46399,0,0,0,330.0184,1.5,0,2.6
2,38.4735,0,0,0,330.0184,1.5,0,2.6
2,38.48289,0,0,0,330.0184,1.5,0,2.6
2,38.49263,0,0,0,330.0184,1.5,0,2.6
2,38.5029,0,0,0,330.0184,1.5,0,2.6
2,38.51192,0,0,0,330.0184,1.5,0,2.6
2,38.52096,0,0,0,330.0184,1.5,0,2.6
2,38.53004,0,0,0,330.0184,1.5,0,2.6
2,38.53827,0,0,0,330.0184,1.5,0,2.6
2,38.54703,0,0,0,330.0184,1.5,0,2.6
2,38.55596,0,0,0,330.0184,1.5,0,2.6
2,38.56329,0,0,0,330.0184,1.5,0,2.6
2,38.57093,0,0,0,330.0184,1.5,0,2.6
2,38.57824,0,0,0,330.0184,1.5,0,2.6
2,38.58512,0,0,0,330.0184,1.5,0,2.6
2,38.59337,0,0,0,330.0184,1.5,0,2.6
2,38.60056,0,0,0,330.0184,1.5,0,2.6
2,38.60788,0,0,0,330.0184,1.5,0,2.6
2,38.61513,0,0,0,330.0184,1.5,0,2.6
2,38.62265,0,0,0,330.0184,1.5,0,2.6
2,38.63008,0,0,0,330.0184,1.5,0,2.6
2,38.63856,0,0,0,330.0184,1.5,0,2.6
2,38.64661,0,0,0,330.0184,1.5,0,2.6
2,38.65383,0,0,0,330.0184,1.5,0,2.6
2,38.66164,0,0,0,330.0184,1.5,0,2.6
2,38.66909,0,0,0,330.0184,1.5,0,2.6
2,38.67671,0,0,0,330.0184,1.5,0,2.6
2,38.68376,0,0,0,330.0184,1.5,0,2.6
2,38.69079,0,0,0,330.0184,1.5,0,2.6
2,38.69775,0,0,0,330.0184,1.5,0,2.6
2,38.70537,0,0,0,330.0184,1.5,0,2.6
2,38.71278,0,0,0,330.0184,1.5,0,2.6
2,38.72033,0,0,0,330.0184,1.5,0,2.6
2,38.72727,0,0,0,330.0184,1.5,0,2.6
2,38.7343,0,0,0,330.0184,1.5,0,2.6
2,38.74135,0,0,0,330.0184,1.5,0,2.6
2,38.74836,0,0,0,330.0184,1.5,0,2.6
2,38.7556,0,0,0,330.0184,1.5,0,2.6
2,38.76173,0,0,0,330.0184,1.5,0,2.6
2,38.76898,0,0,0,330.0184,1.5,0,2.6
2,38.77663,0,0,0,330.0184,1.5,0,2.6
2,38.78436,0,0,0,330.0184,1.5,0,2.6
2,38.79127,0,0,0,330.0184,1.5,0,2.6
2,38.79781,0,0,0,330.0184,1.5,0,2.6
2,38.80459,0,0,0,330.0184,1.5,0,2.6
2,38.811,0,0,0,330.0184,1.5,0,2.6
2,38.81693,0,0,0,330.0184,1.5,0,2.6
2,38.82334,0,0,0,330.0184,1.5,0,2.6
2,38.82918,0,0,0,330.0184,1.5,0,2.6
2,38.83574,0,0,0,330.0184,1.5,0,2.6
2,38.84206,0,0,0,330.0184,1.5,0,2.6
2,38.84863,0,0,0,330.0184,1.5,0,2.6
2,38.85605,0,0,0,330.0184,1.5,0,2.6
2,38.8619,0,0,0,330.0184,1.5,0,2.6
2,38.8686,0,0,0,330.0184,1.5,0,2.6
2,38.87455,0,0,0,330.0184,1.5,0,2.6
2,38.88136,0,0,0,330.0184,1.5,0,2.6
2,38.88927,0,0,0,330.0184,1.5,0,2.6
2,38.89601,0,0,0,330.0184,1.5,0,2.6
2,38.90299,0,0,0,330.0184,1.5,0,2.6
2,38.90953,0,0,0,330.0184,1.5,0,2.6
2,38.91618,0,0,0,330.0184,1.5,0,2.6
2,38.92322,0,0,0,330.0184,1.5,0,2.6
2,38.92999,0,0,0,330.0184,1.5,0,2.6
2,38.93707,0,0,0,330.0184,1.5,0,2.6
2,38.94362,0,0,0,330.0184,1.5,0,2.6
2,38.95089,0,0,0,330.0184,1.5,0,2.6
2,38.95765,0,0,0,330.0184,1.5,0,2.6
2,38.96404,0,0,0,330.0184,1.5,0,2.6
2,38.97717,0,0,0,330.0184,1.5,0,2.6
2,38.98752,0,0,0,330.0184,1.5,0,2.6
2,38.99737,0,0,0,330.0184,1.5,0,2.6
2,39.00406,0,0,0,330.0184,1.5,0,2.6
2,39.01086,0,0,0,330.0184,1.5,0,2.6
2,39.01763,0,0,0,330.0184,1.5,0,2.6
2,39.02488,0,0,0,330.0184,1.5,0,2.6
2,39.03107,0,0,0,330.0184,1.5,0,2.6
2,39.03786,0,0,0,330.0184,1.5,0,2.6
2,39.04512,0,0,0,330.0184,1.5,0,2.6
2,39.05198,0,0,0,330.0184,1.5,0,2.6
2,39.06077,0,0,0,330.0184,1.5,0,2.6
2,39.07022,0,0,0,330.0184,1.5,0,2.6
2,39.0778,0,0,0,330.0184,1.5,0,2.6
2,39.08548,0,0,0,330.0184,1.5,0,2.6
2,39.0929,0,0,0,330.0184,1.5,0,2.6
2,39.09999,0,0,0,330.0184,1.5,0,2.6
2,39.10668,0,0,0,330.0184,1.5,0,2.6
2,39.11352,0,0,0,330.0184,1.5,0,2.6
2,39.1209,0,0,0,330.0184,1.5,0,2.6
2,39.1297,0,0,0,330.0184,1.5,0,2.6
2,39.13732,0,0,0,330.0184,1.5,0,2.6
2,39.14515,0,0,0,330.0184,1.5,0,2.6
2,39.15295,0,0,0,330.0184,1.5,0,2.6
2,39.16293,0,0,0,330.0184,1.5,0,2.6
2,39.17114,0,0,0,330.0184,1.5,0,2.6
2,39.17838,0,0,0,330.0184,1.5,0,2.6
2,39.18631,0,0,0,330.0184,1.5,0,2.6
2,39.19447,0,0,0,330.0184,1.5,0,2.6
2,39.20325,0,0,0,330.0184,1.5,0,2.6
2,39.21242,0,0,0,330.0184,1.5,0,2.6
2,39.22033,0,0,0,330.0184,1.5,0,2.6
2,39.22935,0,0,0,330.0184,1.5,0,2.6
2,39.23704,0,0,0,330.0184,1.5,0,2.6
2,39.24596,0,0,0,330.0184,1.5,0,2.6
2,39.25583,0,0,0,330.0184,1.5,0,2.6
2,39.26411,0,0,0,330.0184,1.5,0,2.6
2,39.27308,0,0,0,330.0184,1.5,0,2.6
2,39.28202,0,0,0,330.0184,1.5,0,2.6
2,39.29067,0,0,0,330.0184,1.5,0,2.6
2,39.30113,0,0,0,330.0184,1.5,0,2.6
2,39.30928,0,0,0,330.0184,1.5,0,2.6
2,39.31946,0,0,0,330.0184,1.5,0,2.6
2,39.32959,0,0,0,330.0184,1.5,0,2.6
2,39.33852,0,0,0,330.0184,1.5,0,2.6
2,39.34846,0,0,0,330.0184,1.5,0,2.6
2,39.35888,0,0,0,330.0184,1.5,0,2.6
2,39.36985,0,0,0,330.0184,1.5,0,2.6
2,39.38023,0,0,0,330.0184,1.5,0,2.6
2,39.39088,0,0,0,330.0184,1.5,0,2.6
2,39.40228,0,0,0,330.0184,1.5,0,2.6
2,39.41474,0,0,0,330.0184,1.5,0,2.6
2,39.42464,0,0,0,330.0184,1.5,0,2.6
2,39.43415,0,0,0,330.0184,1.5,0,2.6
2,39.44196,0,0,0,330.0184,1.5,0,2.6
2,39.45002,0,0,0,330.0184,1.5,0,2.6
2,39.45871,0,0,0,330.0184,1.5,0,2.6
2,39.46812,0,0,0,330.0184,1.5,0,2.6
2,39.4758,0,0,0,330.0184,1.5,0,2.6
2,39.48525,0,0,0,330.0184,1.5,0,2.6
2,39.49472,0,0,0,330.0184,1.5,0,2.6
2,39.50439,0,0,0,330.0184,1.5,0,2.6
2,39.514,0,0,0,330.0184,1.5,0,2.6
2,39.52339,0,0,0,330.0184,1.5,0,2.6
2,39.53236,0,0,0,330.0184,1.5,0,2.6
2,39.54126,0,0,0,330.0184,1.5,0,2.6
2,39.54969,0,0,0,330.0184,1.5,0,2.6
2,39.55816,0,0,0,330.0184,1.5,0,2.6
2,39.56778,0,0,0,330.0184,1.5,0,2.6
2,39.57793,0,0,0,330.0184,1.5,0,2.6
2,39.58617,0,0,0,330.0184,1.5,0,2.6
2,39.59793,0,0,0,330.0184,1.5,0,2.6
2,39.6062,0,0,0,330.0184,1.5,0,2.6
2,39.61562,0,0,0,330.0184,1.5,0,2.6
2,39.62445,0,0,0,330.0184,1.5,0,2.6
2,39.63349,0,0,0,330.0184,1.5,0,2.6
2,39.64238,0,0,0,330.0184,1.5,0,2.6
2,39.6523,0,0,0,330.0184,1.5,0,2.6
2,39.66281,0,0,0,330.0184,1.5,0,2.6
2,39.67104,0,0,0,330.0184,1.5,0,2.6
2,39.67947,0,0,0,330.0184,1.5,0,2.6
2,39.68661,0,0,0,330.0184,1.5,0,2.6
2,39.69372,0,0,0,330.0184,1.5,0,2.6
2,39.70121,0,0,0,330.0184,1.5,0,2.6
2,39.70882,0,0,0,330.0184,1.5,0,2.6
2,39.716,0,0,0,330.0184,1.5,0,2.6
2,39.72421,0,0,0,330.0184,1.5,0,2.6
2,39.73093,0,0,0,330.0184,1.5,0,2.6
2,39.73887,0,0,0,330.0184,1.5,0,2.6
2,39.74643,0,0,0,330.0184,1.5,0,2.6
2,39.75346,0,0,0,330.0184,1.5,0,2.6
2,39.7602,0,0,0,330.0184,1.5,0,2.6
2,39.76732,0,0,0,330.0184,1.5,0,2.6
2,39.77364,0,0,0,330.0184,1.5,0,2.6
2,39.77993,0,0,0,330.0184,1.5,0,2.6
2,39.78611,0,0,0,330.0184,1.5,0,2.6
2,39.79224,0,0,0,330.0184,1.5,0,2.6
2,39.79871,0,0,0,330.0184,1.5,0,2.6
2,39.8062,0,0,0,330.0184,1.5,0,2.6
2,39.81353,0,0,0,330.0184,1.5,0,2.6
2,39.82418,0,0,0,330.0184,1.5,0,2.6
2,39.83182,0,0,0,330.0184,1.5,0,2.6
2,39.83916,0,0,0,330.0184,1.5,0,2.6
2,39.84649,0,0,0,330.0184,1.5,0,2.6
2,39.85302,0,0,0,330.0184,1.5,0,2.6
2,39.86047,0,0,0,330.0184,1.5,0,2.6
2,39.86758,0,0,0,330.0184,1.5,0,2.6
2,39.87424,0,0,0,330.0184,1.5,0,2.6
2,39.88094,0,0,0,330.0184,1.5,0,2.6
2,39.88689,0,0,0,330.0184,1.5,0,2.6
2,39.8935,0,0,0,330.0184,1.5,0,2.6
2,39.90018,0,0,0,330.0184,1.5,0,2.6
2,39.90667,0,0,0,330.0184,1.5,0,2.6
2,39.91418,0,0,0,330.0184,1.5,0,2.6
2,39.92064,0,0,0,330.0184,1.5,0,2.6
2,39.92817,0,0,0,330.0184,1.5,0,2.6
2,39.93484,0,0,0,330.0184,1.5,0,2.6
2,39.94074,0,0,0,330.0184,1.5,0,2.6
2,39.94712,0,0,0,330.0184,1.5,0,2.6
2,39.95312,0,0,0,330.0184,1.5,0,2.6
2,39.95992,0,0,0,330.0184,1.5,0,2.6
2,39.96656,0,0,0,330.0184,1.5,0,2.6
2,39.97327,0,0,0,330.0184,1.5,0,2.6
2,39.98031,0,0,0,330.0184,1.5,0,2.6
2,39.98695,0,0,0,330.0184,1.5,0,2.6
2,39.99445,0,0,0,330.0184,1.5,0,2.6
2,40.00146,0,0,0,330.0184,1.5,0,2.6
2,40.00784,0,0,0,330.0184,1.5,0,2.6
2,40.01434,0,0,0,330.0184,1.5,0,2.6
2,40.021,0,0,0,330.0184,1.5,0,2.6
2,40.02723,0,0,0,330.0184,1.5,0,2.6
2,40.03409,0,0,0,330.0184,1.5,0,2.6
2,40.04043,0,0,0,330.0184,1.5,0,2.6
2,40.04723,0,0,0,330.0184,1.5,0,2.6
2,40.05366,0,0,0,330.0184,1.5,0,2.6
2,40.06021,0,0,0,330.0184,1.5,0,2.6
2,40.06775,0,0,0,330.0184,1.5,0,2.6
2,40.0741,0,0,0,330.0184,1.5,0,2.6
2,40.08131,0,0,0,330.0184,1.5,0,2.6
2,40.09109,0,0,0,330.0184,1.5,0,2.6
2,40.10382,0,0,0,330.0184,1.5,0,2.6
2,40.1103,0,0,0,330.0184,1.5,0,2.6
2,40.11724,0,0,0,330.0184,1.5,0,2.6
2,40.12394,0,0,0,330.0184,1.5,0,2.6
2,40.13091,0,0,0,330.0184,1.5,0,2.6
2,40.13903,0,0,0,330.0184,1.5,0,2.6
2,40.14697,0,0,0,330.0184,1.5,0,2.6
2,40.15329,0,0,0,330.0184,1.5,0,2.6
2,40.15997,0,0,0,330.0184,1.5,0,2.6
2,40.1673,0,0,0,330.0184,1.5,0,2.6
2,40.17422,0,0,0,330.0184,1.5,0,2.6
2,40.18371,0,0,0,330.0184,1.5,0,2.6
2,40.19364,0,0,0,330.0184,1.5,0,2.6
2,40.20166,0,0,0,330.0184,1.5,0,2.6
2,40.21003,0,0,0,330.0184,1.5,0,2.6
2,40.21762,0,0,0,330.0184,1.5,0,2.6
2,40.22592,0,0,0,330.0184,1.5,0,2.6
2,40.2332,0,0,0,330.0184,1.5,0,2.6
2,40.24006,0,0,0,330.0184,1.5,0,2.6
2,40.24864,0,0,0,330.0184,1.5,0,2.6
2,40.25697,0,0,0,330.0184,1.5,0,2.6
2,40.26773,0,0,0,330.0184,1.5,0,2.6
2,40.27657,0,0,0,330.0184,1.5,0,2.6
2,40.28486,0,0,0,330.0184,1.5,0,2.6
2,40.29348,0,0,0,330.0184,1.5,0,2.6
2,40.30259,0,0,0,330.0184,1.5,0,2.6
2,40.31398,0,0,0,330.0184,1.5,0,2.6
2,40.32355,0,0,0,330.0184,1.5,0,2.6
2,40.33173,0,0,0,330.0184,1.5,0,2.6
2,40.34079,0,0,0,330.0184,1.5,0,2.6
2,40.35134,0,0,0,330.0184,1.5,0,2.6
2,40.36114,0,0,0,330.0184,1.5,0,2.6
2,40.37017,0,0,0,330.0184,1.5,0,2.6
2,40.37936,0,0,0,330.0184,1.5,0,2.6
2,40.39029,0,0,0,330.0184,1.5,0,2.6
2,40.39901,0,0,0,330.0184,1.5,0,2.6
2,40.40927,0,0,0,330.0184,1.5,0,2.6
2,40.41773,0,0,0,330.0184,1.5,0,2.6
2,40.42688,0,0,0,330.0184,1.5,0,2.6
2,40.43589,0,0,0,330.0184,1.5,0,2.6
2,40.4451,0,0,0,330.0184,1.5,0,2.6
2,40.45509,0,0,0,330.0184,1.5,0,2.6
2,40.46521,0,0,0,330.0184,1.5,0,2.6
2,40.47522,0,0,0,330.0184,1.5,0,2.6
2,40.485,0,0,0,330.0184,1.5,0,2.6
2,40.49367,0,0,0,330.0184,1.5,0,2.6
2,40.50386,0,0,0,330.0184,1.5,0,2.6
2,40.51423,0,0,0,330.0184,1.5,0,2.6
2,40.52484,0,0,0,330.0184,1.5,0,2.6
2,40.53671,0,0,0,330.0184,1.5,0,2.6
2,40.54598,0,0,0,330.0184,1.5,0,2.6
2,40.55587,0,0,0,330.0184,1.5,0,2.6
2,40.56398,0,0,0,330.0184,1.5,0,2.6
2,40.57209,0,0,0,330.0184,1.5,0,2.6
2,40.57957,0,0,0,330.0184,1.5,0,2.6
2,40.58704,0,0,0,330.0184,1.5,0,2.6
2,40.59568,0,0,0,330.0184,1.5,0,2.6
2,40.60374,0,0,0,330.0184,1.5,0,2.6
2,40.61113,0,0,0,330.0184,1.5,0,2.6
2,40.61779,0,0,0,330.0184,1.5,0,2.6
2,40.62608,0,0,0,330.0184,1.5,0,2.6
2,40.63384,0,0,0,330.0184,1.5,0,2.6
2,40.64123,0,0,0,330.0184,1.5,0,2.6
2,40.64911,0,0,0,330.0184,1.5,0,2.6
2,40.65648,0,0,0,330.0184,1.5,0,2.6
2,40.66338,0,0,0,330.0184,1.5,0,2.6
2,40.67197,0,0,0,330.0184,1.5,0,2.6
2,40.68192,0,0,0,330.0184,1.5,0,2.6
2,40.69166,0,0,0,330.0184,1.5,0,2.6
2,40.69945,0,0,0,330.0184,1.5,0,2.6
2,40.71206,0,0,0,330.0184,1.5,0,2.6
2,40.71999,0,0,0,330.0184,1.5,0,2.6
2,40.72818,0,0,0,330.0184,1.5,0,2.6
2,40.73699,0,0,0,330.0184,1.5,0,2.6
2,40.74567,0,0,0,330.0184,1.5,0,2.6
2,40.7533,0,0,0,330.0184,1.5,0,2.6
2,40.7614,0,0,0,330.0184,1.5,0,2.6
2,40.76918,0,0,0,330.0184,1.5,0,2.6
2,40.77719,0,0,0,330.0184,1.5,0,2.6
2,40.78436,0,0,0,330.0184,1.5,0,2.6
2,40.79141,0,0,0,330.0184,1.5,0,2.6
2,40.79826,0,0,0,330.0184,1.5,0,2.6
2,40.8055,0,0,0,330.0184,1.5,0,2.6
2,40.81303,0,0,0,330.0184,1.5,0,2.6
2,40.81951,0,0,0,330.0184,1.5,0,2.6
2,40.82678,0,0,0,330.0184,1.5,0,2.6
2,40.83401,0,0,0,330.0184,1.5,0,2.6
2,40.8408,0,0,0,330.0184,1.5,0,2.6
2,40.84807,0,0,0,330.0184,1.5,0,2.6
2,40.85477,0,0,0,330.0184,1.5,0,2.6
2,40.86216,0,0,0,330.0184,1.5,0,2.6
2,40.86906,0,0,0,330.0184,1.5,0,2.6
2,40.87569,0,0,0,330.0184,1.5,0,2.6
2,40.88231,0,0,0,330.0184,1.5,0,2.6
2,40.88924,0,0,0,330.0184,1.5,0,2.6
2,40.89566,0,0,0,330.0184,1.5,0,2.6
2,40.90204,0,0,0,330.0184,1.5,0,2.6
2,40.90814,0,0,0,330.0184,1.5,0,2.6
2,40.91459,0,0,0,330.0184,1.5,0,2.6
2,40.92091,0,0,0,330.0184,1.5,0,2.6
2,40.92772,0,0,0,330.0184,1.5,0,2.6
2,40.93471,0,0,0,330.0184,1.5,0,2.6
2,40.94133,0,0,0,330.0184,1.5,0,2.6
2,40.9482,0,0,0,330.0184,1.5,0,2.6
2,40.95473,0,0,0,330.0184,1.5,0,2.6
2,40.96119,0,0,0,330.0184,1.5,0,2.6
2,40.96833,0,0,0,330.0184,1.5,0,2.6
2,40.97492,0,0,0,330.0184,1.5,0,2.6
2,40.98155,0,0,0,330.0184,1.5,0,2.6
2,40.98787,0,0,0,330.0184,1.5,0,2.6
2,40.9955,0,0,0,330.0184,1.5,0,2.6
2,41.0026,0,0,0,330.0184,1.5,0,2.6
2,41.00901,0,0,0,330.0184,1.5,0,2.6
2,41.01566,0,0,0,330.0184,1.5,0,2.6
2,41.02217,0,0,0,330.0184,1.5,0,2.6
2,41.02877,0,0,0,330.0184,1.5,0,2.6
2,41.03547,0,0,0,330.0184,1.5,0,2.6
2,41.0421,0,0,0,330.0184,1.5,0,2.6
2,41.04921,0,0,0,330.0184,1.5,0,2.6
2,41.05612,0,0,0,330.0184,1.5,0,2.6
2,41.06353,0,0,0,330.0184,1.5,0,2.6
2,41.07124,0,0,0,330.0184,1.5,0,2.6
2,41.07961,0,0,0,330.0184,1.5,0,2.6
2,41.08653,0,0,0,330.0184,1.5,0,2.6
2,41.09339,0,0,0,330.0184,1.5,0,2.6
2,41.1,0,0,0,330.0184,1.5,0,2.6
2,41.10659,0,0,0,330.0184,1.5,0,2.6
2,41.11635,0,0,0,330.0184,1.5,0,2.6
2,41.12661,0,0,0,330.0184,1.5,0,2.6
2,41.13509,0,0,0,330.0184,1.5,0,2.6
2,41.14283,0,0,0,330.0184,1.5,0,2.6
2,41.15049,0,0,0,330.0184,1.5,0,2.6
2,41.15863,0,0,0,330.0184,1.5,0,2.6
2,41.16534,0,0,0,330.0184,1.5,0,2.6
2,41.17257,0,0,0,330.0184,1.5,0,2.6
2,41.17921,0,0,0,330.0184,1.5,0,2.6
2,41.18552,0,0,0,330.0184,1.5,0,2.6
2,41.19263,0,0,0,330.0184,1.5,0,2.6
2,41.20004,0,0,0,330.0184,1.5,0,2.6
2,41.2164,0,0,0,330.0184,1.5,0,2.6
2,41.22323,0,0,0,330.0184,1.5,0,2.6
2,41.22965,0,0,0,330.0184,1.5,0,2.6
2,41.23728,0,0,0,330.0184,1.5,0,2.6
2,41.24554,0,0,0,330.0184,1.5,0,2.6
2,41.25254,0,0,0,330.0184,1.5,0,2.6
2,41.26044,0,0,0,330.0184,1.5,0,2.6
2,41.26793,0,0,0,330.0184,1.5,0,2.6
2,41.27417,0,0,0,330.0184,1.5,0,2.6
2,41.2823,0,0,0,330.0184,1.5,0,2.6
2,41.29259,0,0,0,330.0184,1.5,0,2.6
2,41.30074,0,0,0,330.0184,1.5,0,2.6
2,41.30829,0,0,0,330.0184,1.5,0,2.6
2,41.31615,0,0,0,330.0184,1.5,0,2.6
2,41.32336,0,0,0,330.0184,1.5,0,2.6
2,41.33166,0,0,0,330.0184,1.5,0,2.6
2,41.34019,0,0,0,330.0184,1.5,0,2.6
2,41.34837,0,0,0,330.0184,1.5,0,2.6
2,41.35767,0,0,0,330.0184,1.5,0,2.6
2,41.36701,0,0,0,330.0184,1.5,0,2.6
2,41.37604,0,0,0,330.0184,1.5,0,2.6
2,41.38521,0,0,0,330.0184,1.5,0,2.6
2,41.39368,0,0,0,330.0184,1.5,0,2.6
2,41.40208,0,0,0,330.0184,1.5,0,2.6
2,41.40974,0,0,0,330.0184,1.5,0,2.6
2,41.4183,0,0,0,330.0184,1.5,0,2.6
2,41.42765,0,0,0,330.0184,1.5,0,2.6
2,41.43655,0,0,0,330.0184,1.5,0,2.6
2,41.44606,0,0,0,330.0184,1.5,0,2.6
2,41.45459,0,0,0,330.0184,1.5,0,2.6
2,41.46421,0,0,0,330.0184,1.5,0,2.6
2,41.47387,0,0,0,330.0184,1.5,0,2.6
2,41.48275,0,0,0,330.0184,1.5,0,2.6
2,41.49331,0,0,0,330.0184,1.5,0,2.6
2,41.50413,0,0,0,330.0184,1.5,0,2.6
2,41.51386,0,0,0,330.0184,1.5,0,2.6
2,41.52389,0,0,0,330.0184,1.5,0,2.6
2,41.53512,0,0,0,330.0184,1.5,0,2.6
2,41.54494,0,0,0,330.0184,1.5,0,2.6
2,41.55632,0,0,0,330.0184,1.5,0,2.6
2,41.56579,0,0,0,330.0184,1.5,0,2.6
2,41.57637,0,0,0,330.0184,1.5,0,2.6
2,41.58593,0,0,0,330.0184,1.5,0,2.6
2,41.59446,0,0,0,330.0184,1.5,0,2.6
2,41.6035,0,0,0,330.0184,1.5,0,2.6
2,41.61269,0,0,0,330.0184,1.5,0,2.6
2,41.62282,0,0,0,330.0184,1.5,0,2.6
2,41.63267,0,0,0,330.0184,1.5,0,2.6
2,41.64392,0,0,0,330.0184,1.5,0,2.6
2,41.65337,0,0,0,330.0184,1.5,0,2.6
2,41.66194,0,0,0,330.0184,1.5,0,2.6
2,41.67008,0,0,0,330.0184,1.5,0,2.6
2,41.67838,0,0,0,330.0184,1.5,0,2.6
2,41.68584,0,0,0,330.0184,1.5,0,2.6
2,41.69457,0,0,0,330.0184,1.5,0,2.6
2,41.70511,0,0,0,330.0184,1.5,0,2.6
2,41.713,0,0,0,330.0184,1.5,0,2.6
2,41.71984,0,0,0,330.0184,1.5,0,2.6
2,41.7276,0,0,0,330.0184,1.5,0,2.6
2,41.73547,0,0,0,330.0184,1.5,0,2.6
2,41.7431,0,0,0,330.0184,1.5,0,2.6
2,41.75074,0,0,0,330.0184,1.5,0,2.6
2,41.76051,0,0,0,330.0184,1.5,0,2.6
2,41.76912,0,0,0,330.0184,1.5,0,2.6
2,41.7761,0,0,0,330.0184,1.5,0,2.6
2,41.78423,0,0,0,330.0184,1.5,0,2.6
2,41.79195,0,0,0,330.0184,1.5,0,2.6
2,41.79908,0,0,0,330.0184,1.5,0,2.6
2,41.80797,0,0,0,330.0184,1.5,0,2.6
2,41.81741,0,0,0,330.0184,1.5,0,2.6
2,41.82956,0,0,0,330.0184,1.5,0,2.6
2,41.83758,0,0,0,330.0184,1.5,0,2.6
2,41.84634,0,0,0,330.0184,1.5,0,2.6
2,41.85478,0,0,0,330.0184,1.5,0,2.6
2,41.86273,0,0,0,330.0184,1.5,0,2.6
2,41.86986,0,0,0,330.0184,1.5,0,2.6
2,41.87689,0,0,0,330.0184,1.5,0,2.6
2,41.88418,0,0,0,330.0184,1.5,0,2.6
2,41.8914,0,0,0,330.0184,1.5,0,2.6
2,41.89762,0,0,0,330.0184,1.5,0,2.6
2,41.90427,0,0,0,330.0184,1.5,0,2.6
2,41.91127,0,0,0,330.0184,1.5,0,2.6
2,41.91824,0,0,0,330.0184,1.5,0,2.6
2,41.92621,0,0,0,330.0184,1.5,0,2.6
2,41.93415,0,0,0,330.0184,1.5,0,2.6
2,41.94119,0,0,0,330.0184,1.5,0,2.6
2,41.94888,0,0,0,330.0184,1.5,0,2.6
2,41.95737,0,0,0,330.0184,1.5,0,2.6
2,41.96378,0,0,0,330.0184,1.5,0,2.6
2,41.97069,0,0,0,330.0184,1.5,0,2.6
2,41.97763,0,0,0,330.0184,1.5,0,2.6
2,41.98485,0,0,0,330.0184,1.5,0,2.6
2,41.99178,0,0,0,330.0184,1.5,0,2.6
2,41.99796,0,0,0,330.0184,1.5,0,2.6
2,42.00453,0,0,0,330.0184,1.5,0,2.6
2,42.01106,0,0,0,330.0184,1.5,0,2.6
2,42.01703,0,0,0,330.0184,1.5,0,2.6
2,42.02418,0,0,0,330.0184,1.5,0,2.6
2,42.03069,0,0,0,330.0184,1.5,0,2.6
2,42.03748,0,0,0,330.0184,1.5,0,2.6
2,42.04421,0,0,0,330.0184,1.5,0,2.6
2,42.05099,0,0,0,330.0184,1.5,0,2.6
2,42.05767,0,0,0,330.0184,1.5,0,2.6
2,42.06447,0,0,0,330.0184,1.5,0,2.6
2,42.07135,0,0,0,330.0184,1.5,0,2.6
2,42.0779,0,0,0,330.0184,1.5,0,2.6
2,42.08527,0,0,0,330.0184,1.5,0,2.6
2,42.09312,0,0,0,330.0184,1.5,0,2.6
2,42.1002,0,0,0,330.0184,1.5,0,2.6
2,42.10781,0,0,0,330.0184,1.5,0,2.6
2,42.11674,0,0,0,330.0184,1.5,0,2.6
2,42.12472,0,0,0,330.0184,1.5,0,2.6
2,42.1342,0,0,0,330.0184,1.5,0,2.6
2,42.14489,0,0,0,330.0184,1.5,0,2.6
2,42.15253,0,0,0,330.0184,1.5,0,2.6
2,42.16026,0,0,0,330.0184,1.5,0,2.6
2,42.16768,0,0,0,330.0184,1.5,0,2.6
2,42.17527,0,0,0,330.0184,1.5,0,2.6
2,42.18285,0,0,0,330.0184,1.5,0,2.6
2,42.19098,0,0,0,330.0184,1.5,0,2.6
2,42.19926,0,0,0,330.0184,1.5,0,2.6
2,42.20678,0,0,0,330.0184,1.5,0,2.6
2,42.21405,0,0,0,330.0184,1.5,0,2.6
2,42.22342,0,0,0,330.0184,1.5,0,2.6
2,42.23221,0,0,0,330.0184,1.5,0,2.6
2,42.23996,0,0,0,330.0184,1.5,0,2.6
2,42.24725,0,0,0,330.0184,1.5,0,2.6
2,42.25436,0,0,0,330.0184,1.5,0,2.6
2,42.26293,0,0,0,330.0184,1.5,0,2.6
2,42.27067,0,0,0,330.0184,1.5,0,2.6
2,42.27774,0,0,0,330.0184,1.5,0,2.6
2,42.28446,0,0,0,330.0184,1.5,0,2.6
2,42.2912,0,0,0,330.0184,1.5,0,2.6
2,42.29794,0,0,0,330.0184,1.5,0,2.6
2,42.30629,0,0,0,330.0184,1.5,0,2.6
2,42.31422,0,0,0,330.0184,1.5,0,2.6
2,42.32201,0,0,0,330.0184,1.5,0,2.6
2,42.32927,0,0,0,330.0184,1.5,0,2.6
2,42.33634,0,0,0,330.0184,1.5,0,2.6
2,42.34327,0,0,0,330.0184,1.5,0,2.6
2,42.35169,0,0,0,330.0184,1.5,0,2.6
2,42.36635,0,0,0,330.0184,1.5,0,2.6
2,42.37416,0,0,0,330.0184,1.5,0,2.6
2,42.38243,0,0,0,330.0184,1.5,0,2.6
2,42.39105,0,0,0,330.0184,1.5,0,2.6
2,42.3987,0,0,0,330.0184,1.5,0,2.6
2,42.40631,0,0,0,330.0184,1.5,0,2.6
2,42.41351,0,0,0,330.0184,1.5,0,2.6
2,42.42006,0,0,0,330.0184,1.5,0,2.6
2,42.42687,0,0,0,330.0184,1.5,0,2.6
2,42.43381,0,0,0,330.0184,1.5,0,2.6
2,42.44075,0,0,0,330.0184,1.5,0,2.6
2,42.44759,0,0,0,330.0184,1.5,0,2.6
2,42.45393,0,0,0,330.0184,1.5,0,2.6
2,42.46161,0,0,0,330.0184,1.5,0,2.6
2,42.46995,0,0,0,330.0184,1.5,0,2.6
2,42.47822,0,0,0,330.0184,1.5,0,2.6
2,42.48606,0,0,0,330.0184,1.5,0,2.6
2,42.49493,0,0,0,330.0184,1.5,0,2.6
2,42.50367,0,0,0,330.0184,1.5,0,2.6
2,42.51204,0,0,0,330.0184,1.5,0,2.6
2,42.5198,0,0,0,330.0184,1.5,0,2.6
2,42.52825,0,0,0,330.0184,1.5,0,2.6
2,42.5367,0,0,0,330.0184,1.5,0,2.6
2,42.54691,0,0,0,330.0184,1.5,0,2.6
2,42.55632,0,0,0,330.0184,1.5,0,2.6
2,42.56498,0,0,0,330.0184,1.5,0,2.6
2,42.57409,0,0,0,330.0184,1.5,0,2.6
2,42.58355,0,0,0,330.0184,1.5,0,2.6
2,42.59243,0,0,0,330.0184,1.5,0,2.6
2,42.60103,0,0,0,330.0184,1.5,0,2.6
2,42.60906,0,0,0,330.0184,1.5,0,2.6
2,42.61831,0,0,0,330.0184,1.5,0,2.6
2,42.62681,0,0,0,330.0184,1.5,0,2.6
2,42.63591,0,0,0,330.0184,1.5,0,2.6
2,42.64362,0,0,0,330.0184,1.5,0,2.6
2,42.65226,0,0,0,330.0184,1.5,0,2.6
2,42.66057,0,0,0,330.0184,1.5,0,2.6
2,42.66859,0,0,0,330.0184,1.5,0,2.6
2,42.67632,0,0,0,330.0184,1.5,0,2.6
2,42.68591,0,0,0,330.0184,1.5,0,2.6
2,42.69542,0,0,0,330.0184,1.5,0,2.6
2,42.70484,0,0,0,330.0184,1.5,0,2.6
2,42.71822,0,0,0,330.0184,1.5,0,2.6
2,42.73036,0,0,0,330.0184,1.5,0,2.6
2,42.74102,0,0,0,330.0184,1.5,0,2.6
2,42.74984,0,0,0,330.0184,1.5,0,2.6
2,42.75841,0,0,0,330.0184,1.5,0,2.6
2,42.76854,0,0,0,330.0184,1.5,0,2.6
2,42.77839,0,0,0,330.0184,1.5,0,2.6
2,42.78797,0,0,0,330.0184,1.5,0,2.6
2,42.7966,0,0,0,330.0184,1.5,0,2.6
2,42.80575,0,0,0,330.0184,1.5,0,2.6
2,42.81542,0,0,0,330.0184,1.5,0,2.6
2,42.8239,0,0,0,330.0184,1.5,0,2.6
2,42.83222,0,0,0,330.0184,1.5,0,2.6
2,42.84125,0,0,0,330.0184,1.5,0,2.6
2,42.84961,0,0,0,330.0184,1.5,0,2.6
2,42.85839,0,0,0,330.0184,1.5,0,2.6
2,42.86596,0,0,0,330.0184,1.5,0,2.6
2,42.87452,0,0,0,330.0184,1.5,0,2.6
2,42.88352,0,0,0,330.0184,1.5,0,2.6
2,42.89267,0,0,0,330.0184,1.5,0,2.6
2,42.90031,0,0,0,330.0184,1.5,0,2.6
2,42.90908,0,0,0,330.0184,1.5,0,2.6
2,42.91734,0,0,0,330.0184,1.5,0,2.6
2,42.9264,0,0,0,330.0184,1.5,0,2.6
2,42.93539,0,0,0,330.0184,1.5,0,2.6
2,42.94492,0,0,0,330.0184,1.5,0,2.6
2,42.95346,0,0,0,330.0184,1.5,0,2.6
2,42.96261,0,0,0,330.0184,1.5,0,2.6
2,42.97256,0,0,0,330.0184,1.5,0,2.6
2,42.98576,0,0,0,330.0184,1.5,0,2.6
2,42.99472,0,0,0,330.0184,1.5,0,2.6
2,43.00425,0,0,0,330.0184,1.5,0,2.6
2,43.01312,0,0,0,330.0184,1.5,0,2.6
2,43.02137,0,0,0,330.0184,1.5,0,2.6
2,43.02869,0,0,0,330.0184,1.5,0,2.6
2,43.03606,0,0,0,330.0184,1.5,0,2.6
2,43.04327,0,0,0,330.0184,1.5,0,2.6
2,43.05183,0,0,0,330.0184,1.5,0,2.6
2,43.05975,0,0,0,330.0184,1.5,0,2.6
2,43.06829,0,0,0,330.0184,1.5,0,2.6
2,43.07533,0,0,0,330.0184,1.5,0,2.6
2,43.08308,0,0,0,330.0184,1.5,0,2.6
2,43.09163,0,0,0,330.0184,1.5,0,2.6
2,43.09839,0,0,0,330.0184,1.5,0,2.6
2,43.10525,0,0,0,330.0184,1.5,0,2.6
2,43.11197,0,0,0,330.0184,1.5,0,2.6
2,43.11858,0,0,0,330.0184,1.5,0,2.6
2,43.12569,0,0,0,330.0184,1.5,0,2.6
2,43.13361,0,0,0,330.0184,1.5,0,2.6
2,43.1412,0,0,0,330.0184,1.5,0,2.6
2,43.15126,0,0,0,330.0184,1.5,0,2.6
2,43.1627,0,0,0,330.0184,1.5,0,2.6
2,43.17089,0,0,0,330.0184,1.5,0,2.6
2,43.17861,0,0,0,330.0184,1.5,0,2.6
2,43.18636,0,0,0,330.0184,1.5,0,2.6
2,43.19344,0,0,0,330.0184,1.5,0,2.6
2,43.20069,0,0,0,330.0184,1.5,0,2.6
2,43.2071,0,0,0,330.0184,1.5,0,2.6
2,43.21403,0,0,0,330.0184,1.5,0,2.6
2,43.21999,0,0,0,330.0184,1.5,0,2.6
2,43.22633,0,0,0,330.0184,1.5,0,2.6
2,43.23346,0,0,0,330.0184,1.5,0,2.6
2,43.24096,0,0,0,330.0184,1.5,0,2.6
2,43.25097,0,0,0,330.0184,1.5,0,2.6
2,43.25882,0,0,0,330.0184,1.5,0,2.6
2,43.26657,0,0,0,330.0184,1.5,0,2.6
2,43.27368,0,0,0,330.0184,1.5,0,2.6
2,43.28103,0,0,0,330.0184,1.5,0,2.6
2,43.28783,0,0,0,330.0184,1.5,0,2.6
2,43.29465,0,0,0,330.0184,1.5,0,2.6
2,43.30112,0,0,0,330.0184,1.5,0,2.6
2,43.30738,0,0,0,330.0184,1.5,0,2.6
2,43.31415,0,0,0,330.0184,1.5,0,2.6
2,43.32045,0,0,0,330.0184,1.5,0,2.6
2,43.32858,0,0,0,330.0184,1.5,0,2.6
2,43.33535,0,0,0,330.0184,1.5,0,2.6
2,43.34175,0,0,0,330.0184,1.5,0,2.6
2,43.34876,0,0,0,330.0184,1.5,0,2.6
2,43.35585,0,0,0,330.0184,1.5,0,2.6
2,43.36243,0,0,0,330.0184,1.5,0,2.6
2,43.36963,0,0,0,330.0184,1.5,0,2.6
2,43.37703,0,0,0,330.0184,1.5,0,2.6
2,43.38428,0,0,0,330.0184,1.5,0,2.6
2,43.39114,0,0,0,330.0184,1.5,0,2.6
2,43.39743,0,0,0,330.0184,1.5,0,2.6
2,43.40576,0,0,0,330.0184,1.5,0,2.6
2,43.41232,0,0,0,330.0184,1.5,0,2.6
2,43.4192,0,0,0,330.0184,1.5,0,2.6
2,43.42667,0,0,0,330.0184,1.5,0,2.6
2,43.43508,0,0,0,330.0184,1.5,0,2.6
2,43.44207,0,0,0,330.0184,1.5,0,2.6
2,43.44946,0,0,0,330.0184,1.5,0,2.6
2,43.45721,0,0,0,330.0184,1.5,0,2.6
2,43.46534,0,0,0,330.0184,1.5,0,2.6
2,43.47355,0,0,0,330.0184,1.5,0,2.6
2,43.48201,0,0,0,330.0184,1.5,0,2.6
2,43.49086,0,0,0,330.0184,1.5,0,2.6
2,43.49851,0,0,0,330.0184,1.5,0,2.6
2,43.50658,0,0,0,330.0184,1.5,0,2.6
2,43.51408,0,0,0,330.0184,1.5,0,2.6
2,43.5246,0,0,0,330.0184,1.5,0,2.6
2,43.53193,0,0,0,330.0184,1.5,0,2.6
2,43.54056,0,0,0,330.0184,1.5,0,2.6
2,43.5484,0,0,0,330.0184,1.5,0,2.6
2,43.55679,0,0,0,330.0184,1.5,0,2.6
2,43.56565,0,0,0,330.0184,1.5,0,2.6
2,43.57489,0,0,0,330.0184,1.5,0,2.6
2,43.58347,0,0,0,330.0184,1.5,0,2.6
2,43.59358,0,0,0,330.0184,1.5,0,2.6
2,43.60272,0,0,0,330.0184,1.5,0,2.6
2,43.61242,0,0,0,330.0184,1.5,0,2.6
2,43.6207,0,0,0,330.0184,1.5,0,2.6
2,43.62943,0,0,0,330.0184,1.5,0,2.6
2,43.63726,0,0,0,330.0184,1.5,0,2.6
2,43.64508,0,0,0,330.0184,1.5,0,2.6
2,43.65314,0,0,0,330.0184,1.5,0,2.6
2,43.66232,0,0,0,330.0184,1.5,0,2.6
2,43.67283,0,0,0,330.0184,1.5,0,2.6
2,43.68196,0,0,0,330.0184,1.5,0,2.6
2,43.69261,0,0,0,330.0184,1.5,0,2.6
2,43.7029,0,0,0,330.0184,1.5,0,2.6
2,43.71182,0,0,0,330.0184,1.5,0,2.6
2,43.72065,0,0,0,330.0184,1.5,0,2.6
2,43.73157,0,0,0,330.0184,1.5,0,2.6
2,43.74212,0,0,0,330.0184,1.5,0,2.6
2,43.752,0,0,0,330.0184,1.5,0,2.6
2,43.76081,0,0,0,330.0184,1.5,0,2.6
2,43.7706,0,0,0,330.0184,1.5,0,2.6
2,43.78049,0,0,0,330.0184,1.5,0,2.6
2,43.78961,0,0,0,330.0184,1.5,0,2.6
2,43.80023,0,0,0,330.0184,1.5,0,2.6
2,43.81021,0,0,0,330.0184,1.5,0,2.6
2,43.82014,0,0,0,330.0184,1.5,0,2.6
2,43.83037,0,0,0,330.0184,1.5,0,2.6
2,43.83951,0,0,0,330.0184,1.5,0,2.6
2,43.84838,0,0,0,330.0184,1.5,0,2.6
2,43.85732,0,0,0,330.0184,1.5,0,2.6
2,43.86695,0,0,0,330.0184,1.5,0,2.6
2,43.8768,0,0,0,330.0184,1.5,0,2.6
2,43.88499,0,0,0,330.0184,1.5,0,2.6
2,43.89347,0,0,0,330.0184,1.5,0,2.6
2,43.90099,0,0,0,330.0184,1.5,0,2.6
2,43.90865,0,0,0,330.0184,1.5,0,2.6
2,43.91655,0,0,0,330.0184,1.5,0,2.6
2,43.9237,0,0,0,330.0184,1.5,0,2.6
2,43.93107,0,0,0,330.0184,1.5,0,2.6
2,43.939,0,0,0,330.0184,1.5,0,2.6
2,43.94658,0,0,0,330.0184,1.5,0,2.6
2,43.955,0,0,0,330.0184,1.5,0,2.6
2,43.96383,0,0,0,330.0184,1.5,0,2.6
2,43.97215,0,0,0,330.0184,1.5,0,2.6
2,43.98116,0,0,0,330.0184,1.5,0,2.6
2,43.98972,0,0,0,330.0184,1.5,0,2.6
2,43.9972,0,0,0,330.0184,1.5,0,2.6
2,44.00508,0,0,0,330.0184,1.5,0,2.6
2,44.01361,0,0,0,330.0184,1.5,0,2.6
2,44.02244,0,0,0,330.0184,1.5,0,2.6
2,44.03049,0,0,0,330.0184,1.5,0,2.6
2,44.03952,0,0,0,330.0184,1.5,0,2.6
2,44.04842,0,0,0,330.0184,1.5,0,2.6
2,44.05659,0,0,0,330.0184,1.5,0,2.6
2,44.06389,0,0,0,330.0184,1.5,0,2.6
2,44.07259,0,0,0,330.0184,1.5,0,2.6
2,44.08293,0,0,0,330.0184,1.5,0,2.6
2,44.09224,0,0,0,330.0184,1.5,0,2.6
2,44.10482,0,0,0,330.0184,1.5,0,2.6
2,44.11485,0,0,0,330.0184,1.5,0,2.6
2,44.12432,0,0,0,330.0184,1.5,0,2.6
2,44.13407,0,0,0,330.0184,1.5,0,2.6
2,44.1428,0,0,0,330.0184,1.5,0,2.6
2,44.15186,0,0,0,330.0184,1.5,0,2.6
2,44.16398,0,0,0,330.0184,1.5,0,2.6
2,44.17283,0,0,0,330.0184,1.5,0,2.6
2,44.18415,0,0,0,330.0184,1.5,0,2.6
2,44.19414,0,0,0,330.0184,1.5,0,2.6
2,44.20251,0,0,0,330.0184,1.5,0,2.6
2,44.21127,0,0,0,330.0184,1.5,0,2.6
2,44.21874,0,0,0,330.0184,1.5,0,2.6
2,44.22708,0,0,0,330.0184,1.5,0,2.6
2,44.23553,0,0,0,330.0184,1.5,0,2.6
2,44.24276,0,0,0,330.0184,1.5,0,2.6
2,44.25076,0,0,0,330.0184,1.5,0,2.6
2,44.25758,0,0,0,330.0184,1.5,0,2.6
2,44.26472,0,0,0,330.0184,1.5,0,2.6
2,44.27417,0,0,0,330.0184,1.5,0,2.6
2,44.28371,0,0,0,330.0184,1.5,0,2.6
2,44.29141,0,0,0,330.0184,1.5,0,2.6
2,44.29923,0,0,0,330.0184,1.5,0,2.6
2,44.30722,0,0,0,330.0184,1.5,0,2.6
2,44.31485,0,0,0,330.0184,1.5,0,2.6
2,44.32148,0,0,0,330.0184,1.5,0,2.6
2,44.32931,0,0,0,330.0184,1.5,0,2.6
2,44.3376,0,0,0,330.0184,1.5,0,2.6
2,44.34596,0,0,0,330.0184,1.5,0,2.6
2,44.35298,0,0,0,330.0184,1.5,0,2.6
2,44.36,0,0,0,330.0184,1.5,0,2.6
2,44.36686,0,0,0,330.0184,1.5,0,2.6
2,44.37347,0,0,0,330.0184,1.5,0,2.6
2,44.38075,0,0,0,330.0184,1.5,0,2.6
2,44.38869,0,0,0,330.0184,1.5,0,2.6
2,44.39581,0,0,0,330.0184,1.5,0,2.6
2,44.40375,0,0,0,330.0184,1.5,0,2.6
2,44.4119,0,0,0,330.0184,1.5,0,2.6
2,44.41878,0,0,0,330.0184,1.5,0,2.6
2,44.42595,0,0,0,330.0184,1.5,0,2.6
2,44.43395,0,0,0,330.0184,1.5,0,2.6
2,44.44073,0,0,0,330.0184,1.5,0,2.6
2,44.44735,0,0,0,330.0184,1.5,0,2.6
2,44.45373,0,0,0,330.0184,1.5,0,2.6
2,44.46041,0,0,0,330.0184,1.5,0,2.6
2,44.46708,0,0,0,330.0184,1.5,0,2.6
2,44.47362,0,0,0,330.0184,1.5,0,2.6
2,44.47997,0,0,0,330.0184,1.5,0,2.6
2,44.48597,0,0,0,330.0184,1.5,0,2.6
2,44.49317,0,0,0,330.0184,1.5,0,2.6
2,44.50043,0,0,0,330.0184,1.5,0,2.6
2,44.50727,0,0,0,330.0184,1.5,0,2.6
2,44.51425,0,0,0,330.0184,1.5,0,2.6
2,44.52071,0,0,0,330.0184,1.5,0,2.6
2,44.5275,0,0,0,330.0184,1.5,0,2.6
2,44.53505,0,0,0,330.0184,1.5,0,2.6
2,44.54118,0,0,0,330.0184,1.5,0,2.6
2,44.54782,0,0,0,330.0184,1.5,0,2.6
2,44.55387,0,0,0,330.0184,1.5,0,2.6
2,44.56036,0,0,0,330.0184,1.5,0,2.6
2,44.56719,0,0,0,330.0184,1.5,0,2.6
2,44.57368,0,0,0,330.0184,1.5,0,2.6
2,44.58041,0,0,0,330.0184,1.5,0,2.6
2,44.58728,0,0,0,330.0184,1.5,0,2.6
2,44.59491,0,0,0,330.0184,1.5,0,2.6
2,44.60185,0,0,0,330.0184,1.5,0,2.6
2,44.60865,0,0,0,330.0184,1.5,0,2.6
2,44.61581,0,0,0,330.0184,1.5,0,2.6
2,44.62318,0,0,0,330.0184,1.5,0,2.6
2,44.62999,0,0,0,330.0184,1.5,0,2.6
2,44.63722,0,0,0,330.0184,1.5,0,2.6
2,44.64354,0,0,0,330.0184,1.5,0,2.6
2,44.65025,0,0,0,330.0184,1.5,0,2.6
2,44.65648,0,0,0,330.0184,1.5,0,2.6
2,44.66266,0,0,0,330.0184,1.5,0,2.6
2,44.66925,0,0,0,330.0184,1.5,0,2.6
2,44.67568,0,0,0,330.0184,1.5,0,2.6
2,44.68606,0,0,0,330.0184,1.5,0,2.6
2,44.69314,0,0,0,330.0184,1.5,0,2.6
2,44.7,0,0,0,330.0184,1.5,0,2.6
2,44.70713,0,0,0,330.0184,1.5,0,2.6
2,44.71426,0,0,0,330.0184,1.5,0,2.6
2,44.72089,0,0,0,330.0184,1.5,0,2.6
2,44.72924,0,0,0,330.0184,1.5,0,2.6
2,44.73759,0,0,0,330.0184,1.5,0,2.6
2,44.74625,0,0,0,330.0184,1.5,0,2.6
2,44.75454,0,0,0,330.0184,1.5,0,2.6
2,44.7652,0,0,0,330.0184,1.5,0,2.6
2,44.77384,0,0,0,330.0184,1.5,0,2.6
2,44.78198,0,0,0,330.0184,1.5,0,2.6
2,44.78939,0,0,0,330.0184,1.5,0,2.6
2,44.79709,0,0,0,330.0184,1.5,0,2.6
2,44.8066,0,0,0,330.0184,1.5,0,2.6
2,44.81577,0,0,0,330.0184,1.5,0,2.6
2,44.82669,0,0,0,330.0184,1.5,0,2.6
2,44.8368,0,0,0,330.0184,1.5,0,2.6
2,44.84658,0,0,0,330.0184,1.5,0,2.6
2,44.85583,0,0,0,330.0184,1.5,0,2.6
2,44.86539,0,0,0,330.0184,1.5,0,2.6
2,44.87398,0,0,0,330.0184,1.5,0,2.6
2,44.88239,0,0,0,330.0184,1.5,0,2.6
2,44.89086,0,0,0,330.0184,1.5,0,2.6
2,44.8989,0,0,0,330.0184,1.5,0,2.6
2,44.90763,0,0,0,330.0184,1.5,0,2.6
2,44.91619,0,0,0,330.0184,1.5,0,2.6
2,44.92525,0,0,0,330.0184,1.5,0,2.6
2,44.93535,0,0,0,330.0184,1.5,0,2.6
2,44.94506,0,0,0,330.0184,1.5,0,2.6
2,44.95301,0,0,0,330.0184,1.5,0,2.6
2,44.96134,0,0,0,330.0184,1.5,0,2.6
2,44.96989,0,0,0,330.0184,1.5,0,2.6
2,44.9781,0,0,0,330.0184,1.5,0,2.6
2,44.9862,0,0,0,330.0184,1.5,0,2.6
2,44.99529,0,0,0,330.0184,1.5,0,2.6
2,45.00499,0,0,0,330.0184,1.5,0,2.6
2,45.0153,0,0,0,330.0184,1.5,0,2.6
2,45.02348,0,0,0,330.0184,1.5,0,2.6
2,45.03069,0,0,0,330.0184,1.5,0,2.6
2,45.03812,0,0,0,330.0184,1.5,0,2.6
2,45.04715,0,0,0,330.0184,1.5,0,2.6
2,45.05489,0,0,0,330.0184,1.5,0,2.6
2,45.06292,0,0,0,330.0184,1.5,0,2.6
2,45.07074,0,0,0,330.0184,1.5,0,2.6
2,45.07862,0,0,0,330.0184,1.5,0,2.6
2,45.08653,0,0,0,330.0184,1.5,0,2.6
2,45.09476,0,0,0,330.0184,1.5,0,2.6
2,45.10217,0,0,0,330.0184,1.5,0,2.6
2,45.10989,0,0,0,330.0184,1.5,0,2.6
2,45.11847,0,0,0,330.0184,1.5,0,2.6
2,45.12582,0,0,0,330.0184,1.5,0,2.6
2,45.13479,0,0,0,330.0184,1.5,0,2.6
2,45.14175,0,0,0,330.0184,1.5,0,2.6
2,45.14961,0,0,0,330.0184,1.5,0,2.6
2,45.15806,0,0,0,330.0184,1.5,0,2.6
2,45.16539,0,0,0,330.0184,1.5,0,2.6
2,45.17419,0,0,0,330.0184,1.5,0,2.6
2,45.18226,0,0,0,330.0184,1.5,0,2.6
2,45.19096,0,0,0,330.0184,1.5,0,2.6
2,45.19945,0,0,0,330.0184,1.5,0,2.6
2,45.21104,0,0,0,330.0184,1.5,0,2.6
2,45.22086,0,0,0,330.0184,1.5,0,2.6
2,45.23079,0,0,0,330.0184,1.5,0,2.6
2,45.23956,0,0,0,330.0184,1.5,0,2.6
2,45.24882,0,0,0,330.0184,1.5,0,2.6
2,45.25751,0,0,0,330.0184,1.5,0,2.6
2,45.2662,0,0,0,330.0184,1.5,0,2.6
2,45.27358,0,0,0,330.0184,1.5,0,2.6
2,45.28095,0,0,0,330.0184,1.5,0,2.6
2,45.29213,0,0,0,330.0184,1.5,0,2.6
2,45.30272,0,0,0,330.0184,1.5,0,2.6
2,45.31048,0,0,0,330.0184,1.5,0,2.6
2,45.31828,0,0,0,330.0184,1.5,0,2.6
2,45.32729,0,0,0,330.0184,1.5,0,2.6
2,45.33521,0,0,0,330.0184,1.5,0,2.6
2,45.34316,0,0,0,330.0184,1.5,0,2.6
2,45.35076,0,0,0,330.0184,1.5,0,2.6
2,45.35978,0,0,0,330.0184,1.5,0,2.6
2,45.36792,0,0,0,330.0184,1.5,0,2.6
2,45.37486,0,0,0,330.0184,1.5,0,2.6
2,45.38365,0,0,0,330.0184,1.5,0,2.6
2,45.39179,0,0,0,330.0184,1.5,0,2.6
2,45.39999,0,0,0,330.0184,1.5,0,2.6
2,45.40845,0,0,0,330.0184,1.5,0,2.6
2,45.41753,0,0,0,330.0184,1.5,0,2.6
2,45.42638,0,0,0,330.0184,1.5,0,2.6
2,45.43382,0,0,0,330.0184,1.5,0,2.6
2,45.44064,0,0,0,330.0184,1.5,0,2.6
2,45.44872,0,0,0,330.0184,1.5,0,2.6
2,45.45694,0,0,0,330.0184,1.5,0,2.6
2,45.46427,0,0,0,330.0184,1.5,0,2.6
2,45.47197,0,0,0,330.0184,1.5,0,2.6
2,45.47961,0,0,0,330.0184,1.5,0,2.6
2,45.48647,0,0,0,330.0184,1.5,0,2.6
2,45.49341,0,0,0,330.0184,1.5,0,2.6
2,45.50058,0,0,0,330.0184,1.5,0,2.6
2,45.50756,0,0,0,330.0184,1.5,0,2.6
2,45.51543,0,0,0,330.0184,1.5,0,2.6
2,45.52246,0,0,0,330.0184,1.5,0,2.6
2,45.5295,0,0,0,330.0184,1.5,0,2.6
2,45.53708,0,0,0,330.0184,1.5,0,2.6
2,45.54473,0,0,0,330.0184,1.5,0,2.6
2,45.55171,0,0,0,330.0184,1.5,0,2.6
2,45.5588,0,0,0,330.0184,1.5,0,2.6
2,45.56779,0,0,0,330.0184,1.5,0,2.6
2,45.57539,0,0,0,330.0184,1.5,0,2.6
2,45.58303,0,0,0,330.0184,1.5,0,2.6
2,45.59047,0,0,0,330.0184,1.5,0,2.6
2,45.59749,0,0,0,330.0184,1.5,0,2.6
2,45.60474,0,0,0,330.0184,1.5,0,2.6
2,45.61265,0,0,0,330.0184,1.5,0,2.6
2,45.61963,0,0,0,330.0184,1.5,0,2.6
2,45.62805,0,0,0,330.0184,1.5,0,2.6
2,45.635,0,0,0,330.0184,1.5,0,2.6
2,45.64284,0,0,0,330.0184,1.5,0,2.6
2,45.65111,0,0,0,330.0184,1.5,0,2.6
2,45.6588,0,0,0,330.0184,1.5,0,2.6
2,45.66557,0,0,0,330.0184,1.5,0,2.6
2,45.67311,0,0,0,330.0184,1.5,0,2.6
2,45.6803,0,0,0,330.0184,1.5,0,2.6
2,45.68679,0,0,0,330.0184,1.5,0,2.6
2,45.69363,0,0,0,330.0184,1.5,0,2.6
2,45.70074,0,0,0,330.0184,1.5,0,2.6
2,45.70741,0,0,0,330.0184,1.5,0,2.6
2,45.71553,0,0,0,330.0184,1.5,0,2.6
2,45.72336,0,0,0,330.0184,1.5,0,2.6
2,45.72996,0,0,0,330.0184,1.5,0,2.6
2,45.7369,0,0,0,330.0184,1.5,0,2.6
2,45.74297,0,0,0,330.0184,1.5,0,2.6
2,45.74958,0,0,0,330.0184,1.5,0,2.6
2,45.75615,0,0,0,330.0184,1.5,0,2.6
2,45.7627,0,0,0,330.0184,1.5,0,2.6
2,45.76988,0,0,0,330.0184,1.5,0,2.6
2,45.77604,0,0,0,330.0184,1.5,0,2.6
2,45.784,0,0,0,330.0184,1.5,0,2.6
2,45.79166,0,0,0,330.0184,1.5,0,2.6
2,45.80004,0,0,0,330.0184,1.5,0,2.6
2,45.80774,0,0,0,330.0184,1.5,0,2.6
2,45.8157,0,0,0,330.0184,1.5,0,2.6
2,45.82372,0,0,0,330.0184,1.5,0,2.6
2,45.83072,0,0,0,330.0184,1.5,0,2.6
2,45.84107,0,0,0,330.0184,1.5,0,2.6
2,45.84863,0,0,0,330.0184,1.5,0,2.6
2,45.85658,0,0,0,330.0184,1.5,0,2.6
2,45.86456,0,0,0,330.0184,1.5,0,2.6
2,45.87326,0,0,0,330.0184,1.5,0,2.6
2,45.88131,0,0,0,330.0184,1.5,0,2.6
2,45.8896,0,0,0,330.0184,1.5,0,2.6
2,45.89816,0,0,0,330.0184,1.5,0,2.6
2,45.90625,0,0,0,330.0184,1.5,0,2.6
2,45.91493,0,0,0,330.0184,1.5,0,2.6
2,45.92445,0,0,0,330.0184,1.5,0,2.6
2,45.93219,0,0,0,330.0184,1.5,0,2.6
2,45.94086,0,0,0,330.0184,1.5,0,2.6
2,45.94892,0,0,0,330.0184,1.5,0,2.6
2,45.95663,0,0,0,330.0184,1.5,0,2.6
2,45.96484,0,0,0,330.0184,1.5,0,2.6
2,45.97297,0,0,0,330.0184,1.5,0,2.6
2,45.98157,0,0,0,330.0184,1.5,0,2.6
2,45.98981,0,0,0,330.0184,1.5,0,2.6
2,45.998,0,0,0,330.0184,1.5,0,2.6
2,46.0064,0,0,0,330.0184,1.5,0,2.6
2,46.01422,0,0,0,330.0184,1.5,0,2.6
2,46.02212,0,0,0,330.0184,1.5,0,2.6
2,46.03178,0,0,0,330.0184,1.5,0,2.6
2,46.04292,0,0,0,330.0184,1.5,0,2.6
2,46.05312,0,0,0,330.0184,1.5,0,2.6
2,46.0633,0,0,0,330.0184,1.5,0,2.6
2,46.07333,0,0,0,330.0184,1.5,0,2.6
2,46.08381,0,0,0,330.0184,1.5,0,2.6
2,46.09429,0,0,0,330.0184,1.5,0,2.6
2,46.10329,0,0,0,330.0184,1.5,0,2.6
2,46.1132,0,0,0,330.0184,1.5,0,2.6
2,46.1237,0,0,0,330.0184,1.5,0,2.6
2,46.13354,0,0,0,330.0184,1.5,0,2.6
2,46.14237,0,0,0,330.0184,1.5,0,2.6
2,46.15182,0,0,0,330.0184,1.5,0,2.6
2,46.16218,0,0,0,330.0184,1.5,0,2.6
2,46.17182,0,0,0,330.0184,1.5,0,2.6
2,46.18133,0,0,0,330.0184,1.5,0,2.6
2,46.19146,0,0,0,330.0184,1.5,0,2.6
2,46.20097,0,0,0,330.0184,1.5,0,2.6
2,46.20945,0,0,0,330.0184,1.5,0,2.6
2,46.21904,0,0,0,330.0184,1.5,0,2.6
2,46.23264,0,0,0,330.0184,1.5,0,2.6
2,46.242,0,0,0,330.0184,1.5,0,2.6
2,46.25172,0,0,0,330.0184,1.5,0,2.6
2,46.26051,0,0,0,330.0184,1.5,0,2.6
2,46.26929,0,0,0,330.0184,1.5,0,2.6
2,46.27858,0,0,0,330.0184,1.5,0,2.6
2,46.28714,0,0,0,330.0184,1.5,0,2.6
2,46.29633,0,0,0,330.0184,1.5,0,2.6
2,46.30405,0,0,0,330.0184,1.5,0,2.6
2,46.31286,0,0,0,330.0184,1.5,0,2.6
2,46.32331,0,0,0,330.0184,1.5,0,2.6
2,46.33224,0,0,0,330.0184,1.5,0,2.6
2,46.34121,0,0,0,330.0184,1.5,0,2.6
2,46.35041,0,0,0,330.0184,1.5,0,2.6
2,46.3602,0,0,0,330.0184,1.5,0,2.6
2,46.37044,0,0,0,330.0184,1.5,0,2.6
2,46.38018,0,0,0,330.0184,1.5,0,2.6
2,46.39036,0,0,0,330.0184,1.5,0,2.6
2,46.39953,0,0,0,330.0184,1.5,0,2.6
2,46.40937,0,0,0,330.0184,1.5,0,2.6
2,46.41736,0,0,0,330.0184,1.5,0,2.6
2,46.42633,0,0,0,330.0184,1.5,0,2.6
2,46.43433,0,0,0,330.0184,1.5,0,2.6
2,46.44196,0,0,0,330.0184,1.5,0,2.6
2,46.45031,0,0,0,330.0184,1.5,0,2.6
2,46.45792,0,0,0,330.0184,1.5,0,2.6
2,46.46497,0,0,0,330.0184,1.5,0,2.6
2,46.47287,0,0,0,330.0184,1.5,0,2.6
2,46.48134,0,0,0,330.0184,1.5,0,2.6
2,46.48918,0,0,0,330.0184,1.5,0,2.6
2,46.49938,0,0,0,330.0184,1.5,0,2.6
2,46.50653,0,0,0,330.0184,1.5,0,2.6
2,46.51329,0,0,0,330.0184,1.5,0,2.6
2,46.51954,0,0,0,330.0184,1.5,0,2.6
2,46.52615,0,0,0,330.0184,1.5,0,2.6
2,46.53212,0,0,0,330.0184,1.5,0,2.6
2,46.53875,0,0,0,330.0184,1.5,0,2.6
2,46.54521,0,0,0,330.0184,1.5,0,2.6
2,46.55158,0,0,0,330.0184,1.5,0,2.6
2,46.55832,0,0,0,330.0184,1.5,0,2.6
2,46.56472,0,0,0,330.0184,1.5,0,2.6
2,46.57158,0,0,0,330.0184,1.5,0,2.6
2,46.57842,0,0,0,330.0184,1.5,0,2.6
2,46.58478,0,0,0,330.0184,1.5,0,2.6
2,46.59136,0,0,0,330.0184,1.5,0,2.6
2,46.59795,0,0,0,330.0184,1.5,0,2.6
2,46.60527,0,0,0,330.0184,1.5,0,2.6
2,46.61208,0,0,0,330.0184,1.5,0,2.6
2,46.61864,0,0,0,330.0184,1.5,0,2.6
2,46.62534,0,0,0,330.0184,1.5,0,2.6
2,46.63258,0,0,0,330.0184,1.5,0,2.6
2,46.63952,0,0,0,330.0184,1.5,0,2.6
2,46.64768,0,0,0,330.0184,1.5,0,2.6
2,46.65552,0,0,0,330.0184,1.5,0,2.6
2,46.66348,0,0,0,330.0184,1.5,0,2.6
2,46.67126,0,0,0,330.0184,1.5,0,2.6
2,46.67828,0,0,0,330.0184,1.5,0,2.6
2,46.68512,0,0,0,330.0184,1.5,0,2.6
2,46.69244,0,0,0,330.0184,1.5,0,2.6
2,46.69879,0,0,0,330.0184,1.5,0,2.6
2,46.70594,0,0,0,330.0184,1.5,0,2.6
2,46.71289,0,0,0,330.0184,1.5,0,2.6
2,46.71915,0,0,0,330.0184,1.5,0,2.6
2,46.7256,0,0,0,330.0184,1.5,0,2.6
2,46.7319,0,0,0,330.0184,1.5,0,2.6
2,46.73846,0,0,0,330.0184,1.5,0,2.6
2,46.74522,0,0,0,330.0184,1.5,0,2.6
2,46.75178,0,0,0,330.0184,1.5,0,2.6
2,46.75987,0,0,0,330.0184,1.5,0,2.6
2,46.76785,0,0,0,330.0184,1.5,0,2.6
2,46.77536,0,0,0,330.0184,1.5,0,2.6
2,46.78241,0,0,0,330.0184,1.5,0,2.6
2,46.78938,0,0,0,330.0184,1.5,0,2.6
2,46.79641,0,0,0,330.0184,1.5,0,2.6
2,46.80527,0,0,0,330.0184,1.5,0,2.6
2,46.81395,0,0,0,330.0184,1.5,0,2.6
2,46.82259,0,0,0,330.0184,1.5,0,2.6
2,46.83148,0,0,0,330.0184,1.5,0,2.6
2,46.83973,0,0,0,330.0184,1.5,0,2.6
2,46.84787,0,0,0,330.0184,1.5,0,2.6
2,46.85602,0,0,0,330.0184,1.5,0,2.6
2,46.86374,0,0,0,330.0184,1.5,0,2.6
2,46.8713,0,0,0,330.0184,1.5,0,2.6
2,46.87835,0,0,0,330.0184,1.5,0,2.6
2,46.88538,0,0,0,330.0184,1.5,0,2.6
2,46.89256,0,0,0,330.0184,1.5,0,2.6
2,46.89993,0,0,0,330.0184,1.5,0,2.6
2,46.90717,0,0,0,330.0184,1.5,0,2.6
2,46.91517,0,0,0,330.0184,1.5,0,2.6
2,46.92242,0,0,0,330.0184,1.5,0,2.6
2,46.92894,0,0,0,330.0184,1.5,0,2.6
2,46.93577,0,0,0,330.0184,1.5,0,2.6
2,46.94293,0,0,0,330.0184,1.5,0,2.6
2,46.95167,0,0,0,330.0184,1.5,0,2.6
2,46.95957,0,0,0,330.0184,1.5,0,2.6
2,46.96835,0,0,0,330.0184,1.5,0,2.6
2,46.97497,0,0,0,330.0184,1.5,0,2.6
2,46.98229,0,0,0,330.0184,1.5,0,2.6
2,46.9909,0,0,0,330.0184,1.5,0,2.6
2,46.99899,0,0,0,330.0184,1.5,0,2.6
2,47.00813,0,0,0,330.0184,1.5,0,2.6
2,47.01647,0,0,0,330.0184,1.5,0,2.6
2,47.02828,0,0,0,330.0184,1.5,0,2.6
2,47.03633,0,0,0,330.0184,1.5,0,2.6
2,47.0446,0,0,0,330.0184,1.5,0,2.6
2,47.05302,0,0,0,330.0184,1.5,0,2.6
2,47.06188,0,0,0,330.0184,1.5,0,2.6
2,47.07103,0,0,0,330.0184,1.5,0,2.6
2,47.08095,0,0,0,330.0184,1.5,0,2.6
2,47.09169,0,0,0,330.0184,1.5,0,2.6
2,47.10189,0,0,0,330.0184,1.5,0,2.6
2,47.11062,0,0,0,330.0184,1.5,0,2.6
2,47.12086,0,0,0,330.0184,1.5,0,2.6
2,47.13037,0,0,0,330.0184,1.5,0,2.6
2,47.14016,0,0,0,330.0184,1.5,0,2.6
2,47.15045,0,0,0,330.0184,1.5,0,2.6
2,47.16003,0,0,0,330.0184,1.5,0,2.6
2,47.16983,0,0,0,330.0184,1.5,0,2.6
2,47.17892,0,0,0,330.0184,1.5,0,2.6
2,47.18708,0,0,0,330.0184,1.5,0,2.6
2,47.19635,0,0,0,330.0184,1.5,0,2.6
2,47.20544,0,0,0,330.0184,1.5,0,2.6
2,47.21444,0,0,0,330.0184,1.5,0,2.6
2,47.22326,0,0,0,330.0184,1.5,0,2.6
2,47.23191,0,0,0,330.0184,1.5,0,2.6
2,47.24106,0,0,0,330.0184,1.5,0,2.6
2,47.25262,0,0,0,330.0184,1.5,0,2.6
2,47.2661,0,0,0,330.0184,1.5,0,2.6
2,47.27614,0,0,0,330.0184,1.5,0,2.6
2,47.28573,0,0,0,330.0184,1.5,0,2.6
2,47.2956,0,0,0,330.0184,1.5,0,2.6
2,47.30341,0,0,0,330.0184,1.5,0,2.6
2,47.31166,0,0,0,330.0184,1.5,0,2.6
2,47.31889,0,0,0,330.0184,1.5,0,2.6
2,47.32663,0,0,0,330.0184,1.5,0,2.6
2,47.33458,0,0,0,330.0184,1.5,0,2.6
2,47.34532,0,0,0,330.0184,1.5,0,2.6
2,47.35549,0,0,0,330.0184,1.5,0,2.6
2,47.36296,0,0,0,330.0184,1.5,0,2.6
2,47.37156,0,0,0,330.0184,1.5,0,2.6
2,47.37964,0,0,0,330.0184,1.5,0,2.6
2,47.38769,0,0,0,330.0184,1.5,0,2.6
2,47.39591,0,0,0,330.0184,1.5,0,2.6
2,47.40503,0,0,0,330.0184,1.5,0,2.6
2,47.41413,0,0,0,330.0184,1.5,0,2.6
2,47.42333,0,0,0,330.0184,1.5,0,2.6
2,47.43101,0,0,0,330.0184,1.5,0,2.6
2,47.43922,0,0,0,330.0184,1.5,0,2.6
2,47.44717,0,0,0,330.0184,1.5,0,2.6
2,47.45576,0,0,0,330.0184,1.5,0,2.6
2,47.46421,0,0,0,330.0184,1.5,0,2.6
2,47.47367,0,0,0,330.0184,1.5,0,2.6
2,47.48317,0,0,0,330.0184,1.5,0,2.6
2,47.49355,0,0,0,330.0184,1.5,0,2.6
2,47.50322,0,0,0,330.0184,1.5,0,2.6
2,47.5118,0,0,0,330.0184,1.5,0,2.6
2,47.52306,0,0,0,330.0184,1.5,0,2.6
2,47.53344,0,0,0,330.0184,1.5,0,2.6
2,47.54237,0,0,0,330.0184,1.5,0,2.6
2,47.5523,0,0,0,330.0184,1.5,0,2.6
2,47.56234,0,0,0,330.0184,1.5,0,2.6
2,47.57277,0,0,0,330.0184,1.5,0,2.6
2,47.58259,0,0,0,330.0184,1.5,0,2.6
2,47.59109,0,0,0,330.0184,1.5,0,2.6
2,47.60029,0,0,0,330.0184,1.5,0,2.6
2,47.60881,0,0,0,330.0184,1.5,0,2.6
2,47.61687,0,0,0,330.0184,1.5,0,2.6
2,47.62455,0,0,0,330.0184,1.5,0,2.6
2,47.63168,0,0,0,330.0184,1.5,0,2.6
2,47.63983,0,0,0,330.0184,1.5,0,2.6
2,47.64735,0,0,0,330.0184,1.5,0,2.6
2,47.65642,0,0,0,330.0184,1.5,0,2.6
2,47.66404,0,0,0,330.0184,1.5,0,2.6
2,47.67189,0,0,0,330.0184,1.5,0,2.6
2,47.67932,0,0,0,330.0184,1.5,0,2.6
2,47.69089,0,0,0,330.0184,1.5,0,2.6
2,47.69828,0,0,0,330.0184,1.5,0,2.6
2,47.70547,0,0,0,330.0184,1.5,0,2.6
2,47.71275,0,0,0,330.0184,1.5,0,2.6
2,47.72028,0,0,0,330.0184,1.5,0,2.6
2,47.72779,0,0,0,330.0184,1.5,0,2.6
2,47.73658,0,0,0,330.0184,1.5,0,2.6
2,47.74336,0,0,0,330.0184,1.5,0,2.6
2,47.75095,0,0,0,330.0184,1.5,0,2.6
2,47.75853,0,0,0,330.0184,1.5,0,2.6
2,47.76648,0,0,0,330.0184,1.5,0,2.6
2,47.77332,0,0,0,330.0184,1.5,0,2.6
2,47.78083,0,0,0,330.0184,1.5,0,2.6
2,47.78798,0,0,0,330.0184,1.5,0,2.6
2,47.79538,0,0,0,330.0184,1.5,0,2.6
2,47.80388,0,0,0,330.0184,1.5,0,2.6
2,47.81147,0,0,0,330.0184,1.5,0,2.6
2,47.8181,0,0,0,330.0184,1.5,0,2.6
2,47.82591,0,0,0,330.0184,1.5,0,2.6
2,47.83505,0,0,0,330.0184,1.5,0,2.6
2,47.84293,0,0,0,330.0184,1.5,0,2.6
2,47.85039,0,0,0,330.0184,1.5,0,2.6
2,47.85806,0,0,0,330.0184,1.5,0,2.6
2,47.86505,0,0,0,330.0184,1.5,0,2.6
2,47.87273,0,0,0,330.0184,1.5,0,2.6
2,47.87961,0,0,0,330.0184,1.5,0,2.6
2,47.88625,0,0,0,330.0184,1.5,0,2.6
2,47.89362,0,0,0,330.0184,1.5,0,2.6
2,47.90097,0,0,0,330.0184,1.5,0,2.6
2,47.90818,0,0,0,330.0184,1.5,0,2.6
2,47.91557,0,0,0,330.0184,1.5,0,2.6
2,47.92265,0,0,0,330.0184,1.5,0,2.6
2,47.9296,0,0,0,330.0184,1.5,0,2.6
2,47.93658,0,0,0,330.0184,1.5,0,2.6
2,47.94256,0,0,0,330.0184,1.5,0,2.6
2,47.94888,0,0,0,330.0184,1.5,0,2.6
2,47.95482,0,0,0,330.0184,1.5,0,2.6
2,47.96134,0,0,0,330.0184,1.5,0,2.6
2,47.96815,0,0,0,330.0184,1.5,0,2.6
2,47.97486,0,0,0,330.0184,1.5,0,2.6
2,47.98164,0,0,0,330.0184,1.5,0,2.6
2,47.98771,0,0,0,330.0184,1.5,0,2.6
2,47.99451,0,0,0,330.0184,1.5,0,2.6
2,48.00159,0,0,0,330.0184,1.5,0,2.6
2,48.00792,0,0,0,330.0184,1.5,0,2.6
2,48.01525,0,0,0,330.0184,1.5,0,2.6
2,48.0223,0,0,0,330.0184,1.5,0,2.6
2,48.02891,0,0,0,330.0184,1.5,0,2.6
2,48.03624,0,0,0,330.0184,1.5,0,2.6
2,48.04234,0,0,0,330.0184,1.5,0,2.6
2,48.04893,0,0,0,330.0184,1.5,0,2.6
2,48.05564,0,0,0,330.0184,1.5,0,2.6
2,48.06185,0,0,0,330.0184,1.5,0,2.6
2,48.06861,0,0,0,330.0184,1.5,0,2.6
2,48.07515,0,0,0,330.0184,1.5,0,2.6
2,48.08346,0,0,0,330.0184,1.5,0,2.6
2,48.09059,0,0,0,330.0184,1.5,0,2.6
2,48.09777,0,0,0,330.0184,1.5,0,2.6
2,48.10491,0,0,0,330.0184,1.5,0,2.6
2,48.11158,0,0,0,330.0184,1.5,0,2.6
2,48.11799,0,0,0,330.0184,1.5,0,2.6
2,48.12484,0,0,0,330.0184,1.5,0,2.6
2,48.13144,0,0,0,330.0184,1.5,0,2.6
2,48.13945,0,0,0,330.0184,1.5,0,2.6
2,48.14779,0,0,0,330.0184,1.5,0,2.6
2,48.15672,0,0,0,330.0184,1.5,0,2.6
2,48.16469,0,0,0,330.0184,1.5,0,2.6
2,48.17289,0,0,0,330.0184,1.5,0,2.6
2,48.18015,0,0,0,330.0184,1.5,0,2.6
2,48.18764,0,0,0,330.0184,1.5,0,2.6
2,48.19709,0,0,0,330.0184,1.5,0,2.6
2,48.2062,0,0,0,330.0184,1.5,0,2.6
2,48.21553,0,0,0,330.0184,1.5,0,2.6
2,48.23142,0,0,0,330.0184,1.5,0,2.6
2,48.24163,0,0,0,330.0184,1.5,0,2.6
2,48.25153,0,0,0,330.0184,1.5,0,2.6
2,48.26068,0,0,0,330.0184,1.5,0,2.6
2,48.27306,0,0,0,330.0184,1.5,0,2.6
2,48.2905,0,0,0,330.0184,1.5,0,2.6
2,48.30056,0,0,0,330.0184,1.5,0,2.6
2,48.30914,0,0,0,330.0184,1.5,0,2.6
2,48.31866,0,0,0,330.0184,1.5,0,2.6
2,48.3275,0,0,0,330.0184,1.5,0,2.6
2,48.33669,0,0,0,330.0184,1.5,0,2.6
2,48.34607,0,0,0,330.0184,1.5,0,2.6
2,48.35585,0,0,0,330.0184,1.5,0,2.6
2,48.36636,0,0,0,330.0184,1.5,0,2.6
2,48.37844,0,0,0,330.0184,1.5,0,2.6
2,48.38769,0,0,0,330.0184,1.5,0,2.6
2,48.39711,0,0,0,330.0184,1.5,0,2.6
2,48.40733,0,0,0,330.0184,1.5,0,2.6
2,48.41816,0,0,0,330.0184,1.5,0,2.6
2,48.42807,0,0,0,330.0184,1.5,0,2.6
2,48.43734,0,0,0,330.0184,1.5,0,2.6
2,48.44653,0,0,0,330.0184,1.5,0,2.6
2,48.45423,0,0,0,330.0184,1.5,0,2.6
2,48.4633,0,0,0,330.0184,1.5,0,2.6
2,48.47255,0,0,0,330.0184,1.5,0,2.6
2,48.48163,0,0,0,330.0184,1.5,0,2.6
2,48.49105,0,0,0,330.0184,1.5,0,2.6
2,48.50071,0,0,0,330.0184,1.5,0,2.6
2,48.50816,0,0,0,330.0184,1.5,0,2.6
2,48.51667,0,0,0,330.0184,1.5,0,2.6
2,48.52527,0,0,0,330.0184,1.5,0,2.6
2,48.53249,0,0,0,330.0184,1.5,0,2.6
2,48.53991,0,0,0,330.0184,1.5,0,2.6
2,48.54803,0,0,0,330.0184,1.5,0,2.6
2,48.55656,0,0,0,330.0184,1.5,0,2.6
2,48.5644,0,0,0,330.0184,1.5,0,2.6
2,48.57214,0,0,0,330.0184,1.5,0,2.6
2,48.57983,0,0,0,330.0184,1.5,0,2.6
2,48.58698,0,0,0,330.0184,1.5,0,2.6
2,48.59536,0,0,0,330.0184,1.5,0,2.6
2,48.60542,0,0,0,330.0184,1.5,0,2.6
2,48.61407,0,0,0,330.0184,1.5,0,2.6
2,48.62242,0,0,0,330.0184,1.5,0,2.6
2,48.62976,0,0,0,330.0184,1.5,0,2.6
2,48.6379,0,0,0,330.0184,1.5,0,2.6
2,48.6461,0,0,0,330.0184,1.5,0,2.6
2,48.65317,0,0,0,330.0184,1.5,0,2.6
2,48.66087,0,0,0,330.0184,1.5,0,2.6
2,48.66792,0,0,0,330.0184,1.5,0,2.6
2,48.67538,0,0,0,330.0184,1.5,0,2.6
2,48.68354,0,0,0,330.0184,1.5,0,2.6
2,48.69161,0,0,0,330.0184,1.5,0,2.6
2,48.69879,0,0,0,330.0184,1.5,0,2.6
2,48.7067,0,0,0,330.0184,1.5,0,2.6
2,48.71473,0,0,0,330.0184,1.5,0,2.6
2,48.72273,0,0,0,330.0184,1.5,0,2.6
2,48.72964,0,0,0,330.0184,1.5,0,2.6
2,48.73774,0,0,0,330.0184,1.5,0,2.6
2,48.74498,0,0,0,330.0184,1.5,0,2.6
2,48.75189,0,0,0,330.0184,1.5,0,2.6
2,48.75945,0,0,0,330.0184,1.5,0,2.6
2,48.7678,0,0,0,330.0184,1.5,0,2.6
2,48.77512,0,0,0,330.0184,1.5,0,2.6
2,48.78296,0,0,0,330.0184,1.5,0,2.6
2,48.79198,0,0,0,330.0184,1.5,0,2.6
2,48.8004,0,0,0,330.0184,1.5,0,2.6
2,48.81108,0,0,0,330.0184,1.5,0,2.6
2,48.8182,0,0,0,330.0184,1.5,0,2.6
2,48.82551,0,0,0,330.0184,1.5,0,2.6
2,48.83245,0,0,0,330.0184,1.5,0,2.6
2,48.83995,0,0,0,330.0184,1.5,0,2.6
2,48.84777,0,0,0,330.0184,1.5,0,2.6
2,48.85652,0,0,0,330.0184,1.5,0,2.6
2,48.86423,0,0,0,330.0184,1.5,0,2.6
2,48.87522,0,0,0,330.0184,1.5,0,2.6
2,48.8836,0,0,0,330.0184,1.5,0,2.6
2,48.89032,0,0,0,330.0184,1.5,0,2.6
2,48.89751,0,0,0,330.0184,1.5,0,2.6
2,48.90472,0,0,0,330.0184,1.5,0,2.6
2,48.91279,0,0,0,330.0184,1.5,0,2.6
2,48.91979,0,0,0,330.0184,1.5,0,2.6
2,48.92735,0,0,0,330.0184,1.5,0,2.6
2,48.9348,0,0,0,330.0184,1.5,0,2.6
2,48.94192,0,0,0,330.0184,1.5,0,2.6
2,48.94901,0,0,0,330.0184,1.5,0,2.6
2,48.95575,0,0,0,330.0184,1.5,0,2.6
2,48.96266,0,0,0,330.0184,1.5,0,2.6
2,48.96952,0,0,0,330.0184,1.5,0,2.6
2,48.97556,0,0,0,330.0184,1.5,0,2.6
2,48.98202,0,0,0,330.0184,1.5,0,2.6
2,48.98806,0,0,0,330.0184,1.5,0,2.6
2,48.99592,0,0,0,330.0184,1.5,0,2.6
2,49.0042,0,0,0,330.0184,1.5,0,2.6
2,49.01279,0,0,0,330.0184,1.5,0,2.6
2,49.02045,0,0,0,330.0184,1.5,0,2.6
2,49.02808,0,0,0,330.0184,1.5,0,2.6
2,49.03538,0,0,0,330.0184,1.5,0,2.6
2,49.04231,0,0,0,330.0184,1.5,0,2.6
2,49.04921,0,0,0,330.0184,1.5,0,2.6
2,49.05618,0,0,0,330.0184,1.5,0,2.6
2,49.06233,0,0,0,330.0184,1.5,0,2.6
2,49.06909,0,0,0,330.0184,1.5,0,2.6
2,49.07507,0,0,0,330.0184,1.5,0,2.6
2,49.08267,0,0,0,330.0184,1.5,0,2.6
2,49.08941,0,0,0,330.0184,1.5,0,2.6
2,49.09574,0,0,0,330.0184,1.5,0,2.6
2,49.10213,0,0,0,330.0184,1.5,0,2.6
2,49.10875,0,0,0,330.0184,1.5,0,2.6
2,49.11568,0,0,0,330.0184,1.5,0,2.6
2,49.1227,0,0,0,330.0184,1.5,0,2.6
2,49.12935,0,0,0,330.0184,1.5,0,2.6
2,49.13659,0,0,0,330.0184,1.5,0,2.6
2,49.14351,0,0,0,330.0184,1.5,0,2.6
2,49.15037,0,0,0,330.0184,1.5,0,2.6
2,49.15763,0,0,0,330.0184,1.5,0,2.6
2,49.16479,0,0,0,330.0184,1.5,0,2.6
2,49.17268,0,0,0,330.0184,1.5,0,2.6
2,49.18002,0,0,0,330.0184,1.5,0,2.6
2,49.18711,0,0,0,330.0184,1.5,0,2.6
2,49.19426,0,0,0,330.0184,1.5,0,2.6
2,49.20139,0,0,0,330.0184,1.5,0,2.6
2,49.20807,0,0,0,330.0184,1.5,0,2.6
2,49.21529,0,0,0,330.0184,1.5,0,2.6
2,49.22246,0,0,0,330.0184,1.5,0,2.6
2,49.2297,0,0,0,330.0184,1.5,0,2.6
2,49.2367,0,0,0,330.0184,1.5,0,2.6
2,49.24339,0,0,0,330.0184,1.5,0,2.6
2,49.25064,0,0,0,330.0184,1.5,0,2.6
2,49.25879,0,0,0,330.0184,1.5,0,2.6
2,49.26874,0,0,0,330.0184,1.5,0,2.6
2,49.27718,0,0,0,330.0184,1.5,0,2.6
2,49.28563,0,0,0,330.0184,1.5,0,2.6
2,49.29577,0,0,0,330.0184,1.5,0,2.6
2,49.30663,0,0,0,330.0184,1.5,0,2.6
2,49.31675,0,0,0,330.0184,1.5,0,2.6
2,49.32573,0,0,0,330.0184,1.5,0,2.6
2,49.33536,0,0,0,330.0184,1.5,0,2.6
2,49.34451,0,0,0,330.0184,1.5,0,2.6
2,49.35382,0,0,0,330.0184,1.5,0,2.6
2,49.36268,0,0,0,330.0184,1.5,0,2.6
2,49.37238,0,0,0,330.0184,1.5,0,2.6
2,49.38263,0,0,0,330.0184,1.5,0,2.6
2,49.39493,0,0,0,330.0184,1.5,0,2.6
2,49.40601,0,0,0,330.0184,1.5,0,2.6
2,49.41704,0,0,0,330.0184,1.5,0,2.6
2,49.42616,0,0,0,330.0184,1.5,0,2.6
2,49.4367,0,0,0,330.0184,1.5,0,2.6
2,49.45295,0,0,0,330.0184,1.5,0,2.6
2,49.46304,0,0,0,330.0184,1.5,0,2.6
2,49.47161,0,0,0,330.0184,1.5,0,2.6
2,49.48153,0,0,0,330.0184,1.5,0,2.6
2,49.4919,0,0,0,330.0184,1.5,0,2.6
2,49.50248,0,0,0,330.0184,1.5,0,2.6
2,49.51382,0,0,0,330.0184,1.5,0,2.6
2,49.5238,0,0,0,330.0184,1.5,0,2.6
2,49.5335,0,0,0,330.0184,1.5,0,2.6
2,49.5426,0,0,0,330.0184,1.5,0,2.6
2,49.55368,0,0,0,330.0184,1.5,0,2.6
2,49.5656,0,0,0,330.0184,1.5,0,2.6
2,49.57551,0,0,0,330.0184,1.5,0,2.6
2,49.58581,0,0,0,330.0184,1.5,0,2.6
2,49.59555,0,0,0,330.0184,1.5,0,2.6
2,49.6049,0,0,0,330.0184,1.5,0,2.6
2,49.61331,0,0,0,330.0184,1.5,0,2.6
2,49.62259,0,0,0,330.0184,1.5,0,2.6
2,49.63047,0,0,0,330.0184,1.5,0,2.6
2,49.63948,0,0,0,330.0184,1.5,0,2.6
2,49.64812,0,0,0,330.0184,1.5,0,2.6
2,49.65676,0,0,0,330.0184,1.5,0,2.6
2,49.66531,0,0,0,330.0184,1.5,0,2.6
2,49.67393,0,0,0,330.0184,1.5,0,2.6
2,49.68248,0,0,0,330.0184,1.5,0,2.6
2,49.69091,0,0,0,330.0184,1.5,0,2.6
2,49.69878,0,0,0,330.0184,1.5,0,2.6
2,49.70777,0,0,0,330.0184,1.5,0,2.6
2,49.71642,0,0,0,330.0184,1.5,0,2.6
2,49.72544,0,0,0,330.0184,1.5,0,2.6
2,49.73488,0,0,0,330.0184,1.5,0,2.6
2,49.74443,0,0,0,330.0184,1.5,0,2.6
2,49.75306,0,0,0,330.0184,1.5,0,2.6
2,49.76226,0,0,0,330.0184,1.5,0,2.6
2,49.77178,0,0,0,330.0184,1.5,0,2.6
2,49.78224,0,0,0,330.0184,1.5,0,2.6
2,49.79138,0,0,0,330.0184,1.5,0,2.6
2,49.80019,0,0,0,330.0184,1.5,0,2.6
2,49.80802,0,0,0,330.0184,1.5,0,2.6
2,49.81671,0,0,0,330.0184,1.5,0,2.6
2,49.82521,0,0,0,330.0184,1.5,0,2.6
2,49.83357,0,0,0,330.0184,1.5,0,2.6
2,49.84082,0,0,0,330.0184,1.5,0,2.6
2,49.84885,0,0,0,330.0184,1.5,0,2.6
2,49.85665,0,0,0,330.0184,1.5,0,2.6
2,49.86366,0,0,0,330.0184,1.5,0,2.6
2,49.87076,0,0,0,330.0184,1.5,0,2.6
2,49.88052,0,0,0,330.0184,1.5,0,2.6
2,49.88738,0,0,0,330.0184,1.5,0,2.6
2,49.89481,0,0,0,330.0184,1.5,0,2.6
2,49.90165,0,0,0,330.0184,1.5,0,2.6
2,49.909,0,0,0,330.0184,1.5,0,2.6
2,49.9158,0,0,0,330.0184,1.5,0,2.6
2,49.92305,0,0,0,330.0184,1.5,0,2.6
2,49.92907,0,0,0,330.0184,1.5,0,2.6
2,49.93611,0,0,0,330.0184,1.5,0,2.6
2,49.94271,0,0,0,330.0184,1.5,0,2.6
2,49.9495,0,0,0,330.0184,1.5,0,2.6
2,49.95624,0,0,0,330.0184,1.5,0,2.6
2,49.96275,0,0,0,330.0184,1.5,0,2.6
2,49.96966,0,0,0,330.0184,1.5,0,2.6
2,49.97602,0,0,0,330.0184,1.5,0,2.6
2,49.98301,0,0,0,330.0184,1.5,0,2.6
2,49.99053,0,0,0,330.0184,1.5,0,2.6
2,49.9976,0,0,0,330.0184,1.5,0,2.6
2,50.00518,0,0,0,330.0184,1.5,0,2.6
2,50.0122,0,0,0,330.0184,1.5,0,2.6
2,50.01861,0,0,0,330.0184,1.5,0,2.6
2,50.02519,0,0,0,330.0184,1.5,0,2.6
2,50.03223,0,0,0,330.0184,1.5,0,2.6
2,50.03914,0,0,0,330.0184,1.5,0,2.6
2,50.04633,0,0,0,330.0184,1.5,0,2.6
2,50.0537,0,0,0,330.0184,1.5,0,2.6
2,50.061,0,0,0,330.0184,1.5,0,2.6
2,50.07235,0,0,0,330.0184,1.5,0,2.6
2,50.08058,0,0,0,330.0184,1.5,0,2.6
2,50.08773,0,0,0,330.0184,1.5,0,2.6
2,50.09507,0,0,0,330.0184,1.5,0,2.6
2,50.10298,0,0,0,330.0184,1.5,0,2.6
2,50.11016,0,0,0,330.0184,1.5,0,2.6
2,50.11744,0,0,0,330.0184,1.5,0,2.6
2,50.12542,0,0,0,330.0184,1.5,0,2.6
2,50.13219,0,0,0,330.0184,1.5,0,2.6
2,50.13952,0,0,0,330.0184,1.5,0,2.6
2,50.14702,0,0,0,330.0184,1.5,0,2.6
2,50.15398,0,0,0,330.0184,1.5,0,2.6
2,50.16234,0,0,0,330.0184,1.5,0,2.6
2,50.1701,0,0,0,330.0184,1.5,0,2.6
2,50.17691,0,0,0,330.0184,1.5,0,2.6
2,50.18397,0,0,0,330.0184,1.5,0,2.6
2,50.19144,0,0,0,330.0184,1.5,0,2.6
2,50.19844,0,0,0,330.0184,1.5,0,2.6
2,50.20652,0,0,0,330.0184,1.5,0,2.6
2,50.21378,0,0,0,330.0184,1.5,0,2.6
2,50.22232,0,0,0,330.0184,1.5,0,2.6
2,50.23045,0,0,0,330.0184,1.5,0,2.6
2,50.23846,0,0,0,330.0184,1.5,0,2.6
2,50.24685,0,0,0,330.0184,1.5,0,2.6
2,50.25459,0,0,0,330.0184,1.5,0,2.6
2,50.26168,0,0,0,330.0184,1.5,0,2.6
2,50.26871,0,0,0,330.0184,1.5,0,2.6
2,50.27505,0,0,0,330.0184,1.5,0,2.6
2,50.28174,0,0,0,330.0184,1.5,0,2.6
2,50.28874,0,0,0,330.0184,1.5,0,2.6
2,50.2953,0,0,0,330.0184,1.5,0,2.6
2,50.30237,0,0,0,330.0184,1.5,0,2.6
2,50.30891,0,0,0,330.0184,1.5,0,2.6
2,50.31656,0,0,0,330.0184,1.5,0,2.6
2,50.3256,0,0,0,330.0184,1.5,0,2.6
2,50.33495,0,0,0,330.0184,1.5,0,2.6
2,50.34339,0,0,0,330.0184,1.5,0,2.6
2,50.35051,0,0,0,330.0184,1.5,0,2.6
2,50.35738,0,0,0,330.0184,1.5,0,2.6
2,50.36393,0,0,0,330.0184,1.5,0,2.6
2,50.37129,0,0,0,330.0184,1.5,0,2.6
2,50.37926,0,0,0,330.0184,1.5,0,2.6
2,50.38697,0,0,0,330.0184,1.5,0,2.6
2,50.39509,0,0,0,330.0184,1.5,0,2.6
2,50.40308,0,0,0,330.0184,1.5,0,2.6
2,50.41153,0,0,0,330.0184,1.5,0,2.6
2,50.42136,0,0,0,330.0184,1.5,0,2.6
2,50.42987,0,0,0,330.0184,1.5,0,2.6
2,50.43695,0,0,0,330.0184,1.5,0,2.6
2,50.44441,0,0,0,330.0184,1.5,0,2.6
2,50.45219,0,0,0,330.0184,1.5,0,2.6
2,50.46132,0,0,0,330.0184,1.5,0,2.6
2,50.47158,0,0,0,330.0184,1.5,0,2.6
2,50.4817,0,0,0,330.0184,1.5,0,2.6
2,50.49154,0,0,0,330.0184,1.5,0,2.6
2,50.50036,0,0,0,330.0184,1.5,0,2.6
2,50.50871,0,0,0,330.0184,1.5,0,2.6
2,50.51774,0,0,0,330.0184,1.5,0,2.6
2,50.52803,0,0,0,330.0184,1.5,0,2.6
2,50.53848,0,0,0,330.0184,1.5,0,2.6
2,50.54914,0,0,0,330.0184,1.5,0,2.6
2,50.55853,0,0,0,330.0184,1.5,0,2.6
2,50.56783,0,0,0,330.0184,1.5,0,2.6
2,50.57644,0,0,0,330.0184,1.5,0,2.6
2,50.58521,0,0,0,330.0184,1.5,0,2.6
2,50.59419,0,0,0,330.0184,1.5,0,2.6
2,50.60323,0,0,0,330.0184,1.5,0,2.6
2,50.61168,0,0,0,330.0184,1.5,0,2.6
2,50.62243,0,0,0,330.0184,1.5,0,2.6
2,50.63091,0,0,0,330.0184,1.5,0,2.6
2,50.63953,0,0,0,330.0184,1.5,0,2.6
2,50.64848,0,0,0,330.0184,1.5,0,2.6
2,50.65879,0,0,0,330.0184,1.5,0,2.6
2,50.66997,0,0,0,330.0184,1.5,0,2.6
2,50.68084,0,0,0,330.0184,1.5,0,2.6
2,50.69821,0,0,0,330.0184,1.5,0,2.6
2,50.71262,0,0,0,330.0184,1.5,0,2.6
2,50.72528,0,0,0,330.0184,1.5,0,2.6
2,50.73857,0,0,0,330.0184,1.5,0,2.6
2,50.74706,0,0,0,330.0184,1.5,0,2.6
2,50.75486,0,0,0,330.0184,1.5,0,2.6
2,50.76498,0,0,0,330.0184,1.5,0,2.6
2,50.77415,0,0,0,330.0184,1.5,0,2.6
2,50.78405,0,0,0,330.0184,1.5,0,2.6
2,50.79311,0,0,0,330.0184,1.5,0,2.6
2,50.80185,0,0,0,330.0184,1.5,0,2.6
2,50.81184,0,0,0,330.0184,1.5,0,2.6
2,50.82089,0,0,0,330.0184,1.5,0,2.6
2,50.82959,0,0,0,330.0184,1.5,0,2.6
2,50.83773,0,0,0,330.0184,1.5,0,2.6
2,50.84528,0,0,0,330.0184,1.5,0,2.6
2,50.85358,0,0,0,330.0184,1.5,0,2.6
2,50.86189,0,0,0,330.0184,1.5,0,2.6
2,50.86954,0,0,0,330.0184,1.5,0,2.6
2,50.87627,0,0,0,330.0184,1.5,0,2.6
2,50.88482,0,0,0,330.0184,1.5,0,2.6
2,50.89261,0,0,0,330.0184,1.5,0,2.6
2,50.90175,0,0,0,330.0184,1.5,0,2.6
2,50.91011,0,0,0,330.0184,1.5,0,2.6
2,50.91798,0,0,0,330.0184,1.5,0,2.6
2,50.92545,0,0,0,330.0184,1.5,0,2.6
2,50.93407,0,0,0,330.0184,1.5,0,2.6
2,50.94102,0,0,0,330.0184,1.5,0,2.6
2,50.94879,0,0,0,330.0184,1.5,0,2.6
2,50.9561,0,0,0,330.0184,1.5,0,2.6
2,50.96362,0,0,0,330.0184,1.5,0,2.6
2,50.97166,0,0,0,330.0184,1.5,0,2.6
2,50.97903,0,0,0,330.0184,1.5,0,2.6
2,50.98666,0,0,0,330.0184,1.5,0,2.6
2,50.99419,0,0,0,330.0184,1.5,0,2.6
2,51.00378,0,0,0,330.0184,1.5,0,2.6
2,51.00977,0,0,0,330.0184,1.5,0,2.6
2,51.01706,0,0,0,330.0184,1.5,0,2.6
2,51.02418,0,0,0,330.0184,1.5,0,2.6
2,51.03059,0,0,0,330.0184,1.5,0,2.6
2,51.03753,0,0,0,330.0184,1.5,0,2.6
2,51.04483,0,0,0,330.0184,1.5,0,2.6
2,51.0516,0,0,0,330.0184,1.5,0,2.6
2,51.05823,0,0,0,330.0184,1.5,0,2.6
2,51.06454,0,0,0,330.0184,1.5,0,2.6
2,51.07173,0,0,0,330.0184,1.5,0,2.6
2,51.07977,0,0,0,330.0184,1.5,0,2.6
2,51.08659,0,0,0,330.0184,1.5,0,2.6
2,51.09335,0,0,0,330.0184,1.5,0,2.6
2,51.10059,0,0,0,330.0184,1.5,0,2.6
2,51.10676,0,0,0,330.0184,1.5,0,2.6
2,51.11399,0,0,0,330.0184,1.5,0,2.6
2,51.12018,0,0,0,330.0184,1.5,0,2.6
2,51.12695,0,0,0,330.0184,1.5,0,2.6
2,51.13437,0,0,0,330.0184,1.5,0,2.6
2,51.14119,0,0,0,330.0184,1.5,0,2.6
2,51.14857,0,0,0,330.0184,1.5,0,2.6
2,51.15618,0,0,0,330.0184,1.5,0,2.6
2,51.16312,0,0,0,330.0184,1.5,0,2.6
2,51.1698,0,0,0,330.0184,1.5,0,2.6
2,51.17637,0,0,0,330.0184,1.5,0,2.6
2,51.18325,0,0,0,330.0184,1.5,0,2.6
2,51.18977,0,0,0,330.0184,1.5,0,2.6
2,51.19695,0,0,0,330.0184,1.5,0,2.6
2,51.20428,0,0,0,330.0184,1.5,0,2.6
2,51.2103,0,0,0,330.0184,1.5,0,2.6
2,51.21778,0,0,0,330.0184,1.5,0,2.6
2,51.22442,0,0,0,330.0184,1.5,0,2.6
2,51.23086,0,0,0,330.0184,1.5,0,2.6
2,51.23786,0,0,0,330.0184,1.5,0,2.6
2,51.24487,0,0,0,330.0184,1.5,0,2.6
2,51.25218,0,0,0,330.0184,1.5,0,2.6
2,51.26382,0,0,0,330.0184,1.5,0,2.6
2,51.27192,0,0,0,330.0184,1.5,0,2.6
2,51.28067,0,0,0,330.0184,1.5,0,2.6
2,51.28717,0,0,0,330.0184,1.5,0,2.6
2,51.29424,0,0,0,330.0184,1.5,0,2.6
2,51.30241,0,0,0,330.0184,1.5,0,2.6
2,51.31011,0,0,0,330.0184,1.5,0,2.6
2,51.31776,0,0,0,330.0184,1.5,0,2.6
2,51.32628,0,0,0,330.0184,1.5,0,2.6
2,51.33404,0,0,0,330.0184,1.5,0,2.6
2,51.34252,0,0,0,330.0184,1.5,0,2.6
2,51.35231,0,0,0,330.0184,1.5,0,2.6
2,51.36265,0,0,0,330.0184,1.5,0,2.6
2,51.37156,0,0,0,330.0184,1.5,0,2.6
2,51.38031,0,0,0,330.0184,1.5,0,2.6
2,51.38758,0,0,0,330.0184,1.5,0,2.6
2,51.39474,0,0,0,330.0184,1.5,0,2.6
2,51.40191,0,0,0,330.0184,1.5,0,2.6
2,51.40936,0,0,0,330.0184,1.5,0,2.6
2,51.41722,0,0,0,330.0184,1.5,0,2.6
2,51.42536,0,0,0,330.0184,1.5,0,2.6
2,51.43343,0,0,0,330.0184,1.5,0,2.6
2,51.44327,0,0,0,330.0184,1.5,0,2.6
2,51.45216,0,0,0,330.0184,1.5,0,2.6
2,51.4598,0,0,0,330.0184,1.5,0,2.6
2,51.46705,0,0,0,330.0184,1.5,0,2.6
2,51.47475,0,0,0,330.0184,1.5,0,2.6
2,51.48245,0,0,0,330.0184,1.5,0,2.6
2,51.48996,0,0,0,330.0184,1.5,0,2.6
2,51.50017,0,0,0,330.0184,1.5,0,2.6
2,51.50917,0,0,0,330.0184,1.5,0,2.6
2,51.51761,0,0,0,330.0184,1.5,0,2.6
2,51.5266,0,0,0,330.0184,1.5,0,2.6
2,51.53475,0,0,0,330.0184,1.5,0,2.6
2,51.5434,0,0,0,330.0184,1.5,0,2.6
2,51.55288,0,0,0,330.0184,1.5,0,2.6
2,51.56314,0,0,0,330.0184,1.5,0,2.6
2,51.57511,0,0,0,330.0184,1.5,0,2.6
2,51.58702,0,0,0,330.0184,1.5,0,2.6
2,51.59776,0,0,0,330.0184,1.5,0,2.6
2,51.60845,0,0,0,330.0184,1.5,0,2.6
2,51.61845,0,0,0,330.0184,1.5,0,2.6
2,51.62899,0,0,0,330.0184,1.5,0,2.6
2,51.63876,0,0,0,330.0184,1.5,0,2.6
2,51.64769,0,0,0,330.0184,1.5,0,2.6
2,51.65722,0,0,0,330.0184,1.5,0,2.6
2,51.6661,0,0,0,330.0184,1.5,0,2.6
2,51.67601,0,0,0,330.0184,1.5,0,2.6
2,51.68496,0,0,0,330.0184,1.5,0,2.6
2,51.69426,0,0,0,330.0184,1.5,0,2.6
2,51.70289,0,0,0,330.0184,1.5,0,2.6
2,51.71186,0,0,0,330.0184,1.5,0,2.6
2,51.7204,0,0,0,330.0184,1.5,0,2.6
2,51.72929,0,0,0,330.0184,1.5,0,2.6
2,51.7381,0,0,0,330.0184,1.5,0,2.6
2,51.74862,0,0,0,330.0184,1.5,0,2.6
2,51.76049,0,0,0,330.0184,1.5,0,2.6
2,51.77288,0,0,0,330.0184,1.5,0,2.6
2,51.7854,0,0,0,330.0184,1.5,0,2.6
2,51.79668,0,0,0,330.0184,1.5,0,2.6
2,51.80613,0,0,0,330.0184,1.5,0,2.6
2,51.81558,0,0,0,330.0184,1.5,0,2.6
2,51.82539,0,0,0,330.0184,1.5,0,2.6
2,51.83519,0,0,0,330.0184,1.5,0,2.6
2,51.84583,0,0,0,330.0184,1.5,0,2.6
2,51.85645,0,0,0,330.0184,1.5,0,2.6
2,51.86576,0,0,0,330.0184,1.5,0,2.6
2,51.87473,0,0,0,330.0184,1.5,0,2.6
2,51.8846,0,0,0,330.0184,1.5,0,2.6
2,51.90121,0,0,0,330.0184,1.5,0,2.6
2,51.90965,0,0,0,330.0184,1.5,0,2.6
2,51.91945,0,0,0,330.0184,1.5,0,2.6
2,51.93206,0,0,0,330.0184,1.5,0,2.6
2,51.94344,0,0,0,330.0184,1.5,0,2.6
2,51.95322,0,0,0,330.0184,1.5,0,2.6
2,51.96457,0,0,0,330.0184,1.5,0,2.6
2,51.97501,0,0,0,330.0184,1.5,0,2.6
2,51.9855,0,0,0,330.0184,1.5,0,2.6
2,51.99619,0,0,0,330.0184,1.5,0,2.6
2,52.00579,0,0,0,330.0184,1.5,0,2.6
2,52.01581,0,0,0,330.0184,1.5,0,2.6
2,52.02502,0,0,0,330.0184,1.5,0,2.6
2,52.03443,0,0,0,330.0184,1.5,0,2.6
2,52.04388,0,0,0,330.0184,1.5,0,2.6
2,52.05467,0,0,0,330.0184,1.5,0,2.6
2,52.0635,0,0,0,330.0184,1.5,0,2.6
2,52.07292,0,0,0,330.0184,1.5,0,2.6
2,52.08234,0,0,0,330.0184,1.5,0,2.6
2,52.092,0,0,0,330.0184,1.5,0,2.6
2,52.10173,0,0,0,330.0184,1.5,0,2.6
2,52.1118,0,0,0,330.0184,1.5,0,2.6
2,52.11943,0,0,0,330.0184,1.5,0,2.6
2,52.12897,0,0,0,330.0184,1.5,0,2.6
2,52.13734,0,0,0,330.0184,1.5,0,2.6
2,52.14566,0,0,0,330.0184,1.5,0,2.6
2,52.15354,0,0,0,330.0184,1.5,0,2.6
2,52.16255,0,0,0,330.0184,1.5,0,2.6
2,52.17196,0,0,0,330.0184,1.5,0,2.6
2,52.18093,0,0,0,330.0184,1.5,0,2.6
2,52.18936,0,0,0,330.0184,1.5,0,2.6
2,52.19789,0,0,0,330.0184,1.5,0,2.6
2,52.20614,0,0,0,330.0184,1.5,0,2.6
2,52.21399,0,0,0,330.0184,1.5,0,2.6
2,52.22203,0,0,0,330.0184,1.5,0,2.6
2,52.22896,0,0,0,330.0184,1.5,0,2.6
2,52.23643,0,0,0,330.0184,1.5,0,2.6
2,52.24441,0,0,0,330.0184,1.5,0,2.6
2,52.25189,0,0,0,330.0184,1.5,0,2.6
2,52.25925,0,0,0,330.0184,1.5,0,2.6
2,52.26694,0,0,0,330.0184,1.5,0,2.6
2,52.27448,0,0,0,330.0184,1.5,0,2.6
2,52.28128,0,0,0,330.0184,1.5,0,2.6
2,52.28879,0,0,0,330.0184,1.5,0,2.6
2,52.29596,0,0,0,330.0184,1.5,0,2.6
2,52.30307,0,0,0,330.0184,1.5,0,2.6
2,52.31021,0,0,0,330.0184,1.5,0,2.6
2,52.31768,0,0,0,330.0184,1.5,0,2.6
2,52.32547,0,0,0,330.0184,1.5,0,2.6
2,52.3327,0,0,0,330.0184,1.5,0,2.6
2,52.33942,0,0,0,330.0184,1.5,0,2.6
2,52.34705,0,0,0,330.0184,1.5,0,2.6
2,52.35289,0,0,0,330.0184,1.5,0,2.6
2,52.35933,0,0,0,330.0184,1.5,0,2.6
2,52.36701,0,0,0,330.0184,1.5,0,2.6
2,52.37529,0,0,0,330.0184,1.5,0,2.6
2,52.38483,0,0,0,330.0184,1.5,0,2.6
2,52.39282,0,0,0,330.0184,1.5,0,2.6
2,52.39989,0,0,0,330.0184,1.5,0,2.6
2,52.40641,0,0,0,330.0184,1.5,0,2.6
2,52.41367,0,0,0,330.0184,1.5,0,2.6
2,52.42044,0,0,0,330.0184,1.5,0,2.6
2,52.42845,0,0,0,330.0184,1.5,0,2.6
2,52.43532,0,0,0,330.0184,1.5,0,2.6
2,52.44204,0,0,0,330.0184,1.5,0,2.6
2,52.44899,0,0,0,330.0184,1.5,0,2.6
2,52.45628,0,0,0,330.0184,1.5,0,2.6
2,52.46503,0,0,0,330.0184,1.5,0,2.6
2,52.47348,0,0,0,330.0184,1.5,0,2.6
2,52.48027,0,0,0,330.0184,1.5,0,2.6
2,52.49065,0,0,0,330.0184,1.5,0,2.6
2,52.49672,0,0,0,330.0184,1.5,0,2.6
2,52.50343,0,0,0,330.0184,1.5,0,2.6
2,52.50964,0,0,0,330.0184,1.5,0,2.6
2,52.51611,0,0,0,330.0184,1.5,0,2.6
2,52.52413,0,0,0,330.0184,1.5,0,2.6
2,52.53098,0,0,0,330.0184,1.5,0,2.6
2,52.53792,0,0,0,330.0184,1.5,0,2.6
2,52.54453,0,0,0,330.0184,1.5,0,2.6
2,52.55075,0,0,0,330.0184,1.5,0,2.6
2,52.55744,0,0,0,330.0184,1.5,0,2.6
2,52.5636,0,0,0,330.0184,1.5,0,2.6
2,52.57089,0,0,0,330.0184,1.5,0,2.6
2,52.57784,0,0,0,330.0184,1.5,0,2.6
2,52.5848,0,0,0,330.0184,1.5,0,2.6
2,52.59254,0,0,0,330.0184,1.5,0,2.6
2,52.59887,0,0,0,330.0184,1.5,0,2.6
2,52.60579,0,0,0,330.0184,1.5,0,2.6
2,52.61281,0,0,0,330.0184,1.5,0,2.6
2,52.62049,0,0,0,330.0184,1.5,0,2.6
2,52.62925,0,0,0,330.0184,1.5,0,2.6
2,52.63853,0,0,0,330.0184,1.5,0,2.6
2,52.64673,0,0,0,330.0184,1.5,0,2.6
2,52.65494,0,0,0,330.0184,1.5,0,2.6
2,52.66309,0,0,0,330.0184,1.5,0,2.6
2,52.67051,0,0,0,330.0184,1.5,0,2.6
2,52.67927,0,0,0,330.0184,1.5,0,2.6
2,52.68789,0,0,0,330.0184,1.5,0,2.6
2,52.6971,0,0,0,330.0184,1.5,0,2.6
2,52.70594,0,0,0,330.0184,1.5,0,2.6
2,52.71626,0,0,0,330.0184,1.5,0,2.6
2,52.72637,0,0,0,330.0184,1.5,0,2.6
2,52.73692,0,0,0,330.0184,1.5,0,2.6
2,52.74708,0,0,0,330.0184,1.5,0,2.6
2,52.75725,0,0,0,330.0184,1.5,0,2.6
2,52.76588,0,0,0,330.0184,1.5,0,2.6
2,52.77599,0,0,0,330.0184,1.5,0,2.6
2,52.78561,0,0,0,330.0184,1.5,0,2.6
2,52.79439,0,0,0,330.0184,1.5,0,2.6
2,52.80544,0,0,0,330.0184,1.5,0,2.6
2,52.81595,0,0,0,330.0184,1.5,0,2.6
2,52.82475,0,0,0,330.0184,1.5,0,2.6
2,52.83423,0,0,0,330.0184,1.5,0,2.6
2,52.84252,0,0,0,330.0184,1.5,0,2.6
2,52.8519,0,0,0,330.0184,1.5,0,2.6
2,52.86073,0,0,0,330.0184,1.5,0,2.6
2,52.86977,0,0,0,330.0184,1.5,0,2.6
2,52.87871,0,0,0,330.0184,1.5,0,2.6
2,52.88717,0,0,0,330.0184,1.5,0,2.6
2,52.89717,0,0,0,330.0184,1.5,0,2.6
2,52.90656,0,0,0,330.0184,1.5,0,2.6
2,52.91456,0,0,0,330.0184,1.5,0,2.6
2,52.92229,0,0,0,330.0184,1.5,0,2.6
2,52.92981,0,0,0,330.0184,1.5,0,2.6
2,52.93798,0,0,0,330.0184,1.5,0,2.6
2,52.94757,0,0,0,330.0184,1.5,0,2.6
2,52.95692,0,0,0,330.0184,1.5,0,2.6
2,52.96527,0,0,0,330.0184,1.5,0,2.6
2,52.97403,0,0,0,330.0184,1.5,0,2.6
2,52.9827,0,0,0,330.0184,1.5,0,2.6
2,52.99121,0,0,0,330.0184,1.5,0,2.6
2,52.99903,0,0,0,330.0184,1.5,0,2.6
2,53.00718,0,0,0,330.0184,1.5,0,2.6
2,53.01673,0,0,0,330.0184,1.5,0,2.6
2,53.02565,0,0,0,330.0184,1.5,0,2.6
2,53.03424,0,0,0,330.0184,1.5,0,2.6
2,53.04191,0,0,0,330.0184,1.5,0,2.6
2,53.04955,0,0,0,330.0184,1.5,0,2.6
2,53.0575,0,0,0,330.0184,1.5,0,2.6
2,53.0691,0,0,0,330.0184,1.5,0,2.6
2,53.07757,0,0,0,330.0184,1.5,0,2.6
2,53.08639,0,0,0,330.0184,1.5,0,2.6
2,53.09472,0,0,0,330.0184,1.5,0,2.6
2,53.10299,0,0,0,330.0184,1.5,0,2.6
2,53.11181,0,0,0,330.0184,1.5,0,2.6
2,53.12005,0,0,0,330.0184,1.5,0,2.6
2,53.1289,0,0,0,330.0184,1.5,0,2.6
2,53.13791,0,0,0,330.0184,1.5,0,2.6
2,53.14576,0,0,0,330.0184,1.5,0,2.6
2,53.15395,0,0,0,330.0184,1.5,0,2.6
2,53.16221,0,0,0,330.0184,1.5,0,2.6
2,53.17042,0,0,0,330.0184,1.5,0,2.6
2,53.17849,0,0,0,330.0184,1.5,0,2.6
2,53.18669,0,0,0,330.0184,1.5,0,2.6
2,53.19536,0,0,0,330.0184,1.5,0,2.6
2,53.2035,0,0,0,330.0184,1.5,0,2.6
2,53.21104,0,0,0,330.0184,1.5,0,2.6
2,53.2185,0,0,0,330.0184,1.5,0,2.6
2,53.2262,0,0,0,330.0184,1.5,0,2.6
2,53.23375,0,0,0,330.0184,1.5,0,2.6
2,53.2412,0,0,0,330.0184,1.5,0,2.6
2,53.24826,0,0,0,330.0184,1.5,0,2.6
2,53.25547,0,0,0,330.0184,1.5,0,2.6
2,53.26249,0,0,0,330.0184,1.5,0,2.6
2,53.26954,0,0,0,330.0184,1.5,0,2.6
2,53.27641,0,0,0,330.0184,1.5,0,2.6
2,53.28319,0,0,0,330.0184,1.5,0,2.6
2,53.28987,0,0,0,330.0184,1.5,0,2.6
2,53.29604,0,0,0,330.0184,1.5,0,2.6
2,53.30341,0,0,0,330.0184,1.5,0,2.6
2,53.30991,0,0,0,330.0184,1.5,0,2.6
2,53.31705,0,0,0,330.0184,1.5,0,2.6
2,53.32512,0,0,0,330.0184,1.5,0,2.6
2,53.33183,0,0,0,330.0184,1.5,0,2.6
2,53.33838,0,0,0,330.0184,1.5,0,2.6
2,53.34494,0,0,0,330.0184,1.5,0,2.6
2,53.35112,0,0,0,330.0184,1.5,0,2.6
2,53.35768,0,0,0,330.0184,1.5,0,2.6
2,53.36371,0,0,0,330.0184,1.5,0,2.6
2,53.37059,0,0,0,330.0184,1.5,0,2.6
2,53.37711,0,0,0,330.0184,1.5,0,2.6
2,53.38597,0,0,0,330.0184,1.5,0,2.6
2,53.39503,0,0,0,330.0184,1.5,0,2.6
2,53.40349,0,0,0,330.0184,1.5,0,2.6
2,53.41222,0,0,0,330.0184,1.5,0,2.6
2,53.41924,0,0,0,330.0184,1.5,0,2.6
2,53.42689,0,0,0,330.0184,1.5,0,2.6
2,53.43458,0,0,0,330.0184,1.5,0,2.6
2,53.44229,0,0,0,330.0184,1.5,0,2.6
2,53.44977,0,0,0,330.0184,1.5,0,2.6
2,53.45692,0,0,0,330.0184,1.5,0,2.6
2,53.46378,0,0,0,330.0184,1.5,0,2.6
2,53.47077,0,0,0,330.0184,1.5,0,2.6
2,53.47967,0,0,0,330.0184,1.5,0,2.6
2,53.48917,0,0,0,330.0184,1.5,0,2.6
2,53.49588,0,0,0,330.0184,1.5,0,2.6
2,53.50278,0,0,0,330.0184,1.5,0,2.6
2,53.50982,0,0,0,330.0184,1.5,0,2.6
2,53.5172,0,0,0,330.0184,1.5,0,2.6
2,53.52413,0,0,0,330.0184,1.5,0,2.6
2,53.53078,0,0,0,330.0184,1.5,0,2.6
2,53.53783,0,0,0,330.0184,1.5,0,2.6
2,53.54495,0,0,0,330.0184,1.5,0,2.6
2,53.55133,0,0,0,330.0184,1.5,0,2.6
2,53.55912,0,0,0,330.0184,1.5,0,2.6
2,53.56855,0,0,0,330.0184,1.5,0,2.6
2,53.57642,0,0,0,330.0184,1.5,0,2.6
2,53.58666,0,0,0,330.0184,1.5,0,2.6
2,53.59636,0,0,0,330.0184,1.5,0,2.6
2,53.60979,0,0,0,330.0184,1.5,0,2.6
2,53.61994,0,0,0,330.0184,1.5,0,2.6
2,53.6278,0,0,0,330.0184,1.5,0,2.6
2,53.63654,0,0,0,330.0184,1.5,0,2.6
2,53.64363,0,0,0,330.0184,1.5,0,2.6
2,53.65144,0,0,0,330.0184,1.5,0,2.6
2,53.6598,0,0,0,330.0184,1.5,0,2.6
2,53.66738,0,0,0,330.0184,1.5,0,2.6
2,53.6761,0,0,0,330.0184,1.5,0,2.6
2,53.68645,0,0,0,330.0184,1.5,0,2.6
2,53.69536,0,0,0,330.0184,1.5,0,2.6
2,53.70337,0,0,0,330.0184,1.5,0,2.6
2,53.71191,0,0,0,330.0184,1.5,0,2.6
2,53.71953,0,0,0,330.0184,1.5,0,2.6
2,53.72697,0,0,0,330.0184,1.5,0,2.6
2,53.73422,0,0,0,330.0184,1.5,0,2.6
2,53.74185,0,0,0,330.0184,1.5,0,2.6
2,53.75065,0,0,0,330.0184,1.5,0,2.6
2,53.75981,0,0,0,330.0184,1.5,0,2.6
2,53.77011,0,0,0,330.0184,1.5,0,2.6
2,53.7793,0,0,0,330.0184,1.5,0,2.6
2,53.78739,0,0,0,330.0184,1.5,0,2.6
2,53.79679,0,0,0,330.0184,1.5,0,2.6
2,53.80556,0,0,0,330.0184,1.5,0,2.6
2,53.81493,0,0,0,330.0184,1.5,0,2.6
2,53.8248,0,0,0,330.0184,1.5,0,2.6
2,53.83462,0,0,0,330.0184,1.5,0,2.6
2,53.84332,0,0,0,330.0184,1.5,0,2.6
2,53.85323,0,0,0,330.0184,1.5,0,2.6
2,53.86394,0,0,0,330.0184,1.5,0,2.6
2,53.87393,0,0,0,330.0184,1.5,0,2.6
2,53.88393,0,0,0,330.0184,1.5,0,2.6
2,53.89473,0,0,0,330.0184,1.5,0,2.6
2,53.90453,0,0,0,330.0184,1.5,0,2.6
2,53.91347,0,0,0,330.0184,1.5,0,2.6
2,53.92309,0,0,0,330.0184,1.5,0,2.6
2,53.93195,0,0,0,330.0184,1.5,0,2.6
2,53.9412,0,0,0,330.0184,1.5,0,2.6
2,53.95161,0,0,0,330.0184,1.5,0,2.6
2,53.96278,0,0,0,330.0184,1.5,0,2.6
2,53.97432,0,0,0,330.0184,1.5,0,2.6
2,53.98381,0,0,0,330.0184,1.5,0,2.6
2,53.99265,0,0,0,330.0184,1.5,0,2.6
2,54.00118,0,0,0,330.0184,1.5,0,2.6
2,54.00992,0,0,0,330.0184,1.5,0,2.6
2,54.02002,0,0,0,330.0184,1.5,0,2.6
2,54.02999,0,0,0,330.0184,1.5,0,2.6
2,54.04006,0,0,0,330.0184,1.5,0,2.6
2,54.05022,0,0,0,330.0184,1.5,0,2.6
2,54.05808,0,0,0,330.0184,1.5,0,2.6
2,54.06661,0,0,0,330.0184,1.5,0,2.6
2,54.07408,0,0,0,330.0184,1.5,0,2.6
2,54.08298,0,0,0,330.0184,1.5,0,2.6
2,54.0914,0,0,0,330.0184,1.5,0,2.6
2,54.09911,0,0,0,330.0184,1.5,0,2.6
2,54.10745,0,0,0,330.0184,1.5,0,2.6
2,54.11622,0,0,0,330.0184,1.5,0,2.6
2,54.12417,0,0,0,330.0184,1.5,0,2.6
2,54.13214,0,0,0,330.0184,1.5,0,2.6
2,54.13979,0,0,0,330.0184,1.5,0,2.6
2,54.14865,0,0,0,330.0184,1.5,0,2.6
2,54.1566,0,0,0,330.0184,1.5,0,2.6
2,54.16415,0,0,0,330.0184,1.5,0,2.6
2,54.17224,0,0,0,330.0184,1.5,0,2.6
2,54.1796,0,0,0,330.0184,1.5,0,2.6
2,54.18641,0,0,0,330.0184,1.5,0,2.6
2,54.19471,0,0,0,330.0184,1.5,0,2.6
2,54.2024,0,0,0,330.0184,1.5,0,2.6
2,54.2101,0,0,0,330.0184,1.5,0,2.6
2,54.21788,0,0,0,330.0184,1.5,0,2.6
2,54.22594,0,0,0,330.0184,1.5,0,2.6
2,54.23855,0,0,0,330.0184,1.5,0,2.6
2,54.24804,0,0,0,330.0184,1.5,0,2.6
2,54.25699,0,0,0,330.0184,1.5,0,2.6
2,54.26457,0,0,0,330.0184,1.5,0,2.6
2,54.27264,0,0,0,330.0184,1.5,0,2.6
2,54.2814,0,0,0,330.0184,1.5,0,2.6
2,54.28945,0,0,0,330.0184,1.5,0,2.6
2,54.29649,0,0,0,330.0184,1.5,0,2.6
2,54.304,0,0,0,330.0184,1.5,0,2.6
2,54.31149,0,0,0,330.0184,1.5,0,2.6
2,54.31856,0,0,0,330.0184,1.5,0,2.6
2,54.32551,0,0,0,330.0184,1.5,0,2.6
2,54.33242,0,0,0,330.0184,1.5,0,2.6
2,54.33996,0,0,0,330.0184,1.5,0,2.6
2,54.34671,0,0,0,330.0184,1.5,0,2.6
2,54.35413,0,0,0,330.0184,1.5,0,2.6
2,54.36193,0,0,0,330.0184,1.5,0,2.6
2,54.36942,0,0,0,330.0184,1.5,0,2.6
2,54.37608,0,0,0,330.0184,1.5,0,2.6
2,54.38292,0,0,0,330.0184,1.5,0,2.6
2,54.38979,0,0,0,330.0184,1.5,0,2.6
2,54.39637,0,0,0,330.0184,1.5,0,2.6
2,54.40542,0,0,0,330.0184,1.5,0,2.6
2,54.41497,0,0,0,330.0184,1.5,0,2.6
2,54.42497,0,0,0,330.0184,1.5,0,2.6
2,54.43217,0,0,0,330.0184,1.5,0,2.6
2,54.43974,0,0,0,330.0184,1.5,0,2.6
2,54.44778,0,0,0,330.0184,1.5,0,2.6
2,54.45629,0,0,0,330.0184,1.5,0,2.6
2,54.46345,0,0,0,330.0184,1.5,0,2.6
2,54.47085,0,0,0,330.0184,1.5,0,2.6
2,54.47855,0,0,0,330.0184,1.5,0,2.6
2,54.48506,0,0,0,330.0184,1.5,0,2.6
2,54.49414,0,0,0,330.0184,1.5,0,2.6
2,54.50589,0,0,0,330.0184,1.5,0,2.6
2,54.51652,0,0,0,330.0184,1.5,0,2.6
2,54.52556,0,0,0,330.0184,1.5,0,2.6
2,54.53402,0,0,0,330.0184,1.5,0,2.6
2,54.54304,0,0,0,330.0184,1.5,0,2.6
2,54.55227,0,0,0,330.0184,1.5,0,2.6
2,54.56304,0,0,0,330.0184,1.5,0,2.6
2,54.57279,0,0,0,330.0184,1.5,0,2.6
2,54.58237,0,0,0,330.0184,1.5,0,2.6
2,54.59105,0,0,0,330.0184,1.5,0,2.6
2,54.59924,0,0,0,330.0184,1.5,0,2.6
2,54.60835,0,0,0,330.0184,1.5,0,2.6
2,54.61794,0,0,0,330.0184,1.5,0,2.6
2,54.62626,0,0,0,330.0184,1.5,0,2.6
2,54.6349,0,0,0,330.0184,1.5,0,2.6
2,54.64159,0,0,0,330.0184,1.5,0,2.6
2,54.65181,0,0,0,330.0184,1.5,0,2.6
2,54.66082,0,0,0,330.0184,1.5,0,2.6
2,54.66882,0,0,0,330.0184,1.5,0,2.6
2,54.68002,0,0,0,330.0184,1.5,0,2.6
2,54.68953,0,0,0,330.0184,1.5,0,2.6
2,54.69685,0,0,0,330.0184,1.5,0,2.6
2,54.7053,0,0,0,330.0184,1.5,0,2.6
2,54.71445,0,0,0,330.0184,1.5,0,2.6
2,54.72264,0,0,0,330.0184,1.5,0,2.6
2,54.73114,0,0,0,330.0184,1.5,0,2.6
2,54.73946,0,0,0,330.0184,1.5,0,2.6
2,54.74816,0,0,0,330.0184,1.5,0,2.6
2,54.75671,0,0,0,330.0184,1.5,0,2.6
2,54.7641,0,0,0,330.0184,1.5,0,2.6
2,54.77196,0,0,0,330.0184,1.5,0,2.6
2,54.78053,0,0,0,330.0184,1.5,0,2.6
2,54.78924,0,0,0,330.0184,1.5,0,2.6
2,54.79654,0,0,0,330.0184,1.5,0,2.6
2,54.80501,0,0,0,330.0184,1.5,0,2.6
2,54.8166,0,0,0,330.0184,1.5,0,2.6
2,54.82871,0,0,0,330.0184,1.5,0,2.6
2,54.83672,0,0,0,330.0184,1.5,0,2.6
2,54.84616,0,0,0,330.0184,1.5,0,2.6
2,54.85392,0,0,0,330.0184,1.5,0,2.6
2,54.86239,0,0,0,330.0184,1.5,0,2.6
2,54.87202,0,0,0,330.0184,1.5,0,2.6
2,54.88168,0,0,0,330.0184,1.5,0,2.6
2,54.89228,0,0,0,330.0184,1.5,0,2.6
2,54.90109,0,0,0,330.0184,1.5,0,2.6
2,54.90949,0,0,0,330.0184,1.5,0,2.6
2,54.9185,0,0,0,330.0184,1.5,0,2.6
2,54.92655,0,0,0,330.0184,1.5,0,2.6
2,54.9384,0,0,0,330.0184,1.5,0,2.6
2,54.94793,0,0,0,330.0184,1.5,0,2.6
2,54.95908,0,0,0,330.0184,1.5,0,2.6
2,54.97163,0,0,0,330.0184,1.5,0,2.6
2,54.98407,0,0,0,330.0184,1.5,0,2.6
2,54.99625,0,0,0,330.0184,1.5,0,2.6
2,55.00692,0,0,0,330.0184,1.5,0,2.6
2,55.02143,0,0,0,330.0184,1.5,0,2.6
2,55.03678,0,0,0,330.0184,1.5,0,2.6
2,55.05052,0,0,0,330.0184,1.5,0,2.6
2,55.06928,0,0,0,330.0184,1.5,0,2.6
2,55.08191,0,0,0,330.0184,1.5,0,2.6
2,55.09384,0,0,0,330.0184,1.5,0,2.6
2,55.10727,0,0,0,330.0184,1.5,0,2.6
2,55.12085,0,0,0,330.0184,1.5,0,2.6
2,55.12934,0,0,0,330.0184,1.5,0,2.6
2,55.14055,0,0,0,330.0184,1.5,0,2.6
2,55.14941,0,0,0,330.0184,1.5,0,2.6
2,55.15929,0,0,0,330.0184,1.5,0,2.6
2,55.1693,0,0,0,330.0184,1.5,0,2.6
2,55.18255,0,0,0,330.0184,1.5,0,2.6
2,55.19515,0,0,0,330.0184,1.5,0,2.6
2,55.20602,0,0,0,330.0184,1.5,0,2.6
2,55.216,0,0,0,330.0184,1.5,0,2.6
2,55.22509,0,0,0,330.0184,1.5,0,2.6
2,55.23419,0,0,0,330.0184,1.5,0,2.6
2,55.24297,0,0,0,330.0184,1.5,0,2.6
2,55.25339,0,0,0,330.0184,1.5,0,2.6
2,55.263,0,0,0,330.0184,1.5,0,2.6
2,55.27147,0,0,0,330.0184,1.5,0,2.6
2,55.28116,0,0,0,330.0184,1.5,0,2.6
2,55.29024,0,0,0,330.0184,1.5,0,2.6
2,55.30012,0,0,0,330.0184,1.5,0,2.6
2,55.30798,0,0,0,330.0184,1.5,0,2.6
2,55.31602,0,0,0,330.0184,1.5,0,2.6
2,55.32485,0,0,0,330.0184,1.5,0,2.6
2,55.33392,0,0,0,330.0184,1.5,0,2.6
2,55.34248,0,0,0,330.0184,1.5,0,2.6
2,55.35097,0,0,0,330.0184,1.5,0,2.6
2,55.36055,0,0,0,330.0184,1.5,0,2.6
2,55.36941,0,0,0,330.0184,1.5,0,2.6
2,55.38023,0,0,0,330.0184,1.5,0,2.6
2,55.39055,0,0,0,330.0184,1.5,0,2.6
2,55.39901,0,0,0,330.0184,1.5,0,2.6
2,55.40966,0,0,0,330.0184,1.5,0,2.6
2,55.4202,0,0,0,330.0184,1.5,0,2.6
2,55.43074,0,0,0,330.0184,1.5,0,2.6
2,55.44089,0,0,0,330.0184,1.5,0,2.6
2,55.44926,0,0,0,330.0184,1.5,0,2.6
2,55.45681,0,0,0,330.0184,1.5,0,2.6
2,55.46513,0,0,0,330.0184,1.5,0,2.6
2,55.4726,0,0,0,330.0184,1.5,0,2.6
2,55.48095,0,0,0,330.0184,1.5,0,2.6
2,55.48888,0,0,0,330.0184,1.5,0,2.6
2,55.49652,0,0,0,330.0184,1.5,0,2.6
2,55.5046,0,0,0,330.0184,1.5,0,2.6
2,55.51207,0,0,0,330.0184,1.5,0,2.6
2,55.5214,0,0,0,330.0184,1.5,0,2.6
2,55.53609,0,0,0,330.0184,1.5,0,2.6
2,55.54352,0,0,0,330.0184,1.5,0,2.6
2,55.55077,0,0,0,330.0184,1.5,0,2.6
2,55.55836,0,0,0,330.0184,1.5,0,2.6
2,55.56572,0,0,0,330.0184,1.5,0,2.6
2,55.57457,0,0,0,330.0184,1.5,0,2.6
2,55.5828,0,0,0,330.0184,1.5,0,2.6
2,55.59061,0,0,0,330.0184,1.5,0,2.6
2,55.60435,0,0,0,330.0184,1.5,0,2.6
2,55.61287,0,0,0,330.0184,1.5,0,2.6
2,55.61977,0,0,0,330.0184,1.5,0,2.6
2,55.62756,0,0,0,330.0184,1.5,0,2.6
2,55.63466,0,0,0,330.0184,1.5,0,2.6
2,55.64195,0,0,0,330.0184,1.5,0,2.6
2,55.64869,0,0,0,330.0184,1.5,0,2.6
2,55.65617,0,0,0,330.0184,1.5,0,2.6
2,55.66301,0,0,0,330.0184,1.5,0,2.6
2,55.67043,0,0,0,330.0184,1.5,0,2.6
2,55.67794,0,0,0,330.0184,1.5,0,2.6
2,55.68452,0,0,0,330.0184,1.5,0,2.6
2,55.69181,0,0,0,330.0184,1.5,0,2.6
2,55.6983,0,0,0,330.0184,1.5,0,2.6
2,55.70507,0,0,0,330.0184,1.5,0,2.6
2,55.71195,0,0,0,330.0184,1.5,0,2.6
2,55.71966,0,0,0,330.0184,1.5,0,2.6
2,55.72642,0,0,0,330.0184,1.5,0,2.6
2,55.73335,0,0,0,330.0184,1.5,0,2.6
2,55.73997,0,0,0,330.0184,1.5,0,2.6
2,55.74715,0,0,0,330.0184,1.5,0,2.6
2,55.75439,0,0,0,330.0184,1.5,0,2.6
2,55.76164,0,0,0,330.0184,1.5,0,2.6
2,55.76886,0,0,0,330.0184,1.5,0,2.6
2,55.77533,0,0,0,330.0184,1.5,0,2.6
2,55.78278,0,0,0,330.0184,1.5,0,2.6
2,55.78929,0,0,0,330.0184,1.5,0,2.6
2,55.79613,0,0,0,330.0184,1.5,0,2.6
2,55.80267,0,0,0,330.0184,1.5,0,2.6
2,55.80866,0,0,0,330.0184,1.5,0,2.6
2,55.83406,0,0,0,330.0184,1.5,0,2.6
