Ans,timenow,HMD_rotation_x,HMD_rotation_y,HMD_rotation_z,balldeg,ball_position_x,ball_position_y,ball_position_z
0,0.03989697,0,0,0,270,0,0,0
0,0.05895376,0,0,0,270,0,0,0
0,0.8976421,0,0,0,270,0,0,0
0,0.9222732,0,0,0,270,0,0,0
0,0.9373918,0,0,0,270,0,0,0
0,0.9452596,0,0,0,270,0,0,0
0,0.9530554,0,0,0,270,0,0,0
0,0.9613924,0,0,0,270,0,0,0
0,0.9697161,0,0,0,270,0,0,0
0,0.9845104,0,0,0,270,0,0,0
0,0.9933558,0,0,0,270,0,0,0
0,1.004067,0,0,0,270,0,0,0
0,1.013325,0,0,0,270,0,0,0
0,1.02108,0,0,0,270,0,0,0
0,1.02972,0,0,0,270,0,0,0
0,1.037553,0,0,0,270,0,0,0
0,1.044093,0,0,0,270,0,0,0
0,1.051722,0,0,0,270,0,0,0
0,1.060184,0,0,0,270,0,0,0
0,1.068494,0,0,0,270,0,0,0
0,1.076169,0,0,0,270,0,0,0
0,1.083512,0,0,0,270,0,0,0
0,1.093121,0,0,0,270,0,0,0
0,1.10179,0,0,0,270,0,0,0
0,1.108905,0,0,0,270,0,0,0
0,1.116039,0,0,0,270,0,0,0
0,1.124479,0,0,0,270,0,0,0
0,1.131953,0,0,0,270,0,0,0
0,1.140236,0,0,0,270,0,0,0
0,1.14832,0,0,0,270,0,0,0
0,1.156734,0,0,0,270,0,0,0
0,1.165024,0,0,0,270,0,0,0
0,1.173388,0,0,0,270,0,0,0
0,1.181463,0,0,0,270,0,0,0
0,1.189829,0,0,0,270,0,0,0
0,1.197085,0,0,0,270,0,0,0
0,1.20486,0,0,0,270,0,0,0
0,1.211843,0,0,0,270,0,0,0
0,1.219495,0,0,0,270,0,0,0
0,1.227873,0,0,0,270,0,0,0
0,1.236149,0,0,0,270,0,0,0
0,1.243429,0,0,0,270,0,0,0
0,1.251534,0,0,0,270,0,0,0
0,1.260128,0,0,0,270,0,0,0
0,1.268045,0,0,0,270,0,0,0
0,1.275886,0,0,0,270,0,0,0
0,1.285298,0,0,0,270,0,0,0
0,1.29399,0,0,0,270,0,0,0
0,1.301325,0,0,0,270,0,0,0
0,1.310222,0,0,0,270,0,0,0
0,1.319156,0,0,0,270,0,0,0
0,1.327046,0,0,0,270,0,0,0
0,1.334476,0,0,0,270,0,0,0
0,1.342439,0,0,0,270,0,0,0
0,1.349904,0,0,0,270,0,0,0
0,1.359297,0,0,0,270,0,0,0
0,1.366705,0,0,0,270,0,0,0
0,1.375506,0,0,0,270,0,0,0
0,1.383531,0,0,0,270,0,0,0
0,1.392249,0,0,0,270,0,0,0
0,1.399179,0,0,0,270,0,0,0
0,1.407117,0,0,0,270,0,0,0
0,1.414575,0,0,0,270,0,0,0
0,1.421965,0,0,0,270,0,0,0
0,1.429286,0,0,0,270,0,0,0
0,1.438132,0,0,0,270,0,0,0
0,1.446359,0,0,0,270,0,0,0
0,1.455333,0,0,0,270,0,0,0
0,1.46492,0,0,0,270,0,0,0
0,1.472775,0,0,0,270,0,0,0
0,1.482008,0,0,0,270,0,0,0
0,1.489302,0,0,0,270,0,0,0
0,1.496943,0,0,0,270,0,0,0
0,1.506505,0,0,0,270,0,0,0
0,1.515527,0,0,0,270,0,0,0
0,1.523585,0,0,0,270,0,0,0
0,1.531862,0,0,0,270,0,0,0
0,1.540393,0,0,0,270,0,0,0
0,1.547956,0,0,0,270,0,0,0
0,1.554943,0,0,0,270,0,0,0
0,1.563416,0,0,0,270,0,0,0
0,1.577634,0,0,0,270,0,0,0
0,1.590998,0,0,0,270,0,0,0
0,1.597952,0,0,0,270,0,0,0
0,1.606351,0,0,0,270,0,0,0
0,1.61376,0,0,0,270,0,0,0
0,1.620895,0,0,0,270,0,0,0
0,1.628996,0,0,0,270,0,0,0
0,1.636721,0,0,0,270,0,0,0
0,1.645052,0,0,0,270,0,0,0
0,1.652303,0,0,0,270,0,0,0
0,1.659894,0,0,0,270,0,0,0
0,1.667536,0,0,0,270,0,0,0
0,1.673873,0,0,0,270,0,0,0
0,1.682835,0,0,0,270,0,0,0
0,1.691435,0,0,0,270,0,0,0
0,1.699341,0,0,0,270,0,0,0
0,1.707715,0,0,0,270,0,0,0
0,1.716653,0,0,0,270,0,0,0
0,1.723567,0,0,0,270,0,0,0
0,1.730692,0,0,0,270,0,0,0
0,1.737964,0,0,0,270,0,0,0
0,1.746368,0,0,0,270,0,0,0
0,1.754418,0,0,0,270,0,0,0
0,1.763165,0,0,0,270,0,0,0
0,1.770329,0,0,0,270,0,0,0
0,1.780185,0,0,0,270,0,0,0
0,1.786983,0,0,0,270,0,0,0
0,1.795584,0,0,0,270,0,0,0
0,1.802343,0,0,0,270,0,0,0
0,1.810334,0,0,0,270,0,0,0
0,1.820604,0,0,0,270,0,0,0
0,1.830518,0,0,0,270,0,0,0
0,1.83834,0,0,0,270,0,0,0
0,1.846242,0,0,0,270,0,0,0
0,1.853794,0,0,0,270,0,0,0
0,1.861746,0,0,0,270,0,0,0
0,1.868779,0,0,0,270,0,0,0
0,1.878132,0,0,0,270,0,0,0
0,1.886303,0,0,0,270,0,0,0
0,1.896018,0,0,0,270,0,0,0
0,1.905079,0,0,0,270,0,0,0
0,1.914267,0,0,0,270,0,0,0
0,1.923657,0,0,0,270,0,0,0
0,1.933279,0,0,0,270,0,0,0
0,1.94316,0,0,0,270,0,0,0
0,1.95313,0,0,0,270,0,0,0
0,1.961727,0,0,0,270,0,0,0
0,1.970128,0,0,0,270,0,0,0
0,1.978734,0,0,0,270,0,0,0
0,1.986785,0,0,0,270,0,0,0
0,1.996518,0,0,0,270,0,0,0
0,2.005688,0,0,0,270,0,0,0
0,2.016089,0,0,0,270,0,0,0
0,2.027986,0,0,0,270,0,0,0
0,2.038823,0,0,0,270,0,0,0
0,2.049424,0,0,0,270,0,0,0
0,2.058769,0,0,0,270,0,0,0
0,2.067405,0,0,0,270,0,0,0
0,2.076655,0,0,0,270,0,0,0
0,2.087271,0,0,0,270,0,0,0
0,2.096112,0,0,0,270,0,0,0
0,2.106119,0,0,0,270,0,0,0
0,2.115349,0,0,0,270,0,0,0
0,2.126841,0,0,0,270,0,0,0
0,2.13909,0,0,0,270,0,0,0
0,2.149652,0,0,0,270,0,0,0
0,2.159262,0,0,0,270,0,0,0
0,2.169969,0,0,0,270,0,0,0
0,2.179928,0,0,0,270,0,0,0
0,2.190259,0,0,0,270,0,0,0
0,2.19887,0,0,0,270,0,0,0
0,2.208128,0,0,0,270,0,0,0
0,2.218165,0,0,0,270,0,0,0
0,2.228516,0,0,0,270,0,0,0
0,2.238754,0,0,0,270,0,0,0
0,2.250083,0,0,0,270,0,0,0
0,2.26125,0,0,0,270,0,0,0
0,2.271019,0,0,0,270,0,0,0
0,2.282021,0,0,0,270,0,0,0
0,2.293151,0,0,0,270,0,0,0
0,2.303764,0,0,0,270,0,0,0
0,2.314007,0,0,0,270,0,0,0
0,2.326656,0,0,0,270,0,0,0
0,2.336974,0,0,0,270,0,0,0
0,2.346911,0,0,0,270,0,0,0
0,2.357537,0,0,0,270,0,0,0
0,2.367405,0,0,0,270,0,0,0
0,2.377593,0,0,0,270,0,0,0
0,2.388031,0,0,0,270,0,0,0
0,2.400047,0,0,0,270,0,0,0
0,2.411121,0,0,0,270,0,0,0
0,2.421965,0,0,0,270,0,0,0
0,2.431007,0,0,0,270,0,0,0
0,2.440628,0,0,0,270,0,0,0
0,2.449811,0,0,0,270,0,0,0
0,2.460034,0,0,0,270,0,0,0
0,2.471374,0,0,0,270,0,0,0
0,2.484125,0,0,0,270,0,0,0
0,2.495816,0,0,0,270,0,0,0
0,2.506387,0,0,0,270,0,0,0
0,2.518862,0,0,0,270,0,0,0
0,2.530339,0,0,0,270,0,0,0
0,2.540735,0,0,0,270,0,0,0
0,2.549569,0,0,0,270,0,0,0
0,2.558122,0,0,0,270,0,0,0
0,2.566324,0,0,0,270,0,0,0
0,2.576287,0,0,0,270,0,0,0
0,2.585227,0,0,0,270,0,0,0
0,2.597176,0,0,0,270,0,0,0
0,2.608124,0,0,0,270,0,0,0
0,2.619292,0,0,0,270,0,0,0
0,2.630064,0,0,0,270,0,0,0
0,2.641286,0,0,0,270,0,0,0
0,2.651388,0,0,0,270,0,0,0
0,2.660696,0,0,0,270,0,0,0
0,2.671335,0,0,0,270,0,0,0
0,2.679672,0,0,0,270,0,0,0
0,2.687973,0,0,0,270,0,0,0
0,2.69819,0,0,0,270,0,0,0
0,2.707795,0,0,0,270,0,0,0
0,2.718471,0,0,0,270,0,0,0
0,2.728074,0,0,0,270,0,0,0
0,2.763705,0,0,0,270,0,0,0
0,2.781089,0,0,0,270,0,0,0
0,2.79602,0,0,0,270,0,0,0
0,2.810729,0,0,0,270,0,0,0
0,2.823813,0,0,0,270,0,0,0
0,2.838678,0,0,0,270,0,0,0
0,2.858706,0,0,0,270,0,0,0
0,2.877275,0,0,0,270,0,0,0
0,2.89464,0,0,0,270,0,0,0
0,2.927009,0,0,0,270,0,0,0
0,2.942784,0,0,0,270,0,0,0
0,2.960824,0,0,0,270,0,0,0
0,2.97582,0,0,0,270,0,0,0
0,2.992819,0,0,0,270,0,0,0
0,3.012381,0,0,0,270,0,0,0
0,3.026423,0,0,0,270,0,0,0
0,3.036552,0,0,0,270,0,0,0
0,3.053159,0,0,0,270,0,0,0
0,3.063926,0,0,0,270,0,0,0
0,3.075216,0,0,0,270,0,0,0
0,3.086537,0,0,0,270,0,0,0
0,3.099145,0,0,0,270,0,0,0
0,3.113068,0,0,0,270,0,0,0
0,3.127078,0,0,0,270,0,0,0
0,3.140384,0,0,0,270,0,0,0
0,3.152379,0,0,0,270,0,0,0
0,3.163082,0,0,0,270,0,0,0
0,3.17308,0,0,0,270,0,0,0
0,3.184738,0,0,0,270,0,0,0
0,3.195573,0,0,0,270,0,0,0
0,3.206115,0,0,0,270,0,0,0
0,3.215776,0,0,0,270,0,0,0
0,3.227461,0,0,0,270,0,0,0
0,3.237331,0,0,0,270,0,0,0
0,3.248646,0,0,0,270,0,0,0
0,3.259518,0,0,0,270,0,0,0
0,3.272235,0,0,0,270,0,0,0
0,3.282606,0,0,0,270,0,0,0
0,3.294726,0,0,0,270,0,0,0
0,3.312333,0,0,0,270,0,0,0
0,3.327223,0,0,0,270,0,0,0
0,3.335495,0,0,0,270,0,0,0
0,3.343723,0,0,0,270,0,0,0
0,3.355396,0,0,0,270,0,0,0
0,3.364866,0,0,0,270,0,0,0
0,3.384187,0,0,0,270,0,0,0
0,3.393766,0,0,0,270,0,0,0
0,3.404101,0,0,0,270,0,0,0
0,3.421522,0,0,0,270,0,0,0
0,3.430506,0,0,0,270,0,0,0
0,3.441638,0,0,0,270,0,0,0
0,3.451364,0,0,0,270,0,0,0
0,3.460068,0,0,0,270,0,0,0
0,3.469139,0,0,0,270,0,0,0
0,3.479859,0,0,0,270,0,0,0
0,3.488604,0,0,0,270,0,0,0
0,3.505713,0,0,0,270,0,0,0
0,3.514045,0,0,0,270,0,0,0
0,3.531264,0,0,0,270,0,0,0
0,3.54657,0,0,0,270,0,0,0
0,3.558516,0,0,0,270,0,0,0
0,3.568766,0,0,0,270,0,0,0
0,3.577376,0,0,0,270,0,0,0
0,3.588336,0,0,0,270,0,0,0
0,3.597694,0,0,0,270,0,0,0
0,3.608651,0,0,0,270,0,0,0
0,3.622151,0,0,0,270,0,0,0
0,3.631843,0,0,0,270,0,0,0
0,3.640222,0,0,0,270,0,0,0
0,3.648271,0,0,0,270,0,0,0
0,3.657684,0,0,0,270,0,0,0
0,3.665689,0,0,0,270,0,0,0
0,3.673459,0,0,0,270,0,0,0
0,3.680693,0,0,0,270,0,0,0
0,3.69008,0,0,0,270,0,0,0
0,3.697752,0,0,0,270,0,0,0
0,3.706014,0,0,0,270,0,0,0
0,3.715114,0,0,0,270,0,0,0
0,3.722965,0,0,0,270,0,0,0
0,3.730446,0,0,0,270,0,0,0
0,3.738489,0,0,0,270,0,0,0
0,3.746425,0,0,0,270,0,0,0
0,3.753479,0,0,0,270,0,0,0
0,3.76179,0,0,0,270,0,0,0
0,3.771016,0,0,0,270,0,0,0
0,3.780572,0,0,0,270,0,0,0
0,3.790158,0,0,0,270,0,0,0
0,3.80061,0,0,0,270,0,0,0
0,3.80945,0,0,0,270,0,0,0
0,3.818673,0,0,0,270,0,0,0
0,3.828883,0,0,0,270,0,0,0
0,3.837696,0,0,0,270,0,0,0
0,3.84849,0,0,0,270,0,0,0
0,3.858583,0,0,0,270,0,0,0
0,3.868879,0,0,0,270,0,0,0
0,3.880013,0,0,0,270,0,0,0
0,3.896736,0,0,0,270,0,0,0
0,3.907809,0,0,0,270,0,0,0
0,3.91812,0,0,0,270,0,0,0
0,3.930546,0,0,0,270,0,0,0
0,3.943883,0,0,0,270,0,0,0
0,3.956958,0,0,0,270,0,0,0
0,3.966266,0,0,0,270,0,0,0
0,3.97724,0,0,0,270,0,0,0
0,3.988348,0,0,0,270,0,0,0
0,3.998653,0,0,0,270,0,0,0
0,4.009951,0,0,0,270,0,0,0
0,4.02016,0,0,0,270,0,0,0
0,4.030585,0,0,0,270,0,0,0
0,4.041176,0,0,0,270,0,0,0
0,4.051051,0,0,0,270,0,0,0
0,4.061988,0,0,0,270,0,0,0
0,4.073646,0,0,0,270,0,0,0
0,4.084942,0,0,0,270,0,0,0
0,4.095796,0,0,0,270,0,0,0
0,4.10476,0,0,0,270,0,0,0
0,4.122759,0,0,0,270,0,0,0
0,4.133607,0,0,0,270,0,0,0
0,4.146343,0,0,0,270,0,0,0
0,4.158009,0,0,0,270,0,0,0
0,4.169428,0,0,0,270,0,0,0
0,4.181206,0,0,0,270,0,0,0
0,4.19207,0,0,0,270,0,0,0
0,4.202582,0,0,0,270,0,0,0
0,4.210446,0,0,0,270,0,0,0
0,4.219786,0,0,0,270,0,0,0
0,4.229231,0,0,0,270,0,0,0
0,4.238369,0,0,0,270,0,0,0
0,4.247903,0,0,0,270,0,0,0
0,4.256833,0,0,0,270,0,0,0
0,4.267098,0,0,0,270,0,0,0
0,4.27641,0,0,0,270,0,0,0
0,4.286808,0,0,0,270,0,0,0
0,4.297228,0,0,0,270,0,0,0
0,4.308176,0,0,0,270,0,0,0
0,4.319955,0,0,0,270,0,0,0
0,4.330483,0,0,0,270,0,0,0
0,4.340121,0,0,0,270,0,0,0
0,4.348295,0,0,0,270,0,0,0
0,4.356523,0,0,0,270,0,0,0
0,4.36498,0,0,0,270,0,0,0
0,4.376445,0,0,0,270,0,0,0
0,4.387705,0,0,0,270,0,0,0
0,4.396674,0,0,0,270,0,0,0
0,4.407055,0,0,0,270,0,0,0
0,4.416985,0,0,0,270,0,0,0
0,4.429205,0,0,0,270,0,0,0
0,4.440272,0,0,0,270,0,0,0
0,4.449646,0,0,0,270,0,0,0
0,4.471037,0,0,0,270,0,0,0
0,4.488061,0,0,0,270,0,0,0
0,4.502291,0,0,0,270,0,0,0
0,4.510597,0,0,0,270,0,0,0
0,4.520654,0,0,0,270,0,0,0
0,4.530846,0,0,0,270,0,0,0
0,4.538427,0,0,0,270,0,0,0
0,4.546529,0,0,0,270,0,0,0
0,4.553594,0,0,0,270,0,0,0
0,4.563532,0,0,0,270,0,0,0
0,4.57392,0,0,0,270,0,0,0
0,4.581612,0,0,0,270,0,0,0
0,4.59204,0,0,0,270,0,0,0
0,4.600396,0,0,0,270,0,0,0
0,4.609754,0,0,0,270,0,0,0
0,4.626885,0,0,0,270,0,0,0
0,4.635601,0,0,0,270,0,0,0
0,4.64404,0,0,0,270,0,0,0
0,4.652369,0,0,0,270,0,0,0
0,4.660763,0,0,0,270,0,0,0
0,4.671291,0,0,0,270,0,0,0
0,4.679473,0,0,0,270,0,0,0
0,4.686968,0,0,0,270,0,0,0
0,4.695945,0,0,0,270,0,0,0
0,4.705768,0,0,0,270,0,0,0
0,4.714848,0,0,0,270,0,0,0
0,4.721842,0,0,0,270,0,0,0
0,4.729884,0,0,0,270,0,0,0
0,4.737286,0,0,0,270,0,0,0
0,4.747022,0,0,0,270,0,0,0
0,4.756788,0,0,0,270,0,0,0
0,4.776034,0,0,0,270,0,0,0
0,4.783426,0,0,0,270,0,0,0
0,4.790567,0,0,0,270,0,0,0
0,4.798244,0,0,0,270,0,0,0
0,4.808414,0,0,0,270,0,0,0
0,4.817688,0,0,0,270,0,0,0
0,4.826347,0,0,0,270,0,0,0
0,4.83485,0,0,0,270,0,0,0
0,4.843195,0,0,0,270,0,0,0
0,4.851468,0,0,0,270,0,0,0
0,4.860798,0,0,0,270,0,0,0
0,4.872142,0,0,0,270,0,0,0
0,4.88076,0,0,0,270,0,0,0
0,4.889602,0,0,0,270,0,0,0
0,4.897123,0,0,0,270,0,0,0
0,4.905808,0,0,0,270,0,0,0
0,4.918357,0,0,0,270,0,0,0
0,4.929019,0,0,0,270,0,0,0
0,4.940292,0,0,0,270,0,0,0
0,4.95105,0,0,0,270,0,0,0
0,4.960858,0,0,0,270,0,0,0
0,4.973265,0,0,0,270,0,0,0
0,4.986647,0,0,0,270,0,0,0
0,5.001558,0,0,0,270,0,0,0
0,5.014709,0,0,0,270,0,0,0
0,5.02692,0,0,0,270,0,0,0
0,5.044124,0,0,0,270,0,0,0
0,5.055879,0,0,0,270,0,0,0
0,5.066958,0,0,0,270,0,0,0
0,5.077858,0,0,0,270,0,0,0
0,5.089511,0,0,0,270,0,0,0
0,5.103384,0,0,0,270,0,0,0
0,5.117301,0,0,0,270,0,0,0
0,5.12935,0,0,0,270,0,0,0
0,5.141808,0,0,0,270,0,0,0
0,5.152938,0,0,0,270,0,0,0
0,5.164022,0,0,0,270,0,0,0
0,5.175083,0,0,0,270,0,0,0
0,5.185413,0,0,0,270,0,0,0
0,5.196511,0,0,0,270,0,0,0
0,5.207907,0,0,0,270,0,0,0
0,5.220035,0,0,0,270,0,0,0
0,5.231579,0,0,0,270,0,0,0
0,5.2446,0,0,0,270,0,0,0
0,5.25581,0,0,0,270,0,0,0
0,5.267761,0,0,0,270,0,0,0
0,5.279778,0,0,0,270,0,0,0
0,5.292156,0,0,0,270,0,0,0
0,5.303577,0,0,0,270,0,0,0
0,5.314407,0,0,0,270,0,0,0
0,5.325189,0,0,0,270,0,0,0
0,5.33619,0,0,0,270,0,0,0
0,5.347401,0,0,0,270,0,0,0
0,5.359414,0,0,0,270,0,0,0
0,5.372053,0,0,0,270,0,0,0
0,5.382611,0,0,0,270,0,0,0
0,5.395113,0,0,0,270,0,0,0
0,5.408747,0,0,0,270,0,0,0
0,5.426964,0,0,0,270,0,0,0
0,5.439458,0,0,0,270,0,0,0
0,5.450813,0,0,0,270,0,0,0
0,5.463106,0,0,0,270,0,0,0
0,5.475048,0,0,0,270,0,0,0
0,5.485923,0,0,0,270,0,0,0
0,5.497037,0,0,0,270,0,0,0
0,5.508855,0,0,0,270,0,0,0
0,5.519137,0,0,0,270,0,0,0
0,5.531043,0,0,0,270,0,0,0
0,5.542323,0,0,0,270,0,0,0
0,5.552026,0,0,0,270,0,0,0
0,5.563562,0,0,0,270,0,0,0
0,5.573244,0,0,0,270,0,0,0
0,5.583306,0,0,0,270,0,0,0
0,5.594401,0,0,0,270,0,0,0
0,5.606263,0,0,0,270,0,0,0
0,5.615831,0,0,0,270,0,0,0
0,5.625768,0,0,0,270,0,0,0
0,5.636247,0,0,0,270,0,0,0
0,5.645162,0,0,0,270,0,0,0
0,5.653995,0,0,0,270,0,0,0
0,5.663966,0,0,0,270,0,0,0
0,5.673387,0,0,0,270,0,0,0
0,5.683299,0,0,0,270,0,0,0
0,5.692659,0,0,0,270,0,0,0
0,5.702196,0,0,0,270,0,0,0
0,5.712707,0,0,0,270,0,0,0
0,5.721139,0,0,0,270,0,0,0
0,5.729715,0,0,0,270,0,0,0
0,5.738584,0,0,0,270,0,0,0
0,5.747683,0,0,0,270,0,0,0
0,5.7569,0,0,0,270,0,0,0
0,5.765314,0,0,0,270,0,0,0
0,5.774701,0,0,0,270,0,0,0
0,5.783968,0,0,0,270,0,0,0
0,5.793519,0,0,0,270,0,0,0
0,5.800888,0,0,0,270,0,0,0
0,5.809296,0,0,0,270,0,0,0
0,5.818607,0,0,0,270,0,0,0
0,5.826523,0,0,0,270,0,0,0
0,5.83484,0,0,0,270,0,0,0
0,5.845641,0,0,0,270,0,0,0
0,5.853547,0,0,0,270,0,0,0
0,5.86189,0,0,0,270,0,0,0
0,5.871914,0,0,0,270,0,0,0
0,5.880744,0,0,0,270,0,0,0
0,5.889319,0,0,0,270,0,0,0
0,5.897984,0,0,0,270,0,0,0
0,5.906419,0,0,0,270,0,0,0
0,5.915253,0,0,0,270,0,0,0
0,5.924454,0,0,0,270,0,0,0
0,5.931797,0,0,0,270,0,0,0
0,5.939462,0,0,0,270,0,0,0
0,5.947896,0,0,0,270,0,0,0
0,5.955265,0,0,0,270,0,0,0
0,5.962998,0,0,0,270,0,0,0
0,5.972532,0,0,0,270,0,0,0
0,5.981401,0,0,0,270,0,0,0
0,5.989623,0,0,0,270,0,0,0
0,5.999658,0,0,0,270,0,0,0
0,6.009546,0,0,0,270,0,0,0
0,6.017334,0,0,0,270,0,0,0
0,6.025388,0,0,0,270,0,0,0
0,6.033812,0,0,0,270,0,0,0
0,6.042259,0,0,0,270,0,0,0
0,6.049874,0,0,0,270,0,0,0
0,6.058335,0,0,0,270,0,0,0
0,6.066125,0,0,0,270,0,0,0
0,6.074793,0,0,0,270,0,0,0
0,6.082422,0,0,0,270,0,0,0
0,6.090813,0,0,0,270,0,0,0
0,6.098788,0,0,0,270,0,0,0
0,6.10934,0,0,0,270,0,0,0
0,6.119813,0,0,0,270,0,0,0
0,6.132964,0,0,0,270,0,0,0
0,6.144761,0,0,0,270,0,0,0
0,6.153713,0,0,0,270,0,0,0
0,6.164955,0,0,0,270,0,0,0
0,6.175829,0,0,0,270,0,0,0
0,6.186468,0,0,0,270,0,0,0
0,6.198525,0,0,0,270,0,0,0
0,6.209474,0,0,0,270,0,0,0
0,6.220187,0,0,0,270,0,0,0
0,6.231238,0,0,0,270,0,0,0
0,6.241191,0,0,0,270,0,0,0
0,6.252223,0,0,0,270,0,0,0
0,6.262897,0,0,0,270,0,0,0
0,6.273912,0,0,0,270,0,0,0
0,6.285282,0,0,0,270,0,0,0
0,6.295916,0,0,0,270,0,0,0
0,6.306285,0,0,0,270,0,0,0
0,6.317121,0,0,0,270,0,0,0
0,6.327391,0,0,0,270,0,0,0
0,6.338354,0,0,0,270,0,0,0
0,6.348671,0,0,0,270,0,0,0
0,6.358878,0,0,0,270,0,0,0
0,6.368803,0,0,0,270,0,0,0
0,6.379324,0,0,0,270,0,0,0
0,6.390151,0,0,0,270,0,0,0
0,6.39972,0,0,0,270,0,0,0
0,6.409029,0,0,0,270,0,0,0
0,6.419323,0,0,0,270,0,0,0
0,6.430809,0,0,0,270,0,0,0
0,6.441635,0,0,0,270,0,0,0
0,6.452172,0,0,0,270,0,0,0
0,6.462825,0,0,0,270,0,0,0
0,6.474504,0,0,0,270,0,0,0
0,6.486951,0,0,0,270,0,0,0
0,6.499609,0,0,0,270,0,0,0
0,6.511103,0,0,0,270,0,0,0
0,6.522569,0,0,0,270,0,0,0
0,6.532397,0,0,0,270,0,0,0
0,6.542093,0,0,0,270,0,0,0
0,6.551677,0,0,0,270,0,0,0
0,6.560916,0,0,0,270,0,0,0
0,6.570203,0,0,0,270,0,0,0
0,6.580731,0,0,0,270,0,0,0
0,6.589875,0,0,0,270,0,0,0
0,6.598383,0,0,0,270,0,0,0
0,6.60903,0,0,0,270,0,0,0
0,6.620101,0,0,0,270,0,0,0
0,6.629408,0,0,0,270,0,0,0
0,6.6396,0,0,0,270,0,0,0
0,6.648964,0,0,0,270,0,0,0
0,6.670513,0,0,0,270,0,0,0
0,6.681015,0,0,0,270,0,0,0
0,6.689329,0,0,0,270,0,0,0
0,6.69839,0,0,0,270,0,0,0
0,6.70848,0,0,0,270,0,0,0
0,6.71706,0,0,0,270,0,0,0
0,6.725007,0,0,0,270,0,0,0
0,6.734148,0,0,0,270,0,0,0
0,6.742226,0,0,0,270,0,0,0
0,6.750986,0,0,0,270,0,0,0
0,6.758088,0,0,0,270,0,0,0
0,6.766107,0,0,0,270,0,0,0
0,6.773092,0,0,0,270,0,0,0
0,6.780755,0,0,0,270,0,0,0
0,6.787073,0,0,0,270,0,0,0
0,6.795723,0,0,0,270,0,0,0
0,6.804163,0,0,0,270,0,0,0
0,6.812287,0,0,0,270,0,0,0
0,6.819248,0,0,0,270,0,0,0
0,6.828747,0,0,0,270,0,0,0
0,6.837079,0,0,0,270,0,0,0
0,6.844903,0,0,0,270,0,0,0
0,6.851947,0,0,0,270,0,0,0
0,6.860882,0,0,0,270,0,0,0
0,6.86858,0,0,0,270,0,0,0
0,6.875644,0,0,0,270,0,0,0
0,6.882995,0,0,0,270,0,0,0
0,6.89079,0,0,0,270,0,0,0
0,6.897535,0,0,0,270,0,0,0
0,6.906571,0,0,0,270,0,0,0
0,6.916264,0,0,0,270,0,0,0
0,6.92742,0,0,0,270,0,0,0
0,6.936843,0,0,0,270,0,0,0
0,6.945989,0,0,0,270,0,0,0
0,6.954819,0,0,0,270,0,0,0
0,6.964534,0,0,0,270,0,0,0
0,6.971595,0,0,0,270,0,0,0
0,6.978415,0,0,0,270,0,0,0
0,6.986253,0,0,0,270,0,0,0
0,6.994153,0,0,0,270,0,0,0
0,7.001516,0,0,0,270,0,0,0
0,7.008606,0,0,0,270,0,0,0
0,7.019512,0,0,0,270,0,0,0
0,7.028884,0,0,0,270,0,0,0
0,7.03676,0,0,0,270,0,0,0
0,7.046156,0,0,0,270,0,0,0
0,7.054282,0,0,0,270,0,0,0
0,7.062464,0,0,0,270,0,0,0
0,7.069749,0,0,0,270,0,0,0
0,7.077063,0,0,0,270,0,0,0
0,7.084512,0,0,0,270,0,0,0
0,7.092371,0,0,0,270,0,0,0
0,7.101943,0,0,0,270,0,0,0
0,7.109308,0,0,0,270,0,0,0
0,7.116549,0,0,0,270,0,0,0
0,7.124581,0,0,0,270,0,0,0
0,7.132112,0,0,0,270,0,0,0
0,7.140437,0,0,0,270,0,0,0
0,7.149667,0,0,0,270,0,0,0
0,7.157401,0,0,0,270,0,0,0
0,7.170318,0,0,0,270,0,0,0
0,7.179446,0,0,0,270,0,0,0
0,7.187614,0,0,0,270,0,0,0
0,7.194543,0,0,0,270,0,0,0
0,7.202793,0,0,0,270,0,0,0
0,7.210509,0,0,0,270,0,0,0
0,7.218285,0,0,0,270,0,0,0
0,7.225587,0,0,0,270,0,0,0
0,7.235867,0,0,0,270,0,0,0
0,7.24607,0,0,0,270,0,0,0
0,7.254736,0,0,0,270,0,0,0
0,7.264531,0,0,0,270,0,0,0
0,7.275929,0,0,0,270,0,0,0
0,7.285147,0,0,0,270,0,0,0
0,7.295182,0,0,0,270,0,0,0
0,7.304659,0,0,0,270,0,0,0
0,7.314815,0,0,0,270,0,0,0
0,7.324174,0,0,0,270,0,0,0
0,7.334547,0,0,0,270,0,0,0
0,7.342797,0,0,0,270,0,0,0
0,7.352486,0,0,0,270,0,0,0
0,7.363578,0,0,0,270,0,0,0
0,7.374372,0,0,0,270,0,0,0
0,7.38369,0,0,0,270,0,0,0
0,7.395604,0,0,0,270,0,0,0
0,7.405697,0,0,0,270,0,0,0
0,7.416011,0,0,0,270,0,0,0
0,7.427219,0,0,0,270,0,0,0
0,7.439588,0,0,0,270,0,0,0
0,7.449983,0,0,0,270,0,0,0
0,7.461751,0,0,0,270,0,0,0
0,7.473374,0,0,0,270,0,0,0
0,7.484123,0,0,0,270,0,0,0
0,7.496094,0,0,0,270,0,0,0
0,7.505856,0,0,0,270,0,0,0
0,7.517405,0,0,0,270,0,0,0
0,7.529175,0,0,0,270,0,0,0
0,7.540239,0,0,0,270,0,0,0
0,7.550796,0,0,0,270,0,0,0
0,7.561031,0,0,0,270,0,0,0
0,7.571253,0,0,0,270,0,0,0
0,7.581107,0,0,0,270,0,0,0
0,7.593019,0,0,0,270,0,0,0
0,7.604026,0,0,0,270,0,0,0
0,7.614159,0,0,0,270,0,0,0
0,7.625455,0,0,0,270,0,0,0
0,7.636413,0,0,0,270,0,0,0
0,7.64695,0,0,0,270,0,0,0
0,7.658993,0,0,0,270,0,0,0
0,7.670403,0,0,0,270,0,0,0
0,7.681798,0,0,0,270,0,0,0
0,7.692014,0,0,0,270,0,0,0
0,7.702902,0,0,0,270,0,0,0
0,7.714309,0,0,0,270,0,0,0
0,7.72501,0,0,0,270,0,0,0
0,7.734553,0,0,0,270,0,0,0
0,7.743298,0,0,0,270,0,0,0
0,7.753236,0,0,0,270,0,0,0
0,7.764318,0,0,0,270,0,0,0
0,7.774411,0,0,0,270,0,0,0
0,7.784097,0,0,0,270,0,0,0
0,7.793684,0,0,0,270,0,0,0
0,7.801945,0,0,0,270,0,0,0
0,7.810511,0,0,0,270,0,0,0
0,7.819714,0,0,0,270,0,0,0
0,7.827576,0,0,0,270,0,0,0
0,7.835929,0,0,0,270,0,0,0
0,7.844246,0,0,0,270,0,0,0
0,7.852457,0,0,0,270,0,0,0
0,7.86137,0,0,0,270,0,0,0
0,7.87043,0,0,0,270,0,0,0
0,7.878392,0,0,0,270,0,0,0
0,7.887069,0,0,0,270,0,0,0
0,7.895771,0,0,0,270,0,0,0
0,7.903985,0,0,0,270,0,0,0
0,7.911973,0,0,0,270,0,0,0
0,7.919399,0,0,0,270,0,0,0
0,7.92756,0,0,0,270,0,0,0
0,7.936237,0,0,0,270,0,0,0
0,7.943828,0,0,0,270,0,0,0
0,7.952348,0,0,0,270,0,0,0
0,7.960425,0,0,0,270,0,0,0
0,7.96813,0,0,0,270,0,0,0
0,7.976428,0,0,0,270,0,0,0
0,7.983943,0,0,0,270,0,0,0
0,7.991543,0,0,0,270,0,0,0
0,7.999953,0,0,0,270,0,0,0
0,8.008211,0,0,0,270,0,0,0
0,8.016106,0,0,0,270,0,0,0
0,8.024715,0,0,0,270,0,0,0
0,8.033871,0,0,0,270,0,0,0
0,8.0431,0,0,0,270,0,0,0
0,8.051273,0,0,0,270,0,0,0
0,8.060209,0,0,0,270,0,0,0
0,8.067871,0,0,0,270,0,0,0
0,8.075338,0,0,0,270,0,0,0
0,8.083786,0,0,0,270,0,0,0
0,8.091722,0,0,0,270,0,0,0
0,8.098473,0,0,0,270,0,0,0
0,8.10611,0,0,0,270,0,0,0
0,8.11401,0,0,0,270,0,0,0
0,8.121853,0,0,0,270,0,0,0
0,8.129265,0,0,0,270,0,0,0
0,8.136572,0,0,0,270,0,0,0
0,8.145281,0,0,0,270,0,0,0
0,8.153772,0,0,0,270,0,0,0
0,8.16312,0,0,0,270,0,0,0
0,8.17226,0,0,0,270,0,0,0
0,8.182716,0,0,0,270,0,0,0
0,8.192484,0,0,0,270,0,0,0
0,8.20249,0,0,0,270,0,0,0
0,8.20997,0,0,0,270,0,0,0
0,8.218946,0,0,0,270,0,0,0
0,8.22843,0,0,0,270,0,0,0
0,8.236073,0,0,0,270,0,0,0
0,8.243832,0,0,0,270,0,0,0
0,8.252058,0,0,0,270,0,0,0
0,8.259886,0,0,0,270,0,0,0
0,8.268755,0,0,0,270,0,0,0
0,8.277615,0,0,0,270,0,0,0
0,8.287642,0,0,0,270,0,0,0
0,8.296549,0,0,0,270,0,0,0
0,8.304363,0,0,0,270,0,0,0
0,8.323875,0,0,0,270,0,0,0
0,8.331648,0,0,0,270,0,0,0
0,8.34059,0,0,0,270,0,0,0
0,8.350224,0,0,0,270,0,0,0
0,8.358627,0,0,0,270,0,0,0
0,8.367434,0,0,0,270,0,0,0
0,8.377764,0,0,0,270,0,0,0
0,8.389339,0,0,0,270,0,0,0
0,8.399429,0,0,0,270,0,0,0
0,8.409573,0,0,0,270,0,0,0
0,8.418207,0,0,0,270,0,0,0
0,8.427309,0,0,0,270,0,0,0
0,8.437414,0,0,0,270,0,0,0
0,8.447493,0,0,0,270,0,0,0
0,8.457952,0,0,0,270,0,0,0
0,8.469528,0,0,0,270,0,0,0
0,8.483788,0,0,0,270,0,0,0
0,8.494761,0,0,0,270,0,0,0
0,8.503744,0,0,0,270,0,0,0
0,8.51586,0,0,0,270,0,0,0
0,8.526979,0,0,0,270,0,0,0
0,8.538294,0,0,0,270,0,0,0
0,8.548811,0,0,0,270,0,0,0
0,8.558434,0,0,0,270,0,0,0
0,8.568037,0,0,0,270,0,0,0
0,8.579517,0,0,0,270,0,0,0
0,8.590126,0,0,0,270,0,0,0
0,8.599007,0,0,0,270,0,0,0
0,8.609474,0,0,0,270,0,0,0
0,8.621048,0,0,0,270,0,0,0
0,8.631294,0,0,0,270,0,0,0
0,8.642776,0,0,0,270,0,0,0
0,8.654743,0,0,0,270,0,0,0
0,8.665777,0,0,0,270,0,0,0
0,8.677191,0,0,0,270,0,0,0
0,8.68848,0,0,0,270,0,0,0
0,8.698496,0,0,0,270,0,0,0
0,8.709057,0,0,0,270,0,0,0
0,8.719763,0,0,0,270,0,0,0
0,8.730759,0,0,0,270,0,0,0
0,8.741014,0,0,0,270,0,0,0
0,8.751982,0,0,0,270,0,0,0
0,8.762054,0,0,0,270,0,0,0
0,8.773825,0,0,0,270,0,0,0
0,8.78409,0,0,0,270,0,0,0
0,8.795822,0,0,0,270,0,0,0
0,8.805723,0,0,0,270,0,0,0
0,8.81575,0,0,0,270,0,0,0
0,8.825396,0,0,0,270,0,0,0
0,8.834101,0,0,0,270,0,0,0
0,8.843718,0,0,0,270,0,0,0
0,8.853506,0,0,0,270,0,0,0
0,8.862494,0,0,0,270,0,0,0
0,8.87302,0,0,0,270,0,0,0
0,8.882608,0,0,0,270,0,0,0
0,8.893225,0,0,0,270,0,0,0
0,8.904743,0,0,0,270,0,0,0
0,8.914715,0,0,0,270,0,0,0
0,8.924185,0,0,0,270,0,0,0
0,8.93474,0,0,0,270,0,0,0
0,8.943642,0,0,0,270,0,0,0
0,8.953772,0,0,0,270,0,0,0
0,8.963737,0,0,0,270,0,0,0
0,8.973679,0,0,0,270,0,0,0
0,8.98237,0,0,0,270,0,0,0
0,8.9907,0,0,0,270,0,0,0
0,9.000587,0,0,0,270,0,0,0
0,9.007921,0,0,0,270,0,0,0
0,9.017275,0,0,0,270,0,0,0
0,9.025042,0,0,0,270,0,0,0
0,9.03302,0,0,0,270,0,0,0
0,9.041685,0,0,0,270,0,0,0
0,9.049671,0,0,0,270,0,0,0
0,9.057844,0,0,0,270,0,0,0
0,9.06678,0,0,0,270,0,0,0
0,9.075499,0,0,0,270,0,0,0
0,9.084442,0,0,0,270,0,0,0
0,9.093605,0,0,0,270,0,0,0
0,9.101646,0,0,0,270,0,0,0
0,9.109529,0,0,0,270,0,0,0
0,9.117819,0,0,0,270,0,0,0
0,9.127226,0,0,0,270,0,0,0
0,9.13637,0,0,0,270,0,0,0
0,9.143812,0,0,0,270,0,0,0
0,9.152693,0,0,0,270,0,0,0
0,9.159746,0,0,0,270,0,0,0
0,9.168821,0,0,0,270,0,0,0
0,9.176559,0,0,0,270,0,0,0
0,9.186792,0,0,0,270,0,0,0
0,9.195042,0,0,0,270,0,0,0
0,9.205467,0,0,0,270,0,0,0
0,9.21476,0,0,0,270,0,0,0
0,9.222883,0,0,0,270,0,0,0
0,9.231613,0,0,0,270,0,0,0
0,9.238947,0,0,0,270,0,0,0
0,9.246994,0,0,0,270,0,0,0
0,9.254301,0,0,0,270,0,0,0
0,9.262016,0,0,0,270,0,0,0
0,9.269918,0,0,0,270,0,0,0
0,9.278484,0,0,0,270,0,0,0
0,9.287939,0,0,0,270,0,0,0
0,9.296137,0,0,0,270,0,0,0
0,9.304974,0,0,0,270,0,0,0
0,9.313969,0,0,0,270,0,0,0
0,9.321161,0,0,0,270,0,0,0
0,9.329329,0,0,0,270,0,0,0
0,9.337679,0,0,0,270,0,0,0
0,9.346359,0,0,0,270,0,0,0
0,9.354355,0,0,0,270,0,0,0
0,9.362864,0,0,0,270,0,0,0
0,9.371405,0,0,0,270,0,0,0
0,9.378508,0,0,0,270,0,0,0
0,9.386908,0,0,0,270,0,0,0
0,9.395407,0,0,0,270,0,0,0
0,9.403883,0,0,0,270,0,0,0
0,9.412344,0,0,0,270,0,0,0
0,9.419806,0,0,0,270,0,0,0
0,9.427223,0,0,0,270,0,0,0
0,9.436031,0,0,0,270,0,0,0
0,9.444063,0,0,0,270,0,0,0
0,9.452749,0,0,0,270,0,0,0
0,9.459522,0,0,0,270,0,0,0
0,9.467897,0,0,0,270,0,0,0
0,9.475483,0,0,0,270,0,0,0
0,9.485109,0,0,0,270,0,0,0
0,9.495659,0,0,0,270,0,0,0
0,9.505337,0,0,0,270,0,0,0
0,9.514727,0,0,0,270,0,0,0
0,9.525152,0,0,0,270,0,0,0
0,9.5362,0,0,0,270,0,0,0
0,9.547441,0,0,0,270,0,0,0
0,9.558428,0,0,0,270,0,0,0
0,9.567448,0,0,0,270,0,0,0
0,9.576706,0,0,0,270,0,0,0
0,9.586445,0,0,0,270,0,0,0
0,9.596584,0,0,0,270,0,0,0
0,9.606033,0,0,0,270,0,0,0
0,9.615679,0,0,0,270,0,0,0
0,9.626152,0,0,0,270,0,0,0
0,9.637081,0,0,0,270,0,0,0
0,9.64786,0,0,0,270,0,0,0
0,9.658041,0,0,0,270,0,0,0
0,9.670076,0,0,0,270,0,0,0
0,9.68206,0,0,0,270,0,0,0
0,9.693388,0,0,0,270,0,0,0
0,9.704477,0,0,0,270,0,0,0
0,9.715933,0,0,0,270,0,0,0
0,9.726271,0,0,0,270,0,0,0
0,9.737804,0,0,0,270,0,0,0
0,9.748686,0,0,0,270,0,0,0
0,9.759792,0,0,0,270,0,0,0
0,9.771215,0,0,0,270,0,0,0
0,9.781462,0,0,0,270,0,0,0
0,9.793062,0,0,0,270,0,0,0
0,9.803791,0,0,0,270,0,0,0
0,9.814205,0,0,0,270,0,0,0
0,9.824635,0,0,0,270,0,0,0
0,9.834751,0,0,0,270,0,0,0
0,9.846167,0,0,0,270,0,0,0
0,9.856171,0,0,0,270,0,0,0
0,9.865738,0,0,0,270,0,0,0
0,9.876541,0,0,0,270,0,0,0
0,9.886593,0,0,0,270,0,0,0
0,9.897123,0,0,0,270,0,0,0
0,9.907595,0,0,0,270,0,0,0
0,9.918125,0,0,0,270,0,0,0
0,9.930023,0,0,0,270,0,0,0
0,9.942659,0,0,0,270,0,0,0
0,9.954168,0,0,0,270,0,0,0
0,9.96323,0,0,0,270,0,0,0
0,9.973225,0,0,0,270,0,0,0
0,9.982733,0,0,0,270,0,0,0
0,9.99222,0,0,0,270,0,0,0
0,10.003,0,0,0,270,0,0,0
0,10.01232,0,0,0,270,0,0,0
0,10.02128,0,0,0,270,0,0,0
0,10.03064,0,0,0,270,0,0,0
0,10.0401,0,0,0,270,0,0,0
0,10.04943,0,0,0,270,0,0,0
0,10.05952,0,0,0,270,0,0,0
0,10.07138,0,0,0,270,0,0,0
0,10.08353,0,0,0,270,0,0,0
0,10.09789,0,0,0,270,0,0,0
0,10.10826,0,0,0,270,0,0,0
0,10.12587,0,0,0,270,0,0,0
0,10.14335,0,0,0,270,0,0,0
0,10.15304,0,0,0,270,0,0,0
0,10.16147,0,0,0,270,0,0,0
0,10.17132,0,0,0,270,0,0,0
0,10.17925,0,0,0,270,0,0,0
0,10.18782,0,0,0,270,0,0,0
0,10.1973,0,0,0,270,0,0,0
0,10.2075,0,0,0,270,0,0,0
0,10.2197,0,0,0,270,0,0,0
0,10.2301,0,0,0,270,0,0,0
0,10.23957,0,0,0,270,0,0,0
0,10.24813,0,0,0,270,0,0,0
0,10.25664,0,0,0,270,0,0,0
0,10.26577,0,0,0,270,0,0,0
0,10.27512,0,0,0,270,0,0,0
0,10.28474,0,0,0,270,0,0,0
0,10.2958,0,0,0,270,0,0,0
0,10.30439,0,0,0,270,0,0,0
0,10.31329,0,0,0,270,0,0,0
0,10.32338,0,0,0,270,0,0,0
0,10.33149,0,0,0,270,0,0,0
0,10.3404,0,0,0,270,0,0,0
0,10.34988,0,0,0,270,0,0,0
0,10.36012,0,0,0,270,0,0,0
0,10.36768,0,0,0,270,0,0,0
0,10.37618,0,0,0,270,0,0,0
0,10.38599,0,0,0,270,0,0,0
0,10.39599,0,0,0,270,0,0,0
0,10.40631,0,0,0,270,0,0,0
0,10.41406,0,0,0,270,0,0,0
0,10.42284,0,0,0,270,0,0,0
0,10.43043,0,0,0,270,0,0,0
0,10.43934,0,0,0,270,0,0,0
0,10.44832,0,0,0,270,0,0,0
0,10.45818,0,0,0,270,0,0,0
0,10.46901,0,0,0,270,0,0,0
0,10.47947,0,0,0,270,0,0,0
0,10.48941,0,0,0,270,0,0,0
0,10.49808,0,0,0,270,0,0,0
0,10.50775,0,0,0,270,0,0,0
0,10.5178,0,0,0,270,0,0,0
0,10.52634,0,0,0,270,0,0,0
0,10.53567,0,0,0,270,0,0,0
0,10.54593,0,0,0,270,0,0,0
0,10.55414,0,0,0,270,0,0,0
0,10.56363,0,0,0,270,0,0,0
0,10.57232,0,0,0,270,0,0,0
0,10.5814,0,0,0,270,0,0,0
0,10.5917,0,0,0,270,0,0,0
0,10.59905,0,0,0,270,0,0,0
0,10.60836,0,0,0,270,0,0,0
0,10.6167,0,0,0,270,0,0,0
0,10.62549,0,0,0,270,0,0,0
0,10.63283,0,0,0,270,0,0,0
0,10.64226,0,0,0,270,0,0,0
0,10.65018,0,0,0,270,0,0,0
0,10.65966,0,0,0,270,0,0,0
0,10.67184,0,0,0,270,0,0,0
0,10.68306,0,0,0,270,0,0,0
0,10.69319,0,0,0,270,0,0,0
0,10.70495,0,0,0,270,0,0,0
0,10.71731,0,0,0,270,0,0,0
0,10.72843,0,0,0,270,0,0,0
0,10.73966,0,0,0,270,0,0,0
0,10.74951,0,0,0,270,0,0,0
0,10.75918,0,0,0,270,0,0,0
0,10.76974,0,0,0,270,0,0,0
0,10.78261,0,0,0,270,0,0,0
0,10.79787,0,0,0,270,0,0,0
0,10.81093,0,0,0,270,0,0,0
0,10.82162,0,0,0,270,0,0,0
0,10.83331,0,0,0,270,0,0,0
0,10.84341,0,0,0,270,0,0,0
0,10.85395,0,0,0,270,0,0,0
0,10.86603,0,0,0,270,0,0,0
0,10.87815,0,0,0,270,0,0,0
0,10.89087,0,0,0,270,0,0,0
0,10.90377,0,0,0,270,0,0,0
0,10.91447,0,0,0,270,0,0,0
0,10.92585,0,0,0,270,0,0,0
0,10.93765,0,0,0,270,0,0,0
0,10.94933,0,0,0,270,0,0,0
0,10.96147,0,0,0,270,0,0,0
0,10.9732,0,0,0,270,0,0,0
0,10.98459,0,0,0,270,0,0,0
0,10.99467,0,0,0,270,0,0,0
0,11.00447,0,0,0,270,0,0,0
0,11.01434,0,0,0,270,0,0,0
0,11.02358,0,0,0,270,0,0,0
0,11.03486,0,0,0,270,0,0,0
0,11.04648,0,0,0,270,0,0,0
0,11.05533,0,0,0,270,0,0,0
0,11.06584,0,0,0,270,0,0,0
0,11.07606,0,0,0,270,0,0,0
0,11.08598,0,0,0,270,0,0,0
0,11.09713,0,0,0,270,0,0,0
0,11.10881,0,0,0,270,0,0,0
0,11.12152,0,0,0,270,0,0,0
0,11.13292,0,0,0,270,0,0,0
0,11.14395,0,0,0,270,0,0,0
0,11.15504,0,0,0,270,0,0,0
0,11.16371,0,0,0,270,0,0,0
0,11.17351,0,0,0,270,0,0,0
0,11.18274,0,0,0,270,0,0,0
0,11.19204,0,0,0,270,0,0,0
0,11.20162,0,0,0,270,0,0,0
0,11.21044,0,0,0,270,0,0,0
0,11.22144,0,0,0,270,0,0,0
0,11.23303,0,0,0,270,0,0,0
0,11.24453,0,0,0,270,0,0,0
0,11.25742,0,0,0,270,0,0,0
0,11.26591,0,0,0,270,0,0,0
0,11.27541,0,0,0,270,0,0,0
0,11.28477,0,0,0,270,0,0,0
0,11.29466,0,0,0,270,0,0,0
0,11.3054,0,0,0,270,0,0,0
0,11.31469,0,0,0,270,0,0,0
0,11.32305,0,0,0,270,0,0,0
0,11.33131,0,0,0,270,0,0,0
0,11.34125,0,0,0,270,0,0,0
0,11.35029,0,0,0,270,0,0,0
0,11.35953,0,0,0,270,0,0,0
0,11.36841,0,0,0,270,0,0,0
0,11.37664,0,0,0,270,0,0,0
0,11.38439,0,0,0,270,0,0,0
0,11.39297,0,0,0,270,0,0,0
0,11.39969,0,0,0,270,0,0,0
0,11.40799,0,0,0,270,0,0,0
0,11.41619,0,0,0,270,0,0,0
0,11.42431,0,0,0,270,0,0,0
0,11.43199,0,0,0,270,0,0,0
0,11.43951,0,0,0,270,0,0,0
0,11.4483,0,0,0,270,0,0,0
0,11.45602,0,0,0,270,0,0,0
0,11.46438,0,0,0,270,0,0,0
0,11.47265,0,0,0,270,0,0,0
0,11.48067,0,0,0,270,0,0,0
0,11.48784,0,0,0,270,0,0,0
0,11.49642,0,0,0,270,0,0,0
0,11.50364,0,0,0,270,0,0,0
0,11.51163,0,0,0,270,0,0,0
0,11.5197,0,0,0,270,0,0,0
0,11.52891,0,0,0,270,0,0,0
0,11.53772,0,0,0,270,0,0,0
0,11.54769,0,0,0,270,0,0,0
0,11.55632,0,0,0,270,0,0,0
0,11.56429,0,0,0,270,0,0,0
0,11.57219,0,0,0,270,0,0,0
0,11.57959,0,0,0,270,0,0,0
0,11.58697,0,0,0,270,0,0,0
0,11.59547,0,0,0,270,0,0,0
0,11.60392,0,0,0,270,0,0,0
0,11.61092,0,0,0,270,0,0,0
0,11.61935,0,0,0,270,0,0,0
0,11.62819,0,0,0,270,0,0,0
0,11.63646,0,0,0,270,0,0,0
0,11.64358,0,0,0,270,0,0,0
0,11.65331,0,0,0,270,0,0,0
0,11.66166,0,0,0,270,0,0,0
0,11.67134,0,0,0,270,0,0,0
0,11.67942,0,0,0,270,0,0,0
0,11.68924,0,0,0,270,0,0,0
0,11.69644,0,0,0,270,0,0,0
0,11.70536,0,0,0,270,0,0,0
0,11.71392,0,0,0,270,0,0,0
0,11.72135,0,0,0,270,0,0,0
0,11.73033,0,0,0,270,0,0,0
0,11.7393,0,0,0,270,0,0,0
0,11.74771,0,0,0,270,0,0,0
0,11.75521,0,0,0,270,0,0,0
0,11.76301,0,0,0,270,0,0,0
0,11.7705,0,0,0,270,0,0,0
0,11.77834,0,0,0,270,0,0,0
0,11.78741,0,0,0,270,0,0,0
0,11.79663,0,0,0,270,0,0,0
0,11.80481,0,0,0,270,0,0,0
0,11.81417,0,0,0,270,0,0,0
0,11.82306,0,0,0,270,0,0,0
0,11.83081,0,0,0,270,0,0,0
0,11.8395,0,0,0,270,0,0,0
0,11.84864,0,0,0,270,0,0,0
0,11.85909,0,0,0,270,0,0,0
0,11.86986,0,0,0,270,0,0,0
0,11.88009,0,0,0,270,0,0,0
0,11.90173,0,0,0,270,0,0,0
0,11.91036,0,0,0,270,0,0,0
0,11.91928,0,0,0,270,0,0,0
0,11.92825,0,0,0,270,0,0,0
0,11.93912,0,0,0,270,0,0,0
0,11.94926,0,0,0,270,0,0,0
0,11.95889,0,0,0,270,0,0,0
0,11.96989,0,0,0,270,0,0,0
0,11.98142,0,0,0,270,0,0,0
0,11.99165,0,0,0,270,0,0,0
0,12.0027,0,0,0,270,0,0,0
0,12.01317,0,0,0,270,0,0,0
0,12.02308,0,0,0,270,0,0,0
0,12.03272,0,0,0,270,0,0,0
0,12.04288,0,0,0,270,0,0,0
0,12.05291,0,0,0,270,0,0,0
0,12.06944,0,0,0,270,0,0,0
0,12.08035,0,0,0,270,0,0,0
0,12.09193,0,0,0,270,0,0,0
0,12.10363,0,0,0,270,0,0,0
0,12.11326,0,0,0,270,0,0,0
0,12.12425,0,0,0,270,0,0,0
0,12.13775,0,0,0,270,0,0,0
0,12.14912,0,0,0,270,0,0,0
0,12.1602,0,0,0,270,0,0,0
0,12.17239,0,0,0,270,0,0,0
0,12.18282,0,0,0,270,0,0,0
0,12.19378,0,0,0,270,0,0,0
0,12.20503,0,0,0,270,0,0,0
0,12.21585,0,0,0,270,0,0,0
0,12.22767,0,0,0,270,0,0,0
0,12.2404,0,0,0,270,0,0,0
0,12.25431,0,0,0,270,0,0,0
0,12.26877,0,0,0,270,0,0,0
0,12.28165,0,0,0,270,0,0,0
0,12.29146,0,0,0,270,0,0,0
0,12.30051,0,0,0,270,0,0,0
0,12.30941,0,0,0,270,0,0,0
0,12.31948,0,0,0,270,0,0,0
0,12.32917,0,0,0,270,0,0,0
0,12.33751,0,0,0,270,0,0,0
0,12.34773,0,0,0,270,0,0,0
0,12.35822,0,0,0,270,0,0,0
0,12.36855,0,0,0,270,0,0,0
0,12.3804,0,0,0,270,0,0,0
0,12.39124,0,0,0,270,0,0,0
0,12.40135,0,0,0,270,0,0,0
0,12.411,0,0,0,270,0,0,0
0,12.42112,0,0,0,270,0,0,0
0,12.43048,0,0,0,270,0,0,0
0,12.44071,0,0,0,270,0,0,0
0,12.44977,0,0,0,270,0,0,0
0,12.45865,0,0,0,270,0,0,0
0,12.46848,0,0,0,270,0,0,0
0,12.47865,0,0,0,270,0,0,0
0,12.4878,0,0,0,270,0,0,0
0,12.49729,0,0,0,270,0,0,0
0,12.50499,0,0,0,270,0,0,0
0,12.51363,0,0,0,270,0,0,0
0,12.52069,0,0,0,270,0,0,0
0,12.52927,0,0,0,270,0,0,0
0,12.53732,0,0,0,270,0,0,0
0,12.54644,0,0,0,270,0,0,0
0,12.55505,0,0,0,270,0,0,0
0,12.56485,0,0,0,270,0,0,0
0,12.57476,0,0,0,270,0,0,0
0,12.58365,0,0,0,270,0,0,0
0,12.59153,0,0,0,270,0,0,0
0,12.60057,0,0,0,270,0,0,0
0,12.60809,0,0,0,270,0,0,0
0,12.61728,0,0,0,270,0,0,0
0,12.62529,0,0,0,270,0,0,0
0,12.63371,0,0,0,270,0,0,0
0,12.64145,0,0,0,270,0,0,0
0,12.64908,0,0,0,270,0,0,0
0,12.65771,0,0,0,270,0,0,0
0,12.666,0,0,0,270,0,0,0
0,12.67359,0,0,0,270,0,0,0
0,12.68118,0,0,0,270,0,0,0
0,12.68861,0,0,0,270,0,0,0
0,12.69594,0,0,0,270,0,0,0
0,12.70402,0,0,0,270,0,0,0
0,12.71258,0,0,0,270,0,0,0
0,12.72101,0,0,0,270,0,0,0
0,12.72895,0,0,0,270,0,0,0
0,12.73642,0,0,0,270,0,0,0
0,12.74418,0,0,0,270,0,0,0
0,12.75241,0,0,0,270,0,0,0
0,12.76068,0,0,0,270,0,0,0
0,12.76829,0,0,0,270,0,0,0
0,12.77583,0,0,0,270,0,0,0
0,12.7842,0,0,0,270,0,0,0
0,12.79174,0,0,0,270,0,0,0
0,12.79922,0,0,0,270,0,0,0
0,12.80725,0,0,0,270,0,0,0
0,12.81624,0,0,0,270,0,0,0
0,12.82491,0,0,0,270,0,0,0
0,12.8322,0,0,0,270,0,0,0
0,12.84047,0,0,0,270,0,0,0
0,12.84848,0,0,0,270,0,0,0
0,12.85666,0,0,0,270,0,0,0
0,12.86485,0,0,0,270,0,0,0
0,12.87306,0,0,0,270,0,0,0
0,12.88097,0,0,0,270,0,0,0
0,12.88947,0,0,0,270,0,0,0
0,12.89651,0,0,0,270,0,0,0
0,12.9059,0,0,0,270,0,0,0
0,12.91353,0,0,0,270,0,0,0
0,12.92164,0,0,0,270,0,0,0
0,12.9292,0,0,0,270,0,0,0
0,12.93728,0,0,0,270,0,0,0
0,12.94499,0,0,0,270,0,0,0
0,12.95246,0,0,0,270,0,0,0
0,12.96111,0,0,0,270,0,0,0
0,12.97186,0,0,0,270,0,0,0
0,12.98106,0,0,0,270,0,0,0
0,12.98955,0,0,0,270,0,0,0
0,12.99979,0,0,0,270,0,0,0
0,13.00988,0,0,0,270,0,0,0
0,13.01919,0,0,0,270,0,0,0
0,13.02899,0,0,0,270,0,0,0
0,13.03928,0,0,0,270,0,0,0
0,13.049,0,0,0,270,0,0,0
0,13.0591,0,0,0,270,0,0,0
0,13.06864,0,0,0,270,0,0,0
0,13.0776,0,0,0,270,0,0,0
0,13.08815,0,0,0,270,0,0,0
0,13.09827,0,0,0,270,0,0,0
0,13.10804,0,0,0,270,0,0,0
0,13.11794,0,0,0,270,0,0,0
0,13.12897,0,0,0,270,0,0,0
0,13.14023,0,0,0,270,0,0,0
0,13.15284,0,0,0,270,0,0,0
0,13.16587,0,0,0,270,0,0,0
0,13.17678,0,0,0,270,0,0,0
0,13.18845,0,0,0,270,0,0,0
0,13.19938,0,0,0,270,0,0,0
0,13.20934,0,0,0,270,0,0,0
0,13.22035,0,0,0,270,0,0,0
0,13.23193,0,0,0,270,0,0,0
0,13.24228,0,0,0,270,0,0,0
0,13.2525,0,0,0,270,0,0,0
0,13.26368,0,0,0,270,0,0,0
0,13.2749,0,0,0,270,0,0,0
0,13.28828,0,0,0,270,0,0,0
0,13.3002,0,0,0,270,0,0,0
0,13.31147,0,0,0,270,0,0,0
0,13.32141,0,0,0,270,0,0,0
0,13.33249,0,0,0,270,0,0,0
0,13.34299,0,0,0,270,0,0,0
0,13.35322,0,0,0,270,0,0,0
0,13.36459,0,0,0,270,0,0,0
0,13.37562,0,0,0,270,0,0,0
0,13.38666,0,0,0,270,0,0,0
0,13.39774,0,0,0,270,0,0,0
0,13.40842,0,0,0,270,0,0,0
0,13.42146,0,0,0,270,0,0,0
0,13.43172,0,0,0,270,0,0,0
0,13.44263,0,0,0,270,0,0,0
0,13.45293,0,0,0,270,0,0,0
0,13.46183,0,0,0,270,0,0,0
0,13.47159,0,0,0,270,0,0,0
0,13.4813,0,0,0,270,0,0,0
0,13.49168,0,0,0,270,0,0,0
0,13.50217,0,0,0,270,0,0,0
0,13.5132,0,0,0,270,0,0,0
0,13.52461,0,0,0,270,0,0,0
0,13.53473,0,0,0,270,0,0,0
0,13.5451,0,0,0,270,0,0,0
0,13.55438,0,0,0,270,0,0,0
0,13.56463,0,0,0,270,0,0,0
0,13.5768,0,0,0,270,0,0,0
0,13.58792,0,0,0,270,0,0,0
0,13.59852,0,0,0,270,0,0,0
0,13.60969,0,0,0,270,0,0,0
0,13.61955,0,0,0,270,0,0,0
0,13.62852,0,0,0,270,0,0,0
0,13.6387,0,0,0,270,0,0,0
0,13.64771,0,0,0,270,0,0,0
0,13.65608,0,0,0,270,0,0,0
0,13.66327,0,0,0,270,0,0,0
0,13.67151,0,0,0,270,0,0,0
0,13.68001,0,0,0,270,0,0,0
0,13.68755,0,0,0,270,0,0,0
0,13.69517,0,0,0,270,0,0,0
0,13.71528,0,0,0,270,0,0,0
0,13.72272,0,0,0,270,0,0,0
0,13.73125,0,0,0,270,0,0,0
0,13.74039,0,0,0,270,0,0,0
0,13.74819,0,0,0,270,0,0,0
0,13.75672,0,0,0,270,0,0,0
0,13.76444,0,0,0,270,0,0,0
0,13.77259,0,0,0,270,0,0,0
0,13.78082,0,0,0,270,0,0,0
0,13.78853,0,0,0,270,0,0,0
0,13.79668,0,0,0,270,0,0,0
0,13.80426,0,0,0,270,0,0,0
0,13.81292,0,0,0,270,0,0,0
0,13.82043,0,0,0,270,0,0,0
0,13.82793,0,0,0,270,0,0,0
0,13.83638,0,0,0,270,0,0,0
0,13.84407,0,0,0,270,0,0,0
0,13.85227,0,0,0,270,0,0,0
0,13.86107,0,0,0,270,0,0,0
0,13.86949,0,0,0,270,0,0,0
0,13.87607,0,0,0,270,0,0,0
0,13.88364,0,0,0,270,0,0,0
0,13.89214,0,0,0,270,0,0,0
0,13.89941,0,0,0,270,0,0,0
0,13.90736,0,0,0,270,0,0,0
0,13.9157,0,0,0,270,0,0,0
0,13.92533,0,0,0,270,0,0,0
0,13.93314,0,0,0,270,0,0,0
0,13.94242,0,0,0,270,0,0,0
0,13.95193,0,0,0,270,0,0,0
0,13.96128,0,0,0,270,0,0,0
0,13.97033,0,0,0,270,0,0,0
0,13.97831,0,0,0,270,0,0,0
0,13.98689,0,0,0,270,0,0,0
0,13.99453,0,0,0,270,0,0,0
0,14.00316,0,0,0,270,0,0,0
0,14.01065,0,0,0,270,0,0,0
0,14.01859,0,0,0,270,0,0,0
0,14.02652,0,0,0,270,0,0,0
0,14.03465,0,0,0,270,0,0,0
0,14.0431,0,0,0,270,0,0,0
0,14.05089,0,0,0,270,0,0,0
0,14.05861,0,0,0,270,0,0,0
0,14.06558,0,0,0,270,0,0,0
0,14.0737,0,0,0,270,0,0,0
0,14.08341,0,0,0,270,0,0,0
0,14.09228,0,0,0,270,0,0,0
0,14.10022,0,0,0,270,0,0,0
0,14.10893,0,0,0,270,0,0,0
0,14.11678,0,0,0,270,0,0,0
0,14.12468,0,0,0,270,0,0,0
0,14.132,0,0,0,270,0,0,0
0,14.14107,0,0,0,270,0,0,0
0,14.14936,0,0,0,270,0,0,0
0,14.15754,0,0,0,270,0,0,0
0,14.16863,0,0,0,270,0,0,0
0,14.17997,0,0,0,270,0,0,0
0,14.19194,0,0,0,270,0,0,0
0,14.20331,0,0,0,270,0,0,0
0,14.21533,0,0,0,270,0,0,0
0,14.22445,0,0,0,270,0,0,0
0,14.2342,0,0,0,270,0,0,0
0,14.24352,0,0,0,270,0,0,0
0,14.25315,0,0,0,270,0,0,0
0,14.26399,0,0,0,270,0,0,0
0,14.27572,0,0,0,270,0,0,0
0,14.28658,0,0,0,270,0,0,0
0,14.29928,0,0,0,270,0,0,0
0,14.31251,0,0,0,270,0,0,0
0,14.32652,0,0,0,270,0,0,0
0,14.33771,0,0,0,270,0,0,0
0,14.34769,0,0,0,270,0,0,0
0,14.35928,0,0,0,270,0,0,0
0,14.37071,0,0,0,270,0,0,0
0,14.38304,0,0,0,270,0,0,0
0,14.39476,0,0,0,270,0,0,0
0,14.4067,0,0,0,270,0,0,0
0,14.41554,0,0,0,270,0,0,0
0,14.42574,0,0,0,270,0,0,0
0,14.43862,0,0,0,270,0,0,0
0,14.44903,0,0,0,270,0,0,0
0,14.45916,0,0,0,270,0,0,0
0,14.4705,0,0,0,270,0,0,0
0,14.48326,0,0,0,270,0,0,0
0,14.49356,0,0,0,270,0,0,0
0,14.50347,0,0,0,270,0,0,0
0,14.51376,0,0,0,270,0,0,0
0,14.52265,0,0,0,270,0,0,0
0,14.53265,0,0,0,270,0,0,0
0,14.54339,0,0,0,270,0,0,0
0,14.55426,0,0,0,270,0,0,0
0,14.56564,0,0,0,270,0,0,0
0,14.57638,0,0,0,270,0,0,0
0,14.58747,0,0,0,270,0,0,0
0,14.59898,0,0,0,270,0,0,0
0,14.61005,0,0,0,270,0,0,0
0,14.62234,0,0,0,270,0,0,0
0,14.63225,0,0,0,270,0,0,0
0,14.64349,0,0,0,270,0,0,0
0,14.65366,0,0,0,270,0,0,0
0,14.66553,0,0,0,270,0,0,0
0,14.67705,0,0,0,270,0,0,0
0,14.68801,0,0,0,270,0,0,0
0,14.69873,0,0,0,270,0,0,0
0,14.71121,0,0,0,270,0,0,0
0,14.72193,0,0,0,270,0,0,0
0,14.73315,0,0,0,270,0,0,0
0,14.74169,0,0,0,270,0,0,0
0,14.75108,0,0,0,270,0,0,0
0,14.76097,0,0,0,270,0,0,0
0,14.77023,0,0,0,270,0,0,0
0,14.78037,0,0,0,270,0,0,0
0,14.78837,0,0,0,270,0,0,0
0,14.7967,0,0,0,270,0,0,0
0,14.80544,0,0,0,270,0,0,0
0,14.81427,0,0,0,270,0,0,0
0,14.82404,0,0,0,270,0,0,0
0,14.83296,0,0,0,270,0,0,0
0,14.84015,0,0,0,270,0,0,0
0,14.84796,0,0,0,270,0,0,0
0,14.85658,0,0,0,270,0,0,0
0,14.86471,0,0,0,270,0,0,0
0,14.87251,0,0,0,270,0,0,0
0,14.88135,0,0,0,270,0,0,0
0,14.89021,0,0,0,270,0,0,0
0,14.89737,0,0,0,270,0,0,0
0,14.90482,0,0,0,270,0,0,0
0,14.91313,0,0,0,270,0,0,0
0,14.92125,0,0,0,270,0,0,0
0,14.93002,0,0,0,270,0,0,0
0,14.93983,0,0,0,270,0,0,0
0,14.94906,0,0,0,270,0,0,0
0,14.95768,0,0,0,270,0,0,0
0,14.96603,0,0,0,270,0,0,0
0,14.97362,0,0,0,270,0,0,0
0,14.98273,0,0,0,270,0,0,0
0,14.99065,0,0,0,270,0,0,0
0,14.99796,0,0,0,270,0,0,0
0,15.0053,0,0,0,270,0,0,0
0,15.01416,0,0,0,270,0,0,0
0,15.02174,0,0,0,270,0,0,0
0,15.03098,0,0,0,270,0,0,0
0,15.03923,0,0,0,270,0,0,0
0,15.0482,0,0,0,270,0,0,0
0,15.05631,0,0,0,270,0,0,0
0,15.06385,0,0,0,270,0,0,0
0,15.07108,0,0,0,270,0,0,0
0,15.0787,0,0,0,270,0,0,0
0,15.08519,0,0,0,270,0,0,0
0,15.09279,0,0,0,270,0,0,0
0,15.10062,0,0,0,270,0,0,0
0,15.10848,0,0,0,270,0,0,0
0,15.11729,0,0,0,270,0,0,0
0,15.12559,0,0,0,270,0,0,0
0,15.13279,0,0,0,270,0,0,0
1,15.15535,0,0,0,270,0,0,0
1,15.16709,0,0,0,270,0,0,0
1,15.17976,0,0,0,299.9816,2.6,0,1.5
1,15.19297,0,0,0,299.9816,2.6,0,1.5
1,15.20701,0,0,0,299.9816,2.6,0,1.5
1,15.21685,0,0,0,299.9816,2.6,0,1.5
1,15.22601,0,0,0,299.9816,2.6,0,1.5
1,15.23525,0,0,0,299.9816,2.6,0,1.5
1,15.24344,0,0,0,299.9816,2.6,0,1.5
1,15.25357,0,0,0,299.9816,2.6,0,1.5
1,15.26244,0,0,0,299.9816,2.6,0,1.5
1,15.27231,0,0,0,299.9816,2.6,0,1.5
1,15.28169,0,0,0,299.9816,2.6,0,1.5
1,15.29056,0,0,0,299.9816,2.6,0,1.5
1,15.2992,0,0,0,299.9816,2.6,0,1.5
1,15.30861,0,0,0,299.9816,2.6,0,1.5
1,15.3192,0,0,0,299.9816,2.6,0,1.5
1,15.33306,0,0,0,299.9816,2.6,0,1.5
1,15.35064,0,0,0,299.9816,2.6,0,1.5
1,15.36673,0,0,0,299.9816,2.6,0,1.5
1,15.37744,0,0,0,299.9816,2.6,0,1.5
1,15.38915,0,0,0,299.9816,2.6,0,1.5
1,15.39956,0,0,0,299.9816,2.6,0,1.5
1,15.40981,0,0,0,299.9816,2.6,0,1.5
1,15.42265,0,0,0,299.9816,2.6,0,1.5
1,15.43455,0,0,0,299.9816,2.6,0,1.5
1,15.44442,0,0,0,299.9816,2.6,0,1.5
1,15.45598,0,0,0,299.9816,2.6,0,1.5
1,15.46864,0,0,0,299.9816,2.6,0,1.5
1,15.48086,0,0,0,299.9816,2.6,0,1.5
1,15.49977,0,0,0,299.9816,2.6,0,1.5
1,15.52086,0,0,0,299.9816,2.6,0,1.5
1,15.53361,0,0,0,299.9816,2.6,0,1.5
1,15.54599,0,0,0,299.9816,2.6,0,1.5
1,15.5582,0,0,0,299.9816,2.6,0,1.5
1,15.56952,0,0,0,299.9816,2.6,0,1.5
1,15.581,0,0,0,299.9816,2.6,0,1.5
1,15.59141,0,0,0,299.9816,2.6,0,1.5
1,15.60389,0,0,0,299.9816,2.6,0,1.5
1,15.61633,0,0,0,299.9816,2.6,0,1.5
1,15.62817,0,0,0,299.9816,2.6,0,1.5
1,15.64065,0,0,0,299.9816,2.6,0,1.5
1,15.65177,0,0,0,299.9816,2.6,0,1.5
1,15.66424,0,0,0,299.9816,2.6,0,1.5
1,15.67674,0,0,0,299.9816,2.6,0,1.5
1,15.69039,0,0,0,299.9816,2.6,0,1.5
1,15.70141,0,0,0,299.9816,2.6,0,1.5
1,15.71364,0,0,0,299.9816,2.6,0,1.5
1,15.7247,0,0,0,299.9816,2.6,0,1.5
1,15.73618,0,0,0,299.9816,2.6,0,1.5
1,15.74757,0,0,0,299.9816,2.6,0,1.5
1,15.75818,0,0,0,299.9816,2.6,0,1.5
1,15.77015,0,0,0,299.9816,2.6,0,1.5
1,15.78311,0,0,0,299.9816,2.6,0,1.5
1,15.79534,0,0,0,299.9816,2.6,0,1.5
1,15.80704,0,0,0,299.9816,2.6,0,1.5
1,15.82014,0,0,0,299.9816,2.6,0,1.5
1,15.83317,0,0,0,299.9816,2.6,0,1.5
1,15.84463,0,0,0,299.9816,2.6,0,1.5
1,15.85479,0,0,0,299.9816,2.6,0,1.5
1,15.86611,0,0,0,299.9816,2.6,0,1.5
1,15.87755,0,0,0,299.9816,2.6,0,1.5
1,15.88831,0,0,0,299.9816,2.6,0,1.5
1,15.89967,0,0,0,299.9816,2.6,0,1.5
1,15.91061,0,0,0,299.9816,2.6,0,1.5
1,15.92192,0,0,0,299.9816,2.6,0,1.5
1,15.93351,0,0,0,299.9816,2.6,0,1.5
1,15.94568,0,0,0,299.9816,2.6,0,1.5
1,15.95793,0,0,0,299.9816,2.6,0,1.5
1,15.97002,0,0,0,299.9816,2.6,0,1.5
1,15.98094,0,0,0,299.9816,2.6,0,1.5
1,15.99162,0,0,0,299.9816,2.6,0,1.5
1,16.00172,0,0,0,299.9816,2.6,0,1.5
1,16.01101,0,0,0,299.9816,2.6,0,1.5
1,16.02015,0,0,0,299.9816,2.6,0,1.5
1,16.03058,0,0,0,299.9816,2.6,0,1.5
1,16.04,0,0,0,299.9816,2.6,0,1.5
1,16.04953,0,0,0,299.9816,2.6,0,1.5
1,16.05996,0,0,0,299.9816,2.6,0,1.5
1,16.06894,0,0,0,299.9816,2.6,0,1.5
1,16.07872,0,0,0,299.9816,2.6,0,1.5
1,16.08711,0,0,0,299.9816,2.6,0,1.5
1,16.09647,0,0,0,299.9816,2.6,0,1.5
1,16.10562,0,0,0,299.9816,2.6,0,1.5
1,16.1144,0,0,0,299.9816,2.6,0,1.5
1,16.12278,0,0,0,299.9816,2.6,0,1.5
1,16.13072,0,0,0,299.9816,2.6,0,1.5
1,16.13958,0,0,0,299.9816,2.6,0,1.5
1,16.14717,0,0,0,299.9816,2.6,0,1.5
1,16.15526,0,0,0,299.9816,2.6,0,1.5
1,16.16375,0,0,0,299.9816,2.6,0,1.5
1,16.17214,0,0,0,299.9816,2.6,0,1.5
1,16.18044,0,0,0,299.9816,2.6,0,1.5
1,16.18981,0,0,0,299.9816,2.6,0,1.5
1,16.19821,0,0,0,299.9816,2.6,0,1.5
1,16.20741,0,0,0,299.9816,2.6,0,1.5
1,16.21726,0,0,0,299.9816,2.6,0,1.5
1,16.22768,0,0,0,299.9816,2.6,0,1.5
1,16.23804,0,0,0,299.9816,2.6,0,1.5
1,16.24808,0,0,0,299.9816,2.6,0,1.5
1,16.25847,0,0,0,299.9816,2.6,0,1.5
1,16.267,0,0,0,299.9816,2.6,0,1.5
1,16.2753,0,0,0,299.9816,2.6,0,1.5
1,16.28418,0,0,0,299.9816,2.6,0,1.5
1,16.29326,0,0,0,299.9816,2.6,0,1.5
1,16.30158,0,0,0,299.9816,2.6,0,1.5
1,16.31046,0,0,0,299.9816,2.6,0,1.5
1,16.31942,0,0,0,299.9816,2.6,0,1.5
1,16.32837,0,0,0,299.9816,2.6,0,1.5
1,16.33745,0,0,0,299.9816,2.6,0,1.5
1,16.34782,0,0,0,299.9816,2.6,0,1.5
1,16.35927,0,0,0,299.9816,2.6,0,1.5
1,16.36876,0,0,0,299.9816,2.6,0,1.5
1,16.37734,0,0,0,299.9816,2.6,0,1.5
1,16.38608,0,0,0,299.9816,2.6,0,1.5
1,16.39454,0,0,0,299.9816,2.6,0,1.5
1,16.40372,0,0,0,299.9816,2.6,0,1.5
1,16.41195,0,0,0,299.9816,2.6,0,1.5
1,16.4199,0,0,0,299.9816,2.6,0,1.5
1,16.42889,0,0,0,299.9816,2.6,0,1.5
1,16.43836,0,0,0,299.9816,2.6,0,1.5
1,16.44753,0,0,0,299.9816,2.6,0,1.5
1,16.45606,0,0,0,299.9816,2.6,0,1.5
1,16.46486,0,0,0,299.9816,2.6,0,1.5
1,16.47344,0,0,0,299.9816,2.6,0,1.5
1,16.48452,0,0,0,299.9816,2.6,0,1.5
1,16.49289,0,0,0,299.9816,2.6,0,1.5
1,16.50285,0,0,0,299.9816,2.6,0,1.5
1,16.51298,0,0,0,299.9816,2.6,0,1.5
1,16.52186,0,0,0,299.9816,2.6,0,1.5
1,16.53257,0,0,0,299.9816,2.6,0,1.5
1,16.54181,0,0,0,299.9816,2.6,0,1.5
1,16.54958,0,0,0,299.9816,2.6,0,1.5
1,16.55969,0,0,0,299.9816,2.6,0,1.5
1,16.5698,0,0,0,299.9816,2.6,0,1.5
1,16.58163,0,0,0,299.9816,2.6,0,1.5
1,16.59395,0,0,0,299.9816,2.6,0,1.5
1,16.60455,0,0,0,299.9816,2.6,0,1.5
1,16.61502,0,0,0,299.9816,2.6,0,1.5
1,16.62667,0,0,0,299.9816,2.6,0,1.5
1,16.63803,0,0,0,299.9816,2.6,0,1.5
1,16.64872,0,0,0,299.9816,2.6,0,1.5
1,16.66033,0,0,0,299.9816,2.6,0,1.5
1,16.67284,0,0,0,299.9816,2.6,0,1.5
1,16.68324,0,0,0,299.9816,2.6,0,1.5
1,16.69391,0,0,0,299.9816,2.6,0,1.5
1,16.70658,0,0,0,299.9816,2.6,0,1.5
1,16.71707,0,0,0,299.9816,2.6,0,1.5
1,16.72704,0,0,0,299.9816,2.6,0,1.5
1,16.73668,0,0,0,299.9816,2.6,0,1.5
1,16.74751,0,0,0,299.9816,2.6,0,1.5
1,16.75722,0,0,0,299.9816,2.6,0,1.5
1,16.76924,0,0,0,299.9816,2.6,0,1.5
1,16.78103,0,0,0,299.9816,2.6,0,1.5
1,16.79211,0,0,0,299.9816,2.6,0,1.5
1,16.80378,0,0,0,299.9816,2.6,0,1.5
1,16.81414,0,0,0,299.9816,2.6,0,1.5
1,16.82467,0,0,0,299.9816,2.6,0,1.5
1,16.83559,0,0,0,299.9816,2.6,0,1.5
1,16.84731,0,0,0,299.9816,2.6,0,1.5
1,16.85897,0,0,0,299.9816,2.6,0,1.5
1,16.86844,0,0,0,299.9816,2.6,0,1.5
1,16.87832,0,0,0,299.9816,2.6,0,1.5
1,16.89021,0,0,0,299.9816,2.6,0,1.5
1,16.90111,0,0,0,299.9816,2.6,0,1.5
1,16.91086,0,0,0,299.9816,2.6,0,1.5
1,16.92367,0,0,0,299.9816,2.6,0,1.5
1,16.93559,0,0,0,299.9816,2.6,0,1.5
1,16.94678,0,0,0,299.9816,2.6,0,1.5
1,16.95691,0,0,0,299.9816,2.6,0,1.5
1,16.96699,0,0,0,299.9816,2.6,0,1.5
1,16.97632,0,0,0,299.9816,2.6,0,1.5
1,16.98764,0,0,0,299.9816,2.6,0,1.5
1,16.99854,0,0,0,299.9816,2.6,0,1.5
1,17.00751,0,0,0,299.9816,2.6,0,1.5
1,17.01815,0,0,0,299.9816,2.6,0,1.5
1,17.02959,0,0,0,299.9816,2.6,0,1.5
1,17.03907,0,0,0,299.9816,2.6,0,1.5
1,17.05,0,0,0,299.9816,2.6,0,1.5
1,17.06046,0,0,0,299.9816,2.6,0,1.5
1,17.06978,0,0,0,299.9816,2.6,0,1.5
1,17.07923,0,0,0,299.9816,2.6,0,1.5
1,17.08855,0,0,0,299.9816,2.6,0,1.5
1,17.09723,0,0,0,299.9816,2.6,0,1.5
1,17.10674,0,0,0,299.9816,2.6,0,1.5
1,17.1153,0,0,0,299.9816,2.6,0,1.5
1,17.12407,0,0,0,299.9816,2.6,0,1.5
1,17.13231,0,0,0,299.9816,2.6,0,1.5
1,17.14241,0,0,0,299.9816,2.6,0,1.5
1,17.15278,0,0,0,299.9816,2.6,0,1.5
1,17.16216,0,0,0,299.9816,2.6,0,1.5
1,17.17176,0,0,0,299.9816,2.6,0,1.5
1,17.17987,0,0,0,299.9816,2.6,0,1.5
1,17.1881,0,0,0,299.9816,2.6,0,1.5
1,17.19732,0,0,0,299.9816,2.6,0,1.5
1,17.20572,0,0,0,299.9816,2.6,0,1.5
1,17.21461,0,0,0,299.9816,2.6,0,1.5
1,17.22201,0,0,0,299.9816,2.6,0,1.5
1,17.23176,0,0,0,299.9816,2.6,0,1.5
1,17.24166,0,0,0,299.9816,2.6,0,1.5
1,17.25181,0,0,0,299.9816,2.6,0,1.5
1,17.26262,0,0,0,299.9816,2.6,0,1.5
1,17.27104,0,0,0,299.9816,2.6,0,1.5
1,17.28263,0,0,0,299.9816,2.6,0,1.5
1,17.29169,0,0,0,299.9816,2.6,0,1.5
1,17.29975,0,0,0,299.9816,2.6,0,1.5
1,17.3082,0,0,0,299.9816,2.6,0,1.5
1,17.31634,0,0,0,299.9816,2.6,0,1.5
1,17.32488,0,0,0,299.9816,2.6,0,1.5
1,17.33315,0,0,0,299.9816,2.6,0,1.5
1,17.34167,0,0,0,299.9816,2.6,0,1.5
1,17.35033,0,0,0,299.9816,2.6,0,1.5
1,17.35928,0,0,0,299.9816,2.6,0,1.5
1,17.36848,0,0,0,299.9816,2.6,0,1.5
1,17.37732,0,0,0,299.9816,2.6,0,1.5
1,17.38737,0,0,0,299.9816,2.6,0,1.5
1,17.39513,0,0,0,299.9816,2.6,0,1.5
1,17.41339,0,0,0,299.9816,2.6,0,1.5
1,17.42171,0,0,0,299.9816,2.6,0,1.5
1,17.43069,0,0,0,299.9816,2.6,0,1.5
1,17.4391,0,0,0,299.9816,2.6,0,1.5
1,17.44686,0,0,0,299.9816,2.6,0,1.5
1,17.45432,0,0,0,299.9816,2.6,0,1.5
1,17.463,0,0,0,299.9816,2.6,0,1.5
1,17.47091,0,0,0,299.9816,2.6,0,1.5
1,17.4784,0,0,0,299.9816,2.6,0,1.5
1,17.48659,0,0,0,299.9816,2.6,0,1.5
1,17.49603,0,0,0,299.9816,2.6,0,1.5
1,17.505,0,0,0,299.9816,2.6,0,1.5
1,17.5132,0,0,0,299.9816,2.6,0,1.5
1,17.52185,0,0,0,299.9816,2.6,0,1.5
1,17.53047,0,0,0,299.9816,2.6,0,1.5
1,17.53924,0,0,0,299.9816,2.6,0,1.5
1,17.54766,0,0,0,299.9816,2.6,0,1.5
1,17.55474,0,0,0,299.9816,2.6,0,1.5
1,17.5636,0,0,0,299.9816,2.6,0,1.5
1,17.57106,0,0,0,299.9816,2.6,0,1.5
1,17.5806,0,0,0,299.9816,2.6,0,1.5
1,17.58883,0,0,0,299.9816,2.6,0,1.5
1,17.5976,0,0,0,299.9816,2.6,0,1.5
1,17.60636,0,0,0,299.9816,2.6,0,1.5
1,17.61457,0,0,0,299.9816,2.6,0,1.5
1,17.62357,0,0,0,299.9816,2.6,0,1.5
1,17.63397,0,0,0,299.9816,2.6,0,1.5
1,17.64618,0,0,0,299.9816,2.6,0,1.5
1,17.65831,0,0,0,299.9816,2.6,0,1.5
1,17.67078,0,0,0,299.9816,2.6,0,1.5
1,17.68199,0,0,0,299.9816,2.6,0,1.5
1,17.6915,0,0,0,299.9816,2.6,0,1.5
1,17.70179,0,0,0,299.9816,2.6,0,1.5
1,17.71246,0,0,0,299.9816,2.6,0,1.5
1,17.72341,0,0,0,299.9816,2.6,0,1.5
1,17.73545,0,0,0,299.9816,2.6,0,1.5
1,17.74755,0,0,0,299.9816,2.6,0,1.5
1,17.75788,0,0,0,299.9816,2.6,0,1.5
1,17.76842,0,0,0,299.9816,2.6,0,1.5
1,17.77848,0,0,0,299.9816,2.6,0,1.5
1,17.78852,0,0,0,299.9816,2.6,0,1.5
1,17.79924,0,0,0,299.9816,2.6,0,1.5
1,17.81149,0,0,0,299.9816,2.6,0,1.5
1,17.82198,0,0,0,299.9816,2.6,0,1.5
1,17.83482,0,0,0,299.9816,2.6,0,1.5
1,17.84582,0,0,0,299.9816,2.6,0,1.5
1,17.85678,0,0,0,299.9816,2.6,0,1.5
1,17.86749,0,0,0,299.9816,2.6,0,1.5
1,17.87958,0,0,0,299.9816,2.6,0,1.5
1,17.89043,0,0,0,299.9816,2.6,0,1.5
1,17.90085,0,0,0,299.9816,2.6,0,1.5
1,17.91094,0,0,0,299.9816,2.6,0,1.5
1,17.92396,0,0,0,299.9816,2.6,0,1.5
1,17.94192,0,0,0,299.9816,2.6,0,1.5
1,17.95461,0,0,0,299.9816,2.6,0,1.5
1,17.96568,0,0,0,299.9816,2.6,0,1.5
1,17.97726,0,0,0,299.9816,2.6,0,1.5
1,17.98757,0,0,0,299.9816,2.6,0,1.5
1,17.99837,0,0,0,299.9816,2.6,0,1.5
1,18.00799,0,0,0,299.9816,2.6,0,1.5
1,18.01806,0,0,0,299.9816,2.6,0,1.5
1,18.03018,0,0,0,299.9816,2.6,0,1.5
1,18.04046,0,0,0,299.9816,2.6,0,1.5
1,18.05225,0,0,0,299.9816,2.6,0,1.5
1,18.06315,0,0,0,299.9816,2.6,0,1.5
1,18.0734,0,0,0,299.9816,2.6,0,1.5
1,18.08621,0,0,0,299.9816,2.6,0,1.5
1,18.09615,0,0,0,299.9816,2.6,0,1.5
1,18.10581,0,0,0,299.9816,2.6,0,1.5
1,18.11581,0,0,0,299.9816,2.6,0,1.5
1,18.12669,0,0,0,299.9816,2.6,0,1.5
1,18.13858,0,0,0,299.9816,2.6,0,1.5
1,18.14939,0,0,0,299.9816,2.6,0,1.5
1,18.16007,0,0,0,299.9816,2.6,0,1.5
1,18.1743,0,0,0,299.9816,2.6,0,1.5
1,18.18737,0,0,0,299.9816,2.6,0,1.5
1,18.19836,0,0,0,299.9816,2.6,0,1.5
1,18.20869,0,0,0,299.9816,2.6,0,1.5
1,18.21876,0,0,0,299.9816,2.6,0,1.5
1,18.22903,0,0,0,299.9816,2.6,0,1.5
1,18.23885,0,0,0,299.9816,2.6,0,1.5
1,18.24854,0,0,0,299.9816,2.6,0,1.5
1,18.25716,0,0,0,299.9816,2.6,0,1.5
1,18.26871,0,0,0,299.9816,2.6,0,1.5
1,18.28195,0,0,0,299.9816,2.6,0,1.5
1,18.29457,0,0,0,299.9816,2.6,0,1.5
1,18.30875,0,0,0,299.9816,2.6,0,1.5
1,18.31947,0,0,0,299.9816,2.6,0,1.5
1,18.32822,0,0,0,299.9816,2.6,0,1.5
1,18.33641,0,0,0,299.9816,2.6,0,1.5
1,18.34625,0,0,0,299.9816,2.6,0,1.5
1,18.35415,0,0,0,299.9816,2.6,0,1.5
1,18.36279,0,0,0,299.9816,2.6,0,1.5
1,18.3714,0,0,0,299.9816,2.6,0,1.5
1,18.38026,0,0,0,299.9816,2.6,0,1.5
1,18.39026,0,0,0,299.9816,2.6,0,1.5
1,18.39906,0,0,0,299.9816,2.6,0,1.5
1,18.40922,0,0,0,299.9816,2.6,0,1.5
1,18.41786,0,0,0,299.9816,2.6,0,1.5
1,18.42661,0,0,0,299.9816,2.6,0,1.5
1,18.43519,0,0,0,299.9816,2.6,0,1.5
1,18.44267,0,0,0,299.9816,2.6,0,1.5
1,18.45175,0,0,0,299.9816,2.6,0,1.5
1,18.46229,0,0,0,299.9816,2.6,0,1.5
1,18.47249,0,0,0,299.9816,2.6,0,1.5
1,18.48094,0,0,0,299.9816,2.6,0,1.5
1,18.49017,0,0,0,299.9816,2.6,0,1.5
1,18.49788,0,0,0,299.9816,2.6,0,1.5
1,18.50661,0,0,0,299.9816,2.6,0,1.5
1,18.51481,0,0,0,299.9816,2.6,0,1.5
1,18.52289,0,0,0,299.9816,2.6,0,1.5
1,18.53025,0,0,0,299.9816,2.6,0,1.5
1,18.53815,0,0,0,299.9816,2.6,0,1.5
1,18.54677,0,0,0,299.9816,2.6,0,1.5
1,18.55397,0,0,0,299.9816,2.6,0,1.5
1,18.56281,0,0,0,299.9816,2.6,0,1.5
1,18.57059,0,0,0,299.9816,2.6,0,1.5
1,18.57994,0,0,0,299.9816,2.6,0,1.5
1,18.5871,0,0,0,299.9816,2.6,0,1.5
1,18.59542,0,0,0,299.9816,2.6,0,1.5
1,18.60404,0,0,0,299.9816,2.6,0,1.5
1,18.61209,0,0,0,299.9816,2.6,0,1.5
1,18.61991,0,0,0,299.9816,2.6,0,1.5
1,18.62805,0,0,0,299.9816,2.6,0,1.5
1,18.63712,0,0,0,299.9816,2.6,0,1.5
1,18.64533,0,0,0,299.9816,2.6,0,1.5
1,18.65437,0,0,0,299.9816,2.6,0,1.5
1,18.66294,0,0,0,299.9816,2.6,0,1.5
1,18.6727,0,0,0,299.9816,2.6,0,1.5
1,18.68091,0,0,0,299.9816,2.6,0,1.5
1,18.69099,0,0,0,299.9816,2.6,0,1.5
1,18.6993,0,0,0,299.9816,2.6,0,1.5
1,18.70831,0,0,0,299.9816,2.6,0,1.5
1,18.71706,0,0,0,299.9816,2.6,0,1.5
1,18.72462,0,0,0,299.9816,2.6,0,1.5
1,18.73239,0,0,0,299.9816,2.6,0,1.5
1,18.74079,0,0,0,299.9816,2.6,0,1.5
1,18.75067,0,0,0,299.9816,2.6,0,1.5
1,18.75974,0,0,0,299.9816,2.6,0,1.5
1,18.76712,0,0,0,299.9816,2.6,0,1.5
1,18.77542,0,0,0,299.9816,2.6,0,1.5
1,18.78448,0,0,0,299.9816,2.6,0,1.5
1,18.79483,0,0,0,299.9816,2.6,0,1.5
1,18.80487,0,0,0,299.9816,2.6,0,1.5
1,18.81638,0,0,0,299.9816,2.6,0,1.5
1,18.82703,0,0,0,299.9816,2.6,0,1.5
1,18.83687,0,0,0,299.9816,2.6,0,1.5
1,18.84729,0,0,0,299.9816,2.6,0,1.5
1,18.85865,0,0,0,299.9816,2.6,0,1.5
1,18.86807,0,0,0,299.9816,2.6,0,1.5
1,18.87704,0,0,0,299.9816,2.6,0,1.5
1,18.88821,0,0,0,299.9816,2.6,0,1.5
1,18.89846,0,0,0,299.9816,2.6,0,1.5
1,18.90899,0,0,0,299.9816,2.6,0,1.5
1,18.92006,0,0,0,299.9816,2.6,0,1.5
1,18.93165,0,0,0,299.9816,2.6,0,1.5
1,18.94318,0,0,0,299.9816,2.6,0,1.5
1,18.95412,0,0,0,299.9816,2.6,0,1.5
1,18.96644,0,0,0,299.9816,2.6,0,1.5
1,18.97717,0,0,0,299.9816,2.6,0,1.5
1,18.98955,0,0,0,299.9816,2.6,0,1.5
1,19.00213,0,0,0,299.9816,2.6,0,1.5
1,19.01308,0,0,0,299.9816,2.6,0,1.5
1,19.024,0,0,0,299.9816,2.6,0,1.5
1,19.03444,0,0,0,299.9816,2.6,0,1.5
1,19.04639,0,0,0,299.9816,2.6,0,1.5
1,19.0573,0,0,0,299.9816,2.6,0,1.5
1,19.06635,0,0,0,299.9816,2.6,0,1.5
1,19.07708,0,0,0,299.9816,2.6,0,1.5
1,19.08809,0,0,0,299.9816,2.6,0,1.5
1,19.09966,0,0,0,299.9816,2.6,0,1.5
1,19.11136,0,0,0,299.9816,2.6,0,1.5
1,19.12205,0,0,0,299.9816,2.6,0,1.5
1,19.13249,0,0,0,299.9816,2.6,0,1.5
1,19.14378,0,0,0,299.9816,2.6,0,1.5
1,19.15565,0,0,0,299.9816,2.6,0,1.5
1,19.1654,0,0,0,299.9816,2.6,0,1.5
1,19.17718,0,0,0,299.9816,2.6,0,1.5
1,19.18821,0,0,0,299.9816,2.6,0,1.5
1,19.19929,0,0,0,299.9816,2.6,0,1.5
1,19.21052,0,0,0,299.9816,2.6,0,1.5
1,19.22429,0,0,0,299.9816,2.6,0,1.5
1,19.23659,0,0,0,299.9816,2.6,0,1.5
1,19.24761,0,0,0,299.9816,2.6,0,1.5
1,19.25794,0,0,0,299.9816,2.6,0,1.5
1,19.26826,0,0,0,299.9816,2.6,0,1.5
1,19.28545,0,0,0,299.9816,2.6,0,1.5
1,19.30736,0,0,0,299.9816,2.6,0,1.5
1,19.31812,0,0,0,299.9816,2.6,0,1.5
1,19.32826,0,0,0,299.9816,2.6,0,1.5
1,19.33944,0,0,0,299.9816,2.6,0,1.5
1,19.34884,0,0,0,299.9816,2.6,0,1.5
1,19.35869,0,0,0,299.9816,2.6,0,1.5
1,19.36899,0,0,0,299.9816,2.6,0,1.5
1,19.37882,0,0,0,299.9816,2.6,0,1.5
1,19.38864,0,0,0,299.9816,2.6,0,1.5
1,19.39973,0,0,0,299.9816,2.6,0,1.5
1,19.41058,0,0,0,299.9816,2.6,0,1.5
1,19.42241,0,0,0,299.9816,2.6,0,1.5
1,19.43454,0,0,0,299.9816,2.6,0,1.5
1,19.44385,0,0,0,299.9816,2.6,0,1.5
1,19.45251,0,0,0,299.9816,2.6,0,1.5
1,19.46139,0,0,0,299.9816,2.6,0,1.5
1,19.47105,0,0,0,299.9816,2.6,0,1.5
1,19.48003,0,0,0,299.9816,2.6,0,1.5
1,19.48735,0,0,0,299.9816,2.6,0,1.5
1,19.49544,0,0,0,299.9816,2.6,0,1.5
1,19.50364,0,0,0,299.9816,2.6,0,1.5
1,19.51282,0,0,0,299.9816,2.6,0,1.5
1,19.52041,0,0,0,299.9816,2.6,0,1.5
1,19.52941,0,0,0,299.9816,2.6,0,1.5
1,19.5383,0,0,0,299.9816,2.6,0,1.5
1,19.54734,0,0,0,299.9816,2.6,0,1.5
1,19.55582,0,0,0,299.9816,2.6,0,1.5
1,19.56579,0,0,0,299.9816,2.6,0,1.5
1,19.57417,0,0,0,299.9816,2.6,0,1.5
1,19.58296,0,0,0,299.9816,2.6,0,1.5
1,19.59251,0,0,0,299.9816,2.6,0,1.5
1,19.60071,0,0,0,299.9816,2.6,0,1.5
1,19.60859,0,0,0,299.9816,2.6,0,1.5
1,19.6168,0,0,0,299.9816,2.6,0,1.5
1,19.62608,0,0,0,299.9816,2.6,0,1.5
1,19.63607,0,0,0,299.9816,2.6,0,1.5
1,19.64538,0,0,0,299.9816,2.6,0,1.5
1,19.65379,0,0,0,299.9816,2.6,0,1.5
1,19.66235,0,0,0,299.9816,2.6,0,1.5
1,19.67095,0,0,0,299.9816,2.6,0,1.5
1,19.67868,0,0,0,299.9816,2.6,0,1.5
1,19.68756,0,0,0,299.9816,2.6,0,1.5
1,19.69662,0,0,0,299.9816,2.6,0,1.5
1,19.70581,0,0,0,299.9816,2.6,0,1.5
1,19.71523,0,0,0,299.9816,2.6,0,1.5
1,19.723,0,0,0,299.9816,2.6,0,1.5
1,19.73069,0,0,0,299.9816,2.6,0,1.5
1,19.73991,0,0,0,299.9816,2.6,0,1.5
1,19.74973,0,0,0,299.9816,2.6,0,1.5
1,19.75882,0,0,0,299.9816,2.6,0,1.5
1,19.76816,0,0,0,299.9816,2.6,0,1.5
1,19.77664,0,0,0,299.9816,2.6,0,1.5
1,19.78467,0,0,0,299.9816,2.6,0,1.5
1,19.79231,0,0,0,299.9816,2.6,0,1.5
1,19.80102,0,0,0,299.9816,2.6,0,1.5
1,19.80791,0,0,0,299.9816,2.6,0,1.5
1,19.81673,0,0,0,299.9816,2.6,0,1.5
1,19.82496,0,0,0,299.9816,2.6,0,1.5
1,19.83221,0,0,0,299.9816,2.6,0,1.5
1,19.84089,0,0,0,299.9816,2.6,0,1.5
1,19.84865,0,0,0,299.9816,2.6,0,1.5
1,19.85691,0,0,0,299.9816,2.6,0,1.5
1,19.86482,0,0,0,299.9816,2.6,0,1.5
1,19.87297,0,0,0,299.9816,2.6,0,1.5
1,19.88179,0,0,0,299.9816,2.6,0,1.5
1,19.89009,0,0,0,299.9816,2.6,0,1.5
1,19.8979,0,0,0,299.9816,2.6,0,1.5
1,19.90638,0,0,0,299.9816,2.6,0,1.5
1,19.91432,0,0,0,299.9816,2.6,0,1.5
1,19.92359,0,0,0,299.9816,2.6,0,1.5
1,19.93196,0,0,0,299.9816,2.6,0,1.5
1,19.94028,0,0,0,299.9816,2.6,0,1.5
1,19.94858,0,0,0,299.9816,2.6,0,1.5
1,19.95771,0,0,0,299.9816,2.6,0,1.5
1,19.96834,0,0,0,299.9816,2.6,0,1.5
1,19.97756,0,0,0,299.9816,2.6,0,1.5
1,19.98874,0,0,0,299.9816,2.6,0,1.5
1,19.99929,0,0,0,299.9816,2.6,0,1.5
1,20.00984,0,0,0,299.9816,2.6,0,1.5
1,20.01986,0,0,0,299.9816,2.6,0,1.5
1,20.0291,0,0,0,299.9816,2.6,0,1.5
1,20.03889,0,0,0,299.9816,2.6,0,1.5
1,20.0484,0,0,0,299.9816,2.6,0,1.5
1,20.05866,0,0,0,299.9816,2.6,0,1.5
1,20.06984,0,0,0,299.9816,2.6,0,1.5
1,20.07972,0,0,0,299.9816,2.6,0,1.5
1,20.09136,0,0,0,299.9816,2.6,0,1.5
1,20.10091,0,0,0,299.9816,2.6,0,1.5
1,20.1121,0,0,0,299.9816,2.6,0,1.5
1,20.12296,0,0,0,299.9816,2.6,0,1.5
1,20.13268,0,0,0,299.9816,2.6,0,1.5
1,20.14339,0,0,0,299.9816,2.6,0,1.5
1,20.15336,0,0,0,299.9816,2.6,0,1.5
1,20.1649,0,0,0,299.9816,2.6,0,1.5
1,20.17638,0,0,0,299.9816,2.6,0,1.5
1,20.1871,0,0,0,299.9816,2.6,0,1.5
1,20.1979,0,0,0,299.9816,2.6,0,1.5
1,20.21112,0,0,0,299.9816,2.6,0,1.5
1,20.22531,0,0,0,299.9816,2.6,0,1.5
1,20.2383,0,0,0,299.9816,2.6,0,1.5
1,20.25206,0,0,0,299.9816,2.6,0,1.5
1,20.26505,0,0,0,299.9816,2.6,0,1.5
1,20.27887,0,0,0,299.9816,2.6,0,1.5
1,20.29159,0,0,0,299.9816,2.6,0,1.5
1,20.30522,0,0,0,299.9816,2.6,0,1.5
1,20.31819,0,0,0,299.9816,2.6,0,1.5
1,20.33107,0,0,0,299.9816,2.6,0,1.5
1,20.34348,0,0,0,299.9816,2.6,0,1.5
1,20.35567,0,0,0,299.9816,2.6,0,1.5
1,20.36695,0,0,0,299.9816,2.6,0,1.5
1,20.37971,0,0,0,299.9816,2.6,0,1.5
1,20.3912,0,0,0,299.9816,2.6,0,1.5
1,20.40239,0,0,0,299.9816,2.6,0,1.5
1,20.41312,0,0,0,299.9816,2.6,0,1.5
1,20.42501,0,0,0,299.9816,2.6,0,1.5
1,20.43806,0,0,0,299.9816,2.6,0,1.5
1,20.45733,0,0,0,299.9816,2.6,0,1.5
1,20.47075,0,0,0,299.9816,2.6,0,1.5
1,20.48447,0,0,0,299.9816,2.6,0,1.5
1,20.49857,0,0,0,299.9816,2.6,0,1.5
1,20.51473,0,0,0,299.9816,2.6,0,1.5
1,20.52706,0,0,0,299.9816,2.6,0,1.5
1,20.53793,0,0,0,299.9816,2.6,0,1.5
1,20.54982,0,0,0,299.9816,2.6,0,1.5
1,20.56066,0,0,0,299.9816,2.6,0,1.5
1,20.57151,0,0,0,299.9816,2.6,0,1.5
1,20.58214,0,0,0,299.9816,2.6,0,1.5
1,20.59405,0,0,0,299.9816,2.6,0,1.5
1,20.60449,0,0,0,299.9816,2.6,0,1.5
1,20.61387,0,0,0,299.9816,2.6,0,1.5
1,20.62379,0,0,0,299.9816,2.6,0,1.5
1,20.63416,0,0,0,299.9816,2.6,0,1.5
1,20.64411,0,0,0,299.9816,2.6,0,1.5
1,20.65429,0,0,0,299.9816,2.6,0,1.5
1,20.66439,0,0,0,299.9816,2.6,0,1.5
1,20.67444,0,0,0,299.9816,2.6,0,1.5
1,20.68597,0,0,0,299.9816,2.6,0,1.5
1,20.69639,0,0,0,299.9816,2.6,0,1.5
1,20.70662,0,0,0,299.9816,2.6,0,1.5
1,20.71684,0,0,0,299.9816,2.6,0,1.5
1,20.72742,0,0,0,299.9816,2.6,0,1.5
1,20.73599,0,0,0,299.9816,2.6,0,1.5
1,20.74619,0,0,0,299.9816,2.6,0,1.5
1,20.75487,0,0,0,299.9816,2.6,0,1.5
1,20.76411,0,0,0,299.9816,2.6,0,1.5
1,20.77352,0,0,0,299.9816,2.6,0,1.5
1,20.78318,0,0,0,299.9816,2.6,0,1.5
1,20.79415,0,0,0,299.9816,2.6,0,1.5
1,20.8038,0,0,0,299.9816,2.6,0,1.5
1,20.81267,0,0,0,299.9816,2.6,0,1.5
1,20.82078,0,0,0,299.9816,2.6,0,1.5
1,20.83015,0,0,0,299.9816,2.6,0,1.5
1,20.83853,0,0,0,299.9816,2.6,0,1.5
1,20.84787,0,0,0,299.9816,2.6,0,1.5
1,20.85936,0,0,0,299.9816,2.6,0,1.5
1,20.86777,0,0,0,299.9816,2.6,0,1.5
1,20.87692,0,0,0,299.9816,2.6,0,1.5
1,20.88612,0,0,0,299.9816,2.6,0,1.5
1,20.89663,0,0,0,299.9816,2.6,0,1.5
1,20.90567,0,0,0,299.9816,2.6,0,1.5
1,20.91427,0,0,0,299.9816,2.6,0,1.5
1,20.92424,0,0,0,299.9816,2.6,0,1.5
1,20.93403,0,0,0,299.9816,2.6,0,1.5
1,20.94229,0,0,0,299.9816,2.6,0,1.5
1,20.95185,0,0,0,299.9816,2.6,0,1.5
1,20.96154,0,0,0,299.9816,2.6,0,1.5
1,20.97147,0,0,0,299.9816,2.6,0,1.5
1,20.98105,0,0,0,299.9816,2.6,0,1.5
1,20.98927,0,0,0,299.9816,2.6,0,1.5
1,20.99818,0,0,0,299.9816,2.6,0,1.5
1,21.00636,0,0,0,299.9816,2.6,0,1.5
1,21.01669,0,0,0,299.9816,2.6,0,1.5
1,21.02592,0,0,0,299.9816,2.6,0,1.5
1,21.03397,0,0,0,299.9816,2.6,0,1.5
1,21.0417,0,0,0,299.9816,2.6,0,1.5
1,21.05198,0,0,0,299.9816,2.6,0,1.5
1,21.06081,0,0,0,299.9816,2.6,0,1.5
1,21.06934,0,0,0,299.9816,2.6,0,1.5
1,21.07827,0,0,0,299.9816,2.6,0,1.5
1,21.08613,0,0,0,299.9816,2.6,0,1.5
1,21.09595,0,0,0,299.9816,2.6,0,1.5
1,21.10452,0,0,0,299.9816,2.6,0,1.5
1,21.11382,0,0,0,299.9816,2.6,0,1.5
1,21.12264,0,0,0,299.9816,2.6,0,1.5
1,21.13045,0,0,0,299.9816,2.6,0,1.5
1,21.1401,0,0,0,299.9816,2.6,0,1.5
1,21.15049,0,0,0,299.9816,2.6,0,1.5
1,21.16687,0,0,0,299.9816,2.6,0,1.5
1,21.18602,0,0,0,299.9816,2.6,0,1.5
1,21.19526,0,0,0,299.9816,2.6,0,1.5
1,21.20538,0,0,0,299.9816,2.6,0,1.5
1,21.21537,0,0,0,299.9816,2.6,0,1.5
1,21.22543,0,0,0,299.9816,2.6,0,1.5
1,21.23737,0,0,0,299.9816,2.6,0,1.5
1,21.25015,0,0,0,299.9816,2.6,0,1.5
1,21.26083,0,0,0,299.9816,2.6,0,1.5
1,21.27178,0,0,0,299.9816,2.6,0,1.5
1,21.28323,0,0,0,299.9816,2.6,0,1.5
1,21.29522,0,0,0,299.9816,2.6,0,1.5
1,21.30667,0,0,0,299.9816,2.6,0,1.5
1,21.31818,0,0,0,299.9816,2.6,0,1.5
1,21.3312,0,0,0,299.9816,2.6,0,1.5
1,21.34428,0,0,0,299.9816,2.6,0,1.5
1,21.35566,0,0,0,299.9816,2.6,0,1.5
1,21.36845,0,0,0,299.9816,2.6,0,1.5
1,21.37947,0,0,0,299.9816,2.6,0,1.5
1,21.39005,0,0,0,299.9816,2.6,0,1.5
1,21.40163,0,0,0,299.9816,2.6,0,1.5
1,21.41123,0,0,0,299.9816,2.6,0,1.5
1,21.42367,0,0,0,299.9816,2.6,0,1.5
1,21.43473,0,0,0,299.9816,2.6,0,1.5
1,21.44693,0,0,0,299.9816,2.6,0,1.5
1,21.46001,0,0,0,299.9816,2.6,0,1.5
1,21.47155,0,0,0,299.9816,2.6,0,1.5
1,21.48381,0,0,0,299.9816,2.6,0,1.5
1,21.4946,0,0,0,299.9816,2.6,0,1.5
1,21.50368,0,0,0,299.9816,2.6,0,1.5
1,21.51501,0,0,0,299.9816,2.6,0,1.5
1,21.52492,0,0,0,299.9816,2.6,0,1.5
1,21.53566,0,0,0,299.9816,2.6,0,1.5
1,21.54753,0,0,0,299.9816,2.6,0,1.5
1,21.56004,0,0,0,299.9816,2.6,0,1.5
1,21.57133,0,0,0,299.9816,2.6,0,1.5
1,21.58268,0,0,0,299.9816,2.6,0,1.5
1,21.59406,0,0,0,299.9816,2.6,0,1.5
1,21.60629,0,0,0,299.9816,2.6,0,1.5
1,21.61724,0,0,0,299.9816,2.6,0,1.5
1,21.62748,0,0,0,299.9816,2.6,0,1.5
1,21.63771,0,0,0,299.9816,2.6,0,1.5
1,21.64801,0,0,0,299.9816,2.6,0,1.5
1,21.65883,0,0,0,299.9816,2.6,0,1.5
1,21.66974,0,0,0,299.9816,2.6,0,1.5
1,21.68083,0,0,0,299.9816,2.6,0,1.5
1,21.69068,0,0,0,299.9816,2.6,0,1.5
1,21.70124,0,0,0,299.9816,2.6,0,1.5
1,21.70994,0,0,0,299.9816,2.6,0,1.5
1,21.7202,0,0,0,299.9816,2.6,0,1.5
1,21.72998,0,0,0,299.9816,2.6,0,1.5
1,21.74088,0,0,0,299.9816,2.6,0,1.5
1,21.75178,0,0,0,299.9816,2.6,0,1.5
1,21.76515,0,0,0,299.9816,2.6,0,1.5
1,21.77874,0,0,0,299.9816,2.6,0,1.5
1,21.78989,0,0,0,299.9816,2.6,0,1.5
1,21.80189,0,0,0,299.9816,2.6,0,1.5
1,21.81393,0,0,0,299.9816,2.6,0,1.5
1,21.82287,0,0,0,299.9816,2.6,0,1.5
1,21.83037,0,0,0,299.9816,2.6,0,1.5
1,21.83836,0,0,0,299.9816,2.6,0,1.5
1,21.84692,0,0,0,299.9816,2.6,0,1.5
1,21.85471,0,0,0,299.9816,2.6,0,1.5
1,21.86315,0,0,0,299.9816,2.6,0,1.5
1,21.87292,0,0,0,299.9816,2.6,0,1.5
1,21.88273,0,0,0,299.9816,2.6,0,1.5
1,21.89161,0,0,0,299.9816,2.6,0,1.5
1,21.90116,0,0,0,299.9816,2.6,0,1.5
1,21.91035,0,0,0,299.9816,2.6,0,1.5
1,21.91991,0,0,0,299.9816,2.6,0,1.5
1,21.92828,0,0,0,299.9816,2.6,0,1.5
1,21.93719,0,0,0,299.9816,2.6,0,1.5
1,21.94812,0,0,0,299.9816,2.6,0,1.5
1,21.95749,0,0,0,299.9816,2.6,0,1.5
1,21.96618,0,0,0,299.9816,2.6,0,1.5
1,21.97568,0,0,0,299.9816,2.6,0,1.5
1,21.98516,0,0,0,299.9816,2.6,0,1.5
1,21.99563,0,0,0,299.9816,2.6,0,1.5
1,22.00466,0,0,0,299.9816,2.6,0,1.5
1,22.01336,0,0,0,299.9816,2.6,0,1.5
1,22.02095,0,0,0,299.9816,2.6,0,1.5
1,22.02883,0,0,0,299.9816,2.6,0,1.5
1,22.03712,0,0,0,299.9816,2.6,0,1.5
1,22.0452,0,0,0,299.9816,2.6,0,1.5
1,22.05233,0,0,0,299.9816,2.6,0,1.5
1,22.06152,0,0,0,299.9816,2.6,0,1.5
1,22.06904,0,0,0,299.9816,2.6,0,1.5
1,22.07723,0,0,0,299.9816,2.6,0,1.5
1,22.08595,0,0,0,299.9816,2.6,0,1.5
1,22.09451,0,0,0,299.9816,2.6,0,1.5
1,22.10211,0,0,0,299.9816,2.6,0,1.5
1,22.11002,0,0,0,299.9816,2.6,0,1.5
1,22.11852,0,0,0,299.9816,2.6,0,1.5
1,22.12702,0,0,0,299.9816,2.6,0,1.5
1,22.13525,0,0,0,299.9816,2.6,0,1.5
1,22.14276,0,0,0,299.9816,2.6,0,1.5
1,22.15115,0,0,0,299.9816,2.6,0,1.5
1,22.16038,0,0,0,299.9816,2.6,0,1.5
1,22.16887,0,0,0,299.9816,2.6,0,1.5
1,22.17608,0,0,0,299.9816,2.6,0,1.5
1,22.18409,0,0,0,299.9816,2.6,0,1.5
1,22.19339,0,0,0,299.9816,2.6,0,1.5
1,22.20226,0,0,0,299.9816,2.6,0,1.5
1,22.20946,0,0,0,299.9816,2.6,0,1.5
1,22.21756,0,0,0,299.9816,2.6,0,1.5
1,22.2256,0,0,0,299.9816,2.6,0,1.5
1,22.23313,0,0,0,299.9816,2.6,0,1.5
1,22.24136,0,0,0,299.9816,2.6,0,1.5
1,22.25073,0,0,0,299.9816,2.6,0,1.5
1,22.25877,0,0,0,299.9816,2.6,0,1.5
1,22.26634,0,0,0,299.9816,2.6,0,1.5
1,22.27596,0,0,0,299.9816,2.6,0,1.5
1,22.28771,0,0,0,299.9816,2.6,0,1.5
1,22.29757,0,0,0,299.9816,2.6,0,1.5
1,22.30943,0,0,0,299.9816,2.6,0,1.5
1,22.32218,0,0,0,299.9816,2.6,0,1.5
1,22.33188,0,0,0,299.9816,2.6,0,1.5
1,22.34167,0,0,0,299.9816,2.6,0,1.5
1,22.35441,0,0,0,299.9816,2.6,0,1.5
1,22.36435,0,0,0,299.9816,2.6,0,1.5
1,22.37504,0,0,0,299.9816,2.6,0,1.5
1,22.38544,0,0,0,299.9816,2.6,0,1.5
1,22.39595,0,0,0,299.9816,2.6,0,1.5
1,22.40676,0,0,0,299.9816,2.6,0,1.5
1,22.41764,0,0,0,299.9816,2.6,0,1.5
1,22.42824,0,0,0,299.9816,2.6,0,1.5
1,22.43881,0,0,0,299.9816,2.6,0,1.5
1,22.44889,0,0,0,299.9816,2.6,0,1.5
1,22.46023,0,0,0,299.9816,2.6,0,1.5
1,22.4733,0,0,0,299.9816,2.6,0,1.5
1,22.48719,0,0,0,299.9816,2.6,0,1.5
1,22.49982,0,0,0,299.9816,2.6,0,1.5
1,22.51275,0,0,0,299.9816,2.6,0,1.5
1,22.52292,0,0,0,299.9816,2.6,0,1.5
1,22.53451,0,0,0,299.9816,2.6,0,1.5
1,22.54696,0,0,0,299.9816,2.6,0,1.5
1,22.55873,0,0,0,299.9816,2.6,0,1.5
1,22.5695,0,0,0,299.9816,2.6,0,1.5
1,22.58172,0,0,0,299.9816,2.6,0,1.5
1,22.59359,0,0,0,299.9816,2.6,0,1.5
1,22.60366,0,0,0,299.9816,2.6,0,1.5
1,22.61502,0,0,0,299.9816,2.6,0,1.5
1,22.62595,0,0,0,299.9816,2.6,0,1.5
1,22.63541,0,0,0,299.9816,2.6,0,1.5
1,22.64582,0,0,0,299.9816,2.6,0,1.5
1,22.65653,0,0,0,299.9816,2.6,0,1.5
1,22.6673,0,0,0,299.9816,2.6,0,1.5
1,22.67764,0,0,0,299.9816,2.6,0,1.5
1,22.68951,0,0,0,299.9816,2.6,0,1.5
1,22.6992,0,0,0,299.9816,2.6,0,1.5
1,22.70953,0,0,0,299.9816,2.6,0,1.5
1,22.72201,0,0,0,299.9816,2.6,0,1.5
1,22.7324,0,0,0,299.9816,2.6,0,1.5
1,22.7425,0,0,0,299.9816,2.6,0,1.5
1,22.75477,0,0,0,299.9816,2.6,0,1.5
1,22.76573,0,0,0,299.9816,2.6,0,1.5
1,22.77574,0,0,0,299.9816,2.6,0,1.5
1,22.78626,0,0,0,299.9816,2.6,0,1.5
1,22.79608,0,0,0,299.9816,2.6,0,1.5
1,22.80631,0,0,0,299.9816,2.6,0,1.5
1,22.81696,0,0,0,299.9816,2.6,0,1.5
1,22.82718,0,0,0,299.9816,2.6,0,1.5
1,22.83826,0,0,0,299.9816,2.6,0,1.5
1,22.84829,0,0,0,299.9816,2.6,0,1.5
1,22.85905,0,0,0,299.9816,2.6,0,1.5
1,22.86919,0,0,0,299.9816,2.6,0,1.5
1,22.87894,0,0,0,299.9816,2.6,0,1.5
1,22.88868,0,0,0,299.9816,2.6,0,1.5
1,22.89941,0,0,0,299.9816,2.6,0,1.5
1,22.90844,0,0,0,299.9816,2.6,0,1.5
1,22.91861,0,0,0,299.9816,2.6,0,1.5
1,22.92851,0,0,0,299.9816,2.6,0,1.5
1,22.93759,0,0,0,299.9816,2.6,0,1.5
1,22.94641,0,0,0,299.9816,2.6,0,1.5
1,22.95441,0,0,0,299.9816,2.6,0,1.5
1,22.96231,0,0,0,299.9816,2.6,0,1.5
1,22.97045,0,0,0,299.9816,2.6,0,1.5
1,22.97849,0,0,0,299.9816,2.6,0,1.5
1,22.98711,0,0,0,299.9816,2.6,0,1.5
1,22.99572,0,0,0,299.9816,2.6,0,1.5
1,23.00489,0,0,0,299.9816,2.6,0,1.5
1,23.01433,0,0,0,299.9816,2.6,0,1.5
1,23.02253,0,0,0,299.9816,2.6,0,1.5
1,23.03,0,0,0,299.9816,2.6,0,1.5
1,23.03819,0,0,0,299.9816,2.6,0,1.5
1,23.04595,0,0,0,299.9816,2.6,0,1.5
1,23.05374,0,0,0,299.9816,2.6,0,1.5
1,23.06227,0,0,0,299.9816,2.6,0,1.5
1,23.07048,0,0,0,299.9816,2.6,0,1.5
1,23.08906,0,0,0,299.9816,2.6,0,1.5
1,23.09786,0,0,0,299.9816,2.6,0,1.5
1,23.10592,0,0,0,299.9816,2.6,0,1.5
1,23.11388,0,0,0,299.9816,2.6,0,1.5
1,23.12159,0,0,0,299.9816,2.6,0,1.5
1,23.12889,0,0,0,299.9816,2.6,0,1.5
1,23.13811,0,0,0,299.9816,2.6,0,1.5
1,23.14551,0,0,0,299.9816,2.6,0,1.5
1,23.15466,0,0,0,299.9816,2.6,0,1.5
1,23.16296,0,0,0,299.9816,2.6,0,1.5
1,23.17287,0,0,0,299.9816,2.6,0,1.5
1,23.18136,0,0,0,299.9816,2.6,0,1.5
1,23.1891,0,0,0,299.9816,2.6,0,1.5
1,23.19658,0,0,0,299.9816,2.6,0,1.5
1,23.205,0,0,0,299.9816,2.6,0,1.5
1,23.21243,0,0,0,299.9816,2.6,0,1.5
1,23.21976,0,0,0,299.9816,2.6,0,1.5
1,23.22915,0,0,0,299.9816,2.6,0,1.5
1,23.23718,0,0,0,299.9816,2.6,0,1.5
1,23.24479,0,0,0,299.9816,2.6,0,1.5
1,23.25211,0,0,0,299.9816,2.6,0,1.5
1,23.25969,0,0,0,299.9816,2.6,0,1.5
1,23.2686,0,0,0,299.9816,2.6,0,1.5
1,23.27715,0,0,0,299.9816,2.6,0,1.5
1,23.28565,0,0,0,299.9816,2.6,0,1.5
1,23.29649,0,0,0,299.9816,2.6,0,1.5
1,23.30567,0,0,0,299.9816,2.6,0,1.5
1,23.31395,0,0,0,299.9816,2.6,0,1.5
1,23.32269,0,0,0,299.9816,2.6,0,1.5
1,23.33153,0,0,0,299.9816,2.6,0,1.5
1,23.34025,0,0,0,299.9816,2.6,0,1.5
1,23.34832,0,0,0,299.9816,2.6,0,1.5
1,23.35735,0,0,0,299.9816,2.6,0,1.5
1,23.36533,0,0,0,299.9816,2.6,0,1.5
1,23.3758,0,0,0,299.9816,2.6,0,1.5
1,23.38621,0,0,0,299.9816,2.6,0,1.5
1,23.3968,0,0,0,299.9816,2.6,0,1.5
1,23.4054,0,0,0,299.9816,2.6,0,1.5
1,23.41282,0,0,0,299.9816,2.6,0,1.5
1,23.42188,0,0,0,299.9816,2.6,0,1.5
1,23.42898,0,0,0,299.9816,2.6,0,1.5
1,23.43818,0,0,0,299.9816,2.6,0,1.5
1,23.44886,0,0,0,299.9816,2.6,0,1.5
1,23.45982,0,0,0,299.9816,2.6,0,1.5
1,23.46987,0,0,0,299.9816,2.6,0,1.5
1,23.48079,0,0,0,299.9816,2.6,0,1.5
1,23.49109,0,0,0,299.9816,2.6,0,1.5
1,23.50303,0,0,0,299.9816,2.6,0,1.5
1,23.51411,0,0,0,299.9816,2.6,0,1.5
1,23.52606,0,0,0,299.9816,2.6,0,1.5
1,23.53705,0,0,0,299.9816,2.6,0,1.5
1,23.54885,0,0,0,299.9816,2.6,0,1.5
1,23.56069,0,0,0,299.9816,2.6,0,1.5
1,23.57225,0,0,0,299.9816,2.6,0,1.5
1,23.58311,0,0,0,299.9816,2.6,0,1.5
1,23.59428,0,0,0,299.9816,2.6,0,1.5
1,23.60702,0,0,0,299.9816,2.6,0,1.5
1,23.6192,0,0,0,299.9816,2.6,0,1.5
1,23.62961,0,0,0,299.9816,2.6,0,1.5
1,23.64079,0,0,0,299.9816,2.6,0,1.5
1,23.65122,0,0,0,299.9816,2.6,0,1.5
1,23.66273,0,0,0,299.9816,2.6,0,1.5
1,23.67571,0,0,0,299.9816,2.6,0,1.5
1,23.68823,0,0,0,299.9816,2.6,0,1.5
1,23.69993,0,0,0,299.9816,2.6,0,1.5
1,23.71311,0,0,0,299.9816,2.6,0,1.5
1,23.72363,0,0,0,299.9816,2.6,0,1.5
1,23.737,0,0,0,299.9816,2.6,0,1.5
1,23.74888,0,0,0,299.9816,2.6,0,1.5
1,23.76023,0,0,0,299.9816,2.6,0,1.5
1,23.77076,0,0,0,299.9816,2.6,0,1.5
1,23.78173,0,0,0,299.9816,2.6,0,1.5
1,23.79256,0,0,0,299.9816,2.6,0,1.5
1,23.8037,0,0,0,299.9816,2.6,0,1.5
1,23.81508,0,0,0,299.9816,2.6,0,1.5
1,23.82581,0,0,0,299.9816,2.6,0,1.5
1,23.83705,0,0,0,299.9816,2.6,0,1.5
1,23.84691,0,0,0,299.9816,2.6,0,1.5
1,23.85863,0,0,0,299.9816,2.6,0,1.5
1,23.87042,0,0,0,299.9816,2.6,0,1.5
1,23.88083,0,0,0,299.9816,2.6,0,1.5
1,23.89276,0,0,0,299.9816,2.6,0,1.5
1,23.90376,0,0,0,299.9816,2.6,0,1.5
1,23.91385,0,0,0,299.9816,2.6,0,1.5
1,23.92358,0,0,0,299.9816,2.6,0,1.5
1,23.93419,0,0,0,299.9816,2.6,0,1.5
1,23.943,0,0,0,299.9816,2.6,0,1.5
1,23.954,0,0,0,299.9816,2.6,0,1.5
1,23.96499,0,0,0,299.9816,2.6,0,1.5
1,23.97535,0,0,0,299.9816,2.6,0,1.5
1,23.98723,0,0,0,299.9816,2.6,0,1.5
1,23.9985,0,0,0,299.9816,2.6,0,1.5
1,24.01064,0,0,0,299.9816,2.6,0,1.5
1,24.02033,0,0,0,299.9816,2.6,0,1.5
1,24.0314,0,0,0,299.9816,2.6,0,1.5
1,24.04431,0,0,0,299.9816,2.6,0,1.5
1,24.05457,0,0,0,299.9816,2.6,0,1.5
1,24.06499,0,0,0,299.9816,2.6,0,1.5
1,24.07542,0,0,0,299.9816,2.6,0,1.5
1,24.08522,0,0,0,299.9816,2.6,0,1.5
1,24.09558,0,0,0,299.9816,2.6,0,1.5
1,24.10609,0,0,0,299.9816,2.6,0,1.5
1,24.11506,0,0,0,299.9816,2.6,0,1.5
1,24.12422,0,0,0,299.9816,2.6,0,1.5
1,24.13189,0,0,0,299.9816,2.6,0,1.5
1,24.14038,0,0,0,299.9816,2.6,0,1.5
1,24.14779,0,0,0,299.9816,2.6,0,1.5
1,24.15529,0,0,0,299.9816,2.6,0,1.5
1,24.16321,0,0,0,299.9816,2.6,0,1.5
1,24.17145,0,0,0,299.9816,2.6,0,1.5
1,24.17893,0,0,0,299.9816,2.6,0,1.5
1,24.18755,0,0,0,299.9816,2.6,0,1.5
1,24.19555,0,0,0,299.9816,2.6,0,1.5
1,24.20359,0,0,0,299.9816,2.6,0,1.5
1,24.21085,0,0,0,299.9816,2.6,0,1.5
1,24.21997,0,0,0,299.9816,2.6,0,1.5
1,24.2285,0,0,0,299.9816,2.6,0,1.5
1,24.23767,0,0,0,299.9816,2.6,0,1.5
1,24.24613,0,0,0,299.9816,2.6,0,1.5
1,24.25447,0,0,0,299.9816,2.6,0,1.5
1,24.26269,0,0,0,299.9816,2.6,0,1.5
1,24.27017,0,0,0,299.9816,2.6,0,1.5
1,24.2789,0,0,0,299.9816,2.6,0,1.5
1,24.28698,0,0,0,299.9816,2.6,0,1.5
1,24.29628,0,0,0,299.9816,2.6,0,1.5
1,24.30653,0,0,0,299.9816,2.6,0,1.5
1,24.31535,0,0,0,299.9816,2.6,0,1.5
1,24.3243,0,0,0,299.9816,2.6,0,1.5
1,24.33167,0,0,0,299.9816,2.6,0,1.5
1,24.34027,0,0,0,299.9816,2.6,0,1.5
1,24.34793,0,0,0,299.9816,2.6,0,1.5
1,24.35685,0,0,0,299.9816,2.6,0,1.5
1,24.36424,0,0,0,299.9816,2.6,0,1.5
1,24.37469,0,0,0,299.9816,2.6,0,1.5
1,24.3832,0,0,0,299.9816,2.6,0,1.5
1,24.39208,0,0,0,299.9816,2.6,0,1.5
1,24.40185,0,0,0,299.9816,2.6,0,1.5
1,24.41097,0,0,0,299.9816,2.6,0,1.5
1,24.42046,0,0,0,299.9816,2.6,0,1.5
1,24.42922,0,0,0,299.9816,2.6,0,1.5
1,24.43853,0,0,0,299.9816,2.6,0,1.5
1,24.44691,0,0,0,299.9816,2.6,0,1.5
1,24.45477,0,0,0,299.9816,2.6,0,1.5
1,24.46492,0,0,0,299.9816,2.6,0,1.5
1,24.47427,0,0,0,299.9816,2.6,0,1.5
1,24.48461,0,0,0,299.9816,2.6,0,1.5
1,24.49365,0,0,0,299.9816,2.6,0,1.5
1,24.50295,0,0,0,299.9816,2.6,0,1.5
1,24.51168,0,0,0,299.9816,2.6,0,1.5
1,24.51939,0,0,0,299.9816,2.6,0,1.5
1,24.52939,0,0,0,299.9816,2.6,0,1.5
1,24.53922,0,0,0,299.9816,2.6,0,1.5
1,24.54873,0,0,0,299.9816,2.6,0,1.5
1,24.55774,0,0,0,299.9816,2.6,0,1.5
1,24.56753,0,0,0,299.9816,2.6,0,1.5
1,24.57626,0,0,0,299.9816,2.6,0,1.5
1,24.58471,0,0,0,299.9816,2.6,0,1.5
1,24.59385,0,0,0,299.9816,2.6,0,1.5
1,24.60422,0,0,0,299.9816,2.6,0,1.5
1,24.61578,0,0,0,299.9816,2.6,0,1.5
1,24.62686,0,0,0,299.9816,2.6,0,1.5
1,24.63738,0,0,0,299.9816,2.6,0,1.5
1,24.6483,0,0,0,299.9816,2.6,0,1.5
1,24.65889,0,0,0,299.9816,2.6,0,1.5
1,24.66919,0,0,0,299.9816,2.6,0,1.5
1,24.6801,0,0,0,299.9816,2.6,0,1.5
1,24.69002,0,0,0,299.9816,2.6,0,1.5
1,24.70175,0,0,0,299.9816,2.6,0,1.5
1,24.71257,0,0,0,299.9816,2.6,0,1.5
1,24.72318,0,0,0,299.9816,2.6,0,1.5
1,24.73266,0,0,0,299.9816,2.6,0,1.5
1,24.74391,0,0,0,299.9816,2.6,0,1.5
1,24.75628,0,0,0,299.9816,2.6,0,1.5
1,24.76834,0,0,0,299.9816,2.6,0,1.5
1,24.77961,0,0,0,299.9816,2.6,0,1.5
1,24.79082,0,0,0,299.9816,2.6,0,1.5
1,24.80261,0,0,0,299.9816,2.6,0,1.5
1,24.81555,0,0,0,299.9816,2.6,0,1.5
1,24.82814,0,0,0,299.9816,2.6,0,1.5
1,24.8389,0,0,0,299.9816,2.6,0,1.5
1,24.8514,0,0,0,299.9816,2.6,0,1.5
1,24.86205,0,0,0,299.9816,2.6,0,1.5
1,24.87261,0,0,0,299.9816,2.6,0,1.5
1,24.88384,0,0,0,299.9816,2.6,0,1.5
1,24.89531,0,0,0,299.9816,2.6,0,1.5
1,24.90677,0,0,0,299.9816,2.6,0,1.5
1,24.91774,0,0,0,299.9816,2.6,0,1.5
1,24.92818,0,0,0,299.9816,2.6,0,1.5
1,24.93929,0,0,0,299.9816,2.6,0,1.5
1,24.95538,0,0,0,299.9816,2.6,0,1.5
1,24.97287,0,0,0,299.9816,2.6,0,1.5
1,24.98564,0,0,0,299.9816,2.6,0,1.5
1,24.99784,0,0,0,299.9816,2.6,0,1.5
1,25.00911,0,0,0,299.9816,2.6,0,1.5
1,25.02096,0,0,0,299.9816,2.6,0,1.5
1,25.03363,0,0,0,299.9816,2.6,0,1.5
1,25.04618,0,0,0,299.9816,2.6,0,1.5
1,25.05872,0,0,0,299.9816,2.6,0,1.5
1,25.07015,0,0,0,299.9816,2.6,0,1.5
1,25.08016,0,0,0,299.9816,2.6,0,1.5
1,25.08962,0,0,0,299.9816,2.6,0,1.5
1,25.0992,0,0,0,299.9816,2.6,0,1.5
1,25.10789,0,0,0,299.9816,2.6,0,1.5
1,25.11979,0,0,0,299.9816,2.6,0,1.5
1,25.13095,0,0,0,299.9816,2.6,0,1.5
1,25.1407,0,0,0,299.9816,2.6,0,1.5
1,25.15075,0,0,0,299.9816,2.6,0,1.5
1,25.16101,0,0,0,299.9816,2.6,0,1.5
1,25.17298,0,0,0,299.9816,2.6,0,1.5
1,25.18502,0,0,0,299.9816,2.6,0,1.5
1,25.1956,0,0,0,299.9816,2.6,0,1.5
1,25.2045,0,0,0,299.9816,2.6,0,1.5
1,25.21357,0,0,0,299.9816,2.6,0,1.5
1,25.22466,0,0,0,299.9816,2.6,0,1.5
1,25.23499,0,0,0,299.9816,2.6,0,1.5
1,25.24434,0,0,0,299.9816,2.6,0,1.5
1,25.25361,0,0,0,299.9816,2.6,0,1.5
1,25.26239,0,0,0,299.9816,2.6,0,1.5
1,25.27128,0,0,0,299.9816,2.6,0,1.5
1,25.28184,0,0,0,299.9816,2.6,0,1.5
1,25.29265,0,0,0,299.9816,2.6,0,1.5
1,25.30293,0,0,0,299.9816,2.6,0,1.5
1,25.31419,0,0,0,299.9816,2.6,0,1.5
1,25.32358,0,0,0,299.9816,2.6,0,1.5
1,25.3343,0,0,0,299.9816,2.6,0,1.5
1,25.34555,0,0,0,299.9816,2.6,0,1.5
1,25.35538,0,0,0,299.9816,2.6,0,1.5
1,25.36501,0,0,0,299.9816,2.6,0,1.5
1,25.37615,0,0,0,299.9816,2.6,0,1.5
1,25.38491,0,0,0,299.9816,2.6,0,1.5
1,25.39393,0,0,0,299.9816,2.6,0,1.5
1,25.40367,0,0,0,299.9816,2.6,0,1.5
1,25.41255,0,0,0,299.9816,2.6,0,1.5
1,25.42102,0,0,0,299.9816,2.6,0,1.5
1,25.43178,0,0,0,299.9816,2.6,0,1.5
1,25.44377,0,0,0,299.9816,2.6,0,1.5
1,25.45309,0,0,0,299.9816,2.6,0,1.5
1,25.46091,0,0,0,299.9816,2.6,0,1.5
1,25.47027,0,0,0,299.9816,2.6,0,1.5
1,25.47892,0,0,0,299.9816,2.6,0,1.5
1,25.48792,0,0,0,299.9816,2.6,0,1.5
1,25.49759,0,0,0,299.9816,2.6,0,1.5
1,25.50705,0,0,0,299.9816,2.6,0,1.5
1,25.51603,0,0,0,299.9816,2.6,0,1.5
1,25.52698,0,0,0,299.9816,2.6,0,1.5
1,25.53665,0,0,0,299.9816,2.6,0,1.5
1,25.54701,0,0,0,299.9816,2.6,0,1.5
1,25.55875,0,0,0,299.9816,2.6,0,1.5
1,25.56887,0,0,0,299.9816,2.6,0,1.5
1,25.57873,0,0,0,299.9816,2.6,0,1.5
1,25.58694,0,0,0,299.9816,2.6,0,1.5
1,25.59742,0,0,0,299.9816,2.6,0,1.5
1,25.60786,0,0,0,299.9816,2.6,0,1.5
1,25.61672,0,0,0,299.9816,2.6,0,1.5
1,25.62722,0,0,0,299.9816,2.6,0,1.5
1,25.63853,0,0,0,299.9816,2.6,0,1.5
1,25.64716,0,0,0,299.9816,2.6,0,1.5
1,25.65791,0,0,0,299.9816,2.6,0,1.5
1,25.66801,0,0,0,299.9816,2.6,0,1.5
1,25.6789,0,0,0,299.9816,2.6,0,1.5
1,25.68974,0,0,0,299.9816,2.6,0,1.5
1,25.69809,0,0,0,299.9816,2.6,0,1.5
1,25.70927,0,0,0,299.9816,2.6,0,1.5
1,25.72007,0,0,0,299.9816,2.6,0,1.5
1,25.72999,0,0,0,299.9816,2.6,0,1.5
1,25.73977,0,0,0,299.9816,2.6,0,1.5
1,25.74958,0,0,0,299.9816,2.6,0,1.5
1,25.75988,0,0,0,299.9816,2.6,0,1.5
1,25.76956,0,0,0,299.9816,2.6,0,1.5
1,25.77757,0,0,0,299.9816,2.6,0,1.5
1,25.78822,0,0,0,299.9816,2.6,0,1.5
1,25.80111,0,0,0,299.9816,2.6,0,1.5
1,25.81232,0,0,0,299.9816,2.6,0,1.5
1,25.82339,0,0,0,299.9816,2.6,0,1.5
1,25.83539,0,0,0,299.9816,2.6,0,1.5
1,25.84781,0,0,0,299.9816,2.6,0,1.5
1,25.86065,0,0,0,299.9816,2.6,0,1.5
1,25.87286,0,0,0,299.9816,2.6,0,1.5
1,25.88321,0,0,0,299.9816,2.6,0,1.5
1,25.89504,0,0,0,299.9816,2.6,0,1.5
1,25.90797,0,0,0,299.9816,2.6,0,1.5
1,25.92087,0,0,0,299.9816,2.6,0,1.5
1,25.93312,0,0,0,299.9816,2.6,0,1.5
1,25.94443,0,0,0,299.9816,2.6,0,1.5
1,25.95748,0,0,0,299.9816,2.6,0,1.5
1,25.96937,0,0,0,299.9816,2.6,0,1.5
1,25.98399,0,0,0,299.9816,2.6,0,1.5
1,25.99793,0,0,0,299.9816,2.6,0,1.5
1,26.01094,0,0,0,299.9816,2.6,0,1.5
1,26.02264,0,0,0,299.9816,2.6,0,1.5
1,26.03528,0,0,0,299.9816,2.6,0,1.5
1,26.04755,0,0,0,299.9816,2.6,0,1.5
1,26.06127,0,0,0,299.9816,2.6,0,1.5
1,26.07419,0,0,0,299.9816,2.6,0,1.5
1,26.0872,0,0,0,299.9816,2.6,0,1.5
1,26.09978,0,0,0,299.9816,2.6,0,1.5
1,26.12194,0,0,0,299.9816,2.6,0,1.5
1,26.13877,0,0,0,299.9816,2.6,0,1.5
1,26.1518,0,0,0,299.9816,2.6,0,1.5
1,26.16323,0,0,0,299.9816,2.6,0,1.5
1,26.17607,0,0,0,299.9816,2.6,0,1.5
1,26.19174,0,0,0,299.9816,2.6,0,1.5
1,26.20784,0,0,0,299.9816,2.6,0,1.5
1,26.21956,0,0,0,299.9816,2.6,0,1.5
1,26.23177,0,0,0,299.9816,2.6,0,1.5
1,26.24466,0,0,0,299.9816,2.6,0,1.5
1,26.25623,0,0,0,299.9816,2.6,0,1.5
1,26.27035,0,0,0,299.9816,2.6,0,1.5
1,26.28263,0,0,0,299.9816,2.6,0,1.5
1,26.30239,0,0,0,299.9816,2.6,0,1.5
1,26.31697,0,0,0,299.9816,2.6,0,1.5
1,26.33103,0,0,0,299.9816,2.6,0,1.5
1,26.34522,0,0,0,299.9816,2.6,0,1.5
1,26.36333,0,0,0,299.9816,2.6,0,1.5
1,26.37609,0,0,0,299.9816,2.6,0,1.5
1,26.3878,0,0,0,299.9816,2.6,0,1.5
1,26.3989,0,0,0,299.9816,2.6,0,1.5
1,26.40968,0,0,0,299.9816,2.6,0,1.5
1,26.42124,0,0,0,299.9816,2.6,0,1.5
1,26.4329,0,0,0,299.9816,2.6,0,1.5
1,26.44298,0,0,0,299.9816,2.6,0,1.5
1,26.45732,0,0,0,299.9816,2.6,0,1.5
1,26.47068,0,0,0,299.9816,2.6,0,1.5
1,26.48404,0,0,0,299.9816,2.6,0,1.5
1,26.4963,0,0,0,299.9816,2.6,0,1.5
1,26.50654,0,0,0,299.9816,2.6,0,1.5
1,26.51697,0,0,0,299.9816,2.6,0,1.5
1,26.52753,0,0,0,299.9816,2.6,0,1.5
1,26.53731,0,0,0,299.9816,2.6,0,1.5
1,26.54604,0,0,0,299.9816,2.6,0,1.5
1,26.55481,0,0,0,299.9816,2.6,0,1.5
1,26.56639,0,0,0,299.9816,2.6,0,1.5
1,26.57746,0,0,0,299.9816,2.6,0,1.5
1,26.58823,0,0,0,299.9816,2.6,0,1.5
1,26.59845,0,0,0,299.9816,2.6,0,1.5
1,26.60808,0,0,0,299.9816,2.6,0,1.5
1,26.61785,0,0,0,299.9816,2.6,0,1.5
1,26.62722,0,0,0,299.9816,2.6,0,1.5
1,26.63907,0,0,0,299.9816,2.6,0,1.5
1,26.64948,0,0,0,299.9816,2.6,0,1.5
1,26.66004,0,0,0,299.9816,2.6,0,1.5
1,26.67004,0,0,0,299.9816,2.6,0,1.5
1,26.6784,0,0,0,299.9816,2.6,0,1.5
1,26.68775,0,0,0,299.9816,2.6,0,1.5
1,26.69713,0,0,0,299.9816,2.6,0,1.5
1,26.70592,0,0,0,299.9816,2.6,0,1.5
1,26.71636,0,0,0,299.9816,2.6,0,1.5
1,26.72502,0,0,0,299.9816,2.6,0,1.5
1,26.73481,0,0,0,299.9816,2.6,0,1.5
1,26.74297,0,0,0,299.9816,2.6,0,1.5
1,26.75077,0,0,0,299.9816,2.6,0,1.5
1,26.75994,0,0,0,299.9816,2.6,0,1.5
1,26.76864,0,0,0,299.9816,2.6,0,1.5
1,26.77748,0,0,0,299.9816,2.6,0,1.5
1,26.78568,0,0,0,299.9816,2.6,0,1.5
1,26.79458,0,0,0,299.9816,2.6,0,1.5
1,26.80369,0,0,0,299.9816,2.6,0,1.5
1,26.81244,0,0,0,299.9816,2.6,0,1.5
1,26.82019,0,0,0,299.9816,2.6,0,1.5
1,26.8296,0,0,0,299.9816,2.6,0,1.5
1,26.83831,0,0,0,299.9816,2.6,0,1.5
1,26.84716,0,0,0,299.9816,2.6,0,1.5
1,26.85685,0,0,0,299.9816,2.6,0,1.5
1,26.86553,0,0,0,299.9816,2.6,0,1.5
1,26.87546,0,0,0,299.9816,2.6,0,1.5
1,26.88491,0,0,0,299.9816,2.6,0,1.5
1,26.89345,0,0,0,299.9816,2.6,0,1.5
1,26.90203,0,0,0,299.9816,2.6,0,1.5
1,26.91043,0,0,0,299.9816,2.6,0,1.5
1,26.91956,0,0,0,299.9816,2.6,0,1.5
1,26.92873,0,0,0,299.9816,2.6,0,1.5
1,26.93892,0,0,0,299.9816,2.6,0,1.5
1,26.94686,0,0,0,299.9816,2.6,0,1.5
1,26.9548,0,0,0,299.9816,2.6,0,1.5
1,26.96273,0,0,0,299.9816,2.6,0,1.5
1,26.97142,0,0,0,299.9816,2.6,0,1.5
1,26.98049,0,0,0,299.9816,2.6,0,1.5
1,26.99021,0,0,0,299.9816,2.6,0,1.5
1,27.00603,0,0,0,299.9816,2.6,0,1.5
1,27.02413,0,0,0,299.9816,2.6,0,1.5
1,27.03511,0,0,0,299.9816,2.6,0,1.5
1,27.04732,0,0,0,299.9816,2.6,0,1.5
1,27.05809,0,0,0,299.9816,2.6,0,1.5
1,27.06863,0,0,0,299.9816,2.6,0,1.5
1,27.07754,0,0,0,299.9816,2.6,0,1.5
1,27.08814,0,0,0,299.9816,2.6,0,1.5
1,27.09986,0,0,0,299.9816,2.6,0,1.5
1,27.11278,0,0,0,299.9816,2.6,0,1.5
1,27.12469,0,0,0,299.9816,2.6,0,1.5
1,27.13606,0,0,0,299.9816,2.6,0,1.5
1,27.14689,0,0,0,299.9816,2.6,0,1.5
1,27.15893,0,0,0,299.9816,2.6,0,1.5
1,27.1716,0,0,0,299.9816,2.6,0,1.5
1,27.18378,0,0,0,299.9816,2.6,0,1.5
1,27.19535,0,0,0,299.9816,2.6,0,1.5
1,27.20648,0,0,0,299.9816,2.6,0,1.5
1,27.21748,0,0,0,299.9816,2.6,0,1.5
1,27.22862,0,0,0,299.9816,2.6,0,1.5
1,27.23956,0,0,0,299.9816,2.6,0,1.5
1,27.25274,0,0,0,299.9816,2.6,0,1.5
1,27.26352,0,0,0,299.9816,2.6,0,1.5
1,27.27515,0,0,0,299.9816,2.6,0,1.5
1,27.28744,0,0,0,299.9816,2.6,0,1.5
1,27.29932,0,0,0,299.9816,2.6,0,1.5
1,27.31055,0,0,0,299.9816,2.6,0,1.5
1,27.32242,0,0,0,299.9816,2.6,0,1.5
1,27.33326,0,0,0,299.9816,2.6,0,1.5
1,27.3442,0,0,0,299.9816,2.6,0,1.5
1,27.35445,0,0,0,299.9816,2.6,0,1.5
1,27.36563,0,0,0,299.9816,2.6,0,1.5
1,27.37689,0,0,0,299.9816,2.6,0,1.5
1,27.38734,0,0,0,299.9816,2.6,0,1.5
1,27.39884,0,0,0,299.9816,2.6,0,1.5
1,27.40976,0,0,0,299.9816,2.6,0,1.5
1,27.42215,0,0,0,299.9816,2.6,0,1.5
1,27.43237,0,0,0,299.9816,2.6,0,1.5
1,27.44415,0,0,0,299.9816,2.6,0,1.5
1,27.4568,0,0,0,299.9816,2.6,0,1.5
1,27.46831,0,0,0,299.9816,2.6,0,1.5
1,27.48213,0,0,0,299.9816,2.6,0,1.5
1,27.50266,0,0,0,299.9816,2.6,0,1.5
1,27.51437,0,0,0,299.9816,2.6,0,1.5
1,27.52565,0,0,0,299.9816,2.6,0,1.5
1,27.53685,0,0,0,299.9816,2.6,0,1.5
1,27.54843,0,0,0,299.9816,2.6,0,1.5
1,27.5601,0,0,0,299.9816,2.6,0,1.5
1,27.57213,0,0,0,299.9816,2.6,0,1.5
1,27.58416,0,0,0,299.9816,2.6,0,1.5
1,27.59598,0,0,0,299.9816,2.6,0,1.5
1,27.60868,0,0,0,299.9816,2.6,0,1.5
1,27.62092,0,0,0,299.9816,2.6,0,1.5
1,27.6316,0,0,0,299.9816,2.6,0,1.5
1,27.64286,0,0,0,299.9816,2.6,0,1.5
1,27.65363,0,0,0,299.9816,2.6,0,1.5
1,27.66268,0,0,0,299.9816,2.6,0,1.5
1,27.67297,0,0,0,299.9816,2.6,0,1.5
1,27.68418,0,0,0,299.9816,2.6,0,1.5
1,27.69408,0,0,0,299.9816,2.6,0,1.5
1,27.70454,0,0,0,299.9816,2.6,0,1.5
1,27.71387,0,0,0,299.9816,2.6,0,1.5
1,27.72301,0,0,0,299.9816,2.6,0,1.5
1,27.73184,0,0,0,299.9816,2.6,0,1.5
1,27.73972,0,0,0,299.9816,2.6,0,1.5
1,27.74855,0,0,0,299.9816,2.6,0,1.5
1,27.75704,0,0,0,299.9816,2.6,0,1.5
1,27.76558,0,0,0,299.9816,2.6,0,1.5
1,27.77354,0,0,0,299.9816,2.6,0,1.5
1,27.78274,0,0,0,299.9816,2.6,0,1.5
1,27.7902,0,0,0,299.9816,2.6,0,1.5
1,27.79876,0,0,0,299.9816,2.6,0,1.5
1,27.80718,0,0,0,299.9816,2.6,0,1.5
1,27.81554,0,0,0,299.9816,2.6,0,1.5
1,27.82385,0,0,0,299.9816,2.6,0,1.5
1,27.83461,0,0,0,299.9816,2.6,0,1.5
1,27.8442,0,0,0,299.9816,2.6,0,1.5
1,27.85244,0,0,0,299.9816,2.6,0,1.5
1,27.8625,0,0,0,299.9816,2.6,0,1.5
1,27.87159,0,0,0,299.9816,2.6,0,1.5
1,27.88051,0,0,0,299.9816,2.6,0,1.5
1,27.89016,0,0,0,299.9816,2.6,0,1.5
1,27.89939,0,0,0,299.9816,2.6,0,1.5
1,27.90731,0,0,0,299.9816,2.6,0,1.5
1,27.9156,0,0,0,299.9816,2.6,0,1.5
1,27.92551,0,0,0,299.9816,2.6,0,1.5
1,27.93454,0,0,0,299.9816,2.6,0,1.5
1,27.94209,0,0,0,299.9816,2.6,0,1.5
1,27.95208,0,0,0,299.9816,2.6,0,1.5
1,27.96143,0,0,0,299.9816,2.6,0,1.5
1,27.97075,0,0,0,299.9816,2.6,0,1.5
1,27.97937,0,0,0,299.9816,2.6,0,1.5
1,27.98798,0,0,0,299.9816,2.6,0,1.5
1,27.99891,0,0,0,299.9816,2.6,0,1.5
1,28.00722,0,0,0,299.9816,2.6,0,1.5
1,28.01641,0,0,0,299.9816,2.6,0,1.5
1,28.02581,0,0,0,299.9816,2.6,0,1.5
1,28.03575,0,0,0,299.9816,2.6,0,1.5
1,28.04615,0,0,0,299.9816,2.6,0,1.5
1,28.0545,0,0,0,299.9816,2.6,0,1.5
1,28.06248,0,0,0,299.9816,2.6,0,1.5
1,28.07038,0,0,0,299.9816,2.6,0,1.5
1,28.08058,0,0,0,299.9816,2.6,0,1.5
1,28.08997,0,0,0,299.9816,2.6,0,1.5
1,28.09822,0,0,0,299.9816,2.6,0,1.5
1,28.10708,0,0,0,299.9816,2.6,0,1.5
1,28.11575,0,0,0,299.9816,2.6,0,1.5
1,28.12412,0,0,0,299.9816,2.6,0,1.5
1,28.13313,0,0,0,299.9816,2.6,0,1.5
1,28.1418,0,0,0,299.9816,2.6,0,1.5
1,28.15048,0,0,0,299.9816,2.6,0,1.5
1,28.15888,0,0,0,299.9816,2.6,0,1.5
1,28.16951,0,0,0,299.9816,2.6,0,1.5
1,28.17739,0,0,0,299.9816,2.6,0,1.5
1,28.18753,0,0,0,299.9816,2.6,0,1.5
1,28.19868,0,0,0,299.9816,2.6,0,1.5
1,28.21123,0,0,0,299.9816,2.6,0,1.5
1,28.2224,0,0,0,299.9816,2.6,0,1.5
1,28.23346,0,0,0,299.9816,2.6,0,1.5
1,28.24356,0,0,0,299.9816,2.6,0,1.5
1,28.25445,0,0,0,299.9816,2.6,0,1.5
1,28.26508,0,0,0,299.9816,2.6,0,1.5
1,28.27616,0,0,0,299.9816,2.6,0,1.5
1,28.2868,0,0,0,299.9816,2.6,0,1.5
1,28.29779,0,0,0,299.9816,2.6,0,1.5
1,28.30975,0,0,0,299.9816,2.6,0,1.5
1,28.32179,0,0,0,299.9816,2.6,0,1.5
1,28.33437,0,0,0,299.9816,2.6,0,1.5
1,28.34632,0,0,0,299.9816,2.6,0,1.5
1,28.35766,0,0,0,299.9816,2.6,0,1.5
1,28.36925,0,0,0,299.9816,2.6,0,1.5
1,28.37998,0,0,0,299.9816,2.6,0,1.5
1,28.39159,0,0,0,299.9816,2.6,0,1.5
1,28.40329,0,0,0,299.9816,2.6,0,1.5
1,28.4136,0,0,0,299.9816,2.6,0,1.5
1,28.42574,0,0,0,299.9816,2.6,0,1.5
1,28.43774,0,0,0,299.9816,2.6,0,1.5
1,28.44852,0,0,0,299.9816,2.6,0,1.5
1,28.46037,0,0,0,299.9816,2.6,0,1.5
1,28.47303,0,0,0,299.9816,2.6,0,1.5
1,28.48612,0,0,0,299.9816,2.6,0,1.5
1,28.50035,0,0,0,299.9816,2.6,0,1.5
1,28.51405,0,0,0,299.9816,2.6,0,1.5
1,28.52483,0,0,0,299.9816,2.6,0,1.5
1,28.53584,0,0,0,299.9816,2.6,0,1.5
1,28.54745,0,0,0,299.9816,2.6,0,1.5
1,28.5589,0,0,0,299.9816,2.6,0,1.5
1,28.57071,0,0,0,299.9816,2.6,0,1.5
1,28.58128,0,0,0,299.9816,2.6,0,1.5
1,28.59305,0,0,0,299.9816,2.6,0,1.5
1,28.60407,0,0,0,299.9816,2.6,0,1.5
1,28.61484,0,0,0,299.9816,2.6,0,1.5
1,28.62743,0,0,0,299.9816,2.6,0,1.5
1,28.63975,0,0,0,299.9816,2.6,0,1.5
1,28.65109,0,0,0,299.9816,2.6,0,1.5
1,28.66356,0,0,0,299.9816,2.6,0,1.5
1,28.6759,0,0,0,299.9816,2.6,0,1.5
1,28.68816,0,0,0,299.9816,2.6,0,1.5
1,28.70298,0,0,0,299.9816,2.6,0,1.5
1,28.72164,0,0,0,299.9816,2.6,0,1.5
1,28.73612,0,0,0,299.9816,2.6,0,1.5
1,28.74926,0,0,0,299.9816,2.6,0,1.5
1,28.76143,0,0,0,299.9816,2.6,0,1.5
1,28.77504,0,0,0,299.9816,2.6,0,1.5
1,28.78577,0,0,0,299.9816,2.6,0,1.5
1,28.79695,0,0,0,299.9816,2.6,0,1.5
1,28.8084,0,0,0,299.9816,2.6,0,1.5
1,28.81853,0,0,0,299.9816,2.6,0,1.5
1,28.82988,0,0,0,299.9816,2.6,0,1.5
1,28.84119,0,0,0,299.9816,2.6,0,1.5
1,28.85148,0,0,0,299.9816,2.6,0,1.5
1,28.86174,0,0,0,299.9816,2.6,0,1.5
1,28.87134,0,0,0,299.9816,2.6,0,1.5
1,28.87931,0,0,0,299.9816,2.6,0,1.5
1,28.88885,0,0,0,299.9816,2.6,0,1.5
1,28.8979,0,0,0,299.9816,2.6,0,1.5
1,28.90708,0,0,0,299.9816,2.6,0,1.5
1,28.91559,0,0,0,299.9816,2.6,0,1.5
1,28.92528,0,0,0,299.9816,2.6,0,1.5
1,28.93558,0,0,0,299.9816,2.6,0,1.5
1,28.94414,0,0,0,299.9816,2.6,0,1.5
1,28.95379,0,0,0,299.9816,2.6,0,1.5
1,28.96392,0,0,0,299.9816,2.6,0,1.5
1,28.9725,0,0,0,299.9816,2.6,0,1.5
1,28.98199,0,0,0,299.9816,2.6,0,1.5
1,28.99062,0,0,0,299.9816,2.6,0,1.5
1,28.99886,0,0,0,299.9816,2.6,0,1.5
1,29.00816,0,0,0,299.9816,2.6,0,1.5
1,29.01654,0,0,0,299.9816,2.6,0,1.5
1,29.02438,0,0,0,299.9816,2.6,0,1.5
1,29.03295,0,0,0,299.9816,2.6,0,1.5
1,29.04876,0,0,0,299.9816,2.6,0,1.5
1,29.06352,0,0,0,299.9816,2.6,0,1.5
1,29.07119,0,0,0,299.9816,2.6,0,1.5
1,29.07958,0,0,0,299.9816,2.6,0,1.5
1,29.08728,0,0,0,299.9816,2.6,0,1.5
1,29.09636,0,0,0,299.9816,2.6,0,1.5
1,29.10682,0,0,0,299.9816,2.6,0,1.5
1,29.11567,0,0,0,299.9816,2.6,0,1.5
1,29.12482,0,0,0,299.9816,2.6,0,1.5
1,29.13263,0,0,0,299.9816,2.6,0,1.5
1,29.14229,0,0,0,299.9816,2.6,0,1.5
1,29.15036,0,0,0,299.9816,2.6,0,1.5
1,29.15884,0,0,0,299.9816,2.6,0,1.5
1,29.16776,0,0,0,299.9816,2.6,0,1.5
1,29.1765,0,0,0,299.9816,2.6,0,1.5
1,29.18466,0,0,0,299.9816,2.6,0,1.5
1,29.19314,0,0,0,299.9816,2.6,0,1.5
1,29.2019,0,0,0,299.9816,2.6,0,1.5
1,29.20963,0,0,0,299.9816,2.6,0,1.5
1,29.21878,0,0,0,299.9816,2.6,0,1.5
1,29.22867,0,0,0,299.9816,2.6,0,1.5
1,29.23728,0,0,0,299.9816,2.6,0,1.5
1,29.24538,0,0,0,299.9816,2.6,0,1.5
1,29.2533,0,0,0,299.9816,2.6,0,1.5
1,29.2631,0,0,0,299.9816,2.6,0,1.5
1,29.27161,0,0,0,299.9816,2.6,0,1.5
1,29.2812,0,0,0,299.9816,2.6,0,1.5
1,29.29121,0,0,0,299.9816,2.6,0,1.5
1,29.29964,0,0,0,299.9816,2.6,0,1.5
1,29.30867,0,0,0,299.9816,2.6,0,1.5
1,29.31695,0,0,0,299.9816,2.6,0,1.5
1,29.32559,0,0,0,299.9816,2.6,0,1.5
1,29.33451,0,0,0,299.9816,2.6,0,1.5
1,29.34486,0,0,0,299.9816,2.6,0,1.5
1,29.35226,0,0,0,299.9816,2.6,0,1.5
1,29.36218,0,0,0,299.9816,2.6,0,1.5
1,29.37078,0,0,0,299.9816,2.6,0,1.5
1,29.37944,0,0,0,299.9816,2.6,0,1.5
1,29.39138,0,0,0,299.9816,2.6,0,1.5
1,29.40209,0,0,0,299.9816,2.6,0,1.5
1,29.41194,0,0,0,299.9816,2.6,0,1.5
1,29.42339,0,0,0,299.9816,2.6,0,1.5
1,29.43459,0,0,0,299.9816,2.6,0,1.5
1,29.44368,0,0,0,299.9816,2.6,0,1.5
1,29.45488,0,0,0,299.9816,2.6,0,1.5
1,29.46462,0,0,0,299.9816,2.6,0,1.5
1,29.47449,0,0,0,299.9816,2.6,0,1.5
1,29.48537,0,0,0,299.9816,2.6,0,1.5
1,29.49702,0,0,0,299.9816,2.6,0,1.5
1,29.50863,0,0,0,299.9816,2.6,0,1.5
1,29.51868,0,0,0,299.9816,2.6,0,1.5
1,29.53283,0,0,0,299.9816,2.6,0,1.5
1,29.54642,0,0,0,299.9816,2.6,0,1.5
1,29.55713,0,0,0,299.9816,2.6,0,1.5
1,29.56802,0,0,0,299.9816,2.6,0,1.5
1,29.57942,0,0,0,299.9816,2.6,0,1.5
1,29.58985,0,0,0,299.9816,2.6,0,1.5
1,29.60137,0,0,0,299.9816,2.6,0,1.5
1,29.61302,0,0,0,299.9816,2.6,0,1.5
1,29.6267,0,0,0,299.9816,2.6,0,1.5
1,29.6378,0,0,0,299.9816,2.6,0,1.5
1,29.6492,0,0,0,299.9816,2.6,0,1.5
1,29.66336,0,0,0,299.9816,2.6,0,1.5
1,29.67658,0,0,0,299.9816,2.6,0,1.5
1,29.69026,0,0,0,299.9816,2.6,0,1.5
1,29.7049,0,0,0,299.9816,2.6,0,1.5
1,29.7176,0,0,0,299.9816,2.6,0,1.5
1,29.72931,0,0,0,299.9816,2.6,0,1.5
1,29.74293,0,0,0,299.9816,2.6,0,1.5
1,29.75539,0,0,0,299.9816,2.6,0,1.5
1,29.7681,0,0,0,299.9816,2.6,0,1.5
1,29.77929,0,0,0,299.9816,2.6,0,1.5
1,29.79274,0,0,0,299.9816,2.6,0,1.5
1,29.80561,0,0,0,299.9816,2.6,0,1.5
1,29.81843,0,0,0,299.9816,2.6,0,1.5
1,29.82925,0,0,0,299.9816,2.6,0,1.5
1,29.84204,0,0,0,299.9816,2.6,0,1.5
1,29.85281,0,0,0,299.9816,2.6,0,1.5
1,29.86827,0,0,0,299.9816,2.6,0,1.5
1,29.88086,0,0,0,299.9816,2.6,0,1.5
1,29.89331,0,0,0,299.9816,2.6,0,1.5
1,29.90523,0,0,0,299.9816,2.6,0,1.5
1,29.91819,0,0,0,299.9816,2.6,0,1.5
1,29.9323,0,0,0,299.9816,2.6,0,1.5
1,29.94638,0,0,0,299.9816,2.6,0,1.5
1,29.96037,0,0,0,299.9816,2.6,0,1.5
1,29.9722,0,0,0,299.9816,2.6,0,1.5
1,29.98347,0,0,0,299.9816,2.6,0,1.5
1,29.99477,0,0,0,299.9816,2.6,0,1.5
1,30.00718,0,0,0,299.9816,2.6,0,1.5
1,30.01656,0,0,0,299.9816,2.6,0,1.5
1,30.02718,0,0,0,299.9816,2.6,0,1.5
1,30.03867,0,0,0,299.9816,2.6,0,1.5
1,30.04875,0,0,0,299.9816,2.6,0,1.5
1,30.05888,0,0,0,299.9816,2.6,0,1.5
1,30.06864,0,0,0,299.9816,2.6,0,1.5
1,30.07879,0,0,0,299.9816,2.6,0,1.5
1,30.08942,0,0,0,299.9816,2.6,0,1.5
1,30.09833,0,0,0,299.9816,2.6,0,1.5
1,30.10753,0,0,0,299.9816,2.6,0,1.5
1,30.11636,0,0,0,299.9816,2.6,0,1.5
1,30.12496,0,0,0,299.9816,2.6,0,1.5
1,30.13315,0,0,0,299.9816,2.6,0,1.5
1,30.14112,0,0,0,299.9816,2.6,0,1.5
1,30.1495,0,0,0,299.9816,2.6,0,1.5
1,30.15855,0,0,0,299.9816,2.6,0,1.5
1,30.1704,0,0,0,299.9816,2.6,0,1.5
1,30.18195,0,0,0,299.9816,2.6,0,1.5
1,30.19238,0,0,0,299.9816,2.6,0,1.5
1,30.20338,0,0,0,299.9816,2.6,0,1.5
1,30.21346,0,0,0,299.9816,2.6,0,1.5
1,30.22546,0,0,0,299.9816,2.6,0,1.5
1,30.23404,0,0,0,299.9816,2.6,0,1.5
1,30.24366,0,0,0,299.9816,2.6,0,1.5
1,30.25376,0,0,0,299.9816,2.6,0,1.5
1,30.2625,0,0,0,299.9816,2.6,0,1.5
1,30.27197,0,0,0,299.9816,2.6,0,1.5
1,30.28329,0,0,0,299.9816,2.6,0,1.5
1,30.29409,0,0,0,299.9816,2.6,0,1.5
1,30.30245,0,0,0,299.9816,2.6,0,1.5
1,30.31184,0,0,0,299.9816,2.6,0,1.5
1,30.32056,0,0,0,299.9816,2.6,0,1.5
1,30.33096,0,0,0,299.9816,2.6,0,1.5
1,30.33995,0,0,0,299.9816,2.6,0,1.5
1,30.34945,0,0,0,299.9816,2.6,0,1.5
1,30.35952,0,0,0,299.9816,2.6,0,1.5
1,30.37213,0,0,0,299.9816,2.6,0,1.5
1,30.38204,0,0,0,299.9816,2.6,0,1.5
1,30.39274,0,0,0,299.9816,2.6,0,1.5
1,30.40522,0,0,0,299.9816,2.6,0,1.5
1,30.41713,0,0,0,299.9816,2.6,0,1.5
1,30.42723,0,0,0,299.9816,2.6,0,1.5
1,30.43746,0,0,0,299.9816,2.6,0,1.5
1,30.44567,0,0,0,299.9816,2.6,0,1.5
1,30.45634,0,0,0,299.9816,2.6,0,1.5
1,30.46854,0,0,0,299.9816,2.6,0,1.5
1,30.48081,0,0,0,299.9816,2.6,0,1.5
1,30.49049,0,0,0,299.9816,2.6,0,1.5
1,30.49844,0,0,0,299.9816,2.6,0,1.5
1,30.5093,0,0,0,299.9816,2.6,0,1.5
1,30.51881,0,0,0,299.9816,2.6,0,1.5
1,30.52918,0,0,0,299.9816,2.6,0,1.5
1,30.53846,0,0,0,299.9816,2.6,0,1.5
1,30.54898,0,0,0,299.9816,2.6,0,1.5
1,30.56196,0,0,0,299.9816,2.6,0,1.5
1,30.57218,0,0,0,299.9816,2.6,0,1.5
1,30.58303,0,0,0,299.9816,2.6,0,1.5
1,30.59499,0,0,0,299.9816,2.6,0,1.5
1,30.60773,0,0,0,299.9816,2.6,0,1.5
1,30.61958,0,0,0,299.9816,2.6,0,1.5
1,30.6337,0,0,0,299.9816,2.6,0,1.5
1,30.64752,0,0,0,299.9816,2.6,0,1.5
1,30.65992,0,0,0,299.9816,2.6,0,1.5
1,30.67235,0,0,0,299.9816,2.6,0,1.5
1,30.68657,0,0,0,299.9816,2.6,0,1.5
1,30.69838,0,0,0,299.9816,2.6,0,1.5
1,30.71033,0,0,0,299.9816,2.6,0,1.5
1,30.72392,0,0,0,299.9816,2.6,0,1.5
1,30.73631,0,0,0,299.9816,2.6,0,1.5
1,30.74917,0,0,0,299.9816,2.6,0,1.5
1,30.76196,0,0,0,299.9816,2.6,0,1.5
1,30.77659,0,0,0,299.9816,2.6,0,1.5
1,30.79041,0,0,0,299.9816,2.6,0,1.5
1,30.80392,0,0,0,299.9816,2.6,0,1.5
1,30.81579,0,0,0,299.9816,2.6,0,1.5
1,30.82787,0,0,0,299.9816,2.6,0,1.5
1,30.84061,0,0,0,299.9816,2.6,0,1.5
1,30.85386,0,0,0,299.9816,2.6,0,1.5
1,30.86518,0,0,0,299.9816,2.6,0,1.5
1,30.87721,0,0,0,299.9816,2.6,0,1.5
1,30.89058,0,0,0,299.9816,2.6,0,1.5
1,30.90295,0,0,0,299.9816,2.6,0,1.5
1,30.91526,0,0,0,299.9816,2.6,0,1.5
1,30.9264,0,0,0,299.9816,2.6,0,1.5
1,30.93832,0,0,0,299.9816,2.6,0,1.5
1,30.94903,0,0,0,299.9816,2.6,0,1.5
1,30.96218,0,0,0,299.9816,2.6,0,1.5
1,30.9744,0,0,0,299.9816,2.6,0,1.5
1,30.98747,0,0,0,299.9816,2.6,0,1.5
1,30.9987,0,0,0,299.9816,2.6,0,1.5
1,31.01165,0,0,0,299.9816,2.6,0,1.5
1,31.02477,0,0,0,299.9816,2.6,0,1.5
1,31.03741,0,0,0,299.9816,2.6,0,1.5
1,31.05014,0,0,0,299.9816,2.6,0,1.5
1,31.06175,0,0,0,299.9816,2.6,0,1.5
1,31.07713,0,0,0,299.9816,2.6,0,1.5
1,31.09119,0,0,0,299.9816,2.6,0,1.5
1,31.10791,0,0,0,299.9816,2.6,0,1.5
1,31.12136,0,0,0,299.9816,2.6,0,1.5
1,31.13536,0,0,0,299.9816,2.6,0,1.5
1,31.15276,0,0,0,299.9816,2.6,0,1.5
1,31.17425,0,0,0,299.9816,2.6,0,1.5
1,31.19338,0,0,0,299.9816,2.6,0,1.5
1,31.2037,0,0,0,299.9816,2.6,0,1.5
1,31.21452,0,0,0,299.9816,2.6,0,1.5
1,31.22452,0,0,0,299.9816,2.6,0,1.5
1,31.23643,0,0,0,299.9816,2.6,0,1.5
1,31.2486,0,0,0,299.9816,2.6,0,1.5
1,31.26007,0,0,0,299.9816,2.6,0,1.5
1,31.26937,0,0,0,299.9816,2.6,0,1.5
1,31.28086,0,0,0,299.9816,2.6,0,1.5
1,31.29214,0,0,0,299.9816,2.6,0,1.5
1,31.30246,0,0,0,299.9816,2.6,0,1.5
1,31.31269,0,0,0,299.9816,2.6,0,1.5
1,31.31981,0,0,0,299.9816,2.6,0,1.5
1,31.32849,0,0,0,299.9816,2.6,0,1.5
1,31.33758,0,0,0,299.9816,2.6,0,1.5
1,31.3465,0,0,0,299.9816,2.6,0,1.5
1,31.35629,0,0,0,299.9816,2.6,0,1.5
1,31.36437,0,0,0,299.9816,2.6,0,1.5
1,31.37485,0,0,0,299.9816,2.6,0,1.5
1,31.38413,0,0,0,299.9816,2.6,0,1.5
1,31.39359,0,0,0,299.9816,2.6,0,1.5
1,31.40271,0,0,0,299.9816,2.6,0,1.5
1,31.41052,0,0,0,299.9816,2.6,0,1.5
1,31.41848,0,0,0,299.9816,2.6,0,1.5
1,31.42696,0,0,0,299.9816,2.6,0,1.5
1,31.43649,0,0,0,299.9816,2.6,0,1.5
1,31.44432,0,0,0,299.9816,2.6,0,1.5
1,31.45247,0,0,0,299.9816,2.6,0,1.5
1,31.4602,0,0,0,299.9816,2.6,0,1.5
1,31.46923,0,0,0,299.9816,2.6,0,1.5
1,31.47661,0,0,0,299.9816,2.6,0,1.5
1,31.4856,0,0,0,299.9816,2.6,0,1.5
1,31.49588,0,0,0,299.9816,2.6,0,1.5
1,31.50435,0,0,0,299.9816,2.6,0,1.5
1,31.5127,0,0,0,299.9816,2.6,0,1.5
1,31.52157,0,0,0,299.9816,2.6,0,1.5
1,31.5309,0,0,0,299.9816,2.6,0,1.5
1,31.53959,0,0,0,299.9816,2.6,0,1.5
1,31.55022,0,0,0,299.9816,2.6,0,1.5
1,31.5579,0,0,0,299.9816,2.6,0,1.5
1,31.56509,0,0,0,299.9816,2.6,0,1.5
1,31.57464,0,0,0,299.9816,2.6,0,1.5
1,31.58487,0,0,0,299.9816,2.6,0,1.5
1,31.59318,0,0,0,299.9816,2.6,0,1.5
1,31.60151,0,0,0,299.9816,2.6,0,1.5
1,31.6102,0,0,0,299.9816,2.6,0,1.5
1,31.61862,0,0,0,299.9816,2.6,0,1.5
1,31.62674,0,0,0,299.9816,2.6,0,1.5
1,31.63489,0,0,0,299.9816,2.6,0,1.5
1,31.64222,0,0,0,299.9816,2.6,0,1.5
1,31.65097,0,0,0,299.9816,2.6,0,1.5
1,31.65853,0,0,0,299.9816,2.6,0,1.5
1,31.66881,0,0,0,299.9816,2.6,0,1.5
1,31.67782,0,0,0,299.9816,2.6,0,1.5
1,31.68685,0,0,0,299.9816,2.6,0,1.5
1,31.69751,0,0,0,299.9816,2.6,0,1.5
1,31.70913,0,0,0,299.9816,2.6,0,1.5
1,31.71786,0,0,0,299.9816,2.6,0,1.5
1,31.72747,0,0,0,299.9816,2.6,0,1.5
1,31.73661,0,0,0,299.9816,2.6,0,1.5
1,31.74568,0,0,0,299.9816,2.6,0,1.5
1,31.75363,0,0,0,299.9816,2.6,0,1.5
1,31.76105,0,0,0,299.9816,2.6,0,1.5
1,31.76944,0,0,0,299.9816,2.6,0,1.5
1,31.77945,0,0,0,299.9816,2.6,0,1.5
1,31.79106,0,0,0,299.9816,2.6,0,1.5
1,31.80212,0,0,0,299.9816,2.6,0,1.5
1,31.81321,0,0,0,299.9816,2.6,0,1.5
1,31.82377,0,0,0,299.9816,2.6,0,1.5
1,31.83326,0,0,0,299.9816,2.6,0,1.5
1,31.84345,0,0,0,299.9816,2.6,0,1.5
1,31.852,0,0,0,299.9816,2.6,0,1.5
1,31.86061,0,0,0,299.9816,2.6,0,1.5
1,31.8706,0,0,0,299.9816,2.6,0,1.5
1,31.88105,0,0,0,299.9816,2.6,0,1.5
1,31.89188,0,0,0,299.9816,2.6,0,1.5
1,31.90272,0,0,0,299.9816,2.6,0,1.5
1,31.91414,0,0,0,299.9816,2.6,0,1.5
1,31.92497,0,0,0,299.9816,2.6,0,1.5
1,31.93611,0,0,0,299.9816,2.6,0,1.5
1,31.94707,0,0,0,299.9816,2.6,0,1.5
1,31.95764,0,0,0,299.9816,2.6,0,1.5
1,31.96985,0,0,0,299.9816,2.6,0,1.5
1,31.98008,0,0,0,299.9816,2.6,0,1.5
1,31.99135,0,0,0,299.9816,2.6,0,1.5
1,32.00434,0,0,0,299.9816,2.6,0,1.5
1,32.01609,0,0,0,299.9816,2.6,0,1.5
1,32.02871,0,0,0,299.9816,2.6,0,1.5
1,32.04116,0,0,0,299.9816,2.6,0,1.5
1,32.05282,0,0,0,299.9816,2.6,0,1.5
1,32.06441,0,0,0,299.9816,2.6,0,1.5
1,32.07512,0,0,0,299.9816,2.6,0,1.5
1,32.08589,0,0,0,299.9816,2.6,0,1.5
1,32.0958,0,0,0,299.9816,2.6,0,1.5
1,32.10633,0,0,0,299.9816,2.6,0,1.5
1,32.11819,0,0,0,299.9816,2.6,0,1.5
1,32.12988,0,0,0,299.9816,2.6,0,1.5
1,32.14149,0,0,0,299.9816,2.6,0,1.5
1,32.15133,0,0,0,299.9816,2.6,0,1.5
1,32.1621,0,0,0,299.9816,2.6,0,1.5
1,32.17341,0,0,0,299.9816,2.6,0,1.5
1,32.18504,0,0,0,299.9816,2.6,0,1.5
1,32.19655,0,0,0,299.9816,2.6,0,1.5
1,32.20928,0,0,0,299.9816,2.6,0,1.5
1,32.22116,0,0,0,299.9816,2.6,0,1.5
1,32.23214,0,0,0,299.9816,2.6,0,1.5
1,32.24586,0,0,0,299.9816,2.6,0,1.5
1,32.25826,0,0,0,299.9816,2.6,0,1.5
1,32.2712,0,0,0,299.9816,2.6,0,1.5
1,32.28641,0,0,0,299.9816,2.6,0,1.5
1,32.30006,0,0,0,299.9816,2.6,0,1.5
1,32.31301,0,0,0,299.9816,2.6,0,1.5
1,32.32777,0,0,0,299.9816,2.6,0,1.5
1,32.33986,0,0,0,299.9816,2.6,0,1.5
1,32.35093,0,0,0,299.9816,2.6,0,1.5
1,32.36287,0,0,0,299.9816,2.6,0,1.5
1,32.37542,0,0,0,299.9816,2.6,0,1.5
1,32.38775,0,0,0,299.9816,2.6,0,1.5
1,32.40083,0,0,0,299.9816,2.6,0,1.5
1,32.4134,0,0,0,299.9816,2.6,0,1.5
1,32.42566,0,0,0,299.9816,2.6,0,1.5
1,32.43944,0,0,0,299.9816,2.6,0,1.5
1,32.45162,0,0,0,299.9816,2.6,0,1.5
1,32.4634,0,0,0,299.9816,2.6,0,1.5
1,32.47474,0,0,0,299.9816,2.6,0,1.5
1,32.48481,0,0,0,299.9816,2.6,0,1.5
1,32.49368,0,0,0,299.9816,2.6,0,1.5
1,32.50265,0,0,0,299.9816,2.6,0,1.5
1,32.51036,0,0,0,299.9816,2.6,0,1.5
1,32.51907,0,0,0,299.9816,2.6,0,1.5
1,32.52728,0,0,0,299.9816,2.6,0,1.5
1,32.53575,0,0,0,299.9816,2.6,0,1.5
1,32.54395,0,0,0,299.9816,2.6,0,1.5
1,32.55268,0,0,0,299.9816,2.6,0,1.5
1,32.56234,0,0,0,299.9816,2.6,0,1.5
1,32.57024,0,0,0,299.9816,2.6,0,1.5
1,32.57924,0,0,0,299.9816,2.6,0,1.5
1,32.58779,0,0,0,299.9816,2.6,0,1.5
1,32.59712,0,0,0,299.9816,2.6,0,1.5
1,32.60948,0,0,0,299.9816,2.6,0,1.5
1,32.61793,0,0,0,299.9816,2.6,0,1.5
1,32.62739,0,0,0,299.9816,2.6,0,1.5
1,32.63495,0,0,0,299.9816,2.6,0,1.5
1,32.64294,0,0,0,299.9816,2.6,0,1.5
1,32.65207,0,0,0,299.9816,2.6,0,1.5
1,32.66189,0,0,0,299.9816,2.6,0,1.5
1,32.67139,0,0,0,299.9816,2.6,0,1.5
1,32.68158,0,0,0,299.9816,2.6,0,1.5
1,32.69137,0,0,0,299.9816,2.6,0,1.5
1,32.69934,0,0,0,299.9816,2.6,0,1.5
1,32.70895,0,0,0,299.9816,2.6,0,1.5
1,32.71756,0,0,0,299.9816,2.6,0,1.5
1,32.72964,0,0,0,299.9816,2.6,0,1.5
1,32.74078,0,0,0,299.9816,2.6,0,1.5
1,32.75156,0,0,0,299.9816,2.6,0,1.5
1,32.76006,0,0,0,299.9816,2.6,0,1.5
1,32.76923,0,0,0,299.9816,2.6,0,1.5
1,32.77901,0,0,0,299.9816,2.6,0,1.5
1,32.78725,0,0,0,299.9816,2.6,0,1.5
1,32.79634,0,0,0,299.9816,2.6,0,1.5
1,32.80547,0,0,0,299.9816,2.6,0,1.5
1,32.81449,0,0,0,299.9816,2.6,0,1.5
1,32.82346,0,0,0,299.9816,2.6,0,1.5
1,32.83386,0,0,0,299.9816,2.6,0,1.5
1,32.84373,0,0,0,299.9816,2.6,0,1.5
1,32.85152,0,0,0,299.9816,2.6,0,1.5
1,32.86024,0,0,0,299.9816,2.6,0,1.5
1,32.86861,0,0,0,299.9816,2.6,0,1.5
1,32.87844,0,0,0,299.9816,2.6,0,1.5
1,32.88565,0,0,0,299.9816,2.6,0,1.5
1,32.89433,0,0,0,299.9816,2.6,0,1.5
1,32.90365,0,0,0,299.9816,2.6,0,1.5
1,32.91216,0,0,0,299.9816,2.6,0,1.5
1,32.91986,0,0,0,299.9816,2.6,0,1.5
1,32.92845,0,0,0,299.9816,2.6,0,1.5
1,32.93675,0,0,0,299.9816,2.6,0,1.5
1,32.94407,0,0,0,299.9816,2.6,0,1.5
1,32.95303,0,0,0,299.9816,2.6,0,1.5
1,32.96251,0,0,0,299.9816,2.6,0,1.5
1,32.97179,0,0,0,299.9816,2.6,0,1.5
1,32.98133,0,0,0,299.9816,2.6,0,1.5
1,32.99111,0,0,0,299.9816,2.6,0,1.5
1,33.0025,0,0,0,299.9816,2.6,0,1.5
1,33.01306,0,0,0,299.9816,2.6,0,1.5
1,33.02433,0,0,0,299.9816,2.6,0,1.5
1,33.03436,0,0,0,299.9816,2.6,0,1.5
1,33.04389,0,0,0,299.9816,2.6,0,1.5
1,33.05373,0,0,0,299.9816,2.6,0,1.5
1,33.06437,0,0,0,299.9816,2.6,0,1.5
1,33.07392,0,0,0,299.9816,2.6,0,1.5
1,33.08397,0,0,0,299.9816,2.6,0,1.5
1,33.10485,0,0,0,299.9816,2.6,0,1.5
1,33.11923,0,0,0,299.9816,2.6,0,1.5
1,33.13476,0,0,0,299.9816,2.6,0,1.5
1,33.14982,0,0,0,299.9816,2.6,0,1.5
1,33.16518,0,0,0,299.9816,2.6,0,1.5
1,33.17989,0,0,0,299.9816,2.6,0,1.5
1,33.19474,0,0,0,299.9816,2.6,0,1.5
1,33.21005,0,0,0,299.9816,2.6,0,1.5
1,33.22775,0,0,0,299.9816,2.6,0,1.5
1,33.24788,0,0,0,299.9816,2.6,0,1.5
1,33.25781,0,0,0,299.9816,2.6,0,1.5
1,33.26812,0,0,0,299.9816,2.6,0,1.5
1,33.27839,0,0,0,299.9816,2.6,0,1.5
1,33.2894,0,0,0,299.9816,2.6,0,1.5
1,33.30154,0,0,0,299.9816,2.6,0,1.5
1,33.31253,0,0,0,299.9816,2.6,0,1.5
1,33.32367,0,0,0,299.9816,2.6,0,1.5
1,33.33479,0,0,0,299.9816,2.6,0,1.5
1,33.34717,0,0,0,299.9816,2.6,0,1.5
1,33.35764,0,0,0,299.9816,2.6,0,1.5
1,33.36803,0,0,0,299.9816,2.6,0,1.5
1,33.38016,0,0,0,299.9816,2.6,0,1.5
1,33.39127,0,0,0,299.9816,2.6,0,1.5
1,33.40284,0,0,0,299.9816,2.6,0,1.5
1,33.41461,0,0,0,299.9816,2.6,0,1.5
1,33.4253,0,0,0,299.9816,2.6,0,1.5
1,33.43766,0,0,0,299.9816,2.6,0,1.5
1,33.44863,0,0,0,299.9816,2.6,0,1.5
1,33.45804,0,0,0,299.9816,2.6,0,1.5
1,33.4684,0,0,0,299.9816,2.6,0,1.5
1,33.47694,0,0,0,299.9816,2.6,0,1.5
1,33.48736,0,0,0,299.9816,2.6,0,1.5
1,33.49811,0,0,0,299.9816,2.6,0,1.5
1,33.50843,0,0,0,299.9816,2.6,0,1.5
1,33.51908,0,0,0,299.9816,2.6,0,1.5
1,33.52979,0,0,0,299.9816,2.6,0,1.5
1,33.54026,0,0,0,299.9816,2.6,0,1.5
1,33.5517,0,0,0,299.9816,2.6,0,1.5
1,33.5624,0,0,0,299.9816,2.6,0,1.5
1,33.57302,0,0,0,299.9816,2.6,0,1.5
1,33.58355,0,0,0,299.9816,2.6,0,1.5
1,33.59394,0,0,0,299.9816,2.6,0,1.5
1,33.60395,0,0,0,299.9816,2.6,0,1.5
1,33.61374,0,0,0,299.9816,2.6,0,1.5
1,33.62506,0,0,0,299.9816,2.6,0,1.5
1,33.63789,0,0,0,299.9816,2.6,0,1.5
1,33.64943,0,0,0,299.9816,2.6,0,1.5
1,33.66015,0,0,0,299.9816,2.6,0,1.5
1,33.67109,0,0,0,299.9816,2.6,0,1.5
1,33.68061,0,0,0,299.9816,2.6,0,1.5
1,33.69152,0,0,0,299.9816,2.6,0,1.5
1,33.70209,0,0,0,299.9816,2.6,0,1.5
1,33.7116,0,0,0,299.9816,2.6,0,1.5
1,33.71979,0,0,0,299.9816,2.6,0,1.5
1,33.72927,0,0,0,299.9816,2.6,0,1.5
1,33.73837,0,0,0,299.9816,2.6,0,1.5
1,33.7474,0,0,0,299.9816,2.6,0,1.5
1,33.75818,0,0,0,299.9816,2.6,0,1.5
1,33.76939,0,0,0,299.9816,2.6,0,1.5
1,33.77914,0,0,0,299.9816,2.6,0,1.5
1,33.78742,0,0,0,299.9816,2.6,0,1.5
1,33.79753,0,0,0,299.9816,2.6,0,1.5
1,33.80713,0,0,0,299.9816,2.6,0,1.5
1,33.81666,0,0,0,299.9816,2.6,0,1.5
1,33.82561,0,0,0,299.9816,2.6,0,1.5
1,33.83329,0,0,0,299.9816,2.6,0,1.5
1,33.84274,0,0,0,299.9816,2.6,0,1.5
1,33.85262,0,0,0,299.9816,2.6,0,1.5
1,33.86156,0,0,0,299.9816,2.6,0,1.5
1,33.87023,0,0,0,299.9816,2.6,0,1.5
1,33.87833,0,0,0,299.9816,2.6,0,1.5
1,33.88598,0,0,0,299.9816,2.6,0,1.5
1,33.89372,0,0,0,299.9816,2.6,0,1.5
1,33.90212,0,0,0,299.9816,2.6,0,1.5
1,33.90957,0,0,0,299.9816,2.6,0,1.5
1,33.91896,0,0,0,299.9816,2.6,0,1.5
1,33.92628,0,0,0,299.9816,2.6,0,1.5
1,33.93391,0,0,0,299.9816,2.6,0,1.5
1,33.94083,0,0,0,299.9816,2.6,0,1.5
1,33.94888,0,0,0,299.9816,2.6,0,1.5
1,33.95742,0,0,0,299.9816,2.6,0,1.5
1,33.96551,0,0,0,299.9816,2.6,0,1.5
1,33.97362,0,0,0,299.9816,2.6,0,1.5
1,33.98143,0,0,0,299.9816,2.6,0,1.5
1,33.98815,0,0,0,299.9816,2.6,0,1.5
1,33.99678,0,0,0,299.9816,2.6,0,1.5
1,34.00677,0,0,0,299.9816,2.6,0,1.5
1,34.01882,0,0,0,299.9816,2.6,0,1.5
1,34.02913,0,0,0,299.9816,2.6,0,1.5
1,34.03949,0,0,0,299.9816,2.6,0,1.5
1,34.04856,0,0,0,299.9816,2.6,0,1.5
1,34.05722,0,0,0,299.9816,2.6,0,1.5
1,34.06545,0,0,0,299.9816,2.6,0,1.5
1,34.07726,0,0,0,299.9816,2.6,0,1.5
1,34.08554,0,0,0,299.9816,2.6,0,1.5
1,34.09464,0,0,0,299.9816,2.6,0,1.5
1,34.10336,0,0,0,299.9816,2.6,0,1.5
1,34.11071,0,0,0,299.9816,2.6,0,1.5
1,34.12084,0,0,0,299.9816,2.6,0,1.5
1,34.12993,0,0,0,299.9816,2.6,0,1.5
1,34.14063,0,0,0,299.9816,2.6,0,1.5
1,34.15062,0,0,0,299.9816,2.6,0,1.5
1,34.16071,0,0,0,299.9816,2.6,0,1.5
1,34.17166,0,0,0,299.9816,2.6,0,1.5
1,34.17984,0,0,0,299.9816,2.6,0,1.5
1,34.19187,0,0,0,299.9816,2.6,0,1.5
1,34.20218,0,0,0,299.9816,2.6,0,1.5
1,34.21016,0,0,0,299.9816,2.6,0,1.5
1,34.22388,0,0,0,299.9816,2.6,0,1.5
1,34.2356,0,0,0,299.9816,2.6,0,1.5
1,34.24771,0,0,0,299.9816,2.6,0,1.5
1,34.26075,0,0,0,299.9816,2.6,0,1.5
1,34.27169,0,0,0,299.9816,2.6,0,1.5
1,34.28321,0,0,0,299.9816,2.6,0,1.5
1,34.29546,0,0,0,299.9816,2.6,0,1.5
1,34.3061,0,0,0,299.9816,2.6,0,1.5
1,34.31795,0,0,0,299.9816,2.6,0,1.5
1,34.32964,0,0,0,299.9816,2.6,0,1.5
1,34.34064,0,0,0,299.9816,2.6,0,1.5
1,34.35219,0,0,0,299.9816,2.6,0,1.5
1,34.36407,0,0,0,299.9816,2.6,0,1.5
1,34.37544,0,0,0,299.9816,2.6,0,1.5
1,34.38488,0,0,0,299.9816,2.6,0,1.5
1,34.39636,0,0,0,299.9816,2.6,0,1.5
1,34.40824,0,0,0,299.9816,2.6,0,1.5
1,34.41999,0,0,0,299.9816,2.6,0,1.5
1,34.42994,0,0,0,299.9816,2.6,0,1.5
1,34.44125,0,0,0,299.9816,2.6,0,1.5
1,34.45223,0,0,0,299.9816,2.6,0,1.5
1,34.46326,0,0,0,299.9816,2.6,0,1.5
1,34.47524,0,0,0,299.9816,2.6,0,1.5
1,34.48793,0,0,0,299.9816,2.6,0,1.5
1,34.50018,0,0,0,299.9816,2.6,0,1.5
1,34.51139,0,0,0,299.9816,2.6,0,1.5
1,34.52207,0,0,0,299.9816,2.6,0,1.5
1,34.53306,0,0,0,299.9816,2.6,0,1.5
1,34.54329,0,0,0,299.9816,2.6,0,1.5
1,34.55499,0,0,0,299.9816,2.6,0,1.5
1,34.56601,0,0,0,299.9816,2.6,0,1.5
1,34.57882,0,0,0,299.9816,2.6,0,1.5
1,34.59055,0,0,0,299.9816,2.6,0,1.5
1,34.60155,0,0,0,299.9816,2.6,0,1.5
1,34.61196,0,0,0,299.9816,2.6,0,1.5
1,34.62189,0,0,0,299.9816,2.6,0,1.5
1,34.63163,0,0,0,299.9816,2.6,0,1.5
1,34.64281,0,0,0,299.9816,2.6,0,1.5
1,34.65478,0,0,0,299.9816,2.6,0,1.5
1,34.66936,0,0,0,299.9816,2.6,0,1.5
1,34.67935,0,0,0,299.9816,2.6,0,1.5
1,34.69027,0,0,0,299.9816,2.6,0,1.5
1,34.70134,0,0,0,299.9816,2.6,0,1.5
1,34.71261,0,0,0,299.9816,2.6,0,1.5
1,34.72519,0,0,0,299.9816,2.6,0,1.5
1,34.73605,0,0,0,299.9816,2.6,0,1.5
1,34.74649,0,0,0,299.9816,2.6,0,1.5
1,34.7562,0,0,0,299.9816,2.6,0,1.5
1,34.76577,0,0,0,299.9816,2.6,0,1.5
1,34.77735,0,0,0,299.9816,2.6,0,1.5
1,34.78943,0,0,0,299.9816,2.6,0,1.5
1,34.80191,0,0,0,299.9816,2.6,0,1.5
1,34.81337,0,0,0,299.9816,2.6,0,1.5
1,34.82381,0,0,0,299.9816,2.6,0,1.5
1,34.83406,0,0,0,299.9816,2.6,0,1.5
1,34.84306,0,0,0,299.9816,2.6,0,1.5
1,34.85288,0,0,0,299.9816,2.6,0,1.5
1,34.86158,0,0,0,299.9816,2.6,0,1.5
1,34.8724,0,0,0,299.9816,2.6,0,1.5
1,34.8807,0,0,0,299.9816,2.6,0,1.5
1,34.88932,0,0,0,299.9816,2.6,0,1.5
1,34.89639,0,0,0,299.9816,2.6,0,1.5
1,34.90548,0,0,0,299.9816,2.6,0,1.5
1,34.91333,0,0,0,299.9816,2.6,0,1.5
1,34.92162,0,0,0,299.9816,2.6,0,1.5
1,34.93134,0,0,0,299.9816,2.6,0,1.5
1,34.93935,0,0,0,299.9816,2.6,0,1.5
1,34.94777,0,0,0,299.9816,2.6,0,1.5
1,34.95522,0,0,0,299.9816,2.6,0,1.5
1,34.96364,0,0,0,299.9816,2.6,0,1.5
1,34.97218,0,0,0,299.9816,2.6,0,1.5
1,34.98119,0,0,0,299.9816,2.6,0,1.5
1,34.98985,0,0,0,299.9816,2.6,0,1.5
1,34.99809,0,0,0,299.9816,2.6,0,1.5
1,35.006,0,0,0,299.9816,2.6,0,1.5
1,35.01401,0,0,0,299.9816,2.6,0,1.5
1,35.02123,0,0,0,299.9816,2.6,0,1.5
1,35.03055,0,0,0,299.9816,2.6,0,1.5
1,35.04042,0,0,0,299.9816,2.6,0,1.5
1,35.04926,0,0,0,299.9816,2.6,0,1.5
1,35.05764,0,0,0,299.9816,2.6,0,1.5
1,35.07652,0,0,0,299.9816,2.6,0,1.5
1,35.08406,0,0,0,299.9816,2.6,0,1.5
1,35.09349,0,0,0,299.9816,2.6,0,1.5
1,35.10175,0,0,0,299.9816,2.6,0,1.5
1,35.11078,0,0,0,299.9816,2.6,0,1.5
1,35.12025,0,0,0,299.9816,2.6,0,1.5
1,35.12961,0,0,0,299.9816,2.6,0,1.5
1,35.13804,0,0,0,299.9816,2.6,0,1.5
1,35.14702,0,0,0,299.9816,2.6,0,1.5
1,35.15662,0,0,0,299.9816,2.6,0,1.5
1,35.16489,0,0,0,299.9816,2.6,0,1.5
1,35.17344,0,0,0,299.9816,2.6,0,1.5
1,35.1814,0,0,0,299.9816,2.6,0,1.5
1,35.18853,0,0,0,299.9816,2.6,0,1.5
1,35.19756,0,0,0,299.9816,2.6,0,1.5
1,35.20636,0,0,0,299.9816,2.6,0,1.5
1,35.21555,0,0,0,299.9816,2.6,0,1.5
1,35.2247,0,0,0,299.9816,2.6,0,1.5
1,35.23467,0,0,0,299.9816,2.6,0,1.5
1,35.24339,0,0,0,299.9816,2.6,0,1.5
1,35.25121,0,0,0,299.9816,2.6,0,1.5
1,35.25906,0,0,0,299.9816,2.6,0,1.5
1,35.26795,0,0,0,299.9816,2.6,0,1.5
1,35.27669,0,0,0,299.9816,2.6,0,1.5
1,35.286,0,0,0,299.9816,2.6,0,1.5
1,35.29464,0,0,0,299.9816,2.6,0,1.5
1,35.30407,0,0,0,299.9816,2.6,0,1.5
1,35.31395,0,0,0,299.9816,2.6,0,1.5
1,35.325,0,0,0,299.9816,2.6,0,1.5
1,35.3354,0,0,0,299.9816,2.6,0,1.5
1,35.34514,0,0,0,299.9816,2.6,0,1.5
1,35.35497,0,0,0,299.9816,2.6,0,1.5
1,35.36475,0,0,0,299.9816,2.6,0,1.5
1,35.37497,0,0,0,299.9816,2.6,0,1.5
1,35.38462,0,0,0,299.9816,2.6,0,1.5
1,35.39505,0,0,0,299.9816,2.6,0,1.5
1,35.4043,0,0,0,299.9816,2.6,0,1.5
1,35.41481,0,0,0,299.9816,2.6,0,1.5
1,35.42622,0,0,0,299.9816,2.6,0,1.5
1,35.44105,0,0,0,299.9816,2.6,0,1.5
1,35.45297,0,0,0,299.9816,2.6,0,1.5
1,35.4659,0,0,0,299.9816,2.6,0,1.5
1,35.48059,0,0,0,299.9816,2.6,0,1.5
1,35.49303,0,0,0,299.9816,2.6,0,1.5
1,35.5045,0,0,0,299.9816,2.6,0,1.5
1,35.51638,0,0,0,299.9816,2.6,0,1.5
1,35.52762,0,0,0,299.9816,2.6,0,1.5
1,35.5391,0,0,0,299.9816,2.6,0,1.5
1,35.55034,0,0,0,299.9816,2.6,0,1.5
1,35.56133,0,0,0,299.9816,2.6,0,1.5
1,35.57299,0,0,0,299.9816,2.6,0,1.5
1,35.58448,0,0,0,299.9816,2.6,0,1.5
1,35.59589,0,0,0,299.9816,2.6,0,1.5
1,35.60783,0,0,0,299.9816,2.6,0,1.5
1,35.61917,0,0,0,299.9816,2.6,0,1.5
1,35.63089,0,0,0,299.9816,2.6,0,1.5
1,35.64299,0,0,0,299.9816,2.6,0,1.5
1,35.65358,0,0,0,299.9816,2.6,0,1.5
1,35.66431,0,0,0,299.9816,2.6,0,1.5
1,35.67936,0,0,0,299.9816,2.6,0,1.5
1,35.69207,0,0,0,299.9816,2.6,0,1.5
1,35.70489,0,0,0,299.9816,2.6,0,1.5
1,35.71746,0,0,0,299.9816,2.6,0,1.5
1,35.72949,0,0,0,299.9816,2.6,0,1.5
1,35.74129,0,0,0,299.9816,2.6,0,1.5
1,35.75406,0,0,0,299.9816,2.6,0,1.5
1,35.76572,0,0,0,299.9816,2.6,0,1.5
1,35.77787,0,0,0,299.9816,2.6,0,1.5
1,35.78935,0,0,0,299.9816,2.6,0,1.5
1,35.80504,0,0,0,299.9816,2.6,0,1.5
1,35.81942,0,0,0,299.9816,2.6,0,1.5
1,35.83232,0,0,0,299.9816,2.6,0,1.5
1,35.84885,0,0,0,299.9816,2.6,0,1.5
1,35.86162,0,0,0,299.9816,2.6,0,1.5
1,35.87479,0,0,0,299.9816,2.6,0,1.5
1,35.89015,0,0,0,299.9816,2.6,0,1.5
1,35.90226,0,0,0,299.9816,2.6,0,1.5
1,35.91504,0,0,0,299.9816,2.6,0,1.5
1,35.92779,0,0,0,299.9816,2.6,0,1.5
1,35.93987,0,0,0,299.9816,2.6,0,1.5
1,35.95206,0,0,0,299.9816,2.6,0,1.5
1,35.96219,0,0,0,299.9816,2.6,0,1.5
1,35.97329,0,0,0,299.9816,2.6,0,1.5
1,35.98477,0,0,0,299.9816,2.6,0,1.5
1,35.99594,0,0,0,299.9816,2.6,0,1.5
1,36.00542,0,0,0,299.9816,2.6,0,1.5
1,36.01469,0,0,0,299.9816,2.6,0,1.5
1,36.02422,0,0,0,299.9816,2.6,0,1.5
1,36.03494,0,0,0,299.9816,2.6,0,1.5
1,36.04319,0,0,0,299.9816,2.6,0,1.5
1,36.05321,0,0,0,299.9816,2.6,0,1.5
1,36.0626,0,0,0,299.9816,2.6,0,1.5
1,36.0713,0,0,0,299.9816,2.6,0,1.5
1,36.08112,0,0,0,299.9816,2.6,0,1.5
1,36.09024,0,0,0,299.9816,2.6,0,1.5
1,36.09902,0,0,0,299.9816,2.6,0,1.5
1,36.10842,0,0,0,299.9816,2.6,0,1.5
1,36.11711,0,0,0,299.9816,2.6,0,1.5
1,36.1282,0,0,0,299.9816,2.6,0,1.5
1,36.13828,0,0,0,299.9816,2.6,0,1.5
1,36.1483,0,0,0,299.9816,2.6,0,1.5
1,36.15889,0,0,0,299.9816,2.6,0,1.5
1,36.16845,0,0,0,299.9816,2.6,0,1.5
1,36.17667,0,0,0,299.9816,2.6,0,1.5
1,36.18736,0,0,0,299.9816,2.6,0,1.5
1,36.1958,0,0,0,299.9816,2.6,0,1.5
1,36.20477,0,0,0,299.9816,2.6,0,1.5
1,36.21366,0,0,0,299.9816,2.6,0,1.5
1,36.22158,0,0,0,299.9816,2.6,0,1.5
1,36.23015,0,0,0,299.9816,2.6,0,1.5
1,36.23944,0,0,0,299.9816,2.6,0,1.5
1,36.24838,0,0,0,299.9816,2.6,0,1.5
1,36.25713,0,0,0,299.9816,2.6,0,1.5
1,36.26571,0,0,0,299.9816,2.6,0,1.5
1,36.27578,0,0,0,299.9816,2.6,0,1.5
1,36.28685,0,0,0,299.9816,2.6,0,1.5
1,36.297,0,0,0,299.9816,2.6,0,1.5
1,36.30728,0,0,0,299.9816,2.6,0,1.5
1,36.31747,0,0,0,299.9816,2.6,0,1.5
1,36.32607,0,0,0,299.9816,2.6,0,1.5
1,36.33322,0,0,0,299.9816,2.6,0,1.5
1,36.34248,0,0,0,299.9816,2.6,0,1.5
1,36.35028,0,0,0,299.9816,2.6,0,1.5
1,36.36172,0,0,0,299.9816,2.6,0,1.5
1,36.37285,0,0,0,299.9816,2.6,0,1.5
1,36.38305,0,0,0,299.9816,2.6,0,1.5
1,36.39298,0,0,0,299.9816,2.6,0,1.5
1,36.40347,0,0,0,299.9816,2.6,0,1.5
1,36.41227,0,0,0,299.9816,2.6,0,1.5
1,36.42157,0,0,0,299.9816,2.6,0,1.5
1,36.43058,0,0,0,299.9816,2.6,0,1.5
1,36.43931,0,0,0,299.9816,2.6,0,1.5
1,36.44712,0,0,0,299.9816,2.6,0,1.5
1,36.45547,0,0,0,299.9816,2.6,0,1.5
1,36.46597,0,0,0,299.9816,2.6,0,1.5
1,36.47556,0,0,0,299.9816,2.6,0,1.5
1,36.4852,0,0,0,299.9816,2.6,0,1.5
1,36.49383,0,0,0,299.9816,2.6,0,1.5
1,36.50372,0,0,0,299.9816,2.6,0,1.5
1,36.51237,0,0,0,299.9816,2.6,0,1.5
1,36.52185,0,0,0,299.9816,2.6,0,1.5
1,36.53258,0,0,0,299.9816,2.6,0,1.5
1,36.54236,0,0,0,299.9816,2.6,0,1.5
1,36.55189,0,0,0,299.9816,2.6,0,1.5
1,36.56363,0,0,0,299.9816,2.6,0,1.5
1,36.5756,0,0,0,299.9816,2.6,0,1.5
1,36.5856,0,0,0,299.9816,2.6,0,1.5
1,36.59573,0,0,0,299.9816,2.6,0,1.5
1,36.6054,0,0,0,299.9816,2.6,0,1.5
1,36.6158,0,0,0,299.9816,2.6,0,1.5
1,36.62629,0,0,0,299.9816,2.6,0,1.5
1,36.63694,0,0,0,299.9816,2.6,0,1.5
1,36.64697,0,0,0,299.9816,2.6,0,1.5
1,36.65918,0,0,0,299.9816,2.6,0,1.5
1,36.6706,0,0,0,299.9816,2.6,0,1.5
1,36.68158,0,0,0,299.9816,2.6,0,1.5
1,36.69308,0,0,0,299.9816,2.6,0,1.5
1,36.70749,0,0,0,299.9816,2.6,0,1.5
1,36.72155,0,0,0,299.9816,2.6,0,1.5
1,36.73241,0,0,0,299.9816,2.6,0,1.5
1,36.7438,0,0,0,299.9816,2.6,0,1.5
1,36.75428,0,0,0,299.9816,2.6,0,1.5
1,36.7665,0,0,0,299.9816,2.6,0,1.5
1,36.77938,0,0,0,299.9816,2.6,0,1.5
1,36.78989,0,0,0,299.9816,2.6,0,1.5
1,36.80103,0,0,0,299.9816,2.6,0,1.5
1,36.81249,0,0,0,299.9816,2.6,0,1.5
1,36.82544,0,0,0,299.9816,2.6,0,1.5
1,36.83818,0,0,0,299.9816,2.6,0,1.5
1,36.84974,0,0,0,299.9816,2.6,0,1.5
1,36.86056,0,0,0,299.9816,2.6,0,1.5
1,36.87226,0,0,0,299.9816,2.6,0,1.5
1,36.8843,0,0,0,299.9816,2.6,0,1.5
1,36.89617,0,0,0,299.9816,2.6,0,1.5
1,36.9083,0,0,0,299.9816,2.6,0,1.5
1,36.92056,0,0,0,299.9816,2.6,0,1.5
1,36.93195,0,0,0,299.9816,2.6,0,1.5
1,36.94316,0,0,0,299.9816,2.6,0,1.5
1,36.95403,0,0,0,299.9816,2.6,0,1.5
1,36.96408,0,0,0,299.9816,2.6,0,1.5
1,36.97444,0,0,0,299.9816,2.6,0,1.5
1,36.99186,0,0,0,299.9816,2.6,0,1.5
1,37.01204,0,0,0,299.9816,2.6,0,1.5
1,37.02207,0,0,0,299.9816,2.6,0,1.5
1,37.03305,0,0,0,299.9816,2.6,0,1.5
1,37.0452,0,0,0,299.9816,2.6,0,1.5
1,37.05514,0,0,0,299.9816,2.6,0,1.5
1,37.06538,0,0,0,299.9816,2.6,0,1.5
1,37.07658,0,0,0,299.9816,2.6,0,1.5
1,37.08836,0,0,0,299.9816,2.6,0,1.5
1,37.10122,0,0,0,299.9816,2.6,0,1.5
1,37.11217,0,0,0,299.9816,2.6,0,1.5
1,37.12213,0,0,0,299.9816,2.6,0,1.5
1,37.13214,0,0,0,299.9816,2.6,0,1.5
1,37.14279,0,0,0,299.9816,2.6,0,1.5
1,37.15281,0,0,0,299.9816,2.6,0,1.5
1,37.16381,0,0,0,299.9816,2.6,0,1.5
1,37.17444,0,0,0,299.9816,2.6,0,1.5
1,37.18602,0,0,0,299.9816,2.6,0,1.5
1,37.19549,0,0,0,299.9816,2.6,0,1.5
1,37.20329,0,0,0,299.9816,2.6,0,1.5
1,37.21186,0,0,0,299.9816,2.6,0,1.5
1,37.22056,0,0,0,299.9816,2.6,0,1.5
1,37.22847,0,0,0,299.9816,2.6,0,1.5
1,37.23603,0,0,0,299.9816,2.6,0,1.5
1,37.24387,0,0,0,299.9816,2.6,0,1.5
1,37.25249,0,0,0,299.9816,2.6,0,1.5
1,37.26143,0,0,0,299.9816,2.6,0,1.5
1,37.26986,0,0,0,299.9816,2.6,0,1.5
1,37.27946,0,0,0,299.9816,2.6,0,1.5
1,37.28716,0,0,0,299.9816,2.6,0,1.5
1,37.29578,0,0,0,299.9816,2.6,0,1.5
1,37.30426,0,0,0,299.9816,2.6,0,1.5
1,37.31328,0,0,0,299.9816,2.6,0,1.5
1,37.32317,0,0,0,299.9816,2.6,0,1.5
1,37.33109,0,0,0,299.9816,2.6,0,1.5
1,37.34031,0,0,0,299.9816,2.6,0,1.5
1,37.34877,0,0,0,299.9816,2.6,0,1.5
1,37.35754,0,0,0,299.9816,2.6,0,1.5
1,37.36526,0,0,0,299.9816,2.6,0,1.5
1,37.37488,0,0,0,299.9816,2.6,0,1.5
1,37.38305,0,0,0,299.9816,2.6,0,1.5
1,37.39044,0,0,0,299.9816,2.6,0,1.5
1,37.39926,0,0,0,299.9816,2.6,0,1.5
1,37.4075,0,0,0,299.9816,2.6,0,1.5
1,37.41641,0,0,0,299.9816,2.6,0,1.5
1,37.42532,0,0,0,299.9816,2.6,0,1.5
1,37.43474,0,0,0,299.9816,2.6,0,1.5
1,37.44307,0,0,0,299.9816,2.6,0,1.5
1,37.45105,0,0,0,299.9816,2.6,0,1.5
1,37.46076,0,0,0,299.9816,2.6,0,1.5
1,37.47031,0,0,0,299.9816,2.6,0,1.5
1,37.47752,0,0,0,299.9816,2.6,0,1.5
1,37.48621,0,0,0,299.9816,2.6,0,1.5
1,37.49441,0,0,0,299.9816,2.6,0,1.5
1,37.50214,0,0,0,299.9816,2.6,0,1.5
1,37.50911,0,0,0,299.9816,2.6,0,1.5
1,37.51754,0,0,0,299.9816,2.6,0,1.5
1,37.5259,0,0,0,299.9816,2.6,0,1.5
1,37.53476,0,0,0,299.9816,2.6,0,1.5
1,37.54199,0,0,0,299.9816,2.6,0,1.5
1,37.54975,0,0,0,299.9816,2.6,0,1.5
1,37.55801,0,0,0,299.9816,2.6,0,1.5
1,37.56706,0,0,0,299.9816,2.6,0,1.5
1,37.5748,0,0,0,299.9816,2.6,0,1.5
1,37.58307,0,0,0,299.9816,2.6,0,1.5
1,37.59188,0,0,0,299.9816,2.6,0,1.5
1,37.60049,0,0,0,299.9816,2.6,0,1.5
1,37.60812,0,0,0,299.9816,2.6,0,1.5
1,37.6166,0,0,0,299.9816,2.6,0,1.5
1,37.62646,0,0,0,299.9816,2.6,0,1.5
1,37.6337,0,0,0,299.9816,2.6,0,1.5
1,37.64085,0,0,0,299.9816,2.6,0,1.5
1,37.64941,0,0,0,299.9816,2.6,0,1.5
1,37.65797,0,0,0,299.9816,2.6,0,1.5
1,37.66533,0,0,0,299.9816,2.6,0,1.5
1,37.67297,0,0,0,299.9816,2.6,0,1.5
1,37.68076,0,0,0,299.9816,2.6,0,1.5
1,37.68979,0,0,0,299.9816,2.6,0,1.5
1,37.69813,0,0,0,299.9816,2.6,0,1.5
1,37.70817,0,0,0,299.9816,2.6,0,1.5
1,37.71904,0,0,0,299.9816,2.6,0,1.5
1,37.734,0,0,0,299.9816,2.6,0,1.5
1,37.74463,0,0,0,299.9816,2.6,0,1.5
1,37.75617,0,0,0,299.9816,2.6,0,1.5
1,37.76724,0,0,0,299.9816,2.6,0,1.5
1,37.77652,0,0,0,299.9816,2.6,0,1.5
1,37.78672,0,0,0,299.9816,2.6,0,1.5
1,37.79744,0,0,0,299.9816,2.6,0,1.5
1,37.80806,0,0,0,299.9816,2.6,0,1.5
1,37.81793,0,0,0,299.9816,2.6,0,1.5
1,37.82804,0,0,0,299.9816,2.6,0,1.5
1,37.8382,0,0,0,299.9816,2.6,0,1.5
1,37.85062,0,0,0,299.9816,2.6,0,1.5
1,37.86459,0,0,0,299.9816,2.6,0,1.5
1,37.87624,0,0,0,299.9816,2.6,0,1.5
1,37.88832,0,0,0,299.9816,2.6,0,1.5
1,37.9001,0,0,0,299.9816,2.6,0,1.5
1,37.91208,0,0,0,299.9816,2.6,0,1.5
1,37.92292,0,0,0,299.9816,2.6,0,1.5
1,37.93501,0,0,0,299.9816,2.6,0,1.5
1,37.94876,0,0,0,299.9816,2.6,0,1.5
1,37.95976,0,0,0,299.9816,2.6,0,1.5
1,37.97087,0,0,0,299.9816,2.6,0,1.5
1,37.98227,0,0,0,299.9816,2.6,0,1.5
1,37.99304,0,0,0,299.9816,2.6,0,1.5
1,38.00447,0,0,0,299.9816,2.6,0,1.5
1,38.01615,0,0,0,299.9816,2.6,0,1.5
1,38.02657,0,0,0,299.9816,2.6,0,1.5
1,38.03773,0,0,0,299.9816,2.6,0,1.5
1,38.04863,0,0,0,299.9816,2.6,0,1.5
1,38.05983,0,0,0,299.9816,2.6,0,1.5
1,38.06958,0,0,0,299.9816,2.6,0,1.5
1,38.08031,0,0,0,299.9816,2.6,0,1.5
1,38.08986,0,0,0,299.9816,2.6,0,1.5
1,38.10298,0,0,0,299.9816,2.6,0,1.5
1,38.11422,0,0,0,299.9816,2.6,0,1.5
1,38.12633,0,0,0,299.9816,2.6,0,1.5
1,38.13722,0,0,0,299.9816,2.6,0,1.5
1,38.148,0,0,0,299.9816,2.6,0,1.5
1,38.1594,0,0,0,299.9816,2.6,0,1.5
1,38.17231,0,0,0,299.9816,2.6,0,1.5
1,38.18399,0,0,0,299.9816,2.6,0,1.5
1,38.19652,0,0,0,299.9816,2.6,0,1.5
1,38.20841,0,0,0,299.9816,2.6,0,1.5
1,38.2195,0,0,0,299.9816,2.6,0,1.5
1,38.23016,0,0,0,299.9816,2.6,0,1.5
1,38.24125,0,0,0,299.9816,2.6,0,1.5
1,38.25176,0,0,0,299.9816,2.6,0,1.5
1,38.26295,0,0,0,299.9816,2.6,0,1.5
1,38.27274,0,0,0,299.9816,2.6,0,1.5
1,38.28428,0,0,0,299.9816,2.6,0,1.5
1,38.29611,0,0,0,299.9816,2.6,0,1.5
1,38.30619,0,0,0,299.9816,2.6,0,1.5
1,38.31759,0,0,0,299.9816,2.6,0,1.5
1,38.32896,0,0,0,299.9816,2.6,0,1.5
1,38.34085,0,0,0,299.9816,2.6,0,1.5
1,38.35205,0,0,0,299.9816,2.6,0,1.5
1,38.36266,0,0,0,299.9816,2.6,0,1.5
1,38.37383,0,0,0,299.9816,2.6,0,1.5
1,38.38424,0,0,0,299.9816,2.6,0,1.5
1,38.39358,0,0,0,299.9816,2.6,0,1.5
1,38.40144,0,0,0,299.9816,2.6,0,1.5
1,38.40942,0,0,0,299.9816,2.6,0,1.5
1,38.42001,0,0,0,299.9816,2.6,0,1.5
1,38.42773,0,0,0,299.9816,2.6,0,1.5
1,38.43684,0,0,0,299.9816,2.6,0,1.5
1,38.44729,0,0,0,299.9816,2.6,0,1.5
1,38.45589,0,0,0,299.9816,2.6,0,1.5
1,38.46341,0,0,0,299.9816,2.6,0,1.5
1,38.4742,0,0,0,299.9816,2.6,0,1.5
1,38.48315,0,0,0,299.9816,2.6,0,1.5
1,38.49096,0,0,0,299.9816,2.6,0,1.5
1,38.49902,0,0,0,299.9816,2.6,0,1.5
1,38.50743,0,0,0,299.9816,2.6,0,1.5
1,38.5161,0,0,0,299.9816,2.6,0,1.5
1,38.52422,0,0,0,299.9816,2.6,0,1.5
1,38.53392,0,0,0,299.9816,2.6,0,1.5
1,38.54211,0,0,0,299.9816,2.6,0,1.5
1,38.55154,0,0,0,299.9816,2.6,0,1.5
1,38.55982,0,0,0,299.9816,2.6,0,1.5
1,38.5671,0,0,0,299.9816,2.6,0,1.5
1,38.57429,0,0,0,299.9816,2.6,0,1.5
1,38.58242,0,0,0,299.9816,2.6,0,1.5
1,38.59068,0,0,0,299.9816,2.6,0,1.5
1,38.59822,0,0,0,299.9816,2.6,0,1.5
1,38.6073,0,0,0,299.9816,2.6,0,1.5
1,38.61523,0,0,0,299.9816,2.6,0,1.5
1,38.62375,0,0,0,299.9816,2.6,0,1.5
1,38.63079,0,0,0,299.9816,2.6,0,1.5
1,38.64075,0,0,0,299.9816,2.6,0,1.5
1,38.65212,0,0,0,299.9816,2.6,0,1.5
1,38.66386,0,0,0,299.9816,2.6,0,1.5
1,38.6748,0,0,0,299.9816,2.6,0,1.5
1,38.68471,0,0,0,299.9816,2.6,0,1.5
1,38.69507,0,0,0,299.9816,2.6,0,1.5
1,38.70667,0,0,0,299.9816,2.6,0,1.5
1,38.71677,0,0,0,299.9816,2.6,0,1.5
1,38.72565,0,0,0,299.9816,2.6,0,1.5
1,38.73622,0,0,0,299.9816,2.6,0,1.5
1,38.74731,0,0,0,299.9816,2.6,0,1.5
1,38.76149,0,0,0,299.9816,2.6,0,1.5
1,38.77456,0,0,0,299.9816,2.6,0,1.5
1,38.79263,0,0,0,299.9816,2.6,0,1.5
1,38.81073,0,0,0,299.9816,2.6,0,1.5
1,38.82164,0,0,0,299.9816,2.6,0,1.5
1,38.83181,0,0,0,299.9816,2.6,0,1.5
1,38.84157,0,0,0,299.9816,2.6,0,1.5
1,38.85055,0,0,0,299.9816,2.6,0,1.5
1,38.86034,0,0,0,299.9816,2.6,0,1.5
1,38.87061,0,0,0,299.9816,2.6,0,1.5
1,38.88397,0,0,0,299.9816,2.6,0,1.5
1,38.89785,0,0,0,299.9816,2.6,0,1.5
1,38.90897,0,0,0,299.9816,2.6,0,1.5
1,38.92088,0,0,0,299.9816,2.6,0,1.5
1,38.9328,0,0,0,299.9816,2.6,0,1.5
1,38.94303,0,0,0,299.9816,2.6,0,1.5
1,38.95609,0,0,0,299.9816,2.6,0,1.5
1,38.96801,0,0,0,299.9816,2.6,0,1.5
1,38.97973,0,0,0,299.9816,2.6,0,1.5
1,38.99004,0,0,0,299.9816,2.6,0,1.5
1,39.0028,0,0,0,299.9816,2.6,0,1.5
1,39.01449,0,0,0,299.9816,2.6,0,1.5
1,39.02663,0,0,0,299.9816,2.6,0,1.5
1,39.03698,0,0,0,299.9816,2.6,0,1.5
1,39.04951,0,0,0,299.9816,2.6,0,1.5
1,39.06212,0,0,0,299.9816,2.6,0,1.5
1,39.07498,0,0,0,299.9816,2.6,0,1.5
1,39.08592,0,0,0,299.9816,2.6,0,1.5
1,39.09819,0,0,0,299.9816,2.6,0,1.5
1,39.11128,0,0,0,299.9816,2.6,0,1.5
1,39.12627,0,0,0,299.9816,2.6,0,1.5
1,39.14083,0,0,0,299.9816,2.6,0,1.5
1,39.15502,0,0,0,299.9816,2.6,0,1.5
1,39.16692,0,0,0,299.9816,2.6,0,1.5
1,39.18141,0,0,0,299.9816,2.6,0,1.5
1,39.202,0,0,0,299.9816,2.6,0,1.5
1,39.21635,0,0,0,299.9816,2.6,0,1.5
1,39.23588,0,0,0,299.9816,2.6,0,1.5
1,39.25908,0,0,0,299.9816,2.6,0,1.5
1,39.28268,0,0,0,299.9816,2.6,0,1.5
1,39.30849,0,0,0,299.9816,2.6,0,1.5
1,39.3284,0,0,0,299.9816,2.6,0,1.5
1,39.34806,0,0,0,299.9816,2.6,0,1.5
1,39.36325,0,0,0,299.9816,2.6,0,1.5
1,39.39157,0,0,0,299.9816,2.6,0,1.5
1,39.40677,0,0,0,299.9816,2.6,0,1.5
1,39.42772,0,0,0,299.9816,2.6,0,1.5
1,39.44202,0,0,0,299.9816,2.6,0,1.5
1,39.46511,0,0,0,299.9816,2.6,0,1.5
1,39.48342,0,0,0,299.9816,2.6,0,1.5
1,39.49474,0,0,0,299.9816,2.6,0,1.5
1,39.5062,0,0,0,299.9816,2.6,0,1.5
1,39.51918,0,0,0,299.9816,2.6,0,1.5
1,39.53214,0,0,0,299.9816,2.6,0,1.5
1,39.54873,0,0,0,299.9816,2.6,0,1.5
1,39.56057,0,0,0,299.9816,2.6,0,1.5
1,39.57132,0,0,0,299.9816,2.6,0,1.5
1,39.5795,0,0,0,299.9816,2.6,0,1.5
1,39.58935,0,0,0,299.9816,2.6,0,1.5
1,39.59719,0,0,0,299.9816,2.6,0,1.5
1,39.60561,0,0,0,299.9816,2.6,0,1.5
1,39.61421,0,0,0,299.9816,2.6,0,1.5
1,39.6244,0,0,0,299.9816,2.6,0,1.5
1,39.63273,0,0,0,299.9816,2.6,0,1.5
1,39.6404,0,0,0,299.9816,2.6,0,1.5
1,39.64884,0,0,0,299.9816,2.6,0,1.5
1,39.6577,0,0,0,299.9816,2.6,0,1.5
1,39.6663,0,0,0,299.9816,2.6,0,1.5
1,39.67441,0,0,0,299.9816,2.6,0,1.5
1,39.68344,0,0,0,299.9816,2.6,0,1.5
1,39.69104,0,0,0,299.9816,2.6,0,1.5
1,39.70001,0,0,0,299.9816,2.6,0,1.5
1,39.7089,0,0,0,299.9816,2.6,0,1.5
1,39.71866,0,0,0,299.9816,2.6,0,1.5
1,39.72839,0,0,0,299.9816,2.6,0,1.5
1,39.73811,0,0,0,299.9816,2.6,0,1.5
1,39.74879,0,0,0,299.9816,2.6,0,1.5
1,39.75798,0,0,0,299.9816,2.6,0,1.5
1,39.76735,0,0,0,299.9816,2.6,0,1.5
1,39.78194,0,0,0,299.9816,2.6,0,1.5
1,39.79461,0,0,0,299.9816,2.6,0,1.5
1,39.80473,0,0,0,299.9816,2.6,0,1.5
1,39.81523,0,0,0,299.9816,2.6,0,1.5
1,39.82628,0,0,0,299.9816,2.6,0,1.5
1,39.83783,0,0,0,299.9816,2.6,0,1.5
1,39.84716,0,0,0,299.9816,2.6,0,1.5
1,39.8576,0,0,0,299.9816,2.6,0,1.5
1,39.86581,0,0,0,299.9816,2.6,0,1.5
1,39.87582,0,0,0,299.9816,2.6,0,1.5
1,39.885,0,0,0,299.9816,2.6,0,1.5
1,39.8947,0,0,0,299.9816,2.6,0,1.5
1,39.90744,0,0,0,299.9816,2.6,0,1.5
1,39.91754,0,0,0,299.9816,2.6,0,1.5
1,39.92755,0,0,0,299.9816,2.6,0,1.5
1,39.93953,0,0,0,299.9816,2.6,0,1.5
1,39.95322,0,0,0,299.9816,2.6,0,1.5
1,39.96667,0,0,0,299.9816,2.6,0,1.5
1,39.97781,0,0,0,299.9816,2.6,0,1.5
1,39.98619,0,0,0,299.9816,2.6,0,1.5
1,39.99973,0,0,0,299.9816,2.6,0,1.5
1,40.0125,0,0,0,299.9816,2.6,0,1.5
1,40.02261,0,0,0,299.9816,2.6,0,1.5
1,40.03132,0,0,0,299.9816,2.6,0,1.5
1,40.0425,0,0,0,299.9816,2.6,0,1.5
1,40.05529,0,0,0,299.9816,2.6,0,1.5
1,40.06564,0,0,0,299.9816,2.6,0,1.5
1,40.07996,0,0,0,299.9816,2.6,0,1.5
1,40.09474,0,0,0,299.9816,2.6,0,1.5
1,40.10793,0,0,0,299.9816,2.6,0,1.5
1,40.12558,0,0,0,299.9816,2.6,0,1.5
1,40.14354,0,0,0,299.9816,2.6,0,1.5
1,40.16544,0,0,0,299.9816,2.6,0,1.5
1,40.17989,0,0,0,299.9816,2.6,0,1.5
1,40.21106,0,0,0,299.9816,2.6,0,1.5
1,40.22357,0,0,0,299.9816,2.6,0,1.5
1,40.23523,0,0,0,299.9816,2.6,0,1.5
1,40.24741,0,0,0,299.9816,2.6,0,1.5
1,40.26201,0,0,0,299.9816,2.6,0,1.5
1,40.27936,0,0,0,299.9816,2.6,0,1.5
1,40.29245,0,0,0,299.9816,2.6,0,1.5
1,40.3077,0,0,0,299.9816,2.6,0,1.5
1,40.32523,0,0,0,299.9816,2.6,0,1.5
1,40.34473,0,0,0,299.9816,2.6,0,1.5
1,40.36478,0,0,0,299.9816,2.6,0,1.5
1,40.38068,0,0,0,299.9816,2.6,0,1.5
1,40.39959,0,0,0,299.9816,2.6,0,1.5
1,40.4124,0,0,0,299.9816,2.6,0,1.5
1,40.42524,0,0,0,299.9816,2.6,0,1.5
1,40.43723,0,0,0,299.9816,2.6,0,1.5
1,40.45237,0,0,0,299.9816,2.6,0,1.5
1,40.46891,0,0,0,299.9816,2.6,0,1.5
1,40.48238,0,0,0,299.9816,2.6,0,1.5
1,40.49464,0,0,0,299.9816,2.6,0,1.5
1,40.50906,0,0,0,299.9816,2.6,0,1.5
1,40.52495,0,0,0,299.9816,2.6,0,1.5
1,40.53898,0,0,0,299.9816,2.6,0,1.5
1,40.55446,0,0,0,299.9816,2.6,0,1.5
1,40.56599,0,0,0,299.9816,2.6,0,1.5
1,40.58498,0,0,0,299.9816,2.6,0,1.5
1,40.60115,0,0,0,299.9816,2.6,0,1.5
1,40.61629,0,0,0,299.9816,2.6,0,1.5
1,40.62977,0,0,0,299.9816,2.6,0,1.5
1,40.65404,0,0,0,299.9816,2.6,0,1.5
1,40.67193,0,0,0,299.9816,2.6,0,1.5
1,40.68537,0,0,0,299.9816,2.6,0,1.5
1,40.70486,0,0,0,299.9816,2.6,0,1.5
1,40.72066,0,0,0,299.9816,2.6,0,1.5
1,40.73726,0,0,0,299.9816,2.6,0,1.5
1,40.75087,0,0,0,299.9816,2.6,0,1.5
1,40.7662,0,0,0,299.9816,2.6,0,1.5
1,40.78049,0,0,0,299.9816,2.6,0,1.5
1,40.79232,0,0,0,299.9816,2.6,0,1.5
1,40.80597,0,0,0,299.9816,2.6,0,1.5
1,40.82303,0,0,0,299.9816,2.6,0,1.5
1,40.83632,0,0,0,299.9816,2.6,0,1.5
1,40.84871,0,0,0,299.9816,2.6,0,1.5
1,40.86032,0,0,0,299.9816,2.6,0,1.5
1,40.87086,0,0,0,299.9816,2.6,0,1.5
1,40.88122,0,0,0,299.9816,2.6,0,1.5
1,40.89226,0,0,0,299.9816,2.6,0,1.5
1,40.90285,0,0,0,299.9816,2.6,0,1.5
1,40.91193,0,0,0,299.9816,2.6,0,1.5
1,40.92385,0,0,0,299.9816,2.6,0,1.5
1,40.93676,0,0,0,299.9816,2.6,0,1.5
1,40.9472,0,0,0,299.9816,2.6,0,1.5
1,40.95927,0,0,0,299.9816,2.6,0,1.5
1,40.97049,0,0,0,299.9816,2.6,0,1.5
1,40.98135,0,0,0,299.9816,2.6,0,1.5
1,40.99102,0,0,0,299.9816,2.6,0,1.5
1,41.00291,0,0,0,299.9816,2.6,0,1.5
1,41.01461,0,0,0,299.9816,2.6,0,1.5
1,41.02505,0,0,0,299.9816,2.6,0,1.5
1,41.03473,0,0,0,299.9816,2.6,0,1.5
1,41.04369,0,0,0,299.9816,2.6,0,1.5
1,41.05996,0,0,0,299.9816,2.6,0,1.5
1,41.07563,0,0,0,299.9816,2.6,0,1.5
1,41.08438,0,0,0,299.9816,2.6,0,1.5
1,41.09383,0,0,0,299.9816,2.6,0,1.5
1,41.10149,0,0,0,299.9816,2.6,0,1.5
1,41.1125,0,0,0,299.9816,2.6,0,1.5
1,41.12152,0,0,0,299.9816,2.6,0,1.5
1,41.13038,0,0,0,299.9816,2.6,0,1.5
1,41.13939,0,0,0,299.9816,2.6,0,1.5
1,41.14882,0,0,0,299.9816,2.6,0,1.5
1,41.15779,0,0,0,299.9816,2.6,0,1.5
1,41.16759,0,0,0,299.9816,2.6,0,1.5
1,41.17708,0,0,0,299.9816,2.6,0,1.5
1,41.18665,0,0,0,299.9816,2.6,0,1.5
1,41.19587,0,0,0,299.9816,2.6,0,1.5
1,41.2065,0,0,0,299.9816,2.6,0,1.5
1,41.22023,0,0,0,299.9816,2.6,0,1.5
1,41.23105,0,0,0,299.9816,2.6,0,1.5
1,41.24076,0,0,0,299.9816,2.6,0,1.5
1,41.25078,0,0,0,299.9816,2.6,0,1.5
1,41.25864,0,0,0,299.9816,2.6,0,1.5
1,41.26805,0,0,0,299.9816,2.6,0,1.5
1,41.27834,0,0,0,299.9816,2.6,0,1.5
1,41.288,0,0,0,299.9816,2.6,0,1.5
1,41.29971,0,0,0,299.9816,2.6,0,1.5
1,41.31062,0,0,0,299.9816,2.6,0,1.5
1,41.32011,0,0,0,299.9816,2.6,0,1.5
1,41.33252,0,0,0,299.9816,2.6,0,1.5
1,41.34351,0,0,0,299.9816,2.6,0,1.5
1,41.35458,0,0,0,299.9816,2.6,0,1.5
1,41.36602,0,0,0,299.9816,2.6,0,1.5
1,41.37793,0,0,0,299.9816,2.6,0,1.5
1,41.39056,0,0,0,299.9816,2.6,0,1.5
1,41.40211,0,0,0,299.9816,2.6,0,1.5
1,41.41266,0,0,0,299.9816,2.6,0,1.5
1,41.4253,0,0,0,299.9816,2.6,0,1.5
1,41.44165,0,0,0,299.9816,2.6,0,1.5
1,41.46734,0,0,0,299.9816,2.6,0,1.5
1,41.48543,0,0,0,299.9816,2.6,0,1.5
1,41.49859,0,0,0,299.9816,2.6,0,1.5
1,41.51139,0,0,0,299.9816,2.6,0,1.5
1,41.52234,0,0,0,299.9816,2.6,0,1.5
1,41.53354,0,0,0,299.9816,2.6,0,1.5
1,41.54452,0,0,0,299.9816,2.6,0,1.5
1,41.55661,0,0,0,299.9816,2.6,0,1.5
1,41.56901,0,0,0,299.9816,2.6,0,1.5
1,41.58043,0,0,0,299.9816,2.6,0,1.5
1,41.59557,0,0,0,299.9816,2.6,0,1.5
1,41.6095,0,0,0,299.9816,2.6,0,1.5
1,41.62143,0,0,0,299.9816,2.6,0,1.5
1,41.63168,0,0,0,299.9816,2.6,0,1.5
1,41.64182,0,0,0,299.9816,2.6,0,1.5
1,41.65347,0,0,0,299.9816,2.6,0,1.5
1,41.663,0,0,0,299.9816,2.6,0,1.5
1,41.67564,0,0,0,299.9816,2.6,0,1.5
1,41.68709,0,0,0,299.9816,2.6,0,1.5
1,41.69931,0,0,0,299.9816,2.6,0,1.5
1,41.71132,0,0,0,299.9816,2.6,0,1.5
1,41.72423,0,0,0,299.9816,2.6,0,1.5
1,41.73817,0,0,0,299.9816,2.6,0,1.5
1,41.75066,0,0,0,299.9816,2.6,0,1.5
1,41.76241,0,0,0,299.9816,2.6,0,1.5
1,41.77374,0,0,0,299.9816,2.6,0,1.5
1,41.78606,0,0,0,299.9816,2.6,0,1.5
1,41.79943,0,0,0,299.9816,2.6,0,1.5
1,41.81345,0,0,0,299.9816,2.6,0,1.5
1,41.83061,0,0,0,299.9816,2.6,0,1.5
1,41.84599,0,0,0,299.9816,2.6,0,1.5
1,41.85829,0,0,0,299.9816,2.6,0,1.5
1,41.87049,0,0,0,299.9816,2.6,0,1.5
1,41.88248,0,0,0,299.9816,2.6,0,1.5
1,41.89612,0,0,0,299.9816,2.6,0,1.5
1,41.90966,0,0,0,299.9816,2.6,0,1.5
1,41.92131,0,0,0,299.9816,2.6,0,1.5
1,41.93524,0,0,0,299.9816,2.6,0,1.5
1,41.95575,0,0,0,299.9816,2.6,0,1.5
1,41.97522,0,0,0,299.9816,2.6,0,1.5
1,41.99199,0,0,0,299.9816,2.6,0,1.5
1,42.00512,0,0,0,299.9816,2.6,0,1.5
1,42.01582,0,0,0,299.9816,2.6,0,1.5
1,42.02813,0,0,0,299.9816,2.6,0,1.5
1,42.03851,0,0,0,299.9816,2.6,0,1.5
1,42.0523,0,0,0,299.9816,2.6,0,1.5
1,42.06421,0,0,0,299.9816,2.6,0,1.5
1,42.07542,0,0,0,299.9816,2.6,0,1.5
1,42.08562,0,0,0,299.9816,2.6,0,1.5
1,42.09567,0,0,0,299.9816,2.6,0,1.5
1,42.10787,0,0,0,299.9816,2.6,0,1.5
1,42.11737,0,0,0,299.9816,2.6,0,1.5
1,42.12868,0,0,0,299.9816,2.6,0,1.5
1,42.13951,0,0,0,299.9816,2.6,0,1.5
1,42.14788,0,0,0,299.9816,2.6,0,1.5
1,42.15753,0,0,0,299.9816,2.6,0,1.5
1,42.16644,0,0,0,299.9816,2.6,0,1.5
1,42.17646,0,0,0,299.9816,2.6,0,1.5
1,42.19258,0,0,0,299.9816,2.6,0,1.5
1,42.2025,0,0,0,299.9816,2.6,0,1.5
1,42.21189,0,0,0,299.9816,2.6,0,1.5
1,42.22036,0,0,0,299.9816,2.6,0,1.5
1,42.23009,0,0,0,299.9816,2.6,0,1.5
1,42.23966,0,0,0,299.9816,2.6,0,1.5
1,42.24913,0,0,0,299.9816,2.6,0,1.5
1,42.25943,0,0,0,299.9816,2.6,0,1.5
1,42.27105,0,0,0,299.9816,2.6,0,1.5
1,42.28044,0,0,0,299.9816,2.6,0,1.5
1,42.2909,0,0,0,299.9816,2.6,0,1.5
1,42.30437,0,0,0,299.9816,2.6,0,1.5
1,42.31538,0,0,0,299.9816,2.6,0,1.5
1,42.32537,0,0,0,299.9816,2.6,0,1.5
1,42.33658,0,0,0,299.9816,2.6,0,1.5
1,42.34607,0,0,0,299.9816,2.6,0,1.5
1,42.35686,0,0,0,299.9816,2.6,0,1.5
1,42.36549,0,0,0,299.9816,2.6,0,1.5
1,42.37533,0,0,0,299.9816,2.6,0,1.5
1,42.38602,0,0,0,299.9816,2.6,0,1.5
1,42.39611,0,0,0,299.9816,2.6,0,1.5
1,42.40666,0,0,0,299.9816,2.6,0,1.5
1,42.41957,0,0,0,299.9816,2.6,0,1.5
1,42.43082,0,0,0,299.9816,2.6,0,1.5
1,42.44175,0,0,0,299.9816,2.6,0,1.5
1,42.45356,0,0,0,299.9816,2.6,0,1.5
1,42.46439,0,0,0,299.9816,2.6,0,1.5
1,42.47783,0,0,0,299.9816,2.6,0,1.5
1,42.48756,0,0,0,299.9816,2.6,0,1.5
1,42.49558,0,0,0,299.9816,2.6,0,1.5
1,42.50457,0,0,0,299.9816,2.6,0,1.5
1,42.51286,0,0,0,299.9816,2.6,0,1.5
1,42.52162,0,0,0,299.9816,2.6,0,1.5
1,42.53003,0,0,0,299.9816,2.6,0,1.5
1,42.54004,0,0,0,299.9816,2.6,0,1.5
1,42.55091,0,0,0,299.9816,2.6,0,1.5
1,42.5601,0,0,0,299.9816,2.6,0,1.5
1,42.57073,0,0,0,299.9816,2.6,0,1.5
1,42.5826,0,0,0,299.9816,2.6,0,1.5
1,42.59367,0,0,0,299.9816,2.6,0,1.5
1,42.60326,0,0,0,299.9816,2.6,0,1.5
1,42.61449,0,0,0,299.9816,2.6,0,1.5
1,42.62592,0,0,0,299.9816,2.6,0,1.5
1,42.63829,0,0,0,299.9816,2.6,0,1.5
1,42.65147,0,0,0,299.9816,2.6,0,1.5
1,42.66216,0,0,0,299.9816,2.6,0,1.5
1,42.67283,0,0,0,299.9816,2.6,0,1.5
1,42.68229,0,0,0,299.9816,2.6,0,1.5
1,42.69323,0,0,0,299.9816,2.6,0,1.5
1,42.70461,0,0,0,299.9816,2.6,0,1.5
1,42.7167,0,0,0,299.9816,2.6,0,1.5
1,42.72765,0,0,0,299.9816,2.6,0,1.5
1,42.73818,0,0,0,299.9816,2.6,0,1.5
1,42.74937,0,0,0,299.9816,2.6,0,1.5
1,42.76018,0,0,0,299.9816,2.6,0,1.5
1,42.77149,0,0,0,299.9816,2.6,0,1.5
1,42.78172,0,0,0,299.9816,2.6,0,1.5
1,42.79176,0,0,0,299.9816,2.6,0,1.5
1,42.80193,0,0,0,299.9816,2.6,0,1.5
1,42.81243,0,0,0,299.9816,2.6,0,1.5
1,42.82206,0,0,0,299.9816,2.6,0,1.5
1,42.83243,0,0,0,299.9816,2.6,0,1.5
1,42.84351,0,0,0,299.9816,2.6,0,1.5
1,42.85591,0,0,0,299.9816,2.6,0,1.5
1,42.86666,0,0,0,299.9816,2.6,0,1.5
1,42.87845,0,0,0,299.9816,2.6,0,1.5
1,42.88783,0,0,0,299.9816,2.6,0,1.5
1,42.89788,0,0,0,299.9816,2.6,0,1.5
1,42.90799,0,0,0,299.9816,2.6,0,1.5
1,42.91904,0,0,0,299.9816,2.6,0,1.5
1,42.92907,0,0,0,299.9816,2.6,0,1.5
1,42.93952,0,0,0,299.9816,2.6,0,1.5
1,42.95033,0,0,0,299.9816,2.6,0,1.5
1,42.96137,0,0,0,299.9816,2.6,0,1.5
1,42.97355,0,0,0,299.9816,2.6,0,1.5
1,42.99047,0,0,0,299.9816,2.6,0,1.5
1,43.00282,0,0,0,299.9816,2.6,0,1.5
1,43.01303,0,0,0,299.9816,2.6,0,1.5
1,43.02321,0,0,0,299.9816,2.6,0,1.5
1,43.03512,0,0,0,299.9816,2.6,0,1.5
1,43.04577,0,0,0,299.9816,2.6,0,1.5
1,43.0577,0,0,0,299.9816,2.6,0,1.5
1,43.06864,0,0,0,299.9816,2.6,0,1.5
1,43.08036,0,0,0,299.9816,2.6,0,1.5
1,43.08974,0,0,0,299.9816,2.6,0,1.5
1,43.0983,0,0,0,299.9816,2.6,0,1.5
1,43.10769,0,0,0,299.9816,2.6,0,1.5
1,43.13001,0,0,0,299.9816,2.6,0,1.5
1,43.14125,0,0,0,299.9816,2.6,0,1.5
1,43.15304,0,0,0,299.9816,2.6,0,1.5
1,43.16287,0,0,0,299.9816,2.6,0,1.5
1,43.17188,0,0,0,299.9816,2.6,0,1.5
1,43.18181,0,0,0,299.9816,2.6,0,1.5
1,43.19072,0,0,0,299.9816,2.6,0,1.5
1,43.1987,0,0,0,299.9816,2.6,0,1.5
1,43.20886,0,0,0,299.9816,2.6,0,1.5
1,43.21939,0,0,0,299.9816,2.6,0,1.5
1,43.22815,0,0,0,299.9816,2.6,0,1.5
1,43.23682,0,0,0,299.9816,2.6,0,1.5
1,43.24536,0,0,0,299.9816,2.6,0,1.5
1,43.25412,0,0,0,299.9816,2.6,0,1.5
1,43.26237,0,0,0,299.9816,2.6,0,1.5
1,43.26995,0,0,0,299.9816,2.6,0,1.5
1,43.27774,0,0,0,299.9816,2.6,0,1.5
1,43.28711,0,0,0,299.9816,2.6,0,1.5
1,43.29539,0,0,0,299.9816,2.6,0,1.5
1,43.30305,0,0,0,299.9816,2.6,0,1.5
1,43.31289,0,0,0,299.9816,2.6,0,1.5
1,43.32119,0,0,0,299.9816,2.6,0,1.5
1,43.33151,0,0,0,299.9816,2.6,0,1.5
1,43.34142,0,0,0,299.9816,2.6,0,1.5
1,43.35136,0,0,0,299.9816,2.6,0,1.5
1,43.3601,0,0,0,299.9816,2.6,0,1.5
1,43.36814,0,0,0,299.9816,2.6,0,1.5
1,43.37607,0,0,0,299.9816,2.6,0,1.5
1,43.38466,0,0,0,299.9816,2.6,0,1.5
1,43.39395,0,0,0,299.9816,2.6,0,1.5
1,43.40332,0,0,0,299.9816,2.6,0,1.5
1,43.41228,0,0,0,299.9816,2.6,0,1.5
1,43.42278,0,0,0,299.9816,2.6,0,1.5
1,43.43161,0,0,0,299.9816,2.6,0,1.5
1,43.44186,0,0,0,299.9816,2.6,0,1.5
1,43.45206,0,0,0,299.9816,2.6,0,1.5
1,43.46039,0,0,0,299.9816,2.6,0,1.5
1,43.46976,0,0,0,299.9816,2.6,0,1.5
1,43.47832,0,0,0,299.9816,2.6,0,1.5
1,43.48795,0,0,0,299.9816,2.6,0,1.5
1,43.4976,0,0,0,299.9816,2.6,0,1.5
1,43.50556,0,0,0,299.9816,2.6,0,1.5
1,43.51472,0,0,0,299.9816,2.6,0,1.5
1,43.52471,0,0,0,299.9816,2.6,0,1.5
1,43.53481,0,0,0,299.9816,2.6,0,1.5
1,43.54292,0,0,0,299.9816,2.6,0,1.5
1,43.55316,0,0,0,299.9816,2.6,0,1.5
1,43.56266,0,0,0,299.9816,2.6,0,1.5
1,43.57119,0,0,0,299.9816,2.6,0,1.5
1,43.5805,0,0,0,299.9816,2.6,0,1.5
1,43.58791,0,0,0,299.9816,2.6,0,1.5
1,43.59628,0,0,0,299.9816,2.6,0,1.5
1,43.60472,0,0,0,299.9816,2.6,0,1.5
1,43.61343,0,0,0,299.9816,2.6,0,1.5
1,43.62098,0,0,0,299.9816,2.6,0,1.5
1,43.62867,0,0,0,299.9816,2.6,0,1.5
1,43.63676,0,0,0,299.9816,2.6,0,1.5
1,43.64414,0,0,0,299.9816,2.6,0,1.5
1,43.65202,0,0,0,299.9816,2.6,0,1.5
1,43.66001,0,0,0,299.9816,2.6,0,1.5
1,43.66813,0,0,0,299.9816,2.6,0,1.5
1,43.67573,0,0,0,299.9816,2.6,0,1.5
1,43.68483,0,0,0,299.9816,2.6,0,1.5
1,43.6944,0,0,0,299.9816,2.6,0,1.5
1,43.70525,0,0,0,299.9816,2.6,0,1.5
1,43.71672,0,0,0,299.9816,2.6,0,1.5
1,43.726,0,0,0,299.9816,2.6,0,1.5
1,43.73575,0,0,0,299.9816,2.6,0,1.5
1,43.74378,0,0,0,299.9816,2.6,0,1.5
1,43.75228,0,0,0,299.9816,2.6,0,1.5
1,43.76034,0,0,0,299.9816,2.6,0,1.5
1,43.77152,0,0,0,299.9816,2.6,0,1.5
1,43.78226,0,0,0,299.9816,2.6,0,1.5
1,43.79215,0,0,0,299.9816,2.6,0,1.5
1,43.80287,0,0,0,299.9816,2.6,0,1.5
1,43.8142,0,0,0,299.9816,2.6,0,1.5
1,43.82373,0,0,0,299.9816,2.6,0,1.5
1,43.8346,0,0,0,299.9816,2.6,0,1.5
1,43.84409,0,0,0,299.9816,2.6,0,1.5
1,43.85532,0,0,0,299.9816,2.6,0,1.5
1,43.86568,0,0,0,299.9816,2.6,0,1.5
1,43.87707,0,0,0,299.9816,2.6,0,1.5
1,43.89042,0,0,0,299.9816,2.6,0,1.5
1,43.90355,0,0,0,299.9816,2.6,0,1.5
1,43.91382,0,0,0,299.9816,2.6,0,1.5
1,43.92488,0,0,0,299.9816,2.6,0,1.5
1,43.93666,0,0,0,299.9816,2.6,0,1.5
1,43.94726,0,0,0,299.9816,2.6,0,1.5
1,43.95745,0,0,0,299.9816,2.6,0,1.5
1,43.96834,0,0,0,299.9816,2.6,0,1.5
1,43.97749,0,0,0,299.9816,2.6,0,1.5
1,43.98865,0,0,0,299.9816,2.6,0,1.5
1,43.99986,0,0,0,299.9816,2.6,0,1.5
1,44.01402,0,0,0,299.9816,2.6,0,1.5
1,44.02596,0,0,0,299.9816,2.6,0,1.5
1,44.03742,0,0,0,299.9816,2.6,0,1.5
1,44.04991,0,0,0,299.9816,2.6,0,1.5
1,44.06157,0,0,0,299.9816,2.6,0,1.5
1,44.07124,0,0,0,299.9816,2.6,0,1.5
1,44.08262,0,0,0,299.9816,2.6,0,1.5
1,44.09397,0,0,0,299.9816,2.6,0,1.5
1,44.10498,0,0,0,299.9816,2.6,0,1.5
1,44.11635,0,0,0,299.9816,2.6,0,1.5
1,44.12727,0,0,0,299.9816,2.6,0,1.5
1,44.13865,0,0,0,299.9816,2.6,0,1.5
1,44.15118,0,0,0,299.9816,2.6,0,1.5
1,44.16252,0,0,0,299.9816,2.6,0,1.5
1,44.17378,0,0,0,299.9816,2.6,0,1.5
1,44.18444,0,0,0,299.9816,2.6,0,1.5
1,44.19462,0,0,0,299.9816,2.6,0,1.5
1,44.20623,0,0,0,299.9816,2.6,0,1.5
1,44.21817,0,0,0,299.9816,2.6,0,1.5
1,44.22889,0,0,0,299.9816,2.6,0,1.5
1,44.24025,0,0,0,299.9816,2.6,0,1.5
1,44.25104,0,0,0,299.9816,2.6,0,1.5
1,44.26178,0,0,0,299.9816,2.6,0,1.5
1,44.27264,0,0,0,299.9816,2.6,0,1.5
1,44.28357,0,0,0,299.9816,2.6,0,1.5
1,44.2942,0,0,0,299.9816,2.6,0,1.5
1,44.30355,0,0,0,299.9816,2.6,0,1.5
1,44.31279,0,0,0,299.9816,2.6,0,1.5
1,44.32196,0,0,0,299.9816,2.6,0,1.5
1,44.33035,0,0,0,299.9816,2.6,0,1.5
1,44.34032,0,0,0,299.9816,2.6,0,1.5
1,44.35064,0,0,0,299.9816,2.6,0,1.5
1,44.36011,0,0,0,299.9816,2.6,0,1.5
1,44.36893,0,0,0,299.9816,2.6,0,1.5
1,44.37703,0,0,0,299.9816,2.6,0,1.5
1,44.38501,0,0,0,299.9816,2.6,0,1.5
1,44.39264,0,0,0,299.9816,2.6,0,1.5
1,44.39994,0,0,0,299.9816,2.6,0,1.5
1,44.40885,0,0,0,299.9816,2.6,0,1.5
1,44.41808,0,0,0,299.9816,2.6,0,1.5
1,44.42577,0,0,0,299.9816,2.6,0,1.5
1,44.43443,0,0,0,299.9816,2.6,0,1.5
1,44.44291,0,0,0,299.9816,2.6,0,1.5
1,44.45079,0,0,0,299.9816,2.6,0,1.5
1,44.4592,0,0,0,299.9816,2.6,0,1.5
1,44.46959,0,0,0,299.9816,2.6,0,1.5
1,44.47757,0,0,0,299.9816,2.6,0,1.5
1,44.48627,0,0,0,299.9816,2.6,0,1.5
1,44.49729,0,0,0,299.9816,2.6,0,1.5
1,44.50556,0,0,0,299.9816,2.6,0,1.5
1,44.51295,0,0,0,299.9816,2.6,0,1.5
1,44.52015,0,0,0,299.9816,2.6,0,1.5
1,44.52859,0,0,0,299.9816,2.6,0,1.5
1,44.53688,0,0,0,299.9816,2.6,0,1.5
1,44.54472,0,0,0,299.9816,2.6,0,1.5
1,44.55243,0,0,0,299.9816,2.6,0,1.5
1,44.56151,0,0,0,299.9816,2.6,0,1.5
1,44.57017,0,0,0,299.9816,2.6,0,1.5
1,44.57871,0,0,0,299.9816,2.6,0,1.5
1,44.58806,0,0,0,299.9816,2.6,0,1.5
1,44.59831,0,0,0,299.9816,2.6,0,1.5
1,44.60678,0,0,0,299.9816,2.6,0,1.5
1,44.61465,0,0,0,299.9816,2.6,0,1.5
1,44.62308,0,0,0,299.9816,2.6,0,1.5
1,44.63115,0,0,0,299.9816,2.6,0,1.5
1,44.63908,0,0,0,299.9816,2.6,0,1.5
1,44.64647,0,0,0,299.9816,2.6,0,1.5
1,44.65361,0,0,0,299.9816,2.6,0,1.5
1,44.66252,0,0,0,299.9816,2.6,0,1.5
1,44.6704,0,0,0,299.9816,2.6,0,1.5
1,44.67871,0,0,0,299.9816,2.6,0,1.5
1,44.68752,0,0,0,299.9816,2.6,0,1.5
1,44.69611,0,0,0,299.9816,2.6,0,1.5
1,44.70468,0,0,0,299.9816,2.6,0,1.5
1,44.71487,0,0,0,299.9816,2.6,0,1.5
1,44.72447,0,0,0,299.9816,2.6,0,1.5
1,44.73167,0,0,0,299.9816,2.6,0,1.5
1,44.73939,0,0,0,299.9816,2.6,0,1.5
1,44.74806,0,0,0,299.9816,2.6,0,1.5
1,44.75668,0,0,0,299.9816,2.6,0,1.5
1,44.76471,0,0,0,299.9816,2.6,0,1.5
1,44.77332,0,0,0,299.9816,2.6,0,1.5
1,44.78189,0,0,0,299.9816,2.6,0,1.5
1,44.79063,0,0,0,299.9816,2.6,0,1.5
1,44.79862,0,0,0,299.9816,2.6,0,1.5
1,44.80694,0,0,0,299.9816,2.6,0,1.5
1,44.81528,0,0,0,299.9816,2.6,0,1.5
1,44.82254,0,0,0,299.9816,2.6,0,1.5
1,44.82937,0,0,0,299.9816,2.6,0,1.5
1,44.83633,0,0,0,299.9816,2.6,0,1.5
1,44.84426,0,0,0,299.9816,2.6,0,1.5
1,44.86677,0,0,0,299.9816,2.6,0,1.5
1,44.87602,0,0,0,299.9816,2.6,0,1.5
1,44.88491,0,0,0,299.9816,2.6,0,1.5
1,44.89496,0,0,0,299.9816,2.6,0,1.5
1,44.90684,0,0,0,299.9816,2.6,0,1.5
1,44.91853,0,0,0,299.9816,2.6,0,1.5
1,44.92937,0,0,0,299.9816,2.6,0,1.5
1,44.9405,0,0,0,299.9816,2.6,0,1.5
1,44.95181,0,0,0,299.9816,2.6,0,1.5
1,44.96159,0,0,0,299.9816,2.6,0,1.5
1,44.97306,0,0,0,299.9816,2.6,0,1.5
1,44.98346,0,0,0,299.9816,2.6,0,1.5
1,44.99329,0,0,0,299.9816,2.6,0,1.5
1,45.00328,0,0,0,299.9816,2.6,0,1.5
1,45.01435,0,0,0,299.9816,2.6,0,1.5
1,45.02691,0,0,0,299.9816,2.6,0,1.5
1,45.03898,0,0,0,299.9816,2.6,0,1.5
1,45.05059,0,0,0,299.9816,2.6,0,1.5
1,45.06205,0,0,0,299.9816,2.6,0,1.5
1,45.07235,0,0,0,299.9816,2.6,0,1.5
1,45.08289,0,0,0,299.9816,2.6,0,1.5
1,45.09342,0,0,0,299.9816,2.6,0,1.5
1,45.10356,0,0,0,299.9816,2.6,0,1.5
1,45.11501,0,0,0,299.9816,2.6,0,1.5
1,45.12669,0,0,0,299.9816,2.6,0,1.5
1,45.13634,0,0,0,299.9816,2.6,0,1.5
1,45.14647,0,0,0,299.9816,2.6,0,1.5
1,45.15751,0,0,0,299.9816,2.6,0,1.5
1,45.16832,0,0,0,299.9816,2.6,0,1.5
1,45.17778,0,0,0,299.9816,2.6,0,1.5
1,45.18867,0,0,0,299.9816,2.6,0,1.5
1,45.19903,0,0,0,299.9816,2.6,0,1.5
1,45.2099,0,0,0,299.9816,2.6,0,1.5
1,45.22123,0,0,0,299.9816,2.6,0,1.5
1,45.23268,0,0,0,299.9816,2.6,0,1.5
1,45.24326,0,0,0,299.9816,2.6,0,1.5
1,45.25427,0,0,0,299.9816,2.6,0,1.5
1,45.26608,0,0,0,299.9816,2.6,0,1.5
1,45.27965,0,0,0,299.9816,2.6,0,1.5
1,45.29197,0,0,0,299.9816,2.6,0,1.5
1,45.30402,0,0,0,299.9816,2.6,0,1.5
1,45.31544,0,0,0,299.9816,2.6,0,1.5
1,45.32572,0,0,0,299.9816,2.6,0,1.5
1,45.3358,0,0,0,299.9816,2.6,0,1.5
1,45.34607,0,0,0,299.9816,2.6,0,1.5
1,45.3555,0,0,0,299.9816,2.6,0,1.5
1,45.36795,0,0,0,299.9816,2.6,0,1.5
1,45.37892,0,0,0,299.9816,2.6,0,1.5
1,45.38964,0,0,0,299.9816,2.6,0,1.5
1,45.40054,0,0,0,299.9816,2.6,0,1.5
1,45.40918,0,0,0,299.9816,2.6,0,1.5
1,45.41939,0,0,0,299.9816,2.6,0,1.5
1,45.42872,0,0,0,299.9816,2.6,0,1.5
1,45.43815,0,0,0,299.9816,2.6,0,1.5
1,45.44763,0,0,0,299.9816,2.6,0,1.5
1,45.45673,0,0,0,299.9816,2.6,0,1.5
1,45.46746,0,0,0,299.9816,2.6,0,1.5
1,45.47708,0,0,0,299.9816,2.6,0,1.5
1,45.48601,0,0,0,299.9816,2.6,0,1.5
1,45.4979,0,0,0,299.9816,2.6,0,1.5
1,45.5078,0,0,0,299.9816,2.6,0,1.5
1,45.51632,0,0,0,299.9816,2.6,0,1.5
1,45.52446,0,0,0,299.9816,2.6,0,1.5
1,45.53277,0,0,0,299.9816,2.6,0,1.5
1,45.54084,0,0,0,299.9816,2.6,0,1.5
1,45.54967,0,0,0,299.9816,2.6,0,1.5
1,45.55967,0,0,0,299.9816,2.6,0,1.5
1,45.56872,0,0,0,299.9816,2.6,0,1.5
1,45.57676,0,0,0,299.9816,2.6,0,1.5
1,45.5868,0,0,0,299.9816,2.6,0,1.5
1,45.59857,0,0,0,299.9816,2.6,0,1.5
1,45.60845,0,0,0,299.9816,2.6,0,1.5
1,45.61823,0,0,0,299.9816,2.6,0,1.5
1,45.62955,0,0,0,299.9816,2.6,0,1.5
1,45.63863,0,0,0,299.9816,2.6,0,1.5
1,45.64936,0,0,0,299.9816,2.6,0,1.5
1,45.65927,0,0,0,299.9816,2.6,0,1.5
1,45.66985,0,0,0,299.9816,2.6,0,1.5
1,45.67743,0,0,0,299.9816,2.6,0,1.5
1,45.68631,0,0,0,299.9816,2.6,0,1.5
1,45.69453,0,0,0,299.9816,2.6,0,1.5
1,45.70302,0,0,0,299.9816,2.6,0,1.5
1,45.71223,0,0,0,299.9816,2.6,0,1.5
1,45.72107,0,0,0,299.9816,2.6,0,1.5
1,45.73018,0,0,0,299.9816,2.6,0,1.5
1,45.73854,0,0,0,299.9816,2.6,0,1.5
1,45.74792,0,0,0,299.9816,2.6,0,1.5
1,45.75626,0,0,0,299.9816,2.6,0,1.5
1,45.76433,0,0,0,299.9816,2.6,0,1.5
1,45.77273,0,0,0,299.9816,2.6,0,1.5
1,45.78127,0,0,0,299.9816,2.6,0,1.5
1,45.78871,0,0,0,299.9816,2.6,0,1.5
1,45.79705,0,0,0,299.9816,2.6,0,1.5
1,45.80521,0,0,0,299.9816,2.6,0,1.5
1,45.81483,0,0,0,299.9816,2.6,0,1.5
1,45.82388,0,0,0,299.9816,2.6,0,1.5
1,45.83212,0,0,0,299.9816,2.6,0,1.5
1,45.84054,0,0,0,299.9816,2.6,0,1.5
1,45.84932,0,0,0,299.9816,2.6,0,1.5
1,45.85719,0,0,0,299.9816,2.6,0,1.5
1,45.86533,0,0,0,299.9816,2.6,0,1.5
1,45.87474,0,0,0,299.9816,2.6,0,1.5
1,45.88226,0,0,0,299.9816,2.6,0,1.5
1,45.88973,0,0,0,299.9816,2.6,0,1.5
1,45.89844,0,0,0,299.9816,2.6,0,1.5
1,45.9066,0,0,0,299.9816,2.6,0,1.5
1,45.91701,0,0,0,299.9816,2.6,0,1.5
1,45.92902,0,0,0,299.9816,2.6,0,1.5
1,45.93856,0,0,0,299.9816,2.6,0,1.5
1,45.94732,0,0,0,299.9816,2.6,0,1.5
1,45.95519,0,0,0,299.9816,2.6,0,1.5
1,45.96471,0,0,0,299.9816,2.6,0,1.5
1,45.97453,0,0,0,299.9816,2.6,0,1.5
1,45.98253,0,0,0,299.9816,2.6,0,1.5
1,45.99148,0,0,0,299.9816,2.6,0,1.5
1,46.00191,0,0,0,299.9816,2.6,0,1.5
1,46.01233,0,0,0,299.9816,2.6,0,1.5
1,46.02298,0,0,0,299.9816,2.6,0,1.5
1,46.03467,0,0,0,299.9816,2.6,0,1.5
1,46.04713,0,0,0,299.9816,2.6,0,1.5
1,46.06197,0,0,0,299.9816,2.6,0,1.5
1,46.07647,0,0,0,299.9816,2.6,0,1.5
1,46.08574,0,0,0,299.9816,2.6,0,1.5
1,46.09661,0,0,0,299.9816,2.6,0,1.5
1,46.10648,0,0,0,299.9816,2.6,0,1.5
1,46.11666,0,0,0,299.9816,2.6,0,1.5
1,46.12952,0,0,0,299.9816,2.6,0,1.5
1,46.14185,0,0,0,299.9816,2.6,0,1.5
1,46.15249,0,0,0,299.9816,2.6,0,1.5
1,46.16388,0,0,0,299.9816,2.6,0,1.5
1,46.17476,0,0,0,299.9816,2.6,0,1.5
1,46.18639,0,0,0,299.9816,2.6,0,1.5
1,46.19799,0,0,0,299.9816,2.6,0,1.5
1,46.2085,0,0,0,299.9816,2.6,0,1.5
1,46.21933,0,0,0,299.9816,2.6,0,1.5
1,46.22937,0,0,0,299.9816,2.6,0,1.5
1,46.24104,0,0,0,299.9816,2.6,0,1.5
1,46.25264,0,0,0,299.9816,2.6,0,1.5
1,46.26459,0,0,0,299.9816,2.6,0,1.5
1,46.27523,0,0,0,299.9816,2.6,0,1.5
1,46.28702,0,0,0,299.9816,2.6,0,1.5
1,46.29833,0,0,0,299.9816,2.6,0,1.5
1,46.31052,0,0,0,299.9816,2.6,0,1.5
1,46.32138,0,0,0,299.9816,2.6,0,1.5
1,46.33306,0,0,0,299.9816,2.6,0,1.5
1,46.34266,0,0,0,299.9816,2.6,0,1.5
1,46.35337,0,0,0,299.9816,2.6,0,1.5
1,46.36449,0,0,0,299.9816,2.6,0,1.5
1,46.37534,0,0,0,299.9816,2.6,0,1.5
1,46.38648,0,0,0,299.9816,2.6,0,1.5
1,46.39827,0,0,0,299.9816,2.6,0,1.5
1,46.40951,0,0,0,299.9816,2.6,0,1.5
1,46.42047,0,0,0,299.9816,2.6,0,1.5
1,46.43258,0,0,0,299.9816,2.6,0,1.5
1,46.44495,0,0,0,299.9816,2.6,0,1.5
1,46.45725,0,0,0,299.9816,2.6,0,1.5
1,46.47011,0,0,0,299.9816,2.6,0,1.5
1,46.4822,0,0,0,299.9816,2.6,0,1.5
1,46.49328,0,0,0,299.9816,2.6,0,1.5
1,46.50565,0,0,0,299.9816,2.6,0,1.5
1,46.51615,0,0,0,299.9816,2.6,0,1.5
1,46.52716,0,0,0,299.9816,2.6,0,1.5
1,46.53784,0,0,0,299.9816,2.6,0,1.5
1,46.54975,0,0,0,299.9816,2.6,0,1.5
1,46.56013,0,0,0,299.9816,2.6,0,1.5
1,46.56926,0,0,0,299.9816,2.6,0,1.5
1,46.57937,0,0,0,299.9816,2.6,0,1.5
1,46.58932,0,0,0,299.9816,2.6,0,1.5
1,46.59793,0,0,0,299.9816,2.6,0,1.5
1,46.60734,0,0,0,299.9816,2.6,0,1.5
1,46.61589,0,0,0,299.9816,2.6,0,1.5
1,46.62463,0,0,0,299.9816,2.6,0,1.5
1,46.63287,0,0,0,299.9816,2.6,0,1.5
1,46.64146,0,0,0,299.9816,2.6,0,1.5
1,46.65078,0,0,0,299.9816,2.6,0,1.5
1,46.65925,0,0,0,299.9816,2.6,0,1.5
1,46.66838,0,0,0,299.9816,2.6,0,1.5
1,46.67595,0,0,0,299.9816,2.6,0,1.5
1,46.6842,0,0,0,299.9816,2.6,0,1.5
1,46.69198,0,0,0,299.9816,2.6,0,1.5
1,46.70118,0,0,0,299.9816,2.6,0,1.5
1,46.70994,0,0,0,299.9816,2.6,0,1.5
1,46.71913,0,0,0,299.9816,2.6,0,1.5
1,46.72651,0,0,0,299.9816,2.6,0,1.5
1,46.74694,0,0,0,299.9816,2.6,0,1.5
1,46.75427,0,0,0,299.9816,2.6,0,1.5
1,46.76152,0,0,0,299.9816,2.6,0,1.5
1,46.76938,0,0,0,299.9816,2.6,0,1.5
1,46.77674,0,0,0,299.9816,2.6,0,1.5
1,46.78453,0,0,0,299.9816,2.6,0,1.5
1,46.7925,0,0,0,299.9816,2.6,0,1.5
1,46.79972,0,0,0,299.9816,2.6,0,1.5
1,46.80739,0,0,0,299.9816,2.6,0,1.5
1,46.81516,0,0,0,299.9816,2.6,0,1.5
1,46.82434,0,0,0,299.9816,2.6,0,1.5
1,46.83186,0,0,0,299.9816,2.6,0,1.5
1,46.84023,0,0,0,299.9816,2.6,0,1.5
1,46.84828,0,0,0,299.9816,2.6,0,1.5
1,46.8562,0,0,0,299.9816,2.6,0,1.5
1,46.86362,0,0,0,299.9816,2.6,0,1.5
1,46.87153,0,0,0,299.9816,2.6,0,1.5
1,46.87905,0,0,0,299.9816,2.6,0,1.5
1,46.88684,0,0,0,299.9816,2.6,0,1.5
1,46.89402,0,0,0,299.9816,2.6,0,1.5
1,46.90244,0,0,0,299.9816,2.6,0,1.5
1,46.90948,0,0,0,299.9816,2.6,0,1.5
1,46.9173,0,0,0,299.9816,2.6,0,1.5
1,46.92554,0,0,0,299.9816,2.6,0,1.5
1,46.93382,0,0,0,299.9816,2.6,0,1.5
1,46.94212,0,0,0,299.9816,2.6,0,1.5
1,46.95178,0,0,0,299.9816,2.6,0,1.5
1,46.95976,0,0,0,299.9816,2.6,0,1.5
1,46.96845,0,0,0,299.9816,2.6,0,1.5
1,46.97632,0,0,0,299.9816,2.6,0,1.5
1,46.98508,0,0,0,299.9816,2.6,0,1.5
1,46.993,0,0,0,299.9816,2.6,0,1.5
1,47.00156,0,0,0,299.9816,2.6,0,1.5
1,47.00853,0,0,0,299.9816,2.6,0,1.5
1,47.01656,0,0,0,299.9816,2.6,0,1.5
1,47.02392,0,0,0,299.9816,2.6,0,1.5
1,47.0313,0,0,0,299.9816,2.6,0,1.5
1,47.03909,0,0,0,299.9816,2.6,0,1.5
1,47.04705,0,0,0,299.9816,2.6,0,1.5
1,47.05445,0,0,0,299.9816,2.6,0,1.5
1,47.06227,0,0,0,299.9816,2.6,0,1.5
1,47.07009,0,0,0,299.9816,2.6,0,1.5
1,47.07772,0,0,0,299.9816,2.6,0,1.5
1,47.08912,0,0,0,299.9816,2.6,0,1.5
1,47.10077,0,0,0,299.9816,2.6,0,1.5
1,47.10931,0,0,0,299.9816,2.6,0,1.5
1,47.11703,0,0,0,299.9816,2.6,0,1.5
1,47.12589,0,0,0,299.9816,2.6,0,1.5
1,47.13287,0,0,0,299.9816,2.6,0,1.5
1,47.14177,0,0,0,299.9816,2.6,0,1.5
1,47.15115,0,0,0,299.9816,2.6,0,1.5
1,47.16102,0,0,0,299.9816,2.6,0,1.5
1,47.17126,0,0,0,299.9816,2.6,0,1.5
1,47.18068,0,0,0,299.9816,2.6,0,1.5
1,47.19082,0,0,0,299.9816,2.6,0,1.5
1,47.20005,0,0,0,299.9816,2.6,0,1.5
1,47.20864,0,0,0,299.9816,2.6,0,1.5
1,47.21784,0,0,0,299.9816,2.6,0,1.5
1,47.22646,0,0,0,299.9816,2.6,0,1.5
1,47.23684,0,0,0,299.9816,2.6,0,1.5
1,47.24768,0,0,0,299.9816,2.6,0,1.5
1,47.25776,0,0,0,299.9816,2.6,0,1.5
1,47.26941,0,0,0,299.9816,2.6,0,1.5
1,47.28094,0,0,0,299.9816,2.6,0,1.5
1,47.29103,0,0,0,299.9816,2.6,0,1.5
1,47.30232,0,0,0,299.9816,2.6,0,1.5
1,47.31369,0,0,0,299.9816,2.6,0,1.5
1,47.32552,0,0,0,299.9816,2.6,0,1.5
1,47.33575,0,0,0,299.9816,2.6,0,1.5
1,47.34659,0,0,0,299.9816,2.6,0,1.5
1,47.35842,0,0,0,299.9816,2.6,0,1.5
1,47.36875,0,0,0,299.9816,2.6,0,1.5
1,47.37966,0,0,0,299.9816,2.6,0,1.5
1,47.38948,0,0,0,299.9816,2.6,0,1.5
1,47.39845,0,0,0,299.9816,2.6,0,1.5
1,47.40874,0,0,0,299.9816,2.6,0,1.5
1,47.41903,0,0,0,299.9816,2.6,0,1.5
1,47.42891,0,0,0,299.9816,2.6,0,1.5
1,47.4393,0,0,0,299.9816,2.6,0,1.5
1,47.44937,0,0,0,299.9816,2.6,0,1.5
1,47.46142,0,0,0,299.9816,2.6,0,1.5
1,47.47325,0,0,0,299.9816,2.6,0,1.5
1,47.48358,0,0,0,299.9816,2.6,0,1.5
1,47.49308,0,0,0,299.9816,2.6,0,1.5
1,47.50447,0,0,0,299.9816,2.6,0,1.5
1,47.51683,0,0,0,299.9816,2.6,0,1.5
1,47.52754,0,0,0,299.9816,2.6,0,1.5
1,47.53823,0,0,0,299.9816,2.6,0,1.5
1,47.54854,0,0,0,299.9816,2.6,0,1.5
1,47.55947,0,0,0,299.9816,2.6,0,1.5
1,47.56982,0,0,0,299.9816,2.6,0,1.5
1,47.57907,0,0,0,299.9816,2.6,0,1.5
1,47.58813,0,0,0,299.9816,2.6,0,1.5
1,47.59772,0,0,0,299.9816,2.6,0,1.5
1,47.60723,0,0,0,299.9816,2.6,0,1.5
1,47.61621,0,0,0,299.9816,2.6,0,1.5
1,47.62616,0,0,0,299.9816,2.6,0,1.5
1,47.63438,0,0,0,299.9816,2.6,0,1.5
1,47.64339,0,0,0,299.9816,2.6,0,1.5
1,47.65231,0,0,0,299.9816,2.6,0,1.5
1,47.66241,0,0,0,299.9816,2.6,0,1.5
1,47.67207,0,0,0,299.9816,2.6,0,1.5
1,47.68282,0,0,0,299.9816,2.6,0,1.5
1,47.69238,0,0,0,299.9816,2.6,0,1.5
1,47.7035,0,0,0,299.9816,2.6,0,1.5
1,47.71199,0,0,0,299.9816,2.6,0,1.5
1,47.72126,0,0,0,299.9816,2.6,0,1.5
1,47.73137,0,0,0,299.9816,2.6,0,1.5
1,47.74012,0,0,0,299.9816,2.6,0,1.5
1,47.74831,0,0,0,299.9816,2.6,0,1.5
1,47.75642,0,0,0,299.9816,2.6,0,1.5
1,47.76548,0,0,0,299.9816,2.6,0,1.5
1,47.77432,0,0,0,299.9816,2.6,0,1.5
1,47.78356,0,0,0,299.9816,2.6,0,1.5
1,47.79274,0,0,0,299.9816,2.6,0,1.5
1,47.80146,0,0,0,299.9816,2.6,0,1.5
1,47.81017,0,0,0,299.9816,2.6,0,1.5
1,47.81823,0,0,0,299.9816,2.6,0,1.5
1,47.82685,0,0,0,299.9816,2.6,0,1.5
1,47.83484,0,0,0,299.9816,2.6,0,1.5
1,47.84338,0,0,0,299.9816,2.6,0,1.5
1,47.85056,0,0,0,299.9816,2.6,0,1.5
1,47.85809,0,0,0,299.9816,2.6,0,1.5
1,47.86503,0,0,0,299.9816,2.6,0,1.5
1,47.87382,0,0,0,299.9816,2.6,0,1.5
1,47.88119,0,0,0,299.9816,2.6,0,1.5
1,47.88847,0,0,0,299.9816,2.6,0,1.5
1,47.89588,0,0,0,299.9816,2.6,0,1.5
1,47.90411,0,0,0,299.9816,2.6,0,1.5
1,47.91145,0,0,0,299.9816,2.6,0,1.5
1,47.91889,0,0,0,299.9816,2.6,0,1.5
1,47.92773,0,0,0,299.9816,2.6,0,1.5
1,47.93541,0,0,0,299.9816,2.6,0,1.5
1,47.94342,0,0,0,299.9816,2.6,0,1.5
1,47.9528,0,0,0,299.9816,2.6,0,1.5
1,47.96218,0,0,0,299.9816,2.6,0,1.5
1,47.97101,0,0,0,299.9816,2.6,0,1.5
1,47.97897,0,0,0,299.9816,2.6,0,1.5
1,47.98666,0,0,0,299.9816,2.6,0,1.5
1,47.99546,0,0,0,299.9816,2.6,0,1.5
1,48.00309,0,0,0,299.9816,2.6,0,1.5
1,48.01083,0,0,0,299.9816,2.6,0,1.5
1,48.01883,0,0,0,299.9816,2.6,0,1.5
1,48.02657,0,0,0,299.9816,2.6,0,1.5
1,48.03524,0,0,0,299.9816,2.6,0,1.5
1,48.04333,0,0,0,299.9816,2.6,0,1.5
1,48.05125,0,0,0,299.9816,2.6,0,1.5
1,48.05891,0,0,0,299.9816,2.6,0,1.5
1,48.06607,0,0,0,299.9816,2.6,0,1.5
1,48.07328,0,0,0,299.9816,2.6,0,1.5
1,48.08088,0,0,0,299.9816,2.6,0,1.5
1,48.0877,0,0,0,299.9816,2.6,0,1.5
1,48.09537,0,0,0,299.9816,2.6,0,1.5
1,48.10277,0,0,0,299.9816,2.6,0,1.5
1,48.11202,0,0,0,299.9816,2.6,0,1.5
1,48.12212,0,0,0,299.9816,2.6,0,1.5
1,48.13169,0,0,0,299.9816,2.6,0,1.5
1,48.14013,0,0,0,299.9816,2.6,0,1.5
1,48.14806,0,0,0,299.9816,2.6,0,1.5
1,48.15506,0,0,0,299.9816,2.6,0,1.5
1,48.16335,0,0,0,299.9816,2.6,0,1.5
1,48.17123,0,0,0,299.9816,2.6,0,1.5
1,48.17948,0,0,0,299.9816,2.6,0,1.5
1,48.18734,0,0,0,299.9816,2.6,0,1.5
1,48.19522,0,0,0,299.9816,2.6,0,1.5
1,48.20299,0,0,0,299.9816,2.6,0,1.5
1,48.20955,0,0,0,299.9816,2.6,0,1.5
1,48.21773,0,0,0,299.9816,2.6,0,1.5
1,48.22485,0,0,0,299.9816,2.6,0,1.5
1,48.23233,0,0,0,299.9816,2.6,0,1.5
1,48.24084,0,0,0,299.9816,2.6,0,1.5
1,48.24948,0,0,0,299.9816,2.6,0,1.5
1,48.25819,0,0,0,299.9816,2.6,0,1.5
1,48.26591,0,0,0,299.9816,2.6,0,1.5
1,48.27468,0,0,0,299.9816,2.6,0,1.5
1,48.28499,0,0,0,299.9816,2.6,0,1.5
1,48.29408,0,0,0,299.9816,2.6,0,1.5
1,48.30334,0,0,0,299.9816,2.6,0,1.5
1,48.31431,0,0,0,299.9816,2.6,0,1.5
1,48.32359,0,0,0,299.9816,2.6,0,1.5
1,48.33502,0,0,0,299.9816,2.6,0,1.5
1,48.34541,0,0,0,299.9816,2.6,0,1.5
1,48.35331,0,0,0,299.9816,2.6,0,1.5
1,48.36278,0,0,0,299.9816,2.6,0,1.5
1,48.37154,0,0,0,299.9816,2.6,0,1.5
1,48.39283,0,0,0,299.9816,2.6,0,1.5
1,48.40228,0,0,0,299.9816,2.6,0,1.5
1,48.41265,0,0,0,299.9816,2.6,0,1.5
1,48.42307,0,0,0,299.9816,2.6,0,1.5
1,48.43244,0,0,0,299.9816,2.6,0,1.5
1,48.44289,0,0,0,299.9816,2.6,0,1.5
1,48.4534,0,0,0,299.9816,2.6,0,1.5
1,48.46393,0,0,0,299.9816,2.6,0,1.5
1,48.47482,0,0,0,299.9816,2.6,0,1.5
1,48.48693,0,0,0,299.9816,2.6,0,1.5
1,48.49804,0,0,0,299.9816,2.6,0,1.5
1,48.50911,0,0,0,299.9816,2.6,0,1.5
1,48.52025,0,0,0,299.9816,2.6,0,1.5
1,48.53078,0,0,0,299.9816,2.6,0,1.5
1,48.54052,0,0,0,299.9816,2.6,0,1.5
1,48.55074,0,0,0,299.9816,2.6,0,1.5
1,48.56172,0,0,0,299.9816,2.6,0,1.5
1,48.57131,0,0,0,299.9816,2.6,0,1.5
1,48.58199,0,0,0,299.9816,2.6,0,1.5
1,48.59242,0,0,0,299.9816,2.6,0,1.5
1,48.60328,0,0,0,299.9816,2.6,0,1.5
1,48.61401,0,0,0,299.9816,2.6,0,1.5
1,48.62347,0,0,0,299.9816,2.6,0,1.5
1,48.63286,0,0,0,299.9816,2.6,0,1.5
1,48.64388,0,0,0,299.9816,2.6,0,1.5
1,48.65459,0,0,0,299.9816,2.6,0,1.5
1,48.6645,0,0,0,299.9816,2.6,0,1.5
1,48.67479,0,0,0,299.9816,2.6,0,1.5
1,48.68482,0,0,0,299.9816,2.6,0,1.5
1,48.69513,0,0,0,299.9816,2.6,0,1.5
1,48.70653,0,0,0,299.9816,2.6,0,1.5
1,48.71901,0,0,0,299.9816,2.6,0,1.5
1,48.72982,0,0,0,299.9816,2.6,0,1.5
1,48.73959,0,0,0,299.9816,2.6,0,1.5
1,48.75013,0,0,0,299.9816,2.6,0,1.5
1,48.75854,0,0,0,299.9816,2.6,0,1.5
1,48.76857,0,0,0,299.9816,2.6,0,1.5
1,48.77752,0,0,0,299.9816,2.6,0,1.5
1,48.78761,0,0,0,299.9816,2.6,0,1.5
1,48.79778,0,0,0,299.9816,2.6,0,1.5
1,48.80781,0,0,0,299.9816,2.6,0,1.5
1,48.81844,0,0,0,299.9816,2.6,0,1.5
1,48.82788,0,0,0,299.9816,2.6,0,1.5
1,48.83842,0,0,0,299.9816,2.6,0,1.5
1,48.84943,0,0,0,299.9816,2.6,0,1.5
1,48.85959,0,0,0,299.9816,2.6,0,1.5
1,48.87035,0,0,0,299.9816,2.6,0,1.5
1,48.87965,0,0,0,299.9816,2.6,0,1.5
1,48.888,0,0,0,299.9816,2.6,0,1.5
1,48.89737,0,0,0,299.9816,2.6,0,1.5
1,48.9075,0,0,0,299.9816,2.6,0,1.5
1,48.91653,0,0,0,299.9816,2.6,0,1.5
1,48.92481,0,0,0,299.9816,2.6,0,1.5
1,48.93359,0,0,0,299.9816,2.6,0,1.5
1,48.94138,0,0,0,299.9816,2.6,0,1.5
1,48.9499,0,0,0,299.9816,2.6,0,1.5
1,48.95798,0,0,0,299.9816,2.6,0,1.5
1,48.96747,0,0,0,299.9816,2.6,0,1.5
1,48.97689,0,0,0,299.9816,2.6,0,1.5
1,48.98684,0,0,0,299.9816,2.6,0,1.5
1,48.9945,0,0,0,299.9816,2.6,0,1.5
1,49.00347,0,0,0,299.9816,2.6,0,1.5
1,49.0122,0,0,0,299.9816,2.6,0,1.5
1,49.01995,0,0,0,299.9816,2.6,0,1.5
1,49.02853,0,0,0,299.9816,2.6,0,1.5
1,49.03715,0,0,0,299.9816,2.6,0,1.5
1,49.04528,0,0,0,299.9816,2.6,0,1.5
1,49.05379,0,0,0,299.9816,2.6,0,1.5
1,49.06179,0,0,0,299.9816,2.6,0,1.5
1,49.07025,0,0,0,299.9816,2.6,0,1.5
1,49.08112,0,0,0,299.9816,2.6,0,1.5
1,49.09002,0,0,0,299.9816,2.6,0,1.5
1,49.09956,0,0,0,299.9816,2.6,0,1.5
1,49.11032,0,0,0,299.9816,2.6,0,1.5
1,49.11868,0,0,0,299.9816,2.6,0,1.5
1,49.1274,0,0,0,299.9816,2.6,0,1.5
1,49.13635,0,0,0,299.9816,2.6,0,1.5
1,49.14683,0,0,0,299.9816,2.6,0,1.5
1,49.1605,0,0,0,299.9816,2.6,0,1.5
1,49.17142,0,0,0,299.9816,2.6,0,1.5
1,49.18203,0,0,0,299.9816,2.6,0,1.5
1,49.19036,0,0,0,299.9816,2.6,0,1.5
1,49.20039,0,0,0,299.9816,2.6,0,1.5
1,49.20951,0,0,0,299.9816,2.6,0,1.5
1,49.21951,0,0,0,299.9816,2.6,0,1.5
1,49.2285,0,0,0,299.9816,2.6,0,1.5
1,49.23749,0,0,0,299.9816,2.6,0,1.5
1,49.24687,0,0,0,299.9816,2.6,0,1.5
1,49.25653,0,0,0,299.9816,2.6,0,1.5
1,49.26771,0,0,0,299.9816,2.6,0,1.5
1,49.27747,0,0,0,299.9816,2.6,0,1.5
1,49.287,0,0,0,299.9816,2.6,0,1.5
1,49.29612,0,0,0,299.9816,2.6,0,1.5
1,49.30483,0,0,0,299.9816,2.6,0,1.5
1,49.31392,0,0,0,299.9816,2.6,0,1.5
1,49.32275,0,0,0,299.9816,2.6,0,1.5
1,49.33117,0,0,0,299.9816,2.6,0,1.5
1,49.34134,0,0,0,299.9816,2.6,0,1.5
1,49.35144,0,0,0,299.9816,2.6,0,1.5
1,49.36062,0,0,0,299.9816,2.6,0,1.5
1,49.36984,0,0,0,299.9816,2.6,0,1.5
1,49.38024,0,0,0,299.9816,2.6,0,1.5
1,49.39019,0,0,0,299.9816,2.6,0,1.5
1,49.40311,0,0,0,299.9816,2.6,0,1.5
1,49.41054,0,0,0,299.9816,2.6,0,1.5
1,49.41979,0,0,0,299.9816,2.6,0,1.5
1,49.42744,0,0,0,299.9816,2.6,0,1.5
1,49.43795,0,0,0,299.9816,2.6,0,1.5
1,49.44802,0,0,0,299.9816,2.6,0,1.5
1,49.45995,0,0,0,299.9816,2.6,0,1.5
1,49.47967,0,0,0,299.9816,2.6,0,1.5
1,49.49726,0,0,0,299.9816,2.6,0,1.5
1,49.50844,0,0,0,299.9816,2.6,0,1.5
1,49.52219,0,0,0,299.9816,2.6,0,1.5
1,49.53391,0,0,0,299.9816,2.6,0,1.5
1,49.55153,0,0,0,299.9816,2.6,0,1.5
1,49.56933,0,0,0,299.9816,2.6,0,1.5
1,49.58207,0,0,0,299.9816,2.6,0,1.5
1,49.59816,0,0,0,299.9816,2.6,0,1.5
1,49.6101,0,0,0,299.9816,2.6,0,1.5
1,49.62171,0,0,0,299.9816,2.6,0,1.5
1,49.63461,0,0,0,299.9816,2.6,0,1.5
1,49.64436,0,0,0,299.9816,2.6,0,1.5
1,49.65857,0,0,0,299.9816,2.6,0,1.5
1,49.67051,0,0,0,299.9816,2.6,0,1.5
1,49.68288,0,0,0,299.9816,2.6,0,1.5
1,49.7034,0,0,0,299.9816,2.6,0,1.5
1,49.71926,0,0,0,299.9816,2.6,0,1.5
1,49.73749,0,0,0,299.9816,2.6,0,1.5
1,49.75291,0,0,0,299.9816,2.6,0,1.5
1,49.7683,0,0,0,299.9816,2.6,0,1.5
1,49.78155,0,0,0,299.9816,2.6,0,1.5
1,49.79636,0,0,0,299.9816,2.6,0,1.5
1,49.81556,0,0,0,299.9816,2.6,0,1.5
1,49.82881,0,0,0,299.9816,2.6,0,1.5
1,49.84604,0,0,0,299.9816,2.6,0,1.5
1,49.86072,0,0,0,299.9816,2.6,0,1.5
1,49.87409,0,0,0,299.9816,2.6,0,1.5
1,49.89014,0,0,0,299.9816,2.6,0,1.5
1,49.90931,0,0,0,299.9816,2.6,0,1.5
1,49.92527,0,0,0,299.9816,2.6,0,1.5
1,49.94572,0,0,0,299.9816,2.6,0,1.5
1,49.95956,0,0,0,299.9816,2.6,0,1.5
1,49.9732,0,0,0,299.9816,2.6,0,1.5
1,49.98671,0,0,0,299.9816,2.6,0,1.5
1,50.00162,0,0,0,299.9816,2.6,0,1.5
1,50.01201,0,0,0,299.9816,2.6,0,1.5
1,50.02106,0,0,0,299.9816,2.6,0,1.5
1,50.03019,0,0,0,299.9816,2.6,0,1.5
1,50.04218,0,0,0,299.9816,2.6,0,1.5
1,50.05048,0,0,0,299.9816,2.6,0,1.5
1,50.05976,0,0,0,299.9816,2.6,0,1.5
1,50.06892,0,0,0,299.9816,2.6,0,1.5
1,50.07669,0,0,0,299.9816,2.6,0,1.5
1,50.08407,0,0,0,299.9816,2.6,0,1.5
1,50.09498,0,0,0,299.9816,2.6,0,1.5
1,50.10243,0,0,0,299.9816,2.6,0,1.5
1,50.11029,0,0,0,299.9816,2.6,0,1.5
1,50.11848,0,0,0,299.9816,2.6,0,1.5
1,50.1272,0,0,0,299.9816,2.6,0,1.5
1,50.1349,0,0,0,299.9816,2.6,0,1.5
1,50.14339,0,0,0,299.9816,2.6,0,1.5
1,50.15484,0,0,0,299.9816,2.6,0,1.5
1,50.16268,0,0,0,299.9816,2.6,0,1.5
1,50.17214,0,0,0,299.9816,2.6,0,1.5
1,50.18604,0,0,0,299.9816,2.6,0,1.5
1,50.19615,0,0,0,299.9816,2.6,0,1.5
1,50.20449,0,0,0,299.9816,2.6,0,1.5
1,50.21364,0,0,0,299.9816,2.6,0,1.5
1,50.22258,0,0,0,299.9816,2.6,0,1.5
1,50.23117,0,0,0,299.9816,2.6,0,1.5
1,50.23911,0,0,0,299.9816,2.6,0,1.5
1,50.24961,0,0,0,299.9816,2.6,0,1.5
1,50.25772,0,0,0,299.9816,2.6,0,1.5
1,50.26748,0,0,0,299.9816,2.6,0,1.5
1,50.27902,0,0,0,299.9816,2.6,0,1.5
1,50.2874,0,0,0,299.9816,2.6,0,1.5
1,50.29752,0,0,0,299.9816,2.6,0,1.5
1,50.30523,0,0,0,299.9816,2.6,0,1.5
1,50.31404,0,0,0,299.9816,2.6,0,1.5
1,50.32148,0,0,0,299.9816,2.6,0,1.5
1,50.32976,0,0,0,299.9816,2.6,0,1.5
1,50.33727,0,0,0,299.9816,2.6,0,1.5
1,50.34657,0,0,0,299.9816,2.6,0,1.5
1,50.35594,0,0,0,299.9816,2.6,0,1.5
1,50.36418,0,0,0,299.9816,2.6,0,1.5
1,50.38342,0,0,0,299.9816,2.6,0,1.5
1,50.39063,0,0,0,299.9816,2.6,0,1.5
1,50.39839,0,0,0,299.9816,2.6,0,1.5
1,50.40719,0,0,0,299.9816,2.6,0,1.5
1,50.41574,0,0,0,299.9816,2.6,0,1.5
1,50.42421,0,0,0,299.9816,2.6,0,1.5
1,50.4323,0,0,0,299.9816,2.6,0,1.5
1,50.44185,0,0,0,299.9816,2.6,0,1.5
1,50.44991,0,0,0,299.9816,2.6,0,1.5
1,50.45793,0,0,0,299.9816,2.6,0,1.5
1,50.46918,0,0,0,299.9816,2.6,0,1.5
1,50.47953,0,0,0,299.9816,2.6,0,1.5
1,50.48686,0,0,0,299.9816,2.6,0,1.5
1,50.49465,0,0,0,299.9816,2.6,0,1.5
1,50.50345,0,0,0,299.9816,2.6,0,1.5
1,50.51178,0,0,0,299.9816,2.6,0,1.5
1,50.51913,0,0,0,299.9816,2.6,0,1.5
1,50.52798,0,0,0,299.9816,2.6,0,1.5
1,50.53658,0,0,0,299.9816,2.6,0,1.5
1,50.54504,0,0,0,299.9816,2.6,0,1.5
1,50.55455,0,0,0,299.9816,2.6,0,1.5
1,50.56355,0,0,0,299.9816,2.6,0,1.5
1,50.57261,0,0,0,299.9816,2.6,0,1.5
1,50.58026,0,0,0,299.9816,2.6,0,1.5
1,50.58763,0,0,0,299.9816,2.6,0,1.5
1,50.59631,0,0,0,299.9816,2.6,0,1.5
1,50.60451,0,0,0,299.9816,2.6,0,1.5
1,50.61441,0,0,0,299.9816,2.6,0,1.5
1,50.62612,0,0,0,299.9816,2.6,0,1.5
1,50.63459,0,0,0,299.9816,2.6,0,1.5
1,50.64312,0,0,0,299.9816,2.6,0,1.5
1,50.65494,0,0,0,299.9816,2.6,0,1.5
1,50.6692,0,0,0,299.9816,2.6,0,1.5
1,50.6836,0,0,0,299.9816,2.6,0,1.5
1,50.69571,0,0,0,299.9816,2.6,0,1.5
1,50.7112,0,0,0,299.9816,2.6,0,1.5
1,50.7242,0,0,0,299.9816,2.6,0,1.5
1,50.7393,0,0,0,299.9816,2.6,0,1.5
1,50.75357,0,0,0,299.9816,2.6,0,1.5
1,50.76397,0,0,0,299.9816,2.6,0,1.5
1,50.78,0,0,0,299.9816,2.6,0,1.5
1,50.79704,0,0,0,299.9816,2.6,0,1.5
1,50.8119,0,0,0,299.9816,2.6,0,1.5
1,50.82502,0,0,0,299.9816,2.6,0,1.5
1,50.83807,0,0,0,299.9816,2.6,0,1.5
1,50.85038,0,0,0,299.9816,2.6,0,1.5
1,50.86382,0,0,0,299.9816,2.6,0,1.5
1,50.87456,0,0,0,299.9816,2.6,0,1.5
1,50.88919,0,0,0,299.9816,2.6,0,1.5
1,50.90562,0,0,0,299.9816,2.6,0,1.5
1,50.91704,0,0,0,299.9816,2.6,0,1.5
1,50.93059,0,0,0,299.9816,2.6,0,1.5
1,50.94102,0,0,0,299.9816,2.6,0,1.5
1,50.95133,0,0,0,299.9816,2.6,0,1.5
1,50.96477,0,0,0,299.9816,2.6,0,1.5
1,50.97664,0,0,0,299.9816,2.6,0,1.5
1,50.98982,0,0,0,299.9816,2.6,0,1.5
1,51.00117,0,0,0,299.9816,2.6,0,1.5
1,51.01309,0,0,0,299.9816,2.6,0,1.5
1,51.02487,0,0,0,299.9816,2.6,0,1.5
1,51.03585,0,0,0,299.9816,2.6,0,1.5
1,51.04649,0,0,0,299.9816,2.6,0,1.5
1,51.05797,0,0,0,299.9816,2.6,0,1.5
1,51.06824,0,0,0,299.9816,2.6,0,1.5
1,51.07914,0,0,0,299.9816,2.6,0,1.5
1,51.09015,0,0,0,299.9816,2.6,0,1.5
1,51.10056,0,0,0,299.9816,2.6,0,1.5
1,51.11073,0,0,0,299.9816,2.6,0,1.5
1,51.12224,0,0,0,299.9816,2.6,0,1.5
1,51.133,0,0,0,299.9816,2.6,0,1.5
1,51.14409,0,0,0,299.9816,2.6,0,1.5
1,51.15683,0,0,0,299.9816,2.6,0,1.5
1,51.16817,0,0,0,299.9816,2.6,0,1.5
1,51.17762,0,0,0,299.9816,2.6,0,1.5
1,51.1987,0,0,0,299.9816,2.6,0,1.5
1,51.21364,0,0,0,299.9816,2.6,0,1.5
1,51.23323,0,0,0,299.9816,2.6,0,1.5
1,51.24455,0,0,0,299.9816,2.6,0,1.5
1,51.2559,0,0,0,299.9816,2.6,0,1.5
1,51.2662,0,0,0,299.9816,2.6,0,1.5
1,51.27677,0,0,0,299.9816,2.6,0,1.5
1,51.28808,0,0,0,299.9816,2.6,0,1.5
1,51.29939,0,0,0,299.9816,2.6,0,1.5
1,51.30829,0,0,0,299.9816,2.6,0,1.5
1,51.31919,0,0,0,299.9816,2.6,0,1.5
1,51.33,0,0,0,299.9816,2.6,0,1.5
1,51.34045,0,0,0,299.9816,2.6,0,1.5
1,51.35115,0,0,0,299.9816,2.6,0,1.5
1,51.36173,0,0,0,299.9816,2.6,0,1.5
1,51.37087,0,0,0,299.9816,2.6,0,1.5
1,51.38151,0,0,0,299.9816,2.6,0,1.5
1,51.39125,0,0,0,299.9816,2.6,0,1.5
1,51.4017,0,0,0,299.9816,2.6,0,1.5
1,51.42985,0,0,0,299.9816,2.6,0,1.5
