Ans,timenow,HMD_rotation_x,HMD_rotation_y,HMD_rotation_z,balldeg,ball_position_x,ball_position_y,ball_position_z
0,0.02825499,0,0,0,270,0,0,0
0,0.04208493,0,0,0,270,0,0,0
0,0.675703,0,0,0,270,0,0,0
0,0.6956334,0,0,0,270,0,0,0
0,0.7064099,0,0,0,270,0,0,0
0,0.7157178,0,0,0,270,0,0,0
0,0.7248225,0,0,0,270,0,0,0
0,0.7330275,0,0,0,270,0,0,0
0,0.741538,0,0,0,270,0,0,0
0,0.7501316,0,0,0,270,0,0,0
0,0.7597971,0,0,0,270,0,0,0
0,0.7681637,0,0,0,270,0,0,0
0,0.7774777,0,0,0,270,0,0,0
0,0.7857041,0,0,0,270,0,0,0
0,0.7957702,0,0,0,270,0,0,0
0,0.8036089,0,0,0,270,0,0,0
0,0.8111978,0,0,0,270,0,0,0
0,0.8187327,0,0,0,270,0,0,0
0,0.8260374,0,0,0,270,0,0,0
0,0.8333955,0,0,0,270,0,0,0
0,0.8410668,0,0,0,270,0,0,0
0,0.8489232,0,0,0,270,0,0,0
0,0.8566961,0,0,0,270,0,0,0
0,0.8644028,0,0,0,270,0,0,0
0,0.8725929,0,0,0,270,0,0,0
0,0.8812394,0,0,0,270,0,0,0
0,0.889286,0,0,0,270,0,0,0
0,0.8968139,0,0,0,270,0,0,0
0,0.9061923,0,0,0,270,0,0,0
0,0.9144936,0,0,0,270,0,0,0
0,0.9219904,0,0,0,270,0,0,0
0,0.9293461,0,0,0,270,0,0,0
0,0.9364014,0,0,0,270,0,0,0
0,0.9444633,0,0,0,270,0,0,0
0,0.951025,0,0,0,270,0,0,0
0,0.9582043,0,0,0,270,0,0,0
0,0.9664345,0,0,0,270,0,0,0
0,0.9746275,0,0,0,270,0,0,0
0,0.9821482,0,0,0,270,0,0,0
0,0.9895105,0,0,0,270,0,0,0
0,0.9958477,0,0,0,270,0,0,0
0,1.003609,0,0,0,270,0,0,0
0,1.011659,0,0,0,270,0,0,0
0,1.019544,0,0,0,270,0,0,0
0,1.027649,0,0,0,270,0,0,0
0,1.035116,0,0,0,270,0,0,0
0,1.042462,0,0,0,270,0,0,0
0,1.050339,0,0,0,270,0,0,0
0,1.058762,0,0,0,270,0,0,0
0,1.067957,0,0,0,270,0,0,0
0,1.078034,0,0,0,270,0,0,0
0,1.085602,0,0,0,270,0,0,0
0,1.093436,0,0,0,270,0,0,0
0,1.101488,0,0,0,270,0,0,0
0,1.108213,0,0,0,270,0,0,0
0,1.115208,0,0,0,270,0,0,0
0,1.122018,0,0,0,270,0,0,0
0,1.130313,0,0,0,270,0,0,0
0,1.137251,0,0,0,270,0,0,0
0,1.145344,0,0,0,270,0,0,0
0,1.152291,0,0,0,270,0,0,0
0,1.159499,0,0,0,270,0,0,0
0,1.1665,0,0,0,270,0,0,0
0,1.174179,0,0,0,270,0,0,0
0,1.181551,0,0,0,270,0,0,0
0,1.18855,0,0,0,270,0,0,0
0,1.195807,0,0,0,270,0,0,0
0,1.202805,0,0,0,270,0,0,0
0,1.209871,0,0,0,270,0,0,0
0,1.21698,0,0,0,270,0,0,0
0,1.22524,0,0,0,270,0,0,0
0,1.2337,0,0,0,270,0,0,0
0,1.242558,0,0,0,270,0,0,0
0,1.250492,0,0,0,270,0,0,0
0,1.258037,0,0,0,270,0,0,0
0,1.265643,0,0,0,270,0,0,0
0,1.273489,0,0,0,270,0,0,0
0,1.283206,0,0,0,270,0,0,0
0,1.290487,0,0,0,270,0,0,0
0,1.298414,0,0,0,270,0,0,0
0,1.30548,0,0,0,270,0,0,0
0,1.322361,0,0,0,270,0,0,0
0,1.329827,0,0,0,270,0,0,0
0,1.338618,0,0,0,270,0,0,0
0,1.347238,0,0,0,270,0,0,0
0,1.354928,0,0,0,270,0,0,0
0,1.363101,0,0,0,270,0,0,0
0,1.370272,0,0,0,270,0,0,0
0,1.379108,0,0,0,270,0,0,0
0,1.387609,0,0,0,270,0,0,0
0,1.396295,0,0,0,270,0,0,0
0,1.405477,0,0,0,270,0,0,0
0,1.41416,0,0,0,270,0,0,0
0,1.424007,0,0,0,270,0,0,0
0,1.431755,0,0,0,270,0,0,0
0,1.441855,0,0,0,270,0,0,0
0,1.453277,0,0,0,270,0,0,0
0,1.464404,0,0,0,270,0,0,0
0,1.478261,0,0,0,270,0,0,0
0,1.489983,0,0,0,270,0,0,0
0,1.498541,0,0,0,270,0,0,0
0,1.508127,0,0,0,270,0,0,0
0,1.519586,0,0,0,270,0,0,0
0,1.529352,0,0,0,270,0,0,0
0,1.538183,0,0,0,270,0,0,0
0,1.545588,0,0,0,270,0,0,0
0,1.553418,0,0,0,270,0,0,0
0,1.560359,0,0,0,270,0,0,0
0,1.568389,0,0,0,270,0,0,0
0,1.574984,0,0,0,270,0,0,0
0,1.585167,0,0,0,270,0,0,0
0,1.595089,0,0,0,270,0,0,0
0,1.60393,0,0,0,270,0,0,0
0,1.612848,0,0,0,270,0,0,0
0,1.620521,0,0,0,270,0,0,0
0,1.628696,0,0,0,270,0,0,0
0,1.637833,0,0,0,270,0,0,0
0,1.64599,0,0,0,270,0,0,0
0,1.653416,0,0,0,270,0,0,0
0,1.660642,0,0,0,270,0,0,0
0,1.668228,0,0,0,270,0,0,0
0,1.676114,0,0,0,270,0,0,0
0,1.683227,0,0,0,270,0,0,0
0,1.693169,0,0,0,270,0,0,0
0,1.700388,0,0,0,270,0,0,0
0,1.707348,0,0,0,270,0,0,0
0,1.71401,0,0,0,270,0,0,0
0,1.72195,0,0,0,270,0,0,0
0,1.728879,0,0,0,270,0,0,0
0,1.737532,0,0,0,270,0,0,0
0,1.744697,0,0,0,270,0,0,0
0,1.752698,0,0,0,270,0,0,0
0,1.760311,0,0,0,270,0,0,0
0,1.768556,0,0,0,270,0,0,0
0,1.776778,0,0,0,270,0,0,0
0,1.784913,0,0,0,270,0,0,0
0,1.796689,0,0,0,270,0,0,0
0,1.804607,0,0,0,270,0,0,0
0,1.812293,0,0,0,270,0,0,0
0,1.820909,0,0,0,270,0,0,0
0,1.829053,0,0,0,270,0,0,0
0,1.836793,0,0,0,270,0,0,0
0,1.844497,0,0,0,270,0,0,0
0,1.852444,0,0,0,270,0,0,0
0,1.859969,0,0,0,270,0,0,0
0,1.867269,0,0,0,270,0,0,0
0,1.874307,0,0,0,270,0,0,0
0,1.882459,0,0,0,270,0,0,0
0,1.890058,0,0,0,270,0,0,0
0,1.898217,0,0,0,270,0,0,0
0,1.90559,0,0,0,270,0,0,0
0,1.913862,0,0,0,270,0,0,0
0,1.921615,0,0,0,270,0,0,0
0,1.928833,0,0,0,270,0,0,0
0,1.936677,0,0,0,270,0,0,0
0,1.94425,0,0,0,270,0,0,0
0,1.952402,0,0,0,270,0,0,0
0,1.959622,0,0,0,270,0,0,0
0,1.967329,0,0,0,270,0,0,0
0,1.97434,0,0,0,270,0,0,0
0,1.981375,0,0,0,270,0,0,0
0,1.989703,0,0,0,270,0,0,0
0,1.997202,0,0,0,270,0,0,0
0,2.006874,0,0,0,270,0,0,0
0,2.021563,0,0,0,270,0,0,0
0,2.029191,0,0,0,270,0,0,0
0,2.036825,0,0,0,270,0,0,0
0,2.045149,0,0,0,270,0,0,0
0,2.054122,0,0,0,270,0,0,0
0,2.061694,0,0,0,270,0,0,0
0,2.069853,0,0,0,270,0,0,0
0,2.077883,0,0,0,270,0,0,0
0,2.084483,0,0,0,270,0,0,0
0,2.092428,0,0,0,270,0,0,0
0,2.100772,0,0,0,270,0,0,0
0,2.108139,0,0,0,270,0,0,0
0,2.115071,0,0,0,270,0,0,0
0,2.123432,0,0,0,270,0,0,0
0,2.13162,0,0,0,270,0,0,0
0,2.138924,0,0,0,270,0,0,0
0,2.145975,0,0,0,270,0,0,0
0,2.153509,0,0,0,270,0,0,0
0,2.160546,0,0,0,270,0,0,0
0,2.167465,0,0,0,270,0,0,0
0,2.174345,0,0,0,270,0,0,0
0,2.180982,0,0,0,270,0,0,0
0,2.188684,0,0,0,270,0,0,0
0,2.196685,0,0,0,270,0,0,0
0,2.20488,0,0,0,270,0,0,0
0,2.212509,0,0,0,270,0,0,0
0,2.221832,0,0,0,270,0,0,0
0,2.229162,0,0,0,270,0,0,0
0,2.238344,0,0,0,270,0,0,0
0,2.246039,0,0,0,270,0,0,0
0,2.255361,0,0,0,270,0,0,0
0,2.262327,0,0,0,270,0,0,0
0,2.269881,0,0,0,270,0,0,0
0,2.276811,0,0,0,270,0,0,0
0,2.284348,0,0,0,270,0,0,0
0,2.291145,0,0,0,270,0,0,0
0,2.298573,0,0,0,270,0,0,0
0,2.306584,0,0,0,270,0,0,0
0,2.31478,0,0,0,270,0,0,0
0,2.32224,0,0,0,270,0,0,0
0,2.329421,0,0,0,270,0,0,0
0,2.336234,0,0,0,270,0,0,0
0,2.344867,0,0,0,270,0,0,0
0,2.353861,0,0,0,270,0,0,0
0,2.362533,0,0,0,270,0,0,0
0,2.370415,0,0,0,270,0,0,0
0,2.378921,0,0,0,270,0,0,0
0,2.3873,0,0,0,270,0,0,0
0,2.394804,0,0,0,270,0,0,0
0,2.401734,0,0,0,270,0,0,0
0,2.411176,0,0,0,270,0,0,0
0,2.418169,0,0,0,270,0,0,0
0,2.425714,0,0,0,270,0,0,0
0,2.433161,0,0,0,270,0,0,0
0,2.440655,0,0,0,270,0,0,0
0,2.447439,0,0,0,270,0,0,0
0,2.456119,0,0,0,270,0,0,0
0,2.465646,0,0,0,270,0,0,0
0,2.476178,0,0,0,270,0,0,0
0,2.486248,0,0,0,270,0,0,0
0,2.495944,0,0,0,270,0,0,0
0,2.506007,0,0,0,270,0,0,0
0,2.517862,0,0,0,270,0,0,0
0,2.525655,0,0,0,270,0,0,0
0,2.535227,0,0,0,270,0,0,0
0,2.543578,0,0,0,270,0,0,0
0,2.55144,0,0,0,270,0,0,0
0,2.559506,0,0,0,270,0,0,0
0,2.568328,0,0,0,270,0,0,0
0,2.585294,0,0,0,270,0,0,0
0,2.593415,0,0,0,270,0,0,0
0,2.601082,0,0,0,270,0,0,0
0,2.609452,0,0,0,270,0,0,0
0,2.617199,0,0,0,270,0,0,0
0,2.626159,0,0,0,270,0,0,0
0,2.635429,0,0,0,270,0,0,0
0,2.643866,0,0,0,270,0,0,0
0,2.651225,0,0,0,270,0,0,0
0,2.661217,0,0,0,270,0,0,0
0,2.670272,0,0,0,270,0,0,0
0,2.680282,0,0,0,270,0,0,0
0,2.689348,0,0,0,270,0,0,0
0,2.698767,0,0,0,270,0,0,0
0,2.707127,0,0,0,270,0,0,0
0,2.716993,0,0,0,270,0,0,0
0,2.726646,0,0,0,270,0,0,0
0,2.736951,0,0,0,270,0,0,0
0,2.745903,0,0,0,270,0,0,0
0,2.755265,0,0,0,270,0,0,0
0,2.765723,0,0,0,270,0,0,0
0,2.774563,0,0,0,270,0,0,0
0,2.784107,0,0,0,270,0,0,0
0,2.793588,0,0,0,270,0,0,0
0,2.803901,0,0,0,270,0,0,0
0,2.813562,0,0,0,270,0,0,0
0,2.825121,0,0,0,270,0,0,0
0,2.83613,0,0,0,270,0,0,0
0,2.845764,0,0,0,270,0,0,0
0,2.85536,0,0,0,270,0,0,0
0,2.867167,0,0,0,270,0,0,0
0,2.878881,0,0,0,270,0,0,0
0,2.889168,0,0,0,270,0,0,0
0,2.901217,0,0,0,270,0,0,0
0,2.911733,0,0,0,270,0,0,0
0,2.924689,0,0,0,270,0,0,0
0,2.934355,0,0,0,270,0,0,0
0,2.944938,0,0,0,270,0,0,0
0,2.954654,0,0,0,270,0,0,0
0,2.965927,0,0,0,270,0,0,0
0,2.975823,0,0,0,270,0,0,0
0,2.985259,0,0,0,270,0,0,0
0,2.996353,0,0,0,270,0,0,0
0,3.007535,0,0,0,270,0,0,0
0,3.017492,0,0,0,270,0,0,0
0,3.025734,0,0,0,270,0,0,0
0,3.034696,0,0,0,270,0,0,0
0,3.043657,0,0,0,270,0,0,0
0,3.052549,0,0,0,270,0,0,0
0,3.061157,0,0,0,270,0,0,0
0,3.070489,0,0,0,270,0,0,0
0,3.079072,0,0,0,270,0,0,0
0,3.087478,0,0,0,270,0,0,0
0,3.096288,0,0,0,270,0,0,0
0,3.10517,0,0,0,270,0,0,0
0,3.114919,0,0,0,270,0,0,0
0,3.12679,0,0,0,270,0,0,0
0,3.134605,0,0,0,270,0,0,0
0,3.144116,0,0,0,270,0,0,0
0,3.152135,0,0,0,270,0,0,0
0,3.160752,0,0,0,270,0,0,0
0,3.168932,0,0,0,270,0,0,0
0,3.176945,0,0,0,270,0,0,0
0,3.184074,0,0,0,270,0,0,0
0,3.192033,0,0,0,270,0,0,0
0,3.199865,0,0,0,270,0,0,0
0,3.20715,0,0,0,270,0,0,0
0,3.215234,0,0,0,270,0,0,0
0,3.22575,0,0,0,270,0,0,0
0,3.234943,0,0,0,270,0,0,0
0,3.244399,0,0,0,270,0,0,0
0,3.253748,0,0,0,270,0,0,0
0,3.263778,0,0,0,270,0,0,0
0,3.273546,0,0,0,270,0,0,0
0,3.283093,0,0,0,270,0,0,0
0,3.291486,0,0,0,270,0,0,0
0,3.301361,0,0,0,270,0,0,0
0,3.311007,0,0,0,270,0,0,0
0,3.321854,0,0,0,270,0,0,0
0,3.333724,0,0,0,270,0,0,0
0,3.3477,0,0,0,270,0,0,0
0,3.364728,0,0,0,270,0,0,0
0,3.385525,0,0,0,270,0,0,0
0,3.400304,0,0,0,270,0,0,0
0,3.414893,0,0,0,270,0,0,0
0,3.429133,0,0,0,270,0,0,0
0,3.444112,0,0,0,270,0,0,0
0,3.466082,0,0,0,270,0,0,0
0,3.478223,0,0,0,270,0,0,0
0,3.495184,0,0,0,270,0,0,0
0,3.511518,0,0,0,270,0,0,0
0,3.528782,0,0,0,270,0,0,0
0,3.543636,0,0,0,270,0,0,0
0,3.555092,0,0,0,270,0,0,0
0,3.567241,0,0,0,270,0,0,0
0,3.582029,0,0,0,270,0,0,0
0,3.593359,0,0,0,270,0,0,0
0,3.605634,0,0,0,270,0,0,0
0,3.618735,0,0,0,270,0,0,0
0,3.628939,0,0,0,270,0,0,0
0,3.638655,0,0,0,270,0,0,0
0,3.64865,0,0,0,270,0,0,0
0,3.656892,0,0,0,270,0,0,0
0,3.666353,0,0,0,270,0,0,0
0,3.674642,0,0,0,270,0,0,0
0,3.686174,0,0,0,270,0,0,0
0,3.695183,0,0,0,270,0,0,0
0,3.708371,0,0,0,270,0,0,0
0,3.71723,0,0,0,270,0,0,0
0,3.729481,0,0,0,270,0,0,0
0,3.745459,0,0,0,270,0,0,0
0,3.7591,0,0,0,270,0,0,0
0,3.771301,0,0,0,270,0,0,0
0,3.784422,0,0,0,270,0,0,0
0,3.796225,0,0,0,270,0,0,0
0,3.80972,0,0,0,270,0,0,0
0,3.823935,0,0,0,270,0,0,0
0,3.839881,0,0,0,270,0,0,0
0,3.851738,0,0,0,270,0,0,0
0,3.865941,0,0,0,270,0,0,0
0,3.877358,0,0,0,270,0,0,0
0,3.890475,0,0,0,270,0,0,0
0,3.904667,0,0,0,270,0,0,0
0,3.916441,0,0,0,270,0,0,0
0,3.927844,0,0,0,270,0,0,0
0,3.938845,0,0,0,270,0,0,0
0,3.951033,0,0,0,270,0,0,0
0,3.96183,0,0,0,270,0,0,0
0,3.972399,0,0,0,270,0,0,0
0,3.982122,0,0,0,270,0,0,0
0,3.993084,0,0,0,270,0,0,0
0,4.002972,0,0,0,270,0,0,0
0,4.013097,0,0,0,270,0,0,0
0,4.024307,0,0,0,270,0,0,0
0,4.033789,0,0,0,270,0,0,0
0,4.043236,0,0,0,270,0,0,0
0,4.053658,0,0,0,270,0,0,0
0,4.074308,0,0,0,270,0,0,0
0,4.083946,0,0,0,270,0,0,0
0,4.093824,0,0,0,270,0,0,0
0,4.103577,0,0,0,270,0,0,0
0,4.113387,0,0,0,270,0,0,0
0,4.124399,0,0,0,270,0,0,0
0,4.134875,0,0,0,270,0,0,0
0,4.145463,0,0,0,270,0,0,0
0,4.156051,0,0,0,270,0,0,0
0,4.165767,0,0,0,270,0,0,0
0,4.174747,0,0,0,270,0,0,0
0,4.184347,0,0,0,270,0,0,0
0,4.193229,0,0,0,270,0,0,0
0,4.21042,0,0,0,270,0,0,0
0,4.219182,0,0,0,270,0,0,0
0,4.227571,0,0,0,270,0,0,0
0,4.236934,0,0,0,270,0,0,0
0,4.245284,0,0,0,270,0,0,0
0,4.255899,0,0,0,270,0,0,0
0,4.26524,0,0,0,270,0,0,0
0,4.27637,0,0,0,270,0,0,0
0,4.287081,0,0,0,270,0,0,0
0,4.309651,0,0,0,270,0,0,0
0,4.319073,0,0,0,270,0,0,0
0,4.327022,0,0,0,270,0,0,0
0,4.336152,0,0,0,270,0,0,0
0,4.344151,0,0,0,270,0,0,0
0,4.35074,0,0,0,270,0,0,0
0,4.361275,0,0,0,270,0,0,0
0,4.368762,0,0,0,270,0,0,0
0,4.379368,0,0,0,270,0,0,0
0,4.390848,0,0,0,270,0,0,0
0,4.401085,0,0,0,270,0,0,0
0,4.410457,0,0,0,270,0,0,0
0,4.418525,0,0,0,270,0,0,0
0,4.427154,0,0,0,270,0,0,0
0,4.434995,0,0,0,270,0,0,0
0,4.443825,0,0,0,270,0,0,0
0,4.452278,0,0,0,270,0,0,0
0,4.46236,0,0,0,270,0,0,0
0,4.472033,0,0,0,270,0,0,0
0,4.481136,0,0,0,270,0,0,0
0,4.490624,0,0,0,270,0,0,0
0,4.500604,0,0,0,270,0,0,0
0,4.51181,0,0,0,270,0,0,0
0,4.52556,0,0,0,270,0,0,0
0,4.537196,0,0,0,270,0,0,0
0,4.547687,0,0,0,270,0,0,0
0,4.558054,0,0,0,270,0,0,0
0,4.571135,0,0,0,270,0,0,0
0,4.591794,0,0,0,270,0,0,0
0,4.608343,0,0,0,270,0,0,0
0,4.621999,0,0,0,270,0,0,0
0,4.643312,0,0,0,270,0,0,0
0,4.662908,0,0,0,270,0,0,0
0,4.679755,0,0,0,270,0,0,0
0,4.699542,0,0,0,270,0,0,0
0,4.71255,0,0,0,270,0,0,0
0,4.727431,0,0,0,270,0,0,0
0,4.738549,0,0,0,270,0,0,0
0,4.750797,0,0,0,270,0,0,0
0,4.762386,0,0,0,270,0,0,0
0,4.779694,0,0,0,270,0,0,0
0,4.800507,0,0,0,270,0,0,0
0,4.812831,0,0,0,270,0,0,0
0,4.825289,0,0,0,270,0,0,0
0,4.842885,0,0,0,270,0,0,0
0,4.85608,0,0,0,270,0,0,0
0,4.869242,0,0,0,270,0,0,0
0,4.881745,0,0,0,270,0,0,0
0,4.895645,0,0,0,270,0,0,0
0,4.905406,0,0,0,270,0,0,0
0,4.915299,0,0,0,270,0,0,0
0,4.924014,0,0,0,270,0,0,0
0,4.934952,0,0,0,270,0,0,0
0,4.944627,0,0,0,270,0,0,0
0,4.952362,0,0,0,270,0,0,0
0,4.962914,0,0,0,270,0,0,0
0,4.974342,0,0,0,270,0,0,0
0,4.98463,0,0,0,270,0,0,0
0,4.993289,0,0,0,270,0,0,0
0,5.003809,0,0,0,270,0,0,0
0,5.013041,0,0,0,270,0,0,0
0,5.021925,0,0,0,270,0,0,0
0,5.038676,0,0,0,270,0,0,0
0,5.047797,0,0,0,270,0,0,0
0,5.056287,0,0,0,270,0,0,0
0,5.066695,0,0,0,270,0,0,0
0,5.076569,0,0,0,270,0,0,0
0,5.087606,0,0,0,270,0,0,0
0,5.097445,0,0,0,270,0,0,0
0,5.106559,0,0,0,270,0,0,0
0,5.117249,0,0,0,270,0,0,0
0,5.127016,0,0,0,270,0,0,0
0,5.137613,0,0,0,270,0,0,0
0,5.148423,0,0,0,270,0,0,0
0,5.158078,0,0,0,270,0,0,0
0,5.167663,0,0,0,270,0,0,0
0,5.181174,0,0,0,270,0,0,0
0,5.191154,0,0,0,270,0,0,0
0,5.200558,0,0,0,270,0,0,0
0,5.211591,0,0,0,270,0,0,0
0,5.222334,0,0,0,270,0,0,0
0,5.232307,0,0,0,270,0,0,0
0,5.240808,0,0,0,270,0,0,0
0,5.250099,0,0,0,270,0,0,0
0,5.263062,0,0,0,270,0,0,0
0,5.274359,0,0,0,270,0,0,0
0,5.285234,0,0,0,270,0,0,0
0,5.296159,0,0,0,270,0,0,0
0,5.306334,0,0,0,270,0,0,0
0,5.316168,0,0,0,270,0,0,0
0,5.326377,0,0,0,270,0,0,0
0,5.33766,0,0,0,270,0,0,0
0,5.351336,0,0,0,270,0,0,0
0,5.361584,0,0,0,270,0,0,0
0,5.370414,0,0,0,270,0,0,0
0,5.383224,0,0,0,270,0,0,0
0,5.394514,0,0,0,270,0,0,0
0,5.402924,0,0,0,270,0,0,0
0,5.412519,0,0,0,270,0,0,0
0,5.420394,0,0,0,270,0,0,0
0,5.429461,0,0,0,270,0,0,0
0,5.43748,0,0,0,270,0,0,0
0,5.445856,0,0,0,270,0,0,0
0,5.463067,0,0,0,270,0,0,0
0,5.477401,0,0,0,270,0,0,0
0,5.49181,0,0,0,270,3,0,0
0,5.503583,0,0,0,270,3,0,0
0,5.513478,0,0,0,270,3,0,0
0,5.521825,0,0,0,270,3,0,0
0,5.52967,0,0,0,270,3,0,0
0,5.539713,0,0,0,270,3,0,0
0,5.552629,0,0,0,270,3,0,0
0,5.562898,0,0,0,270,3,0,0
0,5.574151,0,0,0,270,3,0,0
0,5.590024,0,0,0,270,3,0,0
0,5.599718,0,0,0,270,3,0,0
0,5.610435,0,0,0,270,3,0,0
0,5.618246,0,0,0,270,3,0,0
0,5.626972,0,0,0,270,3,0,0
0,5.635206,0,0,0,270,3,0,0
0,5.643721,0,0,0,270,3,0,0
0,5.651446,0,0,0,270,3,0,0
0,5.66018,0,0,0,270,3,0,0
0,5.668829,0,0,0,270,3,0,0
0,5.677704,0,0,0,270,3,0,0
0,5.686249,0,0,0,270,3,0,0
0,5.697275,0,0,0,270,3,0,0
0,5.706014,0,0,0,270,3,0,0
0,5.714886,0,0,0,270,3,0,0
0,5.724525,0,0,0,270,3,0,0
0,5.734773,0,0,0,270,3,0,0
0,5.743973,0,0,0,270,3,0,0
0,5.753617,0,0,0,270,3,0,0
0,5.762498,0,0,0,270,3,0,0
0,5.772238,0,0,0,270,3,0,0
0,5.781489,0,0,0,270,3,0,0
0,5.79332,0,0,0,270,3,0,0
0,5.80256,0,0,0,270,3,0,0
0,5.811976,0,0,0,270,3,0,0
0,5.823492,0,0,0,270,3,0,0
0,5.833159,0,0,0,270,3,0,0
0,5.841627,0,0,0,270,3,0,0
0,5.850865,0,0,0,270,3,0,0
0,5.859225,0,0,0,270,3,0,0
0,5.86834,0,0,0,270,3,0,0
0,5.877821,0,0,0,270,3,0,0
0,5.886909,0,0,0,270,3,0,0
0,5.895719,0,0,0,270,3,0,0
0,5.92025,0,0,0,270,3,0,0
0,5.92968,0,0,0,270,3,0,0
0,5.937721,0,0,0,270,3,0,0
0,5.946521,0,0,0,270,3,0,0
0,5.954936,0,0,0,270,3,0,0
0,5.962885,0,0,0,270,3,0,0
0,5.97172,0,0,0,270,3,0,0
0,5.979208,0,0,0,270,3,0,0
0,5.987935,0,0,0,270,3,0,0
0,5.999832,0,0,0,270,3,0,0
0,6.007766,0,0,0,270,3,0,0
0,6.016883,0,0,0,270,3,0,0
0,6.024038,0,0,0,270,3,0,0
0,6.033183,0,0,0,270,3,0,0
0,6.041465,0,0,0,270,3,0,0
0,6.051738,0,0,0,270,3,0,0
0,6.060133,0,0,0,270,3,0,0
0,6.068327,0,0,0,270,3,0,0
0,6.075876,0,0,0,270,3,0,0
0,6.084805,0,0,0,270,3,0,0
0,6.092226,0,0,0,270,3,0,0
0,6.100842,0,0,0,270,3,0,0
0,6.108145,0,0,0,270,3,0,0
0,6.116108,0,0,0,270,3,0,0
0,6.124651,0,0,0,270,3,0,0
0,6.132528,0,0,0,270,3,0,0
0,6.13981,0,0,0,270,3,0,0
0,6.148389,0,0,0,270,3,0,0
0,6.157632,0,0,0,270,3,0,0
0,6.166121,0,0,0,270,3,0,0
0,6.175975,0,0,0,270,3,0,0
0,6.184101,0,0,0,270,3,0,0
0,6.191497,0,0,0,270,3,0,0
0,6.202553,0,0,0,270,3,0,0
0,6.211344,0,0,0,270,3,0,0
0,6.220481,0,0,0,270,3,0,0
0,6.229446,0,0,0,270,3,0,0
0,6.238996,0,0,0,270,3,0,0
0,6.248133,0,0,0,270,3,0,0
0,6.258586,0,0,0,270,3,0,0
0,6.267697,0,0,0,270,3,0,0
0,6.276469,0,0,0,270,3,0,0
0,6.285558,0,0,0,270,3,0,0
0,6.295439,0,0,0,270,3,0,0
0,6.306779,0,0,0,270,3,0,0
0,6.31833,0,0,0,270,3,0,0
0,6.328449,0,0,0,270,3,0,0
0,6.338164,0,0,0,270,3,0,0
0,6.347285,0,0,0,270,3,0,0
0,6.357418,0,0,0,270,3,0,0
0,6.368538,0,0,0,270,3,0,0
0,6.378613,0,0,0,270,3,0,0
0,6.389657,0,0,0,270,3,0,0
0,6.399561,0,0,0,270,3,0,0
0,6.412814,0,0,0,270,3,0,0
0,6.421844,0,0,0,270,3,0,0
0,6.431839,0,0,0,270,3,0,0
0,6.443167,0,0,0,270,3,0,0
0,6.451548,0,0,0,270,3,0,0
0,6.46019,0,0,0,270,3,0,0
0,6.468977,0,0,0,270,3,0,0
0,6.479302,0,0,0,270,3,0,0
0,6.490745,0,0,0,270,3,0,0
0,6.50082,0,0,0,270,3,0,0
0,6.509997,0,0,0,270,3,0,0
0,6.520697,0,0,0,270,3,0,0
0,6.52996,0,0,0,270,3,0,0
0,6.538746,0,0,0,270,3,0,0
0,6.547737,0,0,0,270,3,0,0
0,6.558954,0,0,0,270,3,0,0
0,6.572298,0,0,0,270,3,0,0
0,6.583095,0,0,0,270,3,0,0
0,6.5921,0,0,0,270,3,0,0
0,6.600863,0,0,0,270,3,0,0
0,6.612711,0,0,0,270,3,0,0
0,6.623034,0,0,0,270,3,0,0
0,6.632518,0,0,0,270,3,0,0
0,6.641824,0,0,0,270,3,0,0
0,6.651505,0,0,0,270,3,0,0
0,6.660551,0,0,0,270,3,0,0
0,6.668915,0,0,0,270,3,0,0
0,6.678174,0,0,0,270,3,0,0
0,6.687531,0,0,0,270,3,0,0
0,6.695926,0,0,0,270,3,0,0
0,6.704878,0,0,0,270,3,0,0
0,6.71312,0,0,0,270,3,0,0
0,6.720774,0,0,0,270,3,0,0
0,6.728035,0,0,0,270,3,0,0
0,6.735926,0,0,0,270,3,0,0
0,6.743987,0,0,0,270,3,0,0
0,6.752675,0,0,0,270,3,0,0
0,6.760999,0,0,0,270,3,0,0
0,6.770474,0,0,0,270,3,0,0
0,6.778785,0,0,0,270,3,0,0
0,6.786231,0,0,0,270,3,0,0
0,6.793792,0,0,0,270,3,0,0
0,6.802137,0,0,0,270,3,0,0
0,6.812619,0,0,0,270,3,0,0
0,6.821022,0,0,0,270,3,0,0
0,6.830485,0,0,0,270,3,0,0
0,6.838974,0,0,0,270,3,0,0
0,6.848549,0,0,0,270,3,0,0
0,6.857266,0,0,0,270,3,0,0
0,6.868266,0,0,0,270,3,0,0
0,6.87762,0,0,0,270,3,0,0
0,6.88601,0,0,0,270,3,0,0
0,6.896831,0,0,0,270,3,0,0
0,6.906459,0,0,0,270,3,0,0
0,6.915019,0,0,0,270,3,0,0
0,6.925791,0,0,0,270,3,0,0
0,6.935882,0,0,0,270,3,0,0
0,6.945226,0,0,0,270,3,0,0
0,6.954247,0,0,0,270,3,0,0
0,6.962697,0,0,0,270,3,0,0
0,6.971828,0,0,0,270,3,0,0
0,6.980387,0,0,0,270,3,0,0
0,6.989486,0,0,0,270,3,0,0
0,6.99993,0,0,0,270,3,0,0
0,7.010042,0,0,0,270,3,0,0
0,7.022696,0,0,0,270,3,0,0
0,7.030705,0,0,0,270,3,0,0
0,7.040222,0,0,0,270,3,0,0
0,7.049706,0,0,0,270,3,0,0
0,7.059987,0,0,0,270,3,0,0
0,7.070522,0,0,0,270,3,0,0
0,7.080099,0,0,0,270,3,0,0
0,7.088084,0,0,0,270,3,0,0
0,7.095954,0,0,0,270,3,0,0
0,7.104501,0,0,0,270,3,0,0
0,7.112812,0,0,0,270,3,0,0
0,7.121213,0,0,0,270,3,0,0
0,7.129185,0,0,0,270,3,0,0
0,7.136629,0,0,0,270,3,0,0
0,7.144854,0,0,0,270,3,0,0
0,7.153839,0,0,0,270,3,0,0
0,7.16156,0,0,0,270,3,0,0
0,7.170408,0,0,0,270,3,0,0
0,7.180138,0,0,0,270,3,0,0
0,7.188176,0,0,0,270,3,0,0
0,7.196398,0,0,0,270,3,0,0
0,7.204041,0,0,0,270,3,0,0
0,7.212213,0,0,0,270,3,0,0
0,7.222079,0,0,0,270,3,0,0
0,7.231247,0,0,0,270,3,0,0
0,7.240064,0,0,0,270,3,0,0
0,7.249292,0,0,0,270,3,0,0
0,7.258822,0,0,0,270,3,0,0
0,7.267916,0,0,0,270,3,0,0
0,7.278165,0,0,0,270,3,0,0
0,7.287422,0,0,0,270,3,0,0
0,7.294939,0,0,0,270,3,0,0
0,7.304032,0,0,0,270,3,0,0
0,7.313053,0,0,0,270,3,0,0
0,7.321395,0,0,0,270,3,0,0
0,7.331814,0,0,0,270,3,0,0
0,7.34024,0,0,0,270,3,0,0
0,7.350746,0,0,0,270,3,0,0
0,7.359649,0,0,0,270,3,0,0
0,7.368482,0,0,0,270,3,0,0
0,7.377422,0,0,0,270,3,0,0
0,7.397792,0,0,0,270,3,0,0
0,7.406549,0,0,0,270,3,0,0
0,7.416088,0,0,0,270,3,0,0
0,7.429387,0,0,0,270,3,0,0
0,7.439713,0,0,0,270,3,0,0
0,7.449623,0,0,0,270,3,0,0
0,7.459457,0,0,0,270,3,0,0
0,7.468567,0,0,0,270,3,0,0
0,7.478382,0,0,0,270,3,0,0
0,7.487828,0,0,0,270,3,0,0
0,7.498069,0,0,0,270,3,0,0
0,7.506945,0,0,0,270,3,0,0
0,7.516357,0,0,0,270,3,0,0
0,7.524979,0,0,0,270,3,0,0
0,7.534144,0,0,0,270,3,0,0
0,7.543224,0,0,0,270,3,0,0
0,7.552872,0,0,0,270,3,0,0
0,7.562551,0,0,0,270,3,0,0
0,7.573468,0,0,0,270,3,0,0
0,7.582603,0,0,0,270,3,0,0
0,7.595589,0,0,0,270,3,0,0
0,7.610875,0,0,0,270,3,0,0
0,7.620073,0,0,0,270,3,0,0
0,7.632393,0,0,0,270,3,0,0
0,7.64044,0,0,0,270,3,0,0
0,7.649045,0,0,0,270,3,0,0
0,7.658618,0,0,0,270,3,0,0
0,7.667817,0,0,0,270,3,0,0
0,7.677781,0,0,0,270,3,0,0
0,7.686056,0,0,0,270,3,0,0
0,7.696032,0,0,0,270,3,0,0
0,7.705541,0,0,0,270,3,0,0
0,7.713778,0,0,0,270,3,0,0
0,7.722715,0,0,0,270,3,0,0
0,7.731267,0,0,0,270,3,0,0
0,7.739929,0,0,0,270,3,0,0
0,7.74779,0,0,0,270,3,0,0
0,7.757045,0,0,0,270,3,0,0
0,7.767851,0,0,0,270,3,0,0
0,7.775878,0,0,0,270,3,0,0
0,7.784397,0,0,0,270,3,0,0
0,7.791899,0,0,0,270,3,0,0
0,7.8004,0,0,0,270,3,0,0
0,7.807443,0,0,0,270,3,0,0
0,7.817182,0,0,0,270,3,0,0
0,7.825082,0,0,0,270,3,0,0
0,7.835798,0,0,0,270,3,0,0
0,7.844806,0,0,0,270,3,0,0
0,7.852197,0,0,0,270,3,0,0
0,7.860324,0,0,0,270,3,0,0
0,7.867578,0,0,0,270,3,0,0
0,7.874425,0,0,0,270,3,0,0
0,7.881736,0,0,0,270,3,0,0
0,7.888545,0,0,0,270,3,0,0
0,7.895167,0,0,0,270,3,0,0
0,7.901844,0,0,0,270,3,0,0
0,7.909831,0,0,0,270,3,0,0
0,7.917901,0,0,0,270,3,0,0
0,7.927183,0,0,0,270,3,0,0
0,7.934794,0,0,0,270,3,0,0
0,7.942291,0,0,0,270,3,0,0
0,7.948835,0,0,0,270,3,0,0
0,7.956337,0,0,0,270,3,0,0
0,7.962744,0,0,0,270,3,0,0
0,7.970106,0,0,0,270,3,0,0
0,7.976803,0,0,0,270,3,0,0
0,7.98388,0,0,0,270,3,0,0
0,7.991381,0,0,0,270,3,0,0
0,7.999412,0,0,0,270,3,0,0
0,8.006347,0,0,0,270,3,0,0
0,8.014997,0,0,0,270,3,0,0
0,8.022504,0,0,0,270,3,0,0
0,8.029532,0,0,0,270,3,0,0
0,8.04084,0,0,0,270,3,0,0
0,8.04845,0,0,0,270,3,0,0
0,8.056898,0,0,0,270,3,0,0
0,8.066422,0,0,0,270,3,0,0
0,8.07327,0,0,0,270,3,0,0
0,8.081041,0,0,0,270,3,0,0
0,8.089245,0,0,0,270,3,0,0
0,8.09796,0,0,0,270,3,0,0
0,8.104824,0,0,0,270,3,0,0
0,8.112958,0,0,0,270,3,0,0
0,8.120191,0,0,0,270,3,0,0
0,8.127368,0,0,0,270,3,0,0
0,8.134731,0,0,0,270,3,0,0
0,8.143048,0,0,0,270,3,0,0
0,8.149702,0,0,0,270,3,0,0
0,8.158319,0,0,0,270,3,0,0
0,8.166547,0,0,0,270,3,0,0
0,8.173038,0,0,0,270,3,0,0
0,8.180794,0,0,0,270,3,0,0
0,8.190076,0,0,0,270,3,0,0
0,8.197955,0,0,0,270,3,0,0
0,8.205009,0,0,0,270,3,0,0
0,8.212851,0,0,0,270,3,0,0
0,8.220112,0,0,0,270,3,0,0
0,8.227952,0,0,0,270,3,0,0
0,8.235874,0,0,0,270,3,0,0
0,8.245227,0,0,0,270,3,0,0
0,8.25341,0,0,0,270,3,0,0
0,8.260316,0,0,0,270,3,0,0
0,8.26873,0,0,0,270,3,0,0
0,8.27574,0,0,0,270,3,0,0
0,8.282574,0,0,0,270,3,0,0
0,8.289908,0,0,0,270,3,0,0
0,8.296743,0,0,0,270,3,0,0
0,8.304062,0,0,0,270,3,0,0
0,8.31169,0,0,0,270,3,0,0
0,8.318714,0,0,0,270,3,0,0
0,8.325772,0,0,0,270,3,0,0
0,8.333238,0,0,0,270,3,0,0
0,8.339679,0,0,0,270,3,0,0
0,8.347725,0,0,0,270,3,0,0
0,8.355706,0,0,0,270,3,0,0
0,8.363419,0,0,0,270,3,0,0
0,8.371832,0,0,0,270,3,0,0
0,8.381622,0,0,0,270,3,0,0
0,8.390765,0,0,0,270,3,0,0
0,8.400106,0,0,0,270,3,0,0
0,8.409288,0,0,0,270,3,0,0
0,8.417451,0,0,0,270,3,0,0
0,8.425435,0,0,0,270,3,0,0
0,8.434154,0,0,0,270,3,0,0
0,8.444724,0,0,0,270,3,0,0
0,8.45831,0,0,0,270,3,0,0
0,8.469663,0,0,0,270,3,0,0
0,8.482266,0,0,0,270,3,0,0
0,8.493553,0,0,0,270,3,0,0
0,8.5038,0,0,0,270,3,0,0
0,8.513144,0,0,0,270,3,0,0
0,8.522645,0,0,0,270,3,0,0
0,8.531779,0,0,0,270,3,0,0
0,8.539592,0,0,0,270,3,0,0
0,8.549292,0,0,0,270,3,0,0
0,8.558475,0,0,0,270,3,0,0
0,8.567919,0,0,0,270,3,0,0
0,8.580932,0,0,0,270,3,0,0
0,8.59234,0,0,0,270,3,0,0
0,8.600932,0,0,0,270,3,0,0
0,8.609436,0,0,0,270,3,0,0
0,8.622615,0,0,0,270,3,0,0
0,8.637414,0,0,0,270,3,0,0
0,8.648218,0,0,0,270,3,0,0
0,8.663028,0,0,0,270,3,0,0
0,8.671947,0,0,0,270,3,0,0
0,8.681791,0,0,0,270,3,0,0
0,8.690378,0,0,0,270,3,0,0
0,8.6992,0,0,0,270,3,0,0
0,8.708058,0,0,0,270,3,0,0
0,8.71624,0,0,0,270,3,0,0
0,8.72661,0,0,0,270,3,0,0
0,8.737206,0,0,0,270,3,0,0
0,8.747532,0,0,0,270,3,0,0
0,8.758113,0,0,0,270,3,0,0
0,8.768668,0,0,0,270,3,0,0
0,8.779662,0,0,0,270,3,0,0
0,8.789629,0,0,0,270,3,0,0
0,8.802266,0,0,0,270,3,0,0
0,8.81049,0,0,0,270,3,0,0
0,8.830117,0,0,0,270,3,0,0
0,8.83765,0,0,0,270,3,0,0
0,8.846414,0,0,0,270,3,0,0
0,8.854695,0,0,0,270,3,0,0
0,8.86691,0,0,0,270,3,0,0
0,8.880177,0,0,0,270,3,0,0
0,8.89096,0,0,0,270,3,0,0
0,8.897757,0,0,0,270,3,0,0
0,8.904659,0,0,0,270,3,0,0
0,8.91214,0,0,0,270,3,0,0
0,8.91934,0,0,0,270,3,0,0
0,8.927187,0,0,0,270,3,0,0
0,8.936061,0,0,0,270,3,0,0
0,8.945653,0,0,0,270,3,0,0
0,8.954233,0,0,0,270,3,0,0
0,8.962138,0,0,0,270,3,0,0
0,8.970468,0,0,0,270,3,0,0
0,8.977672,0,0,0,270,3,0,0
0,8.985692,0,0,0,270,3,0,0
0,8.99326,0,0,0,270,3,0,0
0,9.000828,0,0,0,270,3,0,0
0,9.007195,0,0,0,270,3,0,0
0,9.015164,0,0,0,270,3,0,0
0,9.022337,0,0,0,270,3,0,0
0,9.029255,0,0,0,270,3,0,0
0,9.036575,0,0,0,270,3,0,0
0,9.042937,0,0,0,270,3,0,0
0,9.049954,0,0,0,270,3,0,0
0,9.057671,0,0,0,270,3,0,0
0,9.067619,0,0,0,270,3,0,0
0,9.074156,0,0,0,270,3,0,0
0,9.081653,0,0,0,270,3,0,0
0,9.088944,0,0,0,270,3,0,0
0,9.096532,0,0,0,270,3,0,0
0,9.103703,0,0,0,270,3,0,0
0,9.111529,0,0,0,270,3,0,0
0,9.118958,0,0,0,270,3,0,0
0,9.126542,0,0,0,270,3,0,0
0,9.132981,0,0,0,270,3,0,0
0,9.139128,0,0,0,270,3,0,0
0,9.146085,0,0,0,270,3,0,0
0,9.152249,0,0,0,270,3,0,0
0,9.159428,0,0,0,270,3,0,0
0,9.166766,0,0,0,270,3,0,0
0,9.174098,0,0,0,270,3,0,0
0,9.181349,0,0,0,270,3,0,0
0,9.188335,0,0,0,270,3,0,0
0,9.194752,0,0,0,270,3,0,0
0,9.202108,0,0,0,270,3,0,0
0,9.209814,0,0,0,270,3,0,0
0,9.216264,0,0,0,270,3,0,0
0,9.223515,0,0,0,270,3,0,0
0,9.230175,0,0,0,270,3,0,0
0,9.237311,0,0,0,270,3,0,0
0,9.244136,0,0,0,270,3,0,0
0,9.25049,0,0,0,270,3,0,0
0,9.25759,0,0,0,270,3,0,0
0,9.265656,0,0,0,270,3,0,0
0,9.273682,0,0,0,270,3,0,0
0,9.281061,0,0,0,270,3,0,0
0,9.289676,0,0,0,270,3,0,0
0,9.295877,0,0,0,270,3,0,0
0,9.302674,0,0,0,270,3,0,0
0,9.309097,0,0,0,270,3,0,0
0,9.316606,0,0,0,270,3,0,0
0,9.323699,0,0,0,270,3,0,0
0,9.330151,0,0,0,270,3,0,0
0,9.336773,0,0,0,270,3,0,0
0,9.343171,0,0,0,270,3,0,0
0,9.349649,0,0,0,270,3,0,0
0,9.356286,0,0,0,270,3,0,0
0,9.362653,0,0,0,270,3,0,0
0,9.370026,0,0,0,270,3,0,0
0,9.379735,0,0,0,270,3,0,0
0,9.388443,0,0,0,270,3,0,0
0,9.396046,0,0,0,270,3,0,0
0,9.403186,0,0,0,270,3,0,0
0,9.410154,0,0,0,270,3,0,0
0,9.416569,0,0,0,270,3,0,0
0,9.423308,0,0,0,270,3,0,0
0,9.430185,0,0,0,270,3,0,0
0,9.438411,0,0,0,270,3,0,0
0,9.446608,0,0,0,270,3,0,0
0,9.454453,0,0,0,270,3,0,0
0,9.462774,0,0,0,270,3,0,0
0,9.472153,0,0,0,270,3,0,0
0,9.479073,0,0,0,270,3,0,0
0,9.486096,0,0,0,270,3,0,0
0,9.493505,0,0,0,270,3,0,0
0,9.502527,0,0,0,270,3,0,0
0,9.510777,0,0,0,270,3,0,0
0,9.520986,0,0,0,270,3,0,0
0,9.529422,0,0,0,270,3,0,0
0,9.538183,0,0,0,270,3,0,0
0,9.545631,0,0,0,270,3,0,0
0,9.552479,0,0,0,270,3,0,0
0,9.560396,0,0,0,270,3,0,0
0,9.570415,0,0,0,270,3,0,0
0,9.580228,0,0,0,270,3,0,0
0,9.58894,0,0,0,270,3,0,0
0,9.598411,0,0,0,270,3,0,0
0,9.607725,0,0,0,270,3,0,0
0,9.616536,0,0,0,270,3,0,0
0,9.625725,0,0,0,270,3,0,0
0,9.635915,0,0,0,270,3,0,0
0,9.647155,0,0,0,270,3,0,0
0,9.660471,0,0,0,270,3,0,0
0,9.675418,0,0,0,270,3,0,0
0,9.691855,0,0,0,270,3,0,0
0,9.701492,0,0,0,270,3,0,0
0,9.712952,0,0,0,270,3,0,0
0,9.72446,0,0,0,270,3,0,0
0,9.734184,0,0,0,270,3,0,0
0,9.744484,0,0,0,270,3,0,0
0,9.754462,0,0,0,270,3,0,0
0,9.763829,0,0,0,270,3,0,0
0,9.774249,0,0,0,270,3,0,0
0,9.783933,0,0,0,270,3,0,0
0,9.794193,0,0,0,270,3,0,0
0,9.805542,0,0,0,270,3,0,0
0,9.818147,0,0,0,270,3,0,0
0,9.829078,0,0,0,270,3,0,0
0,9.839751,0,0,0,270,3,0,0
0,9.851585,0,0,0,270,3,0,0
0,9.86307,0,0,0,270,3,0,0
0,9.87461,0,0,0,270,3,0,0
0,9.888623,0,0,0,270,3,0,0
0,9.899021,0,0,0,270,3,0,0
0,9.906743,0,0,0,270,3,0,0
0,9.916923,0,0,0,270,3,0,0
0,9.927224,0,0,0,270,3,0,0
0,9.936171,0,0,0,270,3,0,0
0,9.946956,0,0,0,270,3,0,0
0,9.957471,0,0,0,270,3,0,0
0,9.96693,0,0,0,270,3,0,0
0,9.975666,0,0,0,270,3,0,0
0,9.985353,0,0,0,270,3,0,0
0,9.99525,0,0,0,270,3,0,0
0,10.00498,0,0,0,270,3,0,0
0,10.01435,0,0,0,270,3,0,0
0,10.024,0,0,0,270,3,0,0
0,10.03499,0,0,0,270,3,0,0
0,10.04399,0,0,0,270,3,0,0
0,10.05342,0,0,0,270,3,0,0
0,10.06207,0,0,0,270,3,0,0
0,10.07247,0,0,0,270,3,0,0
0,10.08263,0,0,0,270,3,0,0
0,10.09346,0,0,0,270,3,0,0
0,10.10119,0,0,0,270,3,0,0
0,10.11004,0,0,0,270,3,0,0
0,10.11668,0,0,0,270,3,0,0
0,10.12547,0,0,0,270,3,0,0
0,10.13311,0,0,0,270,3,0,0
0,10.14113,0,0,0,270,3,0,0
0,10.14846,0,0,0,270,3,0,0
0,10.15598,0,0,0,270,3,0,0
0,10.16342,0,0,0,270,3,0,0
0,10.1706,0,0,0,270,3,0,0
0,10.17976,0,0,0,270,3,0,0
0,10.18703,0,0,0,270,3,0,0
0,10.19544,0,0,0,270,3,0,0
0,10.21242,0,0,0,270,3,0,0
0,10.2186,0,0,0,270,3,0,0
0,10.22603,0,0,0,270,3,0,0
0,10.23369,0,0,0,270,3,0,0
0,10.24092,0,0,0,270,3,0,0
0,10.24899,0,0,0,270,3,0,0
0,10.25626,0,0,0,270,3,0,0
0,10.26294,0,0,0,270,3,0,0
0,10.27102,0,0,0,270,3,0,0
0,10.27843,0,0,0,270,3,0,0
0,10.28561,0,0,0,270,3,0,0
0,10.29559,0,0,0,270,3,0,0
0,10.30376,0,0,0,270,3,0,0
0,10.3113,0,0,0,270,3,0,0
0,10.31953,0,0,0,270,3,0,0
0,10.32661,0,0,0,270,3,0,0
0,10.33477,0,0,0,270,3,0,0
0,10.34169,0,0,0,270,3,0,0
0,10.35063,0,0,0,270,3,0,0
0,10.35807,0,0,0,270,3,0,0
0,10.36587,0,0,0,270,3,0,0
0,10.37274,0,0,0,270,3,0,0
0,10.38197,0,0,0,270,3,0,0
0,10.39014,0,0,0,270,3,0,0
0,10.39961,0,0,0,270,3,0,0
0,10.40914,0,0,0,270,3,0,0
0,10.41705,0,0,0,270,3,0,0
0,10.42492,0,0,0,270,3,0,0
0,10.43253,0,0,0,270,3,0,0
0,10.4403,0,0,0,270,3,0,0
0,10.4477,0,0,0,270,3,0,0
0,10.45486,0,0,0,270,3,0,0
0,10.4635,0,0,0,270,3,0,0
0,10.47229,0,0,0,270,3,0,0
0,10.48234,0,0,0,270,3,0,0
0,10.49035,0,0,0,270,3,0,0
0,10.49884,0,0,0,270,3,0,0
0,10.50681,0,0,0,270,3,0,0
0,10.5149,0,0,0,270,3,0,0
0,10.52199,0,0,0,270,3,0,0
0,10.5284,0,0,0,270,3,0,0
0,10.53558,0,0,0,270,3,0,0
0,10.54241,0,0,0,270,3,0,0
0,10.54926,0,0,0,270,3,0,0
0,10.55569,0,0,0,270,3,0,0
0,10.5619,0,0,0,270,3,0,0
0,10.56936,0,0,0,270,3,0,0
0,10.57704,0,0,0,270,3,0,0
0,10.58361,0,0,0,270,3,0,0
0,10.59086,0,0,0,270,3,0,0
0,10.59916,0,0,0,270,3,0,0
0,10.60612,0,0,0,270,3,0,0
0,10.61516,0,0,0,270,3,0,0
0,10.62217,0,0,0,270,3,0,0
0,10.63059,0,0,0,270,3,0,0
0,10.63861,0,0,0,270,3,0,0
0,10.64743,0,0,0,270,3,0,0
0,10.65562,0,0,0,270,3,0,0
0,10.6652,0,0,0,270,3,0,0
0,10.67461,0,0,0,270,3,0,0
0,10.68646,0,0,0,270,3,0,0
0,10.69846,0,0,0,270,3,0,0
0,10.71482,0,0,0,270,3,0,0
0,10.72561,0,0,0,270,3,0,0
0,10.7346,0,0,0,270,3,0,0
0,10.74502,0,0,0,270,3,0,0
0,10.75453,0,0,0,270,3,0,0
0,10.76265,0,0,0,270,3,0,0
0,10.77204,0,0,0,270,3,0,0
0,10.78088,0,0,0,270,3,0,0
0,10.79038,0,0,0,270,3,0,0
0,10.80016,0,0,0,270,3,0,0
0,10.81037,0,0,0,270,3,0,0
0,10.82066,0,0,0,270,3,0,0
0,10.83015,0,0,0,270,3,0,0
0,10.83973,0,0,0,270,3,0,0
0,10.84903,0,0,0,270,3,0,0
0,10.85831,0,0,0,270,3,0,0
0,10.86846,0,0,0,270,3,0,0
0,10.87838,0,0,0,270,3,0,0
0,10.88729,0,0,0,270,3,0,0
0,10.8954,0,0,0,270,3,0,0
0,10.9045,0,0,0,270,3,0,0
0,10.91591,0,0,0,270,3,0,0
0,10.92448,0,0,0,270,3,0,0
0,10.93314,0,0,0,270,3,0,0
0,10.94157,0,0,0,270,3,0,0
0,10.95073,0,0,0,270,3,0,0
0,10.96094,0,0,0,270,3,0,0
0,10.97038,0,0,0,270,3,0,0
0,10.98048,0,0,0,270,3,0,0
0,10.98998,0,0,0,270,3,0,0
0,11.00097,0,0,0,270,3,0,0
0,11.00984,0,0,0,270,3,0,0
0,11.01882,0,0,0,270,3,0,0
0,11.02725,0,0,0,270,3,0,0
0,11.03668,0,0,0,270,3,0,0
0,11.04431,0,0,0,270,3,0,0
0,11.05383,0,0,0,270,3,0,0
0,11.06257,0,0,0,270,3,0,0
0,11.07097,0,0,0,270,3,0,0
0,11.0793,0,0,0,270,3,0,0
0,11.08755,0,0,0,270,3,0,0
0,11.09684,0,0,0,270,3,0,0
0,11.10506,0,0,0,270,3,0,0
0,11.11564,0,0,0,270,3,0,0
0,11.12522,0,0,0,270,3,0,0
0,11.13376,0,0,0,270,3,0,0
0,11.14295,0,0,0,270,3,0,0
0,11.15058,0,0,0,270,3,0,0
0,11.1589,0,0,0,270,3,0,0
0,11.16553,0,0,0,270,3,0,0
0,11.17306,0,0,0,270,3,0,0
0,11.17976,0,0,0,270,3,0,0
0,11.18787,0,0,0,270,3,0,0
0,11.19468,0,0,0,270,3,0,0
0,11.20257,0,0,0,270,3,0,0
0,11.20913,0,0,0,270,3,0,0
0,11.21527,0,0,0,270,3,0,0
0,11.22333,0,0,0,270,3,0,0
0,11.23122,0,0,0,270,3,0,0
0,11.23924,0,0,0,270,3,0,0
0,11.24655,0,0,0,270,3,0,0
0,11.25535,0,0,0,270,3,0,0
0,11.26197,0,0,0,270,3,0,0
0,11.26985,0,0,0,270,3,0,0
0,11.27653,0,0,0,270,3,0,0
0,11.28322,0,0,0,270,3,0,0
0,11.29014,0,0,0,270,3,0,0
0,11.29633,0,0,0,270,3,0,0
0,11.30488,0,0,0,270,3,0,0
0,11.31304,0,0,0,270,3,0,0
0,11.3205,0,0,0,270,3,0,0
0,11.32754,0,0,0,270,3,0,0
0,11.33593,0,0,0,270,3,0,0
0,11.34299,0,0,0,270,3,0,0
0,11.35137,0,0,0,270,3,0,0
0,11.359,0,0,0,270,3,0,0
0,11.36564,0,0,0,270,3,0,0
0,11.37245,0,0,0,270,3,0,0
0,11.37971,0,0,0,270,3,0,0
0,11.38722,0,0,0,270,3,0,0
0,11.39599,0,0,0,270,3,0,0
0,11.40358,0,0,0,270,3,0,0
0,11.41191,0,0,0,270,3,0,0
0,11.41938,0,0,0,270,3,0,0
0,11.42603,0,0,0,270,3,0,0
0,11.43287,0,0,0,270,3,0,0
0,11.43988,0,0,0,270,3,0,0
0,11.44764,0,0,0,270,3,0,0
0,11.45434,0,0,0,270,3,0,0
0,11.46044,0,0,0,270,3,0,0
0,11.46705,0,0,0,270,3,0,0
0,11.4736,0,0,0,270,3,0,0
0,11.47992,0,0,0,270,3,0,0
0,11.48805,0,0,0,270,3,0,0
0,11.49593,0,0,0,270,3,0,0
0,11.50398,0,0,0,270,3,0,0
0,11.51103,0,0,0,270,3,0,0
0,11.52092,0,0,0,270,3,0,0
0,11.52758,0,0,0,270,3,0,0
0,11.53544,0,0,0,270,3,0,0
0,11.55053,0,0,0,270,3,0,0
0,11.55767,0,0,0,270,3,0,0
0,11.56562,0,0,0,270,3,0,0
0,11.57232,0,0,0,270,3,0,0
0,11.57904,0,0,0,270,3,0,0
0,11.58523,0,0,0,270,3,0,0
0,11.59158,0,0,0,270,3,0,0
0,11.60011,0,0,0,270,3,0,0
0,11.60706,0,0,0,270,3,0,0
0,11.61465,0,0,0,270,3,0,0
0,11.62161,0,0,0,270,3,0,0
0,11.63019,0,0,0,270,3,0,0
0,11.63795,0,0,0,270,3,0,0
0,11.64549,0,0,0,270,3,0,0
0,11.65207,0,0,0,270,3,0,0
0,11.65997,0,0,0,270,3,0,0
0,11.66676,0,0,0,270,3,0,0
0,11.67376,0,0,0,270,3,0,0
0,11.6805,0,0,0,270,3,0,0
0,11.68852,0,0,0,270,3,0,0
0,11.6946,0,0,0,270,3,0,0
0,11.70119,0,0,0,270,3,0,0
0,11.71119,0,0,0,270,3,0,0
0,11.71989,0,0,0,270,3,0,0
0,11.73271,0,0,0,270,3,0,0
0,11.74417,0,0,0,270,3,0,0
0,11.75395,0,0,0,270,3,0,0
0,11.76136,0,0,0,270,3,0,0
0,11.77067,0,0,0,270,3,0,0
0,11.7794,0,0,0,270,3,0,0
0,11.78814,0,0,0,270,3,0,0
0,11.79595,0,0,0,270,3,0,0
0,11.80405,0,0,0,270,3,0,0
0,11.81223,0,0,0,270,3,0,0
0,11.82334,0,0,0,270,3,0,0
0,11.83355,0,0,0,270,3,0,0
0,11.84325,0,0,0,270,3,0,0
0,11.85158,0,0,0,270,3,0,0
0,11.86278,0,0,0,270,3,0,0
0,11.87331,0,0,0,270,3,0,0
0,11.88274,0,0,0,270,3,0,0
0,11.89261,0,0,0,270,3,0,0
0,11.90036,0,0,0,270,3,0,0
0,11.90936,0,0,0,270,3,0,0
0,11.91712,0,0,0,270,3,0,0
0,11.92845,0,0,0,270,3,0,0
0,11.94117,0,0,0,270,3,0,0
0,11.9497,0,0,0,270,3,0,0
0,11.95992,0,0,0,270,3,0,0
0,11.96814,0,0,0,270,3,0,0
0,11.97881,0,0,0,270,3,0,0
0,11.98937,0,0,0,270,3,0,0
0,11.99989,0,0,0,270,3,0,0
0,12.00842,0,0,0,270,3,0,0
0,12.01877,0,0,0,270,3,0,0
0,12.02826,0,0,0,270,3,0,0
0,12.03779,0,0,0,270,3,0,0
0,12.04648,0,0,0,270,3,0,0
0,12.05681,0,0,0,270,3,0,0
0,12.06565,0,0,0,270,3,0,0
0,12.07489,0,0,0,270,3,0,0
0,12.08482,0,0,0,270,3,0,0
0,12.09538,0,0,0,270,3,0,0
0,12.10396,0,0,0,270,3,0,0
0,12.11398,0,0,0,270,3,0,0
0,12.12287,0,0,0,270,3,0,0
0,12.13117,0,0,0,270,3,0,0
0,12.1426,0,0,0,270,3,0,0
0,12.14961,0,0,0,270,3,0,0
0,12.15894,0,0,0,270,3,0,0
0,12.1664,0,0,0,270,3,0,0
0,12.17493,0,0,0,270,3,0,0
0,12.18287,0,0,0,270,3,0,0
0,12.19178,0,0,0,270,3,0,0
0,12.19968,0,0,0,270,3,0,0
0,12.20797,0,0,0,270,3,0,0
0,12.21726,0,0,0,270,3,0,0
0,12.22595,0,0,0,270,3,0,0
0,12.23329,0,0,0,270,3,0,0
0,12.2436,0,0,0,270,3,0,0
0,12.25145,0,0,0,270,3,0,0
0,12.25918,0,0,0,270,3,0,0
0,12.26785,0,0,0,270,3,0,0
0,12.2762,0,0,0,270,3,0,0
0,12.28368,0,0,0,270,3,0,0
0,12.29068,0,0,0,270,3,0,0
0,12.29853,0,0,0,270,3,0,0
0,12.30558,0,0,0,270,3,0,0
0,12.3148,0,0,0,270,3,0,0
0,12.32187,0,0,0,270,3,0,0
0,12.32922,0,0,0,270,3,0,0
0,12.33628,0,0,0,270,3,0,0
0,12.34542,0,0,0,270,3,0,0
0,12.35204,0,0,0,270,3,0,0
0,12.36008,0,0,0,270,3,0,0
0,12.36816,0,0,0,270,3,0,0
0,12.37677,0,0,0,270,3,0,0
0,12.38373,0,0,0,270,3,0,0
0,12.39198,0,0,0,270,3,0,0
0,12.39955,0,0,0,270,3,0,0
0,12.40845,0,0,0,270,3,0,0
0,12.41622,0,0,0,270,3,0,0
0,12.42484,0,0,0,270,3,0,0
0,12.43218,0,0,0,270,3,0,0
0,12.4392,0,0,0,270,3,0,0
0,12.44587,0,0,0,270,3,0,0
0,12.45286,0,0,0,270,3,0,0
0,12.46021,0,0,0,270,3,0,0
0,12.46827,0,0,0,270,3,0,0
0,12.4759,0,0,0,270,3,0,0
0,12.48256,0,0,0,270,3,0,0
0,12.49031,0,0,0,270,3,0,0
0,12.49809,0,0,0,270,3,0,0
0,12.50785,0,0,0,270,3,0,0
0,12.51677,0,0,0,270,3,0,0
0,12.52474,0,0,0,270,3,0,0
0,12.53292,0,0,0,270,3,0,0
0,12.54005,0,0,0,270,3,0,0
0,12.5493,0,0,0,270,3,0,0
0,12.55569,0,0,0,270,3,0,0
0,12.56283,0,0,0,270,3,0,0
0,12.56998,0,0,0,270,3,0,0
0,12.57765,0,0,0,270,3,0,0
0,12.58454,0,0,0,270,3,0,0
0,12.59139,0,0,0,270,3,0,0
0,12.59849,0,0,0,270,3,0,0
0,12.60485,0,0,0,270,3,0,0
0,12.61383,0,0,0,270,3,0,0
0,12.62064,0,0,0,270,3,0,0
0,12.62892,0,0,0,270,3,0,0
0,12.6359,0,0,0,270,3,0,0
0,12.64371,0,0,0,270,3,0,0
0,12.65012,0,0,0,270,3,0,0
0,12.65713,0,0,0,270,3,0,0
0,12.6635,0,0,0,270,3,0,0
0,12.67005,0,0,0,270,3,0,0
0,12.67699,0,0,0,270,3,0,0
0,12.68337,0,0,0,270,3,0,0
0,12.69022,0,0,0,270,3,0,0
0,12.69778,0,0,0,270,3,0,0
0,12.70481,0,0,0,270,3,0,0
0,12.71186,0,0,0,270,3,0,0
0,12.7185,0,0,0,270,3,0,0
0,12.72622,0,0,0,270,3,0,0
0,12.7357,0,0,0,270,3,0,0
0,12.74712,0,0,0,270,3,0,0
0,12.76032,0,0,0,270,3,0,0
0,12.7692,0,0,0,270,3,0,0
0,12.77652,0,0,0,270,3,0,0
0,12.78312,0,0,0,270,3,0,0
0,12.79058,0,0,0,270,3,0,0
0,12.79813,0,0,0,270,3,0,0
0,12.80549,0,0,0,270,3,0,0
0,12.8121,0,0,0,270,3,0,0
0,12.81863,0,0,0,270,3,0,0
0,12.8252,0,0,0,270,3,0,0
0,12.83259,0,0,0,270,3,0,0
0,12.83907,0,0,0,270,3,0,0
0,12.84721,0,0,0,270,3,0,0
0,12.85358,0,0,0,270,3,0,0
0,12.86024,0,0,0,270,3,0,0
0,12.86715,0,0,0,270,3,0,0
0,12.87642,0,0,0,270,3,0,0
0,12.89514,0,0,0,270,3,0,0
0,12.90299,0,0,0,270,3,0,0
0,12.91238,0,0,0,270,3,0,0
0,12.92107,0,0,0,270,3,0,0
0,12.92902,0,0,0,270,3,0,0
0,12.93709,0,0,0,270,3,0,0
0,12.94659,0,0,0,270,3,0,0
0,12.95585,0,0,0,270,3,0,0
0,12.96574,0,0,0,270,3,0,0
0,12.97673,0,0,0,270,3,0,0
0,12.98585,0,0,0,270,3,0,0
0,12.99503,0,0,0,270,3,0,0
0,13.00527,0,0,0,270,3,0,0
0,13.01615,0,0,0,270,3,0,0
0,13.02539,0,0,0,270,3,0,0
0,13.03526,0,0,0,270,3,0,0
0,13.04594,0,0,0,270,3,0,0
0,13.05517,0,0,0,270,3,0,0
0,13.06493,0,0,0,270,3,0,0
0,13.0738,0,0,0,270,3,0,0
0,13.08334,0,0,0,270,3,0,0
0,13.09164,0,0,0,270,3,0,0
0,13.10234,0,0,0,270,3,0,0
0,13.11231,0,0,0,270,3,0,0
0,13.12137,0,0,0,270,3,0,0
0,13.13316,0,0,0,270,3,0,0
0,13.14291,0,0,0,270,3,0,0
0,13.15154,0,0,0,270,3,0,0
0,13.16126,0,0,0,270,3,0,0
0,13.17396,0,0,0,270,3,0,0
0,13.18301,0,0,0,270,3,0,0
0,13.19243,0,0,0,270,3,0,0
0,13.20245,0,0,0,270,3,0,0
0,13.21409,0,0,0,270,3,0,0
0,13.22518,0,0,0,270,3,0,0
0,13.23516,0,0,0,270,3,0,0
0,13.24436,0,0,0,270,3,0,0
0,13.25472,0,0,0,270,3,0,0
0,13.26506,0,0,0,270,3,0,0
0,13.27359,0,0,0,270,3,0,0
0,13.28225,0,0,0,270,3,0,0
0,13.29102,0,0,0,270,3,0,0
0,13.29865,0,0,0,270,3,0,0
0,13.30581,0,0,0,270,3,0,0
0,13.31384,0,0,0,270,3,0,0
0,13.32135,0,0,0,270,3,0,0
0,13.32976,0,0,0,270,3,0,0
0,13.33826,0,0,0,270,3,0,0
0,13.34725,0,0,0,270,3,0,0
0,13.3552,0,0,0,270,3,0,0
0,13.36488,0,0,0,270,3,0,0
0,13.37422,0,0,0,270,3,0,0
0,13.38224,0,0,0,270,3,0,0
0,13.39096,0,0,0,270,3,0,0
0,13.39913,0,0,0,270,3,0,0
0,13.40592,0,0,0,270,3,0,0
0,13.41408,0,0,0,270,3,0,0
0,13.42107,0,0,0,270,3,0,0
0,13.42823,0,0,0,270,3,0,0
0,13.43647,0,0,0,270,3,0,0
0,13.44416,0,0,0,270,3,0,0
0,13.45203,0,0,0,270,3,0,0
0,13.45967,0,0,0,270,3,0,0
0,13.46767,0,0,0,270,3,0,0
0,13.47579,0,0,0,270,3,0,0
0,13.48275,0,0,0,270,3,0,0
0,13.48947,0,0,0,270,3,0,0
0,13.49615,0,0,0,270,3,0,0
0,13.5044,0,0,0,270,3,0,0
0,13.513,0,0,0,270,3,0,0
0,13.52234,0,0,0,270,3,0,0
0,13.5303,0,0,0,270,3,0,0
0,13.5383,0,0,0,270,3,0,0
0,13.54512,0,0,0,270,3,0,0
0,13.55218,0,0,0,270,3,0,0
0,13.55869,0,0,0,270,3,0,0
0,13.56677,0,0,0,270,3,0,0
0,13.5746,0,0,0,270,3,0,0
0,13.58259,0,0,0,270,3,0,0
0,13.58956,0,0,0,270,3,0,0
0,13.59668,0,0,0,270,3,0,0
0,13.60386,0,0,0,270,3,0,0
0,13.61147,0,0,0,270,3,0,0
0,13.61848,0,0,0,270,3,0,0
0,13.62693,0,0,0,270,3,0,0
0,13.6349,0,0,0,270,3,0,0
0,13.64178,0,0,0,270,3,0,0
0,13.64959,0,0,0,270,3,0,0
0,13.65701,0,0,0,270,3,0,0
0,13.66338,0,0,0,270,3,0,0
0,13.6701,0,0,0,270,3,0,0
0,13.67726,0,0,0,270,3,0,0
0,13.68372,0,0,0,270,3,0,0
0,13.69127,0,0,0,270,3,0,0
0,13.69792,0,0,0,270,3,0,0
0,13.70499,0,0,0,270,3,0,0
0,13.71151,0,0,0,270,3,0,0
0,13.71806,0,0,0,270,3,0,0
0,13.72498,0,0,0,270,3,0,0
0,13.73164,0,0,0,270,3,0,0
0,13.73821,0,0,0,270,3,0,0
0,13.74497,0,0,0,270,3,0,0
0,13.75211,0,0,0,270,3,0,0
0,13.76185,0,0,0,270,3,0,0
0,13.77257,0,0,0,270,3,0,0
0,13.7874,0,0,0,270,3,0,0
0,13.79444,0,0,0,270,3,0,0
0,13.80158,0,0,0,270,3,0,0
0,13.80841,0,0,0,270,3,0,0
0,13.81767,0,0,0,270,3,0,0
0,13.82517,0,0,0,270,3,0,0
0,13.83203,0,0,0,270,3,0,0
0,13.83867,0,0,0,270,3,0,0
0,13.84564,0,0,0,270,3,0,0
0,13.85387,0,0,0,270,3,0,0
0,13.86071,0,0,0,270,3,0,0
0,13.86927,0,0,0,270,3,0,0
0,13.87719,0,0,0,270,3,0,0
0,13.88356,0,0,0,270,3,0,0
0,13.89089,0,0,0,270,3,0,0
0,13.89784,0,0,0,270,3,0,0
0,13.90426,0,0,0,270,3,0,0
0,13.9114,0,0,0,270,3,0,0
0,13.91819,0,0,0,270,3,0,0
0,13.92484,0,0,0,270,3,0,0
0,13.93195,0,0,0,270,3,0,0
0,13.93868,0,0,0,270,3,0,0
0,13.94585,0,0,0,270,3,0,0
0,13.95255,0,0,0,270,3,0,0
0,13.95956,0,0,0,270,3,0,0
0,13.96607,0,0,0,270,3,0,0
0,13.9739,0,0,0,270,3,0,0
0,13.98189,0,0,0,270,3,0,0
0,13.98894,0,0,0,270,3,0,0
0,13.99686,0,0,0,270,3,0,0
0,14.00694,0,0,0,270,3,0,0
0,14.0162,0,0,0,270,3,0,0
0,14.02638,0,0,0,270,3,0,0
0,14.03727,0,0,0,270,3,0,0
0,14.04599,0,0,0,270,3,0,0
0,14.05526,0,0,0,270,3,0,0
0,14.06216,0,0,0,270,3,0,0
0,14.07248,0,0,0,270,3,0,0
0,14.0821,0,0,0,270,3,0,0
0,14.09172,0,0,0,270,3,0,0
0,14.10409,0,0,0,270,3,0,0
0,14.11487,0,0,0,270,3,0,0
0,14.12479,0,0,0,270,3,0,0
0,14.13556,0,0,0,270,3,0,0
0,14.14526,0,0,0,270,3,0,0
0,14.1551,0,0,0,270,3,0,0
0,14.16636,0,0,0,270,3,0,0
0,14.17746,0,0,0,270,3,0,0
0,14.18972,0,0,0,270,3,0,0
0,14.20059,0,0,0,270,3,0,0
0,14.21042,0,0,0,270,3,0,0
0,14.22065,0,0,0,270,3,0,0
0,14.23193,0,0,0,270,3,0,0
0,14.24185,0,0,0,270,3,0,0
0,14.2519,0,0,0,270,3,0,0
0,14.26141,0,0,0,270,3,0,0
0,14.27179,0,0,0,270,3,0,0
0,14.28176,0,0,0,270,3,0,0
0,14.30394,0,0,0,270,3,0,0
0,14.31486,0,0,0,270,3,0,0
0,14.32432,0,0,0,270,3,0,0
0,14.33418,0,0,0,270,3,0,0
0,14.34375,0,0,0,270,3,0,0
0,14.35574,0,0,0,270,3,0,0
0,14.36527,0,0,0,270,3,0,0
0,14.37359,0,0,0,270,3,0,0
0,14.38333,0,0,0,270,3,0,0
0,14.39524,0,0,0,270,3,0,0
0,14.40434,0,0,0,270,3,0,0
0,14.4136,0,0,0,270,3,0,0
0,14.42076,0,0,0,270,3,0,0
0,14.42971,0,0,0,270,3,0,0
0,14.43748,0,0,0,270,3,0,0
0,14.44665,0,0,0,270,3,0,0
0,14.45663,0,0,0,270,3,0,0
0,14.46595,0,0,0,270,3,0,0
0,14.47573,0,0,0,270,3,0,0
0,14.48363,0,0,0,270,3,0,0
0,14.49391,0,0,0,270,3,0,0
0,14.50309,0,0,0,270,3,0,0
0,14.5122,0,0,0,270,3,0,0
0,14.52089,0,0,0,270,3,0,0
0,14.52941,0,0,0,270,3,0,0
0,14.5387,0,0,0,270,3,0,0
0,14.54749,0,0,0,270,3,0,0
0,14.55593,0,0,0,270,3,0,0
0,14.56482,0,0,0,270,3,0,0
0,14.57345,0,0,0,270,3,0,0
0,14.5817,0,0,0,270,3,0,0
0,14.5894,0,0,0,270,3,0,0
0,14.59969,0,0,0,270,3,0,0
0,14.60648,0,0,0,270,3,0,0
0,14.61433,0,0,0,270,3,0,0
0,14.6215,0,0,0,270,3,0,0
0,14.63041,0,0,0,270,3,0,0
0,14.63734,0,0,0,270,3,0,0
0,14.64427,0,0,0,270,3,0,0
0,14.65076,0,0,0,270,3,0,0
0,14.65879,0,0,0,270,3,0,0
0,14.66549,0,0,0,270,3,0,0
0,14.67163,0,0,0,270,3,0,0
0,14.67839,0,0,0,270,3,0,0
0,14.68477,0,0,0,270,3,0,0
0,14.69193,0,0,0,270,3,0,0
0,14.69888,0,0,0,270,3,0,0
0,14.70578,0,0,0,270,3,0,0
0,14.71296,0,0,0,270,3,0,0
0,14.71996,0,0,0,270,3,0,0
0,14.72681,0,0,0,270,3,0,0
0,14.73425,0,0,0,270,3,0,0
0,14.74172,0,0,0,270,3,0,0
0,14.74859,0,0,0,270,3,0,0
0,14.75553,0,0,0,270,3,0,0
0,14.76356,0,0,0,270,3,0,0
0,14.77305,0,0,0,270,3,0,0
0,14.78491,0,0,0,270,3,0,0
0,14.79614,0,0,0,270,3,0,0
0,14.81112,0,0,0,270,3,0,0
0,14.82187,0,0,0,270,3,0,0
0,14.8296,0,0,0,270,3,0,0
0,14.83707,0,0,0,270,3,0,0
0,14.84386,0,0,0,270,3,0,0
0,14.85069,0,0,0,270,3,0,0
0,14.8579,0,0,0,270,3,0,0
0,14.86666,0,0,0,270,3,0,0
0,14.87424,0,0,0,270,3,0,0
0,14.88148,0,0,0,270,3,0,0
0,14.8883,0,0,0,270,3,0,0
0,14.89645,0,0,0,270,3,0,0
0,14.90391,0,0,0,270,3,0,0
0,14.91152,0,0,0,270,3,0,0
0,14.91843,0,0,0,270,3,0,0
0,14.92634,0,0,0,270,3,0,0
0,14.93377,0,0,0,270,3,0,0
0,14.94059,0,0,0,270,3,0,0
0,14.94864,0,0,0,270,3,0,0
0,14.95612,0,0,0,270,3,0,0
0,14.96455,0,0,0,270,3,0,0
0,14.97184,0,0,0,270,3,0,0
0,14.97977,0,0,0,270,3,0,0
0,14.98767,0,0,0,270,3,0,0
0,14.99675,0,0,0,270,3,0,0
0,15.00626,0,0,0,270,3,0,0
0,15.01484,0,0,0,270,3,0,0
0,15.02361,0,0,0,270,3,0,0
0,15.03083,0,0,0,270,3,0,0
0,15.03893,0,0,0,270,3,0,0
0,15.04772,0,0,0,270,3,0,0
0,15.05624,0,0,0,270,3,0,0
0,15.06371,0,0,0,270,3,0,0
0,15.07206,0,0,0,270,3,0,0
0,15.07964,0,0,0,270,3,0,0
0,15.08876,0,0,0,270,3,0,0
0,15.09663,0,0,0,270,3,0,0
0,15.10499,0,0,0,270,3,0,0
0,15.11425,0,0,0,270,3,0,0
0,15.12326,0,0,0,270,3,0,0
0,15.13276,0,0,0,270,3,0,0
0,15.14094,0,0,0,270,3,0,0
0,15.15142,0,0,0,270,3,0,0
0,15.15999,0,0,0,270,3,0,0
0,15.16943,0,0,0,270,3,0,0
0,15.17824,0,0,0,270,3,0,0
0,15.18791,0,0,0,270,3,0,0
0,15.19685,0,0,0,270,3,0,0
0,15.20786,0,0,0,270,3,0,0
0,15.22006,0,0,0,270,3,0,0
0,15.23039,0,0,0,270,3,0,0
0,15.24086,0,0,0,270,3,0,0
0,15.25157,0,0,0,270,3,0,0
0,15.26135,0,0,0,270,3,0,0
0,15.27229,0,0,0,270,3,0,0
0,15.28085,0,0,0,270,3,0,0
0,15.291,0,0,0,270,3,0,0
0,15.30175,0,0,0,270,3,0,0
0,15.31262,0,0,0,270,3,0,0
0,15.32309,0,0,0,270,3,0,0
0,15.33381,0,0,0,270,3,0,0
0,15.34389,0,0,0,270,3,0,0
0,15.35315,0,0,0,270,3,0,0
0,15.36381,0,0,0,270,3,0,0
0,15.37397,0,0,0,270,3,0,0
0,15.38376,0,0,0,270,3,0,0
0,15.39514,0,0,0,270,3,0,0
0,15.4057,0,0,0,270,3,0,0
0,15.41682,0,0,0,270,3,0,0
0,15.42921,0,0,0,270,3,0,0
0,15.43931,0,0,0,270,3,0,0
0,15.4495,0,0,0,270,3,0,0
0,15.45969,0,0,0,270,3,0,0
0,15.46976,0,0,0,270,3,0,0
0,15.47926,0,0,0,270,3,0,0
0,15.49035,0,0,0,270,3,0,0
0,15.50027,0,0,0,270,3,0,0
0,15.51135,0,0,0,270,3,0,0
0,15.52106,0,0,0,270,3,0,0
0,15.53003,0,0,0,270,3,0,0
0,15.53899,0,0,0,270,3,0,0
0,15.54841,0,0,0,270,3,0,0
0,15.55884,0,0,0,270,3,0,0
0,15.56969,0,0,0,270,3,0,0
0,15.57939,0,0,0,270,3,0,0
0,15.58943,0,0,0,270,3,0,0
0,15.5993,0,0,0,270,3,0,0
0,15.60809,0,0,0,270,3,0,0
0,15.61768,0,0,0,270,3,0,0
0,15.63286,0,0,0,270,3,0,0
0,15.64406,0,0,0,270,3,0,0
0,15.65363,0,0,0,270,3,0,0
0,15.66242,0,0,0,270,3,0,0
0,15.67121,0,0,0,270,3,0,0
0,15.67936,0,0,0,270,3,0,0
0,15.68835,0,0,0,270,3,0,0
0,15.69549,0,0,0,270,3,0,0
0,15.7047,0,0,0,270,3,0,0
0,15.71283,0,0,0,270,3,0,0
0,15.72104,0,0,0,270,3,0,0
0,15.72808,0,0,0,270,3,0,0
0,15.73648,0,0,0,270,3,0,0
0,15.74522,0,0,0,270,3,0,0
0,15.75494,0,0,0,270,3,0,0
0,15.7631,0,0,0,270,3,0,0
0,15.78041,0,0,0,270,3,0,0
0,15.78784,0,0,0,270,3,0,0
0,15.79444,0,0,0,270,3,0,0
0,15.80353,0,0,0,270,3,0,0
0,15.81629,0,0,0,270,3,0,0
0,15.82529,0,0,0,270,3,0,0
0,15.83685,0,0,0,270,3,0,0
0,15.84721,0,0,0,270,3,0,0
0,15.85462,0,0,0,270,3,0,0
0,15.86235,0,0,0,270,3,0,0
0,15.8694,0,0,0,270,3,0,0
0,15.87594,0,0,0,270,3,0,0
0,15.8832,0,0,0,270,3,0,0
0,15.89097,0,0,0,270,3,0,0
0,15.89867,0,0,0,270,3,0,0
0,15.90521,0,0,0,270,3,0,0
0,15.91187,0,0,0,270,3,0,0
0,15.91822,0,0,0,270,3,0,0
0,15.92647,0,0,0,270,3,0,0
0,15.93319,0,0,0,270,3,0,0
0,15.9401,0,0,0,270,3,0,0
0,15.94675,0,0,0,270,3,0,0
0,15.95388,0,0,0,270,3,0,0
0,15.96051,0,0,0,270,3,0,0
0,15.96725,0,0,0,270,3,0,0
0,15.97399,0,0,0,270,3,0,0
0,15.98071,0,0,0,270,3,0,0
0,15.98939,0,0,0,270,3,0,0
0,15.99671,0,0,0,270,3,0,0
0,16.00536,0,0,0,270,3,0,0
0,16.01287,0,0,0,270,3,0,0
0,16.02108,0,0,0,270,3,0,0
0,16.0278,0,0,0,270,3,0,0
0,16.03741,0,0,0,270,3,0,0
0,16.04469,0,0,0,270,3,0,0
0,16.05428,0,0,0,270,3,0,0
0,16.06148,0,0,0,270,3,0,0
0,16.06945,0,0,0,270,3,0,0
0,16.07666,0,0,0,270,3,0,0
0,16.08451,0,0,0,270,3,0,0
0,16.09241,0,0,0,270,3,0,0
0,16.09958,0,0,0,270,3,0,0
0,16.10715,0,0,0,270,3,0,0
0,16.11578,0,0,0,270,3,0,0
0,16.12288,0,0,0,270,3,0,0
0,16.12912,0,0,0,270,3,0,0
0,16.13622,0,0,0,270,3,0,0
0,16.14396,0,0,0,270,3,0,0
0,16.15127,0,0,0,270,3,0,0
0,16.15855,0,0,0,270,3,0,0
0,16.16569,0,0,0,270,3,0,0
0,16.17355,0,0,0,270,3,0,0
0,16.18217,0,0,0,270,3,0,0
0,16.18924,0,0,0,270,3,0,0
0,16.19556,0,0,0,270,3,0,0
0,16.20213,0,0,0,270,3,0,0
0,16.20966,0,0,0,270,3,0,0
0,16.21616,0,0,0,270,3,0,0
0,16.2234,0,0,0,270,3,0,0
0,16.23047,0,0,0,270,3,0,0
0,16.23977,0,0,0,270,3,0,0
0,16.24754,0,0,0,270,3,0,0
0,16.25579,0,0,0,270,3,0,0
0,16.26372,0,0,0,270,3,0,0
0,16.27333,0,0,0,270,3,0,0
0,16.28086,0,0,0,270,3,0,0
0,16.28881,0,0,0,270,3,0,0
0,16.29787,0,0,0,270,3,0,0
0,16.30717,0,0,0,270,3,0,0
0,16.31518,0,0,0,270,3,0,0
0,16.32429,0,0,0,270,3,0,0
0,16.33437,0,0,0,270,3,0,0
0,16.34403,0,0,0,270,3,0,0
0,16.35241,0,0,0,270,3,0,0
0,16.36206,0,0,0,270,3,0,0
0,16.37319,0,0,0,270,3,0,0
0,16.38206,0,0,0,270,3,0,0
0,16.39149,0,0,0,270,3,0,0
0,16.40168,0,0,0,270,3,0,0
0,16.41117,0,0,0,270,3,0,0
0,16.42076,0,0,0,270,3,0,0
0,16.43011,0,0,0,270,3,0,0
0,16.4408,0,0,0,270,3,0,0
0,16.45098,0,0,0,270,3,0,0
0,16.46123,0,0,0,270,3,0,0
0,16.47118,0,0,0,270,3,0,0
0,16.48027,0,0,0,270,3,0,0
0,16.49025,0,0,0,270,3,0,0
0,16.49895,0,0,0,270,3,0,0
0,16.5076,0,0,0,270,3,0,0
0,16.51768,0,0,0,270,3,0,0
0,16.52625,0,0,0,270,3,0,0
0,16.53513,0,0,0,270,3,0,0
0,16.54454,0,0,0,270,3,0,0
0,16.55435,0,0,0,270,3,0,0
0,16.56306,0,0,0,270,3,0,0
0,16.57614,0,0,0,270,3,0,0
0,16.58749,0,0,0,270,3,0,0
0,16.59604,0,0,0,270,3,0,0
0,16.60501,0,0,0,270,3,0,0
0,16.61388,0,0,0,270,3,0,0
0,16.62181,0,0,0,270,3,0,0
0,16.63173,0,0,0,270,3,0,0
0,16.63961,0,0,0,270,3,0,0
0,16.64806,0,0,0,270,3,0,0
0,16.65962,0,0,0,270,3,0,0
0,16.67011,0,0,0,270,3,0,0
0,16.6799,0,0,0,270,3,0,0
0,16.68906,0,0,0,270,3,0,0
0,16.69611,0,0,0,270,3,0,0
0,16.70501,0,0,0,270,3,0,0
0,16.71373,0,0,0,270,3,0,0
0,16.72178,0,0,0,270,3,0,0
0,16.72863,0,0,0,270,3,0,0
0,16.73693,0,0,0,270,3,0,0
0,16.74592,0,0,0,270,3,0,0
0,16.75434,0,0,0,270,3,0,0
0,16.76247,0,0,0,270,3,0,0
0,16.77244,0,0,0,270,3,0,0
0,16.78133,0,0,0,270,3,0,0
0,16.78967,0,0,0,270,3,0,0
0,16.79874,0,0,0,270,3,0,0
0,16.80546,0,0,0,270,3,0,0
0,16.81395,0,0,0,270,3,0,0
0,16.8205,0,0,0,270,3,0,0
0,16.82819,0,0,0,270,3,0,0
0,16.83975,0,0,0,270,3,0,0
0,16.8504,0,0,0,270,3,0,0
0,16.86209,0,0,0,270,3,0,0
0,16.8737,0,0,0,270,3,0,0
0,16.88351,0,0,0,270,3,0,0
0,16.89195,0,0,0,270,3,0,0
0,16.90016,0,0,0,270,3,0,0
0,16.90798,0,0,0,270,3,0,0
0,16.91487,0,0,0,270,3,0,0
0,16.92231,0,0,0,270,3,0,0
0,16.92935,0,0,0,270,3,0,0
0,16.9363,0,0,0,270,3,0,0
0,16.94351,0,0,0,270,3,0,0
0,16.95009,0,0,0,270,3,0,0
0,16.95723,0,0,0,270,3,0,0
0,16.96388,0,0,0,270,3,0,0
0,16.97128,0,0,0,270,3,0,0
0,16.97789,0,0,0,270,3,0,0
0,16.98549,0,0,0,270,3,0,0
0,16.99525,0,0,0,270,3,0,0
0,17.00257,0,0,0,270,3,0,0
0,17.00973,0,0,0,270,3,0,0
0,17.01805,0,0,0,270,3,0,0
0,17.02502,0,0,0,270,3,0,0
0,17.03259,0,0,0,270,3,0,0
0,17.0393,0,0,0,270,3,0,0
0,17.04725,0,0,0,270,3,0,0
0,17.05576,0,0,0,270,3,0,0
0,17.06628,0,0,0,270,3,0,0
0,17.07386,0,0,0,270,3,0,0
0,17.0815,0,0,0,270,3,0,0
0,17.08796,0,0,0,270,3,0,0
0,17.09504,0,0,0,270,3,0,0
0,17.10166,0,0,0,270,3,0,0
0,17.10831,0,0,0,270,3,0,0
0,17.11602,0,0,0,270,3,0,0
0,17.1232,0,0,0,270,3,0,0
0,17.13004,0,0,0,270,3,0,0
0,17.13708,0,0,0,270,3,0,0
0,17.15263,0,0,0,270,3,0,0
0,17.15967,0,0,0,270,3,0,0
0,17.16655,0,0,0,270,3,0,0
0,17.1742,0,0,0,270,3,0,0
0,17.18093,0,0,0,270,3,0,0
0,17.18816,0,0,0,270,3,0,0
0,17.19624,0,0,0,270,3,0,0
0,17.20422,0,0,0,270,3,0,0
0,17.21206,0,0,0,270,3,0,0
0,17.21951,0,0,0,270,3,0,0
0,17.22723,0,0,0,270,3,0,0
0,17.23484,0,0,0,270,3,0,0
0,17.24358,0,0,0,270,3,0,0
0,17.25049,0,0,0,270,3,0,0
0,17.25796,0,0,0,270,3,0,0
0,17.2665,0,0,0,270,3,0,0
0,17.27465,0,0,0,270,3,0,0
0,17.28246,0,0,0,270,3,0,0
0,17.2893,0,0,0,270,3,0,0
0,17.29681,0,0,0,270,3,0,0
0,17.30488,0,0,0,270,3,0,0
0,17.31205,0,0,0,270,3,0,0
0,17.3194,0,0,0,270,3,0,0
0,17.32799,0,0,0,270,3,0,0
0,17.33603,0,0,0,270,3,0,0
0,17.3438,0,0,0,270,3,0,0
0,17.35024,0,0,0,270,3,0,0
0,17.35666,0,0,0,270,3,0,0
0,17.36393,0,0,0,270,3,0,0
0,17.37081,0,0,0,270,3,0,0
0,17.37834,0,0,0,270,3,0,0
0,17.38486,0,0,0,270,3,0,0
0,17.39428,0,0,0,270,3,0,0
0,17.40363,0,0,0,270,3,0,0
0,17.41262,0,0,0,270,3,0,0
0,17.42048,0,0,0,270,3,0,0
0,17.42974,0,0,0,270,3,0,0
0,17.43984,0,0,0,270,3,0,0
0,17.44801,0,0,0,270,3,0,0
0,17.45686,0,0,0,270,3,0,0
0,17.46537,0,0,0,270,3,0,0
0,17.47763,0,0,0,270,3,0,0
0,17.48896,0,0,0,270,3,0,0
0,17.49926,0,0,0,270,3,0,0
0,17.51041,0,0,0,270,3,0,0
0,17.52154,0,0,0,270,3,0,0
0,17.53037,0,0,0,270,3,0,0
0,17.54114,0,0,0,270,3,0,0
0,17.55128,0,0,0,270,3,0,0
0,17.56055,0,0,0,270,3,0,0
0,17.57043,0,0,0,270,3,0,0
0,17.58031,0,0,0,270,3,0,0
0,17.59204,0,0,0,270,3,0,0
0,17.60152,0,0,0,270,3,0,0
0,17.61071,0,0,0,270,3,0,0
0,17.62137,0,0,0,270,3,0,0
0,17.63159,0,0,0,270,3,0,0
0,17.64133,0,0,0,270,3,0,0
0,17.65183,0,0,0,270,3,0,0
0,17.66178,0,0,0,270,3,0,0
0,17.6707,0,0,0,270,3,0,0
0,17.6831,0,0,0,270,3,0,0
0,17.6922,0,0,0,270,3,0,0
0,17.70205,0,0,0,270,3,0,0
0,17.71156,0,0,0,270,3,0,0
0,17.72125,0,0,0,270,3,0,0
0,17.73084,0,0,0,270,3,0,0
0,17.74057,0,0,0,270,3,0,0
0,17.75027,0,0,0,270,3,0,0
0,17.75994,0,0,0,270,3,0,0
0,17.76812,0,0,0,270,3,0,0
0,17.77662,0,0,0,270,3,0,0
0,17.78458,0,0,0,270,3,0,0
0,17.79223,0,0,0,270,3,0,0
0,17.80192,0,0,0,270,3,0,0
0,17.80985,0,0,0,270,3,0,0
0,17.81873,0,0,0,270,3,0,0
0,17.82695,0,0,0,270,3,0,0
0,17.83658,0,0,0,270,3,0,0
0,17.84521,0,0,0,270,3,0,0
0,17.8569,0,0,0,270,3,0,0
0,17.86793,0,0,0,270,3,0,0
0,17.87657,0,0,0,270,3,0,0
0,17.8922,0,0,0,270,3,0,0
0,17.90223,0,0,0,270,3,0,0
0,17.91166,0,0,0,270,3,0,0
0,17.92232,0,0,0,270,3,0,0
0,17.92972,0,0,0,270,3,0,0
0,17.93805,0,0,0,270,3,0,0
0,17.94596,0,0,0,270,3,0,0
0,17.95381,0,0,0,270,3,0,0
0,17.96038,0,0,0,270,3,0,0
0,17.96893,0,0,0,270,3,0,0
0,17.97601,0,0,0,270,3,0,0
0,17.98436,0,0,0,270,3,0,0
0,17.99221,0,0,0,270,3,0,0
0,18.00031,0,0,0,270,3,0,0
0,18.00745,0,0,0,270,3,0,0
0,18.01568,0,0,0,270,3,0,0
0,18.02425,0,0,0,270,3,0,0
0,18.03176,0,0,0,270,3,0,0
0,18.03852,0,0,0,270,3,0,0
0,18.04557,0,0,0,270,3,0,0
0,18.05373,0,0,0,270,3,0,0
0,18.06021,0,0,0,270,3,0,0
0,18.06806,0,0,0,270,3,0,0
0,18.07591,0,0,0,270,3,0,0
0,18.08386,0,0,0,270,3,0,0
0,18.09435,0,0,0,270,3,0,0
0,18.1015,0,0,0,270,3,0,0
0,18.10825,0,0,0,270,3,0,0
0,18.1157,0,0,0,270,3,0,0
0,18.12257,0,0,0,270,3,0,0
0,18.12912,0,0,0,270,3,0,0
0,18.13573,0,0,0,270,3,0,0
0,18.14261,0,0,0,270,3,0,0
0,18.14951,0,0,0,270,3,0,0
0,18.15727,0,0,0,270,3,0,0
0,18.16453,0,0,0,270,3,0,0
0,18.17147,0,0,0,270,3,0,0
0,18.17866,0,0,0,270,3,0,0
0,18.18512,0,0,0,270,3,0,0
0,18.19218,0,0,0,270,3,0,0
0,18.19915,0,0,0,270,3,0,0
0,18.20743,0,0,0,270,3,0,0
0,18.21473,0,0,0,270,3,0,0
0,18.22246,0,0,0,270,3,0,0
0,18.22892,0,0,0,270,3,0,0
0,18.23715,0,0,0,270,3,0,0
0,18.24456,0,0,0,270,3,0,0
0,18.25283,0,0,0,270,3,0,0
0,18.26015,0,0,0,270,3,0,0
0,18.26896,0,0,0,270,3,0,0
0,18.27727,0,0,0,270,3,0,0
0,18.28425,0,0,0,270,3,0,0
0,18.29253,0,0,0,270,3,0,0
0,18.30116,0,0,0,270,3,0,0
0,18.30777,0,0,0,270,3,0,0
0,18.31605,0,0,0,270,3,0,0
0,18.32301,0,0,0,270,3,0,0
0,18.3301,0,0,0,270,3,0,0
0,18.33665,0,0,0,270,3,0,0
0,18.34439,0,0,0,270,3,0,0
0,18.35081,0,0,0,270,3,0,0
0,18.35769,0,0,0,270,3,0,0
0,18.36455,0,0,0,270,3,0,0
0,18.37101,0,0,0,270,3,0,0
0,18.37874,0,0,0,270,3,0,0
0,18.38576,0,0,0,270,3,0,0
0,18.39397,0,0,0,270,3,0,0
0,18.40158,0,0,0,270,3,0,0
0,18.40953,0,0,0,270,3,0,0
0,18.41648,0,0,0,270,3,0,0
0,18.42606,0,0,0,270,3,0,0
0,18.433,0,0,0,270,3,0,0
0,18.44024,0,0,0,270,3,0,0
0,18.4466,0,0,0,270,3,0,0
0,18.45387,0,0,0,270,3,0,0
0,18.46017,0,0,0,270,3,0,0
0,18.46682,0,0,0,270,3,0,0
0,18.47454,0,0,0,270,3,0,0
0,18.48105,0,0,0,270,3,0,0
0,18.48892,0,0,0,270,3,0,0
0,18.49683,0,0,0,270,3,0,0
0,18.50563,0,0,0,270,3,0,0
0,18.52454,0,0,0,270,3,0,0
0,18.53549,0,0,0,270,3,0,0
0,18.54405,0,0,0,270,3,0,0
0,18.55258,0,0,0,270,3,0,0
0,18.56143,0,0,0,270,3,0,0
0,18.56891,0,0,0,270,3,0,0
0,18.5761,0,0,0,270,3,0,0
0,18.58485,0,0,0,270,3,0,0
0,18.5942,0,0,0,270,3,0,0
0,18.60305,0,0,0,270,3,0,0
0,18.61342,0,0,0,270,3,0,0
0,18.62459,0,0,0,270,3,0,0
0,18.63536,0,0,0,270,3,0,0
0,18.64565,0,0,0,270,3,0,0
0,18.65524,0,0,0,270,3,0,0
0,18.66477,0,0,0,270,3,0,0
0,18.67484,0,0,0,270,3,0,0
0,18.68406,0,0,0,270,3,0,0
0,18.69383,0,0,0,270,3,0,0
0,18.70698,0,0,0,270,3,0,0
0,18.7165,0,0,0,270,3,0,0
0,18.72696,0,0,0,270,3,0,0
0,18.73695,0,0,0,270,3,0,0
0,18.74707,0,0,0,270,3,0,0
0,18.75697,0,0,0,270,3,0,0
0,18.76589,0,0,0,270,3,0,0
0,18.77514,0,0,0,270,3,0,0
0,18.7843,0,0,0,270,3,0,0
0,18.79277,0,0,0,270,3,0,0
0,18.80193,0,0,0,270,3,0,0
0,18.811,0,0,0,270,3,0,0
0,18.81956,0,0,0,270,3,0,0
0,18.82804,0,0,0,270,3,0,0
0,18.83683,0,0,0,270,3,0,0
0,18.84623,0,0,0,270,3,0,0
0,18.85529,0,0,0,270,3,0,0
0,18.8659,0,0,0,270,3,0,0
0,18.87803,0,0,0,270,3,0,0
0,18.89132,0,0,0,270,3,0,0
0,18.90146,0,0,0,270,3,0,0
0,18.91641,0,0,0,270,3,0,0
0,18.92767,0,0,0,270,3,0,0
0,18.93587,0,0,0,270,3,0,0
0,18.94516,0,0,0,270,3,0,0
0,18.95462,0,0,0,270,3,0,0
0,18.96255,0,0,0,270,3,0,0
0,18.97182,0,0,0,270,3,0,0
0,18.97949,0,0,0,270,3,0,0
0,18.98891,0,0,0,270,3,0,0
0,18.99868,0,0,0,270,3,0,0
0,19.00689,0,0,0,270,3,0,0
0,19.01808,0,0,0,270,3,0,0
0,19.02711,0,0,0,270,3,0,0
0,19.03565,0,0,0,270,3,0,0
0,19.04334,0,0,0,270,3,0,0
0,19.05249,0,0,0,270,3,0,0
0,19.0602,0,0,0,270,3,0,0
0,19.06736,0,0,0,270,3,0,0
0,19.0743,0,0,0,270,3,0,0
0,19.084,0,0,0,270,3,0,0
0,19.09303,0,0,0,270,3,0,0
0,19.10147,0,0,0,270,3,0,0
0,19.11171,0,0,0,270,3,0,0
0,19.1189,0,0,0,270,3,0,0
0,19.12716,0,0,0,270,3,0,0
0,19.13404,0,0,0,270,3,0,0
0,19.14269,0,0,0,270,3,0,0
0,19.15076,0,0,0,270,3,0,0
0,19.15892,0,0,0,270,3,0,0
0,19.16586,0,0,0,270,3,0,0
0,19.17297,0,0,0,270,3,0,0
0,19.17982,0,0,0,270,3,0,0
0,19.18752,0,0,0,270,3,0,0
0,19.19424,0,0,0,270,3,0,0
0,19.20121,0,0,0,270,3,0,0
0,19.20845,0,0,0,270,3,0,0
0,19.2157,0,0,0,270,3,0,0
0,19.2254,0,0,0,270,3,0,0
0,19.23272,0,0,0,270,3,0,0
0,19.23983,0,0,0,270,3,0,0
0,19.24656,0,0,0,270,3,0,0
0,19.25403,0,0,0,270,3,0,0
0,19.26126,0,0,0,270,3,0,0
0,19.26841,0,0,0,270,3,0,0
0,19.27559,0,0,0,270,3,0,0
0,19.28316,0,0,0,270,3,0,0
0,19.28991,0,0,0,270,3,0,0
0,19.29722,0,0,0,270,3,0,0
0,19.30509,0,0,0,270,3,0,0
0,19.31479,0,0,0,270,3,0,0
0,19.32166,0,0,0,270,3,0,0
0,19.32896,0,0,0,270,3,0,0
0,19.33641,0,0,0,270,3,0,0
0,19.3435,0,0,0,270,3,0,0
0,19.34969,0,0,0,270,3,0,0
0,19.35608,0,0,0,270,3,0,0
0,19.36372,0,0,0,270,3,0,0
0,19.37047,0,0,0,270,3,0,0
0,19.3778,0,0,0,270,3,0,0
0,19.38449,0,0,0,270,3,0,0
0,19.39173,0,0,0,270,3,0,0
0,19.39849,0,0,0,270,3,0,0
0,19.40553,0,0,0,270,3,0,0
0,19.41312,0,0,0,270,3,0,0
0,19.42062,0,0,0,270,3,0,0
0,19.42788,0,0,0,270,3,0,0
0,19.4349,0,0,0,270,3,0,0
0,19.44265,0,0,0,270,3,0,0
0,19.44915,0,0,0,270,3,0,0
0,19.45706,0,0,0,270,3,0,0
0,19.46444,0,0,0,270,3,0,0
0,19.47169,0,0,0,270,3,0,0
0,19.47902,0,0,0,270,3,0,0
0,19.48806,0,0,0,270,3,0,0
0,19.4952,0,0,0,270,3,0,0
0,19.50258,0,0,0,270,3,0,0
0,19.50911,0,0,0,270,3,0,0
0,19.51818,0,0,0,270,3,0,0
0,19.52457,0,0,0,270,3,0,0
0,19.53161,0,0,0,270,3,0,0
0,19.53913,0,0,0,270,3,0,0
0,19.54634,0,0,0,270,3,0,0
0,19.55646,0,0,0,270,3,0,0
0,19.56452,0,0,0,270,3,0,0
0,19.57077,0,0,0,270,3,0,0
0,19.57755,0,0,0,270,3,0,0
0,19.58563,0,0,0,270,3,0,0
0,19.59273,0,0,0,270,3,0,0
0,19.60025,0,0,0,270,3,0,0
0,19.6074,0,0,0,270,3,0,0
0,19.61519,0,0,0,270,3,0,0
0,19.62292,0,0,0,270,3,0,0
0,19.63202,0,0,0,270,3,0,0
0,19.63946,0,0,0,270,3,0,0
0,19.6506,0,0,0,270,3,0,0
0,19.66089,0,0,0,270,3,0,0
0,19.67018,0,0,0,270,3,0,0
0,19.6809,0,0,0,270,3,0,0
0,19.69104,0,0,0,270,3,0,0
0,19.69954,0,0,0,270,3,0,0
0,19.70831,0,0,0,270,3,0,0
0,19.71648,0,0,0,270,3,0,0
0,19.72653,0,0,0,270,3,0,0
0,19.73599,0,0,0,270,3,0,0
0,19.74601,0,0,0,270,3,0,0
0,19.75589,0,0,0,270,3,0,0
0,19.76535,0,0,0,270,3,0,0
0,19.77505,0,0,0,270,3,0,0
0,19.78463,0,0,0,270,3,0,0
0,19.79346,0,0,0,270,3,0,0
0,19.80422,0,0,0,270,3,0,0
0,19.81445,0,0,0,270,3,0,0
0,19.82403,0,0,0,270,3,0,0
0,19.83675,0,0,0,270,3,0,0
0,19.84972,0,0,0,270,3,0,0
0,19.86153,0,0,0,270,3,0,0
0,19.87245,0,0,0,270,3,0,0
0,19.88337,0,0,0,270,3,0,0
0,19.896,0,0,0,270,3,0,0
0,19.90836,0,0,0,270,3,0,0
0,19.92329,0,0,0,270,3,0,0
0,19.93709,0,0,0,270,3,0,0
0,19.95176,0,0,0,270,3,0,0
0,19.96252,0,0,0,270,3,0,0
0,19.97357,0,0,0,270,3,0,0
0,19.98325,0,0,0,270,3,0,0
0,20.00331,0,0,0,270,3,0,0
0,20.01188,0,0,0,270,3,0,0
0,20.02308,0,0,0,270,3,0,0
0,20.03314,0,0,0,270,3,0,0
0,20.04433,0,0,0,270,3,0,0
0,20.05616,0,0,0,270,3,0,0
0,20.0666,0,0,0,270,3,0,0
0,20.07647,0,0,0,270,3,0,0
0,20.08487,0,0,0,270,3,0,0
0,20.09489,0,0,0,270,3,0,0
0,20.10541,0,0,0,270,3,0,0
0,20.1157,0,0,0,270,3,0,0
0,20.12584,0,0,0,270,3,0,0
0,20.13831,0,0,0,270,3,0,0
0,20.14695,0,0,0,270,3,0,0
0,20.15602,0,0,0,270,3,0,0
0,20.16579,0,0,0,270,3,0,0
0,20.17592,0,0,0,270,3,0,0
0,20.18465,0,0,0,270,3,0,0
0,20.1946,0,0,0,270,3,0,0
0,20.20338,0,0,0,270,3,0,0
0,20.21167,0,0,0,270,3,0,0
0,20.22067,0,0,0,270,3,0,0
0,20.22875,0,0,0,270,3,0,0
0,20.23706,0,0,0,270,3,0,0
0,20.24593,0,0,0,270,3,0,0
0,20.25456,0,0,0,270,3,0,0
0,20.26256,0,0,0,270,3,0,0
0,20.27731,0,0,0,270,3,0,0
0,20.28931,0,0,0,270,3,0,0
0,20.29789,0,0,0,270,3,0,0
0,20.33462,0,0,0,270,3,0,0
0,20.3671,0,0,0,270,3,0,0
0,20.38147,0,0,0,270,3,0,0
0,20.39139,0,0,0,270,3,0,0
0,20.40034,0,0,0,270,3,0,0
0,20.41052,0,0,0,270,3,0,0
0,20.41854,0,0,0,270,3,0,0
0,20.42685,0,0,0,270,3,0,0
0,20.43418,0,0,0,270,3,0,0
0,20.44433,0,0,0,270,3,0,0
0,20.45355,0,0,0,270,3,0,0
0,20.46131,0,0,0,270,3,0,0
0,20.46952,0,0,0,270,3,0,0
0,20.47789,0,0,0,270,3,0,0
0,20.4901,0,0,0,270,3,0,0
0,20.49921,0,0,0,270,3,0,0
0,20.50706,0,0,0,270,3,0,0
0,20.51749,0,0,0,270,3,0,0
0,20.52618,0,0,0,270,3,0,0
0,20.53509,0,0,0,270,3,0,0
0,20.54308,0,0,0,270,3,0,0
0,20.55175,0,0,0,270,3,0,0
0,20.56257,0,0,0,270,3,0,0
0,20.57197,0,0,0,270,3,0,0
0,20.58149,0,0,0,270,3,0,0
0,20.58956,0,0,0,270,3,0,0
0,20.59851,0,0,0,270,3,0,0
0,20.60651,0,0,0,270,3,0,0
0,20.61492,0,0,0,270,3,0,0
0,20.62442,0,0,0,270,3,0,0
0,20.63482,0,0,0,270,3,0,0
0,20.64571,0,0,0,270,3,0,0
0,20.65559,0,0,0,270,3,0,0
0,20.66361,0,0,0,270,3,0,0
0,20.67337,0,0,0,270,3,0,0
0,20.6814,0,0,0,270,3,0,0
0,20.68974,0,0,0,270,3,0,0
0,20.69654,0,0,0,270,3,0,0
0,20.70453,0,0,0,270,3,0,0
0,20.71191,0,0,0,270,3,0,0
0,20.72092,0,0,0,270,3,0,0
0,20.72896,0,0,0,270,3,0,0
0,20.73803,0,0,0,270,3,0,0
0,20.74634,0,0,0,270,3,0,0
0,20.7551,0,0,0,270,3,0,0
0,20.76543,0,0,0,270,3,0,0
0,20.77365,0,0,0,270,3,0,0
0,20.78157,0,0,0,270,3,0,0
0,20.78908,0,0,0,270,3,0,0
0,20.79605,0,0,0,270,3,0,0
0,20.80394,0,0,0,270,3,0,0
0,20.81149,0,0,0,270,3,0,0
0,20.81912,0,0,0,270,3,0,0
0,20.82703,0,0,0,270,3,0,0
0,20.83523,0,0,0,270,3,0,0
0,20.84287,0,0,0,270,3,0,0
0,20.84974,0,0,0,270,3,0,0
0,20.85799,0,0,0,270,3,0,0
0,20.86593,0,0,0,270,3,0,0
0,20.87597,0,0,0,270,3,0,0
0,20.88467,0,0,0,270,3,0,0
0,20.89343,0,0,0,270,3,0,0
0,20.90283,0,0,0,270,3,0,0
0,20.91265,0,0,0,270,3,0,0
0,20.92162,0,0,0,270,3,0,0
0,20.92972,0,0,0,270,3,0,0
0,20.9413,0,0,0,270,3,0,0
0,20.95472,0,0,0,270,3,0,0
0,20.96723,0,0,0,270,3,0,0
0,20.98516,0,0,0,270,3,0,0
0,20.99697,0,0,0,270,3,0,0
0,21.00687,0,0,0,270,3,0,0
0,21.0166,0,0,0,270,3,0,0
0,21.02588,0,0,0,270,3,0,0
0,21.03568,0,0,0,270,3,0,0
0,21.04576,0,0,0,270,3,0,0
0,21.05733,0,0,0,270,3,0,0
0,21.06743,0,0,0,270,3,0,0
0,21.07756,0,0,0,270,3,0,0
0,21.08794,0,0,0,270,3,0,0
0,21.09639,0,0,0,270,3,0,0
0,21.10501,0,0,0,270,3,0,0
0,21.11667,0,0,0,270,3,0,0
0,21.12794,0,0,0,270,3,0,0
0,21.13707,0,0,0,270,3,0,0
0,21.14733,0,0,0,270,3,0,0
0,21.1579,0,0,0,270,3,0,0
0,21.16696,0,0,0,270,3,0,0
0,21.18053,0,0,0,270,3,0,0
0,21.19021,0,0,0,270,3,0,0
0,21.20028,0,0,0,270,3,0,0
0,21.21089,0,0,0,270,3,0,0
0,21.22192,0,0,0,270,3,0,0
0,21.23361,0,0,0,270,3,0,0
0,21.24424,0,0,0,270,3,0,0
0,21.25522,0,0,0,270,3,0,0
0,21.26421,0,0,0,270,3,0,0
0,21.2743,0,0,0,270,3,0,0
0,21.28386,0,0,0,270,3,0,0
0,21.29335,0,0,0,270,3,0,0
0,21.3033,0,0,0,270,3,0,0
0,21.31248,0,0,0,270,3,0,0
0,21.32194,0,0,0,270,3,0,0
0,21.33213,0,0,0,270,3,0,0
0,21.34213,0,0,0,270,3,0,0
0,21.35123,0,0,0,270,3,0,0
0,21.36088,0,0,0,270,3,0,0
0,21.37011,0,0,0,270,3,0,0
0,21.38306,0,0,0,270,3,0,0
0,21.39339,0,0,0,270,3,0,0
0,21.40206,0,0,0,270,3,0,0
0,21.41342,0,0,0,270,3,0,0
0,21.42511,0,0,0,270,3,0,0
0,21.43532,0,0,0,270,3,0,0
0,21.44521,0,0,0,270,3,0,0
0,21.45385,0,0,0,270,3,0,0
0,21.4617,0,0,0,270,3,0,0
0,21.47128,0,0,0,270,3,0,0
0,21.48044,0,0,0,270,3,0,0
0,21.4886,0,0,0,270,3,0,0
0,21.49638,0,0,0,270,3,0,0
0,21.50565,0,0,0,270,3,0,0
0,21.51374,0,0,0,270,3,0,0
0,21.52136,0,0,0,270,3,0,0
0,21.52876,0,0,0,270,3,0,0
0,21.53643,0,0,0,270,3,0,0
0,21.54391,0,0,0,270,3,0,0
0,21.55072,0,0,0,270,3,0,0
0,21.55858,0,0,0,270,3,0,0
0,21.56704,0,0,0,270,3,0,0
0,21.57513,0,0,0,270,3,0,0
0,21.58601,0,0,0,270,3,0,0
0,21.59475,0,0,0,270,3,0,0
0,21.602,0,0,0,270,3,0,0
0,21.61268,0,0,0,270,3,0,0
0,21.62551,0,0,0,270,3,0,0
0,21.63329,0,0,0,270,3,0,0
0,21.64031,0,0,0,270,3,0,0
0,21.64785,0,0,0,270,3,0,0
0,21.65637,0,0,0,270,3,0,0
0,21.66603,0,0,0,270,3,0,0
0,21.67409,0,0,0,270,3,0,0
0,21.68196,0,0,0,270,3,0,0
0,21.6902,0,0,0,270,3,0,0
0,21.69785,0,0,0,270,3,0,0
0,21.70508,0,0,0,270,3,0,0
0,21.71207,0,0,0,270,3,0,0
0,21.71951,0,0,0,270,3,0,0
0,21.72658,0,0,0,270,3,0,0
0,21.73433,0,0,0,270,3,0,0
0,21.74263,0,0,0,270,3,0,0
0,21.74954,0,0,0,270,3,0,0
0,21.7569,0,0,0,270,3,0,0
0,21.76529,0,0,0,270,3,0,0
0,21.7723,0,0,0,270,3,0,0
0,21.77894,0,0,0,270,3,0,0
0,21.78927,0,0,0,270,3,0,0
0,21.79671,0,0,0,270,3,0,0
0,21.8041,0,0,0,270,3,0,0
0,21.81184,0,0,0,270,3,0,0
0,21.82101,0,0,0,270,3,0,0
0,21.82917,0,0,0,270,3,0,0
0,21.83675,0,0,0,270,3,0,0
0,21.84552,0,0,0,270,3,0,0
0,21.8522,0,0,0,270,3,0,0
0,21.86015,0,0,0,270,3,0,0
0,21.86813,0,0,0,270,3,0,0
0,21.87592,0,0,0,270,3,0,0
0,21.8836,0,0,0,270,3,0,0
0,21.89088,0,0,0,270,3,0,0
0,21.8982,0,0,0,270,3,0,0
0,21.90645,0,0,0,270,3,0,0
0,21.91441,0,0,0,270,3,0,0
0,21.92286,0,0,0,270,3,0,0
0,21.9304,0,0,0,270,3,0,0
0,21.9377,0,0,0,270,3,0,0
0,21.94566,0,0,0,270,3,0,0
0,21.95419,0,0,0,270,3,0,0
0,21.96381,0,0,0,270,3,0,0
0,21.97319,0,0,0,270,3,0,0
0,21.98431,0,0,0,270,3,0,0
0,21.99582,0,0,0,270,3,0,0
0,22.0053,0,0,0,270,3,0,0
0,22.0172,0,0,0,270,3,0,0
0,22.02751,0,0,0,270,3,0,0
0,22.03605,0,0,0,270,3,0,0
0,22.04585,0,0,0,270,3,0,0
0,22.05494,0,0,0,270,3,0,0
0,22.06367,0,0,0,270,3,0,0
0,22.07093,0,0,0,270,3,0,0
0,22.07894,0,0,0,270,3,0,0
0,22.08819,0,0,0,270,3,0,0
0,22.09804,0,0,0,270,3,0,0
0,22.10631,0,0,0,270,3,0,0
0,22.11713,0,0,0,270,3,0,0
0,22.12753,0,0,0,270,3,0,0
0,22.1371,0,0,0,270,3,0,0
0,22.14833,0,0,0,270,3,0,0
0,22.15822,0,0,0,270,3,0,0
0,22.16795,0,0,0,270,3,0,0
0,22.17973,0,0,0,270,3,0,0
0,22.19074,0,0,0,270,3,0,0
0,22.20202,0,0,0,270,3,0,0
0,22.2112,0,0,0,270,3,0,0
0,22.22028,0,0,0,270,3,0,0
0,22.22875,0,0,0,270,3,0,0
0,22.23857,0,0,0,270,3,0,0
0,22.24836,0,0,0,270,3,0,0
0,22.25806,0,0,0,270,3,0,0
0,22.26706,0,0,0,270,3,0,0
0,22.27756,0,0,0,270,3,0,0
0,22.28759,0,0,0,270,3,0,0
0,22.29728,0,0,0,270,3,0,0
0,22.30697,0,0,0,270,3,0,0
0,22.31779,0,0,0,270,3,0,0
0,22.32616,0,0,0,270,3,0,0
0,22.33622,0,0,0,270,3,0,0
0,22.34753,0,0,0,270,3,0,0
0,22.35696,0,0,0,270,3,0,0
0,22.36601,0,0,0,270,3,0,0
0,22.37384,0,0,0,270,3,0,0
0,22.38267,0,0,0,270,3,0,0
0,22.39079,0,0,0,270,3,0,0
0,22.40095,0,0,0,270,3,0,0
0,22.40941,0,0,0,270,3,0,0
0,22.41695,0,0,0,270,3,0,0
0,22.42568,0,0,0,270,3,0,0
0,22.43454,0,0,0,270,3,0,0
0,22.44509,0,0,0,270,3,0,0
0,22.45497,0,0,0,270,3,0,0
0,22.46371,0,0,0,270,3,0,0
0,22.47261,0,0,0,270,3,0,0
0,22.48229,0,0,0,270,3,0,0
0,22.49193,0,0,0,270,3,0,0
0,22.50068,0,0,0,270,3,0,0
0,22.51084,0,0,0,270,3,0,0
0,22.52152,0,0,0,270,3,0,0
0,22.53128,0,0,0,270,3,0,0
0,22.53946,0,0,0,270,3,0,0
0,22.54811,0,0,0,270,3,0,0
0,22.55641,0,0,0,270,3,0,0
0,22.56399,0,0,0,270,3,0,0
0,22.57122,0,0,0,270,3,0,0
0,22.58025,0,0,0,270,3,0,0
0,22.58925,0,0,0,270,3,0,0
0,22.5981,0,0,0,270,3,0,0
0,22.60691,0,0,0,270,3,0,0
0,22.61547,0,0,0,270,3,0,0
0,22.62468,0,0,0,270,3,0,0
0,22.63485,0,0,0,270,3,0,0
0,22.64516,0,0,0,270,3,0,0
0,22.6524,0,0,0,270,3,0,0
0,22.66098,0,0,0,270,3,0,0
0,22.66805,0,0,0,270,3,0,0
0,22.67643,0,0,0,270,3,0,0
0,22.68458,0,0,0,270,3,0,0
0,22.69216,0,0,0,270,3,0,0
0,22.69934,0,0,0,270,3,0,0
0,22.70621,0,0,0,270,3,0,0
0,22.7136,0,0,0,270,3,0,0
0,22.72227,0,0,0,270,3,0,0
0,22.72956,0,0,0,270,3,0,0
0,22.7375,0,0,0,270,3,0,0
0,22.74411,0,0,0,270,3,0,0
0,22.75185,0,0,0,270,3,0,0
0,22.75931,0,0,0,270,3,0,0
0,22.76794,0,0,0,270,3,0,0
0,22.77456,0,0,0,270,3,0,0
0,22.78248,0,0,0,270,3,0,0
0,22.79002,0,0,0,270,3,0,0
0,22.79703,0,0,0,270,3,0,0
0,22.80522,0,0,0,270,3,0,0
0,22.81541,0,0,0,270,3,0,0
0,22.82261,0,0,0,270,3,0,0
0,22.83079,0,0,0,270,3,0,0
0,22.83936,0,0,0,270,3,0,0
0,22.8464,0,0,0,270,3,0,0
0,22.85376,0,0,0,270,3,0,0
0,22.86063,0,0,0,270,3,0,0
0,22.86774,0,0,0,270,3,0,0
0,22.87465,0,0,0,270,3,0,0
0,22.8819,0,0,0,270,3,0,0
0,22.88919,0,0,0,270,3,0,0
0,22.89605,0,0,0,270,3,0,0
0,22.90353,0,0,0,270,3,0,0
0,22.91095,0,0,0,270,3,0,0
0,22.91858,0,0,0,270,3,0,0
0,22.92632,0,0,0,270,3,0,0
0,22.93312,0,0,0,270,3,0,0
0,22.94067,0,0,0,270,3,0,0
0,22.9478,0,0,0,270,3,0,0
0,22.95541,0,0,0,270,3,0,0
0,22.9623,0,0,0,270,3,0,0
0,22.9698,0,0,0,270,3,0,0
0,22.97916,0,0,0,270,3,0,0
0,22.98823,0,0,0,270,3,0,0
0,22.9998,0,0,0,270,3,0,0
0,23.00969,0,0,0,270,3,0,0
0,23.02125,0,0,0,270,3,0,0
0,23.03151,0,0,0,270,3,0,0
0,23.03933,0,0,0,270,3,0,0
0,23.04815,0,0,0,270,3,0,0
0,23.06504,0,0,0,270,3,0,0
0,23.07141,0,0,0,270,3,0,0
0,23.07893,0,0,0,270,3,0,0
0,23.08658,0,0,0,270,3,0,0
0,23.09276,0,0,0,270,3,0,0
0,23.10042,0,0,0,270,3,0,0
0,23.10727,0,0,0,270,3,0,0
0,23.11489,0,0,0,270,3,0,0
0,23.12198,0,0,0,270,3,0,0
0,23.12972,0,0,0,270,3,0,0
0,23.13757,0,0,0,270,3,0,0
0,23.14578,0,0,0,270,3,0,0
0,23.15544,0,0,0,270,3,0,0
0,23.16679,0,0,0,270,3,0,0
0,23.17598,0,0,0,270,3,0,0
0,23.18478,0,0,0,270,3,0,0
0,23.1949,0,0,0,270,3,0,0
0,23.20426,0,0,0,270,3,0,0
0,23.21363,0,0,0,270,3,0,0
0,23.22565,0,0,0,270,3,0,0
0,23.2348,0,0,0,270,3,0,0
0,23.24498,0,0,0,270,3,0,0
0,23.25668,0,0,0,270,3,0,0
0,23.26671,0,0,0,270,3,0,0
0,23.27713,0,0,0,270,3,0,0
0,23.28844,0,0,0,270,3,0,0
0,23.30067,0,0,0,270,3,0,0
0,23.312,0,0,0,270,3,0,0
0,23.32372,0,0,0,270,3,0,0
0,23.33475,0,0,0,270,3,0,0
0,23.34693,0,0,0,270,3,0,0
0,23.35772,0,0,0,270,3,0,0
0,23.36839,0,0,0,270,3,0,0
0,23.37879,0,0,0,270,3,0,0
0,23.38935,0,0,0,270,3,0,0
0,23.40021,0,0,0,270,3,0,0
0,23.4106,0,0,0,270,3,0,0
0,23.42108,0,0,0,270,3,0,0
0,23.43272,0,0,0,270,3,0,0
0,23.44355,0,0,0,270,3,0,0
0,23.45364,0,0,0,270,3,0,0
0,23.46638,0,0,0,270,3,0,0
0,23.47737,0,0,0,270,3,0,0
0,23.48698,0,0,0,270,3,0,0
0,23.49566,0,0,0,270,3,0,0
0,23.50544,0,0,0,270,3,0,0
0,23.51565,0,0,0,270,3,0,0
0,23.52523,0,0,0,270,3,0,0
0,23.53501,0,0,0,270,3,0,0
0,23.54588,0,0,0,270,3,0,0
0,23.55588,0,0,0,270,3,0,0
0,23.56597,0,0,0,270,3,0,0
0,23.57848,0,0,0,270,3,0,0
0,23.59051,0,0,0,270,3,0,0
0,23.59909,0,0,0,270,3,0,0
0,23.60732,0,0,0,270,3,0,0
0,23.61594,0,0,0,270,3,0,0
0,23.62529,0,0,0,270,3,0,0
0,23.63676,0,0,0,270,3,0,0
0,23.64536,0,0,0,270,3,0,0
0,23.65283,0,0,0,270,3,0,0
0,23.6638,0,0,0,270,3,0,0
0,23.67469,0,0,0,270,3,0,0
0,23.68406,0,0,0,270,3,0,0
0,23.69611,0,0,0,270,3,0,0
0,23.70776,0,0,0,270,3,0,0
0,23.71606,0,0,0,270,3,0,0
0,23.72612,0,0,0,270,3,0,0
0,23.735,0,0,0,270,3,0,0
0,23.74388,0,0,0,270,3,0,0
0,23.75245,0,0,0,270,3,0,0
0,23.76068,0,0,0,270,3,0,0
0,23.76912,0,0,0,270,3,0,0
0,23.77654,0,0,0,270,3,0,0
0,23.7846,0,0,0,270,3,0,0
0,23.7932,0,0,0,270,3,0,0
0,23.80213,0,0,0,270,3,0,0
0,23.80993,0,0,0,270,3,0,0
0,23.8205,0,0,0,270,3,0,0
0,23.82969,0,0,0,270,3,0,0
0,23.83915,0,0,0,270,3,0,0
0,23.84766,0,0,0,270,3,0,0
0,23.85596,0,0,0,270,3,0,0
0,23.86343,0,0,0,270,3,0,0
0,23.87115,0,0,0,270,3,0,0
0,23.87878,0,0,0,270,3,0,0
0,23.88546,0,0,0,270,3,0,0
0,23.89285,0,0,0,270,3,0,0
0,23.8994,0,0,0,270,3,0,0
0,23.90615,0,0,0,270,3,0,0
0,23.91319,0,0,0,270,3,0,0
0,23.91967,0,0,0,270,3,0,0
0,23.92719,0,0,0,270,3,0,0
0,23.93491,0,0,0,270,3,0,0
0,23.94348,0,0,0,270,3,0,0
0,23.95058,0,0,0,270,3,0,0
0,23.95803,0,0,0,270,3,0,0
0,23.96495,0,0,0,270,3,0,0
0,23.97149,0,0,0,270,3,0,0
0,23.97868,0,0,0,270,3,0,0
0,23.9858,0,0,0,270,3,0,0
0,23.99456,0,0,0,270,3,0,0
0,24.00413,0,0,0,270,3,0,0
0,24.01373,0,0,0,270,3,0,0
0,24.0242,0,0,0,270,3,0,0
0,24.03347,0,0,0,270,3,0,0
0,24.04369,0,0,0,270,3,0,0
0,24.05535,0,0,0,270,3,0,0
0,24.0638,0,0,0,270,3,0,0
0,24.07199,0,0,0,270,3,0,0
0,24.0802,0,0,0,270,3,0,0
0,24.08773,0,0,0,270,3,0,0
0,24.09541,0,0,0,270,3,0,0
0,24.10254,0,0,0,270,3,0,0
0,24.10982,0,0,0,270,3,0,0
0,24.11776,0,0,0,270,3,0,0
0,24.12519,0,0,0,270,3,0,0
0,24.13205,0,0,0,270,3,0,0
0,24.1386,0,0,0,270,3,0,0
0,24.14656,0,0,0,270,3,0,0
0,24.1538,0,0,0,270,3,0,0
0,24.16045,0,0,0,270,3,0,0
0,24.1676,0,0,0,270,3,0,0
0,24.17756,0,0,0,270,3,0,0
0,24.18465,0,0,0,270,3,0,0
0,24.19379,0,0,0,270,3,0,0
0,24.20087,0,0,0,270,3,0,0
0,24.20753,0,0,0,270,3,0,0
0,24.21484,0,0,0,270,3,0,0
0,24.22207,0,0,0,270,3,0,0
0,24.22853,0,0,0,270,3,0,0
0,24.23526,0,0,0,270,3,0,0
0,24.24453,0,0,0,270,3,0,0
0,24.25139,0,0,0,270,3,0,0
0,24.2589,0,0,0,270,3,0,0
0,24.26641,0,0,0,270,3,0,0
0,24.27288,0,0,0,270,3,0,0
0,24.28083,0,0,0,270,3,0,0
0,24.28786,0,0,0,270,3,0,0
0,24.29732,0,0,0,270,3,0,0
0,24.30707,0,0,0,270,3,0,0
0,24.31843,0,0,0,270,3,0,0
0,24.32706,0,0,0,270,3,0,0
0,24.33602,0,0,0,270,3,0,0
0,24.34464,0,0,0,270,3,0,0
0,24.3523,0,0,0,270,3,0,0
0,24.36206,0,0,0,270,3,0,0
0,24.37109,0,0,0,270,3,0,0
0,24.37938,0,0,0,270,3,0,0
0,24.38736,0,0,0,270,3,0,0
0,24.39944,0,0,0,270,3,0,0
0,24.40851,0,0,0,270,3,0,0
0,24.41723,0,0,0,270,3,0,0
0,24.42785,0,0,0,270,3,0,0
0,24.43741,0,0,0,270,3,0,0
0,24.44913,0,0,0,270,3,0,0
0,24.46042,0,0,0,270,3,0,0
0,24.47168,0,0,0,270,3,0,0
0,24.48082,0,0,0,270,3,0,0
0,24.4911,0,0,0,270,3,0,0
0,24.50083,0,0,0,270,3,0,0
0,24.51001,0,0,0,270,3,0,0
0,24.52013,0,0,0,270,3,0,0
0,24.53065,0,0,0,270,3,0,0
0,24.54139,0,0,0,270,3,0,0
0,24.55158,0,0,0,270,3,0,0
0,24.56094,0,0,0,270,3,0,0
0,24.57369,0,0,0,270,3,0,0
0,24.59274,0,0,0,270,3,0,0
0,24.60243,0,0,0,270,3,0,0
0,24.61205,0,0,0,270,3,0,0
0,24.62264,0,0,0,270,3,0,0
0,24.63387,0,0,0,270,3,0,0
0,24.64642,0,0,0,270,3,0,0
0,24.65907,0,0,0,270,3,0,0
0,24.66782,0,0,0,270,3,0,0
0,24.67725,0,0,0,270,3,0,0
0,24.68544,0,0,0,270,3,0,0
0,24.6935,0,0,0,270,3,0,0
0,24.7019,0,0,0,270,3,0,0
0,24.71064,0,0,0,270,3,0,0
0,24.71903,0,0,0,270,3,0,0
0,24.72798,0,0,0,270,3,0,0
0,24.7375,0,0,0,270,3,0,0
0,24.74588,0,0,0,270,3,0,0
0,24.75386,0,0,0,270,3,0,0
0,24.7621,0,0,0,270,3,0,0
0,24.77209,0,0,0,270,3,0,0
0,24.78191,0,0,0,270,3,0,0
0,24.79023,0,0,0,270,3,0,0
0,24.79966,0,0,0,270,3,0,0
0,24.8079,0,0,0,270,3,0,0
0,24.81719,0,0,0,270,3,0,0
0,24.8247,0,0,0,270,3,0,0
0,24.83398,0,0,0,270,3,0,0
0,24.8418,0,0,0,270,3,0,0
0,24.84936,0,0,0,270,3,0,0
0,24.85847,0,0,0,270,3,0,0
0,24.86691,0,0,0,270,3,0,0
0,24.87437,0,0,0,270,3,0,0
0,24.8819,0,0,0,270,3,0,0
0,24.88956,0,0,0,270,3,0,0
0,24.89803,0,0,0,270,3,0,0
0,24.90566,0,0,0,270,3,0,0
0,24.91421,0,0,0,270,3,0,0
0,24.92441,0,0,0,270,3,0,0
0,24.9323,0,0,0,270,3,0,0
0,24.94046,0,0,0,270,3,0,0
0,24.94911,0,0,0,270,3,0,0
0,24.95881,0,0,0,270,3,0,0
0,24.96695,0,0,0,270,3,0,0
0,24.97495,0,0,0,270,3,0,0
0,24.98244,0,0,0,270,3,0,0
0,24.99066,0,0,0,270,3,0,0
0,24.99915,0,0,0,270,3,0,0
0,25.00708,0,0,0,270,3,0,0
0,25.01509,0,0,0,270,3,0,0
0,25.02512,0,0,0,270,3,0,0
0,25.03642,0,0,0,270,3,0,0
0,25.04639,0,0,0,270,3,0,0
0,25.05727,0,0,0,270,3,0,0
0,25.07078,0,0,0,270,3,0,0
0,25.07961,0,0,0,270,3,0,0
0,25.08805,0,0,0,270,3,0,0
0,25.0957,0,0,0,270,3,0,0
0,25.10365,0,0,0,270,3,0,0
0,25.1114,0,0,0,270,3,0,0
0,25.12082,0,0,0,270,3,0,0
0,25.12882,0,0,0,270,3,0,0
0,25.13655,0,0,0,270,3,0,0
0,25.14513,0,0,0,270,3,0,0
0,25.15189,0,0,0,270,3,0,0
0,25.16023,0,0,0,270,3,0,0
0,25.16772,0,0,0,270,3,0,0
0,25.17583,0,0,0,270,3,0,0
0,25.18237,0,0,0,270,3,0,0
0,25.19048,0,0,0,270,3,0,0
0,25.1981,0,0,0,270,3,0,0
0,25.20717,0,0,0,270,3,0,0
0,25.21542,0,0,0,270,3,0,0
0,25.22399,0,0,0,270,3,0,0
0,25.232,0,0,0,270,3,0,0
0,25.24199,0,0,0,270,3,0,0
0,25.25159,0,0,0,270,3,0,0
0,25.2599,0,0,0,270,3,0,0
0,25.27145,0,0,0,270,3,0,0
0,25.27966,0,0,0,270,3,0,0
0,25.28893,0,0,0,270,3,0,0
0,25.29727,0,0,0,270,3,0,0
0,25.30713,0,0,0,270,3,0,0
0,25.31679,0,0,0,270,3,0,0
0,25.32577,0,0,0,270,3,0,0
0,25.33602,0,0,0,270,3,0,0
0,25.34506,0,0,0,270,3,0,0
0,25.35284,0,0,0,270,3,0,0
0,25.36126,0,0,0,270,3,0,0
0,25.36866,0,0,0,270,3,0,0
0,25.37755,0,0,0,270,3,0,0
0,25.38501,0,0,0,270,3,0,0
0,25.39424,0,0,0,270,3,0,0
0,25.40276,0,0,0,270,3,0,0
0,25.4109,0,0,0,270,3,0,0
0,25.4208,0,0,0,270,3,0,0
0,25.43142,0,0,0,270,3,0,0
0,25.44162,0,0,0,270,3,0,0
0,25.45186,0,0,0,270,3,0,0
0,25.46273,0,0,0,270,3,0,0
0,25.47449,0,0,0,270,3,0,0
0,25.48337,0,0,0,270,3,0,0
0,25.49389,0,0,0,270,3,0,0
0,25.50476,0,0,0,270,3,0,0
0,25.51496,0,0,0,270,3,0,0
0,25.52652,0,0,0,270,3,0,0
0,25.53807,0,0,0,270,3,0,0
0,25.54837,0,0,0,270,3,0,0
0,25.55846,0,0,0,270,3,0,0
0,25.56843,0,0,0,270,3,0,0
0,25.57927,0,0,0,270,3,0,0
0,25.5907,0,0,0,270,3,0,0
0,25.60239,0,0,0,270,3,0,0
0,25.61313,0,0,0,270,3,0,0
0,25.62501,0,0,0,270,3,0,0
0,25.6365,0,0,0,270,3,0,0
0,25.64904,0,0,0,270,3,0,0
0,25.66148,0,0,0,270,3,0,0
0,25.67301,0,0,0,270,3,0,0
0,25.68627,0,0,0,270,3,0,0
0,25.69677,0,0,0,270,3,0,0
0,25.70768,0,0,0,270,3,0,0
0,25.7183,0,0,0,270,3,0,0
0,25.72827,0,0,0,270,3,0,0
0,25.73996,0,0,0,270,3,0,0
0,25.75216,0,0,0,270,3,0,0
0,25.76151,0,0,0,270,3,0,0
0,25.7714,0,0,0,270,3,0,0
0,25.78144,0,0,0,270,3,0,0
0,25.79314,0,0,0,270,3,0,0
0,25.80386,0,0,0,270,3,0,0
0,25.81522,0,0,0,270,3,0,0
0,25.82655,0,0,0,270,3,0,0
0,25.83767,0,0,0,270,3,0,0
0,25.85041,0,0,0,270,3,0,0
0,25.86027,0,0,0,270,3,0,0
0,25.86908,0,0,0,270,3,0,0
0,25.87865,0,0,0,270,3,0,0
0,25.88783,0,0,0,270,3,0,0
0,25.89684,0,0,0,270,3,0,0
0,25.90554,0,0,0,270,3,0,0
0,25.91563,0,0,0,270,3,0,0
0,25.92483,0,0,0,270,3,0,0
0,25.93327,0,0,0,270,3,0,0
0,25.94173,0,0,0,270,3,0,0
0,25.9506,0,0,0,270,3,0,0
0,25.95997,0,0,0,270,3,0,0
0,25.96849,0,0,0,270,3,0,0
0,25.97709,0,0,0,270,3,0,0
0,25.98542,0,0,0,270,3,0,0
0,25.993,0,0,0,270,3,0,0
0,26.00057,0,0,0,270,3,0,0
0,26.00771,0,0,0,270,3,0,0
0,26.01542,0,0,0,270,3,0,0
0,26.0238,0,0,0,270,3,0,0
0,26.03364,0,0,0,270,3,0,0
0,26.04342,0,0,0,270,3,0,0
0,26.05404,0,0,0,270,3,0,0
0,26.06302,0,0,0,270,3,0,0
0,26.07262,0,0,0,270,3,0,0
0,26.08575,0,0,0,270,3,0,0
0,26.09817,0,0,0,270,3,0,0
0,26.10532,0,0,0,270,3,0,0
0,26.11381,0,0,0,270,3,0,0
0,26.12088,0,0,0,270,3,0,0
0,26.1284,0,0,0,270,3,0,0
0,26.13538,0,0,0,270,3,0,0
0,26.14305,0,0,0,270,3,0,0
0,26.14939,0,0,0,270,3,0,0
0,26.16432,0,0,0,270,3,0,0
0,26.17544,0,0,0,270,3,0,0
0,26.18625,0,0,0,270,3,0,0
0,26.19826,0,0,0,270,3,0,0
0,26.21058,0,0,0,270,3,0,0
0,26.22251,0,0,0,270,3,0,0
0,26.23508,0,0,0,270,3,0,0
0,26.2428,0,0,0,270,3,0,0
0,26.2502,0,0,0,270,3,0,0
0,26.25865,0,0,0,270,3,0,0
0,26.26627,0,0,0,270,3,0,0
0,26.27333,0,0,0,270,3,0,0
0,26.28162,0,0,0,270,3,0,0
0,26.28882,0,0,0,270,3,0,0
0,26.29734,0,0,0,270,3,0,0
0,26.30585,0,0,0,270,3,0,0
0,26.31382,0,0,0,270,3,0,0
0,26.32237,0,0,0,270,3,0,0
0,26.32992,0,0,0,270,3,0,0
0,26.33827,0,0,0,270,3,0,0
0,26.34715,0,0,0,270,3,0,0
0,26.35472,0,0,0,270,3,0,0
0,26.36213,0,0,0,270,3,0,0
0,26.36919,0,0,0,270,3,0,0
0,26.37591,0,0,0,270,3,0,0
0,26.38264,0,0,0,270,3,0,0
0,26.38979,0,0,0,270,3,0,0
0,26.39704,0,0,0,270,3,0,0
0,26.40395,0,0,0,270,3,0,0
0,26.41142,0,0,0,270,3,0,0
0,26.41888,0,0,0,270,3,0,0
0,26.42759,0,0,0,270,3,0,0
0,26.43499,0,0,0,270,3,0,0
0,26.4428,0,0,0,270,3,0,0
0,26.44945,0,0,0,270,3,0,0
0,26.45712,0,0,0,270,3,0,0
0,26.46347,0,0,0,270,3,0,0
0,26.47033,0,0,0,270,3,0,0
0,26.47778,0,0,0,270,3,0,0
0,26.48462,0,0,0,270,3,0,0
0,26.49236,0,0,0,270,3,0,0
0,26.50074,0,0,0,270,3,0,0
0,26.50727,0,0,0,270,3,0,0
0,26.51452,0,0,0,270,3,0,0
0,26.52211,0,0,0,270,3,0,0
0,26.52914,0,0,0,270,3,0,0
0,26.53799,0,0,0,270,3,0,0
0,26.54753,0,0,0,270,3,0,0
0,26.55738,0,0,0,270,3,0,0
0,26.56827,0,0,0,270,3,0,0
0,26.57985,0,0,0,270,3,0,0
0,26.58926,0,0,0,270,3,0,0
0,26.59896,0,0,0,270,3,0,0
0,26.60689,0,0,0,270,3,0,0
0,26.61585,0,0,0,270,3,0,0
0,26.62458,0,0,0,270,3,0,0
0,26.63527,0,0,0,270,3,0,0
0,26.64707,0,0,0,270,3,0,0
0,26.65721,0,0,0,270,3,0,0
0,26.6666,0,0,0,270,3,0,0
0,26.67737,0,0,0,270,3,0,0
0,26.68739,0,0,0,270,3,0,0
0,26.69683,0,0,0,270,3,0,0
0,26.70849,0,0,0,270,3,0,0
0,26.71905,0,0,0,270,3,0,0
0,26.72815,0,0,0,270,3,0,0
0,26.73853,0,0,0,270,3,0,0
0,26.74845,0,0,0,270,3,0,0
0,26.75904,0,0,0,270,3,0,0
0,26.76937,0,0,0,270,3,0,0
0,26.78001,0,0,0,270,3,0,0
0,26.79028,0,0,0,270,3,0,0
0,26.7996,0,0,0,270,3,0,0
0,26.80797,0,0,0,270,3,0,0
0,26.81705,0,0,0,270,3,0,0
0,26.82559,0,0,0,270,3,0,0
0,26.83641,0,0,0,270,3,0,0
0,26.84614,0,0,0,270,3,0,0
0,26.85483,0,0,0,270,3,0,0
0,26.86538,0,0,0,270,3,0,0
0,26.87609,0,0,0,270,3,0,0
0,26.88467,0,0,0,270,3,0,0
0,26.89533,0,0,0,270,3,0,0
0,26.90515,0,0,0,270,3,0,0
0,26.91823,0,0,0,270,3,0,0
0,26.92739,0,0,0,270,3,0,0
0,26.93616,0,0,0,270,3,0,0
0,26.94543,0,0,0,270,3,0,0
0,26.95264,0,0,0,270,3,0,0
0,26.961,0,0,0,270,3,0,0
0,26.96915,0,0,0,270,3,0,0
0,26.97728,0,0,0,270,3,0,0
0,26.98458,0,0,0,270,3,0,0
0,26.99406,0,0,0,270,3,0,0
0,27.00307,0,0,0,270,3,0,0
0,27.01142,0,0,0,270,3,0,0
0,27.02094,0,0,0,270,3,0,0
0,27.02938,0,0,0,270,3,0,0
0,27.03991,0,0,0,270,3,0,0
0,27.05124,0,0,0,270,3,0,0
0,27.06238,0,0,0,270,3,0,0
0,27.07474,0,0,0,270,3,0,0
0,27.08566,0,0,0,270,3,0,0
0,27.09643,0,0,0,270,3,0,0
0,27.10545,0,0,0,270,3,0,0
0,27.11715,0,0,0,270,3,0,0
0,27.12684,0,0,0,270,3,0,0
0,27.13489,0,0,0,270,3,0,0
0,27.14328,0,0,0,270,3,0,0
0,27.15046,0,0,0,270,3,0,0
0,27.15884,0,0,0,270,3,0,0
0,27.16688,0,0,0,270,3,0,0
0,27.17508,0,0,0,270,3,0,0
0,27.18284,0,0,0,270,3,0,0
0,27.19157,0,0,0,270,3,0,0
0,27.19888,0,0,0,270,3,0,0
0,27.20608,0,0,0,270,3,0,0
0,27.21255,0,0,0,270,3,0,0
0,27.21954,0,0,0,270,3,0,0
0,27.22768,0,0,0,270,3,0,0
0,27.23677,0,0,0,270,3,0,0
0,27.24456,0,0,0,270,3,0,0
0,27.25283,0,0,0,270,3,0,0
0,27.26027,0,0,0,270,3,0,0
0,27.26797,0,0,0,270,3,0,0
0,27.27461,0,0,0,270,3,0,0
0,27.28272,0,0,0,270,3,0,0
0,27.29018,0,0,0,270,3,0,0
0,27.29726,0,0,0,270,3,0,0
0,27.30397,0,0,0,270,3,0,0
0,27.3106,0,0,0,270,3,0,0
0,27.31926,0,0,0,270,3,0,0
0,27.32648,0,0,0,270,3,0,0
0,27.33314,0,0,0,270,3,0,0
0,27.33964,0,0,0,270,3,0,0
0,27.34754,0,0,0,270,3,0,0
0,27.35398,0,0,0,270,3,0,0
0,27.36227,0,0,0,270,3,0,0
0,27.36952,0,0,0,270,3,0,0
0,27.37793,0,0,0,270,3,0,0
0,27.38527,0,0,0,270,3,0,0
0,27.39333,0,0,0,270,3,0,0
0,27.40007,0,0,0,270,3,0,0
0,27.40733,0,0,0,270,3,0,0
0,27.41377,0,0,0,270,3,0,0
0,27.42102,0,0,0,270,3,0,0
0,27.42708,0,0,0,270,3,0,0
0,27.4343,0,0,0,270,3,0,0
0,27.44291,0,0,0,270,3,0,0
0,27.45099,0,0,0,270,3,0,0
0,27.45867,0,0,0,270,3,0,0
0,27.4674,0,0,0,270,3,0,0
0,27.47609,0,0,0,270,3,0,0
0,27.48288,0,0,0,270,3,0,0
0,27.49062,0,0,0,270,3,0,0
0,27.49787,0,0,0,270,3,0,0
0,27.50463,0,0,0,270,3,0,0
0,27.51154,0,0,0,270,3,0,0
0,27.52124,0,0,0,270,3,0,0
0,27.52901,0,0,0,270,3,0,0
0,27.53748,0,0,0,270,3,0,0
0,27.54489,0,0,0,270,3,0,0
0,27.56007,0,0,0,270,3,0,0
0,27.56704,0,0,0,270,3,0,0
0,27.57332,0,0,0,270,3,0,0
0,27.58062,0,0,0,270,3,0,0
0,27.58762,0,0,0,270,3,0,0
0,27.59521,0,0,0,270,3,0,0
0,27.60288,0,0,0,270,3,0,0
0,27.61061,0,0,0,270,3,0,0
0,27.61728,0,0,0,270,3,0,0
0,27.62536,0,0,0,270,3,0,0
0,27.63342,0,0,0,270,3,0,0
0,27.64127,0,0,0,270,3,0,0
0,27.64809,0,0,0,270,3,0,0
0,27.65598,0,0,0,270,3,0,0
0,27.66405,0,0,0,270,3,0,0
0,27.67339,0,0,0,270,3,0,0
0,27.6817,0,0,0,270,3,0,0
0,27.69047,0,0,0,270,3,0,0
0,27.69904,0,0,0,270,3,0,0
0,27.70761,0,0,0,270,3,0,0
0,27.71564,0,0,0,270,3,0,0
0,27.72784,0,0,0,270,3,0,0
0,27.73718,0,0,0,270,3,0,0
0,27.74507,0,0,0,270,3,0,0
0,27.75525,0,0,0,270,3,0,0
0,27.76419,0,0,0,270,3,0,0
0,27.77255,0,0,0,270,3,0,0
0,27.78229,0,0,0,270,3,0,0
0,27.794,0,0,0,270,3,0,0
0,27.80474,0,0,0,270,3,0,0
0,27.81512,0,0,0,270,3,0,0
0,27.82544,0,0,0,270,3,0,0
0,27.83558,0,0,0,270,3,0,0
0,27.84611,0,0,0,270,3,0,0
0,27.85516,0,0,0,270,3,0,0
0,27.86488,0,0,0,270,3,0,0
0,27.87444,0,0,0,270,3,0,0
0,27.88537,0,0,0,270,3,0,0
0,27.89491,0,0,0,270,3,0,0
0,27.90391,0,0,0,270,3,0,0
0,27.91494,0,0,0,270,3,0,0
0,27.92482,0,0,0,270,3,0,0
0,27.93605,0,0,0,270,3,0,0
0,27.94542,0,0,0,270,3,0,0
0,27.95455,0,0,0,270,3,0,0
0,27.96373,0,0,0,270,3,0,0
0,27.97347,0,0,0,270,3,0,0
0,27.98271,0,0,0,270,3,0,0
0,27.99177,0,0,0,270,3,0,0
0,28.00085,0,0,0,270,3,0,0
0,28.01007,0,0,0,270,3,0,0
0,28.02052,0,0,0,270,3,0,0
0,28.02931,0,0,0,270,3,0,0
0,28.04016,0,0,0,270,3,0,0
0,28.05047,0,0,0,270,3,0,0
0,28.06069,0,0,0,270,3,0,0
0,28.07296,0,0,0,270,3,0,0
0,28.08389,0,0,0,270,3,0,0
0,28.09533,0,0,0,270,3,0,0
0,28.10604,0,0,0,270,3,0,0
0,28.11627,0,0,0,270,3,0,0
0,28.12501,0,0,0,270,3,0,0
0,28.14109,0,0,0,270,3,0,0
0,28.15076,0,0,0,270,3,0,0
0,28.16059,0,0,0,270,3,0,0
0,28.16885,0,0,0,270,3,0,0
0,28.17702,0,0,0,270,3,0,0
0,28.18433,0,0,0,270,3,0,0
0,28.19329,0,0,0,270,3,0,0
0,28.2021,0,0,0,270,3,0,0
0,28.21075,0,0,0,270,3,0,0
0,28.21906,0,0,0,270,3,0,0
0,28.2285,0,0,0,270,3,0,0
0,28.23825,0,0,0,270,3,0,0
0,28.24635,0,0,0,270,3,0,0
0,28.25612,0,0,0,270,3,0,0
0,28.26535,0,0,0,270,3,0,0
0,28.27297,0,0,0,270,3,0,0
0,28.2813,0,0,0,270,3,0,0
0,28.28903,0,0,0,270,3,0,0
0,28.29735,0,0,0,270,3,0,0
0,28.30505,0,0,0,270,3,0,0
0,28.31353,0,0,0,270,3,0,0
0,28.32125,0,0,0,270,3,0,0
0,28.32933,0,0,0,270,3,0,0
0,28.33801,0,0,0,270,3,0,0
0,28.34598,0,0,0,270,3,0,0
0,28.35261,0,0,0,270,3,0,0
0,28.36015,0,0,0,270,3,0,0
0,28.367,0,0,0,270,3,0,0
0,28.37425,0,0,0,270,3,0,0
0,28.38279,0,0,0,270,3,0,0
0,28.39014,0,0,0,270,3,0,0
0,28.39648,0,0,0,270,3,0,0
0,28.40429,0,0,0,270,3,0,0
0,28.41196,0,0,0,270,3,0,0
0,28.41825,0,0,0,270,3,0,0
0,28.42534,0,0,0,270,3,0,0
0,28.43197,0,0,0,270,3,0,0
0,28.43974,0,0,0,270,3,0,0
0,28.44649,0,0,0,270,3,0,0
0,28.4538,0,0,0,270,3,0,0
0,28.46021,0,0,0,270,3,0,0
0,28.46773,0,0,0,270,3,0,0
0,28.47468,0,0,0,270,3,0,0
0,28.48232,0,0,0,270,3,0,0
0,28.48978,0,0,0,270,3,0,0
0,28.49625,0,0,0,270,3,0,0
0,28.50367,0,0,0,270,3,0,0
0,28.51099,0,0,0,270,3,0,0
0,28.51796,0,0,0,270,3,0,0
0,28.52499,0,0,0,270,3,0,0
0,28.53221,0,0,0,270,3,0,0
0,28.53991,0,0,0,270,3,0,0
0,28.54719,0,0,0,270,3,0,0
0,28.55485,0,0,0,270,3,0,0
0,28.56249,0,0,0,270,3,0,0
0,28.56994,0,0,0,270,3,0,0
0,28.57668,0,0,0,270,3,0,0
0,28.58364,0,0,0,270,3,0,0
0,28.59082,0,0,0,270,3,0,0
0,28.59727,0,0,0,270,3,0,0
0,28.60403,0,0,0,270,3,0,0
0,28.61068,0,0,0,270,3,0,0
0,28.61804,0,0,0,270,3,0,0
0,28.62586,0,0,0,270,3,0,0
0,28.63497,0,0,0,270,3,0,0
0,28.64286,0,0,0,270,3,0,0
0,28.64956,0,0,0,270,3,0,0
0,28.65751,0,0,0,270,3,0,0
0,28.66497,0,0,0,270,3,0,0
0,28.67196,0,0,0,270,3,0,0
0,28.67867,0,0,0,270,3,0,0
0,28.68563,0,0,0,270,3,0,0
0,28.69344,0,0,0,270,3,0,0
0,28.70197,0,0,0,270,3,0,0
0,28.71056,0,0,0,270,3,0,0
0,28.71763,0,0,0,270,3,0,0
0,28.72532,0,0,0,270,3,0,0
0,28.73367,0,0,0,270,3,0,0
0,28.74295,0,0,0,270,3,0,0
0,28.75082,0,0,0,270,3,0,0
0,28.75819,0,0,0,270,3,0,0
0,28.7655,0,0,0,270,3,0,0
0,28.77302,0,0,0,270,3,0,0
0,28.77994,0,0,0,270,3,0,0
0,28.78776,0,0,0,270,3,0,0
0,28.79424,0,0,0,270,3,0,0
0,28.80101,0,0,0,270,3,0,0
0,28.80801,0,0,0,270,3,0,0
0,28.81863,0,0,0,270,3,0,0
0,28.82653,0,0,0,270,3,0,0
0,28.83502,0,0,0,270,3,0,0
0,28.84412,0,0,0,270,3,0,0
0,28.85405,0,0,0,270,3,0,0
0,28.86223,0,0,0,270,3,0,0
0,28.87099,0,0,0,270,3,0,0
0,28.88901,0,0,0,270,3,0,0
0,28.89688,0,0,0,270,3,0,0
0,28.90586,0,0,0,270,3,0,0
0,28.91523,0,0,0,270,3,0,0
0,28.92589,0,0,0,270,3,0,0
0,28.93531,0,0,0,270,3,0,0
0,28.94765,0,0,0,270,3,0,0
0,28.95787,0,0,0,270,3,0,0
0,28.96699,0,0,0,270,3,0,0
0,28.97697,0,0,0,270,3,0,0
0,28.98624,0,0,0,270,3,0,0
0,28.99501,0,0,0,270,3,0,0
0,29.00483,0,0,0,270,3,0,0
0,29.01408,0,0,0,270,3,0,0
0,29.02499,0,0,0,270,3,0,0
0,29.03601,0,0,0,270,3,0,0
0,29.04564,0,0,0,270,3,0,0
0,29.0556,0,0,0,270,3,0,0
0,29.06591,0,0,0,270,3,0,0
0,29.07486,0,0,0,270,3,0,0
0,29.08406,0,0,0,270,3,0,0
0,29.09257,0,0,0,270,3,0,0
0,29.10302,0,0,0,270,3,0,0
0,29.11343,0,0,0,270,3,0,0
0,29.12622,0,0,0,270,3,0,0
0,29.13784,0,0,0,270,3,0,0
0,29.15179,0,0,0,270,3,0,0
0,29.1632,0,0,0,270,3,0,0
0,29.17432,0,0,0,270,3,0,0
0,29.18393,0,0,0,270,3,0,0
0,29.19278,0,0,0,270,3,0,0
0,29.20254,0,0,0,270,3,0,0
0,29.21275,0,0,0,270,3,0,0
0,29.22301,0,0,0,270,3,0,0
0,29.23177,0,0,0,270,3,0,0
0,29.23993,0,0,0,270,3,0,0
0,29.24761,0,0,0,270,3,0,0
0,29.25706,0,0,0,270,3,0,0
0,29.26735,0,0,0,270,3,0,0
0,29.27789,0,0,0,270,3,0,0
0,29.28778,0,0,0,270,3,0,0
0,29.29692,0,0,0,270,3,0,0
0,29.30658,0,0,0,270,3,0,0
0,29.31541,0,0,0,270,3,0,0
0,29.32334,0,0,0,270,3,0,0
0,29.33413,0,0,0,270,3,0,0
0,29.34444,0,0,0,270,3,0,0
0,29.35702,0,0,0,270,3,0,0
0,29.3671,0,0,0,270,3,0,0
0,29.37622,0,0,0,270,3,0,0
0,29.38352,0,0,0,270,3,0,0
0,29.39333,0,0,0,270,3,0,0
0,29.40314,0,0,0,270,3,0,0
0,29.41243,0,0,0,270,3,0,0
0,29.42102,0,0,0,270,3,0,0
0,29.42845,0,0,0,270,3,0,0
0,29.43629,0,0,0,270,3,0,0
0,29.44359,0,0,0,270,3,0,0
0,29.4518,0,0,0,270,3,0,0
0,29.45999,0,0,0,270,3,0,0
0,29.46819,0,0,0,270,3,0,0
0,29.47643,0,0,0,270,3,0,0
0,29.48455,0,0,0,270,3,0,0
0,29.49233,0,0,0,270,3,0,0
0,29.49973,0,0,0,270,3,0,0
0,29.50632,0,0,0,270,3,0,0
0,29.51408,0,0,0,270,3,0,0
0,29.52172,0,0,0,270,3,0,0
0,29.52886,0,0,0,270,3,0,0
0,29.53588,0,0,0,270,3,0,0
0,29.54288,0,0,0,270,3,0,0
0,29.54941,0,0,0,270,3,0,0
0,29.55878,0,0,0,270,3,0,0
0,29.56614,0,0,0,270,3,0,0
0,29.57309,0,0,0,270,3,0,0
0,29.58104,0,0,0,270,3,0,0
0,29.58833,0,0,0,270,3,0,0
0,29.5958,0,0,0,270,3,0,0
0,29.60322,0,0,0,270,3,0,0
0,29.61084,0,0,0,270,3,0,0
0,29.61793,0,0,0,270,3,0,0
0,29.62578,0,0,0,270,3,0,0
0,29.63377,0,0,0,270,3,0,0
0,29.64111,0,0,0,270,3,0,0
0,29.64872,0,0,0,270,3,0,0
0,29.65743,0,0,0,270,3,0,0
0,29.66376,0,0,0,270,3,0,0
0,29.67082,0,0,0,270,3,0,0
0,29.67895,0,0,0,270,3,0,0
0,29.68597,0,0,0,270,3,0,0
0,29.69369,0,0,0,270,3,0,0
0,29.70105,0,0,0,270,3,0,0
0,29.70951,0,0,0,270,3,0,0
0,29.71687,0,0,0,270,3,0,0
0,29.72438,0,0,0,270,3,0,0
0,29.73258,0,0,0,270,3,0,0
0,29.74028,0,0,0,270,3,0,0
0,29.74786,0,0,0,270,3,0,0
0,29.75526,0,0,0,270,3,0,0
0,29.76454,0,0,0,270,3,0,0
0,29.77214,0,0,0,270,3,0,0
0,29.77944,0,0,0,270,3,0,0
0,29.78774,0,0,0,270,3,0,0
0,29.79505,0,0,0,270,3,0,0
0,29.8028,0,0,0,270,3,0,0
0,29.80997,0,0,0,270,3,0,0
0,29.81712,0,0,0,270,3,0,0
0,29.82597,0,0,0,270,3,0,0
0,29.83684,0,0,0,270,3,0,0
0,29.84498,0,0,0,270,3,0,0
0,29.85146,0,0,0,270,3,0,0
0,29.8583,0,0,0,270,3,0,0
0,29.86552,0,0,0,270,3,0,0
0,29.87278,0,0,0,270,3,0,0
0,29.87985,0,0,0,270,3,0,0
0,29.88758,0,0,0,270,3,0,0
0,29.89536,0,0,0,270,3,0,0
0,29.90333,0,0,0,270,3,0,0
0,29.91157,0,0,0,270,3,0,0
0,29.91931,0,0,0,270,3,0,0
0,29.92799,0,0,0,270,3,0,0
0,29.93553,0,0,0,270,3,0,0
0,29.94252,0,0,0,270,3,0,0
0,29.94951,0,0,0,270,3,0,0
0,29.95811,0,0,0,270,3,0,0
0,29.96618,0,0,0,270,3,0,0
0,29.97372,0,0,0,270,3,0,0
0,29.98207,0,0,0,270,3,0,0
0,29.99399,0,0,0,270,3,0,0
0,30.00546,0,0,0,270,3,0,0
0,30.01682,0,0,0,270,3,0,0
0,30.02805,0,0,0,270,3,0,0
0,30.03957,0,0,0,270,3,0,0
0,30.05005,0,0,0,270,3,0,0
0,30.05979,0,0,0,270,3,0,0
0,30.06906,0,0,0,270,3,0,0
0,30.07955,0,0,0,270,3,0,0
0,30.08905,0,0,0,270,3,0,0
0,30.09988,0,0,0,270,3,0,0
0,30.11107,0,0,0,270,3,0,0
0,30.12109,0,0,0,270,3,0,0
0,30.13199,0,0,0,270,3,0,0
0,30.14388,0,0,0,270,3,0,0
0,30.15934,0,0,0,270,3,0,0
0,30.17287,0,0,0,270,3,0,0
0,30.18352,0,0,0,270,3,0,0
0,30.19673,0,0,0,270,3,0,0
0,30.20733,0,0,0,270,3,0,0
0,30.21708,0,0,0,270,3,0,0
0,30.22674,0,0,0,270,3,0,0
0,30.23742,0,0,0,270,3,0,0
0,30.24604,0,0,0,270,3,0,0
0,30.25552,0,0,0,270,3,0,0
0,30.26631,0,0,0,270,3,0,0
0,30.27673,0,0,0,270,3,0,0
0,30.28859,0,0,0,270,3,0,0
0,30.2975,0,0,0,270,3,0,0
0,30.30685,0,0,0,270,3,0,0
0,30.32933,0,0,0,270,3,0,0
0,30.34014,0,0,0,270,3,0,0
0,30.35115,0,0,0,270,3,0,0
0,30.36042,0,0,0,270,3,0,0
0,30.37093,0,0,0,270,3,0,0
0,30.38072,0,0,0,270,3,0,0
0,30.39023,0,0,0,270,3,0,0
0,30.39808,0,0,0,270,3,0,0
0,30.4072,0,0,0,270,3,0,0
0,30.41761,0,0,0,270,3,0,0
0,30.42678,0,0,0,270,3,0,0
0,30.43512,0,0,0,270,3,0,0
0,30.44433,0,0,0,270,3,0,0
0,30.45391,0,0,0,270,3,0,0
0,30.46328,0,0,0,270,3,0,0
0,30.47355,0,0,0,270,3,0,0
0,30.48428,0,0,0,270,3,0,0
0,30.49585,0,0,0,270,3,0,0
0,30.50602,0,0,0,270,3,0,0
0,30.51689,0,0,0,270,3,0,0
0,30.52613,0,0,0,270,3,0,0
0,30.53732,0,0,0,270,3,0,0
0,30.5477,0,0,0,270,3,0,0
0,30.55739,0,0,0,270,3,0,0
0,30.56731,0,0,0,270,3,0,0
0,30.57908,0,0,0,270,3,0,0
0,30.58734,0,0,0,270,3,0,0
0,30.59611,0,0,0,270,3,0,0
0,30.60425,0,0,0,270,3,0,0
0,30.61295,0,0,0,270,3,0,0
0,30.62158,0,0,0,270,3,0,0
0,30.63044,0,0,0,270,3,0,0
0,30.64015,0,0,0,270,3,0,0
0,30.64893,0,0,0,270,3,0,0
0,30.65839,0,0,0,270,3,0,0
0,30.66682,0,0,0,270,3,0,0
0,30.67574,0,0,0,270,3,0,0
0,30.6834,0,0,0,270,3,0,0
0,30.69188,0,0,0,270,3,0,0
0,30.69981,0,0,0,270,3,0,0
0,30.7073,0,0,0,270,3,0,0
0,30.71514,0,0,0,270,3,0,0
0,30.72412,0,0,0,270,3,0,0
0,30.7314,0,0,0,270,3,0,0
0,30.74058,0,0,0,270,3,0,0
0,30.74894,0,0,0,270,3,0,0
0,30.75727,0,0,0,270,3,0,0
0,30.76602,0,0,0,270,3,0,0
0,30.77332,0,0,0,270,3,0,0
0,30.7842,0,0,0,270,3,0,0
0,30.79274,0,0,0,270,3,0,0
0,30.80067,0,0,0,270,3,0,0
0,30.8078,0,0,0,270,3,0,0
0,30.81712,0,0,0,270,3,0,0
0,30.8251,0,0,0,270,3,0,0
0,30.83285,0,0,0,270,3,0,0
0,30.83999,0,0,0,270,3,0,0
0,30.85112,0,0,0,270,3,0,0
0,30.85817,0,0,0,270,3,0,0
0,30.86555,0,0,0,270,3,0,0
0,30.8726,0,0,0,270,3,0,0
0,30.88017,0,0,0,270,3,0,0
0,30.88725,0,0,0,270,3,0,0
0,30.89464,0,0,0,270,3,0,0
0,30.9024,0,0,0,270,3,0,0
0,30.91,0,0,0,270,3,0,0
0,30.91697,0,0,0,270,3,0,0
0,30.925,0,0,0,270,3,0,0
0,30.93198,0,0,0,270,3,0,0
0,30.93985,0,0,0,270,3,0,0
0,30.9484,0,0,0,270,3,0,0
0,30.95586,0,0,0,270,3,0,0
0,30.96243,0,0,0,270,3,0,0
0,30.97052,0,0,0,270,3,0,0
0,30.97828,0,0,0,270,3,0,0
0,30.98816,0,0,0,270,3,0,0
0,30.9947,0,0,0,270,3,0,0
0,31.00267,0,0,0,270,3,0,0
0,31.00992,0,0,0,270,3,0,0
0,31.01725,0,0,0,270,3,0,0
0,31.02392,0,0,0,270,3,0,0
0,31.03171,0,0,0,270,3,0,0
0,31.03877,0,0,0,270,3,0,0
0,31.04591,0,0,0,270,3,0,0
0,31.05387,0,0,0,270,3,0,0
0,31.06226,0,0,0,270,3,0,0
0,31.06998,0,0,0,270,3,0,0
0,31.0775,0,0,0,270,3,0,0
0,31.08459,0,0,0,270,3,0,0
0,31.09182,0,0,0,270,3,0,0
0,31.09946,0,0,0,270,3,0,0
0,31.10638,0,0,0,270,3,0,0
0,31.11384,0,0,0,270,3,0,0
0,31.12193,0,0,0,270,3,0,0
0,31.13143,0,0,0,270,3,0,0
0,31.13917,0,0,0,270,3,0,0
0,31.14923,0,0,0,270,3,0,0
0,31.16015,0,0,0,270,3,0,0
0,31.17194,0,0,0,270,3,0,0
0,31.18427,0,0,0,270,3,0,0
0,31.19567,0,0,0,270,3,0,0
0,31.20731,0,0,0,270,3,0,0
0,31.21844,0,0,0,270,3,0,0
0,31.22794,0,0,0,270,3,0,0
0,31.23871,0,0,0,270,3,0,0
0,31.24884,0,0,0,270,3,0,0
0,31.25895,0,0,0,270,3,0,0
0,31.27046,0,0,0,270,3,0,0
0,31.28064,0,0,0,270,3,0,0
0,31.29036,0,0,0,270,3,0,0
0,31.30166,0,0,0,270,3,0,0
0,31.31294,0,0,0,270,3,0,0
0,31.32319,0,0,0,270,3,0,0
0,31.33451,0,0,0,270,3,0,0
0,31.34503,0,0,0,270,3,0,0
0,31.35481,0,0,0,270,3,0,0
0,31.36551,0,0,0,270,3,0,0
0,31.37589,0,0,0,270,3,0,0
0,31.38625,0,0,0,270,3,0,0
0,31.39878,0,0,0,270,3,0,0
0,31.40763,0,0,0,270,3,0,0
0,31.41669,0,0,0,270,3,0,0
0,31.42781,0,0,0,270,3,0,0
0,31.43763,0,0,0,270,3,0,0
0,31.44706,0,0,0,270,3,0,0
0,31.45685,0,0,0,270,3,0,0
0,31.46553,0,0,0,270,3,0,0
0,31.47382,0,0,0,270,3,0,0
0,31.48346,0,0,0,270,3,0,0
0,31.49297,0,0,0,270,3,0,0
0,31.50443,0,0,0,270,3,0,0
0,31.51536,0,0,0,270,3,0,0
0,31.52524,0,0,0,270,3,0,0
0,31.53598,0,0,0,270,3,0,0
0,31.54402,0,0,0,270,3,0,0
0,31.55403,0,0,0,270,3,0,0
0,31.56227,0,0,0,270,3,0,0
0,31.57105,0,0,0,270,3,0,0
0,31.57998,0,0,0,270,3,0,0
0,31.58835,0,0,0,270,3,0,0
0,31.60036,0,0,0,270,3,0,0
0,31.60892,0,0,0,270,3,0,0
0,31.61712,0,0,0,270,3,0,0
0,31.62656,0,0,0,270,3,0,0
0,31.63781,0,0,0,270,3,0,0
0,31.64783,0,0,0,270,3,0,0
0,31.65862,0,0,0,270,3,0,0
0,31.66756,0,0,0,270,3,0,0
0,31.67671,0,0,0,270,3,0,0
0,31.68433,0,0,0,270,3,0,0
0,31.6931,0,0,0,270,3,0,0
0,31.70152,0,0,0,270,3,0,0
0,31.70903,0,0,0,270,3,0,0
0,31.71728,0,0,0,270,3,0,0
0,31.7258,0,0,0,270,3,0,0
0,31.73447,0,0,0,270,3,0,0
0,31.74306,0,0,0,270,3,0,0
0,31.75376,0,0,0,270,3,0,0
0,31.77436,0,0,0,270,3,0,0
0,31.78223,0,0,0,270,3,0,0
0,31.78934,0,0,0,270,3,0,0
0,31.7994,0,0,0,270,3,0,0
0,31.80707,0,0,0,270,3,0,0
0,31.81671,0,0,0,270,3,0,0
0,31.82483,0,0,0,270,3,0,0
0,31.8335,0,0,0,270,3,0,0
0,31.84123,0,0,0,270,3,0,0
0,31.84855,0,0,0,270,3,0,0
0,31.85775,0,0,0,270,3,0,0
0,31.86761,0,0,0,270,3,0,0
0,31.87573,0,0,0,270,3,0,0
0,31.88337,0,0,0,270,3,0,0
0,31.8918,0,0,0,270,3,0,0
0,31.90046,0,0,0,270,3,0,0
0,31.90823,0,0,0,270,3,0,0
0,31.9162,0,0,0,270,3,0,0
0,31.92481,0,0,0,270,3,0,0
0,31.93253,0,0,0,270,3,0,0
0,31.94091,0,0,0,270,3,0,0
0,31.94997,0,0,0,270,3,0,0
0,31.95807,0,0,0,270,3,0,0
0,31.96568,0,0,0,270,3,0,0
0,31.9738,0,0,0,270,3,0,0
0,31.98167,0,0,0,270,3,0,0
0,31.99041,0,0,0,270,3,0,0
0,31.99997,0,0,0,270,3,0,0
0,32.0094,0,0,0,270,3,0,0
0,32.01723,0,0,0,270,3,0,0
0,32.02547,0,0,0,270,3,0,0
0,32.03243,0,0,0,270,3,0,0
0,32.03978,0,0,0,270,3,0,0
0,32.04668,0,0,0,270,3,0,0
0,32.05404,0,0,0,270,3,0,0
0,32.06102,0,0,0,270,3,0,0
0,32.0691,0,0,0,270,3,0,0
0,32.07708,0,0,0,270,3,0,0
0,32.08375,0,0,0,270,3,0,0
0,32.09124,0,0,0,270,3,0,0
0,32.09845,0,0,0,270,3,0,0
0,32.10527,0,0,0,270,3,0,0
0,32.11304,0,0,0,270,3,0,0
0,32.12078,0,0,0,270,3,0,0
0,32.12839,0,0,0,270,3,0,0
0,32.1359,0,0,0,270,3,0,0
0,32.14402,0,0,0,270,3,0,0
0,32.1516,0,0,0,270,3,0,0
0,32.15964,0,0,0,270,3,0,0
0,32.16682,0,0,0,270,3,0,0
0,32.17455,0,0,0,270,3,0,0
0,32.18439,0,0,0,270,3,0,0
0,32.19375,0,0,0,270,3,0,0
0,32.20869,0,0,0,270,3,0,0
0,32.21663,0,0,0,270,3,0,0
0,32.22399,0,0,0,270,3,0,0
0,32.2329,0,0,0,270,3,0,0
0,32.24279,0,0,0,270,3,0,0
0,32.25179,0,0,0,270,3,0,0
0,32.26135,0,0,0,270,3,0,0
0,32.27094,0,0,0,270,3,0,0
0,32.28021,0,0,0,270,3,0,0
0,32.29067,0,0,0,270,3,0,0
0,32.29959,0,0,0,270,3,0,0
0,32.30745,0,0,0,270,3,0,0
0,32.31802,0,0,0,270,3,0,0
0,32.32896,0,0,0,270,3,0,0
0,32.3403,0,0,0,270,3,0,0
0,32.35065,0,0,0,270,3,0,0
0,32.36017,0,0,0,270,3,0,0
0,32.37032,0,0,0,270,3,0,0
0,32.38156,0,0,0,270,3,0,0
0,32.39192,0,0,0,270,3,0,0
0,32.40139,0,0,0,270,3,0,0
0,32.4146,0,0,0,270,3,0,0
0,32.42395,0,0,0,270,3,0,0
0,32.43303,0,0,0,270,3,0,0
0,32.4434,0,0,0,270,3,0,0
0,32.45292,0,0,0,270,3,0,0
0,32.4642,0,0,0,270,3,0,0
0,32.47486,0,0,0,270,3,0,0
0,32.48342,0,0,0,270,3,0,0
0,32.49311,0,0,0,270,3,0,0
0,32.5033,0,0,0,270,3,0,0
0,32.51357,0,0,0,270,3,0,0
0,32.52317,0,0,0,270,3,0,0
0,32.53192,0,0,0,270,3,0,0
0,32.54066,0,0,0,270,3,0,0
0,32.54901,0,0,0,270,3,0,0
0,32.5589,0,0,0,270,3,0,0
0,32.56878,0,0,0,270,3,0,0
0,32.57968,0,0,0,270,3,0,0
0,32.58926,0,0,0,270,3,0,0
0,32.59972,0,0,0,270,3,0,0
0,32.61057,0,0,0,270,3,0,0
0,32.6237,0,0,0,270,3,0,0
0,32.63427,0,0,0,270,3,0,0
0,32.64477,0,0,0,270,3,0,0
0,32.65429,0,0,0,270,3,0,0
0,32.66726,0,0,0,270,3,0,0
0,32.67724,0,0,0,270,3,0,0
0,32.6871,0,0,0,270,3,0,0
0,32.69737,0,0,0,270,3,0,0
0,32.70744,0,0,0,270,3,0,0
0,32.71815,0,0,0,270,3,0,0
0,32.72733,0,0,0,270,3,0,0
0,32.73758,0,0,0,270,3,0,0
0,32.74797,0,0,0,270,3,0,0
0,32.7597,0,0,0,270,3,0,0
0,32.77068,0,0,0,270,3,0,0
0,32.78154,0,0,0,270,3,0,0
0,32.79047,0,0,0,270,3,0,0
0,32.80065,0,0,0,270,3,0,0
0,32.80809,0,0,0,270,3,0,0
0,32.81738,0,0,0,270,3,0,0
0,32.82802,0,0,0,270,3,0,0
0,32.83613,0,0,0,270,3,0,0
0,32.84541,0,0,0,270,3,0,0
0,32.85412,0,0,0,270,3,0,0
0,32.86233,0,0,0,270,3,0,0
0,32.87048,0,0,0,270,3,0,0
0,32.88266,0,0,0,270,3,0,0
0,32.89178,0,0,0,270,3,0,0
0,32.90045,0,0,0,270,3,0,0
0,32.90733,0,0,0,270,3,0,0
0,32.91591,0,0,0,270,3,0,0
0,32.92268,0,0,0,270,3,0,0
0,32.93058,0,0,0,270,3,0,0
0,32.93867,0,0,0,270,3,0,0
0,32.94724,0,0,0,270,3,0,0
0,32.95623,0,0,0,270,3,0,0
0,32.96369,0,0,0,270,3,0,0
0,32.97124,0,0,0,270,3,0,0
0,32.97911,0,0,0,270,3,0,0
0,32.98607,0,0,0,270,3,0,0
0,32.99349,0,0,0,270,3,0,0
0,33.00175,0,0,0,270,3,0,0
0,33.0084,0,0,0,270,3,0,0
0,33.0173,0,0,0,270,3,0,0
0,33.02451,0,0,0,270,3,0,0
0,33.03392,0,0,0,270,3,0,0
0,33.04162,0,0,0,270,3,0,0
0,33.04937,0,0,0,270,3,0,0
0,33.0577,0,0,0,270,3,0,0
0,33.06595,0,0,0,270,3,0,0
0,33.07311,0,0,0,270,3,0,0
0,33.08062,0,0,0,270,3,0,0
0,33.08797,0,0,0,270,3,0,0
0,33.09515,0,0,0,270,3,0,0
0,33.10228,0,0,0,270,3,0,0
0,33.10968,0,0,0,270,3,0,0
0,33.11694,0,0,0,270,3,0,0
0,33.12412,0,0,0,270,3,0,0
0,33.13295,0,0,0,270,3,0,0
0,33.13997,0,0,0,270,3,0,0
0,33.14783,0,0,0,270,3,0,0
0,33.15587,0,0,0,270,3,0,0
0,33.16396,0,0,0,270,3,0,0
0,33.1718,0,0,0,270,3,0,0
0,33.18909,0,0,0,270,3,0,0
0,33.19659,0,0,0,270,3,0,0
0,33.20636,0,0,0,270,3,0,0
0,33.21643,0,0,0,270,3,0,0
0,33.22749,0,0,0,270,3,0,0
0,33.23625,0,0,0,270,3,0,0
0,33.24413,0,0,0,270,3,0,0
0,33.25457,0,0,0,270,3,0,0
0,33.26223,0,0,0,270,3,0,0
0,33.2697,0,0,0,270,3,0,0
0,33.27758,0,0,0,270,3,0,0
0,33.28527,0,0,0,270,3,0,0
0,33.29309,0,0,0,270,3,0,0
0,33.30009,0,0,0,270,3,0,0
0,33.30637,0,0,0,270,3,0,0
0,33.31462,0,0,0,270,3,0,0
0,33.32216,0,0,0,270,3,0,0
0,33.32933,0,0,0,270,3,0,0
0,33.3373,0,0,0,270,3,0,0
0,33.34529,0,0,0,270,3,0,0
0,33.35384,0,0,0,270,3,0,0
0,33.36043,0,0,0,270,3,0,0
0,33.36657,0,0,0,270,3,0,0
0,33.37299,0,0,0,270,3,0,0
0,33.38095,0,0,0,270,3,0,0
0,33.39034,0,0,0,270,3,0,0
0,33.39984,0,0,0,270,3,0,0
0,33.40753,0,0,0,270,3,0,0
0,33.41777,0,0,0,270,3,0,0
0,33.42586,0,0,0,270,3,0,0
0,33.43422,0,0,0,270,3,0,0
0,33.44473,0,0,0,270,3,0,0
0,33.45369,0,0,0,270,3,0,0
0,33.4626,0,0,0,270,3,0,0
0,33.47342,0,0,0,270,3,0,0
0,33.48426,0,0,0,270,3,0,0
0,33.49496,0,0,0,270,3,0,0
0,33.5055,0,0,0,270,3,0,0
0,33.51692,0,0,0,270,3,0,0
0,33.52657,0,0,0,270,3,0,0
0,33.53671,0,0,0,270,3,0,0
0,33.54694,0,0,0,270,3,0,0
0,33.55596,0,0,0,270,3,0,0
0,33.56683,0,0,0,270,3,0,0
0,33.57824,0,0,0,270,3,0,0
0,33.58914,0,0,0,270,3,0,0
0,33.59863,0,0,0,270,3,0,0
0,33.60859,0,0,0,270,3,0,0
0,33.61755,0,0,0,270,3,0,0
0,33.62803,0,0,0,270,3,0,0
0,33.63889,0,0,0,270,3,0,0
0,33.65162,0,0,0,270,3,0,0
0,33.66125,0,0,0,270,3,0,0
0,33.67033,0,0,0,270,3,0,0
0,33.67932,0,0,0,270,3,0,0
0,33.68847,0,0,0,270,3,0,0
0,33.6968,0,0,0,270,3,0,0
0,33.70618,0,0,0,270,3,0,0
0,33.71613,0,0,0,270,3,0,0
0,33.72562,0,0,0,270,3,0,0
0,33.736,0,0,0,270,3,0,0
0,33.74603,0,0,0,270,3,0,0
0,33.7578,0,0,0,270,3,0,0
0,33.76886,0,0,0,270,3,0,0
0,33.77827,0,0,0,270,3,0,0
0,33.78835,0,0,0,270,3,0,0
0,33.79709,0,0,0,270,3,0,0
0,33.80534,0,0,0,270,3,0,0
0,33.81421,0,0,0,270,3,0,0
0,33.82398,0,0,0,270,3,0,0
0,33.83466,0,0,0,270,3,0,0
0,33.84336,0,0,0,270,3,0,0
0,33.85425,0,0,0,270,3,0,0
0,33.86201,0,0,0,270,3,0,0
0,33.87069,0,0,0,270,3,0,0
0,33.88002,0,0,0,270,3,0,0
0,33.89001,0,0,0,270,3,0,0
0,33.90064,0,0,0,270,3,0,0
0,33.91045,0,0,0,270,3,0,0
0,33.91808,0,0,0,270,3,0,0
0,33.92568,0,0,0,270,3,0,0
0,33.93264,0,0,0,270,3,0,0
0,33.94006,0,0,0,270,3,0,0
0,33.94678,0,0,0,270,3,0,0
0,33.95594,0,0,0,270,3,0,0
0,33.96279,0,0,0,270,3,0,0
0,33.97275,0,0,0,270,3,0,0
0,33.98051,0,0,0,270,3,0,0
0,33.98822,0,0,0,270,3,0,0
0,33.99524,0,0,0,270,3,0,0
0,34.00423,0,0,0,270,3,0,0
0,34.0121,0,0,0,270,3,0,0
0,34.02107,0,0,0,270,3,0,0
0,34.02852,0,0,0,270,3,0,0
0,34.03666,0,0,0,270,3,0,0
0,34.0452,0,0,0,270,3,0,0
0,34.05522,0,0,0,270,3,0,0
0,34.0624,0,0,0,270,3,0,0
0,34.07045,0,0,0,270,3,0,0
0,34.07809,0,0,0,270,3,0,0
0,34.08537,0,0,0,270,3,0,0
0,34.09349,0,0,0,270,3,0,0
0,34.10154,0,0,0,270,3,0,0
0,34.11112,0,0,0,270,3,0,0
0,34.11769,0,0,0,270,3,0,0
0,34.12556,0,0,0,270,3,0,0
0,34.13298,0,0,0,270,3,0,0
0,34.13986,0,0,0,270,3,0,0
0,34.14682,0,0,0,270,3,0,0
0,34.15422,0,0,0,270,3,0,0
0,34.16101,0,0,0,270,3,0,0
0,34.16827,0,0,0,270,3,0,0
0,34.17759,0,0,0,270,3,0,0
0,34.18519,0,0,0,270,3,0,0
0,34.19341,0,0,0,270,3,0,0
0,34.20058,0,0,0,270,3,0,0
0,34.20827,0,0,0,270,3,0,0
0,34.21614,0,0,0,270,3,0,0
0,34.22714,0,0,0,270,3,0,0
0,34.23979,0,0,0,270,3,0,0
0,34.25016,0,0,0,270,3,0,0
0,34.25944,0,0,0,270,3,0,0
0,34.26758,0,0,0,270,3,0,0
0,34.27717,0,0,0,270,3,0,0
0,34.28427,0,0,0,270,3,0,0
0,34.29144,0,0,0,270,3,0,0
0,34.29988,0,0,0,270,3,0,0
0,34.30666,0,0,0,270,3,0,0
0,34.31394,0,0,0,270,3,0,0
0,34.32088,0,0,0,270,3,0,0
0,34.32792,0,0,0,270,3,0,0
0,34.33646,0,0,0,270,3,0,0
0,34.34421,0,0,0,270,3,0,0
0,34.35152,0,0,0,270,3,0,0
0,34.35962,0,0,0,270,3,0,0
0,34.36905,0,0,0,270,3,0,0
0,34.37713,0,0,0,270,3,0,0
0,34.38406,0,0,0,270,3,0,0
0,34.39254,0,0,0,270,3,0,0
0,34.40054,0,0,0,270,3,0,0
0,34.40784,0,0,0,270,3,0,0
0,34.41472,0,0,0,270,3,0,0
0,34.4222,0,0,0,270,3,0,0
0,34.42886,0,0,0,270,3,0,0
0,34.43587,0,0,0,270,3,0,0
0,34.44287,0,0,0,270,3,0,0
0,34.44927,0,0,0,270,3,0,0
0,34.45698,0,0,0,270,3,0,0
0,34.46568,0,0,0,270,3,0,0
0,34.47353,0,0,0,270,3,0,0
0,34.48063,0,0,0,270,3,0,0
0,34.48913,0,0,0,270,3,0,0
0,34.49623,0,0,0,270,3,0,0
0,34.50427,0,0,0,270,3,0,0
0,34.5134,0,0,0,270,3,0,0
0,34.52403,0,0,0,270,3,0,0
0,34.53323,0,0,0,270,3,0,0
0,34.54288,0,0,0,270,3,0,0
0,34.55125,0,0,0,270,3,0,0
0,34.56293,0,0,0,270,3,0,0
0,34.57758,0,0,0,270,3,0,0
0,34.58777,0,0,0,270,3,0,0
0,34.59901,0,0,0,270,3,0,0
0,34.60813,0,0,0,270,3,0,0
0,34.61989,0,0,0,270,3,0,0
0,34.63116,0,0,0,270,3,0,0
0,34.64152,0,0,0,270,3,0,0
0,34.65369,0,0,0,270,3,0,0
0,34.66479,0,0,0,270,3,0,0
0,34.6786,0,0,0,270,3,0,0
0,34.6883,0,0,0,270,3,0,0
0,34.69883,0,0,0,270,3,0,0
0,34.70991,0,0,0,270,3,0,0
0,34.71908,0,0,0,270,3,0,0
0,34.72834,0,0,0,270,3,0,0
0,34.73872,0,0,0,270,3,0,0
0,34.74997,0,0,0,270,3,0,0
0,34.75851,0,0,0,270,3,0,0
0,34.76855,0,0,0,270,3,0,0
0,34.77838,0,0,0,270,3,0,0
0,34.78963,0,0,0,270,3,0,0
0,34.80031,0,0,0,270,3,0,0
0,34.81034,0,0,0,270,3,0,0
0,34.81946,0,0,0,270,3,0,0
0,34.83011,0,0,0,270,3,0,0
0,34.84023,0,0,0,270,3,0,0
0,34.85119,0,0,0,270,3,0,0
0,34.86075,0,0,0,270,3,0,0
0,34.8702,0,0,0,270,3,0,0
0,34.88248,0,0,0,270,3,0,0
0,34.89469,0,0,0,270,3,0,0
0,34.90428,0,0,0,270,3,0,0
0,34.91648,0,0,0,270,3,0,0
0,34.9273,0,0,0,270,3,0,0
0,34.93573,0,0,0,270,3,0,0
0,34.94556,0,0,0,270,3,0,0
0,34.95506,0,0,0,270,3,0,0
0,34.96308,0,0,0,270,3,0,0
0,34.9729,0,0,0,270,3,0,0
0,34.98264,0,0,0,270,3,0,0
0,34.99247,0,0,0,270,3,0,0
0,35.00274,0,0,0,270,3,0,0
0,35.01276,0,0,0,270,3,0,0
0,35.02282,0,0,0,270,3,0,0
0,35.03339,0,0,0,270,3,0,0
0,35.04253,0,0,0,270,3,0,0
0,35.05285,0,0,0,270,3,0,0
0,35.06572,0,0,0,270,3,0,0
0,35.07603,0,0,0,270,3,0,0
0,35.08908,0,0,0,270,3,0,0
0,35.09994,0,0,0,270,3,0,0
0,35.1101,0,0,0,270,3,0,0
0,35.11858,0,0,0,270,3,0,0
0,35.12812,0,0,0,270,3,0,0
0,35.13581,0,0,0,270,3,0,0
0,35.14523,0,0,0,270,3,0,0
0,35.15387,0,0,0,270,3,0,0
0,35.16368,0,0,0,270,3,0,0
0,35.17315,0,0,0,270,3,0,0
0,35.18142,0,0,0,270,3,0,0
0,35.19053,0,0,0,270,3,0,0
0,35.19896,0,0,0,270,3,0,0
0,35.20664,0,0,0,270,3,0,0
0,35.21498,0,0,0,270,3,0,0
0,35.22334,0,0,0,270,3,0,0
0,35.23186,0,0,0,270,3,0,0
0,35.24018,0,0,0,270,3,0,0
0,35.25091,0,0,0,270,3,0,0
0,35.26318,0,0,0,270,3,0,0
0,35.27227,0,0,0,270,3,0,0
0,35.28051,0,0,0,270,3,0,0
0,35.29366,0,0,0,270,3,0,0
0,35.30309,0,0,0,270,3,0,0
0,35.31157,0,0,0,270,3,0,0
0,35.32052,0,0,0,270,3,0,0
0,35.32941,0,0,0,270,3,0,0
0,35.33779,0,0,0,270,3,0,0
0,35.34725,0,0,0,270,3,0,0
0,35.35656,0,0,0,270,3,0,0
0,35.36582,0,0,0,270,3,0,0
0,35.37344,0,0,0,270,3,0,0
0,35.38433,0,0,0,270,3,0,0
0,35.39284,0,0,0,270,3,0,0
0,35.40065,0,0,0,270,3,0,0
0,35.40969,0,0,0,270,3,0,0
0,35.41768,0,0,0,270,3,0,0
0,35.42641,0,0,0,270,3,0,0
0,35.43479,0,0,0,270,3,0,0
0,35.44355,0,0,0,270,3,0,0
0,35.45105,0,0,0,270,3,0,0
0,35.45987,0,0,0,270,3,0,0
0,35.46755,0,0,0,270,3,0,0
0,35.47569,0,0,0,270,3,0,0
0,35.4843,0,0,0,270,3,0,0
0,35.49347,0,0,0,270,3,0,0
0,35.50116,0,0,0,270,3,0,0
0,35.51001,0,0,0,270,3,0,0
0,35.51802,0,0,0,270,3,0,0
0,35.52634,0,0,0,270,3,0,0
0,35.53579,0,0,0,270,3,0,0
0,35.54459,0,0,0,270,3,0,0
0,35.55213,0,0,0,270,3,0,0
0,35.55973,0,0,0,270,3,0,0
0,35.56866,0,0,0,270,3,0,0
0,35.57667,0,0,0,270,3,0,0
0,35.58435,0,0,0,270,3,0,0
0,35.59235,0,0,0,270,3,0,0
0,35.60085,0,0,0,270,3,0,0
0,35.60856,0,0,0,270,3,0,0
0,35.61684,0,0,0,270,3,0,0
0,35.62554,0,0,0,270,3,0,0
0,35.63517,0,0,0,270,3,0,0
0,35.64307,0,0,0,270,3,0,0
0,35.65053,0,0,0,270,3,0,0
0,35.65848,0,0,0,270,3,0,0
0,35.6683,0,0,0,270,3,0,0
0,35.67902,0,0,0,270,3,0,0
0,35.69059,0,0,0,270,3,0,0
0,35.70518,0,0,0,270,3,0,0
0,35.7151,0,0,0,270,3,0,0
0,35.72462,0,0,0,270,3,0,0
0,35.73488,0,0,0,270,3,0,0
0,35.7441,0,0,0,270,3,0,0
0,35.75282,0,0,0,270,3,0,0
0,35.76474,0,0,0,270,3,0,0
0,35.77544,0,0,0,270,3,0,0
0,35.78597,0,0,0,270,3,0,0
0,35.79797,0,0,0,270,3,0,0
0,35.80888,0,0,0,270,3,0,0
0,35.82361,0,0,0,270,3,0,0
0,35.83645,0,0,0,270,3,0,0
0,35.84881,0,0,0,270,3,0,0
0,35.85938,0,0,0,270,3,0,0
0,35.87042,0,0,0,270,3,0,0
0,35.88091,0,0,0,270,3,0,0
0,35.89054,0,0,0,270,3,0,0
0,35.90161,0,0,0,270,3,0,0
0,35.91155,0,0,0,270,3,0,0
0,35.92113,0,0,0,270,3,0,0
0,35.93345,0,0,0,270,3,0,0
0,35.94343,0,0,0,270,3,0,0
0,35.95263,0,0,0,270,3,0,0
0,35.9618,0,0,0,270,3,0,0
0,35.97199,0,0,0,270,3,0,0
0,35.98155,0,0,0,270,3,0,0
0,35.99106,0,0,0,270,3,0,0
0,36.00014,0,0,0,270,3,0,0
0,36.01037,0,0,0,270,3,0,0
0,36.01887,0,0,0,270,3,0,0
0,36.028,0,0,0,270,3,0,0
0,36.03814,0,0,0,270,3,0,0
0,36.04807,0,0,0,270,3,0,0
0,36.05828,0,0,0,270,3,0,0
0,36.06946,0,0,0,270,3,0,0
0,36.07925,0,0,0,270,3,0,0
0,36.09117,0,0,0,270,3,0,0
0,36.10435,0,0,0,270,3,0,0
0,36.11403,0,0,0,270,3,0,0
0,36.12246,0,0,0,270,3,0,0
0,36.1323,0,0,0,270,3,0,0
0,36.15268,0,0,0,270,3,0,0
0,36.16181,0,0,0,270,3,0,0
0,36.1721,0,0,0,270,3,0,0
0,36.18135,0,0,0,270,3,0,0
0,36.19187,0,0,0,270,3,0,0
0,36.19974,0,0,0,270,3,0,0
0,36.20945,0,0,0,270,3,0,0
0,36.2196,0,0,0,270,3,0,0
0,36.22958,0,0,0,270,3,0,0
0,36.23839,0,0,0,270,3,0,0
0,36.247,0,0,0,270,3,0,0
0,36.25753,0,0,0,270,3,0,0
0,36.26815,0,0,0,270,3,0,0
0,36.27632,0,0,0,270,3,0,0
0,36.2874,0,0,0,270,3,0,0
0,36.29894,0,0,0,270,3,0,0
0,36.31206,0,0,0,270,3,0,0
0,36.32026,0,0,0,270,3,0,0
0,36.32903,0,0,0,270,3,0,0
0,36.337,0,0,0,270,3,0,0
0,36.34576,0,0,0,270,3,0,0
0,36.35257,0,0,0,270,3,0,0
0,36.36095,0,0,0,270,3,0,0
0,36.369,0,0,0,270,3,0,0
0,36.3772,0,0,0,270,3,0,0
0,36.38486,0,0,0,270,3,0,0
0,36.39371,0,0,0,270,3,0,0
0,36.40233,0,0,0,270,3,0,0
0,36.41043,0,0,0,270,3,0,0
0,36.41687,0,0,0,270,3,0,0
0,36.42475,0,0,0,270,3,0,0
0,36.43298,0,0,0,270,3,0,0
0,36.4405,0,0,0,270,3,0,0
0,36.4479,0,0,0,270,3,0,0
0,36.4556,0,0,0,270,3,0,0
0,36.46381,0,0,0,270,3,0,0
0,36.47369,0,0,0,270,3,0,0
0,36.4816,0,0,0,270,3,0,0
0,36.49073,0,0,0,270,3,0,0
0,36.49808,0,0,0,270,3,0,0
0,36.50663,0,0,0,270,3,0,0
0,36.51478,0,0,0,270,3,0,0
0,36.5229,0,0,0,270,3,0,0
0,36.53059,0,0,0,270,3,0,0
0,36.53812,0,0,0,270,3,0,0
0,36.54579,0,0,0,270,3,0,0
0,36.55286,0,0,0,270,3,0,0
0,36.56015,0,0,0,270,3,0,0
0,36.56812,0,0,0,270,3,0,0
0,36.57582,0,0,0,270,3,0,0
0,36.58382,0,0,0,270,3,0,0
0,36.59081,0,0,0,270,3,0,0
0,36.59839,0,0,0,270,3,0,0
0,36.60468,0,0,0,270,3,0,0
0,36.6125,0,0,0,270,3,0,0
0,36.61928,0,0,0,270,3,0,0
0,36.62763,0,0,0,270,3,0,0
0,36.63589,0,0,0,270,3,0,0
0,36.64406,0,0,0,270,3,0,0
0,36.65065,0,0,0,270,3,0,0
0,36.65901,0,0,0,270,3,0,0
0,36.66652,0,0,0,270,3,0,0
0,36.67479,0,0,0,270,3,0,0
0,36.68328,0,0,0,270,3,0,0
0,36.69124,0,0,0,270,3,0,0
0,36.69847,0,0,0,270,3,0,0
0,36.70726,0,0,0,270,3,0,0
0,36.71389,0,0,0,270,3,0,0
0,36.72079,0,0,0,270,3,0,0
0,36.72713,0,0,0,270,3,0,0
0,36.73484,0,0,0,270,3,0,0
0,36.74131,0,0,0,270,3,0,0
0,36.74918,0,0,0,270,3,0,0
0,36.75671,0,0,0,270,3,0,0
0,36.7635,0,0,0,270,3,0,0
0,36.77116,0,0,0,270,3,0,0
0,36.778,0,0,0,270,3,0,0
0,36.78576,0,0,0,270,3,0,0
0,36.79346,0,0,0,270,3,0,0
0,36.80134,0,0,0,270,3,0,0
0,36.80772,0,0,0,270,3,0,0
0,36.81556,0,0,0,270,3,0,0
0,36.82365,0,0,0,270,3,0,0
0,36.83413,0,0,0,270,3,0,0
0,36.84297,0,0,0,270,3,0,0
0,36.85403,0,0,0,270,3,0,0
0,36.8632,0,0,0,270,3,0,0
0,36.87237,0,0,0,270,3,0,0
0,36.88148,0,0,0,270,3,0,0
0,36.89034,0,0,0,270,3,0,0
0,36.8993,0,0,0,270,3,0,0
0,36.91122,0,0,0,270,3,0,0
0,36.92082,0,0,0,270,3,0,0
0,36.93291,0,0,0,270,3,0,0
0,36.94545,0,0,0,270,3,0,0
0,36.95687,0,0,0,270,3,0,0
0,36.96626,0,0,0,270,3,0,0
0,36.97742,0,0,0,270,3,0,0
0,36.98819,0,0,0,270,3,0,0
0,36.99835,0,0,0,270,3,0,0
0,37.00742,0,0,0,270,3,0,0
0,37.01819,0,0,0,270,3,0,0
0,37.02668,0,0,0,270,3,0,0
0,37.03733,0,0,0,270,3,0,0
0,37.04787,0,0,0,270,3,0,0
0,37.0582,0,0,0,270,3,0,0
0,37.06833,0,0,0,270,3,0,0
0,37.07882,0,0,0,270,3,0,0
0,37.08898,0,0,0,270,3,0,0
0,37.09901,0,0,0,270,3,0,0
0,37.10938,0,0,0,270,3,0,0
0,37.12299,0,0,0,270,3,0,0
0,37.13185,0,0,0,270,3,0,0
0,37.14095,0,0,0,270,3,0,0
0,37.15022,0,0,0,270,3,0,0
0,37.15992,0,0,0,270,3,0,0
0,37.16904,0,0,0,270,3,0,0
0,37.17923,0,0,0,270,3,0,0
0,37.19061,0,0,0,270,3,0,0
0,37.20148,0,0,0,270,3,0,0
0,37.21318,0,0,0,270,3,0,0
0,37.22501,0,0,0,270,3,0,0
0,37.23549,0,0,0,270,3,0,0
0,37.24498,0,0,0,270,3,0,0
0,37.25505,0,0,0,270,3,0,0
0,37.26604,0,0,0,270,3,0,0
0,37.27746,0,0,0,270,3,0,0
0,37.29021,0,0,0,270,3,0,0
0,37.3003,0,0,0,270,3,0,0
0,37.31136,0,0,0,270,3,0,0
0,37.32889,0,0,0,270,3,0,0
0,37.3407,0,0,0,270,3,0,0
0,37.35227,0,0,0,270,3,0,0
0,37.36343,0,0,0,270,3,0,0
0,37.37518,0,0,0,270,3,0,0
0,37.38609,0,0,0,270,3,0,0
0,37.39716,0,0,0,270,3,0,0
0,37.40839,0,0,0,270,3,0,0
0,37.41798,0,0,0,270,3,0,0
0,37.42779,0,0,0,270,3,0,0
0,37.43769,0,0,0,270,3,0,0
0,37.44721,0,0,0,270,3,0,0
0,37.45644,0,0,0,270,3,0,0
0,37.4651,0,0,0,270,3,0,0
0,37.47318,0,0,0,270,3,0,0
0,37.48085,0,0,0,270,3,0,0
0,37.48919,0,0,0,270,3,0,0
0,37.49637,0,0,0,270,3,0,0
0,37.50414,0,0,0,270,3,0,0
0,37.51177,0,0,0,270,3,0,0
0,37.52114,0,0,0,270,3,0,0
0,37.52816,0,0,0,270,3,0,0
0,37.53595,0,0,0,270,3,0,0
0,37.54389,0,0,0,270,3,0,0
0,37.5507,0,0,0,270,3,0,0
0,37.55782,0,0,0,270,3,0,0
0,37.56555,0,0,0,270,3,0,0
0,37.57191,0,0,0,270,3,0,0
0,37.5797,0,0,0,270,3,0,0
0,37.58677,0,0,0,270,3,0,0
0,37.59474,0,0,0,270,3,0,0
0,37.61107,0,0,0,270,3,0,0
0,37.61745,0,0,0,270,3,0,0
0,37.62566,0,0,0,270,3,0,0
0,37.6343,0,0,0,270,3,0,0
0,37.64173,0,0,0,270,3,0,0
0,37.64915,0,0,0,270,3,0,0
0,37.65708,0,0,0,270,3,0,0
0,37.66394,0,0,0,270,3,0,0
0,37.67157,0,0,0,270,3,0,0
0,37.67933,0,0,0,270,3,0,0
0,37.68734,0,0,0,270,3,0,0
0,37.6945,0,0,0,270,3,0,0
0,37.70297,0,0,0,270,3,0,0
0,37.71061,0,0,0,270,3,0,0
0,37.71741,0,0,0,270,3,0,0
0,37.72616,0,0,0,270,3,0,0
0,37.73356,0,0,0,270,3,0,0
0,37.74198,0,0,0,270,3,0,0
0,37.7505,0,0,0,270,3,0,0
0,37.75874,0,0,0,270,3,0,0
0,37.76663,0,0,0,270,3,0,0
0,37.77324,0,0,0,270,3,0,0
0,37.78012,0,0,0,270,3,0,0
0,37.78794,0,0,0,270,3,0,0
0,37.79512,0,0,0,270,3,0,0
0,37.8036,0,0,0,270,3,0,0
0,37.81147,0,0,0,270,3,0,0
0,37.82015,0,0,0,270,3,0,0
0,37.82853,0,0,0,270,3,0,0
0,37.83597,0,0,0,270,3,0,0
0,37.8442,0,0,0,270,3,0,0
0,37.85233,0,0,0,270,3,0,0
0,37.86062,0,0,0,270,3,0,0
0,37.86881,0,0,0,270,3,0,0
0,37.87731,0,0,0,270,3,0,0
0,37.88544,0,0,0,270,3,0,0
0,37.8932,0,0,0,270,3,0,0
0,37.90106,0,0,0,270,3,0,0
0,37.90799,0,0,0,270,3,0,0
0,37.91522,0,0,0,270,3,0,0
0,37.92289,0,0,0,270,3,0,0
0,37.93049,0,0,0,270,3,0,0
0,37.93747,0,0,0,270,3,0,0
0,37.9459,0,0,0,270,3,0,0
0,37.95352,0,0,0,270,3,0,0
0,37.96069,0,0,0,270,3,0,0
0,37.96984,0,0,0,270,3,0,0
0,37.97919,0,0,0,270,3,0,0
0,37.9871,0,0,0,270,3,0,0
0,37.99503,0,0,0,270,3,0,0
0,38.00405,0,0,0,270,3,0,0
0,38.0129,0,0,0,270,3,0,0
0,38.02201,0,0,0,270,3,0,0
0,38.03067,0,0,0,270,3,0,0
0,38.03934,0,0,0,270,3,0,0
0,38.04907,0,0,0,270,3,0,0
0,38.05983,0,0,0,270,3,0,0
0,38.07067,0,0,0,270,3,0,0
0,38.08123,0,0,0,270,3,0,0
0,38.09064,0,0,0,270,3,0,0
0,38.10099,0,0,0,270,3,0,0
0,38.11176,0,0,0,270,3,0,0
0,38.12187,0,0,0,270,3,0,0
0,38.13214,0,0,0,270,3,0,0
0,38.1453,0,0,0,270,3,0,0
0,38.15525,0,0,0,270,3,0,0
0,38.16511,0,0,0,270,3,0,0
0,38.17481,0,0,0,270,3,0,0
0,38.18458,0,0,0,270,3,0,0
0,38.19509,0,0,0,270,3,0,0
0,38.2053,0,0,0,270,3,0,0
0,38.21442,0,0,0,270,3,0,0
0,38.22446,0,0,0,270,3,0,0
0,38.23355,0,0,0,270,3,0,0
0,38.24352,0,0,0,270,3,0,0
0,38.25262,0,0,0,270,3,0,0
0,38.26237,0,0,0,270,3,0,0
0,38.27279,0,0,0,270,3,0,0
0,38.28426,0,0,0,270,3,0,0
0,38.29522,0,0,0,270,3,0,0
0,38.30874,0,0,0,270,3,0,0
0,38.32122,0,0,0,270,3,0,0
0,38.33372,0,0,0,270,3,0,0
0,38.34926,0,0,0,270,3,0,0
0,38.36517,0,0,0,270,3,0,0
0,38.37769,0,0,0,270,3,0,0
0,38.38717,0,0,0,270,3,0,0
0,38.39672,0,0,0,270,3,0,0
0,38.40731,0,0,0,270,3,0,0
0,38.41762,0,0,0,270,3,0,0
0,38.42883,0,0,0,270,3,0,0
0,38.43884,0,0,0,270,3,0,0
0,38.44767,0,0,0,270,3,0,0
0,38.45711,0,0,0,270,3,0,0
0,38.46541,0,0,0,270,3,0,0
0,38.4738,0,0,0,270,3,0,0
0,38.48224,0,0,0,270,3,0,0
0,38.49164,0,0,0,270,3,0,0
0,38.50293,0,0,0,270,3,0,0
0,38.5119,0,0,0,270,3,0,0
0,38.52216,0,0,0,270,3,0,0
0,38.53149,0,0,0,270,3,0,0
0,38.54018,0,0,0,270,3,0,0
0,38.55271,0,0,0,270,3,0,0
0,38.56177,0,0,0,270,3,0,0
0,38.57166,0,0,0,270,3,0,0
0,38.58019,0,0,0,270,3,0,0
0,38.58914,0,0,0,270,3,0,0
0,38.59668,0,0,0,270,3,0,0
0,38.60475,0,0,0,270,3,0,0
0,38.61316,0,0,0,270,3,0,0
0,38.62119,0,0,0,270,3,0,0
0,38.62923,0,0,0,270,3,0,0
0,38.63734,0,0,0,270,3,0,0
0,38.64514,0,0,0,270,3,0,0
0,38.65186,0,0,0,270,3,0,0
0,38.65956,0,0,0,270,3,0,0
0,38.66761,0,0,0,270,3,0,0
0,38.67501,0,0,0,270,3,0,0
0,38.68228,0,0,0,270,3,0,0
0,38.69065,0,0,0,270,3,0,0
0,38.698,0,0,0,270,3,0,0
0,38.7068,0,0,0,270,3,0,0
0,38.71431,0,0,0,270,3,0,0
0,38.72269,0,0,0,270,3,0,0
0,38.72926,0,0,0,270,3,0,0
0,38.7365,0,0,0,270,3,0,0
0,38.74414,0,0,0,270,3,0,0
0,38.75375,0,0,0,270,3,0,0
0,38.76159,0,0,0,270,3,0,0
0,38.77048,0,0,0,270,3,0,0
0,38.7782,0,0,0,270,3,0,0
0,38.78554,0,0,0,270,3,0,0
0,38.79261,0,0,0,270,3,0,0
0,38.80059,0,0,0,270,3,0,0
0,38.8077,0,0,0,270,3,0,0
0,38.81562,0,0,0,270,3,0,0
0,38.82335,0,0,0,270,3,0,0
0,38.83139,0,0,0,270,3,0,0
0,38.83911,0,0,0,270,3,0,0
0,38.84739,0,0,0,270,3,0,0
0,38.85598,0,0,0,270,3,0,0
0,38.86384,0,0,0,270,3,0,0
0,38.87096,0,0,0,270,3,0,0
0,38.87938,0,0,0,270,3,0,0
0,38.88801,0,0,0,270,3,0,0
0,38.89579,0,0,0,270,3,0,0
0,38.9044,0,0,0,270,3,0,0
0,38.91201,0,0,0,270,3,0,0
0,38.91917,0,0,0,270,3,0,0
0,38.92717,0,0,0,270,3,0,0
0,38.93549,0,0,0,270,3,0,0
0,38.94366,0,0,0,270,3,0,0
0,38.95052,0,0,0,270,3,0,0
0,38.96008,0,0,0,270,3,0,0
0,38.96739,0,0,0,270,3,0,0
0,38.9743,0,0,0,270,3,0,0
0,38.98094,0,0,0,270,3,0,0
0,38.99059,0,0,0,270,3,0,0
0,38.99932,0,0,0,270,3,0,0
0,39.00774,0,0,0,270,3,0,0
0,39.01961,0,0,0,270,3,0,0
0,39.03416,0,0,0,270,3,0,0
0,39.0413,0,0,0,270,3,0,0
0,39.04948,0,0,0,270,3,0,0
0,39.0569,0,0,0,270,3,0,0
0,39.06586,0,0,0,270,3,0,0
0,39.07322,0,0,0,270,3,0,0
0,39.08186,0,0,0,270,3,0,0
0,39.08991,0,0,0,270,3,0,0
0,39.09698,0,0,0,270,3,0,0
0,39.10417,0,0,0,270,3,0,0
0,39.11166,0,0,0,270,3,0,0
0,39.11882,0,0,0,270,3,0,0
0,39.12833,0,0,0,270,3,0,0
0,39.13667,0,0,0,270,3,0,0
0,39.14616,0,0,0,270,3,0,0
0,39.15519,0,0,0,270,3,0,0
0,39.16813,0,0,0,270,3,0,0
0,39.17802,0,0,0,270,3,0,0
0,39.18769,0,0,0,270,3,0,0
0,39.19646,0,0,0,270,3,0,0
0,39.20601,0,0,0,270,3,0,0
0,39.21483,0,0,0,270,3,0,0
0,39.22513,0,0,0,270,3,0,0
0,39.2346,0,0,0,270,3,0,0
0,39.24446,0,0,0,270,3,0,0
0,39.25501,0,0,0,270,3,0,0
0,39.26666,0,0,0,270,3,0,0
0,39.27727,0,0,0,270,3,0,0
0,39.28846,0,0,0,270,3,0,0
0,39.29877,0,0,0,270,3,0,0
0,39.30841,0,0,0,270,3,0,0
0,39.32161,0,0,0,270,3,0,0
0,39.3334,0,0,0,270,3,0,0
0,39.34427,0,0,0,270,3,0,0
0,39.35606,0,0,0,270,3,0,0
0,39.36877,0,0,0,270,3,0,0
0,39.3815,0,0,0,270,3,0,0
0,39.39507,0,0,0,270,3,0,0
0,39.40562,0,0,0,270,3,0,0
0,39.41652,0,0,0,270,3,0,0
0,39.42789,0,0,0,270,3,0,0
0,39.43805,0,0,0,270,3,0,0
0,39.44835,0,0,0,270,3,0,0
0,39.45734,0,0,0,270,3,0,0
0,39.46792,0,0,0,270,3,0,0
0,39.47871,0,0,0,270,3,0,0
0,39.48962,0,0,0,270,3,0,0
0,39.49955,0,0,0,270,3,0,0
0,39.50848,0,0,0,270,3,0,0
0,39.51872,0,0,0,270,3,0,0
0,39.53076,0,0,0,270,3,0,0
0,39.54136,0,0,0,270,3,0,0
0,39.55257,0,0,0,270,3,0,0
0,39.5638,0,0,0,270,3,0,0
0,39.57486,0,0,0,270,3,0,0
0,39.58399,0,0,0,270,3,0,0
0,39.59301,0,0,0,270,3,0,0
0,39.60228,0,0,0,270,3,0,0
0,39.61102,0,0,0,270,3,0,0
0,39.61982,0,0,0,270,3,0,0
0,39.63128,0,0,0,270,3,0,0
0,39.64238,0,0,0,270,3,0,0
0,39.6514,0,0,0,270,3,0,0
0,39.66206,0,0,0,270,3,0,0
0,39.67113,0,0,0,270,3,0,0
0,39.68166,0,0,0,270,3,0,0
0,39.69025,0,0,0,270,3,0,0
0,39.69854,0,0,0,270,3,0,0
0,39.70652,0,0,0,270,3,0,0
0,39.71465,0,0,0,270,3,0,0
0,39.72383,0,0,0,270,3,0,0
0,39.73215,0,0,0,270,3,0,0
0,39.74006,0,0,0,270,3,0,0
0,39.74864,0,0,0,270,3,0,0
0,39.75671,0,0,0,270,3,0,0
0,39.76495,0,0,0,270,3,0,0
0,39.77444,0,0,0,270,3,0,0
0,39.78215,0,0,0,270,3,0,0
0,39.79033,0,0,0,270,3,0,0
0,39.79821,0,0,0,270,3,0,0
0,39.80502,0,0,0,270,3,0,0
0,39.8125,0,0,0,270,3,0,0
0,39.82037,0,0,0,270,3,0,0
0,39.82761,0,0,0,270,3,0,0
0,39.83486,0,0,0,270,3,0,0
0,39.84156,0,0,0,270,3,0,0
0,39.84895,0,0,0,270,3,0,0
0,39.85632,0,0,0,270,3,0,0
0,39.86478,0,0,0,270,3,0,0
0,39.87188,0,0,0,270,3,0,0
0,39.88005,0,0,0,270,3,0,0
0,39.88704,0,0,0,270,3,0,0
0,39.89586,0,0,0,270,3,0,0
0,39.9046,0,0,0,270,3,0,0
0,39.9128,0,0,0,270,3,0,0
0,39.92034,0,0,0,270,3,0,0
0,39.92733,0,0,0,270,3,0,0
0,39.93435,0,0,0,270,3,0,0
0,39.94163,0,0,0,270,3,0,0
0,39.94828,0,0,0,270,3,0,0
0,39.95576,0,0,0,270,3,0,0
0,39.96279,0,0,0,270,3,0,0
0,39.97125,0,0,0,270,3,0,0
0,39.98032,0,0,0,270,3,0,0
0,39.98867,0,0,0,270,3,0,0
0,39.9956,0,0,0,270,3,0,0
0,40.00616,0,0,0,270,3,0,0
0,40.01547,0,0,0,270,3,0,0
0,40.02381,0,0,0,270,3,0,0
0,40.03181,0,0,0,270,3,0,0
0,40.0386,0,0,0,270,3,0,0
0,40.04547,0,0,0,270,3,0,0
0,40.05352,0,0,0,270,3,0,0
0,40.06208,0,0,0,270,3,0,0
0,40.0694,0,0,0,270,3,0,0
0,40.07658,0,0,0,270,3,0,0
0,40.08578,0,0,0,270,3,0,0
0,40.09417,0,0,0,270,3,0,0
0,40.1021,0,0,0,270,3,0,0
0,40.11016,0,0,0,270,3,0,0
0,40.1182,0,0,0,270,3,0,0
0,40.12807,0,0,0,270,3,0,0
0,40.1368,0,0,0,270,3,0,0
0,40.14694,0,0,0,270,3,0,0
0,40.15584,0,0,0,270,3,0,0
0,40.16581,0,0,0,270,3,0,0
0,40.17404,0,0,0,270,3,0,0
0,40.18489,0,0,0,270,3,0,0
0,40.19311,0,0,0,270,3,0,0
0,40.20067,0,0,0,270,3,0,0
0,40.20818,0,0,0,270,3,0,0
0,40.21621,0,0,0,270,3,0,0
0,40.22525,0,0,0,270,3,0,0
0,40.23361,0,0,0,270,3,0,0
0,40.241,0,0,0,270,3,0,0
0,40.24997,0,0,0,270,3,0,0
0,40.25707,0,0,0,270,3,0,0
0,40.26561,0,0,0,270,3,0,0
0,40.27368,0,0,0,270,3,0,0
0,40.28373,0,0,0,270,3,0,0
0,40.29248,0,0,0,270,3,0,0
0,40.30462,0,0,0,270,3,0,0
0,40.31651,0,0,0,270,3,0,0
0,40.32727,0,0,0,270,3,0,0
0,40.33976,0,0,0,270,3,0,0
0,40.34919,0,0,0,270,3,0,0
0,40.35813,0,0,0,270,3,0,0
0,40.36854,0,0,0,270,3,0,0
0,40.37999,0,0,0,270,3,0,0
0,40.39275,0,0,0,270,3,0,0
0,40.40249,0,0,0,270,3,0,0
0,40.4181,0,0,0,270,3,0,0
0,40.4306,0,0,0,270,3,0,0
0,40.44248,0,0,0,270,3,0,0
0,40.45304,0,0,0,270,3,0,0
0,40.46328,0,0,0,270,3,0,0
0,40.47379,0,0,0,270,3,0,0
0,40.48465,0,0,0,270,3,0,0
0,40.49571,0,0,0,270,3,0,0
0,40.50724,0,0,0,270,3,0,0
0,40.51774,0,0,0,270,3,0,0
0,40.52769,0,0,0,270,3,0,0
0,40.55034,0,0,0,270,3,0,0
0,40.55957,0,0,0,270,3,0,0
0,40.56974,0,0,0,270,3,0,0
0,40.58004,0,0,0,270,3,0,0
0,40.59336,0,0,0,270,3,0,0
0,40.60378,0,0,0,270,3,0,0
0,40.61391,0,0,0,270,3,0,0
0,40.62308,0,0,0,270,3,0,0
0,40.63411,0,0,0,270,3,0,0
0,40.64566,0,0,0,270,3,0,0
0,40.65604,0,0,0,270,3,0,0
0,40.66667,0,0,0,270,3,0,0
0,40.67714,0,0,0,270,3,0,0
0,40.68829,0,0,0,270,3,0,0
0,40.6997,0,0,0,270,3,0,0
0,40.71205,0,0,0,270,3,0,0
0,40.72266,0,0,0,270,3,0,0
0,40.73195,0,0,0,270,3,0,0
0,40.74091,0,0,0,270,3,0,0
0,40.75127,0,0,0,270,3,0,0
0,40.76184,0,0,0,270,3,0,0
0,40.77208,0,0,0,270,3,0,0
0,40.78283,0,0,0,270,3,0,0
0,40.7942,0,0,0,270,3,0,0
0,40.80484,0,0,0,270,3,0,0
0,40.81541,0,0,0,270,3,0,0
0,40.82612,0,0,0,270,3,0,0
0,40.83627,0,0,0,270,3,0,0
0,40.84718,0,0,0,270,3,0,0
0,40.85653,0,0,0,270,3,0,0
0,40.86583,0,0,0,270,3,0,0
0,40.8747,0,0,0,270,3,0,0
0,40.88447,0,0,0,270,3,0,0
0,40.89468,0,0,0,270,3,0,0
0,40.9035,0,0,0,270,3,0,0
0,40.91327,0,0,0,270,3,0,0
0,40.92258,0,0,0,270,3,0,0
0,40.93221,0,0,0,270,3,0,0
0,40.94151,0,0,0,270,3,0,0
0,40.94985,0,0,0,270,3,0,0
0,40.95866,0,0,0,270,3,0,0
0,40.96876,0,0,0,270,3,0,0
0,40.97585,0,0,0,270,3,0,0
0,40.98301,0,0,0,270,3,0,0
0,40.9916,0,0,0,270,3,0,0
0,40.99887,0,0,0,270,3,0,0
0,41.00611,0,0,0,270,3,0,0
0,41.01393,0,0,0,270,3,0,0
0,41.02282,0,0,0,270,3,0,0
0,41.02992,0,0,0,270,3,0,0
0,41.0384,0,0,0,270,3,0,0
0,41.04712,0,0,0,270,3,0,0
0,41.05545,0,0,0,270,3,0,0
0,41.06358,0,0,0,270,3,0,0
0,41.07085,0,0,0,270,3,0,0
0,41.07882,0,0,0,270,3,0,0
0,41.08598,0,0,0,270,3,0,0
0,41.09444,0,0,0,270,3,0,0
0,41.10269,0,0,0,270,3,0,0
0,41.11059,0,0,0,270,3,0,0
0,41.11742,0,0,0,270,3,0,0
0,41.12503,0,0,0,270,3,0,0
0,41.13248,0,0,0,270,3,0,0
0,41.13966,0,0,0,270,3,0,0
0,41.14763,0,0,0,270,3,0,0
0,41.15517,0,0,0,270,3,0,0
0,41.16221,0,0,0,270,3,0,0
0,41.16958,0,0,0,270,3,0,0
0,41.17733,0,0,0,270,3,0,0
0,41.18418,0,0,0,270,3,0,0
0,41.1939,0,0,0,270,3,0,0
0,41.20089,0,0,0,270,3,0,0
0,41.20757,0,0,0,270,3,0,0
0,41.2152,0,0,0,270,3,0,0
0,41.22407,0,0,0,270,3,0,0
0,41.23071,0,0,0,270,3,0,0
0,41.23817,0,0,0,270,3,0,0
0,41.245,0,0,0,270,3,0,0
0,41.25271,0,0,0,270,3,0,0
0,41.25988,0,0,0,270,3,0,0
0,41.26799,0,0,0,270,3,0,0
0,41.27495,0,0,0,270,3,0,0
0,41.28266,0,0,0,270,3,0,0
0,41.29065,0,0,0,270,3,0,0
0,41.29709,0,0,0,270,3,0,0
0,41.30457,0,0,0,270,3,0,0
0,41.31245,0,0,0,270,3,0,0
0,41.32207,0,0,0,270,3,0,0
0,41.33009,0,0,0,270,3,0,0
0,41.33857,0,0,0,270,3,0,0
0,41.34864,0,0,0,270,3,0,0
0,41.35714,0,0,0,270,3,0,0
0,41.36511,0,0,0,270,3,0,0
0,41.37252,0,0,0,270,3,0,0
0,41.38238,0,0,0,270,3,0,0
0,41.38993,0,0,0,270,3,0,0
0,41.39882,0,0,0,270,3,0,0
0,41.40641,0,0,0,270,3,0,0
0,41.41405,0,0,0,270,3,0,0
0,41.4238,0,0,0,270,3,0,0
0,41.43177,0,0,0,270,3,0,0
0,41.44487,0,0,0,270,3,0,0
0,41.45874,0,0,0,270,3,0,0
0,41.47036,0,0,0,270,3,0,0
0,41.47951,0,0,0,270,3,0,0
0,41.48965,0,0,0,270,3,0,0
0,41.49728,0,0,0,270,3,0,0
0,41.5061,0,0,0,270,3,0,0
0,41.51566,0,0,0,270,3,0,0
0,41.52475,0,0,0,270,3,0,0
0,41.53531,0,0,0,270,3,0,0
0,41.5452,0,0,0,270,3,0,0
0,41.55684,0,0,0,270,3,0,0
0,41.57227,0,0,0,270,3,0,0
0,41.58733,0,0,0,270,3,0,0
0,41.60132,0,0,0,270,3,0,0
0,41.61537,0,0,0,270,3,0,0
0,41.62616,0,0,0,270,3,0,0
0,41.6355,0,0,0,270,3,0,0
0,41.64579,0,0,0,270,3,0,0
0,41.65625,0,0,0,270,3,0,0
0,41.66566,0,0,0,270,3,0,0
0,41.67489,0,0,0,270,3,0,0
0,41.68477,0,0,0,270,3,0,0
0,41.69458,0,0,0,270,3,0,0
0,41.70421,0,0,0,270,3,0,0
0,41.71301,0,0,0,270,3,0,0
0,41.72271,0,0,0,270,3,0,0
0,41.73169,0,0,0,270,3,0,0
0,41.74156,0,0,0,270,3,0,0
0,41.7517,0,0,0,270,3,0,0
0,41.76091,0,0,0,270,3,0,0
0,41.85457,0,0,0,270,3,0,0
0,41.86623,0,0,0,270,3,0,0
0,41.87873,0,0,0,270,3,0,0
0,41.88617,0,0,0,270,3,0,0
0,41.89521,0,0,0,270,3,0,0
0,41.9039,0,0,0,270,3,0,0
0,41.91324,0,0,0,270,3,0,0
0,41.92215,0,0,0,270,3,0,0
0,41.93227,0,0,0,270,3,0,0
0,41.94333,0,0,0,270,3,0,0
0,41.95355,0,0,0,270,3,0,0
0,41.96141,0,0,0,270,3,0,0
0,41.96948,0,0,0,270,3,0,0
0,41.97705,0,0,0,270,3,0,0
0,41.98525,0,0,0,270,3,0,0
0,41.99363,0,0,0,270,3,0,0
0,42.00123,0,0,0,270,3,0,0
0,42.00914,0,0,0,270,3,0,0
0,42.01734,0,0,0,270,3,0,0
0,42.02649,0,0,0,270,3,0,0
0,42.03658,0,0,0,270,3,0,0
0,42.04505,0,0,0,270,3,0,0
0,42.05288,0,0,0,270,3,0,0
0,42.06139,0,0,0,270,3,0,0
0,42.06934,0,0,0,270,3,0,0
0,42.07877,0,0,0,270,3,0,0
0,42.08672,0,0,0,270,3,0,0
0,42.09419,0,0,0,270,3,0,0
0,42.10153,0,0,0,270,3,0,0
0,42.10945,0,0,0,270,3,0,0
0,42.12754,0,0,0,270,3,0,0
0,42.13486,0,0,0,270,3,0,0
0,42.14164,0,0,0,270,3,0,0
0,42.14903,0,0,0,270,3,0,0
0,42.15657,0,0,0,270,3,0,0
0,42.16405,0,0,0,270,3,0,0
0,42.17149,0,0,0,270,3,0,0
0,42.17963,0,0,0,270,3,0,0
0,42.18785,0,0,0,270,3,0,0
0,42.19514,0,0,0,270,3,0,0
0,42.20228,0,0,0,270,3,0,0
0,42.2102,0,0,0,270,3,0,0
0,42.21689,0,0,0,270,3,0,0
0,42.22409,0,0,0,270,3,0,0
0,42.2314,0,0,0,270,3,0,0
0,42.23902,0,0,0,270,3,0,0
0,42.24648,0,0,0,270,3,0,0
0,42.25427,0,0,0,270,3,0,0
0,42.26133,0,0,0,270,3,0,0
0,42.27014,0,0,0,270,3,0,0
0,42.28024,0,0,0,270,3,0,0
0,42.28689,0,0,0,270,3,0,0
0,42.2935,0,0,0,270,3,0,0
0,42.30266,0,0,0,270,3,0,0
0,42.30979,0,0,0,270,3,0,0
0,42.31705,0,0,0,270,3,0,0
0,42.32425,0,0,0,270,3,0,0
0,42.33315,0,0,0,270,3,0,0
0,42.34019,0,0,0,270,3,0,0
0,42.34918,0,0,0,270,3,0,0
0,42.35675,0,0,0,270,3,0,0
0,42.36643,0,0,0,270,3,0,0
0,42.37472,0,0,0,270,3,0,0
0,42.38268,0,0,0,270,3,0,0
0,42.39006,0,0,0,270,3,0,0
0,42.39881,0,0,0,270,3,0,0
0,42.40637,0,0,0,270,3,0,0
0,42.41426,0,0,0,270,3,0,0
0,42.4215,0,0,0,270,3,0,0
0,42.42842,0,0,0,270,3,0,0
0,42.43608,0,0,0,270,3,0,0
0,42.4438,0,0,0,270,3,0,0
0,42.45045,0,0,0,270,3,0,0
0,42.45868,0,0,0,270,3,0,0
0,42.47203,0,0,0,270,3,0,0
0,42.48465,0,0,0,270,3,0,0
0,42.49739,0,0,0,270,3,0,0
0,42.50668,0,0,0,270,3,0,0
0,42.51623,0,0,0,270,3,0,0
0,42.52548,0,0,0,270,3,0,0
0,42.53494,0,0,0,270,3,0,0
0,42.5443,0,0,0,270,3,0,0
0,42.55467,0,0,0,270,3,0,0
0,42.56459,0,0,0,270,3,0,0
0,42.57246,0,0,0,270,3,0,0
0,42.58175,0,0,0,270,3,0,0
0,42.59103,0,0,0,270,3,0,0
0,42.59974,0,0,0,270,3,0,0
0,42.6099,0,0,0,270,3,0,0
0,42.61953,0,0,0,270,3,0,0
0,42.63048,0,0,0,270,3,0,0
0,42.64127,0,0,0,270,3,0,0
0,42.6516,0,0,0,270,3,0,0
0,42.66228,0,0,0,270,3,0,0
0,42.67287,0,0,0,270,3,0,0
0,42.6847,0,0,0,270,3,0,0
0,42.6992,0,0,0,270,3,0,0
0,42.70957,0,0,0,270,3,0,0
0,42.72102,0,0,0,270,3,0,0
0,42.73046,0,0,0,270,3,0,0
0,42.74093,0,0,0,270,3,0,0
0,42.75064,0,0,0,270,3,0,0
0,42.76063,0,0,0,270,3,0,0
0,42.77092,0,0,0,270,3,0,0
0,42.78109,0,0,0,270,3,0,0
0,42.79028,0,0,0,270,3,0,0
0,42.80124,0,0,0,270,3,0,0
0,42.81058,0,0,0,270,3,0,0
0,42.82103,0,0,0,270,3,0,0
0,42.83062,0,0,0,270,3,0,0
0,42.83976,0,0,0,270,3,0,0
0,42.84978,0,0,0,270,3,0,0
0,42.85918,0,0,0,270,3,0,0
0,42.86814,0,0,0,270,3,0,0
0,42.87837,0,0,0,270,3,0,0
0,42.88884,0,0,0,270,3,0,0
0,42.90054,0,0,0,270,3,0,0
0,42.9115,0,0,0,270,3,0,0
0,42.92336,0,0,0,270,3,0,0
0,42.93279,0,0,0,270,3,0,0
0,42.94352,0,0,0,270,3,0,0
0,42.95272,0,0,0,270,3,0,0
0,42.96235,0,0,0,270,3,0,0
0,42.97111,0,0,0,270,3,0,0
0,42.98009,0,0,0,270,3,0,0
0,42.98974,0,0,0,270,3,0,0
0,42.99791,0,0,0,270,3,0,0
0,43.00576,0,0,0,270,3,0,0
0,43.0148,0,0,0,270,3,0,0
0,43.02393,0,0,0,270,3,0,0
0,43.03383,0,0,0,270,3,0,0
0,43.0414,0,0,0,270,3,0,0
0,43.05471,0,0,0,270,3,0,0
0,43.06588,0,0,0,270,3,0,0
0,43.0746,0,0,0,270,3,0,0
0,43.08502,0,0,0,270,3,0,0
0,43.09409,0,0,0,270,3,0,0
0,43.10494,0,0,0,270,3,0,0
0,43.11442,0,0,0,270,3,0,0
0,43.12255,0,0,0,270,3,0,0
0,43.13224,0,0,0,270,3,0,0
0,43.14098,0,0,0,270,3,0,0
0,43.15062,0,0,0,270,3,0,0
0,43.15955,0,0,0,270,3,0,0
0,43.16742,0,0,0,270,3,0,0
0,43.17651,0,0,0,270,3,0,0
0,43.1842,0,0,0,270,3,0,0
0,43.19162,0,0,0,270,3,0,0
0,43.19873,0,0,0,270,3,0,0
0,43.20636,0,0,0,270,3,0,0
0,43.21396,0,0,0,270,3,0,0
0,43.22205,0,0,0,270,3,0,0
0,43.22894,0,0,0,270,3,0,0
0,43.23699,0,0,0,270,3,0,0
0,43.24426,0,0,0,270,3,0,0
0,43.25173,0,0,0,270,3,0,0
0,43.25876,0,0,0,270,3,0,0
0,43.26664,0,0,0,270,3,0,0
0,43.27342,0,0,0,270,3,0,0
0,43.28101,0,0,0,270,3,0,0
0,43.28894,0,0,0,270,3,0,0
0,43.29684,0,0,0,270,3,0,0
0,43.30582,0,0,0,270,3,0,0
0,43.31456,0,0,0,270,3,0,0
0,43.32212,0,0,0,270,3,0,0
0,43.32931,0,0,0,270,3,0,0
0,43.3368,0,0,0,270,3,0,0
0,43.34372,0,0,0,270,3,0,0
0,43.35056,0,0,0,270,3,0,0
0,43.35784,0,0,0,270,3,0,0
0,43.36733,0,0,0,270,3,0,0
0,43.375,0,0,0,270,3,0,0
0,43.38509,0,0,0,270,3,0,0
0,43.39375,0,0,0,270,3,0,0
0,43.40172,0,0,0,270,3,0,0
0,43.40982,0,0,0,270,3,0,0
0,43.4179,0,0,0,270,3,0,0
0,43.42621,0,0,0,270,3,0,0
0,43.43415,0,0,0,270,3,0,0
0,43.44162,0,0,0,270,3,0,0
0,43.44854,0,0,0,270,3,0,0
0,43.45637,0,0,0,270,3,0,0
0,43.46257,0,0,0,270,3,0,0
0,43.47014,0,0,0,270,3,0,0
0,43.47807,0,0,0,270,3,0,0
0,43.48816,0,0,0,270,3,0,0
0,43.49919,0,0,0,270,3,0,0
0,43.5118,0,0,0,270,3,0,0
0,43.52096,0,0,0,270,3,0,0
0,43.52937,0,0,0,270,3,0,0
0,43.53745,0,0,0,270,3,0,0
0,43.54471,0,0,0,270,3,0,0
0,43.55252,0,0,0,270,3,0,0
0,43.56854,0,0,0,270,3,0,0
0,43.57474,0,0,0,270,3,0,0
0,43.58334,0,0,0,270,3,0,0
0,43.59105,0,0,0,270,3,0,0
0,43.599,0,0,0,270,3,0,0
0,43.60729,0,0,0,270,3,0,0
0,43.61524,0,0,0,270,3,0,0
0,43.62325,0,0,0,270,3,0,0
0,43.63031,0,0,0,270,3,0,0
0,43.63916,0,0,0,270,3,0,0
0,43.64817,0,0,0,270,3,0,0
0,43.656,0,0,0,270,3,0,0
0,43.66356,0,0,0,270,3,0,0
0,43.67073,0,0,0,270,3,0,0
0,43.67884,0,0,0,270,3,0,0
0,43.68784,0,0,0,270,3,0,0
0,43.6965,0,0,0,270,3,0,0
0,43.70524,0,0,0,270,3,0,0
0,43.71577,0,0,0,270,3,0,0
0,43.72381,0,0,0,270,3,0,0
0,43.73247,0,0,0,270,3,0,0
0,43.7409,0,0,0,270,3,0,0
0,43.75047,0,0,0,270,3,0,0
0,43.75969,0,0,0,270,3,0,0
0,43.77004,0,0,0,270,3,0,0
0,43.78077,0,0,0,270,3,0,0
0,43.79013,0,0,0,270,3,0,0
0,43.79936,0,0,0,270,3,0,0
0,43.80914,0,0,0,270,3,0,0
0,43.82079,0,0,0,270,3,0,0
0,43.83199,0,0,0,270,3,0,0
0,43.8429,0,0,0,270,3,0,0
0,43.85173,0,0,0,270,3,0,0
0,43.8617,0,0,0,270,3,0,0
0,43.87243,0,0,0,270,3,0,0
0,43.88142,0,0,0,270,3,0,0
0,43.89063,0,0,0,270,3,0,0
0,43.90135,0,0,0,270,3,0,0
0,43.91266,0,0,0,270,3,0,0
0,43.92523,0,0,0,270,3,0,0
0,43.93441,0,0,0,270,3,0,0
0,43.94343,0,0,0,270,3,0,0
0,43.95174,0,0,0,270,3,0,0
0,43.9616,0,0,0,270,3,0,0
0,43.97121,0,0,0,270,3,0,0
0,43.98186,0,0,0,270,3,0,0
0,43.99363,0,0,0,270,3,0,0
0,44.00336,0,0,0,270,3,0,0
0,44.01315,0,0,0,270,3,0,0
0,44.02456,0,0,0,270,3,0,0
0,44.03544,0,0,0,270,3,0,0
0,44.04473,0,0,0,270,3,0,0
0,44.05622,0,0,0,270,3,0,0
0,44.06677,0,0,0,270,3,0,0
0,44.0779,0,0,0,270,3,0,0
0,44.0871,0,0,0,270,3,0,0
0,44.09566,0,0,0,270,3,0,0
0,44.10546,0,0,0,270,3,0,0
0,44.11512,0,0,0,270,3,0,0
0,44.12509,0,0,0,270,3,0,0
0,44.13336,0,0,0,270,3,0,0
0,44.14167,0,0,0,270,3,0,0
0,44.15059,0,0,0,270,3,0,0
0,44.16041,0,0,0,270,3,0,0
0,44.16863,0,0,0,270,3,0,0
0,44.17903,0,0,0,270,3,0,0
0,44.18786,0,0,0,270,3,0,0
0,44.19577,0,0,0,270,3,0,0
0,44.20544,0,0,0,270,3,0,0
0,44.21478,0,0,0,270,3,0,0
0,44.22389,0,0,0,270,3,0,0
0,44.23307,0,0,0,270,3,0,0
0,44.24242,0,0,0,270,3,0,0
0,44.25058,0,0,0,270,3,0,0
0,44.25926,0,0,0,270,3,0,0
0,44.26875,0,0,0,270,3,0,0
0,44.27652,0,0,0,270,3,0,0
0,44.28456,0,0,0,270,3,0,0
0,44.29272,0,0,0,270,3,0,0
0,44.30228,0,0,0,270,3,0,0
0,44.31015,0,0,0,270,3,0,0
0,44.31864,0,0,0,270,3,0,0
0,44.32803,0,0,0,270,3,0,0
0,44.33655,0,0,0,270,3,0,0
0,44.3448,0,0,0,270,3,0,0
0,44.35375,0,0,0,270,3,0,0
0,44.36077,0,0,0,270,3,0,0
0,44.36918,0,0,0,270,3,0,0
0,44.37714,0,0,0,270,3,0,0
0,44.38702,0,0,0,270,3,0,0
0,44.39695,0,0,0,270,3,0,0
0,44.40727,0,0,0,270,3,0,0
0,44.41582,0,0,0,270,3,0,0
0,44.42327,0,0,0,270,3,0,0
0,44.43215,0,0,0,270,3,0,0
0,44.43981,0,0,0,270,3,0,0
0,44.44795,0,0,0,270,3,0,0
0,44.4549,0,0,0,270,3,0,0
0,44.4617,0,0,0,270,3,0,0
0,44.46926,0,0,0,270,3,0,0
0,44.47812,0,0,0,270,3,0,0
0,44.48471,0,0,0,270,3,0,0
0,44.49285,0,0,0,270,3,0,0
0,44.50194,0,0,0,270,3,0,0
0,44.50938,0,0,0,270,3,0,0
0,44.5169,0,0,0,270,3,0,0
0,44.52644,0,0,0,270,3,0,0
0,44.54057,0,0,0,270,3,0,0
0,44.54771,0,0,0,270,3,0,0
0,44.55491,0,0,0,270,3,0,0
0,44.56137,0,0,0,270,3,0,0
0,44.56906,0,0,0,270,3,0,0
0,44.57544,0,0,0,270,3,0,0
0,44.58216,0,0,0,270,3,0,0
0,44.58897,0,0,0,270,3,0,0
0,44.59622,0,0,0,270,3,0,0
0,44.60363,0,0,0,270,3,0,0
0,44.61064,0,0,0,270,3,0,0
0,44.61766,0,0,0,270,3,0,0
0,44.62462,0,0,0,270,3,0,0
0,44.63372,0,0,0,270,3,0,0
0,44.64227,0,0,0,270,3,0,0
0,44.65025,0,0,0,270,3,0,0
0,44.65876,0,0,0,270,3,0,0
0,44.6659,0,0,0,270,3,0,0
0,44.67255,0,0,0,270,3,0,0
0,44.68077,0,0,0,270,3,0,0
0,44.68896,0,0,0,270,3,0,0
0,44.69578,0,0,0,270,3,0,0
0,44.70292,0,0,0,270,3,0,0
0,44.70951,0,0,0,270,3,0,0
0,44.71651,0,0,0,270,3,0,0
0,44.72478,0,0,0,270,3,0,0
0,44.73237,0,0,0,270,3,0,0
0,44.74032,0,0,0,270,3,0,0
0,44.74815,0,0,0,270,3,0,0
0,44.75663,0,0,0,270,3,0,0
0,44.76495,0,0,0,270,3,0,0
0,44.77186,0,0,0,270,3,0,0
0,44.77877,0,0,0,270,3,0,0
0,44.78728,0,0,0,270,3,0,0
0,44.79425,0,0,0,270,3,0,0
0,44.80157,0,0,0,270,3,0,0
0,44.80791,0,0,0,270,3,0,0
0,44.81547,0,0,0,270,3,0,0
0,44.82362,0,0,0,270,3,0,0
0,44.83367,0,0,0,270,3,0,0
0,44.8418,0,0,0,270,3,0,0
0,44.85176,0,0,0,270,3,0,0
0,44.86123,0,0,0,270,3,0,0
0,44.86934,0,0,0,270,3,0,0
0,44.87797,0,0,0,270,3,0,0
0,44.88809,0,0,0,270,3,0,0
0,44.89607,0,0,0,270,3,0,0
0,44.90496,0,0,0,270,3,0,0
0,44.91428,0,0,0,270,3,0,0
0,44.92447,0,0,0,270,3,0,0
0,44.93464,0,0,0,270,3,0,0
0,44.94855,0,0,0,270,3,0,0
0,44.95865,0,0,0,270,3,0,0
0,44.96832,0,0,0,270,3,0,0
0,44.97989,0,0,0,270,3,0,0
0,44.99012,0,0,0,270,3,0,0
0,45.00139,0,0,0,270,3,0,0
0,45.02383,0,0,0,270,3,0,0
0,45.03416,0,0,0,270,3,0,0
0,45.04329,0,0,0,270,3,0,0
0,45.05276,0,0,0,270,3,0,0
0,45.06237,0,0,0,270,3,0,0
0,45.07194,0,0,0,270,3,0,0
0,45.08117,0,0,0,270,3,0,0
0,45.09214,0,0,0,270,3,0,0
0,45.10341,0,0,0,270,3,0,0
0,45.11295,0,0,0,270,3,0,0
0,45.12254,0,0,0,270,3,0,0
0,45.13217,0,0,0,270,3,0,0
0,45.14281,0,0,0,270,3,0,0
0,45.15501,0,0,0,270,3,0,0
0,45.16646,0,0,0,270,3,0,0
0,45.17695,0,0,0,270,3,0,0
0,45.188,0,0,0,270,3,0,0
0,45.19922,0,0,0,270,3,0,0
0,45.21045,0,0,0,270,3,0,0
0,45.22254,0,0,0,270,3,0,0
0,45.23328,0,0,0,270,3,0,0
0,45.24441,0,0,0,270,3,0,0
0,45.25469,0,0,0,270,3,0,0
0,45.26421,0,0,0,270,3,0,0
0,45.27407,0,0,0,270,3,0,0
0,45.28499,0,0,0,270,3,0,0
0,45.29483,0,0,0,270,3,0,0
0,45.30529,0,0,0,270,3,0,0
0,45.31488,0,0,0,270,3,0,0
0,45.32565,0,0,0,270,3,0,0
0,45.3357,0,0,0,270,3,0,0
0,45.34732,0,0,0,270,3,0,0
0,45.36135,0,0,0,270,3,0,0
0,45.37249,0,0,0,270,3,0,0
0,45.38375,0,0,0,270,3,0,0
0,45.3946,0,0,0,270,3,0,0
0,45.40574,0,0,0,270,3,0,0
0,45.41662,0,0,0,270,3,0,0
0,45.4281,0,0,0,270,3,0,0
0,45.43703,0,0,0,270,3,0,0
0,45.44709,0,0,0,270,3,0,0
0,45.4573,0,0,0,270,3,0,0
0,45.46581,0,0,0,270,3,0,0
0,45.47382,0,0,0,270,3,0,0
0,45.48244,0,0,0,270,3,0,0
0,45.49061,0,0,0,270,3,0,0
0,45.49889,0,0,0,270,3,0,0
0,45.50816,0,0,0,270,3,0,0
0,45.51744,0,0,0,270,3,0,0
0,45.52586,0,0,0,270,3,0,0
0,45.53457,0,0,0,270,3,0,0
0,45.54387,0,0,0,270,3,0,0
0,45.55616,0,0,0,270,3,0,0
0,45.56857,0,0,0,270,3,0,0
0,45.57674,0,0,0,270,3,0,0
0,45.58381,0,0,0,270,3,0,0
0,45.59176,0,0,0,270,3,0,0
0,45.60027,0,0,0,270,3,0,0
0,45.60802,0,0,0,270,3,0,0
0,45.61489,0,0,0,270,3,0,0
0,45.62438,0,0,0,270,3,0,0
0,45.63324,0,0,0,270,3,0,0
0,45.6409,0,0,0,270,3,0,0
0,45.64874,0,0,0,270,3,0,0
0,45.65658,0,0,0,270,3,0,0
0,45.66562,0,0,0,270,3,0,0
0,45.67375,0,0,0,270,3,0,0
0,45.68242,0,0,0,270,3,0,0
0,45.69205,0,0,0,270,3,0,0
0,45.69998,0,0,0,270,3,0,0
0,45.70747,0,0,0,270,3,0,0
0,45.71476,0,0,0,270,3,0,0
0,45.72316,0,0,0,270,3,0,0
0,45.73066,0,0,0,270,3,0,0
0,45.73815,0,0,0,270,3,0,0
0,45.74582,0,0,0,270,3,0,0
0,45.75494,0,0,0,270,3,0,0
0,45.76328,0,0,0,270,3,0,0
0,45.77331,0,0,0,270,3,0,0
0,45.78167,0,0,0,270,3,0,0
0,45.79059,0,0,0,270,3,0,0
0,45.79829,0,0,0,270,3,0,0
0,45.80556,0,0,0,270,3,0,0
0,45.81528,0,0,0,270,3,0,0
0,45.82437,0,0,0,270,3,0,0
0,45.83321,0,0,0,270,3,0,0
0,45.84126,0,0,0,270,3,0,0
0,45.84996,0,0,0,270,3,0,0
0,45.85789,0,0,0,270,3,0,0
0,45.86528,0,0,0,270,3,0,0
0,45.87295,0,0,0,270,3,0,0
0,45.88188,0,0,0,270,3,0,0
0,45.88999,0,0,0,270,3,0,0
0,45.89722,0,0,0,270,3,0,0
0,45.90537,0,0,0,270,3,0,0
0,45.91504,0,0,0,270,3,0,0
0,45.92339,0,0,0,270,3,0,0
0,45.9316,0,0,0,270,3,0,0
0,45.93894,0,0,0,270,3,0,0
0,45.94679,0,0,0,270,3,0,0
0,45.95485,0,0,0,270,3,0,0
0,45.9621,0,0,0,270,3,0,0
0,45.97171,0,0,0,270,3,0,0
0,45.98153,0,0,0,270,3,0,0
0,45.98969,0,0,0,270,3,0,0
0,45.99858,0,0,0,270,3,0,0
0,46.00977,0,0,0,270,3,0,0
0,46.02024,0,0,0,270,3,0,0
0,46.02966,0,0,0,270,3,0,0
0,46.03946,0,0,0,270,3,0,0
0,46.04938,0,0,0,270,3,0,0
0,46.05821,0,0,0,270,3,0,0
0,46.06747,0,0,0,270,3,0,0
0,46.07695,0,0,0,270,3,0,0
0,46.08538,0,0,0,270,3,0,0
0,46.09615,0,0,0,270,3,0,0
0,46.10798,0,0,0,270,3,0,0
0,46.11929,0,0,0,270,3,0,0
0,46.13076,0,0,0,270,3,0,0
0,46.14026,0,0,0,270,3,0,0
0,46.15027,0,0,0,270,3,0,0
0,46.15996,0,0,0,270,3,0,0
0,46.16911,0,0,0,270,3,0,0
0,46.17851,0,0,0,270,3,0,0
0,46.19214,0,0,0,270,3,0,0
0,46.20269,0,0,0,270,3,0,0
0,46.21291,0,0,0,270,3,0,0
0,46.22298,0,0,0,270,3,0,0
0,46.23342,0,0,0,270,3,0,0
0,46.24277,0,0,0,270,3,0,0
0,46.25154,0,0,0,270,3,0,0
0,46.26192,0,0,0,270,3,0,0
0,46.27102,0,0,0,270,3,0,0
0,46.27937,0,0,0,270,3,0,0
0,46.28853,0,0,0,270,3,0,0
0,46.29738,0,0,0,270,3,0,0
0,46.30736,0,0,0,270,3,0,0
0,46.31815,0,0,0,270,3,0,0
0,46.32647,0,0,0,270,3,0,0
0,46.33632,0,0,0,270,3,0,0
0,46.34651,0,0,0,270,3,0,0
0,46.35707,0,0,0,270,3,0,0
0,46.36887,0,0,0,270,3,0,0
0,46.38057,0,0,0,270,3,0,0
0,46.39505,0,0,0,270,3,0,0
0,46.40428,0,0,0,270,3,0,0
0,46.41517,0,0,0,270,3,0,0
0,46.42562,0,0,0,270,3,0,0
0,46.43599,0,0,0,270,3,0,0
0,46.44677,0,0,0,270,3,0,0
0,46.45734,0,0,0,270,3,0,0
0,46.46842,0,0,0,270,3,0,0
0,46.47859,0,0,0,270,3,0,0
0,46.48825,0,0,0,270,3,0,0
0,46.49889,0,0,0,270,3,0,0
0,46.50986,0,0,0,270,3,0,0
0,46.52145,0,0,0,270,3,0,0
0,46.53172,0,0,0,270,3,0,0
0,46.5411,0,0,0,270,3,0,0
0,46.54967,0,0,0,270,3,0,0
0,46.55797,0,0,0,270,3,0,0
0,46.56731,0,0,0,270,3,0,0
0,46.57949,0,0,0,270,3,0,0
0,46.59283,0,0,0,270,3,0,0
0,46.61467,0,0,0,270,3,0,0
0,46.62376,0,0,0,270,3,0,0
0,46.63392,0,0,0,270,3,0,0
0,46.64458,0,0,0,270,3,0,0
0,46.65284,0,0,0,270,3,0,0
0,46.66129,0,0,0,270,3,0,0
0,46.66948,0,0,0,270,3,0,0
0,46.67812,0,0,0,270,3,0,0
0,46.68567,0,0,0,270,3,0,0
0,46.69551,0,0,0,270,3,0,0
0,46.7033,0,0,0,270,3,0,0
0,46.71157,0,0,0,270,3,0,0
0,46.71899,0,0,0,270,3,0,0
0,46.72822,0,0,0,270,3,0,0
0,46.7359,0,0,0,270,3,0,0
0,46.7443,0,0,0,270,3,0,0
0,46.75282,0,0,0,270,3,0,0
0,46.76176,0,0,0,270,3,0,0
0,46.76958,0,0,0,270,3,0,0
0,46.77772,0,0,0,270,3,0,0
0,46.78493,0,0,0,270,3,0,0
0,46.79274,0,0,0,270,3,0,0
0,46.80284,0,0,0,270,3,0,0
0,46.81063,0,0,0,270,3,0,0
0,46.81793,0,0,0,270,3,0,0
0,46.82551,0,0,0,270,3,0,0
0,46.83267,0,0,0,270,3,0,0
0,46.83955,0,0,0,270,3,0,0
0,46.84747,0,0,0,270,3,0,0
0,46.85585,0,0,0,270,3,0,0
0,46.86325,0,0,0,270,3,0,0
0,46.87055,0,0,0,270,3,0,0
0,46.87909,0,0,0,270,3,0,0
0,46.88594,0,0,0,270,3,0,0
0,46.89301,0,0,0,270,3,0,0
0,46.89976,0,0,0,270,3,0,0
0,46.90601,0,0,0,270,3,0,0
0,46.9136,0,0,0,270,3,0,0
0,46.92077,0,0,0,270,3,0,0
0,46.9287,0,0,0,270,3,0,0
0,46.93597,0,0,0,270,3,0,0
0,46.9434,0,0,0,270,3,0,0
0,46.95016,0,0,0,270,3,0,0
0,46.95745,0,0,0,270,3,0,0
0,46.96476,0,0,0,270,3,0,0
0,46.97308,0,0,0,270,3,0,0
0,46.98055,0,0,0,270,3,0,0
0,46.98786,0,0,0,270,3,0,0
0,46.99516,0,0,0,270,3,0,0
0,47.00406,0,0,0,270,3,0,0
0,47.01186,0,0,0,270,3,0,0
0,47.01893,0,0,0,270,3,0,0
0,47.02697,0,0,0,270,3,0,0
0,47.03555,0,0,0,270,3,0,0
0,47.04361,0,0,0,270,3,0,0
0,47.05106,0,0,0,270,3,0,0
0,47.05952,0,0,0,270,3,0,0
0,47.0672,0,0,0,270,3,0,0
0,47.07443,0,0,0,270,3,0,0
0,47.08236,0,0,0,270,3,0,0
0,47.08998,0,0,0,270,3,0,0
0,47.0983,0,0,0,270,3,0,0
0,47.10497,0,0,0,270,3,0,0
0,47.11211,0,0,0,270,3,0,0
0,47.11928,0,0,0,270,3,0,0
0,47.12696,0,0,0,270,3,0,0
0,47.13791,0,0,0,270,3,0,0
0,47.14766,0,0,0,270,3,0,0
0,47.15633,0,0,0,270,3,0,0
0,47.16602,0,0,0,270,3,0,0
0,47.17575,0,0,0,270,3,0,0
0,47.18409,0,0,0,270,3,0,0
0,47.19356,0,0,0,270,3,0,0
0,47.20327,0,0,0,270,3,0,0
0,47.21407,0,0,0,270,3,0,0
0,47.22382,0,0,0,270,3,0,0
0,47.2346,0,0,0,270,3,0,0
0,47.24444,0,0,0,270,3,0,0
0,47.25371,0,0,0,270,3,0,0
0,47.26346,0,0,0,270,3,0,0
0,47.27422,0,0,0,270,3,0,0
0,47.28532,0,0,0,270,3,0,0
0,47.29545,0,0,0,270,3,0,0
0,47.30479,0,0,0,270,3,0,0
0,47.31495,0,0,0,270,3,0,0
0,47.32561,0,0,0,270,3,0,0
0,47.33669,0,0,0,270,3,0,0
0,47.34806,0,0,0,270,3,0,0
0,47.35774,0,0,0,270,3,0,0
0,47.36872,0,0,0,270,3,0,0
0,47.37783,0,0,0,270,3,0,0
0,47.38876,0,0,0,270,3,0,0
0,47.39972,0,0,0,270,3,0,0
0,47.40999,0,0,0,270,3,0,0
0,47.42219,0,0,0,270,3,0,0
0,47.43283,0,0,0,270,3,0,0
0,47.44329,0,0,0,270,3,0,0
0,47.4546,0,0,0,270,3,0,0
0,47.46565,0,0,0,270,3,0,0
0,47.47701,0,0,0,270,3,0,0
0,47.48854,0,0,0,270,3,0,0
0,47.4986,0,0,0,270,3,0,0
0,47.50837,0,0,0,270,3,0,0
0,47.51953,0,0,0,270,3,0,0
0,47.52847,0,0,0,270,3,0,0
0,47.53982,0,0,0,270,3,0,0
0,47.54887,0,0,0,270,3,0,0
0,47.55727,0,0,0,270,3,0,0
0,47.56684,0,0,0,270,3,0,0
0,47.57484,0,0,0,270,3,0,0
0,47.58381,0,0,0,270,3,0,0
0,47.59275,0,0,0,270,3,0,0
0,47.6033,0,0,0,270,3,0,0
0,47.61761,0,0,0,270,3,0,0
0,47.6363,0,0,0,270,3,0,0
0,47.64717,0,0,0,270,3,0,0
0,47.65683,0,0,0,270,3,0,0
0,47.66603,0,0,0,270,3,0,0
0,47.67436,0,0,0,270,3,0,0
0,47.68439,0,0,0,270,3,0,0
0,47.69569,0,0,0,270,3,0,0
0,47.70556,0,0,0,270,3,0,0
0,47.7143,0,0,0,270,3,0,0
0,47.72352,0,0,0,270,3,0,0
0,47.7319,0,0,0,270,3,0,0
0,47.73928,0,0,0,270,3,0,0
0,47.7464,0,0,0,270,3,0,0
0,47.7552,0,0,0,270,3,0,0
0,47.76209,0,0,0,270,3,0,0
0,47.77022,0,0,0,270,3,0,0
0,47.77773,0,0,0,270,3,0,0
0,47.78598,0,0,0,270,3,0,0
0,47.79491,0,0,0,270,3,0,0
0,47.80362,0,0,0,270,3,0,0
0,47.8111,0,0,0,270,3,0,0
0,47.82074,0,0,0,270,3,0,0
0,47.83133,0,0,0,270,3,0,0
0,47.83955,0,0,0,270,3,0,0
0,47.84773,0,0,0,270,3,0,0
0,47.85593,0,0,0,270,3,0,0
0,47.86264,0,0,0,270,3,0,0
0,47.87089,0,0,0,270,3,0,0
0,47.87873,0,0,0,270,3,0,0
0,47.8859,0,0,0,270,3,0,0
0,47.89286,0,0,0,270,3,0,0
0,47.9005,0,0,0,270,3,0,0
0,47.90796,0,0,0,270,3,0,0
0,47.91627,0,0,0,270,3,0,0
0,47.92334,0,0,0,270,3,0,0
0,47.93126,0,0,0,270,3,0,0
0,47.93887,0,0,0,270,3,0,0
0,47.94682,0,0,0,270,3,0,0
0,47.95466,0,0,0,270,3,0,0
0,47.96129,0,0,0,270,3,0,0
0,47.9693,0,0,0,270,3,0,0
0,47.97765,0,0,0,270,3,0,0
0,47.9859,0,0,0,270,3,0,0
0,47.99498,0,0,0,270,3,0,0
0,48.00225,0,0,0,270,3,0,0
0,48.00985,0,0,0,270,3,0,0
0,48.01747,0,0,0,270,3,0,0
0,48.02557,0,0,0,270,3,0,0
0,48.03652,0,0,0,270,3,0,0
0,48.0443,0,0,0,270,3,0,0
0,48.05238,0,0,0,270,3,0,0
0,48.0707,0,0,0,270,3,0,0
0,48.07793,0,0,0,270,3,0,0
0,48.08492,0,0,0,270,3,0,0
0,48.09226,0,0,0,270,3,0,0
0,48.10045,0,0,0,270,3,0,0
0,48.10699,0,0,0,270,3,0,0
0,48.11415,0,0,0,270,3,0,0
0,48.12265,0,0,0,270,3,0,0
0,48.13195,0,0,0,270,3,0,0
0,48.13997,0,0,0,270,3,0,0
0,48.14843,0,0,0,270,3,0,0
0,48.15861,0,0,0,270,3,0,0
0,48.1671,0,0,0,270,3,0,0
0,48.17445,0,0,0,270,3,0,0
0,48.18198,0,0,0,270,3,0,0
0,48.18993,0,0,0,270,3,0,0
0,48.19701,0,0,0,270,3,0,0
0,48.20466,0,0,0,270,3,0,0
0,48.21252,0,0,0,270,3,0,0
0,48.2208,0,0,0,270,3,0,0
0,48.22822,0,0,0,270,3,0,0
0,48.23752,0,0,0,270,3,0,0
0,48.2445,0,0,0,270,3,0,0
0,48.25086,0,0,0,270,3,0,0
0,48.25943,0,0,0,270,3,0,0
0,48.26691,0,0,0,270,3,0,0
0,48.2758,0,0,0,270,3,0,0
0,48.28441,0,0,0,270,3,0,0
0,48.29398,0,0,0,270,3,0,0
0,48.30309,0,0,0,270,3,0,0
0,48.31242,0,0,0,270,3,0,0
0,48.32272,0,0,0,270,3,0,0
0,48.33223,0,0,0,270,3,0,0
0,48.34053,0,0,0,270,3,0,0
0,48.35043,0,0,0,270,3,0,0
0,48.3606,0,0,0,270,3,0,0
0,48.37006,0,0,0,270,3,0,0
0,48.38145,0,0,0,270,3,0,0
0,48.39203,0,0,0,270,3,0,0
0,48.40136,0,0,0,270,3,0,0
0,48.41161,0,0,0,270,3,0,0
0,48.42134,0,0,0,270,3,0,0
0,48.42974,0,0,0,270,3,0,0
0,48.44166,0,0,0,270,3,0,0
0,48.45267,0,0,0,270,3,0,0
0,48.46339,0,0,0,270,3,0,0
0,48.48228,0,0,0,270,3,0,0
0,48.49502,0,0,0,270,3,0,0
0,48.51319,0,0,0,270,3,0,0
0,48.52988,0,0,0,270,3,0,0
0,48.54643,0,0,0,270,3,0,0
0,48.56176,0,0,0,270,3,0,0
0,48.57473,0,0,0,270,3,0,0
0,48.58854,0,0,0,270,3,0,0
0,48.60101,0,0,0,270,3,0,0
0,48.61535,0,0,0,270,3,0,0
0,48.62879,0,0,0,270,3,0,0
0,48.64901,0,0,0,270,3,0,0
0,48.66555,0,0,0,270,3,0,0
0,48.68148,0,0,0,270,3,0,0
0,48.69404,0,0,0,270,3,0,0
0,48.7088,0,0,0,270,3,0,0
0,48.72573,0,0,0,270,3,0,0
0,48.74689,0,0,0,270,3,0,0
0,48.75979,0,0,0,270,3,0,0
0,48.77392,0,0,0,270,3,0,0
0,48.78655,0,0,0,270,3,0,0
0,48.79725,0,0,0,270,3,0,0
0,48.81018,0,0,0,270,3,0,0
0,48.8209,0,0,0,270,3,0,0
0,48.8331,0,0,0,270,3,0,0
0,48.84463,0,0,0,270,3,0,0
0,48.8591,0,0,0,270,3,0,0
0,48.8844,0,0,0,270,3,0,0
0,48.89944,0,0,0,270,3,0,0
0,48.90949,0,0,0,270,3,0,0
0,48.91791,0,0,0,270,3,0,0
0,48.92873,0,0,0,270,3,0,0
0,48.941,0,0,0,270,3,0,0
0,48.94906,0,0,0,270,3,0,0
0,48.95808,0,0,0,270,3,0,0
0,48.96612,0,0,0,270,3,0,0
0,48.97467,0,0,0,270,3,0,0
0,48.98529,0,0,0,270,3,0,0
0,48.99322,0,0,0,270,3,0,0
0,49.0051,0,0,0,270,3,0,0
0,49.01301,0,0,0,270,3,0,0
0,49.02325,0,0,0,270,3,0,0
0,49.03418,0,0,0,270,3,0,0
0,49.04267,0,0,0,270,3,0,0
0,49.05159,0,0,0,270,3,0,0
0,49.05992,0,0,0,270,3,0,0
0,49.07131,0,0,0,270,3,0,0
0,49.07922,0,0,0,270,3,0,0
0,49.08673,0,0,0,270,3,0,0
0,49.09385,0,0,0,270,3,0,0
0,49.10133,0,0,0,270,3,0,0
0,49.10785,0,0,0,270,3,0,0
0,49.1164,0,0,0,270,3,0,0
0,49.1275,0,0,0,270,3,0,0
0,49.13607,0,0,0,270,3,0,0
0,49.14652,0,0,0,270,3,0,0
0,49.15527,0,0,0,270,3,0,0
0,49.16287,0,0,0,270,3,0,0
0,49.17367,0,0,0,270,3,0,0
0,49.18415,0,0,0,270,3,0,0
0,49.1931,0,0,0,270,3,0,0
0,49.20325,0,0,0,270,3,0,0
0,49.21162,0,0,0,270,3,0,0
0,49.21849,0,0,0,270,3,0,0
0,49.22678,0,0,0,270,3,0,0
0,49.23573,0,0,0,270,3,0,0
0,49.24495,0,0,0,270,3,0,0
0,49.25517,0,0,0,270,3,0,0
0,49.26229,0,0,0,270,3,0,0
0,49.27175,0,0,0,270,3,0,0
0,49.2794,0,0,0,270,3,0,0
0,49.28616,0,0,0,270,3,0,0
0,49.29326,0,0,0,270,3,0,0
0,49.30261,0,0,0,270,3,0,0
0,49.31007,0,0,0,270,3,0,0
0,49.31779,0,0,0,270,3,0,0
0,49.32658,0,0,0,270,3,0,0
0,49.3354,0,0,0,270,3,0,0
0,49.34311,0,0,0,270,3,0,0
0,49.35025,0,0,0,270,3,0,0
0,49.35789,0,0,0,270,3,0,0
0,49.3656,0,0,0,270,3,0,0
0,49.37336,0,0,0,270,3,0,0
0,49.38108,0,0,0,270,3,0,0
0,49.38898,0,0,0,270,3,0,0
0,49.39758,0,0,0,270,3,0,0
0,49.40574,0,0,0,270,3,0,0
0,49.41342,0,0,0,270,3,0,0
0,49.42079,0,0,0,270,3,0,0
0,49.42956,0,0,0,270,3,0,0
0,49.44002,0,0,0,270,3,0,0
0,49.4498,0,0,0,270,3,0,0
0,49.45956,0,0,0,270,3,0,0
0,49.4683,0,0,0,270,3,0,0
0,49.48119,0,0,0,270,3,0,0
0,49.4907,0,0,0,270,3,0,0
0,49.50048,0,0,0,270,3,0,0
0,49.51139,0,0,0,270,3,0,0
0,49.52136,0,0,0,270,3,0,0
0,49.53274,0,0,0,270,3,0,0
0,49.54331,0,0,0,270,3,0,0
0,49.55285,0,0,0,270,3,0,0
0,49.56689,0,0,0,270,3,0,0
0,49.57798,0,0,0,270,3,0,0
0,49.58916,0,0,0,270,3,0,0
0,49.59991,0,0,0,270,3,0,0
0,49.61298,0,0,0,270,3,0,0
0,49.62297,0,0,0,270,3,0,0
0,49.63502,0,0,0,270,3,0,0
0,49.64491,0,0,0,270,3,0,0
0,49.65369,0,0,0,270,3,0,0
0,49.66662,0,0,0,270,3,0,0
0,49.68082,0,0,0,270,3,0,0
0,49.69393,0,0,0,270,3,0,0
0,49.70491,0,0,0,270,3,0,0
0,49.71587,0,0,0,270,3,0,0
0,49.72634,0,0,0,270,3,0,0
0,49.73608,0,0,0,270,3,0,0
0,49.7556,0,0,0,270,3,0,0
0,49.76287,0,0,0,270,3,0,0
0,49.77182,0,0,0,270,3,0,0
0,49.78093,0,0,0,270,3,0,0
0,49.79037,0,0,0,270,3,0,0
0,49.79966,0,0,0,270,3,0,0
0,49.81047,0,0,0,270,3,0,0
0,49.82275,0,0,0,270,3,0,0
0,49.83381,0,0,0,270,3,0,0
0,49.84495,0,0,0,270,3,0,0
0,49.85437,0,0,0,270,3,0,0
0,49.86285,0,0,0,270,3,0,0
0,49.87018,0,0,0,270,3,0,0
0,49.87933,0,0,0,270,3,0,0
0,49.88804,0,0,0,270,3,0,0
0,49.90057,0,0,0,270,3,0,0
0,49.90985,0,0,0,270,3,0,0
0,49.91893,0,0,0,270,3,0,0
0,49.92922,0,0,0,270,3,0,0
0,49.93863,0,0,0,270,3,0,0
0,49.94789,0,0,0,270,3,0,0
0,49.95803,0,0,0,270,3,0,0
0,49.96603,0,0,0,270,3,0,0
0,49.97517,0,0,0,270,3,0,0
0,49.98454,0,0,0,270,3,0,0
0,49.99403,0,0,0,270,3,0,0
0,50.00397,0,0,0,270,3,0,0
0,50.01322,0,0,0,270,3,0,0
0,50.02296,0,0,0,270,3,0,0
0,50.03307,0,0,0,270,3,0,0
0,50.04274,0,0,0,270,3,0,0
0,50.05246,0,0,0,270,3,0,0
0,50.06108,0,0,0,270,3,0,0
0,50.06892,0,0,0,270,3,0,0
0,50.07737,0,0,0,270,3,0,0
0,50.08538,0,0,0,270,3,0,0
0,50.09323,0,0,0,270,3,0,0
0,50.10277,0,0,0,270,3,0,0
0,50.11138,0,0,0,270,3,0,0
0,50.11819,0,0,0,270,3,0,0
0,50.12576,0,0,0,270,3,0,0
0,50.13301,0,0,0,270,3,0,0
0,50.14077,0,0,0,270,3,0,0
0,50.14898,0,0,0,270,3,0,0
0,50.15771,0,0,0,270,3,0,0
0,50.16581,0,0,0,270,3,0,0
0,50.1729,0,0,0,270,3,0,0
0,50.17992,0,0,0,270,3,0,0
0,50.18768,0,0,0,270,3,0,0
0,50.19545,0,0,0,270,3,0,0
0,50.20323,0,0,0,270,3,0,0
0,50.21107,0,0,0,270,3,0,0
0,50.21891,0,0,0,270,3,0,0
0,50.22666,0,0,0,270,3,0,0
0,50.23404,0,0,0,270,3,0,0
0,50.24233,0,0,0,270,3,0,0
0,50.24957,0,0,0,270,3,0,0
0,50.25748,0,0,0,270,3,0,0
0,50.26573,0,0,0,270,3,0,0
0,50.27455,0,0,0,270,3,0,0
0,50.28363,0,0,0,270,3,0,0
0,50.29174,0,0,0,270,3,0,0
0,50.30151,0,0,0,270,3,0,0
0,50.3129,0,0,0,270,3,0,0
0,50.32158,0,0,0,270,3,0,0
0,50.33179,0,0,0,270,3,0,0
0,50.33939,0,0,0,270,3,0,0
0,50.34727,0,0,0,270,3,0,0
0,50.35482,0,0,0,270,3,0,0
0,50.36234,0,0,0,270,3,0,0
0,50.37011,0,0,0,270,3,0,0
0,50.37958,0,0,0,270,3,0,0
0,50.38764,0,0,0,270,3,0,0
0,50.3957,0,0,0,270,3,0,0
0,50.4041,0,0,0,270,3,0,0
0,50.41261,0,0,0,270,3,0,0
0,50.42162,0,0,0,270,3,0,0
0,50.43066,0,0,0,270,3,0,0
0,50.44073,0,0,0,270,3,0,0
0,50.44956,0,0,0,270,3,0,0
0,50.45777,0,0,0,270,3,0,0
0,50.46713,0,0,0,270,3,0,0
0,50.47437,0,0,0,270,3,0,0
0,50.48201,0,0,0,270,3,0,0
0,50.48902,0,0,0,270,3,0,0
0,50.49654,0,0,0,270,3,0,0
0,50.50615,0,0,0,270,3,0,0
0,50.51772,0,0,0,270,3,0,0
0,50.52574,0,0,0,270,3,0,0
0,50.53549,0,0,0,270,3,0,0
0,50.54406,0,0,0,270,3,0,0
0,50.55271,0,0,0,270,3,0,0
0,50.56112,0,0,0,270,3,0,0
0,50.57207,0,0,0,270,3,0,0
0,50.58249,0,0,0,270,3,0,0
0,50.59347,0,0,0,270,3,0,0
0,50.60456,0,0,0,270,3,0,0
0,50.61658,0,0,0,270,3,0,0
0,50.63502,0,0,0,270,3,0,0
0,50.6472,0,0,0,270,3,0,0
0,50.65789,0,0,0,270,3,0,0
0,50.66713,0,0,0,270,3,0,0
0,50.67682,0,0,0,270,3,0,0
0,50.68802,0,0,0,270,3,0,0
0,50.70699,0,0,0,270,3,0,0
0,50.71888,0,0,0,270,3,0,0
0,50.7336,0,0,0,270,3,0,0
0,50.74412,0,0,0,270,3,0,0
0,50.75618,0,0,0,270,3,0,0
0,50.76723,0,0,0,270,3,0,0
0,50.77787,0,0,0,270,3,0,0
0,50.78865,0,0,0,270,3,0,0
0,50.79852,0,0,0,270,3,0,0
0,50.80829,0,0,0,270,3,0,0
0,50.81926,0,0,0,270,3,0,0
0,50.82967,0,0,0,270,3,0,0
0,50.84046,0,0,0,270,3,0,0
0,50.86749,0,0,0,270,3,0,0
