Ans,timenow,HMD_rotation_x,HMD_rotation_y,HMD_rotation_z,balldeg,ball_position_x,ball_position_y,ball_position_z
0,0.0274086,0,0,0,270,0,0,0
0,0.04610682,0,0,0,270,0,0,0
0,0.7078195,0,0,0,270,0,0,0
0,0.7326074,0,0,0,270,0,0,0
0,0.7554674,0,0,0,270,0,0,0
0,0.7697911,0,0,0,270,0,0,0
0,0.7746215,0,0,0,270,0,0,0
0,0.7800436,0,0,0,270,0,0,0
0,0.7851992,0,0,0,270,0,0,0
0,0.7902813,0,0,0,270,0,0,0
0,0.7969599,0,0,0,270,0,0,0
0,0.806654,0,0,0,270,0,0,0
0,0.8144116,0,0,0,270,0,0,0
0,0.820622,0,0,0,270,0,0,0
0,0.8268681,0,0,0,270,0,0,0
0,0.8331246,0,0,0,270,0,0,0
0,0.8417358,0,0,0,270,0,0,0
0,0.8466449,0,0,0,270,0,0,0
0,0.8571076,0,0,0,270,0,0,0
0,0.8630743,0,0,0,270,0,0,0
0,0.8729296,0,0,0,270,0,0,0
0,0.8795891,0,0,0,270,0,0,0
0,0.8863516,0,0,0,270,0,0,0
0,0.8909597,0,0,0,270,0,0,0
0,0.8988075,0,0,0,270,0,0,0
0,0.9042768,0,0,0,270,0,0,0
0,0.9103971,0,0,0,270,0,0,0
0,0.9171319,0,0,0,270,0,0,0
0,0.9227204,0,0,0,270,0,0,0
0,0.9291763,0,0,0,270,0,0,0
0,0.9353561,0,0,0,270,0,0,0
0,0.9431219,0,0,0,270,0,0,0
0,0.9492188,0,0,0,270,0,0,0
0,0.9553037,0,0,0,270,0,0,0
0,0.9608736,0,0,0,270,0,0,0
0,0.9671388,0,0,0,270,0,0,0
0,0.9733434,0,0,0,270,0,0,0
0,0.9829369,0,0,0,270,0,0,0
0,0.9882774,0,0,0,270,0,0,0
0,0.9947405,0,0,0,270,0,0,0
0,0.9996939,0,0,0,270,0,0,0
0,1.005971,0,0,0,270,0,0,0
0,1.012075,0,0,0,270,0,0,0
0,1.017398,0,0,0,270,0,0,0
0,1.022801,0,0,0,270,0,0,0
0,1.028318,0,0,0,270,0,0,0
0,1.034719,0,0,0,270,0,0,0
0,1.040995,0,0,0,270,0,0,0
0,1.04586,0,0,0,270,0,0,0
0,1.052413,0,0,0,270,0,0,0
0,1.056989,0,0,0,270,0,0,0
0,1.063294,0,0,0,270,0,0,0
0,1.068484,0,0,0,270,0,0,0
0,1.074131,0,0,0,270,0,0,0
0,1.081135,0,0,0,270,0,0,0
0,1.087754,0,0,0,270,0,0,0
0,1.093713,0,0,0,270,0,0,0
0,1.099162,0,0,0,270,0,0,0
0,1.104675,0,0,0,270,0,0,0
0,1.109575,0,0,0,270,0,0,0
0,1.115182,0,0,0,270,0,0,0
0,1.119882,0,0,0,270,0,0,0
0,1.125426,0,0,0,270,0,0,0
0,1.131699,0,0,0,270,0,0,0
0,1.139,0,0,0,270,0,0,0
0,1.144714,0,0,0,270,0,0,0
0,1.149923,0,0,0,270,0,0,0
0,1.155109,0,0,0,270,0,0,0
0,1.161523,0,0,0,270,0,0,0
0,1.166684,0,0,0,270,0,0,0
0,1.172462,0,0,0,270,0,0,0
0,1.177566,0,0,0,270,0,0,0
0,1.182461,0,0,0,270,0,0,0
0,1.187388,0,0,0,270,0,0,0
0,1.193348,0,0,0,270,0,0,0
0,1.19808,0,0,0,270,0,0,0
0,1.202637,0,0,0,270,0,0,0
0,1.209573,0,0,0,270,0,0,0
0,1.214137,0,0,0,270,0,0,0
0,1.220361,0,0,0,270,0,0,0
0,1.225713,0,0,0,270,0,0,0
0,1.231263,0,0,0,270,0,0,0
0,1.23841,0,0,0,270,0,0,0
0,1.244696,0,0,0,270,0,0,0
0,1.251467,0,0,0,270,0,0,0
0,1.257797,0,0,0,270,0,0,0
0,1.264192,0,0,0,270,0,0,0
0,1.269982,0,0,0,270,0,0,0
0,1.275998,0,0,0,270,0,0,0
0,1.283391,0,0,0,270,0,0,0
0,1.288949,0,0,0,270,0,0,0
0,1.293633,0,0,0,270,0,0,0
0,1.298645,0,0,0,270,0,0,0
0,1.303777,0,0,0,270,0,0,0
0,1.309488,0,0,0,270,0,0,0
0,1.315551,0,0,0,270,0,0,0
0,1.320471,0,0,0,270,0,0,0
0,1.32495,0,0,0,270,0,0,0
0,1.331101,0,0,0,270,0,0,0
0,1.336048,0,0,0,270,0,0,0
0,1.340885,0,0,0,270,0,0,0
0,1.347512,0,0,0,270,0,0,0
0,1.352777,0,0,0,270,0,0,0
0,1.35775,0,0,0,270,0,0,0
0,1.36365,0,0,0,270,0,0,0
0,1.369376,0,0,0,270,0,0,0
0,1.373781,0,0,0,270,0,0,0
0,1.380085,0,0,0,270,0,0,0
0,1.385274,0,0,0,270,0,0,0
0,1.390025,0,0,0,270,0,0,0
0,1.396737,0,0,0,270,0,0,0
0,1.402516,0,0,0,270,0,0,0
0,1.408448,0,0,0,270,0,0,0
0,1.413616,0,0,0,270,0,0,0
0,1.41848,0,0,0,270,0,0,0
0,1.42405,0,0,0,270,0,0,0
0,1.42948,0,0,0,270,0,0,0
0,1.4351,0,0,0,270,0,0,0
0,1.44115,0,0,0,270,0,0,0
0,1.446136,0,0,0,270,0,0,0
0,1.451514,0,0,0,270,0,0,0
0,1.456711,0,0,0,270,0,0,0
0,1.461375,0,0,0,270,0,0,0
0,1.46572,0,0,0,270,0,0,0
0,1.470676,0,0,0,270,0,0,0
0,1.475804,0,0,0,270,0,0,0
0,1.481752,0,0,0,270,0,0,0
0,1.486203,0,0,0,270,0,0,0
0,1.492086,0,0,0,270,0,0,0
0,1.498537,0,0,0,270,0,0,0
0,1.506242,0,0,0,270,0,0,0
0,1.513842,0,0,0,270,0,0,0
0,1.519803,0,0,0,270,0,0,0
0,1.524724,0,0,0,270,0,0,0
0,1.530506,0,0,0,270,0,0,0
0,1.535873,0,0,0,270,0,0,0
0,1.541441,0,0,0,270,0,0,0
0,1.546241,0,0,0,270,0,0,0
0,1.552101,0,0,0,270,0,0,0
0,1.556861,0,0,0,270,0,0,0
0,1.562702,0,0,0,270,0,0,0
0,1.568283,0,0,0,270,0,0,0
0,1.573817,0,0,0,270,0,0,0
0,1.579789,0,0,0,270,0,0,0
0,1.585668,0,0,0,270,0,0,0
0,1.591541,0,0,0,270,0,0,0
0,1.614713,0,0,0,270,0,0,0
0,1.619949,0,0,0,270,0,0,0
0,1.624708,0,0,0,270,0,0,0
0,1.630307,0,0,0,270,0,0,0
0,1.635338,0,0,0,270,0,0,0
0,1.640317,0,0,0,270,0,0,0
0,1.644863,0,0,0,270,0,0,0
0,1.649875,0,0,0,270,0,0,0
0,1.654503,0,0,0,270,0,0,0
0,1.66139,0,0,0,270,0,0,0
0,1.665868,0,0,0,270,0,0,0
0,1.670344,0,0,0,270,0,0,0
0,1.677336,0,0,0,270,0,0,0
0,1.684019,0,0,0,270,0,0,0
0,1.689043,0,0,0,270,0,0,0
0,1.694504,0,0,0,270,0,0,0
0,1.699634,0,0,0,270,0,0,0
0,1.704987,0,0,0,270,0,0,0
0,1.710659,0,0,0,270,0,0,0
0,1.716931,0,0,0,270,0,0,0
0,1.722472,0,0,0,270,0,0,0
0,1.728786,0,0,0,270,0,0,0
0,1.734064,0,0,0,270,0,0,0
0,1.739223,0,0,0,270,0,0,0
0,1.744133,0,0,0,270,0,0,0
0,1.748913,0,0,0,270,0,0,0
0,1.75564,0,0,0,270,0,0,0
0,1.761078,0,0,0,270,0,0,0
0,1.765694,0,0,0,270,0,0,0
0,1.771457,0,0,0,270,0,0,0
0,1.77625,0,0,0,270,0,0,0
0,1.782538,0,0,0,270,0,0,0
0,1.787498,0,0,0,270,0,0,0
0,1.791979,0,0,0,270,0,0,0
0,1.799329,0,0,0,270,0,0,0
0,1.804674,0,0,0,270,0,0,0
0,1.809285,0,0,0,270,0,0,0
0,1.814203,0,0,0,270,0,0,0
0,1.820045,0,0,0,270,0,0,0
0,1.824503,0,0,0,270,0,0,0
0,1.829782,0,0,0,270,0,0,0
0,1.83587,0,0,0,270,0,0,0
0,1.841983,0,0,0,270,0,0,0
0,1.847006,0,0,0,270,0,0,0
0,1.852279,0,0,0,270,0,0,0
0,1.857017,0,0,0,270,0,0,0
0,1.863463,0,0,0,270,0,0,0
0,1.868781,0,0,0,270,0,0,0
0,1.873611,0,0,0,270,0,0,0
0,1.878976,0,0,0,270,0,0,0
0,1.887043,0,0,0,270,0,0,0
0,1.892325,0,0,0,270,0,0,0
0,1.897549,0,0,0,270,0,0,0
0,1.902517,0,0,0,270,0,0,0
0,1.907078,0,0,0,270,0,0,0
0,1.913074,0,0,0,270,0,0,0
0,1.918696,0,0,0,270,0,0,0
0,1.924237,0,0,0,270,0,0,0
0,1.930024,0,0,0,270,0,0,0
0,1.934944,0,0,0,270,0,0,0
0,1.942871,0,0,0,270,0,0,0
0,1.949706,0,0,0,270,0,0,0
0,1.954391,0,0,0,270,0,0,0
0,1.960204,0,0,0,270,0,0,0
0,1.965527,0,0,0,270,0,0,0
0,1.970109,0,0,0,270,0,0,0
0,1.975776,0,0,0,270,0,0,0
0,1.980599,0,0,0,270,0,0,0
0,1.986566,0,0,0,270,0,0,0
0,1.99111,0,0,0,270,0,0,0
0,1.996093,0,0,0,270,0,0,0
0,2.000715,0,0,0,270,0,0,0
0,2.00655,0,0,0,270,0,0,0
0,2.011134,0,0,0,270,0,0,0
0,2.016484,0,0,0,270,0,0,0
0,2.021704,0,0,0,270,0,0,0
0,2.027794,0,0,0,270,0,0,0
0,2.032442,0,0,0,270,0,0,0
0,2.038275,0,0,0,270,0,0,0
0,2.043448,0,0,0,270,0,0,0
0,2.051034,0,0,0,270,0,0,0
0,2.056668,0,0,0,270,0,0,0
0,2.062868,0,0,0,270,0,0,0
0,2.067458,0,0,0,270,0,0,0
0,2.073824,0,0,0,270,0,0,0
0,2.079872,0,0,0,270,0,0,0
0,2.087887,0,0,0,270,0,0,0
0,2.092945,0,0,0,270,0,0,0
0,2.097953,0,0,0,270,0,0,0
0,2.103003,0,0,0,270,0,0,0
0,2.108067,0,0,0,270,0,0,0
0,2.113318,0,0,0,270,0,0,0
0,2.118598,0,0,0,270,0,0,0
0,2.124678,0,0,0,270,0,0,0
0,2.132133,0,0,0,270,0,0,0
0,2.139666,0,0,0,270,0,0,0
0,2.145874,0,0,0,270,0,0,0
0,2.15234,0,0,0,270,0,0,0
0,2.158424,0,0,0,270,0,0,0
0,2.16487,0,0,0,270,0,0,0
0,2.171886,0,0,0,270,0,0,0
0,2.177495,0,0,0,270,0,0,0
0,2.18289,0,0,0,270,0,0,0
0,2.188876,0,0,0,270,0,0,0
0,2.195124,0,0,0,270,0,0,0
0,2.201122,0,0,0,270,0,0,0
0,2.206972,0,0,0,270,0,0,0
0,2.211832,0,0,0,270,0,0,0
0,2.217227,0,0,0,270,0,0,0
0,2.222703,0,0,0,270,0,0,0
0,2.228309,0,0,0,270,0,0,0
0,2.233082,0,0,0,270,0,0,0
0,2.239491,0,0,0,270,0,0,0
0,2.244807,0,0,0,270,0,0,0
0,2.250029,0,0,0,270,0,0,0
0,2.256592,0,0,0,270,0,0,0
0,2.26291,0,0,0,270,0,0,0
0,2.268486,0,0,0,270,0,0,0
0,2.275574,0,0,0,270,0,0,0
0,2.283079,0,0,0,270,0,0,0
0,2.292415,0,0,0,270,0,0,0
0,2.299608,0,0,0,270,0,0,0
0,2.30634,0,0,0,270,0,0,0
0,2.312054,0,0,0,270,0,0,0
0,2.318309,0,0,0,270,0,0,0
0,2.323593,0,0,0,270,0,0,0
0,2.329426,0,0,0,270,0,0,0
0,2.334996,0,0,0,270,0,0,0
0,2.33979,0,0,0,270,0,0,0
0,2.344293,0,0,0,270,0,0,0
0,2.349432,0,0,0,270,0,0,0
0,2.353927,0,0,0,270,0,0,0
0,2.361085,0,0,0,270,0,0,0
0,2.367793,0,0,0,270,0,0,0
0,2.373863,0,0,0,270,0,0,0
0,2.379844,0,0,0,270,0,0,0
0,2.384657,0,0,0,270,0,0,0
0,2.389908,0,0,0,270,0,0,0
0,2.396667,0,0,0,270,0,0,0
0,2.40198,0,0,0,270,0,0,0
0,2.408851,0,0,0,270,0,0,0
0,2.4142,0,0,0,270,0,0,0
0,2.419763,0,0,0,270,0,0,0
0,2.424869,0,0,0,270,0,0,0
0,2.42993,0,0,0,270,0,0,0
0,2.434577,0,0,0,270,0,0,0
0,2.439601,0,0,0,270,0,0,0
0,2.444167,0,0,0,270,0,0,0
0,2.450412,0,0,0,270,0,0,0
0,2.455359,0,0,0,270,0,0,0
0,2.461019,0,0,0,270,0,0,0
0,2.468567,0,0,0,270,0,0,0
0,2.474253,0,0,0,270,0,0,0
0,2.478452,0,0,0,270,0,0,0
0,2.484034,0,0,0,270,0,0,0
0,2.490313,0,0,0,270,0,0,0
0,2.494956,0,0,0,270,0,0,0
0,2.500827,0,0,0,270,0,0,0
0,2.507433,0,0,0,270,0,0,0
0,2.51328,0,0,0,270,0,0,0
0,2.520407,0,0,0,270,0,0,0
0,2.528214,0,0,0,270,0,0,0
0,2.535205,0,0,0,270,0,0,0
0,2.540839,0,0,0,270,0,0,0
0,2.546144,0,0,0,270,0,0,0
0,2.552619,0,0,0,270,0,0,0
0,2.557644,0,0,0,270,0,0,0
0,2.562811,0,0,0,270,0,0,0
0,2.568042,0,0,0,270,0,0,0
0,2.573577,0,0,0,270,0,0,0
0,2.57851,0,0,0,270,0,0,0
0,2.590286,0,0,0,270,0,0,0
0,2.600167,0,0,0,270,0,0,0
0,2.621036,0,0,0,270,0,0,0
0,2.627671,0,0,0,270,0,0,0
0,2.633841,0,0,0,270,0,0,0
0,2.640304,0,0,0,270,0,0,0
0,2.646704,0,0,0,270,0,0,0
0,2.653015,0,0,0,270,0,0,0
0,2.659011,0,0,0,270,0,0,0
0,2.664798,0,0,0,270,0,0,0
0,2.670785,0,0,0,270,0,0,0
0,2.676462,0,0,0,270,0,0,0
0,2.683235,0,0,0,270,0,0,0
0,2.689297,0,0,0,270,0,0,0
0,2.696795,0,0,0,270,0,0,0
0,2.702556,0,0,0,270,0,0,0
0,2.708691,0,0,0,270,0,0,0
0,2.714528,0,0,0,270,0,0,0
0,2.721098,0,0,0,270,0,0,0
0,2.727044,0,0,0,270,0,0,0
0,2.733049,0,0,0,270,0,0,0
0,2.739295,0,0,0,270,0,0,0
0,2.745997,0,0,0,270,0,0,0
0,2.752125,0,0,0,270,0,0,0
0,2.757908,0,0,0,270,0,0,0
0,2.763855,0,0,0,270,0,0,0
0,2.769721,0,0,0,270,0,0,0
0,2.775475,0,0,0,270,0,0,0
0,2.781605,0,0,0,270,0,0,0
0,2.788151,0,0,0,270,0,0,0
0,2.794199,0,0,0,270,0,0,0
0,2.802663,0,0,0,270,0,0,0
0,2.808662,0,0,0,270,0,0,0
0,2.814536,0,0,0,270,0,0,0
0,2.819924,0,0,0,270,0,0,0
0,2.825283,0,0,0,270,0,0,0
0,2.831272,0,0,0,270,0,0,0
0,2.836299,0,0,0,270,0,0,0
0,2.842103,0,0,0,270,0,0,0
0,2.848624,0,0,0,270,0,0,0
0,2.853493,0,0,0,270,0,0,0
0,2.85883,0,0,0,270,0,0,0
0,2.864171,0,0,0,270,0,0,0
0,2.869102,0,0,0,270,0,0,0
0,2.874807,0,0,0,270,0,0,0
0,2.879673,0,0,0,270,0,0,0
0,2.88527,0,0,0,270,0,0,0
0,2.88967,0,0,0,270,0,0,0
0,2.898014,0,0,0,270,0,0,0
0,2.904396,0,0,0,270,0,0,0
0,2.910681,0,0,0,270,0,0,0
0,2.91729,0,0,0,270,0,0,0
0,2.921771,0,0,0,270,0,0,0
0,2.927125,0,0,0,270,0,0,0
0,2.93206,0,0,0,270,0,0,0
0,2.937463,0,0,0,270,0,0,0
0,2.942984,0,0,0,270,0,0,0
0,2.947726,0,0,0,270,0,0,0
0,2.952587,0,0,0,270,0,0,0
0,2.957938,0,0,0,270,0,0,0
0,2.963156,0,0,0,270,0,0,0
0,2.968387,0,0,0,270,0,0,0
0,2.974604,0,0,0,270,0,0,0
0,2.980168,0,0,0,270,0,0,0
0,2.986119,0,0,0,270,0,0,0
0,2.990674,0,0,0,270,0,0,0
0,2.995706,0,0,0,270,0,0,0
0,2.999984,0,0,0,270,0,0,0
0,3.004633,0,0,0,270,0,0,0
0,3.009924,0,0,0,270,0,0,0
0,3.014637,0,0,0,270,0,0,0
0,3.020392,0,0,0,270,0,0,0
0,3.025036,0,0,0,270,0,0,0
0,3.030329,0,0,0,270,0,0,0
0,3.036636,0,0,0,270,0,0,0
0,3.041475,0,0,0,270,0,0,0
0,3.045622,0,0,0,270,0,0,0
0,3.052321,0,0,0,270,0,0,0
0,3.057459,0,0,0,270,0,0,0
0,3.062993,0,0,0,270,0,0,0
0,3.068604,0,0,0,270,0,0,0
0,3.074006,0,0,0,270,0,0,0
0,3.079056,0,0,0,270,0,0,0
0,3.084939,0,0,0,270,0,0,0
0,3.092322,0,0,0,270,0,0,0
0,3.100919,0,0,0,270,0,0,0
0,3.106351,0,0,0,270,0,0,0
0,3.111623,0,0,0,270,0,0,0
0,3.117393,0,0,0,270,0,0,0
0,3.122765,0,0,0,270,0,0,0
0,3.128459,0,0,0,270,0,0,0
0,3.134196,0,0,0,270,0,0,0
0,3.139629,0,0,0,270,0,0,0
0,3.144502,0,0,0,270,0,0,0
0,3.149639,0,0,0,270,0,0,0
0,3.154412,0,0,0,270,0,0,0
0,3.159041,0,0,0,270,0,0,0
0,3.165947,0,0,0,270,0,0,0
0,3.17248,0,0,0,270,0,0,0
0,3.17846,0,0,0,270,0,0,0
0,3.18468,0,0,0,270,0,0,0
0,3.189819,0,0,0,270,0,0,0
0,3.196363,0,0,0,270,0,0,0
0,3.200966,0,0,0,270,0,0,0
0,3.205998,0,0,0,270,0,0,0
0,3.211216,0,0,0,270,0,0,0
0,3.216096,0,0,0,270,0,0,0
0,3.221163,0,0,0,270,0,0,0
0,3.227488,0,0,0,270,0,0,0
0,3.232402,0,0,0,270,0,0,0
0,3.237587,0,0,0,270,0,0,0
0,3.242465,0,0,0,270,0,0,0
0,3.247272,0,0,0,270,0,0,0
0,3.252809,0,0,0,270,0,0,0
0,3.258399,0,0,0,270,0,0,0
0,3.264301,0,0,0,270,0,0,0
0,3.268636,0,0,0,270,0,0,0
0,3.275552,0,0,0,270,0,0,0
0,3.280397,0,0,0,270,0,0,0
0,3.285797,0,0,0,270,0,0,0
0,3.291068,0,0,0,270,0,0,0
0,3.296897,0,0,0,270,0,0,0
0,3.303312,0,0,0,270,0,0,0
0,3.308748,0,0,0,270,0,0,0
0,3.31409,0,0,0,270,0,0,0
0,3.319041,0,0,0,270,0,0,0
0,3.323296,0,0,0,270,0,0,0
0,3.32807,0,0,0,270,0,0,0
0,3.333326,0,0,0,270,0,0,0
0,3.340235,0,0,0,270,0,0,0
0,3.346637,0,0,0,270,0,0,0
0,3.352623,0,0,0,270,0,0,0
0,3.357738,0,0,0,270,0,0,0
0,3.363317,0,0,0,270,0,0,0
0,3.369623,0,0,0,270,0,0,0
0,3.376266,0,0,0,270,0,0,0
0,3.382513,0,0,0,270,0,0,0
0,3.387904,0,0,0,270,0,0,0
0,3.394421,0,0,0,270,0,0,0
0,3.402008,0,0,0,270,0,0,0
0,3.407804,0,0,0,270,0,0,0
0,3.414296,0,0,0,270,0,0,0
0,3.419755,0,0,0,270,0,0,0
0,3.425084,0,0,0,270,0,0,0
0,3.432328,0,0,0,270,0,0,0
0,3.438977,0,0,0,270,0,0,0
0,3.444459,0,0,0,270,0,0,0
0,3.450607,0,0,0,270,0,0,0
0,3.456828,0,0,0,270,0,0,0
0,3.463336,0,0,0,270,0,0,0
0,3.469279,0,0,0,270,0,0,0
0,3.476342,0,0,0,270,0,0,0
0,3.482978,0,0,0,270,0,0,0
0,3.488823,0,0,0,270,0,0,0
0,3.495094,0,0,0,270,0,0,0
0,3.502359,0,0,0,270,0,0,0
0,3.51157,0,0,0,270,0,0,0
0,3.517666,0,0,0,270,0,0,0
0,3.523412,0,0,0,270,0,0,0
0,3.529114,0,0,0,270,0,0,0
0,3.535792,0,0,0,270,0,0,0
0,3.542881,0,0,0,270,0,0,0
0,3.550496,0,0,0,270,0,0,0
0,3.555541,0,0,0,270,0,0,0
0,3.560448,0,0,0,270,0,0,0
0,3.565718,0,0,0,270,0,0,0
0,3.571447,0,0,0,270,0,0,0
0,3.578477,0,0,0,270,0,0,0
0,3.584631,0,0,0,270,0,0,0
0,3.589945,0,0,0,270,0,0,0
0,3.596942,0,0,0,270,0,0,0
0,3.603287,0,0,0,270,0,0,0
0,3.609375,0,0,0,270,0,0,0
0,3.615536,0,0,0,270,0,0,0
0,3.620784,0,0,0,270,0,0,0
0,3.625034,0,0,0,270,0,0,0
0,3.630711,0,0,0,270,0,0,0
0,3.637059,0,0,0,270,0,0,0
0,3.643712,0,0,0,270,0,0,0
0,3.649436,0,0,0,270,0,0,0
0,3.654337,0,0,0,270,0,0,0
0,3.660641,0,0,0,270,0,0,0
0,3.666132,0,0,0,270,0,0,0
0,3.671228,0,0,0,270,0,0,0
0,3.677422,0,0,0,270,0,0,0
0,3.683847,0,0,0,270,0,0,0
0,3.690352,0,0,0,270,0,0,0
0,3.695952,0,0,0,270,0,0,0
0,3.701436,0,0,0,270,0,0,0
0,3.707872,0,0,0,270,0,0,0
0,3.713906,0,0,0,270,0,0,0
0,3.719104,0,0,0,270,0,0,0
0,3.72447,0,0,0,270,0,0,0
0,3.729552,0,0,0,270,0,0,0
0,3.735356,0,0,0,270,0,0,0
0,3.740816,0,0,0,270,0,0,0
0,3.745446,0,0,0,270,0,0,0
0,3.750463,0,0,0,270,0,0,0
0,3.755584,0,0,0,270,0,0,0
0,3.760623,0,0,0,270,0,0,0
0,3.7655,0,0,0,270,0,0,0
0,3.771863,0,0,0,270,0,0,0
0,3.777393,0,0,0,270,0,0,0
0,3.783862,0,0,0,270,0,0,0
0,3.78871,0,0,0,270,0,0,0
0,3.793667,0,0,0,270,0,0,0
0,3.798404,0,0,0,270,0,0,0
0,3.80437,0,0,0,270,0,0,0
0,3.809233,0,0,0,270,0,0,0
0,3.814272,0,0,0,270,0,0,0
0,3.820412,0,0,0,270,0,0,0
0,3.825734,0,0,0,270,0,0,0
0,3.831873,0,0,0,270,0,0,0
0,3.837667,0,0,0,270,0,0,0
0,3.842586,0,0,0,270,0,0,0
0,3.849627,0,0,0,270,0,0,0
0,3.85495,0,0,0,270,0,0,0
0,3.861561,0,0,0,270,0,0,0
0,3.866735,0,0,0,270,0,0,0
0,3.871994,0,0,0,270,0,0,0
0,3.877902,0,0,0,270,0,0,0
0,3.88348,0,0,0,270,0,0,0
0,3.888582,0,0,0,270,0,0,0
0,3.89515,0,0,0,270,0,0,0
0,3.900179,0,0,0,270,0,0,0
0,3.906414,0,0,0,270,0,0,0
0,3.911778,0,0,0,270,0,0,0
0,3.918725,0,0,0,270,0,0,0
0,3.924969,0,0,0,270,0,0,0
0,3.93166,0,0,0,270,0,0,0
0,3.937813,0,0,0,270,0,0,0
0,3.943635,0,0,0,270,0,0,0
0,3.949751,0,0,0,270,0,0,0
0,3.956295,0,0,0,270,0,0,0
0,3.962643,0,0,0,270,0,0,0
0,3.968212,0,0,0,270,0,0,0
0,3.974947,0,0,0,270,0,0,0
0,3.980514,0,0,0,270,0,0,0
0,3.987474,0,0,0,270,0,0,0
0,3.994249,0,0,0,270,0,0,0
0,4.001803,0,0,0,270,0,0,0
0,4.008648,0,0,0,270,0,0,0
0,4.014555,0,0,0,270,0,0,0
0,4.022562,0,0,0,270,0,0,0
0,4.028673,0,0,0,270,0,0,0
0,4.035106,0,0,0,270,0,0,0
0,4.042342,0,0,0,270,0,0,0
0,4.047509,0,0,0,270,0,0,0
0,4.05362,0,0,0,270,0,0,0
0,4.058579,0,0,0,270,0,0,0
0,4.064134,0,0,0,270,0,0,0
0,4.069997,0,0,0,270,0,0,0
0,4.076347,0,0,0,270,0,0,0
0,4.082571,0,0,0,270,0,0,0
0,4.087051,0,0,0,270,0,0,0
0,4.091638,0,0,0,270,0,0,0
0,4.097724,0,0,0,270,0,0,0
0,4.103356,0,0,0,270,0,0,0
0,4.108276,0,0,0,270,0,0,0
0,4.112872,0,0,0,270,0,0,0
0,4.11958,0,0,0,270,0,0,0
0,4.124194,0,0,0,270,0,0,0
0,4.129658,0,0,0,270,0,0,0
0,4.135566,0,0,0,270,0,0,0
0,4.141565,0,0,0,270,0,0,0
0,4.147201,0,0,0,270,0,0,0
0,4.152544,0,0,0,270,0,0,0
0,4.156993,0,0,0,270,0,0,0
0,4.161634,0,0,0,270,0,0,0
0,4.166069,0,0,0,270,0,0,0
0,4.171443,0,0,0,270,0,0,0
0,4.176448,0,0,0,270,0,0,0
0,4.181018,0,0,0,270,0,0,0
0,4.18664,0,0,0,270,0,0,0
0,4.191991,0,0,0,270,0,0,0
0,4.196821,0,0,0,270,0,0,0
0,4.201293,0,0,0,270,0,0,0
0,4.207489,0,0,0,270,0,0,0
0,4.212948,0,0,0,270,0,0,0
0,4.219352,0,0,0,270,0,0,0
0,4.225387,0,0,0,270,0,0,0
0,4.230715,0,0,0,270,0,0,0
0,4.235969,0,0,0,270,0,0,0
0,4.24191,0,0,0,270,0,0,0
0,4.247498,0,0,0,270,0,0,0
0,4.253184,0,0,0,270,0,0,0
0,4.257707,0,0,0,270,0,0,0
0,4.263347,0,0,0,270,0,0,0
0,4.26844,0,0,0,270,0,0,0
0,4.273726,0,0,0,270,0,0,0
0,4.278711,0,0,0,270,0,0,0
0,4.283942,0,0,0,270,0,0,0
0,4.288883,0,0,0,270,0,0,0
0,4.293631,0,0,0,270,0,0,0
0,4.298425,0,0,0,270,0,0,0
0,4.303051,0,0,0,270,0,0,0
0,4.308907,0,0,0,270,0,0,0
0,4.314811,0,0,0,270,0,0,0
0,4.322079,0,0,0,270,0,0,0
0,4.327775,0,0,0,270,0,0,0
0,4.333676,0,0,0,270,0,0,0
0,4.33964,0,0,0,270,0,0,0
0,4.34415,0,0,0,270,0,0,0
0,4.350602,0,0,0,270,0,0,0
0,4.355829,0,0,0,270,0,0,0
0,4.361508,0,0,0,270,0,0,0
0,4.367296,0,0,0,270,0,0,0
0,4.372983,0,0,0,270,0,0,0
0,4.377377,0,0,0,270,0,0,0
0,4.382327,0,0,0,270,0,0,0
0,4.387197,0,0,0,270,0,0,0
0,4.393791,0,0,0,270,0,0,0
0,4.399756,0,0,0,270,0,0,0
0,4.405971,0,0,0,270,0,0,0
0,4.411773,0,0,0,270,0,0,0
0,4.416766,0,0,0,270,0,0,0
0,4.421245,0,0,0,270,0,0,0
0,4.425558,0,0,0,270,0,0,0
0,4.431613,0,0,0,270,0,0,0
0,4.436114,0,0,0,270,0,0,0
0,4.443936,0,0,0,270,0,0,0
0,4.450112,0,0,0,270,0,0,0
0,4.456554,0,0,0,270,0,0,0
0,4.462191,0,0,0,270,0,0,0
0,4.467949,0,0,0,270,0,0,0
0,4.474483,0,0,0,270,0,0,0
0,4.479633,0,0,0,270,0,0,0
0,4.485195,0,0,0,270,0,0,0
0,4.49087,0,0,0,270,0,0,0
0,4.496833,0,0,0,270,0,0,0
0,4.501887,0,0,0,270,0,0,0
0,4.507866,0,0,0,270,0,0,0
0,4.51293,0,0,0,270,0,0,0
0,4.518324,0,0,0,270,0,0,0
0,4.525235,0,0,0,270,0,0,0
0,4.530595,0,0,0,270,0,0,0
0,4.53602,0,0,0,270,0,0,0
0,4.540624,0,0,0,270,0,0,0
0,4.545173,0,0,0,270,0,0,0
0,4.54991,0,0,0,270,0,0,0
0,4.556898,0,0,0,270,0,0,0
0,4.563639,0,0,0,270,0,0,0
0,4.582915,0,0,0,270,0,0,0
0,4.588191,0,0,0,270,0,0,0
0,4.594006,0,0,0,270,0,0,0
0,4.60125,0,0,0,270,0,0,0
0,4.607363,0,0,0,270,0,0,0
0,4.613401,0,0,0,270,0,0,0
0,4.619433,0,0,0,270,0,0,0
0,4.624363,0,0,0,270,0,0,0
0,4.630793,0,0,0,270,0,0,0
0,4.637809,0,0,0,270,0,0,0
0,4.644352,0,0,0,270,0,0,0
0,4.651592,0,0,0,270,0,0,0
0,4.659384,0,0,0,270,0,0,0
0,4.666364,0,0,0,270,0,0,0
0,4.672754,0,0,0,270,0,0,0
0,4.678923,0,0,0,270,0,0,0
0,4.684915,0,0,0,270,0,0,0
0,4.691586,0,0,0,270,0,0,0
0,4.697649,0,0,0,270,0,0,0
0,4.703488,0,0,0,270,0,0,0
0,4.709351,0,0,0,270,0,0,0
0,4.71461,0,0,0,270,0,0,0
0,4.720779,0,0,0,270,0,0,0
0,4.727951,0,0,0,270,0,0,0
0,4.73359,0,0,0,270,0,0,0
0,4.740395,0,0,0,270,0,0,0
0,4.745926,0,0,0,270,0,0,0
0,4.752279,0,0,0,270,0,0,0
0,4.758646,0,0,0,270,0,0,0
0,4.763727,0,0,0,270,0,0,0
0,4.769945,0,0,0,270,0,0,0
0,4.776095,0,0,0,270,0,0,0
0,4.781368,0,0,0,270,0,0,0
0,4.787518,0,0,0,270,0,0,0
0,4.792927,0,0,0,270,0,0,0
0,4.798959,0,0,0,270,0,0,0
0,4.804792,0,0,0,270,0,0,0
0,4.810161,0,0,0,270,0,0,0
0,4.816394,0,0,0,270,0,0,0
0,4.821129,0,0,0,270,0,0,0
0,4.825833,0,0,0,270,0,0,0
0,4.832542,0,0,0,270,0,0,0
0,4.838449,0,0,0,270,0,0,0
0,4.843469,0,0,0,270,0,0,0
0,4.8478,0,0,0,270,0,0,0
0,4.852891,0,0,0,270,0,0,0
0,4.860235,0,0,0,270,0,0,0
0,4.864916,0,0,0,270,0,0,0
0,4.869482,0,0,0,270,0,0,0
0,4.874633,0,0,0,270,0,0,0
0,4.879795,0,0,0,270,0,0,0
0,4.884574,0,0,0,270,0,0,0
0,4.889365,0,0,0,270,0,0,0
0,4.89505,0,0,0,270,0,0,0
0,4.899546,0,0,0,270,0,0,0
0,4.904346,0,0,0,270,0,0,0
0,4.908504,0,0,0,270,0,0,0
0,4.913242,0,0,0,270,0,0,0
0,4.920115,0,0,0,270,0,0,0
0,4.924919,0,0,0,270,0,0,0
0,4.93152,0,0,0,270,0,0,0
0,4.937047,0,0,0,270,0,0,0
0,4.942613,0,0,0,270,0,0,0
0,4.947969,0,0,0,270,0,0,0
0,4.953832,0,0,0,270,0,0,0
0,4.959999,0,0,0,270,0,0,0
0,4.964485,0,0,0,270,0,0,0
0,4.970928,0,0,0,270,0,0,0
0,4.97557,0,0,0,270,0,0,0
0,4.980207,0,0,0,270,0,0,0
0,4.985322,0,0,0,270,0,0,0
0,4.99147,0,0,0,270,0,0,0
0,4.998528,0,0,0,270,0,0,0
0,5.004494,0,0,0,270,0,0,0
0,5.009272,0,0,0,270,0,0,0
0,5.014443,0,0,0,270,0,0,0
0,5.021543,0,0,0,270,0,0,0
0,5.027045,0,0,0,270,0,0,0
0,5.032421,0,0,0,270,0,0,0
0,5.037592,0,0,0,270,0,0,0
0,5.041767,0,0,0,270,0,0,0
0,5.04858,0,0,0,270,0,0,0
0,5.053122,0,0,0,270,0,0,0
0,5.057767,0,0,0,270,0,0,0
0,5.063795,0,0,0,270,0,0,0
0,5.06912,0,0,0,270,0,0,0
0,5.075782,0,0,0,270,0,0,0
0,5.081873,0,0,0,270,0,0,0
0,5.087219,0,0,0,270,0,0,0
0,5.093309,0,0,0,270,0,0,0
0,5.098946,0,0,0,270,0,0,0
0,5.104212,0,0,0,270,0,0,0
0,5.10956,0,0,0,270,0,0,0
0,5.117837,0,0,0,270,0,0,0
0,5.127177,0,0,0,270,0,0,0
0,5.142795,0,0,0,270,0,0,0
0,5.149506,0,0,0,270,0,0,0
0,5.154435,0,0,0,270,0,0,0
0,5.159697,0,0,0,270,0,0,0
0,5.164361,0,0,0,270,0,0,0
0,5.169515,0,0,0,270,0,0,0
0,5.175943,0,0,0,270,0,0,0
0,5.180611,0,0,0,270,0,0,0
0,5.185876,0,0,0,270,0,0,0
0,5.191286,0,0,0,270,0,0,0
0,5.196018,0,0,0,270,0,0,0
0,5.201363,0,0,0,270,0,0,0
0,5.207886,0,0,0,270,0,0,0
0,5.214053,0,0,0,270,0,0,0
0,5.22006,0,0,0,270,0,0,0
0,5.225539,0,0,0,270,0,0,0
0,5.231024,0,0,0,270,0,0,0
0,5.236483,0,0,0,270,0,0,0
0,5.242403,0,0,0,270,0,0,0
0,5.248048,0,0,0,270,0,0,0
0,5.253701,0,0,0,270,0,0,0
0,5.258126,0,0,0,270,0,0,0
0,5.264003,0,0,0,270,0,0,0
0,5.271153,0,0,0,270,0,0,0
0,5.277205,0,0,0,270,0,0,0
0,5.284706,0,0,0,270,0,0,0
0,5.291063,0,0,0,270,0,0,0
0,5.296399,0,0,0,270,0,0,0
0,5.300709,0,0,0,270,0,0,0
0,5.31087,0,0,0,270,0,0,0
0,5.317889,0,0,0,270,0,0,0
0,5.323624,0,0,0,270,0,0,0
0,5.329935,0,0,0,270,0,0,0
0,5.33566,0,0,0,270,0,0,0
0,5.344683,0,0,0,270,0,0,0
0,5.350957,0,0,0,270,0,0,0
0,5.357064,0,0,0,270,0,0,0
0,5.363451,0,0,0,270,0,0,0
0,5.369606,0,0,0,270,0,0,0
0,5.376818,0,0,0,270,0,0,0
0,5.383311,0,0,0,270,0,0,0
0,5.389592,0,0,0,270,0,0,0
0,5.396344,0,0,0,270,0,0,0
0,5.402266,0,0,0,270,0,0,0
0,5.409576,0,0,0,270,0,0,0
0,5.415249,0,0,0,270,0,0,0
0,5.420857,0,0,0,270,0,0,0
0,5.44181,0,0,0,270,0,0,0
0,5.446787,0,0,0,270,0,0,0
0,5.45154,0,0,0,270,0,0,0
0,5.456185,0,0,0,270,0,0,0
0,5.46278,0,0,0,270,0,0,0
0,5.468821,0,0,0,270,0,0,0
0,5.475276,0,0,0,270,0,0,0
0,5.480183,0,0,0,270,0,0,0
0,5.48621,0,0,0,270,0,0,0
0,5.491766,0,0,0,270,0,0,0
0,5.496929,0,0,0,270,0,0,0
0,5.501533,0,0,0,270,0,0,0
0,5.506575,0,0,0,270,0,0,0
0,5.512648,0,0,0,270,0,0,0
0,5.520496,0,0,0,270,0,0,0
0,5.530632,0,0,0,270,0,0,0
0,5.535591,0,0,0,270,0,0,0
0,5.544341,0,0,0,270,0,0,0
0,5.549712,0,0,0,270,0,0,0
0,5.554798,0,0,0,270,0,0,0
0,5.560466,0,0,0,270,0,0,0
0,5.567247,0,0,0,270,0,0,0
0,5.575005,0,0,0,270,0,0,0
0,5.600394,0,0,0,270,0,0,0
0,5.607964,0,0,0,270,0,0,0
0,5.61436,0,0,0,270,0,0,0
0,5.619986,0,0,0,270,0,0,0
0,5.625494,0,0,0,270,0,0,0
0,5.632337,0,0,0,270,0,0,0
0,5.639241,0,0,0,270,0,0,0
0,5.645427,0,0,0,270,0,0,0
0,5.652798,0,0,0,270,0,0,0
0,5.659331,0,0,0,270,0,0,0
0,5.666035,0,0,0,270,0,0,0
0,5.672405,0,0,0,270,0,0,0
0,5.678847,0,0,0,270,0,0,0
0,5.685126,0,0,0,270,0,0,0
0,5.690588,0,0,0,270,0,0,0
0,5.697017,0,0,0,270,0,0,0
0,5.702879,0,0,0,270,0,0,0
0,5.710483,0,0,0,270,0,0,0
0,5.717518,0,0,0,270,0,0,0
0,5.723201,0,0,0,270,0,0,0
0,5.732116,0,0,0,270,0,0,0
0,5.739027,0,0,0,270,0,0,0
0,5.747344,0,0,0,270,0,0,0
0,5.754363,0,0,0,270,0,0,0
0,5.76076,0,0,0,270,0,0,0
0,5.76787,0,0,0,270,0,0,0
0,5.774377,0,0,0,270,0,0,0
0,5.780674,0,0,0,270,0,0,0
0,5.787939,0,0,0,270,0,0,0
0,5.79389,0,0,0,270,0,0,0
0,5.800714,0,0,0,270,0,0,0
0,5.807674,0,0,0,270,0,0,0
0,5.813594,0,0,0,270,0,0,0
0,5.819863,0,0,0,270,0,0,0
0,5.825224,0,0,0,270,0,0,0
0,5.831308,0,0,0,270,0,0,0
0,5.837689,0,0,0,270,0,0,0
0,5.842672,0,0,0,270,0,0,0
0,5.849088,0,0,0,270,0,0,0
0,5.855808,0,0,0,270,0,0,0
0,5.862628,0,0,0,270,0,0,0
0,5.867661,0,0,0,270,0,0,0
0,5.873616,0,0,0,270,0,0,0
0,5.879541,0,0,0,270,0,0,0
0,5.886176,0,0,0,270,0,0,0
0,5.891867,0,0,0,270,0,0,0
0,5.89851,0,0,0,270,0,0,0
0,5.905369,0,0,0,270,0,0,0
0,5.912443,0,0,0,270,0,0,0
0,5.920023,0,0,0,270,0,0,0
0,5.927616,0,0,0,270,0,0,0
0,5.934066,0,0,0,270,0,0,0
0,5.94018,0,0,0,270,0,0,0
0,5.94944,0,0,0,270,0,0,0
0,5.956428,0,0,0,270,0,0,0
0,5.964562,0,0,0,270,0,0,0
0,5.970307,0,0,0,270,0,0,0
0,5.976563,0,0,0,270,0,0,0
0,5.982407,0,0,0,270,0,0,0
0,5.987699,0,0,0,270,0,0,0
0,5.993939,0,0,0,270,0,0,0
0,5.999531,0,0,0,270,0,0,0
0,6.005451,0,0,0,270,0,0,0
0,6.011766,0,0,0,270,0,0,0
0,6.018057,0,0,0,270,0,0,0
0,6.025327,0,0,0,270,0,0,0
0,6.031583,0,0,0,270,0,0,0
0,6.037929,0,0,0,270,0,0,0
0,6.044667,0,0,0,270,0,0,0
0,6.051322,0,0,0,270,0,0,0
0,6.057644,0,0,0,270,0,0,0
0,6.064242,0,0,0,270,0,0,0
0,6.071041,0,0,0,270,0,0,0
0,6.077931,0,0,0,270,0,0,0
0,6.08474,0,0,0,270,0,0,0
0,6.090618,0,0,0,270,0,0,0
0,6.098194,0,0,0,270,0,0,0
0,6.104248,0,0,0,270,0,0,0
0,6.110101,0,0,0,270,0,0,0
0,6.115948,0,0,0,270,0,0,0
0,6.12088,0,0,0,270,0,0,0
0,6.125854,0,0,0,270,0,0,0
0,6.13203,0,0,0,270,0,0,0
0,6.136516,0,0,0,270,0,0,0
0,6.141707,0,0,0,270,0,0,0
0,6.149235,0,0,0,270,0,0,0
0,6.154481,0,0,0,270,0,0,0
0,6.16012,0,0,0,270,0,0,0
0,6.165655,0,0,0,270,0,0,0
0,6.171331,0,0,0,270,0,0,0
0,6.176889,0,0,0,270,0,0,0
0,6.181839,0,0,0,270,0,0,0
0,6.186705,0,0,0,270,0,0,0
0,6.193551,0,0,0,270,0,0,0
0,6.198392,0,0,0,270,0,0,0
0,6.20291,0,0,0,270,0,0,0
0,6.208617,0,0,0,270,0,0,0
0,6.214181,0,0,0,270,0,0,0
0,6.218843,0,0,0,270,0,0,0
0,6.224353,0,0,0,270,0,0,0
0,6.230964,0,0,0,270,0,0,0
0,6.235566,0,0,0,270,0,0,0
0,6.240701,0,0,0,270,0,0,0
0,6.245224,0,0,0,270,0,0,0
0,6.251009,0,0,0,270,0,0,0
0,6.255774,0,0,0,270,0,0,0
0,6.260787,0,0,0,270,0,0,0
0,6.267349,0,0,0,270,0,0,0
0,6.272336,0,0,0,270,0,0,0
0,6.277024,0,0,0,270,0,0,0
0,6.283057,0,0,0,270,0,0,0
0,6.288048,0,0,0,270,0,0,0
0,6.294364,0,0,0,270,0,0,0
0,6.30093,0,0,0,270,0,0,0
0,6.307512,0,0,0,270,0,0,0
0,6.314673,0,0,0,270,0,0,0
0,6.321079,0,0,0,270,0,0,0
0,6.326856,0,0,0,270,0,0,0
0,6.334017,0,0,0,270,0,0,0
0,6.33977,0,0,0,270,0,0,0
0,6.345795,0,0,0,270,0,0,0
0,6.354096,0,0,0,270,0,0,0
0,6.360075,0,0,0,270,0,0,0
0,6.36619,0,0,0,270,0,0,0
0,6.372719,0,0,0,270,0,0,0
0,6.378945,0,0,0,270,0,0,0
0,6.385103,0,0,0,270,0,0,0
0,6.392356,0,0,0,270,0,0,0
0,6.399436,0,0,0,270,0,0,0
0,6.404958,0,0,0,270,0,0,0
0,6.411774,0,0,0,270,0,0,0
0,6.417963,0,0,0,270,0,0,0
0,6.42466,0,0,0,270,0,0,0
0,6.430528,0,0,0,270,0,0,0
0,6.436371,0,0,0,270,0,0,0
0,6.442437,0,0,0,270,0,0,0
0,6.447474,0,0,0,270,0,0,0
0,6.45291,0,0,0,270,0,0,0
0,6.459013,0,0,0,270,0,0,0
0,6.464509,0,0,0,270,0,0,0
0,6.471893,0,0,0,270,0,0,0
0,6.47721,0,0,0,270,0,0,0
0,6.48365,0,0,0,270,0,0,0
0,6.492146,0,0,0,270,0,0,0
0,6.498807,0,0,0,270,0,0,0
0,6.504799,0,0,0,270,0,0,0
0,6.510496,0,0,0,270,0,0,0
0,6.517115,0,0,0,270,0,0,0
0,6.523101,0,0,0,270,0,0,0
0,6.527839,0,0,0,270,0,0,0
0,6.533951,0,0,0,270,0,0,0
0,6.539825,0,0,0,270,0,0,0
0,6.544464,0,0,0,270,0,0,0
0,6.551097,0,0,0,270,0,0,0
0,6.557542,0,0,0,270,0,0,0
0,6.563047,0,0,0,270,0,0,0
0,6.569005,0,0,0,270,0,0,0
0,6.574767,0,0,0,270,0,0,0
0,6.580184,0,0,0,270,0,0,0
0,6.585435,0,0,0,270,0,0,0
0,6.591429,0,0,0,270,0,0,0
0,6.598486,0,0,0,270,0,0,0
0,6.606244,0,0,0,270,0,0,0
0,6.612054,0,0,0,270,0,0,0
0,6.617453,0,0,0,270,0,0,0
0,6.622035,0,0,0,270,0,0,0
0,6.626716,0,0,0,270,0,0,0
0,6.631649,0,0,0,270,0,0,0
0,6.635894,0,0,0,270,0,0,0
0,6.641622,0,0,0,270,0,0,0
0,6.646782,0,0,0,270,0,0,0
0,6.652797,0,0,0,270,0,0,0
0,6.657251,0,0,0,270,0,0,0
0,6.662682,0,0,0,270,0,0,0
0,6.667361,0,0,0,270,0,0,0
0,6.67403,0,0,0,270,0,0,0
0,6.678685,0,0,0,270,0,0,0
0,6.683663,0,0,0,270,0,0,0
0,6.68874,0,0,0,270,0,0,0
0,6.695179,0,0,0,270,0,0,0
0,6.700154,0,0,0,270,0,0,0
0,6.705297,0,0,0,270,0,0,0
0,6.711177,0,0,0,270,0,0,0
0,6.717092,0,0,0,270,0,0,0
0,6.722474,0,0,0,270,0,0,0
0,6.72806,0,0,0,270,0,0,0
0,6.733488,0,0,0,270,0,0,0
0,6.739974,0,0,0,270,0,0,0
0,6.745202,0,0,0,270,0,0,0
0,6.751131,0,0,0,270,0,0,0
0,6.758016,0,0,0,270,0,0,0
0,6.763526,0,0,0,270,0,0,0
0,6.769534,0,0,0,270,0,0,0
0,6.775727,0,0,0,270,0,0,0
0,6.782031,0,0,0,270,0,0,0
0,6.787879,0,0,0,270,0,0,0
0,6.793755,0,0,0,270,0,0,0
0,6.798611,0,0,0,270,0,0,0
0,6.804073,0,0,0,270,0,0,0
0,6.809339,0,0,0,270,0,0,0
0,6.81387,0,0,0,270,0,0,0
0,6.819172,0,0,0,270,0,0,0
0,6.824388,0,0,0,270,0,0,0
0,6.829197,0,0,0,270,0,0,0
0,6.834082,0,0,0,270,0,0,0
0,6.839368,0,0,0,270,0,0,0
0,6.845223,0,0,0,270,0,0,0
0,6.851194,0,0,0,270,0,0,0
0,6.85665,0,0,0,270,0,0,0
0,6.862267,0,0,0,270,0,0,0
0,6.86692,0,0,0,270,0,0,0
0,6.871864,0,0,0,270,0,0,0
0,6.876658,0,0,0,270,0,0,0
0,6.883103,0,0,0,270,0,0,0
0,6.88822,0,0,0,270,0,0,0
0,6.893433,0,0,0,270,0,0,0
0,6.899156,0,0,0,270,0,0,0
0,6.904303,0,0,0,270,0,0,0
0,6.909939,0,0,0,270,0,0,0
0,6.914741,0,0,0,270,0,0,0
0,6.919972,0,0,0,270,0,0,0
0,6.92486,0,0,0,270,0,0,0
0,6.929758,0,0,0,270,0,0,0
0,6.934716,0,0,0,270,0,0,0
0,6.939784,0,0,0,270,0,0,0
0,6.945934,0,0,0,270,0,0,0
0,6.950916,0,0,0,270,0,0,0
0,6.957144,0,0,0,270,0,0,0
0,6.964515,0,0,0,270,0,0,0
0,6.969985,0,0,0,270,0,0,0
0,6.975457,0,0,0,270,0,0,0
0,6.980733,0,0,0,270,0,0,0
0,6.987222,0,0,0,270,0,0,0
0,6.992463,0,0,0,270,0,0,0
0,6.997979,0,0,0,270,0,0,0
0,7.003236,0,0,0,270,0,0,0
0,7.00903,0,0,0,270,0,0,0
0,7.013932,0,0,0,270,0,0,0
0,7.019234,0,0,0,270,0,0,0
0,7.025264,0,0,0,270,0,0,0
0,7.032103,0,0,0,270,0,0,0
0,7.038632,0,0,0,270,0,0,0
0,7.044956,0,0,0,270,0,0,0
0,7.051291,0,0,0,270,0,0,0
0,7.058715,0,0,0,270,0,0,0
0,7.065243,0,0,0,270,0,0,0
0,7.071565,0,0,0,270,0,0,0
0,7.077935,0,0,0,270,0,0,0
0,7.084255,0,0,0,270,0,0,0
0,7.090276,0,0,0,270,0,0,0
0,7.097839,0,0,0,270,0,0,0
0,7.104495,0,0,0,270,0,0,0
0,7.109862,0,0,0,270,0,0,0
0,7.115899,0,0,0,270,0,0,0
0,7.121512,0,0,0,270,0,0,0
0,7.12772,0,0,0,270,0,0,0
0,7.134199,0,0,0,270,0,0,0
0,7.13991,0,0,0,270,0,0,0
0,7.146572,0,0,0,270,0,0,0
0,7.152712,0,0,0,270,0,0,0
0,7.159223,0,0,0,270,0,0,0
0,7.1692,0,0,0,270,0,0,0
0,7.175862,0,0,0,270,0,0,0
0,7.181149,0,0,0,270,0,0,0
0,7.186995,0,0,0,270,0,0,0
0,7.193182,0,0,0,270,0,0,0
0,7.198272,0,0,0,270,0,0,0
0,7.202564,0,0,0,270,0,0,0
0,7.208191,0,0,0,270,0,0,0
0,7.213209,0,0,0,270,0,0,0
0,7.219363,0,0,0,270,0,0,0
0,7.226028,0,0,0,270,0,0,0
0,7.232102,0,0,0,270,0,0,0
0,7.238128,0,0,0,270,0,0,0
0,7.244211,0,0,0,270,0,0,0
0,7.250509,0,0,0,270,0,0,0
0,7.256344,0,0,0,270,0,0,0
0,7.262396,0,0,0,270,0,0,0
0,7.268222,0,0,0,270,0,0,0
0,7.275568,0,0,0,270,0,0,0
0,7.280224,0,0,0,270,0,0,0
0,7.285762,0,0,0,270,0,0,0
0,7.290768,0,0,0,270,0,0,0
0,7.295465,0,0,0,270,0,0,0
0,7.300229,0,0,0,270,0,0,0
0,7.305933,0,0,0,270,0,0,0
0,7.311162,0,0,0,270,0,0,0
0,7.317024,0,0,0,270,0,0,0
0,7.322992,0,0,0,270,0,0,0
0,7.329833,0,0,0,270,0,0,0
0,7.335717,0,0,0,270,0,0,0
0,7.342192,0,0,0,270,0,0,0
0,7.349268,0,0,0,270,0,0,0
0,7.355519,0,0,0,270,0,0,0
0,7.36143,0,0,0,270,0,0,0
0,7.371039,0,0,0,270,0,0,0
0,7.375803,0,0,0,270,0,0,0
0,7.382028,0,0,0,270,0,0,0
0,7.388381,0,0,0,270,0,0,0
0,7.393625,0,0,0,270,0,0,0
0,7.399764,0,0,0,270,0,0,0
0,7.406356,0,0,0,270,0,0,0
0,7.412488,0,0,0,270,0,0,0
0,7.418517,0,0,0,270,0,0,0
0,7.423405,0,0,0,270,0,0,0
0,7.428424,0,0,0,270,0,0,0
0,7.433067,0,0,0,270,0,0,0
0,7.438635,0,0,0,270,0,0,0
0,7.444023,0,0,0,270,0,0,0
0,7.449466,0,0,0,270,0,0,0
0,7.454269,0,0,0,270,0,0,0
0,7.45986,0,0,0,270,0,0,0
0,7.465721,0,0,0,270,0,0,0
0,7.471417,0,0,0,270,0,0,0
0,7.476432,0,0,0,270,0,0,0
0,7.482714,0,0,0,270,0,0,0
0,7.488786,0,0,0,270,0,0,0
0,7.495429,0,0,0,270,0,0,0
0,7.502381,0,0,0,270,0,0,0
0,7.508503,0,0,0,270,0,0,0
0,7.513829,0,0,0,270,0,0,0
0,7.519228,0,0,0,270,0,0,0
0,7.524289,0,0,0,270,0,0,0
0,7.530127,0,0,0,270,0,0,0
0,7.536895,0,0,0,270,0,0,0
0,7.542672,0,0,0,270,0,0,0
0,7.547829,0,0,0,270,0,0,0
0,7.552841,0,0,0,270,0,0,0
0,7.557995,0,0,0,270,0,0,0
0,7.56458,0,0,0,270,0,0,0
0,7.572087,0,0,0,270,0,0,0
0,7.577802,0,0,0,270,0,0,0
0,7.584014,0,0,0,270,0,0,0
0,7.589429,0,0,0,270,0,0,0
0,7.595798,0,0,0,270,0,0,0
0,7.600585,0,0,0,270,0,0,0
0,7.605924,0,0,0,270,0,0,0
0,7.613307,0,0,0,270,0,0,0
0,7.621218,0,0,0,270,0,0,0
0,7.629044,0,0,0,270,0,0,0
0,7.63482,0,0,0,270,0,0,0
0,7.641431,0,0,0,270,0,0,0
0,7.646865,0,0,0,270,0,0,0
0,7.65259,0,0,0,270,0,0,0
0,7.659055,0,0,0,270,0,0,0
0,7.665395,0,0,0,270,0,0,0
0,7.671257,0,0,0,270,0,0,0
0,7.677665,0,0,0,270,0,0,0
0,7.683071,0,0,0,270,0,0,0
0,7.688294,0,0,0,270,0,0,0
0,7.695391,0,0,0,270,0,0,0
0,7.701556,0,0,0,270,0,0,0
0,7.708178,0,0,0,270,0,0,0
0,7.714484,0,0,0,270,0,0,0
0,7.719375,0,0,0,270,0,0,0
0,7.724663,0,0,0,270,0,0,0
0,7.729701,0,0,0,270,0,0,0
0,7.734976,0,0,0,270,0,0,0
0,7.739964,0,0,0,270,0,0,0
0,7.745058,0,0,0,270,0,0,0
0,7.75036,0,0,0,270,0,0,0
0,7.760545,0,0,0,270,0,0,0
0,7.768758,0,0,0,270,0,0,0
0,7.788087,0,0,0,270,0,0,0
0,7.793534,0,0,0,270,0,0,0
0,7.797991,0,0,0,270,0,0,0
0,7.802829,0,0,0,270,0,0,0
0,7.808863,0,0,0,270,0,0,0
0,7.814759,0,0,0,270,0,0,0
0,7.819694,0,0,0,270,0,0,0
0,7.824854,0,0,0,270,0,0,0
0,7.830092,0,0,0,270,0,0,0
0,7.835124,0,0,0,270,0,0,0
0,7.840406,0,0,0,270,0,0,0
0,7.845891,0,0,0,270,0,0,0
0,7.850905,0,0,0,270,0,0,0
0,7.856294,0,0,0,270,0,0,0
0,7.861332,0,0,0,270,0,0,0
0,7.86804,0,0,0,270,0,0,0
0,7.873939,0,0,0,270,0,0,0
0,7.878996,0,0,0,270,0,0,0
0,7.884741,0,0,0,270,0,0,0
0,7.889578,0,0,0,270,0,0,0
0,7.896431,0,0,0,270,0,0,0
0,7.901963,0,0,0,270,0,0,0
0,7.90784,0,0,0,270,0,0,0
0,7.912608,0,0,0,270,0,0,0
0,7.917489,0,0,0,270,0,0,0
0,7.922452,0,0,0,270,0,0,0
0,7.927569,0,0,0,270,0,0,0
0,7.931957,0,0,0,270,0,0,0
0,7.93675,0,0,0,270,0,0,0
0,7.943096,0,0,0,270,0,0,0
0,7.948041,0,0,0,270,0,0,0
0,7.955153,0,0,0,270,0,0,0
0,7.960602,0,0,0,270,0,0,0
0,7.96586,0,0,0,270,0,0,0
0,7.974073,0,0,0,270,0,0,0
0,7.978449,0,0,0,270,0,0,0
0,7.983875,0,0,0,270,0,0,0
0,7.990455,0,0,0,270,0,0,0
0,7.995752,0,0,0,270,0,0,0
0,8.000879,0,0,0,270,0,0,0
0,8.007137,0,0,0,270,0,0,0
0,8.012703,0,0,0,270,0,0,0
0,8.018711,0,0,0,270,0,0,0
0,8.024027,0,0,0,270,0,0,0
0,8.029119,0,0,0,270,0,0,0
0,8.035553,0,0,0,270,0,0,0
0,8.040619,0,0,0,270,0,0,0
0,8.045824,0,0,0,270,0,0,0
0,8.051355,0,0,0,270,0,0,0
0,8.055607,0,0,0,270,0,0,0
0,8.061647,0,0,0,270,0,0,0
0,8.067575,0,0,0,270,0,0,0
0,8.072845,0,0,0,270,0,0,0
0,8.078451,0,0,0,270,0,0,0
0,8.08427,0,0,0,270,0,0,0
0,8.089153,0,0,0,270,0,0,0
0,8.095121,0,0,0,270,0,0,0
0,8.10051,0,0,0,270,0,0,0
0,8.106127,0,0,0,270,0,0,0
0,8.111429,0,0,0,270,0,0,0
0,8.117546,0,0,0,270,0,0,0
0,8.122915,0,0,0,270,0,0,0
0,8.128412,0,0,0,270,0,0,0
0,8.134251,0,0,0,270,0,0,0
0,8.14019,0,0,0,270,0,0,0
0,8.145876,0,0,0,270,0,0,0
0,8.151104,0,0,0,270,0,0,0
0,8.155785,0,0,0,270,0,0,0
0,8.161211,0,0,0,270,0,0,0
0,8.165672,0,0,0,270,0,0,0
0,8.171726,0,0,0,270,0,0,0
0,8.178898,0,0,0,270,0,0,0
0,8.184553,0,0,0,270,0,0,0
0,8.190586,0,0,0,270,0,0,0
0,8.19626,0,0,0,270,0,0,0
0,8.201733,0,0,0,270,0,0,0
0,8.208975,0,0,0,270,0,0,0
0,8.215239,0,0,0,270,0,0,0
0,8.220711,0,0,0,270,0,0,0
0,8.228201,0,0,0,270,0,0,0
0,8.233414,0,0,0,270,0,0,0
0,8.23959,0,0,0,270,0,0,0
0,8.244692,0,0,0,270,0,0,0
0,8.252625,0,0,0,270,0,0,0
0,8.258875,0,0,0,270,0,0,0
0,8.266146,0,0,0,270,0,0,0
0,8.272842,0,0,0,270,0,0,0
0,8.278311,0,0,0,270,0,0,0
0,8.283813,0,0,0,270,0,0,0
0,8.288734,0,0,0,270,0,0,0
0,8.294971,0,0,0,270,0,0,0
0,8.300636,0,0,0,270,0,0,0
0,8.306044,0,0,0,270,0,0,0
0,8.311535,0,0,0,270,0,0,0
0,8.316523,0,0,0,270,0,0,0
0,8.322489,0,0,0,270,0,0,0
0,8.3283,0,0,0,270,0,0,0
0,8.334299,0,0,0,270,0,0,0
0,8.340433,0,0,0,270,0,0,0
0,8.345812,0,0,0,270,0,0,0
0,8.352579,0,0,0,270,0,0,0
0,8.358128,0,0,0,270,0,0,0
0,8.363728,0,0,0,270,0,0,0
0,8.369801,0,0,0,270,0,0,0
0,8.376751,0,0,0,270,0,0,0
0,8.386276,0,0,0,270,0,0,0
0,8.393967,0,0,0,270,0,0,0
0,8.402382,0,0,0,270,0,0,0
0,8.409784,0,0,0,270,0,0,0
0,8.416428,0,0,0,270,0,0,0
0,8.42145,0,0,0,270,0,0,0
0,8.427376,0,0,0,270,0,0,0
0,8.433428,0,0,0,270,0,0,0
0,8.439144,0,0,0,270,0,0,0
0,8.444544,0,0,0,270,0,0,0
0,8.450251,0,0,0,270,0,0,0
0,8.454807,0,0,0,270,0,0,0
0,8.46019,0,0,0,270,0,0,0
0,8.465523,0,0,0,270,0,0,0
0,8.470873,0,0,0,270,0,0,0
0,8.476803,0,0,0,270,0,0,0
0,8.48144,0,0,0,270,0,0,0
0,8.486492,0,0,0,270,0,0,0
0,8.491268,0,0,0,270,0,0,0
0,8.498739,0,0,0,270,0,0,0
0,8.505392,0,0,0,270,0,0,0
0,8.511282,0,0,0,270,0,0,0
0,8.516621,0,0,0,270,0,0,0
0,8.522127,0,0,0,270,0,0,0
0,8.527979,0,0,0,270,0,0,0
0,8.53367,0,0,0,270,0,0,0
0,8.538757,0,0,0,270,0,0,0
0,8.543894,0,0,0,270,0,0,0
0,8.550524,0,0,0,270,0,0,0
0,8.555481,0,0,0,270,0,0,0
0,8.561665,0,0,0,270,0,0,0
0,8.567326,0,0,0,270,0,0,0
0,8.572546,0,0,0,270,0,0,0
0,8.578537,0,0,0,270,0,0,0
0,8.586878,0,0,0,270,0,0,0
0,8.591885,0,0,0,270,0,0,0
0,8.597872,0,0,0,270,0,0,0
0,8.603434,0,0,0,270,0,0,0
0,8.609663,0,0,0,270,0,0,0
0,8.615782,0,0,0,270,0,0,0
0,8.621832,0,0,0,270,0,0,0
0,8.628988,0,0,0,270,0,0,0
0,8.634905,0,0,0,270,0,0,0
0,8.639896,0,0,0,270,0,0,0
0,8.646381,0,0,0,270,0,0,0
0,8.653852,0,0,0,270,0,0,0
0,8.661428,0,0,0,270,0,0,0
0,8.666834,0,0,0,270,0,0,0
0,8.673658,0,0,0,270,0,0,0
0,8.679087,0,0,0,270,0,0,0
0,8.684395,0,0,0,270,0,0,0
0,8.690323,0,0,0,270,0,0,0
0,8.695936,0,0,0,270,0,0,0
0,8.701389,0,0,0,270,0,0,0
0,8.708241,0,0,0,270,0,0,0
0,8.7153,0,0,0,270,0,0,0
0,8.721653,0,0,0,270,0,0,0
0,8.728451,0,0,0,270,0,0,0
0,8.734467,0,0,0,270,0,0,0
0,8.740791,0,0,0,270,0,0,0
0,8.747149,0,0,0,270,0,0,0
0,8.753798,0,0,0,270,0,0,0
0,8.759953,0,0,0,270,0,0,0
0,8.765934,0,0,0,270,0,0,0
0,8.771635,0,0,0,270,0,0,0
0,8.777475,0,0,0,270,0,0,0
0,8.78396,0,0,0,270,0,0,0
0,8.791265,0,0,0,270,0,0,0
0,8.797724,0,0,0,270,0,0,0
0,8.804457,0,0,0,270,0,0,0
0,8.811499,0,0,0,270,0,0,0
0,8.818165,0,0,0,270,0,0,0
0,8.823565,0,0,0,270,0,0,0
0,8.830938,0,0,0,270,0,0,0
0,8.836649,0,0,0,270,0,0,0
0,8.843798,0,0,0,270,0,0,0
0,8.850475,0,0,0,270,0,0,0
0,8.856489,0,0,0,270,0,0,0
0,8.86265,0,0,0,270,0,0,0
0,8.868366,0,0,0,270,0,0,0
0,8.874582,0,0,0,270,0,0,0
0,8.880859,0,0,0,270,0,0,0
0,8.887606,0,0,0,270,0,0,0
0,8.894114,0,0,0,270,0,0,0
0,8.899378,0,0,0,270,0,0,0
0,8.905619,0,0,0,270,0,0,0
0,8.911482,0,0,0,270,0,0,0
0,8.918194,0,0,0,270,0,0,0
0,8.924339,0,0,0,270,0,0,0
0,8.930696,0,0,0,270,0,0,0
0,8.935614,0,0,0,270,0,0,0
0,8.940697,0,0,0,270,0,0,0
0,8.946264,0,0,0,270,0,0,0
0,8.951336,0,0,0,270,0,0,0
0,8.956223,0,0,0,270,0,0,0
0,8.961796,0,0,0,270,0,0,0
0,8.967432,0,0,0,270,0,0,0
0,8.973238,0,0,0,270,0,0,0
0,8.978458,0,0,0,270,0,0,0
0,8.984545,0,0,0,270,0,0,0
0,8.990261,0,0,0,270,0,0,0
0,8.995464,0,0,0,270,0,0,0
0,9.000782,0,0,0,270,0,0,0
0,9.006292,0,0,0,270,0,0,0
0,9.012585,0,0,0,270,0,0,0
0,9.018019,0,0,0,270,0,0,0
0,9.023746,0,0,0,270,0,0,0
0,9.029289,0,0,0,270,0,0,0
0,9.034763,0,0,0,270,0,0,0
0,9.039663,0,0,0,270,0,0,0
0,9.044426,0,0,0,270,0,0,0
0,9.050798,0,0,0,270,0,0,0
0,9.055941,0,0,0,270,0,0,0
0,9.061926,0,0,0,270,0,0,0
0,9.067987,0,0,0,270,0,0,0
0,9.074017,0,0,0,270,0,0,0
0,9.078659,0,0,0,270,0,0,0
0,9.08444,0,0,0,270,0,0,0
0,9.089718,0,0,0,270,0,0,0
0,9.096127,0,0,0,270,0,0,0
0,9.100889,0,0,0,270,0,0,0
0,9.106226,0,0,0,270,0,0,0
0,9.111105,0,0,0,270,0,0,0
0,9.116064,0,0,0,270,0,0,0
0,9.122824,0,0,0,270,0,0,0
0,9.12882,0,0,0,270,0,0,0
0,9.134134,0,0,0,270,0,0,0
0,9.139542,0,0,0,270,0,0,0
0,9.144732,0,0,0,270,0,0,0
0,9.151709,0,0,0,270,0,0,0
0,9.156519,0,0,0,270,0,0,0
0,9.163311,0,0,0,270,0,0,0
0,9.168652,0,0,0,270,0,0,0
0,9.174524,0,0,0,270,0,0,0
0,9.179384,0,0,0,270,0,0,0
0,9.185078,0,0,0,270,0,0,0
0,9.193947,0,0,0,270,0,0,0
0,9.199575,0,0,0,270,0,0,0
0,9.205214,0,0,0,270,0,0,0
0,9.210127,0,0,0,270,0,0,0
0,9.215109,0,0,0,270,0,0,0
0,9.219954,0,0,0,270,0,0,0
0,9.226925,0,0,0,270,0,0,0
0,9.231531,0,0,0,270,0,0,0
0,9.236,0,0,0,270,0,0,0
0,9.242243,0,0,0,270,0,0,0
0,9.248705,0,0,0,270,0,0,0
0,9.254797,0,0,0,270,0,0,0
0,9.260563,0,0,0,270,0,0,0
0,9.265831,0,0,0,270,0,0,0
0,9.271683,0,0,0,270,0,0,0
0,9.27763,0,0,0,270,0,0,0
0,9.283205,0,0,0,270,0,0,0
0,9.288551,0,0,0,270,0,0,0
0,9.294319,0,0,0,270,0,0,0
0,9.298973,0,0,0,270,0,0,0
0,9.30456,0,0,0,270,0,0,0
0,9.309946,0,0,0,270,0,0,0
0,9.314405,0,0,0,270,0,0,0
0,9.319704,0,0,0,270,0,0,0
0,9.324499,0,0,0,270,0,0,0
0,9.330124,0,0,0,270,0,0,0
0,9.335209,0,0,0,270,0,0,0
0,9.341848,0,0,0,270,0,0,0
0,9.348747,0,0,0,270,0,0,0
0,9.354477,0,0,0,270,0,0,0
0,9.359795,0,0,0,270,0,0,0
0,9.364294,0,0,0,270,0,0,0
0,9.368578,0,0,0,270,0,0,0
0,9.372936,0,0,0,270,0,0,0
0,9.380074,0,0,0,270,0,0,0
0,9.385103,0,0,0,270,0,0,0
0,9.394531,0,0,0,270,0,0,0
0,9.399809,0,0,0,270,0,0,0
0,9.405287,0,0,0,270,0,0,0
0,9.410511,0,0,0,270,0,0,0
0,9.416128,0,0,0,270,0,0,0
0,9.422508,0,0,0,270,0,0,0
0,9.429409,0,0,0,270,0,0,0
0,9.436108,0,0,0,270,0,0,0
0,9.443966,0,0,0,270,0,0,0
0,9.451714,0,0,0,270,0,0,0
0,9.458004,0,0,0,270,0,0,0
0,9.464718,0,0,0,270,0,0,0
0,9.471312,0,0,0,270,0,0,0
0,9.476645,0,0,0,270,0,0,0
0,9.482346,0,0,0,270,0,0,0
0,9.488663,0,0,0,270,0,0,0
0,9.49449,0,0,0,270,0,0,0
0,9.500765,0,0,0,270,0,0,0
0,9.506859,0,0,0,270,0,0,0
0,9.511953,0,0,0,270,0,0,0
0,9.518148,0,0,0,270,0,0,0
0,9.524199,0,0,0,270,0,0,0
0,9.530363,0,0,0,270,0,0,0
0,9.537521,0,0,0,270,0,0,0
0,9.543943,0,0,0,270,0,0,0
0,9.55114,0,0,0,270,0,0,0
0,9.557072,0,0,0,270,0,0,0
0,9.562428,0,0,0,270,0,0,0
0,9.568192,0,0,0,270,0,0,0
0,9.574104,0,0,0,270,0,0,0
0,9.581089,0,0,0,270,0,0,0
0,9.587534,0,0,0,270,0,0,0
0,9.59651,0,0,0,270,0,0,0
0,9.603561,0,0,0,270,0,0,0
0,9.611708,0,0,0,270,0,0,0
0,9.617369,0,0,0,270,0,0,0
0,9.622623,0,0,0,270,0,0,0
0,9.628569,0,0,0,270,0,0,0
0,9.634254,0,0,0,270,0,0,0
0,9.640614,0,0,0,270,0,0,0
0,9.646374,0,0,0,270,0,0,0
0,9.652096,0,0,0,270,0,0,0
0,9.657778,0,0,0,270,0,0,0
0,9.662905,0,0,0,270,0,0,0
0,9.668364,0,0,0,270,0,0,0
0,9.675337,0,0,0,270,0,0,0
0,9.682774,0,0,0,270,0,0,0
0,9.690641,0,0,0,270,0,0,0
0,9.69747,0,0,0,270,0,0,0
0,9.705385,0,0,0,270,0,0,0
0,9.711668,0,0,0,270,0,0,0
0,9.717979,0,0,0,270,0,0,0
0,9.724319,0,0,0,270,0,0,0
0,9.73033,0,0,0,270,0,0,0
0,9.735819,0,0,0,270,0,0,0
0,9.741924,0,0,0,270,0,0,0
0,9.746496,0,0,0,270,0,0,0
0,9.751616,0,0,0,270,0,0,0
0,9.756037,0,0,0,270,0,0,0
0,9.761049,0,0,0,270,0,0,0
0,9.765793,0,0,0,270,0,0,0
0,9.77161,0,0,0,270,0,0,0
0,9.777578,0,0,0,270,0,0,0
0,9.783529,0,0,0,270,0,0,0
0,9.78874,0,0,0,270,0,0,0
0,9.796408,0,0,0,270,0,0,0
0,9.801365,0,0,0,270,0,0,0
0,9.807606,0,0,0,270,0,0,0
0,9.812649,0,0,0,270,0,0,0
0,9.817965,0,0,0,270,0,0,0
0,9.823359,0,0,0,270,0,0,0
0,9.828781,0,0,0,270,0,0,0
0,9.834049,0,0,0,270,0,0,0
0,9.83934,0,0,0,270,0,0,0
0,9.847277,0,0,0,270,0,0,0
0,9.852663,0,0,0,270,0,0,0
0,9.85804,0,0,0,270,0,0,0
0,9.863338,0,0,0,270,0,0,0
0,9.868628,0,0,0,270,0,0,0
0,9.874321,0,0,0,270,0,0,0
0,9.878601,0,0,0,270,0,0,0
0,9.885151,0,0,0,270,0,0,0
0,9.890162,0,0,0,270,0,0,0
0,9.896158,0,0,0,270,0,0,0
0,9.901999,0,0,0,270,0,0,0
0,9.907776,0,0,0,270,0,0,0
0,9.913446,0,0,0,270,0,0,0
0,9.918211,0,0,0,270,0,0,0
0,9.924614,0,0,0,270,0,0,0
0,9.930828,0,0,0,270,0,0,0
0,9.935846,0,0,0,270,0,0,0
0,9.941563,0,0,0,270,0,0,0
0,9.946035,0,0,0,270,0,0,0
0,9.950817,0,0,0,270,0,0,0
0,9.956808,0,0,0,270,0,0,0
0,9.962347,0,0,0,270,0,0,0
0,9.967371,0,0,0,270,0,0,0
0,9.97328,0,0,0,270,0,0,0
0,9.978119,0,0,0,270,0,0,0
0,9.983721,0,0,0,270,0,0,0
0,9.988951,0,0,0,270,0,0,0
0,9.996586,0,0,0,270,0,0,0
0,10.00208,0,0,0,270,0,0,0
0,10.0079,0,0,0,270,0,0,0
0,10.01431,0,0,0,270,0,0,0
0,10.02136,0,0,0,270,0,0,0
0,10.0287,0,0,0,270,0,0,0
0,10.03488,0,0,0,270,0,0,0
0,10.04087,0,0,0,270,0,0,0
0,10.04645,0,0,0,270,0,0,0
0,10.0519,0,0,0,270,0,0,0
0,10.05704,0,0,0,270,0,0,0
0,10.06255,0,0,0,270,0,0,0
0,10.06847,0,0,0,270,0,0,0
0,10.07411,0,0,0,270,0,0,0
0,10.07938,0,0,0,270,0,0,0
0,10.08501,0,0,0,270,0,0,0
0,10.09084,0,0,0,270,0,0,0
0,10.09762,0,0,0,270,0,0,0
0,10.10309,0,0,0,270,0,0,0
0,10.10873,0,0,0,270,0,0,0
0,10.11414,0,0,0,270,0,0,0
0,10.11932,0,0,0,270,0,0,0
0,10.12428,0,0,0,270,0,0,0
0,10.12997,0,0,0,270,0,0,0
0,10.13562,0,0,0,270,0,0,0
0,10.14082,0,0,0,270,0,0,0
0,10.14658,0,0,0,270,0,0,0
0,10.15178,0,0,0,270,0,0,0
0,10.15666,0,0,0,270,0,0,0
0,10.16205,0,0,0,270,0,0,0
0,10.1669,0,0,0,270,0,0,0
0,10.17301,0,0,0,270,0,0,0
0,10.17723,0,0,0,270,0,0,0
0,10.18269,0,0,0,270,0,0,0
0,10.18809,0,0,0,270,0,0,0
0,10.19344,0,0,0,270,0,0,0
0,10.19946,0,0,0,270,0,0,0
0,10.20613,0,0,0,270,0,0,0
0,10.21171,0,0,0,270,0,0,0
0,10.21695,0,0,0,270,0,0,0
0,10.22327,0,0,0,270,0,0,0
0,10.22934,0,0,0,270,0,0,0
0,10.23416,0,0,0,270,0,0,0
0,10.24072,0,0,0,270,0,0,0
0,10.24663,0,0,0,270,0,0,0
0,10.25251,0,0,0,270,0,0,0
0,10.25787,0,0,0,270,0,0,0
0,10.26472,0,0,0,270,0,0,0
0,10.27131,0,0,0,270,0,0,0
0,10.27682,0,0,0,270,0,0,0
0,10.28317,0,0,0,270,0,0,0
0,10.28849,0,0,0,270,0,0,0
0,10.294,0,0,0,270,0,0,0
0,10.29892,0,0,0,270,0,0,0
0,10.30484,0,0,0,270,0,0,0
0,10.31047,0,0,0,270,0,0,0
0,10.31589,0,0,0,270,0,0,0
0,10.32147,0,0,0,270,0,0,0
0,10.32703,0,0,0,270,0,0,0
0,10.33173,0,0,0,270,0,0,0
0,10.34278,0,0,0,270,0,0,0
0,10.35745,0,0,0,270,0,0,0
0,10.36234,0,0,0,270,0,0,0
0,10.36646,0,0,0,270,0,0,0
0,10.37129,0,0,0,270,0,0,0
0,10.37664,0,0,0,270,0,0,0
0,10.38103,0,0,0,270,0,0,0
0,10.3869,0,0,0,270,0,0,0
0,10.39483,0,0,0,270,0,0,0
0,10.40247,0,0,0,270,0,0,0
0,10.40821,0,0,0,270,0,0,0
0,10.41351,0,0,0,270,0,0,0
0,10.41814,0,0,0,270,0,0,0
0,10.42243,0,0,0,270,0,0,0
0,10.42727,0,0,0,270,0,0,0
0,10.43243,0,0,0,270,0,0,0
0,10.43728,0,0,0,270,0,0,0
0,10.44289,0,0,0,270,0,0,0
0,10.44896,0,0,0,270,0,0,0
0,10.45584,0,0,0,270,0,0,0
0,10.46051,0,0,0,270,0,0,0
0,10.46506,0,0,0,270,0,0,0
0,10.47121,0,0,0,270,0,0,0
0,10.47757,0,0,0,270,0,0,0
0,10.48406,0,0,0,270,0,0,0
0,10.4905,0,0,0,270,0,0,0
0,10.49699,0,0,0,270,0,0,0
0,10.50356,0,0,0,270,0,0,0
0,10.51115,0,0,0,270,0,0,0
0,10.51717,0,0,0,270,0,0,0
0,10.52285,0,0,0,270,0,0,0
0,10.52855,0,0,0,270,0,0,0
0,10.53375,0,0,0,270,0,0,0
0,10.54045,0,0,0,270,0,0,0
0,10.54516,0,0,0,270,0,0,0
0,10.55093,0,0,0,270,0,0,0
0,10.55618,0,0,0,270,0,0,0
0,10.56203,0,0,0,270,0,0,0
0,10.56784,0,0,0,270,0,0,0
0,10.57401,0,0,0,270,0,0,0
0,10.57964,0,0,0,270,0,0,0
0,10.58564,0,0,0,270,0,0,0
0,10.59061,0,0,0,270,0,0,0
0,10.59597,0,0,0,270,0,0,0
0,10.60323,0,0,0,270,0,0,0
0,10.60834,0,0,0,270,0,0,0
0,10.61473,0,0,0,270,0,0,0
0,10.62063,0,0,0,270,0,0,0
0,10.62818,0,0,0,270,0,0,0
0,10.63424,0,0,0,270,0,0,0
0,10.64051,0,0,0,270,0,0,0
0,10.64753,0,0,0,270,0,0,0
0,10.6538,0,0,0,270,0,0,0
0,10.66105,0,0,0,270,0,0,0
0,10.6658,0,0,0,270,0,0,0
0,10.67182,0,0,0,270,0,0,0
0,10.67778,0,0,0,270,0,0,0
0,10.6838,0,0,0,270,0,0,0
0,10.69065,0,0,0,270,0,0,0
0,10.69822,0,0,0,270,0,0,0
0,10.70591,0,0,0,270,0,0,0
0,10.7139,0,0,0,270,0,0,0
0,10.7207,0,0,0,270,0,0,0
0,10.72695,0,0,0,270,0,0,0
0,10.73269,0,0,0,270,0,0,0
0,10.73943,0,0,0,270,0,0,0
0,10.74563,0,0,0,270,0,0,0
0,10.75277,0,0,0,270,0,0,0
0,10.75845,0,0,0,270,0,0,0
0,10.76472,0,0,0,270,0,0,0
0,10.77176,0,0,0,270,0,0,0
0,10.77678,0,0,0,270,0,0,0
0,10.78276,0,0,0,270,0,0,0
0,10.78869,0,0,0,270,0,0,0
0,10.79587,0,0,0,270,0,0,0
0,10.80198,0,0,0,270,0,0,0
0,10.8095,0,0,0,270,0,0,0
0,10.81807,0,0,0,270,0,0,0
0,10.82419,0,0,0,270,0,0,0
0,10.83009,0,0,0,270,0,0,0
0,10.83635,0,0,0,270,0,0,0
0,10.84296,0,0,0,270,0,0,0
0,10.84919,0,0,0,270,0,0,0
0,10.85367,0,0,0,270,0,0,0
0,10.85937,0,0,0,270,0,0,0
0,10.86601,0,0,0,270,0,0,0
0,10.8721,0,0,0,270,0,0,0
0,10.87877,0,0,0,270,0,0,0
0,10.88495,0,0,0,270,0,0,0
0,10.89018,0,0,0,270,0,0,0
0,10.89665,0,0,0,270,0,0,0
0,10.9017,0,0,0,270,0,0,0
0,10.90768,0,0,0,270,0,0,0
0,10.91359,0,0,0,270,0,0,0
0,10.91936,0,0,0,270,0,0,0
0,10.92493,0,0,0,270,0,0,0
0,10.93008,0,0,0,270,0,0,0
0,10.93635,0,0,0,270,0,0,0
0,10.94123,0,0,0,270,0,0,0
0,10.94665,0,0,0,270,0,0,0
0,10.95189,0,0,0,270,0,0,0
0,10.95807,0,0,0,270,0,0,0
0,10.96354,0,0,0,270,0,0,0
0,10.96962,0,0,0,270,0,0,0
0,10.97573,0,0,0,270,0,0,0
0,10.98071,0,0,0,270,0,0,0
0,10.98649,0,0,0,270,0,0,0
0,10.99195,0,0,0,270,0,0,0
0,10.99698,0,0,0,270,0,0,0
0,11.00283,0,0,0,270,0,0,0
0,11.0097,0,0,0,270,0,0,0
0,11.01574,0,0,0,270,0,0,0
0,11.02068,0,0,0,270,0,0,0
0,11.02536,0,0,0,270,0,0,0
0,11.03072,0,0,0,270,0,0,0
0,11.03764,0,0,0,270,0,0,0
0,11.04271,0,0,0,270,0,0,0
0,11.04746,0,0,0,270,0,0,0
0,11.05336,0,0,0,270,0,0,0
0,11.06028,0,0,0,270,0,0,0
0,11.06571,0,0,0,270,0,0,0
0,11.0716,0,0,0,270,0,0,0
0,11.07744,0,0,0,270,0,0,0
0,11.08352,0,0,0,270,0,0,0
0,11.08871,0,0,0,270,0,0,0
0,11.09374,0,0,0,270,0,0,0
0,11.09884,0,0,0,270,0,0,0
0,11.10502,0,0,0,270,0,0,0
0,11.11099,0,0,0,270,0,0,0
0,11.11759,0,0,0,270,0,0,0
0,11.12355,0,0,0,270,0,0,0
0,11.13052,0,0,0,270,0,0,0
0,11.13626,0,0,0,270,0,0,0
0,11.14256,0,0,0,270,0,0,0
0,11.14882,0,0,0,270,0,0,0
0,11.15461,0,0,0,270,0,0,0
0,11.16172,0,0,0,270,0,0,0
0,11.16762,0,0,0,270,0,0,0
0,11.17452,0,0,0,270,0,0,0
0,11.18064,0,0,0,270,0,0,0
0,11.18742,0,0,0,270,0,0,0
0,11.19368,0,0,0,270,0,0,0
0,11.19912,0,0,0,270,0,0,0
0,11.20769,0,0,0,270,0,0,0
0,11.21625,0,0,0,270,0,0,0
0,11.22285,0,0,0,270,0,0,0
0,11.22934,0,0,0,270,0,0,0
0,11.23645,0,0,0,270,0,0,0
0,11.24266,0,0,0,270,0,0,0
0,11.24925,0,0,0,270,0,0,0
0,11.25626,0,0,0,270,0,0,0
0,11.26254,0,0,0,270,0,0,0
0,11.26852,0,0,0,270,0,0,0
0,11.27402,0,0,0,270,0,0,0
0,11.28068,0,0,0,270,0,0,0
0,11.28824,0,0,0,270,0,0,0
0,11.29471,0,0,0,270,0,0,0
0,11.30149,0,0,0,270,0,0,0
0,11.30859,0,0,0,270,0,0,0
0,11.31434,0,0,0,270,0,0,0
0,11.32069,0,0,0,270,0,0,0
0,11.32755,0,0,0,270,0,0,0
0,11.33418,0,0,0,270,0,0,0
0,11.34015,0,0,0,270,0,0,0
0,11.34633,0,0,0,270,0,0,0
0,11.35351,0,0,0,270,0,0,0
0,11.35976,0,0,0,270,0,0,0
0,11.36589,0,0,0,270,0,0,0
0,11.37333,0,0,0,270,0,0,0
0,11.37901,0,0,0,270,0,0,0
0,11.38454,0,0,0,270,0,0,0
0,11.39041,0,0,0,270,0,0,0
0,11.40113,0,0,0,270,0,0,0
0,11.41078,0,0,0,270,0,0,0
0,11.41974,0,0,0,270,0,0,0
0,11.43918,0,0,0,270,0,0,0
0,11.4626,0,0,0,270,0,0,0
0,11.46964,0,0,0,270,0,0,0
0,11.47865,0,0,0,270,0,0,0
0,11.49447,0,0,0,270,0,0,0
0,11.50278,0,0,0,270,0,0,0
0,11.521,0,0,0,270,0,0,0
0,11.53022,0,0,0,270,0,0,0
0,11.54135,0,0,0,270,0,0,0
0,11.54749,0,0,0,270,0,0,0
0,11.55439,0,0,0,270,0,0,0
0,11.5661,0,0,0,270,0,0,0
0,11.5748,0,0,0,270,0,0,0
0,11.5867,0,0,0,270,0,0,0
0,11.59802,0,0,0,270,0,0,0
0,11.61327,0,0,0,270,0,0,0
0,11.62019,0,0,0,270,0,0,0
0,11.63168,0,0,0,270,0,0,0
0,11.64202,0,0,0,270,0,0,0
0,11.64942,0,0,0,270,0,0,0
0,11.65594,0,0,0,270,0,0,0
0,11.66758,0,0,0,270,0,0,0
0,11.67932,0,0,0,270,0,0,0
0,11.68614,0,0,0,270,0,0,0
0,11.69137,0,0,0,270,0,0,0
0,11.69725,0,0,0,270,0,0,0
0,11.71381,0,0,0,270,0,0,0
0,11.72064,0,0,0,270,0,0,0
0,11.73479,0,0,0,270,0,0,0
0,11.74953,0,0,0,270,0,0,0
0,11.75475,0,0,0,270,0,0,0
0,11.76077,0,0,0,270,0,0,0
0,11.76805,0,0,0,270,0,0,0
0,11.77572,0,0,0,270,0,0,0
0,11.78284,0,0,0,270,0,0,0
0,11.78898,0,0,0,270,0,0,0
0,11.79532,0,0,0,270,0,0,0
0,11.80077,0,0,0,270,0,0,0
0,11.80739,0,0,0,270,0,0,0
0,11.81424,0,0,0,270,0,0,0
0,11.82019,0,0,0,270,0,0,0
0,11.82759,0,0,0,270,0,0,0
0,11.83409,0,0,0,270,0,0,0
0,11.8406,0,0,0,270,0,0,0
0,11.84721,0,0,0,270,0,0,0
0,11.85439,0,0,0,270,0,0,0
0,11.86172,0,0,0,270,0,0,0
0,11.86855,0,0,0,270,0,0,0
0,11.87578,0,0,0,270,0,0,0
0,11.88259,0,0,0,270,0,0,0
0,11.88951,0,0,0,270,0,0,0
0,11.89621,0,0,0,270,0,0,0
0,11.90201,0,0,0,270,0,0,0
0,11.90863,0,0,0,270,0,0,0
0,11.91567,0,0,0,270,0,0,0
0,11.92245,0,0,0,270,0,0,0
0,11.93031,0,0,0,270,0,0,0
0,11.93659,0,0,0,270,0,0,0
0,11.94386,0,0,0,270,0,0,0
0,11.95019,0,0,0,270,0,0,0
0,11.95618,0,0,0,270,0,0,0
0,11.96324,0,0,0,270,0,0,0
0,11.96919,0,0,0,270,0,0,0
0,11.97606,0,0,0,270,0,0,0
0,11.98236,0,0,0,270,0,0,0
0,11.98943,0,0,0,270,0,0,0
0,11.99654,0,0,0,270,0,0,0
0,12.00335,0,0,0,270,0,0,0
0,12.01079,0,0,0,270,0,0,0
0,12.01723,0,0,0,270,0,0,0
0,12.02395,0,0,0,270,0,0,0
0,12.03317,0,0,0,270,0,0,0
0,12.04032,0,0,0,270,0,0,0
0,12.04732,0,0,0,270,0,0,0
0,12.05518,0,0,0,270,0,0,0
0,12.06256,0,0,0,270,0,0,0
0,12.07013,0,0,0,270,0,0,0
0,12.07978,0,0,0,270,0,0,0
0,12.08657,0,0,0,270,0,0,0
0,12.09328,0,0,0,270,0,0,0
0,12.10037,0,0,0,270,0,0,0
0,12.10775,0,0,0,270,0,0,0
0,12.11464,0,0,0,270,0,0,0
0,12.12196,0,0,0,270,0,0,0
0,12.12901,0,0,0,270,0,0,0
0,12.13587,0,0,0,270,0,0,0
0,12.14316,0,0,0,270,0,0,0
0,12.14882,0,0,0,270,0,0,0
0,12.15424,0,0,0,270,0,0,0
0,12.16211,0,0,0,270,0,0,0
0,12.1684,0,0,0,270,0,0,0
0,12.17567,0,0,0,270,0,0,0
0,12.18281,0,0,0,270,0,0,0
0,12.18836,0,0,0,270,0,0,0
0,12.19471,0,0,0,270,0,0,0
0,12.19997,0,0,0,270,0,0,0
0,12.20672,0,0,0,270,0,0,0
0,12.21222,0,0,0,270,0,0,0
0,12.21814,0,0,0,270,0,0,0
0,12.22415,0,0,0,270,0,0,0
0,12.23074,0,0,0,270,0,0,0
0,12.23661,0,0,0,270,0,0,0
0,12.24249,0,0,0,270,0,0,0
0,12.24777,0,0,0,270,0,0,0
0,12.25407,0,0,0,270,0,0,0
0,12.25998,0,0,0,270,0,0,0
0,12.26525,0,0,0,270,0,0,0
0,12.27032,0,0,0,270,0,0,0
0,12.27628,0,0,0,270,0,0,0
0,12.28113,0,0,0,270,0,0,0
0,12.28683,0,0,0,270,0,0,0
0,12.29191,0,0,0,270,0,0,0
0,12.29753,0,0,0,270,0,0,0
0,12.30348,0,0,0,270,0,0,0
0,12.30951,0,0,0,270,0,0,0
0,12.31722,0,0,0,270,0,0,0
0,12.32367,0,0,0,270,0,0,0
0,12.33023,0,0,0,270,0,0,0
0,12.3367,0,0,0,270,0,0,0
0,12.34267,0,0,0,270,0,0,0
0,12.34995,0,0,0,270,0,0,0
0,12.35637,0,0,0,270,0,0,0
0,12.36259,0,0,0,270,0,0,0
0,12.36839,0,0,0,270,0,0,0
0,12.37495,0,0,0,270,0,0,0
0,12.37992,0,0,0,270,0,0,0
0,12.38482,0,0,0,270,0,0,0
0,12.3896,0,0,0,270,0,0,0
0,12.39593,0,0,0,270,0,0,0
0,12.40185,0,0,0,270,0,0,0
0,12.40852,0,0,0,270,0,0,0
0,12.41471,0,0,0,270,0,0,0
0,12.42046,0,0,0,270,0,0,0
0,12.42665,0,0,0,270,0,0,0
0,12.43427,0,0,0,270,0,0,0
0,12.44141,0,0,0,270,0,0,0
0,12.44677,0,0,0,270,0,0,0
0,12.45339,0,0,0,270,0,0,0
0,12.45859,0,0,0,270,0,0,0
0,12.4646,0,0,0,270,0,0,0
0,12.47095,0,0,0,270,0,0,0
0,12.47739,0,0,0,270,0,0,0
0,12.48445,0,0,0,270,0,0,0
0,12.4907,0,0,0,270,0,0,0
0,12.49677,0,0,0,270,0,0,0
0,12.50326,0,0,0,270,0,0,0
0,12.51043,0,0,0,270,0,0,0
0,12.51818,0,0,0,270,0,0,0
0,12.52379,0,0,0,270,0,0,0
0,12.53005,0,0,0,270,0,0,0
0,12.53612,0,0,0,270,0,0,0
0,12.54248,0,0,0,270,0,0,0
0,12.54901,0,0,0,270,0,0,0
0,12.55445,0,0,0,270,0,0,0
0,12.56074,0,0,0,270,0,0,0
0,12.5669,0,0,0,270,0,0,0
0,12.57265,0,0,0,270,0,0,0
0,12.57853,0,0,0,270,0,0,0
0,12.58463,0,0,0,270,0,0,0
0,12.5899,0,0,0,270,0,0,0
0,12.59476,0,0,0,270,0,0,0
0,12.60082,0,0,0,270,0,0,0
0,12.60623,0,0,0,270,0,0,0
0,12.61115,0,0,0,270,0,0,0
0,12.61683,0,0,0,270,0,0,0
0,12.62214,0,0,0,270,0,0,0
0,12.62985,0,0,0,270,0,0,0
0,12.63835,0,0,0,270,0,0,0
0,12.64545,0,0,0,270,0,0,0
0,12.6516,0,0,0,270,0,0,0
0,12.65673,0,0,0,270,0,0,0
0,12.66315,0,0,0,270,0,0,0
0,12.66889,0,0,0,270,0,0,0
0,12.67426,0,0,0,270,0,0,0
0,12.67958,0,0,0,270,0,0,0
0,12.6848,0,0,0,270,0,0,0
0,12.68962,0,0,0,270,0,0,0
0,12.69526,0,0,0,270,0,0,0
0,12.70068,0,0,0,270,0,0,0
0,12.70649,0,0,0,270,0,0,0
0,12.71194,0,0,0,270,0,0,0
0,12.71815,0,0,0,270,0,0,0
0,12.72457,0,0,0,270,0,0,0
0,12.7297,0,0,0,270,0,0,0
0,12.73497,0,0,0,270,0,0,0
0,12.7404,0,0,0,270,0,0,0
0,12.74543,0,0,0,270,0,0,0
0,12.75096,0,0,0,270,0,0,0
0,12.75705,0,0,0,270,0,0,0
0,12.76283,0,0,0,270,0,0,0
0,12.76765,0,0,0,270,0,0,0
0,12.77417,0,0,0,270,0,0,0
0,12.78007,0,0,0,270,0,0,0
0,12.7861,0,0,0,270,0,0,0
0,12.79237,0,0,0,270,0,0,0
0,12.79989,0,0,0,270,0,0,0
0,12.80675,0,0,0,270,0,0,0
0,12.81179,0,0,0,270,0,0,0
0,12.81703,0,0,0,270,0,0,0
0,12.82183,0,0,0,270,0,0,0
0,12.82737,0,0,0,270,0,0,0
0,12.83237,0,0,0,270,0,0,0
0,12.83887,0,0,0,270,0,0,0
0,12.84413,0,0,0,270,0,0,0
0,12.84972,0,0,0,270,0,0,0
0,12.85504,0,0,0,270,0,0,0
0,12.86077,0,0,0,270,0,0,0
0,12.86583,0,0,0,270,0,0,0
0,12.87074,0,0,0,270,0,0,0
0,12.87532,0,0,0,270,0,0,0
0,12.88111,0,0,0,270,0,0,0
0,12.88635,0,0,0,270,0,0,0
0,12.89122,0,0,0,270,0,0,0
0,12.89645,0,0,0,270,0,0,0
0,12.90134,0,0,0,270,0,0,0
0,12.90631,0,0,0,270,0,0,0
0,12.91157,0,0,0,270,0,0,0
0,12.91716,0,0,0,270,0,0,0
0,12.92271,0,0,0,270,0,0,0
0,12.92801,0,0,0,270,0,0,0
0,12.93361,0,0,0,270,0,0,0
0,12.93982,0,0,0,270,0,0,0
0,12.9456,0,0,0,270,0,0,0
0,12.952,0,0,0,270,0,0,0
0,12.95897,0,0,0,270,0,0,0
0,12.96466,0,0,0,270,0,0,0
0,12.9711,0,0,0,270,0,0,0
0,12.97649,0,0,0,270,0,0,0
0,12.9813,0,0,0,270,0,0,0
0,12.98661,0,0,0,270,0,0,0
0,12.99129,0,0,0,270,0,0,0
0,12.99604,0,0,0,270,0,0,0
0,13.00042,0,0,0,270,0,0,0
0,13.00626,0,0,0,270,0,0,0
0,13.01214,0,0,0,270,0,0,0
0,13.0188,0,0,0,270,0,0,0
0,13.02419,0,0,0,270,0,0,0
0,13.02988,0,0,0,270,0,0,0
0,13.03596,0,0,0,270,0,0,0
0,13.04487,0,0,0,270,0,0,0
0,13.05277,0,0,0,270,0,0,0
0,13.05833,0,0,0,270,0,0,0
0,13.06462,0,0,0,270,0,0,0
0,13.07221,0,0,0,270,0,0,0
0,13.07804,0,0,0,270,0,0,0
0,13.08553,0,0,0,270,0,0,0
0,13.09212,0,0,0,270,0,0,0
0,13.09951,0,0,0,270,0,0,0
0,13.106,0,0,0,270,0,0,0
0,13.1123,0,0,0,270,0,0,0
0,13.11862,0,0,0,270,0,0,0
0,13.12427,0,0,0,270,0,0,0
0,13.13071,0,0,0,270,0,0,0
0,13.13682,0,0,0,270,0,0,0
0,13.1426,0,0,0,270,0,0,0
0,13.15013,0,0,0,270,0,0,0
0,13.15783,0,0,0,270,0,0,0
0,13.1643,0,0,0,270,0,0,0
0,13.1699,0,0,0,270,0,0,0
0,13.17707,0,0,0,270,0,0,0
0,13.18368,0,0,0,270,0,0,0
0,13.19056,0,0,0,270,0,0,0
0,13.19735,0,0,0,270,0,0,0
0,13.20548,0,0,0,270,0,0,0
0,13.213,0,0,0,270,0,0,0
0,13.22061,0,0,0,270,0,0,0
0,13.23333,0,0,0,270,0,0,0
0,13.24374,0,0,0,270,0,0,0
0,13.26469,0,0,0,270,0,0,0
0,13.27091,0,0,0,270,0,0,0
0,13.27677,0,0,0,270,0,0,0
0,13.28297,0,0,0,270,0,0,0
0,13.2887,0,0,0,270,0,0,0
0,13.2954,0,0,0,270,0,0,0
0,13.30195,0,0,0,270,0,0,0
0,13.30906,0,0,0,270,0,0,0
0,13.3159,0,0,0,270,0,0,0
0,13.32194,0,0,0,270,0,0,0
0,13.32845,0,0,0,270,0,0,0
0,13.33473,0,0,0,270,0,0,0
0,13.34156,0,0,0,270,0,0,0
0,13.34852,0,0,0,270,0,0,0
0,13.3543,0,0,0,270,0,0,0
0,13.36285,0,0,0,270,0,0,0
0,13.36872,0,0,0,270,0,0,0
0,13.37589,0,0,0,270,0,0,0
0,13.38344,0,0,0,270,0,0,0
0,13.3893,0,0,0,270,0,0,0
0,13.39627,0,0,0,270,0,0,0
0,13.40272,0,0,0,270,0,0,0
0,13.41034,0,0,0,270,0,0,0
0,13.41766,0,0,0,270,0,0,0
0,13.42493,0,0,0,270,0,0,0
0,13.43169,0,0,0,270,0,0,0
0,13.43841,0,0,0,270,0,0,0
0,13.44468,0,0,0,270,0,0,0
0,13.45291,0,0,0,270,0,0,0
0,13.45992,0,0,0,270,0,0,0
0,13.46608,0,0,0,270,0,0,0
0,13.4726,0,0,0,270,0,0,0
0,13.47861,0,0,0,270,0,0,0
0,13.48561,0,0,0,270,0,0,0
0,13.49112,0,0,0,270,0,0,0
0,13.49639,0,0,0,270,0,0,0
0,13.50182,0,0,0,270,0,0,0
0,13.50849,0,0,0,270,0,0,0
0,13.51472,0,0,0,270,0,0,0
0,13.52161,0,0,0,270,0,0,0
0,13.52717,0,0,0,270,0,0,0
0,13.53324,0,0,0,270,0,0,0
0,13.53901,0,0,0,270,0,0,0
0,13.5448,0,0,0,270,0,0,0
0,13.55252,0,0,0,270,0,0,0
0,13.5577,0,0,0,270,0,0,0
0,13.56406,0,0,0,270,0,0,0
0,13.57164,0,0,0,270,0,0,0
0,13.57817,0,0,0,270,0,0,0
0,13.58461,0,0,0,270,0,0,0
0,13.5906,0,0,0,270,0,0,0
0,13.59776,0,0,0,270,0,0,0
0,13.60568,0,0,0,270,0,0,0
0,13.61218,0,0,0,270,0,0,0
0,13.62013,0,0,0,270,0,0,0
0,13.62724,0,0,0,270,0,0,0
0,13.63329,0,0,0,270,0,0,0
0,13.6397,0,0,0,270,0,0,0
0,13.64816,0,0,0,270,0,0,0
0,13.65705,0,0,0,270,0,0,0
0,13.6651,0,0,0,270,0,0,0
0,13.67181,0,0,0,270,0,0,0
0,13.68017,0,0,0,270,0,0,0
0,13.68797,0,0,0,270,0,0,0
0,13.69629,0,0,0,270,0,0,0
0,13.70481,0,0,0,270,0,0,0
0,13.71122,0,0,0,270,0,0,0
0,13.71772,0,0,0,270,0,0,0
0,13.72446,0,0,0,270,0,0,0
0,13.73136,0,0,0,270,0,0,0
0,13.73797,0,0,0,270,0,0,0
0,13.74347,0,0,0,270,0,0,0
0,13.75014,0,0,0,270,0,0,0
0,13.75606,0,0,0,270,0,0,0
0,13.762,0,0,0,270,0,0,0
0,13.76824,0,0,0,270,0,0,0
0,13.77404,0,0,0,270,0,0,0
0,13.77995,0,0,0,270,0,0,0
0,13.78618,0,0,0,270,0,0,0
0,13.79116,0,0,0,270,0,0,0
0,13.79793,0,0,0,270,0,0,0
0,13.80492,0,0,0,270,0,0,0
0,13.81207,0,0,0,270,0,0,0
0,13.82036,0,0,0,270,0,0,0
0,13.82772,0,0,0,270,0,0,0
0,13.83389,0,0,0,270,0,0,0
0,13.83941,0,0,0,270,0,0,0
0,13.84458,0,0,0,270,0,0,0
0,13.84985,0,0,0,270,0,0,0
0,13.85674,0,0,0,270,0,0,0
0,13.86245,0,0,0,270,0,0,0
0,13.86766,0,0,0,270,0,0,0
0,13.87443,0,0,0,270,0,0,0
0,13.88096,0,0,0,270,0,0,0
0,13.88682,0,0,0,270,0,0,0
0,13.89256,0,0,0,270,0,0,0
0,13.89856,0,0,0,270,0,0,0
0,13.90556,0,0,0,270,0,0,0
0,13.91202,0,0,0,270,0,0,0
0,13.91809,0,0,0,270,0,0,0
0,13.92515,0,0,0,270,0,0,0
0,13.93153,0,0,0,270,0,0,0
0,13.93771,0,0,0,270,0,0,0
0,13.94397,0,0,0,270,0,0,0
0,13.94951,0,0,0,270,0,0,0
0,13.95474,0,0,0,270,0,0,0
0,13.96097,0,0,0,270,0,0,0
0,13.96679,0,0,0,270,0,0,0
0,13.97267,0,0,0,270,0,0,0
0,13.97849,0,0,0,270,0,0,0
0,13.98578,0,0,0,270,0,0,0
0,13.9909,0,0,0,270,0,0,0
0,13.99667,0,0,0,270,0,0,0
0,14.00346,0,0,0,270,0,0,0
0,14.0094,0,0,0,270,0,0,0
0,14.01543,0,0,0,270,0,0,0
0,14.02095,0,0,0,270,0,0,0
0,14.0278,0,0,0,270,0,0,0
0,14.03325,0,0,0,270,0,0,0
0,14.03827,0,0,0,270,0,0,0
0,14.04339,0,0,0,270,0,0,0
0,14.04891,0,0,0,270,0,0,0
0,14.05419,0,0,0,270,0,0,0
0,14.06212,0,0,0,270,0,0,0
0,14.06793,0,0,0,270,0,0,0
0,14.0734,0,0,0,270,0,0,0
0,14.07957,0,0,0,270,0,0,0
0,14.08629,0,0,0,270,0,0,0
0,14.09319,0,0,0,270,0,0,0
0,14.09916,0,0,0,270,0,0,0
0,14.10508,0,0,0,270,0,0,0
0,14.11147,0,0,0,270,0,0,0
0,14.11766,0,0,0,270,0,0,0
0,14.12378,0,0,0,270,0,0,0
0,14.12975,0,0,0,270,0,0,0
0,14.13525,0,0,0,270,0,0,0
0,14.14124,0,0,0,270,0,0,0
0,14.14662,0,0,0,270,0,0,0
0,14.15248,0,0,0,270,0,0,0
0,14.15739,0,0,0,270,0,0,0
0,14.16319,0,0,0,270,0,0,0
0,14.16948,0,0,0,270,0,0,0
0,14.17669,0,0,0,270,0,0,0
0,14.18315,0,0,0,270,0,0,0
0,14.18912,0,0,0,270,0,0,0
0,14.19561,0,0,0,270,0,0,0
0,14.20218,0,0,0,270,0,0,0
0,14.20911,0,0,0,270,0,0,0
0,14.21562,0,0,0,270,0,0,0
0,14.22182,0,0,0,270,0,0,0
0,14.22913,0,0,0,270,0,0,0
0,14.23428,0,0,0,270,0,0,0
0,14.24049,0,0,0,270,0,0,0
0,14.2462,0,0,0,270,0,0,0
0,14.25196,0,0,0,270,0,0,0
0,14.25778,0,0,0,270,0,0,0
0,14.26564,0,0,0,270,0,0,0
0,14.27163,0,0,0,270,0,0,0
0,14.27638,0,0,0,270,0,0,0
0,14.28212,0,0,0,270,0,0,0
0,14.28813,0,0,0,270,0,0,0
0,14.29443,0,0,0,270,0,0,0
0,14.30121,0,0,0,270,0,0,0
0,14.30702,0,0,0,270,0,0,0
0,14.31271,0,0,0,270,0,0,0
0,14.31997,0,0,0,270,0,0,0
0,14.32526,0,0,0,270,0,0,0
0,14.33119,0,0,0,270,0,0,0
0,14.33823,0,0,0,270,0,0,0
0,14.34475,0,0,0,270,0,0,0
0,14.35178,0,0,0,270,0,0,0
0,14.35888,0,0,0,270,0,0,0
0,14.36635,0,0,0,270,0,0,0
0,14.37293,0,0,0,270,0,0,0
0,14.37925,0,0,0,270,0,0,0
0,14.38644,0,0,0,270,0,0,0
0,14.39355,0,0,0,270,0,0,0
0,14.39975,0,0,0,270,0,0,0
0,14.40629,0,0,0,270,0,0,0
0,14.41278,0,0,0,270,0,0,0
0,14.41837,0,0,0,270,0,0,0
0,14.42381,0,0,0,270,0,0,0
0,14.43126,0,0,0,270,0,0,0
0,14.43761,0,0,0,270,0,0,0
0,14.4444,0,0,0,270,0,0,0
0,14.45123,0,0,0,270,0,0,0
0,14.458,0,0,0,270,0,0,0
0,14.46667,0,0,0,270,0,0,0
0,14.47348,0,0,0,270,0,0,0
0,14.47978,0,0,0,270,0,0,0
0,14.48658,0,0,0,270,0,0,0
0,14.49219,0,0,0,270,0,0,0
0,14.4978,0,0,0,270,0,0,0
0,14.50443,0,0,0,270,0,0,0
0,14.51048,0,0,0,270,0,0,0
0,14.51704,0,0,0,270,0,0,0
0,14.52363,0,0,0,270,0,0,0
0,14.52983,0,0,0,270,0,0,0
0,14.53659,0,0,0,270,0,0,0
0,14.54356,0,0,0,270,0,0,0
0,14.55003,0,0,0,270,0,0,0
0,14.55481,0,0,0,270,0,0,0
0,14.5605,0,0,0,270,0,0,0
0,14.56619,0,0,0,270,0,0,0
0,14.57231,0,0,0,270,0,0,0
0,14.57761,0,0,0,270,0,0,0
0,14.58373,0,0,0,270,0,0,0
0,14.58873,0,0,0,270,0,0,0
0,14.59404,0,0,0,270,0,0,0
0,14.60021,0,0,0,270,0,0,0
0,14.60554,0,0,0,270,0,0,0
0,14.6118,0,0,0,270,0,0,0
0,14.61716,0,0,0,270,0,0,0
0,14.62147,0,0,0,270,0,0,0
0,14.62661,0,0,0,270,0,0,0
0,14.63221,0,0,0,270,0,0,0
0,14.63777,0,0,0,270,0,0,0
0,14.64606,0,0,0,270,0,0,0
0,14.65248,0,0,0,270,0,0,0
0,14.65932,0,0,0,270,0,0,0
0,14.66778,0,0,0,270,0,0,0
0,14.6744,0,0,0,270,0,0,0
0,14.68042,0,0,0,270,0,0,0
0,14.68603,0,0,0,270,0,0,0
0,14.69104,0,0,0,270,0,0,0
0,14.69737,0,0,0,270,0,0,0
0,14.70244,0,0,0,270,0,0,0
0,14.70881,0,0,0,270,0,0,0
0,14.71404,0,0,0,270,0,0,0
0,14.72017,0,0,0,270,0,0,0
0,14.72758,0,0,0,270,0,0,0
0,14.73417,0,0,0,270,0,0,0
0,14.74035,0,0,0,270,0,0,0
0,14.74682,0,0,0,270,0,0,0
0,14.75363,0,0,0,270,0,0,0
0,14.76045,0,0,0,270,0,0,0
0,14.7663,0,0,0,270,0,0,0
0,14.7727,0,0,0,270,0,0,0
0,14.7775,0,0,0,270,0,0,0
0,14.78312,0,0,0,270,0,0,0
0,14.78848,0,0,0,270,0,0,0
0,14.79456,0,0,0,270,0,0,0
0,14.80114,0,0,0,270,0,0,0
0,14.80802,0,0,0,270,0,0,0
0,14.81593,0,0,0,270,0,0,0
0,14.82231,0,0,0,270,0,0,0
0,14.82981,0,0,0,270,0,0,0
0,14.83632,0,0,0,270,0,0,0
0,14.84385,0,0,0,270,0,0,0
0,14.85284,0,0,0,270,0,0,0
0,14.86222,0,0,0,270,0,0,0
0,14.87082,0,0,0,270,0,0,0
0,14.87673,0,0,0,270,0,0,0
0,14.88275,0,0,0,270,0,0,0
0,14.88836,0,0,0,270,0,0,0
0,14.89456,0,0,0,270,0,0,0
0,14.90089,0,0,0,270,0,0,0
0,14.90712,0,0,0,270,0,0,0
0,14.91358,0,0,0,270,0,0,0
0,14.92009,0,0,0,270,0,0,0
0,14.92586,0,0,0,270,0,0,0
0,14.93214,0,0,0,270,0,0,0
0,14.93945,0,0,0,270,0,0,0
0,14.9454,0,0,0,270,0,0,0
0,14.95186,0,0,0,270,0,0,0
0,14.95853,0,0,0,270,0,0,0
0,14.96669,0,0,0,270,0,0,0
0,14.97446,0,0,0,270,0,0,0
0,14.98062,0,0,0,270,0,0,0
0,14.98664,0,0,0,270,0,0,0
0,14.99224,0,0,0,270,0,0,0
0,14.99783,0,0,0,270,0,0,0
0,15.00374,0,0,0,270,0,0,0
0,15.01122,0,0,0,270,0,0,0
0,15.01668,0,0,0,270,0,0,0
0,15.02188,0,0,0,270,0,0,0
0,15.02787,0,0,0,270,0,0,0
0,15.03309,0,0,0,270,0,0,0
0,15.0388,0,0,0,270,0,0,0
0,15.04404,0,0,0,270,0,0,0
0,15.04995,0,0,0,270,0,0,0
0,15.05548,0,0,0,270,0,0,0
0,15.06104,0,0,0,270,0,0,0
0,15.06753,0,0,0,270,0,0,0
0,15.07404,0,0,0,270,0,0,0
0,15.07919,0,0,0,270,0,0,0
0,15.08448,0,0,0,270,0,0,0
0,15.08926,0,0,0,270,0,0,0
0,15.09483,0,0,0,270,0,0,0
0,15.09932,0,0,0,270,0,0,0
0,15.10533,0,0,0,270,0,0,0
0,15.11073,0,0,0,270,0,0,0
0,15.11637,0,0,0,270,0,0,0
0,15.12234,0,0,0,270,0,0,0
0,15.12858,0,0,0,270,0,0,0
0,15.13353,0,0,0,270,0,0,0
0,15.13883,0,0,0,270,0,0,0
0,15.14408,0,0,0,270,0,0,0
0,15.14937,0,0,0,270,0,0,0
0,15.1546,0,0,0,270,0,0,0
0,15.16083,0,0,0,270,0,0,0
0,15.1668,0,0,0,270,0,0,0
0,15.17187,0,0,0,270,0,0,0
0,15.17708,0,0,0,270,0,0,0
0,15.18337,0,0,0,270,0,0,0
0,15.18933,0,0,0,270,0,0,0
0,15.19527,0,0,0,270,0,0,0
0,15.20192,0,0,0,270,0,0,0
0,15.20773,0,0,0,270,0,0,0
0,15.21298,0,0,0,270,0,0,0
0,15.21896,0,0,0,270,0,0,0
0,15.22435,0,0,0,270,0,0,0
0,15.23052,0,0,0,270,0,0,0
0,15.23539,0,0,0,270,0,0,0
0,15.24026,0,0,0,270,0,0,0
0,15.24544,0,0,0,270,0,0,0
0,15.25135,0,0,0,270,0,0,0
0,15.2563,0,0,0,270,0,0,0
0,15.26173,0,0,0,270,0,0,0
0,15.2673,0,0,0,270,0,0,0
0,15.2741,0,0,0,270,0,0,0
0,15.28053,0,0,0,270,0,0,0
0,15.28721,0,0,0,270,0,0,0
0,15.29301,0,0,0,270,0,0,0
0,15.29774,0,0,0,270,0,0,0
0,15.30346,0,0,0,270,0,0,0
0,15.30819,0,0,0,270,0,0,0
0,15.31298,0,0,0,270,0,0,0
0,15.31836,0,0,0,270,0,0,0
0,15.32322,0,0,0,270,0,0,0
0,15.32838,0,0,0,270,0,0,0
0,15.33374,0,0,0,270,0,0,0
0,15.33918,0,0,0,270,0,0,0
0,15.34386,0,0,0,270,0,0,0
0,15.34981,0,0,0,270,0,0,0
0,15.35581,0,0,0,270,0,0,0
0,15.3619,0,0,0,270,0,0,0
0,15.36852,0,0,0,270,0,0,0
0,15.37429,0,0,0,270,0,0,0
0,15.37992,0,0,0,270,0,0,0
0,15.3857,0,0,0,270,0,0,0
0,15.39179,0,0,0,270,0,0,0
0,15.39854,0,0,0,270,0,0,0
0,15.40519,0,0,0,270,0,0,0
0,15.41085,0,0,0,270,0,0,0
0,15.4165,0,0,0,270,0,0,0
0,15.42139,0,0,0,270,0,0,0
0,15.42815,0,0,0,270,0,0,0
0,15.43364,0,0,0,270,0,0,0
0,15.43984,0,0,0,270,0,0,0
0,15.44607,0,0,0,270,0,0,0
0,15.45271,0,0,0,270,0,0,0
0,15.45881,0,0,0,270,0,0,0
0,15.46472,0,0,0,270,0,0,0
0,15.4694,0,0,0,270,0,0,0
0,15.47482,0,0,0,270,0,0,0
0,15.48117,0,0,0,270,0,0,0
0,15.48639,0,0,0,270,0,0,0
0,15.49152,0,0,0,270,0,0,0
0,15.49688,0,0,0,270,0,0,0
0,15.50303,0,0,0,270,0,0,0
0,15.50798,0,0,0,270,0,0,0
0,15.51247,0,0,0,270,0,0,0
0,15.51807,0,0,0,270,0,0,0
0,15.52312,0,0,0,270,0,0,0
0,15.52834,0,0,0,270,0,0,0
0,15.53373,0,0,0,270,0,0,0
0,15.54005,0,0,0,270,0,0,0
0,15.54602,0,0,0,270,0,0,0
0,15.55262,0,0,0,270,0,0,0
0,15.55803,0,0,0,270,0,0,0
0,15.56371,0,0,0,270,0,0,0
0,15.57,0,0,0,270,0,0,0
0,15.57635,0,0,0,270,0,0,0
0,15.5836,0,0,0,270,0,0,0
0,15.59006,0,0,0,270,0,0,0
0,15.59709,0,0,0,270,0,0,0
0,15.60362,0,0,0,270,0,0,0
0,15.60946,0,0,0,270,0,0,0
0,15.61683,0,0,0,270,0,0,0
0,15.62337,0,0,0,270,0,0,0
0,15.63074,0,0,0,270,0,0,0
0,15.63634,0,0,0,270,0,0,0
0,15.64384,0,0,0,270,0,0,0
0,15.64997,0,0,0,270,0,0,0
0,15.65572,0,0,0,270,0,0,0
0,15.6624,0,0,0,270,0,0,0
0,15.66914,0,0,0,270,0,0,0
0,15.67582,0,0,0,270,0,0,0
0,15.68414,0,0,0,270,0,0,0
0,15.68996,0,0,0,270,0,0,0
0,15.69636,0,0,0,270,0,0,0
0,15.70365,0,0,0,270,0,0,0
0,15.71072,0,0,0,270,0,0,0
0,15.71738,0,0,0,270,0,0,0
0,15.72465,0,0,0,270,0,0,0
0,15.73101,0,0,0,270,0,0,0
0,15.73786,0,0,0,270,0,0,0
0,15.74383,0,0,0,270,0,0,0
0,15.74963,0,0,0,270,0,0,0
0,15.75534,0,0,0,270,0,0,0
0,15.76231,0,0,0,270,0,0,0
0,15.76943,0,0,0,270,0,0,0
0,15.77668,0,0,0,270,0,0,0
0,15.78212,0,0,0,270,0,0,0
0,15.78781,0,0,0,270,0,0,0
0,15.79343,0,0,0,270,0,0,0
0,15.80042,0,0,0,270,0,0,0
0,15.80589,0,0,0,270,0,0,0
0,15.8105,0,0,0,270,0,0,0
0,15.81578,0,0,0,270,0,0,0
0,15.82148,0,0,0,270,0,0,0
0,15.82761,0,0,0,270,0,0,0
0,15.83381,0,0,0,270,0,0,0
0,15.84001,0,0,0,270,0,0,0
0,15.84637,0,0,0,270,0,0,0
0,15.85151,0,0,0,270,0,0,0
0,15.85653,0,0,0,270,0,0,0
0,15.86297,0,0,0,270,0,0,0
0,15.86966,0,0,0,270,0,0,0
0,15.87624,0,0,0,270,0,0,0
0,15.88604,0,0,0,270,0,0,0
0,15.89134,0,0,0,270,0,0,0
0,15.89671,0,0,0,270,0,0,0
0,15.90168,0,0,0,270,0,0,0
0,15.90712,0,0,0,270,0,0,0
0,15.91263,0,0,0,270,0,0,0
0,15.91768,0,0,0,270,0,0,0
0,15.92294,0,0,0,270,0,0,0
0,15.92771,0,0,0,270,0,0,0
0,15.93204,0,0,0,270,0,0,0
0,15.93731,0,0,0,270,0,0,0
0,15.94218,0,0,0,270,0,0,0
0,15.94885,0,0,0,270,0,0,0
0,15.95411,0,0,0,270,0,0,0
0,15.96032,0,0,0,270,0,0,0
0,15.96621,0,0,0,270,0,0,0
0,15.97365,0,0,0,270,0,0,0
0,15.97946,0,0,0,270,0,0,0
0,15.98482,0,0,0,270,0,0,0
0,15.99759,0,0,0,270,0,0,0
0,16.01635,0,0,0,270,0,0,0
0,16.0214,0,0,0,270,0,0,0
0,16.02661,0,0,0,270,0,0,0
0,16.03165,0,0,0,270,0,0,0
0,16.03669,0,0,0,270,0,0,0
0,16.04258,0,0,0,270,0,0,0
0,16.04865,0,0,0,270,0,0,0
0,16.05377,0,0,0,270,0,0,0
0,16.05864,0,0,0,270,0,0,0
0,16.06446,0,0,0,270,0,0,0
0,16.0694,0,0,0,270,0,0,0
0,16.07471,0,0,0,270,0,0,0
0,16.08131,0,0,0,270,0,0,0
0,16.08926,0,0,0,270,0,0,0
0,16.09625,0,0,0,270,0,0,0
0,16.10098,0,0,0,270,0,0,0
0,16.10643,0,0,0,270,0,0,0
0,16.1127,0,0,0,270,0,0,0
0,16.11823,0,0,0,270,0,0,0
0,16.12394,0,0,0,270,0,0,0
0,16.13086,0,0,0,270,0,0,0
0,16.13804,0,0,0,270,0,0,0
0,16.1457,0,0,0,270,0,0,0
0,16.15219,0,0,0,270,0,0,0
0,16.16008,0,0,0,270,0,0,0
0,16.16607,0,0,0,270,0,0,0
0,16.17226,0,0,0,270,0,0,0
0,16.17792,0,0,0,270,0,0,0
0,16.18426,0,0,0,270,0,0,0
0,16.19028,0,0,0,270,0,0,0
0,16.19552,0,0,0,270,0,0,0
0,16.20048,0,0,0,270,0,0,0
0,16.20798,0,0,0,270,0,0,0
0,16.21465,0,0,0,270,0,0,0
0,16.22042,0,0,0,270,0,0,0
0,16.22634,0,0,0,270,0,0,0
0,16.23177,0,0,0,270,0,0,0
0,16.23854,0,0,0,270,0,0,0
0,16.24477,0,0,0,270,0,0,0
0,16.25095,0,0,0,270,0,0,0
0,16.2567,0,0,0,270,0,0,0
0,16.26188,0,0,0,270,0,0,0
0,16.26722,0,0,0,270,0,0,0
0,16.27267,0,0,0,270,0,0,0
0,16.27847,0,0,0,270,0,0,0
0,16.28446,0,0,0,270,0,0,0
0,16.29029,0,0,0,270,0,0,0
0,16.29599,0,0,0,270,0,0,0
0,16.30114,0,0,0,270,0,0,0
0,16.30638,0,0,0,270,0,0,0
0,16.31184,0,0,0,270,0,0,0
0,16.31734,0,0,0,270,0,0,0
0,16.3221,0,0,0,270,0,0,0
0,16.32755,0,0,0,270,0,0,0
0,16.33323,0,0,0,270,0,0,0
0,16.33912,0,0,0,270,0,0,0
0,16.34591,0,0,0,270,0,0,0
0,16.35206,0,0,0,270,0,0,0
0,16.35786,0,0,0,270,0,0,0
0,16.36374,0,0,0,270,0,0,0
0,16.36836,0,0,0,270,0,0,0
0,16.37388,0,0,0,270,0,0,0
0,16.37916,0,0,0,270,0,0,0
0,16.38437,0,0,0,270,0,0,0
0,16.38963,0,0,0,270,0,0,0
0,16.39595,0,0,0,270,0,0,0
0,16.40143,0,0,0,270,0,0,0
0,16.40804,0,0,0,270,0,0,0
0,16.41393,0,0,0,270,0,0,0
0,16.42042,0,0,0,270,0,0,0
0,16.42637,0,0,0,270,0,0,0
0,16.43203,0,0,0,270,0,0,0
0,16.43795,0,0,0,270,0,0,0
0,16.44414,0,0,0,270,0,0,0
0,16.4498,0,0,0,270,0,0,0
0,16.45443,0,0,0,270,0,0,0
0,16.45997,0,0,0,270,0,0,0
0,16.4653,0,0,0,270,0,0,0
0,16.47101,0,0,0,270,0,0,0
0,16.4768,0,0,0,270,0,0,0
0,16.48258,0,0,0,270,0,0,0
0,16.48768,0,0,0,270,0,0,0
0,16.49522,0,0,0,270,0,0,0
0,16.50009,0,0,0,270,0,0,0
0,16.5057,0,0,0,270,0,0,0
0,16.51132,0,0,0,270,0,0,0
0,16.51732,0,0,0,270,0,0,0
0,16.52205,0,0,0,270,0,0,0
0,16.52669,0,0,0,270,0,0,0
0,16.5309,0,0,0,270,0,0,0
0,16.53566,0,0,0,270,0,0,0
0,16.54059,0,0,0,270,0,0,0
0,16.54606,0,0,0,270,0,0,0
0,16.55437,0,0,0,270,0,0,0
0,16.56034,0,0,0,270,0,0,0
0,16.56706,0,0,0,270,0,0,0
0,16.57439,0,0,0,270,0,0,0
0,16.5812,0,0,0,270,0,0,0
0,16.58793,0,0,0,270,0,0,0
0,16.59345,0,0,0,270,0,0,0
0,16.59922,0,0,0,270,0,0,0
0,16.60532,0,0,0,270,0,0,0
0,16.60989,0,0,0,270,0,0,0
0,16.6147,0,0,0,270,0,0,0
0,16.62001,0,0,0,270,0,0,0
0,16.62527,0,0,0,270,0,0,0
0,16.6318,0,0,0,270,0,0,0
0,16.63768,0,0,0,270,0,0,0
0,16.64232,0,0,0,270,0,0,0
0,16.64798,0,0,0,270,0,0,0
0,16.65521,0,0,0,270,0,0,0
0,16.68148,0,0,0,270,0,0,0
0,16.69973,0,0,0,270,0,0,0
0,16.7102,0,0,0,270,0,0,0
0,16.71767,0,0,0,270,0,0,0
0,16.72496,0,0,0,270,0,0,0
0,16.73228,0,0,0,270,0,0,0
0,16.73831,0,0,0,270,0,0,0
0,16.74446,0,0,0,270,0,0,0
0,16.7512,0,0,0,270,0,0,0
0,16.75771,0,0,0,270,0,0,0
0,16.76462,0,0,0,270,0,0,0
0,16.77008,0,0,0,270,0,0,0
0,16.77628,0,0,0,270,0,0,0
0,16.78275,0,0,0,270,0,0,0
0,16.78941,0,0,0,270,0,0,0
0,16.79726,0,0,0,270,0,0,0
0,16.805,0,0,0,270,0,0,0
0,16.81152,0,0,0,270,0,0,0
0,16.81984,0,0,0,270,0,0,0
0,16.82752,0,0,0,270,0,0,0
0,16.83469,0,0,0,270,0,0,0
0,16.84103,0,0,0,270,0,0,0
0,16.84974,0,0,0,270,0,0,0
0,16.85627,0,0,0,270,0,0,0
0,16.86408,0,0,0,270,0,0,0
0,16.86959,0,0,0,270,0,0,0
0,16.87554,0,0,0,270,0,0,0
0,16.88213,0,0,0,270,0,0,0
0,16.88832,0,0,0,270,0,0,0
0,16.89558,0,0,0,270,0,0,0
0,16.90237,0,0,0,270,0,0,0
0,16.9128,0,0,0,270,0,0,0
0,16.91864,0,0,0,270,0,0,0
0,16.92429,0,0,0,270,0,0,0
0,16.93068,0,0,0,270,0,0,0
0,16.93628,0,0,0,270,0,0,0
0,16.94237,0,0,0,270,0,0,0
0,16.94898,0,0,0,270,0,0,0
0,16.95435,0,0,0,270,0,0,0
0,16.96034,0,0,0,270,0,0,0
0,16.96623,0,0,0,270,0,0,0
0,16.97172,0,0,0,270,0,0,0
0,16.97775,0,0,0,270,0,0,0
0,16.98452,0,0,0,270,0,0,0
0,16.99012,0,0,0,270,0,0,0
0,16.99605,0,0,0,270,0,0,0
0,17.00077,0,0,0,270,0,0,0
0,17.00662,0,0,0,270,0,0,0
0,17.01178,0,0,0,270,0,0,0
0,17.01744,0,0,0,270,0,0,0
0,17.02258,0,0,0,270,0,0,0
0,17.02832,0,0,0,270,0,0,0
0,17.03359,0,0,0,270,0,0,0
0,17.03878,0,0,0,270,0,0,0
0,17.04348,0,0,0,270,0,0,0
0,17.04835,0,0,0,270,0,0,0
0,17.05485,0,0,0,270,0,0,0
0,17.06003,0,0,0,270,0,0,0
0,17.0657,0,0,0,270,0,0,0
0,17.07251,0,0,0,270,0,0,0
0,17.07766,0,0,0,270,0,0,0
0,17.0835,0,0,0,270,0,0,0
0,17.08862,0,0,0,270,0,0,0
0,17.09462,0,0,0,270,0,0,0
0,17.10071,0,0,0,270,0,0,0
0,17.10571,0,0,0,270,0,0,0
0,17.1131,0,0,0,270,0,0,0
0,17.11877,0,0,0,270,0,0,0
0,17.12347,0,0,0,270,0,0,0
0,17.12981,0,0,0,270,0,0,0
0,17.13535,0,0,0,270,0,0,0
0,17.13995,0,0,0,270,0,0,0
0,17.14434,0,0,0,270,0,0,0
0,17.15064,0,0,0,270,0,0,0
0,17.15679,0,0,0,270,0,0,0
0,17.16212,0,0,0,270,0,0,0
0,17.16774,0,0,0,270,0,0,0
0,17.17294,0,0,0,270,0,0,0
0,17.17904,0,0,0,270,0,0,0
0,17.18496,0,0,0,270,0,0,0
0,17.19028,0,0,0,270,0,0,0
0,17.19605,0,0,0,270,0,0,0
0,17.20073,0,0,0,270,0,0,0
0,17.20544,0,0,0,270,0,0,0
0,17.21061,0,0,0,270,0,0,0
0,17.21604,0,0,0,270,0,0,0
0,17.22241,0,0,0,270,0,0,0
0,17.22883,0,0,0,270,0,0,0
0,17.23611,0,0,0,270,0,0,0
0,17.24233,0,0,0,270,0,0,0
0,17.24763,0,0,0,270,0,0,0
0,17.25515,0,0,0,270,0,0,0
0,17.26089,0,0,0,270,0,0,0
0,17.26706,0,0,0,270,0,0,0
0,17.27239,0,0,0,270,0,0,0
0,17.27868,0,0,0,270,0,0,0
0,17.28569,0,0,0,270,0,0,0
0,17.29168,0,0,0,270,0,0,0
0,17.29788,0,0,0,270,0,0,0
0,17.30463,0,0,0,270,0,0,0
0,17.30986,0,0,0,270,0,0,0
0,17.31815,0,0,0,270,0,0,0
0,17.32313,0,0,0,270,0,0,0
0,17.32982,0,0,0,270,0,0,0
0,17.33586,0,0,0,270,0,0,0
0,17.34149,0,0,0,270,0,0,0
0,17.34648,0,0,0,270,0,0,0
0,17.35237,0,0,0,270,0,0,0
0,17.35773,0,0,0,270,0,0,0
0,17.36359,0,0,0,270,0,0,0
0,17.3692,0,0,0,270,0,0,0
0,17.37551,0,0,0,270,0,0,0
0,17.38127,0,0,0,270,0,0,0
0,17.38661,0,0,0,270,0,0,0
0,17.39207,0,0,0,270,0,0,0
0,17.39806,0,0,0,270,0,0,0
0,17.40418,0,0,0,270,0,0,0
0,17.41044,0,0,0,270,0,0,0
0,17.41741,0,0,0,270,0,0,0
0,17.42408,0,0,0,270,0,0,0
0,17.42996,0,0,0,270,0,0,0
0,17.43483,0,0,0,270,0,0,0
0,17.44044,0,0,0,270,0,0,0
0,17.44657,0,0,0,270,0,0,0
0,17.45317,0,0,0,270,0,0,0
0,17.45846,0,0,0,270,0,0,0
0,17.4638,0,0,0,270,0,0,0
0,17.46844,0,0,0,270,0,0,0
0,17.47404,0,0,0,270,0,0,0
0,17.47873,0,0,0,270,0,0,0
0,17.48435,0,0,0,270,0,0,0
0,17.49015,0,0,0,270,0,0,0
0,17.49612,0,0,0,270,0,0,0
0,17.50186,0,0,0,270,0,0,0
0,17.50746,0,0,0,270,0,0,0
0,17.51286,0,0,0,270,0,0,0
0,17.51972,0,0,0,270,0,0,0
0,17.52477,0,0,0,270,0,0,0
0,17.53008,0,0,0,270,0,0,0
0,17.53579,0,0,0,270,0,0,0
0,17.54169,0,0,0,270,0,0,0
0,17.54728,0,0,0,270,0,0,0
0,17.5537,0,0,0,270,0,0,0
0,17.55898,0,0,0,270,0,0,0
0,17.56469,0,0,0,270,0,0,0
0,17.57001,0,0,0,270,0,0,0
0,17.57559,0,0,0,270,0,0,0
0,17.58129,0,0,0,270,0,0,0
0,17.58834,0,0,0,270,0,0,0
0,17.5941,0,0,0,270,0,0,0
0,17.60042,0,0,0,270,0,0,0
0,17.60634,0,0,0,270,0,0,0
0,17.61075,0,0,0,270,0,0,0
0,17.61606,0,0,0,270,0,0,0
0,17.6206,0,0,0,270,0,0,0
0,17.62511,0,0,0,270,0,0,0
0,17.63095,0,0,0,270,0,0,0
0,17.63614,0,0,0,270,0,0,0
0,17.64231,0,0,0,270,0,0,0
0,17.64742,0,0,0,270,0,0,0
0,17.65346,0,0,0,270,0,0,0
0,17.65964,0,0,0,270,0,0,0
0,17.66458,0,0,0,270,0,0,0
0,17.66961,0,0,0,270,0,0,0
0,17.67607,0,0,0,270,0,0,0
0,17.68211,0,0,0,270,0,0,0
0,17.68997,0,0,0,270,0,0,0
0,17.69784,0,0,0,270,0,0,0
0,17.70506,0,0,0,270,0,0,0
0,17.71031,0,0,0,270,0,0,0
0,17.71605,0,0,0,270,0,0,0
0,17.72419,0,0,0,270,0,0,0
0,17.72985,0,0,0,270,0,0,0
0,17.73652,0,0,0,270,0,0,0
0,17.74305,0,0,0,270,0,0,0
0,17.74968,0,0,0,270,0,0,0
0,17.75675,0,0,0,270,0,0,0
0,17.76365,0,0,0,270,0,0,0
0,17.76968,0,0,0,270,0,0,0
0,17.77506,0,0,0,270,0,0,0
0,17.7811,0,0,0,270,0,0,0
0,17.78778,0,0,0,270,0,0,0
0,17.79424,0,0,0,270,0,0,0
0,17.79934,0,0,0,270,0,0,0
0,17.80463,0,0,0,270,0,0,0
0,17.81025,0,0,0,270,0,0,0
0,17.81625,0,0,0,270,0,0,0
0,17.82176,0,0,0,270,0,0,0
0,17.82753,0,0,0,270,0,0,0
0,17.83342,0,0,0,270,0,0,0
0,17.84008,0,0,0,270,0,0,0
0,17.84741,0,0,0,270,0,0,0
0,17.85467,0,0,0,270,0,0,0
0,17.86104,0,0,0,270,0,0,0
0,17.86655,0,0,0,270,0,0,0
0,17.87334,0,0,0,270,0,0,0
0,17.8799,0,0,0,270,0,0,0
0,17.88622,0,0,0,270,0,0,0
0,17.89209,0,0,0,270,0,0,0
0,17.89806,0,0,0,270,0,0,0
0,17.90388,0,0,0,270,0,0,0
0,17.91036,0,0,0,270,0,0,0
0,17.91737,0,0,0,270,0,0,0
0,17.92714,0,0,0,270,0,0,0
0,17.93269,0,0,0,270,0,0,0
0,17.93856,0,0,0,270,0,0,0
0,17.94507,0,0,0,270,0,0,0
0,17.95192,0,0,0,270,0,0,0
0,17.95835,0,0,0,270,0,0,0
0,17.96507,0,0,0,270,0,0,0
0,17.97158,0,0,0,270,0,0,0
0,17.97772,0,0,0,270,0,0,0
0,17.98374,0,0,0,270,0,0,0
0,17.98908,0,0,0,270,0,0,0
0,17.99504,0,0,0,270,0,0,0
0,18,0,0,0,270,0,0,0
0,18.00642,0,0,0,270,0,0,0
0,18.01237,0,0,0,270,0,0,0
0,18.01951,0,0,0,270,0,0,0
0,18.02585,0,0,0,270,0,0,0
0,18.03161,0,0,0,270,0,0,0
0,18.03708,0,0,0,270,0,0,0
0,18.04269,0,0,0,270,0,0,0
0,18.04829,0,0,0,270,0,0,0
0,18.05508,0,0,0,270,0,0,0
0,18.06103,0,0,0,270,0,0,0
0,18.06654,0,0,0,270,0,0,0
0,18.07297,0,0,0,270,0,0,0
0,18.07938,0,0,0,270,0,0,0
0,18.08683,0,0,0,270,0,0,0
0,18.09315,0,0,0,270,0,0,0
0,18.09887,0,0,0,270,0,0,0
0,18.10533,0,0,0,270,0,0,0
0,18.11119,0,0,0,270,0,0,0
0,18.11867,0,0,0,270,0,0,0
0,18.12784,0,0,0,270,0,0,0
0,18.13494,0,0,0,270,0,0,0
0,18.14256,0,0,0,270,0,0,0
0,18.14999,0,0,0,270,0,0,0
0,18.1564,0,0,0,270,0,0,0
0,18.16258,0,0,0,270,0,0,0
0,18.16754,0,0,0,270,0,0,0
0,18.17291,0,0,0,270,0,0,0
0,18.17918,0,0,0,270,0,0,0
0,18.1853,0,0,0,270,0,0,0
0,18.19114,0,0,0,270,0,0,0
0,18.19712,0,0,0,270,0,0,0
0,18.20265,0,0,0,270,0,0,0
0,18.20918,0,0,0,270,0,0,0
0,18.2153,0,0,0,270,0,0,0
0,18.22067,0,0,0,270,0,0,0
0,18.22667,0,0,0,270,0,0,0
0,18.23174,0,0,0,270,0,0,0
0,18.23755,0,0,0,270,0,0,0
0,18.24429,0,0,0,270,0,0,0
0,18.24992,0,0,0,270,0,0,0
0,18.25603,0,0,0,270,0,0,0
0,18.2626,0,0,0,270,0,0,0
0,18.26932,0,0,0,270,0,0,0
0,18.27545,0,0,0,270,0,0,0
0,18.28075,0,0,0,270,0,0,0
0,18.28658,0,0,0,270,0,0,0
0,18.29427,0,0,0,270,0,0,0
0,18.29915,0,0,0,270,0,0,0
0,18.30471,0,0,0,270,0,0,0
0,18.30957,0,0,0,270,0,0,0
0,18.31458,0,0,0,270,0,0,0
0,18.32039,0,0,0,270,0,0,0
0,18.32688,0,0,0,270,0,0,0
0,18.33213,0,0,0,270,0,0,0
0,18.33746,0,0,0,270,0,0,0
0,18.34251,0,0,0,270,0,0,0
0,18.34873,0,0,0,270,0,0,0
0,18.35387,0,0,0,270,0,0,0
0,18.35864,0,0,0,270,0,0,0
0,18.36431,0,0,0,270,0,0,0
0,18.36911,0,0,0,270,0,0,0
0,18.37612,0,0,0,270,0,0,0
0,18.3826,0,0,0,270,0,0,0
0,18.38708,0,0,0,270,0,0,0
0,18.39226,0,0,0,270,0,0,0
0,18.39886,0,0,0,270,0,0,0
0,18.40401,0,0,0,270,0,0,0
0,18.40939,0,0,0,270,0,0,0
0,18.41441,0,0,0,270,0,0,0
0,18.42054,0,0,0,270,0,0,0
0,18.42569,0,0,0,270,0,0,0
0,18.43143,0,0,0,270,0,0,0
0,18.43602,0,0,0,270,0,0,0
0,18.44353,0,0,0,270,0,0,0
0,18.44957,0,0,0,270,0,0,0
0,18.45669,0,0,0,270,0,0,0
0,18.46313,0,0,0,270,0,0,0
0,18.46995,0,0,0,270,0,0,0
0,18.47555,0,0,0,270,0,0,0
0,18.48232,0,0,0,270,0,0,0
0,18.48814,0,0,0,270,0,0,0
0,18.49393,0,0,0,270,0,0,0
0,18.49851,0,0,0,270,0,0,0
0,18.50501,0,0,0,270,0,0,0
0,18.5111,0,0,0,270,0,0,0
0,18.51759,0,0,0,270,0,0,0
0,18.52333,0,0,0,270,0,0,0
0,18.53106,0,0,0,270,0,0,0
0,18.53658,0,0,0,270,0,0,0
0,18.54239,0,0,0,270,0,0,0
0,18.54853,0,0,0,270,0,0,0
0,18.55472,0,0,0,270,0,0,0
0,18.56053,0,0,0,270,0,0,0
0,18.56696,0,0,0,270,0,0,0
0,18.57207,0,0,0,270,0,0,0
0,18.57792,0,0,0,270,0,0,0
0,18.58383,0,0,0,270,0,0,0
0,18.58904,0,0,0,270,0,0,0
0,18.59585,0,0,0,270,0,0,0
0,18.60195,0,0,0,270,0,0,0
0,18.60865,0,0,0,270,0,0,0
0,18.6157,0,0,0,270,0,0,0
0,18.62132,0,0,0,270,0,0,0
0,18.62955,0,0,0,270,0,0,0
0,18.6351,0,0,0,270,0,0,0
0,18.64039,0,0,0,270,0,0,0
0,18.64625,0,0,0,270,0,0,0
0,18.65203,0,0,0,270,0,0,0
0,18.65797,0,0,0,270,0,0,0
0,18.66492,0,0,0,270,0,0,0
0,18.67031,0,0,0,270,0,0,0
0,18.67689,0,0,0,270,0,0,0
0,18.68224,0,0,0,270,0,0,0
0,18.68757,0,0,0,270,0,0,0
0,18.69344,0,0,0,270,0,0,0
0,18.69883,0,0,0,270,0,0,0
0,18.7115,0,0,0,270,0,0,0
0,18.73057,0,0,0,270,0,0,0
0,18.73643,0,0,0,270,0,0,0
0,18.74536,0,0,0,270,0,0,0
0,18.75164,0,0,0,270,0,0,0
0,18.75774,0,0,0,270,0,0,0
0,18.76353,0,0,0,270,0,0,0
0,18.76838,0,0,0,270,0,0,0
0,18.77376,0,0,0,270,0,0,0
0,18.77922,0,0,0,270,0,0,0
0,18.78559,0,0,0,270,0,0,0
0,18.79028,0,0,0,270,0,0,0
0,18.79535,0,0,0,270,0,0,0
0,18.7999,0,0,0,270,0,0,0
0,18.80492,0,0,0,270,0,0,0
0,18.81015,0,0,0,270,0,0,0
0,18.81642,0,0,0,270,0,0,0
0,18.82101,0,0,0,270,0,0,0
0,18.8267,0,0,0,270,0,0,0
0,18.83152,0,0,0,270,0,0,0
0,18.83681,0,0,0,270,0,0,0
0,18.84222,0,0,0,270,0,0,0
0,18.84677,0,0,0,270,0,0,0
0,18.85167,0,0,0,270,0,0,0
0,18.85604,0,0,0,270,0,0,0
0,18.86056,0,0,0,270,0,0,0
0,18.86605,0,0,0,270,0,0,0
0,18.87092,0,0,0,270,0,0,0
0,18.87722,0,0,0,270,0,0,0
0,18.88315,0,0,0,270,0,0,0
0,18.89067,0,0,0,270,0,0,0
0,18.89893,0,0,0,270,0,0,0
0,18.90556,0,0,0,270,0,0,0
0,18.91196,0,0,0,270,0,0,0
0,18.91895,0,0,0,270,0,0,0
0,18.92696,0,0,0,270,0,0,0
0,18.93268,0,0,0,270,0,0,0
0,18.93903,0,0,0,270,0,0,0
0,18.94753,0,0,0,270,0,0,0
0,18.953,0,0,0,270,0,0,0
0,18.95916,0,0,0,270,0,0,0
0,18.96515,0,0,0,270,0,0,0
0,18.97169,0,0,0,270,0,0,0
0,18.97842,0,0,0,270,0,0,0
0,18.98374,0,0,0,270,0,0,0
0,18.98828,0,0,0,270,0,0,0
0,18.99393,0,0,0,270,0,0,0
0,18.99895,0,0,0,270,0,0,0
0,19.00462,0,0,0,270,0,0,0
0,19.01023,0,0,0,270,0,0,0
0,19.01663,0,0,0,270,0,0,0
0,19.02267,0,0,0,270,0,0,0
0,19.02824,0,0,0,270,0,0,0
0,19.03371,0,0,0,270,0,0,0
0,19.03913,0,0,0,270,0,0,0
0,19.04419,0,0,0,270,0,0,0
0,19.04957,0,0,0,270,0,0,0
0,19.05469,0,0,0,270,0,0,0
0,19.06044,0,0,0,270,0,0,0
0,19.06567,0,0,0,270,0,0,0
0,19.07159,0,0,0,270,0,0,0
0,19.07853,0,0,0,270,0,0,0
0,19.08481,0,0,0,270,0,0,0
0,19.0893,0,0,0,270,0,0,0
0,19.09402,0,0,0,270,0,0,0
0,19.0996,0,0,0,270,0,0,0
0,19.10473,0,0,0,270,0,0,0
0,19.10938,0,0,0,270,0,0,0
0,19.11466,0,0,0,270,0,0,0
0,19.12097,0,0,0,270,0,0,0
0,19.12633,0,0,0,270,0,0,0
0,19.13166,0,0,0,270,0,0,0
0,19.1375,0,0,0,270,0,0,0
0,19.14347,0,0,0,270,0,0,0
0,19.15175,0,0,0,270,0,0,0
0,19.15814,0,0,0,270,0,0,0
0,19.16385,0,0,0,270,0,0,0
0,19.16883,0,0,0,270,0,0,0
0,19.17366,0,0,0,270,0,0,0
0,19.18087,0,0,0,270,0,0,0
0,19.18697,0,0,0,270,0,0,0
0,19.19418,0,0,0,270,0,0,0
0,19.2005,0,0,0,270,0,0,0
0,19.20745,0,0,0,270,0,0,0
0,19.21419,0,0,0,270,0,0,0
0,19.2209,0,0,0,270,0,0,0
0,19.2276,0,0,0,270,0,0,0
0,19.23397,0,0,0,270,0,0,0
0,19.24223,0,0,0,270,0,0,0
0,19.2478,0,0,0,270,0,0,0
0,19.25373,0,0,0,270,0,0,0
0,19.26065,0,0,0,270,0,0,0
0,19.26673,0,0,0,270,0,0,0
0,19.27329,0,0,0,270,0,0,0
0,19.27997,0,0,0,270,0,0,0
0,19.28791,0,0,0,270,0,0,0
0,19.29491,0,0,0,270,0,0,0
0,19.30178,0,0,0,270,0,0,0
0,19.30826,0,0,0,270,0,0,0
0,19.3153,0,0,0,270,0,0,0
0,19.32085,0,0,0,270,0,0,0
0,19.32703,0,0,0,270,0,0,0
0,19.33256,0,0,0,270,0,0,0
0,19.33975,0,0,0,270,0,0,0
0,19.34546,0,0,0,270,0,0,0
0,19.35311,0,0,0,270,0,0,0
0,19.35839,0,0,0,270,0,0,0
0,19.36492,0,0,0,270,0,0,0
0,19.36997,0,0,0,270,0,0,0
0,19.37677,0,0,0,270,0,0,0
0,19.38379,0,0,0,270,0,0,0
0,19.38932,0,0,0,270,0,0,0
0,19.39634,0,0,0,270,0,0,0
0,19.403,0,0,0,270,0,0,0
0,19.40965,0,0,0,270,0,0,0
0,19.41597,0,0,0,270,0,0,0
0,19.42081,0,0,0,270,0,0,0
0,19.42657,0,0,0,270,0,0,0
0,19.43149,0,0,0,270,0,0,0
0,19.43687,0,0,0,270,0,0,0
0,19.44339,0,0,0,270,0,0,0
0,19.44909,0,0,0,270,0,0,0
0,19.4556,0,0,0,270,0,0,0
0,19.46417,0,0,0,270,0,0,0
0,19.47279,0,0,0,270,0,0,0
0,19.47844,0,0,0,270,0,0,0
0,19.48538,0,0,0,270,0,0,0
0,19.49164,0,0,0,270,0,0,0
0,19.49838,0,0,0,270,0,0,0
0,19.50502,0,0,0,270,0,0,0
0,19.50982,0,0,0,270,0,0,0
0,19.51571,0,0,0,270,0,0,0
0,19.52127,0,0,0,270,0,0,0
0,19.52697,0,0,0,270,0,0,0
0,19.53214,0,0,0,270,0,0,0
0,19.53833,0,0,0,270,0,0,0
0,19.54345,0,0,0,270,0,0,0
0,19.5486,0,0,0,270,0,0,0
0,19.55478,0,0,0,270,0,0,0
0,19.56084,0,0,0,270,0,0,0
0,19.56684,0,0,0,270,0,0,0
0,19.57248,0,0,0,270,0,0,0
0,19.57824,0,0,0,270,0,0,0
0,19.58372,0,0,0,270,0,0,0
0,19.58829,0,0,0,270,0,0,0
0,19.59314,0,0,0,270,0,0,0
0,19.59901,0,0,0,270,0,0,0
0,19.6043,0,0,0,270,0,0,0
0,19.61036,0,0,0,270,0,0,0
0,19.61646,0,0,0,270,0,0,0
0,19.62182,0,0,0,270,0,0,0
0,19.62726,0,0,0,270,0,0,0
0,19.63388,0,0,0,270,0,0,0
0,19.64001,0,0,0,270,0,0,0
0,19.64617,0,0,0,270,0,0,0
0,19.65128,0,0,0,270,0,0,0
0,19.65674,0,0,0,270,0,0,0
0,19.66275,0,0,0,270,0,0,0
0,19.66712,0,0,0,270,0,0,0
0,19.67199,0,0,0,270,0,0,0
0,19.6774,0,0,0,270,0,0,0
0,19.68304,0,0,0,270,0,0,0
0,19.68834,0,0,0,270,0,0,0
0,19.69525,0,0,0,270,0,0,0
0,19.70155,0,0,0,270,0,0,0
0,19.70775,0,0,0,270,0,0,0
0,19.71306,0,0,0,270,0,0,0
0,19.71841,0,0,0,270,0,0,0
0,19.72442,0,0,0,270,0,0,0
0,19.72959,0,0,0,270,0,0,0
0,19.73405,0,0,0,270,0,0,0
0,19.73934,0,0,0,270,0,0,0
0,19.74448,0,0,0,270,0,0,0
0,19.74905,0,0,0,270,0,0,0
0,19.75671,0,0,0,270,0,0,0
0,19.76321,0,0,0,270,0,0,0
0,19.76912,0,0,0,270,0,0,0
0,19.77466,0,0,0,270,0,0,0
0,19.78072,0,0,0,270,0,0,0
0,19.7867,0,0,0,270,0,0,0
0,19.79245,0,0,0,270,0,0,0
0,19.79848,0,0,0,270,0,0,0
0,19.80344,0,0,0,270,0,0,0
0,19.80864,0,0,0,270,0,0,0
0,19.81455,0,0,0,270,0,0,0
0,19.82008,0,0,0,270,0,0,0
0,19.8259,0,0,0,270,0,0,0
0,19.83146,0,0,0,270,0,0,0
0,19.83644,0,0,0,270,0,0,0
0,19.84169,0,0,0,270,0,0,0
0,19.84782,0,0,0,270,0,0,0
0,19.85359,0,0,0,270,0,0,0
0,19.8591,0,0,0,270,0,0,0
0,19.86525,0,0,0,270,0,0,0
0,19.87113,0,0,0,270,0,0,0
0,19.87718,0,0,0,270,0,0,0
0,19.88279,0,0,0,270,0,0,0
0,19.8874,0,0,0,270,0,0,0
0,19.89361,0,0,0,270,0,0,0
0,19.89952,0,0,0,270,0,0,0
0,19.90427,0,0,0,270,0,0,0
0,19.90949,0,0,0,270,0,0,0
0,19.91595,0,0,0,270,0,0,0
0,19.91998,0,0,0,270,0,0,0
0,19.92531,0,0,0,270,0,0,0
0,19.93023,0,0,0,270,0,0,0
0,19.93561,0,0,0,270,0,0,0
0,19.9427,0,0,0,270,0,0,0
0,19.94967,0,0,0,270,0,0,0
0,19.96011,0,0,0,270,0,0,0
0,19.96717,0,0,0,270,0,0,0
0,19.97486,0,0,0,270,0,0,0
0,19.98068,0,0,0,270,0,0,0
0,19.9866,0,0,0,270,0,0,0
0,19.99211,0,0,0,270,0,0,0
0,19.99858,0,0,0,270,0,0,0
0,20.00532,0,0,0,270,0,0,0
0,20.01118,0,0,0,270,0,0,0
0,20.01674,0,0,0,270,0,0,0
0,20.02234,0,0,0,270,0,0,0
0,20.02776,0,0,0,270,0,0,0
0,20.03305,0,0,0,270,0,0,0
0,20.03946,0,0,0,270,0,0,0
0,20.04488,0,0,0,270,0,0,0
0,20.04989,0,0,0,270,0,0,0
0,20.05439,0,0,0,270,0,0,0
0,20.05988,0,0,0,270,0,0,0
0,20.06467,0,0,0,270,0,0,0
0,20.06913,0,0,0,270,0,0,0
0,20.07499,0,0,0,270,0,0,0
0,20.08081,0,0,0,270,0,0,0
0,20.08603,0,0,0,270,0,0,0
0,20.09249,0,0,0,270,0,0,0
0,20.09938,0,0,0,270,0,0,0
0,20.10488,0,0,0,270,0,0,0
0,20.11093,0,0,0,270,0,0,0
0,20.11647,0,0,0,270,0,0,0
0,20.12123,0,0,0,270,0,0,0
0,20.12651,0,0,0,270,0,0,0
0,20.13146,0,0,0,270,0,0,0
0,20.13586,0,0,0,270,0,0,0
0,20.14083,0,0,0,270,0,0,0
0,20.14619,0,0,0,270,0,0,0
0,20.15174,0,0,0,270,0,0,0
0,20.16021,0,0,0,270,0,0,0
0,20.16607,0,0,0,270,0,0,0
0,20.17145,0,0,0,270,0,0,0
0,20.17675,0,0,0,270,0,0,0
0,20.18204,0,0,0,270,0,0,0
0,20.18668,0,0,0,270,0,0,0
0,20.1918,0,0,0,270,0,0,0
0,20.19891,0,0,0,270,0,0,0
0,20.20557,0,0,0,270,0,0,0
0,20.21155,0,0,0,270,0,0,0
0,20.21816,0,0,0,270,0,0,0
0,20.2243,0,0,0,270,0,0,0
0,20.22954,0,0,0,270,0,0,0
0,20.23454,0,0,0,270,0,0,0
0,20.24601,0,0,0,270,0,0,0
0,20.25123,0,0,0,270,0,0,0
0,20.2574,0,0,0,270,0,0,0
0,20.26322,0,0,0,270,0,0,0
0,20.2693,0,0,0,270,0,0,0
0,20.2749,0,0,0,270,0,0,0
0,20.28053,0,0,0,270,0,0,0
0,20.28703,0,0,0,270,0,0,0
0,20.29244,0,0,0,270,0,0,0
0,20.2993,0,0,0,270,0,0,0
0,20.30549,0,0,0,270,0,0,0
0,20.31166,0,0,0,270,0,0,0
0,20.31822,0,0,0,270,0,0,0
0,20.32396,0,0,0,270,0,0,0
0,20.33072,0,0,0,270,0,0,0
0,20.3377,0,0,0,270,0,0,0
0,20.34394,0,0,0,270,0,0,0
0,20.35046,0,0,0,270,0,0,0
0,20.35644,0,0,0,270,0,0,0
0,20.36491,0,0,0,270,0,0,0
0,20.37032,0,0,0,270,0,0,0
0,20.37617,0,0,0,270,0,0,0
0,20.38221,0,0,0,270,0,0,0
0,20.38788,0,0,0,270,0,0,0
0,20.39348,0,0,0,270,0,0,0
0,20.39972,0,0,0,270,0,0,0
0,20.40644,0,0,0,270,0,0,0
0,20.41313,0,0,0,270,0,0,0
0,20.41935,0,0,0,270,0,0,0
0,20.42458,0,0,0,270,0,0,0
0,20.43155,0,0,0,270,0,0,0
0,20.43803,0,0,0,270,0,0,0
0,20.44404,0,0,0,270,0,0,0
0,20.45013,0,0,0,270,0,0,0
0,20.45502,0,0,0,270,0,0,0
0,20.46076,0,0,0,270,0,0,0
0,20.46659,0,0,0,270,0,0,0
0,20.47318,0,0,0,270,0,0,0
0,20.48014,0,0,0,270,0,0,0
0,20.48768,0,0,0,270,0,0,0
0,20.49479,0,0,0,270,0,0,0
0,20.50096,0,0,0,270,0,0,0
0,20.50876,0,0,0,270,0,0,0
0,20.51633,0,0,0,270,0,0,0
0,20.52307,0,0,0,270,0,0,0
0,20.52946,0,0,0,270,0,0,0
0,20.53629,0,0,0,270,0,0,0
0,20.54377,0,0,0,270,0,0,0
0,20.54971,0,0,0,270,0,0,0
0,20.55601,0,0,0,270,0,0,0
0,20.56229,0,0,0,270,0,0,0
0,20.57181,0,0,0,270,0,0,0
0,20.57853,0,0,0,270,0,0,0
0,20.5864,0,0,0,270,0,0,0
0,20.59237,0,0,0,270,0,0,0
0,20.59883,0,0,0,270,0,0,0
0,20.60575,0,0,0,270,0,0,0
0,20.61263,0,0,0,270,0,0,0
0,20.6189,0,0,0,270,0,0,0
0,20.6237,0,0,0,270,0,0,0
0,20.62986,0,0,0,270,0,0,0
0,20.63579,0,0,0,270,0,0,0
0,20.64345,0,0,0,270,0,0,0
0,20.65056,0,0,0,270,0,0,0
0,20.65682,0,0,0,270,0,0,0
0,20.66313,0,0,0,270,0,0,0
0,20.6679,0,0,0,270,0,0,0
0,20.673,0,0,0,270,0,0,0
0,20.67759,0,0,0,270,0,0,0
0,20.68328,0,0,0,270,0,0,0
0,20.68812,0,0,0,270,0,0,0
0,20.69366,0,0,0,270,0,0,0
0,20.69979,0,0,0,270,0,0,0
0,20.70595,0,0,0,270,0,0,0
0,20.71181,0,0,0,270,0,0,0
0,20.71714,0,0,0,270,0,0,0
0,20.72198,0,0,0,270,0,0,0
0,20.72746,0,0,0,270,0,0,0
0,20.73251,0,0,0,270,0,0,0
0,20.73812,0,0,0,270,0,0,0
0,20.74275,0,0,0,270,0,0,0
0,20.74775,0,0,0,270,0,0,0
0,20.75355,0,0,0,270,0,0,0
0,20.75821,0,0,0,270,0,0,0
0,20.76328,0,0,0,270,0,0,0
0,20.77124,0,0,0,270,0,0,0
0,20.77713,0,0,0,270,0,0,0
0,20.78415,0,0,0,270,0,0,0
0,20.79034,0,0,0,270,0,0,0
0,20.79698,0,0,0,270,0,0,0
0,20.80256,0,0,0,270,0,0,0
0,20.80838,0,0,0,270,0,0,0
0,20.81252,0,0,0,270,0,0,0
0,20.818,0,0,0,270,0,0,0
0,20.82254,0,0,0,270,0,0,0
0,20.82756,0,0,0,270,0,0,0
0,20.83258,0,0,0,270,0,0,0
0,20.83781,0,0,0,270,0,0,0
0,20.84323,0,0,0,270,0,0,0
0,20.84925,0,0,0,270,0,0,0
0,20.85432,0,0,0,270,0,0,0
0,20.85983,0,0,0,270,0,0,0
0,20.86589,0,0,0,270,0,0,0
0,20.87238,0,0,0,270,0,0,0
0,20.87919,0,0,0,270,0,0,0
0,20.88557,0,0,0,270,0,0,0
0,20.89058,0,0,0,270,0,0,0
0,20.89677,0,0,0,270,0,0,0
0,20.90279,0,0,0,270,0,0,0
0,20.90892,0,0,0,270,0,0,0
0,20.91463,0,0,0,270,0,0,0
0,20.9202,0,0,0,270,0,0,0
0,20.92548,0,0,0,270,0,0,0
0,20.93144,0,0,0,270,0,0,0
0,20.9376,0,0,0,270,0,0,0
0,20.94291,0,0,0,270,0,0,0
0,20.94748,0,0,0,270,0,0,0
0,20.9525,0,0,0,270,0,0,0
0,20.95834,0,0,0,270,0,0,0
0,20.96539,0,0,0,270,0,0,0
0,20.97497,0,0,0,270,0,0,0
0,20.98252,0,0,0,270,0,0,0
0,20.99214,0,0,0,270,0,0,0
0,20.99911,0,0,0,270,0,0,0
0,21.00571,0,0,0,270,0,0,0
0,21.01185,0,0,0,270,0,0,0
0,21.01912,0,0,0,270,0,0,0
0,21.02509,0,0,0,270,0,0,0
0,21.0307,0,0,0,270,0,0,0
0,21.0367,0,0,0,270,0,0,0
0,21.04249,0,0,0,270,0,0,0
0,21.04888,0,0,0,270,0,0,0
0,21.05406,0,0,0,270,0,0,0
0,21.06023,0,0,0,270,0,0,0
0,21.06613,0,0,0,270,0,0,0
0,21.07185,0,0,0,270,0,0,0
0,21.07727,0,0,0,270,0,0,0
0,21.08387,0,0,0,270,0,0,0
0,21.08969,0,0,0,270,0,0,0
0,21.0968,0,0,0,270,0,0,0
0,21.10353,0,0,0,270,0,0,0
0,21.11026,0,0,0,270,0,0,0
0,21.11595,0,0,0,270,0,0,0
0,21.12109,0,0,0,270,0,0,0
0,21.12775,0,0,0,270,0,0,0
0,21.13311,0,0,0,270,0,0,0
0,21.13836,0,0,0,270,0,0,0
0,21.14427,0,0,0,270,0,0,0
0,21.14964,0,0,0,270,0,0,0
0,21.15488,0,0,0,270,0,0,0
0,21.16128,0,0,0,270,0,0,0
0,21.16645,0,0,0,270,0,0,0
0,21.17411,0,0,0,270,0,0,0
0,21.17885,0,0,0,270,0,0,0
0,21.18372,0,0,0,270,0,0,0
0,21.18977,0,0,0,270,0,0,0
0,21.19599,0,0,0,270,0,0,0
0,21.20126,0,0,0,270,0,0,0
0,21.20733,0,0,0,270,0,0,0
0,21.21235,0,0,0,270,0,0,0
0,21.21854,0,0,0,270,0,0,0
0,21.22444,0,0,0,270,0,0,0
0,21.23034,0,0,0,270,0,0,0
0,21.23618,0,0,0,270,0,0,0
0,21.24222,0,0,0,270,0,0,0
0,21.24715,0,0,0,270,0,0,0
0,21.25288,0,0,0,270,0,0,0
0,21.25777,0,0,0,270,0,0,0
0,21.26299,0,0,0,270,0,0,0
0,21.26863,0,0,0,270,0,0,0
0,21.27382,0,0,0,270,0,0,0
0,21.27837,0,0,0,270,0,0,0
0,21.28369,0,0,0,270,0,0,0
0,21.28894,0,0,0,270,0,0,0
0,21.29562,0,0,0,270,0,0,0
0,21.30145,0,0,0,270,0,0,0
0,21.30679,0,0,0,270,0,0,0
0,21.31219,0,0,0,270,0,0,0
0,21.31964,0,0,0,270,0,0,0
0,21.32446,0,0,0,270,0,0,0
0,21.33088,0,0,0,270,0,0,0
0,21.33646,0,0,0,270,0,0,0
0,21.34129,0,0,0,270,0,0,0
0,21.34608,0,0,0,270,0,0,0
0,21.3518,0,0,0,270,0,0,0
0,21.35756,0,0,0,270,0,0,0
0,21.36287,0,0,0,270,0,0,0
0,21.37492,0,0,0,270,0,0,0
0,21.39826,0,0,0,270,0,0,0
0,21.40426,0,0,0,270,0,0,0
0,21.41009,0,0,0,270,0,0,0
0,21.41718,0,0,0,270,0,0,0
0,21.42306,0,0,0,270,0,0,0
0,21.42944,0,0,0,270,0,0,0
0,21.43474,0,0,0,270,0,0,0
0,21.44131,0,0,0,270,0,0,0
0,21.44646,0,0,0,270,0,0,0
0,21.45152,0,0,0,270,0,0,0
0,21.45779,0,0,0,270,0,0,0
0,21.46262,0,0,0,270,0,0,0
0,21.46764,0,0,0,270,0,0,0
0,21.47317,0,0,0,270,0,0,0
0,21.47774,0,0,0,270,0,0,0
0,21.48341,0,0,0,270,0,0,0
0,21.48886,0,0,0,270,0,0,0
0,21.4957,0,0,0,270,0,0,0
0,21.50129,0,0,0,270,0,0,0
0,21.50692,0,0,0,270,0,0,0
0,21.51174,0,0,0,270,0,0,0
0,21.51798,0,0,0,270,0,0,0
0,21.5236,0,0,0,270,0,0,0
0,21.52908,0,0,0,270,0,0,0
0,21.53472,0,0,0,270,0,0,0
0,21.54091,0,0,0,270,0,0,0
0,21.54648,0,0,0,270,0,0,0
0,21.55218,0,0,0,270,0,0,0
0,21.55743,0,0,0,270,0,0,0
0,21.56377,0,0,0,270,0,0,0
0,21.56936,0,0,0,270,0,0,0
0,21.57567,0,0,0,270,0,0,0
0,21.58518,0,0,0,270,0,0,0
0,21.59045,0,0,0,270,0,0,0
0,21.59551,0,0,0,270,0,0,0
0,21.60137,0,0,0,270,0,0,0
0,21.60742,0,0,0,270,0,0,0
0,21.61308,0,0,0,270,0,0,0
0,21.61898,0,0,0,270,0,0,0
0,21.62529,0,0,0,270,0,0,0
0,21.63202,0,0,0,270,0,0,0
0,21.63943,0,0,0,270,0,0,0
0,21.64502,0,0,0,270,0,0,0
0,21.65168,0,0,0,270,0,0,0
0,21.65907,0,0,0,270,0,0,0
0,21.66513,0,0,0,270,0,0,0
0,21.67048,0,0,0,270,0,0,0
0,21.67757,0,0,0,270,0,0,0
0,21.68294,0,0,0,270,0,0,0
0,21.68811,0,0,0,270,0,0,0
0,21.69443,0,0,0,270,0,0,0
0,21.69992,0,0,0,270,0,0,0
0,21.70603,0,0,0,270,0,0,0
0,21.71178,0,0,0,270,0,0,0
0,21.71884,0,0,0,270,0,0,0
0,21.72596,0,0,0,270,0,0,0
0,21.73417,0,0,0,270,0,0,0
0,21.74228,0,0,0,270,0,0,0
0,21.75055,0,0,0,270,0,0,0
0,21.75848,0,0,0,270,0,0,0
0,21.76588,0,0,0,270,0,0,0
0,21.77402,0,0,0,270,0,0,0
0,21.77997,0,0,0,270,0,0,0
0,21.79059,0,0,0,270,0,0,0
0,21.79751,0,0,0,270,0,0,0
0,21.80546,0,0,0,270,0,0,0
0,21.81268,0,0,0,270,0,0,0
0,21.82105,0,0,0,270,0,0,0
0,21.82895,0,0,0,270,0,0,0
0,21.83632,0,0,0,270,0,0,0
0,21.84383,0,0,0,270,0,0,0
0,21.85095,0,0,0,270,0,0,0
0,21.8571,0,0,0,270,0,0,0
0,21.86288,0,0,0,270,0,0,0
0,21.86844,0,0,0,270,0,0,0
0,21.87433,0,0,0,270,0,0,0
0,21.8795,0,0,0,270,0,0,0
0,21.88562,0,0,0,270,0,0,0
0,21.89135,0,0,0,270,0,0,0
0,21.89705,0,0,0,270,0,0,0
0,21.90237,0,0,0,270,0,0,0
0,21.90878,0,0,0,270,0,0,0
0,21.91392,0,0,0,270,0,0,0
0,21.91907,0,0,0,270,0,0,0
0,21.92378,0,0,0,270,0,0,0
0,21.92935,0,0,0,270,0,0,0
0,21.93515,0,0,0,270,0,0,0
0,21.94146,0,0,0,270,0,0,0
0,21.94771,0,0,0,270,0,0,0
0,21.95386,0,0,0,270,0,0,0
0,21.96017,0,0,0,270,0,0,0
0,21.96666,0,0,0,270,0,0,0
0,21.97429,0,0,0,270,0,0,0
0,21.98017,0,0,0,270,0,0,0
0,21.98777,0,0,0,270,0,0,0
0,21.99446,0,0,0,270,0,0,0
0,21.99989,0,0,0,270,0,0,0
0,22.00662,0,0,0,270,0,0,0
0,22.0134,0,0,0,270,0,0,0
0,22.02014,0,0,0,270,0,0,0
0,22.02577,0,0,0,270,0,0,0
0,22.03212,0,0,0,270,0,0,0
0,22.03864,0,0,0,270,0,0,0
0,22.0437,0,0,0,270,0,0,0
0,22.04971,0,0,0,270,0,0,0
0,22.05587,0,0,0,270,0,0,0
0,22.06109,0,0,0,270,0,0,0
0,22.0666,0,0,0,270,0,0,0
0,22.07197,0,0,0,270,0,0,0
0,22.07762,0,0,0,270,0,0,0
0,22.08335,0,0,0,270,0,0,0
0,22.08915,0,0,0,270,0,0,0
0,22.09481,0,0,0,270,0,0,0
0,22.10015,0,0,0,270,0,0,0
0,22.10541,0,0,0,270,0,0,0
0,22.11016,0,0,0,270,0,0,0
0,22.11587,0,0,0,270,0,0,0
0,22.12107,0,0,0,270,0,0,0
0,22.12813,0,0,0,270,0,0,0
0,22.13435,0,0,0,270,0,0,0
0,22.14088,0,0,0,270,0,0,0
0,22.14641,0,0,0,270,0,0,0
0,22.1515,0,0,0,270,0,0,0
0,22.15599,0,0,0,270,0,0,0
0,22.16239,0,0,0,270,0,0,0
0,22.1675,0,0,0,270,0,0,0
0,22.17418,0,0,0,270,0,0,0
0,22.18074,0,0,0,270,0,0,0
0,22.18823,0,0,0,270,0,0,0
0,22.19487,0,0,0,270,0,0,0
0,22.2011,0,0,0,270,0,0,0
0,22.20818,0,0,0,270,0,0,0
0,22.21364,0,0,0,270,0,0,0
0,22.21966,0,0,0,270,0,0,0
0,22.22526,0,0,0,270,0,0,0
0,22.23081,0,0,0,270,0,0,0
0,22.2377,0,0,0,270,0,0,0
0,22.2437,0,0,0,270,0,0,0
0,22.25022,0,0,0,270,0,0,0
0,22.25624,0,0,0,270,0,0,0
0,22.26302,0,0,0,270,0,0,0
0,22.26925,0,0,0,270,0,0,0
0,22.27508,0,0,0,270,0,0,0
0,22.2806,0,0,0,270,0,0,0
0,22.28722,0,0,0,270,0,0,0
0,22.29369,0,0,0,270,0,0,0
0,22.30026,0,0,0,270,0,0,0
0,22.30874,0,0,0,270,0,0,0
0,22.31678,0,0,0,270,0,0,0
0,22.32464,0,0,0,270,0,0,0
0,22.33326,0,0,0,270,0,0,0
0,22.3406,0,0,0,270,0,0,0
0,22.34726,0,0,0,270,0,0,0
0,22.35336,0,0,0,270,0,0,0
0,22.35909,0,0,0,270,0,0,0
0,22.36482,0,0,0,270,0,0,0
0,22.37065,0,0,0,270,0,0,0
0,22.37584,0,0,0,270,0,0,0
0,22.38109,0,0,0,270,0,0,0
0,22.38825,0,0,0,270,0,0,0
0,22.39495,0,0,0,270,0,0,0
0,22.40047,0,0,0,270,0,0,0
0,22.40694,0,0,0,270,0,0,0
0,22.41188,0,0,0,270,0,0,0
0,22.41798,0,0,0,270,0,0,0
0,22.42396,0,0,0,270,0,0,0
0,22.43045,0,0,0,270,0,0,0
0,22.43554,0,0,0,270,0,0,0
0,22.44238,0,0,0,270,0,0,0
0,22.44876,0,0,0,270,0,0,0
0,22.45465,0,0,0,270,0,0,0
0,22.45992,0,0,0,270,0,0,0
0,22.46455,0,0,0,270,0,0,0
0,22.46965,0,0,0,270,0,0,0
0,22.47474,0,0,0,270,0,0,0
0,22.47948,0,0,0,270,0,0,0
0,22.48497,0,0,0,270,0,0,0
0,22.49053,0,0,0,270,0,0,0
0,22.49597,0,0,0,270,0,0,0
0,22.50228,0,0,0,270,0,0,0
0,22.50855,0,0,0,270,0,0,0
0,22.51445,0,0,0,270,0,0,0
0,22.5217,0,0,0,270,0,0,0
0,22.52807,0,0,0,270,0,0,0
0,22.53464,0,0,0,270,0,0,0
0,22.54104,0,0,0,270,0,0,0
0,22.54793,0,0,0,270,0,0,0
0,22.55439,0,0,0,270,0,0,0
0,22.56002,0,0,0,270,0,0,0
0,22.566,0,0,0,270,0,0,0
0,22.57099,0,0,0,270,0,0,0
0,22.57563,0,0,0,270,0,0,0
0,22.58123,0,0,0,270,0,0,0
0,22.58809,0,0,0,270,0,0,0
0,22.59441,0,0,0,270,0,0,0
0,22.60014,0,0,0,270,0,0,0
0,22.60574,0,0,0,270,0,0,0
0,22.61203,0,0,0,270,0,0,0
0,22.61895,0,0,0,270,0,0,0
0,22.62412,0,0,0,270,0,0,0
0,22.62989,0,0,0,270,0,0,0
0,22.63484,0,0,0,270,0,0,0
0,22.64044,0,0,0,270,0,0,0
0,22.64654,0,0,0,270,0,0,0
0,22.65284,0,0,0,270,0,0,0
0,22.65911,0,0,0,270,0,0,0
0,22.66512,0,0,0,270,0,0,0
0,22.66987,0,0,0,270,0,0,0
0,22.67594,0,0,0,270,0,0,0
0,22.68251,0,0,0,270,0,0,0
0,22.68768,0,0,0,270,0,0,0
0,22.69437,0,0,0,270,0,0,0
0,22.69943,0,0,0,270,0,0,0
0,22.70493,0,0,0,270,0,0,0
0,22.70934,0,0,0,270,0,0,0
0,22.71415,0,0,0,270,0,0,0
0,22.719,0,0,0,270,0,0,0
0,22.72507,0,0,0,270,0,0,0
0,22.73103,0,0,0,270,0,0,0
0,22.73604,0,0,0,270,0,0,0
0,22.74172,0,0,0,270,0,0,0
0,22.74703,0,0,0,270,0,0,0
0,22.75275,0,0,0,270,0,0,0
0,22.75911,0,0,0,270,0,0,0
0,22.76448,0,0,0,270,0,0,0
0,22.76936,0,0,0,270,0,0,0
0,22.77444,0,0,0,270,0,0,0
0,22.78043,0,0,0,270,0,0,0
0,22.7864,0,0,0,270,0,0,0
0,22.79209,0,0,0,270,0,0,0
0,22.79764,0,0,0,270,0,0,0
0,22.80327,0,0,0,270,0,0,0
0,22.80922,0,0,0,270,0,0,0
0,22.81611,0,0,0,270,0,0,0
0,22.82178,0,0,0,270,0,0,0
0,22.82907,0,0,0,270,0,0,0
0,22.83717,0,0,0,270,0,0,0
0,22.84369,0,0,0,270,0,0,0
0,22.85079,0,0,0,270,0,0,0
0,22.85784,0,0,0,270,0,0,0
0,22.86454,0,0,0,270,0,0,0
0,22.86908,0,0,0,270,0,0,0
0,22.87513,0,0,0,270,0,0,0
0,22.88138,0,0,0,270,0,0,0
0,22.88808,0,0,0,270,0,0,0
0,22.89546,0,0,0,270,0,0,0
0,22.90132,0,0,0,270,0,0,0
0,22.90841,0,0,0,270,0,0,0
0,22.91397,0,0,0,270,0,0,0
0,22.9201,0,0,0,270,0,0,0
0,22.92692,0,0,0,270,0,0,0
0,22.93293,0,0,0,270,0,0,0
0,22.93851,0,0,0,270,0,0,0
0,22.94509,0,0,0,270,0,0,0
0,22.95084,0,0,0,270,0,0,0
0,22.95672,0,0,0,270,0,0,0
0,22.96222,0,0,0,270,0,0,0
0,22.96965,0,0,0,270,0,0,0
0,22.97707,0,0,0,270,0,0,0
0,22.9837,0,0,0,270,0,0,0
0,22.99011,0,0,0,270,0,0,0
0,22.99958,0,0,0,270,0,0,0
0,23.00656,0,0,0,270,0,0,0
0,23.01344,0,0,0,270,0,0,0
0,23.01993,0,0,0,270,0,0,0
0,23.02717,0,0,0,270,0,0,0
0,23.03393,0,0,0,270,0,0,0
0,23.04063,0,0,0,270,0,0,0
0,23.04602,0,0,0,270,0,0,0
0,23.05378,0,0,0,270,0,0,0
0,23.05931,0,0,0,270,0,0,0
0,23.06597,0,0,0,270,0,0,0
0,23.07184,0,0,0,270,0,0,0
0,23.07886,0,0,0,270,0,0,0
0,23.08603,0,0,0,270,0,0,0
0,23.09242,0,0,0,270,0,0,0
0,23.09868,0,0,0,270,0,0,0
0,23.10537,0,0,0,270,0,0,0
0,23.11225,0,0,0,270,0,0,0
0,23.11793,0,0,0,270,0,0,0
0,23.12334,0,0,0,270,0,0,0
0,23.1295,0,0,0,270,0,0,0
0,23.13506,0,0,0,270,0,0,0
0,23.13988,0,0,0,270,0,0,0
0,23.14497,0,0,0,270,0,0,0
0,23.15031,0,0,0,270,0,0,0
0,23.15527,0,0,0,270,0,0,0
0,23.16105,0,0,0,270,0,0,0
0,23.16679,0,0,0,270,0,0,0
0,23.17201,0,0,0,270,0,0,0
0,23.17714,0,0,0,270,0,0,0
0,23.18282,0,0,0,270,0,0,0
0,23.18921,0,0,0,270,0,0,0
0,23.19488,0,0,0,270,0,0,0
0,23.20114,0,0,0,270,0,0,0
0,23.20597,0,0,0,270,0,0,0
0,23.21055,0,0,0,270,0,0,0
0,23.21595,0,0,0,270,0,0,0
0,23.22088,0,0,0,270,0,0,0
0,23.22672,0,0,0,270,0,0,0
0,23.23167,0,0,0,270,0,0,0
0,23.23693,0,0,0,270,0,0,0
0,23.24367,0,0,0,270,0,0,0
0,23.24927,0,0,0,270,0,0,0
0,23.25431,0,0,0,270,0,0,0
0,23.25926,0,0,0,270,0,0,0
0,23.26558,0,0,0,270,0,0,0
0,23.27087,0,0,0,270,0,0,0
0,23.27731,0,0,0,270,0,0,0
0,23.28411,0,0,0,270,0,0,0
0,23.28945,0,0,0,270,0,0,0
0,23.29535,0,0,0,270,0,0,0
0,23.30041,0,0,0,270,0,0,0
0,23.3057,0,0,0,270,0,0,0
0,23.31172,0,0,0,270,0,0,0
0,23.31786,0,0,0,270,0,0,0
0,23.32318,0,0,0,270,0,0,0
0,23.32989,0,0,0,270,0,0,0
0,23.33532,0,0,0,270,0,0,0
0,23.3415,0,0,0,270,0,0,0
0,23.34734,0,0,0,270,0,0,0
0,23.35476,0,0,0,270,0,0,0
0,23.36217,0,0,0,270,0,0,0
0,23.36868,0,0,0,270,0,0,0
0,23.3753,0,0,0,270,0,0,0
0,23.38082,0,0,0,270,0,0,0
0,23.38723,0,0,0,270,0,0,0
0,23.39438,0,0,0,270,0,0,0
0,23.4009,0,0,0,270,0,0,0
0,23.41077,0,0,0,270,0,0,0
0,23.41607,0,0,0,270,0,0,0
0,23.42148,0,0,0,270,0,0,0
0,23.42831,0,0,0,270,0,0,0
0,23.43397,0,0,0,270,0,0,0
0,23.44041,0,0,0,270,0,0,0
0,23.44547,0,0,0,270,0,0,0
0,23.45156,0,0,0,270,0,0,0
0,23.45815,0,0,0,270,0,0,0
0,23.4649,0,0,0,270,0,0,0
0,23.47109,0,0,0,270,0,0,0
0,23.47616,0,0,0,270,0,0,0
0,23.48291,0,0,0,270,0,0,0
0,23.4897,0,0,0,270,0,0,0
0,23.49718,0,0,0,270,0,0,0
0,23.50355,0,0,0,270,0,0,0
0,23.5112,0,0,0,270,0,0,0
0,23.51791,0,0,0,270,0,0,0
0,23.52419,0,0,0,270,0,0,0
0,23.52937,0,0,0,270,0,0,0
0,23.53481,0,0,0,270,0,0,0
0,23.54017,0,0,0,270,0,0,0
0,23.54591,0,0,0,270,0,0,0
0,23.55205,0,0,0,270,0,0,0
0,23.55723,0,0,0,270,0,0,0
0,23.56269,0,0,0,270,0,0,0
0,23.56928,0,0,0,270,0,0,0
0,23.57549,0,0,0,270,0,0,0
0,23.58288,0,0,0,270,0,0,0
0,23.58887,0,0,0,270,0,0,0
0,23.59529,0,0,0,270,0,0,0
0,23.60105,0,0,0,270,0,0,0
0,23.60876,0,0,0,270,0,0,0
0,23.6138,0,0,0,270,0,0,0
0,23.61893,0,0,0,270,0,0,0
0,23.62343,0,0,0,270,0,0,0
0,23.62927,0,0,0,270,0,0,0
0,23.6346,0,0,0,270,0,0,0
0,23.64014,0,0,0,270,0,0,0
0,23.64576,0,0,0,270,0,0,0
0,23.65177,0,0,0,270,0,0,0
0,23.65717,0,0,0,270,0,0,0
0,23.6636,0,0,0,270,0,0,0
0,23.66966,0,0,0,270,0,0,0
0,23.67587,0,0,0,270,0,0,0
0,23.68105,0,0,0,270,0,0,0
0,23.68644,0,0,0,270,0,0,0
0,23.69224,0,0,0,270,0,0,0
0,23.69875,0,0,0,270,0,0,0
0,23.70531,0,0,0,270,0,0,0
0,23.71284,0,0,0,270,0,0,0
0,23.7195,0,0,0,270,0,0,0
0,23.72507,0,0,0,270,0,0,0
0,23.73105,0,0,0,270,0,0,0
0,23.73623,0,0,0,270,0,0,0
0,23.74231,0,0,0,270,0,0,0
0,23.7471,0,0,0,270,0,0,0
0,23.75209,0,0,0,270,0,0,0
0,23.75717,0,0,0,270,0,0,0
0,23.76313,0,0,0,270,0,0,0
0,23.76876,0,0,0,270,0,0,0
0,23.77475,0,0,0,270,0,0,0
0,23.77953,0,0,0,270,0,0,0
0,23.78554,0,0,0,270,0,0,0
0,23.7906,0,0,0,270,0,0,0
0,23.796,0,0,0,270,0,0,0
0,23.8006,0,0,0,270,0,0,0
0,23.80646,0,0,0,270,0,0,0
0,23.81327,0,0,0,270,0,0,0
0,23.81976,0,0,0,270,0,0,0
0,23.82472,0,0,0,270,0,0,0
0,23.83167,0,0,0,270,0,0,0
0,23.8379,0,0,0,270,0,0,0
0,23.84325,0,0,0,270,0,0,0
0,23.84884,0,0,0,270,0,0,0
0,23.85421,0,0,0,270,0,0,0
0,23.86013,0,0,0,270,0,0,0
0,23.86572,0,0,0,270,0,0,0
0,23.87168,0,0,0,270,0,0,0
0,23.87756,0,0,0,270,0,0,0
0,23.88381,0,0,0,270,0,0,0
0,23.88921,0,0,0,270,0,0,0
0,23.89482,0,0,0,270,0,0,0
0,23.89972,0,0,0,270,0,0,0
0,23.9052,0,0,0,270,0,0,0
0,23.91193,0,0,0,270,0,0,0
0,23.91863,0,0,0,270,0,0,0
0,23.92533,0,0,0,270,0,0,0
0,23.93147,0,0,0,270,0,0,0
0,23.9369,0,0,0,270,0,0,0
0,23.94239,0,0,0,270,0,0,0
0,23.94794,0,0,0,270,0,0,0
0,23.95403,0,0,0,270,0,0,0
0,23.95907,0,0,0,270,0,0,0
0,23.96441,0,0,0,270,0,0,0
0,23.96976,0,0,0,270,0,0,0
0,23.9748,0,0,0,270,0,0,0
0,23.97941,0,0,0,270,0,0,0
0,23.98412,0,0,0,270,0,0,0
0,23.98971,0,0,0,270,0,0,0
0,23.99574,0,0,0,270,0,0,0
0,24.00171,0,0,0,270,0,0,0
0,24.0071,0,0,0,270,0,0,0
0,24.01567,0,0,0,270,0,0,0
0,24.02099,0,0,0,270,0,0,0
0,24.03821,0,0,0,270,0,0,0
0,24.0447,0,0,0,270,0,0,0
0,24.05392,0,0,0,270,0,0,0
0,24.06059,0,0,0,270,0,0,0
0,24.06728,0,0,0,270,0,0,0
0,24.07265,0,0,0,270,0,0,0
0,24.07971,0,0,0,270,0,0,0
0,24.08663,0,0,0,270,0,0,0
0,24.0933,0,0,0,270,0,0,0
0,24.09885,0,0,0,270,0,0,0
0,24.10464,0,0,0,270,0,0,0
0,24.11161,0,0,0,270,0,0,0
0,24.12495,0,0,0,270,0,0,0
0,24.13761,0,0,0,270,0,0,0
0,24.15956,0,0,0,270,0,0,0
0,24.16604,0,0,0,270,0,0,0
0,24.17235,0,0,0,270,0,0,0
0,24.17865,0,0,0,270,0,0,0
0,24.18484,0,0,0,270,0,0,0
0,24.19144,0,0,0,270,0,0,0
0,24.19921,0,0,0,270,0,0,0
0,24.20559,0,0,0,270,0,0,0
0,24.21138,0,0,0,270,0,0,0
0,24.21889,0,0,0,270,0,0,0
0,24.22518,0,0,0,270,0,0,0
0,24.23139,0,0,0,270,0,0,0
0,24.23803,0,0,0,270,0,0,0
0,24.24495,0,0,0,270,0,0,0
0,24.25165,0,0,0,270,0,0,0
0,24.25801,0,0,0,270,0,0,0
0,24.26391,0,0,0,270,0,0,0
0,24.26932,0,0,0,270,0,0,0
0,24.27547,0,0,0,270,0,0,0
0,24.28122,0,0,0,270,0,0,0
0,24.2879,0,0,0,270,0,0,0
0,24.29424,0,0,0,270,0,0,0
0,24.3014,0,0,0,270,0,0,0
0,24.30792,0,0,0,270,0,0,0
0,24.31455,0,0,0,270,0,0,0
0,24.32047,0,0,0,270,0,0,0
0,24.32576,0,0,0,270,0,0,0
0,24.33213,0,0,0,270,0,0,0
0,24.33819,0,0,0,270,0,0,0
0,24.34445,0,0,0,270,0,0,0
0,24.35141,0,0,0,270,0,0,0
0,24.35781,0,0,0,270,0,0,0
0,24.36361,0,0,0,270,0,0,0
0,24.36887,0,0,0,270,0,0,0
0,24.37509,0,0,0,270,0,0,0
0,24.38221,0,0,0,270,0,0,0
0,24.38758,0,0,0,270,0,0,0
0,24.39477,0,0,0,270,0,0,0
0,24.39965,0,0,0,270,0,0,0
0,24.40579,0,0,0,270,0,0,0
0,24.41264,0,0,0,270,0,0,0
0,24.42018,0,0,0,270,0,0,0
0,24.42539,0,0,0,270,0,0,0
0,24.43093,0,0,0,270,0,0,0
0,24.43643,0,0,0,270,0,0,0
0,24.4433,0,0,0,270,0,0,0
0,24.44967,0,0,0,270,0,0,0
0,24.45544,0,0,0,270,0,0,0
0,24.46235,0,0,0,270,0,0,0
0,24.46829,0,0,0,270,0,0,0
0,24.4744,0,0,0,270,0,0,0
0,24.4791,0,0,0,270,0,0,0
0,24.4837,0,0,0,270,0,0,0
0,24.48974,0,0,0,270,0,0,0
0,24.4949,0,0,0,270,0,0,0
0,24.50004,0,0,0,270,0,0,0
0,24.50538,0,0,0,270,0,0,0
0,24.51118,0,0,0,270,0,0,0
0,24.51819,0,0,0,270,0,0,0
0,24.52367,0,0,0,270,0,0,0
0,24.52957,0,0,0,270,0,0,0
0,24.53596,0,0,0,270,0,0,0
0,24.54225,0,0,0,270,0,0,0
0,24.54863,0,0,0,270,0,0,0
0,24.55416,0,0,0,270,0,0,0
0,24.56078,0,0,0,270,0,0,0
0,24.56727,0,0,0,270,0,0,0
0,24.57329,0,0,0,270,0,0,0
0,24.58053,0,0,0,270,0,0,0
0,24.58684,0,0,0,270,0,0,0
0,24.59363,0,0,0,270,0,0,0
0,24.60022,0,0,0,270,0,0,0
0,24.60709,0,0,0,270,0,0,0
0,24.6138,0,0,0,270,0,0,0
0,24.62332,0,0,0,270,0,0,0
0,24.62886,0,0,0,270,0,0,0
0,24.64182,0,0,0,270,0,0,0
0,24.64707,0,0,0,270,0,0,0
0,24.65275,0,0,0,270,0,0,0
0,24.65913,0,0,0,270,0,0,0
0,24.66517,0,0,0,270,0,0,0
0,24.67133,0,0,0,270,0,0,0
0,24.67795,0,0,0,270,0,0,0
0,24.68527,0,0,0,270,0,0,0
0,24.69187,0,0,0,270,0,0,0
0,24.69883,0,0,0,270,0,0,0
0,24.70567,0,0,0,270,0,0,0
0,24.71219,0,0,0,270,0,0,0
0,24.72021,0,0,0,270,0,0,0
0,24.7281,0,0,0,270,0,0,0
0,24.73454,0,0,0,270,0,0,0
0,24.7408,0,0,0,270,0,0,0
0,24.74748,0,0,0,270,0,0,0
0,24.75495,0,0,0,270,0,0,0
0,24.7621,0,0,0,270,0,0,0
0,24.76766,0,0,0,270,0,0,0
0,24.7743,0,0,0,270,0,0,0
0,24.78085,0,0,0,270,0,0,0
0,24.78737,0,0,0,270,0,0,0
0,24.79404,0,0,0,270,0,0,0
0,24.80053,0,0,0,270,0,0,0
0,24.80594,0,0,0,270,0,0,0
0,24.81143,0,0,0,270,0,0,0
0,24.81824,0,0,0,270,0,0,0
0,24.82532,0,0,0,270,0,0,0
0,24.83178,0,0,0,270,0,0,0
0,24.83776,0,0,0,270,0,0,0
0,24.84318,0,0,0,270,0,0,0
0,24.84958,0,0,0,270,0,0,0
0,24.85522,0,0,0,270,0,0,0
0,24.86076,0,0,0,270,0,0,0
0,24.86739,0,0,0,270,0,0,0
0,24.87391,0,0,0,270,0,0,0
0,24.87995,0,0,0,270,0,0,0
0,24.8857,0,0,0,270,0,0,0
0,24.89121,0,0,0,270,0,0,0
0,24.89706,0,0,0,270,0,0,0
0,24.90253,0,0,0,270,0,0,0
0,24.90816,0,0,0,270,0,0,0
0,24.91428,0,0,0,270,0,0,0
0,24.91982,0,0,0,270,0,0,0
0,24.9249,0,0,0,270,0,0,0
0,24.93151,0,0,0,270,0,0,0
0,24.93657,0,0,0,270,0,0,0
0,24.94407,0,0,0,270,0,0,0
0,24.94933,0,0,0,270,0,0,0
0,24.95441,0,0,0,270,0,0,0
0,24.95975,0,0,0,270,0,0,0
0,24.96503,0,0,0,270,0,0,0
0,24.97084,0,0,0,270,0,0,0
0,24.97573,0,0,0,270,0,0,0
0,24.98072,0,0,0,270,0,0,0
0,24.98605,0,0,0,270,0,0,0
0,24.99155,0,0,0,270,0,0,0
0,24.99727,0,0,0,270,0,0,0
0,25.00203,0,0,0,270,0,0,0
0,25.0099,0,0,0,270,0,0,0
0,25.01643,0,0,0,270,0,0,0
0,25.02223,0,0,0,270,0,0,0
0,25.02908,0,0,0,270,0,0,0
0,25.03507,0,0,0,270,0,0,0
0,25.04151,0,0,0,270,0,0,0
0,25.05008,0,0,0,270,0,0,0
0,25.05585,0,0,0,270,0,0,0
0,25.06212,0,0,0,270,0,0,0
0,25.06957,0,0,0,270,0,0,0
0,25.07693,0,0,0,270,0,0,0
0,25.08253,0,0,0,270,0,0,0
0,25.08798,0,0,0,270,0,0,0
0,25.09462,0,0,0,270,0,0,0
0,25.10002,0,0,0,270,0,0,0
0,25.10465,0,0,0,270,0,0,0
0,25.10905,0,0,0,270,0,0,0
0,25.11411,0,0,0,270,0,0,0
0,25.11957,0,0,0,270,0,0,0
0,25.12569,0,0,0,270,0,0,0
0,25.13094,0,0,0,270,0,0,0
0,25.13502,0,0,0,270,0,0,0
0,25.1428,0,0,0,270,0,0,0
0,25.14921,0,0,0,270,0,0,0
0,25.15395,0,0,0,270,0,0,0
0,25.16022,0,0,0,270,0,0,0
0,25.16556,0,0,0,270,0,0,0
0,25.17191,0,0,0,270,0,0,0
0,25.17896,0,0,0,270,0,0,0
0,25.18626,0,0,0,270,0,0,0
0,25.19318,0,0,0,270,0,0,0
0,25.1986,0,0,0,270,0,0,0
0,25.20526,0,0,0,270,0,0,0
0,25.21117,0,0,0,270,0,0,0
0,25.21684,0,0,0,270,0,0,0
0,25.22362,0,0,0,270,0,0,0
0,25.23145,0,0,0,270,0,0,0
0,25.23665,0,0,0,270,0,0,0
0,25.24209,0,0,0,270,0,0,0
0,25.24651,0,0,0,270,0,0,0
0,25.25315,0,0,0,270,0,0,0
0,25.25888,0,0,0,270,0,0,0
0,25.26672,0,0,0,270,0,0,0
0,25.27521,0,0,0,270,0,0,0
0,25.28267,0,0,0,270,0,0,0
0,25.28882,0,0,0,270,0,0,0
0,25.29545,0,0,0,270,0,0,0
0,25.30211,0,0,0,270,0,0,0
0,25.30794,0,0,0,270,0,0,0
0,25.31352,0,0,0,270,0,0,0
0,25.32073,0,0,0,270,0,0,0
0,25.32801,0,0,0,270,0,0,0
0,25.33539,0,0,0,270,0,0,0
0,25.34175,0,0,0,270,0,0,0
0,25.34867,0,0,0,270,0,0,0
0,25.35464,0,0,0,270,0,0,0
0,25.36093,0,0,0,270,0,0,0
0,25.36675,0,0,0,270,0,0,0
0,25.37242,0,0,0,270,0,0,0
0,25.3797,0,0,0,270,0,0,0
0,25.38691,0,0,0,270,0,0,0
0,25.39442,0,0,0,270,0,0,0
0,25.40158,0,0,0,270,0,0,0
0,25.40902,0,0,0,270,0,0,0
0,25.41616,0,0,0,270,0,0,0
0,25.42299,0,0,0,270,0,0,0
0,25.43039,0,0,0,270,0,0,0
0,25.43969,0,0,0,270,0,0,0
0,25.44557,0,0,0,270,0,0,0
0,25.45158,0,0,0,270,0,0,0
0,25.4584,0,0,0,270,0,0,0
0,25.46529,0,0,0,270,0,0,0
0,25.47159,0,0,0,270,0,0,0
0,25.47727,0,0,0,270,0,0,0
0,25.48387,0,0,0,270,0,0,0
0,25.48972,0,0,0,270,0,0,0
0,25.49513,0,0,0,270,0,0,0
0,25.50152,0,0,0,270,0,0,0
0,25.50832,0,0,0,270,0,0,0
0,25.51447,0,0,0,270,0,0,0
0,25.52179,0,0,0,270,0,0,0
0,25.5282,0,0,0,270,0,0,0
0,25.53478,0,0,0,270,0,0,0
0,25.54041,0,0,0,270,0,0,0
0,25.54538,0,0,0,270,0,0,0
0,25.55172,0,0,0,270,0,0,0
0,25.55755,0,0,0,270,0,0,0
0,25.5631,0,0,0,270,0,0,0
0,25.56812,0,0,0,270,0,0,0
0,25.57298,0,0,0,270,0,0,0
0,25.57813,0,0,0,270,0,0,0
0,25.58508,0,0,0,270,0,0,0
0,25.59149,0,0,0,270,0,0,0
0,25.59995,0,0,0,270,0,0,0
0,25.60639,0,0,0,270,0,0,0
0,25.61326,0,0,0,270,0,0,0
0,25.61906,0,0,0,270,0,0,0
0,25.62412,0,0,0,270,0,0,0
0,25.62955,0,0,0,270,0,0,0
0,25.63484,0,0,0,270,0,0,0
0,25.64145,0,0,0,270,0,0,0
0,25.6463,0,0,0,270,0,0,0
0,25.65167,0,0,0,270,0,0,0
0,25.65702,0,0,0,270,0,0,0
0,25.66245,0,0,0,270,0,0,0
0,25.66734,0,0,0,270,0,0,0
0,25.67249,0,0,0,270,0,0,0
0,25.67814,0,0,0,270,0,0,0
0,25.68453,0,0,0,270,0,0,0
0,25.69044,0,0,0,270,0,0,0
0,25.69619,0,0,0,270,0,0,0
0,25.70111,0,0,0,270,0,0,0
0,25.7069,0,0,0,270,0,0,0
0,25.71324,0,0,0,270,0,0,0
0,25.71867,0,0,0,270,0,0,0
0,25.7238,0,0,0,270,0,0,0
0,25.72993,0,0,0,270,0,0,0
0,25.73571,0,0,0,270,0,0,0
0,25.74244,0,0,0,270,0,0,0
0,25.7487,0,0,0,270,0,0,0
0,25.75513,0,0,0,270,0,0,0
0,25.76129,0,0,0,270,0,0,0
0,25.76793,0,0,0,270,0,0,0
0,25.77429,0,0,0,270,0,0,0
0,25.78028,0,0,0,270,0,0,0
0,25.78593,0,0,0,270,0,0,0
0,25.7909,0,0,0,270,0,0,0
0,25.79632,0,0,0,270,0,0,0
0,25.80111,0,0,0,270,0,0,0
0,25.80658,0,0,0,270,0,0,0
0,25.81205,0,0,0,270,0,0,0
0,25.818,0,0,0,270,0,0,0
0,25.82294,0,0,0,270,0,0,0
0,25.82905,0,0,0,270,0,0,0
0,25.83446,0,0,0,270,0,0,0
0,25.8401,0,0,0,270,0,0,0
0,25.849,0,0,0,270,0,0,0
0,25.85415,0,0,0,270,0,0,0
0,25.85893,0,0,0,270,0,0,0
0,25.86443,0,0,0,270,0,0,0
0,25.86992,0,0,0,270,0,0,0
0,25.87577,0,0,0,270,0,0,0
0,25.88231,0,0,0,270,0,0,0
0,25.88771,0,0,0,270,0,0,0
0,25.89424,0,0,0,270,0,0,0
0,25.89985,0,0,0,270,0,0,0
0,25.90557,0,0,0,270,0,0,0
0,25.9107,0,0,0,270,0,0,0
0,25.91614,0,0,0,270,0,0,0
0,25.92127,0,0,0,270,0,0,0
0,25.92636,0,0,0,270,0,0,0
0,25.93146,0,0,0,270,0,0,0
0,25.93656,0,0,0,270,0,0,0
0,25.94216,0,0,0,270,0,0,0
0,25.9468,0,0,0,270,0,0,0
0,25.95192,0,0,0,270,0,0,0
0,25.95794,0,0,0,270,0,0,0
0,25.96412,0,0,0,270,0,0,0
0,25.96928,0,0,0,270,0,0,0
0,25.97472,0,0,0,270,0,0,0
0,25.97933,0,0,0,270,0,0,0
0,25.98476,0,0,0,270,0,0,0
0,25.98986,0,0,0,270,0,0,0
0,25.99529,0,0,0,270,0,0,0
0,26.00107,0,0,0,270,0,0,0
0,26.00935,0,0,0,270,0,0,0
0,26.01518,0,0,0,270,0,0,0
0,26.02108,0,0,0,270,0,0,0
0,26.02662,0,0,0,270,0,0,0
0,26.03203,0,0,0,270,0,0,0
0,26.03868,0,0,0,270,0,0,0
0,26.04357,0,0,0,270,0,0,0
0,26.0514,0,0,0,270,0,0,0
0,26.05688,0,0,0,270,0,0,0
0,26.06323,0,0,0,270,0,0,0
0,26.07032,0,0,0,270,0,0,0
0,26.07643,0,0,0,270,0,0,0
0,26.0815,0,0,0,270,0,0,0
0,26.08782,0,0,0,270,0,0,0
0,26.09453,0,0,0,270,0,0,0
0,26.10084,0,0,0,270,0,0,0
0,26.10592,0,0,0,270,0,0,0
0,26.1112,0,0,0,270,0,0,0
0,26.11586,0,0,0,270,0,0,0
0,26.12082,0,0,0,270,0,0,0
0,26.12569,0,0,0,270,0,0,0
0,26.13088,0,0,0,270,0,0,0
0,26.13536,0,0,0,270,0,0,0
0,26.13997,0,0,0,270,0,0,0
0,26.14488,0,0,0,270,0,0,0
0,26.15087,0,0,0,270,0,0,0
0,26.15536,0,0,0,270,0,0,0
0,26.16253,0,0,0,270,0,0,0
0,26.16683,0,0,0,270,0,0,0
0,26.17245,0,0,0,270,0,0,0
0,26.17716,0,0,0,270,0,0,0
0,26.18228,0,0,0,270,0,0,0
0,26.18785,0,0,0,270,0,0,0
0,26.19392,0,0,0,270,0,0,0
0,26.20037,0,0,0,270,0,0,0
0,26.20712,0,0,0,270,0,0,0
0,26.21224,0,0,0,270,0,0,0
0,26.21745,0,0,0,270,0,0,0
0,26.22394,0,0,0,270,0,0,0
0,26.2306,0,0,0,270,0,0,0
0,26.23647,0,0,0,270,0,0,0
0,26.24153,0,0,0,270,0,0,0
0,26.24712,0,0,0,270,0,0,0
0,26.25593,0,0,0,270,0,0,0
0,26.26152,0,0,0,270,0,0,0
0,26.26655,0,0,0,270,0,0,0
0,26.27243,0,0,0,270,0,0,0
0,26.27763,0,0,0,270,0,0,0
0,26.28359,0,0,0,270,0,0,0
0,26.28953,0,0,0,270,0,0,0
0,26.29477,0,0,0,270,0,0,0
0,26.30025,0,0,0,270,0,0,0
0,26.30501,0,0,0,270,0,0,0
0,26.30966,0,0,0,270,0,0,0
0,26.31682,0,0,0,270,0,0,0
0,26.32337,0,0,0,270,0,0,0
0,26.33026,0,0,0,270,0,0,0
0,26.33643,0,0,0,270,0,0,0
0,26.34274,0,0,0,270,0,0,0
0,26.34872,0,0,0,270,0,0,0
0,26.35384,0,0,0,270,0,0,0
0,26.35899,0,0,0,270,0,0,0
0,26.36481,0,0,0,270,0,0,0
0,26.36938,0,0,0,270,0,0,0
0,26.3745,0,0,0,270,0,0,0
0,26.38015,0,0,0,270,0,0,0
0,26.38586,0,0,0,270,0,0,0
0,26.39162,0,0,0,270,0,0,0
0,26.40154,0,0,0,270,0,0,0
0,26.40832,0,0,0,270,0,0,0
0,26.41446,0,0,0,270,0,0,0
0,26.4213,0,0,0,270,0,0,0
0,26.42735,0,0,0,270,0,0,0
0,26.44323,0,0,0,270,0,0,0
0,26.44994,0,0,0,270,0,0,0
0,26.45917,0,0,0,270,0,0,0
0,26.46626,0,0,0,270,0,0,0
0,26.4738,0,0,0,270,0,0,0
0,26.47984,0,0,0,270,0,0,0
0,26.48606,0,0,0,270,0,0,0
0,26.49235,0,0,0,270,0,0,0
0,26.49978,0,0,0,270,0,0,0
0,26.50683,0,0,0,270,0,0,0
0,26.51375,0,0,0,270,0,0,0
0,26.52059,0,0,0,270,0,0,0
0,26.52819,0,0,0,270,0,0,0
0,26.53433,0,0,0,270,0,0,0
0,26.54128,0,0,0,270,0,0,0
0,26.54751,0,0,0,270,0,0,0
0,26.5544,0,0,0,270,0,0,0
0,26.56134,0,0,0,270,0,0,0
0,26.5673,0,0,0,270,0,0,0
0,26.57334,0,0,0,270,0,0,0
0,26.5802,0,0,0,270,0,0,0
0,26.58644,0,0,0,270,0,0,0
0,26.59229,0,0,0,270,0,0,0
0,26.59965,0,0,0,270,0,0,0
0,26.60669,0,0,0,270,0,0,0
0,26.61358,0,0,0,270,0,0,0
0,26.62048,0,0,0,270,0,0,0
0,26.62678,0,0,0,270,0,0,0
0,26.63306,0,0,0,270,0,0,0
0,26.64003,0,0,0,270,0,0,0
0,26.64711,0,0,0,270,0,0,0
0,26.65582,0,0,0,270,0,0,0
0,26.66698,0,0,0,270,0,0,0
0,26.6743,0,0,0,270,0,0,0
0,26.68071,0,0,0,270,0,0,0
0,26.68726,0,0,0,270,0,0,0
0,26.69507,0,0,0,270,0,0,0
0,26.70143,0,0,0,270,0,0,0
0,26.7088,0,0,0,270,0,0,0
0,26.71481,0,0,0,270,0,0,0
0,26.72136,0,0,0,270,0,0,0
0,26.72765,0,0,0,270,0,0,0
0,26.73333,0,0,0,270,0,0,0
0,26.74028,0,0,0,270,0,0,0
0,26.74699,0,0,0,270,0,0,0
0,26.75442,0,0,0,270,0,0,0
0,26.76085,0,0,0,270,0,0,0
0,26.76762,0,0,0,270,0,0,0
0,26.77478,0,0,0,270,0,0,0
0,26.78068,0,0,0,270,0,0,0
0,26.78763,0,0,0,270,0,0,0
0,26.79366,0,0,0,270,0,0,0
0,26.79928,0,0,0,270,0,0,0
0,26.80496,0,0,0,270,0,0,0
0,26.81012,0,0,0,270,0,0,0
0,26.8152,0,0,0,270,0,0,0
0,26.82079,0,0,0,270,0,0,0
0,26.85069,0,0,0,270,0,0,0
0,26.85671,0,0,0,270,0,0,0
0,26.86619,0,0,0,270,0,0,0
0,26.8733,0,0,0,270,0,0,0
0,26.88034,0,0,0,270,0,0,0
0,26.88781,0,0,0,270,0,0,0
0,26.8959,0,0,0,270,0,0,0
0,26.90289,0,0,0,270,0,0,0
0,26.9102,0,0,0,270,0,0,0
0,26.91628,0,0,0,270,0,0,0
0,26.92209,0,0,0,270,0,0,0
0,26.92906,0,0,0,270,0,0,0
0,26.93501,0,0,0,270,0,0,0
0,26.94077,0,0,0,270,0,0,0
0,26.94733,0,0,0,270,0,0,0
0,26.95349,0,0,0,270,0,0,0
0,26.96562,0,0,0,270,0,0,0
0,26.97654,0,0,0,270,0,0,0
0,26.9957,0,0,0,270,0,0,0
0,27.00253,0,0,0,270,0,0,0
0,27.00858,0,0,0,270,0,0,0
0,27.01373,0,0,0,270,0,0,0
0,27.01959,0,0,0,270,0,0,0
0,27.02653,0,0,0,270,0,0,0
0,27.03295,0,0,0,270,0,0,0
0,27.03948,0,0,0,270,0,0,0
0,27.04581,0,0,0,270,0,0,0
0,27.05236,0,0,0,270,0,0,0
0,27.05766,0,0,0,270,0,0,0
0,27.06656,0,0,0,270,0,0,0
0,27.0733,0,0,0,270,0,0,0
0,27.08014,0,0,0,270,0,0,0
0,27.08687,0,0,0,270,0,0,0
0,27.09253,0,0,0,270,0,0,0
0,27.09876,0,0,0,270,0,0,0
0,27.10601,0,0,0,270,0,0,0
0,27.11294,0,0,0,270,0,0,0
0,27.11849,0,0,0,270,0,0,0
0,27.12384,0,0,0,270,0,0,0
0,27.13051,0,0,0,270,0,0,0
0,27.1366,0,0,0,270,0,0,0
0,27.14281,0,0,0,270,0,0,0
0,27.14926,0,0,0,270,0,0,0
0,27.15569,0,0,0,270,0,0,0
0,27.16232,0,0,0,270,0,0,0
0,27.16681,0,0,0,270,0,0,0
0,27.1716,0,0,0,270,0,0,0
0,27.17622,0,0,0,270,0,0,0
0,27.18106,0,0,0,270,0,0,0
0,27.18689,0,0,0,270,0,0,0
0,27.19235,0,0,0,270,0,0,0
0,27.19848,0,0,0,270,0,0,0
0,27.20339,0,0,0,270,0,0,0
0,27.20982,0,0,0,270,0,0,0
0,27.21466,0,0,0,270,0,0,0
0,27.22005,0,0,0,270,0,0,0
0,27.22652,0,0,0,270,0,0,0
0,27.23152,0,0,0,270,0,0,0
0,27.23678,0,0,0,270,0,0,0
0,27.24377,0,0,0,270,0,0,0
0,27.24956,0,0,0,270,0,0,0
0,27.25555,0,0,0,270,0,0,0
0,27.26262,0,0,0,270,0,0,0
0,27.27173,0,0,0,270,0,0,0
0,27.27822,0,0,0,270,0,0,0
0,27.28383,0,0,0,270,0,0,0
0,27.28988,0,0,0,270,0,0,0
0,27.29547,0,0,0,270,0,0,0
0,27.30033,0,0,0,270,0,0,0
0,27.30627,0,0,0,270,0,0,0
0,27.31182,0,0,0,270,0,0,0
0,27.31869,0,0,0,270,0,0,0
0,27.32375,0,0,0,270,0,0,0
0,27.32899,0,0,0,270,0,0,0
0,27.33442,0,0,0,270,0,0,0
0,27.33992,0,0,0,270,0,0,0
0,27.34534,0,0,0,270,0,0,0
0,27.35169,0,0,0,270,0,0,0
0,27.35709,0,0,0,270,0,0,0
0,27.36381,0,0,0,270,0,0,0
0,27.36912,0,0,0,270,0,0,0
0,27.37412,0,0,0,270,0,0,0
0,27.38007,0,0,0,270,0,0,0
0,27.38656,0,0,0,270,0,0,0
0,27.39138,0,0,0,270,0,0,0
0,27.39767,0,0,0,270,0,0,0
0,27.4027,0,0,0,270,0,0,0
0,27.40849,0,0,0,270,0,0,0
0,27.4148,0,0,0,270,0,0,0
0,27.42082,0,0,0,270,0,0,0
0,27.42771,0,0,0,270,0,0,0
0,27.43333,0,0,0,270,0,0,0
0,27.43871,0,0,0,270,0,0,0
0,27.44399,0,0,0,270,0,0,0
0,27.44901,0,0,0,270,0,0,0
0,27.45393,0,0,0,270,0,0,0
0,27.46064,0,0,0,270,0,0,0
0,27.46607,0,0,0,270,0,0,0
0,27.47375,0,0,0,270,0,0,0
0,27.47937,0,0,0,270,0,0,0
0,27.48444,0,0,0,270,0,0,0
0,27.49004,0,0,0,270,0,0,0
0,27.49637,0,0,0,270,0,0,0
0,27.50173,0,0,0,270,0,0,0
0,27.50814,0,0,0,270,0,0,0
0,27.51379,0,0,0,270,0,0,0
0,27.51903,0,0,0,270,0,0,0
0,27.52462,0,0,0,270,0,0,0
0,27.53064,0,0,0,270,0,0,0
0,27.53683,0,0,0,270,0,0,0
0,27.54199,0,0,0,270,0,0,0
0,27.54693,0,0,0,270,0,0,0
0,27.55213,0,0,0,270,0,0,0
0,27.55709,0,0,0,270,0,0,0
0,27.56353,0,0,0,270,0,0,0
0,27.56906,0,0,0,270,0,0,0
0,27.57505,0,0,0,270,0,0,0
0,27.58199,0,0,0,270,0,0,0
0,27.58729,0,0,0,270,0,0,0
0,27.59263,0,0,0,270,0,0,0
0,27.59958,0,0,0,270,0,0,0
0,27.60549,0,0,0,270,0,0,0
0,27.61185,0,0,0,270,0,0,0
0,27.61891,0,0,0,270,0,0,0
0,27.62695,0,0,0,270,0,0,0
0,27.63277,0,0,0,270,0,0,0
0,27.63927,0,0,0,270,0,0,0
0,27.6462,0,0,0,270,0,0,0
0,27.65164,0,0,0,270,0,0,0
0,27.65737,0,0,0,270,0,0,0
0,27.66486,0,0,0,270,0,0,0
0,27.67103,0,0,0,270,0,0,0
0,27.67885,0,0,0,270,0,0,0
0,27.68517,0,0,0,270,0,0,0
0,27.69205,0,0,0,270,0,0,0
0,27.69861,0,0,0,270,0,0,0
0,27.7053,0,0,0,270,0,0,0
0,27.7104,0,0,0,270,0,0,0
0,27.71628,0,0,0,270,0,0,0
0,27.72209,0,0,0,270,0,0,0
0,27.72851,0,0,0,270,0,0,0
0,27.7346,0,0,0,270,0,0,0
0,27.74148,0,0,0,270,0,0,0
0,27.74713,0,0,0,270,0,0,0
0,27.75497,0,0,0,270,0,0,0
0,27.76219,0,0,0,270,0,0,0
0,27.76987,0,0,0,270,0,0,0
0,27.77799,0,0,0,270,0,0,0
0,27.78611,0,0,0,270,0,0,0
0,27.79229,0,0,0,270,0,0,0
0,27.79971,0,0,0,270,0,0,0
0,27.80548,0,0,0,270,0,0,0
0,27.81119,0,0,0,270,0,0,0
0,27.81772,0,0,0,270,0,0,0
0,27.82368,0,0,0,270,0,0,0
0,27.83064,0,0,0,270,0,0,0
0,27.83849,0,0,0,270,0,0,0
0,27.84417,0,0,0,270,0,0,0
0,27.85817,0,0,0,270,0,0,0
0,27.86438,0,0,0,270,0,0,0
0,27.8719,0,0,0,270,0,0,0
0,27.88081,0,0,0,270,0,0,0
0,27.88684,0,0,0,270,0,0,0
0,27.89225,0,0,0,270,0,0,0
0,27.89838,0,0,0,270,0,0,0
0,27.90366,0,0,0,270,0,0,0
0,27.90956,0,0,0,270,0,0,0
0,27.91467,0,0,0,270,0,0,0
0,27.92015,0,0,0,270,0,0,0
0,27.92695,0,0,0,270,0,0,0
0,27.93451,0,0,0,270,0,0,0
0,27.94179,0,0,0,270,0,0,0
0,27.9473,0,0,0,270,0,0,0
0,27.9541,0,0,0,270,0,0,0
0,27.96139,0,0,0,270,0,0,0
0,27.96732,0,0,0,270,0,0,0
0,27.97469,0,0,0,270,0,0,0
0,27.98036,0,0,0,270,0,0,0
0,27.9874,0,0,0,270,0,0,0
0,27.99424,0,0,0,270,0,0,0
0,28.00077,0,0,0,270,0,0,0
0,28.00647,0,0,0,270,0,0,0
0,28.01229,0,0,0,270,0,0,0
0,28.01811,0,0,0,270,0,0,0
0,28.02363,0,0,0,270,0,0,0
0,28.02941,0,0,0,270,0,0,0
0,28.0361,0,0,0,270,0,0,0
0,28.04215,0,0,0,270,0,0,0
0,28.04777,0,0,0,270,0,0,0
0,28.05354,0,0,0,270,0,0,0
0,28.05869,0,0,0,270,0,0,0
0,28.06451,0,0,0,270,0,0,0
0,28.07197,0,0,0,270,0,0,0
0,28.08026,0,0,0,270,0,0,0
0,28.08766,0,0,0,270,0,0,0
0,28.0941,0,0,0,270,0,0,0
0,28.10012,0,0,0,270,0,0,0
0,28.10609,0,0,0,270,0,0,0
0,28.11253,0,0,0,270,0,0,0
0,28.11785,0,0,0,270,0,0,0
0,28.12348,0,0,0,270,0,0,0
0,28.13054,0,0,0,270,0,0,0
0,28.13822,0,0,0,270,0,0,0
0,28.14532,0,0,0,270,0,0,0
0,28.15339,0,0,0,270,0,0,0
0,28.16074,0,0,0,270,0,0,0
0,28.16712,0,0,0,270,0,0,0
0,28.17476,0,0,0,270,0,0,0
0,28.18097,0,0,0,270,0,0,0
0,28.18705,0,0,0,270,0,0,0
0,28.19354,0,0,0,270,0,0,0
0,28.19964,0,0,0,270,0,0,0
0,28.20619,0,0,0,270,0,0,0
0,28.21174,0,0,0,270,0,0,0
0,28.21826,0,0,0,270,0,0,0
0,28.22426,0,0,0,270,0,0,0
0,28.23026,0,0,0,270,0,0,0
0,28.23645,0,0,0,270,0,0,0
0,28.24252,0,0,0,270,0,0,0
0,28.24896,0,0,0,270,0,0,0
0,28.25791,0,0,0,270,0,0,0
0,28.26472,0,0,0,270,0,0,0
0,28.27135,0,0,0,270,0,0,0
0,28.27696,0,0,0,270,0,0,0
0,28.28559,0,0,0,270,0,0,0
0,28.2911,0,0,0,270,0,0,0
0,28.29676,0,0,0,270,0,0,0
0,28.30272,0,0,0,270,0,0,0
0,28.31041,0,0,0,270,0,0,0
0,28.31724,0,0,0,270,0,0,0
0,28.32282,0,0,0,270,0,0,0
0,28.32995,0,0,0,270,0,0,0
0,28.33662,0,0,0,270,0,0,0
0,28.34299,0,0,0,270,0,0,0
0,28.35042,0,0,0,270,0,0,0
0,28.35621,0,0,0,270,0,0,0
0,28.36289,0,0,0,270,0,0,0
0,28.37004,0,0,0,270,0,0,0
0,28.37722,0,0,0,270,0,0,0
0,28.38292,0,0,0,270,0,0,0
0,28.38946,0,0,0,270,0,0,0
0,28.39672,0,0,0,270,0,0,0
0,28.40265,0,0,0,270,0,0,0
0,28.4099,0,0,0,270,0,0,0
0,28.41707,0,0,0,270,0,0,0
0,28.42417,0,0,0,270,0,0,0
0,28.42999,0,0,0,270,0,0,0
0,28.43519,0,0,0,270,0,0,0
0,28.44259,0,0,0,270,0,0,0
0,28.44882,0,0,0,270,0,0,0
0,28.45456,0,0,0,270,0,0,0
0,28.45973,0,0,0,270,0,0,0
0,28.46413,0,0,0,270,0,0,0
0,28.46979,0,0,0,270,0,0,0
0,28.47652,0,0,0,270,0,0,0
0,28.48254,0,0,0,270,0,0,0
0,28.48985,0,0,0,270,0,0,0
0,28.49539,0,0,0,270,0,0,0
0,28.50041,0,0,0,270,0,0,0
0,28.5072,0,0,0,270,0,0,0
0,28.51331,0,0,0,270,0,0,0
0,28.51917,0,0,0,270,0,0,0
0,28.52528,0,0,0,270,0,0,0
0,28.53184,0,0,0,270,0,0,0
0,28.5368,0,0,0,270,0,0,0
0,28.54213,0,0,0,270,0,0,0
0,28.54762,0,0,0,270,0,0,0
0,28.5537,0,0,0,270,0,0,0
0,28.55855,0,0,0,270,0,0,0
0,28.56433,0,0,0,270,0,0,0
0,28.57021,0,0,0,270,0,0,0
0,28.57743,0,0,0,270,0,0,0
0,28.58524,0,0,0,270,0,0,0
0,28.59154,0,0,0,270,0,0,0
0,28.59878,0,0,0,270,0,0,0
0,28.60485,0,0,0,270,0,0,0
0,28.61081,0,0,0,270,0,0,0
0,28.6161,0,0,0,270,0,0,0
0,28.62057,0,0,0,270,0,0,0
0,28.62549,0,0,0,270,0,0,0
0,28.63074,0,0,0,270,0,0,0
0,28.63632,0,0,0,270,0,0,0
0,28.64284,0,0,0,270,0,0,0
0,28.64933,0,0,0,270,0,0,0
0,28.65467,0,0,0,270,0,0,0
0,28.66013,0,0,0,270,0,0,0
0,28.66542,0,0,0,270,0,0,0
0,28.67131,0,0,0,270,0,0,0
0,28.67724,0,0,0,270,0,0,0
0,28.68293,0,0,0,270,0,0,0
0,28.69108,0,0,0,270,0,0,0
0,28.69674,0,0,0,270,0,0,0
0,28.70273,0,0,0,270,0,0,0
0,28.70978,0,0,0,270,0,0,0
0,28.71639,0,0,0,270,0,0,0
0,28.72282,0,0,0,270,0,0,0
0,28.72909,0,0,0,270,0,0,0
0,28.734,0,0,0,270,0,0,0
0,28.73984,0,0,0,270,0,0,0
0,28.74429,0,0,0,270,0,0,0
0,28.7504,0,0,0,270,0,0,0
0,28.75611,0,0,0,270,0,0,0
0,28.76217,0,0,0,270,0,0,0
0,28.76771,0,0,0,270,0,0,0
0,28.7735,0,0,0,270,0,0,0
0,28.77867,0,0,0,270,0,0,0
0,28.78418,0,0,0,270,0,0,0
0,28.78872,0,0,0,270,0,0,0
0,28.79479,0,0,0,270,0,0,0
0,28.80102,0,0,0,270,0,0,0
0,28.80822,0,0,0,270,0,0,0
0,28.81368,0,0,0,270,0,0,0
0,28.81982,0,0,0,270,0,0,0
0,28.82506,0,0,0,270,0,0,0
0,28.83023,0,0,0,270,0,0,0
0,28.83499,0,0,0,270,0,0,0
0,28.84043,0,0,0,270,0,0,0
0,28.84572,0,0,0,270,0,0,0
0,28.85093,0,0,0,270,0,0,0
0,28.8566,0,0,0,270,0,0,0
0,28.86167,0,0,0,270,0,0,0
0,28.86701,0,0,0,270,0,0,0
0,28.8733,0,0,0,270,0,0,0
0,28.8799,0,0,0,270,0,0,0
0,28.88705,0,0,0,270,0,0,0
0,28.89607,0,0,0,270,0,0,0
0,28.90287,0,0,0,270,0,0,0
0,28.91044,0,0,0,270,0,0,0
0,28.91791,0,0,0,270,0,0,0
0,28.9244,0,0,0,270,0,0,0
0,28.93107,0,0,0,270,0,0,0
0,28.93778,0,0,0,270,0,0,0
0,28.9455,0,0,0,270,0,0,0
0,28.95223,0,0,0,270,0,0,0
0,28.95962,0,0,0,270,0,0,0
0,28.96715,0,0,0,270,0,0,0
0,28.97383,0,0,0,270,0,0,0
0,28.97935,0,0,0,270,0,0,0
0,28.98504,0,0,0,270,0,0,0
0,28.99127,0,0,0,270,0,0,0
0,28.99749,0,0,0,270,0,0,0
0,29.00371,0,0,0,270,0,0,0
0,29.00998,0,0,0,270,0,0,0
0,29.01638,0,0,0,270,0,0,0
0,29.02321,0,0,0,270,0,0,0
0,29.03037,0,0,0,270,0,0,0
0,29.03716,0,0,0,270,0,0,0
0,29.04457,0,0,0,270,0,0,0
0,29.05188,0,0,0,270,0,0,0
0,29.05811,0,0,0,270,0,0,0
0,29.06502,0,0,0,270,0,0,0
0,29.07131,0,0,0,270,0,0,0
0,29.07742,0,0,0,270,0,0,0
0,29.08471,0,0,0,270,0,0,0
0,29.09088,0,0,0,270,0,0,0
0,29.1015,0,0,0,270,0,0,0
0,29.10885,0,0,0,270,0,0,0
0,29.11649,0,0,0,270,0,0,0
0,29.12328,0,0,0,270,0,0,0
0,29.12913,0,0,0,270,0,0,0
0,29.13587,0,0,0,270,0,0,0
0,29.14248,0,0,0,270,0,0,0
0,29.14972,0,0,0,270,0,0,0
0,29.1565,0,0,0,270,0,0,0
0,29.16313,0,0,0,270,0,0,0
0,29.16864,0,0,0,270,0,0,0
0,29.17436,0,0,0,270,0,0,0
0,29.18017,0,0,0,270,0,0,0
0,29.18607,0,0,0,270,0,0,0
0,29.19223,0,0,0,270,0,0,0
0,29.19808,0,0,0,270,0,0,0
0,29.20348,0,0,0,270,0,0,0
0,29.20981,0,0,0,270,0,0,0
0,29.21557,0,0,0,270,0,0,0
0,29.22045,0,0,0,270,0,0,0
0,29.22708,0,0,0,270,0,0,0
0,29.23278,0,0,0,270,0,0,0
0,29.2389,0,0,0,270,0,0,0
0,29.24477,0,0,0,270,0,0,0
0,29.25004,0,0,0,270,0,0,0
0,29.25532,0,0,0,270,0,0,0
0,29.26013,0,0,0,270,0,0,0
0,29.26526,0,0,0,270,0,0,0
0,29.27154,0,0,0,270,0,0,0
0,29.27663,0,0,0,270,0,0,0
0,29.28323,0,0,0,270,0,0,0
0,29.28935,0,0,0,270,0,0,0
0,29.2959,0,0,0,270,0,0,0
0,29.30257,0,0,0,270,0,0,0
0,29.30732,0,0,0,270,0,0,0
0,29.31194,0,0,0,270,0,0,0
0,29.31807,0,0,0,270,0,0,0
0,29.32303,0,0,0,270,0,0,0
0,29.32962,0,0,0,270,0,0,0
0,29.33457,0,0,0,270,0,0,0
0,29.33997,0,0,0,270,0,0,0
0,29.3456,0,0,0,270,0,0,0
0,29.35239,0,0,0,270,0,0,0
0,29.35781,0,0,0,270,0,0,0
0,29.36448,0,0,0,270,0,0,0
0,29.37044,0,0,0,270,0,0,0
0,29.37836,0,0,0,270,0,0,0
0,29.38535,0,0,0,270,0,0,0
0,29.39042,0,0,0,270,0,0,0
0,29.39664,0,0,0,270,0,0,0
0,29.40327,0,0,0,270,0,0,0
0,29.41078,0,0,0,270,0,0,0
0,29.41717,0,0,0,270,0,0,0
0,29.42361,0,0,0,270,0,0,0
0,29.4298,0,0,0,270,0,0,0
0,29.43503,0,0,0,270,0,0,0
0,29.44428,0,0,0,270,0,0,0
0,29.45103,0,0,0,270,0,0,0
0,29.45824,0,0,0,270,0,0,0
0,29.46514,0,0,0,270,0,0,0
0,29.472,0,0,0,270,0,0,0
0,29.47806,0,0,0,270,0,0,0
0,29.48409,0,0,0,270,0,0,0
0,29.49075,0,0,0,270,0,0,0
0,29.49749,0,0,0,270,0,0,0
0,29.5063,0,0,0,270,0,0,0
0,29.5122,0,0,0,270,0,0,0
0,29.51852,0,0,0,270,0,0,0
0,29.52545,0,0,0,270,0,0,0
0,29.53253,0,0,0,270,0,0,0
0,29.5389,0,0,0,270,0,0,0
0,29.54447,0,0,0,270,0,0,0
0,29.55074,0,0,0,270,0,0,0
0,29.55659,0,0,0,270,0,0,0
0,29.56419,0,0,0,270,0,0,0
0,29.56983,0,0,0,270,0,0,0
0,29.57669,0,0,0,270,0,0,0
0,29.58337,0,0,0,270,0,0,0
0,29.5881,0,0,0,270,0,0,0
0,29.59414,0,0,0,270,0,0,0
0,29.60218,0,0,0,270,0,0,0
0,29.60916,0,0,0,270,0,0,0
0,29.61545,0,0,0,270,0,0,0
0,29.62098,0,0,0,270,0,0,0
0,29.62691,0,0,0,270,0,0,0
0,29.63204,0,0,0,270,0,0,0
0,29.63754,0,0,0,270,0,0,0
0,29.64321,0,0,0,270,0,0,0
0,29.64857,0,0,0,270,0,0,0
0,29.65375,0,0,0,270,0,0,0
0,29.66051,0,0,0,270,0,0,0
0,29.66686,0,0,0,270,0,0,0
0,29.67461,0,0,0,270,0,0,0
0,29.68012,0,0,0,270,0,0,0
0,29.68674,0,0,0,270,0,0,0
0,29.69328,0,0,0,270,0,0,0
0,29.71815,0,0,0,270,0,0,0
0,29.72593,0,0,0,270,0,0,0
0,29.73174,0,0,0,270,0,0,0
0,29.73849,0,0,0,270,0,0,0
0,29.74492,0,0,0,270,0,0,0
0,29.7517,0,0,0,270,0,0,0
0,29.75891,0,0,0,270,0,0,0
0,29.76676,0,0,0,270,0,0,0
0,29.77388,0,0,0,270,0,0,0
0,29.77947,0,0,0,270,0,0,0
0,29.78566,0,0,0,270,0,0,0
0,29.79097,0,0,0,270,0,0,0
0,29.79699,0,0,0,270,0,0,0
0,29.80955,0,0,0,270,0,0,0
0,29.82065,0,0,0,270,0,0,0
0,29.83628,0,0,0,270,0,0,0
0,29.84176,0,0,0,270,0,0,0
0,29.84738,0,0,0,270,0,0,0
0,29.85356,0,0,0,270,0,0,0
0,29.85925,0,0,0,270,0,0,0
0,29.86616,0,0,0,270,0,0,0
0,29.87354,0,0,0,270,0,0,0
0,29.87945,0,0,0,270,0,0,0
0,29.88523,0,0,0,270,0,0,0
0,29.8918,0,0,0,270,0,0,0
0,29.8986,0,0,0,270,0,0,0
0,29.90509,0,0,0,270,0,0,0
0,29.91166,0,0,0,270,0,0,0
0,29.91752,0,0,0,270,0,0,0
0,29.92301,0,0,0,270,0,0,0
0,29.92998,0,0,0,270,0,0,0
0,29.93552,0,0,0,270,0,0,0
0,29.9412,0,0,0,270,0,0,0
0,29.94728,0,0,0,270,0,0,0
0,29.95434,0,0,0,270,0,0,0
0,29.96063,0,0,0,270,0,0,0
0,29.96696,0,0,0,270,0,0,0
0,29.97578,0,0,0,270,0,0,0
0,29.98298,0,0,0,270,0,0,0
0,29.9894,0,0,0,270,0,0,0
0,29.99589,0,0,0,270,0,0,0
0,30.0025,0,0,0,270,0,0,0
0,30.00928,0,0,0,270,0,0,0
0,30.01547,0,0,0,270,0,0,0
0,30.02165,0,0,0,270,0,0,0
0,30.02741,0,0,0,270,0,0,0
0,30.03302,0,0,0,270,0,0,0
0,30.03888,0,0,0,270,0,0,0
0,30.04366,0,0,0,270,0,0,0
0,30.04883,0,0,0,270,0,0,0
0,30.05401,0,0,0,270,0,0,0
0,30.05991,0,0,0,270,0,0,0
0,30.06562,0,0,0,270,0,0,0
0,30.07203,0,0,0,270,0,0,0
0,30.07736,0,0,0,270,0,0,0
0,30.08292,0,0,0,270,0,0,0
0,30.08747,0,0,0,270,0,0,0
0,30.09159,0,0,0,270,0,0,0
0,30.09811,0,0,0,270,0,0,0
0,30.10449,0,0,0,270,0,0,0
0,30.11053,0,0,0,270,0,0,0
0,30.1178,0,0,0,270,0,0,0
0,30.12387,0,0,0,270,0,0,0
0,30.13415,0,0,0,270,0,0,0
0,30.13986,0,0,0,270,0,0,0
0,30.14563,0,0,0,270,0,0,0
0,30.15117,0,0,0,270,0,0,0
0,30.1564,0,0,0,270,0,0,0
0,30.16253,0,0,0,270,0,0,0
0,30.1696,0,0,0,270,0,0,0
0,30.17683,0,0,0,270,0,0,0
0,30.18418,0,0,0,270,0,0,0
0,30.18992,0,0,0,270,0,0,0
0,30.19702,0,0,0,270,0,0,0
0,30.20275,0,0,0,270,0,0,0
0,30.20965,0,0,0,270,0,0,0
0,30.21565,0,0,0,270,0,0,0
0,30.22099,0,0,0,270,0,0,0
0,30.22804,0,0,0,270,0,0,0
0,30.23412,0,0,0,270,0,0,0
0,30.23996,0,0,0,270,0,0,0
0,30.24521,0,0,0,270,0,0,0
0,30.25097,0,0,0,270,0,0,0
0,30.25762,0,0,0,270,0,0,0
0,30.26443,0,0,0,270,0,0,0
0,30.2702,0,0,0,270,0,0,0
0,30.27694,0,0,0,270,0,0,0
0,30.28324,0,0,0,270,0,0,0
0,30.28941,0,0,0,270,0,0,0
0,30.29659,0,0,0,270,0,0,0
0,30.30211,0,0,0,270,0,0,0
0,30.30762,0,0,0,270,0,0,0
0,30.31242,0,0,0,270,0,0,0
0,30.31838,0,0,0,270,0,0,0
0,30.3236,0,0,0,270,0,0,0
0,30.32971,0,0,0,270,0,0,0
0,30.33784,0,0,0,270,0,0,0
0,30.34636,0,0,0,270,0,0,0
0,30.35214,0,0,0,270,0,0,0
0,30.35653,0,0,0,270,0,0,0
0,30.36181,0,0,0,270,0,0,0
0,30.36815,0,0,0,270,0,0,0
0,30.37461,0,0,0,270,0,0,0
0,30.38162,0,0,0,270,0,0,0
0,30.38878,0,0,0,270,0,0,0
0,30.39585,0,0,0,270,0,0,0
0,30.40249,0,0,0,270,0,0,0
0,30.41022,0,0,0,270,0,0,0
0,30.417,0,0,0,270,0,0,0
0,30.42448,0,0,0,270,0,0,0
0,30.43029,0,0,0,270,0,0,0
0,30.43527,0,0,0,270,0,0,0
0,30.44269,0,0,0,270,0,0,0
0,30.44901,0,0,0,270,0,0,0
0,30.45435,0,0,0,270,0,0,0
0,30.46019,0,0,0,270,0,0,0
0,30.46604,0,0,0,270,0,0,0
0,30.47196,0,0,0,270,0,0,0
0,30.47715,0,0,0,270,0,0,0
0,30.4825,0,0,0,270,0,0,0
0,30.48759,0,0,0,270,0,0,0
0,30.49362,0,0,0,270,0,0,0
0,30.49837,0,0,0,270,0,0,0
0,30.50456,0,0,0,270,0,0,0
0,30.51075,0,0,0,270,0,0,0
0,30.51748,0,0,0,270,0,0,0
0,30.52318,0,0,0,270,0,0,0
0,30.5293,0,0,0,270,0,0,0
0,30.53551,0,0,0,270,0,0,0
0,30.5446,0,0,0,270,0,0,0
0,30.55091,0,0,0,270,0,0,0
0,30.55652,0,0,0,270,0,0,0
0,30.56146,0,0,0,270,0,0,0
0,30.56751,0,0,0,270,0,0,0
0,30.57313,0,0,0,270,0,0,0
0,30.57978,0,0,0,270,0,0,0
0,30.58578,0,0,0,270,0,0,0
0,30.5907,0,0,0,270,0,0,0
0,30.59636,0,0,0,270,0,0,0
0,30.60238,0,0,0,270,0,0,0
0,30.60842,0,0,0,270,0,0,0
0,30.61444,0,0,0,270,0,0,0
0,30.6207,0,0,0,270,0,0,0
0,30.62774,0,0,0,270,0,0,0
0,30.63325,0,0,0,270,0,0,0
0,30.63995,0,0,0,270,0,0,0
0,30.64618,0,0,0,270,0,0,0
0,30.65295,0,0,0,270,0,0,0
0,30.6584,0,0,0,270,0,0,0
0,30.66428,0,0,0,270,0,0,0
0,30.67019,0,0,0,270,0,0,0
0,30.67679,0,0,0,270,0,0,0
0,30.68323,0,0,0,270,0,0,0
0,30.69035,0,0,0,270,0,0,0
0,30.69804,0,0,0,270,0,0,0
0,30.70553,0,0,0,270,0,0,0
0,30.7107,0,0,0,270,0,0,0
0,30.71634,0,0,0,270,0,0,0
0,30.72371,0,0,0,270,0,0,0
0,30.72967,0,0,0,270,0,0,0
0,30.73612,0,0,0,270,0,0,0
0,30.74473,0,0,0,270,0,0,0
0,30.75181,0,0,0,270,0,0,0
0,30.75799,0,0,0,270,0,0,0
0,30.76414,0,0,0,270,0,0,0
0,30.77102,0,0,0,270,0,0,0
0,30.77793,0,0,0,270,0,0,0
0,30.78439,0,0,0,270,0,0,0
0,30.79147,0,0,0,270,0,0,0
0,30.79927,0,0,0,270,0,0,0
0,30.80639,0,0,0,270,0,0,0
0,30.81226,0,0,0,270,0,0,0
0,30.81913,0,0,0,270,0,0,0
0,30.8249,0,0,0,270,0,0,0
0,30.83204,0,0,0,270,0,0,0
0,30.83867,0,0,0,270,0,0,0
0,30.84465,0,0,0,270,0,0,0
0,30.85115,0,0,0,270,0,0,0
0,30.85641,0,0,0,270,0,0,0
0,30.86172,0,0,0,270,0,0,0
0,30.86671,0,0,0,270,0,0,0
0,30.87241,0,0,0,270,0,0,0
0,30.87834,0,0,0,270,0,0,0
0,30.88418,0,0,0,270,0,0,0
0,30.88985,0,0,0,270,0,0,0
0,30.89584,0,0,0,270,0,0,0
0,30.90038,0,0,0,270,0,0,0
0,30.90555,0,0,0,270,0,0,0
0,30.91042,0,0,0,270,0,0,0
0,30.91565,0,0,0,270,0,0,0
0,30.9208,0,0,0,270,0,0,0
0,30.92658,0,0,0,270,0,0,0
0,30.93117,0,0,0,270,0,0,0
0,30.93666,0,0,0,270,0,0,0
0,30.94446,0,0,0,270,0,0,0
0,30.95057,0,0,0,270,0,0,0
0,30.95608,0,0,0,270,0,0,0
0,30.96158,0,0,0,270,0,0,0
0,30.96701,0,0,0,270,0,0,0
0,30.97386,0,0,0,270,0,0,0
0,30.98042,0,0,0,270,0,0,0
0,30.98802,0,0,0,270,0,0,0
0,30.99447,0,0,0,270,0,0,0
0,31.00042,0,0,0,270,0,0,0
0,31.00679,0,0,0,270,0,0,0
0,31.01228,0,0,0,270,0,0,0
0,31.01908,0,0,0,270,0,0,0
0,31.02398,0,0,0,270,0,0,0
0,31.03802,0,0,0,270,0,0,0
0,31.04248,0,0,0,270,0,0,0
0,31.0508,0,0,0,270,0,0,0
0,31.06059,0,0,0,270,0,0,0
0,31.06624,0,0,0,270,0,0,0
0,31.07376,0,0,0,270,0,0,0
0,31.07928,0,0,0,270,0,0,0
0,31.08674,0,0,0,270,0,0,0
0,31.09229,0,0,0,270,0,0,0
0,31.09781,0,0,0,270,0,0,0
0,31.10239,0,0,0,270,0,0,0
0,31.10759,0,0,0,270,0,0,0
0,31.11309,0,0,0,270,0,0,0
0,31.1183,0,0,0,270,0,0,0
0,31.12407,0,0,0,270,0,0,0
0,31.13051,0,0,0,270,0,0,0
0,31.13535,0,0,0,270,0,0,0
0,31.14118,0,0,0,270,0,0,0
0,31.14981,0,0,0,270,0,0,0
0,31.15503,0,0,0,270,0,0,0
0,31.16038,0,0,0,270,0,0,0
0,31.16561,0,0,0,270,0,0,0
0,31.17087,0,0,0,270,0,0,0
0,31.17574,0,0,0,270,0,0,0
0,31.18149,0,0,0,270,0,0,0
0,31.18724,0,0,0,270,0,0,0
0,31.19451,0,0,0,270,0,0,0
0,31.19893,0,0,0,270,0,0,0
0,31.20488,0,0,0,270,0,0,0
0,31.20995,0,0,0,270,0,0,0
0,31.21568,0,0,0,270,0,0,0
0,31.22052,0,0,0,270,0,0,0
0,31.22627,0,0,0,270,0,0,0
0,31.23111,0,0,0,270,0,0,0
0,31.23761,0,0,0,270,0,0,0
0,31.24312,0,0,0,270,0,0,0
0,31.24937,0,0,0,270,0,0,0
0,31.25467,0,0,0,270,0,0,0
0,31.26046,0,0,0,270,0,0,0
0,31.26595,0,0,0,270,0,0,0
0,31.27208,0,0,0,270,0,0,0
0,31.27684,0,0,0,270,0,0,0
0,31.28351,0,0,0,270,0,0,0
0,31.28843,0,0,0,270,0,0,0
0,31.2933,0,0,0,270,0,0,0
0,31.29832,0,0,0,270,0,0,0
0,31.30406,0,0,0,270,0,0,0
0,31.30858,0,0,0,270,0,0,0
0,31.31584,0,0,0,270,0,0,0
0,31.3214,0,0,0,270,0,0,0
0,31.32785,0,0,0,270,0,0,0
0,31.3347,0,0,0,270,0,0,0
0,31.34068,0,0,0,270,0,0,0
0,31.34909,0,0,0,270,0,0,0
0,31.35817,0,0,0,270,0,0,0
0,31.36508,0,0,0,270,0,0,0
0,31.37129,0,0,0,270,0,0,0
0,31.37714,0,0,0,270,0,0,0
0,31.38439,0,0,0,270,0,0,0
0,31.39059,0,0,0,270,0,0,0
0,31.39779,0,0,0,270,0,0,0
0,31.40575,0,0,0,270,0,0,0
0,31.41305,0,0,0,270,0,0,0
0,31.42099,0,0,0,270,0,0,0
0,31.42858,0,0,0,270,0,0,0
0,31.43594,0,0,0,270,0,0,0
0,31.44332,0,0,0,270,0,0,0
0,31.45153,0,0,0,270,0,0,0
0,31.4584,0,0,0,270,0,0,0
0,31.46492,0,0,0,270,0,0,0
0,31.47175,0,0,0,270,0,0,0
0,31.47796,0,0,0,270,0,0,0
0,31.48486,0,0,0,270,0,0,0
0,31.49143,0,0,0,270,0,0,0
0,31.49861,0,0,0,270,0,0,0
0,31.50678,0,0,0,270,0,0,0
0,31.51231,0,0,0,270,0,0,0
0,31.51837,0,0,0,270,0,0,0
0,31.52532,0,0,0,270,0,0,0
0,31.53251,0,0,0,270,0,0,0
0,31.54002,0,0,0,270,0,0,0
0,31.54693,0,0,0,270,0,0,0
0,31.55496,0,0,0,270,0,0,0
0,31.56626,0,0,0,270,0,0,0
0,31.57335,0,0,0,270,0,0,0
0,31.58003,0,0,0,270,0,0,0
0,31.58725,0,0,0,270,0,0,0
0,31.59257,0,0,0,270,0,0,0
0,31.59915,0,0,0,270,0,0,0
0,31.60621,0,0,0,270,0,0,0
0,31.61204,0,0,0,270,0,0,0
0,31.61763,0,0,0,270,0,0,0
0,31.62362,0,0,0,270,0,0,0
0,31.63067,0,0,0,270,0,0,0
0,31.63594,0,0,0,270,0,0,0
0,31.64196,0,0,0,270,0,0,0
0,31.64716,0,0,0,270,0,0,0
0,31.65238,0,0,0,270,0,0,0
0,31.65739,0,0,0,270,0,0,0
0,31.66379,0,0,0,270,0,0,0
0,31.66859,0,0,0,270,0,0,0
0,31.67389,0,0,0,270,0,0,0
0,31.67872,0,0,0,270,0,0,0
0,31.68579,0,0,0,270,0,0,0
0,31.69184,0,0,0,270,0,0,0
0,31.69787,0,0,0,270,0,0,0
0,31.70298,0,0,0,270,0,0,0
0,31.71017,0,0,0,270,0,0,0
0,31.71708,0,0,0,270,0,0,0
0,31.72283,0,0,0,270,0,0,0
0,31.72856,0,0,0,270,0,0,0
0,31.7338,0,0,0,270,0,0,0
0,31.7402,0,0,0,270,0,0,0
0,31.74613,0,0,0,270,0,0,0
0,31.75376,0,0,0,270,0,0,0
0,31.76,0,0,0,270,0,0,0
0,31.76655,0,0,0,270,0,0,0
0,31.77256,0,0,0,270,0,0,0
0,31.77778,0,0,0,270,0,0,0
0,31.78372,0,0,0,270,0,0,0
0,31.78948,0,0,0,270,0,0,0
0,31.79513,0,0,0,270,0,0,0
0,31.80053,0,0,0,270,0,0,0
0,31.80679,0,0,0,270,0,0,0
0,31.81292,0,0,0,270,0,0,0
0,31.81966,0,0,0,270,0,0,0
0,31.82611,0,0,0,270,0,0,0
0,31.83331,0,0,0,270,0,0,0
0,31.83983,0,0,0,270,0,0,0
0,31.84595,0,0,0,270,0,0,0
0,31.85202,0,0,0,270,0,0,0
0,31.85859,0,0,0,270,0,0,0
0,31.86546,0,0,0,270,0,0,0
0,31.87124,0,0,0,270,0,0,0
0,31.87765,0,0,0,270,0,0,0
0,31.88412,0,0,0,270,0,0,0
0,31.8899,0,0,0,270,0,0,0
0,31.8961,0,0,0,270,0,0,0
0,31.90154,0,0,0,270,0,0,0
0,31.90821,0,0,0,270,0,0,0
0,31.91409,0,0,0,270,0,0,0
0,31.92054,0,0,0,270,0,0,0
0,31.92835,0,0,0,270,0,0,0
0,31.9342,0,0,0,270,0,0,0
0,31.94107,0,0,0,270,0,0,0
0,31.94797,0,0,0,270,0,0,0
0,31.95556,0,0,0,270,0,0,0
0,31.96264,0,0,0,270,0,0,0
0,31.97186,0,0,0,270,0,0,0
0,31.97816,0,0,0,270,0,0,0
0,31.98448,0,0,0,270,0,0,0
0,31.99053,0,0,0,270,0,0,0
0,31.99729,0,0,0,270,0,0,0
0,32.00452,0,0,0,270,0,0,0
0,32.01164,0,0,0,270,0,0,0
0,32.01801,0,0,0,270,0,0,0
0,32.02319,0,0,0,270,0,0,0
0,32.02935,0,0,0,270,0,0,0
0,32.03488,0,0,0,270,0,0,0
0,32.04062,0,0,0,270,0,0,0
0,32.04671,0,0,0,270,0,0,0
0,32.05347,0,0,0,270,0,0,0
0,32.05869,0,0,0,270,0,0,0
0,32.06548,0,0,0,270,0,0,0
0,32.0713,0,0,0,270,0,0,0
0,32.07616,0,0,0,270,0,0,0
0,32.08111,0,0,0,270,0,0,0
0,32.08725,0,0,0,270,0,0,0
0,32.09288,0,0,0,270,0,0,0
0,32.09925,0,0,0,270,0,0,0
0,32.10538,0,0,0,270,0,0,0
0,32.11116,0,0,0,270,0,0,0
0,32.11717,0,0,0,270,0,0,0
0,32.12318,0,0,0,270,0,0,0
0,32.12893,0,0,0,270,0,0,0
0,32.13446,0,0,0,270,0,0,0
0,32.13964,0,0,0,270,0,0,0
0,32.14608,0,0,0,270,0,0,0
0,32.15237,0,0,0,270,0,0,0
0,32.15838,0,0,0,270,0,0,0
0,32.16549,0,0,0,270,0,0,0
0,32.17302,0,0,0,270,0,0,0
0,32.17877,0,0,0,270,0,0,0
0,32.18517,0,0,0,270,0,0,0
0,32.19173,0,0,0,270,0,0,0
0,32.19843,0,0,0,270,0,0,0
0,32.20592,0,0,0,270,0,0,0
0,32.21301,0,0,0,270,0,0,0
0,32.22192,0,0,0,270,0,0,0
0,32.22847,0,0,0,270,0,0,0
0,32.23394,0,0,0,270,0,0,0
0,32.23973,0,0,0,270,0,0,0
0,32.24585,0,0,0,270,0,0,0
0,32.25249,0,0,0,270,0,0,0
0,32.2577,0,0,0,270,0,0,0
0,32.26421,0,0,0,270,0,0,0
0,32.27043,0,0,0,270,0,0,0
0,32.27729,0,0,0,270,0,0,0
0,32.28348,0,0,0,270,0,0,0
0,32.28992,0,0,0,270,0,0,0
0,32.29707,0,0,0,270,0,0,0
0,32.30363,0,0,0,270,0,0,0
0,32.31007,0,0,0,270,0,0,0
0,32.31712,0,0,0,270,0,0,0
0,32.3228,0,0,0,270,0,0,0
0,32.32915,0,0,0,270,0,0,0
0,32.33456,0,0,0,270,0,0,0
0,32.33968,0,0,0,270,0,0,0
0,32.3453,0,0,0,270,0,0,0
0,32.3517,0,0,0,270,0,0,0
0,32.35773,0,0,0,270,0,0,0
0,32.36392,0,0,0,270,0,0,0
0,32.36979,0,0,0,270,0,0,0
0,32.3815,0,0,0,270,0,0,0
0,32.38704,0,0,0,270,0,0,0
0,32.39212,0,0,0,270,0,0,0
0,32.3985,0,0,0,270,0,0,0
0,32.4051,0,0,0,270,0,0,0
0,32.41022,0,0,0,270,0,0,0
0,32.41647,0,0,0,270,0,0,0
0,32.42196,0,0,0,270,0,0,0
0,32.42882,0,0,0,270,0,0,0
0,32.43428,0,0,0,270,0,0,0
0,32.44107,0,0,0,270,0,0,0
0,32.44721,0,0,0,270,0,0,0
0,32.45235,0,0,0,270,0,0,0
0,32.46076,0,0,0,270,0,0,0
0,32.46762,0,0,0,270,0,0,0
0,32.47432,0,0,0,270,0,0,0
0,32.4817,0,0,0,270,0,0,0
0,32.48757,0,0,0,270,0,0,0
0,32.49405,0,0,0,270,0,0,0
0,32.50105,0,0,0,270,0,0,0
0,32.50774,0,0,0,270,0,0,0
0,32.51448,0,0,0,270,0,0,0
0,32.52197,0,0,0,270,0,0,0
0,32.52867,0,0,0,270,0,0,0
0,32.53367,0,0,0,270,0,0,0
0,32.53944,0,0,0,270,0,0,0
0,32.54638,0,0,0,270,0,0,0
0,32.55294,0,0,0,270,0,0,0
0,32.55849,0,0,0,270,0,0,0
0,32.56523,0,0,0,270,0,0,0
0,32.57168,0,0,0,270,0,0,0
0,32.58036,0,0,0,270,0,0,0
0,32.58809,0,0,0,270,0,0,0
0,32.5954,0,0,0,270,0,0,0
0,32.60267,0,0,0,270,0,0,0
0,32.60938,0,0,0,270,0,0,0
0,32.61577,0,0,0,270,0,0,0
0,32.621,0,0,0,270,0,0,0
0,32.62867,0,0,0,270,0,0,0
0,32.63482,0,0,0,270,0,0,0
0,32.64102,0,0,0,270,0,0,0
0,32.64786,0,0,0,270,0,0,0
0,32.65419,0,0,0,270,0,0,0
0,32.66103,0,0,0,270,0,0,0
0,32.67451,0,0,0,270,0,0,0
0,32.6857,0,0,0,270,0,0,0
0,32.7065,0,0,0,270,0,0,0
0,32.7125,0,0,0,270,0,0,0
0,32.71931,0,0,0,270,0,0,0
0,32.72699,0,0,0,270,0,0,0
0,32.73444,0,0,0,270,0,0,0
0,32.74287,0,0,0,270,0,0,0
0,32.7504,0,0,0,270,0,0,0
0,32.75739,0,0,0,270,0,0,0
0,32.76448,0,0,0,270,0,0,0
0,32.7727,0,0,0,270,0,0,0
0,32.7824,0,0,0,270,0,0,0
0,32.78899,0,0,0,270,0,0,0
0,32.79567,0,0,0,270,0,0,0
0,32.80297,0,0,0,270,0,0,0
0,32.80947,0,0,0,270,0,0,0
0,32.81613,0,0,0,270,0,0,0
0,32.82318,0,0,0,270,0,0,0
0,32.82985,0,0,0,270,0,0,0
0,32.8418,0,0,0,270,0,0,0
0,32.84964,0,0,0,270,0,0,0
0,32.8557,0,0,0,270,0,0,0
0,32.86305,0,0,0,270,0,0,0
0,32.86992,0,0,0,270,0,0,0
0,32.87655,0,0,0,270,0,0,0
0,32.88561,0,0,0,270,0,0,0
0,32.89227,0,0,0,270,0,0,0
0,32.89944,0,0,0,270,0,0,0
0,32.9055,0,0,0,270,0,0,0
0,32.91123,0,0,0,270,0,0,0
0,32.91698,0,0,0,270,0,0,0
0,32.92212,0,0,0,270,0,0,0
0,32.9281,0,0,0,270,0,0,0
0,32.93383,0,0,0,270,0,0,0
0,32.94021,0,0,0,270,0,0,0
0,32.94559,0,0,0,270,0,0,0
0,32.95131,0,0,0,270,0,0,0
0,32.95729,0,0,0,270,0,0,0
0,32.96296,0,0,0,270,0,0,0
0,32.96852,0,0,0,270,0,0,0
0,32.97485,0,0,0,270,0,0,0
0,32.98422,0,0,0,270,0,0,0
0,32.99078,0,0,0,270,0,0,0
0,32.99689,0,0,0,270,0,0,0
0,33.00341,0,0,0,270,0,0,0
0,33.00941,0,0,0,270,0,0,0
0,33.01581,0,0,0,270,0,0,0
0,33.02267,0,0,0,270,0,0,0
0,33.02866,0,0,0,270,0,0,0
0,33.03449,0,0,0,270,0,0,0
0,33.04052,0,0,0,270,0,0,0
0,33.04531,0,0,0,270,0,0,0
0,33.05087,0,0,0,270,0,0,0
0,33.05573,0,0,0,270,0,0,0
0,33.06174,0,0,0,270,0,0,0
0,33.06729,0,0,0,270,0,0,0
0,33.07279,0,0,0,270,0,0,0
0,33.07962,0,0,0,270,0,0,0
0,33.08654,0,0,0,270,0,0,0
0,33.09179,0,0,0,270,0,0,0
0,33.09777,0,0,0,270,0,0,0
0,33.10359,0,0,0,270,0,0,0
0,33.11086,0,0,0,270,0,0,0
0,33.11715,0,0,0,270,0,0,0
0,33.12268,0,0,0,270,0,0,0
0,33.12908,0,0,0,270,0,0,0
0,33.13533,0,0,0,270,0,0,0
0,33.14215,0,0,0,270,0,0,0
0,33.14778,0,0,0,270,0,0,0
0,33.15407,0,0,0,270,0,0,0
0,33.16052,0,0,0,270,0,0,0
0,33.16668,0,0,0,270,0,0,0
0,33.17527,0,0,0,270,0,0,0
0,33.18479,0,0,0,270,0,0,0
0,33.19204,0,0,0,270,0,0,0
0,33.19873,0,0,0,270,0,0,0
0,33.2058,0,0,0,270,0,0,0
0,33.21227,0,0,0,270,0,0,0
0,33.21856,0,0,0,270,0,0,0
0,33.22458,0,0,0,270,0,0,0
0,33.23209,0,0,0,270,0,0,0
0,33.23935,0,0,0,270,0,0,0
0,33.24544,0,0,0,270,0,0,0
0,33.25111,0,0,0,270,0,0,0
0,33.25685,0,0,0,270,0,0,0
0,33.26295,0,0,0,270,0,0,0
0,33.26818,0,0,0,270,0,0,0
0,33.27378,0,0,0,270,0,0,0
0,33.2791,0,0,0,270,0,0,0
0,33.2844,0,0,0,270,0,0,0
0,33.29008,0,0,0,270,0,0,0
0,33.29544,0,0,0,270,0,0,0
0,33.30048,0,0,0,270,0,0,0
0,33.3067,0,0,0,270,0,0,0
0,33.31215,0,0,0,270,0,0,0
0,33.31824,0,0,0,270,0,0,0
0,33.32342,0,0,0,270,0,0,0
0,33.32962,0,0,0,270,0,0,0
0,33.33548,0,0,0,270,0,0,0
0,33.34153,0,0,0,270,0,0,0
0,33.34709,0,0,0,270,0,0,0
0,33.35359,0,0,0,270,0,0,0
0,33.36,0,0,0,270,0,0,0
0,33.36599,0,0,0,270,0,0,0
0,33.37257,0,0,0,270,0,0,0
0,33.37794,0,0,0,270,0,0,0
0,33.38667,0,0,0,270,0,0,0
0,33.39256,0,0,0,270,0,0,0
0,33.39859,0,0,0,270,0,0,0
0,33.40447,0,0,0,270,0,0,0
0,33.41011,0,0,0,270,0,0,0
0,33.41606,0,0,0,270,0,0,0
0,33.42185,0,0,0,270,0,0,0
0,33.42799,0,0,0,270,0,0,0
0,33.433,0,0,0,270,0,0,0
0,33.43845,0,0,0,270,0,0,0
0,33.44437,0,0,0,270,0,0,0
0,33.45057,0,0,0,270,0,0,0
0,33.45707,0,0,0,270,0,0,0
0,33.46242,0,0,0,270,0,0,0
0,33.46696,0,0,0,270,0,0,0
0,33.47225,0,0,0,270,0,0,0
0,33.47733,0,0,0,270,0,0,0
0,33.48314,0,0,0,270,0,0,0
0,33.48926,0,0,0,270,0,0,0
0,33.49593,0,0,0,270,0,0,0
0,33.50137,0,0,0,270,0,0,0
0,33.50843,0,0,0,270,0,0,0
0,33.51579,0,0,0,270,0,0,0
0,33.52324,0,0,0,270,0,0,0
0,33.53011,0,0,0,270,0,0,0
0,33.53638,0,0,0,270,0,0,0
0,33.54372,0,0,0,270,0,0,0
0,33.55016,0,0,0,270,0,0,0
0,33.55556,0,0,0,270,0,0,0
0,33.56126,0,0,0,270,0,0,0
0,33.56703,0,0,0,270,0,0,0
0,33.57305,0,0,0,270,0,0,0
0,33.57951,0,0,0,270,0,0,0
0,33.58664,0,0,0,270,0,0,0
0,33.59238,0,0,0,270,0,0,0
0,33.59853,0,0,0,270,0,0,0
0,33.60472,0,0,0,270,0,0,0
0,33.61069,0,0,0,270,0,0,0
0,33.61681,0,0,0,270,0,0,0
0,33.62188,0,0,0,270,0,0,0
0,33.62791,0,0,0,270,0,0,0
0,33.63406,0,0,0,270,0,0,0
0,33.63975,0,0,0,270,0,0,0
0,33.64557,0,0,0,270,0,0,0
0,33.65133,0,0,0,270,0,0,0
0,33.65732,0,0,0,270,0,0,0
0,33.66409,0,0,0,270,0,0,0
0,33.66985,0,0,0,270,0,0,0
0,33.67596,0,0,0,270,0,0,0
0,33.6811,0,0,0,270,0,0,0
0,33.68643,0,0,0,270,0,0,0
0,33.69159,0,0,0,270,0,0,0
0,33.69696,0,0,0,270,0,0,0
0,33.7023,0,0,0,270,0,0,0
0,33.70946,0,0,0,270,0,0,0
0,33.71592,0,0,0,270,0,0,0
0,33.72256,0,0,0,270,0,0,0
0,33.72868,0,0,0,270,0,0,0
0,33.7338,0,0,0,270,0,0,0
0,33.73956,0,0,0,270,0,0,0
0,33.74555,0,0,0,270,0,0,0
0,33.75097,0,0,0,270,0,0,0
0,33.75724,0,0,0,270,0,0,0
0,33.76456,0,0,0,270,0,0,0
0,33.77286,0,0,0,270,0,0,0
0,33.77991,0,0,0,270,0,0,0
0,33.79085,0,0,0,270,0,0,0
0,33.79734,0,0,0,270,0,0,0
0,33.80467,0,0,0,270,0,0,0
0,33.81096,0,0,0,270,0,0,0
0,33.81763,0,0,0,270,0,0,0
0,33.82312,0,0,0,270,0,0,0
0,33.82986,0,0,0,270,0,0,0
0,33.83622,0,0,0,270,0,0,0
0,33.84336,0,0,0,270,0,0,0
0,33.85092,0,0,0,270,0,0,0
0,33.85682,0,0,0,270,0,0,0
0,33.86332,0,0,0,270,0,0,0
0,33.86886,0,0,0,270,0,0,0
0,33.87484,0,0,0,270,0,0,0
0,33.88109,0,0,0,270,0,0,0
0,33.88795,0,0,0,270,0,0,0
0,33.89536,0,0,0,270,0,0,0
0,33.90219,0,0,0,270,0,0,0
0,33.91053,0,0,0,270,0,0,0
0,33.91683,0,0,0,270,0,0,0
0,33.92253,0,0,0,270,0,0,0
0,33.92905,0,0,0,270,0,0,0
0,33.93487,0,0,0,270,0,0,0
0,33.94206,0,0,0,270,0,0,0
0,33.94864,0,0,0,270,0,0,0
0,33.95435,0,0,0,270,0,0,0
0,33.96154,0,0,0,270,0,0,0
0,33.96774,0,0,0,270,0,0,0
0,33.97483,0,0,0,270,0,0,0
0,33.98138,0,0,0,270,0,0,0
0,33.98977,0,0,0,270,0,0,0
0,33.99634,0,0,0,270,0,0,0
0,34.00237,0,0,0,270,0,0,0
0,34.0088,0,0,0,270,0,0,0
0,34.0148,0,0,0,270,0,0,0
0,34.02109,0,0,0,270,0,0,0
0,34.02755,0,0,0,270,0,0,0
0,34.03354,0,0,0,270,0,0,0
0,34.04011,0,0,0,270,0,0,0
0,34.04552,0,0,0,270,0,0,0
0,34.05183,0,0,0,270,0,0,0
0,34.05736,0,0,0,270,0,0,0
0,34.064,0,0,0,270,0,0,0
0,34.07026,0,0,0,270,0,0,0
0,34.07606,0,0,0,270,0,0,0
0,34.08284,0,0,0,270,0,0,0
0,34.08867,0,0,0,270,0,0,0
0,34.09443,0,0,0,270,0,0,0
0,34.10133,0,0,0,270,0,0,0
0,34.10767,0,0,0,270,0,0,0
0,34.11376,0,0,0,270,0,0,0
0,34.12017,0,0,0,270,0,0,0
0,34.12579,0,0,0,270,0,0,0
0,34.13181,0,0,0,270,0,0,0
0,34.13769,0,0,0,270,0,0,0
0,34.14363,0,0,0,270,0,0,0
0,34.14946,0,0,0,270,0,0,0
0,34.15444,0,0,0,270,0,0,0
0,34.16018,0,0,0,270,0,0,0
0,34.16592,0,0,0,270,0,0,0
0,34.17168,0,0,0,270,0,0,0
0,34.17703,0,0,0,270,0,0,0
0,34.18303,0,0,0,270,0,0,0
0,34.1901,0,0,0,270,0,0,0
0,34.19678,0,0,0,270,0,0,0
0,34.20283,0,0,0,270,0,0,0
0,34.20948,0,0,0,270,0,0,0
0,34.2167,0,0,0,270,0,0,0
0,34.2229,0,0,0,270,0,0,0
0,34.22988,0,0,0,270,0,0,0
0,34.23508,0,0,0,270,0,0,0
0,34.24079,0,0,0,270,0,0,0
0,34.24669,0,0,0,270,0,0,0
0,34.25217,0,0,0,270,0,0,0
0,34.25838,0,0,0,270,0,0,0
0,34.26547,0,0,0,270,0,0,0
0,34.271,0,0,0,270,0,0,0
0,34.27614,0,0,0,270,0,0,0
0,34.28284,0,0,0,270,0,0,0
0,34.28861,0,0,0,270,0,0,0
0,34.29433,0,0,0,270,0,0,0
0,34.30083,0,0,0,270,0,0,0
0,34.30742,0,0,0,270,0,0,0
0,34.31391,0,0,0,270,0,0,0
0,34.32027,0,0,0,270,0,0,0
0,34.32654,0,0,0,270,0,0,0
0,34.33301,0,0,0,270,0,0,0
0,34.3392,0,0,0,270,0,0,0
0,34.34589,0,0,0,270,0,0,0
0,34.3526,0,0,0,270,0,0,0
0,34.35781,0,0,0,270,0,0,0
0,34.36463,0,0,0,270,0,0,0
0,34.36954,0,0,0,270,0,0,0
0,34.37453,0,0,0,270,0,0,0
0,34.38039,0,0,0,270,0,0,0
0,34.38696,0,0,0,270,0,0,0
0,34.39589,0,0,0,270,0,0,0
0,34.40115,0,0,0,270,0,0,0
0,34.40645,0,0,0,270,0,0,0
0,34.41238,0,0,0,270,0,0,0
0,34.41887,0,0,0,270,0,0,0
0,34.42509,0,0,0,270,0,0,0
0,34.43062,0,0,0,270,0,0,0
0,34.43602,0,0,0,270,0,0,0
0,34.44197,0,0,0,270,0,0,0
0,34.44855,0,0,0,270,0,0,0
0,34.45421,0,0,0,270,0,0,0
0,34.46079,0,0,0,270,0,0,0
0,34.46665,0,0,0,270,0,0,0
0,34.47306,0,0,0,270,0,0,0
0,34.47955,0,0,0,270,0,0,0
0,34.48547,0,0,0,270,0,0,0
0,34.49079,0,0,0,270,0,0,0
0,34.49597,0,0,0,270,0,0,0
0,34.50119,0,0,0,270,0,0,0
0,34.50831,0,0,0,270,0,0,0
0,34.51399,0,0,0,270,0,0,0
0,34.52023,0,0,0,270,0,0,0
0,34.52522,0,0,0,270,0,0,0
0,34.53052,0,0,0,270,0,0,0
0,34.53585,0,0,0,270,0,0,0
0,34.54212,0,0,0,270,0,0,0
0,34.54921,0,0,0,270,0,0,0
0,34.556,0,0,0,270,0,0,0
0,34.56464,0,0,0,270,0,0,0
0,34.57175,0,0,0,270,0,0,0
0,34.57911,0,0,0,270,0,0,0
0,34.58599,0,0,0,270,0,0,0
0,34.59211,0,0,0,270,0,0,0
0,34.60118,0,0,0,270,0,0,0
0,34.60755,0,0,0,270,0,0,0
0,34.61379,0,0,0,270,0,0,0
0,34.62023,0,0,0,270,0,0,0
0,34.62681,0,0,0,270,0,0,0
0,34.63269,0,0,0,270,0,0,0
0,34.63968,0,0,0,270,0,0,0
0,34.64615,0,0,0,270,0,0,0
0,34.65273,0,0,0,270,0,0,0
0,34.65878,0,0,0,270,0,0,0
0,34.66521,0,0,0,270,0,0,0
0,34.67096,0,0,0,270,0,0,0
0,34.67631,0,0,0,270,0,0,0
0,34.6815,0,0,0,270,0,0,0
0,34.68685,0,0,0,270,0,0,0
0,34.69186,0,0,0,270,0,0,0
0,34.69772,0,0,0,270,0,0,0
0,34.70366,0,0,0,270,0,0,0
0,34.71006,0,0,0,270,0,0,0
0,34.71684,0,0,0,270,0,0,0
0,34.72321,0,0,0,270,0,0,0
0,34.72966,0,0,0,270,0,0,0
0,34.73628,0,0,0,270,0,0,0
0,34.74265,0,0,0,270,0,0,0
0,34.74817,0,0,0,270,0,0,0
0,34.75403,0,0,0,270,0,0,0
0,34.76103,0,0,0,270,0,0,0
0,34.76711,0,0,0,270,0,0,0
0,34.77373,0,0,0,270,0,0,0
0,34.78019,0,0,0,270,0,0,0
0,34.78674,0,0,0,270,0,0,0
0,34.79264,0,0,0,270,0,0,0
0,34.80035,0,0,0,270,0,0,0
0,34.80667,0,0,0,270,0,0,0
0,34.81237,0,0,0,270,0,0,0
0,34.81863,0,0,0,270,0,0,0
0,34.82538,0,0,0,270,0,0,0
0,34.83209,0,0,0,270,0,0,0
0,34.83744,0,0,0,270,0,0,0
0,34.84252,0,0,0,270,0,0,0
0,34.85642,0,0,0,270,0,0,0
0,34.86356,0,0,0,270,0,0,0
0,34.86988,0,0,0,270,0,0,0
0,34.87575,0,0,0,270,0,0,0
0,34.88093,0,0,0,270,0,0,0
0,34.88623,0,0,0,270,0,0,0
0,34.89147,0,0,0,270,0,0,0
0,34.89754,0,0,0,270,0,0,0
0,34.90306,0,0,0,270,0,0,0
0,34.90908,0,0,0,270,0,0,0
0,34.91555,0,0,0,270,0,0,0
0,34.92179,0,0,0,270,0,0,0
0,34.92881,0,0,0,270,0,0,0
0,34.93483,0,0,0,270,0,0,0
0,34.94099,0,0,0,270,0,0,0
0,34.94666,0,0,0,270,0,0,0
0,34.95286,0,0,0,270,0,0,0
0,34.95886,0,0,0,270,0,0,0
0,34.96653,0,0,0,270,0,0,0
0,34.97396,0,0,0,270,0,0,0
0,34.9808,0,0,0,270,0,0,0
0,34.98744,0,0,0,270,0,0,0
0,34.994,0,0,0,270,0,0,0
0,35.00249,0,0,0,270,0,0,0
0,35.00905,0,0,0,270,0,0,0
0,35.01438,0,0,0,270,0,0,0
0,35.02044,0,0,0,270,0,0,0
0,35.02655,0,0,0,270,0,0,0
0,35.03312,0,0,0,270,0,0,0
0,35.03994,0,0,0,270,0,0,0
0,35.04521,0,0,0,270,0,0,0
0,35.05182,0,0,0,270,0,0,0
0,35.05807,0,0,0,270,0,0,0
0,35.0662,0,0,0,270,0,0,0
0,35.07336,0,0,0,270,0,0,0
0,35.08039,0,0,0,270,0,0,0
0,35.08877,0,0,0,270,0,0,0
0,35.09596,0,0,0,270,0,0,0
0,35.10292,0,0,0,270,0,0,0
0,35.10967,0,0,0,270,0,0,0
0,35.11628,0,0,0,270,0,0,0
0,35.12256,0,0,0,270,0,0,0
0,35.12975,0,0,0,270,0,0,0
0,35.13628,0,0,0,270,0,0,0
0,35.14229,0,0,0,270,0,0,0
0,35.14888,0,0,0,270,0,0,0
0,35.15579,0,0,0,270,0,0,0
0,35.16274,0,0,0,270,0,0,0
0,35.16875,0,0,0,270,0,0,0
0,35.17491,0,0,0,270,0,0,0
0,35.18135,0,0,0,270,0,0,0
0,35.18761,0,0,0,270,0,0,0
0,35.19453,0,0,0,270,0,0,0
0,35.2018,0,0,0,270,0,0,0
0,35.20823,0,0,0,270,0,0,0
0,35.21436,0,0,0,270,0,0,0
0,35.22149,0,0,0,270,0,0,0
0,35.22916,0,0,0,270,0,0,0
0,35.2351,0,0,0,270,0,0,0
0,35.24176,0,0,0,270,0,0,0
0,35.24771,0,0,0,270,0,0,0
0,35.25344,0,0,0,270,0,0,0
0,35.25936,0,0,0,270,0,0,0
0,35.26531,0,0,0,270,0,0,0
0,35.27261,0,0,0,270,0,0,0
0,35.27906,0,0,0,270,0,0,0
0,35.28616,0,0,0,270,0,0,0
0,35.29143,0,0,0,270,0,0,0
0,35.29628,0,0,0,270,0,0,0
0,35.301,0,0,0,270,0,0,0
0,35.30661,0,0,0,270,0,0,0
0,35.31159,0,0,0,270,0,0,0
0,35.31678,0,0,0,270,0,0,0
0,35.3221,0,0,0,270,0,0,0
0,35.32806,0,0,0,270,0,0,0
0,35.33359,0,0,0,270,0,0,0
0,35.33992,0,0,0,270,0,0,0
0,35.34526,0,0,0,270,0,0,0
0,35.35088,0,0,0,270,0,0,0
0,35.35656,0,0,0,270,0,0,0
0,35.36212,0,0,0,270,0,0,0
0,35.36713,0,0,0,270,0,0,0
0,35.37266,0,0,0,270,0,0,0
0,35.37732,0,0,0,270,0,0,0
0,35.38248,0,0,0,270,0,0,0
0,35.38707,0,0,0,270,0,0,0
0,35.39187,0,0,0,270,0,0,0
0,35.39826,0,0,0,270,0,0,0
0,35.4054,0,0,0,270,0,0,0
0,35.41139,0,0,0,270,0,0,0
0,35.41691,0,0,0,270,0,0,0
0,35.42238,0,0,0,270,0,0,0
0,35.42883,0,0,0,270,0,0,0
0,35.43417,0,0,0,270,0,0,0
0,35.43996,0,0,0,270,0,0,0
0,35.4458,0,0,0,270,0,0,0
0,35.45184,0,0,0,270,0,0,0
0,35.45895,0,0,0,270,0,0,0
0,35.465,0,0,0,270,0,0,0
0,35.47158,0,0,0,270,0,0,0
0,35.4764,0,0,0,270,0,0,0
0,35.48142,0,0,0,270,0,0,0
0,35.48753,0,0,0,270,0,0,0
0,35.49409,0,0,0,270,0,0,0
0,35.49979,0,0,0,270,0,0,0
0,35.50921,0,0,0,270,0,0,0
0,35.51418,0,0,0,270,0,0,0
0,35.52087,0,0,0,270,0,0,0
0,35.52715,0,0,0,270,0,0,0
0,35.53244,0,0,0,270,0,0,0
0,35.53832,0,0,0,270,0,0,0
0,35.54501,0,0,0,270,0,0,0
0,35.55874,0,0,0,270,0,0,0
0,35.57026,0,0,0,270,0,0,0
0,35.59149,0,0,0,270,0,0,0
0,35.59932,0,0,0,270,0,0,0
0,35.61045,0,0,0,270,0,0,0
0,35.61903,0,0,0,270,0,0,0
0,35.62851,0,0,0,270,0,0,0
0,35.63604,0,0,0,270,0,0,0
0,35.64479,0,0,0,270,0,0,0
0,35.65129,0,0,0,270,0,0,0
0,35.65857,0,0,0,270,0,0,0
0,35.66525,0,0,0,270,0,0,0
0,35.67112,0,0,0,270,0,0,0
0,35.67806,0,0,0,270,0,0,0
0,35.68524,0,0,0,270,0,0,0
0,35.6921,0,0,0,270,0,0,0
0,35.69923,0,0,0,270,0,0,0
0,35.70675,0,0,0,270,0,0,0
0,35.71267,0,0,0,270,0,0,0
0,35.71864,0,0,0,270,0,0,0
0,35.7255,0,0,0,270,0,0,0
0,35.73193,0,0,0,270,0,0,0
0,35.73886,0,0,0,270,0,0,0
0,35.74482,0,0,0,270,0,0,0
0,35.75227,0,0,0,270,0,0,0
0,35.75849,0,0,0,270,0,0,0
0,35.7646,0,0,0,270,0,0,0
0,35.77076,0,0,0,270,0,0,0
0,35.77697,0,0,0,270,0,0,0
0,35.78467,0,0,0,270,0,0,0
0,35.7915,0,0,0,270,0,0,0
0,35.79818,0,0,0,270,0,0,0
0,35.80561,0,0,0,270,0,0,0
0,35.81471,0,0,0,270,0,0,0
0,35.82119,0,0,0,270,0,0,0
0,35.82729,0,0,0,270,0,0,0
0,35.83352,0,0,0,270,0,0,0
0,35.83946,0,0,0,270,0,0,0
0,35.84536,0,0,0,270,0,0,0
0,35.85068,0,0,0,270,0,0,0
0,35.85605,0,0,0,270,0,0,0
0,35.86347,0,0,0,270,0,0,0
0,35.86881,0,0,0,270,0,0,0
0,35.87521,0,0,0,270,0,0,0
0,35.88128,0,0,0,270,0,0,0
0,35.88677,0,0,0,270,0,0,0
0,35.89174,0,0,0,270,0,0,0
0,35.89806,0,0,0,270,0,0,0
0,35.90337,0,0,0,270,0,0,0
0,35.9099,0,0,0,270,0,0,0
0,35.91636,0,0,0,270,0,0,0
0,35.92167,0,0,0,270,0,0,0
0,35.92774,0,0,0,270,0,0,0
0,35.93314,0,0,0,270,0,0,0
0,35.94033,0,0,0,270,0,0,0
0,35.94705,0,0,0,270,0,0,0
0,35.95365,0,0,0,270,0,0,0
0,35.96049,0,0,0,270,0,0,0
0,35.96696,0,0,0,270,0,0,0
0,35.97327,0,0,0,270,0,0,0
0,35.97942,0,0,0,270,0,0,0
0,35.98672,0,0,0,270,0,0,0
0,35.99218,0,0,0,270,0,0,0
0,35.99856,0,0,0,270,0,0,0
0,36.00603,0,0,0,270,0,0,0
0,36.01305,0,0,0,270,0,0,0
0,36.02285,0,0,0,270,0,0,0
0,36.03047,0,0,0,270,0,0,0
0,36.03646,0,0,0,270,0,0,0
0,36.04224,0,0,0,270,0,0,0
0,36.04906,0,0,0,270,0,0,0
0,36.0544,0,0,0,270,0,0,0
0,36.06137,0,0,0,270,0,0,0
0,36.06775,0,0,0,270,0,0,0
0,36.07308,0,0,0,270,0,0,0
0,36.07939,0,0,0,270,0,0,0
0,36.0857,0,0,0,270,0,0,0
0,36.09162,0,0,0,270,0,0,0
0,36.09858,0,0,0,270,0,0,0
0,36.10442,0,0,0,270,0,0,0
0,36.1101,0,0,0,270,0,0,0
0,36.1155,0,0,0,270,0,0,0
0,36.12136,0,0,0,270,0,0,0
0,36.12693,0,0,0,270,0,0,0
0,36.13251,0,0,0,270,0,0,0
0,36.13808,0,0,0,270,0,0,0
0,36.1436,0,0,0,270,0,0,0
0,36.14936,0,0,0,270,0,0,0
0,36.15537,0,0,0,270,0,0,0
0,36.16157,0,0,0,270,0,0,0
0,36.1682,0,0,0,270,0,0,0
0,36.17484,0,0,0,270,0,0,0
0,36.17981,0,0,0,270,0,0,0
0,36.18632,0,0,0,270,0,0,0
0,36.19223,0,0,0,270,0,0,0
0,36.19911,0,0,0,270,0,0,0
0,36.20626,0,0,0,270,0,0,0
0,36.21341,0,0,0,270,0,0,0
0,36.22176,0,0,0,270,0,0,0
0,36.22956,0,0,0,270,0,0,0
0,36.23615,0,0,0,270,0,0,0
0,36.2443,0,0,0,270,0,0,0
0,36.25099,0,0,0,270,0,0,0
0,36.25774,0,0,0,270,0,0,0
0,36.26384,0,0,0,270,0,0,0
0,36.26982,0,0,0,270,0,0,0
0,36.27731,0,0,0,270,0,0,0
0,36.28476,0,0,0,270,0,0,0
0,36.29211,0,0,0,270,0,0,0
0,36.30045,0,0,0,270,0,0,0
0,36.31029,0,0,0,270,0,0,0
0,36.31808,0,0,0,270,0,0,0
0,36.32456,0,0,0,270,0,0,0
0,36.33157,0,0,0,270,0,0,0
0,36.33847,0,0,0,270,0,0,0
0,36.34467,0,0,0,270,0,0,0
0,36.35173,0,0,0,270,0,0,0
0,36.35749,0,0,0,270,0,0,0
0,36.36472,0,0,0,270,0,0,0
0,36.37162,0,0,0,270,0,0,0
0,36.37786,0,0,0,270,0,0,0
0,36.38635,0,0,0,270,0,0,0
0,36.39355,0,0,0,270,0,0,0
0,36.40131,0,0,0,270,0,0,0
0,36.41015,0,0,0,270,0,0,0
0,36.4173,0,0,0,270,0,0,0
0,36.427,0,0,0,270,0,0,0
0,36.43281,0,0,0,270,0,0,0
0,36.43907,0,0,0,270,0,0,0
0,36.44554,0,0,0,270,0,0,0
0,36.45097,0,0,0,270,0,0,0
0,36.4561,0,0,0,270,0,0,0
0,36.46184,0,0,0,270,0,0,0
0,36.46719,0,0,0,270,0,0,0
0,36.47347,0,0,0,270,0,0,0
0,36.47912,0,0,0,270,0,0,0
0,36.48441,0,0,0,270,0,0,0
0,36.4909,0,0,0,270,0,0,0
0,36.49634,0,0,0,270,0,0,0
0,36.50196,0,0,0,270,0,0,0
0,36.50943,0,0,0,270,0,0,0
0,36.51665,0,0,0,270,0,0,0
0,36.52295,0,0,0,270,0,0,0
0,36.52957,0,0,0,270,0,0,0
0,36.53502,0,0,0,270,0,0,0
0,36.53994,0,0,0,270,0,0,0
0,36.54473,0,0,0,270,0,0,0
0,36.55143,0,0,0,270,0,0,0
0,36.5575,0,0,0,270,0,0,0
0,36.56287,0,0,0,270,0,0,0
0,36.56794,0,0,0,270,0,0,0
0,36.57369,0,0,0,270,0,0,0
0,36.58062,0,0,0,270,0,0,0
0,36.58643,0,0,0,270,0,0,0
0,36.59141,0,0,0,270,0,0,0
0,36.59783,0,0,0,270,0,0,0
0,36.6042,0,0,0,270,0,0,0
0,36.60976,0,0,0,270,0,0,0
0,36.61561,0,0,0,270,0,0,0
0,36.62072,0,0,0,270,0,0,0
0,36.62858,0,0,0,270,0,0,0
0,36.63419,0,0,0,270,0,0,0
0,36.6396,0,0,0,270,0,0,0
0,36.64552,0,0,0,270,0,0,0
0,36.65302,0,0,0,270,0,0,0
0,36.66064,0,0,0,270,0,0,0
0,36.66708,0,0,0,270,0,0,0
0,36.67293,0,0,0,270,0,0,0
0,36.67931,0,0,0,270,0,0,0
0,36.68672,0,0,0,270,0,0,0
0,36.69254,0,0,0,270,0,0,0
0,36.69875,0,0,0,270,0,0,0
0,36.70618,0,0,0,270,0,0,0
0,36.71227,0,0,0,270,0,0,0
0,36.71853,0,0,0,270,0,0,0
0,36.72472,0,0,0,270,0,0,0
0,36.73162,0,0,0,270,0,0,0
0,36.7382,0,0,0,270,0,0,0
0,36.74533,0,0,0,270,0,0,0
0,36.7539,0,0,0,270,0,0,0
0,36.75941,0,0,0,270,0,0,0
0,36.7657,0,0,0,270,0,0,0
0,36.77158,0,0,0,270,0,0,0
0,36.77732,0,0,0,270,0,0,0
0,36.78451,0,0,0,270,0,0,0
0,36.7915,0,0,0,270,0,0,0
0,36.79858,0,0,0,270,0,0,0
0,36.80589,0,0,0,270,0,0,0
0,36.81257,0,0,0,270,0,0,0
0,36.81958,0,0,0,270,0,0,0
0,36.82569,0,0,0,270,0,0,0
0,36.83553,0,0,0,270,0,0,0
0,36.84203,0,0,0,270,0,0,0
0,36.84818,0,0,0,270,0,0,0
0,36.85447,0,0,0,270,0,0,0
0,36.86284,0,0,0,270,0,0,0
0,36.87002,0,0,0,270,0,0,0
0,36.87801,0,0,0,270,0,0,0
0,36.88495,0,0,0,270,0,0,0
0,36.89017,0,0,0,270,0,0,0
0,36.89772,0,0,0,270,0,0,0
0,36.90459,0,0,0,270,0,0,0
0,36.91039,0,0,0,270,0,0,0
0,36.91789,0,0,0,270,0,0,0
0,36.92386,0,0,0,270,0,0,0
0,36.93084,0,0,0,270,0,0,0
0,36.93641,0,0,0,270,0,0,0
0,36.94296,0,0,0,270,0,0,0
0,36.94973,0,0,0,270,0,0,0
0,36.95523,0,0,0,270,0,0,0
0,36.96172,0,0,0,270,0,0,0
0,36.96719,0,0,0,270,0,0,0
0,36.973,0,0,0,270,0,0,0
0,36.97908,0,0,0,270,0,0,0
0,36.98605,0,0,0,270,0,0,0
0,36.9924,0,0,0,270,0,0,0
0,36.99911,0,0,0,270,0,0,0
0,37.00599,0,0,0,270,0,0,0
0,37.01306,0,0,0,270,0,0,0
0,37.02136,0,0,0,270,0,0,0
0,37.02892,0,0,0,270,0,0,0
0,37.03691,0,0,0,270,0,0,0
0,37.0426,0,0,0,270,0,0,0
0,37.04921,0,0,0,270,0,0,0
0,37.05532,0,0,0,270,0,0,0
0,37.06078,0,0,0,270,0,0,0
0,37.06709,0,0,0,270,0,0,0
0,37.07241,0,0,0,270,0,0,0
0,37.07745,0,0,0,270,0,0,0
0,37.08374,0,0,0,270,0,0,0
0,37.089,0,0,0,270,0,0,0
0,37.09405,0,0,0,270,0,0,0
0,37.10238,0,0,0,270,0,0,0
0,37.10846,0,0,0,270,0,0,0
0,37.1145,0,0,0,270,0,0,0
0,37.12155,0,0,0,270,0,0,0
0,37.12951,0,0,0,270,0,0,0
0,37.13591,0,0,0,270,0,0,0
0,37.14147,0,0,0,270,0,0,0
0,37.14715,0,0,0,270,0,0,0
0,37.15287,0,0,0,270,0,0,0
0,37.15863,0,0,0,270,0,0,0
0,37.16427,0,0,0,270,0,0,0
0,37.17023,0,0,0,270,0,0,0
0,37.17601,0,0,0,270,0,0,0
0,37.1824,0,0,0,270,0,0,0
0,37.18748,0,0,0,270,0,0,0
0,37.19345,0,0,0,270,0,0,0
0,37.19868,0,0,0,270,0,0,0
0,37.20467,0,0,0,270,0,0,0
0,37.21112,0,0,0,270,0,0,0
0,37.21711,0,0,0,270,0,0,0
0,37.22284,0,0,0,270,0,0,0
0,37.22747,0,0,0,270,0,0,0
0,37.2322,0,0,0,270,0,0,0
0,37.24103,0,0,0,270,0,0,0
0,37.24685,0,0,0,270,0,0,0
0,37.25394,0,0,0,270,0,0,0
0,37.26112,0,0,0,270,0,0,0
0,37.26695,0,0,0,270,0,0,0
0,37.27396,0,0,0,270,0,0,0
0,37.2794,0,0,0,270,0,0,0
0,37.28579,0,0,0,270,0,0,0
0,37.29161,0,0,0,270,0,0,0
0,37.29755,0,0,0,270,0,0,0
0,37.3037,0,0,0,270,0,0,0
0,37.3098,0,0,0,270,0,0,0
0,37.31701,0,0,0,270,0,0,0
0,37.32383,0,0,0,270,0,0,0
0,37.33,0,0,0,270,0,0,0
0,37.33676,0,0,0,270,0,0,0
0,37.34267,0,0,0,270,0,0,0
0,37.34969,0,0,0,270,0,0,0
0,37.35578,0,0,0,270,0,0,0
0,37.36121,0,0,0,270,0,0,0
0,37.36723,0,0,0,270,0,0,0
0,37.37289,0,0,0,270,0,0,0
0,37.3781,0,0,0,270,0,0,0
0,37.38326,0,0,0,270,0,0,0
0,37.38882,0,0,0,270,0,0,0
0,37.3954,0,0,0,270,0,0,0
0,37.40265,0,0,0,270,0,0,0
0,37.40853,0,0,0,270,0,0,0
0,37.41547,0,0,0,270,0,0,0
0,37.42182,0,0,0,270,0,0,0
0,37.42924,0,0,0,270,0,0,0
0,37.43607,0,0,0,270,0,0,0
0,37.44604,0,0,0,270,0,0,0
0,37.45359,0,0,0,270,0,0,0
0,37.46091,0,0,0,270,0,0,0
0,37.46779,0,0,0,270,0,0,0
0,37.47551,0,0,0,270,0,0,0
0,37.48133,0,0,0,270,0,0,0
0,37.48791,0,0,0,270,0,0,0
0,37.49472,0,0,0,270,0,0,0
0,37.50208,0,0,0,270,0,0,0
0,37.50829,0,0,0,270,0,0,0
0,37.5147,0,0,0,270,0,0,0
0,37.52171,0,0,0,270,0,0,0
0,37.52848,0,0,0,270,0,0,0
0,37.53653,0,0,0,270,0,0,0
0,37.54506,0,0,0,270,0,0,0
0,37.55222,0,0,0,270,0,0,0
0,37.55833,0,0,0,270,0,0,0
0,37.56483,0,0,0,270,0,0,0
0,37.57153,0,0,0,270,0,0,0
0,37.579,0,0,0,270,0,0,0
0,37.58701,0,0,0,270,0,0,0
0,37.5938,0,0,0,270,0,0,0
0,37.60084,0,0,0,270,0,0,0
0,37.6076,0,0,0,270,0,0,0
0,37.61406,0,0,0,270,0,0,0
0,37.62088,0,0,0,270,0,0,0
0,37.62756,0,0,0,270,0,0,0
0,37.63448,0,0,0,270,0,0,0
0,37.6409,0,0,0,270,0,0,0
0,37.64782,0,0,0,270,0,0,0
0,37.65333,0,0,0,270,0,0,0
0,37.65964,0,0,0,270,0,0,0
0,37.66493,0,0,0,270,0,0,0
0,37.67143,0,0,0,270,0,0,0
0,37.67911,0,0,0,270,0,0,0
0,37.68556,0,0,0,270,0,0,0
0,37.69284,0,0,0,270,0,0,0
0,37.70147,0,0,0,270,0,0,0
0,37.70912,0,0,0,270,0,0,0
0,37.71594,0,0,0,270,0,0,0
0,37.7226,0,0,0,270,0,0,0
0,37.7299,0,0,0,270,0,0,0
0,37.73676,0,0,0,270,0,0,0
0,37.74329,0,0,0,270,0,0,0
0,37.74866,0,0,0,270,0,0,0
0,37.75442,0,0,0,270,0,0,0
0,37.76072,0,0,0,270,0,0,0
0,37.76706,0,0,0,270,0,0,0
0,37.77254,0,0,0,270,0,0,0
0,37.77814,0,0,0,270,0,0,0
0,37.78477,0,0,0,270,0,0,0
0,37.79069,0,0,0,270,0,0,0
0,37.79751,0,0,0,270,0,0,0
0,37.80355,0,0,0,270,0,0,0
0,37.80964,0,0,0,270,0,0,0
0,37.81607,0,0,0,270,0,0,0
0,37.82171,0,0,0,270,0,0,0
0,37.82724,0,0,0,270,0,0,0
0,37.83261,0,0,0,270,0,0,0
0,37.83804,0,0,0,270,0,0,0
0,37.84322,0,0,0,270,0,0,0
0,37.85161,0,0,0,270,0,0,0
0,37.85687,0,0,0,270,0,0,0
0,37.86246,0,0,0,270,0,0,0
0,37.86807,0,0,0,270,0,0,0
0,37.87348,0,0,0,270,0,0,0
0,37.88024,0,0,0,270,0,0,0
0,37.88707,0,0,0,270,0,0,0
0,37.89391,0,0,0,270,0,0,0
0,37.90021,0,0,0,270,0,0,0
0,37.90699,0,0,0,270,0,0,0
0,37.91376,0,0,0,270,0,0,0
0,37.9207,0,0,0,270,0,0,0
0,37.92754,0,0,0,270,0,0,0
0,37.93414,0,0,0,270,0,0,0
0,37.94177,0,0,0,270,0,0,0
0,37.94756,0,0,0,270,0,0,0
0,37.95339,0,0,0,270,0,0,0
0,37.96075,0,0,0,270,0,0,0
0,37.96729,0,0,0,270,0,0,0
0,37.9741,0,0,0,270,0,0,0
0,37.98233,0,0,0,270,0,0,0
0,37.98922,0,0,0,270,0,0,0
0,37.9959,0,0,0,270,0,0,0
0,38.00259,0,0,0,270,0,0,0
0,38.00877,0,0,0,270,0,0,0
0,38.01566,0,0,0,270,0,0,0
0,38.02151,0,0,0,270,0,0,0
0,38.02892,0,0,0,270,0,0,0
0,38.03546,0,0,0,270,0,0,0
0,38.04221,0,0,0,270,0,0,0
0,38.04868,0,0,0,270,0,0,0
0,38.0568,0,0,0,270,0,0,0
0,38.06405,0,0,0,270,0,0,0
0,38.06944,0,0,0,270,0,0,0
0,38.07513,0,0,0,270,0,0,0
0,38.08132,0,0,0,270,0,0,0
0,38.08739,0,0,0,270,0,0,0
0,38.0943,0,0,0,270,0,0,0
0,38.10051,0,0,0,270,0,0,0
0,38.1069,0,0,0,270,0,0,0
0,38.1135,0,0,0,270,0,0,0
0,38.11985,0,0,0,270,0,0,0
0,38.12556,0,0,0,270,0,0,0
0,38.13198,0,0,0,270,0,0,0
0,38.13864,0,0,0,270,0,0,0
0,38.14503,0,0,0,270,0,0,0
0,38.15137,0,0,0,270,0,0,0
0,38.15785,0,0,0,270,0,0,0
0,38.16377,0,0,0,270,0,0,0
0,38.16973,0,0,0,270,0,0,0
0,38.17567,0,0,0,270,0,0,0
0,38.18071,0,0,0,270,0,0,0
0,38.18642,0,0,0,270,0,0,0
0,38.19186,0,0,0,270,0,0,0
0,38.19741,0,0,0,270,0,0,0
0,38.20234,0,0,0,270,0,0,0
0,38.20771,0,0,0,270,0,0,0
0,38.21356,0,0,0,270,0,0,0
0,38.21947,0,0,0,270,0,0,0
0,38.22583,0,0,0,270,0,0,0
0,38.23269,0,0,0,270,0,0,0
0,38.23938,0,0,0,270,0,0,0
0,38.24526,0,0,0,270,0,0,0
0,38.25147,0,0,0,270,0,0,0
0,38.26031,0,0,0,270,0,0,0
0,38.26679,0,0,0,270,0,0,0
0,38.27341,0,0,0,270,0,0,0
0,38.27932,0,0,0,270,0,0,0
0,38.28751,0,0,0,270,0,0,0
0,38.29373,0,0,0,270,0,0,0
0,38.29877,0,0,0,270,0,0,0
0,38.30424,0,0,0,270,0,0,0
0,38.30995,0,0,0,270,0,0,0
0,38.31644,0,0,0,270,0,0,0
0,38.32175,0,0,0,270,0,0,0
0,38.32705,0,0,0,270,0,0,0
0,38.33293,0,0,0,270,0,0,0
0,38.33838,0,0,0,270,0,0,0
0,38.34458,0,0,0,270,0,0,0
0,38.35131,0,0,0,270,0,0,0
0,38.35671,0,0,0,270,0,0,0
0,38.36264,0,0,0,270,0,0,0
0,38.36821,0,0,0,270,0,0,0
0,38.37406,0,0,0,270,0,0,0
0,38.37977,0,0,0,270,0,0,0
0,38.38486,0,0,0,270,0,0,0
0,38.38951,0,0,0,270,0,0,0
0,38.39643,0,0,0,270,0,0,0
0,38.40185,0,0,0,270,0,0,0
0,38.40763,0,0,0,270,0,0,0
0,38.41324,0,0,0,270,0,0,0
0,38.41982,0,0,0,270,0,0,0
0,38.42561,0,0,0,270,0,0,0
0,38.43214,0,0,0,270,0,0,0
0,38.43799,0,0,0,270,0,0,0
0,38.44371,0,0,0,270,0,0,0
0,38.44991,0,0,0,270,0,0,0
0,38.45457,0,0,0,270,0,0,0
0,38.46184,0,0,0,270,0,0,0
0,38.46722,0,0,0,270,0,0,0
0,38.4731,0,0,0,270,0,0,0
0,38.47927,0,0,0,270,0,0,0
0,38.4846,0,0,0,270,0,0,0
0,38.48967,0,0,0,270,0,0,0
0,38.49562,0,0,0,270,0,0,0
0,38.50144,0,0,0,270,0,0,0
0,38.51503,0,0,0,270,0,0,0
0,38.52523,0,0,0,270,0,0,0
0,38.54488,0,0,0,270,0,0,0
0,38.55072,0,0,0,270,0,0,0
0,38.55634,0,0,0,270,0,0,0
0,38.56327,0,0,0,270,0,0,0
0,38.56976,0,0,0,270,0,0,0
0,38.57546,0,0,0,270,0,0,0
0,38.58289,0,0,0,270,0,0,0
0,38.58897,0,0,0,270,0,0,0
0,38.59647,0,0,0,270,0,0,0
0,38.60281,0,0,0,270,0,0,0
0,38.60888,0,0,0,270,0,0,0
0,38.61496,0,0,0,270,0,0,0
0,38.62127,0,0,0,270,0,0,0
0,38.62859,0,0,0,270,0,0,0
0,38.63479,0,0,0,270,0,0,0
0,38.64162,0,0,0,270,0,0,0
0,38.64966,0,0,0,270,0,0,0
0,38.65657,0,0,0,270,0,0,0
0,38.66679,0,0,0,270,0,0,0
0,38.67377,0,0,0,270,0,0,0
0,38.68008,0,0,0,270,0,0,0
0,38.68768,0,0,0,270,0,0,0
0,38.69508,0,0,0,270,0,0,0
0,38.70285,0,0,0,270,0,0,0
0,38.71094,0,0,0,270,0,0,0
0,38.71898,0,0,0,270,0,0,0
0,38.72608,0,0,0,270,0,0,0
0,38.73394,0,0,0,270,0,0,0
0,38.74247,0,0,0,270,0,0,0
0,38.75007,0,0,0,270,0,0,0
0,38.75748,0,0,0,270,0,0,0
0,38.76509,0,0,0,270,0,0,0
0,38.77301,0,0,0,270,0,0,0
0,38.78051,0,0,0,270,0,0,0
0,38.78824,0,0,0,270,0,0,0
0,38.79588,0,0,0,270,0,0,0
0,38.80297,0,0,0,270,0,0,0
0,38.81017,0,0,0,270,0,0,0
0,38.81792,0,0,0,270,0,0,0
0,38.82545,0,0,0,270,0,0,0
0,38.83286,0,0,0,270,0,0,0
0,38.84088,0,0,0,270,0,0,0
0,38.84947,0,0,0,270,0,0,0
0,38.85675,0,0,0,270,0,0,0
0,38.86651,0,0,0,270,0,0,0
0,38.87354,0,0,0,270,0,0,0
0,38.88067,0,0,0,270,0,0,0
0,38.88886,0,0,0,270,0,0,0
0,38.89577,0,0,0,270,0,0,0
0,38.90361,0,0,0,270,0,0,0
0,38.91058,0,0,0,270,0,0,0
0,38.91726,0,0,0,270,0,0,0
0,38.92393,0,0,0,270,0,0,0
0,38.93023,0,0,0,270,0,0,0
0,38.93695,0,0,0,270,0,0,0
0,38.94368,0,0,0,270,0,0,0
0,38.9496,0,0,0,270,0,0,0
0,38.95639,0,0,0,270,0,0,0
0,38.96362,0,0,0,270,0,0,0
0,38.96969,0,0,0,270,0,0,0
0,38.97827,0,0,0,270,0,0,0
0,38.98474,0,0,0,270,0,0,0
0,38.99087,0,0,0,270,0,0,0
0,38.99683,0,0,0,270,0,0,0
0,39.00272,0,0,0,270,0,0,0
0,39.00911,0,0,0,270,0,0,0
0,39.016,0,0,0,270,0,0,0
0,39.02248,0,0,0,270,0,0,0
0,39.02842,0,0,0,270,0,0,0
0,39.03442,0,0,0,270,0,0,0
0,39.04115,0,0,0,270,0,0,0
0,39.04731,0,0,0,270,0,0,0
0,39.05362,0,0,0,270,0,0,0
0,39.05906,0,0,0,270,0,0,0
0,39.06789,0,0,0,270,0,0,0
0,39.07368,0,0,0,270,0,0,0
0,39.07997,0,0,0,270,0,0,0
0,39.08659,0,0,0,270,0,0,0
0,39.09265,0,0,0,270,0,0,0
0,39.09973,0,0,0,270,0,0,0
0,39.10492,0,0,0,270,0,0,0
0,39.10985,0,0,0,270,0,0,0
0,39.11653,0,0,0,270,0,0,0
0,39.1231,0,0,0,270,0,0,0
0,39.13078,0,0,0,270,0,0,0
0,39.1384,0,0,0,270,0,0,0
0,39.14467,0,0,0,270,0,0,0
0,39.15258,0,0,0,270,0,0,0
0,39.15928,0,0,0,270,0,0,0
0,39.16563,0,0,0,270,0,0,0
0,39.17253,0,0,0,270,0,0,0
0,39.17947,0,0,0,270,0,0,0
0,39.18681,0,0,0,270,0,0,0
0,39.19323,0,0,0,270,0,0,0
0,39.19911,0,0,0,270,0,0,0
0,39.20625,0,0,0,270,0,0,0
0,39.21233,0,0,0,270,0,0,0
0,39.21764,0,0,0,270,0,0,0
0,39.22483,0,0,0,270,0,0,0
0,39.23158,0,0,0,270,0,0,0
0,39.238,0,0,0,270,0,0,0
0,39.24347,0,0,0,270,0,0,0
0,39.24984,0,0,0,270,0,0,0
0,39.25635,0,0,0,270,0,0,0
0,39.26266,0,0,0,270,0,0,0
0,39.272,0,0,0,270,0,0,0
0,39.27928,0,0,0,270,0,0,0
0,39.28622,0,0,0,270,0,0,0
0,39.29336,0,0,0,270,0,0,0
0,39.30008,0,0,0,270,0,0,0
0,39.30767,0,0,0,270,0,0,0
0,39.31581,0,0,0,270,0,0,0
0,39.32197,0,0,0,270,0,0,0
0,39.32851,0,0,0,270,0,0,0
0,39.33597,0,0,0,270,0,0,0
0,39.3429,0,0,0,270,0,0,0
0,39.34976,0,0,0,270,0,0,0
0,39.35489,0,0,0,270,0,0,0
0,39.36095,0,0,0,270,0,0,0
0,39.36736,0,0,0,270,0,0,0
0,39.37446,0,0,0,270,0,0,0
0,39.38203,0,0,0,270,0,0,0
0,39.38744,0,0,0,270,0,0,0
0,39.39456,0,0,0,270,0,0,0
0,39.40096,0,0,0,270,0,0,0
0,39.40757,0,0,0,270,0,0,0
0,39.41365,0,0,0,270,0,0,0
0,39.4201,0,0,0,270,0,0,0
0,39.4267,0,0,0,270,0,0,0
0,39.43248,0,0,0,270,0,0,0
0,39.43855,0,0,0,270,0,0,0
0,39.44447,0,0,0,270,0,0,0
0,39.45025,0,0,0,270,0,0,0
0,39.45665,0,0,0,270,0,0,0
0,39.46285,0,0,0,270,0,0,0
0,39.47087,0,0,0,270,0,0,0
0,39.47613,0,0,0,270,0,0,0
0,39.481,0,0,0,270,0,0,0
0,39.48701,0,0,0,270,0,0,0
0,39.49249,0,0,0,270,0,0,0
0,39.4982,0,0,0,270,0,0,0
0,39.50488,0,0,0,270,0,0,0
0,39.50994,0,0,0,270,0,0,0
0,39.51627,0,0,0,270,0,0,0
0,39.52369,0,0,0,270,0,0,0
0,39.53066,0,0,0,270,0,0,0
0,39.53835,0,0,0,270,0,0,0
0,39.54487,0,0,0,270,0,0,0
0,39.55165,0,0,0,270,0,0,0
0,39.55815,0,0,0,270,0,0,0
0,39.56479,0,0,0,270,0,0,0
0,39.57026,0,0,0,270,0,0,0
0,39.57581,0,0,0,270,0,0,0
0,39.58224,0,0,0,270,0,0,0
0,39.58839,0,0,0,270,0,0,0
0,39.59466,0,0,0,270,0,0,0
0,39.60213,0,0,0,270,0,0,0
0,39.60759,0,0,0,270,0,0,0
0,39.61342,0,0,0,270,0,0,0
0,39.6496,0,0,0,270,0,0,0
0,39.65459,0,0,0,270,0,0,0
0,39.66171,0,0,0,270,0,0,0
0,39.66667,0,0,0,270,0,0,0
0,39.67391,0,0,0,270,0,0,0
0,39.67831,0,0,0,270,0,0,0
0,39.68334,0,0,0,270,0,0,0
0,39.68902,0,0,0,270,0,0,0
0,39.6949,0,0,0,270,0,0,0
0,39.69945,0,0,0,270,0,0,0
0,39.70554,0,0,0,270,0,0,0
0,39.71152,0,0,0,270,0,0,0
0,39.71631,0,0,0,270,0,0,0
0,39.7229,0,0,0,270,0,0,0
0,39.72913,0,0,0,270,0,0,0
0,39.73491,0,0,0,270,0,0,0
0,39.74174,0,0,0,270,0,0,0
0,39.74788,0,0,0,270,0,0,0
0,39.7542,0,0,0,270,0,0,0
0,39.76031,0,0,0,270,0,0,0
0,39.76698,0,0,0,270,0,0,0
0,39.7737,0,0,0,270,0,0,0
0,39.78001,0,0,0,270,0,0,0
0,39.78711,0,0,0,270,0,0,0
0,39.79447,0,0,0,270,0,0,0
0,39.80143,0,0,0,270,0,0,0
0,39.80893,0,0,0,270,0,0,0
0,39.81684,0,0,0,270,0,0,0
0,39.82252,0,0,0,270,0,0,0
0,39.82941,0,0,0,270,0,0,0
0,39.8355,0,0,0,270,0,0,0
0,39.84328,0,0,0,270,0,0,0
0,39.85038,0,0,0,270,0,0,0
0,39.85743,0,0,0,270,0,0,0
0,39.86569,0,0,0,270,0,0,0
0,39.8738,0,0,0,270,0,0,0
0,39.88411,0,0,0,270,0,0,0
0,39.89088,0,0,0,270,0,0,0
0,39.89823,0,0,0,270,0,0,0
0,39.90455,0,0,0,270,0,0,0
0,39.91114,0,0,0,270,0,0,0
0,39.91781,0,0,0,270,0,0,0
0,39.92513,0,0,0,270,0,0,0
0,39.9309,0,0,0,270,0,0,0
0,39.93693,0,0,0,270,0,0,0
0,39.94427,0,0,0,270,0,0,0
0,39.95119,0,0,0,270,0,0,0
0,39.95779,0,0,0,270,0,0,0
0,39.96494,0,0,0,270,0,0,0
0,39.97231,0,0,0,270,0,0,0
0,39.97966,0,0,0,270,0,0,0
0,39.98636,0,0,0,270,0,0,0
0,39.99229,0,0,0,270,0,0,0
0,39.99932,0,0,0,270,0,0,0
0,40.00679,0,0,0,270,0,0,0
0,40.01337,0,0,0,270,0,0,0
0,40.01969,0,0,0,270,0,0,0
0,40.02861,0,0,0,270,0,0,0
0,40.03625,0,0,0,270,0,0,0
0,40.04323,0,0,0,270,0,0,0
0,40.04944,0,0,0,270,0,0,0
0,40.05606,0,0,0,270,0,0,0
0,40.06257,0,0,0,270,0,0,0
0,40.0683,0,0,0,270,0,0,0
0,40.07471,0,0,0,270,0,0,0
0,40.08273,0,0,0,270,0,0,0
0,40.08891,0,0,0,270,0,0,0
0,40.09495,0,0,0,270,0,0,0
0,40.10201,0,0,0,270,0,0,0
0,40.10966,0,0,0,270,0,0,0
0,40.11729,0,0,0,270,0,0,0
0,40.1239,0,0,0,270,0,0,0
0,40.13052,0,0,0,270,0,0,0
0,40.13645,0,0,0,270,0,0,0
0,40.14272,0,0,0,270,0,0,0
0,40.14947,0,0,0,270,0,0,0
0,40.15599,0,0,0,270,0,0,0
0,40.16271,0,0,0,270,0,0,0
0,40.16923,0,0,0,270,0,0,0
0,40.17576,0,0,0,270,0,0,0
0,40.18313,0,0,0,270,0,0,0
0,40.18912,0,0,0,270,0,0,0
0,40.1952,0,0,0,270,0,0,0
0,40.20016,0,0,0,270,0,0,0
0,40.20589,0,0,0,270,0,0,0
0,40.21207,0,0,0,270,0,0,0
0,40.21809,0,0,0,270,0,0,0
0,40.22395,0,0,0,270,0,0,0
0,40.22949,0,0,0,270,0,0,0
0,40.23497,0,0,0,270,0,0,0
0,40.24154,0,0,0,270,0,0,0
0,40.24781,0,0,0,270,0,0,0
0,40.25468,0,0,0,270,0,0,0
0,40.26106,0,0,0,270,0,0,0
0,40.26663,0,0,0,270,0,0,0
0,40.27293,0,0,0,270,0,0,0
0,40.2775,0,0,0,270,0,0,0
0,40.28437,0,0,0,270,0,0,0
0,40.29032,0,0,0,270,0,0,0
0,40.29578,0,0,0,270,0,0,0
0,40.30073,0,0,0,270,0,0,0
0,40.3068,0,0,0,270,0,0,0
0,40.31305,0,0,0,270,0,0,0
0,40.31948,0,0,0,270,0,0,0
0,40.32607,0,0,0,270,0,0,0
0,40.3343,0,0,0,270,0,0,0
0,40.3413,0,0,0,270,0,0,0
0,40.34724,0,0,0,270,0,0,0
0,40.35361,0,0,0,270,0,0,0
0,40.36069,0,0,0,270,0,0,0
0,40.36636,0,0,0,270,0,0,0
0,40.37223,0,0,0,270,0,0,0
0,40.37864,0,0,0,270,0,0,0
0,40.38566,0,0,0,270,0,0,0
0,40.39463,0,0,0,270,0,0,0
0,40.40096,0,0,0,270,0,0,0
0,40.4082,0,0,0,270,0,0,0
0,40.41442,0,0,0,270,0,0,0
0,40.42154,0,0,0,270,0,0,0
0,40.42753,0,0,0,270,0,0,0
0,40.43275,0,0,0,270,0,0,0
0,40.43938,0,0,0,270,0,0,0
0,40.4446,0,0,0,270,0,0,0
0,40.45142,0,0,0,270,0,0,0
0,40.45886,0,0,0,270,0,0,0
0,40.46629,0,0,0,270,0,0,0
0,40.47394,0,0,0,270,0,0,0
0,40.48037,0,0,0,270,0,0,0
0,40.4904,0,0,0,270,0,0,0
0,40.49688,0,0,0,270,0,0,0
0,40.50403,0,0,0,270,0,0,0
0,40.51186,0,0,0,270,0,0,0
0,40.51898,0,0,0,270,0,0,0
0,40.52592,0,0,0,270,0,0,0
0,40.53135,0,0,0,270,0,0,0
0,40.53764,0,0,0,270,0,0,0
0,40.54302,0,0,0,270,0,0,0
0,40.54934,0,0,0,270,0,0,0
0,40.55502,0,0,0,270,0,0,0
0,40.56153,0,0,0,270,0,0,0
0,40.56789,0,0,0,270,0,0,0
0,40.5739,0,0,0,270,0,0,0
0,40.57986,0,0,0,270,0,0,0
0,40.58579,0,0,0,270,0,0,0
0,40.59047,0,0,0,270,0,0,0
0,40.59678,0,0,0,270,0,0,0
0,40.60424,0,0,0,270,0,0,0
0,40.61085,0,0,0,270,0,0,0
0,40.61649,0,0,0,270,0,0,0
0,40.62181,0,0,0,270,0,0,0
0,40.62756,0,0,0,270,0,0,0
0,40.63412,0,0,0,270,0,0,0
0,40.64026,0,0,0,270,0,0,0
0,40.64713,0,0,0,270,0,0,0
0,40.65349,0,0,0,270,0,0,0
0,40.65888,0,0,0,270,0,0,0
0,40.66507,0,0,0,270,0,0,0
0,40.67028,0,0,0,270,0,0,0
0,40.67595,0,0,0,270,0,0,0
0,40.68281,0,0,0,270,0,0,0
0,40.69106,0,0,0,270,0,0,0
0,40.69769,0,0,0,270,0,0,0
0,40.7037,0,0,0,270,0,0,0
0,40.70957,0,0,0,270,0,0,0
0,40.71607,0,0,0,270,0,0,0
0,40.7215,0,0,0,270,0,0,0
0,40.72852,0,0,0,270,0,0,0
0,40.73391,0,0,0,270,0,0,0
0,40.73992,0,0,0,270,0,0,0
0,40.74506,0,0,0,270,0,0,0
0,40.75177,0,0,0,270,0,0,0
0,40.75677,0,0,0,270,0,0,0
0,40.76217,0,0,0,270,0,0,0
0,40.76794,0,0,0,270,0,0,0
0,40.77361,0,0,0,270,0,0,0
0,40.77798,0,0,0,270,0,0,0
0,40.78369,0,0,0,270,0,0,0
0,40.78902,0,0,0,270,0,0,0
0,40.79495,0,0,0,270,0,0,0
0,40.80024,0,0,0,270,0,0,0
0,40.80618,0,0,0,270,0,0,0
0,40.81155,0,0,0,270,0,0,0
0,40.81746,0,0,0,270,0,0,0
0,40.82384,0,0,0,270,0,0,0
0,40.82944,0,0,0,270,0,0,0
0,40.83629,0,0,0,270,0,0,0
0,40.84349,0,0,0,270,0,0,0
0,40.85077,0,0,0,270,0,0,0
0,40.85841,0,0,0,270,0,0,0
0,40.86532,0,0,0,270,0,0,0
0,40.87182,0,0,0,270,0,0,0
0,40.87902,0,0,0,270,0,0,0
0,40.88629,0,0,0,270,0,0,0
0,40.89477,0,0,0,270,0,0,0
0,40.90013,0,0,0,270,0,0,0
0,40.90533,0,0,0,270,0,0,0
0,40.91129,0,0,0,270,0,0,0
0,40.91718,0,0,0,270,0,0,0
0,40.92289,0,0,0,270,0,0,0
0,40.92898,0,0,0,270,0,0,0
0,40.93483,0,0,0,270,0,0,0
0,40.9415,0,0,0,270,0,0,0
0,40.94701,0,0,0,270,0,0,0
0,40.95263,0,0,0,270,0,0,0
0,40.96001,0,0,0,270,0,0,0
0,40.96674,0,0,0,270,0,0,0
0,40.97383,0,0,0,270,0,0,0
0,40.97987,0,0,0,270,0,0,0
0,40.98538,0,0,0,270,0,0,0
0,40.99105,0,0,0,270,0,0,0
0,40.99636,0,0,0,270,0,0,0
0,41.00169,0,0,0,270,0,0,0
0,41.00804,0,0,0,270,0,0,0
0,41.01411,0,0,0,270,0,0,0
0,41.02039,0,0,0,270,0,0,0
0,41.02697,0,0,0,270,0,0,0
0,41.03371,0,0,0,270,0,0,0
0,41.04044,0,0,0,270,0,0,0
0,41.04663,0,0,0,270,0,0,0
0,41.05315,0,0,0,270,0,0,0
0,41.06031,0,0,0,270,0,0,0
0,41.06846,0,0,0,270,0,0,0
0,41.07531,0,0,0,270,0,0,0
0,41.08409,0,0,0,270,0,0,0
0,41.09139,0,0,0,270,0,0,0
0,41.10187,0,0,0,270,0,0,0
0,41.10831,0,0,0,270,0,0,0
0,41.11485,0,0,0,270,0,0,0
0,41.12137,0,0,0,270,0,0,0
0,41.12843,0,0,0,270,0,0,0
0,41.13517,0,0,0,270,0,0,0
0,41.14171,0,0,0,270,0,0,0
0,41.14821,0,0,0,270,0,0,0
0,41.15436,0,0,0,270,0,0,0
0,41.16188,0,0,0,270,0,0,0
0,41.16842,0,0,0,270,0,0,0
0,41.17582,0,0,0,270,0,0,0
0,41.18287,0,0,0,270,0,0,0
0,41.18996,0,0,0,270,0,0,0
0,41.19768,0,0,0,270,0,0,0
0,41.20557,0,0,0,270,0,0,0
0,41.21256,0,0,0,270,0,0,0
0,41.22093,0,0,0,270,0,0,0
0,41.22916,0,0,0,270,0,0,0
0,41.23833,0,0,0,270,0,0,0
0,41.24528,0,0,0,270,0,0,0
0,41.25327,0,0,0,270,0,0,0
0,41.2604,0,0,0,270,0,0,0
0,41.26783,0,0,0,270,0,0,0
0,41.27459,0,0,0,270,0,0,0
0,41.28078,0,0,0,270,0,0,0
0,41.28879,0,0,0,270,0,0,0
0,41.29494,0,0,0,270,0,0,0
0,41.30376,0,0,0,270,0,0,0
0,41.31007,0,0,0,270,0,0,0
0,41.31702,0,0,0,270,0,0,0
0,41.3234,0,0,0,270,0,0,0
0,41.33038,0,0,0,270,0,0,0
0,41.33679,0,0,0,270,0,0,0
0,41.3436,0,0,0,270,0,0,0
0,41.35184,0,0,0,270,0,0,0
0,41.35875,0,0,0,270,0,0,0
0,41.36526,0,0,0,270,0,0,0
0,41.37209,0,0,0,270,0,0,0
0,41.37866,0,0,0,270,0,0,0
0,41.38569,0,0,0,270,0,0,0
0,41.39117,0,0,0,270,0,0,0
0,41.39849,0,0,0,270,0,0,0
0,41.40532,0,0,0,270,0,0,0
0,41.41249,0,0,0,270,0,0,0
0,41.41978,0,0,0,270,0,0,0
0,41.42665,0,0,0,270,0,0,0
0,41.43252,0,0,0,270,0,0,0
0,41.43984,0,0,0,270,0,0,0
0,41.44587,0,0,0,270,0,0,0
0,41.45258,0,0,0,270,0,0,0
0,41.45897,0,0,0,270,0,0,0
0,41.46488,0,0,0,270,0,0,0
0,41.47137,0,0,0,270,0,0,0
0,41.47731,0,0,0,270,0,0,0
0,41.48277,0,0,0,270,0,0,0
0,41.48844,0,0,0,270,0,0,0
0,41.49453,0,0,0,270,0,0,0
0,41.50012,0,0,0,270,0,0,0
0,41.50824,0,0,0,270,0,0,0
0,41.5136,0,0,0,270,0,0,0
0,41.51984,0,0,0,270,0,0,0
0,41.52479,0,0,0,270,0,0,0
0,41.53089,0,0,0,270,0,0,0
0,41.53693,0,0,0,270,0,0,0
0,41.54295,0,0,0,270,0,0,0
0,41.54906,0,0,0,270,0,0,0
0,41.55587,0,0,0,270,0,0,0
0,41.56186,0,0,0,270,0,0,0
0,41.56762,0,0,0,270,0,0,0
0,41.574,0,0,0,270,0,0,0
0,41.58617,0,0,0,270,0,0,0
0,41.60721,0,0,0,270,0,0,0
0,41.61324,0,0,0,270,0,0,0
0,41.62018,0,0,0,270,0,0,0
0,41.62793,0,0,0,270,0,0,0
0,41.63477,0,0,0,270,0,0,0
0,41.64062,0,0,0,270,0,0,0
0,41.64742,0,0,0,270,0,0,0
0,41.65396,0,0,0,270,0,0,0
0,41.66113,0,0,0,270,0,0,0
0,41.66749,0,0,0,270,0,0,0
0,41.67393,0,0,0,270,0,0,0
0,41.67915,0,0,0,270,0,0,0
0,41.68559,0,0,0,270,0,0,0
0,41.6922,0,0,0,270,0,0,0
0,41.69805,0,0,0,270,0,0,0
0,41.70715,0,0,0,270,0,0,0
0,41.71629,0,0,0,270,0,0,0
0,41.72338,0,0,0,270,0,0,0
0,41.73104,0,0,0,270,0,0,0
0,41.73796,0,0,0,270,0,0,0
0,41.74368,0,0,0,270,0,0,0
0,41.74989,0,0,0,270,0,0,0
0,41.75673,0,0,0,270,0,0,0
0,41.76288,0,0,0,270,0,0,0
0,41.76841,0,0,0,270,0,0,0
0,41.77531,0,0,0,270,0,0,0
0,41.79008,0,0,0,270,0,0,0
0,41.80167,0,0,0,270,0,0,0
0,41.80728,0,0,0,270,0,0,0
0,41.8121,0,0,0,270,0,0,0
0,41.81767,0,0,0,270,0,0,0
0,41.82293,0,0,0,270,0,0,0
0,41.83026,0,0,0,270,0,0,0
0,41.84425,0,0,0,270,0,0,0
0,41.85326,0,0,0,270,0,0,0
0,41.86028,0,0,0,270,0,0,0
0,41.86667,0,0,0,270,0,0,0
0,41.87623,0,0,0,270,0,0,0
0,41.88236,0,0,0,270,0,0,0
0,41.89413,0,0,0,270,0,0,0
0,41.90487,0,0,0,270,0,0,0
0,41.91906,0,0,0,270,0,0,0
0,41.92994,0,0,0,270,0,0,0
0,41.93662,0,0,0,270,0,0,0
0,41.94523,0,0,0,270,0,0,0
0,41.95448,0,0,0,270,0,0,0
0,41.96422,0,0,0,270,0,0,0
0,41.97304,0,0,0,270,0,0,0
0,41.97987,0,0,0,270,0,0,0
0,41.99284,0,0,0,270,0,0,0
0,41.99968,0,0,0,270,0,0,0
0,42.00908,0,0,0,270,0,0,0
0,42.02207,0,0,0,270,0,0,0
0,42.03195,0,0,0,270,0,0,0
0,42.03819,0,0,0,270,0,0,0
0,42.04401,0,0,0,270,0,0,0
0,42.05739,0,0,0,270,0,0,0
0,42.06573,0,0,0,270,0,0,0
0,42.07545,0,0,0,270,0,0,0
0,42.08563,0,0,0,270,0,0,0
0,42.0963,0,0,0,270,0,0,0
0,42.10181,0,0,0,270,0,0,0
0,42.11021,0,0,0,270,0,0,0
0,42.11855,0,0,0,270,0,0,0
0,42.1347,0,0,0,270,0,0,0
0,42.14211,0,0,0,270,0,0,0
0,42.14925,0,0,0,270,0,0,0
0,42.16854,0,0,0,270,0,0,0
0,42.17774,0,0,0,270,0,0,0
0,42.19225,0,0,0,270,0,0,0
0,42.19967,0,0,0,270,0,0,0
0,42.20734,0,0,0,270,0,0,0
0,42.21434,0,0,0,270,0,0,0
0,42.22723,0,0,0,270,0,0,0
0,42.23386,0,0,0,270,0,0,0
0,42.23977,0,0,0,270,0,0,0
0,42.25046,0,0,0,270,0,0,0
0,42.26094,0,0,0,270,0,0,0
0,42.27483,0,0,0,270,0,0,0
0,42.28822,0,0,0,270,0,0,0
0,42.29531,0,0,0,270,0,0,0
0,42.30163,0,0,0,270,0,0,0
0,42.30856,0,0,0,270,0,0,0
0,42.31614,0,0,0,270,0,0,0
0,42.32351,0,0,0,270,0,0,0
0,42.33393,0,0,0,270,0,0,0
0,42.34054,0,0,0,270,0,0,0
0,42.34705,0,0,0,270,0,0,0
0,42.35323,0,0,0,270,0,0,0
0,42.36066,0,0,0,270,0,0,0
0,42.36749,0,0,0,270,0,0,0
0,42.37532,0,0,0,270,0,0,0
0,42.38298,0,0,0,270,0,0,0
0,42.38998,0,0,0,270,0,0,0
0,42.39778,0,0,0,270,0,0,0
0,42.40527,0,0,0,270,0,0,0
0,42.41271,0,0,0,270,0,0,0
0,42.41947,0,0,0,270,0,0,0
0,42.42662,0,0,0,270,0,0,0
0,42.43346,0,0,0,270,0,0,0
0,42.44116,0,0,0,270,0,0,0
0,42.44868,0,0,0,270,0,0,0
0,42.45454,0,0,0,270,0,0,0
0,42.46228,0,0,0,270,0,0,0
0,42.46829,0,0,0,270,0,0,0
0,42.47609,0,0,0,270,0,0,0
0,42.48294,0,0,0,270,0,0,0
0,42.4907,0,0,0,270,0,0,0
0,42.49765,0,0,0,270,0,0,0
0,42.50573,0,0,0,270,0,0,0
0,42.512,0,0,0,270,0,0,0
0,42.52295,0,0,0,270,0,0,0
0,42.53132,0,0,0,270,0,0,0
0,42.54193,0,0,0,270,0,0,0
0,42.54918,0,0,0,270,0,0,0
0,42.55661,0,0,0,270,0,0,0
0,42.56258,0,0,0,270,0,0,0
0,42.56857,0,0,0,270,0,0,0
0,42.57584,0,0,0,270,0,0,0
0,42.58315,0,0,0,270,0,0,0
0,42.59179,0,0,0,270,0,0,0
0,42.60822,0,0,0,270,0,0,0
0,42.61826,0,0,0,270,0,0,0
0,42.62995,0,0,0,270,0,0,0
0,42.63803,0,0,0,270,0,0,0
0,42.64476,0,0,0,270,0,0,0
0,42.65245,0,0,0,270,0,0,0
0,42.66087,0,0,0,270,0,0,0
0,42.66769,0,0,0,270,0,0,0
0,42.67476,0,0,0,270,0,0,0
0,42.68077,0,0,0,270,0,0,0
0,42.68768,0,0,0,270,0,0,0
0,42.69609,0,0,0,270,0,0,0
0,42.70211,0,0,0,270,0,0,0
0,42.70813,0,0,0,270,0,0,0
0,42.71478,0,0,0,270,0,0,0
0,42.72113,0,0,0,270,0,0,0
0,42.72776,0,0,0,270,0,0,0
0,42.73488,0,0,0,270,0,0,0
0,42.74417,0,0,0,270,0,0,0
0,42.75055,0,0,0,270,0,0,0
0,42.75671,0,0,0,270,0,0,0
0,42.76307,0,0,0,270,0,0,0
0,42.7683,0,0,0,270,0,0,0
0,42.77443,0,0,0,270,0,0,0
0,42.78012,0,0,0,270,0,0,0
0,42.79521,0,0,0,270,0,0,0
0,42.80362,0,0,0,270,0,0,0
0,42.81266,0,0,0,270,0,0,0
0,42.82117,0,0,0,270,0,0,0
0,42.82893,0,0,0,270,0,0,0
0,42.83654,0,0,0,270,0,0,0
0,42.84467,0,0,0,270,0,0,0
0,42.85485,0,0,0,270,0,0,0
0,42.86323,0,0,0,270,0,0,0
0,42.87002,0,0,0,270,0,0,0
0,42.88054,0,0,0,270,0,0,0
0,42.88743,0,0,0,270,0,0,0
0,42.89755,0,0,0,270,0,0,0
0,42.90447,0,0,0,270,0,0,0
0,42.91451,0,0,0,270,0,0,0
0,42.92181,0,0,0,270,0,0,0
0,42.93048,0,0,0,270,0,0,0
0,42.94483,0,0,0,270,0,0,0
0,42.96256,0,0,0,270,0,0,0
0,42.97135,0,0,0,270,0,0,0
0,42.97978,0,0,0,270,0,0,0
0,42.99067,0,0,0,270,0,0,0
0,42.99904,0,0,0,270,0,0,0
0,43.00652,0,0,0,270,0,0,0
0,43.01379,0,0,0,270,0,0,0
0,43.02604,0,0,0,270,0,0,0
0,43.03368,0,0,0,270,0,0,0
0,43.04156,0,0,0,270,0,0,0
0,43.0467,0,0,0,270,0,0,0
0,43.05507,0,0,0,270,0,0,0
0,43.06201,0,0,0,270,0,0,0
0,43.06849,0,0,0,270,0,0,0
0,43.07463,0,0,0,270,0,0,0
0,43.08161,0,0,0,270,0,0,0
0,43.08914,0,0,0,270,0,0,0
0,43.09772,0,0,0,270,0,0,0
0,43.10374,0,0,0,270,0,0,0
0,43.11236,0,0,0,270,0,0,0
0,43.11853,0,0,0,270,0,0,0
0,43.12356,0,0,0,270,0,0,0
0,43.13144,0,0,0,270,0,0,0
0,43.13879,0,0,0,270,0,0,0
0,43.14587,0,0,0,270,0,0,0
0,43.15413,0,0,0,270,0,0,0
0,43.16135,0,0,0,270,0,0,0
0,43.16654,0,0,0,270,0,0,0
0,43.17193,0,0,0,270,0,0,0
0,43.17822,0,0,0,270,0,0,0
0,43.18387,0,0,0,270,0,0,0
0,43.18877,0,0,0,270,0,0,0
0,43.19449,0,0,0,270,0,0,0
0,43.1991,0,0,0,270,0,0,0
0,43.20449,0,0,0,270,0,0,0
0,43.20996,0,0,0,270,0,0,0
0,43.21676,0,0,0,270,0,0,0
0,43.22297,0,0,0,270,0,0,0
0,43.23091,0,0,0,270,0,0,0
0,43.23801,0,0,0,270,0,0,0
0,43.24424,0,0,0,270,0,0,0
0,43.25171,0,0,0,270,0,0,0
0,43.2587,0,0,0,270,0,0,0
0,43.26527,0,0,0,270,0,0,0
0,43.27198,0,0,0,270,0,0,0
0,43.2779,0,0,0,270,0,0,0
0,43.28827,0,0,0,270,0,0,0
0,43.29633,0,0,0,270,0,0,0
0,43.3045,0,0,0,270,0,0,0
0,43.31232,0,0,0,270,0,0,0
0,43.31964,0,0,0,270,0,0,0
0,43.32812,0,0,0,270,0,0,0
0,43.33507,0,0,0,270,0,0,0
0,43.34172,0,0,0,270,0,0,0
0,43.34784,0,0,0,270,0,0,0
0,43.35824,0,0,0,270,0,0,0
0,43.36644,0,0,0,270,0,0,0
0,43.37486,0,0,0,270,0,0,0
0,43.38114,0,0,0,270,0,0,0
0,43.38782,0,0,0,270,0,0,0
0,43.39561,0,0,0,270,0,0,0
0,43.40236,0,0,0,270,0,0,0
0,43.40902,0,0,0,270,0,0,0
0,43.41444,0,0,0,270,0,0,0
0,43.42186,0,0,0,270,0,0,0
0,43.42823,0,0,0,270,0,0,0
0,43.43375,0,0,0,270,0,0,0
0,43.44039,0,0,0,270,0,0,0
0,43.446,0,0,0,270,0,0,0
0,43.45263,0,0,0,270,0,0,0
0,43.45936,0,0,0,270,0,0,0
0,43.466,0,0,0,270,0,0,0
0,43.47213,0,0,0,270,0,0,0
0,43.47828,0,0,0,270,0,0,0
0,43.48418,0,0,0,270,0,0,0
0,43.49055,0,0,0,270,0,0,0
0,43.49685,0,0,0,270,0,0,0
0,43.50362,0,0,0,270,0,0,0
0,43.50937,0,0,0,270,0,0,0
0,43.51554,0,0,0,270,0,0,0
0,43.5216,0,0,0,270,0,0,0
0,43.52831,0,0,0,270,0,0,0
0,43.53533,0,0,0,270,0,0,0
0,43.54202,0,0,0,270,0,0,0
0,43.54907,0,0,0,270,0,0,0
0,43.55796,0,0,0,270,0,0,0
0,43.56562,0,0,0,270,0,0,0
0,43.57261,0,0,0,270,0,0,0
0,43.57931,0,0,0,270,0,0,0
0,43.58664,0,0,0,270,0,0,0
0,43.59383,0,0,0,270,0,0,0
0,43.60032,0,0,0,270,0,0,0
0,43.60779,0,0,0,270,0,0,0
0,43.61535,0,0,0,270,0,0,0
0,43.62209,0,0,0,270,0,0,0
0,43.63012,0,0,0,270,0,0,0
0,43.63681,0,0,0,270,0,0,0
0,43.64431,0,0,0,270,0,0,0
0,43.65186,0,0,0,270,0,0,0
0,43.65932,0,0,0,270,0,0,0
0,43.66719,0,0,0,270,0,0,0
0,43.67557,0,0,0,270,0,0,0
0,43.68347,0,0,0,270,0,0,0
0,43.69077,0,0,0,270,0,0,0
0,43.69818,0,0,0,270,0,0,0
0,43.71629,0,0,0,270,0,0,0
0,43.72485,0,0,0,270,0,0,0
0,43.73166,0,0,0,270,0,0,0
0,43.73779,0,0,0,270,0,0,0
0,43.74479,0,0,0,270,0,0,0
0,43.75193,0,0,0,270,0,0,0
0,43.76343,0,0,0,270,0,0,0
0,43.77037,0,0,0,270,0,0,0
0,43.77599,0,0,0,270,0,0,0
0,43.78214,0,0,0,270,0,0,0
0,43.78864,0,0,0,270,0,0,0
0,43.79488,0,0,0,270,0,0,0
0,43.80086,0,0,0,270,0,0,0
0,43.80757,0,0,0,270,0,0,0
0,43.81377,0,0,0,270,0,0,0
0,43.8208,0,0,0,270,0,0,0
0,43.82851,0,0,0,270,0,0,0
0,43.83541,0,0,0,270,0,0,0
0,43.84198,0,0,0,270,0,0,0
0,43.84956,0,0,0,270,0,0,0
0,43.85553,0,0,0,270,0,0,0
0,43.8623,0,0,0,270,0,0,0
0,43.86864,0,0,0,270,0,0,0
0,43.87449,0,0,0,270,0,0,0
0,43.88015,0,0,0,270,0,0,0
0,43.88612,0,0,0,270,0,0,0
0,43.89172,0,0,0,270,0,0,0
0,43.89751,0,0,0,270,0,0,0
0,43.9031,0,0,0,270,0,0,0
0,43.90976,0,0,0,270,0,0,0
0,43.91629,0,0,0,270,0,0,0
0,43.93597,0,0,0,270,0,0,0
