Ans,timenow,HMD_rotation_x,HMD_rotation_y,HMD_rotation_z,balldeg,ball_position_x,ball_position_y,ball_position_z
0,0.04361725,0,0,0,270,0,0,0
0,0.05520248,0,0,0,270,0,0,0
0,3.190044,0,0,0,270,0,0,0
0,3.22879,0,0,0,270,0,0,0
0,3.244198,0,0,0,270,0,0,0
0,3.252193,0,0,0,270,0,0,0
0,3.257511,0,0,0,270,0,0,0
0,3.264233,0,0,0,270,0,0,0
0,3.270813,0,0,0,270,0,0,0
0,3.278152,0,0,0,270,0,0,0
0,3.285099,0,0,0,270,0,0,0
0,3.292248,0,0,0,270,0,0,0
0,3.298679,0,0,0,270,0,0,0
0,3.307083,0,0,0,270,0,0,0
0,3.327667,0,0,0,270,0,0,0
0,3.333378,0,0,0,270,0,0,0
0,3.33934,0,0,0,270,0,0,0
0,3.344597,0,0,0,270,0,0,0
0,3.351151,0,0,0,270,0,0,0
0,3.358162,0,0,0,270,0,0,0
0,3.364162,0,0,0,270,0,0,0
0,3.369724,0,0,0,270,0,0,0
0,3.375374,0,0,0,270,0,0,0
0,3.380516,0,0,0,270,0,0,0
0,3.385792,0,0,0,270,0,0,0
0,3.391529,0,0,0,270,0,0,0
0,3.396614,0,0,0,270,0,0,0
0,3.402225,0,0,0,270,0,0,0
0,3.407784,0,0,0,270,0,0,0
0,3.413261,0,0,0,270,0,0,0
0,3.418163,0,0,0,270,0,0,0
0,3.423092,0,0,0,270,0,0,0
0,3.4296,0,0,0,270,0,0,0
0,3.435585,0,0,0,270,0,0,0
0,3.440758,0,0,0,270,0,0,0
0,3.445408,0,0,0,270,0,0,0
0,3.451321,0,0,0,270,0,0,0
0,3.457375,0,0,0,270,0,0,0
0,3.474201,0,0,0,270,0,0,0
0,3.480053,0,0,0,270,0,0,0
0,3.48505,0,0,0,270,0,0,0
0,3.491161,0,0,0,270,0,0,0
0,3.496326,0,0,0,270,0,0,0
0,3.505424,0,0,0,270,0,0,0
0,3.511559,0,0,0,270,0,0,0
0,3.516422,0,0,0,270,0,0,0
0,3.52095,0,0,0,270,0,0,0
0,3.527267,0,0,0,270,0,0,0
0,3.533909,0,0,0,270,0,0,0
0,3.539337,0,0,0,270,0,0,0
0,3.544361,0,0,0,270,0,0,0
0,3.550068,0,0,0,270,0,0,0
0,3.555092,0,0,0,270,0,0,0
0,3.561066,0,0,0,270,0,0,0
0,3.566021,0,0,0,270,0,0,0
0,3.572773,0,0,0,270,0,0,0
0,3.578808,0,0,0,270,0,0,0
0,3.585331,0,0,0,270,0,0,0
0,3.591511,0,0,0,270,0,0,0
0,3.596508,0,0,0,270,0,0,0
0,3.600933,0,0,0,270,0,0,0
0,3.605709,0,0,0,270,0,0,0
0,3.612862,0,0,0,270,0,0,0
0,3.631527,0,0,0,270,0,0,0
0,3.636517,0,0,0,270,0,0,0
0,3.641983,0,0,0,270,0,0,0
0,3.647049,0,0,0,270,0,0,0
0,3.65313,0,0,0,270,0,0,0
0,3.659782,0,0,0,270,0,0,0
0,3.666283,0,0,0,270,0,0,0
0,3.671322,0,0,0,270,0,0,0
0,3.676365,0,0,0,270,0,0,0
0,3.681049,0,0,0,270,0,0,0
0,3.686256,0,0,0,270,0,0,0
0,3.692398,0,0,0,270,0,0,0
0,3.697693,0,0,0,270,0,0,0
0,3.7033,0,0,0,270,0,0,0
0,3.707996,0,0,0,270,0,0,0
0,3.713196,0,0,0,270,0,0,0
0,3.71854,0,0,0,270,0,0,0
0,3.724724,0,0,0,270,0,0,0
0,3.730846,0,0,0,270,0,0,0
0,3.736622,0,0,0,270,0,0,0
0,3.741619,0,0,0,270,0,0,0
0,3.747139,0,0,0,270,0,0,0
0,3.753204,0,0,0,270,0,0,0
0,3.758358,0,0,0,270,0,0,0
0,3.765038,0,0,0,270,0,0,0
0,3.786884,0,0,0,270,0,0,0
0,3.792641,0,0,0,270,0,0,0
0,3.798538,0,0,0,270,0,0,0
0,3.803516,0,0,0,270,0,0,0
0,3.809353,0,0,0,270,0,0,0
0,3.814838,0,0,0,270,0,0,0
0,3.819519,0,0,0,270,0,0,0
0,3.824566,0,0,0,270,0,0,0
0,3.830105,0,0,0,270,0,0,0
0,3.834248,0,0,0,270,0,0,0
0,3.839718,0,0,0,270,0,0,0
0,3.8461,0,0,0,270,0,0,0
0,3.851383,0,0,0,270,0,0,0
0,3.857178,0,0,0,270,0,0,0
0,3.862888,0,0,0,270,0,0,0
0,3.867851,0,0,0,270,0,0,0
0,3.873299,0,0,0,270,0,0,0
0,3.878845,0,0,0,270,0,0,0
0,3.884361,0,0,0,270,0,0,0
0,3.890312,0,0,0,270,0,0,0
0,3.894527,0,0,0,270,0,0,0
0,3.900585,0,0,0,270,0,0,0
0,3.906498,0,0,0,270,0,0,0
0,3.913067,0,0,0,270,0,0,0
0,3.920063,0,0,0,270,0,0,0
0,3.939072,0,0,0,270,0,0,0
0,3.944916,0,0,0,270,0,0,0
0,3.951633,0,0,0,270,0,0,0
0,3.958073,0,0,0,270,0,0,0
0,3.963657,0,0,0,270,0,0,0
0,3.970085,0,0,0,270,0,0,0
0,3.976349,0,0,0,270,0,0,0
0,3.983105,0,0,0,270,0,0,0
0,3.989613,0,0,0,270,0,0,0
0,3.996155,0,0,0,270,0,0,0
0,4.002552,0,0,0,270,0,0,0
0,4.008278,0,0,0,270,0,0,0
0,4.014328,0,0,0,270,0,0,0
0,4.019844,0,0,0,270,0,0,0
0,4.025757,0,0,0,270,0,0,0
0,4.03244,0,0,0,270,0,0,0
0,4.038261,0,0,0,270,0,0,0
0,4.044811,0,0,0,270,0,0,0
0,4.051266,0,0,0,270,0,0,0
0,4.057583,0,0,0,270,0,0,0
0,4.064659,0,0,0,270,0,0,0
0,4.071526,0,0,0,270,0,0,0
0,4.095448,0,0,0,270,0,0,0
0,4.101883,0,0,0,270,0,0,0
0,4.108913,0,0,0,270,0,0,0
0,4.113876,0,0,0,270,0,0,0
0,4.119202,0,0,0,270,0,0,0
0,4.124176,0,0,0,270,0,0,0
0,4.129265,0,0,0,270,0,0,0
0,4.134716,0,0,0,270,0,0,0
0,4.139729,0,0,0,270,0,0,0
0,4.144268,0,0,0,270,0,0,0
0,4.149719,0,0,0,270,0,0,0
0,4.155579,0,0,0,270,0,0,0
0,4.161301,0,0,0,270,0,0,0
0,4.167263,0,0,0,270,0,0,0
0,4.17334,0,0,0,270,0,0,0
0,4.179077,0,0,0,270,0,0,0
0,4.184185,0,0,0,270,0,0,0
0,4.190319,0,0,0,270,0,0,0
0,4.195366,0,0,0,270,0,0,0
0,4.200798,0,0,0,270,0,0,0
0,4.206375,0,0,0,270,0,0,0
0,4.211948,0,0,0,270,0,0,0
0,4.218868,0,0,0,270,0,0,0
0,4.224049,0,0,0,270,0,0,0
0,4.243141,0,0,0,270,0,0,0
0,4.250824,0,0,0,270,0,0,0
0,4.256344,0,0,0,270,0,0,0
0,4.263126,0,0,0,270,0,0,0
0,4.269615,0,0,0,270,0,0,0
0,4.275192,0,0,0,270,0,0,0
0,4.280941,0,0,0,270,0,0,0
0,4.287525,0,0,0,270,0,0,0
0,4.294769,0,0,0,270,0,0,0
0,4.301105,0,0,0,270,0,0,0
0,4.307892,0,0,0,270,0,0,0
0,4.313896,0,0,0,270,0,0,0
0,4.319515,0,0,0,270,0,0,0
0,4.326691,0,0,0,270,0,0,0
0,4.333252,0,0,0,270,0,0,0
0,4.339653,0,0,0,270,0,0,0
0,4.351536,0,0,0,270,0,0,0
0,4.367817,0,0,0,270,0,0,0
0,4.375107,0,0,0,270,0,0,0
0,4.395203,0,0,0,270,0,0,0
0,4.400555,0,0,0,270,0,0,0
0,4.406181,0,0,0,270,0,0,0
0,4.412937,0,0,0,270,0,0,0
0,4.419052,0,0,0,270,0,0,0
0,4.423946,0,0,0,270,0,0,0
0,4.42971,0,0,0,270,0,0,0
0,4.435696,0,0,0,270,0,0,0
0,4.441784,0,0,0,270,0,0,0
0,4.446613,0,0,0,270,0,0,0
0,4.453171,0,0,0,270,0,0,0
0,4.459076,0,0,0,270,0,0,0
0,4.464207,0,0,0,270,0,0,0
0,4.470478,0,0,0,270,0,0,0
0,4.47588,0,0,0,270,0,0,0
0,4.48156,0,0,0,270,0,0,0
0,4.48674,0,0,0,270,0,0,0
0,4.492355,0,0,0,270,0,0,0
0,4.497898,0,0,0,270,0,0,0
0,4.503864,0,0,0,270,0,0,0
0,4.510475,0,0,0,270,0,0,0
0,4.51696,0,0,0,270,0,0,0
0,4.522617,0,0,0,270,0,0,0
0,4.529064,0,0,0,270,0,0,0
0,4.547993,0,0,0,270,0,0,0
0,4.553829,0,0,0,270,0,0,0
0,4.560425,0,0,0,270,0,0,0
0,4.566479,0,0,0,270,0,0,0
0,4.571907,0,0,0,270,0,0,0
0,4.577385,0,0,0,270,0,0,0
0,4.583061,0,0,0,270,0,0,0
0,4.589005,0,0,0,270,0,0,0
0,4.595291,0,0,0,270,0,0,0
0,4.600452,0,0,0,270,0,0,0
0,4.606342,0,0,0,270,0,0,0
0,4.613968,0,0,0,270,0,0,0
0,4.619404,0,0,0,270,0,0,0
0,4.62553,0,0,0,270,0,0,0
0,4.631748,0,0,0,270,0,0,0
0,4.638454,0,0,0,270,0,0,0
0,4.644474,0,0,0,270,0,0,0
0,4.651657,0,0,0,270,0,0,0
0,4.659004,0,0,0,270,0,0,0
0,4.665279,0,0,0,270,0,0,0
0,4.671703,0,0,0,270,0,0,0
0,4.677349,0,0,0,270,0,0,0
0,4.682644,0,0,0,270,0,0,0
0,4.701443,0,0,0,270,0,0,0
0,4.707088,0,0,0,270,0,0,0
0,4.713367,0,0,0,270,0,0,0
0,4.720036,0,0,0,270,0,0,0
0,4.726704,0,0,0,270,0,0,0
0,4.732372,0,0,0,270,0,0,0
0,4.738674,0,0,0,270,0,0,0
0,4.744289,0,0,0,270,0,0,0
0,4.750645,0,0,0,270,0,0,0
0,4.756603,0,0,0,270,0,0,0
0,4.762325,0,0,0,270,0,0,0
0,4.76804,0,0,0,270,0,0,0
0,4.774387,0,0,0,270,0,0,0
0,4.781994,0,0,0,270,0,0,0
0,4.786991,0,0,0,270,0,0,0
0,4.793308,0,0,0,270,0,0,0
0,4.799526,0,0,0,270,0,0,0
0,4.805897,0,0,0,270,0,0,0
0,4.811008,0,0,0,270,0,0,0
0,4.816998,0,0,0,270,0,0,0
0,4.821903,0,0,0,270,0,0,0
0,4.828152,0,0,0,270,0,0,0
0,4.8344,0,0,0,270,0,0,0
0,4.853992,0,0,0,270,0,0,0
0,4.861332,0,0,0,270,0,0,0
0,4.866375,0,0,0,270,0,0,0
0,4.872776,0,0,0,270,0,0,0
0,4.878178,0,0,0,270,0,0,0
0,4.883617,0,0,0,270,0,0,0
0,4.889187,0,0,0,270,0,0,0
0,4.893955,0,0,0,270,0,0,0
0,4.899181,0,0,0,270,0,0,0
0,4.904186,0,0,0,270,0,0,0
0,4.91029,0,0,0,270,0,0,0
0,4.915691,0,0,0,270,0,0,0
0,4.921642,0,0,0,270,0,0,0
0,4.927509,0,0,0,270,0,0,0
0,4.933651,0,0,0,270,0,0,0
0,4.939754,0,0,0,270,0,0,0
0,4.945705,0,0,0,270,0,0,0
0,4.952358,0,0,0,270,0,0,0
0,4.957638,0,0,0,270,0,0,0
0,4.963078,0,0,0,270,0,0,0
0,4.969189,0,0,0,270,0,0,0
0,4.974995,0,0,0,270,0,0,0
0,4.980328,0,0,0,270,0,0,0
0,4.985622,0,0,0,270,0,0,0
0,5.002728,0,0,0,270,0,0,0
0,5.00983,0,0,0,270,0,0,0
0,5.016216,0,0,0,270,0,0,0
0,5.022526,0,0,0,270,0,0,0
0,5.029034,0,0,0,270,0,0,0
0,5.034809,0,0,0,270,0,0,0
0,5.040913,0,0,0,270,0,0,0
0,5.047832,0,0,0,270,0,0,0
0,5.054028,0,0,0,270,0,0,0
0,5.058949,0,0,0,270,0,0,0
0,5.064884,0,0,0,270,0,0,0
0,5.071896,0,0,0,270,0,0,0
0,5.07819,0,0,0,270,0,0,0
0,5.083485,0,0,0,270,0,0,0
0,5.088863,0,0,0,270,0,0,0
0,5.094875,0,0,0,270,0,0,0
0,5.100834,0,0,0,270,0,0,0
0,5.107616,0,0,0,270,0,0,0
0,5.11446,0,0,0,270,0,0,0
0,5.120571,0,0,0,270,0,0,0
0,5.126575,0,0,0,270,0,0,0
0,5.13303,0,0,0,270,0,0,0
0,5.139606,0,0,0,270,0,0,0
0,5.15868,0,0,0,270,0,0,0
0,5.164478,0,0,0,270,0,0,0
0,5.17033,0,0,0,270,0,0,0
0,5.177448,0,0,0,270,0,0,0
0,5.1833,0,0,0,270,0,0,0
0,5.189686,0,0,0,270,0,0,0
0,5.196171,0,0,0,270,0,0,0
0,5.20248,0,0,0,270,0,0,0
0,5.209515,0,0,0,270,0,0,0
0,5.214947,0,0,0,270,0,0,0
0,5.22044,0,0,0,270,0,0,0
0,5.226299,0,0,0,270,0,0,0
0,5.233608,0,0,0,270,0,0,0
0,5.240208,0,0,0,270,0,0,0
0,5.24741,0,0,0,270,0,0,0
0,5.253963,0,0,0,270,0,0,0
0,5.260273,0,0,0,270,0,0,0
0,5.266788,0,0,0,270,0,0,0
0,5.274212,0,0,0,270,0,0,0
0,5.2812,0,0,0,270,0,0,0
0,5.287365,0,0,0,270,0,0,0
0,5.294796,0,0,0,270,0,0,0
0,5.318752,0,0,0,270,0,0,0
0,5.32822,0,0,0,270,0,0,0
0,5.335423,0,0,0,270,0,0,0
0,5.342594,0,0,0,270,0,0,0
0,5.349384,0,0,0,270,0,0,0
0,5.355732,0,0,0,270,0,0,0
0,5.362965,0,0,0,270,0,0,0
0,5.369251,0,0,0,270,0,0,0
0,5.376057,0,0,0,270,0,0,0
0,5.382542,0,0,0,270,0,0,0
0,5.389843,0,0,0,270,0,0,0
0,5.397366,0,0,0,270,0,0,0
0,5.403378,0,0,0,270,0,0,0
0,5.409962,0,0,0,270,0,0,0
0,5.416317,0,0,0,270,0,0,0
0,5.423191,0,0,0,270,0,0,0
0,5.430004,0,0,0,270,0,0,0
0,5.436108,0,0,0,270,0,0,0
0,5.442043,0,0,0,270,0,0,0
0,5.449146,0,0,0,270,0,0,0
0,5.469807,0,0,0,270,0,0,0
0,5.475704,0,0,0,270,0,0,0
0,5.482395,0,0,0,270,0,0,0
0,5.4893,0,0,0,270,0,0,0
0,5.495281,0,0,0,270,0,0,0
0,5.500889,0,0,0,270,0,0,0
0,5.508198,0,0,0,270,0,0,0
0,5.515667,0,0,0,270,0,0,0
0,5.521923,0,0,0,270,0,0,0
0,5.529011,0,0,0,270,0,0,0
0,5.536015,0,0,0,270,0,0,0
0,5.541943,0,0,0,270,0,0,0
0,5.54797,0,0,0,270,0,0,0
0,5.554897,0,0,0,270,0,0,0
0,5.561337,0,0,0,270,0,0,0
0,5.567822,0,0,0,270,0,0,0
0,5.574711,0,0,0,270,0,0,0
0,5.581142,0,0,0,270,0,0,0
0,5.588039,0,0,0,270,0,0,0
0,5.59486,0,0,0,270,0,0,0
0,5.601391,0,0,0,270,0,0,0
0,5.623211,0,0,0,270,0,0,0
0,5.629498,0,0,0,270,0,0,0
0,5.635113,0,0,0,270,0,0,0
0,5.641705,0,0,0,270,0,0,0
0,5.647457,0,0,0,270,0,0,0
0,5.654568,0,0,0,270,0,0,0
0,5.660923,0,0,0,270,0,0,0
0,5.667027,0,0,0,270,0,0,0
0,5.674397,0,0,0,270,0,0,0
0,5.68063,0,0,0,270,0,0,0
0,5.686771,0,0,0,270,0,0,0
0,5.693768,0,0,0,270,0,0,0
0,5.701633,0,0,0,270,0,0,0
0,5.709728,0,0,0,270,0,0,0
0,5.717533,0,0,0,270,0,0,0
0,5.724567,0,0,0,270,0,0,0
0,5.731647,0,0,0,270,0,0,0
0,5.739086,0,0,0,270,0,0,0
0,5.745548,0,0,0,270,0,0,0
0,5.752377,0,0,0,270,0,0,0
0,5.774738,0,0,0,270,0,0,0
0,5.782162,0,0,0,270,0,0,0
0,5.78912,0,0,0,270,0,0,0
0,5.795696,0,0,0,270,0,0,0
0,5.803974,0,0,0,270,0,0,0
0,5.810055,0,0,0,270,0,0,0
0,5.816257,0,0,0,270,0,0,0
0,5.822392,0,0,0,270,0,0,0
0,5.830624,0,0,0,270,0,0,0
0,5.836857,0,0,0,270,0,0,0
0,5.843182,0,0,0,270,0,0,0
0,5.849407,0,0,0,270,0,0,0
0,5.854099,0,0,0,270,0,0,0
0,5.859196,0,0,0,270,0,0,0
0,5.865162,0,0,0,270,0,0,0
0,5.872623,0,0,0,270,0,0,0
0,5.878262,0,0,0,270,0,0,0
0,5.88335,0,0,0,270,0,0,0
0,5.889721,0,0,0,270,0,0,0
0,5.895603,0,0,0,270,0,0,0
0,5.900959,0,0,0,270,0,0,0
0,5.913509,0,0,0,270,0,0,0
0,5.933849,0,0,0,270,0,0,0
0,5.938862,0,0,0,270,0,0,0
0,5.943813,0,0,0,270,0,0,0
0,5.949856,0,0,0,270,0,0,0
0,5.95499,0,0,0,270,0,0,0
0,5.960346,0,0,0,270,0,0,0
0,5.965603,0,0,0,270,0,0,0
0,5.971844,0,0,0,270,0,0,0
0,5.976963,0,0,0,270,0,0,0
0,5.983021,0,0,0,270,0,0,0
0,5.989773,0,0,0,270,0,0,0
0,5.994869,0,0,0,270,0,0,0
0,6.001705,0,0,0,270,0,0,0
0,6.008106,0,0,0,270,0,0,0
0,6.015202,0,0,0,270,0,0,0
0,6.020489,0,0,0,270,0,0,0
0,6.025417,0,0,0,270,0,0,0
0,6.031681,0,0,0,270,0,0,0
0,6.037395,0,0,0,270,0,0,0
0,6.042591,0,0,0,270,0,0,0
0,6.048893,0,0,0,270,0,0,0
0,6.053974,0,0,0,270,0,0,0
0,6.058811,0,0,0,270,0,0,0
0,6.064213,0,0,0,270,0,0,0
0,6.084057,0,0,0,270,0,0,0
0,6.089603,0,0,0,270,0,0,0
0,6.095165,0,0,0,270,0,0,0
0,6.101696,0,0,0,270,0,0,0
0,6.10796,0,0,0,270,0,0,0
0,6.114292,0,0,0,270,0,0,0
0,6.120235,0,0,0,270,0,0,0
0,6.125561,0,0,0,270,0,0,0
0,6.13216,0,0,0,270,0,0,0
0,6.138226,0,0,0,270,0,0,0
0,6.144268,0,0,0,270,0,0,0
0,6.151302,0,0,0,270,0,0,0
0,6.157627,0,0,0,270,0,0,0
0,6.163769,0,0,0,270,0,0,0
0,6.170109,0,0,0,270,0,0,0
0,6.176739,0,0,0,270,0,0,0
0,6.182491,0,0,0,270,0,0,0
0,6.189075,0,0,0,270,0,0,0
0,6.19463,0,0,0,270,0,0,0
0,6.200474,0,0,0,270,0,0,0
0,6.2066,0,0,0,270,0,0,0
0,6.211742,0,0,0,270,0,0,0
0,6.217297,0,0,0,270,0,0,0
0,6.237049,0,0,0,270,0,0,0
0,6.242359,0,0,0,270,0,0,0
0,6.24786,0,0,0,270,0,0,0
0,6.253216,0,0,0,270,0,0,0
0,6.258198,0,0,0,270,0,0,0
0,6.264034,0,0,0,270,0,0,0
0,6.269314,0,0,0,270,0,0,0
0,6.274876,0,0,0,270,0,0,0
0,6.280338,0,0,0,270,0,0,0
0,6.286472,0,0,0,270,0,0,0
0,6.292599,0,0,0,270,0,0,0
0,6.299091,0,0,0,270,0,0,0
0,6.304592,0,0,0,270,0,0,0
0,6.310398,0,0,0,270,0,0,0
0,6.315975,0,0,0,270,0,0,0
0,6.321743,0,0,0,270,0,0,0
0,6.328045,0,0,0,270,0,0,0
0,6.334682,0,0,0,270,0,0,0
0,6.340595,0,0,0,270,0,0,0
0,6.346531,0,0,0,270,0,0,0
0,6.352444,0,0,0,270,0,0,0
0,6.357594,0,0,0,270,0,0,0
0,6.364056,0,0,0,270,0,0,0
0,6.370518,0,0,0,270,0,0,0
0,6.390141,0,0,0,270,0,0,0
0,6.395382,0,0,0,270,0,0,0
0,6.40073,0,0,0,270,0,0,0
0,6.406094,0,0,0,270,0,0,0
0,6.411457,0,0,0,270,0,0,0
0,6.416866,0,0,0,270,0,0,0
0,6.422749,0,0,0,270,0,0,0
0,6.42947,0,0,0,270,0,0,0
0,6.43568,0,0,0,270,0,0,0
0,6.441715,0,0,0,270,0,0,0
0,6.447948,0,0,0,270,0,0,0
0,6.454983,0,0,0,270,0,0,0
0,6.460964,0,0,0,270,0,0,0
0,6.469013,0,0,0,270,0,0,0
0,6.4753,0,0,0,270,0,0,0
0,6.482151,0,0,0,270,0,0,0
0,6.489254,0,0,0,270,0,0,0
0,6.497723,0,0,0,270,0,0,0
0,6.506428,0,0,0,270,0,0,0
0,6.526318,0,0,0,270,0,0,0
0,6.533535,0,0,0,270,0,0,0
0,6.555233,0,0,0,270,0,0,0
0,6.562695,0,0,0,270,0,0,0
0,6.569164,0,0,0,270,0,0,0
0,6.575535,0,0,0,270,0,0,0
0,6.582722,0,0,0,270,0,0,0
0,6.589077,0,0,0,270,0,0,0
0,6.595699,0,0,0,270,0,0,0
0,6.602009,0,0,0,270,0,0,0
0,6.608143,0,0,0,270,0,0,0
0,6.614872,0,0,0,270,0,0,0
0,6.621014,0,0,0,270,0,0,0
0,6.627789,0,0,0,270,0,0,0
0,6.635525,0,0,0,270,0,0,0
0,6.642918,0,0,0,270,0,0,0
0,6.653027,0,0,0,270,0,0,0
0,6.660091,0,0,0,270,0,0,0
0,6.667347,0,0,0,270,0,0,0
0,6.674313,0,0,0,270,0,0,0
0,6.679745,0,0,0,270,0,0,0
0,6.686138,0,0,0,270,0,0,0
0,6.707714,0,0,0,270,0,0,0
0,6.714909,0,0,0,270,0,0,0
0,6.721653,0,0,0,270,0,0,0
0,6.729031,0,0,0,270,0,0,0
0,6.735851,0,0,0,270,0,0,0
0,6.742092,0,0,0,270,0,0,0
0,6.750355,0,0,0,270,0,0,0
0,6.757221,0,0,0,270,0,0,0
0,6.764339,0,0,0,270,0,0,0
0,6.771435,0,0,0,270,0,0,0
0,6.779949,0,0,0,270,0,0,0
0,6.78677,0,0,0,270,0,0,0
0,6.793163,0,0,0,270,0,0,0
0,6.800762,0,0,0,270,0,0,0
0,6.806973,0,0,0,270,0,0,0
0,6.813854,0,0,0,270,0,0,0
0,6.820278,0,0,0,270,0,0,0
0,6.826191,0,0,0,270,0,0,0
0,6.833645,0,0,0,270,0,0,0
0,6.840084,0,0,0,270,0,0,0
0,6.863842,0,0,0,270,0,0,0
0,6.870075,0,0,0,270,0,0,0
0,6.876316,0,0,0,270,0,0,0
0,6.882069,0,0,0,270,0,0,0
0,6.89053,0,0,0,270,0,0,0
0,6.897762,0,0,0,270,0,0,0
0,6.906696,0,0,0,270,0,0,0
0,6.913769,0,0,0,270,0,0,0
0,6.920025,0,0,0,270,0,0,0
0,6.928242,0,0,0,270,0,0,0
0,6.936344,0,0,0,270,0,0,0
0,6.942722,0,0,0,270,0,0,0
0,6.949986,0,0,0,270,0,0,0
0,6.956425,0,0,0,270,0,0,0
0,6.96265,0,0,0,270,0,0,0
0,6.969707,0,0,0,270,0,0,0
0,6.975315,0,0,0,270,0,0,0
0,6.981274,0,0,0,270,0,0,0
0,6.986591,0,0,0,270,0,0,0
0,6.99313,0,0,0,270,0,0,0
0,7.016552,0,0,0,270,0,0,0
0,7.022556,0,0,0,270,0,0,0
0,7.029682,0,0,0,270,0,0,0
0,7.035625,0,0,0,270,0,0,0
0,7.041576,0,0,0,270,0,0,0
0,7.048267,0,0,0,270,0,0,0
0,7.053829,0,0,0,270,0,0,0
0,7.060406,0,0,0,270,0,0,0
0,7.066448,0,0,0,270,0,0,0
0,7.073078,0,0,0,270,0,0,0
0,7.079662,0,0,0,270,0,0,0
0,7.08604,0,0,0,270,0,0,0
0,7.092937,0,0,0,270,0,0,0
0,7.098751,0,0,0,270,0,0,0
0,7.106388,0,0,0,270,0,0,0
0,7.113316,0,0,0,270,0,0,0
0,7.118633,0,0,0,270,0,0,0
0,7.125057,0,0,0,270,0,0,0
0,7.132633,0,0,0,270,0,0,0
0,7.13924,0,0,0,270,0,0,0
0,7.145039,0,0,0,270,0,0,0
0,7.162762,0,0,0,270,0,0,0
0,7.169643,0,0,0,270,0,0,0
0,7.17622,0,0,0,270,0,0,0
0,7.181873,0,0,0,270,0,0,0
0,7.189564,0,0,0,270,0,0,0
0,7.196781,0,0,0,270,0,0,0
0,7.203236,0,0,0,270,0,0,0
0,7.210804,0,0,0,270,0,0,0
0,7.217892,0,0,0,270,0,0,0
0,7.224728,0,0,0,270,0,0,0
0,7.230694,0,0,0,270,0,0,0
0,7.23756,0,0,0,270,0,0,0
0,7.243038,0,0,0,270,0,0,0
0,7.24873,0,0,0,270,0,0,0
0,7.253849,0,0,0,270,0,0,0
0,7.260365,0,0,0,270,0,0,0
0,7.267193,0,0,0,270,0,0,0
0,7.274036,0,0,0,270,0,0,0
0,7.280155,0,0,0,270,0,0,0
0,7.286243,0,0,0,270,0,0,0
0,7.292194,0,0,0,270,0,0,0
0,7.298229,0,0,0,270,0,0,0
0,7.317265,0,0,0,270,0,0,0
0,7.323109,0,0,0,270,0,0,0
0,7.33028,0,0,0,270,0,0,0
0,7.335537,0,0,0,270,0,0,0
0,7.340527,0,0,0,270,0,0,0
0,7.346447,0,0,0,270,0,0,0
0,7.352955,0,0,0,270,0,0,0
0,7.359867,0,0,0,270,0,0,0
0,7.365063,0,0,0,270,0,0,0
0,7.371441,0,0,0,270,0,0,0
0,7.377232,0,0,0,270,0,0,0
0,7.382267,0,0,0,270,0,0,0
0,7.389317,0,0,0,270,0,0,0
0,7.395229,0,0,0,270,0,0,0
0,7.400356,0,0,0,270,0,0,0
0,7.405117,0,0,0,270,0,0,0
0,7.411594,0,0,0,270,0,0,0
0,7.416897,0,0,0,270,0,0,0
0,7.423687,0,0,0,270,0,0,0
0,7.430027,0,0,0,270,0,0,0
0,7.436268,0,0,0,270,0,0,0
0,7.441975,0,0,0,270,0,0,0
0,7.449017,0,0,0,270,0,0,0
0,7.469257,0,0,0,270,0,0,0
0,7.474201,0,0,0,270,0,0,0
4,7.491222,0,0,0,270,0,0,0
4,7.49921,0,0,0,270,0,0,0
4,7.508389,0,0,0,3.555031E-06,0,0,3
4,7.515202,0,0,0,3.555031E-06,0,0,3
4,7.522358,0,0,0,3.555031E-06,0,0,3
4,7.528172,0,0,0,3.555031E-06,0,0,3
4,7.533398,0,0,0,3.555031E-06,0,0,3
4,7.538715,0,0,0,3.555031E-06,0,0,3
4,7.544048,0,0,0,3.555031E-06,0,0,3
4,7.550587,0,0,0,3.555031E-06,0,0,3
4,7.555386,0,0,0,3.555031E-06,0,0,3
4,7.561436,0,0,0,3.555031E-06,0,0,3
4,7.566799,0,0,0,3.555031E-06,0,0,3
4,7.572285,0,0,0,3.555031E-06,0,0,3
4,7.578495,0,0,0,3.555031E-06,0,0,3
4,7.584171,0,0,0,3.555031E-06,0,0,3
4,7.590443,0,0,0,3.555031E-06,0,0,3
4,7.595837,0,0,0,3.555031E-06,0,0,3
4,7.602909,0,0,0,3.555031E-06,0,0,3
4,7.62672,0,0,0,3.555031E-06,0,0,3
4,7.635067,0,0,0,3.555031E-06,0,0,3
4,7.64098,0,0,0,3.555031E-06,0,0,3
4,7.646366,0,0,0,3.555031E-06,0,0,3
4,7.652782,0,0,0,3.555031E-06,0,0,3
4,7.658321,0,0,0,3.555031E-06,0,0,3
4,7.663845,0,0,0,3.555031E-06,0,0,3
4,7.670696,0,0,0,3.555031E-06,0,0,3
4,7.676716,0,0,0,3.555031E-06,0,0,3
4,7.682873,0,0,0,3.555031E-06,0,0,3
4,7.689854,0,0,0,3.555031E-06,0,0,3
4,7.695629,0,0,0,3.555031E-06,0,0,3
4,7.702602,0,0,0,3.555031E-06,0,0,3
4,7.708981,0,0,0,3.555031E-06,0,0,3
4,7.714993,0,0,0,3.555031E-06,0,0,3
4,7.720425,0,0,0,3.555031E-06,0,0,3
4,7.725758,0,0,0,3.555031E-06,0,0,3
4,7.731358,0,0,0,3.555031E-06,0,0,3
4,7.737957,0,0,0,3.555031E-06,0,0,3
4,7.744259,0,0,0,3.555031E-06,0,0,3
4,7.752728,0,0,0,3.555031E-06,0,0,3
4,7.759022,0,0,0,3.555031E-06,0,0,3
4,7.780926,0,0,0,3.555031E-06,0,0,3
4,7.789654,0,0,0,3.555031E-06,0,0,3
4,7.797482,0,0,0,3.555031E-06,0,0,3
4,7.803776,0,0,0,3.555031E-06,0,0,3
4,7.809978,0,0,0,3.555031E-06,0,0,3
4,7.816624,0,0,0,3.555031E-06,0,0,3
4,7.822826,0,0,0,3.555031E-06,0,0,3
4,7.829838,0,0,0,3.555031E-06,0,0,3
4,7.836613,0,0,0,3.555031E-06,0,0,3
4,7.842541,0,0,0,3.555031E-06,0,0,3
4,7.849697,0,0,0,3.555031E-06,0,0,3
4,7.856609,0,0,0,3.555031E-06,0,0,3
4,7.863918,0,0,0,3.555031E-06,0,0,3
4,7.870754,0,0,0,3.555031E-06,0,0,3
4,7.877987,0,0,0,3.555031E-06,0,0,3
4,7.883747,0,0,0,3.555031E-06,0,0,3
4,7.889904,0,0,0,3.555031E-06,0,0,3
4,7.896519,0,0,0,3.555031E-06,0,0,3
4,7.902752,0,0,0,3.555031E-06,0,0,3
4,7.90987,0,0,0,3.555031E-06,0,0,3
4,7.929752,0,0,0,3.555031E-06,0,0,3
4,7.937344,0,0,0,3.555031E-06,0,0,3
4,7.943462,0,0,0,3.555031E-06,0,0,3
4,7.950916,0,0,0,3.555031E-06,0,0,3
4,7.95879,0,0,0,3.555031E-06,0,0,3
4,7.96397,0,0,0,3.555031E-06,0,0,3
4,7.970676,0,0,0,3.555031E-06,0,0,3
4,7.977528,0,0,0,3.555031E-06,0,0,3
4,7.984806,0,0,0,3.555031E-06,0,0,3
4,7.991924,0,0,0,3.555031E-06,0,0,3
4,7.997295,0,0,0,3.555031E-06,0,0,3
4,8.003948,0,0,0,3.555031E-06,0,0,3
4,8.009998,0,0,0,3.555031E-06,0,0,3
4,8.015331,0,0,0,3.555031E-06,0,0,3
4,8.020649,0,0,0,3.555031E-06,0,0,3
4,8.026531,0,0,0,3.555031E-06,0,0,3
4,8.032879,0,0,0,3.555031E-06,0,0,3
4,8.038456,0,0,0,3.555031E-06,0,0,3
4,8.043697,0,0,0,3.555031E-06,0,0,3
4,8.04987,0,0,0,3.555031E-06,0,0,3
4,8.056751,0,0,0,3.555031E-06,0,0,3
4,8.063236,0,0,0,3.555031E-06,0,0,3
4,8.085262,0,0,0,3.555031E-06,0,0,3
4,8.092762,0,0,0,3.555031E-06,0,0,3
4,8.098568,0,0,0,3.555031E-06,0,0,3
4,8.104504,0,0,0,3.555031E-06,0,0,3
4,8.110844,0,0,0,3.555031E-06,0,0,3
4,8.117336,0,0,0,3.555031E-06,0,0,3
4,8.123882,0,0,0,3.555031E-06,0,0,3
4,8.130054,0,0,0,3.555031E-06,0,0,3
4,8.135593,0,0,0,3.555031E-06,0,0,3
4,8.142811,0,0,0,3.555031E-06,0,0,3
4,8.150654,0,0,0,3.555031E-06,0,0,3
4,8.15797,0,0,0,3.555031E-06,0,0,3
4,8.16383,0,0,0,3.555031E-06,0,0,3
4,8.170696,0,0,0,3.555031E-06,0,0,3
4,8.176563,0,0,0,3.555031E-06,0,0,3
4,8.18298,0,0,0,3.555031E-06,0,0,3
4,8.190334,0,0,0,3.555031E-06,0,0,3
4,8.1973,0,0,0,3.555031E-06,0,0,3
4,8.204441,0,0,0,3.555031E-06,0,0,3
4,8.211697,0,0,0,3.555031E-06,0,0,3
4,8.218266,0,0,0,3.555031E-06,0,0,3
4,8.239483,0,0,0,3.555031E-06,0,0,3
4,8.248112,0,0,0,3.555031E-06,0,0,3
4,8.256824,0,0,0,3.555031E-06,0,0,3
4,8.265079,0,0,0,3.555031E-06,0,0,3
4,8.272427,0,0,0,3.555031E-06,0,0,3
4,8.279881,0,0,0,3.555031E-06,0,0,3
4,8.286648,0,0,0,3.555031E-06,0,0,3
4,8.294025,0,0,0,3.555031E-06,0,0,3
4,8.300793,0,0,0,3.555031E-06,0,0,3
4,8.30653,0,0,0,3.555031E-06,0,0,3
4,8.313175,0,0,0,3.555031E-06,0,0,3
4,8.318584,0,0,0,3.555031E-06,0,0,3
4,8.325481,0,0,0,3.555031E-06,0,0,3
4,8.334187,0,0,0,3.555031E-06,0,0,3
4,8.340557,0,0,0,3.555031E-06,0,0,3
4,8.346409,0,0,0,3.555031E-06,0,0,3
4,8.352894,0,0,0,3.555031E-06,0,0,3
4,8.360317,0,0,0,3.555031E-06,0,0,3
4,8.367146,0,0,0,3.555031E-06,0,0,3
4,8.375027,0,0,0,3.555031E-06,0,0,3
4,8.397457,0,0,0,3.555031E-06,0,0,3
4,8.403843,0,0,0,3.555031E-06,0,0,3
4,8.410954,0,0,0,3.555031E-06,0,0,3
4,8.419453,0,0,0,3.555031E-06,0,0,3
4,8.426327,0,0,0,3.555031E-06,0,0,3
4,8.432095,0,0,0,3.555031E-06,0,0,3
4,8.438313,0,0,0,3.555031E-06,0,0,3
4,8.444248,0,0,0,3.555031E-06,0,0,3
4,8.450665,0,0,0,3.555031E-06,0,0,3
4,8.458248,0,0,0,3.555031E-06,0,0,3
4,8.463322,0,0,0,3.555031E-06,0,0,3
4,8.470081,0,0,0,3.555031E-06,0,0,3
4,8.476025,0,0,0,3.555031E-06,0,0,3
4,8.482265,0,0,0,3.555031E-06,0,0,3
4,8.487453,0,0,0,3.555031E-06,0,0,3
4,8.494289,0,0,0,3.555031E-06,0,0,3
4,8.4995,0,0,0,3.555031E-06,0,0,3
4,8.504742,0,0,0,3.555031E-06,0,0,3
4,8.51054,0,0,0,3.555031E-06,0,0,3
4,8.515751,0,0,0,3.555031E-06,0,0,3
4,8.521198,0,0,0,3.555031E-06,0,0,3
4,8.526836,0,0,0,3.555031E-06,0,0,3
4,8.54604,0,0,0,3.555031E-06,0,0,3
4,8.552181,0,0,0,3.555031E-06,0,0,3
4,8.559368,0,0,0,3.555031E-06,0,0,3
4,8.56612,0,0,0,3.555031E-06,0,0,3
4,8.57246,0,0,0,3.555031E-06,0,0,3
4,8.578037,0,0,0,3.555031E-06,0,0,3
4,8.583607,0,0,0,3.555031E-06,0,0,3
4,8.589512,0,0,0,3.555031E-06,0,0,3
4,8.595051,0,0,0,3.555031E-06,0,0,3
4,8.599697,0,0,0,3.555031E-06,0,0,3
4,8.604626,0,0,0,3.555031E-06,0,0,3
4,8.609859,0,0,0,3.555031E-06,0,0,3
4,8.614239,0,0,0,3.555031E-06,0,0,3
4,8.618885,0,0,0,3.555031E-06,0,0,3
4,8.624096,0,0,0,3.555031E-06,0,0,3
4,8.629223,0,0,0,3.555031E-06,0,0,3
4,8.634335,0,0,0,3.555031E-06,0,0,3
4,8.640636,0,0,0,3.555031E-06,0,0,3
4,8.645985,0,0,0,3.555031E-06,0,0,3
4,8.651501,0,0,0,3.555031E-06,0,0,3
4,8.65752,0,0,0,3.555031E-06,0,0,3
4,8.6628,0,0,0,3.555031E-06,0,0,3
4,8.669598,0,0,0,3.555031E-06,0,0,3
4,8.675014,0,0,0,3.555031E-06,0,0,3
4,8.680866,0,0,0,3.555031E-06,0,0,3
4,8.700459,0,0,0,3.555031E-06,0,0,3
4,8.706196,0,0,0,3.555031E-06,0,0,3
4,8.710995,0,0,0,3.555031E-06,0,0,3
4,8.715366,0,0,0,3.555031E-06,0,0,3
4,8.720966,0,0,0,3.555031E-06,0,0,3
4,8.72694,0,0,0,3.555031E-06,0,0,3
4,8.732288,0,0,0,3.555031E-06,0,0,3
4,8.738529,0,0,0,3.555031E-06,0,0,3
4,8.751194,0,0,0,3.555031E-06,0,0,3
4,8.769978,0,0,0,3.555031E-06,0,0,3
4,8.776913,0,0,0,3.555031E-06,0,0,3
4,8.782085,0,0,0,3.555031E-06,0,0,3
4,8.789104,0,0,0,3.555031E-06,0,0,3
4,8.796261,0,0,0,3.555031E-06,0,0,3
4,8.802067,0,0,0,3.555031E-06,0,0,3
4,8.809971,0,0,0,3.555031E-06,0,0,3
4,8.8158,0,0,0,3.555031E-06,0,0,3
4,8.821728,0,0,0,3.555031E-06,0,0,3
4,8.828808,0,0,0,3.555031E-06,0,0,3
4,8.83485,0,0,0,3.555031E-06,0,0,3
4,8.852215,0,0,0,3.555031E-06,0,0,3
4,8.859211,0,0,0,3.555031E-06,0,0,3
4,8.864429,0,0,0,3.555031E-06,0,0,3
4,8.872417,0,0,0,3.555031E-06,0,0,3
4,8.879154,0,0,0,3.555031E-06,0,0,3
4,8.885983,0,0,0,3.555031E-06,0,0,3
4,8.893642,0,0,0,3.555031E-06,0,0,3
4,8.89983,0,0,0,3.555031E-06,0,0,3
4,8.906353,0,0,0,3.555031E-06,0,0,3
4,8.912937,0,0,0,3.555031E-06,0,0,3
4,8.919239,0,0,0,3.555031E-06,0,0,3
4,8.924992,0,0,0,3.555031E-06,0,0,3
4,8.931004,0,0,0,3.555031E-06,0,0,3
4,8.938381,0,0,0,3.555031E-06,0,0,3
4,8.944233,0,0,0,3.555031E-06,0,0,3
4,8.950603,0,0,0,3.555031E-06,0,0,3
4,8.958057,0,0,0,3.555031E-06,0,0,3
4,8.965702,0,0,0,3.555031E-06,0,0,3
4,8.972179,0,0,0,3.555031E-06,0,0,3
4,8.980869,0,0,0,3.555031E-06,0,0,3
4,8.988865,0,0,0,3.555031E-06,0,0,3
4,9.013004,0,0,0,3.555031E-06,0,0,3
4,9.020046,0,0,0,3.555031E-06,0,0,3
4,9.026028,0,0,0,3.555031E-06,0,0,3
4,9.032574,0,0,0,3.555031E-06,0,0,3
4,9.039791,0,0,0,3.555031E-06,0,0,3
4,9.047588,0,0,0,3.555031E-06,0,0,3
4,9.054577,0,0,0,3.555031E-06,0,0,3
4,9.062176,0,0,0,3.555031E-06,0,0,3
4,9.069691,0,0,0,3.555031E-06,0,0,3
4,9.080364,0,0,0,3.555031E-06,0,0,3
4,9.087132,0,0,0,3.555031E-06,0,0,3
4,9.094891,0,0,0,3.555031E-06,0,0,3
4,9.10297,0,0,0,3.555031E-06,0,0,3
4,9.110142,0,0,0,3.555031E-06,0,0,3
4,9.117641,0,0,0,3.555031E-06,0,0,3
4,9.124088,0,0,0,3.555031E-06,0,0,3
4,9.130817,0,0,0,3.555031E-06,0,0,3
4,9.137394,0,0,0,3.555031E-06,0,0,3
4,9.144093,0,0,0,3.555031E-06,0,0,3
4,9.167759,0,0,0,3.555031E-06,0,0,3
4,9.175068,0,0,0,3.555031E-06,0,0,3
4,9.181873,0,0,0,3.555031E-06,0,0,3
4,9.189747,0,0,0,3.555031E-06,0,0,3
4,9.197895,0,0,0,3.555031E-06,0,0,3
4,9.20435,0,0,0,3.555031E-06,0,0,3
4,9.213169,0,0,0,3.555031E-06,0,0,3
4,9.2215,0,0,0,3.555031E-06,0,0,3
4,9.228954,0,0,0,3.555031E-06,0,0,3
4,9.235523,0,0,0,3.555031E-06,0,0,3
4,9.24184,0,0,0,3.555031E-06,0,0,3
4,9.248119,0,0,0,3.555031E-06,0,0,3
4,9.254711,0,0,0,3.555031E-06,0,0,3
4,9.261234,0,0,0,3.555031E-06,0,0,3
4,9.268139,0,0,0,3.555031E-06,0,0,3
4,9.275585,0,0,0,3.555031E-06,0,0,3
4,9.283894,0,0,0,3.555031E-06,0,0,3
4,9.295277,0,0,0,3.555031E-06,0,0,3
4,9.302578,0,0,0,3.555031E-06,0,0,3
4,9.324474,0,0,0,3.555031E-06,0,0,3
4,9.330776,0,0,0,3.555031E-06,0,0,3
4,9.336842,0,0,0,3.555031E-06,0,0,3
4,9.342556,0,0,0,3.555031E-06,0,0,3
4,9.349361,0,0,0,3.555031E-06,0,0,3
4,9.355106,0,0,0,3.555031E-06,0,0,3
4,9.361713,0,0,0,3.555031E-06,0,0,3
4,9.368176,0,0,0,3.555031E-06,0,0,3
4,9.375286,0,0,0,3.555031E-06,0,0,3
4,9.381313,0,0,0,3.555031E-06,0,0,3
4,9.387089,0,0,0,3.555031E-06,0,0,3
4,9.39333,0,0,0,3.555031E-06,0,0,3
4,9.399738,0,0,0,3.555031E-06,0,0,3
4,9.406322,0,0,0,3.555031E-06,0,0,3
4,9.41309,0,0,0,3.555031E-06,0,0,3
4,9.419849,0,0,0,3.555031E-06,0,0,3
4,9.426472,0,0,0,3.555031E-06,0,0,3
4,9.433147,0,0,0,3.555031E-06,0,0,3
4,9.439816,0,0,0,3.555031E-06,0,0,3
4,9.44672,0,0,0,3.555031E-06,0,0,3
4,9.453701,0,0,0,3.555031E-06,0,0,3
4,9.475582,0,0,0,3.555031E-06,0,0,3
4,9.483341,0,0,0,3.555031E-06,0,0,3
4,9.48978,0,0,0,3.555031E-06,0,0,3
4,9.496082,0,0,0,3.555031E-06,0,0,3
4,9.502934,0,0,0,3.555031E-06,0,0,3
4,9.509815,0,0,0,3.555031E-06,0,0,3
4,9.51717,0,0,0,3.555031E-06,0,0,3
4,9.524105,0,0,0,3.555031E-06,0,0,3
4,9.532131,0,0,0,3.555031E-06,0,0,3
4,9.538647,0,0,0,3.555031E-06,0,0,3
4,9.547001,0,0,0,3.555031E-06,0,0,3
4,9.554012,0,0,0,3.555031E-06,0,0,3
4,9.562077,0,0,0,3.555031E-06,0,0,3
4,9.568867,0,0,0,3.555031E-06,0,0,3
4,9.576015,0,0,0,3.555031E-06,0,0,3
4,9.583004,0,0,0,3.555031E-06,0,0,3
4,9.590839,0,0,0,3.555031E-06,0,0,3
4,9.597836,0,0,0,3.555031E-06,0,0,3
4,9.604702,0,0,0,3.555031E-06,0,0,3
4,9.62788,0,0,0,3.555031E-06,0,0,3
4,9.637897,0,0,0,3.555031E-06,0,0,3
4,9.644115,0,0,0,3.555031E-06,0,0,3
4,9.65134,0,0,0,3.555031E-06,0,0,3
4,9.658245,0,0,0,3.555031E-06,0,0,3
4,9.665508,0,0,0,3.555031E-06,0,0,3
4,9.673908,0,0,0,3.555031E-06,0,0,3
4,9.682026,0,0,0,3.555031E-06,0,0,3
4,9.689587,0,0,0,3.555031E-06,0,0,3
4,9.696499,0,0,0,3.555031E-06,0,0,3
4,9.704121,0,0,0,3.555031E-06,0,0,3
4,9.711819,0,0,0,3.555031E-06,0,0,3
4,9.719303,0,0,0,3.555031E-06,0,0,3
4,9.725109,0,0,0,3.555031E-06,0,0,3
4,9.731197,0,0,0,3.555031E-06,0,0,3
4,9.738171,0,0,0,3.555031E-06,0,0,3
4,9.744061,0,0,0,3.555031E-06,0,0,3
4,9.750912,0,0,0,3.555031E-06,0,0,3
4,9.75629,0,0,0,3.555031E-06,0,0,3
4,9.77615,0,0,0,3.555031E-06,0,0,3
4,9.783382,0,0,0,3.555031E-06,0,0,3
4,9.790508,0,0,0,3.555031E-06,0,0,3
4,9.797031,0,0,0,3.555031E-06,0,0,3
4,9.802464,0,0,0,3.555031E-06,0,0,3
4,9.808887,0,0,0,3.555031E-06,0,0,3
4,9.815388,0,0,0,3.555031E-06,0,0,3
4,9.821789,0,0,0,3.555031E-06,0,0,3
4,9.828014,0,0,0,3.555031E-06,0,0,3
4,9.834942,0,0,0,3.555031E-06,0,0,3
4,9.841274,0,0,0,3.555031E-06,0,0,3
4,9.848019,0,0,0,3.555031E-06,0,0,3
4,9.854404,0,0,0,3.555031E-06,0,0,3
4,9.86031,0,0,0,3.555031E-06,0,0,3
4,9.866199,0,0,0,3.555031E-06,0,0,3
4,9.871464,0,0,0,3.555031E-06,0,0,3
4,9.87804,0,0,0,3.555031E-06,0,0,3
4,9.883335,0,0,0,3.555031E-06,0,0,3
4,9.89043,0,0,0,3.555031E-06,0,0,3
4,9.896626,0,0,0,3.555031E-06,0,0,3
4,9.90295,0,0,0,3.555031E-06,0,0,3
4,9.910107,0,0,0,3.555031E-06,0,0,3
4,9.927418,0,0,0,3.555031E-06,0,0,3
4,9.933788,0,0,0,3.555031E-06,0,0,3
4,9.939388,0,0,0,3.555031E-06,0,0,3
4,9.946079,0,0,0,3.555031E-06,0,0,3
4,9.953556,0,0,0,3.555031E-06,0,0,3
4,9.96027,0,0,0,3.555031E-06,0,0,3
4,9.967464,0,0,0,3.555031E-06,0,0,3
4,9.973804,0,0,0,3.555031E-06,0,0,3
4,9.979221,0,0,0,3.555031E-06,0,0,3
4,9.985737,0,0,0,3.555031E-06,0,0,3
4,9.991886,0,0,0,3.555031E-06,0,0,3
4,9.997433,0,0,0,3.555031E-06,0,0,3
4,10.00517,0,0,0,3.555031E-06,0,0,3
4,10.0111,0,0,0,3.555031E-06,0,0,3
4,10.01659,0,0,0,3.555031E-06,0,0,3
4,10.02194,0,0,0,3.555031E-06,0,0,3
4,10.02818,0,0,0,3.555031E-06,0,0,3
4,10.03544,0,0,0,3.555031E-06,0,0,3
4,10.04264,0,0,0,3.555031E-06,0,0,3
4,10.04907,0,0,0,3.555031E-06,0,0,3
4,10.05443,0,0,0,3.555031E-06,0,0,3
4,10.0606,0,0,0,3.555031E-06,0,0,3
4,10.0821,0,0,0,3.555031E-06,0,0,3
4,10.08981,0,0,0,3.555031E-06,0,0,3
4,10.09671,0,0,0,3.555031E-06,0,0,3
4,10.10353,0,0,0,3.555031E-06,0,0,3
4,10.10989,0,0,0,3.555031E-06,0,0,3
4,10.11498,0,0,0,3.555031E-06,0,0,3
4,10.12039,0,0,0,3.555031E-06,0,0,3
4,10.12535,0,0,0,3.555031E-06,0,0,3
4,10.13094,0,0,0,3.555031E-06,0,0,3
4,10.13652,0,0,0,3.555031E-06,0,0,3
4,10.14205,0,0,0,3.555031E-06,0,0,3
4,10.14762,0,0,0,3.555031E-06,0,0,3
4,10.15316,0,0,0,3.555031E-06,0,0,3
4,10.15873,0,0,0,3.555031E-06,0,0,3
4,10.16454,0,0,0,3.555031E-06,0,0,3
4,10.17071,0,0,0,3.555031E-06,0,0,3
4,10.17659,0,0,0,3.555031E-06,0,0,3
4,10.18262,0,0,0,3.555031E-06,0,0,3
4,10.1892,0,0,0,3.555031E-06,0,0,3
4,10.19589,0,0,0,3.555031E-06,0,0,3
4,10.2038,0,0,0,3.555031E-06,0,0,3
4,10.21058,0,0,0,3.555031E-06,0,0,3
4,10.21762,0,0,0,3.555031E-06,0,0,3
4,10.24065,0,0,0,3.555031E-06,0,0,3
4,10.24736,0,0,0,3.555031E-06,0,0,3
4,10.25505,0,0,0,3.555031E-06,0,0,3
4,10.26211,0,0,0,3.555031E-06,0,0,3
4,10.26976,0,0,0,3.555031E-06,0,0,3
4,10.27652,0,0,0,3.555031E-06,0,0,3
4,10.28356,0,0,0,3.555031E-06,0,0,3
4,10.29047,0,0,0,3.555031E-06,0,0,3
4,10.29687,0,0,0,3.555031E-06,0,0,3
4,10.30383,0,0,0,3.555031E-06,0,0,3
4,10.3124,0,0,0,3.555031E-06,0,0,3
4,10.32119,0,0,0,3.555031E-06,0,0,3
4,10.33116,0,0,0,3.555031E-06,0,0,3
4,10.33772,0,0,0,3.555031E-06,0,0,3
4,10.34462,0,0,0,3.555031E-06,0,0,3
4,10.35256,0,0,0,3.555031E-06,0,0,3
4,10.35934,0,0,0,3.555031E-06,0,0,3
4,10.36651,0,0,0,3.555031E-06,0,0,3
4,10.37589,0,0,0,3.555031E-06,0,0,3
4,10.40078,0,0,0,3.555031E-06,0,0,3
4,10.40809,0,0,0,3.555031E-06,0,0,3
4,10.41702,0,0,0,3.555031E-06,0,0,3
4,10.42495,0,0,0,3.555031E-06,0,0,3
4,10.43251,0,0,0,3.555031E-06,0,0,3
4,10.4394,0,0,0,3.555031E-06,0,0,3
4,10.44606,0,0,0,3.555031E-06,0,0,3
4,10.45338,0,0,0,3.555031E-06,0,0,3
4,10.46058,0,0,0,3.555031E-06,0,0,3
4,10.46781,0,0,0,3.555031E-06,0,0,3
4,10.476,0,0,0,3.555031E-06,0,0,3
4,10.48246,0,0,0,3.555031E-06,0,0,3
4,10.49614,0,0,0,3.555031E-06,0,0,3
4,10.50436,0,0,0,3.555031E-06,0,0,3
4,10.51186,0,0,0,3.555031E-06,0,0,3
4,10.51915,0,0,0,3.555031E-06,0,0,3
4,10.53131,0,0,0,3.555031E-06,0,0,3
4,10.55402,0,0,0,3.555031E-06,0,0,3
4,10.56096,0,0,0,3.555031E-06,0,0,3
4,10.56691,0,0,0,3.555031E-06,0,0,3
4,10.57438,0,0,0,3.555031E-06,0,0,3
4,10.58069,0,0,0,3.555031E-06,0,0,3
4,10.58668,0,0,0,3.555031E-06,0,0,3
4,10.59373,0,0,0,3.555031E-06,0,0,3
4,10.60026,0,0,0,3.555031E-06,0,0,3
4,10.6066,0,0,0,3.555031E-06,0,0,3
4,10.61303,0,0,0,3.555031E-06,0,0,3
4,10.61939,0,0,0,3.555031E-06,0,0,3
4,10.62604,0,0,0,3.555031E-06,0,0,3
4,10.63259,0,0,0,3.555031E-06,0,0,3
4,10.6404,0,0,0,3.555031E-06,0,0,3
4,10.64589,0,0,0,3.555031E-06,0,0,3
4,10.65248,0,0,0,3.555031E-06,0,0,3
4,10.66021,0,0,0,3.555031E-06,0,0,3
4,10.667,0,0,0,3.555031E-06,0,0,3
4,10.67461,0,0,0,3.555031E-06,0,0,3
4,10.68174,0,0,0,3.555031E-06,0,0,3
4,10.70237,0,0,0,3.555031E-06,0,0,3
4,10.70918,0,0,0,3.555031E-06,0,0,3
4,10.71569,0,0,0,3.555031E-06,0,0,3
4,10.72328,0,0,0,3.555031E-06,0,0,3
4,10.73053,0,0,0,3.555031E-06,0,0,3
4,10.73784,0,0,0,3.555031E-06,0,0,3
4,10.74398,0,0,0,3.555031E-06,0,0,3
4,10.75181,0,0,0,3.555031E-06,0,0,3
4,10.75909,0,0,0,3.555031E-06,0,0,3
4,10.7665,0,0,0,3.555031E-06,0,0,3
4,10.77316,0,0,0,3.555031E-06,0,0,3
4,10.78143,0,0,0,3.555031E-06,0,0,3
4,10.78992,0,0,0,3.555031E-06,0,0,3
4,10.79695,0,0,0,3.555031E-06,0,0,3
4,10.80336,0,0,0,3.555031E-06,0,0,3
4,10.81062,0,0,0,3.555031E-06,0,0,3
4,10.81691,0,0,0,3.555031E-06,0,0,3
4,10.82278,0,0,0,3.555031E-06,0,0,3
4,10.8306,0,0,0,3.555031E-06,0,0,3
4,10.83713,0,0,0,3.555031E-06,0,0,3
4,10.86132,0,0,0,3.555031E-06,0,0,3
4,10.86753,0,0,0,3.555031E-06,0,0,3
4,10.87494,0,0,0,3.555031E-06,0,0,3
4,10.88078,0,0,0,3.555031E-06,0,0,3
4,10.88726,0,0,0,3.555031E-06,0,0,3
4,10.89319,0,0,0,3.555031E-06,0,0,3
4,10.90425,0,0,0,3.555031E-06,0,0,3
4,10.91227,0,0,0,3.555031E-06,0,0,3
4,10.91855,0,0,0,3.555031E-06,0,0,3
4,10.92433,0,0,0,3.555031E-06,0,0,3
4,10.9297,0,0,0,3.555031E-06,0,0,3
4,10.93604,0,0,0,3.555031E-06,0,0,3
4,10.94179,0,0,0,3.555031E-06,0,0,3
4,10.94746,0,0,0,3.555031E-06,0,0,3
4,10.95407,0,0,0,3.555031E-06,0,0,3
4,10.95961,0,0,0,3.555031E-06,0,0,3
4,10.96426,0,0,0,3.555031E-06,0,0,3
4,10.96998,0,0,0,3.555031E-06,0,0,3
4,10.97506,0,0,0,3.555031E-06,0,0,3
4,10.9805,0,0,0,3.555031E-06,0,0,3
4,10.98668,0,0,0,3.555031E-06,0,0,3
4,10.99312,0,0,0,3.555031E-06,0,0,3
4,11.01281,0,0,0,3.555031E-06,0,0,3
4,11.01857,0,0,0,3.555031E-06,0,0,3
4,11.02384,0,0,0,3.555031E-06,0,0,3
4,11.02998,0,0,0,3.555031E-06,0,0,3
4,11.03504,0,0,0,3.555031E-06,0,0,3
4,11.04033,0,0,0,3.555031E-06,0,0,3
4,11.04631,0,0,0,3.555031E-06,0,0,3
4,11.05297,0,0,0,3.555031E-06,0,0,3
4,11.05828,0,0,0,3.555031E-06,0,0,3
4,11.06382,0,0,0,3.555031E-06,0,0,3
4,11.06926,0,0,0,3.555031E-06,0,0,3
4,11.07503,0,0,0,3.555031E-06,0,0,3
4,11.08084,0,0,0,3.555031E-06,0,0,3
4,11.08617,0,0,0,3.555031E-06,0,0,3
4,11.09276,0,0,0,3.555031E-06,0,0,3
4,11.09845,0,0,0,3.555031E-06,0,0,3
4,11.10424,0,0,0,3.555031E-06,0,0,3
4,11.11591,0,0,0,3.555031E-06,0,0,3
4,11.13054,0,0,0,3.555031E-06,0,0,3
4,11.13623,0,0,0,3.555031E-06,0,0,3
4,11.14172,0,0,0,3.555031E-06,0,0,3
4,11.14746,0,0,0,3.555031E-06,0,0,3
4,11.16569,0,0,0,3.555031E-06,0,0,3
4,11.1708,0,0,0,3.555031E-06,0,0,3
4,11.17563,0,0,0,3.555031E-06,0,0,3
4,11.18135,0,0,0,3.555031E-06,0,0,3
4,11.18605,0,0,0,3.555031E-06,0,0,3
4,11.19129,0,0,0,3.555031E-06,0,0,3
4,11.19663,0,0,0,3.555031E-06,0,0,3
4,11.2029,0,0,0,3.555031E-06,0,0,3
4,11.20813,0,0,0,3.555031E-06,0,0,3
4,11.2136,0,0,0,3.555031E-06,0,0,3
4,11.2199,0,0,0,3.555031E-06,0,0,3
4,11.22525,0,0,0,3.555031E-06,0,0,3
4,11.23062,0,0,0,3.555031E-06,0,0,3
4,11.23735,0,0,0,3.555031E-06,0,0,3
4,11.24418,0,0,0,3.555031E-06,0,0,3
4,11.25035,0,0,0,3.555031E-06,0,0,3
4,11.25589,0,0,0,3.555031E-06,0,0,3
4,11.26033,0,0,0,3.555031E-06,0,0,3
4,11.2666,0,0,0,3.555031E-06,0,0,3
4,11.27259,0,0,0,3.555031E-06,0,0,3
4,11.27861,0,0,0,3.555031E-06,0,0,3
4,11.28283,0,0,0,3.555031E-06,0,0,3
4,11.28827,0,0,0,3.555031E-06,0,0,3
4,11.29357,0,0,0,3.555031E-06,0,0,3
4,11.29916,0,0,0,3.555031E-06,0,0,3
4,11.32093,0,0,0,3.555031E-06,0,0,3
4,11.3292,0,0,0,3.555031E-06,0,0,3
4,11.33534,0,0,0,3.555031E-06,0,0,3
4,11.34157,0,0,0,3.555031E-06,0,0,3
4,11.34693,0,0,0,3.555031E-06,0,0,3
4,11.35234,0,0,0,3.555031E-06,0,0,3
4,11.3581,0,0,0,3.555031E-06,0,0,3
4,11.36271,0,0,0,3.555031E-06,0,0,3
4,11.36827,0,0,0,3.555031E-06,0,0,3
4,11.37523,0,0,0,3.555031E-06,0,0,3
4,11.38128,0,0,0,3.555031E-06,0,0,3
4,11.38901,0,0,0,3.555031E-06,0,0,3
4,11.39635,0,0,0,3.555031E-06,0,0,3
4,11.40278,0,0,0,3.555031E-06,0,0,3
4,11.41023,0,0,0,3.555031E-06,0,0,3
4,11.41623,0,0,0,3.555031E-06,0,0,3
4,11.42253,0,0,0,3.555031E-06,0,0,3
4,11.42945,0,0,0,3.555031E-06,0,0,3
4,11.43675,0,0,0,3.555031E-06,0,0,3
4,11.44289,0,0,0,3.555031E-06,0,0,3
4,11.44893,0,0,0,3.555031E-06,0,0,3
4,11.45518,0,0,0,3.555031E-06,0,0,3
4,11.47684,0,0,0,3.555031E-06,0,0,3
4,11.48314,0,0,0,3.555031E-06,0,0,3
4,11.48883,0,0,0,3.555031E-06,0,0,3
4,11.49558,0,0,0,3.555031E-06,0,0,3
4,11.50168,0,0,0,3.555031E-06,0,0,3
4,11.50814,0,0,0,3.555031E-06,0,0,3
4,11.51495,0,0,0,3.555031E-06,0,0,3
4,11.5205,0,0,0,3.555031E-06,0,0,3
4,11.52606,0,0,0,3.555031E-06,0,0,3
4,11.53296,0,0,0,3.555031E-06,0,0,3
4,11.53977,0,0,0,3.555031E-06,0,0,3
4,11.54729,0,0,0,3.555031E-06,0,0,3
4,11.55438,0,0,0,3.555031E-06,0,0,3
4,11.56318,0,0,0,3.555031E-06,0,0,3
4,11.57042,0,0,0,3.555031E-06,0,0,3
4,11.5765,0,0,0,3.555031E-06,0,0,3
4,11.58265,0,0,0,3.555031E-06,0,0,3
4,11.58947,0,0,0,3.555031E-06,0,0,3
4,11.59658,0,0,0,3.555031E-06,0,0,3
4,11.60264,0,0,0,3.555031E-06,0,0,3
4,11.61005,0,0,0,3.555031E-06,0,0,3
4,11.63091,0,0,0,3.555031E-06,0,0,3
4,11.63699,0,0,0,3.555031E-06,0,0,3
4,11.64339,0,0,0,3.555031E-06,0,0,3
4,11.65064,0,0,0,3.555031E-06,0,0,3
4,11.65795,0,0,0,3.555031E-06,0,0,3
4,11.6648,0,0,0,3.555031E-06,0,0,3
4,11.6735,0,0,0,3.555031E-06,0,0,3
4,11.67915,0,0,0,3.555031E-06,0,0,3
4,11.68687,0,0,0,3.555031E-06,0,0,3
4,11.69401,0,0,0,3.555031E-06,0,0,3
4,11.70166,0,0,0,3.555031E-06,0,0,3
4,11.7093,0,0,0,3.555031E-06,0,0,3
4,11.71643,0,0,0,3.555031E-06,0,0,3
4,11.72223,0,0,0,3.555031E-06,0,0,3
4,11.72997,0,0,0,3.555031E-06,0,0,3
4,11.73708,0,0,0,3.555031E-06,0,0,3
4,11.74425,0,0,0,3.555031E-06,0,0,3
4,11.75171,0,0,0,3.555031E-06,0,0,3
4,11.75932,0,0,0,3.555031E-06,0,0,3
4,11.76598,0,0,0,3.555031E-06,0,0,3
4,11.78875,0,0,0,3.555031E-06,0,0,3
4,11.79576,0,0,0,3.555031E-06,0,0,3
4,11.80442,0,0,0,3.555031E-06,0,0,3
4,11.81196,0,0,0,3.555031E-06,0,0,3
4,11.818,0,0,0,3.555031E-06,0,0,3
4,11.82574,0,0,0,3.555031E-06,0,0,3
4,11.83315,0,0,0,3.555031E-06,0,0,3
4,11.83972,0,0,0,3.555031E-06,0,0,3
4,11.84616,0,0,0,3.555031E-06,0,0,3
4,11.85355,0,0,0,3.555031E-06,0,0,3
4,11.8602,0,0,0,3.555031E-06,0,0,3
4,11.86653,0,0,0,3.555031E-06,0,0,3
4,11.88144,0,0,0,3.555031E-06,0,0,3
4,11.88819,0,0,0,3.555031E-06,0,0,3
4,11.8957,0,0,0,3.555031E-06,0,0,3
4,11.90303,0,0,0,3.555031E-06,0,0,3
4,11.91027,0,0,0,3.555031E-06,0,0,3
4,11.91694,0,0,0,3.555031E-06,0,0,3
4,11.94026,0,0,0,3.555031E-06,0,0,3
4,11.94663,0,0,0,3.555031E-06,0,0,3
4,11.9537,0,0,0,3.555031E-06,0,0,3
4,11.96165,0,0,0,3.555031E-06,0,0,3
4,11.96955,0,0,0,3.555031E-06,0,0,3
4,11.97589,0,0,0,3.555031E-06,0,0,3
4,11.98273,0,0,0,3.555031E-06,0,0,3
4,11.98966,0,0,0,3.555031E-06,0,0,3
4,11.9967,0,0,0,3.555031E-06,0,0,3
4,12.00298,0,0,0,3.555031E-06,0,0,3
4,12.01013,0,0,0,3.555031E-06,0,0,3
4,12.01749,0,0,0,3.555031E-06,0,0,3
4,12.0243,0,0,0,3.555031E-06,0,0,3
4,12.03316,0,0,0,3.555031E-06,0,0,3
4,12.04029,0,0,0,3.555031E-06,0,0,3
4,12.04721,0,0,0,3.555031E-06,0,0,3
4,12.05395,0,0,0,3.555031E-06,0,0,3
4,12.06093,0,0,0,3.555031E-06,0,0,3
4,12.06672,0,0,0,3.555031E-06,0,0,3
4,12.07344,0,0,0,3.555031E-06,0,0,3
4,12.09735,0,0,0,3.555031E-06,0,0,3
4,12.10361,0,0,0,3.555031E-06,0,0,3
4,12.11043,0,0,0,3.555031E-06,0,0,3
4,12.11647,0,0,0,3.555031E-06,0,0,3
4,12.12221,0,0,0,3.555031E-06,0,0,3
4,12.12751,0,0,0,3.555031E-06,0,0,3
4,12.13429,0,0,0,3.555031E-06,0,0,3
4,12.14138,0,0,0,3.555031E-06,0,0,3
4,12.14727,0,0,0,3.555031E-06,0,0,3
4,12.15378,0,0,0,3.555031E-06,0,0,3
4,12.15995,0,0,0,3.555031E-06,0,0,3
4,12.16568,0,0,0,3.555031E-06,0,0,3
4,12.17186,0,0,0,3.555031E-06,0,0,3
4,12.17755,0,0,0,3.555031E-06,0,0,3
4,12.18369,0,0,0,3.555031E-06,0,0,3
4,12.1901,0,0,0,3.555031E-06,0,0,3
4,12.19843,0,0,0,3.555031E-06,0,0,3
4,12.20409,0,0,0,3.555031E-06,0,0,3
4,12.21083,0,0,0,3.555031E-06,0,0,3
4,12.21591,0,0,0,3.555031E-06,0,0,3
4,12.22124,0,0,0,3.555031E-06,0,0,3
4,12.2257,0,0,0,3.555031E-06,0,0,3
4,12.24109,0,0,0,3.555031E-06,0,0,3
4,12.24729,0,0,0,3.555031E-06,0,0,3
4,12.25429,0,0,0,3.555031E-06,0,0,3
4,12.26169,0,0,0,3.555031E-06,0,0,3
4,12.26773,0,0,0,3.555031E-06,0,0,3
4,12.27405,0,0,0,3.555031E-06,0,0,3
4,12.2805,0,0,0,3.555031E-06,0,0,3
4,12.28665,0,0,0,3.555031E-06,0,0,3
4,12.29302,0,0,0,3.555031E-06,0,0,3
4,12.29934,0,0,0,3.555031E-06,0,0,3
4,12.30501,0,0,0,3.555031E-06,0,0,3
4,12.31148,0,0,0,3.555031E-06,0,0,3
4,12.31702,0,0,0,3.555031E-06,0,0,3
4,12.32204,0,0,0,3.555031E-06,0,0,3
4,12.32738,0,0,0,3.555031E-06,0,0,3
4,12.33405,0,0,0,3.555031E-06,0,0,3
4,12.34026,0,0,0,3.555031E-06,0,0,3
4,12.34479,0,0,0,3.555031E-06,0,0,3
4,12.35035,0,0,0,3.555031E-06,0,0,3
4,12.35656,0,0,0,3.555031E-06,0,0,3
4,12.36229,0,0,0,3.555031E-06,0,0,3
4,12.36734,0,0,0,3.555031E-06,0,0,3
4,12.37226,0,0,0,3.555031E-06,0,0,3
4,12.37786,0,0,0,3.555031E-06,0,0,3
4,12.39347,0,0,0,3.555031E-06,0,0,3
4,12.39867,0,0,0,3.555031E-06,0,0,3
4,12.40427,0,0,0,3.555031E-06,0,0,3
4,12.40942,0,0,0,3.555031E-06,0,0,3
4,12.41535,0,0,0,3.555031E-06,0,0,3
4,12.42424,0,0,0,3.555031E-06,0,0,3
4,12.43239,0,0,0,3.555031E-06,0,0,3
4,12.43928,0,0,0,3.555031E-06,0,0,3
4,12.44553,0,0,0,3.555031E-06,0,0,3
4,12.45314,0,0,0,3.555031E-06,0,0,3
4,12.45985,0,0,0,3.555031E-06,0,0,3
4,12.46602,0,0,0,3.555031E-06,0,0,3
4,12.47213,0,0,0,3.555031E-06,0,0,3
4,12.47699,0,0,0,3.555031E-06,0,0,3
4,12.48219,0,0,0,3.555031E-06,0,0,3
4,12.48758,0,0,0,3.555031E-06,0,0,3
4,12.49311,0,0,0,3.555031E-06,0,0,3
4,12.49911,0,0,0,3.555031E-06,0,0,3
4,12.50433,0,0,0,3.555031E-06,0,0,3
4,12.50993,0,0,0,3.555031E-06,0,0,3
4,12.51465,0,0,0,3.555031E-06,0,0,3
4,12.51972,0,0,0,3.555031E-06,0,0,3
4,12.52422,0,0,0,3.555031E-06,0,0,3
4,12.53038,0,0,0,3.555031E-06,0,0,3
4,12.54614,0,0,0,3.555031E-06,0,0,3
4,12.55099,0,0,0,3.555031E-06,0,0,3
4,12.55577,0,0,0,3.555031E-06,0,0,3
4,12.56025,0,0,0,3.555031E-06,0,0,3
4,12.56511,0,0,0,3.555031E-06,0,0,3
4,12.57156,0,0,0,3.555031E-06,0,0,3
4,12.57824,0,0,0,3.555031E-06,0,0,3
4,12.58342,0,0,0,3.555031E-06,0,0,3
4,12.58919,0,0,0,3.555031E-06,0,0,3
4,12.59484,0,0,0,3.555031E-06,0,0,3
4,12.5996,0,0,0,3.555031E-06,0,0,3
4,12.60453,0,0,0,3.555031E-06,0,0,3
4,12.61037,0,0,0,3.555031E-06,0,0,3
4,12.61545,0,0,0,3.555031E-06,0,0,3
4,12.62194,0,0,0,3.555031E-06,0,0,3
4,12.62733,0,0,0,3.555031E-06,0,0,3
4,12.63672,0,0,0,3.555031E-06,0,0,3
4,12.64253,0,0,0,3.555031E-06,0,0,3
4,12.64762,0,0,0,3.555031E-06,0,0,3
4,12.65423,0,0,0,3.555031E-06,0,0,3
4,12.66045,0,0,0,3.555031E-06,0,0,3
4,12.66594,0,0,0,3.555031E-06,0,0,3
4,12.67284,0,0,0,3.555031E-06,0,0,3
4,12.67846,0,0,0,3.555031E-06,0,0,3
4,12.68403,0,0,0,3.555031E-06,0,0,3
4,12.70439,0,0,0,3.555031E-06,0,0,3
4,12.71199,0,0,0,3.555031E-06,0,0,3
4,12.72,0,0,0,3.555031E-06,0,0,3
4,12.72717,0,0,0,3.555031E-06,0,0,3
4,12.73507,0,0,0,3.555031E-06,0,0,3
4,12.74223,0,0,0,3.555031E-06,0,0,3
4,12.74997,0,0,0,3.555031E-06,0,0,3
4,12.75622,0,0,0,3.555031E-06,0,0,3
4,12.7632,0,0,0,3.555031E-06,0,0,3
4,12.77039,0,0,0,3.555031E-06,0,0,3
4,12.77656,0,0,0,3.555031E-06,0,0,3
4,12.78293,0,0,0,3.555031E-06,0,0,3
4,12.79091,0,0,0,3.555031E-06,0,0,3
4,12.79823,0,0,0,3.555031E-06,0,0,3
4,12.80466,0,0,0,3.555031E-06,0,0,3
4,12.81238,0,0,0,3.555031E-06,0,0,3
4,12.81948,0,0,0,3.555031E-06,0,0,3
4,12.8265,0,0,0,3.555031E-06,0,0,3
4,12.83457,0,0,0,3.555031E-06,0,0,3
4,12.84172,0,0,0,3.555031E-06,0,0,3
4,12.86552,0,0,0,3.555031E-06,0,0,3
4,12.87308,0,0,0,3.555031E-06,0,0,3
4,12.87954,0,0,0,3.555031E-06,0,0,3
4,12.8852,0,0,0,3.555031E-06,0,0,3
4,12.89347,0,0,0,3.555031E-06,0,0,3
4,12.90107,0,0,0,3.555031E-06,0,0,3
4,12.90761,0,0,0,3.555031E-06,0,0,3
4,12.91449,0,0,0,3.555031E-06,0,0,3
4,12.92124,0,0,0,3.555031E-06,0,0,3
4,12.93032,0,0,0,3.555031E-06,0,0,3
4,12.93799,0,0,0,3.555031E-06,0,0,3
4,12.94323,0,0,0,3.555031E-06,0,0,3
4,12.94995,0,0,0,3.555031E-06,0,0,3
4,12.95704,0,0,0,3.555031E-06,0,0,3
4,12.96334,0,0,0,3.555031E-06,0,0,3
4,12.97123,0,0,0,3.555031E-06,0,0,3
4,12.97841,0,0,0,3.555031E-06,0,0,3
4,12.98652,0,0,0,3.555031E-06,0,0,3
4,12.99401,0,0,0,3.555031E-06,0,0,3
4,13.01691,0,0,0,3.555031E-06,0,0,3
4,13.02435,0,0,0,3.555031E-06,0,0,3
4,13.03139,0,0,0,3.555031E-06,0,0,3
4,13.03808,0,0,0,3.555031E-06,0,0,3
4,13.04499,0,0,0,3.555031E-06,0,0,3
4,13.05185,0,0,0,3.555031E-06,0,0,3
4,13.05765,0,0,0,3.555031E-06,0,0,3
4,13.06356,0,0,0,3.555031E-06,0,0,3
4,13.06982,0,0,0,3.555031E-06,0,0,3
4,13.07649,0,0,0,3.555031E-06,0,0,3
4,13.08257,0,0,0,3.555031E-06,0,0,3
4,13.08907,0,0,0,3.555031E-06,0,0,3
4,13.09565,0,0,0,3.555031E-06,0,0,3
4,13.10123,0,0,0,3.555031E-06,0,0,3
4,13.10714,0,0,0,3.555031E-06,0,0,3
4,13.11283,0,0,0,3.555031E-06,0,0,3
4,13.11847,0,0,0,3.555031E-06,0,0,3
4,13.12461,0,0,0,3.555031E-06,0,0,3
4,13.13057,0,0,0,3.555031E-06,0,0,3
4,13.13651,0,0,0,3.555031E-06,0,0,3
4,13.14264,0,0,0,3.555031E-06,0,0,3
4,13.14939,0,0,0,3.555031E-06,0,0,3
4,13.17035,0,0,0,3.555031E-06,0,0,3
4,13.17673,0,0,0,3.555031E-06,0,0,3
4,13.18319,0,0,0,3.555031E-06,0,0,3
4,13.19045,0,0,0,3.555031E-06,0,0,3
4,13.19709,0,0,0,3.555031E-06,0,0,3
4,13.2048,0,0,0,3.555031E-06,0,0,3
4,13.21179,0,0,0,3.555031E-06,0,0,3
4,13.2183,0,0,0,3.555031E-06,0,0,3
4,13.22483,0,0,0,3.555031E-06,0,0,3
4,13.23223,0,0,0,3.555031E-06,0,0,3
4,13.23911,0,0,0,3.555031E-06,0,0,3
4,13.24505,0,0,0,3.555031E-06,0,0,3
4,13.25134,0,0,0,3.555031E-06,0,0,3
4,13.25809,0,0,0,3.555031E-06,0,0,3
4,13.26583,0,0,0,3.555031E-06,0,0,3
4,13.27347,0,0,0,3.555031E-06,0,0,3
4,13.28244,0,0,0,3.555031E-06,0,0,3
4,13.29008,0,0,0,3.555031E-06,0,0,3
4,13.29766,0,0,0,3.555031E-06,0,0,3
4,13.30471,0,0,0,3.555031E-06,0,0,3
4,13.32689,0,0,0,3.555031E-06,0,0,3
4,13.33326,0,0,0,3.555031E-06,0,0,3
4,13.33886,0,0,0,3.555031E-06,0,0,3
4,13.34463,0,0,0,3.555031E-06,0,0,3
4,13.35033,0,0,0,3.555031E-06,0,0,3
4,13.35661,0,0,0,3.555031E-06,0,0,3
4,13.36266,0,0,0,3.555031E-06,0,0,3
4,13.37631,0,0,0,3.555031E-06,0,0,3
4,13.39406,0,0,0,3.555031E-06,0,0,3
4,13.40092,0,0,0,3.555031E-06,0,0,3
4,13.40647,0,0,0,3.555031E-06,0,0,3
4,13.41262,0,0,0,3.555031E-06,0,0,3
4,13.41825,0,0,0,3.555031E-06,0,0,3
4,13.42414,0,0,0,3.555031E-06,0,0,3
4,13.43086,0,0,0,3.555031E-06,0,0,3
4,13.43795,0,0,0,3.555031E-06,0,0,3
4,13.44515,0,0,0,3.555031E-06,0,0,3
4,13.45313,0,0,0,3.555031E-06,0,0,3
4,13.4624,0,0,0,3.555031E-06,0,0,3
4,13.48719,0,0,0,3.555031E-06,0,0,3
4,13.49917,0,0,0,3.555031E-06,0,0,3
4,13.50631,0,0,0,3.555031E-06,0,0,3
4,13.51366,0,0,0,3.555031E-06,0,0,3
4,13.52024,0,0,0,3.555031E-06,0,0,3
4,13.52529,0,0,0,3.555031E-06,0,0,3
4,13.53118,0,0,0,3.555031E-06,0,0,3
4,13.53616,0,0,0,3.555031E-06,0,0,3
4,13.54058,0,0,0,3.555031E-06,0,0,3
4,13.54581,0,0,0,3.555031E-06,0,0,3
4,13.55232,0,0,0,3.555031E-06,0,0,3
4,13.55844,0,0,0,3.555031E-06,0,0,3
4,13.56401,0,0,0,3.555031E-06,0,0,3
4,13.57008,0,0,0,3.555031E-06,0,0,3
4,13.57563,0,0,0,3.555031E-06,0,0,3
4,13.5805,0,0,0,3.555031E-06,0,0,3
4,13.58529,0,0,0,3.555031E-06,0,0,3
4,13.59154,0,0,0,3.555031E-06,0,0,3
4,13.59867,0,0,0,3.555031E-06,0,0,3
4,13.60408,0,0,0,3.555031E-06,0,0,3
4,13.61058,0,0,0,3.555031E-06,0,0,3
4,13.61716,0,0,0,3.555031E-06,0,0,3
4,13.63675,0,0,0,3.555031E-06,0,0,3
4,13.64248,0,0,0,3.555031E-06,0,0,3
4,13.64762,0,0,0,3.555031E-06,0,0,3
4,13.65335,0,0,0,3.555031E-06,0,0,3
4,13.65863,0,0,0,3.555031E-06,0,0,3
4,13.66346,0,0,0,3.555031E-06,0,0,3
4,13.67016,0,0,0,3.555031E-06,0,0,3
4,13.67543,0,0,0,3.555031E-06,0,0,3
4,13.68183,0,0,0,3.555031E-06,0,0,3
4,13.68786,0,0,0,3.555031E-06,0,0,3
4,13.69403,0,0,0,3.555031E-06,0,0,3
4,13.69928,0,0,0,3.555031E-06,0,0,3
4,13.70631,0,0,0,3.555031E-06,0,0,3
4,13.71299,0,0,0,3.555031E-06,0,0,3
4,13.71898,0,0,0,3.555031E-06,0,0,3
4,13.72467,0,0,0,3.555031E-06,0,0,3
4,13.73056,0,0,0,3.555031E-06,0,0,3
4,13.73664,0,0,0,3.555031E-06,0,0,3
4,13.74356,0,0,0,3.555031E-06,0,0,3
4,13.75065,0,0,0,3.555031E-06,0,0,3
4,13.75652,0,0,0,3.555031E-06,0,0,3
4,13.76201,0,0,0,3.555031E-06,0,0,3
4,13.76826,0,0,0,3.555031E-06,0,0,3
4,13.78512,0,0,0,3.555031E-06,0,0,3
4,13.79137,0,0,0,3.555031E-06,0,0,3
4,13.79666,0,0,0,3.555031E-06,0,0,3
4,13.8019,0,0,0,3.555031E-06,0,0,3
4,13.80716,0,0,0,3.555031E-06,0,0,3
4,13.81265,0,0,0,3.555031E-06,0,0,3
4,13.81813,0,0,0,3.555031E-06,0,0,3
4,13.82288,0,0,0,3.555031E-06,0,0,3
4,13.82901,0,0,0,3.555031E-06,0,0,3
4,13.83506,0,0,0,3.555031E-06,0,0,3
4,13.84016,0,0,0,3.555031E-06,0,0,3
4,13.84552,0,0,0,3.555031E-06,0,0,3
4,13.85231,0,0,0,3.555031E-06,0,0,3
4,13.8583,0,0,0,3.555031E-06,0,0,3
4,13.86487,0,0,0,3.555031E-06,0,0,3
4,13.87136,0,0,0,3.555031E-06,0,0,3
4,13.87653,0,0,0,3.555031E-06,0,0,3
4,13.8817,0,0,0,3.555031E-06,0,0,3
4,13.88629,0,0,0,3.555031E-06,0,0,3
4,13.89221,0,0,0,3.555031E-06,0,0,3
4,13.8979,0,0,0,3.555031E-06,0,0,3
4,13.90342,0,0,0,3.555031E-06,0,0,3
4,13.90928,0,0,0,3.555031E-06,0,0,3
4,13.91516,0,0,0,3.555031E-06,0,0,3
4,13.92071,0,0,0,3.555031E-06,0,0,3
4,13.94284,0,0,0,3.555031E-06,0,0,3
4,13.94983,0,0,0,3.555031E-06,0,0,3
4,13.95672,0,0,0,3.555031E-06,0,0,3
4,13.96344,0,0,0,3.555031E-06,0,0,3
4,13.97075,0,0,0,3.555031E-06,0,0,3
4,13.97728,0,0,0,3.555031E-06,0,0,3
4,13.98411,0,0,0,3.555031E-06,0,0,3
4,13.99015,0,0,0,3.555031E-06,0,0,3
4,13.99622,0,0,0,3.555031E-06,0,0,3
4,14.0026,0,0,0,3.555031E-06,0,0,3
4,14.00995,0,0,0,3.555031E-06,0,0,3
4,14.01745,0,0,0,3.555031E-06,0,0,3
4,14.02392,0,0,0,3.555031E-06,0,0,3
4,14.0323,0,0,0,3.555031E-06,0,0,3
4,14.03864,0,0,0,3.555031E-06,0,0,3
4,14.04441,0,0,0,3.555031E-06,0,0,3
4,14.05237,0,0,0,3.555031E-06,0,0,3
4,14.05947,0,0,0,3.555031E-06,0,0,3
4,14.0663,0,0,0,3.555031E-06,0,0,3
4,14.07378,0,0,0,3.555031E-06,0,0,3
4,14.09841,0,0,0,3.555031E-06,0,0,3
4,14.1058,0,0,0,3.555031E-06,0,0,3
4,14.1128,0,0,0,3.555031E-06,0,0,3
4,14.1191,0,0,0,3.555031E-06,0,0,3
4,14.12568,0,0,0,3.555031E-06,0,0,3
4,14.13309,0,0,0,3.555031E-06,0,0,3
4,14.1399,0,0,0,3.555031E-06,0,0,3
4,14.14634,0,0,0,3.555031E-06,0,0,3
4,14.15429,0,0,0,3.555031E-06,0,0,3
4,14.16137,0,0,0,3.555031E-06,0,0,3
4,14.16898,0,0,0,3.555031E-06,0,0,3
4,14.17607,0,0,0,3.555031E-06,0,0,3
4,14.18231,0,0,0,3.555031E-06,0,0,3
4,14.19013,0,0,0,3.555031E-06,0,0,3
4,14.19696,0,0,0,3.555031E-06,0,0,3
4,14.20453,0,0,0,3.555031E-06,0,0,3
4,14.21232,0,0,0,3.555031E-06,0,0,3
4,14.22032,0,0,0,3.555031E-06,0,0,3
4,14.22895,0,0,0,3.555031E-06,0,0,3
4,14.25021,0,0,0,3.555031E-06,0,0,3
4,14.25786,0,0,0,3.555031E-06,0,0,3
4,14.26462,0,0,0,3.555031E-06,0,0,3
4,14.27114,0,0,0,3.555031E-06,0,0,3
4,14.27691,0,0,0,3.555031E-06,0,0,3
4,14.28298,0,0,0,3.555031E-06,0,0,3
4,14.29039,0,0,0,3.555031E-06,0,0,3
4,14.29791,0,0,0,3.555031E-06,0,0,3
4,14.30464,0,0,0,3.555031E-06,0,0,3
4,14.31176,0,0,0,3.555031E-06,0,0,3
4,14.31797,0,0,0,3.555031E-06,0,0,3
4,14.32332,0,0,0,3.555031E-06,0,0,3
4,14.33025,0,0,0,3.555031E-06,0,0,3
4,14.33725,0,0,0,3.555031E-06,0,0,3
4,14.34401,0,0,0,3.555031E-06,0,0,3
4,14.3511,0,0,0,3.555031E-06,0,0,3
4,14.35733,0,0,0,3.555031E-06,0,0,3
4,14.36399,0,0,0,3.555031E-06,0,0,3
4,14.37019,0,0,0,3.555031E-06,0,0,3
4,14.37648,0,0,0,3.555031E-06,0,0,3
4,14.3822,0,0,0,3.555031E-06,0,0,3
4,14.40709,0,0,0,3.555031E-06,0,0,3
4,14.41415,0,0,0,3.555031E-06,0,0,3
4,14.42065,0,0,0,3.555031E-06,0,0,3
4,14.42664,0,0,0,3.555031E-06,0,0,3
4,14.43521,0,0,0,3.555031E-06,0,0,3
4,14.44302,0,0,0,3.555031E-06,0,0,3
4,14.45074,0,0,0,3.555031E-06,0,0,3
4,14.45749,0,0,0,3.555031E-06,0,0,3
4,14.46429,0,0,0,3.555031E-06,0,0,3
4,14.47206,0,0,0,3.555031E-06,0,0,3
4,14.47903,0,0,0,3.555031E-06,0,0,3
4,14.48591,0,0,0,3.555031E-06,0,0,3
4,14.49312,0,0,0,3.555031E-06,0,0,3
4,14.50067,0,0,0,3.555031E-06,0,0,3
4,14.50719,0,0,0,3.555031E-06,0,0,3
4,14.51574,0,0,0,3.555031E-06,0,0,3
4,14.52264,0,0,0,3.555031E-06,0,0,3
4,14.52989,0,0,0,3.555031E-06,0,0,3
4,14.53919,0,0,0,3.555031E-06,0,0,3
4,14.56446,0,0,0,3.555031E-06,0,0,3
4,14.57204,0,0,0,3.555031E-06,0,0,3
4,14.57901,0,0,0,3.555031E-06,0,0,3
4,14.5849,0,0,0,3.555031E-06,0,0,3
4,14.59169,0,0,0,3.555031E-06,0,0,3
4,14.59858,0,0,0,3.555031E-06,0,0,3
4,14.60469,0,0,0,3.555031E-06,0,0,3
4,14.61171,0,0,0,3.555031E-06,0,0,3
4,14.61817,0,0,0,3.555031E-06,0,0,3
4,14.62502,0,0,0,3.555031E-06,0,0,3
4,14.63202,0,0,0,3.555031E-06,0,0,3
4,14.63891,0,0,0,3.555031E-06,0,0,3
4,14.64518,0,0,0,3.555031E-06,0,0,3
4,14.65167,0,0,0,3.555031E-06,0,0,3
4,14.65916,0,0,0,3.555031E-06,0,0,3
4,14.66466,0,0,0,3.555031E-06,0,0,3
4,14.67167,0,0,0,3.555031E-06,0,0,3
4,14.67774,0,0,0,3.555031E-06,0,0,3
4,14.68429,0,0,0,3.555031E-06,0,0,3
4,14.6911,0,0,0,3.555031E-06,0,0,3
4,14.71206,0,0,0,3.555031E-06,0,0,3
4,14.71902,0,0,0,3.555031E-06,0,0,3
4,14.7257,0,0,0,3.555031E-06,0,0,3
4,14.73096,0,0,0,3.555031E-06,0,0,3
4,14.73671,0,0,0,3.555031E-06,0,0,3
4,14.74265,0,0,0,3.555031E-06,0,0,3
4,14.74893,0,0,0,3.555031E-06,0,0,3
4,14.75434,0,0,0,3.555031E-06,0,0,3
4,14.76015,0,0,0,3.555031E-06,0,0,3
4,14.76558,0,0,0,3.555031E-06,0,0,3
4,14.77157,0,0,0,3.555031E-06,0,0,3
4,14.77717,0,0,0,3.555031E-06,0,0,3
4,14.78293,0,0,0,3.555031E-06,0,0,3
4,14.78913,0,0,0,3.555031E-06,0,0,3
4,14.79493,0,0,0,3.555031E-06,0,0,3
4,14.80046,0,0,0,3.555031E-06,0,0,3
4,14.80595,0,0,0,3.555031E-06,0,0,3
4,14.81327,0,0,0,3.555031E-06,0,0,3
4,14.81913,0,0,0,3.555031E-06,0,0,3
4,14.82459,0,0,0,3.555031E-06,0,0,3
4,14.83049,0,0,0,3.555031E-06,0,0,3
4,14.83622,0,0,0,3.555031E-06,0,0,3
4,14.84219,0,0,0,3.555031E-06,0,0,3
4,14.86541,0,0,0,3.555031E-06,0,0,3
4,14.87214,0,0,0,3.555031E-06,0,0,3
4,14.8787,0,0,0,3.555031E-06,0,0,3
4,14.88412,0,0,0,3.555031E-06,0,0,3
4,14.89218,0,0,0,3.555031E-06,0,0,3
4,14.89895,0,0,0,3.555031E-06,0,0,3
4,14.90583,0,0,0,3.555031E-06,0,0,3
4,14.91339,0,0,0,3.555031E-06,0,0,3
4,14.91914,0,0,0,3.555031E-06,0,0,3
4,14.92514,0,0,0,3.555031E-06,0,0,3
4,14.93201,0,0,0,3.555031E-06,0,0,3
4,14.93958,0,0,0,3.555031E-06,0,0,3
4,14.94542,0,0,0,3.555031E-06,0,0,3
4,14.95218,0,0,0,3.555031E-06,0,0,3
4,14.96038,0,0,0,3.555031E-06,0,0,3
4,14.96735,0,0,0,3.555031E-06,0,0,3
4,14.97496,0,0,0,3.555031E-06,0,0,3
4,14.98172,0,0,0,3.555031E-06,0,0,3
4,14.98767,0,0,0,3.555031E-06,0,0,3
4,14.99441,0,0,0,3.555031E-06,0,0,3
4,15.0172,0,0,0,3.555031E-06,0,0,3
4,15.02385,0,0,0,3.555031E-06,0,0,3
4,15.03194,0,0,0,3.555031E-06,0,0,3
4,15.04005,0,0,0,3.555031E-06,0,0,3
4,15.04685,0,0,0,3.555031E-06,0,0,3
4,15.05295,0,0,0,3.555031E-06,0,0,3
4,15.05949,0,0,0,3.555031E-06,0,0,3
4,15.06656,0,0,0,3.555031E-06,0,0,3
4,15.07407,0,0,0,3.555031E-06,0,0,3
4,15.08075,0,0,0,3.555031E-06,0,0,3
4,15.08783,0,0,0,3.555031E-06,0,0,3
4,15.0954,0,0,0,3.555031E-06,0,0,3
4,15.10103,0,0,0,3.555031E-06,0,0,3
4,15.10715,0,0,0,3.555031E-06,0,0,3
4,15.11352,0,0,0,3.555031E-06,0,0,3
4,15.11824,0,0,0,3.555031E-06,0,0,3
4,15.12326,0,0,0,3.555031E-06,0,0,3
4,15.13015,0,0,0,3.555031E-06,0,0,3
4,15.13598,0,0,0,3.555031E-06,0,0,3
4,15.14109,0,0,0,3.555031E-06,0,0,3
4,15.14573,0,0,0,3.555031E-06,0,0,3
4,15.16399,0,0,0,3.555031E-06,0,0,3
4,15.17125,0,0,0,3.555031E-06,0,0,3
4,15.17688,0,0,0,3.555031E-06,0,0,3
4,15.18209,0,0,0,3.555031E-06,0,0,3
4,15.18921,0,0,0,3.555031E-06,0,0,3
4,15.19435,0,0,0,3.555031E-06,0,0,3
4,15.20033,0,0,0,3.555031E-06,0,0,3
4,15.20598,0,0,0,3.555031E-06,0,0,3
4,15.21226,0,0,0,3.555031E-06,0,0,3
4,15.21929,0,0,0,3.555031E-06,0,0,3
4,15.2262,0,0,0,3.555031E-06,0,0,3
4,15.23314,0,0,0,3.555031E-06,0,0,3
4,15.23987,0,0,0,3.555031E-06,0,0,3
4,15.24616,0,0,0,3.555031E-06,0,0,3
4,15.25411,0,0,0,3.555031E-06,0,0,3
4,15.26165,0,0,0,3.555031E-06,0,0,3
4,15.26928,0,0,0,3.555031E-06,0,0,3
4,15.27576,0,0,0,3.555031E-06,0,0,3
4,15.28186,0,0,0,3.555031E-06,0,0,3
4,15.2882,0,0,0,3.555031E-06,0,0,3
4,15.29623,0,0,0,3.555031E-06,0,0,3
4,15.30297,0,0,0,3.555031E-06,0,0,3
4,15.32994,0,0,0,3.555031E-06,0,0,3
4,15.33669,0,0,0,3.555031E-06,0,0,3
4,15.3437,0,0,0,3.555031E-06,0,0,3
4,15.35144,0,0,0,3.555031E-06,0,0,3
4,15.35843,0,0,0,3.555031E-06,0,0,3
4,15.36514,0,0,0,3.555031E-06,0,0,3
4,15.37281,0,0,0,3.555031E-06,0,0,3
4,15.38033,0,0,0,3.555031E-06,0,0,3
4,15.38765,0,0,0,3.555031E-06,0,0,3
4,15.39431,0,0,0,3.555031E-06,0,0,3
4,15.40064,0,0,0,3.555031E-06,0,0,3
4,15.40724,0,0,0,3.555031E-06,0,0,3
4,15.41601,0,0,0,3.555031E-06,0,0,3
4,15.42302,0,0,0,3.555031E-06,0,0,3
4,15.42978,0,0,0,3.555031E-06,0,0,3
4,15.43701,0,0,0,3.555031E-06,0,0,3
4,15.44443,0,0,0,3.555031E-06,0,0,3
4,15.45161,0,0,0,3.555031E-06,0,0,3
4,15.45773,0,0,0,3.555031E-06,0,0,3
4,15.47856,0,0,0,3.555031E-06,0,0,3
4,15.48525,0,0,0,3.555031E-06,0,0,3
4,15.49187,0,0,0,3.555031E-06,0,0,3
4,15.49826,0,0,0,3.555031E-06,0,0,3
4,15.50437,0,0,0,3.555031E-06,0,0,3
4,15.51171,0,0,0,3.555031E-06,0,0,3
4,15.51764,0,0,0,3.555031E-06,0,0,3
4,15.52353,0,0,0,3.555031E-06,0,0,3
4,15.53081,0,0,0,3.555031E-06,0,0,3
4,15.53766,0,0,0,3.555031E-06,0,0,3
4,15.5445,0,0,0,3.555031E-06,0,0,3
4,15.55159,0,0,0,3.555031E-06,0,0,3
4,15.55713,0,0,0,3.555031E-06,0,0,3
4,15.56407,0,0,0,3.555031E-06,0,0,3
4,15.5717,0,0,0,3.555031E-06,0,0,3
4,15.57927,0,0,0,3.555031E-06,0,0,3
4,15.58571,0,0,0,3.555031E-06,0,0,3
4,15.59266,0,0,0,3.555031E-06,0,0,3
4,15.60015,0,0,0,3.555031E-06,0,0,3
4,15.60723,0,0,0,3.555031E-06,0,0,3
4,15.61458,0,0,0,3.555031E-06,0,0,3
4,15.63623,0,0,0,3.555031E-06,0,0,3
4,15.64314,0,0,0,3.555031E-06,0,0,3
4,15.65062,0,0,0,3.555031E-06,0,0,3
4,15.6576,0,0,0,3.555031E-06,0,0,3
4,15.66349,0,0,0,3.555031E-06,0,0,3
4,15.67087,0,0,0,3.555031E-06,0,0,3
4,15.67666,0,0,0,3.555031E-06,0,0,3
4,15.68358,0,0,0,3.555031E-06,0,0,3
4,15.69025,0,0,0,3.555031E-06,0,0,3
4,15.70364,0,0,0,3.555031E-06,0,0,3
4,15.72636,0,0,0,3.555031E-06,0,0,3
4,15.73491,0,0,0,3.555031E-06,0,0,3
4,15.74302,0,0,0,3.555031E-06,0,0,3
4,15.75188,0,0,0,3.555031E-06,0,0,3
4,15.76012,0,0,0,3.555031E-06,0,0,3
4,15.76734,0,0,0,3.555031E-06,0,0,3
4,15.79129,0,0,0,3.555031E-06,0,0,3
4,15.79761,0,0,0,3.555031E-06,0,0,3
4,15.80397,0,0,0,3.555031E-06,0,0,3
4,15.81102,0,0,0,3.555031E-06,0,0,3
4,15.81803,0,0,0,3.555031E-06,0,0,3
4,15.82476,0,0,0,3.555031E-06,0,0,3
4,15.83153,0,0,0,3.555031E-06,0,0,3
4,15.83849,0,0,0,3.555031E-06,0,0,3
4,15.84542,0,0,0,3.555031E-06,0,0,3
4,15.8512,0,0,0,3.555031E-06,0,0,3
4,15.85746,0,0,0,3.555031E-06,0,0,3
4,15.86309,0,0,0,3.555031E-06,0,0,3
4,15.86971,0,0,0,3.555031E-06,0,0,3
4,15.87653,0,0,0,3.555031E-06,0,0,3
4,15.88254,0,0,0,3.555031E-06,0,0,3
4,15.88828,0,0,0,3.555031E-06,0,0,3
4,15.89434,0,0,0,3.555031E-06,0,0,3
4,15.90024,0,0,0,3.555031E-06,0,0,3
4,15.90731,0,0,0,3.555031E-06,0,0,3
4,15.91389,0,0,0,3.555031E-06,0,0,3
4,15.92038,0,0,0,3.555031E-06,0,0,3
4,15.94092,0,0,0,3.555031E-06,0,0,3
4,15.94726,0,0,0,3.555031E-06,0,0,3
4,15.95346,0,0,0,3.555031E-06,0,0,3
4,15.95943,0,0,0,3.555031E-06,0,0,3
4,15.96541,0,0,0,3.555031E-06,0,0,3
4,15.97136,0,0,0,3.555031E-06,0,0,3
4,15.97632,0,0,0,3.555031E-06,0,0,3
4,15.98199,0,0,0,3.555031E-06,0,0,3
4,15.98758,0,0,0,3.555031E-06,0,0,3
4,15.99336,0,0,0,3.555031E-06,0,0,3
4,16.00008,0,0,0,3.555031E-06,0,0,3
4,16.00636,0,0,0,3.555031E-06,0,0,3
4,16.01341,0,0,0,3.555031E-06,0,0,3
4,16.01979,0,0,0,3.555031E-06,0,0,3
4,16.02636,0,0,0,3.555031E-06,0,0,3
4,16.03459,0,0,0,3.555031E-06,0,0,3
4,16.0411,0,0,0,3.555031E-06,0,0,3
4,16.04763,0,0,0,3.555031E-06,0,0,3
4,16.05363,0,0,0,3.555031E-06,0,0,3
4,16.05884,0,0,0,3.555031E-06,0,0,3
4,16.06475,0,0,0,3.555031E-06,0,0,3
4,16.07172,0,0,0,3.555031E-06,0,0,3
4,16.09407,0,0,0,3.555031E-06,0,0,3
4,16.09974,0,0,0,3.555031E-06,0,0,3
4,16.10591,0,0,0,3.555031E-06,0,0,3
4,16.11265,0,0,0,3.555031E-06,0,0,3
4,16.11894,0,0,0,3.555031E-06,0,0,3
4,16.12532,0,0,0,3.555031E-06,0,0,3
4,16.13124,0,0,0,3.555031E-06,0,0,3
4,16.13713,0,0,0,3.555031E-06,0,0,3
4,16.14324,0,0,0,3.555031E-06,0,0,3
4,16.15011,0,0,0,3.555031E-06,0,0,3
4,16.156,0,0,0,3.555031E-06,0,0,3
4,16.16236,0,0,0,3.555031E-06,0,0,3
4,16.16973,0,0,0,3.555031E-06,0,0,3
4,16.17585,0,0,0,3.555031E-06,0,0,3
4,16.18159,0,0,0,3.555031E-06,0,0,3
4,16.18838,0,0,0,3.555031E-06,0,0,3
4,16.19557,0,0,0,3.555031E-06,0,0,3
4,16.20262,0,0,0,3.555031E-06,0,0,3
4,16.20938,0,0,0,3.555031E-06,0,0,3
4,16.21501,0,0,0,3.555031E-06,0,0,3
4,16.2211,0,0,0,3.555031E-06,0,0,3
4,16.24083,0,0,0,3.555031E-06,0,0,3
4,16.24747,0,0,0,3.555031E-06,0,0,3
4,16.25433,0,0,0,3.555031E-06,0,0,3
4,16.26126,0,0,0,3.555031E-06,0,0,3
4,16.2677,0,0,0,3.555031E-06,0,0,3
4,16.27406,0,0,0,3.555031E-06,0,0,3
4,16.28012,0,0,0,3.555031E-06,0,0,3
4,16.28595,0,0,0,3.555031E-06,0,0,3
4,16.29322,0,0,0,3.555031E-06,0,0,3
4,16.30009,0,0,0,3.555031E-06,0,0,3
4,16.30647,0,0,0,3.555031E-06,0,0,3
4,16.3135,0,0,0,3.555031E-06,0,0,3
4,16.32254,0,0,0,3.555031E-06,0,0,3
4,16.3291,0,0,0,3.555031E-06,0,0,3
4,16.33625,0,0,0,3.555031E-06,0,0,3
4,16.34312,0,0,0,3.555031E-06,0,0,3
4,16.35088,0,0,0,3.555031E-06,0,0,3
4,16.3571,0,0,0,3.555031E-06,0,0,3
4,16.3632,0,0,0,3.555031E-06,0,0,3
4,16.37022,0,0,0,3.555031E-06,0,0,3
4,16.37654,0,0,0,3.555031E-06,0,0,3
4,16.40107,0,0,0,3.555031E-06,0,0,3
4,16.40894,0,0,0,3.555031E-06,0,0,3
4,16.41604,0,0,0,3.555031E-06,0,0,3
4,16.42252,0,0,0,3.555031E-06,0,0,3
4,16.42959,0,0,0,3.555031E-06,0,0,3
4,16.43616,0,0,0,3.555031E-06,0,0,3
4,16.44238,0,0,0,3.555031E-06,0,0,3
4,16.44938,0,0,0,3.555031E-06,0,0,3
4,16.45642,0,0,0,3.555031E-06,0,0,3
4,16.46292,0,0,0,3.555031E-06,0,0,3
4,16.47124,0,0,0,3.555031E-06,0,0,3
4,16.47808,0,0,0,3.555031E-06,0,0,3
4,16.48536,0,0,0,3.555031E-06,0,0,3
4,16.49201,0,0,0,3.555031E-06,0,0,3
4,16.49939,0,0,0,3.555031E-06,0,0,3
4,16.50625,0,0,0,3.555031E-06,0,0,3
4,16.5143,0,0,0,3.555031E-06,0,0,3
4,16.52082,0,0,0,3.555031E-06,0,0,3
4,16.52744,0,0,0,3.555031E-06,0,0,3
4,16.55255,0,0,0,3.555031E-06,0,0,3
4,16.56301,0,0,0,3.555031E-06,0,0,3
4,16.57087,0,0,0,3.555031E-06,0,0,3
4,16.57793,0,0,0,3.555031E-06,0,0,3
4,16.58625,0,0,0,3.555031E-06,0,0,3
4,16.59397,0,0,0,3.555031E-06,0,0,3
4,16.60078,0,0,0,3.555031E-06,0,0,3
4,16.6081,0,0,0,3.555031E-06,0,0,3
4,16.6153,0,0,0,3.555031E-06,0,0,3
4,16.62211,0,0,0,3.555031E-06,0,0,3
4,16.62996,0,0,0,3.555031E-06,0,0,3
4,16.63788,0,0,0,3.555031E-06,0,0,3
4,16.64524,0,0,0,3.555031E-06,0,0,3
4,16.65321,0,0,0,3.555031E-06,0,0,3
4,16.66105,0,0,0,3.555031E-06,0,0,3
4,16.66816,0,0,0,3.555031E-06,0,0,3
4,16.67736,0,0,0,3.555031E-06,0,0,3
4,16.68451,0,0,0,3.555031E-06,0,0,3
4,16.7096,0,0,0,3.555031E-06,0,0,3
4,16.71631,0,0,0,3.555031E-06,0,0,3
4,16.7238,0,0,0,3.555031E-06,0,0,3
4,16.73118,0,0,0,3.555031E-06,0,0,3
4,16.73875,0,0,0,3.555031E-06,0,0,3
4,16.74408,0,0,0,3.555031E-06,0,0,3
4,16.75152,0,0,0,3.555031E-06,0,0,3
4,16.75843,0,0,0,3.555031E-06,0,0,3
4,16.76645,0,0,0,3.555031E-06,0,0,3
4,16.77417,0,0,0,3.555031E-06,0,0,3
4,16.78077,0,0,0,3.555031E-06,0,0,3
4,16.78694,0,0,0,3.555031E-06,0,0,3
4,16.79335,0,0,0,3.555031E-06,0,0,3
4,16.80148,0,0,0,3.555031E-06,0,0,3
4,16.80949,0,0,0,3.555031E-06,0,0,3
4,16.8162,0,0,0,3.555031E-06,0,0,3
4,16.82209,0,0,0,3.555031E-06,0,0,3
4,16.83004,0,0,0,3.555031E-06,0,0,3
4,16.83669,0,0,0,3.555031E-06,0,0,3
4,16.86087,0,0,0,3.555031E-06,0,0,3
4,16.86754,0,0,0,3.555031E-06,0,0,3
4,16.87458,0,0,0,3.555031E-06,0,0,3
4,16.88203,0,0,0,3.555031E-06,0,0,3
4,16.88935,0,0,0,3.555031E-06,0,0,3
4,16.89656,0,0,0,3.555031E-06,0,0,3
4,16.90255,0,0,0,3.555031E-06,0,0,3
4,16.90966,0,0,0,3.555031E-06,0,0,3
4,16.9152,0,0,0,3.555031E-06,0,0,3
4,16.92111,0,0,0,3.555031E-06,0,0,3
4,16.92709,0,0,0,3.555031E-06,0,0,3
4,16.93305,0,0,0,3.555031E-06,0,0,3
4,16.94036,0,0,0,3.555031E-06,0,0,3
4,16.94664,0,0,0,3.555031E-06,0,0,3
4,16.95314,0,0,0,3.555031E-06,0,0,3
4,16.95971,0,0,0,3.555031E-06,0,0,3
4,16.96598,0,0,0,3.555031E-06,0,0,3
4,16.97308,0,0,0,3.555031E-06,0,0,3
4,16.98249,0,0,0,3.555031E-06,0,0,3
4,16.98969,0,0,0,3.555031E-06,0,0,3
4,17.01384,0,0,0,3.555031E-06,0,0,3
4,17.02057,0,0,0,3.555031E-06,0,0,3
4,17.02789,0,0,0,3.555031E-06,0,0,3
4,17.03537,0,0,0,3.555031E-06,0,0,3
4,17.04211,0,0,0,3.555031E-06,0,0,3
4,17.05123,0,0,0,3.555031E-06,0,0,3
4,17.05876,0,0,0,3.555031E-06,0,0,3
4,17.06607,0,0,0,3.555031E-06,0,0,3
4,17.07366,0,0,0,3.555031E-06,0,0,3
4,17.08071,0,0,0,3.555031E-06,0,0,3
4,17.0872,0,0,0,3.555031E-06,0,0,3
4,17.09478,0,0,0,3.555031E-06,0,0,3
4,17.10236,0,0,0,3.555031E-06,0,0,3
4,17.10999,0,0,0,3.555031E-06,0,0,3
4,17.11654,0,0,0,3.555031E-06,0,0,3
4,17.12295,0,0,0,3.555031E-06,0,0,3
4,17.13002,0,0,0,3.555031E-06,0,0,3
4,17.15177,0,0,0,3.555031E-06,0,0,3
4,17.17719,0,0,0,3.555031E-06,0,0,3
4,17.18407,0,0,0,3.555031E-06,0,0,3
4,17.19165,0,0,0,3.555031E-06,0,0,3
4,17.19931,0,0,0,3.555031E-06,0,0,3
4,17.20667,0,0,0,3.555031E-06,0,0,3
4,17.21335,0,0,0,3.555031E-06,0,0,3
4,17.21968,0,0,0,3.555031E-06,0,0,3
4,17.22586,0,0,0,3.555031E-06,0,0,3
4,17.23388,0,0,0,3.555031E-06,0,0,3
4,17.2408,0,0,0,3.555031E-06,0,0,3
4,17.24761,0,0,0,3.555031E-06,0,0,3
4,17.25571,0,0,0,3.555031E-06,0,0,3
4,17.26351,0,0,0,3.555031E-06,0,0,3
4,17.27092,0,0,0,3.555031E-06,0,0,3
4,17.27858,0,0,0,3.555031E-06,0,0,3
4,17.28492,0,0,0,3.555031E-06,0,0,3
4,17.29296,0,0,0,3.555031E-06,0,0,3
4,17.30039,0,0,0,3.555031E-06,0,0,3
4,17.30776,0,0,0,3.555031E-06,0,0,3
4,17.33435,0,0,0,3.555031E-06,0,0,3
4,17.34156,0,0,0,3.555031E-06,0,0,3
4,17.34935,0,0,0,3.555031E-06,0,0,3
4,17.35635,0,0,0,3.555031E-06,0,0,3
4,17.36311,0,0,0,3.555031E-06,0,0,3
4,17.3702,0,0,0,3.555031E-06,0,0,3
4,17.37739,0,0,0,3.555031E-06,0,0,3
4,17.3836,0,0,0,3.555031E-06,0,0,3
4,17.39128,0,0,0,3.555031E-06,0,0,3
4,17.39816,0,0,0,3.555031E-06,0,0,3
4,17.40464,0,0,0,3.555031E-06,0,0,3
4,17.41195,0,0,0,3.555031E-06,0,0,3
4,17.41858,0,0,0,3.555031E-06,0,0,3
4,17.42603,0,0,0,3.555031E-06,0,0,3
4,17.43408,0,0,0,3.555031E-06,0,0,3
4,17.44075,0,0,0,3.555031E-06,0,0,3
4,17.4473,0,0,0,3.555031E-06,0,0,3
4,17.4552,0,0,0,3.555031E-06,0,0,3
4,17.46259,0,0,0,3.555031E-06,0,0,3
4,17.48793,0,0,0,3.555031E-06,0,0,3
4,17.49696,0,0,0,3.555031E-06,0,0,3
4,17.5037,0,0,0,3.555031E-06,0,0,3
4,17.51169,0,0,0,3.555031E-06,0,0,3
4,17.5188,0,0,0,3.555031E-06,0,0,3
4,17.52407,0,0,0,3.555031E-06,0,0,3
4,17.53076,0,0,0,3.555031E-06,0,0,3
4,17.53691,0,0,0,3.555031E-06,0,0,3
4,17.5434,0,0,0,3.555031E-06,0,0,3
4,17.55098,0,0,0,3.555031E-06,0,0,3
4,17.55683,0,0,0,3.555031E-06,0,0,3
4,17.56255,0,0,0,3.555031E-06,0,0,3
4,17.56876,0,0,0,3.555031E-06,0,0,3
4,17.57436,0,0,0,3.555031E-06,0,0,3
4,17.58175,0,0,0,3.555031E-06,0,0,3
4,17.5871,0,0,0,3.555031E-06,0,0,3
4,17.59408,0,0,0,3.555031E-06,0,0,3
4,17.59906,0,0,0,3.555031E-06,0,0,3
4,17.60469,0,0,0,3.555031E-06,0,0,3
4,17.61259,0,0,0,3.555031E-06,0,0,3
4,17.61863,0,0,0,3.555031E-06,0,0,3
4,17.64296,0,0,0,3.555031E-06,0,0,3
4,17.6501,0,0,0,3.555031E-06,0,0,3
4,17.65672,0,0,0,3.555031E-06,0,0,3
4,17.66286,0,0,0,3.555031E-06,0,0,3
4,17.67006,0,0,0,3.555031E-06,0,0,3
4,17.67682,0,0,0,3.555031E-06,0,0,3
4,17.68328,0,0,0,3.555031E-06,0,0,3
4,17.69078,0,0,0,3.555031E-06,0,0,3
4,17.69718,0,0,0,3.555031E-06,0,0,3
4,17.70414,0,0,0,3.555031E-06,0,0,3
4,17.71103,0,0,0,3.555031E-06,0,0,3
4,17.71825,0,0,0,3.555031E-06,0,0,3
4,17.72526,0,0,0,3.555031E-06,0,0,3
4,17.73233,0,0,0,3.555031E-06,0,0,3
4,17.73986,0,0,0,3.555031E-06,0,0,3
4,17.74539,0,0,0,3.555031E-06,0,0,3
4,17.75251,0,0,0,3.555031E-06,0,0,3
4,17.75878,0,0,0,3.555031E-06,0,0,3
4,17.76542,0,0,0,3.555031E-06,0,0,3
4,17.7727,0,0,0,3.555031E-06,0,0,3
4,17.79867,0,0,0,3.555031E-06,0,0,3
4,17.80637,0,0,0,3.555031E-06,0,0,3
4,17.81308,0,0,0,3.555031E-06,0,0,3
4,17.81906,0,0,0,3.555031E-06,0,0,3
4,17.82437,0,0,0,3.555031E-06,0,0,3
4,17.83129,0,0,0,3.555031E-06,0,0,3
4,17.83726,0,0,0,3.555031E-06,0,0,3
4,17.84334,0,0,0,3.555031E-06,0,0,3
4,17.84922,0,0,0,3.555031E-06,0,0,3
4,17.85565,0,0,0,3.555031E-06,0,0,3
4,17.86281,0,0,0,3.555031E-06,0,0,3
4,17.86946,0,0,0,3.555031E-06,0,0,3
4,17.87544,0,0,0,3.555031E-06,0,0,3
4,17.8819,0,0,0,3.555031E-06,0,0,3
4,17.89038,0,0,0,3.555031E-06,0,0,3
4,17.89762,0,0,0,3.555031E-06,0,0,3
4,17.90372,0,0,0,3.555031E-06,0,0,3
4,17.91093,0,0,0,3.555031E-06,0,0,3
4,17.91788,0,0,0,3.555031E-06,0,0,3
4,17.92556,0,0,0,3.555031E-06,0,0,3
4,17.94825,0,0,0,3.555031E-06,0,0,3
4,17.95681,0,0,0,3.555031E-06,0,0,3
4,17.96452,0,0,0,3.555031E-06,0,0,3
4,17.97248,0,0,0,3.555031E-06,0,0,3
4,17.97913,0,0,0,3.555031E-06,0,0,3
4,17.98634,0,0,0,3.555031E-06,0,0,3
4,17.99414,0,0,0,3.555031E-06,0,0,3
4,18.00199,0,0,0,3.555031E-06,0,0,3
4,18.0095,0,0,0,3.555031E-06,0,0,3
4,18.01712,0,0,0,3.555031E-06,0,0,3
4,18.02427,0,0,0,3.555031E-06,0,0,3
4,18.03347,0,0,0,3.555031E-06,0,0,3
4,18.04004,0,0,0,3.555031E-06,0,0,3
4,18.04737,0,0,0,3.555031E-06,0,0,3
4,18.05539,0,0,0,3.555031E-06,0,0,3
4,18.06247,0,0,0,3.555031E-06,0,0,3
4,18.07031,0,0,0,3.555031E-06,0,0,3
4,18.07811,0,0,0,3.555031E-06,0,0,3
4,18.1035,0,0,0,3.555031E-06,0,0,3
4,18.11174,0,0,0,3.555031E-06,0,0,3
4,18.11842,0,0,0,3.555031E-06,0,0,3
4,18.12575,0,0,0,3.555031E-06,0,0,3
4,18.13379,0,0,0,3.555031E-06,0,0,3
4,18.14208,0,0,0,3.555031E-06,0,0,3
4,18.14973,0,0,0,3.555031E-06,0,0,3
4,18.15757,0,0,0,3.555031E-06,0,0,3
4,18.16453,0,0,0,3.555031E-06,0,0,3
4,18.17207,0,0,0,3.555031E-06,0,0,3
4,18.17924,0,0,0,3.555031E-06,0,0,3
4,18.18663,0,0,0,3.555031E-06,0,0,3
4,18.19349,0,0,0,3.555031E-06,0,0,3
4,18.2071,0,0,0,3.555031E-06,0,0,3
4,18.22831,0,0,0,3.555031E-06,0,0,3
4,18.23697,0,0,0,3.555031E-06,0,0,3
4,18.26211,0,0,0,3.555031E-06,0,0,3
4,18.27183,0,0,0,3.555031E-06,0,0,3
4,18.27935,0,0,0,3.555031E-06,0,0,3
4,18.28624,0,0,0,3.555031E-06,0,0,3
4,18.29393,0,0,0,3.555031E-06,0,0,3
4,18.30127,0,0,0,3.555031E-06,0,0,3
4,18.30819,0,0,0,3.555031E-06,0,0,3
4,18.31711,0,0,0,3.555031E-06,0,0,3
4,18.32371,0,0,0,3.555031E-06,0,0,3
4,18.33186,0,0,0,3.555031E-06,0,0,3
4,18.33867,0,0,0,3.555031E-06,0,0,3
4,18.34598,0,0,0,3.555031E-06,0,0,3
4,18.3583,0,0,0,3.555031E-06,0,0,3
4,18.36641,0,0,0,3.555031E-06,0,0,3
4,18.37489,0,0,0,3.555031E-06,0,0,3
4,18.38209,0,0,0,3.555031E-06,0,0,3
4,18.39056,0,0,0,3.555031E-06,0,0,3
4,18.41562,0,0,0,3.555031E-06,0,0,3
4,18.42315,0,0,0,3.555031E-06,0,0,3
4,18.43193,0,0,0,3.555031E-06,0,0,3
4,18.43882,0,0,0,3.555031E-06,0,0,3
4,18.44516,0,0,0,3.555031E-06,0,0,3
4,18.45354,0,0,0,3.555031E-06,0,0,3
4,18.46041,0,0,0,3.555031E-06,0,0,3
4,18.46711,0,0,0,3.555031E-06,0,0,3
4,18.47532,0,0,0,3.555031E-06,0,0,3
4,18.48314,0,0,0,3.555031E-06,0,0,3
4,18.49005,0,0,0,3.555031E-06,0,0,3
4,18.49828,0,0,0,3.555031E-06,0,0,3
4,18.50586,0,0,0,3.555031E-06,0,0,3
4,18.51436,0,0,0,3.555031E-06,0,0,3
4,18.52034,0,0,0,3.555031E-06,0,0,3
4,18.52784,0,0,0,3.555031E-06,0,0,3
4,18.53586,0,0,0,3.555031E-06,0,0,3
4,18.54425,0,0,0,3.555031E-06,0,0,3
4,18.56784,0,0,0,3.555031E-06,0,0,3
4,18.5769,0,0,0,3.555031E-06,0,0,3
4,18.58557,0,0,0,3.555031E-06,0,0,3
4,18.5941,0,0,0,3.555031E-06,0,0,3
4,18.60161,0,0,0,3.555031E-06,0,0,3
4,18.60823,0,0,0,3.555031E-06,0,0,3
4,18.61563,0,0,0,3.555031E-06,0,0,3
4,18.62283,0,0,0,3.555031E-06,0,0,3
4,18.63131,0,0,0,3.555031E-06,0,0,3
4,18.63883,0,0,0,3.555031E-06,0,0,3
4,18.64552,0,0,0,3.555031E-06,0,0,3
4,18.65373,0,0,0,3.555031E-06,0,0,3
4,18.66114,0,0,0,3.555031E-06,0,0,3
4,18.66784,0,0,0,3.555031E-06,0,0,3
4,18.67574,0,0,0,3.555031E-06,0,0,3
4,18.68303,0,0,0,3.555031E-06,0,0,3
4,18.69162,0,0,0,3.555031E-06,0,0,3
4,18.69849,0,0,0,3.555031E-06,0,0,3
4,18.72215,0,0,0,3.555031E-06,0,0,3
4,18.72986,0,0,0,3.555031E-06,0,0,3
4,18.73701,0,0,0,3.555031E-06,0,0,3
4,18.74328,0,0,0,3.555031E-06,0,0,3
4,18.75008,0,0,0,3.555031E-06,0,0,3
4,18.75638,0,0,0,3.555031E-06,0,0,3
4,18.763,0,0,0,3.555031E-06,0,0,3
4,18.76873,0,0,0,3.555031E-06,0,0,3
4,18.77498,0,0,0,3.555031E-06,0,0,3
4,18.78073,0,0,0,3.555031E-06,0,0,3
4,18.78737,0,0,0,3.555031E-06,0,0,3
4,18.79564,0,0,0,3.555031E-06,0,0,3
4,18.80145,0,0,0,3.555031E-06,0,0,3
4,18.80696,0,0,0,3.555031E-06,0,0,3
4,18.81361,0,0,0,3.555031E-06,0,0,3
4,18.81936,0,0,0,3.555031E-06,0,0,3
4,18.82495,0,0,0,3.555031E-06,0,0,3
4,18.83185,0,0,0,3.555031E-06,0,0,3
4,18.83715,0,0,0,3.555031E-06,0,0,3
4,18.84274,0,0,0,3.555031E-06,0,0,3
4,18.84985,0,0,0,3.555031E-06,0,0,3
4,18.87167,0,0,0,3.555031E-06,0,0,3
4,18.87821,0,0,0,3.555031E-06,0,0,3
4,18.884,0,0,0,3.555031E-06,0,0,3
4,18.89058,0,0,0,3.555031E-06,0,0,3
4,18.89612,0,0,0,3.555031E-06,0,0,3
4,18.90158,0,0,0,3.555031E-06,0,0,3
4,18.90795,0,0,0,3.555031E-06,0,0,3
4,18.91408,0,0,0,3.555031E-06,0,0,3
4,18.91906,0,0,0,3.555031E-06,0,0,3
4,18.92435,0,0,0,3.555031E-06,0,0,3
4,18.93045,0,0,0,3.555031E-06,0,0,3
4,18.93539,0,0,0,3.555031E-06,0,0,3
4,18.94118,0,0,0,3.555031E-06,0,0,3
4,18.94644,0,0,0,3.555031E-06,0,0,3
4,18.95321,0,0,0,3.555031E-06,0,0,3
4,18.95897,0,0,0,3.555031E-06,0,0,3
4,18.9646,0,0,0,3.555031E-06,0,0,3
4,18.97069,0,0,0,3.555031E-06,0,0,3
4,18.97682,0,0,0,3.555031E-06,0,0,3
4,18.98252,0,0,0,3.555031E-06,0,0,3
4,18.98926,0,0,0,3.555031E-06,0,0,3
4,18.99493,0,0,0,3.555031E-06,0,0,3
4,19.00147,0,0,0,3.555031E-06,0,0,3
4,19.02,0,0,0,3.555031E-06,0,0,3
4,19.02658,0,0,0,3.555031E-06,0,0,3
4,19.03312,0,0,0,3.555031E-06,0,0,3
4,19.03806,0,0,0,3.555031E-06,0,0,3
4,19.04306,0,0,0,3.555031E-06,0,0,3
4,19.0483,0,0,0,3.555031E-06,0,0,3
4,19.05445,0,0,0,3.555031E-06,0,0,3
4,19.06126,0,0,0,3.555031E-06,0,0,3
4,19.06683,0,0,0,3.555031E-06,0,0,3
4,19.07308,0,0,0,3.555031E-06,0,0,3
4,19.08027,0,0,0,3.555031E-06,0,0,3
4,19.08968,0,0,0,3.555031E-06,0,0,3
4,19.09714,0,0,0,3.555031E-06,0,0,3
4,19.10238,0,0,0,3.555031E-06,0,0,3
4,19.10769,0,0,0,3.555031E-06,0,0,3
4,19.11396,0,0,0,3.555031E-06,0,0,3
4,19.11869,0,0,0,3.555031E-06,0,0,3
4,19.12332,0,0,0,3.555031E-06,0,0,3
4,19.12889,0,0,0,3.555031E-06,0,0,3
4,19.13454,0,0,0,3.555031E-06,0,0,3
4,19.14054,0,0,0,3.555031E-06,0,0,3
4,19.14637,0,0,0,3.555031E-06,0,0,3
4,19.15298,0,0,0,3.555031E-06,0,0,3
4,19.16987,0,0,0,3.555031E-06,0,0,3
4,19.17557,0,0,0,3.555031E-06,0,0,3
4,19.18126,0,0,0,3.555031E-06,0,0,3
4,19.18801,0,0,0,3.555031E-06,0,0,3
4,19.19547,0,0,0,3.555031E-06,0,0,3
4,19.20267,0,0,0,3.555031E-06,0,0,3
4,19.21037,0,0,0,3.555031E-06,0,0,3
4,19.21667,0,0,0,3.555031E-06,0,0,3
4,19.223,0,0,0,3.555031E-06,0,0,3
4,19.23149,0,0,0,3.555031E-06,0,0,3
4,19.23835,0,0,0,3.555031E-06,0,0,3
4,19.24441,0,0,0,3.555031E-06,0,0,3
4,19.25253,0,0,0,3.555031E-06,0,0,3
4,19.25945,0,0,0,3.555031E-06,0,0,3
4,19.26656,0,0,0,3.555031E-06,0,0,3
4,19.27306,0,0,0,3.555031E-06,0,0,3
4,19.28035,0,0,0,3.555031E-06,0,0,3
4,19.28684,0,0,0,3.555031E-06,0,0,3
4,19.29378,0,0,0,3.555031E-06,0,0,3
4,19.30065,0,0,0,3.555031E-06,0,0,3
4,19.3081,0,0,0,3.555031E-06,0,0,3
4,19.3339,0,0,0,3.555031E-06,0,0,3
4,19.34038,0,0,0,3.555031E-06,0,0,3
4,19.34704,0,0,0,3.555031E-06,0,0,3
4,19.35389,0,0,0,3.555031E-06,0,0,3
4,19.36068,0,0,0,3.555031E-06,0,0,3
4,19.36753,0,0,0,3.555031E-06,0,0,3
4,19.37438,0,0,0,3.555031E-06,0,0,3
4,19.38162,0,0,0,3.555031E-06,0,0,3
4,19.39064,0,0,0,3.555031E-06,0,0,3
4,19.39797,0,0,0,3.555031E-06,0,0,3
4,19.40469,0,0,0,3.555031E-06,0,0,3
4,19.41294,0,0,0,3.555031E-06,0,0,3
4,19.4204,0,0,0,3.555031E-06,0,0,3
4,19.42943,0,0,0,3.555031E-06,0,0,3
4,19.43676,0,0,0,3.555031E-06,0,0,3
4,19.44337,0,0,0,3.555031E-06,0,0,3
4,19.4508,0,0,0,3.555031E-06,0,0,3
4,19.45785,0,0,0,3.555031E-06,0,0,3
4,19.465,0,0,0,3.555031E-06,0,0,3
4,19.488,0,0,0,3.555031E-06,0,0,3
4,19.49532,0,0,0,3.555031E-06,0,0,3
4,19.50212,0,0,0,3.555031E-06,0,0,3
4,19.50882,0,0,0,3.555031E-06,0,0,3
4,19.5163,0,0,0,3.555031E-06,0,0,3
4,19.5231,0,0,0,3.555031E-06,0,0,3
4,19.5314,0,0,0,3.555031E-06,0,0,3
4,19.5377,0,0,0,3.555031E-06,0,0,3
4,19.54326,0,0,0,3.555031E-06,0,0,3
4,19.55011,0,0,0,3.555031E-06,0,0,3
4,19.55568,0,0,0,3.555031E-06,0,0,3
4,19.56206,0,0,0,3.555031E-06,0,0,3
4,19.56764,0,0,0,3.555031E-06,0,0,3
4,19.57354,0,0,0,3.555031E-06,0,0,3
4,19.58037,0,0,0,3.555031E-06,0,0,3
4,19.58731,0,0,0,3.555031E-06,0,0,3
4,19.5944,0,0,0,3.555031E-06,0,0,3
4,19.60126,0,0,0,3.555031E-06,0,0,3
4,19.60749,0,0,0,3.555031E-06,0,0,3
4,19.61477,0,0,0,3.555031E-06,0,0,3
4,19.62118,0,0,0,3.555031E-06,0,0,3
4,19.64465,0,0,0,3.555031E-06,0,0,3
4,19.65178,0,0,0,3.555031E-06,0,0,3
4,19.65775,0,0,0,3.555031E-06,0,0,3
4,19.66365,0,0,0,3.555031E-06,0,0,3
4,19.67102,0,0,0,3.555031E-06,0,0,3
4,19.67788,0,0,0,3.555031E-06,0,0,3
4,19.68399,0,0,0,3.555031E-06,0,0,3
4,19.69128,0,0,0,3.555031E-06,0,0,3
4,19.69805,0,0,0,3.555031E-06,0,0,3
4,19.70512,0,0,0,3.555031E-06,0,0,3
4,19.71221,0,0,0,3.555031E-06,0,0,3
4,19.71932,0,0,0,3.555031E-06,0,0,3
4,19.72609,0,0,0,3.555031E-06,0,0,3
4,19.73312,0,0,0,3.555031E-06,0,0,3
4,19.74037,0,0,0,3.555031E-06,0,0,3
4,19.74797,0,0,0,3.555031E-06,0,0,3
4,19.75536,0,0,0,3.555031E-06,0,0,3
4,19.76255,0,0,0,3.555031E-06,0,0,3
4,19.77023,0,0,0,3.555031E-06,0,0,3
4,19.77735,0,0,0,3.555031E-06,0,0,3
4,19.80226,0,0,0,3.555031E-06,0,0,3
4,19.81013,0,0,0,3.555031E-06,0,0,3
4,19.8178,0,0,0,3.555031E-06,0,0,3
4,19.82548,0,0,0,3.555031E-06,0,0,3
4,19.83275,0,0,0,3.555031E-06,0,0,3
4,19.83893,0,0,0,3.555031E-06,0,0,3
4,19.84652,0,0,0,3.555031E-06,0,0,3
4,19.85335,0,0,0,3.555031E-06,0,0,3
4,19.86,0,0,0,3.555031E-06,0,0,3
4,19.86603,0,0,0,3.555031E-06,0,0,3
4,19.87346,0,0,0,3.555031E-06,0,0,3
4,19.88015,0,0,0,3.555031E-06,0,0,3
4,19.88762,0,0,0,3.555031E-06,0,0,3
4,19.89525,0,0,0,3.555031E-06,0,0,3
4,19.90193,0,0,0,3.555031E-06,0,0,3
4,19.90913,0,0,0,3.555031E-06,0,0,3
4,19.9156,0,0,0,3.555031E-06,0,0,3
4,19.92237,0,0,0,3.555031E-06,0,0,3
4,19.92958,0,0,0,3.555031E-06,0,0,3
4,19.95324,0,0,0,3.555031E-06,0,0,3
4,19.95922,0,0,0,3.555031E-06,0,0,3
4,19.96516,0,0,0,3.555031E-06,0,0,3
4,19.97168,0,0,0,3.555031E-06,0,0,3
4,19.9777,0,0,0,3.555031E-06,0,0,3
4,19.98475,0,0,0,3.555031E-06,0,0,3
4,19.99226,0,0,0,3.555031E-06,0,0,3
4,19.99868,0,0,0,3.555031E-06,0,0,3
4,20.00487,0,0,0,3.555031E-06,0,0,3
4,20.01226,0,0,0,3.555031E-06,0,0,3
4,20.01837,0,0,0,3.555031E-06,0,0,3
4,20.02407,0,0,0,3.555031E-06,0,0,3
4,20.03083,0,0,0,3.555031E-06,0,0,3
4,20.03684,0,0,0,3.555031E-06,0,0,3
4,20.04367,0,0,0,3.555031E-06,0,0,3
4,20.05133,0,0,0,3.555031E-06,0,0,3
4,20.05691,0,0,0,3.555031E-06,0,0,3
4,20.06194,0,0,0,3.555031E-06,0,0,3
4,20.06762,0,0,0,3.555031E-06,0,0,3
4,20.07347,0,0,0,3.555031E-06,0,0,3
4,20.08068,0,0,0,3.555031E-06,0,0,3
4,20.10006,0,0,0,3.555031E-06,0,0,3
4,20.10508,0,0,0,3.555031E-06,0,0,3
4,20.11018,0,0,0,3.555031E-06,0,0,3
4,20.11452,0,0,0,3.555031E-06,0,0,3
4,20.11952,0,0,0,3.555031E-06,0,0,3
4,20.12545,0,0,0,3.555031E-06,0,0,3
4,20.13189,0,0,0,3.555031E-06,0,0,3
4,20.13813,0,0,0,3.555031E-06,0,0,3
4,20.14454,0,0,0,3.555031E-06,0,0,3
4,20.15094,0,0,0,3.555031E-06,0,0,3
4,20.15813,0,0,0,3.555031E-06,0,0,3
4,20.16353,0,0,0,3.555031E-06,0,0,3
4,20.17048,0,0,0,3.555031E-06,0,0,3
4,20.17598,0,0,0,3.555031E-06,0,0,3
4,20.18119,0,0,0,3.555031E-06,0,0,3
4,20.18755,0,0,0,3.555031E-06,0,0,3
4,20.19368,0,0,0,3.555031E-06,0,0,3
4,20.1998,0,0,0,3.555031E-06,0,0,3
4,20.20607,0,0,0,3.555031E-06,0,0,3
4,20.2121,0,0,0,3.555031E-06,0,0,3
4,20.21975,0,0,0,3.555031E-06,0,0,3
4,20.22609,0,0,0,3.555031E-06,0,0,3
4,20.23297,0,0,0,3.555031E-06,0,0,3
4,20.25348,0,0,0,3.555031E-06,0,0,3
4,20.25982,0,0,0,3.555031E-06,0,0,3
4,20.26519,0,0,0,3.555031E-06,0,0,3
4,20.27142,0,0,0,3.555031E-06,0,0,3
4,20.27649,0,0,0,3.555031E-06,0,0,3
4,20.28229,0,0,0,3.555031E-06,0,0,3
4,20.28887,0,0,0,3.555031E-06,0,0,3
4,20.29401,0,0,0,3.555031E-06,0,0,3
4,20.29902,0,0,0,3.555031E-06,0,0,3
4,20.30326,0,0,0,3.555031E-06,0,0,3
4,20.30857,0,0,0,3.555031E-06,0,0,3
4,20.3135,0,0,0,3.555031E-06,0,0,3
4,20.31905,0,0,0,3.555031E-06,0,0,3
4,20.32504,0,0,0,3.555031E-06,0,0,3
4,20.33252,0,0,0,3.555031E-06,0,0,3
4,20.3386,0,0,0,3.555031E-06,0,0,3
4,20.34525,0,0,0,3.555031E-06,0,0,3
4,20.35236,0,0,0,3.555031E-06,0,0,3
4,20.359,0,0,0,3.555031E-06,0,0,3
4,20.36599,0,0,0,3.555031E-06,0,0,3
4,20.37123,0,0,0,3.555031E-06,0,0,3
4,20.37717,0,0,0,3.555031E-06,0,0,3
4,20.38272,0,0,0,3.555031E-06,0,0,3
4,20.40377,0,0,0,3.555031E-06,0,0,3
4,20.41082,0,0,0,3.555031E-06,0,0,3
4,20.41694,0,0,0,3.555031E-06,0,0,3
4,20.42294,0,0,0,3.555031E-06,0,0,3
4,20.43015,0,0,0,3.555031E-06,0,0,3
4,20.43648,0,0,0,3.555031E-06,0,0,3
4,20.44377,0,0,0,3.555031E-06,0,0,3
4,20.45251,0,0,0,3.555031E-06,0,0,3
4,20.46004,0,0,0,3.555031E-06,0,0,3
4,20.46742,0,0,0,3.555031E-06,0,0,3
4,20.47422,0,0,0,3.555031E-06,0,0,3
4,20.47938,0,0,0,3.555031E-06,0,0,3
4,20.48567,0,0,0,3.555031E-06,0,0,3
4,20.49247,0,0,0,3.555031E-06,0,0,3
4,20.4976,0,0,0,3.555031E-06,0,0,3
4,20.5025,0,0,0,3.555031E-06,0,0,3
4,20.50776,0,0,0,3.555031E-06,0,0,3
4,20.51487,0,0,0,3.555031E-06,0,0,3
4,20.52111,0,0,0,3.555031E-06,0,0,3
4,20.52825,0,0,0,3.555031E-06,0,0,3
4,20.53585,0,0,0,3.555031E-06,0,0,3
4,20.55789,0,0,0,3.555031E-06,0,0,3
4,20.56541,0,0,0,3.555031E-06,0,0,3
4,20.57289,0,0,0,3.555031E-06,0,0,3
4,20.57945,0,0,0,3.555031E-06,0,0,3
4,20.58606,0,0,0,3.555031E-06,0,0,3
4,20.59314,0,0,0,3.555031E-06,0,0,3
4,20.60003,0,0,0,3.555031E-06,0,0,3
4,20.61407,0,0,0,3.555031E-06,0,0,3
4,20.63488,0,0,0,3.555031E-06,0,0,3
4,20.64088,0,0,0,3.555031E-06,0,0,3
4,20.64693,0,0,0,3.555031E-06,0,0,3
4,20.65532,0,0,0,3.555031E-06,0,0,3
4,20.66169,0,0,0,3.555031E-06,0,0,3
4,20.66798,0,0,0,3.555031E-06,0,0,3
4,20.67642,0,0,0,3.555031E-06,0,0,3
4,20.68323,0,0,0,3.555031E-06,0,0,3
4,20.69084,0,0,0,3.555031E-06,0,0,3
4,20.71435,0,0,0,3.555031E-06,0,0,3
4,20.72126,0,0,0,3.555031E-06,0,0,3
4,20.72764,0,0,0,3.555031E-06,0,0,3
4,20.73565,0,0,0,3.555031E-06,0,0,3
4,20.74292,0,0,0,3.555031E-06,0,0,3
4,20.75048,0,0,0,3.555031E-06,0,0,3
4,20.75849,0,0,0,3.555031E-06,0,0,3
4,20.76678,0,0,0,3.555031E-06,0,0,3
4,20.77648,0,0,0,3.555031E-06,0,0,3
4,20.78432,0,0,0,3.555031E-06,0,0,3
4,20.79184,0,0,0,3.555031E-06,0,0,3
4,20.79947,0,0,0,3.555031E-06,0,0,3
4,20.8062,0,0,0,3.555031E-06,0,0,3
4,20.81515,0,0,0,3.555031E-06,0,0,3
4,20.82237,0,0,0,3.555031E-06,0,0,3
4,20.83107,0,0,0,3.555031E-06,0,0,3
4,20.83923,0,0,0,3.555031E-06,0,0,3
4,20.84755,0,0,0,3.555031E-06,0,0,3
4,20.87335,0,0,0,3.555031E-06,0,0,3
4,20.88258,0,0,0,3.555031E-06,0,0,3
4,20.8909,0,0,0,3.555031E-06,0,0,3
4,20.89756,0,0,0,3.555031E-06,0,0,3
4,20.90449,0,0,0,3.555031E-06,0,0,3
4,20.91217,0,0,0,3.555031E-06,0,0,3
4,20.91874,0,0,0,3.555031E-06,0,0,3
4,20.92562,0,0,0,3.555031E-06,0,0,3
4,20.93277,0,0,0,3.555031E-06,0,0,3
4,20.93908,0,0,0,3.555031E-06,0,0,3
4,20.94626,0,0,0,3.555031E-06,0,0,3
4,20.95486,0,0,0,3.555031E-06,0,0,3
4,20.96229,0,0,0,3.555031E-06,0,0,3
4,20.96986,0,0,0,3.555031E-06,0,0,3
4,20.9767,0,0,0,3.555031E-06,0,0,3
4,20.98686,0,0,0,3.555031E-06,0,0,3
4,20.99472,0,0,0,3.555031E-06,0,0,3
4,21.00188,0,0,0,3.555031E-06,0,0,3
4,21.02538,0,0,0,3.555031E-06,0,0,3
4,21.03399,0,0,0,3.555031E-06,0,0,3
4,21.04126,0,0,0,3.555031E-06,0,0,3
4,21.04936,0,0,0,3.555031E-06,0,0,3
4,21.05584,0,0,0,3.555031E-06,0,0,3
4,21.06383,0,0,0,3.555031E-06,0,0,3
4,21.0713,0,0,0,3.555031E-06,0,0,3
4,21.07873,0,0,0,3.555031E-06,0,0,3
4,21.08805,0,0,0,3.555031E-06,0,0,3
4,21.09597,0,0,0,3.555031E-06,0,0,3
4,21.10338,0,0,0,3.555031E-06,0,0,3
4,21.11103,0,0,0,3.555031E-06,0,0,3
4,21.11827,0,0,0,3.555031E-06,0,0,3
4,21.12561,0,0,0,3.555031E-06,0,0,3
4,21.13296,0,0,0,3.555031E-06,0,0,3
4,21.14022,0,0,0,3.555031E-06,0,0,3
4,21.14739,0,0,0,3.555031E-06,0,0,3
4,21.15519,0,0,0,3.555031E-06,0,0,3
4,21.17904,0,0,0,3.555031E-06,0,0,3
4,21.18733,0,0,0,3.555031E-06,0,0,3
4,21.19624,0,0,0,3.555031E-06,0,0,3
4,21.20328,0,0,0,3.555031E-06,0,0,3
4,21.21132,0,0,0,3.555031E-06,0,0,3
4,21.21824,0,0,0,3.555031E-06,0,0,3
4,21.22491,0,0,0,3.555031E-06,0,0,3
4,21.23262,0,0,0,3.555031E-06,0,0,3
4,21.2398,0,0,0,3.555031E-06,0,0,3
4,21.24578,0,0,0,3.555031E-06,0,0,3
4,21.25335,0,0,0,3.555031E-06,0,0,3
4,21.25998,0,0,0,3.555031E-06,0,0,3
4,21.26711,0,0,0,3.555031E-06,0,0,3
4,21.27353,0,0,0,3.555031E-06,0,0,3
4,21.28099,0,0,0,3.555031E-06,0,0,3
4,21.28788,0,0,0,3.555031E-06,0,0,3
4,21.29522,0,0,0,3.555031E-06,0,0,3
4,21.3017,0,0,0,3.555031E-06,0,0,3
4,21.30796,0,0,0,3.555031E-06,0,0,3
4,21.32692,0,0,0,3.555031E-06,0,0,3
4,21.33326,0,0,0,3.555031E-06,0,0,3
4,21.33836,0,0,0,3.555031E-06,0,0,3
4,21.34393,0,0,0,3.555031E-06,0,0,3
4,21.35118,0,0,0,3.555031E-06,0,0,3
4,21.3576,0,0,0,3.555031E-06,0,0,3
4,21.36317,0,0,0,3.555031E-06,0,0,3
4,21.36999,0,0,0,3.555031E-06,0,0,3
4,21.37625,0,0,0,3.555031E-06,0,0,3
4,21.38163,0,0,0,3.555031E-06,0,0,3
4,21.38752,0,0,0,3.555031E-06,0,0,3
4,21.39396,0,0,0,3.555031E-06,0,0,3
4,21.39978,0,0,0,3.555031E-06,0,0,3
4,21.40655,0,0,0,3.555031E-06,0,0,3
4,21.41335,0,0,0,3.555031E-06,0,0,3
4,21.41964,0,0,0,3.555031E-06,0,0,3
4,21.42553,0,0,0,3.555031E-06,0,0,3
4,21.4318,0,0,0,3.555031E-06,0,0,3
4,21.4375,0,0,0,3.555031E-06,0,0,3
4,21.44277,0,0,0,3.555031E-06,0,0,3
4,21.44802,0,0,0,3.555031E-06,0,0,3
4,21.45341,0,0,0,3.555031E-06,0,0,3
4,21.46006,0,0,0,3.555031E-06,0,0,3
4,21.48358,0,0,0,3.555031E-06,0,0,3
4,21.49019,0,0,0,3.555031E-06,0,0,3
4,21.49492,0,0,0,3.555031E-06,0,0,3
4,21.5012,0,0,0,3.555031E-06,0,0,3
4,21.50676,0,0,0,3.555031E-06,0,0,3
4,21.51281,0,0,0,3.555031E-06,0,0,3
4,21.51838,0,0,0,3.555031E-06,0,0,3
4,21.52367,0,0,0,3.555031E-06,0,0,3
4,21.53091,0,0,0,3.555031E-06,0,0,3
4,21.53688,0,0,0,3.555031E-06,0,0,3
4,21.5427,0,0,0,3.555031E-06,0,0,3
4,21.54832,0,0,0,3.555031E-06,0,0,3
4,21.55467,0,0,0,3.555031E-06,0,0,3
4,21.56235,0,0,0,3.555031E-06,0,0,3
4,21.57021,0,0,0,3.555031E-06,0,0,3
4,21.5757,0,0,0,3.555031E-06,0,0,3
4,21.5806,0,0,0,3.555031E-06,0,0,3
4,21.58641,0,0,0,3.555031E-06,0,0,3
4,21.59216,0,0,0,3.555031E-06,0,0,3
4,21.59716,0,0,0,3.555031E-06,0,0,3
4,21.60268,0,0,0,3.555031E-06,0,0,3
4,21.60711,0,0,0,3.555031E-06,0,0,3
4,21.61231,0,0,0,3.555031E-06,0,0,3
4,21.63084,0,0,0,3.555031E-06,0,0,3
4,21.63715,0,0,0,3.555031E-06,0,0,3
4,21.64258,0,0,0,3.555031E-06,0,0,3
4,21.64822,0,0,0,3.555031E-06,0,0,3
4,21.65541,0,0,0,3.555031E-06,0,0,3
4,21.66202,0,0,0,3.555031E-06,0,0,3
4,21.66707,0,0,0,3.555031E-06,0,0,3
4,21.67245,0,0,0,3.555031E-06,0,0,3
4,21.679,0,0,0,3.555031E-06,0,0,3
4,21.68525,0,0,0,3.555031E-06,0,0,3
4,21.69271,0,0,0,3.555031E-06,0,0,3
4,21.69847,0,0,0,3.555031E-06,0,0,3
4,21.70437,0,0,0,3.555031E-06,0,0,3
4,21.71095,0,0,0,3.555031E-06,0,0,3
4,21.71766,0,0,0,3.555031E-06,0,0,3
4,21.72279,0,0,0,3.555031E-06,0,0,3
4,21.72886,0,0,0,3.555031E-06,0,0,3
4,21.73471,0,0,0,3.555031E-06,0,0,3
4,21.74023,0,0,0,3.555031E-06,0,0,3
4,21.74497,0,0,0,3.555031E-06,0,0,3
4,21.75087,0,0,0,3.555031E-06,0,0,3
4,21.75599,0,0,0,3.555031E-06,0,0,3
4,21.76277,0,0,0,3.555031E-06,0,0,3
4,21.78007,0,0,0,3.555031E-06,0,0,3
4,21.78683,0,0,0,3.555031E-06,0,0,3
4,21.79272,0,0,0,3.555031E-06,0,0,3
4,21.79913,0,0,0,3.555031E-06,0,0,3
4,21.80557,0,0,0,3.555031E-06,0,0,3
4,21.81227,0,0,0,3.555031E-06,0,0,3
4,21.8204,0,0,0,3.555031E-06,0,0,3
4,21.82637,0,0,0,3.555031E-06,0,0,3
4,21.83323,0,0,0,3.555031E-06,0,0,3
4,21.83886,0,0,0,3.555031E-06,0,0,3
4,21.84587,0,0,0,3.555031E-06,0,0,3
4,21.85144,0,0,0,3.555031E-06,0,0,3
4,21.85643,0,0,0,3.555031E-06,0,0,3
4,21.86264,0,0,0,3.555031E-06,0,0,3
4,21.86978,0,0,0,3.555031E-06,0,0,3
4,21.87639,0,0,0,3.555031E-06,0,0,3
4,21.88491,0,0,0,3.555031E-06,0,0,3
4,21.89237,0,0,0,3.555031E-06,0,0,3
4,21.90258,0,0,0,3.555031E-06,0,0,3
4,21.91139,0,0,0,3.555031E-06,0,0,3
4,21.91909,0,0,0,3.555031E-06,0,0,3
4,21.94326,0,0,0,3.555031E-06,0,0,3
4,21.95106,0,0,0,3.555031E-06,0,0,3
4,21.95819,0,0,0,3.555031E-06,0,0,3
4,21.96421,0,0,0,3.555031E-06,0,0,3
4,21.97274,0,0,0,3.555031E-06,0,0,3
4,21.98004,0,0,0,3.555031E-06,0,0,3
4,21.98709,0,0,0,3.555031E-06,0,0,3
4,21.99428,0,0,0,3.555031E-06,0,0,3
4,22.00187,0,0,0,3.555031E-06,0,0,3
4,22.01026,0,0,0,3.555031E-06,0,0,3
4,22.01808,0,0,0,3.555031E-06,0,0,3
4,22.02549,0,0,0,3.555031E-06,0,0,3
4,22.03387,0,0,0,3.555031E-06,0,0,3
4,22.04267,0,0,0,3.555031E-06,0,0,3
4,22.05127,0,0,0,3.555031E-06,0,0,3
4,22.05773,0,0,0,3.555031E-06,0,0,3
4,22.06524,0,0,0,3.555031E-06,0,0,3
4,22.07289,0,0,0,3.555031E-06,0,0,3
4,22.09555,0,0,0,3.555031E-06,0,0,3
4,22.10149,0,0,0,3.555031E-06,0,0,3
4,22.10948,0,0,0,3.555031E-06,0,0,3
4,22.11577,0,0,0,3.555031E-06,0,0,3
4,22.12315,0,0,0,3.555031E-06,0,0,3
4,22.12906,0,0,0,3.555031E-06,0,0,3
4,22.13607,0,0,0,3.555031E-06,0,0,3
4,22.14177,0,0,0,3.555031E-06,0,0,3
4,22.14833,0,0,0,3.555031E-06,0,0,3
4,22.15592,0,0,0,3.555031E-06,0,0,3
4,22.16214,0,0,0,3.555031E-06,0,0,3
4,22.16982,0,0,0,3.555031E-06,0,0,3
4,22.17587,0,0,0,3.555031E-06,0,0,3
4,22.18102,0,0,0,3.555031E-06,0,0,3
4,22.1879,0,0,0,3.555031E-06,0,0,3
4,22.1949,0,0,0,3.555031E-06,0,0,3
4,22.20153,0,0,0,3.555031E-06,0,0,3
4,22.20721,0,0,0,3.555031E-06,0,0,3
4,22.21358,0,0,0,3.555031E-06,0,0,3
4,22.22063,0,0,0,3.555031E-06,0,0,3
4,22.22696,0,0,0,3.555031E-06,0,0,3
4,22.24926,0,0,0,3.555031E-06,0,0,3
4,22.25626,0,0,0,3.555031E-06,0,0,3
4,22.26335,0,0,0,3.555031E-06,0,0,3
4,22.27292,0,0,0,3.555031E-06,0,0,3
4,22.27958,0,0,0,3.555031E-06,0,0,3
4,22.28975,0,0,0,3.555031E-06,0,0,3
4,22.2966,0,0,0,3.555031E-06,0,0,3
4,22.30268,0,0,0,3.555031E-06,0,0,3
4,22.31115,0,0,0,3.555031E-06,0,0,3
4,22.31809,0,0,0,3.555031E-06,0,0,3
4,22.32373,0,0,0,3.555031E-06,0,0,3
4,22.33195,0,0,0,3.555031E-06,0,0,3
4,22.33906,0,0,0,3.555031E-06,0,0,3
4,22.34662,0,0,0,3.555031E-06,0,0,3
4,22.3537,0,0,0,3.555031E-06,0,0,3
4,22.36014,0,0,0,3.555031E-06,0,0,3
4,22.36684,0,0,0,3.555031E-06,0,0,3
4,22.37402,0,0,0,3.555031E-06,0,0,3
4,22.38075,0,0,0,3.555031E-06,0,0,3
4,22.40695,0,0,0,3.555031E-06,0,0,3
4,22.4149,0,0,0,3.555031E-06,0,0,3
4,22.42264,0,0,0,3.555031E-06,0,0,3
4,22.4377,0,0,0,3.555031E-06,0,0,3
4,22.44667,0,0,0,3.555031E-06,0,0,3
4,22.45414,0,0,0,3.555031E-06,0,0,3
4,22.46127,0,0,0,3.555031E-06,0,0,3
4,22.46993,0,0,0,3.555031E-06,0,0,3
4,22.47607,0,0,0,3.555031E-06,0,0,3
4,22.48346,0,0,0,3.555031E-06,0,0,3
4,22.48975,0,0,0,3.555031E-06,0,0,3
4,22.50846,0,0,0,3.555031E-06,0,0,3
4,22.51645,0,0,0,3.555031E-06,0,0,3
4,22.52327,0,0,0,3.555031E-06,0,0,3
4,22.53113,0,0,0,3.555031E-06,0,0,3
4,22.53851,0,0,0,3.555031E-06,0,0,3
4,22.56059,0,0,0,3.555031E-06,0,0,3
4,22.56601,0,0,0,3.555031E-06,0,0,3
4,22.5717,0,0,0,3.555031E-06,0,0,3
4,22.57911,0,0,0,3.555031E-06,0,0,3
4,22.58625,0,0,0,3.555031E-06,0,0,3
4,22.59271,0,0,0,3.555031E-06,0,0,3
4,22.59777,0,0,0,3.555031E-06,0,0,3
4,22.6023,0,0,0,3.555031E-06,0,0,3
4,22.60923,0,0,0,3.555031E-06,0,0,3
4,22.61489,0,0,0,3.555031E-06,0,0,3
4,22.62007,0,0,0,3.555031E-06,0,0,3
4,22.62606,0,0,0,3.555031E-06,0,0,3
4,22.63128,0,0,0,3.555031E-06,0,0,3
4,22.63719,0,0,0,3.555031E-06,0,0,3
4,22.64278,0,0,0,3.555031E-06,0,0,3
4,22.64891,0,0,0,3.555031E-06,0,0,3
4,22.65507,0,0,0,3.555031E-06,0,0,3
4,22.66074,0,0,0,3.555031E-06,0,0,3
4,22.66659,0,0,0,3.555031E-06,0,0,3
4,22.67311,0,0,0,3.555031E-06,0,0,3
4,22.67904,0,0,0,3.555031E-06,0,0,3
4,22.68465,0,0,0,3.555031E-06,0,0,3
4,22.69163,0,0,0,3.555031E-06,0,0,3
4,22.712,0,0,0,3.555031E-06,0,0,3
4,22.71832,0,0,0,3.555031E-06,0,0,3
4,22.72332,0,0,0,3.555031E-06,0,0,3
4,22.72822,0,0,0,3.555031E-06,0,0,3
4,22.73417,0,0,0,3.555031E-06,0,0,3
4,22.73959,0,0,0,3.555031E-06,0,0,3
4,22.74437,0,0,0,3.555031E-06,0,0,3
4,22.7499,0,0,0,3.555031E-06,0,0,3
4,22.75611,0,0,0,3.555031E-06,0,0,3
4,22.76056,0,0,0,3.555031E-06,0,0,3
4,22.76567,0,0,0,3.555031E-06,0,0,3
4,22.77108,0,0,0,3.555031E-06,0,0,3
4,22.77623,0,0,0,3.555031E-06,0,0,3
4,22.78292,0,0,0,3.555031E-06,0,0,3
4,22.7895,0,0,0,3.555031E-06,0,0,3
4,22.79627,0,0,0,3.555031E-06,0,0,3
4,22.80134,0,0,0,3.555031E-06,0,0,3
4,22.80765,0,0,0,3.555031E-06,0,0,3
4,22.81423,0,0,0,3.555031E-06,0,0,3
4,22.82052,0,0,0,3.555031E-06,0,0,3
4,22.82657,0,0,0,3.555031E-06,0,0,3
4,22.83265,0,0,0,3.555031E-06,0,0,3
4,22.83877,0,0,0,3.555031E-06,0,0,3
4,22.84493,0,0,0,3.555031E-06,0,0,3
4,22.85971,0,0,0,3.555031E-06,0,0,3
4,22.86446,0,0,0,3.555031E-06,0,0,3
4,22.86988,0,0,0,3.555031E-06,0,0,3
4,22.87539,0,0,0,3.555031E-06,0,0,3
4,22.87994,0,0,0,3.555031E-06,0,0,3
4,22.88535,0,0,0,3.555031E-06,0,0,3
4,22.89135,0,0,0,3.555031E-06,0,0,3
4,22.89759,0,0,0,3.555031E-06,0,0,3
4,22.90295,0,0,0,3.555031E-06,0,0,3
4,22.91066,0,0,0,3.555031E-06,0,0,3
4,22.91669,0,0,0,3.555031E-06,0,0,3
4,22.92204,0,0,0,3.555031E-06,0,0,3
4,22.92753,0,0,0,3.555031E-06,0,0,3
4,22.93449,0,0,0,3.555031E-06,0,0,3
4,22.94157,0,0,0,3.555031E-06,0,0,3
4,22.94766,0,0,0,3.555031E-06,0,0,3
4,22.95455,0,0,0,3.555031E-06,0,0,3
4,22.96057,0,0,0,3.555031E-06,0,0,3
4,22.96947,0,0,0,3.555031E-06,0,0,3
4,22.97648,0,0,0,3.555031E-06,0,0,3
4,22.98323,0,0,0,3.555031E-06,0,0,3
4,22.99032,0,0,0,3.555031E-06,0,0,3
4,22.99748,0,0,0,3.555031E-06,0,0,3
4,23.01692,0,0,0,3.555031E-06,0,0,3
4,23.02255,0,0,0,3.555031E-06,0,0,3
4,23.03503,0,0,0,3.555031E-06,0,0,3
4,23.05327,0,0,0,3.555031E-06,0,0,3
4,23.0595,0,0,0,3.555031E-06,0,0,3
4,23.06566,0,0,0,3.555031E-06,0,0,3
4,23.07233,0,0,0,3.555031E-06,0,0,3
4,23.07943,0,0,0,3.555031E-06,0,0,3
4,23.08616,0,0,0,3.555031E-06,0,0,3
4,23.09543,0,0,0,3.555031E-06,0,0,3
4,23.10279,0,0,0,3.555031E-06,0,0,3
4,23.10968,0,0,0,3.555031E-06,0,0,3
4,23.11676,0,0,0,3.555031E-06,0,0,3
4,23.12281,0,0,0,3.555031E-06,0,0,3
4,23.12996,0,0,0,3.555031E-06,0,0,3
4,23.13671,0,0,0,3.555031E-06,0,0,3
4,23.14289,0,0,0,3.555031E-06,0,0,3
4,23.15007,0,0,0,3.555031E-06,0,0,3
4,23.17368,0,0,0,3.555031E-06,0,0,3
4,23.18303,0,0,0,3.555031E-06,0,0,3
4,23.19075,0,0,0,3.555031E-06,0,0,3
4,23.19716,0,0,0,3.555031E-06,0,0,3
4,23.20335,0,0,0,3.555031E-06,0,0,3
4,23.21157,0,0,0,3.555031E-06,0,0,3
4,23.21892,0,0,0,3.555031E-06,0,0,3
4,23.22615,0,0,0,3.555031E-06,0,0,3
4,23.23287,0,0,0,3.555031E-06,0,0,3
4,23.23956,0,0,0,3.555031E-06,0,0,3
4,23.24618,0,0,0,3.555031E-06,0,0,3
4,23.25391,0,0,0,3.555031E-06,0,0,3
4,23.26091,0,0,0,3.555031E-06,0,0,3
4,23.2676,0,0,0,3.555031E-06,0,0,3
4,23.27481,0,0,0,3.555031E-06,0,0,3
4,23.28303,0,0,0,3.555031E-06,0,0,3
4,23.29139,0,0,0,3.555031E-06,0,0,3
4,23.29815,0,0,0,3.555031E-06,0,0,3
4,23.30595,0,0,0,3.555031E-06,0,0,3
4,23.33102,0,0,0,3.555031E-06,0,0,3
4,23.3382,0,0,0,3.555031E-06,0,0,3
4,23.34462,0,0,0,3.555031E-06,0,0,3
4,23.3522,0,0,0,3.555031E-06,0,0,3
4,23.35833,0,0,0,3.555031E-06,0,0,3
4,23.36415,0,0,0,3.555031E-06,0,0,3
4,23.37059,0,0,0,3.555031E-06,0,0,3
4,23.37711,0,0,0,3.555031E-06,0,0,3
4,23.38387,0,0,0,3.555031E-06,0,0,3
4,23.39115,0,0,0,3.555031E-06,0,0,3
4,23.3978,0,0,0,3.555031E-06,0,0,3
4,23.40404,0,0,0,3.555031E-06,0,0,3
4,23.41236,0,0,0,3.555031E-06,0,0,3
4,23.41898,0,0,0,3.555031E-06,0,0,3
4,23.42694,0,0,0,3.555031E-06,0,0,3
4,23.43419,0,0,0,3.555031E-06,0,0,3
4,23.44133,0,0,0,3.555031E-06,0,0,3
4,23.44781,0,0,0,3.555031E-06,0,0,3
4,23.45474,0,0,0,3.555031E-06,0,0,3
4,23.46147,0,0,0,3.555031E-06,0,0,3
4,23.48446,0,0,0,3.555031E-06,0,0,3
4,23.49153,0,0,0,3.555031E-06,0,0,3
4,23.49785,0,0,0,3.555031E-06,0,0,3
4,23.5053,0,0,0,3.555031E-06,0,0,3
4,23.5128,0,0,0,3.555031E-06,0,0,3
4,23.51963,0,0,0,3.555031E-06,0,0,3
4,23.52644,0,0,0,3.555031E-06,0,0,3
4,23.53735,0,0,0,3.555031E-06,0,0,3
4,23.54477,0,0,0,3.555031E-06,0,0,3
4,23.55165,0,0,0,3.555031E-06,0,0,3
4,23.55797,0,0,0,3.555031E-06,0,0,3
4,23.56545,0,0,0,3.555031E-06,0,0,3
4,23.57244,0,0,0,3.555031E-06,0,0,3
4,23.5793,0,0,0,3.555031E-06,0,0,3
4,23.58565,0,0,0,3.555031E-06,0,0,3
4,23.59289,0,0,0,3.555031E-06,0,0,3
4,23.60015,0,0,0,3.555031E-06,0,0,3
4,23.60736,0,0,0,3.555031E-06,0,0,3
4,23.61566,0,0,0,3.555031E-06,0,0,3
4,23.64104,0,0,0,3.555031E-06,0,0,3
4,23.64814,0,0,0,3.555031E-06,0,0,3
4,23.65651,0,0,0,3.555031E-06,0,0,3
4,23.66346,0,0,0,3.555031E-06,0,0,3
4,23.67164,0,0,0,3.555031E-06,0,0,3
4,23.67882,0,0,0,3.555031E-06,0,0,3
4,23.68725,0,0,0,3.555031E-06,0,0,3
4,23.69471,0,0,0,3.555031E-06,0,0,3
4,23.70387,0,0,0,3.555031E-06,0,0,3
4,23.71169,0,0,0,3.555031E-06,0,0,3
4,23.72037,0,0,0,3.555031E-06,0,0,3
4,23.72815,0,0,0,3.555031E-06,0,0,3
4,23.73592,0,0,0,3.555031E-06,0,0,3
4,23.74256,0,0,0,3.555031E-06,0,0,3
4,23.7499,0,0,0,3.555031E-06,0,0,3
4,23.75705,0,0,0,3.555031E-06,0,0,3
4,23.76438,0,0,0,3.555031E-06,0,0,3
4,23.77178,0,0,0,3.555031E-06,0,0,3
4,23.79384,0,0,0,3.555031E-06,0,0,3
4,23.79973,0,0,0,3.555031E-06,0,0,3
4,23.80616,0,0,0,3.555031E-06,0,0,3
4,23.81329,0,0,0,3.555031E-06,0,0,3
4,23.81912,0,0,0,3.555031E-06,0,0,3
4,23.8262,0,0,0,3.555031E-06,0,0,3
4,23.8331,0,0,0,3.555031E-06,0,0,3
4,23.83952,0,0,0,3.555031E-06,0,0,3
4,23.8457,0,0,0,3.555031E-06,0,0,3
4,23.8519,0,0,0,3.555031E-06,0,0,3
4,23.85905,0,0,0,3.555031E-06,0,0,3
4,23.86471,0,0,0,3.555031E-06,0,0,3
4,23.87218,0,0,0,3.555031E-06,0,0,3
4,23.87814,0,0,0,3.555031E-06,0,0,3
4,23.88349,0,0,0,3.555031E-06,0,0,3
4,23.88998,0,0,0,3.555031E-06,0,0,3
4,23.89544,0,0,0,3.555031E-06,0,0,3
4,23.90112,0,0,0,3.555031E-06,0,0,3
4,23.90837,0,0,0,3.555031E-06,0,0,3
4,23.915,0,0,0,3.555031E-06,0,0,3
4,23.92234,0,0,0,3.555031E-06,0,0,3
4,23.94176,0,0,0,3.555031E-06,0,0,3
4,23.94784,0,0,0,3.555031E-06,0,0,3
4,23.95456,0,0,0,3.555031E-06,0,0,3
4,23.9605,0,0,0,3.555031E-06,0,0,3
4,23.96721,0,0,0,3.555031E-06,0,0,3
4,23.97456,0,0,0,3.555031E-06,0,0,3
4,23.98249,0,0,0,3.555031E-06,0,0,3
4,23.98977,0,0,0,3.555031E-06,0,0,3
4,23.99665,0,0,0,3.555031E-06,0,0,3
4,24.00315,0,0,0,3.555031E-06,0,0,3
4,24.01031,0,0,0,3.555031E-06,0,0,3
4,24.01736,0,0,0,3.555031E-06,0,0,3
4,24.02461,0,0,0,3.555031E-06,0,0,3
4,24.03215,0,0,0,3.555031E-06,0,0,3
4,24.03805,0,0,0,3.555031E-06,0,0,3
4,24.04371,0,0,0,3.555031E-06,0,0,3
4,24.04998,0,0,0,3.555031E-06,0,0,3
4,24.05519,0,0,0,3.555031E-06,0,0,3
4,24.06155,0,0,0,3.555031E-06,0,0,3
4,24.06729,0,0,0,3.555031E-06,0,0,3
4,24.07376,0,0,0,3.555031E-06,0,0,3
4,24.09833,0,0,0,3.555031E-06,0,0,3
4,24.1048,0,0,0,3.555031E-06,0,0,3
4,24.11125,0,0,0,3.555031E-06,0,0,3
4,24.11706,0,0,0,3.555031E-06,0,0,3
4,24.12281,0,0,0,3.555031E-06,0,0,3
4,24.12854,0,0,0,3.555031E-06,0,0,3
4,24.13433,0,0,0,3.555031E-06,0,0,3
4,24.14157,0,0,0,3.555031E-06,0,0,3
4,24.14726,0,0,0,3.555031E-06,0,0,3
4,24.15416,0,0,0,3.555031E-06,0,0,3
4,24.16042,0,0,0,3.555031E-06,0,0,3
4,24.16656,0,0,0,3.555031E-06,0,0,3
4,24.17361,0,0,0,3.555031E-06,0,0,3
4,24.17992,0,0,0,3.555031E-06,0,0,3
4,24.18643,0,0,0,3.555031E-06,0,0,3
4,24.19265,0,0,0,3.555031E-06,0,0,3
4,24.19871,0,0,0,3.555031E-06,0,0,3
4,24.20488,0,0,0,3.555031E-06,0,0,3
4,24.21131,0,0,0,3.555031E-06,0,0,3
4,24.21634,0,0,0,3.555031E-06,0,0,3
4,24.22202,0,0,0,3.555031E-06,0,0,3
4,24.22765,0,0,0,3.555031E-06,0,0,3
4,24.24657,0,0,0,3.555031E-06,0,0,3
4,24.25358,0,0,0,3.555031E-06,0,0,3
4,24.25881,0,0,0,3.555031E-06,0,0,3
4,24.26445,0,0,0,3.555031E-06,0,0,3
4,24.2697,0,0,0,3.555031E-06,0,0,3
4,24.2751,0,0,0,3.555031E-06,0,0,3
4,24.28144,0,0,0,3.555031E-06,0,0,3
4,24.28739,0,0,0,3.555031E-06,0,0,3
4,24.29527,0,0,0,3.555031E-06,0,0,3
4,24.30278,0,0,0,3.555031E-06,0,0,3
4,24.31028,0,0,0,3.555031E-06,0,0,3
4,24.31724,0,0,0,3.555031E-06,0,0,3
4,24.32543,0,0,0,3.555031E-06,0,0,3
4,24.332,0,0,0,3.555031E-06,0,0,3
4,24.33803,0,0,0,3.555031E-06,0,0,3
4,24.34575,0,0,0,3.555031E-06,0,0,3
4,24.35189,0,0,0,3.555031E-06,0,0,3
4,24.35826,0,0,0,3.555031E-06,0,0,3
4,24.36509,0,0,0,3.555031E-06,0,0,3
4,24.37181,0,0,0,3.555031E-06,0,0,3
4,24.37806,0,0,0,3.555031E-06,0,0,3
4,24.40077,0,0,0,3.555031E-06,0,0,3
4,24.40905,0,0,0,3.555031E-06,0,0,3
4,24.41611,0,0,0,3.555031E-06,0,0,3
4,24.42369,0,0,0,3.555031E-06,0,0,3
4,24.43185,0,0,0,3.555031E-06,0,0,3
4,24.44063,0,0,0,3.555031E-06,0,0,3
4,24.44717,0,0,0,3.555031E-06,0,0,3
4,24.45419,0,0,0,3.555031E-06,0,0,3
4,24.46102,0,0,0,3.555031E-06,0,0,3
4,24.46824,0,0,0,3.555031E-06,0,0,3
4,24.47551,0,0,0,3.555031E-06,0,0,3
4,24.48388,0,0,0,3.555031E-06,0,0,3
4,24.49115,0,0,0,3.555031E-06,0,0,3
4,24.49901,0,0,0,3.555031E-06,0,0,3
4,24.5059,0,0,0,3.555031E-06,0,0,3
4,24.51393,0,0,0,3.555031E-06,0,0,3
4,24.52149,0,0,0,3.555031E-06,0,0,3
4,24.52901,0,0,0,3.555031E-06,0,0,3
4,24.55442,0,0,0,3.555031E-06,0,0,3
4,24.56196,0,0,0,3.555031E-06,0,0,3
4,24.5703,0,0,0,3.555031E-06,0,0,3
4,24.57779,0,0,0,3.555031E-06,0,0,3
4,24.58465,0,0,0,3.555031E-06,0,0,3
4,24.59306,0,0,0,3.555031E-06,0,0,3
4,24.6005,0,0,0,3.555031E-06,0,0,3
4,24.60789,0,0,0,3.555031E-06,0,0,3
4,24.61454,0,0,0,3.555031E-06,0,0,3
4,24.62127,0,0,0,3.555031E-06,0,0,3
4,24.62955,0,0,0,3.555031E-06,0,0,3
4,24.63598,0,0,0,3.555031E-06,0,0,3
4,24.64415,0,0,0,3.555031E-06,0,0,3
4,24.65153,0,0,0,3.555031E-06,0,0,3
4,24.65803,0,0,0,3.555031E-06,0,0,3
4,24.66354,0,0,0,3.555031E-06,0,0,3
4,24.67089,0,0,0,3.555031E-06,0,0,3
4,24.67707,0,0,0,3.555031E-06,0,0,3
4,24.68341,0,0,0,3.555031E-06,0,0,3
4,24.70765,0,0,0,3.555031E-06,0,0,3
4,24.71484,0,0,0,3.555031E-06,0,0,3
4,24.72232,0,0,0,3.555031E-06,0,0,3
4,24.72893,0,0,0,3.555031E-06,0,0,3
4,24.73556,0,0,0,3.555031E-06,0,0,3
4,24.74182,0,0,0,3.555031E-06,0,0,3
4,24.74902,0,0,0,3.555031E-06,0,0,3
4,24.75657,0,0,0,3.555031E-06,0,0,3
4,24.76423,0,0,0,3.555031E-06,0,0,3
4,24.77133,0,0,0,3.555031E-06,0,0,3
4,24.77782,0,0,0,3.555031E-06,0,0,3
4,24.78437,0,0,0,3.555031E-06,0,0,3
4,24.79133,0,0,0,3.555031E-06,0,0,3
4,24.79706,0,0,0,3.555031E-06,0,0,3
4,24.80286,0,0,0,3.555031E-06,0,0,3
4,24.81016,0,0,0,3.555031E-06,0,0,3
4,24.81639,0,0,0,3.555031E-06,0,0,3
4,24.82262,0,0,0,3.555031E-06,0,0,3
4,24.83014,0,0,0,3.555031E-06,0,0,3
4,24.83735,0,0,0,3.555031E-06,0,0,3
4,24.86447,0,0,0,3.555031E-06,0,0,3
4,24.87275,0,0,0,3.555031E-06,0,0,3
4,24.87916,0,0,0,3.555031E-06,0,0,3
4,24.88597,0,0,0,3.555031E-06,0,0,3
4,24.89397,0,0,0,3.555031E-06,0,0,3
4,24.90038,0,0,0,3.555031E-06,0,0,3
4,24.90764,0,0,0,3.555031E-06,0,0,3
4,24.91504,0,0,0,3.555031E-06,0,0,3
4,24.92173,0,0,0,3.555031E-06,0,0,3
4,24.92904,0,0,0,3.555031E-06,0,0,3
4,24.93638,0,0,0,3.555031E-06,0,0,3
4,24.94253,0,0,0,3.555031E-06,0,0,3
4,24.94924,0,0,0,3.555031E-06,0,0,3
4,24.95636,0,0,0,3.555031E-06,0,0,3
4,24.96272,0,0,0,3.555031E-06,0,0,3
4,24.97185,0,0,0,3.555031E-06,0,0,3
4,24.97925,0,0,0,3.555031E-06,0,0,3
4,24.98568,0,0,0,3.555031E-06,0,0,3
4,24.99228,0,0,0,3.555031E-06,0,0,3
4,25.0181,0,0,0,3.555031E-06,0,0,3
4,25.02651,0,0,0,3.555031E-06,0,0,3
4,25.03421,0,0,0,3.555031E-06,0,0,3
4,25.04074,0,0,0,3.555031E-06,0,0,3
4,25.0483,0,0,0,3.555031E-06,0,0,3
4,25.05529,0,0,0,3.555031E-06,0,0,3
4,25.06205,0,0,0,3.555031E-06,0,0,3
4,25.07012,0,0,0,3.555031E-06,0,0,3
4,25.07838,0,0,0,3.555031E-06,0,0,3
4,25.08448,0,0,0,3.555031E-06,0,0,3
4,25.09265,0,0,0,3.555031E-06,0,0,3
4,25.09916,0,0,0,3.555031E-06,0,0,3
4,25.10614,0,0,0,3.555031E-06,0,0,3
4,25.11232,0,0,0,3.555031E-06,0,0,3
4,25.11793,0,0,0,3.555031E-06,0,0,3
4,25.12355,0,0,0,3.555031E-06,0,0,3
4,25.12806,0,0,0,3.555031E-06,0,0,3
4,25.13395,0,0,0,3.555031E-06,0,0,3
4,25.13973,0,0,0,3.555031E-06,0,0,3
4,25.14443,0,0,0,3.555031E-06,0,0,3
4,25.16257,0,0,0,3.555031E-06,0,0,3
4,25.16879,0,0,0,3.555031E-06,0,0,3
4,25.17508,0,0,0,3.555031E-06,0,0,3
4,25.1806,0,0,0,3.555031E-06,0,0,3
4,25.18688,0,0,0,3.555031E-06,0,0,3
4,25.19271,0,0,0,3.555031E-06,0,0,3
4,25.19818,0,0,0,3.555031E-06,0,0,3
4,25.20517,0,0,0,3.555031E-06,0,0,3
4,25.21346,0,0,0,3.555031E-06,0,0,3
4,25.22034,0,0,0,3.555031E-06,0,0,3
4,25.22751,0,0,0,3.555031E-06,0,0,3
4,25.2337,0,0,0,3.555031E-06,0,0,3
4,25.23932,0,0,0,3.555031E-06,0,0,3
4,25.24488,0,0,0,3.555031E-06,0,0,3
4,25.251,0,0,0,3.555031E-06,0,0,3
4,25.25709,0,0,0,3.555031E-06,0,0,3
4,25.26388,0,0,0,3.555031E-06,0,0,3
4,25.27042,0,0,0,3.555031E-06,0,0,3
4,25.27726,0,0,0,3.555031E-06,0,0,3
4,25.28341,0,0,0,3.555031E-06,0,0,3
4,25.2895,0,0,0,3.555031E-06,0,0,3
4,25.29577,0,0,0,3.555031E-06,0,0,3
4,25.32152,0,0,0,3.555031E-06,0,0,3
4,25.32875,0,0,0,3.555031E-06,0,0,3
4,25.33554,0,0,0,3.555031E-06,0,0,3
4,25.34217,0,0,0,3.555031E-06,0,0,3
4,25.34697,0,0,0,3.555031E-06,0,0,3
4,25.3524,0,0,0,3.555031E-06,0,0,3
4,25.3578,0,0,0,3.555031E-06,0,0,3
4,25.36281,0,0,0,3.555031E-06,0,0,3
4,25.36969,0,0,0,3.555031E-06,0,0,3
4,25.37592,0,0,0,3.555031E-06,0,0,3
4,25.38164,0,0,0,3.555031E-06,0,0,3
4,25.38767,0,0,0,3.555031E-06,0,0,3
4,25.39325,0,0,0,3.555031E-06,0,0,3
4,25.39805,0,0,0,3.555031E-06,0,0,3
4,25.40342,0,0,0,3.555031E-06,0,0,3
4,25.40963,0,0,0,3.555031E-06,0,0,3
4,25.41473,0,0,0,3.555031E-06,0,0,3
4,25.42081,0,0,0,3.555031E-06,0,0,3
4,25.42639,0,0,0,3.555031E-06,0,0,3
4,25.43164,0,0,0,3.555031E-06,0,0,3
4,25.43727,0,0,0,3.555031E-06,0,0,3
4,25.44381,0,0,0,3.555031E-06,0,0,3
4,25.45047,0,0,0,3.555031E-06,0,0,3
4,25.47043,0,0,0,3.555031E-06,0,0,3
4,25.47786,0,0,0,3.555031E-06,0,0,3
4,25.48404,0,0,0,3.555031E-06,0,0,3
4,25.48994,0,0,0,3.555031E-06,0,0,3
4,25.50241,0,0,0,3.555031E-06,0,0,3
4,25.52018,0,0,0,3.555031E-06,0,0,3
4,25.52683,0,0,0,3.555031E-06,0,0,3
4,25.53316,0,0,0,3.555031E-06,0,0,3
4,25.539,0,0,0,3.555031E-06,0,0,3
4,25.54447,0,0,0,3.555031E-06,0,0,3
4,25.54982,0,0,0,3.555031E-06,0,0,3
4,25.55498,0,0,0,3.555031E-06,0,0,3
4,25.56067,0,0,0,3.555031E-06,0,0,3
4,25.56647,0,0,0,3.555031E-06,0,0,3
4,25.57201,0,0,0,3.555031E-06,0,0,3
4,25.57946,0,0,0,3.555031E-06,0,0,3
4,25.58674,0,0,0,3.555031E-06,0,0,3
4,25.59452,0,0,0,3.555031E-06,0,0,3
4,25.60064,0,0,0,3.555031E-06,0,0,3
4,25.62051,0,0,0,3.555031E-06,0,0,3
4,25.6273,0,0,0,3.555031E-06,0,0,3
4,25.63364,0,0,0,3.555031E-06,0,0,3
4,25.64153,0,0,0,3.555031E-06,0,0,3
4,25.64753,0,0,0,3.555031E-06,0,0,3
4,25.65444,0,0,0,3.555031E-06,0,0,3
4,25.66153,0,0,0,3.555031E-06,0,0,3
4,25.66775,0,0,0,3.555031E-06,0,0,3
4,25.6743,0,0,0,3.555031E-06,0,0,3
4,25.68138,0,0,0,3.555031E-06,0,0,3
4,25.68984,0,0,0,3.555031E-06,0,0,3
4,25.69726,0,0,0,3.555031E-06,0,0,3
4,25.70452,0,0,0,3.555031E-06,0,0,3
4,25.71126,0,0,0,3.555031E-06,0,0,3
4,25.71872,0,0,0,3.555031E-06,0,0,3
4,25.7269,0,0,0,3.555031E-06,0,0,3
4,25.73475,0,0,0,3.555031E-06,0,0,3
4,25.74156,0,0,0,3.555031E-06,0,0,3
4,25.74978,0,0,0,3.555031E-06,0,0,3
4,25.75811,0,0,0,3.555031E-06,0,0,3
4,25.7838,0,0,0,3.555031E-06,0,0,3
4,25.79133,0,0,0,3.555031E-06,0,0,3
4,25.7993,0,0,0,3.555031E-06,0,0,3
4,25.80582,0,0,0,3.555031E-06,0,0,3
4,25.8131,0,0,0,3.555031E-06,0,0,3
4,25.82034,0,0,0,3.555031E-06,0,0,3
4,25.82743,0,0,0,3.555031E-06,0,0,3
4,25.83609,0,0,0,3.555031E-06,0,0,3
4,25.84272,0,0,0,3.555031E-06,0,0,3
4,25.84965,0,0,0,3.555031E-06,0,0,3
4,25.85616,0,0,0,3.555031E-06,0,0,3
4,25.86415,0,0,0,3.555031E-06,0,0,3
4,25.87162,0,0,0,3.555031E-06,0,0,3
4,25.89114,0,0,0,3.555031E-06,0,0,3
4,25.89724,0,0,0,3.555031E-06,0,0,3
4,25.90291,0,0,0,3.555031E-06,0,0,3
4,25.91087,0,0,0,3.555031E-06,0,0,3
4,25.93322,0,0,0,3.555031E-06,0,0,3
4,25.94109,0,0,0,3.555031E-06,0,0,3
4,25.94783,0,0,0,3.555031E-06,0,0,3
4,25.9542,0,0,0,3.555031E-06,0,0,3
4,25.96124,0,0,0,3.555031E-06,0,0,3
4,25.96785,0,0,0,3.555031E-06,0,0,3
4,25.97618,0,0,0,3.555031E-06,0,0,3
4,25.98357,0,0,0,3.555031E-06,0,0,3
4,25.9906,0,0,0,3.555031E-06,0,0,3
4,25.99656,0,0,0,3.555031E-06,0,0,3
4,26.00257,0,0,0,3.555031E-06,0,0,3
4,26.00959,0,0,0,3.555031E-06,0,0,3
4,26.01625,0,0,0,3.555031E-06,0,0,3
4,26.02312,0,0,0,3.555031E-06,0,0,3
4,26.03138,0,0,0,3.555031E-06,0,0,3
4,26.03687,0,0,0,3.555031E-06,0,0,3
4,26.04296,0,0,0,3.555031E-06,0,0,3
4,26.05001,0,0,0,3.555031E-06,0,0,3
4,26.05715,0,0,0,3.555031E-06,0,0,3
4,26.06527,0,0,0,3.555031E-06,0,0,3
4,26.09349,0,0,0,3.555031E-06,0,0,3
4,26.10057,0,0,0,3.555031E-06,0,0,3
4,26.10777,0,0,0,3.555031E-06,0,0,3
4,26.11448,0,0,0,3.555031E-06,0,0,3
4,26.12223,0,0,0,3.555031E-06,0,0,3
4,26.12927,0,0,0,3.555031E-06,0,0,3
4,26.13591,0,0,0,3.555031E-06,0,0,3
4,26.14295,0,0,0,3.555031E-06,0,0,3
4,26.14988,0,0,0,3.555031E-06,0,0,3
4,26.15704,0,0,0,3.555031E-06,0,0,3
4,26.1638,0,0,0,3.555031E-06,0,0,3
4,26.17091,0,0,0,3.555031E-06,0,0,3
4,26.17736,0,0,0,3.555031E-06,0,0,3
4,26.1848,0,0,0,3.555031E-06,0,0,3
4,26.19233,0,0,0,3.555031E-06,0,0,3
4,26.1987,0,0,0,3.555031E-06,0,0,3
4,26.20486,0,0,0,3.555031E-06,0,0,3
4,26.21238,0,0,0,3.555031E-06,0,0,3
4,26.22158,0,0,0,3.555031E-06,0,0,3
4,26.24578,0,0,0,3.555031E-06,0,0,3
4,26.25395,0,0,0,3.555031E-06,0,0,3
4,26.26101,0,0,0,3.555031E-06,0,0,3
4,26.26729,0,0,0,3.555031E-06,0,0,3
4,26.2738,0,0,0,3.555031E-06,0,0,3
4,26.28038,0,0,0,3.555031E-06,0,0,3
4,26.28651,0,0,0,3.555031E-06,0,0,3
4,26.29276,0,0,0,3.555031E-06,0,0,3
4,26.30182,0,0,0,3.555031E-06,0,0,3
4,26.31511,0,0,0,3.555031E-06,0,0,3
4,26.32279,0,0,0,3.555031E-06,0,0,3
4,26.3295,0,0,0,3.555031E-06,0,0,3
4,26.33659,0,0,0,3.555031E-06,0,0,3
4,26.34332,0,0,0,3.555031E-06,0,0,3
4,26.35057,0,0,0,3.555031E-06,0,0,3
4,26.35656,0,0,0,3.555031E-06,0,0,3
4,26.36357,0,0,0,3.555031E-06,0,0,3
4,26.37018,0,0,0,3.555031E-06,0,0,3
4,26.37628,0,0,0,3.555031E-06,0,0,3
4,26.39704,0,0,0,3.555031E-06,0,0,3
4,26.40364,0,0,0,3.555031E-06,0,0,3
4,26.40982,0,0,0,3.555031E-06,0,0,3
4,26.41584,0,0,0,3.555031E-06,0,0,3
4,26.42386,0,0,0,3.555031E-06,0,0,3
4,26.43158,0,0,0,3.555031E-06,0,0,3
4,26.44064,0,0,0,3.555031E-06,0,0,3
4,26.44624,0,0,0,3.555031E-06,0,0,3
4,26.45292,0,0,0,3.555031E-06,0,0,3
4,26.45995,0,0,0,3.555031E-06,0,0,3
4,26.46731,0,0,0,3.555031E-06,0,0,3
4,26.47449,0,0,0,3.555031E-06,0,0,3
4,26.48146,0,0,0,3.555031E-06,0,0,3
4,26.4877,0,0,0,3.555031E-06,0,0,3
4,26.49405,0,0,0,3.555031E-06,0,0,3
4,26.50108,0,0,0,3.555031E-06,0,0,3
4,26.5063,0,0,0,3.555031E-06,0,0,3
4,26.51159,0,0,0,3.555031E-06,0,0,3
4,26.51713,0,0,0,3.555031E-06,0,0,3
4,26.52361,0,0,0,3.555031E-06,0,0,3
4,26.53014,0,0,0,3.555031E-06,0,0,3
4,26.55126,0,0,0,3.555031E-06,0,0,3
4,26.55764,0,0,0,3.555031E-06,0,0,3
4,26.56425,0,0,0,3.555031E-06,0,0,3
4,26.56997,0,0,0,3.555031E-06,0,0,3
4,26.57621,0,0,0,3.555031E-06,0,0,3
4,26.58221,0,0,0,3.555031E-06,0,0,3
4,26.58773,0,0,0,3.555031E-06,0,0,3
4,26.59453,0,0,0,3.555031E-06,0,0,3
4,26.60186,0,0,0,3.555031E-06,0,0,3
4,26.60942,0,0,0,3.555031E-06,0,0,3
4,26.61641,0,0,0,3.555031E-06,0,0,3
4,26.62137,0,0,0,3.555031E-06,0,0,3
4,26.62729,0,0,0,3.555031E-06,0,0,3
4,26.63229,0,0,0,3.555031E-06,0,0,3
4,26.63755,0,0,0,3.555031E-06,0,0,3
4,26.64326,0,0,0,3.555031E-06,0,0,3
4,26.64903,0,0,0,3.555031E-06,0,0,3
4,26.65422,0,0,0,3.555031E-06,0,0,3
4,26.6597,0,0,0,3.555031E-06,0,0,3
4,26.66485,0,0,0,3.555031E-06,0,0,3
4,26.67028,0,0,0,3.555031E-06,0,0,3
4,26.67579,0,0,0,3.555031E-06,0,0,3
4,26.68316,0,0,0,3.555031E-06,0,0,3
4,26.70169,0,0,0,3.555031E-06,0,0,3
4,26.70713,0,0,0,3.555031E-06,0,0,3
4,26.71247,0,0,0,3.555031E-06,0,0,3
4,26.71839,0,0,0,3.555031E-06,0,0,3
4,26.72402,0,0,0,3.555031E-06,0,0,3
4,26.72913,0,0,0,3.555031E-06,0,0,3
4,26.7347,0,0,0,3.555031E-06,0,0,3
4,26.74056,0,0,0,3.555031E-06,0,0,3
4,26.74644,0,0,0,3.555031E-06,0,0,3
4,26.7529,0,0,0,3.555031E-06,0,0,3
4,26.75815,0,0,0,3.555031E-06,0,0,3
4,26.76427,0,0,0,3.555031E-06,0,0,3
4,26.77075,0,0,0,3.555031E-06,0,0,3
4,26.77642,0,0,0,3.555031E-06,0,0,3
4,26.78354,0,0,0,3.555031E-06,0,0,3
4,26.79014,0,0,0,3.555031E-06,0,0,3
4,26.79732,0,0,0,3.555031E-06,0,0,3
4,26.80455,0,0,0,3.555031E-06,0,0,3
4,26.81128,0,0,0,3.555031E-06,0,0,3
4,26.81746,0,0,0,3.555031E-06,0,0,3
4,26.82367,0,0,0,3.555031E-06,0,0,3
4,26.83046,0,0,0,3.555031E-06,0,0,3
4,26.8368,0,0,0,3.555031E-06,0,0,3
4,26.86172,0,0,0,3.555031E-06,0,0,3
4,26.86903,0,0,0,3.555031E-06,0,0,3
4,26.87708,0,0,0,3.555031E-06,0,0,3
4,26.88391,0,0,0,3.555031E-06,0,0,3
4,26.89341,0,0,0,3.555031E-06,0,0,3
4,26.9038,0,0,0,3.555031E-06,0,0,3
4,26.91169,0,0,0,3.555031E-06,0,0,3
4,26.91898,0,0,0,3.555031E-06,0,0,3
4,26.92617,0,0,0,3.555031E-06,0,0,3
4,26.93367,0,0,0,3.555031E-06,0,0,3
4,26.94072,0,0,0,3.555031E-06,0,0,3
4,26.94661,0,0,0,3.555031E-06,0,0,3
4,26.95487,0,0,0,3.555031E-06,0,0,3
4,26.96147,0,0,0,3.555031E-06,0,0,3
4,26.96997,0,0,0,3.555031E-06,0,0,3
4,26.97715,0,0,0,3.555031E-06,0,0,3
4,26.98446,0,0,0,3.555031E-06,0,0,3
4,26.99253,0,0,0,3.555031E-06,0,0,3
4,27.01963,0,0,0,3.555031E-06,0,0,3
4,27.02734,0,0,0,3.555031E-06,0,0,3
4,27.03572,0,0,0,3.555031E-06,0,0,3
4,27.04286,0,0,0,3.555031E-06,0,0,3
4,27.05155,0,0,0,3.555031E-06,0,0,3
4,27.0592,0,0,0,3.555031E-06,0,0,3
4,27.06585,0,0,0,3.555031E-06,0,0,3
4,27.07425,0,0,0,3.555031E-06,0,0,3
4,27.08165,0,0,0,3.555031E-06,0,0,3
4,27.08897,0,0,0,3.555031E-06,0,0,3
4,27.09791,0,0,0,3.555031E-06,0,0,3
4,27.10506,0,0,0,3.555031E-06,0,0,3
4,27.11363,0,0,0,3.555031E-06,0,0,3
4,27.12297,0,0,0,3.555031E-06,0,0,3
4,27.13095,0,0,0,3.555031E-06,0,0,3
4,27.1391,0,0,0,3.555031E-06,0,0,3
4,27.14679,0,0,0,3.555031E-06,0,0,3
4,27.17398,0,0,0,3.555031E-06,0,0,3
4,27.18167,0,0,0,3.555031E-06,0,0,3
4,27.19034,0,0,0,3.555031E-06,0,0,3
4,27.19741,0,0,0,3.555031E-06,0,0,3
4,27.20649,0,0,0,3.555031E-06,0,0,3
4,27.21416,0,0,0,3.555031E-06,0,0,3
4,27.22281,0,0,0,3.555031E-06,0,0,3
4,27.23092,0,0,0,3.555031E-06,0,0,3
4,27.23973,0,0,0,3.555031E-06,0,0,3
4,27.24698,0,0,0,3.555031E-06,0,0,3
4,27.25367,0,0,0,3.555031E-06,0,0,3
4,27.26007,0,0,0,3.555031E-06,0,0,3
4,27.26651,0,0,0,3.555031E-06,0,0,3
4,27.27311,0,0,0,3.555031E-06,0,0,3
4,27.28013,0,0,0,3.555031E-06,0,0,3
4,27.28772,0,0,0,3.555031E-06,0,0,3
4,27.29603,0,0,0,3.555031E-06,0,0,3
4,27.30355,0,0,0,3.555031E-06,0,0,3
4,27.32695,0,0,0,3.555031E-06,0,0,3
4,27.33403,0,0,0,3.555031E-06,0,0,3
4,27.34005,0,0,0,3.555031E-06,0,0,3
4,27.3474,0,0,0,3.555031E-06,0,0,3
4,27.35466,0,0,0,3.555031E-06,0,0,3
4,27.36327,0,0,0,3.555031E-06,0,0,3
4,27.37045,0,0,0,3.555031E-06,0,0,3
4,27.3772,0,0,0,3.555031E-06,0,0,3
4,27.38311,0,0,0,3.555031E-06,0,0,3
4,27.38979,0,0,0,3.555031E-06,0,0,3
4,27.39715,0,0,0,3.555031E-06,0,0,3
4,27.40369,0,0,0,3.555031E-06,0,0,3
4,27.41062,0,0,0,3.555031E-06,0,0,3
4,27.41694,0,0,0,3.555031E-06,0,0,3
4,27.42354,0,0,0,3.555031E-06,0,0,3
4,27.43061,0,0,0,3.555031E-06,0,0,3
4,27.43732,0,0,0,3.555031E-06,0,0,3
4,27.44326,0,0,0,3.555031E-06,0,0,3
4,27.45127,0,0,0,3.555031E-06,0,0,3
4,27.45758,0,0,0,3.555031E-06,0,0,3
4,27.48218,0,0,0,3.555031E-06,0,0,3
4,27.48988,0,0,0,3.555031E-06,0,0,3
4,27.49722,0,0,0,3.555031E-06,0,0,3
4,27.50388,0,0,0,3.555031E-06,0,0,3
4,27.51176,0,0,0,3.555031E-06,0,0,3
4,27.51853,0,0,0,3.555031E-06,0,0,3
4,27.52523,0,0,0,3.555031E-06,0,0,3
4,27.53279,0,0,0,3.555031E-06,0,0,3
4,27.53998,0,0,0,3.555031E-06,0,0,3
4,27.54702,0,0,0,3.555031E-06,0,0,3
4,27.55346,0,0,0,3.555031E-06,0,0,3
4,27.56048,0,0,0,3.555031E-06,0,0,3
4,27.56707,0,0,0,3.555031E-06,0,0,3
4,27.57355,0,0,0,3.555031E-06,0,0,3
4,27.58068,0,0,0,3.555031E-06,0,0,3
4,27.58725,0,0,0,3.555031E-06,0,0,3
4,27.59527,0,0,0,3.555031E-06,0,0,3
4,27.60221,0,0,0,3.555031E-06,0,0,3
4,27.60971,0,0,0,3.555031E-06,0,0,3
4,27.63169,0,0,0,3.555031E-06,0,0,3
4,27.63872,0,0,0,3.555031E-06,0,0,3
4,27.64546,0,0,0,3.555031E-06,0,0,3
4,27.65284,0,0,0,3.555031E-06,0,0,3
4,27.65952,0,0,0,3.555031E-06,0,0,3
4,27.66537,0,0,0,3.555031E-06,0,0,3
4,27.67163,0,0,0,3.555031E-06,0,0,3
4,27.6771,0,0,0,3.555031E-06,0,0,3
4,27.68273,0,0,0,3.555031E-06,0,0,3
4,27.68953,0,0,0,3.555031E-06,0,0,3
4,27.69587,0,0,0,3.555031E-06,0,0,3
4,27.70216,0,0,0,3.555031E-06,0,0,3
4,27.70919,0,0,0,3.555031E-06,0,0,3
4,27.71555,0,0,0,3.555031E-06,0,0,3
4,27.7219,0,0,0,3.555031E-06,0,0,3
4,27.72788,0,0,0,3.555031E-06,0,0,3
4,27.73429,0,0,0,3.555031E-06,0,0,3
4,27.73992,0,0,0,3.555031E-06,0,0,3
4,27.74552,0,0,0,3.555031E-06,0,0,3
4,27.75162,0,0,0,3.555031E-06,0,0,3
4,27.75762,0,0,0,3.555031E-06,0,0,3
4,27.76388,0,0,0,3.555031E-06,0,0,3
4,27.78745,0,0,0,3.555031E-06,0,0,3
4,27.79354,0,0,0,3.555031E-06,0,0,3
4,27.79953,0,0,0,3.555031E-06,0,0,3
4,27.80673,0,0,0,3.555031E-06,0,0,3
4,27.81386,0,0,0,3.555031E-06,0,0,3
4,27.81959,0,0,0,3.555031E-06,0,0,3
4,27.82557,0,0,0,3.555031E-06,0,0,3
4,27.83256,0,0,0,3.555031E-06,0,0,3
4,27.83845,0,0,0,3.555031E-06,0,0,3
4,27.84544,0,0,0,3.555031E-06,0,0,3
4,27.85069,0,0,0,3.555031E-06,0,0,3
4,27.8553,0,0,0,3.555031E-06,0,0,3
4,27.86027,0,0,0,3.555031E-06,0,0,3
4,27.86646,0,0,0,3.555031E-06,0,0,3
4,27.87279,0,0,0,3.555031E-06,0,0,3
4,27.87906,0,0,0,3.555031E-06,0,0,3
4,27.88469,0,0,0,3.555031E-06,0,0,3
4,27.88952,0,0,0,3.555031E-06,0,0,3
4,27.89455,0,0,0,3.555031E-06,0,0,3
4,27.89994,0,0,0,3.555031E-06,0,0,3
4,27.90554,0,0,0,3.555031E-06,0,0,3
4,27.91301,0,0,0,3.555031E-06,0,0,3
4,27.91906,0,0,0,3.555031E-06,0,0,3
4,27.94078,0,0,0,3.555031E-06,0,0,3
4,27.94679,0,0,0,3.555031E-06,0,0,3
4,27.95305,0,0,0,3.555031E-06,0,0,3
4,27.95942,0,0,0,3.555031E-06,0,0,3
4,27.96647,0,0,0,3.555031E-06,0,0,3
4,27.97338,0,0,0,3.555031E-06,0,0,3
4,27.97967,0,0,0,3.555031E-06,0,0,3
4,27.98547,0,0,0,3.555031E-06,0,0,3
4,27.99262,0,0,0,3.555031E-06,0,0,3
4,28.00573,0,0,0,3.555031E-06,0,0,3
4,28.02779,0,0,0,3.555031E-06,0,0,3
4,28.03568,0,0,0,3.555031E-06,0,0,3
4,28.0416,0,0,0,3.555031E-06,0,0,3
4,28.0476,0,0,0,3.555031E-06,0,0,3
4,28.05371,0,0,0,3.555031E-06,0,0,3
4,28.06017,0,0,0,3.555031E-06,0,0,3
4,28.06693,0,0,0,3.555031E-06,0,0,3
4,28.07366,0,0,0,3.555031E-06,0,0,3
4,28.09725,0,0,0,3.555031E-06,0,0,3
4,28.10229,0,0,0,3.555031E-06,0,0,3
4,28.10899,0,0,0,3.555031E-06,0,0,3
4,28.11686,0,0,0,3.555031E-06,0,0,3
4,28.12315,0,0,0,3.555031E-06,0,0,3
4,28.12973,0,0,0,3.555031E-06,0,0,3
4,28.13556,0,0,0,3.555031E-06,0,0,3
4,28.14196,0,0,0,3.555031E-06,0,0,3
4,28.14802,0,0,0,3.555031E-06,0,0,3
4,28.15598,0,0,0,3.555031E-06,0,0,3
4,28.16363,0,0,0,3.555031E-06,0,0,3
4,28.17105,0,0,0,3.555031E-06,0,0,3
4,28.17701,0,0,0,3.555031E-06,0,0,3
4,28.18361,0,0,0,3.555031E-06,0,0,3
4,28.19098,0,0,0,3.555031E-06,0,0,3
4,28.19845,0,0,0,3.555031E-06,0,0,3
4,28.20512,0,0,0,3.555031E-06,0,0,3
4,28.21269,0,0,0,3.555031E-06,0,0,3
4,28.22142,0,0,0,3.555031E-06,0,0,3
4,28.22986,0,0,0,3.555031E-06,0,0,3
4,28.25299,0,0,0,3.555031E-06,0,0,3
4,28.26023,0,0,0,3.555031E-06,0,0,3
4,28.26788,0,0,0,3.555031E-06,0,0,3
4,28.27378,0,0,0,3.555031E-06,0,0,3
4,28.28214,0,0,0,3.555031E-06,0,0,3
4,28.28966,0,0,0,3.555031E-06,0,0,3
4,28.29765,0,0,0,3.555031E-06,0,0,3
4,28.30512,0,0,0,3.555031E-06,0,0,3
4,28.31276,0,0,0,3.555031E-06,0,0,3
4,28.32214,0,0,0,3.555031E-06,0,0,3
4,28.33106,0,0,0,3.555031E-06,0,0,3
4,28.33759,0,0,0,3.555031E-06,0,0,3
4,28.34914,0,0,0,3.555031E-06,0,0,3
4,28.35649,0,0,0,3.555031E-06,0,0,3
4,28.36396,0,0,0,3.555031E-06,0,0,3
4,28.37049,0,0,0,3.555031E-06,0,0,3
4,28.37781,0,0,0,3.555031E-06,0,0,3
4,28.38578,0,0,0,3.555031E-06,0,0,3
4,28.41191,0,0,0,3.555031E-06,0,0,3
4,28.42025,0,0,0,3.555031E-06,0,0,3
4,28.42691,0,0,0,3.555031E-06,0,0,3
4,28.43472,0,0,0,3.555031E-06,0,0,3
4,28.44226,0,0,0,3.555031E-06,0,0,3
4,28.44893,0,0,0,3.555031E-06,0,0,3
4,28.45598,0,0,0,3.555031E-06,0,0,3
4,28.46336,0,0,0,3.555031E-06,0,0,3
4,28.47445,0,0,0,3.555031E-06,0,0,3
4,28.481,0,0,0,3.555031E-06,0,0,3
4,28.48753,0,0,0,3.555031E-06,0,0,3
4,28.49385,0,0,0,3.555031E-06,0,0,3
4,28.50114,0,0,0,3.555031E-06,0,0,3
4,28.50815,0,0,0,3.555031E-06,0,0,3
4,28.51751,0,0,0,3.555031E-06,0,0,3
4,28.52471,0,0,0,3.555031E-06,0,0,3
4,28.5329,0,0,0,3.555031E-06,0,0,3
4,28.5401,0,0,0,3.555031E-06,0,0,3
4,28.56599,0,0,0,3.555031E-06,0,0,3
4,28.57365,0,0,0,3.555031E-06,0,0,3
4,28.58075,0,0,0,3.555031E-06,0,0,3
4,28.58753,0,0,0,3.555031E-06,0,0,3
4,28.59543,0,0,0,3.555031E-06,0,0,3
4,28.60192,0,0,0,3.555031E-06,0,0,3
4,28.60911,0,0,0,3.555031E-06,0,0,3
4,28.61686,0,0,0,3.555031E-06,0,0,3
4,28.6231,0,0,0,3.555031E-06,0,0,3
4,28.6303,0,0,0,3.555031E-06,0,0,3
4,28.63782,0,0,0,3.555031E-06,0,0,3
4,28.6443,0,0,0,3.555031E-06,0,0,3
4,28.65154,0,0,0,3.555031E-06,0,0,3
4,28.65913,0,0,0,3.555031E-06,0,0,3
4,28.66671,0,0,0,3.555031E-06,0,0,3
4,28.67477,0,0,0,3.555031E-06,0,0,3
4,28.68301,0,0,0,3.555031E-06,0,0,3
4,28.69146,0,0,0,3.555031E-06,0,0,3
4,28.71506,0,0,0,3.555031E-06,0,0,3
4,28.72351,0,0,0,3.555031E-06,0,0,3
4,28.73094,0,0,0,3.555031E-06,0,0,3
4,28.73832,0,0,0,3.555031E-06,0,0,3
4,28.74516,0,0,0,3.555031E-06,0,0,3
4,28.75297,0,0,0,3.555031E-06,0,0,3
4,28.7603,0,0,0,3.555031E-06,0,0,3
4,28.76777,0,0,0,3.555031E-06,0,0,3
4,28.77572,0,0,0,3.555031E-06,0,0,3
4,28.78269,0,0,0,3.555031E-06,0,0,3
4,28.79004,0,0,0,3.555031E-06,0,0,3
4,28.79877,0,0,0,3.555031E-06,0,0,3
4,28.80619,0,0,0,3.555031E-06,0,0,3
4,28.81379,0,0,0,3.555031E-06,0,0,3
4,28.82274,0,0,0,3.555031E-06,0,0,3
4,28.8318,0,0,0,3.555031E-06,0,0,3
4,28.83899,0,0,0,3.555031E-06,0,0,3
4,28.84629,0,0,0,3.555031E-06,0,0,3
4,28.87056,0,0,0,3.555031E-06,0,0,3
4,28.87769,0,0,0,3.555031E-06,0,0,3
4,28.88427,0,0,0,3.555031E-06,0,0,3
4,28.89203,0,0,0,3.555031E-06,0,0,3
4,28.89884,0,0,0,3.555031E-06,0,0,3
4,28.90627,0,0,0,3.555031E-06,0,0,3
4,28.91274,0,0,0,3.555031E-06,0,0,3
4,28.9195,0,0,0,3.555031E-06,0,0,3
4,28.92715,0,0,0,3.555031E-06,0,0,3
4,28.93495,0,0,0,3.555031E-06,0,0,3
4,28.94127,0,0,0,3.555031E-06,0,0,3
4,28.94737,0,0,0,3.555031E-06,0,0,3
4,28.9552,0,0,0,3.555031E-06,0,0,3
4,28.9618,0,0,0,3.555031E-06,0,0,3
4,28.96762,0,0,0,3.555031E-06,0,0,3
4,28.97487,0,0,0,3.555031E-06,0,0,3
4,28.98099,0,0,0,3.555031E-06,0,0,3
4,28.98687,0,0,0,3.555031E-06,0,0,3
4,28.99387,0,0,0,3.555031E-06,0,0,3
4,29.00067,0,0,0,3.555031E-06,0,0,3
4,29.02002,0,0,0,3.555031E-06,0,0,3
4,29.02639,0,0,0,3.555031E-06,0,0,3
4,29.03273,0,0,0,3.555031E-06,0,0,3
4,29.03946,0,0,0,3.555031E-06,0,0,3
4,29.04596,0,0,0,3.555031E-06,0,0,3
4,29.05245,0,0,0,3.555031E-06,0,0,3
4,29.05921,0,0,0,3.555031E-06,0,0,3
4,29.0658,0,0,0,3.555031E-06,0,0,3
4,29.07264,0,0,0,3.555031E-06,0,0,3
4,29.07975,0,0,0,3.555031E-06,0,0,3
4,29.08557,0,0,0,3.555031E-06,0,0,3
4,29.09241,0,0,0,3.555031E-06,0,0,3
4,29.09861,0,0,0,3.555031E-06,0,0,3
4,29.10452,0,0,0,3.555031E-06,0,0,3
4,29.11046,0,0,0,3.555031E-06,0,0,3
4,29.115,0,0,0,3.555031E-06,0,0,3
4,29.12011,0,0,0,3.555031E-06,0,0,3
4,29.12626,0,0,0,3.555031E-06,0,0,3
4,29.13246,0,0,0,3.555031E-06,0,0,3
4,29.13904,0,0,0,3.555031E-06,0,0,3
4,29.14609,0,0,0,3.555031E-06,0,0,3
4,29.15394,0,0,0,3.555031E-06,0,0,3
4,29.17365,0,0,0,3.555031E-06,0,0,3
4,29.17976,0,0,0,3.555031E-06,0,0,3
4,29.18592,0,0,0,3.555031E-06,0,0,3
4,29.19319,0,0,0,3.555031E-06,0,0,3
4,29.19902,0,0,0,3.555031E-06,0,0,3
4,29.20582,0,0,0,3.555031E-06,0,0,3
4,29.21274,0,0,0,3.555031E-06,0,0,3
4,29.21936,0,0,0,3.555031E-06,0,0,3
4,29.22554,0,0,0,3.555031E-06,0,0,3
4,29.23638,0,0,0,3.555031E-06,0,0,3
4,29.24395,0,0,0,3.555031E-06,0,0,3
4,29.25213,0,0,0,3.555031E-06,0,0,3
4,29.25933,0,0,0,3.555031E-06,0,0,3
4,29.26676,0,0,0,3.555031E-06,0,0,3
4,29.27421,0,0,0,3.555031E-06,0,0,3
4,29.28147,0,0,0,3.555031E-06,0,0,3
4,29.28909,0,0,0,3.555031E-06,0,0,3
4,29.29563,0,0,0,3.555031E-06,0,0,3
4,29.30221,0,0,0,3.555031E-06,0,0,3
4,29.30897,0,0,0,3.555031E-06,0,0,3
4,29.33084,0,0,0,3.555031E-06,0,0,3
4,29.33715,0,0,0,3.555031E-06,0,0,3
4,29.34299,0,0,0,3.555031E-06,0,0,3
4,29.34877,0,0,0,3.555031E-06,0,0,3
4,29.35384,0,0,0,3.555031E-06,0,0,3
4,29.36093,0,0,0,3.555031E-06,0,0,3
4,29.36598,0,0,0,3.555031E-06,0,0,3
4,29.3716,0,0,0,3.555031E-06,0,0,3
4,29.37733,0,0,0,3.555031E-06,0,0,3
4,29.38245,0,0,0,3.555031E-06,0,0,3
4,29.38759,0,0,0,3.555031E-06,0,0,3
4,29.39547,0,0,0,3.555031E-06,0,0,3
4,29.40309,0,0,0,3.555031E-06,0,0,3
4,29.4099,0,0,0,3.555031E-06,0,0,3
4,29.41659,0,0,0,3.555031E-06,0,0,3
4,29.42253,0,0,0,3.555031E-06,0,0,3
4,29.42926,0,0,0,3.555031E-06,0,0,3
4,29.43577,0,0,0,3.555031E-06,0,0,3
4,29.44073,0,0,0,3.555031E-06,0,0,3
4,29.44636,0,0,0,3.555031E-06,0,0,3
4,29.45292,0,0,0,3.555031E-06,0,0,3
4,29.45877,0,0,0,3.555031E-06,0,0,3
4,29.48298,0,0,0,3.555031E-06,0,0,3
4,29.49007,0,0,0,3.555031E-06,0,0,3
4,29.49595,0,0,0,3.555031E-06,0,0,3
4,29.50357,0,0,0,3.555031E-06,0,0,3
4,29.51003,0,0,0,3.555031E-06,0,0,3
4,29.51657,0,0,0,3.555031E-06,0,0,3
4,29.52312,0,0,0,3.555031E-06,0,0,3
4,29.53084,0,0,0,3.555031E-06,0,0,3
4,29.53879,0,0,0,3.555031E-06,0,0,3
4,29.54556,0,0,0,3.555031E-06,0,0,3
4,29.55299,0,0,0,3.555031E-06,0,0,3
4,29.5617,0,0,0,3.555031E-06,0,0,3
4,29.56899,0,0,0,3.555031E-06,0,0,3
4,29.57693,0,0,0,3.555031E-06,0,0,3
4,29.58348,0,0,0,3.555031E-06,0,0,3
4,29.59012,0,0,0,3.555031E-06,0,0,3
4,29.59716,0,0,0,3.555031E-06,0,0,3
4,29.6041,0,0,0,3.555031E-06,0,0,3
4,29.61245,0,0,0,3.555031E-06,0,0,3
4,29.63729,0,0,0,3.555031E-06,0,0,3
4,29.6438,0,0,0,3.555031E-06,0,0,3
4,29.65212,0,0,0,3.555031E-06,0,0,3
4,29.65973,0,0,0,3.555031E-06,0,0,3
4,29.66614,0,0,0,3.555031E-06,0,0,3
4,29.67349,0,0,0,3.555031E-06,0,0,3
4,29.67974,0,0,0,3.555031E-06,0,0,3
4,29.6866,0,0,0,3.555031E-06,0,0,3
4,29.69611,0,0,0,3.555031E-06,0,0,3
4,29.70476,0,0,0,3.555031E-06,0,0,3
4,29.71323,0,0,0,3.555031E-06,0,0,3
4,29.72026,0,0,0,3.555031E-06,0,0,3
4,29.72715,0,0,0,3.555031E-06,0,0,3
4,29.73606,0,0,0,3.555031E-06,0,0,3
4,29.74355,0,0,0,3.555031E-06,0,0,3
4,29.75159,0,0,0,3.555031E-06,0,0,3
4,29.75802,0,0,0,3.555031E-06,0,0,3
4,29.76587,0,0,0,3.555031E-06,0,0,3
4,29.7901,0,0,0,3.555031E-06,0,0,3
4,29.7986,0,0,0,3.555031E-06,0,0,3
4,29.80534,0,0,0,3.555031E-06,0,0,3
4,29.81397,0,0,0,3.555031E-06,0,0,3
4,29.82075,0,0,0,3.555031E-06,0,0,3
4,29.82839,0,0,0,3.555031E-06,0,0,3
4,29.83572,0,0,0,3.555031E-06,0,0,3
4,29.84334,0,0,0,3.555031E-06,0,0,3
4,29.85057,0,0,0,3.555031E-06,0,0,3
4,29.85892,0,0,0,3.555031E-06,0,0,3
4,29.86569,0,0,0,3.555031E-06,0,0,3
4,29.87256,0,0,0,3.555031E-06,0,0,3
4,29.87989,0,0,0,3.555031E-06,0,0,3
4,29.88631,0,0,0,3.555031E-06,0,0,3
4,29.89318,0,0,0,3.555031E-06,0,0,3
4,29.89978,0,0,0,3.555031E-06,0,0,3
4,29.90624,0,0,0,3.555031E-06,0,0,3
4,29.91321,0,0,0,3.555031E-06,0,0,3
4,29.92155,0,0,0,3.555031E-06,0,0,3
4,29.94404,0,0,0,3.555031E-06,0,0,3
4,29.95186,0,0,0,3.555031E-06,0,0,3
4,29.95916,0,0,0,3.555031E-06,0,0,3
4,29.96617,0,0,0,3.555031E-06,0,0,3
4,29.97383,0,0,0,3.555031E-06,0,0,3
4,29.98178,0,0,0,3.555031E-06,0,0,3
4,29.98924,0,0,0,3.555031E-06,0,0,3
4,29.99585,0,0,0,3.555031E-06,0,0,3
4,30.00288,0,0,0,3.555031E-06,0,0,3
4,30.01005,0,0,0,3.555031E-06,0,0,3
4,30.0176,0,0,0,3.555031E-06,0,0,3
4,30.02441,0,0,0,3.555031E-06,0,0,3
4,30.03254,0,0,0,3.555031E-06,0,0,3
4,30.0393,0,0,0,3.555031E-06,0,0,3
4,30.04612,0,0,0,3.555031E-06,0,0,3
4,30.05351,0,0,0,3.555031E-06,0,0,3
4,30.06224,0,0,0,3.555031E-06,0,0,3
4,30.06895,0,0,0,3.555031E-06,0,0,3
4,30.0771,0,0,0,3.555031E-06,0,0,3
4,30.10315,0,0,0,3.555031E-06,0,0,3
4,30.11063,0,0,0,3.555031E-06,0,0,3
4,30.11803,0,0,0,3.555031E-06,0,0,3
4,30.12584,0,0,0,3.555031E-06,0,0,3
4,30.13309,0,0,0,3.555031E-06,0,0,3
4,30.13971,0,0,0,3.555031E-06,0,0,3
4,30.14567,0,0,0,3.555031E-06,0,0,3
4,30.15197,0,0,0,3.555031E-06,0,0,3
4,30.15824,0,0,0,3.555031E-06,0,0,3
4,30.16474,0,0,0,3.555031E-06,0,0,3
4,30.17192,0,0,0,3.555031E-06,0,0,3
4,30.1787,0,0,0,3.555031E-06,0,0,3
4,30.18555,0,0,0,3.555031E-06,0,0,3
4,30.19308,0,0,0,3.555031E-06,0,0,3
4,30.19948,0,0,0,3.555031E-06,0,0,3
4,30.20617,0,0,0,3.555031E-06,0,0,3
4,30.2123,0,0,0,3.555031E-06,0,0,3
4,30.21981,0,0,0,3.555031E-06,0,0,3
4,30.22555,0,0,0,3.555031E-06,0,0,3
4,30.23275,0,0,0,3.555031E-06,0,0,3
4,30.25266,0,0,0,3.555031E-06,0,0,3
4,30.2591,0,0,0,3.555031E-06,0,0,3
4,30.2665,0,0,0,3.555031E-06,0,0,3
4,30.2738,0,0,0,3.555031E-06,0,0,3
4,30.28108,0,0,0,3.555031E-06,0,0,3
4,30.28785,0,0,0,3.555031E-06,0,0,3
4,30.29571,0,0,0,3.555031E-06,0,0,3
4,30.30225,0,0,0,3.555031E-06,0,0,3
4,30.309,0,0,0,3.555031E-06,0,0,3
4,30.31465,0,0,0,3.555031E-06,0,0,3
4,30.32022,0,0,0,3.555031E-06,0,0,3
4,30.32718,0,0,0,3.555031E-06,0,0,3
4,30.3342,0,0,0,3.555031E-06,0,0,3
4,30.33892,0,0,0,3.555031E-06,0,0,3
4,30.34405,0,0,0,3.555031E-06,0,0,3
4,30.35019,0,0,0,3.555031E-06,0,0,3
4,30.35675,0,0,0,3.555031E-06,0,0,3
4,30.36364,0,0,0,3.555031E-06,0,0,3
4,30.36989,0,0,0,3.555031E-06,0,0,3
4,30.37548,0,0,0,3.555031E-06,0,0,3
4,30.38153,0,0,0,3.555031E-06,0,0,3
4,30.38728,0,0,0,3.555031E-06,0,0,3
4,30.40749,0,0,0,3.555031E-06,0,0,3
4,30.41269,0,0,0,3.555031E-06,0,0,3
4,30.41876,0,0,0,3.555031E-06,0,0,3
4,30.42415,0,0,0,3.555031E-06,0,0,3
4,30.43061,0,0,0,3.555031E-06,0,0,3
4,30.43649,0,0,0,3.555031E-06,0,0,3
4,30.44233,0,0,0,3.555031E-06,0,0,3
4,30.44712,0,0,0,3.555031E-06,0,0,3
4,30.45241,0,0,0,3.555031E-06,0,0,3
4,30.45855,0,0,0,3.555031E-06,0,0,3
4,30.46397,0,0,0,3.555031E-06,0,0,3
4,30.47068,0,0,0,3.555031E-06,0,0,3
4,30.47665,0,0,0,3.555031E-06,0,0,3
4,30.48327,0,0,0,3.555031E-06,0,0,3
4,30.48954,0,0,0,3.555031E-06,0,0,3
4,30.49524,0,0,0,3.555031E-06,0,0,3
4,30.50142,0,0,0,3.555031E-06,0,0,3
4,30.50795,0,0,0,3.555031E-06,0,0,3
4,30.51514,0,0,0,3.555031E-06,0,0,3
4,30.52065,0,0,0,3.555031E-06,0,0,3
4,30.5254,0,0,0,3.555031E-06,0,0,3
4,30.53125,0,0,0,3.555031E-06,0,0,3
4,30.53734,0,0,0,3.555031E-06,0,0,3
4,30.56681,0,0,0,3.555031E-06,0,0,3
4,30.58606,0,0,0,3.555031E-06,0,0,3
4,30.59313,0,0,0,3.555031E-06,0,0,3
4,30.5983,0,0,0,3.555031E-06,0,0,3
4,30.60413,0,0,0,3.555031E-06,0,0,3
4,30.60986,0,0,0,3.555031E-06,0,0,3
4,30.616,0,0,0,3.555031E-06,0,0,3
4,30.62174,0,0,0,3.555031E-06,0,0,3
4,30.62738,0,0,0,3.555031E-06,0,0,3
4,30.63344,0,0,0,3.555031E-06,0,0,3
4,30.6391,0,0,0,3.555031E-06,0,0,3
4,30.64395,0,0,0,3.555031E-06,0,0,3
4,30.65075,0,0,0,3.555031E-06,0,0,3
4,30.65579,0,0,0,3.555031E-06,0,0,3
4,30.6615,0,0,0,3.555031E-06,0,0,3
4,30.66719,0,0,0,3.555031E-06,0,0,3
4,30.67471,0,0,0,3.555031E-06,0,0,3
4,30.68085,0,0,0,3.555031E-06,0,0,3
4,30.68757,0,0,0,3.555031E-06,0,0,3
4,30.70672,0,0,0,3.555031E-06,0,0,3
4,30.71578,0,0,0,3.555031E-06,0,0,3
4,30.72348,0,0,0,3.555031E-06,0,0,3
4,30.73041,0,0,0,3.555031E-06,0,0,3
4,30.7378,0,0,0,3.555031E-06,0,0,3
4,30.74401,0,0,0,3.555031E-06,0,0,3
4,30.75205,0,0,0,3.555031E-06,0,0,3
4,30.7592,0,0,0,3.555031E-06,0,0,3
4,30.76757,0,0,0,3.555031E-06,0,0,3
4,30.77447,0,0,0,3.555031E-06,0,0,3
4,30.78041,0,0,0,3.555031E-06,0,0,3
4,30.78793,0,0,0,3.555031E-06,0,0,3
4,30.79499,0,0,0,3.555031E-06,0,0,3
4,30.80165,0,0,0,3.555031E-06,0,0,3
4,30.80787,0,0,0,3.555031E-06,0,0,3
4,30.81546,0,0,0,3.555031E-06,0,0,3
4,30.82278,0,0,0,3.555031E-06,0,0,3
4,30.82989,0,0,0,3.555031E-06,0,0,3
4,30.83692,0,0,0,3.555031E-06,0,0,3
4,30.84366,0,0,0,3.555031E-06,0,0,3
4,30.87137,0,0,0,3.555031E-06,0,0,3
4,30.87912,0,0,0,3.555031E-06,0,0,3
4,30.88556,0,0,0,3.555031E-06,0,0,3
4,30.89232,0,0,0,3.555031E-06,0,0,3
4,30.89882,0,0,0,3.555031E-06,0,0,3
4,30.90633,0,0,0,3.555031E-06,0,0,3
4,30.91336,0,0,0,3.555031E-06,0,0,3
4,30.92081,0,0,0,3.555031E-06,0,0,3
4,30.92743,0,0,0,3.555031E-06,0,0,3
4,30.93493,0,0,0,3.555031E-06,0,0,3
4,30.94271,0,0,0,3.555031E-06,0,0,3
4,30.94973,0,0,0,3.555031E-06,0,0,3
4,30.95774,0,0,0,3.555031E-06,0,0,3
4,30.9663,0,0,0,3.555031E-06,0,0,3
4,30.97383,0,0,0,3.555031E-06,0,0,3
4,30.98133,0,0,0,3.555031E-06,0,0,3
4,30.98923,0,0,0,3.555031E-06,0,0,3
4,30.99671,0,0,0,3.555031E-06,0,0,3
4,31.02009,0,0,0,3.555031E-06,0,0,3
4,31.0266,0,0,0,3.555031E-06,0,0,3
4,31.03357,0,0,0,3.555031E-06,0,0,3
4,31.04052,0,0,0,3.555031E-06,0,0,3
4,31.04658,0,0,0,3.555031E-06,0,0,3
4,31.05468,0,0,0,3.555031E-06,0,0,3
4,31.06168,0,0,0,3.555031E-06,0,0,3
4,31.06971,0,0,0,3.555031E-06,0,0,3
4,31.07663,0,0,0,3.555031E-06,0,0,3
4,31.08364,0,0,0,3.555031E-06,0,0,3
4,31.09133,0,0,0,3.555031E-06,0,0,3
4,31.0978,0,0,0,3.555031E-06,0,0,3
4,31.10337,0,0,0,3.555031E-06,0,0,3
4,31.10969,0,0,0,3.555031E-06,0,0,3
4,31.1161,0,0,0,3.555031E-06,0,0,3
4,31.12259,0,0,0,3.555031E-06,0,0,3
4,31.12908,0,0,0,3.555031E-06,0,0,3
4,31.13585,0,0,0,3.555031E-06,0,0,3
4,31.1426,0,0,0,3.555031E-06,0,0,3
4,31.1502,0,0,0,3.555031E-06,0,0,3
4,31.17257,0,0,0,3.555031E-06,0,0,3
4,31.17974,0,0,0,3.555031E-06,0,0,3
4,31.18728,0,0,0,3.555031E-06,0,0,3
4,31.19416,0,0,0,3.555031E-06,0,0,3
4,31.20175,0,0,0,3.555031E-06,0,0,3
4,31.20932,0,0,0,3.555031E-06,0,0,3
4,31.21696,0,0,0,3.555031E-06,0,0,3
4,31.2247,0,0,0,3.555031E-06,0,0,3
4,31.23343,0,0,0,3.555031E-06,0,0,3
4,31.24047,0,0,0,3.555031E-06,0,0,3
4,31.24757,0,0,0,3.555031E-06,0,0,3
4,31.25556,0,0,0,3.555031E-06,0,0,3
4,31.26333,0,0,0,3.555031E-06,0,0,3
4,31.27165,0,0,0,3.555031E-06,0,0,3
4,31.27911,0,0,0,3.555031E-06,0,0,3
4,31.28587,0,0,0,3.555031E-06,0,0,3
4,31.29309,0,0,0,3.555031E-06,0,0,3
4,31.30059,0,0,0,3.555031E-06,0,0,3
4,31.32631,0,0,0,3.555031E-06,0,0,3
4,31.33395,0,0,0,3.555031E-06,0,0,3
4,31.34203,0,0,0,3.555031E-06,0,0,3
4,31.34949,0,0,0,3.555031E-06,0,0,3
4,31.3575,0,0,0,3.555031E-06,0,0,3
4,31.3643,0,0,0,3.555031E-06,0,0,3
4,31.3722,0,0,0,3.555031E-06,0,0,3
4,31.37894,0,0,0,3.555031E-06,0,0,3
4,31.38622,0,0,0,3.555031E-06,0,0,3
4,31.39414,0,0,0,3.555031E-06,0,0,3
4,31.40144,0,0,0,3.555031E-06,0,0,3
4,31.40776,0,0,0,3.555031E-06,0,0,3
4,31.4172,0,0,0,3.555031E-06,0,0,3
4,31.42322,0,0,0,3.555031E-06,0,0,3
4,31.43003,0,0,0,3.555031E-06,0,0,3
4,31.4373,0,0,0,3.555031E-06,0,0,3
4,31.44375,0,0,0,3.555031E-06,0,0,3
4,31.45156,0,0,0,3.555031E-06,0,0,3
4,31.47458,0,0,0,3.555031E-06,0,0,3
4,31.48008,0,0,0,3.555031E-06,0,0,3
4,31.48626,0,0,0,3.555031E-06,0,0,3
4,31.49183,0,0,0,3.555031E-06,0,0,3
4,31.4984,0,0,0,3.555031E-06,0,0,3
4,31.50428,0,0,0,3.555031E-06,0,0,3
4,31.51105,0,0,0,3.555031E-06,0,0,3
4,31.51715,0,0,0,3.555031E-06,0,0,3
4,31.52245,0,0,0,3.555031E-06,0,0,3
4,31.52777,0,0,0,3.555031E-06,0,0,3
4,31.53454,0,0,0,3.555031E-06,0,0,3
4,31.54033,0,0,0,3.555031E-06,0,0,3
4,31.54637,0,0,0,3.555031E-06,0,0,3
4,31.55353,0,0,0,3.555031E-06,0,0,3
4,31.55938,0,0,0,3.555031E-06,0,0,3
4,31.56536,0,0,0,3.555031E-06,0,0,3
4,31.57121,0,0,0,3.555031E-06,0,0,3
4,31.57783,0,0,0,3.555031E-06,0,0,3
4,31.58362,0,0,0,3.555031E-06,0,0,3
4,31.58995,0,0,0,3.555031E-06,0,0,3
4,31.59603,0,0,0,3.555031E-06,0,0,3
4,31.60095,0,0,0,3.555031E-06,0,0,3
4,31.62345,0,0,0,3.555031E-06,0,0,3
4,31.62941,0,0,0,3.555031E-06,0,0,3
4,31.63499,0,0,0,3.555031E-06,0,0,3
4,31.63971,0,0,0,3.555031E-06,0,0,3
4,31.64497,0,0,0,3.555031E-06,0,0,3
4,31.65155,0,0,0,3.555031E-06,0,0,3
4,31.65796,0,0,0,3.555031E-06,0,0,3
4,31.66398,0,0,0,3.555031E-06,0,0,3
4,31.67051,0,0,0,3.555031E-06,0,0,3
4,31.67703,0,0,0,3.555031E-06,0,0,3
4,31.6824,0,0,0,3.555031E-06,0,0,3
4,31.68915,0,0,0,3.555031E-06,0,0,3
4,31.69431,0,0,0,3.555031E-06,0,0,3
4,31.69969,0,0,0,3.555031E-06,0,0,3
4,31.70568,0,0,0,3.555031E-06,0,0,3
4,31.71087,0,0,0,3.555031E-06,0,0,3
4,31.71601,0,0,0,3.555031E-06,0,0,3
4,31.72128,0,0,0,3.555031E-06,0,0,3
4,31.72721,0,0,0,3.555031E-06,0,0,3
4,31.73483,0,0,0,3.555031E-06,0,0,3
4,31.7416,0,0,0,3.555031E-06,0,0,3
4,31.74947,0,0,0,3.555031E-06,0,0,3
4,31.75556,0,0,0,3.555031E-06,0,0,3
4,31.77565,0,0,0,3.555031E-06,0,0,3
4,31.7825,0,0,0,3.555031E-06,0,0,3
4,31.78965,0,0,0,3.555031E-06,0,0,3
4,31.79584,0,0,0,3.555031E-06,0,0,3
4,31.80158,0,0,0,3.555031E-06,0,0,3
4,31.80715,0,0,0,3.555031E-06,0,0,3
4,31.81432,0,0,0,3.555031E-06,0,0,3
4,31.82018,0,0,0,3.555031E-06,0,0,3
4,31.8261,0,0,0,3.555031E-06,0,0,3
4,31.83215,0,0,0,3.555031E-06,0,0,3
4,31.83724,0,0,0,3.555031E-06,0,0,3
4,31.84301,0,0,0,3.555031E-06,0,0,3
4,31.84782,0,0,0,3.555031E-06,0,0,3
4,31.85351,0,0,0,3.555031E-06,0,0,3
4,31.85868,0,0,0,3.555031E-06,0,0,3
4,31.86523,0,0,0,3.555031E-06,0,0,3
4,31.87143,0,0,0,3.555031E-06,0,0,3
4,31.87915,0,0,0,3.555031E-06,0,0,3
4,31.88475,0,0,0,3.555031E-06,0,0,3
4,31.89129,0,0,0,3.555031E-06,0,0,3
4,31.89803,0,0,0,3.555031E-06,0,0,3
4,31.90511,0,0,0,3.555031E-06,0,0,3
4,31.91139,0,0,0,3.555031E-06,0,0,3
4,31.9329,0,0,0,3.555031E-06,0,0,3
4,31.9404,0,0,0,3.555031E-06,0,0,3
4,31.94622,0,0,0,3.555031E-06,0,0,3
4,31.95163,0,0,0,3.555031E-06,0,0,3
4,31.9573,0,0,0,3.555031E-06,0,0,3
4,31.96363,0,0,0,3.555031E-06,0,0,3
4,31.97025,0,0,0,3.555031E-06,0,0,3
4,31.97566,0,0,0,3.555031E-06,0,0,3
4,31.98211,0,0,0,3.555031E-06,0,0,3
4,31.9896,0,0,0,3.555031E-06,0,0,3
4,31.99643,0,0,0,3.555031E-06,0,0,3
4,32.00378,0,0,0,3.555031E-06,0,0,3
4,32.01078,0,0,0,3.555031E-06,0,0,3
4,32.01759,0,0,0,3.555031E-06,0,0,3
4,32.02407,0,0,0,3.555031E-06,0,0,3
4,32.03202,0,0,0,3.555031E-06,0,0,3
4,32.03821,0,0,0,3.555031E-06,0,0,3
4,32.04502,0,0,0,3.555031E-06,0,0,3
4,32.0529,0,0,0,3.555031E-06,0,0,3
4,32.05922,0,0,0,3.555031E-06,0,0,3
4,32.06687,0,0,0,3.555031E-06,0,0,3
4,32.09105,0,0,0,3.555031E-06,0,0,3
4,32.09774,0,0,0,3.555031E-06,0,0,3
4,32.10396,0,0,0,3.555031E-06,0,0,3
4,32.11166,0,0,0,3.555031E-06,0,0,3
4,32.11894,0,0,0,3.555031E-06,0,0,3
4,32.12807,0,0,0,3.555031E-06,0,0,3
4,32.1346,0,0,0,3.555031E-06,0,0,3
4,32.14206,0,0,0,3.555031E-06,0,0,3
4,32.14924,0,0,0,3.555031E-06,0,0,3
4,32.1568,0,0,0,3.555031E-06,0,0,3
4,32.16394,0,0,0,3.555031E-06,0,0,3
4,32.17216,0,0,0,3.555031E-06,0,0,3
4,32.17884,0,0,0,3.555031E-06,0,0,3
4,32.18632,0,0,0,3.555031E-06,0,0,3
4,32.19395,0,0,0,3.555031E-06,0,0,3
4,32.20056,0,0,0,3.555031E-06,0,0,3
4,32.2073,0,0,0,3.555031E-06,0,0,3
4,32.21404,0,0,0,3.555031E-06,0,0,3
4,32.22244,0,0,0,3.555031E-06,0,0,3
4,32.24394,0,0,0,3.555031E-06,0,0,3
4,32.253,0,0,0,3.555031E-06,0,0,3
4,32.25972,0,0,0,3.555031E-06,0,0,3
4,32.26744,0,0,0,3.555031E-06,0,0,3
4,32.27436,0,0,0,3.555031E-06,0,0,3
4,32.28104,0,0,0,3.555031E-06,0,0,3
4,32.28764,0,0,0,3.555031E-06,0,0,3
4,32.29457,0,0,0,3.555031E-06,0,0,3
4,32.30075,0,0,0,3.555031E-06,0,0,3
4,32.30703,0,0,0,3.555031E-06,0,0,3
4,32.31549,0,0,0,3.555031E-06,0,0,3
4,32.32222,0,0,0,3.555031E-06,0,0,3
4,32.32947,0,0,0,3.555031E-06,0,0,3
4,32.33548,0,0,0,3.555031E-06,0,0,3
4,32.3419,0,0,0,3.555031E-06,0,0,3
4,32.34831,0,0,0,3.555031E-06,0,0,3
4,32.35451,0,0,0,3.555031E-06,0,0,3
4,32.36061,0,0,0,3.555031E-06,0,0,3
4,32.36654,0,0,0,3.555031E-06,0,0,3
4,32.37252,0,0,0,3.555031E-06,0,0,3
4,32.39623,0,0,0,3.555031E-06,0,0,3
4,32.40429,0,0,0,3.555031E-06,0,0,3
4,32.41137,0,0,0,3.555031E-06,0,0,3
4,32.41867,0,0,0,3.555031E-06,0,0,3
4,32.4272,0,0,0,3.555031E-06,0,0,3
4,32.43619,0,0,0,3.555031E-06,0,0,3
4,32.44282,0,0,0,3.555031E-06,0,0,3
4,32.44897,0,0,0,3.555031E-06,0,0,3
4,32.45596,0,0,0,3.555031E-06,0,0,3
4,32.4617,0,0,0,3.555031E-06,0,0,3
4,32.4693,0,0,0,3.555031E-06,0,0,3
4,32.47667,0,0,0,3.555031E-06,0,0,3
4,32.48526,0,0,0,3.555031E-06,0,0,3
4,32.49258,0,0,0,3.555031E-06,0,0,3
4,32.50035,0,0,0,3.555031E-06,0,0,3
4,32.50753,0,0,0,3.555031E-06,0,0,3
4,32.51461,0,0,0,3.555031E-06,0,0,3
4,32.52162,0,0,0,3.555031E-06,0,0,3
4,32.5294,0,0,0,3.555031E-06,0,0,3
4,32.55361,0,0,0,3.555031E-06,0,0,3
4,32.56163,0,0,0,3.555031E-06,0,0,3
4,32.56831,0,0,0,3.555031E-06,0,0,3
4,32.57573,0,0,0,3.555031E-06,0,0,3
4,32.58242,0,0,0,3.555031E-06,0,0,3
4,32.58883,0,0,0,3.555031E-06,0,0,3
4,32.59669,0,0,0,3.555031E-06,0,0,3
4,32.60312,0,0,0,3.555031E-06,0,0,3
4,32.61021,0,0,0,3.555031E-06,0,0,3
4,32.61676,0,0,0,3.555031E-06,0,0,3
4,32.62304,0,0,0,3.555031E-06,0,0,3
4,32.63016,0,0,0,3.555031E-06,0,0,3
4,32.63837,0,0,0,3.555031E-06,0,0,3
4,32.64521,0,0,0,3.555031E-06,0,0,3
4,32.65262,0,0,0,3.555031E-06,0,0,3
4,32.6615,0,0,0,3.555031E-06,0,0,3
4,32.66903,0,0,0,3.555031E-06,0,0,3
4,32.67579,0,0,0,3.555031E-06,0,0,3
4,32.68363,0,0,0,3.555031E-06,0,0,3
4,32.70684,0,0,0,3.555031E-06,0,0,3
4,32.71313,0,0,0,3.555031E-06,0,0,3
4,32.71977,0,0,0,3.555031E-06,0,0,3
4,32.72548,0,0,0,3.555031E-06,0,0,3
4,32.73236,0,0,0,3.555031E-06,0,0,3
4,32.73915,0,0,0,3.555031E-06,0,0,3
4,32.74443,0,0,0,3.555031E-06,0,0,3
4,32.75138,0,0,0,3.555031E-06,0,0,3
4,32.7577,0,0,0,3.555031E-06,0,0,3
4,32.7636,0,0,0,3.555031E-06,0,0,3
4,32.77119,0,0,0,3.555031E-06,0,0,3
4,32.7794,0,0,0,3.555031E-06,0,0,3
4,32.78653,0,0,0,3.555031E-06,0,0,3
4,32.79276,0,0,0,3.555031E-06,0,0,3
4,32.80015,0,0,0,3.555031E-06,0,0,3
4,32.80629,0,0,0,3.555031E-06,0,0,3
4,32.81382,0,0,0,3.555031E-06,0,0,3
4,32.8204,0,0,0,3.555031E-06,0,0,3
4,32.82625,0,0,0,3.555031E-06,0,0,3
4,32.83265,0,0,0,3.555031E-06,0,0,3
4,32.83836,0,0,0,3.555031E-06,0,0,3
4,32.85805,0,0,0,3.555031E-06,0,0,3
4,32.86488,0,0,0,3.555031E-06,0,0,3
4,32.87066,0,0,0,3.555031E-06,0,0,3
4,32.87931,0,0,0,3.555031E-06,0,0,3
4,32.88797,0,0,0,3.555031E-06,0,0,3
4,32.89596,0,0,0,3.555031E-06,0,0,3
4,32.90365,0,0,0,3.555031E-06,0,0,3
4,32.91072,0,0,0,3.555031E-06,0,0,3
4,32.91761,0,0,0,3.555031E-06,0,0,3
4,32.92322,0,0,0,3.555031E-06,0,0,3
4,32.92866,0,0,0,3.555031E-06,0,0,3
4,32.93431,0,0,0,3.555031E-06,0,0,3
4,32.94062,0,0,0,3.555031E-06,0,0,3
4,32.94607,0,0,0,3.555031E-06,0,0,3
4,32.95294,0,0,0,3.555031E-06,0,0,3
4,32.95833,0,0,0,3.555031E-06,0,0,3
4,32.96406,0,0,0,3.555031E-06,0,0,3
4,32.97151,0,0,0,3.555031E-06,0,0,3
4,32.97685,0,0,0,3.555031E-06,0,0,3
4,32.98445,0,0,0,3.555031E-06,0,0,3
4,32.99147,0,0,0,3.555031E-06,0,0,3
4,33.01709,0,0,0,3.555031E-06,0,0,3
4,33.02467,0,0,0,3.555031E-06,0,0,3
4,33.03163,0,0,0,3.555031E-06,0,0,3
4,33.03828,0,0,0,3.555031E-06,0,0,3
4,33.04439,0,0,0,3.555031E-06,0,0,3
4,33.05027,0,0,0,3.555031E-06,0,0,3
4,33.05875,0,0,0,3.555031E-06,0,0,3
4,33.06836,0,0,0,3.555031E-06,0,0,3
4,33.08841,0,0,0,3.555031E-06,0,0,3
4,33.09663,0,0,0,3.555031E-06,0,0,3
4,33.10226,0,0,0,3.555031E-06,0,0,3
4,33.10753,0,0,0,3.555031E-06,0,0,3
4,33.11319,0,0,0,3.555031E-06,0,0,3
4,33.11827,0,0,0,3.555031E-06,0,0,3
4,33.12526,0,0,0,3.555031E-06,0,0,3
4,33.13174,0,0,0,3.555031E-06,0,0,3
4,33.13779,0,0,0,3.555031E-06,0,0,3
4,33.14359,0,0,0,3.555031E-06,0,0,3
4,33.16743,0,0,0,3.555031E-06,0,0,3
4,33.1742,0,0,0,3.555031E-06,0,0,3
4,33.17987,0,0,0,3.555031E-06,0,0,3
4,33.18653,0,0,0,3.555031E-06,0,0,3
4,33.19263,0,0,0,3.555031E-06,0,0,3
4,33.1989,0,0,0,3.555031E-06,0,0,3
4,33.20455,0,0,0,3.555031E-06,0,0,3
4,33.21071,0,0,0,3.555031E-06,0,0,3
4,33.2156,0,0,0,3.555031E-06,0,0,3
4,33.22068,0,0,0,3.555031E-06,0,0,3
4,33.22551,0,0,0,3.555031E-06,0,0,3
4,33.2312,0,0,0,3.555031E-06,0,0,3
4,33.23653,0,0,0,3.555031E-06,0,0,3
4,33.24135,0,0,0,3.555031E-06,0,0,3
4,33.24752,0,0,0,3.555031E-06,0,0,3
4,33.25444,0,0,0,3.555031E-06,0,0,3
4,33.26108,0,0,0,3.555031E-06,0,0,3
4,33.26778,0,0,0,3.555031E-06,0,0,3
4,33.27504,0,0,0,3.555031E-06,0,0,3
4,33.28281,0,0,0,3.555031E-06,0,0,3
4,33.29071,0,0,0,3.555031E-06,0,0,3
4,33.29743,0,0,0,3.555031E-06,0,0,3
4,33.3218,0,0,0,3.555031E-06,0,0,3
4,33.32734,0,0,0,3.555031E-06,0,0,3
4,33.33371,0,0,0,3.555031E-06,0,0,3
4,33.34159,0,0,0,3.555031E-06,0,0,3
4,33.34896,0,0,0,3.555031E-06,0,0,3
4,33.35601,0,0,0,3.555031E-06,0,0,3
4,33.36357,0,0,0,3.555031E-06,0,0,3
4,33.37149,0,0,0,3.555031E-06,0,0,3
4,33.37841,0,0,0,3.555031E-06,0,0,3
4,33.38564,0,0,0,3.555031E-06,0,0,3
4,33.3932,0,0,0,3.555031E-06,0,0,3
4,33.39928,0,0,0,3.555031E-06,0,0,3
4,33.40661,0,0,0,3.555031E-06,0,0,3
4,33.41343,0,0,0,3.555031E-06,0,0,3
4,33.42009,0,0,0,3.555031E-06,0,0,3
4,33.42705,0,0,0,3.555031E-06,0,0,3
4,33.43425,0,0,0,3.555031E-06,0,0,3
4,33.44168,0,0,0,3.555031E-06,0,0,3
4,33.45101,0,0,0,3.555031E-06,0,0,3
4,33.47826,0,0,0,3.555031E-06,0,0,3
4,33.48646,0,0,0,3.555031E-06,0,0,3
4,33.49592,0,0,0,3.555031E-06,0,0,3
4,33.50535,0,0,0,3.555031E-06,0,0,3
4,33.51689,0,0,0,3.555031E-06,0,0,3
4,33.52446,0,0,0,3.555031E-06,0,0,3
4,33.53312,0,0,0,3.555031E-06,0,0,3
4,33.54021,0,0,0,3.555031E-06,0,0,3
4,33.54773,0,0,0,3.555031E-06,0,0,3
4,33.55605,0,0,0,3.555031E-06,0,0,3
4,33.56356,0,0,0,3.555031E-06,0,0,3
4,33.57131,0,0,0,3.555031E-06,0,0,3
4,33.57876,0,0,0,3.555031E-06,0,0,3
4,33.58511,0,0,0,3.555031E-06,0,0,3
4,33.59203,0,0,0,3.555031E-06,0,0,3
4,33.59924,0,0,0,3.555031E-06,0,0,3
4,33.62324,0,0,0,3.555031E-06,0,0,3
4,33.63105,0,0,0,3.555031E-06,0,0,3
4,33.63861,0,0,0,3.555031E-06,0,0,3
4,33.64539,0,0,0,3.555031E-06,0,0,3
4,33.65242,0,0,0,3.555031E-06,0,0,3
4,33.65974,0,0,0,3.555031E-06,0,0,3
4,33.6671,0,0,0,3.555031E-06,0,0,3
4,33.67479,0,0,0,3.555031E-06,0,0,3
4,33.68104,0,0,0,3.555031E-06,0,0,3
4,33.68777,0,0,0,3.555031E-06,0,0,3
4,33.69737,0,0,0,3.555031E-06,0,0,3
4,33.7047,0,0,0,3.555031E-06,0,0,3
4,33.71167,0,0,0,3.555031E-06,0,0,3
4,33.71829,0,0,0,3.555031E-06,0,0,3
4,33.72461,0,0,0,3.555031E-06,0,0,3
4,33.73191,0,0,0,3.555031E-06,0,0,3
4,33.73996,0,0,0,3.555031E-06,0,0,3
4,33.74678,0,0,0,3.555031E-06,0,0,3
4,33.75553,0,0,0,3.555031E-06,0,0,3
4,33.78048,0,0,0,3.555031E-06,0,0,3
4,33.78896,0,0,0,3.555031E-06,0,0,3
4,33.79908,0,0,0,3.555031E-06,0,0,3
4,33.80785,0,0,0,3.555031E-06,0,0,3
4,33.81557,0,0,0,3.555031E-06,0,0,3
4,33.82323,0,0,0,3.555031E-06,0,0,3
4,33.8317,0,0,0,3.555031E-06,0,0,3
4,33.83874,0,0,0,3.555031E-06,0,0,3
4,33.84629,0,0,0,3.555031E-06,0,0,3
4,33.85373,0,0,0,3.555031E-06,0,0,3
4,33.86198,0,0,0,3.555031E-06,0,0,3
4,33.86983,0,0,0,3.555031E-06,0,0,3
4,33.87732,0,0,0,3.555031E-06,0,0,3
4,33.8842,0,0,0,3.555031E-06,0,0,3
4,33.89276,0,0,0,3.555031E-06,0,0,3
4,33.90088,0,0,0,3.555031E-06,0,0,3
4,33.90808,0,0,0,3.555031E-06,0,0,3
4,33.93473,0,0,0,3.555031E-06,0,0,3
4,33.94313,0,0,0,3.555031E-06,0,0,3
4,33.95141,0,0,0,3.555031E-06,0,0,3
4,33.95845,0,0,0,3.555031E-06,0,0,3
4,33.96624,0,0,0,3.555031E-06,0,0,3
4,33.9743,0,0,0,3.555031E-06,0,0,3
4,33.9821,0,0,0,3.555031E-06,0,0,3
4,33.98897,0,0,0,3.555031E-06,0,0,3
4,33.9967,0,0,0,3.555031E-06,0,0,3
4,34.00318,0,0,0,3.555031E-06,0,0,3
4,34.01059,0,0,0,3.555031E-06,0,0,3
4,34.01764,0,0,0,3.555031E-06,0,0,3
4,34.02397,0,0,0,3.555031E-06,0,0,3
4,34.03147,0,0,0,3.555031E-06,0,0,3
4,34.0381,0,0,0,3.555031E-06,0,0,3
4,34.04432,0,0,0,3.555031E-06,0,0,3
4,34.05117,0,0,0,3.555031E-06,0,0,3
4,34.05765,0,0,0,3.555031E-06,0,0,3
4,34.06516,0,0,0,3.555031E-06,0,0,3
4,34.08976,0,0,0,3.555031E-06,0,0,3
4,34.09643,0,0,0,3.555031E-06,0,0,3
4,34.10287,0,0,0,3.555031E-06,0,0,3
4,34.11133,0,0,0,3.555031E-06,0,0,3
4,34.11712,0,0,0,3.555031E-06,0,0,3
4,34.12399,0,0,0,3.555031E-06,0,0,3
4,34.13003,0,0,0,3.555031E-06,0,0,3
4,34.13596,0,0,0,3.555031E-06,0,0,3
4,34.14205,0,0,0,3.555031E-06,0,0,3
4,34.148,0,0,0,3.555031E-06,0,0,3
4,34.15528,0,0,0,3.555031E-06,0,0,3
4,34.16146,0,0,0,3.555031E-06,0,0,3
4,34.16736,0,0,0,3.555031E-06,0,0,3
4,34.174,0,0,0,3.555031E-06,0,0,3
4,34.17956,0,0,0,3.555031E-06,0,0,3
4,34.18594,0,0,0,3.555031E-06,0,0,3
4,34.19292,0,0,0,3.555031E-06,0,0,3
4,34.1997,0,0,0,3.555031E-06,0,0,3
4,34.20578,0,0,0,3.555031E-06,0,0,3
4,34.21238,0,0,0,3.555031E-06,0,0,3
4,34.2187,0,0,0,3.555031E-06,0,0,3
4,34.23767,0,0,0,3.555031E-06,0,0,3
4,34.24423,0,0,0,3.555031E-06,0,0,3
4,34.25079,0,0,0,3.555031E-06,0,0,3
4,34.25713,0,0,0,3.555031E-06,0,0,3
4,34.26424,0,0,0,3.555031E-06,0,0,3
4,34.26982,0,0,0,3.555031E-06,0,0,3
4,34.27545,0,0,0,3.555031E-06,0,0,3
4,34.28229,0,0,0,3.555031E-06,0,0,3
4,34.28965,0,0,0,3.555031E-06,0,0,3
4,34.29594,0,0,0,3.555031E-06,0,0,3
4,34.30245,0,0,0,3.555031E-06,0,0,3
4,34.30923,0,0,0,3.555031E-06,0,0,3
4,34.31528,0,0,0,3.555031E-06,0,0,3
4,34.32067,0,0,0,3.555031E-06,0,0,3
4,34.32619,0,0,0,3.555031E-06,0,0,3
4,34.33288,0,0,0,3.555031E-06,0,0,3
4,34.33955,0,0,0,3.555031E-06,0,0,3
4,34.34582,0,0,0,3.555031E-06,0,0,3
4,34.35229,0,0,0,3.555031E-06,0,0,3
4,34.35823,0,0,0,3.555031E-06,0,0,3
4,34.3655,0,0,0,3.555031E-06,0,0,3
4,34.37289,0,0,0,3.555031E-06,0,0,3
4,34.39288,0,0,0,3.555031E-06,0,0,3
4,34.40006,0,0,0,3.555031E-06,0,0,3
4,34.40562,0,0,0,3.555031E-06,0,0,3
4,34.41171,0,0,0,3.555031E-06,0,0,3
4,34.41838,0,0,0,3.555031E-06,0,0,3
4,34.42411,0,0,0,3.555031E-06,0,0,3
4,34.42998,0,0,0,3.555031E-06,0,0,3
4,34.4366,0,0,0,3.555031E-06,0,0,3
4,34.4431,0,0,0,3.555031E-06,0,0,3
4,34.44942,0,0,0,3.555031E-06,0,0,3
4,34.4571,0,0,0,3.555031E-06,0,0,3
4,34.46335,0,0,0,3.555031E-06,0,0,3
4,34.47059,0,0,0,3.555031E-06,0,0,3
4,34.47653,0,0,0,3.555031E-06,0,0,3
4,34.48313,0,0,0,3.555031E-06,0,0,3
4,34.48921,0,0,0,3.555031E-06,0,0,3
4,34.49527,0,0,0,3.555031E-06,0,0,3
4,34.50226,0,0,0,3.555031E-06,0,0,3
4,34.50914,0,0,0,3.555031E-06,0,0,3
4,34.51633,0,0,0,3.555031E-06,0,0,3
4,34.52295,0,0,0,3.555031E-06,0,0,3
4,34.55119,0,0,0,3.555031E-06,0,0,3
4,34.55916,0,0,0,3.555031E-06,0,0,3
4,34.56554,0,0,0,3.555031E-06,0,0,3
4,34.57209,0,0,0,3.555031E-06,0,0,3
4,34.57901,0,0,0,3.555031E-06,0,0,3
4,34.58398,0,0,0,3.555031E-06,0,0,3
4,34.59031,0,0,0,3.555031E-06,0,0,3
4,34.59607,0,0,0,3.555031E-06,0,0,3
4,34.60243,0,0,0,3.555031E-06,0,0,3
4,34.60952,0,0,0,3.555031E-06,0,0,3
4,34.61588,0,0,0,3.555031E-06,0,0,3
4,34.62136,0,0,0,3.555031E-06,0,0,3
4,34.62879,0,0,0,3.555031E-06,0,0,3
4,34.63565,0,0,0,3.555031E-06,0,0,3
4,34.64212,0,0,0,3.555031E-06,0,0,3
4,34.64972,0,0,0,3.555031E-06,0,0,3
4,34.65779,0,0,0,3.555031E-06,0,0,3
4,34.66538,0,0,0,3.555031E-06,0,0,3
4,34.67291,0,0,0,3.555031E-06,0,0,3
4,34.68132,0,0,0,3.555031E-06,0,0,3
4,34.70578,0,0,0,3.555031E-06,0,0,3
4,34.71334,0,0,0,3.555031E-06,0,0,3
4,34.72155,0,0,0,3.555031E-06,0,0,3
4,34.72902,0,0,0,3.555031E-06,0,0,3
4,34.736,0,0,0,3.555031E-06,0,0,3
4,34.7425,0,0,0,3.555031E-06,0,0,3
4,34.751,0,0,0,3.555031E-06,0,0,3
4,34.75817,0,0,0,3.555031E-06,0,0,3
4,34.76525,0,0,0,3.555031E-06,0,0,3
4,34.77179,0,0,0,3.555031E-06,0,0,3
4,34.77961,0,0,0,3.555031E-06,0,0,3
4,34.78698,0,0,0,3.555031E-06,0,0,3
4,34.79439,0,0,0,3.555031E-06,0,0,3
4,34.80148,0,0,0,3.555031E-06,0,0,3
4,34.80816,0,0,0,3.555031E-06,0,0,3
4,34.81649,0,0,0,3.555031E-06,0,0,3
4,34.82384,0,0,0,3.555031E-06,0,0,3
4,34.83678,0,0,0,3.555031E-06,0,0,3
4,34.86411,0,0,0,3.555031E-06,0,0,3
4,34.87232,0,0,0,3.555031E-06,0,0,3
4,34.88063,0,0,0,3.555031E-06,0,0,3
4,34.88934,0,0,0,3.555031E-06,0,0,3
4,34.89681,0,0,0,3.555031E-06,0,0,3
4,34.90444,0,0,0,3.555031E-06,0,0,3
4,34.91342,0,0,0,3.555031E-06,0,0,3
4,34.92218,0,0,0,3.555031E-06,0,0,3
4,34.92991,0,0,0,3.555031E-06,0,0,3
4,34.93756,0,0,0,3.555031E-06,0,0,3
4,34.94517,0,0,0,3.555031E-06,0,0,3
4,34.9533,0,0,0,3.555031E-06,0,0,3
4,34.96051,0,0,0,3.555031E-06,0,0,3
4,34.96947,0,0,0,3.555031E-06,0,0,3
4,34.97711,0,0,0,3.555031E-06,0,0,3
4,34.9838,0,0,0,3.555031E-06,0,0,3
4,35.00717,0,0,0,3.555031E-06,0,0,3
4,35.01513,0,0,0,3.555031E-06,0,0,3
4,35.02148,0,0,0,3.555031E-06,0,0,3
4,35.02767,0,0,0,3.555031E-06,0,0,3
4,35.03479,0,0,0,3.555031E-06,0,0,3
4,35.04146,0,0,0,3.555031E-06,0,0,3
4,35.04743,0,0,0,3.555031E-06,0,0,3
4,35.05429,0,0,0,3.555031E-06,0,0,3
4,35.06182,0,0,0,3.555031E-06,0,0,3
4,35.06939,0,0,0,3.555031E-06,0,0,3
4,35.07585,0,0,0,3.555031E-06,0,0,3
4,35.08316,0,0,0,3.555031E-06,0,0,3
4,35.09066,0,0,0,3.555031E-06,0,0,3
4,35.09758,0,0,0,3.555031E-06,0,0,3
4,35.10464,0,0,0,3.555031E-06,0,0,3
4,35.11258,0,0,0,3.555031E-06,0,0,3
4,35.11911,0,0,0,3.555031E-06,0,0,3
4,35.12589,0,0,0,3.555031E-06,0,0,3
4,35.13331,0,0,0,3.555031E-06,0,0,3
4,35.14131,0,0,0,3.555031E-06,0,0,3
4,35.16631,0,0,0,3.555031E-06,0,0,3
4,35.17413,0,0,0,3.555031E-06,0,0,3
4,35.18087,0,0,0,3.555031E-06,0,0,3
4,35.18904,0,0,0,3.555031E-06,0,0,3
4,35.19599,0,0,0,3.555031E-06,0,0,3
4,35.20369,0,0,0,3.555031E-06,0,0,3
4,35.21163,0,0,0,3.555031E-06,0,0,3
4,35.21936,0,0,0,3.555031E-06,0,0,3
4,35.22606,0,0,0,3.555031E-06,0,0,3
4,35.2351,0,0,0,3.555031E-06,0,0,3
4,35.24227,0,0,0,3.555031E-06,0,0,3
4,35.24977,0,0,0,3.555031E-06,0,0,3
4,35.25895,0,0,0,3.555031E-06,0,0,3
4,35.26732,0,0,0,3.555031E-06,0,0,3
4,35.27473,0,0,0,3.555031E-06,0,0,3
4,35.28234,0,0,0,3.555031E-06,0,0,3
4,35.29052,0,0,0,3.555031E-06,0,0,3
4,35.29814,0,0,0,3.555031E-06,0,0,3
4,35.32299,0,0,0,3.555031E-06,0,0,3
4,35.33106,0,0,0,3.555031E-06,0,0,3
4,35.33796,0,0,0,3.555031E-06,0,0,3
4,35.34614,0,0,0,3.555031E-06,0,0,3
4,35.35322,0,0,0,3.555031E-06,0,0,3
4,35.35971,0,0,0,3.555031E-06,0,0,3
4,35.36675,0,0,0,3.555031E-06,0,0,3
4,35.37375,0,0,0,3.555031E-06,0,0,3
4,35.38111,0,0,0,3.555031E-06,0,0,3
4,35.38704,0,0,0,3.555031E-06,0,0,3
4,35.3944,0,0,0,3.555031E-06,0,0,3
4,35.40023,0,0,0,3.555031E-06,0,0,3
4,35.40735,0,0,0,3.555031E-06,0,0,3
4,35.41465,0,0,0,3.555031E-06,0,0,3
4,35.42171,0,0,0,3.555031E-06,0,0,3
4,35.42916,0,0,0,3.555031E-06,0,0,3
4,35.43471,0,0,0,3.555031E-06,0,0,3
4,35.44315,0,0,0,3.555031E-06,0,0,3
4,35.4493,0,0,0,3.555031E-06,0,0,3
4,35.47055,0,0,0,3.555031E-06,0,0,3
4,35.47564,0,0,0,3.555031E-06,0,0,3
4,35.48088,0,0,0,3.555031E-06,0,0,3
4,35.48817,0,0,0,3.555031E-06,0,0,3
4,35.49527,0,0,0,3.555031E-06,0,0,3
4,35.50209,0,0,0,3.555031E-06,0,0,3
4,35.51019,0,0,0,3.555031E-06,0,0,3
4,35.51661,0,0,0,3.555031E-06,0,0,3
4,35.52305,0,0,0,3.555031E-06,0,0,3
4,35.52941,0,0,0,3.555031E-06,0,0,3
4,35.53553,0,0,0,3.555031E-06,0,0,3
4,35.54244,0,0,0,3.555031E-06,0,0,3
4,35.551,0,0,0,3.555031E-06,0,0,3
4,35.55776,0,0,0,3.555031E-06,0,0,3
4,35.56488,0,0,0,3.555031E-06,0,0,3
4,35.57131,0,0,0,3.555031E-06,0,0,3
4,35.57815,0,0,0,3.555031E-06,0,0,3
4,35.58402,0,0,0,3.555031E-06,0,0,3
4,35.58999,0,0,0,3.555031E-06,0,0,3
4,35.59758,0,0,0,3.555031E-06,0,0,3
4,35.60367,0,0,0,3.555031E-06,0,0,3
4,35.62303,0,0,0,3.555031E-06,0,0,3
4,35.62874,0,0,0,3.555031E-06,0,0,3
4,35.6337,0,0,0,3.555031E-06,0,0,3
4,35.63912,0,0,0,3.555031E-06,0,0,3
4,35.64437,0,0,0,3.555031E-06,0,0,3
4,35.64935,0,0,0,3.555031E-06,0,0,3
4,35.65515,0,0,0,3.555031E-06,0,0,3
4,35.66117,0,0,0,3.555031E-06,0,0,3
4,35.66691,0,0,0,3.555031E-06,0,0,3
4,35.68045,0,0,0,3.555031E-06,0,0,3
4,35.69961,0,0,0,3.555031E-06,0,0,3
4,35.70729,0,0,0,3.555031E-06,0,0,3
4,35.71473,0,0,0,3.555031E-06,0,0,3
4,35.72118,0,0,0,3.555031E-06,0,0,3
4,35.72701,0,0,0,3.555031E-06,0,0,3
4,35.73297,0,0,0,3.555031E-06,0,0,3
4,35.73999,0,0,0,3.555031E-06,0,0,3
4,35.7463,0,0,0,3.555031E-06,0,0,3
4,35.75235,0,0,0,3.555031E-06,0,0,3
4,35.75824,0,0,0,3.555031E-06,0,0,3
4,35.77877,0,0,0,3.555031E-06,0,0,3
4,35.78463,0,0,0,3.555031E-06,0,0,3
4,35.7917,0,0,0,3.555031E-06,0,0,3
4,35.79976,0,0,0,3.555031E-06,0,0,3
4,35.80542,0,0,0,3.555031E-06,0,0,3
4,35.8119,0,0,0,3.555031E-06,0,0,3
4,35.81896,0,0,0,3.555031E-06,0,0,3
4,35.82537,0,0,0,3.555031E-06,0,0,3
4,35.83192,0,0,0,3.555031E-06,0,0,3
4,35.83711,0,0,0,3.555031E-06,0,0,3
4,35.84323,0,0,0,3.555031E-06,0,0,3
4,35.85065,0,0,0,3.555031E-06,0,0,3
4,35.85836,0,0,0,3.555031E-06,0,0,3
4,35.865,0,0,0,3.555031E-06,0,0,3
4,35.87207,0,0,0,3.555031E-06,0,0,3
4,35.87821,0,0,0,3.555031E-06,0,0,3
4,35.88486,0,0,0,3.555031E-06,0,0,3
4,35.8923,0,0,0,3.555031E-06,0,0,3
4,35.9,0,0,0,3.555031E-06,0,0,3
4,35.90558,0,0,0,3.555031E-06,0,0,3
4,35.91336,0,0,0,3.555031E-06,0,0,3
4,35.93868,0,0,0,3.555031E-06,0,0,3
4,35.94605,0,0,0,3.555031E-06,0,0,3
4,35.95386,0,0,0,3.555031E-06,0,0,3
4,35.96166,0,0,0,3.555031E-06,0,0,3
4,35.97078,0,0,0,3.555031E-06,0,0,3
4,35.97808,0,0,0,3.555031E-06,0,0,3
4,35.9859,0,0,0,3.555031E-06,0,0,3
4,35.99553,0,0,0,3.555031E-06,0,0,3
4,36.0022,0,0,0,3.555031E-06,0,0,3
4,36.00918,0,0,0,3.555031E-06,0,0,3
4,36.01696,0,0,0,3.555031E-06,0,0,3
4,36.02489,0,0,0,3.555031E-06,0,0,3
4,36.03401,0,0,0,3.555031E-06,0,0,3
4,36.04127,0,0,0,3.555031E-06,0,0,3
4,36.05005,0,0,0,3.555031E-06,0,0,3
4,36.05723,0,0,0,3.555031E-06,0,0,3
4,36.06446,0,0,0,3.555031E-06,0,0,3
4,36.0895,0,0,0,3.555031E-06,0,0,3
4,36.09815,0,0,0,3.555031E-06,0,0,3
4,36.10495,0,0,0,3.555031E-06,0,0,3
4,36.11217,0,0,0,3.555031E-06,0,0,3
4,36.11914,0,0,0,3.555031E-06,0,0,3
4,36.12581,0,0,0,3.555031E-06,0,0,3
4,36.13327,0,0,0,3.555031E-06,0,0,3
4,36.14192,0,0,0,3.555031E-06,0,0,3
4,36.14956,0,0,0,3.555031E-06,0,0,3
4,36.15722,0,0,0,3.555031E-06,0,0,3
4,36.16491,0,0,0,3.555031E-06,0,0,3
4,36.17311,0,0,0,3.555031E-06,0,0,3
4,36.18117,0,0,0,3.555031E-06,0,0,3
4,36.18958,0,0,0,3.555031E-06,0,0,3
4,36.19757,0,0,0,3.555031E-06,0,0,3
4,36.20547,0,0,0,3.555031E-06,0,0,3
4,36.21361,0,0,0,3.555031E-06,0,0,3
4,36.22237,0,0,0,3.555031E-06,0,0,3
4,36.2464,0,0,0,3.555031E-06,0,0,3
4,36.25511,0,0,0,3.555031E-06,0,0,3
5,36.27226,0,0,0,3.555031E-06,0,0,3
5,36.28625,0,0,0,3.555031E-06,0,0,3
5,36.29471,0,0,0,29.98165,-1.5,0,2.6
5,36.30359,0,0,0,29.98165,-1.5,0,2.6
5,36.3125,0,0,0,29.98165,-1.5,0,2.6
5,36.31951,0,0,0,29.98165,-1.5,0,2.6
5,36.32666,0,0,0,29.98165,-1.5,0,2.6
5,36.33431,0,0,0,29.98165,-1.5,0,2.6
5,36.34119,0,0,0,29.98165,-1.5,0,2.6
5,36.34903,0,0,0,29.98165,-1.5,0,2.6
5,36.35598,0,0,0,29.98165,-1.5,0,2.6
5,36.36316,0,0,0,29.98165,-1.5,0,2.6
5,36.37017,0,0,0,29.98165,-1.5,0,2.6
5,36.37934,0,0,0,29.98165,-1.5,0,2.6
5,36.4105,0,0,0,29.98165,-1.5,0,2.6
5,36.42243,0,0,0,29.98165,-1.5,0,2.6
5,36.43008,0,0,0,29.98165,-1.5,0,2.6
5,36.43861,0,0,0,29.98165,-1.5,0,2.6
5,36.44627,0,0,0,29.98165,-1.5,0,2.6
5,36.45504,0,0,0,29.98165,-1.5,0,2.6
5,36.46178,0,0,0,29.98165,-1.5,0,2.6
5,36.47125,0,0,0,29.98165,-1.5,0,2.6
5,36.48556,0,0,0,29.98165,-1.5,0,2.6
5,36.49532,0,0,0,29.98165,-1.5,0,2.6
5,36.50489,0,0,0,29.98165,-1.5,0,2.6
5,36.51791,0,0,0,29.98165,-1.5,0,2.6
5,36.52594,0,0,0,29.98165,-1.5,0,2.6
5,36.53564,0,0,0,29.98165,-1.5,0,2.6
5,36.56173,0,0,0,29.98165,-1.5,0,2.6
5,36.56978,0,0,0,29.98165,-1.5,0,2.6
5,36.5773,0,0,0,29.98165,-1.5,0,2.6
5,36.58429,0,0,0,29.98165,-1.5,0,2.6
5,36.59233,0,0,0,29.98165,-1.5,0,2.6
5,36.6008,0,0,0,29.98165,-1.5,0,2.6
5,36.60906,0,0,0,29.98165,-1.5,0,2.6
5,36.61731,0,0,0,29.98165,-1.5,0,2.6
5,36.62526,0,0,0,29.98165,-1.5,0,2.6
5,36.6326,0,0,0,29.98165,-1.5,0,2.6
5,36.64064,0,0,0,29.98165,-1.5,0,2.6
5,36.64698,0,0,0,29.98165,-1.5,0,2.6
5,36.65493,0,0,0,29.98165,-1.5,0,2.6
5,36.66082,0,0,0,29.98165,-1.5,0,2.6
5,36.66774,0,0,0,29.98165,-1.5,0,2.6
5,36.67549,0,0,0,29.98165,-1.5,0,2.6
5,36.68233,0,0,0,29.98165,-1.5,0,2.6
5,36.69162,0,0,0,29.98165,-1.5,0,2.6
5,36.7165,0,0,0,29.98165,-1.5,0,2.6
5,36.72537,0,0,0,29.98165,-1.5,0,2.6
5,36.73336,0,0,0,29.98165,-1.5,0,2.6
5,36.74104,0,0,0,29.98165,-1.5,0,2.6
5,36.7492,0,0,0,29.98165,-1.5,0,2.6
5,36.75545,0,0,0,29.98165,-1.5,0,2.6
5,36.76319,0,0,0,29.98165,-1.5,0,2.6
5,36.77127,0,0,0,29.98165,-1.5,0,2.6
5,36.77874,0,0,0,29.98165,-1.5,0,2.6
5,36.80838,0,0,0,29.98165,-1.5,0,2.6
5,36.81985,0,0,0,29.98165,-1.5,0,2.6
5,36.83394,0,0,0,29.98165,-1.5,0,2.6
5,36.84465,0,0,0,29.98165,-1.5,0,2.6
5,36.86493,0,0,0,29.98165,-1.5,0,2.6
5,36.87346,0,0,0,29.98165,-1.5,0,2.6
5,36.88416,0,0,0,29.98165,-1.5,0,2.6
5,36.89377,0,0,0,29.98165,-1.5,0,2.6
5,36.90185,0,0,0,29.98165,-1.5,0,2.6
5,36.91199,0,0,0,29.98165,-1.5,0,2.6
5,36.92463,0,0,0,29.98165,-1.5,0,2.6
5,36.93762,0,0,0,29.98165,-1.5,0,2.6
5,36.94464,0,0,0,29.98165,-1.5,0,2.6
5,36.95311,0,0,0,29.98165,-1.5,0,2.6
5,36.96007,0,0,0,29.98165,-1.5,0,2.6
5,36.96601,0,0,0,29.98165,-1.5,0,2.6
5,36.9728,0,0,0,29.98165,-1.5,0,2.6
5,36.97996,0,0,0,29.98165,-1.5,0,2.6
5,36.98697,0,0,0,29.98165,-1.5,0,2.6
5,36.9937,0,0,0,29.98165,-1.5,0,2.6
5,37.00109,0,0,0,29.98165,-1.5,0,2.6
5,37.02391,0,0,0,29.98165,-1.5,0,2.6
5,37.03173,0,0,0,29.98165,-1.5,0,2.6
5,37.03711,0,0,0,29.98165,-1.5,0,2.6
5,37.04375,0,0,0,29.98165,-1.5,0,2.6
5,37.05102,0,0,0,29.98165,-1.5,0,2.6
5,37.05768,0,0,0,29.98165,-1.5,0,2.6
5,37.06437,0,0,0,29.98165,-1.5,0,2.6
5,37.07178,0,0,0,29.98165,-1.5,0,2.6
5,37.07932,0,0,0,29.98165,-1.5,0,2.6
5,37.08462,0,0,0,29.98165,-1.5,0,2.6
5,37.09229,0,0,0,29.98165,-1.5,0,2.6
5,37.09919,0,0,0,29.98165,-1.5,0,2.6
5,37.10563,0,0,0,29.98165,-1.5,0,2.6
5,37.1119,0,0,0,29.98165,-1.5,0,2.6
5,37.11877,0,0,0,29.98165,-1.5,0,2.6
5,37.12463,0,0,0,29.98165,-1.5,0,2.6
5,37.1304,0,0,0,29.98165,-1.5,0,2.6
5,37.13623,0,0,0,29.98165,-1.5,0,2.6
5,37.14182,0,0,0,29.98165,-1.5,0,2.6
5,37.1473,0,0,0,29.98165,-1.5,0,2.6
5,37.15375,0,0,0,29.98165,-1.5,0,2.6
5,37.17191,0,0,0,29.98165,-1.5,0,2.6
5,37.17802,0,0,0,29.98165,-1.5,0,2.6
5,37.18561,0,0,0,29.98165,-1.5,0,2.6
5,37.193,0,0,0,29.98165,-1.5,0,2.6
5,37.20054,0,0,0,29.98165,-1.5,0,2.6
5,37.20618,0,0,0,29.98165,-1.5,0,2.6
5,37.21356,0,0,0,29.98165,-1.5,0,2.6
5,37.22,0,0,0,29.98165,-1.5,0,2.6
5,37.22917,0,0,0,29.98165,-1.5,0,2.6
5,37.23973,0,0,0,29.98165,-1.5,0,2.6
5,37.25309,0,0,0,29.98165,-1.5,0,2.6
5,37.25987,0,0,0,29.98165,-1.5,0,2.6
5,37.26702,0,0,0,29.98165,-1.5,0,2.6
5,37.27411,0,0,0,29.98165,-1.5,0,2.6
5,37.28151,0,0,0,29.98165,-1.5,0,2.6
5,37.29012,0,0,0,29.98165,-1.5,0,2.6
5,37.29894,0,0,0,29.98165,-1.5,0,2.6
5,37.30661,0,0,0,29.98165,-1.5,0,2.6
5,37.33996,0,0,0,29.98165,-1.5,0,2.6
5,37.35149,0,0,0,29.98165,-1.5,0,2.6
5,37.35916,0,0,0,29.98165,-1.5,0,2.6
5,37.36604,0,0,0,29.98165,-1.5,0,2.6
5,37.38224,0,0,0,29.98165,-1.5,0,2.6
5,37.39077,0,0,0,29.98165,-1.5,0,2.6
5,37.40908,0,0,0,29.98165,-1.5,0,2.6
5,37.4159,0,0,0,29.98165,-1.5,0,2.6
5,37.42321,0,0,0,29.98165,-1.5,0,2.6
5,37.43099,0,0,0,29.98165,-1.5,0,2.6
5,37.43879,0,0,0,29.98165,-1.5,0,2.6
5,37.44603,0,0,0,29.98165,-1.5,0,2.6
5,37.45426,0,0,0,29.98165,-1.5,0,2.6
5,37.46244,0,0,0,29.98165,-1.5,0,2.6
5,37.48826,0,0,0,29.98165,-1.5,0,2.6
5,37.49596,0,0,0,29.98165,-1.5,0,2.6
5,37.50393,0,0,0,29.98165,-1.5,0,2.6
5,37.51206,0,0,0,29.98165,-1.5,0,2.6
5,37.52011,0,0,0,29.98165,-1.5,0,2.6
5,37.52958,0,0,0,29.98165,-1.5,0,2.6
5,37.53743,0,0,0,29.98165,-1.5,0,2.6
5,37.54393,0,0,0,29.98165,-1.5,0,2.6
5,37.55106,0,0,0,29.98165,-1.5,0,2.6
5,37.55658,0,0,0,29.98165,-1.5,0,2.6
5,37.5635,0,0,0,29.98165,-1.5,0,2.6
5,37.56999,0,0,0,29.98165,-1.5,0,2.6
5,37.57645,0,0,0,29.98165,-1.5,0,2.6
5,37.5831,0,0,0,29.98165,-1.5,0,2.6
5,37.5907,0,0,0,29.98165,-1.5,0,2.6
5,37.59709,0,0,0,29.98165,-1.5,0,2.6
5,37.60283,0,0,0,29.98165,-1.5,0,2.6
5,37.6109,0,0,0,29.98165,-1.5,0,2.6
5,37.61718,0,0,0,29.98165,-1.5,0,2.6
5,37.65037,0,0,0,29.98165,-1.5,0,2.6
5,37.66029,0,0,0,29.98165,-1.5,0,2.6
5,37.66809,0,0,0,29.98165,-1.5,0,2.6
5,37.6776,0,0,0,29.98165,-1.5,0,2.6
5,37.68625,0,0,0,29.98165,-1.5,0,2.6
5,37.69526,0,0,0,29.98165,-1.5,0,2.6
5,37.70308,0,0,0,29.98165,-1.5,0,2.6
5,37.71341,0,0,0,29.98165,-1.5,0,2.6
5,37.72048,0,0,0,29.98165,-1.5,0,2.6
5,37.7278,0,0,0,29.98165,-1.5,0,2.6
5,37.73587,0,0,0,29.98165,-1.5,0,2.6
5,37.74322,0,0,0,29.98165,-1.5,0,2.6
5,37.75183,0,0,0,29.98165,-1.5,0,2.6
5,37.7601,0,0,0,29.98165,-1.5,0,2.6
5,37.76799,0,0,0,29.98165,-1.5,0,2.6
5,37.7956,0,0,0,29.98165,-1.5,0,2.6
5,37.80326,0,0,0,29.98165,-1.5,0,2.6
5,37.81105,0,0,0,29.98165,-1.5,0,2.6
5,37.81829,0,0,0,29.98165,-1.5,0,2.6
5,37.82544,0,0,0,29.98165,-1.5,0,2.6
5,37.83251,0,0,0,29.98165,-1.5,0,2.6
5,37.83963,0,0,0,29.98165,-1.5,0,2.6
5,37.84707,0,0,0,29.98165,-1.5,0,2.6
5,37.876,0,0,0,29.98165,-1.5,0,2.6
